# relative_time, cycles_done, cur_item, corpus_count, pending_total, pending_favs, map_size, saved_crashes, saved_hangs, max_depth, execs_per_sec, total_execs, edges_found, total_crashes, servers_count
61, 0, 0, 268, 268, 4, 26.56%, 0, 0, 2, 281.49, 17982, 555, 0, 0
66, 0, 0, 274, 274, 4, 26.56%, 0, 0, 2, 281.07, 19404, 555, 0, 0
71, 0, 0, 279, 279, 4, 26.56%, 0, 0, 2, 249.86, 20645, 555, 0, 0
76, 0, 0, 280, 280, 4, 26.56%, 0, 0, 2, 276.58, 22086, 555, 0, 0
81, 0, 0, 282, 282, 4, 26.56%, 0, 0, 2, 286.98, 23470, 555, 0, 0
86, 0, 0, 282, 282, 4, 26.56%, 0, 0, 2, 283.84, 24905, 555, 0, 0
91, 0, 0, 283, 283, 4, 26.56%, 0, 0, 2, 259.53, 26262, 555, 0, 0
96, 0, 0, 287, 287, 4, 26.56%, 0, 0, 2, 280.03, 27695, 555, 0, 0
101, 0, 0, 288, 288, 4, 26.56%, 0, 0, 2, 283.87, 29132, 555, 0, 0
107, 0, 0, 289, 289, 4, 26.56%, 0, 0, 2, 284.95, 30574, 555, 0, 0
112, 0, 0, 290, 290, 4, 26.56%, 0, 0, 2, 285.22, 32011, 555, 0, 0
117, 0, 0, 293, 293, 4, 26.56%, 0, 0, 2, 280.29, 33367, 555, 0, 0
122, 0, 0, 293, 293, 4, 26.56%, 0, 0, 2, 288.88, 34867, 555, 0, 0
127, 0, 0, 298, 298, 4, 26.56%, 0, 0, 2, 287.80, 36317, 555, 0, 0
132, 0, 0, 299, 299, 4, 26.56%, 0, 0, 2, 288.08, 37759, 555, 0, 0
137, 0, 0, 300, 300, 4, 26.56%, 0, 0, 2, 283.96, 39171, 555, 0, 0
142, 0, 0, 302, 302, 4, 26.56%, 0, 0, 2, 293.60, 40700, 555, 0, 0
147, 0, 0, 304, 304, 4, 26.56%, 0, 0, 2, 296.27, 42234, 555, 0, 0
153, 0, 0, 306, 306, 4, 26.65%, 0, 0, 2, 295.13, 43768, 557, 0, 0
158, 0, 0, 308, 308, 4, 26.65%, 0, 0, 2, 286.04, 45147, 557, 0, 0
163, 0, 0, 309, 309, 4, 26.65%, 0, 0, 2, 295.07, 46674, 557, 0, 0
168, 0, 0, 310, 310, 4, 26.65%, 0, 0, 2, 296.92, 48211, 557, 0, 0
173, 0, 0, 311, 311, 4, 26.65%, 0, 0, 2, 296.53, 49748, 557, 0, 0
178, 0, 0, 312, 312, 4, 26.65%, 0, 0, 2, 284.25, 51175, 557, 0, 0
183, 0, 0, 312, 312, 4, 26.65%, 0, 0, 2, 294.36, 52715, 557, 0, 0
189, 0, 0, 314, 314, 4, 26.65%, 0, 0, 2, 292.95, 54229, 557, 0, 0
194, 0, 313, 333, 331, 33, 26.65%, 0, 0, 3, 296.84, 55755, 557, 0, 0
199, 0, 313, 335, 333, 33, 26.65%, 0, 0, 3, 285.67, 57159, 557, 0, 0
204, 0, 313, 336, 334, 33, 26.65%, 0, 0, 3, 297.13, 58701, 557, 0, 0
209, 0, 313, 339, 337, 33, 26.65%, 0, 0, 3, 299.84, 60262, 557, 0, 0
214, 0, 313, 341, 339, 33, 26.65%, 0, 0, 3, 299.05, 61801, 557, 0, 0
219, 0, 313, 344, 342, 33, 26.70%, 0, 0, 3, 281.99, 63192, 558, 0, 0
225, 0, 313, 345, 343, 33, 26.70%, 0, 0, 3, 296.82, 64754, 558, 0, 0
230, 0, 313, 345, 343, 33, 26.70%, 0, 0, 3, 299.80, 66259, 558, 0, 0
235, 0, 313, 347, 345, 33, 26.70%, 0, 0, 3, 299.13, 67798, 558, 0, 0
240, 0, 313, 347, 345, 33, 26.70%, 0, 0, 3, 278.88, 69188, 558, 0, 0
245, 0, 313, 347, 345, 33, 26.70%, 0, 0, 3, 295.84, 70743, 558, 0, 0
250, 0, 313, 347, 345, 33, 26.70%, 0, 0, 3, 298.74, 72283, 558, 0, 0
255, 0, 313, 347, 345, 33, 26.70%, 0, 0, 3, 300.37, 73832, 558, 0, 0
260, 0, 313, 347, 345, 33, 26.70%, 0, 0, 3, 275.84, 75233, 558, 0, 0
265, 0, 313, 347, 345, 33, 26.70%, 0, 0, 3, 294.18, 76738, 558, 0, 0
270, 0, 313, 347, 345, 33, 26.70%, 0, 0, 3, 298.57, 78283, 558, 0, 0
276, 0, 313, 348, 346, 33, 26.70%, 0, 0, 3, 299.56, 79835, 558, 0, 0
281, 0, 313, 348, 346, 33, 26.70%, 0, 0, 3, 270.29, 81260, 558, 0, 0
286, 0, 313, 348, 346, 33, 26.70%, 0, 0, 3, 294.64, 82785, 558, 0, 0
291, 0, 313, 348, 346, 33, 26.70%, 0, 0, 3, 298.63, 84340, 558, 0, 0
296, 0, 313, 349, 347, 33, 26.70%, 0, 0, 3, 298.17, 85852, 558, 0, 0
301, 0, 313, 349, 347, 33, 26.70%, 0, 0, 3, 282.49, 87327, 558, 0, 0
306, 0, 313, 349, 347, 33, 26.70%, 0, 0, 3, 291.97, 88822, 558, 0, 0
311, 0, 313, 349, 347, 33, 26.70%, 0, 0, 3, 297.89, 90352, 558, 0, 0
317, 0, 313, 350, 348, 33, 26.70%, 0, 0, 3, 295.35, 91854, 558, 0, 0
322, 0, 313, 350, 348, 33, 26.70%, 0, 0, 3, 296.58, 93364, 558, 0, 0
327, 0, 313, 350, 348, 33, 26.70%, 0, 0, 3, 290.43, 94754, 558, 0, 0
332, 0, 313, 350, 348, 33, 26.70%, 0, 0, 3, 297.08, 96314, 558, 0, 0
337, 0, 313, 350, 348, 33, 26.70%, 0, 0, 3, 298.78, 97839, 558, 0, 0
342, 0, 313, 350, 348, 33, 26.70%, 0, 0, 3, 34.84, 99181, 558, 0, 0
347, 0, 313, 351, 349, 33, 26.70%, 0, 0, 3, 280.87, 100589, 558, 0, 0
352, 0, 313, 351, 349, 33, 26.70%, 0, 0, 3, 302.73, 102045, 558, 0, 0
357, 0, 313, 351, 349, 33, 26.70%, 0, 0, 3, 292.68, 103510, 558, 0, 0
363, 0, 313, 352, 350, 33, 26.70%, 0, 0, 3, 291.18, 104942, 558, 0, 0
368, 0, 313, 352, 350, 33, 26.70%, 0, 0, 3, 302.05, 106391, 558, 0, 0
373, 0, 74, 357, 352, 26, 26.70%, 0, 0, 3, 284.96, 107694, 558, 0, 0
378, 0, 74, 357, 352, 26, 26.70%, 0, 0, 3, 288.28, 109070, 558, 0, 0
383, 0, 351, 357, 349, 23, 26.70%, 0, 0, 3, 267.12, 110432, 558, 0, 0
388, 0, 176, 359, 342, 14, 26.70%, 0, 0, 4, 291.59, 111848, 558, 0, 0
393, 0, 359, 360, 333, 7, 26.70%, 0, 0, 4, 302.03, 113213, 558, 0, 0
398, 0, 359, 361, 325, 0, 26.70%, 0, 0, 5, 292.47, 114633, 558, 0, 0
403, 0, 5, 361, 317, 0, 26.70%, 0, 0, 5, 294.34, 116087, 558, 0, 0
409, 0, 126, 361, 311, 0, 26.70%, 0, 0, 5, 280.43, 117424, 558, 0, 0
414, 0, 305, 361, 306, 0, 26.70%, 0, 0, 5, 127.81, 118810, 558, 0, 0
419, 0, 343, 361, 301, 0, 26.70%, 0, 0, 5, 295.41, 120258, 558, 0, 0
424, 0, 12, 361, 300, 0, 26.70%, 0, 0, 5, 282.34, 121636, 558, 0, 0
429, 0, 285, 361, 294, 0, 26.70%, 0, 0, 5, 300.77, 123097, 558, 0, 0
434, 0, 349, 361, 286, 0, 26.70%, 0, 0, 5, 282.74, 124490, 558, 0, 0
439, 0, 311, 361, 280, 0, 26.70%, 0, 0, 5, 281.72, 125914, 558, 0, 0
445, 0, 343, 361, 273, 0, 26.70%, 0, 0, 5, 272.05, 127300, 558, 0, 0
450, 0, 172, 361, 270, 0, 26.70%, 0, 0, 5, 252.79, 128603, 558, 0, 0
455, 0, 304, 361, 264, 0, 26.70%, 0, 0, 5, 275.14, 129949, 558, 0, 0
460, 0, 157, 361, 259, 0, 26.70%, 0, 0, 5, 290.77, 131426, 558, 0, 0
465, 0, 214, 361, 257, 0, 26.70%, 0, 0, 5, 281.03, 132854, 558, 0, 0
470, 0, 348, 361, 253, 0, 26.70%, 0, 0, 5, 281.73, 134180, 558, 0, 0
475, 0, 130, 361, 246, 0, 26.70%, 0, 0, 5, 277.93, 135528, 558, 0, 0
480, 0, 173, 361, 238, 0, 26.70%, 0, 0, 5, 282.02, 136956, 558, 0, 0
485, 0, 40, 361, 233, 0, 26.70%, 0, 0, 5, 251.23, 138202, 558, 0, 0
490, 0, 154, 361, 228, 0, 26.70%, 0, 0, 5, 253.86, 139596, 558, 0, 0
495, 0, 210, 361, 221, 0, 26.70%, 0, 0, 5, 301.94, 141015, 558, 0, 0
500, 0, 173, 361, 214, 0, 26.70%, 0, 0, 5, 291.27, 142436, 558, 0, 0
506, 0, 127, 361, 211, 0, 26.70%, 0, 0, 5, 273.37, 143765, 558, 0, 0
511, 0, 359, 362, 207, 0, 26.70%, 0, 0, 5, 278.14, 145166, 558, 0, 0
516, 0, 133, 362, 204, 0, 26.70%, 0, 0, 5, 290.63, 146524, 558, 0, 0
521, 0, 305, 362, 200, 0, 26.70%, 0, 0, 5, 285.05, 147908, 558, 0, 0
526, 0, 192, 362, 195, 0, 26.70%, 0, 0, 5, 307.06, 149339, 558, 0, 0
531, 0, 359, 362, 194, 0, 26.70%, 0, 0, 5, 284.21, 150709, 558, 0, 0
536, 1, 290, 362, 186, 0, 26.70%, 0, 0, 5, 292.72, 152057, 558, 0, 0
541, 1, 179, 362, 178, 0, 26.70%, 0, 0, 5, 289.03, 153519, 558, 0, 0
547, 1, 341, 362, 171, 0, 26.70%, 0, 0, 5, 308.50, 154898, 558, 0, 0
552, 1, 99, 362, 165, 0, 26.70%, 0, 0, 5, 290.77, 156342, 558, 0, 0
557, 1, 115, 362, 158, 0, 26.70%, 0, 0, 5, 274.42, 157671, 558, 0, 0
562, 1, 102, 362, 149, 0, 26.70%, 0, 0, 5, 297.40, 159063, 558, 0, 0
567, 1, 336, 362, 143, 0, 26.70%, 0, 0, 5, 32.05, 160395, 558, 0, 0
572, 1, 313, 362, 134, 0, 26.70%, 0, 0, 5, 270.36, 161819, 558, 0, 0
577, 1, 191, 362, 129, 0, 26.70%, 0, 0, 5, 286.37, 163221, 558, 0, 0
583, 1, 173, 362, 123, 0, 26.70%, 0, 0, 5, 294.28, 164579, 558, 0, 0
588, 1, 40, 362, 119, 0, 26.70%, 0, 0, 5, 290.12, 166002, 558, 0, 0
593, 1, 328, 362, 112, 0, 26.70%, 0, 0, 5, 294.44, 167313, 558, 0, 0
598, 1, 150, 362, 105, 0, 26.70%, 0, 0, 5, 285.75, 168729, 558, 0, 0
603, 1, 328, 362, 102, 0, 26.70%, 0, 0, 5, 273.81, 170029, 558, 0, 0
608, 1, 305, 363, 101, 0, 26.70%, 0, 0, 5, 259.57, 171311, 558, 0, 0
613, 1, 135, 363, 95, 0, 26.70%, 0, 0, 5, 278.04, 172732, 558, 0, 0
619, 1, 162, 363, 91, 0, 26.70%, 0, 0, 5, 274.49, 174060, 558, 0, 0
624, 1, 176, 363, 88, 0, 26.70%, 0, 0, 5, 299.27, 175413, 558, 0, 0
629, 1, 344, 363, 86, 0, 26.70%, 0, 0, 5, 280.30, 176744, 558, 0, 0
634, 1, 101, 363, 83, 0, 26.70%, 0, 0, 5, 277.23, 178117, 558, 0, 0
639, 1, 252, 363, 80, 0, 26.70%, 0, 0, 5, 281.37, 179447, 558, 0, 0
644, 1, 154, 363, 76, 0, 26.70%, 0, 0, 5, 288.03, 180764, 558, 0, 0
649, 1, 171, 364, 71, 0, 26.70%, 0, 0, 5, 291.04, 182133, 558, 0, 0
654, 1, 173, 364, 67, 0, 26.70%, 0, 0, 5, 277.77, 183410, 558, 0, 0
659, 1, 159, 364, 63, 0, 26.70%, 0, 0, 5, 263.47, 184717, 558, 0, 0
664, 1, 109, 364, 63, 0, 26.70%, 0, 0, 5, 292.48, 186126, 558, 0, 0
669, 1, 323, 364, 61, 0, 26.70%, 0, 0, 5, 275.93, 187401, 558, 0, 0
675, 1, 130, 364, 58, 0, 26.70%, 0, 0, 5, 265.72, 188764, 558, 0, 0
680, 1, 179, 364, 55, 0, 26.70%, 0, 0, 5, 273.81, 190144, 558, 0, 0
685, 1, 50, 364, 52, 0, 26.70%, 0, 0, 5, 287.49, 191425, 558, 0, 0
690, 2, 172, 364, 51, 0, 26.70%, 0, 0, 5, 300.00, 192740, 558, 0, 0
695, 2, 359, 364, 49, 0, 26.70%, 0, 0, 5, 289.28, 194192, 558, 0, 0
700, 2, 130, 364, 48, 0, 26.70%, 0, 0, 5, 264.65, 195528, 558, 0, 0
705, 2, 225, 364, 45, 0, 26.70%, 0, 0, 5, 263.37, 196845, 558, 0, 0
710, 2, 176, 364, 44, 0, 26.70%, 0, 0, 5, 270.85, 198220, 558, 0, 0
715, 2, 283, 364, 43, 0, 26.70%, 0, 0, 5, 278.52, 199597, 558, 0, 0
721, 2, 42, 365, 41, 0, 26.70%, 0, 0, 5, 299.82, 200930, 558, 0, 0
726, 2, 27, 365, 39, 0, 26.70%, 0, 0, 5, 263.03, 202228, 558, 0, 0
731, 2, 77, 365, 39, 0, 26.70%, 0, 0, 5, 273.96, 203613, 558, 0, 0
736, 2, 33, 367, 40, 0, 26.70%, 0, 0, 5, 272.40, 204907, 558, 0, 0
741, 2, 221, 367, 38, 0, 26.70%, 0, 0, 5, 274.93, 206251, 558, 0, 0
746, 2, 351, 367, 36, 0, 26.70%, 0, 0, 5, 268.53, 207648, 558, 0, 0
751, 2, 192, 367, 35, 0, 26.70%, 0, 0, 5, 275.26, 209004, 558, 0, 0
756, 2, 317, 367, 32, 0, 26.70%, 0, 0, 5, 197.41, 210298, 558, 0, 0
761, 2, 363, 370, 32, 0, 26.70%, 0, 0, 5, 237.04, 211569, 558, 0, 0
767, 2, 363, 371, 33, 0, 26.70%, 0, 0, 5, 263.79, 212843, 558, 0, 0
772, 2, 316, 371, 32, 0, 26.70%, 0, 0, 5, 224.82, 214065, 558, 0, 0
777, 2, 367, 371, 32, 0, 26.70%, 0, 0, 5, 280.12, 215315, 558, 0, 0
782, 2, 192, 371, 31, 0, 26.70%, 0, 0, 5, 178.83, 216660, 558, 0, 0
787, 2, 17, 372, 32, 0, 26.70%, 0, 0, 5, 230.14, 217954, 558, 0, 0
792, 2, 53, 372, 29, 0, 26.70%, 0, 0, 5, 256.10, 219274, 558, 0, 0
797, 2, 371, 372, 27, 0, 26.70%, 0, 0, 5, 266.61, 220657, 558, 0, 0
802, 2, 371, 377, 32, 0, 26.70%, 0, 0, 5, 276.36, 222008, 558, 0, 0
808, 2, 371, 377, 32, 0, 26.70%, 0, 0, 5, 291.38, 223293, 558, 0, 0
813, 2, 305, 377, 31, 0, 26.70%, 0, 0, 5, 47.85, 224558, 558, 0, 0
818, 2, 365, 377, 30, 0, 26.70%, 0, 0, 5, 273.16, 225950, 558, 0, 0
823, 2, 15, 377, 29, 0, 26.70%, 0, 0, 5, 282.37, 227246, 558, 0, 0
828, 2, 192, 377, 28, 0, 26.70%, 0, 0, 5, 258.12, 228518, 558, 0, 0
833, 2, 200, 377, 28, 0, 26.70%, 0, 0, 5, 273.72, 229898, 558, 0, 0
838, 2, 328, 377, 27, 0, 26.70%, 0, 0, 5, 293.09, 231094, 558, 0, 0
843, 2, 49, 377, 26, 0, 26.70%, 0, 0, 5, 291.59, 232410, 558, 0, 0
849, 2, 375, 377, 26, 0, 26.70%, 0, 0, 5, 272.91, 233980, 558, 0, 0
854, 2, 53, 377, 25, 0, 26.70%, 0, 0, 5, 266.45, 235346, 558, 0, 0
861, 2, 376, 377, 24, 0, 26.70%, 0, 0, 5, 289.12, 237139, 558, 0, 0
867, 2, 261, 377, 23, 0, 26.70%, 0, 0, 5, 275.39, 238484, 558, 0, 0
872, 2, 329, 377, 23, 0, 26.70%, 0, 0, 5, 278.89, 239889, 558, 0, 0
877, 2, 85, 377, 23, 0, 26.70%, 0, 0, 5, 198.63, 241166, 558, 0, 0
882, 2, 256, 377, 23, 0, 26.70%, 0, 0, 5, 290.58, 242459, 558, 0, 0
887, 2, 364, 377, 23, 0, 26.70%, 0, 0, 5, 288.88, 243819, 558, 0, 0
892, 2, 329, 377, 22, 0, 26.70%, 0, 0, 5, 271.57, 245081, 558, 0, 0
897, 3, 222, 377, 22, 0, 26.70%, 0, 0, 5, 295.00, 246415, 558, 0, 0
902, 3, 180, 377, 22, 0, 26.70%, 0, 0, 5, 297.73, 247831, 558, 0, 0
907, 3, 359, 377, 20, 0, 26.70%, 0, 0, 5, 292.73, 249126, 558, 0, 0
912, 3, 192, 377, 20, 0, 26.70%, 0, 0, 5, 293.59, 250446, 558, 0, 0
917, 3, 159, 377, 20, 0, 26.70%, 0, 0, 5, 287.97, 251851, 558, 0, 0
922, 3, 302, 377, 20, 0, 26.70%, 0, 0, 5, 282.26, 253169, 558, 0, 0
928, 3, 370, 377, 18, 0, 26.70%, 0, 0, 5, 268.24, 254593, 558, 0, 0
933, 3, 328, 377, 16, 0, 26.70%, 0, 0, 5, 298.34, 255904, 558, 0, 0
938, 3, 374, 377, 16, 0, 26.70%, 0, 0, 5, 244.21, 257257, 558, 0, 0
943, 3, 319, 377, 15, 0, 26.70%, 0, 0, 5, 290.28, 258603, 558, 0, 0
949, 3, 359, 377, 15, 0, 26.70%, 0, 0, 5, 288.12, 259888, 558, 0, 0
954, 3, 141, 377, 15, 0, 26.70%, 0, 0, 5, 261.55, 261173, 558, 0, 0
959, 3, 373, 377, 15, 0, 26.70%, 0, 0, 5, 249.51, 262471, 558, 0, 0
964, 3, 200, 377, 14, 0, 26.70%, 0, 0, 5, 300.14, 263812, 558, 0, 0
969, 3, 305, 377, 12, 0, 26.70%, 0, 0, 5, 293.86, 265101, 558, 0, 0
974, 3, 225, 377, 12, 0, 26.70%, 0, 0, 5, 269.26, 266455, 558, 0, 0
979, 3, 129, 377, 12, 0, 26.70%, 0, 0, 5, 298.61, 267826, 558, 0, 0
984, 3, 126, 377, 12, 0, 26.70%, 0, 0, 5, 297.05, 269161, 558, 0, 0
989, 3, 126, 377, 11, 0, 26.70%, 0, 0, 5, 269.43, 270488, 558, 0, 0
994, 3, 126, 377, 11, 0, 26.70%, 0, 0, 5, 284.40, 271859, 558, 0, 0
999, 3, 352, 377, 11, 0, 26.70%, 0, 0, 5, 300.80, 273199, 558, 0, 0
1004, 3, 305, 377, 11, 0, 26.70%, 0, 0, 5, 268.57, 274459, 558, 0, 0
1009, 3, 369, 377, 11, 0, 26.70%, 0, 0, 5, 263.05, 275689, 558, 0, 0
1015, 3, 128, 377, 10, 0, 26.70%, 0, 0, 5, 289.02, 277090, 558, 0, 0
1020, 3, 176, 377, 10, 0, 26.70%, 0, 0, 5, 289.32, 278481, 558, 0, 0
1025, 3, 329, 377, 10, 0, 26.70%, 0, 0, 5, 280.82, 279826, 558, 0, 0
1030, 3, 192, 377, 10, 0, 26.70%, 0, 0, 5, 290.35, 281141, 558, 0, 0
1035, 3, 50, 377, 9, 0, 26.70%, 0, 0, 5, 275.52, 282504, 558, 0, 0
1041, 3, 50, 377, 9, 0, 26.70%, 0, 0, 5, 269.45, 283755, 558, 0, 0
1046, 3, 157, 377, 8, 0, 26.70%, 0, 0, 5, 274.57, 285101, 558, 0, 0
1051, 3, 328, 377, 8, 0, 26.70%, 0, 0, 5, 293.41, 286396, 558, 0, 0
1056, 3, 172, 377, 8, 0, 26.70%, 0, 0, 5, 284.10, 287746, 558, 0, 0
1061, 3, 248, 377, 8, 0, 26.70%, 0, 0, 5, 291.27, 289061, 558, 0, 0
1066, 4, 328, 377, 8, 0, 26.70%, 0, 0, 5, 293.72, 290361, 558, 0, 0
1071, 4, 199, 377, 8, 0, 26.70%, 0, 0, 5, 296.53, 291671, 558, 0, 0
1077, 4, 85, 377, 8, 0, 26.70%, 0, 0, 5, 298.14, 292951, 558, 0, 0
1082, 4, 192, 377, 7, 0, 26.70%, 0, 0, 5, 257.05, 294228, 558, 0, 0
1087, 4, 113, 377, 7, 0, 26.70%, 0, 0, 5, 266.91, 295574, 558, 0, 0
1092, 4, 280, 377, 7, 0, 26.70%, 0, 0, 5, 267.06, 296839, 558, 0, 0
1097, 4, 106, 377, 7, 0, 26.70%, 0, 0, 5, 42.02, 298109, 558, 0, 0
1102, 4, 157, 377, 7, 0, 26.70%, 0, 0, 5, 47.01, 299444, 558, 0, 0
1107, 4, 331, 377, 7, 0, 26.70%, 0, 0, 5, 38.76, 300774, 558, 0, 0
1113, 4, 329, 377, 7, 0, 26.70%, 0, 0, 5, 278.52, 302219, 558, 0, 0
1118, 4, 126, 377, 7, 0, 26.70%, 0, 0, 5, 295.63, 303549, 558, 0, 0
1123, 4, 227, 377, 6, 0, 26.70%, 0, 0, 5, 299.91, 304896, 558, 0, 0
1128, 4, 359, 377, 6, 0, 26.70%, 0, 0, 5, 284.87, 306281, 558, 0, 0
1133, 4, 359, 377, 6, 0, 26.70%, 0, 0, 5, 293.90, 307561, 558, 0, 0
1138, 4, 264, 377, 6, 0, 26.70%, 0, 0, 5, 56.98, 308864, 558, 0, 0
1143, 4, 225, 377, 4, 0, 26.70%, 0, 0, 5, 254.67, 310145, 558, 0, 0
1148, 4, 305, 377, 4, 0, 26.70%, 0, 0, 5, 30.67, 311450, 558, 0, 0
1153, 4, 126, 377, 3, 0, 26.70%, 0, 0, 5, 293.73, 312864, 558, 0, 0
1159, 4, 133, 377, 3, 0, 26.70%, 0, 0, 5, 291.34, 314194, 558, 0, 0
1164, 4, 358, 377, 3, 0, 26.70%, 0, 0, 5, 293.27, 315499, 558, 0, 0
1169, 4, 241, 377, 3, 0, 26.70%, 0, 0, 5, 273.15, 316779, 558, 0, 0
1174, 4, 312, 377, 3, 0, 26.70%, 0, 0, 5, 291.90, 318084, 558, 0, 0
1179, 4, 310, 377, 2, 0, 26.70%, 0, 0, 5, 282.35, 319390, 558, 0, 0
1184, 4, 85, 377, 2, 0, 26.70%, 0, 0, 5, 284.73, 320710, 558, 0, 0
1189, 4, 157, 377, 2, 0, 26.70%, 0, 0, 5, 251.74, 322005, 558, 0, 0
1194, 4, 192, 377, 2, 0, 26.70%, 0, 0, 5, 285.72, 323345, 558, 0, 0
1200, 4, 36, 377, 2, 0, 26.70%, 0, 0, 5, 284.04, 324660, 558, 0, 0
1205, 4, 342, 377, 2, 0, 26.70%, 0, 0, 5, 299.62, 325961, 558, 0, 0
1210, 4, 313, 377, 2, 0, 26.70%, 0, 0, 5, 299.17, 327270, 558, 0, 0
1215, 4, 133, 377, 2, 0, 26.70%, 0, 0, 5, 285.75, 328545, 558, 0, 0
1220, 5, 62, 377, 2, 0, 26.70%, 0, 0, 5, 280.77, 329885, 558, 0, 0
1225, 5, 359, 377, 2, 0, 26.70%, 0, 0, 5, 297.49, 331200, 558, 0, 0
1230, 5, 339, 377, 2, 0, 26.70%, 0, 0, 5, 290.86, 332485, 558, 0, 0
1235, 5, 192, 377, 2, 0, 26.70%, 0, 0, 5, 272.21, 333760, 558, 0, 0
1240, 5, 50, 377, 2, 0, 26.70%, 0, 0, 5, 294.50, 335010, 558, 0, 0
1245, 5, 304, 377, 2, 0, 26.70%, 0, 0, 5, 281.95, 336295, 558, 0, 0
1250, 5, 181, 377, 2, 0, 26.70%, 0, 0, 5, 301.23, 337608, 558, 0, 0
1256, 5, 215, 377, 2, 0, 26.70%, 0, 0, 5, 276.61, 338925, 558, 0, 0
1261, 5, 375, 377, 2, 0, 26.70%, 0, 0, 5, 288.46, 340220, 558, 0, 0
1266, 5, 305, 377, 2, 0, 26.70%, 0, 0, 5, 274.17, 341515, 558, 0, 0
1271, 5, 225, 377, 2, 0, 26.70%, 0, 0, 5, 297.48, 342926, 558, 0, 0
1276, 5, 167, 377, 2, 0, 26.70%, 0, 0, 5, 277.52, 344196, 558, 0, 0
1281, 5, 50, 377, 2, 0, 26.70%, 0, 0, 5, 294.89, 345556, 558, 0, 0
1286, 5, 133, 377, 2, 0, 26.70%, 0, 0, 5, 282.24, 346841, 558, 0, 0
1291, 5, 5, 377, 2, 0, 26.70%, 0, 0, 5, 281.23, 348187, 558, 0, 0
1297, 5, 213, 377, 2, 0, 26.70%, 0, 0, 5, 285.06, 349517, 558, 0, 0
1302, 5, 85, 377, 2, 0, 26.70%, 0, 0, 5, 276.24, 350792, 558, 0, 0
1307, 5, 238, 377, 2, 0, 26.70%, 0, 0, 5, 282.44, 352087, 558, 0, 0
1312, 5, 294, 377, 2, 0, 26.70%, 0, 0, 5, 295.61, 353322, 558, 0, 0
1317, 5, 235, 377, 2, 0, 26.70%, 0, 0, 5, 102.70, 354632, 558, 0, 0
1322, 5, 38, 377, 2, 0, 26.70%, 0, 0, 5, 227.36, 355953, 558, 0, 0
1327, 5, 351, 377, 2, 0, 26.70%, 0, 0, 5, 289.94, 357257, 558, 0, 0
1332, 5, 89, 377, 2, 0, 26.70%, 0, 0, 5, 289.86, 358577, 558, 0, 0
1337, 5, 255, 377, 2, 0, 26.70%, 0, 0, 5, 283.51, 359902, 558, 0, 0
1343, 5, 136, 377, 2, 0, 26.70%, 0, 0, 5, 299.65, 361242, 558, 0, 0
1348, 5, 153, 377, 1, 0, 26.70%, 0, 0, 5, 195.41, 362534, 558, 0, 0
1353, 5, 179, 377, 0, 0, 26.70%, 0, 0, 5, 243.54, 363843, 558, 0, 0
1358, 5, 313, 377, 0, 0, 26.70%, 0, 0, 5, 301.36, 365211, 558, 0, 0
1363, 5, 141, 377, 0, 0, 26.70%, 0, 0, 5, 280.45, 366537, 558, 0, 0
1368, 5, 176, 377, 0, 0, 26.70%, 0, 0, 5, 283.79, 367827, 558, 0, 0
1373, 6, 203, 377, 0, 0, 26.70%, 0, 0, 5, 290.56, 369167, 558, 0, 0
1378, 6, 225, 377, 0, 0, 26.70%, 0, 0, 5, 290.22, 370492, 558, 0, 0
1383, 6, 157, 377, 0, 0, 26.70%, 0, 0, 5, 267.52, 371777, 558, 0, 0
1389, 6, 47, 377, 0, 0, 26.70%, 0, 0, 5, 298.25, 373087, 558, 0, 0
1394, 6, 173, 377, 0, 0, 26.70%, 0, 0, 5, 288.78, 374351, 558, 0, 0
1399, 6, 359, 377, 0, 0, 26.70%, 0, 0, 5, 297.66, 375632, 558, 0, 0
1404, 6, 166, 377, 0, 0, 26.70%, 0, 0, 5, 290.34, 376917, 558, 0, 0
1409, 6, 248, 377, 0, 0, 26.70%, 0, 0, 5, 304.01, 378238, 558, 0, 0
1414, 6, 61, 377, 0, 0, 26.70%, 0, 0, 5, 273.65, 379537, 558, 0, 0
1419, 6, 173, 377, 0, 0, 26.70%, 0, 0, 5, 255.83, 380832, 558, 0, 0
1424, 6, 110, 377, 0, 0, 26.70%, 0, 0, 5, 295.34, 382142, 558, 0, 0
1429, 6, 329, 377, 0, 0, 26.70%, 0, 0, 5, 301.86, 383408, 558, 0, 0
1435, 6, 261, 377, 0, 0, 26.70%, 0, 0, 5, 276.73, 384727, 558, 0, 0
1440, 6, 328, 377, 0, 0, 26.70%, 0, 0, 5, 277.38, 386012, 558, 0, 0
1445, 6, 50, 377, 0, 0, 26.70%, 0, 0, 5, 300.70, 387308, 558, 0, 0
1450, 6, 2, 377, 0, 0, 26.70%, 0, 0, 5, 253.02, 388622, 558, 0, 0
1455, 6, 176, 377, 0, 0, 26.70%, 0, 0, 5, 141.58, 389960, 558, 0, 0
1460, 6, 60, 377, 0, 0, 26.70%, 0, 0, 5, 303.91, 391250, 558, 0, 0
1465, 6, 359, 377, 0, 0, 26.70%, 0, 0, 5, 139.63, 392570, 558, 0, 0
1470, 6, 225, 377, 0, 0, 26.70%, 0, 0, 5, 237.23, 393854, 558, 0, 0
1475, 6, 48, 377, 0, 0, 26.70%, 0, 0, 5, 128.17, 395076, 558, 0, 0
1480, 6, 305, 377, 0, 0, 26.70%, 0, 0, 5, 227.96, 396374, 558, 0, 0
1485, 6, 179, 377, 0, 0, 26.70%, 0, 0, 5, 283.81, 397692, 558, 0, 0
1490, 6, 133, 377, 0, 0, 26.70%, 0, 0, 5, 42.19, 398877, 558, 0, 0
1496, 6, 157, 377, 0, 0, 26.70%, 0, 0, 5, 300.00, 400167, 558, 0, 0
1501, 6, 372, 377, 0, 0, 26.70%, 0, 0, 5, 293.53, 401460, 558, 0, 0
1506, 6, 85, 377, 0, 0, 26.70%, 0, 0, 5, 271.84, 402767, 558, 0, 0
1511, 6, 119, 377, 0, 0, 26.70%, 0, 0, 5, 251.28, 404046, 558, 0, 0
1516, 6, 233, 377, 0, 0, 26.70%, 0, 0, 5, 57.77, 405318, 558, 0, 0
1521, 6, 176, 377, 0, 0, 26.70%, 0, 0, 5, 306.53, 406608, 558, 0, 0
1526, 7, 192, 377, 0, 0, 26.70%, 0, 0, 5, 255.09, 407922, 558, 0, 0
1531, 7, 192, 377, 0, 0, 26.70%, 0, 0, 5, 296.23, 409232, 558, 0, 0
1536, 7, 185, 377, 0, 0, 26.70%, 0, 0, 5, 274.91, 410537, 558, 0, 0
1541, 7, 145, 377, 0, 0, 26.70%, 0, 0, 5, 301.09, 411808, 558, 0, 0
1546, 7, 328, 377, 0, 0, 26.70%, 0, 0, 5, 296.68, 413067, 558, 0, 0
1551, 7, 359, 377, 0, 0, 26.70%, 0, 0, 5, 293.15, 414357, 558, 0, 0
1556, 7, 313, 377, 0, 0, 26.70%, 0, 0, 5, 274.30, 415637, 558, 0, 0
1562, 7, 53, 377, 0, 0, 26.70%, 0, 0, 5, 294.70, 416967, 558, 0, 0
1567, 7, 173, 377, 0, 0, 26.70%, 0, 0, 5, 276.99, 418192, 558, 0, 0
1572, 7, 173, 377, 0, 0, 26.70%, 0, 0, 5, 57.70, 419411, 558, 0, 0
1577, 7, 328, 377, 0, 0, 26.70%, 0, 0, 5, 211.61, 420706, 558, 0, 0
1582, 7, 313, 377, 0, 0, 26.70%, 0, 0, 5, 247.07, 422010, 558, 0, 0
1587, 7, 133, 377, 0, 0, 26.70%, 0, 0, 5, 280.76, 423312, 558, 0, 0
1592, 7, 328, 377, 0, 0, 26.70%, 0, 0, 5, 280.90, 424622, 558, 0, 0
1597, 7, 50, 377, 0, 0, 26.70%, 0, 0, 5, 255.87, 425817, 558, 0, 0
1602, 7, 44, 377, 0, 0, 26.70%, 0, 0, 5, 282.18, 427107, 558, 0, 0
1607, 7, 305, 377, 0, 0, 26.70%, 0, 0, 5, 275.04, 428319, 558, 0, 0
1612, 7, 200, 377, 0, 0, 26.70%, 0, 0, 5, 298.05, 429609, 558, 0, 0
1618, 7, 238, 377, 0, 0, 26.70%, 0, 0, 5, 281.83, 430921, 558, 0, 0
1623, 7, 346, 377, 0, 0, 26.70%, 0, 0, 5, 298.24, 432211, 558, 0, 0
1628, 7, 68, 377, 0, 0, 26.70%, 0, 0, 5, 297.23, 433527, 558, 0, 0
1633, 7, 328, 377, 0, 0, 26.70%, 0, 0, 5, 281.56, 434837, 558, 0, 0
1638, 7, 179, 377, 0, 0, 26.70%, 0, 0, 5, 278.40, 436132, 558, 0, 0
1643, 7, 207, 377, 0, 0, 26.70%, 0, 0, 5, 274.91, 437372, 558, 0, 0
1648, 7, 305, 377, 0, 0, 26.70%, 0, 0, 5, 300.29, 438689, 558, 0, 0
1653, 7, 349, 377, 0, 0, 26.70%, 0, 0, 5, 100.53, 439922, 558, 0, 0
1659, 7, 227, 377, 0, 0, 26.70%, 0, 0, 5, 278.19, 441232, 558, 0, 0
1664, 7, 225, 377, 0, 0, 26.70%, 0, 0, 5, 258.10, 442567, 558, 0, 0
1669, 7, 305, 377, 0, 0, 26.70%, 0, 0, 5, 268.86, 443882, 558, 0, 0
1674, 7, 39, 377, 0, 0, 26.70%, 0, 0, 5, 295.92, 445212, 558, 0, 0
1679, 7, 359, 377, 0, 0, 26.70%, 0, 0, 5, 44.05, 446447, 558, 0, 0
1684, 8, 192, 377, 0, 0, 26.70%, 0, 0, 5, 55.70, 447681, 558, 0, 0
1689, 8, 176, 377, 0, 0, 26.70%, 0, 0, 5, 290.00, 448960, 558, 0, 0
1694, 8, 99, 377, 0, 0, 26.70%, 0, 0, 5, 272.15, 450232, 558, 0, 0
1699, 8, 319, 377, 0, 0, 26.70%, 0, 0, 5, 289.44, 451501, 558, 0, 0
1704, 8, 351, 377, 0, 0, 26.70%, 0, 0, 5, 299.84, 452820, 558, 0, 0
1710, 8, 50, 377, 0, 0, 26.70%, 0, 0, 5, 272.80, 454147, 558, 0, 0
1715, 8, 53, 377, 0, 0, 26.70%, 0, 0, 5, 281.53, 455442, 558, 0, 0
1720, 8, 351, 377, 0, 0, 26.70%, 0, 0, 5, 294.04, 456752, 558, 0, 0
1725, 8, 159, 377, 0, 0, 26.70%, 0, 0, 5, 299.25, 458027, 558, 0, 0
1730, 8, 126, 377, 0, 0, 26.70%, 0, 0, 5, 271.94, 459357, 558, 0, 0
1735, 8, 73, 377, 0, 0, 26.70%, 0, 0, 5, 288.78, 460637, 558, 0, 0
1740, 8, 154, 377, 0, 0, 26.70%, 0, 0, 5, 295.51, 461902, 558, 0, 0
1746, 8, 329, 377, 0, 0, 26.70%, 0, 0, 5, 141.16, 463237, 558, 0, 0
1751, 8, 133, 377, 0, 0, 26.70%, 0, 0, 5, 291.27, 464529, 558, 0, 0
1756, 8, 372, 377, 0, 0, 26.70%, 0, 0, 5, 284.88, 465834, 558, 0, 0
1761, 8, 328, 377, 0, 0, 26.70%, 0, 0, 5, 293.53, 467093, 558, 0, 0
1766, 8, 154, 377, 0, 0, 26.70%, 0, 0, 5, 293.33, 468429, 558, 0, 0
1771, 8, 368, 377, 0, 0, 26.70%, 0, 0, 5, 283.35, 469744, 558, 0, 0
1776, 8, 85, 377, 0, 0, 26.70%, 0, 0, 5, 294.60, 470999, 558, 0, 0
1782, 8, 351, 377, 0, 0, 26.70%, 0, 0, 5, 278.29, 472309, 558, 0, 0
1787, 8, 329, 377, 0, 0, 26.70%, 0, 0, 5, 32.09, 473602, 558, 0, 0
1792, 8, 53, 377, 0, 0, 26.70%, 0, 0, 5, 290.96, 474904, 558, 0, 0
1797, 8, 50, 377, 0, 0, 26.70%, 0, 0, 5, 271.65, 476189, 558, 0, 0
1802, 8, 73, 377, 0, 0, 26.70%, 0, 0, 5, 303.61, 477519, 558, 0, 0
1807, 8, 359, 377, 0, 0, 26.70%, 0, 0, 5, 271.50, 478854, 558, 0, 0
1813, 8, 366, 377, 0, 0, 26.70%, 0, 0, 5, 49.02, 480114, 558, 0, 0
1818, 8, 225, 377, 0, 0, 26.70%, 0, 0, 5, 222.55, 481357, 558, 0, 0
1823, 8, 157, 377, 0, 0, 26.70%, 0, 0, 5, 291.86, 482609, 558, 0, 0
1828, 8, 50, 377, 0, 0, 26.70%, 0, 0, 5, 265.02, 483934, 558, 0, 0
1833, 8, 68, 377, 0, 0, 26.70%, 0, 0, 5, 297.05, 485214, 558, 0, 0
1838, 8, 126, 377, 0, 0, 26.70%, 0, 0, 5, 285.10, 486474, 558, 0, 0
1843, 8, 328, 377, 0, 0, 26.70%, 0, 0, 5, 289.84, 487739, 558, 0, 0
1848, 9, 192, 377, 0, 0, 26.70%, 0, 0, 5, 271.72, 489034, 558, 0, 0
1853, 9, 53, 377, 0, 0, 26.70%, 0, 0, 5, 268.02, 490299, 558, 0, 0
1859, 9, 328, 377, 0, 0, 26.70%, 0, 0, 5, 258.05, 491614, 558, 0, 0
1864, 9, 50, 377, 0, 0, 26.70%, 0, 0, 5, 289.12, 492929, 558, 0, 0
1869, 9, 172, 377, 0, 0, 26.70%, 0, 0, 5, 281.07, 494244, 558, 0, 0
1874, 9, 225, 377, 0, 0, 26.70%, 0, 0, 5, 278.49, 495544, 558, 0, 0
1879, 9, 328, 377, 0, 0, 26.70%, 0, 0, 5, 239.73, 496719, 558, 0, 0
1884, 9, 118, 377, 0, 0, 26.70%, 0, 0, 5, 277.25, 498014, 558, 0, 0
1889, 9, 221, 377, 0, 0, 26.70%, 0, 0, 5, 279.11, 499324, 558, 0, 0
1895, 9, 305, 377, 0, 0, 26.70%, 0, 0, 5, 237.12, 500478, 558, 0, 0
1900, 9, 238, 377, 0, 0, 26.70%, 0, 0, 5, 290.44, 501779, 558, 0, 0
1905, 9, 159, 377, 0, 0, 26.70%, 0, 0, 5, 274.05, 503084, 558, 0, 0
1910, 9, 349, 377, 0, 0, 26.70%, 0, 0, 5, 291.78, 504334, 558, 0, 0
1915, 9, 126, 377, 0, 0, 26.70%, 0, 0, 5, 297.65, 505604, 558, 0, 0
1920, 9, 133, 377, 0, 0, 26.70%, 0, 0, 5, 298.99, 506924, 558, 0, 0
1925, 9, 85, 377, 0, 0, 26.70%, 0, 0, 5, 287.17, 508159, 558, 0, 0
1930, 9, 225, 377, 0, 0, 26.70%, 0, 0, 5, 292.08, 509423, 558, 0, 0
1936, 9, 176, 377, 0, 0, 26.70%, 0, 0, 5, 293.78, 510754, 558, 0, 0
1941, 9, 120, 377, 0, 0, 26.70%, 0, 0, 5, 288.13, 512054, 558, 0, 0
1946, 9, 85, 377, 0, 0, 26.70%, 0, 0, 5, 300.30, 513364, 558, 0, 0
1951, 9, 43, 377, 0, 0, 26.70%, 0, 0, 5, 279.16, 514659, 558, 0, 0
1956, 9, 133, 377, 0, 0, 26.70%, 0, 0, 5, 202.36, 515940, 558, 0, 0
1961, 9, 159, 377, 0, 0, 26.70%, 0, 0, 5, 290.56, 517185, 558, 0, 0
1966, 9, 153, 377, 0, 0, 26.70%, 0, 0, 5, 292.08, 518429, 558, 0, 0
1971, 9, 85, 377, 0, 0, 26.70%, 0, 0, 5, 292.46, 519750, 558, 0, 0
1976, 9, 196, 377, 0, 0, 26.70%, 0, 0, 5, 271.22, 521090, 558, 0, 0
1982, 9, 359, 377, 0, 0, 26.70%, 0, 0, 5, 279.59, 522380, 558, 0, 0
1987, 9, 85, 377, 0, 0, 26.70%, 0, 0, 5, 273.48, 523730, 558, 0, 0
1992, 9, 133, 377, 0, 0, 26.70%, 0, 0, 5, 274.56, 525004, 558, 0, 0
1997, 9, 238, 377, 0, 0, 26.70%, 0, 0, 5, 265.04, 526265, 558, 0, 0
2002, 10, 359, 377, 0, 0, 26.70%, 0, 0, 5, 298.51, 527524, 558, 0, 0
2007, 10, 85, 377, 0, 0, 26.70%, 0, 0, 5, 258.73, 528735, 558, 0, 0
2012, 10, 238, 377, 0, 0, 26.70%, 0, 0, 5, 295.11, 530055, 558, 0, 0
2018, 10, 351, 377, 0, 0, 26.70%, 0, 0, 5, 293.54, 531360, 558, 0, 0
2023, 10, 353, 377, 0, 0, 26.70%, 0, 0, 5, 268.92, 532675, 558, 0, 0
2028, 10, 133, 377, 0, 0, 26.70%, 0, 0, 5, 278.17, 533995, 558, 0, 0
2033, 10, 290, 377, 0, 0, 26.70%, 0, 0, 5, 293.53, 535247, 558, 0, 0
2038, 10, 341, 377, 0, 0, 26.70%, 0, 0, 5, 295.87, 536565, 558, 0, 0
2043, 10, 192, 377, 0, 0, 26.70%, 0, 0, 5, 269.99, 537825, 558, 0, 0
2049, 10, 359, 377, 0, 0, 26.70%, 0, 0, 5, 294.15, 539130, 558, 0, 0
2054, 10, 209, 377, 0, 0, 26.70%, 0, 0, 5, 31.35, 540400, 558, 0, 0
2059, 10, 211, 377, 0, 0, 26.70%, 0, 0, 5, 297.46, 541710, 558, 0, 0
2064, 10, 305, 377, 0, 0, 26.70%, 0, 0, 5, 248.62, 542997, 558, 0, 0
2069, 10, 329, 377, 0, 0, 26.70%, 0, 0, 5, 297.01, 544295, 558, 0, 0
2074, 10, 305, 377, 0, 0, 26.70%, 0, 0, 5, 292.95, 545590, 558, 0, 0
2080, 10, 50, 377, 0, 0, 26.70%, 0, 0, 5, 265.44, 546900, 558, 0, 0
2085, 10, 176, 377, 0, 0, 26.70%, 0, 0, 5, 281.69, 548190, 558, 0, 0
2090, 10, 66, 377, 0, 0, 26.70%, 0, 0, 5, 295.00, 549459, 558, 0, 0
2095, 10, 305, 377, 0, 0, 26.70%, 0, 0, 5, 280.60, 550750, 558, 0, 0
2100, 10, 176, 377, 0, 0, 26.70%, 0, 0, 5, 245.52, 552029, 558, 0, 0
2105, 10, 157, 377, 0, 0, 26.70%, 0, 0, 5, 280.42, 553325, 558, 0, 0
2110, 10, 157, 377, 0, 0, 26.70%, 0, 0, 5, 276.02, 554579, 558, 0, 0
2115, 10, 157, 377, 0, 0, 26.70%, 0, 0, 5, 293.53, 555814, 558, 0, 0
2121, 10, 294, 377, 0, 0, 26.70%, 0, 0, 5, 294.33, 557125, 558, 0, 0
2126, 10, 239, 377, 0, 0, 26.70%, 0, 0, 5, 273.16, 558380, 558, 0, 0
2131, 10, 238, 377, 0, 0, 26.70%, 0, 0, 5, 299.37, 559700, 558, 0, 0
2136, 10, 238, 377, 0, 0, 26.70%, 0, 0, 5, 289.31, 561010, 558, 0, 0
2141, 10, 368, 377, 0, 0, 26.70%, 0, 0, 5, 31.25, 562215, 558, 0, 0
2146, 10, 270, 377, 0, 0, 26.70%, 0, 0, 5, 268.63, 563445, 558, 0, 0
2151, 10, 313, 377, 0, 0, 26.70%, 0, 0, 5, 269.39, 564730, 558, 0, 0
2156, 10, 342, 377, 0, 0, 26.70%, 0, 0, 5, 286.73, 566035, 558, 0, 0
2161, 11, 176, 377, 0, 0, 26.70%, 0, 0, 5, 283.91, 567280, 558, 0, 0
2167, 11, 368, 377, 0, 0, 26.70%, 0, 0, 5, 302.62, 568541, 558, 0, 0
2172, 11, 171, 377, 0, 0, 26.70%, 0, 0, 5, 269.45, 569800, 558, 0, 0
2177, 11, 313, 377, 0, 0, 26.70%, 0, 0, 5, 256.54, 571120, 558, 0, 0
2182, 11, 328, 377, 0, 0, 26.70%, 0, 0, 5, 37.31, 572350, 558, 0, 0
2187, 11, 133, 377, 0, 0, 26.70%, 0, 0, 5, 292.08, 573667, 558, 0, 0
2192, 11, 53, 377, 0, 0, 26.70%, 0, 0, 5, 304.29, 574952, 558, 0, 0
2197, 11, 372, 377, 0, 0, 26.70%, 0, 0, 5, 290.81, 576240, 558, 0, 0
2203, 11, 359, 377, 0, 0, 26.70%, 0, 0, 5, 234.47, 577536, 558, 0, 0
2208, 11, 173, 377, 0, 0, 26.70%, 0, 0, 5, 283.91, 578835, 558, 0, 0
2213, 11, 53, 377, 0, 0, 26.70%, 0, 0, 5, 292.57, 580165, 558, 0, 0
2218, 11, 35, 377, 0, 0, 26.70%, 0, 0, 5, 57.32, 581464, 558, 0, 0
2223, 11, 351, 377, 0, 0, 26.70%, 0, 0, 5, 207.16, 582716, 558, 0, 0
2228, 11, 179, 377, 0, 0, 26.70%, 0, 0, 5, 295.43, 584020, 558, 0, 0
2233, 11, 53, 377, 0, 0, 26.70%, 0, 0, 5, 296.93, 585295, 558, 0, 0
2239, 11, 133, 377, 0, 0, 26.70%, 0, 0, 5, 263.77, 586600, 558, 0, 0
2244, 11, 305, 377, 0, 0, 26.70%, 0, 0, 5, 264.35, 587855, 558, 0, 0
2249, 11, 172, 377, 0, 0, 26.70%, 0, 0, 5, 257.56, 589185, 558, 0, 0
2254, 11, 159, 377, 0, 0, 26.70%, 0, 0, 5, 30.49, 590395, 558, 0, 0
2259, 11, 305, 377, 0, 0, 26.70%, 0, 0, 5, 292.01, 591700, 558, 0, 0
2264, 11, 322, 377, 0, 0, 26.70%, 0, 0, 5, 294.95, 592950, 558, 0, 0
2269, 11, 150, 377, 0, 0, 26.70%, 0, 0, 5, 302.57, 594280, 558, 0, 0
2275, 11, 215, 377, 0, 0, 26.70%, 0, 0, 5, 283.07, 595585, 558, 0, 0
2280, 11, 82, 377, 0, 0, 26.70%, 0, 0, 5, 270.33, 596825, 558, 0, 0
2285, 11, 133, 377, 0, 0, 26.70%, 0, 0, 5, 275.22, 598145, 558, 0, 0
2290, 11, 173, 377, 0, 0, 26.70%, 0, 0, 5, 295.48, 599430, 558, 0, 0
2295, 11, 238, 377, 0, 0, 26.70%, 0, 0, 5, 296.12, 600760, 558, 0, 0
2300, 11, 198, 377, 0, 0, 26.70%, 0, 0, 5, 293.36, 602075, 558, 0, 0
2306, 11, 238, 377, 0, 0, 26.70%, 0, 0, 5, 272.69, 603400, 558, 0, 0
2311, 11, 211, 377, 0, 0, 26.70%, 0, 0, 5, 292.80, 604715, 558, 0, 0
2316, 11, 172, 377, 0, 0, 26.70%, 0, 0, 5, 42.86, 605954, 558, 0, 0
2321, 12, 73, 377, 0, 0, 26.70%, 0, 0, 5, 276.22, 607245, 558, 0, 0
2326, 12, 173, 377, 0, 0, 26.70%, 0, 0, 5, 294.71, 608515, 558, 0, 0
2331, 12, 218, 377, 0, 0, 26.70%, 0, 0, 5, 274.08, 609810, 558, 0, 0
2336, 12, 192, 377, 0, 0, 26.70%, 0, 0, 5, 295.89, 611130, 558, 0, 0
2341, 12, 256, 377, 0, 0, 26.70%, 0, 0, 5, 296.57, 612455, 558, 0, 0
2346, 12, 1, 377, 0, 0, 26.70%, 0, 0, 5, 297.03, 613640, 558, 0, 0
2352, 12, 176, 377, 0, 0, 26.70%, 0, 0, 5, 302.09, 614936, 558, 0, 0
2357, 12, 217, 377, 0, 0, 26.70%, 0, 0, 5, 286.43, 616240, 558, 0, 0
2362, 12, 50, 377, 0, 0, 26.70%, 0, 0, 5, 280.36, 617565, 558, 0, 0
2367, 12, 179, 377, 0, 0, 26.70%, 0, 0, 5, 292.72, 618880, 558, 0, 0
2372, 12, 173, 377, 0, 0, 26.70%, 0, 0, 5, 255.78, 620090, 558, 0, 0
2377, 12, 359, 377, 0, 0, 26.70%, 0, 0, 5, 36.36, 621330, 558, 0, 0
2382, 12, 351, 377, 0, 0, 26.70%, 0, 0, 5, 300.49, 622601, 558, 0, 0
2387, 12, 61, 377, 0, 0, 26.70%, 0, 0, 5, 291.24, 623870, 558, 0, 0
2392, 12, 322, 377, 0, 0, 26.70%, 0, 0, 5, 277.87, 625105, 558, 0, 0
2397, 12, 210, 377, 0, 0, 26.70%, 0, 0, 5, 289.83, 626400, 558, 0, 0
2402, 12, 5, 377, 0, 0, 26.70%, 0, 0, 5, 271.19, 627605, 558, 0, 0
2408, 12, 192, 377, 0, 0, 26.70%, 0, 0, 5, 254.76, 628885, 558, 0, 0
2413, 12, 50, 377, 0, 0, 26.70%, 0, 0, 5, 279.91, 630160, 558, 0, 0
2418, 12, 359, 377, 0, 0, 26.70%, 0, 0, 5, 270.95, 631500, 558, 0, 0
2423, 12, 176, 377, 0, 0, 26.70%, 0, 0, 5, 291.72, 632800, 558, 0, 0
2428, 12, 303, 377, 0, 0, 26.70%, 0, 0, 5, 278.21, 634055, 558, 0, 0
2433, 12, 85, 377, 0, 0, 26.70%, 0, 0, 5, 293.53, 635299, 558, 0, 0
2438, 12, 67, 377, 0, 0, 26.70%, 0, 0, 5, 297.03, 636595, 558, 0, 0
2444, 12, 199, 377, 0, 0, 26.70%, 0, 0, 5, 301.06, 637889, 558, 0, 0
2449, 12, 15, 377, 0, 0, 26.70%, 0, 0, 5, 223.43, 639077, 558, 0, 0
2454, 12, 49, 377, 0, 0, 26.70%, 0, 0, 5, 292.56, 640360, 558, 0, 0
2459, 12, 319, 377, 0, 0, 26.70%, 0, 0, 5, 276.76, 641660, 558, 0, 0
2464, 12, 85, 377, 0, 0, 26.70%, 0, 0, 5, 281.02, 642910, 558, 0, 0
2469, 12, 192, 377, 0, 0, 26.70%, 0, 0, 5, 77.04, 644123, 558, 0, 0
2474, 13, 321, 377, 0, 0, 26.70%, 0, 0, 5, 190.64, 645411, 558, 0, 0
2479, 13, 279, 377, 0, 0, 26.70%, 0, 0, 5, 287.97, 646690, 558, 0, 0
2484, 13, 5, 377, 0, 0, 26.70%, 0, 0, 5, 290.00, 647894, 558, 0, 0
2489, 13, 359, 377, 0, 0, 26.70%, 0, 0, 5, 294.85, 649170, 558, 0, 0
2495, 13, 5, 377, 0, 0, 26.70%, 0, 0, 5, 241.35, 650496, 558, 0, 0
2500, 13, 57, 377, 0, 0, 26.70%, 0, 0, 5, 260.77, 651710, 558, 0, 0
2505, 13, 305, 377, 0, 0, 26.70%, 0, 0, 5, 287.91, 653010, 558, 0, 0
2510, 13, 103, 377, 0, 0, 26.70%, 0, 0, 5, 295.65, 654335, 558, 0, 0
2515, 13, 306, 377, 0, 0, 26.70%, 0, 0, 5, 273.63, 655540, 558, 0, 0
2520, 13, 329, 377, 0, 0, 26.70%, 0, 0, 5, 270.34, 656810, 558, 0, 0
2526, 13, 173, 377, 0, 0, 26.70%, 0, 0, 5, 295.16, 658035, 558, 0, 0
2531, 13, 305, 377, 0, 0, 26.70%, 0, 0, 5, 293.92, 659300, 558, 0, 0
2536, 13, 123, 377, 0, 0, 26.70%, 0, 0, 5, 293.65, 660495, 558, 0, 0
2541, 13, 305, 377, 0, 0, 26.70%, 0, 0, 5, 266.85, 661740, 558, 0, 0
2546, 13, 179, 377, 0, 0, 26.70%, 0, 0, 5, 274.75, 663000, 558, 0, 0
2551, 13, 133, 377, 0, 0, 26.70%, 0, 0, 5, 291.42, 664250, 558, 0, 0
2556, 13, 192, 377, 0, 0, 26.70%, 0, 0, 5, 248.98, 665493, 558, 0, 0
2561, 13, 359, 377, 0, 0, 26.70%, 0, 0, 5, 292.08, 666714, 558, 0, 0
2566, 13, 35, 377, 0, 0, 26.70%, 0, 0, 5, 303.29, 668023, 558, 0, 0
2571, 13, 376, 377, 0, 0, 26.70%, 0, 0, 5, 295.27, 669340, 558, 0, 0
2577, 13, 192, 377, 0, 0, 26.70%, 0, 0, 5, 279.02, 670640, 558, 0, 0
2582, 13, 329, 377, 0, 0, 26.70%, 0, 0, 5, 243.19, 671817, 558, 0, 0
2587, 13, 159, 377, 0, 0, 26.70%, 0, 0, 5, 255.42, 673125, 558, 0, 0
2592, 13, 192, 377, 0, 0, 26.70%, 0, 0, 5, 296.11, 674455, 558, 0, 0
2597, 13, 351, 377, 0, 0, 26.70%, 0, 0, 5, 263.43, 675625, 558, 0, 0
2602, 13, 359, 377, 0, 0, 26.70%, 0, 0, 5, 296.50, 676930, 558, 0, 0
2607, 13, 179, 377, 0, 0, 26.70%, 0, 0, 5, 280.71, 678210, 558, 0, 0
2612, 13, 85, 377, 0, 0, 26.70%, 0, 0, 5, 272.27, 679485, 558, 0, 0
2617, 13, 133, 377, 0, 0, 26.70%, 0, 0, 5, 261.59, 680645, 558, 0, 0
2623, 13, 248, 377, 0, 0, 26.70%, 0, 0, 5, 290.26, 681935, 558, 0, 0
2628, 13, 313, 377, 0, 0, 26.70%, 0, 0, 5, 295.07, 683215, 558, 0, 0
2633, 13, 313, 377, 0, 0, 26.70%, 0, 0, 5, 283.32, 684465, 558, 0, 0
2638, 14, 300, 377, 0, 0, 26.70%, 0, 0, 5, 300.35, 685665, 558, 0, 0
2643, 14, 313, 377, 0, 0, 26.70%, 0, 0, 5, 289.56, 686975, 558, 0, 0
2648, 14, 176, 377, 0, 0, 26.70%, 0, 0, 5, 42.02, 688165, 558, 0, 0
2653, 14, 255, 377, 0, 0, 26.70%, 0, 0, 5, 287.87, 689450, 558, 0, 0
2658, 14, 225, 377, 0, 0, 26.70%, 0, 0, 5, 290.36, 690770, 558, 0, 0
2663, 14, 166, 377, 0, 0, 26.70%, 0, 0, 5, 279.09, 691995, 558, 0, 0
2669, 14, 50, 377, 0, 0, 26.70%, 0, 0, 5, 295.78, 693285, 558, 0, 0
2674, 14, 373, 377, 0, 0, 26.70%, 0, 0, 5, 293.34, 694555, 558, 0, 0
2679, 14, 192, 377, 0, 0, 26.70%, 0, 0, 5, 290.97, 695835, 558, 0, 0
2684, 14, 14, 377, 0, 0, 26.70%, 0, 0, 5, 287.20, 697065, 558, 0, 0
2689, 14, 176, 377, 0, 0, 26.70%, 0, 0, 5, 285.52, 698275, 558, 0, 0
2694, 14, 225, 377, 0, 0, 26.70%, 0, 0, 5, 288.96, 699535, 558, 0, 0
2699, 14, 225, 377, 0, 0, 26.70%, 0, 0, 5, 300.41, 700828, 558, 0, 0
2704, 14, 290, 377, 0, 0, 26.70%, 0, 0, 5, 277.22, 702130, 558, 0, 0
2709, 14, 359, 377, 0, 0, 26.70%, 0, 0, 5, 269.46, 703420, 558, 0, 0
2715, 14, 361, 377, 0, 0, 26.70%, 0, 0, 5, 294.57, 704715, 558, 0, 0
2720, 14, 334, 377, 0, 0, 26.70%, 0, 0, 5, 292.15, 705995, 558, 0, 0
2725, 14, 351, 377, 0, 0, 26.70%, 0, 0, 5, 285.20, 707260, 558, 0, 0
2730, 14, 173, 377, 0, 0, 26.70%, 0, 0, 5, 273.73, 708495, 558, 0, 0
2735, 14, 328, 377, 0, 0, 26.70%, 0, 0, 5, 292.55, 709795, 558, 0, 0
2740, 14, 351, 377, 0, 0, 26.70%, 0, 0, 5, 267.27, 711095, 558, 0, 0
2745, 14, 328, 377, 0, 0, 26.70%, 0, 0, 5, 280.57, 712365, 558, 0, 0
2750, 14, 173, 377, 0, 0, 26.70%, 0, 0, 5, 274.49, 713600, 558, 0, 0
2755, 14, 25, 377, 0, 0, 26.70%, 0, 0, 5, 65.06, 714816, 558, 0, 0
2760, 14, 50, 377, 0, 0, 26.70%, 0, 0, 5, 216.21, 716128, 558, 0, 0
2765, 14, 88, 377, 0, 0, 26.70%, 0, 0, 5, 280.09, 717420, 558, 0, 0
2770, 14, 359, 377, 0, 0, 26.70%, 0, 0, 5, 270.46, 718650, 558, 0, 0
2776, 14, 159, 377, 0, 0, 26.70%, 0, 0, 5, 155.33, 719965, 558, 0, 0
2781, 14, 309, 377, 0, 0, 26.70%, 0, 0, 5, 276.31, 721185, 558, 0, 0
2786, 14, 179, 377, 0, 0, 26.70%, 0, 0, 5, 298.28, 722495, 558, 0, 0
2791, 14, 172, 377, 0, 0, 26.70%, 0, 0, 5, 294.59, 723810, 558, 0, 0
2796, 15, 176, 377, 0, 0, 26.70%, 0, 0, 5, 42.02, 725025, 558, 0, 0
2801, 15, 183, 377, 0, 0, 26.70%, 0, 0, 5, 308.10, 726273, 558, 0, 0
2807, 15, 110, 377, 0, 0, 26.70%, 0, 0, 5, 295.28, 727590, 558, 0, 0
2812, 15, 225, 377, 0, 0, 26.70%, 0, 0, 5, 293.07, 728875, 558, 0, 0
2817, 15, 305, 377, 0, 0, 26.70%, 0, 0, 5, 49.50, 730040, 558, 0, 0
2822, 15, 38, 377, 0, 0, 26.70%, 0, 0, 5, 296.44, 731335, 558, 0, 0
2827, 15, 328, 377, 0, 0, 26.70%, 0, 0, 5, 285.64, 732605, 558, 0, 0
2832, 15, 70, 377, 0, 0, 26.70%, 0, 0, 5, 295.12, 733935, 558, 0, 0
2837, 15, 172, 377, 0, 0, 26.70%, 0, 0, 5, 281.95, 735160, 558, 0, 0
2842, 15, 227, 377, 0, 0, 26.70%, 0, 0, 5, 276.09, 736440, 558, 0, 0
2847, 15, 225, 377, 0, 0, 26.70%, 0, 0, 5, 290.96, 737705, 558, 0, 0
2852, 15, 156, 377, 0, 0, 26.70%, 0, 0, 5, 296.96, 739025, 558, 0, 0
2857, 15, 53, 377, 0, 0, 26.70%, 0, 0, 5, 42.87, 740196, 558, 0, 0
2863, 15, 179, 377, 0, 0, 26.70%, 0, 0, 5, 302.85, 741502, 558, 0, 0
2868, 15, 305, 377, 0, 0, 26.70%, 0, 0, 5, 288.19, 742750, 558, 0, 0
2873, 15, 203, 377, 0, 0, 26.70%, 0, 0, 5, 276.34, 743985, 558, 0, 0
2878, 15, 53, 377, 0, 0, 26.70%, 0, 0, 5, 261.96, 745240, 558, 0, 0
2883, 15, 50, 377, 0, 0, 26.70%, 0, 0, 5, 298.51, 746464, 558, 0, 0
2888, 15, 237, 377, 0, 0, 26.70%, 0, 0, 5, 265.48, 747780, 558, 0, 0
2893, 15, 347, 377, 0, 0, 26.70%, 0, 0, 5, 293.60, 749090, 558, 0, 0
2898, 15, 50, 377, 0, 0, 26.70%, 0, 0, 5, 267.97, 750375, 558, 0, 0
2903, 15, 83, 377, 0, 0, 26.70%, 0, 0, 5, 273.21, 751650, 558, 0, 0
2908, 15, 53, 377, 0, 0, 26.70%, 0, 0, 5, 45.45, 752840, 558, 0, 0
2913, 15, 113, 377, 0, 0, 26.70%, 0, 0, 5, 268.16, 754135, 558, 0, 0
2919, 15, 126, 377, 0, 0, 26.70%, 0, 0, 5, 274.41, 755430, 558, 0, 0
2924, 15, 168, 377, 0, 0, 26.70%, 0, 0, 5, 267.09, 756655, 558, 0, 0
2929, 15, 305, 377, 0, 0, 26.70%, 0, 0, 5, 256.35, 757840, 558, 0, 0
2934, 15, 322, 377, 0, 0, 26.70%, 0, 0, 5, 256.27, 759120, 558, 0, 0
2939, 15, 319, 377, 0, 0, 26.70%, 0, 0, 5, 276.78, 760410, 558, 0, 0
2944, 15, 199, 377, 0, 0, 26.70%, 0, 0, 5, 288.60, 761715, 558, 0, 0
2949, 15, 218, 377, 0, 0, 26.70%, 0, 0, 5, 280.73, 763040, 558, 0, 0
2954, 16, 173, 377, 0, 0, 26.70%, 0, 0, 5, 288.56, 764258, 558, 0, 0
2960, 16, 325, 377, 0, 0, 26.70%, 0, 0, 5, 271.87, 765565, 558, 0, 0
2965, 16, 238, 377, 0, 0, 26.70%, 0, 0, 5, 294.29, 766850, 558, 0, 0
2970, 16, 261, 377, 0, 0, 26.70%, 0, 0, 5, 276.13, 768050, 558, 0, 0
2975, 16, 359, 377, 0, 0, 26.70%, 0, 0, 5, 287.04, 769360, 558, 0, 0
2980, 16, 359, 377, 0, 0, 26.70%, 0, 0, 5, 294.89, 770635, 558, 0, 0
2985, 16, 157, 377, 0, 0, 26.70%, 0, 0, 5, 275.48, 771885, 558, 0, 0
2990, 16, 359, 377, 0, 0, 26.70%, 0, 0, 5, 295.77, 773161, 558, 0, 0
2995, 16, 305, 377, 0, 0, 26.70%, 0, 0, 5, 277.21, 774370, 558, 0, 0
3000, 16, 86, 377, 0, 0, 26.70%, 0, 0, 5, 265.13, 775695, 558, 0, 0
3005, 16, 148, 377, 0, 0, 26.70%, 0, 0, 5, 300.77, 776939, 558, 0, 0
3011, 16, 5, 377, 0, 0, 26.70%, 0, 0, 5, 266.97, 778215, 558, 0, 0
3016, 16, 351, 377, 0, 0, 26.70%, 0, 0, 5, 243.89, 779419, 558, 0, 0
3021, 16, 330, 377, 0, 0, 26.70%, 0, 0, 5, 294.81, 780720, 558, 0, 0
3026, 16, 238, 377, 0, 0, 26.70%, 0, 0, 5, 289.58, 782015, 558, 0, 0
3031, 16, 359, 377, 0, 0, 26.70%, 0, 0, 5, 293.60, 783325, 558, 0, 0
3036, 16, 305, 377, 0, 0, 26.70%, 0, 0, 5, 39.37, 784555, 558, 0, 0
3041, 16, 339, 377, 0, 0, 26.70%, 0, 0, 5, 301.52, 785842, 558, 0, 0
3047, 16, 71, 377, 0, 0, 26.70%, 0, 0, 5, 269.72, 787155, 558, 0, 0
3052, 16, 328, 377, 0, 0, 26.70%, 0, 0, 5, 296.94, 788465, 558, 0, 0
3057, 16, 40, 377, 0, 0, 26.70%, 0, 0, 5, 292.75, 789770, 558, 0, 0
3062, 16, 50, 377, 0, 0, 26.70%, 0, 0, 5, 239.39, 790990, 558, 0, 0
3067, 16, 192, 377, 0, 0, 26.70%, 0, 0, 5, 35.97, 792250, 558, 0, 0
3072, 16, 192, 377, 0, 0, 26.70%, 0, 0, 5, 288.56, 793523, 558, 0, 0
3077, 16, 77, 377, 0, 0, 26.70%, 0, 0, 5, 291.72, 794830, 558, 0, 0
3083, 16, 53, 377, 0, 0, 26.70%, 0, 0, 5, 294.05, 796125, 558, 0, 0
3088, 16, 179, 377, 0, 0, 26.70%, 0, 0, 5, 256.25, 797440, 558, 0, 0
3093, 16, 255, 377, 0, 0, 26.70%, 0, 0, 5, 289.71, 798710, 558, 0, 0
3098, 16, 29, 377, 0, 0, 26.70%, 0, 0, 5, 38.02, 799960, 558, 0, 0
3103, 16, 118, 377, 0, 0, 26.70%, 0, 0, 5, 276.29, 801215, 558, 0, 0
3108, 17, 173, 377, 0, 0, 26.70%, 0, 0, 5, 295.66, 802515, 558, 0, 0
3113, 17, 46, 377, 0, 0, 26.70%, 0, 0, 5, 293.14, 803845, 558, 0, 0
3118, 17, 176, 377, 0, 0, 26.70%, 0, 0, 5, 295.25, 805120, 558, 0, 0
3124, 17, 53, 377, 0, 0, 26.70%, 0, 0, 5, 290.91, 806415, 558, 0, 0
3129, 17, 12, 377, 0, 0, 26.70%, 0, 0, 5, 291.55, 807695, 558, 0, 0
3134, 17, 305, 377, 0, 0, 26.70%, 0, 0, 5, 272.53, 809005, 558, 0, 0
3139, 17, 126, 377, 0, 0, 26.70%, 0, 0, 5, 37.17, 810215, 558, 0, 0
3144, 17, 133, 377, 0, 0, 26.70%, 0, 0, 5, 299.21, 811510, 558, 0, 0
3149, 17, 305, 377, 0, 0, 26.70%, 0, 0, 5, 278.07, 812790, 558, 0, 0
3154, 17, 69, 377, 0, 0, 26.70%, 0, 0, 5, 296.91, 814105, 558, 0, 0
3160, 17, 225, 377, 0, 0, 26.70%, 0, 0, 5, 280.96, 815390, 558, 0, 0
3165, 17, 157, 377, 0, 0, 26.70%, 0, 0, 5, 269.58, 816570, 558, 0, 0
3170, 17, 173, 377, 0, 0, 26.70%, 0, 0, 5, 290.00, 817898, 558, 0, 0
3175, 17, 280, 377, 0, 0, 26.70%, 0, 0, 5, 297.37, 819170, 558, 0, 0
3180, 17, 259, 377, 0, 0, 26.70%, 0, 0, 5, 301.77, 820445, 558, 0, 0
3185, 17, 133, 377, 0, 0, 26.70%, 0, 0, 5, 291.87, 821754, 558, 0, 0
3190, 17, 227, 377, 0, 0, 26.70%, 0, 0, 5, 40.49, 822990, 558, 0, 0
3195, 17, 90, 377, 0, 0, 26.70%, 0, 0, 5, 298.51, 824240, 558, 0, 0
3200, 17, 368, 377, 0, 0, 26.70%, 0, 0, 5, 266.72, 825480, 558, 0, 0
3205, 17, 195, 377, 0, 0, 26.70%, 0, 0, 5, 287.56, 826735, 558, 0, 0
3210, 17, 244, 377, 0, 0, 26.70%, 0, 0, 5, 300.68, 827985, 558, 0, 0
3215, 17, 238, 377, 0, 0, 26.70%, 0, 0, 5, 275.00, 829280, 558, 0, 0
3221, 17, 338, 377, 0, 0, 26.70%, 0, 0, 5, 296.50, 830560, 558, 0, 0
3226, 17, 192, 377, 0, 0, 26.70%, 0, 0, 5, 269.19, 831875, 558, 0, 0
3231, 17, 50, 377, 0, 0, 26.70%, 0, 0, 5, 283.27, 833195, 558, 0, 0
3236, 17, 221, 377, 0, 0, 26.70%, 0, 0, 5, 292.75, 834505, 558, 0, 0
3241, 17, 179, 377, 0, 0, 26.70%, 0, 0, 5, 283.09, 835740, 558, 0, 0
3246, 17, 305, 377, 0, 0, 26.70%, 0, 0, 5, 54.05, 836971, 558, 0, 0
3251, 17, 172, 377, 0, 0, 26.70%, 0, 0, 5, 212.94, 838258, 558, 0, 0
3256, 17, 240, 377, 0, 0, 26.70%, 0, 0, 5, 277.69, 839570, 558, 0, 0
3261, 17, 99, 377, 0, 0, 26.70%, 0, 0, 5, 298.30, 840855, 558, 0, 0
3266, 18, 172, 377, 0, 0, 26.70%, 0, 0, 5, 300.81, 842160, 558, 0, 0
3272, 18, 142, 377, 0, 0, 26.70%, 0, 0, 5, 290.00, 843373, 558, 0, 0
3277, 18, 351, 377, 0, 0, 26.70%, 0, 0, 5, 249.94, 844694, 558, 0, 0
3282, 18, 225, 377, 0, 0, 26.70%, 0, 0, 5, 256.69, 845965, 558, 0, 0
3287, 18, 38, 377, 0, 0, 26.70%, 0, 0, 5, 293.69, 847270, 558, 0, 0
3292, 18, 85, 377, 0, 0, 26.70%, 0, 0, 5, 279.44, 848560, 558, 0, 0
3297, 18, 305, 377, 0, 0, 26.70%, 0, 0, 5, 44.76, 849818, 558, 0, 0
3303, 18, 230, 377, 0, 0, 26.70%, 0, 0, 5, 285.55, 851080, 558, 0, 0
3308, 18, 225, 377, 0, 0, 26.70%, 0, 0, 5, 299.92, 852401, 558, 0, 0
3313, 18, 172, 377, 0, 0, 26.70%, 0, 0, 5, 285.29, 853655, 558, 0, 0
3318, 18, 173, 377, 0, 0, 26.70%, 0, 0, 5, 293.79, 854945, 558, 0, 0
3323, 18, 85, 377, 0, 0, 26.70%, 0, 0, 5, 264.90, 856190, 558, 0, 0
3328, 18, 50, 377, 0, 0, 26.70%, 0, 0, 5, 39.06, 857435, 558, 0, 0
3333, 18, 329, 377, 0, 0, 26.70%, 0, 0, 5, 293.09, 858765, 558, 0, 0
3338, 18, 172, 377, 0, 0, 26.70%, 0, 0, 5, 235.84, 860041, 558, 0, 0
3343, 18, 172, 377, 0, 0, 26.70%, 0, 0, 5, 288.94, 861350, 558, 0, 0
3348, 18, 126, 377, 0, 0, 26.70%, 0, 0, 5, 271.27, 862585, 558, 0, 0
3353, 18, 167, 377, 0, 0, 26.70%, 0, 0, 5, 295.07, 863750, 558, 0, 0
3359, 18, 85, 377, 0, 0, 26.70%, 0, 0, 5, 270.75, 865065, 558, 0, 0
3364, 18, 248, 377, 0, 0, 26.70%, 0, 0, 5, 254.31, 866345, 558, 0, 0
3369, 18, 172, 377, 0, 0, 26.70%, 0, 0, 5, 295.25, 867565, 558, 0, 0
3374, 18, 172, 377, 0, 0, 26.70%, 0, 0, 5, 295.61, 868900, 558, 0, 0
3379, 18, 214, 377, 0, 0, 26.70%, 0, 0, 5, 263.53, 870165, 558, 0, 0
3384, 18, 359, 377, 0, 0, 26.70%, 0, 0, 5, 277.89, 871455, 558, 0, 0
3390, 18, 313, 377, 0, 0, 26.70%, 0, 0, 5, 37.04, 872700, 558, 0, 0
3395, 18, 270, 377, 0, 0, 26.70%, 0, 0, 5, 295.92, 874040, 558, 0, 0
3400, 18, 361, 377, 0, 0, 26.70%, 0, 0, 5, 275.18, 875210, 558, 0, 0
3405, 18, 192, 377, 0, 0, 26.70%, 0, 0, 5, 292.07, 876500, 558, 0, 0
3410, 18, 9, 377, 0, 0, 26.70%, 0, 0, 5, 31.75, 877745, 558, 0, 0
3415, 18, 329, 377, 0, 0, 26.70%, 0, 0, 5, 259.32, 879005, 558, 0, 0
3420, 18, 369, 377, 0, 0, 26.70%, 0, 0, 5, 292.01, 880305, 558, 0, 0
3426, 19, 255, 377, 0, 0, 26.70%, 0, 0, 5, 294.46, 881615, 558, 0, 0
3431, 19, 261, 377, 0, 0, 26.70%, 0, 0, 5, 287.90, 882880, 558, 0, 0
3436, 19, 186, 377, 0, 0, 26.70%, 0, 0, 5, 289.24, 884080, 558, 0, 0
3441, 19, 351, 377, 0, 0, 26.70%, 0, 0, 5, 272.40, 885395, 558, 0, 0
3446, 19, 179, 377, 0, 0, 26.70%, 0, 0, 5, 145.06, 886623, 558, 0, 0
3451, 19, 305, 377, 0, 0, 26.70%, 0, 0, 5, 300.59, 887878, 558, 0, 0
3456, 19, 159, 377, 0, 0, 26.70%, 0, 0, 5, 271.35, 889195, 558, 0, 0
3461, 19, 192, 377, 0, 0, 26.70%, 0, 0, 5, 282.56, 890429, 558, 0, 0
3467, 19, 225, 377, 0, 0, 26.70%, 0, 0, 5, 293.43, 891660, 558, 0, 0
3472, 19, 59, 377, 0, 0, 26.70%, 0, 0, 5, 288.54, 892970, 558, 0, 0
3477, 19, 329, 377, 0, 0, 26.70%, 0, 0, 5, 294.55, 894280, 558, 0, 0
3482, 19, 0, 377, 0, 0, 26.70%, 0, 0, 5, 215.94, 895481, 558, 0, 0
3487, 19, 53, 377, 0, 0, 26.70%, 0, 0, 5, 227.49, 896741, 558, 0, 0
3492, 19, 73, 377, 0, 0, 26.70%, 0, 0, 5, 255.43, 898015, 558, 0, 0
3497, 19, 328, 377, 0, 0, 26.70%, 0, 0, 5, 293.53, 899215, 558, 0, 0
3502, 19, 328, 377, 0, 0, 26.70%, 0, 0, 5, 280.66, 900481, 558, 0, 0
3507, 19, 173, 377, 0, 0, 26.70%, 0, 0, 5, 289.77, 901805, 558, 0, 0
3512, 19, 85, 377, 0, 0, 26.70%, 0, 0, 5, 273.51, 902966, 558, 0, 0
3518, 19, 337, 377, 0, 0, 26.70%, 0, 0, 5, 295.48, 904291, 558, 0, 0
3523, 19, 173, 377, 0, 0, 26.70%, 0, 0, 5, 297.91, 905596, 558, 0, 0
3528, 19, 215, 377, 0, 0, 26.70%, 0, 0, 5, 286.91, 906891, 558, 0, 0
3533, 19, 350, 377, 0, 0, 26.70%, 0, 0, 5, 262.24, 908096, 558, 0, 0
3538, 19, 359, 377, 0, 0, 26.70%, 0, 0, 5, 292.21, 909401, 558, 0, 0
3543, 19, 50, 377, 0, 0, 26.70%, 0, 0, 5, 293.07, 910661, 558, 0, 0
3548, 19, 225, 377, 0, 0, 26.70%, 0, 0, 5, 265.47, 911946, 558, 0, 0
3553, 19, 32, 377, 0, 0, 26.70%, 0, 0, 5, 269.54, 913116, 558, 0, 0
3559, 19, 225, 377, 0, 0, 26.70%, 0, 0, 5, 279.69, 914446, 558, 0, 0
3564, 19, 238, 377, 0, 0, 26.70%, 0, 0, 5, 295.54, 915761, 558, 0, 0
3569, 19, 313, 377, 0, 0, 26.70%, 0, 0, 5, 47.17, 916951, 558, 0, 0
3574, 19, 200, 377, 0, 0, 26.70%, 0, 0, 5, 296.52, 918251, 558, 0, 0
3579, 19, 157, 377, 0, 0, 26.70%, 0, 0, 5, 297.58, 919541, 558, 0, 0
3584, 20, 68, 377, 0, 0, 26.70%, 0, 0, 5, 287.04, 920805, 558, 0, 0
3589, 20, 329, 377, 0, 0, 26.70%, 0, 0, 5, 243.78, 921983, 558, 0, 0
3594, 20, 179, 377, 0, 0, 26.70%, 0, 0, 5, 298.00, 923246, 558, 0, 0
3599, 20, 328, 377, 0, 0, 26.70%, 0, 0, 5, 250.56, 924558, 558, 0, 0
3604, 20, 53, 377, 0, 0, 26.70%, 0, 0, 5, 274.78, 925836, 558, 0, 0
3610, 20, 60, 377, 0, 0, 26.70%, 0, 0, 5, 306.68, 927066, 558, 0, 0
3615, 20, 157, 377, 0, 0, 26.70%, 0, 0, 5, 288.11, 928366, 558, 0, 0
3620, 20, 359, 377, 0, 0, 26.70%, 0, 0, 5, 294.64, 929621, 558, 0, 0
3625, 20, 157, 377, 0, 0, 26.70%, 0, 0, 5, 284.43, 930876, 558, 0, 0
3630, 20, 214, 377, 0, 0, 26.70%, 0, 0, 5, 259.79, 932146, 558, 0, 0
3635, 20, 172, 377, 0, 0, 26.70%, 0, 0, 5, 284.25, 933416, 558, 0, 0
3640, 20, 50, 377, 0, 0, 26.70%, 0, 0, 5, 286.22, 934671, 558, 0, 0
3645, 20, 351, 377, 0, 0, 26.70%, 0, 0, 5, 263.68, 935824, 558, 0, 0
3650, 20, 316, 377, 0, 0, 26.70%, 0, 0, 5, 212.94, 937132, 558, 0, 0
3655, 20, 305, 377, 0, 0, 26.70%, 0, 0, 5, 276.87, 938421, 558, 0, 0
3660, 20, 5, 377, 0, 0, 26.70%, 0, 0, 5, 278.16, 939631, 558, 0, 0
3666, 20, 266, 377, 0, 0, 26.70%, 0, 0, 5, 247.81, 940947, 558, 0, 0
3671, 20, 118, 377, 0, 0, 26.70%, 0, 0, 5, 133.12, 942221, 558, 0, 0
3676, 20, 370, 377, 0, 0, 26.70%, 0, 0, 5, 279.90, 943476, 558, 0, 0
3681, 20, 313, 377, 0, 0, 26.70%, 0, 0, 5, 31.06, 944691, 558, 0, 0
3686, 20, 328, 377, 0, 0, 26.70%, 0, 0, 5, 299.28, 945996, 558, 0, 0
3691, 20, 53, 377, 0, 0, 26.70%, 0, 0, 5, 295.39, 947261, 558, 0, 0
3696, 20, 192, 377, 0, 0, 26.70%, 0, 0, 5, 291.39, 948541, 558, 0, 0
3701, 20, 10, 377, 0, 0, 26.70%, 0, 0, 5, 283.35, 949866, 558, 0, 0
3707, 20, 157, 377, 0, 0, 26.70%, 0, 0, 5, 293.25, 951046, 558, 0, 0
3712, 20, 159, 377, 0, 0, 26.70%, 0, 0, 5, 304.42, 952349, 558, 0, 0
3717, 20, 215, 377, 0, 0, 26.70%, 0, 0, 5, 293.56, 953651, 558, 0, 0
3722, 20, 192, 377, 0, 0, 26.70%, 0, 0, 5, 271.06, 954891, 558, 0, 0
3727, 20, 154, 377, 0, 0, 26.70%, 0, 0, 5, 38.61, 956111, 558, 0, 0
3732, 20, 238, 377, 0, 0, 26.70%, 0, 0, 5, 291.45, 957411, 558, 0, 0
3737, 20, 6, 377, 0, 0, 26.70%, 0, 0, 5, 297.35, 958681, 558, 0, 0
3742, 21, 140, 377, 0, 0, 26.70%, 0, 0, 5, 283.57, 959966, 558, 0, 0
3747, 21, 157, 377, 0, 0, 26.70%, 0, 0, 5, 44.37, 961135, 558, 0, 0
3752, 21, 152, 377, 0, 0, 26.70%, 0, 0, 5, 267.19, 962446, 558, 0, 0
3758, 21, 133, 377, 0, 0, 26.70%, 0, 0, 5, 295.66, 963751, 558, 0, 0
3763, 21, 147, 377, 0, 0, 26.70%, 0, 0, 5, 270.79, 965026, 558, 0, 0
3768, 21, 50, 377, 0, 0, 26.70%, 0, 0, 5, 295.46, 966271, 558, 0, 0
3773, 21, 126, 377, 0, 0, 26.70%, 0, 0, 5, 270.10, 967571, 558, 0, 0
3778, 21, 70, 377, 0, 0, 26.70%, 0, 0, 5, 48.69, 968788, 558, 0, 0
3783, 21, 275, 377, 0, 0, 26.70%, 0, 0, 5, 299.43, 970121, 558, 0, 0
3788, 21, 351, 377, 0, 0, 26.70%, 0, 0, 5, 295.75, 971436, 558, 0, 0
3793, 21, 99, 377, 0, 0, 26.70%, 0, 0, 5, 32.68, 972581, 558, 0, 0
3799, 21, 53, 377, 0, 0, 26.70%, 0, 0, 5, 283.17, 973855, 558, 0, 0
3804, 21, 261, 377, 0, 0, 26.70%, 0, 0, 5, 283.31, 975155, 558, 0, 0
3809, 21, 179, 377, 0, 0, 26.70%, 0, 0, 5, 291.84, 976411, 558, 0, 0
3814, 21, 176, 377, 0, 0, 26.70%, 0, 0, 5, 271.16, 977671, 558, 0, 0
3819, 21, 264, 377, 0, 0, 26.70%, 0, 0, 5, 289.77, 978955, 558, 0, 0
3824, 21, 50, 377, 0, 0, 26.70%, 0, 0, 5, 292.42, 980241, 558, 0, 0
3829, 21, 351, 377, 0, 0, 26.70%, 0, 0, 5, 295.22, 981531, 558, 0, 0
3834, 21, 133, 377, 0, 0, 26.70%, 0, 0, 5, 269.96, 982751, 558, 0, 0
3839, 21, 53, 377, 0, 0, 26.70%, 0, 0, 5, 285.00, 983947, 558, 0, 0
3844, 21, 261, 377, 0, 0, 26.70%, 0, 0, 5, 276.61, 985251, 558, 0, 0
3850, 21, 359, 377, 0, 0, 26.70%, 0, 0, 5, 293.03, 986576, 558, 0, 0
3855, 21, 359, 377, 0, 0, 26.70%, 0, 0, 5, 279.51, 987811, 558, 0, 0
3860, 21, 159, 377, 0, 0, 26.70%, 0, 0, 5, 294.81, 989136, 558, 0, 0
3865, 21, 50, 377, 0, 0, 26.70%, 0, 0, 5, 258.14, 990451, 558, 0, 0
3870, 21, 85, 377, 0, 0, 26.70%, 0, 0, 5, 254.92, 991671, 558, 0, 0
3875, 21, 359, 377, 0, 0, 26.70%, 0, 0, 5, 246.49, 992914, 558, 0, 0
3880, 21, 192, 377, 0, 0, 26.70%, 0, 0, 5, 296.04, 994205, 558, 0, 0
3886, 21, 50, 377, 0, 0, 26.70%, 0, 0, 5, 294.66, 995416, 558, 0, 0
3891, 21, 126, 377, 0, 0, 26.70%, 0, 0, 5, 288.54, 996686, 558, 0, 0
3896, 21, 176, 377, 0, 0, 26.70%, 0, 0, 5, 225.51, 997858, 558, 0, 0
3901, 22, 157, 377, 0, 0, 26.70%, 0, 0, 5, 287.01, 999061, 558, 0, 0
3906, 22, 167, 377, 0, 0, 26.70%, 0, 0, 5, 295.03, 1000276, 558, 0, 0
3911, 22, 225, 377, 0, 0, 26.70%, 0, 0, 5, 31.65, 1001501, 558, 0, 0
3916, 22, 359, 377, 0, 0, 26.70%, 0, 0, 5, 303.07, 1002802, 558, 0, 0
3921, 22, 159, 377, 0, 0, 26.70%, 0, 0, 5, 293.42, 1004026, 558, 0, 0
3926, 22, 159, 377, 0, 0, 26.70%, 0, 0, 5, 296.79, 1005166, 558, 0, 0
3932, 22, 359, 377, 0, 0, 26.70%, 0, 0, 5, 292.17, 1006451, 558, 0, 0
3937, 22, 212, 377, 0, 0, 26.70%, 0, 0, 5, 276.00, 1007631, 558, 0, 0
3942, 22, 173, 377, 0, 0, 26.70%, 0, 0, 5, 298.72, 1008923, 558, 0, 0
3947, 22, 177, 377, 0, 0, 26.70%, 0, 0, 5, 287.62, 1010146, 558, 0, 0
3952, 22, 261, 377, 0, 0, 26.70%, 0, 0, 5, 297.46, 1011471, 558, 0, 0
3957, 22, 172, 377, 0, 0, 26.70%, 0, 0, 5, 34.84, 1012671, 558, 0, 0
3962, 22, 328, 377, 0, 0, 26.70%, 0, 0, 5, 277.70, 1013966, 558, 0, 0
3967, 22, 357, 377, 0, 0, 26.70%, 0, 0, 5, 294.80, 1015166, 558, 0, 0
3973, 22, 305, 377, 0, 0, 26.70%, 0, 0, 5, 297.51, 1016466, 558, 0, 0
3978, 22, 351, 377, 0, 0, 26.70%, 0, 0, 5, 281.95, 1017751, 558, 0, 0
3983, 22, 295, 377, 0, 0, 26.70%, 0, 0, 5, 273.53, 1018981, 558, 0, 0
3988, 22, 351, 377, 0, 0, 26.70%, 0, 0, 5, 293.88, 1020251, 558, 0, 0
3993, 22, 111, 377, 0, 0, 26.70%, 0, 0, 5, 289.88, 1021546, 558, 0, 0
3998, 22, 85, 377, 0, 0, 26.70%, 0, 0, 5, 267.50, 1022855, 558, 0, 0
4003, 22, 114, 377, 0, 0, 26.70%, 0, 0, 5, 285.55, 1024155, 558, 0, 0
4008, 22, 133, 377, 0, 0, 26.70%, 0, 0, 5, 268.77, 1025381, 558, 0, 0
4014, 22, 248, 377, 0, 0, 26.70%, 0, 0, 5, 299.78, 1026673, 558, 0, 0
4019, 22, 173, 377, 0, 0, 26.70%, 0, 0, 5, 288.46, 1027963, 558, 0, 0
4024, 22, 50, 377, 0, 0, 26.70%, 0, 0, 5, 290.15, 1029266, 558, 0, 0
4029, 22, 179, 377, 0, 0, 26.70%, 0, 0, 5, 45.28, 1030541, 558, 0, 0
4034, 22, 50, 377, 0, 0, 26.70%, 0, 0, 5, 267.28, 1031786, 558, 0, 0
4039, 22, 294, 377, 0, 0, 26.70%, 0, 0, 5, 296.36, 1033103, 558, 0, 0
4044, 22, 126, 377, 0, 0, 26.70%, 0, 0, 5, 298.62, 1034420, 558, 0, 0
4049, 22, 176, 377, 0, 0, 26.70%, 0, 0, 5, 30.67, 1035595, 558, 0, 0
4054, 22, 261, 377, 0, 0, 26.70%, 0, 0, 5, 272.80, 1036900, 558, 0, 0
4059, 22, 179, 377, 0, 0, 26.70%, 0, 0, 5, 261.70, 1038120, 558, 0, 0
4064, 23, 221, 377, 0, 0, 26.70%, 0, 0, 5, 293.94, 1039380, 558, 0, 0
4070, 23, 157, 377, 0, 0, 26.70%, 0, 0, 5, 292.03, 1040680, 558, 0, 0
4075, 23, 329, 377, 0, 0, 26.70%, 0, 0, 5, 291.72, 1041985, 558, 0, 0
4080, 23, 56, 377, 0, 0, 26.70%, 0, 0, 5, 55.76, 1043220, 558, 0, 0
4085, 23, 98, 377, 0, 0, 26.70%, 0, 0, 5, 273.12, 1044500, 558, 0, 0
4090, 23, 159, 377, 0, 0, 26.70%, 0, 0, 5, 291.82, 1045795, 558, 0, 0
4095, 23, 66, 377, 0, 0, 26.70%, 0, 0, 5, 40.00, 1047030, 558, 0, 0
4101, 23, 285, 377, 0, 0, 26.70%, 0, 0, 5, 267.38, 1048350, 558, 0, 0
4106, 23, 53, 377, 0, 0, 26.70%, 0, 0, 5, 295.88, 1049670, 558, 0, 0
4111, 23, 192, 377, 0, 0, 26.70%, 0, 0, 5, 289.88, 1050960, 558, 0, 0
4116, 23, 88, 377, 0, 0, 26.70%, 0, 0, 5, 283.10, 1052234, 558, 0, 0
4121, 23, 157, 377, 0, 0, 26.70%, 0, 0, 5, 267.55, 1053455, 558, 0, 0
4126, 23, 182, 377, 0, 0, 26.70%, 0, 0, 5, 289.49, 1054735, 558, 0, 0
4131, 23, 133, 377, 0, 0, 26.70%, 0, 0, 5, 262.55, 1056009, 558, 0, 0
4137, 23, 313, 377, 0, 0, 26.70%, 0, 0, 5, 279.19, 1057320, 558, 0, 0
4142, 23, 225, 377, 0, 0, 26.70%, 0, 0, 5, 290.00, 1058513, 558, 0, 0
4147, 23, 53, 377, 0, 0, 26.70%, 0, 0, 5, 262.53, 1059770, 558, 0, 0
4152, 23, 179, 377, 0, 0, 26.70%, 0, 0, 5, 263.32, 1061065, 558, 0, 0
4157, 23, 110, 377, 0, 0, 26.70%, 0, 0, 5, 303.40, 1062400, 558, 0, 0
4162, 23, 159, 377, 0, 0, 26.70%, 0, 0, 5, 42.55, 1063625, 558, 0, 0
4167, 23, 126, 377, 0, 0, 26.70%, 0, 0, 5, 297.27, 1064945, 558, 0, 0
4173, 23, 359, 377, 0, 0, 26.70%, 0, 0, 5, 283.03, 1066255, 558, 0, 0
4178, 23, 98, 377, 0, 0, 26.70%, 0, 0, 5, 282.88, 1067580, 558, 0, 0
4183, 23, 313, 377, 0, 0, 26.70%, 0, 0, 5, 259.85, 1068815, 558, 0, 0
4188, 23, 225, 377, 0, 0, 26.70%, 0, 0, 5, 281.20, 1070100, 558, 0, 0
4193, 23, 192, 377, 0, 0, 26.70%, 0, 0, 5, 274.30, 1071384, 558, 0, 0
4198, 23, 5, 377, 0, 0, 26.70%, 0, 0, 5, 289.71, 1072705, 558, 0, 0
4204, 23, 350, 377, 0, 0, 26.70%, 0, 0, 5, 282.30, 1074010, 558, 0, 0
4209, 23, 133, 377, 0, 0, 26.70%, 0, 0, 5, 259.35, 1075191, 558, 0, 0
4214, 23, 38, 377, 0, 0, 26.70%, 0, 0, 5, 192.91, 1076501, 558, 0, 0
4219, 23, 205, 377, 0, 0, 26.70%, 0, 0, 5, 270.12, 1077801, 558, 0, 0
4224, 24, 270, 377, 0, 0, 26.70%, 0, 0, 5, 292.39, 1079076, 558, 0, 0
4229, 24, 50, 377, 0, 0, 26.70%, 0, 0, 5, 33.22, 1080321, 558, 0, 0
4234, 24, 5, 377, 0, 0, 26.70%, 0, 0, 5, 278.94, 1081646, 558, 0, 0
4239, 24, 53, 377, 0, 0, 26.70%, 0, 0, 5, 293.50, 1082951, 558, 0, 0
4245, 24, 359, 377, 0, 0, 26.70%, 0, 0, 5, 288.40, 1084261, 558, 0, 0
4250, 24, 351, 377, 0, 0, 26.70%, 0, 0, 5, 299.11, 1085576, 558, 0, 0
4255, 24, 51, 377, 0, 0, 26.70%, 0, 0, 5, 270.96, 1086836, 558, 0, 0
4260, 24, 126, 377, 0, 0, 26.70%, 0, 0, 5, 242.80, 1088106, 558, 0, 0
4265, 24, 342, 377, 0, 0, 26.70%, 0, 0, 5, 269.52, 1089381, 558, 0, 0
4270, 24, 173, 377, 0, 0, 26.70%, 0, 0, 5, 277.93, 1090661, 558, 0, 0
4275, 24, 85, 377, 0, 0, 26.70%, 0, 0, 5, 257.88, 1091836, 558, 0, 0
4281, 24, 159, 377, 0, 0, 26.70%, 0, 0, 5, 281.68, 1093156, 558, 0, 0
4286, 24, 202, 377, 0, 0, 26.70%, 0, 0, 5, 292.56, 1094451, 558, 0, 0
4291, 24, 37, 377, 0, 0, 26.70%, 0, 0, 5, 301.01, 1095727, 558, 0, 0
4296, 24, 133, 377, 0, 0, 26.70%, 0, 0, 5, 255.10, 1096951, 558, 0, 0
4301, 24, 159, 377, 0, 0, 26.70%, 0, 0, 5, 250.17, 1098221, 558, 0, 0
4306, 24, 172, 377, 0, 0, 26.70%, 0, 0, 5, 298.33, 1099516, 558, 0, 0
4311, 24, 313, 377, 0, 0, 26.70%, 0, 0, 5, 288.71, 1100746, 558, 0, 0
4316, 24, 90, 377, 0, 0, 26.70%, 0, 0, 5, 282.04, 1102026, 558, 0, 0
4321, 24, 118, 377, 0, 0, 26.70%, 0, 0, 5, 273.59, 1103211, 558, 0, 0
4326, 24, 359, 377, 0, 0, 26.70%, 0, 0, 5, 292.45, 1104486, 558, 0, 0
4332, 24, 238, 377, 0, 0, 26.70%, 0, 0, 5, 295.31, 1105831, 558, 0, 0
4337, 24, 328, 377, 0, 0, 26.70%, 0, 0, 5, 50.00, 1107076, 558, 0, 0
4342, 24, 359, 377, 0, 0, 26.70%, 0, 0, 5, 302.20, 1108329, 558, 0, 0
4347, 24, 196, 377, 0, 0, 26.70%, 0, 0, 5, 307.25, 1109621, 558, 0, 0
4352, 24, 359, 377, 0, 0, 26.70%, 0, 0, 5, 282.45, 1110896, 558, 0, 0
4357, 24, 360, 377, 0, 0, 26.70%, 0, 0, 5, 34.72, 1112086, 558, 0, 0
4362, 24, 172, 377, 0, 0, 26.70%, 0, 0, 5, 273.06, 1113391, 558, 0, 0
4367, 24, 133, 377, 0, 0, 26.70%, 0, 0, 5, 290.46, 1114706, 558, 0, 0
4372, 24, 238, 377, 0, 0, 26.70%, 0, 0, 5, 44.38, 1115906, 558, 0, 0
4378, 24, 215, 377, 0, 0, 26.70%, 0, 0, 5, 298.23, 1117201, 558, 0, 0
4383, 25, 50, 377, 0, 0, 26.70%, 0, 0, 5, 292.12, 1118476, 558, 0, 0
4388, 25, 329, 377, 0, 0, 26.70%, 0, 0, 5, 254.52, 1119776, 558, 0, 0
4393, 25, 351, 377, 0, 0, 26.70%, 0, 0, 5, 288.39, 1121060, 558, 0, 0
4398, 25, 255, 377, 0, 0, 26.70%, 0, 0, 5, 19.05, 1122260, 558, 0, 0
4403, 25, 179, 377, 0, 0, 26.70%, 0, 0, 5, 247.42, 1123569, 558, 0, 0
4408, 25, 150, 377, 0, 0, 26.70%, 0, 0, 5, 286.33, 1124826, 558, 0, 0
4413, 25, 339, 377, 0, 0, 26.70%, 0, 0, 5, 31.25, 1126060, 558, 0, 0
4419, 25, 15, 377, 0, 0, 26.70%, 0, 0, 5, 297.84, 1127360, 558, 0, 0
4424, 25, 176, 377, 0, 0, 26.70%, 0, 0, 5, 282.26, 1128636, 558, 0, 0
4429, 25, 172, 377, 0, 0, 26.70%, 0, 0, 5, 297.73, 1129921, 558, 0, 0
4434, 25, 74, 377, 0, 0, 26.70%, 0, 0, 5, 294.34, 1131191, 558, 0, 0
4439, 25, 172, 377, 0, 0, 26.70%, 0, 0, 5, 277.34, 1132496, 558, 0, 0
4444, 25, 173, 377, 0, 0, 26.70%, 0, 0, 5, 274.95, 1133796, 558, 0, 0
4449, 25, 305, 377, 0, 0, 26.70%, 0, 0, 5, 274.20, 1134956, 558, 0, 0
4454, 25, 328, 377, 0, 0, 26.70%, 0, 0, 5, 270.32, 1136271, 558, 0, 0
4460, 25, 225, 377, 0, 0, 26.70%, 0, 0, 5, 264.41, 1137566, 558, 0, 0
4465, 25, 225, 377, 0, 0, 26.70%, 0, 0, 5, 268.69, 1138776, 558, 0, 0
4470, 25, 110, 377, 0, 0, 26.70%, 0, 0, 5, 296.98, 1140091, 558, 0, 0
4475, 25, 225, 377, 0, 0, 26.70%, 0, 0, 5, 254.89, 1141416, 558, 0, 0
4480, 25, 359, 377, 0, 0, 26.70%, 0, 0, 5, 256.30, 1142711, 558, 0, 0
4485, 25, 329, 377, 0, 0, 26.70%, 0, 0, 5, 286.01, 1143985, 558, 0, 0
4490, 25, 118, 377, 0, 0, 26.70%, 0, 0, 5, 253.72, 1145241, 558, 0, 0
4495, 25, 359, 377, 0, 0, 26.70%, 0, 0, 5, 257.79, 1146501, 558, 0, 0
4500, 25, 157, 377, 0, 0, 26.70%, 0, 0, 5, 271.80, 1147766, 558, 0, 0
4506, 25, 85, 377, 0, 0, 26.70%, 0, 0, 5, 287.13, 1148954, 558, 0, 0
4511, 25, 176, 377, 0, 0, 26.70%, 0, 0, 5, 286.23, 1150266, 558, 0, 0
4516, 25, 179, 377, 0, 0, 26.70%, 0, 0, 5, 291.13, 1151531, 558, 0, 0
4521, 25, 176, 377, 0, 0, 26.70%, 0, 0, 5, 277.33, 1152786, 558, 0, 0
4526, 25, 192, 377, 0, 0, 26.70%, 0, 0, 5, 270.04, 1153991, 558, 0, 0
4531, 25, 179, 377, 0, 0, 26.70%, 0, 0, 5, 262.71, 1155321, 558, 0, 0
4536, 26, 176, 377, 0, 0, 26.70%, 0, 0, 5, 299.49, 1156634, 558, 0, 0
4541, 26, 328, 377, 0, 0, 26.70%, 0, 0, 5, 31.25, 1157856, 558, 0, 0
4546, 26, 327, 377, 0, 0, 26.70%, 0, 0, 5, 296.95, 1159109, 558, 0, 0
4552, 26, 53, 377, 0, 0, 26.70%, 0, 0, 5, 262.24, 1160406, 558, 0, 0
4557, 26, 261, 377, 0, 0, 26.70%, 0, 0, 5, 294.92, 1161686, 558, 0, 0
4562, 26, 126, 377, 0, 0, 26.70%, 0, 0, 5, 40.49, 1162866, 558, 0, 0
4567, 26, 368, 377, 0, 0, 26.70%, 0, 0, 5, 209.37, 1164082, 558, 0, 0
4572, 26, 173, 377, 0, 0, 26.70%, 0, 0, 5, 300.69, 1165398, 558, 0, 0
4577, 26, 179, 377, 0, 0, 26.70%, 0, 0, 5, 293.66, 1166685, 558, 0, 0
4582, 26, 176, 377, 0, 0, 26.70%, 0, 0, 5, 44.90, 1167896, 558, 0, 0
4587, 26, 209, 377, 0, 0, 26.70%, 0, 0, 5, 284.36, 1169171, 558, 0, 0
4592, 26, 172, 377, 0, 0, 26.70%, 0, 0, 5, 296.23, 1170491, 558, 0, 0
4597, 26, 238, 377, 0, 0, 26.70%, 0, 0, 5, 156.44, 1171740, 558, 0, 0
4603, 26, 328, 377, 0, 0, 26.70%, 0, 0, 5, 226.60, 1172992, 558, 0, 0
4608, 26, 126, 377, 0, 0, 26.70%, 0, 0, 5, 192.04, 1174316, 558, 0, 0
4613, 26, 225, 377, 0, 0, 26.70%, 0, 0, 5, 272.57, 1175611, 558, 0, 0
4618, 26, 305, 377, 0, 0, 26.70%, 0, 0, 5, 279.99, 1176866, 558, 0, 0
4623, 26, 133, 377, 0, 0, 26.70%, 0, 0, 5, 298.51, 1178121, 558, 0, 0
4628, 26, 121, 377, 0, 0, 26.70%, 0, 0, 5, 289.12, 1179406, 558, 0, 0
4633, 26, 133, 377, 0, 0, 26.70%, 0, 0, 5, 285.85, 1180726, 558, 0, 0
4638, 26, 359, 377, 0, 0, 26.70%, 0, 0, 5, 294.33, 1182006, 558, 0, 0
4644, 26, 159, 377, 0, 0, 26.70%, 0, 0, 5, 39.37, 1183206, 558, 0, 0
4649, 26, 212, 377, 0, 0, 26.70%, 0, 0, 5, 272.74, 1184485, 558, 0, 0
4654, 26, 359, 377, 0, 0, 26.70%, 0, 0, 5, 257.43, 1185826, 558, 0, 0
4659, 26, 172, 377, 0, 0, 26.70%, 0, 0, 5, 295.83, 1187146, 558, 0, 0
4664, 26, 248, 377, 0, 0, 26.70%, 0, 0, 5, 287.23, 1188391, 558, 0, 0
4669, 26, 157, 377, 0, 0, 26.70%, 0, 0, 5, 31.13, 1189574, 558, 0, 0
4674, 26, 238, 377, 0, 0, 26.70%, 0, 0, 5, 283.58, 1190878, 558, 0, 0
4679, 26, 331, 377, 0, 0, 26.70%, 0, 0, 5, 297.88, 1192161, 558, 0, 0
4684, 26, 312, 377, 0, 0, 26.70%, 0, 0, 5, 286.15, 1193416, 558, 0, 0
4690, 26, 305, 377, 0, 0, 26.70%, 0, 0, 5, 296.33, 1194721, 558, 0, 0
4695, 27, 85, 377, 0, 0, 26.70%, 0, 0, 5, 297.89, 1196021, 558, 0, 0
4700, 27, 207, 377, 0, 0, 26.70%, 0, 0, 5, 299.92, 1197321, 558, 0, 0
4705, 27, 72, 377, 0, 0, 26.70%, 0, 0, 5, 257.75, 1198621, 558, 0, 0
4710, 27, 172, 377, 0, 0, 26.70%, 0, 0, 5, 257.62, 1199851, 558, 0, 0
4715, 27, 328, 377, 0, 0, 26.70%, 0, 0, 5, 222.77, 1201066, 558, 0, 0
4720, 27, 328, 377, 0, 0, 26.70%, 0, 0, 5, 263.86, 1202336, 558, 0, 0
4725, 27, 65, 377, 0, 0, 26.70%, 0, 0, 5, 281.14, 1203661, 558, 0, 0
4730, 27, 85, 377, 0, 0, 26.70%, 0, 0, 5, 294.77, 1204916, 558, 0, 0
4735, 27, 351, 377, 0, 0, 26.70%, 0, 0, 5, 262.15, 1206111, 558, 0, 0
4740, 27, 172, 377, 0, 0, 26.70%, 0, 0, 5, 293.73, 1207381, 558, 0, 0
4746, 27, 178, 377, 0, 0, 26.70%, 0, 0, 5, 287.36, 1208706, 558, 0, 0
4751, 27, 225, 377, 0, 0, 26.70%, 0, 0, 5, 288.42, 1210011, 558, 0, 0
4756, 27, 329, 377, 0, 0, 26.70%, 0, 0, 5, 297.03, 1211171, 558, 0, 0
4761, 27, 85, 377, 0, 0, 26.70%, 0, 0, 5, 182.93, 1212472, 558, 0, 0
4766, 27, 329, 377, 0, 0, 26.70%, 0, 0, 5, 224.97, 1213735, 558, 0, 0
4771, 27, 305, 377, 0, 0, 26.70%, 0, 0, 5, 276.46, 1215021, 558, 0, 0
4776, 27, 102, 377, 0, 0, 26.70%, 0, 0, 5, 288.56, 1216229, 558, 0, 0
4782, 27, 305, 377, 0, 0, 26.70%, 0, 0, 5, 292.22, 1217551, 558, 0, 0
4787, 27, 320, 377, 0, 0, 26.70%, 0, 0, 5, 295.43, 1218831, 558, 0, 0
4792, 27, 359, 377, 0, 0, 26.70%, 0, 0, 5, 291.86, 1220041, 558, 0, 0
4797, 27, 238, 377, 0, 0, 26.70%, 0, 0, 5, 267.16, 1221286, 558, 0, 0
4802, 27, 225, 377, 0, 0, 26.70%, 0, 0, 5, 206.23, 1222507, 558, 0, 0
4807, 27, 79, 377, 0, 0, 26.70%, 0, 0, 5, 279.45, 1223806, 558, 0, 0
4812, 27, 347, 377, 0, 0, 26.70%, 0, 0, 5, 251.54, 1225026, 558, 0, 0
4817, 27, 313, 377, 0, 0, 26.70%, 0, 0, 5, 297.22, 1226326, 558, 0, 0
4822, 27, 172, 377, 0, 0, 26.70%, 0, 0, 5, 302.13, 1227617, 558, 0, 0
4827, 27, 342, 377, 0, 0, 26.70%, 0, 0, 5, 287.88, 1228881, 558, 0, 0
4832, 27, 53, 377, 0, 0, 26.70%, 0, 0, 5, 301.98, 1230047, 558, 0, 0
4838, 27, 0, 377, 0, 0, 26.70%, 0, 0, 5, 284.74, 1231376, 558, 0, 0
4843, 27, 328, 377, 0, 0, 26.70%, 0, 0, 5, 246.05, 1232676, 558, 0, 0
4848, 27, 173, 377, 0, 0, 26.70%, 0, 0, 5, 305.76, 1233907, 558, 0, 0
4853, 28, 357, 377, 0, 0, 26.70%, 0, 0, 5, 197.19, 1235228, 558, 0, 0
4858, 28, 305, 377, 0, 0, 26.70%, 0, 0, 5, 284.03, 1236471, 558, 0, 0
4863, 28, 88, 377, 0, 0, 26.70%, 0, 0, 5, 300.49, 1237697, 558, 0, 0
4868, 28, 351, 377, 0, 0, 26.70%, 0, 0, 5, 268.35, 1238986, 558, 0, 0
4874, 28, 53, 377, 0, 0, 26.70%, 0, 0, 5, 282.23, 1240291, 558, 0, 0
4879, 28, 179, 377, 0, 0, 26.70%, 0, 0, 5, 285.78, 1241556, 558, 0, 0
4884, 28, 282, 377, 0, 0, 26.70%, 0, 0, 5, 294.27, 1242746, 558, 0, 0
4889, 28, 305, 377, 0, 0, 26.70%, 0, 0, 5, 277.06, 1244010, 558, 0, 0
4894, 28, 328, 377, 0, 0, 26.70%, 0, 0, 5, 263.83, 1245206, 558, 0, 0
4899, 28, 238, 377, 0, 0, 26.70%, 0, 0, 5, 291.52, 1246451, 558, 0, 0
4904, 28, 133, 377, 0, 0, 26.70%, 0, 0, 5, 275.87, 1247691, 558, 0, 0
4909, 28, 69, 377, 0, 0, 26.70%, 0, 0, 5, 31.15, 1248946, 558, 0, 0
4914, 28, 351, 377, 0, 0, 26.70%, 0, 0, 5, 298.51, 1250211, 558, 0, 0
4919, 28, 242, 377, 0, 0, 26.70%, 0, 0, 5, 297.09, 1251546, 558, 0, 0
4925, 28, 126, 377, 0, 0, 26.70%, 0, 0, 5, 250.66, 1252821, 558, 0, 0
4930, 28, 53, 377, 0, 0, 26.70%, 0, 0, 5, 274.85, 1254016, 558, 0, 0
4935, 28, 176, 377, 0, 0, 26.70%, 0, 0, 5, 236.99, 1255266, 558, 0, 0
4940, 28, 179, 377, 0, 0, 26.70%, 0, 0, 5, 298.32, 1256466, 558, 0, 0
4945, 28, 238, 377, 0, 0, 26.70%, 0, 0, 5, 298.66, 1257781, 558, 0, 0
4950, 28, 238, 377, 0, 0, 26.70%, 0, 0, 5, 275.02, 1258991, 558, 0, 0
4955, 28, 207, 377, 0, 0, 26.70%, 0, 0, 5, 268.33, 1260196, 558, 0, 0
4960, 28, 53, 377, 0, 0, 26.70%, 0, 0, 5, 295.25, 1261501, 558, 0, 0
4966, 28, 26, 377, 0, 0, 26.70%, 0, 0, 5, 297.51, 1262796, 558, 0, 0
4971, 28, 329, 377, 0, 0, 26.70%, 0, 0, 5, 279.75, 1264106, 558, 0, 0
4976, 28, 85, 377, 0, 0, 26.70%, 0, 0, 5, 31.45, 1265331, 558, 0, 0
4981, 28, 328, 377, 0, 0, 26.70%, 0, 0, 5, 298.24, 1266591, 558, 0, 0
4986, 28, 159, 377, 0, 0, 26.70%, 0, 0, 5, 289.28, 1267896, 558, 0, 0
4991, 28, 308, 377, 0, 0, 26.70%, 0, 0, 5, 301.57, 1269184, 558, 0, 0
4996, 28, 313, 377, 0, 0, 26.70%, 0, 0, 5, 31.37, 1270380, 558, 0, 0
5001, 28, 329, 377, 0, 0, 26.70%, 0, 0, 5, 299.80, 1271666, 558, 0, 0
5006, 28, 80, 377, 0, 0, 26.70%, 0, 0, 5, 264.79, 1272951, 558, 0, 0
5011, 28, 238, 377, 0, 0, 26.70%, 0, 0, 5, 291.47, 1274226, 558, 0, 0
5017, 29, 126, 377, 0, 0, 26.70%, 0, 0, 5, 288.56, 1275429, 558, 0, 0
5022, 29, 50, 377, 0, 0, 26.70%, 0, 0, 5, 273.88, 1276741, 558, 0, 0
5027, 29, 359, 377, 0, 0, 26.70%, 0, 0, 5, 301.53, 1278004, 558, 0, 0
5032, 29, 159, 377, 0, 0, 26.70%, 0, 0, 5, 271.89, 1279311, 558, 0, 0
5037, 29, 176, 377, 0, 0, 26.70%, 0, 0, 5, 291.16, 1280576, 558, 0, 0
5042, 29, 157, 377, 0, 0, 26.70%, 0, 0, 5, 31.25, 1281786, 558, 0, 0
5047, 29, 359, 377, 0, 0, 26.70%, 0, 0, 5, 303.48, 1283062, 558, 0, 0
5052, 29, 26, 377, 0, 0, 26.70%, 0, 0, 5, 292.49, 1284341, 558, 0, 0
5057, 29, 240, 377, 0, 0, 26.70%, 0, 0, 5, 295.68, 1285621, 558, 0, 0
5062, 29, 50, 377, 0, 0, 26.70%, 0, 0, 5, 293.25, 1286896, 558, 0, 0
5068, 29, 85, 377, 0, 0, 26.70%, 0, 0, 5, 251.17, 1288121, 558, 0, 0
5073, 29, 143, 377, 0, 0, 26.70%, 0, 0, 5, 294.22, 1289406, 558, 0, 0
5078, 29, 68, 377, 0, 0, 26.70%, 0, 0, 5, 294.91, 1290726, 558, 0, 0
5083, 29, 186, 377, 0, 0, 26.70%, 0, 0, 5, 301.27, 1292007, 558, 0, 0
5088, 29, 199, 377, 0, 0, 26.70%, 0, 0, 5, 282.41, 1293291, 558, 0, 0
5093, 29, 328, 377, 0, 0, 26.70%, 0, 0, 5, 180.12, 1294535, 558, 0, 0
5098, 29, 351, 377, 0, 0, 26.70%, 0, 0, 5, 248.05, 1295839, 558, 0, 0
5104, 29, 53, 377, 0, 0, 26.70%, 0, 0, 5, 261.22, 1297136, 558, 0, 0
5109, 29, 359, 377, 0, 0, 26.70%, 0, 0, 5, 285.28, 1298366, 558, 0, 0
5114, 29, 275, 377, 0, 0, 26.70%, 0, 0, 5, 274.45, 1299576, 558, 0, 0
5119, 29, 192, 377, 0, 0, 26.70%, 0, 0, 5, 274.27, 1300891, 558, 0, 0
5124, 29, 172, 377, 0, 0, 26.70%, 0, 0, 5, 286.92, 1302176, 558, 0, 0
5129, 29, 199, 377, 0, 0, 26.70%, 0, 0, 5, 46.81, 1303396, 558, 0, 0
5134, 29, 172, 377, 0, 0, 26.70%, 0, 0, 5, 236.67, 1304685, 558, 0, 0
5139, 29, 209, 377, 0, 0, 26.70%, 0, 0, 5, 284.35, 1305936, 558, 0, 0
5144, 29, 50, 377, 0, 0, 26.70%, 0, 0, 5, 280.27, 1307186, 558, 0, 0
5150, 29, 126, 377, 0, 0, 26.70%, 0, 0, 5, 44.78, 1308441, 558, 0, 0
5155, 29, 176, 377, 0, 0, 26.70%, 0, 0, 5, 215.11, 1309706, 558, 0, 0
5160, 29, 225, 377, 0, 0, 26.70%, 0, 0, 5, 291.65, 1311001, 558, 0, 0
5165, 29, 172, 377, 0, 0, 26.70%, 0, 0, 5, 279.54, 1312306, 558, 0, 0
5170, 30, 359, 377, 0, 0, 26.70%, 0, 0, 5, 35.84, 1313536, 558, 0, 0
5175, 30, 261, 377, 0, 0, 26.70%, 0, 0, 5, 295.98, 1314841, 558, 0, 0
5180, 30, 328, 377, 0, 0, 26.70%, 0, 0, 5, 231.52, 1316137, 558, 0, 0
5185, 30, 372, 377, 0, 0, 26.70%, 0, 0, 5, 232.37, 1317357, 558, 0, 0
5191, 30, 5, 377, 0, 0, 26.70%, 0, 0, 5, 274.40, 1318611, 558, 0, 0
5196, 30, 245, 377, 0, 0, 26.70%, 0, 0, 5, 287.79, 1319881, 558, 0, 0
5201, 30, 53, 377, 0, 0, 26.70%, 0, 0, 5, 295.05, 1321201, 558, 0, 0
5206, 30, 351, 377, 0, 0, 26.70%, 0, 0, 5, 295.50, 1322516, 558, 0, 0
5211, 30, 351, 377, 0, 0, 26.70%, 0, 0, 5, 60.14, 1323751, 558, 0, 0
5216, 30, 255, 377, 0, 0, 26.70%, 0, 0, 5, 285.62, 1325016, 558, 0, 0
5221, 30, 179, 377, 0, 0, 26.70%, 0, 0, 5, 292.34, 1326291, 558, 0, 0
5226, 30, 85, 377, 0, 0, 26.70%, 0, 0, 5, 246.70, 1327582, 558, 0, 0
5231, 30, 85, 377, 0, 0, 26.70%, 0, 0, 5, 283.48, 1328796, 558, 0, 0
5237, 30, 225, 377, 0, 0, 26.70%, 0, 0, 5, 267.33, 1330045, 558, 0, 0
5242, 30, 176, 377, 0, 0, 26.70%, 0, 0, 5, 274.85, 1331341, 558, 0, 0
5247, 30, 359, 377, 0, 0, 26.70%, 0, 0, 5, 282.37, 1332621, 558, 0, 0
5252, 30, 359, 377, 0, 0, 26.70%, 0, 0, 5, 234.82, 1333911, 558, 0, 0
5257, 30, 159, 377, 0, 0, 26.70%, 0, 0, 5, 44.64, 1335071, 558, 0, 0
5262, 30, 2, 377, 0, 0, 26.70%, 0, 0, 5, 282.10, 1336361, 558, 0, 0
5267, 30, 344, 377, 0, 0, 26.70%, 0, 0, 5, 294.34, 1337676, 558, 0, 0
5272, 30, 172, 377, 0, 0, 26.70%, 0, 0, 5, 291.72, 1338928, 558, 0, 0
5277, 30, 179, 377, 0, 0, 26.70%, 0, 0, 5, 36.90, 1340123, 558, 0, 0
5282, 30, 238, 377, 0, 0, 26.70%, 0, 0, 5, 293.55, 1341418, 558, 0, 0
5288, 30, 248, 377, 0, 0, 26.70%, 0, 0, 5, 302.19, 1342670, 558, 0, 0
5293, 30, 126, 377, 0, 0, 26.70%, 0, 0, 5, 283.92, 1343956, 558, 0, 0
5298, 30, 172, 377, 0, 0, 26.70%, 0, 0, 5, 283.33, 1345251, 558, 0, 0
5303, 30, 154, 377, 0, 0, 26.70%, 0, 0, 5, 287.30, 1346486, 558, 0, 0
5308, 30, 210, 377, 0, 0, 26.70%, 0, 0, 5, 180.89, 1347781, 558, 0, 0
5313, 30, 142, 377, 0, 0, 26.70%, 0, 0, 5, 285.98, 1349101, 558, 0, 0
5318, 30, 313, 377, 0, 0, 26.70%, 0, 0, 5, 301.98, 1350294, 558, 0, 0
5323, 30, 238, 377, 0, 0, 26.70%, 0, 0, 5, 290.19, 1351586, 558, 0, 0
5329, 31, 249, 377, 0, 0, 26.70%, 0, 0, 5, 271.69, 1352876, 558, 0, 0
5334, 31, 248, 377, 0, 0, 26.70%, 0, 0, 5, 290.00, 1354089, 558, 0, 0
5339, 31, 93, 377, 0, 0, 26.70%, 0, 0, 5, 293.76, 1355371, 558, 0, 0
5344, 31, 53, 377, 0, 0, 26.70%, 0, 0, 5, 281.71, 1356676, 558, 0, 0
5349, 31, 157, 377, 0, 0, 26.70%, 0, 0, 5, 278.51, 1357981, 558, 0, 0
5354, 31, 209, 377, 0, 0, 26.70%, 0, 0, 5, 277.02, 1359286, 558, 0, 0
5359, 31, 172, 377, 0, 0, 26.70%, 0, 0, 5, 274.75, 1360541, 558, 0, 0
5364, 31, 192, 377, 0, 0, 26.70%, 0, 0, 5, 297.03, 1361713, 558, 0, 0
5370, 31, 342, 377, 0, 0, 26.70%, 0, 0, 5, 293.81, 1362991, 558, 0, 0
5375, 31, 192, 377, 0, 0, 26.70%, 0, 0, 5, 276.39, 1364286, 558, 0, 0
5380, 31, 238, 377, 0, 0, 26.70%, 0, 0, 5, 301.54, 1365501, 558, 0, 0
5385, 31, 359, 377, 0, 0, 26.70%, 0, 0, 5, 292.15, 1366811, 558, 0, 0
5390, 31, 133, 377, 0, 0, 26.70%, 0, 0, 5, 272.01, 1368076, 558, 0, 0
5395, 31, 359, 377, 0, 0, 26.70%, 0, 0, 5, 269.51, 1369336, 558, 0, 0
5400, 31, 359, 377, 0, 0, 26.70%, 0, 0, 5, 271.90, 1370621, 558, 0, 0
5405, 31, 368, 377, 0, 0, 26.70%, 0, 0, 5, 259.21, 1371841, 558, 0, 0
5410, 31, 147, 377, 0, 0, 26.70%, 0, 0, 5, 299.91, 1373101, 558, 0, 0
5415, 31, 305, 377, 0, 0, 26.70%, 0, 0, 5, 47.39, 1374266, 558, 0, 0
5421, 31, 359, 377, 0, 0, 26.70%, 0, 0, 5, 295.31, 1375566, 558, 0, 0
5426, 31, 157, 377, 0, 0, 26.70%, 0, 0, 5, 282.40, 1376901, 558, 0, 0
5431, 31, 176, 377, 0, 0, 26.70%, 0, 0, 5, 286.73, 1378166, 558, 0, 0
5436, 31, 238, 377, 0, 0, 26.70%, 0, 0, 5, 195.48, 1379355, 558, 0, 0
5441, 31, 238, 377, 0, 0, 26.70%, 0, 0, 5, 304.16, 1380683, 558, 0, 0
5446, 31, 50, 377, 0, 0, 26.70%, 0, 0, 5, 294.12, 1381991, 558, 0, 0
5451, 31, 157, 377, 0, 0, 26.70%, 0, 0, 5, 38.30, 1383170, 558, 0, 0
5456, 31, 351, 377, 0, 0, 26.70%, 0, 0, 5, 292.08, 1384390, 558, 0, 0
5461, 31, 225, 377, 0, 0, 26.70%, 0, 0, 5, 295.46, 1385656, 558, 0, 0
5467, 31, 225, 377, 0, 0, 26.70%, 0, 0, 5, 294.90, 1386951, 558, 0, 0
5472, 31, 238, 377, 0, 0, 26.70%, 0, 0, 5, 295.58, 1388236, 558, 0, 0
5477, 31, 359, 377, 0, 0, 26.70%, 0, 0, 5, 252.65, 1389531, 558, 0, 0
5482, 31, 359, 377, 0, 0, 26.70%, 0, 0, 5, 253.01, 1390711, 558, 0, 0
5487, 31, 67, 377, 0, 0, 26.70%, 0, 0, 5, 254.59, 1391996, 558, 0, 0
5492, 32, 351, 377, 0, 0, 26.70%, 0, 0, 5, 294.32, 1393296, 558, 0, 0
5497, 32, 229, 377, 0, 0, 26.70%, 0, 0, 5, 296.71, 1394606, 558, 0, 0
5502, 32, 205, 377, 0, 0, 26.70%, 0, 0, 5, 287.14, 1395901, 558, 0, 0
5507, 32, 225, 377, 0, 0, 26.70%, 0, 0, 5, 32.61, 1397130, 558, 0, 0
5513, 32, 357, 377, 0, 0, 26.70%, 0, 0, 5, 295.48, 1398431, 558, 0, 0
5518, 32, 50, 377, 0, 0, 26.70%, 0, 0, 5, 233.09, 1399690, 558, 0, 0
5523, 32, 126, 377, 0, 0, 26.70%, 0, 0, 5, 295.61, 1400986, 558, 0, 0
5528, 32, 173, 377, 0, 0, 26.70%, 0, 0, 5, 268.41, 1402241, 558, 0, 0
5533, 32, 155, 377, 0, 0, 26.70%, 0, 0, 5, 299.97, 1403489, 558, 0, 0
5538, 32, 83, 377, 0, 0, 26.70%, 0, 0, 5, 291.44, 1404770, 558, 0, 0
5543, 32, 285, 377, 0, 0, 26.70%, 0, 0, 5, 279.48, 1406061, 558, 0, 0
5548, 32, 107, 377, 0, 0, 26.70%, 0, 0, 5, 31.55, 1407301, 558, 0, 0
5553, 32, 68, 377, 0, 0, 26.70%, 0, 0, 5, 295.00, 1408570, 558, 0, 0
5558, 32, 179, 377, 0, 0, 26.70%, 0, 0, 5, 286.56, 1409846, 558, 0, 0
5564, 32, 329, 377, 0, 0, 26.70%, 0, 0, 5, 294.09, 1411146, 558, 0, 0
5569, 32, 85, 377, 0, 0, 26.70%, 0, 0, 5, 289.53, 1412416, 558, 0, 0
5574, 32, 173, 377, 0, 0, 26.70%, 0, 0, 5, 272.30, 1413631, 558, 0, 0
5579, 32, 171, 377, 0, 0, 26.70%, 0, 0, 5, 290.24, 1414911, 558, 0, 0
5584, 32, 5, 377, 0, 0, 26.70%, 0, 0, 5, 291.94, 1416221, 558, 0, 0
5589, 32, 220, 377, 0, 0, 26.70%, 0, 0, 5, 291.38, 1417476, 558, 0, 0
5594, 32, 67, 377, 0, 0, 26.70%, 0, 0, 5, 34.62, 1418670, 558, 0, 0
5599, 32, 174, 377, 0, 0, 26.70%, 0, 0, 5, 257.12, 1419986, 558, 0, 0
5604, 32, 126, 377, 0, 0, 26.70%, 0, 0, 5, 256.88, 1421266, 558, 0, 0
5610, 32, 85, 377, 0, 0, 26.70%, 0, 0, 5, 289.56, 1422561, 558, 0, 0
5615, 32, 305, 377, 0, 0, 26.70%, 0, 0, 5, 287.12, 1423891, 558, 0, 0
5620, 32, 126, 377, 0, 0, 26.70%, 0, 0, 5, 274.80, 1425161, 558, 0, 0
5625, 32, 37, 377, 0, 0, 26.70%, 0, 0, 5, 294.30, 1426466, 558, 0, 0
5630, 32, 238, 377, 0, 0, 26.70%, 0, 0, 5, 267.78, 1427661, 558, 0, 0
5635, 32, 215, 377, 0, 0, 26.70%, 0, 0, 5, 256.69, 1428891, 558, 0, 0
5640, 32, 128, 377, 0, 0, 26.70%, 0, 0, 5, 292.77, 1430216, 558, 0, 0
5645, 32, 211, 377, 0, 0, 26.70%, 0, 0, 5, 273.16, 1431541, 558, 0, 0
5650, 33, 85, 377, 0, 0, 26.70%, 0, 0, 5, 284.61, 1432826, 558, 0, 0
5655, 33, 111, 377, 0, 0, 26.70%, 0, 0, 5, 278.40, 1434031, 558, 0, 0
5661, 33, 126, 377, 0, 0, 26.70%, 0, 0, 5, 46.30, 1435306, 558, 0, 0
5666, 33, 51, 377, 0, 0, 26.70%, 0, 0, 5, 287.59, 1436616, 558, 0, 0
5671, 33, 63, 377, 0, 0, 26.70%, 0, 0, 5, 290.07, 1437846, 558, 0, 0
5676, 33, 85, 377, 0, 0, 26.70%, 0, 0, 5, 296.76, 1439121, 558, 0, 0
5681, 33, 126, 377, 0, 0, 26.70%, 0, 0, 5, 193.50, 1440408, 558, 0, 0
5686, 33, 176, 377, 0, 0, 26.70%, 0, 0, 5, 258.00, 1441731, 558, 0, 0
5691, 33, 329, 377, 0, 0, 26.70%, 0, 0, 5, 31.15, 1442981, 558, 0, 0
5696, 33, 290, 377, 0, 0, 26.70%, 0, 0, 5, 45.11, 1444260, 558, 0, 0
5701, 33, 159, 377, 0, 0, 26.70%, 0, 0, 5, 250.00, 1445571, 558, 0, 0
5707, 33, 110, 377, 0, 0, 26.70%, 0, 0, 5, 295.36, 1446911, 558, 0, 0
5712, 33, 14, 377, 0, 0, 26.70%, 0, 0, 5, 297.23, 1448231, 558, 0, 0
5717, 33, 157, 377, 0, 0, 26.70%, 0, 0, 5, 287.54, 1449526, 558, 0, 0
5722, 33, 238, 377, 0, 0, 26.70%, 0, 0, 5, 279.57, 1450820, 558, 0, 0
5727, 33, 354, 377, 0, 0, 26.70%, 0, 0, 5, 278.61, 1452120, 558, 0, 0
5732, 33, 359, 377, 0, 0, 26.70%, 0, 0, 5, 284.29, 1453371, 558, 0, 0
5737, 33, 159, 377, 0, 0, 26.70%, 0, 0, 5, 281.64, 1454646, 558, 0, 0
5743, 33, 157, 377, 0, 0, 26.70%, 0, 0, 5, 258.97, 1455931, 558, 0, 0
5748, 33, 305, 377, 0, 0, 26.70%, 0, 0, 5, 267.35, 1457236, 558, 0, 0
5753, 33, 276, 377, 0, 0, 26.70%, 0, 0, 5, 267.92, 1458531, 558, 0, 0
5758, 33, 359, 377, 0, 0, 26.70%, 0, 0, 5, 284.25, 1459796, 558, 0, 0
5763, 33, 5, 377, 0, 0, 26.70%, 0, 0, 5, 269.21, 1461051, 558, 0, 0
5768, 33, 85, 377, 0, 0, 26.70%, 0, 0, 5, 299.37, 1462311, 558, 0, 0
5773, 33, 84, 377, 0, 0, 26.70%, 0, 0, 5, 297.12, 1463626, 558, 0, 0
5778, 33, 329, 377, 0, 0, 26.70%, 0, 0, 5, 289.97, 1464911, 558, 0, 0
5783, 33, 172, 377, 0, 0, 26.70%, 0, 0, 5, 295.55, 1466171, 558, 0, 0
5788, 33, 353, 377, 0, 0, 26.70%, 0, 0, 5, 43.67, 1467361, 558, 0, 0
5793, 33, 313, 377, 0, 0, 26.70%, 0, 0, 5, 133.66, 1468653, 558, 0, 0
5798, 33, 305, 377, 0, 0, 26.70%, 0, 0, 5, 289.12, 1469936, 558, 0, 0
5804, 34, 110, 377, 0, 0, 26.70%, 0, 0, 5, 293.52, 1471246, 558, 0, 0
5809, 34, 245, 377, 0, 0, 26.70%, 0, 0, 5, 272.05, 1472541, 558, 0, 0
5814, 34, 156, 377, 0, 0, 26.70%, 0, 0, 5, 283.48, 1473826, 558, 0, 0
5819, 34, 133, 377, 0, 0, 26.70%, 0, 0, 5, 273.47, 1475070, 558, 0, 0
5824, 34, 68, 377, 0, 0, 26.70%, 0, 0, 5, 292.37, 1476376, 558, 0, 0
5829, 34, 172, 377, 0, 0, 26.70%, 0, 0, 5, 263.60, 1477676, 558, 0, 0
5834, 34, 39, 377, 0, 0, 26.70%, 0, 0, 5, 294.78, 1478996, 558, 0, 0
5840, 34, 171, 377, 0, 0, 26.70%, 0, 0, 5, 283.91, 1480231, 558, 0, 0
5845, 34, 50, 377, 0, 0, 26.70%, 0, 0, 5, 295.49, 1481501, 558, 0, 0
5850, 34, 329, 377, 0, 0, 26.70%, 0, 0, 5, 42.81, 1482681, 558, 0, 0
5855, 34, 342, 377, 0, 0, 26.70%, 0, 0, 5, 297.62, 1483971, 558, 0, 0
5860, 34, 85, 377, 0, 0, 26.70%, 0, 0, 5, 275.73, 1485281, 558, 0, 0
5865, 34, 183, 377, 0, 0, 26.70%, 0, 0, 5, 303.20, 1486557, 558, 0, 0
5870, 34, 4, 377, 0, 0, 26.70%, 0, 0, 5, 281.09, 1487841, 558, 0, 0
5875, 34, 179, 377, 0, 0, 26.70%, 0, 0, 5, 251.32, 1489156, 558, 0, 0
5880, 34, 261, 377, 0, 0, 26.70%, 0, 0, 5, 40.32, 1490356, 558, 0, 0
5886, 34, 248, 377, 0, 0, 26.70%, 0, 0, 5, 274.53, 1491671, 558, 0, 0
5891, 34, 329, 377, 0, 0, 26.70%, 0, 0, 5, 283.08, 1492906, 558, 0, 0
5896, 34, 111, 377, 0, 0, 26.70%, 0, 0, 5, 297.16, 1494186, 558, 0, 0
5901, 34, 198, 377, 0, 0, 26.70%, 0, 0, 5, 276.29, 1495506, 558, 0, 0
5906, 34, 202, 377, 0, 0, 26.70%, 0, 0, 5, 278.34, 1496736, 558, 0, 0
5911, 34, 347, 377, 0, 0, 26.70%, 0, 0, 5, 267.21, 1498011, 558, 0, 0
5916, 34, 210, 377, 0, 0, 26.70%, 0, 0, 5, 289.12, 1499321, 558, 0, 0
5921, 34, 329, 377, 0, 0, 26.70%, 0, 0, 5, 267.44, 1500561, 558, 0, 0
5926, 34, 179, 377, 0, 0, 26.70%, 0, 0, 5, 297.28, 1501851, 558, 0, 0
5931, 34, 200, 377, 0, 0, 26.70%, 0, 0, 5, 279.59, 1503136, 558, 0, 0
5936, 34, 359, 377, 0, 0, 26.70%, 0, 0, 5, 296.41, 1504441, 558, 0, 0
5942, 34, 276, 377, 0, 0, 26.70%, 0, 0, 5, 262.15, 1505656, 558, 0, 0
5947, 34, 192, 377, 0, 0, 26.70%, 0, 0, 5, 296.67, 1506941, 558, 0, 0
5952, 34, 329, 377, 0, 0, 26.70%, 0, 0, 5, 266.53, 1508191, 558, 0, 0
5957, 34, 342, 377, 0, 0, 26.70%, 0, 0, 5, 293.23, 1509456, 558, 0, 0
5962, 35, 244, 377, 0, 0, 26.70%, 0, 0, 5, 296.40, 1510751, 558, 0, 0
5967, 35, 133, 377, 0, 0, 26.70%, 0, 0, 5, 299.02, 1512046, 558, 0, 0
5972, 35, 73, 377, 0, 0, 26.70%, 0, 0, 5, 198.02, 1513256, 558, 0, 0
5977, 35, 305, 377, 0, 0, 26.70%, 0, 0, 5, 279.42, 1514551, 558, 0, 0
5982, 35, 225, 377, 0, 0, 26.70%, 0, 0, 5, 298.78, 1515886, 558, 0, 0
5988, 35, 249, 377, 0, 0, 26.70%, 0, 0, 5, 282.41, 1517191, 558, 0, 0
5993, 35, 1, 377, 0, 0, 26.70%, 0, 0, 5, 235.00, 1518338, 558, 0, 0
5998, 35, 50, 377, 0, 0, 26.70%, 0, 0, 5, 248.44, 1519636, 558, 0, 0
6003, 35, 173, 377, 0, 0, 26.70%, 0, 0, 5, 262.10, 1520951, 558, 0, 0
6008, 35, 328, 377, 0, 0, 26.70%, 0, 0, 5, 288.94, 1522261, 558, 0, 0
6013, 35, 71, 377, 0, 0, 26.70%, 0, 0, 5, 295.57, 1523491, 558, 0, 0
6018, 35, 208, 377, 0, 0, 26.70%, 0, 0, 5, 254.31, 1524821, 558, 0, 0
6024, 35, 179, 377, 0, 0, 26.70%, 0, 0, 5, 270.18, 1526095, 558, 0, 0
6029, 35, 329, 377, 0, 0, 26.70%, 0, 0, 5, 258.22, 1527321, 558, 0, 0
6034, 35, 248, 377, 0, 0, 26.70%, 0, 0, 5, 268.68, 1528551, 558, 0, 0
6039, 35, 328, 377, 0, 0, 26.70%, 0, 0, 5, 263.85, 1529866, 558, 0, 0
6044, 35, 328, 377, 0, 0, 26.70%, 0, 0, 5, 297.88, 1531161, 558, 0, 0
6049, 35, 9, 377, 0, 0, 26.70%, 0, 0, 5, 295.00, 1532401, 558, 0, 0
6054, 35, 126, 377, 0, 0, 26.70%, 0, 0, 5, 267.14, 1533661, 558, 0, 0
6060, 35, 75, 377, 0, 0, 26.70%, 0, 0, 5, 250.03, 1534959, 558, 0, 0
6065, 35, 238, 377, 0, 0, 26.70%, 0, 0, 5, 291.02, 1536206, 558, 0, 0
6070, 35, 5, 377, 0, 0, 26.70%, 0, 0, 5, 285.50, 1537421, 558, 0, 0
6075, 35, 179, 377, 0, 0, 26.70%, 0, 0, 5, 286.70, 1538721, 558, 0, 0
6080, 35, 176, 377, 0, 0, 26.70%, 0, 0, 5, 240.76, 1539995, 558, 0, 0
6085, 35, 359, 377, 0, 0, 26.70%, 0, 0, 5, 49.02, 1541231, 558, 0, 0
6090, 35, 255, 377, 0, 0, 26.70%, 0, 0, 5, 276.05, 1542511, 558, 0, 0
6095, 35, 126, 377, 0, 0, 26.70%, 0, 0, 5, 276.64, 1543806, 558, 0, 0
6100, 35, 179, 377, 0, 0, 26.70%, 0, 0, 5, 280.96, 1545076, 558, 0, 0
6106, 35, 257, 377, 0, 0, 26.70%, 0, 0, 5, 267.82, 1546276, 558, 0, 0
6111, 35, 6, 377, 0, 0, 26.70%, 0, 0, 5, 205.57, 1547534, 558, 0, 0
6116, 36, 155, 377, 0, 0, 26.70%, 0, 0, 5, 297.04, 1548791, 558, 0, 0
6121, 36, 157, 377, 0, 0, 26.70%, 0, 0, 5, 295.58, 1550061, 558, 0, 0
6126, 36, 170, 377, 0, 0, 26.70%, 0, 0, 5, 287.71, 1551306, 558, 0, 0
6131, 36, 5, 377, 0, 0, 26.70%, 0, 0, 5, 287.13, 1552491, 558, 0, 0
6136, 36, 14, 377, 0, 0, 26.70%, 0, 0, 5, 291.94, 1553806, 558, 0, 0
6141, 36, 359, 377, 0, 0, 26.70%, 0, 0, 5, 297.46, 1555070, 558, 0, 0
6146, 36, 329, 377, 0, 0, 26.70%, 0, 0, 5, 33.44, 1556316, 558, 0, 0
6151, 36, 305, 377, 0, 0, 26.70%, 0, 0, 5, 271.59, 1557591, 558, 0, 0
6156, 36, 179, 377, 0, 0, 26.70%, 0, 0, 5, 261.15, 1558831, 558, 0, 0
6161, 36, 194, 377, 0, 0, 26.70%, 0, 0, 5, 278.88, 1560136, 558, 0, 0
6166, 36, 176, 377, 0, 0, 26.70%, 0, 0, 5, 252.47, 1561316, 558, 0, 0
6172, 36, 172, 377, 0, 0, 26.70%, 0, 0, 5, 291.37, 1562616, 558, 0, 0
6177, 36, 192, 377, 0, 0, 26.70%, 0, 0, 5, 279.82, 1563926, 558, 0, 0
6182, 36, 351, 377, 0, 0, 26.70%, 0, 0, 5, 279.04, 1565196, 558, 0, 0
6187, 36, 359, 377, 0, 0, 26.70%, 0, 0, 5, 297.23, 1566431, 558, 0, 0
6192, 36, 220, 377, 0, 0, 26.70%, 0, 0, 5, 238.60, 1567755, 558, 0, 0
6197, 36, 359, 377, 0, 0, 26.70%, 0, 0, 5, 273.46, 1569026, 558, 0, 0
6202, 36, 85, 377, 0, 0, 26.70%, 0, 0, 5, 33.78, 1570216, 558, 0, 0
6207, 36, 53, 377, 0, 0, 26.70%, 0, 0, 5, 259.38, 1571506, 558, 0, 0
6213, 36, 351, 377, 0, 0, 26.70%, 0, 0, 5, 275.78, 1572816, 558, 0, 0
6218, 36, 133, 377, 0, 0, 26.70%, 0, 0, 5, 293.03, 1574076, 558, 0, 0
6223, 36, 153, 377, 0, 0, 26.70%, 0, 0, 5, 272.15, 1575361, 558, 0, 0
6228, 36, 179, 377, 0, 0, 26.70%, 0, 0, 5, 271.25, 1576566, 558, 0, 0
6233, 36, 95, 377, 0, 0, 26.70%, 0, 0, 5, 257.44, 1577856, 558, 0, 0
6238, 36, 63, 377, 0, 0, 26.70%, 0, 0, 5, 293.53, 1579156, 558, 0, 0
6243, 36, 85, 377, 0, 0, 26.70%, 0, 0, 5, 277.82, 1580481, 558, 0, 0
6249, 36, 328, 377, 0, 0, 26.70%, 0, 0, 5, 275.86, 1581682, 558, 0, 0
6254, 36, 215, 377, 0, 0, 26.70%, 0, 0, 5, 269.07, 1582951, 558, 0, 0
6259, 36, 238, 377, 0, 0, 26.70%, 0, 0, 5, 289.46, 1584236, 558, 0, 0
6264, 36, 133, 377, 0, 0, 26.70%, 0, 0, 5, 294.94, 1585536, 558, 0, 0
6269, 36, 312, 377, 0, 0, 26.70%, 0, 0, 5, 275.37, 1586821, 558, 0, 0
6274, 37, 126, 377, 0, 0, 26.70%, 0, 0, 5, 281.58, 1588081, 558, 0, 0
6279, 37, 359, 377, 0, 0, 26.70%, 0, 0, 5, 285.01, 1589345, 558, 0, 0
6284, 37, 9, 377, 0, 0, 26.70%, 0, 0, 5, 42.13, 1590602, 558, 0, 0
6289, 37, 238, 377, 0, 0, 26.70%, 0, 0, 5, 297.71, 1591916, 558, 0, 0
6294, 37, 293, 377, 0, 0, 26.70%, 0, 0, 5, 280.02, 1593211, 558, 0, 0
6300, 37, 153, 377, 0, 0, 26.70%, 0, 0, 5, 291.72, 1594516, 558, 0, 0
6305, 37, 191, 377, 0, 0, 26.70%, 0, 0, 5, 295.29, 1595831, 558, 0, 0
6310, 37, 216, 377, 0, 0, 26.70%, 0, 0, 5, 48.95, 1597045, 558, 0, 0
6315, 37, 157, 377, 0, 0, 26.70%, 0, 0, 5, 301.74, 1598312, 558, 0, 0
6320, 37, 148, 377, 0, 0, 26.70%, 0, 0, 5, 31.45, 1599591, 558, 0, 0
6325, 37, 89, 377, 0, 0, 26.70%, 0, 0, 5, 244.70, 1600886, 558, 0, 0
6330, 37, 196, 377, 0, 0, 26.70%, 0, 0, 5, 291.51, 1602191, 558, 0, 0
6335, 37, 85, 377, 0, 0, 26.70%, 0, 0, 5, 43.39, 1603353, 558, 0, 0
6340, 37, 291, 377, 0, 0, 26.70%, 0, 0, 5, 295.57, 1604620, 558, 0, 0
6346, 37, 176, 377, 0, 0, 26.70%, 0, 0, 5, 286.88, 1605941, 558, 0, 0
6351, 37, 126, 377, 0, 0, 26.70%, 0, 0, 5, 278.25, 1607226, 558, 0, 0
6356, 37, 159, 377, 0, 0, 26.70%, 0, 0, 5, 248.95, 1608557, 558, 0, 0
6361, 37, 359, 377, 0, 0, 26.70%, 0, 0, 5, 32.79, 1609771, 558, 0, 0
6366, 37, 75, 377, 0, 0, 26.70%, 0, 0, 5, 32.15, 1610996, 558, 0, 0
6371, 37, 313, 377, 0, 0, 26.70%, 0, 0, 5, 296.52, 1612306, 558, 0, 0
6376, 37, 235, 377, 0, 0, 26.70%, 0, 0, 5, 273.00, 1613616, 558, 0, 0
6382, 37, 329, 377, 0, 0, 26.70%, 0, 0, 5, 51.94, 1614813, 558, 0, 0
6387, 37, 126, 377, 0, 0, 26.70%, 0, 0, 5, 268.81, 1616126, 558, 0, 0
6392, 37, 148, 377, 0, 0, 26.70%, 0, 0, 5, 276.21, 1617431, 558, 0, 0
6397, 37, 357, 377, 0, 0, 26.70%, 0, 0, 5, 278.65, 1618756, 558, 0, 0
6402, 37, 172, 377, 0, 0, 26.70%, 0, 0, 5, 296.28, 1620076, 558, 0, 0
6407, 37, 329, 377, 0, 0, 26.70%, 0, 0, 5, 272.46, 1621286, 558, 0, 0
6413, 37, 372, 377, 0, 0, 26.70%, 0, 0, 5, 263.79, 1622601, 558, 0, 0
6418, 37, 328, 377, 0, 0, 26.70%, 0, 0, 5, 289.64, 1623921, 558, 0, 0
6423, 37, 359, 377, 0, 0, 26.70%, 0, 0, 5, 41.84, 1625106, 558, 0, 0
6428, 37, 199, 377, 0, 0, 26.70%, 0, 0, 5, 285.34, 1626386, 558, 0, 0
6433, 38, 359, 377, 0, 0, 26.70%, 0, 0, 5, 289.92, 1627691, 558, 0, 0
6438, 38, 351, 377, 0, 0, 26.70%, 0, 0, 5, 290.51, 1628981, 558, 0, 0
6443, 38, 9, 377, 0, 0, 26.70%, 0, 0, 5, 262.82, 1630216, 558, 0, 0
6448, 38, 38, 377, 0, 0, 26.70%, 0, 0, 5, 259.49, 1631466, 558, 0, 0
6454, 38, 313, 377, 0, 0, 26.70%, 0, 0, 5, 276.30, 1632781, 558, 0, 0
6459, 38, 192, 377, 0, 0, 26.70%, 0, 0, 5, 290.14, 1634111, 558, 0, 0
6464, 38, 261, 377, 0, 0, 26.70%, 0, 0, 5, 40.16, 1635311, 558, 0, 0
6469, 38, 50, 377, 0, 0, 26.70%, 0, 0, 5, 293.83, 1636581, 558, 0, 0
6474, 38, 53, 377, 0, 0, 26.70%, 0, 0, 5, 297.16, 1637901, 558, 0, 0
6479, 38, 238, 377, 0, 0, 26.70%, 0, 0, 5, 287.79, 1639166, 558, 0, 0
6484, 38, 85, 377, 0, 0, 26.70%, 0, 0, 5, 245.87, 1640437, 558, 0, 0
6489, 38, 176, 377, 0, 0, 26.70%, 0, 0, 5, 283.75, 1641720, 558, 0, 0
6495, 38, 355, 377, 0, 0, 26.70%, 0, 0, 5, 273.45, 1643021, 558, 0, 0
6500, 38, 157, 377, 0, 0, 26.70%, 0, 0, 5, 283.60, 1644256, 558, 0, 0
6505, 38, 215, 377, 0, 0, 26.70%, 0, 0, 5, 293.34, 1645486, 558, 0, 0
6510, 38, 359, 377, 0, 0, 26.70%, 0, 0, 5, 215.42, 1646760, 558, 0, 0
6515, 38, 225, 377, 0, 0, 26.70%, 0, 0, 5, 295.24, 1648041, 558, 0, 0
6520, 38, 279, 377, 0, 0, 26.70%, 0, 0, 5, 292.41, 1649286, 558, 0, 0
6525, 38, 50, 377, 0, 0, 26.70%, 0, 0, 5, 298.45, 1650551, 558, 0, 0
6530, 38, 305, 377, 0, 0, 26.70%, 0, 0, 5, 291.51, 1651828, 558, 0, 0
6535, 38, 159, 377, 0, 0, 26.70%, 0, 0, 5, 214.79, 1653116, 558, 0, 0
6540, 38, 332, 377, 0, 0, 26.70%, 0, 0, 5, 38.76, 1654288, 558, 0, 0
6545, 38, 328, 377, 0, 0, 26.70%, 0, 0, 5, 270.30, 1655543, 558, 0, 0
6550, 38, 351, 377, 0, 0, 26.70%, 0, 0, 5, 299.14, 1656818, 558, 0, 0
6555, 38, 225, 377, 0, 0, 26.70%, 0, 0, 5, 291.87, 1658123, 558, 0, 0
6561, 38, 6, 377, 0, 0, 26.70%, 0, 0, 5, 228.97, 1659428, 558, 0, 0
6566, 38, 154, 377, 0, 0, 26.70%, 0, 0, 5, 296.43, 1660703, 558, 0, 0
6571, 38, 82, 377, 0, 0, 26.70%, 0, 0, 5, 263.50, 1661948, 558, 0, 0
6576, 38, 305, 377, 0, 0, 26.70%, 0, 0, 5, 258.95, 1663190, 558, 0, 0
6581, 38, 223, 377, 0, 0, 26.70%, 0, 0, 5, 275.35, 1664495, 558, 0, 0
6586, 38, 238, 377, 0, 0, 26.70%, 0, 0, 5, 290.66, 1665805, 558, 0, 0
6591, 39, 133, 377, 0, 0, 26.70%, 0, 0, 5, 292.07, 1667035, 558, 0, 0
6596, 39, 173, 377, 0, 0, 26.70%, 0, 0, 5, 292.08, 1668259, 558, 0, 0
6601, 39, 173, 377, 0, 0, 26.70%, 0, 0, 5, 289.99, 1669520, 558, 0, 0
6607, 39, 313, 377, 0, 0, 26.70%, 0, 0, 5, 280.62, 1670825, 558, 0, 0
6612, 39, 31, 377, 0, 0, 26.70%, 0, 0, 5, 288.49, 1672140, 558, 0, 0
6617, 39, 359, 377, 0, 0, 26.70%, 0, 0, 5, 293.43, 1673360, 558, 0, 0
6622, 39, 351, 377, 0, 0, 26.70%, 0, 0, 5, 297.22, 1674650, 558, 0, 0
6627, 39, 173, 377, 0, 0, 26.70%, 0, 0, 5, 272.20, 1675925, 558, 0, 0
6632, 39, 329, 377, 0, 0, 26.70%, 0, 0, 5, 39.06, 1677138, 558, 0, 0
6637, 39, 159, 377, 0, 0, 26.70%, 0, 0, 5, 285.62, 1678383, 558, 0, 0
6643, 39, 126, 377, 0, 0, 26.70%, 0, 0, 5, 281.61, 1679668, 558, 0, 0
6648, 39, 225, 377, 0, 0, 26.70%, 0, 0, 5, 294.32, 1680928, 558, 0, 0
6653, 39, 238, 377, 0, 0, 26.70%, 0, 0, 5, 244.96, 1682183, 558, 0, 0
6658, 39, 176, 377, 0, 0, 26.70%, 0, 0, 5, 293.78, 1683403, 558, 0, 0
6663, 39, 311, 377, 0, 0, 26.70%, 0, 0, 5, 197.65, 1684700, 558, 0, 0
6668, 39, 10, 377, 0, 0, 26.70%, 0, 0, 5, 245.99, 1685978, 558, 0, 0
6673, 39, 133, 377, 0, 0, 26.70%, 0, 0, 5, 305.42, 1687170, 558, 0, 0
6678, 39, 225, 377, 0, 0, 26.70%, 0, 0, 5, 295.67, 1688488, 558, 0, 0
6683, 39, 0, 377, 0, 0, 26.70%, 0, 0, 5, 272.61, 1689778, 558, 0, 0
6689, 39, 288, 377, 0, 0, 26.70%, 0, 0, 5, 30.67, 1690953, 558, 0, 0
6694, 39, 83, 377, 0, 0, 26.70%, 0, 0, 5, 245.75, 1692209, 558, 0, 0
6699, 39, 136, 377, 0, 0, 26.70%, 0, 0, 5, 302.80, 1693515, 558, 0, 0
6704, 39, 351, 377, 0, 0, 26.70%, 0, 0, 5, 298.93, 1694788, 558, 0, 0
6709, 39, 217, 377, 0, 0, 26.70%, 0, 0, 5, 167.71, 1696027, 558, 0, 0
6714, 39, 237, 377, 0, 0, 26.70%, 0, 0, 5, 47.58, 1697235, 558, 0, 0
6719, 39, 359, 377, 0, 0, 26.70%, 0, 0, 5, 301.40, 1698511, 558, 0, 0
6724, 39, 29, 377, 0, 0, 26.70%, 0, 0, 5, 299.38, 1699798, 558, 0, 0
6729, 39, 96, 377, 0, 0, 26.70%, 0, 0, 5, 183.17, 1701014, 558, 0, 0
6734, 39, 53, 377, 0, 0, 26.70%, 0, 0, 5, 237.59, 1702309, 558, 0, 0
6739, 39, 329, 377, 0, 0, 26.70%, 0, 0, 5, 296.82, 1703593, 558, 0, 0
6744, 39, 85, 377, 0, 0, 26.70%, 0, 0, 5, 275.30, 1704878, 558, 0, 0
6750, 40, 179, 377, 0, 0, 26.70%, 0, 0, 5, 40.82, 1705998, 558, 0, 0
6755, 40, 50, 377, 0, 0, 26.70%, 0, 0, 5, 44.28, 1707184, 558, 0, 0
6760, 40, 179, 377, 0, 0, 26.70%, 0, 0, 5, 271.74, 1708438, 558, 0, 0
6765, 40, 81, 377, 0, 0, 26.70%, 0, 0, 5, 277.93, 1709743, 558, 0, 0
6770, 40, 172, 377, 0, 0, 26.70%, 0, 0, 5, 285.89, 1710983, 558, 0, 0
6775, 40, 172, 377, 0, 0, 26.70%, 0, 0, 5, 274.02, 1712238, 558, 0, 0
6780, 40, 176, 377, 0, 0, 26.70%, 0, 0, 5, 294.35, 1713518, 558, 0, 0
6785, 40, 53, 377, 0, 0, 26.70%, 0, 0, 5, 292.76, 1714748, 558, 0, 0
6790, 40, 176, 377, 0, 0, 26.70%, 0, 0, 5, 266.91, 1715948, 558, 0, 0
6795, 40, 238, 377, 0, 0, 26.70%, 0, 0, 5, 290.64, 1717222, 558, 0, 0
6801, 40, 159, 377, 0, 0, 26.70%, 0, 0, 5, 228.86, 1718526, 558, 0, 0
6806, 40, 85, 377, 0, 0, 26.70%, 0, 0, 5, 296.19, 1719838, 558, 0, 0
6811, 40, 238, 377, 0, 0, 26.70%, 0, 0, 5, 292.68, 1721048, 558, 0, 0
6816, 40, 167, 377, 0, 0, 26.70%, 0, 0, 5, 264.27, 1722248, 558, 0, 0
6821, 40, 305, 377, 0, 0, 26.70%, 0, 0, 5, 224.87, 1723453, 558, 0, 0
6826, 40, 173, 377, 0, 0, 26.70%, 0, 0, 5, 37.45, 1724728, 558, 0, 0
6831, 40, 359, 377, 0, 0, 26.70%, 0, 0, 5, 303.45, 1726011, 558, 0, 0
6836, 40, 176, 377, 0, 0, 26.70%, 0, 0, 5, 240.00, 1727196, 558, 0, 0
6841, 40, 176, 377, 0, 0, 26.70%, 0, 0, 5, 251.55, 1728441, 558, 0, 0
6846, 40, 229, 377, 0, 0, 26.70%, 0, 0, 5, 270.20, 1729578, 558, 0, 0
6851, 40, 72, 377, 0, 0, 26.70%, 0, 0, 5, 257.44, 1730843, 558, 0, 0
6856, 40, 59, 377, 0, 0, 26.70%, 0, 0, 5, 253.13, 1732033, 558, 0, 0
6862, 40, 176, 377, 0, 0, 26.70%, 0, 0, 5, 260.54, 1733328, 558, 0, 0
6867, 40, 53, 377, 0, 0, 26.70%, 0, 0, 5, 298.51, 1734493, 558, 0, 0
6872, 40, 359, 377, 0, 0, 26.70%, 0, 0, 5, 297.22, 1735763, 558, 0, 0
6877, 40, 133, 377, 0, 0, 26.70%, 0, 0, 5, 280.15, 1737033, 558, 0, 0
6882, 40, 359, 377, 0, 0, 26.70%, 0, 0, 5, 297.96, 1738353, 558, 0, 0
6887, 40, 176, 377, 0, 0, 26.70%, 0, 0, 5, 281.26, 1739628, 558, 0, 0
6892, 40, 159, 377, 0, 0, 26.70%, 0, 0, 5, 270.34, 1740897, 558, 0, 0
6897, 40, 80, 377, 0, 0, 26.70%, 0, 0, 5, 294.17, 1742158, 558, 0, 0
6902, 40, 328, 377, 0, 0, 26.70%, 0, 0, 5, 287.41, 1743468, 558, 0, 0
6908, 41, 118, 377, 0, 0, 26.70%, 0, 0, 5, 260.59, 1744658, 558, 0, 0
6913, 41, 85, 377, 0, 0, 26.70%, 0, 0, 5, 291.44, 1745963, 558, 0, 0
6918, 41, 270, 377, 0, 0, 26.70%, 0, 0, 5, 279.53, 1747223, 558, 0, 0
6923, 41, 172, 377, 0, 0, 26.70%, 0, 0, 5, 258.53, 1748508, 558, 0, 0
6928, 41, 328, 377, 0, 0, 26.70%, 0, 0, 5, 201.88, 1749763, 558, 0, 0
6933, 41, 132, 377, 0, 0, 26.70%, 0, 0, 5, 294.20, 1751058, 558, 0, 0
6938, 41, 313, 377, 0, 0, 26.70%, 0, 0, 5, 287.35, 1752347, 558, 0, 0
6943, 41, 172, 377, 0, 0, 26.70%, 0, 0, 5, 266.66, 1753538, 558, 0, 0
6948, 41, 351, 377, 0, 0, 26.70%, 0, 0, 5, 265.79, 1754743, 558, 0, 0
6953, 41, 53, 377, 0, 0, 26.70%, 0, 0, 5, 291.74, 1756003, 558, 0, 0
6959, 41, 240, 377, 0, 0, 26.70%, 0, 0, 5, 195.87, 1757299, 558, 0, 0
6964, 41, 373, 377, 0, 0, 26.70%, 0, 0, 5, 281.58, 1758603, 558, 0, 0
6969, 41, 163, 377, 0, 0, 26.70%, 0, 0, 5, 297.01, 1759818, 558, 0, 0
6974, 41, 359, 377, 0, 0, 26.70%, 0, 0, 5, 284.12, 1761113, 558, 0, 0
6979, 41, 77, 377, 0, 0, 26.70%, 0, 0, 5, 296.08, 1762403, 558, 0, 0
6984, 41, 279, 377, 0, 0, 26.70%, 0, 0, 5, 36.76, 1763608, 558, 0, 0
6989, 41, 193, 377, 0, 0, 26.70%, 0, 0, 5, 293.11, 1764903, 558, 0, 0
6994, 41, 194, 377, 0, 0, 26.70%, 0, 0, 5, 276.70, 1766213, 558, 0, 0
6999, 41, 357, 377, 0, 0, 26.70%, 0, 0, 5, 279.19, 1767448, 558, 0, 0
7005, 41, 296, 377, 0, 0, 26.70%, 0, 0, 5, 276.64, 1768688, 558, 0, 0
7010, 41, 126, 377, 0, 0, 26.70%, 0, 0, 5, 222.96, 1770000, 558, 0, 0
7015, 41, 261, 377, 0, 0, 26.70%, 0, 0, 5, 269.73, 1771268, 558, 0, 0
7020, 41, 351, 377, 0, 0, 26.70%, 0, 0, 5, 286.82, 1772543, 558, 0, 0
7025, 41, 53, 377, 0, 0, 26.70%, 0, 0, 5, 303.35, 1773772, 558, 0, 0
7030, 41, 50, 377, 0, 0, 26.70%, 0, 0, 5, 277.24, 1775053, 558, 0, 0
7035, 41, 138, 377, 0, 0, 26.70%, 0, 0, 5, 292.11, 1776343, 558, 0, 0
7040, 41, 319, 377, 0, 0, 26.70%, 0, 0, 5, 31.85, 1777543, 558, 0, 0
7045, 41, 85, 377, 0, 0, 26.70%, 0, 0, 5, 273.24, 1778873, 558, 0, 0
7051, 41, 50, 377, 0, 0, 26.70%, 0, 0, 5, 275.17, 1780163, 558, 0, 0
7056, 41, 176, 377, 0, 0, 26.70%, 0, 0, 5, 269.64, 1781448, 558, 0, 0
7061, 41, 159, 377, 0, 0, 26.70%, 0, 0, 5, 249.46, 1782643, 558, 0, 0
7066, 42, 309, 377, 0, 0, 26.70%, 0, 0, 5, 288.55, 1783908, 558, 0, 0
7071, 42, 205, 377, 0, 0, 26.70%, 0, 0, 5, 225.80, 1785206, 558, 0, 0
7076, 42, 53, 377, 0, 0, 26.70%, 0, 0, 5, 276.35, 1786473, 558, 0, 0
7081, 42, 53, 377, 0, 0, 26.70%, 0, 0, 5, 259.96, 1787758, 558, 0, 0
7086, 42, 127, 377, 0, 0, 26.70%, 0, 0, 5, 271.15, 1788993, 558, 0, 0
7091, 42, 261, 377, 0, 0, 26.70%, 0, 0, 5, 250.95, 1790296, 558, 0, 0
7097, 42, 159, 377, 0, 0, 26.70%, 0, 0, 5, 296.23, 1791603, 558, 0, 0
7102, 42, 154, 377, 0, 0, 26.70%, 0, 0, 5, 294.98, 1792893, 558, 0, 0
7107, 42, 152, 377, 0, 0, 26.70%, 0, 0, 5, 257.81, 1794088, 558, 0, 0
7112, 42, 359, 377, 0, 0, 26.70%, 0, 0, 5, 291.23, 1795383, 558, 0, 0
7117, 42, 176, 377, 0, 0, 26.70%, 0, 0, 5, 295.72, 1796703, 558, 0, 0
7122, 42, 32, 377, 0, 0, 26.70%, 0, 0, 5, 279.73, 1797922, 558, 0, 0
7127, 42, 25, 377, 0, 0, 26.70%, 0, 0, 5, 298.07, 1799198, 558, 0, 0
7132, 42, 305, 377, 0, 0, 26.70%, 0, 0, 5, 289.23, 1800468, 558, 0, 0
7137, 42, 50, 377, 0, 0, 26.70%, 0, 0, 5, 278.32, 1801768, 558, 0, 0
7143, 42, 172, 377, 0, 0, 26.70%, 0, 0, 5, 292.08, 1802942, 558, 0, 0
7148, 42, 15, 377, 0, 0, 26.70%, 0, 0, 5, 273.82, 1804248, 558, 0, 0
7153, 42, 281, 377, 0, 0, 26.70%, 0, 0, 5, 292.59, 1805553, 558, 0, 0
7158, 42, 133, 377, 0, 0, 26.70%, 0, 0, 5, 277.09, 1806778, 558, 0, 0
7163, 42, 159, 377, 0, 0, 26.70%, 0, 0, 5, 287.90, 1808008, 558, 0, 0
7168, 42, 45, 377, 0, 0, 26.70%, 0, 0, 5, 295.12, 1809318, 558, 0, 0
7173, 42, 351, 377, 0, 0, 26.70%, 0, 0, 5, 292.74, 1810618, 558, 0, 0
7178, 42, 313, 377, 0, 0, 26.70%, 0, 0, 5, 263.79, 1811858, 558, 0, 0
7184, 42, 176, 377, 0, 0, 26.70%, 0, 0, 5, 295.00, 1813107, 558, 0, 0
7189, 42, 329, 377, 0, 0, 26.70%, 0, 0, 5, 259.46, 1814373, 558, 0, 0
7194, 42, 238, 377, 0, 0, 26.70%, 0, 0, 5, 250.12, 1815622, 558, 0, 0
7199, 42, 126, 377, 0, 0, 26.70%, 0, 0, 5, 259.18, 1816803, 558, 0, 0
7204, 42, 238, 377, 0, 0, 26.70%, 0, 0, 5, 32.79, 1818059, 558, 0, 0
7209, 42, 66, 377, 0, 0, 26.70%, 0, 0, 5, 291.80, 1819268, 558, 0, 0
7214, 42, 251, 377, 0, 0, 26.70%, 0, 0, 5, 40.82, 1820453, 558, 0, 0
7219, 42, 238, 377, 0, 0, 26.70%, 0, 0, 5, 289.18, 1821758, 558, 0, 0
7224, 43, 85, 377, 0, 0, 26.70%, 0, 0, 5, 291.98, 1822918, 558, 0, 0
7229, 43, 70, 377, 0, 0, 26.70%, 0, 0, 5, 293.81, 1824233, 558, 0, 0
7235, 43, 0, 377, 0, 0, 26.70%, 0, 0, 5, 239.56, 1825355, 558, 0, 0
7240, 43, 225, 377, 0, 0, 26.70%, 0, 0, 5, 248.89, 1826643, 558, 0, 0
7245, 43, 359, 377, 0, 0, 26.70%, 0, 0, 5, 291.78, 1827918, 558, 0, 0
7250, 43, 50, 377, 0, 0, 26.70%, 0, 0, 5, 185.00, 1829075, 558, 0, 0
7255, 43, 42, 377, 0, 0, 26.70%, 0, 0, 5, 295.25, 1830353, 558, 0, 0
7260, 43, 340, 377, 0, 0, 26.70%, 0, 0, 5, 297.38, 1831668, 558, 0, 0
7265, 43, 85, 377, 0, 0, 26.70%, 0, 0, 5, 33.11, 1832878, 558, 0, 0
7270, 43, 255, 377, 0, 0, 26.70%, 0, 0, 5, 295.03, 1834183, 558, 0, 0
7276, 43, 105, 377, 0, 0, 26.70%, 0, 0, 5, 278.44, 1835443, 558, 0, 0
7281, 43, 50, 377, 0, 0, 26.70%, 0, 0, 5, 294.56, 1836633, 558, 0, 0
7286, 43, 5, 377, 0, 0, 26.70%, 0, 0, 5, 299.96, 1837816, 558, 0, 0
7291, 43, 329, 377, 0, 0, 26.70%, 0, 0, 5, 282.29, 1839053, 558, 0, 0
7296, 43, 179, 377, 0, 0, 26.70%, 0, 0, 5, 295.46, 1840268, 558, 0, 0
7301, 43, 176, 377, 0, 0, 26.70%, 0, 0, 5, 37.59, 1841478, 558, 0, 0
7306, 43, 178, 377, 0, 0, 26.70%, 0, 0, 5, 297.20, 1842733, 558, 0, 0
7311, 43, 157, 377, 0, 0, 26.70%, 0, 0, 5, 278.61, 1843889, 558, 0, 0
7316, 43, 22, 377, 0, 0, 26.70%, 0, 0, 5, 285.25, 1845172, 558, 0, 0
7322, 43, 173, 377, 0, 0, 26.70%, 0, 0, 5, 233.22, 1846353, 558, 0, 0
7327, 43, 53, 377, 0, 0, 26.70%, 0, 0, 5, 273.98, 1847578, 558, 0, 0
7332, 43, 159, 377, 0, 0, 26.70%, 0, 0, 5, 280.20, 1848988, 558, 0, 0
7337, 43, 179, 377, 0, 0, 26.70%, 0, 0, 5, 290.89, 1850198, 558, 0, 0
7342, 43, 359, 377, 0, 0, 26.70%, 0, 0, 5, 290.71, 1851483, 558, 0, 0
7347, 43, 172, 377, 0, 0, 26.70%, 0, 0, 5, 44.25, 1852633, 558, 0, 0
7352, 43, 328, 377, 0, 0, 26.70%, 0, 0, 5, 296.76, 1853898, 558, 0, 0
7357, 43, 171, 377, 0, 0, 26.70%, 0, 0, 5, 295.27, 1855158, 558, 0, 0
7362, 43, 132, 377, 0, 0, 26.70%, 0, 0, 5, 265.78, 1856343, 558, 0, 0
7368, 43, 53, 377, 0, 0, 26.70%, 0, 0, 5, 286.96, 1857643, 558, 0, 0
7373, 43, 213, 377, 0, 0, 26.70%, 0, 0, 5, 294.63, 1858908, 558, 0, 0
7378, 43, 328, 377, 0, 0, 26.70%, 0, 0, 5, 294.15, 1860213, 558, 0, 0
7383, 44, 359, 377, 0, 0, 26.70%, 0, 0, 5, 48.54, 1861398, 558, 0, 0
7388, 44, 329, 377, 0, 0, 26.70%, 0, 0, 5, 301.98, 1862669, 558, 0, 0
7393, 44, 351, 377, 0, 0, 26.70%, 0, 0, 5, 288.21, 1863968, 558, 0, 0
7398, 44, 329, 377, 0, 0, 26.70%, 0, 0, 5, 298.17, 1865248, 558, 0, 0
7403, 44, 313, 377, 0, 0, 26.70%, 0, 0, 5, 277.97, 1866558, 558, 0, 0
7408, 44, 225, 377, 0, 0, 26.70%, 0, 0, 5, 280.38, 1867828, 558, 0, 0
7413, 44, 328, 377, 0, 0, 26.70%, 0, 0, 5, 273.78, 1869083, 558, 0, 0
7419, 44, 176, 377, 0, 0, 26.70%, 0, 0, 5, 272.29, 1870353, 558, 0, 0
7424, 44, 77, 377, 0, 0, 26.70%, 0, 0, 5, 275.11, 1871673, 558, 0, 0
7429, 44, 126, 377, 0, 0, 26.70%, 0, 0, 5, 277.07, 1872978, 558, 0, 0
7434, 44, 176, 377, 0, 0, 26.70%, 0, 0, 5, 198.05, 1874256, 558, 0, 0
7439, 44, 40, 377, 0, 0, 26.70%, 0, 0, 5, 289.46, 1875573, 558, 0, 0
7444, 44, 157, 377, 0, 0, 26.70%, 0, 0, 5, 43.67, 1876738, 558, 0, 0
7449, 44, 192, 377, 0, 0, 26.70%, 0, 0, 5, 284.88, 1878008, 558, 0, 0
7454, 44, 77, 377, 0, 0, 26.70%, 0, 0, 5, 185.06, 1879283, 558, 0, 0
7459, 44, 85, 377, 0, 0, 26.70%, 0, 0, 5, 296.87, 1880593, 558, 0, 0
7464, 44, 328, 377, 0, 0, 26.70%, 0, 0, 5, 45.87, 1881773, 558, 0, 0
7469, 44, 53, 377, 0, 0, 26.70%, 0, 0, 5, 300.49, 1882974, 558, 0, 0
7474, 44, 248, 377, 0, 0, 26.70%, 0, 0, 5, 277.02, 1884268, 558, 0, 0
7480, 44, 342, 377, 0, 0, 26.70%, 0, 0, 5, 296.20, 1885563, 558, 0, 0
7485, 44, 102, 377, 0, 0, 26.70%, 0, 0, 5, 215.00, 1886731, 558, 0, 0
7490, 44, 129, 377, 0, 0, 26.70%, 0, 0, 5, 267.96, 1888028, 558, 0, 0
7495, 44, 156, 377, 0, 0, 26.70%, 0, 0, 5, 293.94, 1889338, 558, 0, 0
7500, 44, 133, 377, 0, 0, 26.70%, 0, 0, 5, 272.62, 1890513, 558, 0, 0
7505, 44, 85, 377, 0, 0, 26.70%, 0, 0, 5, 257.73, 1891838, 558, 0, 0
7510, 44, 238, 377, 0, 0, 26.70%, 0, 0, 5, 43.35, 1893058, 558, 0, 0
7515, 44, 238, 377, 0, 0, 26.70%, 0, 0, 5, 296.89, 1894348, 558, 0, 0
7521, 44, 126, 377, 0, 0, 26.70%, 0, 0, 5, 278.62, 1895653, 558, 0, 0
7526, 44, 126, 377, 0, 0, 26.70%, 0, 0, 5, 292.08, 1896782, 558, 0, 0
7531, 44, 126, 377, 0, 0, 26.70%, 0, 0, 5, 280.95, 1898108, 558, 0, 0
7536, 44, 328, 377, 0, 0, 26.70%, 0, 0, 5, 283.84, 1899393, 558, 0, 0
7541, 45, 50, 377, 0, 0, 26.70%, 0, 0, 5, 246.56, 1900606, 558, 0, 0
7546, 45, 316, 377, 0, 0, 26.70%, 0, 0, 5, 292.02, 1901908, 558, 0, 0
7551, 45, 133, 377, 0, 0, 26.70%, 0, 0, 5, 270.27, 1903133, 558, 0, 0
7556, 45, 90, 377, 0, 0, 26.70%, 0, 0, 5, 233.34, 1904429, 558, 0, 0
7562, 45, 5, 377, 0, 0, 26.70%, 0, 0, 5, 181.32, 1905626, 558, 0, 0
7567, 45, 50, 377, 0, 0, 26.70%, 0, 0, 5, 294.88, 1906898, 558, 0, 0
7572, 45, 53, 377, 0, 0, 26.70%, 0, 0, 5, 269.41, 1908138, 558, 0, 0
7577, 45, 225, 377, 0, 0, 26.70%, 0, 0, 5, 278.08, 1909438, 558, 0, 0
7582, 45, 199, 377, 0, 0, 26.70%, 0, 0, 5, 50.00, 1910623, 558, 0, 0
7587, 45, 53, 377, 0, 0, 26.70%, 0, 0, 5, 250.77, 1911880, 558, 0, 0
7592, 45, 179, 377, 0, 0, 26.70%, 0, 0, 5, 275.17, 1913128, 558, 0, 0
7597, 45, 192, 377, 0, 0, 26.70%, 0, 0, 5, 288.01, 1914388, 558, 0, 0
7602, 45, 238, 377, 0, 0, 26.70%, 0, 0, 5, 290.00, 1915576, 558, 0, 0
7607, 45, 215, 377, 0, 0, 26.70%, 0, 0, 5, 272.05, 1916853, 558, 0, 0
7612, 45, 176, 377, 0, 0, 26.70%, 0, 0, 5, 253.74, 1917968, 558, 0, 0
7618, 45, 199, 377, 0, 0, 26.70%, 0, 0, 5, 273.36, 1919358, 558, 0, 0
7623, 45, 313, 377, 0, 0, 26.70%, 0, 0, 5, 283.75, 1920622, 558, 0, 0
7628, 45, 159, 377, 0, 0, 26.70%, 0, 0, 5, 289.74, 1921848, 558, 0, 0
7633, 45, 305, 377, 0, 0, 26.70%, 0, 0, 5, 263.88, 1923098, 558, 0, 0
7638, 45, 157, 377, 0, 0, 26.70%, 0, 0, 5, 280.15, 1924273, 558, 0, 0
7643, 45, 12, 377, 0, 0, 26.70%, 0, 0, 5, 295.70, 1925497, 558, 0, 0
7648, 45, 172, 377, 0, 0, 26.70%, 0, 0, 5, 300.17, 1926834, 558, 0, 0
7654, 45, 53, 377, 0, 0, 26.70%, 0, 0, 5, 44.44, 1928048, 558, 0, 0
7659, 45, 43, 377, 0, 0, 26.70%, 0, 0, 5, 175.66, 1929367, 558, 0, 0
7664, 45, 126, 377, 0, 0, 26.70%, 0, 0, 5, 287.31, 1930643, 558, 0, 0
7669, 45, 50, 377, 0, 0, 26.70%, 0, 0, 5, 31.35, 1931838, 558, 0, 0
7674, 45, 359, 377, 0, 0, 26.70%, 0, 0, 5, 286.11, 1933113, 558, 0, 0
7679, 45, 300, 377, 0, 0, 26.70%, 0, 0, 5, 298.51, 1934313, 558, 0, 0
7684, 45, 85, 377, 0, 0, 26.70%, 0, 0, 5, 293.59, 1935563, 558, 0, 0
7690, 45, 85, 377, 0, 0, 26.70%, 0, 0, 5, 266.25, 1936853, 558, 0, 0
7695, 45, 173, 377, 0, 0, 26.70%, 0, 0, 5, 297.29, 1938143, 558, 0, 0
7700, 46, 88, 377, 0, 0, 26.70%, 0, 0, 5, 300.37, 1939344, 558, 0, 0
7705, 46, 320, 377, 0, 0, 26.70%, 0, 0, 5, 291.17, 1940638, 558, 0, 0
7710, 46, 159, 377, 0, 0, 26.70%, 0, 0, 5, 263.80, 1941858, 558, 0, 0
7715, 46, 313, 377, 0, 0, 26.70%, 0, 0, 5, 254.55, 1943118, 558, 0, 0
7720, 46, 176, 377, 0, 0, 26.70%, 0, 0, 5, 239.74, 1944363, 558, 0, 0
7726, 46, 5, 377, 0, 0, 26.70%, 0, 0, 5, 288.56, 1945548, 558, 0, 0
7731, 46, 359, 377, 0, 0, 26.70%, 0, 0, 5, 265.11, 1946843, 558, 0, 0
7736, 46, 173, 377, 0, 0, 26.70%, 0, 0, 5, 271.47, 1948128, 558, 0, 0
7741, 46, 359, 377, 0, 0, 26.70%, 0, 0, 5, 293.66, 1949293, 558, 0, 0
7746, 46, 176, 377, 0, 0, 26.70%, 0, 0, 5, 297.17, 1950543, 558, 0, 0
7751, 46, 159, 377, 0, 0, 26.70%, 0, 0, 5, 271.73, 1951828, 558, 0, 0
7756, 46, 329, 377, 0, 0, 26.70%, 0, 0, 5, 272.91, 1953063, 558, 0, 0
7761, 46, 286, 377, 0, 0, 26.70%, 0, 0, 5, 303.10, 1954351, 558, 0, 0
7766, 46, 159, 377, 0, 0, 26.70%, 0, 0, 5, 272.54, 1955488, 558, 0, 0
7772, 46, 179, 377, 0, 0, 26.70%, 0, 0, 5, 266.90, 1956747, 558, 0, 0
7777, 46, 176, 377, 0, 0, 26.70%, 0, 0, 5, 293.60, 1957898, 558, 0, 0
7782, 46, 126, 377, 0, 0, 26.70%, 0, 0, 5, 267.86, 1959178, 558, 0, 0
7787, 46, 351, 377, 0, 0, 26.70%, 0, 0, 5, 295.03, 1960373, 558, 0, 0
7792, 46, 359, 377, 0, 0, 26.70%, 0, 0, 5, 39.22, 1961563, 558, 0, 0
7797, 46, 85, 377, 0, 0, 26.70%, 0, 0, 5, 289.04, 1962847, 558, 0, 0
7802, 46, 159, 377, 0, 0, 26.70%, 0, 0, 5, 47.17, 1964038, 558, 0, 0
7807, 46, 345, 377, 0, 0, 26.70%, 0, 0, 5, 288.55, 1965283, 558, 0, 0
7812, 46, 104, 377, 0, 0, 26.70%, 0, 0, 5, 192.95, 1966577, 558, 0, 0
7817, 46, 218, 377, 0, 0, 26.70%, 0, 0, 5, 277.31, 1967753, 558, 0, 0
7822, 46, 6, 377, 0, 0, 26.70%, 0, 0, 5, 293.24, 1969038, 558, 0, 0
7828, 46, 179, 377, 0, 0, 26.70%, 0, 0, 5, 289.29, 1970253, 558, 0, 0
7833, 46, 238, 377, 0, 0, 26.70%, 0, 0, 5, 290.68, 1971540, 558, 0, 0
7838, 46, 192, 377, 0, 0, 26.70%, 0, 0, 5, 295.07, 1972781, 558, 0, 0
7843, 46, 225, 377, 0, 0, 26.70%, 0, 0, 5, 289.79, 1974096, 558, 0, 0
7848, 46, 173, 377, 0, 0, 26.70%, 0, 0, 5, 282.37, 1975354, 558, 0, 0
7853, 46, 359, 377, 0, 0, 26.70%, 0, 0, 5, 266.43, 1976589, 558, 0, 0
7858, 46, 159, 377, 0, 0, 26.70%, 0, 0, 5, 280.63, 1977919, 558, 0, 0
7863, 47, 5, 377, 0, 0, 26.70%, 0, 0, 5, 284.60, 1979186, 558, 0, 0
7869, 47, 319, 377, 0, 0, 26.70%, 0, 0, 5, 300.01, 1980503, 558, 0, 0
7874, 47, 126, 377, 0, 0, 26.70%, 0, 0, 5, 268.66, 1981715, 558, 0, 0
7879, 47, 351, 377, 0, 0, 26.70%, 0, 0, 5, 294.52, 1982961, 558, 0, 0
7884, 47, 157, 377, 0, 0, 26.70%, 0, 0, 5, 299.17, 1984261, 558, 0, 0
7889, 47, 172, 377, 0, 0, 26.70%, 0, 0, 5, 282.85, 1985481, 558, 0, 0
7894, 47, 12, 377, 0, 0, 26.70%, 0, 0, 5, 275.35, 1986701, 558, 0, 0
7899, 47, 355, 377, 0, 0, 26.70%, 0, 0, 5, 292.62, 1987976, 558, 0, 0
7904, 47, 199, 377, 0, 0, 26.70%, 0, 0, 5, 302.35, 1989243, 558, 0, 0
7909, 47, 173, 377, 0, 0, 26.70%, 0, 0, 5, 284.50, 1990496, 558, 0, 0
7914, 47, 351, 377, 0, 0, 26.70%, 0, 0, 5, 299.80, 1991761, 558, 0, 0
7920, 47, 300, 377, 0, 0, 26.70%, 0, 0, 5, 274.79, 1993071, 558, 0, 0
7925, 47, 53, 377, 0, 0, 26.70%, 0, 0, 5, 283.52, 1994351, 558, 0, 0
7930, 47, 53, 377, 0, 0, 26.70%, 0, 0, 5, 295.57, 1995526, 558, 0, 0
7935, 47, 14, 377, 0, 0, 26.70%, 0, 0, 5, 184.78, 1996857, 558, 0, 0
7940, 47, 97, 377, 0, 0, 26.70%, 0, 0, 5, 290.87, 1998131, 558, 0, 0
7945, 47, 328, 377, 0, 0, 26.70%, 0, 0, 5, 240.37, 1999353, 558, 0, 0
7950, 47, 339, 377, 0, 0, 26.70%, 0, 0, 5, 299.99, 2000635, 558, 0, 0
7955, 47, 123, 377, 0, 0, 26.70%, 0, 0, 5, 292.24, 2001951, 558, 0, 0
7961, 47, 348, 377, 0, 0, 26.70%, 0, 0, 5, 282.36, 2003231, 558, 0, 0
7966, 47, 215, 377, 0, 0, 26.70%, 0, 0, 5, 287.51, 2004455, 558, 0, 0
7971, 47, 50, 377, 0, 0, 26.70%, 0, 0, 5, 292.59, 2005771, 558, 0, 0
7976, 47, 173, 377, 0, 0, 26.70%, 0, 0, 5, 303.25, 2007098, 558, 0, 0
7981, 47, 192, 377, 0, 0, 26.70%, 0, 0, 5, 270.07, 2008336, 558, 0, 0
7986, 47, 305, 377, 0, 0, 26.70%, 0, 0, 5, 271.85, 2009596, 558, 0, 0
7991, 47, 172, 377, 0, 0, 26.70%, 0, 0, 5, 297.20, 2010886, 558, 0, 0
7996, 47, 5, 377, 0, 0, 26.70%, 0, 0, 5, 259.00, 2012141, 558, 0, 0
8001, 47, 209, 377, 0, 0, 26.70%, 0, 0, 5, 33.85, 2013341, 558, 0, 0
8007, 47, 357, 377, 0, 0, 26.70%, 0, 0, 5, 292.07, 2014611, 558, 0, 0
8012, 47, 99, 377, 0, 0, 26.70%, 0, 0, 5, 293.16, 2015926, 558, 0, 0
8017, 47, 225, 377, 0, 0, 26.70%, 0, 0, 5, 260.99, 2017226, 558, 0, 0
8022, 48, 328, 377, 0, 0, 26.70%, 0, 0, 5, 85.54, 2018473, 558, 0, 0
8027, 48, 173, 377, 0, 0, 26.70%, 0, 0, 5, 221.72, 2019750, 558, 0, 0
8032, 48, 328, 377, 0, 0, 26.70%, 0, 0, 5, 287.24, 2021026, 558, 0, 0
8037, 48, 305, 377, 0, 0, 26.70%, 0, 0, 5, 56.90, 2022217, 558, 0, 0
8042, 48, 319, 377, 0, 0, 26.70%, 0, 0, 5, 274.39, 2023521, 558, 0, 0
8048, 48, 238, 377, 0, 0, 26.70%, 0, 0, 5, 279.48, 2024791, 558, 0, 0
8053, 48, 205, 377, 0, 0, 26.70%, 0, 0, 5, 289.19, 2026086, 558, 0, 0
8058, 48, 5, 377, 0, 0, 26.70%, 0, 0, 5, 282.93, 2027350, 558, 0, 0
8063, 48, 270, 377, 0, 0, 26.70%, 0, 0, 5, 214.35, 2028523, 558, 0, 0
8068, 48, 359, 377, 0, 0, 26.70%, 0, 0, 5, 228.38, 2029835, 558, 0, 0
8073, 48, 173, 377, 0, 0, 26.70%, 0, 0, 5, 250.90, 2031139, 558, 0, 0
8078, 48, 71, 377, 0, 0, 26.70%, 0, 0, 5, 262.48, 2032400, 558, 0, 0
8083, 48, 255, 377, 0, 0, 26.70%, 0, 0, 5, 54.85, 2033646, 558, 0, 0
8088, 48, 305, 377, 0, 0, 26.70%, 0, 0, 5, 209.54, 2034931, 558, 0, 0
8094, 48, 339, 377, 0, 0, 26.70%, 0, 0, 5, 248.94, 2036201, 558, 0, 0
8099, 48, 50, 377, 0, 0, 26.70%, 0, 0, 5, 270.94, 2037465, 558, 0, 0
8104, 48, 327, 377, 0, 0, 26.70%, 0, 0, 5, 276.42, 2038675, 558, 0, 0
8109, 48, 329, 377, 0, 0, 26.70%, 0, 0, 5, 294.94, 2039990, 558, 0, 0
8114, 48, 328, 377, 0, 0, 26.70%, 0, 0, 5, 270.05, 2041215, 558, 0, 0
8119, 48, 328, 377, 0, 0, 26.70%, 0, 0, 5, 267.85, 2042445, 558, 0, 0
8124, 48, 368, 377, 0, 0, 26.70%, 0, 0, 5, 271.64, 2043725, 558, 0, 0
8129, 48, 159, 377, 0, 0, 26.70%, 0, 0, 5, 293.69, 2044990, 558, 0, 0
8134, 48, 133, 377, 0, 0, 26.70%, 0, 0, 5, 50.00, 2046145, 558, 0, 0
8140, 48, 85, 377, 0, 0, 26.70%, 0, 0, 5, 288.33, 2047455, 558, 0, 0
8145, 48, 372, 377, 0, 0, 26.70%, 0, 0, 5, 295.87, 2048769, 558, 0, 0
8150, 48, 203, 377, 0, 0, 26.70%, 0, 0, 5, 289.60, 2050065, 558, 0, 0
8155, 48, 328, 377, 0, 0, 26.70%, 0, 0, 5, 288.16, 2051220, 558, 0, 0
8160, 48, 357, 377, 0, 0, 26.70%, 0, 0, 5, 255.40, 2052450, 558, 0, 0
8165, 48, 359, 377, 0, 0, 26.70%, 0, 0, 5, 298.25, 2053640, 558, 0, 0
8170, 48, 359, 377, 0, 0, 26.70%, 0, 0, 5, 294.41, 2054925, 558, 0, 0
8175, 48, 329, 377, 0, 0, 26.70%, 0, 0, 5, 290.24, 2056215, 558, 0, 0
8180, 49, 5, 377, 0, 0, 26.70%, 0, 0, 5, 266.39, 2057435, 558, 0, 0
8186, 49, 282, 377, 0, 0, 26.70%, 0, 0, 5, 300.09, 2058688, 558, 0, 0
8191, 49, 211, 377, 0, 0, 26.70%, 0, 0, 5, 289.12, 2059925, 558, 0, 0
8196, 49, 351, 377, 0, 0, 26.70%, 0, 0, 5, 277.20, 2061169, 558, 0, 0
8201, 49, 50, 377, 0, 0, 26.70%, 0, 0, 5, 92.09, 2062359, 558, 0, 0
8206, 49, 192, 377, 0, 0, 26.70%, 0, 0, 5, 227.63, 2063642, 558, 0, 0
8211, 49, 330, 377, 0, 0, 26.70%, 0, 0, 5, 301.25, 2064836, 558, 0, 0
8216, 49, 85, 377, 0, 0, 26.70%, 0, 0, 5, 281.54, 2066160, 558, 0, 0
8221, 49, 259, 377, 0, 0, 26.70%, 0, 0, 5, 39.71, 2067380, 558, 0, 0
8226, 49, 329, 377, 0, 0, 26.70%, 0, 0, 5, 300.16, 2068681, 558, 0, 0
8231, 49, 145, 377, 0, 0, 26.70%, 0, 0, 5, 299.15, 2069975, 558, 0, 0
8236, 49, 313, 377, 0, 0, 26.70%, 0, 0, 5, 242.18, 2071200, 558, 0, 0
8241, 49, 53, 377, 0, 0, 26.70%, 0, 0, 5, 54.76, 2072366, 558, 0, 0
8247, 49, 46, 377, 0, 0, 26.70%, 0, 0, 5, 299.07, 2073665, 558, 0, 0
8252, 49, 0, 377, 0, 0, 26.70%, 0, 0, 5, 287.29, 2074985, 558, 0, 0
8257, 49, 157, 377, 0, 0, 26.70%, 0, 0, 5, 275.84, 2076205, 558, 0, 0
8262, 49, 359, 377, 0, 0, 26.70%, 0, 0, 5, 295.57, 2077510, 558, 0, 0
8267, 49, 133, 377, 0, 0, 26.70%, 0, 0, 5, 280.62, 2078710, 558, 0, 0
8272, 49, 192, 377, 0, 0, 26.70%, 0, 0, 5, 285.18, 2079935, 558, 0, 0
8277, 49, 126, 377, 0, 0, 26.70%, 0, 0, 5, 293.97, 2081265, 558, 0, 0
8283, 49, 313, 377, 0, 0, 26.70%, 0, 0, 5, 270.20, 2082550, 558, 0, 0
8288, 49, 340, 377, 0, 0, 26.70%, 0, 0, 5, 47.85, 2083750, 558, 0, 0
8293, 49, 51, 377, 0, 0, 26.70%, 0, 0, 5, 99.65, 2085006, 558, 0, 0
8298, 49, 50, 377, 0, 0, 26.70%, 0, 0, 5, 296.94, 2086295, 558, 0, 0
8303, 49, 319, 377, 0, 0, 26.70%, 0, 0, 5, 300.81, 2087620, 558, 0, 0
8308, 49, 370, 377, 0, 0, 26.70%, 0, 0, 5, 31.36, 2088819, 558, 0, 0
8313, 49, 204, 377, 0, 0, 26.70%, 0, 0, 5, 298.51, 2090081, 558, 0, 0
8319, 49, 79, 377, 0, 0, 26.70%, 0, 0, 5, 270.90, 2091405, 558, 0, 0
8324, 49, 172, 377, 0, 0, 26.70%, 0, 0, 5, 292.14, 2092685, 558, 0, 0
8329, 49, 159, 377, 0, 0, 26.70%, 0, 0, 5, 230.13, 2093948, 558, 0, 0
8334, 49, 159, 377, 0, 0, 26.70%, 0, 0, 5, 268.61, 2095260, 558, 0, 0
8339, 49, 225, 377, 0, 0, 26.70%, 0, 0, 5, 293.53, 2096444, 558, 0, 0
8344, 50, 315, 377, 0, 0, 26.70%, 0, 0, 5, 292.92, 2097760, 558, 0, 0
8349, 50, 143, 377, 0, 0, 26.70%, 0, 0, 5, 294.96, 2099025, 558, 0, 0
8354, 50, 53, 377, 0, 0, 26.70%, 0, 0, 5, 297.04, 2100355, 558, 0, 0
8359, 50, 359, 377, 0, 0, 26.70%, 0, 0, 5, 30.57, 2101532, 558, 0, 0
8364, 50, 126, 377, 0, 0, 26.70%, 0, 0, 5, 266.22, 2102790, 558, 0, 0
8369, 50, 24, 377, 0, 0, 26.70%, 0, 0, 5, 294.21, 2104075, 558, 0, 0
8374, 50, 164, 377, 0, 0, 26.70%, 0, 0, 5, 274.55, 2105355, 558, 0, 0
8380, 50, 85, 377, 0, 0, 26.70%, 0, 0, 5, 253.23, 2106625, 558, 0, 0
8385, 50, 76, 377, 0, 0, 26.70%, 0, 0, 5, 291.16, 2107850, 558, 0, 0
8390, 50, 126, 377, 0, 0, 26.70%, 0, 0, 5, 282.24, 2109175, 558, 0, 0
8395, 50, 85, 377, 0, 0, 26.70%, 0, 0, 5, 300.05, 2110461, 558, 0, 0
8400, 50, 359, 377, 0, 0, 26.70%, 0, 0, 5, 278.68, 2111655, 558, 0, 0
8405, 50, 159, 377, 0, 0, 26.70%, 0, 0, 5, 298.14, 2112925, 558, 0, 0
8410, 50, 179, 377, 0, 0, 26.70%, 0, 0, 5, 296.59, 2114240, 558, 0, 0
8415, 50, 7, 377, 0, 0, 26.70%, 0, 0, 5, 32.26, 2115495, 558, 0, 0
8421, 50, 238, 377, 0, 0, 26.70%, 0, 0, 5, 287.95, 2116795, 558, 0, 0
8426, 50, 133, 377, 0, 0, 26.70%, 0, 0, 5, 254.69, 2118105, 558, 0, 0
8431, 50, 173, 377, 0, 0, 26.70%, 0, 0, 5, 289.36, 2119405, 558, 0, 0
8436, 50, 368, 377, 0, 0, 26.70%, 0, 0, 5, 254.07, 2120620, 558, 0, 0
8441, 50, 50, 377, 0, 0, 26.70%, 0, 0, 5, 262.71, 2121870, 558, 0, 0
8446, 50, 85, 377, 0, 0, 26.70%, 0, 0, 5, 293.57, 2123170, 558, 0, 0
8451, 50, 176, 377, 0, 0, 26.70%, 0, 0, 5, 40.59, 2124355, 558, 0, 0
8457, 50, 359, 377, 0, 0, 26.70%, 0, 0, 5, 300.00, 2125661, 558, 0, 0
8462, 50, 308, 377, 0, 0, 26.70%, 0, 0, 5, 272.88, 2126955, 558, 0, 0
8467, 50, 157, 377, 0, 0, 26.70%, 0, 0, 5, 277.59, 2128265, 558, 0, 0
8472, 50, 305, 377, 0, 0, 26.70%, 0, 0, 5, 237.61, 2129565, 558, 0, 0
8477, 50, 254, 377, 0, 0, 26.70%, 0, 0, 5, 49.26, 2130735, 558, 0, 0
8482, 50, 342, 377, 0, 0, 26.70%, 0, 0, 5, 302.35, 2132080, 558, 0, 0
8487, 50, 85, 377, 0, 0, 26.70%, 0, 0, 5, 264.70, 2133400, 558, 0, 0
8492, 50, 0, 377, 0, 0, 26.70%, 0, 0, 5, 39.53, 2134605, 558, 0, 0
8498, 50, 85, 377, 0, 0, 26.70%, 0, 0, 5, 288.08, 2135925, 558, 0, 0
8503, 51, 359, 377, 0, 0, 26.70%, 0, 0, 5, 299.73, 2137255, 558, 0, 0
8508, 51, 50, 377, 0, 0, 26.70%, 0, 0, 5, 277.80, 2138560, 558, 0, 0
8513, 51, 179, 377, 0, 0, 26.70%, 0, 0, 5, 297.03, 2139805, 558, 0, 0
8518, 51, 359, 377, 0, 0, 26.70%, 0, 0, 5, 290.26, 2141119, 558, 0, 0
8523, 51, 172, 377, 0, 0, 26.70%, 0, 0, 5, 153.37, 2142396, 558, 0, 0
8529, 51, 85, 377, 0, 0, 26.70%, 0, 0, 5, 253.53, 2143670, 558, 0, 0
8534, 51, 304, 377, 0, 0, 26.70%, 0, 0, 5, 267.67, 2144910, 558, 0, 0
8539, 51, 133, 377, 0, 0, 26.70%, 0, 0, 5, 260.05, 2146185, 558, 0, 0
8544, 51, 359, 377, 0, 0, 26.70%, 0, 0, 5, 300.03, 2147532, 558, 0, 0
8549, 51, 305, 377, 0, 0, 26.70%, 0, 0, 5, 240.97, 2148818, 558, 0, 0
8554, 51, 159, 377, 0, 0, 26.70%, 0, 0, 5, 30.96, 2149995, 558, 0, 0
8559, 51, 8, 377, 0, 0, 26.70%, 0, 0, 5, 264.04, 2151310, 558, 0, 0
8564, 51, 359, 377, 0, 0, 26.70%, 0, 0, 5, 293.39, 2152595, 558, 0, 0
8569, 51, 220, 377, 0, 0, 26.70%, 0, 0, 5, 34.25, 2153810, 558, 0, 0
8575, 51, 328, 377, 0, 0, 26.70%, 0, 0, 5, 295.00, 2155096, 558, 0, 0
8580, 51, 313, 377, 0, 0, 26.70%, 0, 0, 5, 280.63, 2156400, 558, 0, 0
8585, 51, 319, 377, 0, 0, 26.70%, 0, 0, 5, 293.34, 2157710, 558, 0, 0
8590, 51, 148, 377, 0, 0, 26.70%, 0, 0, 5, 274.79, 2158995, 558, 0, 0
8595, 51, 142, 377, 0, 0, 26.70%, 0, 0, 5, 274.58, 2160185, 558, 0, 0
8600, 51, 29, 377, 0, 0, 26.70%, 0, 0, 5, 298.57, 2161495, 558, 0, 0
8605, 51, 159, 377, 0, 0, 26.70%, 0, 0, 5, 304.05, 2162810, 558, 0, 0
8610, 51, 202, 377, 0, 0, 26.70%, 0, 0, 5, 298.42, 2164105, 558, 0, 0
8615, 51, 329, 377, 0, 0, 26.70%, 0, 0, 5, 30.96, 2165270, 558, 0, 0
8621, 51, 154, 377, 0, 0, 26.70%, 0, 0, 5, 296.67, 2166605, 558, 0, 0
8626, 51, 299, 377, 0, 0, 26.70%, 0, 0, 5, 256.28, 2167920, 558, 0, 0
8631, 51, 359, 377, 0, 0, 26.70%, 0, 0, 5, 299.61, 2169200, 558, 0, 0
8636, 51, 154, 377, 0, 0, 26.70%, 0, 0, 5, 287.17, 2170435, 558, 0, 0
8641, 51, 176, 377, 0, 0, 26.70%, 0, 0, 5, 264.16, 2171690, 558, 0, 0
8646, 51, 359, 377, 0, 0, 26.70%, 0, 0, 5, 257.50, 2172990, 558, 0, 0
8651, 51, 85, 377, 0, 0, 26.70%, 0, 0, 5, 30.72, 2174219, 558, 0, 0
8657, 51, 245, 377, 0, 0, 26.70%, 0, 0, 5, 270.34, 2175505, 558, 0, 0
8662, 52, 38, 377, 0, 0, 26.70%, 0, 0, 5, 260.41, 2176775, 558, 0, 0
8667, 52, 113, 377, 0, 0, 26.70%, 0, 0, 5, 280.23, 2178085, 558, 0, 0
8672, 52, 192, 377, 0, 0, 26.70%, 0, 0, 5, 282.41, 2179305, 558, 0, 0
8677, 52, 192, 377, 0, 0, 26.70%, 0, 0, 5, 290.85, 2180485, 558, 0, 0
8682, 52, 176, 377, 0, 0, 26.70%, 0, 0, 5, 296.21, 2181765, 558, 0, 0
8687, 52, 126, 377, 0, 0, 26.70%, 0, 0, 5, 297.13, 2182970, 558, 0, 0
8692, 52, 319, 377, 0, 0, 26.70%, 0, 0, 5, 296.25, 2184231, 558, 0, 0
8697, 52, 372, 377, 0, 0, 26.70%, 0, 0, 5, 36.10, 2185530, 558, 0, 0
8702, 52, 313, 377, 0, 0, 26.70%, 0, 0, 5, 289.79, 2186770, 558, 0, 0
8707, 52, 359, 377, 0, 0, 26.70%, 0, 0, 5, 297.93, 2188045, 558, 0, 0
8712, 52, 53, 377, 0, 0, 26.70%, 0, 0, 5, 35.84, 2189260, 558, 0, 0
8717, 52, 238, 377, 0, 0, 26.70%, 0, 0, 5, 243.47, 2190557, 558, 0, 0
8723, 52, 275, 377, 0, 0, 26.70%, 0, 0, 5, 292.47, 2191800, 558, 0, 0
8728, 52, 188, 377, 0, 0, 26.70%, 0, 0, 5, 300.16, 2193080, 558, 0, 0
8733, 52, 176, 377, 0, 0, 26.70%, 0, 0, 5, 295.00, 2194249, 558, 0, 0
8738, 52, 113, 377, 0, 0, 26.70%, 0, 0, 5, 282.82, 2195540, 558, 0, 0
8743, 52, 157, 377, 0, 0, 26.70%, 0, 0, 5, 267.13, 2196835, 558, 0, 0
8748, 52, 176, 377, 0, 0, 26.70%, 0, 0, 5, 37.96, 2198033, 558, 0, 0
8753, 52, 347, 377, 0, 0, 26.70%, 0, 0, 5, 292.73, 2199360, 558, 0, 0
8758, 52, 83, 377, 0, 0, 26.70%, 0, 0, 5, 291.01, 2200630, 558, 0, 0
8763, 52, 173, 377, 0, 0, 26.70%, 0, 0, 5, 291.85, 2201865, 558, 0, 0
8768, 52, 359, 377, 0, 0, 26.70%, 0, 0, 5, 267.39, 2203105, 558, 0, 0
8773, 52, 154, 377, 0, 0, 26.70%, 0, 0, 5, 291.59, 2204370, 558, 0, 0
8778, 52, 176, 377, 0, 0, 26.70%, 0, 0, 5, 44.44, 2205550, 558, 0, 0
8783, 52, 329, 377, 0, 0, 26.70%, 0, 0, 5, 297.32, 2206850, 558, 0, 0
8789, 52, 133, 377, 0, 0, 26.70%, 0, 0, 5, 275.01, 2208180, 558, 0, 0
8794, 52, 154, 377, 0, 0, 26.70%, 0, 0, 5, 303.09, 2209400, 558, 0, 0
8799, 52, 10, 377, 0, 0, 26.70%, 0, 0, 5, 296.60, 2210705, 558, 0, 0
8804, 52, 159, 377, 0, 0, 26.70%, 0, 0, 5, 284.45, 2211955, 558, 0, 0
8809, 52, 176, 377, 0, 0, 26.70%, 0, 0, 5, 275.09, 2213160, 558, 0, 0
8814, 52, 322, 377, 0, 0, 26.70%, 0, 0, 5, 298.96, 2214445, 558, 0, 0
8819, 53, 182, 377, 0, 0, 26.70%, 0, 0, 5, 282.85, 2215700, 558, 0, 0
8824, 53, 192, 377, 0, 0, 26.70%, 0, 0, 5, 40.16, 2216905, 558, 0, 0
8829, 53, 192, 377, 0, 0, 26.70%, 0, 0, 5, 255.09, 2218219, 558, 0, 0
8835, 53, 172, 377, 0, 0, 26.70%, 0, 0, 5, 291.51, 2219520, 558, 0, 0
8840, 53, 157, 377, 0, 0, 26.70%, 0, 0, 5, 47.62, 2220700, 558, 0, 0
8845, 53, 171, 377, 0, 0, 26.70%, 0, 0, 5, 273.71, 2221995, 558, 0, 0
8850, 53, 53, 377, 0, 0, 26.70%, 0, 0, 5, 295.51, 2223265, 558, 0, 0
8855, 53, 328, 377, 0, 0, 26.70%, 0, 0, 5, 239.85, 2224563, 558, 0, 0
8860, 53, 176, 377, 0, 0, 26.70%, 0, 0, 5, 274.22, 2225825, 558, 0, 0
8865, 53, 360, 377, 0, 0, 26.70%, 0, 0, 5, 294.76, 2227135, 558, 0, 0
8870, 53, 102, 377, 0, 0, 26.70%, 0, 0, 5, 31.06, 2228335, 558, 0, 0
8876, 53, 359, 377, 0, 0, 26.70%, 0, 0, 5, 297.36, 2229625, 558, 0, 0
8881, 53, 188, 377, 0, 0, 26.70%, 0, 0, 5, 266.50, 2230920, 558, 0, 0
8886, 53, 47, 377, 0, 0, 26.70%, 0, 0, 5, 248.42, 2232205, 558, 0, 0
8891, 53, 77, 377, 0, 0, 26.70%, 0, 0, 5, 292.59, 2233455, 558, 0, 0
8896, 53, 305, 377, 0, 0, 26.70%, 0, 0, 5, 284.49, 2234785, 558, 0, 0
8901, 53, 345, 377, 0, 0, 26.70%, 0, 0, 5, 51.61, 2235985, 558, 0, 0
8906, 53, 359, 377, 0, 0, 26.70%, 0, 0, 5, 266.31, 2237180, 558, 0, 0
8911, 53, 172, 377, 0, 0, 26.70%, 0, 0, 5, 275.72, 2238515, 558, 0, 0
8916, 53, 176, 377, 0, 0, 26.70%, 0, 0, 5, 277.63, 2239785, 558, 0, 0
8922, 53, 5, 377, 0, 0, 26.70%, 0, 0, 5, 295.00, 2241019, 558, 0, 0
8927, 53, 126, 377, 0, 0, 26.70%, 0, 0, 5, 272.24, 2242310, 558, 0, 0
8932, 53, 172, 377, 0, 0, 26.70%, 0, 0, 5, 268.45, 2243630, 558, 0, 0
8937, 53, 186, 377, 0, 0, 26.70%, 0, 0, 5, 286.21, 2244876, 558, 0, 0
8942, 53, 85, 377, 0, 0, 26.70%, 0, 0, 5, 297.79, 2246120, 558, 0, 0
8947, 53, 99, 377, 0, 0, 26.70%, 0, 0, 5, 298.88, 2247430, 558, 0, 0
8952, 53, 225, 377, 0, 0, 26.70%, 0, 0, 5, 298.75, 2248705, 558, 0, 0
8957, 53, 359, 377, 0, 0, 26.70%, 0, 0, 5, 283.27, 2249930, 558, 0, 0
8963, 53, 328, 377, 0, 0, 26.70%, 0, 0, 5, 275.86, 2251166, 558, 0, 0
8968, 53, 173, 377, 0, 0, 26.70%, 0, 0, 5, 277.10, 2252450, 558, 0, 0
8973, 53, 120, 377, 0, 0, 26.70%, 0, 0, 5, 246.87, 2253754, 558, 0, 0
8978, 54, 157, 377, 0, 0, 26.70%, 0, 0, 5, 293.17, 2255050, 558, 0, 0
8983, 54, 100, 377, 0, 0, 26.70%, 0, 0, 5, 268.29, 2256205, 558, 0, 0
8988, 54, 192, 377, 0, 0, 26.70%, 0, 0, 5, 291.73, 2257515, 558, 0, 0
8993, 54, 329, 377, 0, 0, 26.70%, 0, 0, 5, 294.08, 2258830, 558, 0, 0
8998, 54, 366, 377, 0, 0, 26.70%, 0, 0, 5, 32.47, 2260020, 558, 0, 0
9003, 54, 255, 377, 0, 0, 26.70%, 0, 0, 5, 297.74, 2261325, 558, 0, 0
9009, 54, 152, 377, 0, 0, 26.70%, 0, 0, 5, 291.94, 2262645, 558, 0, 0
9014, 54, 172, 377, 0, 0, 26.70%, 0, 0, 5, 43.29, 2263860, 558, 0, 0
9019, 54, 53, 377, 0, 0, 26.70%, 0, 0, 5, 301.22, 2265204, 558, 0, 0
9024, 54, 85, 377, 0, 0, 26.70%, 0, 0, 5, 243.04, 2266504, 558, 0, 0
9029, 54, 313, 377, 0, 0, 26.70%, 0, 0, 5, 268.05, 2267755, 558, 0, 0
9035, 54, 159, 377, 0, 0, 26.70%, 0, 0, 5, 285.00, 2269026, 558, 0, 0
9040, 54, 313, 377, 0, 0, 26.70%, 0, 0, 5, 309.54, 2270366, 558, 0, 0
9045, 54, 157, 377, 0, 0, 26.70%, 0, 0, 5, 279.51, 2271645, 558, 0, 0
9050, 54, 313, 377, 0, 0, 26.70%, 0, 0, 5, 40.49, 2272855, 558, 0, 0
9055, 54, 288, 377, 0, 0, 26.70%, 0, 0, 5, 295.43, 2274180, 558, 0, 0
9060, 54, 374, 377, 0, 0, 26.70%, 0, 0, 5, 271.36, 2275490, 558, 0, 0
9065, 54, 305, 377, 0, 0, 26.70%, 0, 0, 5, 280.00, 2276686, 558, 0, 0
9070, 54, 238, 377, 0, 0, 26.70%, 0, 0, 5, 280.21, 2277945, 558, 0, 0
9076, 54, 173, 377, 0, 0, 26.70%, 0, 0, 5, 286.04, 2279265, 558, 0, 0
9081, 54, 359, 377, 0, 0, 26.70%, 0, 0, 5, 274.39, 2280530, 558, 0, 0
9086, 54, 85, 377, 0, 0, 26.70%, 0, 0, 5, 291.28, 2281845, 558, 0, 0
9091, 54, 351, 377, 0, 0, 26.70%, 0, 0, 5, 278.87, 2283105, 558, 0, 0
9096, 54, 85, 377, 0, 0, 26.70%, 0, 0, 5, 261.31, 2284310, 558, 0, 0
9101, 54, 313, 377, 0, 0, 26.70%, 0, 0, 5, 296.34, 2285600, 558, 0, 0
9107, 54, 179, 377, 0, 0, 26.70%, 0, 0, 5, 275.20, 2286910, 558, 0, 0
9112, 54, 225, 377, 0, 0, 26.70%, 0, 0, 5, 281.41, 2288135, 558, 0, 0
9117, 54, 31, 377, 0, 0, 26.70%, 0, 0, 5, 301.91, 2289387, 558, 0, 0
9122, 54, 130, 377, 0, 0, 26.70%, 0, 0, 5, 283.97, 2290665, 558, 0, 0
9127, 54, 173, 377, 0, 0, 26.70%, 0, 0, 5, 161.81, 2291938, 558, 0, 0
9132, 54, 132, 377, 0, 0, 26.70%, 0, 0, 5, 274.66, 2293190, 558, 0, 0
9137, 55, 154, 377, 0, 0, 26.70%, 0, 0, 5, 249.12, 2294505, 558, 0, 0
9142, 55, 328, 377, 0, 0, 26.70%, 0, 0, 5, 264.88, 2295760, 558, 0, 0
9147, 55, 305, 377, 0, 0, 26.70%, 0, 0, 5, 262.12, 2296965, 558, 0, 0
9152, 55, 115, 377, 0, 0, 26.70%, 0, 0, 5, 286.91, 2298215, 558, 0, 0
9157, 55, 192, 377, 0, 0, 26.70%, 0, 0, 5, 266.52, 2299390, 558, 0, 0
9163, 55, 159, 377, 0, 0, 26.70%, 0, 0, 5, 264.59, 2300560, 558, 0, 0
9168, 55, 126, 377, 0, 0, 26.70%, 0, 0, 5, 278.64, 2301980, 558, 0, 0
9173, 55, 173, 377, 0, 0, 26.70%, 0, 0, 5, 298.42, 2303130, 558, 0, 0
9178, 55, 351, 377, 0, 0, 26.70%, 0, 0, 5, 257.46, 2304444, 558, 0, 0
9183, 55, 199, 377, 0, 0, 26.70%, 0, 0, 5, 34.25, 2305635, 558, 0, 0
9188, 55, 173, 377, 0, 0, 26.70%, 0, 0, 5, 297.56, 2306950, 558, 0, 0
9194, 55, 53, 377, 0, 0, 26.70%, 0, 0, 5, 297.21, 2308250, 558, 0, 0
9199, 55, 192, 377, 0, 0, 26.70%, 0, 0, 5, 290.00, 2309438, 558, 0, 0
9204, 55, 225, 377, 0, 0, 26.70%, 0, 0, 5, 276.25, 2310715, 558, 0, 0
9209, 55, 351, 377, 0, 0, 26.70%, 0, 0, 5, 292.22, 2311987, 558, 0, 0
9214, 55, 313, 377, 0, 0, 26.70%, 0, 0, 5, 294.76, 2313200, 558, 0, 0
9219, 55, 255, 377, 0, 0, 26.70%, 0, 0, 5, 243.24, 2314456, 558, 0, 0
9224, 55, 5, 377, 0, 0, 26.70%, 0, 0, 5, 290.00, 2315654, 558, 0, 0
9229, 55, 329, 377, 0, 0, 26.70%, 0, 0, 5, 276.78, 2316970, 558, 0, 0
9235, 55, 60, 377, 0, 0, 26.70%, 0, 0, 5, 39.06, 2318150, 558, 0, 0
9240, 55, 179, 377, 0, 0, 26.70%, 0, 0, 5, 232.34, 2319460, 558, 0, 0
9245, 55, 50, 377, 0, 0, 26.70%, 0, 0, 5, 246.84, 2320716, 558, 0, 0
9250, 55, 179, 377, 0, 0, 26.70%, 0, 0, 5, 256.75, 2321985, 558, 0, 0
9255, 55, 43, 377, 0, 0, 26.70%, 0, 0, 5, 297.12, 2323215, 558, 0, 0
9260, 55, 348, 377, 0, 0, 26.70%, 0, 0, 5, 271.35, 2324515, 558, 0, 0
9265, 55, 255, 377, 0, 0, 26.70%, 0, 0, 5, 31.53, 2325719, 558, 0, 0
9270, 55, 2, 377, 0, 0, 26.70%, 0, 0, 5, 275.40, 2326975, 558, 0, 0
9276, 55, 50, 377, 0, 0, 26.70%, 0, 0, 5, 297.33, 2328310, 558, 0, 0
9281, 55, 313, 377, 0, 0, 26.70%, 0, 0, 5, 286.75, 2329591, 558, 0, 0
9286, 55, 85, 377, 0, 0, 26.70%, 0, 0, 5, 276.88, 2330811, 558, 0, 0
9291, 55, 82, 377, 0, 0, 26.70%, 0, 0, 5, 289.42, 2332131, 558, 0, 0
9296, 55, 179, 377, 0, 0, 26.70%, 0, 0, 5, 303.97, 2333443, 558, 0, 0
9301, 56, 133, 377, 0, 0, 26.70%, 0, 0, 5, 269.46, 2334666, 558, 0, 0
9306, 56, 329, 377, 0, 0, 26.70%, 0, 0, 5, 272.39, 2335906, 558, 0, 0
9311, 56, 359, 377, 0, 0, 26.70%, 0, 0, 5, 298.31, 2337221, 558, 0, 0
9316, 56, 359, 377, 0, 0, 26.70%, 0, 0, 5, 300.67, 2338526, 558, 0, 0
9322, 56, 313, 377, 0, 0, 26.70%, 0, 0, 5, 39.22, 2339766, 558, 0, 0
9327, 56, 126, 377, 0, 0, 26.70%, 0, 0, 5, 287.46, 2341051, 558, 0, 0
9332, 56, 161, 377, 0, 0, 26.70%, 0, 0, 5, 291.70, 2342316, 558, 0, 0
9337, 56, 85, 377, 0, 0, 26.70%, 0, 0, 5, 293.06, 2343611, 558, 0, 0
9342, 56, 53, 377, 0, 0, 26.70%, 0, 0, 5, 275.06, 2344941, 558, 0, 0
9347, 56, 157, 377, 0, 0, 26.70%, 0, 0, 5, 39.37, 2346131, 558, 0, 0
9352, 56, 265, 377, 0, 0, 26.70%, 0, 0, 5, 295.40, 2347416, 558, 0, 0
9357, 56, 235, 377, 0, 0, 26.70%, 0, 0, 5, 299.56, 2348731, 558, 0, 0
9363, 56, 313, 377, 0, 0, 26.70%, 0, 0, 5, 48.89, 2349941, 558, 0, 0
9368, 56, 351, 377, 0, 0, 26.70%, 0, 0, 5, 292.71, 2351251, 558, 0, 0
9373, 56, 270, 377, 0, 0, 26.70%, 0, 0, 5, 280.37, 2352561, 558, 0, 0
9378, 56, 133, 377, 0, 0, 26.70%, 0, 0, 5, 37.74, 2353791, 558, 0, 0
9383, 56, 5, 377, 0, 0, 26.70%, 0, 0, 5, 99.77, 2355061, 558, 0, 0
9388, 56, 209, 377, 0, 0, 26.70%, 0, 0, 5, 243.16, 2356309, 558, 0, 0
9393, 56, 311, 377, 0, 0, 26.70%, 0, 0, 5, 274.25, 2357541, 558, 0, 0
9398, 56, 270, 377, 0, 0, 26.70%, 0, 0, 5, 299.38, 2358781, 558, 0, 0
9403, 56, 151, 377, 0, 0, 26.70%, 0, 0, 5, 298.62, 2360101, 558, 0, 0
9409, 56, 328, 377, 0, 0, 26.70%, 0, 0, 5, 32.05, 2361306, 558, 0, 0
9414, 56, 126, 377, 0, 0, 26.70%, 0, 0, 5, 297.18, 2362626, 558, 0, 0
9419, 56, 329, 377, 0, 0, 26.70%, 0, 0, 5, 291.38, 2363931, 558, 0, 0
9424, 56, 199, 377, 0, 0, 26.70%, 0, 0, 5, 33.90, 2365136, 558, 0, 0
9429, 56, 176, 377, 0, 0, 26.70%, 0, 0, 5, 256.48, 2366416, 558, 0, 0
9434, 56, 359, 377, 0, 0, 26.70%, 0, 0, 5, 273.52, 2367676, 558, 0, 0
9439, 56, 196, 377, 0, 0, 26.70%, 0, 0, 5, 275.00, 2368876, 558, 0, 0
9445, 56, 172, 377, 0, 0, 26.70%, 0, 0, 5, 292.58, 2370206, 558, 0, 0
9450, 56, 176, 377, 0, 0, 26.70%, 0, 0, 5, 290.14, 2371501, 558, 0, 0
9455, 56, 4, 377, 0, 0, 26.70%, 0, 0, 5, 294.86, 2372731, 558, 0, 0
9460, 57, 288, 377, 0, 0, 26.70%, 0, 0, 5, 267.69, 2374006, 558, 0, 0
9465, 57, 172, 377, 0, 0, 26.70%, 0, 0, 5, 54.55, 2375231, 558, 0, 0
9470, 57, 328, 377, 0, 0, 26.70%, 0, 0, 5, 273.41, 2376526, 558, 0, 0
9476, 57, 359, 377, 0, 0, 26.70%, 0, 0, 5, 286.28, 2377786, 558, 0, 0
9481, 57, 173, 377, 0, 0, 26.70%, 0, 0, 5, 271.63, 2378956, 558, 0, 0
9486, 57, 172, 377, 0, 0, 26.70%, 0, 0, 5, 294.36, 2380281, 558, 0, 0
9491, 57, 168, 377, 0, 0, 26.70%, 0, 0, 5, 268.69, 2381486, 558, 0, 0
9496, 57, 5, 377, 0, 0, 26.70%, 0, 0, 5, 277.37, 2382801, 558, 0, 0
9501, 57, 59, 377, 0, 0, 26.70%, 0, 0, 5, 269.43, 2384106, 558, 0, 0
9506, 57, 277, 377, 0, 0, 26.70%, 0, 0, 5, 42.55, 2385291, 558, 0, 0
9511, 57, 50, 377, 0, 0, 26.70%, 0, 0, 5, 268.26, 2386601, 558, 0, 0
9516, 57, 53, 377, 0, 0, 26.70%, 0, 0, 5, 290.45, 2387891, 558, 0, 0
9521, 57, 43, 377, 0, 0, 26.70%, 0, 0, 5, 42.74, 2389051, 558, 0, 0
9527, 57, 182, 377, 0, 0, 26.70%, 0, 0, 5, 295.17, 2390356, 558, 0, 0
9532, 57, 85, 377, 0, 0, 26.70%, 0, 0, 5, 288.77, 2391671, 558, 0, 0
9537, 57, 255, 377, 0, 0, 26.70%, 0, 0, 5, 144.27, 2392869, 558, 0, 0
9542, 57, 225, 377, 0, 0, 26.70%, 0, 0, 5, 249.49, 2394197, 558, 0, 0
9547, 57, 351, 377, 0, 0, 26.70%, 0, 0, 5, 273.78, 2395451, 558, 0, 0
9552, 57, 80, 377, 0, 0, 26.70%, 0, 0, 5, 276.24, 2396651, 558, 0, 0
9557, 57, 80, 377, 0, 0, 26.70%, 0, 0, 5, 295.41, 2397936, 558, 0, 0
9563, 57, 313, 377, 0, 0, 26.70%, 0, 0, 5, 301.29, 2399269, 558, 0, 0
9568, 57, 313, 377, 0, 0, 26.70%, 0, 0, 5, 260.59, 2400501, 558, 0, 0
9573, 57, 176, 377, 0, 0, 26.70%, 0, 0, 5, 299.50, 2401806, 558, 0, 0
9578, 57, 126, 377, 0, 0, 26.70%, 0, 0, 5, 292.24, 2403081, 558, 0, 0
9583, 57, 238, 377, 0, 0, 26.70%, 0, 0, 5, 292.08, 2404300, 558, 0, 0
9588, 57, 173, 377, 0, 0, 26.70%, 0, 0, 5, 287.07, 2405516, 558, 0, 0
9593, 57, 31, 377, 0, 0, 26.70%, 0, 0, 5, 271.55, 2406756, 558, 0, 0
9598, 57, 364, 377, 0, 0, 26.70%, 0, 0, 5, 270.94, 2407936, 558, 0, 0
9603, 57, 358, 377, 0, 0, 26.70%, 0, 0, 5, 297.84, 2409216, 558, 0, 0
9609, 57, 173, 377, 0, 0, 26.70%, 0, 0, 5, 232.33, 2410400, 558, 0, 0
9614, 57, 3, 377, 0, 0, 26.70%, 0, 0, 5, 296.54, 2411671, 558, 0, 0
9619, 57, 328, 377, 0, 0, 26.70%, 0, 0, 5, 277.65, 2412911, 558, 0, 0
9624, 58, 85, 377, 0, 0, 26.70%, 0, 0, 5, 247.73, 2414180, 558, 0, 0
9629, 58, 52, 377, 0, 0, 26.70%, 0, 0, 5, 227.71, 2415444, 558, 0, 0
9634, 58, 50, 377, 0, 0, 26.70%, 0, 0, 5, 44.11, 2416595, 558, 0, 0
9639, 58, 53, 377, 0, 0, 26.70%, 0, 0, 5, 287.87, 2417926, 558, 0, 0
9645, 58, 238, 377, 0, 0, 26.70%, 0, 0, 5, 304.93, 2419107, 558, 0, 0
9650, 58, 313, 377, 0, 0, 26.70%, 0, 0, 5, 288.19, 2420406, 558, 0, 0
9655, 58, 13, 377, 0, 0, 26.70%, 0, 0, 5, 286.75, 2421606, 558, 0, 0
9660, 58, 255, 377, 0, 0, 26.70%, 0, 0, 5, 31.06, 2422811, 558, 0, 0
9665, 58, 128, 377, 0, 0, 26.70%, 0, 0, 5, 284.19, 2424061, 558, 0, 0
9670, 58, 172, 377, 0, 0, 26.70%, 0, 0, 5, 297.03, 2425256, 558, 0, 0
9675, 58, 320, 377, 0, 0, 26.70%, 0, 0, 5, 280.82, 2426566, 558, 0, 0
9681, 58, 170, 377, 0, 0, 26.70%, 0, 0, 5, 295.66, 2427756, 558, 0, 0
9686, 58, 113, 377, 0, 0, 26.70%, 0, 0, 5, 272.75, 2429016, 558, 0, 0
9691, 58, 154, 377, 0, 0, 26.70%, 0, 0, 5, 299.43, 2430175, 558, 0, 0
9696, 58, 285, 377, 0, 0, 26.70%, 0, 0, 5, 34.36, 2431401, 558, 0, 0
9701, 58, 50, 377, 0, 0, 26.70%, 0, 0, 5, 298.57, 2432741, 558, 0, 0
9706, 58, 147, 377, 0, 0, 26.70%, 0, 0, 5, 268.18, 2433946, 558, 0, 0
9711, 58, 5, 377, 0, 0, 26.70%, 0, 0, 5, 296.50, 2435220, 558, 0, 0
9717, 58, 159, 377, 0, 0, 26.70%, 0, 0, 5, 209.95, 2436580, 558, 0, 0
9722, 58, 25, 377, 0, 0, 26.70%, 0, 0, 5, 298.51, 2437752, 558, 0, 0
9727, 58, 324, 377, 0, 0, 26.70%, 0, 0, 5, 254.57, 2439016, 558, 0, 0
9732, 58, 249, 377, 0, 0, 26.70%, 0, 0, 5, 293.86, 2440271, 558, 0, 0
9737, 58, 179, 377, 0, 0, 26.70%, 0, 0, 5, 275.19, 2441436, 558, 0, 0
9742, 58, 130, 377, 0, 0, 26.70%, 0, 0, 5, 256.64, 2442756, 558, 0, 0
9747, 58, 319, 377, 0, 0, 26.70%, 0, 0, 5, 293.41, 2444066, 558, 0, 0
9752, 58, 176, 377, 0, 0, 26.70%, 0, 0, 5, 294.57, 2445366, 558, 0, 0
9758, 58, 89, 377, 0, 0, 26.70%, 0, 0, 5, 33.33, 2446572, 558, 0, 0
9763, 58, 248, 377, 0, 0, 26.70%, 0, 0, 5, 293.34, 2447876, 558, 0, 0
9768, 58, 133, 377, 0, 0, 26.70%, 0, 0, 5, 261.82, 2449186, 558, 0, 0
9773, 58, 189, 377, 0, 0, 26.70%, 0, 0, 5, 238.32, 2450475, 558, 0, 0
9778, 58, 5, 377, 0, 0, 26.70%, 0, 0, 5, 267.64, 2451756, 558, 0, 0
9783, 59, 225, 377, 0, 0, 26.70%, 0, 0, 5, 259.28, 2453001, 558, 0, 0
9788, 59, 179, 377, 0, 0, 26.70%, 0, 0, 5, 297.99, 2454326, 558, 0, 0
9793, 59, 351, 377, 0, 0, 26.70%, 0, 0, 5, 281.92, 2455606, 558, 0, 0
9798, 59, 5, 377, 0, 0, 26.70%, 0, 0, 5, 31.39, 2456801, 558, 0, 0
9804, 59, 92, 377, 0, 0, 26.70%, 0, 0, 5, 281.19, 2458106, 558, 0, 0
9809, 59, 328, 377, 0, 0, 26.70%, 0, 0, 5, 280.34, 2459366, 558, 0, 0
9814, 59, 305, 377, 0, 0, 26.70%, 0, 0, 5, 263.19, 2460606, 558, 0, 0
9819, 59, 328, 377, 0, 0, 26.70%, 0, 0, 5, 288.18, 2461901, 558, 0, 0
9824, 59, 313, 377, 0, 0, 26.70%, 0, 0, 5, 62.46, 2463105, 558, 0, 0
9829, 59, 25, 377, 0, 0, 26.70%, 0, 0, 5, 291.18, 2464396, 558, 0, 0
9834, 59, 157, 377, 0, 0, 26.70%, 0, 0, 5, 256.45, 2465681, 558, 0, 0
9839, 59, 358, 377, 0, 0, 26.70%, 0, 0, 5, 293.52, 2466916, 558, 0, 0
9845, 59, 50, 377, 0, 0, 26.70%, 0, 0, 5, 291.57, 2468201, 558, 0, 0
9850, 59, 159, 377, 0, 0, 26.70%, 0, 0, 5, 294.21, 2469496, 558, 0, 0
9855, 59, 306, 377, 0, 0, 26.70%, 0, 0, 5, 268.05, 2470716, 558, 0, 0
9860, 59, 225, 377, 0, 0, 26.70%, 0, 0, 5, 284.43, 2471961, 558, 0, 0
9865, 59, 238, 377, 0, 0, 26.70%, 0, 0, 5, 46.51, 2473236, 558, 0, 0
9870, 59, 53, 377, 0, 0, 26.70%, 0, 0, 5, 296.81, 2474436, 558, 0, 0
9875, 59, 313, 377, 0, 0, 26.70%, 0, 0, 5, 292.86, 2475761, 558, 0, 0
9880, 59, 351, 377, 0, 0, 26.70%, 0, 0, 5, 44.25, 2476951, 558, 0, 0
9886, 59, 359, 377, 0, 0, 26.70%, 0, 0, 5, 253.51, 2478221, 558, 0, 0
9891, 59, 114, 377, 0, 0, 26.70%, 0, 0, 5, 258.61, 2479481, 558, 0, 0
9896, 59, 288, 377, 0, 0, 26.70%, 0, 0, 5, 308.46, 2480698, 558, 0, 0
9901, 59, 29, 377, 0, 0, 26.70%, 0, 0, 5, 295.87, 2481966, 558, 0, 0
9906, 59, 85, 377, 0, 0, 26.70%, 0, 0, 5, 263.63, 2483271, 558, 0, 0
9911, 59, 359, 377, 0, 0, 26.70%, 0, 0, 5, 296.85, 2484456, 558, 0, 0
9916, 59, 354, 377, 0, 0, 26.70%, 0, 0, 5, 266.63, 2485716, 558, 0, 0
9921, 59, 83, 377, 0, 0, 26.70%, 0, 0, 5, 285.13, 2487011, 558, 0, 0
9927, 59, 141, 377, 0, 0, 26.70%, 0, 0, 5, 246.78, 2488285, 558, 0, 0
9932, 59, 159, 377, 0, 0, 26.70%, 0, 0, 5, 300.25, 2489608, 558, 0, 0
9937, 59, 172, 377, 0, 0, 26.70%, 0, 0, 5, 236.48, 2490804, 558, 0, 0
9942, 60, 126, 377, 0, 0, 26.70%, 0, 0, 5, 294.72, 2492136, 558, 0, 0
9947, 60, 157, 377, 0, 0, 26.70%, 0, 0, 5, 286.00, 2493395, 558, 0, 0
9952, 60, 338, 377, 0, 0, 26.70%, 0, 0, 5, 293.53, 2494632, 558, 0, 0
9957, 60, 359, 377, 0, 0, 26.70%, 0, 0, 5, 298.76, 2495936, 558, 0, 0
9963, 60, 5, 377, 0, 0, 26.70%, 0, 0, 5, 65.13, 2497116, 558, 0, 0
9968, 60, 167, 377, 0, 0, 26.70%, 0, 0, 5, 245.83, 2498411, 558, 0, 0
9973, 60, 359, 377, 0, 0, 26.70%, 0, 0, 5, 288.66, 2499731, 558, 0, 0
9978, 60, 305, 377, 0, 0, 26.70%, 0, 0, 5, 300.20, 2500943, 558, 0, 0
9983, 60, 182, 377, 0, 0, 26.70%, 0, 0, 5, 282.78, 2502226, 558, 0, 0
9988, 60, 126, 377, 0, 0, 26.70%, 0, 0, 5, 295.66, 2503491, 558, 0, 0
9994, 60, 354, 377, 0, 0, 26.70%, 0, 0, 5, 294.45, 2504811, 558, 0, 0
9999, 60, 179, 377, 0, 0, 26.70%, 0, 0, 5, 200.00, 2505971, 558, 0, 0
10004, 60, 374, 377, 0, 0, 26.70%, 0, 0, 5, 297.82, 2507266, 558, 0, 0
10009, 60, 305, 377, 0, 0, 26.70%, 0, 0, 5, 296.32, 2508516, 558, 0, 0
10014, 60, 327, 377, 0, 0, 26.70%, 0, 0, 5, 214.65, 2509690, 558, 0, 0
10019, 60, 128, 377, 0, 0, 26.70%, 0, 0, 5, 252.31, 2511001, 558, 0, 0
10024, 60, 368, 377, 0, 0, 26.70%, 0, 0, 5, 31.95, 2512166, 558, 0, 0
10029, 60, 225, 377, 0, 0, 26.70%, 0, 0, 5, 294.40, 2513416, 558, 0, 0
10034, 60, 159, 377, 0, 0, 26.70%, 0, 0, 5, 31.06, 2514601, 558, 0, 0
10039, 60, 225, 377, 0, 0, 26.70%, 0, 0, 5, 230.92, 2515841, 558, 0, 0
10045, 60, 359, 377, 0, 0, 26.70%, 0, 0, 5, 300.33, 2517169, 558, 0, 0
10050, 60, 248, 377, 0, 0, 26.70%, 0, 0, 5, 305.11, 2518327, 558, 0, 0
10055, 60, 94, 377, 0, 0, 26.70%, 0, 0, 5, 296.59, 2519586, 558, 0, 0
10060, 60, 172, 377, 0, 0, 26.70%, 0, 0, 5, 279.43, 2520856, 558, 0, 0
10065, 60, 53, 377, 0, 0, 26.70%, 0, 0, 5, 33.56, 2522071, 558, 0, 0
10070, 60, 172, 377, 0, 0, 26.70%, 0, 0, 5, 299.32, 2523391, 558, 0, 0
10075, 60, 50, 377, 0, 0, 26.70%, 0, 0, 5, 281.69, 2524661, 558, 0, 0
10080, 60, 171, 377, 0, 0, 26.70%, 0, 0, 5, 266.01, 2525880, 558, 0, 0
10086, 60, 172, 377, 0, 0, 26.70%, 0, 0, 5, 241.17, 2527181, 558, 0, 0
10091, 60, 342, 377, 0, 0, 26.70%, 0, 0, 5, 276.59, 2528416, 558, 0, 0
10096, 60, 5, 377, 0, 0, 26.70%, 0, 0, 5, 295.25, 2529631, 558, 0, 0
10101, 61, 172, 377, 0, 0, 26.70%, 0, 0, 5, 273.72, 2530911, 558, 0, 0
10106, 61, 351, 377, 0, 0, 26.70%, 0, 0, 5, 288.22, 2532206, 558, 0, 0
10111, 61, 133, 377, 0, 0, 26.70%, 0, 0, 5, 298.12, 2533416, 558, 0, 0
10116, 61, 259, 377, 0, 0, 26.70%, 0, 0, 5, 245.73, 2534693, 558, 0, 0
10121, 61, 186, 377, 0, 0, 26.70%, 0, 0, 5, 34.13, 2535881, 558, 0, 0
10126, 61, 126, 377, 0, 0, 26.70%, 0, 0, 5, 274.59, 2537136, 558, 0, 0
10131, 61, 5, 377, 0, 0, 26.70%, 0, 0, 5, 243.78, 2538340, 558, 0, 0
10136, 61, 199, 377, 0, 0, 26.70%, 0, 0, 5, 276.59, 2539620, 558, 0, 0
10142, 61, 173, 377, 0, 0, 26.70%, 0, 0, 5, 273.15, 2540920, 558, 0, 0
10147, 61, 157, 377, 0, 0, 26.70%, 0, 0, 5, 297.57, 2542171, 558, 0, 0
10152, 61, 229, 377, 0, 0, 26.70%, 0, 0, 5, 298.14, 2543331, 558, 0, 0
10157, 61, 359, 377, 0, 0, 26.70%, 0, 0, 5, 240.06, 2544495, 558, 0, 0
10162, 61, 225, 377, 0, 0, 26.70%, 0, 0, 5, 298.34, 2545901, 558, 0, 0
10167, 61, 25, 377, 0, 0, 26.70%, 0, 0, 5, 265.93, 2547121, 558, 0, 0
10172, 61, 305, 377, 0, 0, 26.70%, 0, 0, 5, 293.39, 2548381, 558, 0, 0
10177, 61, 5, 377, 0, 0, 26.70%, 0, 0, 5, 275.86, 2549562, 558, 0, 0
10182, 61, 329, 377, 0, 0, 26.70%, 0, 0, 5, 281.39, 2550951, 558, 0, 0
10188, 61, 328, 377, 0, 0, 26.70%, 0, 0, 5, 284.62, 2552181, 558, 0, 0
10193, 61, 43, 377, 0, 0, 26.70%, 0, 0, 5, 273.88, 2553436, 558, 0, 0
10198, 61, 157, 377, 0, 0, 26.70%, 0, 0, 5, 285.93, 2554721, 558, 0, 0
10203, 61, 238, 377, 0, 0, 26.70%, 0, 0, 5, 286.47, 2555901, 558, 0, 0
10208, 61, 50, 377, 0, 0, 26.70%, 0, 0, 5, 296.60, 2557221, 558, 0, 0
10213, 61, 171, 377, 0, 0, 26.70%, 0, 0, 5, 35.43, 2558420, 558, 0, 0
10219, 61, 313, 377, 0, 0, 26.70%, 0, 0, 5, 268.40, 2559741, 558, 0, 0
10224, 61, 158, 377, 0, 0, 26.70%, 0, 0, 5, 281.90, 2561026, 558, 0, 0
10229, 61, 347, 377, 0, 0, 26.70%, 0, 0, 5, 263.71, 2562320, 558, 0, 0
10234, 61, 354, 377, 0, 0, 26.70%, 0, 0, 5, 276.46, 2563546, 558, 0, 0
10239, 61, 192, 377, 0, 0, 26.70%, 0, 0, 5, 293.18, 2564826, 558, 0, 0
10244, 61, 157, 377, 0, 0, 26.70%, 0, 0, 5, 281.50, 2566041, 558, 0, 0
10249, 61, 296, 377, 0, 0, 26.70%, 0, 0, 5, 293.12, 2567291, 558, 0, 0
10255, 61, 359, 377, 0, 0, 26.70%, 0, 0, 5, 251.33, 2568599, 558, 0, 0
10260, 61, 225, 377, 0, 0, 26.70%, 0, 0, 5, 294.89, 2569911, 558, 0, 0
10265, 62, 351, 377, 0, 0, 26.70%, 0, 0, 5, 258.08, 2571136, 558, 0, 0
10270, 62, 305, 377, 0, 0, 26.70%, 0, 0, 5, 286.84, 2572411, 558, 0, 0
10275, 62, 192, 377, 0, 0, 26.70%, 0, 0, 5, 296.21, 2573616, 558, 0, 0
10280, 62, 53, 377, 0, 0, 26.70%, 0, 0, 5, 137.22, 2574887, 558, 0, 0
10285, 62, 179, 377, 0, 0, 26.70%, 0, 0, 5, 249.32, 2576136, 558, 0, 0
10290, 62, 238, 377, 0, 0, 26.70%, 0, 0, 5, 270.54, 2577381, 558, 0, 0
10295, 62, 176, 377, 0, 0, 26.70%, 0, 0, 5, 274.87, 2578626, 558, 0, 0
10300, 62, 39, 377, 0, 0, 26.70%, 0, 0, 5, 260.13, 2579896, 558, 0, 0
10306, 62, 238, 377, 0, 0, 26.70%, 0, 0, 5, 297.72, 2581181, 558, 0, 0
10311, 62, 376, 377, 0, 0, 26.70%, 0, 0, 5, 285.59, 2582461, 558, 0, 0
10316, 62, 82, 377, 0, 0, 26.70%, 0, 0, 5, 267.34, 2583666, 558, 0, 0
10321, 62, 50, 377, 0, 0, 26.70%, 0, 0, 5, 287.55, 2584981, 558, 0, 0
10326, 62, 359, 377, 0, 0, 26.70%, 0, 0, 5, 286.37, 2586291, 558, 0, 0
10331, 62, 219, 377, 0, 0, 26.70%, 0, 0, 5, 262.23, 2587561, 558, 0, 0
10336, 62, 128, 377, 0, 0, 26.70%, 0, 0, 5, 37.45, 2588731, 558, 0, 0
10341, 62, 355, 377, 0, 0, 26.70%, 0, 0, 5, 293.57, 2590031, 558, 0, 0
10347, 62, 214, 377, 0, 0, 26.70%, 0, 0, 5, 273.14, 2591326, 558, 0, 0
10352, 62, 359, 377, 0, 0, 26.70%, 0, 0, 5, 291.68, 2592601, 558, 0, 0
10357, 62, 1, 377, 0, 0, 26.70%, 0, 0, 5, 290.00, 2593774, 558, 0, 0
10362, 62, 329, 377, 0, 0, 26.70%, 0, 0, 5, 297.44, 2595086, 558, 0, 0
10367, 62, 85, 377, 0, 0, 26.70%, 0, 0, 5, 283.56, 2596345, 558, 0, 0
10372, 62, 159, 377, 0, 0, 26.70%, 0, 0, 5, 47.17, 2597571, 558, 0, 0
10377, 62, 126, 377, 0, 0, 26.70%, 0, 0, 5, 298.33, 2598866, 558, 0, 0
10382, 62, 279, 377, 0, 0, 26.70%, 0, 0, 5, 296.33, 2600146, 558, 0, 0
10388, 62, 238, 377, 0, 0, 26.70%, 0, 0, 5, 266.35, 2601326, 558, 0, 0
10393, 62, 173, 377, 0, 0, 26.70%, 0, 0, 5, 296.58, 2602601, 558, 0, 0
10398, 62, 159, 377, 0, 0, 26.70%, 0, 0, 5, 267.45, 2603886, 558, 0, 0
10403, 62, 53, 377, 0, 0, 26.70%, 0, 0, 5, 295.00, 2605156, 558, 0, 0
10408, 62, 133, 377, 0, 0, 26.70%, 0, 0, 5, 303.48, 2606317, 558, 0, 0
10413, 62, 85, 377, 0, 0, 26.70%, 0, 0, 5, 296.94, 2607586, 558, 0, 0
10418, 62, 5, 377, 0, 0, 26.70%, 0, 0, 5, 251.71, 2608838, 558, 0, 0
10423, 63, 192, 377, 0, 0, 26.70%, 0, 0, 5, 285.86, 2610121, 558, 0, 0
10428, 63, 176, 377, 0, 0, 26.70%, 0, 0, 5, 279.36, 2611416, 558, 0, 0
10433, 63, 173, 377, 0, 0, 26.70%, 0, 0, 5, 258.07, 2612606, 558, 0, 0
10438, 63, 345, 377, 0, 0, 26.70%, 0, 0, 5, 292.54, 2613891, 558, 0, 0
10443, 63, 255, 377, 0, 0, 26.70%, 0, 0, 5, 294.03, 2615146, 558, 0, 0
10448, 63, 172, 377, 0, 0, 26.70%, 0, 0, 5, 289.47, 2616436, 558, 0, 0
10453, 63, 96, 377, 0, 0, 26.70%, 0, 0, 5, 295.00, 2617660, 558, 0, 0
10459, 63, 351, 377, 0, 0, 26.70%, 0, 0, 5, 295.32, 2618921, 558, 0, 0
10464, 63, 50, 377, 0, 0, 26.70%, 0, 0, 5, 266.07, 2620176, 558, 0, 0
10469, 63, 359, 377, 0, 0, 26.70%, 0, 0, 5, 31.25, 2621386, 558, 0, 0
10474, 63, 53, 377, 0, 0, 26.70%, 0, 0, 5, 291.54, 2622676, 558, 0, 0
10479, 63, 238, 377, 0, 0, 26.70%, 0, 0, 5, 296.21, 2623995, 558, 0, 0
10484, 63, 157, 377, 0, 0, 26.70%, 0, 0, 5, 293.79, 2625286, 558, 0, 0
10489, 63, 179, 377, 0, 0, 26.70%, 0, 0, 5, 272.22, 2626551, 558, 0, 0
10494, 63, 83, 377, 0, 0, 26.70%, 0, 0, 5, 268.66, 2627797, 558, 0, 0
10499, 63, 53, 377, 0, 0, 26.70%, 0, 0, 5, 292.36, 2629081, 558, 0, 0
10505, 63, 176, 377, 0, 0, 26.70%, 0, 0, 5, 289.85, 2630366, 558, 0, 0
10510, 63, 167, 377, 0, 0, 26.70%, 0, 0, 5, 281.59, 2631641, 558, 0, 0
10515, 63, 359, 377, 0, 0, 26.70%, 0, 0, 5, 285.71, 2632824, 558, 0, 0
10520, 63, 133, 377, 0, 0, 26.70%, 0, 0, 5, 294.67, 2634096, 558, 0, 0
10525, 63, 253, 377, 0, 0, 26.70%, 0, 0, 5, 297.37, 2635401, 558, 0, 0
10530, 63, 329, 377, 0, 0, 26.70%, 0, 0, 5, 300.00, 2636559, 558, 0, 0
10535, 63, 358, 377, 0, 0, 26.70%, 0, 0, 5, 280.74, 2637831, 558, 0, 0
10540, 63, 159, 377, 0, 0, 26.70%, 0, 0, 5, 289.95, 2639106, 558, 0, 0
10545, 63, 245, 377, 0, 0, 26.70%, 0, 0, 5, 54.95, 2640296, 558, 0, 0
10550, 63, 172, 377, 0, 0, 26.70%, 0, 0, 5, 299.95, 2641516, 558, 0, 0
10555, 63, 260, 377, 0, 0, 26.70%, 0, 0, 5, 192.27, 2642782, 558, 0, 0
10561, 63, 329, 377, 0, 0, 26.70%, 0, 0, 5, 260.45, 2643991, 558, 0, 0
10566, 63, 329, 377, 0, 0, 26.70%, 0, 0, 5, 292.27, 2645291, 558, 0, 0
10571, 63, 50, 377, 0, 0, 26.70%, 0, 0, 5, 277.21, 2646591, 558, 0, 0
10576, 63, 264, 377, 0, 0, 26.70%, 0, 0, 5, 296.64, 2647816, 558, 0, 0
10581, 64, 351, 377, 0, 0, 26.70%, 0, 0, 5, 275.35, 2649141, 558, 0, 0
10586, 64, 351, 377, 0, 0, 26.70%, 0, 0, 5, 49.75, 2650346, 558, 0, 0
10591, 64, 329, 377, 0, 0, 26.70%, 0, 0, 5, 271.03, 2651641, 558, 0, 0
10597, 64, 173, 377, 0, 0, 26.70%, 0, 0, 5, 298.98, 2652961, 558, 0, 0
10602, 64, 5, 377, 0, 0, 26.70%, 0, 0, 5, 261.11, 2654161, 558, 0, 0
10607, 64, 329, 377, 0, 0, 26.70%, 0, 0, 5, 291.03, 2655466, 558, 0, 0
10612, 64, 173, 377, 0, 0, 26.70%, 0, 0, 5, 287.94, 2656761, 558, 0, 0
10617, 64, 176, 377, 0, 0, 26.70%, 0, 0, 5, 217.82, 2657970, 558, 0, 0
10622, 64, 157, 377, 0, 0, 26.70%, 0, 0, 5, 281.69, 2659266, 558, 0, 0
10628, 64, 309, 377, 0, 0, 26.70%, 0, 0, 5, 262.61, 2660576, 558, 0, 0
10633, 64, 157, 377, 0, 0, 26.70%, 0, 0, 5, 282.37, 2661826, 558, 0, 0
10638, 64, 85, 377, 0, 0, 26.70%, 0, 0, 5, 275.00, 2663046, 558, 0, 0
10643, 64, 192, 377, 0, 0, 26.70%, 0, 0, 5, 295.04, 2664261, 558, 0, 0
10648, 64, 31, 377, 0, 0, 26.70%, 0, 0, 5, 288.12, 2665506, 558, 0, 0
10653, 64, 133, 377, 0, 0, 26.70%, 0, 0, 5, 225.03, 2666691, 558, 0, 0
10658, 64, 85, 377, 0, 0, 26.70%, 0, 0, 5, 233.05, 2667935, 558, 0, 0
10663, 64, 1, 377, 0, 0, 26.70%, 0, 0, 5, 239.42, 2669167, 558, 0, 0
10668, 64, 313, 377, 0, 0, 26.70%, 0, 0, 5, 295.18, 2670446, 558, 0, 0
10673, 64, 179, 377, 0, 0, 26.70%, 0, 0, 5, 298.51, 2671651, 558, 0, 0
10678, 64, 351, 377, 0, 0, 26.70%, 0, 0, 5, 298.22, 2672936, 558, 0, 0
10684, 64, 53, 377, 0, 0, 26.70%, 0, 0, 5, 281.96, 2674181, 558, 0, 0
10689, 64, 203, 377, 0, 0, 26.70%, 0, 0, 5, 279.86, 2675345, 558, 0, 0
10694, 64, 200, 377, 0, 0, 26.70%, 0, 0, 5, 272.87, 2676616, 558, 0, 0
10699, 64, 305, 377, 0, 0, 26.70%, 0, 0, 5, 297.70, 2677776, 558, 0, 0
10704, 64, 329, 377, 0, 0, 26.70%, 0, 0, 5, 270.00, 2679071, 558, 0, 0
10709, 64, 173, 377, 0, 0, 26.70%, 0, 0, 5, 44.64, 2680341, 558, 0, 0
10714, 64, 173, 377, 0, 0, 26.70%, 0, 0, 5, 280.81, 2681551, 558, 0, 0
10719, 64, 57, 377, 0, 0, 26.70%, 0, 0, 5, 246.93, 2682797, 558, 0, 0
10724, 64, 50, 377, 0, 0, 26.70%, 0, 0, 5, 289.63, 2684106, 558, 0, 0
10729, 64, 360, 377, 0, 0, 26.70%, 0, 0, 5, 278.33, 2685321, 558, 0, 0
10735, 64, 85, 377, 0, 0, 26.70%, 0, 0, 5, 301.13, 2686589, 558, 0, 0
10740, 65, 154, 377, 0, 0, 26.70%, 0, 0, 5, 299.11, 2687881, 558, 0, 0
10745, 65, 63, 377, 0, 0, 26.70%, 0, 0, 5, 301.98, 2689045, 558, 0, 0
10750, 65, 359, 377, 0, 0, 26.70%, 0, 0, 5, 290.45, 2690306, 558, 0, 0
10755, 65, 351, 377, 0, 0, 26.70%, 0, 0, 5, 199.09, 2691595, 558, 0, 0
10760, 65, 175, 377, 0, 0, 26.70%, 0, 0, 5, 244.94, 2692851, 558, 0, 0
10765, 65, 359, 377, 0, 0, 26.70%, 0, 0, 5, 197.03, 2694034, 558, 0, 0
10770, 65, 359, 377, 0, 0, 26.70%, 0, 0, 5, 248.38, 2695343, 558, 0, 0
10775, 65, 305, 377, 0, 0, 26.70%, 0, 0, 5, 48.08, 2696556, 558, 0, 0
10780, 65, 98, 377, 0, 0, 26.70%, 0, 0, 5, 261.85, 2697816, 558, 0, 0
10785, 65, 52, 377, 0, 0, 26.70%, 0, 0, 5, 268.69, 2699091, 558, 0, 0
10791, 65, 329, 377, 0, 0, 26.70%, 0, 0, 5, 272.29, 2700291, 558, 0, 0
10796, 65, 173, 377, 0, 0, 26.70%, 0, 0, 5, 303.07, 2701607, 558, 0, 0
10801, 65, 173, 377, 0, 0, 26.70%, 0, 0, 5, 277.93, 2702916, 558, 0, 0
10806, 65, 248, 377, 0, 0, 26.70%, 0, 0, 5, 34.84, 2704126, 558, 0, 0
10811, 65, 328, 377, 0, 0, 26.70%, 0, 0, 5, 275.70, 2705431, 558, 0, 0
10816, 65, 359, 377, 0, 0, 26.70%, 0, 0, 5, 289.77, 2706701, 558, 0, 0
10821, 65, 359, 377, 0, 0, 26.70%, 0, 0, 5, 35.34, 2707916, 558, 0, 0
10827, 65, 376, 377, 0, 0, 26.70%, 0, 0, 5, 282.18, 2709193, 558, 0, 0
10832, 65, 172, 377, 0, 0, 26.70%, 0, 0, 5, 276.52, 2710521, 558, 0, 0
10837, 65, 6, 377, 0, 0, 26.70%, 0, 0, 5, 292.64, 2711831, 558, 0, 0
10842, 65, 85, 377, 0, 0, 26.70%, 0, 0, 5, 283.29, 2713081, 558, 0, 0
10847, 65, 357, 377, 0, 0, 26.70%, 0, 0, 5, 282.75, 2714331, 558, 0, 0
10852, 65, 110, 377, 0, 0, 26.70%, 0, 0, 5, 296.25, 2715646, 558, 0, 0
10857, 65, 238, 377, 0, 0, 26.70%, 0, 0, 5, 290.69, 2716970, 558, 0, 0
10862, 65, 159, 377, 0, 0, 26.70%, 0, 0, 5, 251.92, 2718131, 558, 0, 0
10868, 65, 176, 377, 0, 0, 26.70%, 0, 0, 5, 292.42, 2719406, 558, 0, 0
10873, 65, 261, 377, 0, 0, 26.70%, 0, 0, 5, 290.96, 2720711, 558, 0, 0
10878, 65, 50, 377, 0, 0, 26.70%, 0, 0, 5, 271.43, 2721961, 558, 0, 0
10883, 65, 173, 377, 0, 0, 26.70%, 0, 0, 5, 292.15, 2723181, 558, 0, 0
10888, 65, 192, 377, 0, 0, 26.70%, 0, 0, 5, 205.84, 2724470, 558, 0, 0
10893, 65, 123, 377, 0, 0, 26.70%, 0, 0, 5, 272.61, 2725731, 558, 0, 0
10898, 65, 131, 377, 0, 0, 26.70%, 0, 0, 5, 32.57, 2726921, 558, 0, 0
10903, 66, 126, 377, 0, 0, 26.70%, 0, 0, 5, 274.52, 2728226, 558, 0, 0
10909, 66, 138, 377, 0, 0, 26.70%, 0, 0, 5, 294.87, 2729536, 558, 0, 0
10914, 66, 192, 377, 0, 0, 26.70%, 0, 0, 5, 288.56, 2730714, 558, 0, 0
10919, 66, 126, 377, 0, 0, 26.70%, 0, 0, 5, 296.60, 2732006, 558, 0, 0
10924, 66, 154, 377, 0, 0, 26.70%, 0, 0, 5, 288.83, 2733311, 558, 0, 0
10929, 66, 313, 377, 0, 0, 26.70%, 0, 0, 5, 276.46, 2734506, 558, 0, 0
10934, 66, 182, 377, 0, 0, 26.70%, 0, 0, 5, 292.03, 2735831, 558, 0, 0
10939, 66, 329, 377, 0, 0, 26.70%, 0, 0, 5, 259.51, 2737071, 558, 0, 0
10944, 66, 172, 377, 0, 0, 26.70%, 0, 0, 5, 296.49, 2738311, 558, 0, 0
10950, 66, 161, 377, 0, 0, 26.70%, 0, 0, 5, 295.51, 2739581, 558, 0, 0
10955, 66, 53, 377, 0, 0, 26.70%, 0, 0, 5, 274.60, 2740801, 558, 0, 0
10960, 66, 119, 377, 0, 0, 26.70%, 0, 0, 5, 301.98, 2742022, 558, 0, 0
10965, 66, 313, 377, 0, 0, 26.70%, 0, 0, 5, 244.81, 2743312, 558, 0, 0
10970, 66, 359, 377, 0, 0, 26.70%, 0, 0, 5, 295.80, 2744626, 558, 0, 0
10975, 66, 359, 377, 0, 0, 26.70%, 0, 0, 5, 284.67, 2745886, 558, 0, 0
10980, 66, 154, 377, 0, 0, 26.70%, 0, 0, 5, 294.48, 2747101, 558, 0, 0
10985, 66, 173, 377, 0, 0, 26.70%, 0, 0, 5, 134.71, 2748408, 558, 0, 0
10990, 66, 359, 377, 0, 0, 26.70%, 0, 0, 5, 212.78, 2749616, 558, 0, 0
10995, 66, 85, 377, 0, 0, 26.70%, 0, 0, 5, 294.14, 2750906, 558, 0, 0
11001, 66, 179, 377, 0, 0, 26.70%, 0, 0, 5, 273.26, 2752221, 558, 0, 0
11006, 66, 328, 377, 0, 0, 26.70%, 0, 0, 5, 295.57, 2753396, 558, 0, 0
11011, 66, 345, 377, 0, 0, 26.70%, 0, 0, 5, 293.99, 2754676, 558, 0, 0
11016, 66, 351, 377, 0, 0, 26.70%, 0, 0, 5, 289.94, 2755991, 558, 0, 0
11021, 66, 328, 377, 0, 0, 26.70%, 0, 0, 5, 166.30, 2757246, 558, 0, 0
11026, 66, 199, 377, 0, 0, 26.70%, 0, 0, 5, 285.00, 2758443, 558, 0, 0
11031, 66, 351, 377, 0, 0, 26.70%, 0, 0, 5, 290.28, 2759696, 558, 0, 0
11036, 66, 179, 377, 0, 0, 26.70%, 0, 0, 5, 290.98, 2760951, 558, 0, 0
11041, 66, 313, 377, 0, 0, 26.70%, 0, 0, 5, 258.26, 2762106, 558, 0, 0
11046, 66, 44, 377, 0, 0, 26.70%, 0, 0, 5, 300.38, 2763407, 558, 0, 0
11051, 66, 85, 377, 0, 0, 26.70%, 0, 0, 5, 129.01, 2764691, 558, 0, 0
11056, 66, 124, 377, 0, 0, 26.70%, 0, 0, 5, 256.09, 2765951, 558, 0, 0
11062, 67, 126, 377, 0, 0, 26.70%, 0, 0, 5, 295.00, 2767190, 558, 0, 0
11067, 67, 126, 377, 0, 0, 26.70%, 0, 0, 5, 294.91, 2768526, 558, 0, 0
11072, 67, 189, 377, 0, 0, 26.70%, 0, 0, 5, 292.04, 2769816, 558, 0, 0
11077, 67, 192, 377, 0, 0, 26.70%, 0, 0, 5, 288.85, 2771081, 558, 0, 0
11082, 67, 359, 377, 0, 0, 26.70%, 0, 0, 5, 35.59, 2772311, 558, 0, 0
11087, 67, 359, 377, 0, 0, 26.70%, 0, 0, 5, 298.89, 2773581, 558, 0, 0
11092, 67, 275, 377, 0, 0, 26.70%, 0, 0, 5, 294.07, 2774846, 558, 0, 0
11097, 67, 225, 377, 0, 0, 26.70%, 0, 0, 5, 32.57, 2776011, 558, 0, 0
11102, 67, 157, 377, 0, 0, 26.70%, 0, 0, 5, 295.33, 2777316, 558, 0, 0
11107, 67, 133, 377, 0, 0, 26.70%, 0, 0, 5, 292.53, 2778576, 558, 0, 0
11112, 67, 179, 377, 0, 0, 26.70%, 0, 0, 5, 42.37, 2779741, 558, 0, 0
11118, 67, 328, 377, 0, 0, 26.70%, 0, 0, 5, 277.44, 2781071, 558, 0, 0
11123, 67, 313, 377, 0, 0, 26.70%, 0, 0, 5, 293.26, 2782295, 558, 0, 0
11128, 67, 83, 377, 0, 0, 26.70%, 0, 0, 5, 289.68, 2783566, 558, 0, 0
11133, 67, 359, 377, 0, 0, 26.70%, 0, 0, 5, 296.45, 2784781, 558, 0, 0
11138, 67, 63, 377, 0, 0, 26.70%, 0, 0, 5, 31.55, 2785986, 558, 0, 0
11143, 67, 203, 377, 0, 0, 26.70%, 0, 0, 5, 281.98, 2787391, 558, 0, 0
11148, 67, 159, 377, 0, 0, 26.70%, 0, 0, 5, 274.47, 2788586, 558, 0, 0
11154, 67, 213, 377, 0, 0, 26.70%, 0, 0, 5, 290.71, 2789870, 558, 0, 0
11159, 67, 173, 377, 0, 0, 26.70%, 0, 0, 5, 271.98, 2791166, 558, 0, 0
11164, 67, 38, 377, 0, 0, 26.70%, 0, 0, 5, 282.92, 2792321, 558, 0, 0
11169, 67, 306, 377, 0, 0, 26.70%, 0, 0, 5, 291.05, 2793606, 558, 0, 0
11174, 67, 329, 377, 0, 0, 26.70%, 0, 0, 5, 30.65, 2794818, 558, 0, 0
11179, 67, 215, 377, 0, 0, 26.70%, 0, 0, 5, 296.58, 2796061, 558, 0, 0
11184, 67, 5, 377, 0, 0, 26.70%, 0, 0, 5, 296.38, 2797351, 558, 0, 0
11189, 67, 207, 377, 0, 0, 26.70%, 0, 0, 5, 275.21, 2798551, 558, 0, 0
11194, 67, 194, 377, 0, 0, 26.70%, 0, 0, 5, 289.33, 2799831, 558, 0, 0
11200, 67, 159, 377, 0, 0, 26.70%, 0, 0, 5, 296.91, 2801151, 558, 0, 0
11205, 67, 53, 377, 0, 0, 26.70%, 0, 0, 5, 295.36, 2802431, 558, 0, 0
11210, 67, 5, 377, 0, 0, 26.70%, 0, 0, 5, 290.07, 2803701, 558, 0, 0
11215, 67, 359, 377, 0, 0, 26.70%, 0, 0, 5, 268.66, 2804901, 558, 0, 0
11220, 68, 126, 377, 0, 0, 26.70%, 0, 0, 5, 207.56, 2806212, 558, 0, 0
11225, 68, 179, 377, 0, 0, 26.70%, 0, 0, 5, 284.76, 2807461, 558, 0, 0
11230, 68, 238, 377, 0, 0, 26.70%, 0, 0, 5, 293.81, 2808701, 558, 0, 0
11235, 68, 296, 377, 0, 0, 26.70%, 0, 0, 5, 298.16, 2809996, 558, 0, 0
11240, 68, 359, 377, 0, 0, 26.70%, 0, 0, 5, 283.15, 2811311, 558, 0, 0
11246, 68, 120, 377, 0, 0, 26.70%, 0, 0, 5, 292.08, 2812505, 558, 0, 0
11251, 68, 259, 377, 0, 0, 26.70%, 0, 0, 5, 267.14, 2813826, 558, 0, 0
11256, 68, 157, 377, 0, 0, 26.70%, 0, 0, 5, 263.27, 2815146, 558, 0, 0
11261, 68, 336, 377, 0, 0, 26.70%, 0, 0, 5, 285.50, 2816336, 558, 0, 0
11266, 68, 54, 377, 0, 0, 26.70%, 0, 0, 5, 267.41, 2817626, 558, 0, 0
11271, 68, 159, 377, 0, 0, 26.70%, 0, 0, 5, 265.55, 2818886, 558, 0, 0
11276, 68, 351, 377, 0, 0, 26.70%, 0, 0, 5, 156.27, 2820114, 558, 0, 0
11282, 68, 372, 377, 0, 0, 26.70%, 0, 0, 5, 287.92, 2821386, 558, 0, 0
11287, 68, 159, 377, 0, 0, 26.70%, 0, 0, 5, 291.28, 2822656, 558, 0, 0
11292, 68, 359, 377, 0, 0, 26.70%, 0, 0, 5, 156.78, 2823958, 558, 0, 0
11297, 68, 124, 377, 0, 0, 26.70%, 0, 0, 5, 301.77, 2825186, 558, 0, 0
11302, 68, 133, 377, 0, 0, 26.70%, 0, 0, 5, 294.63, 2826491, 558, 0, 0
11307, 68, 172, 377, 0, 0, 26.70%, 0, 0, 5, 268.68, 2827711, 558, 0, 0
11312, 68, 176, 377, 0, 0, 26.70%, 0, 0, 5, 267.50, 2828951, 558, 0, 0
11318, 68, 53, 377, 0, 0, 26.70%, 0, 0, 5, 285.97, 2830246, 558, 0, 0
11323, 68, 25, 377, 0, 0, 26.70%, 0, 0, 5, 293.75, 2831506, 558, 0, 0
11328, 68, 172, 377, 0, 0, 26.70%, 0, 0, 5, 273.21, 2832711, 558, 0, 0
11333, 68, 351, 377, 0, 0, 26.70%, 0, 0, 5, 297.35, 2833995, 558, 0, 0
11338, 68, 359, 377, 0, 0, 26.70%, 0, 0, 5, 281.52, 2835261, 558, 0, 0
11343, 68, 176, 377, 0, 0, 26.70%, 0, 0, 5, 39.47, 2836495, 558, 0, 0
11348, 68, 176, 377, 0, 0, 26.70%, 0, 0, 5, 299.28, 2837816, 558, 0, 0
11353, 68, 159, 377, 0, 0, 26.70%, 0, 0, 5, 290.06, 2839081, 558, 0, 0
11358, 68, 238, 377, 0, 0, 26.70%, 0, 0, 5, 284.92, 2840356, 558, 0, 0
11363, 68, 238, 377, 0, 0, 26.70%, 0, 0, 5, 32.47, 2841526, 558, 0, 0
11368, 68, 209, 377, 0, 0, 26.70%, 0, 0, 5, 290.95, 2842795, 558, 0, 0
11373, 68, 173, 377, 0, 0, 26.70%, 0, 0, 5, 244.30, 2844108, 558, 0, 0
11378, 68, 60, 377, 0, 0, 26.70%, 0, 0, 5, 283.38, 2845341, 558, 0, 0
11384, 69, 126, 377, 0, 0, 26.70%, 0, 0, 5, 267.04, 2846541, 558, 0, 0
11389, 69, 351, 377, 0, 0, 26.70%, 0, 0, 5, 265.63, 2847866, 558, 0, 0
11394, 69, 132, 377, 0, 0, 26.70%, 0, 0, 5, 293.61, 2849156, 558, 0, 0
11399, 69, 328, 377, 0, 0, 26.70%, 0, 0, 5, 293.53, 2850354, 558, 0, 0
11404, 69, 85, 377, 0, 0, 26.70%, 0, 0, 5, 292.46, 2851676, 558, 0, 0
11410, 69, 176, 377, 0, 0, 26.70%, 0, 0, 5, 264.23, 2852976, 558, 0, 0
11415, 69, 192, 377, 0, 0, 26.70%, 0, 0, 5, 290.24, 2854206, 558, 0, 0
11420, 69, 328, 377, 0, 0, 26.70%, 0, 0, 5, 268.90, 2855481, 558, 0, 0
11425, 69, 186, 377, 0, 0, 26.70%, 0, 0, 5, 285.96, 2856776, 558, 0, 0
11430, 69, 199, 377, 0, 0, 26.70%, 0, 0, 5, 264.08, 2858031, 558, 0, 0
11435, 69, 133, 377, 0, 0, 26.70%, 0, 0, 5, 289.85, 2859301, 558, 0, 0
11440, 69, 374, 377, 0, 0, 26.70%, 0, 0, 5, 262.51, 2860501, 558, 0, 0
11446, 69, 313, 377, 0, 0, 26.70%, 0, 0, 5, 301.98, 2861747, 558, 0, 0
11451, 69, 7, 377, 0, 0, 26.70%, 0, 0, 5, 297.83, 2863066, 558, 0, 0
11456, 69, 176, 377, 0, 0, 26.70%, 0, 0, 5, 284.73, 2864366, 558, 0, 0
11461, 69, 346, 377, 0, 0, 26.70%, 0, 0, 5, 291.02, 2865601, 558, 0, 0
11466, 69, 340, 377, 0, 0, 26.70%, 0, 0, 5, 31.25, 2866791, 558, 0, 0
11471, 69, 52, 377, 0, 0, 26.70%, 0, 0, 5, 299.23, 2868076, 558, 0, 0
11476, 69, 359, 377, 0, 0, 26.70%, 0, 0, 5, 290.00, 2869244, 558, 0, 0
11481, 69, 371, 377, 0, 0, 26.70%, 0, 0, 5, 291.44, 2870486, 558, 0, 0
11486, 69, 85, 377, 0, 0, 26.70%, 0, 0, 5, 284.02, 2871636, 558, 0, 0
11492, 69, 225, 377, 0, 0, 26.70%, 0, 0, 5, 289.67, 2872956, 558, 0, 0
11497, 69, 126, 377, 0, 0, 26.70%, 0, 0, 5, 299.63, 2874141, 558, 0, 0
11502, 69, 334, 377, 0, 0, 26.70%, 0, 0, 5, 284.98, 2875436, 558, 0, 0
11507, 69, 248, 377, 0, 0, 26.70%, 0, 0, 5, 250.70, 2876635, 558, 0, 0
11512, 69, 207, 377, 0, 0, 26.70%, 0, 0, 5, 293.47, 2877841, 558, 0, 0
11517, 69, 304, 377, 0, 0, 26.70%, 0, 0, 5, 45.45, 2879021, 558, 0, 0
11522, 69, 192, 377, 0, 0, 26.70%, 0, 0, 5, 292.34, 2880316, 558, 0, 0
11528, 69, 326, 377, 0, 0, 26.70%, 0, 0, 5, 38.91, 2881541, 558, 0, 0
11533, 69, 5, 377, 0, 0, 26.70%, 0, 0, 5, 236.90, 2882874, 558, 0, 0
11538, 69, 189, 377, 0, 0, 26.70%, 0, 0, 5, 272.15, 2884131, 558, 0, 0
11543, 70, 202, 377, 0, 0, 26.70%, 0, 0, 5, 270.36, 2885411, 558, 0, 0
11548, 70, 133, 377, 0, 0, 26.70%, 0, 0, 5, 292.51, 2886661, 558, 0, 0
11553, 70, 238, 377, 0, 0, 26.70%, 0, 0, 5, 267.41, 2887871, 558, 0, 0
11558, 70, 359, 377, 0, 0, 26.70%, 0, 0, 5, 261.69, 2889131, 558, 0, 0
11564, 70, 159, 377, 0, 0, 26.70%, 0, 0, 5, 294.75, 2890361, 558, 0, 0
11569, 70, 61, 377, 0, 0, 26.70%, 0, 0, 5, 299.91, 2891686, 558, 0, 0
11574, 70, 172, 377, 0, 0, 26.70%, 0, 0, 5, 268.88, 2892895, 558, 0, 0
11579, 70, 225, 377, 0, 0, 26.70%, 0, 0, 5, 289.59, 2894186, 558, 0, 0
11584, 70, 359, 377, 0, 0, 26.70%, 0, 0, 5, 298.75, 2895501, 558, 0, 0
11589, 70, 199, 377, 0, 0, 26.70%, 0, 0, 5, 268.40, 2896686, 558, 0, 0
11594, 70, 192, 377, 0, 0, 26.70%, 0, 0, 5, 290.70, 2897986, 558, 0, 0
11600, 70, 319, 377, 0, 0, 26.70%, 0, 0, 5, 280.08, 2899241, 558, 0, 0
11605, 70, 328, 377, 0, 0, 26.70%, 0, 0, 5, 299.83, 2900507, 558, 0, 0
11610, 70, 329, 377, 0, 0, 26.70%, 0, 0, 5, 286.34, 2901676, 558, 0, 0
11615, 70, 195, 377, 0, 0, 26.70%, 0, 0, 5, 294.35, 2902946, 558, 0, 0
11620, 70, 219, 377, 0, 0, 26.70%, 0, 0, 5, 274.19, 2904231, 558, 0, 0
11625, 70, 50, 377, 0, 0, 26.70%, 0, 0, 5, 266.87, 2905486, 558, 0, 0
11630, 70, 176, 377, 0, 0, 26.70%, 0, 0, 5, 296.37, 2906781, 558, 0, 0
11635, 70, 172, 377, 0, 0, 26.70%, 0, 0, 5, 260.92, 2907996, 558, 0, 0
11640, 70, 93, 377, 0, 0, 26.70%, 0, 0, 5, 254.91, 2909276, 558, 0, 0
11646, 70, 192, 377, 0, 0, 26.70%, 0, 0, 5, 291.72, 2910496, 558, 0, 0
11651, 70, 304, 377, 0, 0, 26.70%, 0, 0, 5, 293.47, 2911756, 558, 0, 0
11656, 70, 176, 377, 0, 0, 26.70%, 0, 0, 5, 294.18, 2912961, 558, 0, 0
11661, 70, 313, 377, 0, 0, 26.70%, 0, 0, 5, 293.10, 2914201, 558, 0, 0
11666, 70, 340, 377, 0, 0, 26.70%, 0, 0, 5, 290.41, 2915416, 558, 0, 0
11671, 70, 255, 377, 0, 0, 26.70%, 0, 0, 5, 34.25, 2916621, 558, 0, 0
11676, 70, 319, 377, 0, 0, 26.70%, 0, 0, 5, 299.47, 2917886, 558, 0, 0
11682, 70, 176, 377, 0, 0, 26.70%, 0, 0, 5, 295.57, 2919096, 558, 0, 0
11687, 70, 133, 377, 0, 0, 26.70%, 0, 0, 5, 296.92, 2920376, 558, 0, 0
11692, 70, 288, 377, 0, 0, 26.70%, 0, 0, 5, 292.25, 2921676, 558, 0, 0
11697, 70, 39, 377, 0, 0, 26.70%, 0, 0, 5, 192.04, 2922867, 558, 0, 0
11702, 71, 87, 377, 0, 0, 26.70%, 0, 0, 5, 294.63, 2924146, 558, 0, 0
11707, 71, 225, 377, 0, 0, 26.70%, 0, 0, 5, 31.25, 2925311, 558, 0, 0
11712, 71, 176, 377, 0, 0, 26.70%, 0, 0, 5, 297.07, 2926601, 558, 0, 0
11717, 71, 176, 377, 0, 0, 26.70%, 0, 0, 5, 205.33, 2927877, 558, 0, 0
11723, 71, 159, 377, 0, 0, 26.70%, 0, 0, 5, 283.08, 2929056, 558, 0, 0
11728, 71, 157, 377, 0, 0, 26.70%, 0, 0, 5, 262.05, 2930376, 558, 0, 0
11733, 71, 359, 377, 0, 0, 26.70%, 0, 0, 5, 258.14, 2931536, 558, 0, 0
11738, 71, 313, 377, 0, 0, 26.70%, 0, 0, 5, 263.86, 2932831, 558, 0, 0
11743, 71, 255, 377, 0, 0, 26.70%, 0, 0, 5, 294.20, 2934091, 558, 0, 0
11748, 71, 359, 377, 0, 0, 26.70%, 0, 0, 5, 298.51, 2935286, 558, 0, 0
11753, 71, 313, 377, 0, 0, 26.70%, 0, 0, 5, 265.66, 2936586, 558, 0, 0
11758, 71, 329, 377, 0, 0, 26.70%, 0, 0, 5, 303.19, 2937863, 558, 0, 0
11763, 71, 305, 377, 0, 0, 26.70%, 0, 0, 5, 36.70, 2939045, 558, 0, 0
11768, 71, 57, 377, 0, 0, 26.70%, 0, 0, 5, 250.26, 2940297, 558, 0, 0
11774, 71, 176, 377, 0, 0, 26.70%, 0, 0, 5, 268.70, 2941591, 558, 0, 0
11779, 71, 85, 377, 0, 0, 26.70%, 0, 0, 5, 34.48, 2942820, 558, 0, 0
11784, 71, 133, 377, 0, 0, 26.70%, 0, 0, 5, 300.43, 2944069, 558, 0, 0
11789, 71, 192, 377, 0, 0, 26.70%, 0, 0, 5, 295.93, 2945341, 558, 0, 0
11794, 71, 126, 377, 0, 0, 26.70%, 0, 0, 5, 284.14, 2946641, 558, 0, 0
11799, 71, 176, 377, 0, 0, 26.70%, 0, 0, 5, 302.95, 2947902, 558, 0, 0
11804, 71, 85, 377, 0, 0, 26.70%, 0, 0, 5, 274.09, 2949201, 558, 0, 0
11809, 71, 172, 377, 0, 0, 26.70%, 0, 0, 5, 269.45, 2950395, 558, 0, 0
11815, 71, 53, 377, 0, 0, 26.70%, 0, 0, 5, 273.46, 2951671, 558, 0, 0
11820, 71, 176, 377, 0, 0, 26.70%, 0, 0, 5, 281.14, 2952946, 558, 0, 0
11825, 71, 329, 377, 0, 0, 26.70%, 0, 0, 5, 297.03, 2954130, 558, 0, 0
11830, 71, 282, 377, 0, 0, 26.70%, 0, 0, 5, 290.31, 2955436, 558, 0, 0
11835, 71, 172, 377, 0, 0, 26.70%, 0, 0, 5, 271.83, 2956711, 558, 0, 0
11840, 71, 127, 377, 0, 0, 26.70%, 0, 0, 5, 299.67, 2957907, 558, 0, 0
11845, 71, 184, 377, 0, 0, 26.70%, 0, 0, 5, 299.51, 2959231, 558, 0, 0
11850, 71, 110, 377, 0, 0, 26.70%, 0, 0, 5, 251.93, 2960451, 558, 0, 0
11856, 71, 126, 377, 0, 0, 26.70%, 0, 0, 5, 254.77, 2961696, 558, 0, 0
11861, 71, 231, 377, 0, 0, 26.70%, 0, 0, 5, 241.90, 2963010, 558, 0, 0
11866, 72, 159, 377, 0, 0, 26.70%, 0, 0, 5, 237.61, 2964270, 558, 0, 0
11871, 72, 53, 377, 0, 0, 26.70%, 0, 0, 5, 267.88, 2965496, 558, 0, 0
11876, 72, 364, 377, 0, 0, 26.70%, 0, 0, 5, 299.53, 2966784, 558, 0, 0
11881, 72, 357, 377, 0, 0, 26.70%, 0, 0, 5, 263.21, 2968051, 558, 0, 0
11887, 72, 50, 377, 0, 0, 26.70%, 0, 0, 5, 293.88, 2969311, 558, 0, 0
11892, 72, 225, 377, 0, 0, 26.70%, 0, 0, 5, 284.05, 2970586, 558, 0, 0
11897, 72, 53, 377, 0, 0, 26.70%, 0, 0, 5, 295.49, 2971846, 558, 0, 0
11902, 72, 359, 377, 0, 0, 26.70%, 0, 0, 5, 273.00, 2973031, 558, 0, 0
11907, 72, 179, 377, 0, 0, 26.70%, 0, 0, 5, 259.02, 2974281, 558, 0, 0
11912, 72, 172, 377, 0, 0, 26.70%, 0, 0, 5, 285.29, 2975586, 558, 0, 0
11917, 72, 25, 377, 0, 0, 26.70%, 0, 0, 5, 296.55, 2976861, 558, 0, 0
11922, 72, 313, 377, 0, 0, 26.70%, 0, 0, 5, 285.00, 2978043, 558, 0, 0
11927, 72, 192, 377, 0, 0, 26.70%, 0, 0, 5, 218.34, 2979320, 558, 0, 0
11932, 72, 172, 377, 0, 0, 26.70%, 0, 0, 5, 267.19, 2980596, 558, 0, 0
11937, 72, 173, 377, 0, 0, 26.70%, 0, 0, 5, 58.33, 2981803, 558, 0, 0
11942, 72, 351, 377, 0, 0, 26.70%, 0, 0, 5, 294.75, 2983051, 558, 0, 0
11947, 72, 39, 377, 0, 0, 26.70%, 0, 0, 5, 294.94, 2984331, 558, 0, 0
11953, 72, 50, 377, 0, 0, 26.70%, 0, 0, 5, 274.40, 2985516, 558, 0, 0
11958, 72, 264, 377, 0, 0, 26.70%, 0, 0, 5, 295.02, 2986831, 558, 0, 0
11963, 72, 60, 377, 0, 0, 26.70%, 0, 0, 5, 278.17, 2988141, 558, 0, 0
11968, 72, 359, 377, 0, 0, 26.70%, 0, 0, 5, 302.10, 2989341, 558, 0, 0
11973, 72, 328, 377, 0, 0, 26.70%, 0, 0, 5, 287.35, 2990631, 558, 0, 0
11978, 72, 159, 377, 0, 0, 26.70%, 0, 0, 5, 245.52, 2991841, 558, 0, 0
11983, 72, 172, 377, 0, 0, 26.70%, 0, 0, 5, 265.52, 2993096, 558, 0, 0
11988, 72, 65, 377, 0, 0, 26.70%, 0, 0, 5, 252.61, 2994331, 558, 0, 0
11994, 72, 225, 377, 0, 0, 26.70%, 0, 0, 5, 289.90, 2995551, 558, 0, 0
11999, 72, 142, 377, 0, 0, 26.70%, 0, 0, 5, 298.31, 2996811, 558, 0, 0
12004, 72, 173, 377, 0, 0, 26.70%, 0, 0, 5, 260.43, 2997986, 558, 0, 0
12009, 72, 238, 377, 0, 0, 26.70%, 0, 0, 5, 269.59, 2999301, 558, 0, 0
12014, 72, 261, 377, 0, 0, 26.70%, 0, 0, 5, 291.22, 3000621, 558, 0, 0
12019, 72, 329, 377, 0, 0, 26.70%, 0, 0, 5, 248.06, 3001871, 558, 0, 0
12024, 72, 359, 377, 0, 0, 26.70%, 0, 0, 5, 276.14, 3003116, 558, 0, 0
12029, 73, 359, 377, 0, 0, 26.70%, 0, 0, 5, 293.25, 3004386, 558, 0, 0
12035, 73, 359, 377, 0, 0, 26.70%, 0, 0, 5, 38.28, 3005544, 558, 0, 0
12040, 73, 359, 377, 0, 0, 26.70%, 0, 0, 5, 296.90, 3006795, 558, 0, 0
12045, 73, 50, 377, 0, 0, 26.70%, 0, 0, 5, 277.73, 3008036, 558, 0, 0
12050, 73, 305, 377, 0, 0, 26.70%, 0, 0, 5, 219.45, 3009211, 558, 0, 0
12055, 73, 157, 377, 0, 0, 26.70%, 0, 0, 5, 290.12, 3010486, 558, 0, 0
12060, 73, 351, 377, 0, 0, 26.70%, 0, 0, 5, 277.58, 3011736, 558, 0, 0
12065, 73, 93, 377, 0, 0, 26.70%, 0, 0, 5, 194.97, 3012951, 558, 0, 0
12070, 73, 238, 377, 0, 0, 26.70%, 0, 0, 5, 290.37, 3014206, 558, 0, 0
12075, 73, 157, 377, 0, 0, 26.70%, 0, 0, 5, 30.49, 3015356, 558, 0, 0
12080, 73, 157, 377, 0, 0, 26.70%, 0, 0, 5, 246.91, 3016623, 558, 0, 0
12086, 73, 176, 377, 0, 0, 26.70%, 0, 0, 5, 296.77, 3017936, 558, 0, 0
12091, 73, 328, 377, 0, 0, 26.70%, 0, 0, 5, 300.30, 3019252, 558, 0, 0
12096, 73, 159, 377, 0, 0, 26.70%, 0, 0, 5, 271.11, 3020436, 558, 0, 0
12101, 73, 159, 377, 0, 0, 26.70%, 0, 0, 5, 263.46, 3021736, 558, 0, 0
12106, 73, 50, 377, 0, 0, 26.70%, 0, 0, 5, 287.26, 3023011, 558, 0, 0
12111, 73, 159, 377, 0, 0, 26.70%, 0, 0, 5, 105.52, 3024253, 558, 0, 0
12116, 73, 289, 377, 0, 0, 26.70%, 0, 0, 5, 225.51, 3025509, 558, 0, 0
12121, 73, 95, 377, 0, 0, 26.70%, 0, 0, 5, 34.72, 3026691, 558, 0, 0
12126, 73, 53, 377, 0, 0, 26.70%, 0, 0, 5, 55.11, 3027883, 558, 0, 0
12131, 73, 159, 377, 0, 0, 26.70%, 0, 0, 5, 281.79, 3029136, 558, 0, 0
12136, 73, 241, 377, 0, 0, 26.70%, 0, 0, 5, 41.32, 3030286, 558, 0, 0
12141, 73, 359, 377, 0, 0, 26.70%, 0, 0, 5, 293.46, 3031526, 558, 0, 0
12146, 73, 179, 377, 0, 0, 26.70%, 0, 0, 5, 277.50, 3032811, 558, 0, 0
12152, 73, 351, 377, 0, 0, 26.70%, 0, 0, 5, 284.82, 3034116, 558, 0, 0
12157, 73, 50, 377, 0, 0, 26.70%, 0, 0, 5, 226.57, 3035325, 558, 0, 0
12162, 73, 64, 377, 0, 0, 26.70%, 0, 0, 5, 274.20, 3036626, 558, 0, 0
12167, 73, 53, 377, 0, 0, 26.70%, 0, 0, 5, 232.33, 3037885, 558, 0, 0
12172, 73, 305, 377, 0, 0, 26.70%, 0, 0, 5, 274.84, 3039076, 558, 0, 0
12177, 73, 0, 377, 0, 0, 26.70%, 0, 0, 5, 299.14, 3040401, 558, 0, 0
12182, 73, 176, 377, 0, 0, 26.70%, 0, 0, 5, 275.70, 3041616, 558, 0, 0
12187, 73, 126, 377, 0, 0, 26.70%, 0, 0, 5, 296.70, 3042901, 558, 0, 0
12193, 74, 140, 377, 0, 0, 26.70%, 0, 0, 5, 37.17, 3044166, 558, 0, 0
12198, 74, 238, 377, 0, 0, 26.70%, 0, 0, 5, 274.58, 3045411, 558, 0, 0
12203, 74, 293, 377, 0, 0, 26.70%, 0, 0, 5, 279.61, 3046726, 558, 0, 0
12208, 74, 192, 377, 0, 0, 26.70%, 0, 0, 5, 298.13, 3047996, 558, 0, 0
12213, 74, 130, 377, 0, 0, 26.70%, 0, 0, 5, 297.54, 3049181, 558, 0, 0
12218, 74, 176, 377, 0, 0, 26.70%, 0, 0, 5, 298.29, 3050481, 558, 0, 0
12223, 74, 150, 377, 0, 0, 26.70%, 0, 0, 5, 56.50, 3051756, 558, 0, 0
12229, 74, 359, 377, 0, 0, 26.70%, 0, 0, 5, 209.98, 3053023, 558, 0, 0
12234, 74, 351, 377, 0, 0, 26.70%, 0, 0, 5, 297.75, 3054270, 558, 0, 0
12239, 74, 133, 377, 0, 0, 26.70%, 0, 0, 5, 295.00, 3055447, 558, 0, 0
12244, 74, 261, 377, 0, 0, 26.70%, 0, 0, 5, 292.06, 3056766, 558, 0, 0
12249, 74, 314, 377, 0, 0, 26.70%, 0, 0, 5, 281.47, 3057961, 558, 0, 0
12254, 74, 181, 377, 0, 0, 26.70%, 0, 0, 5, 263.93, 3059216, 558, 0, 0
12259, 74, 173, 377, 0, 0, 26.70%, 0, 0, 5, 267.88, 3060416, 558, 0, 0
12264, 74, 359, 377, 0, 0, 26.70%, 0, 0, 5, 301.70, 3061733, 558, 0, 0
12269, 74, 329, 377, 0, 0, 26.70%, 0, 0, 5, 272.52, 3063011, 558, 0, 0
12274, 74, 128, 377, 0, 0, 26.70%, 0, 0, 5, 280.60, 3064281, 558, 0, 0
12280, 74, 342, 377, 0, 0, 26.70%, 0, 0, 5, 270.30, 3065541, 558, 0, 0
12285, 74, 146, 377, 0, 0, 26.70%, 0, 0, 5, 294.85, 3066806, 558, 0, 0
12290, 74, 237, 377, 0, 0, 26.70%, 0, 0, 5, 295.57, 3067986, 558, 0, 0
12295, 74, 192, 377, 0, 0, 26.70%, 0, 0, 5, 285.52, 3069270, 558, 0, 0
12300, 74, 359, 377, 0, 0, 26.70%, 0, 0, 5, 296.10, 3070541, 558, 0, 0
12305, 74, 295, 377, 0, 0, 26.70%, 0, 0, 5, 252.77, 3071730, 558, 0, 0
12310, 74, 32, 377, 0, 0, 26.70%, 0, 0, 5, 290.86, 3072996, 558, 0, 0
12315, 74, 372, 377, 0, 0, 26.70%, 0, 0, 5, 297.84, 3074271, 558, 0, 0
12320, 74, 53, 377, 0, 0, 26.70%, 0, 0, 5, 31.15, 3075466, 558, 0, 0
12325, 74, 172, 377, 0, 0, 26.70%, 0, 0, 5, 287.28, 3076726, 558, 0, 0
12331, 74, 305, 377, 0, 0, 26.70%, 0, 0, 5, 299.43, 3078030, 558, 0, 0
12336, 74, 173, 377, 0, 0, 26.70%, 0, 0, 5, 289.98, 3079216, 558, 0, 0
12341, 74, 172, 377, 0, 0, 26.70%, 0, 0, 5, 292.79, 3080466, 558, 0, 0
12346, 74, 266, 377, 0, 0, 26.70%, 0, 0, 5, 287.54, 3081656, 558, 0, 0
12351, 74, 351, 377, 0, 0, 26.70%, 0, 0, 5, 260.48, 3082896, 558, 0, 0
12356, 75, 359, 377, 0, 0, 26.70%, 0, 0, 5, 298.30, 3084151, 558, 0, 0
12361, 75, 313, 377, 0, 0, 26.70%, 0, 0, 5, 300.49, 3085332, 558, 0, 0
12366, 75, 53, 377, 0, 0, 26.70%, 0, 0, 5, 282.57, 3086681, 558, 0, 0
12372, 75, 328, 377, 0, 0, 26.70%, 0, 0, 5, 295.57, 3087896, 558, 0, 0
12377, 75, 70, 377, 0, 0, 26.70%, 0, 0, 5, 297.48, 3089171, 558, 0, 0
12382, 75, 172, 377, 0, 0, 26.70%, 0, 0, 5, 293.23, 3090461, 558, 0, 0
12387, 75, 42, 377, 0, 0, 26.70%, 0, 0, 5, 266.87, 3091631, 558, 0, 0
12392, 75, 85, 377, 0, 0, 26.70%, 0, 0, 5, 296.12, 3092951, 558, 0, 0
12397, 75, 248, 377, 0, 0, 26.70%, 0, 0, 5, 153.73, 3094215, 558, 0, 0
12402, 75, 85, 377, 0, 0, 26.70%, 0, 0, 5, 238.41, 3095445, 558, 0, 0
12407, 75, 173, 377, 0, 0, 26.70%, 0, 0, 5, 301.79, 3096757, 558, 0, 0
12412, 75, 71, 377, 0, 0, 26.70%, 0, 0, 5, 262.56, 3098021, 558, 0, 0
12418, 75, 347, 377, 0, 0, 26.70%, 0, 0, 5, 299.27, 3099316, 558, 0, 0
12423, 75, 144, 377, 0, 0, 26.70%, 0, 0, 5, 31.06, 3100551, 558, 0, 0
12428, 75, 159, 377, 0, 0, 26.70%, 0, 0, 5, 296.33, 3101841, 558, 0, 0
12433, 75, 192, 377, 0, 0, 26.70%, 0, 0, 5, 301.42, 3103138, 558, 0, 0
12438, 75, 53, 377, 0, 0, 26.70%, 0, 0, 5, 39.80, 3104343, 558, 0, 0
12443, 75, 225, 377, 0, 0, 26.70%, 0, 0, 5, 253.49, 3105651, 558, 0, 0
12448, 75, 332, 377, 0, 0, 26.70%, 0, 0, 5, 288.46, 3106901, 558, 0, 0
12453, 75, 159, 377, 0, 0, 26.70%, 0, 0, 5, 43.60, 3108089, 558, 0, 0
12458, 75, 329, 377, 0, 0, 26.70%, 0, 0, 5, 279.37, 3109371, 558, 0, 0
12464, 75, 225, 377, 0, 0, 26.70%, 0, 0, 5, 38.31, 3110580, 558, 0, 0
12469, 75, 329, 377, 0, 0, 26.70%, 0, 0, 5, 285.07, 3111796, 558, 0, 0
12474, 75, 68, 377, 0, 0, 26.70%, 0, 0, 5, 289.52, 3113076, 558, 0, 0
12479, 75, 45, 377, 0, 0, 26.70%, 0, 0, 5, 297.03, 3114287, 558, 0, 0
12484, 75, 313, 377, 0, 0, 26.70%, 0, 0, 5, 288.87, 3115581, 558, 0, 0
12489, 75, 238, 377, 0, 0, 26.70%, 0, 0, 5, 278.20, 3116831, 558, 0, 0
12494, 75, 351, 377, 0, 0, 26.70%, 0, 0, 5, 292.44, 3118066, 558, 0, 0
12499, 75, 368, 377, 0, 0, 26.70%, 0, 0, 5, 275.61, 3119331, 558, 0, 0
12504, 75, 172, 377, 0, 0, 26.70%, 0, 0, 5, 298.51, 3120446, 558, 0, 0
12510, 75, 342, 377, 0, 0, 26.70%, 0, 0, 5, 288.73, 3121706, 558, 0, 0
12515, 76, 157, 377, 0, 0, 26.70%, 0, 0, 5, 30.30, 3122820, 558, 0, 0
12520, 76, 179, 377, 0, 0, 26.70%, 0, 0, 5, 302.75, 3124087, 558, 0, 0
12525, 76, 176, 377, 0, 0, 26.70%, 0, 0, 5, 265.19, 3125351, 558, 0, 0
12530, 76, 225, 377, 0, 0, 26.70%, 0, 0, 5, 274.62, 3126621, 558, 0, 0
12535, 76, 199, 377, 0, 0, 26.70%, 0, 0, 5, 278.79, 3127846, 558, 0, 0
12540, 76, 53, 377, 0, 0, 26.70%, 0, 0, 5, 291.35, 3129081, 558, 0, 0
12545, 76, 329, 377, 0, 0, 26.70%, 0, 0, 5, 300.24, 3130374, 558, 0, 0
12550, 76, 234, 377, 0, 0, 26.70%, 0, 0, 5, 295.00, 3131550, 558, 0, 0
12556, 76, 173, 377, 0, 0, 26.70%, 0, 0, 5, 255.43, 3132846, 558, 0, 0
12561, 76, 345, 377, 0, 0, 26.70%, 0, 0, 5, 287.68, 3134038, 558, 0, 0
12566, 76, 257, 377, 0, 0, 26.70%, 0, 0, 5, 296.66, 3135331, 558, 0, 0
12571, 76, 287, 377, 0, 0, 26.70%, 0, 0, 5, 295.80, 3136621, 558, 0, 0
12576, 76, 225, 377, 0, 0, 26.70%, 0, 0, 5, 296.32, 3137811, 558, 0, 0
12581, 76, 159, 377, 0, 0, 26.70%, 0, 0, 5, 295.24, 3139106, 558, 0, 0
12586, 76, 351, 377, 0, 0, 26.70%, 0, 0, 5, 265.45, 3140306, 558, 0, 0
12591, 76, 305, 377, 0, 0, 26.70%, 0, 0, 5, 210.02, 3141558, 558, 0, 0
12596, 76, 0, 377, 0, 0, 26.70%, 0, 0, 5, 278.13, 3142751, 558, 0, 0
12602, 76, 359, 377, 0, 0, 26.70%, 0, 0, 5, 260.70, 3144016, 558, 0, 0
12607, 76, 242, 377, 0, 0, 26.70%, 0, 0, 5, 306.04, 3145345, 558, 0, 0
12612, 76, 5, 377, 0, 0, 26.70%, 0, 0, 5, 281.74, 3146536, 558, 0, 0
12617, 76, 172, 377, 0, 0, 26.70%, 0, 0, 5, 255.61, 3147771, 558, 0, 0
12622, 76, 329, 377, 0, 0, 26.70%, 0, 0, 5, 263.92, 3149036, 558, 0, 0
12627, 76, 3, 377, 0, 0, 26.70%, 0, 0, 5, 273.86, 3150186, 558, 0, 0
12633, 76, 351, 377, 0, 0, 26.70%, 0, 0, 5, 298.77, 3151486, 558, 0, 0
12638, 76, 329, 377, 0, 0, 26.70%, 0, 0, 5, 294.74, 3152631, 558, 0, 0
12643, 76, 359, 377, 0, 0, 26.70%, 0, 0, 5, 275.84, 3153886, 558, 0, 0
12648, 76, 86, 377, 0, 0, 26.70%, 0, 0, 5, 299.42, 3155106, 558, 0, 0
12653, 76, 313, 377, 0, 0, 26.70%, 0, 0, 5, 273.98, 3156376, 558, 0, 0
12658, 76, 313, 377, 0, 0, 26.70%, 0, 0, 5, 293.97, 3157526, 558, 0, 0
12663, 76, 319, 377, 0, 0, 26.70%, 0, 0, 5, 269.67, 3158831, 558, 0, 0
12668, 76, 248, 377, 0, 0, 26.70%, 0, 0, 5, 303.61, 3160005, 558, 0, 0
12673, 76, 159, 377, 0, 0, 26.70%, 0, 0, 5, 262.60, 3161251, 558, 0, 0
12678, 77, 225, 377, 0, 0, 26.70%, 0, 0, 5, 295.76, 3162496, 558, 0, 0
12683, 77, 2, 377, 0, 0, 26.70%, 0, 0, 5, 42.74, 3163696, 558, 0, 0
12689, 77, 309, 377, 0, 0, 26.70%, 0, 0, 5, 289.96, 3164966, 558, 0, 0
12694, 77, 360, 377, 0, 0, 26.70%, 0, 0, 5, 280.17, 3166276, 558, 0, 0
12699, 77, 5, 377, 0, 0, 26.70%, 0, 0, 5, 292.08, 3167431, 558, 0, 0
12704, 77, 44, 377, 0, 0, 26.70%, 0, 0, 5, 293.50, 3168696, 558, 0, 0
12709, 77, 4, 377, 0, 0, 26.70%, 0, 0, 5, 146.44, 3169983, 558, 0, 0
12714, 77, 192, 377, 0, 0, 26.70%, 0, 0, 5, 292.50, 3171186, 558, 0, 0
12719, 77, 308, 377, 0, 0, 26.70%, 0, 0, 5, 30.77, 3172381, 558, 0, 0
12724, 77, 225, 377, 0, 0, 26.70%, 0, 0, 5, 259.81, 3173781, 558, 0, 0
12729, 77, 157, 377, 0, 0, 26.70%, 0, 0, 5, 156.75, 3174945, 558, 0, 0
12734, 77, 359, 377, 0, 0, 26.70%, 0, 0, 5, 256.32, 3176216, 558, 0, 0
12740, 77, 159, 377, 0, 0, 26.70%, 0, 0, 5, 262.02, 3177406, 558, 0, 0
12745, 77, 260, 377, 0, 0, 26.70%, 0, 0, 5, 294.30, 3178716, 558, 0, 0
12750, 77, 359, 377, 0, 0, 26.70%, 0, 0, 5, 290.27, 3180006, 558, 0, 0
12755, 77, 114, 377, 0, 0, 26.70%, 0, 0, 5, 290.59, 3181211, 558, 0, 0
12760, 77, 159, 377, 0, 0, 26.70%, 0, 0, 5, 36.76, 3182396, 558, 0, 0
12765, 77, 359, 377, 0, 0, 26.70%, 0, 0, 5, 271.71, 3183691, 558, 0, 0
12770, 77, 329, 377, 0, 0, 26.70%, 0, 0, 5, 274.34, 3184941, 558, 0, 0
12776, 77, 331, 377, 0, 0, 26.70%, 0, 0, 5, 229.22, 3186245, 558, 0, 0
12781, 77, 5, 377, 0, 0, 26.70%, 0, 0, 5, 298.42, 3187431, 558, 0, 0
12786, 77, 130, 377, 0, 0, 26.70%, 0, 0, 5, 291.94, 3188696, 558, 0, 0
12791, 77, 173, 377, 0, 0, 26.70%, 0, 0, 5, 268.32, 3189851, 558, 0, 0
12796, 77, 238, 377, 0, 0, 26.70%, 0, 0, 5, 48.08, 3191176, 558, 0, 0
12801, 77, 359, 377, 0, 0, 26.70%, 0, 0, 5, 294.20, 3192496, 558, 0, 0
12806, 77, 50, 377, 0, 0, 26.70%, 0, 0, 5, 32.16, 3193706, 558, 0, 0
12811, 77, 359, 377, 0, 0, 26.70%, 0, 0, 5, 237.88, 3194880, 558, 0, 0
12816, 77, 176, 377, 0, 0, 26.70%, 0, 0, 5, 37.74, 3196231, 558, 0, 0
12822, 77, 313, 377, 0, 0, 26.70%, 0, 0, 5, 279.98, 3197551, 558, 0, 0
12827, 77, 173, 377, 0, 0, 26.70%, 0, 0, 5, 290.73, 3198831, 558, 0, 0
12832, 77, 225, 377, 0, 0, 26.70%, 0, 0, 5, 279.57, 3200141, 558, 0, 0
12837, 78, 5, 377, 0, 0, 26.70%, 0, 0, 5, 273.33, 3201366, 558, 0, 0
12842, 78, 192, 377, 0, 0, 26.70%, 0, 0, 5, 295.87, 3202641, 558, 0, 0
12847, 78, 255, 377, 0, 0, 26.70%, 0, 0, 5, 257.55, 3203886, 558, 0, 0
12852, 78, 359, 377, 0, 0, 26.70%, 0, 0, 5, 293.60, 3205111, 558, 0, 0
12858, 78, 53, 377, 0, 0, 26.70%, 0, 0, 5, 296.47, 3206421, 558, 0, 0
12863, 78, 173, 377, 0, 0, 26.70%, 0, 0, 5, 278.59, 3207606, 558, 0, 0
12868, 78, 157, 377, 0, 0, 26.70%, 0, 0, 5, 249.05, 3208866, 558, 0, 0
12873, 78, 76, 377, 0, 0, 26.70%, 0, 0, 5, 208.63, 3210139, 558, 0, 0
12878, 78, 328, 377, 0, 0, 26.70%, 0, 0, 5, 280.76, 3211331, 558, 0, 0
12883, 78, 176, 377, 0, 0, 26.70%, 0, 0, 5, 229.27, 3212547, 558, 0, 0
12888, 78, 7, 377, 0, 0, 26.70%, 0, 0, 5, 31.25, 3213786, 558, 0, 0
12893, 78, 59, 377, 0, 0, 26.70%, 0, 0, 5, 282.81, 3215176, 558, 0, 0
12899, 78, 159, 377, 0, 0, 26.70%, 0, 0, 5, 277.35, 3216361, 558, 0, 0
12904, 78, 53, 377, 0, 0, 26.70%, 0, 0, 5, 272.20, 3217686, 558, 0, 0
12909, 78, 221, 377, 0, 0, 26.70%, 0, 0, 5, 288.47, 3218851, 558, 0, 0
12914, 78, 53, 377, 0, 0, 26.70%, 0, 0, 5, 51.37, 3220156, 558, 0, 0
12919, 78, 329, 377, 0, 0, 26.70%, 0, 0, 5, 189.71, 3221469, 558, 0, 0
12924, 78, 145, 377, 0, 0, 26.70%, 0, 0, 5, 45.73, 3222681, 558, 0, 0
12929, 78, 276, 377, 0, 0, 26.70%, 0, 0, 5, 280.42, 3223941, 558, 0, 0
12934, 78, 154, 377, 0, 0, 26.70%, 0, 0, 5, 278.14, 3225261, 558, 0, 0
12940, 78, 328, 377, 0, 0, 26.70%, 0, 0, 5, 295.57, 3226426, 558, 0, 0
12945, 78, 192, 377, 0, 0, 26.70%, 0, 0, 5, 291.14, 3227671, 558, 0, 0
12950, 78, 176, 377, 0, 0, 26.70%, 0, 0, 5, 275.25, 3228861, 558, 0, 0
12955, 78, 83, 377, 0, 0, 26.70%, 0, 0, 5, 289.71, 3230101, 558, 0, 0
12960, 78, 176, 377, 0, 0, 26.70%, 0, 0, 5, 288.25, 3231391, 558, 0, 0
12965, 78, 53, 377, 0, 0, 26.70%, 0, 0, 5, 303.99, 3232624, 558, 0, 0
12970, 78, 157, 377, 0, 0, 26.70%, 0, 0, 5, 277.34, 3233876, 558, 0, 0
12975, 78, 358, 377, 0, 0, 26.70%, 0, 0, 5, 290.63, 3235226, 558, 0, 0
12980, 78, 112, 377, 0, 0, 26.70%, 0, 0, 5, 303.48, 3236397, 558, 0, 0
12986, 78, 338, 377, 0, 0, 26.70%, 0, 0, 5, 295.03, 3237651, 558, 0, 0
12991, 78, 261, 377, 0, 0, 26.70%, 0, 0, 5, 240.95, 3238829, 558, 0, 0
12996, 78, 50, 377, 0, 0, 26.70%, 0, 0, 5, 271.49, 3240191, 558, 0, 0
13001, 78, 173, 377, 0, 0, 26.70%, 0, 0, 5, 287.13, 3241384, 558, 0, 0
13006, 79, 92, 377, 0, 0, 26.70%, 0, 0, 5, 244.68, 3242709, 558, 0, 0
13011, 79, 363, 377, 0, 0, 26.70%, 0, 0, 5, 30.49, 3243926, 558, 0, 0
13016, 79, 157, 377, 0, 0, 26.70%, 0, 0, 5, 117.03, 3245189, 558, 0, 0
13022, 79, 357, 377, 0, 0, 26.70%, 0, 0, 5, 217.01, 3246397, 558, 0, 0
13027, 79, 238, 377, 0, 0, 26.70%, 0, 0, 5, 291.89, 3247601, 558, 0, 0
13032, 79, 313, 377, 0, 0, 26.70%, 0, 0, 5, 268.81, 3248866, 558, 0, 0
13037, 79, 329, 377, 0, 0, 26.70%, 0, 0, 5, 268.23, 3250016, 558, 0, 0
13042, 79, 179, 377, 0, 0, 26.70%, 0, 0, 5, 287.22, 3251236, 558, 0, 0
13047, 79, 31, 377, 0, 0, 26.70%, 0, 0, 5, 297.26, 3252496, 558, 0, 0
13052, 79, 238, 377, 0, 0, 26.70%, 0, 0, 5, 301.19, 3253668, 558, 0, 0
13057, 79, 167, 377, 0, 0, 26.70%, 0, 0, 5, 280.78, 3254921, 558, 0, 0
13062, 79, 179, 377, 0, 0, 26.70%, 0, 0, 5, 291.05, 3256095, 558, 0, 0
13067, 79, 342, 377, 0, 0, 26.70%, 0, 0, 5, 290.72, 3257356, 558, 0, 0
13072, 79, 313, 377, 0, 0, 26.70%, 0, 0, 5, 286.31, 3258546, 558, 0, 0
13077, 79, 126, 377, 0, 0, 26.70%, 0, 0, 5, 34.84, 3259731, 558, 0, 0
13082, 79, 359, 377, 0, 0, 26.70%, 0, 0, 5, 294.87, 3261036, 558, 0, 0
13088, 79, 172, 377, 0, 0, 26.70%, 0, 0, 5, 270.67, 3262221, 558, 0, 0
13093, 79, 85, 377, 0, 0, 26.70%, 0, 0, 5, 296.59, 3263511, 558, 0, 0
13098, 79, 233, 377, 0, 0, 26.70%, 0, 0, 5, 295.00, 3264686, 558, 0, 0
13103, 79, 174, 377, 0, 0, 26.70%, 0, 0, 5, 247.20, 3265961, 558, 0, 0
13108, 79, 170, 377, 0, 0, 26.70%, 0, 0, 5, 291.74, 3267181, 558, 0, 0
13113, 79, 305, 377, 0, 0, 26.70%, 0, 0, 5, 36.10, 3268376, 558, 0, 0
13118, 79, 342, 377, 0, 0, 26.70%, 0, 0, 5, 296.36, 3269641, 558, 0, 0
13124, 79, 5, 377, 0, 0, 26.70%, 0, 0, 5, 263.08, 3270821, 558, 0, 0
13129, 79, 286, 377, 0, 0, 26.70%, 0, 0, 5, 288.02, 3272136, 558, 0, 0
13134, 79, 5, 377, 0, 0, 26.70%, 0, 0, 5, 294.80, 3273311, 558, 0, 0
13139, 79, 305, 377, 0, 0, 26.70%, 0, 0, 5, 293.16, 3274576, 558, 0, 0
13144, 79, 222, 377, 0, 0, 26.70%, 0, 0, 5, 271.81, 3275820, 558, 0, 0
13149, 79, 159, 377, 0, 0, 26.70%, 0, 0, 5, 299.74, 3277011, 558, 0, 0
13154, 79, 64, 377, 0, 0, 26.70%, 0, 0, 5, 288.50, 3278246, 558, 0, 0
13159, 79, 359, 377, 0, 0, 26.70%, 0, 0, 5, 296.45, 3279436, 558, 0, 0
13164, 79, 261, 377, 0, 0, 26.70%, 0, 0, 5, 31.25, 3280601, 558, 0, 0
13169, 80, 22, 377, 0, 0, 26.70%, 0, 0, 5, 289.00, 3281891, 558, 0, 0
13174, 80, 192, 377, 0, 0, 26.70%, 0, 0, 5, 259.10, 3283091, 558, 0, 0
13180, 80, 85, 377, 0, 0, 26.70%, 0, 0, 5, 280.26, 3284420, 558, 0, 0
13185, 80, 146, 377, 0, 0, 26.70%, 0, 0, 5, 272.27, 3285620, 558, 0, 0
13190, 80, 53, 377, 0, 0, 26.70%, 0, 0, 5, 212.84, 3286920, 558, 0, 0
13195, 80, 372, 377, 0, 0, 26.70%, 0, 0, 5, 37.45, 3288146, 558, 0, 0
13200, 80, 126, 377, 0, 0, 26.70%, 0, 0, 5, 289.64, 3289446, 558, 0, 0
13205, 80, 157, 377, 0, 0, 26.70%, 0, 0, 5, 35.09, 3290656, 558, 0, 0
13211, 80, 53, 377, 0, 0, 26.70%, 0, 0, 5, 289.40, 3291931, 558, 0, 0
13216, 80, 131, 377, 0, 0, 26.70%, 0, 0, 5, 264.63, 3293216, 558, 0, 0
13221, 80, 5, 377, 0, 0, 26.70%, 0, 0, 5, 292.08, 3294410, 558, 0, 0
13226, 80, 313, 377, 0, 0, 26.70%, 0, 0, 5, 294.83, 3295681, 558, 0, 0
13231, 80, 227, 377, 0, 0, 26.70%, 0, 0, 5, 287.73, 3296991, 558, 0, 0
13236, 80, 126, 377, 0, 0, 26.70%, 0, 0, 5, 240.31, 3298187, 558, 0, 0
13241, 80, 157, 377, 0, 0, 26.70%, 0, 0, 5, 278.51, 3299446, 558, 0, 0
13246, 80, 159, 377, 0, 0, 26.70%, 0, 0, 5, 31.85, 3300651, 558, 0, 0
13251, 80, 372, 377, 0, 0, 26.70%, 0, 0, 5, 261.97, 3301901, 558, 0, 0
13257, 80, 305, 377, 0, 0, 26.70%, 0, 0, 5, 287.13, 3303084, 558, 0, 0
13262, 80, 58, 377, 0, 0, 26.70%, 0, 0, 5, 277.91, 3304386, 558, 0, 0
13267, 80, 197, 377, 0, 0, 26.70%, 0, 0, 5, 296.86, 3305606, 558, 0, 0
13272, 80, 92, 377, 0, 0, 26.70%, 0, 0, 5, 243.31, 3306856, 558, 0, 0
13277, 80, 329, 377, 0, 0, 26.70%, 0, 0, 5, 298.02, 3308131, 558, 0, 0
13282, 80, 349, 377, 0, 0, 26.70%, 0, 0, 5, 34.48, 3309351, 558, 0, 0
13287, 80, 159, 377, 0, 0, 26.70%, 0, 0, 5, 269.32, 3310611, 558, 0, 0
13293, 80, 357, 377, 0, 0, 26.70%, 0, 0, 5, 308.46, 3311773, 558, 0, 0
13298, 80, 315, 377, 0, 0, 26.70%, 0, 0, 5, 285.74, 3313021, 558, 0, 0
13303, 80, 50, 377, 0, 0, 26.70%, 0, 0, 5, 272.20, 3314191, 558, 0, 0
13308, 80, 238, 377, 0, 0, 26.70%, 0, 0, 5, 257.06, 3315461, 558, 0, 0
13313, 80, 176, 377, 0, 0, 26.70%, 0, 0, 5, 114.34, 3316702, 558, 0, 0
13318, 80, 305, 377, 0, 0, 26.70%, 0, 0, 5, 211.70, 3317914, 558, 0, 0
13323, 80, 128, 377, 0, 0, 26.70%, 0, 0, 5, 298.55, 3319276, 558, 0, 0
13328, 80, 50, 377, 0, 0, 26.70%, 0, 0, 5, 43.48, 3320511, 558, 0, 0
13333, 81, 351, 377, 0, 0, 26.70%, 0, 0, 5, 235.42, 3321817, 558, 0, 0
13339, 81, 157, 377, 0, 0, 26.70%, 0, 0, 5, 293.01, 3323111, 558, 0, 0
13344, 81, 359, 377, 0, 0, 26.70%, 0, 0, 5, 35.21, 3324316, 558, 0, 0
13349, 81, 5, 377, 0, 0, 26.70%, 0, 0, 5, 266.95, 3325506, 558, 0, 0
13354, 81, 351, 377, 0, 0, 26.70%, 0, 0, 5, 115.52, 3326797, 558, 0, 0
13359, 81, 53, 377, 0, 0, 26.70%, 0, 0, 5, 272.80, 3328046, 558, 0, 0
13364, 81, 154, 377, 0, 0, 26.70%, 0, 0, 5, 296.17, 3329356, 558, 0, 0
13369, 81, 53, 377, 0, 0, 26.70%, 0, 0, 5, 44.12, 3330586, 558, 0, 0
13374, 81, 271, 377, 0, 0, 26.70%, 0, 0, 5, 286.26, 3331876, 558, 0, 0
13379, 81, 311, 377, 0, 0, 26.70%, 0, 0, 5, 276.89, 3333176, 558, 0, 0
13384, 81, 328, 377, 0, 0, 26.70%, 0, 0, 5, 41.49, 3334336, 558, 0, 0
13390, 81, 359, 377, 0, 0, 26.70%, 0, 0, 5, 253.82, 3335601, 558, 0, 0
13395, 81, 174, 377, 0, 0, 26.70%, 0, 0, 5, 260.36, 3336866, 558, 0, 0
13400, 81, 217, 377, 0, 0, 26.70%, 0, 0, 5, 258.29, 3338166, 558, 0, 0
13405, 81, 176, 377, 0, 0, 26.70%, 0, 0, 5, 265.86, 3339386, 558, 0, 0
13410, 81, 304, 377, 0, 0, 26.70%, 0, 0, 5, 257.71, 3340656, 558, 0, 0
13415, 81, 285, 377, 0, 0, 26.70%, 0, 0, 5, 294.05, 3341976, 558, 0, 0
13420, 81, 225, 377, 0, 0, 26.70%, 0, 0, 5, 34.72, 3343201, 558, 0, 0
13425, 81, 225, 377, 0, 0, 26.70%, 0, 0, 5, 276.72, 3344461, 558, 0, 0
13430, 81, 57, 377, 0, 0, 26.70%, 0, 0, 5, 297.03, 3345687, 558, 0, 0
13436, 81, 192, 377, 0, 0, 26.70%, 0, 0, 5, 288.90, 3346996, 558, 0, 0
13441, 81, 347, 377, 0, 0, 26.70%, 0, 0, 5, 303.48, 3348182, 558, 0, 0
13446, 81, 5, 377, 0, 0, 26.70%, 0, 0, 5, 294.97, 3349476, 558, 0, 0
13451, 81, 133, 377, 0, 0, 26.70%, 0, 0, 5, 297.57, 3350776, 558, 0, 0
13456, 81, 35, 377, 0, 0, 26.70%, 0, 0, 5, 290.00, 3351939, 558, 0, 0
13461, 81, 359, 377, 0, 0, 26.70%, 0, 0, 5, 294.72, 3353221, 558, 0, 0
13466, 81, 285, 377, 0, 0, 26.70%, 0, 0, 5, 270.31, 3354541, 558, 0, 0
13471, 81, 56, 377, 0, 0, 26.70%, 0, 0, 5, 280.45, 3355826, 558, 0, 0
13476, 81, 257, 377, 0, 0, 26.70%, 0, 0, 5, 264.11, 3357041, 558, 0, 0
13481, 81, 50, 377, 0, 0, 26.70%, 0, 0, 5, 264.86, 3358301, 558, 0, 0
13486, 82, 192, 377, 0, 0, 26.70%, 0, 0, 5, 279.22, 3359601, 558, 0, 0
13492, 82, 126, 377, 0, 0, 26.70%, 0, 0, 5, 293.53, 3360780, 558, 0, 0
13497, 82, 178, 377, 0, 0, 26.70%, 0, 0, 5, 296.35, 3362061, 558, 0, 0
13502, 82, 359, 377, 0, 0, 26.70%, 0, 0, 5, 301.38, 3363370, 558, 0, 0
13507, 82, 133, 377, 0, 0, 26.70%, 0, 0, 5, 270.07, 3364541, 558, 0, 0
13512, 82, 372, 377, 0, 0, 26.70%, 0, 0, 5, 271.46, 3365836, 558, 0, 0
13517, 82, 50, 377, 0, 0, 26.70%, 0, 0, 5, 293.75, 3367111, 558, 0, 0
13522, 82, 305, 377, 0, 0, 26.70%, 0, 0, 5, 286.22, 3368316, 558, 0, 0
13527, 82, 199, 377, 0, 0, 26.70%, 0, 0, 5, 270.80, 3369561, 558, 0, 0
13532, 82, 197, 377, 0, 0, 26.70%, 0, 0, 5, 278.18, 3370786, 558, 0, 0
13537, 82, 133, 377, 0, 0, 26.70%, 0, 0, 5, 289.34, 3372081, 558, 0, 0
13542, 82, 328, 377, 0, 0, 26.70%, 0, 0, 5, 201.82, 3373353, 558, 0, 0
13547, 82, 53, 377, 0, 0, 26.70%, 0, 0, 5, 267.33, 3374222, 558, 0, 0
13553, 82, 126, 377, 0, 0, 26.70%, 0, 0, 5, 31.07, 3375631, 558, 0, 0
13558, 82, 328, 377, 0, 0, 26.70%, 0, 0, 5, 292.80, 3376801, 558, 0, 0
13563, 82, 192, 377, 0, 0, 26.70%, 0, 0, 5, 290.26, 3377831, 558, 0, 0
13568, 82, 248, 377, 0, 0, 26.70%, 0, 0, 5, 289.32, 3379266, 558, 0, 0
13573, 82, 173, 377, 0, 0, 26.70%, 0, 0, 5, 292.99, 3380386, 558, 0, 0
13578, 82, 179, 377, 0, 0, 26.70%, 0, 0, 5, 298.75, 3381506, 558, 0, 0
13583, 82, 91, 377, 0, 0, 26.70%, 0, 0, 5, 295.86, 3383011, 558, 0, 0
13588, 82, 176, 377, 0, 0, 26.70%, 0, 0, 5, 296.64, 3384121, 558, 0, 0
13593, 82, 157, 377, 0, 0, 26.70%, 0, 0, 5, 292.24, 3385186, 558, 0, 0
13598, 82, 172, 377, 0, 0, 26.70%, 0, 0, 5, 293.60, 3386706, 558, 0, 0
13604, 82, 345, 377, 0, 0, 26.70%, 0, 0, 5, 284.72, 3387791, 558, 0, 0
13609, 82, 351, 377, 0, 0, 26.70%, 0, 0, 5, 290.44, 3388861, 558, 0, 0
13614, 82, 225, 377, 0, 0, 26.70%, 0, 0, 5, 294.80, 3390371, 558, 0, 0
13619, 82, 225, 377, 0, 0, 26.70%, 0, 0, 5, 298.29, 3391456, 558, 0, 0
13624, 82, 305, 377, 0, 0, 26.70%, 0, 0, 5, 293.44, 3392506, 558, 0, 0
13629, 82, 329, 377, 0, 0, 26.70%, 0, 0, 5, 292.72, 3394016, 558, 0, 0
13634, 82, 179, 377, 0, 0, 26.70%, 0, 0, 5, 297.15, 3395146, 558, 0, 0
13639, 82, 80, 377, 0, 0, 26.70%, 0, 0, 5, 297.44, 3396256, 558, 0, 0
13644, 82, 159, 377, 0, 0, 26.70%, 0, 0, 5, 294.89, 3397781, 558, 0, 0
13649, 82, 159, 377, 0, 0, 26.70%, 0, 0, 5, 285.87, 3398856, 558, 0, 0
13655, 83, 359, 377, 0, 0, 26.70%, 0, 0, 5, 295.32, 3399916, 558, 0, 0
13660, 83, 85, 377, 0, 0, 26.70%, 0, 0, 5, 295.09, 3401421, 558, 0, 0
13665, 83, 176, 377, 0, 0, 26.70%, 0, 0, 5, 296.19, 3402506, 558, 0, 0
13670, 83, 50, 377, 0, 0, 26.70%, 0, 0, 5, 200.74, 3403639, 558, 0, 0
13675, 83, 255, 377, 0, 0, 26.70%, 0, 0, 5, 271.33, 3405145, 558, 0, 0
13680, 83, 254, 377, 0, 0, 26.70%, 0, 0, 5, 263.76, 3406276, 558, 0, 0
13685, 83, 305, 377, 0, 0, 26.70%, 0, 0, 5, 288.49, 3407361, 558, 0, 0
13691, 83, 50, 377, 0, 0, 26.70%, 0, 0, 5, 278.72, 3408811, 558, 0, 0
13696, 83, 69, 377, 0, 0, 26.70%, 0, 0, 5, 268.52, 3409981, 558, 0, 0
13701, 83, 153, 377, 0, 0, 26.70%, 0, 0, 5, 266.01, 3411006, 558, 0, 0
13706, 83, 157, 377, 0, 0, 26.70%, 0, 0, 5, 31.55, 3412376, 558, 0, 0
13711, 83, 172, 377, 0, 0, 26.70%, 0, 0, 5, 289.77, 3413566, 558, 0, 0
13716, 83, 359, 377, 0, 0, 26.70%, 0, 0, 5, 292.16, 3414681, 558, 0, 0
13721, 83, 335, 377, 0, 0, 26.70%, 0, 0, 5, 31.35, 3416066, 558, 0, 0
13726, 83, 136, 377, 0, 0, 26.70%, 0, 0, 5, 297.93, 3417276, 558, 0, 0
13731, 83, 53, 377, 0, 0, 26.70%, 0, 0, 5, 295.66, 3418391, 558, 0, 0
13737, 83, 202, 377, 0, 0, 26.70%, 0, 0, 5, 56.66, 3419786, 558, 0, 0
13742, 83, 351, 377, 0, 0, 26.70%, 0, 0, 5, 293.38, 3420941, 558, 0, 0
13747, 83, 359, 377, 0, 0, 26.70%, 0, 0, 5, 230.95, 3422062, 558, 0, 0
13752, 83, 249, 377, 0, 0, 26.70%, 0, 0, 5, 30.65, 3423388, 558, 0, 0
13757, 83, 329, 377, 0, 0, 26.70%, 0, 0, 5, 296.36, 3424691, 558, 0, 0
13762, 83, 133, 377, 0, 0, 26.70%, 0, 0, 5, 296.59, 3425816, 558, 0, 0
13767, 83, 85, 377, 0, 0, 26.70%, 0, 0, 5, 33.63, 3427047, 558, 0, 0
13772, 83, 176, 377, 0, 0, 26.70%, 0, 0, 5, 294.09, 3428406, 558, 0, 0
13778, 83, 126, 377, 0, 0, 26.70%, 0, 0, 5, 300.50, 3429524, 558, 0, 0
13783, 83, 360, 377, 0, 0, 26.70%, 0, 0, 5, 31.32, 3430714, 558, 0, 0
13788, 83, 25, 377, 0, 0, 26.70%, 0, 0, 5, 295.54, 3432186, 558, 0, 0
13793, 83, 50, 377, 0, 0, 26.70%, 0, 0, 5, 275.09, 3433256, 558, 0, 0
13798, 83, 159, 377, 0, 0, 26.70%, 0, 0, 5, 267.63, 3434371, 558, 0, 0
13803, 83, 157, 377, 0, 0, 26.70%, 0, 0, 5, 287.99, 3435876, 558, 0, 0
13808, 83, 192, 377, 0, 0, 26.70%, 0, 0, 5, 289.05, 3436941, 558, 0, 0
13813, 83, 133, 377, 0, 0, 26.70%, 0, 0, 5, 85.79, 3438068, 558, 0, 0
13819, 84, 120, 377, 0, 0, 26.70%, 0, 0, 5, 243.68, 3439538, 558, 0, 0
13824, 84, 185, 377, 0, 0, 26.70%, 0, 0, 5, 293.29, 3440661, 558, 0, 0
13829, 84, 328, 377, 0, 0, 26.70%, 0, 0, 5, 296.11, 3441756, 558, 0, 0
13834, 84, 328, 377, 0, 0, 26.70%, 0, 0, 5, 291.39, 3443236, 558, 0, 0
13839, 84, 173, 377, 0, 0, 26.70%, 0, 0, 5, 267.10, 3444296, 558, 0, 0
13844, 84, 172, 377, 0, 0, 26.70%, 0, 0, 5, 290.51, 3445406, 558, 0, 0
13849, 84, 199, 377, 0, 0, 26.70%, 0, 0, 5, 281.50, 3446876, 558, 0, 0
13854, 84, 172, 377, 0, 0, 26.70%, 0, 0, 5, 293.04, 3448026, 558, 0, 0
13860, 84, 313, 377, 0, 0, 26.70%, 0, 0, 5, 235.66, 3449159, 558, 0, 0
13865, 84, 329, 377, 0, 0, 26.70%, 0, 0, 5, 31.45, 3450526, 558, 0, 0
13870, 84, 244, 377, 0, 0, 26.70%, 0, 0, 5, 294.58, 3451741, 558, 0, 0
13875, 84, 179, 377, 0, 0, 26.70%, 0, 0, 5, 271.10, 3452856, 558, 0, 0
13880, 84, 126, 377, 0, 0, 26.70%, 0, 0, 5, 30.86, 3454201, 558, 0, 0
13885, 84, 157, 377, 0, 0, 26.70%, 0, 0, 5, 257.60, 3455416, 558, 0, 0
13890, 84, 305, 377, 0, 0, 26.70%, 0, 0, 5, 215.15, 3456491, 558, 0, 0
13895, 84, 173, 377, 0, 0, 26.70%, 0, 0, 5, 257.93, 3457866, 558, 0, 0
13900, 84, 154, 377, 0, 0, 26.70%, 0, 0, 5, 259.05, 3459026, 558, 0, 0
13905, 84, 46, 377, 0, 0, 26.70%, 0, 0, 5, 257.61, 3460086, 558, 0, 0
13910, 84, 53, 377, 0, 0, 26.70%, 0, 0, 5, 35.46, 3461561, 558, 0, 0
13915, 84, 329, 377, 0, 0, 26.70%, 0, 0, 5, 298.14, 3462726, 558, 0, 0
13921, 84, 279, 377, 0, 0, 26.70%, 0, 0, 5, 295.01, 3463846, 558, 0, 0
13926, 84, 305, 377, 0, 0, 26.70%, 0, 0, 5, 31.61, 3465014, 558, 0, 0
13931, 84, 179, 377, 0, 0, 26.70%, 0, 0, 5, 268.24, 3466431, 558, 0, 0
13936, 84, 351, 377, 0, 0, 26.70%, 0, 0, 5, 299.94, 3467549, 558, 0, 0
13941, 84, 313, 377, 0, 0, 26.70%, 0, 0, 5, 31.32, 3468654, 558, 0, 0
13946, 84, 209, 377, 0, 0, 26.70%, 0, 0, 5, 263.30, 3470116, 558, 0, 0
13951, 84, 96, 377, 0, 0, 26.70%, 0, 0, 5, 297.66, 3471251, 558, 0, 0
13957, 84, 313, 377, 0, 0, 26.70%, 0, 0, 5, 298.51, 3472366, 558, 0, 0
13962, 84, 344, 377, 0, 0, 26.70%, 0, 0, 5, 297.59, 3473906, 558, 0, 0
13967, 84, 204, 377, 0, 0, 26.70%, 0, 0, 5, 281.98, 3475036, 558, 0, 0
13972, 84, 90, 377, 0, 0, 26.70%, 0, 0, 5, 277.29, 3476146, 558, 0, 0
13977, 84, 54, 377, 0, 0, 26.70%, 0, 0, 5, 31.45, 3477483, 558, 0, 0
13982, 85, 80, 377, 0, 0, 26.70%, 0, 0, 5, 290.18, 3478770, 558, 0, 0
13987, 85, 5, 377, 0, 0, 26.70%, 0, 0, 5, 285.26, 3479861, 558, 0, 0
13993, 85, 172, 377, 0, 0, 26.70%, 0, 0, 5, 45.89, 3481067, 558, 0, 0
13998, 85, 225, 377, 0, 0, 26.70%, 0, 0, 5, 296.36, 3482416, 558, 0, 0
14003, 85, 207, 377, 0, 0, 26.70%, 0, 0, 5, 298.37, 3483531, 558, 0, 0
14008, 85, 359, 377, 0, 0, 26.70%, 0, 0, 5, 30.84, 3484644, 558, 0, 0
14013, 85, 53, 377, 0, 0, 26.70%, 0, 0, 5, 266.33, 3486111, 558, 0, 0
14018, 85, 354, 377, 0, 0, 26.70%, 0, 0, 5, 249.29, 3487223, 558, 0, 0
14023, 85, 328, 377, 0, 0, 26.70%, 0, 0, 5, 293.53, 3488298, 558, 0, 0
14028, 85, 133, 377, 0, 0, 26.70%, 0, 0, 5, 291.34, 3489791, 558, 0, 0
14033, 85, 359, 377, 0, 0, 26.70%, 0, 0, 5, 293.14, 3490886, 558, 0, 0
14039, 85, 348, 377, 0, 0, 26.70%, 0, 0, 5, 290.48, 3492006, 558, 0, 0
14044, 85, 143, 377, 0, 0, 26.70%, 0, 0, 5, 298.42, 3493466, 558, 0, 0
14049, 85, 219, 377, 0, 0, 26.70%, 0, 0, 5, 296.68, 3494571, 558, 0, 0
14054, 85, 172, 377, 0, 0, 26.70%, 0, 0, 5, 224.35, 3495662, 558, 0, 0
14059, 85, 351, 377, 0, 0, 26.70%, 0, 0, 5, 279.90, 3497166, 558, 0, 0
14064, 85, 359, 377, 0, 0, 26.70%, 0, 0, 5, 296.67, 3498281, 558, 0, 0
14069, 85, 331, 377, 0, 0, 26.70%, 0, 0, 5, 295.69, 3499401, 558, 0, 0
14075, 85, 8, 377, 0, 0, 26.70%, 0, 0, 5, 34.16, 3500803, 558, 0, 0
14080, 85, 351, 377, 0, 0, 26.70%, 0, 0, 5, 297.64, 3502026, 558, 0, 0
14085, 85, 313, 377, 0, 0, 26.70%, 0, 0, 5, 300.41, 3503100, 558, 0, 0
14090, 85, 39, 377, 0, 0, 26.70%, 0, 0, 5, 31.06, 3504448, 558, 0, 0
14095, 85, 359, 377, 0, 0, 26.70%, 0, 0, 5, 290.02, 3505731, 558, 0, 0
14100, 85, 154, 377, 0, 0, 26.70%, 0, 0, 5, 280.82, 3506821, 558, 0, 0
14105, 85, 66, 377, 0, 0, 26.70%, 0, 0, 5, 31.34, 3508110, 558, 0, 0
14111, 85, 361, 377, 0, 0, 26.70%, 0, 0, 5, 290.53, 3509461, 558, 0, 0
14116, 85, 172, 377, 0, 0, 26.70%, 0, 0, 5, 253.11, 3510541, 558, 0, 0
14121, 85, 35, 377, 0, 0, 26.70%, 0, 0, 5, 31.32, 3511666, 558, 0, 0
14126, 85, 205, 377, 0, 0, 26.70%, 0, 0, 5, 297.15, 3513191, 558, 0, 0
14131, 85, 359, 377, 0, 0, 26.70%, 0, 0, 5, 251.11, 3514273, 558, 0, 0
14136, 85, 209, 377, 0, 0, 26.70%, 0, 0, 5, 170.00, 3515368, 558, 0, 0
14141, 85, 136, 377, 0, 0, 26.70%, 0, 0, 5, 270.18, 3516866, 558, 0, 0
14146, 85, 133, 377, 0, 0, 26.70%, 0, 0, 5, 274.16, 3518006, 558, 0, 0
14151, 86, 25, 377, 0, 0, 26.70%, 0, 0, 5, 298.51, 3519057, 558, 0, 0
14156, 86, 329, 377, 0, 0, 26.70%, 0, 0, 5, 293.55, 3520551, 558, 0, 0
14162, 86, 179, 377, 0, 0, 26.70%, 0, 0, 5, 299.49, 3521661, 558, 0, 0
14167, 86, 351, 377, 0, 0, 26.70%, 0, 0, 5, 213.34, 3522752, 558, 0, 0
14172, 86, 159, 377, 0, 0, 26.70%, 0, 0, 5, 279.04, 3524271, 558, 0, 0
14177, 86, 28, 377, 0, 0, 26.70%, 0, 0, 5, 297.71, 3525386, 558, 0, 0
14182, 86, 126, 377, 0, 0, 26.70%, 0, 0, 5, 222.62, 3526500, 558, 0, 0
14187, 86, 244, 377, 0, 0, 26.70%, 0, 0, 5, 278.20, 3527986, 558, 0, 0
14192, 86, 172, 377, 0, 0, 26.70%, 0, 0, 5, 294.27, 3529066, 558, 0, 0
14197, 86, 172, 377, 0, 0, 26.70%, 0, 0, 5, 296.89, 3530161, 558, 0, 0
14203, 86, 249, 377, 0, 0, 26.70%, 0, 0, 5, 295.32, 3531681, 558, 0, 0
14208, 86, 302, 377, 0, 0, 26.70%, 0, 0, 5, 266.46, 3532761, 558, 0, 0
14213, 86, 328, 377, 0, 0, 26.70%, 0, 0, 5, 260.73, 3533866, 558, 0, 0
14218, 86, 176, 377, 0, 0, 26.70%, 0, 0, 5, 287.41, 3535371, 558, 0, 0
14223, 86, 303, 377, 0, 0, 26.70%, 0, 0, 5, 279.46, 3536501, 558, 0, 0
14228, 86, 82, 377, 0, 0, 26.70%, 0, 0, 5, 248.49, 3537616, 558, 0, 0
14233, 86, 225, 377, 0, 0, 26.70%, 0, 0, 5, 270.31, 3539101, 558, 0, 0
14239, 86, 50, 377, 0, 0, 26.70%, 0, 0, 5, 299.77, 3540295, 558, 0, 0
14244, 86, 159, 377, 0, 0, 26.70%, 0, 0, 5, 295.78, 3541416, 558, 0, 0
14249, 86, 172, 377, 0, 0, 26.70%, 0, 0, 5, 31.15, 3542786, 558, 0, 0
14254, 86, 179, 377, 0, 0, 26.70%, 0, 0, 5, 292.59, 3543986, 558, 0, 0
14259, 86, 359, 377, 0, 0, 26.70%, 0, 0, 5, 290.09, 3545061, 558, 0, 0
14264, 86, 340, 377, 0, 0, 26.70%, 0, 0, 5, 31.45, 3546491, 558, 0, 0
14270, 86, 78, 377, 0, 0, 26.70%, 0, 0, 5, 295.07, 3547741, 558, 0, 0
14275, 86, 159, 377, 0, 0, 26.70%, 0, 0, 5, 298.11, 3548821, 558, 0, 0
14280, 86, 213, 377, 0, 0, 26.70%, 0, 0, 5, 31.06, 3550226, 558, 0, 0
14285, 86, 14, 377, 0, 0, 26.70%, 0, 0, 5, 283.12, 3551411, 558, 0, 0
14290, 86, 328, 377, 0, 0, 26.70%, 0, 0, 5, 298.29, 3552541, 558, 0, 0
14295, 86, 159, 377, 0, 0, 26.70%, 0, 0, 5, 31.25, 3553906, 558, 0, 0
14300, 86, 35, 377, 0, 0, 26.70%, 0, 0, 5, 294.91, 3555116, 558, 0, 0
14305, 86, 173, 377, 0, 0, 26.70%, 0, 0, 5, 289.49, 3556191, 558, 0, 0
14310, 87, 159, 377, 0, 0, 26.70%, 0, 0, 5, 30.21, 3557636, 558, 0, 0
14315, 87, 6, 377, 0, 0, 26.70%, 0, 0, 5, 297.21, 3558836, 558, 0, 0
14321, 87, 176, 377, 0, 0, 26.70%, 0, 0, 5, 252.88, 3559951, 558, 0, 0
14326, 87, 176, 377, 0, 0, 26.70%, 0, 0, 5, 30.22, 3561263, 558, 0, 0
14331, 87, 306, 377, 0, 0, 26.70%, 0, 0, 5, 263.88, 3562581, 558, 0, 0
14336, 87, 84, 377, 0, 0, 26.70%, 0, 0, 5, 296.17, 3563706, 558, 0, 0
14341, 87, 213, 377, 0, 0, 26.70%, 0, 0, 5, 31.29, 3564941, 558, 0, 0
14346, 87, 329, 377, 0, 0, 26.70%, 0, 0, 5, 284.85, 3566346, 558, 0, 0
14351, 87, 207, 377, 0, 0, 26.70%, 0, 0, 5, 296.88, 3567461, 558, 0, 0
14357, 87, 279, 377, 0, 0, 26.70%, 0, 0, 5, 49.85, 3568591, 558, 0, 0
14362, 87, 199, 377, 0, 0, 26.70%, 0, 0, 5, 291.85, 3570046, 558, 0, 0
14367, 87, 192, 377, 0, 0, 26.70%, 0, 0, 5, 281.36, 3571141, 558, 0, 0
14372, 87, 290, 377, 0, 0, 26.70%, 0, 0, 5, 30.65, 3572251, 558, 0, 0
14377, 87, 192, 377, 0, 0, 26.70%, 0, 0, 5, 291.44, 3573741, 558, 0, 0
14382, 87, 305, 377, 0, 0, 26.70%, 0, 0, 5, 267.51, 3574851, 558, 0, 0
14387, 87, 18, 377, 0, 0, 26.70%, 0, 0, 5, 294.98, 3575966, 558, 0, 0
14393, 87, 351, 377, 0, 0, 26.70%, 0, 0, 5, 293.38, 3577471, 558, 0, 0
14398, 87, 179, 377, 0, 0, 26.70%, 0, 0, 5, 280.30, 3578546, 558, 0, 0
14403, 87, 295, 377, 0, 0, 26.70%, 0, 0, 5, 300.28, 3579661, 558, 0, 0
14408, 87, 157, 377, 0, 0, 26.70%, 0, 0, 5, 282.81, 3581146, 558, 0, 0
14413, 87, 126, 377, 0, 0, 26.70%, 0, 0, 5, 265.26, 3582326, 558, 0, 0
14418, 87, 53, 377, 0, 0, 26.70%, 0, 0, 5, 294.70, 3583446, 558, 0, 0
14423, 87, 342, 377, 0, 0, 26.70%, 0, 0, 5, 31.46, 3584753, 558, 0, 0
14428, 87, 279, 377, 0, 0, 26.70%, 0, 0, 5, 297.41, 3586011, 558, 0, 0
14433, 87, 359, 377, 0, 0, 26.70%, 0, 0, 5, 248.75, 3587110, 558, 0, 0
14439, 87, 238, 377, 0, 0, 26.70%, 0, 0, 5, 31.25, 3588380, 558, 0, 0
14444, 87, 59, 377, 0, 0, 26.70%, 0, 0, 5, 294.32, 3589741, 558, 0, 0
14449, 87, 85, 377, 0, 0, 26.70%, 0, 0, 5, 295.70, 3590851, 558, 0, 0
14454, 87, 329, 377, 0, 0, 26.70%, 0, 0, 5, 30.46, 3591997, 558, 0, 0
14459, 87, 85, 377, 0, 0, 26.70%, 0, 0, 5, 288.23, 3593445, 558, 0, 0
14464, 87, 351, 377, 0, 0, 26.70%, 0, 0, 5, 287.15, 3594541, 558, 0, 0
14469, 87, 176, 377, 0, 0, 26.70%, 0, 0, 5, 34.65, 3595646, 558, 0, 0
14474, 88, 359, 377, 0, 0, 26.70%, 0, 0, 5, 288.20, 3597101, 558, 0, 0
14480, 88, 158, 377, 0, 0, 26.70%, 0, 0, 5, 285.96, 3598206, 558, 0, 0
14485, 88, 360, 377, 0, 0, 26.70%, 0, 0, 5, 297.03, 3599261, 558, 0, 0
14490, 88, 170, 377, 0, 0, 26.70%, 0, 0, 5, 296.69, 3600776, 558, 0, 0
14495, 88, 328, 377, 0, 0, 26.70%, 0, 0, 5, 266.35, 3601836, 558, 0, 0
14500, 88, 198, 377, 0, 0, 26.70%, 0, 0, 5, 226.48, 3602954, 558, 0, 0
14505, 88, 215, 377, 0, 0, 26.70%, 0, 0, 5, 279.84, 3604456, 558, 0, 0
14510, 88, 282, 377, 0, 0, 26.70%, 0, 0, 5, 282.16, 3605561, 558, 0, 0
14515, 88, 359, 377, 0, 0, 26.70%, 0, 0, 5, 302.20, 3606644, 558, 0, 0
14520, 88, 176, 377, 0, 0, 26.70%, 0, 0, 5, 295.01, 3608166, 558, 0, 0
14525, 88, 294, 377, 0, 0, 26.70%, 0, 0, 5, 267.64, 3609231, 558, 0, 0
14530, 88, 337, 377, 0, 0, 26.70%, 0, 0, 5, 274.65, 3610301, 558, 0, 0
14536, 88, 238, 377, 0, 0, 26.70%, 0, 0, 5, 291.02, 3611811, 558, 0, 0
14541, 88, 173, 377, 0, 0, 26.70%, 0, 0, 5, 253.58, 3612951, 558, 0, 0
14546, 88, 25, 377, 0, 0, 26.70%, 0, 0, 5, 217.43, 3614073, 558, 0, 0
14551, 88, 173, 377, 0, 0, 26.70%, 0, 0, 5, 45.73, 3615486, 558, 0, 0
14556, 88, 192, 377, 0, 0, 26.70%, 0, 0, 5, 293.22, 3616651, 558, 0, 0
14561, 88, 187, 377, 0, 0, 26.70%, 0, 0, 5, 290.38, 3617711, 558, 0, 0
14566, 88, 172, 377, 0, 0, 26.70%, 0, 0, 5, 31.36, 3619053, 558, 0, 0
14571, 88, 176, 377, 0, 0, 26.70%, 0, 0, 5, 272.15, 3620276, 558, 0, 0
14576, 88, 218, 377, 0, 0, 26.70%, 0, 0, 5, 296.87, 3621356, 558, 0, 0
14581, 88, 359, 377, 0, 0, 26.70%, 0, 0, 5, 30.58, 3622736, 558, 0, 0
14586, 88, 345, 377, 0, 0, 26.70%, 0, 0, 5, 276.10, 3623921, 558, 0, 0
14592, 88, 85, 377, 0, 0, 26.70%, 0, 0, 5, 293.42, 3625041, 558, 0, 0
14597, 88, 327, 377, 0, 0, 26.70%, 0, 0, 5, 31.55, 3626411, 558, 0, 0
14602, 88, 179, 377, 0, 0, 26.70%, 0, 0, 5, 282.50, 3627571, 558, 0, 0
14607, 88, 351, 377, 0, 0, 26.70%, 0, 0, 5, 289.83, 3628641, 558, 0, 0
14612, 88, 329, 377, 0, 0, 26.70%, 0, 0, 5, 31.46, 3629998, 558, 0, 0
14617, 88, 225, 377, 0, 0, 26.70%, 0, 0, 5, 292.94, 3631306, 558, 0, 0
14622, 88, 85, 377, 0, 0, 26.70%, 0, 0, 5, 293.59, 3632376, 558, 0, 0
14627, 88, 238, 377, 0, 0, 26.70%, 0, 0, 5, 30.24, 3633630, 558, 0, 0
14633, 88, 305, 377, 0, 0, 26.70%, 0, 0, 5, 270.94, 3634991, 558, 0, 0
14638, 88, 176, 377, 0, 0, 26.70%, 0, 0, 5, 289.82, 3636081, 558, 0, 0
14643, 89, 353, 377, 0, 0, 26.70%, 0, 0, 5, 31.36, 3637307, 558, 0, 0
14648, 89, 329, 377, 0, 0, 26.70%, 0, 0, 5, 293.57, 3638711, 558, 0, 0
14653, 89, 313, 377, 0, 0, 26.70%, 0, 0, 5, 290.94, 3639826, 558, 0, 0
14658, 89, 305, 377, 0, 0, 26.70%, 0, 0, 5, 31.22, 3641002, 558, 0, 0
14663, 89, 305, 377, 0, 0, 26.70%, 0, 0, 5, 288.32, 3642426, 558, 0, 0
14669, 89, 50, 377, 0, 0, 26.70%, 0, 0, 5, 247.69, 3643549, 558, 0, 0
14674, 89, 305, 377, 0, 0, 26.70%, 0, 0, 5, 33.61, 3644612, 558, 0, 0
14679, 89, 328, 377, 0, 0, 26.70%, 0, 0, 5, 292.40, 3646126, 558, 0, 0
14684, 89, 126, 377, 0, 0, 26.70%, 0, 0, 5, 291.54, 3647241, 558, 0, 0
14689, 89, 313, 377, 0, 0, 26.70%, 0, 0, 5, 199.93, 3648357, 558, 0, 0
14694, 89, 187, 377, 0, 0, 26.70%, 0, 0, 5, 276.07, 3649881, 558, 0, 0
14699, 89, 242, 377, 0, 0, 26.70%, 0, 0, 5, 297.76, 3651011, 558, 0, 0
14704, 89, 313, 377, 0, 0, 26.70%, 0, 0, 5, 193.37, 3652093, 558, 0, 0
14709, 89, 153, 377, 0, 0, 26.70%, 0, 0, 5, 272.75, 3653586, 558, 0, 0
14715, 89, 65, 377, 0, 0, 26.70%, 0, 0, 5, 283.51, 3654701, 558, 0, 0
14720, 89, 50, 377, 0, 0, 26.70%, 0, 0, 5, 295.02, 3655806, 558, 0, 0
14725, 89, 176, 377, 0, 0, 26.70%, 0, 0, 5, 293.54, 3657311, 558, 0, 0
14730, 89, 225, 377, 0, 0, 26.70%, 0, 0, 5, 252.88, 3658420, 558, 0, 0
14735, 89, 75, 377, 0, 0, 26.70%, 0, 0, 5, 300.89, 3659527, 558, 0, 0
14740, 89, 296, 377, 0, 0, 26.70%, 0, 0, 5, 31.25, 3660920, 558, 0, 0
14745, 89, 50, 377, 0, 0, 26.70%, 0, 0, 5, 295.90, 3662146, 558, 0, 0
14750, 89, 104, 377, 0, 0, 26.70%, 0, 0, 5, 300.15, 3663205, 558, 0, 0
14756, 89, 157, 377, 0, 0, 26.70%, 0, 0, 5, 289.04, 3664661, 558, 0, 0
14761, 89, 340, 377, 0, 0, 26.70%, 0, 0, 5, 293.52, 3665806, 558, 0, 0
14766, 89, 159, 377, 0, 0, 26.70%, 0, 0, 5, 287.27, 3666886, 558, 0, 0
14771, 89, 319, 377, 0, 0, 26.70%, 0, 0, 5, 31.25, 3668321, 558, 0, 0
14776, 89, 248, 377, 0, 0, 26.70%, 0, 0, 5, 289.37, 3669491, 558, 0, 0
14781, 89, 158, 377, 0, 0, 26.70%, 0, 0, 5, 279.66, 3670536, 558, 0, 0
14786, 89, 53, 377, 0, 0, 26.70%, 0, 0, 5, 31.36, 3671782, 558, 0, 0
14791, 89, 275, 377, 0, 0, 26.70%, 0, 0, 5, 297.15, 3673201, 558, 0, 0
14796, 89, 100, 377, 0, 0, 26.70%, 0, 0, 5, 253.79, 3674331, 558, 0, 0
14802, 90, 123, 377, 0, 0, 26.70%, 0, 0, 5, 31.16, 3675482, 558, 0, 0
14807, 90, 319, 377, 0, 0, 26.70%, 0, 0, 5, 266.12, 3676926, 558, 0, 0
14812, 90, 53, 377, 0, 0, 26.70%, 0, 0, 5, 294.03, 3678001, 558, 0, 0
14817, 90, 0, 377, 0, 0, 26.70%, 0, 0, 5, 39.30, 3679146, 558, 0, 0
14822, 90, 133, 377, 0, 0, 26.70%, 0, 0, 5, 295.08, 3680641, 558, 0, 0
14827, 90, 36, 377, 0, 0, 26.70%, 0, 0, 5, 299.05, 3681756, 558, 0, 0
14832, 90, 50, 377, 0, 0, 26.70%, 0, 0, 5, 31.29, 3682831, 558, 0, 0
14837, 90, 192, 377, 0, 0, 26.70%, 0, 0, 5, 292.90, 3684346, 558, 0, 0
14842, 90, 329, 377, 0, 0, 26.70%, 0, 0, 5, 293.88, 3685406, 558, 0, 0
14847, 90, 141, 377, 0, 0, 26.70%, 0, 0, 5, 34.52, 3686551, 558, 0, 0
14853, 90, 313, 377, 0, 0, 26.70%, 0, 0, 5, 296.16, 3688031, 558, 0, 0
14858, 90, 179, 377, 0, 0, 26.70%, 0, 0, 5, 294.73, 3689151, 558, 0, 0
14863, 90, 311, 377, 0, 0, 26.70%, 0, 0, 5, 298.18, 3690266, 558, 0, 0
14868, 90, 359, 377, 0, 0, 26.70%, 0, 0, 5, 295.23, 3691776, 558, 0, 0
14873, 90, 50, 377, 0, 0, 26.70%, 0, 0, 5, 266.72, 3692856, 558, 0, 0
14878, 90, 159, 377, 0, 0, 26.70%, 0, 0, 5, 197.54, 3693964, 558, 0, 0
14883, 90, 228, 377, 0, 0, 26.70%, 0, 0, 5, 31.25, 3695356, 558, 0, 0
14888, 90, 225, 377, 0, 0, 26.70%, 0, 0, 5, 276.02, 3696526, 558, 0, 0
14893, 90, 172, 377, 0, 0, 26.70%, 0, 0, 5, 257.58, 3697621, 558, 0, 0
14898, 90, 85, 377, 0, 0, 26.70%, 0, 0, 5, 43.73, 3699016, 558, 0, 0
14903, 90, 173, 377, 0, 0, 26.70%, 0, 0, 5, 269.57, 3700191, 558, 0, 0
14909, 90, 76, 377, 0, 0, 26.70%, 0, 0, 5, 296.65, 3701266, 558, 0, 0
14914, 90, 117, 377, 0, 0, 26.70%, 0, 0, 5, 278.13, 3702701, 558, 0, 0
14919, 90, 238, 377, 0, 0, 26.70%, 0, 0, 5, 293.74, 3703851, 558, 0, 0
14924, 90, 145, 377, 0, 0, 26.70%, 0, 0, 5, 211.56, 3704938, 558, 0, 0
14929, 90, 330, 377, 0, 0, 26.70%, 0, 0, 5, 30.84, 3706159, 558, 0, 0
14934, 90, 359, 377, 0, 0, 26.70%, 0, 0, 5, 289.54, 3707441, 558, 0, 0
14939, 90, 154, 377, 0, 0, 26.70%, 0, 0, 5, 286.16, 3708556, 558, 0, 0
14944, 90, 50, 377, 0, 0, 26.70%, 0, 0, 5, 31.25, 3709830, 558, 0, 0
14949, 90, 304, 377, 0, 0, 26.70%, 0, 0, 5, 278.69, 3711166, 558, 0, 0
14954, 90, 126, 377, 0, 0, 26.70%, 0, 0, 5, 289.08, 3712245, 558, 0, 0
14959, 90, 133, 377, 0, 0, 26.70%, 0, 0, 5, 31.47, 3713495, 558, 0, 0
14964, 90, 179, 377, 0, 0, 26.70%, 0, 0, 5, 294.32, 3714796, 558, 0, 0
14970, 91, 225, 377, 0, 0, 26.70%, 0, 0, 5, 295.74, 3715921, 558, 0, 0
14975, 91, 329, 377, 0, 0, 26.70%, 0, 0, 5, 198.82, 3717039, 558, 0, 0
14980, 91, 339, 377, 0, 0, 26.70%, 0, 0, 5, 276.85, 3718556, 558, 0, 0
14985, 91, 324, 377, 0, 0, 26.70%, 0, 0, 5, 294.40, 3719616, 558, 0, 0
14990, 91, 358, 377, 0, 0, 26.70%, 0, 0, 5, 298.75, 3720731, 558, 0, 0
14995, 91, 192, 377, 0, 0, 26.70%, 0, 0, 5, 296.51, 3722241, 558, 0, 0
15000, 91, 305, 377, 0, 0, 26.70%, 0, 0, 5, 294.40, 3723306, 558, 0, 0
15005, 91, 192, 377, 0, 0, 26.70%, 0, 0, 5, 289.95, 3724345, 558, 0, 0
15010, 91, 328, 377, 0, 0, 26.70%, 0, 0, 5, 292.79, 3725861, 558, 0, 0
15016, 91, 305, 377, 0, 0, 26.70%, 0, 0, 5, 294.88, 3726961, 558, 0, 0
15021, 91, 256, 377, 0, 0, 26.70%, 0, 0, 5, 273.60, 3728041, 558, 0, 0
15026, 91, 179, 377, 0, 0, 26.70%, 0, 0, 5, 31.15, 3729456, 558, 0, 0
15031, 91, 159, 377, 0, 0, 26.70%, 0, 0, 5, 256.43, 3730626, 558, 0, 0
15036, 91, 85, 377, 0, 0, 26.70%, 0, 0, 5, 301.93, 3731732, 558, 0, 0
15041, 91, 372, 377, 0, 0, 26.70%, 0, 0, 5, 31.15, 3733066, 558, 0, 0
15046, 91, 353, 377, 0, 0, 26.70%, 0, 0, 5, 292.19, 3734306, 558, 0, 0
15051, 91, 238, 377, 0, 0, 26.70%, 0, 0, 5, 263.83, 3735411, 558, 0, 0
15056, 91, 255, 377, 0, 0, 26.70%, 0, 0, 5, 31.55, 3736700, 558, 0, 0
15062, 91, 123, 377, 0, 0, 26.70%, 0, 0, 5, 290.32, 3738066, 558, 0, 0
15067, 91, 110, 377, 0, 0, 26.70%, 0, 0, 5, 228.05, 3739168, 558, 0, 0
15072, 91, 173, 377, 0, 0, 26.70%, 0, 0, 5, 30.32, 3740342, 558, 0, 0
15077, 91, 173, 377, 0, 0, 26.70%, 0, 0, 5, 262.49, 3741776, 558, 0, 0
15082, 91, 159, 377, 0, 0, 26.70%, 0, 0, 5, 292.47, 3742861, 558, 0, 0
15087, 91, 126, 377, 0, 0, 26.70%, 0, 0, 5, 35.96, 3743935, 558, 0, 0
15092, 91, 159, 377, 0, 0, 26.70%, 0, 0, 5, 296.23, 3745446, 558, 0, 0
15097, 91, 351, 377, 0, 0, 26.70%, 0, 0, 5, 293.37, 3746556, 558, 0, 0
15102, 91, 179, 377, 0, 0, 26.70%, 0, 0, 5, 203.42, 3747650, 558, 0, 0
15108, 91, 133, 377, 0, 0, 26.70%, 0, 0, 5, 279.43, 3749191, 558, 0, 0
15113, 91, 238, 377, 0, 0, 26.70%, 0, 0, 5, 296.73, 3750321, 558, 0, 0
15118, 91, 326, 377, 0, 0, 26.70%, 0, 0, 5, 186.71, 3751392, 558, 0, 0
15123, 91, 176, 377, 0, 0, 26.70%, 0, 0, 5, 276.42, 3752931, 558, 0, 0
15128, 91, 227, 377, 0, 0, 26.70%, 0, 0, 5, 296.53, 3754041, 558, 0, 0
15133, 92, 23, 377, 0, 0, 26.70%, 0, 0, 5, 270.74, 3755121, 558, 0, 0
15138, 92, 152, 377, 0, 0, 26.70%, 0, 0, 5, 279.98, 3756556, 558, 0, 0
15143, 92, 192, 377, 0, 0, 26.70%, 0, 0, 5, 297.70, 3757716, 558, 0, 0
15148, 92, 313, 377, 0, 0, 26.70%, 0, 0, 5, 297.24, 3758786, 558, 0, 0
15153, 92, 313, 377, 0, 0, 26.70%, 0, 0, 5, 281.90, 3760201, 558, 0, 0
15159, 92, 238, 377, 0, 0, 26.70%, 0, 0, 5, 285.34, 3761371, 558, 0, 0
15164, 92, 159, 377, 0, 0, 26.70%, 0, 0, 5, 299.67, 3762476, 558, 0, 0
15169, 92, 53, 377, 0, 0, 26.70%, 0, 0, 5, 31.39, 3763740, 558, 0, 0
15174, 92, 309, 377, 0, 0, 26.70%, 0, 0, 5, 263.41, 3765126, 558, 0, 0
15179, 92, 172, 377, 0, 0, 26.70%, 0, 0, 5, 293.91, 3766201, 558, 0, 0
15184, 92, 305, 377, 0, 0, 26.70%, 0, 0, 5, 31.53, 3767314, 558, 0, 0
15190, 92, 255, 377, 0, 0, 26.70%, 0, 0, 5, 286.76, 3768761, 558, 0, 0
15195, 92, 259, 377, 0, 0, 26.70%, 0, 0, 5, 293.54, 3769831, 558, 0, 0
15200, 92, 245, 377, 0, 0, 26.70%, 0, 0, 5, 35.13, 3770894, 558, 0, 0
15205, 92, 238, 377, 0, 0, 26.70%, 0, 0, 5, 290.05, 3772391, 558, 0, 0
15210, 92, 172, 377, 0, 0, 26.70%, 0, 0, 5, 298.69, 3773481, 558, 0, 0
15215, 92, 120, 377, 0, 0, 26.70%, 0, 0, 5, 295.00, 3774597, 558, 0, 0
15220, 92, 355, 377, 0, 0, 26.70%, 0, 0, 5, 295.27, 3776126, 558, 0, 0
15225, 92, 225, 377, 0, 0, 26.70%, 0, 0, 5, 292.60, 3777221, 558, 0, 0
15230, 92, 173, 377, 0, 0, 26.70%, 0, 0, 5, 297.48, 3778341, 558, 0, 0
15236, 92, 329, 377, 0, 0, 26.70%, 0, 0, 5, 288.04, 3779841, 558, 0, 0
15241, 92, 359, 377, 0, 0, 26.70%, 0, 0, 5, 293.61, 3780971, 558, 0, 0
15246, 92, 332, 377, 0, 0, 26.70%, 0, 0, 5, 289.64, 3782086, 558, 0, 0
15251, 92, 120, 377, 0, 0, 26.70%, 0, 0, 5, 31.55, 3783436, 558, 0, 0
15256, 92, 328, 377, 0, 0, 26.70%, 0, 0, 5, 293.94, 3784691, 558, 0, 0
15261, 92, 280, 377, 0, 0, 26.70%, 0, 0, 5, 161.20, 3785784, 558, 0, 0
15266, 92, 305, 377, 0, 0, 26.70%, 0, 0, 5, 31.57, 3787039, 558, 0, 0
15272, 92, 192, 377, 0, 0, 26.70%, 0, 0, 5, 293.23, 3788416, 558, 0, 0
15277, 92, 126, 377, 0, 0, 26.70%, 0, 0, 5, 295.73, 3789516, 558, 0, 0
15282, 92, 19, 377, 0, 0, 26.70%, 0, 0, 5, 31.99, 3790719, 558, 0, 0
15287, 92, 133, 377, 0, 0, 26.70%, 0, 0, 5, 294.02, 3792151, 558, 0, 0
15292, 92, 213, 377, 0, 0, 26.70%, 0, 0, 5, 297.00, 3793271, 558, 0, 0
15297, 92, 50, 377, 0, 0, 26.70%, 0, 0, 5, 190.00, 3794347, 558, 0, 0
15302, 93, 126, 377, 0, 0, 26.70%, 0, 0, 5, 273.48, 3795851, 558, 0, 0
15307, 93, 286, 377, 0, 0, 26.70%, 0, 0, 5, 289.91, 3796916, 558, 0, 0
15312, 93, 305, 377, 0, 0, 26.70%, 0, 0, 5, 260.92, 3797995, 558, 0, 0
15318, 93, 125, 377, 0, 0, 26.70%, 0, 0, 5, 286.90, 3799501, 558, 0, 0
15323, 93, 50, 377, 0, 0, 26.70%, 0, 0, 5, 296.78, 3800631, 558, 0, 0
15328, 93, 300, 377, 0, 0, 26.70%, 0, 0, 5, 301.59, 3801702, 558, 0, 0
15333, 93, 328, 377, 0, 0, 26.70%, 0, 0, 5, 298.59, 3803201, 558, 0, 0
15338, 93, 313, 377, 0, 0, 26.70%, 0, 0, 5, 294.72, 3804291, 558, 0, 0
15343, 93, 251, 377, 0, 0, 26.70%, 0, 0, 5, 287.47, 3805396, 558, 0, 0
15348, 93, 133, 377, 0, 0, 26.70%, 0, 0, 5, 295.57, 3806851, 558, 0, 0
15353, 93, 305, 377, 0, 0, 26.70%, 0, 0, 5, 293.97, 3807926, 558, 0, 0
15358, 93, 359, 377, 0, 0, 26.70%, 0, 0, 5, 287.48, 3808986, 558, 0, 0
15363, 93, 133, 377, 0, 0, 26.70%, 0, 0, 5, 31.55, 3810361, 558, 0, 0
15369, 93, 172, 377, 0, 0, 26.70%, 0, 0, 5, 292.82, 3811551, 558, 0, 0
15374, 93, 313, 377, 0, 0, 26.70%, 0, 0, 5, 230.58, 3812614, 558, 0, 0
15379, 93, 78, 377, 0, 0, 26.70%, 0, 0, 5, 31.25, 3813991, 558, 0, 0
15384, 93, 173, 377, 0, 0, 26.70%, 0, 0, 5, 295.30, 3815181, 558, 0, 0
15389, 93, 255, 377, 0, 0, 26.70%, 0, 0, 5, 210.72, 3816256, 558, 0, 0
15394, 93, 44, 377, 0, 0, 26.70%, 0, 0, 5, 31.55, 3817626, 558, 0, 0
15399, 93, 329, 377, 0, 0, 26.70%, 0, 0, 5, 297.32, 3818846, 558, 0, 0
15404, 93, 56, 377, 0, 0, 26.70%, 0, 0, 5, 298.34, 3819956, 558, 0, 0
15409, 93, 172, 377, 0, 0, 26.70%, 0, 0, 5, 31.26, 3821079, 558, 0, 0
15414, 93, 172, 377, 0, 0, 26.70%, 0, 0, 5, 291.37, 3822541, 558, 0, 0
15420, 93, 50, 377, 0, 0, 26.70%, 0, 0, 5, 290.75, 3823681, 558, 0, 0
15425, 93, 334, 377, 0, 0, 26.70%, 0, 0, 5, 207.29, 3824770, 558, 0, 0
15430, 93, 328, 377, 0, 0, 26.70%, 0, 0, 5, 279.75, 3826301, 558, 0, 0
15435, 93, 238, 377, 0, 0, 26.70%, 0, 0, 5, 297.40, 3827406, 558, 0, 0
15440, 93, 351, 377, 0, 0, 26.70%, 0, 0, 5, 269.07, 3828516, 558, 0, 0
15445, 93, 359, 377, 0, 0, 26.70%, 0, 0, 5, 281.76, 3829976, 558, 0, 0
15450, 93, 359, 377, 0, 0, 26.70%, 0, 0, 5, 295.85, 3831131, 558, 0, 0
15455, 93, 313, 377, 0, 0, 26.70%, 0, 0, 5, 251.54, 3832255, 558, 0, 0
15461, 93, 266, 377, 0, 0, 26.70%, 0, 0, 5, 51.67, 3833522, 558, 0, 0
15466, 94, 279, 377, 0, 0, 26.70%, 0, 0, 5, 299.02, 3834856, 558, 0, 0
15471, 94, 176, 377, 0, 0, 26.70%, 0, 0, 5, 294.06, 3835951, 558, 0, 0
15476, 94, 173, 377, 0, 0, 26.70%, 0, 0, 5, 30.46, 3837091, 558, 0, 0
15481, 94, 62, 377, 0, 0, 26.70%, 0, 0, 5, 269.50, 3838521, 558, 0, 0
15486, 94, 133, 377, 0, 0, 26.70%, 0, 0, 5, 292.05, 3839646, 558, 0, 0
15491, 94, 157, 377, 0, 0, 26.70%, 0, 0, 5, 295.01, 3840721, 558, 0, 0
15496, 94, 173, 377, 0, 0, 26.70%, 0, 0, 5, 294.43, 3842236, 558, 0, 0
15501, 94, 329, 377, 0, 0, 26.70%, 0, 0, 5, 297.33, 3843326, 558, 0, 0
15507, 94, 359, 377, 0, 0, 26.70%, 0, 0, 5, 303.02, 3844463, 558, 0, 0
15512, 94, 359, 377, 0, 0, 26.70%, 0, 0, 5, 31.45, 3845856, 558, 0, 0
15517, 94, 225, 377, 0, 0, 26.70%, 0, 0, 5, 291.22, 3847106, 558, 0, 0
15522, 94, 53, 377, 0, 0, 26.70%, 0, 0, 5, 298.26, 3848196, 558, 0, 0
15527, 94, 176, 377, 0, 0, 26.70%, 0, 0, 5, 51.37, 3849477, 558, 0, 0
15532, 94, 359, 377, 0, 0, 26.70%, 0, 0, 5, 294.33, 3850851, 558, 0, 0
15538, 94, 176, 377, 0, 0, 26.70%, 0, 0, 5, 297.90, 3851976, 558, 0, 0
15543, 94, 199, 377, 0, 0, 26.70%, 0, 0, 5, 163.12, 3853082, 558, 0, 0
15548, 94, 87, 377, 0, 0, 26.70%, 0, 0, 5, 269.11, 3854591, 558, 0, 0
15553, 94, 176, 377, 0, 0, 26.70%, 0, 0, 5, 267.21, 3855686, 558, 0, 0
15558, 94, 328, 377, 0, 0, 26.70%, 0, 0, 5, 293.26, 3856771, 558, 0, 0
15563, 94, 5, 377, 0, 0, 26.70%, 0, 0, 5, 294.35, 3858291, 558, 0, 0
15568, 94, 53, 377, 0, 0, 26.70%, 0, 0, 5, 295.07, 3859381, 558, 0, 0
15573, 94, 159, 377, 0, 0, 26.70%, 0, 0, 5, 291.54, 3860481, 558, 0, 0
15578, 94, 173, 377, 0, 0, 26.70%, 0, 0, 5, 31.15, 3861846, 558, 0, 0
15584, 94, 101, 377, 0, 0, 26.70%, 0, 0, 5, 295.73, 3863101, 558, 0, 0
15589, 94, 351, 377, 0, 0, 26.70%, 0, 0, 5, 300.85, 3864239, 558, 0, 0
15594, 94, 359, 377, 0, 0, 26.70%, 0, 0, 5, 31.50, 3865442, 558, 0, 0
15599, 94, 173, 377, 0, 0, 26.70%, 0, 0, 5, 285.42, 3866826, 558, 0, 0
15604, 94, 85, 377, 0, 0, 26.70%, 0, 0, 5, 287.89, 3867921, 558, 0, 0
15609, 94, 192, 377, 0, 0, 26.70%, 0, 0, 5, 180.86, 3868995, 558, 0, 0
15614, 94, 245, 377, 0, 0, 26.70%, 0, 0, 5, 272.78, 3870506, 558, 0, 0
15619, 94, 328, 377, 0, 0, 26.70%, 0, 0, 5, 283.63, 3871576, 558, 0, 0
15625, 94, 172, 377, 0, 0, 26.70%, 0, 0, 5, 225.29, 3872688, 558, 0, 0
15630, 95, 313, 377, 0, 0, 26.70%, 0, 0, 5, 278.89, 3874166, 558, 0, 0
15635, 95, 192, 377, 0, 0, 26.70%, 0, 0, 5, 253.07, 3875281, 558, 0, 0
15640, 95, 369, 377, 0, 0, 26.70%, 0, 0, 5, 296.33, 3876406, 558, 0, 0
15645, 95, 328, 377, 0, 0, 26.70%, 0, 0, 5, 30.83, 3877718, 558, 0, 0
15651, 95, 126, 377, 0, 0, 26.70%, 0, 0, 5, 262.65, 3879041, 558, 0, 0
15656, 95, 62, 377, 0, 0, 26.70%, 0, 0, 5, 267.58, 3880121, 558, 0, 0
15661, 95, 257, 377, 0, 0, 26.70%, 0, 0, 5, 31.24, 3881289, 558, 0, 0
15666, 95, 159, 377, 0, 0, 26.70%, 0, 0, 5, 287.36, 3882736, 558, 0, 0
15671, 95, 225, 377, 0, 0, 26.70%, 0, 0, 5, 265.42, 3883776, 558, 0, 0
15676, 95, 173, 377, 0, 0, 26.70%, 0, 0, 5, 35.81, 3884864, 558, 0, 0
15681, 95, 222, 377, 0, 0, 26.70%, 0, 0, 5, 296.54, 3886396, 558, 0, 0
15686, 95, 238, 377, 0, 0, 26.70%, 0, 0, 5, 256.22, 3887461, 558, 0, 0
15691, 95, 266, 377, 0, 0, 26.70%, 0, 0, 5, 301.98, 3888571, 558, 0, 0
15697, 95, 42, 377, 0, 0, 26.70%, 0, 0, 5, 296.11, 3890086, 558, 0, 0
15702, 95, 133, 377, 0, 0, 26.70%, 0, 0, 5, 280.33, 3891216, 558, 0, 0
15707, 95, 126, 377, 0, 0, 26.70%, 0, 0, 5, 266.69, 3892296, 558, 0, 0
15712, 95, 159, 377, 0, 0, 26.70%, 0, 0, 5, 49.83, 3893741, 558, 0, 0
15717, 95, 2, 377, 0, 0, 26.70%, 0, 0, 5, 300.28, 3894932, 558, 0, 0
15722, 95, 351, 377, 0, 0, 26.70%, 0, 0, 5, 299.94, 3895992, 558, 0, 0
15727, 95, 31, 377, 0, 0, 26.70%, 0, 0, 5, 31.54, 3897323, 558, 0, 0
15732, 95, 172, 377, 0, 0, 26.70%, 0, 0, 5, 295.87, 3898626, 558, 0, 0
15737, 95, 351, 377, 0, 0, 26.70%, 0, 0, 5, 258.74, 3899701, 558, 0, 0
15743, 95, 183, 377, 0, 0, 26.70%, 0, 0, 5, 30.91, 3900965, 558, 0, 0
15748, 95, 305, 377, 0, 0, 26.70%, 0, 0, 5, 278.84, 3902346, 558, 0, 0
15753, 95, 329, 377, 0, 0, 26.70%, 0, 0, 5, 299.92, 3903455, 558, 0, 0
15758, 95, 157, 377, 0, 0, 26.70%, 0, 0, 5, 31.43, 3904579, 558, 0, 0
15763, 95, 53, 377, 0, 0, 26.70%, 0, 0, 5, 282.71, 3906091, 558, 0, 0
15768, 95, 173, 377, 0, 0, 26.70%, 0, 0, 5, 287.98, 3907156, 558, 0, 0
15773, 95, 359, 377, 0, 0, 26.70%, 0, 0, 5, 257.06, 3908251, 558, 0, 0
15778, 95, 313, 377, 0, 0, 26.70%, 0, 0, 5, 288.81, 3909786, 558, 0, 0
15783, 95, 3, 377, 0, 0, 26.70%, 0, 0, 5, 264.06, 3910856, 558, 0, 0
15789, 95, 349, 377, 0, 0, 26.70%, 0, 0, 5, 295.32, 3911976, 558, 0, 0
15794, 96, 179, 377, 0, 0, 26.70%, 0, 0, 5, 31.25, 3913361, 558, 0, 0
15799, 96, 179, 377, 0, 0, 26.70%, 0, 0, 5, 265.67, 3914581, 558, 0, 0
15804, 96, 359, 377, 0, 0, 26.70%, 0, 0, 5, 243.68, 3915707, 558, 0, 0
15809, 96, 353, 377, 0, 0, 26.70%, 0, 0, 5, 31.20, 3916990, 558, 0, 0
15814, 96, 164, 377, 0, 0, 26.70%, 0, 0, 5, 262.46, 3918366, 558, 0, 0
15820, 96, 359, 377, 0, 0, 26.70%, 0, 0, 5, 298.11, 3919486, 558, 0, 0
15825, 96, 204, 377, 0, 0, 26.70%, 0, 0, 5, 31.43, 3920659, 558, 0, 0
15830, 96, 71, 377, 0, 0, 26.70%, 0, 0, 5, 294.65, 3922121, 558, 0, 0
15835, 96, 159, 377, 0, 0, 26.70%, 0, 0, 5, 292.34, 3923226, 558, 0, 0
15840, 96, 351, 377, 0, 0, 26.70%, 0, 0, 5, 289.17, 3924301, 558, 0, 0
15845, 96, 313, 377, 0, 0, 26.70%, 0, 0, 5, 295.33, 3925826, 558, 0, 0
15850, 96, 85, 377, 0, 0, 26.70%, 0, 0, 5, 293.45, 3926926, 558, 0, 0
15856, 96, 88, 377, 0, 0, 26.70%, 0, 0, 5, 260.51, 3928041, 558, 0, 0
15861, 96, 359, 377, 0, 0, 26.70%, 0, 0, 5, 31.15, 3929446, 558, 0, 0
15866, 96, 359, 377, 0, 0, 26.70%, 0, 0, 5, 294.62, 3930701, 558, 0, 0
15871, 96, 126, 377, 0, 0, 26.70%, 0, 0, 5, 296.97, 3931811, 558, 0, 0
15876, 96, 159, 377, 0, 0, 26.70%, 0, 0, 5, 31.35, 3933032, 558, 0, 0
15881, 96, 85, 377, 0, 0, 26.70%, 0, 0, 5, 297.18, 3934456, 558, 0, 0
15887, 96, 127, 377, 0, 0, 26.70%, 0, 0, 5, 244.76, 3935528, 558, 0, 0
15892, 96, 15, 377, 0, 0, 26.70%, 0, 0, 5, 297.36, 3936606, 558, 0, 0
15897, 96, 328, 377, 0, 0, 26.70%, 0, 0, 5, 296.44, 3938141, 558, 0, 0
15902, 96, 238, 377, 0, 0, 26.70%, 0, 0, 5, 295.62, 3939221, 558, 0, 0
15907, 96, 176, 377, 0, 0, 26.70%, 0, 0, 5, 292.38, 3940311, 558, 0, 0
15912, 96, 192, 377, 0, 0, 26.70%, 0, 0, 5, 31.25, 3941756, 558, 0, 0
15917, 96, 53, 377, 0, 0, 26.70%, 0, 0, 5, 293.99, 3943001, 558, 0, 0
15923, 96, 162, 377, 0, 0, 26.70%, 0, 0, 5, 293.99, 3944081, 558, 0, 0
15928, 96, 313, 377, 0, 0, 26.70%, 0, 0, 5, 31.56, 3945191, 558, 0, 0
15933, 96, 179, 377, 0, 0, 26.70%, 0, 0, 5, 293.22, 3946691, 558, 0, 0
15938, 96, 5, 377, 0, 0, 26.70%, 0, 0, 5, 293.59, 3947811, 558, 0, 0
15943, 96, 133, 377, 0, 0, 26.70%, 0, 0, 5, 291.04, 3948896, 558, 0, 0
15948, 96, 82, 377, 0, 0, 26.70%, 0, 0, 5, 285.60, 3950336, 558, 0, 0
15953, 96, 50, 377, 0, 0, 26.70%, 0, 0, 5, 296.37, 3951476, 558, 0, 0
15958, 97, 126, 377, 0, 0, 26.70%, 0, 0, 5, 298.67, 3952591, 558, 0, 0
15964, 97, 192, 377, 0, 0, 26.70%, 0, 0, 5, 29.70, 3953798, 558, 0, 0
15969, 97, 173, 377, 0, 0, 26.70%, 0, 0, 5, 294.26, 3955221, 558, 0, 0
15974, 97, 50, 377, 0, 0, 26.70%, 0, 0, 5, 293.71, 3956331, 558, 0, 0
15979, 97, 176, 377, 0, 0, 26.70%, 0, 0, 5, 288.00, 3957445, 558, 0, 0
15984, 97, 192, 377, 0, 0, 26.70%, 0, 0, 5, 286.00, 3958891, 558, 0, 0
15989, 97, 359, 377, 0, 0, 26.70%, 0, 0, 5, 297.96, 3960031, 558, 0, 0
15994, 97, 91, 377, 0, 0, 26.70%, 0, 0, 5, 300.36, 3961124, 558, 0, 0
16000, 97, 225, 377, 0, 0, 26.70%, 0, 0, 5, 31.46, 3962395, 558, 0, 0
16005, 97, 179, 377, 0, 0, 26.70%, 0, 0, 5, 267.08, 3963811, 558, 0, 0
16010, 97, 173, 377, 0, 0, 26.70%, 0, 0, 5, 302.00, 3964906, 558, 0, 0
16015, 97, 59, 377, 0, 0, 26.70%, 0, 0, 5, 171.63, 3965982, 558, 0, 0
16020, 97, 147, 377, 0, 0, 26.70%, 0, 0, 5, 269.52, 3967496, 558, 0, 0
16025, 97, 49, 377, 0, 0, 26.70%, 0, 0, 5, 271.49, 3968611, 558, 0, 0
16030, 97, 329, 377, 0, 0, 26.70%, 0, 0, 5, 291.83, 3969716, 558, 0, 0
16035, 97, 200, 377, 0, 0, 26.70%, 0, 0, 5, 31.38, 3970990, 558, 0, 0
16041, 97, 179, 377, 0, 0, 26.70%, 0, 0, 5, 286.05, 3972346, 558, 0, 0
16046, 97, 229, 377, 0, 0, 26.70%, 0, 0, 5, 293.34, 3973426, 558, 0, 0
16051, 97, 342, 377, 0, 0, 26.70%, 0, 0, 5, 297.93, 3974561, 558, 0, 0
16056, 97, 85, 377, 0, 0, 26.70%, 0, 0, 5, 293.31, 3976056, 558, 0, 0
16061, 97, 157, 377, 0, 0, 26.70%, 0, 0, 5, 294.76, 3977126, 558, 0, 0
16066, 97, 157, 377, 0, 0, 26.70%, 0, 0, 5, 279.85, 3978231, 558, 0, 0
16071, 97, 49, 377, 0, 0, 26.70%, 0, 0, 5, 31.25, 3979601, 558, 0, 0
16076, 97, 329, 377, 0, 0, 26.70%, 0, 0, 5, 271.52, 3980861, 558, 0, 0
16082, 97, 176, 377, 0, 0, 26.70%, 0, 0, 5, 296.48, 3981966, 558, 0, 0
16087, 97, 84, 377, 0, 0, 26.70%, 0, 0, 5, 168.32, 3983080, 558, 0, 0
16092, 97, 50, 377, 0, 0, 26.70%, 0, 0, 5, 270.32, 3984596, 558, 0, 0
16097, 97, 157, 377, 0, 0, 26.70%, 0, 0, 5, 266.56, 3985661, 558, 0, 0
16102, 97, 172, 377, 0, 0, 26.70%, 0, 0, 5, 294.11, 3986751, 558, 0, 0
16107, 97, 305, 377, 0, 0, 26.70%, 0, 0, 5, 31.65, 3988166, 558, 0, 0
16112, 97, 172, 377, 0, 0, 26.70%, 0, 0, 5, 299.11, 3989391, 558, 0, 0
16118, 97, 344, 377, 0, 0, 26.70%, 0, 0, 5, 224.50, 3990488, 558, 0, 0
16123, 98, 44, 377, 0, 0, 26.70%, 0, 0, 5, 31.07, 3991765, 558, 0, 0
16128, 98, 215, 377, 0, 0, 26.70%, 0, 0, 5, 286.23, 3993116, 558, 0, 0
16133, 98, 328, 377, 0, 0, 26.70%, 0, 0, 5, 270.60, 3994216, 558, 0, 0
16138, 98, 225, 377, 0, 0, 26.70%, 0, 0, 5, 292.08, 3995317, 558, 0, 0
16143, 98, 173, 377, 0, 0, 26.70%, 0, 0, 5, 288.66, 3996786, 558, 0, 0
16148, 98, 351, 377, 0, 0, 26.70%, 0, 0, 5, 251.53, 3997888, 558, 0, 0
16154, 98, 313, 377, 0, 0, 26.70%, 0, 0, 5, 293.33, 3998976, 558, 0, 0
16159, 98, 342, 377, 0, 0, 26.70%, 0, 0, 5, 31.45, 4000446, 558, 0, 0
16164, 98, 359, 377, 0, 0, 26.70%, 0, 0, 5, 274.56, 4001606, 558, 0, 0
16169, 98, 305, 377, 0, 0, 26.70%, 0, 0, 5, 288.14, 4002681, 558, 0, 0
16174, 98, 154, 377, 0, 0, 26.70%, 0, 0, 5, 30.29, 4003945, 558, 0, 0
16179, 98, 92, 377, 0, 0, 26.70%, 0, 0, 5, 275.67, 4005321, 558, 0, 0
16184, 98, 359, 377, 0, 0, 26.70%, 0, 0, 5, 297.33, 4006391, 558, 0, 0
16189, 98, 188, 377, 0, 0, 26.70%, 0, 0, 5, 270.38, 4007446, 558, 0, 0
16194, 98, 50, 377, 0, 0, 26.70%, 0, 0, 5, 291.87, 4008966, 558, 0, 0
16199, 98, 192, 377, 0, 0, 26.70%, 0, 0, 5, 249.06, 4010028, 558, 0, 0
16204, 98, 173, 377, 0, 0, 26.70%, 0, 0, 5, 297.68, 4011091, 558, 0, 0
16210, 98, 313, 377, 0, 0, 26.70%, 0, 0, 5, 294.88, 4012595, 558, 0, 0
16215, 98, 159, 377, 0, 0, 26.70%, 0, 0, 5, 286.21, 4013656, 558, 0, 0
16220, 98, 159, 377, 0, 0, 26.70%, 0, 0, 5, 294.58, 4014721, 558, 0, 0
16225, 98, 159, 377, 0, 0, 26.70%, 0, 0, 5, 31.56, 4016002, 558, 0, 0
16230, 98, 320, 377, 0, 0, 26.70%, 0, 0, 5, 296.13, 4017301, 558, 0, 0
16235, 98, 328, 377, 0, 0, 26.70%, 0, 0, 5, 302.42, 4018432, 558, 0, 0
16240, 98, 192, 377, 0, 0, 26.70%, 0, 0, 5, 30.51, 4019549, 558, 0, 0
16245, 98, 173, 377, 0, 0, 26.70%, 0, 0, 5, 294.49, 4021026, 558, 0, 0
16250, 98, 50, 377, 0, 0, 26.70%, 0, 0, 5, 294.82, 4022101, 558, 0, 0
16255, 98, 230, 377, 0, 0, 26.70%, 0, 0, 5, 292.51, 4023171, 558, 0, 0
16260, 98, 217, 377, 0, 0, 26.70%, 0, 0, 5, 294.75, 4024681, 558, 0, 0
16266, 98, 360, 377, 0, 0, 26.70%, 0, 0, 5, 292.35, 4025781, 558, 0, 0
16271, 98, 336, 377, 0, 0, 26.70%, 0, 0, 5, 290.30, 4026851, 558, 0, 0
16276, 98, 225, 377, 0, 0, 26.70%, 0, 0, 5, 31.35, 4028221, 558, 0, 0
16281, 98, 259, 377, 0, 0, 26.70%, 0, 0, 5, 295.32, 4029466, 558, 0, 0
16286, 98, 368, 377, 0, 0, 26.70%, 0, 0, 5, 234.04, 4030546, 558, 0, 0
16291, 99, 179, 377, 0, 0, 26.70%, 0, 0, 5, 31.37, 4031669, 558, 0, 0
16296, 99, 195, 377, 0, 0, 26.70%, 0, 0, 5, 297.65, 4033151, 558, 0, 0
16301, 99, 359, 377, 0, 0, 26.70%, 0, 0, 5, 297.49, 4034231, 558, 0, 0
16306, 99, 329, 377, 0, 0, 26.70%, 0, 0, 5, 302.18, 4035311, 558, 0, 0
16312, 99, 225, 377, 0, 0, 26.70%, 0, 0, 5, 286.28, 4036786, 558, 0, 0
16317, 99, 349, 377, 0, 0, 26.70%, 0, 0, 5, 298.08, 4037856, 558, 0, 0
16322, 99, 159, 377, 0, 0, 26.70%, 0, 0, 5, 292.76, 4038970, 558, 0, 0
16327, 99, 359, 377, 0, 0, 26.70%, 0, 0, 5, 30.30, 4040220, 558, 0, 0
16332, 99, 101, 377, 0, 0, 26.70%, 0, 0, 5, 297.19, 4041581, 558, 0, 0
16337, 99, 157, 377, 0, 0, 26.70%, 0, 0, 5, 236.44, 4042679, 558, 0, 0
16342, 99, 176, 377, 0, 0, 26.70%, 0, 0, 5, 188.56, 4043746, 558, 0, 0
16348, 99, 305, 377, 0, 0, 26.70%, 0, 0, 5, 258.00, 4045211, 558, 0, 0
16353, 99, 335, 377, 0, 0, 26.70%, 0, 0, 5, 294.08, 4046356, 558, 0, 0
16358, 99, 53, 377, 0, 0, 26.70%, 0, 0, 5, 291.89, 4047446, 558, 0, 0
16363, 99, 172, 377, 0, 0, 26.70%, 0, 0, 5, 31.41, 4048657, 558, 0, 0
16368, 99, 200, 377, 0, 0, 26.70%, 0, 0, 5, 285.37, 4050061, 558, 0, 0
16373, 99, 159, 377, 0, 0, 26.70%, 0, 0, 5, 292.04, 4051146, 558, 0, 0
16378, 99, 328, 377, 0, 0, 26.70%, 0, 0, 5, 278.62, 4052251, 558, 0, 0
16384, 99, 0, 377, 0, 0, 26.70%, 0, 0, 5, 278.54, 4053726, 558, 0, 0
16389, 99, 157, 377, 0, 0, 26.70%, 0, 0, 5, 292.44, 4054876, 558, 0, 0
16394, 99, 157, 377, 0, 0, 26.70%, 0, 0, 5, 298.04, 4055996, 558, 0, 0
16399, 99, 89, 377, 0, 0, 26.70%, 0, 0, 5, 30.96, 4057096, 558, 0, 0
16404, 99, 300, 377, 0, 0, 26.70%, 0, 0, 5, 294.38, 4058601, 558, 0, 0
16409, 99, 313, 377, 0, 0, 26.70%, 0, 0, 5, 258.03, 4059701, 558, 0, 0
16415, 99, 247, 377, 0, 0, 26.70%, 0, 0, 5, 292.97, 4060795, 558, 0, 0
16420, 99, 186, 377, 0, 0, 26.70%, 0, 0, 5, 31.36, 4062016, 558, 0, 0
16425, 99, 366, 377, 0, 0, 26.70%, 0, 0, 5, 260.56, 4063366, 558, 0, 0
16430, 99, 238, 377, 0, 0, 26.70%, 0, 0, 5, 298.51, 4064436, 558, 0, 0
16435, 99, 50, 377, 0, 0, 26.70%, 0, 0, 5, 170.00, 4065508, 558, 0, 0
16440, 99, 172, 377, 0, 0, 26.70%, 0, 0, 5, 269.88, 4067006, 558, 0, 0
16445, 99, 250, 377, 0, 0, 26.70%, 0, 0, 5, 292.94, 4068076, 558, 0, 0
16450, 99, 172, 377, 0, 0, 26.70%, 0, 0, 5, 249.27, 4069184, 558, 0, 0
16455, 100, 324, 377, 0, 0, 26.70%, 0, 0, 5, 31.69, 4070465, 558, 0, 0
16461, 100, 282, 377, 0, 0, 26.70%, 0, 0, 5, 296.16, 4071826, 558, 0, 0
16466, 100, 329, 377, 0, 0, 26.70%, 0, 0, 5, 284.05, 4072916, 558, 0, 0
16471, 100, 5, 377, 0, 0, 26.70%, 0, 0, 5, 266.83, 4074006, 558, 0, 0
16476, 100, 313, 377, 0, 0, 26.70%, 0, 0, 5, 271.05, 4075456, 558, 0, 0
16481, 100, 40, 377, 0, 0, 26.70%, 0, 0, 5, 295.97, 4076596, 558, 0, 0
16486, 100, 157, 377, 0, 0, 26.70%, 0, 0, 5, 226.36, 4077684, 558, 0, 0
16491, 100, 240, 377, 0, 0, 26.70%, 0, 0, 5, 31.52, 4078864, 558, 0, 0
16496, 100, 67, 377, 0, 0, 26.70%, 0, 0, 5, 293.17, 4080326, 558, 0, 0
16502, 100, 179, 377, 0, 0, 26.70%, 0, 0, 5, 266.72, 4081426, 558, 0, 0
16507, 100, 16, 377, 0, 0, 26.70%, 0, 0, 5, 250.39, 4082470, 558, 0, 0
16512, 100, 133, 377, 0, 0, 26.70%, 0, 0, 5, 30.58, 4083841, 558, 0, 0
16517, 100, 176, 377, 0, 0, 26.70%, 0, 0, 5, 299.79, 4085076, 558, 0, 0
16522, 100, 189, 377, 0, 0, 26.70%, 0, 0, 5, 294.99, 4086161, 558, 0, 0
16527, 100, 172, 377, 0, 0, 26.70%, 0, 0, 5, 30.90, 4087317, 558, 0, 0
16532, 100, 133, 377, 0, 0, 26.70%, 0, 0, 5, 292.03, 4088751, 558, 0, 0
16537, 100, 50, 377, 0, 0, 26.70%, 0, 0, 5, 271.00, 4089796, 558, 0, 0
16542, 100, 95, 377, 0, 0, 26.70%, 0, 0, 5, 199.87, 4090861, 558, 0, 0
16548, 100, 319, 377, 0, 0, 26.70%, 0, 0, 5, 31.52, 4092256, 558, 0, 0
16553, 100, 329, 377, 0, 0, 26.70%, 0, 0, 5, 277.06, 4093431, 558, 0, 0
16558, 100, 5, 377, 0, 0, 26.70%, 0, 0, 5, 297.56, 4094545, 558, 0, 0
16563, 100, 192, 377, 0, 0, 26.70%, 0, 0, 5, 31.36, 4095722, 558, 0, 0
16568, 100, 179, 377, 0, 0, 26.70%, 0, 0, 5, 291.08, 4097116, 558, 0, 0
16573, 100, 328, 377, 0, 0, 26.70%, 0, 0, 5, 259.43, 4098216, 558, 0, 0
16578, 100, 328, 377, 0, 0, 26.70%, 0, 0, 5, 288.78, 4099306, 558, 0, 0
16583, 100, 359, 377, 0, 0, 26.70%, 0, 0, 5, 278.03, 4100771, 558, 0, 0
16589, 100, 280, 377, 0, 0, 26.70%, 0, 0, 5, 291.15, 4101896, 558, 0, 0
16594, 100, 96, 377, 0, 0, 26.70%, 0, 0, 5, 223.48, 4102981, 558, 0, 0
16599, 100, 176, 377, 0, 0, 26.70%, 0, 0, 5, 31.10, 4104159, 558, 0, 0
16604, 100, 157, 377, 0, 0, 26.70%, 0, 0, 5, 283.31, 4105616, 558, 0, 0
16609, 100, 343, 377, 0, 0, 26.70%, 0, 0, 5, 279.06, 4106681, 558, 0, 0
16614, 100, 85, 377, 0, 0, 26.70%, 0, 0, 5, 296.73, 4107776, 558, 0, 0
16619, 100, 62, 377, 0, 0, 26.70%, 0, 0, 5, 31.55, 4109108, 558, 0, 0
16625, 101, 50, 377, 0, 0, 26.70%, 0, 0, 5, 292.64, 4110396, 558, 0, 0
16630, 101, 173, 377, 0, 0, 26.70%, 0, 0, 5, 297.16, 4111476, 558, 0, 0
16635, 101, 133, 377, 0, 0, 26.70%, 0, 0, 5, 36.84, 4112593, 558, 0, 0
16640, 101, 67, 377, 0, 0, 26.70%, 0, 0, 5, 299.88, 4114080, 558, 0, 0
16645, 101, 50, 377, 0, 0, 26.70%, 0, 0, 5, 264.29, 4115181, 558, 0, 0
16650, 101, 342, 377, 0, 0, 26.70%, 0, 0, 5, 288.85, 4116291, 558, 0, 0
16655, 101, 225, 377, 0, 0, 26.70%, 0, 0, 5, 30.77, 4117676, 558, 0, 0
16661, 101, 133, 377, 0, 0, 26.70%, 0, 0, 5, 290.56, 4118901, 558, 0, 0
16666, 101, 346, 377, 0, 0, 26.70%, 0, 0, 5, 288.12, 4119981, 558, 0, 0
16671, 101, 185, 377, 0, 0, 26.70%, 0, 0, 5, 32.99, 4121109, 558, 0, 0
16676, 101, 312, 377, 0, 0, 26.70%, 0, 0, 5, 297.14, 4122631, 558, 0, 0
16681, 101, 179, 377, 0, 0, 26.70%, 0, 0, 5, 294.92, 4123751, 558, 0, 0
16686, 101, 345, 377, 0, 0, 26.70%, 0, 0, 5, 297.69, 4124856, 558, 0, 0
16692, 101, 145, 377, 0, 0, 26.70%, 0, 0, 5, 31.00, 4126188, 558, 0, 0
16697, 101, 225, 377, 0, 0, 26.70%, 0, 0, 5, 292.26, 4127476, 558, 0, 0
16702, 101, 179, 377, 0, 0, 26.70%, 0, 0, 5, 286.27, 4128581, 558, 0, 0
16707, 101, 51, 377, 0, 0, 26.70%, 0, 0, 5, 295.57, 4129646, 558, 0, 0
16712, 101, 50, 377, 0, 0, 26.70%, 0, 0, 5, 295.01, 4131151, 558, 0, 0
16717, 101, 159, 377, 0, 0, 26.70%, 0, 0, 5, 275.53, 4132211, 558, 0, 0
16722, 101, 289, 377, 0, 0, 26.70%, 0, 0, 5, 299.47, 4133306, 558, 0, 0
16727, 101, 351, 377, 0, 0, 26.70%, 0, 0, 5, 31.15, 4134651, 558, 0, 0
16732, 101, 351, 377, 0, 0, 26.70%, 0, 0, 5, 290.34, 4135831, 558, 0, 0
16738, 101, 328, 377, 0, 0, 26.70%, 0, 0, 5, 284.27, 4136946, 558, 0, 0
16743, 101, 199, 377, 0, 0, 26.70%, 0, 0, 5, 31.16, 4138124, 558, 0, 0
16748, 101, 59, 377, 0, 0, 26.70%, 0, 0, 5, 265.01, 4139566, 558, 0, 0
16753, 101, 359, 377, 0, 0, 26.70%, 0, 0, 5, 294.55, 4140636, 558, 0, 0
16758, 101, 214, 377, 0, 0, 26.70%, 0, 0, 5, 303.04, 4141724, 558, 0, 0
16763, 101, 176, 377, 0, 0, 26.70%, 0, 0, 5, 290.23, 4143216, 558, 0, 0
16768, 101, 104, 377, 0, 0, 26.70%, 0, 0, 5, 259.09, 4144326, 558, 0, 0
16773, 101, 305, 377, 0, 0, 26.70%, 0, 0, 5, 293.50, 4145421, 558, 0, 0
16778, 101, 351, 377, 0, 0, 26.70%, 0, 0, 5, 31.41, 4146574, 558, 0, 0
16784, 101, 83, 377, 0, 0, 26.70%, 0, 0, 5, 296.21, 4148046, 558, 0, 0
16789, 101, 126, 377, 0, 0, 26.70%, 0, 0, 5, 297.34, 4149121, 558, 0, 0
16794, 102, 179, 377, 0, 0, 26.70%, 0, 0, 5, 295.66, 4150191, 558, 0, 0
16799, 102, 40, 377, 0, 0, 26.70%, 0, 0, 5, 31.35, 4151561, 558, 0, 0
16804, 102, 126, 377, 0, 0, 26.70%, 0, 0, 5, 281.60, 4152736, 558, 0, 0
16809, 102, 293, 377, 0, 0, 26.70%, 0, 0, 5, 298.47, 4153820, 558, 0, 0
16814, 102, 329, 377, 0, 0, 26.70%, 0, 0, 5, 32.19, 4154951, 558, 0, 0
16819, 102, 63, 377, 0, 0, 26.70%, 0, 0, 5, 292.30, 4156401, 558, 0, 0
16824, 102, 192, 377, 0, 0, 26.70%, 0, 0, 5, 279.29, 4157495, 558, 0, 0
16829, 102, 192, 377, 0, 0, 26.70%, 0, 0, 5, 301.68, 4158601, 558, 0, 0
16835, 102, 179, 377, 0, 0, 26.70%, 0, 0, 5, 31.55, 4159991, 558, 0, 0
16840, 102, 128, 377, 0, 0, 26.70%, 0, 0, 5, 293.40, 4161241, 558, 0, 0
16845, 102, 53, 377, 0, 0, 26.70%, 0, 0, 5, 294.44, 4162356, 558, 0, 0
16850, 102, 214, 377, 0, 0, 26.70%, 0, 0, 5, 294.10, 4163431, 558, 0, 0
16855, 102, 53, 377, 0, 0, 26.70%, 0, 0, 5, 31.69, 4164845, 558, 0, 0
16860, 102, 184, 377, 0, 0, 26.70%, 0, 0, 5, 297.97, 4165991, 558, 0, 0
16865, 102, 179, 377, 0, 0, 26.70%, 0, 0, 5, 295.82, 4167066, 558, 0, 0
16870, 102, 122, 377, 0, 0, 26.70%, 0, 0, 5, 46.59, 4168239, 558, 0, 0
16876, 102, 179, 377, 0, 0, 26.70%, 0, 0, 5, 294.53, 4169651, 558, 0, 0
16881, 102, 351, 377, 0, 0, 26.70%, 0, 0, 5, 296.24, 4170716, 558, 0, 0
16886, 102, 176, 377, 0, 0, 26.70%, 0, 0, 5, 257.75, 4171786, 558, 0, 0
16891, 102, 313, 377, 0, 0, 26.70%, 0, 0, 5, 30.40, 4173191, 558, 0, 0
16896, 102, 53, 377, 0, 0, 26.70%, 0, 0, 5, 261.05, 4174366, 558, 0, 0
16901, 102, 305, 377, 0, 0, 26.70%, 0, 0, 5, 253.28, 4175436, 558, 0, 0
16906, 102, 133, 377, 0, 0, 26.70%, 0, 0, 5, 42.72, 4176493, 558, 0, 0
16911, 102, 248, 377, 0, 0, 26.70%, 0, 0, 5, 283.40, 4178016, 558, 0, 0
16917, 102, 328, 377, 0, 0, 26.70%, 0, 0, 5, 291.22, 4179101, 558, 0, 0
16922, 102, 359, 377, 0, 0, 26.70%, 0, 0, 5, 286.90, 4180181, 558, 0, 0
16927, 102, 7, 377, 0, 0, 26.70%, 0, 0, 5, 31.43, 4181508, 558, 0, 0
16932, 102, 85, 377, 0, 0, 26.70%, 0, 0, 5, 296.21, 4182771, 558, 0, 0
16937, 102, 359, 377, 0, 0, 26.70%, 0, 0, 5, 290.72, 4183876, 558, 0, 0
16942, 102, 53, 377, 0, 0, 26.70%, 0, 0, 5, 304.63, 4184938, 558, 0, 0
16947, 102, 176, 377, 0, 0, 26.70%, 0, 0, 5, 278.73, 4186416, 558, 0, 0
16953, 102, 103, 377, 0, 0, 26.70%, 0, 0, 5, 296.89, 4187581, 558, 0, 0
16958, 103, 159, 377, 0, 0, 26.70%, 0, 0, 5, 293.09, 4188636, 558, 0, 0
16963, 103, 313, 377, 0, 0, 26.70%, 0, 0, 5, 31.28, 4189769, 558, 0, 0
16968, 103, 313, 377, 0, 0, 26.70%, 0, 0, 5, 293.32, 4191211, 558, 0, 0
16973, 103, 329, 377, 0, 0, 26.70%, 0, 0, 5, 293.28, 4192306, 558, 0, 0
16978, 103, 305, 377, 0, 0, 26.70%, 0, 0, 5, 292.37, 4193416, 558, 0, 0
16983, 103, 85, 377, 0, 0, 26.70%, 0, 0, 5, 31.34, 4194693, 558, 0, 0
16988, 103, 176, 377, 0, 0, 26.70%, 0, 0, 5, 295.81, 4195961, 558, 0, 0
16993, 103, 341, 377, 0, 0, 26.70%, 0, 0, 5, 293.14, 4197026, 558, 0, 0
16999, 103, 176, 377, 0, 0, 26.70%, 0, 0, 5, 30.30, 4198101, 558, 0, 0
17004, 103, 360, 377, 0, 0, 26.70%, 0, 0, 5, 295.16, 4199636, 558, 0, 0
17009, 103, 76, 377, 0, 0, 26.70%, 0, 0, 5, 283.22, 4200696, 558, 0, 0
17014, 103, 192, 377, 0, 0, 26.70%, 0, 0, 5, 284.09, 4201776, 558, 0, 0
17019, 103, 2, 377, 0, 0, 26.70%, 0, 0, 5, 31.10, 4203113, 558, 0, 0
17024, 103, 280, 377, 0, 0, 26.70%, 0, 0, 5, 258.64, 4204426, 558, 0, 0
17030, 103, 14, 377, 0, 0, 26.70%, 0, 0, 5, 282.34, 4205511, 558, 0, 0
17035, 103, 126, 377, 0, 0, 26.70%, 0, 0, 5, 285.85, 4206606, 558, 0, 0
17040, 103, 209, 377, 0, 0, 26.70%, 0, 0, 5, 293.01, 4208116, 558, 0, 0
17045, 103, 359, 377, 0, 0, 26.70%, 0, 0, 5, 293.96, 4209186, 558, 0, 0
17050, 103, 176, 377, 0, 0, 26.70%, 0, 0, 5, 228.39, 4210289, 558, 0, 0
17055, 103, 215, 377, 0, 0, 26.70%, 0, 0, 5, 30.43, 4211459, 558, 0, 0
17060, 103, 295, 377, 0, 0, 26.70%, 0, 0, 5, 282.61, 4212911, 558, 0, 0
17066, 103, 215, 377, 0, 0, 26.70%, 0, 0, 5, 299.34, 4214025, 558, 0, 0
17071, 103, 328, 377, 0, 0, 26.70%, 0, 0, 5, 298.38, 4215141, 558, 0, 0
17076, 103, 215, 377, 0, 0, 26.70%, 0, 0, 5, 30.40, 4216526, 558, 0, 0
17081, 103, 53, 377, 0, 0, 26.70%, 0, 0, 5, 292.71, 4217706, 558, 0, 0
17086, 103, 126, 377, 0, 0, 26.70%, 0, 0, 5, 288.81, 4218781, 558, 0, 0
17091, 103, 85, 377, 0, 0, 26.70%, 0, 0, 5, 31.32, 4219861, 558, 0, 0
17096, 103, 13, 377, 0, 0, 26.70%, 0, 0, 5, 297.57, 4221391, 558, 0, 0
17101, 103, 313, 377, 0, 0, 26.70%, 0, 0, 5, 294.81, 4222501, 558, 0, 0
17107, 103, 173, 377, 0, 0, 26.70%, 0, 0, 5, 297.93, 4223626, 558, 0, 0
17112, 103, 353, 377, 0, 0, 26.70%, 0, 0, 5, 44.17, 4224821, 558, 0, 0
17117, 103, 225, 377, 0, 0, 26.70%, 0, 0, 5, 285.56, 4226271, 558, 0, 0
17122, 103, 77, 377, 0, 0, 26.70%, 0, 0, 5, 292.09, 4227366, 558, 0, 0
17127, 104, 116, 377, 0, 0, 26.70%, 0, 0, 5, 298.68, 4228456, 558, 0, 0
17132, 104, 172, 377, 0, 0, 26.70%, 0, 0, 5, 31.64, 4229793, 558, 0, 0
17137, 104, 179, 377, 0, 0, 26.70%, 0, 0, 5, 266.11, 4231056, 558, 0, 0
17143, 104, 159, 377, 0, 0, 26.70%, 0, 0, 5, 296.27, 4232151, 558, 0, 0
17148, 104, 305, 377, 0, 0, 26.70%, 0, 0, 5, 189.05, 4233254, 558, 0, 0
17153, 104, 35, 377, 0, 0, 26.70%, 0, 0, 5, 269.83, 4234741, 558, 0, 0
17158, 104, 328, 377, 0, 0, 26.70%, 0, 0, 5, 294.95, 4235836, 558, 0, 0
17163, 104, 53, 377, 0, 0, 26.70%, 0, 0, 5, 293.68, 4236946, 558, 0, 0
17168, 104, 313, 377, 0, 0, 26.70%, 0, 0, 5, 30.78, 4238123, 558, 0, 0
17174, 104, 192, 377, 0, 0, 26.70%, 0, 0, 5, 295.11, 4239586, 558, 0, 0
17179, 104, 225, 377, 0, 0, 26.70%, 0, 0, 5, 285.43, 4240695, 558, 0, 0
17184, 104, 69, 377, 0, 0, 26.70%, 0, 0, 5, 255.90, 4241746, 558, 0, 0
17189, 104, 180, 377, 0, 0, 26.70%, 0, 0, 5, 31.26, 4243098, 558, 0, 0
17194, 104, 159, 377, 0, 0, 26.70%, 0, 0, 5, 286.37, 4244381, 558, 0, 0
17199, 104, 85, 377, 0, 0, 26.70%, 0, 0, 5, 293.08, 4245451, 558, 0, 0
17204, 104, 126, 377, 0, 0, 26.70%, 0, 0, 5, 36.89, 4246555, 558, 0, 0
17209, 104, 238, 377, 0, 0, 26.70%, 0, 0, 5, 291.85, 4248061, 558, 0, 0
17215, 104, 372, 377, 0, 0, 26.70%, 0, 0, 5, 254.87, 4249136, 558, 0, 0
17220, 104, 199, 377, 0, 0, 26.70%, 0, 0, 5, 291.64, 4250221, 558, 0, 0
17225, 104, 305, 377, 0, 0, 26.70%, 0, 0, 5, 31.26, 4251528, 558, 0, 0
17230, 104, 133, 377, 0, 0, 26.70%, 0, 0, 5, 294.80, 4252851, 558, 0, 0
17235, 104, 238, 377, 0, 0, 26.70%, 0, 0, 5, 247.78, 4253966, 558, 0, 0
17240, 104, 192, 377, 0, 0, 26.70%, 0, 0, 5, 292.71, 4255031, 558, 0, 0
17245, 104, 126, 377, 0, 0, 26.70%, 0, 0, 5, 286.16, 4256481, 558, 0, 0
17251, 104, 32, 377, 0, 0, 26.70%, 0, 0, 5, 296.94, 4257626, 558, 0, 0
17256, 104, 192, 377, 0, 0, 26.70%, 0, 0, 5, 248.56, 4258698, 558, 0, 0
17261, 104, 85, 377, 0, 0, 26.70%, 0, 0, 5, 32.68, 4259796, 558, 0, 0
17266, 104, 261, 377, 0, 0, 26.70%, 0, 0, 5, 296.71, 4261281, 558, 0, 0
17271, 104, 238, 377, 0, 0, 26.70%, 0, 0, 5, 290.82, 4262366, 558, 0, 0
17276, 104, 238, 377, 0, 0, 26.70%, 0, 0, 5, 205.76, 4263427, 558, 0, 0
17281, 104, 328, 377, 0, 0, 26.70%, 0, 0, 5, 31.34, 4264665, 558, 0, 0
17286, 104, 322, 377, 0, 0, 26.70%, 0, 0, 5, 292.98, 4266016, 558, 0, 0
17291, 104, 359, 377, 0, 0, 26.70%, 0, 0, 5, 285.01, 4267106, 558, 0, 0
17297, 105, 313, 377, 0, 0, 26.70%, 0, 0, 5, 215.29, 4268192, 558, 0, 0
17302, 105, 159, 377, 0, 0, 26.70%, 0, 0, 5, 263.09, 4269636, 558, 0, 0
17307, 105, 329, 377, 0, 0, 26.70%, 0, 0, 5, 297.78, 4270791, 558, 0, 0
17312, 105, 173, 377, 0, 0, 26.70%, 0, 0, 5, 301.42, 4271856, 558, 0, 0
17317, 105, 179, 377, 0, 0, 26.70%, 0, 0, 5, 31.33, 4272915, 558, 0, 0
17322, 105, 143, 377, 0, 0, 26.70%, 0, 0, 5, 290.99, 4274416, 558, 0, 0
17327, 105, 172, 377, 0, 0, 26.70%, 0, 0, 5, 293.18, 4275491, 558, 0, 0
17332, 105, 225, 377, 0, 0, 26.70%, 0, 0, 5, 291.20, 4276601, 558, 0, 0
17337, 105, 172, 377, 0, 0, 26.70%, 0, 0, 5, 31.37, 4277679, 558, 0, 0
17342, 105, 208, 377, 0, 0, 26.70%, 0, 0, 5, 268.72, 4279166, 558, 0, 0
17348, 105, 219, 377, 0, 0, 26.70%, 0, 0, 5, 293.16, 4280276, 558, 0, 0
17353, 105, 185, 377, 0, 0, 26.70%, 0, 0, 5, 292.56, 4281386, 558, 0, 0
17358, 105, 38, 377, 0, 0, 26.70%, 0, 0, 5, 31.22, 4282698, 558, 0, 0
17363, 105, 329, 377, 0, 0, 26.70%, 0, 0, 5, 294.30, 4283991, 558, 0, 0
17368, 105, 351, 377, 0, 0, 26.70%, 0, 0, 5, 295.33, 4285081, 558, 0, 0
17373, 105, 85, 377, 0, 0, 26.70%, 0, 0, 5, 198.85, 4286170, 558, 0, 0
17378, 105, 104, 377, 0, 0, 26.70%, 0, 0, 5, 31.26, 4287382, 558, 0, 0
17383, 105, 53, 377, 0, 0, 26.70%, 0, 0, 5, 293.68, 4288741, 558, 0, 0
17388, 105, 359, 377, 0, 0, 26.70%, 0, 0, 5, 300.46, 4289831, 558, 0, 0
17394, 105, 305, 377, 0, 0, 26.70%, 0, 0, 5, 285.26, 4290901, 558, 0, 0
17399, 105, 329, 377, 0, 0, 26.70%, 0, 0, 5, 31.55, 4292296, 558, 0, 0
17404, 105, 248, 377, 0, 0, 26.70%, 0, 0, 5, 295.56, 4293546, 558, 0, 0
17409, 105, 238, 377, 0, 0, 26.70%, 0, 0, 5, 238.38, 4294663, 558, 0, 0
17414, 105, 159, 377, 0, 0, 26.70%, 0, 0, 5, 299.13, 4295776, 558, 0, 0
17419, 105, 147, 377, 0, 0, 26.70%, 0, 0, 5, 31.35, 4297166, 558, 0, 0
17425, 105, 166, 377, 0, 0, 26.70%, 0, 0, 5, 269.85, 4298321, 558, 0, 0
17430, 105, 238, 377, 0, 0, 26.70%, 0, 0, 5, 294.59, 4299426, 558, 0, 0
17435, 105, 277, 377, 0, 0, 26.70%, 0, 0, 5, 195.96, 4300536, 558, 0, 0
17440, 105, 176, 377, 0, 0, 26.70%, 0, 0, 5, 264.26, 4302026, 558, 0, 0
17445, 105, 5, 377, 0, 0, 26.70%, 0, 0, 5, 294.17, 4303171, 558, 0, 0
17450, 105, 359, 377, 0, 0, 26.70%, 0, 0, 5, 302.64, 4304306, 558, 0, 0
17455, 105, 157, 377, 0, 0, 26.70%, 0, 0, 5, 168.32, 4305355, 558, 0, 0
17460, 105, 9, 377, 0, 0, 26.70%, 0, 0, 5, 268.77, 4306856, 558, 0, 0
17466, 106, 305, 377, 0, 0, 26.70%, 0, 0, 5, 290.50, 4307941, 558, 0, 0
17471, 106, 359, 377, 0, 0, 26.70%, 0, 0, 5, 263.14, 4309011, 558, 0, 0
17476, 106, 372, 377, 0, 0, 26.70%, 0, 0, 5, 31.45, 4310278, 558, 0, 0
17481, 106, 50, 377, 0, 0, 26.70%, 0, 0, 5, 294.25, 4311596, 558, 0, 0
17486, 106, 155, 377, 0, 0, 26.70%, 0, 0, 5, 292.55, 4312686, 558, 0, 0
17491, 106, 50, 377, 0, 0, 26.70%, 0, 0, 5, 303.87, 4313800, 558, 0, 0
17496, 106, 245, 377, 0, 0, 26.70%, 0, 0, 5, 31.45, 4315211, 558, 0, 0
17501, 106, 305, 377, 0, 0, 26.70%, 0, 0, 5, 245.39, 4316337, 558, 0, 0
17507, 106, 368, 377, 0, 0, 26.70%, 0, 0, 5, 288.23, 4317396, 558, 0, 0
17512, 106, 25, 377, 0, 0, 26.70%, 0, 0, 5, 31.39, 4318474, 558, 0, 0
17517, 106, 255, 377, 0, 0, 26.70%, 0, 0, 5, 295.82, 4319956, 558, 0, 0
17522, 106, 5, 377, 0, 0, 26.70%, 0, 0, 5, 267.41, 4320961, 558, 0, 0
17527, 106, 313, 377, 0, 0, 26.70%, 0, 0, 5, 294.33, 4322020, 558, 0, 0
17532, 106, 328, 377, 0, 0, 26.70%, 0, 0, 5, 31.47, 4323420, 558, 0, 0
17537, 106, 313, 377, 0, 0, 26.70%, 0, 0, 5, 268.26, 4324591, 558, 0, 0
17542, 106, 179, 377, 0, 0, 26.70%, 0, 0, 5, 261.47, 4325651, 558, 0, 0
17547, 106, 238, 377, 0, 0, 26.70%, 0, 0, 5, 31.30, 4326769, 558, 0, 0
17552, 106, 157, 377, 0, 0, 26.70%, 0, 0, 5, 269.34, 4328251, 558, 0, 0
17557, 106, 53, 377, 0, 0, 26.70%, 0, 0, 5, 298.44, 4329366, 558, 0, 0
17562, 106, 360, 377, 0, 0, 26.70%, 0, 0, 5, 218.26, 4330460, 558, 0, 0
17567, 106, 5, 377, 0, 0, 26.70%, 0, 0, 5, 31.47, 4331753, 558, 0, 0
17573, 106, 5, 377, 0, 0, 26.70%, 0, 0, 5, 275.10, 4333026, 558, 0, 0
17578, 106, 50, 377, 0, 0, 26.70%, 0, 0, 5, 297.97, 4334101, 558, 0, 0
17583, 106, 199, 377, 0, 0, 26.70%, 0, 0, 5, 277.23, 4335167, 558, 0, 0
17588, 106, 68, 377, 0, 0, 26.70%, 0, 0, 5, 283.27, 4336661, 558, 0, 0
17593, 106, 49, 377, 0, 0, 26.70%, 0, 0, 5, 284.01, 4337786, 558, 0, 0
17598, 106, 225, 377, 0, 0, 26.70%, 0, 0, 5, 300.75, 4338862, 558, 0, 0
17603, 106, 53, 377, 0, 0, 26.70%, 0, 0, 5, 31.44, 4339966, 558, 0, 0
17609, 106, 133, 377, 0, 0, 26.70%, 0, 0, 5, 279.64, 4341471, 558, 0, 0
17614, 106, 263, 377, 0, 0, 26.70%, 0, 0, 5, 297.61, 4342576, 558, 0, 0
17619, 106, 159, 377, 0, 0, 26.70%, 0, 0, 5, 290.97, 4343656, 558, 0, 0
17624, 106, 305, 377, 0, 0, 26.70%, 0, 0, 5, 31.51, 4344935, 558, 0, 0
17629, 106, 71, 377, 0, 0, 26.70%, 0, 0, 5, 286.28, 4346276, 558, 0, 0
17634, 107, 305, 377, 0, 0, 26.70%, 0, 0, 5, 290.60, 4347341, 558, 0, 0
17639, 107, 192, 377, 0, 0, 26.70%, 0, 0, 5, 269.83, 4348406, 558, 0, 0
17644, 107, 328, 377, 0, 0, 26.70%, 0, 0, 5, 32.61, 4349700, 558, 0, 0
17650, 107, 126, 377, 0, 0, 26.70%, 0, 0, 5, 296.54, 4351006, 558, 0, 0
17655, 107, 225, 377, 0, 0, 26.70%, 0, 0, 5, 252.48, 4352113, 558, 0, 0
17660, 107, 313, 377, 0, 0, 26.70%, 0, 0, 5, 265.48, 4353181, 558, 0, 0
17665, 107, 337, 377, 0, 0, 26.70%, 0, 0, 5, 288.90, 4354686, 558, 0, 0
17670, 107, 248, 377, 0, 0, 26.70%, 0, 0, 5, 263.56, 4355771, 558, 0, 0
17675, 107, 126, 377, 0, 0, 26.70%, 0, 0, 5, 291.29, 4356866, 558, 0, 0
17680, 107, 225, 377, 0, 0, 26.70%, 0, 0, 5, 44.31, 4358109, 558, 0, 0
17685, 107, 305, 377, 0, 0, 26.70%, 0, 0, 5, 290.24, 4359456, 558, 0, 0
17690, 107, 179, 377, 0, 0, 26.70%, 0, 0, 5, 293.61, 4360516, 558, 0, 0
17695, 107, 238, 377, 0, 0, 26.70%, 0, 0, 5, 283.99, 4361571, 558, 0, 0
17701, 107, 172, 377, 0, 0, 26.70%, 0, 0, 5, 31.15, 4362986, 558, 0, 0
17706, 107, 238, 377, 0, 0, 26.70%, 0, 0, 5, 283.98, 4364181, 558, 0, 0
17711, 107, 53, 377, 0, 0, 26.70%, 0, 0, 5, 292.99, 4365246, 558, 0, 0
17716, 107, 239, 377, 0, 0, 26.70%, 0, 0, 5, 31.51, 4366296, 558, 0, 0
17721, 107, 35, 377, 0, 0, 26.70%, 0, 0, 5, 297.08, 4367816, 558, 0, 0
17726, 107, 172, 377, 0, 0, 26.70%, 0, 0, 5, 288.90, 4368916, 558, 0, 0
17731, 107, 173, 377, 0, 0, 26.70%, 0, 0, 5, 287.92, 4369991, 558, 0, 0
17736, 107, 313, 377, 0, 0, 26.70%, 0, 0, 5, 34.53, 4371300, 558, 0, 0
17741, 107, 176, 377, 0, 0, 26.70%, 0, 0, 5, 296.06, 4372596, 558, 0, 0
17746, 107, 201, 377, 0, 0, 26.70%, 0, 0, 5, 280.70, 4373636, 558, 0, 0
17751, 107, 8, 377, 0, 0, 26.70%, 0, 0, 5, 300.00, 4374729, 558, 0, 0
17757, 107, 126, 377, 0, 0, 26.70%, 0, 0, 5, 282.93, 4376201, 558, 0, 0
17762, 107, 50, 377, 0, 0, 26.70%, 0, 0, 5, 298.85, 4377366, 558, 0, 0
17767, 107, 192, 377, 0, 0, 26.70%, 0, 0, 5, 255.09, 4378466, 558, 0, 0
17772, 107, 360, 377, 0, 0, 26.70%, 0, 0, 5, 37.16, 4379586, 558, 0, 0
17777, 107, 279, 377, 0, 0, 26.70%, 0, 0, 5, 297.30, 4381106, 558, 0, 0
17782, 107, 27, 377, 0, 0, 26.70%, 0, 0, 5, 294.48, 4382216, 558, 0, 0
17788, 107, 305, 377, 0, 0, 26.70%, 0, 0, 5, 248.06, 4383310, 558, 0, 0
17793, 107, 215, 377, 0, 0, 26.70%, 0, 0, 5, 31.13, 4384527, 558, 0, 0
17798, 107, 133, 377, 0, 0, 26.70%, 0, 0, 5, 284.83, 4385796, 558, 0, 0
17803, 108, 14, 377, 0, 0, 26.70%, 0, 0, 5, 292.44, 4386841, 558, 0, 0
17808, 108, 173, 377, 0, 0, 26.70%, 0, 0, 5, 32.92, 4387948, 558, 0, 0
17813, 108, 205, 377, 0, 0, 26.70%, 0, 0, 5, 296.52, 4389471, 558, 0, 0
17818, 108, 157, 377, 0, 0, 26.70%, 0, 0, 5, 242.62, 4390556, 558, 0, 0
17823, 108, 319, 377, 0, 0, 26.70%, 0, 0, 5, 294.77, 4391606, 558, 0, 0
17829, 108, 353, 377, 0, 0, 26.70%, 0, 0, 5, 31.41, 4392816, 558, 0, 0
17834, 108, 6, 377, 0, 0, 26.70%, 0, 0, 5, 293.87, 4394221, 558, 0, 0
17839, 108, 355, 377, 0, 0, 26.70%, 0, 0, 5, 297.66, 4395316, 558, 0, 0
17844, 108, 108, 377, 0, 0, 26.70%, 0, 0, 5, 296.60, 4396426, 558, 0, 0
17849, 108, 157, 377, 0, 0, 26.70%, 0, 0, 5, 31.26, 4397652, 558, 0, 0
17854, 108, 339, 377, 0, 0, 26.70%, 0, 0, 5, 271.43, 4399046, 558, 0, 0
17859, 108, 342, 377, 0, 0, 26.70%, 0, 0, 5, 297.51, 4400146, 558, 0, 0
17865, 108, 172, 377, 0, 0, 26.70%, 0, 0, 5, 242.84, 4401260, 558, 0, 0
17870, 108, 39, 377, 0, 0, 26.70%, 0, 0, 5, 31.62, 4402502, 558, 0, 0
17875, 108, 50, 377, 0, 0, 26.70%, 0, 0, 5, 283.05, 4403896, 558, 0, 0
17880, 108, 329, 377, 0, 0, 26.70%, 0, 0, 5, 295.16, 4405011, 558, 0, 0
17885, 108, 50, 377, 0, 0, 26.70%, 0, 0, 5, 298.18, 4406076, 558, 0, 0
17890, 108, 173, 377, 0, 0, 26.70%, 0, 0, 5, 30.71, 4407343, 558, 0, 0
17895, 108, 359, 377, 0, 0, 26.70%, 0, 0, 5, 296.42, 4408656, 558, 0, 0
17901, 108, 188, 377, 0, 0, 26.70%, 0, 0, 5, 231.28, 4409755, 558, 0, 0
17906, 108, 157, 377, 0, 0, 26.70%, 0, 0, 5, 289.75, 4410876, 558, 0, 0
17911, 108, 313, 377, 0, 0, 26.70%, 0, 0, 5, 31.09, 4412184, 558, 0, 0
17916, 108, 342, 377, 0, 0, 26.70%, 0, 0, 5, 291.49, 4413441, 558, 0, 0
17921, 108, 159, 377, 0, 0, 26.70%, 0, 0, 5, 267.68, 4414491, 558, 0, 0
17926, 108, 324, 377, 0, 0, 26.70%, 0, 0, 5, 295.31, 4415601, 558, 0, 0
17931, 108, 328, 377, 0, 0, 26.70%, 0, 0, 5, 284.29, 4417036, 558, 0, 0
17936, 108, 351, 377, 0, 0, 26.70%, 0, 0, 5, 291.95, 4418170, 558, 0, 0
17941, 108, 359, 377, 0, 0, 26.70%, 0, 0, 5, 294.97, 4419211, 558, 0, 0
17946, 108, 349, 377, 0, 0, 26.70%, 0, 0, 5, 31.31, 4420377, 558, 0, 0
17951, 108, 53, 377, 0, 0, 26.70%, 0, 0, 5, 297.96, 4421811, 558, 0, 0
17956, 108, 313, 377, 0, 0, 26.70%, 0, 0, 5, 254.08, 4422901, 558, 0, 0
17962, 108, 238, 377, 0, 0, 26.70%, 0, 0, 5, 300.76, 4424025, 558, 0, 0
17967, 108, 192, 377, 0, 0, 26.70%, 0, 0, 5, 31.06, 4425268, 558, 0, 0
17972, 109, 217, 377, 0, 0, 26.70%, 0, 0, 5, 293.08, 4426581, 558, 0, 0
17977, 109, 322, 377, 0, 0, 26.70%, 0, 0, 5, 255.28, 4427701, 558, 0, 0
17982, 109, 172, 377, 0, 0, 26.70%, 0, 0, 5, 298.13, 4428770, 558, 0, 0
17987, 109, 5, 377, 0, 0, 26.70%, 0, 0, 5, 43.48, 4430176, 558, 0, 0
17992, 109, 238, 377, 0, 0, 26.70%, 0, 0, 5, 293.59, 4431321, 558, 0, 0
17998, 109, 328, 377, 0, 0, 26.70%, 0, 0, 5, 275.45, 4432431, 558, 0, 0
18003, 109, 213, 377, 0, 0, 26.70%, 0, 0, 5, 50.30, 4433586, 558, 0, 0
18008, 109, 192, 377, 0, 0, 26.70%, 0, 0, 5, 291.46, 4435051, 558, 0, 0
18013, 109, 328, 377, 0, 0, 26.70%, 0, 0, 5, 298.44, 4436121, 558, 0, 0
18018, 109, 53, 377, 0, 0, 26.70%, 0, 0, 5, 302.56, 4437195, 558, 0, 0
18023, 109, 176, 377, 0, 0, 26.70%, 0, 0, 5, 31.24, 4438480, 558, 0, 0
18028, 109, 313, 377, 0, 0, 26.70%, 0, 0, 5, 289.37, 4439791, 558, 0, 0
18033, 109, 159, 377, 0, 0, 26.70%, 0, 0, 5, 294.89, 4440876, 558, 0, 0
18038, 109, 82, 377, 0, 0, 26.70%, 0, 0, 5, 38.58, 4441944, 558, 0, 0
18043, 109, 359, 377, 0, 0, 26.70%, 0, 0, 5, 293.90, 4443446, 558, 0, 0
18048, 109, 277, 377, 0, 0, 26.70%, 0, 0, 5, 295.55, 4444536, 558, 0, 0
18054, 109, 172, 377, 0, 0, 26.70%, 0, 0, 5, 227.03, 4445643, 558, 0, 0
18059, 109, 126, 377, 0, 0, 26.70%, 0, 0, 5, 30.63, 4446872, 558, 0, 0
18064, 109, 228, 377, 0, 0, 26.70%, 0, 0, 5, 271.17, 4448246, 558, 0, 0
18069, 109, 359, 377, 0, 0, 26.70%, 0, 0, 5, 295.97, 4449361, 558, 0, 0
18074, 109, 358, 377, 0, 0, 26.70%, 0, 0, 5, 299.95, 4450441, 558, 0, 0
18079, 109, 225, 377, 0, 0, 26.70%, 0, 0, 5, 290.98, 4451896, 558, 0, 0
18084, 109, 351, 377, 0, 0, 26.70%, 0, 0, 5, 271.09, 4452916, 558, 0, 0
18089, 109, 179, 377, 0, 0, 26.70%, 0, 0, 5, 272.00, 4453956, 558, 0, 0
18095, 109, 311, 377, 0, 0, 26.70%, 0, 0, 5, 31.34, 4455235, 558, 0, 0
18100, 109, 85, 377, 0, 0, 26.70%, 0, 0, 5, 294.25, 4456581, 558, 0, 0
18105, 109, 330, 377, 0, 0, 26.70%, 0, 0, 5, 293.37, 4457641, 558, 0, 0
18110, 109, 269, 377, 0, 0, 26.70%, 0, 0, 5, 305.47, 4458724, 558, 0, 0
18115, 109, 176, 377, 0, 0, 26.70%, 0, 0, 5, 294.53, 4460206, 558, 0, 0
18120, 109, 172, 377, 0, 0, 26.70%, 0, 0, 5, 289.36, 4461321, 558, 0, 0
18125, 109, 33, 377, 0, 0, 26.70%, 0, 0, 5, 294.81, 4462396, 558, 0, 0
18130, 109, 58, 377, 0, 0, 26.70%, 0, 0, 5, 31.16, 4463655, 558, 0, 0
18135, 109, 313, 377, 0, 0, 26.70%, 0, 0, 5, 270.96, 4465061, 558, 0, 0
18140, 110, 186, 377, 0, 0, 26.70%, 0, 0, 5, 292.58, 4466121, 558, 0, 0
18146, 110, 313, 377, 0, 0, 26.70%, 0, 0, 5, 258.68, 4467206, 558, 0, 0
18151, 110, 157, 377, 0, 0, 26.70%, 0, 0, 5, 277.42, 4468711, 558, 0, 0
18156, 110, 50, 377, 0, 0, 26.70%, 0, 0, 5, 288.86, 4469866, 558, 0, 0
18161, 110, 289, 377, 0, 0, 26.70%, 0, 0, 5, 293.18, 4470951, 558, 0, 0
18166, 110, 147, 377, 0, 0, 26.70%, 0, 0, 5, 31.34, 4472066, 558, 0, 0
18172, 110, 361, 377, 0, 0, 26.70%, 0, 0, 5, 265.15, 4473541, 558, 0, 0
18177, 110, 305, 377, 0, 0, 26.70%, 0, 0, 5, 250.43, 4474602, 558, 0, 0
18182, 110, 199, 377, 0, 0, 26.70%, 0, 0, 5, 294.46, 4475701, 558, 0, 0
18187, 110, 351, 377, 0, 0, 26.70%, 0, 0, 5, 31.54, 4477003, 558, 0, 0
18192, 110, 176, 377, 0, 0, 26.70%, 0, 0, 5, 295.26, 4478306, 558, 0, 0
18197, 110, 238, 377, 0, 0, 26.70%, 0, 0, 5, 295.13, 4479401, 558, 0, 0
18202, 110, 359, 377, 0, 0, 26.70%, 0, 0, 5, 299.65, 4480517, 558, 0, 0
18208, 110, 126, 377, 0, 0, 26.70%, 0, 0, 5, 284.22, 4482016, 558, 0, 0
18213, 110, 239, 377, 0, 0, 26.70%, 0, 0, 5, 295.64, 4483156, 558, 0, 0
18218, 110, 280, 377, 0, 0, 26.70%, 0, 0, 5, 212.13, 4484245, 558, 0, 0
18223, 110, 50, 377, 0, 0, 26.70%, 0, 0, 5, 40.94, 4485381, 558, 0, 0
18228, 110, 126, 377, 0, 0, 26.70%, 0, 0, 5, 274.82, 4486751, 558, 0, 0
18233, 110, 225, 377, 0, 0, 26.70%, 0, 0, 5, 234.55, 4487837, 558, 0, 0
18238, 110, 357, 377, 0, 0, 26.70%, 0, 0, 5, 289.81, 4488941, 558, 0, 0
18244, 110, 252, 377, 0, 0, 26.70%, 0, 0, 5, 31.34, 4490273, 558, 0, 0
18249, 110, 255, 377, 0, 0, 26.70%, 0, 0, 5, 285.45, 4491566, 558, 0, 0
18254, 110, 82, 377, 0, 0, 26.70%, 0, 0, 5, 269.66, 4492686, 558, 0, 0
18259, 110, 328, 377, 0, 0, 26.70%, 0, 0, 5, 183.08, 4493799, 558, 0, 0
18264, 110, 351, 377, 0, 0, 26.70%, 0, 0, 5, 31.25, 4495241, 558, 0, 0
18270, 110, 359, 377, 0, 0, 26.70%, 0, 0, 5, 273.88, 4496466, 558, 0, 0
18275, 110, 176, 377, 0, 0, 26.70%, 0, 0, 5, 281.99, 4497461, 558, 0, 0
18280, 110, 153, 377, 0, 0, 26.70%, 0, 0, 5, 31.36, 4498680, 558, 0, 0
18285, 110, 133, 377, 0, 0, 26.70%, 0, 0, 5, 295.93, 4500041, 558, 0, 0
18290, 110, 43, 377, 0, 0, 26.70%, 0, 0, 5, 290.65, 4501116, 558, 0, 0
18295, 110, 114, 377, 0, 0, 26.70%, 0, 0, 5, 192.25, 4502196, 558, 0, 0
18300, 110, 133, 377, 0, 0, 26.70%, 0, 0, 5, 264.64, 4503626, 558, 0, 0
18305, 110, 192, 377, 0, 0, 26.70%, 0, 0, 5, 294.94, 4504761, 558, 0, 0
18310, 111, 238, 377, 0, 0, 26.70%, 0, 0, 5, 218.33, 4505857, 558, 0, 0
18316, 111, 114, 377, 0, 0, 26.70%, 0, 0, 5, 31.47, 4506955, 558, 0, 0
18321, 111, 112, 377, 0, 0, 26.70%, 0, 0, 5, 286.10, 4508351, 558, 0, 0
18326, 111, 173, 377, 0, 0, 26.70%, 0, 0, 5, 292.77, 4509421, 558, 0, 0
18331, 111, 179, 377, 0, 0, 26.70%, 0, 0, 5, 212.57, 4510509, 558, 0, 0
18336, 111, 28, 377, 0, 0, 26.70%, 0, 0, 5, 30.91, 4511790, 558, 0, 0
18341, 111, 50, 377, 0, 0, 26.70%, 0, 0, 5, 286.51, 4513081, 558, 0, 0
18346, 111, 126, 377, 0, 0, 26.70%, 0, 0, 5, 293.76, 4514201, 558, 0, 0
18351, 111, 286, 377, 0, 0, 26.70%, 0, 0, 5, 216.53, 4515293, 558, 0, 0
18357, 111, 85, 377, 0, 0, 26.70%, 0, 0, 5, 31.25, 4516746, 558, 0, 0
18362, 111, 328, 377, 0, 0, 26.70%, 0, 0, 5, 270.93, 4517906, 558, 0, 0
18367, 111, 192, 377, 0, 0, 26.70%, 0, 0, 5, 290.23, 4518981, 558, 0, 0
18372, 111, 126, 377, 0, 0, 26.70%, 0, 0, 5, 33.45, 4520032, 558, 0, 0
18377, 111, 61, 377, 0, 0, 26.70%, 0, 0, 5, 289.51, 4521521, 558, 0, 0
18382, 111, 328, 377, 0, 0, 26.70%, 0, 0, 5, 246.47, 4522592, 558, 0, 0
18387, 111, 46, 377, 0, 0, 26.70%, 0, 0, 5, 302.18, 4523714, 558, 0, 0
18392, 111, 173, 377, 0, 0, 26.70%, 0, 0, 5, 30.29, 4524887, 558, 0, 0
18397, 111, 359, 377, 0, 0, 26.70%, 0, 0, 5, 293.99, 4526286, 558, 0, 0
18402, 111, 172, 377, 0, 0, 26.70%, 0, 0, 5, 285.34, 4527336, 558, 0, 0
18408, 111, 351, 377, 0, 0, 26.70%, 0, 0, 5, 292.46, 4528441, 558, 0, 0
18413, 111, 255, 377, 0, 0, 26.70%, 0, 0, 5, 289.35, 4529896, 558, 0, 0
18418, 111, 329, 377, 0, 0, 26.70%, 0, 0, 5, 269.74, 4531016, 558, 0, 0
18423, 111, 329, 377, 0, 0, 26.70%, 0, 0, 5, 271.78, 4532081, 558, 0, 0
18428, 111, 305, 377, 0, 0, 26.70%, 0, 0, 5, 31.33, 4533247, 558, 0, 0
18433, 111, 305, 377, 0, 0, 26.70%, 0, 0, 5, 293.87, 4534656, 558, 0, 0
18438, 111, 26, 377, 0, 0, 26.70%, 0, 0, 5, 266.41, 4535726, 558, 0, 0
18443, 111, 220, 377, 0, 0, 26.70%, 0, 0, 5, 292.45, 4536801, 558, 0, 0
18448, 111, 133, 377, 0, 0, 26.70%, 0, 0, 5, 31.47, 4538080, 558, 0, 0
18453, 111, 334, 377, 0, 0, 26.70%, 0, 0, 5, 288.37, 4539411, 558, 0, 0
18458, 111, 248, 377, 0, 0, 26.70%, 0, 0, 5, 247.81, 4540499, 558, 0, 0
18464, 111, 50, 377, 0, 0, 26.70%, 0, 0, 5, 292.74, 4541611, 558, 0, 0
18469, 111, 255, 377, 0, 0, 26.70%, 0, 0, 5, 31.25, 4543046, 558, 0, 0
18474, 111, 310, 377, 0, 0, 26.70%, 0, 0, 5, 285.89, 4544231, 558, 0, 0
18479, 112, 192, 377, 0, 0, 26.70%, 0, 0, 5, 299.08, 4545301, 558, 0, 0
18484, 112, 359, 377, 0, 0, 26.70%, 0, 0, 5, 36.49, 4546403, 558, 0, 0
18489, 112, 179, 377, 0, 0, 26.70%, 0, 0, 5, 295.04, 4547911, 558, 0, 0
18494, 112, 238, 377, 0, 0, 26.70%, 0, 0, 5, 291.26, 4549011, 558, 0, 0
18500, 112, 320, 377, 0, 0, 26.70%, 0, 0, 5, 299.93, 4550106, 558, 0, 0
18505, 112, 340, 377, 0, 0, 26.70%, 0, 0, 5, 31.44, 4551408, 558, 0, 0
18510, 112, 133, 377, 0, 0, 26.70%, 0, 0, 5, 295.29, 4552666, 558, 0, 0
18515, 112, 172, 377, 0, 0, 26.70%, 0, 0, 5, 226.53, 4553766, 558, 0, 0
18520, 112, 286, 377, 0, 0, 26.70%, 0, 0, 5, 297.03, 4554876, 558, 0, 0
18525, 112, 238, 377, 0, 0, 26.70%, 0, 0, 5, 289.29, 4556381, 558, 0, 0
18530, 112, 159, 377, 0, 0, 26.70%, 0, 0, 5, 265.90, 4557486, 558, 0, 0
18535, 112, 85, 377, 0, 0, 26.70%, 0, 0, 5, 294.78, 4558586, 558, 0, 0
18541, 112, 368, 377, 0, 0, 26.70%, 0, 0, 5, 31.27, 4559631, 558, 0, 0
18546, 112, 133, 377, 0, 0, 26.70%, 0, 0, 5, 281.66, 4561121, 558, 0, 0
18551, 112, 351, 377, 0, 0, 26.70%, 0, 0, 5, 254.04, 4562241, 558, 0, 0
18556, 112, 72, 377, 0, 0, 26.70%, 0, 0, 5, 302.73, 4563311, 558, 0, 0
18561, 112, 351, 377, 0, 0, 26.70%, 0, 0, 5, 30.93, 4564578, 558, 0, 0
18566, 112, 173, 377, 0, 0, 26.70%, 0, 0, 5, 298.86, 4565851, 558, 0, 0
18571, 112, 113, 377, 0, 0, 26.70%, 0, 0, 5, 296.47, 4566946, 558, 0, 0
18576, 112, 179, 377, 0, 0, 26.70%, 0, 0, 5, 292.33, 4568066, 558, 0, 0
18581, 112, 351, 377, 0, 0, 26.70%, 0, 0, 5, 284.95, 4569526, 558, 0, 0
18586, 112, 244, 377, 0, 0, 26.70%, 0, 0, 5, 250.49, 4570668, 558, 0, 0
18592, 112, 313, 377, 0, 0, 26.70%, 0, 0, 5, 296.27, 4571786, 558, 0, 0
18597, 112, 90, 377, 0, 0, 26.70%, 0, 0, 5, 35.87, 4572878, 558, 0, 0
18602, 112, 319, 377, 0, 0, 26.70%, 0, 0, 5, 296.18, 4574401, 558, 0, 0
18607, 112, 126, 377, 0, 0, 26.70%, 0, 0, 5, 296.99, 4575506, 558, 0, 0
18612, 112, 61, 377, 0, 0, 26.70%, 0, 0, 5, 282.17, 4576576, 558, 0, 0
18617, 112, 157, 377, 0, 0, 26.70%, 0, 0, 5, 31.53, 4577767, 558, 0, 0
18622, 112, 313, 377, 0, 0, 26.70%, 0, 0, 5, 295.57, 4579196, 558, 0, 0
18628, 112, 176, 377, 0, 0, 26.70%, 0, 0, 5, 251.26, 4580279, 558, 0, 0
18633, 112, 176, 377, 0, 0, 26.70%, 0, 0, 5, 296.50, 4581391, 558, 0, 0
18638, 112, 50, 377, 0, 0, 26.70%, 0, 0, 5, 31.65, 4582746, 558, 0, 0
18643, 112, 159, 377, 0, 0, 26.70%, 0, 0, 5, 265.45, 4583916, 558, 0, 0
18648, 112, 225, 377, 0, 0, 26.70%, 0, 0, 5, 254.65, 4584970, 558, 0, 0
18653, 113, 369, 377, 0, 0, 26.70%, 0, 0, 5, 31.66, 4586114, 558, 0, 0
18658, 113, 173, 377, 0, 0, 26.70%, 0, 0, 5, 291.81, 4587581, 558, 0, 0
18663, 113, 179, 377, 0, 0, 26.70%, 0, 0, 5, 291.68, 4588686, 558, 0, 0
18669, 113, 188, 377, 0, 0, 26.70%, 0, 0, 5, 260.42, 4589801, 558, 0, 0
18674, 113, 351, 377, 0, 0, 26.70%, 0, 0, 5, 31.55, 4591060, 558, 0, 0
18679, 113, 172, 377, 0, 0, 26.70%, 0, 0, 5, 293.59, 4592421, 558, 0, 0
18684, 113, 159, 377, 0, 0, 26.70%, 0, 0, 5, 239.33, 4593518, 558, 0, 0
18689, 113, 176, 377, 0, 0, 26.70%, 0, 0, 5, 294.57, 4594591, 558, 0, 0
18694, 113, 85, 377, 0, 0, 26.70%, 0, 0, 5, 30.67, 4595986, 558, 0, 0
18700, 113, 172, 377, 0, 0, 26.70%, 0, 0, 5, 270.07, 4597266, 558, 0, 0
18705, 113, 53, 377, 0, 0, 26.70%, 0, 0, 5, 298.49, 4598371, 558, 0, 0
18710, 113, 173, 377, 0, 0, 26.70%, 0, 0, 5, 198.02, 4599436, 558, 0, 0
18715, 113, 266, 377, 0, 0, 26.70%, 0, 0, 5, 276.15, 4600946, 558, 0, 0
18720, 113, 85, 377, 0, 0, 26.70%, 0, 0, 5, 296.70, 4602031, 558, 0, 0
18725, 113, 238, 377, 0, 0, 26.70%, 0, 0, 5, 294.08, 4603091, 558, 0, 0
18730, 113, 157, 377, 0, 0, 26.70%, 0, 0, 5, 40.66, 4604241, 558, 0, 0
18735, 113, 311, 377, 0, 0, 26.70%, 0, 0, 5, 295.57, 4605736, 558, 0, 0
18741, 113, 328, 377, 0, 0, 26.70%, 0, 0, 5, 299.65, 4606831, 558, 0, 0
18746, 113, 173, 377, 0, 0, 26.70%, 0, 0, 5, 297.60, 4607921, 558, 0, 0
18751, 113, 84, 377, 0, 0, 26.70%, 0, 0, 5, 31.28, 4609205, 558, 0, 0
18756, 113, 104, 377, 0, 0, 26.70%, 0, 0, 5, 275.64, 4610545, 558, 0, 0
18761, 113, 133, 377, 0, 0, 26.70%, 0, 0, 5, 294.56, 4611616, 558, 0, 0
18766, 113, 172, 377, 0, 0, 26.70%, 0, 0, 5, 292.61, 4612661, 558, 0, 0
18771, 113, 157, 377, 0, 0, 26.70%, 0, 0, 5, 281.75, 4614091, 558, 0, 0
18776, 113, 126, 377, 0, 0, 26.70%, 0, 0, 5, 293.43, 4615231, 558, 0, 0
18781, 113, 31, 377, 0, 0, 26.70%, 0, 0, 5, 250.36, 4616282, 558, 0, 0
18786, 113, 159, 377, 0, 0, 26.70%, 0, 0, 5, 31.54, 4617386, 558, 0, 0
18791, 113, 329, 377, 0, 0, 26.70%, 0, 0, 5, 274.47, 4618871, 558, 0, 0
18797, 113, 328, 377, 0, 0, 26.70%, 0, 0, 5, 291.37, 4619941, 558, 0, 0
18802, 113, 142, 377, 0, 0, 26.70%, 0, 0, 5, 296.02, 4621036, 558, 0, 0
18807, 113, 7, 377, 0, 0, 26.70%, 0, 0, 5, 31.32, 4622262, 558, 0, 0
18812, 113, 342, 377, 0, 0, 26.70%, 0, 0, 5, 285.11, 4623626, 558, 0, 0
18817, 114, 197, 377, 0, 0, 26.70%, 0, 0, 5, 283.47, 4624676, 558, 0, 0
18822, 114, 159, 377, 0, 0, 26.70%, 0, 0, 5, 222.21, 4625752, 558, 0, 0
18827, 114, 238, 377, 0, 0, 26.70%, 0, 0, 5, 31.25, 4627068, 558, 0, 0
18832, 114, 126, 377, 0, 0, 26.70%, 0, 0, 5, 294.35, 4628316, 558, 0, 0
18838, 114, 305, 377, 0, 0, 26.70%, 0, 0, 5, 229.86, 4629436, 558, 0, 0
18843, 114, 155, 377, 0, 0, 26.70%, 0, 0, 5, 290.49, 4630556, 558, 0, 0
18848, 114, 225, 377, 0, 0, 26.70%, 0, 0, 5, 280.65, 4631951, 558, 0, 0
18853, 114, 172, 377, 0, 0, 26.70%, 0, 0, 5, 280.87, 4633066, 558, 0, 0
18858, 114, 159, 377, 0, 0, 26.70%, 0, 0, 5, 296.99, 4634121, 558, 0, 0
18863, 114, 237, 377, 0, 0, 26.70%, 0, 0, 5, 30.48, 4635199, 558, 0, 0
18868, 114, 328, 377, 0, 0, 26.70%, 0, 0, 5, 297.88, 4636671, 558, 0, 0
18873, 114, 176, 377, 0, 0, 26.70%, 0, 0, 5, 270.45, 4637761, 558, 0, 0
18878, 114, 159, 377, 0, 0, 26.70%, 0, 0, 5, 293.22, 4638826, 558, 0, 0
18883, 114, 305, 377, 0, 0, 26.70%, 0, 0, 5, 31.25, 4640181, 558, 0, 0
18888, 114, 176, 377, 0, 0, 26.70%, 0, 0, 5, 295.86, 4641376, 558, 0, 0
18894, 114, 313, 377, 0, 0, 26.70%, 0, 0, 5, 296.78, 4642496, 558, 0, 0
18899, 114, 354, 377, 0, 0, 26.70%, 0, 0, 5, 232.67, 4643523, 558, 0, 0
18904, 114, 261, 377, 0, 0, 26.70%, 0, 0, 5, 284.87, 4645061, 558, 0, 0
18909, 114, 305, 377, 0, 0, 26.70%, 0, 0, 5, 286.23, 4646151, 558, 0, 0
18914, 114, 342, 377, 0, 0, 26.70%, 0, 0, 5, 291.35, 4647201, 558, 0, 0
18919, 114, 359, 377, 0, 0, 26.70%, 0, 0, 5, 30.32, 4648442, 558, 0, 0
18925, 114, 176, 377, 0, 0, 26.70%, 0, 0, 5, 285.75, 4649826, 558, 0, 0
18930, 114, 159, 377, 0, 0, 26.70%, 0, 0, 5, 277.23, 4650931, 558, 0, 0
18935, 114, 129, 377, 0, 0, 26.70%, 0, 0, 5, 258.92, 4652026, 558, 0, 0
18940, 114, 157, 377, 0, 0, 26.70%, 0, 0, 5, 31.16, 4653348, 558, 0, 0
18945, 114, 172, 377, 0, 0, 26.70%, 0, 0, 5, 272.43, 4654561, 558, 0, 0
18950, 114, 166, 377, 0, 0, 26.70%, 0, 0, 5, 296.07, 4655676, 558, 0, 0
18955, 114, 203, 377, 0, 0, 26.70%, 0, 0, 5, 275.00, 4656741, 558, 0, 0
18960, 114, 53, 377, 0, 0, 26.70%, 0, 0, 5, 291.17, 4658261, 558, 0, 0
18965, 114, 133, 377, 0, 0, 26.70%, 0, 0, 5, 295.78, 4659381, 558, 0, 0
18971, 114, 351, 377, 0, 0, 26.70%, 0, 0, 5, 295.37, 4660456, 558, 0, 0
18976, 114, 172, 377, 0, 0, 26.70%, 0, 0, 5, 31.02, 4661652, 558, 0, 0
18981, 114, 374, 377, 0, 0, 26.70%, 0, 0, 5, 293.71, 4663066, 558, 0, 0
18986, 115, 359, 377, 0, 0, 26.70%, 0, 0, 5, 295.31, 4664176, 558, 0, 0
18991, 115, 32, 377, 0, 0, 26.70%, 0, 0, 5, 299.02, 4665296, 558, 0, 0
18996, 115, 133, 377, 0, 0, 26.70%, 0, 0, 5, 31.55, 4666656, 558, 0, 0
19001, 115, 53, 377, 0, 0, 26.70%, 0, 0, 5, 294.07, 4667861, 558, 0, 0
19006, 115, 238, 377, 0, 0, 26.70%, 0, 0, 5, 247.00, 4668953, 558, 0, 0
19011, 115, 152, 377, 0, 0, 26.70%, 0, 0, 5, 31.15, 4670029, 558, 0, 0
19017, 115, 313, 377, 0, 0, 26.70%, 0, 0, 5, 265.36, 4671486, 558, 0, 0
19022, 115, 126, 377, 0, 0, 26.70%, 0, 0, 5, 298.36, 4672586, 558, 0, 0
19027, 115, 238, 377, 0, 0, 26.70%, 0, 0, 5, 297.82, 4673681, 558, 0, 0
19032, 115, 5, 377, 0, 0, 26.70%, 0, 0, 5, 30.79, 4674945, 558, 0, 0
19037, 115, 328, 377, 0, 0, 26.70%, 0, 0, 5, 271.68, 4676276, 558, 0, 0
19042, 115, 133, 377, 0, 0, 26.70%, 0, 0, 5, 298.39, 4677351, 558, 0, 0
19047, 115, 228, 377, 0, 0, 26.70%, 0, 0, 5, 289.51, 4678476, 558, 0, 0
19052, 115, 342, 377, 0, 0, 26.70%, 0, 0, 5, 281.03, 4679896, 558, 0, 0
19058, 115, 225, 377, 0, 0, 26.70%, 0, 0, 5, 295.39, 4681056, 558, 0, 0
19063, 115, 351, 377, 0, 0, 26.70%, 0, 0, 5, 283.45, 4682136, 558, 0, 0
19068, 115, 313, 377, 0, 0, 26.70%, 0, 0, 5, 31.25, 4683284, 558, 0, 0
19073, 115, 53, 377, 0, 0, 26.70%, 0, 0, 5, 280.31, 4684711, 558, 0, 0
19078, 115, 213, 377, 0, 0, 26.70%, 0, 0, 5, 286.58, 4685796, 558, 0, 0
19083, 115, 328, 377, 0, 0, 26.70%, 0, 0, 5, 296.33, 4686886, 558, 0, 0
19088, 115, 332, 377, 0, 0, 26.70%, 0, 0, 5, 31.55, 4688231, 558, 0, 0
19093, 115, 15, 377, 0, 0, 26.70%, 0, 0, 5, 290.27, 4689456, 558, 0, 0
19098, 115, 240, 377, 0, 0, 26.70%, 0, 0, 5, 291.87, 4690506, 558, 0, 0
19104, 115, 220, 377, 0, 0, 26.70%, 0, 0, 5, 270.00, 4691595, 558, 0, 0
19109, 115, 305, 377, 0, 0, 26.70%, 0, 0, 5, 287.22, 4693096, 558, 0, 0
19114, 115, 5, 377, 0, 0, 26.70%, 0, 0, 5, 292.80, 4694196, 558, 0, 0
19119, 115, 43, 377, 0, 0, 26.70%, 0, 0, 5, 294.45, 4695306, 558, 0, 0
19124, 115, 53, 377, 0, 0, 26.70%, 0, 0, 5, 31.42, 4696484, 558, 0, 0
19129, 115, 225, 377, 0, 0, 26.70%, 0, 0, 5, 265.21, 4697916, 558, 0, 0
19134, 115, 63, 377, 0, 0, 26.70%, 0, 0, 5, 243.07, 4698945, 558, 0, 0
19140, 115, 53, 377, 0, 0, 26.70%, 0, 0, 5, 287.97, 4700001, 558, 0, 0
19145, 115, 126, 377, 0, 0, 26.70%, 0, 0, 5, 31.35, 4701366, 558, 0, 0
19150, 116, 189, 377, 0, 0, 26.70%, 0, 0, 5, 287.06, 4702586, 558, 0, 0
19155, 116, 179, 377, 0, 0, 26.70%, 0, 0, 5, 280.31, 4703626, 558, 0, 0
19160, 116, 183, 377, 0, 0, 26.70%, 0, 0, 5, 37.99, 4704702, 558, 0, 0
19165, 116, 359, 377, 0, 0, 26.70%, 0, 0, 5, 290.87, 4706216, 558, 0, 0
19170, 116, 329, 377, 0, 0, 26.70%, 0, 0, 5, 289.58, 4707291, 558, 0, 0
19175, 116, 78, 377, 0, 0, 26.70%, 0, 0, 5, 289.85, 4708396, 558, 0, 0
19180, 116, 225, 377, 0, 0, 26.70%, 0, 0, 5, 31.27, 4709693, 558, 0, 0
19186, 116, 192, 377, 0, 0, 26.70%, 0, 0, 5, 258.26, 4711001, 558, 0, 0
19191, 116, 53, 377, 0, 0, 26.70%, 0, 0, 5, 294.44, 4712045, 558, 0, 0
19196, 116, 176, 377, 0, 0, 26.70%, 0, 0, 5, 31.48, 4713131, 558, 0, 0
19201, 116, 176, 377, 0, 0, 26.70%, 0, 0, 5, 277.13, 4714641, 558, 0, 0
19206, 116, 53, 377, 0, 0, 26.70%, 0, 0, 5, 291.44, 4715706, 558, 0, 0
19211, 116, 5, 377, 0, 0, 26.70%, 0, 0, 5, 292.79, 4716801, 558, 0, 0
19216, 116, 172, 377, 0, 0, 26.70%, 0, 0, 5, 31.63, 4718070, 558, 0, 0
19221, 116, 351, 377, 0, 0, 26.70%, 0, 0, 5, 273.68, 4719341, 558, 0, 0
19226, 116, 313, 377, 0, 0, 26.70%, 0, 0, 5, 293.42, 4720411, 558, 0, 0
19232, 116, 12, 377, 0, 0, 26.70%, 0, 0, 5, 39.12, 4721507, 558, 0, 0
19237, 116, 163, 377, 0, 0, 26.70%, 0, 0, 5, 294.02, 4723016, 558, 0, 0
19242, 116, 115, 377, 0, 0, 26.70%, 0, 0, 5, 258.17, 4724126, 558, 0, 0
19247, 116, 173, 377, 0, 0, 26.70%, 0, 0, 5, 298.15, 4725221, 558, 0, 0
19252, 116, 282, 377, 0, 0, 26.70%, 0, 0, 5, 31.31, 4726326, 558, 0, 0
19257, 116, 225, 377, 0, 0, 26.70%, 0, 0, 5, 295.19, 4727806, 558, 0, 0
19262, 116, 189, 377, 0, 0, 26.70%, 0, 0, 5, 246.68, 4728876, 558, 0, 0
19268, 116, 50, 377, 0, 0, 26.70%, 0, 0, 5, 293.13, 4729981, 558, 0, 0
19273, 116, 132, 377, 0, 0, 26.70%, 0, 0, 5, 31.52, 4731263, 558, 0, 0
19278, 116, 155, 377, 0, 0, 26.70%, 0, 0, 5, 293.09, 4732571, 558, 0, 0
19283, 116, 157, 377, 0, 0, 26.70%, 0, 0, 5, 249.33, 4733592, 558, 0, 0
19288, 116, 172, 377, 0, 0, 26.70%, 0, 0, 5, 276.53, 4734671, 558, 0, 0
19293, 116, 126, 377, 0, 0, 26.70%, 0, 0, 5, 35.21, 4736091, 558, 0, 0
19298, 116, 102, 377, 0, 0, 26.70%, 0, 0, 5, 289.05, 4737221, 558, 0, 0
19303, 116, 313, 377, 0, 0, 26.70%, 0, 0, 5, 293.13, 4738281, 558, 0, 0
19308, 116, 359, 377, 0, 0, 26.70%, 0, 0, 5, 31.54, 4739423, 558, 0, 0
19313, 116, 133, 377, 0, 0, 26.70%, 0, 0, 5, 268.41, 4740851, 558, 0, 0
19319, 117, 351, 377, 0, 0, 26.70%, 0, 0, 5, 296.28, 4741956, 558, 0, 0
19324, 117, 328, 377, 0, 0, 26.70%, 0, 0, 5, 298.33, 4743061, 558, 0, 0
19329, 117, 359, 377, 0, 0, 26.70%, 0, 0, 5, 31.54, 4744345, 558, 0, 0
19334, 117, 359, 377, 0, 0, 26.70%, 0, 0, 5, 283.00, 4745656, 558, 0, 0
19339, 117, 334, 377, 0, 0, 26.70%, 0, 0, 5, 295.29, 4746746, 558, 0, 0
19344, 117, 157, 377, 0, 0, 26.70%, 0, 0, 5, 217.55, 4747815, 558, 0, 0
19349, 117, 185, 377, 0, 0, 26.70%, 0, 0, 5, 43.86, 4749221, 558, 0, 0
19354, 117, 85, 377, 0, 0, 26.70%, 0, 0, 5, 299.45, 4750386, 558, 0, 0
19360, 117, 58, 377, 0, 0, 26.70%, 0, 0, 5, 295.74, 4751461, 558, 0, 0
19365, 117, 329, 377, 0, 0, 26.70%, 0, 0, 5, 44.92, 4752566, 558, 0, 0
19370, 117, 328, 377, 0, 0, 26.70%, 0, 0, 5, 294.17, 4754070, 558, 0, 0
19375, 117, 359, 377, 0, 0, 26.70%, 0, 0, 5, 292.07, 4755161, 558, 0, 0
19380, 117, 214, 377, 0, 0, 26.70%, 0, 0, 5, 300.51, 4756264, 558, 0, 0
19385, 117, 76, 377, 0, 0, 26.70%, 0, 0, 5, 53.41, 4757532, 558, 0, 0
19391, 117, 143, 377, 0, 0, 26.70%, 0, 0, 5, 295.66, 4758901, 558, 0, 0
19396, 117, 225, 377, 0, 0, 26.70%, 0, 0, 5, 277.69, 4760006, 558, 0, 0
19401, 117, 4, 377, 0, 0, 26.70%, 0, 0, 5, 294.41, 4761081, 558, 0, 0
19406, 117, 157, 377, 0, 0, 26.70%, 0, 0, 5, 31.54, 4762378, 558, 0, 0
19411, 117, 126, 377, 0, 0, 26.70%, 0, 0, 5, 288.84, 4763651, 558, 0, 0
19416, 117, 238, 377, 0, 0, 26.70%, 0, 0, 5, 293.21, 4764711, 558, 0, 0
19421, 117, 290, 377, 0, 0, 26.70%, 0, 0, 5, 273.63, 4765756, 558, 0, 0
19426, 117, 126, 377, 0, 0, 26.70%, 0, 0, 5, 289.60, 4767261, 558, 0, 0
19431, 117, 173, 377, 0, 0, 26.70%, 0, 0, 5, 290.61, 4768321, 558, 0, 0
19436, 117, 101, 377, 0, 0, 26.70%, 0, 0, 5, 295.12, 4769406, 558, 0, 0
19442, 117, 204, 377, 0, 0, 26.70%, 0, 0, 5, 31.27, 4770632, 558, 0, 0
19447, 117, 238, 377, 0, 0, 26.70%, 0, 0, 5, 295.63, 4772066, 558, 0, 0
19452, 117, 342, 377, 0, 0, 26.70%, 0, 0, 5, 294.68, 4773171, 558, 0, 0
19457, 117, 133, 377, 0, 0, 26.70%, 0, 0, 5, 265.24, 4774281, 558, 0, 0
19462, 117, 95, 377, 0, 0, 26.70%, 0, 0, 5, 31.72, 4775565, 558, 0, 0
19468, 117, 172, 377, 0, 0, 26.70%, 0, 0, 5, 264.26, 4776866, 558, 0, 0
19473, 117, 50, 377, 0, 0, 26.70%, 0, 0, 5, 294.98, 4777971, 558, 0, 0
19478, 117, 85, 377, 0, 0, 26.70%, 0, 0, 5, 293.18, 4779061, 558, 0, 0
19483, 117, 157, 377, 0, 0, 26.70%, 0, 0, 5, 30.86, 4780501, 558, 0, 0
19488, 118, 225, 377, 0, 0, 26.70%, 0, 0, 5, 293.95, 4781691, 558, 0, 0
19493, 118, 359, 377, 0, 0, 26.70%, 0, 0, 5, 232.80, 4782754, 558, 0, 0
19498, 118, 151, 377, 0, 0, 26.70%, 0, 0, 5, 38.45, 4783814, 558, 0, 0
19503, 118, 157, 377, 0, 0, 26.70%, 0, 0, 5, 295.36, 4785331, 558, 0, 0
19509, 118, 359, 377, 0, 0, 26.70%, 0, 0, 5, 291.75, 4786421, 558, 0, 0
19514, 118, 173, 377, 0, 0, 26.70%, 0, 0, 5, 296.82, 4787486, 558, 0, 0
19519, 118, 133, 377, 0, 0, 26.70%, 0, 0, 5, 30.22, 4788813, 558, 0, 0
19524, 118, 313, 377, 0, 0, 26.70%, 0, 0, 5, 299.35, 4790091, 558, 0, 0
19529, 118, 192, 377, 0, 0, 26.70%, 0, 0, 5, 247.73, 4791181, 558, 0, 0
19534, 118, 36, 377, 0, 0, 26.70%, 0, 0, 5, 297.88, 4792286, 558, 0, 0
19539, 118, 85, 377, 0, 0, 26.70%, 0, 0, 5, 48.54, 4793691, 558, 0, 0
19544, 118, 225, 377, 0, 0, 26.70%, 0, 0, 5, 295.48, 4794886, 558, 0, 0
19549, 118, 159, 377, 0, 0, 26.70%, 0, 0, 5, 299.79, 4795971, 558, 0, 0
19555, 118, 313, 377, 0, 0, 26.70%, 0, 0, 5, 200.00, 4797070, 558, 0, 0
19560, 118, 96, 377, 0, 0, 26.70%, 0, 0, 5, 275.38, 4798591, 558, 0, 0
19565, 118, 351, 377, 0, 0, 26.70%, 0, 0, 5, 284.70, 4799691, 558, 0, 0
19570, 118, 133, 377, 0, 0, 26.70%, 0, 0, 5, 286.90, 4800776, 558, 0, 0
19575, 118, 215, 377, 0, 0, 26.70%, 0, 0, 5, 31.33, 4801982, 558, 0, 0
19580, 118, 359, 377, 0, 0, 26.70%, 0, 0, 5, 293.42, 4803401, 558, 0, 0
19586, 118, 37, 377, 0, 0, 26.70%, 0, 0, 5, 292.78, 4804471, 558, 0, 0
19591, 118, 328, 377, 0, 0, 26.70%, 0, 0, 5, 304.57, 4805569, 558, 0, 0
19596, 118, 226, 377, 0, 0, 26.70%, 0, 0, 5, 31.53, 4806958, 558, 0, 0
19601, 118, 157, 377, 0, 0, 26.70%, 0, 0, 5, 295.48, 4808196, 558, 0, 0
19606, 118, 178, 377, 0, 0, 26.70%, 0, 0, 5, 218.18, 4809244, 558, 0, 0
19611, 118, 351, 377, 0, 0, 26.70%, 0, 0, 5, 247.76, 4810356, 558, 0, 0
19616, 118, 313, 377, 0, 0, 26.70%, 0, 0, 5, 283.63, 4811861, 558, 0, 0
19621, 118, 13, 377, 0, 0, 26.70%, 0, 0, 5, 294.04, 4812966, 558, 0, 0
19626, 118, 349, 377, 0, 0, 26.70%, 0, 0, 5, 241.32, 4814012, 558, 0, 0
19632, 118, 359, 377, 0, 0, 26.70%, 0, 0, 5, 31.47, 4815237, 558, 0, 0
19637, 118, 135, 377, 0, 0, 26.70%, 0, 0, 5, 281.81, 4816636, 558, 0, 0
19642, 118, 192, 377, 0, 0, 26.70%, 0, 0, 5, 295.86, 4817721, 558, 0, 0
19647, 118, 225, 377, 0, 0, 26.70%, 0, 0, 5, 268.30, 4818781, 558, 0, 0
19652, 119, 215, 377, 0, 0, 26.70%, 0, 0, 5, 276.17, 4820201, 558, 0, 0
19657, 119, 75, 377, 0, 0, 26.70%, 0, 0, 5, 265.96, 4821371, 558, 0, 0
19662, 119, 95, 377, 0, 0, 26.70%, 0, 0, 5, 303.40, 4822431, 558, 0, 0
19667, 119, 215, 377, 0, 0, 26.70%, 0, 0, 5, 52.37, 4823536, 558, 0, 0
19672, 119, 225, 377, 0, 0, 26.70%, 0, 0, 5, 295.23, 4825056, 558, 0, 0
19678, 119, 361, 377, 0, 0, 26.70%, 0, 0, 5, 263.22, 4826146, 558, 0, 0
19683, 119, 128, 377, 0, 0, 26.70%, 0, 0, 5, 256.21, 4827206, 558, 0, 0
19688, 119, 238, 377, 0, 0, 26.70%, 0, 0, 5, 227.72, 4828312, 558, 0, 0
19693, 119, 225, 377, 0, 0, 26.70%, 0, 0, 5, 282.49, 4829831, 558, 0, 0
19698, 119, 53, 377, 0, 0, 26.70%, 0, 0, 5, 294.67, 4830941, 558, 0, 0
19703, 119, 154, 377, 0, 0, 26.70%, 0, 0, 5, 291.22, 4832046, 558, 0, 0
19708, 119, 50, 377, 0, 0, 26.70%, 0, 0, 5, 34.73, 4833214, 558, 0, 0
19714, 119, 85, 377, 0, 0, 26.70%, 0, 0, 5, 291.59, 4834566, 558, 0, 0
19719, 119, 359, 377, 0, 0, 26.70%, 0, 0, 5, 298.09, 4835686, 558, 0, 0
19724, 119, 265, 377, 0, 0, 26.70%, 0, 0, 5, 294.14, 4836741, 558, 0, 0
19729, 119, 359, 377, 0, 0, 26.70%, 0, 0, 5, 30.64, 4838005, 558, 0, 0
19734, 119, 359, 377, 0, 0, 26.70%, 0, 0, 5, 294.27, 4839366, 558, 0, 0
19739, 119, 215, 377, 0, 0, 26.70%, 0, 0, 5, 289.17, 4840426, 558, 0, 0
19744, 119, 179, 377, 0, 0, 26.70%, 0, 0, 5, 187.29, 4841482, 558, 0, 0
19749, 119, 40, 377, 0, 0, 26.70%, 0, 0, 5, 262.71, 4842926, 558, 0, 0
19754, 119, 130, 377, 0, 0, 26.70%, 0, 0, 5, 268.30, 4844016, 558, 0, 0
19759, 119, 359, 377, 0, 0, 26.70%, 0, 0, 5, 282.80, 4845041, 558, 0, 0
19765, 119, 104, 377, 0, 0, 26.70%, 0, 0, 5, 31.55, 4846272, 558, 0, 0
19770, 119, 176, 377, 0, 0, 26.70%, 0, 0, 5, 261.71, 4847556, 558, 0, 0
19775, 119, 8, 377, 0, 0, 26.70%, 0, 0, 5, 235.22, 4848634, 558, 0, 0
19780, 119, 359, 377, 0, 0, 26.70%, 0, 0, 5, 301.56, 4849708, 558, 0, 0
19785, 119, 244, 377, 0, 0, 26.70%, 0, 0, 5, 57.70, 4851093, 558, 0, 0
19790, 119, 359, 377, 0, 0, 26.70%, 0, 0, 5, 293.15, 4852271, 558, 0, 0
19795, 119, 248, 377, 0, 0, 26.70%, 0, 0, 5, 284.59, 4853321, 558, 0, 0
19800, 119, 159, 377, 0, 0, 26.70%, 0, 0, 5, 202.97, 4854421, 558, 0, 0
19805, 119, 329, 377, 0, 0, 26.70%, 0, 0, 5, 276.05, 4855936, 558, 0, 0
19810, 119, 157, 377, 0, 0, 26.70%, 0, 0, 5, 278.89, 4857011, 558, 0, 0
19815, 119, 192, 377, 0, 0, 26.70%, 0, 0, 5, 203.23, 4858069, 558, 0, 0
19820, 119, 111, 377, 0, 0, 26.70%, 0, 0, 5, 30.92, 4859257, 558, 0, 0
19826, 120, 359, 377, 0, 0, 26.70%, 0, 0, 5, 292.69, 4860661, 558, 0, 0
19831, 120, 27, 377, 0, 0, 26.70%, 0, 0, 5, 289.22, 4861761, 558, 0, 0
19836, 120, 85, 377, 0, 0, 26.70%, 0, 0, 5, 203.40, 4862854, 558, 0, 0
19841, 120, 126, 377, 0, 0, 26.70%, 0, 0, 5, 30.32, 4864158, 558, 0, 0
19846, 120, 360, 377, 0, 0, 26.70%, 0, 0, 5, 266.44, 4865426, 558, 0, 0
19851, 120, 154, 377, 0, 0, 26.70%, 0, 0, 5, 246.96, 4866472, 558, 0, 0
19856, 120, 126, 377, 0, 0, 26.70%, 0, 0, 5, 251.72, 4867524, 558, 0, 0
19861, 120, 307, 377, 0, 0, 26.70%, 0, 0, 5, 267.80, 4868971, 558, 0, 0
19867, 120, 172, 377, 0, 0, 26.70%, 0, 0, 5, 296.87, 4870101, 558, 0, 0
19872, 120, 126, 377, 0, 0, 26.70%, 0, 0, 5, 290.58, 4871166, 558, 0, 0
19877, 120, 295, 377, 0, 0, 26.70%, 0, 0, 5, 30.38, 4872390, 558, 0, 0
19882, 120, 351, 377, 0, 0, 26.70%, 0, 0, 5, 295.69, 4873751, 558, 0, 0
19887, 120, 173, 377, 0, 0, 26.70%, 0, 0, 5, 296.17, 4874831, 558, 0, 0
19892, 120, 359, 377, 0, 0, 26.70%, 0, 0, 5, 302.02, 4875948, 558, 0, 0
19897, 120, 349, 377, 0, 0, 26.70%, 0, 0, 5, 30.97, 4877278, 558, 0, 0
19902, 120, 368, 377, 0, 0, 26.70%, 0, 0, 5, 291.86, 4878531, 558, 0, 0
19907, 120, 85, 377, 0, 0, 26.70%, 0, 0, 5, 289.43, 4879596, 558, 0, 0
19912, 120, 354, 377, 0, 0, 26.70%, 0, 0, 5, 298.51, 4880661, 558, 0, 0
19918, 120, 111, 377, 0, 0, 26.70%, 0, 0, 5, 297.64, 4882191, 558, 0, 0
19923, 120, 176, 377, 0, 0, 26.70%, 0, 0, 5, 289.58, 4883311, 558, 0, 0
19928, 120, 351, 377, 0, 0, 26.70%, 0, 0, 5, 291.47, 4884421, 558, 0, 0
19933, 120, 15, 377, 0, 0, 26.70%, 0, 0, 5, 31.37, 4885587, 558, 0, 0
19938, 120, 172, 377, 0, 0, 26.70%, 0, 0, 5, 294.35, 4886996, 558, 0, 0
19943, 120, 118, 377, 0, 0, 26.70%, 0, 0, 5, 241.85, 4888066, 558, 0, 0
19948, 120, 359, 377, 0, 0, 26.70%, 0, 0, 5, 295.01, 4889136, 558, 0, 0
19953, 120, 92, 377, 0, 0, 26.70%, 0, 0, 5, 30.48, 4890458, 558, 0, 0
19959, 120, 335, 377, 0, 0, 26.70%, 0, 0, 5, 295.41, 4891746, 558, 0, 0
19964, 120, 50, 377, 0, 0, 26.70%, 0, 0, 5, 292.53, 4892851, 558, 0, 0
19969, 120, 5, 377, 0, 0, 26.70%, 0, 0, 5, 292.22, 4893926, 558, 0, 0
19974, 120, 359, 377, 0, 0, 26.70%, 0, 0, 5, 297.60, 4895466, 558, 0, 0
19979, 120, 305, 377, 0, 0, 26.70%, 0, 0, 5, 293.81, 4896576, 558, 0, 0
19984, 120, 133, 377, 0, 0, 26.70%, 0, 0, 5, 290.91, 4897676, 558, 0, 0
19989, 120, 361, 377, 0, 0, 26.70%, 0, 0, 5, 31.34, 4898829, 558, 0, 0
19995, 121, 53, 377, 0, 0, 26.70%, 0, 0, 5, 272.26, 4900231, 558, 0, 0
20000, 121, 179, 377, 0, 0, 26.70%, 0, 0, 5, 246.28, 4901292, 558, 0, 0
20005, 121, 102, 377, 0, 0, 26.70%, 0, 0, 5, 294.50, 4902416, 558, 0, 0
20010, 121, 329, 377, 0, 0, 26.70%, 0, 0, 5, 38.26, 4903775, 558, 0, 0
20015, 121, 52, 377, 0, 0, 26.70%, 0, 0, 5, 297.00, 4905076, 558, 0, 0
20020, 121, 29, 377, 0, 0, 26.70%, 0, 0, 5, 292.89, 4906131, 558, 0, 0
20025, 121, 5, 377, 0, 0, 26.70%, 0, 0, 5, 276.19, 4907226, 558, 0, 0
20031, 121, 133, 377, 0, 0, 26.70%, 0, 0, 5, 288.28, 4908721, 558, 0, 0
20036, 121, 50, 377, 0, 0, 26.70%, 0, 0, 5, 296.20, 4909821, 558, 0, 0
20041, 121, 266, 377, 0, 0, 26.70%, 0, 0, 5, 272.91, 4910931, 558, 0, 0
20046, 121, 225, 377, 0, 0, 26.70%, 0, 0, 5, 30.57, 4912044, 558, 0, 0
20051, 121, 133, 377, 0, 0, 26.70%, 0, 0, 5, 293.99, 4913521, 558, 0, 0
20056, 121, 37, 377, 0, 0, 26.70%, 0, 0, 5, 258.19, 4914591, 558, 0, 0
20061, 121, 289, 377, 0, 0, 26.70%, 0, 0, 5, 295.48, 4915651, 558, 0, 0
20066, 121, 328, 377, 0, 0, 26.70%, 0, 0, 5, 31.25, 4917001, 558, 0, 0
20071, 121, 238, 377, 0, 0, 26.70%, 0, 0, 5, 294.67, 4918186, 558, 0, 0
20076, 121, 305, 377, 0, 0, 26.70%, 0, 0, 5, 230.96, 4919261, 558, 0, 0
20082, 121, 133, 377, 0, 0, 26.70%, 0, 0, 5, 34.00, 4920370, 558, 0, 0
20087, 121, 320, 377, 0, 0, 26.70%, 0, 0, 5, 296.10, 4921876, 558, 0, 0
20092, 121, 26, 377, 0, 0, 26.70%, 0, 0, 5, 291.17, 4922931, 558, 0, 0
20097, 121, 231, 377, 0, 0, 26.70%, 0, 0, 5, 216.27, 4924009, 558, 0, 0
20102, 121, 173, 377, 0, 0, 26.70%, 0, 0, 5, 31.15, 4925353, 558, 0, 0
20107, 121, 356, 377, 0, 0, 26.70%, 0, 0, 5, 253.29, 4926606, 558, 0, 0
20112, 121, 213, 377, 0, 0, 26.70%, 0, 0, 5, 291.70, 4927671, 558, 0, 0
20117, 121, 351, 377, 0, 0, 26.70%, 0, 0, 5, 297.03, 4928760, 558, 0, 0
20122, 121, 359, 377, 0, 0, 26.70%, 0, 0, 5, 298.30, 4930286, 558, 0, 0
20128, 121, 159, 377, 0, 0, 26.70%, 0, 0, 5, 292.31, 4931401, 558, 0, 0
20133, 121, 153, 377, 0, 0, 26.70%, 0, 0, 5, 299.80, 4932501, 558, 0, 0
20138, 121, 313, 377, 0, 0, 26.70%, 0, 0, 5, 30.69, 4933727, 558, 0, 0
20143, 121, 351, 377, 0, 0, 26.70%, 0, 0, 5, 289.68, 4935141, 558, 0, 0
20148, 121, 320, 377, 0, 0, 26.70%, 0, 0, 5, 284.62, 4936196, 558, 0, 0
20153, 121, 359, 377, 0, 0, 26.70%, 0, 0, 5, 198.09, 4937283, 558, 0, 0
20158, 122, 53, 377, 0, 0, 26.70%, 0, 0, 5, 257.14, 4938686, 558, 0, 0
20164, 122, 350, 377, 0, 0, 26.70%, 0, 0, 5, 261.22, 4939841, 558, 0, 0
20169, 122, 313, 377, 0, 0, 26.70%, 0, 0, 5, 290.68, 4940946, 558, 0, 0
20174, 122, 176, 377, 0, 0, 26.70%, 0, 0, 5, 35.09, 4942060, 558, 0, 0
20179, 122, 133, 377, 0, 0, 26.70%, 0, 0, 5, 294.89, 4943601, 558, 0, 0
20184, 122, 126, 377, 0, 0, 26.70%, 0, 0, 5, 294.64, 4944671, 558, 0, 0
20189, 122, 133, 377, 0, 0, 26.70%, 0, 0, 5, 197.07, 4945755, 558, 0, 0
20194, 122, 53, 377, 0, 0, 26.70%, 0, 0, 5, 31.25, 4947070, 558, 0, 0
20200, 122, 173, 377, 0, 0, 26.70%, 0, 0, 5, 293.62, 4948270, 558, 0, 0
20205, 122, 133, 377, 0, 0, 26.70%, 0, 0, 5, 292.36, 4949341, 558, 0, 0
20210, 122, 85, 377, 0, 0, 26.70%, 0, 0, 5, 288.87, 4950436, 558, 0, 0
20215, 122, 176, 377, 0, 0, 26.70%, 0, 0, 5, 293.86, 4951951, 558, 0, 0
20220, 122, 351, 377, 0, 0, 26.70%, 0, 0, 5, 282.61, 4953006, 558, 0, 0
20225, 122, 305, 377, 0, 0, 26.70%, 0, 0, 5, 276.94, 4954061, 558, 0, 0
20230, 122, 53, 377, 0, 0, 26.70%, 0, 0, 5, 30.30, 4955232, 558, 0, 0
20235, 122, 329, 377, 0, 0, 26.70%, 0, 0, 5, 294.95, 4956646, 558, 0, 0
20241, 122, 72, 377, 0, 0, 26.70%, 0, 0, 5, 288.40, 4957681, 558, 0, 0
20246, 122, 133, 377, 0, 0, 26.70%, 0, 0, 5, 268.66, 4958735, 558, 0, 0
20251, 122, 126, 377, 0, 0, 26.70%, 0, 0, 5, 31.25, 4960146, 558, 0, 0
20256, 122, 38, 377, 0, 0, 26.70%, 0, 0, 5, 287.62, 4961296, 558, 0, 0
20261, 122, 328, 377, 0, 0, 26.70%, 0, 0, 5, 223.37, 4962407, 558, 0, 0
20266, 122, 320, 377, 0, 0, 26.70%, 0, 0, 5, 173.27, 4963459, 558, 0, 0
20271, 122, 159, 377, 0, 0, 26.70%, 0, 0, 5, 266.14, 4964946, 558, 0, 0
20276, 122, 313, 377, 0, 0, 26.70%, 0, 0, 5, 256.95, 4966011, 558, 0, 0
20281, 122, 173, 377, 0, 0, 26.70%, 0, 0, 5, 297.00, 4967111, 558, 0, 0
20286, 122, 53, 377, 0, 0, 26.70%, 0, 0, 5, 31.25, 4968335, 558, 0, 0
20292, 122, 313, 377, 0, 0, 26.70%, 0, 0, 5, 293.79, 4969701, 558, 0, 0
20297, 122, 169, 377, 0, 0, 26.70%, 0, 0, 5, 251.12, 4970803, 558, 0, 0
20302, 122, 164, 377, 0, 0, 26.70%, 0, 0, 5, 289.32, 4971931, 558, 0, 0
20307, 122, 305, 377, 0, 0, 26.70%, 0, 0, 5, 31.35, 4973122, 558, 0, 0
20312, 122, 360, 377, 0, 0, 26.70%, 0, 0, 5, 292.06, 4974531, 558, 0, 0
20317, 122, 128, 377, 0, 0, 26.70%, 0, 0, 5, 295.28, 4975616, 558, 0, 0
20322, 122, 372, 377, 0, 0, 26.70%, 0, 0, 5, 294.28, 4976686, 558, 0, 0
20327, 122, 126, 377, 0, 0, 26.70%, 0, 0, 5, 31.25, 4977953, 558, 0, 0
20332, 123, 238, 377, 0, 0, 26.70%, 0, 0, 5, 286.15, 4979170, 558, 0, 0
20338, 123, 53, 377, 0, 0, 26.70%, 0, 0, 5, 265.93, 4980286, 558, 0, 0
20343, 123, 13, 377, 0, 0, 26.70%, 0, 0, 5, 292.07, 4981366, 558, 0, 0
20348, 123, 305, 377, 0, 0, 26.70%, 0, 0, 5, 277.85, 4982831, 558, 0, 0
20353, 123, 352, 377, 0, 0, 26.70%, 0, 0, 5, 284.24, 4983956, 558, 0, 0
20358, 123, 144, 377, 0, 0, 26.70%, 0, 0, 5, 292.60, 4985061, 558, 0, 0
20363, 123, 312, 377, 0, 0, 26.70%, 0, 0, 5, 31.13, 4986202, 558, 0, 0
20368, 123, 334, 377, 0, 0, 26.70%, 0, 0, 5, 268.85, 4987620, 558, 0, 0
20374, 123, 345, 377, 0, 0, 26.70%, 0, 0, 5, 283.01, 4988726, 558, 0, 0
20379, 123, 173, 377, 0, 0, 26.70%, 0, 0, 5, 212.91, 4989849, 558, 0, 0
20384, 123, 157, 377, 0, 0, 26.70%, 0, 0, 5, 31.51, 4991052, 558, 0, 0
20389, 123, 117, 377, 0, 0, 26.70%, 0, 0, 5, 297.70, 4992486, 558, 0, 0
20394, 123, 359, 377, 0, 0, 26.70%, 0, 0, 5, 297.89, 4993556, 558, 0, 0
20399, 123, 229, 377, 0, 0, 26.70%, 0, 0, 5, 298.71, 4994681, 558, 0, 0
20404, 123, 359, 377, 0, 0, 26.70%, 0, 0, 5, 31.34, 4996033, 558, 0, 0
20409, 123, 159, 377, 0, 0, 26.70%, 0, 0, 5, 297.92, 4997306, 558, 0, 0
20415, 123, 156, 377, 0, 0, 26.70%, 0, 0, 5, 292.68, 4998336, 558, 0, 0
20420, 123, 179, 377, 0, 0, 26.70%, 0, 0, 5, 36.22, 4999431, 558, 0, 0
20425, 123, 238, 377, 0, 0, 26.70%, 0, 0, 5, 295.88, 5000946, 558, 0, 0
20430, 123, 328, 377, 0, 0, 26.70%, 0, 0, 5, 281.67, 5002061, 558, 0, 0
20435, 123, 192, 377, 0, 0, 26.70%, 0, 0, 5, 221.25, 5003141, 558, 0, 0
20440, 123, 215, 377, 0, 0, 26.70%, 0, 0, 5, 46.53, 5004450, 558, 0, 0
20445, 123, 85, 377, 0, 0, 26.70%, 0, 0, 5, 275.37, 5005666, 558, 0, 0
20450, 123, 172, 377, 0, 0, 26.70%, 0, 0, 5, 219.80, 5006764, 558, 0, 0
20455, 123, 285, 377, 0, 0, 26.70%, 0, 0, 5, 43.82, 5007911, 558, 0, 0
20460, 123, 172, 377, 0, 0, 26.70%, 0, 0, 5, 294.69, 5009371, 558, 0, 0
20466, 123, 173, 377, 0, 0, 26.70%, 0, 0, 5, 293.10, 5010481, 558, 0, 0
20471, 123, 176, 377, 0, 0, 26.70%, 0, 0, 5, 298.47, 5011531, 558, 0, 0
20476, 123, 50, 377, 0, 0, 26.70%, 0, 0, 5, 30.40, 5012986, 558, 0, 0
20481, 123, 157, 377, 0, 0, 26.70%, 0, 0, 5, 278.39, 5014146, 558, 0, 0
20486, 123, 183, 377, 0, 0, 26.70%, 0, 0, 5, 300.23, 5015261, 558, 0, 0
20491, 123, 159, 377, 0, 0, 26.70%, 0, 0, 5, 297.03, 5016372, 558, 0, 0
20496, 124, 63, 377, 0, 0, 26.70%, 0, 0, 5, 296.68, 5017896, 558, 0, 0
20502, 124, 351, 377, 0, 0, 26.70%, 0, 0, 5, 298.73, 5019006, 558, 0, 0
20507, 124, 14, 377, 0, 0, 26.70%, 0, 0, 5, 294.84, 5020106, 558, 0, 0
20512, 124, 359, 377, 0, 0, 26.70%, 0, 0, 5, 31.53, 5021438, 558, 0, 0
20517, 124, 359, 377, 0, 0, 26.70%, 0, 0, 5, 292.09, 5022711, 558, 0, 0
20522, 124, 59, 377, 0, 0, 26.70%, 0, 0, 5, 281.29, 5023826, 558, 0, 0
20527, 124, 192, 377, 0, 0, 26.70%, 0, 0, 5, 295.07, 5024941, 558, 0, 0
20533, 124, 45, 377, 0, 0, 26.70%, 0, 0, 5, 287.64, 5026436, 558, 0, 0
20538, 124, 39, 377, 0, 0, 26.70%, 0, 0, 5, 260.84, 5027561, 558, 0, 0
20543, 124, 351, 377, 0, 0, 26.70%, 0, 0, 5, 301.23, 5028661, 558, 0, 0
20548, 124, 171, 377, 0, 0, 26.70%, 0, 0, 5, 31.36, 5029801, 558, 0, 0
20553, 124, 203, 377, 0, 0, 26.70%, 0, 0, 5, 275.44, 5031321, 558, 0, 0
20558, 124, 238, 377, 0, 0, 26.70%, 0, 0, 5, 292.34, 5032386, 558, 0, 0
20563, 124, 305, 377, 0, 0, 26.70%, 0, 0, 5, 299.20, 5033495, 558, 0, 0
20569, 124, 126, 377, 0, 0, 26.70%, 0, 0, 5, 31.35, 5034886, 558, 0, 0
20574, 124, 351, 377, 0, 0, 26.70%, 0, 0, 5, 290.17, 5036086, 558, 0, 0
20579, 124, 50, 377, 0, 0, 26.70%, 0, 0, 5, 223.49, 5037170, 558, 0, 0
20584, 124, 328, 377, 0, 0, 26.70%, 0, 0, 5, 31.13, 5038329, 558, 0, 0
20589, 124, 133, 377, 0, 0, 26.70%, 0, 0, 5, 289.84, 5039811, 558, 0, 0
20594, 124, 176, 377, 0, 0, 26.70%, 0, 0, 5, 295.99, 5040906, 558, 0, 0
20599, 124, 329, 377, 0, 0, 26.70%, 0, 0, 5, 217.09, 5041949, 558, 0, 0
20604, 124, 359, 377, 0, 0, 26.70%, 0, 0, 5, 31.18, 5043288, 558, 0, 0
20610, 124, 50, 377, 0, 0, 26.70%, 0, 0, 5, 281.58, 5044516, 558, 0, 0
20615, 124, 170, 377, 0, 0, 26.70%, 0, 0, 5, 300.83, 5045617, 558, 0, 0
20620, 124, 126, 377, 0, 0, 26.70%, 0, 0, 5, 163.37, 5046697, 558, 0, 0
20625, 124, 351, 377, 0, 0, 26.70%, 0, 0, 5, 268.80, 5048211, 558, 0, 0
20630, 124, 176, 377, 0, 0, 26.70%, 0, 0, 5, 270.55, 5049251, 558, 0, 0
20635, 124, 52, 377, 0, 0, 26.70%, 0, 0, 5, 297.03, 5050301, 558, 0, 0
20640, 124, 176, 377, 0, 0, 26.70%, 0, 0, 5, 31.06, 5051716, 558, 0, 0
20645, 124, 286, 377, 0, 0, 26.70%, 0, 0, 5, 293.41, 5052906, 558, 0, 0
20651, 124, 328, 377, 0, 0, 26.70%, 0, 0, 5, 277.20, 5054006, 558, 0, 0
20656, 124, 133, 377, 0, 0, 26.70%, 0, 0, 5, 31.42, 5055104, 558, 0, 0
20661, 124, 305, 377, 0, 0, 26.70%, 0, 0, 5, 292.23, 5056581, 558, 0, 0
20666, 125, 172, 377, 0, 0, 26.70%, 0, 0, 5, 299.09, 5057696, 558, 0, 0
20671, 125, 339, 377, 0, 0, 26.70%, 0, 0, 5, 288.19, 5058796, 558, 0, 0
20676, 125, 50, 377, 0, 0, 26.70%, 0, 0, 5, 31.09, 5060123, 558, 0, 0
20681, 125, 359, 377, 0, 0, 26.70%, 0, 0, 5, 287.83, 5061331, 558, 0, 0
20687, 125, 83, 377, 0, 0, 26.70%, 0, 0, 5, 291.03, 5062381, 558, 0, 0
20692, 125, 53, 377, 0, 0, 26.70%, 0, 0, 5, 293.42, 5063470, 558, 0, 0
20697, 125, 159, 377, 0, 0, 26.70%, 0, 0, 5, 281.88, 5064896, 558, 0, 0
20702, 125, 351, 377, 0, 0, 26.70%, 0, 0, 5, 295.86, 5066051, 558, 0, 0
20707, 125, 172, 377, 0, 0, 26.70%, 0, 0, 5, 282.76, 5067136, 558, 0, 0
20712, 125, 369, 377, 0, 0, 26.70%, 0, 0, 5, 31.55, 5068267, 558, 0, 0
20717, 125, 166, 377, 0, 0, 26.70%, 0, 0, 5, 292.33, 5069676, 558, 0, 0
20722, 125, 305, 377, 0, 0, 26.70%, 0, 0, 5, 231.09, 5070703, 558, 0, 0
20727, 125, 173, 377, 0, 0, 26.70%, 0, 0, 5, 214.90, 5071743, 558, 0, 0
20733, 125, 225, 377, 0, 0, 26.70%, 0, 0, 5, 31.06, 5073186, 558, 0, 0
20738, 125, 351, 377, 0, 0, 26.70%, 0, 0, 5, 265.96, 5074356, 558, 0, 0
20743, 125, 313, 377, 0, 0, 26.70%, 0, 0, 5, 296.64, 5075456, 558, 0, 0
20748, 125, 133, 377, 0, 0, 26.70%, 0, 0, 5, 30.45, 5076584, 558, 0, 0
20753, 125, 85, 377, 0, 0, 26.70%, 0, 0, 5, 291.53, 5078026, 558, 0, 0
20758, 125, 313, 377, 0, 0, 26.70%, 0, 0, 5, 290.35, 5079120, 558, 0, 0
20763, 125, 281, 377, 0, 0, 26.70%, 0, 0, 5, 251.61, 5080188, 558, 0, 0
20768, 125, 238, 377, 0, 0, 26.70%, 0, 0, 5, 31.08, 5081450, 558, 0, 0
20774, 125, 56, 377, 0, 0, 26.70%, 0, 0, 5, 289.68, 5082806, 558, 0, 0
20779, 125, 342, 377, 0, 0, 26.70%, 0, 0, 5, 294.64, 5083911, 558, 0, 0
20784, 125, 173, 377, 0, 0, 26.70%, 0, 0, 5, 296.44, 5084970, 558, 0, 0
20789, 125, 359, 377, 0, 0, 26.70%, 0, 0, 5, 31.54, 5086293, 558, 0, 0
20794, 125, 179, 377, 0, 0, 26.70%, 0, 0, 5, 297.87, 5087611, 558, 0, 0
20799, 125, 172, 377, 0, 0, 26.70%, 0, 0, 5, 297.43, 5088716, 558, 0, 0
20804, 125, 85, 377, 0, 0, 26.70%, 0, 0, 5, 263.15, 5089786, 558, 0, 0
20810, 125, 154, 377, 0, 0, 26.70%, 0, 0, 5, 281.20, 5091291, 558, 0, 0
20815, 125, 305, 377, 0, 0, 26.70%, 0, 0, 5, 286.63, 5092411, 558, 0, 0
20820, 125, 26, 377, 0, 0, 26.70%, 0, 0, 5, 297.08, 5093511, 558, 0, 0
20825, 125, 53, 377, 0, 0, 26.70%, 0, 0, 5, 31.58, 5094651, 558, 0, 0
20830, 125, 215, 377, 0, 0, 26.70%, 0, 0, 5, 287.50, 5096091, 558, 0, 0
20835, 126, 158, 377, 0, 0, 26.70%, 0, 0, 5, 260.18, 5097201, 558, 0, 0
20840, 126, 176, 377, 0, 0, 26.70%, 0, 0, 5, 204.39, 5098249, 558, 0, 0
20845, 126, 351, 377, 0, 0, 26.70%, 0, 0, 5, 30.40, 5099503, 558, 0, 0
20850, 126, 86, 377, 0, 0, 26.70%, 0, 0, 5, 286.47, 5100846, 558, 0, 0
20855, 126, 172, 377, 0, 0, 26.70%, 0, 0, 5, 273.03, 5101891, 558, 0, 0
20861, 126, 305, 377, 0, 0, 26.70%, 0, 0, 5, 246.36, 5102994, 558, 0, 0
20866, 126, 186, 377, 0, 0, 26.70%, 0, 0, 5, 53.57, 5104466, 558, 0, 0
20871, 126, 305, 377, 0, 0, 26.70%, 0, 0, 5, 292.51, 5105601, 558, 0, 0
20876, 126, 50, 377, 0, 0, 26.70%, 0, 0, 5, 293.04, 5106636, 558, 0, 0
20881, 126, 305, 377, 0, 0, 26.70%, 0, 0, 5, 30.42, 5107773, 558, 0, 0
20886, 126, 127, 377, 0, 0, 26.70%, 0, 0, 5, 287.24, 5109241, 558, 0, 0
20891, 126, 126, 377, 0, 0, 26.70%, 0, 0, 5, 284.76, 5110321, 558, 0, 0
20896, 126, 176, 377, 0, 0, 26.70%, 0, 0, 5, 229.69, 5111390, 558, 0, 0
20902, 126, 372, 377, 0, 0, 26.70%, 0, 0, 5, 31.55, 5112776, 558, 0, 0
20907, 126, 14, 377, 0, 0, 26.70%, 0, 0, 5, 272.38, 5113946, 558, 0, 0
20912, 126, 225, 377, 0, 0, 26.70%, 0, 0, 5, 291.13, 5115031, 558, 0, 0
20917, 126, 359, 377, 0, 0, 26.70%, 0, 0, 5, 31.20, 5116169, 558, 0, 0
20922, 126, 134, 377, 0, 0, 26.70%, 0, 0, 5, 286.60, 5117631, 558, 0, 0
20927, 126, 359, 377, 0, 0, 26.70%, 0, 0, 5, 284.30, 5118731, 558, 0, 0
20932, 126, 85, 377, 0, 0, 26.70%, 0, 0, 5, 261.43, 5119786, 558, 0, 0
20937, 126, 305, 377, 0, 0, 26.70%, 0, 0, 5, 277.78, 5121271, 558, 0, 0
20943, 126, 46, 377, 0, 0, 26.70%, 0, 0, 5, 289.61, 5122411, 558, 0, 0
20948, 126, 375, 377, 0, 0, 26.70%, 0, 0, 5, 276.90, 5123471, 558, 0, 0
20953, 126, 359, 377, 0, 0, 26.70%, 0, 0, 5, 31.43, 5124710, 558, 0, 0
20958, 126, 274, 377, 0, 0, 26.70%, 0, 0, 5, 295.32, 5126061, 558, 0, 0
20963, 126, 255, 377, 0, 0, 26.70%, 0, 0, 5, 286.70, 5127091, 558, 0, 0
20968, 126, 366, 377, 0, 0, 26.70%, 0, 0, 5, 293.66, 5128166, 558, 0, 0
20973, 126, 172, 377, 0, 0, 26.70%, 0, 0, 5, 284.35, 5129646, 558, 0, 0
20978, 126, 310, 377, 0, 0, 26.70%, 0, 0, 5, 285.98, 5130781, 558, 0, 0
20983, 126, 350, 377, 0, 0, 26.70%, 0, 0, 5, 221.55, 5131869, 558, 0, 0
20989, 126, 85, 377, 0, 0, 26.70%, 0, 0, 5, 31.56, 5133034, 558, 0, 0
20994, 126, 238, 377, 0, 0, 26.70%, 0, 0, 5, 272.98, 5134471, 558, 0, 0
20999, 126, 223, 377, 0, 0, 26.70%, 0, 0, 5, 264.67, 5135541, 558, 0, 0
21004, 127, 173, 377, 0, 0, 26.70%, 0, 0, 5, 294.39, 5136581, 558, 0, 0
21009, 127, 112, 377, 0, 0, 26.70%, 0, 0, 5, 280.23, 5138051, 558, 0, 0
21014, 127, 176, 377, 0, 0, 26.70%, 0, 0, 5, 295.58, 5139166, 558, 0, 0
21019, 127, 179, 377, 0, 0, 26.70%, 0, 0, 5, 258.60, 5140241, 558, 0, 0
21024, 127, 184, 377, 0, 0, 26.70%, 0, 0, 5, 31.42, 5141447, 558, 0, 0
21029, 127, 176, 377, 0, 0, 26.70%, 0, 0, 5, 271.16, 5142836, 558, 0, 0
21034, 127, 157, 377, 0, 0, 26.70%, 0, 0, 5, 273.96, 5143876, 558, 0, 0
21039, 127, 179, 377, 0, 0, 26.70%, 0, 0, 5, 297.04, 5144966, 558, 0, 0
21045, 127, 88, 377, 0, 0, 26.70%, 0, 0, 5, 285.70, 5146471, 558, 0, 0
21050, 127, 159, 377, 0, 0, 26.70%, 0, 0, 5, 287.26, 5147586, 558, 0, 0
21055, 127, 192, 377, 0, 0, 26.70%, 0, 0, 5, 298.82, 5148711, 558, 0, 0
21060, 127, 342, 377, 0, 0, 26.70%, 0, 0, 5, 30.97, 5149914, 558, 0, 0
21065, 127, 50, 377, 0, 0, 26.70%, 0, 0, 5, 273.69, 5151361, 558, 0, 0
21071, 127, 155, 377, 0, 0, 26.70%, 0, 0, 5, 292.13, 5152441, 558, 0, 0
21076, 127, 78, 377, 0, 0, 26.70%, 0, 0, 5, 293.20, 5153541, 558, 0, 0
21081, 127, 179, 377, 0, 0, 26.70%, 0, 0, 5, 31.15, 5154961, 558, 0, 0
21086, 127, 133, 377, 0, 0, 26.70%, 0, 0, 5, 273.49, 5156131, 558, 0, 0
21091, 127, 248, 377, 0, 0, 26.70%, 0, 0, 5, 297.55, 5157191, 558, 0, 0
21096, 127, 329, 377, 0, 0, 26.70%, 0, 0, 5, 31.34, 5158410, 558, 0, 0
21101, 127, 359, 377, 0, 0, 26.70%, 0, 0, 5, 297.16, 5159756, 558, 0, 0
21106, 127, 329, 377, 0, 0, 26.70%, 0, 0, 5, 290.57, 5160811, 558, 0, 0
21111, 127, 359, 377, 0, 0, 26.70%, 0, 0, 5, 298.51, 5161836, 558, 0, 0
21116, 127, 176, 377, 0, 0, 26.70%, 0, 0, 5, 288.22, 5163331, 558, 0, 0
21122, 127, 249, 377, 0, 0, 26.70%, 0, 0, 5, 291.81, 5164470, 558, 0, 0
21127, 127, 329, 377, 0, 0, 26.70%, 0, 0, 5, 289.20, 5165576, 558, 0, 0
21132, 127, 172, 377, 0, 0, 26.70%, 0, 0, 5, 31.43, 5166701, 558, 0, 0
21137, 127, 90, 377, 0, 0, 26.70%, 0, 0, 5, 269.22, 5168146, 558, 0, 0
21142, 127, 313, 377, 0, 0, 26.70%, 0, 0, 5, 298.74, 5169276, 558, 0, 0
21147, 127, 53, 377, 0, 0, 26.70%, 0, 0, 5, 295.45, 5170361, 558, 0, 0
21152, 127, 179, 377, 0, 0, 26.70%, 0, 0, 5, 31.22, 5171609, 558, 0, 0
21157, 127, 183, 377, 0, 0, 26.70%, 0, 0, 5, 255.93, 5172861, 558, 0, 0
21163, 127, 359, 377, 0, 0, 26.70%, 0, 0, 5, 302.74, 5173946, 558, 0, 0
21168, 127, 173, 377, 0, 0, 26.70%, 0, 0, 5, 296.92, 5175021, 558, 0, 0
21173, 128, 85, 377, 0, 0, 26.70%, 0, 0, 5, 291.44, 5176536, 558, 0, 0
21178, 128, 192, 377, 0, 0, 26.70%, 0, 0, 5, 270.96, 5177651, 558, 0, 0
21183, 128, 238, 377, 0, 0, 26.70%, 0, 0, 5, 296.28, 5178756, 558, 0, 0
21188, 128, 53, 377, 0, 0, 26.70%, 0, 0, 5, 31.50, 5179891, 558, 0, 0
21193, 128, 65, 377, 0, 0, 26.70%, 0, 0, 5, 279.52, 5181366, 558, 0, 0
21198, 128, 110, 377, 0, 0, 26.70%, 0, 0, 5, 286.73, 5182396, 558, 0, 0
21204, 128, 85, 377, 0, 0, 26.70%, 0, 0, 5, 270.17, 5183461, 558, 0, 0
21209, 128, 313, 377, 0, 0, 26.70%, 0, 0, 5, 31.61, 5184773, 558, 0, 0
21214, 128, 351, 377, 0, 0, 26.70%, 0, 0, 5, 255.89, 5185981, 558, 0, 0
21219, 128, 282, 377, 0, 0, 26.70%, 0, 0, 5, 281.96, 5187086, 558, 0, 0
21224, 128, 144, 377, 0, 0, 26.70%, 0, 0, 5, 31.55, 5188141, 558, 0, 0
21229, 128, 255, 377, 0, 0, 26.70%, 0, 0, 5, 295.19, 5189671, 558, 0, 0
21234, 128, 351, 377, 0, 0, 26.70%, 0, 0, 5, 297.97, 5190751, 558, 0, 0
21239, 128, 26, 377, 0, 0, 26.70%, 0, 0, 5, 295.98, 5191826, 558, 0, 0
21244, 128, 319, 377, 0, 0, 26.70%, 0, 0, 5, 31.25, 5193216, 558, 0, 0
21249, 128, 305, 377, 0, 0, 26.70%, 0, 0, 5, 293.10, 5194461, 558, 0, 0
21255, 128, 359, 377, 0, 0, 26.70%, 0, 0, 5, 293.24, 5195551, 558, 0, 0
21260, 128, 359, 377, 0, 0, 26.70%, 0, 0, 5, 199.94, 5196657, 558, 0, 0
21265, 128, 238, 377, 0, 0, 26.70%, 0, 0, 5, 260.31, 5198121, 558, 0, 0
21270, 128, 128, 377, 0, 0, 26.70%, 0, 0, 5, 282.73, 5199291, 558, 0, 0
21275, 128, 133, 377, 0, 0, 26.70%, 0, 0, 5, 295.84, 5200381, 558, 0, 0
21280, 128, 124, 377, 0, 0, 26.70%, 0, 0, 5, 31.44, 5201557, 558, 0, 0
21285, 128, 359, 377, 0, 0, 26.70%, 0, 0, 5, 290.60, 5202926, 558, 0, 0
21290, 128, 176, 377, 0, 0, 26.70%, 0, 0, 5, 295.85, 5203986, 558, 0, 0
21295, 128, 179, 377, 0, 0, 26.70%, 0, 0, 5, 289.27, 5205066, 558, 0, 0
21301, 128, 215, 377, 0, 0, 26.70%, 0, 0, 5, 286.86, 5206571, 558, 0, 0
21306, 128, 65, 377, 0, 0, 26.70%, 0, 0, 5, 282.16, 5207706, 558, 0, 0
21311, 128, 216, 377, 0, 0, 26.70%, 0, 0, 5, 295.15, 5208801, 558, 0, 0
21316, 128, 328, 377, 0, 0, 26.70%, 0, 0, 5, 30.93, 5209929, 558, 0, 0
21321, 128, 255, 377, 0, 0, 26.70%, 0, 0, 5, 292.41, 5211416, 558, 0, 0
21326, 128, 249, 377, 0, 0, 26.70%, 0, 0, 5, 250.65, 5212512, 558, 0, 0
21331, 128, 3, 377, 0, 0, 26.70%, 0, 0, 5, 279.15, 5213616, 558, 0, 0
21337, 128, 351, 377, 0, 0, 26.70%, 0, 0, 5, 44.19, 5214963, 558, 0, 0
21342, 129, 329, 377, 0, 0, 26.70%, 0, 0, 5, 296.58, 5216186, 558, 0, 0
21347, 129, 255, 377, 0, 0, 26.70%, 0, 0, 5, 286.98, 5217266, 558, 0, 0
21352, 129, 173, 377, 0, 0, 26.70%, 0, 0, 5, 30.63, 5218344, 558, 0, 0
21357, 129, 169, 377, 0, 0, 26.70%, 0, 0, 5, 294.34, 5219816, 558, 0, 0
21362, 129, 192, 377, 0, 0, 26.70%, 0, 0, 5, 291.63, 5220866, 558, 0, 0
21367, 129, 81, 377, 0, 0, 26.70%, 0, 0, 5, 293.05, 5221986, 558, 0, 0
21372, 129, 68, 377, 0, 0, 26.70%, 0, 0, 5, 31.27, 5223298, 558, 0, 0
21377, 129, 192, 377, 0, 0, 26.70%, 0, 0, 5, 290.06, 5224546, 558, 0, 0
21382, 129, 359, 377, 0, 0, 26.70%, 0, 0, 5, 277.32, 5225601, 558, 0, 0
21387, 129, 338, 377, 0, 0, 26.70%, 0, 0, 5, 31.22, 5226699, 558, 0, 0
21392, 129, 172, 377, 0, 0, 26.70%, 0, 0, 5, 269.40, 5228201, 558, 0, 0
21397, 129, 61, 377, 0, 0, 26.70%, 0, 0, 5, 294.65, 5229301, 558, 0, 0
21403, 129, 176, 377, 0, 0, 26.70%, 0, 0, 5, 285.98, 5230416, 558, 0, 0
21408, 129, 53, 377, 0, 0, 26.70%, 0, 0, 5, 31.63, 5231733, 558, 0, 0
21413, 129, 359, 377, 0, 0, 26.70%, 0, 0, 5, 276.34, 5232936, 558, 0, 0
21418, 129, 192, 377, 0, 0, 26.70%, 0, 0, 5, 283.47, 5234006, 558, 0, 0
21423, 129, 222, 377, 0, 0, 26.70%, 0, 0, 5, 293.17, 5235136, 558, 0, 0
21428, 129, 238, 377, 0, 0, 26.70%, 0, 0, 5, 289.04, 5236571, 558, 0, 0
21433, 129, 61, 377, 0, 0, 26.70%, 0, 0, 5, 294.07, 5237651, 558, 0, 0
21438, 129, 225, 377, 0, 0, 26.70%, 0, 0, 5, 298.66, 5238756, 558, 0, 0
21443, 129, 329, 377, 0, 0, 26.70%, 0, 0, 5, 31.54, 5240070, 558, 0, 0
21448, 129, 5, 377, 0, 0, 26.70%, 0, 0, 5, 296.97, 5241401, 558, 0, 0
21454, 129, 255, 377, 0, 0, 26.70%, 0, 0, 5, 253.75, 5242486, 558, 0, 0
21459, 129, 172, 377, 0, 0, 26.70%, 0, 0, 5, 168.32, 5243548, 558, 0, 0
21464, 129, 133, 377, 0, 0, 26.70%, 0, 0, 5, 268.66, 5245061, 558, 0, 0
21469, 129, 328, 377, 0, 0, 26.70%, 0, 0, 5, 265.41, 5246181, 558, 0, 0
21474, 129, 192, 377, 0, 0, 26.70%, 0, 0, 5, 298.35, 5247295, 558, 0, 0
21479, 129, 192, 377, 0, 0, 26.70%, 0, 0, 5, 31.62, 5248565, 558, 0, 0
21485, 129, 98, 377, 0, 0, 26.70%, 0, 0, 5, 292.94, 5249936, 558, 0, 0
21490, 129, 359, 377, 0, 0, 26.70%, 0, 0, 5, 298.40, 5251051, 558, 0, 0
21495, 129, 145, 377, 0, 0, 26.70%, 0, 0, 5, 265.56, 5252126, 558, 0, 0
21500, 129, 126, 377, 0, 0, 26.70%, 0, 0, 5, 280.13, 5253591, 558, 0, 0
21505, 129, 173, 377, 0, 0, 26.70%, 0, 0, 5, 295.86, 5254671, 558, 0, 0
21510, 129, 329, 377, 0, 0, 26.70%, 0, 0, 5, 283.32, 5255731, 558, 0, 0
21515, 130, 176, 377, 0, 0, 26.70%, 0, 0, 5, 34.62, 5257148, 558, 0, 0
21520, 130, 112, 377, 0, 0, 26.70%, 0, 0, 5, 297.54, 5258356, 558, 0, 0
21525, 130, 359, 377, 0, 0, 26.70%, 0, 0, 5, 270.93, 5259461, 558, 0, 0
21530, 130, 221, 377, 0, 0, 26.70%, 0, 0, 5, 33.95, 5260596, 558, 0, 0
21536, 130, 133, 377, 0, 0, 26.70%, 0, 0, 5, 296.99, 5262091, 558, 0, 0
21541, 130, 118, 377, 0, 0, 26.70%, 0, 0, 5, 251.01, 5263156, 558, 0, 0
21546, 130, 192, 377, 0, 0, 26.70%, 0, 0, 5, 290.48, 5264226, 558, 0, 0
21551, 130, 349, 377, 0, 0, 26.70%, 0, 0, 5, 283.04, 5265701, 558, 0, 0
21556, 130, 342, 377, 0, 0, 26.70%, 0, 0, 5, 290.67, 5266841, 558, 0, 0
21561, 130, 79, 377, 0, 0, 26.70%, 0, 0, 5, 294.08, 5267921, 558, 0, 0
21566, 130, 238, 377, 0, 0, 26.70%, 0, 0, 5, 31.20, 5269099, 558, 0, 0
21571, 130, 328, 377, 0, 0, 26.70%, 0, 0, 5, 285.98, 5270556, 558, 0, 0
21577, 130, 351, 377, 0, 0, 26.70%, 0, 0, 5, 293.21, 5271666, 558, 0, 0
21582, 130, 176, 377, 0, 0, 26.70%, 0, 0, 5, 216.45, 5272772, 558, 0, 0
21587, 130, 238, 377, 0, 0, 26.70%, 0, 0, 5, 31.65, 5274191, 558, 0, 0
21592, 130, 53, 377, 0, 0, 26.70%, 0, 0, 5, 289.76, 5275331, 558, 0, 0
21597, 130, 133, 377, 0, 0, 26.70%, 0, 0, 5, 291.05, 5276401, 558, 0, 0
21599, 130, 48, 377, 0, 0, 26.70%, 0, 0, 5, 0.00, 5276956, 558, 0, 0
