# relative_time, cycles_done, cur_item, corpus_count, pending_total, pending_favs, map_size, saved_crashes, saved_hangs, max_depth, execs_per_sec, total_execs, edges_found, total_crashes, servers_count
61, 0, 0, 46, 46, 4, 12.57%, 0, 0, 2, 431.97, 27767, 426, 0, 0
66, 0, 0, 46, 46, 4, 12.57%, 0, 0, 2, 373.75, 29582, 426, 0, 0
71, 0, 0, 48, 48, 4, 12.57%, 0, 0, 2, 427.73, 31877, 426, 0, 0
76, 0, 0, 48, 48, 4, 12.57%, 0, 0, 2, 439.99, 34157, 426, 0, 0
81, 0, 0, 48, 48, 4, 12.57%, 0, 0, 2, 441.67, 36389, 426, 0, 0
86, 0, 0, 48, 48, 4, 12.57%, 0, 0, 2, 417.44, 38549, 426, 0, 0
91, 0, 0, 48, 48, 4, 12.57%, 0, 0, 2, 421.77, 40621, 426, 0, 0
96, 0, 0, 48, 48, 4, 12.57%, 0, 0, 2, 443.35, 42925, 426, 0, 0
102, 0, 0, 48, 48, 4, 12.57%, 0, 0, 2, 447.15, 45221, 426, 0, 0
107, 0, 0, 48, 48, 4, 12.57%, 0, 0, 2, 448.34, 47525, 426, 0, 0
112, 0, 0, 48, 48, 4, 12.57%, 0, 0, 2, 432.24, 49677, 426, 0, 0
117, 0, 1, 48, 47, 23, 12.57%, 0, 0, 2, 448.77, 51974, 426, 0, 0
122, 0, 35, 48, 29, 5, 12.57%, 0, 0, 2, 453.58, 54299, 426, 0, 0
127, 0, 10, 48, 22, 0, 12.57%, 0, 0, 2, 452.70, 56633, 426, 0, 0
132, 1, 43, 48, 18, 0, 12.57%, 0, 0, 2, 429.69, 58836, 426, 0, 0
137, 1, 30, 49, 15, 0, 12.57%, 0, 0, 3, 455.12, 61191, 426, 0, 0
142, 2, 22, 49, 11, 0, 12.57%, 0, 0, 3, 456.79, 63498, 426, 0, 0
148, 2, 48, 54, 15, 0, 12.72%, 0, 0, 4, 447.51, 65777, 431, 0, 0
153, 2, 51, 54, 14, 3, 12.72%, 0, 0, 4, 411.88, 67888, 431, 0, 0
158, 2, 54, 55, 12, 0, 12.72%, 0, 0, 5, 445.41, 70216, 431, 0, 0
163, 2, 20, 55, 11, 0, 12.72%, 0, 0, 5, 456.29, 72551, 431, 0, 0
168, 3, 1, 55, 8, 0, 12.72%, 0, 0, 5, 454.72, 74874, 431, 0, 0
173, 3, 15, 55, 8, 0, 12.72%, 0, 0, 5, 417.79, 77025, 431, 0, 0
178, 3, 24, 55, 7, 0, 12.72%, 0, 0, 5, 454.16, 79393, 431, 0, 0
183, 4, 52, 55, 7, 0, 12.72%, 0, 0, 5, 459.71, 81748, 431, 0, 0
188, 4, 53, 55, 5, 0, 12.72%, 0, 0, 5, 459.16, 84085, 431, 0, 0
193, 5, 28, 55, 4, 0, 12.72%, 0, 0, 5, 426.71, 86307, 431, 0, 0
199, 5, 2, 55, 4, 0, 12.72%, 0, 0, 5, 454.09, 88638, 431, 0, 0
204, 5, 7, 55, 3, 0, 12.72%, 0, 0, 5, 456.35, 90959, 431, 0, 0
209, 6, 44, 55, 3, 0, 12.72%, 0, 0, 5, 458.47, 93286, 431, 0, 0
214, 6, 30, 55, 2, 0, 12.72%, 0, 0, 5, 456.34, 95598, 431, 0, 0
219, 6, 1, 55, 2, 0, 12.72%, 0, 0, 5, 448.71, 97774, 431, 0, 0
224, 7, 28, 55, 2, 0, 12.72%, 0, 0, 5, 457.61, 100125, 431, 0, 0
229, 7, 30, 55, 2, 0, 12.72%, 0, 0, 5, 457.22, 102425, 431, 0, 0
234, 8, 2, 55, 1, 0, 12.72%, 0, 0, 5, 454.00, 104753, 431, 0, 0
239, 8, 7, 55, 1, 0, 12.72%, 0, 0, 5, 443.80, 106922, 431, 0, 0
244, 8, 30, 55, 1, 0, 12.72%, 0, 0, 5, 455.55, 109244, 431, 0, 0
249, 9, 51, 55, 1, 0, 12.72%, 0, 0, 5, 450.53, 111525, 431, 0, 0
254, 9, 24, 55, 1, 0, 12.72%, 0, 0, 5, 455.79, 113844, 431, 0, 0
259, 9, 12, 55, 1, 0, 12.72%, 0, 0, 5, 439.67, 115998, 431, 0, 0
264, 10, 7, 56, 2, 0, 12.72%, 0, 0, 5, 453.45, 118296, 431, 0, 0
269, 10, 55, 56, 2, 0, 12.72%, 0, 0, 5, 455.27, 120595, 431, 0, 0
274, 10, 23, 56, 1, 0, 12.72%, 0, 0, 5, 455.31, 122891, 431, 0, 0
280, 11, 2, 56, 1, 0, 12.72%, 0, 0, 5, 433.85, 125053, 431, 0, 0
285, 11, 20, 56, 1, 0, 12.72%, 0, 0, 5, 32.15, 126876, 431, 0, 0
290, 11, 23, 56, 1, 0, 12.72%, 0, 0, 5, 410.92, 128966, 431, 0, 0
295, 12, 52, 56, 0, 0, 12.72%, 0, 0, 5, 424.23, 130669, 431, 0, 0
300, 12, 28, 56, 0, 0, 12.72%, 0, 0, 5, 455.77, 133002, 431, 0, 0
305, 12, 36, 56, 0, 0, 12.72%, 0, 0, 5, 460.00, 134773, 431, 0, 0
310, 13, 51, 56, 0, 0, 12.72%, 0, 0, 5, 466.45, 137176, 431, 0, 0
316, 13, 24, 56, 0, 0, 12.72%, 0, 0, 5, 465.80, 139558, 431, 0, 0
321, 13, 28, 56, 0, 0, 12.72%, 0, 0, 5, 458.94, 141277, 431, 0, 0
326, 14, 38, 56, 0, 0, 12.72%, 0, 0, 5, 463.53, 143668, 431, 0, 0
331, 14, 28, 56, 0, 0, 12.72%, 0, 0, 5, 309.02, 145455, 431, 0, 0
336, 14, 40, 56, 0, 0, 12.72%, 0, 0, 5, 417.08, 147765, 431, 0, 0
341, 14, 51, 56, 0, 0, 12.72%, 0, 0, 5, 32.94, 149723, 431, 0, 0
346, 15, 38, 56, 0, 0, 12.72%, 0, 0, 5, 460.99, 151806, 431, 0, 0
351, 15, 28, 56, 0, 0, 12.72%, 0, 0, 5, 32.86, 153819, 431, 0, 0
356, 15, 38, 56, 0, 0, 12.72%, 0, 0, 5, 463.17, 155943, 431, 0, 0
361, 16, 36, 56, 0, 0, 12.72%, 0, 0, 5, 32.93, 157982, 431, 0, 0
367, 16, 36, 56, 0, 0, 12.72%, 0, 0, 5, 391.43, 160025, 431, 0, 0
372, 17, 7, 56, 0, 0, 12.72%, 0, 0, 5, 428.08, 162243, 431, 0, 0
377, 17, 9, 56, 0, 0, 12.72%, 0, 0, 5, 424.70, 164091, 431, 0, 0
382, 17, 2, 56, 0, 0, 12.72%, 0, 0, 5, 434.04, 166292, 431, 0, 0
387, 17, 38, 56, 0, 0, 12.72%, 0, 0, 5, 450.83, 168093, 431, 0, 0
392, 18, 10, 56, 0, 0, 12.72%, 0, 0, 5, 33.14, 169958, 431, 0, 0
397, 18, 44, 56, 0, 0, 12.72%, 0, 0, 5, 466.14, 172157, 431, 0, 0
402, 18, 28, 56, 0, 0, 12.72%, 0, 0, 5, 32.51, 173938, 431, 0, 0
407, 19, 32, 56, 0, 0, 12.72%, 0, 0, 5, 436.15, 176239, 431, 0, 0
412, 19, 44, 56, 0, 0, 12.72%, 0, 0, 5, 33.01, 177939, 431, 0, 0
417, 19, 30, 56, 0, 0, 12.72%, 0, 0, 5, 456.85, 180278, 431, 0, 0
422, 20, 30, 56, 0, 0, 12.72%, 0, 0, 5, 467.48, 181969, 431, 0, 0
427, 20, 32, 56, 0, 0, 12.72%, 0, 0, 5, 455.38, 184232, 431, 0, 0
432, 20, 51, 56, 0, 0, 12.72%, 0, 0, 5, 316.38, 185913, 431, 0, 0
438, 21, 51, 56, 0, 0, 12.72%, 0, 0, 5, 433.41, 188325, 431, 0, 0
443, 21, 51, 56, 0, 0, 12.72%, 0, 0, 5, 467.54, 190106, 431, 0, 0
448, 21, 44, 56, 0, 0, 12.72%, 0, 0, 5, 464.49, 192506, 431, 0, 0
453, 22, 38, 56, 0, 0, 12.72%, 0, 0, 5, 346.19, 194276, 431, 0, 0
459, 22, 52, 56, 0, 0, 12.72%, 0, 0, 5, 75.69, 196623, 431, 0, 0
464, 22, 36, 56, 0, 0, 12.72%, 0, 0, 5, 428.86, 198559, 431, 0, 0
469, 23, 2, 56, 0, 0, 12.72%, 0, 0, 5, 32.08, 200442, 431, 0, 0
474, 23, 51, 56, 0, 0, 12.72%, 0, 0, 5, 466.00, 202626, 431, 0, 0
479, 23, 17, 56, 0, 0, 12.72%, 0, 0, 5, 469.99, 204399, 431, 0, 0
484, 24, 18, 56, 0, 0, 12.72%, 0, 0, 5, 464.13, 206763, 431, 0, 0
489, 24, 44, 56, 0, 0, 12.72%, 0, 0, 5, 366.31, 208499, 431, 0, 0
494, 24, 18, 56, 0, 0, 12.72%, 0, 0, 5, 446.14, 210860, 431, 0, 0
499, 25, 20, 56, 0, 0, 12.72%, 0, 0, 5, 343.50, 212591, 431, 0, 0
505, 25, 55, 56, 0, 0, 12.72%, 0, 0, 5, 424.72, 214897, 431, 0, 0
510, 25, 51, 56, 0, 0, 12.72%, 0, 0, 5, 468.69, 216755, 431, 0, 0
515, 26, 15, 56, 0, 0, 12.72%, 0, 0, 5, 381.19, 218467, 431, 0, 0
520, 26, 21, 56, 0, 0, 12.72%, 0, 0, 5, 446.16, 220833, 431, 0, 0
525, 26, 30, 56, 0, 0, 12.72%, 0, 0, 5, 464.12, 222555, 431, 0, 0
530, 27, 1, 56, 0, 0, 12.72%, 0, 0, 5, 463.64, 224927, 431, 0, 0
535, 27, 20, 56, 0, 0, 12.72%, 0, 0, 5, 461.50, 226700, 431, 0, 0
540, 27, 20, 56, 0, 0, 12.72%, 0, 0, 5, 33.09, 228809, 431, 0, 0
545, 28, 2, 56, 0, 0, 12.72%, 0, 0, 5, 399.54, 230793, 431, 0, 0
551, 28, 20, 56, 0, 0, 12.72%, 0, 0, 5, 324.60, 232555, 431, 0, 0
556, 28, 12, 56, 0, 0, 12.72%, 0, 0, 5, 435.14, 234877, 431, 0, 0
561, 28, 32, 56, 0, 0, 12.72%, 0, 0, 5, 422.80, 236593, 431, 0, 0
566, 29, 28, 56, 0, 0, 12.72%, 0, 0, 5, 456.28, 238946, 431, 0, 0
571, 29, 12, 56, 0, 0, 12.72%, 0, 0, 5, 464.00, 240683, 431, 0, 0
576, 29, 20, 56, 0, 0, 12.72%, 0, 0, 5, 59.34, 242538, 431, 0, 0
581, 30, 31, 56, 0, 0, 12.72%, 0, 0, 5, 434.34, 244778, 431, 0, 0
586, 30, 15, 56, 0, 0, 12.72%, 0, 0, 5, 451.78, 246519, 431, 0, 0
591, 31, 30, 56, 0, 0, 12.72%, 0, 0, 5, 461.93, 248910, 431, 0, 0
596, 31, 15, 56, 0, 0, 12.72%, 0, 0, 5, 425.17, 250626, 431, 0, 0
602, 31, 28, 62, 6, 0, 13.37%, 0, 0, 5, 80.12, 252901, 453, 0, 0
607, 31, 28, 64, 8, 0, 13.49%, 0, 0, 5, 458.36, 254751, 457, 0, 0
612, 31, 28, 64, 8, 0, 13.49%, 0, 0, 5, 72.13, 256443, 457, 0, 0
617, 31, 28, 64, 8, 0, 13.49%, 0, 0, 5, 462.26, 258810, 457, 0, 0
622, 31, 28, 64, 8, 0, 13.49%, 0, 0, 5, 274.40, 260559, 457, 0, 0
627, 31, 28, 64, 8, 0, 13.49%, 0, 0, 5, 422.04, 262870, 457, 0, 0
632, 31, 28, 66, 10, 0, 13.49%, 0, 0, 5, 328.03, 264548, 457, 0, 0
639, 31, 62, 66, 9, 2, 13.49%, 0, 0, 5, 387.15, 267005, 457, 0, 0
645, 31, 61, 66, 7, 0, 13.49%, 0, 0, 5, 440.70, 269952, 457, 0, 0
650, 31, 56, 68, 8, 0, 13.49%, 0, 0, 5, 468.82, 271683, 457, 0, 0
656, 31, 63, 68, 7, 0, 13.49%, 0, 0, 5, 59.90, 273785, 457, 0, 0
661, 31, 51, 68, 7, 0, 13.49%, 0, 0, 5, 427.62, 275704, 457, 0, 0
666, 31, 59, 68, 7, 0, 13.49%, 0, 0, 5, 438.31, 277401, 457, 0, 0
671, 31, 66, 68, 5, 0, 13.49%, 0, 0, 5, 459.13, 279793, 457, 0, 0
676, 32, 63, 68, 4, 0, 13.49%, 0, 0, 5, 452.39, 281489, 457, 0, 0
681, 32, 58, 68, 4, 0, 13.49%, 0, 0, 5, 457.60, 283949, 457, 0, 0
686, 32, 67, 68, 3, 0, 13.49%, 0, 0, 5, 442.50, 285741, 457, 0, 0
691, 32, 67, 68, 3, 0, 13.49%, 0, 0, 5, 296.47, 287482, 457, 0, 0
696, 32, 57, 68, 2, 0, 13.49%, 0, 0, 5, 430.32, 289880, 457, 0, 0
702, 32, 15, 68, 2, 0, 13.49%, 0, 0, 5, 434.00, 291580, 457, 0, 0
707, 33, 60, 68, 2, 0, 13.49%, 0, 0, 5, 32.49, 293841, 457, 0, 0
712, 33, 23, 68, 1, 0, 13.49%, 0, 0, 5, 359.59, 295728, 457, 0, 0
717, 33, 65, 68, 1, 0, 13.49%, 0, 0, 5, 467.80, 297423, 457, 0, 0
722, 33, 23, 68, 0, 0, 13.49%, 0, 0, 5, 463.93, 299804, 457, 0, 0
727, 33, 53, 68, 0, 0, 13.49%, 0, 0, 5, 435.52, 301489, 457, 0, 0
732, 34, 17, 68, 0, 0, 13.49%, 0, 0, 5, 438.68, 303797, 457, 0, 0
738, 34, 12, 68, 0, 0, 13.49%, 0, 0, 5, 464.65, 305643, 457, 0, 0
743, 34, 2, 68, 0, 0, 13.49%, 0, 0, 5, 381.44, 307339, 457, 0, 0
748, 34, 51, 68, 0, 0, 13.49%, 0, 0, 5, 444.81, 309661, 457, 0, 0
753, 34, 15, 68, 0, 0, 13.49%, 0, 0, 5, 466.89, 311379, 457, 0, 0
758, 35, 53, 68, 0, 0, 13.49%, 0, 0, 5, 33.33, 313533, 457, 0, 0
763, 35, 59, 68, 0, 0, 13.49%, 0, 0, 5, 423.94, 315385, 457, 0, 0
768, 35, 9, 68, 0, 0, 13.49%, 0, 0, 5, 462.69, 317100, 457, 0, 0
773, 35, 7, 68, 0, 0, 13.49%, 0, 0, 5, 454.38, 319334, 457, 0, 0
778, 36, 53, 68, 0, 0, 13.49%, 0, 0, 5, 394.81, 321044, 457, 0, 0
783, 36, 53, 68, 0, 0, 13.49%, 0, 0, 5, 54.79, 323221, 457, 0, 0
788, 36, 7, 68, 0, 0, 13.49%, 0, 0, 5, 439.51, 325090, 457, 0, 0
793, 36, 65, 68, 0, 0, 13.49%, 0, 0, 5, 460.03, 326770, 457, 0, 0
798, 37, 20, 68, 0, 0, 13.49%, 0, 0, 5, 463.57, 329153, 457, 0, 0
804, 37, 1, 68, 0, 0, 13.49%, 0, 0, 5, 397.06, 330889, 457, 0, 0
809, 37, 40, 68, 0, 0, 13.49%, 0, 0, 5, 33.33, 333014, 457, 0, 0
814, 37, 20, 68, 0, 0, 13.49%, 0, 0, 5, 467.95, 334925, 457, 0, 0
819, 38, 1, 68, 0, 0, 13.49%, 0, 0, 5, 425.42, 336490, 457, 0, 0
824, 38, 10, 68, 0, 0, 13.49%, 0, 0, 5, 452.46, 338798, 457, 0, 0
829, 38, 20, 68, 0, 0, 13.49%, 0, 0, 5, 393.94, 340475, 457, 0, 0
834, 38, 51, 68, 0, 0, 13.49%, 0, 0, 5, 32.88, 342363, 457, 0, 0
839, 39, 44, 68, 0, 0, 13.49%, 0, 0, 5, 461.98, 344571, 457, 0, 0
844, 39, 15, 68, 0, 0, 13.49%, 0, 0, 5, 463.55, 346298, 457, 0, 0
849, 39, 1, 68, 0, 0, 13.49%, 0, 0, 5, 441.34, 348616, 457, 0, 0
854, 39, 65, 68, 0, 0, 13.49%, 0, 0, 5, 431.45, 350474, 457, 0, 0
860, 40, 44, 68, 0, 0, 13.49%, 0, 0, 5, 463.01, 352189, 457, 0, 0
865, 40, 51, 68, 0, 0, 13.49%, 0, 0, 5, 458.14, 354415, 457, 0, 0
870, 40, 23, 68, 0, 0, 13.49%, 0, 0, 5, 372.02, 356075, 457, 0, 0
875, 40, 35, 68, 0, 0, 13.49%, 0, 0, 5, 32.90, 357943, 457, 0, 0
880, 41, 67, 68, 0, 0, 13.49%, 0, 0, 5, 441.67, 360086, 457, 0, 0
885, 41, 2, 68, 0, 0, 13.49%, 0, 0, 5, 464.71, 361853, 457, 0, 0
890, 41, 57, 68, 0, 0, 13.49%, 0, 0, 5, 464.23, 364235, 457, 0, 0
895, 41, 9, 68, 0, 0, 13.49%, 0, 0, 5, 457.64, 365907, 457, 0, 0
900, 41, 15, 68, 0, 0, 13.49%, 0, 0, 5, 417.91, 367625, 457, 0, 0
905, 42, 17, 68, 0, 0, 13.49%, 0, 0, 5, 453.47, 369971, 457, 0, 0
910, 42, 63, 68, 0, 0, 13.49%, 0, 0, 5, 393.86, 371673, 457, 0, 0
915, 42, 23, 68, 0, 0, 13.49%, 0, 0, 5, 44.69, 373882, 457, 0, 0
921, 43, 1, 68, 0, 0, 13.49%, 0, 0, 5, 466.11, 375725, 457, 0, 0
926, 43, 1, 68, 0, 0, 13.49%, 0, 0, 5, 285.84, 377441, 457, 0, 0
931, 43, 53, 68, 0, 0, 13.49%, 0, 0, 5, 428.93, 379850, 457, 0, 0
936, 43, 12, 68, 0, 0, 13.49%, 0, 0, 5, 463.40, 381571, 457, 0, 0
941, 44, 51, 68, 0, 0, 13.49%, 0, 0, 5, 33.33, 383662, 457, 0, 0
946, 44, 9, 68, 0, 0, 13.49%, 0, 0, 5, 422.99, 385682, 457, 0, 0
952, 44, 7, 68, 0, 0, 13.49%, 0, 0, 5, 354.74, 387417, 457, 0, 0
957, 44, 67, 68, 0, 0, 13.49%, 0, 0, 5, 443.37, 389755, 457, 0, 0
962, 44, 53, 68, 0, 0, 13.49%, 0, 0, 5, 420.58, 391503, 457, 0, 0
967, 45, 51, 68, 0, 0, 13.49%, 0, 0, 5, 62.26, 393218, 457, 0, 0
972, 45, 25, 68, 0, 0, 13.49%, 0, 0, 5, 463.92, 395545, 457, 0, 0
977, 45, 24, 68, 0, 0, 13.49%, 0, 0, 5, 313.17, 397323, 457, 0, 0
982, 45, 21, 68, 0, 0, 13.49%, 0, 0, 5, 32.79, 399551, 457, 0, 0
987, 46, 18, 68, 0, 0, 13.49%, 0, 0, 5, 465.74, 401372, 457, 0, 0
992, 46, 24, 68, 0, 0, 13.49%, 0, 0, 5, 375.60, 403118, 457, 0, 0
997, 46, 65, 68, 0, 0, 13.49%, 0, 0, 5, 446.61, 405455, 457, 0, 0
1002, 46, 44, 68, 0, 0, 13.49%, 0, 0, 5, 450.21, 407123, 457, 0, 0
1007, 47, 17, 68, 0, 0, 13.49%, 0, 0, 5, 32.58, 409150, 457, 0, 0
1012, 47, 23, 68, 0, 0, 13.49%, 0, 0, 5, 465.03, 411181, 457, 0, 0
1018, 47, 9, 68, 0, 0, 13.49%, 0, 0, 5, 463.36, 412863, 457, 0, 0
1023, 47, 20, 68, 0, 0, 13.49%, 0, 0, 5, 465.52, 415263, 457, 0, 0
1028, 48, 7, 68, 0, 0, 13.49%, 0, 0, 5, 459.35, 416990, 457, 0, 0
1033, 48, 44, 68, 0, 0, 13.49%, 0, 0, 5, 32.95, 418947, 457, 0, 0
1038, 48, 24, 68, 0, 0, 13.49%, 0, 0, 5, 422.65, 421124, 457, 0, 0
1043, 48, 1, 68, 0, 0, 13.49%, 0, 0, 5, 470.43, 422818, 457, 0, 0
1048, 49, 19, 68, 0, 0, 13.49%, 0, 0, 5, 464.02, 425155, 457, 0, 0
1053, 49, 44, 68, 0, 0, 13.49%, 0, 0, 5, 452.51, 426891, 457, 0, 0
1059, 49, 35, 68, 0, 0, 13.49%, 0, 0, 5, 32.61, 428757, 457, 0, 0
1064, 49, 20, 68, 0, 0, 13.49%, 0, 0, 5, 417.98, 431000, 457, 0, 0
1069, 50, 23, 68, 0, 0, 13.49%, 0, 0, 5, 464.50, 432727, 457, 0, 0
1074, 50, 31, 68, 0, 0, 13.49%, 0, 0, 5, 465.23, 435118, 457, 0, 0
1079, 50, 52, 68, 0, 0, 13.49%, 0, 0, 5, 392.94, 436827, 457, 0, 0
1084, 50, 20, 68, 0, 0, 13.49%, 0, 0, 5, 32.71, 438562, 457, 0, 0
1089, 51, 47, 68, 0, 0, 13.49%, 0, 0, 5, 431.38, 440924, 457, 0, 0
1094, 51, 18, 68, 0, 0, 13.49%, 0, 0, 5, 305.53, 442658, 457, 0, 0
1100, 51, 15, 68, 0, 0, 13.49%, 0, 0, 5, 433.30, 445068, 457, 0, 0
1105, 51, 33, 68, 0, 0, 13.49%, 0, 0, 5, 371.71, 446735, 457, 0, 0
1110, 52, 17, 68, 0, 0, 13.49%, 0, 0, 5, 33.37, 448495, 457, 0, 0
1115, 52, 44, 68, 0, 0, 13.49%, 0, 0, 5, 463.82, 450782, 457, 0, 0
1120, 52, 51, 68, 0, 0, 13.49%, 0, 0, 5, 324.83, 452488, 457, 0, 0
1125, 52, 51, 68, 0, 0, 13.49%, 0, 0, 5, 434.72, 454888, 457, 0, 0
1130, 53, 38, 68, 0, 0, 13.49%, 0, 0, 5, 460.21, 456609, 457, 0, 0
1135, 53, 51, 68, 0, 0, 13.49%, 0, 0, 5, 32.80, 458404, 457, 0, 0
1140, 53, 12, 68, 0, 0, 13.49%, 0, 0, 5, 465.20, 460718, 457, 0, 0
1146, 53, 44, 68, 0, 0, 13.49%, 0, 0, 5, 460.15, 462427, 457, 0, 0
1151, 54, 38, 68, 0, 0, 13.49%, 0, 0, 5, 463.33, 464809, 457, 0, 0
1156, 54, 57, 68, 0, 0, 13.49%, 0, 0, 5, 370.01, 466498, 457, 0, 0
1161, 54, 51, 68, 0, 0, 13.49%, 0, 0, 5, 32.95, 468329, 457, 0, 0
1166, 54, 33, 68, 0, 0, 13.49%, 0, 0, 5, 443.56, 470624, 457, 0, 0
1171, 54, 65, 68, 0, 0, 13.49%, 0, 0, 5, 306.62, 472327, 457, 0, 0
1176, 55, 51, 68, 0, 0, 13.49%, 0, 0, 5, 430.30, 474648, 457, 0, 0
1181, 55, 44, 68, 0, 0, 13.49%, 0, 0, 5, 379.66, 476405, 457, 0, 0
1186, 55, 66, 68, 0, 0, 13.49%, 0, 0, 5, 33.30, 478390, 457, 0, 0
1191, 55, 24, 68, 0, 0, 13.49%, 0, 0, 5, 466.11, 480491, 457, 0, 0
1196, 56, 12, 68, 0, 0, 13.49%, 0, 0, 5, 422.07, 482152, 457, 0, 0
1202, 56, 44, 68, 0, 0, 13.49%, 0, 0, 5, 452.61, 484500, 457, 0, 0
1207, 56, 17, 68, 0, 0, 13.49%, 0, 0, 5, 461.30, 486173, 457, 0, 0
1212, 56, 51, 68, 0, 0, 13.49%, 0, 0, 5, 33.11, 488292, 457, 0, 0
1217, 57, 21, 68, 0, 0, 13.49%, 0, 0, 5, 462.79, 490218, 457, 0, 0
1222, 57, 51, 68, 0, 0, 13.49%, 0, 0, 5, 248.81, 491912, 457, 0, 0
1227, 57, 56, 68, 0, 0, 13.49%, 0, 0, 5, 422.22, 494300, 457, 0, 0
1232, 57, 64, 68, 0, 0, 13.49%, 0, 0, 5, 473.43, 496072, 457, 0, 0
1237, 58, 12, 68, 0, 0, 13.49%, 0, 0, 5, 446.78, 498418, 457, 0, 0
1242, 58, 44, 68, 0, 0, 13.49%, 0, 0, 5, 408.51, 500224, 457, 0, 0
1248, 58, 24, 68, 0, 0, 13.49%, 0, 0, 5, 462.57, 501955, 457, 0, 0
1253, 58, 1, 68, 0, 0, 13.49%, 0, 0, 5, 454.40, 504264, 457, 0, 0
1258, 59, 20, 68, 0, 0, 13.49%, 0, 0, 5, 467.73, 505973, 457, 0, 0
1263, 59, 38, 68, 0, 0, 13.49%, 0, 0, 5, 447.33, 508318, 457, 0, 0
1268, 59, 63, 68, 0, 0, 13.49%, 0, 0, 5, 379.80, 510096, 457, 0, 0
1273, 59, 53, 68, 0, 0, 13.49%, 0, 0, 5, 65.96, 511805, 457, 0, 0
1278, 60, 17, 68, 0, 0, 13.49%, 0, 0, 5, 462.11, 514182, 457, 0, 0
1284, 60, 51, 68, 0, 0, 13.49%, 0, 0, 5, 464.86, 515964, 457, 0, 0
1289, 60, 9, 68, 0, 0, 13.49%, 0, 0, 5, 464.53, 518337, 457, 0, 0
1294, 60, 18, 68, 0, 0, 13.49%, 0, 0, 5, 447.03, 520044, 457, 0, 0
1299, 61, 51, 68, 0, 0, 13.49%, 0, 0, 5, 32.81, 521885, 457, 0, 0
1304, 61, 9, 68, 0, 0, 13.49%, 0, 0, 5, 421.82, 524068, 457, 0, 0
1309, 61, 7, 68, 0, 0, 13.49%, 0, 0, 5, 443.29, 525724, 457, 0, 0
1314, 61, 63, 68, 0, 0, 13.49%, 0, 0, 5, 458.52, 528072, 457, 0, 0
1319, 62, 68, 69, 1, 1, 13.52%, 0, 0, 5, 403.97, 529802, 458, 0, 0
1324, 62, 68, 69, 0, 0, 13.52%, 0, 0, 5, 32.76, 531658, 458, 0, 0
1330, 62, 9, 69, 0, 0, 13.52%, 0, 0, 5, 407.13, 533902, 458, 0, 0
1335, 62, 17, 69, 0, 0, 13.52%, 0, 0, 5, 437.42, 535662, 458, 0, 0
1340, 63, 22, 69, 0, 0, 13.52%, 0, 0, 5, 455.32, 538033, 458, 0, 0
1345, 63, 12, 69, 0, 0, 13.52%, 0, 0, 5, 465.14, 539733, 458, 0, 0
1350, 63, 1, 69, 0, 0, 13.52%, 0, 0, 5, 32.63, 541591, 458, 0, 0
1355, 63, 51, 69, 0, 0, 13.52%, 0, 0, 5, 433.87, 543886, 458, 0, 0
1360, 63, 51, 69, 0, 0, 13.52%, 0, 0, 5, 314.07, 545584, 458, 0, 0
1365, 64, 53, 69, 0, 0, 13.52%, 0, 0, 5, 437.80, 547990, 458, 0, 0
1371, 64, 44, 69, 0, 0, 13.52%, 0, 0, 5, 437.89, 549746, 458, 0, 0
1376, 64, 1, 69, 0, 0, 13.52%, 0, 0, 5, 33.19, 551533, 458, 0, 0
1381, 64, 51, 69, 0, 0, 13.52%, 0, 0, 5, 414.09, 553922, 458, 0, 0
1386, 64, 51, 69, 0, 0, 13.52%, 0, 0, 5, 370.23, 555674, 458, 0, 0
1391, 65, 68, 69, 0, 0, 13.52%, 0, 0, 5, 445.75, 558030, 458, 0, 0
1396, 65, 7, 69, 0, 0, 13.52%, 0, 0, 5, 398.27, 559797, 458, 0, 0
1401, 65, 51, 69, 0, 0, 13.52%, 0, 0, 5, 457.38, 561468, 458, 0, 0
1406, 65, 12, 69, 0, 0, 13.52%, 0, 0, 5, 465.19, 563842, 458, 0, 0
1411, 65, 3, 69, 0, 0, 13.52%, 0, 0, 5, 468.88, 565578, 458, 0, 0
1417, 66, 38, 69, 0, 0, 13.52%, 0, 0, 5, 446.35, 567924, 458, 0, 0
1422, 66, 24, 69, 0, 0, 13.52%, 0, 0, 5, 394.81, 569827, 458, 0, 0
1427, 66, 11, 69, 0, 0, 13.52%, 0, 0, 5, 298.51, 571510, 458, 0, 0
1432, 66, 29, 69, 0, 0, 13.52%, 0, 0, 5, 431.81, 573922, 458, 0, 0
1437, 66, 7, 69, 0, 0, 13.52%, 0, 0, 5, 389.24, 575683, 458, 0, 0
1443, 67, 44, 69, 0, 0, 13.52%, 0, 0, 5, 426.48, 577970, 458, 0, 0
1448, 67, 44, 69, 0, 0, 13.52%, 0, 0, 5, 466.53, 579805, 458, 0, 0
1453, 67, 7, 69, 0, 0, 13.52%, 0, 0, 5, 215.53, 581539, 458, 0, 0
1458, 67, 51, 69, 0, 0, 13.52%, 0, 0, 5, 418.39, 583934, 458, 0, 0
1463, 68, 44, 69, 0, 0, 13.52%, 0, 0, 5, 345.50, 585636, 458, 0, 0
1468, 68, 23, 69, 0, 0, 13.52%, 0, 0, 5, 438.98, 588038, 458, 0, 0
1473, 68, 44, 69, 0, 0, 13.52%, 0, 0, 5, 402.42, 589748, 458, 0, 0
1478, 68, 5, 69, 0, 0, 13.52%, 0, 0, 5, 32.80, 591566, 458, 0, 0
1484, 69, 51, 69, 0, 0, 13.52%, 0, 0, 5, 413.87, 593918, 458, 0, 0
1489, 69, 51, 69, 0, 0, 13.52%, 0, 0, 5, 434.26, 595705, 458, 0, 0
1494, 69, 12, 69, 0, 0, 13.52%, 0, 0, 5, 458.43, 598051, 458, 0, 0
1499, 69, 43, 69, 0, 0, 13.52%, 0, 0, 5, 408.36, 599794, 458, 0, 0
1504, 69, 2, 69, 0, 0, 13.52%, 0, 0, 5, 32.84, 601683, 458, 0, 0
1509, 70, 43, 69, 0, 0, 13.52%, 0, 0, 5, 443.57, 603814, 458, 0, 0
1514, 70, 15, 69, 0, 0, 13.52%, 0, 0, 5, 311.47, 605530, 458, 0, 0
1519, 70, 51, 69, 0, 0, 13.52%, 0, 0, 5, 436.22, 607950, 458, 0, 0
1524, 70, 53, 69, 0, 0, 13.52%, 0, 0, 5, 466.01, 609668, 458, 0, 0
1530, 70, 66, 69, 0, 0, 13.52%, 0, 0, 5, 444.67, 611995, 458, 0, 0
1535, 71, 15, 69, 0, 0, 13.52%, 0, 0, 5, 463.72, 613905, 458, 0, 0
1540, 71, 51, 69, 0, 0, 13.52%, 0, 0, 5, 238.84, 615650, 458, 0, 0
1545, 71, 63, 69, 0, 0, 13.52%, 0, 0, 5, 420.91, 618038, 458, 0, 0
1550, 71, 32, 69, 0, 0, 13.52%, 0, 0, 5, 430.35, 619830, 458, 0, 0
1555, 72, 42, 69, 0, 0, 13.52%, 0, 0, 5, 457.47, 622169, 458, 0, 0
1560, 72, 1, 69, 0, 0, 13.52%, 0, 0, 5, 435.57, 623846, 458, 0, 0
1565, 72, 44, 69, 0, 0, 13.52%, 0, 0, 5, 41.31, 625779, 458, 0, 0
1570, 72, 26, 69, 0, 0, 13.52%, 0, 0, 5, 449.57, 627922, 458, 0, 0
1575, 73, 68, 69, 0, 0, 13.52%, 0, 0, 5, 468.69, 629624, 458, 0, 0
1581, 73, 51, 69, 0, 0, 13.52%, 0, 0, 5, 463.56, 631986, 458, 0, 0
1586, 73, 1, 69, 0, 0, 13.52%, 0, 0, 5, 458.56, 633751, 458, 0, 0
1591, 73, 2, 69, 0, 0, 13.52%, 0, 0, 5, 439.04, 635960, 458, 0, 0
1596, 73, 51, 69, 0, 0, 13.52%, 0, 0, 5, 465.36, 637887, 458, 0, 0
1601, 74, 68, 69, 0, 0, 13.52%, 0, 0, 5, 287.52, 639626, 458, 0, 0
1606, 74, 68, 69, 0, 0, 13.52%, 0, 0, 5, 433.81, 642066, 458, 0, 0
1611, 74, 44, 69, 0, 0, 13.52%, 0, 0, 5, 363.32, 643827, 458, 0, 0
1616, 74, 44, 69, 0, 0, 13.52%, 0, 0, 5, 443.52, 646154, 458, 0, 0
1622, 74, 68, 69, 0, 0, 13.52%, 0, 0, 5, 359.00, 647875, 458, 0, 0
1627, 75, 51, 69, 0, 0, 13.52%, 0, 0, 5, 32.00, 649995, 458, 0, 0
1632, 75, 68, 69, 0, 0, 13.52%, 0, 0, 5, 387.41, 651968, 458, 0, 0
1637, 75, 21, 69, 0, 0, 13.52%, 0, 0, 5, 410.48, 653695, 458, 0, 0
1642, 75, 53, 69, 0, 0, 13.52%, 0, 0, 5, 455.54, 656125, 458, 0, 0
1647, 75, 35, 69, 0, 0, 13.52%, 0, 0, 5, 363.46, 657807, 458, 0, 0
1652, 76, 15, 69, 0, 0, 13.52%, 0, 0, 5, 443.81, 660147, 458, 0, 0
1657, 76, 12, 69, 0, 0, 13.52%, 0, 0, 5, 419.62, 661855, 458, 0, 0
1662, 76, 51, 69, 0, 0, 13.52%, 0, 0, 5, 31.79, 663986, 458, 0, 0
1667, 76, 23, 69, 0, 0, 13.52%, 0, 0, 5, 390.31, 665977, 458, 0, 0
1672, 76, 51, 69, 0, 0, 13.52%, 0, 0, 5, 460.00, 667701, 458, 0, 0
1677, 77, 7, 69, 0, 0, 13.52%, 0, 0, 5, 461.64, 670052, 458, 0, 0
1683, 77, 53, 69, 0, 0, 13.52%, 0, 0, 5, 467.31, 671769, 458, 0, 0
1688, 77, 38, 69, 0, 0, 13.52%, 0, 0, 5, 460.07, 674079, 458, 0, 0
1693, 77, 12, 69, 0, 0, 13.52%, 0, 0, 5, 467.60, 675834, 458, 0, 0
1698, 77, 1, 69, 0, 0, 13.52%, 0, 0, 5, 33.21, 677979, 458, 0, 0
1703, 78, 15, 69, 0, 0, 13.52%, 0, 0, 5, 459.98, 679997, 458, 0, 0
1708, 78, 15, 69, 0, 0, 13.52%, 0, 0, 5, 411.22, 681755, 458, 0, 0
1713, 78, 17, 69, 0, 0, 13.52%, 0, 0, 5, 455.88, 684125, 458, 0, 0
1718, 78, 68, 69, 0, 0, 13.52%, 0, 0, 5, 440.38, 685867, 458, 0, 0
1723, 79, 24, 69, 0, 0, 13.52%, 0, 0, 5, 459.76, 688234, 458, 0, 0
1728, 79, 68, 69, 0, 0, 13.52%, 0, 0, 5, 465.12, 689940, 458, 0, 0
1734, 79, 63, 69, 0, 0, 13.52%, 0, 0, 5, 440.83, 692216, 458, 0, 0
1739, 79, 68, 69, 0, 0, 13.52%, 0, 0, 5, 466.44, 694043, 458, 0, 0
1744, 79, 12, 69, 0, 0, 13.52%, 0, 0, 5, 464.58, 695806, 458, 0, 0
1749, 80, 12, 69, 0, 0, 13.52%, 0, 0, 5, 464.52, 698179, 458, 0, 0
1754, 80, 12, 69, 0, 0, 13.52%, 0, 0, 5, 309.22, 699906, 458, 0, 0
1760, 80, 68, 69, 0, 0, 13.52%, 0, 0, 5, 433.94, 702315, 458, 0, 0
1765, 80, 12, 69, 0, 0, 13.52%, 0, 0, 5, 466.54, 704034, 458, 0, 0
1770, 80, 15, 69, 0, 0, 13.52%, 0, 0, 5, 33.06, 706155, 458, 0, 0
1775, 81, 57, 69, 0, 0, 13.52%, 0, 0, 5, 446.11, 708203, 458, 0, 0
1780, 81, 7, 69, 0, 0, 13.52%, 0, 0, 5, 380.29, 709798, 458, 0, 0
1785, 81, 67, 69, 0, 0, 13.52%, 0, 0, 5, 449.20, 712171, 458, 0, 0
1790, 81, 24, 69, 0, 0, 13.52%, 0, 0, 5, 452.36, 713897, 458, 0, 0
1795, 81, 68, 69, 0, 0, 13.52%, 0, 0, 5, 462.28, 716278, 458, 0, 0
1800, 82, 1, 69, 0, 0, 13.52%, 0, 0, 5, 402.82, 718021, 458, 0, 0
1805, 82, 12, 69, 0, 0, 13.52%, 0, 0, 5, 32.26, 719823, 458, 0, 0
1811, 82, 23, 69, 0, 0, 13.52%, 0, 0, 5, 464.35, 722097, 458, 0, 0
1816, 82, 17, 69, 0, 0, 13.52%, 0, 0, 5, 253.38, 723795, 458, 0, 0
1821, 83, 15, 69, 0, 0, 13.52%, 0, 0, 5, 420.54, 726187, 458, 0, 0
1826, 83, 53, 69, 0, 0, 13.52%, 0, 0, 5, 466.13, 727915, 458, 0, 0
1831, 83, 1, 69, 0, 0, 13.52%, 0, 0, 5, 32.97, 730170, 458, 0, 0
1836, 83, 68, 69, 0, 0, 13.52%, 0, 0, 5, 464.48, 731996, 458, 0, 0
1841, 83, 21, 69, 0, 0, 13.52%, 0, 0, 5, 40.19, 733730, 458, 0, 0
1846, 84, 44, 69, 0, 0, 13.52%, 0, 0, 5, 462.26, 736106, 458, 0, 0
1851, 84, 65, 69, 0, 0, 13.52%, 0, 0, 5, 352.71, 737837, 458, 0, 0
1857, 84, 55, 69, 0, 0, 13.52%, 0, 0, 5, 419.30, 740103, 458, 0, 0
1862, 84, 68, 69, 0, 0, 13.52%, 0, 0, 5, 370.30, 741791, 458, 0, 0
1867, 84, 68, 69, 0, 0, 13.52%, 0, 0, 5, 72.81, 743877, 458, 0, 0
1872, 85, 23, 69, 0, 0, 13.52%, 0, 0, 5, 433.78, 745831, 458, 0, 0
1877, 85, 38, 69, 0, 0, 13.52%, 0, 0, 5, 355.72, 747513, 458, 0, 0
1882, 85, 7, 69, 0, 0, 13.52%, 0, 0, 5, 442.41, 749923, 458, 0, 0
1887, 85, 42, 69, 0, 0, 13.52%, 0, 0, 5, 325.29, 751667, 458, 0, 0
1892, 86, 38, 69, 0, 0, 13.52%, 0, 0, 5, 420.18, 753979, 458, 0, 0
1898, 86, 38, 69, 0, 0, 13.52%, 0, 0, 5, 463.99, 755825, 458, 0, 0
1903, 86, 61, 69, 0, 0, 13.52%, 0, 0, 5, 213.93, 757603, 458, 0, 0
1908, 86, 53, 69, 0, 0, 13.52%, 0, 0, 5, 410.63, 759975, 458, 0, 0
1913, 86, 51, 69, 0, 0, 13.52%, 0, 0, 5, 280.63, 761662, 458, 0, 0
1918, 87, 9, 69, 0, 0, 13.52%, 0, 0, 5, 424.47, 764039, 458, 0, 0
1923, 87, 1, 69, 0, 0, 13.52%, 0, 0, 5, 466.21, 765762, 458, 0, 0
1928, 87, 1, 69, 0, 0, 13.52%, 0, 0, 5, 465.08, 768135, 458, 0, 0
1933, 87, 55, 69, 0, 0, 13.52%, 0, 0, 5, 392.61, 769892, 458, 0, 0
1939, 87, 7, 69, 0, 0, 13.52%, 0, 0, 5, 75.55, 771869, 458, 0, 0
1944, 88, 1, 69, 0, 0, 13.52%, 0, 0, 5, 461.96, 774017, 458, 0, 0
1949, 88, 21, 69, 0, 0, 13.52%, 0, 0, 5, 430.43, 775788, 458, 0, 0
1954, 88, 51, 69, 0, 0, 13.52%, 0, 0, 5, 454.71, 778125, 458, 0, 0
1959, 88, 27, 69, 0, 0, 13.52%, 0, 0, 5, 466.58, 779817, 458, 0, 0
1964, 88, 21, 69, 0, 0, 13.52%, 0, 0, 5, 467.34, 782198, 458, 0, 0
1969, 89, 1, 69, 0, 0, 13.52%, 0, 0, 5, 467.00, 783926, 458, 0, 0
1974, 89, 68, 69, 0, 0, 13.52%, 0, 0, 5, 442.33, 786152, 458, 0, 0
1979, 89, 51, 69, 0, 0, 13.52%, 0, 0, 5, 447.42, 788020, 458, 0, 0
1985, 89, 23, 69, 0, 0, 13.52%, 0, 0, 5, 33.08, 789800, 458, 0, 0
1990, 90, 65, 69, 0, 0, 13.52%, 0, 0, 5, 427.07, 792180, 458, 0, 0
1995, 90, 12, 69, 0, 0, 13.52%, 0, 0, 5, 462.72, 793944, 458, 0, 0
2000, 90, 38, 69, 0, 0, 13.52%, 0, 0, 5, 464.98, 796335, 458, 0, 0
2005, 90, 51, 69, 0, 0, 13.52%, 0, 0, 5, 291.87, 798028, 458, 0, 0
2010, 90, 21, 69, 0, 0, 13.52%, 0, 0, 5, 428.85, 800416, 458, 0, 0
2015, 91, 44, 69, 0, 0, 13.52%, 0, 0, 5, 467.48, 802126, 458, 0, 0
2020, 91, 35, 69, 0, 0, 13.52%, 0, 0, 5, 444.37, 804436, 458, 0, 0
2026, 91, 21, 69, 0, 0, 13.52%, 0, 0, 5, 463.11, 806245, 458, 0, 0
2031, 91, 24, 69, 0, 0, 13.52%, 0, 0, 5, 66.09, 807980, 458, 0, 0
2036, 91, 15, 69, 0, 0, 13.52%, 0, 0, 5, 466.10, 810299, 458, 0, 0
2041, 92, 68, 69, 0, 0, 13.52%, 0, 0, 5, 265.31, 812079, 458, 0, 0
2046, 92, 51, 69, 0, 0, 13.52%, 0, 0, 5, 427.89, 814485, 458, 0, 0
2051, 92, 19, 69, 0, 0, 13.52%, 0, 0, 5, 435.76, 816181, 458, 0, 0
2056, 92, 32, 69, 0, 0, 13.52%, 0, 0, 5, 459.62, 818545, 458, 0, 0
2061, 93, 38, 69, 0, 0, 13.52%, 0, 0, 5, 337.41, 820239, 458, 0, 0
2066, 93, 53, 69, 0, 0, 13.52%, 0, 0, 5, 439.99, 822641, 458, 0, 0
2071, 93, 53, 69, 0, 0, 13.52%, 0, 0, 5, 462.01, 824335, 458, 0, 0
2076, 93, 68, 69, 0, 0, 13.52%, 0, 0, 5, 47.56, 826341, 458, 0, 0
2082, 93, 68, 69, 0, 0, 13.52%, 0, 0, 5, 465.45, 828436, 458, 0, 0
2087, 94, 51, 69, 0, 0, 13.52%, 0, 0, 5, 415.81, 830121, 458, 0, 0
2092, 94, 51, 69, 0, 0, 13.52%, 0, 0, 5, 453.88, 832481, 458, 0, 0
2097, 94, 7, 69, 0, 0, 13.52%, 0, 0, 5, 462.63, 834199, 458, 0, 0
2102, 94, 1, 69, 0, 0, 13.52%, 0, 0, 5, 464.61, 836572, 458, 0, 0
2107, 94, 9, 69, 0, 0, 13.52%, 0, 0, 5, 385.51, 838344, 458, 0, 0
2112, 95, 25, 69, 0, 0, 13.52%, 0, 0, 5, 449.30, 840765, 458, 0, 0
2117, 95, 7, 69, 0, 0, 13.52%, 0, 0, 5, 458.49, 842545, 458, 0, 0
2122, 95, 51, 69, 0, 0, 13.52%, 0, 0, 5, 33.33, 844744, 458, 0, 0
2127, 95, 24, 69, 0, 0, 13.52%, 0, 0, 5, 467.90, 846663, 458, 0, 0
2133, 96, 68, 69, 0, 0, 13.52%, 0, 0, 5, 32.90, 848494, 458, 0, 0
2138, 96, 68, 69, 0, 0, 13.52%, 0, 0, 5, 469.48, 850797, 458, 0, 0
2143, 96, 68, 69, 0, 0, 13.52%, 0, 0, 5, 331.14, 852569, 458, 0, 0
2148, 96, 20, 69, 0, 0, 13.52%, 0, 0, 5, 441.94, 854981, 458, 0, 0
2153, 96, 32, 69, 0, 0, 13.52%, 0, 0, 5, 409.91, 856741, 458, 0, 0
2158, 97, 68, 69, 0, 0, 13.52%, 0, 0, 5, 452.91, 859099, 458, 0, 0
2163, 97, 68, 69, 0, 0, 13.52%, 0, 0, 5, 404.84, 860825, 458, 0, 0
2169, 97, 15, 69, 0, 0, 13.52%, 0, 0, 5, 430.88, 863181, 458, 0, 0
2174, 97, 65, 69, 0, 0, 13.52%, 0, 0, 5, 466.08, 865108, 458, 0, 0
2179, 98, 2, 69, 0, 0, 13.52%, 0, 0, 5, 32.95, 866893, 458, 0, 0
2184, 98, 17, 69, 0, 0, 13.52%, 0, 0, 5, 414.66, 869233, 458, 0, 0
2189, 98, 51, 69, 0, 0, 13.52%, 0, 0, 5, 455.10, 870971, 458, 0, 0
2194, 98, 24, 69, 0, 0, 13.52%, 0, 0, 5, 460.64, 873345, 458, 0, 0
2200, 99, 20, 69, 0, 0, 13.52%, 0, 0, 5, 262.27, 875117, 458, 0, 0
2205, 99, 21, 69, 0, 0, 13.52%, 0, 0, 5, 421.37, 877489, 458, 0, 0
2210, 99, 1, 69, 0, 0, 13.52%, 0, 0, 5, 459.46, 879236, 458, 0, 0
2215, 99, 68, 69, 0, 0, 13.52%, 0, 0, 5, 463.66, 881580, 458, 0, 0
2220, 99, 7, 69, 0, 0, 13.52%, 0, 0, 5, 457.47, 883345, 458, 0, 0
2225, 100, 7, 69, 0, 0, 13.52%, 0, 0, 5, 253.73, 884975, 458, 0, 0
2230, 100, 51, 69, 0, 0, 13.52%, 0, 0, 5, 424.68, 887377, 458, 0, 0
2235, 100, 51, 69, 0, 0, 13.52%, 0, 0, 5, 461.70, 888972, 458, 0, 0
2241, 100, 1, 69, 0, 0, 13.52%, 0, 0, 5, 188.62, 890572, 458, 0, 0
2246, 100, 68, 69, 0, 0, 13.52%, 0, 0, 5, 33.48, 892219, 458, 0, 0
2251, 100, 20, 69, 0, 0, 13.52%, 0, 0, 5, 33.20, 894389, 458, 0, 0
2256, 101, 68, 69, 0, 0, 13.52%, 0, 0, 5, 457.59, 895871, 458, 0, 0
2261, 101, 68, 69, 0, 0, 13.52%, 0, 0, 5, 393.03, 897208, 458, 0, 0
2266, 101, 44, 69, 0, 0, 13.52%, 0, 0, 5, 32.90, 898597, 458, 0, 0
2271, 101, 21, 69, 0, 0, 13.52%, 0, 0, 5, 33.32, 900464, 458, 0, 0
2276, 101, 68, 69, 0, 0, 13.52%, 0, 0, 5, 420.16, 901937, 458, 0, 0
2281, 101, 7, 69, 0, 0, 13.52%, 0, 0, 5, 358.06, 903079, 458, 0, 0
2287, 101, 68, 69, 0, 0, 13.52%, 0, 0, 5, 313.43, 904317, 458, 0, 0
2292, 102, 1, 69, 0, 0, 13.52%, 0, 0, 5, 33.26, 905965, 458, 0, 0
2297, 102, 23, 69, 0, 0, 13.52%, 0, 0, 5, 32.52, 907624, 458, 0, 0
2302, 102, 2, 69, 0, 0, 13.52%, 0, 0, 5, 395.64, 908872, 458, 0, 0
2307, 102, 68, 69, 0, 0, 13.52%, 0, 0, 5, 460.62, 909944, 458, 0, 0
2312, 102, 12, 69, 0, 0, 13.52%, 0, 0, 5, 244.21, 911057, 458, 0, 0
2317, 102, 61, 69, 0, 0, 13.52%, 0, 0, 5, 46.51, 912293, 458, 0, 0
2322, 102, 34, 69, 0, 0, 13.52%, 0, 0, 5, 58.27, 913754, 458, 0, 0
2327, 103, 9, 69, 0, 0, 13.52%, 0, 0, 5, 73.85, 915226, 458, 0, 0
2332, 103, 15, 69, 0, 0, 13.52%, 0, 0, 5, 469.34, 916636, 458, 0, 0
2337, 103, 68, 69, 0, 0, 13.52%, 0, 0, 5, 458.58, 917572, 458, 0, 0
2342, 103, 7, 69, 0, 0, 13.52%, 0, 0, 5, 466.49, 918681, 458, 0, 0
2347, 103, 2, 69, 0, 0, 13.52%, 0, 0, 5, 32.34, 919622, 458, 0, 0
2353, 103, 35, 69, 0, 0, 13.52%, 0, 0, 5, 32.92, 920968, 458, 0, 0
2358, 103, 15, 69, 0, 0, 13.52%, 0, 0, 5, 33.37, 922307, 458, 0, 0
2363, 104, 25, 69, 0, 0, 13.52%, 0, 0, 5, 448.44, 923645, 458, 0, 0
2368, 104, 44, 69, 0, 0, 13.52%, 0, 0, 5, 464.29, 924745, 458, 0, 0
2373, 104, 68, 69, 0, 0, 13.52%, 0, 0, 5, 333.00, 925639, 458, 0, 0
2378, 104, 38, 69, 0, 0, 13.52%, 0, 0, 5, 361.90, 926600, 458, 0, 0
2383, 104, 44, 69, 0, 0, 13.52%, 0, 0, 5, 46.78, 927758, 458, 0, 0
2388, 104, 7, 69, 0, 0, 13.52%, 0, 0, 5, 54.00, 929031, 458, 0, 0
2393, 104, 2, 69, 0, 0, 13.52%, 0, 0, 5, 43.49, 930332, 458, 0, 0
2398, 105, 65, 69, 0, 0, 13.52%, 0, 0, 5, 398.57, 931458, 458, 0, 0
2403, 105, 1, 69, 0, 0, 13.52%, 0, 0, 5, 464.83, 932399, 458, 0, 0
2408, 105, 7, 69, 0, 0, 13.52%, 0, 0, 5, 460.00, 933133, 458, 0, 0
2414, 105, 51, 69, 0, 0, 13.52%, 0, 0, 5, 32.98, 934313, 458, 0, 0
2419, 105, 7, 69, 0, 0, 13.52%, 0, 0, 5, 32.55, 935542, 458, 0, 0
2424, 105, 7, 69, 0, 0, 13.52%, 0, 0, 5, 61.43, 936751, 458, 0, 0
2429, 105, 9, 69, 0, 0, 13.52%, 0, 0, 5, 33.82, 937997, 458, 0, 0
2434, 105, 44, 69, 0, 0, 13.52%, 0, 0, 5, 347.62, 938833, 458, 0, 0
2439, 106, 17, 69, 0, 0, 13.52%, 0, 0, 5, 465.94, 939672, 458, 0, 0
2444, 106, 12, 69, 0, 0, 13.52%, 0, 0, 5, 56.36, 940603, 458, 0, 0
2449, 106, 7, 69, 0, 0, 13.52%, 0, 0, 5, 33.39, 941814, 458, 0, 0
2454, 106, 63, 69, 0, 0, 13.52%, 0, 0, 5, 32.99, 943060, 458, 0, 0
2459, 106, 44, 69, 0, 0, 13.52%, 0, 0, 5, 32.65, 944251, 458, 0, 0
2464, 106, 51, 69, 0, 0, 13.52%, 0, 0, 5, 350.45, 945259, 458, 0, 0
2469, 106, 68, 69, 0, 0, 13.52%, 0, 0, 5, 470.22, 945918, 458, 0, 0
2474, 106, 44, 69, 0, 0, 13.52%, 0, 0, 5, 43.80, 946833, 458, 0, 0
2479, 106, 1, 69, 0, 0, 13.52%, 0, 0, 5, 32.51, 948002, 458, 0, 0
2484, 107, 68, 69, 0, 0, 13.52%, 0, 0, 5, 32.56, 949198, 458, 0, 0
2489, 107, 2, 69, 0, 0, 13.52%, 0, 0, 5, 430.01, 950367, 458, 0, 0
2494, 107, 21, 69, 0, 0, 13.52%, 0, 0, 5, 483.48, 951056, 458, 0, 0
2499, 107, 68, 69, 0, 0, 13.52%, 0, 0, 5, 33.37, 951953, 458, 0, 0
2504, 107, 68, 69, 0, 0, 13.52%, 0, 0, 5, 33.21, 953247, 458, 0, 0
2510, 107, 51, 69, 0, 0, 13.52%, 0, 0, 5, 398.51, 954503, 458, 0, 0
2515, 107, 68, 69, 0, 0, 13.52%, 0, 0, 5, 291.63, 955151, 458, 0, 0
2520, 107, 44, 69, 0, 0, 13.52%, 0, 0, 5, 32.64, 955969, 458, 0, 0
2525, 107, 65, 69, 0, 0, 13.52%, 0, 0, 5, 32.95, 957237, 458, 0, 0
2530, 107, 23, 69, 0, 0, 13.52%, 0, 0, 5, 32.71, 958502, 458, 0, 0
2535, 108, 1, 69, 0, 0, 13.52%, 0, 0, 5, 287.64, 959321, 458, 0, 0
2540, 108, 51, 69, 0, 0, 13.52%, 0, 0, 5, 367.72, 960037, 458, 0, 0
2545, 108, 68, 69, 0, 0, 13.52%, 0, 0, 5, 32.67, 961152, 458, 0, 0
2550, 108, 53, 69, 0, 0, 13.52%, 0, 0, 5, 32.63, 962359, 458, 0, 0
2555, 108, 7, 69, 0, 0, 13.52%, 0, 0, 5, 425.91, 963591, 458, 0, 0
2561, 108, 24, 69, 0, 0, 13.52%, 0, 0, 5, 271.80, 964231, 458, 0, 0
2566, 108, 15, 69, 0, 0, 13.52%, 0, 0, 5, 33.03, 965051, 458, 0, 0
2571, 108, 68, 69, 0, 0, 13.52%, 0, 0, 5, 33.54, 966273, 458, 0, 0
2576, 108, 12, 69, 0, 0, 13.52%, 0, 0, 5, 61.97, 967474, 458, 0, 0
2581, 109, 24, 69, 0, 0, 13.52%, 0, 0, 5, 436.39, 968619, 458, 0, 0
2586, 109, 68, 69, 0, 0, 13.52%, 0, 0, 5, 474.07, 969292, 458, 0, 0
2591, 109, 68, 69, 0, 0, 13.52%, 0, 0, 5, 33.14, 970051, 458, 0, 0
2596, 109, 51, 69, 0, 0, 13.52%, 0, 0, 5, 33.31, 971273, 458, 0, 0
2601, 109, 7, 69, 0, 0, 13.52%, 0, 0, 5, 55.38, 972464, 458, 0, 0
2606, 109, 51, 69, 0, 0, 13.52%, 0, 0, 5, 467.99, 973637, 458, 0, 0
2612, 109, 17, 69, 0, 0, 13.52%, 0, 0, 5, 460.31, 974374, 458, 0, 0
2617, 109, 7, 69, 0, 0, 13.52%, 0, 0, 5, 303.48, 975073, 458, 0, 0
2622, 109, 1, 69, 0, 0, 13.52%, 0, 0, 5, 34.93, 976137, 458, 0, 0
2627, 110, 53, 69, 0, 0, 13.52%, 0, 0, 5, 33.39, 977280, 458, 0, 0
2632, 110, 68, 69, 0, 0, 13.52%, 0, 0, 5, 32.88, 978444, 458, 0, 0
2637, 110, 21, 69, 0, 0, 13.52%, 0, 0, 5, 32.73, 979619, 458, 0, 0
2642, 110, 35, 69, 0, 0, 13.52%, 0, 0, 5, 465.45, 980529, 458, 0, 0
2647, 110, 7, 69, 0, 0, 13.52%, 0, 0, 5, 432.01, 981267, 458, 0, 0
2652, 110, 51, 69, 0, 0, 13.52%, 0, 0, 5, 49.52, 982095, 458, 0, 0
2657, 110, 51, 69, 0, 0, 13.52%, 0, 0, 5, 58.83, 983213, 458, 0, 0
2663, 110, 1, 69, 0, 0, 13.52%, 0, 0, 5, 32.95, 984387, 458, 0, 0
2668, 111, 2, 69, 0, 0, 13.52%, 0, 0, 5, 33.56, 985513, 458, 0, 0
2673, 111, 7, 69, 0, 0, 13.52%, 0, 0, 5, 447.42, 986665, 458, 0, 0
2678, 111, 2, 69, 0, 0, 13.52%, 0, 0, 5, 301.62, 987576, 458, 0, 0
2683, 111, 21, 69, 0, 0, 13.52%, 0, 0, 5, 471.71, 988429, 458, 0, 0
2688, 111, 68, 69, 0, 0, 13.52%, 0, 0, 5, 33.32, 989139, 458, 0, 0
2693, 111, 20, 69, 0, 0, 13.52%, 0, 0, 5, 32.11, 990305, 458, 0, 0
2699, 111, 31, 69, 0, 0, 13.52%, 0, 0, 5, 33.08, 991398, 458, 0, 0
2704, 111, 9, 69, 0, 0, 13.52%, 0, 0, 5, 32.93, 992456, 458, 0, 0
2709, 112, 11, 69, 0, 0, 13.52%, 0, 0, 5, 452.29, 993620, 458, 0, 0
2714, 112, 24, 69, 0, 0, 13.52%, 0, 0, 5, 274.00, 994356, 458, 0, 0
2719, 112, 2, 69, 0, 0, 13.52%, 0, 0, 5, 467.97, 995147, 458, 0, 0
2724, 112, 51, 69, 0, 0, 13.52%, 0, 0, 5, 45.84, 996054, 458, 0, 0
2729, 112, 68, 69, 0, 0, 13.52%, 0, 0, 5, 32.42, 997268, 458, 0, 0
2734, 112, 49, 69, 0, 0, 13.52%, 0, 0, 5, 353.70, 998500, 458, 0, 0
2739, 112, 7, 69, 0, 0, 13.52%, 0, 0, 5, 291.26, 999061, 458, 0, 0
2744, 112, 9, 69, 0, 0, 13.52%, 0, 0, 5, 32.81, 999882, 458, 0, 0
2750, 112, 12, 69, 0, 0, 13.52%, 0, 0, 5, 33.06, 1001095, 458, 0, 0
2755, 112, 68, 69, 0, 0, 13.52%, 0, 0, 5, 33.26, 1002334, 458, 0, 0
2760, 113, 65, 69, 0, 0, 13.52%, 0, 0, 5, 466.09, 1003147, 458, 0, 0
2765, 113, 15, 69, 0, 0, 13.52%, 0, 0, 5, 32.95, 1003754, 458, 0, 0
2770, 113, 35, 69, 0, 0, 13.52%, 0, 0, 5, 33.17, 1004949, 458, 0, 0
2775, 113, 51, 69, 0, 0, 13.52%, 0, 0, 5, 33.00, 1006165, 458, 0, 0
2780, 113, 68, 69, 0, 0, 13.52%, 0, 0, 5, 457.57, 1007326, 458, 0, 0
2786, 113, 27, 69, 0, 0, 13.52%, 0, 0, 5, 455.43, 1008001, 458, 0, 0
2791, 113, 24, 69, 0, 0, 13.52%, 0, 0, 5, 33.07, 1008711, 458, 0, 0
2796, 113, 1, 69, 0, 0, 13.52%, 0, 0, 5, 51.68, 1009937, 458, 0, 0
2801, 113, 63, 69, 0, 0, 13.52%, 0, 0, 5, 32.97, 1011181, 458, 0, 0
2806, 114, 51, 69, 0, 0, 13.52%, 0, 0, 5, 288.19, 1012081, 458, 0, 0
2811, 114, 26, 69, 0, 0, 13.52%, 0, 0, 5, 478.43, 1012810, 458, 0, 0
2816, 114, 17, 69, 0, 0, 13.52%, 0, 0, 5, 32.92, 1013699, 458, 0, 0
2822, 114, 20, 69, 0, 0, 13.52%, 0, 0, 5, 54.04, 1014946, 458, 0, 0
2827, 114, 7, 69, 0, 0, 13.52%, 0, 0, 5, 33.10, 1016123, 458, 0, 0
2832, 114, 51, 69, 0, 0, 13.52%, 0, 0, 5, 320.31, 1017119, 458, 0, 0
2837, 114, 33, 69, 0, 0, 13.52%, 0, 0, 5, 469.06, 1017665, 458, 0, 0
2842, 114, 68, 69, 0, 0, 13.52%, 0, 0, 5, 51.86, 1018588, 458, 0, 0
2847, 114, 51, 69, 0, 0, 13.52%, 0, 0, 5, 33.50, 1019698, 458, 0, 0
2852, 114, 15, 69, 0, 0, 13.52%, 0, 0, 5, 33.01, 1020842, 458, 0, 0
2857, 115, 7, 69, 0, 0, 13.52%, 0, 0, 5, 32.15, 1021942, 458, 0, 0
2862, 115, 9, 69, 0, 0, 13.52%, 0, 0, 5, 449.95, 1022927, 458, 0, 0
2868, 115, 51, 69, 0, 0, 13.52%, 0, 0, 5, 466.26, 1023692, 458, 0, 0
2873, 115, 24, 69, 0, 0, 13.52%, 0, 0, 5, 240.00, 1024389, 458, 0, 0
2878, 115, 51, 69, 0, 0, 13.52%, 0, 0, 5, 33.21, 1025437, 458, 0, 0
2883, 115, 24, 69, 0, 0, 13.52%, 0, 0, 5, 32.81, 1026568, 458, 0, 0
2888, 115, 68, 69, 0, 0, 13.52%, 0, 0, 5, 32.92, 1027685, 458, 0, 0
2893, 115, 68, 69, 0, 0, 13.52%, 0, 0, 5, 398.49, 1028811, 458, 0, 0
2898, 115, 15, 69, 0, 0, 13.52%, 0, 0, 5, 280.41, 1029631, 458, 0, 0
2903, 116, 42, 69, 0, 0, 13.52%, 0, 0, 5, 314.33, 1030323, 458, 0, 0
2908, 116, 2, 69, 0, 0, 13.52%, 0, 0, 5, 40.60, 1031207, 458, 0, 0
2913, 116, 35, 69, 0, 0, 13.52%, 0, 0, 5, 33.11, 1032321, 458, 0, 0
2918, 116, 68, 69, 0, 0, 13.52%, 0, 0, 5, 33.55, 1033414, 458, 0, 0
2923, 116, 15, 69, 0, 0, 13.52%, 0, 0, 5, 32.34, 1034565, 458, 0, 0
2928, 116, 20, 69, 0, 0, 13.52%, 0, 0, 5, 334.48, 1035583, 458, 0, 0
2933, 116, 15, 69, 0, 0, 13.52%, 0, 0, 5, 383.51, 1036388, 458, 0, 0
2939, 116, 7, 69, 0, 0, 13.52%, 0, 0, 5, 422.92, 1037075, 458, 0, 0
2944, 117, 17, 69, 0, 0, 13.52%, 0, 0, 5, 32.94, 1038041, 458, 0, 0
2949, 117, 9, 69, 0, 0, 13.52%, 0, 0, 5, 33.07, 1039247, 458, 0, 0
2954, 117, 21, 69, 0, 0, 13.52%, 0, 0, 5, 332.27, 1040477, 458, 0, 0
2959, 117, 21, 69, 0, 0, 13.52%, 0, 0, 5, 368.51, 1041074, 458, 0, 0
2964, 117, 1, 69, 0, 0, 13.52%, 0, 0, 5, 33.16, 1041930, 458, 0, 0
2969, 117, 1, 69, 0, 0, 13.52%, 0, 0, 5, 33.08, 1043202, 458, 0, 0
2975, 117, 38, 69, 0, 0, 13.52%, 0, 0, 5, 446.84, 1044343, 458, 0, 0
2980, 117, 68, 69, 0, 0, 13.52%, 0, 0, 5, 421.61, 1044935, 458, 0, 0
2985, 117, 51, 69, 0, 0, 13.52%, 0, 0, 5, 33.33, 1045804, 458, 0, 0
2990, 118, 2, 69, 0, 0, 13.52%, 0, 0, 5, 33.20, 1046995, 458, 0, 0
2995, 118, 7, 69, 0, 0, 13.52%, 0, 0, 5, 31.80, 1048247, 458, 0, 0
3000, 118, 21, 69, 0, 0, 13.52%, 0, 0, 5, 450.48, 1049035, 458, 0, 0
3005, 118, 7, 69, 0, 0, 13.52%, 0, 0, 5, 34.72, 1049620, 458, 0, 0
3010, 118, 51, 69, 0, 0, 13.52%, 0, 0, 5, 47.41, 1050815, 458, 0, 0
3015, 118, 51, 69, 0, 0, 13.52%, 0, 0, 5, 33.08, 1051962, 458, 0, 0
3021, 118, 44, 69, 0, 0, 13.52%, 0, 0, 5, 447.39, 1053201, 458, 0, 0
3026, 118, 51, 69, 0, 0, 13.52%, 0, 0, 5, 268.08, 1053841, 458, 0, 0
3031, 118, 68, 69, 0, 0, 13.52%, 0, 0, 5, 33.23, 1054544, 458, 0, 0
3036, 119, 68, 69, 0, 0, 13.52%, 0, 0, 5, 33.13, 1055805, 458, 0, 0
3041, 119, 68, 69, 0, 0, 13.52%, 0, 0, 5, 33.16, 1056969, 458, 0, 0
3046, 119, 67, 69, 0, 0, 13.52%, 0, 0, 5, 368.45, 1058167, 458, 0, 0
3051, 119, 63, 69, 0, 0, 13.52%, 0, 0, 5, 321.13, 1058732, 458, 0, 0
3056, 119, 24, 69, 0, 0, 13.52%, 0, 0, 5, 33.20, 1059503, 458, 0, 0
3061, 119, 51, 69, 0, 0, 13.52%, 0, 0, 5, 33.19, 1060623, 458, 0, 0
3067, 119, 28, 69, 0, 0, 13.52%, 0, 0, 5, 32.57, 1061760, 458, 0, 0
3072, 119, 51, 69, 0, 0, 13.52%, 0, 0, 5, 32.81, 1062898, 458, 0, 0
3077, 119, 7, 69, 0, 0, 13.52%, 0, 0, 5, 464.56, 1063991, 458, 0, 0
3082, 119, 7, 69, 0, 0, 13.52%, 0, 0, 5, 465.67, 1064682, 458, 0, 0
3087, 119, 17, 69, 0, 0, 13.52%, 0, 0, 5, 45.42, 1065418, 458, 0, 0
3092, 120, 23, 69, 0, 0, 13.52%, 0, 0, 5, 32.60, 1066604, 458, 0, 0
3097, 120, 17, 69, 0, 0, 13.52%, 0, 0, 5, 32.83, 1067719, 458, 0, 0
3103, 120, 24, 69, 0, 0, 13.52%, 0, 0, 5, 32.76, 1068835, 458, 0, 0
3108, 120, 68, 69, 0, 0, 13.52%, 0, 0, 5, 358.50, 1069998, 458, 0, 0
3113, 120, 21, 69, 0, 0, 13.52%, 0, 0, 5, 340.66, 1070755, 458, 0, 0
3118, 120, 18, 69, 0, 0, 13.52%, 0, 0, 5, 249.24, 1071517, 458, 0, 0
3123, 120, 68, 69, 0, 0, 13.52%, 0, 0, 5, 32.98, 1072475, 458, 0, 0
3128, 120, 7, 69, 0, 0, 13.52%, 0, 0, 5, 418.05, 1074761, 458, 0, 0
3133, 121, 1, 69, 0, 0, 13.52%, 0, 0, 5, 454.02, 1077103, 458, 0, 0
3138, 121, 53, 69, 0, 0, 13.52%, 0, 0, 5, 459.41, 1079440, 458, 0, 0
3144, 121, 68, 69, 0, 0, 13.52%, 0, 0, 5, 436.14, 1081709, 458, 0, 0
3149, 121, 15, 69, 0, 0, 13.52%, 0, 0, 5, 415.06, 1083685, 458, 0, 0
3154, 122, 51, 69, 0, 0, 13.52%, 0, 0, 5, 434.12, 1085889, 458, 0, 0
3159, 122, 38, 69, 0, 0, 13.52%, 0, 0, 5, 435.02, 1088093, 458, 0, 0
3164, 122, 7, 69, 0, 0, 13.52%, 0, 0, 5, 434.29, 1090293, 458, 0, 0
3169, 122, 68, 69, 0, 0, 13.52%, 0, 0, 5, 391.11, 1092277, 458, 0, 0
3174, 123, 51, 69, 0, 0, 13.52%, 0, 0, 5, 396.29, 1094209, 458, 0, 0
3179, 123, 68, 69, 0, 0, 13.52%, 0, 0, 5, 432.55, 1096441, 458, 0, 0
3184, 123, 12, 69, 0, 0, 13.52%, 0, 0, 5, 441.74, 1098685, 458, 0, 0
3189, 123, 12, 69, 0, 0, 13.52%, 0, 0, 5, 438.29, 1100877, 458, 0, 0
3194, 124, 12, 69, 0, 0, 13.52%, 0, 0, 5, 385.80, 1102841, 458, 0, 0
3199, 124, 15, 69, 0, 0, 13.52%, 0, 0, 5, 434.32, 1105137, 458, 0, 0
3204, 124, 47, 69, 0, 0, 13.52%, 0, 0, 5, 445.44, 1107453, 458, 0, 0
3210, 124, 44, 69, 0, 0, 13.52%, 0, 0, 5, 447.36, 1109793, 458, 0, 0
3215, 125, 7, 69, 0, 0, 13.52%, 0, 0, 5, 426.37, 1112037, 458, 0, 0
3220, 125, 38, 69, 0, 0, 13.52%, 0, 0, 5, 430.46, 1114169, 458, 0, 0
3225, 125, 20, 69, 0, 0, 13.52%, 0, 0, 5, 446.49, 1116485, 458, 0, 0
3230, 125, 21, 69, 0, 0, 13.52%, 0, 0, 5, 448.90, 1118801, 458, 0, 0
3235, 126, 51, 69, 0, 0, 13.52%, 0, 0, 5, 448.34, 1121121, 458, 0, 0
3240, 126, 30, 69, 0, 0, 13.52%, 0, 0, 5, 442.10, 1123253, 458, 0, 0
3246, 126, 68, 69, 0, 0, 13.52%, 0, 0, 5, 451.75, 1125610, 458, 0, 0
3251, 127, 9, 69, 0, 0, 13.52%, 0, 0, 5, 451.20, 1127912, 458, 0, 0
3256, 127, 68, 69, 0, 0, 13.52%, 0, 0, 5, 450.10, 1130221, 458, 0, 0
3261, 127, 32, 69, 0, 0, 13.52%, 0, 0, 5, 442.02, 1132429, 458, 0, 0
3266, 127, 32, 69, 0, 0, 13.52%, 0, 0, 5, 442.38, 1134621, 458, 0, 0
3271, 128, 1, 69, 0, 0, 13.52%, 0, 0, 5, 450.59, 1136961, 458, 0, 0
3276, 128, 12, 69, 0, 0, 13.52%, 0, 0, 5, 453.52, 1139303, 458, 0, 0
3282, 128, 68, 69, 0, 0, 13.52%, 0, 0, 5, 440.40, 1141481, 458, 0, 0
3287, 128, 45, 69, 0, 0, 13.52%, 0, 0, 5, 451.27, 1143840, 458, 0, 0
3292, 129, 20, 69, 0, 0, 13.52%, 0, 0, 5, 452.69, 1146122, 458, 0, 0
3297, 129, 12, 69, 0, 0, 13.52%, 0, 0, 5, 452.26, 1148458, 458, 0, 0
3302, 129, 12, 69, 0, 0, 13.52%, 0, 0, 5, 434.74, 1150569, 458, 0, 0
3307, 129, 1, 69, 0, 0, 13.52%, 0, 0, 5, 431.27, 1152853, 458, 0, 0
3312, 130, 33, 69, 0, 0, 13.52%, 0, 0, 5, 448.14, 1155177, 458, 0, 0
3318, 130, 9, 69, 0, 0, 13.52%, 0, 0, 5, 449.79, 1157493, 458, 0, 0
3323, 130, 68, 69, 0, 0, 13.52%, 0, 0, 5, 432.80, 1159621, 458, 0, 0
3328, 130, 44, 69, 0, 0, 13.52%, 0, 0, 5, 449.39, 1161969, 458, 0, 0
3333, 131, 68, 69, 0, 0, 13.52%, 0, 0, 5, 455.20, 1164340, 458, 0, 0
3338, 131, 68, 69, 0, 0, 13.52%, 0, 0, 5, 453.20, 1166612, 458, 0, 0
3343, 131, 38, 69, 0, 0, 13.52%, 0, 0, 5, 427.07, 1168801, 458, 0, 0
3348, 131, 52, 69, 0, 0, 13.52%, 0, 0, 5, 448.28, 1171137, 458, 0, 0
3353, 132, 53, 69, 0, 0, 13.52%, 0, 0, 5, 452.28, 1173475, 458, 0, 0
3359, 132, 20, 69, 0, 0, 13.52%, 0, 0, 5, 451.65, 1175794, 458, 0, 0
3364, 132, 35, 69, 0, 0, 13.52%, 0, 0, 5, 423.48, 1177953, 458, 0, 0
3369, 132, 20, 69, 0, 0, 13.52%, 0, 0, 5, 318.98, 1179461, 458, 0, 0
3374, 133, 38, 69, 0, 0, 13.52%, 0, 0, 5, 421.29, 1181745, 458, 0, 0
3379, 133, 44, 69, 0, 0, 13.52%, 0, 0, 5, 460.79, 1183549, 458, 0, 0
3384, 133, 17, 69, 0, 0, 13.52%, 0, 0, 5, 461.14, 1185903, 458, 0, 0
3389, 133, 17, 69, 0, 0, 13.52%, 0, 0, 5, 32.46, 1187767, 458, 0, 0
3394, 134, 44, 69, 0, 0, 13.52%, 0, 0, 5, 425.57, 1190045, 458, 0, 0
3399, 134, 9, 69, 0, 0, 13.52%, 0, 0, 5, 455.38, 1192376, 458, 0, 0
3404, 134, 23, 69, 0, 0, 13.52%, 0, 0, 5, 327.43, 1194155, 458, 0, 0
3410, 134, 68, 69, 0, 0, 13.52%, 0, 0, 5, 434.20, 1196537, 458, 0, 0
3415, 134, 20, 69, 0, 0, 13.52%, 0, 0, 5, 55.78, 1198497, 458, 0, 0
3420, 135, 1, 69, 0, 0, 13.52%, 0, 0, 5, 441.94, 1200701, 458, 0, 0
3425, 135, 1, 69, 0, 0, 13.52%, 0, 0, 5, 458.24, 1203076, 458, 0, 0
3430, 135, 51, 69, 0, 0, 13.52%, 0, 0, 5, 450.80, 1204809, 458, 0, 0
3435, 135, 44, 69, 0, 0, 13.52%, 0, 0, 5, 462.79, 1207167, 458, 0, 0
3440, 136, 44, 69, 0, 0, 13.52%, 0, 0, 5, 422.94, 1208893, 458, 0, 0
3445, 136, 7, 69, 0, 0, 13.52%, 0, 0, 5, 456.95, 1211249, 458, 0, 0
3450, 136, 63, 69, 0, 0, 13.52%, 0, 0, 5, 33.22, 1213122, 458, 0, 0
3455, 136, 1, 69, 0, 0, 13.52%, 0, 0, 5, 461.38, 1215385, 458, 0, 0
3460, 137, 7, 69, 0, 0, 13.52%, 0, 0, 5, 460.36, 1217712, 458, 0, 0
3466, 137, 68, 69, 0, 0, 13.52%, 0, 0, 5, 466.98, 1219482, 458, 0, 0
3471, 137, 51, 69, 0, 0, 13.52%, 0, 0, 5, 465.42, 1221858, 458, 0, 0
3476, 137, 68, 69, 0, 0, 13.52%, 0, 0, 5, 461.08, 1223603, 458, 0, 0
3481, 137, 38, 69, 0, 0, 13.52%, 0, 0, 5, 460.15, 1225958, 458, 0, 0
3486, 138, 51, 69, 0, 0, 13.52%, 0, 0, 5, 217.72, 1227665, 458, 0, 0
3491, 138, 21, 69, 0, 0, 13.52%, 0, 0, 5, 413.78, 1230061, 458, 0, 0
3496, 138, 1, 69, 0, 0, 13.52%, 0, 0, 5, 32.68, 1231926, 458, 0, 0
3501, 138, 57, 69, 0, 0, 13.52%, 0, 0, 5, 396.67, 1234141, 458, 0, 0
3507, 139, 1, 69, 0, 0, 13.52%, 0, 0, 5, 428.32, 1236485, 458, 0, 0
3512, 139, 1, 69, 0, 0, 13.52%, 0, 0, 5, 405.19, 1238377, 458, 0, 0
3517, 139, 68, 69, 0, 0, 13.52%, 0, 0, 5, 453.06, 1240710, 458, 0, 0
3522, 139, 9, 69, 0, 0, 13.52%, 0, 0, 5, 464.54, 1242440, 458, 0, 0
3527, 140, 57, 69, 0, 0, 13.52%, 0, 0, 5, 463.15, 1244822, 458, 0, 0
3532, 140, 53, 69, 0, 0, 13.52%, 0, 0, 5, 322.68, 1246581, 458, 0, 0
3537, 140, 51, 69, 0, 0, 13.52%, 0, 0, 5, 437.86, 1248993, 458, 0, 0
3542, 140, 68, 69, 0, 0, 13.52%, 0, 0, 5, 438.23, 1250709, 458, 0, 0
3547, 141, 68, 69, 0, 0, 13.52%, 0, 0, 5, 458.63, 1253058, 458, 0, 0
3552, 141, 35, 69, 0, 0, 13.52%, 0, 0, 5, 476.17, 1254812, 458, 0, 0
3558, 141, 17, 69, 0, 0, 13.52%, 0, 0, 5, 465.58, 1257194, 458, 0, 0
3563, 141, 57, 69, 0, 0, 13.52%, 0, 0, 5, 270.00, 1258951, 458, 0, 0
3568, 141, 15, 69, 0, 0, 13.52%, 0, 0, 5, 423.91, 1261353, 458, 0, 0
3573, 142, 51, 69, 0, 0, 13.52%, 0, 0, 5, 32.36, 1263113, 458, 0, 0
3578, 142, 51, 69, 0, 0, 13.52%, 0, 0, 5, 419.68, 1265453, 458, 0, 0
3583, 142, 12, 69, 0, 0, 13.52%, 0, 0, 5, 72.82, 1267545, 458, 0, 0
3588, 142, 12, 69, 0, 0, 13.52%, 0, 0, 5, 430.83, 1269653, 458, 0, 0
3594, 143, 53, 69, 0, 0, 13.52%, 0, 0, 5, 33.42, 1271650, 458, 0, 0
3599, 143, 68, 69, 0, 0, 13.52%, 0, 0, 5, 398.95, 1273807, 458, 0, 0
3604, 143, 21, 69, 0, 0, 13.52%, 0, 0, 5, 33.18, 1276001, 458, 0, 0
3609, 143, 7, 69, 0, 0, 13.52%, 0, 0, 5, 415.40, 1277985, 458, 0, 0
3614, 144, 20, 69, 0, 0, 13.52%, 0, 0, 5, 32.42, 1280116, 458, 0, 0
3619, 144, 12, 69, 0, 0, 13.52%, 0, 0, 5, 464.18, 1282112, 458, 0, 0
3624, 144, 20, 69, 0, 0, 13.52%, 0, 0, 5, 33.02, 1284329, 458, 0, 0
3629, 144, 1, 69, 0, 0, 13.52%, 0, 0, 5, 464.21, 1286249, 458, 0, 0
3634, 145, 53, 69, 0, 0, 13.52%, 0, 0, 5, 57.88, 1288457, 458, 0, 0
3640, 145, 20, 69, 0, 0, 13.52%, 0, 0, 5, 418.03, 1290361, 458, 0, 0
3645, 145, 68, 69, 0, 0, 13.52%, 0, 0, 5, 33.16, 1292569, 458, 0, 0
3650, 145, 7, 69, 0, 0, 13.52%, 0, 0, 5, 424.74, 1294585, 458, 0, 0
3655, 145, 24, 69, 0, 0, 13.52%, 0, 0, 5, 445.10, 1296861, 458, 0, 0
3660, 146, 68, 69, 0, 0, 13.52%, 0, 0, 5, 430.82, 1298577, 458, 0, 0
3665, 146, 68, 69, 0, 0, 13.52%, 0, 0, 5, 456.36, 1300911, 458, 0, 0
3670, 146, 53, 69, 0, 0, 13.52%, 0, 0, 5, 408.93, 1302693, 458, 0, 0
3676, 146, 1, 69, 0, 0, 13.52%, 0, 0, 5, 453.30, 1305112, 458, 0, 0
3681, 146, 51, 69, 0, 0, 13.52%, 0, 0, 5, 463.61, 1306885, 458, 0, 0
3686, 147, 53, 69, 0, 0, 13.52%, 0, 0, 5, 448.05, 1309149, 458, 0, 0
3691, 147, 7, 69, 0, 0, 13.52%, 0, 0, 5, 382.61, 1310820, 458, 0, 0
3696, 147, 51, 69, 0, 0, 13.52%, 0, 0, 5, 435.43, 1313145, 458, 0, 0
3701, 147, 9, 69, 0, 0, 13.52%, 0, 0, 5, 380.48, 1314883, 458, 0, 0
3706, 148, 63, 69, 0, 0, 13.52%, 0, 0, 5, 32.65, 1317037, 458, 0, 0
3711, 148, 44, 69, 0, 0, 13.52%, 0, 0, 5, 461.26, 1318922, 458, 0, 0
3716, 148, 1, 69, 0, 0, 13.52%, 0, 0, 5, 443.83, 1321176, 458, 0, 0
3722, 148, 68, 69, 0, 0, 13.52%, 0, 0, 5, 467.67, 1323103, 458, 0, 0
3727, 148, 33, 69, 0, 0, 13.52%, 0, 0, 5, 32.50, 1325228, 458, 0, 0
3732, 149, 44, 69, 0, 0, 13.52%, 0, 0, 5, 392.94, 1327283, 458, 0, 0
3737, 149, 51, 69, 0, 0, 13.52%, 0, 0, 5, 461.80, 1328811, 458, 0, 0
3742, 149, 17, 69, 0, 0, 13.52%, 0, 0, 5, 30.30, 1330953, 458, 0, 0
3747, 149, 68, 69, 0, 0, 13.52%, 0, 0, 5, 465.01, 1332774, 458, 0, 0
3752, 150, 9, 69, 0, 0, 13.52%, 0, 0, 5, 463.23, 1334240, 458, 0, 0
3757, 150, 23, 69, 0, 0, 13.52%, 0, 0, 5, 362.78, 1335797, 458, 0, 0
3763, 150, 9, 69, 0, 0, 13.52%, 0, 0, 5, 33.40, 1337253, 458, 0, 0
3768, 150, 68, 69, 0, 0, 13.52%, 0, 0, 5, 438.37, 1339400, 458, 0, 0
3773, 150, 25, 69, 0, 0, 13.52%, 0, 0, 5, 428.23, 1340809, 458, 0, 0
3778, 150, 38, 69, 0, 0, 13.52%, 0, 0, 5, 472.74, 1342022, 458, 0, 0
3783, 151, 17, 69, 0, 0, 13.52%, 0, 0, 5, 38.92, 1343652, 458, 0, 0
3788, 151, 2, 69, 0, 0, 13.52%, 0, 0, 5, 415.27, 1345453, 458, 0, 0
3793, 151, 12, 69, 0, 0, 13.52%, 0, 0, 5, 464.83, 1346531, 458, 0, 0
3798, 151, 63, 69, 0, 0, 13.52%, 0, 0, 5, 471.08, 1347603, 458, 0, 0
3803, 151, 68, 69, 0, 0, 13.52%, 0, 0, 5, 33.00, 1349098, 458, 0, 0
3809, 151, 7, 69, 0, 0, 13.52%, 0, 0, 5, 32.97, 1350690, 458, 0, 0
3814, 152, 1, 69, 0, 0, 13.52%, 0, 0, 5, 438.38, 1352185, 458, 0, 0
3819, 152, 7, 69, 0, 0, 13.52%, 0, 0, 5, 461.23, 1353458, 458, 0, 0
3824, 152, 12, 69, 0, 0, 13.52%, 0, 0, 5, 367.72, 1354597, 458, 0, 0
3829, 152, 12, 69, 0, 0, 13.52%, 0, 0, 5, 471.38, 1355631, 458, 0, 0
3834, 152, 51, 69, 0, 0, 13.52%, 0, 0, 5, 33.16, 1356780, 458, 0, 0
3839, 152, 9, 69, 0, 0, 13.52%, 0, 0, 5, 33.11, 1358247, 458, 0, 0
3845, 152, 15, 69, 0, 0, 13.52%, 0, 0, 5, 32.87, 1359618, 458, 0, 0
3850, 152, 36, 69, 0, 0, 13.52%, 0, 0, 5, 32.97, 1361058, 458, 0, 0
3855, 152, 12, 69, 0, 0, 13.52%, 0, 0, 5, 383.02, 1362097, 458, 0, 0
3860, 153, 68, 69, 0, 0, 13.52%, 0, 0, 5, 426.06, 1363121, 458, 0, 0
3865, 153, 1, 69, 0, 0, 13.52%, 0, 0, 5, 33.14, 1363987, 458, 0, 0
3870, 153, 68, 69, 0, 0, 13.52%, 0, 0, 5, 32.81, 1365367, 458, 0, 0
3875, 153, 51, 69, 0, 0, 13.52%, 0, 0, 5, 33.26, 1366729, 458, 0, 0
3880, 153, 15, 69, 0, 0, 13.52%, 0, 0, 5, 33.82, 1368069, 458, 0, 0
3885, 153, 68, 69, 0, 0, 13.52%, 0, 0, 5, 468.48, 1369092, 458, 0, 0
3891, 153, 51, 69, 0, 0, 13.52%, 0, 0, 5, 447.01, 1369961, 458, 0, 0
3896, 153, 53, 69, 0, 0, 13.52%, 0, 0, 5, 46.33, 1370947, 458, 0, 0
3901, 154, 15, 69, 0, 0, 13.52%, 0, 0, 5, 32.89, 1372257, 458, 0, 0
3906, 154, 12, 69, 0, 0, 13.52%, 0, 0, 5, 33.27, 1373560, 458, 0, 0
3911, 154, 24, 69, 0, 0, 13.52%, 0, 0, 5, 375.81, 1374855, 458, 0, 0
3916, 154, 23, 69, 0, 0, 13.52%, 0, 0, 5, 342.36, 1375719, 458, 0, 0
3921, 154, 68, 69, 0, 0, 13.52%, 0, 0, 5, 470.45, 1376573, 458, 0, 0
3926, 154, 17, 69, 0, 0, 13.52%, 0, 0, 5, 37.11, 1377576, 458, 0, 0
3931, 154, 68, 69, 0, 0, 13.52%, 0, 0, 5, 33.10, 1378813, 458, 0, 0
3936, 154, 68, 69, 0, 0, 13.52%, 0, 0, 5, 32.42, 1380058, 458, 0, 0
3942, 154, 7, 69, 0, 0, 13.52%, 0, 0, 5, 32.88, 1381273, 458, 0, 0
3947, 154, 65, 69, 0, 0, 13.52%, 0, 0, 5, 464.41, 1382367, 458, 0, 0
3952, 155, 51, 69, 0, 0, 13.52%, 0, 0, 5, 464.26, 1383221, 458, 0, 0
3957, 155, 12, 69, 0, 0, 13.52%, 0, 0, 5, 441.75, 1384037, 458, 0, 0
3962, 155, 68, 69, 0, 0, 13.52%, 0, 0, 5, 33.11, 1385092, 458, 0, 0
3967, 155, 38, 69, 0, 0, 13.52%, 0, 0, 5, 33.14, 1386290, 458, 0, 0
3972, 155, 68, 69, 0, 0, 13.52%, 0, 0, 5, 32.89, 1387520, 458, 0, 0
3977, 155, 44, 69, 0, 0, 13.52%, 0, 0, 5, 32.98, 1388700, 458, 0, 0
3983, 155, 51, 69, 0, 0, 13.52%, 0, 0, 5, 466.84, 1389803, 458, 0, 0
3988, 155, 68, 69, 0, 0, 13.52%, 0, 0, 5, 468.24, 1390609, 458, 0, 0
3993, 155, 24, 69, 0, 0, 13.52%, 0, 0, 5, 468.59, 1391485, 458, 0, 0
3998, 156, 38, 69, 0, 0, 13.52%, 0, 0, 5, 33.00, 1392383, 458, 0, 0
4003, 156, 15, 69, 0, 0, 13.52%, 0, 0, 5, 33.42, 1393567, 458, 0, 0
4008, 156, 51, 69, 0, 0, 13.52%, 0, 0, 5, 33.06, 1394762, 458, 0, 0
4013, 156, 2, 69, 0, 0, 13.52%, 0, 0, 5, 32.58, 1395911, 458, 0, 0
4018, 156, 51, 69, 0, 0, 13.52%, 0, 0, 5, 409.80, 1396765, 458, 0, 0
4023, 156, 51, 69, 0, 0, 13.52%, 0, 0, 5, 33.10, 1397311, 458, 0, 0
4028, 156, 68, 69, 0, 0, 13.52%, 0, 0, 5, 32.77, 1398637, 458, 0, 0
4034, 156, 51, 69, 0, 0, 13.52%, 0, 0, 5, 43.01, 1399937, 458, 0, 0
4039, 156, 9, 69, 0, 0, 13.52%, 0, 0, 5, 376.84, 1400783, 458, 0, 0
4044, 157, 2, 69, 0, 0, 13.52%, 0, 0, 5, 425.00, 1401408, 458, 0, 0
4049, 157, 25, 69, 0, 0, 13.52%, 0, 0, 5, 33.18, 1402607, 458, 0, 0
4054, 157, 44, 69, 0, 0, 13.52%, 0, 0, 5, 32.98, 1403876, 458, 0, 0
4059, 157, 51, 69, 0, 0, 13.52%, 0, 0, 5, 468.13, 1404976, 458, 0, 0
4064, 157, 24, 69, 0, 0, 13.52%, 0, 0, 5, 441.17, 1405561, 458, 0, 0
4069, 157, 47, 69, 0, 0, 13.52%, 0, 0, 5, 33.11, 1406517, 458, 0, 0
4074, 157, 68, 69, 0, 0, 13.52%, 0, 0, 5, 32.60, 1407768, 458, 0, 0
4079, 157, 51, 69, 0, 0, 13.52%, 0, 0, 5, 32.26, 1408967, 458, 0, 0
4085, 157, 9, 69, 0, 0, 13.52%, 0, 0, 5, 295.62, 1409868, 458, 0, 0
4090, 158, 38, 69, 0, 0, 13.52%, 0, 0, 5, 260.00, 1410426, 458, 0, 0
4095, 158, 12, 69, 0, 0, 13.52%, 0, 0, 5, 32.63, 1411632, 458, 0, 0
4100, 158, 35, 69, 0, 0, 13.52%, 0, 0, 5, 32.72, 1412897, 458, 0, 0
4105, 158, 44, 69, 0, 0, 13.52%, 0, 0, 5, 441.18, 1414069, 458, 0, 0
4110, 158, 15, 69, 0, 0, 13.52%, 0, 0, 5, 446.83, 1414793, 458, 0, 0
4115, 158, 17, 69, 0, 0, 13.52%, 0, 0, 5, 32.91, 1415489, 458, 0, 0
4120, 158, 15, 69, 0, 0, 13.52%, 0, 0, 5, 37.88, 1416732, 458, 0, 0
4125, 158, 23, 69, 0, 0, 13.52%, 0, 0, 5, 75.70, 1417943, 458, 0, 0
4130, 158, 68, 69, 0, 0, 13.52%, 0, 0, 5, 463.58, 1418929, 458, 0, 0
4135, 158, 47, 69, 0, 0, 13.52%, 0, 0, 5, 331.48, 1419573, 458, 0, 0
4140, 159, 12, 69, 0, 0, 13.52%, 0, 0, 5, 33.08, 1420486, 458, 0, 0
4146, 159, 15, 69, 0, 0, 13.52%, 0, 0, 5, 33.11, 1421634, 458, 0, 0
4151, 159, 17, 69, 0, 0, 13.52%, 0, 0, 5, 32.28, 1422797, 458, 0, 0
4156, 159, 68, 69, 0, 0, 13.52%, 0, 0, 5, 453.27, 1423919, 458, 0, 0
4161, 159, 68, 69, 0, 0, 13.52%, 0, 0, 5, 307.26, 1424753, 458, 0, 0
4166, 159, 51, 69, 0, 0, 13.52%, 0, 0, 5, 462.84, 1425457, 458, 0, 0
4171, 159, 68, 69, 0, 0, 13.52%, 0, 0, 5, 32.74, 1426360, 458, 0, 0
4176, 159, 9, 69, 0, 0, 13.52%, 0, 0, 5, 32.95, 1427460, 458, 0, 0
4181, 159, 9, 69, 0, 0, 13.52%, 0, 0, 5, 32.46, 1428526, 458, 0, 0
4187, 160, 1, 69, 0, 0, 13.52%, 0, 0, 5, 33.02, 1429597, 458, 0, 0
4192, 160, 44, 69, 0, 0, 13.52%, 0, 0, 5, 292.50, 1430653, 458, 0, 0
4197, 160, 23, 69, 0, 0, 13.52%, 0, 0, 5, 341.97, 1431497, 458, 0, 0
4202, 160, 68, 69, 0, 0, 13.52%, 0, 0, 5, 473.24, 1432238, 458, 0, 0
4207, 160, 68, 69, 0, 0, 13.52%, 0, 0, 5, 33.00, 1433080, 458, 0, 0
4212, 160, 12, 69, 0, 0, 13.52%, 0, 0, 5, 33.02, 1434232, 458, 0, 0
4217, 160, 68, 69, 0, 0, 13.52%, 0, 0, 5, 33.53, 1435322, 458, 0, 0
4223, 160, 51, 69, 0, 0, 13.52%, 0, 0, 5, 29.91, 1436446, 458, 0, 0
4228, 160, 47, 69, 0, 0, 13.52%, 0, 0, 5, 33.99, 1437543, 458, 0, 0
4233, 161, 21, 69, 0, 0, 13.52%, 0, 0, 5, 303.82, 1438448, 458, 0, 0
4238, 161, 44, 69, 0, 0, 13.52%, 0, 0, 5, 465.79, 1439158, 458, 0, 0
4243, 161, 15, 69, 0, 0, 13.52%, 0, 0, 5, 32.84, 1440054, 458, 0, 0
4249, 161, 1, 69, 0, 0, 13.52%, 0, 0, 5, 32.86, 1441303, 458, 0, 0
4254, 161, 44, 69, 0, 0, 13.52%, 0, 0, 5, 33.20, 1442537, 458, 0, 0
4259, 161, 24, 69, 0, 0, 13.52%, 0, 0, 5, 465.56, 1443258, 458, 0, 0
4264, 161, 21, 69, 0, 0, 13.52%, 0, 0, 5, 33.19, 1443924, 458, 0, 0
4269, 161, 68, 69, 0, 0, 13.52%, 0, 0, 5, 31.06, 1445154, 458, 0, 0
4274, 161, 68, 69, 0, 0, 13.52%, 0, 0, 5, 32.66, 1446367, 458, 0, 0
4279, 162, 12, 69, 0, 0, 13.52%, 0, 0, 5, 289.13, 1447178, 458, 0, 0
4284, 162, 15, 69, 0, 0, 13.52%, 0, 0, 5, 33.42, 1447731, 458, 0, 0
4289, 162, 7, 69, 0, 0, 13.52%, 0, 0, 5, 32.74, 1448984, 458, 0, 0
4294, 162, 51, 69, 0, 0, 13.52%, 0, 0, 5, 32.96, 1450212, 458, 0, 0
4299, 162, 68, 69, 0, 0, 13.52%, 0, 0, 5, 383.66, 1451169, 458, 0, 0
4304, 162, 57, 69, 0, 0, 13.52%, 0, 0, 5, 309.16, 1451773, 458, 0, 0
4309, 162, 21, 69, 0, 0, 13.52%, 0, 0, 5, 40.87, 1452760, 458, 0, 0
4315, 162, 11, 69, 0, 0, 13.52%, 0, 0, 5, 33.22, 1453979, 458, 0, 0
4320, 162, 44, 69, 0, 0, 13.52%, 0, 0, 5, 373.21, 1455220, 458, 0, 0
4325, 163, 1, 69, 0, 0, 13.52%, 0, 0, 5, 410.45, 1455809, 458, 0, 0
4330, 163, 53, 69, 0, 0, 13.52%, 0, 0, 5, 32.87, 1456589, 458, 0, 0
4335, 163, 7, 69, 0, 0, 13.52%, 0, 0, 5, 32.58, 1457755, 458, 0, 0
4340, 163, 44, 69, 0, 0, 13.52%, 0, 0, 5, 33.20, 1458938, 458, 0, 0
4345, 163, 12, 69, 0, 0, 13.52%, 0, 0, 5, 447.92, 1460094, 458, 0, 0
4350, 163, 9, 69, 0, 0, 13.52%, 0, 0, 5, 464.65, 1460803, 458, 0, 0
4355, 163, 51, 69, 0, 0, 13.52%, 0, 0, 5, 33.19, 1461497, 458, 0, 0
4361, 163, 12, 69, 0, 0, 13.52%, 0, 0, 5, 32.69, 1462674, 458, 0, 0
4366, 164, 12, 69, 0, 0, 13.52%, 0, 0, 5, 33.14, 1463890, 458, 0, 0
4371, 164, 68, 69, 0, 0, 13.52%, 0, 0, 5, 321.57, 1464967, 458, 0, 0
4376, 164, 68, 69, 0, 0, 13.52%, 0, 0, 5, 393.55, 1465707, 458, 0, 0
4381, 164, 9, 69, 0, 0, 13.52%, 0, 0, 5, 39.72, 1466396, 458, 0, 0
4386, 164, 68, 69, 0, 0, 13.52%, 0, 0, 5, 33.13, 1467493, 458, 0, 0
4391, 164, 68, 69, 0, 0, 13.52%, 0, 0, 5, 32.86, 1468620, 458, 0, 0
4396, 164, 68, 69, 0, 0, 13.52%, 0, 0, 5, 52.43, 1469813, 458, 0, 0
4401, 164, 1, 69, 0, 0, 13.52%, 0, 0, 5, 34.17, 1470919, 458, 0, 0
4406, 164, 26, 69, 0, 0, 13.52%, 0, 0, 5, 445.91, 1471893, 458, 0, 0
4411, 164, 20, 69, 0, 0, 13.52%, 0, 0, 5, 472.69, 1472631, 458, 0, 0
4416, 165, 51, 69, 0, 0, 13.52%, 0, 0, 5, 45.25, 1473387, 458, 0, 0
4422, 165, 68, 69, 0, 0, 13.52%, 0, 0, 5, 33.07, 1474526, 458, 0, 0
4427, 165, 12, 69, 0, 0, 13.52%, 0, 0, 5, 32.71, 1475669, 458, 0, 0
4432, 165, 12, 69, 0, 0, 13.52%, 0, 0, 5, 32.96, 1476793, 458, 0, 0
4437, 165, 2, 69, 0, 0, 13.52%, 0, 0, 5, 92.17, 1477931, 458, 0, 0
4442, 165, 53, 69, 0, 0, 13.52%, 0, 0, 5, 456.70, 1478830, 458, 0, 0
4447, 165, 51, 69, 0, 0, 13.52%, 0, 0, 5, 474.41, 1479575, 458, 0, 0
4452, 165, 51, 69, 0, 0, 13.52%, 0, 0, 5, 32.86, 1480372, 458, 0, 0
4457, 165, 2, 69, 0, 0, 13.52%, 0, 0, 5, 32.81, 1481511, 458, 0, 0
4462, 166, 68, 69, 0, 0, 13.52%, 0, 0, 5, 32.64, 1482743, 458, 0, 0
4467, 166, 20, 69, 0, 0, 13.52%, 0, 0, 5, 341.58, 1484003, 458, 0, 0
4473, 166, 7, 69, 0, 0, 13.52%, 0, 0, 5, 468.20, 1484640, 458, 0, 0
4478, 166, 20, 69, 0, 0, 13.52%, 0, 0, 5, 49.45, 1485379, 458, 0, 0
4483, 166, 68, 69, 0, 0, 13.52%, 0, 0, 5, 33.53, 1486613, 458, 0, 0
4488, 166, 38, 69, 0, 0, 13.52%, 0, 0, 5, 32.69, 1487833, 458, 0, 0
4493, 166, 12, 69, 0, 0, 13.52%, 0, 0, 5, 325.63, 1488749, 458, 0, 0
4498, 166, 44, 69, 0, 0, 13.52%, 0, 0, 5, 467.50, 1489422, 458, 0, 0
4503, 166, 20, 69, 0, 0, 13.52%, 0, 0, 5, 53.24, 1490429, 458, 0, 0
4508, 167, 51, 69, 0, 0, 13.52%, 0, 0, 5, 33.15, 1491645, 458, 0, 0
4513, 167, 23, 69, 0, 0, 13.52%, 0, 0, 5, 33.06, 1492879, 458, 0, 0
4519, 167, 68, 69, 0, 0, 13.52%, 0, 0, 5, 471.20, 1493684, 458, 0, 0
4524, 167, 68, 69, 0, 0, 13.52%, 0, 0, 5, 470.00, 1494331, 458, 0, 0
4529, 167, 51, 69, 0, 0, 13.52%, 0, 0, 5, 32.92, 1495462, 458, 0, 0
4534, 167, 51, 69, 0, 0, 13.52%, 0, 0, 5, 32.76, 1496697, 458, 0, 0
4539, 167, 68, 69, 0, 0, 13.52%, 0, 0, 5, 468.41, 1497875, 458, 0, 0
4544, 167, 7, 69, 0, 0, 13.52%, 0, 0, 5, 303.92, 1498543, 458, 0, 0
4549, 167, 12, 69, 0, 0, 13.52%, 0, 0, 5, 32.84, 1499297, 458, 0, 0
4554, 167, 23, 69, 0, 0, 13.52%, 0, 0, 5, 33.02, 1500468, 458, 0, 0
4559, 168, 24, 69, 0, 0, 13.52%, 0, 0, 5, 37.90, 1501653, 458, 0, 0
4565, 168, 64, 69, 0, 0, 13.52%, 0, 0, 5, 322.71, 1502879, 458, 0, 0
4570, 168, 68, 69, 0, 0, 13.52%, 0, 0, 5, 327.01, 1503539, 458, 0, 0
4575, 168, 1, 69, 0, 0, 13.52%, 0, 0, 5, 38.36, 1504233, 458, 0, 0
4580, 168, 15, 69, 0, 0, 13.52%, 0, 0, 5, 33.30, 1505415, 458, 0, 0
4585, 168, 68, 69, 0, 0, 13.52%, 0, 0, 5, 33.08, 1506621, 458, 0, 0
4590, 168, 12, 69, 0, 0, 13.52%, 0, 0, 5, 32.64, 1507734, 458, 0, 0
4595, 168, 9, 69, 0, 0, 13.52%, 0, 0, 5, 426.94, 1508693, 458, 0, 0
4600, 168, 68, 69, 0, 0, 13.52%, 0, 0, 5, 387.14, 1509444, 458, 0, 0
4606, 168, 23, 69, 0, 0, 13.52%, 0, 0, 5, 37.01, 1510249, 458, 0, 0
4611, 169, 68, 69, 0, 0, 13.52%, 0, 0, 5, 32.94, 1511385, 458, 0, 0
4616, 169, 68, 69, 0, 0, 13.52%, 0, 0, 5, 32.53, 1512458, 458, 0, 0
4621, 169, 54, 69, 0, 0, 13.52%, 0, 0, 5, 32.84, 1513531, 458, 0, 0
4626, 169, 7, 69, 0, 0, 13.52%, 0, 0, 5, 32.86, 1514641, 458, 0, 0
4631, 169, 68, 69, 0, 0, 13.52%, 0, 0, 5, 469.55, 1515540, 458, 0, 0
4636, 169, 1, 69, 0, 0, 13.52%, 0, 0, 5, 463.46, 1516312, 458, 0, 0
4641, 169, 9, 69, 0, 0, 13.52%, 0, 0, 5, 33.22, 1517089, 458, 0, 0
4647, 169, 44, 69, 0, 0, 13.52%, 0, 0, 5, 33.33, 1518242, 458, 0, 0
4652, 169, 15, 69, 0, 0, 13.52%, 0, 0, 5, 202.81, 1519746, 458, 0, 0
4657, 170, 68, 69, 0, 0, 13.52%, 0, 0, 5, 414.05, 1522153, 458, 0, 0
4662, 170, 51, 69, 0, 0, 13.52%, 0, 0, 5, 439.15, 1524441, 458, 0, 0
4667, 170, 68, 69, 0, 0, 13.52%, 0, 0, 5, 445.50, 1526689, 458, 0, 0
4672, 170, 9, 69, 0, 0, 13.52%, 0, 0, 5, 402.33, 1528737, 458, 0, 0
4677, 171, 53, 69, 0, 0, 13.52%, 0, 0, 5, 418.47, 1530793, 458, 0, 0
4682, 171, 68, 69, 0, 0, 13.52%, 0, 0, 5, 435.12, 1533065, 458, 0, 0
4687, 171, 68, 69, 0, 0, 13.52%, 0, 0, 5, 438.25, 1535269, 458, 0, 0
4692, 171, 15, 69, 0, 0, 13.52%, 0, 0, 5, 435.69, 1537453, 458, 0, 0
4697, 171, 51, 69, 0, 0, 13.52%, 0, 0, 5, 384.62, 1539353, 458, 0, 0
4702, 172, 51, 69, 0, 0, 13.52%, 0, 0, 5, 392.01, 1541276, 458, 0, 0
4708, 172, 68, 69, 0, 0, 13.52%, 0, 0, 5, 426.54, 1543425, 458, 0, 0
4713, 172, 9, 69, 0, 0, 13.52%, 0, 0, 5, 438.09, 1545645, 458, 0, 0
4718, 172, 0, 69, 0, 0, 13.52%, 0, 0, 5, 439.54, 1547845, 458, 0, 0
4723, 172, 1, 69, 0, 0, 13.52%, 0, 0, 5, 409.01, 1549909, 458, 0, 0
4728, 173, 32, 69, 0, 0, 13.52%, 0, 0, 5, 441.84, 1552245, 458, 0, 0
4733, 173, 55, 69, 0, 0, 13.52%, 0, 0, 5, 444.02, 1554469, 458, 0, 0
4738, 173, 51, 69, 0, 0, 13.52%, 0, 0, 5, 450.72, 1556740, 458, 0, 0
4743, 173, 51, 69, 0, 0, 13.52%, 0, 0, 5, 412.51, 1558953, 458, 0, 0
4748, 174, 68, 69, 0, 0, 13.52%, 0, 0, 5, 424.54, 1561213, 458, 0, 0
4753, 174, 17, 69, 0, 0, 13.52%, 0, 0, 5, 445.48, 1563529, 458, 0, 0
4758, 174, 44, 69, 0, 0, 13.52%, 0, 0, 5, 450.73, 1565858, 458, 0, 0
4764, 175, 17, 69, 0, 0, 13.52%, 0, 0, 5, 450.33, 1568149, 458, 0, 0
4769, 175, 17, 69, 0, 0, 13.52%, 0, 0, 5, 433.60, 1570353, 458, 0, 0
4774, 175, 68, 69, 0, 0, 13.52%, 0, 0, 5, 446.92, 1572553, 458, 0, 0
4779, 175, 51, 69, 0, 0, 13.52%, 0, 0, 5, 450.94, 1574875, 458, 0, 0
4784, 175, 40, 69, 0, 0, 13.52%, 0, 0, 5, 452.53, 1577212, 458, 0, 0
4789, 176, 68, 69, 0, 0, 13.52%, 0, 0, 5, 453.34, 1579530, 458, 0, 0
4794, 176, 15, 69, 0, 0, 13.52%, 0, 0, 5, 444.50, 1581745, 458, 0, 0
4799, 176, 63, 69, 0, 0, 13.52%, 0, 0, 5, 450.12, 1584085, 458, 0, 0
4805, 176, 68, 69, 0, 0, 13.52%, 0, 0, 5, 449.96, 1586417, 458, 0, 0
4810, 177, 24, 69, 0, 0, 13.52%, 0, 0, 5, 451.73, 1588731, 458, 0, 0
4815, 177, 9, 69, 0, 0, 13.52%, 0, 0, 5, 442.31, 1590853, 458, 0, 0
4820, 177, 51, 69, 0, 0, 13.52%, 0, 0, 5, 453.43, 1593222, 458, 0, 0
4825, 178, 12, 69, 0, 0, 13.52%, 0, 0, 5, 453.88, 1595531, 458, 0, 0
4830, 178, 68, 69, 0, 0, 13.52%, 0, 0, 5, 453.96, 1597902, 458, 0, 0
4835, 178, 51, 69, 0, 0, 13.52%, 0, 0, 5, 439.15, 1600109, 458, 0, 0
4841, 178, 68, 69, 0, 0, 13.52%, 0, 0, 5, 450.94, 1602449, 458, 0, 0
4846, 179, 22, 69, 0, 0, 13.52%, 0, 0, 5, 453.01, 1604722, 458, 0, 0
4851, 179, 68, 69, 0, 0, 13.52%, 0, 0, 5, 452.34, 1607058, 458, 0, 0
4856, 179, 15, 69, 0, 0, 13.52%, 0, 0, 5, 436.90, 1609269, 458, 0, 0
4861, 179, 1, 69, 0, 0, 13.52%, 0, 0, 5, 452.83, 1611631, 458, 0, 0
4866, 180, 56, 69, 0, 0, 13.52%, 0, 0, 5, 453.03, 1613958, 458, 0, 0
4871, 180, 53, 69, 0, 0, 13.52%, 0, 0, 5, 451.93, 1616258, 458, 0, 0
4876, 180, 1, 69, 0, 0, 13.52%, 0, 0, 5, 431.04, 1618385, 458, 0, 0
4881, 180, 7, 69, 0, 0, 13.52%, 0, 0, 5, 450.03, 1620709, 458, 0, 0
4886, 181, 38, 69, 0, 0, 13.52%, 0, 0, 5, 450.92, 1623003, 458, 0, 0
4892, 181, 57, 69, 0, 0, 13.52%, 0, 0, 5, 450.17, 1625303, 458, 0, 0
4897, 181, 38, 69, 0, 0, 13.52%, 0, 0, 5, 428.98, 1627509, 458, 0, 0
4902, 181, 68, 69, 0, 0, 13.52%, 0, 0, 5, 32.91, 1629641, 458, 0, 0
4907, 182, 57, 69, 0, 0, 13.52%, 0, 0, 5, 376.50, 1631497, 458, 0, 0
4912, 182, 1, 69, 0, 0, 13.52%, 0, 0, 5, 303.25, 1633273, 458, 0, 0
4917, 182, 9, 69, 0, 0, 13.52%, 0, 0, 5, 432.64, 1635693, 458, 0, 0
4922, 182, 1, 69, 0, 0, 13.52%, 0, 0, 5, 455.59, 1638003, 458, 0, 0
4928, 183, 51, 69, 0, 0, 13.52%, 0, 0, 5, 394.87, 1639746, 458, 0, 0
4933, 183, 51, 69, 0, 0, 13.52%, 0, 0, 5, 448.65, 1642157, 458, 0, 0
4938, 183, 49, 69, 0, 0, 13.52%, 0, 0, 5, 455.76, 1644475, 458, 0, 0
4943, 183, 51, 69, 0, 0, 13.52%, 0, 0, 5, 438.43, 1646237, 458, 0, 0
4948, 184, 68, 69, 0, 0, 13.52%, 0, 0, 5, 460.14, 1648585, 458, 0, 0
4953, 184, 54, 69, 0, 0, 13.52%, 0, 0, 5, 33.57, 1650542, 458, 0, 0
4958, 184, 15, 69, 0, 0, 13.52%, 0, 0, 5, 425.68, 1652809, 458, 0, 0
4963, 184, 53, 69, 0, 0, 13.52%, 0, 0, 5, 454.46, 1655211, 458, 0, 0
4969, 184, 51, 69, 0, 0, 13.52%, 0, 0, 5, 465.32, 1656931, 458, 0, 0
4974, 185, 20, 69, 0, 0, 13.52%, 0, 0, 5, 463.28, 1659303, 458, 0, 0
4979, 185, 21, 69, 0, 0, 13.52%, 0, 0, 5, 33.40, 1661142, 458, 0, 0
4984, 185, 41, 69, 0, 0, 13.52%, 0, 0, 5, 440.03, 1663361, 458, 0, 0
4989, 185, 51, 69, 0, 0, 13.52%, 0, 0, 5, 455.63, 1665684, 458, 0, 0
4994, 185, 2, 69, 0, 0, 13.52%, 0, 0, 5, 407.40, 1667412, 458, 0, 0
4999, 186, 7, 69, 0, 0, 13.52%, 0, 0, 5, 448.76, 1669721, 458, 0, 0
5004, 186, 68, 69, 0, 0, 13.52%, 0, 0, 5, 393.49, 1671479, 458, 0, 0
5009, 186, 53, 69, 0, 0, 13.52%, 0, 0, 5, 449.97, 1673837, 458, 0, 0
5014, 186, 68, 69, 0, 0, 13.52%, 0, 0, 5, 33.00, 1675977, 458, 0, 0
5019, 187, 1, 69, 0, 0, 13.52%, 0, 0, 5, 406.85, 1678069, 458, 0, 0
5024, 187, 2, 69, 0, 0, 13.52%, 0, 0, 5, 454.02, 1680494, 458, 0, 0
5030, 187, 12, 69, 0, 0, 13.52%, 0, 0, 5, 458.78, 1682267, 458, 0, 0
5035, 187, 24, 69, 0, 0, 13.52%, 0, 0, 5, 460.78, 1684612, 458, 0, 0
5040, 187, 24, 69, 0, 0, 13.52%, 0, 0, 5, 463.23, 1686358, 458, 0, 0
5045, 188, 51, 69, 0, 0, 13.52%, 0, 0, 5, 459.36, 1688694, 458, 0, 0
5050, 188, 51, 69, 0, 0, 13.52%, 0, 0, 5, 32.92, 1690655, 458, 0, 0
5055, 188, 68, 69, 0, 0, 13.52%, 0, 0, 5, 465.31, 1692847, 458, 0, 0
5060, 188, 51, 69, 0, 0, 13.52%, 0, 0, 5, 465.15, 1695203, 458, 0, 0
5065, 188, 68, 69, 0, 0, 13.52%, 0, 0, 5, 384.71, 1697018, 458, 0, 0
5070, 189, 9, 69, 0, 0, 13.52%, 0, 0, 5, 447.94, 1699345, 458, 0, 0
5075, 189, 38, 69, 0, 0, 13.52%, 0, 0, 5, 466.71, 1701131, 458, 0, 0
5081, 189, 68, 69, 0, 0, 13.52%, 0, 0, 5, 466.67, 1703500, 458, 0, 0
5086, 189, 15, 69, 0, 0, 13.52%, 0, 0, 5, 463.46, 1705276, 458, 0, 0
5091, 190, 57, 69, 0, 0, 13.52%, 0, 0, 5, 464.10, 1707649, 458, 0, 0
5096, 190, 42, 69, 0, 0, 13.52%, 0, 0, 5, 33.40, 1709475, 458, 0, 0
5101, 190, 24, 69, 0, 0, 13.52%, 0, 0, 5, 435.52, 1711569, 458, 0, 0
5106, 190, 35, 69, 0, 0, 13.52%, 0, 0, 5, 32.79, 1713793, 458, 0, 0
5111, 190, 2, 69, 0, 0, 13.52%, 0, 0, 5, 470.51, 1715694, 458, 0, 0
5116, 191, 17, 69, 0, 0, 13.52%, 0, 0, 5, 465.91, 1718085, 458, 0, 0
5121, 191, 24, 69, 0, 0, 13.52%, 0, 0, 5, 458.57, 1719885, 458, 0, 0
5126, 191, 20, 69, 0, 0, 13.52%, 0, 0, 5, 462.28, 1722267, 458, 0, 0
5132, 191, 51, 69, 0, 0, 13.52%, 0, 0, 5, 321.88, 1724033, 458, 0, 0
5137, 192, 2, 69, 0, 0, 13.52%, 0, 0, 5, 434.41, 1726361, 458, 0, 0
5142, 192, 1, 69, 0, 0, 13.52%, 0, 0, 5, 273.97, 1727958, 458, 0, 0
5147, 192, 2, 69, 0, 0, 13.52%, 0, 0, 5, 426.62, 1730345, 458, 0, 0
5152, 192, 68, 69, 0, 0, 13.52%, 0, 0, 5, 375.84, 1732074, 458, 0, 0
5157, 193, 21, 69, 0, 0, 13.52%, 0, 0, 5, 445.01, 1734429, 458, 0, 0
5162, 193, 9, 69, 0, 0, 13.52%, 0, 0, 5, 32.89, 1736426, 458, 0, 0
5167, 193, 23, 69, 0, 0, 13.52%, 0, 0, 5, 428.74, 1738629, 458, 0, 0
5172, 193, 51, 69, 0, 0, 13.52%, 0, 0, 5, 435.51, 1740902, 458, 0, 0
5177, 193, 17, 69, 0, 0, 13.52%, 0, 0, 5, 427.54, 1742709, 458, 0, 0
5182, 194, 56, 69, 0, 0, 13.52%, 0, 0, 5, 458.12, 1745058, 458, 0, 0
5187, 194, 68, 69, 0, 0, 13.52%, 0, 0, 5, 405.18, 1746729, 458, 0, 0
5192, 194, 7, 69, 0, 0, 13.52%, 0, 0, 5, 450.42, 1749061, 458, 0, 0
5197, 194, 44, 69, 0, 0, 13.52%, 0, 0, 5, 438.02, 1750793, 458, 0, 0
5203, 195, 68, 69, 0, 0, 13.52%, 0, 0, 5, 459.94, 1753157, 458, 0, 0
5208, 195, 23, 69, 0, 0, 13.52%, 0, 0, 5, 388.68, 1754948, 458, 0, 0
5213, 195, 44, 69, 0, 0, 13.52%, 0, 0, 5, 451.99, 1757358, 458, 0, 0
5218, 195, 9, 69, 0, 0, 13.52%, 0, 0, 5, 339.38, 1759109, 458, 0, 0
5223, 195, 64, 69, 0, 0, 13.52%, 0, 0, 5, 438.40, 1761453, 458, 0, 0
5228, 196, 68, 69, 0, 0, 13.52%, 0, 0, 5, 453.78, 1763148, 458, 0, 0
5233, 196, 51, 69, 0, 0, 13.52%, 0, 0, 5, 460.22, 1765503, 458, 0, 0
5238, 196, 23, 69, 0, 0, 13.52%, 0, 0, 5, 464.81, 1767158, 458, 0, 0
5244, 196, 1, 69, 0, 0, 13.52%, 0, 0, 5, 466.00, 1769549, 458, 0, 0
5249, 196, 68, 69, 0, 0, 13.52%, 0, 0, 5, 383.03, 1771156, 458, 0, 0
5254, 197, 65, 69, 0, 0, 13.52%, 0, 0, 5, 380.49, 1772727, 458, 0, 0
5259, 197, 47, 69, 0, 0, 13.52%, 0, 0, 5, 33.06, 1774937, 458, 0, 0
5264, 197, 53, 69, 0, 0, 13.52%, 0, 0, 5, 454.58, 1776621, 458, 0, 0
5269, 197, 20, 69, 0, 0, 13.52%, 0, 0, 5, 461.27, 1778122, 458, 0, 0
5274, 197, 53, 69, 0, 0, 13.52%, 0, 0, 5, 462.35, 1779675, 458, 0, 0
5280, 198, 68, 69, 0, 0, 13.52%, 0, 0, 5, 223.88, 1781223, 458, 0, 0
5285, 198, 20, 69, 0, 0, 13.52%, 0, 0, 5, 33.34, 1782990, 458, 0, 0
5290, 198, 53, 69, 0, 0, 13.52%, 0, 0, 5, 32.83, 1784688, 458, 0, 0
5295, 198, 44, 69, 0, 0, 13.52%, 0, 0, 5, 471.39, 1786358, 458, 0, 0
5300, 198, 7, 69, 0, 0, 13.52%, 0, 0, 5, 444.52, 1787809, 458, 0, 0
5305, 198, 20, 69, 0, 0, 13.52%, 0, 0, 5, 377.14, 1788997, 458, 0, 0
5310, 198, 61, 69, 0, 0, 13.52%, 0, 0, 5, 249.95, 1790217, 458, 0, 0
5315, 199, 7, 69, 0, 0, 13.52%, 0, 0, 5, 33.70, 1791690, 458, 0, 0
5320, 199, 15, 69, 0, 0, 13.52%, 0, 0, 5, 31.69, 1793376, 458, 0, 0
5325, 199, 51, 69, 0, 0, 13.52%, 0, 0, 5, 465.63, 1794822, 458, 0, 0
5331, 199, 68, 69, 0, 0, 13.52%, 0, 0, 5, 378.52, 1796005, 458, 0, 0
5336, 199, 27, 69, 0, 0, 13.52%, 0, 0, 5, 476.23, 1797194, 458, 0, 0
5341, 199, 68, 69, 0, 0, 13.52%, 0, 0, 5, 412.62, 1798345, 458, 0, 0
5346, 199, 68, 69, 0, 0, 13.52%, 0, 0, 5, 33.36, 1799602, 458, 0, 0
5351, 200, 9, 69, 0, 0, 13.52%, 0, 0, 5, 40.28, 1801026, 458, 0, 0
5357, 200, 15, 69, 0, 0, 13.52%, 0, 0, 5, 32.10, 1802497, 458, 0, 0
5362, 200, 24, 69, 0, 0, 13.52%, 0, 0, 5, 464.16, 1803858, 458, 0, 0
5367, 200, 42, 69, 0, 0, 13.52%, 0, 0, 5, 388.19, 1804904, 458, 0, 0
5372, 200, 21, 69, 0, 0, 13.52%, 0, 0, 5, 461.68, 1805885, 458, 0, 0
5377, 200, 1, 69, 0, 0, 13.52%, 0, 0, 5, 35.95, 1806884, 458, 0, 0
5382, 200, 1, 69, 0, 0, 13.52%, 0, 0, 5, 33.31, 1808268, 458, 0, 0
5387, 200, 51, 69, 0, 0, 13.52%, 0, 0, 5, 33.23, 1809670, 458, 0, 0
5392, 201, 68, 69, 0, 0, 13.52%, 0, 0, 5, 457.48, 1811021, 458, 0, 0
5398, 201, 1, 69, 0, 0, 13.52%, 0, 0, 5, 445.90, 1811853, 458, 0, 0
5403, 201, 68, 69, 0, 0, 13.52%, 0, 0, 5, 465.88, 1812758, 458, 0, 0
5408, 201, 2, 69, 0, 0, 13.52%, 0, 0, 5, 33.23, 1813899, 458, 0, 0
5413, 201, 7, 69, 0, 0, 13.52%, 0, 0, 5, 44.07, 1815230, 458, 0, 0
5418, 201, 7, 69, 0, 0, 13.52%, 0, 0, 5, 59.14, 1816551, 458, 0, 0
5423, 201, 68, 69, 0, 0, 13.52%, 0, 0, 5, 472.15, 1817655, 458, 0, 0
5428, 201, 44, 69, 0, 0, 13.52%, 0, 0, 5, 274.81, 1818443, 458, 0, 0
5433, 201, 25, 69, 0, 0, 13.52%, 0, 0, 5, 343.28, 1819402, 458, 0, 0
5438, 201, 24, 69, 0, 0, 13.52%, 0, 0, 5, 33.42, 1820588, 458, 0, 0
5443, 202, 57, 69, 0, 0, 13.52%, 0, 0, 5, 33.11, 1821858, 458, 0, 0
5448, 202, 15, 69, 0, 0, 13.52%, 0, 0, 5, 33.30, 1823099, 458, 0, 0
5454, 202, 68, 69, 0, 0, 13.52%, 0, 0, 5, 59.41, 1824377, 458, 0, 0
5459, 202, 68, 69, 0, 0, 13.52%, 0, 0, 5, 480.38, 1825194, 458, 0, 0
5464, 202, 25, 69, 0, 0, 13.52%, 0, 0, 5, 467.52, 1826012, 458, 0, 0
5469, 202, 68, 69, 0, 0, 13.52%, 0, 0, 5, 33.41, 1827078, 458, 0, 0
5474, 202, 12, 69, 0, 0, 13.52%, 0, 0, 5, 32.93, 1828334, 458, 0, 0
5479, 202, 57, 69, 0, 0, 13.52%, 0, 0, 5, 33.19, 1829504, 458, 0, 0
5484, 203, 36, 69, 0, 0, 13.52%, 0, 0, 5, 88.99, 1830720, 458, 0, 0
5489, 203, 7, 69, 0, 0, 13.52%, 0, 0, 5, 460.24, 1831712, 458, 0, 0
5494, 203, 30, 69, 0, 0, 13.52%, 0, 0, 5, 465.25, 1832553, 458, 0, 0
5499, 203, 68, 69, 0, 0, 13.52%, 0, 0, 5, 379.84, 1833437, 458, 0, 0
5505, 203, 30, 69, 0, 0, 13.52%, 0, 0, 5, 33.27, 1834488, 458, 0, 0
5510, 203, 59, 69, 0, 0, 13.52%, 0, 0, 5, 48.27, 1835662, 458, 0, 0
5515, 203, 3, 69, 0, 0, 13.52%, 0, 0, 5, 31.44, 1836690, 458, 0, 0
5520, 203, 23, 69, 0, 0, 13.52%, 0, 0, 5, 31.94, 1837780, 458, 0, 0
5525, 204, 51, 69, 0, 0, 13.52%, 0, 0, 5, 342.57, 1838942, 458, 0, 0
5530, 204, 53, 69, 0, 0, 13.52%, 0, 0, 5, 463.49, 1839921, 458, 0, 0
5535, 204, 68, 69, 0, 0, 13.52%, 0, 0, 5, 329.96, 1840609, 458, 0, 0
5540, 204, 68, 69, 0, 0, 13.52%, 0, 0, 5, 485.00, 1841561, 458, 0, 0
5545, 204, 51, 69, 0, 0, 13.52%, 0, 0, 5, 33.38, 1842736, 458, 0, 0
5550, 204, 63, 69, 0, 0, 13.52%, 0, 0, 5, 33.24, 1844041, 458, 0, 0
5556, 204, 68, 69, 0, 0, 13.52%, 0, 0, 5, 334.79, 1845131, 458, 0, 0
5561, 204, 55, 69, 0, 0, 13.52%, 0, 0, 5, 222.23, 1845735, 458, 0, 0
5566, 204, 57, 69, 0, 0, 13.52%, 0, 0, 5, 44.04, 1846788, 458, 0, 0
5571, 205, 68, 69, 0, 0, 13.52%, 0, 0, 5, 33.27, 1848029, 458, 0, 0
5576, 205, 12, 69, 0, 0, 13.52%, 0, 0, 5, 319.20, 1849215, 458, 0, 0
5581, 205, 68, 69, 0, 0, 13.52%, 0, 0, 5, 472.41, 1849960, 458, 0, 0
5586, 205, 9, 69, 0, 0, 13.52%, 0, 0, 5, 33.19, 1850619, 458, 0, 0
5591, 205, 1, 69, 0, 0, 13.52%, 0, 0, 5, 33.11, 1851883, 458, 0, 0
5596, 205, 44, 69, 0, 0, 13.52%, 0, 0, 5, 33.48, 1853138, 458, 0, 0
5601, 205, 68, 69, 0, 0, 13.52%, 0, 0, 5, 330.88, 1854059, 458, 0, 0
5606, 205, 5, 69, 0, 0, 13.52%, 0, 0, 5, 412.76, 1854775, 458, 0, 0
5611, 205, 21, 69, 0, 0, 13.52%, 0, 0, 5, 32.93, 1855758, 458, 0, 0
5616, 205, 68, 69, 0, 0, 13.52%, 0, 0, 5, 59.64, 1857039, 458, 0, 0
5622, 206, 57, 69, 0, 0, 13.52%, 0, 0, 5, 460.13, 1858224, 458, 0, 0
5627, 206, 12, 69, 0, 0, 13.52%, 0, 0, 5, 381.56, 1858920, 458, 0, 0
5632, 206, 68, 69, 0, 0, 13.52%, 0, 0, 5, 42.05, 1859578, 458, 0, 0
5637, 206, 68, 69, 0, 0, 13.52%, 0, 0, 5, 33.02, 1860754, 458, 0, 0
5642, 206, 61, 69, 0, 0, 13.52%, 0, 0, 5, 39.44, 1861952, 458, 0, 0
5647, 206, 12, 69, 0, 0, 13.52%, 0, 0, 5, 408.43, 1863131, 458, 0, 0
5652, 206, 21, 69, 0, 0, 13.52%, 0, 0, 5, 470.45, 1863952, 458, 0, 0
5657, 206, 7, 69, 0, 0, 13.52%, 0, 0, 5, 465.45, 1864661, 458, 0, 0
5663, 206, 53, 69, 0, 0, 13.52%, 0, 0, 5, 48.03, 1865677, 458, 0, 0
5668, 206, 57, 69, 0, 0, 13.52%, 0, 0, 5, 32.38, 1866894, 458, 0, 0
5673, 207, 44, 69, 0, 0, 13.52%, 0, 0, 5, 364.33, 1868064, 458, 0, 0
5678, 207, 51, 69, 0, 0, 13.52%, 0, 0, 5, 467.37, 1868805, 458, 0, 0
5683, 207, 65, 69, 0, 0, 13.52%, 0, 0, 5, 455.75, 1869533, 458, 0, 0
5688, 207, 15, 69, 0, 0, 13.52%, 0, 0, 5, 32.97, 1870506, 458, 0, 0
5693, 207, 68, 69, 0, 0, 13.52%, 0, 0, 5, 33.29, 1871669, 458, 0, 0
5698, 207, 12, 69, 0, 0, 13.52%, 0, 0, 5, 50.83, 1872851, 458, 0, 0
5704, 207, 51, 69, 0, 0, 13.52%, 0, 0, 5, 453.54, 1874023, 458, 0, 0
5709, 207, 1, 69, 0, 0, 13.52%, 0, 0, 5, 454.10, 1874615, 458, 0, 0
5714, 207, 51, 69, 0, 0, 13.52%, 0, 0, 5, 203.98, 1875305, 458, 0, 0
5719, 208, 44, 69, 0, 0, 13.52%, 0, 0, 5, 32.95, 1876347, 458, 0, 0
5724, 208, 44, 69, 0, 0, 13.52%, 0, 0, 5, 32.93, 1877424, 458, 0, 0
5729, 208, 6, 69, 0, 0, 13.52%, 0, 0, 5, 33.51, 1878562, 458, 0, 0
5734, 208, 68, 69, 0, 0, 13.52%, 0, 0, 5, 72.37, 1879674, 458, 0, 0
5739, 208, 51, 69, 0, 0, 13.52%, 0, 0, 5, 377.73, 1880604, 458, 0, 0
5744, 208, 31, 69, 0, 0, 13.52%, 0, 0, 5, 286.90, 1881342, 458, 0, 0
5749, 208, 68, 69, 0, 0, 13.52%, 0, 0, 5, 33.01, 1882064, 458, 0, 0
5754, 208, 44, 69, 0, 0, 13.52%, 0, 0, 5, 49.03, 1883183, 458, 0, 0
5759, 208, 68, 69, 0, 0, 13.52%, 0, 0, 5, 32.65, 1884337, 458, 0, 0
5765, 208, 44, 69, 0, 0, 13.52%, 0, 0, 5, 32.77, 1885393, 458, 0, 0
5770, 208, 68, 69, 0, 0, 13.52%, 0, 0, 5, 467.88, 1886415, 458, 0, 0
5775, 208, 20, 69, 0, 0, 13.52%, 0, 0, 5, 258.96, 1886875, 458, 0, 0
5780, 209, 44, 69, 0, 0, 13.52%, 0, 0, 5, 32.63, 1887979, 458, 0, 0
5785, 209, 1, 69, 0, 0, 13.52%, 0, 0, 5, 32.90, 1889199, 458, 0, 0
5790, 209, 12, 69, 0, 0, 13.52%, 0, 0, 5, 358.40, 1890306, 458, 0, 0
5795, 209, 12, 69, 0, 0, 13.52%, 0, 0, 5, 248.71, 1890875, 458, 0, 0
5800, 209, 15, 69, 0, 0, 13.52%, 0, 0, 5, 33.00, 1891812, 458, 0, 0
5805, 209, 51, 69, 0, 0, 13.52%, 0, 0, 5, 33.04, 1893023, 458, 0, 0
5810, 209, 44, 69, 0, 0, 13.52%, 0, 0, 5, 349.68, 1894257, 458, 0, 0
5815, 209, 12, 69, 0, 0, 13.52%, 0, 0, 5, 355.90, 1894933, 458, 0, 0
5820, 209, 68, 69, 0, 0, 13.52%, 0, 0, 5, 32.43, 1895635, 458, 0, 0
5825, 210, 68, 69, 0, 0, 13.52%, 0, 0, 5, 33.10, 1896794, 458, 0, 0
5831, 210, 9, 69, 0, 0, 13.52%, 0, 0, 5, 66.75, 1897996, 458, 0, 0
5836, 210, 68, 69, 0, 0, 13.52%, 0, 0, 5, 467.42, 1899168, 458, 0, 0
5841, 210, 17, 69, 0, 0, 13.52%, 0, 0, 5, 473.68, 1899815, 458, 0, 0
5846, 210, 1, 69, 0, 0, 13.52%, 0, 0, 5, 33.22, 1900516, 458, 0, 0
5851, 210, 68, 69, 0, 0, 13.52%, 0, 0, 5, 32.89, 1901757, 458, 0, 0
5856, 210, 68, 69, 0, 0, 13.52%, 0, 0, 5, 33.35, 1902938, 458, 0, 0
5861, 210, 68, 69, 0, 0, 13.52%, 0, 0, 5, 356.16, 1904049, 458, 0, 0
5866, 210, 68, 69, 0, 0, 13.52%, 0, 0, 5, 400.25, 1904604, 458, 0, 0
5871, 210, 12, 69, 0, 0, 13.52%, 0, 0, 5, 33.11, 1905533, 458, 0, 0
5876, 210, 68, 69, 0, 0, 13.52%, 0, 0, 5, 33.33, 1906764, 458, 0, 0
5882, 211, 17, 69, 0, 0, 13.52%, 0, 0, 5, 33.24, 1907914, 458, 0, 0
5887, 211, 15, 69, 0, 0, 13.52%, 0, 0, 5, 326.37, 1908997, 458, 0, 0
5892, 211, 68, 69, 0, 0, 13.52%, 0, 0, 5, 470.69, 1909752, 458, 0, 0
5897, 211, 12, 69, 0, 0, 13.52%, 0, 0, 5, 220.50, 1910475, 458, 0, 0
5902, 211, 68, 69, 0, 0, 13.52%, 0, 0, 5, 33.05, 1911465, 458, 0, 0
5907, 211, 15, 69, 0, 0, 13.52%, 0, 0, 5, 33.06, 1912578, 458, 0, 0
5912, 211, 35, 69, 0, 0, 13.52%, 0, 0, 5, 33.25, 1913658, 458, 0, 0
5917, 211, 14, 69, 0, 0, 13.52%, 0, 0, 5, 32.84, 1914804, 458, 0, 0
5922, 212, 7, 69, 0, 0, 13.52%, 0, 0, 5, 464.76, 1915797, 458, 0, 0
5927, 212, 12, 69, 0, 0, 13.52%, 0, 0, 5, 351.69, 1916497, 458, 0, 0
5933, 212, 68, 69, 0, 0, 13.52%, 0, 0, 5, 33.14, 1917197, 458, 0, 0
5938, 212, 24, 69, 0, 0, 13.52%, 0, 0, 5, 32.94, 1918328, 458, 0, 0
5943, 212, 17, 69, 0, 0, 13.52%, 0, 0, 5, 48.95, 1919433, 458, 0, 0
5948, 212, 12, 69, 0, 0, 13.52%, 0, 0, 5, 32.90, 1920556, 458, 0, 0
5953, 212, 68, 69, 0, 0, 13.52%, 0, 0, 5, 32.26, 1921659, 458, 0, 0
5958, 212, 68, 69, 0, 0, 13.52%, 0, 0, 5, 469.02, 1922570, 458, 0, 0
5963, 212, 2, 69, 0, 0, 13.52%, 0, 0, 5, 467.29, 1923315, 458, 0, 0
5968, 212, 1, 69, 0, 0, 13.52%, 0, 0, 5, 33.01, 1924063, 458, 0, 0
5973, 213, 68, 69, 0, 0, 13.52%, 0, 0, 5, 32.99, 1925131, 458, 0, 0
5979, 213, 9, 69, 0, 0, 13.52%, 0, 0, 5, 32.55, 1926255, 458, 0, 0
5984, 213, 6, 69, 0, 0, 13.52%, 0, 0, 5, 33.02, 1927389, 458, 0, 0
5989, 213, 17, 69, 0, 0, 13.52%, 0, 0, 5, 377.40, 1928585, 458, 0, 0
5994, 213, 63, 69, 0, 0, 13.52%, 0, 0, 5, 309.58, 1929073, 458, 0, 0
5999, 213, 68, 69, 0, 0, 13.52%, 0, 0, 5, 32.94, 1930114, 458, 0, 0
6004, 213, 51, 69, 0, 0, 13.52%, 0, 0, 5, 33.17, 1931355, 458, 0, 0
6009, 213, 68, 69, 0, 0, 13.52%, 0, 0, 5, 468.25, 1932524, 458, 0, 0
6014, 213, 68, 69, 0, 0, 13.52%, 0, 0, 5, 253.53, 1933131, 458, 0, 0
6020, 213, 9, 69, 0, 0, 13.52%, 0, 0, 5, 32.99, 1933932, 458, 0, 0
6025, 214, 17, 69, 0, 0, 13.52%, 0, 0, 5, 33.03, 1935158, 458, 0, 0
6030, 214, 68, 69, 0, 0, 13.52%, 0, 0, 5, 32.78, 1936348, 458, 0, 0
6035, 214, 68, 69, 0, 0, 13.52%, 0, 0, 5, 342.94, 1937359, 458, 0, 0
6040, 214, 51, 69, 0, 0, 13.52%, 0, 0, 5, 266.32, 1937963, 458, 0, 0
6045, 214, 23, 69, 0, 0, 13.52%, 0, 0, 5, 33.20, 1938918, 458, 0, 0
6050, 214, 6, 69, 0, 0, 13.52%, 0, 0, 5, 33.07, 1940141, 458, 0, 0
6055, 214, 15, 69, 0, 0, 13.52%, 0, 0, 5, 33.18, 1941306, 458, 0, 0
6061, 214, 51, 69, 0, 0, 13.52%, 0, 0, 5, 464.95, 1942123, 458, 0, 0
6066, 214, 55, 69, 0, 0, 13.52%, 0, 0, 5, 32.95, 1942685, 458, 0, 0
6071, 215, 7, 69, 0, 0, 13.52%, 0, 0, 5, 33.18, 1943905, 458, 0, 0
6076, 215, 68, 69, 0, 0, 13.52%, 0, 0, 5, 33.58, 1945060, 458, 0, 0
6081, 215, 15, 69, 0, 0, 13.52%, 0, 0, 5, 388.40, 1946164, 458, 0, 0
6086, 215, 1, 69, 0, 0, 13.52%, 0, 0, 5, 317.10, 1946873, 458, 0, 0
6091, 215, 15, 69, 0, 0, 13.52%, 0, 0, 5, 33.27, 1947611, 458, 0, 0
6096, 215, 44, 69, 0, 0, 13.52%, 0, 0, 5, 32.97, 1948778, 458, 0, 0
6101, 215, 17, 69, 0, 0, 13.52%, 0, 0, 5, 32.18, 1949934, 458, 0, 0
6106, 215, 68, 69, 0, 0, 13.52%, 0, 0, 5, 470.41, 1950952, 458, 0, 0
6112, 215, 68, 69, 0, 0, 13.52%, 0, 0, 5, 422.12, 1951647, 458, 0, 0
6117, 216, 20, 69, 0, 0, 13.52%, 0, 0, 5, 248.76, 1952361, 458, 0, 0
6122, 216, 12, 69, 0, 0, 13.52%, 0, 0, 5, 33.08, 1953426, 458, 0, 0
6127, 216, 68, 69, 0, 0, 13.52%, 0, 0, 5, 33.62, 1954537, 458, 0, 0
6132, 216, 68, 69, 0, 0, 13.52%, 0, 0, 5, 33.37, 1955715, 458, 0, 0
6137, 216, 35, 69, 0, 0, 13.52%, 0, 0, 5, 415.00, 1956815, 458, 0, 0
6142, 216, 21, 69, 0, 0, 13.52%, 0, 0, 5, 353.16, 1957649, 458, 0, 0
6147, 216, 56, 69, 0, 0, 13.52%, 0, 0, 5, 456.07, 1958315, 458, 0, 0
6152, 216, 9, 69, 0, 0, 13.52%, 0, 0, 5, 32.79, 1959164, 458, 0, 0
6157, 216, 65, 69, 0, 0, 13.52%, 0, 0, 5, 32.92, 1960211, 458, 0, 0
6162, 217, 68, 69, 0, 0, 13.52%, 0, 0, 5, 32.88, 1961334, 458, 0, 0
6168, 217, 9, 69, 0, 0, 13.52%, 0, 0, 5, 36.01, 1962792, 458, 0, 0
6173, 217, 1, 69, 0, 0, 13.52%, 0, 0, 5, 414.13, 1964815, 458, 0, 0
6178, 217, 23, 69, 0, 0, 13.52%, 0, 0, 5, 450.97, 1967133, 458, 0, 0
6183, 217, 15, 69, 0, 0, 13.52%, 0, 0, 5, 451.70, 1969406, 458, 0, 0
6188, 218, 18, 69, 0, 0, 13.52%, 0, 0, 5, 435.05, 1971591, 458, 0, 0
6193, 218, 51, 69, 0, 0, 13.52%, 0, 0, 5, 371.25, 1973355, 458, 0, 0
6198, 218, 38, 69, 0, 0, 13.52%, 0, 0, 5, 385.96, 1975271, 458, 0, 0
6203, 218, 1, 69, 0, 0, 13.52%, 0, 0, 5, 429.76, 1977491, 458, 0, 0
6208, 219, 51, 69, 0, 0, 13.52%, 0, 0, 5, 432.58, 1979675, 458, 0, 0
6213, 219, 38, 69, 0, 0, 13.52%, 0, 0, 5, 438.47, 1981899, 458, 0, 0
6218, 219, 68, 69, 0, 0, 13.52%, 0, 0, 5, 402.83, 1983955, 458, 0, 0
6223, 219, 1, 69, 0, 0, 13.52%, 0, 0, 5, 418.77, 1986083, 458, 0, 0
6229, 220, 12, 69, 0, 0, 13.52%, 0, 0, 5, 437.23, 1988375, 458, 0, 0
6234, 220, 68, 69, 0, 0, 13.52%, 0, 0, 5, 439.97, 1990603, 458, 0, 0
6239, 220, 51, 69, 0, 0, 13.52%, 0, 0, 5, 437.57, 1992807, 458, 0, 0
6244, 220, 68, 69, 0, 0, 13.52%, 0, 0, 5, 396.93, 1994725, 458, 0, 0
6249, 221, 44, 69, 0, 0, 13.52%, 0, 0, 5, 436.07, 1996959, 458, 0, 0
6254, 221, 68, 69, 0, 0, 13.52%, 0, 0, 5, 450.67, 1999240, 458, 0, 0
6259, 221, 68, 69, 0, 0, 13.52%, 0, 0, 5, 452.58, 2001567, 458, 0, 0
6264, 221, 68, 69, 0, 0, 13.52%, 0, 0, 5, 414.41, 2003747, 458, 0, 0
6269, 221, 7, 69, 0, 0, 13.52%, 0, 0, 5, 450.19, 2006115, 458, 0, 0
6274, 222, 1, 69, 0, 0, 13.52%, 0, 0, 5, 451.56, 2008424, 458, 0, 0
6280, 222, 51, 69, 0, 0, 13.52%, 0, 0, 5, 451.49, 2010769, 458, 0, 0
6285, 222, 7, 69, 0, 0, 13.52%, 0, 0, 5, 420.45, 2012951, 458, 0, 0
6290, 222, 2, 69, 0, 0, 13.52%, 0, 0, 5, 447.79, 2015275, 458, 0, 0
6295, 223, 38, 69, 0, 0, 13.52%, 0, 0, 5, 451.33, 2017597, 458, 0, 0
6300, 223, 51, 69, 0, 0, 13.52%, 0, 0, 5, 452.79, 2019870, 458, 0, 0
6305, 223, 68, 69, 0, 0, 13.52%, 0, 0, 5, 412.28, 2022051, 458, 0, 0
6310, 223, 12, 69, 0, 0, 13.52%, 0, 0, 5, 447.44, 2024391, 458, 0, 0
6315, 224, 15, 69, 0, 0, 13.52%, 0, 0, 5, 450.33, 2026724, 458, 0, 0
6321, 224, 53, 69, 0, 0, 13.52%, 0, 0, 5, 450.54, 2029060, 458, 0, 0
6326, 224, 51, 69, 0, 0, 13.52%, 0, 0, 5, 421.78, 2031223, 458, 0, 0
6331, 224, 24, 69, 0, 0, 13.52%, 0, 0, 5, 446.47, 2033515, 458, 0, 0
6336, 225, 51, 69, 0, 0, 13.52%, 0, 0, 5, 452.55, 2035879, 458, 0, 0
6341, 225, 9, 69, 0, 0, 13.52%, 0, 0, 5, 455.68, 2038188, 458, 0, 0
6346, 225, 57, 69, 0, 0, 13.52%, 0, 0, 5, 451.87, 2040479, 458, 0, 0
6351, 225, 32, 69, 0, 0, 13.52%, 0, 0, 5, 446.88, 2042631, 458, 0, 0
6356, 226, 1, 69, 0, 0, 13.52%, 0, 0, 5, 451.81, 2044943, 458, 0, 0
6361, 226, 51, 69, 0, 0, 13.52%, 0, 0, 5, 453.48, 2047296, 458, 0, 0
6366, 226, 9, 69, 0, 0, 13.52%, 0, 0, 5, 454.60, 2049597, 458, 0, 0
6371, 226, 15, 69, 0, 0, 13.52%, 0, 0, 5, 441.34, 2051715, 458, 0, 0
6377, 227, 68, 69, 0, 0, 13.52%, 0, 0, 5, 454.31, 2054070, 458, 0, 0
6382, 227, 68, 69, 0, 0, 13.52%, 0, 0, 5, 455.61, 2056432, 458, 0, 0
6387, 227, 20, 69, 0, 0, 13.52%, 0, 0, 5, 458.18, 2058815, 458, 0, 0
6392, 227, 15, 69, 0, 0, 13.52%, 0, 0, 5, 437.24, 2060923, 458, 0, 0
6397, 227, 43, 69, 0, 0, 13.52%, 0, 0, 5, 453.72, 2063279, 458, 0, 0
6402, 228, 7, 69, 0, 0, 13.52%, 0, 0, 5, 456.24, 2065633, 458, 0, 0
6407, 228, 24, 69, 0, 0, 13.52%, 0, 0, 5, 453.60, 2067961, 458, 0, 0
6412, 228, 68, 69, 0, 0, 13.52%, 0, 0, 5, 441.10, 2070103, 458, 0, 0
6417, 228, 1, 69, 0, 0, 13.52%, 0, 0, 5, 454.96, 2072406, 458, 0, 0
6422, 229, 51, 69, 0, 0, 13.52%, 0, 0, 5, 455.47, 2074705, 458, 0, 0
6428, 229, 68, 69, 0, 0, 13.52%, 0, 0, 5, 456.47, 2077015, 458, 0, 0
6433, 229, 68, 69, 0, 0, 13.52%, 0, 0, 5, 457.95, 2078560, 458, 0, 0
6438, 229, 68, 69, 0, 0, 13.52%, 0, 0, 5, 441.09, 2080879, 458, 0, 0
6443, 230, 12, 69, 0, 0, 13.52%, 0, 0, 5, 468.88, 2082797, 458, 0, 0
6448, 230, 2, 69, 0, 0, 13.52%, 0, 0, 5, 465.43, 2085170, 458, 0, 0
6453, 230, 68, 69, 0, 0, 13.52%, 0, 0, 5, 463.82, 2087531, 458, 0, 0
6458, 230, 24, 69, 0, 0, 13.52%, 0, 0, 5, 333.24, 2089279, 458, 0, 0
6463, 231, 51, 69, 0, 0, 13.52%, 0, 0, 5, 432.01, 2091591, 458, 0, 0
6469, 231, 51, 69, 0, 0, 13.52%, 0, 0, 5, 453.88, 2093987, 458, 0, 0
6474, 231, 15, 69, 0, 0, 13.52%, 0, 0, 5, 441.51, 2095823, 458, 0, 0
6479, 231, 9, 69, 0, 0, 13.52%, 0, 0, 5, 456.05, 2098161, 458, 0, 0
6484, 231, 51, 69, 0, 0, 13.52%, 0, 0, 5, 53.77, 2100079, 458, 0, 0
6489, 232, 51, 69, 0, 0, 13.52%, 0, 0, 5, 450.35, 2102296, 458, 0, 0
6494, 232, 68, 69, 0, 0, 13.52%, 0, 0, 5, 458.16, 2104661, 458, 0, 0
6499, 232, 65, 69, 0, 0, 13.52%, 0, 0, 5, 347.95, 2106461, 458, 0, 0
6504, 232, 51, 69, 0, 0, 13.52%, 0, 0, 5, 437.89, 2108783, 458, 0, 0
6509, 233, 7, 69, 0, 0, 13.52%, 0, 0, 5, 458.75, 2111115, 458, 0, 0
6515, 233, 44, 69, 0, 0, 13.52%, 0, 0, 5, 392.25, 2112906, 458, 0, 0
6520, 233, 68, 69, 0, 0, 13.52%, 0, 0, 5, 448.74, 2115287, 458, 0, 0
6525, 233, 51, 69, 0, 0, 13.52%, 0, 0, 5, 460.25, 2117106, 458, 0, 0
6530, 233, 15, 69, 0, 0, 13.52%, 0, 0, 5, 463.76, 2119479, 458, 0, 0
6535, 234, 35, 69, 0, 0, 13.52%, 0, 0, 5, 466.10, 2121733, 458, 0, 0
6540, 234, 12, 69, 0, 0, 13.52%, 0, 0, 5, 461.49, 2123506, 458, 0, 0
6545, 234, 68, 69, 0, 0, 13.52%, 0, 0, 5, 463.99, 2125867, 458, 0, 0
6550, 234, 40, 69, 0, 0, 13.52%, 0, 0, 5, 468.85, 2127624, 458, 0, 0
6556, 235, 38, 69, 0, 0, 13.52%, 0, 0, 5, 466.22, 2129997, 458, 0, 0
6561, 235, 67, 69, 0, 0, 13.52%, 0, 0, 5, 463.21, 2132361, 458, 0, 0
6566, 235, 38, 69, 0, 0, 13.52%, 0, 0, 5, 459.53, 2134161, 458, 0, 0
6571, 235, 64, 69, 0, 0, 13.52%, 0, 0, 5, 462.43, 2136533, 458, 0, 0
6576, 236, 9, 69, 0, 0, 13.52%, 0, 0, 5, 427.19, 2138307, 458, 0, 0
6581, 236, 7, 69, 0, 0, 13.52%, 0, 0, 5, 457.96, 2140561, 458, 0, 0
6586, 236, 44, 69, 0, 0, 13.52%, 0, 0, 5, 462.92, 2142933, 458, 0, 0
6591, 236, 15, 69, 0, 0, 13.52%, 0, 0, 5, 348.36, 2144667, 458, 0, 0
6597, 236, 35, 69, 0, 0, 13.52%, 0, 0, 5, 437.36, 2147051, 458, 0, 0
6602, 237, 8, 69, 0, 0, 13.52%, 0, 0, 5, 464.82, 2148833, 458, 0, 0
6607, 237, 19, 69, 0, 0, 13.52%, 0, 0, 5, 467.59, 2151233, 458, 0, 0
6612, 237, 51, 69, 0, 0, 13.52%, 0, 0, 5, 33.38, 2153092, 458, 0, 0
6617, 237, 35, 69, 0, 0, 13.52%, 0, 0, 5, 452.10, 2155424, 458, 0, 0
6622, 238, 15, 69, 0, 0, 13.52%, 0, 0, 5, 462.00, 2157779, 458, 0, 0
6627, 238, 1, 69, 0, 0, 13.52%, 0, 0, 5, 371.89, 2159492, 458, 0, 0
6632, 238, 24, 69, 0, 0, 13.52%, 0, 0, 5, 441.56, 2161807, 458, 0, 0
6637, 238, 12, 69, 0, 0, 13.52%, 0, 0, 5, 471.18, 2163588, 458, 0, 0
6643, 239, 68, 69, 0, 0, 13.52%, 0, 0, 5, 466.24, 2165961, 458, 0, 0
6648, 239, 51, 69, 0, 0, 13.52%, 0, 0, 5, 388.06, 2167758, 458, 0, 0
6653, 239, 68, 69, 0, 0, 13.52%, 0, 0, 5, 448.19, 2170087, 458, 0, 0
6658, 239, 68, 69, 0, 0, 13.52%, 0, 0, 5, 463.03, 2172467, 458, 0, 0
6663, 239, 35, 69, 0, 0, 13.52%, 0, 0, 5, 438.24, 2174215, 458, 0, 0
6668, 240, 63, 69, 0, 0, 13.52%, 0, 0, 5, 454.72, 2176533, 458, 0, 0
6673, 240, 51, 69, 0, 0, 13.52%, 0, 0, 5, 460.82, 2178206, 458, 0, 0
6678, 240, 68, 69, 0, 0, 13.52%, 0, 0, 5, 461.04, 2180558, 458, 0, 0
6683, 240, 15, 69, 0, 0, 13.52%, 0, 0, 5, 469.08, 2182343, 458, 0, 0
6688, 240, 38, 69, 0, 0, 13.52%, 0, 0, 5, 463.32, 2184715, 458, 0, 0
6694, 241, 68, 69, 0, 0, 13.52%, 0, 0, 5, 37.40, 2186543, 458, 0, 0
6699, 241, 9, 69, 0, 0, 13.52%, 0, 0, 5, 420.56, 2188907, 458, 0, 0
6704, 241, 65, 69, 0, 0, 13.52%, 0, 0, 5, 454.01, 2191252, 458, 0, 0
6709, 241, 23, 69, 0, 0, 13.52%, 0, 0, 5, 448.64, 2193015, 458, 0, 0
6714, 242, 35, 69, 0, 0, 13.52%, 0, 0, 5, 460.17, 2195406, 458, 0, 0
6719, 242, 2, 69, 0, 0, 13.52%, 0, 0, 5, 331.49, 2197173, 458, 0, 0
6724, 242, 23, 69, 0, 0, 13.52%, 0, 0, 5, 437.56, 2199515, 458, 0, 0
6729, 242, 68, 69, 0, 0, 13.52%, 0, 0, 5, 305.83, 2201268, 458, 0, 0
6734, 243, 21, 69, 0, 0, 13.52%, 0, 0, 5, 431.16, 2203659, 458, 0, 0
6739, 243, 44, 69, 0, 0, 13.52%, 0, 0, 5, 32.96, 2205605, 458, 0, 0
6745, 243, 18, 69, 0, 0, 13.52%, 0, 0, 5, 459.54, 2207770, 458, 0, 0
6750, 243, 7, 69, 0, 0, 13.52%, 0, 0, 5, 466.55, 2210161, 458, 0, 0
6755, 243, 67, 69, 0, 0, 13.52%, 0, 0, 5, 346.21, 2211911, 458, 0, 0
6760, 244, 9, 69, 0, 0, 13.52%, 0, 0, 5, 442.90, 2214307, 458, 0, 0
6765, 244, 38, 69, 0, 0, 13.52%, 0, 0, 5, 287.64, 2216103, 458, 0, 0
6770, 244, 1, 69, 0, 0, 13.52%, 0, 0, 5, 428.68, 2218491, 458, 0, 0
6775, 244, 51, 69, 0, 0, 13.52%, 0, 0, 5, 33.05, 2220545, 458, 0, 0
6780, 244, 68, 69, 0, 0, 13.52%, 0, 0, 5, 465.75, 2222652, 458, 0, 0
6785, 245, 35, 69, 0, 0, 13.52%, 0, 0, 5, 465.44, 2225015, 458, 0, 0
6791, 245, 44, 69, 0, 0, 13.52%, 0, 0, 5, 444.89, 2226799, 458, 0, 0
6796, 245, 15, 69, 0, 0, 13.52%, 0, 0, 5, 459.27, 2229142, 458, 0, 0
6801, 245, 42, 69, 0, 0, 13.52%, 0, 0, 5, 456.90, 2230952, 458, 0, 0
6806, 246, 23, 69, 0, 0, 13.52%, 0, 0, 5, 464.21, 2233315, 458, 0, 0
6811, 246, 9, 69, 0, 0, 13.52%, 0, 0, 5, 461.98, 2234715, 458, 0, 0
6816, 246, 44, 69, 0, 0, 13.52%, 0, 0, 5, 464.19, 2236197, 458, 0, 0
6821, 246, 24, 69, 0, 0, 13.52%, 0, 0, 5, 37.24, 2237633, 458, 0, 0
6826, 246, 12, 69, 0, 0, 13.52%, 0, 0, 5, 51.77, 2239504, 458, 0, 0
6831, 246, 2, 69, 0, 0, 13.52%, 0, 0, 5, 448.16, 2241242, 458, 0, 0
6837, 247, 1, 69, 0, 0, 13.52%, 0, 0, 5, 464.54, 2242706, 458, 0, 0
6842, 247, 68, 69, 0, 0, 13.52%, 0, 0, 5, 412.24, 2243939, 458, 0, 0
6847, 247, 44, 69, 0, 0, 13.52%, 0, 0, 5, 225.86, 2245187, 458, 0, 0
6852, 247, 63, 69, 0, 0, 13.52%, 0, 0, 5, 32.90, 2246548, 458, 0, 0
6857, 247, 68, 69, 0, 0, 13.52%, 0, 0, 5, 33.02, 2248175, 458, 0, 0
6862, 247, 51, 69, 0, 0, 13.52%, 0, 0, 5, 32.35, 2249771, 458, 0, 0
6867, 247, 44, 69, 0, 0, 13.52%, 0, 0, 5, 453.53, 2251124, 458, 0, 0
6872, 248, 9, 69, 0, 0, 13.52%, 0, 0, 5, 421.97, 2252283, 458, 0, 0
6878, 248, 68, 69, 0, 0, 13.52%, 0, 0, 5, 461.46, 2253423, 458, 0, 0
6883, 248, 17, 69, 0, 0, 13.52%, 0, 0, 5, 388.06, 2254521, 458, 0, 0
6888, 248, 68, 69, 0, 0, 13.52%, 0, 0, 5, 32.88, 2255935, 458, 0, 0
6893, 248, 17, 69, 0, 0, 13.52%, 0, 0, 5, 32.90, 2257355, 458, 0, 0
6898, 248, 68, 69, 0, 0, 13.52%, 0, 0, 5, 33.37, 2258811, 458, 0, 0
6903, 248, 51, 69, 0, 0, 13.52%, 0, 0, 5, 341.42, 2260081, 458, 0, 0
6908, 248, 68, 69, 0, 0, 13.52%, 0, 0, 5, 382.16, 2261137, 458, 0, 0
6914, 249, 2, 69, 0, 0, 13.52%, 0, 0, 5, 267.49, 2262008, 458, 0, 0
6919, 249, 66, 69, 0, 0, 13.52%, 0, 0, 5, 33.29, 2263197, 458, 0, 0
6924, 249, 44, 69, 0, 0, 13.52%, 0, 0, 5, 33.20, 2264593, 458, 0, 0
6929, 249, 2, 69, 0, 0, 13.52%, 0, 0, 5, 61.86, 2266023, 458, 0, 0
6934, 249, 51, 69, 0, 0, 13.52%, 0, 0, 5, 328.43, 2267027, 458, 0, 0
6939, 249, 44, 69, 0, 0, 13.52%, 0, 0, 5, 420.69, 2267899, 458, 0, 0
6944, 249, 23, 69, 0, 0, 13.52%, 0, 0, 5, 36.43, 2268885, 458, 0, 0
6949, 249, 28, 69, 0, 0, 13.52%, 0, 0, 5, 33.06, 2270241, 458, 0, 0
6954, 249, 51, 69, 0, 0, 13.52%, 0, 0, 5, 34.12, 2271543, 458, 0, 0
6960, 250, 21, 69, 0, 0, 13.52%, 0, 0, 5, 431.72, 2272859, 458, 0, 0
6965, 250, 38, 69, 0, 0, 13.52%, 0, 0, 5, 465.16, 2273788, 458, 0, 0
6970, 250, 15, 69, 0, 0, 13.52%, 0, 0, 5, 458.90, 2274624, 458, 0, 0
6975, 250, 9, 69, 0, 0, 13.52%, 0, 0, 5, 32.58, 2275590, 458, 0, 0
6980, 250, 2, 69, 0, 0, 13.52%, 0, 0, 5, 32.93, 2276827, 458, 0, 0
6985, 250, 9, 69, 0, 0, 13.52%, 0, 0, 5, 51.10, 2278103, 458, 0, 0
6990, 250, 51, 69, 0, 0, 13.52%, 0, 0, 5, 33.47, 2279395, 458, 0, 0
6995, 250, 68, 69, 0, 0, 13.52%, 0, 0, 5, 449.06, 2280459, 458, 0, 0
7001, 251, 44, 69, 0, 0, 13.52%, 0, 0, 5, 301.22, 2281303, 458, 0, 0
7006, 251, 51, 69, 0, 0, 13.52%, 0, 0, 5, 345.00, 2282116, 458, 0, 0
7011, 251, 68, 69, 0, 0, 13.52%, 0, 0, 5, 33.49, 2283300, 458, 0, 0
7016, 251, 61, 69, 0, 0, 13.52%, 0, 0, 5, 32.99, 2284441, 458, 0, 0
7021, 251, 68, 69, 0, 0, 13.52%, 0, 0, 5, 33.15, 2285589, 458, 0, 0
7026, 251, 24, 69, 0, 0, 13.52%, 0, 0, 5, 77.81, 2286724, 458, 0, 0
7031, 251, 1, 69, 0, 0, 13.52%, 0, 0, 5, 464.12, 2287642, 458, 0, 0
7036, 251, 68, 69, 0, 0, 13.52%, 0, 0, 5, 466.04, 2288487, 458, 0, 0
7042, 251, 32, 69, 0, 0, 13.52%, 0, 0, 5, 36.37, 2289311, 458, 0, 0
7047, 252, 15, 69, 0, 0, 13.52%, 0, 0, 5, 32.99, 2290514, 458, 0, 0
7052, 252, 44, 69, 0, 0, 13.52%, 0, 0, 5, 32.95, 2291675, 458, 0, 0
7057, 252, 21, 69, 0, 0, 13.52%, 0, 0, 5, 38.07, 2292848, 458, 0, 0
7062, 252, 12, 69, 0, 0, 13.52%, 0, 0, 5, 445.19, 2293979, 458, 0, 0
7067, 252, 68, 69, 0, 0, 13.52%, 0, 0, 5, 412.93, 2294847, 458, 0, 0
7072, 252, 68, 69, 0, 0, 13.52%, 0, 0, 5, 302.90, 2295613, 458, 0, 0
7077, 252, 17, 69, 0, 0, 13.52%, 0, 0, 5, 35.45, 2296452, 458, 0, 0
7082, 252, 65, 69, 0, 0, 13.52%, 0, 0, 5, 33.54, 2297608, 458, 0, 0
7087, 252, 68, 69, 0, 0, 13.52%, 0, 0, 5, 32.75, 2298806, 458, 0, 0
7092, 252, 47, 69, 0, 0, 13.52%, 0, 0, 5, 472.33, 2300015, 458, 0, 0
7098, 253, 1, 69, 0, 0, 13.52%, 0, 0, 5, 428.89, 2300699, 458, 0, 0
7103, 253, 51, 69, 0, 0, 13.52%, 0, 0, 5, 53.58, 2301528, 458, 0, 0
7108, 253, 47, 69, 0, 0, 13.52%, 0, 0, 5, 32.71, 2302765, 458, 0, 0
7113, 253, 44, 69, 0, 0, 13.52%, 0, 0, 5, 464.57, 2303943, 458, 0, 0
7118, 253, 47, 69, 0, 0, 13.52%, 0, 0, 5, 331.52, 2304433, 458, 0, 0
7123, 253, 15, 69, 0, 0, 13.52%, 0, 0, 5, 33.24, 2305441, 458, 0, 0
7128, 253, 9, 69, 0, 0, 13.52%, 0, 0, 5, 49.72, 2306677, 458, 0, 0
7133, 253, 57, 69, 0, 0, 13.52%, 0, 0, 5, 451.25, 2307915, 458, 0, 0
7138, 254, 68, 69, 0, 0, 13.52%, 0, 0, 5, 293.59, 2308568, 458, 0, 0
7143, 254, 2, 69, 0, 0, 13.52%, 0, 0, 5, 32.97, 2309314, 458, 0, 0
7149, 254, 65, 69, 0, 0, 13.52%, 0, 0, 5, 33.31, 2310497, 458, 0, 0
7154, 254, 68, 69, 0, 0, 13.52%, 0, 0, 5, 32.53, 2311702, 458, 0, 0
7159, 254, 32, 69, 0, 0, 13.52%, 0, 0, 5, 456.79, 2312870, 458, 0, 0
7164, 254, 68, 69, 0, 0, 13.52%, 0, 0, 5, 371.33, 2313546, 458, 0, 0
7169, 254, 44, 69, 0, 0, 13.52%, 0, 0, 5, 33.14, 2314239, 458, 0, 0
7174, 254, 68, 69, 0, 0, 13.52%, 0, 0, 5, 32.73, 2315487, 458, 0, 0
7179, 254, 68, 69, 0, 0, 13.52%, 0, 0, 5, 33.38, 2316742, 458, 0, 0
7184, 254, 27, 69, 0, 0, 13.52%, 0, 0, 5, 451.67, 2317624, 458, 0, 0
7189, 254, 68, 69, 0, 0, 13.52%, 0, 0, 5, 435.65, 2318279, 458, 0, 0
7195, 255, 24, 69, 0, 0, 13.52%, 0, 0, 5, 32.83, 2319335, 458, 0, 0
7200, 255, 23, 69, 0, 0, 13.52%, 0, 0, 5, 33.14, 2320510, 458, 0, 0
7205, 255, 9, 69, 0, 0, 13.52%, 0, 0, 5, 32.09, 2321652, 458, 0, 0
7210, 255, 68, 69, 0, 0, 13.52%, 0, 0, 5, 465.50, 2322742, 458, 0, 0
7215, 255, 53, 69, 0, 0, 13.52%, 0, 0, 5, 413.42, 2323419, 458, 0, 0
7220, 255, 17, 69, 0, 0, 13.52%, 0, 0, 5, 33.15, 2324204, 458, 0, 0
7225, 255, 44, 69, 0, 0, 13.52%, 0, 0, 5, 52.39, 2325345, 458, 0, 0
7230, 255, 51, 69, 0, 0, 13.52%, 0, 0, 5, 32.79, 2326494, 458, 0, 0
7235, 255, 58, 69, 0, 0, 13.52%, 0, 0, 5, 63.07, 2327606, 458, 0, 0
7241, 256, 17, 69, 0, 0, 13.52%, 0, 0, 5, 388.48, 2328627, 458, 0, 0
7246, 256, 2, 69, 0, 0, 13.52%, 0, 0, 5, 467.61, 2329424, 458, 0, 0
7251, 256, 62, 69, 0, 0, 13.52%, 0, 0, 5, 211.31, 2330161, 458, 0, 0
7256, 256, 44, 69, 0, 0, 13.52%, 0, 0, 5, 33.15, 2331206, 458, 0, 0
7261, 256, 68, 69, 0, 0, 13.52%, 0, 0, 5, 33.08, 2332293, 458, 0, 0
7266, 256, 9, 69, 0, 0, 13.52%, 0, 0, 5, 33.16, 2333426, 458, 0, 0
7271, 256, 68, 69, 0, 0, 13.52%, 0, 0, 5, 33.05, 2334579, 458, 0, 0
7276, 256, 23, 69, 0, 0, 13.52%, 0, 0, 5, 329.70, 2335591, 458, 0, 0
7282, 256, 12, 69, 0, 0, 13.52%, 0, 0, 5, 434.04, 2336359, 458, 0, 0
7287, 256, 7, 69, 0, 0, 13.52%, 0, 0, 5, 470.00, 2337107, 458, 0, 0
7292, 256, 44, 69, 0, 0, 13.52%, 0, 0, 5, 32.89, 2338143, 458, 0, 0
7297, 257, 53, 69, 0, 0, 13.52%, 0, 0, 5, 51.19, 2339283, 458, 0, 0
7302, 257, 51, 69, 0, 0, 13.52%, 0, 0, 5, 40.18, 2340426, 458, 0, 0
7307, 257, 68, 69, 0, 0, 13.52%, 0, 0, 5, 31.55, 2341530, 458, 0, 0
7312, 257, 0, 69, 0, 0, 13.52%, 0, 0, 5, 426.01, 2342599, 458, 0, 0
7317, 257, 12, 69, 0, 0, 13.52%, 0, 0, 5, 454.95, 2343233, 458, 0, 0
7323, 257, 40, 69, 0, 0, 13.52%, 0, 0, 5, 33.38, 2344140, 458, 0, 0
7328, 257, 24, 69, 0, 0, 13.52%, 0, 0, 5, 33.62, 2345410, 458, 0, 0
7333, 257, 20, 69, 0, 0, 13.52%, 0, 0, 5, 32.79, 2346659, 458, 0, 0
7338, 257, 68, 69, 0, 0, 13.52%, 0, 0, 5, 267.73, 2347398, 458, 0, 0
7343, 257, 51, 69, 0, 0, 13.52%, 0, 0, 5, 31.81, 2348031, 458, 0, 0
7348, 258, 68, 69, 0, 0, 13.52%, 0, 0, 5, 30.49, 2349133, 458, 0, 0
7353, 258, 51, 69, 0, 0, 13.52%, 0, 0, 5, 47.82, 2350311, 458, 0, 0
7358, 258, 13, 69, 0, 0, 13.52%, 0, 0, 5, 367.08, 2351427, 458, 0, 0
7363, 258, 68, 69, 0, 0, 13.52%, 0, 0, 5, 458.89, 2351988, 458, 0, 0
7368, 258, 22, 69, 0, 0, 13.52%, 0, 0, 5, 32.99, 2352933, 458, 0, 0
7373, 258, 32, 69, 0, 0, 13.52%, 0, 0, 5, 32.84, 2354162, 458, 0, 0
7379, 258, 20, 69, 0, 0, 13.52%, 0, 0, 5, 33.06, 2355327, 458, 0, 0
7384, 258, 7, 69, 0, 0, 13.52%, 0, 0, 5, 332.10, 2356249, 458, 0, 0
7389, 258, 68, 69, 0, 0, 13.52%, 0, 0, 5, 457.71, 2356773, 458, 0, 0
7394, 258, 68, 69, 0, 0, 13.52%, 0, 0, 5, 33.05, 2357904, 458, 0, 0
7399, 259, 7, 69, 0, 0, 13.52%, 0, 0, 5, 32.99, 2359057, 458, 0, 0
7404, 259, 7, 69, 0, 0, 13.52%, 0, 0, 5, 31.58, 2360261, 458, 0, 0
7409, 259, 15, 69, 0, 0, 13.52%, 0, 0, 5, 331.95, 2361015, 458, 0, 0
7414, 259, 47, 69, 0, 0, 13.52%, 0, 0, 5, 33.15, 2361677, 458, 0, 0
7419, 259, 17, 69, 0, 0, 13.52%, 0, 0, 5, 33.08, 2362892, 458, 0, 0
7424, 259, 2, 69, 0, 0, 13.52%, 0, 0, 5, 32.94, 2364087, 458, 0, 0
7429, 259, 68, 69, 0, 0, 13.52%, 0, 0, 5, 336.49, 2365247, 458, 0, 0
7435, 259, 51, 69, 0, 0, 13.52%, 0, 0, 5, 350.21, 2365997, 458, 0, 0
7440, 259, 68, 69, 0, 0, 13.52%, 0, 0, 5, 33.66, 2366614, 458, 0, 0
7445, 260, 21, 69, 0, 0, 13.52%, 0, 0, 5, 33.39, 2367790, 458, 0, 0
7450, 260, 21, 69, 0, 0, 13.52%, 0, 0, 5, 32.86, 2368915, 458, 0, 0
7455, 260, 15, 69, 0, 0, 13.52%, 0, 0, 5, 32.73, 2370011, 458, 0, 0
7460, 260, 68, 69, 0, 0, 13.52%, 0, 0, 5, 300.67, 2371109, 458, 0, 0
7465, 260, 9, 69, 0, 0, 13.52%, 0, 0, 5, 330.02, 2372033, 458, 0, 0
7470, 260, 1, 69, 0, 0, 13.52%, 0, 0, 5, 244.70, 2372739, 458, 0, 0
7475, 260, 68, 69, 0, 0, 13.52%, 0, 0, 5, 33.08, 2373520, 458, 0, 0
7481, 260, 44, 69, 0, 0, 13.52%, 0, 0, 5, 32.80, 2374660, 458, 0, 0
7486, 260, 68, 69, 0, 0, 13.52%, 0, 0, 5, 32.88, 2375784, 458, 0, 0
7491, 261, 9, 69, 0, 0, 13.52%, 0, 0, 5, 33.24, 2376920, 458, 0, 0
7496, 261, 51, 69, 0, 0, 13.52%, 0, 0, 5, 331.57, 2378009, 458, 0, 0
7501, 261, 15, 69, 0, 0, 13.52%, 0, 0, 5, 336.46, 2378703, 458, 0, 0
7506, 261, 51, 69, 0, 0, 13.52%, 0, 0, 5, 244.69, 2379411, 458, 0, 0
7511, 261, 38, 69, 0, 0, 13.52%, 0, 0, 5, 33.16, 2380396, 458, 0, 0
7516, 261, 51, 69, 0, 0, 13.52%, 0, 0, 5, 48.59, 2381524, 458, 0, 0
7521, 261, 15, 69, 0, 0, 13.52%, 0, 0, 5, 32.26, 2382651, 458, 0, 0
7526, 261, 15, 69, 0, 0, 13.52%, 0, 0, 5, 32.76, 2383771, 458, 0, 0
7531, 261, 68, 69, 0, 0, 13.52%, 0, 0, 5, 350.49, 2384701, 458, 0, 0
7536, 261, 7, 69, 0, 0, 13.52%, 0, 0, 5, 471.59, 2385415, 458, 0, 0
7541, 262, 7, 69, 0, 0, 13.52%, 0, 0, 5, 31.47, 2386172, 458, 0, 0
7546, 262, 44, 69, 0, 0, 13.52%, 0, 0, 5, 33.13, 2387412, 458, 0, 0
7551, 262, 68, 69, 0, 0, 13.52%, 0, 0, 5, 448.91, 2388712, 458, 0, 0
7556, 262, 24, 69, 0, 0, 13.52%, 0, 0, 5, 463.51, 2389261, 458, 0, 0
7562, 262, 65, 69, 0, 0, 13.52%, 0, 0, 5, 40.63, 2390084, 458, 0, 0
7567, 262, 24, 69, 0, 0, 13.52%, 0, 0, 5, 32.83, 2391300, 458, 0, 0
7572, 262, 15, 69, 0, 0, 13.52%, 0, 0, 5, 33.74, 2392516, 458, 0, 0
7577, 262, 51, 69, 0, 0, 13.52%, 0, 0, 5, 395.59, 2393376, 458, 0, 0
7582, 262, 68, 69, 0, 0, 13.52%, 0, 0, 5, 384.70, 2394062, 458, 0, 0
7587, 263, 65, 69, 0, 0, 13.52%, 0, 0, 5, 50.27, 2395066, 458, 0, 0
7592, 263, 68, 69, 0, 0, 13.52%, 0, 0, 5, 32.49, 2396276, 458, 0, 0
7598, 263, 34, 69, 0, 0, 13.52%, 0, 0, 5, 32.79, 2397473, 458, 0, 0
7603, 263, 68, 69, 0, 0, 13.52%, 0, 0, 5, 469.11, 2398194, 458, 0, 0
7608, 263, 51, 69, 0, 0, 13.52%, 0, 0, 5, 33.31, 2398825, 458, 0, 0
7613, 263, 8, 69, 0, 0, 13.52%, 0, 0, 5, 32.86, 2400052, 458, 0, 0
7618, 263, 15, 69, 0, 0, 13.52%, 0, 0, 5, 32.82, 2401260, 458, 0, 0
7623, 263, 51, 69, 0, 0, 13.52%, 0, 0, 5, 440.72, 2402419, 458, 0, 0
7628, 263, 12, 69, 0, 0, 13.52%, 0, 0, 5, 462.95, 2403024, 458, 0, 0
7634, 263, 2, 69, 0, 0, 13.52%, 0, 0, 5, 49.98, 2403711, 458, 0, 0
7639, 264, 51, 69, 0, 0, 13.52%, 0, 0, 5, 33.30, 2404877, 458, 0, 0
7644, 264, 15, 69, 0, 0, 13.52%, 0, 0, 5, 33.50, 2406062, 458, 0, 0
7649, 264, 1, 69, 0, 0, 13.52%, 0, 0, 5, 419.90, 2407099, 458, 0, 0
7654, 264, 68, 69, 0, 0, 13.52%, 0, 0, 5, 300.50, 2407703, 458, 0, 0
7659, 264, 68, 69, 0, 0, 13.52%, 0, 0, 5, 47.81, 2408607, 458, 0, 0
7664, 264, 2, 69, 0, 0, 13.52%, 0, 0, 5, 36.47, 2409727, 458, 0, 0
7669, 264, 44, 69, 0, 0, 13.52%, 0, 0, 5, 33.50, 2410885, 458, 0, 0
7674, 264, 21, 69, 0, 0, 13.52%, 0, 0, 5, 33.80, 2411991, 458, 0, 0
7679, 264, 15, 69, 0, 0, 13.52%, 0, 0, 5, 465.04, 2412988, 458, 0, 0
7685, 265, 7, 69, 0, 0, 13.52%, 0, 0, 5, 466.54, 2413752, 458, 0, 0
7690, 265, 68, 69, 0, 0, 13.52%, 0, 0, 5, 442.79, 2414480, 458, 0, 0
7695, 265, 15, 69, 0, 0, 13.52%, 0, 0, 5, 55.08, 2415572, 458, 0, 0
7700, 265, 68, 69, 0, 0, 13.52%, 0, 0, 5, 32.78, 2416660, 458, 0, 0
7705, 265, 68, 69, 0, 0, 13.52%, 0, 0, 5, 33.38, 2417815, 458, 0, 0
7710, 265, 51, 69, 0, 0, 13.52%, 0, 0, 5, 32.35, 2418957, 458, 0, 0
7715, 265, 68, 69, 0, 0, 13.52%, 0, 0, 5, 468.32, 2419941, 458, 0, 0
7720, 265, 68, 69, 0, 0, 13.52%, 0, 0, 5, 462.13, 2420722, 458, 0, 0
7726, 265, 7, 69, 0, 0, 13.52%, 0, 0, 5, 254.39, 2421507, 458, 0, 0
7731, 265, 20, 69, 0, 0, 13.52%, 0, 0, 5, 32.82, 2422545, 458, 0, 0
7736, 266, 44, 69, 0, 0, 13.52%, 0, 0, 5, 33.31, 2423641, 458, 0, 0
7741, 266, 17, 69, 0, 0, 13.52%, 0, 0, 5, 32.82, 2424794, 458, 0, 0
7746, 266, 44, 69, 0, 0, 13.52%, 0, 0, 5, 32.86, 2425931, 458, 0, 0
7751, 266, 12, 69, 0, 0, 13.52%, 0, 0, 5, 399.28, 2426799, 458, 0, 0
7756, 266, 15, 69, 0, 0, 13.52%, 0, 0, 5, 405.44, 2427639, 458, 0, 0
7761, 266, 7, 69, 0, 0, 13.52%, 0, 0, 5, 41.44, 2428358, 458, 0, 0
7767, 266, 51, 69, 0, 0, 13.52%, 0, 0, 5, 465.76, 2430669, 458, 0, 0
7772, 267, 68, 69, 0, 0, 13.52%, 0, 0, 5, 465.53, 2433039, 458, 0, 0
7777, 267, 56, 69, 0, 0, 13.52%, 0, 0, 5, 455.57, 2435333, 458, 0, 0
7782, 267, 9, 69, 0, 0, 13.52%, 0, 0, 5, 405.63, 2437475, 458, 0, 0
7787, 267, 68, 69, 0, 0, 13.52%, 0, 0, 5, 394.07, 2439388, 458, 0, 0
7792, 268, 38, 69, 0, 0, 13.52%, 0, 0, 5, 428.83, 2441591, 458, 0, 0
7797, 268, 21, 69, 0, 0, 13.52%, 0, 0, 5, 432.45, 2443759, 458, 0, 0
7802, 268, 9, 69, 0, 0, 13.52%, 0, 0, 5, 431.69, 2445923, 458, 0, 0
7807, 268, 51, 69, 0, 0, 13.52%, 0, 0, 5, 400.74, 2447997, 458, 0, 0
7812, 268, 1, 69, 0, 0, 13.52%, 0, 0, 5, 375.06, 2449850, 458, 0, 0
7817, 269, 9, 69, 0, 0, 13.52%, 0, 0, 5, 424.33, 2452007, 458, 0, 0
7822, 269, 7, 69, 0, 0, 13.52%, 0, 0, 5, 436.59, 2454291, 458, 0, 0
7827, 269, 68, 69, 0, 0, 13.52%, 0, 0, 5, 441.59, 2456583, 458, 0, 0
7833, 269, 68, 69, 0, 0, 13.52%, 0, 0, 5, 442.71, 2458819, 458, 0, 0
7838, 270, 7, 69, 0, 0, 13.52%, 0, 0, 5, 433.60, 2460907, 458, 0, 0
7843, 270, 9, 69, 0, 0, 13.52%, 0, 0, 5, 441.99, 2463199, 458, 0, 0
7848, 270, 12, 69, 0, 0, 13.52%, 0, 0, 5, 448.52, 2465451, 458, 0, 0
7853, 270, 68, 69, 0, 0, 13.52%, 0, 0, 5, 451.40, 2467804, 458, 0, 0
7858, 270, 1, 69, 0, 0, 13.52%, 0, 0, 5, 435.55, 2469907, 458, 0, 0
7863, 271, 64, 69, 0, 0, 13.52%, 0, 0, 5, 448.87, 2472239, 458, 0, 0
7868, 271, 17, 69, 0, 0, 13.52%, 0, 0, 5, 454.59, 2474533, 458, 0, 0
7873, 271, 15, 69, 0, 0, 13.52%, 0, 0, 5, 457.76, 2476915, 458, 0, 0
7879, 271, 53, 69, 0, 0, 13.52%, 0, 0, 5, 438.99, 2479119, 458, 0, 0
7884, 272, 51, 69, 0, 0, 13.52%, 0, 0, 5, 451.56, 2481469, 458, 0, 0
7889, 272, 12, 69, 0, 0, 13.52%, 0, 0, 5, 452.31, 2483806, 458, 0, 0
7894, 272, 24, 69, 0, 0, 13.52%, 0, 0, 5, 452.21, 2486133, 458, 0, 0
7899, 273, 9, 69, 0, 0, 13.52%, 0, 0, 5, 438.26, 2488275, 458, 0, 0
7904, 273, 68, 69, 0, 0, 13.52%, 0, 0, 5, 454.53, 2490588, 458, 0, 0
7909, 273, 68, 69, 0, 0, 13.52%, 0, 0, 5, 457.92, 2492921, 458, 0, 0
7914, 273, 15, 69, 0, 0, 13.52%, 0, 0, 5, 455.12, 2495279, 458, 0, 0
7919, 273, 68, 69, 0, 0, 13.52%, 0, 0, 5, 430.53, 2497395, 458, 0, 0
7925, 274, 54, 69, 0, 0, 13.52%, 0, 0, 5, 451.58, 2499752, 458, 0, 0
7930, 274, 9, 69, 0, 0, 13.52%, 0, 0, 5, 450.52, 2502088, 458, 0, 0
7935, 274, 68, 69, 0, 0, 13.52%, 0, 0, 5, 455.13, 2504450, 458, 0, 0
7940, 274, 51, 69, 0, 0, 13.52%, 0, 0, 5, 425.61, 2506655, 458, 0, 0
7945, 275, 17, 69, 0, 0, 13.52%, 0, 0, 5, 449.18, 2508999, 458, 0, 0
7950, 275, 63, 69, 0, 0, 13.52%, 0, 0, 5, 451.25, 2511342, 458, 0, 0
7955, 275, 68, 69, 0, 0, 13.52%, 0, 0, 5, 458.28, 2513651, 458, 0, 0
7961, 275, 53, 69, 0, 0, 13.52%, 0, 0, 5, 423.26, 2515855, 458, 0, 0
7966, 275, 7, 69, 0, 0, 13.52%, 0, 0, 5, 450.25, 2518223, 458, 0, 0
7971, 276, 2, 69, 0, 0, 13.52%, 0, 0, 5, 457.30, 2520524, 458, 0, 0
7976, 276, 38, 69, 0, 0, 13.52%, 0, 0, 5, 450.91, 2522770, 458, 0, 0
7981, 276, 15, 69, 0, 0, 13.52%, 0, 0, 5, 412.11, 2524923, 458, 0, 0
7986, 277, 67, 69, 0, 0, 13.52%, 0, 0, 5, 447.33, 2527287, 458, 0, 0
7991, 277, 68, 69, 0, 0, 13.52%, 0, 0, 5, 454.62, 2529579, 458, 0, 0
7997, 277, 68, 69, 0, 0, 13.52%, 0, 0, 5, 455.75, 2531950, 458, 0, 0
8002, 277, 51, 69, 0, 0, 13.52%, 0, 0, 5, 410.89, 2534163, 458, 0, 0
8007, 278, 68, 69, 0, 0, 13.52%, 0, 0, 5, 448.02, 2536531, 458, 0, 0
8012, 278, 17, 69, 0, 0, 13.52%, 0, 0, 5, 451.87, 2538797, 458, 0, 0
8017, 278, 68, 69, 0, 0, 13.52%, 0, 0, 5, 457.24, 2541160, 458, 0, 0
8022, 278, 9, 69, 0, 0, 13.52%, 0, 0, 5, 421.96, 2543291, 458, 0, 0
8027, 279, 24, 69, 0, 0, 13.52%, 0, 0, 5, 441.88, 2545531, 458, 0, 0
8033, 279, 21, 69, 0, 0, 13.52%, 0, 0, 5, 452.07, 2547870, 458, 0, 0
8038, 279, 20, 69, 0, 0, 13.52%, 0, 0, 5, 455.62, 2550179, 458, 0, 0
8043, 279, 68, 69, 0, 0, 13.52%, 0, 0, 5, 472.64, 2551665, 458, 0, 0
8048, 279, 1, 69, 0, 0, 13.52%, 0, 0, 5, 464.34, 2554024, 458, 0, 0
8053, 280, 3, 69, 0, 0, 13.52%, 0, 0, 5, 378.90, 2555820, 458, 0, 0
8058, 280, 1, 69, 0, 0, 13.52%, 0, 0, 5, 445.24, 2558207, 458, 0, 0
8063, 280, 53, 69, 0, 0, 13.52%, 0, 0, 5, 457.31, 2560524, 458, 0, 0
8068, 280, 12, 69, 0, 0, 13.52%, 0, 0, 5, 32.95, 2562388, 458, 0, 0
8073, 281, 32, 69, 0, 0, 13.52%, 0, 0, 5, 462.42, 2564588, 458, 0, 0
8079, 281, 12, 69, 0, 0, 13.52%, 0, 0, 5, 458.45, 2566915, 458, 0, 0
8084, 281, 17, 69, 0, 0, 13.52%, 0, 0, 5, 313.43, 2568661, 458, 0, 0
8089, 281, 24, 69, 0, 0, 13.52%, 0, 0, 5, 432.87, 2571059, 458, 0, 0
8094, 282, 7, 69, 0, 0, 13.52%, 0, 0, 5, 452.40, 2573388, 458, 0, 0
8099, 282, 51, 69, 0, 0, 13.52%, 0, 0, 5, 332.90, 2575197, 458, 0, 0
8104, 282, 35, 69, 0, 0, 13.52%, 0, 0, 5, 435.19, 2577583, 458, 0, 0
8109, 282, 9, 69, 0, 0, 13.52%, 0, 0, 5, 438.28, 2579833, 458, 0, 0
8114, 283, 15, 69, 0, 0, 13.52%, 0, 0, 5, 397.82, 2581557, 458, 0, 0
8119, 283, 51, 69, 0, 0, 13.52%, 0, 0, 5, 447.49, 2583883, 458, 0, 0
8124, 283, 68, 69, 0, 0, 13.52%, 0, 0, 5, 78.12, 2585863, 458, 0, 0
8129, 283, 1, 69, 0, 0, 13.52%, 0, 0, 5, 464.18, 2587970, 458, 0, 0
8134, 283, 68, 69, 0, 0, 13.52%, 0, 0, 5, 464.77, 2590333, 458, 0, 0
8140, 284, 38, 69, 0, 0, 13.52%, 0, 0, 5, 459.28, 2592115, 458, 0, 0
8145, 284, 9, 69, 0, 0, 13.52%, 0, 0, 5, 461.83, 2594461, 458, 0, 0
8150, 284, 15, 69, 0, 0, 13.52%, 0, 0, 5, 444.53, 2596761, 458, 0, 0
8155, 284, 12, 69, 0, 0, 13.52%, 0, 0, 5, 436.87, 2598699, 458, 0, 0
8160, 285, 7, 69, 0, 0, 13.52%, 0, 0, 5, 458.83, 2601070, 458, 0, 0
8165, 285, 23, 69, 0, 0, 13.52%, 0, 0, 5, 354.10, 2602815, 458, 0, 0
8170, 285, 7, 69, 0, 0, 13.52%, 0, 0, 5, 439.59, 2605139, 458, 0, 0
8175, 285, 7, 69, 0, 0, 13.52%, 0, 0, 5, 455.48, 2607461, 458, 0, 0
8180, 285, 25, 69, 0, 0, 13.52%, 0, 0, 5, 457.07, 2609224, 458, 0, 0
8186, 286, 51, 69, 0, 0, 13.52%, 0, 0, 5, 459.74, 2611596, 458, 0, 0
8191, 286, 44, 69, 0, 0, 13.52%, 0, 0, 5, 36.27, 2613307, 458, 0, 0
8196, 286, 44, 69, 0, 0, 13.52%, 0, 0, 5, 464.31, 2615679, 458, 0, 0
8201, 286, 68, 69, 0, 0, 13.52%, 0, 0, 5, 462.65, 2618015, 458, 0, 0
8206, 287, 68, 69, 0, 0, 13.52%, 0, 0, 5, 474.59, 2619805, 458, 0, 0
8211, 287, 59, 69, 0, 0, 13.52%, 0, 0, 5, 464.02, 2622170, 458, 0, 0
8216, 287, 17, 69, 0, 0, 13.52%, 0, 0, 5, 301.73, 2623938, 458, 0, 0
8221, 287, 2, 69, 0, 0, 13.52%, 0, 0, 5, 430.16, 2626259, 458, 0, 0
8226, 288, 68, 69, 0, 0, 13.52%, 0, 0, 5, 458.93, 2628606, 458, 0, 0
8231, 288, 15, 69, 0, 0, 13.52%, 0, 0, 5, 381.22, 2630350, 458, 0, 0
8236, 288, 24, 69, 0, 0, 13.52%, 0, 0, 5, 444.19, 2632691, 458, 0, 0
8241, 288, 68, 69, 0, 0, 13.52%, 0, 0, 5, 364.81, 2634511, 458, 0, 0
8246, 289, 20, 69, 0, 0, 13.52%, 0, 0, 5, 445.95, 2636923, 458, 0, 0
8252, 289, 7, 69, 0, 0, 13.52%, 0, 0, 5, 459.43, 2639306, 458, 0, 0
8257, 289, 63, 69, 0, 0, 13.52%, 0, 0, 5, 460.88, 2641024, 458, 0, 0
8262, 289, 9, 69, 0, 0, 13.52%, 0, 0, 5, 462.06, 2643406, 458, 0, 0
8267, 290, 1, 69, 0, 0, 13.52%, 0, 0, 5, 462.82, 2645133, 458, 0, 0
8272, 290, 20, 69, 0, 0, 13.52%, 0, 0, 5, 464.10, 2647515, 458, 0, 0
8277, 290, 51, 69, 0, 0, 13.52%, 0, 0, 5, 363.18, 2649500, 458, 0, 0
8282, 290, 9, 69, 0, 0, 13.52%, 0, 0, 5, 443.66, 2651839, 458, 0, 0
8287, 290, 7, 69, 0, 0, 13.52%, 0, 0, 5, 464.69, 2653861, 458, 0, 0
8292, 291, 17, 69, 0, 0, 13.52%, 0, 0, 5, 462.65, 2656106, 458, 0, 0
8298, 291, 21, 69, 0, 0, 13.52%, 0, 0, 5, 417.57, 2658159, 458, 0, 0
8303, 291, 9, 69, 0, 0, 13.52%, 0, 0, 5, 466.69, 2660233, 458, 0, 0
8308, 291, 12, 69, 0, 0, 13.52%, 0, 0, 5, 375.56, 2662250, 458, 0, 0
8313, 292, 51, 69, 0, 0, 13.52%, 0, 0, 5, 444.95, 2664563, 458, 0, 0
8318, 292, 21, 69, 0, 0, 13.52%, 0, 0, 5, 442.51, 2666615, 458, 0, 0
8323, 292, 12, 69, 0, 0, 13.52%, 0, 0, 5, 458.46, 2668615, 458, 0, 0
8328, 292, 68, 69, 0, 0, 13.52%, 0, 0, 5, 466.16, 2670805, 458, 0, 0
8333, 292, 68, 69, 0, 0, 13.52%, 0, 0, 5, 447.90, 2672851, 458, 0, 0
8338, 293, 68, 69, 0, 0, 13.52%, 0, 0, 5, 474.84, 2674931, 458, 0, 0
8343, 293, 51, 69, 0, 0, 13.52%, 0, 0, 5, 408.87, 2677019, 458, 0, 0
8348, 293, 12, 69, 0, 0, 13.52%, 0, 0, 5, 452.19, 2679352, 458, 0, 0
8354, 293, 51, 69, 0, 0, 13.52%, 0, 0, 5, 430.04, 2681443, 458, 0, 0
8359, 294, 68, 69, 0, 0, 13.52%, 0, 0, 5, 33.00, 2683452, 458, 0, 0
8364, 294, 2, 69, 0, 0, 13.52%, 0, 0, 5, 449.50, 2684607, 458, 0, 0
8369, 294, 68, 69, 0, 0, 13.52%, 0, 0, 5, 460.61, 2686095, 458, 0, 0
8374, 294, 14, 69, 0, 0, 13.52%, 0, 0, 5, 318.43, 2687667, 458, 0, 0
8379, 294, 15, 69, 0, 0, 13.52%, 0, 0, 5, 33.11, 2689306, 458, 0, 0
8384, 294, 1, 69, 0, 0, 13.52%, 0, 0, 5, 32.79, 2691134, 458, 0, 0
8389, 295, 24, 69, 0, 0, 13.52%, 0, 0, 5, 431.83, 2692731, 458, 0, 0
8395, 295, 68, 69, 0, 0, 13.52%, 0, 0, 5, 289.31, 2693908, 458, 0, 0
8400, 295, 53, 69, 0, 0, 13.52%, 0, 0, 5, 33.00, 2695334, 458, 0, 0
8405, 295, 7, 69, 0, 0, 13.52%, 0, 0, 5, 32.18, 2697130, 458, 0, 0
8410, 295, 24, 69, 0, 0, 13.52%, 0, 0, 5, 459.97, 2698597, 458, 0, 0
8415, 295, 68, 69, 0, 0, 13.52%, 0, 0, 5, 468.73, 2699694, 458, 0, 0
8420, 295, 68, 69, 0, 0, 13.52%, 0, 0, 5, 259.06, 2700771, 458, 0, 0
8425, 296, 17, 69, 0, 0, 13.52%, 0, 0, 5, 33.23, 2702306, 458, 0, 0
8430, 296, 33, 69, 0, 0, 13.52%, 0, 0, 5, 33.18, 2703865, 458, 0, 0
8435, 296, 68, 69, 0, 0, 13.52%, 0, 0, 5, 470.71, 2705312, 458, 0, 0
8440, 296, 57, 69, 0, 0, 13.52%, 0, 0, 5, 468.61, 2706306, 458, 0, 0
8445, 296, 20, 69, 0, 0, 13.52%, 0, 0, 5, 367.08, 2707399, 458, 0, 0
8450, 296, 63, 69, 0, 0, 13.52%, 0, 0, 5, 33.30, 2708583, 458, 0, 0
8456, 296, 44, 69, 0, 0, 13.52%, 0, 0, 5, 30.13, 2710053, 458, 0, 0
8461, 297, 7, 69, 0, 0, 13.52%, 0, 0, 5, 33.09, 2711429, 458, 0, 0
8466, 297, 63, 69, 0, 0, 13.52%, 0, 0, 5, 370.68, 2712820, 458, 0, 0
8471, 297, 51, 69, 0, 0, 13.52%, 0, 0, 5, 401.82, 2713769, 458, 0, 0
8476, 297, 68, 69, 0, 0, 13.52%, 0, 0, 5, 314.27, 2714803, 458, 0, 0
8481, 297, 47, 69, 0, 0, 13.52%, 0, 0, 5, 310.00, 2715831, 458, 0, 0
8486, 297, 51, 69, 0, 0, 13.52%, 0, 0, 5, 33.44, 2717127, 458, 0, 0
8492, 297, 23, 69, 0, 0, 13.52%, 0, 0, 5, 32.38, 2718446, 458, 0, 0
8497, 297, 68, 69, 0, 0, 13.52%, 0, 0, 5, 33.16, 2719797, 458, 0, 0
8502, 298, 12, 69, 0, 0, 13.52%, 0, 0, 5, 415.59, 2721099, 458, 0, 0
8507, 298, 17, 69, 0, 0, 13.52%, 0, 0, 5, 472.49, 2721997, 458, 0, 0
8512, 298, 9, 69, 0, 0, 13.52%, 0, 0, 5, 356.64, 2722861, 458, 0, 0
8517, 298, 38, 69, 0, 0, 13.52%, 0, 0, 5, 33.29, 2723819, 458, 0, 0
8522, 298, 15, 69, 0, 0, 13.52%, 0, 0, 5, 33.31, 2725114, 458, 0, 0
8527, 298, 44, 69, 0, 0, 13.52%, 0, 0, 5, 33.01, 2726381, 458, 0, 0
8532, 298, 1, 69, 0, 0, 13.52%, 0, 0, 5, 33.24, 2727671, 458, 0, 0
8537, 298, 53, 69, 0, 0, 13.52%, 0, 0, 5, 386.07, 2728699, 458, 0, 0
8542, 298, 51, 69, 0, 0, 13.52%, 0, 0, 5, 366.36, 2729618, 458, 0, 0
8548, 299, 43, 69, 0, 0, 13.52%, 0, 0, 5, 465.00, 2730482, 458, 0, 0
8553, 299, 68, 69, 0, 0, 13.52%, 0, 0, 5, 51.82, 2731572, 458, 0, 0
8558, 299, 19, 69, 0, 0, 13.52%, 0, 0, 5, 33.28, 2732783, 458, 0, 0
8563, 299, 53, 69, 0, 0, 13.52%, 0, 0, 5, 42.99, 2733970, 458, 0, 0
8568, 299, 51, 69, 0, 0, 13.52%, 0, 0, 5, 33.64, 2735190, 458, 0, 0
8573, 299, 68, 69, 0, 0, 13.52%, 0, 0, 5, 398.23, 2736137, 458, 0, 0
8578, 299, 68, 69, 0, 0, 13.52%, 0, 0, 5, 469.98, 2737133, 458, 0, 0
8583, 299, 68, 69, 0, 0, 13.52%, 0, 0, 5, 350.95, 2737903, 458, 0, 0
8588, 299, 9, 69, 0, 0, 13.52%, 0, 0, 5, 33.03, 2738948, 458, 0, 0
8594, 300, 17, 69, 0, 0, 13.52%, 0, 0, 5, 32.96, 2740114, 458, 0, 0
8599, 300, 7, 69, 0, 0, 13.52%, 0, 0, 5, 40.77, 2741239, 458, 0, 0
8604, 300, 23, 69, 0, 0, 13.52%, 0, 0, 5, 33.15, 2742413, 458, 0, 0
8609, 300, 9, 69, 0, 0, 13.52%, 0, 0, 5, 468.10, 2743515, 458, 0, 0
8614, 300, 15, 69, 0, 0, 13.52%, 0, 0, 5, 312.14, 2744333, 458, 0, 0
8619, 300, 17, 69, 0, 0, 13.52%, 0, 0, 5, 397.61, 2745164, 458, 0, 0
8624, 300, 51, 69, 0, 0, 13.52%, 0, 0, 5, 37.72, 2746070, 458, 0, 0
8629, 301, 51, 69, 0, 0, 13.52%, 0, 0, 5, 33.01, 2747192, 458, 0, 0
8634, 301, 51, 69, 0, 0, 13.52%, 0, 0, 5, 33.07, 2748491, 458, 0, 0
8640, 301, 68, 69, 0, 0, 13.52%, 0, 0, 5, 450.50, 2749671, 458, 0, 0
8645, 301, 22, 69, 0, 0, 13.52%, 0, 0, 5, 468.85, 2750324, 458, 0, 0
8650, 301, 51, 69, 0, 0, 13.52%, 0, 0, 5, 32.89, 2751175, 458, 0, 0
8655, 301, 7, 69, 0, 0, 13.52%, 0, 0, 5, 33.17, 2752407, 458, 0, 0
8660, 301, 68, 69, 0, 0, 13.52%, 0, 0, 5, 32.88, 2753650, 458, 0, 0
8665, 301, 68, 69, 0, 0, 13.52%, 0, 0, 5, 402.16, 2754713, 458, 0, 0
8670, 301, 68, 69, 0, 0, 13.52%, 0, 0, 5, 460.39, 2755370, 458, 0, 0
8675, 301, 12, 69, 0, 0, 13.52%, 0, 0, 5, 51.91, 2756304, 458, 0, 0
8680, 302, 53, 69, 0, 0, 13.52%, 0, 0, 5, 33.23, 2757573, 458, 0, 0
8686, 302, 44, 69, 0, 0, 13.52%, 0, 0, 5, 32.86, 2758785, 458, 0, 0
8691, 302, 51, 69, 0, 0, 13.52%, 0, 0, 5, 457.18, 2759688, 458, 0, 0
8696, 302, 7, 69, 0, 0, 13.52%, 0, 0, 5, 447.76, 2760315, 458, 0, 0
8701, 302, 7, 69, 0, 0, 13.52%, 0, 0, 5, 47.49, 2761417, 458, 0, 0
8706, 302, 68, 69, 0, 0, 13.52%, 0, 0, 5, 32.83, 2762649, 458, 0, 0
8711, 302, 38, 69, 0, 0, 13.52%, 0, 0, 5, 48.78, 2763933, 458, 0, 0
8716, 302, 15, 69, 0, 0, 13.52%, 0, 0, 5, 460.53, 2764670, 458, 0, 0
8722, 302, 68, 69, 0, 0, 13.52%, 0, 0, 5, 47.70, 2765313, 458, 0, 0
8727, 303, 65, 69, 0, 0, 13.52%, 0, 0, 5, 33.03, 2766538, 458, 0, 0
8732, 303, 53, 69, 0, 0, 13.52%, 0, 0, 5, 32.87, 2767748, 458, 0, 0
8737, 303, 15, 69, 0, 0, 13.52%, 0, 0, 5, 422.44, 2768942, 458, 0, 0
8742, 303, 12, 69, 0, 0, 13.52%, 0, 0, 5, 468.99, 2769761, 458, 0, 0
8747, 303, 20, 69, 0, 0, 13.52%, 0, 0, 5, 363.74, 2770499, 458, 0, 0
8752, 303, 1, 69, 0, 0, 13.52%, 0, 0, 5, 37.03, 2771396, 458, 0, 0
8758, 303, 20, 69, 0, 0, 13.52%, 0, 0, 5, 32.99, 2772529, 458, 0, 0
8763, 303, 68, 69, 0, 0, 13.52%, 0, 0, 5, 33.01, 2773672, 458, 0, 0
8768, 303, 23, 69, 0, 0, 13.52%, 0, 0, 5, 33.46, 2774782, 458, 0, 0
8773, 304, 7, 69, 0, 0, 13.52%, 0, 0, 5, 400.06, 2775913, 458, 0, 0
8778, 304, 68, 69, 0, 0, 13.52%, 0, 0, 5, 280.44, 2776678, 458, 0, 0
8783, 304, 9, 69, 0, 0, 13.52%, 0, 0, 5, 390.07, 2777478, 458, 0, 0
8788, 304, 44, 69, 0, 0, 13.52%, 0, 0, 5, 33.16, 2778328, 458, 0, 0
8793, 304, 1, 69, 0, 0, 13.52%, 0, 0, 5, 32.17, 2779483, 458, 0, 0
8799, 304, 15, 69, 0, 0, 13.52%, 0, 0, 5, 33.01, 2780590, 458, 0, 0
8804, 304, 68, 69, 0, 0, 13.52%, 0, 0, 5, 33.62, 2781741, 458, 0, 0
8809, 304, 33, 69, 0, 0, 13.52%, 0, 0, 5, 465.75, 2782815, 458, 0, 0
8814, 304, 68, 69, 0, 0, 13.52%, 0, 0, 5, 441.27, 2783539, 458, 0, 0
8819, 304, 68, 69, 0, 0, 13.52%, 0, 0, 5, 467.66, 2784244, 458, 0, 0
8824, 305, 64, 69, 0, 0, 13.52%, 0, 0, 5, 32.78, 2785275, 458, 0, 0
8829, 305, 68, 69, 0, 0, 13.52%, 0, 0, 5, 49.90, 2786376, 458, 0, 0
8834, 305, 23, 69, 0, 0, 13.52%, 0, 0, 5, 32.94, 2787494, 458, 0, 0
8839, 305, 68, 69, 0, 0, 13.52%, 0, 0, 5, 33.20, 2788598, 458, 0, 0
8844, 305, 1, 69, 0, 0, 13.52%, 0, 0, 5, 467.42, 2789688, 458, 0, 0
8850, 305, 1, 69, 0, 0, 13.52%, 0, 0, 5, 463.17, 2790379, 458, 0, 0
8855, 305, 68, 69, 0, 0, 13.52%, 0, 0, 5, 469.85, 2791176, 458, 0, 0
8860, 305, 51, 69, 0, 0, 13.52%, 0, 0, 5, 33.21, 2792152, 458, 0, 0
8865, 305, 68, 69, 0, 0, 13.52%, 0, 0, 5, 33.04, 2793220, 458, 0, 0
8870, 305, 12, 69, 0, 0, 13.52%, 0, 0, 5, 32.52, 2794427, 458, 0, 0
8875, 305, 68, 69, 0, 0, 13.52%, 0, 0, 5, 57.32, 2795631, 458, 0, 0
8880, 306, 24, 69, 0, 0, 13.52%, 0, 0, 5, 331.91, 2796285, 458, 0, 0
8885, 306, 51, 69, 0, 0, 13.52%, 0, 0, 5, 33.00, 2797011, 458, 0, 0
8891, 306, 17, 69, 0, 0, 13.52%, 0, 0, 5, 47.47, 2798201, 458, 0, 0
8896, 306, 1, 69, 0, 0, 13.52%, 0, 0, 5, 33.25, 2799396, 458, 0, 0
8901, 306, 12, 69, 0, 0, 13.52%, 0, 0, 5, 462.38, 2800488, 458, 0, 0
8906, 306, 9, 69, 0, 0, 13.52%, 0, 0, 5, 440.05, 2801107, 458, 0, 0
8911, 306, 51, 69, 0, 0, 13.52%, 0, 0, 5, 32.81, 2802004, 458, 0, 0
8916, 306, 15, 69, 0, 0, 13.52%, 0, 0, 5, 33.05, 2803206, 458, 0, 0
8921, 307, 2, 69, 0, 0, 13.52%, 0, 0, 5, 32.75, 2804406, 458, 0, 0
8926, 307, 15, 69, 0, 0, 13.52%, 0, 0, 5, 457.46, 2805324, 458, 0, 0
8931, 307, 12, 69, 0, 0, 13.52%, 0, 0, 5, 467.54, 2805915, 458, 0, 0
8936, 307, 1, 69, 0, 0, 13.52%, 0, 0, 5, 31.53, 2806944, 458, 0, 0
8942, 307, 12, 69, 0, 0, 13.52%, 0, 0, 5, 33.07, 2808120, 458, 0, 0
8947, 307, 0, 69, 0, 0, 13.52%, 0, 0, 5, 44.27, 2809359, 458, 0, 0
8952, 307, 51, 69, 0, 0, 13.52%, 0, 0, 5, 385.76, 2809957, 458, 0, 0
8957, 307, 51, 69, 0, 0, 13.52%, 0, 0, 5, 33.10, 2810746, 458, 0, 0
8962, 307, 7, 69, 0, 0, 13.52%, 0, 0, 5, 32.68, 2811962, 458, 0, 0
8967, 308, 20, 69, 0, 0, 13.52%, 0, 0, 5, 32.46, 2813172, 458, 0, 0
8973, 308, 53, 69, 0, 0, 13.52%, 0, 0, 5, 314.85, 2814163, 458, 0, 0
8978, 308, 25, 69, 0, 0, 13.52%, 0, 0, 5, 286.73, 2814778, 458, 0, 0
8983, 308, 7, 69, 0, 0, 13.52%, 0, 0, 5, 32.16, 2815757, 458, 0, 0
8988, 308, 49, 69, 0, 0, 13.52%, 0, 0, 5, 33.36, 2816882, 458, 0, 0
8993, 308, 68, 69, 0, 0, 13.52%, 0, 0, 5, 33.06, 2817985, 458, 0, 0
8998, 308, 24, 69, 0, 0, 13.52%, 0, 0, 5, 322.72, 2819109, 458, 0, 0
9003, 308, 51, 69, 0, 0, 13.52%, 0, 0, 5, 414.34, 2819991, 458, 0, 0
9009, 308, 20, 69, 0, 0, 13.52%, 0, 0, 5, 460.40, 2820688, 458, 0, 0
9014, 308, 68, 69, 0, 0, 13.52%, 0, 0, 5, 33.36, 2821583, 458, 0, 0
9019, 309, 68, 69, 0, 0, 13.52%, 0, 0, 5, 32.35, 2822742, 458, 0, 0
9024, 309, 68, 69, 0, 0, 13.52%, 0, 0, 5, 33.19, 2823887, 458, 0, 0
9029, 309, 35, 69, 0, 0, 13.52%, 0, 0, 5, 32.84, 2824999, 458, 0, 0
9034, 309, 24, 69, 0, 0, 13.52%, 0, 0, 5, 467.94, 2825915, 458, 0, 0
9040, 309, 32, 69, 0, 0, 13.52%, 0, 0, 5, 465.83, 2826624, 458, 0, 0
9045, 309, 9, 69, 0, 0, 13.52%, 0, 0, 5, 467.66, 2827406, 458, 0, 0
9050, 309, 12, 69, 0, 0, 13.52%, 0, 0, 5, 55.78, 2828431, 458, 0, 0
9055, 309, 44, 69, 0, 0, 13.52%, 0, 0, 5, 33.12, 2829540, 458, 0, 0
9060, 310, 15, 69, 0, 0, 13.52%, 0, 0, 5, 33.01, 2830641, 458, 0, 0
9065, 310, 68, 69, 0, 0, 13.52%, 0, 0, 5, 32.85, 2831787, 458, 0, 0
9070, 310, 44, 69, 0, 0, 13.52%, 0, 0, 5, 423.05, 2832551, 458, 0, 0
9075, 310, 68, 69, 0, 0, 13.52%, 0, 0, 5, 371.09, 2833316, 458, 0, 0
9080, 310, 38, 69, 0, 0, 13.52%, 0, 0, 5, 37.76, 2834091, 458, 0, 0
9086, 310, 7, 69, 0, 0, 13.52%, 0, 0, 5, 32.88, 2835172, 458, 0, 0
9091, 310, 51, 69, 0, 0, 13.52%, 0, 0, 5, 33.12, 2836272, 458, 0, 0
9096, 310, 20, 69, 0, 0, 13.52%, 0, 0, 5, 69.49, 2837504, 458, 0, 0
9101, 310, 38, 69, 0, 0, 13.52%, 0, 0, 5, 434.28, 2838383, 458, 0, 0
9106, 310, 68, 69, 0, 0, 13.52%, 0, 0, 5, 475.00, 2838989, 458, 0, 0
9111, 311, 47, 69, 0, 0, 13.52%, 0, 0, 5, 33.05, 2840099, 458, 0, 0
9116, 311, 7, 69, 0, 0, 13.52%, 0, 0, 5, 33.26, 2841341, 458, 0, 0
9121, 311, 15, 69, 0, 0, 13.52%, 0, 0, 5, 377.79, 2842527, 458, 0, 0
9126, 311, 51, 69, 0, 0, 13.52%, 0, 0, 5, 357.69, 2843190, 458, 0, 0
9131, 311, 68, 69, 0, 0, 13.52%, 0, 0, 5, 32.86, 2843890, 458, 0, 0
9137, 311, 44, 69, 0, 0, 13.52%, 0, 0, 5, 33.21, 2845055, 458, 0, 0
9142, 311, 12, 69, 0, 0, 13.52%, 0, 0, 5, 32.55, 2846280, 458, 0, 0
9147, 311, 51, 69, 0, 0, 13.52%, 0, 0, 5, 334.25, 2847287, 458, 0, 0
9152, 311, 68, 69, 0, 0, 13.52%, 0, 0, 5, 356.70, 2847895, 458, 0, 0
9157, 311, 12, 69, 0, 0, 13.52%, 0, 0, 5, 32.86, 2848897, 458, 0, 0
9162, 312, 23, 69, 0, 0, 13.52%, 0, 0, 5, 33.13, 2850073, 458, 0, 0
9167, 312, 7, 69, 0, 0, 13.52%, 0, 0, 5, 32.37, 2851297, 458, 0, 0
9172, 312, 68, 69, 0, 0, 13.52%, 0, 0, 5, 460.90, 2852024, 458, 0, 0
9177, 312, 68, 69, 0, 0, 13.52%, 0, 0, 5, 38.41, 2852662, 458, 0, 0
9182, 312, 28, 69, 0, 0, 13.52%, 0, 0, 5, 31.52, 2853726, 458, 0, 0
9187, 312, 68, 69, 0, 0, 13.52%, 0, 0, 5, 32.53, 2854926, 458, 0, 0
9193, 312, 65, 69, 0, 0, 13.52%, 0, 0, 5, 438.65, 2856142, 458, 0, 0
9198, 312, 24, 69, 0, 0, 13.52%, 0, 0, 5, 469.45, 2856879, 458, 0, 0
9203, 312, 24, 69, 0, 0, 13.52%, 0, 0, 5, 40.60, 2857523, 458, 0, 0
9208, 313, 7, 69, 0, 0, 13.52%, 0, 0, 5, 32.97, 2858668, 458, 0, 0
9213, 313, 17, 69, 0, 0, 13.52%, 0, 0, 5, 58.97, 2859892, 458, 0, 0
9218, 313, 44, 69, 0, 0, 13.52%, 0, 0, 5, 439.90, 2861024, 458, 0, 0
9223, 313, 12, 69, 0, 0, 13.52%, 0, 0, 5, 455.28, 2861915, 458, 0, 0
9228, 313, 12, 69, 0, 0, 13.52%, 0, 0, 5, 256.11, 2862683, 458, 0, 0
9234, 313, 68, 69, 0, 0, 13.52%, 0, 0, 5, 32.65, 2863464, 458, 0, 0
9239, 313, 1, 69, 0, 0, 13.52%, 0, 0, 5, 32.92, 2864584, 458, 0, 0
9244, 313, 28, 69, 0, 0, 13.52%, 0, 0, 5, 52.89, 2865691, 458, 0, 0
9249, 313, 7, 69, 0, 0, 13.52%, 0, 0, 5, 32.76, 2866813, 458, 0, 0
9254, 314, 1, 69, 0, 0, 13.52%, 0, 0, 5, 457.17, 2867979, 458, 0, 0
9259, 314, 51, 69, 0, 0, 13.52%, 0, 0, 5, 426.68, 2868867, 458, 0, 0
9264, 314, 51, 69, 0, 0, 13.52%, 0, 0, 5, 414.15, 2869583, 458, 0, 0
9269, 314, 68, 69, 0, 0, 13.52%, 0, 0, 5, 33.22, 2870364, 458, 0, 0
9274, 314, 68, 69, 0, 0, 13.52%, 0, 0, 5, 373.77, 2872132, 458, 0, 0
9279, 314, 9, 69, 0, 0, 13.52%, 0, 0, 5, 446.09, 2874483, 458, 0, 0
9285, 314, 1, 69, 0, 0, 13.52%, 0, 0, 5, 456.55, 2876815, 458, 0, 0
9290, 315, 17, 69, 0, 0, 13.52%, 0, 0, 5, 448.12, 2879059, 458, 0, 0
9295, 315, 68, 69, 0, 0, 13.52%, 0, 0, 5, 407.11, 2881127, 458, 0, 0
9300, 315, 23, 69, 0, 0, 13.52%, 0, 0, 5, 366.61, 2882927, 458, 0, 0
9305, 315, 9, 69, 0, 0, 13.52%, 0, 0, 5, 415.81, 2885015, 458, 0, 0
9310, 316, 38, 69, 0, 0, 13.52%, 0, 0, 5, 435.30, 2887239, 458, 0, 0
9315, 316, 15, 69, 0, 0, 13.52%, 0, 0, 5, 434.88, 2889439, 458, 0, 0
9320, 316, 13, 69, 0, 0, 13.52%, 0, 0, 5, 433.85, 2891615, 458, 0, 0
9325, 316, 67, 69, 0, 0, 13.52%, 0, 0, 5, 387.22, 2893599, 458, 0, 0
9330, 316, 9, 69, 0, 0, 13.52%, 0, 0, 5, 397.56, 2895599, 458, 0, 0
9335, 317, 9, 69, 0, 0, 13.52%, 0, 0, 5, 434.43, 2897899, 458, 0, 0
9341, 317, 21, 69, 0, 0, 13.52%, 0, 0, 5, 441.49, 2900207, 458, 0, 0
9346, 317, 7, 69, 0, 0, 13.52%, 0, 0, 5, 442.71, 2902515, 458, 0, 0
9351, 318, 15, 69, 0, 0, 13.52%, 0, 0, 5, 420.33, 2904607, 458, 0, 0
9356, 318, 27, 69, 0, 0, 13.52%, 0, 0, 5, 441.71, 2906923, 458, 0, 0
9361, 318, 13, 69, 0, 0, 13.52%, 0, 0, 5, 449.48, 2909251, 458, 0, 0
9366, 318, 21, 69, 0, 0, 13.52%, 0, 0, 5, 450.16, 2911588, 458, 0, 0
9372, 319, 24, 69, 0, 0, 13.52%, 0, 0, 5, 420.45, 2913751, 458, 0, 0
9377, 319, 20, 69, 0, 0, 13.52%, 0, 0, 5, 448.25, 2916083, 458, 0, 0
9382, 319, 68, 69, 0, 0, 13.52%, 0, 0, 5, 453.30, 2918441, 458, 0, 0
9387, 319, 38, 69, 0, 0, 13.52%, 0, 0, 5, 456.07, 2920724, 458, 0, 0
9392, 320, 68, 69, 0, 0, 13.52%, 0, 0, 5, 420.06, 2922875, 458, 0, 0
9397, 320, 20, 69, 0, 0, 13.52%, 0, 0, 5, 450.82, 2925242, 458, 0, 0
9402, 320, 68, 69, 0, 0, 13.52%, 0, 0, 5, 453.92, 2927588, 458, 0, 0
9407, 320, 51, 69, 0, 0, 13.52%, 0, 0, 5, 453.86, 2929861, 458, 0, 0
9412, 321, 12, 69, 0, 0, 13.52%, 0, 0, 5, 416.69, 2932083, 458, 0, 0
9417, 321, 12, 69, 0, 0, 13.52%, 0, 0, 5, 436.64, 2934275, 458, 0, 0
9423, 321, 15, 69, 0, 0, 13.52%, 0, 0, 5, 449.01, 2936607, 458, 0, 0
9428, 321, 24, 69, 0, 0, 13.52%, 0, 0, 5, 450.96, 2938924, 458, 0, 0
9433, 322, 45, 69, 0, 0, 13.52%, 0, 0, 5, 436.09, 2941191, 458, 0, 0
9438, 322, 68, 69, 0, 0, 13.52%, 0, 0, 5, 445.63, 2943367, 458, 0, 0
9443, 322, 15, 69, 0, 0, 13.52%, 0, 0, 5, 453.42, 2945752, 458, 0, 0
9448, 322, 23, 69, 0, 0, 13.52%, 0, 0, 5, 456.18, 2948124, 458, 0, 0
9453, 323, 68, 69, 0, 0, 13.52%, 0, 0, 5, 454.69, 2950394, 458, 0, 0
9458, 323, 24, 69, 0, 0, 13.52%, 0, 0, 5, 444.35, 2952523, 458, 0, 0
9463, 323, 7, 69, 0, 0, 13.52%, 0, 0, 5, 441.61, 2954699, 458, 0, 0
9469, 323, 68, 69, 0, 0, 13.52%, 0, 0, 5, 453.48, 2957051, 458, 0, 0
9474, 324, 1, 69, 0, 0, 13.52%, 0, 0, 5, 455.55, 2959406, 458, 0, 0
9479, 324, 68, 69, 0, 0, 13.52%, 0, 0, 5, 444.41, 2961619, 458, 0, 0
9484, 324, 20, 69, 0, 0, 13.52%, 0, 0, 5, 455.38, 2963933, 458, 0, 0
9489, 324, 68, 69, 0, 0, 13.52%, 0, 0, 5, 457.00, 2966315, 458, 0, 0
9494, 324, 68, 69, 0, 0, 13.52%, 0, 0, 5, 454.38, 2968594, 458, 0, 0
9499, 325, 12, 69, 0, 0, 13.52%, 0, 0, 5, 434.46, 2970731, 458, 0, 0
9504, 325, 9, 69, 0, 0, 13.52%, 0, 0, 5, 455.21, 2973106, 458, 0, 0
9510, 325, 7, 69, 0, 0, 13.52%, 0, 0, 5, 451.36, 2975352, 458, 0, 0
9515, 325, 68, 69, 0, 0, 13.52%, 0, 0, 5, 453.82, 2977676, 458, 0, 0
9520, 326, 64, 69, 0, 0, 13.52%, 0, 0, 5, 432.75, 2979799, 458, 0, 0
9525, 326, 68, 69, 0, 0, 13.52%, 0, 0, 5, 452.58, 2982149, 458, 0, 0
9530, 326, 1, 69, 0, 0, 13.52%, 0, 0, 5, 454.16, 2984506, 458, 0, 0
9535, 326, 68, 69, 0, 0, 13.52%, 0, 0, 5, 455.84, 2986795, 458, 0, 0
9540, 326, 68, 69, 0, 0, 13.52%, 0, 0, 5, 430.80, 2989003, 458, 0, 0
9545, 327, 53, 69, 0, 0, 13.52%, 0, 0, 5, 450.99, 2991379, 458, 0, 0
9551, 327, 68, 69, 0, 0, 13.52%, 0, 0, 5, 442.19, 2993631, 458, 0, 0
9556, 327, 1, 69, 0, 0, 13.52%, 0, 0, 5, 451.07, 2995970, 458, 0, 0
9561, 327, 15, 69, 0, 0, 13.52%, 0, 0, 5, 427.54, 2998167, 458, 0, 0
9566, 328, 68, 69, 0, 0, 13.52%, 0, 0, 5, 449.37, 3000507, 458, 0, 0
9571, 328, 1, 69, 0, 0, 13.52%, 0, 0, 5, 451.43, 3002842, 458, 0, 0
9576, 328, 51, 69, 0, 0, 13.52%, 0, 0, 5, 452.41, 3005170, 458, 0, 0
9582, 328, 68, 69, 0, 0, 13.52%, 0, 0, 5, 467.25, 3006749, 458, 0, 0
9587, 329, 24, 69, 0, 0, 13.52%, 0, 0, 5, 460.61, 3009088, 458, 0, 0
9592, 329, 15, 69, 0, 0, 13.52%, 0, 0, 5, 460.94, 3010842, 458, 0, 0
9597, 329, 38, 69, 0, 0, 13.52%, 0, 0, 5, 462.83, 3013242, 458, 0, 0
9602, 329, 38, 69, 0, 0, 13.52%, 0, 0, 5, 461.74, 3015597, 458, 0, 0
9607, 330, 68, 69, 0, 0, 13.52%, 0, 0, 5, 417.27, 3017387, 458, 0, 0
9612, 330, 68, 69, 0, 0, 13.52%, 0, 0, 5, 451.98, 3019714, 458, 0, 0
9617, 330, 51, 69, 0, 0, 13.52%, 0, 0, 5, 457.95, 3022070, 458, 0, 0
9622, 330, 38, 69, 0, 0, 13.52%, 0, 0, 5, 470.19, 3023897, 458, 0, 0
9628, 331, 59, 69, 0, 0, 13.52%, 0, 0, 5, 461.98, 3026242, 458, 0, 0
9633, 331, 15, 69, 0, 0, 13.52%, 0, 0, 5, 460.57, 3028597, 458, 0, 0
9638, 331, 59, 69, 0, 0, 13.52%, 0, 0, 5, 379.86, 3030413, 458, 0, 0
9643, 331, 1, 69, 0, 0, 13.52%, 0, 0, 5, 444.02, 3032731, 458, 0, 0
9648, 332, 15, 69, 0, 0, 13.52%, 0, 0, 5, 454.74, 3035024, 458, 0, 0
9653, 332, 47, 69, 0, 0, 13.52%, 0, 0, 5, 452.00, 3036742, 458, 0, 0
9658, 332, 24, 69, 0, 0, 13.52%, 0, 0, 5, 461.03, 3039124, 458, 0, 0
9663, 332, 68, 69, 0, 0, 13.52%, 0, 0, 5, 443.42, 3041460, 458, 0, 0
9668, 332, 7, 69, 0, 0, 13.52%, 0, 0, 5, 397.77, 3043371, 458, 0, 0
9674, 333, 68, 69, 0, 0, 13.52%, 0, 0, 5, 449.98, 3045763, 458, 0, 0
9679, 333, 53, 69, 0, 0, 13.52%, 0, 0, 5, 467.03, 3047569, 458, 0, 0
9684, 333, 68, 69, 0, 0, 13.52%, 0, 0, 5, 467.43, 3049951, 458, 0, 0
9689, 333, 9, 69, 0, 0, 13.52%, 0, 0, 5, 461.49, 3052315, 458, 0, 0
9694, 334, 38, 69, 0, 0, 13.52%, 0, 0, 5, 357.97, 3054234, 458, 0, 0
9699, 334, 68, 69, 0, 0, 13.52%, 0, 0, 5, 442.72, 3056367, 458, 0, 0
9705, 334, 65, 69, 0, 0, 13.52%, 0, 0, 5, 411.32, 3058615, 458, 0, 0
9710, 334, 24, 69, 0, 0, 13.52%, 0, 0, 5, 330.00, 3060618, 458, 0, 0
9715, 334, 5, 69, 0, 0, 13.52%, 0, 0, 5, 381.42, 3062692, 458, 0, 0
9720, 335, 17, 69, 0, 0, 13.52%, 0, 0, 5, 441.92, 3064983, 458, 0, 0
9725, 335, 1, 69, 0, 0, 13.52%, 0, 0, 5, 445.97, 3067224, 458, 0, 0
9730, 335, 68, 69, 0, 0, 13.52%, 0, 0, 5, 462.23, 3069350, 458, 0, 0
9735, 336, 12, 69, 0, 0, 13.52%, 0, 0, 5, 431.18, 3071399, 458, 0, 0
9740, 336, 53, 69, 0, 0, 13.52%, 0, 0, 5, 394.65, 3073490, 458, 0, 0
9745, 336, 2, 69, 0, 0, 13.52%, 0, 0, 5, 432.89, 3075659, 458, 0, 0
9751, 336, 24, 69, 0, 0, 13.52%, 0, 0, 5, 459.40, 3077697, 458, 0, 0
9756, 337, 16, 69, 0, 0, 13.52%, 0, 0, 5, 446.59, 3079775, 458, 0, 0
9761, 337, 51, 69, 0, 0, 13.52%, 0, 0, 5, 396.45, 3081878, 458, 0, 0
9766, 337, 11, 69, 0, 0, 13.52%, 0, 0, 5, 461.50, 3084097, 458, 0, 0
9771, 337, 68, 69, 0, 0, 13.52%, 0, 0, 5, 459.56, 3086139, 458, 0, 0
9776, 337, 21, 69, 0, 0, 13.52%, 0, 0, 5, 450.00, 3088169, 458, 0, 0
9781, 338, 68, 69, 0, 0, 13.52%, 0, 0, 5, 465.01, 3090341, 458, 0, 0
9786, 338, 68, 69, 0, 0, 13.52%, 0, 0, 5, 464.81, 3092424, 458, 0, 0
9791, 338, 68, 69, 0, 0, 13.52%, 0, 0, 5, 467.66, 3094509, 458, 0, 0
9797, 338, 24, 69, 0, 0, 13.52%, 0, 0, 5, 460.24, 3096715, 458, 0, 0
9802, 339, 15, 69, 0, 0, 13.52%, 0, 0, 5, 467.12, 3098815, 458, 0, 0
9807, 339, 23, 69, 0, 0, 13.52%, 0, 0, 5, 474.78, 3100915, 458, 0, 0
9812, 339, 44, 69, 0, 0, 13.52%, 0, 0, 5, 462.83, 3103097, 458, 0, 0
9817, 339, 44, 69, 0, 0, 13.52%, 0, 0, 5, 442.31, 3105167, 458, 0, 0
9822, 339, 68, 69, 0, 0, 13.52%, 0, 0, 5, 442.29, 3107235, 458, 0, 0
9827, 340, 9, 69, 0, 0, 13.52%, 0, 0, 5, 441.63, 3109431, 458, 0, 0
9832, 340, 24, 69, 0, 0, 13.52%, 0, 0, 5, 461.44, 3111424, 458, 0, 0
9838, 340, 20, 69, 0, 0, 13.52%, 0, 0, 5, 469.94, 3113470, 458, 0, 0
9843, 340, 36, 69, 0, 0, 13.52%, 0, 0, 5, 435.67, 3115624, 458, 0, 0
9848, 341, 44, 69, 0, 0, 13.52%, 0, 0, 5, 429.50, 3117807, 458, 0, 0
9853, 341, 2, 69, 0, 0, 13.52%, 0, 0, 5, 455.87, 3119979, 458, 0, 0
9858, 341, 1, 69, 0, 0, 13.52%, 0, 0, 5, 431.24, 3122059, 458, 0, 0
9863, 341, 15, 69, 0, 0, 13.52%, 0, 0, 5, 422.16, 3124191, 458, 0, 0
9868, 342, 51, 69, 0, 0, 13.52%, 0, 0, 5, 463.08, 3126269, 458, 0, 0
9873, 342, 44, 69, 0, 0, 13.52%, 0, 0, 5, 441.47, 3128299, 458, 0, 0
9879, 342, 9, 69, 0, 0, 13.52%, 0, 0, 5, 449.41, 3130533, 458, 0, 0
9884, 342, 51, 69, 0, 0, 13.52%, 0, 0, 5, 436.47, 3132659, 458, 0, 0
9889, 343, 20, 69, 0, 0, 13.52%, 0, 0, 5, 431.40, 3134815, 458, 0, 0
9894, 343, 1, 69, 0, 0, 13.52%, 0, 0, 5, 464.92, 3136870, 458, 0, 0
9899, 343, 7, 69, 0, 0, 13.52%, 0, 0, 5, 407.96, 3138779, 458, 0, 0
9904, 343, 7, 69, 0, 0, 13.52%, 0, 0, 5, 32.47, 3139791, 458, 0, 0
9909, 343, 15, 69, 0, 0, 13.52%, 0, 0, 5, 341.72, 3141203, 458, 0, 0
9914, 344, 1, 69, 0, 0, 13.52%, 0, 0, 5, 386.35, 3142564, 458, 0, 0
9920, 344, 68, 69, 0, 0, 13.52%, 0, 0, 5, 462.20, 3143806, 458, 0, 0
9925, 344, 9, 69, 0, 0, 13.52%, 0, 0, 5, 359.41, 3144985, 458, 0, 0
9930, 344, 6, 69, 0, 0, 13.52%, 0, 0, 5, 32.99, 3146455, 458, 0, 0
9935, 344, 68, 69, 0, 0, 13.52%, 0, 0, 5, 32.81, 3148072, 458, 0, 0
9940, 344, 15, 69, 0, 0, 13.52%, 0, 0, 5, 30.70, 3149664, 458, 0, 0
9945, 344, 17, 69, 0, 0, 13.52%, 0, 0, 5, 462.48, 3150897, 458, 0, 0
9950, 344, 68, 69, 0, 0, 13.52%, 0, 0, 5, 376.40, 3151948, 458, 0, 0
9955, 345, 47, 69, 0, 0, 13.52%, 0, 0, 5, 465.27, 3153033, 458, 0, 0
9960, 345, 51, 69, 0, 0, 13.52%, 0, 0, 5, 37.88, 3154301, 458, 0, 0
9965, 345, 53, 69, 0, 0, 13.52%, 0, 0, 5, 32.88, 3155773, 458, 0, 0
9970, 345, 68, 69, 0, 0, 13.52%, 0, 0, 5, 32.85, 3157199, 458, 0, 0
9976, 345, 7, 69, 0, 0, 13.52%, 0, 0, 5, 468.63, 3158533, 458, 0, 0
9981, 345, 7, 69, 0, 0, 13.52%, 0, 0, 5, 465.39, 3159606, 458, 0, 0
9986, 345, 20, 69, 0, 0, 13.52%, 0, 0, 5, 226.49, 3160451, 458, 0, 0
9991, 346, 21, 69, 0, 0, 13.52%, 0, 0, 5, 32.12, 3161637, 458, 0, 0
9996, 346, 1, 69, 0, 0, 13.52%, 0, 0, 5, 34.32, 3163053, 458, 0, 0
10001, 346, 68, 69, 0, 0, 13.52%, 0, 0, 5, 389.37, 3164444, 458, 0, 0
10006, 346, 68, 69, 0, 0, 13.52%, 0, 0, 5, 383.88, 3165297, 458, 0, 0
10011, 346, 31, 69, 0, 0, 13.52%, 0, 0, 5, 460.00, 3166104, 458, 0, 0
10016, 346, 12, 69, 0, 0, 13.52%, 0, 0, 5, 33.03, 3167357, 458, 0, 0
10021, 346, 51, 69, 0, 0, 13.52%, 0, 0, 5, 33.83, 3168676, 458, 0, 0
10026, 346, 32, 69, 0, 0, 13.52%, 0, 0, 5, 41.33, 3169975, 458, 0, 0
10031, 346, 24, 69, 0, 0, 13.52%, 0, 0, 5, 419.46, 3171023, 458, 0, 0
10036, 347, 68, 69, 0, 0, 13.52%, 0, 0, 5, 366.65, 3171834, 458, 0, 0
10042, 347, 2, 69, 0, 0, 13.52%, 0, 0, 5, 472.24, 3172761, 458, 0, 0
10047, 347, 38, 69, 0, 0, 13.52%, 0, 0, 5, 32.69, 3173845, 458, 0, 0
10052, 347, 68, 69, 0, 0, 13.52%, 0, 0, 5, 33.05, 3175134, 458, 0, 0
10057, 347, 15, 69, 0, 0, 13.52%, 0, 0, 5, 39.59, 3176418, 458, 0, 0
10062, 347, 21, 69, 0, 0, 13.52%, 0, 0, 5, 471.37, 3177606, 458, 0, 0
10067, 347, 38, 69, 0, 0, 13.52%, 0, 0, 5, 299.63, 3178468, 458, 0, 0
10072, 347, 20, 69, 0, 0, 13.52%, 0, 0, 5, 467.66, 3179342, 458, 0, 0
10077, 347, 38, 69, 0, 0, 13.52%, 0, 0, 5, 33.00, 3180363, 458, 0, 0
10082, 348, 13, 69, 0, 0, 13.52%, 0, 0, 5, 33.29, 3181565, 458, 0, 0
10088, 348, 17, 69, 0, 0, 13.52%, 0, 0, 5, 32.83, 3182767, 458, 0, 0
10093, 348, 9, 69, 0, 0, 13.52%, 0, 0, 5, 33.30, 3183948, 458, 0, 0
10098, 348, 68, 69, 0, 0, 13.52%, 0, 0, 5, 460.84, 3185030, 458, 0, 0
10103, 348, 68, 69, 0, 0, 13.52%, 0, 0, 5, 389.09, 3185895, 458, 0, 0
10108, 348, 44, 69, 0, 0, 13.52%, 0, 0, 5, 423.93, 3186823, 458, 0, 0
10113, 348, 68, 69, 0, 0, 13.52%, 0, 0, 5, 32.81, 3187681, 458, 0, 0
10118, 348, 68, 69, 0, 0, 13.52%, 0, 0, 5, 32.76, 3188906, 458, 0, 0
10123, 349, 9, 69, 0, 0, 13.52%, 0, 0, 5, 38.09, 3190083, 458, 0, 0
10128, 349, 7, 69, 0, 0, 13.52%, 0, 0, 5, 32.93, 3191234, 458, 0, 0
10133, 349, 44, 69, 0, 0, 13.52%, 0, 0, 5, 316.48, 3192397, 458, 0, 0
10139, 349, 51, 69, 0, 0, 13.52%, 0, 0, 5, 365.52, 3193257, 458, 0, 0
10144, 349, 9, 69, 0, 0, 13.52%, 0, 0, 5, 382.53, 3194092, 458, 0, 0
10149, 349, 25, 69, 0, 0, 13.52%, 0, 0, 5, 33.02, 3194932, 458, 0, 0
10154, 349, 51, 69, 0, 0, 13.52%, 0, 0, 5, 32.96, 3196097, 458, 0, 0
10159, 349, 51, 69, 0, 0, 13.52%, 0, 0, 5, 32.65, 3197383, 458, 0, 0
10164, 350, 20, 69, 0, 0, 13.52%, 0, 0, 5, 463.42, 3198679, 458, 0, 0
10169, 350, 2, 69, 0, 0, 13.52%, 0, 0, 5, 457.43, 3199243, 458, 0, 0
10174, 350, 51, 69, 0, 0, 13.52%, 0, 0, 5, 33.28, 3200198, 458, 0, 0
10180, 350, 21, 69, 0, 0, 13.52%, 0, 0, 5, 63.47, 3201440, 458, 0, 0
10185, 350, 68, 69, 0, 0, 13.52%, 0, 0, 5, 32.26, 3202683, 458, 0, 0
10190, 350, 33, 69, 0, 0, 13.52%, 0, 0, 5, 371.31, 3203434, 458, 0, 0
10195, 350, 9, 69, 0, 0, 13.52%, 0, 0, 5, 179.10, 3204119, 458, 0, 0
10200, 350, 68, 69, 0, 0, 13.52%, 0, 0, 5, 33.05, 3205369, 458, 0, 0
10205, 350, 9, 69, 0, 0, 13.52%, 0, 0, 5, 32.84, 3206625, 458, 0, 0
10210, 350, 1, 69, 0, 0, 13.52%, 0, 0, 5, 345.48, 3207827, 458, 0, 0
10215, 351, 68, 69, 0, 0, 13.52%, 0, 0, 5, 402.41, 3208399, 458, 0, 0
10220, 351, 51, 69, 0, 0, 13.52%, 0, 0, 5, 33.12, 3209296, 458, 0, 0
10225, 351, 7, 69, 0, 0, 13.52%, 0, 0, 5, 33.42, 3210540, 458, 0, 0
10230, 351, 44, 69, 0, 0, 13.52%, 0, 0, 5, 33.33, 3211775, 458, 0, 0
10235, 351, 35, 69, 0, 0, 13.52%, 0, 0, 5, 403.05, 3212734, 458, 0, 0
10240, 351, 1, 69, 0, 0, 13.52%, 0, 0, 5, 411.38, 3213359, 458, 0, 0
10246, 351, 7, 69, 0, 0, 13.52%, 0, 0, 5, 32.87, 3214460, 458, 0, 0
10251, 351, 12, 69, 0, 0, 13.52%, 0, 0, 5, 39.78, 3215659, 458, 0, 0
10256, 352, 63, 69, 0, 0, 13.52%, 0, 0, 5, 446.43, 3216915, 458, 0, 0
10261, 352, 24, 69, 0, 0, 13.52%, 0, 0, 5, 378.17, 3217585, 458, 0, 0
10266, 352, 15, 69, 0, 0, 13.52%, 0, 0, 5, 33.31, 3218291, 458, 0, 0
10271, 352, 1, 69, 0, 0, 13.52%, 0, 0, 5, 32.99, 3219540, 458, 0, 0
10276, 352, 68, 69, 0, 0, 13.52%, 0, 0, 5, 32.43, 3220743, 458, 0, 0
10282, 352, 36, 69, 0, 0, 13.52%, 0, 0, 5, 32.41, 3221906, 458, 0, 0
10287, 352, 44, 69, 0, 0, 13.52%, 0, 0, 5, 323.95, 3222815, 458, 0, 0
10292, 352, 24, 69, 0, 0, 13.52%, 0, 0, 5, 466.35, 3223615, 458, 0, 0
10297, 352, 7, 69, 0, 0, 13.52%, 0, 0, 5, 33.07, 3224420, 458, 0, 0
10302, 353, 13, 69, 0, 0, 13.52%, 0, 0, 5, 47.50, 3225618, 458, 0, 0
10307, 353, 68, 69, 0, 0, 13.52%, 0, 0, 5, 58.72, 3226791, 458, 0, 0
10312, 353, 68, 69, 0, 0, 13.52%, 0, 0, 5, 33.45, 3227949, 458, 0, 0
10317, 353, 4, 69, 0, 0, 13.52%, 0, 0, 5, 467.77, 3228979, 458, 0, 0
10323, 353, 51, 69, 0, 0, 13.52%, 0, 0, 5, 477.95, 3229733, 458, 0, 0
10328, 353, 65, 69, 0, 0, 13.52%, 0, 0, 5, 218.91, 3230437, 458, 0, 0
10333, 353, 9, 69, 0, 0, 13.52%, 0, 0, 5, 32.60, 3231526, 458, 0, 0
10338, 353, 7, 69, 0, 0, 13.52%, 0, 0, 5, 46.01, 3232655, 458, 0, 0
10343, 353, 24, 69, 0, 0, 13.52%, 0, 0, 5, 33.05, 3233779, 458, 0, 0
10348, 353, 23, 69, 0, 0, 13.52%, 0, 0, 5, 32.61, 3234915, 458, 0, 0
10353, 354, 68, 69, 0, 0, 13.52%, 0, 0, 5, 345.25, 3235839, 458, 0, 0
10358, 354, 68, 69, 0, 0, 13.52%, 0, 0, 5, 473.46, 3236585, 458, 0, 0
10363, 354, 24, 69, 0, 0, 13.52%, 0, 0, 5, 33.00, 3237347, 458, 0, 0
10368, 354, 44, 69, 0, 0, 13.52%, 0, 0, 5, 32.92, 3238485, 458, 0, 0
10373, 354, 15, 69, 0, 0, 13.52%, 0, 0, 5, 33.50, 3239599, 458, 0, 0
10379, 354, 7, 69, 0, 0, 13.52%, 0, 0, 5, 32.65, 3240664, 458, 0, 0
10384, 354, 68, 69, 0, 0, 13.52%, 0, 0, 5, 466.75, 3241751, 458, 0, 0
10389, 354, 1, 69, 0, 0, 13.52%, 0, 0, 5, 445.41, 3242459, 458, 0, 0
10394, 354, 68, 69, 0, 0, 13.52%, 0, 0, 5, 32.86, 3243132, 458, 0, 0
10399, 354, 0, 69, 0, 0, 13.52%, 0, 0, 5, 32.21, 3244351, 458, 0, 0
10404, 355, 38, 69, 0, 0, 13.52%, 0, 0, 5, 32.53, 3245571, 458, 0, 0
10409, 355, 68, 69, 0, 0, 13.52%, 0, 0, 5, 295.81, 3246488, 458, 0, 0
10414, 355, 51, 69, 0, 0, 13.52%, 0, 0, 5, 391.11, 3247134, 458, 0, 0
10419, 355, 68, 69, 0, 0, 13.52%, 0, 0, 5, 33.23, 3248159, 458, 0, 0
10424, 355, 68, 69, 0, 0, 13.52%, 0, 0, 5, 32.76, 3249334, 458, 0, 0
10429, 355, 1, 69, 0, 0, 13.52%, 0, 0, 5, 75.95, 3250515, 458, 0, 0
10434, 355, 63, 69, 0, 0, 13.52%, 0, 0, 5, 437.56, 3251023, 458, 0, 0
10440, 355, 7, 69, 0, 0, 13.52%, 0, 0, 5, 33.19, 3251904, 458, 0, 0
10445, 355, 44, 69, 0, 0, 13.52%, 0, 0, 5, 32.88, 3253134, 458, 0, 0
10450, 355, 68, 69, 0, 0, 13.52%, 0, 0, 5, 32.94, 3254363, 458, 0, 0
10455, 355, 23, 69, 0, 0, 13.52%, 0, 0, 5, 461.53, 3255179, 458, 0, 0
10460, 356, 2, 69, 0, 0, 13.52%, 0, 0, 5, 33.59, 3255767, 458, 0, 0
10465, 356, 63, 69, 0, 0, 13.52%, 0, 0, 5, 32.89, 3256984, 458, 0, 0
10470, 356, 68, 69, 0, 0, 13.52%, 0, 0, 5, 33.10, 3258123, 458, 0, 0
10475, 356, 21, 69, 0, 0, 13.52%, 0, 0, 5, 416.67, 3259275, 458, 0, 0
10481, 356, 68, 69, 0, 0, 13.52%, 0, 0, 5, 435.87, 3259775, 458, 0, 0
10486, 356, 47, 69, 0, 0, 13.52%, 0, 0, 5, 32.85, 3260742, 458, 0, 0
10491, 356, 68, 69, 0, 0, 13.52%, 0, 0, 5, 33.14, 3261902, 458, 0, 0
10496, 356, 38, 69, 0, 0, 13.52%, 0, 0, 5, 32.67, 3263034, 458, 0, 0
10501, 356, 15, 69, 0, 0, 13.52%, 0, 0, 5, 371.28, 3264141, 458, 0, 0
10506, 356, 25, 69, 0, 0, 13.52%, 0, 0, 5, 372.07, 3264778, 458, 0, 0
10511, 357, 12, 69, 0, 0, 13.52%, 0, 0, 5, 31.75, 3265549, 458, 0, 0
10516, 357, 12, 69, 0, 0, 13.52%, 0, 0, 5, 32.87, 3266695, 458, 0, 0
10521, 357, 7, 69, 0, 0, 13.52%, 0, 0, 5, 33.20, 3267865, 458, 0, 0
10527, 357, 51, 69, 0, 0, 13.52%, 0, 0, 5, 337.85, 3268875, 458, 0, 0
10532, 357, 12, 69, 0, 0, 13.52%, 0, 0, 5, 326.84, 3269639, 458, 0, 0
10537, 357, 23, 69, 0, 0, 13.52%, 0, 0, 5, 265.00, 3270378, 458, 0, 0
10542, 357, 7, 69, 0, 0, 13.52%, 0, 0, 5, 50.00, 3271448, 458, 0, 0
10547, 357, 42, 69, 0, 0, 13.52%, 0, 0, 5, 33.10, 3272555, 458, 0, 0
10552, 357, 68, 69, 0, 0, 13.52%, 0, 0, 5, 33.50, 3273684, 458, 0, 0
10557, 358, 3, 69, 0, 0, 13.52%, 0, 0, 5, 33.24, 3274839, 458, 0, 0
10563, 358, 15, 69, 0, 0, 13.52%, 0, 0, 5, 448.33, 3275831, 458, 0, 0
10568, 358, 51, 69, 0, 0, 13.52%, 0, 0, 5, 436.91, 3276651, 458, 0, 0
10573, 358, 68, 69, 0, 0, 13.52%, 0, 0, 5, 463.65, 3277433, 458, 0, 0
10578, 358, 12, 69, 0, 0, 13.52%, 0, 0, 5, 33.17, 3278390, 458, 0, 0
10583, 358, 0, 69, 0, 0, 13.52%, 0, 0, 5, 33.54, 3279555, 458, 0, 0
10588, 358, 68, 69, 0, 0, 13.52%, 0, 0, 5, 50.40, 3280665, 458, 0, 0
10593, 358, 38, 69, 0, 0, 13.52%, 0, 0, 5, 33.10, 3281786, 458, 0, 0
10599, 359, 9, 69, 0, 0, 13.52%, 0, 0, 5, 465.45, 3282888, 458, 0, 0
10604, 359, 51, 69, 0, 0, 13.52%, 0, 0, 5, 432.90, 3283563, 458, 0, 0
10609, 359, 20, 69, 0, 0, 13.52%, 0, 0, 5, 187.38, 3284349, 458, 0, 0
10614, 359, 7, 69, 0, 0, 13.52%, 0, 0, 5, 33.01, 3285359, 458, 0, 0
10619, 359, 68, 69, 0, 0, 13.52%, 0, 0, 5, 33.58, 3286487, 458, 0, 0
10624, 359, 65, 69, 0, 0, 13.52%, 0, 0, 5, 75.10, 3287711, 458, 0, 0
10629, 359, 2, 69, 0, 0, 13.52%, 0, 0, 5, 476.23, 3288533, 458, 0, 0
10634, 359, 15, 69, 0, 0, 13.52%, 0, 0, 5, 33.37, 3289134, 458, 0, 0
10639, 359, 51, 69, 0, 0, 13.52%, 0, 0, 5, 32.56, 3290369, 458, 0, 0
10644, 359, 2, 69, 0, 0, 13.52%, 0, 0, 5, 32.84, 3291593, 458, 0, 0
10649, 360, 6, 69, 0, 0, 13.52%, 0, 0, 5, 381.07, 3292534, 458, 0, 0
10655, 360, 44, 69, 0, 0, 13.52%, 0, 0, 5, 239.58, 3293159, 458, 0, 0
10660, 360, 1, 69, 0, 0, 13.52%, 0, 0, 5, 33.08, 3294187, 458, 0, 0
10665, 360, 68, 69, 0, 0, 13.52%, 0, 0, 5, 42.61, 3295366, 458, 0, 0
10670, 360, 21, 69, 0, 0, 13.52%, 0, 0, 5, 443.84, 3296588, 458, 0, 0
10675, 360, 12, 69, 0, 0, 13.52%, 0, 0, 5, 269.73, 3297313, 458, 0, 0
10680, 360, 9, 69, 0, 0, 13.52%, 0, 0, 5, 33.04, 3297945, 458, 0, 0
10685, 360, 5, 69, 0, 0, 13.52%, 0, 0, 5, 33.05, 3299148, 458, 0, 0
10691, 361, 44, 69, 0, 0, 13.52%, 0, 0, 5, 33.17, 3300366, 458, 0, 0
10696, 361, 68, 69, 0, 0, 13.52%, 0, 0, 5, 391.04, 3301615, 458, 0, 0
10701, 361, 57, 69, 0, 0, 13.52%, 0, 0, 5, 416.41, 3302307, 458, 0, 0
10706, 361, 7, 69, 0, 0, 13.52%, 0, 0, 5, 32.96, 3302963, 458, 0, 0
10711, 361, 21, 69, 0, 0, 13.52%, 0, 0, 5, 34.92, 3304190, 458, 0, 0
10716, 361, 12, 69, 0, 0, 13.52%, 0, 0, 5, 33.26, 3305362, 458, 0, 0
10721, 361, 51, 69, 0, 0, 13.52%, 0, 0, 5, 423.25, 3306511, 458, 0, 0
10726, 361, 17, 69, 0, 0, 13.52%, 0, 0, 5, 470.08, 3307042, 458, 0, 0
10732, 361, 21, 69, 0, 0, 13.52%, 0, 0, 5, 33.01, 3307901, 458, 0, 0
10737, 362, 20, 69, 0, 0, 13.52%, 0, 0, 5, 32.85, 3309056, 458, 0, 0
10742, 362, 12, 69, 0, 0, 13.52%, 0, 0, 5, 32.87, 3310227, 458, 0, 0
10747, 362, 24, 69, 0, 0, 13.52%, 0, 0, 5, 81.33, 3311442, 458, 0, 0
10752, 362, 68, 69, 0, 0, 13.52%, 0, 0, 5, 424.43, 3312139, 458, 0, 0
10757, 362, 38, 69, 0, 0, 13.52%, 0, 0, 5, 467.66, 3312864, 458, 0, 0
10762, 362, 53, 69, 0, 0, 13.52%, 0, 0, 5, 32.84, 3313852, 458, 0, 0
10767, 362, 68, 69, 0, 0, 13.52%, 0, 0, 5, 32.66, 3314967, 458, 0, 0
10772, 362, 6, 69, 0, 0, 13.52%, 0, 0, 5, 32.22, 3316089, 458, 0, 0
10777, 363, 44, 69, 0, 0, 13.52%, 0, 0, 5, 72.75, 3317186, 458, 0, 0
10782, 363, 68, 69, 0, 0, 13.52%, 0, 0, 5, 472.55, 3318124, 458, 0, 0
10787, 363, 59, 69, 0, 0, 13.52%, 0, 0, 5, 393.98, 3318827, 458, 0, 0
10793, 363, 20, 69, 0, 0, 13.52%, 0, 0, 5, 33.10, 3319595, 458, 0, 0
10798, 363, 11, 69, 0, 0, 13.52%, 0, 0, 5, 38.63, 3320726, 458, 0, 0
10803, 363, 17, 69, 0, 0, 13.52%, 0, 0, 5, 32.80, 3321810, 458, 0, 0
10808, 363, 9, 69, 0, 0, 13.52%, 0, 0, 5, 33.57, 3322913, 458, 0, 0
10813, 363, 44, 69, 0, 0, 13.52%, 0, 0, 5, 60.17, 3324020, 458, 0, 0
10818, 363, 12, 69, 0, 0, 13.52%, 0, 0, 5, 364.91, 3324857, 458, 0, 0
10823, 364, 47, 69, 0, 0, 13.52%, 0, 0, 5, 440.54, 3327175, 458, 0, 0
10828, 364, 15, 69, 0, 0, 13.52%, 0, 0, 5, 467.27, 3329115, 458, 0, 0
10833, 364, 30, 69, 0, 0, 13.52%, 0, 0, 5, 456.84, 3331406, 458, 0, 0
10838, 364, 68, 69, 0, 0, 13.52%, 0, 0, 5, 447.62, 3333719, 458, 0, 0
10844, 365, 17, 69, 0, 0, 13.52%, 0, 0, 5, 436.72, 3335899, 458, 0, 0
10849, 365, 24, 69, 0, 0, 13.52%, 0, 0, 5, 387.55, 3337820, 458, 0, 0
10854, 365, 15, 69, 0, 0, 13.52%, 0, 0, 5, 362.25, 3339606, 458, 0, 0
10859, 365, 51, 69, 0, 0, 13.52%, 0, 0, 5, 402.70, 3341667, 458, 0, 0
10864, 365, 21, 69, 0, 0, 13.52%, 0, 0, 5, 431.95, 3343875, 458, 0, 0
10869, 366, 51, 69, 0, 0, 13.52%, 0, 0, 5, 434.73, 3346059, 458, 0, 0
10874, 366, 47, 69, 0, 0, 13.52%, 0, 0, 5, 435.29, 3348259, 458, 0, 0
10879, 366, 15, 69, 0, 0, 13.52%, 0, 0, 5, 391.54, 3350178, 458, 0, 0
10884, 366, 9, 69, 0, 0, 13.52%, 0, 0, 5, 432.50, 3352483, 458, 0, 0
10889, 367, 1, 69, 0, 0, 13.52%, 0, 0, 5, 439.21, 3354691, 458, 0, 0
10894, 367, 7, 69, 0, 0, 13.52%, 0, 0, 5, 442.16, 3356975, 458, 0, 0
10899, 367, 68, 69, 0, 0, 13.52%, 0, 0, 5, 406.26, 3359067, 458, 0, 0
10904, 367, 7, 69, 0, 0, 13.52%, 0, 0, 5, 430.27, 3361231, 458, 0, 0
10910, 368, 44, 69, 0, 0, 13.52%, 0, 0, 5, 446.35, 3363551, 458, 0, 0
10915, 368, 21, 69, 0, 0, 13.52%, 0, 0, 5, 452.01, 3365879, 458, 0, 0
10920, 368, 1, 69, 0, 0, 13.52%, 0, 0, 5, 432.79, 3368167, 458, 0, 0
10925, 368, 20, 69, 0, 0, 13.52%, 0, 0, 5, 445.72, 3370443, 458, 0, 0
10930, 369, 68, 69, 0, 0, 13.52%, 0, 0, 5, 453.37, 3372788, 458, 0, 0
10935, 369, 2, 69, 0, 0, 13.52%, 0, 0, 5, 451.98, 3375115, 458, 0, 0
10941, 369, 44, 69, 0, 0, 13.52%, 0, 0, 5, 450.12, 3377452, 458, 0, 0
10946, 369, 51, 69, 0, 0, 13.52%, 0, 0, 5, 424.85, 3379511, 458, 0, 0
10951, 370, 68, 69, 0, 0, 13.52%, 0, 0, 5, 449.29, 3381843, 458, 0, 0
10956, 370, 68, 69, 0, 0, 13.52%, 0, 0, 5, 452.61, 3384196, 458, 0, 0
10961, 370, 1, 69, 0, 0, 13.52%, 0, 0, 5, 454.03, 3386542, 458, 0, 0
10966, 370, 38, 69, 0, 0, 13.52%, 0, 0, 5, 440.58, 3388667, 458, 0, 0
10971, 371, 15, 69, 0, 0, 13.52%, 0, 0, 5, 453.41, 3391042, 458, 0, 0
10977, 371, 17, 69, 0, 0, 13.52%, 0, 0, 5, 452.38, 3393388, 458, 0, 0
10982, 371, 51, 69, 0, 0, 13.52%, 0, 0, 5, 453.56, 3395733, 458, 0, 0
10987, 371, 19, 69, 0, 0, 13.52%, 0, 0, 5, 445.08, 3397967, 458, 0, 0
10992, 371, 68, 69, 0, 0, 13.52%, 0, 0, 5, 444.98, 3400235, 458, 0, 0
10997, 372, 15, 69, 0, 0, 13.52%, 0, 0, 5, 451.78, 3402588, 458, 0, 0
11002, 372, 68, 69, 0, 0, 13.52%, 0, 0, 5, 454.25, 3404942, 458, 0, 0
11008, 372, 51, 69, 0, 0, 13.52%, 0, 0, 5, 437.59, 3407123, 458, 0, 0
11013, 373, 68, 69, 0, 0, 13.52%, 0, 0, 5, 452.96, 3409406, 458, 0, 0
11018, 373, 24, 69, 0, 0, 13.52%, 0, 0, 5, 455.89, 3411697, 458, 0, 0
11023, 373, 58, 69, 0, 0, 13.52%, 0, 0, 5, 455.06, 3413979, 458, 0, 0
11028, 373, 9, 69, 0, 0, 13.52%, 0, 0, 5, 437.70, 3416191, 458, 0, 0
11033, 374, 24, 69, 0, 0, 13.52%, 0, 0, 5, 432.41, 3418439, 458, 0, 0
11038, 374, 24, 69, 0, 0, 13.52%, 0, 0, 5, 443.81, 3420739, 458, 0, 0
11043, 374, 51, 69, 0, 0, 13.52%, 0, 0, 5, 453.48, 3423087, 458, 0, 0
11049, 374, 24, 69, 0, 0, 13.52%, 0, 0, 5, 435.26, 3425299, 458, 0, 0
11054, 375, 63, 69, 0, 0, 13.52%, 0, 0, 5, 450.50, 3427642, 458, 0, 0
11059, 375, 51, 69, 0, 0, 13.52%, 0, 0, 5, 458.21, 3429970, 458, 0, 0
11064, 375, 15, 69, 0, 0, 13.52%, 0, 0, 5, 457.71, 3432306, 458, 0, 0
11069, 375, 15, 69, 0, 0, 13.52%, 0, 0, 5, 428.42, 3434439, 458, 0, 0
11074, 376, 68, 69, 0, 0, 13.52%, 0, 0, 5, 449.72, 3436795, 458, 0, 0
11079, 376, 53, 69, 0, 0, 13.52%, 0, 0, 5, 454.99, 3439096, 458, 0, 0
11084, 376, 51, 69, 0, 0, 13.52%, 0, 0, 5, 452.20, 3441452, 458, 0, 0
11089, 376, 9, 69, 0, 0, 13.52%, 0, 0, 5, 421.90, 3443583, 458, 0, 0
11095, 377, 17, 69, 0, 0, 13.52%, 0, 0, 5, 451.92, 3445970, 458, 0, 0
11100, 377, 5, 69, 0, 0, 13.52%, 0, 0, 5, 459.79, 3448297, 458, 0, 0
11105, 377, 12, 69, 0, 0, 13.52%, 0, 0, 5, 456.78, 3450606, 458, 0, 0
11110, 377, 9, 69, 0, 0, 13.52%, 0, 0, 5, 415.18, 3452743, 458, 0, 0
11115, 378, 61, 69, 0, 0, 13.52%, 0, 0, 5, 452.73, 3455133, 458, 0, 0
11120, 378, 68, 69, 0, 0, 13.52%, 0, 0, 5, 458.82, 3457439, 458, 0, 0
11125, 378, 63, 69, 0, 0, 13.52%, 0, 0, 5, 348.26, 3458996, 458, 0, 0
11130, 378, 7, 69, 0, 0, 13.52%, 0, 0, 5, 438.30, 3461323, 458, 0, 0
11135, 378, 6, 69, 0, 0, 13.52%, 0, 0, 5, 470.88, 3463088, 458, 0, 0
11140, 379, 47, 69, 0, 0, 13.52%, 0, 0, 5, 464.42, 3465461, 458, 0, 0
11145, 379, 9, 69, 0, 0, 13.52%, 0, 0, 5, 464.30, 3467843, 458, 0, 0
11150, 379, 68, 69, 0, 0, 13.52%, 0, 0, 5, 33.18, 3470019, 458, 0, 0
11156, 380, 50, 69, 0, 0, 13.52%, 0, 0, 5, 462.97, 3472033, 458, 0, 0
11161, 380, 51, 69, 0, 0, 13.52%, 0, 0, 5, 461.85, 3474415, 458, 0, 0
11166, 380, 68, 69, 0, 0, 13.52%, 0, 0, 5, 32.84, 3476297, 458, 0, 0
11171, 380, 24, 69, 0, 0, 13.52%, 0, 0, 5, 451.32, 3478624, 458, 0, 0
11176, 380, 33, 69, 0, 0, 13.52%, 0, 0, 5, 460.87, 3481006, 458, 0, 0
11181, 381, 12, 69, 0, 0, 13.52%, 0, 0, 5, 462.69, 3482772, 458, 0, 0
11186, 381, 44, 69, 0, 0, 13.52%, 0, 0, 5, 464.51, 3485142, 458, 0, 0
11191, 381, 51, 69, 0, 0, 13.52%, 0, 0, 5, 462.84, 3487523, 458, 0, 0
11197, 381, 68, 69, 0, 0, 13.52%, 0, 0, 5, 472.46, 3489340, 458, 0, 0
11202, 382, 24, 69, 0, 0, 13.52%, 0, 0, 5, 467.37, 3491733, 458, 0, 0
11207, 382, 44, 69, 0, 0, 13.52%, 0, 0, 5, 462.04, 3494097, 458, 0, 0
11212, 382, 9, 69, 0, 0, 13.52%, 0, 0, 5, 404.43, 3495875, 458, 0, 0
11217, 383, 68, 69, 0, 0, 13.52%, 0, 0, 5, 452.40, 3498232, 458, 0, 0
11222, 383, 20, 69, 0, 0, 13.52%, 0, 0, 5, 461.60, 3500615, 458, 0, 0
11227, 383, 51, 69, 0, 0, 13.52%, 0, 0, 5, 439.71, 3502395, 458, 0, 0
11232, 383, 1, 69, 0, 0, 13.52%, 0, 0, 5, 458.15, 3504733, 458, 0, 0
11237, 384, 23, 69, 0, 0, 13.52%, 0, 0, 5, 457.22, 3507033, 458, 0, 0
11243, 384, 9, 69, 0, 0, 13.52%, 0, 0, 5, 408.32, 3508851, 458, 0, 0
11248, 384, 47, 69, 0, 0, 13.52%, 0, 0, 5, 454.65, 3511206, 458, 0, 0
11253, 384, 68, 69, 0, 0, 13.52%, 0, 0, 5, 33.06, 3513165, 458, 0, 0
11258, 384, 68, 69, 0, 0, 13.52%, 0, 0, 5, 434.10, 3515371, 458, 0, 0
11263, 385, 18, 69, 0, 0, 13.52%, 0, 0, 5, 458.84, 3517742, 458, 0, 0
11268, 385, 68, 69, 0, 0, 13.52%, 0, 0, 5, 226.59, 3519519, 458, 0, 0
11273, 385, 17, 69, 0, 0, 13.52%, 0, 0, 5, 419.35, 3521923, 458, 0, 0
11278, 385, 68, 69, 0, 0, 13.52%, 0, 0, 5, 456.07, 3524270, 458, 0, 0
11283, 386, 12, 69, 0, 0, 13.52%, 0, 0, 5, 460.35, 3526033, 458, 0, 0
11288, 386, 38, 69, 0, 0, 13.52%, 0, 0, 5, 464.83, 3528406, 458, 0, 0
11293, 386, 63, 69, 0, 0, 13.52%, 0, 0, 5, 463.49, 3530752, 458, 0, 0
11299, 386, 12, 69, 0, 0, 13.52%, 0, 0, 5, 465.40, 3532552, 458, 0, 0
11304, 386, 51, 69, 0, 0, 13.52%, 0, 0, 5, 466.36, 3534924, 458, 0, 0
11309, 387, 9, 69, 0, 0, 13.52%, 0, 0, 5, 33.02, 3536845, 458, 0, 0
11314, 387, 20, 69, 0, 0, 13.52%, 0, 0, 5, 447.13, 3539151, 458, 0, 0
11319, 387, 20, 69, 0, 0, 13.52%, 0, 0, 5, 459.88, 3541524, 458, 0, 0
11324, 387, 1, 69, 0, 0, 13.52%, 0, 0, 5, 443.09, 3543307, 458, 0, 0
11329, 388, 24, 69, 0, 0, 13.52%, 0, 0, 5, 459.79, 3545670, 458, 0, 0
11335, 388, 44, 69, 0, 0, 13.52%, 0, 0, 5, 460.60, 3548024, 458, 0, 0
11340, 388, 43, 69, 0, 0, 13.52%, 0, 0, 5, 389.42, 3549685, 458, 0, 0
11345, 388, 68, 69, 0, 0, 13.52%, 0, 0, 5, 448.18, 3552087, 458, 0, 0
11350, 389, 20, 69, 0, 0, 13.52%, 0, 0, 5, 33.29, 3553896, 458, 0, 0
11355, 389, 51, 69, 0, 0, 13.52%, 0, 0, 5, 445.55, 3556299, 458, 0, 0
11360, 389, 21, 69, 0, 0, 13.52%, 0, 0, 5, 460.63, 3558661, 458, 0, 0
11365, 389, 68, 69, 0, 0, 13.52%, 0, 0, 5, 468.38, 3560449, 458, 0, 0
11370, 389, 51, 69, 0, 0, 13.52%, 0, 0, 5, 462.04, 3562814, 458, 0, 0
11375, 390, 68, 69, 0, 0, 13.52%, 0, 0, 5, 405.42, 3564899, 458, 0, 0
11380, 390, 15, 69, 0, 0, 13.52%, 0, 0, 5, 426.49, 3566815, 458, 0, 0
11386, 390, 53, 69, 0, 0, 13.52%, 0, 0, 5, 438.99, 3569059, 458, 0, 0
11391, 390, 68, 69, 0, 0, 13.52%, 0, 0, 5, 370.35, 3571120, 458, 0, 0
11396, 391, 15, 69, 0, 0, 13.52%, 0, 0, 5, 429.58, 3573367, 458, 0, 0
11401, 391, 15, 69, 0, 0, 13.52%, 0, 0, 5, 421.57, 3575383, 458, 0, 0
11406, 391, 9, 69, 0, 0, 13.52%, 0, 0, 5, 428.78, 3577439, 458, 0, 0
11411, 391, 2, 69, 0, 0, 13.52%, 0, 0, 5, 457.65, 3579615, 458, 0, 0
11416, 391, 68, 69, 0, 0, 13.52%, 0, 0, 5, 461.45, 3581658, 458, 0, 0
11421, 392, 68, 69, 0, 0, 13.52%, 0, 0, 5, 144.41, 3583733, 458, 0, 0
11426, 392, 9, 69, 0, 0, 13.52%, 0, 0, 5, 362.63, 3585841, 458, 0, 0
11432, 392, 38, 69, 0, 0, 13.52%, 0, 0, 5, 435.93, 3587891, 458, 0, 0
11437, 392, 53, 69, 0, 0, 13.52%, 0, 0, 5, 423.04, 3590087, 458, 0, 0
11442, 393, 68, 69, 0, 0, 13.52%, 0, 0, 5, 436.37, 3592275, 458, 0, 0
11447, 393, 32, 69, 0, 0, 13.52%, 0, 0, 5, 376.49, 3594299, 458, 0, 0
11452, 393, 7, 69, 0, 0, 13.52%, 0, 0, 5, 32.69, 3595087, 458, 0, 0
11457, 393, 61, 69, 0, 0, 13.52%, 0, 0, 5, 54.84, 3596741, 458, 0, 0
11463, 393, 23, 69, 0, 0, 13.52%, 0, 0, 5, 42.35, 3598706, 458, 0, 0
11468, 394, 44, 69, 0, 0, 13.52%, 0, 0, 5, 468.21, 3600179, 458, 0, 0
11473, 394, 9, 69, 0, 0, 13.52%, 0, 0, 5, 460.74, 3601479, 458, 0, 0
11478, 394, 48, 69, 0, 0, 13.52%, 0, 0, 5, 431.36, 3602799, 458, 0, 0
11483, 394, 63, 69, 0, 0, 13.52%, 0, 0, 5, 32.89, 3604086, 458, 0, 0
11488, 394, 68, 69, 0, 0, 13.52%, 0, 0, 5, 33.04, 3605689, 458, 0, 0
11493, 394, 7, 69, 0, 0, 13.52%, 0, 0, 5, 32.83, 3607283, 458, 0, 0
11498, 395, 12, 69, 0, 0, 13.52%, 0, 0, 5, 424.67, 3608767, 458, 0, 0
11504, 395, 68, 69, 0, 0, 13.52%, 0, 0, 5, 337.47, 3609891, 458, 0, 0
11509, 395, 47, 69, 0, 0, 13.52%, 0, 0, 5, 469.42, 3611061, 458, 0, 0
11514, 395, 1, 69, 0, 0, 13.52%, 0, 0, 5, 412.94, 3612219, 458, 0, 0
11519, 395, 12, 69, 0, 0, 13.52%, 0, 0, 5, 32.95, 3613639, 458, 0, 0
11524, 395, 53, 69, 0, 0, 13.52%, 0, 0, 5, 33.21, 3615141, 458, 0, 0
11529, 395, 68, 69, 0, 0, 13.52%, 0, 0, 5, 31.87, 3616595, 458, 0, 0
11534, 395, 1, 69, 0, 0, 13.52%, 0, 0, 5, 342.18, 3617761, 458, 0, 0
11539, 396, 68, 69, 0, 0, 13.52%, 0, 0, 5, 294.51, 3618773, 458, 0, 0
11544, 396, 12, 69, 0, 0, 13.52%, 0, 0, 5, 266.44, 3619808, 458, 0, 0
11549, 396, 2, 69, 0, 0, 13.52%, 0, 0, 5, 32.95, 3621027, 458, 0, 0
11554, 396, 9, 69, 0, 0, 13.52%, 0, 0, 5, 33.28, 3622386, 458, 0, 0
11560, 396, 51, 69, 0, 0, 13.52%, 0, 0, 5, 33.41, 3623754, 458, 0, 0
11565, 396, 51, 69, 0, 0, 13.52%, 0, 0, 5, 476.28, 3625052, 458, 0, 0
11570, 396, 9, 69, 0, 0, 13.52%, 0, 0, 5, 388.48, 3626127, 458, 0, 0
11575, 396, 12, 69, 0, 0, 13.52%, 0, 0, 5, 313.97, 3627079, 458, 0, 0
11580, 397, 68, 69, 0, 0, 13.52%, 0, 0, 5, 330.00, 3627961, 458, 0, 0
11585, 397, 68, 69, 0, 0, 13.52%, 0, 0, 5, 44.80, 3629217, 458, 0, 0
11590, 397, 38, 69, 0, 0, 13.52%, 0, 0, 5, 43.52, 3630501, 458, 0, 0
11595, 397, 15, 69, 0, 0, 13.52%, 0, 0, 5, 32.88, 3631822, 458, 0, 0
11600, 397, 13, 69, 0, 0, 13.52%, 0, 0, 5, 436.03, 3633051, 458, 0, 0
11605, 397, 21, 69, 0, 0, 13.52%, 0, 0, 5, 468.19, 3633924, 458, 0, 0
11610, 397, 9, 69, 0, 0, 13.52%, 0, 0, 5, 300.15, 3634848, 458, 0, 0
11616, 397, 68, 69, 0, 0, 13.52%, 0, 0, 5, 32.85, 3635776, 458, 0, 0
11621, 397, 68, 69, 0, 0, 13.52%, 0, 0, 5, 33.04, 3637061, 458, 0, 0
11626, 398, 51, 69, 0, 0, 13.52%, 0, 0, 5, 33.32, 3638355, 458, 0, 0
11631, 398, 9, 69, 0, 0, 13.52%, 0, 0, 5, 33.05, 3639528, 458, 0, 0
11636, 398, 68, 69, 0, 0, 13.52%, 0, 0, 5, 83.60, 3640720, 458, 0, 0
11641, 398, 2, 69, 0, 0, 13.52%, 0, 0, 5, 466.28, 3641815, 458, 0, 0
11646, 398, 44, 69, 0, 0, 13.52%, 0, 0, 5, 460.69, 3642561, 458, 0, 0
11651, 398, 38, 69, 0, 0, 13.52%, 0, 0, 5, 32.54, 3643312, 458, 0, 0
11656, 398, 68, 69, 0, 0, 13.52%, 0, 0, 5, 33.27, 3644497, 458, 0, 0
11662, 398, 15, 69, 0, 0, 13.52%, 0, 0, 5, 33.02, 3645662, 458, 0, 0
11667, 399, 68, 69, 0, 0, 13.52%, 0, 0, 5, 50.39, 3646784, 458, 0, 0
11672, 399, 51, 69, 0, 0, 13.52%, 0, 0, 5, 33.09, 3647972, 458, 0, 0
11677, 399, 12, 69, 0, 0, 13.52%, 0, 0, 5, 449.42, 3649106, 458, 0, 0
11682, 399, 1, 69, 0, 0, 13.52%, 0, 0, 5, 372.68, 3650141, 458, 0, 0
11687, 399, 44, 69, 0, 0, 13.52%, 0, 0, 5, 464.92, 3650742, 458, 0, 0
11692, 399, 68, 69, 0, 0, 13.52%, 0, 0, 5, 33.11, 3651861, 458, 0, 0
11697, 399, 15, 69, 0, 0, 13.52%, 0, 0, 5, 41.21, 3653141, 458, 0, 0
11702, 399, 51, 69, 0, 0, 13.52%, 0, 0, 5, 440.26, 3654379, 458, 0, 0
11707, 399, 68, 69, 0, 0, 13.52%, 0, 0, 5, 465.46, 3655003, 458, 0, 0
11712, 400, 12, 69, 0, 0, 13.52%, 0, 0, 5, 33.04, 3655801, 458, 0, 0
11718, 400, 67, 69, 0, 0, 13.52%, 0, 0, 5, 33.17, 3657112, 458, 0, 0
11723, 400, 51, 69, 0, 0, 13.52%, 0, 0, 5, 33.17, 3658356, 458, 0, 0
11728, 400, 9, 69, 0, 0, 13.52%, 0, 0, 5, 466.15, 3659352, 458, 0, 0
11733, 400, 68, 69, 0, 0, 13.52%, 0, 0, 5, 252.41, 3659975, 458, 0, 0
11738, 400, 17, 69, 0, 0, 13.52%, 0, 0, 5, 32.97, 3661025, 458, 0, 0
11743, 400, 68, 69, 0, 0, 13.52%, 0, 0, 5, 32.97, 3662245, 458, 0, 0
11748, 400, 68, 69, 0, 0, 13.52%, 0, 0, 5, 46.75, 3663524, 458, 0, 0
11753, 400, 21, 69, 0, 0, 13.52%, 0, 0, 5, 299.93, 3664258, 458, 0, 0
11758, 400, 24, 69, 0, 0, 13.52%, 0, 0, 5, 275.08, 3665038, 458, 0, 0
11763, 401, 51, 69, 0, 0, 13.52%, 0, 0, 5, 32.81, 3666125, 458, 0, 0
11768, 401, 24, 69, 0, 0, 13.52%, 0, 0, 5, 33.37, 3667342, 458, 0, 0
11773, 401, 44, 69, 0, 0, 13.52%, 0, 0, 5, 32.57, 3668507, 458, 0, 0
11778, 401, 7, 69, 0, 0, 13.52%, 0, 0, 5, 358.11, 3669441, 458, 0, 0
11784, 401, 23, 69, 0, 0, 13.52%, 0, 0, 5, 422.46, 3670199, 458, 0, 0
11789, 401, 65, 69, 0, 0, 13.52%, 0, 0, 5, 41.65, 3671016, 458, 0, 0
11794, 401, 17, 69, 0, 0, 13.52%, 0, 0, 5, 32.61, 3672209, 458, 0, 0
11799, 401, 12, 69, 0, 0, 13.52%, 0, 0, 5, 59.49, 3673405, 458, 0, 0
11804, 402, 51, 69, 0, 0, 13.52%, 0, 0, 5, 383.12, 3674613, 458, 0, 0
11809, 402, 7, 69, 0, 0, 13.52%, 0, 0, 5, 474.09, 3675415, 458, 0, 0
11814, 402, 15, 69, 0, 0, 13.52%, 0, 0, 5, 377.58, 3676171, 458, 0, 0
11819, 402, 12, 69, 0, 0, 13.52%, 0, 0, 5, 32.97, 3677032, 458, 0, 0
11824, 402, 1, 69, 0, 0, 13.52%, 0, 0, 5, 32.70, 3678176, 458, 0, 0
11830, 402, 51, 69, 0, 0, 13.52%, 0, 0, 5, 33.15, 3679382, 458, 0, 0
11835, 402, 24, 69, 0, 0, 13.52%, 0, 0, 5, 460.57, 3680279, 458, 0, 0
11840, 402, 68, 69, 0, 0, 13.52%, 0, 0, 5, 277.75, 3681038, 458, 0, 0
11845, 402, 68, 69, 0, 0, 13.52%, 0, 0, 5, 33.08, 3681905, 458, 0, 0
11850, 402, 24, 69, 0, 0, 13.52%, 0, 0, 5, 52.87, 3683094, 458, 0, 0
11855, 403, 9, 69, 0, 0, 13.52%, 0, 0, 5, 33.49, 3684263, 458, 0, 0
11860, 403, 44, 69, 0, 0, 13.52%, 0, 0, 5, 308.41, 3685427, 458, 0, 0
11865, 403, 53, 69, 0, 0, 13.52%, 0, 0, 5, 467.53, 3686323, 458, 0, 0
11871, 403, 21, 69, 0, 0, 13.52%, 0, 0, 5, 472.10, 3687124, 458, 0, 0
11876, 403, 1, 69, 0, 0, 13.52%, 0, 0, 5, 55.01, 3687803, 458, 0, 0
11881, 403, 51, 69, 0, 0, 13.52%, 0, 0, 5, 36.76, 3688899, 458, 0, 0
11886, 403, 24, 69, 0, 0, 13.52%, 0, 0, 5, 33.41, 3690037, 458, 0, 0
11891, 403, 10, 69, 0, 0, 13.52%, 0, 0, 5, 33.17, 3691156, 458, 0, 0
11896, 404, 15, 69, 0, 0, 13.52%, 0, 0, 5, 33.00, 3692267, 458, 0, 0
11901, 404, 1, 69, 0, 0, 13.52%, 0, 0, 5, 436.78, 3693239, 458, 0, 0
11907, 404, 7, 69, 0, 0, 13.52%, 0, 0, 5, 458.44, 3693906, 458, 0, 0
11912, 404, 25, 69, 0, 0, 13.52%, 0, 0, 5, 32.93, 3694671, 458, 0, 0
11917, 404, 68, 69, 0, 0, 13.52%, 0, 0, 5, 32.80, 3695691, 458, 0, 0
11922, 404, 25, 69, 0, 0, 13.52%, 0, 0, 5, 33.02, 3696890, 458, 0, 0
11927, 404, 15, 69, 0, 0, 13.52%, 0, 0, 5, 33.31, 3698113, 458, 0, 0
11932, 404, 1, 69, 0, 0, 13.52%, 0, 0, 5, 446.69, 3698999, 458, 0, 0
11937, 404, 1, 69, 0, 0, 13.52%, 0, 0, 5, 253.73, 3699553, 458, 0, 0
11943, 405, 53, 69, 0, 0, 13.52%, 0, 0, 5, 32.79, 3700748, 458, 0, 0
11948, 405, 1, 69, 0, 0, 13.52%, 0, 0, 5, 33.37, 3701966, 458, 0, 0
11953, 405, 68, 69, 0, 0, 13.52%, 0, 0, 5, 450.69, 3703115, 458, 0, 0
11958, 405, 9, 69, 0, 0, 13.52%, 0, 0, 5, 354.60, 3703597, 458, 0, 0
11963, 405, 58, 69, 0, 0, 13.52%, 0, 0, 5, 32.74, 3704562, 458, 0, 0
11968, 405, 63, 69, 0, 0, 13.52%, 0, 0, 5, 33.03, 3705793, 458, 0, 0
11973, 405, 1, 69, 0, 0, 13.52%, 0, 0, 5, 37.97, 3706991, 458, 0, 0
11978, 405, 29, 69, 0, 0, 13.52%, 0, 0, 5, 352.96, 3707743, 458, 0, 0
11984, 405, 2, 69, 0, 0, 13.52%, 0, 0, 5, 33.32, 3708395, 458, 0, 0
11989, 406, 12, 69, 0, 0, 13.52%, 0, 0, 5, 33.14, 3709580, 458, 0, 0
11994, 406, 1, 69, 0, 0, 13.52%, 0, 0, 5, 33.89, 3710775, 458, 0, 0
11999, 406, 12, 69, 0, 0, 13.52%, 0, 0, 5, 323.79, 3711985, 458, 0, 0
12004, 406, 68, 69, 0, 0, 13.52%, 0, 0, 5, 301.38, 3712823, 458, 0, 0
12009, 406, 7, 69, 0, 0, 13.52%, 0, 0, 5, 430.00, 3713420, 458, 0, 0
12015, 406, 12, 69, 0, 0, 13.52%, 0, 0, 5, 33.00, 3714575, 458, 0, 0
12020, 406, 24, 69, 0, 0, 13.52%, 0, 0, 5, 33.17, 3715755, 458, 0, 0
12025, 406, 7, 69, 0, 0, 13.52%, 0, 0, 5, 431.75, 3716983, 458, 0, 0
12030, 407, 51, 69, 0, 0, 13.52%, 0, 0, 5, 457.33, 3717606, 458, 0, 0
12035, 407, 12, 69, 0, 0, 13.52%, 0, 0, 5, 200.00, 3718339, 458, 0, 0
12040, 407, 12, 69, 0, 0, 13.52%, 0, 0, 5, 32.89, 3719498, 458, 0, 0
12045, 407, 2, 69, 0, 0, 13.52%, 0, 0, 5, 33.25, 3720674, 458, 0, 0
12050, 407, 51, 69, 0, 0, 13.52%, 0, 0, 5, 32.92, 3721840, 458, 0, 0
12055, 407, 7, 69, 0, 0, 13.52%, 0, 0, 5, 291.26, 3722763, 458, 0, 0
12061, 407, 68, 69, 0, 0, 13.52%, 0, 0, 5, 308.72, 3723553, 458, 0, 0
12066, 407, 2, 69, 0, 0, 13.52%, 0, 0, 5, 325.00, 3724343, 458, 0, 0
12071, 407, 9, 69, 0, 0, 13.52%, 0, 0, 5, 47.12, 3725404, 458, 0, 0
12076, 407, 51, 69, 0, 0, 13.52%, 0, 0, 5, 33.20, 3726519, 458, 0, 0
12081, 408, 15, 69, 0, 0, 13.52%, 0, 0, 5, 32.68, 3727651, 458, 0, 0
12087, 408, 51, 69, 0, 0, 13.52%, 0, 0, 5, 32.88, 3728779, 458, 0, 0
12092, 408, 20, 69, 0, 0, 13.52%, 0, 0, 5, 466.19, 3729770, 458, 0, 0
12097, 408, 44, 69, 0, 0, 13.52%, 0, 0, 5, 464.83, 3730552, 458, 0, 0
12102, 408, 68, 69, 0, 0, 13.52%, 0, 0, 5, 470.00, 3731297, 458, 0, 0
12107, 408, 12, 69, 0, 0, 13.52%, 0, 0, 5, 33.41, 3732354, 458, 0, 0
12112, 408, 44, 69, 0, 0, 13.52%, 0, 0, 5, 33.53, 3733436, 458, 0, 0
12117, 408, 2, 69, 0, 0, 13.52%, 0, 0, 5, 33.14, 3734568, 458, 0, 0
12123, 409, 7, 69, 0, 0, 13.52%, 0, 0, 5, 33.40, 3735684, 458, 0, 0
12128, 409, 12, 69, 0, 0, 13.52%, 0, 0, 5, 470.59, 3736788, 458, 0, 0
12133, 409, 44, 69, 0, 0, 13.52%, 0, 0, 5, 463.16, 3737470, 458, 0, 0
12138, 409, 9, 69, 0, 0, 13.52%, 0, 0, 5, 376.06, 3738257, 458, 0, 0
12143, 409, 15, 69, 0, 0, 13.52%, 0, 0, 5, 33.03, 3739233, 458, 0, 0
12148, 409, 7, 69, 0, 0, 13.52%, 0, 0, 5, 33.29, 3740356, 458, 0, 0
12153, 409, 9, 69, 0, 0, 13.52%, 0, 0, 5, 71.72, 3741461, 458, 0, 0
12158, 409, 68, 69, 0, 0, 13.52%, 0, 0, 5, 467.78, 3742486, 458, 0, 0
12163, 409, 58, 69, 0, 0, 13.52%, 0, 0, 5, 460.40, 3743052, 458, 0, 0
12168, 409, 23, 69, 0, 0, 13.52%, 0, 0, 5, 33.17, 3744075, 458, 0, 0
12173, 410, 17, 69, 0, 0, 13.52%, 0, 0, 5, 32.90, 3745296, 458, 0, 0
12179, 410, 68, 69, 0, 0, 13.52%, 0, 0, 5, 84.11, 3746504, 458, 0, 0
12184, 410, 20, 69, 0, 0, 13.52%, 0, 0, 5, 476.58, 3747142, 458, 0, 0
12189, 410, 20, 69, 0, 0, 13.52%, 0, 0, 5, 32.98, 3747919, 458, 0, 0
12194, 410, 7, 69, 0, 0, 13.52%, 0, 0, 5, 33.07, 3749124, 458, 0, 0
12199, 410, 15, 69, 0, 0, 13.52%, 0, 0, 5, 33.09, 3750300, 458, 0, 0
12204, 410, 23, 69, 0, 0, 13.52%, 0, 0, 5, 469.87, 3751306, 458, 0, 0
12209, 410, 9, 69, 0, 0, 13.52%, 0, 0, 5, 425.58, 3751867, 458, 0, 0
12214, 410, 35, 69, 0, 0, 13.52%, 0, 0, 5, 39.52, 3752873, 458, 0, 0
12219, 411, 2, 69, 0, 0, 13.52%, 0, 0, 5, 69.50, 3754089, 458, 0, 0
12225, 411, 68, 69, 0, 0, 13.52%, 0, 0, 5, 33.20, 3755257, 458, 0, 0
12230, 411, 1, 69, 0, 0, 13.52%, 0, 0, 5, 472.51, 3756170, 458, 0, 0
12235, 411, 51, 69, 0, 0, 13.52%, 0, 0, 5, 400.00, 3756703, 458, 0, 0
12240, 411, 57, 69, 0, 0, 13.52%, 0, 0, 5, 37.92, 3757859, 458, 0, 0
12245, 411, 44, 69, 0, 0, 13.52%, 0, 0, 5, 33.12, 3759069, 458, 0, 0
12250, 411, 24, 69, 0, 0, 13.52%, 0, 0, 5, 34.62, 3760233, 458, 0, 0
12255, 411, 23, 69, 0, 0, 13.52%, 0, 0, 5, 335.18, 3761079, 458, 0, 0
12261, 411, 1, 69, 0, 0, 13.52%, 0, 0, 5, 461.49, 3761742, 458, 0, 0
12266, 411, 1, 69, 0, 0, 13.52%, 0, 0, 5, 33.05, 3762731, 458, 0, 0
12271, 412, 3, 69, 0, 0, 13.52%, 0, 0, 5, 33.07, 3763920, 458, 0, 0
12276, 412, 68, 69, 0, 0, 13.52%, 0, 0, 5, 33.49, 3765058, 458, 0, 0
12281, 412, 17, 69, 0, 0, 13.52%, 0, 0, 5, 471.97, 3766052, 458, 0, 0
12286, 412, 40, 69, 0, 0, 13.52%, 0, 0, 5, 357.98, 3766706, 458, 0, 0
12291, 412, 3, 69, 0, 0, 13.52%, 0, 0, 5, 33.24, 3767576, 458, 0, 0
12296, 412, 51, 69, 0, 0, 13.52%, 0, 0, 5, 35.65, 3768696, 458, 0, 0
12302, 412, 68, 69, 0, 0, 13.52%, 0, 0, 5, 33.33, 3769784, 458, 0, 0
12307, 412, 17, 69, 0, 0, 13.52%, 0, 0, 5, 32.90, 3770892, 458, 0, 0
12312, 413, 68, 69, 0, 0, 13.52%, 0, 0, 5, 329.90, 3771985, 458, 0, 0
12317, 413, 51, 69, 0, 0, 13.52%, 0, 0, 5, 344.07, 3772743, 458, 0, 0
12322, 413, 51, 69, 0, 0, 13.52%, 0, 0, 5, 402.18, 3773476, 458, 0, 0
12327, 413, 24, 69, 0, 0, 13.52%, 0, 0, 5, 33.19, 3774449, 458, 0, 0
12332, 413, 12, 69, 0, 0, 13.52%, 0, 0, 5, 33.14, 3775563, 458, 0, 0
12337, 413, 20, 69, 0, 0, 13.52%, 0, 0, 5, 33.05, 3776714, 458, 0, 0
12342, 413, 21, 69, 0, 0, 13.52%, 0, 0, 5, 33.20, 3777807, 458, 0, 0
12348, 413, 0, 69, 0, 0, 13.52%, 0, 0, 5, 467.07, 3778724, 458, 0, 0
12353, 413, 68, 69, 0, 0, 13.52%, 0, 0, 5, 260.59, 3779507, 458, 0, 0
12358, 413, 24, 69, 0, 0, 13.52%, 0, 0, 5, 463.18, 3780306, 458, 0, 0
12363, 413, 68, 69, 0, 0, 13.52%, 0, 0, 5, 33.18, 3781275, 458, 0, 0
12368, 414, 7, 69, 0, 0, 13.52%, 0, 0, 5, 33.31, 3782408, 458, 0, 0
12373, 414, 51, 69, 0, 0, 13.52%, 0, 0, 5, 33.42, 3783508, 458, 0, 0
12378, 414, 36, 69, 0, 0, 13.52%, 0, 0, 5, 32.92, 3784623, 458, 0, 0
12383, 414, 24, 69, 0, 0, 13.52%, 0, 0, 5, 466.56, 3785524, 458, 0, 0
12388, 414, 9, 69, 0, 0, 13.52%, 0, 0, 5, 31.44, 3785922, 458, 0, 0
12393, 414, 1, 69, 0, 0, 13.52%, 0, 0, 5, 33.11, 3787142, 458, 0, 0
12399, 414, 24, 69, 0, 0, 13.52%, 0, 0, 5, 33.47, 3788334, 458, 0, 0
12404, 414, 47, 69, 0, 0, 13.52%, 0, 0, 5, 464.82, 3789242, 458, 0, 0
12409, 414, 44, 69, 0, 0, 13.52%, 0, 0, 5, 225.00, 3789763, 458, 0, 0
12414, 415, 68, 69, 0, 0, 13.52%, 0, 0, 5, 414.98, 3792147, 458, 0, 0
12419, 415, 7, 69, 0, 0, 13.52%, 0, 0, 5, 458.77, 3794588, 458, 0, 0
12424, 415, 51, 69, 0, 0, 13.52%, 0, 0, 5, 454.61, 3796887, 458, 0, 0
12429, 415, 68, 69, 0, 0, 13.52%, 0, 0, 5, 404.36, 3798939, 458, 0, 0
12434, 416, 63, 69, 0, 0, 13.52%, 0, 0, 5, 439.46, 3801051, 458, 0, 0
12439, 416, 38, 69, 0, 0, 13.52%, 0, 0, 5, 384.90, 3802834, 458, 0, 0
12444, 416, 68, 69, 0, 0, 13.52%, 0, 0, 5, 427.36, 3805107, 458, 0, 0
12450, 416, 38, 69, 0, 0, 13.52%, 0, 0, 5, 435.28, 3807383, 458, 0, 0
12455, 416, 20, 69, 0, 0, 13.52%, 0, 0, 5, 429.95, 3809615, 458, 0, 0
12460, 417, 68, 69, 0, 0, 13.52%, 0, 0, 5, 405.47, 3811679, 458, 0, 0
12465, 417, 21, 69, 0, 0, 13.52%, 0, 0, 5, 363.79, 3813485, 458, 0, 0
12470, 417, 1, 69, 0, 0, 13.52%, 0, 0, 5, 411.16, 3815531, 458, 0, 0
12475, 417, 68, 69, 0, 0, 13.52%, 0, 0, 5, 439.64, 3817775, 458, 0, 0
12480, 417, 51, 69, 0, 0, 13.52%, 0, 0, 5, 442.81, 3820067, 458, 0, 0
12485, 418, 1, 69, 0, 0, 13.52%, 0, 0, 5, 440.03, 3822351, 458, 0, 0
12490, 418, 23, 69, 0, 0, 13.52%, 0, 0, 5, 383.92, 3824285, 458, 0, 0
12496, 418, 44, 69, 0, 0, 13.52%, 0, 0, 5, 442.63, 3826642, 458, 0, 0
12501, 418, 68, 69, 0, 0, 13.52%, 0, 0, 5, 456.29, 3829032, 458, 0, 0
12506, 419, 53, 69, 0, 0, 13.52%, 0, 0, 5, 454.07, 3831361, 458, 0, 0
12511, 419, 51, 69, 0, 0, 13.52%, 0, 0, 5, 419.64, 3833595, 458, 0, 0
12516, 419, 51, 69, 0, 0, 13.52%, 0, 0, 5, 444.57, 3835919, 458, 0, 0
12521, 419, 1, 69, 0, 0, 13.52%, 0, 0, 5, 451.87, 3838252, 458, 0, 0
12527, 420, 68, 69, 0, 0, 13.52%, 0, 0, 5, 452.89, 3840579, 458, 0, 0
12532, 420, 24, 69, 0, 0, 13.52%, 0, 0, 5, 435.76, 3842851, 458, 0, 0
12537, 420, 1, 69, 0, 0, 13.52%, 0, 0, 5, 451.40, 3845152, 458, 0, 0
12542, 420, 51, 69, 0, 0, 13.52%, 0, 0, 5, 453.01, 3847432, 458, 0, 0
12547, 421, 21, 69, 0, 0, 13.52%, 0, 0, 5, 453.57, 3849761, 458, 0, 0
12552, 421, 63, 69, 0, 0, 13.52%, 0, 0, 5, 453.34, 3852097, 458, 0, 0
12557, 421, 68, 69, 0, 0, 13.52%, 0, 0, 5, 447.76, 3854247, 458, 0, 0
12562, 421, 1, 69, 0, 0, 13.52%, 0, 0, 5, 450.55, 3856579, 458, 0, 0
12567, 422, 68, 69, 0, 0, 13.52%, 0, 0, 5, 454.72, 3858877, 458, 0, 0
12572, 422, 1, 69, 0, 0, 13.52%, 0, 0, 5, 458.55, 3861188, 458, 0, 0
12578, 422, 1, 69, 0, 0, 13.52%, 0, 0, 5, 447.04, 3863415, 458, 0, 0
12583, 422, 15, 69, 0, 0, 13.52%, 0, 0, 5, 456.03, 3865742, 458, 0, 0
12588, 422, 17, 69, 0, 0, 13.52%, 0, 0, 5, 446.75, 3868015, 458, 0, 0
12593, 423, 47, 69, 0, 0, 13.52%, 0, 0, 5, 451.62, 3870342, 458, 0, 0
12598, 423, 9, 69, 0, 0, 13.52%, 0, 0, 5, 437.58, 3872515, 458, 0, 0
12603, 423, 68, 69, 0, 0, 13.52%, 0, 0, 5, 451.74, 3874870, 458, 0, 0
12608, 423, 30, 69, 0, 0, 13.52%, 0, 0, 5, 451.93, 3877133, 458, 0, 0
12613, 424, 9, 69, 0, 0, 13.52%, 0, 0, 5, 453.43, 3879479, 458, 0, 0
12618, 424, 68, 69, 0, 0, 13.52%, 0, 0, 5, 435.62, 3881639, 458, 0, 0
12624, 424, 59, 69, 0, 0, 13.52%, 0, 0, 5, 452.61, 3884015, 458, 0, 0
12629, 424, 44, 69, 0, 0, 13.52%, 0, 0, 5, 452.11, 3886315, 458, 0, 0
12634, 425, 7, 69, 0, 0, 13.52%, 0, 0, 5, 453.78, 3888670, 458, 0, 0
12639, 425, 2, 69, 0, 0, 13.52%, 0, 0, 5, 427.84, 3890823, 458, 0, 0
12644, 425, 1, 69, 0, 0, 13.52%, 0, 0, 5, 455.59, 3893152, 458, 0, 0
12649, 425, 12, 69, 0, 0, 13.52%, 0, 0, 5, 459.40, 3895506, 458, 0, 0
12654, 425, 53, 69, 0, 0, 13.52%, 0, 0, 5, 461.08, 3897815, 458, 0, 0
12659, 426, 7, 69, 0, 0, 13.52%, 0, 0, 5, 422.45, 3899959, 458, 0, 0
12664, 426, 21, 69, 0, 0, 13.52%, 0, 0, 5, 452.90, 3902343, 458, 0, 0
12669, 426, 65, 69, 0, 0, 13.52%, 0, 0, 5, 459.70, 3904679, 458, 0, 0
12674, 426, 2, 69, 0, 0, 13.52%, 0, 0, 5, 456.76, 3906997, 458, 0, 0
12679, 427, 12, 69, 0, 0, 13.52%, 0, 0, 5, 413.18, 3909115, 458, 0, 0
12684, 427, 7, 69, 0, 0, 13.52%, 0, 0, 5, 449.96, 3911431, 458, 0, 0
12690, 427, 68, 69, 0, 0, 13.52%, 0, 0, 5, 32.97, 3913607, 458, 0, 0
12695, 427, 51, 69, 0, 0, 13.52%, 0, 0, 5, 466.37, 3915441, 458, 0, 0
12700, 428, 7, 69, 0, 0, 13.52%, 0, 0, 5, 32.85, 3917437, 458, 0, 0
12705, 428, 36, 69, 0, 0, 13.52%, 0, 0, 5, 464.56, 3919652, 458, 0, 0
12710, 428, 44, 69, 0, 0, 13.52%, 0, 0, 5, 461.87, 3922033, 458, 0, 0
12715, 428, 68, 69, 0, 0, 13.52%, 0, 0, 5, 458.89, 3924387, 458, 0, 0
12721, 429, 12, 69, 0, 0, 13.52%, 0, 0, 5, 375.86, 3926220, 458, 0, 0
12726, 429, 68, 69, 0, 0, 13.52%, 0, 0, 5, 448.53, 3928579, 458, 0, 0
12731, 429, 20, 69, 0, 0, 13.52%, 0, 0, 5, 455.65, 3930924, 458, 0, 0
12736, 429, 44, 69, 0, 0, 13.52%, 0, 0, 5, 396.63, 3932713, 458, 0, 0
12741, 430, 20, 69, 0, 0, 13.52%, 0, 0, 5, 446.84, 3935023, 458, 0, 0
12746, 430, 68, 69, 0, 0, 13.52%, 0, 0, 5, 459.22, 3937386, 458, 0, 0
12751, 430, 13, 69, 0, 0, 13.52%, 0, 0, 5, 463.31, 3939188, 458, 0, 0
12756, 430, 15, 69, 0, 0, 13.52%, 0, 0, 5, 462.74, 3941561, 458, 0, 0
12762, 431, 15, 69, 0, 0, 13.52%, 0, 0, 5, 461.69, 3943924, 458, 0, 0
12767, 431, 38, 69, 0, 0, 13.52%, 0, 0, 5, 463.43, 3945724, 458, 0, 0
12772, 431, 1, 69, 0, 0, 13.52%, 0, 0, 5, 464.00, 3948097, 458, 0, 0
12777, 431, 68, 69, 0, 0, 13.52%, 0, 0, 5, 453.19, 3950332, 458, 0, 0
12782, 432, 20, 69, 0, 0, 13.52%, 0, 0, 5, 392.69, 3952142, 458, 0, 0
12787, 432, 51, 69, 0, 0, 13.52%, 0, 0, 5, 445.29, 3954471, 458, 0, 0
12792, 432, 12, 69, 0, 0, 13.52%, 0, 0, 5, 40.97, 3956380, 458, 0, 0
12797, 432, 44, 69, 0, 0, 13.52%, 0, 0, 5, 423.53, 3958659, 458, 0, 0
12802, 433, 51, 69, 0, 0, 13.52%, 0, 0, 5, 453.54, 3960979, 458, 0, 0
12808, 433, 21, 69, 0, 0, 13.52%, 0, 0, 5, 449.82, 3962739, 458, 0, 0
12813, 433, 44, 69, 0, 0, 13.52%, 0, 0, 5, 459.27, 3965106, 458, 0, 0
12818, 433, 51, 69, 0, 0, 13.52%, 0, 0, 5, 462.61, 3967478, 458, 0, 0
12823, 433, 68, 69, 0, 0, 13.52%, 0, 0, 5, 416.15, 3969199, 458, 0, 0
12828, 434, 20, 69, 0, 0, 13.52%, 0, 0, 5, 456.87, 3971561, 458, 0, 0
12833, 434, 56, 69, 0, 0, 13.52%, 0, 0, 5, 33.22, 3973707, 458, 0, 0
12838, 434, 20, 69, 0, 0, 13.52%, 0, 0, 5, 458.79, 3975670, 458, 0, 0
12843, 434, 17, 69, 0, 0, 13.52%, 0, 0, 5, 461.42, 3978024, 458, 0, 0
12848, 435, 68, 69, 0, 0, 13.52%, 0, 0, 5, 269.31, 3979783, 458, 0, 0
12853, 435, 7, 69, 0, 0, 13.52%, 0, 0, 5, 422.64, 3982139, 458, 0, 0
12858, 435, 12, 69, 0, 0, 13.52%, 0, 0, 5, 453.23, 3984452, 458, 0, 0
12863, 435, 9, 69, 0, 0, 13.52%, 0, 0, 5, 444.52, 3986188, 458, 0, 0
12869, 436, 38, 69, 0, 0, 13.52%, 0, 0, 5, 436.70, 3988367, 458, 0, 0
12874, 436, 24, 69, 0, 0, 13.52%, 0, 0, 5, 472.22, 3990088, 458, 0, 0
12879, 436, 15, 69, 0, 0, 13.52%, 0, 0, 5, 466.26, 3992424, 458, 0, 0
12884, 436, 51, 69, 0, 0, 13.52%, 0, 0, 5, 463.42, 3994769, 458, 0, 0
12889, 436, 57, 69, 0, 0, 13.52%, 0, 0, 5, 464.22, 3996579, 458, 0, 0
12894, 437, 20, 69, 0, 0, 13.52%, 0, 0, 5, 455.27, 3998906, 458, 0, 0
12899, 437, 68, 69, 0, 0, 13.52%, 0, 0, 5, 447.06, 4000888, 458, 0, 0
12904, 437, 12, 69, 0, 0, 13.52%, 0, 0, 5, 427.10, 4003099, 458, 0, 0
12909, 437, 9, 69, 0, 0, 13.52%, 0, 0, 5, 473.83, 4005206, 458, 0, 0
12914, 438, 20, 69, 0, 0, 13.52%, 0, 0, 5, 460.09, 4007179, 458, 0, 0
12919, 438, 47, 69, 0, 0, 13.52%, 0, 0, 5, 428.35, 4009399, 458, 0, 0
12925, 438, 68, 69, 0, 0, 13.52%, 0, 0, 5, 461.25, 4011449, 458, 0, 0
12930, 438, 68, 69, 0, 0, 13.52%, 0, 0, 5, 442.02, 4013483, 458, 0, 0
12935, 438, 68, 69, 0, 0, 13.52%, 0, 0, 5, 432.70, 4015660, 458, 0, 0
12940, 439, 68, 69, 0, 0, 13.52%, 0, 0, 5, 437.53, 4017799, 458, 0, 0
12945, 439, 58, 69, 0, 0, 13.52%, 0, 0, 5, 425.51, 4019891, 458, 0, 0
12950, 439, 17, 69, 0, 0, 13.52%, 0, 0, 5, 34.78, 4021923, 458, 0, 0
12955, 439, 51, 69, 0, 0, 13.52%, 0, 0, 5, 469.23, 4024132, 458, 0, 0
12960, 440, 1, 69, 0, 0, 13.52%, 0, 0, 5, 467.45, 4026197, 458, 0, 0
12966, 440, 7, 69, 0, 0, 13.52%, 0, 0, 5, 446.02, 4028315, 458, 0, 0
12971, 440, 2, 69, 0, 0, 13.52%, 0, 0, 5, 448.02, 4030552, 458, 0, 0
12976, 440, 1, 69, 0, 0, 13.52%, 0, 0, 5, 472.70, 4032779, 458, 0, 0
12981, 441, 51, 69, 0, 0, 13.52%, 0, 0, 5, 441.15, 4034879, 458, 0, 0
12986, 441, 51, 69, 0, 0, 13.52%, 0, 0, 5, 271.36, 4036958, 458, 0, 0
12992, 441, 20, 69, 0, 0, 13.52%, 0, 0, 5, 409.35, 4039175, 458, 0, 0
12997, 441, 9, 69, 0, 0, 13.52%, 0, 0, 5, 402.75, 4041199, 458, 0, 0
13002, 441, 68, 69, 0, 0, 13.52%, 0, 0, 5, 400.23, 4043269, 458, 0, 0
13007, 442, 68, 69, 0, 0, 13.52%, 0, 0, 5, 460.40, 4045384, 458, 0, 0
13012, 442, 1, 69, 0, 0, 13.52%, 0, 0, 5, 32.86, 4046545, 458, 0, 0
13017, 442, 24, 69, 0, 0, 13.52%, 0, 0, 5, 369.78, 4047992, 458, 0, 0
13022, 442, 68, 69, 0, 0, 13.52%, 0, 0, 5, 318.16, 4049369, 458, 0, 0
13027, 442, 24, 69, 0, 0, 13.52%, 0, 0, 5, 33.17, 4050988, 458, 0, 0
13032, 442, 61, 69, 0, 0, 13.52%, 0, 0, 5, 458.53, 4052952, 458, 0, 0
13038, 442, 9, 69, 0, 0, 13.52%, 0, 0, 5, 393.34, 4054234, 458, 0, 0
13043, 443, 68, 69, 0, 0, 13.52%, 0, 0, 5, 375.86, 4055551, 458, 0, 0
13048, 443, 56, 69, 0, 0, 13.52%, 0, 0, 5, 33.01, 4056830, 458, 0, 0
13053, 443, 44, 69, 0, 0, 13.52%, 0, 0, 5, 32.71, 4058567, 458, 0, 0
13058, 443, 57, 69, 0, 0, 13.52%, 0, 0, 5, 374.82, 4060234, 458, 0, 0
13063, 443, 44, 69, 0, 0, 13.52%, 0, 0, 5, 462.23, 4061479, 458, 0, 0
13068, 443, 1, 69, 0, 0, 13.52%, 0, 0, 5, 469.23, 4062679, 458, 0, 0
13074, 444, 6, 69, 0, 0, 13.52%, 0, 0, 5, 398.87, 4063892, 458, 0, 0
13079, 444, 53, 69, 0, 0, 13.52%, 0, 0, 5, 33.49, 4065016, 458, 0, 0
13084, 444, 68, 69, 0, 0, 13.52%, 0, 0, 5, 32.29, 4066469, 458, 0, 0
13089, 444, 3, 69, 0, 0, 13.52%, 0, 0, 5, 33.03, 4068020, 458, 0, 0
13094, 444, 15, 69, 0, 0, 13.52%, 0, 0, 5, 447.83, 4069443, 458, 0, 0
13099, 444, 51, 69, 0, 0, 13.52%, 0, 0, 5, 364.50, 4070539, 458, 0, 0
13104, 444, 61, 69, 0, 0, 13.52%, 0, 0, 5, 314.42, 4071485, 458, 0, 0
13109, 445, 63, 69, 0, 0, 13.52%, 0, 0, 5, 462.69, 4072548, 458, 0, 0
13114, 445, 53, 69, 0, 0, 13.52%, 0, 0, 5, 33.18, 4073869, 458, 0, 0
13119, 445, 15, 69, 0, 0, 13.52%, 0, 0, 5, 33.17, 4075234, 458, 0, 0
13124, 445, 21, 69, 0, 0, 13.52%, 0, 0, 5, 33.33, 4076631, 458, 0, 0
13129, 445, 21, 69, 0, 0, 13.52%, 0, 0, 5, 465.48, 4077724, 458, 0, 0
13134, 445, 51, 69, 0, 0, 13.52%, 0, 0, 5, 464.30, 4078770, 458, 0, 0
13140, 445, 9, 69, 0, 0, 13.52%, 0, 0, 5, 469.77, 4079688, 458, 0, 0
13145, 445, 53, 69, 0, 0, 13.52%, 0, 0, 5, 32.76, 4080735, 458, 0, 0
13150, 446, 68, 69, 0, 0, 13.52%, 0, 0, 5, 32.80, 4082060, 458, 0, 0
13155, 446, 32, 69, 0, 0, 13.52%, 0, 0, 5, 80.49, 4083360, 458, 0, 0
13160, 446, 53, 69, 0, 0, 13.52%, 0, 0, 5, 77.24, 4084661, 458, 0, 0
13165, 446, 2, 69, 0, 0, 13.52%, 0, 0, 5, 462.56, 4085579, 458, 0, 0
13170, 446, 51, 69, 0, 0, 13.52%, 0, 0, 5, 323.08, 4086645, 458, 0, 0
13175, 446, 68, 69, 0, 0, 13.52%, 0, 0, 5, 482.41, 4087539, 458, 0, 0
13180, 446, 44, 69, 0, 0, 13.52%, 0, 0, 5, 33.34, 4088524, 458, 0, 0
13185, 446, 51, 69, 0, 0, 13.52%, 0, 0, 5, 33.24, 4089776, 458, 0, 0
13191, 446, 1, 69, 0, 0, 13.52%, 0, 0, 5, 32.93, 4090994, 458, 0, 0
13196, 447, 51, 69, 0, 0, 13.52%, 0, 0, 5, 32.03, 4092210, 458, 0, 0
13201, 447, 7, 69, 0, 0, 13.52%, 0, 0, 5, 475.66, 4093315, 458, 0, 0
13206, 447, 68, 69, 0, 0, 13.52%, 0, 0, 5, 324.45, 4094241, 458, 0, 0
13211, 447, 34, 69, 0, 0, 13.52%, 0, 0, 5, 385.92, 4095027, 458, 0, 0
13216, 447, 20, 69, 0, 0, 13.52%, 0, 0, 5, 220.00, 4095974, 458, 0, 0
13221, 447, 44, 69, 0, 0, 13.52%, 0, 0, 5, 33.15, 4097062, 458, 0, 0
13226, 447, 18, 69, 0, 0, 13.52%, 0, 0, 5, 33.09, 4098235, 458, 0, 0
13231, 447, 17, 69, 0, 0, 13.52%, 0, 0, 5, 32.87, 4099455, 458, 0, 0
13236, 447, 68, 69, 0, 0, 13.52%, 0, 0, 5, 464.11, 4100739, 458, 0, 0
13242, 448, 20, 69, 0, 0, 13.52%, 0, 0, 5, 470.60, 4101461, 458, 0, 0
13247, 448, 68, 69, 0, 0, 13.52%, 0, 0, 5, 37.01, 4102182, 458, 0, 0
13252, 448, 5, 69, 0, 0, 13.52%, 0, 0, 5, 33.21, 4103462, 458, 0, 0
13257, 448, 68, 69, 0, 0, 13.52%, 0, 0, 5, 32.94, 4104665, 458, 0, 0
13262, 448, 35, 69, 0, 0, 13.52%, 0, 0, 5, 401.70, 4105792, 458, 0, 0
13267, 448, 44, 69, 0, 0, 13.52%, 0, 0, 5, 476.09, 4106379, 458, 0, 0
13272, 448, 21, 69, 0, 0, 13.52%, 0, 0, 5, 32.92, 4107333, 458, 0, 0
13277, 448, 68, 69, 0, 0, 13.52%, 0, 0, 5, 33.06, 4108565, 458, 0, 0
13282, 449, 9, 69, 0, 0, 13.52%, 0, 0, 5, 33.22, 4109838, 458, 0, 0
13287, 449, 15, 69, 0, 0, 13.52%, 0, 0, 5, 423.72, 4110715, 458, 0, 0
13292, 449, 9, 69, 0, 0, 13.52%, 0, 0, 5, 460.36, 4111388, 458, 0, 0
13298, 449, 68, 69, 0, 0, 13.52%, 0, 0, 5, 33.10, 4112447, 458, 0, 0
13303, 449, 44, 69, 0, 0, 13.52%, 0, 0, 5, 31.48, 4113679, 458, 0, 0
13308, 449, 68, 69, 0, 0, 13.52%, 0, 0, 5, 314.00, 4114749, 458, 0, 0
13313, 449, 24, 69, 0, 0, 13.52%, 0, 0, 5, 460.92, 4115379, 458, 0, 0
13318, 449, 7, 69, 0, 0, 13.52%, 0, 0, 5, 32.94, 4116321, 458, 0, 0
13323, 449, 9, 69, 0, 0, 13.52%, 0, 0, 5, 33.11, 4117527, 458, 0, 0
13328, 449, 12, 69, 0, 0, 13.52%, 0, 0, 5, 32.37, 4118742, 458, 0, 0
13333, 450, 1, 69, 0, 0, 13.52%, 0, 0, 5, 372.70, 4119585, 458, 0, 0
13338, 450, 24, 69, 0, 0, 13.52%, 0, 0, 5, 465.00, 4120226, 458, 0, 0
13343, 450, 9, 69, 0, 0, 13.52%, 0, 0, 5, 33.43, 4121352, 458, 0, 0
13349, 450, 68, 69, 0, 0, 13.52%, 0, 0, 5, 32.01, 4122600, 458, 0, 0
13354, 450, 21, 69, 0, 0, 13.52%, 0, 0, 5, 464.61, 4123606, 458, 0, 0
13359, 450, 51, 69, 0, 0, 13.52%, 0, 0, 5, 455.10, 4124306, 458, 0, 0
13364, 450, 17, 69, 0, 0, 13.52%, 0, 0, 5, 33.13, 4125109, 458, 0, 0
13369, 450, 24, 69, 0, 0, 13.52%, 0, 0, 5, 32.81, 4126282, 458, 0, 0
13374, 450, 24, 69, 0, 0, 13.52%, 0, 0, 5, 33.11, 4127441, 458, 0, 0
13380, 451, 68, 69, 0, 0, 13.52%, 0, 0, 5, 32.44, 4128622, 458, 0, 0
13385, 451, 68, 69, 0, 0, 13.52%, 0, 0, 5, 479.14, 4129551, 458, 0, 0
13390, 451, 44, 69, 0, 0, 13.52%, 0, 0, 5, 345.49, 4130339, 458, 0, 0
13395, 451, 7, 69, 0, 0, 13.52%, 0, 0, 5, 32.65, 4131002, 458, 0, 0
13400, 451, 7, 69, 0, 0, 13.52%, 0, 0, 5, 32.55, 4132083, 458, 0, 0
13405, 451, 28, 69, 0, 0, 13.52%, 0, 0, 5, 33.03, 4133225, 458, 0, 0
13410, 451, 19, 69, 0, 0, 13.52%, 0, 0, 5, 44.18, 4134318, 458, 0, 0
13415, 451, 7, 69, 0, 0, 13.52%, 0, 0, 5, 458.26, 4135488, 458, 0, 0
13420, 451, 63, 69, 0, 0, 13.52%, 0, 0, 5, 424.36, 4136283, 458, 0, 0
13425, 451, 68, 69, 0, 0, 13.52%, 0, 0, 5, 371.50, 4137078, 458, 0, 0
13430, 452, 12, 69, 0, 0, 13.52%, 0, 0, 5, 33.75, 4137882, 458, 0, 0
13436, 452, 7, 69, 0, 0, 13.52%, 0, 0, 5, 32.78, 4139019, 458, 0, 0
13441, 452, 68, 69, 0, 0, 13.52%, 0, 0, 5, 32.97, 4140176, 458, 0, 0
13446, 452, 38, 69, 0, 0, 13.52%, 0, 0, 5, 32.96, 4141299, 458, 0, 0
13451, 452, 57, 69, 0, 0, 13.52%, 0, 0, 5, 388.68, 4142413, 458, 0, 0
13456, 452, 1, 69, 0, 0, 13.52%, 0, 0, 5, 444.41, 4143215, 458, 0, 0
13461, 452, 1, 69, 0, 0, 13.52%, 0, 0, 5, 479.76, 4144079, 458, 0, 0
13466, 452, 65, 69, 0, 0, 13.52%, 0, 0, 5, 32.90, 4144847, 458, 0, 0
13471, 452, 68, 69, 0, 0, 13.52%, 0, 0, 5, 33.25, 4146076, 458, 0, 0
13476, 453, 7, 69, 0, 0, 13.52%, 0, 0, 5, 37.34, 4147288, 458, 0, 0
13482, 453, 51, 69, 0, 0, 13.52%, 0, 0, 5, 452.10, 4147906, 458, 0, 0
13487, 453, 53, 69, 0, 0, 13.52%, 0, 0, 5, 33.18, 4148704, 458, 0, 0
13492, 453, 7, 69, 0, 0, 13.52%, 0, 0, 5, 33.43, 4149932, 458, 0, 0
13497, 453, 44, 69, 0, 0, 13.52%, 0, 0, 5, 32.89, 4151134, 458, 0, 0
13502, 453, 12, 69, 0, 0, 13.52%, 0, 0, 5, 303.90, 4152038, 458, 0, 0
13507, 453, 25, 69, 0, 0, 13.52%, 0, 0, 5, 343.28, 4152603, 458, 0, 0
13512, 453, 68, 69, 0, 0, 13.52%, 0, 0, 5, 32.91, 4153746, 458, 0, 0
13517, 453, 44, 69, 0, 0, 13.52%, 0, 0, 5, 33.26, 4154970, 458, 0, 0
13522, 454, 21, 69, 0, 0, 13.52%, 0, 0, 5, 47.14, 4156171, 458, 0, 0
13527, 454, 68, 69, 0, 0, 13.52%, 0, 0, 5, 418.62, 4156875, 458, 0, 0
13533, 454, 1, 69, 0, 0, 13.52%, 0, 0, 5, 32.86, 4157570, 458, 0, 0
13538, 454, 44, 69, 0, 0, 13.52%, 0, 0, 5, 32.94, 4158748, 458, 0, 0
13543, 454, 15, 69, 0, 0, 13.52%, 0, 0, 5, 32.91, 4159989, 458, 0, 0
13548, 454, 17, 69, 0, 0, 13.52%, 0, 0, 5, 458.41, 4160970, 458, 0, 0
13553, 454, 9, 69, 0, 0, 13.52%, 0, 0, 5, 463.35, 4161633, 458, 0, 0
13558, 454, 9, 69, 0, 0, 13.52%, 0, 0, 5, 44.06, 4162559, 458, 0, 0
13563, 454, 68, 69, 0, 0, 13.52%, 0, 0, 5, 32.70, 4163741, 458, 0, 0
13568, 455, 43, 69, 0, 0, 13.52%, 0, 0, 5, 33.27, 4164892, 458, 0, 0
13573, 455, 68, 69, 0, 0, 13.52%, 0, 0, 5, 414.26, 4166019, 458, 0, 0
13578, 455, 15, 69, 0, 0, 13.52%, 0, 0, 5, 295.31, 4166578, 458, 0, 0
13584, 455, 7, 69, 0, 0, 13.52%, 0, 0, 5, 32.91, 4167455, 458, 0, 0
13589, 455, 7, 69, 0, 0, 13.52%, 0, 0, 5, 33.24, 4168612, 458, 0, 0
13594, 455, 65, 69, 0, 0, 13.52%, 0, 0, 5, 32.86, 4169787, 458, 0, 0
13599, 455, 51, 69, 0, 0, 13.52%, 0, 0, 5, 373.89, 4170955, 458, 0, 0
13604, 455, 51, 69, 0, 0, 13.52%, 0, 0, 5, 389.82, 4171820, 458, 0, 0
13609, 455, 51, 69, 0, 0, 13.52%, 0, 0, 5, 316.83, 4172579, 458, 0, 0
13614, 455, 24, 69, 0, 0, 13.52%, 0, 0, 5, 32.73, 4173404, 458, 0, 0
13619, 456, 9, 69, 0, 0, 13.52%, 0, 0, 5, 32.70, 4174552, 458, 0, 0
13625, 456, 21, 69, 0, 0, 13.52%, 0, 0, 5, 32.94, 4175723, 458, 0, 0
13630, 456, 68, 69, 0, 0, 13.52%, 0, 0, 5, 33.11, 4176827, 458, 0, 0
13635, 456, 68, 69, 0, 0, 13.52%, 0, 0, 5, 471.44, 4177921, 458, 0, 0
13640, 456, 7, 69, 0, 0, 13.52%, 0, 0, 5, 464.74, 4178706, 458, 0, 0
13645, 456, 20, 69, 0, 0, 13.52%, 0, 0, 5, 197.86, 4179424, 458, 0, 0
13650, 456, 68, 69, 0, 0, 13.52%, 0, 0, 5, 33.04, 4180459, 458, 0, 0
13655, 456, 51, 69, 0, 0, 13.52%, 0, 0, 5, 32.98, 4181602, 458, 0, 0
13660, 456, 7, 69, 0, 0, 13.52%, 0, 0, 5, 32.67, 4182735, 458, 0, 0
13666, 456, 68, 69, 0, 0, 13.52%, 0, 0, 5, 32.99, 4183900, 458, 0, 0
13671, 457, 68, 69, 0, 0, 13.52%, 0, 0, 5, 468.28, 4184915, 458, 0, 0
13676, 457, 57, 69, 0, 0, 13.52%, 0, 0, 5, 427.71, 4185691, 458, 0, 0
13681, 457, 15, 69, 0, 0, 13.52%, 0, 0, 5, 446.42, 4186451, 458, 0, 0
13686, 457, 51, 69, 0, 0, 13.52%, 0, 0, 5, 32.88, 4187442, 458, 0, 0
13691, 457, 15, 69, 0, 0, 13.52%, 0, 0, 5, 31.21, 4188766, 458, 0, 0
13696, 457, 2, 69, 0, 0, 13.52%, 0, 0, 5, 469.38, 4189961, 458, 0, 0
13701, 457, 68, 69, 0, 0, 13.52%, 0, 0, 5, 285.74, 4190458, 458, 0, 0
13706, 457, 44, 69, 0, 0, 13.52%, 0, 0, 5, 32.98, 4191519, 458, 0, 0
13711, 457, 9, 69, 0, 0, 13.52%, 0, 0, 5, 32.41, 4192745, 458, 0, 0
13716, 457, 44, 69, 0, 0, 13.52%, 0, 0, 5, 388.50, 4193951, 458, 0, 0
13721, 457, 68, 69, 0, 0, 13.52%, 0, 0, 5, 413.33, 4194635, 458, 0, 0
13726, 458, 68, 69, 0, 0, 13.52%, 0, 0, 5, 44.17, 4195351, 458, 0, 0
13732, 458, 15, 69, 0, 0, 13.52%, 0, 0, 5, 33.04, 4196549, 458, 0, 0
13737, 458, 21, 69, 0, 0, 13.52%, 0, 0, 5, 30.67, 4197685, 458, 0, 0
13742, 458, 2, 69, 0, 0, 13.52%, 0, 0, 5, 462.69, 4198688, 458, 0, 0
13747, 458, 12, 69, 0, 0, 13.52%, 0, 0, 5, 463.30, 4199252, 458, 0, 0
13752, 458, 12, 69, 0, 0, 13.52%, 0, 0, 5, 47.88, 4200259, 458, 0, 0
13757, 458, 7, 69, 0, 0, 13.52%, 0, 0, 5, 33.09, 4201440, 458, 0, 0
13762, 458, 12, 69, 0, 0, 13.52%, 0, 0, 5, 32.38, 4202677, 458, 0, 0
13767, 458, 23, 69, 0, 0, 13.52%, 0, 0, 5, 324.39, 4203509, 458, 0, 0
13772, 458, 68, 69, 0, 0, 13.52%, 0, 0, 5, 259.16, 4204211, 458, 0, 0
13777, 458, 38, 69, 0, 0, 13.52%, 0, 0, 5, 33.02, 4205140, 458, 0, 0
13783, 459, 9, 69, 0, 0, 13.52%, 0, 0, 5, 32.37, 4206298, 458, 0, 0
13788, 459, 20, 69, 0, 0, 13.52%, 0, 0, 5, 50.99, 4207492, 458, 0, 0
13793, 459, 1, 69, 0, 0, 13.52%, 0, 0, 5, 307.01, 4208388, 458, 0, 0
13798, 459, 68, 69, 0, 0, 13.52%, 0, 0, 5, 472.64, 4208946, 458, 0, 0
13803, 459, 9, 69, 0, 0, 13.52%, 0, 0, 5, 33.11, 4210054, 458, 0, 0
13808, 459, 68, 69, 0, 0, 13.52%, 0, 0, 5, 35.64, 4211230, 458, 0, 0
13813, 459, 68, 69, 0, 0, 13.52%, 0, 0, 5, 39.31, 4212387, 458, 0, 0
13818, 459, 68, 69, 0, 0, 13.52%, 0, 0, 5, 351.66, 4213227, 458, 0, 0
13823, 459, 1, 69, 0, 0, 13.52%, 0, 0, 5, 397.02, 4213950, 458, 0, 0
13829, 460, 38, 69, 0, 0, 13.52%, 0, 0, 5, 32.35, 4214836, 458, 0, 0
13834, 460, 15, 69, 0, 0, 13.52%, 0, 0, 5, 33.32, 4215927, 458, 0, 0
13839, 460, 7, 69, 0, 0, 13.52%, 0, 0, 5, 32.94, 4217020, 458, 0, 0
13844, 460, 19, 69, 0, 0, 13.52%, 0, 0, 5, 33.06, 4218131, 458, 0, 0
13849, 460, 38, 69, 0, 0, 13.52%, 0, 0, 5, 463.37, 4219024, 458, 0, 0
13854, 460, 15, 69, 0, 0, 13.52%, 0, 0, 5, 469.98, 4219715, 458, 0, 0
13859, 460, 15, 69, 0, 0, 13.52%, 0, 0, 5, 40.94, 4220538, 458, 0, 0
13864, 460, 56, 69, 0, 0, 13.52%, 0, 0, 5, 32.86, 4221694, 458, 0, 0
13869, 461, 51, 69, 0, 0, 13.52%, 0, 0, 5, 33.27, 4222859, 458, 0, 0
13874, 461, 3, 69, 0, 0, 13.52%, 0, 0, 5, 33.51, 4223920, 458, 0, 0
13880, 461, 15, 69, 0, 0, 13.52%, 0, 0, 5, 463.11, 4224915, 458, 0, 0
13885, 461, 51, 69, 0, 0, 13.52%, 0, 0, 5, 467.46, 4225642, 458, 0, 0
13890, 461, 68, 69, 0, 0, 13.52%, 0, 0, 5, 390.00, 4226342, 458, 0, 0
13895, 461, 68, 69, 0, 0, 13.52%, 0, 0, 5, 33.29, 4227358, 458, 0, 0
13900, 461, 1, 69, 0, 0, 13.52%, 0, 0, 5, 33.57, 4228505, 458, 0, 0
13905, 461, 44, 69, 0, 0, 13.52%, 0, 0, 5, 32.66, 4229599, 458, 0, 0
13910, 461, 35, 69, 0, 0, 13.52%, 0, 0, 5, 77.29, 4230758, 458, 0, 0
13915, 461, 44, 69, 0, 0, 13.52%, 0, 0, 5, 357.40, 4231585, 458, 0, 0
13920, 462, 7, 69, 0, 0, 13.52%, 0, 0, 5, 188.95, 4232100, 458, 0, 0
13925, 462, 7, 69, 0, 0, 13.52%, 0, 0, 5, 414.39, 4234539, 458, 0, 0
13931, 462, 68, 69, 0, 0, 13.52%, 0, 0, 5, 456.94, 4236887, 458, 0, 0
13936, 462, 6, 69, 0, 0, 13.52%, 0, 0, 5, 452.30, 4239233, 458, 0, 0
13941, 462, 68, 69, 0, 0, 13.52%, 0, 0, 5, 417.25, 4241347, 458, 0, 0
13946, 463, 58, 69, 0, 0, 13.52%, 0, 0, 5, 420.40, 4243391, 458, 0, 0
13951, 463, 9, 69, 0, 0, 13.52%, 0, 0, 5, 431.43, 4245583, 458, 0, 0
13956, 463, 21, 69, 0, 0, 13.52%, 0, 0, 5, 432.92, 4247783, 458, 0, 0
13961, 463, 68, 69, 0, 0, 13.52%, 0, 0, 5, 430.44, 4249947, 458, 0, 0
13966, 464, 2, 69, 0, 0, 13.52%, 0, 0, 5, 377.47, 4251850, 458, 0, 0
13971, 464, 68, 69, 0, 0, 13.52%, 0, 0, 5, 410.34, 4253899, 458, 0, 0
13976, 464, 46, 69, 0, 0, 13.52%, 0, 0, 5, 433.16, 4256123, 458, 0, 0
13981, 464, 23, 69, 0, 0, 13.52%, 0, 0, 5, 434.22, 4258307, 458, 0, 0
13986, 465, 15, 69, 0, 0, 13.52%, 0, 0, 5, 434.63, 4260559, 458, 0, 0
13991, 465, 68, 69, 0, 0, 13.52%, 0, 0, 5, 381.74, 4262492, 458, 0, 0
13996, 465, 44, 69, 0, 0, 13.52%, 0, 0, 5, 413.88, 4264551, 458, 0, 0
14001, 465, 23, 69, 0, 0, 13.52%, 0, 0, 5, 441.98, 4266859, 458, 0, 0
14007, 466, 28, 69, 0, 0, 13.52%, 0, 0, 5, 450.58, 4269179, 458, 0, 0
14012, 466, 15, 69, 0, 0, 13.52%, 0, 0, 5, 452.64, 4271533, 458, 0, 0
14017, 466, 68, 69, 0, 0, 13.52%, 0, 0, 5, 435.85, 4273707, 458, 0, 0
14022, 466, 17, 69, 0, 0, 13.52%, 0, 0, 5, 451.03, 4276061, 458, 0, 0
14027, 467, 9, 69, 0, 0, 13.52%, 0, 0, 5, 453.36, 4278406, 458, 0, 0
14032, 467, 68, 69, 0, 0, 13.52%, 0, 0, 5, 453.57, 4280723, 458, 0, 0
14037, 467, 68, 69, 0, 0, 13.52%, 0, 0, 5, 432.24, 4282831, 458, 0, 0
14043, 467, 2, 69, 0, 0, 13.52%, 0, 0, 5, 447.65, 4285175, 458, 0, 0
14048, 467, 20, 69, 0, 0, 13.52%, 0, 0, 5, 454.70, 4287543, 458, 0, 0
14053, 468, 7, 69, 0, 0, 13.52%, 0, 0, 5, 456.55, 4289924, 458, 0, 0
14058, 468, 68, 69, 0, 0, 13.52%, 0, 0, 5, 434.74, 4292131, 458, 0, 0
14063, 468, 7, 69, 0, 0, 13.52%, 0, 0, 5, 450.66, 4294461, 458, 0, 0
14068, 468, 68, 69, 0, 0, 13.52%, 0, 0, 5, 456.78, 4296785, 458, 0, 0
14074, 469, 68, 69, 0, 0, 13.52%, 0, 0, 5, 456.37, 4299160, 458, 0, 0
14079, 469, 68, 69, 0, 0, 13.52%, 0, 0, 5, 428.86, 4301279, 458, 0, 0
14084, 469, 44, 69, 0, 0, 13.52%, 0, 0, 5, 453.01, 4303670, 458, 0, 0
14089, 469, 23, 69, 0, 0, 13.52%, 0, 0, 5, 454.75, 4306024, 458, 0, 0
14094, 470, 20, 69, 0, 0, 13.52%, 0, 0, 5, 459.08, 4308352, 458, 0, 0
14099, 470, 68, 69, 0, 0, 13.52%, 0, 0, 5, 425.39, 4310559, 458, 0, 0
14104, 470, 44, 69, 0, 0, 13.52%, 0, 0, 5, 449.85, 4312915, 458, 0, 0
14109, 470, 68, 69, 0, 0, 13.52%, 0, 0, 5, 454.00, 4315205, 458, 0, 0
14115, 471, 66, 69, 0, 0, 13.52%, 0, 0, 5, 454.41, 4317570, 458, 0, 0
14120, 471, 33, 69, 0, 0, 13.52%, 0, 0, 5, 416.50, 4319739, 458, 0, 0
14125, 471, 1, 69, 0, 0, 13.52%, 0, 0, 5, 448.15, 4322031, 458, 0, 0
14130, 471, 1, 69, 0, 0, 13.52%, 0, 0, 5, 454.10, 4324406, 458, 0, 0
14135, 472, 51, 69, 0, 0, 13.52%, 0, 0, 5, 454.04, 4326751, 458, 0, 0
14140, 472, 51, 69, 0, 0, 13.52%, 0, 0, 5, 411.38, 4328923, 458, 0, 0
14145, 472, 7, 69, 0, 0, 13.52%, 0, 0, 5, 451.00, 4331233, 458, 0, 0
14150, 472, 17, 69, 0, 0, 13.52%, 0, 0, 5, 454.74, 4333524, 458, 0, 0
14156, 473, 68, 69, 0, 0, 13.52%, 0, 0, 5, 457.34, 4335896, 458, 0, 0
14161, 473, 57, 69, 0, 0, 13.52%, 0, 0, 5, 440.67, 4338152, 458, 0, 0
14166, 473, 9, 69, 0, 0, 13.52%, 0, 0, 5, 446.37, 4340415, 458, 0, 0
14171, 473, 68, 69, 0, 0, 13.52%, 0, 0, 5, 451.85, 4342749, 458, 0, 0
14176, 474, 9, 69, 0, 0, 13.52%, 0, 0, 5, 459.00, 4345124, 458, 0, 0
14181, 474, 44, 69, 0, 0, 13.52%, 0, 0, 5, 456.16, 4347415, 458, 0, 0
14186, 474, 44, 69, 0, 0, 13.52%, 0, 0, 5, 445.87, 4349575, 458, 0, 0
14191, 474, 51, 69, 0, 0, 13.52%, 0, 0, 5, 452.89, 4351924, 458, 0, 0
14196, 475, 1, 69, 0, 0, 13.52%, 0, 0, 5, 455.19, 4354206, 458, 0, 0
14201, 475, 44, 69, 0, 0, 13.52%, 0, 0, 5, 460.00, 4356175, 458, 0, 0
14206, 475, 9, 69, 0, 0, 13.52%, 0, 0, 5, 453.53, 4358324, 458, 0, 0
14212, 475, 30, 69, 0, 0, 13.52%, 0, 0, 5, 449.86, 4360531, 458, 0, 0
14217, 476, 23, 69, 0, 0, 13.52%, 0, 0, 5, 466.26, 4362770, 458, 0, 0
14222, 476, 15, 69, 0, 0, 13.52%, 0, 0, 5, 460.46, 4364842, 458, 0, 0
14227, 476, 1, 69, 0, 0, 13.52%, 0, 0, 5, 457.99, 4366997, 458, 0, 0
14232, 476, 51, 69, 0, 0, 13.52%, 0, 0, 5, 32.86, 4369103, 458, 0, 0
14237, 477, 12, 69, 0, 0, 13.52%, 0, 0, 5, 464.48, 4371270, 458, 0, 0
14242, 477, 57, 69, 0, 0, 13.52%, 0, 0, 5, 436.44, 4373439, 458, 0, 0
14248, 477, 51, 69, 0, 0, 13.52%, 0, 0, 5, 429.11, 4375659, 458, 0, 0
14253, 477, 68, 69, 0, 0, 13.52%, 0, 0, 5, 466.21, 4377832, 458, 0, 0
14258, 477, 23, 69, 0, 0, 13.52%, 0, 0, 5, 442.57, 4380039, 458, 0, 0
14263, 478, 24, 69, 0, 0, 13.52%, 0, 0, 5, 435.38, 4382115, 458, 0, 0
14268, 478, 44, 69, 0, 0, 13.52%, 0, 0, 5, 446.07, 4384291, 458, 0, 0
14273, 478, 68, 69, 0, 0, 13.52%, 0, 0, 5, 462.98, 4386396, 458, 0, 0
14278, 478, 24, 69, 0, 0, 13.52%, 0, 0, 5, 462.30, 4388442, 458, 0, 0
14283, 479, 2, 69, 0, 0, 13.52%, 0, 0, 5, 465.74, 4390579, 458, 0, 0
14288, 479, 7, 69, 0, 0, 13.52%, 0, 0, 5, 461.43, 4392752, 458, 0, 0
14293, 479, 68, 69, 0, 0, 13.52%, 0, 0, 5, 84.11, 4394803, 458, 0, 0
14299, 479, 51, 69, 0, 0, 13.52%, 0, 0, 5, 458.91, 4396988, 458, 0, 0
14304, 479, 44, 69, 0, 0, 13.52%, 0, 0, 5, 73.53, 4399067, 458, 0, 0
14309, 480, 17, 69, 0, 0, 13.52%, 0, 0, 5, 428.76, 4401207, 458, 0, 0
14314, 480, 68, 69, 0, 0, 13.52%, 0, 0, 5, 437.62, 4403407, 458, 0, 0
14319, 480, 20, 69, 0, 0, 13.52%, 0, 0, 5, 409.97, 4405507, 458, 0, 0
14324, 480, 68, 69, 0, 0, 13.52%, 0, 0, 5, 438.48, 4407715, 458, 0, 0
14329, 481, 6, 69, 0, 0, 13.52%, 0, 0, 5, 465.15, 4409815, 458, 0, 0
14335, 481, 19, 69, 0, 0, 13.52%, 0, 0, 5, 432.10, 4412031, 458, 0, 0
14340, 481, 23, 69, 0, 0, 13.52%, 0, 0, 5, 57.35, 4414131, 458, 0, 0
14345, 481, 1, 69, 0, 0, 13.52%, 0, 0, 5, 410.77, 4416323, 458, 0, 0
14350, 482, 68, 69, 0, 0, 13.52%, 0, 0, 5, 434.18, 4418555, 458, 0, 0
14355, 482, 15, 69, 0, 0, 13.52%, 0, 0, 5, 465.43, 4420470, 458, 0, 0
14360, 482, 7, 69, 0, 0, 13.52%, 0, 0, 5, 462.69, 4422535, 458, 0, 0
14365, 482, 44, 69, 0, 0, 13.52%, 0, 0, 5, 411.72, 4424615, 458, 0, 0
14370, 483, 68, 69, 0, 0, 13.52%, 0, 0, 5, 452.83, 4426951, 458, 0, 0
14375, 483, 51, 69, 0, 0, 13.52%, 0, 0, 5, 460.00, 4428999, 458, 0, 0
14380, 483, 25, 69, 0, 0, 13.52%, 0, 0, 5, 465.15, 4431188, 458, 0, 0
14386, 483, 51, 69, 0, 0, 13.52%, 0, 0, 5, 289.33, 4433223, 458, 0, 0
14391, 483, 1, 69, 0, 0, 13.52%, 0, 0, 5, 460.40, 4435315, 458, 0, 0
14396, 484, 21, 69, 0, 0, 13.52%, 0, 0, 5, 408.51, 4437339, 458, 0, 0
14401, 484, 51, 69, 0, 0, 13.52%, 0, 0, 5, 452.62, 4439706, 458, 0, 0
14406, 484, 68, 69, 0, 0, 13.52%, 0, 0, 5, 469.28, 4441687, 458, 0, 0
14411, 484, 15, 69, 0, 0, 13.52%, 0, 0, 5, 450.44, 4443915, 458, 0, 0
14416, 485, 51, 69, 0, 0, 13.52%, 0, 0, 5, 431.25, 4445991, 458, 0, 0
14421, 485, 2, 69, 0, 0, 13.52%, 0, 0, 5, 319.50, 4448061, 458, 0, 0
14426, 485, 20, 69, 0, 0, 13.52%, 0, 0, 5, 419.32, 4450307, 458, 0, 0
14432, 485, 51, 69, 0, 0, 13.52%, 0, 0, 5, 433.55, 4452551, 458, 0, 0
14437, 486, 38, 69, 0, 0, 13.52%, 0, 0, 5, 436.26, 4454599, 458, 0, 0
14442, 486, 1, 69, 0, 0, 13.52%, 0, 0, 5, 420.98, 4456791, 458, 0, 0
14447, 486, 51, 69, 0, 0, 13.52%, 0, 0, 5, 464.07, 4458951, 458, 0, 0
14452, 486, 68, 69, 0, 0, 13.52%, 0, 0, 5, 437.02, 4461088, 458, 0, 0
14457, 487, 1, 69, 0, 0, 13.52%, 0, 0, 5, 449.35, 4463223, 458, 0, 0
14463, 487, 21, 69, 0, 0, 13.52%, 0, 0, 5, 416.63, 4465299, 458, 0, 0
14468, 487, 23, 69, 0, 0, 13.52%, 0, 0, 5, 469.34, 4467552, 458, 0, 0
14473, 487, 35, 69, 0, 0, 13.52%, 0, 0, 5, 448.34, 4469651, 458, 0, 0
14478, 487, 17, 69, 0, 0, 13.52%, 0, 0, 5, 448.68, 4471851, 458, 0, 0
14483, 488, 55, 69, 0, 0, 13.52%, 0, 0, 5, 432.17, 4473931, 458, 0, 0
14488, 488, 47, 69, 0, 0, 13.52%, 0, 0, 5, 467.74, 4476115, 458, 0, 0
14493, 488, 68, 69, 0, 0, 13.52%, 0, 0, 5, 438.67, 4478163, 458, 0, 0
14498, 488, 51, 69, 0, 0, 13.52%, 0, 0, 5, 460.00, 4480171, 458, 0, 0
14503, 488, 51, 69, 0, 0, 13.52%, 0, 0, 5, 452.71, 4482352, 458, 0, 0
14509, 488, 68, 69, 0, 0, 13.52%, 0, 0, 5, 49.19, 4483828, 458, 0, 0
14514, 489, 68, 69, 0, 0, 13.52%, 0, 0, 5, 50.28, 4485089, 458, 0, 0
14519, 489, 12, 69, 0, 0, 13.52%, 0, 0, 5, 465.85, 4486761, 458, 0, 0
14524, 489, 12, 69, 0, 0, 13.52%, 0, 0, 5, 371.37, 4488050, 458, 0, 0
14529, 489, 2, 69, 0, 0, 13.52%, 0, 0, 5, 33.12, 4489369, 458, 0, 0
14534, 489, 44, 69, 0, 0, 13.52%, 0, 0, 5, 71.84, 4491251, 458, 0, 0
14539, 489, 23, 69, 0, 0, 13.52%, 0, 0, 5, 461.18, 4492970, 458, 0, 0
14544, 490, 17, 69, 0, 0, 13.52%, 0, 0, 5, 464.81, 4494170, 458, 0, 0
14549, 490, 50, 69, 0, 0, 13.52%, 0, 0, 5, 468.92, 4495423, 458, 0, 0
14555, 490, 21, 69, 0, 0, 13.52%, 0, 0, 5, 216.18, 4496711, 458, 0, 0
14560, 490, 51, 69, 0, 0, 13.52%, 0, 0, 5, 33.12, 4498232, 458, 0, 0
14565, 490, 68, 69, 0, 0, 13.52%, 0, 0, 5, 33.04, 4499837, 458, 0, 0
14570, 490, 51, 69, 0, 0, 13.52%, 0, 0, 5, 367.81, 4501327, 458, 0, 0
14575, 490, 44, 69, 0, 0, 13.52%, 0, 0, 5, 470.02, 4502606, 458, 0, 0
14580, 491, 21, 69, 0, 0, 13.52%, 0, 0, 5, 298.18, 4503738, 458, 0, 0
14585, 491, 21, 69, 0, 0, 13.52%, 0, 0, 5, 458.47, 4504779, 458, 0, 0
14590, 491, 68, 69, 0, 0, 13.52%, 0, 0, 5, 49.33, 4505974, 458, 0, 0
14596, 491, 35, 69, 0, 0, 13.52%, 0, 0, 5, 33.09, 4507384, 458, 0, 0
14601, 491, 17, 69, 0, 0, 13.52%, 0, 0, 5, 32.43, 4508874, 458, 0, 0
14606, 491, 15, 69, 0, 0, 13.52%, 0, 0, 5, 397.39, 4510092, 458, 0, 0
14611, 491, 68, 69, 0, 0, 13.52%, 0, 0, 5, 359.68, 4511125, 458, 0, 0
14616, 491, 51, 69, 0, 0, 13.52%, 0, 0, 5, 278.84, 4512108, 458, 0, 0
14621, 492, 24, 69, 0, 0, 13.52%, 0, 0, 5, 33.07, 4513190, 458, 0, 0
14626, 492, 51, 69, 0, 0, 13.52%, 0, 0, 5, 33.08, 4514504, 458, 0, 0
14631, 492, 9, 69, 0, 0, 13.52%, 0, 0, 5, 32.95, 4515811, 458, 0, 0
14636, 492, 27, 69, 0, 0, 13.52%, 0, 0, 5, 33.33, 4517142, 458, 0, 0
14641, 492, 68, 69, 0, 0, 13.52%, 0, 0, 5, 420.11, 4518203, 458, 0, 0
14646, 492, 9, 69, 0, 0, 13.52%, 0, 0, 5, 326.04, 4519127, 458, 0, 0
14651, 492, 68, 69, 0, 0, 13.52%, 0, 0, 5, 308.77, 4520078, 458, 0, 0
14656, 492, 68, 69, 0, 0, 13.52%, 0, 0, 5, 32.42, 4521172, 458, 0, 0
14661, 493, 9, 69, 0, 0, 13.52%, 0, 0, 5, 32.56, 4522471, 458, 0, 0
14667, 493, 15, 69, 0, 0, 13.52%, 0, 0, 5, 33.50, 4523762, 458, 0, 0
14672, 493, 24, 69, 0, 0, 13.52%, 0, 0, 5, 33.25, 4524964, 458, 0, 0
14677, 493, 53, 69, 0, 0, 13.52%, 0, 0, 5, 435.47, 4526115, 458, 0, 0
14682, 493, 68, 69, 0, 0, 13.52%, 0, 0, 5, 450.01, 4527079, 458, 0, 0
14687, 493, 68, 69, 0, 0, 13.52%, 0, 0, 5, 325.66, 4527829, 458, 0, 0
14692, 493, 68, 69, 0, 0, 13.52%, 0, 0, 5, 175.00, 4528807, 458, 0, 0
14697, 493, 9, 69, 0, 0, 13.52%, 0, 0, 5, 30.28, 4529815, 458, 0, 0
14702, 493, 38, 69, 0, 0, 13.52%, 0, 0, 5, 32.47, 4530921, 458, 0, 0
14707, 494, 15, 69, 0, 0, 13.52%, 0, 0, 5, 33.32, 4532069, 458, 0, 0
14713, 494, 68, 69, 0, 0, 13.52%, 0, 0, 5, 33.28, 4533248, 458, 0, 0
14718, 494, 68, 69, 0, 0, 13.52%, 0, 0, 5, 430.94, 4534451, 458, 0, 0
14723, 494, 12, 69, 0, 0, 13.52%, 0, 0, 5, 471.23, 4535370, 458, 0, 0
14728, 494, 68, 69, 0, 0, 13.52%, 0, 0, 5, 465.72, 4536242, 458, 0, 0
14733, 494, 68, 69, 0, 0, 13.52%, 0, 0, 5, 33.20, 4536927, 458, 0, 0
14738, 494, 68, 69, 0, 0, 13.52%, 0, 0, 5, 48.57, 4538201, 458, 0, 0
14743, 494, 20, 69, 0, 0, 13.52%, 0, 0, 5, 30.41, 4539390, 458, 0, 0
14748, 494, 32, 69, 0, 0, 13.52%, 0, 0, 5, 420.02, 4540175, 458, 0, 0
14753, 494, 43, 69, 0, 0, 13.52%, 0, 0, 5, 32.71, 4540854, 458, 0, 0
14758, 495, 24, 69, 0, 0, 13.52%, 0, 0, 5, 48.47, 4542126, 458, 0, 0
14764, 495, 1, 69, 0, 0, 13.52%, 0, 0, 5, 33.33, 4543397, 458, 0, 0
14769, 495, 57, 69, 0, 0, 13.52%, 0, 0, 5, 378.39, 4544264, 458, 0, 0
14774, 495, 44, 69, 0, 0, 13.52%, 0, 0, 5, 33.39, 4544818, 458, 0, 0
14779, 495, 51, 69, 0, 0, 13.52%, 0, 0, 5, 33.18, 4546104, 458, 0, 0
14784, 495, 68, 69, 0, 0, 13.52%, 0, 0, 5, 33.07, 4547337, 458, 0, 0
14789, 495, 51, 69, 0, 0, 13.52%, 0, 0, 5, 454.59, 4548496, 458, 0, 0
14794, 495, 51, 69, 0, 0, 13.52%, 0, 0, 5, 368.06, 4549164, 458, 0, 0
14799, 495, 53, 69, 0, 0, 13.52%, 0, 0, 5, 33.15, 4549911, 458, 0, 0
14805, 496, 24, 69, 0, 0, 13.52%, 0, 0, 5, 33.01, 4551164, 458, 0, 0
14810, 496, 51, 69, 0, 0, 13.52%, 0, 0, 5, 33.18, 4552418, 458, 0, 0
14815, 496, 68, 69, 0, 0, 13.52%, 0, 0, 5, 465.79, 4553249, 458, 0, 0
14820, 496, 68, 69, 0, 0, 13.52%, 0, 0, 5, 32.70, 4553833, 458, 0, 0
14825, 496, 51, 69, 0, 0, 13.52%, 0, 0, 5, 33.03, 4555039, 458, 0, 0
14830, 496, 11, 69, 0, 0, 13.52%, 0, 0, 5, 32.45, 4556278, 458, 0, 0
14835, 496, 23, 69, 0, 0, 13.52%, 0, 0, 5, 450.70, 4557424, 458, 0, 0
14840, 496, 17, 69, 0, 0, 13.52%, 0, 0, 5, 345.18, 4558185, 458, 0, 0
14846, 496, 9, 69, 0, 0, 13.52%, 0, 0, 5, 32.98, 4558790, 458, 0, 0
14851, 496, 68, 69, 0, 0, 13.52%, 0, 0, 5, 33.10, 4560014, 458, 0, 0
14856, 497, 68, 69, 0, 0, 13.52%, 0, 0, 5, 33.15, 4561183, 458, 0, 0
14861, 497, 39, 69, 0, 0, 13.52%, 0, 0, 5, 436.30, 4562379, 458, 0, 0
14866, 497, 17, 69, 0, 0, 13.52%, 0, 0, 5, 336.37, 4563127, 458, 0, 0
14871, 497, 23, 69, 0, 0, 13.52%, 0, 0, 5, 427.86, 4563832, 458, 0, 0
14876, 497, 1, 69, 0, 0, 13.52%, 0, 0, 5, 32.78, 4564899, 458, 0, 0
14881, 497, 15, 69, 0, 0, 13.52%, 0, 0, 5, 55.13, 4566071, 458, 0, 0
14886, 497, 51, 69, 0, 0, 13.52%, 0, 0, 5, 33.60, 4567285, 458, 0, 0
14891, 497, 38, 69, 0, 0, 13.52%, 0, 0, 5, 311.27, 4568197, 458, 0, 0
14897, 497, 68, 69, 0, 0, 13.52%, 0, 0, 5, 461.58, 4568968, 458, 0, 0
14902, 498, 2, 69, 0, 0, 13.52%, 0, 0, 5, 35.31, 4569781, 458, 0, 0
14907, 498, 68, 69, 0, 0, 13.52%, 0, 0, 5, 46.31, 4570881, 458, 0, 0
14912, 498, 7, 69, 0, 0, 13.52%, 0, 0, 5, 33.23, 4572055, 458, 0, 0
14917, 498, 51, 69, 0, 0, 13.52%, 0, 0, 5, 33.42, 4573177, 458, 0, 0
14922, 498, 51, 69, 0, 0, 13.52%, 0, 0, 5, 341.51, 4574334, 458, 0, 0
14927, 498, 65, 69, 0, 0, 13.52%, 0, 0, 5, 394.00, 4575306, 458, 0, 0
14933, 498, 51, 69, 0, 0, 13.52%, 0, 0, 5, 410.38, 4576167, 458, 0, 0
14938, 498, 12, 69, 0, 0, 13.52%, 0, 0, 5, 175.00, 4576846, 458, 0, 0
14943, 498, 51, 69, 0, 0, 13.52%, 0, 0, 5, 33.14, 4577957, 458, 0, 0
14948, 499, 9, 69, 0, 0, 13.52%, 0, 0, 5, 54.84, 4579076, 458, 0, 0
14953, 499, 68, 69, 0, 0, 13.52%, 0, 0, 5, 33.25, 4580242, 458, 0, 0
14959, 499, 68, 69, 0, 0, 13.52%, 0, 0, 5, 33.33, 4581375, 458, 0, 0
14964, 499, 23, 69, 0, 0, 13.52%, 0, 0, 5, 440.97, 4582524, 458, 0, 0
14969, 499, 23, 69, 0, 0, 13.52%, 0, 0, 5, 468.74, 4583361, 458, 0, 0
14974, 499, 68, 69, 0, 0, 13.52%, 0, 0, 5, 470.30, 4584023, 458, 0, 0
14979, 499, 68, 69, 0, 0, 13.52%, 0, 0, 5, 60.27, 4585236, 458, 0, 0
14984, 499, 68, 69, 0, 0, 13.52%, 0, 0, 5, 56.76, 4586542, 458, 0, 0
14989, 499, 68, 69, 0, 0, 13.52%, 0, 0, 5, 467.87, 4587550, 458, 0, 0
14994, 499, 67, 69, 0, 0, 13.52%, 0, 0, 5, 441.29, 4588203, 458, 0, 0
14999, 499, 9, 69, 0, 0, 13.52%, 0, 0, 5, 35.84, 4589197, 458, 0, 0
15005, 500, 44, 69, 0, 0, 13.52%, 0, 0, 5, 32.78, 4590434, 458, 0, 0
15010, 500, 51, 69, 0, 0, 13.52%, 0, 0, 5, 65.99, 4591655, 458, 0, 0
15015, 500, 68, 69, 0, 0, 13.52%, 0, 0, 5, 471.51, 4592503, 458, 0, 0
15020, 500, 51, 69, 0, 0, 13.52%, 0, 0, 5, 460.00, 4593131, 458, 0, 0
15025, 500, 9, 69, 0, 0, 13.52%, 0, 0, 5, 32.82, 4594253, 458, 0, 0
15030, 500, 51, 69, 0, 0, 13.52%, 0, 0, 5, 33.09, 4595484, 458, 0, 0
15035, 500, 68, 69, 0, 0, 13.52%, 0, 0, 5, 415.73, 4596631, 458, 0, 0
15040, 500, 0, 69, 0, 0, 13.52%, 0, 0, 5, 248.69, 4597251, 458, 0, 0
15045, 500, 15, 69, 0, 0, 13.52%, 0, 0, 5, 33.07, 4598101, 458, 0, 0
15050, 501, 51, 69, 0, 0, 13.52%, 0, 0, 5, 37.39, 4599278, 458, 0, 0
15055, 501, 57, 69, 0, 0, 13.52%, 0, 0, 5, 49.87, 4600499, 458, 0, 0
15061, 501, 23, 69, 0, 0, 13.52%, 0, 0, 5, 467.14, 4601506, 458, 0, 0
15066, 501, 15, 69, 0, 0, 13.52%, 0, 0, 5, 446.61, 4602231, 458, 0, 0
15071, 501, 15, 69, 0, 0, 13.52%, 0, 0, 5, 33.22, 4603004, 458, 0, 0
15076, 501, 68, 69, 0, 0, 13.52%, 0, 0, 5, 33.26, 4604146, 458, 0, 0
15081, 501, 23, 69, 0, 0, 13.52%, 0, 0, 5, 53.94, 4605332, 458, 0, 0
15086, 501, 25, 69, 0, 0, 13.52%, 0, 0, 5, 375.51, 4606499, 458, 0, 0
15091, 501, 7, 69, 0, 0, 13.52%, 0, 0, 5, 470.42, 4607324, 458, 0, 0
15096, 501, 56, 69, 0, 0, 13.52%, 0, 0, 5, 357.87, 4608057, 458, 0, 0
15101, 502, 23, 69, 0, 0, 13.52%, 0, 0, 5, 32.70, 4609002, 458, 0, 0
15106, 502, 68, 69, 0, 0, 13.52%, 0, 0, 5, 33.25, 4610135, 458, 0, 0
15112, 502, 25, 69, 0, 0, 13.52%, 0, 0, 5, 32.94, 4611295, 458, 0, 0
15117, 502, 17, 69, 0, 0, 13.52%, 0, 0, 5, 379.36, 4612457, 458, 0, 0
15122, 502, 68, 69, 0, 0, 13.52%, 0, 0, 5, 315.09, 4613107, 458, 0, 0
15127, 502, 68, 69, 0, 0, 13.52%, 0, 0, 5, 180.00, 4613820, 458, 0, 0
15132, 502, 68, 69, 0, 0, 13.52%, 0, 0, 5, 31.99, 4614944, 458, 0, 0
15137, 502, 43, 69, 0, 0, 13.52%, 0, 0, 5, 33.09, 4616072, 458, 0, 0
15142, 502, 68, 69, 0, 0, 13.52%, 0, 0, 5, 33.14, 4617167, 458, 0, 0
15147, 502, 21, 69, 0, 0, 13.52%, 0, 0, 5, 465.62, 4618342, 458, 0, 0
15152, 503, 2, 69, 0, 0, 13.52%, 0, 0, 5, 468.84, 4619179, 458, 0, 0
15157, 503, 1, 69, 0, 0, 13.52%, 0, 0, 5, 303.60, 4619938, 458, 0, 0
15162, 503, 1, 69, 0, 0, 13.52%, 0, 0, 5, 33.07, 4620762, 458, 0, 0
15168, 503, 9, 69, 0, 0, 13.52%, 0, 0, 5, 32.86, 4621884, 458, 0, 0
15173, 503, 68, 69, 0, 0, 13.52%, 0, 0, 5, 33.45, 4623051, 458, 0, 0
15178, 503, 68, 69, 0, 0, 13.52%, 0, 0, 5, 32.37, 4624203, 458, 0, 0
15183, 503, 35, 69, 0, 0, 13.52%, 0, 0, 5, 463.73, 4625124, 458, 0, 0
15188, 503, 2, 69, 0, 0, 13.52%, 0, 0, 5, 308.26, 4625783, 458, 0, 0
15193, 503, 7, 69, 0, 0, 13.52%, 0, 0, 5, 33.23, 4626595, 458, 0, 0
15198, 503, 68, 69, 0, 0, 13.52%, 0, 0, 5, 51.80, 4627700, 458, 0, 0
15203, 504, 53, 69, 0, 0, 13.52%, 0, 0, 5, 33.12, 4628903, 458, 0, 0
15209, 504, 20, 69, 0, 0, 13.52%, 0, 0, 5, 33.06, 4630099, 458, 0, 0
15214, 504, 9, 69, 0, 0, 13.52%, 0, 0, 5, 374.60, 4630864, 458, 0, 0
15219, 504, 68, 69, 0, 0, 13.52%, 0, 0, 5, 45.60, 4631508, 458, 0, 0
15224, 504, 68, 69, 0, 0, 13.52%, 0, 0, 5, 32.60, 4632636, 458, 0, 0
15229, 504, 68, 69, 0, 0, 13.52%, 0, 0, 5, 44.33, 4633900, 458, 0, 0
15234, 504, 7, 69, 0, 0, 13.52%, 0, 0, 5, 339.44, 4634733, 458, 0, 0
15239, 504, 57, 69, 0, 0, 13.52%, 0, 0, 5, 37.19, 4635289, 458, 0, 0
15245, 504, 9, 69, 0, 0, 13.52%, 0, 0, 5, 32.75, 4636489, 458, 0, 0
15250, 505, 44, 69, 0, 0, 13.52%, 0, 0, 5, 32.88, 4637669, 458, 0, 0
15255, 505, 24, 69, 0, 0, 13.52%, 0, 0, 5, 327.55, 4638867, 458, 0, 0
15260, 505, 2, 69, 0, 0, 13.52%, 0, 0, 5, 359.93, 4639564, 458, 0, 0
15265, 505, 51, 69, 0, 0, 13.52%, 0, 0, 5, 36.64, 4640276, 458, 0, 0
15270, 505, 17, 69, 0, 0, 13.52%, 0, 0, 5, 32.71, 4641505, 458, 0, 0
15275, 505, 68, 69, 0, 0, 13.52%, 0, 0, 5, 31.63, 4642736, 458, 0, 0
15281, 505, 17, 69, 0, 0, 13.52%, 0, 0, 5, 461.38, 4643533, 458, 0, 0
15286, 505, 51, 69, 0, 0, 13.52%, 0, 0, 5, 32.90, 4644111, 458, 0, 0
15291, 505, 68, 69, 0, 0, 13.52%, 0, 0, 5, 33.12, 4645346, 458, 0, 0
15296, 505, 12, 69, 0, 0, 13.52%, 0, 0, 5, 32.59, 4646578, 458, 0, 0
15301, 506, 9, 69, 0, 0, 13.52%, 0, 0, 5, 372.67, 4647599, 458, 0, 0
15306, 506, 68, 69, 0, 0, 13.52%, 0, 0, 5, 468.06, 4648269, 458, 0, 0
15311, 506, 17, 69, 0, 0, 13.52%, 0, 0, 5, 45.19, 4649090, 458, 0, 0
15316, 506, 53, 69, 0, 0, 13.52%, 0, 0, 5, 46.05, 4650278, 458, 0, 0
15321, 506, 38, 69, 0, 0, 13.52%, 0, 0, 5, 32.80, 4651464, 458, 0, 0
15326, 506, 15, 69, 0, 0, 13.52%, 0, 0, 5, 279.77, 4652278, 458, 0, 0
15332, 506, 47, 69, 0, 0, 13.52%, 0, 0, 5, 436.72, 4653039, 458, 0, 0
15337, 506, 68, 69, 0, 0, 13.52%, 0, 0, 5, 32.81, 4653917, 458, 0, 0
15342, 506, 68, 69, 0, 0, 13.52%, 0, 0, 5, 32.28, 4655078, 458, 0, 0
15347, 507, 17, 69, 0, 0, 13.52%, 0, 0, 5, 73.05, 4656277, 458, 0, 0
15352, 507, 20, 69, 0, 0, 13.52%, 0, 0, 5, 372.26, 4657378, 458, 0, 0
15357, 507, 7, 69, 0, 0, 13.52%, 0, 0, 5, 464.48, 4658079, 458, 0, 0
15362, 507, 51, 69, 0, 0, 13.52%, 0, 0, 5, 201.70, 4658806, 458, 0, 0
15367, 507, 24, 69, 0, 0, 13.52%, 0, 0, 5, 33.05, 4659823, 458, 0, 0
15372, 507, 68, 69, 0, 0, 13.52%, 0, 0, 5, 33.16, 4660928, 458, 0, 0
15377, 507, 38, 69, 0, 0, 13.52%, 0, 0, 5, 33.11, 4662060, 458, 0, 0
15382, 507, 68, 69, 0, 0, 13.52%, 0, 0, 5, 33.06, 4663191, 458, 0, 0
15387, 507, 2, 69, 0, 0, 13.52%, 0, 0, 5, 321.90, 4664015, 458, 0, 0
15392, 507, 12, 69, 0, 0, 13.52%, 0, 0, 5, 471.36, 4664752, 458, 0, 0
15398, 508, 1, 69, 0, 0, 13.52%, 0, 0, 5, 32.88, 4665557, 458, 0, 0
15403, 508, 51, 69, 0, 0, 13.52%, 0, 0, 5, 425.97, 4667931, 458, 0, 0
15408, 508, 21, 69, 0, 0, 13.52%, 0, 0, 5, 469.07, 4669906, 458, 0, 0
15413, 508, 17, 69, 0, 0, 13.52%, 0, 0, 5, 459.16, 4672252, 458, 0, 0
15418, 509, 68, 69, 0, 0, 13.52%, 0, 0, 5, 446.13, 4674543, 458, 0, 0
15423, 509, 38, 69, 0, 0, 13.52%, 0, 0, 5, 437.05, 4676807, 458, 0, 0
15429, 509, 12, 69, 0, 0, 13.52%, 0, 0, 5, 380.48, 4678741, 458, 0, 0
15434, 509, 47, 69, 0, 0, 13.52%, 0, 0, 5, 384.46, 4680678, 458, 0, 0
15439, 510, 51, 69, 0, 0, 13.52%, 0, 0, 5, 426.10, 4682875, 458, 0, 0
15444, 510, 7, 69, 0, 0, 13.52%, 0, 0, 5, 435.81, 4685083, 458, 0, 0
15449, 510, 15, 69, 0, 0, 13.52%, 0, 0, 5, 437.64, 4687359, 458, 0, 0
15454, 510, 7, 69, 0, 0, 13.52%, 0, 0, 5, 401.50, 4689434, 458, 0, 0
15459, 510, 68, 69, 0, 0, 13.52%, 0, 0, 5, 376.43, 4691299, 458, 0, 0
15464, 511, 68, 69, 0, 0, 13.52%, 0, 0, 5, 430.74, 4693542, 458, 0, 0
15469, 511, 51, 69, 0, 0, 13.52%, 0, 0, 5, 442.14, 4695783, 458, 0, 0
15474, 511, 7, 69, 0, 0, 13.52%, 0, 0, 5, 442.76, 4698075, 458, 0, 0
15480, 511, 68, 69, 0, 0, 13.52%, 0, 0, 5, 447.63, 4700395, 458, 0, 0
15485, 512, 44, 69, 0, 0, 13.52%, 0, 0, 5, 435.54, 4702499, 458, 0, 0
15490, 512, 68, 69, 0, 0, 13.52%, 0, 0, 5, 447.83, 4704831, 458, 0, 0
15495, 512, 7, 69, 0, 0, 13.52%, 0, 0, 5, 452.69, 4707197, 458, 0, 0
15500, 512, 2, 69, 0, 0, 13.52%, 0, 0, 5, 449.26, 4709499, 458, 0, 0
15505, 513, 68, 69, 0, 0, 13.52%, 0, 0, 5, 442.84, 4711715, 458, 0, 0
15511, 513, 68, 69, 0, 0, 13.52%, 0, 0, 5, 450.42, 4714051, 458, 0, 0
15516, 513, 68, 69, 0, 0, 13.52%, 0, 0, 5, 454.89, 4716324, 458, 0, 0
15521, 513, 68, 69, 0, 0, 13.52%, 0, 0, 5, 453.87, 4718594, 458, 0, 0
15526, 513, 68, 69, 0, 0, 13.52%, 0, 0, 5, 438.96, 4720742, 458, 0, 0
15531, 514, 17, 69, 0, 0, 13.52%, 0, 0, 5, 453.03, 4723088, 458, 0, 0
15536, 514, 68, 69, 0, 0, 13.52%, 0, 0, 5, 457.37, 4725403, 458, 0, 0
15541, 514, 52, 69, 0, 0, 13.52%, 0, 0, 5, 451.80, 4727724, 458, 0, 0
15546, 514, 20, 69, 0, 0, 13.52%, 0, 0, 5, 436.69, 4729867, 458, 0, 0
15551, 515, 15, 69, 0, 0, 13.52%, 0, 0, 5, 451.30, 4732188, 458, 0, 0
15556, 515, 7, 69, 0, 0, 13.52%, 0, 0, 5, 454.50, 4734561, 458, 0, 0
15561, 515, 15, 69, 0, 0, 13.52%, 0, 0, 5, 455.77, 4736861, 458, 0, 0
15566, 515, 44, 69, 0, 0, 13.52%, 0, 0, 5, 427.75, 4738967, 458, 0, 0
15571, 516, 12, 69, 0, 0, 13.52%, 0, 0, 5, 449.94, 4741315, 458, 0, 0
15577, 516, 51, 69, 0, 0, 13.52%, 0, 0, 5, 455.89, 4743697, 458, 0, 0
15582, 516, 53, 69, 0, 0, 13.52%, 0, 0, 5, 454.15, 4746033, 458, 0, 0
15587, 516, 51, 69, 0, 0, 13.52%, 0, 0, 5, 426.63, 4748211, 458, 0, 0
15592, 517, 1, 69, 0, 0, 13.52%, 0, 0, 5, 453.28, 4750606, 458, 0, 0
15597, 517, 1, 69, 0, 0, 13.52%, 0, 0, 5, 455.89, 4752897, 458, 0, 0
15602, 517, 12, 69, 0, 0, 13.52%, 0, 0, 5, 455.29, 4755197, 458, 0, 0
15607, 517, 57, 69, 0, 0, 13.52%, 0, 0, 5, 417.74, 4757331, 458, 0, 0
15612, 518, 68, 69, 0, 0, 13.52%, 0, 0, 5, 450.19, 4759711, 458, 0, 0
15618, 518, 68, 69, 0, 0, 13.52%, 0, 0, 5, 456.56, 4762012, 458, 0, 0
15623, 518, 68, 69, 0, 0, 13.52%, 0, 0, 5, 454.88, 4764379, 458, 0, 0
15628, 518, 2, 69, 0, 0, 13.52%, 0, 0, 5, 415.57, 4766551, 458, 0, 0
15633, 518, 51, 69, 0, 0, 13.52%, 0, 0, 5, 450.99, 4768932, 458, 0, 0
15638, 519, 68, 69, 0, 0, 13.52%, 0, 0, 5, 457.82, 4771242, 458, 0, 0
15643, 519, 60, 69, 0, 0, 13.52%, 0, 0, 5, 455.08, 4773597, 458, 0, 0
15648, 519, 47, 69, 0, 0, 13.52%, 0, 0, 5, 434.71, 4775891, 458, 0, 0
15654, 519, 7, 69, 0, 0, 13.52%, 0, 0, 5, 448.30, 4778183, 458, 0, 0
15659, 520, 7, 69, 0, 0, 13.52%, 0, 0, 5, 446.73, 4780431, 458, 0, 0
15664, 520, 53, 69, 0, 0, 13.52%, 0, 0, 5, 452.67, 4782770, 458, 0, 0
15669, 520, 68, 69, 0, 0, 13.52%, 0, 0, 5, 449.21, 4785095, 458, 0, 0
15674, 520, 68, 69, 0, 0, 13.52%, 0, 0, 5, 448.44, 4787319, 458, 0, 0
15679, 521, 9, 69, 0, 0, 13.52%, 0, 0, 5, 453.41, 4789688, 458, 0, 0
15684, 521, 44, 69, 0, 0, 13.52%, 0, 0, 5, 455.74, 4791979, 458, 0, 0
15690, 521, 51, 69, 0, 0, 13.52%, 0, 0, 5, 453.01, 4794305, 458, 0, 0
15695, 521, 44, 69, 0, 0, 13.52%, 0, 0, 5, 443.29, 4796507, 458, 0, 0
15700, 522, 68, 69, 0, 0, 13.52%, 0, 0, 5, 456.21, 4798812, 458, 0, 0
15705, 522, 44, 69, 0, 0, 13.52%, 0, 0, 5, 451.40, 4801024, 458, 0, 0
15710, 522, 68, 69, 0, 0, 13.52%, 0, 0, 5, 64.55, 4802941, 458, 0, 0
15715, 522, 15, 69, 0, 0, 13.52%, 0, 0, 5, 463.62, 4804842, 458, 0, 0
15720, 523, 44, 69, 0, 0, 13.52%, 0, 0, 5, 57.89, 4806929, 458, 0, 0
15725, 523, 12, 69, 0, 0, 13.52%, 0, 0, 5, 467.20, 4809033, 458, 0, 0
15730, 523, 68, 69, 0, 0, 13.52%, 0, 0, 5, 465.93, 4811403, 458, 0, 0
15735, 523, 68, 69, 0, 0, 13.52%, 0, 0, 5, 464.80, 4813768, 458, 0, 0
15740, 523, 44, 69, 0, 0, 13.52%, 0, 0, 5, 287.72, 4815553, 458, 0, 0
15746, 524, 51, 69, 0, 0, 13.52%, 0, 0, 5, 408.25, 4817875, 458, 0, 0
15751, 524, 68, 69, 0, 0, 13.52%, 0, 0, 5, 449.28, 4820251, 458, 0, 0
15756, 524, 51, 69, 0, 0, 13.52%, 0, 0, 5, 285.80, 4822063, 458, 0, 0
15761, 524, 58, 69, 0, 0, 13.52%, 0, 0, 5, 427.68, 4824451, 458, 0, 0
15766, 524, 68, 69, 0, 0, 13.52%, 0, 0, 5, 456.96, 4826794, 458, 0, 0
15771, 525, 38, 69, 0, 0, 13.52%, 0, 0, 5, 427.75, 4828607, 458, 0, 0
15776, 525, 38, 69, 0, 0, 13.52%, 0, 0, 5, 456.37, 4830961, 458, 0, 0
15782, 525, 15, 69, 0, 0, 13.52%, 0, 0, 5, 464.12, 4833324, 458, 0, 0
15787, 525, 51, 69, 0, 0, 13.52%, 0, 0, 5, 389.82, 4835099, 458, 0, 0
15792, 526, 20, 69, 0, 0, 13.52%, 0, 0, 5, 430.34, 4837323, 458, 0, 0
15797, 526, 36, 69, 0, 0, 13.52%, 0, 0, 5, 453.26, 4839633, 458, 0, 0
15802, 526, 17, 69, 0, 0, 13.52%, 0, 0, 5, 370.87, 4841420, 458, 0, 0
15807, 526, 9, 69, 0, 0, 13.52%, 0, 0, 5, 447.88, 4843851, 458, 0, 0
15812, 527, 20, 69, 0, 0, 13.52%, 0, 0, 5, 466.44, 4845824, 458, 0, 0
15817, 527, 68, 69, 0, 0, 13.52%, 0, 0, 5, 396.88, 4847950, 458, 0, 0
15822, 527, 15, 69, 0, 0, 13.52%, 0, 0, 5, 437.08, 4850143, 458, 0, 0
15827, 527, 21, 69, 0, 0, 13.52%, 0, 0, 5, 434.81, 4852299, 458, 0, 0
15832, 527, 20, 69, 0, 0, 13.52%, 0, 0, 5, 459.77, 4854352, 458, 0, 0
15837, 528, 43, 69, 0, 0, 13.52%, 0, 0, 5, 458.92, 4856497, 458, 0, 0
15842, 528, 3, 69, 0, 0, 13.52%, 0, 0, 5, 424.64, 4858531, 458, 0, 0
15847, 528, 51, 69, 0, 0, 13.52%, 0, 0, 5, 455.00, 4860530, 458, 0, 0
15853, 528, 24, 69, 0, 0, 13.52%, 0, 0, 5, 443.31, 4862751, 458, 0, 0
15858, 529, 12, 69, 0, 0, 13.52%, 0, 0, 5, 437.51, 4864851, 458, 0, 0
15863, 529, 15, 69, 0, 0, 13.52%, 0, 0, 5, 439.74, 4866923, 458, 0, 0
15868, 529, 21, 69, 0, 0, 13.52%, 0, 0, 5, 440.08, 4869107, 458, 0, 0
15873, 529, 7, 69, 0, 0, 13.52%, 0, 0, 5, 444.85, 4871283, 458, 0, 0
15878, 529, 47, 69, 0, 0, 13.52%, 0, 0, 5, 463.46, 4873352, 458, 0, 0
15883, 530, 15, 69, 0, 0, 13.52%, 0, 0, 5, 447.79, 4875551, 458, 0, 0
15888, 530, 7, 69, 0, 0, 13.52%, 0, 0, 5, 398.51, 4877564, 458, 0, 0
15893, 530, 23, 69, 0, 0, 13.52%, 0, 0, 5, 411.76, 4879699, 458, 0, 0
15898, 530, 65, 69, 0, 0, 13.52%, 0, 0, 5, 464.65, 4881824, 458, 0, 0
15904, 531, 44, 69, 0, 0, 13.52%, 0, 0, 5, 457.84, 4883852, 458, 0, 0
15909, 531, 68, 69, 0, 0, 13.52%, 0, 0, 5, 439.66, 4886111, 458, 0, 0
15914, 531, 15, 69, 0, 0, 13.52%, 0, 0, 5, 435.27, 4888175, 458, 0, 0
15919, 531, 15, 69, 0, 0, 13.52%, 0, 0, 5, 424.90, 4890323, 458, 0, 0
15924, 531, 21, 69, 0, 0, 13.52%, 0, 0, 5, 33.43, 4892452, 458, 0, 0
15929, 532, 20, 69, 0, 0, 13.52%, 0, 0, 5, 461.10, 4894679, 458, 0, 0
15935, 532, 57, 69, 0, 0, 13.52%, 0, 0, 5, 441.04, 4896807, 458, 0, 0
15940, 532, 51, 69, 0, 0, 13.52%, 0, 0, 5, 423.11, 4898871, 458, 0, 0
15945, 532, 9, 69, 0, 0, 13.52%, 0, 0, 5, 455.54, 4901224, 458, 0, 0
15950, 533, 7, 69, 0, 0, 13.52%, 0, 0, 5, 418.84, 4903251, 458, 0, 0
15955, 533, 55, 69, 0, 0, 13.52%, 0, 0, 5, 426.76, 4905323, 458, 0, 0
15960, 533, 51, 69, 0, 0, 13.52%, 0, 0, 5, 400.15, 4907518, 458, 0, 0
15966, 533, 53, 69, 0, 0, 13.52%, 0, 0, 5, 424.82, 4909767, 458, 0, 0
15971, 534, 17, 69, 0, 0, 13.52%, 0, 0, 5, 429.60, 4911959, 458, 0, 0
15976, 534, 68, 69, 0, 0, 13.52%, 0, 0, 5, 464.05, 4914033, 458, 0, 0
15981, 534, 5, 69, 0, 0, 13.52%, 0, 0, 5, 32.34, 4915797, 458, 0, 0
15986, 534, 9, 69, 0, 0, 13.52%, 0, 0, 5, 466.06, 4916415, 458, 0, 0
15991, 534, 1, 69, 0, 0, 13.52%, 0, 0, 5, 37.45, 4917881, 458, 0, 0
15996, 534, 23, 69, 0, 0, 13.52%, 0, 0, 5, 32.31, 4919680, 458, 0, 0
16001, 535, 68, 69, 0, 0, 13.52%, 0, 0, 5, 33.53, 4921451, 458, 0, 0
16006, 535, 51, 69, 0, 0, 13.52%, 0, 0, 5, 414.54, 4923195, 458, 0, 0
16012, 535, 68, 69, 0, 0, 13.52%, 0, 0, 5, 460.34, 4924551, 458, 0, 0
16017, 535, 9, 69, 0, 0, 13.52%, 0, 0, 5, 466.17, 4925970, 458, 0, 0
16022, 535, 12, 69, 0, 0, 13.52%, 0, 0, 5, 314.37, 4927215, 458, 0, 0
16027, 535, 15, 69, 0, 0, 13.52%, 0, 0, 5, 464.54, 4928342, 458, 0, 0
16032, 536, 51, 69, 0, 0, 13.52%, 0, 0, 5, 60.51, 4929805, 458, 0, 0
16037, 536, 44, 69, 0, 0, 13.52%, 0, 0, 5, 32.88, 4931379, 458, 0, 0
16042, 536, 51, 69, 0, 0, 13.52%, 0, 0, 5, 33.65, 4932918, 458, 0, 0
16047, 536, 33, 69, 0, 0, 13.52%, 0, 0, 5, 370.83, 4934278, 458, 0, 0
16052, 536, 68, 69, 0, 0, 13.52%, 0, 0, 5, 315.72, 4935327, 458, 0, 0
16057, 536, 7, 69, 0, 0, 13.52%, 0, 0, 5, 467.75, 4936370, 458, 0, 0
16063, 536, 15, 69, 0, 0, 13.52%, 0, 0, 5, 32.79, 4937536, 458, 0, 0
16068, 537, 68, 69, 0, 0, 13.52%, 0, 0, 5, 33.33, 4938959, 458, 0, 0
16073, 537, 51, 69, 0, 0, 13.52%, 0, 0, 5, 57.44, 4940383, 458, 0, 0
16078, 537, 1, 69, 0, 0, 13.52%, 0, 0, 5, 441.27, 4941761, 458, 0, 0
16083, 537, 68, 69, 0, 0, 13.52%, 0, 0, 5, 468.76, 4942851, 458, 0, 0
16088, 537, 12, 69, 0, 0, 13.52%, 0, 0, 5, 399.43, 4943750, 458, 0, 0
16093, 537, 15, 69, 0, 0, 13.52%, 0, 0, 5, 285.00, 4944723, 458, 0, 0
16099, 537, 38, 69, 0, 0, 13.52%, 0, 0, 5, 32.59, 4945997, 458, 0, 0
16104, 538, 59, 69, 0, 0, 13.52%, 0, 0, 5, 33.23, 4947342, 458, 0, 0
16109, 538, 68, 69, 0, 0, 13.52%, 0, 0, 5, 33.21, 4948694, 458, 0, 0
16114, 538, 68, 69, 0, 0, 13.52%, 0, 0, 5, 407.38, 4949831, 458, 0, 0
16119, 538, 68, 69, 0, 0, 13.52%, 0, 0, 5, 470.67, 4950667, 458, 0, 0
16124, 538, 1, 69, 0, 0, 13.52%, 0, 0, 5, 36.32, 4951548, 458, 0, 0
16129, 538, 68, 69, 0, 0, 13.52%, 0, 0, 5, 33.20, 4952846, 458, 0, 0
16134, 538, 68, 69, 0, 0, 13.52%, 0, 0, 5, 33.29, 4954169, 458, 0, 0
16139, 538, 68, 69, 0, 0, 13.52%, 0, 0, 5, 32.35, 4955415, 458, 0, 0
16145, 538, 9, 69, 0, 0, 13.52%, 0, 0, 5, 463.33, 4956506, 458, 0, 0
16150, 538, 32, 69, 0, 0, 13.52%, 0, 0, 5, 479.48, 4957370, 458, 0, 0
16155, 538, 68, 69, 0, 0, 13.52%, 0, 0, 5, 312.13, 4958233, 458, 0, 0
16160, 539, 57, 69, 0, 0, 13.52%, 0, 0, 5, 33.09, 4959262, 458, 0, 0
16165, 539, 15, 69, 0, 0, 13.52%, 0, 0, 5, 33.29, 4960532, 458, 0, 0
16170, 539, 68, 69, 0, 0, 13.52%, 0, 0, 5, 32.44, 4961760, 458, 0, 0
16175, 539, 7, 69, 0, 0, 13.52%, 0, 0, 5, 395.30, 4962959, 458, 0, 0
16181, 539, 68, 69, 0, 0, 13.52%, 0, 0, 5, 471.46, 4963958, 458, 0, 0
16186, 539, 61, 69, 0, 0, 13.52%, 0, 0, 5, 472.71, 4964633, 458, 0, 0
16191, 539, 44, 69, 0, 0, 13.52%, 0, 0, 5, 33.09, 4965583, 458, 0, 0
16196, 539, 38, 69, 0, 0, 13.52%, 0, 0, 5, 58.41, 4966789, 458, 0, 0
16201, 540, 55, 69, 0, 0, 13.52%, 0, 0, 5, 70.49, 4967980, 458, 0, 0
16206, 540, 25, 69, 0, 0, 13.52%, 0, 0, 5, 33.71, 4969170, 458, 0, 0
16211, 540, 9, 69, 0, 0, 13.52%, 0, 0, 5, 421.95, 4970051, 458, 0, 0
16216, 540, 1, 69, 0, 0, 13.52%, 0, 0, 5, 467.48, 4970915, 458, 0, 0
16221, 540, 15, 69, 0, 0, 13.52%, 0, 0, 5, 33.15, 4971720, 458, 0, 0
16227, 540, 24, 69, 0, 0, 13.52%, 0, 0, 5, 31.64, 4972934, 458, 0, 0
16232, 540, 68, 69, 0, 0, 13.52%, 0, 0, 5, 32.86, 4974073, 458, 0, 0
16237, 540, 9, 69, 0, 0, 13.52%, 0, 0, 5, 33.00, 4975220, 458, 0, 0
16242, 541, 51, 69, 0, 0, 13.52%, 0, 0, 5, 63.98, 4976415, 458, 0, 0
16247, 541, 68, 69, 0, 0, 13.52%, 0, 0, 5, 390.38, 4977179, 458, 0, 0
16252, 541, 44, 69, 0, 0, 13.52%, 0, 0, 5, 425.85, 4978023, 458, 0, 0
16257, 541, 20, 69, 0, 0, 13.52%, 0, 0, 5, 41.32, 4978912, 458, 0, 0
16263, 541, 24, 69, 0, 0, 13.52%, 0, 0, 5, 32.95, 4980069, 458, 0, 0
16268, 541, 68, 69, 0, 0, 13.52%, 0, 0, 5, 32.83, 4981382, 458, 0, 0
16273, 541, 44, 69, 0, 0, 13.52%, 0, 0, 5, 438.04, 4982579, 458, 0, 0
16278, 541, 51, 69, 0, 0, 13.52%, 0, 0, 5, 470.40, 4983223, 458, 0, 0
16283, 541, 68, 69, 0, 0, 13.52%, 0, 0, 5, 33.02, 4983992, 458, 0, 0
16288, 541, 68, 69, 0, 0, 13.52%, 0, 0, 5, 32.91, 4985253, 458, 0, 0
16294, 542, 23, 69, 0, 0, 13.52%, 0, 0, 5, 33.18, 4986534, 458, 0, 0
16299, 542, 68, 69, 0, 0, 13.52%, 0, 0, 5, 309.54, 4987373, 458, 0, 0
16304, 542, 51, 69, 0, 0, 13.52%, 0, 0, 5, 33.13, 4987974, 458, 0, 0
16309, 542, 21, 69, 0, 0, 13.52%, 0, 0, 5, 33.09, 4989230, 458, 0, 0
16314, 542, 68, 69, 0, 0, 13.52%, 0, 0, 5, 32.13, 4990478, 458, 0, 0
16319, 542, 17, 69, 0, 0, 13.52%, 0, 0, 5, 386.40, 4991413, 458, 0, 0
16324, 542, 4, 69, 0, 0, 13.52%, 0, 0, 5, 265.13, 4992068, 458, 0, 0
16329, 542, 44, 69, 0, 0, 13.52%, 0, 0, 5, 33.37, 4993106, 458, 0, 0
16334, 542, 38, 69, 0, 0, 13.52%, 0, 0, 5, 33.30, 4994300, 458, 0, 0
16339, 542, 68, 69, 0, 0, 13.52%, 0, 0, 5, 33.09, 4995558, 458, 0, 0
16344, 543, 68, 69, 0, 0, 13.52%, 0, 0, 5, 350.84, 4996313, 458, 0, 0
16349, 543, 7, 69, 0, 0, 13.52%, 0, 0, 5, 475.00, 4996998, 458, 0, 0
16354, 543, 38, 69, 0, 0, 13.52%, 0, 0, 5, 33.26, 4998081, 458, 0, 0
16359, 543, 51, 69, 0, 0, 13.52%, 0, 0, 5, 33.27, 4999320, 458, 0, 0
16365, 543, 38, 69, 0, 0, 13.52%, 0, 0, 5, 33.46, 5000497, 458, 0, 0
16370, 543, 12, 69, 0, 0, 13.52%, 0, 0, 5, 322.84, 5001327, 458, 0, 0
16375, 543, 68, 69, 0, 0, 13.52%, 0, 0, 5, 470.00, 5001940, 458, 0, 0
16380, 543, 38, 69, 0, 0, 13.52%, 0, 0, 5, 33.17, 5003090, 458, 0, 0
16385, 543, 21, 69, 0, 0, 13.52%, 0, 0, 5, 33.44, 5004240, 458, 0, 0
16390, 543, 68, 69, 0, 0, 13.52%, 0, 0, 5, 33.07, 5005410, 458, 0, 0
16395, 544, 68, 69, 0, 0, 13.52%, 0, 0, 5, 391.10, 5006450, 458, 0, 0
16400, 544, 1, 69, 0, 0, 13.52%, 0, 0, 5, 426.35, 5007259, 458, 0, 0
16405, 544, 68, 69, 0, 0, 13.52%, 0, 0, 5, 383.87, 5008006, 458, 0, 0
16410, 544, 38, 69, 0, 0, 13.52%, 0, 0, 5, 33.08, 5009066, 458, 0, 0
16415, 544, 44, 69, 0, 0, 13.52%, 0, 0, 5, 42.79, 5010214, 458, 0, 0
16421, 544, 68, 69, 0, 0, 13.52%, 0, 0, 5, 33.55, 5011368, 458, 0, 0
16426, 544, 63, 69, 0, 0, 13.52%, 0, 0, 5, 32.09, 5012497, 458, 0, 0
16431, 544, 21, 69, 0, 0, 13.52%, 0, 0, 5, 462.97, 5013588, 458, 0, 0
16436, 544, 68, 69, 0, 0, 13.52%, 0, 0, 5, 465.55, 5014403, 458, 0, 0
16441, 545, 51, 69, 0, 0, 13.52%, 0, 0, 5, 462.44, 5015178, 458, 0, 0
16446, 545, 44, 69, 0, 0, 13.52%, 0, 0, 5, 33.09, 5016077, 458, 0, 0
16451, 545, 51, 69, 0, 0, 13.52%, 0, 0, 5, 32.69, 5017251, 458, 0, 0
16456, 545, 1, 69, 0, 0, 13.52%, 0, 0, 5, 32.44, 5018379, 458, 0, 0
16461, 545, 21, 69, 0, 0, 13.52%, 0, 0, 5, 59.60, 5019522, 458, 0, 0
16467, 545, 21, 69, 0, 0, 13.52%, 0, 0, 5, 410.63, 5020491, 458, 0, 0
16472, 545, 51, 69, 0, 0, 13.52%, 0, 0, 5, 467.90, 5021279, 458, 0, 0
16477, 545, 20, 69, 0, 0, 13.52%, 0, 0, 5, 32.99, 5021998, 458, 0, 0
16482, 545, 20, 69, 0, 0, 13.52%, 0, 0, 5, 33.12, 5023160, 458, 0, 0
16487, 546, 2, 69, 0, 0, 13.52%, 0, 0, 5, 32.98, 5024291, 458, 0, 0
16492, 546, 67, 69, 0, 0, 13.52%, 0, 0, 5, 33.35, 5025440, 458, 0, 0
16497, 546, 68, 69, 0, 0, 13.52%, 0, 0, 5, 348.06, 5026621, 458, 0, 0
16502, 546, 38, 69, 0, 0, 13.52%, 0, 0, 5, 460.21, 5027124, 458, 0, 0
16507, 546, 15, 69, 0, 0, 13.52%, 0, 0, 5, 33.11, 5028217, 458, 0, 0
16512, 546, 68, 69, 0, 0, 13.52%, 0, 0, 5, 33.03, 5029468, 458, 0, 0
16518, 546, 68, 69, 0, 0, 13.52%, 0, 0, 5, 437.19, 5030703, 458, 0, 0
16523, 546, 1, 69, 0, 0, 13.52%, 0, 0, 5, 349.83, 5031355, 458, 0, 0
16528, 546, 28, 69, 0, 0, 13.52%, 0, 0, 5, 30.18, 5032037, 458, 0, 0
16533, 547, 68, 69, 0, 0, 13.52%, 0, 0, 5, 33.20, 5033260, 458, 0, 0
16538, 547, 51, 69, 0, 0, 13.52%, 0, 0, 5, 33.49, 5034461, 458, 0, 0
16543, 547, 24, 69, 0, 0, 13.52%, 0, 0, 5, 390.33, 5035599, 458, 0, 0
16549, 547, 53, 69, 0, 0, 13.52%, 0, 0, 5, 353.50, 5036211, 458, 0, 0
16554, 547, 20, 69, 0, 0, 13.52%, 0, 0, 5, 32.55, 5037076, 458, 0, 0
16559, 547, 65, 69, 0, 0, 13.52%, 0, 0, 5, 31.76, 5038306, 458, 0, 0
16564, 547, 23, 69, 0, 0, 13.52%, 0, 0, 5, 32.75, 5039571, 458, 0, 0
16569, 547, 53, 69, 0, 0, 13.52%, 0, 0, 5, 374.43, 5040420, 458, 0, 0
16574, 547, 2, 69, 0, 0, 13.52%, 0, 0, 5, 458.05, 5041115, 458, 0, 0
16579, 548, 9, 69, 0, 0, 13.52%, 0, 0, 5, 33.08, 5042106, 458, 0, 0
16584, 548, 51, 69, 0, 0, 13.52%, 0, 0, 5, 56.95, 5043254, 458, 0, 0
16589, 548, 24, 69, 0, 0, 13.52%, 0, 0, 5, 33.15, 5044445, 458, 0, 0
16594, 548, 9, 69, 0, 0, 13.52%, 0, 0, 5, 415.08, 5045407, 458, 0, 0
16600, 548, 25, 69, 0, 0, 13.52%, 0, 0, 5, 318.44, 5046121, 458, 0, 0
16605, 548, 15, 69, 0, 0, 13.52%, 0, 0, 5, 33.10, 5046946, 458, 0, 0
16610, 548, 44, 69, 0, 0, 13.52%, 0, 0, 5, 33.51, 5048080, 458, 0, 0
16615, 548, 51, 69, 0, 0, 13.52%, 0, 0, 5, 40.66, 5049190, 458, 0, 0
16620, 548, 32, 69, 0, 0, 13.52%, 0, 0, 5, 32.79, 5050321, 458, 0, 0
16625, 549, 17, 69, 0, 0, 13.52%, 0, 0, 5, 342.50, 5051327, 458, 0, 0
16630, 549, 68, 69, 0, 0, 13.52%, 0, 0, 5, 296.28, 5051923, 458, 0, 0
16635, 549, 51, 69, 0, 0, 13.52%, 0, 0, 5, 32.77, 5052797, 458, 0, 0
16640, 549, 12, 69, 0, 0, 13.52%, 0, 0, 5, 53.60, 5053938, 458, 0, 0
16645, 549, 68, 69, 0, 0, 13.52%, 0, 0, 5, 32.89, 5055076, 458, 0, 0
16650, 549, 68, 69, 0, 0, 13.52%, 0, 0, 5, 455.66, 5056224, 458, 0, 0
16655, 549, 12, 69, 0, 0, 13.52%, 0, 0, 5, 424.56, 5057115, 458, 0, 0
16661, 549, 24, 69, 0, 0, 13.52%, 0, 0, 5, 466.83, 5057915, 458, 0, 0
16666, 549, 9, 69, 0, 0, 13.52%, 0, 0, 5, 32.89, 5058620, 458, 0, 0
16671, 549, 68, 69, 0, 0, 13.52%, 0, 0, 5, 32.91, 5059686, 458, 0, 0
16676, 550, 51, 69, 0, 0, 13.52%, 0, 0, 5, 32.97, 5060813, 458, 0, 0
16681, 550, 15, 69, 0, 0, 13.52%, 0, 0, 5, 32.82, 5061913, 458, 0, 0
16686, 550, 68, 69, 0, 0, 13.52%, 0, 0, 5, 443.40, 5063039, 458, 0, 0
16691, 550, 24, 69, 0, 0, 13.52%, 0, 0, 5, 345.79, 5063961, 458, 0, 0
16696, 550, 15, 69, 0, 0, 13.52%, 0, 0, 5, 331.98, 5064585, 458, 0, 0
16701, 550, 38, 69, 0, 0, 13.52%, 0, 0, 5, 32.83, 5065504, 458, 0, 0
16707, 550, 68, 69, 0, 0, 13.52%, 0, 0, 5, 31.42, 5066632, 458, 0, 0
16712, 550, 68, 69, 0, 0, 13.52%, 0, 0, 5, 32.87, 5067744, 458, 0, 0
16717, 550, 68, 69, 0, 0, 13.52%, 0, 0, 5, 32.76, 5068848, 458, 0, 0
16722, 550, 68, 69, 0, 0, 13.52%, 0, 0, 5, 467.84, 5069669, 458, 0, 0
16727, 550, 7, 69, 0, 0, 13.52%, 0, 0, 5, 41.52, 5070224, 458, 0, 0
16732, 551, 12, 69, 0, 0, 13.52%, 0, 0, 5, 53.56, 5071410, 458, 0, 0
16737, 551, 27, 69, 0, 0, 13.52%, 0, 0, 5, 52.45, 5072649, 458, 0, 0
16742, 551, 1, 69, 0, 0, 13.52%, 0, 0, 5, 360.66, 5073492, 458, 0, 0
16747, 551, 42, 69, 0, 0, 13.52%, 0, 0, 5, 313.43, 5074095, 458, 0, 0
16752, 551, 51, 69, 0, 0, 13.52%, 0, 0, 5, 34.77, 5075248, 458, 0, 0
16758, 551, 65, 69, 0, 0, 13.52%, 0, 0, 5, 32.98, 5076489, 458, 0, 0
16763, 551, 35, 69, 0, 0, 13.52%, 0, 0, 5, 439.49, 5077459, 458, 0, 0
16768, 551, 57, 69, 0, 0, 13.52%, 0, 0, 5, 450.00, 5077970, 458, 0, 0
16773, 551, 68, 69, 0, 0, 13.52%, 0, 0, 5, 42.28, 5079059, 458, 0, 0
16778, 551, 51, 69, 0, 0, 13.52%, 0, 0, 5, 49.59, 5080243, 458, 0, 0
16783, 552, 17, 69, 0, 0, 13.52%, 0, 0, 5, 60.22, 5081482, 458, 0, 0
16788, 552, 15, 69, 0, 0, 13.52%, 0, 0, 5, 461.71, 5082215, 458, 0, 0
16793, 552, 15, 69, 0, 0, 13.52%, 0, 0, 5, 437.81, 5082884, 458, 0, 0
16798, 552, 63, 69, 0, 0, 13.52%, 0, 0, 5, 43.34, 5083967, 458, 0, 0
16803, 552, 68, 69, 0, 0, 13.52%, 0, 0, 5, 33.29, 5085130, 458, 0, 0
16809, 552, 44, 69, 0, 0, 13.52%, 0, 0, 5, 326.78, 5086339, 458, 0, 0
16814, 552, 63, 69, 0, 0, 13.52%, 0, 0, 5, 392.79, 5087106, 458, 0, 0
16819, 552, 2, 69, 0, 0, 13.52%, 0, 0, 5, 33.12, 5087697, 458, 0, 0
16824, 552, 44, 69, 0, 0, 13.52%, 0, 0, 5, 33.29, 5088859, 458, 0, 0
16829, 552, 68, 69, 0, 0, 13.52%, 0, 0, 5, 33.26, 5090003, 458, 0, 0
16834, 553, 9, 69, 0, 0, 13.52%, 0, 0, 5, 33.39, 5091144, 458, 0, 0
16839, 553, 55, 69, 0, 0, 13.52%, 0, 0, 5, 455.00, 5092288, 458, 0, 0
16845, 553, 51, 69, 0, 0, 13.52%, 0, 0, 5, 451.05, 5093069, 458, 0, 0
16850, 553, 12, 69, 0, 0, 13.52%, 0, 0, 5, 446.93, 5093759, 458, 0, 0
16855, 553, 68, 69, 0, 0, 13.52%, 0, 0, 5, 33.10, 5094775, 458, 0, 0
16860, 553, 7, 69, 0, 0, 13.52%, 0, 0, 5, 32.81, 5095941, 458, 0, 0
16865, 553, 38, 69, 0, 0, 13.52%, 0, 0, 5, 32.99, 5097080, 458, 0, 0
16870, 553, 15, 69, 0, 0, 13.52%, 0, 0, 5, 365.01, 5098092, 458, 0, 0
16875, 554, 24, 69, 0, 0, 13.52%, 0, 0, 5, 444.12, 5100499, 458, 0, 0
16880, 554, 20, 69, 0, 0, 13.52%, 0, 0, 5, 455.32, 5102806, 458, 0, 0
16885, 554, 68, 69, 0, 0, 13.52%, 0, 0, 5, 446.81, 5105099, 458, 0, 0
16890, 554, 9, 69, 0, 0, 13.52%, 0, 0, 5, 419.33, 5107183, 458, 0, 0
16895, 555, 35, 69, 0, 0, 13.52%, 0, 0, 5, 430.66, 5109375, 458, 0, 0
16900, 555, 68, 69, 0, 0, 13.52%, 0, 0, 5, 427.90, 5111543, 458, 0, 0
16905, 555, 44, 69, 0, 0, 13.52%, 0, 0, 5, 427.35, 5113691, 458, 0, 0
16910, 555, 9, 69, 0, 0, 13.52%, 0, 0, 5, 401.85, 5115734, 458, 0, 0
16915, 555, 12, 69, 0, 0, 13.52%, 0, 0, 5, 360.79, 5117520, 458, 0, 0
16921, 556, 68, 69, 0, 0, 13.52%, 0, 0, 5, 379.92, 5119427, 458, 0, 0
16926, 556, 68, 69, 0, 0, 13.52%, 0, 0, 5, 427.99, 5121715, 458, 0, 0
16931, 556, 12, 69, 0, 0, 13.52%, 0, 0, 5, 436.88, 5123923, 458, 0, 0
16936, 556, 68, 69, 0, 0, 13.52%, 0, 0, 5, 439.23, 5126211, 458, 0, 0
16941, 557, 51, 69, 0, 0, 13.52%, 0, 0, 5, 404.99, 5128287, 458, 0, 0
16946, 557, 68, 69, 0, 0, 13.52%, 0, 0, 5, 427.24, 5130403, 458, 0, 0
16951, 557, 12, 69, 0, 0, 13.52%, 0, 0, 5, 443.40, 5132723, 458, 0, 0
16956, 557, 20, 69, 0, 0, 13.52%, 0, 0, 5, 450.70, 5135061, 458, 0, 0
16962, 557, 21, 69, 0, 0, 13.52%, 0, 0, 5, 450.48, 5137388, 458, 0, 0
16967, 558, 47, 69, 0, 0, 13.52%, 0, 0, 5, 439.13, 5139583, 458, 0, 0
16972, 558, 15, 69, 0, 0, 13.52%, 0, 0, 5, 452.39, 5141933, 458, 0, 0
16977, 558, 68, 69, 0, 0, 13.52%, 0, 0, 5, 453.17, 5144285, 458, 0, 0
16982, 558, 5, 69, 0, 0, 13.52%, 0, 0, 5, 451.78, 5146597, 458, 0, 0
16987, 559, 15, 69, 0, 0, 13.52%, 0, 0, 5, 435.00, 5148707, 458, 0, 0
16992, 559, 15, 69, 0, 0, 13.52%, 0, 0, 5, 453.46, 5151070, 458, 0, 0
16998, 559, 68, 69, 0, 0, 13.52%, 0, 0, 5, 453.83, 5153431, 458, 0, 0
17003, 559, 23, 69, 0, 0, 13.52%, 0, 0, 5, 454.61, 5155779, 458, 0, 0
17008, 560, 68, 69, 0, 0, 13.52%, 0, 0, 5, 434.29, 5157951, 458, 0, 0
17013, 560, 44, 69, 0, 0, 13.52%, 0, 0, 5, 451.30, 5160297, 458, 0, 0
17018, 560, 63, 69, 0, 0, 13.52%, 0, 0, 5, 452.37, 5162652, 458, 0, 0
17023, 560, 68, 69, 0, 0, 13.52%, 0, 0, 5, 451.53, 5164952, 458, 0, 0
17028, 561, 24, 69, 0, 0, 13.52%, 0, 0, 5, 430.91, 5167075, 458, 0, 0
17034, 561, 51, 69, 0, 0, 13.52%, 0, 0, 5, 451.00, 5169424, 458, 0, 0
17039, 561, 21, 69, 0, 0, 13.52%, 0, 0, 5, 453.36, 5171779, 458, 0, 0
17044, 561, 15, 69, 0, 0, 13.52%, 0, 0, 5, 452.50, 5174133, 458, 0, 0
17049, 562, 9, 69, 0, 0, 13.52%, 0, 0, 5, 425.17, 5176315, 458, 0, 0
17054, 562, 53, 69, 0, 0, 13.52%, 0, 0, 5, 444.85, 5178642, 458, 0, 0
17059, 562, 38, 69, 0, 0, 13.52%, 0, 0, 5, 454.57, 5181015, 458, 0, 0
17064, 562, 68, 69, 0, 0, 13.52%, 0, 0, 5, 455.01, 5183306, 458, 0, 0
17070, 563, 51, 69, 0, 0, 13.52%, 0, 0, 5, 424.33, 5185451, 458, 0, 0
17075, 563, 2, 69, 0, 0, 13.52%, 0, 0, 5, 451.80, 5187833, 458, 0, 0
17080, 563, 51, 69, 0, 0, 13.52%, 0, 0, 5, 457.14, 5190142, 458, 0, 0
17085, 563, 47, 69, 0, 0, 13.52%, 0, 0, 5, 454.69, 5192424, 458, 0, 0
17090, 564, 9, 69, 0, 0, 13.52%, 0, 0, 5, 414.74, 5194591, 458, 0, 0
17095, 564, 20, 69, 0, 0, 13.52%, 0, 0, 5, 448.65, 5196883, 458, 0, 0
17100, 564, 20, 69, 0, 0, 13.52%, 0, 0, 5, 447.75, 5199083, 458, 0, 0
17105, 564, 7, 69, 0, 0, 13.52%, 0, 0, 5, 454.12, 5201370, 458, 0, 0
17110, 565, 68, 69, 0, 0, 13.52%, 0, 0, 5, 434.52, 5203647, 458, 0, 0
17115, 565, 7, 69, 0, 0, 13.52%, 0, 0, 5, 444.38, 5205907, 458, 0, 0
17120, 565, 7, 69, 0, 0, 13.52%, 0, 0, 5, 454.66, 5208215, 458, 0, 0
17125, 565, 65, 69, 0, 0, 13.52%, 0, 0, 5, 456.09, 5210506, 458, 0, 0
17131, 566, 12, 69, 0, 0, 13.52%, 0, 0, 5, 452.25, 5212824, 458, 0, 0
17136, 566, 68, 69, 0, 0, 13.52%, 0, 0, 5, 443.72, 5214959, 458, 0, 0
17141, 566, 51, 69, 0, 0, 13.52%, 0, 0, 5, 457.45, 5217306, 458, 0, 0
17146, 566, 68, 69, 0, 0, 13.52%, 0, 0, 5, 453.35, 5219576, 458, 0, 0
17151, 567, 65, 69, 0, 0, 13.52%, 0, 0, 5, 454.68, 5221924, 458, 0, 0
17156, 567, 15, 69, 0, 0, 13.52%, 0, 0, 5, 445.56, 5224139, 458, 0, 0
17161, 567, 38, 69, 0, 0, 13.52%, 0, 0, 5, 455.01, 5226452, 458, 0, 0
17166, 567, 9, 69, 0, 0, 13.52%, 0, 0, 5, 448.79, 5228691, 458, 0, 0
17172, 568, 38, 69, 0, 0, 13.52%, 0, 0, 5, 163.39, 5230759, 458, 0, 0
17177, 568, 7, 69, 0, 0, 13.52%, 0, 0, 5, 375.47, 5232950, 458, 0, 0
17182, 568, 38, 69, 0, 0, 13.52%, 0, 0, 5, 449.85, 5235115, 458, 0, 0
17187, 568, 1, 69, 0, 0, 13.52%, 0, 0, 5, 433.36, 5237242, 458, 0, 0
17192, 569, 51, 69, 0, 0, 13.52%, 0, 0, 5, 408.58, 5239263, 458, 0, 0
17197, 569, 25, 69, 0, 0, 13.52%, 0, 0, 5, 462.62, 5241488, 458, 0, 0
17202, 569, 51, 69, 0, 0, 13.52%, 0, 0, 5, 448.17, 5243642, 458, 0, 0
17207, 569, 23, 69, 0, 0, 13.52%, 0, 0, 5, 448.12, 5245883, 458, 0, 0
17212, 570, 68, 69, 0, 0, 13.52%, 0, 0, 5, 457.71, 5247944, 458, 0, 0
17217, 570, 68, 69, 0, 0, 13.52%, 0, 0, 5, 447.83, 5250143, 458, 0, 0
17223, 570, 47, 69, 0, 0, 13.52%, 0, 0, 5, 474.60, 5252343, 458, 0, 0
17228, 570, 51, 69, 0, 0, 13.52%, 0, 0, 5, 457.26, 5254542, 458, 0, 0
17233, 571, 21, 69, 0, 0, 13.52%, 0, 0, 5, 414.22, 5256515, 458, 0, 0
17238, 571, 68, 69, 0, 0, 13.52%, 0, 0, 5, 462.78, 5258679, 458, 0, 0
17243, 571, 17, 69, 0, 0, 13.52%, 0, 0, 5, 452.63, 5260888, 458, 0, 0
17248, 571, 65, 69, 0, 0, 13.52%, 0, 0, 5, 457.20, 5263052, 458, 0, 0
17253, 571, 51, 69, 0, 0, 13.52%, 0, 0, 5, 418.81, 5265163, 458, 0, 0
17258, 572, 20, 69, 0, 0, 13.52%, 0, 0, 5, 437.28, 5267315, 458, 0, 0
17263, 572, 68, 69, 0, 0, 13.52%, 0, 0, 5, 466.34, 5269503, 458, 0, 0
17268, 572, 44, 69, 0, 0, 13.52%, 0, 0, 5, 456.65, 5271579, 458, 0, 0
17274, 572, 68, 69, 0, 0, 13.52%, 0, 0, 5, 446.14, 5273819, 458, 0, 0
17279, 573, 14, 69, 0, 0, 13.52%, 0, 0, 5, 469.33, 5275888, 458, 0, 0
17284, 573, 51, 69, 0, 0, 13.52%, 0, 0, 5, 461.10, 5278142, 458, 0, 0
17289, 573, 51, 69, 0, 0, 13.52%, 0, 0, 5, 437.85, 5280191, 458, 0, 0
17294, 573, 20, 69, 0, 0, 13.52%, 0, 0, 5, 439.25, 5282383, 458, 0, 0
17299, 573, 68, 69, 0, 0, 13.52%, 0, 0, 5, 462.58, 5284449, 458, 0, 0
17304, 574, 1, 69, 0, 0, 13.52%, 0, 0, 5, 434.90, 5286515, 458, 0, 0
17309, 574, 68, 69, 0, 0, 13.52%, 0, 0, 5, 445.99, 5288695, 458, 0, 0
17314, 574, 51, 69, 0, 0, 13.52%, 0, 0, 5, 460.23, 5290787, 458, 0, 0
17320, 574, 68, 69, 0, 0, 13.52%, 0, 0, 5, 425.71, 5293023, 458, 0, 0
17325, 575, 20, 69, 0, 0, 13.52%, 0, 0, 5, 333.61, 5295027, 458, 0, 0
17330, 575, 44, 69, 0, 0, 13.52%, 0, 0, 5, 390.19, 5297027, 458, 0, 0
17335, 575, 51, 69, 0, 0, 13.52%, 0, 0, 5, 360.29, 5299220, 458, 0, 0
17340, 575, 7, 69, 0, 0, 13.52%, 0, 0, 5, 467.53, 5301361, 458, 0, 0
17345, 575, 20, 69, 0, 0, 13.52%, 0, 0, 5, 437.44, 5303439, 458, 0, 0
17350, 576, 15, 69, 0, 0, 13.52%, 0, 0, 5, 435.30, 5305491, 458, 0, 0
17355, 576, 7, 69, 0, 0, 13.52%, 0, 0, 5, 471.15, 5307770, 458, 0, 0
17360, 576, 51, 69, 0, 0, 13.52%, 0, 0, 5, 445.74, 5309831, 458, 0, 0
17366, 576, 44, 69, 0, 0, 13.52%, 0, 0, 5, 464.83, 5311852, 458, 0, 0
17371, 577, 9, 69, 0, 0, 13.52%, 0, 0, 5, 448.11, 5314107, 458, 0, 0
17376, 577, 44, 69, 0, 0, 13.52%, 0, 0, 5, 440.39, 5316131, 458, 0, 0
17381, 577, 68, 69, 0, 0, 13.52%, 0, 0, 5, 433.41, 5318227, 458, 0, 0
17386, 577, 49, 69, 0, 0, 13.52%, 0, 0, 5, 33.61, 5320279, 458, 0, 0
17391, 578, 12, 69, 0, 0, 13.52%, 0, 0, 5, 467.77, 5322461, 458, 0, 0
17396, 578, 6, 69, 0, 0, 13.52%, 0, 0, 5, 357.92, 5324541, 458, 0, 0
17401, 578, 23, 69, 0, 0, 13.52%, 0, 0, 5, 441.30, 5326575, 458, 0, 0
17406, 578, 0, 69, 0, 0, 13.52%, 0, 0, 5, 461.91, 5328824, 458, 0, 0
17411, 578, 44, 69, 0, 0, 13.52%, 0, 0, 5, 450.72, 5330831, 458, 0, 0
17417, 579, 12, 69, 0, 0, 13.52%, 0, 0, 5, 467.66, 5332879, 458, 0, 0
17422, 579, 12, 69, 0, 0, 13.52%, 0, 0, 5, 277.30, 5335058, 458, 0, 0
17427, 579, 7, 69, 0, 0, 13.52%, 0, 0, 5, 455.79, 5337224, 458, 0, 0
17432, 579, 47, 69, 0, 0, 13.52%, 0, 0, 5, 437.82, 5339299, 458, 0, 0
17437, 580, 68, 69, 0, 0, 13.52%, 0, 0, 5, 417.10, 5341391, 458, 0, 0
17442, 580, 44, 69, 0, 0, 13.52%, 0, 0, 5, 437.56, 5343559, 458, 0, 0
17447, 580, 68, 69, 0, 0, 13.52%, 0, 0, 5, 395.45, 5345560, 458, 0, 0
17452, 580, 1, 69, 0, 0, 13.52%, 0, 0, 5, 458.57, 5347606, 458, 0, 0
17457, 581, 51, 69, 0, 0, 13.52%, 0, 0, 5, 447.04, 5349867, 458, 0, 0
17463, 581, 20, 69, 0, 0, 13.52%, 0, 0, 5, 32.74, 5350110, 458, 0, 0
17468, 581, 50, 69, 0, 0, 13.52%, 0, 0, 5, 432.94, 5352055, 458, 0, 0
17473, 581, 17, 69, 0, 0, 13.52%, 0, 0, 5, 402.23, 5353550, 458, 0, 0
17478, 581, 68, 69, 0, 0, 13.52%, 0, 0, 5, 469.54, 5354923, 458, 0, 0
17483, 581, 51, 69, 0, 0, 13.52%, 0, 0, 5, 465.02, 5356324, 458, 0, 0
17488, 581, 68, 69, 0, 0, 13.52%, 0, 0, 5, 203.98, 5357617, 458, 0, 0
17493, 582, 17, 69, 0, 0, 13.52%, 0, 0, 5, 32.43, 5359155, 458, 0, 0
17498, 582, 38, 69, 0, 0, 13.52%, 0, 0, 5, 32.46, 5360734, 458, 0, 0
17503, 582, 12, 69, 0, 0, 13.52%, 0, 0, 5, 33.80, 5362313, 458, 0, 0
17509, 582, 68, 69, 0, 0, 13.52%, 0, 0, 5, 344.44, 5363797, 458, 0, 0
17514, 582, 44, 69, 0, 0, 13.52%, 0, 0, 5, 398.47, 5365178, 458, 0, 0
17519, 582, 1, 69, 0, 0, 13.52%, 0, 0, 5, 468.68, 5366370, 458, 0, 0
17524, 583, 24, 69, 0, 0, 13.52%, 0, 0, 5, 363.14, 5367499, 458, 0, 0
17529, 583, 17, 69, 0, 0, 13.52%, 0, 0, 5, 469.71, 5368733, 458, 0, 0
17534, 583, 35, 69, 0, 0, 13.52%, 0, 0, 5, 407.96, 5369763, 458, 0, 0
17539, 583, 17, 69, 0, 0, 13.52%, 0, 0, 5, 55.22, 5371186, 458, 0, 0
17544, 583, 62, 69, 0, 0, 13.52%, 0, 0, 5, 32.96, 5372596, 458, 0, 0
17549, 583, 20, 69, 0, 0, 13.52%, 0, 0, 5, 32.86, 5374034, 458, 0, 0
17554, 583, 68, 69, 0, 0, 13.52%, 0, 0, 5, 479.08, 5375051, 458, 0, 0
17559, 583, 9, 69, 0, 0, 13.52%, 0, 0, 5, 467.08, 5375979, 458, 0, 0
17564, 584, 9, 69, 0, 0, 13.52%, 0, 0, 5, 33.04, 5377190, 458, 0, 0
17569, 584, 68, 69, 0, 0, 13.52%, 0, 0, 5, 33.22, 5378624, 458, 0, 0
17574, 584, 17, 69, 0, 0, 13.52%, 0, 0, 5, 390.28, 5380020, 458, 0, 0
17580, 584, 68, 69, 0, 0, 13.52%, 0, 0, 5, 375.22, 5380767, 458, 0, 0
17585, 584, 1, 69, 0, 0, 13.52%, 0, 0, 5, 467.66, 5381675, 458, 0, 0
17590, 584, 51, 69, 0, 0, 13.52%, 0, 0, 5, 56.16, 5382883, 458, 0, 0
17595, 584, 47, 69, 0, 0, 13.52%, 0, 0, 5, 32.83, 5384209, 458, 0, 0
17600, 584, 23, 69, 0, 0, 13.52%, 0, 0, 5, 32.83, 5385514, 458, 0, 0
17605, 585, 12, 69, 0, 0, 13.52%, 0, 0, 5, 464.34, 5386597, 458, 0, 0
17610, 585, 68, 69, 0, 0, 13.52%, 0, 0, 5, 220.78, 5387307, 458, 0, 0
17615, 585, 15, 69, 0, 0, 13.52%, 0, 0, 5, 33.21, 5388324, 458, 0, 0
17620, 585, 20, 69, 0, 0, 13.52%, 0, 0, 5, 32.98, 5389598, 458, 0, 0
17625, 585, 1, 69, 0, 0, 13.52%, 0, 0, 5, 65.31, 5390912, 458, 0, 0
17631, 585, 1, 69, 0, 0, 13.52%, 0, 0, 5, 464.74, 5391906, 458, 0, 0
17636, 585, 24, 69, 0, 0, 13.52%, 0, 0, 5, 477.07, 5392652, 458, 0, 0
17641, 585, 68, 69, 0, 0, 13.52%, 0, 0, 5, 33.01, 5393586, 458, 0, 0
17646, 585, 23, 69, 0, 0, 13.52%, 0, 0, 5, 33.82, 5394862, 458, 0, 0
17651, 586, 44, 69, 0, 0, 13.52%, 0, 0, 5, 33.16, 5396080, 458, 0, 0
17656, 586, 44, 69, 0, 0, 13.52%, 0, 0, 5, 338.87, 5397285, 458, 0, 0
17661, 586, 68, 69, 0, 0, 13.52%, 0, 0, 5, 421.01, 5398255, 458, 0, 0
17666, 586, 68, 69, 0, 0, 13.52%, 0, 0, 5, 463.67, 5398960, 458, 0, 0
17671, 586, 9, 69, 0, 0, 13.52%, 0, 0, 5, 32.66, 5399924, 458, 0, 0
17677, 586, 68, 69, 0, 0, 13.52%, 0, 0, 5, 40.89, 5401110, 458, 0, 0
17682, 586, 5, 69, 0, 0, 13.52%, 0, 0, 5, 33.30, 5402354, 458, 0, 0
17687, 586, 7, 69, 0, 0, 13.52%, 0, 0, 5, 370.20, 5403464, 458, 0, 0
17692, 587, 35, 69, 0, 0, 13.52%, 0, 0, 5, 470.24, 5404315, 458, 0, 0
17697, 587, 68, 69, 0, 0, 13.52%, 0, 0, 5, 428.79, 5405075, 458, 0, 0
17702, 587, 24, 69, 0, 0, 13.52%, 0, 0, 5, 32.61, 5406135, 458, 0, 0
17707, 587, 51, 69, 0, 0, 13.52%, 0, 0, 5, 33.06, 5407271, 458, 0, 0
17713, 587, 2, 69, 0, 0, 13.52%, 0, 0, 5, 4.50, 5408437, 458, 0, 0
17718, 587, 51, 69, 0, 0, 13.52%, 0, 0, 5, 60.35, 5409557, 458, 0, 0
17723, 587, 47, 69, 0, 0, 13.52%, 0, 0, 5, 371.24, 5410485, 458, 0, 0
17728, 587, 54, 69, 0, 0, 13.52%, 0, 0, 5, 259.75, 5411259, 458, 0, 0
17733, 587, 38, 69, 0, 0, 13.52%, 0, 0, 5, 364.97, 5412113, 458, 0, 0
17738, 588, 68, 69, 0, 0, 13.52%, 0, 0, 5, 33.29, 5413142, 458, 0, 0
17743, 588, 51, 69, 0, 0, 13.52%, 0, 0, 5, 32.84, 5414319, 458, 0, 0
17748, 588, 2, 69, 0, 0, 13.52%, 0, 0, 5, 32.79, 5415471, 458, 0, 0
17753, 588, 17, 69, 0, 0, 13.52%, 0, 0, 5, 33.18, 5416599, 458, 0, 0
17758, 588, 7, 69, 0, 0, 13.52%, 0, 0, 5, 408.84, 5417475, 458, 0, 0
17763, 588, 18, 69, 0, 0, 13.52%, 0, 0, 5, 304.92, 5418298, 458, 0, 0
17768, 588, 53, 69, 0, 0, 13.52%, 0, 0, 5, 32.73, 5419044, 458, 0, 0
17774, 588, 1, 69, 0, 0, 13.52%, 0, 0, 5, 33.11, 5420298, 458, 0, 0
17779, 588, 68, 69, 0, 0, 13.52%, 0, 0, 5, 54.61, 5421623, 458, 0, 0
17784, 589, 7, 69, 0, 0, 13.52%, 0, 0, 5, 403.90, 5422227, 458, 0, 0
17789, 589, 21, 69, 0, 0, 13.52%, 0, 0, 5, 33.30, 5423047, 458, 0, 0
17794, 589, 68, 69, 0, 0, 13.52%, 0, 0, 5, 33.67, 5424272, 458, 0, 0
17799, 589, 68, 69, 0, 0, 13.52%, 0, 0, 5, 33.33, 5425501, 458, 0, 0
17804, 589, 12, 69, 0, 0, 13.52%, 0, 0, 5, 363.34, 5426250, 458, 0, 0
17809, 589, 12, 69, 0, 0, 13.52%, 0, 0, 5, 33.00, 5426925, 458, 0, 0
17814, 589, 17, 69, 0, 0, 13.52%, 0, 0, 5, 33.26, 5428183, 458, 0, 0
17819, 589, 32, 69, 0, 0, 13.52%, 0, 0, 5, 32.04, 5429398, 458, 0, 0
17824, 589, 38, 69, 0, 0, 13.52%, 0, 0, 5, 468.85, 5430306, 458, 0, 0
17829, 590, 23, 69, 0, 0, 13.52%, 0, 0, 5, 463.37, 5430988, 458, 0, 0
17835, 590, 51, 69, 0, 0, 13.52%, 0, 0, 5, 33.28, 5431957, 458, 0, 0
17840, 590, 24, 69, 0, 0, 13.52%, 0, 0, 5, 47.80, 5433199, 458, 0, 0
17845, 590, 17, 69, 0, 0, 13.52%, 0, 0, 5, 32.78, 5434386, 458, 0, 0
17850, 590, 15, 69, 0, 0, 13.52%, 0, 0, 5, 450.68, 5435291, 458, 0, 0
17855, 590, 68, 69, 0, 0, 13.52%, 0, 0, 5, 430.00, 5435853, 458, 0, 0
17860, 590, 68, 69, 0, 0, 13.52%, 0, 0, 5, 32.92, 5436983, 458, 0, 0
17865, 590, 68, 69, 0, 0, 13.52%, 0, 0, 5, 32.99, 5438135, 458, 0, 0
17870, 590, 15, 69, 0, 0, 13.52%, 0, 0, 5, 33.23, 5439334, 458, 0, 0
17875, 590, 68, 69, 0, 0, 13.52%, 0, 0, 5, 323.28, 5440249, 458, 0, 0
17880, 591, 51, 69, 0, 0, 13.52%, 0, 0, 5, 462.32, 5440960, 458, 0, 0
17886, 591, 68, 69, 0, 0, 13.52%, 0, 0, 5, 47.22, 5441883, 458, 0, 0
17891, 591, 68, 69, 0, 0, 13.52%, 0, 0, 5, 32.73, 5443058, 458, 0, 0
17896, 591, 51, 69, 0, 0, 13.52%, 0, 0, 5, 33.07, 5444255, 458, 0, 0
17901, 591, 53, 69, 0, 0, 13.52%, 0, 0, 5, 371.20, 5445290, 458, 0, 0
17906, 591, 7, 69, 0, 0, 13.52%, 0, 0, 5, 278.23, 5445998, 458, 0, 0
17911, 591, 68, 69, 0, 0, 13.52%, 0, 0, 5, 39.80, 5446734, 458, 0, 0
17916, 591, 16, 69, 0, 0, 13.52%, 0, 0, 5, 33.20, 5447892, 458, 0, 0
17921, 591, 38, 69, 0, 0, 13.52%, 0, 0, 5, 33.17, 5449016, 458, 0, 0
17926, 591, 68, 69, 0, 0, 13.52%, 0, 0, 5, 33.73, 5450188, 458, 0, 0
17931, 591, 63, 69, 0, 0, 13.52%, 0, 0, 5, 451.63, 5451333, 458, 0, 0
17936, 592, 68, 69, 0, 0, 13.52%, 0, 0, 5, 478.48, 5452176, 458, 0, 0
17941, 592, 12, 69, 0, 0, 13.52%, 0, 0, 5, 392.84, 5452906, 458, 0, 0
17946, 592, 44, 69, 0, 0, 13.52%, 0, 0, 5, 33.29, 5453797, 458, 0, 0
17952, 592, 51, 69, 0, 0, 13.52%, 0, 0, 5, 33.32, 5454949, 458, 0, 0
17957, 592, 68, 69, 0, 0, 13.52%, 0, 0, 5, 33.17, 5456086, 458, 0, 0
17962, 592, 1, 69, 0, 0, 13.52%, 0, 0, 5, 33.22, 5457241, 458, 0, 0
17967, 592, 51, 69, 0, 0, 13.52%, 0, 0, 5, 349.51, 5458251, 458, 0, 0
17972, 592, 12, 69, 0, 0, 13.52%, 0, 0, 5, 372.74, 5458971, 458, 0, 0
17977, 592, 21, 69, 0, 0, 13.52%, 0, 0, 5, 35.21, 5459696, 458, 0, 0
17982, 593, 25, 69, 0, 0, 13.52%, 0, 0, 5, 32.52, 5460819, 458, 0, 0
17987, 593, 7, 69, 0, 0, 13.52%, 0, 0, 5, 37.42, 5461934, 458, 0, 0
17992, 593, 4, 69, 0, 0, 13.52%, 0, 0, 5, 62.54, 5463073, 458, 0, 0
17998, 593, 21, 69, 0, 0, 13.52%, 0, 0, 5, 400.53, 5464391, 458, 0, 0
18003, 593, 51, 69, 0, 0, 13.52%, 0, 0, 5, 269.88, 5465028, 458, 0, 0
18008, 593, 44, 69, 0, 0, 13.52%, 0, 0, 5, 32.73, 5465802, 458, 0, 0
18013, 593, 23, 69, 0, 0, 13.52%, 0, 0, 5, 32.70, 5466990, 458, 0, 0
18018, 593, 68, 69, 0, 0, 13.52%, 0, 0, 5, 33.12, 5468216, 458, 0, 0
18023, 593, 68, 69, 0, 0, 13.52%, 0, 0, 5, 349.60, 5469409, 458, 0, 0
18028, 593, 2, 69, 0, 0, 13.52%, 0, 0, 5, 282.51, 5470003, 458, 0, 0
18033, 594, 62, 69, 0, 0, 13.52%, 0, 0, 5, 33.29, 5470866, 458, 0, 0
18039, 594, 65, 69, 0, 0, 13.52%, 0, 0, 5, 32.86, 5472076, 458, 0, 0
18044, 594, 68, 69, 0, 0, 13.52%, 0, 0, 5, 72.64, 5473340, 458, 0, 0
18049, 594, 68, 69, 0, 0, 13.52%, 0, 0, 5, 363.01, 5474365, 458, 0, 0
18054, 594, 47, 69, 0, 0, 13.52%, 0, 0, 5, 423.13, 5475059, 458, 0, 0
18059, 594, 68, 69, 0, 0, 13.52%, 0, 0, 5, 31.85, 5475914, 458, 0, 0
18064, 594, 68, 69, 0, 0, 13.52%, 0, 0, 5, 58.26, 5477100, 458, 0, 0
18069, 594, 12, 69, 0, 0, 13.52%, 0, 0, 5, 429.04, 5478331, 458, 0, 0
18074, 594, 44, 69, 0, 0, 13.52%, 0, 0, 5, 283.95, 5478893, 458, 0, 0
18079, 595, 51, 69, 0, 0, 13.52%, 0, 0, 5, 32.91, 5479740, 458, 0, 0
18084, 595, 68, 69, 0, 0, 13.52%, 0, 0, 5, 32.97, 5480925, 458, 0, 0
18089, 595, 1, 69, 0, 0, 13.52%, 0, 0, 5, 33.61, 5482099, 458, 0, 0
18095, 595, 68, 69, 0, 0, 13.52%, 0, 0, 5, 318.08, 5483191, 458, 0, 0
18100, 595, 68, 69, 0, 0, 13.52%, 0, 0, 5, 363.70, 5483830, 458, 0, 0
18105, 595, 35, 69, 0, 0, 13.52%, 0, 0, 5, 31.69, 5484644, 458, 0, 0
18110, 595, 25, 69, 0, 0, 13.52%, 0, 0, 5, 33.20, 5485741, 458, 0, 0
18115, 595, 12, 69, 0, 0, 13.52%, 0, 0, 5, 32.82, 5486864, 458, 0, 0
18120, 595, 1, 69, 0, 0, 13.52%, 0, 0, 5, 33.38, 5487999, 458, 0, 0
18125, 596, 1, 69, 0, 0, 13.52%, 0, 0, 5, 462.46, 5489006, 458, 0, 0
18130, 596, 64, 69, 0, 0, 13.52%, 0, 0, 5, 443.29, 5489639, 458, 0, 0
18135, 596, 17, 69, 0, 0, 13.52%, 0, 0, 5, 32.93, 5490521, 458, 0, 0
18141, 596, 47, 69, 0, 0, 13.52%, 0, 0, 5, 33.11, 5491654, 458, 0, 0
18146, 596, 0, 69, 0, 0, 13.52%, 0, 0, 5, 32.67, 5492801, 458, 0, 0
18151, 596, 44, 69, 0, 0, 13.52%, 0, 0, 5, 30.89, 5493923, 458, 0, 0
18156, 596, 7, 69, 0, 0, 13.52%, 0, 0, 5, 449.37, 5494815, 458, 0, 0
18161, 596, 68, 69, 0, 0, 13.52%, 0, 0, 5, 336.20, 5495375, 458, 0, 0
18166, 596, 51, 69, 0, 0, 13.52%, 0, 0, 5, 42.64, 5496362, 458, 0, 0
18171, 596, 13, 69, 0, 0, 13.52%, 0, 0, 5, 32.76, 5497484, 458, 0, 0
18176, 597, 68, 69, 0, 0, 13.52%, 0, 0, 5, 46.70, 5498583, 458, 0, 0
18182, 597, 51, 69, 0, 0, 13.52%, 0, 0, 5, 33.57, 5499714, 458, 0, 0
18187, 597, 17, 69, 0, 0, 13.52%, 0, 0, 5, 304.48, 5500618, 458, 0, 0
18192, 597, 9, 69, 0, 0, 13.52%, 0, 0, 5, 284.52, 5501308, 458, 0, 0
18197, 597, 20, 69, 0, 0, 13.52%, 0, 0, 5, 32.83, 5502107, 458, 0, 0
18202, 597, 38, 69, 0, 0, 13.52%, 0, 0, 5, 32.86, 5503174, 458, 0, 0
18207, 597, 15, 69, 0, 0, 13.52%, 0, 0, 5, 54.77, 5504195, 458, 0, 0
18212, 597, 68, 69, 0, 0, 13.52%, 0, 0, 5, 32.63, 5505342, 458, 0, 0
18217, 597, 1, 69, 0, 0, 13.52%, 0, 0, 5, 338.79, 5506385, 458, 0, 0
18222, 598, 51, 69, 0, 0, 13.52%, 0, 0, 5, 364.00, 5507318, 458, 0, 0
18227, 598, 68, 69, 0, 0, 13.52%, 0, 0, 5, 381.25, 5507823, 458, 0, 0
18233, 598, 23, 69, 0, 0, 13.52%, 0, 0, 5, 33.05, 5508882, 458, 0, 0
18238, 598, 1, 69, 0, 0, 13.52%, 0, 0, 5, 33.01, 5510132, 458, 0, 0
18243, 598, 12, 69, 0, 0, 13.52%, 0, 0, 5, 465.03, 5511233, 458, 0, 0
18248, 598, 51, 69, 0, 0, 13.52%, 0, 0, 5, 478.21, 5511823, 458, 0, 0
18253, 598, 17, 69, 0, 0, 13.52%, 0, 0, 5, 52.89, 5512729, 458, 0, 0
18258, 598, 3, 69, 0, 0, 13.52%, 0, 0, 5, 51.96, 5513955, 458, 0, 0
18263, 598, 38, 69, 0, 0, 13.52%, 0, 0, 5, 33.96, 5515142, 458, 0, 0
18268, 598, 25, 69, 0, 0, 13.52%, 0, 0, 5, 356.01, 5515885, 458, 0, 0
18273, 598, 57, 69, 0, 0, 13.52%, 0, 0, 5, 33.01, 5516460, 458, 0, 0
18278, 599, 7, 69, 0, 0, 13.52%, 0, 0, 5, 33.15, 5517669, 458, 0, 0
18284, 599, 57, 69, 0, 0, 13.52%, 0, 0, 5, 32.96, 5518848, 458, 0, 0
18289, 599, 68, 69, 0, 0, 13.52%, 0, 0, 5, 458.32, 5520031, 458, 0, 0
18294, 599, 51, 69, 0, 0, 13.52%, 0, 0, 5, 387.29, 5520592, 458, 0, 0
18299, 599, 35, 69, 0, 0, 13.52%, 0, 0, 5, 32.89, 5521423, 458, 0, 0
18304, 599, 44, 69, 0, 0, 13.52%, 0, 0, 5, 32.80, 5522639, 458, 0, 0
18309, 599, 53, 69, 0, 0, 13.52%, 0, 0, 5, 42.49, 5523800, 458, 0, 0
18314, 599, 24, 69, 0, 0, 13.52%, 0, 0, 5, 382.35, 5524750, 458, 0, 0
18319, 599, 20, 69, 0, 0, 13.52%, 0, 0, 5, 447.76, 5525287, 458, 0, 0
18324, 600, 44, 69, 0, 0, 13.52%, 0, 0, 5, 55.50, 5526390, 458, 0, 0
18329, 600, 1, 69, 0, 0, 13.52%, 0, 0, 5, 32.87, 5527594, 458, 0, 0
18335, 600, 12, 69, 0, 0, 13.52%, 0, 0, 5, 33.06, 5528742, 458, 0, 0
18340, 600, 68, 69, 0, 0, 13.52%, 0, 0, 5, 315.79, 5529655, 458, 0, 0
18345, 600, 7, 69, 0, 0, 13.52%, 0, 0, 5, 360.76, 5530350, 458, 0, 0
18350, 600, 38, 69, 0, 0, 13.52%, 0, 0, 5, 265.37, 5532158, 458, 0, 0
18355, 601, 51, 69, 0, 0, 13.52%, 0, 0, 5, 407.39, 5534467, 458, 0, 0
18360, 601, 20, 69, 0, 0, 13.52%, 0, 0, 5, 438.35, 5536759, 458, 0, 0
18366, 601, 57, 69, 0, 0, 13.52%, 0, 0, 5, 439.52, 5539051, 458, 0, 0
18371, 601, 51, 69, 0, 0, 13.52%, 0, 0, 5, 398.02, 5541083, 458, 0, 0
18376, 601, 25, 69, 0, 0, 13.52%, 0, 0, 5, 373.20, 5542920, 458, 0, 0
18381, 602, 12, 69, 0, 0, 13.52%, 0, 0, 5, 417.21, 5545023, 458, 0, 0
18386, 602, 44, 69, 0, 0, 13.52%, 0, 0, 5, 432.10, 5547215, 458, 0, 0
18391, 602, 2, 69, 0, 0, 13.52%, 0, 0, 5, 435.44, 5549415, 458, 0, 0
18396, 603, 38, 69, 0, 0, 13.52%, 0, 0, 5, 434.33, 5551607, 458, 0, 0
18401, 603, 51, 69, 0, 0, 13.52%, 0, 0, 5, 386.83, 5553499, 458, 0, 0
18406, 603, 1, 69, 0, 0, 13.52%, 0, 0, 5, 418.77, 5555567, 458, 0, 0
18411, 603, 68, 69, 0, 0, 13.52%, 0, 0, 5, 438.91, 5557787, 458, 0, 0
18416, 604, 21, 69, 0, 0, 13.52%, 0, 0, 5, 440.09, 5560075, 458, 0, 0
18421, 604, 68, 69, 0, 0, 13.52%, 0, 0, 5, 443.43, 5562359, 458, 0, 0
18426, 604, 51, 69, 0, 0, 13.52%, 0, 0, 5, 430.41, 5564531, 458, 0, 0
18432, 604, 2, 69, 0, 0, 13.52%, 0, 0, 5, 447.64, 5566875, 458, 0, 0
18437, 605, 15, 69, 0, 0, 13.52%, 0, 0, 5, 448.72, 5569191, 458, 0, 0
18442, 605, 44, 69, 0, 0, 13.52%, 0, 0, 5, 449.55, 5571506, 458, 0, 0
18447, 605, 1, 69, 0, 0, 13.52%, 0, 0, 5, 435.65, 5573683, 458, 0, 0
18452, 605, 51, 69, 0, 0, 13.52%, 0, 0, 5, 450.41, 5576032, 458, 0, 0
18457, 606, 1, 69, 0, 0, 13.52%, 0, 0, 5, 452.46, 5578370, 458, 0, 0
18463, 606, 65, 69, 0, 0, 13.52%, 0, 0, 5, 454.92, 5580733, 458, 0, 0
18468, 606, 44, 69, 0, 0, 13.52%, 0, 0, 5, 433.60, 5582851, 458, 0, 0
18473, 606, 7, 69, 0, 0, 13.52%, 0, 0, 5, 451.04, 5585197, 458, 0, 0
18478, 606, 68, 69, 0, 0, 13.52%, 0, 0, 5, 456.84, 5587550, 458, 0, 0
18483, 607, 68, 69, 0, 0, 13.52%, 0, 0, 5, 455.23, 5589832, 458, 0, 0
18488, 607, 9, 69, 0, 0, 13.52%, 0, 0, 5, 428.94, 5591967, 458, 0, 0
18493, 607, 63, 69, 0, 0, 13.52%, 0, 0, 5, 449.60, 5594324, 458, 0, 0
18498, 607, 53, 69, 0, 0, 13.52%, 0, 0, 5, 451.63, 5596596, 458, 0, 0
18503, 608, 20, 69, 0, 0, 13.52%, 0, 0, 5, 456.54, 5598897, 458, 0, 0
18508, 608, 29, 69, 0, 0, 13.52%, 0, 0, 5, 424.58, 5601091, 458, 0, 0
18513, 608, 38, 69, 0, 0, 13.52%, 0, 0, 5, 453.41, 5603397, 458, 0, 0
18518, 609, 65, 69, 0, 0, 13.52%, 0, 0, 5, 457.25, 5605706, 458, 0, 0
18524, 609, 23, 69, 0, 0, 13.52%, 0, 0, 5, 455.78, 5608079, 458, 0, 0
18529, 609, 5, 69, 0, 0, 13.52%, 0, 0, 5, 418.82, 5610251, 458, 0, 0
18534, 609, 58, 69, 0, 0, 13.52%, 0, 0, 5, 452.67, 5612652, 458, 0, 0
18539, 609, 68, 69, 0, 0, 13.52%, 0, 0, 5, 469.56, 5614885, 458, 0, 0
18544, 610, 51, 69, 0, 0, 13.52%, 0, 0, 5, 456.35, 5617152, 458, 0, 0
18549, 610, 7, 69, 0, 0, 13.52%, 0, 0, 5, 428.86, 5619342, 458, 0, 0
18554, 610, 65, 69, 0, 0, 13.52%, 0, 0, 5, 446.69, 5621651, 458, 0, 0
18559, 610, 9, 69, 0, 0, 13.52%, 0, 0, 5, 458.07, 5623997, 458, 0, 0
18564, 611, 15, 69, 0, 0, 13.52%, 0, 0, 5, 459.49, 5626324, 458, 0, 0
18569, 611, 51, 69, 0, 0, 13.52%, 0, 0, 5, 451.67, 5628661, 458, 0, 0
18575, 611, 68, 69, 0, 0, 13.52%, 0, 0, 5, 446.60, 5630843, 458, 0, 0
18580, 611, 68, 69, 0, 0, 13.52%, 0, 0, 5, 454.68, 5633160, 458, 0, 0
18585, 612, 24, 69, 0, 0, 13.52%, 0, 0, 5, 440.11, 5635375, 458, 0, 0
18590, 612, 68, 69, 0, 0, 13.52%, 0, 0, 5, 454.40, 5637742, 458, 0, 0
18595, 612, 12, 69, 0, 0, 13.52%, 0, 0, 5, 445.39, 5639883, 458, 0, 0
18600, 612, 68, 69, 0, 0, 13.52%, 0, 0, 5, 456.73, 5642223, 458, 0, 0
18605, 613, 44, 69, 0, 0, 13.52%, 0, 0, 5, 455.67, 5644533, 458, 0, 0
18610, 613, 51, 69, 0, 0, 13.52%, 0, 0, 5, 455.29, 5646815, 458, 0, 0
18615, 613, 1, 69, 0, 0, 13.52%, 0, 0, 5, 437.63, 5648959, 458, 0, 0
18620, 613, 68, 69, 0, 0, 13.52%, 0, 0, 5, 455.21, 5651287, 458, 0, 0
18625, 614, 12, 69, 0, 0, 13.52%, 0, 0, 5, 454.27, 5653579, 458, 0, 0
18630, 614, 7, 69, 0, 0, 13.52%, 0, 0, 5, 444.87, 5655815, 458, 0, 0
18635, 614, 51, 69, 0, 0, 13.52%, 0, 0, 5, 431.75, 5658007, 458, 0, 0
18641, 614, 44, 69, 0, 0, 13.52%, 0, 0, 5, 450.99, 5660370, 458, 0, 0
18646, 615, 51, 69, 0, 0, 13.52%, 0, 0, 5, 457.33, 5662679, 458, 0, 0
18651, 615, 68, 69, 0, 0, 13.52%, 0, 0, 5, 470.00, 5664827, 458, 0, 0
18656, 615, 51, 69, 0, 0, 13.52%, 0, 0, 5, 444.37, 5667043, 458, 0, 0
18661, 615, 43, 69, 0, 0, 13.52%, 0, 0, 5, 324.62, 5669221, 458, 0, 0
18666, 616, 12, 69, 0, 0, 13.52%, 0, 0, 5, 398.01, 5671327, 458, 0, 0
18671, 616, 68, 69, 0, 0, 13.52%, 0, 0, 5, 461.14, 5673576, 458, 0, 0
18677, 616, 61, 69, 0, 0, 13.52%, 0, 0, 5, 460.65, 5675688, 458, 0, 0
18682, 616, 12, 69, 0, 0, 13.52%, 0, 0, 5, 446.26, 5677891, 458, 0, 0
18687, 617, 48, 69, 0, 0, 13.52%, 0, 0, 5, 422.36, 5680107, 458, 0, 0
18692, 617, 24, 69, 0, 0, 13.52%, 0, 0, 5, 461.42, 5682297, 458, 0, 0
18697, 617, 7, 69, 0, 0, 13.52%, 0, 0, 5, 422.87, 5684383, 458, 0, 0
18702, 617, 38, 69, 0, 0, 13.52%, 0, 0, 5, 433.28, 5686567, 458, 0, 0
18707, 618, 51, 69, 0, 0, 13.52%, 0, 0, 5, 444.66, 5688731, 458, 0, 0
18712, 618, 23, 69, 0, 0, 13.52%, 0, 0, 5, 35.56, 5690783, 458, 0, 0
18717, 618, 51, 69, 0, 0, 13.52%, 0, 0, 5, 437.23, 5692991, 458, 0, 0
18722, 618, 1, 69, 0, 0, 13.52%, 0, 0, 5, 467.10, 5695233, 458, 0, 0
18728, 619, 1, 69, 0, 0, 13.52%, 0, 0, 5, 439.28, 5697315, 458, 0, 0
18733, 619, 23, 69, 0, 0, 13.52%, 0, 0, 5, 470.46, 5699561, 458, 0, 0
18738, 619, 2, 69, 0, 0, 13.52%, 0, 0, 5, 449.10, 5701783, 458, 0, 0
18743, 619, 68, 69, 0, 0, 13.52%, 0, 0, 5, 427.04, 5703855, 458, 0, 0
18748, 620, 38, 69, 0, 0, 13.52%, 0, 0, 5, 433.66, 5706015, 458, 0, 0
18753, 620, 1, 69, 0, 0, 13.52%, 0, 0, 5, 437.04, 5708199, 458, 0, 0
18758, 620, 68, 69, 0, 0, 13.52%, 0, 0, 5, 276.05, 5710248, 458, 0, 0
18763, 620, 68, 69, 0, 0, 13.52%, 0, 0, 5, 403.55, 5712446, 458, 0, 0
18768, 620, 17, 69, 0, 0, 13.52%, 0, 0, 5, 299.97, 5714549, 458, 0, 0
18774, 621, 68, 69, 0, 0, 13.52%, 0, 0, 5, 461.77, 5716731, 458, 0, 0
18779, 621, 68, 69, 0, 0, 13.52%, 0, 0, 5, 447.53, 5718959, 458, 0, 0
18784, 621, 68, 69, 0, 0, 13.52%, 0, 0, 5, 452.92, 5721049, 458, 0, 0
18789, 621, 44, 69, 0, 0, 13.52%, 0, 0, 5, 445.24, 5723223, 458, 0, 0
18794, 622, 51, 69, 0, 0, 13.52%, 0, 0, 5, 420.00, 5725307, 458, 0, 0
18799, 622, 17, 69, 0, 0, 13.52%, 0, 0, 5, 431.45, 5727543, 458, 0, 0
18804, 622, 15, 69, 0, 0, 13.52%, 0, 0, 5, 442.56, 5729783, 458, 0, 0
18810, 622, 12, 69, 0, 0, 13.52%, 0, 0, 5, 436.99, 5731891, 458, 0, 0
18815, 623, 51, 69, 0, 0, 13.52%, 0, 0, 5, 454.33, 5734133, 458, 0, 0
18820, 623, 12, 69, 0, 0, 13.52%, 0, 0, 5, 470.09, 5736142, 458, 0, 0
18825, 623, 53, 69, 0, 0, 13.52%, 0, 0, 5, 58.06, 5738279, 458, 0, 0
18830, 623, 68, 69, 0, 0, 13.52%, 0, 0, 5, 424.60, 5740511, 458, 0, 0
18835, 623, 47, 69, 0, 0, 13.52%, 0, 0, 5, 440.89, 5742551, 458, 0, 0
18840, 624, 31, 69, 0, 0, 13.52%, 0, 0, 5, 410.00, 5744633, 458, 0, 0
18845, 624, 62, 69, 0, 0, 13.52%, 0, 0, 5, 432.21, 5746791, 458, 0, 0
18851, 624, 9, 69, 0, 0, 13.52%, 0, 0, 5, 462.32, 5748979, 458, 0, 0
18856, 624, 68, 69, 0, 0, 13.52%, 0, 0, 5, 463.41, 5751078, 458, 0, 0
18861, 625, 21, 69, 0, 0, 13.52%, 0, 0, 5, 438.75, 5753224, 458, 0, 0
18866, 625, 68, 69, 0, 0, 13.52%, 0, 0, 5, 346.15, 5755333, 458, 0, 0
18871, 625, 23, 69, 0, 0, 13.52%, 0, 0, 5, 398.42, 5757392, 458, 0, 0
18876, 625, 68, 69, 0, 0, 13.52%, 0, 0, 5, 472.64, 5759506, 458, 0, 0
18881, 626, 68, 69, 0, 0, 13.52%, 0, 0, 5, 451.53, 5761695, 458, 0, 0
18886, 626, 1, 69, 0, 0, 13.52%, 0, 0, 5, 270.39, 5763703, 458, 0, 0
18891, 626, 9, 69, 0, 0, 13.52%, 0, 0, 5, 40.62, 5765791, 458, 0, 0
18897, 626, 38, 69, 0, 0, 13.52%, 0, 0, 5, 289.79, 5767853, 458, 0, 0
18902, 627, 12, 69, 0, 0, 13.52%, 0, 0, 5, 428.20, 5770231, 458, 0, 0
18907, 627, 68, 69, 0, 0, 13.52%, 0, 0, 5, 311.50, 5772301, 458, 0, 0
18912, 627, 7, 69, 0, 0, 13.52%, 0, 0, 5, 413.57, 5774483, 458, 0, 0
18917, 627, 9, 69, 0, 0, 13.52%, 0, 0, 5, 419.82, 5776551, 458, 0, 0
18922, 627, 44, 69, 0, 0, 13.52%, 0, 0, 5, 40.18, 5778633, 458, 0, 0
18927, 628, 9, 69, 0, 0, 13.52%, 0, 0, 5, 449.94, 5780831, 458, 0, 0
18932, 628, 21, 69, 0, 0, 13.52%, 0, 0, 5, 463.01, 5782861, 458, 0, 0
18938, 628, 68, 69, 0, 0, 13.52%, 0, 0, 5, 449.21, 5785031, 458, 0, 0
18943, 628, 51, 69, 0, 0, 13.52%, 0, 0, 5, 396.36, 5787195, 458, 0, 0
18948, 629, 51, 69, 0, 0, 13.52%, 0, 0, 5, 412.29, 5789407, 458, 0, 0
18953, 629, 12, 69, 0, 0, 13.52%, 0, 0, 5, 33.06, 5789658, 458, 0, 0
18958, 629, 23, 69, 0, 0, 13.52%, 0, 0, 5, 444.83, 5791639, 458, 0, 0
18963, 629, 51, 69, 0, 0, 13.52%, 0, 0, 5, 457.34, 5793005, 458, 0, 0
18968, 629, 25, 69, 0, 0, 13.52%, 0, 0, 5, 460.19, 5794288, 458, 0, 0
18973, 629, 51, 69, 0, 0, 13.52%, 0, 0, 5, 33.24, 5795632, 458, 0, 0
18978, 629, 68, 69, 0, 0, 13.52%, 0, 0, 5, 32.41, 5797294, 458, 0, 0
18983, 630, 15, 69, 0, 0, 13.52%, 0, 0, 5, 31.84, 5798889, 458, 0, 0
18989, 630, 1, 69, 0, 0, 13.52%, 0, 0, 5, 64.34, 5800467, 458, 0, 0
18994, 630, 51, 69, 0, 0, 13.52%, 0, 0, 5, 400.12, 5801839, 458, 0, 0
18999, 630, 44, 69, 0, 0, 13.52%, 0, 0, 5, 466.99, 5803161, 458, 0, 0
19004, 630, 35, 69, 0, 0, 13.52%, 0, 0, 5, 465.75, 5804379, 458, 0, 0
19009, 630, 9, 69, 0, 0, 13.52%, 0, 0, 5, 470.09, 5805661, 458, 0, 0
19014, 630, 13, 69, 0, 0, 13.52%, 0, 0, 5, 463.28, 5806806, 458, 0, 0
19019, 631, 51, 69, 0, 0, 13.52%, 0, 0, 5, 213.93, 5807941, 458, 0, 0
19024, 631, 68, 69, 0, 0, 13.52%, 0, 0, 5, 33.09, 5809290, 458, 0, 0
19029, 631, 44, 69, 0, 0, 13.52%, 0, 0, 5, 32.33, 5810687, 458, 0, 0
19034, 631, 15, 69, 0, 0, 13.52%, 0, 0, 5, 33.13, 5812061, 458, 0, 0
19039, 631, 44, 69, 0, 0, 13.52%, 0, 0, 5, 398.36, 5813257, 458, 0, 0
19044, 631, 15, 69, 0, 0, 13.52%, 0, 0, 5, 464.66, 5814306, 458, 0, 0
19049, 631, 21, 69, 0, 0, 13.52%, 0, 0, 5, 300.75, 5815333, 458, 0, 0
19055, 632, 7, 69, 0, 0, 13.52%, 0, 0, 5, 266.79, 5816488, 458, 0, 0
19060, 632, 68, 69, 0, 0, 13.52%, 0, 0, 5, 451.50, 5817613, 458, 0, 0
19065, 632, 53, 69, 0, 0, 13.52%, 0, 0, 5, 31.20, 5818701, 458, 0, 0
19070, 632, 2, 69, 0, 0, 13.52%, 0, 0, 5, 35.14, 5820073, 458, 0, 0
19075, 632, 9, 69, 0, 0, 13.52%, 0, 0, 5, 33.18, 5821457, 458, 0, 0
19080, 632, 7, 69, 0, 0, 13.52%, 0, 0, 5, 460.96, 5822179, 458, 0, 0
19085, 632, 38, 69, 0, 0, 13.52%, 0, 0, 5, 33.37, 5823066, 458, 0, 0
19090, 632, 68, 69, 0, 0, 13.52%, 0, 0, 5, 32.90, 5824480, 458, 0, 0
19095, 633, 17, 69, 0, 0, 13.52%, 0, 0, 5, 33.44, 5825785, 458, 0, 0
19101, 633, 12, 69, 0, 0, 13.52%, 0, 0, 5, 336.68, 5826873, 458, 0, 0
19106, 633, 47, 69, 0, 0, 13.52%, 0, 0, 5, 349.78, 5827739, 458, 0, 0
19111, 633, 68, 69, 0, 0, 13.52%, 0, 0, 5, 45.82, 5828557, 458, 0, 0
19116, 633, 1, 69, 0, 0, 13.52%, 0, 0, 5, 32.63, 5829827, 458, 0, 0
19121, 633, 7, 69, 0, 0, 13.52%, 0, 0, 5, 38.54, 5831100, 458, 0, 0
19126, 633, 51, 69, 0, 0, 13.52%, 0, 0, 5, 466.65, 5832205, 458, 0, 0
19131, 633, 7, 69, 0, 0, 13.52%, 0, 0, 5, 282.27, 5832898, 458, 0, 0
19136, 633, 9, 69, 0, 0, 13.52%, 0, 0, 5, 32.59, 5833840, 458, 0, 0
19141, 633, 51, 69, 0, 0, 13.52%, 0, 0, 5, 33.20, 5835062, 458, 0, 0
19146, 634, 33, 69, 0, 0, 13.52%, 0, 0, 5, 56.40, 5836294, 458, 0, 0
19152, 634, 15, 69, 0, 0, 13.52%, 0, 0, 5, 32.26, 5837552, 458, 0, 0
19157, 634, 15, 69, 0, 0, 13.52%, 0, 0, 5, 438.33, 5838431, 458, 0, 0
19162, 634, 68, 69, 0, 0, 13.52%, 0, 0, 5, 466.33, 5839115, 458, 0, 0
19167, 634, 12, 69, 0, 0, 13.52%, 0, 0, 5, 33.03, 5840148, 458, 0, 0
19172, 634, 68, 69, 0, 0, 13.52%, 0, 0, 5, 32.42, 5841380, 458, 0, 0
19177, 634, 22, 69, 0, 0, 13.52%, 0, 0, 5, 33.14, 5842548, 458, 0, 0
19182, 634, 38, 69, 0, 0, 13.52%, 0, 0, 5, 472.88, 5843752, 458, 0, 0
19187, 635, 68, 69, 0, 0, 13.52%, 0, 0, 5, 378.60, 5844553, 458, 0, 0
19193, 635, 68, 69, 0, 0, 13.52%, 0, 0, 5, 276.37, 5845363, 458, 0, 0
19198, 635, 51, 69, 0, 0, 13.52%, 0, 0, 5, 32.50, 5846341, 458, 0, 0
19203, 635, 17, 69, 0, 0, 13.52%, 0, 0, 5, 32.90, 5847529, 458, 0, 0
19208, 635, 12, 69, 0, 0, 13.52%, 0, 0, 5, 33.10, 5848734, 458, 0, 0
19213, 635, 20, 69, 0, 0, 13.52%, 0, 0, 5, 369.57, 5849927, 458, 0, 0
19218, 635, 1, 69, 0, 0, 13.52%, 0, 0, 5, 360.49, 5850527, 458, 0, 0
19223, 635, 51, 69, 0, 0, 13.52%, 0, 0, 5, 36.13, 5851336, 458, 0, 0
19228, 635, 68, 69, 0, 0, 13.52%, 0, 0, 5, 32.77, 5852453, 458, 0, 0
19233, 635, 63, 69, 0, 0, 13.52%, 0, 0, 5, 32.81, 5853606, 458, 0, 0
19238, 636, 68, 69, 0, 0, 13.52%, 0, 0, 5, 39.36, 5854758, 458, 0, 0
19243, 636, 55, 69, 0, 0, 13.52%, 0, 0, 5, 32.62, 5855922, 458, 0, 0
19248, 636, 68, 69, 0, 0, 13.52%, 0, 0, 5, 352.02, 5856861, 458, 0, 0
19254, 636, 9, 69, 0, 0, 13.52%, 0, 0, 5, 384.18, 5857671, 458, 0, 0
19259, 636, 51, 69, 0, 0, 13.52%, 0, 0, 5, 32.87, 5858418, 458, 0, 0
19264, 636, 53, 69, 0, 0, 13.52%, 0, 0, 5, 33.12, 5859568, 458, 0, 0
19269, 636, 1, 69, 0, 0, 13.52%, 0, 0, 5, 33.15, 5860679, 458, 0, 0
19274, 636, 1, 69, 0, 0, 13.52%, 0, 0, 5, 33.02, 5861831, 458, 0, 0
19279, 636, 2, 69, 0, 0, 13.52%, 0, 0, 5, 416.04, 5862939, 458, 0, 0
19284, 636, 7, 69, 0, 0, 13.52%, 0, 0, 5, 416.97, 5864007, 458, 0, 0
19289, 637, 1, 69, 0, 0, 13.52%, 0, 0, 5, 472.70, 5864706, 458, 0, 0
19294, 637, 51, 69, 0, 0, 13.52%, 0, 0, 5, 328.96, 5865479, 458, 0, 0
19300, 637, 38, 69, 0, 0, 13.52%, 0, 0, 5, 33.19, 5866583, 458, 0, 0
19305, 637, 21, 69, 0, 0, 13.52%, 0, 0, 5, 32.88, 5867879, 458, 0, 0
19310, 637, 68, 69, 0, 0, 13.52%, 0, 0, 5, 468.75, 5868969, 458, 0, 0
19315, 637, 68, 69, 0, 0, 13.52%, 0, 0, 5, 482.67, 5869549, 458, 0, 0
19320, 637, 7, 69, 0, 0, 13.52%, 0, 0, 5, 32.63, 5870590, 458, 0, 0
19325, 637, 68, 69, 0, 0, 13.52%, 0, 0, 5, 33.42, 5871825, 458, 0, 0
19330, 637, 51, 69, 0, 0, 13.52%, 0, 0, 5, 38.28, 5873067, 458, 0, 0
19335, 637, 2, 69, 0, 0, 13.52%, 0, 0, 5, 465.85, 5873897, 458, 0, 0
19341, 638, 68, 69, 0, 0, 13.52%, 0, 0, 5, 233.83, 5874506, 458, 0, 0
19346, 638, 20, 69, 0, 0, 13.52%, 0, 0, 5, 33.28, 5875661, 458, 0, 0
19351, 638, 68, 69, 0, 0, 13.52%, 0, 0, 5, 32.87, 5876912, 458, 0, 0
19356, 638, 44, 69, 0, 0, 13.52%, 0, 0, 5, 382.76, 5878120, 458, 0, 0
19361, 638, 23, 69, 0, 0, 13.52%, 0, 0, 5, 469.71, 5878852, 458, 0, 0
19366, 638, 23, 69, 0, 0, 13.52%, 0, 0, 5, 33.03, 5879491, 458, 0, 0
19371, 638, 53, 69, 0, 0, 13.52%, 0, 0, 5, 32.99, 5880717, 458, 0, 0
19376, 638, 51, 69, 0, 0, 13.52%, 0, 0, 5, 33.33, 5881973, 458, 0, 0
19381, 638, 67, 69, 0, 0, 13.52%, 0, 0, 5, 347.76, 5882979, 458, 0, 0
19387, 638, 68, 69, 0, 0, 13.52%, 0, 0, 5, 260.77, 5883595, 458, 0, 0
19392, 639, 46, 69, 0, 0, 13.52%, 0, 0, 5, 33.69, 5884569, 458, 0, 0
19397, 639, 51, 69, 0, 0, 13.52%, 0, 0, 5, 49.83, 5885783, 458, 0, 0
19402, 639, 68, 69, 0, 0, 13.52%, 0, 0, 5, 33.44, 5887003, 458, 0, 0
19407, 639, 66, 69, 0, 0, 13.52%, 0, 0, 5, 467.16, 5887905, 458, 0, 0
19412, 639, 51, 69, 0, 0, 13.52%, 0, 0, 5, 376.06, 5888534, 458, 0, 0
19417, 639, 68, 69, 0, 0, 13.52%, 0, 0, 5, 32.91, 5889566, 458, 0, 0
19422, 639, 1, 69, 0, 0, 13.52%, 0, 0, 5, 33.02, 5890755, 458, 0, 0
19428, 639, 35, 69, 0, 0, 13.52%, 0, 0, 5, 33.09, 5891896, 458, 0, 0
19433, 639, 51, 69, 0, 0, 13.52%, 0, 0, 5, 412.32, 5893042, 458, 0, 0
19438, 640, 1, 69, 0, 0, 13.52%, 0, 0, 5, 420.04, 5893831, 458, 0, 0
19443, 640, 57, 69, 0, 0, 13.52%, 0, 0, 5, 467.66, 5894471, 458, 0, 0
19448, 640, 68, 69, 0, 0, 13.52%, 0, 0, 5, 32.89, 5895551, 458, 0, 0
19453, 640, 29, 69, 0, 0, 13.52%, 0, 0, 5, 33.10, 5896704, 458, 0, 0
19458, 640, 14, 69, 0, 0, 13.52%, 0, 0, 5, 33.18, 5897845, 458, 0, 0
19463, 640, 15, 69, 0, 0, 13.52%, 0, 0, 5, 418.14, 5898959, 458, 0, 0
19468, 640, 57, 69, 0, 0, 13.52%, 0, 0, 5, 322.33, 5899785, 458, 0, 0
19474, 640, 68, 69, 0, 0, 13.52%, 0, 0, 5, 263.10, 5900587, 458, 0, 0
19479, 640, 68, 69, 0, 0, 13.52%, 0, 0, 5, 34.73, 5901366, 458, 0, 0
19484, 641, 15, 69, 0, 0, 13.52%, 0, 0, 5, 33.10, 5902492, 458, 0, 0
19489, 641, 68, 69, 0, 0, 13.52%, 0, 0, 5, 32.73, 5903647, 458, 0, 0
19494, 641, 68, 69, 0, 0, 13.52%, 0, 0, 5, 76.81, 5904771, 458, 0, 0
19499, 641, 33, 69, 0, 0, 13.52%, 0, 0, 5, 51.49, 5905852, 458, 0, 0
19504, 641, 7, 69, 0, 0, 13.52%, 0, 0, 5, 462.27, 5906688, 458, 0, 0
19510, 641, 24, 69, 0, 0, 13.52%, 0, 0, 5, 270.32, 5907423, 458, 0, 0
19515, 641, 66, 69, 0, 0, 13.52%, 0, 0, 5, 32.92, 5908184, 458, 0, 0
19520, 641, 51, 69, 0, 0, 13.52%, 0, 0, 5, 49.28, 5909293, 458, 0, 0
19525, 641, 51, 69, 0, 0, 13.52%, 0, 0, 5, 32.71, 5910433, 458, 0, 0
19530, 641, 47, 69, 0, 0, 13.52%, 0, 0, 5, 33.72, 5911520, 458, 0, 0
19535, 642, 51, 69, 0, 0, 13.52%, 0, 0, 5, 464.53, 5912423, 458, 0, 0
19540, 642, 51, 69, 0, 0, 13.52%, 0, 0, 5, 57.77, 5912921, 458, 0, 0
19545, 642, 21, 69, 0, 0, 13.52%, 0, 0, 5, 44.06, 5914102, 458, 0, 0
19550, 642, 68, 69, 0, 0, 13.52%, 0, 0, 5, 33.25, 5915328, 458, 0, 0
19555, 642, 68, 69, 0, 0, 13.52%, 0, 0, 5, 466.38, 5916230, 458, 0, 0
19560, 642, 23, 69, 0, 0, 13.52%, 0, 0, 5, 248.76, 5916744, 458, 0, 0
19565, 642, 21, 69, 0, 0, 13.52%, 0, 0, 5, 33.03, 5917934, 458, 0, 0
19570, 642, 68, 69, 0, 0, 13.52%, 0, 0, 5, 32.80, 5919135, 458, 0, 0
19576, 642, 1, 69, 0, 0, 13.52%, 0, 0, 5, 335.16, 5920315, 458, 0, 0
19581, 642, 20, 69, 0, 0, 13.52%, 0, 0, 5, 428.43, 5920891, 458, 0, 0
19586, 642, 68, 69, 0, 0, 13.52%, 0, 0, 5, 32.79, 5921716, 458, 0, 0
19591, 643, 15, 69, 0, 0, 13.52%, 0, 0, 5, 32.49, 5922862, 458, 0, 0
19596, 643, 21, 69, 0, 0, 13.52%, 0, 0, 5, 32.78, 5924010, 458, 0, 0
19601, 643, 7, 69, 0, 0, 13.52%, 0, 0, 5, 441.64, 5924807, 458, 0, 0
19606, 643, 51, 69, 0, 0, 13.52%, 0, 0, 5, 465.00, 5925485, 458, 0, 0
19611, 643, 23, 69, 0, 0, 13.52%, 0, 0, 5, 33.22, 5926526, 458, 0, 0
19617, 643, 51, 69, 0, 0, 13.52%, 0, 0, 5, 33.35, 5927730, 458, 0, 0
19622, 643, 7, 69, 0, 0, 13.52%, 0, 0, 5, 33.49, 5928959, 458, 0, 0
19627, 643, 68, 69, 0, 0, 13.52%, 0, 0, 5, 442.54, 5929751, 458, 0, 0
19632, 643, 23, 69, 0, 0, 13.52%, 0, 0, 5, 32.74, 5930342, 458, 0, 0
19637, 643, 4, 69, 0, 0, 13.52%, 0, 0, 5, 32.80, 5931485, 458, 0, 0
19642, 644, 20, 69, 0, 0, 13.52%, 0, 0, 5, 32.96, 5932645, 458, 0, 0
19647, 644, 51, 69, 0, 0, 13.52%, 0, 0, 5, 32.85, 5933733, 458, 0, 0
19652, 644, 44, 69, 0, 0, 13.52%, 0, 0, 5, 378.91, 5934578, 458, 0, 0
19658, 644, 68, 69, 0, 0, 13.52%, 0, 0, 5, 400.26, 5935299, 458, 0, 0
19663, 644, 68, 69, 0, 0, 13.52%, 0, 0, 5, 33.44, 5936165, 458, 0, 0
19668, 644, 68, 69, 0, 0, 13.52%, 0, 0, 5, 32.68, 5937299, 458, 0, 0
19673, 644, 35, 69, 0, 0, 13.52%, 0, 0, 5, 32.92, 5938462, 458, 0, 0
19678, 644, 20, 69, 0, 0, 13.52%, 0, 0, 5, 33.09, 5939553, 458, 0, 0
19683, 644, 38, 69, 0, 0, 13.52%, 0, 0, 5, 451.77, 5940715, 458, 0, 0
19688, 644, 9, 69, 0, 0, 13.52%, 0, 0, 5, 319.49, 5941543, 458, 0, 0
19694, 645, 51, 69, 0, 0, 13.52%, 0, 0, 5, 467.25, 5942279, 458, 0, 0
19699, 645, 15, 69, 0, 0, 13.52%, 0, 0, 5, 33.02, 5943146, 458, 0, 0
19704, 645, 65, 69, 0, 0, 13.52%, 0, 0, 5, 52.87, 5944244, 458, 0, 0
19709, 645, 68, 69, 0, 0, 13.52%, 0, 0, 5, 36.85, 5945382, 458, 0, 0
19714, 645, 47, 69, 0, 0, 13.52%, 0, 0, 5, 47.32, 5946499, 458, 0, 0
19719, 645, 7, 69, 0, 0, 13.52%, 0, 0, 5, 32.71, 5947657, 458, 0, 0
19724, 645, 68, 69, 0, 0, 13.52%, 0, 0, 5, 349.97, 5948415, 458, 0, 0
19729, 645, 15, 69, 0, 0, 13.52%, 0, 0, 5, 470.28, 5949215, 458, 0, 0
19735, 645, 20, 69, 0, 0, 13.52%, 0, 0, 5, 33.13, 5950084, 458, 0, 0
19740, 646, 24, 69, 0, 0, 13.52%, 0, 0, 5, 32.58, 5951221, 458, 0, 0
19745, 646, 20, 69, 0, 0, 13.52%, 0, 0, 5, 33.76, 5952334, 458, 0, 0
19750, 646, 68, 69, 0, 0, 13.52%, 0, 0, 5, 40.06, 5953442, 458, 0, 0
19755, 646, 35, 69, 0, 0, 13.52%, 0, 0, 5, 92.73, 5954561, 458, 0, 0
19760, 646, 63, 69, 0, 0, 13.52%, 0, 0, 5, 472.03, 5955288, 458, 0, 0
19765, 646, 68, 69, 0, 0, 13.52%, 0, 0, 5, 33.07, 5955980, 458, 0, 0
19770, 646, 20, 69, 0, 0, 13.52%, 0, 0, 5, 32.29, 5957215, 458, 0, 0
19775, 646, 51, 69, 0, 0, 13.52%, 0, 0, 5, 33.25, 5958381, 458, 0, 0
19780, 647, 15, 69, 0, 0, 13.52%, 0, 0, 5, 307.29, 5959373, 458, 0, 0
19785, 647, 1, 69, 0, 0, 13.52%, 0, 0, 5, 433.02, 5959931, 458, 0, 0
19790, 647, 15, 69, 0, 0, 13.52%, 0, 0, 5, 32.43, 5960955, 458, 0, 0
19795, 647, 0, 69, 0, 0, 13.52%, 0, 0, 5, 33.29, 5962177, 458, 0, 0
19801, 647, 15, 69, 0, 0, 13.52%, 0, 0, 5, 71.98, 5963370, 458, 0, 0
19806, 647, 7, 69, 0, 0, 13.52%, 0, 0, 5, 323.95, 5964121, 458, 0, 0
19811, 647, 1, 69, 0, 0, 13.52%, 0, 0, 5, 32.75, 5964790, 458, 0, 0
19816, 647, 35, 69, 0, 0, 13.52%, 0, 0, 5, 32.96, 5965969, 458, 0, 0
19821, 647, 1, 69, 0, 0, 13.52%, 0, 0, 5, 32.96, 5967181, 458, 0, 0
19826, 647, 68, 69, 0, 0, 13.52%, 0, 0, 5, 367.09, 5968213, 458, 0, 0
19831, 648, 12, 69, 0, 0, 13.52%, 0, 0, 5, 390.03, 5968871, 458, 0, 0
19836, 648, 63, 69, 0, 0, 13.52%, 0, 0, 5, 33.14, 5969736, 458, 0, 0
19841, 648, 68, 69, 0, 0, 13.52%, 0, 0, 5, 32.73, 5970941, 458, 0, 0
19846, 648, 23, 69, 0, 0, 13.52%, 0, 0, 5, 32.98, 5972168, 458, 0, 0
19851, 648, 1, 69, 0, 0, 13.52%, 0, 0, 5, 458.86, 5972997, 458, 0, 0
19857, 648, 17, 69, 0, 0, 13.52%, 0, 0, 5, 463.10, 5975388, 458, 0, 0
19862, 649, 68, 69, 0, 0, 13.52%, 0, 0, 5, 461.63, 5977730, 458, 0, 0
19867, 649, 51, 69, 0, 0, 13.52%, 0, 0, 5, 447.94, 5980031, 458, 0, 0
19872, 649, 12, 69, 0, 0, 13.52%, 0, 0, 5, 411.16, 5982075, 458, 0, 0
19877, 649, 38, 69, 0, 0, 13.52%, 0, 0, 5, 404.28, 5984015, 458, 0, 0
19882, 649, 15, 69, 0, 0, 13.52%, 0, 0, 5, 429.56, 5986283, 458, 0, 0
19887, 650, 68, 69, 0, 0, 13.52%, 0, 0, 5, 428.84, 5988451, 458, 0, 0
19892, 650, 12, 69, 0, 0, 13.52%, 0, 0, 5, 430.19, 5990615, 458, 0, 0
19897, 650, 53, 69, 0, 0, 13.52%, 0, 0, 5, 392.54, 5992604, 458, 0, 0
19902, 650, 35, 69, 0, 0, 13.52%, 0, 0, 5, 367.39, 5994413, 458, 0, 0
19907, 651, 20, 69, 0, 0, 13.52%, 0, 0, 5, 416.76, 5996575, 458, 0, 0
19913, 651, 17, 69, 0, 0, 13.52%, 0, 0, 5, 434.14, 5998851, 458, 0, 0
19918, 651, 15, 69, 0, 0, 13.52%, 0, 0, 5, 435.82, 6001039, 458, 0, 0
19923, 651, 68, 69, 0, 0, 13.52%, 0, 0, 5, 439.44, 6003327, 458, 0, 0
19928, 652, 54, 69, 0, 0, 13.52%, 0, 0, 5, 428.11, 6005439, 458, 0, 0
19933, 652, 2, 69, 0, 0, 13.52%, 0, 0, 5, 438.77, 6007659, 458, 0, 0
19938, 652, 15, 69, 0, 0, 13.52%, 0, 0, 5, 445.22, 6009899, 458, 0, 0
19943, 652, 68, 69, 0, 0, 13.52%, 0, 0, 5, 450.18, 6012243, 458, 0, 0
19948, 652, 29, 69, 0, 0, 13.52%, 0, 0, 5, 430.98, 6014342, 458, 0, 0
19953, 653, 68, 69, 0, 0, 13.52%, 0, 0, 5, 447.51, 6016671, 458, 0, 0
19958, 653, 51, 69, 0, 0, 13.52%, 0, 0, 5, 449.77, 6019015, 458, 0, 0
19964, 653, 12, 69, 0, 0, 13.52%, 0, 0, 5, 450.04, 6021361, 458, 0, 0
19969, 653, 21, 69, 0, 0, 13.52%, 0, 0, 5, 437.91, 6023539, 458, 0, 0
19974, 654, 51, 69, 0, 0, 13.52%, 0, 0, 5, 450.60, 6025878, 458, 0, 0
19979, 654, 9, 69, 0, 0, 13.52%, 0, 0, 5, 439.34, 6028083, 458, 0, 0
19984, 654, 68, 69, 0, 0, 13.52%, 0, 0, 5, 451.05, 6030413, 458, 0, 0
19989, 654, 9, 69, 0, 0, 13.52%, 0, 0, 5, 434.07, 6032539, 458, 0, 0
19994, 655, 9, 69, 0, 0, 13.52%, 0, 0, 5, 452.36, 6034924, 458, 0, 0
20000, 655, 51, 69, 0, 0, 13.52%, 0, 0, 5, 453.84, 6037278, 458, 0, 0
20005, 655, 51, 69, 0, 0, 13.52%, 0, 0, 5, 454.26, 6039624, 458, 0, 0
20010, 655, 1, 69, 0, 0, 13.52%, 0, 0, 5, 431.39, 6041751, 458, 0, 0
20015, 656, 68, 69, 0, 0, 13.52%, 0, 0, 5, 455.26, 6044131, 458, 0, 0
20020, 656, 68, 69, 0, 0, 13.52%, 0, 0, 5, 455.81, 6046505, 458, 0, 0
20025, 656, 51, 69, 0, 0, 13.52%, 0, 0, 5, 441.18, 6048691, 458, 0, 0
20030, 656, 53, 69, 0, 0, 13.52%, 0, 0, 5, 421.40, 6050795, 458, 0, 0
20035, 657, 15, 69, 0, 0, 13.52%, 0, 0, 5, 451.41, 6053097, 458, 0, 0
20040, 657, 8, 69, 0, 0, 13.52%, 0, 0, 5, 456.29, 6055461, 458, 0, 0
20046, 657, 24, 69, 0, 0, 13.52%, 0, 0, 5, 456.20, 6057842, 458, 0, 0
20051, 657, 63, 69, 0, 0, 13.52%, 0, 0, 5, 421.07, 6059975, 458, 0, 0
20056, 658, 51, 69, 0, 0, 13.52%, 0, 0, 5, 450.48, 6062333, 458, 0, 0
20061, 658, 51, 69, 0, 0, 13.52%, 0, 0, 5, 451.04, 6064687, 458, 0, 0
20066, 658, 47, 69, 0, 0, 13.52%, 0, 0, 5, 455.67, 6066997, 458, 0, 0
20071, 658, 7, 69, 0, 0, 13.52%, 0, 0, 5, 437.51, 6069175, 458, 0, 0
20076, 659, 20, 69, 0, 0, 13.52%, 0, 0, 5, 437.44, 6071375, 458, 0, 0
20082, 659, 2, 69, 0, 0, 13.52%, 0, 0, 5, 452.81, 6073752, 458, 0, 0
20087, 659, 9, 69, 0, 0, 13.52%, 0, 0, 5, 456.01, 6076106, 458, 0, 0
20092, 659, 68, 69, 0, 0, 13.52%, 0, 0, 5, 457.99, 6078415, 458, 0, 0
20097, 660, 68, 69, 0, 0, 13.52%, 0, 0, 5, 440.07, 6080639, 458, 0, 0
20102, 660, 17, 69, 0, 0, 13.52%, 0, 0, 5, 455.64, 6082942, 458, 0, 0
20107, 660, 20, 69, 0, 0, 13.52%, 0, 0, 5, 454.51, 6085297, 458, 0, 0
20112, 660, 22, 69, 0, 0, 13.52%, 0, 0, 5, 454.37, 6087633, 458, 0, 0
20117, 661, 15, 69, 0, 0, 13.52%, 0, 0, 5, 429.38, 6089675, 458, 0, 0
20122, 661, 23, 69, 0, 0, 13.52%, 0, 0, 5, 451.28, 6092015, 458, 0, 0
20128, 661, 44, 69, 0, 0, 13.52%, 0, 0, 5, 453.34, 6094370, 458, 0, 0
20133, 661, 24, 69, 0, 0, 13.52%, 0, 0, 5, 453.60, 6096697, 458, 0, 0
20138, 662, 68, 69, 0, 0, 13.52%, 0, 0, 5, 431.51, 6098887, 458, 0, 0
20143, 662, 21, 69, 0, 0, 13.52%, 0, 0, 5, 451.93, 6101261, 458, 0, 0
20148, 662, 38, 69, 0, 0, 13.52%, 0, 0, 5, 456.06, 6103561, 458, 0, 0
20153, 662, 9, 69, 0, 0, 13.52%, 0, 0, 5, 456.63, 6105879, 458, 0, 0
20158, 663, 17, 69, 0, 0, 13.52%, 0, 0, 5, 424.55, 6108007, 458, 0, 0
20163, 663, 68, 69, 0, 0, 13.52%, 0, 0, 5, 451.98, 6110377, 458, 0, 0
20168, 663, 23, 69, 0, 0, 13.52%, 0, 0, 5, 422.41, 6112391, 458, 0, 0
20174, 663, 44, 69, 0, 0, 13.52%, 0, 0, 5, 432.26, 6114615, 458, 0, 0
20179, 664, 47, 69, 0, 0, 13.52%, 0, 0, 5, 470.80, 6116779, 458, 0, 0
20184, 664, 51, 69, 0, 0, 13.52%, 0, 0, 5, 440.45, 6118891, 458, 0, 0
20189, 664, 68, 69, 0, 0, 13.52%, 0, 0, 5, 393.68, 6120895, 458, 0, 0
20194, 664, 57, 69, 0, 0, 13.52%, 0, 0, 5, 406.94, 6123015, 458, 0, 0
20199, 665, 17, 69, 0, 0, 13.52%, 0, 0, 5, 464.91, 6125188, 458, 0, 0
20204, 665, 29, 69, 0, 0, 13.52%, 0, 0, 5, 448.04, 6127367, 458, 0, 0
20209, 665, 51, 69, 0, 0, 13.52%, 0, 0, 5, 427.99, 6129419, 458, 0, 0
20214, 665, 6, 69, 0, 0, 13.52%, 0, 0, 5, 434.27, 6131599, 458, 0, 0
20219, 665, 51, 69, 0, 0, 13.52%, 0, 0, 5, 46.51, 6133741, 458, 0, 0
20224, 666, 51, 69, 0, 0, 13.52%, 0, 0, 5, 445.06, 6135907, 458, 0, 0
20229, 666, 12, 69, 0, 0, 13.52%, 0, 0, 5, 446.86, 6138067, 458, 0, 0
20234, 666, 9, 69, 0, 0, 13.52%, 0, 0, 5, 426.78, 6140059, 458, 0, 0
20239, 666, 21, 69, 0, 0, 13.52%, 0, 0, 5, 464.75, 6142279, 458, 0, 0
20245, 667, 18, 69, 0, 0, 13.52%, 0, 0, 5, 365.15, 6144292, 458, 0, 0
20250, 667, 17, 69, 0, 0, 13.52%, 0, 0, 5, 461.47, 6146442, 458, 0, 0
20255, 667, 51, 69, 0, 0, 13.52%, 0, 0, 5, 457.71, 6148499, 458, 0, 0
20260, 667, 20, 69, 0, 0, 13.52%, 0, 0, 5, 446.65, 6150715, 458, 0, 0
20265, 668, 68, 69, 0, 0, 13.52%, 0, 0, 5, 85.56, 6152903, 458, 0, 0
20270, 668, 68, 69, 0, 0, 13.52%, 0, 0, 5, 439.71, 6155131, 458, 0, 0
20275, 668, 57, 69, 0, 0, 13.52%, 0, 0, 5, 42.15, 6157199, 458, 0, 0
20281, 668, 2, 69, 0, 0, 13.52%, 0, 0, 5, 442.97, 6159459, 458, 0, 0
20286, 668, 53, 69, 0, 0, 13.52%, 0, 0, 5, 416.60, 6161503, 458, 0, 0
20291, 669, 7, 69, 0, 0, 13.52%, 0, 0, 5, 461.79, 6163733, 458, 0, 0
20296, 669, 68, 69, 0, 0, 13.52%, 0, 0, 5, 358.41, 6165781, 458, 0, 0
20301, 669, 1, 69, 0, 0, 13.52%, 0, 0, 5, 425.10, 6167951, 458, 0, 0
20306, 669, 25, 69, 0, 0, 13.52%, 0, 0, 5, 440.22, 6170015, 458, 0, 0
20311, 670, 51, 69, 0, 0, 13.52%, 0, 0, 5, 454.78, 6172223, 458, 0, 0
20316, 670, 9, 69, 0, 0, 13.52%, 0, 0, 5, 462.06, 6174252, 458, 0, 0
20321, 670, 1, 69, 0, 0, 13.52%, 0, 0, 5, 463.05, 6176479, 458, 0, 0
20327, 670, 17, 69, 0, 0, 13.52%, 0, 0, 5, 339.64, 6178549, 458, 0, 0
20332, 671, 21, 69, 0, 0, 13.52%, 0, 0, 5, 46.63, 6180606, 458, 0, 0
20337, 671, 1, 69, 0, 0, 13.52%, 0, 0, 5, 403.91, 6182831, 458, 0, 0
20342, 671, 51, 69, 0, 0, 13.52%, 0, 0, 5, 450.00, 6184897, 458, 0, 0
20347, 671, 68, 69, 0, 0, 13.52%, 0, 0, 5, 464.82, 6187094, 458, 0, 0
20352, 671, 23, 69, 0, 0, 13.52%, 0, 0, 5, 444.20, 6189131, 458, 0, 0
20357, 672, 23, 69, 0, 0, 13.52%, 0, 0, 5, 429.15, 6191359, 458, 0, 0
20362, 672, 12, 69, 0, 0, 13.52%, 0, 0, 5, 309.16, 6193413, 458, 0, 0
20367, 672, 68, 69, 0, 0, 13.52%, 0, 0, 5, 257.43, 6195479, 458, 0, 0
20373, 672, 51, 69, 0, 0, 13.52%, 0, 0, 5, 427.55, 6197711, 458, 0, 0
20378, 673, 68, 69, 0, 0, 13.52%, 0, 0, 5, 463.58, 6199742, 458, 0, 0
20383, 673, 51, 69, 0, 0, 13.52%, 0, 0, 5, 348.26, 6201777, 458, 0, 0
20388, 673, 15, 69, 0, 0, 13.52%, 0, 0, 5, 422.89, 6203991, 458, 0, 0
20393, 673, 68, 69, 0, 0, 13.52%, 0, 0, 5, 438.88, 6206027, 458, 0, 0
20398, 673, 12, 69, 0, 0, 13.52%, 0, 0, 5, 440.46, 6208231, 458, 0, 0
20403, 674, 51, 69, 0, 0, 13.52%, 0, 0, 5, 422.08, 6210239, 458, 0, 0
20408, 674, 1, 69, 0, 0, 13.52%, 0, 0, 5, 442.21, 6212415, 458, 0, 0
20413, 674, 23, 69, 0, 0, 13.52%, 0, 0, 5, 419.75, 6214407, 458, 0, 0
20418, 674, 51, 69, 0, 0, 13.52%, 0, 0, 5, 404.81, 6216467, 458, 0, 0
20423, 675, 9, 69, 0, 0, 13.52%, 0, 0, 5, 433.99, 6218715, 458, 0, 0
20428, 675, 15, 69, 0, 0, 13.52%, 0, 0, 5, 393.64, 6220706, 458, 0, 0
20433, 675, 10, 69, 0, 0, 13.52%, 0, 0, 5, 447.45, 6223031, 458, 0, 0
20438, 675, 44, 69, 0, 0, 13.52%, 0, 0, 5, 462.53, 6225006, 458, 0, 0
20443, 676, 9, 69, 0, 0, 13.52%, 0, 0, 5, 80.93, 6227060, 458, 0, 0
20449, 676, 24, 69, 0, 0, 13.52%, 0, 0, 5, 465.31, 6229306, 458, 0, 0
20454, 676, 68, 69, 0, 0, 13.52%, 0, 0, 5, 368.66, 6231374, 458, 0, 0
20459, 676, 9, 69, 0, 0, 13.52%, 0, 0, 5, 408.31, 6233467, 458, 0, 0
20464, 676, 7, 69, 0, 0, 13.52%, 0, 0, 5, 466.20, 6235524, 458, 0, 0
20469, 677, 9, 69, 0, 0, 13.52%, 0, 0, 5, 42.92, 6237607, 458, 0, 0
20474, 677, 17, 69, 0, 0, 13.52%, 0, 0, 5, 410.44, 6239607, 458, 0, 0
20479, 677, 51, 69, 0, 0, 13.52%, 0, 0, 5, 32.99, 6240077, 458, 0, 0
20484, 677, 53, 69, 0, 0, 13.52%, 0, 0, 5, 403.72, 6241692, 458, 0, 0
20490, 677, 21, 69, 0, 0, 13.52%, 0, 0, 5, 411.94, 6243115, 458, 0, 0
20495, 677, 20, 69, 0, 0, 13.52%, 0, 0, 5, 436.12, 6244499, 458, 0, 0
20500, 677, 38, 69, 0, 0, 13.52%, 0, 0, 5, 197.45, 6245743, 458, 0, 0
20505, 678, 68, 69, 0, 0, 13.52%, 0, 0, 5, 23.94, 6247209, 458, 0, 0
20510, 678, 68, 69, 0, 0, 13.52%, 0, 0, 5, 32.57, 6248700, 458, 0, 0
20515, 678, 11, 69, 0, 0, 13.52%, 0, 0, 5, 33.34, 6250152, 458, 0, 0
20521, 678, 68, 69, 0, 0, 13.52%, 0, 0, 5, 33.20, 6251679, 458, 0, 0
20526, 678, 50, 69, 0, 0, 13.52%, 0, 0, 5, 423.70, 6253015, 458, 0, 0
20531, 678, 12, 69, 0, 0, 13.52%, 0, 0, 5, 338.28, 6254261, 458, 0, 0
20536, 679, 68, 69, 0, 0, 13.52%, 0, 0, 5, 468.13, 6255378, 458, 0, 0
20541, 679, 44, 69, 0, 0, 13.52%, 0, 0, 5, 453.45, 6256470, 458, 0, 0
20546, 679, 68, 69, 0, 0, 13.52%, 0, 0, 5, 55.51, 6257672, 458, 0, 0
20551, 679, 68, 69, 0, 0, 13.52%, 0, 0, 5, 33.08, 6258955, 458, 0, 0
20556, 679, 1, 69, 0, 0, 13.52%, 0, 0, 5, 32.85, 6260299, 458, 0, 0
20561, 679, 44, 69, 0, 0, 13.52%, 0, 0, 5, 32.94, 6261666, 458, 0, 0
20566, 679, 7, 69, 0, 0, 13.52%, 0, 0, 5, 409.02, 6262983, 458, 0, 0
20572, 680, 20, 69, 0, 0, 13.52%, 0, 0, 5, 354.18, 6264042, 458, 0, 0
20577, 680, 51, 69, 0, 0, 13.52%, 0, 0, 5, 461.81, 6265142, 458, 0, 0
20582, 680, 40, 69, 0, 0, 13.52%, 0, 0, 5, 337.37, 6266179, 458, 0, 0
20587, 680, 23, 69, 0, 0, 13.52%, 0, 0, 5, 297.51, 6267238, 458, 0, 0
20592, 680, 68, 69, 0, 0, 13.52%, 0, 0, 5, 470.30, 6268343, 458, 0, 0
20597, 680, 2, 69, 0, 0, 13.52%, 0, 0, 5, 32.23, 6269335, 458, 0, 0
20602, 680, 9, 69, 0, 0, 13.52%, 0, 0, 5, 33.04, 6270753, 458, 0, 0
20607, 680, 61, 69, 0, 0, 13.52%, 0, 0, 5, 415.42, 6272115, 458, 0, 0
20613, 681, 15, 69, 0, 0, 13.52%, 0, 0, 5, 361.35, 6272957, 458, 0, 0
20618, 681, 68, 69, 0, 0, 13.52%, 0, 0, 5, 270.00, 6273670, 458, 0, 0
20623, 681, 1, 69, 0, 0, 13.52%, 0, 0, 5, 33.10, 6274962, 458, 0, 0
20628, 681, 12, 69, 0, 0, 13.52%, 0, 0, 5, 54.92, 6276319, 458, 0, 0
20633, 681, 2, 69, 0, 0, 13.52%, 0, 0, 5, 366.82, 6277613, 458, 0, 0
20638, 681, 51, 69, 0, 0, 13.52%, 0, 0, 5, 463.18, 6278414, 458, 0, 0
20643, 681, 15, 69, 0, 0, 13.52%, 0, 0, 5, 475.00, 6279146, 458, 0, 0
20648, 681, 68, 69, 0, 0, 13.52%, 0, 0, 5, 32.80, 6280370, 458, 0, 0
20653, 681, 9, 69, 0, 0, 13.52%, 0, 0, 5, 32.96, 6281651, 458, 0, 0
20658, 682, 12, 69, 0, 0, 13.52%, 0, 0, 5, 456.60, 6282906, 458, 0, 0
20663, 682, 21, 69, 0, 0, 13.52%, 0, 0, 5, 338.67, 6283749, 458, 0, 0
20668, 682, 23, 69, 0, 0, 13.52%, 0, 0, 5, 422.89, 6284457, 458, 0, 0
20674, 682, 51, 69, 0, 0, 13.52%, 0, 0, 5, 32.87, 6285692, 458, 0, 0
20679, 682, 17, 69, 0, 0, 13.52%, 0, 0, 5, 32.90, 6286927, 458, 0, 0
20684, 682, 44, 69, 0, 0, 13.52%, 0, 0, 5, 451.05, 6288188, 458, 0, 0
20689, 682, 68, 69, 0, 0, 13.52%, 0, 0, 5, 324.15, 6288939, 458, 0, 0
20694, 682, 68, 69, 0, 0, 13.52%, 0, 0, 5, 475.00, 6289678, 458, 0, 0
20699, 682, 19, 69, 0, 0, 13.52%, 0, 0, 5, 33.00, 6290836, 458, 0, 0
20704, 683, 51, 69, 0, 0, 13.52%, 0, 0, 5, 33.00, 6292010, 458, 0, 0
20709, 683, 44, 69, 0, 0, 13.52%, 0, 0, 5, 60.50, 6293234, 458, 0, 0
20714, 683, 24, 69, 0, 0, 13.52%, 0, 0, 5, 362.88, 6294420, 458, 0, 0
20720, 683, 7, 69, 0, 0, 13.52%, 0, 0, 5, 468.35, 6295252, 458, 0, 0
20725, 683, 30, 69, 0, 0, 13.52%, 0, 0, 5, 474.18, 6296042, 458, 0, 0
20730, 683, 20, 69, 0, 0, 13.52%, 0, 0, 5, 35.28, 6296931, 458, 0, 0
20735, 683, 51, 69, 0, 0, 13.52%, 0, 0, 5, 32.75, 6298114, 458, 0, 0
20740, 683, 44, 69, 0, 0, 13.52%, 0, 0, 5, 33.04, 6299262, 458, 0, 0
20745, 683, 68, 69, 0, 0, 13.52%, 0, 0, 5, 33.37, 6300482, 458, 0, 0
20750, 683, 68, 69, 0, 0, 13.52%, 0, 0, 5, 306.70, 6301493, 458, 0, 0
20755, 684, 12, 69, 0, 0, 13.52%, 0, 0, 5, 284.31, 6302298, 458, 0, 0
20760, 684, 68, 69, 0, 0, 13.52%, 0, 0, 5, 482.59, 6303044, 458, 0, 0
20765, 684, 12, 69, 0, 0, 13.52%, 0, 0, 5, 33.11, 6304145, 458, 0, 0
20770, 684, 17, 69, 0, 0, 13.52%, 0, 0, 5, 33.01, 6305265, 458, 0, 0
20776, 684, 24, 69, 0, 0, 13.52%, 0, 0, 5, 32.80, 6306425, 458, 0, 0
20781, 684, 1, 69, 0, 0, 13.52%, 0, 0, 5, 32.86, 6307575, 458, 0, 0
20786, 684, 9, 69, 0, 0, 13.52%, 0, 0, 5, 349.45, 6308679, 458, 0, 0
20791, 684, 7, 69, 0, 0, 13.52%, 0, 0, 5, 470.18, 6309461, 458, 0, 0
20796, 685, 9, 69, 0, 0, 13.52%, 0, 0, 5, 366.88, 6310213, 458, 0, 0
20801, 685, 9, 69, 0, 0, 13.52%, 0, 0, 5, 32.64, 6311197, 458, 0, 0
20806, 685, 1, 69, 0, 0, 13.52%, 0, 0, 5, 33.06, 6312344, 458, 0, 0
20812, 685, 24, 69, 0, 0, 13.52%, 0, 0, 5, 60.00, 6313476, 458, 0, 0
20817, 685, 7, 69, 0, 0, 13.52%, 0, 0, 5, 32.61, 6314605, 458, 0, 0
20822, 685, 9, 69, 0, 0, 13.52%, 0, 0, 5, 463.74, 6315761, 458, 0, 0
20827, 685, 15, 69, 0, 0, 13.52%, 0, 0, 5, 309.24, 6316498, 458, 0, 0
20832, 685, 15, 69, 0, 0, 13.52%, 0, 0, 5, 206.51, 6317215, 458, 0, 0
20837, 686, 4, 69, 0, 0, 13.52%, 0, 0, 5, 32.93, 6318392, 458, 0, 0
20842, 686, 12, 69, 0, 0, 13.52%, 0, 0, 5, 33.80, 6319641, 458, 0, 0
20848, 686, 40, 69, 0, 0, 13.52%, 0, 0, 5, 430.43, 6320859, 458, 0, 0
20853, 686, 38, 69, 0, 0, 13.52%, 0, 0, 5, 464.50, 6321579, 458, 0, 0
20858, 686, 12, 69, 0, 0, 13.52%, 0, 0, 5, 33.12, 6322280, 458, 0, 0
20863, 686, 29, 69, 0, 0, 13.52%, 0, 0, 5, 32.93, 6323498, 458, 0, 0
20868, 686, 68, 69, 0, 0, 13.52%, 0, 0, 5, 36.25, 6324744, 458, 0, 0
20873, 686, 7, 69, 0, 0, 13.52%, 0, 0, 5, 386.16, 6325785, 458, 0, 0
20878, 686, 68, 69, 0, 0, 13.52%, 0, 0, 5, 370.29, 6326460, 458, 0, 0
20883, 687, 12, 69, 0, 0, 13.52%, 0, 0, 5, 32.80, 6327376, 458, 0, 0
20888, 687, 51, 69, 0, 0, 13.52%, 0, 0, 5, 33.25, 6328571, 458, 0, 0
20893, 687, 12, 69, 0, 0, 13.52%, 0, 0, 5, 32.65, 6329806, 458, 0, 0
20899, 687, 3, 69, 0, 0, 13.52%, 0, 0, 5, 424.54, 6330675, 458, 0, 0
20904, 687, 18, 69, 0, 0, 13.52%, 0, 0, 5, 358.21, 6331266, 458, 0, 0
20909, 687, 7, 69, 0, 0, 13.52%, 0, 0, 5, 37.66, 6332435, 458, 0, 0
20914, 687, 9, 69, 0, 0, 13.52%, 0, 0, 5, 32.72, 6333627, 458, 0, 0
20919, 687, 7, 69, 0, 0, 13.52%, 0, 0, 5, 33.06, 6334851, 458, 0, 0
20924, 687, 68, 69, 0, 0, 13.52%, 0, 0, 5, 466.59, 6335570, 458, 0, 0
20929, 687, 68, 69, 0, 0, 13.52%, 0, 0, 5, 180.00, 6336290, 458, 0, 0
20934, 688, 23, 69, 0, 0, 13.52%, 0, 0, 5, 32.87, 6337455, 458, 0, 0
20939, 688, 17, 69, 0, 0, 13.52%, 0, 0, 5, 32.45, 6338677, 458, 0, 0
20945, 688, 7, 69, 0, 0, 13.52%, 0, 0, 5, 345.15, 6339806, 458, 0, 0
20950, 688, 9, 69, 0, 0, 13.52%, 0, 0, 5, 466.14, 6340633, 458, 0, 0
20955, 688, 21, 69, 0, 0, 13.52%, 0, 0, 5, 460.21, 6341297, 458, 0, 0
20960, 688, 65, 69, 0, 0, 13.52%, 0, 0, 5, 54.39, 6342324, 458, 0, 0
20965, 688, 12, 69, 0, 0, 13.52%, 0, 0, 5, 33.68, 6343510, 458, 0, 0
20970, 688, 2, 69, 0, 0, 13.52%, 0, 0, 5, 33.35, 6344656, 458, 0, 0
20975, 689, 68, 69, 0, 0, 13.52%, 0, 0, 5, 467.90, 6345739, 458, 0, 0
20980, 689, 44, 69, 0, 0, 13.52%, 0, 0, 5, 382.17, 6346499, 458, 0, 0
20985, 689, 68, 69, 0, 0, 13.52%, 0, 0, 5, 199.00, 6347144, 458, 0, 0
20991, 689, 68, 69, 0, 0, 13.52%, 0, 0, 5, 32.92, 6348252, 458, 0, 0
20996, 689, 44, 69, 0, 0, 13.52%, 0, 0, 5, 32.99, 6349410, 458, 0, 0
21001, 689, 64, 69, 0, 0, 13.52%, 0, 0, 5, 33.34, 6350557, 458, 0, 0
21006, 689, 32, 69, 0, 0, 13.52%, 0, 0, 5, 460.95, 6351552, 458, 0, 0
21011, 689, 1, 69, 0, 0, 13.52%, 0, 0, 5, 473.03, 6352379, 458, 0, 0
21016, 689, 15, 69, 0, 0, 13.52%, 0, 0, 5, 339.09, 6353203, 458, 0, 0
21021, 689, 12, 69, 0, 0, 13.52%, 0, 0, 5, 33.00, 6354125, 458, 0, 0
21026, 690, 68, 69, 0, 0, 13.52%, 0, 0, 5, 33.15, 6355279, 458, 0, 0
21032, 690, 24, 69, 0, 0, 13.52%, 0, 0, 5, 32.27, 6356403, 458, 0, 0
21037, 690, 51, 69, 0, 0, 13.52%, 0, 0, 5, 33.89, 6357439, 458, 0, 0
21042, 690, 66, 69, 0, 0, 13.52%, 0, 0, 5, 464.89, 6358532, 458, 0, 0
21047, 690, 2, 69, 0, 0, 13.52%, 0, 0, 5, 428.91, 6359115, 458, 0, 0
21052, 690, 65, 69, 0, 0, 13.52%, 0, 0, 5, 427.86, 6359922, 458, 0, 0
21057, 690, 68, 69, 0, 0, 13.52%, 0, 0, 5, 40.45, 6361006, 458, 0, 0
21062, 690, 9, 69, 0, 0, 13.52%, 0, 0, 5, 33.16, 6362141, 458, 0, 0
21067, 690, 23, 69, 0, 0, 13.52%, 0, 0, 5, 33.01, 6363372, 458, 0, 0
21072, 691, 51, 69, 0, 0, 13.52%, 0, 0, 5, 450.88, 6364343, 458, 0, 0
21077, 691, 0, 69, 0, 0, 13.52%, 0, 0, 5, 296.33, 6364908, 458, 0, 0
21083, 691, 63, 69, 0, 0, 13.52%, 0, 0, 5, 33.09, 6365960, 458, 0, 0
21088, 691, 1, 69, 0, 0, 13.52%, 0, 0, 5, 33.04, 6367194, 458, 0, 0
21093, 691, 40, 69, 0, 0, 13.52%, 0, 0, 5, 365.02, 6368378, 458, 0, 0
21098, 691, 12, 69, 0, 0, 13.52%, 0, 0, 5, 357.42, 6369071, 458, 0, 0
21103, 691, 2, 69, 0, 0, 13.52%, 0, 0, 5, 32.75, 6369784, 458, 0, 0
21108, 691, 29, 69, 0, 0, 13.52%, 0, 0, 5, 33.33, 6371002, 458, 0, 0
21113, 692, 9, 69, 0, 0, 13.52%, 0, 0, 5, 54.96, 6372183, 458, 0, 0
21119, 692, 68, 69, 0, 0, 13.52%, 0, 0, 5, 464.80, 6373296, 458, 0, 0
21124, 692, 12, 69, 0, 0, 13.52%, 0, 0, 5, 463.15, 6373870, 458, 0, 0
21129, 692, 68, 69, 0, 0, 13.52%, 0, 0, 5, 32.93, 6374738, 458, 0, 0
21134, 692, 68, 69, 0, 0, 13.52%, 0, 0, 5, 39.54, 6375942, 458, 0, 0
21139, 692, 50, 69, 0, 0, 13.52%, 0, 0, 5, 32.84, 6377167, 458, 0, 0
21144, 692, 68, 69, 0, 0, 13.52%, 0, 0, 5, 451.13, 6378131, 458, 0, 0
21149, 692, 51, 69, 0, 0, 13.52%, 0, 0, 5, 471.53, 6378814, 458, 0, 0
21154, 692, 51, 69, 0, 0, 13.52%, 0, 0, 5, 33.15, 6379767, 458, 0, 0
21159, 692, 38, 69, 0, 0, 13.52%, 0, 0, 5, 33.34, 6380964, 458, 0, 0
21165, 693, 2, 69, 0, 0, 13.52%, 0, 0, 5, 59.66, 6382168, 458, 0, 0
21170, 693, 65, 69, 0, 0, 13.52%, 0, 0, 5, 463.86, 6383070, 458, 0, 0
21175, 693, 68, 69, 0, 0, 13.52%, 0, 0, 5, 424.67, 6383815, 458, 0, 0
21180, 693, 51, 69, 0, 0, 13.52%, 0, 0, 5, 33.01, 6384604, 458, 0, 0
21185, 693, 68, 69, 0, 0, 13.52%, 0, 0, 5, 33.12, 6385717, 458, 0, 0
21190, 693, 51, 69, 0, 0, 13.52%, 0, 0, 5, 56.46, 6386848, 458, 0, 0
21195, 693, 24, 69, 0, 0, 13.52%, 0, 0, 5, 32.43, 6387958, 458, 0, 0
21200, 693, 68, 69, 0, 0, 13.52%, 0, 0, 5, 466.20, 6389049, 458, 0, 0
21205, 693, 9, 69, 0, 0, 13.52%, 0, 0, 5, 271.89, 6389842, 458, 0, 0
21210, 693, 2, 69, 0, 0, 13.52%, 0, 0, 5, 345.85, 6390609, 458, 0, 0
21216, 693, 68, 69, 0, 0, 13.52%, 0, 0, 5, 32.70, 6391516, 458, 0, 0
21221, 694, 51, 69, 0, 0, 13.52%, 0, 0, 5, 32.98, 6392661, 458, 0, 0
21226, 694, 15, 69, 0, 0, 13.52%, 0, 0, 5, 33.30, 6393741, 458, 0, 0
21231, 694, 9, 69, 0, 0, 13.52%, 0, 0, 5, 33.64, 6394871, 458, 0, 0
21236, 694, 9, 69, 0, 0, 13.52%, 0, 0, 5, 462.19, 6395870, 458, 0, 0
21241, 694, 9, 69, 0, 0, 13.52%, 0, 0, 5, 428.59, 6396615, 458, 0, 0
21246, 694, 12, 69, 0, 0, 13.52%, 0, 0, 5, 41.41, 6397313, 458, 0, 0
21251, 694, 68, 69, 0, 0, 13.52%, 0, 0, 5, 33.09, 6398397, 458, 0, 0
21256, 694, 21, 69, 0, 0, 13.52%, 0, 0, 5, 33.08, 6399534, 458, 0, 0
21261, 694, 68, 69, 0, 0, 13.52%, 0, 0, 5, 32.76, 6400615, 458, 0, 0
21266, 695, 57, 69, 0, 0, 13.52%, 0, 0, 5, 438.71, 6401715, 458, 0, 0
21271, 695, 7, 69, 0, 0, 13.52%, 0, 0, 5, 458.04, 6402615, 458, 0, 0
21277, 695, 15, 69, 0, 0, 13.52%, 0, 0, 5, 388.74, 6403285, 458, 0, 0
21282, 695, 68, 69, 0, 0, 13.52%, 0, 0, 5, 33.01, 6404156, 458, 0, 0
21287, 695, 59, 69, 0, 0, 13.52%, 0, 0, 5, 32.86, 6405260, 458, 0, 0
21292, 695, 67, 69, 0, 0, 13.52%, 0, 0, 5, 33.35, 6406405, 458, 0, 0
21297, 695, 68, 69, 0, 0, 13.52%, 0, 0, 5, 465.67, 6407506, 458, 0, 0
21302, 695, 51, 69, 0, 0, 13.52%, 0, 0, 5, 281.63, 6408123, 458, 0, 0
21307, 695, 68, 69, 0, 0, 13.52%, 0, 0, 5, 32.87, 6409033, 458, 0, 0
21312, 695, 17, 69, 0, 0, 13.52%, 0, 0, 5, 33.23, 6410227, 458, 0, 0
21317, 696, 15, 69, 0, 0, 13.52%, 0, 0, 5, 33.33, 6411431, 458, 0, 0
21322, 696, 36, 69, 0, 0, 13.52%, 0, 0, 5, 400.81, 6412192, 458, 0, 0
21328, 696, 17, 69, 0, 0, 13.52%, 0, 0, 5, 37.21, 6412802, 458, 0, 0
21333, 696, 68, 69, 0, 0, 13.52%, 0, 0, 5, 33.34, 6414000, 458, 0, 0
21338, 696, 68, 69, 0, 0, 13.52%, 0, 0, 5, 53.04, 6415183, 458, 0, 0
21343, 696, 44, 69, 0, 0, 13.52%, 0, 0, 5, 451.78, 6416415, 458, 0, 0
21348, 696, 2, 69, 0, 0, 13.52%, 0, 0, 5, 459.48, 6417133, 458, 0, 0
21353, 696, 17, 69, 0, 0, 13.52%, 0, 0, 5, 32.94, 6417750, 458, 0, 0
21359, 696, 68, 69, 0, 0, 13.52%, 0, 0, 5, 33.16, 6418976, 458, 0, 0
21364, 697, 12, 69, 0, 0, 13.52%, 0, 0, 5, 33.30, 6420152, 458, 0, 0
21369, 697, 68, 69, 0, 0, 13.52%, 0, 0, 5, 465.76, 6421342, 458, 0, 0
21374, 697, 68, 69, 0, 0, 13.52%, 0, 0, 5, 417.61, 6421883, 458, 0, 0
21379, 697, 44, 69, 0, 0, 13.52%, 0, 0, 5, 32.32, 6422712, 458, 0, 0
21384, 697, 44, 69, 0, 0, 13.52%, 0, 0, 5, 32.06, 6423959, 458, 0, 0
21389, 697, 65, 69, 0, 0, 13.52%, 0, 0, 5, 32.97, 6425141, 458, 0, 0
21394, 697, 7, 69, 0, 0, 13.52%, 0, 0, 5, 473.52, 6426142, 458, 0, 0
21400, 697, 51, 69, 0, 0, 13.52%, 0, 0, 5, 462.43, 6427905, 458, 0, 0
21405, 698, 68, 69, 0, 0, 13.52%, 0, 0, 5, 463.40, 6430267, 458, 0, 0
21410, 698, 1, 69, 0, 0, 13.52%, 0, 0, 5, 452.26, 6432606, 458, 0, 0
21415, 698, 9, 69, 0, 0, 13.52%, 0, 0, 5, 443.74, 6434823, 458, 0, 0
21420, 698, 68, 69, 0, 0, 13.52%, 0, 0, 5, 321.74, 6436623, 458, 0, 0
21425, 698, 68, 69, 0, 0, 13.52%, 0, 0, 5, 357.16, 6438506, 458, 0, 0
21430, 699, 55, 69, 0, 0, 13.52%, 0, 0, 5, 420.04, 6440775, 458, 0, 0
21435, 699, 20, 69, 0, 0, 13.52%, 0, 0, 5, 430.55, 6442959, 458, 0, 0
21440, 699, 12, 69, 0, 0, 13.52%, 0, 0, 5, 429.25, 6445115, 458, 0, 0
21445, 699, 24, 69, 0, 0, 13.52%, 0, 0, 5, 406.12, 6447183, 458, 0, 0
21450, 699, 51, 69, 0, 0, 13.52%, 0, 0, 5, 380.67, 6449041, 458, 0, 0
21456, 700, 68, 69, 0, 0, 13.52%, 0, 0, 5, 430.08, 6451335, 458, 0, 0
21461, 700, 68, 69, 0, 0, 13.52%, 0, 0, 5, 436.93, 6453542, 458, 0, 0
21466, 700, 68, 69, 0, 0, 13.52%, 0, 0, 5, 424.56, 6455691, 458, 0, 0
21471, 700, 51, 69, 0, 0, 13.52%, 0, 0, 5, 396.47, 6457739, 458, 0, 0
21476, 701, 68, 69, 0, 0, 13.52%, 0, 0, 5, 421.15, 6459815, 458, 0, 0
21481, 701, 65, 69, 0, 0, 13.52%, 0, 0, 5, 445.15, 6462159, 458, 0, 0
21486, 701, 68, 69, 0, 0, 13.52%, 0, 0, 5, 448.20, 6464475, 458, 0, 0
21491, 701, 68, 69, 0, 0, 13.52%, 0, 0, 5, 451.42, 6466814, 458, 0, 0
21496, 702, 51, 69, 0, 0, 13.52%, 0, 0, 5, 435.06, 6468935, 458, 0, 0
21502, 702, 21, 69, 0, 0, 13.52%, 0, 0, 5, 448.42, 6471275, 458, 0, 0
21507, 702, 15, 69, 0, 0, 13.52%, 0, 0, 5, 451.58, 6473624, 458, 0, 0
21512, 702, 68, 69, 0, 0, 13.52%, 0, 0, 5, 445.30, 6475759, 458, 0, 0
21517, 702, 68, 69, 0, 0, 13.52%, 0, 0, 5, 430.49, 6477883, 458, 0, 0
21522, 703, 68, 69, 0, 0, 13.52%, 0, 0, 5, 450.88, 6480230, 458, 0, 0
21527, 703, 2, 69, 0, 0, 13.52%, 0, 0, 5, 451.67, 6482542, 458, 0, 0
21532, 703, 30, 69, 0, 0, 13.52%, 0, 0, 5, 454.25, 6484897, 458, 0, 0
21537, 703, 51, 69, 0, 0, 13.52%, 0, 0, 5, 428.82, 6487039, 458, 0, 0
21542, 704, 7, 69, 0, 0, 13.52%, 0, 0, 5, 449.81, 6489388, 458, 0, 0
21548, 704, 68, 69, 0, 0, 13.52%, 0, 0, 5, 452.06, 6491752, 458, 0, 0
21553, 704, 51, 69, 0, 0, 13.52%, 0, 0, 5, 451.95, 6494106, 458, 0, 0
21558, 704, 51, 69, 0, 0, 13.52%, 0, 0, 5, 416.98, 6496115, 458, 0, 0
21563, 705, 21, 69, 0, 0, 13.52%, 0, 0, 5, 446.44, 6498459, 458, 0, 0
21568, 705, 63, 69, 0, 0, 13.52%, 0, 0, 5, 450.79, 6500797, 458, 0, 0
21573, 705, 61, 69, 0, 0, 13.52%, 0, 0, 5, 450.71, 6503142, 458, 0, 0
21578, 706, 68, 69, 0, 0, 13.52%, 0, 0, 5, 427.29, 6505255, 458, 0, 0
21584, 706, 53, 69, 0, 0, 13.52%, 0, 0, 5, 450.67, 6507606, 458, 0, 0
21589, 706, 57, 69, 0, 0, 13.52%, 0, 0, 5, 455.25, 6509906, 458, 0, 0
21594, 706, 38, 69, 0, 0, 13.52%, 0, 0, 5, 451.39, 6512233, 458, 0, 0
21599, 707, 63, 69, 0, 0, 13.52%, 0, 0, 5, 421.73, 6514351, 458, 0, 0
