# relative_time, cycles_done, cur_item, corpus_count, pending_total, pending_favs, map_size, saved_crashes, saved_hangs, max_depth, execs_per_sec, total_execs, edges_found, total_crashes, servers_count
61, 0, 0, 270, 270, 5, 26.36%, 0, 0, 2, 283.90, 18111, 551, 0, 0
66, 0, 0, 274, 274, 5, 26.36%, 0, 0, 2, 281.97, 19539, 551, 0, 0
71, 0, 0, 277, 277, 5, 26.36%, 0, 0, 2, 251.01, 20775, 551, 0, 0
76, 0, 0, 279, 279, 5, 26.36%, 0, 0, 2, 278.11, 22219, 551, 0, 0
81, 0, 0, 282, 282, 5, 26.36%, 0, 0, 2, 288.90, 23606, 551, 0, 0
86, 0, 0, 284, 284, 5, 26.36%, 0, 0, 2, 285.85, 25040, 551, 0, 0
91, 0, 0, 287, 287, 5, 26.36%, 0, 0, 2, 263.17, 26401, 551, 0, 0
96, 0, 0, 287, 287, 5, 26.36%, 0, 0, 2, 280.70, 27821, 551, 0, 0
101, 0, 0, 290, 290, 5, 26.51%, 0, 0, 2, 284.44, 29257, 554, 0, 0
106, 0, 0, 293, 293, 5, 26.51%, 0, 0, 2, 285.89, 30698, 554, 0, 0
111, 0, 0, 296, 296, 5, 26.51%, 0, 0, 2, 288.07, 32144, 554, 0, 0
116, 0, 0, 298, 298, 5, 26.51%, 0, 0, 2, 281.42, 33498, 554, 0, 0
122, 0, 0, 300, 300, 5, 26.51%, 0, 0, 2, 288.61, 35002, 554, 0, 0
127, 0, 0, 300, 300, 5, 26.51%, 0, 0, 2, 287.95, 36433, 554, 0, 0
132, 0, 0, 301, 301, 5, 26.51%, 0, 0, 2, 288.98, 37935, 554, 0, 0
137, 0, 0, 302, 302, 5, 26.51%, 0, 0, 2, 285.03, 39357, 554, 0, 0
142, 0, 0, 302, 302, 5, 26.51%, 0, 0, 2, 295.48, 40887, 554, 0, 0
147, 0, 0, 302, 302, 5, 26.51%, 0, 0, 2, 297.27, 42417, 554, 0, 0
152, 0, 0, 304, 304, 5, 26.51%, 0, 0, 2, 296.74, 43936, 554, 0, 0
157, 0, 0, 307, 307, 5, 26.51%, 0, 0, 2, 287.53, 45332, 554, 0, 0
163, 0, 0, 310, 310, 5, 26.56%, 0, 0, 2, 297.29, 46883, 555, 0, 0
168, 0, 0, 312, 312, 5, 26.56%, 0, 0, 2, 298.45, 48422, 555, 0, 0
173, 0, 0, 312, 312, 5, 26.56%, 0, 0, 2, 297.14, 49942, 555, 0, 0
178, 0, 0, 314, 314, 5, 26.65%, 0, 0, 2, 283.87, 51326, 557, 0, 0
183, 0, 0, 316, 316, 5, 26.65%, 0, 0, 2, 296.21, 52875, 557, 0, 0
188, 0, 0, 317, 317, 5, 26.65%, 0, 0, 2, 296.25, 54392, 557, 0, 0
193, 0, 52, 333, 329, 40, 26.65%, 0, 0, 3, 297.35, 55933, 557, 0, 0
198, 0, 52, 338, 334, 40, 26.65%, 0, 0, 3, 283.24, 57327, 557, 0, 0
203, 0, 52, 338, 334, 40, 26.65%, 0, 0, 3, 296.58, 58828, 557, 0, 0
209, 0, 52, 340, 336, 40, 26.65%, 0, 0, 3, 299.19, 60372, 557, 0, 0
214, 0, 52, 340, 336, 40, 26.65%, 0, 0, 3, 299.98, 61922, 557, 0, 0
219, 0, 52, 340, 336, 40, 26.65%, 0, 0, 3, 280.50, 63352, 557, 0, 0
224, 0, 52, 340, 336, 40, 26.65%, 0, 0, 3, 296.04, 64857, 557, 0, 0
229, 0, 52, 340, 336, 40, 26.65%, 0, 0, 3, 298.80, 66392, 557, 0, 0
234, 0, 52, 340, 336, 40, 26.65%, 0, 0, 3, 298.46, 67912, 557, 0, 0
239, 0, 307, 346, 340, 38, 26.65%, 0, 0, 3, 275.82, 69354, 557, 0, 0
244, 0, 307, 346, 340, 38, 26.65%, 0, 0, 3, 295.77, 70879, 557, 0, 0
249, 0, 307, 346, 340, 38, 26.65%, 0, 0, 3, 299.24, 72389, 557, 0, 0
254, 0, 307, 346, 340, 38, 26.65%, 0, 0, 3, 299.74, 73899, 557, 0, 0
260, 0, 341, 346, 335, 32, 26.65%, 0, 0, 3, 270.34, 75311, 557, 0, 0
265, 0, 339, 348, 332, 28, 26.65%, 0, 0, 4, 296.97, 76830, 557, 0, 0
270, 0, 164, 351, 325, 20, 26.65%, 0, 0, 4, 297.40, 78332, 557, 0, 0
275, 0, 164, 353, 327, 20, 26.65%, 0, 0, 4, 290.93, 79781, 557, 0, 0
280, 0, 213, 353, 314, 8, 26.65%, 0, 0, 4, 284.49, 81273, 557, 0, 0
285, 0, 316, 355, 305, 3, 26.65%, 0, 0, 4, 285.99, 82691, 557, 0, 0
290, 0, 279, 357, 300, 1, 26.70%, 0, 0, 5, 291.90, 84213, 558, 0, 0
295, 0, 44, 357, 292, 0, 26.70%, 0, 0, 5, 293.06, 85731, 558, 0, 0
300, 0, 91, 357, 291, 0, 26.70%, 0, 0, 5, 292.61, 87236, 558, 0, 0
306, 0, 164, 357, 287, 0, 26.70%, 0, 0, 5, 287.59, 88676, 558, 0, 0
311, 0, 111, 357, 284, 0, 26.70%, 0, 0, 5, 291.02, 90139, 558, 0, 0
316, 0, 129, 357, 283, 0, 26.70%, 0, 0, 5, 294.05, 91661, 558, 0, 0
321, 0, 309, 357, 278, 0, 26.70%, 0, 0, 5, 296.87, 93201, 558, 0, 0
326, 0, 119, 357, 273, 0, 26.70%, 0, 0, 5, 283.85, 94561, 558, 0, 0
331, 0, 5, 357, 268, 0, 26.70%, 0, 0, 5, 294.91, 96086, 558, 0, 0
336, 0, 344, 357, 266, 0, 26.70%, 0, 0, 5, 291.85, 97581, 558, 0, 0
341, 0, 350, 357, 262, 0, 26.70%, 0, 0, 5, 300.22, 98973, 558, 0, 0
347, 0, 99, 357, 259, 0, 26.70%, 0, 0, 5, 303.48, 100324, 558, 0, 0
352, 0, 314, 357, 256, 0, 26.70%, 0, 0, 5, 281.23, 101766, 558, 0, 0
357, 0, 111, 357, 251, 0, 26.70%, 0, 0, 5, 279.73, 103180, 558, 0, 0
362, 0, 202, 357, 251, 0, 26.70%, 0, 0, 5, 296.67, 104595, 558, 0, 0
367, 0, 222, 357, 244, 0, 26.70%, 0, 0, 5, 301.43, 106050, 558, 0, 0
372, 0, 10, 357, 242, 0, 26.70%, 0, 0, 5, 278.66, 107426, 558, 0, 0
377, 0, 0, 357, 239, 0, 26.70%, 0, 0, 5, 42.37, 108803, 558, 0, 0
382, 0, 224, 357, 234, 0, 26.70%, 0, 0, 5, 276.18, 110211, 558, 0, 0
387, 0, 39, 357, 231, 0, 26.70%, 0, 0, 5, 277.58, 111616, 558, 0, 0
393, 0, 56, 357, 227, 0, 26.70%, 0, 0, 5, 301.60, 113077, 558, 0, 0
398, 0, 344, 357, 222, 0, 26.70%, 0, 0, 5, 296.61, 114506, 558, 0, 0
403, 0, 55, 357, 220, 0, 26.70%, 0, 0, 5, 291.76, 115955, 558, 0, 0
408, 1, 194, 357, 217, 0, 26.70%, 0, 0, 5, 286.83, 117302, 558, 0, 0
413, 1, 179, 357, 208, 0, 26.70%, 0, 0, 5, 300.58, 118706, 558, 0, 0
418, 1, 313, 357, 200, 0, 26.70%, 0, 0, 5, 282.91, 120134, 558, 0, 0
423, 1, 183, 357, 194, 0, 26.70%, 0, 0, 5, 281.15, 121534, 558, 0, 0
428, 1, 166, 357, 186, 0, 26.70%, 0, 0, 5, 298.42, 122966, 558, 0, 0
433, 1, 341, 357, 179, 0, 26.70%, 0, 0, 5, 299.44, 124400, 558, 0, 0
438, 1, 181, 357, 173, 0, 26.70%, 0, 0, 5, 290.16, 125752, 558, 0, 0
444, 1, 117, 357, 169, 0, 26.70%, 0, 0, 5, 305.23, 127160, 558, 0, 0
449, 1, 227, 357, 161, 0, 26.70%, 0, 0, 5, 300.22, 128552, 558, 0, 0
454, 1, 263, 357, 155, 0, 26.70%, 0, 0, 5, 213.37, 129875, 558, 0, 0
459, 1, 357, 358, 149, 0, 26.70%, 0, 0, 5, 277.91, 131405, 558, 0, 0
464, 1, 202, 358, 145, 0, 26.70%, 0, 0, 5, 266.74, 132782, 558, 0, 0
469, 1, 227, 358, 142, 0, 26.70%, 0, 0, 5, 300.04, 134144, 558, 0, 0
474, 1, 204, 358, 139, 0, 26.70%, 0, 0, 5, 301.98, 135481, 558, 0, 0
479, 1, 309, 358, 134, 0, 26.70%, 0, 0, 5, 161.38, 136931, 558, 0, 0
484, 1, 143, 358, 126, 0, 26.70%, 0, 0, 5, 254.86, 138310, 558, 0, 0
489, 1, 111, 358, 123, 0, 26.70%, 0, 0, 5, 261.81, 139609, 558, 0, 0
495, 1, 21, 358, 118, 0, 26.70%, 0, 0, 5, 273.32, 141012, 558, 0, 0
500, 1, 255, 358, 115, 0, 26.70%, 0, 0, 5, 299.34, 142435, 558, 0, 0
505, 1, 76, 358, 111, 0, 26.70%, 0, 0, 5, 276.38, 143776, 558, 0, 0
510, 1, 350, 358, 107, 0, 26.70%, 0, 0, 5, 296.35, 145173, 558, 0, 0
515, 1, 95, 358, 105, 0, 26.70%, 0, 0, 5, 287.86, 146575, 558, 0, 0
520, 1, 291, 358, 102, 0, 26.70%, 0, 0, 5, 284.71, 147966, 558, 0, 0
525, 1, 95, 358, 98, 0, 26.70%, 0, 0, 5, 38.31, 149423, 558, 0, 0
530, 1, 70, 358, 94, 0, 26.70%, 0, 0, 5, 282.56, 150821, 558, 0, 0
535, 1, 129, 358, 93, 0, 26.70%, 0, 0, 5, 255.00, 152120, 558, 0, 0
540, 1, 55, 358, 89, 0, 26.70%, 0, 0, 5, 275.68, 153535, 558, 0, 0
546, 1, 100, 358, 85, 0, 26.70%, 0, 0, 5, 287.13, 154865, 558, 0, 0
551, 2, 266, 358, 83, 0, 26.70%, 0, 0, 5, 305.31, 156319, 558, 0, 0
556, 2, 222, 358, 82, 0, 26.70%, 0, 0, 5, 300.75, 157761, 558, 0, 0
561, 2, 301, 358, 81, 0, 26.70%, 0, 0, 5, 273.65, 159066, 558, 0, 0
566, 2, 76, 358, 78, 0, 26.70%, 0, 0, 5, 297.78, 160469, 558, 0, 0
571, 2, 99, 358, 77, 0, 26.70%, 0, 0, 5, 277.53, 161787, 558, 0, 0
576, 2, 82, 358, 72, 0, 26.70%, 0, 0, 5, 275.59, 163223, 558, 0, 0
581, 2, 125, 358, 72, 0, 26.70%, 0, 0, 5, 280.43, 164654, 558, 0, 0
587, 2, 121, 358, 71, 0, 26.70%, 0, 0, 5, 284.21, 165993, 558, 0, 0
592, 2, 133, 358, 69, 0, 26.70%, 0, 0, 5, 293.86, 167391, 558, 0, 0
597, 2, 191, 358, 65, 0, 26.70%, 0, 0, 5, 296.50, 168709, 558, 0, 0
602, 2, 336, 358, 65, 0, 26.70%, 0, 0, 5, 43.86, 170039, 558, 0, 0
607, 2, 161, 358, 63, 0, 26.70%, 0, 0, 5, 298.76, 171464, 558, 0, 0
612, 2, 156, 358, 62, 0, 26.70%, 0, 0, 5, 291.97, 172815, 558, 0, 0
617, 2, 213, 359, 62, 0, 26.70%, 0, 0, 5, 267.83, 174119, 558, 0, 0
622, 2, 213, 364, 67, 0, 26.70%, 0, 0, 5, 293.61, 175499, 558, 0, 0
627, 2, 213, 364, 67, 0, 26.70%, 0, 0, 5, 294.93, 176786, 558, 0, 0
632, 2, 213, 364, 67, 0, 26.70%, 0, 0, 5, 293.65, 178081, 558, 0, 0
637, 2, 213, 364, 67, 0, 26.70%, 0, 0, 5, 40.49, 179406, 558, 0, 0
643, 2, 213, 366, 69, 0, 26.70%, 0, 0, 5, 281.35, 180828, 558, 0, 0
648, 2, 213, 366, 69, 0, 26.70%, 0, 0, 5, 267.43, 182121, 558, 0, 0
653, 2, 213, 367, 70, 0, 26.70%, 0, 0, 5, 283.57, 183493, 558, 0, 0
658, 2, 213, 367, 70, 0, 26.70%, 0, 0, 5, 290.39, 184833, 558, 0, 0
663, 2, 213, 367, 70, 0, 26.70%, 0, 0, 5, 257.20, 186143, 558, 0, 0
668, 2, 50, 367, 70, 0, 26.70%, 0, 0, 5, 285.40, 187503, 558, 0, 0
673, 2, 354, 367, 70, 0, 26.70%, 0, 0, 5, 299.01, 188883, 558, 0, 0
678, 2, 106, 367, 68, 0, 26.70%, 0, 0, 5, 299.93, 190235, 558, 0, 0
683, 2, 95, 367, 66, 0, 26.70%, 0, 0, 5, 303.81, 191639, 558, 0, 0
688, 2, 140, 367, 63, 0, 26.70%, 0, 0, 5, 281.15, 192943, 558, 0, 0
694, 2, 150, 367, 62, 0, 26.70%, 0, 0, 5, 299.61, 194256, 558, 0, 0
699, 2, 66, 367, 61, 0, 26.70%, 0, 0, 5, 274.51, 195599, 558, 0, 0
704, 2, 329, 367, 60, 0, 26.70%, 0, 0, 5, 301.97, 196963, 558, 0, 0
709, 2, 299, 367, 59, 0, 26.70%, 0, 0, 5, 279.47, 198322, 558, 0, 0
715, 2, 362, 367, 58, 0, 26.70%, 0, 0, 5, 282.36, 199966, 558, 0, 0
720, 2, 309, 367, 56, 0, 26.70%, 0, 0, 5, 303.24, 201323, 558, 0, 0
725, 2, 309, 367, 54, 0, 26.70%, 0, 0, 5, 246.26, 202709, 558, 0, 0
730, 2, 366, 367, 54, 0, 26.70%, 0, 0, 5, 295.72, 204073, 558, 0, 0
735, 2, 166, 368, 53, 0, 26.70%, 0, 0, 5, 275.29, 205357, 558, 0, 0
741, 2, 76, 368, 53, 0, 26.70%, 0, 0, 5, 32.89, 206712, 558, 0, 0
746, 2, 364, 368, 52, 0, 26.70%, 0, 0, 5, 280.48, 208283, 558, 0, 0
751, 2, 187, 368, 49, 0, 26.70%, 0, 0, 5, 283.04, 209644, 558, 0, 0
757, 2, 245, 368, 48, 0, 26.70%, 0, 0, 5, 277.43, 211006, 558, 0, 0
762, 2, 50, 368, 45, 0, 26.70%, 0, 0, 5, 301.98, 212356, 558, 0, 0
767, 3, 354, 368, 43, 0, 26.70%, 0, 0, 5, 295.79, 213809, 558, 0, 0
772, 3, 365, 368, 43, 0, 26.70%, 0, 0, 5, 281.03, 215138, 558, 0, 0
777, 3, 257, 368, 41, 0, 26.70%, 0, 0, 5, 302.37, 216493, 558, 0, 0
782, 3, 341, 368, 39, 0, 26.70%, 0, 0, 5, 300.98, 217930, 558, 0, 0
787, 3, 76, 368, 39, 0, 26.70%, 0, 0, 5, 154.58, 219263, 558, 0, 0
793, 3, 360, 368, 37, 0, 26.70%, 0, 0, 5, 296.21, 220592, 558, 0, 0
798, 3, 55, 368, 37, 0, 26.70%, 0, 0, 5, 38.17, 221917, 558, 0, 0
803, 3, 129, 368, 36, 0, 26.70%, 0, 0, 5, 286.22, 223337, 558, 0, 0
808, 3, 166, 368, 35, 0, 26.70%, 0, 0, 5, 274.29, 224682, 558, 0, 0
813, 3, 297, 368, 34, 0, 26.70%, 0, 0, 5, 292.15, 226046, 558, 0, 0
818, 3, 201, 368, 33, 0, 26.70%, 0, 0, 5, 279.17, 227480, 558, 0, 0
823, 3, 355, 368, 32, 0, 26.70%, 0, 0, 5, 295.49, 228820, 558, 0, 0
828, 3, 227, 368, 30, 0, 26.70%, 0, 0, 5, 276.04, 230112, 558, 0, 0
833, 3, 222, 368, 26, 0, 26.70%, 0, 0, 5, 36.90, 231415, 558, 0, 0
839, 3, 164, 368, 26, 0, 26.70%, 0, 0, 5, 298.75, 232820, 558, 0, 0
844, 3, 133, 368, 26, 0, 26.70%, 0, 0, 5, 299.02, 234155, 558, 0, 0
849, 3, 2, 368, 26, 0, 26.70%, 0, 0, 5, 279.11, 235471, 558, 0, 0
854, 3, 44, 368, 25, 0, 26.70%, 0, 0, 5, 281.48, 236862, 558, 0, 0
859, 3, 336, 368, 25, 0, 26.70%, 0, 0, 5, 266.51, 238152, 558, 0, 0
864, 3, 309, 368, 25, 0, 26.70%, 0, 0, 5, 276.78, 239488, 558, 0, 0
869, 3, 99, 368, 24, 0, 26.70%, 0, 0, 5, 268.28, 240889, 558, 0, 0
874, 3, 50, 368, 24, 0, 26.70%, 0, 0, 5, 298.17, 242175, 558, 0, 0
879, 3, 260, 368, 24, 0, 26.70%, 0, 0, 5, 295.61, 243486, 558, 0, 0
885, 3, 313, 369, 23, 0, 26.70%, 0, 0, 5, 265.23, 244790, 558, 0, 0
890, 3, 135, 369, 23, 0, 26.70%, 0, 0, 5, 276.05, 246176, 558, 0, 0
895, 3, 309, 369, 22, 0, 26.70%, 0, 0, 5, 263.73, 247482, 558, 0, 0
900, 3, 309, 369, 22, 0, 26.70%, 0, 0, 5, 283.28, 248858, 558, 0, 0
905, 3, 313, 369, 21, 0, 26.70%, 0, 0, 5, 290.88, 250274, 558, 0, 0
910, 3, 349, 369, 19, 0, 26.70%, 0, 0, 5, 292.62, 251574, 558, 0, 0
915, 3, 111, 369, 18, 0, 26.70%, 0, 0, 5, 286.47, 252864, 558, 0, 0
920, 3, 82, 369, 17, 0, 26.70%, 0, 0, 5, 298.19, 254247, 558, 0, 0
925, 4, 336, 369, 17, 0, 26.70%, 0, 0, 5, 290.90, 255547, 558, 0, 0
930, 4, 44, 369, 17, 0, 26.70%, 0, 0, 5, 297.29, 256837, 558, 0, 0
935, 4, 44, 369, 16, 0, 26.70%, 0, 0, 5, 277.43, 258245, 558, 0, 0
940, 4, 55, 369, 15, 0, 26.70%, 0, 0, 5, 301.08, 259565, 558, 0, 0
946, 4, 106, 369, 15, 0, 26.70%, 0, 0, 5, 123.98, 260891, 558, 0, 0
951, 4, 213, 369, 15, 0, 26.70%, 0, 0, 5, 238.55, 262240, 558, 0, 0
956, 4, 166, 369, 15, 0, 26.70%, 0, 0, 5, 262.64, 263531, 558, 0, 0
961, 4, 313, 369, 13, 0, 26.70%, 0, 0, 5, 270.08, 264768, 558, 0, 0
966, 4, 75, 369, 13, 0, 26.70%, 0, 0, 5, 300.84, 266111, 558, 0, 0
971, 4, 213, 369, 13, 0, 26.70%, 0, 0, 5, 276.89, 267454, 558, 0, 0
976, 4, 106, 369, 12, 0, 26.70%, 0, 0, 5, 266.97, 268846, 558, 0, 0
981, 4, 213, 369, 12, 0, 26.70%, 0, 0, 5, 285.69, 270166, 558, 0, 0
986, 4, 329, 369, 12, 0, 26.70%, 0, 0, 5, 295.29, 271496, 558, 0, 0
991, 4, 202, 369, 12, 0, 26.70%, 0, 0, 5, 290.97, 272882, 558, 0, 0
996, 4, 354, 369, 11, 0, 26.70%, 0, 0, 5, 260.54, 274186, 558, 0, 0
1002, 4, 236, 372, 14, 0, 26.70%, 0, 0, 5, 287.86, 275511, 558, 0, 0
1007, 4, 336, 372, 13, 0, 26.70%, 0, 0, 5, 263.37, 276836, 558, 0, 0
1013, 4, 371, 372, 13, 0, 26.70%, 0, 0, 5, 293.28, 278399, 558, 0, 0
1018, 4, 305, 372, 11, 0, 26.70%, 0, 0, 5, 265.53, 279741, 558, 0, 0
1023, 4, 84, 372, 10, 0, 26.70%, 0, 0, 5, 279.90, 281149, 558, 0, 0
1028, 4, 76, 372, 10, 0, 26.70%, 0, 0, 5, 297.54, 282449, 558, 0, 0
1033, 4, 368, 372, 10, 0, 26.70%, 0, 0, 5, 259.64, 283759, 558, 0, 0
1038, 4, 133, 372, 9, 0, 26.70%, 0, 0, 5, 293.83, 285030, 558, 0, 0
1043, 4, 75, 372, 9, 0, 26.70%, 0, 0, 5, 267.74, 286345, 558, 0, 0
1048, 4, 12, 372, 9, 0, 26.70%, 0, 0, 5, 297.83, 287685, 558, 0, 0
1053, 4, 287, 372, 8, 0, 26.70%, 0, 0, 5, 278.73, 288957, 558, 0, 0
1059, 4, 82, 372, 8, 0, 26.70%, 0, 0, 5, 297.87, 290283, 558, 0, 0
1064, 4, 80, 372, 8, 0, 26.70%, 0, 0, 5, 295.83, 291633, 558, 0, 0
1069, 4, 44, 372, 8, 0, 26.70%, 0, 0, 5, 292.91, 292943, 558, 0, 0
1074, 4, 5, 372, 7, 0, 26.70%, 0, 0, 5, 245.50, 294260, 558, 0, 0
1079, 4, 164, 372, 7, 0, 26.70%, 0, 0, 5, 304.34, 295590, 558, 0, 0
1084, 5, 166, 372, 6, 0, 26.70%, 0, 0, 5, 278.75, 296932, 558, 0, 0
1089, 5, 313, 372, 6, 0, 26.70%, 0, 0, 5, 261.35, 298208, 558, 0, 0
1094, 5, 44, 372, 6, 0, 26.70%, 0, 0, 5, 287.14, 299468, 558, 0, 0
1099, 5, 314, 372, 6, 0, 26.70%, 0, 0, 5, 284.20, 300758, 558, 0, 0
1105, 5, 336, 372, 6, 0, 26.70%, 0, 0, 5, 305.68, 302131, 558, 0, 0
1110, 5, 370, 372, 6, 0, 26.70%, 0, 0, 5, 290.03, 303438, 558, 0, 0
1115, 5, 227, 372, 5, 0, 26.70%, 0, 0, 5, 284.14, 304777, 558, 0, 0
1120, 5, 22, 372, 5, 0, 26.70%, 0, 0, 5, 296.25, 306098, 558, 0, 0
1125, 5, 354, 372, 5, 0, 26.70%, 0, 0, 5, 289.04, 307474, 558, 0, 0
1130, 5, 164, 372, 5, 0, 26.70%, 0, 0, 5, 58.73, 308791, 558, 0, 0
1135, 5, 142, 372, 5, 0, 26.70%, 0, 0, 5, 31.62, 310086, 558, 0, 0
1140, 5, 329, 372, 5, 0, 26.70%, 0, 0, 5, 265.84, 311434, 558, 0, 0
1145, 5, 106, 372, 4, 0, 26.70%, 0, 0, 5, 295.76, 312774, 558, 0, 0
1150, 5, 354, 372, 4, 0, 26.70%, 0, 0, 5, 305.71, 314087, 558, 0, 0
1155, 5, 213, 372, 4, 0, 26.70%, 0, 0, 5, 258.95, 315349, 558, 0, 0
1161, 5, 267, 372, 4, 0, 26.70%, 0, 0, 5, 266.56, 316675, 558, 0, 0
1166, 5, 227, 372, 3, 0, 26.70%, 0, 0, 5, 295.43, 318030, 558, 0, 0
1171, 5, 202, 372, 3, 0, 26.70%, 0, 0, 5, 302.96, 319356, 558, 0, 0
1176, 5, 309, 372, 3, 0, 26.70%, 0, 0, 5, 292.31, 320645, 558, 0, 0
1181, 5, 111, 372, 3, 0, 26.70%, 0, 0, 5, 268.92, 321965, 558, 0, 0
1186, 5, 176, 372, 3, 0, 26.70%, 0, 0, 5, 266.28, 323285, 558, 0, 0
1191, 5, 213, 372, 3, 0, 26.70%, 0, 0, 5, 284.98, 324571, 558, 0, 0
1197, 5, 285, 372, 2, 0, 26.70%, 0, 0, 5, 262.05, 325887, 558, 0, 0
1202, 5, 95, 372, 2, 0, 26.70%, 0, 0, 5, 299.98, 327187, 558, 0, 0
1207, 5, 2, 372, 2, 0, 26.70%, 0, 0, 5, 258.06, 328457, 558, 0, 0
1212, 5, 110, 372, 2, 0, 26.70%, 0, 0, 5, 299.88, 329767, 558, 0, 0
1217, 5, 213, 372, 2, 0, 26.70%, 0, 0, 5, 295.18, 331102, 558, 0, 0
1222, 5, 50, 372, 2, 0, 26.70%, 0, 0, 5, 295.57, 332387, 558, 0, 0
1227, 5, 341, 372, 2, 0, 26.70%, 0, 0, 5, 289.17, 333737, 558, 0, 0
1232, 5, 166, 372, 2, 0, 26.70%, 0, 0, 5, 279.91, 335052, 558, 0, 0
1237, 6, 2, 372, 2, 0, 26.70%, 0, 0, 5, 301.96, 336366, 558, 0, 0
1242, 6, 285, 372, 2, 0, 26.70%, 0, 0, 5, 277.90, 337647, 558, 0, 0
1247, 6, 313, 372, 2, 0, 26.70%, 0, 0, 5, 292.65, 338947, 558, 0, 0
1252, 6, 95, 372, 2, 0, 26.70%, 0, 0, 5, 279.80, 340267, 558, 0, 0
1258, 6, 166, 372, 2, 0, 26.70%, 0, 0, 5, 300.00, 341587, 558, 0, 0
1263, 6, 222, 372, 2, 0, 26.70%, 0, 0, 5, 261.48, 342936, 558, 0, 0
1268, 6, 82, 372, 2, 0, 26.70%, 0, 0, 5, 285.90, 344267, 558, 0, 0
1273, 6, 133, 372, 2, 0, 26.70%, 0, 0, 5, 295.13, 345607, 558, 0, 0
1278, 6, 142, 372, 2, 0, 26.70%, 0, 0, 5, 301.18, 346909, 558, 0, 0
1283, 6, 75, 372, 2, 0, 26.70%, 0, 0, 5, 297.78, 348217, 558, 0, 0
1288, 6, 202, 372, 2, 0, 26.70%, 0, 0, 5, 298.14, 349547, 558, 0, 0
1293, 6, 354, 372, 1, 0, 26.70%, 0, 0, 5, 301.61, 350874, 558, 0, 0
1298, 6, 309, 372, 1, 0, 26.70%, 0, 0, 5, 296.40, 352163, 558, 0, 0
1303, 6, 166, 372, 1, 0, 26.70%, 0, 0, 5, 299.56, 353438, 558, 0, 0
1308, 6, 82, 372, 1, 0, 26.70%, 0, 0, 5, 301.98, 354769, 558, 0, 0
1314, 6, 287, 372, 1, 0, 26.70%, 0, 0, 5, 265.00, 356091, 558, 0, 0
1319, 6, 329, 372, 1, 0, 26.70%, 0, 0, 5, 34.36, 357413, 558, 0, 0
1324, 6, 44, 372, 1, 0, 26.70%, 0, 0, 5, 43.40, 358726, 558, 0, 0
1329, 6, 191, 372, 1, 0, 26.70%, 0, 0, 5, 46.33, 360028, 558, 0, 0
1334, 6, 213, 372, 1, 0, 26.70%, 0, 0, 5, 270.78, 361338, 558, 0, 0
1339, 6, 313, 372, 1, 0, 26.70%, 0, 0, 5, 257.10, 362653, 558, 0, 0
1344, 6, 354, 372, 1, 0, 26.70%, 0, 0, 5, 297.03, 363978, 558, 0, 0
1350, 6, 156, 372, 1, 0, 26.70%, 0, 0, 5, 282.27, 365323, 558, 0, 0
1355, 6, 44, 372, 1, 0, 26.70%, 0, 0, 5, 258.66, 366628, 558, 0, 0
1360, 6, 213, 372, 1, 0, 26.70%, 0, 0, 5, 300.00, 367945, 558, 0, 0
1365, 6, 222, 372, 1, 0, 26.70%, 0, 0, 5, 32.89, 369263, 558, 0, 0
1370, 6, 95, 372, 1, 0, 26.70%, 0, 0, 5, 298.51, 370548, 558, 0, 0
1375, 6, 354, 372, 1, 0, 26.70%, 0, 0, 5, 271.36, 371838, 558, 0, 0
1380, 6, 354, 372, 1, 0, 26.70%, 0, 0, 5, 306.93, 373142, 558, 0, 0
1385, 7, 91, 372, 1, 0, 26.70%, 0, 0, 5, 271.52, 374453, 558, 0, 0
1390, 7, 129, 372, 1, 0, 26.70%, 0, 0, 5, 31.55, 375733, 558, 0, 0
1395, 7, 341, 374, 2, 0, 26.70%, 0, 0, 5, 47.70, 377013, 558, 0, 0
1400, 7, 285, 374, 2, 0, 26.70%, 0, 0, 5, 255.00, 378342, 558, 0, 0
1406, 7, 222, 374, 1, 0, 26.70%, 0, 0, 5, 272.44, 379633, 558, 0, 0
1411, 7, 133, 374, 1, 0, 26.70%, 0, 0, 5, 282.54, 380923, 558, 0, 0
1416, 7, 5, 374, 1, 0, 26.70%, 0, 0, 5, 273.69, 382293, 558, 0, 0
1421, 7, 75, 374, 1, 0, 26.70%, 0, 0, 5, 293.23, 383623, 558, 0, 0
1426, 7, 371, 374, 1, 0, 26.70%, 0, 0, 5, 286.60, 384923, 558, 0, 0
1431, 7, 354, 374, 1, 0, 26.70%, 0, 0, 5, 31.25, 386193, 558, 0, 0
1436, 7, 79, 374, 1, 0, 26.70%, 0, 0, 5, 253.73, 387480, 558, 0, 0
1441, 7, 222, 374, 1, 0, 26.70%, 0, 0, 5, 310.00, 388795, 558, 0, 0
1447, 7, 156, 374, 1, 0, 26.70%, 0, 0, 5, 265.39, 390118, 558, 0, 0
1452, 7, 78, 374, 1, 0, 26.70%, 0, 0, 5, 292.54, 391418, 558, 0, 0
1457, 7, 240, 374, 1, 0, 26.70%, 0, 0, 5, 297.38, 392708, 558, 0, 0
1462, 7, 191, 374, 1, 0, 26.70%, 0, 0, 5, 277.04, 394003, 558, 0, 0
1467, 7, 76, 374, 1, 0, 26.70%, 0, 0, 5, 296.73, 395309, 558, 0, 0
1472, 7, 309, 374, 1, 0, 26.70%, 0, 0, 5, 273.30, 396654, 558, 0, 0
1477, 7, 202, 374, 1, 0, 26.70%, 0, 0, 5, 274.38, 397914, 558, 0, 0
1482, 7, 166, 374, 1, 0, 26.70%, 0, 0, 5, 269.39, 399224, 558, 0, 0
1487, 7, 213, 374, 1, 0, 26.70%, 0, 0, 5, 304.06, 400536, 558, 0, 0
1493, 7, 142, 374, 1, 0, 26.70%, 0, 0, 5, 166.01, 401881, 558, 0, 0
1498, 7, 373, 374, 1, 0, 26.70%, 0, 0, 5, 244.15, 403204, 558, 0, 0
1503, 7, 285, 374, 0, 0, 26.70%, 0, 0, 5, 34.60, 404469, 558, 0, 0
1508, 7, 95, 374, 0, 0, 26.70%, 0, 0, 5, 249.66, 405791, 558, 0, 0
1514, 7, 355, 374, 0, 0, 26.70%, 0, 0, 5, 281.11, 407118, 558, 0, 0
1519, 7, 222, 374, 0, 0, 26.70%, 0, 0, 5, 281.23, 408443, 558, 0, 0
1524, 7, 36, 374, 0, 0, 26.70%, 0, 0, 5, 290.68, 409778, 558, 0, 0
1529, 7, 111, 374, 0, 0, 26.70%, 0, 0, 5, 286.88, 411073, 558, 0, 0
1534, 7, 106, 374, 0, 0, 26.70%, 0, 0, 5, 271.41, 412393, 558, 0, 0
1539, 7, 134, 374, 0, 0, 26.70%, 0, 0, 5, 282.39, 413713, 558, 0, 0
1544, 8, 75, 374, 0, 0, 26.70%, 0, 0, 5, 263.58, 415053, 558, 0, 0
1549, 8, 329, 374, 0, 0, 26.70%, 0, 0, 5, 281.36, 416382, 558, 0, 0
1554, 8, 106, 374, 0, 0, 26.70%, 0, 0, 5, 298.90, 417693, 558, 0, 0
1560, 8, 111, 374, 0, 0, 26.70%, 0, 0, 5, 279.99, 418963, 558, 0, 0
1565, 8, 50, 374, 0, 0, 26.70%, 0, 0, 5, 279.12, 420278, 558, 0, 0
1570, 8, 106, 374, 0, 0, 26.70%, 0, 0, 5, 312.07, 421555, 558, 0, 0
1575, 8, 136, 374, 0, 0, 26.70%, 0, 0, 5, 296.11, 422838, 558, 0, 0
1580, 8, 149, 374, 0, 0, 26.70%, 0, 0, 5, 283.56, 424133, 558, 0, 0
1585, 8, 133, 374, 0, 0, 26.70%, 0, 0, 5, 295.16, 425482, 558, 0, 0
1590, 8, 44, 374, 0, 0, 26.70%, 0, 0, 5, 31.91, 426724, 558, 0, 0
1595, 8, 329, 374, 0, 0, 26.70%, 0, 0, 5, 308.46, 428025, 558, 0, 0
1601, 8, 341, 374, 0, 0, 26.70%, 0, 0, 5, 250.74, 429334, 558, 0, 0
1606, 8, 355, 374, 0, 0, 26.70%, 0, 0, 5, 259.79, 430683, 558, 0, 0
1611, 8, 227, 374, 0, 0, 26.70%, 0, 0, 5, 301.19, 432004, 558, 0, 0
1616, 8, 328, 374, 0, 0, 26.70%, 0, 0, 5, 306.16, 433314, 558, 0, 0
1621, 8, 142, 374, 0, 0, 26.70%, 0, 0, 5, 274.28, 434628, 558, 0, 0
1626, 8, 44, 374, 0, 0, 26.70%, 0, 0, 5, 277.41, 435838, 558, 0, 0
1631, 8, 133, 374, 0, 0, 26.70%, 0, 0, 5, 265.10, 437123, 558, 0, 0
1636, 8, 196, 374, 0, 0, 26.70%, 0, 0, 5, 91.30, 438474, 558, 0, 0
1641, 8, 341, 374, 0, 0, 26.70%, 0, 0, 5, 225.72, 439777, 558, 0, 0
1647, 8, 76, 374, 0, 0, 26.70%, 0, 0, 5, 271.20, 441093, 558, 0, 0
1652, 8, 287, 374, 0, 0, 26.70%, 0, 0, 5, 298.54, 442423, 558, 0, 0
1657, 8, 312, 374, 0, 0, 26.70%, 0, 0, 5, 277.88, 443753, 558, 0, 0
1662, 8, 354, 374, 0, 0, 26.70%, 0, 0, 5, 305.33, 445063, 558, 0, 0
1667, 8, 82, 374, 0, 0, 26.70%, 0, 0, 5, 38.76, 446293, 558, 0, 0
1672, 8, 202, 374, 0, 0, 26.70%, 0, 0, 5, 38.61, 447578, 558, 0, 0
1677, 8, 38, 374, 0, 0, 26.70%, 0, 0, 5, 300.58, 448913, 558, 0, 0
1682, 8, 308, 374, 0, 0, 26.70%, 0, 0, 5, 290.84, 450213, 558, 0, 0
1688, 8, 355, 374, 0, 0, 26.70%, 0, 0, 5, 289.74, 451538, 558, 0, 0
1693, 8, 133, 374, 0, 0, 26.70%, 0, 0, 5, 291.96, 452823, 558, 0, 0
1698, 8, 329, 374, 0, 0, 26.70%, 0, 0, 5, 280.55, 454163, 558, 0, 0
1703, 9, 164, 374, 0, 0, 26.70%, 0, 0, 5, 248.51, 455383, 558, 0, 0
1708, 9, 125, 374, 0, 0, 26.70%, 0, 0, 5, 252.28, 456723, 558, 0, 0
1713, 9, 354, 374, 0, 0, 26.70%, 0, 0, 5, 119.13, 457983, 558, 0, 0
1718, 9, 2, 374, 0, 0, 26.70%, 0, 0, 5, 292.59, 459278, 558, 0, 0
1723, 9, 176, 374, 0, 0, 26.70%, 0, 0, 5, 292.81, 460563, 558, 0, 0
1728, 9, 355, 374, 0, 0, 26.70%, 0, 0, 5, 298.92, 461863, 558, 0, 0
1733, 9, 11, 374, 0, 0, 26.70%, 0, 0, 5, 265.85, 463133, 558, 0, 0
1739, 9, 176, 374, 0, 0, 26.70%, 0, 0, 5, 303.24, 464443, 558, 0, 0
1744, 9, 354, 374, 0, 0, 26.70%, 0, 0, 5, 255.89, 465758, 558, 0, 0
1749, 9, 76, 374, 0, 0, 26.70%, 0, 0, 5, 287.53, 467008, 558, 0, 0
1754, 9, 2, 374, 0, 0, 26.70%, 0, 0, 5, 290.00, 468281, 558, 0, 0
1759, 9, 99, 374, 0, 0, 26.70%, 0, 0, 5, 292.38, 469588, 558, 0, 0
1764, 9, 354, 374, 0, 0, 26.70%, 0, 0, 5, 252.69, 470922, 558, 0, 0
1769, 9, 129, 374, 0, 0, 26.70%, 0, 0, 5, 272.32, 472218, 558, 0, 0
1774, 9, 354, 374, 0, 0, 26.70%, 0, 0, 5, 266.58, 473508, 558, 0, 0
1779, 9, 144, 374, 0, 0, 26.70%, 0, 0, 5, 48.78, 474793, 558, 0, 0
1785, 9, 287, 374, 0, 0, 26.70%, 0, 0, 5, 39.84, 476098, 558, 0, 0
1790, 9, 354, 374, 0, 0, 26.70%, 0, 0, 5, 290.69, 477343, 558, 0, 0
1795, 9, 76, 374, 0, 0, 26.70%, 0, 0, 5, 278.19, 478688, 558, 0, 0
1800, 9, 43, 374, 0, 0, 26.70%, 0, 0, 5, 263.05, 480013, 558, 0, 0
1805, 9, 372, 374, 0, 0, 26.70%, 0, 0, 5, 261.66, 481289, 558, 0, 0
1810, 9, 227, 374, 0, 0, 26.70%, 0, 0, 5, 56.50, 482539, 558, 0, 0
1815, 9, 44, 374, 0, 0, 26.70%, 0, 0, 5, 225.00, 483846, 558, 0, 0
1821, 9, 227, 374, 0, 0, 26.70%, 0, 0, 5, 253.09, 485169, 558, 0, 0
1826, 9, 222, 374, 0, 0, 26.70%, 0, 0, 5, 285.94, 486444, 558, 0, 0
1831, 9, 355, 374, 0, 0, 26.70%, 0, 0, 5, 302.86, 487750, 558, 0, 0
1836, 9, 55, 374, 0, 0, 26.70%, 0, 0, 5, 271.26, 489074, 558, 0, 0
1841, 9, 39, 374, 0, 0, 26.70%, 0, 0, 5, 279.08, 490374, 558, 0, 0
1846, 9, 106, 374, 0, 0, 26.70%, 0, 0, 5, 288.56, 491637, 558, 0, 0
1851, 9, 354, 374, 0, 0, 26.70%, 0, 0, 5, 300.00, 492937, 558, 0, 0
1857, 9, 37, 374, 0, 0, 26.70%, 0, 0, 5, 304.24, 494264, 558, 0, 0
1862, 10, 203, 374, 0, 0, 26.70%, 0, 0, 5, 290.78, 495579, 558, 0, 0
1867, 10, 158, 374, 0, 0, 26.70%, 0, 0, 5, 296.91, 496859, 558, 0, 0
1872, 10, 95, 374, 0, 0, 26.70%, 0, 0, 5, 294.60, 498129, 558, 0, 0
1877, 10, 320, 374, 0, 0, 26.70%, 0, 0, 5, 34.84, 499365, 558, 0, 0
1882, 10, 287, 374, 0, 0, 26.70%, 0, 0, 5, 290.60, 500625, 558, 0, 0
1887, 10, 137, 374, 0, 0, 26.70%, 0, 0, 5, 298.45, 501915, 558, 0, 0
1892, 10, 156, 374, 0, 0, 26.70%, 0, 0, 5, 34.84, 503125, 558, 0, 0
1897, 10, 361, 374, 0, 0, 26.70%, 0, 0, 5, 264.75, 504415, 558, 0, 0
1902, 10, 166, 374, 0, 0, 26.70%, 0, 0, 5, 249.52, 505752, 558, 0, 0
1907, 10, 44, 374, 0, 0, 26.70%, 0, 0, 5, 297.73, 507020, 558, 0, 0
1913, 10, 341, 374, 0, 0, 26.70%, 0, 0, 5, 277.68, 508260, 558, 0, 0
1918, 10, 336, 374, 0, 0, 26.70%, 0, 0, 5, 253.54, 509535, 558, 0, 0
1923, 10, 44, 374, 0, 0, 26.70%, 0, 0, 5, 287.04, 510850, 558, 0, 0
1928, 10, 44, 374, 0, 0, 26.70%, 0, 0, 5, 256.97, 512090, 558, 0, 0
1933, 10, 339, 374, 0, 0, 26.70%, 0, 0, 5, 290.74, 513380, 558, 0, 0
1938, 10, 148, 374, 0, 0, 26.70%, 0, 0, 5, 295.56, 514720, 558, 0, 0
1943, 10, 142, 374, 0, 0, 26.70%, 0, 0, 5, 116.37, 516043, 558, 0, 0
1949, 10, 156, 374, 0, 0, 26.70%, 0, 0, 5, 230.42, 517339, 558, 0, 0
1954, 10, 100, 374, 0, 0, 26.70%, 0, 0, 5, 298.08, 518665, 558, 0, 0
1959, 10, 82, 374, 0, 0, 26.70%, 0, 0, 5, 151.34, 519927, 558, 0, 0
1964, 10, 164, 374, 0, 0, 26.70%, 0, 0, 5, 262.24, 521215, 558, 0, 0
1969, 10, 50, 374, 0, 0, 26.70%, 0, 0, 5, 293.88, 522510, 558, 0, 0
1974, 10, 133, 374, 0, 0, 26.70%, 0, 0, 5, 280.12, 523830, 558, 0, 0
1979, 10, 354, 374, 0, 0, 26.70%, 0, 0, 5, 293.27, 525130, 558, 0, 0
1985, 10, 190, 374, 0, 0, 26.70%, 0, 0, 5, 294.15, 526450, 558, 0, 0
1990, 10, 44, 374, 0, 0, 26.70%, 0, 0, 5, 263.83, 527726, 558, 0, 0
1995, 10, 76, 374, 0, 0, 26.70%, 0, 0, 5, 292.15, 528952, 558, 0, 0
2000, 10, 207, 374, 0, 0, 26.70%, 0, 0, 5, 263.93, 530272, 558, 0, 0
2005, 10, 233, 374, 0, 0, 26.70%, 0, 0, 5, 283.01, 531597, 558, 0, 0
2010, 10, 355, 374, 0, 0, 26.70%, 0, 0, 5, 297.34, 532877, 558, 0, 0
2015, 10, 227, 374, 0, 0, 26.70%, 0, 0, 5, 41.49, 534092, 558, 0, 0
2021, 11, 213, 374, 0, 0, 26.70%, 0, 0, 5, 280.00, 535413, 558, 0, 0
2026, 11, 186, 374, 0, 0, 26.70%, 0, 0, 5, 269.12, 536711, 558, 0, 0
2031, 11, 191, 374, 0, 0, 26.70%, 0, 0, 5, 270.28, 538057, 558, 0, 0
2036, 11, 50, 374, 0, 0, 26.70%, 0, 0, 5, 297.84, 539337, 558, 0, 0
2041, 11, 110, 374, 0, 0, 26.70%, 0, 0, 5, 293.65, 540617, 558, 0, 0
2046, 11, 326, 374, 0, 0, 26.70%, 0, 0, 5, 294.24, 541942, 558, 0, 0
2051, 11, 221, 374, 0, 0, 26.70%, 0, 0, 5, 283.73, 543242, 558, 0, 0
2057, 11, 336, 374, 0, 0, 26.70%, 0, 0, 5, 270.81, 544507, 558, 0, 0
2062, 11, 129, 374, 0, 0, 26.70%, 0, 0, 5, 300.41, 545799, 558, 0, 0
2067, 11, 142, 374, 0, 0, 26.70%, 0, 0, 5, 298.11, 547108, 558, 0, 0
2072, 11, 354, 374, 0, 0, 26.70%, 0, 0, 5, 293.30, 548428, 558, 0, 0
2077, 11, 354, 374, 0, 0, 26.70%, 0, 0, 5, 258.68, 549723, 558, 0, 0
2082, 11, 95, 374, 0, 0, 26.70%, 0, 0, 5, 280.28, 550983, 558, 0, 0
2087, 11, 191, 374, 0, 0, 26.70%, 0, 0, 5, 57.65, 552227, 558, 0, 0
2093, 11, 329, 374, 0, 0, 26.70%, 0, 0, 5, 290.44, 553543, 558, 0, 0
2098, 11, 129, 374, 0, 0, 26.70%, 0, 0, 5, 289.70, 554858, 558, 0, 0
2103, 11, 202, 374, 0, 0, 26.70%, 0, 0, 5, 280.76, 556163, 558, 0, 0
2108, 11, 287, 374, 0, 0, 26.70%, 0, 0, 5, 265.43, 557468, 558, 0, 0
2113, 11, 372, 374, 0, 0, 26.70%, 0, 0, 5, 252.33, 558687, 558, 0, 0
2118, 11, 309, 374, 0, 0, 26.70%, 0, 0, 5, 299.40, 559984, 558, 0, 0
2123, 11, 202, 374, 0, 0, 26.70%, 0, 0, 5, 294.10, 561293, 558, 0, 0
2128, 11, 111, 374, 0, 0, 26.70%, 0, 0, 5, 294.59, 562608, 558, 0, 0
2133, 11, 353, 374, 0, 0, 26.70%, 0, 0, 5, 285.41, 563918, 558, 0, 0
2139, 11, 94, 374, 0, 0, 26.70%, 0, 0, 5, 276.72, 565193, 558, 0, 0
2144, 11, 213, 374, 0, 0, 26.70%, 0, 0, 5, 261.52, 566448, 558, 0, 0
2149, 11, 50, 374, 0, 0, 26.70%, 0, 0, 5, 294.67, 567743, 558, 0, 0
2154, 11, 164, 374, 0, 0, 26.70%, 0, 0, 5, 259.34, 569023, 558, 0, 0
2159, 11, 213, 374, 0, 0, 26.70%, 0, 0, 5, 255.61, 570308, 558, 0, 0
2164, 11, 354, 374, 0, 0, 26.70%, 0, 0, 5, 260.59, 571578, 558, 0, 0
2169, 11, 354, 374, 0, 0, 26.70%, 0, 0, 5, 258.96, 572833, 558, 0, 0
2174, 12, 95, 374, 0, 0, 26.70%, 0, 0, 5, 283.86, 574128, 558, 0, 0
2179, 12, 354, 374, 0, 0, 26.70%, 0, 0, 5, 292.90, 575453, 558, 0, 0
2185, 12, 99, 374, 0, 0, 26.70%, 0, 0, 5, 298.51, 576652, 558, 0, 0
2190, 12, 76, 374, 0, 0, 26.70%, 0, 0, 5, 235.96, 577914, 558, 0, 0
2195, 12, 129, 374, 0, 0, 26.70%, 0, 0, 5, 294.91, 579253, 558, 0, 0
2200, 12, 202, 374, 0, 0, 26.70%, 0, 0, 5, 296.61, 580563, 558, 0, 0
2205, 12, 164, 374, 0, 0, 26.70%, 0, 0, 5, 158.50, 581859, 558, 0, 0
2210, 12, 111, 374, 0, 0, 26.70%, 0, 0, 5, 290.97, 583173, 558, 0, 0
2215, 12, 344, 374, 0, 0, 26.70%, 0, 0, 5, 287.25, 584493, 558, 0, 0
2221, 12, 329, 374, 0, 0, 26.70%, 0, 0, 5, 271.43, 585758, 558, 0, 0
2226, 12, 369, 374, 0, 0, 26.70%, 0, 0, 5, 265.68, 586948, 558, 0, 0
2231, 12, 2, 374, 0, 0, 26.70%, 0, 0, 5, 292.53, 588223, 558, 0, 0
2236, 12, 309, 374, 0, 0, 26.70%, 0, 0, 5, 212.82, 589528, 558, 0, 0
2241, 12, 290, 374, 0, 0, 26.70%, 0, 0, 5, 251.01, 590819, 558, 0, 0
2246, 12, 341, 374, 0, 0, 26.70%, 0, 0, 5, 278.57, 592128, 558, 0, 0
2251, 12, 106, 374, 0, 0, 26.70%, 0, 0, 5, 287.84, 593403, 558, 0, 0
2256, 12, 109, 374, 0, 0, 26.70%, 0, 0, 5, 284.28, 594678, 558, 0, 0
2261, 12, 49, 374, 0, 0, 26.70%, 0, 0, 5, 303.48, 595923, 558, 0, 0
2266, 12, 52, 374, 0, 0, 26.70%, 0, 0, 5, 287.25, 597233, 558, 0, 0
2271, 12, 202, 374, 0, 0, 26.70%, 0, 0, 5, 294.42, 598518, 558, 0, 0
2277, 12, 206, 374, 0, 0, 26.70%, 0, 0, 5, 293.13, 599858, 558, 0, 0
2282, 12, 202, 374, 0, 0, 26.70%, 0, 0, 5, 231.11, 601162, 558, 0, 0
2287, 12, 50, 374, 0, 0, 26.70%, 0, 0, 5, 258.11, 602478, 558, 0, 0
2292, 12, 191, 374, 0, 0, 26.70%, 0, 0, 5, 31.55, 603688, 558, 0, 0
2297, 12, 372, 374, 0, 0, 26.70%, 0, 0, 5, 274.82, 604948, 558, 0, 0
2302, 12, 329, 374, 0, 0, 26.70%, 0, 0, 5, 291.26, 606218, 558, 0, 0
2307, 12, 164, 374, 0, 0, 26.70%, 0, 0, 5, 292.44, 607538, 558, 0, 0
2312, 12, 227, 374, 0, 0, 26.70%, 0, 0, 5, 288.28, 608843, 558, 0, 0
2317, 12, 191, 374, 0, 0, 26.70%, 0, 0, 5, 278.84, 610138, 558, 0, 0
2322, 12, 44, 374, 0, 0, 26.70%, 0, 0, 5, 278.54, 611433, 558, 0, 0
2327, 12, 82, 374, 0, 0, 26.70%, 0, 0, 5, 37.04, 612603, 558, 0, 0
2333, 13, 156, 374, 0, 0, 26.70%, 0, 0, 5, 36.50, 613903, 558, 0, 0
2338, 13, 156, 374, 0, 0, 26.70%, 0, 0, 5, 300.40, 615203, 558, 0, 0
2343, 13, 105, 374, 0, 0, 26.70%, 0, 0, 5, 293.48, 616508, 558, 0, 0
2348, 13, 202, 374, 0, 0, 26.70%, 0, 0, 5, 300.62, 617849, 558, 0, 0
2353, 13, 287, 374, 0, 0, 26.70%, 0, 0, 5, 31.75, 619078, 558, 0, 0
2358, 13, 213, 374, 0, 0, 26.70%, 0, 0, 5, 280.00, 620384, 558, 0, 0
2363, 13, 100, 374, 0, 0, 26.70%, 0, 0, 5, 272.49, 621683, 558, 0, 0
2369, 13, 179, 374, 0, 0, 26.70%, 0, 0, 5, 294.90, 623018, 558, 0, 0
2374, 13, 129, 374, 0, 0, 26.70%, 0, 0, 5, 257.53, 624283, 558, 0, 0
2379, 13, 309, 374, 0, 0, 26.70%, 0, 0, 5, 295.10, 625593, 558, 0, 0
2384, 13, 133, 374, 0, 0, 26.70%, 0, 0, 5, 287.53, 626898, 558, 0, 0
2389, 13, 91, 374, 0, 0, 26.70%, 0, 0, 5, 31.45, 628158, 558, 0, 0
2394, 13, 44, 374, 0, 0, 26.70%, 0, 0, 5, 290.75, 629428, 558, 0, 0
2399, 13, 287, 374, 0, 0, 26.70%, 0, 0, 5, 181.58, 630701, 558, 0, 0
2404, 13, 359, 374, 0, 0, 26.70%, 0, 0, 5, 259.84, 632003, 558, 0, 0
2409, 13, 372, 374, 0, 0, 26.70%, 0, 0, 5, 31.37, 633191, 558, 0, 0
2415, 13, 142, 374, 0, 0, 26.70%, 0, 0, 5, 247.15, 634475, 558, 0, 0
2420, 13, 76, 374, 0, 0, 26.70%, 0, 0, 5, 298.25, 635768, 558, 0, 0
2425, 13, 65, 374, 0, 0, 26.70%, 0, 0, 5, 295.29, 637078, 558, 0, 0
2430, 13, 10, 374, 0, 0, 26.70%, 0, 0, 5, 291.49, 638383, 558, 0, 0
2435, 13, 142, 374, 0, 0, 26.70%, 0, 0, 5, 277.02, 639643, 558, 0, 0
2440, 13, 341, 374, 0, 0, 26.70%, 0, 0, 5, 298.32, 640888, 558, 0, 0
2445, 13, 156, 374, 0, 0, 26.70%, 0, 0, 5, 278.98, 642223, 558, 0, 0
2450, 13, 354, 374, 0, 0, 26.70%, 0, 0, 5, 40.32, 643448, 558, 0, 0
2456, 13, 310, 374, 0, 0, 26.70%, 0, 0, 5, 244.62, 644730, 558, 0, 0
2461, 13, 133, 374, 0, 0, 26.70%, 0, 0, 5, 248.04, 646050, 558, 0, 0
2466, 13, 329, 374, 0, 0, 26.70%, 0, 0, 5, 278.78, 647353, 558, 0, 0
2471, 13, 75, 374, 0, 0, 26.70%, 0, 0, 5, 33.00, 648553, 558, 0, 0
2476, 13, 355, 374, 0, 0, 26.70%, 0, 0, 5, 295.12, 649838, 558, 0, 0
2481, 13, 336, 374, 0, 0, 26.70%, 0, 0, 5, 279.19, 651158, 558, 0, 0
2486, 13, 172, 374, 0, 0, 26.70%, 0, 0, 5, 263.94, 652333, 558, 0, 0
2491, 14, 354, 374, 0, 0, 26.70%, 0, 0, 5, 254.90, 653613, 558, 0, 0
2496, 14, 202, 374, 0, 0, 26.70%, 0, 0, 5, 298.72, 654903, 558, 0, 0
2501, 14, 142, 374, 0, 0, 26.70%, 0, 0, 5, 294.72, 656208, 558, 0, 0
2506, 14, 369, 374, 0, 0, 26.70%, 0, 0, 5, 189.01, 657402, 558, 0, 0
2511, 14, 355, 374, 0, 0, 26.70%, 0, 0, 5, 278.05, 658708, 558, 0, 0
2517, 14, 164, 374, 0, 0, 26.70%, 0, 0, 5, 293.02, 660033, 558, 0, 0
2522, 14, 226, 374, 0, 0, 26.70%, 0, 0, 5, 31.58, 661262, 558, 0, 0
2527, 14, 142, 374, 0, 0, 26.70%, 0, 0, 5, 264.71, 662488, 558, 0, 0
2532, 14, 99, 374, 0, 0, 26.70%, 0, 0, 5, 289.57, 663768, 558, 0, 0
2537, 14, 301, 374, 0, 0, 26.70%, 0, 0, 5, 268.31, 664988, 558, 0, 0
2542, 14, 82, 374, 0, 0, 26.70%, 0, 0, 5, 291.89, 666268, 558, 0, 0
2547, 14, 229, 374, 0, 0, 26.70%, 0, 0, 5, 284.55, 667643, 558, 0, 0
2552, 14, 202, 374, 0, 0, 26.70%, 0, 0, 5, 292.08, 668807, 558, 0, 0
2557, 14, 329, 374, 0, 0, 26.70%, 0, 0, 5, 272.95, 670123, 558, 0, 0
2562, 14, 176, 374, 0, 0, 26.70%, 0, 0, 5, 264.50, 671388, 558, 0, 0
2567, 14, 354, 374, 0, 0, 26.70%, 0, 0, 5, 31.25, 672578, 558, 0, 0
2573, 14, 75, 374, 0, 0, 26.70%, 0, 0, 5, 248.01, 673853, 558, 0, 0
2578, 14, 156, 374, 0, 0, 26.70%, 0, 0, 5, 292.28, 675083, 558, 0, 0
2583, 14, 111, 374, 0, 0, 26.70%, 0, 0, 5, 298.47, 676398, 558, 0, 0
2588, 14, 111, 374, 0, 0, 26.70%, 0, 0, 5, 248.66, 677668, 558, 0, 0
2593, 14, 160, 374, 0, 0, 26.70%, 0, 0, 5, 292.08, 678902, 558, 0, 0
2598, 14, 111, 374, 0, 0, 26.70%, 0, 0, 5, 298.39, 680238, 558, 0, 0
2603, 14, 251, 374, 0, 0, 26.70%, 0, 0, 5, 276.17, 681563, 558, 0, 0
2608, 14, 99, 374, 0, 0, 26.70%, 0, 0, 5, 275.62, 682763, 558, 0, 0
2613, 14, 164, 374, 0, 0, 26.70%, 0, 0, 5, 225.02, 684020, 558, 0, 0
2619, 14, 353, 374, 0, 0, 26.70%, 0, 0, 5, 291.47, 685303, 558, 0, 0
2624, 14, 287, 374, 0, 0, 26.70%, 0, 0, 5, 291.44, 686583, 558, 0, 0
2629, 14, 99, 374, 0, 0, 26.70%, 0, 0, 5, 258.90, 687743, 558, 0, 0
2634, 14, 166, 374, 0, 0, 26.70%, 0, 0, 5, 292.19, 689033, 558, 0, 0
2639, 14, 119, 374, 0, 0, 26.70%, 0, 0, 5, 294.36, 690338, 558, 0, 0
2644, 14, 287, 374, 0, 0, 26.70%, 0, 0, 5, 47.17, 691498, 558, 0, 0
2649, 14, 354, 374, 0, 0, 26.70%, 0, 0, 5, 294.38, 692769, 558, 0, 0
2654, 15, 67, 374, 0, 0, 26.70%, 0, 0, 5, 280.08, 694094, 558, 0, 0
2659, 15, 55, 374, 0, 0, 26.70%, 0, 0, 5, 255.93, 695284, 558, 0, 0
2664, 15, 213, 374, 0, 0, 26.70%, 0, 0, 5, 275.00, 696574, 558, 0, 0
2669, 15, 191, 374, 0, 0, 26.70%, 0, 0, 5, 297.44, 697869, 558, 0, 0
2674, 15, 133, 374, 0, 0, 26.70%, 0, 0, 5, 270.39, 699174, 558, 0, 0
2680, 15, 156, 374, 0, 0, 26.70%, 0, 0, 5, 232.67, 700351, 558, 0, 0
2685, 15, 115, 374, 0, 0, 26.70%, 0, 0, 5, 295.03, 701654, 558, 0, 0
2690, 15, 213, 374, 0, 0, 26.70%, 0, 0, 5, 292.16, 702944, 558, 0, 0
2695, 15, 70, 374, 0, 0, 26.70%, 0, 0, 5, 297.34, 704254, 558, 0, 0
2700, 15, 271, 374, 0, 0, 26.70%, 0, 0, 5, 297.57, 705534, 558, 0, 0
2705, 15, 55, 374, 0, 0, 26.70%, 0, 0, 5, 278.46, 706794, 558, 0, 0
2710, 15, 167, 374, 0, 0, 26.70%, 0, 0, 5, 280.10, 708030, 558, 0, 0
2715, 15, 44, 374, 0, 0, 26.70%, 0, 0, 5, 298.89, 709345, 558, 0, 0
2720, 15, 287, 374, 0, 0, 26.70%, 0, 0, 5, 273.66, 710610, 558, 0, 0
2725, 15, 129, 374, 0, 0, 26.70%, 0, 0, 5, 303.48, 711797, 558, 0, 0
2730, 15, 129, 374, 0, 0, 26.70%, 0, 0, 5, 294.92, 713115, 558, 0, 0
2736, 15, 64, 374, 0, 0, 26.70%, 0, 0, 5, 294.03, 714405, 558, 0, 0
2741, 15, 50, 374, 0, 0, 26.70%, 0, 0, 5, 292.88, 715675, 558, 0, 0
2746, 15, 354, 374, 0, 0, 26.70%, 0, 0, 5, 280.85, 716960, 558, 0, 0
2751, 15, 100, 374, 0, 0, 26.70%, 0, 0, 5, 294.59, 718205, 558, 0, 0
2756, 15, 179, 374, 0, 0, 26.70%, 0, 0, 5, 284.93, 719537, 558, 0, 0
2761, 15, 94, 374, 0, 0, 26.70%, 0, 0, 5, 272.68, 720808, 558, 0, 0
2766, 15, 191, 374, 0, 0, 26.70%, 0, 0, 5, 263.12, 722078, 558, 0, 0
2771, 15, 203, 374, 0, 0, 26.70%, 0, 0, 5, 286.82, 723388, 558, 0, 0
2777, 15, 133, 374, 0, 0, 26.70%, 0, 0, 5, 274.08, 724643, 558, 0, 0
2782, 15, 121, 374, 0, 0, 26.70%, 0, 0, 5, 274.27, 725948, 558, 0, 0
2787, 15, 156, 374, 0, 0, 26.70%, 0, 0, 5, 252.11, 727247, 558, 0, 0
2792, 15, 222, 374, 0, 0, 26.70%, 0, 0, 5, 37.34, 728427, 558, 0, 0
2797, 15, 82, 374, 0, 0, 26.70%, 0, 0, 5, 298.56, 729683, 558, 0, 0
2802, 15, 144, 374, 0, 0, 26.70%, 0, 0, 5, 297.42, 730958, 558, 0, 0
2807, 16, 105, 374, 0, 0, 26.70%, 0, 0, 5, 264.87, 732278, 558, 0, 0
2812, 16, 336, 374, 0, 0, 26.70%, 0, 0, 5, 288.56, 733495, 558, 0, 0
2817, 16, 82, 374, 0, 0, 26.70%, 0, 0, 5, 277.60, 734783, 558, 0, 0
2822, 16, 12, 374, 0, 0, 26.70%, 0, 0, 5, 294.02, 736063, 558, 0, 0
2827, 16, 50, 374, 0, 0, 26.70%, 0, 0, 5, 282.28, 737323, 558, 0, 0
2832, 16, 43, 374, 0, 0, 26.70%, 0, 0, 5, 266.15, 738578, 558, 0, 0
2838, 16, 369, 374, 0, 0, 26.70%, 0, 0, 5, 271.71, 739808, 558, 0, 0
2843, 16, 354, 374, 0, 0, 26.70%, 0, 0, 5, 276.62, 741138, 558, 0, 0
2848, 16, 329, 374, 0, 0, 26.70%, 0, 0, 5, 275.61, 742448, 558, 0, 0
2853, 16, 106, 374, 0, 0, 26.70%, 0, 0, 5, 295.57, 743683, 558, 0, 0
2858, 16, 285, 374, 0, 0, 26.70%, 0, 0, 5, 248.14, 745004, 558, 0, 0
2863, 16, 38, 374, 0, 0, 26.70%, 0, 0, 5, 290.21, 746278, 558, 0, 0
2868, 16, 191, 374, 0, 0, 26.70%, 0, 0, 5, 228.54, 747500, 558, 0, 0
2874, 16, 44, 374, 0, 0, 26.70%, 0, 0, 5, 276.82, 748758, 558, 0, 0
2879, 16, 213, 374, 0, 0, 26.70%, 0, 0, 5, 287.70, 749993, 558, 0, 0
2884, 16, 76, 374, 0, 0, 26.70%, 0, 0, 5, 280.63, 751298, 558, 0, 0
2889, 16, 248, 374, 0, 0, 26.70%, 0, 0, 5, 296.01, 752593, 558, 0, 0
2894, 16, 106, 374, 0, 0, 26.70%, 0, 0, 5, 273.37, 753898, 558, 0, 0
2899, 16, 2, 374, 0, 0, 26.70%, 0, 0, 5, 30.96, 755128, 558, 0, 0
2904, 16, 42, 374, 0, 0, 26.70%, 0, 0, 5, 295.84, 756443, 558, 0, 0
2909, 16, 360, 374, 0, 0, 26.70%, 0, 0, 5, 294.37, 757748, 558, 0, 0
2915, 16, 369, 374, 0, 0, 26.70%, 0, 0, 5, 299.30, 759043, 558, 0, 0
2920, 16, 365, 374, 0, 0, 26.70%, 0, 0, 5, 276.12, 760248, 558, 0, 0
2925, 16, 82, 374, 0, 0, 26.70%, 0, 0, 5, 301.33, 761548, 558, 0, 0
2930, 16, 111, 374, 0, 0, 26.70%, 0, 0, 5, 244.20, 762832, 558, 0, 0
2935, 16, 2, 374, 0, 0, 26.70%, 0, 0, 5, 276.86, 764098, 558, 0, 0
2940, 16, 180, 374, 0, 0, 26.70%, 0, 0, 5, 275.52, 765368, 558, 0, 0
2945, 16, 133, 374, 0, 0, 26.70%, 0, 0, 5, 34.19, 766608, 558, 0, 0
2950, 16, 222, 374, 0, 0, 26.70%, 0, 0, 5, 296.67, 767918, 558, 0, 0
2955, 16, 166, 374, 0, 0, 26.70%, 0, 0, 5, 291.62, 769213, 558, 0, 0
2960, 16, 130, 374, 0, 0, 26.70%, 0, 0, 5, 282.72, 770553, 558, 0, 0
2966, 17, 129, 374, 0, 0, 26.70%, 0, 0, 5, 300.00, 771728, 558, 0, 0
2971, 17, 354, 374, 0, 0, 26.70%, 0, 0, 5, 270.11, 773003, 558, 0, 0
2976, 17, 44, 374, 0, 0, 26.70%, 0, 0, 5, 293.65, 774288, 558, 0, 0
2981, 17, 50, 374, 0, 0, 26.70%, 0, 0, 5, 268.56, 775528, 558, 0, 0
2986, 17, 14, 374, 0, 0, 26.70%, 0, 0, 5, 272.49, 776778, 558, 0, 0
2991, 17, 133, 374, 0, 0, 26.70%, 0, 0, 5, 276.55, 778038, 558, 0, 0
2996, 17, 285, 374, 0, 0, 26.70%, 0, 0, 5, 273.99, 779313, 558, 0, 0
3001, 17, 285, 374, 0, 0, 26.70%, 0, 0, 5, 280.59, 780608, 558, 0, 0
3006, 17, 222, 374, 0, 0, 26.70%, 0, 0, 5, 275.27, 781838, 558, 0, 0
3011, 17, 369, 374, 0, 0, 26.70%, 0, 0, 5, 272.28, 783028, 558, 0, 0
3016, 17, 191, 374, 0, 0, 26.70%, 0, 0, 5, 294.17, 784293, 558, 0, 0
3021, 17, 142, 374, 0, 0, 26.70%, 0, 0, 5, 294.96, 785558, 558, 0, 0
3026, 17, 76, 374, 0, 0, 26.70%, 0, 0, 5, 286.12, 786848, 558, 0, 0
3031, 17, 74, 374, 0, 0, 26.70%, 0, 0, 5, 40.32, 788108, 558, 0, 0
3037, 17, 2, 374, 0, 0, 26.70%, 0, 0, 5, 290.64, 789392, 558, 0, 0
3042, 17, 355, 374, 0, 0, 26.70%, 0, 0, 5, 286.75, 790688, 558, 0, 0
3047, 17, 156, 374, 0, 0, 26.70%, 0, 0, 5, 295.80, 792023, 558, 0, 0
3052, 17, 202, 374, 0, 0, 26.70%, 0, 0, 5, 250.32, 793335, 558, 0, 0
3057, 17, 159, 374, 0, 0, 26.70%, 0, 0, 5, 261.18, 794613, 558, 0, 0
3062, 17, 354, 374, 0, 0, 26.70%, 0, 0, 5, 254.82, 795873, 558, 0, 0
3067, 17, 191, 374, 0, 0, 26.70%, 0, 0, 5, 295.00, 797157, 558, 0, 0
3072, 17, 176, 374, 0, 0, 26.70%, 0, 0, 5, 292.51, 798443, 558, 0, 0
3078, 17, 95, 374, 0, 0, 26.70%, 0, 0, 5, 302.18, 799775, 558, 0, 0
3083, 17, 111, 374, 0, 0, 26.70%, 0, 0, 5, 292.31, 801098, 558, 0, 0
3088, 17, 177, 374, 0, 0, 26.70%, 0, 0, 5, 297.76, 802433, 558, 0, 0
3093, 17, 142, 374, 0, 0, 26.70%, 0, 0, 5, 297.26, 803718, 558, 0, 0
3098, 17, 142, 374, 0, 0, 26.70%, 0, 0, 5, 33.00, 804913, 558, 0, 0
3103, 17, 61, 374, 0, 0, 26.70%, 0, 0, 5, 284.88, 806198, 558, 0, 0
3108, 17, 309, 374, 0, 0, 26.70%, 0, 0, 5, 295.07, 807498, 558, 0, 0
3113, 17, 242, 374, 0, 0, 26.70%, 0, 0, 5, 251.57, 808796, 558, 0, 0
3118, 17, 50, 374, 0, 0, 26.70%, 0, 0, 5, 295.97, 810068, 558, 0, 0
3124, 18, 191, 374, 0, 0, 26.70%, 0, 0, 5, 282.32, 811378, 558, 0, 0
3129, 18, 361, 374, 0, 0, 26.70%, 0, 0, 5, 281.08, 812683, 558, 0, 0
3134, 18, 227, 374, 0, 0, 26.70%, 0, 0, 5, 275.15, 813973, 558, 0, 0
3139, 18, 50, 374, 0, 0, 26.70%, 0, 0, 5, 270.05, 815203, 558, 0, 0
3144, 18, 142, 374, 0, 0, 26.70%, 0, 0, 5, 287.60, 816513, 558, 0, 0
3149, 18, 227, 374, 0, 0, 26.70%, 0, 0, 5, 293.99, 817823, 558, 0, 0
3154, 18, 202, 374, 0, 0, 26.70%, 0, 0, 5, 277.20, 819143, 558, 0, 0
3159, 18, 76, 374, 0, 0, 26.70%, 0, 0, 5, 293.75, 820443, 558, 0, 0
3165, 18, 355, 374, 0, 0, 26.70%, 0, 0, 5, 49.02, 821623, 558, 0, 0
3170, 18, 355, 374, 0, 0, 26.70%, 0, 0, 5, 43.48, 822908, 558, 0, 0
3175, 18, 248, 374, 0, 0, 26.70%, 0, 0, 5, 298.59, 824243, 558, 0, 0
3180, 18, 355, 374, 0, 0, 26.70%, 0, 0, 5, 275.58, 825528, 558, 0, 0
3185, 18, 213, 374, 0, 0, 26.70%, 0, 0, 5, 267.36, 826833, 558, 0, 0
3190, 18, 285, 374, 0, 0, 26.70%, 0, 0, 5, 36.10, 828068, 558, 0, 0
3195, 18, 354, 374, 0, 0, 26.70%, 0, 0, 5, 290.00, 829351, 558, 0, 0
3200, 18, 2, 374, 0, 0, 26.70%, 0, 0, 5, 275.37, 830663, 558, 0, 0
3205, 18, 55, 374, 0, 0, 26.70%, 0, 0, 5, 272.43, 831933, 558, 0, 0
3210, 18, 355, 374, 0, 0, 26.70%, 0, 0, 5, 275.56, 833223, 558, 0, 0
3216, 18, 28, 374, 0, 0, 26.70%, 0, 0, 5, 108.49, 834545, 558, 0, 0
3221, 18, 227, 374, 0, 0, 26.70%, 0, 0, 5, 207.33, 835826, 558, 0, 0
3226, 18, 341, 374, 0, 0, 26.70%, 0, 0, 5, 271.09, 837137, 558, 0, 0
3231, 18, 362, 374, 0, 0, 26.70%, 0, 0, 5, 294.87, 838448, 558, 0, 0
3236, 18, 176, 374, 0, 0, 26.70%, 0, 0, 5, 292.67, 839743, 558, 0, 0
3241, 18, 44, 374, 0, 0, 26.70%, 0, 0, 5, 259.02, 840983, 558, 0, 0
3246, 18, 51, 374, 0, 0, 26.70%, 0, 0, 5, 295.00, 842252, 558, 0, 0
3251, 18, 133, 374, 0, 0, 26.70%, 0, 0, 5, 299.54, 843563, 558, 0, 0
3257, 18, 213, 374, 0, 0, 26.70%, 0, 0, 5, 297.04, 844887, 558, 0, 0
3262, 18, 106, 374, 0, 0, 26.70%, 0, 0, 5, 297.32, 846188, 558, 0, 0
3267, 18, 191, 374, 0, 0, 26.70%, 0, 0, 5, 214.75, 847464, 558, 0, 0
3272, 18, 355, 374, 0, 0, 26.70%, 0, 0, 5, 283.80, 848708, 558, 0, 0
3277, 18, 247, 374, 0, 0, 26.70%, 0, 0, 5, 298.51, 849978, 558, 0, 0
3282, 19, 355, 374, 0, 0, 26.70%, 0, 0, 5, 294.15, 851288, 558, 0, 0
3287, 19, 106, 374, 0, 0, 26.70%, 0, 0, 5, 204.60, 852583, 558, 0, 0
3292, 19, 355, 374, 0, 0, 26.70%, 0, 0, 5, 233.57, 853845, 558, 0, 0
3297, 19, 18, 374, 0, 0, 26.70%, 0, 0, 5, 31.50, 855089, 558, 0, 0
3303, 19, 355, 374, 0, 0, 26.70%, 0, 0, 5, 295.07, 856393, 558, 0, 0
3308, 19, 107, 374, 0, 0, 26.70%, 0, 0, 5, 272.35, 857688, 558, 0, 0
3313, 19, 172, 374, 0, 0, 26.70%, 0, 0, 5, 257.26, 858993, 558, 0, 0
3318, 19, 240, 374, 0, 0, 26.70%, 0, 0, 5, 287.16, 860283, 558, 0, 0
3323, 19, 354, 374, 0, 0, 26.70%, 0, 0, 5, 263.48, 861543, 558, 0, 0
3328, 19, 133, 374, 0, 0, 26.70%, 0, 0, 5, 165.52, 862809, 558, 0, 0
3333, 19, 209, 374, 0, 0, 26.70%, 0, 0, 5, 238.58, 864121, 558, 0, 0
3338, 19, 329, 374, 0, 0, 26.70%, 0, 0, 5, 203.28, 865448, 558, 0, 0
3344, 19, 222, 374, 0, 0, 26.70%, 0, 0, 5, 257.67, 866762, 558, 0, 0
3349, 19, 287, 374, 0, 0, 26.70%, 0, 0, 5, 285.03, 868073, 558, 0, 0
3354, 19, 354, 374, 0, 0, 26.70%, 0, 0, 5, 287.73, 869308, 558, 0, 0
3359, 19, 193, 374, 0, 0, 26.70%, 0, 0, 5, 281.37, 870608, 558, 0, 0
3364, 19, 99, 374, 0, 0, 26.70%, 0, 0, 5, 37.34, 871787, 558, 0, 0
3369, 19, 166, 374, 0, 0, 26.70%, 0, 0, 5, 299.75, 873041, 558, 0, 0
3374, 19, 204, 374, 0, 0, 26.70%, 0, 0, 5, 292.75, 874323, 558, 0, 0
3379, 19, 309, 374, 0, 0, 26.70%, 0, 0, 5, 294.49, 875598, 558, 0, 0
3384, 19, 176, 374, 0, 0, 26.70%, 0, 0, 5, 278.95, 876883, 558, 0, 0
3390, 19, 202, 374, 0, 0, 26.70%, 0, 0, 5, 41.67, 878112, 558, 0, 0
3395, 19, 197, 374, 0, 0, 26.70%, 0, 0, 5, 269.70, 879458, 558, 0, 0
3400, 19, 82, 374, 0, 0, 26.70%, 0, 0, 5, 291.99, 880653, 558, 0, 0
3405, 19, 55, 374, 0, 0, 26.70%, 0, 0, 5, 283.72, 881973, 558, 0, 0
3410, 19, 355, 374, 0, 0, 26.70%, 0, 0, 5, 38.02, 883223, 558, 0, 0
3415, 19, 185, 374, 0, 0, 26.70%, 0, 0, 5, 255.81, 884543, 558, 0, 0
3420, 19, 355, 374, 0, 0, 26.70%, 0, 0, 5, 178.84, 885797, 558, 0, 0
3426, 19, 156, 374, 0, 0, 26.70%, 0, 0, 5, 233.28, 887098, 558, 0, 0
3431, 19, 227, 374, 0, 0, 26.70%, 0, 0, 5, 262.20, 888373, 558, 0, 0
3436, 19, 329, 374, 0, 0, 26.70%, 0, 0, 5, 289.06, 889588, 558, 0, 0
3441, 19, 76, 374, 0, 0, 26.70%, 0, 0, 5, 294.36, 890908, 558, 0, 0
3446, 20, 44, 374, 0, 0, 26.70%, 0, 0, 5, 31.53, 892117, 558, 0, 0
3451, 20, 222, 374, 0, 0, 26.70%, 0, 0, 5, 290.03, 893403, 558, 0, 0
3456, 20, 142, 374, 0, 0, 26.70%, 0, 0, 5, 288.75, 894713, 558, 0, 0
3462, 20, 213, 374, 0, 0, 26.70%, 0, 0, 5, 281.27, 895963, 558, 0, 0
3467, 20, 372, 374, 0, 0, 26.70%, 0, 0, 5, 208.82, 897221, 558, 0, 0
3472, 20, 129, 374, 0, 0, 26.70%, 0, 0, 5, 292.39, 898523, 558, 0, 0
3477, 20, 341, 374, 0, 0, 26.70%, 0, 0, 5, 302.22, 899809, 558, 0, 0
3482, 20, 355, 374, 0, 0, 26.70%, 0, 0, 5, 31.45, 901003, 558, 0, 0
3487, 20, 133, 374, 0, 0, 26.70%, 0, 0, 5, 181.58, 902291, 558, 0, 0
3492, 20, 94, 374, 0, 0, 26.70%, 0, 0, 5, 283.64, 903548, 558, 0, 0
3497, 20, 353, 374, 0, 0, 26.70%, 0, 0, 5, 290.50, 904768, 558, 0, 0
3502, 20, 263, 374, 0, 0, 26.70%, 0, 0, 5, 300.48, 906078, 558, 0, 0
3508, 20, 341, 374, 0, 0, 26.70%, 0, 0, 5, 276.39, 907403, 558, 0, 0
3513, 20, 110, 374, 0, 0, 26.70%, 0, 0, 5, 299.72, 908618, 558, 0, 0
3518, 20, 336, 374, 0, 0, 26.70%, 0, 0, 5, 275.99, 909913, 558, 0, 0
3523, 20, 95, 374, 0, 0, 26.70%, 0, 0, 5, 296.49, 911203, 558, 0, 0
3528, 20, 71, 374, 0, 0, 26.70%, 0, 0, 5, 290.66, 912434, 558, 0, 0
3533, 20, 202, 374, 0, 0, 26.70%, 0, 0, 5, 270.65, 913648, 558, 0, 0
3538, 20, 160, 374, 0, 0, 26.70%, 0, 0, 5, 296.84, 914958, 558, 0, 0
3543, 20, 227, 374, 0, 0, 26.70%, 0, 0, 5, 296.71, 916298, 558, 0, 0
3548, 20, 355, 374, 0, 0, 26.70%, 0, 0, 5, 284.43, 917578, 558, 0, 0
3554, 20, 329, 374, 0, 0, 26.70%, 0, 0, 5, 303.45, 918784, 558, 0, 0
3559, 20, 329, 374, 0, 0, 26.70%, 0, 0, 5, 275.28, 920088, 558, 0, 0
3564, 20, 166, 374, 0, 0, 26.70%, 0, 0, 5, 256.61, 921403, 558, 0, 0
3569, 20, 222, 374, 0, 0, 26.70%, 0, 0, 5, 308.46, 922625, 558, 0, 0
3574, 20, 309, 374, 0, 0, 26.70%, 0, 0, 5, 300.06, 923950, 558, 0, 0
3579, 20, 129, 374, 0, 0, 26.70%, 0, 0, 5, 241.42, 925274, 558, 0, 0
3584, 20, 285, 374, 0, 0, 26.70%, 0, 0, 5, 43.65, 926448, 558, 0, 0
3589, 20, 354, 374, 0, 0, 26.70%, 0, 0, 5, 303.47, 927728, 558, 0, 0
3595, 20, 354, 374, 0, 0, 26.70%, 0, 0, 5, 242.78, 929017, 558, 0, 0
3600, 20, 106, 374, 0, 0, 26.70%, 0, 0, 5, 281.85, 930303, 558, 0, 0
3605, 20, 50, 374, 0, 0, 26.70%, 0, 0, 5, 272.02, 931523, 558, 0, 0
3610, 21, 166, 374, 0, 0, 26.70%, 0, 0, 5, 278.33, 932803, 558, 0, 0
3615, 21, 111, 374, 0, 0, 26.70%, 0, 0, 5, 283.76, 934153, 558, 0, 0
3620, 21, 213, 374, 0, 0, 26.70%, 0, 0, 5, 254.00, 935378, 558, 0, 0
3625, 21, 133, 374, 0, 0, 26.70%, 0, 0, 5, 275.16, 936638, 558, 0, 0
3630, 21, 336, 374, 0, 0, 26.70%, 0, 0, 5, 288.65, 937943, 558, 0, 0
3635, 21, 341, 374, 0, 0, 26.70%, 0, 0, 5, 289.95, 939223, 558, 0, 0
3641, 21, 156, 374, 0, 0, 26.70%, 0, 0, 5, 298.51, 940428, 558, 0, 0
3646, 21, 186, 374, 0, 0, 26.70%, 0, 0, 5, 286.74, 941748, 558, 0, 0
3651, 21, 355, 374, 0, 0, 26.70%, 0, 0, 5, 296.26, 943023, 558, 0, 0
3656, 21, 106, 374, 0, 0, 26.70%, 0, 0, 5, 258.67, 944233, 558, 0, 0
3661, 21, 139, 374, 0, 0, 26.70%, 0, 0, 5, 233.52, 945545, 558, 0, 0
3666, 21, 191, 374, 0, 0, 26.70%, 0, 0, 5, 297.34, 946818, 558, 0, 0
3671, 21, 372, 374, 0, 0, 26.70%, 0, 0, 5, 296.35, 948133, 558, 0, 0
3676, 21, 44, 374, 0, 0, 26.70%, 0, 0, 5, 31.25, 949343, 558, 0, 0
3682, 21, 151, 374, 0, 0, 26.70%, 0, 0, 5, 270.99, 950643, 558, 0, 0
3687, 21, 99, 374, 0, 0, 26.70%, 0, 0, 5, 278.93, 951953, 558, 0, 0
3692, 21, 336, 374, 0, 0, 26.70%, 0, 0, 5, 250.57, 953265, 558, 0, 0
3697, 21, 50, 374, 0, 0, 26.70%, 0, 0, 5, 250.45, 954543, 558, 0, 0
3702, 21, 2, 374, 0, 0, 26.70%, 0, 0, 5, 277.23, 955784, 558, 0, 0
3707, 21, 76, 374, 0, 0, 26.70%, 0, 0, 5, 301.60, 957037, 558, 0, 0
3712, 21, 355, 374, 0, 0, 26.70%, 0, 0, 5, 261.06, 958312, 558, 0, 0
3717, 21, 111, 374, 0, 0, 26.70%, 0, 0, 5, 35.84, 959538, 558, 0, 0
3723, 21, 60, 374, 0, 0, 26.70%, 0, 0, 5, 164.78, 960845, 558, 0, 0
3728, 21, 166, 374, 0, 0, 26.70%, 0, 0, 5, 296.86, 962123, 558, 0, 0
3733, 21, 202, 374, 0, 0, 26.70%, 0, 0, 5, 290.74, 963438, 558, 0, 0
3738, 21, 164, 374, 0, 0, 26.70%, 0, 0, 5, 298.22, 964703, 558, 0, 0
3743, 21, 55, 374, 0, 0, 26.70%, 0, 0, 5, 262.43, 965943, 558, 0, 0
3748, 21, 95, 374, 0, 0, 26.70%, 0, 0, 5, 291.29, 967228, 558, 0, 0
3753, 21, 156, 374, 0, 0, 26.70%, 0, 0, 5, 290.45, 968553, 558, 0, 0
3758, 21, 372, 374, 0, 0, 26.70%, 0, 0, 5, 35.97, 969758, 558, 0, 0
3763, 21, 111, 374, 0, 0, 26.70%, 0, 0, 5, 298.42, 971053, 558, 0, 0
3768, 22, 164, 374, 0, 0, 26.70%, 0, 0, 5, 294.04, 972338, 558, 0, 0
3774, 22, 179, 374, 0, 0, 26.70%, 0, 0, 5, 270.69, 973633, 558, 0, 0
3779, 22, 176, 374, 0, 0, 26.70%, 0, 0, 5, 294.98, 974912, 558, 0, 0
3784, 22, 111, 374, 0, 0, 26.70%, 0, 0, 5, 283.19, 976228, 558, 0, 0
3789, 22, 309, 374, 0, 0, 26.70%, 0, 0, 5, 31.75, 977440, 558, 0, 0
3794, 22, 49, 374, 0, 0, 26.70%, 0, 0, 5, 294.75, 978683, 558, 0, 0
3799, 22, 271, 374, 0, 0, 26.70%, 0, 0, 5, 299.47, 979953, 558, 0, 0
3804, 22, 111, 374, 0, 0, 26.70%, 0, 0, 5, 299.52, 981262, 558, 0, 0
3809, 22, 82, 374, 0, 0, 26.70%, 0, 0, 5, 210.74, 982543, 558, 0, 0
3814, 22, 354, 374, 0, 0, 26.70%, 0, 0, 5, 242.78, 983783, 558, 0, 0
3819, 22, 191, 374, 0, 0, 26.70%, 0, 0, 5, 295.49, 985088, 558, 0, 0
3825, 22, 75, 374, 0, 0, 26.70%, 0, 0, 5, 292.98, 986383, 558, 0, 0
3830, 22, 309, 374, 0, 0, 26.70%, 0, 0, 5, 283.65, 987628, 558, 0, 0
3835, 22, 44, 374, 0, 0, 26.70%, 0, 0, 5, 273.05, 988848, 558, 0, 0
3840, 22, 50, 374, 0, 0, 26.70%, 0, 0, 5, 278.49, 990118, 558, 0, 0
3845, 22, 142, 374, 0, 0, 26.70%, 0, 0, 5, 285.88, 991448, 558, 0, 0
3850, 22, 329, 374, 0, 0, 26.70%, 0, 0, 5, 45.66, 992643, 558, 0, 0
3855, 22, 133, 374, 0, 0, 26.70%, 0, 0, 5, 299.98, 993974, 558, 0, 0
3860, 22, 228, 374, 0, 0, 26.70%, 0, 0, 5, 291.77, 995243, 558, 0, 0
3866, 22, 353, 374, 0, 0, 26.70%, 0, 0, 5, 293.80, 996568, 558, 0, 0
3871, 22, 111, 374, 0, 0, 26.70%, 0, 0, 5, 303.32, 997794, 558, 0, 0
3876, 22, 355, 374, 0, 0, 26.70%, 0, 0, 5, 281.14, 999128, 558, 0, 0
3881, 22, 44, 374, 0, 0, 26.70%, 0, 0, 5, 136.92, 1000291, 558, 0, 0
3886, 22, 285, 374, 0, 0, 26.70%, 0, 0, 5, 289.80, 1001558, 558, 0, 0
3891, 22, 1, 374, 0, 0, 26.70%, 0, 0, 5, 216.75, 1002762, 558, 0, 0
3896, 22, 176, 374, 0, 0, 26.70%, 0, 0, 5, 297.45, 1004068, 558, 0, 0
3901, 22, 14, 374, 0, 0, 26.70%, 0, 0, 5, 290.15, 1005268, 558, 0, 0
3907, 22, 213, 374, 0, 0, 26.70%, 0, 0, 5, 290.95, 1006548, 558, 0, 0
3912, 22, 120, 374, 0, 0, 26.70%, 0, 0, 5, 305.12, 1007709, 558, 0, 0
3917, 22, 202, 374, 0, 0, 26.70%, 0, 0, 5, 296.73, 1009013, 558, 0, 0
3922, 22, 156, 374, 0, 0, 26.70%, 0, 0, 5, 214.46, 1010205, 558, 0, 0
3927, 23, 95, 374, 0, 0, 26.70%, 0, 0, 5, 296.07, 1011423, 558, 0, 0
3932, 23, 191, 374, 0, 0, 26.70%, 0, 0, 5, 31.03, 1012628, 558, 0, 0
3937, 23, 46, 374, 0, 0, 26.70%, 0, 0, 5, 256.42, 1013903, 558, 0, 0
3942, 23, 111, 374, 0, 0, 26.70%, 0, 0, 5, 31.37, 1015053, 558, 0, 0
3947, 23, 202, 374, 0, 0, 26.70%, 0, 0, 5, 278.81, 1016353, 558, 0, 0
3952, 23, 354, 374, 0, 0, 26.70%, 0, 0, 5, 295.08, 1017643, 558, 0, 0
3957, 23, 164, 374, 0, 0, 26.70%, 0, 0, 5, 295.57, 1018834, 558, 0, 0
3963, 23, 176, 374, 0, 0, 26.70%, 0, 0, 5, 279.71, 1020094, 558, 0, 0
3968, 23, 355, 374, 0, 0, 26.70%, 0, 0, 5, 303.45, 1021328, 558, 0, 0
3973, 23, 364, 374, 0, 0, 26.70%, 0, 0, 5, 297.95, 1022649, 558, 0, 0
3978, 23, 354, 374, 0, 0, 26.70%, 0, 0, 5, 40.49, 1023889, 558, 0, 0
3983, 23, 100, 374, 0, 0, 26.70%, 0, 0, 5, 286.20, 1025201, 558, 0, 0
3988, 23, 355, 374, 0, 0, 26.70%, 0, 0, 5, 287.09, 1026486, 558, 0, 0
3993, 23, 82, 374, 0, 0, 26.70%, 0, 0, 5, 288.44, 1027791, 558, 0, 0
3999, 23, 355, 374, 0, 0, 26.70%, 0, 0, 5, 273.55, 1029106, 558, 0, 0
4004, 23, 341, 374, 0, 0, 26.70%, 0, 0, 5, 224.62, 1030385, 558, 0, 0
4009, 23, 355, 374, 0, 0, 26.70%, 0, 0, 5, 284.91, 1031627, 558, 0, 0
4014, 23, 187, 374, 0, 0, 26.70%, 0, 0, 5, 279.71, 1032957, 558, 0, 0
4019, 23, 164, 374, 0, 0, 26.70%, 0, 0, 5, 126.57, 1034218, 558, 0, 0
4024, 23, 355, 374, 0, 0, 26.70%, 0, 0, 5, 255.73, 1035514, 558, 0, 0
4029, 23, 129, 374, 0, 0, 26.70%, 0, 0, 5, 38.02, 1036694, 558, 0, 0
4034, 23, 338, 374, 0, 0, 26.70%, 0, 0, 5, 279.31, 1038024, 558, 0, 0
4039, 23, 213, 374, 0, 0, 26.70%, 0, 0, 5, 276.16, 1039299, 558, 0, 0
4045, 23, 232, 374, 0, 0, 26.70%, 0, 0, 5, 266.44, 1040639, 558, 0, 0
4050, 23, 34, 374, 0, 0, 26.70%, 0, 0, 5, 264.43, 1041829, 558, 0, 0
4055, 23, 354, 374, 0, 0, 26.70%, 0, 0, 5, 233.37, 1043146, 558, 0, 0
4060, 23, 76, 374, 0, 0, 26.70%, 0, 0, 5, 221.40, 1044457, 558, 0, 0
4065, 23, 156, 374, 0, 0, 26.70%, 0, 0, 5, 280.02, 1045739, 558, 0, 0
4070, 23, 348, 374, 0, 0, 26.70%, 0, 0, 5, 31.15, 1046989, 558, 0, 0
4076, 23, 176, 374, 0, 0, 26.70%, 0, 0, 5, 287.55, 1048294, 558, 0, 0
4081, 23, 222, 374, 0, 0, 26.70%, 0, 0, 5, 282.42, 1049624, 558, 0, 0
4086, 24, 285, 374, 0, 0, 26.70%, 0, 0, 5, 294.96, 1050924, 558, 0, 0
4091, 24, 354, 374, 0, 0, 26.70%, 0, 0, 5, 38.91, 1052144, 558, 0, 0
4096, 24, 82, 374, 0, 0, 26.70%, 0, 0, 5, 297.24, 1053419, 558, 0, 0
4101, 24, 285, 374, 0, 0, 26.70%, 0, 0, 5, 292.21, 1054694, 558, 0, 0
4106, 24, 354, 374, 0, 0, 26.70%, 0, 0, 5, 290.99, 1055994, 558, 0, 0
4111, 24, 329, 374, 0, 0, 26.70%, 0, 0, 5, 288.85, 1057284, 558, 0, 0
4116, 24, 309, 374, 0, 0, 26.70%, 0, 0, 5, 42.26, 1058505, 558, 0, 0
4122, 24, 75, 374, 0, 0, 26.70%, 0, 0, 5, 300.02, 1059845, 558, 0, 0
4127, 24, 111, 374, 0, 0, 26.70%, 0, 0, 5, 296.09, 1061144, 558, 0, 0
4132, 24, 191, 374, 0, 0, 26.70%, 0, 0, 5, 292.23, 1062444, 558, 0, 0
4137, 24, 285, 374, 0, 0, 26.70%, 0, 0, 5, 206.09, 1063678, 558, 0, 0
4142, 24, 2, 374, 0, 0, 26.70%, 0, 0, 5, 233.09, 1064895, 558, 0, 0
4147, 24, 336, 374, 0, 0, 26.70%, 0, 0, 5, 276.92, 1066214, 558, 0, 0
4152, 24, 2, 374, 0, 0, 26.70%, 0, 0, 5, 263.87, 1067524, 558, 0, 0
4157, 24, 191, 374, 0, 0, 26.70%, 0, 0, 5, 297.85, 1068804, 558, 0, 0
4162, 24, 354, 374, 0, 0, 26.70%, 0, 0, 5, 271.72, 1069969, 558, 0, 0
4167, 24, 82, 374, 0, 0, 26.70%, 0, 0, 5, 267.03, 1071269, 558, 0, 0
4173, 24, 75, 374, 0, 0, 26.70%, 0, 0, 5, 274.87, 1072544, 558, 0, 0
4178, 24, 287, 374, 0, 0, 26.70%, 0, 0, 5, 259.36, 1073864, 558, 0, 0
4183, 24, 329, 374, 0, 0, 26.70%, 0, 0, 5, 290.00, 1075052, 558, 0, 0
4188, 24, 1, 374, 0, 0, 26.70%, 0, 0, 5, 271.63, 1076369, 558, 0, 0
4193, 24, 191, 374, 0, 0, 26.70%, 0, 0, 5, 302.49, 1077689, 558, 0, 0
4198, 24, 111, 374, 0, 0, 26.70%, 0, 0, 5, 208.85, 1079009, 558, 0, 0
4203, 24, 309, 374, 0, 0, 26.70%, 0, 0, 5, 278.06, 1080314, 558, 0, 0
4208, 24, 355, 374, 0, 0, 26.70%, 0, 0, 5, 295.00, 1081508, 558, 0, 0
4214, 24, 355, 374, 0, 0, 26.70%, 0, 0, 5, 287.00, 1082794, 558, 0, 0
4219, 24, 177, 374, 0, 0, 26.70%, 0, 0, 5, 297.81, 1084124, 558, 0, 0
4224, 24, 99, 374, 0, 0, 26.70%, 0, 0, 5, 294.71, 1085404, 558, 0, 0
4229, 24, 176, 374, 0, 0, 26.70%, 0, 0, 5, 289.02, 1086704, 558, 0, 0
4234, 24, 75, 374, 0, 0, 26.70%, 0, 0, 5, 32.89, 1087944, 558, 0, 0
4239, 24, 164, 374, 0, 0, 26.70%, 0, 0, 5, 262.12, 1089209, 558, 0, 0
4244, 25, 13, 374, 0, 0, 26.70%, 0, 0, 5, 294.06, 1090479, 558, 0, 0
4249, 25, 176, 374, 0, 0, 26.70%, 0, 0, 5, 254.15, 1091769, 558, 0, 0
4254, 25, 99, 374, 0, 0, 26.70%, 0, 0, 5, 293.14, 1093104, 558, 0, 0
4259, 25, 176, 374, 0, 0, 26.70%, 0, 0, 5, 278.64, 1094379, 558, 0, 0
4265, 25, 341, 374, 0, 0, 26.70%, 0, 0, 5, 301.98, 1095559, 558, 0, 0
4270, 25, 287, 374, 0, 0, 26.70%, 0, 0, 5, 283.72, 1096869, 558, 0, 0
4275, 25, 99, 374, 0, 0, 26.70%, 0, 0, 5, 284.80, 1098169, 558, 0, 0
4280, 25, 133, 374, 0, 0, 26.70%, 0, 0, 5, 278.99, 1099449, 558, 0, 0
4285, 25, 78, 374, 0, 0, 26.70%, 0, 0, 5, 297.68, 1100759, 558, 0, 0
4291, 25, 202, 374, 0, 0, 26.70%, 0, 0, 5, 297.70, 1102074, 558, 0, 0
4296, 25, 202, 374, 0, 0, 26.70%, 0, 0, 5, 281.49, 1103364, 558, 0, 0
4301, 25, 355, 374, 0, 0, 26.70%, 0, 0, 5, 288.56, 1104549, 558, 0, 0
4306, 25, 236, 374, 0, 0, 26.70%, 0, 0, 5, 287.54, 1105814, 558, 0, 0
4311, 25, 76, 374, 0, 0, 26.70%, 0, 0, 5, 284.70, 1107049, 558, 0, 0
4316, 25, 285, 374, 0, 0, 26.70%, 0, 0, 5, 299.00, 1108339, 558, 0, 0
4321, 25, 285, 374, 0, 0, 26.70%, 0, 0, 5, 281.01, 1109564, 558, 0, 0
4326, 25, 53, 374, 0, 0, 26.70%, 0, 0, 5, 286.46, 1110834, 558, 0, 0
4331, 25, 168, 374, 0, 0, 26.70%, 0, 0, 5, 291.39, 1112119, 558, 0, 0
4336, 25, 5, 374, 0, 0, 26.70%, 0, 0, 5, 227.28, 1113444, 558, 0, 0
4341, 25, 299, 374, 0, 0, 26.70%, 0, 0, 5, 46.30, 1114624, 558, 0, 0
4346, 25, 232, 374, 0, 0, 26.70%, 0, 0, 5, 295.00, 1115908, 558, 0, 0
4351, 25, 353, 374, 0, 0, 26.70%, 0, 0, 5, 287.71, 1117184, 558, 0, 0
4357, 25, 133, 374, 0, 0, 26.70%, 0, 0, 5, 277.21, 1118494, 558, 0, 0
4362, 25, 331, 374, 0, 0, 26.70%, 0, 0, 5, 295.00, 1119711, 558, 0, 0
4367, 25, 285, 374, 0, 0, 26.70%, 0, 0, 5, 287.51, 1121010, 558, 0, 0
4372, 25, 116, 374, 0, 0, 26.70%, 0, 0, 5, 266.92, 1122340, 558, 0, 0
4377, 25, 55, 374, 0, 0, 26.70%, 0, 0, 5, 297.03, 1123590, 558, 0, 0
4383, 25, 213, 374, 0, 0, 26.70%, 0, 0, 5, 296.76, 1124890, 558, 0, 0
4388, 25, 50, 374, 0, 0, 26.70%, 0, 0, 5, 293.95, 1126170, 558, 0, 0
4393, 25, 329, 374, 0, 0, 26.70%, 0, 0, 5, 291.71, 1127415, 558, 0, 0
4398, 25, 213, 374, 0, 0, 26.70%, 0, 0, 5, 45.56, 1128665, 558, 0, 0
4403, 26, 166, 374, 0, 0, 26.70%, 0, 0, 5, 294.89, 1129979, 558, 0, 0
4408, 26, 55, 374, 0, 0, 26.70%, 0, 0, 5, 293.17, 1131295, 558, 0, 0
4413, 26, 75, 374, 0, 0, 26.70%, 0, 0, 5, 34.97, 1132470, 558, 0, 0
4419, 26, 202, 374, 0, 0, 26.70%, 0, 0, 5, 294.38, 1133745, 558, 0, 0
4424, 26, 237, 374, 0, 0, 26.70%, 0, 0, 5, 278.96, 1135060, 558, 0, 0
4429, 26, 95, 374, 0, 0, 26.70%, 0, 0, 5, 297.52, 1136360, 558, 0, 0
4434, 26, 110, 374, 0, 0, 26.70%, 0, 0, 5, 291.95, 1137645, 558, 0, 0
4439, 26, 133, 374, 0, 0, 26.70%, 0, 0, 5, 33.90, 1138900, 558, 0, 0
4444, 26, 227, 374, 0, 0, 26.70%, 0, 0, 5, 266.51, 1140245, 558, 0, 0
4450, 26, 10, 374, 0, 0, 26.70%, 0, 0, 5, 292.51, 1141465, 558, 0, 0
4455, 26, 336, 374, 0, 0, 26.70%, 0, 0, 5, 269.19, 1142765, 558, 0, 0
4460, 26, 213, 374, 0, 0, 26.70%, 0, 0, 5, 246.20, 1144070, 558, 0, 0
4465, 26, 164, 374, 0, 0, 26.70%, 0, 0, 5, 274.54, 1145305, 558, 0, 0
4470, 26, 111, 374, 0, 0, 26.70%, 0, 0, 5, 280.44, 1146595, 558, 0, 0
4475, 26, 95, 374, 0, 0, 26.70%, 0, 0, 5, 281.76, 1147875, 558, 0, 0
4480, 26, 341, 374, 0, 0, 26.70%, 0, 0, 5, 292.03, 1149125, 558, 0, 0
4485, 26, 133, 374, 0, 0, 26.70%, 0, 0, 5, 303.48, 1150331, 558, 0, 0
4490, 26, 285, 374, 0, 0, 26.70%, 0, 0, 5, 298.08, 1151625, 558, 0, 0
4495, 26, 156, 374, 0, 0, 26.70%, 0, 0, 5, 293.10, 1152910, 558, 0, 0
4500, 26, 166, 374, 0, 0, 26.70%, 0, 0, 5, 279.00, 1154170, 558, 0, 0
4505, 26, 191, 374, 0, 0, 26.70%, 0, 0, 5, 35.84, 1155360, 558, 0, 0
4510, 26, 1, 374, 0, 0, 26.70%, 0, 0, 5, 230.79, 1156668, 558, 0, 0
4516, 26, 355, 374, 0, 0, 26.70%, 0, 0, 5, 299.89, 1157982, 558, 0, 0
4521, 26, 217, 374, 0, 0, 26.70%, 0, 0, 5, 292.80, 1159275, 558, 0, 0
4526, 26, 287, 374, 0, 0, 26.70%, 0, 0, 5, 259.44, 1160495, 558, 0, 0
4531, 26, 176, 374, 0, 0, 26.70%, 0, 0, 5, 296.32, 1161790, 558, 0, 0
4536, 26, 5, 374, 0, 0, 26.70%, 0, 0, 5, 297.00, 1163115, 558, 0, 0
4541, 26, 309, 374, 0, 0, 26.70%, 0, 0, 5, 35.09, 1164341, 558, 0, 0
4546, 26, 95, 374, 0, 0, 26.70%, 0, 0, 5, 293.78, 1165615, 558, 0, 0
4552, 26, 111, 374, 0, 0, 26.70%, 0, 0, 5, 250.47, 1166936, 558, 0, 0
4557, 26, 329, 374, 0, 0, 26.70%, 0, 0, 5, 277.85, 1168270, 558, 0, 0
4562, 27, 2, 374, 0, 0, 26.70%, 0, 0, 5, 299.54, 1169515, 558, 0, 0
4567, 27, 82, 374, 0, 0, 26.70%, 0, 0, 5, 301.51, 1170827, 558, 0, 0
4572, 27, 72, 374, 0, 0, 26.70%, 0, 0, 5, 298.62, 1172154, 558, 0, 0
4577, 27, 354, 374, 0, 0, 26.70%, 0, 0, 5, 276.40, 1173425, 558, 0, 0
4582, 27, 59, 374, 0, 0, 26.70%, 0, 0, 5, 298.66, 1174660, 558, 0, 0
4588, 27, 43, 374, 0, 0, 26.70%, 0, 0, 5, 293.70, 1175929, 558, 0, 0
4593, 27, 106, 374, 0, 0, 26.70%, 0, 0, 5, 281.41, 1177200, 558, 0, 0
4598, 27, 106, 374, 0, 0, 26.70%, 0, 0, 5, 273.63, 1178410, 558, 0, 0
4603, 27, 156, 374, 0, 0, 26.70%, 0, 0, 5, 264.52, 1179690, 558, 0, 0
4608, 27, 2, 374, 0, 0, 26.70%, 0, 0, 5, 256.81, 1180965, 558, 0, 0
4613, 27, 202, 374, 0, 0, 26.70%, 0, 0, 5, 297.85, 1182250, 558, 0, 0
4618, 27, 129, 374, 0, 0, 26.70%, 0, 0, 5, 281.20, 1183515, 558, 0, 0
4623, 27, 133, 374, 0, 0, 26.70%, 0, 0, 5, 39.22, 1184710, 558, 0, 0
4628, 27, 49, 374, 0, 0, 26.70%, 0, 0, 5, 288.64, 1185980, 558, 0, 0
4633, 27, 82, 374, 0, 0, 26.70%, 0, 0, 5, 293.81, 1187285, 558, 0, 0
4638, 27, 106, 374, 0, 0, 26.70%, 0, 0, 5, 294.81, 1188580, 558, 0, 0
4643, 27, 191, 374, 0, 0, 26.70%, 0, 0, 5, 264.29, 1189845, 558, 0, 0
4648, 27, 142, 374, 0, 0, 26.70%, 0, 0, 5, 43.45, 1191078, 558, 0, 0
4654, 27, 166, 374, 0, 0, 26.70%, 0, 0, 5, 222.51, 1192396, 558, 0, 0
4659, 27, 95, 374, 0, 0, 26.70%, 0, 0, 5, 239.92, 1193687, 558, 0, 0
4664, 27, 53, 374, 0, 0, 26.70%, 0, 0, 5, 259.79, 1194950, 558, 0, 0
4669, 27, 213, 374, 0, 0, 26.70%, 0, 0, 5, 260.26, 1196275, 558, 0, 0
4674, 27, 95, 374, 0, 0, 26.70%, 0, 0, 5, 36.23, 1197530, 558, 0, 0
4679, 27, 2, 374, 0, 0, 26.70%, 0, 0, 5, 288.56, 1198808, 558, 0, 0
4684, 27, 341, 374, 0, 0, 26.70%, 0, 0, 5, 198.53, 1200083, 558, 0, 0
4689, 27, 111, 374, 0, 0, 26.70%, 0, 0, 5, 271.78, 1201405, 558, 0, 0
4695, 27, 50, 374, 0, 0, 26.70%, 0, 0, 5, 266.25, 1202730, 558, 0, 0
4700, 27, 355, 374, 0, 0, 26.70%, 0, 0, 5, 296.11, 1204020, 558, 0, 0
4705, 27, 355, 374, 0, 0, 26.70%, 0, 0, 5, 297.99, 1205350, 558, 0, 0
4710, 27, 277, 374, 0, 0, 26.70%, 0, 0, 5, 249.07, 1206645, 558, 0, 0
4715, 27, 133, 374, 0, 0, 26.70%, 0, 0, 5, 293.97, 1207940, 558, 0, 0
4721, 28, 99, 374, 0, 0, 26.70%, 0, 0, 5, 236.10, 1209226, 558, 0, 0
4726, 28, 288, 374, 0, 0, 26.70%, 0, 0, 5, 276.97, 1210550, 558, 0, 0
4731, 28, 156, 374, 0, 0, 26.70%, 0, 0, 5, 277.46, 1211780, 558, 0, 0
4736, 28, 354, 374, 0, 0, 26.70%, 0, 0, 5, 291.37, 1213045, 558, 0, 0
4741, 28, 129, 374, 0, 0, 26.70%, 0, 0, 5, 291.51, 1214340, 558, 0, 0
4746, 28, 191, 374, 0, 0, 26.70%, 0, 0, 5, 292.53, 1215645, 558, 0, 0
4751, 28, 95, 374, 0, 0, 26.70%, 0, 0, 5, 277.23, 1216861, 558, 0, 0
4756, 28, 235, 374, 0, 0, 26.70%, 0, 0, 5, 280.95, 1218175, 558, 0, 0
4762, 28, 341, 374, 0, 0, 26.70%, 0, 0, 5, 279.06, 1219495, 558, 0, 0
4767, 28, 173, 374, 0, 0, 26.70%, 0, 0, 5, 279.24, 1220765, 558, 0, 0
4772, 28, 362, 374, 0, 0, 26.70%, 0, 0, 5, 277.24, 1221970, 558, 0, 0
4777, 28, 355, 374, 0, 0, 26.70%, 0, 0, 5, 288.79, 1223245, 558, 0, 0
4782, 28, 2, 374, 0, 0, 26.70%, 0, 0, 5, 299.91, 1224567, 558, 0, 0
4787, 28, 222, 374, 0, 0, 26.70%, 0, 0, 5, 287.48, 1225850, 558, 0, 0
4792, 28, 156, 374, 0, 0, 26.70%, 0, 0, 5, 35.09, 1227090, 558, 0, 0
4797, 28, 75, 374, 0, 0, 26.70%, 0, 0, 5, 270.63, 1228330, 558, 0, 0
4803, 28, 176, 374, 0, 0, 26.70%, 0, 0, 5, 289.74, 1229630, 558, 0, 0
4808, 28, 156, 374, 0, 0, 26.70%, 0, 0, 5, 42.31, 1230815, 558, 0, 0
4813, 28, 346, 374, 0, 0, 26.70%, 0, 0, 5, 301.72, 1232073, 558, 0, 0
4818, 28, 336, 374, 0, 0, 26.70%, 0, 0, 5, 200.91, 1233371, 558, 0, 0
4823, 28, 129, 374, 0, 0, 26.70%, 0, 0, 5, 238.31, 1234621, 558, 0, 0
4828, 28, 354, 374, 0, 0, 26.70%, 0, 0, 5, 290.00, 1235854, 558, 0, 0
4833, 28, 354, 374, 0, 0, 26.70%, 0, 0, 5, 263.38, 1237076, 558, 0, 0
4838, 28, 285, 374, 0, 0, 26.70%, 0, 0, 5, 303.55, 1238418, 558, 0, 0
4843, 28, 213, 374, 0, 0, 26.70%, 0, 0, 5, 292.08, 1239605, 558, 0, 0
4848, 28, 355, 374, 0, 0, 26.70%, 0, 0, 5, 297.25, 1240886, 558, 0, 0
4854, 28, 303, 374, 0, 0, 26.70%, 0, 0, 5, 297.65, 1242216, 558, 0, 0
4859, 28, 44, 374, 0, 0, 26.70%, 0, 0, 5, 47.17, 1243396, 558, 0, 0
4864, 28, 106, 374, 0, 0, 26.70%, 0, 0, 5, 291.18, 1244686, 558, 0, 0
4869, 28, 372, 374, 0, 0, 26.70%, 0, 0, 5, 279.18, 1246011, 558, 0, 0
4874, 28, 309, 374, 0, 0, 26.70%, 0, 0, 5, 250.75, 1247291, 558, 0, 0
4879, 29, 341, 374, 0, 0, 26.70%, 0, 0, 5, 294.89, 1248586, 558, 0, 0
4885, 29, 202, 374, 0, 0, 26.70%, 0, 0, 5, 267.00, 1249866, 558, 0, 0
4890, 29, 341, 374, 0, 0, 26.70%, 0, 0, 5, 293.53, 1251070, 558, 0, 0
4895, 29, 164, 374, 0, 0, 26.70%, 0, 0, 5, 294.93, 1252381, 558, 0, 0
4900, 29, 309, 374, 0, 0, 26.70%, 0, 0, 5, 298.49, 1253671, 558, 0, 0
4905, 29, 287, 374, 0, 0, 26.70%, 0, 0, 5, 44.64, 1254866, 558, 0, 0
4910, 29, 142, 374, 0, 0, 26.70%, 0, 0, 5, 297.78, 1256116, 558, 0, 0
4915, 29, 289, 374, 0, 0, 26.70%, 0, 0, 5, 275.64, 1257401, 558, 0, 0
4920, 29, 2, 374, 0, 0, 26.70%, 0, 0, 5, 297.97, 1258686, 558, 0, 0
4925, 29, 36, 374, 0, 0, 26.70%, 0, 0, 5, 296.58, 1259886, 558, 0, 0
4931, 29, 166, 374, 0, 0, 26.70%, 0, 0, 5, 291.86, 1261176, 558, 0, 0
4936, 29, 336, 374, 0, 0, 26.70%, 0, 0, 5, 292.42, 1262366, 558, 0, 0
4941, 29, 112, 374, 0, 0, 26.70%, 0, 0, 5, 281.48, 1263636, 558, 0, 0
4946, 29, 341, 374, 0, 0, 26.70%, 0, 0, 5, 266.89, 1264906, 558, 0, 0
4951, 29, 341, 374, 0, 0, 26.70%, 0, 0, 5, 298.15, 1266136, 558, 0, 0
4956, 29, 341, 374, 0, 0, 26.70%, 0, 0, 5, 275.86, 1267455, 558, 0, 0
4961, 29, 133, 374, 0, 0, 26.70%, 0, 0, 5, 295.38, 1268730, 558, 0, 0
4966, 29, 50, 374, 0, 0, 26.70%, 0, 0, 5, 298.85, 1270016, 558, 0, 0
4971, 29, 75, 374, 0, 0, 26.70%, 0, 0, 5, 288.56, 1271199, 558, 0, 0
4976, 29, 342, 374, 0, 0, 26.70%, 0, 0, 5, 302.03, 1272467, 558, 0, 0
4982, 29, 111, 374, 0, 0, 26.70%, 0, 0, 5, 300.94, 1273778, 558, 0, 0
4987, 29, 202, 374, 0, 0, 26.70%, 0, 0, 5, 291.19, 1275111, 558, 0, 0
4992, 29, 76, 374, 0, 0, 26.70%, 0, 0, 5, 278.56, 1276346, 558, 0, 0
4997, 29, 25, 374, 0, 0, 26.70%, 0, 0, 5, 286.22, 1277676, 558, 0, 0
5002, 29, 227, 374, 0, 0, 26.70%, 0, 0, 5, 294.77, 1278951, 558, 0, 0
5007, 29, 97, 374, 0, 0, 26.70%, 0, 0, 5, 41.84, 1280171, 558, 0, 0
5013, 29, 285, 374, 0, 0, 26.70%, 0, 0, 5, 289.28, 1281501, 558, 0, 0
5018, 29, 125, 374, 0, 0, 26.70%, 0, 0, 5, 293.30, 1282801, 558, 0, 0
5023, 29, 95, 374, 0, 0, 26.70%, 0, 0, 5, 286.38, 1284106, 558, 0, 0
5028, 29, 355, 374, 0, 0, 26.70%, 0, 0, 5, 49.50, 1285321, 558, 0, 0
5033, 29, 5, 374, 0, 0, 26.70%, 0, 0, 5, 204.67, 1286604, 558, 0, 0
5038, 30, 142, 374, 0, 0, 26.70%, 0, 0, 5, 299.10, 1287916, 558, 0, 0
5043, 30, 149, 374, 0, 0, 26.70%, 0, 0, 5, 292.09, 1289246, 558, 0, 0
5048, 30, 82, 374, 0, 0, 26.70%, 0, 0, 5, 297.94, 1290516, 558, 0, 0
5054, 30, 2, 374, 0, 0, 26.70%, 0, 0, 5, 290.92, 1291801, 558, 0, 0
5059, 30, 75, 374, 0, 0, 26.70%, 0, 0, 5, 302.15, 1293043, 558, 0, 0
5064, 30, 156, 374, 0, 0, 26.70%, 0, 0, 5, 271.24, 1294356, 558, 0, 0
5069, 30, 156, 374, 0, 0, 26.70%, 0, 0, 5, 290.14, 1295676, 558, 0, 0
5074, 30, 329, 374, 0, 0, 26.70%, 0, 0, 5, 48.54, 1296946, 558, 0, 0
5080, 30, 95, 374, 0, 0, 26.70%, 0, 0, 5, 227.96, 1298214, 558, 0, 0
5085, 30, 129, 374, 0, 0, 26.70%, 0, 0, 5, 279.52, 1299516, 558, 0, 0
5090, 30, 55, 374, 0, 0, 26.70%, 0, 0, 5, 287.51, 1300756, 558, 0, 0
5095, 30, 156, 374, 0, 0, 26.70%, 0, 0, 5, 288.25, 1302076, 558, 0, 0
5100, 30, 329, 374, 0, 0, 26.70%, 0, 0, 5, 266.86, 1303281, 558, 0, 0
5105, 30, 341, 374, 0, 0, 26.70%, 0, 0, 5, 298.25, 1304586, 558, 0, 0
5110, 30, 156, 374, 0, 0, 26.70%, 0, 0, 5, 305.56, 1305898, 558, 0, 0
5115, 30, 4, 374, 0, 0, 26.70%, 0, 0, 5, 271.19, 1307141, 558, 0, 0
5120, 30, 106, 374, 0, 0, 26.70%, 0, 0, 5, 292.08, 1308375, 558, 0, 0
5126, 30, 166, 374, 0, 0, 26.70%, 0, 0, 5, 268.44, 1309696, 558, 0, 0
5131, 30, 309, 374, 0, 0, 26.70%, 0, 0, 5, 291.79, 1310966, 558, 0, 0
5136, 30, 55, 374, 0, 0, 26.70%, 0, 0, 5, 287.28, 1312246, 558, 0, 0
5141, 30, 191, 374, 0, 0, 26.70%, 0, 0, 5, 256.96, 1313466, 558, 0, 0
5146, 30, 354, 374, 0, 0, 26.70%, 0, 0, 5, 295.67, 1314756, 558, 0, 0
5151, 30, 85, 374, 0, 0, 26.70%, 0, 0, 5, 281.49, 1316071, 558, 0, 0
5156, 30, 111, 374, 0, 0, 26.70%, 0, 0, 5, 280.94, 1317326, 558, 0, 0
5161, 30, 191, 374, 0, 0, 26.70%, 0, 0, 5, 296.94, 1318596, 558, 0, 0
5167, 30, 203, 374, 0, 0, 26.70%, 0, 0, 5, 277.34, 1319905, 558, 0, 0
5172, 30, 82, 374, 0, 0, 26.70%, 0, 0, 5, 289.87, 1321201, 558, 0, 0
5177, 30, 236, 374, 0, 0, 26.70%, 0, 0, 5, 30.82, 1322405, 558, 0, 0
5182, 30, 354, 374, 0, 0, 26.70%, 0, 0, 5, 300.36, 1323678, 558, 0, 0
5187, 30, 191, 374, 0, 0, 26.70%, 0, 0, 5, 282.87, 1325005, 558, 0, 0
5192, 30, 95, 374, 0, 0, 26.70%, 0, 0, 5, 286.39, 1326256, 558, 0, 0
5197, 31, 140, 374, 0, 0, 26.70%, 0, 0, 5, 31.36, 1327455, 558, 0, 0
5202, 31, 355, 374, 0, 0, 26.70%, 0, 0, 5, 200.78, 1328739, 558, 0, 0
5207, 31, 309, 374, 0, 0, 26.70%, 0, 0, 5, 296.71, 1330016, 558, 0, 0
5212, 31, 301, 374, 0, 0, 26.70%, 0, 0, 5, 281.03, 1331341, 558, 0, 0
5217, 31, 106, 374, 0, 0, 26.70%, 0, 0, 5, 272.27, 1332606, 558, 0, 0
5223, 31, 227, 374, 0, 0, 26.70%, 0, 0, 5, 43.29, 1333791, 558, 0, 0
5228, 31, 341, 374, 0, 0, 26.70%, 0, 0, 5, 271.62, 1335081, 558, 0, 0
5233, 31, 285, 374, 0, 0, 26.70%, 0, 0, 5, 296.01, 1336341, 558, 0, 0
5238, 31, 355, 374, 0, 0, 26.70%, 0, 0, 5, 288.72, 1337642, 558, 0, 0
5243, 31, 309, 374, 0, 0, 26.70%, 0, 0, 5, 286.45, 1338887, 558, 0, 0
5248, 31, 142, 374, 0, 0, 26.70%, 0, 0, 5, 278.00, 1340126, 558, 0, 0
5253, 31, 198, 374, 0, 0, 26.70%, 0, 0, 5, 302.81, 1341417, 558, 0, 0
5258, 31, 142, 374, 0, 0, 26.70%, 0, 0, 5, 271.25, 1342737, 558, 0, 0
5263, 31, 309, 374, 0, 0, 26.70%, 0, 0, 5, 278.87, 1344012, 558, 0, 0
5268, 31, 50, 374, 0, 0, 26.70%, 0, 0, 5, 282.43, 1345287, 558, 0, 0
5273, 31, 191, 374, 0, 0, 26.70%, 0, 0, 5, 267.83, 1346432, 558, 0, 0
5278, 31, 285, 374, 0, 0, 26.70%, 0, 0, 5, 275.07, 1347707, 558, 0, 0
5284, 31, 191, 374, 0, 0, 26.70%, 0, 0, 5, 292.31, 1349012, 558, 0, 0
5289, 31, 156, 374, 0, 0, 26.70%, 0, 0, 5, 272.28, 1350224, 558, 0, 0
5294, 31, 373, 374, 0, 0, 26.70%, 0, 0, 5, 244.17, 1351488, 558, 0, 0
5299, 31, 287, 374, 0, 0, 26.70%, 0, 0, 5, 293.85, 1352817, 558, 0, 0
5304, 31, 285, 374, 0, 0, 26.70%, 0, 0, 5, 290.45, 1354102, 558, 0, 0
5309, 31, 354, 374, 0, 0, 26.70%, 0, 0, 5, 32.79, 1355322, 558, 0, 0
5315, 31, 44, 374, 0, 0, 26.70%, 0, 0, 5, 265.58, 1356647, 558, 0, 0
5320, 31, 305, 374, 0, 0, 26.70%, 0, 0, 5, 290.77, 1357962, 558, 0, 0
5325, 31, 95, 374, 0, 0, 26.70%, 0, 0, 5, 278.14, 1359152, 558, 0, 0
5330, 31, 168, 374, 0, 0, 26.70%, 0, 0, 5, 302.63, 1360451, 558, 0, 0
5335, 31, 355, 374, 0, 0, 26.70%, 0, 0, 5, 294.91, 1361717, 558, 0, 0
5340, 31, 52, 374, 0, 0, 26.70%, 0, 0, 5, 281.28, 1362992, 558, 0, 0
5345, 31, 44, 374, 0, 0, 26.70%, 0, 0, 5, 282.67, 1364252, 558, 0, 0
5350, 31, 95, 374, 0, 0, 26.70%, 0, 0, 5, 264.22, 1365492, 558, 0, 0
5355, 31, 111, 374, 0, 0, 26.70%, 0, 0, 5, 41.15, 1366722, 558, 0, 0
5360, 32, 44, 374, 0, 0, 26.70%, 0, 0, 5, 254.63, 1367952, 558, 0, 0
5365, 32, 5, 374, 0, 0, 26.70%, 0, 0, 5, 292.35, 1369267, 558, 0, 0
5370, 32, 341, 374, 0, 0, 26.70%, 0, 0, 5, 267.71, 1370457, 558, 0, 0
5376, 32, 14, 374, 0, 0, 26.70%, 0, 0, 5, 226.43, 1371745, 558, 0, 0
5381, 32, 285, 374, 0, 0, 26.70%, 0, 0, 5, 294.44, 1373012, 558, 0, 0
5386, 32, 176, 374, 0, 0, 26.70%, 0, 0, 5, 295.07, 1374302, 558, 0, 0
5391, 32, 353, 374, 0, 0, 26.70%, 0, 0, 5, 31.15, 1375527, 558, 0, 0
5396, 32, 95, 374, 0, 0, 26.70%, 0, 0, 5, 298.34, 1376847, 558, 0, 0
5401, 32, 75, 374, 0, 0, 26.70%, 0, 0, 5, 270.10, 1378101, 558, 0, 0
5406, 32, 2, 374, 0, 0, 26.70%, 0, 0, 5, 286.27, 1379352, 558, 0, 0
5411, 32, 355, 374, 0, 0, 26.70%, 0, 0, 5, 47.83, 1380512, 558, 0, 0
5416, 32, 82, 374, 0, 0, 26.70%, 0, 0, 5, 296.69, 1381817, 558, 0, 0
5422, 32, 37, 374, 0, 0, 26.70%, 0, 0, 5, 274.81, 1383152, 558, 0, 0
5427, 32, 2, 374, 0, 0, 26.70%, 0, 0, 5, 179.10, 1384333, 558, 0, 0
5432, 32, 50, 374, 0, 0, 26.70%, 0, 0, 5, 293.72, 1385637, 558, 0, 0
5437, 32, 136, 374, 0, 0, 26.70%, 0, 0, 5, 295.17, 1386932, 558, 0, 0
5442, 32, 44, 374, 0, 0, 26.70%, 0, 0, 5, 291.20, 1388217, 558, 0, 0
5447, 32, 166, 374, 0, 0, 26.70%, 0, 0, 5, 49.02, 1389447, 558, 0, 0
5452, 32, 166, 374, 0, 0, 26.70%, 0, 0, 5, 302.49, 1390733, 558, 0, 0
5457, 32, 138, 374, 0, 0, 26.70%, 0, 0, 5, 303.46, 1392023, 558, 0, 0
5462, 32, 176, 374, 0, 0, 26.70%, 0, 0, 5, 256.52, 1393312, 558, 0, 0
5467, 32, 134, 374, 0, 0, 26.70%, 0, 0, 5, 43.48, 1394567, 558, 0, 0
5473, 32, 111, 374, 0, 0, 26.70%, 0, 0, 5, 282.18, 1395854, 558, 0, 0
5478, 32, 191, 374, 0, 0, 26.70%, 0, 0, 5, 296.32, 1397167, 558, 0, 0
5483, 32, 341, 374, 0, 0, 26.70%, 0, 0, 5, 282.28, 1398492, 558, 0, 0
5488, 32, 142, 374, 0, 0, 26.70%, 0, 0, 5, 272.46, 1399807, 558, 0, 0
5493, 32, 129, 374, 0, 0, 26.70%, 0, 0, 5, 271.06, 1401042, 558, 0, 0
5498, 32, 222, 374, 0, 0, 26.70%, 0, 0, 5, 233.83, 1402314, 558, 0, 0
5503, 32, 50, 374, 0, 0, 26.70%, 0, 0, 5, 263.25, 1403567, 558, 0, 0
5508, 32, 287, 374, 0, 0, 26.70%, 0, 0, 5, 274.41, 1404827, 558, 0, 0
5513, 32, 355, 374, 0, 0, 26.70%, 0, 0, 5, 274.39, 1406117, 558, 0, 0
5519, 33, 95, 374, 0, 0, 26.70%, 0, 0, 5, 303.09, 1407398, 558, 0, 0
5524, 33, 336, 374, 0, 0, 26.70%, 0, 0, 5, 49.75, 1408617, 558, 0, 0
5529, 33, 227, 374, 0, 0, 26.70%, 0, 0, 5, 265.12, 1409922, 558, 0, 0
5534, 33, 313, 374, 0, 0, 26.70%, 0, 0, 5, 294.87, 1411237, 558, 0, 0
5539, 33, 207, 374, 0, 0, 26.70%, 0, 0, 5, 204.08, 1412510, 558, 0, 0
5544, 33, 129, 374, 0, 0, 26.70%, 0, 0, 5, 298.51, 1413751, 558, 0, 0
5549, 33, 348, 374, 0, 0, 26.70%, 0, 0, 5, 291.14, 1415052, 558, 0, 0
5554, 33, 202, 374, 0, 0, 26.70%, 0, 0, 5, 291.59, 1416357, 558, 0, 0
5560, 33, 309, 374, 0, 0, 26.70%, 0, 0, 5, 139.30, 1417604, 558, 0, 0
5565, 33, 111, 374, 0, 0, 26.70%, 0, 0, 5, 196.72, 1418852, 558, 0, 0
5570, 33, 2, 374, 0, 0, 26.70%, 0, 0, 5, 299.48, 1420162, 558, 0, 0
5575, 33, 341, 374, 0, 0, 26.70%, 0, 0, 5, 296.48, 1421447, 558, 0, 0
5580, 33, 176, 374, 0, 0, 26.70%, 0, 0, 5, 272.97, 1422712, 558, 0, 0
5585, 33, 75, 374, 0, 0, 26.70%, 0, 0, 5, 54.92, 1423933, 558, 0, 0
5590, 33, 341, 374, 0, 0, 26.70%, 0, 0, 5, 106.52, 1425234, 558, 0, 0
5595, 33, 133, 374, 0, 0, 26.70%, 0, 0, 5, 295.22, 1426557, 558, 0, 0
5600, 33, 152, 374, 0, 0, 26.70%, 0, 0, 5, 288.26, 1427852, 558, 0, 0
5606, 33, 142, 374, 0, 0, 26.70%, 0, 0, 5, 278.45, 1429157, 558, 0, 0
5611, 33, 355, 374, 0, 0, 26.70%, 0, 0, 5, 290.00, 1430363, 558, 0, 0
5616, 33, 76, 374, 0, 0, 26.70%, 0, 0, 5, 270.90, 1431647, 558, 0, 0
5621, 33, 82, 374, 0, 0, 26.70%, 0, 0, 5, 257.85, 1432957, 558, 0, 0
5626, 33, 166, 374, 0, 0, 26.70%, 0, 0, 5, 297.28, 1434276, 558, 0, 0
5631, 33, 166, 374, 0, 0, 26.70%, 0, 0, 5, 279.59, 1435557, 558, 0, 0
5636, 33, 202, 374, 0, 0, 26.70%, 0, 0, 5, 281.09, 1436877, 558, 0, 0
5641, 33, 50, 374, 0, 0, 26.70%, 0, 0, 5, 36.23, 1438092, 558, 0, 0
5646, 33, 329, 374, 0, 0, 26.70%, 0, 0, 5, 295.57, 1439381, 558, 0, 0
5651, 33, 202, 374, 0, 0, 26.70%, 0, 0, 5, 297.03, 1440662, 558, 0, 0
5657, 33, 336, 374, 0, 0, 26.70%, 0, 0, 5, 233.53, 1441969, 558, 0, 0
5662, 33, 2, 374, 0, 0, 26.70%, 0, 0, 5, 257.40, 1443282, 558, 0, 0
5667, 33, 355, 374, 0, 0, 26.70%, 0, 0, 5, 123.75, 1444592, 558, 0, 0
5672, 33, 202, 374, 0, 0, 26.70%, 0, 0, 5, 235.80, 1445876, 558, 0, 0
5677, 34, 76, 374, 0, 0, 26.70%, 0, 0, 5, 292.86, 1447167, 558, 0, 0
5682, 34, 176, 374, 0, 0, 26.70%, 0, 0, 5, 297.03, 1448392, 558, 0, 0
5687, 34, 166, 374, 0, 0, 26.70%, 0, 0, 5, 285.93, 1449712, 558, 0, 0
5692, 34, 2, 374, 0, 0, 26.70%, 0, 0, 5, 300.08, 1451006, 558, 0, 0
5697, 34, 75, 374, 0, 0, 26.70%, 0, 0, 5, 289.74, 1452317, 558, 0, 0
5703, 34, 76, 374, 0, 0, 26.70%, 0, 0, 5, 282.05, 1453632, 558, 0, 0
5708, 34, 355, 374, 0, 0, 26.70%, 0, 0, 5, 280.43, 1454907, 558, 0, 0
5713, 34, 372, 374, 0, 0, 26.70%, 0, 0, 5, 292.24, 1456217, 558, 0, 0
5718, 34, 354, 374, 0, 0, 26.70%, 0, 0, 5, 34.48, 1457467, 558, 0, 0
5723, 34, 355, 374, 0, 0, 26.70%, 0, 0, 5, 290.00, 1458795, 558, 0, 0
5729, 34, 341, 374, 0, 0, 26.70%, 0, 0, 5, 296.27, 1460132, 558, 0, 0
5734, 34, 13, 374, 0, 0, 26.70%, 0, 0, 5, 277.46, 1461432, 558, 0, 0
5739, 34, 166, 374, 0, 0, 26.70%, 0, 0, 5, 299.47, 1462742, 558, 0, 0
5744, 34, 105, 374, 0, 0, 26.70%, 0, 0, 5, 301.04, 1464049, 558, 0, 0
5749, 34, 213, 374, 0, 0, 26.70%, 0, 0, 5, 268.31, 1465302, 558, 0, 0
5754, 34, 164, 374, 0, 0, 26.70%, 0, 0, 5, 289.23, 1466602, 558, 0, 0
5759, 34, 166, 374, 0, 0, 26.70%, 0, 0, 5, 297.69, 1467845, 558, 0, 0
5764, 34, 82, 374, 0, 0, 26.70%, 0, 0, 5, 244.64, 1469183, 558, 0, 0
5769, 34, 106, 374, 0, 0, 26.70%, 0, 0, 5, 288.69, 1470482, 558, 0, 0
5775, 34, 2, 374, 0, 0, 26.70%, 0, 0, 5, 260.50, 1471687, 558, 0, 0
5780, 34, 99, 374, 0, 0, 26.70%, 0, 0, 5, 279.58, 1473037, 558, 0, 0
5785, 34, 213, 374, 0, 0, 26.70%, 0, 0, 5, 245.62, 1474374, 558, 0, 0
5790, 34, 353, 374, 0, 0, 26.70%, 0, 0, 5, 296.84, 1475667, 558, 0, 0
5795, 34, 59, 374, 0, 0, 26.70%, 0, 0, 5, 278.58, 1476992, 558, 0, 0
5800, 34, 106, 374, 0, 0, 26.70%, 0, 0, 5, 287.13, 1478235, 558, 0, 0
5806, 34, 271, 374, 0, 0, 26.70%, 0, 0, 5, 280.62, 1479567, 558, 0, 0
5811, 34, 213, 374, 0, 0, 26.70%, 0, 0, 5, 288.66, 1480872, 558, 0, 0
5816, 34, 176, 374, 0, 0, 26.70%, 0, 0, 5, 298.02, 1482172, 558, 0, 0
5821, 34, 355, 374, 0, 0, 26.70%, 0, 0, 5, 269.70, 1483402, 558, 0, 0
5826, 34, 28, 374, 0, 0, 26.70%, 0, 0, 5, 271.10, 1484662, 558, 0, 0
5831, 35, 354, 374, 0, 0, 26.70%, 0, 0, 5, 292.74, 1485972, 558, 0, 0
5836, 35, 164, 374, 0, 0, 26.70%, 0, 0, 5, 293.85, 1487252, 558, 0, 0
5841, 35, 44, 374, 0, 0, 26.70%, 0, 0, 5, 298.51, 1488486, 558, 0, 0
5846, 35, 76, 374, 0, 0, 26.70%, 0, 0, 5, 299.76, 1489812, 558, 0, 0
5852, 35, 50, 374, 0, 0, 26.70%, 0, 0, 5, 257.92, 1491132, 558, 0, 0
5857, 35, 176, 374, 0, 0, 26.70%, 0, 0, 5, 44.05, 1492337, 558, 0, 0
5862, 35, 99, 374, 0, 0, 26.70%, 0, 0, 5, 294.00, 1493612, 558, 0, 0
5867, 35, 133, 374, 0, 0, 26.70%, 0, 0, 5, 259.34, 1494927, 558, 0, 0
5872, 35, 354, 374, 0, 0, 26.70%, 0, 0, 5, 297.62, 1496267, 558, 0, 0
5877, 35, 5, 374, 0, 0, 26.70%, 0, 0, 5, 271.74, 1497577, 558, 0, 0
5883, 35, 99, 374, 0, 0, 26.70%, 0, 0, 5, 271.37, 1498847, 558, 0, 0
5888, 35, 142, 374, 0, 0, 26.70%, 0, 0, 5, 286.59, 1500117, 558, 0, 0
5893, 35, 355, 374, 0, 0, 26.70%, 0, 0, 5, 275.95, 1501397, 558, 0, 0
5898, 35, 5, 374, 0, 0, 26.70%, 0, 0, 5, 281.85, 1502701, 558, 0, 0
5903, 35, 285, 374, 0, 0, 26.70%, 0, 0, 5, 294.77, 1503977, 558, 0, 0
5908, 35, 355, 374, 0, 0, 26.70%, 0, 0, 5, 48.39, 1505197, 558, 0, 0
5913, 35, 353, 374, 0, 0, 26.70%, 0, 0, 5, 268.52, 1506502, 558, 0, 0
5918, 35, 218, 374, 0, 0, 26.70%, 0, 0, 5, 286.95, 1507797, 558, 0, 0
5924, 35, 2, 374, 0, 0, 26.70%, 0, 0, 5, 274.84, 1509087, 558, 0, 0
5929, 35, 95, 374, 0, 0, 26.70%, 0, 0, 5, 268.40, 1510357, 558, 0, 0
5934, 35, 106, 374, 0, 0, 26.70%, 0, 0, 5, 298.01, 1511642, 558, 0, 0
5939, 35, 335, 374, 0, 0, 26.70%, 0, 0, 5, 292.24, 1512952, 558, 0, 0
5944, 35, 133, 374, 0, 0, 26.70%, 0, 0, 5, 266.34, 1514227, 558, 0, 0
5949, 35, 341, 374, 0, 0, 26.70%, 0, 0, 5, 287.38, 1515482, 558, 0, 0
5954, 35, 355, 374, 0, 0, 26.70%, 0, 0, 5, 262.87, 1516787, 558, 0, 0
5959, 35, 82, 374, 0, 0, 26.70%, 0, 0, 5, 291.16, 1518062, 558, 0, 0
5964, 35, 287, 374, 0, 0, 26.70%, 0, 0, 5, 276.46, 1519407, 558, 0, 0
5969, 35, 355, 374, 0, 0, 26.70%, 0, 0, 5, 284.93, 1520687, 558, 0, 0
5974, 35, 10, 374, 0, 0, 26.70%, 0, 0, 5, 290.64, 1521885, 558, 0, 0
5979, 35, 222, 374, 0, 0, 26.70%, 0, 0, 5, 298.54, 1523172, 558, 0, 0
5985, 35, 50, 374, 0, 0, 26.70%, 0, 0, 5, 269.09, 1524467, 558, 0, 0
5990, 36, 117, 374, 0, 0, 26.70%, 0, 0, 5, 296.73, 1525757, 558, 0, 0
5995, 36, 213, 374, 0, 0, 26.70%, 0, 0, 5, 281.64, 1527002, 558, 0, 0
6000, 36, 133, 374, 0, 0, 26.70%, 0, 0, 5, 301.76, 1528255, 558, 0, 0
6005, 36, 76, 374, 0, 0, 26.70%, 0, 0, 5, 298.33, 1529551, 558, 0, 0
6010, 36, 309, 374, 0, 0, 26.70%, 0, 0, 5, 292.55, 1530807, 558, 0, 0
6015, 36, 336, 374, 0, 0, 26.70%, 0, 0, 5, 43.86, 1532042, 558, 0, 0
6020, 36, 50, 374, 0, 0, 26.70%, 0, 0, 5, 248.30, 1533360, 558, 0, 0
6025, 36, 287, 374, 0, 0, 26.70%, 0, 0, 5, 239.60, 1534624, 558, 0, 0
6031, 36, 329, 374, 0, 0, 26.70%, 0, 0, 5, 298.12, 1535907, 558, 0, 0
6036, 36, 213, 374, 0, 0, 26.70%, 0, 0, 5, 267.80, 1537137, 558, 0, 0
6041, 36, 222, 374, 0, 0, 26.70%, 0, 0, 5, 295.65, 1538472, 558, 0, 0
6046, 36, 133, 374, 0, 0, 26.70%, 0, 0, 5, 295.75, 1539737, 558, 0, 0
6051, 36, 142, 374, 0, 0, 26.70%, 0, 0, 5, 31.25, 1540988, 558, 0, 0
6056, 36, 329, 374, 0, 0, 26.70%, 0, 0, 5, 297.03, 1542254, 558, 0, 0
6061, 36, 166, 374, 0, 0, 26.70%, 0, 0, 5, 301.03, 1543517, 558, 0, 0
6066, 36, 166, 374, 0, 0, 26.70%, 0, 0, 5, 285.41, 1544827, 558, 0, 0
6071, 36, 284, 374, 0, 0, 26.70%, 0, 0, 5, 39.37, 1546002, 558, 0, 0
6077, 36, 25, 374, 0, 0, 26.70%, 0, 0, 5, 303.53, 1547326, 558, 0, 0
6082, 36, 354, 374, 0, 0, 26.70%, 0, 0, 5, 297.50, 1548612, 558, 0, 0
6087, 36, 99, 374, 0, 0, 26.70%, 0, 0, 5, 293.62, 1549922, 558, 0, 0
6092, 36, 289, 374, 0, 0, 26.70%, 0, 0, 5, 31.35, 1551127, 558, 0, 0
6097, 36, 108, 374, 0, 0, 26.70%, 0, 0, 5, 268.47, 1552377, 558, 0, 0
6102, 36, 285, 374, 0, 0, 26.70%, 0, 0, 5, 299.90, 1553667, 558, 0, 0
6107, 36, 125, 374, 0, 0, 26.70%, 0, 0, 5, 295.63, 1554987, 558, 0, 0
6112, 36, 372, 374, 0, 0, 26.70%, 0, 0, 5, 243.35, 1556192, 558, 0, 0
6117, 36, 166, 374, 0, 0, 26.70%, 0, 0, 5, 296.70, 1557497, 558, 0, 0
6123, 36, 164, 374, 0, 0, 26.70%, 0, 0, 5, 282.76, 1558817, 558, 0, 0
6128, 36, 227, 374, 0, 0, 26.70%, 0, 0, 5, 240.14, 1560101, 558, 0, 0
6133, 36, 222, 374, 0, 0, 26.70%, 0, 0, 5, 46.30, 1561307, 558, 0, 0
6138, 36, 164, 374, 0, 0, 26.70%, 0, 0, 5, 299.60, 1562606, 558, 0, 0
6143, 36, 99, 374, 0, 0, 26.70%, 0, 0, 5, 256.54, 1563887, 558, 0, 0
6148, 37, 129, 374, 0, 0, 26.70%, 0, 0, 5, 283.35, 1565151, 558, 0, 0
6153, 37, 106, 374, 0, 0, 26.70%, 0, 0, 5, 45.66, 1566347, 558, 0, 0
6158, 37, 162, 374, 0, 0, 26.70%, 0, 0, 5, 290.43, 1567672, 558, 0, 0
6163, 37, 166, 374, 0, 0, 26.70%, 0, 0, 5, 291.58, 1568977, 558, 0, 0
6169, 37, 341, 374, 0, 0, 26.70%, 0, 0, 5, 268.28, 1570217, 558, 0, 0
6174, 37, 317, 374, 0, 0, 26.70%, 0, 0, 5, 279.65, 1571487, 558, 0, 0
6179, 37, 156, 374, 0, 0, 26.70%, 0, 0, 5, 294.97, 1572782, 558, 0, 0
6184, 37, 142, 374, 0, 0, 26.70%, 0, 0, 5, 285.44, 1574037, 558, 0, 0
6189, 37, 76, 374, 0, 0, 26.70%, 0, 0, 5, 206.25, 1575245, 558, 0, 0
6194, 37, 243, 374, 0, 0, 26.70%, 0, 0, 5, 296.30, 1576522, 558, 0, 0
6199, 37, 82, 374, 0, 0, 26.70%, 0, 0, 5, 294.99, 1577827, 558, 0, 0
6204, 37, 222, 374, 0, 0, 26.70%, 0, 0, 5, 297.11, 1579107, 558, 0, 0
6209, 37, 372, 374, 0, 0, 26.70%, 0, 0, 5, 271.37, 1580332, 558, 0, 0
6214, 37, 76, 374, 0, 0, 26.70%, 0, 0, 5, 300.00, 1581532, 558, 0, 0
6219, 37, 44, 374, 0, 0, 26.70%, 0, 0, 5, 297.59, 1582857, 558, 0, 0
6225, 37, 329, 374, 0, 0, 26.70%, 0, 0, 5, 148.10, 1584189, 558, 0, 0
6230, 37, 354, 374, 0, 0, 26.70%, 0, 0, 5, 224.91, 1585416, 558, 0, 0
6235, 37, 176, 374, 0, 0, 26.70%, 0, 0, 5, 150.38, 1586661, 558, 0, 0
6240, 37, 354, 374, 0, 0, 26.70%, 0, 0, 5, 295.75, 1587897, 558, 0, 0
6245, 37, 309, 374, 0, 0, 26.70%, 0, 0, 5, 270.83, 1589232, 558, 0, 0
6250, 37, 160, 374, 0, 0, 26.70%, 0, 0, 5, 255.49, 1590552, 558, 0, 0
6255, 37, 13, 374, 0, 0, 26.70%, 0, 0, 5, 282.40, 1591862, 558, 0, 0
6260, 37, 2, 374, 0, 0, 26.70%, 0, 0, 5, 41.67, 1593072, 558, 0, 0
6265, 37, 242, 374, 0, 0, 26.70%, 0, 0, 5, 296.94, 1594372, 558, 0, 0
6271, 37, 164, 374, 0, 0, 26.70%, 0, 0, 5, 281.46, 1595682, 558, 0, 0
6276, 37, 142, 374, 0, 0, 26.70%, 0, 0, 5, 299.78, 1596931, 558, 0, 0
6281, 37, 184, 374, 0, 0, 26.70%, 0, 0, 5, 291.78, 1598217, 558, 0, 0
6286, 37, 50, 374, 0, 0, 26.70%, 0, 0, 5, 301.18, 1599501, 558, 0, 0
6291, 37, 184, 374, 0, 0, 26.70%, 0, 0, 5, 258.73, 1600697, 558, 0, 0
6296, 37, 336, 374, 0, 0, 26.70%, 0, 0, 5, 301.98, 1601973, 558, 0, 0
6301, 37, 202, 374, 0, 0, 26.70%, 0, 0, 5, 212.84, 1603297, 558, 0, 0
6306, 38, 164, 374, 0, 0, 26.70%, 0, 0, 5, 272.81, 1604602, 558, 0, 0
6311, 38, 95, 374, 0, 0, 26.70%, 0, 0, 5, 296.34, 1605942, 558, 0, 0
6317, 38, 70, 374, 0, 0, 26.70%, 0, 0, 5, 280.69, 1607167, 558, 0, 0
6322, 38, 164, 374, 0, 0, 26.70%, 0, 0, 5, 291.99, 1608502, 558, 0, 0
6327, 38, 355, 374, 0, 0, 26.70%, 0, 0, 5, 204.46, 1609704, 558, 0, 0
6332, 38, 111, 374, 0, 0, 26.70%, 0, 0, 5, 293.13, 1610972, 558, 0, 0
6337, 38, 290, 374, 0, 0, 26.70%, 0, 0, 5, 294.82, 1612267, 558, 0, 0
6342, 38, 354, 374, 0, 0, 26.70%, 0, 0, 5, 249.59, 1613537, 558, 0, 0
6347, 38, 166, 374, 0, 0, 26.70%, 0, 0, 5, 241.38, 1614771, 558, 0, 0
6352, 38, 126, 374, 0, 0, 26.70%, 0, 0, 5, 240.67, 1616076, 558, 0, 0
6357, 38, 222, 374, 0, 0, 26.70%, 0, 0, 5, 272.55, 1617367, 558, 0, 0
6363, 38, 142, 374, 0, 0, 26.70%, 0, 0, 5, 260.67, 1618692, 558, 0, 0
6368, 38, 75, 374, 0, 0, 26.70%, 0, 0, 5, 292.03, 1619932, 558, 0, 0
6373, 38, 213, 374, 0, 0, 26.70%, 0, 0, 5, 271.39, 1621112, 558, 0, 0
6378, 38, 106, 374, 0, 0, 26.70%, 0, 0, 5, 288.42, 1622427, 558, 0, 0
6383, 38, 222, 374, 0, 0, 26.70%, 0, 0, 5, 300.22, 1623762, 558, 0, 0
6388, 38, 82, 374, 0, 0, 26.70%, 0, 0, 5, 293.30, 1625042, 558, 0, 0
6393, 38, 159, 374, 0, 0, 26.70%, 0, 0, 5, 31.15, 1626312, 558, 0, 0
6398, 38, 355, 374, 0, 0, 26.70%, 0, 0, 5, 213.28, 1627567, 558, 0, 0
6404, 38, 285, 374, 0, 0, 26.70%, 0, 0, 5, 291.44, 1628867, 558, 0, 0
6409, 38, 191, 374, 0, 0, 26.70%, 0, 0, 5, 279.74, 1630162, 558, 0, 0
6414, 38, 53, 374, 0, 0, 26.70%, 0, 0, 5, 275.87, 1631412, 558, 0, 0
6419, 38, 227, 374, 0, 0, 26.70%, 0, 0, 5, 290.29, 1632637, 558, 0, 0
6424, 38, 100, 374, 0, 0, 26.70%, 0, 0, 5, 297.16, 1633962, 558, 0, 0
6429, 38, 45, 374, 0, 0, 26.70%, 0, 0, 5, 300.05, 1635273, 558, 0, 0
6434, 38, 222, 374, 0, 0, 26.70%, 0, 0, 5, 276.59, 1636453, 558, 0, 0
6439, 38, 166, 374, 0, 0, 26.70%, 0, 0, 5, 300.00, 1637701, 558, 0, 0
6444, 38, 99, 374, 0, 0, 26.70%, 0, 0, 5, 277.43, 1639010, 558, 0, 0
6449, 38, 327, 374, 0, 0, 26.70%, 0, 0, 5, 287.44, 1640285, 558, 0, 0
6455, 38, 142, 374, 0, 0, 26.70%, 0, 0, 5, 272.59, 1641582, 558, 0, 0
6460, 38, 191, 374, 0, 0, 26.70%, 0, 0, 5, 297.94, 1642871, 558, 0, 0
6465, 39, 248, 374, 0, 0, 26.70%, 0, 0, 5, 295.43, 1644217, 558, 0, 0
6470, 39, 84, 374, 0, 0, 26.70%, 0, 0, 5, 282.22, 1645482, 558, 0, 0
6475, 39, 222, 374, 0, 0, 26.70%, 0, 0, 5, 238.94, 1646756, 558, 0, 0
6481, 39, 58, 374, 0, 0, 26.70%, 0, 0, 5, 283.95, 1648047, 558, 0, 0
6486, 39, 191, 374, 0, 0, 26.70%, 0, 0, 5, 295.19, 1649362, 558, 0, 0
6491, 39, 176, 374, 0, 0, 26.70%, 0, 0, 5, 37.59, 1650552, 558, 0, 0
6496, 39, 142, 374, 0, 0, 26.70%, 0, 0, 5, 298.07, 1651857, 558, 0, 0
6501, 39, 133, 374, 0, 0, 26.70%, 0, 0, 5, 296.56, 1653187, 558, 0, 0
6506, 39, 199, 374, 0, 0, 26.70%, 0, 0, 5, 272.60, 1654482, 558, 0, 0
6511, 39, 329, 374, 0, 0, 26.70%, 0, 0, 5, 306.93, 1655724, 558, 0, 0
6517, 39, 371, 374, 0, 0, 26.70%, 0, 0, 5, 295.81, 1657057, 558, 0, 0
6522, 39, 309, 374, 0, 0, 26.70%, 0, 0, 5, 290.35, 1658342, 558, 0, 0
6527, 39, 369, 374, 0, 0, 26.70%, 0, 0, 5, 263.02, 1659597, 558, 0, 0
6532, 39, 355, 374, 0, 0, 26.70%, 0, 0, 5, 279.30, 1660842, 558, 0, 0
6537, 39, 355, 374, 0, 0, 26.70%, 0, 0, 5, 290.01, 1662132, 558, 0, 0
6542, 39, 111, 374, 0, 0, 26.70%, 0, 0, 5, 298.39, 1663432, 558, 0, 0
6547, 39, 287, 374, 0, 0, 26.70%, 0, 0, 5, 279.84, 1664642, 558, 0, 0
6552, 39, 193, 374, 0, 0, 26.70%, 0, 0, 5, 276.42, 1665902, 558, 0, 0
6557, 39, 5, 374, 0, 0, 26.70%, 0, 0, 5, 301.38, 1667157, 558, 0, 0
6562, 39, 50, 374, 0, 0, 26.70%, 0, 0, 5, 273.01, 1668442, 558, 0, 0
6567, 39, 219, 374, 0, 0, 26.70%, 0, 0, 5, 301.07, 1669733, 558, 0, 0
6572, 39, 186, 374, 0, 0, 26.70%, 0, 0, 5, 304.06, 1671015, 558, 0, 0
6577, 39, 329, 374, 0, 0, 26.70%, 0, 0, 5, 206.09, 1672273, 558, 0, 0
6582, 39, 142, 374, 0, 0, 26.70%, 0, 0, 5, 33.21, 1673512, 558, 0, 0
6588, 39, 355, 374, 0, 0, 26.70%, 0, 0, 5, 289.82, 1674837, 558, 0, 0
6593, 39, 166, 374, 0, 0, 26.70%, 0, 0, 5, 284.25, 1676147, 558, 0, 0
6598, 39, 111, 374, 0, 0, 26.70%, 0, 0, 5, 301.93, 1677478, 558, 0, 0
6603, 39, 354, 374, 0, 0, 26.70%, 0, 0, 5, 31.55, 1678732, 558, 0, 0
6608, 39, 336, 374, 0, 0, 26.70%, 0, 0, 5, 262.57, 1680017, 558, 0, 0
6613, 39, 309, 374, 0, 0, 26.70%, 0, 0, 5, 296.16, 1681337, 558, 0, 0
6618, 39, 287, 374, 0, 0, 26.70%, 0, 0, 5, 293.59, 1682632, 558, 0, 0
6624, 40, 156, 374, 0, 0, 26.70%, 0, 0, 5, 292.08, 1683805, 558, 0, 0
6629, 40, 202, 374, 0, 0, 26.70%, 0, 0, 5, 275.09, 1685092, 558, 0, 0
6634, 40, 82, 374, 0, 0, 26.70%, 0, 0, 5, 280.99, 1686372, 558, 0, 0
6639, 40, 161, 374, 0, 0, 26.70%, 0, 0, 5, 285.04, 1687682, 558, 0, 0
6644, 40, 226, 374, 0, 0, 26.70%, 0, 0, 5, 273.72, 1688897, 558, 0, 0
6649, 40, 12, 374, 0, 0, 26.70%, 0, 0, 5, 287.17, 1690202, 558, 0, 0
6654, 40, 227, 374, 0, 0, 26.70%, 0, 0, 5, 267.88, 1691502, 558, 0, 0
6659, 40, 95, 374, 0, 0, 26.70%, 0, 0, 5, 297.99, 1692797, 558, 0, 0
6664, 40, 355, 374, 0, 0, 26.70%, 0, 0, 5, 256.02, 1693992, 558, 0, 0
6670, 40, 287, 374, 0, 0, 26.70%, 0, 0, 5, 278.80, 1695277, 558, 0, 0
6675, 40, 95, 374, 0, 0, 26.70%, 0, 0, 5, 270.44, 1696587, 558, 0, 0
6680, 40, 82, 374, 0, 0, 26.70%, 0, 0, 5, 293.53, 1697786, 558, 0, 0
6685, 40, 369, 374, 0, 0, 26.70%, 0, 0, 5, 271.52, 1699067, 558, 0, 0
6690, 40, 99, 374, 0, 0, 26.70%, 0, 0, 5, 263.28, 1700387, 558, 0, 0
6695, 40, 345, 374, 0, 0, 26.70%, 0, 0, 5, 285.88, 1701637, 558, 0, 0
6700, 40, 82, 374, 0, 0, 26.70%, 0, 0, 5, 277.23, 1702848, 558, 0, 0
6705, 40, 353, 374, 0, 0, 26.70%, 0, 0, 5, 293.01, 1704167, 558, 0, 0
6711, 40, 2, 374, 0, 0, 26.70%, 0, 0, 5, 271.85, 1705446, 558, 0, 0
6716, 40, 5, 374, 0, 0, 26.70%, 0, 0, 5, 280.64, 1706737, 558, 0, 0
6721, 40, 106, 374, 0, 0, 26.70%, 0, 0, 5, 298.25, 1707972, 558, 0, 0
6726, 40, 355, 374, 0, 0, 26.70%, 0, 0, 5, 280.16, 1709262, 558, 0, 0
6731, 40, 76, 374, 0, 0, 26.70%, 0, 0, 5, 286.49, 1710542, 558, 0, 0
6736, 40, 199, 374, 0, 0, 26.70%, 0, 0, 5, 37.74, 1711802, 558, 0, 0
6741, 40, 75, 374, 0, 0, 26.70%, 0, 0, 5, 292.07, 1713077, 558, 0, 0
6746, 40, 99, 374, 0, 0, 26.70%, 0, 0, 5, 275.75, 1714357, 558, 0, 0
6751, 40, 55, 374, 0, 0, 26.70%, 0, 0, 5, 301.10, 1715650, 558, 0, 0
6757, 40, 287, 374, 0, 0, 26.70%, 0, 0, 5, 271.38, 1716922, 558, 0, 0
6762, 40, 309, 374, 0, 0, 26.70%, 0, 0, 5, 298.32, 1718097, 558, 0, 0
6767, 40, 55, 374, 0, 0, 26.70%, 0, 0, 5, 291.17, 1719402, 558, 0, 0
6772, 40, 204, 374, 0, 0, 26.70%, 0, 0, 5, 292.62, 1720662, 558, 0, 0
6777, 40, 176, 374, 0, 0, 26.70%, 0, 0, 5, 35.59, 1721857, 558, 0, 0
6782, 41, 76, 374, 0, 0, 26.70%, 0, 0, 5, 274.64, 1723127, 558, 0, 0
6787, 41, 336, 374, 0, 0, 26.70%, 0, 0, 5, 258.87, 1724377, 558, 0, 0
6792, 41, 202, 374, 0, 0, 26.70%, 0, 0, 5, 285.54, 1725692, 558, 0, 0
6797, 41, 94, 374, 0, 0, 26.70%, 0, 0, 5, 40.65, 1726917, 558, 0, 0
6802, 41, 112, 374, 0, 0, 26.70%, 0, 0, 5, 294.80, 1728192, 558, 0, 0
6808, 41, 287, 374, 0, 0, 26.70%, 0, 0, 5, 302.37, 1729515, 558, 0, 0
6813, 41, 285, 374, 0, 0, 26.70%, 0, 0, 5, 291.27, 1730697, 558, 0, 0
6818, 41, 318, 374, 0, 0, 26.70%, 0, 0, 5, 285.10, 1731992, 558, 0, 0
6823, 41, 2, 374, 0, 0, 26.70%, 0, 0, 5, 267.76, 1733197, 558, 0, 0
6828, 41, 82, 374, 0, 0, 26.70%, 0, 0, 5, 48.31, 1734467, 558, 0, 0
6833, 41, 156, 374, 0, 0, 26.70%, 0, 0, 5, 277.90, 1735762, 558, 0, 0
6838, 41, 2, 374, 0, 0, 26.70%, 0, 0, 5, 293.53, 1736976, 558, 0, 0
6843, 41, 128, 374, 0, 0, 26.70%, 0, 0, 5, 289.22, 1738247, 558, 0, 0
6848, 41, 52, 374, 0, 0, 26.70%, 0, 0, 5, 297.12, 1739422, 558, 0, 0
6854, 41, 219, 374, 0, 0, 26.70%, 0, 0, 5, 32.57, 1740687, 558, 0, 0
6859, 41, 129, 374, 0, 0, 26.70%, 0, 0, 5, 298.71, 1742042, 558, 0, 0
6864, 41, 75, 374, 0, 0, 26.70%, 0, 0, 5, 43.99, 1743267, 558, 0, 0
6869, 41, 354, 374, 0, 0, 26.70%, 0, 0, 5, 258.20, 1744552, 558, 0, 0
6874, 41, 6, 374, 0, 0, 26.70%, 0, 0, 5, 298.62, 1745857, 558, 0, 0
6879, 41, 142, 374, 0, 0, 26.70%, 0, 0, 5, 296.32, 1747127, 558, 0, 0
6885, 41, 164, 374, 0, 0, 26.70%, 0, 0, 5, 294.76, 1748442, 558, 0, 0
6890, 41, 202, 374, 0, 0, 26.70%, 0, 0, 5, 298.51, 1749652, 558, 0, 0
6895, 41, 129, 374, 0, 0, 26.70%, 0, 0, 5, 242.81, 1750979, 558, 0, 0
6900, 41, 2, 374, 0, 0, 26.70%, 0, 0, 5, 284.75, 1752257, 558, 0, 0
6905, 41, 99, 374, 0, 0, 26.70%, 0, 0, 5, 284.73, 1753537, 558, 0, 0
6910, 41, 191, 374, 0, 0, 26.70%, 0, 0, 5, 267.50, 1754787, 558, 0, 0
6915, 41, 50, 374, 0, 0, 26.70%, 0, 0, 5, 265.67, 1756117, 558, 0, 0
6920, 41, 336, 374, 0, 0, 26.70%, 0, 0, 5, 300.00, 1757443, 558, 0, 0
6925, 41, 227, 374, 0, 0, 26.70%, 0, 0, 5, 243.44, 1758596, 558, 0, 0
6930, 41, 287, 374, 0, 0, 26.70%, 0, 0, 5, 290.53, 1759867, 558, 0, 0
6936, 41, 75, 374, 0, 0, 26.70%, 0, 0, 5, 294.24, 1761197, 558, 0, 0
6941, 42, 285, 374, 0, 0, 26.70%, 0, 0, 5, 292.48, 1762482, 558, 0, 0
6946, 42, 341, 374, 0, 0, 26.70%, 0, 0, 5, 281.39, 1763722, 558, 0, 0
6951, 42, 285, 374, 0, 0, 26.70%, 0, 0, 5, 300.17, 1764962, 558, 0, 0
6956, 42, 164, 374, 0, 0, 26.70%, 0, 0, 5, 256.79, 1766242, 558, 0, 0
6961, 42, 50, 374, 0, 0, 26.70%, 0, 0, 5, 302.57, 1767558, 558, 0, 0
6966, 42, 373, 374, 0, 0, 26.70%, 0, 0, 5, 278.56, 1768737, 558, 0, 0
6971, 42, 5, 374, 0, 0, 26.70%, 0, 0, 5, 303.09, 1770026, 558, 0, 0
6976, 42, 106, 374, 0, 0, 26.70%, 0, 0, 5, 275.46, 1771327, 558, 0, 0
6982, 42, 341, 374, 0, 0, 26.70%, 0, 0, 5, 293.04, 1772647, 558, 0, 0
6987, 42, 50, 374, 0, 0, 26.70%, 0, 0, 5, 300.35, 1773878, 558, 0, 0
6992, 42, 285, 374, 0, 0, 26.70%, 0, 0, 5, 281.78, 1775222, 558, 0, 0
6997, 42, 353, 374, 0, 0, 26.70%, 0, 0, 5, 299.52, 1776510, 558, 0, 0
7002, 42, 82, 374, 0, 0, 26.70%, 0, 0, 5, 282.59, 1777717, 558, 0, 0
7007, 42, 99, 374, 0, 0, 26.70%, 0, 0, 5, 298.33, 1779012, 558, 0, 0
7012, 42, 285, 374, 0, 0, 26.70%, 0, 0, 5, 294.08, 1780297, 558, 0, 0
7017, 42, 285, 374, 0, 0, 26.70%, 0, 0, 5, 275.71, 1781592, 558, 0, 0
7022, 42, 241, 374, 0, 0, 26.70%, 0, 0, 5, 37.21, 1782788, 558, 0, 0
7027, 42, 290, 374, 0, 0, 26.70%, 0, 0, 5, 308.30, 1784071, 558, 0, 0
7032, 42, 285, 374, 0, 0, 26.70%, 0, 0, 5, 297.34, 1785367, 558, 0, 0
7038, 42, 124, 374, 0, 0, 26.70%, 0, 0, 5, 280.26, 1786637, 558, 0, 0
7043, 42, 355, 374, 0, 0, 26.70%, 0, 0, 5, 297.03, 1787827, 558, 0, 0
7048, 42, 329, 374, 0, 0, 26.70%, 0, 0, 5, 113.95, 1789170, 558, 0, 0
7053, 42, 76, 374, 0, 0, 26.70%, 0, 0, 5, 303.52, 1790456, 558, 0, 0
7058, 42, 176, 374, 0, 0, 26.70%, 0, 0, 5, 221.28, 1791746, 558, 0, 0
7063, 42, 355, 374, 0, 0, 26.70%, 0, 0, 5, 288.33, 1792977, 558, 0, 0
7068, 42, 50, 374, 0, 0, 26.70%, 0, 0, 5, 293.92, 1794282, 558, 0, 0
7073, 42, 2, 374, 0, 0, 26.70%, 0, 0, 5, 254.50, 1795617, 558, 0, 0
7079, 42, 227, 374, 0, 0, 26.70%, 0, 0, 5, 280.65, 1796952, 558, 0, 0
7084, 42, 336, 374, 0, 0, 26.70%, 0, 0, 5, 41.84, 1798112, 558, 0, 0
7089, 42, 303, 374, 0, 0, 26.70%, 0, 0, 5, 263.08, 1799437, 558, 0, 0
7094, 42, 355, 374, 0, 0, 26.70%, 0, 0, 5, 297.14, 1800767, 558, 0, 0
7099, 43, 213, 374, 0, 0, 26.70%, 0, 0, 5, 293.65, 1802092, 558, 0, 0
7104, 43, 76, 374, 0, 0, 26.70%, 0, 0, 5, 45.87, 1803297, 558, 0, 0
7109, 43, 120, 374, 0, 0, 26.70%, 0, 0, 5, 262.52, 1804592, 558, 0, 0
7114, 43, 176, 374, 0, 0, 26.70%, 0, 0, 5, 293.51, 1805882, 558, 0, 0
7119, 43, 133, 374, 0, 0, 26.70%, 0, 0, 5, 296.59, 1807187, 558, 0, 0
7125, 43, 75, 374, 0, 0, 26.70%, 0, 0, 5, 293.53, 1808361, 558, 0, 0
7130, 43, 164, 374, 0, 0, 26.70%, 0, 0, 5, 295.83, 1809657, 558, 0, 0
7135, 43, 191, 374, 0, 0, 26.70%, 0, 0, 5, 297.90, 1810972, 558, 0, 0
7140, 43, 111, 374, 0, 0, 26.70%, 0, 0, 5, 282.19, 1812237, 558, 0, 0
7145, 43, 202, 374, 0, 0, 26.70%, 0, 0, 5, 292.26, 1813497, 558, 0, 0
7150, 43, 355, 374, 0, 0, 26.70%, 0, 0, 5, 298.01, 1814842, 558, 0, 0
7155, 43, 354, 374, 0, 0, 26.70%, 0, 0, 5, 280.77, 1816087, 558, 0, 0
7161, 43, 176, 374, 0, 0, 26.70%, 0, 0, 5, 297.03, 1817342, 558, 0, 0
7166, 43, 336, 374, 0, 0, 26.70%, 0, 0, 5, 206.98, 1818654, 558, 0, 0
7171, 43, 213, 374, 0, 0, 26.70%, 0, 0, 5, 291.43, 1819982, 558, 0, 0
7176, 43, 50, 374, 0, 0, 26.70%, 0, 0, 5, 282.45, 1821252, 558, 0, 0
7181, 43, 2, 374, 0, 0, 26.70%, 0, 0, 5, 36.10, 1822482, 558, 0, 0
7186, 43, 191, 374, 0, 0, 26.70%, 0, 0, 5, 297.54, 1823772, 558, 0, 0
7191, 43, 287, 374, 0, 0, 26.70%, 0, 0, 5, 286.09, 1825067, 558, 0, 0
7197, 43, 112, 374, 0, 0, 26.70%, 0, 0, 5, 296.76, 1826237, 558, 0, 0
7202, 43, 133, 374, 0, 0, 26.70%, 0, 0, 5, 279.46, 1827542, 558, 0, 0
7207, 43, 329, 374, 0, 0, 26.70%, 0, 0, 5, 292.85, 1828752, 558, 0, 0
7212, 43, 211, 374, 0, 0, 26.70%, 0, 0, 5, 31.43, 1829957, 558, 0, 0
7217, 43, 2, 374, 0, 0, 26.70%, 0, 0, 5, 262.18, 1831187, 558, 0, 0
7222, 43, 202, 374, 0, 0, 26.70%, 0, 0, 5, 288.56, 1832365, 558, 0, 0
7227, 43, 82, 374, 0, 0, 26.70%, 0, 0, 5, 288.01, 1833657, 558, 0, 0
7232, 43, 120, 374, 0, 0, 26.70%, 0, 0, 5, 291.55, 1834842, 558, 0, 0
7237, 43, 50, 374, 0, 0, 26.70%, 0, 0, 5, 293.16, 1836092, 558, 0, 0
7243, 43, 82, 374, 0, 0, 26.70%, 0, 0, 5, 299.07, 1837397, 558, 0, 0
7248, 43, 191, 374, 0, 0, 26.70%, 0, 0, 5, 274.82, 1838572, 558, 0, 0
7253, 43, 129, 374, 0, 0, 26.70%, 0, 0, 5, 296.10, 1839867, 558, 0, 0
7258, 44, 346, 374, 0, 0, 26.70%, 0, 0, 5, 270.82, 1841167, 558, 0, 0
7263, 44, 82, 374, 0, 0, 26.70%, 0, 0, 5, 292.47, 1842413, 558, 0, 0
7268, 44, 355, 374, 0, 0, 26.70%, 0, 0, 5, 104.47, 1843666, 558, 0, 0
7273, 44, 76, 374, 0, 0, 26.70%, 0, 0, 5, 299.33, 1844942, 558, 0, 0
7278, 44, 336, 374, 0, 0, 26.70%, 0, 0, 5, 287.95, 1846172, 558, 0, 0
7283, 44, 129, 374, 0, 0, 26.70%, 0, 0, 5, 297.03, 1847367, 558, 0, 0
7288, 44, 227, 374, 0, 0, 26.70%, 0, 0, 5, 281.98, 1848627, 558, 0, 0
7293, 44, 204, 374, 0, 0, 26.70%, 0, 0, 5, 298.51, 1849757, 558, 0, 0
7298, 44, 76, 374, 0, 0, 26.70%, 0, 0, 5, 295.76, 1851017, 558, 0, 0
7304, 44, 99, 374, 0, 0, 26.70%, 0, 0, 5, 297.42, 1852221, 558, 0, 0
7309, 44, 119, 374, 0, 0, 26.70%, 0, 0, 5, 282.06, 1853532, 558, 0, 0
7314, 44, 50, 374, 0, 0, 26.70%, 0, 0, 5, 296.85, 1854732, 558, 0, 0
7319, 44, 75, 374, 0, 0, 26.70%, 0, 0, 5, 261.32, 1855942, 558, 0, 0
7324, 44, 50, 374, 0, 0, 26.70%, 0, 0, 5, 290.72, 1857252, 558, 0, 0
7329, 44, 161, 374, 0, 0, 26.70%, 0, 0, 5, 273.68, 1858487, 558, 0, 0
7335, 44, 44, 374, 0, 0, 26.70%, 0, 0, 5, 248.01, 1859787, 558, 0, 0
7340, 44, 99, 374, 0, 0, 26.70%, 0, 0, 5, 259.15, 1861097, 558, 0, 0
7345, 44, 272, 374, 0, 0, 26.70%, 0, 0, 5, 244.34, 1862357, 558, 0, 0
7350, 44, 156, 374, 0, 0, 26.70%, 0, 0, 5, 279.70, 1863567, 558, 0, 0
7355, 44, 213, 374, 0, 0, 26.70%, 0, 0, 5, 283.32, 1864892, 558, 0, 0
7360, 44, 355, 374, 0, 0, 26.70%, 0, 0, 5, 43.67, 1866088, 558, 0, 0
7365, 44, 329, 374, 0, 0, 26.70%, 0, 0, 5, 299.57, 1867382, 558, 0, 0
7370, 44, 2, 374, 0, 0, 26.70%, 0, 0, 5, 251.79, 1868690, 558, 0, 0
7376, 44, 2, 374, 0, 0, 26.70%, 0, 0, 5, 298.62, 1869997, 558, 0, 0
7381, 44, 266, 374, 0, 0, 26.70%, 0, 0, 5, 301.98, 1871163, 558, 0, 0
7386, 44, 309, 374, 0, 0, 26.70%, 0, 0, 5, 294.06, 1872452, 558, 0, 0
7391, 44, 354, 374, 0, 0, 26.70%, 0, 0, 5, 267.58, 1873757, 558, 0, 0
7396, 44, 176, 374, 0, 0, 26.70%, 0, 0, 5, 298.94, 1875007, 558, 0, 0
7401, 44, 227, 374, 0, 0, 26.70%, 0, 0, 5, 264.95, 1876237, 558, 0, 0
7406, 44, 202, 374, 0, 0, 26.70%, 0, 0, 5, 157.90, 1877553, 558, 0, 0
7411, 44, 341, 374, 0, 0, 26.70%, 0, 0, 5, 31.25, 1878787, 558, 0, 0
7416, 44, 75, 374, 0, 0, 26.70%, 0, 0, 5, 250.94, 1880078, 558, 0, 0
7421, 45, 2, 374, 0, 0, 26.70%, 0, 0, 5, 284.24, 1881352, 558, 0, 0
7426, 45, 355, 374, 0, 0, 26.70%, 0, 0, 5, 293.10, 1882637, 558, 0, 0
7431, 45, 68, 374, 0, 0, 26.70%, 0, 0, 5, 275.00, 1883912, 558, 0, 0
7437, 45, 142, 374, 0, 0, 26.70%, 0, 0, 5, 296.59, 1885227, 558, 0, 0
7442, 45, 176, 374, 0, 0, 26.70%, 0, 0, 5, 281.42, 1886527, 558, 0, 0
7447, 45, 355, 374, 0, 0, 26.70%, 0, 0, 5, 290.32, 1887782, 558, 0, 0
7452, 45, 90, 374, 0, 0, 26.70%, 0, 0, 5, 237.66, 1889061, 558, 0, 0
7457, 45, 248, 374, 0, 0, 26.70%, 0, 0, 5, 261.61, 1890362, 558, 0, 0
7462, 45, 263, 374, 0, 0, 26.70%, 0, 0, 5, 40.65, 1891562, 558, 0, 0
7467, 45, 229, 374, 0, 0, 26.70%, 0, 0, 5, 298.35, 1892832, 558, 0, 0
7472, 45, 111, 374, 0, 0, 26.70%, 0, 0, 5, 295.90, 1894157, 558, 0, 0
7478, 45, 309, 374, 0, 0, 26.70%, 0, 0, 5, 298.01, 1895467, 558, 0, 0
7483, 45, 309, 374, 0, 0, 26.70%, 0, 0, 5, 233.95, 1896644, 558, 0, 0
7488, 45, 336, 374, 0, 0, 26.70%, 0, 0, 5, 252.93, 1897976, 558, 0, 0
7493, 45, 99, 374, 0, 0, 26.70%, 0, 0, 5, 259.20, 1899252, 558, 0, 0
7498, 45, 55, 374, 0, 0, 26.70%, 0, 0, 5, 298.41, 1900502, 558, 0, 0
7503, 45, 341, 374, 0, 0, 26.70%, 0, 0, 5, 302.46, 1901820, 558, 0, 0
7508, 45, 2, 374, 0, 0, 26.70%, 0, 0, 5, 288.56, 1903050, 558, 0, 0
7513, 45, 166, 374, 0, 0, 26.70%, 0, 0, 5, 189.81, 1904347, 558, 0, 0
7519, 45, 82, 374, 0, 0, 26.70%, 0, 0, 5, 297.52, 1905646, 558, 0, 0
7524, 45, 354, 374, 0, 0, 26.70%, 0, 0, 5, 287.55, 1906827, 558, 0, 0
7529, 45, 106, 374, 0, 0, 26.70%, 0, 0, 5, 289.97, 1908121, 558, 0, 0
7534, 45, 44, 374, 0, 0, 26.70%, 0, 0, 5, 31.25, 1909382, 558, 0, 0
7539, 45, 95, 374, 0, 0, 26.70%, 0, 0, 5, 297.47, 1910647, 558, 0, 0
7544, 45, 156, 374, 0, 0, 26.70%, 0, 0, 5, 299.94, 1911928, 558, 0, 0
7549, 45, 353, 374, 0, 0, 26.70%, 0, 0, 5, 256.19, 1913132, 558, 0, 0
7554, 45, 44, 374, 0, 0, 26.70%, 0, 0, 5, 303.05, 1914400, 558, 0, 0
7559, 45, 55, 374, 0, 0, 26.70%, 0, 0, 5, 288.56, 1915610, 558, 0, 0
7565, 45, 236, 374, 0, 0, 26.70%, 0, 0, 5, 287.50, 1916932, 558, 0, 0
7570, 45, 76, 374, 0, 0, 26.70%, 0, 0, 5, 295.57, 1918137, 558, 0, 0
7575, 45, 76, 374, 0, 0, 26.70%, 0, 0, 5, 278.31, 1919447, 558, 0, 0
7580, 46, 336, 374, 0, 0, 26.70%, 0, 0, 5, 31.62, 1920652, 558, 0, 0
7585, 46, 5, 374, 0, 0, 26.70%, 0, 0, 5, 292.11, 1921917, 558, 0, 0
7590, 46, 106, 374, 0, 0, 26.70%, 0, 0, 5, 271.83, 1923117, 558, 0, 0
7595, 46, 285, 374, 0, 0, 26.70%, 0, 0, 5, 296.82, 1924467, 558, 0, 0
7600, 46, 354, 374, 0, 0, 26.70%, 0, 0, 5, 297.22, 1925657, 558, 0, 0
7605, 46, 142, 374, 0, 0, 26.70%, 0, 0, 5, 276.11, 1926917, 558, 0, 0
7611, 46, 129, 374, 0, 0, 26.70%, 0, 0, 5, 222.65, 1928115, 558, 0, 0
7616, 46, 2, 374, 0, 0, 26.70%, 0, 0, 5, 253.81, 1929382, 558, 0, 0
7621, 46, 247, 374, 0, 0, 26.70%, 0, 0, 5, 160.00, 1930662, 558, 0, 0
7626, 46, 196, 374, 0, 0, 26.70%, 0, 0, 5, 298.89, 1931957, 558, 0, 0
7631, 46, 133, 374, 0, 0, 26.70%, 0, 0, 5, 296.68, 1933247, 558, 0, 0
7636, 46, 355, 374, 0, 0, 26.70%, 0, 0, 5, 34.97, 1934457, 558, 0, 0
7641, 46, 168, 374, 0, 0, 26.70%, 0, 0, 5, 292.49, 1935732, 558, 0, 0
7646, 46, 355, 374, 0, 0, 26.70%, 0, 0, 5, 291.78, 1937052, 558, 0, 0
7651, 46, 106, 374, 0, 0, 26.70%, 0, 0, 5, 43.86, 1938217, 558, 0, 0
7657, 46, 95, 374, 0, 0, 26.70%, 0, 0, 5, 275.20, 1939512, 558, 0, 0
7662, 46, 156, 374, 0, 0, 26.70%, 0, 0, 5, 298.83, 1940807, 558, 0, 0
7667, 46, 142, 374, 0, 0, 26.70%, 0, 0, 5, 262.17, 1942010, 558, 0, 0
7672, 46, 341, 374, 0, 0, 26.70%, 0, 0, 5, 295.87, 1943295, 558, 0, 0
7677, 46, 96, 374, 0, 0, 26.70%, 0, 0, 5, 291.99, 1944573, 558, 0, 0
7682, 46, 95, 374, 0, 0, 26.70%, 0, 0, 5, 293.24, 1945810, 558, 0, 0
7687, 46, 164, 374, 0, 0, 26.70%, 0, 0, 5, 287.92, 1947052, 558, 0, 0
7692, 46, 354, 374, 0, 0, 26.70%, 0, 0, 5, 272.84, 1948397, 558, 0, 0
7697, 46, 142, 374, 0, 0, 26.70%, 0, 0, 5, 295.00, 1949591, 558, 0, 0
7702, 46, 75, 374, 0, 0, 26.70%, 0, 0, 5, 272.96, 1950877, 558, 0, 0
7708, 46, 82, 374, 0, 0, 26.70%, 0, 0, 5, 145.98, 1952067, 558, 0, 0
7713, 46, 316, 374, 0, 0, 26.70%, 0, 0, 5, 280.39, 1953363, 558, 0, 0
7718, 46, 355, 374, 0, 0, 26.70%, 0, 0, 5, 289.06, 1954593, 558, 0, 0
7723, 46, 191, 374, 0, 0, 26.70%, 0, 0, 5, 277.87, 1955888, 558, 0, 0
7728, 46, 99, 374, 0, 0, 26.70%, 0, 0, 5, 273.52, 1957068, 558, 0, 0
7733, 46, 355, 374, 0, 0, 26.70%, 0, 0, 5, 257.60, 1958348, 558, 0, 0
7738, 46, 307, 374, 0, 0, 26.70%, 0, 0, 5, 37.59, 1959553, 558, 0, 0
7743, 47, 232, 374, 0, 0, 26.70%, 0, 0, 5, 272.94, 1960778, 558, 0, 0
7748, 47, 50, 374, 0, 0, 26.70%, 0, 0, 5, 266.04, 1962083, 558, 0, 0
7753, 47, 99, 374, 0, 0, 26.70%, 0, 0, 5, 289.74, 1963303, 558, 0, 0
7758, 47, 31, 374, 0, 0, 26.70%, 0, 0, 5, 302.77, 1964533, 558, 0, 0
7763, 47, 99, 374, 0, 0, 26.70%, 0, 0, 5, 266.71, 1965758, 558, 0, 0
7769, 47, 161, 374, 0, 0, 26.70%, 0, 0, 5, 290.89, 1966948, 558, 0, 0
7774, 47, 341, 374, 0, 0, 26.70%, 0, 0, 5, 289.95, 1968203, 558, 0, 0
7779, 47, 225, 374, 0, 0, 26.70%, 0, 0, 5, 289.23, 1969383, 558, 0, 0
7784, 47, 242, 374, 0, 0, 26.70%, 0, 0, 5, 285.99, 1970643, 558, 0, 0
7789, 47, 142, 374, 0, 0, 26.70%, 0, 0, 5, 291.87, 1971868, 558, 0, 0
7794, 47, 213, 374, 0, 0, 26.70%, 0, 0, 5, 290.64, 1973077, 558, 0, 0
7799, 47, 133, 374, 0, 0, 26.70%, 0, 0, 5, 266.01, 1974353, 558, 0, 0
7804, 47, 55, 374, 0, 0, 26.70%, 0, 0, 5, 282.23, 1975538, 558, 0, 0
7809, 47, 191, 374, 0, 0, 26.70%, 0, 0, 5, 285.58, 1976748, 558, 0, 0
7814, 47, 213, 374, 0, 0, 26.70%, 0, 0, 5, 299.76, 1978057, 558, 0, 0
7819, 47, 202, 374, 0, 0, 26.70%, 0, 0, 5, 39.68, 1979218, 558, 0, 0
7824, 47, 55, 374, 0, 0, 26.70%, 0, 0, 5, 175.10, 1980491, 558, 0, 0
7829, 47, 2, 374, 0, 0, 26.70%, 0, 0, 5, 292.40, 1981763, 558, 0, 0
7835, 47, 8, 374, 0, 0, 26.70%, 0, 0, 5, 294.90, 1983048, 558, 0, 0
7840, 47, 309, 374, 0, 0, 26.70%, 0, 0, 5, 259.44, 1984222, 558, 0, 0
7845, 47, 329, 374, 0, 0, 26.70%, 0, 0, 5, 291.00, 1985503, 558, 0, 0
7850, 47, 355, 374, 0, 0, 26.70%, 0, 0, 5, 268.01, 1986813, 558, 0, 0
7855, 47, 355, 374, 0, 0, 26.70%, 0, 0, 5, 285.79, 1988128, 558, 0, 0
7860, 47, 156, 374, 0, 0, 26.70%, 0, 0, 5, 56.47, 1989320, 558, 0, 0
7865, 47, 318, 374, 0, 0, 26.70%, 0, 0, 5, 276.60, 1990623, 558, 0, 0
7870, 47, 106, 374, 0, 0, 26.70%, 0, 0, 5, 289.70, 1991933, 558, 0, 0
7876, 47, 82, 374, 0, 0, 26.70%, 0, 0, 5, 257.74, 1993223, 558, 0, 0
7881, 47, 69, 374, 0, 0, 26.70%, 0, 0, 5, 259.31, 1994433, 558, 0, 0
7886, 47, 341, 374, 0, 0, 26.70%, 0, 0, 5, 261.58, 1995728, 558, 0, 0
7891, 47, 129, 374, 0, 0, 26.70%, 0, 0, 5, 291.78, 1997043, 558, 0, 0
7896, 47, 133, 374, 0, 0, 26.70%, 0, 0, 5, 46.30, 1998253, 558, 0, 0
7901, 47, 5, 374, 0, 0, 26.70%, 0, 0, 5, 297.93, 1999518, 558, 0, 0
7906, 48, 354, 374, 0, 0, 26.70%, 0, 0, 5, 298.86, 2000793, 558, 0, 0
7911, 48, 350, 374, 0, 0, 26.70%, 0, 0, 5, 292.23, 2002098, 558, 0, 0
7916, 48, 50, 374, 0, 0, 26.70%, 0, 0, 5, 298.51, 2003278, 558, 0, 0
7921, 48, 190, 374, 0, 0, 26.70%, 0, 0, 5, 293.65, 2004533, 558, 0, 0
7926, 48, 203, 374, 0, 0, 26.70%, 0, 0, 5, 289.15, 2005803, 558, 0, 0
7931, 48, 99, 374, 0, 0, 26.70%, 0, 0, 5, 284.80, 2007093, 558, 0, 0
7937, 48, 129, 374, 0, 0, 26.70%, 0, 0, 5, 222.41, 2008336, 558, 0, 0
7942, 48, 156, 374, 0, 0, 26.70%, 0, 0, 5, 219.15, 2009620, 558, 0, 0
7947, 48, 329, 374, 0, 0, 26.70%, 0, 0, 5, 297.99, 2010933, 558, 0, 0
7952, 48, 25, 374, 0, 0, 26.70%, 0, 0, 5, 41.32, 2012133, 558, 0, 0
7957, 48, 99, 374, 0, 0, 26.70%, 0, 0, 5, 294.07, 2013413, 558, 0, 0
7962, 48, 200, 374, 0, 0, 26.70%, 0, 0, 5, 277.87, 2014693, 558, 0, 0
7967, 48, 202, 374, 0, 0, 26.70%, 0, 0, 5, 274.12, 2015993, 558, 0, 0
7972, 48, 184, 374, 0, 0, 26.70%, 0, 0, 5, 35.34, 2017183, 558, 0, 0
7977, 48, 133, 374, 0, 0, 26.70%, 0, 0, 5, 277.65, 2018493, 558, 0, 0
7982, 48, 242, 374, 0, 0, 26.70%, 0, 0, 5, 291.82, 2019788, 558, 0, 0
7987, 48, 129, 374, 0, 0, 26.70%, 0, 0, 5, 298.62, 2021068, 558, 0, 0
7993, 48, 99, 374, 0, 0, 26.70%, 0, 0, 5, 32.89, 2022253, 558, 0, 0
7998, 48, 222, 374, 0, 0, 26.70%, 0, 0, 5, 307.03, 2023522, 558, 0, 0
8003, 48, 196, 374, 0, 0, 26.70%, 0, 0, 5, 247.41, 2024805, 558, 0, 0
8008, 48, 248, 374, 0, 0, 26.70%, 0, 0, 5, 291.74, 2026098, 558, 0, 0
8013, 48, 5, 374, 0, 0, 26.70%, 0, 0, 5, 51.93, 2027265, 558, 0, 0
8018, 48, 76, 374, 0, 0, 26.70%, 0, 0, 5, 296.19, 2028583, 558, 0, 0
8023, 48, 164, 374, 0, 0, 26.70%, 0, 0, 5, 297.80, 2029913, 558, 0, 0
8028, 48, 200, 374, 0, 0, 26.70%, 0, 0, 5, 285.80, 2031096, 558, 0, 0
8033, 48, 373, 374, 0, 0, 26.70%, 0, 0, 5, 247.48, 2032339, 558, 0, 0
8038, 48, 349, 374, 0, 0, 26.70%, 0, 0, 5, 258.38, 2033648, 558, 0, 0
8044, 48, 50, 374, 0, 0, 26.70%, 0, 0, 5, 294.56, 2034933, 558, 0, 0
8049, 48, 142, 374, 0, 0, 26.70%, 0, 0, 5, 297.03, 2036118, 558, 0, 0
8054, 48, 164, 374, 0, 0, 26.70%, 0, 0, 5, 285.50, 2037408, 558, 0, 0
8059, 48, 129, 374, 0, 0, 26.70%, 0, 0, 5, 299.97, 2038727, 558, 0, 0
8064, 49, 37, 374, 0, 0, 26.70%, 0, 0, 5, 292.97, 2040013, 558, 0, 0
8069, 49, 121, 374, 0, 0, 26.70%, 0, 0, 5, 31.25, 2041223, 558, 0, 0
8074, 49, 287, 374, 0, 0, 26.70%, 0, 0, 5, 284.88, 2042503, 558, 0, 0
8079, 49, 142, 374, 0, 0, 26.70%, 0, 0, 5, 296.85, 2043763, 558, 0, 0
8085, 49, 95, 374, 0, 0, 26.70%, 0, 0, 5, 273.10, 2045083, 558, 0, 0
8090, 49, 82, 374, 0, 0, 26.70%, 0, 0, 5, 277.08, 2046393, 558, 0, 0
8095, 49, 354, 374, 0, 0, 26.70%, 0, 0, 5, 292.51, 2047603, 558, 0, 0
8100, 49, 156, 374, 0, 0, 26.70%, 0, 0, 5, 275.52, 2048953, 558, 0, 0
8105, 49, 50, 374, 0, 0, 26.70%, 0, 0, 5, 291.05, 2050233, 558, 0, 0
8110, 49, 361, 374, 0, 0, 26.70%, 0, 0, 5, 300.00, 2051443, 558, 0, 0
8115, 49, 47, 374, 0, 0, 26.70%, 0, 0, 5, 274.59, 2052708, 558, 0, 0
8120, 49, 99, 374, 0, 0, 26.70%, 0, 0, 5, 300.36, 2054032, 558, 0, 0
8125, 49, 76, 374, 0, 0, 26.70%, 0, 0, 5, 270.32, 2055168, 558, 0, 0
8131, 49, 285, 374, 0, 0, 26.70%, 0, 0, 5, 208.88, 2056477, 558, 0, 0
8136, 49, 354, 374, 0, 0, 26.70%, 0, 0, 5, 281.14, 2057748, 558, 0, 0
8141, 49, 164, 374, 0, 0, 26.70%, 0, 0, 5, 296.62, 2059043, 558, 0, 0
8146, 49, 2, 374, 0, 0, 26.70%, 0, 0, 5, 295.00, 2060252, 558, 0, 0
8151, 49, 311, 374, 0, 0, 26.70%, 0, 0, 5, 269.81, 2061543, 558, 0, 0
8156, 49, 99, 374, 0, 0, 26.70%, 0, 0, 5, 30.77, 2062753, 558, 0, 0
8161, 49, 354, 374, 0, 0, 26.70%, 0, 0, 5, 225.28, 2064030, 558, 0, 0
8166, 49, 285, 374, 0, 0, 26.70%, 0, 0, 5, 296.94, 2065343, 558, 0, 0
8172, 49, 44, 374, 0, 0, 26.70%, 0, 0, 5, 274.45, 2066538, 558, 0, 0
8177, 49, 211, 374, 0, 0, 26.70%, 0, 0, 5, 265.00, 2067843, 558, 0, 0
8182, 49, 166, 374, 0, 0, 26.70%, 0, 0, 5, 298.16, 2069153, 558, 0, 0
8187, 49, 328, 374, 0, 0, 26.70%, 0, 0, 5, 32.65, 2070363, 558, 0, 0
8192, 49, 106, 374, 0, 0, 26.70%, 0, 0, 5, 288.23, 2071653, 558, 0, 0
8197, 49, 85, 374, 0, 0, 26.70%, 0, 0, 5, 277.89, 2072963, 558, 0, 0
8202, 49, 76, 374, 0, 0, 26.70%, 0, 0, 5, 274.42, 2074128, 558, 0, 0
8207, 49, 118, 374, 0, 0, 26.70%, 0, 0, 5, 299.57, 2075423, 558, 0, 0
8213, 49, 2, 374, 0, 0, 26.70%, 0, 0, 5, 290.00, 2076621, 558, 0, 0
8218, 49, 355, 374, 0, 0, 26.70%, 0, 0, 5, 293.22, 2077933, 558, 0, 0
8223, 50, 336, 374, 0, 0, 26.70%, 0, 0, 5, 289.78, 2079223, 558, 0, 0
8228, 50, 95, 374, 0, 0, 26.70%, 0, 0, 5, 300.00, 2080423, 558, 0, 0
8233, 50, 144, 374, 0, 0, 26.70%, 0, 0, 5, 278.59, 2081693, 558, 0, 0
8238, 50, 142, 374, 0, 0, 26.70%, 0, 0, 5, 297.16, 2083018, 558, 0, 0
8243, 50, 287, 374, 0, 0, 26.70%, 0, 0, 5, 283.26, 2084293, 558, 0, 0
8248, 50, 75, 374, 0, 0, 26.70%, 0, 0, 5, 279.48, 2085533, 558, 0, 0
8253, 50, 142, 374, 0, 0, 26.70%, 0, 0, 5, 296.34, 2086828, 558, 0, 0
8258, 50, 106, 374, 0, 0, 26.70%, 0, 0, 5, 53.92, 2088008, 558, 0, 0
8264, 50, 158, 374, 0, 0, 26.70%, 0, 0, 5, 260.23, 2089303, 558, 0, 0
8269, 50, 202, 374, 0, 0, 26.70%, 0, 0, 5, 303.64, 2090626, 558, 0, 0
8274, 50, 156, 374, 0, 0, 26.70%, 0, 0, 5, 34.01, 2091848, 558, 0, 0
8279, 50, 75, 374, 0, 0, 26.70%, 0, 0, 5, 275.21, 2093113, 558, 0, 0
8284, 50, 216, 374, 0, 0, 26.70%, 0, 0, 5, 274.02, 2094353, 558, 0, 0
8289, 50, 287, 374, 0, 0, 26.70%, 0, 0, 5, 282.97, 2095663, 558, 0, 0
8294, 50, 112, 374, 0, 0, 26.70%, 0, 0, 5, 31.06, 2096883, 558, 0, 0
8300, 50, 129, 374, 0, 0, 26.70%, 0, 0, 5, 273.87, 2098172, 558, 0, 0
8305, 50, 222, 374, 0, 0, 26.70%, 0, 0, 5, 288.78, 2099518, 558, 0, 0
8310, 50, 285, 374, 0, 0, 26.70%, 0, 0, 5, 297.95, 2100803, 558, 0, 0
8315, 50, 355, 374, 0, 0, 26.70%, 0, 0, 5, 282.55, 2102068, 558, 0, 0
8320, 50, 164, 374, 0, 0, 26.70%, 0, 0, 5, 290.15, 2103313, 558, 0, 0
8325, 50, 44, 374, 0, 0, 26.70%, 0, 0, 5, 204.54, 2104629, 558, 0, 0
8330, 50, 109, 374, 0, 0, 26.70%, 0, 0, 5, 296.23, 2105908, 558, 0, 0
8335, 50, 355, 374, 0, 0, 26.70%, 0, 0, 5, 297.36, 2107188, 558, 0, 0
8340, 50, 44, 374, 0, 0, 26.70%, 0, 0, 5, 298.82, 2108478, 558, 0, 0
8346, 50, 76, 374, 0, 0, 26.70%, 0, 0, 5, 297.03, 2109673, 558, 0, 0
8351, 50, 75, 374, 0, 0, 26.70%, 0, 0, 5, 283.17, 2110997, 558, 0, 0
8356, 50, 364, 374, 0, 0, 26.70%, 0, 0, 5, 136.93, 2112298, 558, 0, 0
8361, 50, 309, 374, 0, 0, 26.70%, 0, 0, 5, 283.10, 2113568, 558, 0, 0
8366, 50, 75, 374, 0, 0, 26.70%, 0, 0, 5, 35.21, 2114793, 558, 0, 0
8371, 50, 354, 374, 0, 0, 26.70%, 0, 0, 5, 295.06, 2116108, 558, 0, 0
8376, 50, 341, 374, 0, 0, 26.70%, 0, 0, 5, 305.32, 2117408, 558, 0, 0
8381, 51, 194, 374, 0, 0, 26.70%, 0, 0, 5, 287.17, 2118693, 558, 0, 0
8387, 51, 5, 374, 0, 0, 26.70%, 0, 0, 5, 261.98, 2119898, 558, 0, 0
8392, 51, 199, 374, 0, 0, 26.70%, 0, 0, 5, 305.13, 2121219, 558, 0, 0
8397, 51, 354, 374, 0, 0, 26.70%, 0, 0, 5, 294.62, 2122533, 558, 0, 0
8402, 51, 198, 374, 0, 0, 26.70%, 0, 0, 5, 299.39, 2123808, 558, 0, 0
8407, 51, 166, 374, 0, 0, 26.70%, 0, 0, 5, 273.30, 2124978, 558, 0, 0
8412, 51, 285, 374, 0, 0, 26.70%, 0, 0, 5, 298.65, 2126288, 558, 0, 0
8417, 51, 106, 374, 0, 0, 26.70%, 0, 0, 5, 272.15, 2127583, 558, 0, 0
8422, 51, 200, 374, 0, 0, 26.70%, 0, 0, 5, 295.00, 2128827, 558, 0, 0
8427, 51, 50, 374, 0, 0, 26.70%, 0, 0, 5, 295.99, 2130133, 558, 0, 0
8433, 51, 44, 374, 0, 0, 26.70%, 0, 0, 5, 139.22, 2131412, 558, 0, 0
8438, 51, 336, 374, 0, 0, 26.70%, 0, 0, 5, 38.83, 2132615, 558, 0, 0
8443, 51, 227, 374, 0, 0, 26.70%, 0, 0, 5, 230.21, 2133922, 558, 0, 0
8448, 51, 176, 374, 0, 0, 26.70%, 0, 0, 5, 266.07, 2135223, 558, 0, 0
8453, 51, 287, 374, 0, 0, 26.70%, 0, 0, 5, 260.01, 2136523, 558, 0, 0
8458, 51, 227, 374, 0, 0, 26.70%, 0, 0, 5, 31.55, 2137773, 558, 0, 0
8464, 51, 373, 374, 0, 0, 26.70%, 0, 0, 5, 189.78, 2139077, 558, 0, 0
8469, 51, 2, 374, 0, 0, 26.70%, 0, 0, 5, 296.33, 2140378, 558, 0, 0
8474, 51, 111, 374, 0, 0, 26.70%, 0, 0, 5, 295.98, 2141678, 558, 0, 0
8479, 51, 99, 374, 0, 0, 26.70%, 0, 0, 5, 287.86, 2142963, 558, 0, 0
8484, 51, 111, 374, 0, 0, 26.70%, 0, 0, 5, 300.39, 2144182, 558, 0, 0
8489, 51, 354, 374, 0, 0, 26.70%, 0, 0, 5, 296.77, 2145458, 558, 0, 0
8494, 51, 354, 374, 0, 0, 26.70%, 0, 0, 5, 294.80, 2146773, 558, 0, 0
8499, 51, 129, 374, 0, 0, 26.70%, 0, 0, 5, 31.35, 2147973, 558, 0, 0
8504, 51, 329, 374, 0, 0, 26.70%, 0, 0, 5, 300.94, 2149294, 558, 0, 0
8509, 51, 227, 374, 0, 0, 26.70%, 0, 0, 5, 299.27, 2150576, 558, 0, 0
8514, 51, 67, 374, 0, 0, 26.70%, 0, 0, 5, 294.09, 2151848, 558, 0, 0
8519, 51, 202, 374, 0, 0, 26.70%, 0, 0, 5, 35.59, 2153023, 558, 0, 0
8525, 51, 99, 374, 0, 0, 26.70%, 0, 0, 5, 198.89, 2154323, 558, 0, 0
8530, 51, 341, 374, 0, 0, 26.70%, 0, 0, 5, 236.57, 2155628, 558, 0, 0
8535, 51, 191, 374, 0, 0, 26.70%, 0, 0, 5, 266.67, 2156923, 558, 0, 0
8540, 52, 156, 374, 0, 0, 26.70%, 0, 0, 5, 291.53, 2158223, 558, 0, 0
8545, 52, 106, 374, 0, 0, 26.70%, 0, 0, 5, 43.10, 2159428, 558, 0, 0
8550, 52, 347, 374, 0, 0, 26.70%, 0, 0, 5, 294.52, 2160733, 558, 0, 0
8555, 52, 285, 374, 0, 0, 26.70%, 0, 0, 5, 252.90, 2162062, 558, 0, 0
8561, 52, 164, 374, 0, 0, 26.70%, 0, 0, 5, 51.64, 2163258, 558, 0, 0
8566, 52, 287, 374, 0, 0, 26.70%, 0, 0, 5, 295.23, 2164573, 558, 0, 0
8571, 52, 133, 374, 0, 0, 26.70%, 0, 0, 5, 278.61, 2165863, 558, 0, 0
8576, 52, 156, 374, 0, 0, 26.70%, 0, 0, 5, 288.39, 2167173, 558, 0, 0
8581, 52, 355, 374, 0, 0, 26.70%, 0, 0, 5, 35.71, 2168423, 558, 0, 0
8586, 52, 202, 374, 0, 0, 26.70%, 0, 0, 5, 293.43, 2169708, 558, 0, 0
8591, 52, 176, 374, 0, 0, 26.70%, 0, 0, 5, 277.39, 2170983, 558, 0, 0
8596, 52, 6, 374, 0, 0, 26.70%, 0, 0, 5, 306.11, 2172297, 558, 0, 0
8602, 52, 216, 374, 0, 0, 26.70%, 0, 0, 5, 292.08, 2173497, 558, 0, 0
8607, 52, 142, 374, 0, 0, 26.70%, 0, 0, 5, 291.08, 2174793, 558, 0, 0
8612, 52, 92, 374, 0, 0, 26.70%, 0, 0, 5, 130.76, 2176126, 558, 0, 0
8617, 52, 191, 374, 0, 0, 26.70%, 0, 0, 5, 293.77, 2177403, 558, 0, 0
8622, 52, 355, 374, 0, 0, 26.70%, 0, 0, 5, 44.25, 2178633, 558, 0, 0
8627, 52, 133, 374, 0, 0, 26.70%, 0, 0, 5, 274.59, 2179948, 558, 0, 0
8632, 52, 287, 374, 0, 0, 26.70%, 0, 0, 5, 295.86, 2181197, 558, 0, 0
8638, 52, 44, 374, 0, 0, 26.70%, 0, 0, 5, 293.59, 2182493, 558, 0, 0
8643, 52, 345, 374, 0, 0, 26.70%, 0, 0, 5, 293.53, 2183662, 558, 0, 0
8648, 52, 99, 374, 0, 0, 26.70%, 0, 0, 5, 296.64, 2184972, 558, 0, 0
8653, 52, 285, 374, 0, 0, 26.70%, 0, 0, 5, 272.23, 2186243, 558, 0, 0
8658, 52, 213, 374, 0, 0, 26.70%, 0, 0, 5, 299.68, 2187513, 558, 0, 0
8663, 52, 82, 374, 0, 0, 26.70%, 0, 0, 5, 283.34, 2188773, 558, 0, 0
8668, 52, 215, 374, 0, 0, 26.70%, 0, 0, 5, 284.59, 2189993, 558, 0, 0
8673, 52, 133, 374, 0, 0, 26.70%, 0, 0, 5, 298.27, 2191263, 558, 0, 0
8678, 52, 99, 374, 0, 0, 26.70%, 0, 0, 5, 34.59, 2192483, 558, 0, 0
8683, 52, 106, 374, 0, 0, 26.70%, 0, 0, 5, 243.16, 2193781, 558, 0, 0
8688, 52, 106, 374, 0, 0, 26.70%, 0, 0, 5, 31.37, 2194993, 558, 0, 0
8694, 52, 354, 374, 0, 0, 26.70%, 0, 0, 5, 237.63, 2196232, 558, 0, 0
8699, 53, 50, 374, 0, 0, 26.70%, 0, 0, 5, 282.44, 2197633, 558, 0, 0
8704, 53, 191, 374, 0, 0, 26.70%, 0, 0, 5, 295.00, 2198802, 558, 0, 0
8709, 53, 335, 374, 0, 0, 26.70%, 0, 0, 5, 268.16, 2200133, 558, 0, 0
8714, 53, 129, 374, 0, 0, 26.70%, 0, 0, 5, 294.22, 2201443, 558, 0, 0
8719, 53, 287, 374, 0, 0, 26.70%, 0, 0, 5, 279.69, 2202643, 558, 0, 0
8724, 53, 126, 374, 0, 0, 26.70%, 0, 0, 5, 31.15, 2203843, 558, 0, 0
8729, 53, 142, 374, 0, 0, 26.70%, 0, 0, 5, 275.59, 2205113, 558, 0, 0
8734, 53, 186, 374, 0, 0, 26.70%, 0, 0, 5, 284.32, 2206353, 558, 0, 0
8739, 53, 111, 374, 0, 0, 26.70%, 0, 0, 5, 293.52, 2207623, 558, 0, 0
8745, 53, 236, 374, 0, 0, 26.70%, 0, 0, 5, 271.02, 2208938, 558, 0, 0
8750, 53, 176, 374, 0, 0, 26.70%, 0, 0, 5, 294.50, 2210248, 558, 0, 0
8755, 53, 44, 374, 0, 0, 26.70%, 0, 0, 5, 279.97, 2211458, 558, 0, 0
8760, 53, 164, 374, 0, 0, 26.70%, 0, 0, 5, 292.50, 2212773, 558, 0, 0
8765, 53, 202, 374, 0, 0, 26.70%, 0, 0, 5, 268.50, 2214018, 558, 0, 0
8770, 53, 314, 374, 0, 0, 26.70%, 0, 0, 5, 52.34, 2215218, 558, 0, 0
8775, 53, 336, 374, 0, 0, 26.70%, 0, 0, 5, 262.31, 2216503, 558, 0, 0
8780, 53, 129, 374, 0, 0, 26.70%, 0, 0, 5, 40.65, 2217653, 558, 0, 0
8786, 53, 227, 374, 0, 0, 26.70%, 0, 0, 5, 267.23, 2218978, 558, 0, 0
8791, 53, 355, 374, 0, 0, 26.70%, 0, 0, 5, 220.37, 2220276, 558, 0, 0
8796, 53, 372, 374, 0, 0, 26.70%, 0, 0, 5, 272.20, 2221473, 558, 0, 0
8801, 53, 111, 374, 0, 0, 26.70%, 0, 0, 5, 297.14, 2222743, 558, 0, 0
8806, 53, 287, 374, 0, 0, 26.70%, 0, 0, 5, 270.41, 2223973, 558, 0, 0
8811, 53, 111, 374, 0, 0, 26.70%, 0, 0, 5, 292.65, 2225203, 558, 0, 0
8816, 53, 95, 374, 0, 0, 26.70%, 0, 0, 5, 292.51, 2226503, 558, 0, 0
8821, 53, 164, 374, 0, 0, 26.70%, 0, 0, 5, 291.20, 2227793, 558, 0, 0
8826, 53, 329, 374, 0, 0, 26.70%, 0, 0, 5, 39.68, 2228993, 558, 0, 0
8832, 53, 285, 374, 0, 0, 26.70%, 0, 0, 5, 299.70, 2230295, 558, 0, 0
8837, 53, 156, 374, 0, 0, 26.70%, 0, 0, 5, 282.06, 2231608, 558, 0, 0
8842, 53, 129, 374, 0, 0, 26.70%, 0, 0, 5, 287.61, 2232918, 558, 0, 0
8847, 53, 111, 374, 0, 0, 26.70%, 0, 0, 5, 290.84, 2234122, 558, 0, 0
8852, 53, 191, 374, 0, 0, 26.70%, 0, 0, 5, 297.99, 2235453, 558, 0, 0
8857, 53, 355, 374, 0, 0, 26.70%, 0, 0, 5, 284.67, 2236698, 558, 0, 0
8862, 54, 55, 374, 0, 0, 26.70%, 0, 0, 5, 164.26, 2237947, 558, 0, 0
8867, 54, 248, 374, 0, 0, 26.70%, 0, 0, 5, 296.01, 2239203, 558, 0, 0
8873, 54, 329, 374, 0, 0, 26.70%, 0, 0, 5, 34.72, 2240443, 558, 0, 0
8878, 54, 329, 374, 0, 0, 26.70%, 0, 0, 5, 292.39, 2241723, 558, 0, 0
8883, 54, 82, 374, 0, 0, 26.70%, 0, 0, 5, 269.59, 2243048, 558, 0, 0
8888, 54, 75, 374, 0, 0, 26.70%, 0, 0, 5, 255.62, 2244263, 558, 0, 0
8893, 54, 95, 374, 0, 0, 26.70%, 0, 0, 5, 294.13, 2245503, 558, 0, 0
8898, 54, 309, 374, 0, 0, 26.70%, 0, 0, 5, 294.94, 2246803, 558, 0, 0
8903, 54, 95, 374, 0, 0, 26.70%, 0, 0, 5, 45.05, 2248018, 558, 0, 0
8909, 54, 285, 374, 0, 0, 26.70%, 0, 0, 5, 285.52, 2249333, 558, 0, 0
8914, 54, 285, 374, 0, 0, 26.70%, 0, 0, 5, 281.40, 2250603, 558, 0, 0
8919, 54, 99, 374, 0, 0, 26.70%, 0, 0, 5, 291.31, 2251933, 558, 0, 0
8924, 54, 174, 374, 0, 0, 26.70%, 0, 0, 5, 305.00, 2253164, 558, 0, 0
8929, 54, 329, 374, 0, 0, 26.70%, 0, 0, 5, 280.93, 2254433, 558, 0, 0
8934, 54, 129, 374, 0, 0, 26.70%, 0, 0, 5, 267.38, 2255708, 558, 0, 0
8939, 54, 282, 374, 0, 0, 26.70%, 0, 0, 5, 264.79, 2256908, 558, 0, 0
8945, 54, 95, 374, 0, 0, 26.70%, 0, 0, 5, 297.78, 2258238, 558, 0, 0
8950, 54, 156, 374, 0, 0, 26.70%, 0, 0, 5, 299.87, 2259558, 558, 0, 0
8955, 54, 303, 374, 0, 0, 26.70%, 0, 0, 5, 293.96, 2260893, 558, 0, 0
8960, 54, 156, 374, 0, 0, 26.70%, 0, 0, 5, 286.76, 2262133, 558, 0, 0
8965, 54, 50, 374, 0, 0, 26.70%, 0, 0, 5, 266.51, 2263363, 558, 0, 0
8970, 54, 8, 374, 0, 0, 26.70%, 0, 0, 5, 293.12, 2264643, 558, 0, 0
8975, 54, 7, 374, 0, 0, 26.70%, 0, 0, 5, 298.43, 2265978, 558, 0, 0
8981, 54, 213, 374, 0, 0, 26.70%, 0, 0, 5, 42.25, 2267197, 558, 0, 0
8986, 54, 353, 374, 0, 0, 26.70%, 0, 0, 5, 295.25, 2268513, 558, 0, 0
8991, 54, 75, 374, 0, 0, 26.70%, 0, 0, 5, 293.98, 2269823, 558, 0, 0
8996, 54, 227, 374, 0, 0, 26.70%, 0, 0, 5, 290.05, 2271068, 558, 0, 0
9001, 54, 99, 374, 0, 0, 26.70%, 0, 0, 5, 295.31, 2272272, 558, 0, 0
9006, 54, 339, 374, 0, 0, 26.70%, 0, 0, 5, 297.37, 2273548, 558, 0, 0
9011, 54, 248, 374, 0, 0, 26.70%, 0, 0, 5, 293.01, 2274838, 558, 0, 0
9016, 54, 213, 374, 0, 0, 26.70%, 0, 0, 5, 295.57, 2276054, 558, 0, 0
9021, 55, 111, 374, 0, 0, 26.70%, 0, 0, 5, 280.25, 2277378, 558, 0, 0
9026, 55, 259, 374, 0, 0, 26.70%, 0, 0, 5, 290.59, 2278673, 558, 0, 0
9032, 55, 31, 374, 0, 0, 26.70%, 0, 0, 5, 37.88, 2279898, 558, 0, 0
9037, 55, 191, 374, 0, 0, 26.70%, 0, 0, 5, 42.30, 2281136, 558, 0, 0
9042, 55, 80, 374, 0, 0, 26.70%, 0, 0, 5, 284.61, 2282423, 558, 0, 0
9047, 55, 355, 374, 0, 0, 26.70%, 0, 0, 5, 299.97, 2283705, 558, 0, 0
9052, 55, 156, 374, 0, 0, 26.70%, 0, 0, 5, 30.96, 2284948, 558, 0, 0
9057, 55, 75, 374, 0, 0, 26.70%, 0, 0, 5, 297.01, 2286233, 558, 0, 0
9062, 55, 183, 374, 0, 0, 26.70%, 0, 0, 5, 299.55, 2287563, 558, 0, 0
9068, 55, 45, 374, 0, 0, 26.70%, 0, 0, 5, 243.24, 2288740, 558, 0, 0
9073, 55, 76, 374, 0, 0, 26.70%, 0, 0, 5, 278.07, 2290022, 558, 0, 0
9078, 55, 158, 374, 0, 0, 26.70%, 0, 0, 5, 227.28, 2291351, 558, 0, 0
9083, 55, 106, 374, 0, 0, 26.70%, 0, 0, 5, 299.72, 2292553, 558, 0, 0
9088, 55, 191, 374, 0, 0, 26.70%, 0, 0, 5, 288.61, 2293863, 558, 0, 0
9093, 55, 176, 374, 0, 0, 26.70%, 0, 0, 5, 294.36, 2295178, 558, 0, 0
9098, 55, 353, 374, 0, 0, 26.70%, 0, 0, 5, 36.23, 2296353, 558, 0, 0
9103, 55, 50, 374, 0, 0, 26.70%, 0, 0, 5, 291.09, 2297663, 558, 0, 0
9108, 55, 329, 374, 0, 0, 26.70%, 0, 0, 5, 256.64, 2298893, 558, 0, 0
9114, 55, 341, 374, 0, 0, 26.70%, 0, 0, 5, 279.11, 2300228, 558, 0, 0
9119, 55, 354, 374, 0, 0, 26.70%, 0, 0, 5, 292.15, 2301443, 558, 0, 0
9124, 55, 90, 374, 0, 0, 26.70%, 0, 0, 5, 245.47, 2302740, 558, 0, 0
9129, 55, 355, 374, 0, 0, 26.70%, 0, 0, 5, 253.36, 2304028, 558, 0, 0
9134, 55, 202, 374, 0, 0, 26.70%, 0, 0, 5, 277.11, 2305298, 558, 0, 0
9139, 55, 336, 374, 0, 0, 26.70%, 0, 0, 5, 295.97, 2306628, 558, 0, 0
9145, 55, 73, 374, 0, 0, 26.70%, 0, 0, 5, 261.24, 2307883, 558, 0, 0
9150, 55, 26, 374, 0, 0, 26.70%, 0, 0, 5, 290.68, 2309163, 558, 0, 0
9155, 55, 149, 374, 0, 0, 26.70%, 0, 0, 5, 294.20, 2310383, 558, 0, 0
9160, 55, 309, 374, 0, 0, 26.70%, 0, 0, 5, 226.55, 2311642, 558, 0, 0
9165, 55, 82, 374, 0, 0, 26.70%, 0, 0, 5, 274.93, 2312888, 558, 0, 0
9170, 55, 222, 374, 0, 0, 26.70%, 0, 0, 5, 223.48, 2314197, 558, 0, 0
9175, 55, 353, 374, 0, 0, 26.70%, 0, 0, 5, 279.47, 2315513, 558, 0, 0
9180, 55, 149, 374, 0, 0, 26.70%, 0, 0, 5, 302.22, 2316763, 558, 0, 0
9186, 56, 95, 374, 0, 0, 26.70%, 0, 0, 5, 296.76, 2317983, 558, 0, 0
9191, 56, 341, 374, 0, 0, 26.70%, 0, 0, 5, 292.06, 2319273, 558, 0, 0
9196, 56, 87, 374, 0, 0, 26.70%, 0, 0, 5, 282.11, 2320558, 558, 0, 0
9201, 56, 336, 374, 0, 0, 26.70%, 0, 0, 5, 207.37, 2321828, 558, 0, 0
9206, 56, 227, 374, 0, 0, 26.70%, 0, 0, 5, 294.83, 2323123, 558, 0, 0
9211, 56, 227, 374, 0, 0, 26.70%, 0, 0, 5, 287.13, 2324276, 558, 0, 0
9217, 56, 354, 374, 0, 0, 26.70%, 0, 0, 5, 300.22, 2325578, 558, 0, 0
9222, 56, 111, 374, 0, 0, 26.70%, 0, 0, 5, 34.97, 2326788, 558, 0, 0
9227, 56, 50, 374, 0, 0, 26.70%, 0, 0, 5, 297.31, 2328098, 558, 0, 0
9232, 56, 222, 374, 0, 0, 26.70%, 0, 0, 5, 247.54, 2329390, 558, 0, 0
9237, 56, 191, 374, 0, 0, 26.70%, 0, 0, 5, 293.53, 2330587, 558, 0, 0
9242, 56, 91, 374, 0, 0, 26.70%, 0, 0, 5, 274.76, 2331908, 558, 0, 0
9247, 56, 50, 374, 0, 0, 26.70%, 0, 0, 5, 297.21, 2333203, 558, 0, 0
9252, 56, 287, 374, 0, 0, 26.70%, 0, 0, 5, 287.13, 2334431, 558, 0, 0
9257, 56, 71, 374, 0, 0, 26.70%, 0, 0, 5, 292.02, 2335703, 558, 0, 0
9262, 56, 127, 374, 0, 0, 26.70%, 0, 0, 5, 270.19, 2336963, 558, 0, 0
9267, 56, 354, 374, 0, 0, 26.70%, 0, 0, 5, 48.54, 2338143, 558, 0, 0
9273, 56, 82, 374, 0, 0, 26.70%, 0, 0, 5, 295.75, 2339453, 558, 0, 0
9278, 56, 213, 374, 0, 0, 26.70%, 0, 0, 5, 296.75, 2340738, 558, 0, 0
9283, 56, 111, 374, 0, 0, 26.70%, 0, 0, 5, 291.75, 2342048, 558, 0, 0
9288, 56, 182, 374, 0, 0, 26.70%, 0, 0, 5, 267.86, 2343228, 558, 0, 0
9293, 56, 191, 374, 0, 0, 26.70%, 0, 0, 5, 250.83, 2344488, 558, 0, 0
9298, 56, 355, 374, 0, 0, 26.70%, 0, 0, 5, 278.50, 2345773, 558, 0, 0
9303, 56, 2, 374, 0, 0, 26.70%, 0, 0, 5, 285.57, 2347058, 558, 0, 0
9308, 56, 222, 374, 0, 0, 26.70%, 0, 0, 5, 252.40, 2348328, 558, 0, 0
9314, 56, 285, 374, 0, 0, 26.70%, 0, 0, 5, 288.30, 2349638, 558, 0, 0
9319, 56, 203, 374, 0, 0, 26.70%, 0, 0, 5, 249.14, 2350963, 558, 0, 0
9324, 56, 117, 374, 0, 0, 26.70%, 0, 0, 5, 262.08, 2352223, 558, 0, 0
9329, 56, 354, 374, 0, 0, 26.70%, 0, 0, 5, 292.35, 2353463, 558, 0, 0
9334, 56, 99, 374, 0, 0, 26.70%, 0, 0, 5, 282.42, 2354728, 558, 0, 0
9339, 56, 156, 374, 0, 0, 26.70%, 0, 0, 5, 298.07, 2356018, 558, 0, 0
9344, 57, 222, 374, 0, 0, 26.70%, 0, 0, 5, 294.96, 2357313, 558, 0, 0
9350, 57, 87, 374, 0, 0, 26.70%, 0, 0, 5, 295.00, 2358532, 558, 0, 0
9355, 57, 106, 374, 0, 0, 26.70%, 0, 0, 5, 275.06, 2359848, 558, 0, 0
9360, 57, 354, 374, 0, 0, 26.70%, 0, 0, 5, 304.15, 2361134, 558, 0, 0
9365, 57, 354, 374, 0, 0, 26.70%, 0, 0, 5, 262.78, 2362328, 558, 0, 0
9370, 57, 44, 374, 0, 0, 26.70%, 0, 0, 5, 287.14, 2363583, 558, 0, 0
9375, 57, 222, 374, 0, 0, 26.70%, 0, 0, 5, 295.63, 2364878, 558, 0, 0
9380, 57, 83, 374, 0, 0, 26.70%, 0, 0, 5, 31.65, 2366098, 558, 0, 0
9385, 57, 50, 374, 0, 0, 26.70%, 0, 0, 5, 295.38, 2367383, 558, 0, 0
9390, 57, 164, 374, 0, 0, 26.70%, 0, 0, 5, 290.60, 2368688, 558, 0, 0
9396, 57, 88, 374, 0, 0, 26.70%, 0, 0, 5, 195.00, 2369862, 558, 0, 0
9401, 57, 76, 374, 0, 0, 26.70%, 0, 0, 5, 244.60, 2371165, 558, 0, 0
9406, 57, 106, 374, 0, 0, 26.70%, 0, 0, 5, 293.54, 2372453, 558, 0, 0
9411, 57, 213, 374, 0, 0, 26.70%, 0, 0, 5, 250.26, 2373663, 558, 0, 0
9416, 57, 76, 374, 0, 0, 26.70%, 0, 0, 5, 277.37, 2374923, 558, 0, 0
9421, 57, 285, 374, 0, 0, 26.70%, 0, 0, 5, 293.31, 2376243, 558, 0, 0
9426, 57, 176, 374, 0, 0, 26.70%, 0, 0, 5, 43.38, 2377428, 558, 0, 0
9431, 57, 156, 374, 0, 0, 26.70%, 0, 0, 5, 292.35, 2378758, 558, 0, 0
9437, 57, 245, 374, 0, 0, 26.70%, 0, 0, 5, 291.01, 2380038, 558, 0, 0
9442, 57, 266, 374, 0, 0, 26.70%, 0, 0, 5, 300.00, 2381205, 558, 0, 0
9447, 57, 106, 374, 0, 0, 26.70%, 0, 0, 5, 277.85, 2382518, 558, 0, 0
9452, 57, 341, 374, 0, 0, 26.70%, 0, 0, 5, 44.44, 2383795, 558, 0, 0
9457, 57, 314, 374, 0, 0, 26.70%, 0, 0, 5, 288.70, 2385063, 558, 0, 0
9462, 57, 227, 374, 0, 0, 26.70%, 0, 0, 5, 282.24, 2386322, 558, 0, 0
9467, 57, 191, 374, 0, 0, 26.70%, 0, 0, 5, 39.22, 2387498, 558, 0, 0
9472, 57, 294, 374, 0, 0, 26.70%, 0, 0, 5, 236.26, 2388815, 558, 0, 0
9477, 57, 202, 374, 0, 0, 26.70%, 0, 0, 5, 245.94, 2390126, 558, 0, 0
9483, 57, 287, 374, 0, 0, 26.70%, 0, 0, 5, 293.00, 2391343, 558, 0, 0
9488, 57, 248, 374, 0, 0, 26.70%, 0, 0, 5, 293.08, 2392613, 558, 0, 0
9493, 57, 148, 374, 0, 0, 26.70%, 0, 0, 5, 290.05, 2393888, 558, 0, 0
9498, 57, 44, 374, 0, 0, 26.70%, 0, 0, 5, 290.60, 2395133, 558, 0, 0
9503, 57, 111, 374, 0, 0, 26.70%, 0, 0, 5, 289.60, 2396388, 558, 0, 0
9508, 58, 219, 374, 0, 0, 26.70%, 0, 0, 5, 194.78, 2397659, 558, 0, 0
9513, 58, 191, 374, 0, 0, 26.70%, 0, 0, 5, 234.72, 2398895, 558, 0, 0
9518, 58, 60, 374, 0, 0, 26.70%, 0, 0, 5, 276.26, 2400223, 558, 0, 0
9524, 58, 117, 374, 0, 0, 26.70%, 0, 0, 5, 31.55, 2401458, 558, 0, 0
9529, 58, 202, 374, 0, 0, 26.70%, 0, 0, 5, 269.96, 2402738, 558, 0, 0
9534, 58, 191, 374, 0, 0, 26.70%, 0, 0, 5, 290.21, 2404008, 558, 0, 0
9539, 58, 148, 374, 0, 0, 26.70%, 0, 0, 5, 289.22, 2405268, 558, 0, 0
9544, 58, 75, 374, 0, 0, 26.70%, 0, 0, 5, 290.05, 2406483, 558, 0, 0
9549, 58, 329, 374, 0, 0, 26.70%, 0, 0, 5, 300.79, 2407746, 558, 0, 0
9554, 58, 76, 374, 0, 0, 26.70%, 0, 0, 5, 57.69, 2409022, 558, 0, 0
9559, 58, 285, 374, 0, 0, 26.70%, 0, 0, 5, 292.15, 2410278, 558, 0, 0
9565, 58, 341, 374, 0, 0, 26.70%, 0, 0, 5, 294.48, 2411598, 558, 0, 0
9570, 58, 202, 374, 0, 0, 26.70%, 0, 0, 5, 54.74, 2412828, 558, 0, 0
9575, 58, 277, 374, 0, 0, 26.70%, 0, 0, 5, 298.42, 2414073, 558, 0, 0
9580, 58, 191, 374, 0, 0, 26.70%, 0, 0, 5, 293.66, 2415368, 558, 0, 0
9585, 58, 76, 374, 0, 0, 26.70%, 0, 0, 5, 281.02, 2416653, 558, 0, 0
9590, 58, 133, 374, 0, 0, 26.70%, 0, 0, 5, 31.37, 2417816, 558, 0, 0
9595, 58, 182, 374, 0, 0, 26.70%, 0, 0, 5, 300.80, 2419119, 558, 0, 0
9600, 58, 354, 374, 0, 0, 26.70%, 0, 0, 5, 38.79, 2420288, 558, 0, 0
9605, 58, 213, 374, 0, 0, 26.70%, 0, 0, 5, 290.28, 2421553, 558, 0, 0
9610, 58, 341, 374, 0, 0, 26.70%, 0, 0, 5, 31.87, 2422737, 558, 0, 0
9615, 58, 227, 374, 0, 0, 26.70%, 0, 0, 5, 296.55, 2424013, 558, 0, 0
9620, 58, 354, 374, 0, 0, 26.70%, 0, 0, 5, 297.02, 2425293, 558, 0, 0
9626, 58, 244, 374, 0, 0, 26.70%, 0, 0, 5, 195.87, 2426460, 558, 0, 0
9631, 58, 166, 374, 0, 0, 26.70%, 0, 0, 5, 253.52, 2427743, 558, 0, 0
9636, 58, 91, 374, 0, 0, 26.70%, 0, 0, 5, 293.54, 2428993, 558, 0, 0
9641, 58, 202, 374, 0, 0, 26.70%, 0, 0, 5, 297.63, 2430193, 558, 0, 0
9646, 58, 336, 374, 0, 0, 26.70%, 0, 0, 5, 288.43, 2431428, 558, 0, 0
9651, 58, 355, 374, 0, 0, 26.70%, 0, 0, 5, 300.40, 2432649, 558, 0, 0
9656, 58, 99, 374, 0, 0, 26.70%, 0, 0, 5, 288.89, 2433828, 558, 0, 0
9661, 58, 354, 374, 0, 0, 26.70%, 0, 0, 5, 301.00, 2435027, 558, 0, 0
9666, 59, 166, 374, 0, 0, 26.70%, 0, 0, 5, 35.71, 2436217, 558, 0, 0
9671, 59, 133, 374, 0, 0, 26.70%, 0, 0, 5, 295.99, 2437468, 558, 0, 0
9676, 59, 366, 374, 0, 0, 26.70%, 0, 0, 5, 293.88, 2438678, 558, 0, 0
9682, 59, 12, 374, 0, 0, 26.70%, 0, 0, 5, 290.30, 2439983, 558, 0, 0
9687, 59, 95, 374, 0, 0, 26.70%, 0, 0, 5, 242.75, 2441131, 558, 0, 0
9692, 59, 95, 374, 0, 0, 26.70%, 0, 0, 5, 231.88, 2442422, 558, 0, 0
9697, 59, 75, 374, 0, 0, 26.70%, 0, 0, 5, 287.52, 2443638, 558, 0, 0
9702, 59, 129, 374, 0, 0, 26.70%, 0, 0, 5, 278.17, 2444893, 558, 0, 0
9707, 59, 191, 374, 0, 0, 26.70%, 0, 0, 5, 271.12, 2446098, 558, 0, 0
9712, 59, 303, 374, 0, 0, 26.70%, 0, 0, 5, 294.09, 2447383, 558, 0, 0
9717, 59, 95, 374, 0, 0, 26.70%, 0, 0, 5, 31.25, 2448573, 558, 0, 0
9722, 59, 2, 374, 0, 0, 26.70%, 0, 0, 5, 279.80, 2449883, 558, 0, 0
9727, 59, 133, 374, 0, 0, 26.70%, 0, 0, 5, 263.86, 2451158, 558, 0, 0
9732, 59, 176, 374, 0, 0, 26.70%, 0, 0, 5, 31.50, 2452330, 558, 0, 0
9737, 59, 326, 374, 0, 0, 26.70%, 0, 0, 5, 267.41, 2453613, 558, 0, 0
9743, 59, 111, 374, 0, 0, 26.70%, 0, 0, 5, 297.03, 2454928, 558, 0, 0
9748, 59, 211, 374, 0, 0, 26.70%, 0, 0, 5, 282.50, 2456243, 558, 0, 0
9753, 59, 176, 374, 0, 0, 26.70%, 0, 0, 5, 283.98, 2457543, 558, 0, 0
9758, 59, 304, 374, 0, 0, 26.70%, 0, 0, 5, 287.64, 2458728, 558, 0, 0
9763, 59, 156, 374, 0, 0, 26.70%, 0, 0, 5, 292.16, 2460038, 558, 0, 0
9768, 59, 187, 374, 0, 0, 26.70%, 0, 0, 5, 296.81, 2461308, 558, 0, 0
9773, 59, 115, 374, 0, 0, 26.70%, 0, 0, 5, 292.96, 2462635, 558, 0, 0
9778, 59, 133, 374, 0, 0, 26.70%, 0, 0, 5, 298.51, 2463863, 558, 0, 0
9784, 59, 222, 374, 0, 0, 26.70%, 0, 0, 5, 277.75, 2465163, 558, 0, 0
9789, 59, 353, 374, 0, 0, 26.70%, 0, 0, 5, 294.42, 2466488, 558, 0, 0
9794, 59, 162, 374, 0, 0, 26.70%, 0, 0, 5, 279.63, 2467768, 558, 0, 0
9799, 59, 32, 374, 0, 0, 26.70%, 0, 0, 5, 299.91, 2468966, 558, 0, 0
9804, 59, 2, 374, 0, 0, 26.70%, 0, 0, 5, 269.01, 2470258, 558, 0, 0
9809, 59, 99, 374, 0, 0, 26.70%, 0, 0, 5, 303.36, 2471547, 558, 0, 0
9814, 59, 372, 374, 0, 0, 26.70%, 0, 0, 5, 282.97, 2472803, 558, 0, 0
9819, 59, 222, 374, 0, 0, 26.70%, 0, 0, 5, 40.16, 2474028, 558, 0, 0
9824, 59, 56, 374, 0, 0, 26.70%, 0, 0, 5, 297.67, 2475343, 558, 0, 0
9829, 60, 285, 374, 0, 0, 26.70%, 0, 0, 5, 300.09, 2476622, 558, 0, 0
9835, 60, 158, 374, 0, 0, 26.70%, 0, 0, 5, 49.02, 2477818, 558, 0, 0
9840, 60, 92, 374, 0, 0, 26.70%, 0, 0, 5, 270.15, 2479153, 558, 0, 0
9845, 60, 191, 374, 0, 0, 26.70%, 0, 0, 5, 148.26, 2480424, 558, 0, 0
9850, 60, 49, 374, 0, 0, 26.70%, 0, 0, 5, 34.36, 2481653, 558, 0, 0
9855, 60, 227, 374, 0, 0, 26.70%, 0, 0, 5, 269.91, 2482913, 558, 0, 0
9860, 60, 372, 374, 0, 0, 26.70%, 0, 0, 5, 261.78, 2484138, 558, 0, 0
9865, 60, 71, 374, 0, 0, 26.70%, 0, 0, 5, 32.68, 2485333, 558, 0, 0
9870, 60, 213, 374, 0, 0, 26.70%, 0, 0, 5, 292.93, 2486643, 558, 0, 0
9876, 60, 202, 374, 0, 0, 26.70%, 0, 0, 5, 289.91, 2487958, 558, 0, 0
9881, 60, 285, 374, 0, 0, 26.70%, 0, 0, 5, 276.62, 2489158, 558, 0, 0
9886, 60, 339, 374, 0, 0, 26.70%, 0, 0, 5, 272.97, 2490483, 558, 0, 0
9891, 60, 346, 374, 0, 0, 26.70%, 0, 0, 5, 267.25, 2491743, 558, 0, 0
9896, 60, 180, 374, 0, 0, 26.70%, 0, 0, 5, 298.45, 2492918, 558, 0, 0
9901, 60, 166, 374, 0, 0, 26.70%, 0, 0, 5, 297.98, 2494218, 558, 0, 0
9906, 60, 99, 374, 0, 0, 26.70%, 0, 0, 5, 31.91, 2495447, 558, 0, 0
9911, 60, 90, 374, 0, 0, 26.70%, 0, 0, 5, 298.51, 2496758, 558, 0, 0
9917, 60, 348, 374, 0, 0, 26.70%, 0, 0, 5, 279.21, 2498038, 558, 0, 0
9922, 60, 193, 374, 0, 0, 26.70%, 0, 0, 5, 43.97, 2499210, 558, 0, 0
9927, 60, 176, 374, 0, 0, 26.70%, 0, 0, 5, 279.58, 2500523, 558, 0, 0
9932, 60, 247, 374, 0, 0, 26.70%, 0, 0, 5, 248.83, 2501846, 558, 0, 0
9937, 60, 321, 374, 0, 0, 26.70%, 0, 0, 5, 301.54, 2503058, 558, 0, 0
9942, 60, 75, 374, 0, 0, 26.70%, 0, 0, 5, 292.46, 2504353, 558, 0, 0
9947, 60, 133, 374, 0, 0, 26.70%, 0, 0, 5, 286.06, 2505618, 558, 0, 0
9952, 60, 44, 374, 0, 0, 26.70%, 0, 0, 5, 196.75, 2506897, 558, 0, 0
9957, 60, 75, 374, 0, 0, 26.70%, 0, 0, 5, 279.78, 2508148, 558, 0, 0
9962, 60, 309, 374, 0, 0, 26.70%, 0, 0, 5, 265.30, 2509308, 558, 0, 0
9967, 60, 142, 374, 0, 0, 26.70%, 0, 0, 5, 289.88, 2510568, 558, 0, 0
9973, 60, 133, 374, 0, 0, 26.70%, 0, 0, 5, 289.06, 2511898, 558, 0, 0
9978, 60, 111, 374, 0, 0, 26.70%, 0, 0, 5, 295.84, 2513053, 558, 0, 0
9983, 60, 177, 374, 0, 0, 26.70%, 0, 0, 5, 267.32, 2514333, 558, 0, 0
9988, 60, 176, 374, 0, 0, 26.70%, 0, 0, 5, 290.83, 2515588, 558, 0, 0
9993, 61, 321, 374, 0, 0, 26.70%, 0, 0, 5, 277.57, 2516798, 558, 0, 0
9998, 61, 44, 374, 0, 0, 26.70%, 0, 0, 5, 280.26, 2518093, 558, 0, 0
10003, 61, 309, 374, 0, 0, 26.70%, 0, 0, 5, 37.88, 2519308, 558, 0, 0
10008, 61, 142, 374, 0, 0, 26.70%, 0, 0, 5, 246.94, 2520620, 558, 0, 0
10013, 61, 329, 374, 0, 0, 26.70%, 0, 0, 5, 290.10, 2521872, 558, 0, 0
10019, 61, 164, 374, 0, 0, 26.70%, 0, 0, 5, 266.39, 2523143, 558, 0, 0
10024, 61, 44, 374, 0, 0, 26.70%, 0, 0, 5, 279.64, 2524468, 558, 0, 0
10029, 61, 156, 374, 0, 0, 26.70%, 0, 0, 5, 299.79, 2525666, 558, 0, 0
10034, 61, 47, 374, 0, 0, 26.70%, 0, 0, 5, 303.62, 2526938, 558, 0, 0
10039, 61, 76, 374, 0, 0, 26.70%, 0, 0, 5, 297.22, 2528148, 558, 0, 0
10044, 61, 285, 374, 0, 0, 26.70%, 0, 0, 5, 303.05, 2529444, 558, 0, 0
10049, 61, 95, 374, 0, 0, 26.70%, 0, 0, 5, 35.21, 2530613, 558, 0, 0
10054, 61, 106, 374, 0, 0, 26.70%, 0, 0, 5, 295.77, 2531893, 558, 0, 0
10059, 61, 5, 374, 0, 0, 26.70%, 0, 0, 5, 277.57, 2533163, 558, 0, 0
10064, 61, 191, 374, 0, 0, 26.70%, 0, 0, 5, 281.77, 2534488, 558, 0, 0
10070, 61, 120, 374, 0, 0, 26.70%, 0, 0, 5, 302.31, 2535697, 558, 0, 0
10075, 61, 309, 374, 0, 0, 26.70%, 0, 0, 5, 296.33, 2536988, 558, 0, 0
10080, 61, 87, 374, 0, 0, 26.70%, 0, 0, 5, 287.63, 2538263, 558, 0, 0
10085, 61, 227, 374, 0, 0, 26.70%, 0, 0, 5, 297.72, 2539453, 558, 0, 0
10090, 61, 227, 374, 0, 0, 26.70%, 0, 0, 5, 296.33, 2540738, 558, 0, 0
10095, 61, 37, 374, 0, 0, 26.70%, 0, 0, 5, 283.25, 2541968, 558, 0, 0
10100, 61, 82, 374, 0, 0, 26.70%, 0, 0, 5, 278.95, 2543218, 558, 0, 0
10105, 61, 355, 374, 0, 0, 26.70%, 0, 0, 5, 290.41, 2544523, 558, 0, 0
10110, 61, 354, 374, 0, 0, 26.70%, 0, 0, 5, 45.66, 2545698, 558, 0, 0
10116, 61, 287, 374, 0, 0, 26.70%, 0, 0, 5, 292.81, 2546993, 558, 0, 0
10121, 61, 354, 374, 0, 0, 26.70%, 0, 0, 5, 297.69, 2548258, 558, 0, 0
10126, 61, 250, 374, 0, 0, 26.70%, 0, 0, 5, 289.15, 2549413, 558, 0, 0
10131, 61, 227, 374, 0, 0, 26.70%, 0, 0, 5, 297.72, 2550678, 558, 0, 0
10136, 61, 156, 374, 0, 0, 26.70%, 0, 0, 5, 262.52, 2551848, 558, 0, 0
10141, 61, 129, 374, 0, 0, 26.70%, 0, 0, 5, 263.87, 2553188, 558, 0, 0
10146, 61, 5, 374, 0, 0, 26.70%, 0, 0, 5, 291.14, 2554418, 558, 0, 0
10151, 62, 99, 374, 0, 0, 26.70%, 0, 0, 5, 32.05, 2555623, 558, 0, 0
10156, 62, 50, 374, 0, 0, 26.70%, 0, 0, 5, 261.33, 2556828, 558, 0, 0
10162, 62, 166, 374, 0, 0, 26.70%, 0, 0, 5, 41.67, 2558178, 558, 0, 0
10167, 62, 197, 374, 0, 0, 26.70%, 0, 0, 5, 299.06, 2559483, 558, 0, 0
10172, 62, 213, 374, 0, 0, 26.70%, 0, 0, 5, 294.01, 2560633, 558, 0, 0
10177, 62, 202, 374, 0, 0, 26.70%, 0, 0, 5, 281.30, 2561883, 558, 0, 0
10182, 62, 191, 374, 0, 0, 26.70%, 0, 0, 5, 279.98, 2563173, 558, 0, 0
10187, 62, 230, 374, 0, 0, 26.70%, 0, 0, 5, 200.00, 2564408, 558, 0, 0
10192, 62, 353, 374, 0, 0, 26.70%, 0, 0, 5, 262.19, 2565688, 558, 0, 0
10197, 62, 284, 374, 0, 0, 26.70%, 0, 0, 5, 298.65, 2567003, 558, 0, 0
10203, 62, 191, 374, 0, 0, 26.70%, 0, 0, 5, 295.00, 2568212, 558, 0, 0
10208, 62, 99, 374, 0, 0, 26.70%, 0, 0, 5, 298.21, 2569472, 558, 0, 0
10213, 62, 44, 374, 0, 0, 26.70%, 0, 0, 5, 264.18, 2570733, 558, 0, 0
10218, 62, 82, 374, 0, 0, 26.70%, 0, 0, 5, 31.45, 2571923, 558, 0, 0
10223, 62, 76, 374, 0, 0, 26.70%, 0, 0, 5, 257.46, 2573213, 558, 0, 0
10228, 62, 309, 374, 0, 0, 26.70%, 0, 0, 5, 261.34, 2574518, 558, 0, 0
10233, 62, 354, 374, 0, 0, 26.70%, 0, 0, 5, 279.78, 2575793, 558, 0, 0
10238, 62, 120, 374, 0, 0, 26.70%, 0, 0, 5, 273.75, 2577053, 558, 0, 0
10243, 62, 129, 374, 0, 0, 26.70%, 0, 0, 5, 265.28, 2578328, 558, 0, 0
10248, 62, 354, 374, 0, 0, 26.70%, 0, 0, 5, 274.15, 2579583, 558, 0, 0
10253, 62, 213, 374, 0, 0, 26.70%, 0, 0, 5, 52.08, 2580803, 558, 0, 0
10259, 62, 50, 374, 0, 0, 26.70%, 0, 0, 5, 298.51, 2582078, 558, 0, 0
10264, 62, 142, 374, 0, 0, 26.70%, 0, 0, 5, 264.04, 2583383, 558, 0, 0
10269, 62, 5, 374, 0, 0, 26.70%, 0, 0, 5, 231.81, 2584708, 558, 0, 0
10274, 62, 75, 374, 0, 0, 26.70%, 0, 0, 5, 257.43, 2585906, 558, 0, 0
10279, 62, 202, 374, 0, 0, 26.70%, 0, 0, 5, 213.84, 2587175, 558, 0, 0
10284, 62, 341, 374, 0, 0, 26.70%, 0, 0, 5, 305.60, 2588483, 558, 0, 0
10289, 62, 44, 374, 0, 0, 26.70%, 0, 0, 5, 279.10, 2589778, 558, 0, 0
10294, 62, 222, 374, 0, 0, 26.70%, 0, 0, 5, 270.62, 2591103, 558, 0, 0
10300, 62, 68, 374, 0, 0, 26.70%, 0, 0, 5, 282.45, 2592368, 558, 0, 0
10305, 62, 211, 374, 0, 0, 26.70%, 0, 0, 5, 295.57, 2593628, 558, 0, 0
10310, 63, 6, 374, 0, 0, 26.70%, 0, 0, 5, 87.35, 2594904, 558, 0, 0
10315, 63, 35, 374, 0, 0, 26.70%, 0, 0, 5, 220.02, 2596194, 558, 0, 0
10320, 63, 336, 374, 0, 0, 26.70%, 0, 0, 5, 282.02, 2597523, 558, 0, 0
10325, 63, 2, 374, 0, 0, 26.70%, 0, 0, 5, 58.22, 2598719, 558, 0, 0
10330, 63, 10, 374, 0, 0, 26.70%, 0, 0, 5, 306.34, 2600009, 558, 0, 0
10335, 63, 164, 374, 0, 0, 26.70%, 0, 0, 5, 301.13, 2601265, 558, 0, 0
10340, 63, 176, 374, 0, 0, 26.70%, 0, 0, 5, 267.14, 2602558, 558, 0, 0
10346, 63, 319, 374, 0, 0, 26.70%, 0, 0, 5, 303.48, 2603758, 558, 0, 0
10351, 63, 134, 374, 0, 0, 26.70%, 0, 0, 5, 277.25, 2605078, 558, 0, 0
10356, 63, 329, 374, 0, 0, 26.70%, 0, 0, 5, 258.65, 2606378, 558, 0, 0
10361, 63, 344, 374, 0, 0, 26.70%, 0, 0, 5, 50.00, 2607618, 558, 0, 0
10366, 63, 197, 374, 0, 0, 26.70%, 0, 0, 5, 292.39, 2608888, 558, 0, 0
10371, 63, 354, 374, 0, 0, 26.70%, 0, 0, 5, 298.75, 2610163, 558, 0, 0
10376, 63, 372, 374, 0, 0, 26.70%, 0, 0, 5, 282.49, 2611378, 558, 0, 0
10381, 63, 222, 374, 0, 0, 26.70%, 0, 0, 5, 290.72, 2612633, 558, 0, 0
10386, 63, 287, 374, 0, 0, 26.70%, 0, 0, 5, 299.31, 2613929, 558, 0, 0
10392, 63, 129, 374, 0, 0, 26.70%, 0, 0, 5, 295.19, 2615213, 558, 0, 0
10397, 63, 306, 374, 0, 0, 26.70%, 0, 0, 5, 269.49, 2616418, 558, 0, 0
10402, 63, 341, 374, 0, 0, 26.70%, 0, 0, 5, 294.64, 2617738, 558, 0, 0
10407, 63, 76, 374, 0, 0, 26.70%, 0, 0, 5, 299.19, 2619053, 558, 0, 0
10412, 63, 341, 374, 0, 0, 26.70%, 0, 0, 5, 164.36, 2620277, 558, 0, 0
10417, 63, 213, 374, 0, 0, 26.70%, 0, 0, 5, 294.38, 2621528, 558, 0, 0
10422, 63, 354, 374, 0, 0, 26.70%, 0, 0, 5, 207.67, 2622822, 558, 0, 0
10428, 63, 222, 374, 0, 0, 26.70%, 0, 0, 5, 252.22, 2624145, 558, 0, 0
10433, 63, 355, 374, 0, 0, 26.70%, 0, 0, 5, 36.50, 2625368, 558, 0, 0
10438, 63, 55, 374, 0, 0, 26.70%, 0, 0, 5, 260.09, 2626638, 558, 0, 0
10443, 63, 126, 374, 0, 0, 26.70%, 0, 0, 5, 298.75, 2627968, 558, 0, 0
10448, 63, 164, 374, 0, 0, 26.70%, 0, 0, 5, 286.63, 2629263, 558, 0, 0
10453, 63, 209, 374, 0, 0, 26.70%, 0, 0, 5, 31.45, 2630478, 558, 0, 0
10458, 63, 191, 374, 0, 0, 26.70%, 0, 0, 5, 295.30, 2631768, 558, 0, 0
10463, 63, 332, 374, 0, 0, 26.70%, 0, 0, 5, 290.87, 2633068, 558, 0, 0
10469, 63, 354, 374, 0, 0, 26.70%, 0, 0, 5, 275.72, 2634323, 558, 0, 0
10474, 64, 356, 374, 0, 0, 26.70%, 0, 0, 5, 290.00, 2635536, 558, 0, 0
10479, 64, 191, 374, 0, 0, 26.70%, 0, 0, 5, 194.15, 2636821, 558, 0, 0
10484, 64, 111, 374, 0, 0, 26.70%, 0, 0, 5, 297.89, 2638088, 558, 0, 0
10489, 64, 287, 374, 0, 0, 26.70%, 0, 0, 5, 268.35, 2639347, 558, 0, 0
10494, 64, 166, 374, 0, 0, 26.70%, 0, 0, 5, 277.46, 2640593, 558, 0, 0
10499, 64, 133, 374, 0, 0, 26.70%, 0, 0, 5, 277.85, 2641818, 558, 0, 0
10504, 64, 191, 374, 0, 0, 26.70%, 0, 0, 5, 294.75, 2643113, 558, 0, 0
10509, 64, 2, 374, 0, 0, 26.70%, 0, 0, 5, 295.47, 2644438, 558, 0, 0
10514, 64, 248, 374, 0, 0, 26.70%, 0, 0, 5, 280.62, 2645703, 558, 0, 0
10519, 64, 315, 374, 0, 0, 26.70%, 0, 0, 5, 294.46, 2646958, 558, 0, 0
10525, 64, 309, 374, 0, 0, 26.70%, 0, 0, 5, 300.58, 2648277, 558, 0, 0
10530, 64, 164, 374, 0, 0, 26.70%, 0, 0, 5, 38.61, 2649488, 558, 0, 0
10535, 64, 59, 374, 0, 0, 26.70%, 0, 0, 5, 292.24, 2650753, 558, 0, 0
10540, 64, 39, 374, 0, 0, 26.70%, 0, 0, 5, 268.22, 2652063, 558, 0, 0
10545, 64, 176, 374, 0, 0, 26.70%, 0, 0, 5, 264.44, 2653328, 558, 0, 0
10550, 64, 202, 374, 0, 0, 26.70%, 0, 0, 5, 294.89, 2654513, 558, 0, 0
10555, 64, 2, 374, 0, 0, 26.70%, 0, 0, 5, 192.53, 2655836, 558, 0, 0
10560, 64, 100, 374, 0, 0, 26.70%, 0, 0, 5, 258.07, 2657008, 558, 0, 0
10565, 64, 213, 374, 0, 0, 26.70%, 0, 0, 5, 243.82, 2658284, 558, 0, 0
10571, 64, 76, 374, 0, 0, 26.70%, 0, 0, 5, 263.99, 2659608, 558, 0, 0
10576, 64, 44, 374, 0, 0, 26.70%, 0, 0, 5, 255.00, 2660784, 558, 0, 0
10581, 64, 309, 374, 0, 0, 26.70%, 0, 0, 5, 290.21, 2662073, 558, 0, 0
10586, 64, 111, 374, 0, 0, 26.70%, 0, 0, 5, 298.50, 2663348, 558, 0, 0
10591, 64, 133, 374, 0, 0, 26.70%, 0, 0, 5, 283.83, 2664573, 558, 0, 0
10596, 64, 289, 374, 0, 0, 26.70%, 0, 0, 5, 297.43, 2665848, 558, 0, 0
10601, 64, 76, 374, 0, 0, 26.70%, 0, 0, 5, 294.55, 2667158, 558, 0, 0
10606, 64, 106, 374, 0, 0, 26.70%, 0, 0, 5, 266.26, 2668363, 558, 0, 0
10611, 64, 178, 374, 0, 0, 26.70%, 0, 0, 5, 257.30, 2669613, 558, 0, 0
10616, 64, 278, 374, 0, 0, 26.70%, 0, 0, 5, 298.71, 2670933, 558, 0, 0
10621, 64, 191, 374, 0, 0, 26.70%, 0, 0, 5, 272.17, 2672128, 558, 0, 0
10627, 64, 217, 374, 0, 0, 26.70%, 0, 0, 5, 287.30, 2673433, 558, 0, 0
10632, 65, 188, 374, 0, 0, 26.70%, 0, 0, 5, 292.23, 2674733, 558, 0, 0
10637, 65, 287, 374, 0, 0, 26.70%, 0, 0, 5, 153.53, 2676030, 558, 0, 0
10642, 65, 75, 374, 0, 0, 26.70%, 0, 0, 5, 204.88, 2677171, 558, 0, 0
10647, 65, 336, 374, 0, 0, 26.70%, 0, 0, 5, 296.20, 2678428, 558, 0, 0
10652, 65, 354, 374, 0, 0, 26.70%, 0, 0, 5, 34.22, 2679575, 558, 0, 0
10657, 65, 82, 374, 0, 0, 26.70%, 0, 0, 5, 238.62, 2680887, 558, 0, 0
10663, 65, 166, 374, 0, 0, 26.70%, 0, 0, 5, 300.49, 2682094, 558, 0, 0
10668, 65, 176, 374, 0, 0, 26.70%, 0, 0, 5, 294.91, 2683388, 558, 0, 0
10673, 65, 226, 374, 0, 0, 26.70%, 0, 0, 5, 297.50, 2684693, 558, 0, 0
10678, 65, 372, 374, 0, 0, 26.70%, 0, 0, 5, 274.08, 2685848, 558, 0, 0
10683, 65, 166, 374, 0, 0, 26.70%, 0, 0, 5, 295.79, 2687138, 558, 0, 0
10688, 65, 341, 374, 0, 0, 26.70%, 0, 0, 5, 34.97, 2688373, 558, 0, 0
10693, 65, 129, 374, 0, 0, 26.70%, 0, 0, 5, 290.80, 2689608, 558, 0, 0
10698, 65, 166, 374, 0, 0, 26.70%, 0, 0, 5, 31.75, 2690838, 558, 0, 0
10703, 65, 227, 374, 0, 0, 26.70%, 0, 0, 5, 296.39, 2692118, 558, 0, 0
10708, 65, 65, 374, 0, 0, 26.70%, 0, 0, 5, 300.74, 2693422, 558, 0, 0
10714, 65, 176, 374, 0, 0, 26.70%, 0, 0, 5, 39.53, 2694568, 558, 0, 0
10719, 65, 50, 374, 0, 0, 26.70%, 0, 0, 5, 299.50, 2695877, 558, 0, 0
10724, 65, 2, 374, 0, 0, 26.70%, 0, 0, 5, 291.47, 2697153, 558, 0, 0
10729, 65, 76, 374, 0, 0, 26.70%, 0, 0, 5, 287.28, 2698453, 558, 0, 0
10734, 65, 28, 374, 0, 0, 26.70%, 0, 0, 5, 293.24, 2699697, 558, 0, 0
10739, 65, 99, 374, 0, 0, 26.70%, 0, 0, 5, 278.34, 2701023, 558, 0, 0
10744, 65, 2, 374, 0, 0, 26.70%, 0, 0, 5, 51.55, 2702228, 558, 0, 0
10749, 65, 156, 374, 0, 0, 26.70%, 0, 0, 5, 299.21, 2703483, 558, 0, 0
10755, 65, 165, 374, 0, 0, 26.70%, 0, 0, 5, 290.02, 2704768, 558, 0, 0
10760, 65, 39, 374, 0, 0, 26.70%, 0, 0, 5, 255.55, 2705988, 558, 0, 0
10765, 65, 55, 374, 0, 0, 26.70%, 0, 0, 5, 265.45, 2707168, 558, 0, 0
10770, 65, 111, 374, 0, 0, 26.70%, 0, 0, 5, 292.90, 2708473, 558, 0, 0
10775, 65, 2, 374, 0, 0, 26.70%, 0, 0, 5, 274.62, 2709788, 558, 0, 0
10780, 65, 64, 374, 0, 0, 26.70%, 0, 0, 5, 297.88, 2710988, 558, 0, 0
10785, 65, 157, 374, 0, 0, 26.70%, 0, 0, 5, 275.61, 2712303, 558, 0, 0
10790, 65, 141, 374, 0, 0, 26.70%, 0, 0, 5, 283.05, 2713523, 558, 0, 0
10795, 66, 5, 374, 0, 0, 26.70%, 0, 0, 5, 297.03, 2714773, 558, 0, 0
10800, 66, 332, 374, 0, 0, 26.70%, 0, 0, 5, 291.64, 2716048, 558, 0, 0
10806, 66, 156, 374, 0, 0, 26.70%, 0, 0, 5, 284.20, 2717358, 558, 0, 0
10811, 66, 336, 374, 0, 0, 26.70%, 0, 0, 5, 295.00, 2718517, 558, 0, 0
10816, 66, 164, 374, 0, 0, 26.70%, 0, 0, 5, 277.50, 2719833, 558, 0, 0
10821, 66, 12, 374, 0, 0, 26.70%, 0, 0, 5, 286.45, 2721153, 558, 0, 0
10826, 66, 214, 374, 0, 0, 26.70%, 0, 0, 5, 281.61, 2722418, 558, 0, 0
10831, 66, 354, 374, 0, 0, 26.70%, 0, 0, 5, 274.88, 2723648, 558, 0, 0
10836, 66, 75, 374, 0, 0, 26.70%, 0, 0, 5, 298.60, 2724963, 558, 0, 0
10841, 66, 62, 374, 0, 0, 26.70%, 0, 0, 5, 297.60, 2726238, 558, 0, 0
10846, 66, 111, 374, 0, 0, 26.70%, 0, 0, 5, 288.14, 2727453, 558, 0, 0
10852, 66, 222, 374, 0, 0, 26.70%, 0, 0, 5, 240.30, 2728727, 558, 0, 0
10857, 66, 164, 374, 0, 0, 26.70%, 0, 0, 5, 275.84, 2730033, 558, 0, 0
10862, 66, 156, 374, 0, 0, 26.70%, 0, 0, 5, 275.77, 2731348, 558, 0, 0
10867, 66, 129, 374, 0, 0, 26.70%, 0, 0, 5, 291.59, 2732621, 558, 0, 0
10872, 66, 237, 374, 0, 0, 26.70%, 0, 0, 5, 303.56, 2733885, 558, 0, 0
10877, 66, 191, 374, 0, 0, 26.70%, 0, 0, 5, 291.57, 2735188, 558, 0, 0
10883, 66, 129, 374, 0, 0, 26.70%, 0, 0, 5, 31.37, 2736419, 558, 0, 0
10888, 66, 222, 374, 0, 0, 26.70%, 0, 0, 5, 302.58, 2737719, 558, 0, 0
10893, 66, 227, 374, 0, 0, 26.70%, 0, 0, 5, 297.45, 2738968, 558, 0, 0
10898, 66, 90, 374, 0, 0, 26.70%, 0, 0, 5, 280.27, 2740248, 558, 0, 0
10903, 66, 227, 374, 0, 0, 26.70%, 0, 0, 5, 274.56, 2741398, 558, 0, 0
10908, 66, 234, 374, 0, 0, 26.70%, 0, 0, 5, 293.55, 2742698, 558, 0, 0
10913, 66, 156, 374, 0, 0, 26.70%, 0, 0, 5, 153.03, 2744007, 558, 0, 0
10918, 66, 354, 374, 0, 0, 26.70%, 0, 0, 5, 297.03, 2745213, 558, 0, 0
10923, 66, 285, 374, 0, 0, 26.70%, 0, 0, 5, 289.13, 2746513, 558, 0, 0
10929, 66, 191, 374, 0, 0, 26.70%, 0, 0, 5, 296.57, 2747823, 558, 0, 0
10934, 66, 156, 374, 0, 0, 26.70%, 0, 0, 5, 299.89, 2749038, 558, 0, 0
10939, 66, 309, 374, 0, 0, 26.70%, 0, 0, 5, 271.63, 2750308, 558, 0, 0
10944, 66, 99, 374, 0, 0, 26.70%, 0, 0, 5, 269.11, 2751573, 558, 0, 0
10949, 66, 129, 374, 0, 0, 26.70%, 0, 0, 5, 297.27, 2752818, 558, 0, 0
10954, 67, 55, 374, 0, 0, 26.70%, 0, 0, 5, 197.59, 2754101, 558, 0, 0
10959, 67, 163, 374, 0, 0, 26.70%, 0, 0, 5, 250.83, 2755353, 558, 0, 0
10964, 67, 133, 374, 0, 0, 26.70%, 0, 0, 5, 298.75, 2756543, 558, 0, 0
10969, 67, 2, 374, 0, 0, 26.70%, 0, 0, 5, 294.45, 2757828, 558, 0, 0
10974, 67, 178, 374, 0, 0, 26.70%, 0, 0, 5, 271.88, 2759113, 558, 0, 0
10979, 67, 191, 374, 0, 0, 26.70%, 0, 0, 5, 31.62, 2760308, 558, 0, 0
10984, 67, 129, 374, 0, 0, 26.70%, 0, 0, 5, 280.41, 2761583, 558, 0, 0
10990, 67, 82, 374, 0, 0, 26.70%, 0, 0, 5, 291.43, 2762903, 558, 0, 0
10995, 67, 28, 374, 0, 0, 26.70%, 0, 0, 5, 260.00, 2764110, 558, 0, 0
11000, 67, 50, 374, 0, 0, 26.70%, 0, 0, 5, 299.72, 2765423, 558, 0, 0
11005, 67, 129, 374, 0, 0, 26.70%, 0, 0, 5, 153.19, 2766723, 558, 0, 0
11010, 67, 287, 374, 0, 0, 26.70%, 0, 0, 5, 291.74, 2767923, 558, 0, 0
11015, 67, 222, 374, 0, 0, 26.70%, 0, 0, 5, 282.93, 2769208, 558, 0, 0
11020, 67, 5, 374, 0, 0, 26.70%, 0, 0, 5, 294.11, 2770508, 558, 0, 0
11026, 67, 329, 374, 0, 0, 26.70%, 0, 0, 5, 287.34, 2771793, 558, 0, 0
11031, 67, 336, 374, 0, 0, 26.70%, 0, 0, 5, 296.79, 2772993, 558, 0, 0
11036, 67, 35, 374, 0, 0, 26.70%, 0, 0, 5, 296.68, 2774283, 558, 0, 0
11041, 67, 354, 374, 0, 0, 26.70%, 0, 0, 5, 269.72, 2775568, 558, 0, 0
11046, 67, 142, 374, 0, 0, 26.70%, 0, 0, 5, 271.12, 2776793, 558, 0, 0
11051, 67, 75, 374, 0, 0, 26.70%, 0, 0, 5, 287.14, 2778108, 558, 0, 0
11056, 67, 55, 374, 0, 0, 26.70%, 0, 0, 5, 297.88, 2779418, 558, 0, 0
11061, 67, 44, 374, 0, 0, 26.70%, 0, 0, 5, 273.63, 2780618, 558, 0, 0
11067, 67, 354, 374, 0, 0, 26.70%, 0, 0, 5, 270.47, 2781908, 558, 0, 0
11072, 67, 354, 374, 0, 0, 26.70%, 0, 0, 5, 302.31, 2783197, 558, 0, 0
11077, 67, 309, 374, 0, 0, 26.70%, 0, 0, 5, 291.14, 2784463, 558, 0, 0
11082, 67, 156, 374, 0, 0, 26.70%, 0, 0, 5, 236.31, 2785714, 558, 0, 0
11087, 67, 100, 374, 0, 0, 26.70%, 0, 0, 5, 276.56, 2786993, 558, 0, 0
11092, 67, 329, 374, 0, 0, 26.70%, 0, 0, 5, 298.37, 2788238, 558, 0, 0
11097, 67, 99, 374, 0, 0, 26.70%, 0, 0, 5, 39.37, 2789403, 558, 0, 0
11102, 67, 5, 374, 0, 0, 26.70%, 0, 0, 5, 279.78, 2790653, 558, 0, 0
11108, 67, 2, 374, 0, 0, 26.70%, 0, 0, 5, 268.65, 2791978, 558, 0, 0
11113, 68, 202, 374, 0, 0, 26.70%, 0, 0, 5, 290.00, 2793156, 558, 0, 0
11118, 68, 99, 374, 0, 0, 26.70%, 0, 0, 5, 287.08, 2794468, 558, 0, 0
11123, 68, 166, 374, 0, 0, 26.70%, 0, 0, 5, 258.68, 2795698, 558, 0, 0
11128, 68, 222, 374, 0, 0, 26.70%, 0, 0, 5, 33.11, 2796938, 558, 0, 0
11133, 68, 75, 374, 0, 0, 26.70%, 0, 0, 5, 301.30, 2798189, 558, 0, 0
11138, 68, 162, 374, 0, 0, 26.70%, 0, 0, 5, 273.63, 2799373, 558, 0, 0
11144, 68, 95, 374, 0, 0, 26.70%, 0, 0, 5, 274.88, 2800788, 558, 0, 0
11149, 68, 329, 374, 0, 0, 26.70%, 0, 0, 5, 295.35, 2802033, 558, 0, 0
11154, 68, 287, 374, 0, 0, 26.70%, 0, 0, 5, 295.95, 2803333, 558, 0, 0
11159, 68, 222, 374, 0, 0, 26.70%, 0, 0, 5, 31.85, 2804553, 558, 0, 0
11164, 68, 107, 374, 0, 0, 26.70%, 0, 0, 5, 283.65, 2805818, 558, 0, 0
11169, 68, 222, 374, 0, 0, 26.70%, 0, 0, 5, 268.84, 2807068, 558, 0, 0
11174, 68, 355, 374, 0, 0, 26.70%, 0, 0, 5, 223.88, 2808273, 558, 0, 0
11179, 68, 76, 374, 0, 0, 26.70%, 0, 0, 5, 236.76, 2809552, 558, 0, 0
11185, 68, 76, 374, 0, 0, 26.70%, 0, 0, 5, 31.25, 2810803, 558, 0, 0
11190, 68, 191, 374, 0, 0, 26.70%, 0, 0, 5, 297.03, 2812093, 558, 0, 0
11195, 68, 111, 374, 0, 0, 26.70%, 0, 0, 5, 295.64, 2813423, 558, 0, 0
11200, 68, 95, 374, 0, 0, 26.70%, 0, 0, 5, 261.33, 2814673, 558, 0, 0
11205, 68, 353, 374, 0, 0, 26.70%, 0, 0, 5, 282.81, 2815928, 558, 0, 0
11210, 68, 44, 374, 0, 0, 26.70%, 0, 0, 5, 298.51, 2817164, 558, 0, 0
11215, 68, 202, 374, 0, 0, 26.70%, 0, 0, 5, 292.73, 2818453, 558, 0, 0
11220, 68, 55, 374, 0, 0, 26.70%, 0, 0, 5, 271.73, 2819743, 558, 0, 0
11225, 68, 55, 374, 0, 0, 26.70%, 0, 0, 5, 290.64, 2820902, 558, 0, 0
11231, 68, 329, 374, 0, 0, 26.70%, 0, 0, 5, 298.68, 2822183, 558, 0, 0
11236, 68, 202, 374, 0, 0, 26.70%, 0, 0, 5, 296.96, 2823483, 558, 0, 0
11241, 68, 44, 374, 0, 0, 26.70%, 0, 0, 5, 280.97, 2824708, 558, 0, 0
11246, 68, 287, 374, 0, 0, 26.70%, 0, 0, 5, 270.42, 2825918, 558, 0, 0
11251, 68, 334, 374, 0, 0, 26.70%, 0, 0, 5, 263.21, 2827223, 558, 0, 0
11256, 68, 356, 374, 0, 0, 26.70%, 0, 0, 5, 259.46, 2828483, 558, 0, 0
11261, 68, 158, 374, 0, 0, 26.70%, 0, 0, 5, 298.69, 2829738, 558, 0, 0
11266, 68, 50, 374, 0, 0, 26.70%, 0, 0, 5, 274.51, 2831047, 558, 0, 0
11271, 68, 142, 374, 0, 0, 26.70%, 0, 0, 5, 267.36, 2832263, 558, 0, 0
11277, 69, 156, 374, 0, 0, 26.70%, 0, 0, 5, 264.43, 2833513, 558, 0, 0
11282, 69, 75, 374, 0, 0, 26.70%, 0, 0, 5, 276.74, 2834798, 558, 0, 0
11287, 69, 329, 374, 0, 0, 26.70%, 0, 0, 5, 292.71, 2836063, 558, 0, 0
11292, 69, 354, 374, 0, 0, 26.70%, 0, 0, 5, 293.29, 2837378, 558, 0, 0
11297, 69, 329, 374, 0, 0, 26.70%, 0, 0, 5, 287.72, 2838563, 558, 0, 0
11302, 69, 105, 374, 0, 0, 26.70%, 0, 0, 5, 281.17, 2839843, 558, 0, 0
11307, 69, 188, 374, 0, 0, 26.70%, 0, 0, 5, 299.11, 2841123, 558, 0, 0
11312, 69, 354, 374, 0, 0, 26.70%, 0, 0, 5, 262.06, 2842313, 558, 0, 0
11317, 69, 369, 374, 0, 0, 26.70%, 0, 0, 5, 257.30, 2843633, 558, 0, 0
11322, 69, 133, 374, 0, 0, 26.70%, 0, 0, 5, 287.63, 2844938, 558, 0, 0
11327, 69, 355, 374, 0, 0, 26.70%, 0, 0, 5, 275.73, 2846113, 558, 0, 0
11333, 69, 341, 374, 0, 0, 26.70%, 0, 0, 5, 297.34, 2847413, 558, 0, 0
11338, 69, 329, 374, 0, 0, 26.70%, 0, 0, 5, 302.42, 2848691, 558, 0, 0
11343, 69, 44, 374, 0, 0, 26.70%, 0, 0, 5, 260.60, 2849953, 558, 0, 0
11348, 69, 355, 374, 0, 0, 26.70%, 0, 0, 5, 299.87, 2851239, 558, 0, 0
11353, 69, 240, 374, 0, 0, 26.70%, 0, 0, 5, 290.96, 2852563, 558, 0, 0
11358, 69, 142, 374, 0, 0, 26.70%, 0, 0, 5, 284.57, 2853823, 558, 0, 0
11363, 69, 106, 374, 0, 0, 26.70%, 0, 0, 5, 48.08, 2855048, 558, 0, 0
11368, 69, 142, 374, 0, 0, 26.70%, 0, 0, 5, 258.50, 2856333, 558, 0, 0
11374, 69, 309, 374, 0, 0, 26.70%, 0, 0, 5, 277.83, 2857633, 558, 0, 0
11379, 69, 341, 374, 0, 0, 26.70%, 0, 0, 5, 31.45, 2858858, 558, 0, 0
11384, 69, 133, 374, 0, 0, 26.70%, 0, 0, 5, 295.02, 2860183, 558, 0, 0
11389, 69, 226, 374, 0, 0, 26.70%, 0, 0, 5, 296.74, 2861508, 558, 0, 0
11394, 69, 227, 374, 0, 0, 26.70%, 0, 0, 5, 282.83, 2862748, 558, 0, 0
11399, 69, 111, 374, 0, 0, 26.70%, 0, 0, 5, 301.94, 2864065, 558, 0, 0
11405, 69, 95, 374, 0, 0, 26.70%, 0, 0, 5, 283.28, 2865338, 558, 0, 0
11410, 69, 53, 374, 0, 0, 26.70%, 0, 0, 5, 283.98, 2866568, 558, 0, 0
11415, 69, 303, 374, 0, 0, 26.70%, 0, 0, 5, 276.58, 2867783, 558, 0, 0
11420, 69, 166, 374, 0, 0, 26.70%, 0, 0, 5, 281.09, 2869078, 558, 0, 0
11425, 69, 49, 374, 0, 0, 26.70%, 0, 0, 5, 294.22, 2870393, 558, 0, 0
11430, 69, 164, 374, 0, 0, 26.70%, 0, 0, 5, 302.12, 2871610, 558, 0, 0
11435, 70, 213, 374, 0, 0, 26.70%, 0, 0, 5, 294.25, 2872893, 558, 0, 0
11440, 70, 191, 374, 0, 0, 26.70%, 0, 0, 5, 283.92, 2874178, 558, 0, 0
11445, 70, 184, 374, 0, 0, 26.70%, 0, 0, 5, 266.78, 2875403, 558, 0, 0
11451, 70, 100, 374, 0, 0, 26.70%, 0, 0, 5, 293.94, 2876718, 558, 0, 0
11456, 70, 133, 374, 0, 0, 26.70%, 0, 0, 5, 304.64, 2878040, 558, 0, 0
11461, 70, 281, 374, 0, 0, 26.70%, 0, 0, 5, 233.79, 2879206, 558, 0, 0
11466, 70, 287, 374, 0, 0, 26.70%, 0, 0, 5, 291.80, 2880468, 558, 0, 0
11471, 70, 336, 374, 0, 0, 26.70%, 0, 0, 5, 299.02, 2881663, 558, 0, 0
11476, 70, 82, 374, 0, 0, 26.70%, 0, 0, 5, 288.44, 2882898, 558, 0, 0
11481, 70, 329, 374, 0, 0, 26.70%, 0, 0, 5, 304.10, 2884114, 558, 0, 0
11486, 70, 371, 374, 0, 0, 26.70%, 0, 0, 5, 259.88, 2885303, 558, 0, 0
11491, 70, 50, 374, 0, 0, 26.70%, 0, 0, 5, 294.31, 2886588, 558, 0, 0
11496, 70, 329, 374, 0, 0, 26.70%, 0, 0, 5, 303.48, 2887809, 558, 0, 0
11501, 70, 133, 374, 0, 0, 26.70%, 0, 0, 5, 291.94, 2889118, 558, 0, 0
11507, 70, 166, 374, 0, 0, 26.70%, 0, 0, 5, 262.38, 2890281, 558, 0, 0
11512, 70, 202, 374, 0, 0, 26.70%, 0, 0, 5, 296.98, 2891588, 558, 0, 0
11517, 70, 354, 374, 0, 0, 26.70%, 0, 0, 5, 269.65, 2892888, 558, 0, 0
11522, 70, 354, 374, 0, 0, 26.70%, 0, 0, 5, 270.27, 2894078, 558, 0, 0
11527, 70, 355, 374, 0, 0, 26.70%, 0, 0, 5, 137.28, 2895323, 558, 0, 0
11532, 70, 224, 374, 0, 0, 26.70%, 0, 0, 5, 37.56, 2896511, 558, 0, 0
11537, 70, 75, 374, 0, 0, 26.70%, 0, 0, 5, 297.47, 2897813, 558, 0, 0
11542, 70, 156, 374, 0, 0, 26.70%, 0, 0, 5, 294.78, 2899103, 558, 0, 0
11547, 70, 336, 374, 0, 0, 26.70%, 0, 0, 5, 270.65, 2900408, 558, 0, 0
11553, 70, 354, 374, 0, 0, 26.70%, 0, 0, 5, 223.52, 2901606, 558, 0, 0
11558, 70, 329, 374, 0, 0, 26.70%, 0, 0, 5, 296.74, 2902843, 558, 0, 0
11563, 70, 5, 374, 0, 0, 26.70%, 0, 0, 5, 283.87, 2904148, 558, 0, 0
11568, 70, 99, 374, 0, 0, 26.70%, 0, 0, 5, 295.16, 2905308, 558, 0, 0
11573, 70, 164, 374, 0, 0, 26.70%, 0, 0, 5, 292.91, 2906578, 558, 0, 0
11578, 70, 80, 374, 0, 0, 26.70%, 0, 0, 5, 289.15, 2907858, 558, 0, 0
11583, 70, 344, 374, 0, 0, 26.70%, 0, 0, 5, 292.07, 2909063, 558, 0, 0
11588, 70, 142, 374, 0, 0, 26.70%, 0, 0, 5, 295.72, 2910388, 558, 0, 0
11593, 70, 372, 374, 0, 0, 26.70%, 0, 0, 5, 48.54, 2911583, 558, 0, 0
11598, 71, 156, 374, 0, 0, 26.70%, 0, 0, 5, 270.33, 2912753, 558, 0, 0
11603, 71, 213, 374, 0, 0, 26.70%, 0, 0, 5, 296.41, 2914028, 558, 0, 0
11608, 71, 248, 374, 0, 0, 26.70%, 0, 0, 5, 266.09, 2915313, 558, 0, 0
11614, 71, 176, 374, 0, 0, 26.70%, 0, 0, 5, 49.75, 2916493, 558, 0, 0
11619, 71, 318, 374, 0, 0, 26.70%, 0, 0, 5, 294.19, 2917828, 558, 0, 0
11624, 71, 202, 374, 0, 0, 26.70%, 0, 0, 5, 277.03, 2919118, 558, 0, 0
11629, 71, 5, 374, 0, 0, 26.70%, 0, 0, 5, 283.67, 2920343, 558, 0, 0
11634, 71, 75, 374, 0, 0, 26.70%, 0, 0, 5, 277.13, 2921618, 558, 0, 0
11639, 71, 354, 374, 0, 0, 26.70%, 0, 0, 5, 284.84, 2922858, 558, 0, 0
11644, 71, 336, 374, 0, 0, 26.70%, 0, 0, 5, 289.22, 2924123, 558, 0, 0
11649, 71, 354, 374, 0, 0, 26.70%, 0, 0, 5, 51.01, 2925318, 558, 0, 0
11654, 71, 76, 374, 0, 0, 26.70%, 0, 0, 5, 303.68, 2926616, 558, 0, 0
11660, 71, 50, 374, 0, 0, 26.70%, 0, 0, 5, 278.99, 2927803, 558, 0, 0
11665, 71, 354, 374, 0, 0, 26.70%, 0, 0, 5, 294.07, 2929073, 558, 0, 0
11670, 71, 355, 374, 0, 0, 26.70%, 0, 0, 5, 284.87, 2930223, 558, 0, 0
11675, 71, 55, 374, 0, 0, 26.70%, 0, 0, 5, 269.49, 2931493, 558, 0, 0
11680, 71, 202, 374, 0, 0, 26.70%, 0, 0, 5, 298.05, 2932683, 558, 0, 0
11685, 71, 287, 374, 0, 0, 26.70%, 0, 0, 5, 291.09, 2933963, 558, 0, 0
11690, 71, 156, 374, 0, 0, 26.70%, 0, 0, 5, 284.43, 2935143, 558, 0, 0
11695, 71, 227, 374, 0, 0, 26.70%, 0, 0, 5, 299.34, 2936443, 558, 0, 0
11700, 71, 133, 374, 0, 0, 26.70%, 0, 0, 5, 31.35, 2937633, 558, 0, 0
11705, 71, 353, 374, 0, 0, 26.70%, 0, 0, 5, 299.27, 2938888, 558, 0, 0
11710, 71, 14, 374, 0, 0, 26.70%, 0, 0, 5, 287.23, 2940147, 558, 0, 0
11716, 71, 36, 374, 0, 0, 26.70%, 0, 0, 5, 49.26, 2941318, 558, 0, 0
11721, 71, 76, 374, 0, 0, 26.70%, 0, 0, 5, 234.17, 2942596, 558, 0, 0
11726, 71, 164, 374, 0, 0, 26.70%, 0, 0, 5, 296.29, 2943893, 558, 0, 0
11731, 71, 287, 374, 0, 0, 26.70%, 0, 0, 5, 231.52, 2945064, 558, 0, 0
11736, 71, 76, 374, 0, 0, 26.70%, 0, 0, 5, 257.95, 2946368, 558, 0, 0
11741, 71, 227, 374, 0, 0, 26.70%, 0, 0, 5, 31.14, 2947622, 558, 0, 0
11746, 71, 202, 374, 0, 0, 26.70%, 0, 0, 5, 268.48, 2948918, 558, 0, 0
11752, 71, 299, 374, 0, 0, 26.70%, 0, 0, 5, 268.66, 2950258, 558, 0, 0
11757, 71, 213, 374, 0, 0, 26.70%, 0, 0, 5, 43.48, 2951428, 558, 0, 0
11762, 72, 227, 374, 0, 0, 26.70%, 0, 0, 5, 296.58, 2952713, 558, 0, 0
11767, 72, 369, 374, 0, 0, 26.70%, 0, 0, 5, 278.08, 2953983, 558, 0, 0
11772, 72, 222, 374, 0, 0, 26.70%, 0, 0, 5, 296.75, 2955273, 558, 0, 0
11777, 72, 355, 374, 0, 0, 26.70%, 0, 0, 5, 286.91, 2956483, 558, 0, 0
11782, 72, 359, 374, 0, 0, 26.70%, 0, 0, 5, 295.49, 2957783, 558, 0, 0
11787, 72, 76, 374, 0, 0, 26.70%, 0, 0, 5, 294.06, 2959093, 558, 0, 0
11792, 72, 188, 374, 0, 0, 26.70%, 0, 0, 5, 34.13, 2960253, 558, 0, 0
11797, 72, 53, 374, 0, 0, 26.70%, 0, 0, 5, 293.22, 2961558, 558, 0, 0
11802, 72, 163, 374, 0, 0, 26.70%, 0, 0, 5, 295.11, 2962863, 558, 0, 0
11808, 72, 355, 374, 0, 0, 26.70%, 0, 0, 5, 288.56, 2964063, 558, 0, 0
11813, 72, 53, 374, 0, 0, 26.70%, 0, 0, 5, 295.17, 2965383, 558, 0, 0
11818, 72, 354, 374, 0, 0, 26.70%, 0, 0, 5, 54.55, 2966643, 558, 0, 0
11823, 72, 44, 374, 0, 0, 26.70%, 0, 0, 5, 274.70, 2967878, 558, 0, 0
11828, 72, 99, 374, 0, 0, 26.70%, 0, 0, 5, 298.86, 2969188, 558, 0, 0
11833, 72, 87, 374, 0, 0, 26.70%, 0, 0, 5, 57.14, 2970373, 558, 0, 0
11838, 72, 213, 374, 0, 0, 26.70%, 0, 0, 5, 286.03, 2971618, 558, 0, 0
11844, 72, 133, 374, 0, 0, 26.70%, 0, 0, 5, 289.53, 2972933, 558, 0, 0
11849, 72, 176, 374, 0, 0, 26.70%, 0, 0, 5, 298.51, 2974143, 558, 0, 0
11854, 72, 202, 374, 0, 0, 26.70%, 0, 0, 5, 296.71, 2975448, 558, 0, 0
11859, 72, 359, 374, 0, 0, 26.70%, 0, 0, 5, 297.21, 2976733, 558, 0, 0
11864, 72, 76, 374, 0, 0, 26.70%, 0, 0, 5, 295.57, 2977888, 558, 0, 0
11869, 72, 179, 374, 0, 0, 26.70%, 0, 0, 5, 277.84, 2979168, 558, 0, 0
11874, 72, 202, 374, 0, 0, 26.70%, 0, 0, 5, 296.68, 2980493, 558, 0, 0
11879, 72, 191, 374, 0, 0, 26.70%, 0, 0, 5, 282.91, 2981728, 558, 0, 0
11884, 72, 99, 374, 0, 0, 26.70%, 0, 0, 5, 275.52, 2982998, 558, 0, 0
11890, 72, 82, 374, 0, 0, 26.70%, 0, 0, 5, 267.57, 2984313, 558, 0, 0
11895, 72, 309, 374, 0, 0, 26.70%, 0, 0, 5, 35.34, 2985508, 558, 0, 0
11900, 72, 164, 374, 0, 0, 26.70%, 0, 0, 5, 277.25, 2986838, 558, 0, 0
11905, 72, 106, 374, 0, 0, 26.70%, 0, 0, 5, 279.13, 2988138, 558, 0, 0
11910, 72, 369, 374, 0, 0, 26.70%, 0, 0, 5, 284.89, 2989358, 558, 0, 0
11915, 72, 213, 374, 0, 0, 26.70%, 0, 0, 5, 290.64, 2990537, 558, 0, 0
11920, 73, 341, 374, 0, 0, 26.70%, 0, 0, 5, 235.48, 2991792, 558, 0, 0
11925, 73, 319, 374, 0, 0, 26.70%, 0, 0, 5, 278.08, 2993118, 558, 0, 0
11930, 73, 349, 374, 0, 0, 26.70%, 0, 0, 5, 139.93, 2994336, 558, 0, 0
11935, 73, 285, 374, 0, 0, 26.70%, 0, 0, 5, 239.32, 2995538, 558, 0, 0
11941, 73, 76, 374, 0, 0, 26.70%, 0, 0, 5, 255.96, 2996853, 558, 0, 0
11946, 73, 176, 374, 0, 0, 26.70%, 0, 0, 5, 265.52, 2998173, 558, 0, 0
11951, 73, 204, 374, 0, 0, 26.70%, 0, 0, 5, 306.47, 2999352, 558, 0, 0
11956, 73, 202, 374, 0, 0, 26.70%, 0, 0, 5, 299.85, 3000646, 558, 0, 0
11961, 73, 76, 374, 0, 0, 26.70%, 0, 0, 5, 289.77, 3001946, 558, 0, 0
11966, 73, 129, 374, 0, 0, 26.70%, 0, 0, 5, 302.06, 3003188, 558, 0, 0
11971, 73, 222, 374, 0, 0, 26.70%, 0, 0, 5, 269.99, 3004468, 558, 0, 0
11976, 73, 341, 374, 0, 0, 26.70%, 0, 0, 5, 38.46, 3005658, 558, 0, 0
11982, 73, 130, 374, 0, 0, 26.70%, 0, 0, 5, 296.16, 3006968, 558, 0, 0
11987, 73, 203, 374, 0, 0, 26.70%, 0, 0, 5, 281.62, 3008293, 558, 0, 0
11992, 73, 75, 374, 0, 0, 26.70%, 0, 0, 5, 299.52, 3009503, 558, 0, 0
11997, 73, 52, 374, 0, 0, 26.70%, 0, 0, 5, 280.38, 3010743, 558, 0, 0
12002, 73, 354, 374, 0, 0, 26.70%, 0, 0, 5, 188.93, 3011978, 558, 0, 0
12007, 73, 133, 374, 0, 0, 26.70%, 0, 0, 5, 237.23, 3013245, 558, 0, 0
12012, 73, 309, 374, 0, 0, 26.70%, 0, 0, 5, 296.21, 3014558, 558, 0, 0
12018, 73, 191, 374, 0, 0, 26.70%, 0, 0, 5, 256.03, 3015768, 558, 0, 0
12023, 73, 99, 374, 0, 0, 26.70%, 0, 0, 5, 298.56, 3017088, 558, 0, 0
12028, 73, 335, 374, 0, 0, 26.70%, 0, 0, 5, 298.61, 3018398, 558, 0, 0
12033, 73, 111, 374, 0, 0, 26.70%, 0, 0, 5, 303.59, 3019584, 558, 0, 0
12038, 73, 213, 374, 0, 0, 26.70%, 0, 0, 5, 305.14, 3020860, 558, 0, 0
12043, 73, 82, 374, 0, 0, 26.70%, 0, 0, 5, 272.21, 3022098, 558, 0, 0
12048, 73, 2, 374, 0, 0, 26.70%, 0, 0, 5, 290.17, 3023313, 558, 0, 0
12053, 73, 44, 374, 0, 0, 26.70%, 0, 0, 5, 35.37, 3024533, 558, 0, 0
12058, 73, 67, 374, 0, 0, 26.70%, 0, 0, 5, 237.25, 3025823, 558, 0, 0
12063, 73, 69, 374, 0, 0, 26.70%, 0, 0, 5, 303.48, 3027092, 558, 0, 0
12069, 73, 71, 374, 0, 0, 26.70%, 0, 0, 5, 282.34, 3028398, 558, 0, 0
12074, 73, 355, 374, 0, 0, 26.70%, 0, 0, 5, 294.98, 3029558, 558, 0, 0
12079, 74, 133, 374, 0, 0, 26.70%, 0, 0, 5, 64.10, 3030683, 558, 0, 0
12084, 74, 355, 374, 0, 0, 26.70%, 0, 0, 5, 295.46, 3032083, 558, 0, 0
12089, 74, 2, 374, 0, 0, 26.70%, 0, 0, 5, 242.67, 3033303, 558, 0, 0
12094, 74, 156, 374, 0, 0, 26.70%, 0, 0, 5, 300.80, 3034515, 558, 0, 0
12099, 74, 129, 374, 0, 0, 26.70%, 0, 0, 5, 244.64, 3035833, 558, 0, 0
12104, 74, 82, 374, 0, 0, 26.70%, 0, 0, 5, 33.44, 3037033, 558, 0, 0
12109, 74, 309, 374, 0, 0, 26.70%, 0, 0, 5, 294.15, 3038318, 558, 0, 0
12114, 74, 156, 374, 0, 0, 26.70%, 0, 0, 5, 265.21, 3039613, 558, 0, 0
12119, 74, 212, 374, 0, 0, 26.70%, 0, 0, 5, 298.51, 3040807, 558, 0, 0
12124, 74, 44, 374, 0, 0, 26.70%, 0, 0, 5, 299.62, 3042058, 558, 0, 0
12130, 74, 75, 374, 0, 0, 26.70%, 0, 0, 5, 226.75, 3043356, 558, 0, 0
12135, 74, 309, 374, 0, 0, 26.70%, 0, 0, 5, 271.72, 3044513, 558, 0, 0
12140, 74, 82, 374, 0, 0, 26.70%, 0, 0, 5, 284.15, 3045788, 558, 0, 0
12145, 74, 99, 374, 0, 0, 26.70%, 0, 0, 5, 232.91, 3046986, 558, 0, 0
12150, 74, 136, 374, 0, 0, 26.70%, 0, 0, 5, 273.26, 3048313, 558, 0, 0
12155, 74, 353, 374, 0, 0, 26.70%, 0, 0, 5, 306.75, 3049629, 558, 0, 0
12160, 74, 329, 374, 0, 0, 26.70%, 0, 0, 5, 267.93, 3050903, 558, 0, 0
12165, 74, 287, 374, 0, 0, 26.70%, 0, 0, 5, 205.00, 3052109, 558, 0, 0
12170, 74, 133, 374, 0, 0, 26.70%, 0, 0, 5, 261.80, 3053393, 558, 0, 0
12176, 74, 191, 374, 0, 0, 26.70%, 0, 0, 5, 38.61, 3054578, 558, 0, 0
12181, 74, 99, 374, 0, 0, 26.70%, 0, 0, 5, 297.14, 3055918, 558, 0, 0
12186, 74, 133, 374, 0, 0, 26.70%, 0, 0, 5, 230.03, 3057212, 558, 0, 0
12191, 74, 329, 374, 0, 0, 26.70%, 0, 0, 5, 236.63, 3058332, 558, 0, 0
12196, 74, 222, 374, 0, 0, 26.70%, 0, 0, 5, 287.34, 3059643, 558, 0, 0
12201, 74, 355, 374, 0, 0, 26.70%, 0, 0, 5, 298.38, 3060933, 558, 0, 0
12206, 74, 87, 374, 0, 0, 26.70%, 0, 0, 5, 34.01, 3062138, 558, 0, 0
12211, 74, 95, 374, 0, 0, 26.70%, 0, 0, 5, 289.38, 3063418, 558, 0, 0
12216, 74, 354, 374, 0, 0, 26.70%, 0, 0, 5, 298.12, 3064747, 558, 0, 0
12222, 74, 50, 374, 0, 0, 26.70%, 0, 0, 5, 303.48, 3065924, 558, 0, 0
12227, 74, 336, 374, 0, 0, 26.70%, 0, 0, 5, 237.71, 3067204, 558, 0, 0
12232, 74, 334, 374, 0, 0, 26.70%, 0, 0, 5, 285.14, 3068513, 558, 0, 0
12237, 74, 176, 374, 0, 0, 26.70%, 0, 0, 5, 293.64, 3069723, 558, 0, 0
12242, 75, 202, 374, 0, 0, 26.70%, 0, 0, 5, 287.03, 3070993, 558, 0, 0
12247, 75, 176, 374, 0, 0, 26.70%, 0, 0, 5, 302.22, 3072216, 558, 0, 0
12252, 75, 117, 374, 0, 0, 26.70%, 0, 0, 5, 38.61, 3073418, 558, 0, 0
12257, 75, 145, 374, 0, 0, 26.70%, 0, 0, 5, 301.58, 3074688, 558, 0, 0
12263, 75, 355, 374, 0, 0, 26.70%, 0, 0, 5, 296.67, 3075988, 558, 0, 0
12268, 75, 82, 374, 0, 0, 26.70%, 0, 0, 5, 295.62, 3077303, 558, 0, 0
12273, 75, 355, 374, 0, 0, 26.70%, 0, 0, 5, 290.00, 3078485, 558, 0, 0
12278, 75, 18, 374, 0, 0, 26.70%, 0, 0, 5, 296.77, 3079758, 558, 0, 0
12283, 75, 156, 374, 0, 0, 26.70%, 0, 0, 5, 269.02, 3081033, 558, 0, 0
12288, 75, 59, 374, 0, 0, 26.70%, 0, 0, 5, 285.05, 3082313, 558, 0, 0
12293, 75, 129, 374, 0, 0, 26.70%, 0, 0, 5, 284.75, 3083628, 558, 0, 0
12299, 75, 82, 374, 0, 0, 26.70%, 0, 0, 5, 295.57, 3084803, 558, 0, 0
12304, 75, 14, 374, 0, 0, 26.70%, 0, 0, 5, 128.40, 3086086, 558, 0, 0
12309, 75, 228, 374, 0, 0, 26.70%, 0, 0, 5, 270.64, 3087373, 558, 0, 0
12314, 75, 306, 374, 0, 0, 26.70%, 0, 0, 5, 303.48, 3088574, 558, 0, 0
12319, 75, 111, 374, 0, 0, 26.70%, 0, 0, 5, 206.00, 3089858, 558, 0, 0
12324, 75, 329, 374, 0, 0, 26.70%, 0, 0, 5, 250.96, 3091138, 558, 0, 0
12329, 75, 213, 374, 0, 0, 26.70%, 0, 0, 5, 289.52, 3092394, 558, 0, 0
12334, 75, 129, 374, 0, 0, 26.70%, 0, 0, 5, 249.74, 3093612, 558, 0, 0
12339, 75, 166, 374, 0, 0, 26.70%, 0, 0, 5, 31.67, 3094833, 558, 0, 0
12344, 75, 354, 374, 0, 0, 26.70%, 0, 0, 5, 229.67, 3096092, 558, 0, 0
12349, 75, 355, 374, 0, 0, 26.70%, 0, 0, 5, 48.54, 3097248, 558, 0, 0
12354, 75, 75, 374, 0, 0, 26.70%, 0, 0, 5, 296.36, 3098533, 558, 0, 0
12359, 75, 148, 374, 0, 0, 26.70%, 0, 0, 5, 298.14, 3099693, 558, 0, 0
12365, 75, 287, 374, 0, 0, 26.70%, 0, 0, 5, 289.15, 3101008, 558, 0, 0
12370, 75, 215, 374, 0, 0, 26.70%, 0, 0, 5, 291.48, 3102258, 558, 0, 0
12375, 75, 156, 374, 0, 0, 26.70%, 0, 0, 5, 249.11, 3103533, 558, 0, 0
12380, 75, 341, 374, 0, 0, 26.70%, 0, 0, 5, 287.21, 3104728, 558, 0, 0
12385, 75, 202, 374, 0, 0, 26.70%, 0, 0, 5, 291.44, 3106023, 558, 0, 0
12390, 75, 309, 374, 0, 0, 26.70%, 0, 0, 5, 279.88, 3107228, 558, 0, 0
12395, 75, 155, 374, 0, 0, 26.70%, 0, 0, 5, 255.77, 3108428, 558, 0, 0
12401, 75, 354, 374, 0, 0, 26.70%, 0, 0, 5, 294.71, 3109758, 558, 0, 0
12406, 76, 165, 374, 0, 0, 26.70%, 0, 0, 5, 297.08, 3111023, 558, 0, 0
12411, 76, 177, 374, 0, 0, 26.70%, 0, 0, 5, 279.40, 3112338, 558, 0, 0
12416, 76, 2, 374, 0, 0, 26.70%, 0, 0, 5, 57.14, 3113538, 558, 0, 0
12421, 76, 309, 374, 0, 0, 26.70%, 0, 0, 5, 208.79, 3114812, 558, 0, 0
12426, 76, 156, 374, 0, 0, 26.70%, 0, 0, 5, 303.00, 3116114, 558, 0, 0
12431, 76, 111, 374, 0, 0, 26.70%, 0, 0, 5, 295.03, 3117438, 558, 0, 0
12436, 76, 99, 374, 0, 0, 26.70%, 0, 0, 5, 274.94, 3118673, 558, 0, 0
12441, 76, 360, 374, 0, 0, 26.70%, 0, 0, 5, 275.32, 3119988, 558, 0, 0
12447, 76, 133, 374, 0, 0, 26.70%, 0, 0, 5, 44.44, 3121183, 558, 0, 0
12452, 76, 166, 374, 0, 0, 26.70%, 0, 0, 5, 280.93, 3122503, 558, 0, 0
12457, 76, 142, 374, 0, 0, 26.70%, 0, 0, 5, 302.10, 3123816, 558, 0, 0
12462, 76, 129, 374, 0, 0, 26.70%, 0, 0, 5, 294.17, 3125003, 558, 0, 0
12467, 76, 336, 374, 0, 0, 26.70%, 0, 0, 5, 300.84, 3126302, 558, 0, 0
12472, 76, 341, 374, 0, 0, 26.70%, 0, 0, 5, 286.68, 3127503, 558, 0, 0
12477, 76, 156, 374, 0, 0, 26.70%, 0, 0, 5, 232.64, 3128752, 558, 0, 0
12482, 76, 353, 374, 0, 0, 26.70%, 0, 0, 5, 292.85, 3130033, 558, 0, 0
12488, 76, 229, 374, 0, 0, 26.70%, 0, 0, 5, 282.18, 3131224, 558, 0, 0
12493, 76, 309, 374, 0, 0, 26.70%, 0, 0, 5, 295.96, 3132533, 558, 0, 0
12498, 76, 248, 374, 0, 0, 26.70%, 0, 0, 5, 287.05, 3133808, 558, 0, 0
12503, 76, 225, 374, 0, 0, 26.70%, 0, 0, 5, 175.08, 3135058, 558, 0, 0
12508, 76, 336, 374, 0, 0, 26.70%, 0, 0, 5, 36.76, 3136268, 558, 0, 0
12513, 76, 106, 374, 0, 0, 26.70%, 0, 0, 5, 276.87, 3137498, 558, 0, 0
12519, 76, 354, 374, 0, 0, 26.70%, 0, 0, 5, 299.24, 3138818, 558, 0, 0
12524, 76, 160, 374, 0, 0, 26.70%, 0, 0, 5, 293.17, 3140008, 558, 0, 0
12529, 76, 354, 374, 0, 0, 26.70%, 0, 0, 5, 283.58, 3141328, 558, 0, 0
12534, 76, 50, 374, 0, 0, 26.70%, 0, 0, 5, 264.92, 3142548, 558, 0, 0
12539, 76, 95, 374, 0, 0, 26.70%, 0, 0, 5, 274.15, 3143783, 558, 0, 0
12544, 76, 213, 374, 0, 0, 26.70%, 0, 0, 5, 272.60, 3145028, 558, 0, 0
12549, 76, 106, 374, 0, 0, 26.70%, 0, 0, 5, 283.60, 3146318, 558, 0, 0
12555, 76, 142, 374, 0, 0, 26.70%, 0, 0, 5, 248.76, 3147533, 558, 0, 0
12560, 76, 287, 374, 0, 0, 26.70%, 0, 0, 5, 292.26, 3148818, 558, 0, 0
12565, 77, 95, 374, 0, 0, 26.70%, 0, 0, 5, 34.36, 3150083, 558, 0, 0
12570, 77, 166, 374, 0, 0, 26.70%, 0, 0, 5, 303.31, 3151344, 558, 0, 0
12575, 77, 129, 374, 0, 0, 26.70%, 0, 0, 5, 300.34, 3152632, 558, 0, 0
12580, 77, 248, 374, 0, 0, 26.70%, 0, 0, 5, 31.69, 3153847, 558, 0, 0
12585, 77, 50, 374, 0, 0, 26.70%, 0, 0, 5, 294.92, 3155103, 558, 0, 0
12590, 77, 176, 374, 0, 0, 26.70%, 0, 0, 5, 296.53, 3156335, 558, 0, 0
12595, 77, 106, 374, 0, 0, 26.70%, 0, 0, 5, 244.99, 3157575, 558, 0, 0
12601, 77, 166, 374, 0, 0, 26.70%, 0, 0, 5, 279.36, 3158893, 558, 0, 0
12606, 77, 354, 374, 0, 0, 26.70%, 0, 0, 5, 257.08, 3160123, 558, 0, 0
12611, 77, 278, 374, 0, 0, 26.70%, 0, 0, 5, 294.45, 3161393, 558, 0, 0
12616, 77, 137, 374, 0, 0, 26.70%, 0, 0, 5, 298.88, 3162613, 558, 0, 0
12621, 77, 341, 374, 0, 0, 26.70%, 0, 0, 5, 292.11, 3163858, 558, 0, 0
12626, 77, 202, 374, 0, 0, 26.70%, 0, 0, 5, 296.15, 3165078, 558, 0, 0
12631, 77, 156, 374, 0, 0, 26.70%, 0, 0, 5, 31.35, 3166268, 558, 0, 0
12636, 77, 314, 374, 0, 0, 26.70%, 0, 0, 5, 299.96, 3167528, 558, 0, 0
12642, 77, 217, 374, 0, 0, 26.70%, 0, 0, 5, 297.45, 3168758, 558, 0, 0
12647, 77, 55, 374, 0, 0, 26.70%, 0, 0, 5, 299.84, 3170073, 558, 0, 0
12652, 77, 355, 374, 0, 0, 26.70%, 0, 0, 5, 288.80, 3171258, 558, 0, 0
12657, 77, 76, 374, 0, 0, 26.70%, 0, 0, 5, 294.58, 3172548, 558, 0, 0
12662, 77, 82, 374, 0, 0, 26.70%, 0, 0, 5, 214.85, 3173719, 558, 0, 0
12667, 77, 261, 374, 0, 0, 26.70%, 0, 0, 5, 254.37, 3174998, 558, 0, 0
12672, 77, 341, 374, 0, 0, 26.70%, 0, 0, 5, 300.10, 3176176, 558, 0, 0
12677, 77, 124, 374, 0, 0, 26.70%, 0, 0, 5, 274.99, 3177443, 558, 0, 0
12682, 77, 44, 374, 0, 0, 26.70%, 0, 0, 5, 295.37, 3178638, 558, 0, 0
12687, 77, 106, 374, 0, 0, 26.70%, 0, 0, 5, 298.13, 3179918, 558, 0, 0
12692, 77, 355, 374, 0, 0, 26.70%, 0, 0, 5, 199.00, 3181148, 558, 0, 0
12697, 77, 44, 374, 0, 0, 26.70%, 0, 0, 5, 190.78, 3182422, 558, 0, 0
12703, 77, 44, 374, 0, 0, 26.70%, 0, 0, 5, 260.38, 3183697, 558, 0, 0
12708, 77, 5, 374, 0, 0, 26.70%, 0, 0, 5, 298.29, 3184958, 558, 0, 0
12713, 77, 336, 374, 0, 0, 26.70%, 0, 0, 5, 291.40, 3186253, 558, 0, 0
12718, 77, 354, 374, 0, 0, 26.70%, 0, 0, 5, 293.63, 3187468, 558, 0, 0
12723, 78, 111, 374, 0, 0, 26.70%, 0, 0, 5, 275.00, 3188758, 558, 0, 0
12728, 78, 62, 374, 0, 0, 26.70%, 0, 0, 5, 276.67, 3190043, 558, 0, 0
12734, 78, 62, 374, 0, 0, 26.70%, 0, 0, 5, 275.66, 3191263, 558, 0, 0
12739, 78, 355, 374, 0, 0, 26.70%, 0, 0, 5, 273.36, 3192578, 558, 0, 0
12744, 78, 44, 374, 0, 0, 26.70%, 0, 0, 5, 31.75, 3193758, 558, 0, 0
12749, 78, 111, 374, 0, 0, 26.70%, 0, 0, 5, 104.22, 3195095, 558, 0, 0
12754, 78, 354, 374, 0, 0, 26.70%, 0, 0, 5, 220.60, 3196344, 558, 0, 0
12759, 78, 100, 374, 0, 0, 26.70%, 0, 0, 5, 294.65, 3197578, 558, 0, 0
12764, 78, 173, 374, 0, 0, 26.70%, 0, 0, 5, 270.81, 3198793, 558, 0, 0
12769, 78, 2, 374, 0, 0, 26.70%, 0, 0, 5, 272.77, 3200183, 558, 0, 0
12775, 78, 329, 374, 0, 0, 26.70%, 0, 0, 5, 300.22, 3201409, 558, 0, 0
12780, 78, 156, 374, 0, 0, 26.70%, 0, 0, 5, 293.50, 3202708, 558, 0, 0
12785, 78, 106, 374, 0, 0, 26.70%, 0, 0, 5, 237.96, 3203885, 558, 0, 0
12790, 78, 95, 374, 0, 0, 26.70%, 0, 0, 5, 277.72, 3205123, 558, 0, 0
12795, 78, 176, 374, 0, 0, 26.70%, 0, 0, 5, 299.83, 3206453, 558, 0, 0
12800, 78, 156, 374, 0, 0, 26.70%, 0, 0, 5, 260.27, 3207688, 558, 0, 0
12805, 78, 369, 374, 0, 0, 26.70%, 0, 0, 5, 246.24, 3208972, 558, 0, 0
12810, 78, 355, 374, 0, 0, 26.70%, 0, 0, 5, 34.01, 3210108, 558, 0, 0
12815, 78, 99, 374, 0, 0, 26.70%, 0, 0, 5, 284.11, 3211488, 558, 0, 0
12820, 78, 355, 374, 0, 0, 26.70%, 0, 0, 5, 264.72, 3212668, 558, 0, 0
12826, 78, 355, 374, 0, 0, 26.70%, 0, 0, 5, 268.91, 3213997, 558, 0, 0
12831, 78, 202, 374, 0, 0, 26.70%, 0, 0, 5, 289.01, 3215218, 558, 0, 0
12836, 78, 227, 374, 0, 0, 26.70%, 0, 0, 5, 278.46, 3216518, 558, 0, 0
12841, 78, 135, 374, 0, 0, 26.70%, 0, 0, 5, 31.06, 3217753, 558, 0, 0
12846, 78, 287, 374, 0, 0, 26.70%, 0, 0, 5, 117.59, 3219055, 558, 0, 0
12852, 78, 336, 374, 0, 0, 26.70%, 0, 0, 5, 300.53, 3220397, 558, 0, 0
12857, 78, 221, 374, 0, 0, 26.70%, 0, 0, 5, 293.75, 3221608, 558, 0, 0
12862, 78, 44, 374, 0, 0, 26.70%, 0, 0, 5, 295.45, 3222878, 558, 0, 0
12867, 78, 95, 374, 0, 0, 26.70%, 0, 0, 5, 287.90, 3224033, 558, 0, 0
12872, 78, 156, 374, 0, 0, 26.70%, 0, 0, 5, 270.84, 3225413, 558, 0, 0
12877, 78, 159, 374, 0, 0, 26.70%, 0, 0, 5, 181.43, 3226657, 558, 0, 0
12882, 78, 329, 374, 0, 0, 26.70%, 0, 0, 5, 31.15, 3227833, 558, 0, 0
12887, 79, 341, 374, 0, 0, 26.70%, 0, 0, 5, 294.63, 3229118, 558, 0, 0
12892, 79, 354, 374, 0, 0, 26.70%, 0, 0, 5, 277.73, 3230403, 558, 0, 0
12898, 79, 125, 374, 0, 0, 26.70%, 0, 0, 5, 295.80, 3231708, 558, 0, 0
12903, 79, 287, 374, 0, 0, 26.70%, 0, 0, 5, 295.63, 3232863, 558, 0, 0
12908, 79, 82, 374, 0, 0, 26.70%, 0, 0, 5, 298.15, 3234133, 558, 0, 0
12913, 79, 55, 374, 0, 0, 26.70%, 0, 0, 5, 281.53, 3235453, 558, 0, 0
12918, 79, 341, 374, 0, 0, 26.70%, 0, 0, 5, 32.89, 3236688, 558, 0, 0
12923, 79, 285, 374, 0, 0, 26.70%, 0, 0, 5, 261.42, 3237983, 558, 0, 0
12928, 79, 309, 374, 0, 0, 26.70%, 0, 0, 5, 57.25, 3239258, 558, 0, 0
12933, 79, 106, 374, 0, 0, 26.70%, 0, 0, 5, 271.76, 3240523, 558, 0, 0
12939, 79, 111, 374, 0, 0, 26.70%, 0, 0, 5, 298.57, 3241828, 558, 0, 0
12944, 79, 52, 374, 0, 0, 26.70%, 0, 0, 5, 298.32, 3243018, 558, 0, 0
12949, 79, 222, 374, 0, 0, 26.70%, 0, 0, 5, 229.99, 3244231, 558, 0, 0
12954, 79, 159, 374, 0, 0, 26.70%, 0, 0, 5, 58.59, 3245513, 558, 0, 0
12959, 79, 353, 374, 0, 0, 26.70%, 0, 0, 5, 203.86, 3246741, 558, 0, 0
12964, 79, 318, 374, 0, 0, 26.70%, 0, 0, 5, 34.84, 3247978, 558, 0, 0
12969, 79, 227, 374, 0, 0, 26.70%, 0, 0, 5, 292.44, 3249218, 558, 0, 0
12974, 79, 205, 374, 0, 0, 26.70%, 0, 0, 5, 30.77, 3250503, 558, 0, 0
12980, 79, 36, 374, 0, 0, 26.70%, 0, 0, 5, 306.85, 3251819, 558, 0, 0
12985, 79, 76, 374, 0, 0, 26.70%, 0, 0, 5, 293.88, 3253008, 558, 0, 0
12990, 79, 369, 374, 0, 0, 26.70%, 0, 0, 5, 299.36, 3254303, 558, 0, 0
12995, 79, 319, 374, 0, 0, 26.70%, 0, 0, 5, 264.45, 3255473, 558, 0, 0
13000, 79, 329, 374, 0, 0, 26.70%, 0, 0, 5, 296.71, 3256748, 558, 0, 0
13005, 79, 106, 374, 0, 0, 26.70%, 0, 0, 5, 45.45, 3257953, 558, 0, 0
13010, 79, 319, 374, 0, 0, 26.70%, 0, 0, 5, 296.78, 3259253, 558, 0, 0
13015, 79, 355, 374, 0, 0, 26.70%, 0, 0, 5, 290.11, 3260488, 558, 0, 0
13020, 79, 99, 374, 0, 0, 26.70%, 0, 0, 5, 299.04, 3261753, 558, 0, 0
13025, 79, 50, 374, 0, 0, 26.70%, 0, 0, 5, 294.44, 3263038, 558, 0, 0
13030, 79, 44, 374, 0, 0, 26.70%, 0, 0, 5, 265.00, 3264200, 558, 0, 0
13035, 79, 75, 374, 0, 0, 26.70%, 0, 0, 5, 299.24, 3265473, 558, 0, 0
13041, 79, 309, 374, 0, 0, 26.70%, 0, 0, 5, 217.80, 3266720, 558, 0, 0
13046, 80, 106, 374, 0, 0, 26.70%, 0, 0, 5, 245.04, 3267847, 558, 0, 0
13051, 80, 111, 374, 0, 0, 26.70%, 0, 0, 5, 281.87, 3269122, 558, 0, 0
13056, 80, 355, 374, 0, 0, 26.70%, 0, 0, 5, 300.87, 3270337, 558, 0, 0
13061, 80, 95, 374, 0, 0, 26.70%, 0, 0, 5, 219.45, 3271623, 558, 0, 0
13066, 80, 205, 374, 0, 0, 26.70%, 0, 0, 5, 297.39, 3272808, 558, 0, 0
13071, 80, 202, 374, 0, 0, 26.70%, 0, 0, 5, 287.12, 3274058, 558, 0, 0
13076, 80, 202, 374, 0, 0, 26.70%, 0, 0, 5, 292.90, 3275273, 558, 0, 0
13081, 80, 2, 374, 0, 0, 26.70%, 0, 0, 5, 39.84, 3276448, 558, 0, 0
13086, 80, 133, 374, 0, 0, 26.70%, 0, 0, 5, 274.18, 3277738, 558, 0, 0
13091, 80, 142, 374, 0, 0, 26.70%, 0, 0, 5, 136.01, 3278909, 558, 0, 0
13096, 80, 166, 374, 0, 0, 26.70%, 0, 0, 5, 292.15, 3280193, 558, 0, 0
13101, 80, 355, 374, 0, 0, 26.70%, 0, 0, 5, 57.97, 3281353, 558, 0, 0
13107, 80, 336, 374, 0, 0, 26.70%, 0, 0, 5, 299.30, 3282678, 558, 0, 0
13112, 80, 309, 374, 0, 0, 26.70%, 0, 0, 5, 304.83, 3283884, 558, 0, 0
13117, 80, 329, 374, 0, 0, 26.70%, 0, 0, 5, 286.28, 3285178, 558, 0, 0
13122, 80, 99, 374, 0, 0, 26.70%, 0, 0, 5, 271.34, 3286413, 558, 0, 0
13127, 80, 202, 374, 0, 0, 26.70%, 0, 0, 5, 298.51, 3287653, 558, 0, 0
13132, 80, 117, 374, 0, 0, 26.70%, 0, 0, 5, 294.78, 3288983, 558, 0, 0
13138, 80, 166, 374, 0, 0, 26.70%, 0, 0, 5, 31.25, 3290183, 558, 0, 0
13143, 80, 109, 374, 0, 0, 26.70%, 0, 0, 5, 295.60, 3291503, 558, 0, 0
13148, 80, 202, 374, 0, 0, 26.70%, 0, 0, 5, 296.13, 3292793, 558, 0, 0
13153, 80, 355, 374, 0, 0, 26.70%, 0, 0, 5, 279.32, 3293928, 558, 0, 0
13158, 80, 129, 374, 0, 0, 26.70%, 0, 0, 5, 291.40, 3295218, 558, 0, 0
13163, 80, 80, 374, 0, 0, 26.70%, 0, 0, 5, 286.28, 3296413, 558, 0, 0
13168, 80, 164, 374, 0, 0, 26.70%, 0, 0, 5, 36.36, 3297583, 558, 0, 0
13173, 80, 164, 374, 0, 0, 26.70%, 0, 0, 5, 281.44, 3298918, 558, 0, 0
13178, 80, 202, 374, 0, 0, 26.70%, 0, 0, 5, 295.00, 3300137, 558, 0, 0
13184, 80, 44, 374, 0, 0, 26.70%, 0, 0, 5, 280.40, 3301458, 558, 0, 0
13189, 80, 166, 374, 0, 0, 26.70%, 0, 0, 5, 33.33, 3302647, 558, 0, 0
13194, 80, 106, 374, 0, 0, 26.70%, 0, 0, 5, 290.48, 3303938, 558, 0, 0
13199, 80, 287, 374, 0, 0, 26.70%, 0, 0, 5, 300.15, 3305252, 558, 0, 0
13204, 80, 53, 374, 0, 0, 26.70%, 0, 0, 5, 296.17, 3306438, 558, 0, 0
13209, 81, 354, 374, 0, 0, 26.70%, 0, 0, 5, 294.39, 3307713, 558, 0, 0
13214, 81, 44, 374, 0, 0, 26.70%, 0, 0, 5, 207.76, 3308997, 558, 0, 0
13219, 81, 50, 374, 0, 0, 26.70%, 0, 0, 5, 246.16, 3310197, 558, 0, 0
13224, 81, 229, 374, 0, 0, 26.70%, 0, 0, 5, 272.14, 3311478, 558, 0, 0
13229, 81, 341, 374, 0, 0, 26.70%, 0, 0, 5, 288.03, 3312753, 558, 0, 0
13234, 81, 277, 374, 0, 0, 26.70%, 0, 0, 5, 301.24, 3314051, 558, 0, 0
13239, 81, 167, 374, 0, 0, 26.70%, 0, 0, 5, 281.69, 3315323, 558, 0, 0
13245, 81, 303, 374, 0, 0, 26.70%, 0, 0, 5, 300.00, 3316527, 558, 0, 0
13250, 81, 142, 374, 0, 0, 26.70%, 0, 0, 5, 273.34, 3317858, 558, 0, 0
13255, 81, 11, 374, 0, 0, 26.70%, 0, 0, 5, 300.75, 3319066, 558, 0, 0
13260, 81, 213, 374, 0, 0, 26.70%, 0, 0, 5, 280.71, 3320308, 558, 0, 0
13265, 81, 111, 374, 0, 0, 26.70%, 0, 0, 5, 272.92, 3321528, 558, 0, 0
13270, 81, 285, 374, 0, 0, 26.70%, 0, 0, 5, 305.00, 3322734, 558, 0, 0
13275, 81, 100, 374, 0, 0, 26.70%, 0, 0, 5, 294.99, 3324068, 558, 0, 0
13281, 81, 354, 374, 0, 0, 26.70%, 0, 0, 5, 147.72, 3325268, 558, 0, 0
13286, 81, 76, 374, 0, 0, 26.70%, 0, 0, 5, 298.54, 3326588, 558, 0, 0
13291, 81, 217, 374, 0, 0, 26.70%, 0, 0, 5, 288.31, 3327793, 558, 0, 0
13296, 81, 156, 374, 0, 0, 26.70%, 0, 0, 5, 281.92, 3329033, 558, 0, 0
13301, 81, 75, 374, 0, 0, 26.70%, 0, 0, 5, 287.35, 3330218, 558, 0, 0
13306, 81, 341, 374, 0, 0, 26.70%, 0, 0, 5, 283.50, 3331418, 558, 0, 0
13311, 81, 299, 374, 0, 0, 26.70%, 0, 0, 5, 267.75, 3332743, 558, 0, 0
13316, 81, 222, 374, 0, 0, 26.70%, 0, 0, 5, 268.41, 3333948, 558, 0, 0
13321, 81, 360, 374, 0, 0, 26.70%, 0, 0, 5, 281.42, 3335338, 558, 0, 0
13327, 81, 227, 374, 0, 0, 26.70%, 0, 0, 5, 264.37, 3336533, 558, 0, 0
13332, 81, 329, 374, 0, 0, 26.70%, 0, 0, 5, 286.97, 3337858, 558, 0, 0
13337, 81, 213, 374, 0, 0, 26.70%, 0, 0, 5, 38.46, 3339068, 558, 0, 0
13342, 81, 190, 374, 0, 0, 26.70%, 0, 0, 5, 300.06, 3340347, 558, 0, 0
13347, 81, 285, 374, 0, 0, 26.70%, 0, 0, 5, 293.65, 3341653, 558, 0, 0
13352, 81, 82, 374, 0, 0, 26.70%, 0, 0, 5, 293.18, 3342963, 558, 0, 0
13357, 81, 93, 374, 0, 0, 26.70%, 0, 0, 5, 273.60, 3344213, 558, 0, 0
13362, 81, 287, 374, 0, 0, 26.70%, 0, 0, 5, 44.05, 3345413, 558, 0, 0
13367, 82, 372, 374, 0, 0, 26.70%, 0, 0, 5, 250.10, 3346728, 558, 0, 0
13373, 82, 2, 374, 0, 0, 26.70%, 0, 0, 5, 296.11, 3348008, 558, 0, 0
13378, 82, 355, 374, 0, 0, 26.70%, 0, 0, 5, 261.14, 3349263, 558, 0, 0
13383, 82, 354, 374, 0, 0, 26.70%, 0, 0, 5, 289.09, 3350523, 558, 0, 0
13388, 82, 309, 374, 0, 0, 26.70%, 0, 0, 5, 296.79, 3351838, 558, 0, 0
13393, 82, 166, 374, 0, 0, 26.70%, 0, 0, 5, 31.35, 3353103, 558, 0, 0
13398, 82, 202, 374, 0, 0, 26.70%, 0, 0, 5, 282.22, 3354397, 558, 0, 0
13403, 82, 309, 374, 0, 0, 26.70%, 0, 0, 5, 298.66, 3355728, 558, 0, 0
13408, 82, 287, 374, 0, 0, 26.70%, 0, 0, 5, 297.20, 3356993, 558, 0, 0
13414, 82, 222, 374, 0, 0, 26.70%, 0, 0, 5, 301.98, 3358194, 558, 0, 0
13419, 82, 166, 374, 0, 0, 26.70%, 0, 0, 5, 116.21, 3359531, 558, 0, 0
13424, 82, 176, 374, 0, 0, 26.70%, 0, 0, 5, 291.74, 3360838, 558, 0, 0
13429, 82, 43, 374, 0, 0, 26.70%, 0, 0, 5, 271.33, 3362053, 558, 0, 0
13434, 82, 227, 374, 0, 0, 26.70%, 0, 0, 5, 52.82, 3363303, 558, 0, 0
13439, 82, 129, 374, 0, 0, 26.70%, 0, 0, 5, 207.08, 3364586, 558, 0, 0
13444, 82, 237, 374, 0, 0, 26.70%, 0, 0, 5, 256.36, 3365858, 558, 0, 0
13450, 82, 309, 374, 0, 0, 26.70%, 0, 0, 5, 270.55, 3367108, 558, 0, 0
13455, 82, 111, 374, 0, 0, 26.70%, 0, 0, 5, 296.24, 3368428, 558, 0, 0
13460, 82, 369, 374, 0, 0, 26.70%, 0, 0, 5, 293.52, 3369733, 558, 0, 0
13465, 82, 44, 374, 0, 0, 26.70%, 0, 0, 5, 281.74, 3370958, 558, 0, 0
13470, 82, 213, 374, 0, 0, 26.70%, 0, 0, 5, 287.52, 3372238, 558, 0, 0
13475, 82, 202, 374, 0, 0, 26.70%, 0, 0, 5, 297.49, 3373493, 558, 0, 0
13480, 82, 37, 374, 0, 0, 26.70%, 0, 0, 5, 251.27, 3374783, 558, 0, 0
13485, 82, 354, 374, 0, 0, 26.70%, 0, 0, 5, 269.67, 3376013, 558, 0, 0
13491, 82, 202, 374, 0, 0, 26.70%, 0, 0, 5, 290.75, 3377298, 558, 0, 0
13496, 82, 164, 374, 0, 0, 26.70%, 0, 0, 5, 256.12, 3378503, 558, 0, 0
13501, 82, 193, 374, 0, 0, 26.70%, 0, 0, 5, 297.12, 3379803, 558, 0, 0
13506, 82, 222, 374, 0, 0, 26.70%, 0, 0, 5, 273.67, 3381113, 558, 0, 0
13511, 82, 142, 374, 0, 0, 26.70%, 0, 0, 5, 301.56, 3382397, 558, 0, 0
13516, 82, 162, 374, 0, 0, 26.70%, 0, 0, 5, 303.07, 3383584, 558, 0, 0
13521, 82, 176, 374, 0, 0, 26.70%, 0, 0, 5, 285.13, 3384848, 558, 0, 0
13526, 83, 99, 374, 0, 0, 26.70%, 0, 0, 5, 298.24, 3386158, 558, 0, 0
13531, 83, 336, 374, 0, 0, 26.70%, 0, 0, 5, 42.15, 3387358, 558, 0, 0
13537, 83, 166, 374, 0, 0, 26.70%, 0, 0, 5, 298.72, 3388673, 558, 0, 0
13542, 83, 76, 374, 0, 0, 26.70%, 0, 0, 5, 290.19, 3389948, 558, 0, 0
13547, 83, 341, 374, 0, 0, 26.70%, 0, 0, 5, 42.90, 3390933, 558, 0, 0
13552, 83, 156, 374, 0, 0, 26.70%, 0, 0, 5, 290.86, 3392328, 558, 0, 0
13557, 83, 287, 374, 0, 0, 26.70%, 0, 0, 5, 282.62, 3393398, 558, 0, 0
13562, 83, 50, 374, 0, 0, 26.70%, 0, 0, 5, 301.98, 3394468, 558, 0, 0
13567, 83, 166, 374, 0, 0, 26.70%, 0, 0, 5, 295.08, 3395922, 558, 0, 0
13572, 83, 222, 374, 0, 0, 26.70%, 0, 0, 5, 298.37, 3397053, 558, 0, 0
13577, 83, 341, 374, 0, 0, 26.70%, 0, 0, 5, 31.25, 3398231, 558, 0, 0
13583, 83, 106, 374, 0, 0, 26.70%, 0, 0, 5, 296.78, 3399708, 558, 0, 0
13588, 83, 212, 374, 0, 0, 26.70%, 0, 0, 5, 295.74, 3400818, 558, 0, 0
13593, 83, 211, 374, 0, 0, 26.70%, 0, 0, 5, 31.57, 3401941, 558, 0, 0
13598, 83, 168, 374, 0, 0, 26.70%, 0, 0, 5, 297.30, 3403423, 558, 0, 0
13603, 83, 354, 374, 0, 0, 26.70%, 0, 0, 5, 249.62, 3404551, 558, 0, 0
13608, 83, 354, 374, 0, 0, 26.70%, 0, 0, 5, 31.56, 3405657, 558, 0, 0
13613, 83, 133, 374, 0, 0, 26.70%, 0, 0, 5, 298.74, 3407163, 558, 0, 0
13618, 83, 336, 374, 0, 0, 26.70%, 0, 0, 5, 256.84, 3408288, 558, 0, 0
13624, 83, 354, 374, 0, 0, 26.70%, 0, 0, 5, 290.00, 3409423, 558, 0, 0
13629, 83, 75, 374, 0, 0, 26.70%, 0, 0, 5, 294.67, 3410943, 558, 0, 0
13634, 83, 133, 374, 0, 0, 26.70%, 0, 0, 5, 238.83, 3412058, 558, 0, 0
13639, 83, 193, 374, 0, 0, 26.70%, 0, 0, 5, 296.73, 3413168, 558, 0, 0
13644, 83, 111, 374, 0, 0, 26.70%, 0, 0, 5, 294.24, 3414683, 558, 0, 0
13649, 83, 176, 374, 0, 0, 26.70%, 0, 0, 5, 283.12, 3415763, 558, 0, 0
13654, 83, 202, 374, 0, 0, 26.70%, 0, 0, 5, 286.38, 3416858, 558, 0, 0
13659, 83, 336, 374, 0, 0, 26.70%, 0, 0, 5, 293.83, 3418368, 558, 0, 0
13665, 83, 95, 374, 0, 0, 26.70%, 0, 0, 5, 294.45, 3419503, 558, 0, 0
13670, 83, 353, 374, 0, 0, 26.70%, 0, 0, 5, 257.37, 3420603, 558, 0, 0
13675, 83, 2, 374, 0, 0, 26.70%, 0, 0, 5, 283.23, 3422103, 558, 0, 0
13680, 83, 341, 374, 0, 0, 26.70%, 0, 0, 5, 297.28, 3423203, 558, 0, 0
13685, 83, 369, 374, 0, 0, 26.70%, 0, 0, 5, 297.22, 3424323, 558, 0, 0
13690, 84, 285, 374, 0, 0, 26.70%, 0, 0, 5, 296.93, 3425838, 558, 0, 0
13695, 84, 341, 374, 0, 0, 26.70%, 0, 0, 5, 259.20, 3426968, 558, 0, 0
13701, 84, 329, 374, 0, 0, 26.70%, 0, 0, 5, 290.48, 3428078, 558, 0, 0
13706, 84, 336, 374, 0, 0, 26.70%, 0, 0, 5, 280.21, 3429503, 558, 0, 0
13711, 84, 50, 374, 0, 0, 26.70%, 0, 0, 5, 258.22, 3430668, 558, 0, 0
13716, 84, 82, 374, 0, 0, 26.70%, 0, 0, 5, 246.39, 3431758, 558, 0, 0
13721, 84, 309, 374, 0, 0, 26.70%, 0, 0, 5, 275.30, 3433248, 558, 0, 0
13726, 84, 341, 374, 0, 0, 26.70%, 0, 0, 5, 294.13, 3434418, 558, 0, 0
13731, 84, 288, 374, 0, 0, 26.70%, 0, 0, 5, 291.31, 3435538, 558, 0, 0
13736, 84, 82, 374, 0, 0, 26.70%, 0, 0, 5, 289.33, 3437003, 558, 0, 0
13741, 84, 82, 374, 0, 0, 26.70%, 0, 0, 5, 293.09, 3438158, 558, 0, 0
13747, 84, 56, 374, 0, 0, 26.70%, 0, 0, 5, 297.74, 3439288, 558, 0, 0
13752, 84, 20, 374, 0, 0, 26.70%, 0, 0, 5, 31.35, 3440653, 558, 0, 0
13757, 84, 213, 374, 0, 0, 26.70%, 0, 0, 5, 294.37, 3441853, 558, 0, 0
13762, 84, 227, 374, 0, 0, 26.70%, 0, 0, 5, 298.02, 3442968, 558, 0, 0
13767, 84, 142, 374, 0, 0, 26.70%, 0, 0, 5, 31.28, 3444305, 558, 0, 0
13772, 84, 213, 374, 0, 0, 26.70%, 0, 0, 5, 280.78, 3445548, 558, 0, 0
13777, 84, 78, 374, 0, 0, 26.70%, 0, 0, 5, 299.19, 3446668, 558, 0, 0
13782, 84, 213, 374, 0, 0, 26.70%, 0, 0, 5, 31.54, 3447980, 558, 0, 0
13787, 84, 336, 374, 0, 0, 26.70%, 0, 0, 5, 297.83, 3449313, 558, 0, 0
13792, 84, 176, 374, 0, 0, 26.70%, 0, 0, 5, 297.73, 3450438, 558, 0, 0
13798, 84, 202, 374, 0, 0, 26.70%, 0, 0, 5, 37.85, 3451578, 558, 0, 0
13803, 84, 82, 374, 0, 0, 26.70%, 0, 0, 5, 296.36, 3453068, 558, 0, 0
13808, 84, 355, 374, 0, 0, 26.70%, 0, 0, 5, 269.10, 3454143, 558, 0, 0
13813, 84, 347, 374, 0, 0, 26.70%, 0, 0, 5, 35.65, 3455260, 558, 0, 0
13818, 84, 164, 374, 0, 0, 26.70%, 0, 0, 5, 297.69, 3456788, 558, 0, 0
13823, 84, 111, 374, 0, 0, 26.70%, 0, 0, 5, 292.75, 3457903, 558, 0, 0
13828, 84, 164, 374, 0, 0, 26.70%, 0, 0, 5, 296.78, 3459038, 558, 0, 0
13834, 84, 280, 374, 0, 0, 26.70%, 0, 0, 5, 294.20, 3460543, 558, 0, 0
13839, 84, 164, 374, 0, 0, 26.70%, 0, 0, 5, 293.31, 3461643, 558, 0, 0
13844, 84, 99, 374, 0, 0, 26.70%, 0, 0, 5, 301.77, 3462728, 558, 0, 0
13849, 85, 354, 374, 0, 0, 26.70%, 0, 0, 5, 297.47, 3464258, 558, 0, 0
13854, 85, 99, 374, 0, 0, 26.70%, 0, 0, 5, 271.00, 3465403, 558, 0, 0
13859, 85, 82, 374, 0, 0, 26.70%, 0, 0, 5, 294.64, 3466533, 558, 0, 0
13865, 85, 2, 374, 0, 0, 26.70%, 0, 0, 5, 30.96, 3468013, 558, 0, 0
13870, 85, 95, 374, 0, 0, 26.70%, 0, 0, 5, 260.43, 3469188, 558, 0, 0
13875, 85, 329, 374, 0, 0, 26.70%, 0, 0, 5, 307.78, 3470260, 558, 0, 0
13880, 85, 44, 374, 0, 0, 26.70%, 0, 0, 5, 30.96, 3471713, 558, 0, 0
13885, 85, 248, 374, 0, 0, 26.70%, 0, 0, 5, 268.19, 3472888, 558, 0, 0
13890, 85, 355, 374, 0, 0, 26.70%, 0, 0, 5, 220.89, 3474016, 558, 0, 0
13895, 85, 346, 374, 0, 0, 26.70%, 0, 0, 5, 30.96, 3475448, 558, 0, 0
13901, 85, 222, 374, 0, 0, 26.70%, 0, 0, 5, 297.90, 3476713, 558, 0, 0
13906, 85, 355, 374, 0, 0, 26.70%, 0, 0, 5, 247.95, 3477815, 558, 0, 0
13911, 85, 340, 374, 0, 0, 26.70%, 0, 0, 5, 31.55, 3479188, 558, 0, 0
13916, 85, 227, 374, 0, 0, 26.70%, 0, 0, 5, 293.56, 3480388, 558, 0, 0
13921, 85, 166, 374, 0, 0, 26.70%, 0, 0, 5, 295.24, 3481503, 558, 0, 0
13926, 85, 191, 374, 0, 0, 26.70%, 0, 0, 5, 31.34, 3482623, 558, 0, 0
13931, 85, 285, 374, 0, 0, 26.70%, 0, 0, 5, 283.57, 3484128, 558, 0, 0
13936, 85, 353, 374, 0, 0, 26.70%, 0, 0, 5, 264.34, 3485233, 558, 0, 0
13941, 85, 92, 374, 0, 0, 26.70%, 0, 0, 5, 295.00, 3486339, 558, 0, 0
13947, 85, 213, 374, 0, 0, 26.70%, 0, 0, 5, 297.05, 3487868, 558, 0, 0
13952, 85, 202, 374, 0, 0, 26.70%, 0, 0, 5, 285.98, 3488978, 558, 0, 0
13957, 85, 248, 374, 0, 0, 26.70%, 0, 0, 5, 287.21, 3490033, 558, 0, 0
13962, 85, 309, 374, 0, 0, 26.70%, 0, 0, 5, 293.47, 3491538, 558, 0, 0
13967, 85, 354, 374, 0, 0, 26.70%, 0, 0, 5, 278.30, 3492628, 558, 0, 0
13972, 85, 50, 374, 0, 0, 26.70%, 0, 0, 5, 306.23, 3493708, 558, 0, 0
13977, 85, 355, 374, 0, 0, 26.70%, 0, 0, 5, 31.15, 3495078, 558, 0, 0
13982, 85, 263, 374, 0, 0, 26.70%, 0, 0, 5, 298.78, 3496303, 558, 0, 0
13987, 85, 354, 374, 0, 0, 26.70%, 0, 0, 5, 299.88, 3497402, 558, 0, 0
13992, 85, 193, 374, 0, 0, 26.70%, 0, 0, 5, 31.24, 3498754, 558, 0, 0
13997, 85, 184, 374, 0, 0, 26.70%, 0, 0, 5, 298.24, 3500018, 558, 0, 0
14002, 85, 106, 374, 0, 0, 26.70%, 0, 0, 5, 268.07, 3501128, 558, 0, 0
14008, 85, 191, 374, 0, 0, 26.70%, 0, 0, 5, 31.37, 3502343, 558, 0, 0
14013, 85, 95, 374, 0, 0, 26.70%, 0, 0, 5, 294.79, 3503768, 558, 0, 0
14018, 86, 76, 374, 0, 0, 26.70%, 0, 0, 5, 247.09, 3504879, 558, 0, 0
14023, 86, 98, 374, 0, 0, 26.70%, 0, 0, 5, 282.18, 3505985, 558, 0, 0
14028, 86, 162, 374, 0, 0, 26.70%, 0, 0, 5, 293.18, 3507498, 558, 0, 0
14033, 86, 341, 374, 0, 0, 26.70%, 0, 0, 5, 293.41, 3508628, 558, 0, 0
14039, 86, 355, 374, 0, 0, 26.70%, 0, 0, 5, 294.95, 3509758, 558, 0, 0
14044, 86, 278, 374, 0, 0, 26.70%, 0, 0, 5, 287.73, 3511198, 558, 0, 0
14049, 86, 156, 374, 0, 0, 26.70%, 0, 0, 5, 247.34, 3512295, 558, 0, 0
14054, 86, 213, 374, 0, 0, 26.70%, 0, 0, 5, 307.13, 3513394, 558, 0, 0
14059, 86, 207, 374, 0, 0, 26.70%, 0, 0, 5, 298.13, 3514928, 558, 0, 0
14064, 86, 166, 374, 0, 0, 26.70%, 0, 0, 5, 294.05, 3516013, 558, 0, 0
14069, 86, 164, 374, 0, 0, 26.70%, 0, 0, 5, 293.81, 3517133, 558, 0, 0
14074, 86, 327, 374, 0, 0, 26.70%, 0, 0, 5, 31.35, 3518528, 558, 0, 0
14079, 86, 222, 374, 0, 0, 26.70%, 0, 0, 5, 259.65, 3519693, 558, 0, 0
14085, 86, 50, 374, 0, 0, 26.70%, 0, 0, 5, 274.67, 3520803, 558, 0, 0
14090, 86, 164, 374, 0, 0, 26.70%, 0, 0, 5, 31.14, 3522172, 558, 0, 0
14095, 86, 133, 374, 0, 0, 26.70%, 0, 0, 5, 294.52, 3523448, 558, 0, 0
14100, 86, 111, 374, 0, 0, 26.70%, 0, 0, 5, 239.02, 3524553, 558, 0, 0
14105, 86, 166, 374, 0, 0, 26.70%, 0, 0, 5, 31.16, 3525870, 558, 0, 0
14110, 86, 323, 374, 0, 0, 26.70%, 0, 0, 5, 298.71, 3527203, 558, 0, 0
14116, 86, 46, 374, 0, 0, 26.70%, 0, 0, 5, 246.16, 3528341, 558, 0, 0
14121, 86, 355, 374, 0, 0, 26.70%, 0, 0, 5, 31.30, 3529491, 558, 0, 0
14126, 86, 355, 374, 0, 0, 26.70%, 0, 0, 5, 292.92, 3530958, 558, 0, 0
14131, 86, 166, 374, 0, 0, 26.70%, 0, 0, 5, 298.92, 3532028, 558, 0, 0
14136, 86, 141, 374, 0, 0, 26.70%, 0, 0, 5, 31.33, 3533116, 558, 0, 0
14141, 86, 164, 374, 0, 0, 26.70%, 0, 0, 5, 266.54, 3534583, 558, 0, 0
14146, 86, 176, 374, 0, 0, 26.70%, 0, 0, 5, 276.61, 3535708, 558, 0, 0
14151, 86, 82, 374, 0, 0, 26.70%, 0, 0, 5, 38.89, 3536806, 558, 0, 0
14156, 86, 309, 374, 0, 0, 26.70%, 0, 0, 5, 296.66, 3538322, 558, 0, 0
14161, 86, 311, 374, 0, 0, 26.70%, 0, 0, 5, 296.01, 3539408, 558, 0, 0
14166, 86, 164, 374, 0, 0, 26.70%, 0, 0, 5, 35.81, 3540487, 558, 0, 0
14172, 86, 222, 374, 0, 0, 26.70%, 0, 0, 5, 293.92, 3541978, 558, 0, 0
14177, 86, 248, 374, 0, 0, 26.70%, 0, 0, 5, 290.84, 3543103, 558, 0, 0
14182, 87, 226, 374, 0, 0, 26.70%, 0, 0, 5, 290.00, 3544218, 558, 0, 0
14187, 87, 287, 374, 0, 0, 26.70%, 0, 0, 5, 293.40, 3545733, 558, 0, 0
14192, 87, 82, 374, 0, 0, 26.70%, 0, 0, 5, 299.24, 3546848, 558, 0, 0
14197, 87, 355, 374, 0, 0, 26.70%, 0, 0, 5, 290.58, 3547918, 558, 0, 0
14202, 87, 203, 374, 0, 0, 26.70%, 0, 0, 5, 296.77, 3549463, 558, 0, 0
14207, 87, 129, 374, 0, 0, 26.70%, 0, 0, 5, 298.55, 3550597, 558, 0, 0
14213, 87, 111, 374, 0, 0, 26.70%, 0, 0, 5, 184.69, 3551706, 558, 0, 0
14218, 87, 95, 374, 0, 0, 26.70%, 0, 0, 5, 275.90, 3553243, 558, 0, 0
14223, 87, 355, 374, 0, 0, 26.70%, 0, 0, 5, 273.19, 3554363, 558, 0, 0
14228, 87, 215, 374, 0, 0, 26.70%, 0, 0, 5, 218.42, 3555493, 558, 0, 0
14233, 87, 111, 374, 0, 0, 26.70%, 0, 0, 5, 274.38, 3556998, 558, 0, 0
14238, 87, 61, 374, 0, 0, 26.70%, 0, 0, 5, 291.30, 3558133, 558, 0, 0
14244, 87, 166, 374, 0, 0, 26.70%, 0, 0, 5, 279.70, 3559223, 558, 0, 0
14249, 87, 47, 374, 0, 0, 26.70%, 0, 0, 5, 35.34, 3560703, 558, 0, 0
14254, 87, 354, 374, 0, 0, 26.70%, 0, 0, 5, 297.01, 3561853, 558, 0, 0
14259, 87, 2, 374, 0, 0, 26.70%, 0, 0, 5, 225.67, 3562971, 558, 0, 0
14264, 87, 2, 374, 0, 0, 26.70%, 0, 0, 5, 37.17, 3564428, 558, 0, 0
14269, 87, 176, 374, 0, 0, 26.70%, 0, 0, 5, 294.42, 3565563, 558, 0, 0
14274, 87, 164, 374, 0, 0, 26.70%, 0, 0, 5, 262.61, 3566693, 558, 0, 0
14279, 87, 354, 374, 0, 0, 26.70%, 0, 0, 5, 283.28, 3568158, 558, 0, 0
14284, 87, 42, 374, 0, 0, 26.70%, 0, 0, 5, 294.92, 3569283, 558, 0, 0
14290, 87, 164, 374, 0, 0, 26.70%, 0, 0, 5, 300.51, 3570421, 558, 0, 0
14295, 87, 142, 374, 0, 0, 26.70%, 0, 0, 5, 284.41, 3571848, 558, 0, 0
14300, 87, 261, 374, 0, 0, 26.70%, 0, 0, 5, 256.70, 3573018, 558, 0, 0
14305, 87, 285, 374, 0, 0, 26.70%, 0, 0, 5, 278.27, 3574093, 558, 0, 0
14310, 87, 166, 374, 0, 0, 26.70%, 0, 0, 5, 290.19, 3575618, 558, 0, 0
14315, 87, 148, 374, 0, 0, 26.70%, 0, 0, 5, 281.73, 3576748, 558, 0, 0
14320, 87, 142, 374, 0, 0, 26.70%, 0, 0, 5, 295.88, 3577853, 558, 0, 0
14325, 87, 317, 374, 0, 0, 26.70%, 0, 0, 5, 31.55, 3579253, 558, 0, 0
14331, 87, 340, 374, 0, 0, 26.70%, 0, 0, 5, 296.11, 3580498, 558, 0, 0
14336, 87, 202, 374, 0, 0, 26.70%, 0, 0, 5, 223.41, 3581617, 558, 0, 0
14341, 87, 309, 374, 0, 0, 26.70%, 0, 0, 5, 31.00, 3582920, 558, 0, 0
14346, 88, 336, 374, 0, 0, 26.70%, 0, 0, 5, 298.15, 3584238, 558, 0, 0
14351, 88, 355, 374, 0, 0, 26.70%, 0, 0, 5, 292.92, 3585338, 558, 0, 0
14356, 88, 281, 374, 0, 0, 26.70%, 0, 0, 5, 31.18, 3586559, 558, 0, 0
14361, 88, 82, 374, 0, 0, 26.70%, 0, 0, 5, 294.89, 3587968, 558, 0, 0
14367, 88, 185, 374, 0, 0, 26.70%, 0, 0, 5, 294.92, 3589088, 558, 0, 0
14372, 88, 354, 374, 0, 0, 26.70%, 0, 0, 5, 31.65, 3590244, 558, 0, 0
14377, 88, 95, 374, 0, 0, 26.70%, 0, 0, 5, 271.95, 3591683, 558, 0, 0
14382, 88, 121, 374, 0, 0, 26.70%, 0, 0, 5, 295.99, 3592798, 558, 0, 0
14387, 88, 50, 374, 0, 0, 26.70%, 0, 0, 5, 38.70, 3593913, 558, 0, 0
14392, 88, 202, 374, 0, 0, 26.70%, 0, 0, 5, 298.15, 3595433, 558, 0, 0
14397, 88, 2, 374, 0, 0, 26.70%, 0, 0, 5, 282.21, 3596553, 558, 0, 0
14403, 88, 44, 374, 0, 0, 26.70%, 0, 0, 5, 295.50, 3597673, 558, 0, 0
14408, 88, 156, 374, 0, 0, 26.70%, 0, 0, 5, 289.98, 3599153, 558, 0, 0
14413, 88, 2, 374, 0, 0, 26.70%, 0, 0, 5, 294.82, 3600293, 558, 0, 0
14418, 88, 2, 374, 0, 0, 26.70%, 0, 0, 5, 224.81, 3601410, 558, 0, 0
14423, 88, 164, 374, 0, 0, 26.70%, 0, 0, 5, 31.45, 3602798, 558, 0, 0
14428, 88, 227, 374, 0, 0, 26.70%, 0, 0, 5, 291.14, 3603968, 558, 0, 0
14433, 88, 55, 374, 0, 0, 26.70%, 0, 0, 5, 302.57, 3605044, 558, 0, 0
14438, 88, 133, 374, 0, 0, 26.70%, 0, 0, 5, 31.34, 3606400, 558, 0, 0
14443, 88, 71, 374, 0, 0, 26.70%, 0, 0, 5, 293.92, 3607693, 558, 0, 0
14449, 88, 106, 374, 0, 0, 26.70%, 0, 0, 5, 293.95, 3608803, 558, 0, 0
14454, 88, 164, 374, 0, 0, 26.70%, 0, 0, 5, 31.60, 3609993, 558, 0, 0
14459, 88, 336, 374, 0, 0, 26.70%, 0, 0, 5, 293.02, 3611398, 558, 0, 0
14464, 88, 56, 374, 0, 0, 26.70%, 0, 0, 5, 273.05, 3612523, 558, 0, 0
14469, 88, 354, 374, 0, 0, 26.70%, 0, 0, 5, 31.49, 3613636, 558, 0, 0
14474, 88, 2, 374, 0, 0, 26.70%, 0, 0, 5, 295.09, 3615103, 558, 0, 0
14479, 88, 76, 374, 0, 0, 26.70%, 0, 0, 5, 239.18, 3616179, 558, 0, 0
14484, 88, 354, 374, 0, 0, 26.70%, 0, 0, 5, 36.99, 3617290, 558, 0, 0
14490, 88, 329, 374, 0, 0, 26.70%, 0, 0, 5, 293.41, 3618808, 558, 0, 0
14495, 88, 329, 374, 0, 0, 26.70%, 0, 0, 5, 279.39, 3619903, 558, 0, 0
14500, 88, 222, 374, 0, 0, 26.70%, 0, 0, 5, 300.64, 3621020, 558, 0, 0
14505, 88, 164, 374, 0, 0, 26.70%, 0, 0, 5, 296.95, 3622518, 558, 0, 0
14510, 89, 227, 374, 0, 0, 26.70%, 0, 0, 5, 293.78, 3623583, 558, 0, 0
14515, 89, 76, 374, 0, 0, 26.70%, 0, 0, 5, 199.57, 3624687, 558, 0, 0
14520, 89, 5, 374, 0, 0, 26.70%, 0, 0, 5, 275.78, 3626198, 558, 0, 0
14525, 89, 99, 374, 0, 0, 26.70%, 0, 0, 5, 297.55, 3627273, 558, 0, 0
14530, 89, 164, 374, 0, 0, 26.70%, 0, 0, 5, 288.63, 3628398, 558, 0, 0
14536, 89, 227, 374, 0, 0, 26.70%, 0, 0, 5, 293.42, 3629908, 558, 0, 0
14541, 89, 99, 374, 0, 0, 26.70%, 0, 0, 5, 296.43, 3631003, 558, 0, 0
14546, 89, 99, 374, 0, 0, 26.70%, 0, 0, 5, 240.86, 3632103, 558, 0, 0
14551, 89, 355, 374, 0, 0, 26.70%, 0, 0, 5, 277.99, 3633563, 558, 0, 0
14556, 89, 287, 374, 0, 0, 26.70%, 0, 0, 5, 277.54, 3634663, 558, 0, 0
14561, 89, 164, 374, 0, 0, 26.70%, 0, 0, 5, 289.11, 3635778, 558, 0, 0
14566, 89, 341, 374, 0, 0, 26.70%, 0, 0, 5, 31.43, 3637145, 558, 0, 0
14571, 89, 111, 374, 0, 0, 26.70%, 0, 0, 5, 292.30, 3638388, 558, 0, 0
14576, 89, 287, 374, 0, 0, 26.70%, 0, 0, 5, 297.47, 3639463, 558, 0, 0
14582, 89, 164, 374, 0, 0, 26.70%, 0, 0, 5, 30.96, 3640833, 558, 0, 0
14587, 89, 164, 374, 0, 0, 26.70%, 0, 0, 5, 262.45, 3642103, 558, 0, 0
14592, 89, 354, 374, 0, 0, 26.70%, 0, 0, 5, 299.28, 3643193, 558, 0, 0
14597, 89, 142, 374, 0, 0, 26.70%, 0, 0, 5, 30.98, 3644525, 558, 0, 0
14602, 89, 164, 374, 0, 0, 26.70%, 0, 0, 5, 296.59, 3645848, 558, 0, 0
14607, 89, 222, 374, 0, 0, 26.70%, 0, 0, 5, 291.76, 3646938, 558, 0, 0
14612, 89, 158, 374, 0, 0, 26.70%, 0, 0, 5, 31.03, 3648179, 558, 0, 0
14617, 89, 346, 374, 0, 0, 26.70%, 0, 0, 5, 293.53, 3649583, 558, 0, 0
14623, 89, 339, 374, 0, 0, 26.70%, 0, 0, 5, 292.04, 3650648, 558, 0, 0
14628, 89, 246, 374, 0, 0, 26.70%, 0, 0, 5, 31.30, 3651825, 558, 0, 0
14633, 89, 176, 374, 0, 0, 26.70%, 0, 0, 5, 294.02, 3653283, 558, 0, 0
14638, 89, 75, 374, 0, 0, 26.70%, 0, 0, 5, 289.14, 3654328, 558, 0, 0
14643, 89, 354, 374, 0, 0, 26.70%, 0, 0, 5, 31.14, 3655481, 558, 0, 0
14648, 89, 111, 374, 0, 0, 26.70%, 0, 0, 5, 297.66, 3656983, 558, 0, 0
14653, 89, 321, 374, 0, 0, 26.70%, 0, 0, 5, 302.44, 3658082, 558, 0, 0
14658, 89, 50, 374, 0, 0, 26.70%, 0, 0, 5, 31.37, 3659191, 558, 0, 0
14664, 89, 287, 374, 0, 0, 26.70%, 0, 0, 5, 267.71, 3660683, 558, 0, 0
14669, 89, 111, 374, 0, 0, 26.70%, 0, 0, 5, 256.80, 3661763, 558, 0, 0
14674, 90, 329, 374, 0, 0, 26.70%, 0, 0, 5, 263.68, 3662871, 558, 0, 0
14679, 90, 68, 374, 0, 0, 26.70%, 0, 0, 5, 288.70, 3664383, 558, 0, 0
14684, 90, 213, 374, 0, 0, 26.70%, 0, 0, 5, 292.64, 3665503, 558, 0, 0
14689, 90, 142, 374, 0, 0, 26.70%, 0, 0, 5, 181.46, 3666650, 558, 0, 0
14694, 90, 309, 374, 0, 0, 26.70%, 0, 0, 5, 272.84, 3668158, 558, 0, 0
14699, 90, 248, 374, 0, 0, 26.70%, 0, 0, 5, 298.31, 3669253, 558, 0, 0
14704, 90, 309, 374, 0, 0, 26.70%, 0, 0, 5, 291.98, 3670313, 558, 0, 0
14709, 90, 280, 374, 0, 0, 26.70%, 0, 0, 5, 293.48, 3671798, 558, 0, 0
14714, 90, 355, 374, 0, 0, 26.70%, 0, 0, 5, 295.83, 3672883, 558, 0, 0
14719, 90, 75, 374, 0, 0, 26.70%, 0, 0, 5, 252.47, 3673972, 558, 0, 0
14725, 90, 108, 374, 0, 0, 26.70%, 0, 0, 5, 285.81, 3675483, 558, 0, 0
14730, 90, 191, 374, 0, 0, 26.70%, 0, 0, 5, 246.24, 3676600, 558, 0, 0
14735, 90, 354, 374, 0, 0, 26.70%, 0, 0, 5, 302.54, 3677692, 558, 0, 0
14740, 90, 355, 374, 0, 0, 26.70%, 0, 0, 5, 285.57, 3679168, 558, 0, 0
14745, 90, 34, 374, 0, 0, 26.70%, 0, 0, 5, 291.34, 3680303, 558, 0, 0
14750, 90, 159, 374, 0, 0, 26.70%, 0, 0, 5, 295.51, 3681372, 558, 0, 0
14755, 90, 176, 374, 0, 0, 26.70%, 0, 0, 5, 289.39, 3682878, 558, 0, 0
14760, 90, 222, 374, 0, 0, 26.70%, 0, 0, 5, 268.79, 3683998, 558, 0, 0
14766, 90, 106, 374, 0, 0, 26.70%, 0, 0, 5, 198.20, 3685094, 558, 0, 0
14771, 90, 287, 374, 0, 0, 26.70%, 0, 0, 5, 35.21, 3686543, 558, 0, 0
14776, 90, 228, 374, 0, 0, 26.70%, 0, 0, 5, 295.33, 3687703, 558, 0, 0
14781, 90, 83, 374, 0, 0, 26.70%, 0, 0, 5, 212.36, 3688820, 558, 0, 0
14786, 90, 111, 374, 0, 0, 26.70%, 0, 0, 5, 41.04, 3690064, 558, 0, 0
14791, 90, 129, 374, 0, 0, 26.70%, 0, 0, 5, 274.01, 3691458, 558, 0, 0
14796, 90, 362, 374, 0, 0, 26.70%, 0, 0, 5, 290.84, 3692533, 558, 0, 0
14801, 90, 227, 374, 0, 0, 26.70%, 0, 0, 5, 31.15, 3693764, 558, 0, 0
14806, 90, 176, 374, 0, 0, 26.70%, 0, 0, 5, 275.50, 3695153, 558, 0, 0
14811, 90, 287, 374, 0, 0, 26.70%, 0, 0, 5, 286.00, 3696193, 558, 0, 0
14817, 90, 150, 374, 0, 0, 26.70%, 0, 0, 5, 43.27, 3697403, 558, 0, 0
14822, 90, 164, 374, 0, 0, 26.70%, 0, 0, 5, 298.06, 3698878, 558, 0, 0
14827, 90, 2, 374, 0, 0, 26.70%, 0, 0, 5, 293.24, 3699953, 558, 0, 0
14832, 90, 133, 374, 0, 0, 26.70%, 0, 0, 5, 31.38, 3701081, 558, 0, 0
14837, 91, 329, 374, 0, 0, 26.70%, 0, 0, 5, 290.17, 3702543, 558, 0, 0
14842, 91, 329, 374, 0, 0, 26.70%, 0, 0, 5, 295.42, 3703638, 558, 0, 0
14847, 91, 181, 374, 0, 0, 26.70%, 0, 0, 5, 31.27, 3704824, 558, 0, 0
14852, 91, 202, 374, 0, 0, 26.70%, 0, 0, 5, 296.95, 3706243, 558, 0, 0
14858, 91, 227, 374, 0, 0, 26.70%, 0, 0, 5, 301.59, 3707384, 558, 0, 0
14863, 91, 55, 374, 0, 0, 26.70%, 0, 0, 5, 284.43, 3708523, 558, 0, 0
14868, 91, 176, 374, 0, 0, 26.70%, 0, 0, 5, 296.62, 3710083, 558, 0, 0
14873, 91, 355, 374, 0, 0, 26.70%, 0, 0, 5, 298.36, 3711163, 558, 0, 0
14878, 91, 302, 374, 0, 0, 26.70%, 0, 0, 5, 295.04, 3712283, 558, 0, 0
14883, 91, 285, 374, 0, 0, 26.70%, 0, 0, 5, 31.65, 3713698, 558, 0, 0
14889, 91, 202, 374, 0, 0, 26.70%, 0, 0, 5, 294.58, 3714973, 558, 0, 0
14894, 91, 234, 374, 0, 0, 26.70%, 0, 0, 5, 242.63, 3716095, 558, 0, 0
14899, 91, 50, 374, 0, 0, 26.70%, 0, 0, 5, 35.41, 3717422, 558, 0, 0
14904, 91, 280, 374, 0, 0, 26.70%, 0, 0, 5, 296.17, 3718743, 558, 0, 0
14909, 91, 111, 374, 0, 0, 26.70%, 0, 0, 5, 300.82, 3719841, 558, 0, 0
14914, 91, 225, 374, 0, 0, 26.70%, 0, 0, 5, 31.25, 3721135, 558, 0, 0
14919, 91, 213, 374, 0, 0, 26.70%, 0, 0, 5, 289.16, 3722368, 558, 0, 0
14924, 91, 222, 374, 0, 0, 26.70%, 0, 0, 5, 273.59, 3723497, 558, 0, 0
14930, 91, 164, 374, 0, 0, 26.70%, 0, 0, 5, 35.18, 3724621, 558, 0, 0
14935, 91, 226, 374, 0, 0, 26.70%, 0, 0, 5, 294.38, 3726143, 558, 0, 0
14940, 91, 50, 374, 0, 0, 26.70%, 0, 0, 5, 293.19, 3727263, 558, 0, 0
14945, 91, 164, 374, 0, 0, 26.70%, 0, 0, 5, 272.28, 3728368, 558, 0, 0
14950, 91, 354, 374, 0, 0, 26.70%, 0, 0, 5, 290.98, 3729883, 558, 0, 0
14955, 91, 176, 374, 0, 0, 26.70%, 0, 0, 5, 292.62, 3730978, 558, 0, 0
14960, 91, 129, 374, 0, 0, 26.70%, 0, 0, 5, 210.35, 3732061, 558, 0, 0
14965, 91, 76, 374, 0, 0, 26.70%, 0, 0, 5, 278.35, 3733572, 558, 0, 0
14971, 91, 341, 374, 0, 0, 26.70%, 0, 0, 5, 266.48, 3734643, 558, 0, 0
14976, 91, 121, 374, 0, 0, 26.70%, 0, 0, 5, 260.62, 3735738, 558, 0, 0
14981, 91, 133, 374, 0, 0, 26.70%, 0, 0, 5, 31.35, 3737113, 558, 0, 0
14986, 91, 142, 374, 0, 0, 26.70%, 0, 0, 5, 298.80, 3738328, 558, 0, 0
14991, 91, 354, 374, 0, 0, 26.70%, 0, 0, 5, 297.70, 3739458, 558, 0, 0
14996, 91, 169, 374, 0, 0, 26.70%, 0, 0, 5, 31.07, 3740765, 558, 0, 0
15001, 91, 355, 374, 0, 0, 26.70%, 0, 0, 5, 279.79, 3742093, 558, 0, 0
15006, 92, 227, 374, 0, 0, 26.70%, 0, 0, 5, 291.64, 3743188, 558, 0, 0
15012, 92, 354, 374, 0, 0, 26.70%, 0, 0, 5, 31.39, 3744399, 558, 0, 0
15017, 92, 142, 374, 0, 0, 26.70%, 0, 0, 5, 295.90, 3745813, 558, 0, 0
15022, 92, 213, 374, 0, 0, 26.70%, 0, 0, 5, 294.37, 3746908, 558, 0, 0
15027, 92, 341, 374, 0, 0, 26.70%, 0, 0, 5, 31.49, 3748023, 558, 0, 0
15032, 92, 191, 374, 0, 0, 26.70%, 0, 0, 5, 283.61, 3749528, 558, 0, 0
15037, 92, 355, 374, 0, 0, 26.70%, 0, 0, 5, 281.87, 3750663, 558, 0, 0
15042, 92, 2, 374, 0, 0, 26.70%, 0, 0, 5, 296.94, 3751778, 558, 0, 0
15048, 92, 355, 374, 0, 0, 26.70%, 0, 0, 5, 292.91, 3753288, 558, 0, 0
15053, 92, 361, 374, 0, 0, 26.70%, 0, 0, 5, 295.70, 3754413, 558, 0, 0
15058, 92, 106, 374, 0, 0, 26.70%, 0, 0, 5, 223.07, 3755470, 558, 0, 0
15063, 92, 50, 374, 0, 0, 26.70%, 0, 0, 5, 282.00, 3756988, 558, 0, 0
15068, 92, 133, 374, 0, 0, 26.70%, 0, 0, 5, 290.64, 3758098, 558, 0, 0
15073, 92, 124, 374, 0, 0, 26.70%, 0, 0, 5, 272.50, 3759223, 558, 0, 0
15079, 92, 50, 374, 0, 0, 26.70%, 0, 0, 5, 31.25, 3760653, 558, 0, 0
15084, 92, 354, 374, 0, 0, 26.70%, 0, 0, 5, 296.42, 3761913, 558, 0, 0
15089, 92, 99, 374, 0, 0, 26.70%, 0, 0, 5, 293.39, 3763033, 558, 0, 0
15094, 92, 95, 374, 0, 0, 26.70%, 0, 0, 5, 31.02, 3764284, 558, 0, 0
15099, 92, 133, 374, 0, 0, 26.70%, 0, 0, 5, 283.42, 3765668, 558, 0, 0
15104, 92, 110, 374, 0, 0, 26.70%, 0, 0, 5, 294.16, 3766763, 558, 0, 0
15110, 92, 2, 374, 0, 0, 26.70%, 0, 0, 5, 157.64, 3767868, 558, 0, 0
15115, 92, 336, 374, 0, 0, 26.70%, 0, 0, 5, 269.03, 3769388, 558, 0, 0
15120, 92, 341, 374, 0, 0, 26.70%, 0, 0, 5, 300.35, 3770485, 558, 0, 0
15125, 92, 354, 374, 0, 0, 26.70%, 0, 0, 5, 298.51, 3771592, 558, 0, 0
15130, 92, 354, 374, 0, 0, 26.70%, 0, 0, 5, 295.87, 3773098, 558, 0, 0
15135, 92, 166, 374, 0, 0, 26.70%, 0, 0, 5, 295.21, 3774163, 558, 0, 0
15140, 92, 341, 374, 0, 0, 26.70%, 0, 0, 5, 298.63, 3775258, 558, 0, 0
15145, 92, 116, 374, 0, 0, 26.70%, 0, 0, 5, 297.59, 3776793, 558, 0, 0
15150, 92, 55, 374, 0, 0, 26.70%, 0, 0, 5, 295.99, 3777903, 558, 0, 0
15156, 92, 227, 374, 0, 0, 26.70%, 0, 0, 5, 299.61, 3779034, 558, 0, 0
15161, 92, 355, 374, 0, 0, 26.70%, 0, 0, 5, 31.65, 3780458, 558, 0, 0
15166, 92, 372, 374, 0, 0, 26.70%, 0, 0, 5, 293.67, 3781658, 558, 0, 0
15171, 93, 176, 374, 0, 0, 26.70%, 0, 0, 5, 296.00, 3782733, 558, 0, 0
15176, 93, 191, 374, 0, 0, 26.70%, 0, 0, 5, 31.43, 3784055, 558, 0, 0
15181, 93, 20, 374, 0, 0, 26.70%, 0, 0, 5, 296.44, 3785373, 558, 0, 0
15187, 93, 111, 374, 0, 0, 26.70%, 0, 0, 5, 295.46, 3786493, 558, 0, 0
15192, 93, 164, 374, 0, 0, 26.70%, 0, 0, 5, 31.36, 3787709, 558, 0, 0
15197, 93, 44, 374, 0, 0, 26.70%, 0, 0, 5, 295.51, 3789133, 558, 0, 0
15202, 93, 176, 374, 0, 0, 26.70%, 0, 0, 5, 234.48, 3790274, 558, 0, 0
15207, 93, 111, 374, 0, 0, 26.70%, 0, 0, 5, 263.68, 3791396, 558, 0, 0
15212, 93, 29, 374, 0, 0, 26.70%, 0, 0, 5, 289.97, 3792903, 558, 0, 0
15217, 93, 100, 374, 0, 0, 26.70%, 0, 0, 5, 294.96, 3793998, 558, 0, 0
15222, 93, 95, 374, 0, 0, 26.70%, 0, 0, 5, 298.51, 3795076, 558, 0, 0
15228, 93, 354, 374, 0, 0, 26.70%, 0, 0, 5, 295.44, 3796588, 558, 0, 0
15233, 93, 248, 374, 0, 0, 26.70%, 0, 0, 5, 298.41, 3797673, 558, 0, 0
15238, 93, 133, 374, 0, 0, 26.70%, 0, 0, 5, 291.19, 3798768, 558, 0, 0
15243, 93, 105, 374, 0, 0, 26.70%, 0, 0, 5, 294.07, 3800283, 558, 0, 0
15248, 93, 156, 374, 0, 0, 26.70%, 0, 0, 5, 294.08, 3801428, 558, 0, 0
15253, 93, 213, 374, 0, 0, 26.70%, 0, 0, 5, 295.72, 3802523, 558, 0, 0
15258, 93, 95, 374, 0, 0, 26.70%, 0, 0, 5, 46.73, 3803933, 558, 0, 0
15263, 93, 213, 374, 0, 0, 26.70%, 0, 0, 5, 296.65, 3805098, 558, 0, 0
15268, 93, 191, 374, 0, 0, 26.70%, 0, 0, 5, 287.81, 3806183, 558, 0, 0
15273, 93, 287, 374, 0, 0, 26.70%, 0, 0, 5, 31.47, 3807622, 558, 0, 0
15278, 93, 129, 374, 0, 0, 26.70%, 0, 0, 5, 283.14, 3808813, 558, 0, 0
15284, 93, 133, 374, 0, 0, 26.70%, 0, 0, 5, 301.36, 3809895, 558, 0, 0
15289, 93, 335, 374, 0, 0, 26.70%, 0, 0, 5, 42.57, 3811270, 558, 0, 0
15294, 93, 76, 374, 0, 0, 26.70%, 0, 0, 5, 288.75, 3812513, 558, 0, 0
15299, 93, 156, 374, 0, 0, 26.70%, 0, 0, 5, 271.25, 3813593, 558, 0, 0
15304, 93, 207, 374, 0, 0, 26.70%, 0, 0, 5, 31.27, 3814852, 558, 0, 0
15309, 93, 285, 374, 0, 0, 26.70%, 0, 0, 5, 296.48, 3816213, 558, 0, 0
15314, 93, 111, 374, 0, 0, 26.70%, 0, 0, 5, 225.17, 3817279, 558, 0, 0
15319, 93, 316, 374, 0, 0, 26.70%, 0, 0, 5, 32.10, 3818441, 558, 0, 0
15324, 93, 169, 374, 0, 0, 26.70%, 0, 0, 5, 294.18, 3819863, 558, 0, 0
15329, 93, 191, 374, 0, 0, 26.70%, 0, 0, 5, 281.00, 3821008, 558, 0, 0
15334, 94, 354, 374, 0, 0, 26.70%, 0, 0, 5, 36.86, 3822143, 558, 0, 0
15340, 94, 142, 374, 0, 0, 26.70%, 0, 0, 5, 293.78, 3823608, 558, 0, 0
15345, 94, 75, 374, 0, 0, 26.70%, 0, 0, 5, 299.38, 3824718, 558, 0, 0
15350, 94, 75, 374, 0, 0, 26.70%, 0, 0, 5, 31.42, 3825758, 558, 0, 0
15355, 94, 142, 374, 0, 0, 26.70%, 0, 0, 5, 295.70, 3827278, 558, 0, 0
15360, 94, 2, 374, 0, 0, 26.70%, 0, 0, 5, 293.93, 3828383, 558, 0, 0
15365, 94, 108, 374, 0, 0, 26.70%, 0, 0, 5, 299.67, 3829518, 558, 0, 0
15371, 94, 176, 374, 0, 0, 26.70%, 0, 0, 5, 296.86, 3831053, 558, 0, 0
15376, 94, 154, 374, 0, 0, 26.70%, 0, 0, 5, 293.42, 3832148, 558, 0, 0
15381, 94, 166, 374, 0, 0, 26.70%, 0, 0, 5, 300.80, 3833222, 558, 0, 0
15386, 94, 164, 374, 0, 0, 26.70%, 0, 0, 5, 31.55, 3834658, 558, 0, 0
15391, 94, 142, 374, 0, 0, 26.70%, 0, 0, 5, 294.94, 3835913, 558, 0, 0
15396, 94, 130, 374, 0, 0, 26.70%, 0, 0, 5, 298.92, 3836958, 558, 0, 0
15401, 94, 346, 374, 0, 0, 26.70%, 0, 0, 5, 31.72, 3838265, 558, 0, 0
15406, 94, 202, 374, 0, 0, 26.70%, 0, 0, 5, 296.67, 3839578, 558, 0, 0
15412, 94, 4, 374, 0, 0, 26.70%, 0, 0, 5, 286.54, 3840648, 558, 0, 0
15417, 94, 355, 374, 0, 0, 26.70%, 0, 0, 5, 31.58, 3841811, 558, 0, 0
15422, 94, 329, 374, 0, 0, 26.70%, 0, 0, 5, 292.60, 3843272, 558, 0, 0
15427, 94, 55, 374, 0, 0, 26.70%, 0, 0, 5, 296.07, 3844343, 558, 0, 0
15432, 94, 202, 374, 0, 0, 26.70%, 0, 0, 5, 31.61, 3845453, 558, 0, 0
15437, 94, 10, 374, 0, 0, 26.70%, 0, 0, 5, 296.22, 3846988, 558, 0, 0
15442, 94, 133, 374, 0, 0, 26.70%, 0, 0, 5, 295.97, 3848083, 558, 0, 0
15447, 94, 99, 374, 0, 0, 26.70%, 0, 0, 5, 184.79, 3849160, 558, 0, 0
15452, 94, 57, 374, 0, 0, 26.70%, 0, 0, 5, 267.60, 3850618, 558, 0, 0
15457, 94, 341, 374, 0, 0, 26.70%, 0, 0, 5, 277.53, 3851718, 558, 0, 0
15462, 94, 2, 374, 0, 0, 26.70%, 0, 0, 5, 299.89, 3852832, 558, 0, 0
15468, 94, 329, 374, 0, 0, 26.70%, 0, 0, 5, 31.55, 3854198, 558, 0, 0
15473, 94, 82, 374, 0, 0, 26.70%, 0, 0, 5, 293.48, 3855443, 558, 0, 0
15478, 94, 313, 374, 0, 0, 26.70%, 0, 0, 5, 235.15, 3856519, 558, 0, 0
15483, 94, 76, 374, 0, 0, 26.70%, 0, 0, 5, 31.35, 3857743, 558, 0, 0
15488, 94, 50, 374, 0, 0, 26.70%, 0, 0, 5, 274.51, 3859123, 558, 0, 0
15493, 94, 356, 374, 0, 0, 26.70%, 0, 0, 5, 256.86, 3860193, 558, 0, 0
15498, 94, 95, 374, 0, 0, 26.70%, 0, 0, 5, 305.00, 3861269, 558, 0, 0
15503, 95, 285, 374, 0, 0, 26.70%, 0, 0, 5, 297.89, 3862808, 558, 0, 0
15509, 95, 166, 374, 0, 0, 26.70%, 0, 0, 5, 298.81, 3863938, 558, 0, 0
15514, 95, 106, 374, 0, 0, 26.70%, 0, 0, 5, 287.12, 3865033, 558, 0, 0
15519, 95, 44, 374, 0, 0, 26.70%, 0, 0, 5, 277.73, 3866493, 558, 0, 0
15524, 95, 50, 374, 0, 0, 26.70%, 0, 0, 5, 293.96, 3867633, 558, 0, 0
15529, 95, 166, 374, 0, 0, 26.70%, 0, 0, 5, 258.66, 3868708, 558, 0, 0
15534, 95, 164, 374, 0, 0, 26.70%, 0, 0, 5, 31.61, 3870058, 558, 0, 0
15539, 95, 142, 374, 0, 0, 26.70%, 0, 0, 5, 293.29, 3871313, 558, 0, 0
15544, 95, 176, 374, 0, 0, 26.70%, 0, 0, 5, 294.01, 3872398, 558, 0, 0
15549, 95, 44, 374, 0, 0, 26.70%, 0, 0, 5, 31.47, 3873629, 558, 0, 0
15554, 95, 248, 374, 0, 0, 26.70%, 0, 0, 5, 297.55, 3874998, 558, 0, 0
15560, 95, 198, 374, 0, 0, 26.70%, 0, 0, 5, 261.36, 3876133, 558, 0, 0
15565, 95, 329, 374, 0, 0, 26.70%, 0, 0, 5, 31.30, 3877261, 558, 0, 0
15570, 95, 111, 374, 0, 0, 26.70%, 0, 0, 5, 267.75, 3878747, 558, 0, 0
15575, 95, 361, 374, 0, 0, 26.70%, 0, 0, 5, 291.27, 3879818, 558, 0, 0
15580, 95, 309, 374, 0, 0, 26.70%, 0, 0, 5, 292.08, 3880899, 558, 0, 0
15585, 95, 95, 374, 0, 0, 26.70%, 0, 0, 5, 296.27, 3882448, 558, 0, 0
15590, 95, 355, 374, 0, 0, 26.70%, 0, 0, 5, 294.48, 3883533, 558, 0, 0
15595, 95, 111, 374, 0, 0, 26.70%, 0, 0, 5, 245.23, 3884602, 558, 0, 0
15600, 95, 164, 374, 0, 0, 26.70%, 0, 0, 5, 274.17, 3886108, 558, 0, 0
15605, 95, 137, 374, 0, 0, 26.70%, 0, 0, 5, 260.83, 3887268, 558, 0, 0
15610, 95, 194, 374, 0, 0, 26.70%, 0, 0, 5, 297.83, 3888347, 558, 0, 0
15616, 95, 50, 374, 0, 0, 26.70%, 0, 0, 5, 30.90, 3889685, 558, 0, 0
15621, 95, 214, 374, 0, 0, 26.70%, 0, 0, 5, 265.23, 3891013, 558, 0, 0
15626, 95, 369, 374, 0, 0, 26.70%, 0, 0, 5, 293.40, 3892088, 558, 0, 0
15631, 95, 225, 374, 0, 0, 26.70%, 0, 0, 5, 31.11, 3893294, 558, 0, 0
15636, 95, 166, 374, 0, 0, 26.70%, 0, 0, 5, 298.69, 3894738, 558, 0, 0
15641, 95, 242, 374, 0, 0, 26.70%, 0, 0, 5, 294.01, 3895818, 558, 0, 0
15646, 95, 329, 374, 0, 0, 26.70%, 0, 0, 5, 297.03, 3896933, 558, 0, 0
15652, 95, 222, 374, 0, 0, 26.70%, 0, 0, 5, 295.63, 3898463, 558, 0, 0
15657, 95, 213, 374, 0, 0, 26.70%, 0, 0, 5, 258.99, 3899578, 558, 0, 0
15662, 95, 166, 374, 0, 0, 26.70%, 0, 0, 5, 220.69, 3900695, 558, 0, 0
15667, 96, 355, 374, 0, 0, 26.70%, 0, 0, 5, 274.68, 3902188, 558, 0, 0
15672, 96, 355, 374, 0, 0, 26.70%, 0, 0, 5, 285.23, 3903318, 558, 0, 0
15677, 96, 336, 374, 0, 0, 26.70%, 0, 0, 5, 213.97, 3904403, 558, 0, 0
15682, 96, 142, 374, 0, 0, 26.70%, 0, 0, 5, 33.67, 3905803, 558, 0, 0
15687, 96, 191, 374, 0, 0, 26.70%, 0, 0, 5, 292.92, 3906963, 558, 0, 0
15692, 96, 202, 374, 0, 0, 26.70%, 0, 0, 5, 239.54, 3908038, 558, 0, 0
15697, 96, 360, 374, 0, 0, 26.70%, 0, 0, 5, 30.77, 3909443, 558, 0, 0
15702, 96, 100, 374, 0, 0, 26.70%, 0, 0, 5, 277.41, 3910623, 558, 0, 0
15707, 96, 133, 374, 0, 0, 26.70%, 0, 0, 5, 265.45, 3911693, 558, 0, 0
15712, 96, 373, 374, 0, 0, 26.70%, 0, 0, 5, 31.02, 3913002, 558, 0, 0
15718, 96, 164, 374, 0, 0, 26.70%, 0, 0, 5, 266.44, 3914328, 558, 0, 0
15723, 96, 111, 374, 0, 0, 26.70%, 0, 0, 5, 295.74, 3915408, 558, 0, 0
15728, 96, 156, 374, 0, 0, 26.70%, 0, 0, 5, 31.41, 3916616, 558, 0, 0
15733, 96, 2, 374, 0, 0, 26.70%, 0, 0, 5, 266.77, 3918048, 558, 0, 0
15738, 96, 369, 374, 0, 0, 26.70%, 0, 0, 5, 292.92, 3919147, 558, 0, 0
15743, 96, 309, 374, 0, 0, 26.70%, 0, 0, 5, 265.00, 3920271, 558, 0, 0
15748, 96, 111, 374, 0, 0, 26.70%, 0, 0, 5, 291.98, 3921803, 558, 0, 0
15754, 96, 106, 374, 0, 0, 26.70%, 0, 0, 5, 296.25, 3922923, 558, 0, 0
15759, 96, 75, 374, 0, 0, 26.70%, 0, 0, 5, 187.88, 3924057, 558, 0, 0
15764, 96, 166, 374, 0, 0, 26.70%, 0, 0, 5, 273.19, 3925563, 558, 0, 0
15769, 96, 222, 374, 0, 0, 26.70%, 0, 0, 5, 297.13, 3926683, 558, 0, 0
15774, 96, 203, 374, 0, 0, 26.70%, 0, 0, 5, 297.31, 3927788, 558, 0, 0
15779, 96, 120, 374, 0, 0, 26.70%, 0, 0, 5, 31.15, 3929163, 558, 0, 0
15784, 96, 82, 374, 0, 0, 26.70%, 0, 0, 5, 262.81, 3930458, 558, 0, 0
15789, 96, 129, 374, 0, 0, 26.70%, 0, 0, 5, 293.53, 3931543, 558, 0, 0
15795, 96, 50, 374, 0, 0, 26.70%, 0, 0, 5, 31.35, 3932709, 558, 0, 0
15800, 96, 197, 374, 0, 0, 26.70%, 0, 0, 5, 284.07, 3934183, 558, 0, 0
15805, 96, 354, 374, 0, 0, 26.70%, 0, 0, 5, 251.62, 3935296, 558, 0, 0
15810, 96, 372, 374, 0, 0, 26.70%, 0, 0, 5, 171.57, 3936366, 558, 0, 0
15815, 96, 191, 374, 0, 0, 26.70%, 0, 0, 5, 269.76, 3937873, 558, 0, 0
15820, 96, 2, 374, 0, 0, 26.70%, 0, 0, 5, 299.52, 3938958, 558, 0, 0
15825, 96, 164, 374, 0, 0, 26.70%, 0, 0, 5, 172.17, 3940083, 558, 0, 0
15830, 97, 355, 374, 0, 0, 26.70%, 0, 0, 5, 270.27, 3941588, 558, 0, 0
15835, 97, 336, 374, 0, 0, 26.70%, 0, 0, 5, 253.91, 3942618, 558, 0, 0
15840, 97, 309, 374, 0, 0, 26.70%, 0, 0, 5, 197.09, 3943700, 558, 0, 0
15846, 97, 83, 374, 0, 0, 26.70%, 0, 0, 5, 31.65, 3945158, 558, 0, 0
15851, 97, 99, 374, 0, 0, 26.70%, 0, 0, 5, 277.41, 3946343, 558, 0, 0
15856, 97, 354, 374, 0, 0, 26.70%, 0, 0, 5, 286.64, 3947428, 558, 0, 0
15861, 97, 50, 374, 0, 0, 26.70%, 0, 0, 5, 31.27, 3948779, 558, 0, 0
15866, 97, 2, 374, 0, 0, 26.70%, 0, 0, 5, 299.09, 3950093, 558, 0, 0
15871, 97, 369, 374, 0, 0, 26.70%, 0, 0, 5, 222.83, 3951221, 558, 0, 0
15876, 97, 202, 374, 0, 0, 26.70%, 0, 0, 5, 31.13, 3952375, 558, 0, 0
15882, 97, 191, 374, 0, 0, 26.70%, 0, 0, 5, 285.93, 3953808, 558, 0, 0
15887, 97, 285, 374, 0, 0, 26.70%, 0, 0, 5, 285.00, 3954913, 558, 0, 0
15892, 97, 263, 374, 0, 0, 26.70%, 0, 0, 5, 253.54, 3956003, 558, 0, 0
15897, 97, 133, 374, 0, 0, 26.70%, 0, 0, 5, 49.02, 3957473, 558, 0, 0
15902, 97, 169, 374, 0, 0, 26.70%, 0, 0, 5, 289.08, 3958618, 558, 0, 0
15907, 97, 354, 374, 0, 0, 26.70%, 0, 0, 5, 299.95, 3959742, 558, 0, 0
15913, 97, 156, 374, 0, 0, 26.70%, 0, 0, 5, 31.43, 3961085, 558, 0, 0
15918, 97, 309, 374, 0, 0, 26.70%, 0, 0, 5, 296.39, 3962408, 558, 0, 0
15923, 97, 336, 374, 0, 0, 26.70%, 0, 0, 5, 294.83, 3963478, 558, 0, 0
15928, 97, 49, 374, 0, 0, 26.70%, 0, 0, 5, 38.66, 3964546, 558, 0, 0
15933, 97, 99, 374, 0, 0, 26.70%, 0, 0, 5, 297.05, 3966088, 558, 0, 0
15938, 97, 83, 374, 0, 0, 26.70%, 0, 0, 5, 295.12, 3967208, 558, 0, 0
15943, 97, 285, 374, 0, 0, 26.70%, 0, 0, 5, 296.50, 3968323, 558, 0, 0
15948, 97, 346, 374, 0, 0, 26.70%, 0, 0, 5, 31.15, 3969713, 558, 0, 0
15953, 97, 241, 374, 0, 0, 26.70%, 0, 0, 5, 289.73, 3970903, 558, 0, 0
15959, 97, 190, 374, 0, 0, 26.70%, 0, 0, 5, 267.49, 3971993, 558, 0, 0
15964, 97, 2, 374, 0, 0, 26.70%, 0, 0, 5, 29.76, 3973171, 558, 0, 0
15969, 97, 355, 374, 0, 0, 26.70%, 0, 0, 5, 294.89, 3974613, 558, 0, 0
15974, 97, 164, 374, 0, 0, 26.70%, 0, 0, 5, 295.18, 3975698, 558, 0, 0
15979, 97, 356, 374, 0, 0, 26.70%, 0, 0, 5, 296.42, 3976733, 558, 0, 0
15984, 97, 82, 374, 0, 0, 26.70%, 0, 0, 5, 284.03, 3978197, 558, 0, 0
15989, 97, 176, 374, 0, 0, 26.70%, 0, 0, 5, 294.17, 3979328, 558, 0, 0
15994, 97, 166, 374, 0, 0, 26.70%, 0, 0, 5, 287.15, 3980443, 558, 0, 0
16000, 98, 242, 374, 0, 0, 26.70%, 0, 0, 5, 31.37, 3981664, 558, 0, 0
16005, 98, 176, 374, 0, 0, 26.70%, 0, 0, 5, 263.33, 3983033, 558, 0, 0
16010, 98, 106, 374, 0, 0, 26.70%, 0, 0, 5, 295.70, 3984133, 558, 0, 0
16015, 98, 287, 374, 0, 0, 26.70%, 0, 0, 5, 268.66, 3985211, 558, 0, 0
16020, 98, 73, 374, 0, 0, 26.70%, 0, 0, 5, 289.85, 3986718, 558, 0, 0
16025, 98, 341, 374, 0, 0, 26.70%, 0, 0, 5, 293.92, 3987813, 558, 0, 0
16030, 98, 355, 374, 0, 0, 26.70%, 0, 0, 5, 302.16, 3988904, 558, 0, 0
16035, 98, 166, 374, 0, 0, 26.70%, 0, 0, 5, 31.24, 3990230, 558, 0, 0
16040, 98, 99, 374, 0, 0, 26.70%, 0, 0, 5, 269.52, 3991518, 558, 0, 0
16045, 98, 306, 374, 0, 0, 26.70%, 0, 0, 5, 251.95, 3992621, 558, 0, 0
16051, 98, 156, 374, 0, 0, 26.70%, 0, 0, 5, 300.00, 3993722, 558, 0, 0
16056, 98, 176, 374, 0, 0, 26.70%, 0, 0, 5, 299.11, 3995223, 558, 0, 0
16061, 98, 285, 374, 0, 0, 26.70%, 0, 0, 5, 294.82, 3996298, 558, 0, 0
16066, 98, 99, 374, 0, 0, 26.70%, 0, 0, 5, 195.65, 3997363, 558, 0, 0
16071, 98, 166, 374, 0, 0, 26.70%, 0, 0, 5, 274.14, 3998873, 558, 0, 0
16076, 98, 222, 374, 0, 0, 26.70%, 0, 0, 5, 297.49, 3999978, 558, 0, 0
16081, 98, 111, 374, 0, 0, 26.70%, 0, 0, 5, 297.88, 4001093, 558, 0, 0
16086, 98, 50, 374, 0, 0, 26.70%, 0, 0, 5, 31.76, 4002377, 558, 0, 0
16091, 98, 93, 374, 0, 0, 26.70%, 0, 0, 5, 297.24, 4003738, 558, 0, 0
16096, 98, 222, 374, 0, 0, 26.70%, 0, 0, 5, 285.55, 4004838, 558, 0, 0
16102, 98, 354, 374, 0, 0, 26.70%, 0, 0, 5, 293.53, 4005950, 558, 0, 0
16107, 98, 129, 374, 0, 0, 26.70%, 0, 0, 5, 294.50, 4007463, 558, 0, 0
16112, 98, 164, 374, 0, 0, 26.70%, 0, 0, 5, 262.18, 4008538, 558, 0, 0
16117, 98, 75, 374, 0, 0, 26.70%, 0, 0, 5, 267.01, 4009653, 558, 0, 0
16122, 98, 82, 374, 0, 0, 26.70%, 0, 0, 5, 53.27, 4011045, 558, 0, 0
16127, 98, 55, 374, 0, 0, 26.70%, 0, 0, 5, 294.98, 4012288, 558, 0, 0
16132, 98, 222, 374, 0, 0, 26.70%, 0, 0, 5, 226.84, 4013376, 558, 0, 0
16138, 98, 344, 374, 0, 0, 26.70%, 0, 0, 5, 31.41, 4014546, 558, 0, 0
16143, 98, 156, 374, 0, 0, 26.70%, 0, 0, 5, 281.03, 4015993, 558, 0, 0
16148, 98, 330, 374, 0, 0, 26.70%, 0, 0, 5, 295.86, 4017068, 558, 0, 0
16153, 98, 67, 374, 0, 0, 26.70%, 0, 0, 5, 159.20, 4018143, 558, 0, 0
16158, 98, 360, 374, 0, 0, 26.70%, 0, 0, 5, 268.14, 4019653, 558, 0, 0
16163, 99, 287, 374, 0, 0, 26.70%, 0, 0, 5, 238.93, 4020716, 558, 0, 0
16168, 99, 287, 374, 0, 0, 26.70%, 0, 0, 5, 293.71, 4021813, 558, 0, 0
16173, 99, 129, 374, 0, 0, 26.70%, 0, 0, 5, 287.93, 4023258, 558, 0, 0
16178, 99, 355, 374, 0, 0, 26.70%, 0, 0, 5, 295.47, 4024408, 558, 0, 0
16183, 99, 227, 374, 0, 0, 26.70%, 0, 0, 5, 293.83, 4025508, 558, 0, 0
16189, 99, 129, 374, 0, 0, 26.70%, 0, 0, 5, 31.82, 4026671, 558, 0, 0
16194, 99, 99, 374, 0, 0, 26.70%, 0, 0, 5, 270.78, 4028113, 558, 0, 0
16199, 99, 354, 374, 0, 0, 26.70%, 0, 0, 5, 298.85, 4029228, 558, 0, 0
16204, 99, 141, 374, 0, 0, 26.70%, 0, 0, 5, 292.08, 4030334, 558, 0, 0
16209, 99, 372, 374, 0, 0, 26.70%, 0, 0, 5, 293.78, 4031858, 558, 0, 0
16214, 99, 355, 374, 0, 0, 26.70%, 0, 0, 5, 297.38, 4032948, 558, 0, 0
16219, 99, 227, 374, 0, 0, 26.70%, 0, 0, 5, 296.33, 4034038, 558, 0, 0
16224, 99, 133, 374, 0, 0, 26.70%, 0, 0, 5, 31.25, 4035388, 558, 0, 0
16230, 99, 202, 374, 0, 0, 26.70%, 0, 0, 5, 292.27, 4036578, 558, 0, 0
16235, 99, 95, 374, 0, 0, 26.70%, 0, 0, 5, 233.59, 4037684, 558, 0, 0
16240, 99, 156, 374, 0, 0, 26.70%, 0, 0, 5, 31.37, 4038924, 558, 0, 0
16245, 99, 306, 374, 0, 0, 26.70%, 0, 0, 5, 272.08, 4040298, 558, 0, 0
16250, 99, 142, 374, 0, 0, 26.70%, 0, 0, 5, 252.80, 4041383, 558, 0, 0
16255, 99, 336, 374, 0, 0, 26.70%, 0, 0, 5, 38.09, 4042439, 558, 0, 0
16260, 99, 75, 374, 0, 0, 26.70%, 0, 0, 5, 295.60, 4043958, 558, 0, 0
16265, 99, 82, 374, 0, 0, 26.70%, 0, 0, 5, 276.04, 4045083, 558, 0, 0
16270, 99, 311, 374, 0, 0, 26.70%, 0, 0, 5, 293.81, 4046173, 558, 0, 0
16275, 99, 2, 374, 0, 0, 26.70%, 0, 0, 5, 285.39, 4047618, 558, 0, 0
16281, 99, 360, 374, 0, 0, 26.70%, 0, 0, 5, 294.99, 4048773, 558, 0, 0
16286, 99, 236, 374, 0, 0, 26.70%, 0, 0, 5, 299.47, 4049838, 558, 0, 0
16291, 99, 166, 374, 0, 0, 26.70%, 0, 0, 5, 31.25, 4051110, 558, 0, 0
16296, 99, 287, 374, 0, 0, 26.70%, 0, 0, 5, 268.30, 4052458, 558, 0, 0
16301, 99, 106, 374, 0, 0, 26.70%, 0, 0, 5, 296.15, 4053583, 558, 0, 0
16306, 99, 372, 374, 0, 0, 26.70%, 0, 0, 5, 290.64, 4054687, 558, 0, 0
16311, 99, 99, 374, 0, 0, 26.70%, 0, 0, 5, 296.65, 4056223, 558, 0, 0
16317, 99, 55, 374, 0, 0, 26.70%, 0, 0, 5, 287.88, 4057343, 558, 0, 0
16322, 99, 355, 374, 0, 0, 26.70%, 0, 0, 5, 299.15, 4058428, 558, 0, 0
16327, 99, 354, 374, 0, 0, 26.70%, 0, 0, 5, 31.24, 4059727, 558, 0, 0
16332, 99, 341, 374, 0, 0, 26.70%, 0, 0, 5, 260.21, 4061043, 558, 0, 0
16337, 100, 164, 374, 0, 0, 26.70%, 0, 0, 5, 265.82, 4062168, 558, 0, 0
16342, 100, 329, 374, 0, 0, 26.70%, 0, 0, 5, 300.21, 4063247, 558, 0, 0
16347, 100, 125, 374, 0, 0, 26.70%, 0, 0, 5, 296.51, 4064728, 558, 0, 0
16352, 100, 28, 374, 0, 0, 26.70%, 0, 0, 5, 281.38, 4065838, 558, 0, 0
16357, 100, 82, 374, 0, 0, 26.70%, 0, 0, 5, 293.51, 4066918, 558, 0, 0
16362, 100, 65, 374, 0, 0, 26.70%, 0, 0, 5, 31.34, 4068245, 558, 0, 0
16368, 100, 102, 374, 0, 0, 26.70%, 0, 0, 5, 296.45, 4069508, 558, 0, 0
16373, 100, 64, 374, 0, 0, 26.70%, 0, 0, 5, 295.54, 4070588, 558, 0, 0
16378, 100, 50, 374, 0, 0, 26.70%, 0, 0, 5, 45.54, 4071656, 558, 0, 0
16383, 100, 106, 374, 0, 0, 26.70%, 0, 0, 5, 295.30, 4073168, 558, 0, 0
16388, 100, 75, 374, 0, 0, 26.70%, 0, 0, 5, 298.91, 4074243, 558, 0, 0
16393, 100, 142, 374, 0, 0, 26.70%, 0, 0, 5, 241.97, 4075356, 558, 0, 0
16398, 100, 285, 374, 0, 0, 26.70%, 0, 0, 5, 31.16, 4076720, 558, 0, 0
16403, 100, 222, 374, 0, 0, 26.70%, 0, 0, 5, 260.68, 4077933, 558, 0, 0
16408, 100, 191, 374, 0, 0, 26.70%, 0, 0, 5, 279.52, 4079008, 558, 0, 0
16414, 100, 309, 374, 0, 0, 26.70%, 0, 0, 5, 298.63, 4080118, 558, 0, 0
16419, 100, 227, 374, 0, 0, 26.70%, 0, 0, 5, 293.33, 4081648, 558, 0, 0
16424, 100, 365, 374, 0, 0, 26.70%, 0, 0, 5, 295.80, 4082758, 558, 0, 0
16429, 100, 1, 374, 0, 0, 26.70%, 0, 0, 5, 295.52, 4083818, 558, 0, 0
16434, 100, 81, 374, 0, 0, 26.70%, 0, 0, 5, 47.10, 4085111, 558, 0, 0
16439, 100, 76, 374, 0, 0, 26.70%, 0, 0, 5, 296.08, 4086413, 558, 0, 0
16444, 100, 361, 374, 0, 0, 26.70%, 0, 0, 5, 291.59, 4087503, 558, 0, 0
16449, 100, 353, 374, 0, 0, 26.70%, 0, 0, 5, 32.46, 4088575, 558, 0, 0
16454, 100, 156, 374, 0, 0, 26.70%, 0, 0, 5, 297.58, 4090093, 558, 0, 0
16459, 100, 213, 374, 0, 0, 26.70%, 0, 0, 5, 296.70, 4091168, 558, 0, 0
16464, 100, 50, 374, 0, 0, 26.70%, 0, 0, 5, 211.09, 4092234, 558, 0, 0
16470, 100, 176, 374, 0, 0, 26.70%, 0, 0, 5, 41.98, 4093484, 558, 0, 0
16475, 100, 309, 374, 0, 0, 26.70%, 0, 0, 5, 295.90, 4094863, 558, 0, 0
16480, 100, 342, 374, 0, 0, 26.70%, 0, 0, 5, 256.70, 4095973, 558, 0, 0
16485, 100, 355, 374, 0, 0, 26.70%, 0, 0, 5, 204.29, 4097082, 558, 0, 0
16490, 100, 285, 374, 0, 0, 26.70%, 0, 0, 5, 31.65, 4098513, 558, 0, 0
16496, 100, 111, 374, 0, 0, 26.70%, 0, 0, 5, 296.44, 4099758, 558, 0, 0
16501, 100, 76, 374, 0, 0, 26.70%, 0, 0, 5, 297.32, 4100838, 558, 0, 0
16506, 101, 69, 374, 0, 0, 26.70%, 0, 0, 5, 31.99, 4101915, 558, 0, 0
16511, 101, 213, 374, 0, 0, 26.70%, 0, 0, 5, 291.46, 4103422, 558, 0, 0
16516, 101, 95, 374, 0, 0, 26.70%, 0, 0, 5, 296.57, 4104533, 558, 0, 0
16521, 101, 336, 374, 0, 0, 26.70%, 0, 0, 5, 294.71, 4105588, 558, 0, 0
16526, 101, 208, 374, 0, 0, 26.70%, 0, 0, 5, 280.41, 4106998, 558, 0, 0
16531, 101, 139, 374, 0, 0, 26.70%, 0, 0, 5, 298.09, 4108172, 558, 0, 0
16536, 101, 176, 374, 0, 0, 26.70%, 0, 0, 5, 282.54, 4109253, 558, 0, 0
16542, 101, 79, 374, 0, 0, 26.70%, 0, 0, 5, 40.31, 4110388, 558, 0, 0
16547, 101, 226, 374, 0, 0, 26.70%, 0, 0, 5, 291.33, 4111853, 558, 0, 0
16552, 101, 2, 374, 0, 0, 26.70%, 0, 0, 5, 297.16, 4112943, 558, 0, 0
16557, 101, 75, 374, 0, 0, 26.70%, 0, 0, 5, 260.47, 4114053, 558, 0, 0
16562, 101, 95, 374, 0, 0, 26.70%, 0, 0, 5, 31.25, 4115413, 558, 0, 0
16567, 101, 202, 374, 0, 0, 26.70%, 0, 0, 5, 295.82, 4116613, 558, 0, 0
16572, 101, 354, 374, 0, 0, 26.70%, 0, 0, 5, 297.21, 4117723, 558, 0, 0
16577, 101, 34, 374, 0, 0, 26.70%, 0, 0, 5, 31.61, 4118894, 558, 0, 0
16582, 101, 99, 374, 0, 0, 26.70%, 0, 0, 5, 291.80, 4120293, 558, 0, 0
16588, 101, 75, 374, 0, 0, 26.70%, 0, 0, 5, 296.00, 4121413, 558, 0, 0
16593, 101, 355, 374, 0, 0, 26.70%, 0, 0, 5, 276.65, 4122523, 558, 0, 0
16598, 101, 164, 374, 0, 0, 26.70%, 0, 0, 5, 31.45, 4123938, 558, 0, 0
16603, 101, 75, 374, 0, 0, 26.70%, 0, 0, 5, 297.25, 4125148, 558, 0, 0
16608, 101, 354, 374, 0, 0, 26.70%, 0, 0, 5, 293.19, 4126243, 558, 0, 0
16613, 101, 341, 374, 0, 0, 26.70%, 0, 0, 5, 301.98, 4127333, 558, 0, 0
16619, 101, 309, 374, 0, 0, 26.70%, 0, 0, 5, 297.68, 4128873, 558, 0, 0
16624, 101, 82, 374, 0, 0, 26.70%, 0, 0, 5, 257.53, 4129938, 558, 0, 0
16629, 101, 354, 374, 0, 0, 26.70%, 0, 0, 5, 292.73, 4131023, 558, 0, 0
16634, 101, 156, 374, 0, 0, 26.70%, 0, 0, 5, 31.25, 4132398, 558, 0, 0
16639, 101, 323, 374, 0, 0, 26.70%, 0, 0, 5, 256.33, 4133643, 558, 0, 0
16644, 101, 177, 374, 0, 0, 26.70%, 0, 0, 5, 299.46, 4134743, 558, 0, 0
16649, 101, 133, 374, 0, 0, 26.70%, 0, 0, 5, 31.59, 4135808, 558, 0, 0
16654, 101, 309, 374, 0, 0, 26.70%, 0, 0, 5, 297.21, 4137328, 558, 0, 0
16659, 101, 213, 374, 0, 0, 26.70%, 0, 0, 5, 297.61, 4138438, 558, 0, 0
16665, 101, 341, 374, 0, 0, 26.70%, 0, 0, 5, 286.59, 4139497, 558, 0, 0
16670, 101, 222, 374, 0, 0, 26.70%, 0, 0, 5, 281.52, 4140923, 558, 0, 0
16675, 102, 213, 374, 0, 0, 26.70%, 0, 0, 5, 271.78, 4142103, 558, 0, 0
16680, 102, 355, 374, 0, 0, 26.70%, 0, 0, 5, 292.75, 4143218, 558, 0, 0
16685, 102, 99, 374, 0, 0, 26.70%, 0, 0, 5, 31.43, 4144381, 558, 0, 0
16690, 102, 336, 374, 0, 0, 26.70%, 0, 0, 5, 294.76, 4145853, 558, 0, 0
16695, 102, 10, 374, 0, 0, 26.70%, 0, 0, 5, 297.26, 4146933, 558, 0, 0
16700, 102, 166, 374, 0, 0, 26.70%, 0, 0, 5, 276.11, 4148038, 558, 0, 0
16706, 102, 106, 374, 0, 0, 26.70%, 0, 0, 5, 31.06, 4149428, 558, 0, 0
16711, 102, 329, 374, 0, 0, 26.70%, 0, 0, 5, 261.71, 4150578, 558, 0, 0
16716, 102, 82, 374, 0, 0, 26.70%, 0, 0, 5, 288.94, 4151663, 558, 0, 0
16721, 102, 82, 374, 0, 0, 26.70%, 0, 0, 5, 31.16, 4152897, 558, 0, 0
16726, 102, 372, 374, 0, 0, 26.70%, 0, 0, 5, 281.70, 4154168, 558, 0, 0
16731, 102, 75, 374, 0, 0, 26.70%, 0, 0, 5, 294.45, 4155278, 558, 0, 0
16736, 102, 206, 374, 0, 0, 26.70%, 0, 0, 5, 300.00, 4156403, 558, 0, 0
16741, 102, 200, 374, 0, 0, 26.70%, 0, 0, 5, 295.37, 4157913, 558, 0, 0
16746, 102, 202, 374, 0, 0, 26.70%, 0, 0, 5, 280.75, 4159028, 558, 0, 0
16752, 102, 355, 374, 0, 0, 26.70%, 0, 0, 5, 291.33, 4160103, 558, 0, 0
16757, 102, 142, 374, 0, 0, 26.70%, 0, 0, 5, 31.49, 4161377, 558, 0, 0
16762, 102, 340, 374, 0, 0, 26.70%, 0, 0, 5, 295.36, 4162753, 558, 0, 0
16767, 102, 166, 374, 0, 0, 26.70%, 0, 0, 5, 289.63, 4163818, 558, 0, 0
16772, 102, 142, 374, 0, 0, 26.70%, 0, 0, 5, 298.20, 4164938, 558, 0, 0
16777, 102, 129, 374, 0, 0, 26.70%, 0, 0, 5, 45.59, 4166438, 558, 0, 0
16782, 102, 213, 374, 0, 0, 26.70%, 0, 0, 5, 297.62, 4167593, 558, 0, 0
16787, 102, 165, 374, 0, 0, 26.70%, 0, 0, 5, 295.41, 4168688, 558, 0, 0
16793, 102, 372, 374, 0, 0, 26.70%, 0, 0, 5, 31.50, 4169834, 558, 0, 0
16798, 102, 336, 374, 0, 0, 26.70%, 0, 0, 5, 292.30, 4171253, 558, 0, 0
16803, 102, 166, 374, 0, 0, 26.70%, 0, 0, 5, 298.71, 4172318, 558, 0, 0
16808, 102, 336, 374, 0, 0, 26.70%, 0, 0, 5, 188.68, 4173394, 558, 0, 0
16813, 102, 95, 374, 0, 0, 26.70%, 0, 0, 5, 31.15, 4174843, 558, 0, 0
16818, 102, 191, 374, 0, 0, 26.70%, 0, 0, 5, 260.09, 4176073, 558, 0, 0
16823, 102, 336, 374, 0, 0, 26.70%, 0, 0, 5, 295.19, 4177158, 558, 0, 0
16829, 102, 191, 374, 0, 0, 26.70%, 0, 0, 5, 39.47, 4178289, 558, 0, 0
16834, 102, 156, 374, 0, 0, 26.70%, 0, 0, 5, 283.88, 4179798, 558, 0, 0
16839, 102, 355, 374, 0, 0, 26.70%, 0, 0, 5, 294.38, 4180908, 558, 0, 0
16844, 103, 106, 374, 0, 0, 26.70%, 0, 0, 5, 300.97, 4181977, 558, 0, 0
16849, 103, 236, 374, 0, 0, 26.70%, 0, 0, 5, 31.47, 4183174, 558, 0, 0
16854, 103, 275, 374, 0, 0, 26.70%, 0, 0, 5, 287.26, 4184583, 558, 0, 0
16859, 103, 166, 374, 0, 0, 26.70%, 0, 0, 5, 293.17, 4185673, 558, 0, 0
16864, 103, 202, 374, 0, 0, 26.70%, 0, 0, 5, 299.09, 4186743, 558, 0, 0
16869, 103, 202, 374, 0, 0, 26.70%, 0, 0, 5, 281.84, 4188153, 558, 0, 0
16875, 103, 76, 374, 0, 0, 26.70%, 0, 0, 5, 298.14, 4189318, 558, 0, 0
16880, 103, 341, 374, 0, 0, 26.70%, 0, 0, 5, 210.23, 4190345, 558, 0, 0
16885, 103, 372, 374, 0, 0, 26.70%, 0, 0, 5, 31.53, 4191607, 558, 0, 0
16890, 103, 336, 374, 0, 0, 26.70%, 0, 0, 5, 285.00, 4192943, 558, 0, 0
16895, 103, 82, 374, 0, 0, 26.70%, 0, 0, 5, 289.09, 4194023, 558, 0, 0
16900, 103, 191, 374, 0, 0, 26.70%, 0, 0, 5, 268.32, 4195093, 558, 0, 0
16905, 103, 355, 374, 0, 0, 26.70%, 0, 0, 5, 31.25, 4196483, 558, 0, 0
16910, 103, 355, 374, 0, 0, 26.70%, 0, 0, 5, 293.04, 4197668, 558, 0, 0
16915, 103, 355, 374, 0, 0, 26.70%, 0, 0, 5, 294.00, 4198778, 558, 0, 0
16921, 103, 272, 374, 0, 0, 26.70%, 0, 0, 5, 31.27, 4199888, 558, 0, 0
16926, 103, 106, 374, 0, 0, 26.70%, 0, 0, 5, 286.77, 4201398, 558, 0, 0
16931, 103, 142, 374, 0, 0, 26.70%, 0, 0, 5, 258.83, 4202473, 558, 0, 0
16936, 103, 41, 374, 0, 0, 26.70%, 0, 0, 5, 283.50, 4203543, 558, 0, 0
16941, 103, 130, 374, 0, 0, 26.70%, 0, 0, 5, 31.17, 4204820, 558, 0, 0
16946, 103, 2, 374, 0, 0, 26.70%, 0, 0, 5, 295.35, 4206138, 558, 0, 0
16951, 103, 164, 374, 0, 0, 26.70%, 0, 0, 5, 280.88, 4207248, 558, 0, 0
16956, 103, 227, 374, 0, 0, 26.70%, 0, 0, 5, 266.58, 4208358, 558, 0, 0
16962, 103, 227, 374, 0, 0, 26.70%, 0, 0, 5, 276.69, 4209853, 558, 0, 0
16967, 103, 164, 374, 0, 0, 26.70%, 0, 0, 5, 257.13, 4211018, 558, 0, 0
16972, 103, 129, 374, 0, 0, 26.70%, 0, 0, 5, 299.03, 4212093, 558, 0, 0
16977, 103, 227, 374, 0, 0, 26.70%, 0, 0, 5, 31.41, 4213191, 558, 0, 0
16982, 103, 202, 374, 0, 0, 26.70%, 0, 0, 5, 295.63, 4214688, 558, 0, 0
16987, 103, 55, 374, 0, 0, 26.70%, 0, 0, 5, 291.00, 4215763, 558, 0, 0
16992, 103, 194, 374, 0, 0, 26.70%, 0, 0, 5, 293.24, 4216858, 558, 0, 0
16997, 103, 154, 374, 0, 0, 26.70%, 0, 0, 5, 282.34, 4218283, 558, 0, 0
17002, 103, 129, 374, 0, 0, 26.70%, 0, 0, 5, 292.59, 4219428, 558, 0, 0
17007, 104, 133, 374, 0, 0, 26.70%, 0, 0, 5, 298.01, 4220503, 558, 0, 0
17013, 104, 99, 374, 0, 0, 26.70%, 0, 0, 5, 30.90, 4221676, 558, 0, 0
17018, 104, 82, 374, 0, 0, 26.70%, 0, 0, 5, 270.03, 4223123, 558, 0, 0
17023, 104, 76, 374, 0, 0, 26.70%, 0, 0, 5, 299.64, 4224223, 558, 0, 0
17028, 104, 166, 374, 0, 0, 26.70%, 0, 0, 5, 298.50, 4225328, 558, 0, 0
17033, 104, 2, 374, 0, 0, 26.70%, 0, 0, 5, 31.35, 4226728, 558, 0, 0
17038, 104, 341, 374, 0, 0, 26.70%, 0, 0, 5, 254.86, 4227893, 558, 0, 0
17043, 104, 166, 374, 0, 0, 26.70%, 0, 0, 5, 290.99, 4228963, 558, 0, 0
17048, 104, 111, 374, 0, 0, 26.70%, 0, 0, 5, 31.22, 4230101, 558, 0, 0
17053, 104, 106, 374, 0, 0, 26.70%, 0, 0, 5, 286.04, 4231553, 558, 0, 0
17059, 104, 373, 374, 0, 0, 26.70%, 0, 0, 5, 280.96, 4232633, 558, 0, 0
17064, 104, 166, 374, 0, 0, 26.70%, 0, 0, 5, 291.31, 4233683, 558, 0, 0
17069, 104, 11, 374, 0, 0, 26.70%, 0, 0, 5, 31.06, 4235073, 558, 0, 0
17074, 104, 309, 374, 0, 0, 26.70%, 0, 0, 5, 279.86, 4236297, 558, 0, 0
17079, 104, 50, 374, 0, 0, 26.70%, 0, 0, 5, 293.43, 4237393, 558, 0, 0
17084, 104, 55, 374, 0, 0, 26.70%, 0, 0, 5, 280.00, 4238496, 558, 0, 0
17089, 104, 301, 374, 0, 0, 26.70%, 0, 0, 5, 294.03, 4240043, 558, 0, 0
17095, 104, 75, 374, 0, 0, 26.70%, 0, 0, 5, 293.86, 4241143, 558, 0, 0
17100, 104, 142, 374, 0, 0, 26.70%, 0, 0, 5, 243.26, 4242235, 558, 0, 0
17105, 104, 369, 374, 0, 0, 26.70%, 0, 0, 5, 31.39, 4243383, 558, 0, 0
17110, 104, 220, 374, 0, 0, 26.70%, 0, 0, 5, 269.49, 4244878, 558, 0, 0
17115, 104, 222, 374, 0, 0, 26.70%, 0, 0, 5, 285.56, 4245988, 558, 0, 0
17120, 104, 285, 374, 0, 0, 26.70%, 0, 0, 5, 286.02, 4247078, 558, 0, 0
17126, 104, 347, 374, 0, 0, 26.70%, 0, 0, 5, 35.89, 4248325, 558, 0, 0
17131, 104, 95, 374, 0, 0, 26.70%, 0, 0, 5, 293.61, 4249738, 558, 0, 0
17136, 104, 95, 374, 0, 0, 26.70%, 0, 0, 5, 242.59, 4250853, 558, 0, 0
17141, 104, 128, 374, 0, 0, 26.70%, 0, 0, 5, 287.49, 4251943, 558, 0, 0
17146, 104, 61, 374, 0, 0, 26.70%, 0, 0, 5, 282.80, 4253368, 558, 0, 0
17151, 104, 353, 374, 0, 0, 26.70%, 0, 0, 5, 294.85, 4254508, 558, 0, 0
17156, 104, 354, 374, 0, 0, 26.70%, 0, 0, 5, 225.47, 4255612, 558, 0, 0
17161, 104, 28, 374, 0, 0, 26.70%, 0, 0, 5, 43.94, 4256748, 558, 0, 0
17166, 104, 202, 374, 0, 0, 26.70%, 0, 0, 5, 287.52, 4258188, 558, 0, 0
17171, 105, 95, 374, 0, 0, 26.70%, 0, 0, 5, 292.01, 4259263, 558, 0, 0
17177, 105, 142, 374, 0, 0, 26.70%, 0, 0, 5, 246.32, 4260378, 558, 0, 0
17182, 105, 355, 374, 0, 0, 26.70%, 0, 0, 5, 46.85, 4261747, 558, 0, 0
17187, 105, 222, 374, 0, 0, 26.70%, 0, 0, 5, 276.64, 4263033, 558, 0, 0
17192, 105, 286, 374, 0, 0, 26.70%, 0, 0, 5, 262.75, 4264118, 558, 0, 0
17197, 105, 213, 374, 0, 0, 26.70%, 0, 0, 5, 214.26, 4265212, 558, 0, 0
17203, 105, 133, 374, 0, 0, 26.70%, 0, 0, 5, 278.84, 4266723, 558, 0, 0
17208, 105, 341, 374, 0, 0, 26.70%, 0, 0, 5, 291.19, 4267793, 558, 0, 0
17213, 105, 309, 374, 0, 0, 26.70%, 0, 0, 5, 273.54, 4268848, 558, 0, 0
17218, 105, 349, 374, 0, 0, 26.70%, 0, 0, 5, 41.44, 4270210, 558, 0, 0
17223, 105, 2, 374, 0, 0, 26.70%, 0, 0, 5, 291.00, 4271458, 558, 0, 0
17228, 105, 190, 374, 0, 0, 26.70%, 0, 0, 5, 299.08, 4272533, 558, 0, 0
17233, 105, 111, 374, 0, 0, 26.70%, 0, 0, 5, 253.73, 4273599, 558, 0, 0
17238, 105, 58, 374, 0, 0, 26.70%, 0, 0, 5, 287.24, 4275118, 558, 0, 0
17243, 105, 355, 374, 0, 0, 26.70%, 0, 0, 5, 293.94, 4276168, 558, 0, 0
17248, 105, 355, 374, 0, 0, 26.70%, 0, 0, 5, 299.73, 4277253, 558, 0, 0
17253, 105, 202, 374, 0, 0, 26.70%, 0, 0, 5, 47.58, 4278547, 558, 0, 0
17258, 105, 267, 374, 0, 0, 26.70%, 0, 0, 5, 295.11, 4279858, 558, 0, 0
17264, 105, 355, 374, 0, 0, 26.70%, 0, 0, 5, 279.75, 4280963, 558, 0, 0
17269, 105, 156, 374, 0, 0, 26.70%, 0, 0, 5, 254.18, 4282048, 558, 0, 0
17274, 105, 75, 374, 0, 0, 26.70%, 0, 0, 5, 277.63, 4283488, 558, 0, 0
17279, 105, 309, 374, 0, 0, 26.70%, 0, 0, 5, 296.44, 4284633, 558, 0, 0
17284, 105, 111, 374, 0, 0, 26.70%, 0, 0, 5, 298.11, 4285703, 558, 0, 0
17289, 105, 309, 374, 0, 0, 26.70%, 0, 0, 5, 297.03, 4286793, 558, 0, 0
17294, 105, 76, 374, 0, 0, 26.70%, 0, 0, 5, 296.43, 4288313, 558, 0, 0
17299, 105, 353, 374, 0, 0, 26.70%, 0, 0, 5, 297.82, 4289398, 558, 0, 0
17304, 105, 106, 374, 0, 0, 26.70%, 0, 0, 5, 280.27, 4290473, 558, 0, 0
17310, 105, 178, 374, 0, 0, 26.70%, 0, 0, 5, 31.61, 4291719, 558, 0, 0
17315, 105, 354, 374, 0, 0, 26.70%, 0, 0, 5, 292.75, 4293063, 558, 0, 0
17320, 105, 202, 374, 0, 0, 26.70%, 0, 0, 5, 298.60, 4294188, 558, 0, 0
17325, 105, 133, 374, 0, 0, 26.70%, 0, 0, 5, 290.48, 4295283, 558, 0, 0
17330, 105, 309, 374, 0, 0, 26.70%, 0, 0, 5, 31.61, 4296552, 558, 0, 0
17335, 105, 291, 374, 0, 0, 26.70%, 0, 0, 5, 292.01, 4297913, 558, 0, 0
17340, 105, 2, 374, 0, 0, 26.70%, 0, 0, 5, 277.62, 4298993, 558, 0, 0
17345, 106, 355, 374, 0, 0, 26.70%, 0, 0, 5, 301.31, 4300074, 558, 0, 0
17350, 106, 82, 374, 0, 0, 26.70%, 0, 0, 5, 30.96, 4301478, 558, 0, 0
17355, 106, 191, 374, 0, 0, 26.70%, 0, 0, 5, 277.45, 4302658, 558, 0, 0
17361, 106, 166, 374, 0, 0, 26.70%, 0, 0, 5, 279.87, 4303748, 558, 0, 0
17366, 106, 355, 374, 0, 0, 26.70%, 0, 0, 5, 293.53, 4304870, 558, 0, 0
17371, 106, 75, 374, 0, 0, 26.70%, 0, 0, 5, 31.55, 4306318, 558, 0, 0
17376, 106, 238, 374, 0, 0, 26.70%, 0, 0, 5, 265.26, 4307493, 558, 0, 0
17381, 106, 336, 374, 0, 0, 26.70%, 0, 0, 5, 298.15, 4308603, 558, 0, 0
17386, 106, 343, 374, 0, 0, 26.70%, 0, 0, 5, 301.94, 4309665, 558, 0, 0
17391, 106, 166, 374, 0, 0, 26.70%, 0, 0, 5, 293.51, 4311188, 558, 0, 0
17396, 106, 227, 374, 0, 0, 26.70%, 0, 0, 5, 259.61, 4312293, 558, 0, 0
17402, 106, 354, 374, 0, 0, 26.70%, 0, 0, 5, 248.33, 4313413, 558, 0, 0
17407, 106, 341, 374, 0, 0, 26.70%, 0, 0, 5, 31.32, 4314508, 558, 0, 0
17412, 106, 44, 374, 0, 0, 26.70%, 0, 0, 5, 294.31, 4316028, 558, 0, 0
17417, 106, 75, 374, 0, 0, 26.70%, 0, 0, 5, 255.79, 4317083, 558, 0, 0
17422, 106, 319, 374, 0, 0, 26.70%, 0, 0, 5, 294.43, 4318193, 558, 0, 0
17427, 106, 129, 374, 0, 0, 26.70%, 0, 0, 5, 31.19, 4319323, 558, 0, 0
17432, 106, 346, 374, 0, 0, 26.70%, 0, 0, 5, 277.35, 4320833, 558, 0, 0
17438, 106, 100, 374, 0, 0, 26.70%, 0, 0, 5, 292.44, 4321943, 558, 0, 0
17443, 106, 38, 374, 0, 0, 26.70%, 0, 0, 5, 297.22, 4323083, 558, 0, 0
17448, 106, 82, 374, 0, 0, 26.70%, 0, 0, 5, 31.59, 4324246, 558, 0, 0
17453, 106, 111, 374, 0, 0, 26.70%, 0, 0, 5, 299.91, 4325758, 558, 0, 0
17458, 106, 127, 374, 0, 0, 26.70%, 0, 0, 5, 243.39, 4326846, 558, 0, 0
17464, 106, 129, 374, 0, 0, 26.70%, 0, 0, 5, 286.10, 4327938, 558, 0, 0
17469, 106, 222, 374, 0, 0, 26.70%, 0, 0, 5, 52.24, 4329237, 558, 0, 0
17474, 106, 309, 374, 0, 0, 26.70%, 0, 0, 5, 296.78, 4330488, 558, 0, 0
17479, 106, 5, 374, 0, 0, 26.70%, 0, 0, 5, 242.81, 4331577, 558, 0, 0
17484, 106, 99, 374, 0, 0, 26.70%, 0, 0, 5, 293.53, 4332642, 558, 0, 0
17489, 106, 187, 374, 0, 0, 26.70%, 0, 0, 5, 294.29, 4334153, 558, 0, 0
17494, 106, 329, 374, 0, 0, 26.70%, 0, 0, 5, 298.74, 4335268, 558, 0, 0
17499, 106, 35, 374, 0, 0, 26.70%, 0, 0, 5, 289.54, 4336388, 558, 0, 0
17504, 106, 213, 374, 0, 0, 26.70%, 0, 0, 5, 31.31, 4337554, 558, 0, 0
17509, 107, 309, 374, 0, 0, 26.70%, 0, 0, 5, 293.71, 4338973, 558, 0, 0
17515, 107, 202, 374, 0, 0, 26.70%, 0, 0, 5, 294.91, 4340053, 558, 0, 0
17520, 107, 166, 374, 0, 0, 26.70%, 0, 0, 5, 232.89, 4341108, 558, 0, 0
17525, 107, 329, 374, 0, 0, 26.70%, 0, 0, 5, 31.15, 4342543, 558, 0, 0
17530, 107, 268, 374, 0, 0, 26.70%, 0, 0, 5, 293.05, 4343788, 558, 0, 0
17535, 107, 2, 374, 0, 0, 26.70%, 0, 0, 5, 291.93, 4344858, 558, 0, 0
17540, 107, 44, 374, 0, 0, 26.70%, 0, 0, 5, 177.34, 4345949, 558, 0, 0
17545, 107, 227, 374, 0, 0, 26.70%, 0, 0, 5, 272.97, 4347468, 558, 0, 0
17551, 107, 227, 374, 0, 0, 26.70%, 0, 0, 5, 294.83, 4348583, 558, 0, 0
17556, 107, 82, 374, 0, 0, 26.70%, 0, 0, 5, 269.87, 4349643, 558, 0, 0
17561, 107, 285, 374, 0, 0, 26.70%, 0, 0, 5, 31.56, 4350889, 558, 0, 0
17566, 107, 164, 374, 0, 0, 26.70%, 0, 0, 5, 269.76, 4352263, 558, 0, 0
17571, 107, 306, 374, 0, 0, 26.70%, 0, 0, 5, 298.99, 4353328, 558, 0, 0
17576, 107, 278, 374, 0, 0, 26.70%, 0, 0, 5, 290.43, 4354453, 558, 0, 0
17581, 107, 142, 374, 0, 0, 26.70%, 0, 0, 5, 289.11, 4355913, 558, 0, 0
17586, 107, 191, 374, 0, 0, 26.70%, 0, 0, 5, 275.07, 4357043, 558, 0, 0
17591, 107, 355, 374, 0, 0, 26.70%, 0, 0, 5, 293.71, 4358148, 558, 0, 0
17597, 107, 227, 374, 0, 0, 26.70%, 0, 0, 5, 32.49, 4359256, 558, 0, 0
17602, 107, 372, 374, 0, 0, 26.70%, 0, 0, 5, 296.53, 4360788, 558, 0, 0
17607, 107, 76, 374, 0, 0, 26.70%, 0, 0, 5, 283.84, 4361848, 558, 0, 0
17612, 107, 133, 374, 0, 0, 26.70%, 0, 0, 5, 295.20, 4362928, 558, 0, 0
17617, 107, 176, 374, 0, 0, 26.70%, 0, 0, 5, 51.97, 4364179, 558, 0, 0
17622, 107, 350, 374, 0, 0, 26.70%, 0, 0, 5, 295.95, 4365543, 558, 0, 0
17627, 107, 306, 374, 0, 0, 26.70%, 0, 0, 5, 292.71, 4366628, 558, 0, 0
17632, 107, 191, 374, 0, 0, 26.70%, 0, 0, 5, 299.04, 4367763, 558, 0, 0
17637, 107, 355, 374, 0, 0, 26.70%, 0, 0, 5, 31.11, 4369105, 558, 0, 0
17642, 107, 336, 374, 0, 0, 26.70%, 0, 0, 5, 280.72, 4370353, 558, 0, 0
17648, 107, 166, 374, 0, 0, 26.70%, 0, 0, 5, 293.48, 4371448, 558, 0, 0
17653, 107, 327, 374, 0, 0, 26.70%, 0, 0, 5, 285.71, 4372523, 558, 0, 0
17658, 107, 166, 374, 0, 0, 26.70%, 0, 0, 5, 291.85, 4374038, 558, 0, 0
17663, 107, 227, 374, 0, 0, 26.70%, 0, 0, 5, 297.45, 4375148, 558, 0, 0
17668, 107, 76, 374, 0, 0, 26.70%, 0, 0, 5, 225.75, 4376266, 558, 0, 0
17673, 107, 76, 374, 0, 0, 26.70%, 0, 0, 5, 31.53, 4377479, 558, 0, 0
17678, 108, 355, 374, 0, 0, 26.70%, 0, 0, 5, 294.35, 4378888, 558, 0, 0
17683, 108, 222, 374, 0, 0, 26.70%, 0, 0, 5, 296.35, 4379958, 558, 0, 0
17689, 108, 133, 374, 0, 0, 26.70%, 0, 0, 5, 297.04, 4381083, 558, 0, 0
17694, 108, 87, 374, 0, 0, 26.70%, 0, 0, 5, 31.12, 4382400, 558, 0, 0
17699, 108, 354, 374, 0, 0, 26.70%, 0, 0, 5, 296.83, 4383713, 558, 0, 0
17704, 108, 369, 374, 0, 0, 26.70%, 0, 0, 5, 237.19, 4384833, 558, 0, 0
17709, 108, 106, 374, 0, 0, 26.70%, 0, 0, 5, 297.91, 4385913, 558, 0, 0
17714, 108, 82, 374, 0, 0, 26.70%, 0, 0, 5, 286.07, 4387358, 558, 0, 0
17719, 108, 156, 374, 0, 0, 26.70%, 0, 0, 5, 285.38, 4388498, 558, 0, 0
17724, 108, 176, 374, 0, 0, 26.70%, 0, 0, 5, 295.73, 4389578, 558, 0, 0
17730, 108, 156, 374, 0, 0, 26.70%, 0, 0, 5, 42.96, 4390718, 558, 0, 0
17735, 108, 166, 374, 0, 0, 26.70%, 0, 0, 5, 294.96, 4392188, 558, 0, 0
17740, 108, 354, 374, 0, 0, 26.70%, 0, 0, 5, 296.97, 4393308, 558, 0, 0
17745, 108, 106, 374, 0, 0, 26.70%, 0, 0, 5, 293.66, 4394398, 558, 0, 0
17750, 108, 44, 374, 0, 0, 26.70%, 0, 0, 5, 31.65, 4395788, 558, 0, 0
17755, 108, 354, 374, 0, 0, 26.70%, 0, 0, 5, 268.08, 4396943, 558, 0, 0
17760, 108, 82, 374, 0, 0, 26.70%, 0, 0, 5, 297.42, 4398053, 558, 0, 0
17765, 108, 354, 374, 0, 0, 26.70%, 0, 0, 5, 253.73, 4399114, 558, 0, 0
17770, 108, 232, 374, 0, 0, 26.70%, 0, 0, 5, 282.50, 4400623, 558, 0, 0
17776, 108, 365, 374, 0, 0, 26.70%, 0, 0, 5, 296.09, 4401738, 558, 0, 0
17781, 108, 38, 374, 0, 0, 26.70%, 0, 0, 5, 293.86, 4402843, 558, 0, 0
17786, 108, 2, 374, 0, 0, 26.70%, 0, 0, 5, 31.78, 4404031, 558, 0, 0
17791, 108, 336, 374, 0, 0, 26.70%, 0, 0, 5, 295.00, 4405447, 558, 0, 0
17796, 108, 336, 374, 0, 0, 26.70%, 0, 0, 5, 287.80, 4406422, 558, 0, 0
17801, 108, 222, 374, 0, 0, 26.70%, 0, 0, 5, 31.52, 4407538, 558, 0, 0
17806, 108, 99, 374, 0, 0, 26.70%, 0, 0, 5, 284.23, 4409028, 558, 0, 0
17812, 108, 99, 374, 0, 0, 26.70%, 0, 0, 5, 283.29, 4410143, 558, 0, 0
17817, 108, 5, 374, 0, 0, 26.70%, 0, 0, 5, 291.81, 4411253, 558, 0, 0
17822, 108, 75, 374, 0, 0, 26.70%, 0, 0, 5, 31.32, 4412371, 558, 0, 0
17827, 108, 336, 374, 0, 0, 26.70%, 0, 0, 5, 294.62, 4413838, 558, 0, 0
17832, 108, 47, 374, 0, 0, 26.70%, 0, 0, 5, 291.42, 4414943, 558, 0, 0
17837, 108, 329, 374, 0, 0, 26.70%, 0, 0, 5, 299.85, 4416035, 558, 0, 0
17842, 108, 148, 374, 0, 0, 26.70%, 0, 0, 5, 31.32, 4417267, 558, 0, 0
17847, 109, 95, 374, 0, 0, 26.70%, 0, 0, 5, 295.48, 4418638, 558, 0, 0
17853, 109, 369, 374, 0, 0, 26.70%, 0, 0, 5, 249.97, 4419730, 558, 0, 0
17858, 109, 336, 374, 0, 0, 26.70%, 0, 0, 5, 295.77, 4420768, 558, 0, 0
17863, 109, 176, 374, 0, 0, 26.70%, 0, 0, 5, 31.11, 4422024, 558, 0, 0
17868, 109, 2, 374, 0, 0, 26.70%, 0, 0, 5, 297.86, 4423413, 558, 0, 0
17873, 109, 354, 374, 0, 0, 26.70%, 0, 0, 5, 289.17, 4424498, 558, 0, 0
17878, 109, 336, 374, 0, 0, 26.70%, 0, 0, 5, 300.03, 4425582, 558, 0, 0
17883, 109, 354, 374, 0, 0, 26.70%, 0, 0, 5, 43.08, 4427005, 558, 0, 0
17888, 109, 238, 374, 0, 0, 26.70%, 0, 0, 5, 286.24, 4428243, 558, 0, 0
17894, 109, 164, 374, 0, 0, 26.70%, 0, 0, 5, 294.13, 4429338, 558, 0, 0
17899, 109, 355, 374, 0, 0, 26.70%, 0, 0, 5, 207.84, 4430438, 558, 0, 0
17904, 109, 285, 374, 0, 0, 26.70%, 0, 0, 5, 31.45, 4431823, 558, 0, 0
17909, 109, 287, 374, 0, 0, 26.70%, 0, 0, 5, 293.60, 4433023, 558, 0, 0
17914, 109, 94, 374, 0, 0, 26.70%, 0, 0, 5, 298.99, 4434113, 558, 0, 0
17919, 109, 309, 374, 0, 0, 26.70%, 0, 0, 5, 203.42, 4435199, 558, 0, 0
17924, 109, 142, 374, 0, 0, 26.70%, 0, 0, 5, 265.92, 4436703, 558, 0, 0
17929, 109, 191, 374, 0, 0, 26.70%, 0, 0, 5, 281.12, 4437833, 558, 0, 0
17934, 109, 99, 374, 0, 0, 26.70%, 0, 0, 5, 297.69, 4438913, 558, 0, 0
17939, 109, 202, 374, 0, 0, 26.70%, 0, 0, 5, 44.38, 4440004, 558, 0, 0
17945, 109, 166, 374, 0, 0, 26.70%, 0, 0, 5, 293.14, 4441503, 558, 0, 0
17950, 109, 133, 374, 0, 0, 26.70%, 0, 0, 5, 277.13, 4442568, 558, 0, 0
17955, 109, 2, 374, 0, 0, 26.70%, 0, 0, 5, 292.78, 4443653, 558, 0, 0
17960, 109, 25, 374, 0, 0, 26.70%, 0, 0, 5, 31.64, 4444965, 558, 0, 0
17965, 109, 355, 374, 0, 0, 26.70%, 0, 0, 5, 267.10, 4446248, 558, 0, 0
17970, 109, 129, 374, 0, 0, 26.70%, 0, 0, 5, 289.29, 4447343, 558, 0, 0
17975, 109, 44, 374, 0, 0, 26.70%, 0, 0, 5, 244.95, 4448409, 558, 0, 0
17980, 109, 142, 374, 0, 0, 26.70%, 0, 0, 5, 278.84, 4449918, 558, 0, 0
17985, 109, 285, 374, 0, 0, 26.70%, 0, 0, 5, 284.66, 4451047, 558, 0, 0
17990, 109, 312, 374, 0, 0, 26.70%, 0, 0, 5, 298.13, 4452173, 558, 0, 0
17996, 109, 336, 374, 0, 0, 26.70%, 0, 0, 5, 31.49, 4453306, 558, 0, 0
18001, 109, 329, 374, 0, 0, 26.70%, 0, 0, 5, 299.39, 4454747, 558, 0, 0
18006, 109, 95, 374, 0, 0, 26.70%, 0, 0, 5, 260.94, 4455863, 558, 0, 0
18011, 110, 321, 374, 0, 0, 26.70%, 0, 0, 5, 295.76, 4456953, 558, 0, 0
18016, 110, 309, 374, 0, 0, 26.70%, 0, 0, 5, 31.25, 4458300, 558, 0, 0
18021, 110, 44, 374, 0, 0, 26.70%, 0, 0, 5, 297.92, 4459623, 558, 0, 0
18026, 110, 176, 374, 0, 0, 26.70%, 0, 0, 5, 265.14, 4460678, 558, 0, 0
18031, 110, 65, 374, 0, 0, 26.70%, 0, 0, 5, 191.38, 4461785, 558, 0, 0
18036, 110, 227, 374, 0, 0, 26.70%, 0, 0, 5, 272.55, 4463293, 558, 0, 0
18042, 110, 166, 374, 0, 0, 26.70%, 0, 0, 5, 296.72, 4464418, 558, 0, 0
18047, 110, 164, 374, 0, 0, 26.70%, 0, 0, 5, 285.04, 4465493, 558, 0, 0
18052, 110, 129, 374, 0, 0, 26.70%, 0, 0, 5, 31.38, 4466724, 558, 0, 0
18057, 110, 227, 374, 0, 0, 26.70%, 0, 0, 5, 282.77, 4468073, 558, 0, 0
18062, 110, 213, 374, 0, 0, 26.70%, 0, 0, 5, 295.06, 4469138, 558, 0, 0
18067, 110, 50, 374, 0, 0, 26.70%, 0, 0, 5, 300.06, 4470220, 558, 0, 0
18072, 110, 111, 374, 0, 0, 26.70%, 0, 0, 5, 293.24, 4471748, 558, 0, 0
18077, 110, 95, 374, 0, 0, 26.70%, 0, 0, 5, 299.06, 4472858, 558, 0, 0
18082, 110, 287, 374, 0, 0, 26.70%, 0, 0, 5, 219.70, 4473964, 558, 0, 0
18087, 110, 83, 374, 0, 0, 26.70%, 0, 0, 5, 37.16, 4475150, 558, 0, 0
18093, 110, 33, 374, 0, 0, 26.70%, 0, 0, 5, 279.72, 4476553, 558, 0, 0
18098, 110, 135, 374, 0, 0, 26.70%, 0, 0, 5, 273.21, 4477623, 558, 0, 0
18103, 110, 50, 374, 0, 0, 26.70%, 0, 0, 5, 250.59, 4478730, 558, 0, 0
18108, 110, 307, 374, 0, 0, 26.70%, 0, 0, 5, 276.06, 4480218, 558, 0, 0
18113, 110, 191, 374, 0, 0, 26.70%, 0, 0, 5, 286.83, 4481328, 558, 0, 0
18118, 110, 4, 374, 0, 0, 26.70%, 0, 0, 5, 290.87, 4482383, 558, 0, 0
18123, 110, 331, 374, 0, 0, 26.70%, 0, 0, 5, 31.38, 4483581, 558, 0, 0
18128, 110, 2, 374, 0, 0, 26.70%, 0, 0, 5, 293.07, 4484988, 558, 0, 0
18133, 110, 129, 374, 0, 0, 26.70%, 0, 0, 5, 278.71, 4486058, 558, 0, 0
18139, 110, 354, 374, 0, 0, 26.70%, 0, 0, 5, 288.74, 4487158, 558, 0, 0
18144, 110, 79, 374, 0, 0, 26.70%, 0, 0, 5, 284.23, 4488608, 558, 0, 0
18149, 110, 287, 374, 0, 0, 26.70%, 0, 0, 5, 283.65, 4489728, 558, 0, 0
18154, 110, 166, 374, 0, 0, 26.70%, 0, 0, 5, 295.52, 4490828, 558, 0, 0
18159, 110, 292, 374, 0, 0, 26.70%, 0, 0, 5, 31.21, 4492011, 558, 0, 0
18164, 110, 129, 374, 0, 0, 26.70%, 0, 0, 5, 286.71, 4493463, 558, 0, 0
18170, 110, 118, 374, 0, 0, 26.70%, 0, 0, 5, 246.63, 4494560, 558, 0, 0
18175, 110, 191, 374, 0, 0, 26.70%, 0, 0, 5, 278.81, 4495638, 558, 0, 0
18180, 111, 271, 374, 0, 0, 26.70%, 0, 0, 5, 31.42, 4496990, 558, 0, 0
18185, 111, 44, 374, 0, 0, 26.70%, 0, 0, 5, 296.02, 4498238, 558, 0, 0
18190, 111, 354, 374, 0, 0, 26.70%, 0, 0, 5, 297.62, 4499333, 558, 0, 0
18195, 111, 111, 374, 0, 0, 26.70%, 0, 0, 5, 173.25, 4500451, 558, 0, 0
18200, 111, 129, 374, 0, 0, 26.70%, 0, 0, 5, 268.65, 4501958, 558, 0, 0
18205, 111, 309, 374, 0, 0, 26.70%, 0, 0, 5, 297.85, 4503033, 558, 0, 0
18210, 111, 336, 374, 0, 0, 26.70%, 0, 0, 5, 291.97, 4504123, 558, 0, 0
18216, 111, 186, 374, 0, 0, 26.70%, 0, 0, 5, 31.28, 4505359, 558, 0, 0
18221, 111, 354, 374, 0, 0, 26.70%, 0, 0, 5, 298.82, 4506788, 558, 0, 0
18226, 111, 2, 374, 0, 0, 26.70%, 0, 0, 5, 297.14, 4507913, 558, 0, 0
18231, 111, 133, 374, 0, 0, 26.70%, 0, 0, 5, 295.81, 4508978, 558, 0, 0
18236, 111, 44, 374, 0, 0, 26.70%, 0, 0, 5, 31.06, 4510358, 558, 0, 0
18241, 111, 82, 374, 0, 0, 26.70%, 0, 0, 5, 290.40, 4511538, 558, 0, 0
18246, 111, 2, 374, 0, 0, 26.70%, 0, 0, 5, 285.38, 4512643, 558, 0, 0
18252, 111, 354, 374, 0, 0, 26.70%, 0, 0, 5, 46.70, 4513754, 558, 0, 0
18257, 111, 176, 374, 0, 0, 26.70%, 0, 0, 5, 297.71, 4515288, 558, 0, 0
18262, 111, 142, 374, 0, 0, 26.70%, 0, 0, 5, 291.52, 4516373, 558, 0, 0
18267, 111, 142, 374, 0, 0, 26.70%, 0, 0, 5, 296.13, 4517438, 558, 0, 0
18272, 111, 287, 374, 0, 0, 26.70%, 0, 0, 5, 31.28, 4518712, 558, 0, 0
18277, 111, 357, 374, 0, 0, 26.70%, 0, 0, 5, 289.82, 4519973, 558, 0, 0
18282, 111, 354, 374, 0, 0, 26.70%, 0, 0, 5, 294.71, 4521022, 558, 0, 0
18287, 111, 354, 374, 0, 0, 26.70%, 0, 0, 5, 31.43, 4522111, 558, 0, 0
18292, 111, 129, 374, 0, 0, 26.70%, 0, 0, 5, 294.51, 4523588, 558, 0, 0
18297, 111, 191, 374, 0, 0, 26.70%, 0, 0, 5, 294.78, 4524678, 558, 0, 0
18303, 111, 142, 374, 0, 0, 26.70%, 0, 0, 5, 300.88, 4525757, 558, 0, 0
18308, 111, 164, 374, 0, 0, 26.70%, 0, 0, 5, 31.55, 4527052, 558, 0, 0
18313, 111, 309, 374, 0, 0, 26.70%, 0, 0, 5, 297.92, 4528363, 558, 0, 0
18318, 111, 142, 374, 0, 0, 26.70%, 0, 0, 5, 293.45, 4529428, 558, 0, 0
18323, 111, 199, 374, 0, 0, 26.70%, 0, 0, 5, 31.18, 4530483, 558, 0, 0
18328, 111, 82, 374, 0, 0, 26.70%, 0, 0, 5, 295.97, 4531988, 558, 0, 0
18333, 111, 164, 374, 0, 0, 26.70%, 0, 0, 5, 295.47, 4533088, 558, 0, 0
18338, 111, 2, 374, 0, 0, 26.70%, 0, 0, 5, 302.25, 4534160, 558, 0, 0
18343, 112, 341, 374, 0, 0, 26.70%, 0, 0, 5, 34.32, 4535366, 558, 0, 0
18348, 112, 111, 374, 0, 0, 26.70%, 0, 0, 5, 293.22, 4536768, 558, 0, 0
18354, 112, 355, 374, 0, 0, 26.70%, 0, 0, 5, 294.37, 4537868, 558, 0, 0
18359, 112, 50, 374, 0, 0, 26.70%, 0, 0, 5, 295.16, 4538968, 558, 0, 0
18364, 112, 2, 374, 0, 0, 26.70%, 0, 0, 5, 30.96, 4540378, 558, 0, 0
18369, 112, 213, 374, 0, 0, 26.70%, 0, 0, 5, 291.93, 4541568, 558, 0, 0
18374, 112, 99, 374, 0, 0, 26.70%, 0, 0, 5, 277.77, 4542668, 558, 0, 0
18379, 112, 111, 374, 0, 0, 26.70%, 0, 0, 5, 281.26, 4543783, 558, 0, 0
18384, 112, 50, 374, 0, 0, 26.70%, 0, 0, 5, 31.65, 4545183, 558, 0, 0
18389, 112, 261, 374, 0, 0, 26.70%, 0, 0, 5, 295.92, 4546328, 558, 0, 0
18394, 112, 341, 374, 0, 0, 26.70%, 0, 0, 5, 224.92, 4547427, 558, 0, 0
18400, 112, 50, 374, 0, 0, 26.70%, 0, 0, 5, 39.69, 4548563, 558, 0, 0
18405, 112, 75, 374, 0, 0, 26.70%, 0, 0, 5, 295.65, 4550038, 558, 0, 0
18410, 112, 156, 374, 0, 0, 26.70%, 0, 0, 5, 294.92, 4551138, 558, 0, 0
18415, 112, 76, 374, 0, 0, 26.70%, 0, 0, 5, 284.06, 4552248, 558, 0, 0
18420, 112, 349, 374, 0, 0, 26.70%, 0, 0, 5, 36.80, 4553610, 558, 0, 0
18425, 112, 354, 374, 0, 0, 26.70%, 0, 0, 5, 297.24, 4554813, 558, 0, 0
18430, 112, 355, 374, 0, 0, 26.70%, 0, 0, 5, 280.92, 4555913, 558, 0, 0
18435, 112, 241, 374, 0, 0, 26.70%, 0, 0, 5, 31.60, 4556983, 558, 0, 0
18441, 112, 222, 374, 0, 0, 26.70%, 0, 0, 5, 270.01, 4558433, 558, 0, 0
18446, 112, 154, 374, 0, 0, 26.70%, 0, 0, 5, 265.71, 4559598, 558, 0, 0
18451, 112, 281, 374, 0, 0, 26.70%, 0, 0, 5, 295.43, 4560688, 558, 0, 0
18456, 112, 5, 374, 0, 0, 26.70%, 0, 0, 5, 31.38, 4561798, 558, 0, 0
18461, 112, 142, 374, 0, 0, 26.70%, 0, 0, 5, 280.91, 4563318, 558, 0, 0
18466, 112, 106, 374, 0, 0, 26.70%, 0, 0, 5, 271.24, 4564378, 558, 0, 0
18471, 112, 118, 374, 0, 0, 26.70%, 0, 0, 5, 295.44, 4565438, 558, 0, 0
18476, 112, 99, 374, 0, 0, 26.70%, 0, 0, 5, 31.27, 4566780, 558, 0, 0
18481, 112, 149, 374, 0, 0, 26.70%, 0, 0, 5, 297.60, 4568023, 558, 0, 0
18486, 112, 76, 374, 0, 0, 26.70%, 0, 0, 5, 303.87, 4569139, 558, 0, 0
18492, 112, 129, 374, 0, 0, 26.70%, 0, 0, 5, 301.98, 4570241, 558, 0, 0
18497, 112, 191, 374, 0, 0, 26.70%, 0, 0, 5, 297.67, 4571733, 558, 0, 0
18502, 112, 191, 374, 0, 0, 26.70%, 0, 0, 5, 295.00, 4572788, 558, 0, 0
18507, 112, 285, 374, 0, 0, 26.70%, 0, 0, 5, 297.88, 4573888, 558, 0, 0
18512, 113, 191, 374, 0, 0, 26.70%, 0, 0, 5, 31.34, 4575177, 558, 0, 0
18517, 113, 350, 374, 0, 0, 26.70%, 0, 0, 5, 299.47, 4576503, 558, 0, 0
18522, 113, 213, 374, 0, 0, 26.70%, 0, 0, 5, 297.10, 4577608, 558, 0, 0
18527, 113, 5, 374, 0, 0, 26.70%, 0, 0, 5, 212.54, 4578726, 558, 0, 0
18533, 113, 355, 374, 0, 0, 26.70%, 0, 0, 5, 31.15, 4580163, 558, 0, 0
18538, 113, 55, 374, 0, 0, 26.70%, 0, 0, 5, 276.78, 4581338, 558, 0, 0
18543, 113, 191, 374, 0, 0, 26.70%, 0, 0, 5, 289.19, 4582413, 558, 0, 0
18548, 113, 354, 374, 0, 0, 26.70%, 0, 0, 5, 295.22, 4583493, 558, 0, 0
18553, 113, 275, 374, 0, 0, 26.70%, 0, 0, 5, 295.16, 4585013, 558, 0, 0
18558, 113, 111, 374, 0, 0, 26.70%, 0, 0, 5, 291.16, 4586083, 558, 0, 0
18563, 113, 358, 374, 0, 0, 26.70%, 0, 0, 5, 229.04, 4587114, 558, 0, 0
18568, 113, 176, 374, 0, 0, 26.70%, 0, 0, 5, 31.15, 4588367, 558, 0, 0
18573, 113, 287, 374, 0, 0, 26.70%, 0, 0, 5, 293.49, 4589718, 558, 0, 0
18578, 113, 355, 374, 0, 0, 26.70%, 0, 0, 5, 295.64, 4590813, 558, 0, 0
18584, 113, 43, 374, 0, 0, 26.70%, 0, 0, 5, 292.43, 4591868, 558, 0, 0
18589, 113, 82, 374, 0, 0, 26.70%, 0, 0, 5, 31.55, 4593263, 558, 0, 0
18594, 113, 287, 374, 0, 0, 26.70%, 0, 0, 5, 258.69, 4594478, 558, 0, 0
18599, 113, 355, 374, 0, 0, 26.70%, 0, 0, 5, 295.65, 4595543, 558, 0, 0
18604, 113, 75, 374, 0, 0, 26.70%, 0, 0, 5, 36.33, 4596614, 558, 0, 0
18609, 113, 156, 374, 0, 0, 26.70%, 0, 0, 5, 299.37, 4598158, 558, 0, 0
18614, 113, 164, 374, 0, 0, 26.70%, 0, 0, 5, 297.84, 4599238, 558, 0, 0
18619, 113, 80, 374, 0, 0, 26.70%, 0, 0, 5, 246.27, 4600335, 558, 0, 0
18624, 113, 355, 374, 0, 0, 26.70%, 0, 0, 5, 31.69, 4601534, 558, 0, 0
18629, 113, 227, 374, 0, 0, 26.70%, 0, 0, 5, 294.66, 4602968, 558, 0, 0
18634, 113, 142, 374, 0, 0, 26.70%, 0, 0, 5, 273.57, 4604018, 558, 0, 0
18639, 113, 142, 374, 0, 0, 26.70%, 0, 0, 5, 300.03, 4605057, 558, 0, 0
18645, 113, 142, 374, 0, 0, 26.70%, 0, 0, 5, 291.59, 4606568, 558, 0, 0
18650, 113, 309, 374, 0, 0, 26.70%, 0, 0, 5, 276.92, 4607688, 558, 0, 0
18655, 113, 127, 374, 0, 0, 26.70%, 0, 0, 5, 261.88, 4608778, 558, 0, 0
18660, 113, 111, 374, 0, 0, 26.70%, 0, 0, 5, 31.41, 4609944, 558, 0, 0
18665, 113, 336, 374, 0, 0, 26.70%, 0, 0, 5, 296.27, 4611373, 558, 0, 0
18670, 113, 355, 374, 0, 0, 26.70%, 0, 0, 5, 294.01, 4612478, 558, 0, 0
18675, 113, 341, 374, 0, 0, 26.70%, 0, 0, 5, 300.38, 4613595, 558, 0, 0
18681, 114, 341, 374, 0, 0, 26.70%, 0, 0, 5, 31.31, 4614892, 558, 0, 0
18686, 114, 290, 374, 0, 0, 26.70%, 0, 0, 5, 298.83, 4616263, 558, 0, 0
18691, 114, 336, 374, 0, 0, 26.70%, 0, 0, 5, 292.95, 4617343, 558, 0, 0
18696, 114, 156, 374, 0, 0, 26.70%, 0, 0, 5, 291.73, 4618463, 558, 0, 0
18701, 114, 129, 374, 0, 0, 26.70%, 0, 0, 5, 31.25, 4619848, 558, 0, 0
18706, 114, 2, 374, 0, 0, 26.70%, 0, 0, 5, 257.03, 4621078, 558, 0, 0
18711, 114, 213, 374, 0, 0, 26.70%, 0, 0, 5, 289.69, 4622133, 558, 0, 0
18716, 114, 142, 374, 0, 0, 26.70%, 0, 0, 5, 31.41, 4623188, 558, 0, 0
18722, 114, 191, 374, 0, 0, 26.70%, 0, 0, 5, 290.95, 4624698, 558, 0, 0
18727, 114, 329, 374, 0, 0, 26.70%, 0, 0, 5, 292.22, 4625783, 558, 0, 0
18732, 114, 110, 374, 0, 0, 26.70%, 0, 0, 5, 267.00, 4626868, 558, 0, 0
18737, 114, 156, 374, 0, 0, 26.70%, 0, 0, 5, 30.97, 4628089, 558, 0, 0
18742, 114, 164, 374, 0, 0, 26.70%, 0, 0, 5, 292.94, 4629508, 558, 0, 0
18747, 114, 356, 374, 0, 0, 26.70%, 0, 0, 5, 295.68, 4630623, 558, 0, 0
18752, 114, 176, 374, 0, 0, 26.70%, 0, 0, 5, 295.51, 4631733, 558, 0, 0
18758, 114, 50, 374, 0, 0, 26.70%, 0, 0, 5, 30.85, 4633025, 558, 0, 0
18763, 114, 309, 374, 0, 0, 26.70%, 0, 0, 5, 293.31, 4634278, 558, 0, 0
18768, 114, 129, 374, 0, 0, 26.70%, 0, 0, 5, 291.26, 4635373, 558, 0, 0
18773, 114, 156, 374, 0, 0, 26.70%, 0, 0, 5, 233.24, 4636435, 558, 0, 0
18778, 114, 329, 374, 0, 0, 26.70%, 0, 0, 5, 267.63, 4637908, 558, 0, 0
18783, 114, 156, 374, 0, 0, 26.70%, 0, 0, 5, 297.57, 4639058, 558, 0, 0
18788, 114, 307, 374, 0, 0, 26.70%, 0, 0, 5, 295.62, 4640173, 558, 0, 0
18793, 114, 133, 374, 0, 0, 26.70%, 0, 0, 5, 31.38, 4641278, 558, 0, 0
18799, 114, 82, 374, 0, 0, 26.70%, 0, 0, 5, 278.05, 4642753, 558, 0, 0
18804, 114, 355, 374, 0, 0, 26.70%, 0, 0, 5, 293.65, 4643858, 558, 0, 0
18809, 114, 341, 374, 0, 0, 26.70%, 0, 0, 5, 296.97, 4644938, 558, 0, 0
18814, 114, 213, 374, 0, 0, 26.70%, 0, 0, 5, 31.30, 4646101, 558, 0, 0
18819, 114, 106, 374, 0, 0, 26.70%, 0, 0, 5, 292.24, 4647558, 558, 0, 0
18824, 114, 99, 374, 0, 0, 26.70%, 0, 0, 5, 296.51, 4648663, 558, 0, 0
18829, 114, 82, 374, 0, 0, 26.70%, 0, 0, 5, 299.39, 4649753, 558, 0, 0
18835, 114, 142, 374, 0, 0, 26.70%, 0, 0, 5, 31.53, 4651022, 558, 0, 0
18840, 114, 166, 374, 0, 0, 26.70%, 0, 0, 5, 263.65, 4652408, 558, 0, 0
18845, 114, 163, 374, 0, 0, 26.70%, 0, 0, 5, 282.51, 4653448, 558, 0, 0
18850, 115, 176, 374, 0, 0, 26.70%, 0, 0, 5, 236.77, 4654551, 558, 0, 0
18855, 115, 354, 374, 0, 0, 26.70%, 0, 0, 5, 31.17, 4655875, 558, 0, 0
18860, 115, 291, 374, 0, 0, 26.70%, 0, 0, 5, 294.70, 4657118, 558, 0, 0
18865, 115, 100, 374, 0, 0, 26.70%, 0, 0, 5, 228.08, 4658204, 558, 0, 0
18870, 115, 111, 374, 0, 0, 26.70%, 0, 0, 5, 212.87, 4659276, 558, 0, 0
18875, 115, 222, 374, 0, 0, 26.70%, 0, 0, 5, 281.69, 4660813, 558, 0, 0
18881, 115, 93, 374, 0, 0, 26.70%, 0, 0, 5, 297.21, 4661913, 558, 0, 0
18886, 115, 341, 374, 0, 0, 26.70%, 0, 0, 5, 295.06, 4663018, 558, 0, 0
18891, 115, 222, 374, 0, 0, 26.70%, 0, 0, 5, 31.64, 4664252, 558, 0, 0
18896, 115, 355, 374, 0, 0, 26.70%, 0, 0, 5, 297.65, 4665648, 558, 0, 0
18901, 115, 70, 374, 0, 0, 26.70%, 0, 0, 5, 291.56, 4666733, 558, 0, 0
18906, 115, 191, 374, 0, 0, 26.70%, 0, 0, 5, 186.77, 4667801, 558, 0, 0
18911, 115, 329, 374, 0, 0, 26.70%, 0, 0, 5, 259.75, 4669228, 558, 0, 0
18916, 115, 222, 374, 0, 0, 26.70%, 0, 0, 5, 295.69, 4670368, 558, 0, 0
18922, 115, 95, 374, 0, 0, 26.70%, 0, 0, 5, 308.13, 4671469, 558, 0, 0
18927, 115, 372, 374, 0, 0, 26.70%, 0, 0, 5, 31.37, 4672626, 558, 0, 0
18932, 115, 156, 374, 0, 0, 26.70%, 0, 0, 5, 288.13, 4674073, 558, 0, 0
18937, 115, 176, 374, 0, 0, 26.70%, 0, 0, 5, 291.81, 4675148, 558, 0, 0
18942, 115, 329, 374, 0, 0, 26.70%, 0, 0, 5, 285.12, 4676203, 558, 0, 0
18947, 115, 354, 374, 0, 0, 26.70%, 0, 0, 5, 31.35, 4677563, 558, 0, 0
18952, 115, 341, 374, 0, 0, 26.70%, 0, 0, 5, 298.00, 4678778, 558, 0, 0
18957, 115, 156, 374, 0, 0, 26.70%, 0, 0, 5, 252.56, 4679888, 558, 0, 0
18962, 115, 156, 374, 0, 0, 26.70%, 0, 0, 5, 274.16, 4680998, 558, 0, 0
18968, 115, 287, 374, 0, 0, 26.70%, 0, 0, 5, 279.56, 4682478, 558, 0, 0
18973, 115, 50, 374, 0, 0, 26.70%, 0, 0, 5, 293.72, 4683623, 558, 0, 0
18978, 115, 202, 374, 0, 0, 26.70%, 0, 0, 5, 293.93, 4684738, 558, 0, 0
18983, 115, 115, 374, 0, 0, 26.70%, 0, 0, 5, 31.19, 4685883, 558, 0, 0
18988, 115, 287, 374, 0, 0, 26.70%, 0, 0, 5, 285.67, 4687393, 558, 0, 0
18993, 115, 336, 374, 0, 0, 26.70%, 0, 0, 5, 298.60, 4688458, 558, 0, 0
18998, 115, 2, 374, 0, 0, 26.70%, 0, 0, 5, 289.40, 4689533, 558, 0, 0
19003, 115, 82, 374, 0, 0, 26.70%, 0, 0, 5, 31.45, 4690853, 558, 0, 0
19008, 115, 95, 374, 0, 0, 26.70%, 0, 0, 5, 296.35, 4692068, 558, 0, 0
19013, 115, 166, 374, 0, 0, 26.70%, 0, 0, 5, 291.03, 4693147, 558, 0, 0
19018, 116, 164, 374, 0, 0, 26.70%, 0, 0, 5, 31.31, 4694261, 558, 0, 0
19024, 116, 236, 374, 0, 0, 26.70%, 0, 0, 5, 295.78, 4695753, 558, 0, 0
19029, 116, 99, 374, 0, 0, 26.70%, 0, 0, 5, 286.97, 4696873, 558, 0, 0
19034, 116, 213, 374, 0, 0, 26.70%, 0, 0, 5, 294.63, 4697978, 558, 0, 0
19039, 116, 354, 374, 0, 0, 26.70%, 0, 0, 5, 46.43, 4699282, 558, 0, 0
19044, 116, 172, 374, 0, 0, 26.70%, 0, 0, 5, 297.51, 4700598, 558, 0, 0
19049, 116, 156, 374, 0, 0, 26.70%, 0, 0, 5, 255.34, 4701703, 558, 0, 0
19054, 116, 55, 374, 0, 0, 26.70%, 0, 0, 5, 299.55, 4702768, 558, 0, 0
19060, 116, 285, 374, 0, 0, 26.70%, 0, 0, 5, 285.08, 4704263, 558, 0, 0
19065, 116, 111, 374, 0, 0, 26.70%, 0, 0, 5, 293.74, 4705393, 558, 0, 0
19070, 116, 142, 374, 0, 0, 26.70%, 0, 0, 5, 293.30, 4706428, 558, 0, 0
19075, 116, 5, 374, 0, 0, 26.70%, 0, 0, 5, 31.01, 4707614, 558, 0, 0
19080, 116, 336, 374, 0, 0, 26.70%, 0, 0, 5, 295.52, 4709048, 558, 0, 0
19085, 116, 75, 374, 0, 0, 26.70%, 0, 0, 5, 298.08, 4710147, 558, 0, 0
19090, 116, 329, 374, 0, 0, 26.70%, 0, 0, 5, 267.22, 4711223, 558, 0, 0
19095, 116, 55, 374, 0, 0, 26.70%, 0, 0, 5, 30.96, 4712638, 558, 0, 0
19100, 116, 354, 374, 0, 0, 26.70%, 0, 0, 5, 297.56, 4713863, 558, 0, 0
19105, 116, 47, 374, 0, 0, 26.70%, 0, 0, 5, 285.04, 4714953, 558, 0, 0
19111, 116, 202, 374, 0, 0, 26.70%, 0, 0, 5, 285.71, 4716062, 558, 0, 0
19116, 116, 44, 374, 0, 0, 26.70%, 0, 0, 5, 293.46, 4717588, 558, 0, 0
19121, 116, 222, 374, 0, 0, 26.70%, 0, 0, 5, 292.96, 4718683, 558, 0, 0
19126, 116, 285, 374, 0, 0, 26.70%, 0, 0, 5, 281.88, 4719768, 558, 0, 0
19131, 116, 355, 374, 0, 0, 26.70%, 0, 0, 5, 31.82, 4720972, 558, 0, 0
19136, 116, 129, 374, 0, 0, 26.70%, 0, 0, 5, 297.15, 4722358, 558, 0, 0
19141, 116, 76, 374, 0, 0, 26.70%, 0, 0, 5, 293.27, 4723478, 558, 0, 0
19147, 116, 202, 374, 0, 0, 26.70%, 0, 0, 5, 223.95, 4724566, 558, 0, 0
19152, 116, 227, 374, 0, 0, 26.70%, 0, 0, 5, 31.25, 4725968, 558, 0, 0
19157, 116, 133, 374, 0, 0, 26.70%, 0, 0, 5, 284.60, 4727143, 558, 0, 0
19162, 116, 309, 374, 0, 0, 26.70%, 0, 0, 5, 294.21, 4728258, 558, 0, 0
19167, 116, 336, 374, 0, 0, 26.70%, 0, 0, 5, 31.60, 4729366, 558, 0, 0
19172, 116, 44, 374, 0, 0, 26.70%, 0, 0, 5, 292.37, 4730833, 558, 0, 0
19177, 116, 369, 374, 0, 0, 26.70%, 0, 0, 5, 263.12, 4731923, 558, 0, 0
19182, 117, 84, 374, 0, 0, 26.70%, 0, 0, 5, 296.16, 4733043, 558, 0, 0
19188, 117, 191, 374, 0, 0, 26.70%, 0, 0, 5, 31.27, 4734322, 558, 0, 0
19193, 117, 257, 374, 0, 0, 26.70%, 0, 0, 5, 288.20, 4735643, 558, 0, 0
19198, 117, 176, 374, 0, 0, 26.70%, 0, 0, 5, 279.36, 4736728, 558, 0, 0
19203, 117, 111, 374, 0, 0, 26.70%, 0, 0, 5, 310.00, 4737817, 558, 0, 0
19208, 117, 99, 374, 0, 0, 26.70%, 0, 0, 5, 292.75, 4739268, 558, 0, 0
19213, 117, 285, 374, 0, 0, 26.70%, 0, 0, 5, 252.12, 4740369, 558, 0, 0
19218, 117, 372, 374, 0, 0, 26.70%, 0, 0, 5, 292.65, 4741443, 558, 0, 0
19224, 117, 129, 374, 0, 0, 26.70%, 0, 0, 5, 31.54, 4742712, 558, 0, 0
19229, 117, 107, 374, 0, 0, 26.70%, 0, 0, 5, 273.96, 4744038, 558, 0, 0
19234, 117, 82, 374, 0, 0, 26.70%, 0, 0, 5, 297.54, 4745093, 558, 0, 0
19239, 117, 99, 374, 0, 0, 26.70%, 0, 0, 5, 233.39, 4746159, 558, 0, 0
19244, 117, 227, 374, 0, 0, 26.70%, 0, 0, 5, 270.72, 4747588, 558, 0, 0
19249, 117, 164, 374, 0, 0, 26.70%, 0, 0, 5, 252.66, 4748678, 558, 0, 0
19254, 117, 164, 374, 0, 0, 26.70%, 0, 0, 5, 281.38, 4749773, 558, 0, 0
19259, 117, 133, 374, 0, 0, 26.70%, 0, 0, 5, 31.46, 4750966, 558, 0, 0
19264, 117, 369, 374, 0, 0, 26.70%, 0, 0, 5, 299.88, 4752385, 558, 0, 0
19270, 117, 372, 374, 0, 0, 26.70%, 0, 0, 5, 250.04, 4753477, 558, 0, 0
19275, 117, 44, 374, 0, 0, 26.70%, 0, 0, 5, 255.87, 4754593, 558, 0, 0
19280, 117, 53, 374, 0, 0, 26.70%, 0, 0, 5, 30.99, 4755882, 558, 0, 0
19285, 117, 82, 374, 0, 0, 26.70%, 0, 0, 5, 267.05, 4757153, 558, 0, 0
19290, 117, 355, 374, 0, 0, 26.70%, 0, 0, 5, 232.60, 4758230, 558, 0, 0
19295, 117, 95, 374, 0, 0, 26.70%, 0, 0, 5, 300.96, 4759352, 558, 0, 0
19300, 117, 133, 374, 0, 0, 26.70%, 0, 0, 5, 31.55, 4760718, 558, 0, 0
19305, 117, 287, 374, 0, 0, 26.70%, 0, 0, 5, 276.77, 4761893, 558, 0, 0
19311, 117, 287, 374, 0, 0, 26.70%, 0, 0, 5, 223.99, 4762983, 558, 0, 0
19316, 117, 106, 374, 0, 0, 26.70%, 0, 0, 5, 34.33, 4764078, 558, 0, 0
19321, 117, 82, 374, 0, 0, 26.70%, 0, 0, 5, 296.22, 4765588, 558, 0, 0
19326, 117, 50, 374, 0, 0, 26.70%, 0, 0, 5, 271.83, 4766643, 558, 0, 0
19331, 117, 50, 374, 0, 0, 26.70%, 0, 0, 5, 296.49, 4767738, 558, 0, 0
19336, 117, 372, 374, 0, 0, 26.70%, 0, 0, 5, 48.23, 4768936, 558, 0, 0
19341, 117, 355, 374, 0, 0, 26.70%, 0, 0, 5, 293.09, 4770338, 558, 0, 0
19346, 117, 184, 374, 0, 0, 26.70%, 0, 0, 5, 295.77, 4771438, 558, 0, 0
19351, 117, 355, 374, 0, 0, 26.70%, 0, 0, 5, 267.56, 4772533, 558, 0, 0
19357, 118, 76, 374, 0, 0, 26.70%, 0, 0, 5, 31.45, 4773918, 558, 0, 0
19362, 118, 222, 374, 0, 0, 26.70%, 0, 0, 5, 298.14, 4775198, 558, 0, 0
19367, 118, 133, 374, 0, 0, 26.70%, 0, 0, 5, 296.70, 4776283, 558, 0, 0
19372, 118, 99, 374, 0, 0, 26.70%, 0, 0, 5, 303.07, 4777397, 558, 0, 0
19377, 118, 338, 374, 0, 0, 26.70%, 0, 0, 5, 294.84, 4778878, 558, 0, 0
19382, 118, 156, 374, 0, 0, 26.70%, 0, 0, 5, 250.76, 4779963, 558, 0, 0
19387, 118, 95, 374, 0, 0, 26.70%, 0, 0, 5, 300.09, 4781078, 558, 0, 0
19393, 118, 2, 374, 0, 0, 26.70%, 0, 0, 5, 31.31, 4782266, 558, 0, 0
19398, 118, 202, 374, 0, 0, 26.70%, 0, 0, 5, 291.61, 4783718, 558, 0, 0
19403, 118, 106, 374, 0, 0, 26.70%, 0, 0, 5, 281.45, 4784778, 558, 0, 0
19408, 118, 355, 374, 0, 0, 26.70%, 0, 0, 5, 290.52, 4785898, 558, 0, 0
19413, 118, 336, 374, 0, 0, 26.70%, 0, 0, 5, 30.93, 4787157, 558, 0, 0
19418, 118, 0, 374, 0, 0, 26.70%, 0, 0, 5, 278.21, 4788493, 558, 0, 0
19423, 118, 166, 374, 0, 0, 26.70%, 0, 0, 5, 298.62, 4789558, 558, 0, 0
19428, 118, 355, 374, 0, 0, 26.70%, 0, 0, 5, 306.15, 4790665, 558, 0, 0
19434, 118, 236, 374, 0, 0, 26.70%, 0, 0, 5, 293.30, 4792148, 558, 0, 0
19439, 118, 242, 374, 0, 0, 26.70%, 0, 0, 5, 256.92, 4793263, 558, 0, 0
19444, 118, 166, 374, 0, 0, 26.70%, 0, 0, 5, 286.78, 4794333, 558, 0, 0
19449, 118, 99, 374, 0, 0, 26.70%, 0, 0, 5, 31.34, 4795456, 558, 0, 0
19454, 118, 114, 374, 0, 0, 26.70%, 0, 0, 5, 297.22, 4796933, 558, 0, 0
19459, 118, 275, 374, 0, 0, 26.70%, 0, 0, 5, 289.79, 4798043, 558, 0, 0
19464, 118, 176, 374, 0, 0, 26.70%, 0, 0, 5, 286.27, 4799163, 558, 0, 0
19469, 118, 176, 374, 0, 0, 26.70%, 0, 0, 5, 31.51, 4800445, 558, 0, 0
19474, 118, 137, 374, 0, 0, 26.70%, 0, 0, 5, 299.17, 4801713, 558, 0, 0
19480, 118, 227, 374, 0, 0, 26.70%, 0, 0, 5, 279.92, 4802833, 558, 0, 0
19485, 118, 251, 374, 0, 0, 26.70%, 0, 0, 5, 298.01, 4803903, 558, 0, 0
19490, 118, 354, 374, 0, 0, 26.70%, 0, 0, 5, 287.83, 4805418, 558, 0, 0
19495, 118, 372, 374, 0, 0, 26.70%, 0, 0, 5, 282.33, 4806523, 558, 0, 0
19500, 118, 309, 374, 0, 0, 26.70%, 0, 0, 5, 277.03, 4807583, 558, 0, 0
19505, 118, 176, 374, 0, 0, 26.70%, 0, 0, 5, 44.76, 4808708, 558, 0, 0
19510, 118, 156, 374, 0, 0, 26.70%, 0, 0, 5, 294.88, 4810163, 558, 0, 0
19515, 118, 133, 374, 0, 0, 26.70%, 0, 0, 5, 286.91, 4811233, 558, 0, 0
19520, 118, 149, 374, 0, 0, 26.70%, 0, 0, 5, 261.06, 4812333, 558, 0, 0
19526, 119, 188, 374, 0, 0, 26.70%, 0, 0, 5, 31.35, 4813733, 558, 0, 0
19531, 119, 164, 374, 0, 0, 26.70%, 0, 0, 5, 297.67, 4814943, 558, 0, 0
19536, 119, 133, 374, 0, 0, 26.70%, 0, 0, 5, 230.74, 4816039, 558, 0, 0
19541, 119, 75, 374, 0, 0, 26.70%, 0, 0, 5, 285.00, 4817097, 558, 0, 0
19546, 119, 355, 374, 0, 0, 26.70%, 0, 0, 5, 293.86, 4818613, 558, 0, 0
19551, 119, 329, 374, 0, 0, 26.70%, 0, 0, 5, 295.35, 4819688, 558, 0, 0
19556, 119, 355, 374, 0, 0, 26.70%, 0, 0, 5, 224.38, 4820794, 558, 0, 0
19561, 119, 191, 374, 0, 0, 26.70%, 0, 0, 5, 31.43, 4822018, 558, 0, 0
19566, 119, 142, 374, 0, 0, 26.70%, 0, 0, 5, 283.80, 4823428, 558, 0, 0
19571, 119, 156, 374, 0, 0, 26.70%, 0, 0, 5, 294.39, 4824533, 558, 0, 0
19576, 119, 104, 374, 0, 0, 26.70%, 0, 0, 5, 303.76, 4825609, 558, 0, 0
19582, 119, 197, 374, 0, 0, 26.70%, 0, 0, 5, 31.54, 4826985, 558, 0, 0
19587, 119, 336, 374, 0, 0, 26.70%, 0, 0, 5, 272.47, 4828268, 558, 0, 0
19592, 119, 55, 374, 0, 0, 26.70%, 0, 0, 5, 235.63, 4829372, 558, 0, 0
19597, 119, 2, 374, 0, 0, 26.70%, 0, 0, 5, 250.65, 4830464, 558, 0, 0
19602, 119, 55, 374, 0, 0, 26.70%, 0, 0, 5, 276.12, 4831963, 558, 0, 0
19607, 119, 313, 374, 0, 0, 26.70%, 0, 0, 5, 293.14, 4833098, 558, 0, 0
19613, 119, 105, 374, 0, 0, 26.70%, 0, 0, 5, 261.88, 4834163, 558, 0, 0
19618, 119, 176, 374, 0, 0, 26.70%, 0, 0, 5, 31.30, 4835311, 558, 0, 0
19623, 119, 148, 374, 0, 0, 26.70%, 0, 0, 5, 297.45, 4836813, 558, 0, 0
19628, 119, 353, 374, 0, 0, 26.70%, 0, 0, 5, 294.38, 4837868, 558, 0, 0
19633, 119, 5, 374, 0, 0, 26.70%, 0, 0, 5, 270.69, 4838948, 558, 0, 0
19638, 119, 164, 374, 0, 0, 26.70%, 0, 0, 5, 31.55, 4840305, 558, 0, 0
19643, 119, 329, 374, 0, 0, 26.70%, 0, 0, 5, 252.29, 4841494, 558, 0, 0
19648, 119, 177, 374, 0, 0, 26.70%, 0, 0, 5, 250.90, 4842593, 558, 0, 0
19653, 119, 176, 374, 0, 0, 26.70%, 0, 0, 5, 301.98, 4843720, 558, 0, 0
19659, 119, 44, 374, 0, 0, 26.70%, 0, 0, 5, 286.81, 4845233, 558, 0, 0
19664, 119, 133, 374, 0, 0, 26.70%, 0, 0, 5, 292.95, 4846368, 558, 0, 0
19669, 119, 202, 374, 0, 0, 26.70%, 0, 0, 5, 234.83, 4847469, 558, 0, 0
19674, 119, 106, 374, 0, 0, 26.70%, 0, 0, 5, 35.08, 4848579, 558, 0, 0
19679, 119, 213, 374, 0, 0, 26.70%, 0, 0, 5, 281.18, 4850063, 558, 0, 0
19685, 119, 75, 374, 0, 0, 26.70%, 0, 0, 5, 295.86, 4851218, 558, 0, 0
19690, 120, 129, 374, 0, 0, 26.70%, 0, 0, 5, 290.97, 4852328, 558, 0, 0
19695, 120, 140, 374, 0, 0, 26.70%, 0, 0, 5, 295.00, 4853453, 558, 0, 0
19700, 120, 82, 374, 0, 0, 26.70%, 0, 0, 5, 297.17, 4854988, 558, 0, 0
19705, 120, 329, 374, 0, 0, 26.70%, 0, 0, 5, 271.47, 4856058, 558, 0, 0
19710, 120, 176, 374, 0, 0, 26.70%, 0, 0, 5, 301.30, 4857170, 558, 0, 0
19715, 120, 8, 374, 0, 0, 26.70%, 0, 0, 5, 31.25, 4858427, 558, 0, 0
19721, 120, 4, 374, 0, 0, 26.70%, 0, 0, 5, 293.92, 4859783, 558, 0, 0
19726, 120, 235, 374, 0, 0, 26.70%, 0, 0, 5, 278.60, 4860843, 558, 0, 0
19731, 120, 336, 374, 0, 0, 26.70%, 0, 0, 5, 258.55, 4861963, 558, 0, 0
19736, 120, 82, 374, 0, 0, 26.70%, 0, 0, 5, 31.35, 4863218, 558, 0, 0
19741, 120, 227, 374, 0, 0, 26.70%, 0, 0, 5, 273.36, 4864598, 558, 0, 0
19746, 120, 355, 374, 0, 0, 26.70%, 0, 0, 5, 259.50, 4865703, 558, 0, 0
19751, 120, 329, 374, 0, 0, 26.70%, 0, 0, 5, 273.47, 4866758, 558, 0, 0
19756, 120, 344, 374, 0, 0, 26.70%, 0, 0, 5, 280.34, 4868198, 558, 0, 0
19762, 120, 372, 374, 0, 0, 26.70%, 0, 0, 5, 288.71, 4869308, 558, 0, 0
19767, 120, 360, 374, 0, 0, 26.70%, 0, 0, 5, 215.48, 4870375, 558, 0, 0
19772, 120, 361, 374, 0, 0, 26.70%, 0, 0, 5, 39.90, 4871513, 558, 0, 0
19777, 120, 355, 374, 0, 0, 26.70%, 0, 0, 5, 271.01, 4872943, 558, 0, 0
19782, 120, 156, 374, 0, 0, 26.70%, 0, 0, 5, 297.82, 4874023, 558, 0, 0
19787, 120, 299, 374, 0, 0, 26.70%, 0, 0, 5, 265.68, 4875098, 558, 0, 0
19792, 120, 50, 374, 0, 0, 26.70%, 0, 0, 5, 36.72, 4876402, 558, 0, 0
19797, 120, 344, 374, 0, 0, 26.70%, 0, 0, 5, 295.76, 4877698, 558, 0, 0
19802, 120, 372, 374, 0, 0, 26.70%, 0, 0, 5, 290.97, 4878748, 558, 0, 0
19807, 120, 213, 374, 0, 0, 26.70%, 0, 0, 5, 203.77, 4879736, 558, 0, 0
19813, 120, 213, 374, 0, 0, 26.70%, 0, 0, 5, 262.24, 4881208, 558, 0, 0
19818, 120, 166, 374, 0, 0, 26.70%, 0, 0, 5, 297.62, 4882358, 558, 0, 0
19823, 120, 156, 374, 0, 0, 26.70%, 0, 0, 5, 263.90, 4883448, 558, 0, 0
19828, 120, 111, 374, 0, 0, 26.70%, 0, 0, 5, 301.98, 4884563, 558, 0, 0
19833, 120, 111, 374, 0, 0, 26.70%, 0, 0, 5, 289.43, 4886083, 558, 0, 0
19838, 120, 133, 374, 0, 0, 26.70%, 0, 0, 5, 258.42, 4887198, 558, 0, 0
19844, 120, 354, 374, 0, 0, 26.70%, 0, 0, 5, 299.28, 4888283, 558, 0, 0
19849, 120, 355, 374, 0, 0, 26.70%, 0, 0, 5, 31.42, 4889464, 558, 0, 0
19854, 120, 156, 374, 0, 0, 26.70%, 0, 0, 5, 295.81, 4890873, 558, 0, 0
19859, 120, 180, 374, 0, 0, 26.70%, 0, 0, 5, 269.74, 4891968, 558, 0, 0
19864, 121, 142, 374, 0, 0, 26.70%, 0, 0, 5, 200.17, 4893047, 558, 0, 0
19869, 121, 156, 374, 0, 0, 26.70%, 0, 0, 5, 31.35, 4894380, 558, 0, 0
19874, 121, 191, 374, 0, 0, 26.70%, 0, 0, 5, 296.12, 4895683, 558, 0, 0
19879, 121, 353, 374, 0, 0, 26.70%, 0, 0, 5, 284.38, 4896798, 558, 0, 0
19885, 121, 157, 374, 0, 0, 26.70%, 0, 0, 5, 295.08, 4897888, 558, 0, 0
19890, 121, 39, 374, 0, 0, 26.70%, 0, 0, 5, 284.80, 4899383, 558, 0, 0
19895, 121, 309, 374, 0, 0, 26.70%, 0, 0, 5, 295.16, 4900553, 558, 0, 0
19900, 121, 106, 374, 0, 0, 26.70%, 0, 0, 5, 295.24, 4901653, 558, 0, 0
19905, 121, 213, 374, 0, 0, 26.70%, 0, 0, 5, 260.00, 4902709, 558, 0, 0
19910, 121, 5, 374, 0, 0, 26.70%, 0, 0, 5, 289.96, 4904248, 558, 0, 0
19915, 121, 50, 374, 0, 0, 26.70%, 0, 0, 5, 293.89, 4905318, 558, 0, 0
19920, 121, 354, 374, 0, 0, 26.70%, 0, 0, 5, 252.28, 4906418, 558, 0, 0
19926, 121, 355, 374, 0, 0, 26.70%, 0, 0, 5, 31.39, 4907727, 558, 0, 0
19931, 121, 99, 374, 0, 0, 26.70%, 0, 0, 5, 283.39, 4909023, 558, 0, 0
19936, 121, 62, 374, 0, 0, 26.70%, 0, 0, 5, 304.36, 4910139, 558, 0, 0
19941, 121, 176, 374, 0, 0, 26.70%, 0, 0, 5, 235.26, 4911209, 558, 0, 0
19946, 121, 341, 374, 0, 0, 26.70%, 0, 0, 5, 31.65, 4912588, 558, 0, 0
19951, 121, 262, 374, 0, 0, 26.70%, 0, 0, 5, 276.78, 4913813, 558, 0, 0
19956, 121, 164, 374, 0, 0, 26.70%, 0, 0, 5, 295.63, 4914908, 558, 0, 0
19961, 121, 309, 374, 0, 0, 26.70%, 0, 0, 5, 49.56, 4915995, 558, 0, 0
19967, 121, 285, 374, 0, 0, 26.70%, 0, 0, 5, 291.10, 4917518, 558, 0, 0
19972, 121, 341, 374, 0, 0, 26.70%, 0, 0, 5, 297.32, 4918583, 558, 0, 0
19977, 121, 130, 374, 0, 0, 26.70%, 0, 0, 5, 273.62, 4919678, 558, 0, 0
19982, 121, 287, 374, 0, 0, 26.70%, 0, 0, 5, 31.34, 4921000, 558, 0, 0
19987, 121, 353, 374, 0, 0, 26.70%, 0, 0, 5, 275.75, 4922278, 558, 0, 0
19992, 121, 202, 374, 0, 0, 26.70%, 0, 0, 5, 291.49, 4923333, 558, 0, 0
19997, 121, 327, 374, 0, 0, 26.70%, 0, 0, 5, 280.79, 4924427, 558, 0, 0
20002, 121, 215, 374, 0, 0, 26.70%, 0, 0, 5, 294.62, 4925953, 558, 0, 0
20007, 121, 142, 374, 0, 0, 26.70%, 0, 0, 5, 270.15, 4927023, 558, 0, 0
20012, 121, 82, 374, 0, 0, 26.70%, 0, 0, 5, 293.01, 4928073, 558, 0, 0
20017, 121, 95, 374, 0, 0, 26.70%, 0, 0, 5, 31.25, 4929327, 558, 0, 0
20023, 121, 202, 374, 0, 0, 26.70%, 0, 0, 5, 295.74, 4930693, 558, 0, 0
20028, 121, 166, 374, 0, 0, 26.70%, 0, 0, 5, 243.31, 4931754, 558, 0, 0
20033, 122, 71, 374, 0, 0, 26.70%, 0, 0, 5, 295.22, 4932823, 558, 0, 0
20038, 122, 55, 374, 0, 0, 26.70%, 0, 0, 5, 286.60, 4934328, 558, 0, 0
20043, 122, 355, 374, 0, 0, 26.70%, 0, 0, 5, 284.05, 4935463, 558, 0, 0
20048, 122, 301, 374, 0, 0, 26.70%, 0, 0, 5, 292.10, 4936593, 558, 0, 0
20053, 122, 227, 374, 0, 0, 26.70%, 0, 0, 5, 288.56, 4937688, 558, 0, 0
20059, 122, 299, 374, 0, 0, 26.70%, 0, 0, 5, 294.07, 4939203, 558, 0, 0
20064, 122, 82, 374, 0, 0, 26.70%, 0, 0, 5, 292.57, 4940308, 558, 0, 0
20069, 122, 363, 374, 0, 0, 26.70%, 0, 0, 5, 296.39, 4941388, 558, 0, 0
20074, 122, 287, 374, 0, 0, 26.70%, 0, 0, 5, 31.02, 4942614, 558, 0, 0
20079, 122, 285, 374, 0, 0, 26.70%, 0, 0, 5, 287.84, 4944022, 558, 0, 0
20084, 122, 111, 374, 0, 0, 26.70%, 0, 0, 5, 254.22, 4945078, 558, 0, 0
20089, 122, 99, 374, 0, 0, 26.70%, 0, 0, 5, 193.27, 4946148, 558, 0, 0
20095, 122, 156, 374, 0, 0, 26.70%, 0, 0, 5, 31.25, 4947608, 558, 0, 0
20100, 122, 354, 374, 0, 0, 26.70%, 0, 0, 5, 277.59, 4948788, 558, 0, 0
20105, 122, 133, 374, 0, 0, 26.70%, 0, 0, 5, 294.35, 4949903, 558, 0, 0
20110, 122, 134, 374, 0, 0, 26.70%, 0, 0, 5, 33.21, 4951003, 558, 0, 0
20115, 122, 106, 374, 0, 0, 26.70%, 0, 0, 5, 294.80, 4952518, 558, 0, 0
20120, 122, 334, 374, 0, 0, 26.70%, 0, 0, 5, 241.28, 4953589, 558, 0, 0
20125, 122, 133, 374, 0, 0, 26.70%, 0, 0, 5, 305.92, 4954683, 558, 0, 0
20130, 122, 363, 374, 0, 0, 26.70%, 0, 0, 5, 31.35, 4955965, 558, 0, 0
20135, 122, 44, 374, 0, 0, 26.70%, 0, 0, 5, 295.25, 4957273, 558, 0, 0
20140, 122, 347, 374, 0, 0, 26.70%, 0, 0, 5, 292.94, 4958333, 558, 0, 0
20145, 122, 166, 374, 0, 0, 26.70%, 0, 0, 5, 31.59, 4959383, 558, 0, 0
20150, 122, 164, 374, 0, 0, 26.70%, 0, 0, 5, 289.53, 4960818, 558, 0, 0
20156, 122, 213, 374, 0, 0, 26.70%, 0, 0, 5, 281.86, 4961893, 558, 0, 0
20161, 122, 164, 374, 0, 0, 26.70%, 0, 0, 5, 200.79, 4962991, 558, 0, 0
20166, 122, 232, 374, 0, 0, 26.70%, 0, 0, 5, 31.25, 4964300, 558, 0, 0
20171, 122, 285, 374, 0, 0, 26.70%, 0, 0, 5, 292.54, 4965598, 558, 0, 0
20176, 122, 82, 374, 0, 0, 26.70%, 0, 0, 5, 297.72, 4966673, 558, 0, 0
20181, 122, 307, 374, 0, 0, 26.70%, 0, 0, 5, 35.41, 4967775, 558, 0, 0
20186, 122, 355, 374, 0, 0, 26.70%, 0, 0, 5, 295.79, 4969283, 558, 0, 0
20191, 122, 372, 374, 0, 0, 26.70%, 0, 0, 5, 298.11, 4970383, 558, 0, 0
20196, 122, 191, 374, 0, 0, 26.70%, 0, 0, 5, 279.92, 4971403, 558, 0, 0
20202, 122, 227, 374, 0, 0, 26.70%, 0, 0, 5, 31.63, 4972707, 558, 0, 0
20207, 123, 164, 374, 0, 0, 26.70%, 0, 0, 5, 295.10, 4974013, 558, 0, 0
20212, 123, 2, 374, 0, 0, 26.70%, 0, 0, 5, 283.57, 4975078, 558, 0, 0
20217, 123, 129, 374, 0, 0, 26.70%, 0, 0, 5, 182.00, 4976173, 558, 0, 0
20222, 123, 129, 374, 0, 0, 26.70%, 0, 0, 5, 272.43, 4977678, 558, 0, 0
20227, 123, 82, 374, 0, 0, 26.70%, 0, 0, 5, 250.35, 4978801, 558, 0, 0
20232, 123, 176, 374, 0, 0, 26.70%, 0, 0, 5, 299.69, 4979869, 558, 0, 0
20237, 123, 354, 374, 0, 0, 26.70%, 0, 0, 5, 31.35, 4981009, 558, 0, 0
20242, 123, 106, 374, 0, 0, 26.70%, 0, 0, 5, 296.75, 4982363, 558, 0, 0
20248, 123, 355, 374, 0, 0, 26.70%, 0, 0, 5, 256.22, 4983468, 558, 0, 0
20253, 123, 355, 374, 0, 0, 26.70%, 0, 0, 5, 206.63, 4984567, 558, 0, 0
20258, 123, 59, 374, 0, 0, 26.70%, 0, 0, 5, 44.87, 4985927, 558, 0, 0
20263, 123, 372, 374, 0, 0, 26.70%, 0, 0, 5, 286.97, 4987208, 558, 0, 0
20268, 123, 156, 374, 0, 0, 26.70%, 0, 0, 5, 233.97, 4988311, 558, 0, 0
20273, 123, 354, 374, 0, 0, 26.70%, 0, 0, 5, 222.33, 4989383, 558, 0, 0
20279, 123, 176, 374, 0, 0, 26.70%, 0, 0, 5, 267.48, 4990868, 558, 0, 0
20284, 123, 347, 374, 0, 0, 26.70%, 0, 0, 5, 296.23, 4992028, 558, 0, 0
20289, 123, 133, 374, 0, 0, 26.70%, 0, 0, 5, 301.45, 4993135, 558, 0, 0
20294, 123, 356, 374, 0, 0, 26.70%, 0, 0, 5, 290.64, 4994192, 558, 0, 0
20299, 123, 350, 374, 0, 0, 26.70%, 0, 0, 5, 49.67, 4995633, 558, 0, 0
20304, 123, 355, 374, 0, 0, 26.70%, 0, 0, 5, 296.45, 4996773, 558, 0, 0
20309, 123, 354, 374, 0, 0, 26.70%, 0, 0, 5, 304.87, 4997841, 558, 0, 0
20314, 123, 289, 374, 0, 0, 26.70%, 0, 0, 5, 31.30, 4998933, 558, 0, 0
20319, 123, 166, 374, 0, 0, 26.70%, 0, 0, 5, 274.20, 5000418, 558, 0, 0
20324, 123, 5, 374, 0, 0, 26.70%, 0, 0, 5, 299.83, 5001493, 558, 0, 0
20329, 123, 355, 374, 0, 0, 26.70%, 0, 0, 5, 296.83, 5002558, 558, 0, 0
20335, 123, 12, 374, 0, 0, 26.70%, 0, 0, 5, 31.34, 5003852, 558, 0, 0
20340, 123, 346, 374, 0, 0, 26.70%, 0, 0, 5, 294.86, 5005218, 558, 0, 0
20345, 123, 336, 374, 0, 0, 26.70%, 0, 0, 5, 253.88, 5006328, 558, 0, 0
20350, 123, 106, 374, 0, 0, 26.70%, 0, 0, 5, 288.25, 5007433, 558, 0, 0
20355, 123, 356, 374, 0, 0, 26.70%, 0, 0, 5, 288.10, 5008888, 558, 0, 0
20360, 123, 44, 374, 0, 0, 26.70%, 0, 0, 5, 274.23, 5010013, 558, 0, 0
20365, 123, 191, 374, 0, 0, 26.70%, 0, 0, 5, 282.06, 5011068, 558, 0, 0
20371, 123, 111, 374, 0, 0, 26.70%, 0, 0, 5, 292.15, 5012153, 558, 0, 0
20376, 124, 329, 374, 0, 0, 26.70%, 0, 0, 5, 293.63, 5013653, 558, 0, 0
20381, 124, 336, 374, 0, 0, 26.70%, 0, 0, 5, 284.59, 5014718, 558, 0, 0
20386, 124, 142, 374, 0, 0, 26.70%, 0, 0, 5, 277.95, 5015828, 558, 0, 0
20391, 124, 55, 374, 0, 0, 26.70%, 0, 0, 5, 31.18, 5017021, 558, 0, 0
20396, 124, 38, 374, 0, 0, 26.70%, 0, 0, 5, 270.84, 5018468, 558, 0, 0
20401, 124, 354, 374, 0, 0, 26.70%, 0, 0, 5, 293.86, 5019603, 558, 0, 0
20407, 124, 329, 374, 0, 0, 26.70%, 0, 0, 5, 294.14, 5020713, 558, 0, 0
20412, 124, 152, 374, 0, 0, 26.70%, 0, 0, 5, 30.93, 5021957, 558, 0, 0
20417, 124, 202, 374, 0, 0, 26.70%, 0, 0, 5, 292.40, 5023278, 558, 0, 0
20422, 124, 222, 374, 0, 0, 26.70%, 0, 0, 5, 296.85, 5024378, 558, 0, 0
20427, 124, 191, 374, 0, 0, 26.70%, 0, 0, 5, 297.03, 5025461, 558, 0, 0
20432, 124, 129, 374, 0, 0, 26.70%, 0, 0, 5, 294.90, 5026973, 558, 0, 0
20437, 124, 355, 374, 0, 0, 26.70%, 0, 0, 5, 290.23, 5028043, 558, 0, 0
20442, 124, 237, 374, 0, 0, 26.70%, 0, 0, 5, 283.17, 5029098, 558, 0, 0
20447, 124, 372, 374, 0, 0, 26.70%, 0, 0, 5, 31.74, 5030435, 558, 0, 0
20452, 124, 76, 374, 0, 0, 26.70%, 0, 0, 5, 296.73, 5031653, 558, 0, 0
20457, 124, 55, 374, 0, 0, 26.70%, 0, 0, 5, 278.20, 5032728, 558, 0, 0
20462, 124, 341, 374, 0, 0, 26.70%, 0, 0, 5, 31.51, 5033881, 558, 0, 0
20468, 124, 82, 374, 0, 0, 26.70%, 0, 0, 5, 295.45, 5035363, 558, 0, 0
20473, 124, 356, 374, 0, 0, 26.70%, 0, 0, 5, 278.82, 5036473, 558, 0, 0
20478, 124, 89, 374, 0, 0, 26.70%, 0, 0, 5, 241.73, 5037527, 558, 0, 0
20483, 124, 285, 374, 0, 0, 26.70%, 0, 0, 5, 30.67, 5038903, 558, 0, 0
20488, 124, 133, 374, 0, 0, 26.70%, 0, 0, 5, 294.48, 5040138, 558, 0, 0
20493, 124, 82, 374, 0, 0, 26.70%, 0, 0, 5, 298.75, 5041228, 558, 0, 0
20498, 124, 37, 374, 0, 0, 26.70%, 0, 0, 5, 293.53, 5042288, 558, 0, 0
20503, 124, 156, 374, 0, 0, 26.70%, 0, 0, 5, 290.97, 5043778, 558, 0, 0
20509, 124, 129, 374, 0, 0, 26.70%, 0, 0, 5, 297.88, 5044893, 558, 0, 0
20514, 124, 151, 374, 0, 0, 26.70%, 0, 0, 5, 240.10, 5046004, 558, 0, 0
20519, 124, 311, 374, 0, 0, 26.70%, 0, 0, 5, 31.24, 5047325, 558, 0, 0
20524, 124, 111, 374, 0, 0, 26.70%, 0, 0, 5, 296.18, 5048638, 558, 0, 0
20529, 124, 369, 374, 0, 0, 26.70%, 0, 0, 5, 259.58, 5049733, 558, 0, 0
20535, 124, 193, 374, 0, 0, 26.70%, 0, 0, 5, 298.75, 5050858, 558, 0, 0
20540, 124, 354, 374, 0, 0, 26.70%, 0, 0, 5, 279.80, 5052328, 558, 0, 0
20545, 125, 2, 374, 0, 0, 26.70%, 0, 0, 5, 258.93, 5053498, 558, 0, 0
20550, 125, 309, 374, 0, 0, 26.70%, 0, 0, 5, 298.01, 5054568, 558, 0, 0
20555, 125, 329, 374, 0, 0, 26.70%, 0, 0, 5, 44.30, 5055708, 558, 0, 0
20560, 125, 232, 374, 0, 0, 26.70%, 0, 0, 5, 294.15, 5057128, 558, 0, 0
20565, 125, 176, 374, 0, 0, 26.70%, 0, 0, 5, 288.18, 5058247, 558, 0, 0
20570, 125, 132, 374, 0, 0, 26.70%, 0, 0, 5, 300.55, 5059338, 558, 0, 0
20575, 125, 55, 374, 0, 0, 26.70%, 0, 0, 5, 282.12, 5060753, 558, 0, 0
20581, 125, 166, 374, 0, 0, 26.70%, 0, 0, 5, 258.41, 5061918, 558, 0, 0
20586, 125, 156, 374, 0, 0, 26.70%, 0, 0, 5, 286.86, 5063018, 558, 0, 0
20591, 125, 82, 374, 0, 0, 26.70%, 0, 0, 5, 31.22, 5064191, 558, 0, 0
20596, 125, 285, 374, 0, 0, 26.70%, 0, 0, 5, 286.64, 5065663, 558, 0, 0
20601, 125, 75, 374, 0, 0, 26.70%, 0, 0, 5, 270.31, 5066728, 558, 0, 0
20606, 125, 266, 374, 0, 0, 26.70%, 0, 0, 5, 290.12, 5067793, 558, 0, 0
20611, 125, 248, 374, 0, 0, 26.70%, 0, 0, 5, 31.25, 5069233, 558, 0, 0
20616, 125, 133, 374, 0, 0, 26.70%, 0, 0, 5, 256.57, 5070393, 558, 0, 0
20622, 125, 222, 374, 0, 0, 26.70%, 0, 0, 5, 292.41, 5071508, 558, 0, 0
20627, 125, 76, 374, 0, 0, 26.70%, 0, 0, 5, 31.53, 5072650, 558, 0, 0
20632, 125, 82, 374, 0, 0, 26.70%, 0, 0, 5, 290.46, 5074083, 558, 0, 0
20637, 125, 354, 374, 0, 0, 26.70%, 0, 0, 5, 287.51, 5075148, 558, 0, 0
20642, 125, 99, 374, 0, 0, 26.70%, 0, 0, 5, 290.01, 5076243, 558, 0, 0
20647, 125, 129, 374, 0, 0, 26.70%, 0, 0, 5, 283.84, 5077678, 558, 0, 0
20652, 125, 11, 374, 0, 0, 26.70%, 0, 0, 5, 295.27, 5078813, 558, 0, 0
20657, 125, 355, 374, 0, 0, 26.70%, 0, 0, 5, 295.74, 5079888, 558, 0, 0
20662, 125, 186, 374, 0, 0, 26.70%, 0, 0, 5, 42.83, 5081091, 558, 0, 0
20668, 125, 176, 374, 0, 0, 26.70%, 0, 0, 5, 296.32, 5082513, 558, 0, 0
20673, 125, 341, 374, 0, 0, 26.70%, 0, 0, 5, 251.22, 5083626, 558, 0, 0
20678, 125, 372, 374, 0, 0, 26.70%, 0, 0, 5, 176.72, 5084681, 558, 0, 0
20683, 125, 341, 374, 0, 0, 26.70%, 0, 0, 5, 255.52, 5086093, 558, 0, 0
20688, 125, 156, 374, 0, 0, 26.70%, 0, 0, 5, 294.07, 5087253, 558, 0, 0
20693, 125, 151, 374, 0, 0, 26.70%, 0, 0, 5, 292.81, 5088358, 558, 0, 0
20698, 125, 156, 374, 0, 0, 26.70%, 0, 0, 5, 300.00, 5089478, 558, 0, 0
20703, 125, 222, 374, 0, 0, 26.70%, 0, 0, 5, 296.36, 5090998, 558, 0, 0
20708, 125, 2, 374, 0, 0, 26.70%, 0, 0, 5, 293.71, 5092058, 558, 0, 0
20714, 126, 129, 374, 0, 0, 26.70%, 0, 0, 5, 292.53, 5093168, 558, 0, 0
20719, 126, 205, 374, 0, 0, 26.70%, 0, 0, 5, 31.55, 5094538, 558, 0, 0
20724, 126, 31, 374, 0, 0, 26.70%, 0, 0, 5, 260.19, 5095703, 558, 0, 0
20729, 126, 222, 374, 0, 0, 26.70%, 0, 0, 5, 258.20, 5096758, 558, 0, 0
20734, 126, 227, 374, 0, 0, 26.70%, 0, 0, 5, 33.12, 5097833, 558, 0, 0
20739, 126, 227, 374, 0, 0, 26.70%, 0, 0, 5, 293.58, 5099353, 558, 0, 0
20744, 126, 353, 374, 0, 0, 26.70%, 0, 0, 5, 283.30, 5100453, 558, 0, 0
20749, 126, 142, 374, 0, 0, 26.70%, 0, 0, 5, 257.29, 5101522, 558, 0, 0
20754, 126, 97, 374, 0, 0, 26.70%, 0, 0, 5, 30.75, 5102802, 558, 0, 0
20759, 126, 176, 374, 0, 0, 26.70%, 0, 0, 5, 269.37, 5104138, 558, 0, 0
20765, 126, 372, 374, 0, 0, 26.70%, 0, 0, 5, 290.10, 5105248, 558, 0, 0
20770, 126, 285, 374, 0, 0, 26.70%, 0, 0, 5, 297.33, 5106353, 558, 0, 0
20775, 126, 10, 374, 0, 0, 26.70%, 0, 0, 5, 31.71, 5107675, 558, 0, 0
20780, 126, 30, 374, 0, 0, 26.70%, 0, 0, 5, 295.93, 5108993, 558, 0, 0
20785, 126, 222, 374, 0, 0, 26.70%, 0, 0, 5, 297.34, 5110118, 558, 0, 0
20791, 126, 355, 374, 0, 0, 26.70%, 0, 0, 5, 241.72, 5111208, 558, 0, 0
20796, 126, 75, 374, 0, 0, 26.70%, 0, 0, 5, 31.35, 5112583, 558, 0, 0
20801, 126, 341, 374, 0, 0, 26.70%, 0, 0, 5, 292.69, 5113768, 558, 0, 0
20806, 126, 213, 374, 0, 0, 26.70%, 0, 0, 5, 221.70, 5114875, 558, 0, 0
20811, 126, 106, 374, 0, 0, 26.70%, 0, 0, 5, 33.22, 5115973, 558, 0, 0
20816, 126, 256, 374, 0, 0, 26.70%, 0, 0, 5, 295.32, 5117493, 558, 0, 0
20821, 126, 183, 374, 0, 0, 26.70%, 0, 0, 5, 285.67, 5118583, 558, 0, 0
20826, 126, 243, 374, 0, 0, 26.70%, 0, 0, 5, 295.29, 5119648, 558, 0, 0
20831, 126, 309, 374, 0, 0, 26.70%, 0, 0, 5, 31.64, 5120884, 558, 0, 0
20837, 126, 353, 374, 0, 0, 26.70%, 0, 0, 5, 275.56, 5122253, 558, 0, 0
20842, 126, 61, 374, 0, 0, 26.70%, 0, 0, 5, 298.18, 5123323, 558, 0, 0
20847, 126, 82, 374, 0, 0, 26.70%, 0, 0, 5, 294.18, 5124397, 558, 0, 0
20852, 126, 336, 374, 0, 0, 26.70%, 0, 0, 5, 31.06, 5125798, 558, 0, 0
20857, 126, 362, 374, 0, 0, 26.70%, 0, 0, 5, 291.72, 5126983, 558, 0, 0
20862, 126, 50, 374, 0, 0, 26.70%, 0, 0, 5, 263.62, 5128093, 558, 0, 0
20867, 126, 82, 374, 0, 0, 26.70%, 0, 0, 5, 31.18, 5129173, 558, 0, 0
20872, 126, 194, 374, 0, 0, 26.70%, 0, 0, 5, 281.90, 5130668, 558, 0, 0
20877, 126, 164, 374, 0, 0, 26.70%, 0, 0, 5, 255.74, 5131738, 558, 0, 0
20882, 127, 99, 374, 0, 0, 26.70%, 0, 0, 5, 295.14, 5132858, 558, 0, 0
20887, 127, 50, 374, 0, 0, 26.70%, 0, 0, 5, 31.18, 5134185, 558, 0, 0
20893, 127, 2, 374, 0, 0, 26.70%, 0, 0, 5, 297.93, 5135458, 558, 0, 0
20898, 127, 341, 374, 0, 0, 26.70%, 0, 0, 5, 272.11, 5136578, 558, 0, 0
20903, 127, 341, 374, 0, 0, 26.70%, 0, 0, 5, 295.00, 5137667, 558, 0, 0
20908, 127, 373, 374, 0, 0, 26.70%, 0, 0, 5, 284.10, 5139163, 558, 0, 0
20913, 127, 285, 374, 0, 0, 26.70%, 0, 0, 5, 296.13, 5140253, 558, 0, 0
20918, 127, 222, 374, 0, 0, 26.70%, 0, 0, 5, 300.51, 5141364, 558, 0, 0
20924, 127, 176, 374, 0, 0, 26.70%, 0, 0, 5, 31.27, 5142637, 558, 0, 0
20929, 127, 40, 374, 0, 0, 26.70%, 0, 0, 5, 266.43, 5143978, 558, 0, 0
20934, 127, 82, 374, 0, 0, 26.70%, 0, 0, 5, 291.34, 5145033, 558, 0, 0
20939, 127, 82, 374, 0, 0, 26.70%, 0, 0, 5, 35.26, 5146121, 558, 0, 0
20944, 127, 50, 374, 0, 0, 26.70%, 0, 0, 5, 296.69, 5147643, 558, 0, 0
20949, 127, 326, 374, 0, 0, 26.70%, 0, 0, 5, 292.85, 5148722, 558, 0, 0
20954, 127, 5, 374, 0, 0, 26.70%, 0, 0, 5, 228.42, 5149827, 558, 0, 0
20959, 127, 133, 374, 0, 0, 26.70%, 0, 0, 5, 31.15, 5151238, 558, 0, 0
20964, 127, 339, 374, 0, 0, 26.70%, 0, 0, 5, 288.58, 5152418, 558, 0, 0
20970, 127, 142, 374, 0, 0, 26.70%, 0, 0, 5, 267.20, 5153528, 558, 0, 0
20975, 127, 133, 374, 0, 0, 26.70%, 0, 0, 5, 30.97, 5154593, 558, 0, 0
20980, 127, 191, 374, 0, 0, 26.70%, 0, 0, 5, 286.53, 5156088, 558, 0, 0
20985, 127, 167, 374, 0, 0, 26.70%, 0, 0, 5, 262.68, 5157203, 558, 0, 0
20990, 127, 354, 374, 0, 0, 26.70%, 0, 0, 5, 299.56, 5158313, 558, 0, 0
20995, 127, 75, 374, 0, 0, 26.70%, 0, 0, 5, 31.56, 5159577, 558, 0, 0
21000, 127, 2, 374, 0, 0, 26.70%, 0, 0, 5, 295.36, 5160938, 558, 0, 0
21005, 127, 133, 374, 0, 0, 26.70%, 0, 0, 5, 256.70, 5161998, 558, 0, 0
21011, 127, 176, 374, 0, 0, 26.70%, 0, 0, 5, 283.58, 5163082, 558, 0, 0
21016, 127, 354, 374, 0, 0, 26.70%, 0, 0, 5, 293.80, 5164588, 558, 0, 0
21021, 127, 144, 374, 0, 0, 26.70%, 0, 0, 5, 298.06, 5165693, 558, 0, 0
21026, 127, 227, 374, 0, 0, 26.70%, 0, 0, 5, 291.39, 5166793, 558, 0, 0
21031, 127, 213, 374, 0, 0, 26.70%, 0, 0, 5, 31.62, 5168115, 558, 0, 0
21036, 127, 82, 374, 0, 0, 26.70%, 0, 0, 5, 296.42, 5169418, 558, 0, 0
21041, 127, 133, 374, 0, 0, 26.70%, 0, 0, 5, 290.66, 5170538, 558, 0, 0
21047, 128, 133, 374, 0, 0, 26.70%, 0, 0, 5, 219.43, 5171660, 558, 0, 0
21052, 128, 285, 374, 0, 0, 26.70%, 0, 0, 5, 281.04, 5173193, 558, 0, 0
21057, 128, 355, 374, 0, 0, 26.70%, 0, 0, 5, 291.83, 5174253, 558, 0, 0
21062, 128, 202, 374, 0, 0, 26.70%, 0, 0, 5, 206.68, 5175355, 558, 0, 0
21067, 128, 134, 374, 0, 0, 26.70%, 0, 0, 5, 31.24, 5176607, 558, 0, 0
21072, 128, 77, 374, 0, 0, 26.70%, 0, 0, 5, 291.35, 5177958, 558, 0, 0
21077, 128, 309, 374, 0, 0, 26.70%, 0, 0, 5, 295.11, 5179068, 558, 0, 0
21082, 128, 197, 374, 0, 0, 26.70%, 0, 0, 5, 275.76, 5180163, 558, 0, 0
21088, 128, 354, 374, 0, 0, 26.70%, 0, 0, 5, 291.92, 5181683, 558, 0, 0
21093, 128, 106, 374, 0, 0, 26.70%, 0, 0, 5, 296.23, 5182793, 558, 0, 0
21098, 128, 227, 374, 0, 0, 26.70%, 0, 0, 5, 296.58, 5183897, 558, 0, 0
21103, 128, 99, 374, 0, 0, 26.70%, 0, 0, 5, 41.82, 5185149, 558, 0, 0
21108, 128, 133, 374, 0, 0, 26.70%, 0, 0, 5, 275.02, 5186483, 558, 0, 0
21113, 128, 50, 374, 0, 0, 26.70%, 0, 0, 5, 294.42, 5187593, 558, 0, 0
21118, 128, 186, 374, 0, 0, 26.70%, 0, 0, 5, 291.44, 5188713, 558, 0, 0
21124, 128, 76, 374, 0, 0, 26.70%, 0, 0, 5, 284.94, 5190158, 558, 0, 0
21129, 128, 341, 374, 0, 0, 26.70%, 0, 0, 5, 296.11, 5191303, 558, 0, 0
21134, 128, 309, 374, 0, 0, 26.70%, 0, 0, 5, 254.70, 5192408, 558, 0, 0
21139, 128, 82, 374, 0, 0, 26.70%, 0, 0, 5, 31.45, 5193526, 558, 0, 0
21144, 128, 55, 374, 0, 0, 26.70%, 0, 0, 5, 282.71, 5195033, 558, 0, 0
21149, 128, 176, 374, 0, 0, 26.70%, 0, 0, 5, 276.72, 5196118, 558, 0, 0
21154, 128, 2, 374, 0, 0, 26.70%, 0, 0, 5, 279.99, 5197197, 558, 0, 0
21159, 128, 309, 374, 0, 0, 26.70%, 0, 0, 5, 31.17, 5198510, 558, 0, 0
21165, 128, 222, 374, 0, 0, 26.70%, 0, 0, 5, 264.22, 5199843, 558, 0, 0
21170, 128, 354, 374, 0, 0, 26.70%, 0, 0, 5, 300.07, 5200961, 558, 0, 0
21175, 128, 6, 374, 0, 0, 26.70%, 0, 0, 5, 229.78, 5202071, 558, 0, 0
21180, 128, 61, 374, 0, 0, 26.70%, 0, 0, 5, 42.92, 5203485, 558, 0, 0
21185, 128, 329, 374, 0, 0, 26.70%, 0, 0, 5, 286.48, 5204668, 558, 0, 0
21190, 128, 202, 374, 0, 0, 26.70%, 0, 0, 5, 281.12, 5205772, 558, 0, 0
21195, 128, 44, 374, 0, 0, 26.70%, 0, 0, 5, 38.09, 5206848, 558, 0, 0
21200, 128, 156, 374, 0, 0, 26.70%, 0, 0, 5, 290.96, 5208328, 558, 0, 0
21205, 128, 111, 374, 0, 0, 26.70%, 0, 0, 5, 293.43, 5209363, 558, 0, 0
21211, 129, 176, 374, 0, 0, 26.70%, 0, 0, 5, 213.90, 5210442, 558, 0, 0
21216, 129, 92, 374, 0, 0, 26.70%, 0, 0, 5, 31.25, 5211833, 558, 0, 0
21221, 129, 227, 374, 0, 0, 26.70%, 0, 0, 5, 258.72, 5213053, 558, 0, 0
21226, 129, 133, 374, 0, 0, 26.70%, 0, 0, 5, 275.00, 5214128, 558, 0, 0
21231, 129, 309, 374, 0, 0, 26.70%, 0, 0, 5, 43.69, 5215205, 558, 0, 0
21236, 129, 142, 374, 0, 0, 26.70%, 0, 0, 5, 281.92, 5216708, 558, 0, 0
21241, 129, 316, 374, 0, 0, 26.70%, 0, 0, 5, 299.77, 5217838, 558, 0, 0
21246, 129, 213, 374, 0, 0, 26.70%, 0, 0, 5, 299.55, 5218948, 558, 0, 0
21251, 129, 156, 374, 0, 0, 26.70%, 0, 0, 5, 31.31, 5220211, 558, 0, 0
21257, 129, 309, 374, 0, 0, 26.70%, 0, 0, 5, 295.30, 5221578, 558, 0, 0
21262, 129, 156, 374, 0, 0, 26.70%, 0, 0, 5, 261.18, 5222683, 558, 0, 0
21267, 129, 133, 374, 0, 0, 26.70%, 0, 0, 5, 296.92, 5223778, 558, 0, 0
21272, 129, 354, 374, 0, 0, 26.70%, 0, 0, 5, 285.55, 5225218, 558, 0, 0
21277, 129, 133, 374, 0, 0, 26.70%, 0, 0, 5, 297.28, 5226388, 558, 0, 0
21282, 129, 329, 374, 0, 0, 26.70%, 0, 0, 5, 277.21, 5227483, 558, 0, 0
21287, 129, 5, 374, 0, 0, 26.70%, 0, 0, 5, 31.36, 5228709, 558, 0, 0
21293, 129, 222, 374, 0, 0, 26.70%, 0, 0, 5, 295.19, 5230138, 558, 0, 0
21298, 129, 287, 374, 0, 0, 26.70%, 0, 0, 5, 289.83, 5231233, 558, 0, 0
21303, 129, 2, 374, 0, 0, 26.70%, 0, 0, 5, 303.44, 5232320, 558, 0, 0
21308, 129, 290, 374, 0, 0, 26.70%, 0, 0, 5, 31.54, 5233670, 558, 0, 0
21313, 129, 372, 374, 0, 0, 26.70%, 0, 0, 5, 281.97, 5234953, 558, 0, 0
21318, 129, 309, 374, 0, 0, 26.70%, 0, 0, 5, 298.06, 5236053, 558, 0, 0
21323, 129, 118, 374, 0, 0, 26.70%, 0, 0, 5, 190.00, 5237124, 558, 0, 0
21329, 129, 227, 374, 0, 0, 26.70%, 0, 0, 5, 274.05, 5238638, 558, 0, 0
21334, 129, 106, 374, 0, 0, 26.70%, 0, 0, 5, 271.27, 5239743, 558, 0, 0
21339, 129, 72, 374, 0, 0, 26.70%, 0, 0, 5, 290.51, 5240833, 558, 0, 0
21344, 129, 344, 374, 0, 0, 26.70%, 0, 0, 5, 30.97, 5242094, 558, 0, 0
21349, 129, 44, 374, 0, 0, 26.70%, 0, 0, 5, 292.24, 5243463, 558, 0, 0
21354, 129, 75, 374, 0, 0, 26.70%, 0, 0, 5, 297.59, 5244583, 558, 0, 0
21359, 129, 355, 374, 0, 0, 26.70%, 0, 0, 5, 179.21, 5245647, 558, 0, 0
21365, 129, 329, 374, 0, 0, 26.70%, 0, 0, 5, 41.90, 5247128, 558, 0, 0
21370, 129, 354, 374, 0, 0, 26.70%, 0, 0, 5, 297.61, 5248303, 558, 0, 0
21375, 129, 179, 374, 0, 0, 26.70%, 0, 0, 5, 297.78, 5249398, 558, 0, 0
21380, 130, 336, 374, 0, 0, 26.70%, 0, 0, 5, 31.38, 5250513, 558, 0, 0
21385, 130, 44, 374, 0, 0, 26.70%, 0, 0, 5, 281.08, 5252028, 558, 0, 0
21390, 130, 237, 374, 0, 0, 26.70%, 0, 0, 5, 294.85, 5253093, 558, 0, 0
21395, 130, 156, 374, 0, 0, 26.70%, 0, 0, 5, 290.96, 5254193, 558, 0, 0
21400, 130, 372, 374, 0, 0, 26.70%, 0, 0, 5, 31.26, 5255520, 558, 0, 0
21406, 130, 44, 374, 0, 0, 26.70%, 0, 0, 5, 295.84, 5256838, 558, 0, 0
21411, 130, 369, 374, 0, 0, 26.70%, 0, 0, 5, 294.36, 5257898, 558, 0, 0
21416, 130, 369, 374, 0, 0, 26.70%, 0, 0, 5, 265.00, 5258963, 558, 0, 0
21421, 130, 354, 374, 0, 0, 26.70%, 0, 0, 5, 290.19, 5260488, 558, 0, 0
21426, 130, 75, 374, 0, 0, 26.70%, 0, 0, 5, 292.66, 5261588, 558, 0, 0
21431, 130, 156, 374, 0, 0, 26.70%, 0, 0, 5, 298.56, 5262703, 558, 0, 0
21436, 130, 133, 374, 0, 0, 26.70%, 0, 0, 5, 31.47, 5263902, 558, 0, 0
21441, 130, 191, 374, 0, 0, 26.70%, 0, 0, 5, 280.71, 5265303, 558, 0, 0
21446, 130, 354, 374, 0, 0, 26.70%, 0, 0, 5, 296.34, 5266418, 558, 0, 0
21452, 130, 103, 374, 0, 0, 26.70%, 0, 0, 5, 303.48, 5267509, 558, 0, 0
21457, 130, 309, 374, 0, 0, 26.70%, 0, 0, 5, 296.73, 5269028, 558, 0, 0
21462, 130, 191, 374, 0, 0, 26.70%, 0, 0, 5, 273.49, 5270128, 558, 0, 0
21467, 130, 44, 374, 0, 0, 26.70%, 0, 0, 5, 288.94, 5271243, 558, 0, 0
21472, 130, 355, 374, 0, 0, 26.70%, 0, 0, 5, 31.45, 5272479, 558, 0, 0
21477, 130, 191, 374, 0, 0, 26.70%, 0, 0, 5, 295.54, 5273858, 558, 0, 0
21483, 130, 341, 374, 0, 0, 26.70%, 0, 0, 5, 292.82, 5274958, 558, 0, 0
21488, 130, 164, 374, 0, 0, 26.70%, 0, 0, 5, 289.81, 5276073, 558, 0, 0
21493, 130, 191, 374, 0, 0, 26.70%, 0, 0, 5, 282.05, 5277553, 558, 0, 0
21498, 130, 111, 374, 0, 0, 26.70%, 0, 0, 5, 292.89, 5278688, 558, 0, 0
21503, 130, 336, 374, 0, 0, 26.70%, 0, 0, 5, 291.62, 5279798, 558, 0, 0
21508, 130, 67, 374, 0, 0, 26.70%, 0, 0, 5, 31.70, 5281057, 558, 0, 0
21514, 130, 355, 374, 0, 0, 26.70%, 0, 0, 5, 292.56, 5282408, 558, 0, 0
21519, 130, 75, 374, 0, 0, 26.70%, 0, 0, 5, 295.85, 5283518, 558, 0, 0
21524, 130, 142, 374, 0, 0, 26.70%, 0, 0, 5, 296.90, 5284618, 558, 0, 0
21529, 130, 287, 374, 0, 0, 26.70%, 0, 0, 5, 289.83, 5286093, 558, 0, 0
21534, 130, 232, 374, 0, 0, 26.70%, 0, 0, 5, 294.42, 5287193, 558, 0, 0
21539, 130, 287, 374, 0, 0, 26.70%, 0, 0, 5, 290.90, 5288248, 558, 0, 0
21544, 131, 135, 374, 0, 0, 26.70%, 0, 0, 5, 31.07, 5289570, 558, 0, 0
21549, 131, 222, 374, 0, 0, 26.70%, 0, 0, 5, 282.75, 5290828, 558, 0, 0
21554, 131, 222, 374, 0, 0, 26.70%, 0, 0, 5, 300.66, 5291957, 558, 0, 0
21560, 131, 2, 374, 0, 0, 26.70%, 0, 0, 5, 298.51, 5293079, 558, 0, 0
21565, 131, 176, 374, 0, 0, 26.70%, 0, 0, 5, 297.79, 5294608, 558, 0, 0
21570, 131, 129, 374, 0, 0, 26.70%, 0, 0, 5, 270.21, 5295703, 558, 0, 0
21575, 131, 164, 374, 0, 0, 26.70%, 0, 0, 5, 301.87, 5296790, 558, 0, 0
21580, 131, 336, 374, 0, 0, 26.70%, 0, 0, 5, 31.21, 5298092, 558, 0, 0
21585, 131, 308, 374, 0, 0, 26.70%, 0, 0, 5, 289.32, 5299413, 558, 0, 0
21590, 131, 129, 374, 0, 0, 26.70%, 0, 0, 5, 294.73, 5300508, 558, 0, 0
21595, 131, 55, 374, 0, 0, 26.70%, 0, 0, 5, 37.32, 5301603, 558, 0, 0
21599, 131, 221, 374, 0, 0, 26.70%, 0, 0, 5, 292.64, 5302672, 558, 0, 0
