# relative_time, cycles_done, cur_item, corpus_count, pending_total, pending_favs, map_size, saved_crashes, saved_hangs, max_depth, execs_per_sec, total_execs, edges_found, total_crashes, servers_count
61, 0, 0, 275, 275, 5, 26.46%, 0, 0, 2, 277.01, 17775, 553, 0, 0
66, 0, 0, 280, 280, 5, 26.46%, 0, 0, 2, 278.88, 19190, 553, 0, 0
71, 0, 0, 281, 281, 5, 26.46%, 0, 0, 2, 247.04, 20432, 553, 0, 0
76, 0, 0, 283, 283, 5, 26.46%, 0, 0, 2, 274.94, 21871, 553, 0, 0
81, 0, 0, 286, 286, 5, 26.46%, 0, 0, 2, 275.03, 23273, 553, 0, 0
86, 0, 0, 288, 288, 5, 26.46%, 0, 0, 2, 279.76, 24702, 553, 0, 0
91, 0, 0, 291, 291, 5, 26.46%, 0, 0, 2, 257.74, 26048, 553, 0, 0
96, 0, 0, 296, 296, 5, 26.46%, 0, 0, 2, 278.04, 27478, 553, 0, 0
101, 0, 0, 298, 298, 5, 26.46%, 0, 0, 2, 282.41, 28912, 553, 0, 0
107, 0, 0, 300, 300, 5, 26.46%, 0, 0, 2, 283.14, 30351, 553, 0, 0
112, 0, 0, 303, 303, 5, 26.46%, 0, 0, 2, 281.99, 31782, 553, 0, 0
117, 0, 0, 309, 309, 5, 26.51%, 0, 0, 2, 279.01, 33129, 554, 0, 0
122, 0, 0, 310, 310, 5, 26.51%, 0, 0, 2, 287.28, 34626, 554, 0, 0
127, 0, 0, 312, 312, 5, 26.51%, 0, 0, 2, 285.58, 36051, 554, 0, 0
132, 0, 0, 314, 314, 5, 26.51%, 0, 0, 2, 287.05, 37545, 554, 0, 0
137, 0, 0, 317, 317, 5, 26.51%, 0, 0, 2, 283.42, 38956, 554, 0, 0
142, 0, 0, 320, 320, 5, 26.51%, 0, 0, 2, 292.42, 40467, 554, 0, 0
148, 0, 0, 321, 321, 5, 26.51%, 0, 0, 2, 294.19, 41974, 554, 0, 0
153, 0, 0, 322, 322, 5, 26.51%, 0, 0, 2, 294.13, 43481, 554, 0, 0
158, 0, 0, 325, 325, 5, 26.51%, 0, 0, 2, 284.99, 44887, 554, 0, 0
163, 0, 0, 327, 327, 5, 26.51%, 0, 0, 2, 293.05, 46401, 554, 0, 0
168, 0, 0, 328, 328, 5, 26.56%, 0, 0, 2, 294.82, 47908, 555, 0, 0
173, 0, 0, 328, 328, 5, 26.56%, 0, 0, 2, 294.86, 49423, 555, 0, 0
178, 0, 0, 329, 329, 5, 26.56%, 0, 0, 2, 282.84, 50835, 555, 0, 0
184, 0, 0, 330, 330, 5, 26.56%, 0, 0, 2, 291.10, 52347, 555, 0, 0
189, 0, 0, 330, 330, 5, 26.56%, 0, 0, 2, 288.17, 53847, 555, 0, 0
194, 0, 1, 371, 370, 4, 26.70%, 0, 0, 2, 288.26, 55336, 558, 0, 0
199, 0, 51, 379, 376, 36, 26.70%, 0, 0, 2, 276.87, 56699, 558, 0, 0
204, 0, 180, 379, 363, 24, 26.70%, 0, 0, 2, 286.67, 58178, 558, 0, 0
209, 0, 294, 379, 350, 13, 26.70%, 0, 0, 2, 283.23, 59654, 558, 0, 0
214, 0, 376, 379, 338, 1, 26.70%, 0, 0, 2, 288.35, 61100, 558, 0, 0
219, 1, 50, 379, 326, 0, 26.70%, 0, 0, 2, 277.13, 62477, 558, 0, 0
224, 1, 97, 379, 317, 0, 26.70%, 0, 0, 2, 293.73, 64014, 558, 0, 0
229, 1, 156, 379, 305, 0, 26.70%, 0, 0, 2, 293.45, 65487, 558, 0, 0
235, 1, 211, 379, 299, 0, 26.70%, 0, 0, 2, 289.35, 66985, 558, 0, 0
240, 1, 261, 379, 289, 0, 26.70%, 0, 0, 2, 268.84, 68352, 558, 0, 0
245, 1, 294, 379, 280, 0, 26.70%, 0, 0, 2, 283.41, 69833, 558, 0, 0
250, 1, 349, 379, 271, 0, 26.70%, 0, 0, 2, 285.30, 71291, 558, 0, 0
256, 1, 379, 380, 268, 0, 26.70%, 0, 0, 2, 288.23, 72888, 558, 0, 0
261, 2, 54, 380, 259, 0, 26.70%, 0, 0, 2, 270.91, 74239, 558, 0, 0
266, 2, 89, 380, 249, 0, 26.70%, 0, 0, 2, 291.06, 75733, 558, 0, 0
271, 2, 134, 380, 240, 0, 26.70%, 0, 0, 2, 291.47, 77230, 558, 0, 0
276, 2, 182, 380, 232, 0, 26.70%, 0, 0, 2, 290.31, 78729, 558, 0, 0
281, 2, 209, 380, 223, 0, 26.70%, 0, 0, 2, 266.56, 80099, 558, 0, 0
286, 2, 252, 380, 211, 0, 26.70%, 0, 0, 2, 284.91, 81607, 558, 0, 0
291, 2, 294, 380, 203, 0, 26.70%, 0, 0, 2, 286.04, 83026, 558, 0, 0
296, 2, 350, 380, 195, 0, 26.70%, 0, 0, 2, 284.51, 84512, 558, 0, 0
302, 2, 372, 380, 190, 0, 26.70%, 0, 0, 2, 270.05, 85885, 558, 0, 0
307, 3, 75, 380, 182, 0, 26.70%, 0, 0, 2, 287.96, 87341, 558, 0, 0
312, 3, 140, 380, 173, 0, 26.70%, 0, 0, 2, 287.30, 88799, 558, 0, 0
317, 3, 193, 380, 166, 0, 26.70%, 0, 0, 2, 285.58, 90248, 558, 0, 0
322, 3, 282, 380, 162, 0, 26.70%, 0, 0, 2, 279.48, 91647, 558, 0, 0
327, 3, 314, 380, 155, 0, 26.70%, 0, 0, 2, 279.29, 92995, 558, 0, 0
332, 3, 362, 380, 147, 0, 26.70%, 0, 0, 2, 283.85, 94480, 558, 0, 0
337, 4, 53, 380, 141, 0, 26.70%, 0, 0, 2, 290.52, 95990, 558, 0, 0
342, 4, 116, 380, 136, 0, 26.70%, 0, 0, 2, 48.54, 97279, 558, 0, 0
347, 4, 177, 380, 130, 0, 26.70%, 0, 0, 2, 279.22, 98703, 558, 0, 0
352, 4, 234, 380, 125, 0, 26.70%, 0, 0, 2, 275.33, 100088, 558, 0, 0
357, 4, 282, 380, 119, 0, 26.70%, 0, 0, 2, 274.12, 101441, 558, 0, 0
362, 4, 360, 380, 115, 0, 26.70%, 0, 0, 2, 272.86, 102802, 558, 0, 0
368, 5, 34, 380, 111, 0, 26.70%, 0, 0, 2, 297.43, 104201, 558, 0, 0
373, 5, 137, 380, 105, 0, 26.70%, 0, 0, 2, 264.56, 105501, 558, 0, 0
378, 5, 194, 380, 100, 0, 26.70%, 0, 0, 2, 291.98, 106886, 558, 0, 0
383, 5, 262, 380, 96, 0, 26.70%, 0, 0, 2, 259.11, 108225, 558, 0, 0
388, 5, 352, 380, 93, 0, 26.70%, 0, 0, 2, 263.69, 109618, 558, 0, 0
393, 6, 5, 380, 90, 0, 26.70%, 0, 0, 2, 291.60, 110994, 558, 0, 0
398, 6, 90, 380, 86, 0, 26.70%, 0, 0, 2, 287.30, 112399, 558, 0, 0
403, 6, 187, 380, 84, 0, 26.70%, 0, 0, 2, 283.30, 113787, 558, 0, 0
408, 6, 259, 380, 79, 0, 26.70%, 0, 0, 2, 263.64, 115054, 558, 0, 0
413, 6, 320, 380, 74, 0, 26.70%, 0, 0, 2, 296.51, 116453, 558, 0, 0
418, 6, 361, 380, 69, 0, 26.70%, 0, 0, 2, 272.89, 117801, 558, 0, 0
424, 7, 51, 380, 65, 0, 26.70%, 0, 0, 2, 289.85, 119195, 558, 0, 0
429, 7, 141, 380, 62, 0, 26.70%, 0, 0, 2, 298.22, 120577, 558, 0, 0
434, 7, 195, 381, 60, 0, 26.70%, 0, 0, 3, 35.56, 121875, 558, 0, 0
439, 7, 286, 381, 57, 0, 26.70%, 0, 0, 3, 270.52, 123243, 558, 0, 0
444, 7, 352, 381, 53, 0, 26.70%, 0, 0, 3, 285.97, 124616, 558, 0, 0
449, 8, 33, 381, 50, 0, 26.70%, 0, 0, 3, 285.63, 125981, 558, 0, 0
454, 8, 96, 381, 47, 0, 26.70%, 0, 0, 3, 278.57, 127303, 558, 0, 0
459, 8, 180, 381, 43, 0, 26.70%, 0, 0, 3, 287.52, 128805, 558, 0, 0
464, 8, 286, 381, 43, 0, 26.70%, 0, 0, 3, 257.94, 130145, 558, 0, 0
470, 8, 362, 381, 41, 0, 26.70%, 0, 0, 3, 283.47, 131471, 558, 0, 0
475, 9, 51, 381, 39, 0, 26.70%, 0, 0, 3, 290.64, 132777, 558, 0, 0
480, 9, 157, 381, 37, 0, 26.70%, 0, 0, 3, 282.97, 134191, 558, 0, 0
485, 9, 215, 381, 36, 0, 26.70%, 0, 0, 3, 265.04, 135479, 558, 0, 0
490, 9, 304, 381, 34, 0, 26.70%, 0, 0, 3, 287.24, 136826, 558, 0, 0
495, 9, 373, 381, 33, 0, 26.70%, 0, 0, 3, 178.80, 138192, 558, 0, 0
500, 10, 90, 381, 30, 0, 26.70%, 0, 0, 3, 262.94, 139582, 558, 0, 0
505, 10, 199, 381, 28, 0, 26.70%, 0, 0, 3, 287.03, 140864, 558, 0, 0
510, 10, 304, 381, 26, 0, 26.70%, 0, 0, 3, 283.49, 142211, 558, 0, 0
515, 10, 371, 381, 25, 0, 26.70%, 0, 0, 3, 271.76, 143528, 558, 0, 0
520, 11, 78, 381, 23, 0, 26.70%, 0, 0, 3, 275.88, 144896, 558, 0, 0
525, 11, 175, 381, 21, 0, 26.70%, 0, 0, 3, 285.71, 146284, 558, 0, 0
531, 11, 245, 381, 19, 0, 26.70%, 0, 0, 3, 296.23, 147664, 558, 0, 0
536, 11, 325, 381, 17, 0, 26.70%, 0, 0, 3, 198.35, 148948, 558, 0, 0
541, 11, 376, 381, 17, 0, 26.70%, 0, 0, 3, 258.35, 150300, 558, 0, 0
546, 12, 113, 381, 17, 0, 26.70%, 0, 0, 3, 258.36, 151625, 558, 0, 0
551, 12, 220, 381, 17, 0, 26.70%, 0, 0, 3, 271.37, 153020, 558, 0, 0
556, 12, 308, 381, 16, 0, 26.70%, 0, 0, 3, 264.90, 154357, 558, 0, 0
561, 12, 362, 381, 15, 0, 26.70%, 0, 0, 3, 268.35, 155641, 558, 0, 0
566, 13, 78, 381, 14, 0, 26.70%, 0, 0, 3, 276.00, 157044, 558, 0, 0
572, 13, 156, 381, 13, 0, 26.70%, 0, 0, 3, 287.88, 158360, 558, 0, 0
577, 13, 244, 381, 13, 0, 26.70%, 0, 0, 3, 277.13, 159735, 558, 0, 0
582, 13, 329, 381, 13, 0, 26.70%, 0, 0, 3, 33.33, 161024, 558, 0, 0
587, 14, 5, 381, 12, 0, 26.70%, 0, 0, 3, 282.41, 162390, 558, 0, 0
592, 14, 113, 381, 12, 0, 26.70%, 0, 0, 3, 39.84, 163685, 558, 0, 0
597, 14, 226, 381, 11, 0, 26.70%, 0, 0, 3, 291.31, 165093, 558, 0, 0
602, 14, 294, 385, 15, 0, 26.70%, 0, 0, 3, 283.77, 166381, 558, 0, 0
608, 14, 294, 387, 17, 0, 26.70%, 0, 0, 3, 285.25, 167750, 558, 0, 0
613, 14, 294, 389, 19, 0, 26.70%, 0, 0, 3, 269.87, 169019, 558, 0, 0
618, 14, 294, 389, 19, 0, 26.70%, 0, 0, 3, 262.18, 170284, 558, 0, 0
623, 14, 294, 390, 20, 0, 26.70%, 0, 0, 3, 47.01, 171568, 558, 0, 0
628, 14, 294, 390, 20, 0, 26.70%, 0, 0, 3, 255.61, 172946, 558, 0, 0
633, 14, 294, 390, 20, 0, 26.70%, 0, 0, 3, 272.85, 174246, 558, 0, 0
638, 14, 294, 390, 20, 0, 26.70%, 0, 0, 3, 283.97, 175511, 558, 0, 0
644, 14, 294, 390, 20, 0, 26.70%, 0, 0, 3, 33.11, 176846, 558, 0, 0
649, 14, 294, 390, 20, 0, 26.70%, 0, 0, 3, 283.84, 178211, 558, 0, 0
654, 14, 345, 390, 20, 0, 26.70%, 0, 0, 3, 233.02, 179427, 558, 0, 0
659, 14, 382, 390, 20, 0, 26.70%, 0, 0, 3, 251.39, 180809, 558, 0, 0
664, 15, 4, 390, 18, 0, 26.70%, 0, 0, 3, 284.41, 182102, 558, 0, 0
669, 15, 95, 390, 17, 0, 26.70%, 0, 0, 3, 299.28, 183439, 558, 0, 0
674, 15, 189, 390, 17, 0, 26.70%, 0, 0, 3, 285.55, 184824, 558, 0, 0
679, 15, 273, 390, 16, 0, 26.70%, 0, 0, 3, 273.53, 186145, 558, 0, 0
684, 15, 360, 390, 16, 0, 26.70%, 0, 0, 3, 294.25, 187400, 558, 0, 0
690, 15, 384, 390, 16, 0, 26.70%, 0, 0, 3, 252.43, 188724, 558, 0, 0
696, 15, 388, 390, 14, 0, 26.70%, 0, 0, 3, 264.33, 190418, 558, 0, 0
702, 16, 89, 390, 13, 0, 26.70%, 0, 0, 3, 282.60, 191799, 558, 0, 0
707, 16, 180, 390, 12, 0, 26.70%, 0, 0, 3, 278.73, 193110, 558, 0, 0
712, 16, 262, 390, 11, 0, 26.70%, 0, 0, 3, 262.96, 194409, 558, 0, 0
717, 16, 360, 390, 10, 0, 26.70%, 0, 0, 3, 280.00, 195697, 558, 0, 0
722, 16, 381, 390, 10, 0, 26.70%, 0, 0, 3, 281.26, 197059, 558, 0, 0
727, 16, 387, 391, 10, 0, 26.70%, 0, 0, 4, 267.51, 198321, 558, 0, 0
732, 17, 96, 391, 9, 0, 26.70%, 0, 0, 4, 277.14, 199646, 558, 0, 0
738, 17, 175, 391, 9, 0, 26.70%, 0, 0, 4, 264.06, 200991, 558, 0, 0
743, 17, 273, 391, 9, 0, 26.70%, 0, 0, 4, 266.30, 202326, 558, 0, 0
748, 17, 342, 391, 9, 0, 26.70%, 0, 0, 4, 287.83, 203629, 558, 0, 0
753, 17, 383, 391, 8, 0, 26.70%, 0, 0, 4, 268.15, 204947, 558, 0, 0
758, 17, 390, 391, 7, 0, 26.70%, 0, 0, 4, 271.53, 206267, 558, 0, 0
763, 18, 132, 391, 5, 0, 26.70%, 0, 0, 4, 295.58, 207570, 558, 0, 0
768, 18, 230, 391, 5, 0, 26.70%, 0, 0, 4, 293.26, 208838, 558, 0, 0
773, 18, 324, 391, 4, 0, 26.70%, 0, 0, 4, 278.36, 210189, 558, 0, 0
779, 18, 376, 391, 3, 0, 26.70%, 0, 0, 4, 272.62, 211521, 558, 0, 0
784, 19, 75, 391, 2, 0, 26.70%, 0, 0, 4, 113.01, 212819, 558, 0, 0
789, 19, 177, 391, 2, 0, 26.70%, 0, 0, 4, 278.61, 214119, 558, 0, 0
794, 19, 273, 391, 2, 0, 26.70%, 0, 0, 4, 281.07, 215463, 558, 0, 0
799, 19, 352, 395, 6, 0, 26.70%, 0, 0, 4, 274.93, 216780, 558, 0, 0
804, 20, 50, 395, 4, 0, 26.70%, 0, 0, 4, 235.11, 218042, 558, 0, 0
809, 20, 156, 395, 3, 0, 26.70%, 0, 0, 4, 269.32, 219425, 558, 0, 0
814, 20, 273, 395, 3, 0, 26.70%, 0, 0, 4, 276.70, 220696, 558, 0, 0
819, 20, 340, 395, 3, 0, 26.70%, 0, 0, 4, 294.55, 221971, 558, 0, 0
824, 20, 391, 395, 3, 0, 26.70%, 0, 0, 4, 279.30, 223297, 558, 0, 0
829, 21, 51, 395, 2, 0, 26.70%, 0, 0, 4, 237.60, 224464, 558, 0, 0
835, 21, 156, 395, 2, 0, 26.70%, 0, 0, 4, 250.09, 225756, 558, 0, 0
840, 21, 227, 395, 2, 0, 26.70%, 0, 0, 4, 44.44, 227024, 558, 0, 0
845, 21, 336, 395, 2, 0, 26.70%, 0, 0, 4, 294.57, 228434, 558, 0, 0
850, 21, 391, 395, 2, 0, 26.70%, 0, 0, 4, 277.95, 229704, 558, 0, 0
855, 22, 54, 395, 2, 0, 26.70%, 0, 0, 4, 256.64, 230980, 558, 0, 0
860, 22, 187, 395, 2, 0, 26.70%, 0, 0, 4, 273.85, 232375, 558, 0, 0
865, 22, 294, 395, 2, 0, 26.70%, 0, 0, 4, 266.72, 233680, 558, 0, 0
870, 22, 361, 395, 2, 0, 26.70%, 0, 0, 4, 253.92, 234960, 558, 0, 0
876, 22, 392, 395, 2, 0, 26.70%, 0, 0, 4, 257.93, 236270, 558, 0, 0
881, 23, 78, 395, 1, 0, 26.70%, 0, 0, 4, 214.05, 237513, 558, 0, 0
886, 23, 177, 395, 1, 0, 26.70%, 0, 0, 4, 290.00, 238797, 558, 0, 0
891, 23, 286, 395, 1, 0, 26.70%, 0, 0, 4, 273.52, 240107, 558, 0, 0
896, 23, 371, 395, 1, 0, 26.70%, 0, 0, 4, 292.98, 241492, 558, 0, 0
901, 24, 75, 395, 1, 0, 26.70%, 0, 0, 4, 289.41, 242773, 558, 0, 0
906, 24, 193, 395, 1, 0, 26.70%, 0, 0, 4, 281.67, 244088, 558, 0, 0
912, 24, 286, 395, 1, 0, 26.70%, 0, 0, 4, 45.87, 245418, 558, 0, 0
917, 24, 370, 395, 1, 0, 26.70%, 0, 0, 4, 273.61, 246768, 558, 0, 0
922, 24, 394, 395, 1, 0, 26.70%, 0, 0, 4, 233.06, 247920, 558, 0, 0
927, 25, 100, 395, 0, 0, 26.70%, 0, 0, 4, 46.73, 249233, 558, 0, 0
932, 25, 199, 395, 0, 0, 26.70%, 0, 0, 4, 177.17, 250603, 558, 0, 0
937, 25, 352, 395, 0, 0, 26.70%, 0, 0, 4, 258.62, 251873, 558, 0, 0
942, 25, 384, 395, 0, 0, 26.70%, 0, 0, 4, 260.04, 253204, 558, 0, 0
947, 26, 89, 395, 0, 0, 26.70%, 0, 0, 4, 275.96, 254564, 558, 0, 0
952, 26, 180, 395, 0, 0, 26.70%, 0, 0, 4, 292.59, 255784, 558, 0, 0
958, 26, 305, 395, 0, 0, 26.70%, 0, 0, 4, 278.14, 257095, 558, 0, 0
963, 26, 376, 395, 0, 0, 26.70%, 0, 0, 4, 256.80, 258350, 558, 0, 0
968, 27, 90, 395, 0, 0, 26.70%, 0, 0, 4, 273.31, 259636, 558, 0, 0
973, 27, 220, 395, 0, 0, 26.70%, 0, 0, 4, 288.88, 261045, 558, 0, 0
978, 27, 340, 395, 0, 0, 26.70%, 0, 0, 4, 289.93, 262341, 558, 0, 0
983, 27, 392, 395, 0, 0, 26.70%, 0, 0, 4, 273.34, 263636, 558, 0, 0
988, 28, 156, 395, 0, 0, 26.70%, 0, 0, 4, 275.84, 265037, 558, 0, 0
994, 28, 248, 395, 0, 0, 26.70%, 0, 0, 4, 274.27, 266327, 558, 0, 0
999, 28, 297, 395, 0, 0, 26.70%, 0, 0, 4, 287.55, 267592, 558, 0, 0
1004, 28, 370, 395, 0, 0, 26.70%, 0, 0, 4, 52.12, 268841, 558, 0, 0
1009, 29, 108, 395, 0, 0, 26.70%, 0, 0, 4, 292.17, 270217, 558, 0, 0
1014, 29, 198, 395, 0, 0, 26.70%, 0, 0, 4, 287.10, 271492, 558, 0, 0
1019, 29, 286, 395, 0, 0, 26.70%, 0, 0, 4, 294.81, 272782, 558, 0, 0
1024, 29, 362, 395, 0, 0, 26.70%, 0, 0, 4, 263.60, 274037, 558, 0, 0
1029, 30, 30, 395, 0, 0, 26.70%, 0, 0, 4, 292.08, 275321, 558, 0, 0
1034, 30, 91, 395, 0, 0, 26.70%, 0, 0, 4, 31.65, 276637, 558, 0, 0
1039, 30, 198, 395, 0, 0, 26.70%, 0, 0, 4, 255.93, 277972, 558, 0, 0
1044, 30, 305, 395, 0, 0, 26.70%, 0, 0, 4, 281.37, 279262, 558, 0, 0
1050, 30, 376, 395, 0, 0, 26.70%, 0, 0, 4, 278.94, 280527, 558, 0, 0
1055, 31, 10, 395, 0, 0, 26.70%, 0, 0, 4, 37.74, 281742, 558, 0, 0
1060, 31, 154, 395, 0, 0, 26.70%, 0, 0, 4, 36.63, 283052, 558, 0, 0
1065, 31, 233, 395, 0, 0, 26.70%, 0, 0, 4, 273.27, 284417, 558, 0, 0
1070, 31, 327, 395, 0, 0, 26.70%, 0, 0, 4, 276.77, 285742, 558, 0, 0
1075, 31, 376, 395, 0, 0, 26.70%, 0, 0, 4, 289.51, 287037, 558, 0, 0
1081, 32, 78, 395, 0, 0, 26.70%, 0, 0, 4, 294.43, 288347, 558, 0, 0
1086, 32, 156, 395, 0, 0, 26.70%, 0, 0, 4, 266.76, 289602, 558, 0, 0
1091, 32, 260, 395, 0, 0, 26.70%, 0, 0, 4, 265.91, 290857, 558, 0, 0
1096, 32, 341, 395, 0, 0, 26.70%, 0, 0, 4, 274.28, 292102, 558, 0, 0
1101, 33, 15, 395, 0, 0, 26.70%, 0, 0, 4, 256.70, 293347, 558, 0, 0
1106, 33, 96, 395, 0, 0, 26.70%, 0, 0, 4, 290.07, 294657, 558, 0, 0
1111, 33, 199, 395, 0, 0, 26.70%, 0, 0, 4, 288.43, 295932, 558, 0, 0
1116, 33, 318, 395, 0, 0, 26.70%, 0, 0, 4, 269.66, 297287, 558, 0, 0
1121, 33, 373, 395, 0, 0, 26.70%, 0, 0, 4, 288.97, 298617, 558, 0, 0
1126, 34, 54, 395, 0, 0, 26.70%, 0, 0, 4, 257.95, 299842, 558, 0, 0
1131, 34, 199, 395, 0, 0, 26.70%, 0, 0, 4, 278.26, 301202, 558, 0, 0
1137, 34, 341, 395, 0, 0, 26.70%, 0, 0, 4, 291.65, 302487, 558, 0, 0
1142, 34, 391, 395, 0, 0, 26.70%, 0, 0, 4, 275.13, 303762, 558, 0, 0
1147, 35, 90, 395, 0, 0, 26.70%, 0, 0, 4, 293.52, 305057, 558, 0, 0
1152, 35, 198, 395, 0, 0, 26.70%, 0, 0, 4, 291.23, 306357, 558, 0, 0
1157, 35, 288, 395, 0, 0, 26.70%, 0, 0, 4, 265.79, 307647, 558, 0, 0
1162, 35, 360, 395, 0, 0, 26.70%, 0, 0, 4, 269.19, 308882, 558, 0, 0
1167, 36, 54, 395, 0, 0, 26.70%, 0, 0, 4, 254.36, 310132, 558, 0, 0
1172, 36, 156, 395, 0, 0, 26.70%, 0, 0, 4, 218.89, 311416, 558, 0, 0
1177, 36, 248, 395, 0, 0, 26.70%, 0, 0, 4, 298.51, 312707, 558, 0, 0
1183, 36, 358, 395, 0, 0, 26.70%, 0, 0, 4, 264.63, 313997, 558, 0, 0
1188, 37, 8, 395, 0, 0, 26.70%, 0, 0, 4, 248.43, 315233, 558, 0, 0
1193, 37, 147, 395, 0, 0, 26.70%, 0, 0, 4, 300.00, 316548, 558, 0, 0
1198, 37, 248, 395, 0, 0, 26.70%, 0, 0, 4, 281.08, 317903, 558, 0, 0
1203, 37, 341, 395, 0, 0, 26.70%, 0, 0, 4, 54.24, 319169, 558, 0, 0
1208, 37, 382, 395, 0, 0, 26.70%, 0, 0, 4, 35.87, 320442, 558, 0, 0
1213, 38, 5, 395, 0, 0, 26.70%, 0, 0, 4, 36.50, 321649, 558, 0, 0
1218, 38, 160, 395, 0, 0, 26.70%, 0, 0, 4, 286.04, 322964, 558, 0, 0
1223, 38, 279, 395, 0, 0, 26.70%, 0, 0, 4, 273.06, 324204, 558, 0, 0
1229, 38, 362, 395, 0, 0, 26.70%, 0, 0, 4, 43.48, 325459, 558, 0, 0
1234, 39, 54, 395, 0, 0, 26.70%, 0, 0, 4, 258.39, 326724, 558, 0, 0
1239, 39, 144, 395, 0, 0, 26.70%, 0, 0, 4, 38.60, 328040, 558, 0, 0
1244, 39, 220, 395, 0, 0, 26.70%, 0, 0, 4, 272.33, 329335, 558, 0, 0
1249, 39, 352, 395, 0, 0, 26.70%, 0, 0, 4, 260.29, 330665, 558, 0, 0
1254, 40, 7, 395, 0, 0, 26.70%, 0, 0, 4, 264.74, 331975, 558, 0, 0
1259, 40, 111, 395, 0, 0, 26.70%, 0, 0, 4, 166.36, 333268, 558, 0, 0
1264, 40, 180, 395, 0, 0, 26.70%, 0, 0, 4, 291.11, 334545, 558, 0, 0
1270, 40, 286, 395, 0, 0, 26.70%, 0, 0, 4, 276.46, 335840, 558, 0, 0
1275, 40, 373, 395, 0, 0, 26.70%, 0, 0, 4, 44.84, 337091, 558, 0, 0
1280, 41, 49, 395, 0, 0, 26.70%, 0, 0, 4, 38.76, 338381, 558, 0, 0
1285, 41, 175, 395, 0, 0, 26.70%, 0, 0, 4, 271.37, 339666, 558, 0, 0
1290, 41, 294, 395, 0, 0, 26.70%, 0, 0, 4, 272.98, 340957, 558, 0, 0
1295, 41, 373, 395, 0, 0, 26.70%, 0, 0, 4, 256.58, 342247, 558, 0, 0
1300, 42, 71, 395, 0, 0, 26.70%, 0, 0, 4, 246.02, 343488, 558, 0, 0
1305, 42, 156, 395, 0, 0, 26.70%, 0, 0, 4, 256.65, 344812, 558, 0, 0
1310, 42, 236, 395, 0, 0, 26.70%, 0, 0, 4, 289.78, 346172, 558, 0, 0
1315, 42, 305, 395, 0, 0, 26.70%, 0, 0, 4, 289.38, 347423, 558, 0, 0
1321, 42, 372, 395, 0, 0, 26.70%, 0, 0, 4, 274.35, 348727, 558, 0, 0
1326, 43, 34, 395, 0, 0, 26.70%, 0, 0, 4, 242.13, 349980, 558, 0, 0
1331, 43, 117, 395, 0, 0, 26.70%, 0, 0, 4, 293.74, 351293, 558, 0, 0
1336, 43, 219, 395, 0, 0, 26.70%, 0, 0, 4, 292.20, 352563, 558, 0, 0
1341, 43, 327, 395, 0, 0, 26.70%, 0, 0, 4, 294.67, 353848, 558, 0, 0
1346, 43, 380, 395, 0, 0, 26.70%, 0, 0, 4, 282.71, 355133, 558, 0, 0
1351, 44, 103, 395, 0, 0, 26.70%, 0, 0, 4, 245.01, 356372, 558, 0, 0
1356, 44, 220, 395, 0, 0, 26.70%, 0, 0, 4, 258.61, 357688, 558, 0, 0
1362, 44, 341, 395, 0, 0, 26.70%, 0, 0, 4, 278.38, 358998, 558, 0, 0
1367, 44, 391, 395, 0, 0, 26.70%, 0, 0, 4, 280.52, 360258, 558, 0, 0
1372, 45, 78, 395, 0, 0, 26.70%, 0, 0, 4, 253.50, 361427, 558, 0, 0
1377, 45, 180, 395, 0, 0, 26.70%, 0, 0, 4, 30.30, 362683, 558, 0, 0
1382, 45, 303, 395, 0, 0, 26.70%, 0, 0, 4, 266.05, 364038, 558, 0, 0
1387, 45, 360, 395, 0, 0, 26.70%, 0, 0, 4, 273.88, 365348, 558, 0, 0
1392, 46, 22, 395, 0, 0, 26.70%, 0, 0, 4, 263.06, 366588, 558, 0, 0
1397, 46, 156, 395, 0, 0, 26.70%, 0, 0, 4, 292.96, 367873, 558, 0, 0
1403, 46, 279, 395, 0, 0, 26.70%, 0, 0, 4, 267.21, 369153, 558, 0, 0
1408, 46, 360, 395, 0, 0, 26.70%, 0, 0, 4, 31.35, 370394, 558, 0, 0
1413, 47, 51, 395, 0, 0, 26.70%, 0, 0, 4, 275.41, 371739, 558, 0, 0
1419, 47, 175, 395, 0, 0, 26.70%, 0, 0, 4, 266.04, 373119, 558, 0, 0
1424, 47, 273, 395, 0, 0, 26.70%, 0, 0, 4, 259.67, 374405, 558, 0, 0
1429, 47, 352, 395, 0, 0, 26.70%, 0, 0, 4, 33.67, 375640, 558, 0, 0
1434, 48, 32, 395, 0, 0, 26.70%, 0, 0, 4, 293.53, 376904, 558, 0, 0
1439, 48, 157, 395, 0, 0, 26.70%, 0, 0, 4, 264.52, 378210, 558, 0, 0
1444, 48, 199, 395, 0, 0, 26.70%, 0, 0, 4, 287.48, 379460, 558, 0, 0
1449, 48, 336, 395, 0, 0, 26.70%, 0, 0, 4, 291.95, 380770, 558, 0, 0
1455, 48, 392, 395, 0, 0, 26.70%, 0, 0, 4, 268.22, 382029, 558, 0, 0
1460, 49, 78, 395, 0, 0, 26.70%, 0, 0, 4, 278.81, 383335, 558, 0, 0
1465, 49, 187, 395, 0, 0, 26.70%, 0, 0, 4, 269.69, 384629, 558, 0, 0
1470, 49, 299, 395, 0, 0, 26.70%, 0, 0, 4, 288.72, 385900, 558, 0, 0
1475, 49, 373, 395, 0, 0, 26.70%, 0, 0, 4, 289.59, 387100, 558, 0, 0
1480, 50, 5, 395, 0, 0, 26.70%, 0, 0, 4, 233.57, 388313, 558, 0, 0
1485, 50, 126, 395, 0, 0, 26.70%, 0, 0, 4, 262.58, 389630, 558, 0, 0
1491, 50, 187, 395, 0, 0, 26.70%, 0, 0, 4, 34.72, 390860, 558, 0, 0
1496, 50, 294, 395, 0, 0, 26.70%, 0, 0, 4, 249.95, 392169, 558, 0, 0
1501, 50, 371, 395, 0, 0, 26.70%, 0, 0, 4, 261.69, 393461, 558, 0, 0
1506, 51, 90, 395, 0, 0, 26.70%, 0, 0, 4, 288.55, 394766, 558, 0, 0
1511, 51, 213, 395, 0, 0, 26.70%, 0, 0, 4, 287.14, 396056, 558, 0, 0
1516, 51, 327, 395, 0, 0, 26.70%, 0, 0, 4, 273.37, 397361, 558, 0, 0
1522, 51, 391, 395, 0, 0, 26.70%, 0, 0, 4, 300.45, 398635, 558, 0, 0
1527, 52, 80, 395, 0, 0, 26.70%, 0, 0, 4, 297.83, 399926, 558, 0, 0
1532, 52, 180, 395, 0, 0, 26.70%, 0, 0, 4, 273.73, 401186, 558, 0, 0
1537, 52, 286, 395, 0, 0, 26.70%, 0, 0, 4, 291.42, 402441, 558, 0, 0
1542, 52, 373, 395, 0, 0, 26.70%, 0, 0, 4, 287.69, 403691, 558, 0, 0
1547, 53, 90, 395, 0, 0, 26.70%, 0, 0, 4, 299.48, 404961, 558, 0, 0
1552, 53, 198, 395, 0, 0, 26.70%, 0, 0, 4, 282.72, 406221, 558, 0, 0
1557, 53, 305, 395, 0, 0, 26.70%, 0, 0, 4, 47.34, 407471, 558, 0, 0
1562, 53, 371, 395, 0, 0, 26.70%, 0, 0, 4, 265.38, 408726, 558, 0, 0
1567, 54, 83, 395, 0, 0, 26.70%, 0, 0, 4, 292.08, 409920, 558, 0, 0
1572, 54, 198, 395, 0, 0, 26.70%, 0, 0, 4, 273.90, 411176, 558, 0, 0
1577, 54, 336, 395, 0, 0, 26.70%, 0, 0, 4, 287.57, 412436, 558, 0, 0
1582, 54, 394, 395, 0, 0, 26.70%, 0, 0, 4, 199.39, 413680, 558, 0, 0
1588, 55, 75, 395, 0, 0, 26.70%, 0, 0, 4, 283.98, 414886, 558, 0, 0
1593, 55, 175, 395, 0, 0, 26.70%, 0, 0, 4, 54.74, 416106, 558, 0, 0
1598, 55, 268, 395, 0, 0, 26.70%, 0, 0, 4, 270.04, 417316, 558, 0, 0
1603, 55, 346, 395, 0, 0, 26.70%, 0, 0, 4, 268.80, 418572, 558, 0, 0
1608, 55, 391, 395, 0, 0, 26.70%, 0, 0, 4, 276.04, 419793, 558, 0, 0
1613, 56, 111, 395, 0, 0, 26.70%, 0, 0, 4, 294.83, 421098, 558, 0, 0
1618, 56, 224, 395, 0, 0, 26.70%, 0, 0, 4, 288.70, 422373, 558, 0, 0
1623, 56, 336, 395, 0, 0, 26.70%, 0, 0, 4, 290.93, 423664, 558, 0, 0
1628, 56, 392, 395, 0, 0, 26.70%, 0, 0, 4, 276.07, 424864, 558, 0, 0
1634, 57, 103, 395, 0, 0, 26.70%, 0, 0, 4, 275.28, 426174, 558, 0, 0
1639, 57, 226, 395, 0, 0, 26.70%, 0, 0, 4, 267.13, 427394, 558, 0, 0
1644, 57, 352, 395, 0, 0, 26.70%, 0, 0, 4, 94.55, 428687, 558, 0, 0
1649, 57, 390, 395, 0, 0, 26.70%, 0, 0, 4, 286.68, 429929, 558, 0, 0
1654, 58, 38, 395, 0, 0, 26.70%, 0, 0, 4, 213.64, 431142, 558, 0, 0
1659, 58, 113, 395, 0, 0, 26.70%, 0, 0, 4, 288.54, 432429, 558, 0, 0
1664, 58, 243, 395, 0, 0, 26.70%, 0, 0, 4, 277.86, 433724, 558, 0, 0
1669, 58, 327, 395, 0, 0, 26.70%, 0, 0, 4, 278.00, 434989, 558, 0, 0
1674, 58, 382, 395, 0, 0, 26.70%, 0, 0, 4, 277.36, 436259, 558, 0, 0
1679, 59, 78, 395, 0, 0, 26.70%, 0, 0, 4, 297.03, 437499, 558, 0, 0
1685, 59, 180, 395, 0, 0, 26.70%, 0, 0, 4, 284.09, 438794, 558, 0, 0
1690, 59, 279, 395, 0, 0, 26.70%, 0, 0, 4, 263.86, 440099, 558, 0, 0
1695, 59, 341, 395, 0, 0, 26.70%, 0, 0, 4, 275.37, 441414, 558, 0, 0
1700, 59, 383, 395, 0, 0, 26.70%, 0, 0, 4, 289.57, 442654, 558, 0, 0
1705, 60, 14, 395, 0, 0, 26.70%, 0, 0, 4, 126.04, 443723, 558, 0, 0
1710, 60, 102, 395, 0, 0, 26.70%, 0, 0, 4, 291.25, 445044, 558, 0, 0
1716, 60, 220, 395, 0, 0, 26.70%, 0, 0, 4, 276.96, 446369, 558, 0, 0
1721, 60, 336, 395, 0, 0, 26.70%, 0, 0, 4, 295.72, 447669, 558, 0, 0
1726, 61, 5, 395, 0, 0, 26.70%, 0, 0, 4, 295.04, 448904, 558, 0, 0
1731, 61, 129, 395, 0, 0, 26.70%, 0, 0, 4, 284.32, 450149, 558, 0, 0
1736, 61, 195, 395, 0, 0, 26.70%, 0, 0, 4, 268.61, 451379, 558, 0, 0
1741, 61, 293, 395, 0, 0, 26.70%, 0, 0, 4, 283.69, 452629, 558, 0, 0
1746, 61, 352, 395, 0, 0, 26.70%, 0, 0, 4, 275.05, 453894, 558, 0, 0
1751, 62, 4, 395, 0, 0, 26.70%, 0, 0, 4, 273.13, 455119, 558, 0, 0
1756, 62, 121, 395, 0, 0, 26.70%, 0, 0, 4, 288.56, 456387, 558, 0, 0
1761, 62, 239, 395, 0, 0, 26.70%, 0, 0, 4, 269.67, 457664, 558, 0, 0
1766, 62, 336, 395, 0, 0, 26.70%, 0, 0, 4, 273.16, 458949, 558, 0, 0
1772, 63, 5, 395, 0, 0, 26.70%, 0, 0, 4, 283.68, 460214, 558, 0, 0
1777, 63, 99, 395, 0, 0, 26.70%, 0, 0, 4, 272.72, 461524, 558, 0, 0
1782, 63, 180, 395, 0, 0, 26.70%, 0, 0, 4, 278.38, 462774, 558, 0, 0
1787, 63, 262, 395, 0, 0, 26.70%, 0, 0, 4, 272.44, 464009, 558, 0, 0
1792, 63, 336, 395, 0, 0, 26.70%, 0, 0, 4, 292.08, 465217, 558, 0, 0
1797, 63, 389, 395, 0, 0, 26.70%, 0, 0, 4, 262.19, 466474, 558, 0, 0
1802, 64, 72, 395, 0, 0, 26.70%, 0, 0, 4, 300.43, 467738, 558, 0, 0
1807, 64, 170, 395, 0, 0, 26.70%, 0, 0, 4, 146.75, 469000, 558, 0, 0
1812, 64, 248, 395, 0, 0, 26.70%, 0, 0, 4, 237.11, 470272, 558, 0, 0
1817, 64, 327, 395, 0, 0, 26.70%, 0, 0, 4, 55.97, 471486, 558, 0, 0
1822, 64, 384, 395, 0, 0, 26.70%, 0, 0, 4, 210.00, 472690, 558, 0, 0
1827, 65, 75, 395, 0, 0, 26.70%, 0, 0, 4, 239.51, 473948, 558, 0, 0
1832, 65, 177, 395, 0, 0, 26.70%, 0, 0, 4, 271.08, 475231, 558, 0, 0
1838, 65, 273, 395, 0, 0, 26.70%, 0, 0, 4, 289.28, 476521, 558, 0, 0
1843, 65, 360, 395, 0, 0, 26.70%, 0, 0, 4, 289.84, 477761, 558, 0, 0
1848, 66, 21, 395, 0, 0, 26.70%, 0, 0, 4, 253.87, 479011, 558, 0, 0
1853, 66, 160, 395, 0, 0, 26.70%, 0, 0, 4, 237.24, 480310, 558, 0, 0
1858, 66, 237, 395, 0, 0, 26.70%, 0, 0, 4, 276.93, 481551, 558, 0, 0
1863, 66, 352, 395, 0, 0, 26.70%, 0, 0, 4, 186.04, 482779, 558, 0, 0
1868, 67, 5, 395, 0, 0, 26.70%, 0, 0, 4, 241.80, 484030, 558, 0, 0
1873, 67, 121, 395, 0, 0, 26.70%, 0, 0, 4, 258.18, 485331, 558, 0, 0
1879, 67, 199, 395, 0, 0, 26.70%, 0, 0, 4, 268.43, 486526, 558, 0, 0
1884, 67, 305, 395, 0, 0, 26.70%, 0, 0, 4, 286.86, 487731, 558, 0, 0
1889, 67, 391, 395, 0, 0, 26.70%, 0, 0, 4, 290.79, 489001, 558, 0, 0
1894, 68, 108, 395, 0, 0, 26.70%, 0, 0, 4, 294.88, 490251, 558, 0, 0
1899, 68, 199, 395, 0, 0, 26.70%, 0, 0, 4, 260.24, 491531, 558, 0, 0
1904, 68, 327, 395, 0, 0, 26.70%, 0, 0, 4, 267.59, 492746, 558, 0, 0
1909, 68, 391, 395, 0, 0, 26.70%, 0, 0, 4, 30.77, 493996, 558, 0, 0
1914, 69, 129, 395, 0, 0, 26.70%, 0, 0, 4, 282.94, 495266, 558, 0, 0
1919, 69, 213, 395, 0, 0, 26.70%, 0, 0, 4, 280.52, 496516, 558, 0, 0
1925, 69, 305, 395, 0, 0, 26.70%, 0, 0, 4, 288.13, 497785, 558, 0, 0
1930, 69, 370, 395, 0, 0, 26.70%, 0, 0, 4, 266.80, 499056, 558, 0, 0
1935, 70, 78, 395, 0, 0, 26.70%, 0, 0, 4, 235.58, 500314, 558, 0, 0
1940, 70, 152, 395, 0, 0, 26.70%, 0, 0, 4, 43.48, 501585, 558, 0, 0
1945, 70, 236, 395, 0, 0, 26.70%, 0, 0, 4, 296.79, 502906, 558, 0, 0
1950, 70, 334, 395, 0, 0, 26.70%, 0, 0, 4, 300.40, 504179, 558, 0, 0
1956, 70, 376, 395, 0, 0, 26.70%, 0, 0, 4, 259.63, 505421, 558, 0, 0
1961, 71, 54, 395, 0, 0, 26.70%, 0, 0, 4, 270.14, 506671, 558, 0, 0
1966, 71, 175, 395, 0, 0, 26.70%, 0, 0, 4, 36.50, 507886, 558, 0, 0
1971, 71, 247, 395, 0, 0, 26.70%, 0, 0, 4, 269.61, 509131, 558, 0, 0
1976, 71, 341, 395, 0, 0, 26.70%, 0, 0, 4, 167.07, 510391, 558, 0, 0
1981, 71, 376, 395, 0, 0, 26.70%, 0, 0, 4, 288.56, 511641, 558, 0, 0
1986, 72, 90, 395, 0, 0, 26.70%, 0, 0, 4, 290.17, 512941, 558, 0, 0
1991, 72, 220, 395, 0, 0, 26.70%, 0, 0, 4, 289.32, 514206, 558, 0, 0
1997, 72, 341, 395, 0, 0, 26.70%, 0, 0, 4, 260.42, 515481, 558, 0, 0
2002, 73, 5, 395, 0, 0, 26.70%, 0, 0, 4, 37.88, 516691, 558, 0, 0
2007, 73, 113, 395, 0, 0, 26.70%, 0, 0, 4, 292.01, 517966, 558, 0, 0
2012, 73, 217, 395, 0, 0, 26.70%, 0, 0, 4, 291.98, 519236, 558, 0, 0
2017, 73, 327, 395, 0, 0, 26.70%, 0, 0, 4, 275.67, 520496, 558, 0, 0
2022, 73, 375, 395, 0, 0, 26.70%, 0, 0, 4, 294.16, 521731, 558, 0, 0
2027, 74, 77, 395, 0, 0, 26.70%, 0, 0, 4, 230.57, 522989, 558, 0, 0
2032, 74, 180, 395, 0, 0, 26.70%, 0, 0, 4, 277.95, 524301, 558, 0, 0
2038, 74, 273, 395, 0, 0, 26.70%, 0, 0, 4, 46.51, 525466, 558, 0, 0
2043, 74, 341, 395, 0, 0, 26.70%, 0, 0, 4, 272.26, 526756, 558, 0, 0
2048, 75, 5, 395, 0, 0, 26.70%, 0, 0, 4, 271.80, 527981, 558, 0, 0
2053, 75, 149, 395, 0, 0, 26.70%, 0, 0, 4, 291.43, 529281, 558, 0, 0
2058, 75, 248, 395, 0, 0, 26.70%, 0, 0, 4, 280.98, 530526, 558, 0, 0
2063, 75, 341, 395, 0, 0, 26.70%, 0, 0, 4, 280.81, 531757, 558, 0, 0
2068, 75, 392, 395, 0, 0, 26.70%, 0, 0, 4, 47.62, 532942, 558, 0, 0
2073, 76, 89, 395, 0, 0, 26.70%, 0, 0, 4, 290.84, 534232, 558, 0, 0
2078, 76, 175, 395, 0, 0, 26.70%, 0, 0, 4, 268.22, 535532, 558, 0, 0
2083, 76, 267, 395, 0, 0, 26.70%, 0, 0, 4, 286.80, 536822, 558, 0, 0
2089, 76, 344, 395, 0, 0, 26.70%, 0, 0, 4, 291.89, 538112, 558, 0, 0
2094, 76, 388, 395, 0, 0, 26.70%, 0, 0, 4, 293.09, 539352, 558, 0, 0
2099, 77, 78, 395, 0, 0, 26.70%, 0, 0, 4, 254.20, 540547, 558, 0, 0
2104, 77, 171, 395, 0, 0, 26.70%, 0, 0, 4, 199.00, 541757, 558, 0, 0
2109, 77, 247, 395, 0, 0, 26.70%, 0, 0, 4, 290.22, 543037, 558, 0, 0
2114, 77, 342, 395, 0, 0, 26.70%, 0, 0, 4, 283.18, 544312, 558, 0, 0
2119, 77, 392, 395, 0, 0, 26.70%, 0, 0, 4, 259.87, 545587, 558, 0, 0
2124, 78, 92, 395, 0, 0, 26.70%, 0, 0, 4, 282.01, 546812, 558, 0, 0
2129, 78, 199, 395, 0, 0, 26.70%, 0, 0, 4, 33.78, 548007, 558, 0, 0
2134, 78, 327, 395, 0, 0, 26.70%, 0, 0, 4, 294.72, 549292, 558, 0, 0
2140, 78, 373, 395, 0, 0, 26.70%, 0, 0, 4, 277.00, 550577, 558, 0, 0
2145, 79, 89, 395, 0, 0, 26.70%, 0, 0, 4, 266.00, 551827, 558, 0, 0
2150, 79, 187, 395, 0, 0, 26.70%, 0, 0, 4, 279.81, 553117, 558, 0, 0
2155, 79, 286, 395, 0, 0, 26.70%, 0, 0, 4, 290.00, 554344, 558, 0, 0
2160, 79, 362, 395, 0, 0, 26.70%, 0, 0, 4, 268.17, 555582, 558, 0, 0
2165, 80, 5, 395, 0, 0, 26.70%, 0, 0, 4, 255.67, 556772, 558, 0, 0
2171, 80, 160, 395, 0, 0, 26.70%, 0, 0, 4, 261.14, 558082, 558, 0, 0
2176, 80, 240, 395, 0, 0, 26.70%, 0, 0, 4, 237.12, 559283, 558, 0, 0
2181, 80, 341, 395, 0, 0, 26.70%, 0, 0, 4, 274.40, 560527, 558, 0, 0
2186, 81, 5, 395, 0, 0, 26.70%, 0, 0, 4, 269.06, 561802, 558, 0, 0
2191, 81, 160, 395, 0, 0, 26.70%, 0, 0, 4, 291.09, 563097, 558, 0, 0
2196, 81, 233, 395, 0, 0, 26.70%, 0, 0, 4, 31.06, 564272, 558, 0, 0
2201, 81, 341, 395, 0, 0, 26.70%, 0, 0, 4, 241.48, 565525, 558, 0, 0
2206, 81, 394, 395, 0, 0, 26.70%, 0, 0, 4, 66.37, 566774, 558, 0, 0
2212, 82, 90, 395, 0, 0, 26.70%, 0, 0, 4, 294.60, 568082, 558, 0, 0
2217, 82, 187, 395, 0, 0, 26.70%, 0, 0, 4, 291.91, 569347, 558, 0, 0
2222, 82, 327, 395, 0, 0, 26.70%, 0, 0, 4, 284.45, 570617, 558, 0, 0
2227, 82, 381, 395, 0, 0, 26.70%, 0, 0, 4, 262.47, 571907, 558, 0, 0
2232, 83, 89, 395, 0, 0, 26.70%, 0, 0, 4, 278.12, 573136, 558, 0, 0
2237, 83, 194, 395, 0, 0, 26.70%, 0, 0, 4, 266.59, 574382, 558, 0, 0
2242, 83, 283, 395, 0, 0, 26.70%, 0, 0, 4, 47.85, 575617, 558, 0, 0
2247, 83, 360, 395, 0, 0, 26.70%, 0, 0, 4, 288.56, 576890, 558, 0, 0
2252, 84, 11, 395, 0, 0, 26.70%, 0, 0, 4, 281.72, 578152, 558, 0, 0
2258, 84, 113, 395, 0, 0, 26.70%, 0, 0, 4, 291.19, 579427, 558, 0, 0
2263, 84, 198, 395, 0, 0, 26.70%, 0, 0, 4, 287.28, 580702, 558, 0, 0
2268, 84, 282, 395, 0, 0, 26.70%, 0, 0, 4, 282.18, 581962, 558, 0, 0
2273, 84, 361, 395, 0, 0, 26.70%, 0, 0, 4, 269.25, 583172, 558, 0, 0
2278, 85, 67, 395, 0, 0, 26.70%, 0, 0, 4, 291.81, 584427, 558, 0, 0
2283, 85, 171, 395, 0, 0, 26.70%, 0, 0, 4, 284.01, 585732, 558, 0, 0
2288, 85, 215, 395, 0, 0, 26.70%, 0, 0, 4, 298.50, 586977, 558, 0, 0
2293, 85, 327, 395, 0, 0, 26.70%, 0, 0, 4, 285.18, 588277, 558, 0, 0
2299, 85, 373, 395, 0, 0, 26.70%, 0, 0, 4, 289.78, 589547, 558, 0, 0
2304, 86, 89, 395, 0, 0, 26.70%, 0, 0, 4, 281.99, 590822, 558, 0, 0
2309, 86, 180, 395, 0, 0, 26.70%, 0, 0, 4, 157.37, 592028, 558, 0, 0
2314, 86, 294, 395, 0, 0, 26.70%, 0, 0, 4, 226.45, 593294, 558, 0, 0
2319, 86, 370, 395, 0, 0, 26.70%, 0, 0, 4, 284.59, 594536, 558, 0, 0
2324, 87, 54, 395, 0, 0, 26.70%, 0, 0, 4, 288.14, 595787, 558, 0, 0
2329, 87, 160, 395, 0, 0, 26.70%, 0, 0, 4, 289.27, 597102, 558, 0, 0
2334, 87, 279, 395, 0, 0, 26.70%, 0, 0, 4, 273.90, 598377, 558, 0, 0
2339, 87, 352, 395, 0, 0, 26.70%, 0, 0, 4, 269.02, 599592, 558, 0, 0
2345, 88, 12, 395, 0, 0, 26.70%, 0, 0, 4, 289.98, 600812, 558, 0, 0
2350, 88, 118, 395, 0, 0, 26.70%, 0, 0, 4, 289.04, 602117, 558, 0, 0
2355, 88, 220, 395, 0, 0, 26.70%, 0, 0, 4, 288.62, 603412, 558, 0, 0
2360, 88, 352, 395, 0, 0, 26.70%, 0, 0, 4, 283.00, 604692, 558, 0, 0
2365, 89, 7, 395, 0, 0, 26.70%, 0, 0, 4, 50.00, 605882, 558, 0, 0
2370, 89, 152, 395, 0, 0, 26.70%, 0, 0, 4, 285.71, 607130, 558, 0, 0
2375, 89, 248, 395, 0, 0, 26.70%, 0, 0, 4, 289.27, 608427, 558, 0, 0
2380, 89, 341, 395, 0, 0, 26.70%, 0, 0, 4, 258.38, 609627, 558, 0, 0
2385, 90, 3, 395, 0, 0, 26.70%, 0, 0, 4, 249.28, 610833, 558, 0, 0
2390, 90, 113, 395, 0, 0, 26.70%, 0, 0, 4, 256.21, 612072, 558, 0, 0
2396, 90, 211, 395, 0, 0, 26.70%, 0, 0, 4, 289.48, 613357, 558, 0, 0
2401, 90, 327, 395, 0, 0, 26.70%, 0, 0, 4, 161.29, 614548, 558, 0, 0
2406, 90, 376, 395, 0, 0, 26.70%, 0, 0, 4, 299.59, 615807, 558, 0, 0
2411, 91, 113, 395, 0, 0, 26.70%, 0, 0, 4, 293.29, 617087, 558, 0, 0
2416, 91, 199, 395, 0, 0, 26.70%, 0, 0, 4, 237.60, 618368, 558, 0, 0
2421, 91, 304, 395, 0, 0, 26.70%, 0, 0, 4, 33.00, 619542, 558, 0, 0
2426, 91, 371, 395, 0, 0, 26.70%, 0, 0, 4, 256.18, 620827, 558, 0, 0
2432, 92, 52, 395, 0, 0, 26.70%, 0, 0, 4, 260.98, 622102, 558, 0, 0
2437, 92, 175, 395, 0, 0, 26.70%, 0, 0, 4, 280.30, 623402, 558, 0, 0
2442, 92, 267, 395, 0, 0, 26.70%, 0, 0, 4, 268.54, 624607, 558, 0, 0
2447, 92, 361, 395, 0, 0, 26.70%, 0, 0, 4, 285.68, 625902, 558, 0, 0
2452, 93, 54, 395, 0, 0, 26.70%, 0, 0, 4, 280.58, 627207, 558, 0, 0
2457, 93, 177, 395, 0, 0, 26.70%, 0, 0, 4, 33.56, 628377, 558, 0, 0
2463, 93, 279, 395, 0, 0, 26.70%, 0, 0, 4, 278.97, 629678, 558, 0, 0
2468, 93, 362, 395, 0, 0, 26.70%, 0, 0, 4, 280.47, 630908, 558, 0, 0
2473, 94, 74, 395, 0, 0, 26.70%, 0, 0, 4, 294.23, 632208, 558, 0, 0
2478, 94, 177, 395, 0, 0, 26.70%, 0, 0, 4, 247.06, 633393, 558, 0, 0
2483, 94, 268, 395, 0, 0, 26.70%, 0, 0, 4, 294.56, 634618, 558, 0, 0
2488, 94, 341, 395, 0, 0, 26.70%, 0, 0, 4, 277.21, 635848, 558, 0, 0
2493, 95, 5, 395, 0, 0, 26.70%, 0, 0, 4, 262.48, 637063, 558, 0, 0
2498, 95, 156, 395, 0, 0, 26.70%, 0, 0, 4, 257.74, 638368, 558, 0, 0
2504, 95, 248, 395, 0, 0, 26.70%, 0, 0, 4, 289.31, 639668, 558, 0, 0
2509, 95, 341, 395, 0, 0, 26.70%, 0, 0, 4, 284.71, 640838, 558, 0, 0
2514, 95, 392, 395, 0, 0, 26.70%, 0, 0, 4, 283.58, 642088, 558, 0, 0
2519, 96, 69, 395, 0, 0, 26.70%, 0, 0, 4, 300.65, 643400, 558, 0, 0
2524, 96, 187, 395, 0, 0, 26.70%, 0, 0, 4, 275.55, 644628, 558, 0, 0
2529, 96, 286, 395, 0, 0, 26.70%, 0, 0, 4, 249.70, 645812, 558, 0, 0
2534, 96, 370, 395, 0, 0, 26.70%, 0, 0, 4, 245.95, 647092, 558, 0, 0
2539, 97, 36, 395, 0, 0, 26.70%, 0, 0, 4, 252.23, 648218, 558, 0, 0
2545, 97, 156, 395, 0, 0, 26.70%, 0, 0, 4, 263.64, 649513, 558, 0, 0
2550, 97, 248, 395, 0, 0, 26.70%, 0, 0, 4, 281.60, 650848, 558, 0, 0
2555, 97, 337, 395, 0, 0, 26.70%, 0, 0, 4, 164.28, 652026, 558, 0, 0
2560, 97, 391, 395, 0, 0, 26.70%, 0, 0, 4, 296.09, 653303, 558, 0, 0
2565, 98, 102, 395, 0, 0, 26.70%, 0, 0, 4, 282.56, 654528, 558, 0, 0
2570, 98, 199, 395, 0, 0, 26.70%, 0, 0, 4, 46.08, 655713, 558, 0, 0
2575, 98, 314, 395, 0, 0, 26.70%, 0, 0, 4, 264.83, 656963, 558, 0, 0
2580, 98, 376, 395, 0, 0, 26.70%, 0, 0, 4, 292.95, 658223, 558, 0, 0
2585, 99, 90, 395, 0, 0, 26.70%, 0, 0, 4, 291.89, 659473, 558, 0, 0
2590, 99, 203, 395, 0, 0, 26.70%, 0, 0, 4, 31.65, 660648, 558, 0, 0
2595, 99, 327, 395, 0, 0, 26.70%, 0, 0, 4, 285.22, 661923, 558, 0, 0
2601, 99, 376, 395, 0, 0, 26.70%, 0, 0, 4, 289.31, 663188, 558, 0, 0
2606, 100, 78, 395, 0, 0, 26.70%, 0, 0, 4, 264.86, 664453, 558, 0, 0
2611, 100, 183, 395, 0, 0, 26.70%, 0, 0, 4, 238.44, 665638, 558, 0, 0
2616, 100, 286, 395, 0, 0, 26.70%, 0, 0, 4, 248.16, 666914, 558, 0, 0
2621, 100, 360, 395, 0, 0, 26.70%, 0, 0, 4, 274.37, 668183, 558, 0, 0
2626, 100, 390, 395, 0, 0, 26.70%, 0, 0, 4, 33.11, 669328, 558, 0, 0
2631, 101, 55, 395, 0, 0, 26.70%, 0, 0, 4, 291.27, 670593, 558, 0, 0
2637, 101, 175, 395, 0, 0, 26.70%, 0, 0, 4, 273.24, 671883, 558, 0, 0
2642, 101, 246, 395, 0, 0, 26.70%, 0, 0, 4, 35.09, 673058, 558, 0, 0
2647, 101, 357, 395, 0, 0, 26.70%, 0, 0, 4, 246.84, 674312, 558, 0, 0
2652, 102, 6, 395, 0, 0, 26.70%, 0, 0, 4, 270.81, 675581, 558, 0, 0
2657, 102, 89, 395, 0, 0, 26.70%, 0, 0, 4, 287.13, 676804, 558, 0, 0
2662, 102, 187, 395, 0, 0, 26.70%, 0, 0, 4, 284.92, 678096, 558, 0, 0
2667, 102, 273, 395, 0, 0, 26.70%, 0, 0, 4, 233.99, 679372, 558, 0, 0
2672, 102, 361, 395, 0, 0, 26.70%, 0, 0, 4, 35.26, 680526, 558, 0, 0
2678, 103, 15, 395, 0, 0, 26.70%, 0, 0, 4, 256.36, 681781, 558, 0, 0
2683, 103, 157, 395, 0, 0, 26.70%, 0, 0, 4, 277.14, 683071, 558, 0, 0
2688, 103, 226, 395, 0, 0, 26.70%, 0, 0, 4, 287.55, 684346, 558, 0, 0
2693, 103, 308, 395, 0, 0, 26.70%, 0, 0, 4, 260.07, 685571, 558, 0, 0
2698, 103, 373, 395, 0, 0, 26.70%, 0, 0, 4, 301.98, 686827, 558, 0, 0
2704, 104, 75, 395, 0, 0, 26.70%, 0, 0, 4, 271.76, 688106, 558, 0, 0
2709, 104, 187, 395, 0, 0, 26.70%, 0, 0, 4, 284.80, 689446, 558, 0, 0
2714, 104, 293, 395, 0, 0, 26.70%, 0, 0, 4, 274.68, 690686, 558, 0, 0
2719, 104, 370, 395, 0, 0, 26.70%, 0, 0, 4, 283.72, 691846, 558, 0, 0
2724, 105, 75, 395, 0, 0, 26.70%, 0, 0, 4, 294.55, 693146, 558, 0, 0
2729, 105, 187, 395, 0, 0, 26.70%, 0, 0, 4, 288.53, 694401, 558, 0, 0
2734, 105, 294, 395, 0, 0, 26.70%, 0, 0, 4, 280.20, 695676, 558, 0, 0
2739, 105, 361, 395, 0, 0, 26.70%, 0, 0, 4, 222.77, 696866, 558, 0, 0
2744, 106, 51, 395, 0, 0, 26.70%, 0, 0, 4, 266.23, 698136, 558, 0, 0
2749, 106, 187, 395, 0, 0, 26.70%, 0, 0, 4, 289.89, 699416, 558, 0, 0
2755, 106, 315, 395, 0, 0, 26.70%, 0, 0, 4, 288.57, 700706, 558, 0, 0
2760, 106, 373, 395, 0, 0, 26.70%, 0, 0, 4, 53.50, 701867, 558, 0, 0
2765, 107, 113, 395, 0, 0, 26.70%, 0, 0, 4, 265.52, 703096, 558, 0, 0
2770, 107, 199, 395, 0, 0, 26.70%, 0, 0, 4, 283.38, 704371, 558, 0, 0
2775, 107, 341, 395, 0, 0, 26.70%, 0, 0, 4, 267.60, 705656, 558, 0, 0
2780, 108, 5, 395, 0, 0, 26.70%, 0, 0, 4, 254.02, 706906, 558, 0, 0
2785, 108, 135, 395, 0, 0, 26.70%, 0, 0, 4, 287.13, 708089, 558, 0, 0
2791, 108, 248, 395, 0, 0, 26.70%, 0, 0, 4, 292.14, 709396, 558, 0, 0
2796, 108, 356, 395, 0, 0, 26.70%, 0, 0, 4, 294.03, 710646, 558, 0, 0
2801, 109, 12, 395, 0, 0, 26.70%, 0, 0, 4, 257.04, 711861, 558, 0, 0
2806, 109, 149, 395, 0, 0, 26.70%, 0, 0, 4, 283.94, 713056, 558, 0, 0
2811, 109, 243, 395, 0, 0, 26.70%, 0, 0, 4, 215.26, 714339, 558, 0, 0
2816, 109, 352, 395, 0, 0, 26.70%, 0, 0, 4, 290.06, 715616, 558, 0, 0
2821, 110, 11, 395, 0, 0, 26.70%, 0, 0, 4, 36.30, 716801, 558, 0, 0
2826, 110, 156, 395, 0, 0, 26.70%, 0, 0, 4, 292.16, 718071, 558, 0, 0
2831, 110, 220, 395, 0, 0, 26.70%, 0, 0, 4, 289.10, 719366, 558, 0, 0
2836, 110, 309, 395, 0, 0, 26.70%, 0, 0, 4, 287.13, 720616, 558, 0, 0
2841, 110, 376, 395, 0, 0, 26.70%, 0, 0, 4, 266.30, 721856, 558, 0, 0
2847, 111, 99, 395, 0, 0, 26.70%, 0, 0, 4, 274.56, 723046, 558, 0, 0
2852, 111, 220, 395, 0, 0, 26.70%, 0, 0, 4, 272.38, 724311, 558, 0, 0
2857, 111, 327, 395, 0, 0, 26.70%, 0, 0, 4, 269.59, 725556, 558, 0, 0
2862, 111, 373, 395, 0, 0, 26.70%, 0, 0, 4, 278.00, 726776, 558, 0, 0
2867, 112, 54, 395, 0, 0, 26.70%, 0, 0, 4, 290.24, 727956, 558, 0, 0
2872, 112, 177, 395, 0, 0, 26.70%, 0, 0, 4, 288.56, 729191, 558, 0, 0
2877, 112, 285, 395, 0, 0, 26.70%, 0, 0, 4, 285.44, 730481, 558, 0, 0
2882, 112, 361, 395, 0, 0, 26.70%, 0, 0, 4, 272.41, 731721, 558, 0, 0
2887, 113, 51, 395, 0, 0, 26.70%, 0, 0, 4, 39.37, 732896, 558, 0, 0
2892, 113, 177, 395, 0, 0, 26.70%, 0, 0, 4, 285.00, 734183, 558, 0, 0
2897, 113, 273, 395, 0, 0, 26.70%, 0, 0, 4, 291.39, 735431, 558, 0, 0
2903, 113, 362, 395, 0, 0, 26.70%, 0, 0, 4, 242.20, 736706, 558, 0, 0
2908, 114, 5, 395, 0, 0, 26.70%, 0, 0, 4, 259.18, 737896, 558, 0, 0
2913, 114, 94, 395, 0, 0, 26.70%, 0, 0, 4, 284.95, 739191, 558, 0, 0
2918, 114, 199, 395, 0, 0, 26.70%, 0, 0, 4, 267.42, 740401, 558, 0, 0
2923, 114, 336, 395, 0, 0, 26.70%, 0, 0, 4, 267.58, 741686, 558, 0, 0
2928, 114, 371, 395, 0, 0, 26.70%, 0, 0, 4, 253.85, 742841, 558, 0, 0
2933, 115, 44, 395, 0, 0, 26.70%, 0, 0, 4, 292.08, 744051, 558, 0, 0
2938, 115, 147, 395, 0, 0, 26.70%, 0, 0, 4, 276.56, 745361, 558, 0, 0
2944, 115, 240, 395, 0, 0, 26.70%, 0, 0, 4, 272.70, 746661, 558, 0, 0
2949, 115, 341, 395, 0, 0, 26.70%, 0, 0, 4, 195.70, 747919, 558, 0, 0
2954, 116, 11, 395, 0, 0, 26.70%, 0, 0, 4, 242.32, 749177, 558, 0, 0
2959, 116, 156, 395, 0, 0, 26.70%, 0, 0, 4, 279.22, 750391, 558, 0, 0
2964, 116, 218, 395, 0, 0, 26.70%, 0, 0, 4, 271.33, 751596, 558, 0, 0
2969, 116, 327, 395, 0, 0, 26.70%, 0, 0, 4, 287.30, 752846, 558, 0, 0
2974, 116, 382, 395, 0, 0, 26.70%, 0, 0, 4, 260.82, 754066, 558, 0, 0
2979, 117, 66, 395, 0, 0, 26.70%, 0, 0, 4, 263.50, 755261, 558, 0, 0
2984, 117, 176, 395, 0, 0, 26.70%, 0, 0, 4, 286.26, 756561, 558, 0, 0
2989, 117, 273, 395, 0, 0, 26.70%, 0, 0, 4, 292.16, 757821, 558, 0, 0
2994, 117, 356, 395, 0, 0, 26.70%, 0, 0, 4, 285.17, 759116, 558, 0, 0
2999, 118, 11, 395, 0, 0, 26.70%, 0, 0, 4, 279.62, 760296, 558, 0, 0
3004, 118, 135, 395, 0, 0, 26.70%, 0, 0, 4, 278.61, 761428, 558, 0, 0
3010, 118, 220, 395, 0, 0, 26.70%, 0, 0, 4, 274.78, 762736, 558, 0, 0
3015, 118, 341, 395, 0, 0, 26.70%, 0, 0, 4, 282.67, 763981, 558, 0, 0
3020, 118, 392, 395, 0, 0, 26.70%, 0, 0, 4, 259.92, 765151, 558, 0, 0
3025, 119, 135, 395, 0, 0, 26.70%, 0, 0, 4, 270.79, 766431, 558, 0, 0
3030, 119, 222, 395, 0, 0, 26.70%, 0, 0, 4, 221.84, 767670, 558, 0, 0
3035, 119, 352, 395, 0, 0, 26.70%, 0, 0, 4, 262.54, 768956, 558, 0, 0
3040, 120, 5, 395, 0, 0, 26.70%, 0, 0, 4, 228.63, 770217, 558, 0, 0
3046, 120, 90, 395, 0, 0, 26.70%, 0, 0, 4, 42.55, 771456, 558, 0, 0
3051, 120, 180, 395, 0, 0, 26.70%, 0, 0, 4, 289.11, 772751, 558, 0, 0
3056, 120, 294, 395, 0, 0, 26.70%, 0, 0, 4, 263.74, 774051, 558, 0, 0
3061, 120, 373, 395, 0, 0, 26.70%, 0, 0, 4, 272.18, 775291, 558, 0, 0
3066, 121, 113, 395, 0, 0, 26.70%, 0, 0, 4, 294.09, 776561, 558, 0, 0
3071, 121, 220, 395, 0, 0, 26.70%, 0, 0, 4, 290.89, 777861, 558, 0, 0
3076, 121, 336, 395, 0, 0, 26.70%, 0, 0, 4, 277.87, 779081, 558, 0, 0
3082, 121, 392, 395, 0, 0, 26.70%, 0, 0, 4, 264.45, 780296, 558, 0, 0
3087, 122, 102, 395, 0, 0, 26.70%, 0, 0, 4, 293.22, 781571, 558, 0, 0
3092, 122, 187, 395, 0, 0, 26.70%, 0, 0, 4, 226.70, 782860, 558, 0, 0
3097, 122, 327, 395, 0, 0, 26.70%, 0, 0, 4, 195.50, 784140, 558, 0, 0
3102, 122, 391, 395, 0, 0, 26.70%, 0, 0, 4, 296.96, 785406, 558, 0, 0
3107, 123, 113, 395, 0, 0, 26.70%, 0, 0, 4, 47.85, 786621, 558, 0, 0
3112, 123, 187, 395, 0, 0, 26.70%, 0, 0, 4, 43.67, 787861, 558, 0, 0
3117, 123, 305, 395, 0, 0, 26.70%, 0, 0, 4, 295.57, 789161, 558, 0, 0
3123, 123, 373, 395, 0, 0, 26.70%, 0, 0, 4, 302.76, 790458, 558, 0, 0
3128, 124, 90, 395, 0, 0, 26.70%, 0, 0, 4, 271.76, 791715, 558, 0, 0
3133, 124, 198, 395, 0, 0, 26.70%, 0, 0, 4, 273.71, 792976, 558, 0, 0
3138, 124, 317, 395, 0, 0, 26.70%, 0, 0, 4, 262.47, 794226, 558, 0, 0
3143, 124, 373, 395, 0, 0, 26.70%, 0, 0, 4, 289.35, 795506, 558, 0, 0
3148, 125, 78, 395, 0, 0, 26.70%, 0, 0, 4, 256.38, 796741, 558, 0, 0
3153, 125, 175, 395, 0, 0, 26.70%, 0, 0, 4, 290.00, 798000, 558, 0, 0
3158, 125, 279, 395, 0, 0, 26.70%, 0, 0, 4, 286.51, 799296, 558, 0, 0
3164, 125, 370, 395, 0, 0, 26.70%, 0, 0, 4, 284.75, 800571, 558, 0, 0
3169, 126, 75, 395, 0, 0, 26.70%, 0, 0, 4, 287.19, 801831, 558, 0, 0
3174, 126, 175, 395, 0, 0, 26.70%, 0, 0, 4, 280.31, 803101, 558, 0, 0
3179, 126, 279, 395, 0, 0, 26.70%, 0, 0, 4, 211.82, 804334, 558, 0, 0
3184, 126, 356, 395, 0, 0, 26.70%, 0, 0, 4, 268.44, 805591, 558, 0, 0
3189, 127, 26, 395, 0, 0, 26.70%, 0, 0, 4, 284.06, 806841, 558, 0, 0
3194, 127, 175, 395, 0, 0, 26.70%, 0, 0, 4, 288.15, 808126, 558, 0, 0
3200, 127, 293, 395, 0, 0, 26.70%, 0, 0, 4, 50.23, 809326, 558, 0, 0
3205, 127, 362, 395, 0, 0, 26.70%, 0, 0, 4, 232.67, 810591, 558, 0, 0
3210, 128, 51, 395, 0, 0, 26.70%, 0, 0, 4, 293.53, 811850, 558, 0, 0
3215, 128, 160, 395, 0, 0, 26.70%, 0, 0, 4, 261.89, 813121, 558, 0, 0
3220, 128, 248, 395, 0, 0, 26.70%, 0, 0, 4, 265.09, 814411, 558, 0, 0
3225, 128, 341, 395, 0, 0, 26.70%, 0, 0, 4, 266.56, 815706, 558, 0, 0
3230, 129, 5, 395, 0, 0, 26.70%, 0, 0, 4, 284.12, 816971, 558, 0, 0
3235, 129, 108, 395, 0, 0, 26.70%, 0, 0, 4, 291.97, 818246, 558, 0, 0
3240, 129, 193, 395, 0, 0, 26.70%, 0, 0, 4, 266.71, 819491, 558, 0, 0
3246, 129, 319, 395, 0, 0, 26.70%, 0, 0, 4, 277.62, 820796, 558, 0, 0
3251, 129, 376, 395, 0, 0, 26.70%, 0, 0, 4, 47.39, 822001, 558, 0, 0
3256, 130, 89, 395, 0, 0, 26.70%, 0, 0, 4, 250.18, 823280, 558, 0, 0
3261, 130, 177, 395, 0, 0, 26.70%, 0, 0, 4, 273.34, 824586, 558, 0, 0
3266, 130, 279, 395, 0, 0, 26.70%, 0, 0, 4, 295.61, 825911, 558, 0, 0
3271, 130, 362, 395, 0, 0, 26.70%, 0, 0, 4, 243.77, 827111, 558, 0, 0
3276, 131, 70, 395, 0, 0, 26.70%, 0, 0, 4, 253.73, 828366, 558, 0, 0
3282, 131, 177, 395, 0, 0, 26.70%, 0, 0, 4, 285.25, 829656, 558, 0, 0
3287, 131, 286, 395, 0, 0, 26.70%, 0, 0, 4, 260.24, 830936, 558, 0, 0
3292, 131, 362, 395, 0, 0, 26.70%, 0, 0, 4, 287.33, 832186, 558, 0, 0
3297, 132, 63, 395, 0, 0, 26.70%, 0, 0, 4, 293.32, 833466, 558, 0, 0
3302, 132, 173, 395, 0, 0, 26.70%, 0, 0, 4, 43.86, 834656, 558, 0, 0
3307, 132, 232, 395, 0, 0, 26.70%, 0, 0, 4, 270.25, 835921, 558, 0, 0
3312, 132, 339, 395, 0, 0, 26.70%, 0, 0, 4, 290.42, 837166, 558, 0, 0
3317, 132, 392, 395, 0, 0, 26.70%, 0, 0, 4, 288.08, 838376, 558, 0, 0
3322, 133, 93, 395, 0, 0, 26.70%, 0, 0, 4, 262.86, 839631, 558, 0, 0
3327, 133, 205, 395, 0, 0, 26.70%, 0, 0, 4, 286.35, 840911, 558, 0, 0
3332, 133, 279, 395, 0, 0, 26.70%, 0, 0, 4, 274.58, 842116, 558, 0, 0
3337, 133, 371, 395, 0, 0, 26.70%, 0, 0, 4, 270.94, 843311, 558, 0, 0
3342, 134, 75, 395, 0, 0, 26.70%, 0, 0, 4, 258.52, 844566, 558, 0, 0
3348, 134, 187, 395, 0, 0, 26.70%, 0, 0, 4, 281.22, 845856, 558, 0, 0
3353, 134, 294, 395, 0, 0, 26.70%, 0, 0, 4, 284.25, 847061, 558, 0, 0
3358, 134, 370, 395, 0, 0, 26.70%, 0, 0, 4, 284.58, 848276, 558, 0, 0
3363, 135, 48, 395, 0, 0, 26.70%, 0, 0, 4, 289.11, 849441, 558, 0, 0
3368, 135, 150, 395, 0, 0, 26.70%, 0, 0, 4, 289.58, 850736, 558, 0, 0
3373, 135, 229, 395, 0, 0, 26.70%, 0, 0, 4, 40.98, 851946, 558, 0, 0
3378, 135, 346, 395, 0, 0, 26.70%, 0, 0, 4, 269.77, 853196, 558, 0, 0
3384, 135, 389, 395, 0, 0, 26.70%, 0, 0, 4, 283.85, 854466, 558, 0, 0
3389, 136, 70, 395, 0, 0, 26.70%, 0, 0, 4, 282.74, 855736, 558, 0, 0
3394, 136, 156, 395, 0, 0, 26.70%, 0, 0, 4, 261.57, 856946, 558, 0, 0
3399, 136, 202, 395, 0, 0, 26.70%, 0, 0, 4, 289.49, 858196, 558, 0, 0
3404, 136, 279, 395, 0, 0, 26.70%, 0, 0, 4, 295.00, 859392, 558, 0, 0
3409, 136, 360, 395, 0, 0, 26.70%, 0, 0, 4, 289.40, 860646, 558, 0, 0
3414, 137, 4, 395, 0, 0, 26.70%, 0, 0, 4, 262.27, 861851, 558, 0, 0
3419, 137, 113, 395, 0, 0, 26.70%, 0, 0, 4, 242.51, 863116, 558, 0, 0
3424, 137, 220, 395, 0, 0, 26.70%, 0, 0, 4, 270.05, 864346, 558, 0, 0
3430, 137, 305, 395, 0, 0, 26.70%, 0, 0, 4, 258.04, 865651, 558, 0, 0
3435, 137, 373, 395, 0, 0, 26.70%, 0, 0, 4, 287.55, 866871, 558, 0, 0
3440, 138, 75, 395, 0, 0, 26.70%, 0, 0, 4, 266.29, 868091, 558, 0, 0
3445, 138, 180, 395, 0, 0, 26.70%, 0, 0, 4, 249.61, 869298, 558, 0, 0
3450, 138, 273, 395, 0, 0, 26.70%, 0, 0, 4, 289.15, 870581, 558, 0, 0
3455, 138, 339, 395, 0, 0, 26.70%, 0, 0, 4, 253.38, 871746, 558, 0, 0
3460, 138, 392, 395, 0, 0, 26.70%, 0, 0, 4, 221.80, 873018, 558, 0, 0
3465, 139, 107, 395, 0, 0, 26.70%, 0, 0, 4, 288.80, 874306, 558, 0, 0
3471, 139, 198, 395, 0, 0, 26.70%, 0, 0, 4, 282.34, 875596, 558, 0, 0
3476, 139, 273, 395, 0, 0, 26.70%, 0, 0, 4, 291.26, 876856, 558, 0, 0
3481, 139, 353, 395, 0, 0, 26.70%, 0, 0, 4, 294.02, 878101, 558, 0, 0
3486, 140, 13, 395, 0, 0, 26.70%, 0, 0, 4, 128.72, 879294, 558, 0, 0
3491, 140, 113, 395, 0, 0, 26.70%, 0, 0, 4, 284.87, 880556, 558, 0, 0
3496, 140, 198, 395, 0, 0, 26.70%, 0, 0, 4, 287.62, 881841, 558, 0, 0
3501, 140, 327, 395, 0, 0, 26.70%, 0, 0, 4, 293.53, 883000, 558, 0, 0
3507, 140, 392, 395, 0, 0, 26.70%, 0, 0, 4, 292.12, 884286, 558, 0, 0
3512, 141, 93, 395, 0, 0, 26.70%, 0, 0, 4, 300.44, 885562, 558, 0, 0
3517, 141, 182, 395, 0, 0, 26.70%, 0, 0, 4, 266.92, 886796, 558, 0, 0
3522, 141, 263, 395, 0, 0, 26.70%, 0, 0, 4, 259.99, 887991, 558, 0, 0
3527, 141, 352, 395, 0, 0, 26.70%, 0, 0, 4, 268.86, 889231, 558, 0, 0
3532, 141, 392, 395, 0, 0, 26.70%, 0, 0, 4, 276.04, 890456, 558, 0, 0
3537, 142, 76, 395, 0, 0, 26.70%, 0, 0, 4, 284.89, 891706, 558, 0, 0
3542, 142, 169, 395, 0, 0, 26.70%, 0, 0, 4, 292.08, 892900, 558, 0, 0
3547, 142, 220, 395, 0, 0, 26.70%, 0, 0, 4, 289.02, 894146, 558, 0, 0
3552, 142, 336, 395, 0, 0, 26.70%, 0, 0, 4, 271.11, 895401, 558, 0, 0
3558, 142, 384, 395, 0, 0, 26.70%, 0, 0, 4, 279.47, 896661, 558, 0, 0
3563, 143, 111, 395, 0, 0, 26.70%, 0, 0, 4, 293.43, 897846, 558, 0, 0
3568, 143, 248, 395, 0, 0, 26.70%, 0, 0, 4, 122.35, 899153, 558, 0, 0
3573, 143, 361, 395, 0, 0, 26.70%, 0, 0, 4, 248.92, 900406, 558, 0, 0
3578, 144, 58, 395, 0, 0, 26.70%, 0, 0, 4, 301.98, 901617, 558, 0, 0
3583, 144, 175, 395, 0, 0, 26.70%, 0, 0, 4, 278.69, 902931, 558, 0, 0
3588, 144, 264, 395, 0, 0, 26.70%, 0, 0, 4, 238.93, 904183, 558, 0, 0
3593, 144, 360, 395, 0, 0, 26.70%, 0, 0, 4, 30.77, 905351, 558, 0, 0
3598, 145, 29, 395, 0, 0, 26.70%, 0, 0, 4, 292.07, 906586, 558, 0, 0
3604, 145, 161, 395, 0, 0, 26.70%, 0, 0, 4, 253.59, 907896, 558, 0, 0
3609, 145, 248, 395, 0, 0, 26.70%, 0, 0, 4, 293.72, 909166, 558, 0, 0
3614, 145, 335, 395, 0, 0, 26.70%, 0, 0, 4, 43.10, 910316, 558, 0, 0
3619, 145, 391, 395, 0, 0, 26.70%, 0, 0, 4, 295.98, 911571, 558, 0, 0
3624, 146, 82, 395, 0, 0, 26.70%, 0, 0, 4, 297.80, 912851, 558, 0, 0
3629, 146, 177, 395, 0, 0, 26.70%, 0, 0, 4, 290.18, 914096, 558, 0, 0
3634, 146, 294, 395, 0, 0, 26.70%, 0, 0, 4, 32.79, 915281, 558, 0, 0
3639, 146, 362, 395, 0, 0, 26.70%, 0, 0, 4, 270.05, 916551, 558, 0, 0
3644, 147, 30, 395, 0, 0, 26.70%, 0, 0, 4, 271.44, 917801, 558, 0, 0
3649, 147, 154, 395, 0, 0, 26.70%, 0, 0, 4, 288.56, 918989, 558, 0, 0
3654, 147, 198, 395, 0, 0, 26.70%, 0, 0, 4, 272.89, 920251, 558, 0, 0
3659, 147, 305, 395, 0, 0, 26.70%, 0, 0, 4, 281.24, 921521, 558, 0, 0
3665, 147, 373, 395, 0, 0, 26.70%, 0, 0, 4, 274.36, 922761, 558, 0, 0
3670, 148, 51, 395, 0, 0, 26.70%, 0, 0, 4, 39.63, 923869, 558, 0, 0
3675, 148, 113, 395, 0, 0, 26.70%, 0, 0, 4, 200.76, 925147, 558, 0, 0
3680, 148, 220, 395, 0, 0, 26.70%, 0, 0, 4, 247.96, 926425, 558, 0, 0
3685, 148, 331, 395, 0, 0, 26.70%, 0, 0, 4, 288.87, 927691, 558, 0, 0
3690, 148, 390, 395, 0, 0, 26.70%, 0, 0, 4, 257.18, 928940, 558, 0, 0
3695, 149, 90, 395, 0, 0, 26.70%, 0, 0, 4, 172.41, 930091, 558, 0, 0
3700, 149, 187, 395, 0, 0, 26.70%, 0, 0, 4, 282.44, 931346, 558, 0, 0
3705, 149, 327, 395, 0, 0, 26.70%, 0, 0, 4, 291.03, 932591, 558, 0, 0
3710, 149, 385, 395, 0, 0, 26.70%, 0, 0, 4, 55.40, 933771, 558, 0, 0
3716, 150, 90, 395, 0, 0, 26.70%, 0, 0, 4, 244.06, 935033, 558, 0, 0
3721, 150, 177, 395, 0, 0, 26.70%, 0, 0, 4, 248.70, 936293, 558, 0, 0
3726, 150, 271, 395, 0, 0, 26.70%, 0, 0, 4, 279.08, 937541, 558, 0, 0
3731, 150, 343, 395, 0, 0, 26.70%, 0, 0, 4, 286.70, 938811, 558, 0, 0
3736, 151, 5, 395, 0, 0, 26.70%, 0, 0, 4, 264.75, 939996, 558, 0, 0
3741, 151, 76, 395, 0, 0, 26.70%, 0, 0, 4, 293.60, 941241, 558, 0, 0
3746, 151, 177, 395, 0, 0, 26.70%, 0, 0, 4, 184.04, 942515, 558, 0, 0
3751, 151, 294, 395, 0, 0, 26.70%, 0, 0, 4, 278.49, 943786, 558, 0, 0
3756, 151, 370, 395, 0, 0, 26.70%, 0, 0, 4, 293.53, 944935, 558, 0, 0
3761, 152, 78, 395, 0, 0, 26.70%, 0, 0, 4, 256.46, 946231, 558, 0, 0
3767, 152, 175, 395, 0, 0, 26.70%, 0, 0, 4, 289.78, 947501, 558, 0, 0
3772, 152, 269, 395, 0, 0, 26.70%, 0, 0, 4, 268.79, 948696, 558, 0, 0
3777, 152, 361, 395, 0, 0, 26.70%, 0, 0, 4, 268.36, 949990, 558, 0, 0
3782, 153, 56, 395, 0, 0, 26.70%, 0, 0, 4, 275.56, 951236, 558, 0, 0
3787, 153, 156, 395, 0, 0, 26.70%, 0, 0, 4, 263.85, 952401, 558, 0, 0
3792, 153, 221, 395, 0, 0, 26.70%, 0, 0, 4, 295.84, 953656, 558, 0, 0
3797, 153, 317, 395, 0, 0, 26.70%, 0, 0, 4, 269.69, 954890, 558, 0, 0
3802, 153, 376, 395, 0, 0, 26.70%, 0, 0, 4, 282.64, 956101, 558, 0, 0
3807, 154, 78, 395, 0, 0, 26.70%, 0, 0, 4, 40.32, 957256, 558, 0, 0
3812, 154, 180, 395, 0, 0, 26.70%, 0, 0, 4, 284.64, 958566, 558, 0, 0
3817, 154, 286, 395, 0, 0, 26.70%, 0, 0, 4, 244.22, 959819, 558, 0, 0
3823, 154, 373, 395, 0, 0, 26.70%, 0, 0, 4, 269.93, 961096, 558, 0, 0
3828, 155, 51, 395, 0, 0, 26.70%, 0, 0, 4, 287.13, 962244, 558, 0, 0
3833, 155, 160, 395, 0, 0, 26.70%, 0, 0, 4, 240.36, 963523, 558, 0, 0
3838, 155, 279, 395, 0, 0, 26.70%, 0, 0, 4, 293.23, 964811, 558, 0, 0
3843, 155, 352, 395, 0, 0, 26.70%, 0, 0, 4, 30.96, 966016, 558, 0, 0
3849, 155, 390, 395, 0, 0, 26.70%, 0, 0, 4, 206.20, 967302, 558, 0, 0
3854, 156, 54, 395, 0, 0, 26.70%, 0, 0, 4, 294.33, 968561, 558, 0, 0
3859, 156, 175, 395, 0, 0, 26.70%, 0, 0, 4, 286.66, 969831, 558, 0, 0
3864, 156, 273, 395, 0, 0, 26.70%, 0, 0, 4, 46.95, 971010, 558, 0, 0
3869, 156, 362, 395, 0, 0, 26.70%, 0, 0, 4, 226.75, 972288, 558, 0, 0
3874, 157, 51, 395, 0, 0, 26.70%, 0, 0, 4, 284.91, 973543, 558, 0, 0
3879, 157, 107, 395, 0, 0, 26.70%, 0, 0, 4, 288.56, 974742, 558, 0, 0
3884, 157, 222, 395, 0, 0, 26.70%, 0, 0, 4, 291.64, 976013, 558, 0, 0
3890, 157, 329, 395, 0, 0, 26.70%, 0, 0, 4, 290.18, 977192, 558, 0, 0
3895, 157, 387, 395, 0, 0, 26.70%, 0, 0, 4, 286.37, 978433, 558, 0, 0
3900, 158, 84, 395, 0, 0, 26.70%, 0, 0, 4, 297.48, 979608, 558, 0, 0
3905, 158, 175, 395, 0, 0, 26.70%, 0, 0, 4, 35.97, 980808, 558, 0, 0
3910, 158, 254, 395, 0, 0, 26.70%, 0, 0, 4, 288.95, 982063, 558, 0, 0
3915, 158, 337, 395, 0, 0, 26.70%, 0, 0, 4, 31.45, 983208, 558, 0, 0
3920, 158, 392, 395, 0, 0, 26.70%, 0, 0, 4, 250.90, 984418, 558, 0, 0
3926, 159, 90, 395, 0, 0, 26.70%, 0, 0, 4, 267.32, 985653, 558, 0, 0
3931, 159, 187, 395, 0, 0, 26.70%, 0, 0, 4, 237.37, 986812, 558, 0, 0
3936, 159, 294, 395, 0, 0, 26.70%, 0, 0, 4, 30.53, 987992, 558, 0, 0
3941, 159, 371, 395, 0, 0, 26.70%, 0, 0, 4, 193.03, 989240, 558, 0, 0
3946, 160, 76, 395, 0, 0, 26.70%, 0, 0, 4, 286.52, 990473, 558, 0, 0
3951, 160, 160, 395, 0, 0, 26.70%, 0, 0, 4, 291.68, 991728, 558, 0, 0
3957, 160, 221, 395, 0, 0, 26.70%, 0, 0, 4, 293.45, 993023, 558, 0, 0
3962, 160, 336, 395, 0, 0, 26.70%, 0, 0, 4, 248.96, 994254, 558, 0, 0
3967, 160, 388, 395, 0, 0, 26.70%, 0, 0, 4, 292.21, 995438, 558, 0, 0
3972, 161, 89, 395, 0, 0, 26.70%, 0, 0, 4, 255.51, 996588, 558, 0, 0
3977, 161, 173, 395, 0, 0, 26.70%, 0, 0, 4, 283.29, 997863, 558, 0, 0
3982, 161, 279, 395, 0, 0, 26.70%, 0, 0, 4, 286.00, 999158, 558, 0, 0
3987, 161, 361, 395, 0, 0, 26.70%, 0, 0, 4, 285.74, 1000428, 558, 0, 0
3992, 162, 51, 395, 0, 0, 26.70%, 0, 0, 4, 45.27, 1001603, 558, 0, 0
3997, 162, 122, 395, 0, 0, 26.70%, 0, 0, 4, 248.64, 1002901, 558, 0, 0
4003, 162, 220, 395, 0, 0, 26.70%, 0, 0, 4, 248.70, 1004185, 558, 0, 0
4008, 162, 331, 395, 0, 0, 26.70%, 0, 0, 4, 292.55, 1005458, 558, 0, 0
4013, 162, 376, 395, 0, 0, 26.70%, 0, 0, 4, 240.97, 1006729, 558, 0, 0
4018, 163, 75, 395, 0, 0, 26.70%, 0, 0, 4, 30.58, 1007903, 558, 0, 0
4023, 163, 160, 395, 0, 0, 26.70%, 0, 0, 4, 244.81, 1009141, 558, 0, 0
4028, 163, 220, 395, 0, 0, 26.70%, 0, 0, 4, 240.50, 1010445, 558, 0, 0
4033, 163, 318, 395, 0, 0, 26.70%, 0, 0, 4, 287.91, 1011718, 558, 0, 0
4038, 163, 373, 395, 0, 0, 26.70%, 0, 0, 4, 293.53, 1012887, 558, 0, 0
4043, 164, 84, 395, 0, 0, 26.70%, 0, 0, 4, 276.79, 1014153, 558, 0, 0
4049, 164, 187, 395, 0, 0, 26.70%, 0, 0, 4, 288.54, 1015458, 558, 0, 0
4054, 164, 294, 395, 0, 0, 26.70%, 0, 0, 4, 272.94, 1016688, 558, 0, 0
4059, 164, 362, 395, 0, 0, 26.70%, 0, 0, 4, 252.48, 1017832, 558, 0, 0
4064, 165, 25, 395, 0, 0, 26.70%, 0, 0, 4, 287.62, 1019088, 558, 0, 0
4069, 165, 113, 395, 0, 0, 26.70%, 0, 0, 4, 289.20, 1020373, 558, 0, 0
4074, 165, 223, 395, 0, 0, 26.70%, 0, 0, 4, 287.62, 1021663, 558, 0, 0
4079, 165, 309, 395, 0, 0, 26.70%, 0, 0, 4, 249.37, 1022909, 558, 0, 0
4084, 165, 371, 395, 0, 0, 26.70%, 0, 0, 4, 54.96, 1024056, 558, 0, 0
4089, 166, 89, 395, 0, 0, 26.70%, 0, 0, 4, 294.59, 1025343, 558, 0, 0
4094, 166, 216, 395, 0, 0, 26.70%, 0, 0, 4, 290.08, 1026598, 558, 0, 0
4099, 166, 321, 395, 0, 0, 26.70%, 0, 0, 4, 281.13, 1027868, 558, 0, 0
4105, 166, 372, 395, 0, 0, 26.70%, 0, 0, 4, 262.35, 1029048, 558, 0, 0
4110, 167, 103, 395, 0, 0, 26.70%, 0, 0, 4, 296.86, 1030313, 558, 0, 0
4115, 167, 183, 395, 0, 0, 26.70%, 0, 0, 4, 292.52, 1031613, 558, 0, 0
4120, 167, 294, 395, 0, 0, 26.70%, 0, 0, 4, 268.27, 1032893, 558, 0, 0
4125, 167, 362, 395, 0, 0, 26.70%, 0, 0, 4, 261.66, 1034128, 558, 0, 0
4130, 168, 51, 395, 0, 0, 26.70%, 0, 0, 4, 35.97, 1035288, 558, 0, 0
4135, 168, 175, 395, 0, 0, 26.70%, 0, 0, 4, 294.50, 1036588, 558, 0, 0
4140, 168, 248, 395, 0, 0, 26.70%, 0, 0, 4, 287.98, 1037878, 558, 0, 0
4146, 168, 341, 395, 0, 0, 26.70%, 0, 0, 4, 294.44, 1039113, 558, 0, 0
4151, 169, 2, 395, 0, 0, 26.70%, 0, 0, 4, 284.98, 1040333, 558, 0, 0
4156, 169, 108, 395, 0, 0, 26.70%, 0, 0, 4, 260.28, 1041513, 558, 0, 0
4161, 169, 201, 395, 0, 0, 26.70%, 0, 0, 4, 259.57, 1042793, 558, 0, 0
4166, 169, 336, 395, 0, 0, 26.70%, 0, 0, 4, 289.26, 1044078, 558, 0, 0
4171, 169, 373, 395, 0, 0, 26.70%, 0, 0, 4, 281.50, 1045318, 558, 0, 0
4176, 170, 89, 395, 0, 0, 26.70%, 0, 0, 4, 290.00, 1046509, 558, 0, 0
4181, 170, 175, 395, 0, 0, 26.70%, 0, 0, 4, 286.29, 1047758, 558, 0, 0
4186, 170, 273, 395, 0, 0, 26.70%, 0, 0, 4, 285.49, 1049018, 558, 0, 0
4191, 170, 360, 395, 0, 0, 26.70%, 0, 0, 4, 270.12, 1050258, 558, 0, 0
4197, 171, 51, 395, 0, 0, 26.70%, 0, 0, 4, 292.41, 1051543, 558, 0, 0
4202, 171, 117, 395, 0, 0, 26.70%, 0, 0, 4, 281.54, 1052763, 558, 0, 0
4207, 171, 219, 395, 0, 0, 26.70%, 0, 0, 4, 266.86, 1053967, 558, 0, 0
4212, 171, 341, 395, 0, 0, 26.70%, 0, 0, 4, 266.66, 1055213, 558, 0, 0
4217, 171, 391, 395, 0, 0, 26.70%, 0, 0, 4, 290.41, 1056453, 558, 0, 0
4222, 172, 78, 395, 0, 0, 26.70%, 0, 0, 4, 294.39, 1057693, 558, 0, 0
4227, 172, 188, 395, 0, 0, 26.70%, 0, 0, 4, 38.76, 1058903, 558, 0, 0
4232, 172, 291, 395, 0, 0, 26.70%, 0, 0, 4, 260.47, 1060148, 558, 0, 0
4237, 172, 370, 395, 0, 0, 26.70%, 0, 0, 4, 269.02, 1061428, 558, 0, 0
4242, 173, 51, 395, 0, 0, 26.70%, 0, 0, 4, 278.96, 1062668, 558, 0, 0
4247, 173, 122, 395, 0, 0, 26.70%, 0, 0, 4, 290.37, 1063923, 558, 0, 0
4252, 173, 202, 395, 0, 0, 26.70%, 0, 0, 4, 283.63, 1065203, 558, 0, 0
4257, 173, 286, 395, 0, 0, 26.70%, 0, 0, 4, 31.55, 1066373, 558, 0, 0
4262, 173, 349, 395, 0, 0, 26.70%, 0, 0, 4, 277.89, 1067623, 558, 0, 0
4268, 173, 391, 395, 0, 0, 26.70%, 0, 0, 4, 259.04, 1068908, 558, 0, 0
4273, 174, 113, 395, 0, 0, 26.70%, 0, 0, 4, 287.49, 1070163, 558, 0, 0
4278, 174, 217, 395, 0, 0, 26.70%, 0, 0, 4, 259.57, 1071363, 558, 0, 0
4283, 174, 341, 395, 0, 0, 26.70%, 0, 0, 4, 267.55, 1072648, 558, 0, 0
4288, 175, 5, 395, 0, 0, 26.70%, 0, 0, 4, 286.82, 1073928, 558, 0, 0
4293, 175, 113, 395, 0, 0, 26.70%, 0, 0, 4, 30.96, 1075168, 558, 0, 0
4299, 175, 219, 395, 0, 0, 26.70%, 0, 0, 4, 266.95, 1076463, 558, 0, 0
4304, 175, 315, 395, 0, 0, 26.70%, 0, 0, 4, 283.72, 1077748, 558, 0, 0
4309, 175, 371, 395, 0, 0, 26.70%, 0, 0, 4, 253.91, 1078983, 558, 0, 0
4314, 176, 89, 395, 0, 0, 26.70%, 0, 0, 4, 288.93, 1080208, 558, 0, 0
4319, 176, 199, 395, 0, 0, 26.70%, 0, 0, 4, 264.10, 1081378, 558, 0, 0
4324, 176, 313, 395, 0, 0, 26.70%, 0, 0, 4, 278.08, 1082683, 558, 0, 0
4329, 176, 373, 395, 0, 0, 26.70%, 0, 0, 4, 273.52, 1083933, 558, 0, 0
4335, 177, 51, 395, 0, 0, 26.70%, 0, 0, 4, 280.00, 1085114, 558, 0, 0
4340, 177, 161, 395, 0, 0, 26.70%, 0, 0, 4, 285.26, 1086388, 558, 0, 0
4345, 177, 256, 395, 0, 0, 26.70%, 0, 0, 4, 137.08, 1087688, 558, 0, 0
4350, 177, 345, 395, 0, 0, 26.70%, 0, 0, 4, 275.67, 1088918, 558, 0, 0
4355, 177, 389, 395, 0, 0, 26.70%, 0, 0, 4, 264.24, 1090088, 558, 0, 0
4360, 178, 78, 395, 0, 0, 26.70%, 0, 0, 4, 288.88, 1091367, 558, 0, 0
4366, 178, 180, 395, 0, 0, 26.70%, 0, 0, 4, 267.60, 1092663, 558, 0, 0
4371, 178, 279, 395, 0, 0, 26.70%, 0, 0, 4, 299.11, 1093822, 558, 0, 0
4376, 178, 354, 395, 0, 0, 26.70%, 0, 0, 4, 267.03, 1095063, 558, 0, 0
4381, 179, 39, 395, 0, 0, 26.70%, 0, 0, 4, 267.94, 1096334, 558, 0, 0
4386, 179, 160, 395, 0, 0, 26.70%, 0, 0, 4, 264.95, 1097593, 558, 0, 0
4391, 179, 273, 395, 0, 0, 26.70%, 0, 0, 4, 271.32, 1098774, 558, 0, 0
4396, 179, 360, 395, 0, 0, 26.70%, 0, 0, 4, 285.97, 1100049, 558, 0, 0
4401, 180, 51, 395, 0, 0, 26.70%, 0, 0, 4, 291.62, 1101293, 558, 0, 0
4407, 180, 156, 395, 0, 0, 26.70%, 0, 0, 4, 36.63, 1102499, 558, 0, 0
4412, 180, 220, 395, 0, 0, 26.70%, 0, 0, 4, 292.07, 1103759, 558, 0, 0
4417, 180, 341, 395, 0, 0, 26.70%, 0, 0, 4, 291.15, 1105029, 558, 0, 0
4422, 180, 376, 395, 0, 0, 26.70%, 0, 0, 4, 286.06, 1106289, 558, 0, 0
4427, 181, 90, 395, 0, 0, 26.70%, 0, 0, 4, 284.34, 1107504, 558, 0, 0
4432, 181, 194, 395, 0, 0, 26.70%, 0, 0, 4, 31.35, 1108699, 558, 0, 0
4437, 181, 294, 395, 0, 0, 26.70%, 0, 0, 4, 299.27, 1109936, 558, 0, 0
4442, 181, 362, 395, 0, 0, 26.70%, 0, 0, 4, 262.09, 1111189, 558, 0, 0
4447, 182, 54, 395, 0, 0, 26.70%, 0, 0, 4, 292.08, 1112363, 558, 0, 0
4452, 182, 177, 395, 0, 0, 26.70%, 0, 0, 4, 272.39, 1113634, 558, 0, 0
4458, 182, 294, 395, 0, 0, 26.70%, 0, 0, 4, 265.18, 1114924, 558, 0, 0
4463, 182, 370, 395, 0, 0, 26.70%, 0, 0, 4, 280.75, 1116124, 558, 0, 0
4468, 183, 70, 395, 0, 0, 26.70%, 0, 0, 4, 298.25, 1117404, 558, 0, 0
4473, 183, 160, 395, 0, 0, 26.70%, 0, 0, 4, 269.78, 1118659, 558, 0, 0
4478, 183, 248, 395, 0, 0, 26.70%, 0, 0, 4, 39.80, 1119910, 558, 0, 0
4483, 183, 352, 395, 0, 0, 26.70%, 0, 0, 4, 267.45, 1121094, 558, 0, 0
4488, 184, 8, 395, 0, 0, 26.70%, 0, 0, 4, 264.45, 1122379, 558, 0, 0
4493, 184, 124, 395, 0, 0, 26.70%, 0, 0, 4, 292.19, 1123644, 558, 0, 0
4498, 184, 199, 395, 0, 0, 26.70%, 0, 0, 4, 30.58, 1124859, 558, 0, 0
4504, 184, 294, 395, 0, 0, 26.70%, 0, 0, 4, 290.29, 1126129, 558, 0, 0
4509, 184, 373, 395, 0, 0, 26.70%, 0, 0, 4, 258.54, 1127369, 558, 0, 0
4514, 185, 63, 395, 0, 0, 26.70%, 0, 0, 4, 291.06, 1128599, 558, 0, 0
4519, 185, 175, 395, 0, 0, 26.70%, 0, 0, 4, 38.31, 1129859, 558, 0, 0
4524, 185, 279, 395, 0, 0, 26.70%, 0, 0, 4, 289.19, 1131104, 558, 0, 0
4529, 185, 359, 395, 0, 0, 26.70%, 0, 0, 4, 270.20, 1132354, 558, 0, 0
4534, 186, 51, 395, 0, 0, 26.70%, 0, 0, 4, 282.10, 1133589, 558, 0, 0
4539, 186, 160, 395, 0, 0, 26.70%, 0, 0, 4, 38.54, 1134793, 558, 0, 0
4544, 186, 248, 395, 0, 0, 26.70%, 0, 0, 4, 288.46, 1136084, 558, 0, 0
4550, 186, 336, 395, 0, 0, 26.70%, 0, 0, 4, 269.36, 1137364, 558, 0, 0
4555, 186, 376, 395, 0, 0, 26.70%, 0, 0, 4, 284.65, 1138569, 558, 0, 0
4560, 187, 78, 395, 0, 0, 26.70%, 0, 0, 4, 298.05, 1139759, 558, 0, 0
4565, 187, 161, 395, 0, 0, 26.70%, 0, 0, 4, 184.96, 1141046, 558, 0, 0
4570, 187, 273, 395, 0, 0, 26.70%, 0, 0, 4, 256.49, 1142289, 558, 0, 0
4575, 187, 341, 395, 0, 0, 26.70%, 0, 0, 4, 268.08, 1143474, 558, 0, 0
4580, 188, 5, 395, 0, 0, 26.70%, 0, 0, 4, 263.68, 1144646, 558, 0, 0
4585, 188, 157, 395, 0, 0, 26.70%, 0, 0, 4, 293.71, 1145899, 558, 0, 0
4590, 188, 248, 395, 0, 0, 26.70%, 0, 0, 4, 253.39, 1147164, 558, 0, 0
4595, 188, 341, 395, 0, 0, 26.70%, 0, 0, 4, 38.02, 1148329, 558, 0, 0
4600, 189, 5, 395, 0, 0, 26.70%, 0, 0, 4, 290.00, 1149575, 558, 0, 0
4606, 189, 113, 395, 0, 0, 26.70%, 0, 0, 4, 285.14, 1150869, 558, 0, 0
4611, 189, 198, 395, 0, 0, 26.70%, 0, 0, 4, 288.12, 1152144, 558, 0, 0
4616, 189, 305, 395, 0, 0, 26.70%, 0, 0, 4, 277.02, 1153384, 558, 0, 0
4621, 189, 376, 395, 0, 0, 26.70%, 0, 0, 4, 290.59, 1154574, 558, 0, 0
4626, 190, 82, 395, 0, 0, 26.70%, 0, 0, 4, 291.46, 1155849, 558, 0, 0
4631, 190, 187, 395, 0, 0, 26.70%, 0, 0, 4, 287.91, 1157134, 558, 0, 0
4636, 190, 305, 395, 0, 0, 26.70%, 0, 0, 4, 291.75, 1158384, 558, 0, 0
4641, 190, 371, 395, 0, 0, 26.70%, 0, 0, 4, 36.23, 1159564, 558, 0, 0
4646, 191, 77, 395, 0, 0, 26.70%, 0, 0, 4, 292.08, 1160837, 558, 0, 0
4652, 191, 198, 395, 0, 0, 26.70%, 0, 0, 4, 291.63, 1162139, 558, 0, 0
4657, 191, 294, 395, 0, 0, 26.70%, 0, 0, 4, 274.86, 1163439, 558, 0, 0
4662, 191, 371, 395, 0, 0, 26.70%, 0, 0, 4, 286.80, 1164679, 558, 0, 0
4667, 192, 68, 395, 0, 0, 26.70%, 0, 0, 4, 46.22, 1165854, 558, 0, 0
4672, 192, 180, 395, 0, 0, 26.70%, 0, 0, 4, 288.71, 1167159, 558, 0, 0
4677, 192, 286, 395, 0, 0, 26.70%, 0, 0, 4, 274.99, 1168464, 558, 0, 0
4683, 192, 362, 395, 0, 0, 26.70%, 0, 0, 4, 285.79, 1169729, 558, 0, 0
4688, 193, 56, 395, 0, 0, 26.70%, 0, 0, 4, 249.43, 1170976, 558, 0, 0
4693, 193, 160, 395, 0, 0, 26.70%, 0, 0, 4, 297.73, 1172254, 558, 0, 0
4698, 193, 255, 395, 0, 0, 26.70%, 0, 0, 4, 286.66, 1173514, 558, 0, 0
4703, 193, 360, 395, 0, 0, 26.70%, 0, 0, 4, 286.39, 1174729, 558, 0, 0
4708, 194, 9, 395, 0, 0, 26.70%, 0, 0, 4, 269.49, 1175924, 558, 0, 0
4713, 194, 106, 395, 0, 0, 26.70%, 0, 0, 4, 292.08, 1177148, 558, 0, 0
4718, 194, 199, 395, 0, 0, 26.70%, 0, 0, 4, 292.65, 1178394, 558, 0, 0
4723, 194, 279, 395, 0, 0, 26.70%, 0, 0, 4, 290.41, 1179709, 558, 0, 0
4728, 194, 359, 395, 0, 0, 26.70%, 0, 0, 4, 265.32, 1180909, 558, 0, 0
4733, 195, 45, 395, 0, 0, 26.70%, 0, 0, 4, 245.88, 1182059, 558, 0, 0
4738, 195, 113, 395, 0, 0, 26.70%, 0, 0, 4, 107.24, 1183354, 558, 0, 0
4743, 195, 211, 395, 0, 0, 26.70%, 0, 0, 4, 268.93, 1184614, 558, 0, 0
4749, 195, 305, 395, 0, 0, 26.70%, 0, 0, 4, 161.50, 1185907, 558, 0, 0
4754, 195, 373, 395, 0, 0, 26.70%, 0, 0, 4, 297.03, 1187054, 558, 0, 0
4759, 196, 89, 395, 0, 0, 26.70%, 0, 0, 4, 297.89, 1188304, 558, 0, 0
4764, 196, 177, 395, 0, 0, 26.70%, 0, 0, 4, 211.54, 1189556, 558, 0, 0
4769, 196, 279, 395, 0, 0, 26.70%, 0, 0, 4, 289.85, 1190854, 558, 0, 0
4774, 196, 360, 395, 0, 0, 26.70%, 0, 0, 4, 31.35, 1192024, 558, 0, 0
4779, 197, 37, 395, 0, 0, 26.70%, 0, 0, 4, 205.89, 1193260, 558, 0, 0
4784, 197, 116, 395, 0, 0, 26.70%, 0, 0, 4, 269.04, 1194584, 558, 0, 0
4789, 197, 226, 395, 0, 0, 26.70%, 0, 0, 4, 274.61, 1195814, 558, 0, 0
4794, 197, 361, 395, 0, 0, 26.70%, 0, 0, 4, 273.93, 1197074, 558, 0, 0
4799, 198, 55, 395, 0, 0, 26.70%, 0, 0, 4, 298.23, 1198234, 558, 0, 0
4805, 198, 187, 395, 0, 0, 26.70%, 0, 0, 4, 288.98, 1199529, 558, 0, 0
4810, 198, 294, 395, 0, 0, 26.70%, 0, 0, 4, 230.96, 1200732, 558, 0, 0
4815, 198, 371, 395, 0, 0, 26.70%, 0, 0, 4, 273.44, 1201979, 558, 0, 0
4820, 199, 90, 395, 0, 0, 26.70%, 0, 0, 4, 294.47, 1203274, 558, 0, 0
4825, 199, 220, 395, 0, 0, 26.70%, 0, 0, 4, 277.86, 1204519, 558, 0, 0
4830, 199, 336, 395, 0, 0, 26.70%, 0, 0, 4, 288.68, 1205743, 558, 0, 0
4836, 199, 392, 395, 0, 0, 26.70%, 0, 0, 4, 249.71, 1206960, 558, 0, 0
4841, 200, 78, 395, 0, 0, 26.70%, 0, 0, 4, 286.87, 1208229, 558, 0, 0
4846, 200, 177, 395, 0, 0, 26.70%, 0, 0, 4, 254.88, 1209439, 558, 0, 0
4851, 200, 269, 395, 0, 0, 26.70%, 0, 0, 4, 259.16, 1210734, 558, 0, 0
4856, 200, 341, 395, 0, 0, 26.70%, 0, 0, 4, 248.72, 1211939, 558, 0, 0
4861, 201, 7, 395, 0, 0, 26.70%, 0, 0, 4, 287.13, 1213152, 558, 0, 0
4866, 201, 142, 395, 0, 0, 26.70%, 0, 0, 4, 288.81, 1214454, 558, 0, 0
4872, 201, 211, 395, 0, 0, 26.70%, 0, 0, 4, 206.40, 1215752, 558, 0, 0
4877, 201, 305, 395, 0, 0, 26.70%, 0, 0, 4, 277.06, 1216939, 558, 0, 0
4882, 201, 386, 395, 0, 0, 26.70%, 0, 0, 4, 264.72, 1218149, 558, 0, 0
4887, 202, 78, 395, 0, 0, 26.70%, 0, 0, 4, 257.50, 1219359, 558, 0, 0
4892, 202, 180, 395, 0, 0, 26.70%, 0, 0, 4, 35.84, 1220529, 558, 0, 0
4897, 202, 273, 395, 0, 0, 26.70%, 0, 0, 4, 295.05, 1221793, 558, 0, 0
4902, 202, 360, 395, 0, 0, 26.70%, 0, 0, 4, 283.78, 1223069, 558, 0, 0
4907, 203, 51, 395, 0, 0, 26.70%, 0, 0, 4, 251.37, 1224204, 558, 0, 0
4912, 203, 156, 395, 0, 0, 26.70%, 0, 0, 4, 236.08, 1225486, 558, 0, 0
4918, 203, 273, 395, 0, 0, 26.70%, 0, 0, 4, 267.40, 1226779, 558, 0, 0
4923, 203, 352, 395, 0, 0, 26.70%, 0, 0, 4, 261.20, 1228014, 558, 0, 0
4928, 203, 391, 395, 0, 0, 26.70%, 0, 0, 4, 248.98, 1229170, 558, 0, 0
4933, 204, 89, 395, 0, 0, 26.70%, 0, 0, 4, 272.06, 1230454, 558, 0, 0
4938, 204, 180, 395, 0, 0, 26.70%, 0, 0, 4, 280.97, 1231624, 558, 0, 0
4943, 204, 270, 395, 0, 0, 26.70%, 0, 0, 4, 282.73, 1232919, 558, 0, 0
4948, 204, 352, 395, 0, 0, 26.70%, 0, 0, 4, 53.42, 1234099, 558, 0, 0
4953, 204, 391, 395, 0, 0, 26.70%, 0, 0, 4, 274.69, 1235354, 558, 0, 0
4959, 205, 103, 395, 0, 0, 26.70%, 0, 0, 4, 290.34, 1236604, 558, 0, 0
4964, 205, 207, 395, 0, 0, 26.70%, 0, 0, 4, 262.16, 1237869, 558, 0, 0
4969, 205, 294, 395, 0, 0, 26.70%, 0, 0, 4, 274.39, 1239109, 558, 0, 0
4974, 205, 370, 395, 0, 0, 26.70%, 0, 0, 4, 287.29, 1240309, 558, 0, 0
4979, 206, 54, 395, 0, 0, 26.70%, 0, 0, 4, 175.08, 1241559, 558, 0, 0
4984, 206, 177, 395, 0, 0, 26.70%, 0, 0, 4, 289.58, 1242869, 558, 0, 0
4989, 206, 285, 395, 0, 0, 26.70%, 0, 0, 4, 41.67, 1244074, 558, 0, 0
4994, 206, 360, 395, 0, 0, 26.70%, 0, 0, 4, 291.47, 1245319, 558, 0, 0
5000, 207, 51, 395, 0, 0, 26.70%, 0, 0, 4, 257.77, 1246594, 558, 0, 0
5005, 207, 175, 395, 0, 0, 26.70%, 0, 0, 4, 293.36, 1247894, 558, 0, 0
5010, 207, 279, 395, 0, 0, 26.70%, 0, 0, 4, 44.44, 1249049, 558, 0, 0
5015, 207, 362, 395, 0, 0, 26.70%, 0, 0, 4, 286.96, 1250279, 558, 0, 0
5020, 208, 54, 395, 0, 0, 26.70%, 0, 0, 4, 241.86, 1251543, 558, 0, 0
5025, 208, 177, 395, 0, 0, 26.70%, 0, 0, 4, 289.09, 1252794, 558, 0, 0
5030, 208, 248, 395, 0, 0, 26.70%, 0, 0, 4, 284.86, 1254029, 558, 0, 0
5035, 208, 352, 395, 0, 0, 26.70%, 0, 0, 4, 31.67, 1255219, 558, 0, 0
5040, 209, 5, 395, 0, 0, 26.70%, 0, 0, 4, 287.13, 1256514, 558, 0, 0
5045, 209, 146, 395, 0, 0, 26.70%, 0, 0, 4, 270.86, 1257769, 558, 0, 0
5050, 209, 239, 395, 0, 0, 26.70%, 0, 0, 4, 276.29, 1259024, 558, 0, 0
5055, 209, 352, 395, 0, 0, 26.70%, 0, 0, 4, 284.74, 1260264, 558, 0, 0
5061, 210, 51, 395, 0, 0, 26.70%, 0, 0, 4, 37.88, 1261464, 558, 0, 0
5066, 210, 156, 395, 0, 0, 26.70%, 0, 0, 4, 285.12, 1262759, 558, 0, 0
5071, 210, 239, 395, 0, 0, 26.70%, 0, 0, 4, 280.65, 1264054, 558, 0, 0
5076, 210, 336, 395, 0, 0, 26.70%, 0, 0, 4, 287.23, 1265324, 558, 0, 0
5081, 210, 378, 395, 0, 0, 26.70%, 0, 0, 4, 36.10, 1266537, 558, 0, 0
5086, 211, 75, 395, 0, 0, 26.70%, 0, 0, 4, 293.53, 1267739, 558, 0, 0
5092, 211, 175, 395, 0, 0, 26.70%, 0, 0, 4, 229.67, 1269033, 558, 0, 0
5097, 211, 269, 395, 0, 0, 26.70%, 0, 0, 4, 269.07, 1270292, 558, 0, 0
5102, 211, 361, 395, 0, 0, 26.70%, 0, 0, 4, 230.94, 1271533, 558, 0, 0
5107, 212, 5, 395, 0, 0, 26.70%, 0, 0, 4, 268.93, 1272716, 558, 0, 0
5112, 212, 90, 395, 0, 0, 26.70%, 0, 0, 4, 295.38, 1274037, 558, 0, 0
5117, 212, 187, 395, 0, 0, 26.70%, 0, 0, 4, 292.37, 1275292, 558, 0, 0
5122, 212, 302, 395, 0, 0, 26.70%, 0, 0, 4, 40.65, 1276467, 558, 0, 0
5127, 212, 371, 395, 0, 0, 26.70%, 0, 0, 4, 299.97, 1277734, 558, 0, 0
5133, 213, 89, 395, 0, 0, 26.70%, 0, 0, 4, 217.37, 1279016, 558, 0, 0
5138, 213, 198, 395, 0, 0, 26.70%, 0, 0, 4, 275.15, 1280257, 558, 0, 0
5143, 213, 336, 395, 0, 0, 26.70%, 0, 0, 4, 289.73, 1281507, 558, 0, 0
5148, 213, 376, 395, 0, 0, 26.70%, 0, 0, 4, 288.80, 1282687, 558, 0, 0
5153, 214, 75, 395, 0, 0, 26.70%, 0, 0, 4, 298.20, 1283957, 558, 0, 0
5158, 214, 180, 395, 0, 0, 26.70%, 0, 0, 4, 252.82, 1285267, 558, 0, 0
5163, 214, 270, 395, 0, 0, 26.70%, 0, 0, 4, 237.45, 1286440, 558, 0, 0
5168, 214, 338, 395, 0, 0, 26.70%, 0, 0, 4, 292.04, 1287742, 558, 0, 0
5173, 214, 391, 395, 0, 0, 26.70%, 0, 0, 4, 278.81, 1288982, 558, 0, 0
5179, 215, 120, 395, 0, 0, 26.70%, 0, 0, 4, 282.15, 1290282, 558, 0, 0
5184, 215, 220, 395, 0, 0, 26.70%, 0, 0, 4, 292.25, 1291507, 558, 0, 0
5189, 215, 352, 395, 0, 0, 26.70%, 0, 0, 4, 288.92, 1292817, 558, 0, 0
5194, 216, 5, 395, 0, 0, 26.70%, 0, 0, 4, 282.82, 1294052, 558, 0, 0
5199, 216, 113, 395, 0, 0, 26.70%, 0, 0, 4, 40.65, 1295257, 558, 0, 0
5204, 216, 248, 395, 0, 0, 26.70%, 0, 0, 4, 269.09, 1296507, 558, 0, 0
5210, 216, 361, 395, 0, 0, 26.70%, 0, 0, 4, 269.14, 1297817, 558, 0, 0
5215, 217, 75, 395, 0, 0, 26.70%, 0, 0, 4, 294.27, 1299062, 558, 0, 0
5220, 217, 198, 395, 0, 0, 26.70%, 0, 0, 4, 285.99, 1300292, 558, 0, 0
5225, 217, 279, 395, 0, 0, 26.70%, 0, 0, 4, 286.29, 1301507, 558, 0, 0
5230, 217, 341, 395, 0, 0, 26.70%, 0, 0, 4, 292.76, 1302672, 558, 0, 0
5235, 217, 392, 395, 0, 0, 26.70%, 0, 0, 4, 264.20, 1303917, 558, 0, 0
5240, 218, 130, 395, 0, 0, 26.70%, 0, 0, 4, 290.50, 1305212, 558, 0, 0
5245, 218, 219, 395, 0, 0, 26.70%, 0, 0, 4, 282.77, 1306462, 558, 0, 0
5250, 218, 290, 395, 0, 0, 26.70%, 0, 0, 4, 290.64, 1307671, 558, 0, 0
5255, 218, 373, 395, 0, 0, 26.70%, 0, 0, 4, 211.72, 1308913, 558, 0, 0
5260, 219, 78, 395, 0, 0, 26.70%, 0, 0, 4, 289.01, 1310197, 558, 0, 0
5265, 219, 191, 395, 0, 0, 26.70%, 0, 0, 4, 274.34, 1311442, 558, 0, 0
5270, 219, 274, 395, 0, 0, 26.70%, 0, 0, 4, 288.22, 1312642, 558, 0, 0
5275, 219, 360, 395, 0, 0, 26.70%, 0, 0, 4, 230.00, 1313783, 558, 0, 0
5281, 220, 54, 395, 0, 0, 26.70%, 0, 0, 4, 270.34, 1315082, 558, 0, 0
5286, 220, 180, 395, 0, 0, 26.70%, 0, 0, 4, 276.34, 1316387, 558, 0, 0
5291, 220, 305, 395, 0, 0, 26.70%, 0, 0, 4, 49.02, 1317637, 558, 0, 0
5296, 220, 376, 395, 0, 0, 26.70%, 0, 0, 4, 278.61, 1318843, 558, 0, 0
5301, 221, 90, 395, 0, 0, 26.70%, 0, 0, 4, 288.25, 1320092, 558, 0, 0
5306, 221, 199, 395, 0, 0, 26.70%, 0, 0, 4, 291.98, 1321327, 558, 0, 0
5311, 221, 305, 395, 0, 0, 26.70%, 0, 0, 4, 288.95, 1322582, 558, 0, 0
5316, 221, 359, 395, 0, 0, 26.70%, 0, 0, 4, 55.53, 1323712, 558, 0, 0
5321, 222, 38, 395, 0, 0, 26.70%, 0, 0, 4, 263.29, 1325002, 558, 0, 0
5326, 222, 160, 395, 0, 0, 26.70%, 0, 0, 4, 282.28, 1326262, 558, 0, 0
5331, 222, 271, 395, 0, 0, 26.70%, 0, 0, 4, 287.13, 1327440, 558, 0, 0
5337, 222, 341, 395, 0, 0, 26.70%, 0, 0, 4, 286.70, 1328697, 558, 0, 0
5342, 223, 5, 395, 0, 0, 26.70%, 0, 0, 4, 290.99, 1329932, 558, 0, 0
5347, 223, 160, 395, 0, 0, 26.70%, 0, 0, 4, 202.98, 1331181, 558, 0, 0
5352, 223, 279, 395, 0, 0, 26.70%, 0, 0, 4, 280.98, 1332447, 558, 0, 0
5357, 223, 352, 395, 0, 0, 26.70%, 0, 0, 4, 276.02, 1333667, 558, 0, 0
5362, 223, 392, 395, 0, 0, 26.70%, 0, 0, 4, 32.68, 1334802, 558, 0, 0
5367, 224, 90, 395, 0, 0, 26.70%, 0, 0, 4, 289.59, 1336107, 558, 0, 0
5372, 224, 219, 395, 0, 0, 26.70%, 0, 0, 4, 291.06, 1337377, 558, 0, 0
5377, 224, 273, 395, 0, 0, 26.70%, 0, 0, 4, 285.00, 1338544, 558, 0, 0
5383, 224, 360, 395, 0, 0, 26.70%, 0, 0, 4, 267.17, 1339822, 558, 0, 0
5388, 225, 47, 395, 0, 0, 26.70%, 0, 0, 4, 268.55, 1341097, 558, 0, 0
5393, 225, 160, 395, 0, 0, 26.70%, 0, 0, 4, 280.73, 1342372, 558, 0, 0
5398, 225, 253, 395, 0, 0, 26.70%, 0, 0, 4, 167.66, 1343598, 558, 0, 0
5403, 225, 327, 395, 0, 0, 26.70%, 0, 0, 4, 234.21, 1344816, 558, 0, 0
5408, 225, 376, 395, 0, 0, 26.70%, 0, 0, 4, 249.01, 1346080, 558, 0, 0
5413, 226, 78, 395, 0, 0, 26.70%, 0, 0, 4, 39.37, 1347207, 558, 0, 0
5418, 226, 187, 395, 0, 0, 26.70%, 0, 0, 4, 289.27, 1348477, 558, 0, 0
5424, 226, 341, 395, 0, 0, 26.70%, 0, 0, 4, 294.60, 1349767, 558, 0, 0
5429, 227, 5, 395, 0, 0, 26.70%, 0, 0, 4, 260.52, 1350991, 558, 0, 0
5434, 227, 156, 395, 0, 0, 26.70%, 0, 0, 4, 293.34, 1352197, 558, 0, 0
5439, 227, 254, 395, 0, 0, 26.70%, 0, 0, 4, 287.04, 1353491, 558, 0, 0
5444, 227, 360, 395, 0, 0, 26.70%, 0, 0, 4, 258.95, 1354787, 558, 0, 0
5449, 228, 33, 395, 0, 0, 26.70%, 0, 0, 4, 38.30, 1355991, 558, 0, 0
5454, 228, 156, 395, 0, 0, 26.70%, 0, 0, 4, 287.55, 1357277, 558, 0, 0
5460, 228, 248, 395, 0, 0, 26.70%, 0, 0, 4, 297.54, 1358582, 558, 0, 0
5465, 228, 347, 395, 0, 0, 26.70%, 0, 0, 4, 293.15, 1359827, 558, 0, 0
5470, 229, 5, 395, 0, 0, 26.70%, 0, 0, 4, 289.39, 1361077, 558, 0, 0
5475, 229, 156, 395, 0, 0, 26.70%, 0, 0, 4, 35.46, 1362262, 558, 0, 0
5480, 229, 219, 395, 0, 0, 26.70%, 0, 0, 4, 284.24, 1363487, 558, 0, 0
5485, 229, 315, 395, 0, 0, 26.70%, 0, 0, 4, 275.68, 1364742, 558, 0, 0
5490, 229, 362, 395, 0, 0, 26.70%, 0, 0, 4, 251.73, 1365995, 558, 0, 0
5495, 230, 52, 395, 0, 0, 26.70%, 0, 0, 4, 283.05, 1367277, 558, 0, 0
5500, 230, 177, 395, 0, 0, 26.70%, 0, 0, 4, 40.16, 1368492, 558, 0, 0
5505, 230, 269, 395, 0, 0, 26.70%, 0, 0, 4, 273.63, 1369752, 558, 0, 0
5510, 230, 342, 395, 0, 0, 26.70%, 0, 0, 4, 264.25, 1370997, 558, 0, 0
5516, 231, 0, 395, 0, 0, 26.70%, 0, 0, 4, 274.20, 1372266, 558, 0, 0
5521, 231, 111, 395, 0, 0, 26.70%, 0, 0, 4, 298.02, 1373557, 558, 0, 0
5526, 231, 198, 395, 0, 0, 26.70%, 0, 0, 4, 271.56, 1374782, 558, 0, 0
5531, 231, 305, 395, 0, 0, 26.70%, 0, 0, 4, 285.31, 1375952, 558, 0, 0
5536, 231, 362, 395, 0, 0, 26.70%, 0, 0, 4, 285.43, 1377227, 558, 0, 0
5541, 232, 54, 395, 0, 0, 26.70%, 0, 0, 4, 264.23, 1378472, 558, 0, 0
5546, 232, 177, 395, 0, 0, 26.70%, 0, 0, 4, 35.84, 1379707, 558, 0, 0
5551, 232, 286, 395, 0, 0, 26.70%, 0, 0, 4, 284.27, 1380992, 558, 0, 0
5556, 232, 361, 395, 0, 0, 26.70%, 0, 0, 4, 256.40, 1382227, 558, 0, 0
5561, 233, 39, 395, 0, 0, 26.70%, 0, 0, 4, 294.60, 1383517, 558, 0, 0
5567, 233, 151, 395, 0, 0, 26.70%, 0, 0, 4, 45.45, 1384682, 558, 0, 0
5572, 233, 220, 395, 0, 0, 26.70%, 0, 0, 4, 256.38, 1385967, 558, 0, 0
5577, 233, 305, 395, 0, 0, 26.70%, 0, 0, 4, 295.95, 1387222, 558, 0, 0
5582, 233, 373, 395, 0, 0, 26.70%, 0, 0, 4, 294.14, 1388522, 558, 0, 0
5587, 234, 78, 395, 0, 0, 26.70%, 0, 0, 4, 284.33, 1389757, 558, 0, 0
5592, 234, 177, 395, 0, 0, 26.70%, 0, 0, 4, 266.00, 1390977, 558, 0, 0
5597, 234, 286, 395, 0, 0, 26.70%, 0, 0, 4, 282.80, 1392247, 558, 0, 0
5602, 234, 373, 395, 0, 0, 26.70%, 0, 0, 4, 268.75, 1393502, 558, 0, 0
5607, 235, 78, 395, 0, 0, 26.70%, 0, 0, 4, 256.09, 1394737, 558, 0, 0
5612, 235, 175, 395, 0, 0, 26.70%, 0, 0, 4, 274.58, 1395987, 558, 0, 0
5618, 235, 276, 395, 0, 0, 26.70%, 0, 0, 4, 275.69, 1397282, 558, 0, 0
5623, 235, 362, 395, 0, 0, 26.70%, 0, 0, 4, 290.30, 1398537, 558, 0, 0
5628, 236, 53, 395, 0, 0, 26.70%, 0, 0, 4, 267.33, 1399701, 558, 0, 0
5633, 236, 180, 395, 0, 0, 26.70%, 0, 0, 4, 281.31, 1400962, 558, 0, 0
5638, 236, 294, 395, 0, 0, 26.70%, 0, 0, 4, 262.83, 1402222, 558, 0, 0
5643, 236, 362, 395, 0, 0, 26.70%, 0, 0, 4, 284.93, 1403492, 558, 0, 0
5648, 237, 51, 395, 0, 0, 26.70%, 0, 0, 4, 268.24, 1404767, 558, 0, 0
5653, 237, 130, 395, 0, 0, 26.70%, 0, 0, 4, 282.00, 1405982, 558, 0, 0
5658, 237, 220, 395, 0, 0, 26.70%, 0, 0, 4, 44.53, 1407227, 558, 0, 0
5663, 237, 352, 395, 0, 0, 26.70%, 0, 0, 4, 268.27, 1408512, 558, 0, 0
5669, 238, 21, 395, 0, 0, 26.70%, 0, 0, 4, 265.53, 1409792, 558, 0, 0
5674, 238, 137, 395, 0, 0, 26.70%, 0, 0, 4, 289.90, 1411042, 558, 0, 0
5679, 238, 220, 395, 0, 0, 26.70%, 0, 0, 4, 288.50, 1412292, 558, 0, 0
5684, 238, 333, 395, 0, 0, 26.70%, 0, 0, 4, 285.87, 1413577, 558, 0, 0
5689, 238, 391, 395, 0, 0, 26.70%, 0, 0, 4, 276.94, 1414772, 558, 0, 0
5694, 239, 89, 395, 0, 0, 26.70%, 0, 0, 4, 296.67, 1416017, 558, 0, 0
5699, 239, 225, 395, 0, 0, 26.70%, 0, 0, 4, 294.43, 1417322, 558, 0, 0
5704, 239, 352, 395, 0, 0, 26.70%, 0, 0, 4, 176.54, 1418596, 558, 0, 0
5709, 240, 24, 395, 0, 0, 26.70%, 0, 0, 4, 282.16, 1419892, 558, 0, 0
5715, 240, 103, 395, 0, 0, 26.70%, 0, 0, 4, 297.59, 1421187, 558, 0, 0
5720, 240, 198, 395, 0, 0, 26.70%, 0, 0, 4, 287.19, 1422447, 558, 0, 0
5725, 240, 280, 395, 0, 0, 26.70%, 0, 0, 4, 292.42, 1423752, 558, 0, 0
5730, 240, 361, 395, 0, 0, 26.70%, 0, 0, 4, 45.32, 1424997, 558, 0, 0
5735, 241, 51, 395, 0, 0, 26.70%, 0, 0, 4, 254.23, 1426222, 558, 0, 0
5740, 241, 171, 395, 0, 0, 26.70%, 0, 0, 4, 37.17, 1427462, 558, 0, 0
5745, 241, 279, 395, 0, 0, 26.70%, 0, 0, 4, 59.52, 1428726, 558, 0, 0
5750, 241, 366, 395, 0, 0, 26.70%, 0, 0, 4, 276.43, 1430052, 558, 0, 0
5755, 242, 51, 395, 0, 0, 26.70%, 0, 0, 4, 33.56, 1431207, 558, 0, 0
5761, 242, 160, 395, 0, 0, 26.70%, 0, 0, 4, 288.33, 1432512, 558, 0, 0
5766, 242, 265, 395, 0, 0, 26.70%, 0, 0, 4, 269.98, 1433797, 558, 0, 0
5771, 242, 353, 395, 0, 0, 26.70%, 0, 0, 4, 281.77, 1435052, 558, 0, 0
5776, 243, 44, 395, 0, 0, 26.70%, 0, 0, 4, 276.15, 1436332, 558, 0, 0
5781, 243, 175, 395, 0, 0, 26.70%, 0, 0, 4, 281.43, 1437612, 558, 0, 0
5786, 243, 276, 395, 0, 0, 26.70%, 0, 0, 4, 265.11, 1438847, 558, 0, 0
5791, 243, 361, 395, 0, 0, 26.70%, 0, 0, 4, 283.88, 1440122, 558, 0, 0
5797, 244, 27, 395, 0, 0, 26.70%, 0, 0, 4, 229.33, 1441383, 558, 0, 0
5802, 244, 156, 395, 0, 0, 26.70%, 0, 0, 4, 296.10, 1442692, 558, 0, 0
5807, 244, 217, 395, 0, 0, 26.70%, 0, 0, 4, 33.22, 1443907, 558, 0, 0
5812, 244, 348, 395, 0, 0, 26.70%, 0, 0, 4, 266.29, 1445187, 558, 0, 0
5817, 245, 17, 395, 0, 0, 26.70%, 0, 0, 4, 271.02, 1446477, 558, 0, 0
5822, 245, 142, 395, 0, 0, 26.70%, 0, 0, 4, 263.83, 1447742, 558, 0, 0
5827, 245, 222, 395, 0, 0, 26.70%, 0, 0, 4, 264.55, 1449007, 558, 0, 0
5833, 245, 305, 395, 0, 0, 26.70%, 0, 0, 4, 261.92, 1450202, 558, 0, 0
5838, 245, 371, 395, 0, 0, 26.70%, 0, 0, 4, 40.49, 1451437, 558, 0, 0
5843, 246, 59, 395, 0, 0, 26.70%, 0, 0, 4, 293.25, 1452732, 558, 0, 0
5848, 246, 160, 395, 0, 0, 26.70%, 0, 0, 4, 271.32, 1453912, 558, 0, 0
5853, 246, 264, 395, 0, 0, 26.70%, 0, 0, 4, 268.73, 1455162, 558, 0, 0
5858, 246, 350, 395, 0, 0, 26.70%, 0, 0, 4, 259.81, 1456417, 558, 0, 0
5863, 247, 5, 395, 0, 0, 26.70%, 0, 0, 4, 248.53, 1457663, 558, 0, 0
5868, 247, 160, 395, 0, 0, 26.70%, 0, 0, 4, 262.06, 1458932, 558, 0, 0
5873, 247, 273, 395, 0, 0, 26.70%, 0, 0, 4, 35.46, 1460152, 558, 0, 0
5879, 247, 330, 395, 0, 0, 26.70%, 0, 0, 4, 293.69, 1461437, 558, 0, 0
5884, 247, 390, 395, 0, 0, 26.70%, 0, 0, 4, 278.88, 1462677, 558, 0, 0
5889, 248, 70, 395, 0, 0, 26.70%, 0, 0, 4, 297.45, 1463957, 558, 0, 0
5894, 248, 198, 395, 0, 0, 26.70%, 0, 0, 4, 276.87, 1465227, 558, 0, 0
5899, 248, 327, 395, 0, 0, 26.70%, 0, 0, 4, 262.39, 1466482, 558, 0, 0
5905, 248, 373, 395, 0, 0, 26.70%, 0, 0, 4, 124.18, 1467773, 558, 0, 0
5910, 249, 75, 395, 0, 0, 26.70%, 0, 0, 4, 231.16, 1469051, 558, 0, 0
5915, 249, 189, 395, 0, 0, 26.70%, 0, 0, 4, 276.96, 1470327, 558, 0, 0
5920, 249, 296, 395, 0, 0, 26.70%, 0, 0, 4, 290.42, 1471566, 558, 0, 0
5925, 249, 368, 395, 0, 0, 26.70%, 0, 0, 4, 282.51, 1472852, 558, 0, 0
5930, 250, 70, 395, 0, 0, 26.70%, 0, 0, 4, 299.49, 1474127, 558, 0, 0
5935, 250, 177, 395, 0, 0, 26.70%, 0, 0, 4, 248.99, 1475411, 558, 0, 0
5941, 250, 305, 395, 0, 0, 26.70%, 0, 0, 4, 282.56, 1476672, 558, 0, 0
5946, 250, 371, 395, 0, 0, 26.70%, 0, 0, 4, 295.59, 1477966, 558, 0, 0
5951, 251, 72, 395, 0, 0, 26.70%, 0, 0, 4, 50.34, 1479192, 558, 0, 0
5956, 251, 160, 395, 0, 0, 26.70%, 0, 0, 4, 294.99, 1480432, 558, 0, 0
5961, 251, 241, 395, 0, 0, 26.70%, 0, 0, 4, 291.99, 1481717, 558, 0, 0
5966, 251, 336, 395, 0, 0, 26.70%, 0, 0, 4, 287.41, 1482967, 558, 0, 0
5971, 251, 391, 395, 0, 0, 26.70%, 0, 0, 4, 290.68, 1484212, 558, 0, 0
5976, 252, 94, 395, 0, 0, 26.70%, 0, 0, 4, 32.26, 1485427, 558, 0, 0
5982, 252, 180, 395, 0, 0, 26.70%, 0, 0, 4, 288.60, 1486712, 558, 0, 0
5987, 252, 279, 395, 0, 0, 26.70%, 0, 0, 4, 221.34, 1488009, 558, 0, 0
5992, 252, 361, 395, 0, 0, 26.70%, 0, 0, 4, 287.05, 1489252, 558, 0, 0
5997, 253, 9, 395, 0, 0, 26.70%, 0, 0, 4, 254.33, 1490437, 558, 0, 0
6002, 253, 156, 395, 0, 0, 26.70%, 0, 0, 4, 290.00, 1491655, 558, 0, 0
6007, 253, 245, 395, 0, 0, 26.70%, 0, 0, 4, 294.06, 1492912, 558, 0, 0
6012, 253, 305, 395, 0, 0, 26.70%, 0, 0, 4, 281.70, 1494157, 558, 0, 0
6017, 253, 373, 395, 0, 0, 26.70%, 0, 0, 4, 266.56, 1495402, 558, 0, 0
6022, 254, 62, 395, 0, 0, 26.70%, 0, 0, 4, 265.71, 1496591, 558, 0, 0
6028, 254, 133, 395, 0, 0, 26.70%, 0, 0, 4, 259.18, 1497897, 558, 0, 0
6033, 254, 220, 395, 0, 0, 26.70%, 0, 0, 4, 288.69, 1499147, 558, 0, 0
6038, 254, 336, 395, 0, 0, 26.70%, 0, 0, 4, 31.06, 1500377, 558, 0, 0
6043, 254, 377, 395, 0, 0, 26.70%, 0, 0, 4, 294.41, 1501612, 558, 0, 0
6048, 255, 90, 395, 0, 0, 26.70%, 0, 0, 4, 218.90, 1502866, 558, 0, 0
6053, 255, 199, 395, 0, 0, 26.70%, 0, 0, 4, 254.39, 1504157, 558, 0, 0
6058, 255, 286, 395, 0, 0, 26.70%, 0, 0, 4, 265.07, 1505312, 558, 0, 0
6063, 255, 371, 395, 0, 0, 26.70%, 0, 0, 4, 262.19, 1506592, 558, 0, 0
6068, 256, 75, 395, 0, 0, 26.70%, 0, 0, 4, 258.46, 1507832, 558, 0, 0
6074, 256, 177, 395, 0, 0, 26.70%, 0, 0, 4, 277.75, 1509097, 558, 0, 0
6079, 256, 286, 395, 0, 0, 26.70%, 0, 0, 4, 286.31, 1510312, 558, 0, 0
6084, 256, 362, 395, 0, 0, 26.70%, 0, 0, 4, 284.55, 1511597, 558, 0, 0
6089, 257, 75, 395, 0, 0, 26.70%, 0, 0, 4, 288.79, 1512867, 558, 0, 0
6094, 257, 175, 395, 0, 0, 26.70%, 0, 0, 4, 32.79, 1514062, 558, 0, 0
6099, 257, 246, 395, 0, 0, 26.70%, 0, 0, 4, 253.07, 1515347, 558, 0, 0
6104, 257, 336, 395, 0, 0, 26.70%, 0, 0, 4, 291.24, 1516616, 558, 0, 0
6109, 257, 391, 395, 0, 0, 26.70%, 0, 0, 4, 284.35, 1517857, 558, 0, 0
6114, 258, 77, 395, 0, 0, 26.70%, 0, 0, 4, 269.48, 1518997, 558, 0, 0
6120, 258, 171, 395, 0, 0, 26.70%, 0, 0, 4, 287.17, 1520272, 558, 0, 0
6125, 258, 273, 395, 0, 0, 26.70%, 0, 0, 4, 257.37, 1521492, 558, 0, 0
6130, 258, 339, 395, 0, 0, 26.70%, 0, 0, 4, 285.53, 1522742, 558, 0, 0
6135, 258, 392, 395, 0, 0, 26.70%, 0, 0, 4, 248.15, 1523961, 558, 0, 0
6140, 259, 89, 395, 0, 0, 26.70%, 0, 0, 4, 292.08, 1525116, 558, 0, 0
6145, 259, 203, 395, 0, 0, 26.70%, 0, 0, 4, 268.68, 1526377, 558, 0, 0
6150, 259, 320, 395, 0, 0, 26.70%, 0, 0, 4, 290.53, 1527637, 558, 0, 0
6155, 259, 377, 395, 0, 0, 26.70%, 0, 0, 4, 271.27, 1528882, 558, 0, 0
6160, 260, 54, 395, 0, 0, 26.70%, 0, 0, 4, 271.18, 1530117, 558, 0, 0
6165, 260, 160, 395, 0, 0, 26.70%, 0, 0, 4, 276.85, 1531377, 558, 0, 0
6170, 260, 277, 395, 0, 0, 26.70%, 0, 0, 4, 254.02, 1532627, 558, 0, 0
6175, 260, 362, 395, 0, 0, 26.70%, 0, 0, 4, 44.35, 1533760, 558, 0, 0
6180, 261, 42, 395, 0, 0, 26.70%, 0, 0, 4, 289.55, 1535022, 558, 0, 0
6186, 261, 136, 395, 0, 0, 26.70%, 0, 0, 4, 265.03, 1536307, 558, 0, 0
6191, 261, 220, 395, 0, 0, 26.70%, 0, 0, 4, 280.37, 1537582, 558, 0, 0
6196, 261, 310, 395, 0, 0, 26.70%, 0, 0, 4, 272.48, 1538767, 558, 0, 0
6201, 261, 362, 395, 0, 0, 26.70%, 0, 0, 4, 266.45, 1540002, 558, 0, 0
6206, 262, 89, 395, 0, 0, 26.70%, 0, 0, 4, 290.58, 1541257, 558, 0, 0
6211, 262, 187, 395, 0, 0, 26.70%, 0, 0, 4, 288.64, 1542512, 558, 0, 0
6216, 262, 294, 395, 0, 0, 26.70%, 0, 0, 4, 30.30, 1543721, 558, 0, 0
6221, 262, 371, 395, 0, 0, 26.70%, 0, 0, 4, 223.51, 1544945, 558, 0, 0
6226, 263, 90, 395, 0, 0, 26.70%, 0, 0, 4, 295.96, 1546232, 558, 0, 0
6231, 263, 186, 395, 0, 0, 26.70%, 0, 0, 4, 284.63, 1547452, 558, 0, 0
6237, 263, 300, 395, 0, 0, 26.70%, 0, 0, 4, 288.38, 1548757, 558, 0, 0
6242, 263, 362, 395, 0, 0, 26.70%, 0, 0, 4, 260.60, 1549922, 558, 0, 0
6247, 264, 29, 395, 0, 0, 26.70%, 0, 0, 4, 290.08, 1551147, 558, 0, 0
6252, 264, 160, 395, 0, 0, 26.70%, 0, 0, 4, 288.17, 1552407, 558, 0, 0
6257, 264, 248, 395, 0, 0, 26.70%, 0, 0, 4, 256.37, 1553702, 558, 0, 0
6262, 264, 361, 395, 0, 0, 26.70%, 0, 0, 4, 273.00, 1554937, 558, 0, 0
6267, 265, 52, 395, 0, 0, 26.70%, 0, 0, 4, 33.90, 1556147, 558, 0, 0
6272, 265, 172, 395, 0, 0, 26.70%, 0, 0, 4, 156.82, 1557396, 558, 0, 0
6277, 265, 259, 395, 0, 0, 26.70%, 0, 0, 4, 255.00, 1558593, 558, 0, 0
6283, 265, 360, 395, 0, 0, 26.70%, 0, 0, 4, 282.59, 1559877, 558, 0, 0
6288, 266, 8, 395, 0, 0, 26.70%, 0, 0, 4, 260.56, 1561116, 558, 0, 0
6293, 266, 112, 395, 0, 0, 26.70%, 0, 0, 4, 291.88, 1562421, 558, 0, 0
6298, 266, 199, 395, 0, 0, 26.70%, 0, 0, 4, 269.08, 1563687, 558, 0, 0
6303, 266, 294, 395, 0, 0, 26.70%, 0, 0, 4, 40.16, 1564882, 558, 0, 0
6308, 266, 376, 395, 0, 0, 26.70%, 0, 0, 4, 292.79, 1566172, 558, 0, 0
6313, 267, 135, 395, 0, 0, 26.70%, 0, 0, 4, 222.88, 1567475, 558, 0, 0
6318, 267, 220, 395, 0, 0, 26.70%, 0, 0, 4, 285.90, 1568672, 558, 0, 0
6323, 267, 336, 395, 0, 0, 26.70%, 0, 0, 4, 293.20, 1569937, 558, 0, 0
6329, 267, 376, 395, 0, 0, 26.70%, 0, 0, 4, 38.91, 1571117, 558, 0, 0
6334, 268, 90, 395, 0, 0, 26.70%, 0, 0, 4, 290.42, 1572407, 558, 0, 0
6339, 268, 198, 395, 0, 0, 26.70%, 0, 0, 4, 272.37, 1573702, 558, 0, 0
6344, 268, 298, 395, 0, 0, 26.70%, 0, 0, 4, 279.32, 1574987, 558, 0, 0
6349, 268, 373, 395, 0, 0, 26.70%, 0, 0, 4, 44.05, 1576172, 558, 0, 0
6354, 269, 75, 395, 0, 0, 26.70%, 0, 0, 4, 298.51, 1577422, 558, 0, 0
6359, 269, 175, 395, 0, 0, 26.70%, 0, 0, 4, 288.71, 1578712, 558, 0, 0
6364, 269, 258, 395, 0, 0, 26.70%, 0, 0, 4, 261.94, 1579921, 558, 0, 0
6370, 269, 360, 395, 0, 0, 26.70%, 0, 0, 4, 282.92, 1581197, 558, 0, 0
6375, 270, 41, 395, 0, 0, 26.70%, 0, 0, 4, 261.49, 1582397, 558, 0, 0
6380, 270, 156, 395, 0, 0, 26.70%, 0, 0, 4, 286.30, 1583647, 558, 0, 0
6385, 270, 248, 395, 0, 0, 26.70%, 0, 0, 4, 289.11, 1584917, 558, 0, 0
6390, 270, 360, 395, 0, 0, 26.70%, 0, 0, 4, 190.06, 1586148, 558, 0, 0
6395, 271, 34, 395, 0, 0, 26.70%, 0, 0, 4, 281.17, 1587417, 558, 0, 0
6400, 271, 115, 395, 0, 0, 26.70%, 0, 0, 4, 31.06, 1588652, 558, 0, 0
6405, 271, 200, 395, 0, 0, 26.70%, 0, 0, 4, 289.98, 1589912, 558, 0, 0
6411, 271, 336, 395, 0, 0, 26.70%, 0, 0, 4, 283.30, 1591197, 558, 0, 0
6416, 271, 392, 395, 0, 0, 26.70%, 0, 0, 4, 283.37, 1592467, 558, 0, 0
6421, 272, 78, 395, 0, 0, 26.70%, 0, 0, 4, 297.03, 1593662, 558, 0, 0
6426, 272, 194, 395, 0, 0, 26.70%, 0, 0, 4, 286.69, 1594927, 558, 0, 0
6431, 272, 309, 395, 0, 0, 26.70%, 0, 0, 4, 288.33, 1596237, 558, 0, 0
6436, 272, 371, 395, 0, 0, 26.70%, 0, 0, 4, 269.79, 1597447, 558, 0, 0
6441, 273, 78, 395, 0, 0, 26.70%, 0, 0, 4, 36.23, 1598602, 558, 0, 0
6446, 273, 180, 395, 0, 0, 26.70%, 0, 0, 4, 267.94, 1599852, 558, 0, 0
6451, 273, 275, 395, 0, 0, 26.70%, 0, 0, 4, 259.98, 1601157, 558, 0, 0
6457, 273, 360, 395, 0, 0, 26.70%, 0, 0, 4, 288.23, 1602432, 558, 0, 0
6462, 274, 51, 395, 0, 0, 26.70%, 0, 0, 4, 293.53, 1603581, 558, 0, 0
6467, 274, 157, 395, 0, 0, 26.70%, 0, 0, 4, 289.59, 1604827, 558, 0, 0
6472, 274, 248, 395, 0, 0, 26.70%, 0, 0, 4, 241.84, 1606116, 558, 0, 0
6477, 274, 341, 395, 0, 0, 26.70%, 0, 0, 4, 250.73, 1607337, 558, 0, 0
6482, 274, 392, 395, 0, 0, 26.70%, 0, 0, 4, 270.00, 1608516, 558, 0, 0
6487, 275, 113, 395, 0, 0, 26.70%, 0, 0, 4, 291.72, 1609777, 558, 0, 0
6492, 275, 199, 395, 0, 0, 26.70%, 0, 0, 4, 286.09, 1611067, 558, 0, 0
6497, 275, 305, 395, 0, 0, 26.70%, 0, 0, 4, 272.60, 1612267, 558, 0, 0
6502, 275, 370, 395, 0, 0, 26.70%, 0, 0, 4, 291.98, 1613507, 558, 0, 0
6508, 276, 42, 395, 0, 0, 26.70%, 0, 0, 4, 279.66, 1614732, 558, 0, 0
6513, 276, 156, 395, 0, 0, 26.70%, 0, 0, 4, 272.83, 1615997, 558, 0, 0
6518, 276, 220, 395, 0, 0, 26.70%, 0, 0, 4, 255.60, 1617207, 558, 0, 0
6523, 276, 341, 395, 0, 0, 26.70%, 0, 0, 4, 290.57, 1618457, 558, 0, 0
6528, 277, 5, 395, 0, 0, 26.70%, 0, 0, 4, 287.56, 1619737, 558, 0, 0
6533, 277, 113, 395, 0, 0, 26.70%, 0, 0, 4, 288.52, 1620992, 558, 0, 0
6538, 277, 199, 395, 0, 0, 26.70%, 0, 0, 4, 290.64, 1622205, 558, 0, 0
6543, 277, 294, 395, 0, 0, 26.70%, 0, 0, 4, 267.76, 1623497, 558, 0, 0
6548, 277, 370, 395, 0, 0, 26.70%, 0, 0, 4, 270.50, 1624737, 558, 0, 0
6554, 278, 51, 395, 0, 0, 26.70%, 0, 0, 4, 291.79, 1626017, 558, 0, 0
6559, 278, 168, 395, 0, 0, 26.70%, 0, 0, 4, 266.79, 1627207, 558, 0, 0
6564, 278, 273, 395, 0, 0, 26.70%, 0, 0, 4, 273.63, 1628452, 558, 0, 0
6569, 278, 342, 395, 0, 0, 26.70%, 0, 0, 4, 273.29, 1629717, 558, 0, 0
6574, 279, 5, 395, 0, 0, 26.70%, 0, 0, 4, 281.93, 1630977, 558, 0, 0
6579, 279, 115, 395, 0, 0, 26.70%, 0, 0, 4, 289.24, 1632242, 558, 0, 0
6584, 279, 194, 395, 0, 0, 26.70%, 0, 0, 4, 284.15, 1633532, 558, 0, 0
6589, 279, 279, 395, 0, 0, 26.70%, 0, 0, 4, 34.72, 1634737, 558, 0, 0
6594, 279, 361, 395, 0, 0, 26.70%, 0, 0, 4, 287.46, 1636002, 558, 0, 0
6600, 280, 24, 395, 0, 0, 26.70%, 0, 0, 4, 233.65, 1637298, 558, 0, 0
6605, 280, 166, 395, 0, 0, 26.70%, 0, 0, 4, 231.45, 1638574, 558, 0, 0
6610, 280, 273, 395, 0, 0, 26.70%, 0, 0, 4, 34.01, 1639777, 558, 0, 0
6615, 280, 341, 395, 0, 0, 26.70%, 0, 0, 4, 287.03, 1641077, 558, 0, 0
6620, 280, 391, 395, 0, 0, 26.70%, 0, 0, 4, 270.74, 1642337, 558, 0, 0
6625, 281, 113, 395, 0, 0, 26.70%, 0, 0, 4, 290.01, 1643602, 558, 0, 0
6630, 281, 198, 395, 0, 0, 26.70%, 0, 0, 4, 272.18, 1644757, 558, 0, 0
6635, 281, 294, 395, 0, 0, 26.70%, 0, 0, 4, 289.72, 1646017, 558, 0, 0
6640, 281, 373, 395, 0, 0, 26.70%, 0, 0, 4, 287.19, 1647252, 558, 0, 0
6646, 282, 72, 395, 0, 0, 26.70%, 0, 0, 4, 273.33, 1648521, 558, 0, 0
6651, 282, 156, 395, 0, 0, 26.70%, 0, 0, 4, 263.97, 1649667, 558, 0, 0
6656, 282, 220, 395, 0, 0, 26.70%, 0, 0, 4, 297.36, 1650932, 558, 0, 0
6661, 282, 294, 395, 0, 0, 26.70%, 0, 0, 4, 291.25, 1652196, 558, 0, 0
6666, 282, 370, 395, 0, 0, 26.70%, 0, 0, 4, 283.23, 1653462, 558, 0, 0
6671, 283, 61, 395, 0, 0, 26.70%, 0, 0, 4, 290.00, 1654625, 558, 0, 0
6676, 283, 175, 395, 0, 0, 26.70%, 0, 0, 4, 273.19, 1655892, 558, 0, 0
6681, 283, 279, 395, 0, 0, 26.70%, 0, 0, 4, 289.51, 1657182, 558, 0, 0
6686, 283, 360, 395, 0, 0, 26.70%, 0, 0, 4, 43.92, 1658335, 558, 0, 0
6692, 284, 5, 395, 0, 0, 26.70%, 0, 0, 4, 285.98, 1659562, 558, 0, 0
6697, 284, 100, 395, 0, 0, 26.70%, 0, 0, 4, 295.34, 1660867, 558, 0, 0
6702, 284, 220, 395, 0, 0, 26.70%, 0, 0, 4, 278.65, 1662146, 558, 0, 0
6707, 284, 311, 395, 0, 0, 26.70%, 0, 0, 4, 241.92, 1663338, 558, 0, 0
6712, 284, 371, 395, 0, 0, 26.70%, 0, 0, 4, 290.00, 1664540, 558, 0, 0
6717, 285, 75, 395, 0, 0, 26.70%, 0, 0, 4, 284.93, 1665792, 558, 0, 0
6722, 285, 177, 395, 0, 0, 26.70%, 0, 0, 4, 271.98, 1667017, 558, 0, 0
6727, 285, 273, 395, 0, 0, 26.70%, 0, 0, 4, 294.55, 1668257, 558, 0, 0
6732, 285, 360, 395, 0, 0, 26.70%, 0, 0, 4, 263.56, 1669507, 558, 0, 0
6737, 286, 75, 395, 0, 0, 26.70%, 0, 0, 4, 292.77, 1670757, 558, 0, 0
6743, 286, 187, 395, 0, 0, 26.70%, 0, 0, 4, 288.87, 1672027, 558, 0, 0
6748, 286, 289, 395, 0, 0, 26.70%, 0, 0, 4, 298.51, 1673177, 558, 0, 0
6753, 286, 370, 395, 0, 0, 26.70%, 0, 0, 4, 283.46, 1674462, 558, 0, 0
6758, 287, 89, 395, 0, 0, 26.70%, 0, 0, 4, 288.95, 1675692, 558, 0, 0
6763, 287, 198, 395, 0, 0, 26.70%, 0, 0, 4, 265.89, 1676921, 558, 0, 0
6768, 287, 310, 395, 0, 0, 26.70%, 0, 0, 4, 295.00, 1678101, 558, 0, 0
6773, 287, 371, 395, 0, 0, 26.70%, 0, 0, 4, 256.12, 1679317, 558, 0, 0
6778, 288, 90, 395, 0, 0, 26.70%, 0, 0, 4, 280.17, 1680597, 558, 0, 0
6784, 288, 187, 395, 0, 0, 26.70%, 0, 0, 4, 34.01, 1681777, 558, 0, 0
6789, 288, 294, 395, 0, 0, 26.70%, 0, 0, 4, 289.78, 1683047, 558, 0, 0
6794, 288, 373, 395, 0, 0, 26.70%, 0, 0, 4, 286.83, 1684321, 558, 0, 0
6799, 289, 78, 395, 0, 0, 26.70%, 0, 0, 4, 293.12, 1685592, 558, 0, 0
6804, 289, 180, 395, 0, 0, 26.70%, 0, 0, 4, 251.30, 1686767, 558, 0, 0
6809, 289, 322, 395, 0, 0, 26.70%, 0, 0, 4, 286.69, 1688012, 558, 0, 0
6814, 289, 371, 395, 0, 0, 26.70%, 0, 0, 4, 295.00, 1689176, 558, 0, 0
6819, 290, 55, 395, 0, 0, 26.70%, 0, 0, 4, 292.85, 1690427, 558, 0, 0
6825, 290, 148, 395, 0, 0, 26.70%, 0, 0, 4, 244.01, 1691689, 558, 0, 0
6830, 290, 230, 395, 0, 0, 26.70%, 0, 0, 4, 281.12, 1692967, 558, 0, 0
6835, 290, 327, 395, 0, 0, 26.70%, 0, 0, 4, 281.96, 1694097, 558, 0, 0
6840, 290, 391, 395, 0, 0, 26.70%, 0, 0, 4, 282.90, 1695327, 558, 0, 0
6845, 291, 89, 395, 0, 0, 26.70%, 0, 0, 4, 228.31, 1696504, 558, 0, 0
6850, 291, 175, 395, 0, 0, 26.70%, 0, 0, 4, 31.25, 1697642, 558, 0, 0
6855, 291, 230, 395, 0, 0, 26.70%, 0, 0, 4, 254.40, 1698922, 558, 0, 0
6860, 291, 352, 395, 0, 0, 26.70%, 0, 0, 4, 249.87, 1700136, 558, 0, 0
6865, 292, 41, 395, 0, 0, 26.70%, 0, 0, 4, 266.57, 1701407, 558, 0, 0
6871, 292, 150, 395, 0, 0, 26.70%, 0, 0, 4, 290.01, 1702702, 558, 0, 0
6876, 292, 199, 395, 0, 0, 26.70%, 0, 0, 4, 49.26, 1703862, 558, 0, 0
6881, 292, 286, 395, 0, 0, 26.70%, 0, 0, 4, 290.07, 1705137, 558, 0, 0
6886, 292, 368, 395, 0, 0, 26.70%, 0, 0, 4, 261.22, 1706432, 558, 0, 0
6891, 293, 51, 395, 0, 0, 26.70%, 0, 0, 4, 267.19, 1707677, 558, 0, 0
6896, 293, 156, 395, 0, 0, 26.70%, 0, 0, 4, 30.86, 1708857, 558, 0, 0
6901, 293, 220, 395, 0, 0, 26.70%, 0, 0, 4, 247.46, 1710128, 558, 0, 0
6906, 293, 327, 395, 0, 0, 26.70%, 0, 0, 4, 243.26, 1711376, 558, 0, 0
6912, 293, 373, 395, 0, 0, 26.70%, 0, 0, 4, 286.58, 1712667, 558, 0, 0
6917, 294, 81, 395, 0, 0, 26.70%, 0, 0, 4, 290.33, 1713842, 558, 0, 0
6922, 294, 180, 395, 0, 0, 26.70%, 0, 0, 4, 287.33, 1715132, 558, 0, 0
6927, 294, 282, 395, 0, 0, 26.70%, 0, 0, 4, 278.91, 1716427, 558, 0, 0
6932, 294, 352, 395, 0, 0, 26.70%, 0, 0, 4, 39.84, 1717602, 558, 0, 0
6937, 294, 392, 395, 0, 0, 26.70%, 0, 0, 4, 263.17, 1718867, 558, 0, 0
6943, 295, 90, 395, 0, 0, 26.70%, 0, 0, 4, 286.53, 1720137, 558, 0, 0
6948, 295, 199, 395, 0, 0, 26.70%, 0, 0, 4, 283.21, 1721427, 558, 0, 0
6953, 295, 336, 395, 0, 0, 26.70%, 0, 0, 4, 268.66, 1722581, 558, 0, 0
6958, 295, 391, 395, 0, 0, 26.70%, 0, 0, 4, 287.20, 1723817, 558, 0, 0
6963, 296, 89, 395, 0, 0, 26.70%, 0, 0, 4, 287.82, 1725067, 558, 0, 0
6968, 296, 176, 395, 0, 0, 26.70%, 0, 0, 4, 289.29, 1726317, 558, 0, 0
6973, 296, 273, 395, 0, 0, 26.70%, 0, 0, 4, 268.56, 1727502, 558, 0, 0
6978, 296, 342, 395, 0, 0, 26.70%, 0, 0, 4, 288.00, 1728757, 558, 0, 0
6983, 297, 3, 395, 0, 0, 26.70%, 0, 0, 4, 264.76, 1730047, 558, 0, 0
6988, 297, 121, 395, 0, 0, 26.70%, 0, 0, 4, 32.47, 1731202, 558, 0, 0
6993, 297, 220, 395, 0, 0, 26.70%, 0, 0, 4, 258.32, 1732452, 558, 0, 0
6999, 297, 327, 395, 0, 0, 26.70%, 0, 0, 4, 287.55, 1733752, 558, 0, 0
7004, 297, 376, 395, 0, 0, 26.70%, 0, 0, 4, 265.57, 1735022, 558, 0, 0
7009, 298, 78, 395, 0, 0, 26.70%, 0, 0, 4, 33.56, 1736207, 558, 0, 0
7014, 298, 198, 395, 0, 0, 26.70%, 0, 0, 4, 287.52, 1737497, 558, 0, 0
7019, 298, 327, 395, 0, 0, 26.70%, 0, 0, 4, 276.08, 1738757, 558, 0, 0
7024, 298, 376, 395, 0, 0, 26.70%, 0, 0, 4, 276.91, 1739942, 558, 0, 0
7029, 299, 78, 395, 0, 0, 26.70%, 0, 0, 4, 295.00, 1741126, 558, 0, 0
7034, 299, 199, 395, 0, 0, 26.70%, 0, 0, 4, 260.54, 1742362, 558, 0, 0
7039, 299, 295, 395, 0, 0, 26.70%, 0, 0, 4, 279.18, 1743667, 558, 0, 0
7045, 299, 376, 395, 0, 0, 26.70%, 0, 0, 4, 278.81, 1744877, 558, 0, 0
7050, 300, 54, 395, 0, 0, 26.70%, 0, 0, 4, 297.22, 1746092, 558, 0, 0
7055, 300, 177, 395, 0, 0, 26.70%, 0, 0, 4, 291.92, 1747392, 558, 0, 0
7060, 300, 284, 395, 0, 0, 26.70%, 0, 0, 4, 289.85, 1748677, 558, 0, 0
7065, 300, 345, 395, 0, 0, 26.70%, 0, 0, 4, 272.66, 1749912, 558, 0, 0
7070, 300, 393, 395, 0, 0, 26.70%, 0, 0, 4, 256.79, 1751092, 558, 0, 0
7075, 301, 148, 395, 0, 0, 26.70%, 0, 0, 4, 280.53, 1752367, 558, 0, 0
7080, 301, 248, 395, 0, 0, 26.70%, 0, 0, 4, 297.29, 1753662, 558, 0, 0
7086, 301, 341, 395, 0, 0, 26.70%, 0, 0, 4, 272.00, 1754947, 558, 0, 0
7091, 301, 392, 395, 0, 0, 26.70%, 0, 0, 4, 40.32, 1756087, 558, 0, 0
7096, 302, 105, 395, 0, 0, 26.70%, 0, 0, 4, 257.03, 1757377, 558, 0, 0
7101, 302, 198, 395, 0, 0, 26.70%, 0, 0, 4, 283.04, 1758677, 558, 0, 0
7106, 302, 294, 395, 0, 0, 26.70%, 0, 0, 4, 288.10, 1759917, 558, 0, 0
7111, 302, 362, 395, 0, 0, 26.70%, 0, 0, 4, 254.51, 1761087, 558, 0, 0
7116, 303, 78, 395, 0, 0, 26.70%, 0, 0, 4, 298.49, 1762347, 558, 0, 0
7121, 303, 187, 395, 0, 0, 26.70%, 0, 0, 4, 290.69, 1763637, 558, 0, 0
7126, 303, 279, 395, 0, 0, 26.70%, 0, 0, 4, 268.51, 1764857, 558, 0, 0
7131, 303, 360, 395, 0, 0, 26.70%, 0, 0, 4, 283.58, 1766038, 558, 0, 0
7136, 304, 51, 395, 0, 0, 26.70%, 0, 0, 4, 292.26, 1767282, 558, 0, 0
7142, 304, 131, 395, 0, 0, 26.70%, 0, 0, 4, 295.63, 1768587, 558, 0, 0
7147, 304, 202, 395, 0, 0, 26.70%, 0, 0, 4, 280.23, 1769802, 558, 0, 0
7152, 304, 279, 395, 0, 0, 26.70%, 0, 0, 4, 268.24, 1770982, 558, 0, 0
7157, 304, 360, 395, 0, 0, 26.70%, 0, 0, 4, 257.24, 1772237, 558, 0, 0
7162, 305, 51, 395, 0, 0, 26.70%, 0, 0, 4, 273.23, 1773507, 558, 0, 0
7167, 305, 175, 395, 0, 0, 26.70%, 0, 0, 4, 275.43, 1774737, 558, 0, 0
7172, 305, 273, 395, 0, 0, 26.70%, 0, 0, 4, 71.34, 1775996, 558, 0, 0
7177, 305, 348, 395, 0, 0, 26.70%, 0, 0, 4, 284.90, 1777237, 558, 0, 0
7183, 306, 51, 395, 0, 0, 26.70%, 0, 0, 4, 224.36, 1778516, 558, 0, 0
7188, 306, 177, 395, 0, 0, 26.70%, 0, 0, 4, 266.15, 1779777, 558, 0, 0
7193, 306, 273, 395, 0, 0, 26.70%, 0, 0, 4, 269.83, 1780907, 558, 0, 0
7198, 306, 352, 395, 0, 0, 26.70%, 0, 0, 4, 274.86, 1782152, 558, 0, 0
7203, 306, 392, 395, 0, 0, 26.70%, 0, 0, 4, 280.70, 1783327, 558, 0, 0
7208, 307, 114, 395, 0, 0, 26.70%, 0, 0, 4, 31.35, 1784502, 558, 0, 0
7213, 307, 198, 395, 0, 0, 26.70%, 0, 0, 4, 286.26, 1785742, 558, 0, 0
7218, 307, 305, 395, 0, 0, 26.70%, 0, 0, 4, 285.71, 1786900, 558, 0, 0
7223, 307, 368, 395, 0, 0, 26.70%, 0, 0, 4, 284.12, 1788167, 558, 0, 0
7229, 308, 54, 395, 0, 0, 26.70%, 0, 0, 4, 296.70, 1789352, 558, 0, 0
7234, 308, 175, 395, 0, 0, 26.70%, 0, 0, 4, 263.39, 1790587, 558, 0, 0
7239, 308, 243, 395, 0, 0, 26.70%, 0, 0, 4, 276.13, 1791807, 558, 0, 0
7244, 308, 335, 395, 0, 0, 26.70%, 0, 0, 4, 237.61, 1792970, 558, 0, 0
7249, 308, 392, 395, 0, 0, 26.70%, 0, 0, 4, 283.85, 1794192, 558, 0, 0
7254, 309, 90, 395, 0, 0, 26.70%, 0, 0, 4, 32.05, 1795437, 558, 0, 0
7259, 309, 216, 395, 0, 0, 26.70%, 0, 0, 4, 214.95, 1796673, 558, 0, 0
7264, 309, 335, 395, 0, 0, 26.70%, 0, 0, 4, 286.58, 1797932, 558, 0, 0
7270, 309, 387, 395, 0, 0, 26.70%, 0, 0, 4, 31.35, 1799127, 558, 0, 0
7275, 310, 78, 395, 0, 0, 26.70%, 0, 0, 4, 287.38, 1800362, 558, 0, 0
7280, 310, 163, 395, 0, 0, 26.70%, 0, 0, 4, 285.13, 1801572, 558, 0, 0
7285, 310, 248, 395, 0, 0, 26.70%, 0, 0, 4, 282.58, 1802772, 558, 0, 0
7290, 310, 336, 395, 0, 0, 26.70%, 0, 0, 4, 288.02, 1803952, 558, 0, 0
7295, 310, 391, 395, 0, 0, 26.70%, 0, 0, 4, 34.60, 1805117, 558, 0, 0
7300, 311, 90, 395, 0, 0, 26.70%, 0, 0, 4, 292.06, 1806352, 558, 0, 0
7305, 311, 187, 395, 0, 0, 26.70%, 0, 0, 4, 293.53, 1807526, 558, 0, 0
7310, 311, 286, 395, 0, 0, 26.70%, 0, 0, 4, 283.39, 1808747, 558, 0, 0
7316, 311, 362, 395, 0, 0, 26.70%, 0, 0, 4, 243.18, 1809901, 558, 0, 0
7321, 312, 60, 395, 0, 0, 26.70%, 0, 0, 4, 276.46, 1811157, 558, 0, 0
7326, 312, 160, 395, 0, 0, 26.70%, 0, 0, 4, 290.65, 1812377, 558, 0, 0
7331, 312, 234, 395, 0, 0, 26.70%, 0, 0, 4, 272.28, 1813647, 558, 0, 0
7336, 312, 352, 395, 0, 0, 26.70%, 0, 0, 4, 285.01, 1814877, 558, 0, 0
7341, 313, 8, 395, 0, 0, 26.70%, 0, 0, 4, 31.55, 1816032, 558, 0, 0
7346, 313, 125, 395, 0, 0, 26.70%, 0, 0, 4, 275.60, 1817312, 558, 0, 0
7351, 313, 198, 395, 0, 0, 26.70%, 0, 0, 4, 34.60, 1818487, 558, 0, 0
7356, 313, 327, 395, 0, 0, 26.70%, 0, 0, 4, 276.38, 1819727, 558, 0, 0
7361, 313, 387, 395, 0, 0, 26.70%, 0, 0, 4, 288.72, 1820942, 558, 0, 0
7367, 314, 102, 395, 0, 0, 26.70%, 0, 0, 4, 286.65, 1822207, 558, 0, 0
7372, 314, 187, 395, 0, 0, 26.70%, 0, 0, 4, 287.21, 1823397, 558, 0, 0
7377, 314, 290, 395, 0, 0, 26.70%, 0, 0, 4, 272.38, 1824692, 558, 0, 0
7382, 314, 362, 395, 0, 0, 26.70%, 0, 0, 4, 278.71, 1825927, 558, 0, 0
7387, 315, 51, 395, 0, 0, 26.70%, 0, 0, 4, 286.82, 1827182, 558, 0, 0
7392, 315, 156, 395, 0, 0, 26.70%, 0, 0, 4, 284.61, 1828432, 558, 0, 0
7397, 315, 211, 395, 0, 0, 26.70%, 0, 0, 4, 31.37, 1829631, 558, 0, 0
7402, 315, 336, 395, 0, 0, 26.70%, 0, 0, 4, 294.69, 1830907, 558, 0, 0
7407, 315, 392, 395, 0, 0, 26.70%, 0, 0, 4, 105.21, 1832149, 558, 0, 0
7412, 316, 93, 395, 0, 0, 26.70%, 0, 0, 4, 203.42, 1833377, 558, 0, 0
7418, 316, 198, 395, 0, 0, 26.70%, 0, 0, 4, 283.69, 1834642, 558, 0, 0
7423, 316, 294, 395, 0, 0, 26.70%, 0, 0, 4, 286.02, 1835907, 558, 0, 0
7428, 316, 361, 395, 0, 0, 26.70%, 0, 0, 4, 290.00, 1837095, 558, 0, 0
7433, 317, 51, 395, 0, 0, 26.70%, 0, 0, 4, 158.48, 1838344, 558, 0, 0
7438, 317, 153, 395, 0, 0, 26.70%, 0, 0, 4, 287.21, 1839597, 558, 0, 0
7443, 317, 220, 395, 0, 0, 26.70%, 0, 0, 4, 271.17, 1840842, 558, 0, 0
7448, 317, 306, 395, 0, 0, 26.70%, 0, 0, 4, 274.36, 1842082, 558, 0, 0
7453, 317, 370, 395, 0, 0, 26.70%, 0, 0, 4, 31.25, 1843232, 558, 0, 0
7458, 318, 61, 395, 0, 0, 26.70%, 0, 0, 4, 263.66, 1844507, 558, 0, 0
7463, 318, 160, 395, 0, 0, 26.70%, 0, 0, 4, 287.43, 1845822, 558, 0, 0
7468, 318, 251, 395, 0, 0, 26.70%, 0, 0, 4, 273.72, 1847062, 558, 0, 0
7474, 318, 352, 395, 0, 0, 26.70%, 0, 0, 4, 280.53, 1848267, 558, 0, 0
7479, 319, 20, 395, 0, 0, 26.70%, 0, 0, 4, 271.85, 1849517, 558, 0, 0
7484, 319, 160, 395, 0, 0, 26.70%, 0, 0, 4, 293.13, 1850822, 558, 0, 0
7489, 319, 252, 395, 0, 0, 26.70%, 0, 0, 4, 280.79, 1852019, 558, 0, 0
7494, 319, 362, 395, 0, 0, 26.70%, 0, 0, 4, 267.06, 1853283, 558, 0, 0
7500, 320, 51, 395, 0, 0, 26.70%, 0, 0, 4, 268.59, 1854558, 558, 0, 0
7505, 320, 160, 395, 0, 0, 26.70%, 0, 0, 4, 275.88, 1855773, 558, 0, 0
7510, 320, 248, 395, 0, 0, 26.70%, 0, 0, 4, 241.85, 1857014, 558, 0, 0
7515, 320, 347, 395, 0, 0, 26.70%, 0, 0, 4, 260.00, 1858183, 558, 0, 0
7520, 321, 5, 395, 0, 0, 26.70%, 0, 0, 4, 274.70, 1859466, 558, 0, 0
7525, 321, 103, 395, 0, 0, 26.70%, 0, 0, 4, 271.89, 1860711, 558, 0, 0
7530, 321, 198, 395, 0, 0, 26.70%, 0, 0, 4, 287.13, 1861866, 558, 0, 0
7535, 321, 294, 395, 0, 0, 26.70%, 0, 0, 4, 284.68, 1863131, 558, 0, 0
7540, 321, 370, 395, 0, 0, 26.70%, 0, 0, 4, 33.00, 1864276, 558, 0, 0
7545, 322, 89, 395, 0, 0, 26.70%, 0, 0, 4, 290.19, 1865521, 558, 0, 0
7551, 322, 183, 395, 0, 0, 26.70%, 0, 0, 4, 287.85, 1866826, 558, 0, 0
7556, 322, 258, 395, 0, 0, 26.70%, 0, 0, 4, 289.73, 1867986, 558, 0, 0
7561, 322, 341, 395, 0, 0, 26.70%, 0, 0, 4, 291.22, 1869231, 558, 0, 0
7566, 322, 381, 395, 0, 0, 26.70%, 0, 0, 4, 77.81, 1870357, 558, 0, 0
7571, 323, 78, 395, 0, 0, 26.70%, 0, 0, 4, 217.94, 1871603, 558, 0, 0
7576, 323, 160, 395, 0, 0, 26.70%, 0, 0, 4, 245.82, 1872856, 558, 0, 0
7581, 323, 276, 395, 0, 0, 26.70%, 0, 0, 4, 294.12, 1874061, 558, 0, 0
7586, 323, 361, 395, 0, 0, 26.70%, 0, 0, 4, 278.98, 1875241, 558, 0, 0
7591, 324, 75, 395, 0, 0, 26.70%, 0, 0, 4, 262.11, 1876465, 558, 0, 0
7596, 324, 187, 395, 0, 0, 26.70%, 0, 0, 4, 287.13, 1877709, 558, 0, 0
7601, 324, 287, 395, 0, 0, 26.70%, 0, 0, 4, 282.41, 1878981, 558, 0, 0
7606, 324, 361, 395, 0, 0, 26.70%, 0, 0, 4, 37.69, 1880088, 558, 0, 0
7611, 325, 22, 395, 0, 0, 26.70%, 0, 0, 4, 287.85, 1881315, 558, 0, 0
7616, 325, 113, 395, 0, 0, 26.70%, 0, 0, 4, 279.66, 1882581, 558, 0, 0
7621, 325, 248, 395, 0, 0, 26.70%, 0, 0, 4, 255.18, 1883815, 558, 0, 0
7627, 325, 360, 395, 0, 0, 26.70%, 0, 0, 4, 285.95, 1885071, 558, 0, 0
7632, 326, 40, 395, 0, 0, 26.70%, 0, 0, 4, 276.22, 1886261, 558, 0, 0
7637, 326, 155, 395, 0, 0, 26.70%, 0, 0, 4, 286.54, 1887486, 558, 0, 0
7642, 326, 220, 395, 0, 0, 26.70%, 0, 0, 4, 288.98, 1888741, 558, 0, 0
7647, 326, 305, 395, 0, 0, 26.70%, 0, 0, 4, 34.72, 1889966, 558, 0, 0
7652, 326, 370, 395, 0, 0, 26.70%, 0, 0, 4, 254.24, 1891226, 558, 0, 0
7657, 327, 67, 395, 0, 0, 26.70%, 0, 0, 4, 255.04, 1892466, 558, 0, 0
7662, 327, 175, 395, 0, 0, 26.70%, 0, 0, 4, 285.00, 1893663, 558, 0, 0
7668, 327, 273, 395, 0, 0, 26.70%, 0, 0, 4, 111.98, 1894943, 558, 0, 0
7673, 327, 360, 395, 0, 0, 26.70%, 0, 0, 4, 259.81, 1896136, 558, 0, 0
7678, 328, 19, 395, 0, 0, 26.70%, 0, 0, 4, 276.04, 1897321, 558, 0, 0
7683, 328, 109, 395, 0, 0, 26.70%, 0, 0, 4, 31.25, 1898506, 558, 0, 0
7688, 328, 198, 395, 0, 0, 26.70%, 0, 0, 4, 266.35, 1899751, 558, 0, 0
7693, 328, 308, 395, 0, 0, 26.70%, 0, 0, 4, 297.03, 1901026, 558, 0, 0
7698, 328, 376, 395, 0, 0, 26.70%, 0, 0, 4, 209.83, 1902295, 558, 0, 0
7704, 329, 35, 395, 0, 0, 26.70%, 0, 0, 4, 205.04, 1903451, 558, 0, 0
7709, 329, 120, 395, 0, 0, 26.70%, 0, 0, 4, 271.71, 1904756, 558, 0, 0
7714, 329, 220, 395, 0, 0, 26.70%, 0, 0, 4, 272.39, 1906046, 558, 0, 0
7719, 329, 327, 395, 0, 0, 26.70%, 0, 0, 4, 44.25, 1907216, 558, 0, 0
7724, 329, 370, 395, 0, 0, 26.70%, 0, 0, 4, 286.35, 1908481, 558, 0, 0
7729, 330, 60, 395, 0, 0, 26.70%, 0, 0, 4, 256.93, 1909661, 558, 0, 0
7734, 330, 163, 395, 0, 0, 26.70%, 0, 0, 4, 258.78, 1910851, 558, 0, 0
7739, 330, 279, 395, 0, 0, 26.70%, 0, 0, 4, 241.05, 1912092, 558, 0, 0
7745, 330, 342, 395, 0, 0, 26.70%, 0, 0, 4, 32.15, 1913276, 558, 0, 0
7750, 330, 391, 395, 0, 0, 26.70%, 0, 0, 4, 266.91, 1914556, 558, 0, 0
7755, 331, 75, 395, 0, 0, 26.70%, 0, 0, 4, 293.28, 1915846, 558, 0, 0
7760, 331, 175, 395, 0, 0, 26.70%, 0, 0, 4, 36.23, 1917026, 558, 0, 0
7765, 331, 279, 395, 0, 0, 26.70%, 0, 0, 4, 295.80, 1918266, 558, 0, 0
7770, 331, 342, 395, 0, 0, 26.70%, 0, 0, 4, 287.13, 1919419, 558, 0, 0
7775, 331, 392, 395, 0, 0, 26.70%, 0, 0, 4, 280.65, 1920636, 558, 0, 0
7781, 332, 90, 395, 0, 0, 26.70%, 0, 0, 4, 301.86, 1921825, 558, 0, 0
7786, 332, 187, 395, 0, 0, 26.70%, 0, 0, 4, 288.38, 1923056, 558, 0, 0
7791, 332, 294, 395, 0, 0, 26.70%, 0, 0, 4, 272.39, 1924226, 558, 0, 0
7796, 332, 370, 395, 0, 0, 26.70%, 0, 0, 4, 259.16, 1925426, 558, 0, 0
7801, 333, 75, 395, 0, 0, 26.70%, 0, 0, 4, 288.69, 1926641, 558, 0, 0
7806, 333, 180, 395, 0, 0, 26.70%, 0, 0, 4, 283.87, 1927876, 558, 0, 0
7811, 333, 263, 395, 0, 0, 26.70%, 0, 0, 4, 236.22, 1929068, 558, 0, 0
7816, 333, 357, 395, 0, 0, 26.70%, 0, 0, 4, 295.49, 1930321, 558, 0, 0
7821, 334, 4, 395, 0, 0, 26.70%, 0, 0, 4, 263.61, 1931551, 558, 0, 0
7826, 334, 156, 395, 0, 0, 26.70%, 0, 0, 4, 53.43, 1932718, 558, 0, 0
7831, 334, 215, 395, 0, 0, 26.70%, 0, 0, 4, 260.74, 1933956, 558, 0, 0
7836, 334, 360, 395, 0, 0, 26.70%, 0, 0, 4, 288.09, 1935196, 558, 0, 0
7842, 335, 5, 395, 0, 0, 26.70%, 0, 0, 4, 30.41, 1936390, 558, 0, 0
7847, 335, 78, 395, 0, 0, 26.70%, 0, 0, 4, 290.98, 1937661, 558, 0, 0
7852, 335, 187, 395, 0, 0, 26.70%, 0, 0, 4, 286.37, 1938921, 558, 0, 0
7857, 335, 294, 395, 0, 0, 26.70%, 0, 0, 4, 288.30, 1940201, 558, 0, 0
7862, 335, 366, 395, 0, 0, 26.70%, 0, 0, 4, 282.94, 1941421, 558, 0, 0
7867, 336, 43, 395, 0, 0, 26.70%, 0, 0, 4, 290.64, 1942590, 558, 0, 0
7872, 336, 156, 395, 0, 0, 26.70%, 0, 0, 4, 258.96, 1943851, 558, 0, 0
7877, 336, 232, 395, 0, 0, 26.70%, 0, 0, 4, 285.93, 1945111, 558, 0, 0
7882, 336, 319, 395, 0, 0, 26.70%, 0, 0, 4, 242.47, 1946347, 558, 0, 0
7887, 336, 384, 395, 0, 0, 26.70%, 0, 0, 4, 287.13, 1947548, 558, 0, 0
7892, 337, 90, 395, 0, 0, 26.70%, 0, 0, 4, 294.08, 1948846, 558, 0, 0
7898, 337, 198, 395, 0, 0, 26.70%, 0, 0, 4, 201.41, 1950112, 558, 0, 0
7903, 337, 275, 395, 0, 0, 26.70%, 0, 0, 4, 277.73, 1951341, 558, 0, 0
7908, 337, 352, 395, 0, 0, 26.70%, 0, 0, 4, 255.58, 1952571, 558, 0, 0
7913, 338, 51, 395, 0, 0, 26.70%, 0, 0, 4, 259.52, 1953871, 558, 0, 0
7918, 338, 175, 395, 0, 0, 26.70%, 0, 0, 4, 277.89, 1955076, 558, 0, 0
7923, 338, 273, 395, 0, 0, 26.70%, 0, 0, 4, 289.69, 1956341, 558, 0, 0
7928, 338, 360, 395, 0, 0, 26.70%, 0, 0, 4, 268.80, 1957551, 558, 0, 0
7933, 339, 49, 395, 0, 0, 26.70%, 0, 0, 4, 272.33, 1958796, 558, 0, 0
7939, 339, 156, 395, 0, 0, 26.70%, 0, 0, 4, 269.15, 1959981, 558, 0, 0
7944, 339, 220, 395, 0, 0, 26.70%, 0, 0, 4, 269.47, 1961286, 558, 0, 0
7949, 339, 341, 395, 0, 0, 26.70%, 0, 0, 4, 290.96, 1962511, 558, 0, 0
7954, 340, 51, 395, 0, 0, 26.70%, 0, 0, 4, 262.89, 1963731, 558, 0, 0
7959, 340, 169, 395, 0, 0, 26.70%, 0, 0, 4, 289.73, 1964926, 558, 0, 0
7964, 340, 273, 395, 0, 0, 26.70%, 0, 0, 4, 299.49, 1966240, 558, 0, 0
7969, 340, 362, 395, 0, 0, 26.70%, 0, 0, 4, 273.72, 1967476, 558, 0, 0
7974, 341, 33, 395, 0, 0, 26.70%, 0, 0, 4, 32.47, 1968641, 558, 0, 0
7979, 341, 156, 395, 0, 0, 26.70%, 0, 0, 4, 197.75, 1969937, 558, 0, 0
7984, 341, 219, 395, 0, 0, 26.70%, 0, 0, 4, 273.82, 1971186, 558, 0, 0
7990, 341, 327, 395, 0, 0, 26.70%, 0, 0, 4, 291.50, 1972446, 558, 0, 0
7995, 341, 376, 395, 0, 0, 26.70%, 0, 0, 4, 291.94, 1973711, 558, 0, 0
8000, 342, 89, 395, 0, 0, 26.70%, 0, 0, 4, 269.89, 1974871, 558, 0, 0
8005, 342, 187, 395, 0, 0, 26.70%, 0, 0, 4, 292.54, 1976116, 558, 0, 0
8010, 342, 273, 395, 0, 0, 26.70%, 0, 0, 4, 298.42, 1977391, 558, 0, 0
8015, 342, 361, 395, 0, 0, 26.70%, 0, 0, 4, 260.71, 1978581, 558, 0, 0
8020, 343, 5, 395, 0, 0, 26.70%, 0, 0, 4, 263.65, 1979791, 558, 0, 0
8025, 343, 113, 395, 0, 0, 26.70%, 0, 0, 4, 291.44, 1981066, 558, 0, 0
8030, 343, 201, 395, 0, 0, 26.70%, 0, 0, 4, 263.36, 1982316, 558, 0, 0
8035, 343, 352, 395, 0, 0, 26.70%, 0, 0, 4, 264.07, 1983561, 558, 0, 0
8041, 344, 51, 395, 0, 0, 26.70%, 0, 0, 4, 284.24, 1984826, 558, 0, 0
8046, 344, 177, 395, 0, 0, 26.70%, 0, 0, 4, 266.13, 1986096, 558, 0, 0
8051, 344, 279, 395, 0, 0, 26.70%, 0, 0, 4, 264.48, 1987271, 558, 0, 0
8056, 344, 362, 395, 0, 0, 26.70%, 0, 0, 4, 195.05, 1988512, 558, 0, 0
8061, 345, 54, 395, 0, 0, 26.70%, 0, 0, 4, 290.67, 1989766, 558, 0, 0
8066, 345, 118, 395, 0, 0, 26.70%, 0, 0, 4, 268.11, 1991026, 558, 0, 0
8071, 345, 216, 395, 0, 0, 26.70%, 0, 0, 4, 263.81, 1992281, 558, 0, 0
8076, 345, 327, 395, 0, 0, 26.70%, 0, 0, 4, 259.75, 1993491, 558, 0, 0
8081, 345, 391, 395, 0, 0, 26.70%, 0, 0, 4, 274.72, 1994711, 558, 0, 0
8086, 346, 59, 395, 0, 0, 26.70%, 0, 0, 4, 278.46, 1995990, 558, 0, 0
8092, 346, 172, 395, 0, 0, 26.70%, 0, 0, 4, 272.59, 1997286, 558, 0, 0
8097, 346, 240, 395, 0, 0, 26.70%, 0, 0, 4, 51.24, 1998483, 558, 0, 0
8102, 346, 341, 395, 0, 0, 26.70%, 0, 0, 4, 289.00, 1999721, 558, 0, 0
8107, 347, 30, 395, 0, 0, 26.70%, 0, 0, 4, 261.48, 2000941, 558, 0, 0
8112, 347, 177, 395, 0, 0, 26.70%, 0, 0, 4, 278.43, 2002196, 558, 0, 0
8117, 347, 279, 395, 0, 0, 26.70%, 0, 0, 4, 297.12, 2003411, 558, 0, 0
8122, 347, 341, 395, 0, 0, 26.70%, 0, 0, 4, 286.07, 2004686, 558, 0, 0
8127, 347, 390, 395, 0, 0, 26.70%, 0, 0, 4, 35.46, 2005886, 558, 0, 0
8133, 348, 113, 395, 0, 0, 26.70%, 0, 0, 4, 290.81, 2007156, 558, 0, 0
8138, 348, 220, 395, 0, 0, 26.70%, 0, 0, 4, 281.05, 2008401, 558, 0, 0
8143, 348, 305, 395, 0, 0, 26.70%, 0, 0, 4, 288.81, 2009661, 558, 0, 0
8148, 348, 373, 395, 0, 0, 26.70%, 0, 0, 4, 261.22, 2010896, 558, 0, 0
8153, 349, 78, 395, 0, 0, 26.70%, 0, 0, 4, 294.27, 2012136, 558, 0, 0
8158, 349, 180, 395, 0, 0, 26.70%, 0, 0, 4, 34.70, 2013301, 558, 0, 0
8163, 349, 282, 395, 0, 0, 26.70%, 0, 0, 4, 260.24, 2014576, 558, 0, 0
8168, 349, 371, 395, 0, 0, 26.70%, 0, 0, 4, 285.36, 2015811, 558, 0, 0
8174, 350, 89, 395, 0, 0, 26.70%, 0, 0, 4, 267.95, 2016991, 558, 0, 0
8179, 350, 198, 395, 0, 0, 26.70%, 0, 0, 4, 268.23, 2018256, 558, 0, 0
8184, 350, 327, 395, 0, 0, 26.70%, 0, 0, 4, 133.89, 2019513, 558, 0, 0
8189, 350, 376, 395, 0, 0, 26.70%, 0, 0, 4, 274.30, 2020741, 558, 0, 0
8194, 351, 89, 395, 0, 0, 26.70%, 0, 0, 4, 269.42, 2021896, 558, 0, 0
8199, 351, 180, 395, 0, 0, 26.70%, 0, 0, 4, 294.84, 2023186, 558, 0, 0
8204, 351, 273, 395, 0, 0, 26.70%, 0, 0, 4, 288.56, 2024356, 558, 0, 0
8209, 351, 341, 395, 0, 0, 26.70%, 0, 0, 4, 280.59, 2025596, 558, 0, 0
8215, 351, 392, 395, 0, 0, 26.70%, 0, 0, 4, 31.01, 2026745, 558, 0, 0
8220, 352, 78, 395, 0, 0, 26.70%, 0, 0, 4, 294.77, 2027996, 558, 0, 0
8225, 352, 187, 395, 0, 0, 26.70%, 0, 0, 4, 293.26, 2029251, 558, 0, 0
8230, 352, 305, 395, 0, 0, 26.70%, 0, 0, 4, 276.69, 2030526, 558, 0, 0
8235, 352, 373, 395, 0, 0, 26.70%, 0, 0, 4, 270.58, 2031641, 558, 0, 0
8240, 353, 85, 395, 0, 0, 26.70%, 0, 0, 4, 291.98, 2032851, 558, 0, 0
8245, 353, 168, 395, 0, 0, 26.70%, 0, 0, 4, 192.84, 2034134, 558, 0, 0
8250, 353, 220, 395, 0, 0, 26.70%, 0, 0, 4, 250.97, 2035366, 558, 0, 0
8255, 353, 313, 395, 0, 0, 26.70%, 0, 0, 4, 237.25, 2036565, 558, 0, 0
8260, 353, 392, 395, 0, 0, 26.70%, 0, 0, 4, 253.75, 2037846, 558, 0, 0
8265, 354, 126, 395, 0, 0, 26.70%, 0, 0, 4, 248.02, 2039001, 558, 0, 0
8270, 354, 187, 395, 0, 0, 26.70%, 0, 0, 4, 285.43, 2040276, 558, 0, 0
8275, 354, 294, 395, 0, 0, 26.70%, 0, 0, 4, 289.99, 2041571, 558, 0, 0
8281, 354, 362, 395, 0, 0, 26.70%, 0, 0, 4, 145.81, 2042753, 558, 0, 0
8286, 355, 54, 395, 0, 0, 26.70%, 0, 0, 4, 37.74, 2043956, 558, 0, 0
8291, 355, 174, 395, 0, 0, 26.70%, 0, 0, 4, 282.77, 2045221, 558, 0, 0
8296, 355, 237, 395, 0, 0, 26.70%, 0, 0, 4, 255.54, 2046506, 558, 0, 0
8301, 355, 352, 395, 0, 0, 26.70%, 0, 0, 4, 255.70, 2047746, 558, 0, 0
8306, 356, 5, 395, 0, 0, 26.70%, 0, 0, 4, 274.71, 2048961, 558, 0, 0
8311, 356, 143, 395, 0, 0, 26.70%, 0, 0, 4, 276.61, 2050215, 558, 0, 0
8316, 356, 220, 395, 0, 0, 26.70%, 0, 0, 4, 176.74, 2051437, 558, 0, 0
8321, 356, 349, 395, 0, 0, 26.70%, 0, 0, 4, 243.72, 2052704, 558, 0, 0
8326, 356, 393, 395, 0, 0, 26.70%, 0, 0, 4, 266.91, 2053951, 558, 0, 0
8332, 357, 113, 395, 0, 0, 26.70%, 0, 0, 4, 35.97, 2055136, 558, 0, 0
8337, 357, 251, 395, 0, 0, 26.70%, 0, 0, 4, 292.61, 2056421, 558, 0, 0
8342, 357, 336, 395, 0, 0, 26.70%, 0, 0, 4, 285.41, 2057696, 558, 0, 0
8347, 357, 391, 395, 0, 0, 26.70%, 0, 0, 4, 294.02, 2058926, 558, 0, 0
8352, 358, 113, 395, 0, 0, 26.70%, 0, 0, 4, 277.48, 2060201, 558, 0, 0
8357, 358, 198, 395, 0, 0, 26.70%, 0, 0, 4, 47.83, 2061401, 558, 0, 0
8362, 358, 273, 395, 0, 0, 26.70%, 0, 0, 4, 262.12, 2062611, 558, 0, 0
8367, 358, 352, 395, 0, 0, 26.70%, 0, 0, 4, 263.18, 2063846, 558, 0, 0
8372, 359, 35, 395, 0, 0, 26.70%, 0, 0, 4, 280.47, 2065111, 558, 0, 0
8377, 359, 138, 395, 0, 0, 26.70%, 0, 0, 4, 281.43, 2066381, 558, 0, 0
8382, 359, 219, 395, 0, 0, 26.70%, 0, 0, 4, 292.08, 2067590, 558, 0, 0
8388, 359, 327, 395, 0, 0, 26.70%, 0, 0, 4, 271.36, 2068890, 558, 0, 0
8393, 359, 371, 395, 0, 0, 26.70%, 0, 0, 4, 264.71, 2070141, 558, 0, 0
8398, 360, 22, 395, 0, 0, 26.70%, 0, 0, 4, 46.08, 2071286, 558, 0, 0
8403, 360, 160, 395, 0, 0, 26.70%, 0, 0, 4, 288.46, 2072561, 558, 0, 0
8408, 360, 248, 395, 0, 0, 26.70%, 0, 0, 4, 290.83, 2073846, 558, 0, 0
8413, 360, 352, 395, 0, 0, 26.70%, 0, 0, 4, 287.84, 2075086, 558, 0, 0
8418, 361, 33, 395, 0, 0, 26.70%, 0, 0, 4, 267.69, 2076240, 558, 0, 0
8423, 361, 122, 395, 0, 0, 26.70%, 0, 0, 4, 287.88, 2077556, 558, 0, 0
8428, 361, 217, 395, 0, 0, 26.70%, 0, 0, 4, 289.30, 2078851, 558, 0, 0
8433, 361, 305, 395, 0, 0, 26.70%, 0, 0, 4, 264.19, 2080051, 558, 0, 0
8439, 361, 370, 395, 0, 0, 26.70%, 0, 0, 4, 271.77, 2081331, 558, 0, 0
8444, 362, 75, 395, 0, 0, 26.70%, 0, 0, 4, 252.92, 2082601, 558, 0, 0
8449, 362, 180, 395, 0, 0, 26.70%, 0, 0, 4, 217.07, 2083888, 558, 0, 0
8454, 362, 278, 395, 0, 0, 26.70%, 0, 0, 4, 191.12, 2085061, 558, 0, 0
8459, 362, 362, 395, 0, 0, 26.70%, 0, 0, 4, 287.15, 2086306, 558, 0, 0
8464, 363, 51, 395, 0, 0, 26.70%, 0, 0, 4, 262.28, 2087601, 558, 0, 0
8469, 363, 161, 395, 0, 0, 26.70%, 0, 0, 4, 221.22, 2088888, 558, 0, 0
8474, 363, 269, 395, 0, 0, 26.70%, 0, 0, 4, 31.35, 2090076, 558, 0, 0
8480, 363, 361, 395, 0, 0, 26.70%, 0, 0, 4, 279.54, 2091315, 558, 0, 0
8485, 364, 51, 395, 0, 0, 26.70%, 0, 0, 4, 294.17, 2092561, 558, 0, 0
8490, 364, 187, 395, 0, 0, 26.70%, 0, 0, 4, 287.44, 2093821, 558, 0, 0
8495, 364, 277, 395, 0, 0, 26.70%, 0, 0, 4, 279.82, 2095011, 558, 0, 0
8500, 364, 360, 395, 0, 0, 26.70%, 0, 0, 4, 266.74, 2096261, 558, 0, 0
8505, 365, 51, 395, 0, 0, 26.70%, 0, 0, 4, 269.62, 2097536, 558, 0, 0
8510, 365, 180, 395, 0, 0, 26.70%, 0, 0, 4, 276.09, 2098826, 558, 0, 0
8515, 365, 276, 395, 0, 0, 26.70%, 0, 0, 4, 35.46, 2100001, 558, 0, 0
8520, 365, 360, 395, 0, 0, 26.70%, 0, 0, 4, 293.62, 2101271, 558, 0, 0
8525, 366, 54, 395, 0, 0, 26.70%, 0, 0, 4, 290.47, 2102515, 558, 0, 0
8530, 366, 160, 395, 0, 0, 26.70%, 0, 0, 4, 293.98, 2103796, 558, 0, 0
8535, 366, 267, 395, 0, 0, 26.70%, 0, 0, 4, 290.21, 2105056, 558, 0, 0
8541, 366, 352, 395, 0, 0, 26.70%, 0, 0, 4, 44.84, 2106211, 558, 0, 0
8546, 367, 38, 395, 0, 0, 26.70%, 0, 0, 4, 170.81, 2107494, 558, 0, 0
8551, 367, 144, 395, 0, 0, 26.70%, 0, 0, 4, 289.44, 2108811, 558, 0, 0
8556, 367, 198, 395, 0, 0, 26.70%, 0, 0, 4, 278.05, 2110056, 558, 0, 0
8561, 367, 306, 395, 0, 0, 26.70%, 0, 0, 4, 297.88, 2111246, 558, 0, 0
8566, 367, 391, 395, 0, 0, 26.70%, 0, 0, 4, 288.76, 2112481, 558, 0, 0
8571, 368, 113, 395, 0, 0, 26.70%, 0, 0, 4, 265.89, 2113741, 558, 0, 0
8576, 368, 203, 395, 0, 0, 26.70%, 0, 0, 4, 285.81, 2114961, 558, 0, 0
8581, 368, 279, 395, 0, 0, 26.70%, 0, 0, 4, 37.04, 2116165, 558, 0, 0
8586, 368, 360, 395, 0, 0, 26.70%, 0, 0, 4, 94.00, 2117459, 558, 0, 0
8592, 369, 51, 395, 0, 0, 26.70%, 0, 0, 4, 283.89, 2118711, 558, 0, 0
8597, 369, 156, 395, 0, 0, 26.70%, 0, 0, 4, 290.84, 2120011, 558, 0, 0
8602, 369, 248, 395, 0, 0, 26.70%, 0, 0, 4, 272.21, 2121206, 558, 0, 0
8607, 369, 341, 395, 0, 0, 26.70%, 0, 0, 4, 290.40, 2122461, 558, 0, 0
8612, 370, 41, 395, 0, 0, 26.70%, 0, 0, 4, 274.93, 2123761, 558, 0, 0
8617, 370, 122, 395, 0, 0, 26.70%, 0, 0, 4, 286.38, 2125041, 558, 0, 0
8622, 370, 248, 395, 0, 0, 26.70%, 0, 0, 4, 293.53, 2126245, 558, 0, 0
8627, 370, 363, 395, 0, 0, 26.70%, 0, 0, 4, 292.35, 2127476, 558, 0, 0
8632, 371, 40, 395, 0, 0, 26.70%, 0, 0, 4, 294.04, 2128691, 558, 0, 0
8637, 371, 156, 395, 0, 0, 26.70%, 0, 0, 4, 277.74, 2129956, 558, 0, 0
8643, 371, 228, 395, 0, 0, 26.70%, 0, 0, 4, 53.65, 2131121, 558, 0, 0
8648, 371, 352, 395, 0, 0, 26.70%, 0, 0, 4, 286.73, 2132365, 558, 0, 0
8653, 372, 43, 395, 0, 0, 26.70%, 0, 0, 4, 275.66, 2133636, 558, 0, 0
8658, 372, 145, 395, 0, 0, 26.70%, 0, 0, 4, 243.81, 2134901, 558, 0, 0
8663, 372, 220, 395, 0, 0, 26.70%, 0, 0, 4, 277.23, 2136156, 558, 0, 0
8668, 372, 322, 395, 0, 0, 26.70%, 0, 0, 4, 280.93, 2137376, 558, 0, 0
8673, 372, 370, 395, 0, 0, 26.70%, 0, 0, 4, 253.11, 2138596, 558, 0, 0
8678, 373, 48, 395, 0, 0, 26.70%, 0, 0, 4, 295.00, 2139763, 558, 0, 0
8683, 373, 117, 395, 0, 0, 26.70%, 0, 0, 4, 237.77, 2141036, 558, 0, 0
8689, 373, 199, 395, 0, 0, 26.70%, 0, 0, 4, 228.86, 2142234, 558, 0, 0
8694, 373, 305, 395, 0, 0, 26.70%, 0, 0, 4, 248.11, 2143551, 558, 0, 0
8699, 373, 370, 395, 0, 0, 26.70%, 0, 0, 4, 34.48, 2144836, 558, 0, 0
8704, 374, 89, 395, 0, 0, 26.70%, 0, 0, 4, 297.81, 2146106, 558, 0, 0
8709, 374, 195, 395, 0, 0, 26.70%, 0, 0, 4, 265.00, 2147386, 558, 0, 0
8715, 374, 294, 395, 0, 0, 26.70%, 0, 0, 4, 40.16, 2148581, 558, 0, 0
8720, 374, 370, 395, 0, 0, 26.70%, 0, 0, 4, 46.01, 2149841, 558, 0, 0
8725, 375, 59, 395, 0, 0, 26.70%, 0, 0, 4, 289.34, 2151111, 558, 0, 0
8730, 375, 175, 395, 0, 0, 26.70%, 0, 0, 4, 43.67, 2152356, 558, 0, 0
8735, 375, 220, 395, 0, 0, 26.70%, 0, 0, 4, 179.12, 2153596, 558, 0, 0
8740, 375, 327, 395, 0, 0, 26.70%, 0, 0, 4, 240.91, 2154865, 558, 0, 0
8745, 375, 376, 395, 0, 0, 26.70%, 0, 0, 4, 279.29, 2156041, 558, 0, 0
8750, 376, 78, 395, 0, 0, 26.70%, 0, 0, 4, 292.08, 2157275, 558, 0, 0
8755, 376, 177, 395, 0, 0, 26.70%, 0, 0, 4, 285.28, 2158556, 558, 0, 0
8761, 376, 293, 395, 0, 0, 26.70%, 0, 0, 4, 292.16, 2159851, 558, 0, 0
8766, 376, 371, 395, 0, 0, 26.70%, 0, 0, 4, 258.55, 2161051, 558, 0, 0
8771, 377, 90, 395, 0, 0, 26.70%, 0, 0, 4, 289.01, 2162316, 558, 0, 0
8776, 377, 199, 395, 0, 0, 26.70%, 0, 0, 4, 31.25, 2163496, 558, 0, 0
8781, 377, 305, 395, 0, 0, 26.70%, 0, 0, 4, 291.39, 2164741, 558, 0, 0
8786, 377, 376, 395, 0, 0, 26.70%, 0, 0, 4, 273.35, 2166036, 558, 0, 0
8791, 378, 78, 395, 0, 0, 26.70%, 0, 0, 4, 297.03, 2167178, 558, 0, 0
8797, 378, 198, 395, 0, 0, 26.70%, 0, 0, 4, 283.96, 2168471, 558, 0, 0
8802, 378, 294, 395, 0, 0, 26.70%, 0, 0, 4, 265.24, 2169716, 558, 0, 0
8807, 378, 370, 395, 0, 0, 26.70%, 0, 0, 4, 295.74, 2170906, 558, 0, 0
8812, 379, 78, 395, 0, 0, 26.70%, 0, 0, 4, 195.64, 2172156, 558, 0, 0
8817, 379, 199, 395, 0, 0, 26.70%, 0, 0, 4, 288.28, 2173386, 558, 0, 0
8822, 379, 305, 395, 0, 0, 26.70%, 0, 0, 4, 283.98, 2174591, 558, 0, 0
8827, 379, 376, 395, 0, 0, 26.70%, 0, 0, 4, 257.75, 2175821, 558, 0, 0
8832, 380, 93, 395, 0, 0, 26.70%, 0, 0, 4, 272.04, 2177096, 558, 0, 0
8837, 380, 191, 395, 0, 0, 26.70%, 0, 0, 4, 39.68, 2178246, 558, 0, 0
8843, 380, 327, 395, 0, 0, 26.70%, 0, 0, 4, 292.24, 2179536, 558, 0, 0
8848, 380, 392, 395, 0, 0, 26.70%, 0, 0, 4, 278.90, 2180821, 558, 0, 0
8853, 381, 89, 395, 0, 0, 26.70%, 0, 0, 4, 282.92, 2182096, 558, 0, 0
8858, 381, 199, 395, 0, 0, 26.70%, 0, 0, 4, 288.66, 2183316, 558, 0, 0
8863, 381, 286, 395, 0, 0, 26.70%, 0, 0, 4, 190.52, 2184584, 558, 0, 0
8868, 381, 361, 395, 0, 0, 26.70%, 0, 0, 4, 40.72, 2185740, 558, 0, 0
8873, 382, 5, 395, 0, 0, 26.70%, 0, 0, 4, 207.58, 2187017, 558, 0, 0
8879, 382, 113, 395, 0, 0, 26.70%, 0, 0, 4, 282.52, 2188336, 558, 0, 0
8884, 382, 184, 395, 0, 0, 26.70%, 0, 0, 4, 279.55, 2189551, 558, 0, 0
8889, 382, 279, 395, 0, 0, 26.70%, 0, 0, 4, 276.13, 2190786, 558, 0, 0
8894, 382, 360, 395, 0, 0, 26.70%, 0, 0, 4, 285.10, 2192046, 558, 0, 0
8899, 383, 28, 395, 0, 0, 26.70%, 0, 0, 4, 274.59, 2193231, 558, 0, 0
8904, 383, 127, 395, 0, 0, 26.70%, 0, 0, 4, 252.84, 2194463, 558, 0, 0
8909, 383, 248, 395, 0, 0, 26.70%, 0, 0, 4, 277.90, 2195766, 558, 0, 0
8914, 383, 307, 395, 0, 0, 26.70%, 0, 0, 4, 261.61, 2196965, 558, 0, 0
8919, 383, 371, 395, 0, 0, 26.70%, 0, 0, 4, 265.97, 2198156, 558, 0, 0
8924, 384, 63, 395, 0, 0, 26.70%, 0, 0, 4, 263.81, 2199436, 558, 0, 0
8929, 384, 177, 395, 0, 0, 26.70%, 0, 0, 4, 289.60, 2200696, 558, 0, 0
8935, 384, 268, 395, 0, 0, 26.70%, 0, 0, 4, 284.92, 2201996, 558, 0, 0
8940, 384, 316, 395, 0, 0, 26.70%, 0, 0, 4, 296.12, 2203226, 558, 0, 0
8945, 384, 373, 395, 0, 0, 26.70%, 0, 0, 4, 295.05, 2204476, 558, 0, 0
8950, 385, 75, 395, 0, 0, 26.70%, 0, 0, 4, 290.64, 2205741, 558, 0, 0
8955, 385, 180, 395, 0, 0, 26.70%, 0, 0, 4, 201.05, 2206970, 558, 0, 0
8960, 385, 273, 395, 0, 0, 26.70%, 0, 0, 4, 288.56, 2208204, 558, 0, 0
8966, 385, 349, 395, 0, 0, 26.70%, 0, 0, 4, 250.15, 2209470, 558, 0, 0
8971, 385, 394, 395, 0, 0, 26.70%, 0, 0, 4, 285.13, 2210696, 558, 0, 0
8976, 386, 75, 395, 0, 0, 26.70%, 0, 0, 4, 296.98, 2211961, 558, 0, 0
8981, 386, 187, 395, 0, 0, 26.70%, 0, 0, 4, 292.08, 2213115, 558, 0, 0
8986, 386, 295, 395, 0, 0, 26.70%, 0, 0, 4, 289.23, 2214401, 558, 0, 0
8991, 386, 370, 395, 0, 0, 26.70%, 0, 0, 4, 289.32, 2215681, 558, 0, 0
8996, 387, 51, 395, 0, 0, 26.70%, 0, 0, 4, 30.96, 2216856, 558, 0, 0
9001, 387, 175, 395, 0, 0, 26.70%, 0, 0, 4, 291.67, 2218156, 558, 0, 0
9006, 387, 272, 395, 0, 0, 26.70%, 0, 0, 4, 259.55, 2219406, 558, 0, 0
9012, 387, 346, 395, 0, 0, 26.70%, 0, 0, 4, 37.54, 2220601, 558, 0, 0
9017, 387, 392, 395, 0, 0, 26.70%, 0, 0, 4, 206.05, 2221887, 558, 0, 0
9022, 388, 105, 395, 0, 0, 26.70%, 0, 0, 4, 292.61, 2223151, 558, 0, 0
9027, 388, 247, 395, 0, 0, 26.70%, 0, 0, 4, 291.48, 2224426, 558, 0, 0
9032, 388, 305, 395, 0, 0, 26.70%, 0, 0, 4, 292.08, 2225592, 558, 0, 0
9037, 388, 376, 395, 0, 0, 26.70%, 0, 0, 4, 291.98, 2226831, 558, 0, 0
9042, 389, 54, 395, 0, 0, 26.70%, 0, 0, 4, 291.47, 2228046, 558, 0, 0
9047, 389, 125, 395, 0, 0, 26.70%, 0, 0, 4, 290.42, 2229316, 558, 0, 0
9052, 389, 210, 395, 0, 0, 26.70%, 0, 0, 4, 37.45, 2230486, 558, 0, 0
9057, 389, 319, 395, 0, 0, 26.70%, 0, 0, 4, 288.19, 2231761, 558, 0, 0
9062, 389, 376, 395, 0, 0, 26.70%, 0, 0, 4, 289.23, 2233061, 558, 0, 0
9067, 390, 78, 395, 0, 0, 26.70%, 0, 0, 4, 297.03, 2234171, 558, 0, 0
9073, 390, 160, 395, 0, 0, 26.70%, 0, 0, 4, 294.11, 2235451, 558, 0, 0
9078, 390, 273, 395, 0, 0, 26.70%, 0, 0, 4, 203.78, 2236722, 558, 0, 0
9083, 390, 361, 395, 0, 0, 26.70%, 0, 0, 4, 282.18, 2237848, 558, 0, 0
9088, 391, 16, 395, 0, 0, 26.70%, 0, 0, 4, 282.77, 2239096, 558, 0, 0
9093, 391, 156, 395, 0, 0, 26.70%, 0, 0, 4, 278.62, 2240326, 558, 0, 0
9098, 391, 237, 395, 0, 0, 26.70%, 0, 0, 4, 280.55, 2241591, 558, 0, 0
9103, 391, 356, 395, 0, 0, 26.70%, 0, 0, 4, 293.17, 2242756, 558, 0, 0
9108, 392, 16, 395, 0, 0, 26.70%, 0, 0, 4, 47.39, 2243991, 558, 0, 0
9113, 392, 155, 395, 0, 0, 26.70%, 0, 0, 4, 280.01, 2245316, 558, 0, 0
9118, 392, 231, 395, 0, 0, 26.70%, 0, 0, 4, 44.44, 2246491, 558, 0, 0
9123, 392, 340, 395, 0, 0, 26.70%, 0, 0, 4, 273.41, 2247751, 558, 0, 0
9129, 392, 392, 395, 0, 0, 26.70%, 0, 0, 4, 277.47, 2249021, 558, 0, 0
9134, 393, 89, 395, 0, 0, 26.70%, 0, 0, 4, 38.61, 2250231, 558, 0, 0
9139, 393, 198, 395, 0, 0, 26.70%, 0, 0, 4, 297.15, 2251515, 558, 0, 0
9144, 393, 294, 395, 0, 0, 26.70%, 0, 0, 4, 290.48, 2252776, 558, 0, 0
9149, 393, 361, 395, 0, 0, 26.70%, 0, 0, 4, 45.45, 2253966, 558, 0, 0
9154, 394, 46, 395, 0, 0, 26.70%, 0, 0, 4, 290.00, 2255154, 558, 0, 0
9159, 394, 175, 395, 0, 0, 26.70%, 0, 0, 4, 290.12, 2256456, 558, 0, 0
9164, 394, 234, 395, 0, 0, 26.70%, 0, 0, 4, 255.72, 2257621, 558, 0, 0
9170, 394, 341, 395, 0, 0, 26.70%, 0, 0, 4, 290.22, 2258976, 558, 0, 0
9175, 394, 390, 395, 0, 0, 26.70%, 0, 0, 4, 293.80, 2260131, 558, 0, 0
9180, 395, 78, 395, 0, 0, 26.70%, 0, 0, 4, 265.09, 2261396, 558, 0, 0
9185, 395, 172, 395, 0, 0, 26.70%, 0, 0, 4, 286.63, 2262641, 558, 0, 0
9190, 395, 248, 395, 0, 0, 26.70%, 0, 0, 4, 288.46, 2263876, 558, 0, 0
9195, 395, 341, 395, 0, 0, 26.70%, 0, 0, 4, 287.51, 2265151, 558, 0, 0
9200, 395, 391, 395, 0, 0, 26.70%, 0, 0, 4, 34.97, 2266316, 558, 0, 0
9206, 396, 90, 395, 0, 0, 26.70%, 0, 0, 4, 294.72, 2267561, 558, 0, 0
9211, 396, 199, 395, 0, 0, 26.70%, 0, 0, 4, 258.48, 2268816, 558, 0, 0
9216, 396, 314, 395, 0, 0, 26.70%, 0, 0, 4, 292.07, 2269956, 558, 0, 0
9221, 396, 376, 395, 0, 0, 26.70%, 0, 0, 4, 257.39, 2271216, 558, 0, 0
9226, 397, 113, 395, 0, 0, 26.70%, 0, 0, 4, 277.17, 2272436, 558, 0, 0
9231, 397, 198, 395, 0, 0, 26.70%, 0, 0, 4, 290.61, 2273661, 558, 0, 0
9236, 397, 334, 395, 0, 0, 26.70%, 0, 0, 4, 286.92, 2274896, 558, 0, 0
9241, 397, 380, 395, 0, 0, 26.70%, 0, 0, 4, 31.35, 2276051, 558, 0, 0
9246, 398, 93, 395, 0, 0, 26.70%, 0, 0, 4, 296.77, 2277261, 558, 0, 0
9251, 398, 204, 395, 0, 0, 26.70%, 0, 0, 4, 289.31, 2278536, 558, 0, 0
9257, 398, 327, 395, 0, 0, 26.70%, 0, 0, 4, 292.08, 2279700, 558, 0, 0
9262, 398, 392, 395, 0, 0, 26.70%, 0, 0, 4, 291.27, 2280971, 558, 0, 0
9267, 399, 95, 395, 0, 0, 26.70%, 0, 0, 4, 291.38, 2282226, 558, 0, 0
9272, 399, 187, 395, 0, 0, 26.70%, 0, 0, 4, 288.57, 2283471, 558, 0, 0
9277, 399, 289, 395, 0, 0, 26.70%, 0, 0, 4, 291.46, 2284686, 558, 0, 0
9282, 399, 373, 395, 0, 0, 26.70%, 0, 0, 4, 270.67, 2285931, 558, 0, 0
9287, 400, 89, 395, 0, 0, 26.70%, 0, 0, 4, 257.47, 2287181, 558, 0, 0
9292, 400, 180, 395, 0, 0, 26.70%, 0, 0, 4, 243.78, 2288405, 558, 0, 0
9297, 400, 280, 395, 0, 0, 26.70%, 0, 0, 4, 247.59, 2289647, 558, 0, 0
9303, 400, 361, 395, 0, 0, 26.70%, 0, 0, 4, 254.14, 2290936, 558, 0, 0
9308, 401, 54, 395, 0, 0, 26.70%, 0, 0, 4, 268.34, 2292201, 558, 0, 0
9313, 401, 142, 395, 0, 0, 26.70%, 0, 0, 4, 287.04, 2293386, 558, 0, 0
9318, 401, 199, 395, 0, 0, 26.70%, 0, 0, 4, 292.65, 2294641, 558, 0, 0
9323, 401, 341, 395, 0, 0, 26.70%, 0, 0, 4, 286.29, 2295896, 558, 0, 0
9328, 401, 375, 395, 0, 0, 26.70%, 0, 0, 4, 287.61, 2297141, 558, 0, 0
9333, 402, 78, 395, 0, 0, 26.70%, 0, 0, 4, 242.02, 2298336, 558, 0, 0
9338, 402, 187, 395, 0, 0, 26.70%, 0, 0, 4, 287.41, 2299576, 558, 0, 0
9343, 402, 305, 395, 0, 0, 26.70%, 0, 0, 4, 283.54, 2300831, 558, 0, 0
9349, 402, 369, 395, 0, 0, 26.70%, 0, 0, 4, 269.24, 2302086, 558, 0, 0
9354, 403, 51, 395, 0, 0, 26.70%, 0, 0, 4, 31.95, 2303261, 558, 0, 0
9359, 403, 160, 395, 0, 0, 26.70%, 0, 0, 4, 184.54, 2304532, 558, 0, 0
9364, 403, 258, 395, 0, 0, 26.70%, 0, 0, 4, 264.86, 2305776, 558, 0, 0
9369, 403, 336, 395, 0, 0, 26.70%, 0, 0, 4, 251.77, 2307046, 558, 0, 0
9374, 403, 391, 395, 0, 0, 26.70%, 0, 0, 4, 274.42, 2308241, 558, 0, 0
9379, 404, 156, 395, 0, 0, 26.70%, 0, 0, 4, 281.65, 2309561, 558, 0, 0
9384, 404, 232, 395, 0, 0, 26.70%, 0, 0, 4, 39.68, 2310736, 558, 0, 0
9390, 404, 327, 395, 0, 0, 26.70%, 0, 0, 4, 272.74, 2312040, 558, 0, 0
9395, 404, 392, 395, 0, 0, 26.70%, 0, 0, 4, 290.98, 2313291, 558, 0, 0
9400, 405, 90, 395, 0, 0, 26.70%, 0, 0, 4, 260.29, 2314496, 558, 0, 0
9405, 405, 194, 395, 0, 0, 26.70%, 0, 0, 4, 269.02, 2315740, 558, 0, 0
9410, 405, 279, 395, 0, 0, 26.70%, 0, 0, 4, 274.91, 2317011, 558, 0, 0
9415, 405, 361, 395, 0, 0, 26.70%, 0, 0, 4, 261.98, 2318181, 558, 0, 0
9420, 406, 51, 395, 0, 0, 26.70%, 0, 0, 4, 263.39, 2319406, 558, 0, 0
9425, 406, 113, 395, 0, 0, 26.70%, 0, 0, 4, 290.23, 2320666, 558, 0, 0
9430, 406, 187, 395, 0, 0, 26.70%, 0, 0, 4, 265.18, 2321826, 558, 0, 0
9436, 406, 327, 395, 0, 0, 26.70%, 0, 0, 4, 304.17, 2323070, 558, 0, 0
9441, 407, 5, 395, 0, 0, 26.70%, 0, 0, 4, 289.68, 2324341, 558, 0, 0
9446, 407, 84, 395, 0, 0, 26.70%, 0, 0, 4, 269.42, 2325506, 558, 0, 0
9451, 407, 180, 395, 0, 0, 26.70%, 0, 0, 4, 290.68, 2326791, 558, 0, 0
9456, 407, 278, 395, 0, 0, 26.70%, 0, 0, 4, 289.62, 2328046, 558, 0, 0
9461, 407, 352, 395, 0, 0, 26.70%, 0, 0, 4, 266.73, 2329206, 558, 0, 0
9466, 408, 51, 395, 0, 0, 26.70%, 0, 0, 4, 277.04, 2330461, 558, 0, 0
9471, 408, 140, 395, 0, 0, 26.70%, 0, 0, 4, 138.19, 2331662, 558, 0, 0
9476, 408, 220, 395, 0, 0, 26.70%, 0, 0, 4, 290.38, 2332891, 558, 0, 0
9481, 408, 336, 395, 0, 0, 26.70%, 0, 0, 4, 284.99, 2334116, 558, 0, 0
9487, 408, 373, 395, 0, 0, 26.70%, 0, 0, 4, 213.93, 2335269, 558, 0, 0
9492, 409, 62, 395, 0, 0, 26.70%, 0, 0, 4, 266.18, 2336521, 558, 0, 0
9497, 409, 156, 395, 0, 0, 26.70%, 0, 0, 4, 287.57, 2337790, 558, 0, 0
9502, 409, 267, 395, 0, 0, 26.70%, 0, 0, 4, 45.05, 2338941, 558, 0, 0
9507, 409, 352, 395, 0, 0, 26.70%, 0, 0, 4, 284.55, 2340201, 558, 0, 0
9512, 409, 391, 395, 0, 0, 26.70%, 0, 0, 4, 260.53, 2341461, 558, 0, 0
9517, 410, 90, 395, 0, 0, 26.70%, 0, 0, 4, 45.25, 2342671, 558, 0, 0
9522, 410, 198, 395, 0, 0, 26.70%, 0, 0, 4, 282.24, 2343951, 558, 0, 0
9527, 410, 327, 395, 0, 0, 26.70%, 0, 0, 4, 289.19, 2345196, 558, 0, 0
9533, 410, 362, 395, 0, 0, 26.70%, 0, 0, 4, 35.71, 2346356, 558, 0, 0
9538, 411, 52, 395, 0, 0, 26.70%, 0, 0, 4, 295.49, 2347651, 558, 0, 0
9543, 411, 160, 395, 0, 0, 26.70%, 0, 0, 4, 277.08, 2348941, 558, 0, 0
9548, 411, 271, 395, 0, 0, 26.70%, 0, 0, 4, 291.64, 2350121, 558, 0, 0
9553, 411, 361, 395, 0, 0, 26.70%, 0, 0, 4, 254.69, 2351336, 558, 0, 0
9558, 412, 23, 395, 0, 0, 26.70%, 0, 0, 4, 275.11, 2352571, 558, 0, 0
9563, 412, 156, 395, 0, 0, 26.70%, 0, 0, 4, 281.62, 2353790, 558, 0, 0
9568, 412, 273, 395, 0, 0, 26.70%, 0, 0, 4, 294.61, 2355006, 558, 0, 0
9573, 412, 362, 395, 0, 0, 26.70%, 0, 0, 4, 296.09, 2356236, 558, 0, 0
9578, 413, 75, 395, 0, 0, 26.70%, 0, 0, 4, 278.31, 2357466, 558, 0, 0
9584, 413, 180, 395, 0, 0, 26.70%, 0, 0, 4, 286.11, 2358726, 558, 0, 0
9589, 413, 294, 395, 0, 0, 26.70%, 0, 0, 4, 277.46, 2359946, 558, 0, 0
9594, 413, 360, 395, 0, 0, 26.70%, 0, 0, 4, 259.02, 2361176, 558, 0, 0
9599, 414, 51, 395, 0, 0, 26.70%, 0, 0, 4, 290.23, 2362346, 558, 0, 0
9604, 414, 156, 395, 0, 0, 26.70%, 0, 0, 4, 286.34, 2363566, 558, 0, 0
9609, 414, 215, 395, 0, 0, 26.70%, 0, 0, 4, 290.29, 2364706, 558, 0, 0
9614, 414, 341, 395, 0, 0, 26.70%, 0, 0, 4, 286.84, 2366001, 558, 0, 0
9619, 414, 391, 395, 0, 0, 26.70%, 0, 0, 4, 265.55, 2367176, 558, 0, 0
9624, 415, 113, 395, 0, 0, 26.70%, 0, 0, 4, 294.08, 2368471, 558, 0, 0
9630, 415, 248, 395, 0, 0, 26.70%, 0, 0, 4, 265.28, 2369626, 558, 0, 0
9635, 415, 336, 395, 0, 0, 26.70%, 0, 0, 4, 293.60, 2370871, 558, 0, 0
9640, 416, 5, 395, 0, 0, 26.70%, 0, 0, 4, 290.66, 2372101, 558, 0, 0
9645, 416, 90, 395, 0, 0, 26.70%, 0, 0, 4, 288.36, 2373271, 558, 0, 0
9650, 416, 198, 395, 0, 0, 26.70%, 0, 0, 4, 31.25, 2374501, 558, 0, 0
9655, 416, 300, 395, 0, 0, 26.70%, 0, 0, 4, 286.11, 2375751, 558, 0, 0
9660, 416, 370, 395, 0, 0, 26.70%, 0, 0, 4, 283.58, 2376898, 558, 0, 0
9665, 417, 52, 395, 0, 0, 26.70%, 0, 0, 4, 291.80, 2378121, 558, 0, 0
9671, 417, 118, 395, 0, 0, 26.70%, 0, 0, 4, 271.65, 2379306, 558, 0, 0
9676, 417, 220, 395, 0, 0, 26.70%, 0, 0, 4, 44.91, 2380566, 558, 0, 0
9681, 417, 336, 395, 0, 0, 26.70%, 0, 0, 4, 264.30, 2381776, 558, 0, 0
9686, 418, 5, 395, 0, 0, 26.70%, 0, 0, 4, 38.31, 2382951, 558, 0, 0
9691, 418, 112, 395, 0, 0, 26.70%, 0, 0, 4, 293.14, 2384251, 558, 0, 0
9696, 418, 241, 395, 0, 0, 26.70%, 0, 0, 4, 301.83, 2385427, 558, 0, 0
9702, 418, 341, 395, 0, 0, 26.70%, 0, 0, 4, 288.07, 2386716, 558, 0, 0
9707, 418, 392, 395, 0, 0, 26.70%, 0, 0, 4, 265.00, 2387833, 558, 0, 0
9712, 419, 156, 395, 0, 0, 26.70%, 0, 0, 4, 258.21, 2389111, 558, 0, 0
9717, 419, 273, 395, 0, 0, 26.70%, 0, 0, 4, 289.82, 2390381, 558, 0, 0
9722, 419, 360, 395, 0, 0, 26.70%, 0, 0, 4, 242.73, 2391547, 558, 0, 0
9727, 420, 55, 395, 0, 0, 26.70%, 0, 0, 4, 254.49, 2392741, 558, 0, 0
9732, 420, 174, 395, 0, 0, 26.70%, 0, 0, 4, 296.36, 2393966, 558, 0, 0
9737, 420, 273, 395, 0, 0, 26.70%, 0, 0, 4, 247.02, 2395123, 558, 0, 0
9742, 420, 327, 395, 0, 0, 26.70%, 0, 0, 4, 236.29, 2396371, 558, 0, 0
9747, 420, 376, 395, 0, 0, 26.70%, 0, 0, 4, 290.89, 2397631, 558, 0, 0
9752, 421, 113, 395, 0, 0, 26.70%, 0, 0, 4, 290.48, 2398916, 558, 0, 0
9758, 421, 213, 395, 0, 0, 26.70%, 0, 0, 4, 47.40, 2400113, 558, 0, 0
9763, 421, 314, 395, 0, 0, 26.70%, 0, 0, 4, 269.66, 2401421, 558, 0, 0
9768, 421, 373, 395, 0, 0, 26.70%, 0, 0, 4, 286.97, 2402721, 558, 0, 0
9773, 422, 75, 395, 0, 0, 26.70%, 0, 0, 4, 292.60, 2403991, 558, 0, 0
9778, 422, 160, 395, 0, 0, 26.70%, 0, 0, 4, 266.20, 2405226, 558, 0, 0
9783, 422, 259, 395, 0, 0, 26.70%, 0, 0, 4, 291.96, 2406521, 558, 0, 0
9789, 422, 342, 395, 0, 0, 26.70%, 0, 0, 4, 290.16, 2407801, 558, 0, 0
9794, 422, 392, 395, 0, 0, 26.70%, 0, 0, 4, 288.00, 2409096, 558, 0, 0
9799, 423, 89, 395, 0, 0, 26.70%, 0, 0, 4, 306.08, 2410314, 558, 0, 0
9804, 423, 198, 395, 0, 0, 26.70%, 0, 0, 4, 280.26, 2411591, 558, 0, 0
9809, 423, 294, 395, 0, 0, 26.70%, 0, 0, 4, 253.33, 2412891, 558, 0, 0
9814, 423, 371, 395, 0, 0, 26.70%, 0, 0, 4, 274.59, 2414066, 558, 0, 0
9819, 424, 54, 395, 0, 0, 26.70%, 0, 0, 4, 268.66, 2415303, 558, 0, 0
9824, 424, 187, 395, 0, 0, 26.70%, 0, 0, 4, 269.22, 2416566, 558, 0, 0
9830, 424, 294, 395, 0, 0, 26.70%, 0, 0, 4, 274.85, 2417821, 558, 0, 0
9835, 424, 371, 395, 0, 0, 26.70%, 0, 0, 4, 40.00, 2418956, 558, 0, 0
9840, 425, 46, 395, 0, 0, 26.70%, 0, 0, 4, 292.11, 2420226, 558, 0, 0
9845, 425, 175, 395, 0, 0, 26.70%, 0, 0, 4, 286.21, 2421516, 558, 0, 0
9850, 425, 279, 395, 0, 0, 26.70%, 0, 0, 4, 283.78, 2422731, 558, 0, 0
9855, 425, 360, 395, 0, 0, 26.70%, 0, 0, 4, 261.82, 2423906, 558, 0, 0
9860, 426, 51, 395, 0, 0, 26.70%, 0, 0, 4, 262.19, 2425171, 558, 0, 0
9865, 426, 160, 395, 0, 0, 26.70%, 0, 0, 4, 47.47, 2426351, 558, 0, 0
9870, 426, 231, 395, 0, 0, 26.70%, 0, 0, 4, 294.83, 2427571, 558, 0, 0
9875, 426, 340, 395, 0, 0, 26.70%, 0, 0, 4, 301.38, 2428876, 558, 0, 0
9880, 427, 5, 395, 0, 0, 26.70%, 0, 0, 4, 43.67, 2430021, 558, 0, 0
9886, 427, 90, 395, 0, 0, 26.70%, 0, 0, 4, 297.63, 2431306, 558, 0, 0
9891, 427, 220, 395, 0, 0, 26.70%, 0, 0, 4, 288.20, 2432596, 558, 0, 0
9896, 427, 305, 395, 0, 0, 26.70%, 0, 0, 4, 264.74, 2433776, 558, 0, 0
9901, 427, 373, 395, 0, 0, 26.70%, 0, 0, 4, 261.65, 2435016, 558, 0, 0
9906, 428, 75, 395, 0, 0, 26.70%, 0, 0, 4, 300.93, 2436275, 558, 0, 0
9911, 428, 175, 395, 0, 0, 26.70%, 0, 0, 4, 285.33, 2437446, 558, 0, 0
9916, 428, 248, 395, 0, 0, 26.70%, 0, 0, 4, 258.94, 2438676, 558, 0, 0
9921, 428, 341, 395, 0, 0, 26.70%, 0, 0, 4, 256.84, 2439896, 558, 0, 0
9926, 429, 4, 395, 0, 0, 26.70%, 0, 0, 4, 283.58, 2441055, 558, 0, 0
9931, 429, 175, 395, 0, 0, 26.70%, 0, 0, 4, 274.57, 2442351, 558, 0, 0
9936, 429, 273, 395, 0, 0, 26.70%, 0, 0, 4, 263.64, 2443546, 558, 0, 0
9941, 429, 350, 395, 0, 0, 26.70%, 0, 0, 4, 252.96, 2444736, 558, 0, 0
9947, 430, 5, 395, 0, 0, 26.70%, 0, 0, 4, 270.64, 2445996, 558, 0, 0
9952, 430, 147, 395, 0, 0, 26.70%, 0, 0, 4, 294.02, 2447286, 558, 0, 0
9957, 430, 261, 395, 0, 0, 26.70%, 0, 0, 4, 228.29, 2448443, 558, 0, 0
9962, 430, 360, 395, 0, 0, 26.70%, 0, 0, 4, 285.40, 2449690, 558, 0, 0
9967, 431, 25, 395, 0, 0, 26.70%, 0, 0, 4, 290.00, 2450884, 558, 0, 0
9972, 431, 134, 395, 0, 0, 26.70%, 0, 0, 4, 236.99, 2452195, 558, 0, 0
9977, 431, 206, 395, 0, 0, 26.70%, 0, 0, 4, 253.73, 2453386, 558, 0, 0
9982, 431, 305, 395, 0, 0, 26.70%, 0, 0, 4, 272.53, 2454621, 558, 0, 0
9988, 431, 370, 395, 0, 0, 26.70%, 0, 0, 4, 246.64, 2455880, 558, 0, 0
9993, 432, 78, 395, 0, 0, 26.70%, 0, 0, 4, 289.33, 2457031, 558, 0, 0
9998, 432, 177, 395, 0, 0, 26.70%, 0, 0, 4, 267.01, 2458281, 558, 0, 0
10003, 432, 273, 395, 0, 0, 26.70%, 0, 0, 4, 38.61, 2459481, 558, 0, 0
10008, 432, 348, 395, 0, 0, 26.70%, 0, 0, 4, 245.27, 2460740, 558, 0, 0
10013, 433, 5, 395, 0, 0, 26.70%, 0, 0, 4, 278.78, 2461961, 558, 0, 0
10019, 433, 156, 395, 0, 0, 26.70%, 0, 0, 4, 293.69, 2463191, 558, 0, 0
10024, 433, 220, 395, 0, 0, 26.70%, 0, 0, 4, 273.98, 2464436, 558, 0, 0
10029, 433, 296, 395, 0, 0, 26.70%, 0, 0, 4, 285.04, 2465611, 558, 0, 0
10034, 433, 373, 395, 0, 0, 26.70%, 0, 0, 4, 262.20, 2466866, 558, 0, 0
10039, 434, 78, 395, 0, 0, 26.70%, 0, 0, 4, 52.98, 2468007, 558, 0, 0
10044, 434, 189, 395, 0, 0, 26.70%, 0, 0, 4, 268.52, 2469261, 558, 0, 0
10049, 434, 256, 395, 0, 0, 26.70%, 0, 0, 4, 278.68, 2470490, 558, 0, 0
10054, 434, 341, 395, 0, 0, 26.70%, 0, 0, 4, 290.91, 2471681, 558, 0, 0
10059, 434, 391, 395, 0, 0, 26.70%, 0, 0, 4, 265.35, 2472941, 558, 0, 0
10064, 435, 94, 395, 0, 0, 26.70%, 0, 0, 4, 281.26, 2474231, 558, 0, 0
10069, 435, 175, 395, 0, 0, 26.70%, 0, 0, 4, 293.53, 2475420, 558, 0, 0
10074, 435, 275, 395, 0, 0, 26.70%, 0, 0, 4, 295.09, 2476661, 558, 0, 0
10080, 435, 355, 395, 0, 0, 26.70%, 0, 0, 4, 272.54, 2477916, 558, 0, 0
10085, 436, 5, 395, 0, 0, 26.70%, 0, 0, 4, 248.93, 2479090, 558, 0, 0
10090, 436, 160, 395, 0, 0, 26.70%, 0, 0, 4, 205.04, 2480384, 558, 0, 0
10095, 436, 248, 395, 0, 0, 26.70%, 0, 0, 4, 278.52, 2481636, 558, 0, 0
10100, 436, 313, 395, 0, 0, 26.70%, 0, 0, 4, 97.92, 2482840, 558, 0, 0
10105, 436, 391, 395, 0, 0, 26.70%, 0, 0, 4, 202.05, 2484089, 558, 0, 0
10110, 437, 125, 395, 0, 0, 26.70%, 0, 0, 4, 261.52, 2485276, 558, 0, 0
10115, 437, 214, 395, 0, 0, 26.70%, 0, 0, 4, 290.06, 2486501, 558, 0, 0
10120, 437, 317, 395, 0, 0, 26.70%, 0, 0, 4, 295.34, 2487736, 558, 0, 0
10125, 437, 376, 395, 0, 0, 26.70%, 0, 0, 4, 288.56, 2488844, 558, 0, 0
10131, 438, 78, 395, 0, 0, 26.70%, 0, 0, 4, 270.89, 2490136, 558, 0, 0
10136, 438, 198, 395, 0, 0, 26.70%, 0, 0, 4, 264.65, 2491311, 558, 0, 0
10141, 438, 294, 395, 0, 0, 26.70%, 0, 0, 4, 260.18, 2492611, 558, 0, 0
10146, 438, 370, 395, 0, 0, 26.70%, 0, 0, 4, 291.37, 2493801, 558, 0, 0
10151, 439, 66, 395, 0, 0, 26.70%, 0, 0, 4, 39.06, 2494986, 558, 0, 0
10156, 439, 177, 395, 0, 0, 26.70%, 0, 0, 4, 265.93, 2496171, 558, 0, 0
10162, 439, 284, 395, 0, 0, 26.70%, 0, 0, 4, 38.02, 2497521, 558, 0, 0
10167, 439, 361, 395, 0, 0, 26.70%, 0, 0, 4, 269.32, 2498731, 558, 0, 0
10172, 440, 18, 395, 0, 0, 26.70%, 0, 0, 4, 289.81, 2499846, 558, 0, 0
10177, 440, 113, 395, 0, 0, 26.70%, 0, 0, 4, 286.29, 2501096, 558, 0, 0
10182, 440, 206, 395, 0, 0, 26.70%, 0, 0, 4, 276.86, 2502391, 558, 0, 0
10187, 440, 305, 395, 0, 0, 26.70%, 0, 0, 4, 267.22, 2503611, 558, 0, 0
10192, 440, 373, 395, 0, 0, 26.70%, 0, 0, 4, 289.50, 2504841, 558, 0, 0
10197, 441, 68, 395, 0, 0, 26.70%, 0, 0, 4, 284.81, 2506091, 558, 0, 0
10202, 441, 148, 395, 0, 0, 26.70%, 0, 0, 4, 45.25, 2507286, 558, 0, 0
10207, 441, 248, 395, 0, 0, 26.70%, 0, 0, 4, 298.32, 2508426, 558, 0, 0
10212, 441, 341, 395, 0, 0, 26.70%, 0, 0, 4, 285.76, 2509716, 558, 0, 0
10217, 442, 3, 395, 0, 0, 26.70%, 0, 0, 4, 194.07, 2510924, 558, 0, 0
10222, 442, 90, 395, 0, 0, 26.70%, 0, 0, 4, 295.00, 2512140, 558, 0, 0
10228, 442, 187, 395, 0, 0, 26.70%, 0, 0, 4, 282.64, 2513441, 558, 0, 0
10233, 442, 279, 395, 0, 0, 26.70%, 0, 0, 4, 291.44, 2514746, 558, 0, 0
10238, 442, 370, 395, 0, 0, 26.70%, 0, 0, 4, 267.60, 2515901, 558, 0, 0
10243, 443, 54, 395, 0, 0, 26.70%, 0, 0, 4, 298.00, 2517176, 558, 0, 0
10248, 443, 180, 395, 0, 0, 26.70%, 0, 0, 4, 266.81, 2518446, 558, 0, 0
10253, 443, 325, 395, 0, 0, 26.70%, 0, 0, 4, 271.29, 2519651, 558, 0, 0
10259, 443, 383, 395, 0, 0, 26.70%, 0, 0, 4, 276.38, 2520901, 558, 0, 0
10264, 444, 90, 395, 0, 0, 26.70%, 0, 0, 4, 246.47, 2522179, 558, 0, 0
10269, 444, 198, 395, 0, 0, 26.70%, 0, 0, 4, 292.50, 2523446, 558, 0, 0
10274, 444, 293, 395, 0, 0, 26.70%, 0, 0, 4, 40.16, 2524581, 558, 0, 0
10279, 444, 367, 395, 0, 0, 26.70%, 0, 0, 4, 297.03, 2525840, 558, 0, 0
10284, 445, 78, 395, 0, 0, 26.70%, 0, 0, 4, 265.31, 2527111, 558, 0, 0
10289, 445, 180, 395, 0, 0, 26.70%, 0, 0, 4, 275.28, 2528401, 558, 0, 0
10294, 445, 275, 395, 0, 0, 26.70%, 0, 0, 4, 293.23, 2529661, 558, 0, 0
10299, 445, 361, 395, 0, 0, 26.70%, 0, 0, 4, 291.17, 2530956, 558, 0, 0
10305, 446, 27, 395, 0, 0, 26.70%, 0, 0, 4, 42.74, 2532136, 558, 0, 0
10310, 446, 148, 395, 0, 0, 26.70%, 0, 0, 4, 284.26, 2533426, 558, 0, 0
10315, 446, 258, 395, 0, 0, 26.70%, 0, 0, 4, 295.47, 2534706, 558, 0, 0
10320, 446, 361, 395, 0, 0, 26.70%, 0, 0, 4, 244.79, 2535986, 558, 0, 0
10325, 447, 12, 395, 0, 0, 26.70%, 0, 0, 4, 265.97, 2537171, 558, 0, 0
10330, 447, 121, 395, 0, 0, 26.70%, 0, 0, 4, 285.22, 2538376, 558, 0, 0
10335, 447, 217, 395, 0, 0, 26.70%, 0, 0, 4, 286.98, 2539636, 558, 0, 0
10340, 447, 341, 395, 0, 0, 26.70%, 0, 0, 4, 264.50, 2540911, 558, 0, 0
10345, 447, 391, 395, 0, 0, 26.70%, 0, 0, 4, 279.68, 2542091, 558, 0, 0
10350, 448, 89, 395, 0, 0, 26.70%, 0, 0, 4, 291.89, 2543306, 558, 0, 0
10355, 448, 180, 395, 0, 0, 26.70%, 0, 0, 4, 271.40, 2544601, 558, 0, 0
10361, 448, 294, 395, 0, 0, 26.70%, 0, 0, 4, 263.91, 2545871, 558, 0, 0
10366, 448, 362, 395, 0, 0, 26.70%, 0, 0, 4, 282.18, 2547028, 558, 0, 0
10371, 449, 78, 395, 0, 0, 26.70%, 0, 0, 4, 263.25, 2548316, 558, 0, 0
10376, 449, 177, 395, 0, 0, 26.70%, 0, 0, 4, 286.69, 2549606, 558, 0, 0
10381, 449, 279, 395, 0, 0, 26.70%, 0, 0, 4, 266.77, 2550726, 558, 0, 0
10386, 449, 360, 395, 0, 0, 26.70%, 0, 0, 4, 271.25, 2551996, 558, 0, 0
10391, 450, 51, 395, 0, 0, 26.70%, 0, 0, 4, 255.59, 2553206, 558, 0, 0
10396, 450, 156, 395, 0, 0, 26.70%, 0, 0, 4, 259.13, 2554426, 558, 0, 0
10401, 450, 222, 395, 0, 0, 26.70%, 0, 0, 4, 269.23, 2555636, 558, 0, 0
10406, 450, 331, 395, 0, 0, 26.70%, 0, 0, 4, 283.10, 2556901, 558, 0, 0
10412, 450, 383, 395, 0, 0, 26.70%, 0, 0, 4, 289.56, 2558181, 558, 0, 0
10417, 451, 75, 395, 0, 0, 26.70%, 0, 0, 4, 280.76, 2559371, 558, 0, 0
10422, 451, 164, 395, 0, 0, 26.70%, 0, 0, 4, 285.00, 2560633, 558, 0, 0
10427, 451, 286, 395, 0, 0, 26.70%, 0, 0, 4, 284.09, 2561871, 558, 0, 0
10432, 451, 370, 395, 0, 0, 26.70%, 0, 0, 4, 287.41, 2563136, 558, 0, 0
10437, 452, 75, 395, 0, 0, 26.70%, 0, 0, 4, 282.71, 2564421, 558, 0, 0
10442, 452, 165, 395, 0, 0, 26.70%, 0, 0, 4, 261.92, 2565641, 558, 0, 0
10448, 452, 235, 395, 0, 0, 26.70%, 0, 0, 4, 256.42, 2566926, 558, 0, 0
10453, 452, 339, 395, 0, 0, 26.70%, 0, 0, 4, 275.98, 2568226, 558, 0, 0
10458, 452, 376, 395, 0, 0, 26.70%, 0, 0, 4, 223.70, 2569390, 558, 0, 0
10463, 453, 66, 395, 0, 0, 26.70%, 0, 0, 4, 288.63, 2570676, 558, 0, 0
10468, 453, 177, 395, 0, 0, 26.70%, 0, 0, 4, 294.81, 2571976, 558, 0, 0
10473, 453, 296, 395, 0, 0, 26.70%, 0, 0, 4, 274.09, 2573186, 558, 0, 0
10478, 453, 377, 395, 0, 0, 26.70%, 0, 0, 4, 290.00, 2574409, 558, 0, 0
10484, 454, 38, 395, 0, 0, 26.70%, 0, 0, 4, 289.25, 2575671, 558, 0, 0
10489, 454, 162, 395, 0, 0, 26.70%, 0, 0, 4, 278.70, 2576926, 558, 0, 0
10494, 454, 259, 395, 0, 0, 26.70%, 0, 0, 4, 278.10, 2578186, 558, 0, 0
10499, 454, 360, 395, 0, 0, 26.70%, 0, 0, 4, 277.23, 2579346, 558, 0, 0
10504, 455, 5, 395, 0, 0, 26.70%, 0, 0, 4, 290.00, 2580529, 558, 0, 0
10509, 455, 159, 395, 0, 0, 26.70%, 0, 0, 4, 271.70, 2581790, 558, 0, 0
10514, 455, 225, 395, 0, 0, 26.70%, 0, 0, 4, 289.92, 2583031, 558, 0, 0
10519, 455, 322, 395, 0, 0, 26.70%, 0, 0, 4, 264.34, 2584236, 558, 0, 0
10524, 455, 371, 395, 0, 0, 26.70%, 0, 0, 4, 299.75, 2585471, 558, 0, 0
10529, 456, 54, 395, 0, 0, 26.70%, 0, 0, 4, 290.19, 2586746, 558, 0, 0
10534, 456, 175, 395, 0, 0, 26.70%, 0, 0, 4, 39.53, 2587941, 558, 0, 0
10539, 456, 279, 395, 0, 0, 26.70%, 0, 0, 4, 288.06, 2589226, 558, 0, 0
10545, 456, 361, 395, 0, 0, 26.70%, 0, 0, 4, 272.06, 2590511, 558, 0, 0
10550, 457, 30, 395, 0, 0, 26.70%, 0, 0, 4, 227.72, 2591642, 558, 0, 0
10555, 457, 122, 395, 0, 0, 26.70%, 0, 0, 4, 253.11, 2592951, 558, 0, 0
10560, 457, 220, 395, 0, 0, 26.70%, 0, 0, 4, 34.84, 2594166, 558, 0, 0
10565, 457, 294, 395, 0, 0, 26.70%, 0, 0, 4, 289.56, 2595466, 558, 0, 0
10571, 457, 370, 395, 0, 0, 26.70%, 0, 0, 4, 264.13, 2596731, 558, 0, 0
10576, 458, 75, 395, 0, 0, 26.70%, 0, 0, 4, 293.69, 2597921, 558, 0, 0
10581, 458, 177, 395, 0, 0, 26.70%, 0, 0, 4, 285.24, 2599196, 558, 0, 0
10586, 458, 288, 395, 0, 0, 26.70%, 0, 0, 4, 254.14, 2600476, 558, 0, 0
10591, 458, 373, 395, 0, 0, 26.70%, 0, 0, 4, 264.53, 2601676, 558, 0, 0
10596, 459, 81, 395, 0, 0, 26.70%, 0, 0, 4, 292.72, 2602921, 558, 0, 0
10601, 459, 198, 395, 0, 0, 26.70%, 0, 0, 4, 31.45, 2604096, 558, 0, 0
10606, 459, 305, 395, 0, 0, 26.70%, 0, 0, 4, 201.67, 2605331, 558, 0, 0
10612, 459, 364, 395, 0, 0, 26.70%, 0, 0, 4, 275.45, 2606571, 558, 0, 0
10617, 460, 75, 395, 0, 0, 26.70%, 0, 0, 4, 282.03, 2607856, 558, 0, 0
10622, 460, 175, 395, 0, 0, 26.70%, 0, 0, 4, 290.38, 2609081, 558, 0, 0
10627, 460, 248, 395, 0, 0, 26.70%, 0, 0, 4, 287.77, 2610366, 558, 0, 0
10632, 460, 336, 395, 0, 0, 26.70%, 0, 0, 4, 279.56, 2611591, 558, 0, 0
10637, 460, 392, 395, 0, 0, 26.70%, 0, 0, 4, 35.59, 2612771, 558, 0, 0
10642, 461, 90, 395, 0, 0, 26.70%, 0, 0, 4, 293.53, 2613925, 558, 0, 0
10647, 461, 195, 395, 0, 0, 26.70%, 0, 0, 4, 289.47, 2615161, 558, 0, 0
10653, 461, 301, 395, 0, 0, 26.70%, 0, 0, 4, 285.31, 2616321, 558, 0, 0
10658, 461, 371, 395, 0, 0, 26.70%, 0, 0, 4, 284.78, 2617571, 558, 0, 0
10663, 462, 51, 395, 0, 0, 26.70%, 0, 0, 4, 294.96, 2618711, 558, 0, 0
10668, 462, 118, 395, 0, 0, 26.70%, 0, 0, 4, 289.31, 2619976, 558, 0, 0
10673, 462, 220, 395, 0, 0, 26.70%, 0, 0, 4, 41.49, 2621211, 558, 0, 0
10678, 462, 341, 395, 0, 0, 26.70%, 0, 0, 4, 266.49, 2622411, 558, 0, 0
10683, 463, 25, 395, 0, 0, 26.70%, 0, 0, 4, 258.30, 2623616, 558, 0, 0
10688, 463, 121, 395, 0, 0, 26.70%, 0, 0, 4, 39.84, 2624791, 558, 0, 0
10693, 463, 244, 395, 0, 0, 26.70%, 0, 0, 4, 284.97, 2626051, 558, 0, 0
10698, 463, 327, 395, 0, 0, 26.70%, 0, 0, 4, 32.89, 2627196, 558, 0, 0
10703, 463, 373, 395, 0, 0, 26.70%, 0, 0, 4, 297.06, 2628436, 558, 0, 0
10708, 464, 78, 395, 0, 0, 26.70%, 0, 0, 4, 294.88, 2629666, 558, 0, 0
10713, 464, 177, 395, 0, 0, 26.70%, 0, 0, 4, 30.51, 2630824, 558, 0, 0
10719, 464, 279, 395, 0, 0, 26.70%, 0, 0, 4, 283.98, 2632106, 558, 0, 0
10724, 464, 364, 395, 0, 0, 26.70%, 0, 0, 4, 290.93, 2633361, 558, 0, 0
10729, 465, 51, 395, 0, 0, 26.70%, 0, 0, 4, 268.07, 2634596, 558, 0, 0
10734, 465, 156, 395, 0, 0, 26.70%, 0, 0, 4, 294.77, 2635796, 558, 0, 0
10739, 465, 273, 395, 0, 0, 26.70%, 0, 0, 4, 291.49, 2637066, 558, 0, 0
10744, 465, 361, 395, 0, 0, 26.70%, 0, 0, 4, 39.53, 2638281, 558, 0, 0
10749, 466, 54, 395, 0, 0, 26.70%, 0, 0, 4, 293.23, 2639521, 558, 0, 0
10755, 466, 177, 395, 0, 0, 26.70%, 0, 0, 4, 287.95, 2640801, 558, 0, 0
10760, 466, 282, 395, 0, 0, 26.70%, 0, 0, 4, 290.94, 2642056, 558, 0, 0
10765, 466, 341, 395, 0, 0, 26.70%, 0, 0, 4, 58.70, 2643172, 558, 0, 0
10770, 467, 51, 395, 0, 0, 26.70%, 0, 0, 4, 232.47, 2644419, 558, 0, 0
10775, 467, 175, 395, 0, 0, 26.70%, 0, 0, 4, 274.51, 2645701, 558, 0, 0
10780, 467, 279, 395, 0, 0, 26.70%, 0, 0, 4, 290.00, 2646859, 558, 0, 0
10785, 467, 361, 395, 0, 0, 26.70%, 0, 0, 4, 285.15, 2648131, 558, 0, 0
10790, 468, 51, 395, 0, 0, 26.70%, 0, 0, 4, 268.43, 2649406, 558, 0, 0
10796, 468, 159, 395, 0, 0, 26.70%, 0, 0, 4, 242.44, 2650679, 558, 0, 0
10801, 468, 227, 395, 0, 0, 26.70%, 0, 0, 4, 260.07, 2651931, 558, 0, 0
10806, 468, 341, 395, 0, 0, 26.70%, 0, 0, 4, 260.33, 2653216, 558, 0, 0
10811, 468, 392, 395, 0, 0, 26.70%, 0, 0, 4, 252.58, 2654446, 558, 0, 0
10816, 469, 160, 395, 0, 0, 26.70%, 0, 0, 4, 291.38, 2655726, 558, 0, 0
10821, 469, 273, 395, 0, 0, 26.70%, 0, 0, 4, 286.70, 2656946, 558, 0, 0
10826, 469, 341, 395, 0, 0, 26.70%, 0, 0, 4, 248.17, 2658136, 558, 0, 0
10831, 469, 391, 395, 0, 0, 26.70%, 0, 0, 4, 277.99, 2659331, 558, 0, 0
10836, 470, 102, 395, 0, 0, 26.70%, 0, 0, 4, 294.76, 2660606, 558, 0, 0
10841, 470, 196, 395, 0, 0, 26.70%, 0, 0, 4, 293.37, 2661851, 558, 0, 0
10846, 470, 279, 395, 0, 0, 26.70%, 0, 0, 4, 275.48, 2663036, 558, 0, 0
10851, 470, 362, 395, 0, 0, 26.70%, 0, 0, 4, 200.00, 2664246, 558, 0, 0
10857, 471, 75, 395, 0, 0, 26.70%, 0, 0, 4, 288.86, 2665551, 558, 0, 0
10862, 471, 174, 395, 0, 0, 26.70%, 0, 0, 4, 289.59, 2666846, 558, 0, 0
10867, 471, 279, 395, 0, 0, 26.70%, 0, 0, 4, 261.07, 2668096, 558, 0, 0
10872, 471, 360, 395, 0, 0, 26.70%, 0, 0, 4, 293.03, 2669316, 558, 0, 0
10877, 472, 8, 395, 0, 0, 26.70%, 0, 0, 4, 265.25, 2670565, 558, 0, 0
10882, 472, 155, 395, 0, 0, 26.70%, 0, 0, 4, 279.57, 2671826, 558, 0, 0
10888, 472, 268, 395, 0, 0, 26.70%, 0, 0, 4, 293.60, 2673081, 558, 0, 0
10893, 472, 341, 395, 0, 0, 26.70%, 0, 0, 4, 124.27, 2674312, 558, 0, 0
10898, 473, 5, 395, 0, 0, 26.70%, 0, 0, 4, 284.06, 2675536, 558, 0, 0
10903, 473, 156, 395, 0, 0, 26.70%, 0, 0, 4, 256.14, 2676696, 558, 0, 0
10908, 473, 225, 395, 0, 0, 26.70%, 0, 0, 4, 291.56, 2677971, 558, 0, 0
10913, 473, 319, 395, 0, 0, 26.70%, 0, 0, 4, 149.58, 2679248, 558, 0, 0
10918, 473, 376, 395, 0, 0, 26.70%, 0, 0, 4, 301.98, 2680437, 558, 0, 0
10923, 474, 89, 395, 0, 0, 26.70%, 0, 0, 4, 290.51, 2681711, 558, 0, 0
10928, 474, 180, 395, 0, 0, 26.70%, 0, 0, 4, 268.90, 2682965, 558, 0, 0
10933, 474, 304, 395, 0, 0, 26.70%, 0, 0, 4, 290.00, 2684134, 558, 0, 0
10939, 474, 371, 395, 0, 0, 26.70%, 0, 0, 4, 268.58, 2685381, 558, 0, 0
10944, 475, 54, 395, 0, 0, 26.70%, 0, 0, 4, 271.94, 2686666, 558, 0, 0
10949, 475, 177, 395, 0, 0, 26.70%, 0, 0, 4, 256.91, 2687886, 558, 0, 0
10954, 475, 286, 395, 0, 0, 26.70%, 0, 0, 4, 262.82, 2689186, 558, 0, 0
10959, 475, 370, 395, 0, 0, 26.70%, 0, 0, 4, 41.67, 2690361, 558, 0, 0
10965, 476, 51, 395, 0, 0, 26.70%, 0, 0, 4, 294.70, 2691661, 558, 0, 0
10970, 476, 160, 395, 0, 0, 26.70%, 0, 0, 4, 288.10, 2692941, 558, 0, 0
10975, 476, 248, 395, 0, 0, 26.70%, 0, 0, 4, 297.63, 2694206, 558, 0, 0
10980, 476, 341, 395, 0, 0, 26.70%, 0, 0, 4, 257.42, 2695366, 558, 0, 0
10985, 477, 5, 395, 0, 0, 26.70%, 0, 0, 4, 266.20, 2696626, 558, 0, 0
10990, 477, 90, 395, 0, 0, 26.70%, 0, 0, 4, 255.47, 2697891, 558, 0, 0
10995, 477, 180, 395, 0, 0, 26.70%, 0, 0, 4, 288.94, 2699121, 558, 0, 0
11000, 477, 273, 395, 0, 0, 26.70%, 0, 0, 4, 266.24, 2700415, 558, 0, 0
11005, 477, 341, 395, 0, 0, 26.70%, 0, 0, 4, 36.44, 2701565, 558, 0, 0
11010, 477, 387, 395, 0, 0, 26.70%, 0, 0, 4, 284.67, 2702811, 558, 0, 0
11016, 478, 90, 395, 0, 0, 26.70%, 0, 0, 4, 292.29, 2704106, 558, 0, 0
11021, 478, 180, 395, 0, 0, 26.70%, 0, 0, 4, 263.98, 2705341, 558, 0, 0
11026, 478, 327, 395, 0, 0, 26.70%, 0, 0, 4, 275.75, 2706536, 558, 0, 0
11031, 478, 391, 395, 0, 0, 26.70%, 0, 0, 4, 289.70, 2707751, 558, 0, 0
11036, 479, 90, 395, 0, 0, 26.70%, 0, 0, 4, 273.64, 2708991, 558, 0, 0
11041, 479, 198, 395, 0, 0, 26.70%, 0, 0, 4, 30.67, 2710211, 558, 0, 0
11046, 479, 307, 395, 0, 0, 26.70%, 0, 0, 4, 276.94, 2711516, 558, 0, 0
11051, 479, 376, 395, 0, 0, 26.70%, 0, 0, 4, 263.60, 2712756, 558, 0, 0
11056, 480, 57, 395, 0, 0, 26.70%, 0, 0, 4, 297.13, 2714021, 558, 0, 0
11062, 480, 177, 395, 0, 0, 26.70%, 0, 0, 4, 283.58, 2715218, 558, 0, 0
11067, 480, 279, 395, 0, 0, 26.70%, 0, 0, 4, 274.16, 2716486, 558, 0, 0
11072, 480, 361, 395, 0, 0, 26.70%, 0, 0, 4, 253.01, 2717731, 558, 0, 0
11077, 481, 17, 395, 0, 0, 26.70%, 0, 0, 4, 287.25, 2718936, 558, 0, 0
11082, 481, 156, 395, 0, 0, 26.70%, 0, 0, 4, 230.99, 2720213, 558, 0, 0
11087, 481, 248, 395, 0, 0, 26.70%, 0, 0, 4, 267.05, 2721411, 558, 0, 0
11092, 481, 352, 395, 0, 0, 26.70%, 0, 0, 4, 290.35, 2722651, 558, 0, 0
11097, 482, 5, 395, 0, 0, 26.70%, 0, 0, 4, 39.68, 2723851, 558, 0, 0
11102, 482, 156, 395, 0, 0, 26.70%, 0, 0, 4, 270.51, 2725156, 558, 0, 0
11108, 482, 244, 395, 0, 0, 26.70%, 0, 0, 4, 275.84, 2726416, 558, 0, 0
11113, 482, 352, 395, 0, 0, 26.70%, 0, 0, 4, 277.23, 2727597, 558, 0, 0
11118, 482, 391, 395, 0, 0, 26.70%, 0, 0, 4, 265.48, 2728861, 558, 0, 0
11123, 483, 89, 395, 0, 0, 26.70%, 0, 0, 4, 262.33, 2730136, 558, 0, 0
11128, 483, 175, 395, 0, 0, 26.70%, 0, 0, 4, 266.45, 2731315, 558, 0, 0
11133, 483, 279, 395, 0, 0, 26.70%, 0, 0, 4, 296.01, 2732615, 558, 0, 0
11139, 483, 343, 395, 0, 0, 26.70%, 0, 0, 4, 275.77, 2733796, 558, 0, 0
11144, 483, 380, 395, 0, 0, 26.70%, 0, 0, 4, 270.14, 2735121, 558, 0, 0
11149, 484, 90, 395, 0, 0, 26.70%, 0, 0, 4, 182.80, 2736309, 558, 0, 0
11154, 484, 177, 395, 0, 0, 26.70%, 0, 0, 4, 287.84, 2737590, 558, 0, 0
11159, 484, 301, 395, 0, 0, 26.70%, 0, 0, 4, 31.35, 2738781, 558, 0, 0
11164, 484, 371, 395, 0, 0, 26.70%, 0, 0, 4, 285.25, 2740026, 558, 0, 0
11169, 485, 78, 395, 0, 0, 26.70%, 0, 0, 4, 282.44, 2741251, 558, 0, 0
11174, 485, 220, 395, 0, 0, 26.70%, 0, 0, 4, 272.28, 2742456, 558, 0, 0
11180, 485, 336, 395, 0, 0, 26.70%, 0, 0, 4, 287.23, 2743746, 558, 0, 0
11185, 486, 5, 395, 0, 0, 26.70%, 0, 0, 4, 31.55, 2744926, 558, 0, 0
11190, 486, 159, 395, 0, 0, 26.70%, 0, 0, 4, 273.03, 2746221, 558, 0, 0
11195, 486, 248, 395, 0, 0, 26.70%, 0, 0, 4, 288.82, 2747506, 558, 0, 0
11200, 486, 341, 395, 0, 0, 26.70%, 0, 0, 4, 270.29, 2748741, 558, 0, 0
11205, 487, 51, 395, 0, 0, 26.70%, 0, 0, 4, 253.28, 2749946, 558, 0, 0
11210, 487, 175, 395, 0, 0, 26.70%, 0, 0, 4, 290.00, 2751169, 558, 0, 0
11215, 487, 279, 395, 0, 0, 26.70%, 0, 0, 4, 293.57, 2752416, 558, 0, 0
11220, 487, 362, 395, 0, 0, 26.70%, 0, 0, 4, 262.49, 2753646, 558, 0, 0
11225, 488, 51, 395, 0, 0, 26.70%, 0, 0, 4, 290.00, 2754854, 558, 0, 0
11231, 488, 175, 395, 0, 0, 26.70%, 0, 0, 4, 289.97, 2756146, 558, 0, 0
11236, 488, 279, 395, 0, 0, 26.70%, 0, 0, 4, 254.34, 2757411, 558, 0, 0
11241, 488, 352, 395, 0, 0, 26.70%, 0, 0, 4, 279.73, 2758641, 558, 0, 0
11246, 488, 392, 395, 0, 0, 26.70%, 0, 0, 4, 271.43, 2759821, 558, 0, 0
11251, 489, 89, 395, 0, 0, 26.70%, 0, 0, 4, 267.59, 2761096, 558, 0, 0
11256, 489, 196, 395, 0, 0, 26.70%, 0, 0, 4, 278.33, 2762371, 558, 0, 0
11261, 489, 294, 395, 0, 0, 26.70%, 0, 0, 4, 285.43, 2763606, 558, 0, 0
11266, 489, 376, 395, 0, 0, 26.70%, 0, 0, 4, 263.63, 2764886, 558, 0, 0
11271, 490, 90, 395, 0, 0, 26.70%, 0, 0, 4, 249.40, 2766065, 558, 0, 0
11277, 490, 222, 395, 0, 0, 26.70%, 0, 0, 4, 293.60, 2767301, 558, 0, 0
11282, 490, 344, 395, 0, 0, 26.70%, 0, 0, 4, 265.92, 2768511, 558, 0, 0
11287, 490, 392, 395, 0, 0, 26.70%, 0, 0, 4, 287.91, 2769751, 558, 0, 0
11292, 491, 90, 395, 0, 0, 26.70%, 0, 0, 4, 284.59, 2771056, 558, 0, 0
11297, 491, 199, 395, 0, 0, 26.70%, 0, 0, 4, 268.48, 2772236, 558, 0, 0
11302, 491, 341, 395, 0, 0, 26.70%, 0, 0, 4, 285.11, 2773471, 558, 0, 0
11307, 492, 8, 395, 0, 0, 26.70%, 0, 0, 4, 289.84, 2774701, 558, 0, 0
11312, 492, 120, 395, 0, 0, 26.70%, 0, 0, 4, 70.90, 2775889, 558, 0, 0
11317, 492, 194, 395, 0, 0, 26.70%, 0, 0, 4, 288.67, 2777171, 558, 0, 0
11322, 492, 286, 395, 0, 0, 26.70%, 0, 0, 4, 288.18, 2778451, 558, 0, 0
11327, 492, 362, 395, 0, 0, 26.70%, 0, 0, 4, 40.16, 2779591, 558, 0, 0
11332, 493, 50, 395, 0, 0, 26.70%, 0, 0, 4, 258.65, 2780826, 558, 0, 0
11338, 493, 133, 395, 0, 0, 26.70%, 0, 0, 4, 285.39, 2782111, 558, 0, 0
11343, 493, 214, 395, 0, 0, 26.70%, 0, 0, 4, 276.45, 2783386, 558, 0, 0
11348, 493, 286, 395, 0, 0, 26.70%, 0, 0, 4, 289.98, 2784581, 558, 0, 0
11353, 493, 361, 395, 0, 0, 26.70%, 0, 0, 4, 278.19, 2785865, 558, 0, 0
11358, 494, 26, 395, 0, 0, 26.70%, 0, 0, 4, 267.32, 2787156, 558, 0, 0
11363, 494, 111, 395, 0, 0, 26.70%, 0, 0, 4, 281.97, 2788365, 558, 0, 0
11368, 494, 214, 395, 0, 0, 26.70%, 0, 0, 4, 293.52, 2789621, 558, 0, 0
11374, 494, 305, 395, 0, 0, 26.70%, 0, 0, 4, 290.59, 2790926, 558, 0, 0
11379, 494, 376, 395, 0, 0, 26.70%, 0, 0, 4, 31.65, 2792131, 558, 0, 0
11384, 495, 113, 395, 0, 0, 26.70%, 0, 0, 4, 290.90, 2793421, 558, 0, 0
11389, 495, 238, 395, 0, 0, 26.70%, 0, 0, 4, 292.31, 2794731, 558, 0, 0
11394, 495, 336, 395, 0, 0, 26.70%, 0, 0, 4, 279.88, 2795946, 558, 0, 0
11399, 496, 5, 395, 0, 0, 26.70%, 0, 0, 4, 79.21, 2797124, 558, 0, 0
11404, 496, 92, 395, 0, 0, 26.70%, 0, 0, 4, 286.68, 2798391, 558, 0, 0
11409, 496, 220, 395, 0, 0, 26.70%, 0, 0, 4, 278.77, 2799661, 558, 0, 0
11414, 496, 311, 395, 0, 0, 26.70%, 0, 0, 4, 262.29, 2800781, 558, 0, 0
11419, 496, 392, 395, 0, 0, 26.70%, 0, 0, 4, 293.61, 2802026, 558, 0, 0
11425, 497, 129, 395, 0, 0, 26.70%, 0, 0, 4, 293.05, 2803331, 558, 0, 0
11430, 497, 220, 395, 0, 0, 26.70%, 0, 0, 4, 255.40, 2804481, 558, 0, 0
11435, 497, 360, 395, 0, 0, 26.70%, 0, 0, 4, 286.94, 2805711, 558, 0, 0
11440, 498, 5, 395, 0, 0, 26.70%, 0, 0, 4, 271.16, 2806956, 558, 0, 0
11445, 498, 145, 395, 0, 0, 26.70%, 0, 0, 4, 281.32, 2808266, 558, 0, 0
11450, 498, 220, 395, 0, 0, 26.70%, 0, 0, 4, 292.15, 2809466, 558, 0, 0
11455, 498, 348, 395, 0, 0, 26.70%, 0, 0, 4, 115.71, 2810748, 558, 0, 0
11460, 498, 391, 395, 0, 0, 26.70%, 0, 0, 4, 31.87, 2811884, 558, 0, 0
11465, 499, 89, 395, 0, 0, 26.70%, 0, 0, 4, 288.11, 2813131, 558, 0, 0
11470, 499, 181, 395, 0, 0, 26.70%, 0, 0, 4, 263.68, 2814299, 558, 0, 0
11475, 499, 327, 395, 0, 0, 26.70%, 0, 0, 4, 288.65, 2815551, 558, 0, 0
11481, 499, 376, 395, 0, 0, 26.70%, 0, 0, 4, 275.55, 2816706, 558, 0, 0
11486, 500, 96, 395, 0, 0, 26.70%, 0, 0, 4, 268.94, 2817971, 558, 0, 0
11491, 500, 175, 395, 0, 0, 26.70%, 0, 0, 4, 288.78, 2819236, 558, 0, 0
11496, 500, 279, 395, 0, 0, 26.70%, 0, 0, 4, 41.65, 2820417, 558, 0, 0
11501, 500, 362, 395, 0, 0, 26.70%, 0, 0, 4, 283.58, 2821661, 558, 0, 0
11506, 501, 25, 395, 0, 0, 26.70%, 0, 0, 4, 42.62, 2822820, 558, 0, 0
11512, 501, 156, 395, 0, 0, 26.70%, 0, 0, 4, 249.76, 2824046, 558, 0, 0
11517, 501, 230, 395, 0, 0, 26.70%, 0, 0, 4, 270.64, 2825301, 558, 0, 0
11522, 501, 337, 395, 0, 0, 26.70%, 0, 0, 4, 288.56, 2826434, 558, 0, 0
11527, 501, 392, 395, 0, 0, 26.70%, 0, 0, 4, 291.85, 2827671, 558, 0, 0
11532, 502, 113, 395, 0, 0, 26.70%, 0, 0, 4, 155.37, 2828941, 558, 0, 0
11537, 502, 219, 395, 0, 0, 26.70%, 0, 0, 4, 266.63, 2830121, 558, 0, 0
11542, 502, 327, 395, 0, 0, 26.70%, 0, 0, 4, 287.62, 2831396, 558, 0, 0
11547, 502, 376, 395, 0, 0, 26.70%, 0, 0, 4, 278.51, 2832631, 558, 0, 0
11552, 503, 38, 395, 0, 0, 26.70%, 0, 0, 4, 49.26, 2833816, 558, 0, 0
11557, 503, 160, 395, 0, 0, 26.70%, 0, 0, 4, 250.93, 2835058, 558, 0, 0
11563, 503, 248, 395, 0, 0, 26.70%, 0, 0, 4, 282.74, 2836341, 558, 0, 0
11568, 503, 327, 395, 0, 0, 26.70%, 0, 0, 4, 258.46, 2837531, 558, 0, 0
11573, 504, 1, 395, 0, 0, 26.70%, 0, 0, 4, 254.69, 2838791, 558, 0, 0
11578, 504, 106, 395, 0, 0, 26.70%, 0, 0, 4, 284.86, 2840071, 558, 0, 0
11583, 504, 199, 395, 0, 0, 26.70%, 0, 0, 4, 269.77, 2841326, 558, 0, 0
11588, 504, 336, 395, 0, 0, 26.70%, 0, 0, 4, 294.70, 2842606, 558, 0, 0
11594, 504, 391, 395, 0, 0, 26.70%, 0, 0, 4, 53.12, 2843758, 558, 0, 0
11599, 505, 113, 395, 0, 0, 26.70%, 0, 0, 4, 276.85, 2844921, 558, 0, 0
11604, 505, 187, 395, 0, 0, 26.70%, 0, 0, 4, 294.60, 2846215, 558, 0, 0
11609, 505, 294, 395, 0, 0, 26.70%, 0, 0, 4, 287.32, 2847491, 558, 0, 0
11614, 505, 370, 395, 0, 0, 26.70%, 0, 0, 4, 256.84, 2848626, 558, 0, 0
11619, 506, 76, 395, 0, 0, 26.70%, 0, 0, 4, 234.28, 2849880, 558, 0, 0
11624, 506, 180, 395, 0, 0, 26.70%, 0, 0, 4, 266.28, 2851166, 558, 0, 0
11629, 506, 243, 395, 0, 0, 26.70%, 0, 0, 4, 293.53, 2852380, 558, 0, 0
11634, 506, 351, 395, 0, 0, 26.70%, 0, 0, 4, 290.47, 2853661, 558, 0, 0
11640, 507, 5, 395, 0, 0, 26.70%, 0, 0, 4, 265.90, 2854946, 558, 0, 0
11645, 507, 78, 395, 0, 0, 26.70%, 0, 0, 4, 31.06, 2856136, 558, 0, 0
11650, 507, 198, 395, 0, 0, 26.70%, 0, 0, 4, 219.24, 2857427, 558, 0, 0
11655, 507, 294, 395, 0, 0, 26.70%, 0, 0, 4, 35.09, 2858636, 558, 0, 0
11660, 507, 370, 395, 0, 0, 26.70%, 0, 0, 4, 291.95, 2859865, 558, 0, 0
11665, 508, 40, 395, 0, 0, 26.70%, 0, 0, 4, 263.68, 2861029, 558, 0, 0
11671, 508, 149, 395, 0, 0, 26.70%, 0, 0, 4, 261.62, 2862276, 558, 0, 0
11676, 508, 199, 395, 0, 0, 26.70%, 0, 0, 4, 272.28, 2863393, 558, 0, 0
11681, 508, 294, 395, 0, 0, 26.70%, 0, 0, 4, 283.71, 2864646, 558, 0, 0
11686, 508, 373, 395, 0, 0, 26.70%, 0, 0, 4, 290.64, 2865780, 558, 0, 0
11691, 509, 69, 395, 0, 0, 26.70%, 0, 0, 4, 296.33, 2867051, 558, 0, 0
11696, 509, 160, 395, 0, 0, 26.70%, 0, 0, 4, 221.86, 2868302, 558, 0, 0
11701, 509, 273, 395, 0, 0, 26.70%, 0, 0, 4, 273.68, 2869486, 558, 0, 0
11706, 509, 360, 395, 0, 0, 26.70%, 0, 0, 4, 286.66, 2870746, 558, 0, 0
11711, 510, 48, 395, 0, 0, 26.70%, 0, 0, 4, 283.42, 2871951, 558, 0, 0
11716, 510, 124, 395, 0, 0, 26.70%, 0, 0, 4, 291.82, 2873171, 558, 0, 0
11721, 510, 224, 395, 0, 0, 26.70%, 0, 0, 4, 290.59, 2874431, 558, 0, 0
11726, 510, 305, 395, 0, 0, 26.70%, 0, 0, 4, 183.17, 2875608, 558, 0, 0
11732, 510, 376, 395, 0, 0, 26.70%, 0, 0, 4, 290.42, 2876871, 558, 0, 0
11737, 511, 89, 395, 0, 0, 26.70%, 0, 0, 4, 31.75, 2878131, 558, 0, 0
11742, 511, 185, 395, 0, 0, 26.70%, 0, 0, 4, 284.03, 2879421, 558, 0, 0
11747, 511, 305, 395, 0, 0, 26.70%, 0, 0, 4, 291.55, 2880706, 558, 0, 0
11752, 511, 361, 395, 0, 0, 26.70%, 0, 0, 4, 35.24, 2881850, 558, 0, 0
11757, 512, 51, 395, 0, 0, 26.70%, 0, 0, 4, 296.09, 2883101, 558, 0, 0
11762, 512, 145, 395, 0, 0, 26.70%, 0, 0, 4, 285.79, 2884386, 558, 0, 0
11768, 512, 220, 395, 0, 0, 26.70%, 0, 0, 4, 266.95, 2885561, 558, 0, 0
11773, 512, 352, 395, 0, 0, 26.70%, 0, 0, 4, 213.78, 2886840, 558, 0, 0
11778, 513, 13, 395, 0, 0, 26.70%, 0, 0, 4, 277.69, 2888071, 558, 0, 0
11783, 513, 163, 395, 0, 0, 26.70%, 0, 0, 4, 292.67, 2889361, 558, 0, 0
11788, 513, 273, 395, 0, 0, 26.70%, 0, 0, 4, 293.00, 2890556, 558, 0, 0
11793, 513, 362, 395, 0, 0, 26.70%, 0, 0, 4, 283.60, 2891836, 558, 0, 0
11798, 514, 54, 395, 0, 0, 26.70%, 0, 0, 4, 243.55, 2893057, 558, 0, 0
11803, 514, 144, 395, 0, 0, 26.70%, 0, 0, 4, 288.56, 2894244, 558, 0, 0
11808, 514, 199, 395, 0, 0, 26.70%, 0, 0, 4, 272.76, 2895501, 558, 0, 0
11813, 514, 311, 395, 0, 0, 26.70%, 0, 0, 4, 289.25, 2896736, 558, 0, 0
11819, 514, 373, 395, 0, 0, 26.70%, 0, 0, 4, 287.29, 2897911, 558, 0, 0
11824, 515, 78, 395, 0, 0, 26.70%, 0, 0, 4, 295.07, 2899156, 558, 0, 0
11829, 515, 177, 395, 0, 0, 26.70%, 0, 0, 4, 283.15, 2900415, 558, 0, 0
11834, 515, 285, 395, 0, 0, 26.70%, 0, 0, 4, 282.35, 2901641, 558, 0, 0
11839, 515, 361, 395, 0, 0, 26.70%, 0, 0, 4, 277.69, 2902881, 558, 0, 0
11844, 516, 13, 395, 0, 0, 26.70%, 0, 0, 4, 35.09, 2904076, 558, 0, 0
11849, 516, 123, 395, 0, 0, 26.70%, 0, 0, 4, 285.28, 2905346, 558, 0, 0
11855, 516, 223, 395, 0, 0, 26.70%, 0, 0, 4, 277.12, 2906656, 558, 0, 0
11860, 516, 327, 395, 0, 0, 26.70%, 0, 0, 4, 293.53, 2907810, 558, 0, 0
11865, 516, 376, 395, 0, 0, 26.70%, 0, 0, 4, 288.75, 2909036, 558, 0, 0
11870, 517, 90, 395, 0, 0, 26.70%, 0, 0, 4, 290.50, 2910331, 558, 0, 0
11875, 517, 187, 395, 0, 0, 26.70%, 0, 0, 4, 261.93, 2911576, 558, 0, 0
11880, 517, 286, 395, 0, 0, 26.70%, 0, 0, 4, 258.81, 2912766, 558, 0, 0
11885, 517, 352, 395, 0, 0, 26.70%, 0, 0, 4, 288.40, 2914046, 558, 0, 0
11890, 518, 4, 395, 0, 0, 26.70%, 0, 0, 4, 266.84, 2915231, 558, 0, 0
11895, 518, 113, 395, 0, 0, 26.70%, 0, 0, 4, 288.94, 2916476, 558, 0, 0
11900, 518, 220, 395, 0, 0, 26.70%, 0, 0, 4, 290.56, 2917765, 558, 0, 0
11906, 518, 340, 395, 0, 0, 26.70%, 0, 0, 4, 267.74, 2918981, 558, 0, 0
11911, 518, 391, 395, 0, 0, 26.70%, 0, 0, 4, 265.34, 2920151, 558, 0, 0
11916, 519, 113, 395, 0, 0, 26.70%, 0, 0, 4, 291.87, 2921421, 558, 0, 0
11921, 519, 220, 395, 0, 0, 26.70%, 0, 0, 4, 189.82, 2922672, 558, 0, 0
11926, 519, 289, 395, 0, 0, 26.70%, 0, 0, 4, 286.53, 2923901, 558, 0, 0
11931, 519, 371, 395, 0, 0, 26.70%, 0, 0, 4, 245.46, 2925044, 558, 0, 0
11936, 520, 78, 395, 0, 0, 26.70%, 0, 0, 4, 241.29, 2926332, 558, 0, 0
11941, 520, 177, 395, 0, 0, 26.70%, 0, 0, 4, 292.41, 2927586, 558, 0, 0
11946, 520, 257, 395, 0, 0, 26.70%, 0, 0, 4, 49.02, 2928756, 558, 0, 0
11951, 520, 336, 395, 0, 0, 26.70%, 0, 0, 4, 291.31, 2930046, 558, 0, 0
11956, 520, 392, 395, 0, 0, 26.70%, 0, 0, 4, 282.88, 2931271, 558, 0, 0
11962, 521, 90, 395, 0, 0, 26.70%, 0, 0, 4, 258.53, 2932446, 558, 0, 0
11967, 521, 187, 395, 0, 0, 26.70%, 0, 0, 4, 296.46, 2933746, 558, 0, 0
11972, 521, 273, 395, 0, 0, 26.70%, 0, 0, 4, 212.13, 2935012, 558, 0, 0
11977, 521, 327, 395, 0, 0, 26.70%, 0, 0, 4, 288.68, 2936156, 558, 0, 0
11982, 521, 375, 395, 0, 0, 26.70%, 0, 0, 4, 286.26, 2937441, 558, 0, 0
11987, 522, 75, 395, 0, 0, 26.70%, 0, 0, 4, 235.63, 2938599, 558, 0, 0
11992, 522, 168, 395, 0, 0, 26.70%, 0, 0, 4, 293.81, 2939821, 558, 0, 0
11997, 522, 248, 395, 0, 0, 26.70%, 0, 0, 4, 45.00, 2940990, 558, 0, 0
12002, 522, 341, 395, 0, 0, 26.70%, 0, 0, 4, 272.36, 2942236, 558, 0, 0
12007, 523, 39, 395, 0, 0, 26.70%, 0, 0, 4, 255.44, 2943506, 558, 0, 0
12013, 523, 126, 395, 0, 0, 26.70%, 0, 0, 4, 260.15, 2944791, 558, 0, 0
12018, 523, 187, 395, 0, 0, 26.70%, 0, 0, 4, 273.13, 2945986, 558, 0, 0
12023, 523, 327, 395, 0, 0, 26.70%, 0, 0, 4, 293.84, 2947291, 558, 0, 0
12028, 523, 392, 395, 0, 0, 26.70%, 0, 0, 4, 251.13, 2948521, 558, 0, 0
12033, 524, 160, 395, 0, 0, 26.70%, 0, 0, 4, 277.01, 2949691, 558, 0, 0
12038, 524, 226, 395, 0, 0, 26.70%, 0, 0, 4, 290.52, 2950956, 558, 0, 0
12043, 524, 324, 395, 0, 0, 26.70%, 0, 0, 4, 295.00, 2952135, 558, 0, 0
12049, 524, 371, 395, 0, 0, 26.70%, 0, 0, 4, 288.31, 2953371, 558, 0, 0
12054, 525, 47, 395, 0, 0, 26.70%, 0, 0, 4, 290.00, 2954484, 558, 0, 0
12059, 525, 160, 395, 0, 0, 26.70%, 0, 0, 4, 263.53, 2955751, 558, 0, 0
12064, 525, 262, 395, 0, 0, 26.70%, 0, 0, 4, 101.71, 2957025, 558, 0, 0
12069, 525, 352, 395, 0, 0, 26.70%, 0, 0, 4, 31.45, 2958221, 558, 0, 0
12074, 526, 54, 395, 0, 0, 26.70%, 0, 0, 4, 291.46, 2959476, 558, 0, 0
12079, 526, 175, 395, 0, 0, 26.70%, 0, 0, 4, 262.40, 2960596, 558, 0, 0
12084, 526, 273, 395, 0, 0, 26.70%, 0, 0, 4, 230.59, 2961946, 558, 0, 0
12090, 526, 352, 395, 0, 0, 26.70%, 0, 0, 4, 293.22, 2963116, 558, 0, 0
12095, 527, 26, 395, 0, 0, 26.70%, 0, 0, 4, 283.90, 2964381, 558, 0, 0
12100, 527, 139, 395, 0, 0, 26.70%, 0, 0, 4, 287.13, 2965574, 558, 0, 0
12105, 527, 273, 395, 0, 0, 26.70%, 0, 0, 4, 289.61, 2966851, 558, 0, 0
12110, 527, 361, 395, 0, 0, 26.70%, 0, 0, 4, 259.09, 2968096, 558, 0, 0
12115, 528, 51, 395, 0, 0, 26.70%, 0, 0, 4, 293.75, 2969266, 558, 0, 0
12120, 528, 149, 395, 0, 0, 26.70%, 0, 0, 4, 288.45, 2970541, 558, 0, 0
12125, 528, 205, 395, 0, 0, 26.70%, 0, 0, 4, 268.50, 2971761, 558, 0, 0
12130, 528, 305, 395, 0, 0, 26.70%, 0, 0, 4, 260.00, 2972913, 558, 0, 0
12135, 528, 386, 395, 0, 0, 26.70%, 0, 0, 4, 290.56, 2974156, 558, 0, 0
12141, 529, 89, 395, 0, 0, 26.70%, 0, 0, 4, 267.63, 2975331, 558, 0, 0
12146, 529, 180, 395, 0, 0, 26.70%, 0, 0, 4, 269.84, 2976631, 558, 0, 0
12151, 529, 294, 395, 0, 0, 26.70%, 0, 0, 4, 281.94, 2977881, 558, 0, 0
12156, 529, 362, 395, 0, 0, 26.70%, 0, 0, 4, 253.58, 2979131, 558, 0, 0
12161, 530, 54, 395, 0, 0, 26.70%, 0, 0, 4, 296.41, 2980341, 558, 0, 0
12166, 530, 166, 395, 0, 0, 26.70%, 0, 0, 4, 197.80, 2981640, 558, 0, 0
12171, 530, 237, 395, 0, 0, 26.70%, 0, 0, 4, 32.15, 2982796, 558, 0, 0
12176, 530, 327, 395, 0, 0, 26.70%, 0, 0, 4, 251.30, 2984027, 558, 0, 0
12182, 530, 392, 395, 0, 0, 26.70%, 0, 0, 4, 291.95, 2985306, 558, 0, 0
12187, 531, 90, 395, 0, 0, 26.70%, 0, 0, 4, 297.03, 2986441, 558, 0, 0
12192, 531, 188, 395, 0, 0, 26.70%, 0, 0, 4, 288.80, 2987706, 558, 0, 0
12197, 531, 264, 395, 0, 0, 26.70%, 0, 0, 4, 290.48, 2988951, 558, 0, 0
12202, 531, 352, 395, 0, 0, 26.70%, 0, 0, 4, 199.33, 2990139, 558, 0, 0
12207, 532, 51, 395, 0, 0, 26.70%, 0, 0, 4, 290.83, 2991426, 558, 0, 0
12212, 532, 175, 395, 0, 0, 26.70%, 0, 0, 4, 286.91, 2992690, 558, 0, 0
12217, 532, 273, 395, 0, 0, 26.70%, 0, 0, 4, 37.45, 2993881, 558, 0, 0
12222, 532, 362, 395, 0, 0, 26.70%, 0, 0, 4, 292.08, 2995151, 558, 0, 0
12228, 533, 78, 395, 0, 0, 26.70%, 0, 0, 4, 278.92, 2996421, 558, 0, 0
12233, 533, 177, 395, 0, 0, 26.70%, 0, 0, 4, 288.71, 2997606, 558, 0, 0
12238, 533, 281, 395, 0, 0, 26.70%, 0, 0, 4, 288.18, 2998871, 558, 0, 0
12243, 533, 352, 395, 0, 0, 26.70%, 0, 0, 4, 296.26, 3000041, 558, 0, 0
12248, 534, 17, 395, 0, 0, 26.70%, 0, 0, 4, 272.37, 3001251, 558, 0, 0
12253, 534, 154, 395, 0, 0, 26.70%, 0, 0, 4, 280.92, 3002461, 558, 0, 0
12258, 534, 222, 395, 0, 0, 26.70%, 0, 0, 4, 280.64, 3003676, 558, 0, 0
12263, 534, 334, 395, 0, 0, 26.70%, 0, 0, 4, 295.15, 3004986, 558, 0, 0
12268, 534, 376, 395, 0, 0, 26.70%, 0, 0, 4, 265.00, 3006143, 558, 0, 0
12274, 535, 89, 395, 0, 0, 26.70%, 0, 0, 4, 277.77, 3007426, 558, 0, 0
12279, 535, 199, 395, 0, 0, 26.70%, 0, 0, 4, 267.57, 3008721, 558, 0, 0
12284, 535, 316, 395, 0, 0, 26.70%, 0, 0, 4, 287.58, 3009921, 558, 0, 0
12289, 535, 373, 395, 0, 0, 26.70%, 0, 0, 4, 220.56, 3011163, 558, 0, 0
12294, 536, 75, 395, 0, 0, 26.70%, 0, 0, 4, 31.50, 3012327, 558, 0, 0
12299, 536, 177, 395, 0, 0, 26.70%, 0, 0, 4, 290.21, 3013611, 558, 0, 0
12304, 536, 279, 395, 0, 0, 26.70%, 0, 0, 4, 262.66, 3014851, 558, 0, 0
12310, 536, 361, 395, 0, 0, 26.70%, 0, 0, 4, 287.13, 3016029, 558, 0, 0
12315, 537, 75, 395, 0, 0, 26.70%, 0, 0, 4, 257.53, 3017291, 558, 0, 0
12320, 537, 187, 395, 0, 0, 26.70%, 0, 0, 4, 277.04, 3018591, 558, 0, 0
12325, 537, 286, 395, 0, 0, 26.70%, 0, 0, 4, 288.55, 3019751, 558, 0, 0
12330, 537, 370, 395, 0, 0, 26.70%, 0, 0, 4, 293.66, 3021001, 558, 0, 0
12335, 538, 51, 395, 0, 0, 26.70%, 0, 0, 4, 31.65, 3022181, 558, 0, 0
12340, 538, 129, 395, 0, 0, 26.70%, 0, 0, 4, 272.07, 3023440, 558, 0, 0
12346, 538, 220, 395, 0, 0, 26.70%, 0, 0, 4, 295.00, 3024625, 558, 0, 0
12351, 538, 327, 395, 0, 0, 26.70%, 0, 0, 4, 290.42, 3025856, 558, 0, 0
12356, 538, 362, 395, 0, 0, 26.70%, 0, 0, 4, 294.38, 3026986, 558, 0, 0
12361, 539, 78, 395, 0, 0, 26.70%, 0, 0, 4, 290.12, 3028241, 558, 0, 0
12366, 539, 177, 395, 0, 0, 26.70%, 0, 0, 4, 290.38, 3029456, 558, 0, 0
12371, 539, 280, 395, 0, 0, 26.70%, 0, 0, 4, 266.55, 3030701, 558, 0, 0
12376, 539, 349, 395, 0, 0, 26.70%, 0, 0, 4, 286.12, 3031906, 558, 0, 0
12381, 539, 391, 395, 0, 0, 26.70%, 0, 0, 4, 267.06, 3033211, 558, 0, 0
12386, 540, 90, 395, 0, 0, 26.70%, 0, 0, 4, 31.45, 3034361, 558, 0, 0
12392, 540, 208, 395, 0, 0, 26.70%, 0, 0, 4, 288.73, 3035646, 558, 0, 0
12397, 540, 308, 395, 0, 0, 26.70%, 0, 0, 4, 138.65, 3036937, 558, 0, 0
12402, 540, 370, 395, 0, 0, 26.70%, 0, 0, 4, 44.84, 3038116, 558, 0, 0
12407, 541, 54, 395, 0, 0, 26.70%, 0, 0, 4, 293.43, 3039386, 558, 0, 0
12412, 541, 177, 395, 0, 0, 26.70%, 0, 0, 4, 260.14, 3040666, 558, 0, 0
12417, 541, 294, 395, 0, 0, 26.70%, 0, 0, 4, 284.75, 3041941, 558, 0, 0
12422, 541, 368, 395, 0, 0, 26.70%, 0, 0, 4, 288.39, 3043166, 558, 0, 0
12427, 542, 54, 395, 0, 0, 26.70%, 0, 0, 4, 32.05, 3044306, 558, 0, 0
12432, 542, 138, 395, 0, 0, 26.70%, 0, 0, 4, 293.27, 3045576, 558, 0, 0
12437, 542, 259, 395, 0, 0, 26.70%, 0, 0, 4, 146.81, 3046863, 558, 0, 0
12442, 542, 352, 395, 0, 0, 26.70%, 0, 0, 4, 261.07, 3047986, 558, 0, 0
12447, 543, 5, 395, 0, 0, 26.70%, 0, 0, 4, 270.69, 3049201, 558, 0, 0
12453, 543, 153, 395, 0, 0, 26.70%, 0, 0, 4, 265.15, 3050516, 558, 0, 0
12458, 543, 199, 395, 0, 0, 26.70%, 0, 0, 4, 288.97, 3051681, 558, 0, 0
12463, 543, 341, 395, 0, 0, 26.70%, 0, 0, 4, 268.86, 3052926, 558, 0, 0
12468, 543, 382, 395, 0, 0, 26.70%, 0, 0, 4, 293.53, 3054065, 558, 0, 0
12473, 544, 90, 395, 0, 0, 26.70%, 0, 0, 4, 288.55, 3055216, 558, 0, 0
12478, 544, 187, 395, 0, 0, 26.70%, 0, 0, 4, 279.21, 3056486, 558, 0, 0
12483, 544, 282, 395, 0, 0, 26.70%, 0, 0, 4, 35.16, 3057690, 558, 0, 0
12488, 544, 361, 395, 0, 0, 26.70%, 0, 0, 4, 270.07, 3058906, 558, 0, 0
12493, 545, 5, 395, 0, 0, 26.70%, 0, 0, 4, 261.36, 3060131, 558, 0, 0
12499, 545, 113, 395, 0, 0, 26.70%, 0, 0, 4, 294.30, 3061361, 558, 0, 0
12504, 545, 198, 395, 0, 0, 26.70%, 0, 0, 4, 288.40, 3062631, 558, 0, 0
12509, 545, 305, 395, 0, 0, 26.70%, 0, 0, 4, 293.05, 3063806, 558, 0, 0
12514, 545, 360, 395, 0, 0, 26.70%, 0, 0, 4, 267.34, 3065021, 558, 0, 0
12519, 546, 31, 395, 0, 0, 26.70%, 0, 0, 4, 41.32, 3066151, 558, 0, 0
12524, 546, 142, 395, 0, 0, 26.70%, 0, 0, 4, 295.24, 3067461, 558, 0, 0
12529, 546, 223, 395, 0, 0, 26.70%, 0, 0, 4, 288.56, 3068624, 558, 0, 0
12535, 546, 341, 395, 0, 0, 26.70%, 0, 0, 4, 280.85, 3069876, 558, 0, 0
12540, 547, 2, 395, 0, 0, 26.70%, 0, 0, 4, 262.38, 3071024, 558, 0, 0
12545, 547, 113, 395, 0, 0, 26.70%, 0, 0, 4, 283.54, 3072336, 558, 0, 0
12550, 547, 198, 395, 0, 0, 26.70%, 0, 0, 4, 277.79, 3073591, 558, 0, 0
12555, 547, 283, 395, 0, 0, 26.70%, 0, 0, 4, 281.16, 3074816, 558, 0, 0
12560, 547, 360, 395, 0, 0, 26.70%, 0, 0, 4, 288.55, 3076041, 558, 0, 0
12565, 548, 11, 395, 0, 0, 26.70%, 0, 0, 4, 189.04, 3077187, 558, 0, 0
12570, 548, 112, 395, 0, 0, 26.70%, 0, 0, 4, 297.30, 3078446, 558, 0, 0
12576, 548, 220, 395, 0, 0, 26.70%, 0, 0, 4, 31.37, 3079630, 558, 0, 0
12581, 548, 327, 395, 0, 0, 26.70%, 0, 0, 4, 287.76, 3080911, 558, 0, 0
12586, 548, 392, 395, 0, 0, 26.70%, 0, 0, 4, 293.99, 3082171, 558, 0, 0
12591, 549, 112, 395, 0, 0, 26.70%, 0, 0, 4, 296.38, 3083331, 558, 0, 0
12596, 549, 198, 395, 0, 0, 26.70%, 0, 0, 4, 246.35, 3084596, 558, 0, 0
12601, 549, 327, 395, 0, 0, 26.70%, 0, 0, 4, 258.12, 3085791, 558, 0, 0
12607, 549, 376, 395, 0, 0, 26.70%, 0, 0, 4, 290.29, 3087091, 558, 0, 0
12612, 550, 89, 395, 0, 0, 26.70%, 0, 0, 4, 290.64, 3088276, 558, 0, 0
12617, 550, 189, 395, 0, 0, 26.70%, 0, 0, 4, 292.92, 3089531, 558, 0, 0
12622, 550, 279, 395, 0, 0, 26.70%, 0, 0, 4, 291.36, 3090706, 558, 0, 0
12627, 550, 362, 395, 0, 0, 26.70%, 0, 0, 4, 273.00, 3091921, 558, 0, 0
12632, 551, 54, 395, 0, 0, 26.70%, 0, 0, 4, 292.38, 3093136, 558, 0, 0
12637, 551, 160, 395, 0, 0, 26.70%, 0, 0, 4, 249.49, 3094306, 558, 0, 0
12643, 551, 305, 395, 0, 0, 26.70%, 0, 0, 4, 282.10, 3095601, 558, 0, 0
12648, 551, 373, 395, 0, 0, 26.70%, 0, 0, 4, 292.01, 3096761, 558, 0, 0
12653, 552, 51, 395, 0, 0, 26.70%, 0, 0, 4, 289.47, 3097996, 558, 0, 0
12658, 552, 175, 395, 0, 0, 26.70%, 0, 0, 4, 287.55, 3099146, 558, 0, 0
12663, 552, 279, 395, 0, 0, 26.70%, 0, 0, 4, 291.07, 3100391, 558, 0, 0
12668, 552, 344, 395, 0, 0, 26.70%, 0, 0, 4, 258.38, 3101521, 558, 0, 0
12673, 553, 2, 395, 0, 0, 26.70%, 0, 0, 4, 282.97, 3102761, 558, 0, 0
12678, 553, 156, 395, 0, 0, 26.70%, 0, 0, 4, 284.87, 3103901, 558, 0, 0
12683, 553, 220, 395, 0, 0, 26.70%, 0, 0, 4, 209.20, 3105182, 558, 0, 0
12688, 553, 330, 395, 0, 0, 26.70%, 0, 0, 4, 266.42, 3106381, 558, 0, 0
12693, 553, 376, 395, 0, 0, 26.70%, 0, 0, 4, 299.52, 3107661, 558, 0, 0
12698, 554, 90, 395, 0, 0, 26.70%, 0, 0, 4, 31.15, 3108816, 558, 0, 0
12704, 554, 198, 395, 0, 0, 26.70%, 0, 0, 4, 282.17, 3110051, 558, 0, 0
12709, 554, 309, 395, 0, 0, 26.70%, 0, 0, 4, 259.38, 3111351, 558, 0, 0
12714, 554, 373, 395, 0, 0, 26.70%, 0, 0, 4, 291.26, 3112486, 558, 0, 0
12719, 555, 75, 395, 0, 0, 26.70%, 0, 0, 4, 265.72, 3113691, 558, 0, 0
12724, 555, 160, 395, 0, 0, 26.70%, 0, 0, 4, 278.34, 3114991, 558, 0, 0
12729, 555, 248, 395, 0, 0, 26.70%, 0, 0, 4, 44.55, 3116165, 558, 0, 0
12734, 555, 361, 395, 0, 0, 26.70%, 0, 0, 4, 283.62, 3117416, 558, 0, 0
12739, 556, 51, 395, 0, 0, 26.70%, 0, 0, 4, 33.22, 3118596, 558, 0, 0
12745, 556, 113, 395, 0, 0, 26.70%, 0, 0, 4, 290.62, 3119871, 558, 0, 0
12750, 556, 220, 395, 0, 0, 26.70%, 0, 0, 4, 275.45, 3121166, 558, 0, 0
12755, 556, 336, 395, 0, 0, 26.70%, 0, 0, 4, 288.66, 3122340, 558, 0, 0
12760, 556, 392, 395, 0, 0, 26.70%, 0, 0, 4, 262.27, 3123531, 558, 0, 0
12765, 557, 113, 395, 0, 0, 26.70%, 0, 0, 4, 267.47, 3124766, 558, 0, 0
12770, 557, 187, 395, 0, 0, 26.70%, 0, 0, 4, 227.74, 3126057, 558, 0, 0
12775, 557, 294, 395, 0, 0, 26.70%, 0, 0, 4, 226.90, 3127285, 558, 0, 0
12781, 557, 361, 395, 0, 0, 26.70%, 0, 0, 4, 293.53, 3128440, 558, 0, 0
12786, 558, 75, 395, 0, 0, 26.70%, 0, 0, 4, 290.05, 3129671, 558, 0, 0
12791, 558, 177, 395, 0, 0, 26.70%, 0, 0, 4, 261.34, 3130811, 558, 0, 0
12796, 558, 300, 395, 0, 0, 26.70%, 0, 0, 4, 276.80, 3132146, 558, 0, 0
12801, 558, 373, 395, 0, 0, 26.70%, 0, 0, 4, 276.28, 3133396, 558, 0, 0
12806, 559, 78, 395, 0, 0, 26.70%, 0, 0, 4, 289.12, 3134621, 558, 0, 0
12811, 559, 160, 395, 0, 0, 26.70%, 0, 0, 4, 266.12, 3135751, 558, 0, 0
12816, 559, 273, 395, 0, 0, 26.70%, 0, 0, 4, 31.15, 3137096, 558, 0, 0
12821, 559, 362, 395, 0, 0, 26.70%, 0, 0, 4, 270.77, 3138326, 558, 0, 0
12826, 560, 75, 395, 0, 0, 26.70%, 0, 0, 4, 298.60, 3139481, 558, 0, 0
12832, 560, 175, 395, 0, 0, 26.70%, 0, 0, 4, 266.21, 3140751, 558, 0, 0
12837, 560, 258, 395, 0, 0, 26.70%, 0, 0, 4, 278.92, 3141961, 558, 0, 0
12842, 560, 326, 395, 0, 0, 26.70%, 0, 0, 4, 291.76, 3143201, 558, 0, 0
12847, 560, 376, 395, 0, 0, 26.70%, 0, 0, 4, 287.58, 3144451, 558, 0, 0
12852, 561, 75, 395, 0, 0, 26.70%, 0, 0, 4, 232.75, 3145645, 558, 0, 0
12857, 561, 180, 395, 0, 0, 26.70%, 0, 0, 4, 244.37, 3146857, 558, 0, 0
12862, 561, 273, 395, 0, 0, 26.70%, 0, 0, 4, 280.26, 3148096, 558, 0, 0
12867, 561, 362, 395, 0, 0, 26.70%, 0, 0, 4, 288.26, 3149291, 558, 0, 0
12872, 562, 35, 395, 0, 0, 26.70%, 0, 0, 4, 40.57, 3150525, 558, 0, 0
12877, 562, 142, 395, 0, 0, 26.70%, 0, 0, 4, 286.26, 3151811, 558, 0, 0
12883, 562, 218, 395, 0, 0, 26.70%, 0, 0, 4, 251.63, 3152997, 558, 0, 0
12888, 562, 327, 395, 0, 0, 26.70%, 0, 0, 4, 288.64, 3154271, 558, 0, 0
12893, 562, 383, 395, 0, 0, 26.70%, 0, 0, 4, 268.84, 3155521, 558, 0, 0
12898, 563, 86, 395, 0, 0, 26.70%, 0, 0, 4, 283.84, 3156716, 558, 0, 0
12903, 563, 187, 395, 0, 0, 26.70%, 0, 0, 4, 284.07, 3157936, 558, 0, 0
12908, 563, 324, 395, 0, 0, 26.70%, 0, 0, 4, 33.11, 3159146, 558, 0, 0
12913, 563, 375, 395, 0, 0, 26.70%, 0, 0, 4, 276.91, 3160486, 558, 0, 0
12918, 564, 66, 395, 0, 0, 26.70%, 0, 0, 4, 276.38, 3161666, 558, 0, 0
12924, 564, 160, 395, 0, 0, 26.70%, 0, 0, 4, 289.24, 3162961, 558, 0, 0
12929, 564, 248, 395, 0, 0, 26.70%, 0, 0, 4, 277.23, 3164142, 558, 0, 0
12934, 564, 336, 395, 0, 0, 26.70%, 0, 0, 4, 233.63, 3165445, 558, 0, 0
12939, 564, 394, 395, 0, 0, 26.70%, 0, 0, 4, 241.33, 3166677, 558, 0, 0
12944, 565, 95, 395, 0, 0, 26.70%, 0, 0, 4, 291.79, 3167861, 558, 0, 0
12949, 565, 198, 395, 0, 0, 26.70%, 0, 0, 4, 277.57, 3169040, 558, 0, 0
12954, 565, 286, 395, 0, 0, 26.70%, 0, 0, 4, 282.18, 3170218, 558, 0, 0
12960, 565, 369, 395, 0, 0, 26.70%, 0, 0, 4, 276.46, 3171476, 558, 0, 0
12965, 566, 52, 395, 0, 0, 26.70%, 0, 0, 4, 237.59, 3172613, 558, 0, 0
12970, 566, 156, 395, 0, 0, 26.70%, 0, 0, 4, 283.58, 3173891, 558, 0, 0
12975, 566, 220, 395, 0, 0, 26.70%, 0, 0, 4, 289.06, 3175156, 558, 0, 0
12980, 566, 352, 395, 0, 0, 26.70%, 0, 0, 4, 283.51, 3176415, 558, 0, 0
12985, 567, 5, 395, 0, 0, 26.70%, 0, 0, 4, 267.26, 3177586, 558, 0, 0
12990, 567, 113, 395, 0, 0, 26.70%, 0, 0, 4, 32.89, 3178771, 558, 0, 0
12995, 567, 214, 395, 0, 0, 26.70%, 0, 0, 4, 273.34, 3180071, 558, 0, 0
13001, 567, 336, 395, 0, 0, 26.70%, 0, 0, 4, 253.58, 3181311, 558, 0, 0
13006, 568, 5, 395, 0, 0, 26.70%, 0, 0, 4, 99.16, 3182541, 558, 0, 0
13011, 568, 136, 395, 0, 0, 26.70%, 0, 0, 4, 258.06, 3183806, 558, 0, 0
13016, 568, 187, 395, 0, 0, 26.70%, 0, 0, 4, 257.14, 3184961, 558, 0, 0
13021, 568, 286, 395, 0, 0, 26.70%, 0, 0, 4, 239.18, 3186239, 558, 0, 0
13026, 568, 370, 395, 0, 0, 26.70%, 0, 0, 4, 43.67, 3187426, 558, 0, 0
13031, 569, 54, 395, 0, 0, 26.70%, 0, 0, 4, 284.02, 3188661, 558, 0, 0
13036, 569, 187, 395, 0, 0, 26.70%, 0, 0, 4, 53.00, 3189916, 558, 0, 0
13042, 569, 267, 395, 0, 0, 26.70%, 0, 0, 4, 285.71, 3191084, 558, 0, 0
13047, 569, 336, 395, 0, 0, 26.70%, 0, 0, 4, 299.21, 3192381, 558, 0, 0
13052, 569, 389, 395, 0, 0, 26.70%, 0, 0, 4, 291.62, 3193511, 558, 0, 0
13057, 570, 78, 395, 0, 0, 26.70%, 0, 0, 4, 281.49, 3194776, 558, 0, 0
13062, 570, 161, 395, 0, 0, 26.70%, 0, 0, 4, 275.36, 3196006, 558, 0, 0
13067, 570, 248, 395, 0, 0, 26.70%, 0, 0, 4, 31.55, 3197196, 558, 0, 0
13072, 570, 352, 395, 0, 0, 26.70%, 0, 0, 4, 284.63, 3198436, 558, 0, 0
13077, 570, 392, 395, 0, 0, 26.70%, 0, 0, 4, 257.43, 3199583, 558, 0, 0
13083, 571, 95, 395, 0, 0, 26.70%, 0, 0, 4, 281.14, 3200890, 558, 0, 0
13088, 571, 199, 395, 0, 0, 26.70%, 0, 0, 4, 277.19, 3202021, 558, 0, 0
13093, 571, 301, 395, 0, 0, 26.70%, 0, 0, 4, 283.75, 3203241, 558, 0, 0
13098, 571, 358, 395, 0, 0, 26.70%, 0, 0, 4, 219.64, 3204387, 558, 0, 0
13103, 572, 51, 395, 0, 0, 26.70%, 0, 0, 4, 254.50, 3205641, 558, 0, 0
13108, 572, 174, 395, 0, 0, 26.70%, 0, 0, 4, 295.49, 3206846, 558, 0, 0
13113, 572, 250, 395, 0, 0, 26.70%, 0, 0, 4, 30.58, 3208016, 558, 0, 0
13118, 572, 360, 395, 0, 0, 26.70%, 0, 0, 4, 287.47, 3209216, 558, 0, 0
13123, 573, 20, 395, 0, 0, 26.70%, 0, 0, 4, 290.07, 3210396, 558, 0, 0
13129, 573, 143, 395, 0, 0, 26.70%, 0, 0, 4, 288.31, 3211721, 558, 0, 0
13134, 573, 198, 395, 0, 0, 26.70%, 0, 0, 4, 273.12, 3212861, 558, 0, 0
13139, 573, 331, 395, 0, 0, 26.70%, 0, 0, 4, 288.28, 3214106, 558, 0, 0
13144, 573, 376, 395, 0, 0, 26.70%, 0, 0, 4, 280.78, 3215386, 558, 0, 0
13149, 574, 89, 395, 0, 0, 26.70%, 0, 0, 4, 300.79, 3216569, 558, 0, 0
13154, 574, 180, 395, 0, 0, 26.70%, 0, 0, 4, 35.21, 3217741, 558, 0, 0
13159, 574, 279, 395, 0, 0, 26.70%, 0, 0, 4, 289.77, 3218976, 558, 0, 0
13164, 574, 371, 395, 0, 0, 26.70%, 0, 0, 4, 269.86, 3220136, 558, 0, 0
13170, 575, 51, 395, 0, 0, 26.70%, 0, 0, 4, 289.05, 3221390, 558, 0, 0
13175, 575, 177, 395, 0, 0, 26.70%, 0, 0, 4, 291.35, 3222596, 558, 0, 0
13180, 575, 287, 395, 0, 0, 26.70%, 0, 0, 4, 293.85, 3223901, 558, 0, 0
13185, 575, 362, 395, 0, 0, 26.70%, 0, 0, 4, 285.00, 3225012, 558, 0, 0
13190, 576, 41, 395, 0, 0, 26.70%, 0, 0, 4, 240.09, 3226274, 558, 0, 0
13195, 576, 93, 395, 0, 0, 26.70%, 0, 0, 4, 46.73, 3227491, 558, 0, 0
13200, 576, 177, 395, 0, 0, 26.70%, 0, 0, 4, 264.17, 3228736, 558, 0, 0
13206, 576, 286, 395, 0, 0, 26.70%, 0, 0, 4, 31.43, 3229976, 558, 0, 0
13211, 576, 362, 395, 0, 0, 26.70%, 0, 0, 4, 98.53, 3231249, 558, 0, 0
13216, 577, 58, 395, 0, 0, 26.70%, 0, 0, 4, 286.69, 3232471, 558, 0, 0
13221, 577, 148, 395, 0, 0, 26.70%, 0, 0, 4, 277.23, 3233617, 558, 0, 0
13226, 577, 248, 395, 0, 0, 26.70%, 0, 0, 4, 285.61, 3234876, 558, 0, 0
13231, 577, 336, 395, 0, 0, 26.70%, 0, 0, 4, 248.37, 3236145, 558, 0, 0
13236, 577, 392, 395, 0, 0, 26.70%, 0, 0, 4, 265.51, 3237281, 558, 0, 0
13241, 578, 113, 395, 0, 0, 26.70%, 0, 0, 4, 294.20, 3238556, 558, 0, 0
13246, 578, 220, 395, 0, 0, 26.70%, 0, 0, 4, 32.05, 3239766, 558, 0, 0
13251, 578, 327, 395, 0, 0, 26.70%, 0, 0, 4, 282.90, 3241011, 558, 0, 0
13256, 578, 376, 395, 0, 0, 26.70%, 0, 0, 4, 273.63, 3242166, 558, 0, 0
13261, 579, 55, 395, 0, 0, 26.70%, 0, 0, 4, 292.67, 3243381, 558, 0, 0
13267, 579, 175, 395, 0, 0, 26.70%, 0, 0, 4, 290.22, 3244596, 558, 0, 0
13272, 579, 286, 395, 0, 0, 26.70%, 0, 0, 4, 284.09, 3245861, 558, 0, 0
13277, 579, 370, 395, 0, 0, 26.70%, 0, 0, 4, 165.14, 3247059, 558, 0, 0
13282, 580, 51, 395, 0, 0, 26.70%, 0, 0, 4, 274.87, 3248276, 558, 0, 0
13287, 580, 162, 395, 0, 0, 26.70%, 0, 0, 4, 263.82, 3249486, 558, 0, 0
13292, 580, 248, 395, 0, 0, 26.70%, 0, 0, 4, 37.34, 3250640, 558, 0, 0
13297, 580, 360, 395, 0, 0, 26.70%, 0, 0, 4, 273.27, 3251861, 558, 0, 0
13302, 581, 5, 395, 0, 0, 26.70%, 0, 0, 4, 263.77, 3253006, 558, 0, 0
13308, 581, 113, 395, 0, 0, 26.70%, 0, 0, 4, 285.60, 3254315, 558, 0, 0
13313, 581, 201, 395, 0, 0, 26.70%, 0, 0, 4, 287.88, 3255571, 558, 0, 0
13318, 581, 302, 395, 0, 0, 26.70%, 0, 0, 4, 267.31, 3256771, 558, 0, 0
13323, 581, 370, 395, 0, 0, 26.70%, 0, 0, 4, 291.18, 3258126, 558, 0, 0
13328, 582, 36, 395, 0, 0, 26.70%, 0, 0, 4, 178.13, 3259248, 558, 0, 0
13333, 582, 109, 395, 0, 0, 26.70%, 0, 0, 4, 298.84, 3260526, 558, 0, 0
13339, 582, 199, 395, 0, 0, 26.70%, 0, 0, 4, 280.25, 3261831, 558, 0, 0
13344, 582, 327, 395, 0, 0, 26.70%, 0, 0, 4, 34.01, 3263026, 558, 0, 0
13349, 582, 370, 395, 0, 0, 26.70%, 0, 0, 4, 250.63, 3264239, 558, 0, 0
13354, 583, 86, 395, 0, 0, 26.70%, 0, 0, 4, 292.87, 3265506, 558, 0, 0
13359, 583, 190, 395, 0, 0, 26.70%, 0, 0, 4, 282.25, 3266771, 558, 0, 0
13364, 583, 310, 395, 0, 0, 26.70%, 0, 0, 4, 263.40, 3268036, 558, 0, 0
13369, 583, 360, 395, 0, 0, 26.70%, 0, 0, 4, 44.30, 3269199, 558, 0, 0
13374, 584, 15, 395, 0, 0, 26.70%, 0, 0, 4, 95.65, 3270406, 558, 0, 0
13379, 584, 125, 395, 0, 0, 26.70%, 0, 0, 4, 226.50, 3271707, 558, 0, 0
13384, 584, 220, 395, 0, 0, 26.70%, 0, 0, 4, 45.05, 3272866, 558, 0, 0
13390, 584, 352, 395, 0, 0, 26.70%, 0, 0, 4, 170.67, 3274109, 558, 0, 0
13395, 585, 75, 395, 0, 0, 26.70%, 0, 0, 4, 280.61, 3275401, 558, 0, 0
13400, 585, 187, 395, 0, 0, 26.70%, 0, 0, 4, 266.90, 3276641, 558, 0, 0
13405, 585, 273, 395, 0, 0, 26.70%, 0, 0, 4, 294.59, 3277836, 558, 0, 0
13410, 585, 362, 395, 0, 0, 26.70%, 0, 0, 4, 271.77, 3279121, 558, 0, 0
13415, 586, 78, 395, 0, 0, 26.70%, 0, 0, 4, 290.84, 3280416, 558, 0, 0
13420, 586, 180, 395, 0, 0, 26.70%, 0, 0, 4, 43.67, 3281581, 558, 0, 0
13425, 586, 294, 395, 0, 0, 26.70%, 0, 0, 4, 236.87, 3282811, 558, 0, 0
13430, 586, 361, 395, 0, 0, 26.70%, 0, 0, 4, 234.44, 3284026, 558, 0, 0
13436, 587, 51, 395, 0, 0, 26.70%, 0, 0, 4, 286.98, 3285276, 558, 0, 0
13441, 587, 113, 395, 0, 0, 26.70%, 0, 0, 4, 277.23, 3286437, 558, 0, 0
13446, 587, 204, 395, 0, 0, 26.70%, 0, 0, 4, 274.58, 3287701, 558, 0, 0
13451, 587, 327, 395, 0, 0, 26.70%, 0, 0, 4, 298.19, 3288986, 558, 0, 0
13456, 587, 373, 395, 0, 0, 26.70%, 0, 0, 4, 264.42, 3290116, 558, 0, 0
13461, 588, 100, 395, 0, 0, 26.70%, 0, 0, 4, 244.48, 3291406, 558, 0, 0
13466, 588, 211, 395, 0, 0, 26.70%, 0, 0, 4, 270.29, 3292671, 558, 0, 0
13471, 588, 327, 395, 0, 0, 26.70%, 0, 0, 4, 273.50, 3293916, 558, 0, 0
13476, 588, 373, 395, 0, 0, 26.70%, 0, 0, 4, 31.15, 3295081, 558, 0, 0
13481, 589, 79, 395, 0, 0, 26.70%, 0, 0, 4, 289.91, 3296316, 558, 0, 0
13486, 589, 177, 395, 0, 0, 26.70%, 0, 0, 4, 293.76, 3297586, 558, 0, 0
13492, 589, 248, 395, 0, 0, 26.70%, 0, 0, 4, 218.51, 3298782, 558, 0, 0
13497, 589, 341, 395, 0, 0, 26.70%, 0, 0, 4, 287.95, 3300026, 558, 0, 0
13502, 590, 5, 395, 0, 0, 26.70%, 0, 0, 4, 264.00, 3301281, 558, 0, 0
13507, 590, 104, 395, 0, 0, 26.70%, 0, 0, 4, 293.53, 3302465, 558, 0, 0
13512, 590, 220, 395, 0, 0, 26.70%, 0, 0, 4, 268.11, 3303706, 558, 0, 0
13517, 590, 294, 395, 0, 0, 26.70%, 0, 0, 4, 288.85, 3304981, 558, 0, 0
13522, 590, 370, 395, 0, 0, 26.70%, 0, 0, 4, 271.68, 3306201, 558, 0, 0
13527, 591, 54, 395, 0, 0, 26.70%, 0, 0, 4, 33.90, 3307361, 558, 0, 0
13532, 591, 153, 395, 0, 0, 26.70%, 0, 0, 4, 276.04, 3308661, 558, 0, 0
13538, 591, 248, 395, 0, 0, 26.70%, 0, 0, 4, 282.12, 3309956, 558, 0, 0
13543, 591, 336, 395, 0, 0, 26.70%, 0, 0, 4, 30.77, 3311116, 558, 0, 0
13548, 591, 391, 395, 0, 0, 26.70%, 0, 0, 4, 294.87, 3312076, 558, 0, 0
13553, 592, 113, 395, 0, 0, 26.70%, 0, 0, 4, 30.99, 3313320, 558, 0, 0
13558, 592, 198, 395, 0, 0, 26.70%, 0, 0, 4, 278.89, 3314596, 558, 0, 0
13563, 592, 289, 395, 0, 0, 26.70%, 0, 0, 4, 279.98, 3315636, 558, 0, 0
13568, 592, 376, 395, 0, 0, 26.70%, 0, 0, 4, 286.96, 3317126, 558, 0, 0
13573, 593, 77, 395, 0, 0, 26.70%, 0, 0, 4, 254.62, 3318176, 558, 0, 0
13579, 593, 180, 395, 0, 0, 26.70%, 0, 0, 4, 291.23, 3319281, 558, 0, 0
13584, 593, 294, 395, 0, 0, 26.70%, 0, 0, 4, 286.23, 3320776, 558, 0, 0
13589, 593, 361, 395, 0, 0, 26.70%, 0, 0, 4, 267.98, 3321881, 558, 0, 0
13594, 594, 5, 395, 0, 0, 26.70%, 0, 0, 4, 269.44, 3322966, 558, 0, 0
13599, 594, 146, 395, 0, 0, 26.70%, 0, 0, 4, 269.12, 3324416, 558, 0, 0
13604, 594, 220, 395, 0, 0, 26.70%, 0, 0, 4, 265.91, 3325561, 558, 0, 0
13609, 594, 336, 395, 0, 0, 26.70%, 0, 0, 4, 278.44, 3326606, 558, 0, 0
13615, 595, 24, 395, 0, 0, 26.70%, 0, 0, 4, 31.15, 3327986, 558, 0, 0
13620, 595, 156, 395, 0, 0, 26.70%, 0, 0, 4, 293.15, 3329226, 558, 0, 0
13625, 595, 199, 395, 0, 0, 26.70%, 0, 0, 4, 249.32, 3330342, 558, 0, 0
13630, 595, 305, 395, 0, 0, 26.70%, 0, 0, 4, 31.01, 3331603, 558, 0, 0
13635, 595, 370, 395, 0, 0, 26.70%, 0, 0, 4, 265.79, 3332861, 558, 0, 0
13640, 596, 33, 395, 0, 0, 26.70%, 0, 0, 4, 247.74, 3333906, 558, 0, 0
13645, 596, 156, 395, 0, 0, 26.70%, 0, 0, 4, 30.41, 3335208, 558, 0, 0
13650, 596, 279, 395, 0, 0, 26.70%, 0, 0, 4, 289.22, 3336461, 558, 0, 0
13655, 596, 352, 395, 0, 0, 26.70%, 0, 0, 4, 232.27, 3337518, 558, 0, 0
13661, 597, 16, 395, 0, 0, 26.70%, 0, 0, 4, 31.26, 3338775, 558, 0, 0
13666, 597, 156, 395, 0, 0, 26.70%, 0, 0, 4, 293.52, 3340121, 558, 0, 0
13671, 597, 215, 395, 0, 0, 26.70%, 0, 0, 4, 289.92, 3341246, 558, 0, 0
13676, 597, 318, 395, 0, 0, 26.70%, 0, 0, 4, 31.38, 3342437, 558, 0, 0
13681, 597, 392, 395, 0, 0, 26.70%, 0, 0, 4, 284.67, 3343771, 558, 0, 0
13686, 598, 114, 395, 0, 0, 26.70%, 0, 0, 4, 252.37, 3344866, 558, 0, 0
13691, 598, 220, 395, 0, 0, 26.70%, 0, 0, 4, 31.03, 3346017, 558, 0, 0
13696, 598, 312, 395, 0, 0, 26.70%, 0, 0, 4, 287.12, 3347361, 558, 0, 0
13702, 598, 371, 395, 0, 0, 26.70%, 0, 0, 4, 265.52, 3348441, 558, 0, 0
13707, 599, 73, 395, 0, 0, 26.70%, 0, 0, 4, 31.33, 3349566, 558, 0, 0
13712, 599, 198, 395, 0, 0, 26.70%, 0, 0, 4, 263.33, 3351041, 558, 0, 0
13717, 599, 294, 395, 0, 0, 26.70%, 0, 0, 4, 262.63, 3352166, 558, 0, 0
13722, 599, 360, 395, 0, 0, 26.70%, 0, 0, 4, 39.04, 3353233, 558, 0, 0
13727, 600, 75, 395, 0, 0, 26.70%, 0, 0, 4, 289.36, 3354721, 558, 0, 0
13733, 600, 156, 395, 0, 0, 26.70%, 0, 0, 4, 274.52, 3355811, 558, 0, 0
13738, 600, 228, 395, 0, 0, 26.70%, 0, 0, 4, 31.59, 3356874, 558, 0, 0
13743, 600, 358, 395, 0, 0, 26.70%, 0, 0, 4, 271.39, 3358336, 558, 0, 0
13748, 600, 392, 395, 0, 0, 26.70%, 0, 0, 4, 285.76, 3359401, 558, 0, 0
13753, 601, 75, 395, 0, 0, 26.70%, 0, 0, 4, 290.64, 3360492, 558, 0, 0
13758, 601, 199, 395, 0, 0, 26.70%, 0, 0, 4, 291.15, 3362001, 558, 0, 0
13763, 601, 305, 395, 0, 0, 26.70%, 0, 0, 4, 288.46, 3363056, 558, 0, 0
13768, 601, 353, 395, 0, 0, 26.70%, 0, 0, 4, 224.11, 3364088, 558, 0, 0
13773, 602, 75, 395, 0, 0, 26.70%, 0, 0, 4, 275.19, 3365581, 558, 0, 0
13779, 602, 177, 395, 0, 0, 26.70%, 0, 0, 4, 291.81, 3366686, 558, 0, 0
13784, 602, 249, 395, 0, 0, 26.70%, 0, 0, 4, 296.76, 3367786, 558, 0, 0
13789, 602, 360, 395, 0, 0, 26.70%, 0, 0, 4, 282.26, 3369261, 558, 0, 0
13794, 603, 5, 395, 0, 0, 26.70%, 0, 0, 4, 287.35, 3370386, 558, 0, 0
13799, 603, 114, 395, 0, 0, 26.70%, 0, 0, 4, 286.20, 3371486, 558, 0, 0
13804, 603, 218, 395, 0, 0, 26.70%, 0, 0, 4, 31.15, 3372856, 558, 0, 0
13809, 603, 336, 395, 0, 0, 26.70%, 0, 0, 4, 289.14, 3374046, 558, 0, 0
13814, 603, 373, 395, 0, 0, 26.70%, 0, 0, 4, 278.16, 3375101, 558, 0, 0
13820, 604, 80, 395, 0, 0, 26.70%, 0, 0, 4, 31.15, 3376428, 558, 0, 0
13825, 604, 180, 395, 0, 0, 26.70%, 0, 0, 4, 288.22, 3377671, 558, 0, 0
13830, 604, 268, 395, 0, 0, 26.70%, 0, 0, 4, 254.17, 3378741, 558, 0, 0
13835, 604, 341, 395, 0, 0, 26.70%, 0, 0, 4, 31.36, 3380000, 558, 0, 0
13840, 604, 392, 395, 0, 0, 26.70%, 0, 0, 4, 285.84, 3381266, 558, 0, 0
13845, 605, 59, 395, 0, 0, 26.70%, 0, 0, 4, 295.00, 3382381, 558, 0, 0
13850, 605, 178, 395, 0, 0, 26.70%, 0, 0, 4, 31.45, 3383602, 558, 0, 0
13855, 605, 297, 395, 0, 0, 26.70%, 0, 0, 4, 290.04, 3384951, 558, 0, 0
13860, 605, 360, 395, 0, 0, 26.70%, 0, 0, 4, 267.00, 3385991, 558, 0, 0
13866, 606, 5, 395, 0, 0, 26.70%, 0, 0, 4, 29.05, 3387109, 558, 0, 0
13871, 606, 122, 395, 0, 0, 26.70%, 0, 0, 4, 292.31, 3388566, 558, 0, 0
13876, 606, 191, 395, 0, 0, 26.70%, 0, 0, 4, 288.73, 3389666, 558, 0, 0
13881, 606, 273, 395, 0, 0, 26.70%, 0, 0, 4, 30.46, 3390759, 558, 0, 0
13886, 606, 362, 395, 0, 0, 26.70%, 0, 0, 4, 283.56, 3392236, 558, 0, 0
13891, 607, 24, 395, 0, 0, 26.70%, 0, 0, 4, 287.14, 3393281, 558, 0, 0
13896, 607, 129, 395, 0, 0, 26.70%, 0, 0, 4, 32.50, 3394390, 558, 0, 0
13902, 607, 212, 395, 0, 0, 26.70%, 0, 0, 4, 288.55, 3395891, 558, 0, 0
13907, 607, 294, 395, 0, 0, 26.70%, 0, 0, 4, 287.56, 3396971, 558, 0, 0
13912, 607, 362, 395, 0, 0, 26.70%, 0, 0, 4, 37.46, 3398025, 558, 0, 0
13917, 608, 50, 395, 0, 0, 26.70%, 0, 0, 4, 282.38, 3399481, 558, 0, 0
13922, 608, 113, 395, 0, 0, 26.70%, 0, 0, 4, 255.05, 3400596, 558, 0, 0
13927, 608, 198, 395, 0, 0, 26.70%, 0, 0, 4, 288.20, 3401706, 558, 0, 0
13932, 608, 335, 395, 0, 0, 26.70%, 0, 0, 4, 274.30, 3403096, 558, 0, 0
13937, 608, 371, 395, 0, 0, 26.70%, 0, 0, 4, 288.22, 3404216, 558, 0, 0
13942, 609, 76, 395, 0, 0, 26.70%, 0, 0, 4, 214.29, 3405270, 558, 0, 0
13948, 609, 160, 395, 0, 0, 26.70%, 0, 0, 4, 31.35, 3406641, 558, 0, 0
13953, 609, 200, 395, 0, 0, 26.70%, 0, 0, 4, 289.47, 3407836, 558, 0, 0
13958, 609, 286, 395, 0, 0, 26.70%, 0, 0, 4, 251.31, 3408893, 558, 0, 0
13963, 609, 361, 395, 0, 0, 26.70%, 0, 0, 4, 46.42, 3410117, 558, 0, 0
13968, 610, 60, 395, 0, 0, 26.70%, 0, 0, 4, 287.53, 3411411, 558, 0, 0
13973, 610, 140, 395, 0, 0, 26.70%, 0, 0, 4, 272.37, 3412531, 558, 0, 0
13978, 610, 220, 395, 0, 0, 26.70%, 0, 0, 4, 290.64, 3413644, 558, 0, 0
13983, 610, 360, 395, 0, 0, 26.70%, 0, 0, 4, 284.48, 3415071, 558, 0, 0
13988, 611, 5, 395, 0, 0, 26.70%, 0, 0, 4, 276.40, 3416096, 558, 0, 0
13993, 611, 90, 395, 0, 0, 26.70%, 0, 0, 4, 300.00, 3417159, 558, 0, 0
13999, 611, 198, 395, 0, 0, 26.70%, 0, 0, 4, 290.24, 3418651, 558, 0, 0
14004, 611, 279, 395, 0, 0, 26.70%, 0, 0, 4, 289.43, 3419711, 558, 0, 0
14009, 611, 352, 395, 0, 0, 26.70%, 0, 0, 4, 256.52, 3420816, 558, 0, 0
14014, 612, 51, 395, 0, 0, 26.70%, 0, 0, 4, 267.21, 3422261, 558, 0, 0
14019, 612, 147, 395, 0, 0, 26.70%, 0, 0, 4, 263.93, 3423426, 558, 0, 0
14024, 612, 198, 395, 0, 0, 26.70%, 0, 0, 4, 290.20, 3424521, 558, 0, 0
14030, 612, 305, 395, 0, 0, 26.70%, 0, 0, 4, 31.55, 3425871, 558, 0, 0
14035, 612, 371, 395, 0, 0, 26.70%, 0, 0, 4, 289.36, 3427061, 558, 0, 0
14040, 613, 54, 395, 0, 0, 26.70%, 0, 0, 4, 266.08, 3428136, 558, 0, 0
14045, 613, 187, 395, 0, 0, 26.70%, 0, 0, 4, 31.35, 3429461, 558, 0, 0
14050, 613, 286, 395, 0, 0, 26.70%, 0, 0, 4, 262.91, 3430726, 558, 0, 0
14055, 613, 363, 395, 0, 0, 26.70%, 0, 0, 4, 260.29, 3431751, 558, 0, 0
14060, 614, 51, 395, 0, 0, 26.70%, 0, 0, 4, 31.38, 3432904, 558, 0, 0
14066, 614, 187, 395, 0, 0, 26.70%, 0, 0, 4, 281.40, 3434336, 558, 0, 0
14071, 614, 298, 395, 0, 0, 26.70%, 0, 0, 4, 247.56, 3435437, 558, 0, 0
14076, 614, 371, 395, 0, 0, 26.70%, 0, 0, 4, 183.17, 3436496, 558, 0, 0
14081, 615, 156, 395, 0, 0, 26.70%, 0, 0, 4, 269.91, 3437996, 558, 0, 0
14086, 615, 247, 395, 0, 0, 26.70%, 0, 0, 4, 286.12, 3439101, 558, 0, 0
14091, 615, 344, 395, 0, 0, 26.70%, 0, 0, 4, 246.15, 3440157, 558, 0, 0
14096, 616, 38, 395, 0, 0, 26.70%, 0, 0, 4, 278.24, 3441646, 558, 0, 0
14102, 616, 113, 395, 0, 0, 26.70%, 0, 0, 4, 291.46, 3442756, 558, 0, 0
14107, 616, 176, 395, 0, 0, 26.70%, 0, 0, 4, 288.63, 3443816, 558, 0, 0
14112, 616, 279, 395, 0, 0, 26.70%, 0, 0, 4, 289.11, 3445316, 558, 0, 0
14117, 616, 360, 395, 0, 0, 26.70%, 0, 0, 4, 258.96, 3446406, 558, 0, 0
14122, 617, 5, 395, 0, 0, 26.70%, 0, 0, 4, 286.94, 3447456, 558, 0, 0
14127, 617, 162, 395, 0, 0, 26.70%, 0, 0, 4, 279.11, 3448861, 558, 0, 0
14132, 617, 235, 395, 0, 0, 26.70%, 0, 0, 4, 260.35, 3450021, 558, 0, 0
14137, 617, 327, 395, 0, 0, 26.70%, 0, 0, 4, 214.31, 3451078, 558, 0, 0
14142, 617, 391, 395, 0, 0, 26.70%, 0, 0, 4, 31.06, 3452406, 558, 0, 0
14147, 618, 93, 395, 0, 0, 26.70%, 0, 0, 4, 273.42, 3453571, 558, 0, 0
14152, 618, 187, 395, 0, 0, 26.70%, 0, 0, 4, 291.13, 3454641, 558, 0, 0
14158, 618, 305, 395, 0, 0, 26.70%, 0, 0, 4, 31.35, 3456021, 558, 0, 0
14163, 618, 371, 395, 0, 0, 26.70%, 0, 0, 4, 259.18, 3457276, 558, 0, 0
14168, 619, 54, 395, 0, 0, 26.70%, 0, 0, 4, 290.49, 3458366, 558, 0, 0
14173, 619, 165, 395, 0, 0, 26.70%, 0, 0, 4, 31.19, 3459683, 558, 0, 0
14178, 619, 248, 395, 0, 0, 26.70%, 0, 0, 4, 293.02, 3460991, 558, 0, 0
14184, 619, 336, 395, 0, 0, 26.70%, 0, 0, 4, 235.31, 3462090, 558, 0, 0
14189, 619, 391, 395, 0, 0, 26.70%, 0, 0, 4, 31.06, 3463277, 558, 0, 0
14194, 620, 115, 395, 0, 0, 26.70%, 0, 0, 4, 288.65, 3464681, 558, 0, 0
14199, 620, 187, 395, 0, 0, 26.70%, 0, 0, 4, 288.71, 3465771, 558, 0, 0
14204, 620, 273, 395, 0, 0, 26.70%, 0, 0, 4, 31.48, 3466904, 558, 0, 0
14209, 620, 361, 395, 0, 0, 26.70%, 0, 0, 4, 286.18, 3468351, 558, 0, 0
14215, 621, 51, 395, 0, 0, 26.70%, 0, 0, 4, 267.70, 3469441, 558, 0, 0
14220, 621, 160, 395, 0, 0, 26.70%, 0, 0, 4, 235.00, 3470548, 558, 0, 0
14225, 621, 279, 395, 0, 0, 26.70%, 0, 0, 4, 278.77, 3472051, 558, 0, 0
14230, 621, 360, 395, 0, 0, 26.70%, 0, 0, 4, 273.52, 3473146, 558, 0, 0
14235, 622, 9, 395, 0, 0, 26.70%, 0, 0, 4, 291.95, 3474251, 558, 0, 0
14240, 622, 160, 395, 0, 0, 26.70%, 0, 0, 4, 291.90, 3475751, 558, 0, 0
14245, 622, 220, 395, 0, 0, 26.70%, 0, 0, 4, 285.83, 3476815, 558, 0, 0
14251, 622, 339, 395, 0, 0, 26.70%, 0, 0, 4, 293.84, 3477866, 558, 0, 0
14256, 623, 32, 395, 0, 0, 26.70%, 0, 0, 4, 286.17, 3479336, 558, 0, 0
14261, 623, 90, 395, 0, 0, 26.70%, 0, 0, 4, 247.34, 3480412, 558, 0, 0
14266, 623, 175, 395, 0, 0, 26.70%, 0, 0, 4, 290.22, 3481511, 558, 0, 0
14271, 623, 277, 395, 0, 0, 26.70%, 0, 0, 4, 290.12, 3483015, 558, 0, 0
14276, 623, 352, 395, 0, 0, 26.70%, 0, 0, 4, 286.74, 3484061, 558, 0, 0
14281, 623, 391, 395, 0, 0, 26.70%, 0, 0, 4, 174.40, 3485115, 558, 0, 0
14286, 624, 126, 395, 0, 0, 26.70%, 0, 0, 4, 265.58, 3486571, 558, 0, 0
14291, 624, 220, 395, 0, 0, 26.70%, 0, 0, 4, 291.97, 3487641, 558, 0, 0
14296, 624, 305, 395, 0, 0, 26.70%, 0, 0, 4, 285.93, 3488736, 558, 0, 0
14302, 624, 391, 395, 0, 0, 26.70%, 0, 0, 4, 288.03, 3490226, 558, 0, 0
14307, 625, 103, 395, 0, 0, 26.70%, 0, 0, 4, 267.82, 3491326, 558, 0, 0
14312, 625, 187, 395, 0, 0, 26.70%, 0, 0, 4, 292.17, 3492401, 558, 0, 0
14317, 625, 294, 395, 0, 0, 26.70%, 0, 0, 4, 291.10, 3493896, 558, 0, 0
14322, 625, 361, 395, 0, 0, 26.70%, 0, 0, 4, 273.45, 3494921, 558, 0, 0
14327, 626, 22, 395, 0, 0, 26.70%, 0, 0, 4, 223.09, 3496020, 558, 0, 0
14332, 626, 144, 395, 0, 0, 26.70%, 0, 0, 4, 277.42, 3497541, 558, 0, 0
14338, 626, 199, 395, 0, 0, 26.70%, 0, 0, 4, 290.67, 3498631, 558, 0, 0
14343, 626, 279, 395, 0, 0, 26.70%, 0, 0, 4, 288.22, 3499691, 558, 0, 0
14348, 626, 361, 395, 0, 0, 26.70%, 0, 0, 4, 282.68, 3501165, 558, 0, 0
14353, 627, 15, 395, 0, 0, 26.70%, 0, 0, 4, 275.39, 3502271, 558, 0, 0
14358, 627, 113, 395, 0, 0, 26.70%, 0, 0, 4, 295.02, 3503366, 558, 0, 0
14363, 627, 192, 395, 0, 0, 26.70%, 0, 0, 4, 31.06, 3504756, 558, 0, 0
14368, 627, 286, 395, 0, 0, 26.70%, 0, 0, 4, 288.25, 3505936, 558, 0, 0
14373, 627, 361, 395, 0, 0, 26.70%, 0, 0, 4, 234.46, 3506997, 558, 0, 0
14378, 628, 51, 395, 0, 0, 26.70%, 0, 0, 4, 31.26, 3508293, 558, 0, 0
14384, 628, 156, 395, 0, 0, 26.70%, 0, 0, 4, 289.79, 3509516, 558, 0, 0
14389, 628, 220, 395, 0, 0, 26.70%, 0, 0, 4, 289.12, 3510606, 558, 0, 0
14394, 628, 327, 395, 0, 0, 26.70%, 0, 0, 4, 30.30, 3511820, 558, 0, 0
14399, 628, 376, 395, 0, 0, 26.70%, 0, 0, 4, 260.72, 3513171, 558, 0, 0
14404, 629, 90, 395, 0, 0, 26.70%, 0, 0, 4, 292.09, 3514261, 558, 0, 0
14409, 629, 187, 395, 0, 0, 26.70%, 0, 0, 4, 31.60, 3515366, 558, 0, 0
14414, 629, 305, 395, 0, 0, 26.70%, 0, 0, 4, 290.82, 3516866, 558, 0, 0
14420, 629, 371, 395, 0, 0, 26.70%, 0, 0, 4, 279.97, 3517951, 558, 0, 0
14425, 630, 61, 395, 0, 0, 26.70%, 0, 0, 4, 244.37, 3519056, 558, 0, 0
14430, 630, 199, 395, 0, 0, 26.70%, 0, 0, 4, 281.07, 3520556, 558, 0, 0
14435, 630, 305, 395, 0, 0, 26.70%, 0, 0, 4, 277.96, 3521616, 558, 0, 0
14440, 630, 373, 395, 0, 0, 26.70%, 0, 0, 4, 292.74, 3522701, 558, 0, 0
14445, 631, 78, 395, 0, 0, 26.70%, 0, 0, 4, 31.15, 3524136, 558, 0, 0
14450, 631, 160, 395, 0, 0, 26.70%, 0, 0, 4, 259.98, 3525286, 558, 0, 0
14456, 631, 251, 395, 0, 0, 26.70%, 0, 0, 4, 290.41, 3526390, 558, 0, 0
14461, 631, 341, 395, 0, 0, 26.70%, 0, 0, 4, 31.06, 3527761, 558, 0, 0
14466, 632, 13, 395, 0, 0, 26.70%, 0, 0, 4, 285.68, 3528926, 558, 0, 0
14471, 632, 119, 395, 0, 0, 26.70%, 0, 0, 4, 217.45, 3529987, 558, 0, 0
14476, 632, 239, 395, 0, 0, 26.70%, 0, 0, 4, 31.63, 3531323, 558, 0, 0
14481, 632, 336, 395, 0, 0, 26.70%, 0, 0, 4, 288.01, 3532551, 558, 0, 0
14486, 632, 373, 395, 0, 0, 26.70%, 0, 0, 4, 235.50, 3533595, 558, 0, 0
14491, 633, 89, 395, 0, 0, 26.70%, 0, 0, 4, 31.46, 3534835, 558, 0, 0
14497, 633, 177, 395, 0, 0, 26.70%, 0, 0, 4, 288.03, 3536171, 558, 0, 0
14502, 633, 273, 395, 0, 0, 26.70%, 0, 0, 4, 262.01, 3537236, 558, 0, 0
14507, 633, 352, 395, 0, 0, 26.70%, 0, 0, 4, 47.62, 3538379, 558, 0, 0
14512, 634, 52, 395, 0, 0, 26.70%, 0, 0, 4, 286.43, 3539746, 558, 0, 0
14517, 634, 156, 395, 0, 0, 26.70%, 0, 0, 4, 254.69, 3540841, 558, 0, 0
14522, 634, 272, 395, 0, 0, 26.70%, 0, 0, 4, 30.28, 3542041, 558, 0, 0
14527, 634, 352, 395, 0, 0, 26.70%, 0, 0, 4, 283.31, 3543366, 558, 0, 0
14532, 634, 391, 395, 0, 0, 26.70%, 0, 0, 4, 292.49, 3544446, 558, 0, 0
14537, 635, 85, 395, 0, 0, 26.70%, 0, 0, 4, 184.08, 3545516, 558, 0, 0
14543, 635, 160, 395, 0, 0, 26.70%, 0, 0, 4, 271.92, 3547026, 558, 0, 0
14548, 635, 231, 395, 0, 0, 26.70%, 0, 0, 4, 289.56, 3548111, 558, 0, 0
14553, 635, 286, 395, 0, 0, 26.70%, 0, 0, 4, 249.21, 3549183, 558, 0, 0
14558, 635, 376, 395, 0, 0, 26.70%, 0, 0, 4, 281.74, 3550671, 558, 0, 0
14563, 636, 90, 395, 0, 0, 26.70%, 0, 0, 4, 265.53, 3551765, 558, 0, 0
14568, 636, 187, 395, 0, 0, 26.70%, 0, 0, 4, 284.80, 3552861, 558, 0, 0
14573, 636, 305, 395, 0, 0, 26.70%, 0, 0, 4, 284.63, 3554301, 558, 0, 0
14578, 636, 371, 395, 0, 0, 26.70%, 0, 0, 4, 246.74, 3555382, 558, 0, 0
14584, 637, 54, 395, 0, 0, 26.70%, 0, 0, 4, 185.90, 3556432, 558, 0, 0
14589, 637, 175, 395, 0, 0, 26.70%, 0, 0, 4, 258.46, 3557911, 558, 0, 0
14594, 637, 279, 395, 0, 0, 26.70%, 0, 0, 4, 287.70, 3559046, 558, 0, 0
14599, 637, 360, 395, 0, 0, 26.70%, 0, 0, 4, 268.09, 3560136, 558, 0, 0
14604, 638, 54, 395, 0, 0, 26.70%, 0, 0, 4, 31.35, 3561491, 558, 0, 0
14609, 638, 162, 395, 0, 0, 26.70%, 0, 0, 4, 255.78, 3562691, 558, 0, 0
14614, 638, 254, 395, 0, 0, 26.70%, 0, 0, 4, 284.37, 3563771, 558, 0, 0
14620, 638, 344, 395, 0, 0, 26.70%, 0, 0, 4, 31.23, 3565030, 558, 0, 0
14625, 639, 5, 395, 0, 0, 26.70%, 0, 0, 4, 283.99, 3566296, 558, 0, 0
14630, 639, 90, 395, 0, 0, 26.70%, 0, 0, 4, 219.24, 3567369, 558, 0, 0
14635, 639, 199, 395, 0, 0, 26.70%, 0, 0, 4, 28.91, 3568653, 558, 0, 0
14640, 639, 294, 395, 0, 0, 26.70%, 0, 0, 4, 290.75, 3569941, 558, 0, 0
14645, 639, 365, 395, 0, 0, 26.70%, 0, 0, 4, 267.07, 3571031, 558, 0, 0
14650, 640, 39, 395, 0, 0, 26.70%, 0, 0, 4, 31.63, 3572245, 558, 0, 0
14655, 640, 152, 395, 0, 0, 26.70%, 0, 0, 4, 292.66, 3573606, 558, 0, 0
14661, 640, 199, 395, 0, 0, 26.70%, 0, 0, 4, 275.63, 3574711, 558, 0, 0
14666, 640, 305, 395, 0, 0, 26.70%, 0, 0, 4, 30.81, 3575877, 558, 0, 0
14671, 640, 373, 395, 0, 0, 26.70%, 0, 0, 4, 287.12, 3577266, 558, 0, 0
14676, 641, 54, 395, 0, 0, 26.70%, 0, 0, 4, 240.61, 3578339, 558, 0, 0
14681, 641, 152, 395, 0, 0, 26.70%, 0, 0, 4, 31.04, 3579459, 558, 0, 0
14686, 641, 273, 395, 0, 0, 26.70%, 0, 0, 4, 292.28, 3580916, 558, 0, 0
14691, 641, 341, 395, 0, 0, 26.70%, 0, 0, 4, 285.79, 3581976, 558, 0, 0
14696, 641, 376, 395, 0, 0, 26.70%, 0, 0, 4, 45.62, 3583057, 558, 0, 0
14701, 642, 87, 395, 0, 0, 26.70%, 0, 0, 4, 291.17, 3584546, 558, 0, 0
14706, 642, 177, 395, 0, 0, 26.70%, 0, 0, 4, 286.84, 3585606, 558, 0, 0
14712, 642, 248, 395, 0, 0, 26.70%, 0, 0, 4, 292.08, 3586715, 558, 0, 0
14717, 642, 352, 395, 0, 0, 26.70%, 0, 0, 4, 286.82, 3588196, 558, 0, 0
14722, 643, 2, 395, 0, 0, 26.70%, 0, 0, 4, 285.11, 3589271, 558, 0, 0
14727, 643, 90, 395, 0, 0, 26.70%, 0, 0, 4, 196.29, 3590362, 558, 0, 0
14732, 643, 199, 395, 0, 0, 26.70%, 0, 0, 4, 272.45, 3591861, 558, 0, 0
14737, 643, 326, 395, 0, 0, 26.70%, 0, 0, 4, 290.60, 3592921, 558, 0, 0
14742, 643, 376, 395, 0, 0, 26.70%, 0, 0, 4, 292.75, 3593996, 558, 0, 0
14747, 644, 90, 395, 0, 0, 26.70%, 0, 0, 4, 293.04, 3595501, 558, 0, 0
14752, 644, 194, 395, 0, 0, 26.70%, 0, 0, 4, 284.25, 3596541, 558, 0, 0
14758, 644, 273, 395, 0, 0, 26.70%, 0, 0, 4, 283.01, 3597601, 558, 0, 0
14763, 644, 352, 395, 0, 0, 26.70%, 0, 0, 4, 279.26, 3599061, 558, 0, 0
14768, 645, 5, 395, 0, 0, 26.70%, 0, 0, 4, 271.04, 3600146, 558, 0, 0
14773, 645, 90, 395, 0, 0, 26.70%, 0, 0, 4, 297.40, 3601266, 558, 0, 0
14778, 645, 187, 395, 0, 0, 26.70%, 0, 0, 4, 56.82, 3602666, 558, 0, 0
14783, 645, 273, 395, 0, 0, 26.70%, 0, 0, 4, 287.42, 3603806, 558, 0, 0
14788, 645, 327, 395, 0, 0, 26.70%, 0, 0, 4, 287.87, 3604851, 558, 0, 0
14793, 645, 376, 395, 0, 0, 26.70%, 0, 0, 4, 45.24, 3606135, 558, 0, 0
14798, 646, 61, 395, 0, 0, 26.70%, 0, 0, 4, 290.58, 3607411, 558, 0, 0
14804, 646, 135, 395, 0, 0, 26.70%, 0, 0, 4, 292.77, 3608516, 558, 0, 0
14809, 646, 214, 395, 0, 0, 26.70%, 0, 0, 4, 30.30, 3609778, 558, 0, 0
14814, 646, 346, 395, 0, 0, 26.70%, 0, 0, 4, 267.84, 3611076, 558, 0, 0
14819, 646, 391, 395, 0, 0, 26.70%, 0, 0, 4, 288.65, 3612161, 558, 0, 0
14824, 647, 90, 395, 0, 0, 26.70%, 0, 0, 4, 31.26, 3613372, 558, 0, 0
14829, 647, 195, 395, 0, 0, 26.70%, 0, 0, 4, 289.57, 3614721, 558, 0, 0
14834, 647, 279, 395, 0, 0, 26.70%, 0, 0, 4, 290.22, 3615781, 558, 0, 0
14839, 647, 361, 395, 0, 0, 26.70%, 0, 0, 4, 31.60, 3616972, 558, 0, 0
14845, 648, 28, 395, 0, 0, 26.70%, 0, 0, 4, 283.89, 3618331, 558, 0, 0
14850, 648, 113, 395, 0, 0, 26.70%, 0, 0, 4, 296.83, 3619436, 558, 0, 0
14855, 648, 180, 395, 0, 0, 26.70%, 0, 0, 4, 30.32, 3620587, 558, 0, 0
14860, 648, 293, 395, 0, 0, 26.70%, 0, 0, 4, 271.25, 3622031, 558, 0, 0
14865, 648, 352, 395, 0, 0, 26.70%, 0, 0, 4, 286.79, 3623081, 558, 0, 0
14870, 649, 4, 395, 0, 0, 26.70%, 0, 0, 4, 282.18, 3624131, 558, 0, 0
14875, 649, 145, 395, 0, 0, 26.70%, 0, 0, 4, 289.85, 3625631, 558, 0, 0
14880, 649, 199, 395, 0, 0, 26.70%, 0, 0, 4, 286.31, 3626676, 558, 0, 0
14885, 649, 327, 395, 0, 0, 26.70%, 0, 0, 4, 281.81, 3627756, 558, 0, 0
14890, 649, 392, 395, 0, 0, 26.70%, 0, 0, 4, 285.72, 3629236, 558, 0, 0
14896, 650, 90, 395, 0, 0, 26.70%, 0, 0, 4, 289.73, 3630321, 558, 0, 0
14901, 650, 187, 395, 0, 0, 26.70%, 0, 0, 4, 224.48, 3631388, 558, 0, 0
14906, 650, 279, 395, 0, 0, 26.70%, 0, 0, 4, 263.58, 3632861, 558, 0, 0
14911, 650, 360, 395, 0, 0, 26.70%, 0, 0, 4, 245.06, 3633975, 558, 0, 0
14916, 650, 392, 395, 0, 0, 26.70%, 0, 0, 4, 275.73, 3634981, 558, 0, 0
14921, 651, 108, 395, 0, 0, 26.70%, 0, 0, 4, 31.15, 3636351, 558, 0, 0
14926, 651, 195, 395, 0, 0, 26.70%, 0, 0, 4, 291.67, 3637526, 558, 0, 0
14931, 651, 294, 395, 0, 0, 26.70%, 0, 0, 4, 288.42, 3638621, 558, 0, 0
14937, 651, 361, 395, 0, 0, 26.70%, 0, 0, 4, 31.53, 3639845, 558, 0, 0
14942, 652, 51, 395, 0, 0, 26.70%, 0, 0, 4, 287.22, 3641165, 558, 0, 0
14947, 652, 135, 395, 0, 0, 26.70%, 0, 0, 4, 291.17, 3642271, 558, 0, 0
14952, 652, 187, 395, 0, 0, 26.70%, 0, 0, 4, 31.11, 3643454, 558, 0, 0
14957, 652, 327, 395, 0, 0, 26.70%, 0, 0, 4, 261.78, 3644876, 558, 0, 0
14963, 652, 391, 395, 0, 0, 26.70%, 0, 0, 4, 288.54, 3645976, 558, 0, 0
14968, 653, 90, 395, 0, 0, 26.70%, 0, 0, 4, 232.77, 3647065, 558, 0, 0
14973, 653, 228, 395, 0, 0, 26.70%, 0, 0, 4, 271.29, 3648541, 558, 0, 0
14978, 653, 324, 395, 0, 0, 26.70%, 0, 0, 4, 293.02, 3649666, 558, 0, 0
14983, 653, 371, 395, 0, 0, 26.70%, 0, 0, 4, 295.31, 3650716, 558, 0, 0
14988, 654, 90, 395, 0, 0, 26.70%, 0, 0, 4, 43.99, 3652113, 558, 0, 0
14993, 654, 223, 395, 0, 0, 26.70%, 0, 0, 4, 289.12, 3653286, 558, 0, 0
14998, 654, 294, 395, 0, 0, 26.70%, 0, 0, 4, 289.05, 3654336, 558, 0, 0
15003, 654, 363, 395, 0, 0, 26.70%, 0, 0, 4, 31.55, 3655701, 558, 0, 0
15009, 655, 51, 395, 0, 0, 26.70%, 0, 0, 4, 284.07, 3656861, 558, 0, 0
15014, 655, 113, 395, 0, 0, 26.70%, 0, 0, 4, 214.55, 3657917, 558, 0, 0
15019, 655, 220, 395, 0, 0, 26.70%, 0, 0, 4, 31.77, 3659154, 558, 0, 0
15024, 655, 327, 395, 0, 0, 26.70%, 0, 0, 4, 269.49, 3660416, 558, 0, 0
15029, 655, 373, 395, 0, 0, 26.70%, 0, 0, 4, 290.98, 3661486, 558, 0, 0
15034, 656, 57, 395, 0, 0, 26.70%, 0, 0, 4, 39.55, 3662677, 558, 0, 0
15039, 656, 177, 395, 0, 0, 26.70%, 0, 0, 4, 292.16, 3664026, 558, 0, 0
15044, 656, 286, 395, 0, 0, 26.70%, 0, 0, 4, 263.41, 3665076, 558, 0, 0
15049, 656, 370, 395, 0, 0, 26.70%, 0, 0, 4, 36.05, 3666196, 558, 0, 0
15054, 657, 90, 395, 0, 0, 26.70%, 0, 0, 4, 293.42, 3667656, 558, 0, 0
15060, 657, 180, 395, 0, 0, 26.70%, 0, 0, 4, 246.66, 3668755, 558, 0, 0
15065, 657, 248, 395, 0, 0, 26.70%, 0, 0, 4, 174.13, 3669824, 558, 0, 0
15070, 657, 336, 395, 0, 0, 26.70%, 0, 0, 4, 265.47, 3671311, 558, 0, 0
15075, 657, 376, 395, 0, 0, 26.70%, 0, 0, 4, 253.55, 3672351, 558, 0, 0
15080, 658, 80, 395, 0, 0, 26.70%, 0, 0, 4, 175.94, 3673432, 558, 0, 0
15085, 658, 198, 395, 0, 0, 26.70%, 0, 0, 4, 267.16, 3674936, 558, 0, 0
15090, 658, 305, 395, 0, 0, 26.70%, 0, 0, 4, 291.17, 3676026, 558, 0, 0
15095, 658, 373, 395, 0, 0, 26.70%, 0, 0, 4, 266.88, 3677071, 558, 0, 0
15101, 659, 90, 395, 0, 0, 26.70%, 0, 0, 4, 281.78, 3678565, 558, 0, 0
15106, 659, 156, 395, 0, 0, 26.70%, 0, 0, 4, 292.44, 3679701, 558, 0, 0
15111, 659, 248, 395, 0, 0, 26.70%, 0, 0, 4, 223.10, 3680798, 558, 0, 0
15116, 659, 331, 395, 0, 0, 26.70%, 0, 0, 4, 30.31, 3682103, 558, 0, 0
15121, 659, 387, 395, 0, 0, 26.70%, 0, 0, 4, 286.63, 3683366, 558, 0, 0
15126, 660, 54, 395, 0, 0, 26.70%, 0, 0, 4, 263.10, 3684431, 558, 0, 0
15131, 660, 131, 395, 0, 0, 26.70%, 0, 0, 4, 30.38, 3685650, 558, 0, 0
15136, 660, 248, 395, 0, 0, 26.70%, 0, 0, 4, 291.28, 3686956, 558, 0, 0
15142, 660, 324, 395, 0, 0, 26.70%, 0, 0, 4, 254.98, 3688061, 558, 0, 0
15147, 660, 376, 395, 0, 0, 26.70%, 0, 0, 4, 37.14, 3689208, 558, 0, 0
15152, 661, 113, 395, 0, 0, 26.70%, 0, 0, 4, 280.98, 3690581, 558, 0, 0
15157, 661, 185, 395, 0, 0, 26.70%, 0, 0, 4, 257.18, 3691646, 558, 0, 0
15162, 661, 281, 395, 0, 0, 26.70%, 0, 0, 4, 217.82, 3692745, 558, 0, 0
15167, 661, 370, 395, 0, 0, 26.70%, 0, 0, 4, 272.69, 3694231, 558, 0, 0
15172, 662, 21, 395, 0, 0, 26.70%, 0, 0, 4, 265.71, 3695281, 558, 0, 0
15178, 662, 160, 395, 0, 0, 26.70%, 0, 0, 4, 293.22, 3696386, 558, 0, 0
15183, 662, 286, 395, 0, 0, 26.70%, 0, 0, 4, 289.20, 3697886, 558, 0, 0
15188, 662, 352, 395, 0, 0, 26.70%, 0, 0, 4, 245.00, 3698988, 558, 0, 0
15193, 662, 391, 395, 0, 0, 26.70%, 0, 0, 4, 259.29, 3700066, 558, 0, 0
15198, 663, 110, 395, 0, 0, 26.70%, 0, 0, 4, 276.85, 3701496, 558, 0, 0
15203, 663, 198, 395, 0, 0, 26.70%, 0, 0, 4, 284.58, 3702641, 558, 0, 0
15208, 663, 286, 395, 0, 0, 26.70%, 0, 0, 4, 237.75, 3703712, 558, 0, 0
15213, 663, 356, 395, 0, 0, 26.70%, 0, 0, 4, 47.62, 3705091, 558, 0, 0
15218, 664, 5, 395, 0, 0, 26.70%, 0, 0, 4, 283.94, 3706211, 558, 0, 0
15224, 664, 102, 395, 0, 0, 26.70%, 0, 0, 4, 290.06, 3707276, 558, 0, 0
15229, 664, 206, 395, 0, 0, 26.70%, 0, 0, 4, 31.34, 3708618, 558, 0, 0
15234, 664, 319, 395, 0, 0, 26.70%, 0, 0, 4, 289.82, 3709891, 558, 0, 0
15239, 664, 371, 395, 0, 0, 26.70%, 0, 0, 4, 282.75, 3710931, 558, 0, 0
15244, 665, 75, 395, 0, 0, 26.70%, 0, 0, 4, 31.47, 3712136, 558, 0, 0
15249, 665, 177, 395, 0, 0, 26.70%, 0, 0, 4, 277.47, 3713515, 558, 0, 0
15254, 665, 273, 395, 0, 0, 26.70%, 0, 0, 4, 295.65, 3714626, 558, 0, 0
15259, 665, 341, 395, 0, 0, 26.70%, 0, 0, 4, 33.13, 3715681, 558, 0, 0
15264, 665, 392, 395, 0, 0, 26.70%, 0, 0, 4, 283.60, 3717111, 558, 0, 0
15270, 666, 89, 395, 0, 0, 26.70%, 0, 0, 4, 296.40, 3718215, 558, 0, 0
15275, 666, 180, 395, 0, 0, 26.70%, 0, 0, 4, 31.14, 3719276, 558, 0, 0
15280, 666, 294, 395, 0, 0, 26.70%, 0, 0, 4, 281.38, 3720741, 558, 0, 0
15285, 666, 361, 395, 0, 0, 26.70%, 0, 0, 4, 284.13, 3721811, 558, 0, 0
15290, 667, 5, 395, 0, 0, 26.70%, 0, 0, 4, 256.93, 3722876, 558, 0, 0
15295, 667, 156, 395, 0, 0, 26.70%, 0, 0, 4, 284.60, 3724376, 558, 0, 0
15300, 667, 198, 395, 0, 0, 26.70%, 0, 0, 4, 280.97, 3725431, 558, 0, 0
15305, 667, 279, 395, 0, 0, 26.70%, 0, 0, 4, 269.40, 3726506, 558, 0, 0
15311, 667, 371, 395, 0, 0, 26.70%, 0, 0, 4, 276.11, 3727991, 558, 0, 0
15316, 668, 51, 395, 0, 0, 26.70%, 0, 0, 4, 286.33, 3729086, 558, 0, 0
15321, 668, 156, 395, 0, 0, 26.70%, 0, 0, 4, 230.52, 3730157, 558, 0, 0
15326, 668, 273, 395, 0, 0, 26.70%, 0, 0, 4, 31.35, 3731561, 558, 0, 0
15331, 668, 341, 395, 0, 0, 26.70%, 0, 0, 4, 287.09, 3732731, 558, 0, 0
15336, 668, 392, 395, 0, 0, 26.70%, 0, 0, 4, 286.88, 3733766, 558, 0, 0
15341, 669, 100, 395, 0, 0, 26.70%, 0, 0, 4, 31.65, 3735091, 558, 0, 0
15346, 669, 177, 395, 0, 0, 26.70%, 0, 0, 4, 268.90, 3736296, 558, 0, 0
15351, 669, 213, 395, 0, 0, 26.70%, 0, 0, 4, 226.74, 3737292, 558, 0, 0
15356, 669, 286, 395, 0, 0, 26.70%, 0, 0, 4, 31.25, 3738593, 558, 0, 0
15362, 669, 362, 395, 0, 0, 26.70%, 0, 0, 4, 283.93, 3739861, 558, 0, 0
15367, 670, 51, 395, 0, 0, 26.70%, 0, 0, 4, 247.18, 3740959, 558, 0, 0
15372, 670, 175, 395, 0, 0, 26.70%, 0, 0, 4, 31.09, 3742118, 558, 0, 0
15377, 670, 273, 395, 0, 0, 26.70%, 0, 0, 4, 289.36, 3743561, 558, 0, 0
15382, 670, 360, 395, 0, 0, 26.70%, 0, 0, 4, 287.93, 3744626, 558, 0, 0
15387, 671, 5, 395, 0, 0, 26.70%, 0, 0, 4, 278.61, 3745726, 558, 0, 0
15393, 671, 117, 395, 0, 0, 26.70%, 0, 0, 4, 289.52, 3747231, 558, 0, 0
15398, 671, 198, 395, 0, 0, 26.70%, 0, 0, 4, 275.61, 3748261, 558, 0, 0
15403, 671, 327, 395, 0, 0, 26.70%, 0, 0, 4, 295.19, 3749356, 558, 0, 0
15408, 671, 392, 395, 0, 0, 26.70%, 0, 0, 4, 275.55, 3750790, 558, 0, 0
15413, 672, 90, 395, 0, 0, 26.70%, 0, 0, 4, 289.56, 3751906, 558, 0, 0
15418, 672, 216, 395, 0, 0, 26.70%, 0, 0, 4, 292.08, 3752956, 558, 0, 0
15423, 672, 319, 395, 0, 0, 26.70%, 0, 0, 4, 31.65, 3754316, 558, 0, 0
15428, 672, 373, 395, 0, 0, 26.70%, 0, 0, 4, 287.99, 3755501, 558, 0, 0
15434, 673, 81, 395, 0, 0, 26.70%, 0, 0, 4, 210.31, 3756587, 558, 0, 0
15439, 673, 187, 395, 0, 0, 26.70%, 0, 0, 4, 30.98, 3757835, 558, 0, 0
15444, 673, 286, 395, 0, 0, 26.70%, 0, 0, 4, 287.91, 3759126, 558, 0, 0
15449, 673, 362, 395, 0, 0, 26.70%, 0, 0, 4, 288.15, 3760216, 558, 0, 0
15454, 674, 39, 395, 0, 0, 26.70%, 0, 0, 4, 290.00, 3761249, 558, 0, 0
15459, 674, 150, 395, 0, 0, 26.70%, 0, 0, 4, 291.41, 3762756, 558, 0, 0
15464, 674, 220, 395, 0, 0, 26.70%, 0, 0, 4, 267.53, 3763846, 558, 0, 0
15469, 674, 303, 395, 0, 0, 26.70%, 0, 0, 4, 284.87, 3764901, 558, 0, 0
15474, 674, 371, 395, 0, 0, 26.70%, 0, 0, 4, 287.15, 3766391, 558, 0, 0
15480, 675, 75, 395, 0, 0, 26.70%, 0, 0, 4, 250.77, 3767486, 558, 0, 0
15485, 675, 162, 395, 0, 0, 26.70%, 0, 0, 4, 285.90, 3768581, 558, 0, 0
15490, 675, 250, 395, 0, 0, 26.70%, 0, 0, 4, 31.37, 3769855, 558, 0, 0
15495, 675, 362, 395, 0, 0, 26.70%, 0, 0, 4, 285.73, 3771121, 558, 0, 0
15500, 676, 5, 395, 0, 0, 26.70%, 0, 0, 4, 279.44, 3772156, 558, 0, 0
15505, 676, 108, 395, 0, 0, 26.70%, 0, 0, 4, 31.27, 3773254, 558, 0, 0
15510, 676, 240, 395, 0, 0, 26.70%, 0, 0, 4, 286.34, 3774716, 558, 0, 0
15515, 676, 336, 395, 0, 0, 26.70%, 0, 0, 4, 287.54, 3775761, 558, 0, 0
15520, 676, 385, 395, 0, 0, 26.70%, 0, 0, 4, 285.00, 3776810, 558, 0, 0
15526, 677, 111, 395, 0, 0, 26.70%, 0, 0, 4, 291.60, 3778306, 558, 0, 0
15531, 677, 198, 395, 0, 0, 26.70%, 0, 0, 4, 264.07, 3779371, 558, 0, 0
15536, 677, 279, 395, 0, 0, 26.70%, 0, 0, 4, 292.79, 3780411, 558, 0, 0
15541, 677, 371, 395, 0, 0, 26.70%, 0, 0, 4, 285.17, 3781881, 558, 0, 0
15546, 678, 39, 395, 0, 0, 26.70%, 0, 0, 4, 253.00, 3782941, 558, 0, 0
15551, 678, 104, 395, 0, 0, 26.70%, 0, 0, 4, 206.17, 3784014, 558, 0, 0
15556, 678, 187, 395, 0, 0, 26.70%, 0, 0, 4, 262.00, 3785426, 558, 0, 0
15561, 678, 286, 395, 0, 0, 26.70%, 0, 0, 4, 287.91, 3786571, 558, 0, 0
15566, 678, 360, 395, 0, 0, 26.70%, 0, 0, 4, 250.27, 3787606, 558, 0, 0
15571, 679, 51, 395, 0, 0, 26.70%, 0, 0, 4, 31.50, 3788883, 558, 0, 0
15576, 679, 177, 395, 0, 0, 26.70%, 0, 0, 4, 273.04, 3790161, 558, 0, 0
15581, 679, 279, 395, 0, 0, 26.70%, 0, 0, 4, 285.43, 3791196, 558, 0, 0
15586, 679, 360, 395, 0, 0, 26.70%, 0, 0, 4, 31.28, 3792386, 558, 0, 0
15591, 680, 53, 395, 0, 0, 26.70%, 0, 0, 4, 274.54, 3793691, 558, 0, 0
15597, 680, 156, 395, 0, 0, 26.70%, 0, 0, 4, 242.70, 3794814, 558, 0, 0
15602, 680, 220, 395, 0, 0, 26.70%, 0, 0, 4, 293.53, 3795913, 558, 0, 0
15607, 680, 352, 395, 0, 0, 26.70%, 0, 0, 4, 289.48, 3797416, 558, 0, 0
15612, 681, 5, 395, 0, 0, 26.70%, 0, 0, 4, 285.95, 3798465, 558, 0, 0
15617, 681, 119, 395, 0, 0, 26.70%, 0, 0, 4, 291.89, 3799581, 558, 0, 0
15622, 681, 220, 395, 0, 0, 26.70%, 0, 0, 4, 289.96, 3801031, 558, 0, 0
15627, 681, 338, 395, 0, 0, 26.70%, 0, 0, 4, 290.60, 3802081, 558, 0, 0
15632, 681, 392, 395, 0, 0, 26.70%, 0, 0, 4, 287.91, 3803156, 558, 0, 0
15637, 682, 89, 395, 0, 0, 26.70%, 0, 0, 4, 286.85, 3804576, 558, 0, 0
15643, 682, 175, 395, 0, 0, 26.70%, 0, 0, 4, 281.75, 3805696, 558, 0, 0
15648, 682, 254, 395, 0, 0, 26.70%, 0, 0, 4, 292.74, 3806796, 558, 0, 0
15653, 682, 336, 395, 0, 0, 26.70%, 0, 0, 4, 31.43, 3808038, 558, 0, 0
15658, 682, 391, 395, 0, 0, 26.70%, 0, 0, 4, 259.96, 3809341, 558, 0, 0
15663, 683, 79, 395, 0, 0, 26.70%, 0, 0, 4, 278.52, 3810441, 558, 0, 0
15668, 683, 175, 395, 0, 0, 26.70%, 0, 0, 4, 31.24, 3811551, 558, 0, 0
15674, 683, 305, 395, 0, 0, 26.70%, 0, 0, 4, 281.11, 3812991, 558, 0, 0
15679, 683, 368, 395, 0, 0, 26.70%, 0, 0, 4, 287.06, 3814081, 558, 0, 0
15684, 684, 48, 395, 0, 0, 26.70%, 0, 0, 4, 264.14, 3815146, 558, 0, 0
15689, 684, 160, 395, 0, 0, 26.70%, 0, 0, 4, 286.35, 3816651, 558, 0, 0
15694, 684, 220, 395, 0, 0, 26.70%, 0, 0, 4, 291.83, 3817731, 558, 0, 0
15699, 684, 336, 395, 0, 0, 26.70%, 0, 0, 4, 297.69, 3818821, 558, 0, 0
15704, 685, 51, 395, 0, 0, 26.70%, 0, 0, 4, 275.75, 3820271, 558, 0, 0
15710, 685, 175, 395, 0, 0, 26.70%, 0, 0, 4, 293.49, 3821456, 558, 0, 0
15715, 685, 279, 395, 0, 0, 26.70%, 0, 0, 4, 239.69, 3822542, 558, 0, 0
15720, 685, 361, 395, 0, 0, 26.70%, 0, 0, 4, 31.36, 3823833, 558, 0, 0
15725, 686, 54, 395, 0, 0, 26.70%, 0, 0, 4, 286.41, 3825046, 558, 0, 0
15730, 686, 156, 395, 0, 0, 26.70%, 0, 0, 4, 278.55, 3826116, 558, 0, 0
15735, 686, 248, 395, 0, 0, 26.70%, 0, 0, 4, 31.29, 3827342, 558, 0, 0
15740, 686, 360, 395, 0, 0, 26.70%, 0, 0, 4, 275.03, 3828646, 558, 0, 0
15745, 687, 11, 395, 0, 0, 26.70%, 0, 0, 4, 280.17, 3829686, 558, 0, 0
15750, 687, 90, 395, 0, 0, 26.70%, 0, 0, 4, 30.45, 3830842, 558, 0, 0
15755, 687, 220, 395, 0, 0, 26.70%, 0, 0, 4, 260.70, 3832265, 558, 0, 0
15760, 687, 305, 395, 0, 0, 26.70%, 0, 0, 4, 258.13, 3833321, 558, 0, 0
15766, 687, 373, 395, 0, 0, 26.70%, 0, 0, 4, 207.92, 3834418, 558, 0, 0
15771, 688, 156, 395, 0, 0, 26.70%, 0, 0, 4, 273.07, 3835911, 558, 0, 0
15776, 688, 213, 395, 0, 0, 26.70%, 0, 0, 4, 293.26, 3836986, 558, 0, 0
15781, 688, 294, 395, 0, 0, 26.70%, 0, 0, 4, 290.18, 3838046, 558, 0, 0
15786, 688, 361, 395, 0, 0, 26.70%, 0, 0, 4, 285.37, 3839531, 558, 0, 0
15791, 689, 27, 395, 0, 0, 26.70%, 0, 0, 4, 285.30, 3840596, 558, 0, 0
15796, 689, 113, 395, 0, 0, 26.70%, 0, 0, 4, 290.36, 3841671, 558, 0, 0
15801, 689, 199, 395, 0, 0, 26.70%, 0, 0, 4, 30.22, 3842968, 558, 0, 0
15806, 689, 294, 395, 0, 0, 26.70%, 0, 0, 4, 290.76, 3844201, 558, 0, 0
15812, 689, 370, 395, 0, 0, 26.70%, 0, 0, 4, 241.57, 3845284, 558, 0, 0
15817, 690, 54, 395, 0, 0, 26.70%, 0, 0, 4, 31.17, 3846505, 558, 0, 0
15822, 690, 180, 395, 0, 0, 26.70%, 0, 0, 4, 293.48, 3847811, 558, 0, 0
15827, 690, 286, 395, 0, 0, 26.70%, 0, 0, 4, 245.16, 3848880, 558, 0, 0
15832, 690, 361, 395, 0, 0, 26.70%, 0, 0, 4, 31.36, 3850070, 558, 0, 0
15837, 691, 46, 395, 0, 0, 26.70%, 0, 0, 4, 289.05, 3851411, 558, 0, 0
15842, 691, 116, 395, 0, 0, 26.70%, 0, 0, 4, 287.00, 3852466, 558, 0, 0
15847, 691, 202, 395, 0, 0, 26.70%, 0, 0, 4, 295.00, 3853530, 558, 0, 0
15852, 691, 352, 395, 0, 0, 26.70%, 0, 0, 4, 289.06, 3854971, 558, 0, 0
15857, 692, 15, 395, 0, 0, 26.70%, 0, 0, 4, 285.17, 3856026, 558, 0, 0
15862, 692, 113, 395, 0, 0, 26.70%, 0, 0, 4, 285.22, 3857121, 558, 0, 0
15867, 692, 228, 395, 0, 0, 26.70%, 0, 0, 4, 288.75, 3858621, 558, 0, 0
15873, 692, 322, 395, 0, 0, 26.70%, 0, 0, 4, 288.73, 3859711, 558, 0, 0
15878, 692, 370, 395, 0, 0, 26.70%, 0, 0, 4, 291.19, 3860751, 558, 0, 0
15883, 693, 80, 395, 0, 0, 26.70%, 0, 0, 4, 31.55, 3862096, 558, 0, 0
15888, 693, 162, 395, 0, 0, 26.70%, 0, 0, 4, 290.09, 3863271, 558, 0, 0
15893, 693, 199, 395, 0, 0, 26.70%, 0, 0, 4, 288.05, 3864346, 558, 0, 0
15898, 693, 305, 395, 0, 0, 26.70%, 0, 0, 4, 30.32, 3865547, 558, 0, 0
15903, 693, 371, 395, 0, 0, 26.70%, 0, 0, 4, 287.67, 3866936, 558, 0, 0
15908, 694, 53, 395, 0, 0, 26.70%, 0, 0, 4, 279.97, 3868001, 558, 0, 0
15914, 694, 121, 395, 0, 0, 26.70%, 0, 0, 4, 295.00, 3869122, 558, 0, 0
15919, 694, 199, 395, 0, 0, 26.70%, 0, 0, 4, 292.05, 3870581, 558, 0, 0
15924, 694, 273, 395, 0, 0, 26.70%, 0, 0, 4, 278.47, 3871656, 558, 0, 0
15929, 694, 341, 395, 0, 0, 26.70%, 0, 0, 4, 288.71, 3872681, 558, 0, 0
15934, 695, 48, 395, 0, 0, 26.70%, 0, 0, 4, 31.34, 3873998, 558, 0, 0
15939, 695, 156, 395, 0, 0, 26.70%, 0, 0, 4, 286.76, 3875231, 558, 0, 0
15944, 695, 203, 395, 0, 0, 26.70%, 0, 0, 4, 217.88, 3876288, 558, 0, 0
15949, 695, 294, 395, 0, 0, 26.70%, 0, 0, 4, 31.16, 3877475, 558, 0, 0
15954, 695, 371, 395, 0, 0, 26.70%, 0, 0, 4, 284.85, 3878806, 558, 0, 0
15959, 696, 54, 395, 0, 0, 26.70%, 0, 0, 4, 281.28, 3879876, 558, 0, 0
15964, 696, 113, 395, 0, 0, 26.70%, 0, 0, 4, 172.63, 3880946, 558, 0, 0
15969, 696, 263, 395, 0, 0, 26.70%, 0, 0, 4, 261.51, 3882431, 558, 0, 0
15975, 696, 360, 395, 0, 0, 26.70%, 0, 0, 4, 262.57, 3883526, 558, 0, 0
15980, 697, 5, 395, 0, 0, 26.70%, 0, 0, 4, 260.87, 3884556, 558, 0, 0
15985, 697, 139, 395, 0, 0, 26.70%, 0, 0, 4, 31.17, 3885835, 558, 0, 0
15990, 697, 199, 395, 0, 0, 26.70%, 0, 0, 4, 267.72, 3887106, 558, 0, 0
15995, 697, 291, 395, 0, 0, 26.70%, 0, 0, 4, 294.08, 3888181, 558, 0, 0
16000, 697, 361, 395, 0, 0, 26.70%, 0, 0, 4, 31.15, 3889264, 558, 0, 0
16005, 698, 69, 395, 0, 0, 26.70%, 0, 0, 4, 262.46, 3890701, 558, 0, 0
16010, 698, 115, 395, 0, 0, 26.70%, 0, 0, 4, 244.36, 3891801, 558, 0, 0
16015, 698, 187, 395, 0, 0, 26.70%, 0, 0, 4, 289.53, 3892901, 558, 0, 0
16021, 698, 305, 395, 0, 0, 26.70%, 0, 0, 4, 31.25, 3894266, 558, 0, 0
16026, 698, 362, 395, 0, 0, 26.70%, 0, 0, 4, 286.33, 3895431, 558, 0, 0
16031, 699, 50, 395, 0, 0, 26.70%, 0, 0, 4, 283.24, 3896491, 558, 0, 0
16036, 699, 122, 395, 0, 0, 26.70%, 0, 0, 4, 31.28, 3897642, 558, 0, 0
16041, 699, 220, 395, 0, 0, 26.70%, 0, 0, 4, 293.45, 3899051, 558, 0, 0
16046, 699, 294, 395, 0, 0, 26.70%, 0, 0, 4, 290.83, 3900156, 558, 0, 0
16051, 699, 362, 395, 0, 0, 26.70%, 0, 0, 4, 288.12, 3901226, 558, 0, 0
16056, 700, 75, 395, 0, 0, 26.70%, 0, 0, 4, 271.10, 3902596, 558, 0, 0
16061, 700, 160, 395, 0, 0, 26.70%, 0, 0, 4, 265.81, 3903766, 558, 0, 0
16067, 700, 199, 395, 0, 0, 26.70%, 0, 0, 4, 211.45, 3904857, 558, 0, 0
16072, 700, 286, 395, 0, 0, 26.70%, 0, 0, 4, 31.44, 3906077, 558, 0, 0
16077, 700, 361, 395, 0, 0, 26.70%, 0, 0, 4, 278.66, 3907396, 558, 0, 0
16082, 701, 48, 395, 0, 0, 26.70%, 0, 0, 4, 285.48, 3908426, 558, 0, 0
16087, 701, 105, 395, 0, 0, 26.70%, 0, 0, 4, 293.53, 3909547, 558, 0, 0
16092, 701, 220, 395, 0, 0, 26.70%, 0, 0, 4, 290.62, 3911036, 558, 0, 0
16097, 701, 341, 395, 0, 0, 26.70%, 0, 0, 4, 243.22, 3912115, 558, 0, 0
16102, 701, 376, 395, 0, 0, 26.70%, 0, 0, 4, 290.70, 3913146, 558, 0, 0
16107, 702, 78, 395, 0, 0, 26.70%, 0, 0, 4, 31.72, 3914473, 558, 0, 0
16112, 702, 175, 395, 0, 0, 26.70%, 0, 0, 4, 262.93, 3915686, 558, 0, 0
16117, 702, 250, 395, 0, 0, 26.70%, 0, 0, 4, 287.45, 3916736, 558, 0, 0
16123, 702, 341, 395, 0, 0, 26.70%, 0, 0, 4, 30.96, 3917970, 558, 0, 0
16128, 703, 5, 395, 0, 0, 26.70%, 0, 0, 4, 279.60, 3919231, 558, 0, 0
16133, 703, 103, 395, 0, 0, 26.70%, 0, 0, 4, 289.90, 3920331, 558, 0, 0
16138, 703, 187, 395, 0, 0, 26.70%, 0, 0, 4, 31.59, 3921381, 558, 0, 0
16143, 703, 294, 395, 0, 0, 26.70%, 0, 0, 4, 287.34, 3922871, 558, 0, 0
16148, 703, 370, 395, 0, 0, 26.70%, 0, 0, 4, 288.26, 3923921, 558, 0, 0
16153, 704, 75, 395, 0, 0, 26.70%, 0, 0, 4, 290.31, 3924965, 558, 0, 0
16158, 704, 191, 395, 0, 0, 26.70%, 0, 0, 4, 290.15, 3926465, 558, 0, 0
16163, 704, 286, 395, 0, 0, 26.70%, 0, 0, 4, 250.17, 3927534, 558, 0, 0
16168, 704, 361, 395, 0, 0, 26.70%, 0, 0, 4, 283.31, 3928565, 558, 0, 0
16174, 705, 54, 395, 0, 0, 26.70%, 0, 0, 4, 30.30, 3929911, 558, 0, 0
16179, 705, 160, 395, 0, 0, 26.70%, 0, 0, 4, 260.89, 3931116, 558, 0, 0
16184, 705, 228, 395, 0, 0, 26.70%, 0, 0, 4, 285.08, 3932165, 558, 0, 0
16189, 705, 341, 395, 0, 0, 26.70%, 0, 0, 4, 30.83, 3933259, 558, 0, 0
16194, 706, 51, 395, 0, 0, 26.70%, 0, 0, 4, 286.65, 3934701, 558, 0, 0
16199, 706, 124, 395, 0, 0, 26.70%, 0, 0, 4, 280.33, 3935806, 558, 0, 0
16204, 706, 199, 395, 0, 0, 26.70%, 0, 0, 4, 287.29, 3936906, 558, 0, 0
16209, 706, 327, 395, 0, 0, 26.70%, 0, 0, 4, 288.38, 3938406, 558, 0, 0
16215, 706, 370, 395, 0, 0, 26.70%, 0, 0, 4, 290.43, 3939441, 558, 0, 0
16220, 707, 64, 395, 0, 0, 26.70%, 0, 0, 4, 261.28, 3940501, 558, 0, 0
16225, 707, 175, 395, 0, 0, 26.70%, 0, 0, 4, 31.15, 3941806, 558, 0, 0
16230, 707, 286, 395, 0, 0, 26.70%, 0, 0, 4, 268.86, 3943016, 558, 0, 0
16235, 707, 353, 395, 0, 0, 26.70%, 0, 0, 4, 289.71, 3944086, 558, 0, 0
16240, 708, 5, 395, 0, 0, 26.70%, 0, 0, 4, 30.51, 3945227, 558, 0, 0
16245, 708, 160, 395, 0, 0, 26.70%, 0, 0, 4, 291.76, 3946626, 558, 0, 0
16250, 708, 199, 395, 0, 0, 26.70%, 0, 0, 4, 290.53, 3947681, 558, 0, 0
16255, 708, 273, 395, 0, 0, 26.70%, 0, 0, 4, 275.86, 3948768, 558, 0, 0
16260, 708, 361, 395, 0, 0, 26.70%, 0, 0, 4, 282.11, 3950240, 558, 0, 0
16266, 709, 54, 395, 0, 0, 26.70%, 0, 0, 4, 289.16, 3951336, 558, 0, 0
16271, 709, 175, 395, 0, 0, 26.70%, 0, 0, 4, 288.16, 3952396, 558, 0, 0
16276, 709, 283, 395, 0, 0, 26.70%, 0, 0, 4, 31.21, 3953738, 558, 0, 0
16281, 709, 361, 395, 0, 0, 26.70%, 0, 0, 4, 268.46, 3954941, 558, 0, 0
16286, 710, 5, 395, 0, 0, 26.70%, 0, 0, 4, 288.20, 3956001, 558, 0, 0
16291, 710, 89, 395, 0, 0, 26.70%, 0, 0, 4, 31.54, 3957159, 558, 0, 0
16296, 710, 198, 395, 0, 0, 26.70%, 0, 0, 4, 287.22, 3958611, 558, 0, 0
16301, 710, 294, 395, 0, 0, 26.70%, 0, 0, 4, 277.80, 3959661, 558, 0, 0
16306, 710, 361, 395, 0, 0, 26.70%, 0, 0, 4, 285.17, 3960691, 558, 0, 0
16312, 711, 78, 395, 0, 0, 26.70%, 0, 0, 4, 283.74, 3962161, 558, 0, 0
16317, 711, 175, 395, 0, 0, 26.70%, 0, 0, 4, 287.11, 3963186, 558, 0, 0
16322, 711, 253, 395, 0, 0, 26.70%, 0, 0, 4, 287.56, 3964286, 558, 0, 0
16327, 711, 320, 395, 0, 0, 26.70%, 0, 0, 4, 30.30, 3965500, 558, 0, 0
16332, 711, 391, 395, 0, 0, 26.70%, 0, 0, 4, 289.59, 3966791, 558, 0, 0
16337, 712, 89, 395, 0, 0, 26.70%, 0, 0, 4, 292.60, 3967881, 558, 0, 0
16342, 712, 189, 395, 0, 0, 26.70%, 0, 0, 4, 290.16, 3968981, 558, 0, 0
16347, 712, 286, 395, 0, 0, 26.70%, 0, 0, 4, 283.35, 3970461, 558, 0, 0
16353, 712, 354, 395, 0, 0, 26.70%, 0, 0, 4, 247.73, 3971542, 558, 0, 0
16358, 713, 0, 395, 0, 0, 26.70%, 0, 0, 4, 285.40, 3972631, 558, 0, 0
16363, 713, 89, 395, 0, 0, 26.70%, 0, 0, 4, 45.35, 3973819, 558, 0, 0
16368, 713, 199, 395, 0, 0, 26.70%, 0, 0, 4, 291.09, 3975221, 558, 0, 0
16373, 713, 302, 395, 0, 0, 26.70%, 0, 0, 4, 228.77, 3976270, 558, 0, 0
16378, 713, 370, 395, 0, 0, 26.70%, 0, 0, 4, 266.65, 3977371, 558, 0, 0
16383, 714, 78, 395, 0, 0, 26.70%, 0, 0, 4, 280.08, 3978841, 558, 0, 0
16389, 714, 175, 395, 0, 0, 26.70%, 0, 0, 4, 277.12, 3979966, 558, 0, 0
16394, 714, 273, 395, 0, 0, 26.70%, 0, 0, 4, 291.56, 3981071, 558, 0, 0
16399, 714, 336, 395, 0, 0, 26.70%, 0, 0, 4, 30.96, 3982196, 558, 0, 0
16404, 715, 7, 395, 0, 0, 26.70%, 0, 0, 4, 271.96, 3983571, 558, 0, 0
16409, 715, 109, 395, 0, 0, 26.70%, 0, 0, 4, 258.92, 3984676, 558, 0, 0
16414, 715, 199, 395, 0, 0, 26.70%, 0, 0, 4, 286.76, 3985751, 558, 0, 0
16419, 715, 306, 395, 0, 0, 26.70%, 0, 0, 4, 31.38, 3987029, 558, 0, 0
16425, 715, 373, 395, 0, 0, 26.70%, 0, 0, 4, 292.52, 3988336, 558, 0, 0
16430, 716, 57, 395, 0, 0, 26.70%, 0, 0, 4, 291.08, 3989421, 558, 0, 0
16435, 716, 160, 395, 0, 0, 26.70%, 0, 0, 4, 37.43, 3990485, 558, 0, 0
16440, 716, 292, 395, 0, 0, 26.70%, 0, 0, 4, 286.07, 3991961, 558, 0, 0
16445, 716, 360, 395, 0, 0, 26.70%, 0, 0, 4, 252.75, 3993001, 558, 0, 0
16450, 717, 51, 395, 0, 0, 26.70%, 0, 0, 4, 248.17, 3994048, 558, 0, 0
16455, 717, 157, 395, 0, 0, 26.70%, 0, 0, 4, 31.42, 3995315, 558, 0, 0
16460, 717, 259, 395, 0, 0, 26.70%, 0, 0, 4, 288.19, 3996601, 558, 0, 0
16466, 717, 327, 395, 0, 0, 26.70%, 0, 0, 4, 289.93, 3997686, 558, 0, 0
16471, 717, 379, 395, 0, 0, 26.70%, 0, 0, 4, 300.06, 3998722, 558, 0, 0
16476, 718, 104, 395, 0, 0, 26.70%, 0, 0, 4, 285.79, 4000191, 558, 0, 0
16481, 718, 180, 395, 0, 0, 26.70%, 0, 0, 4, 265.93, 4001301, 558, 0, 0
16486, 718, 248, 395, 0, 0, 26.70%, 0, 0, 4, 288.03, 4002351, 558, 0, 0
16491, 718, 336, 395, 0, 0, 26.70%, 0, 0, 4, 31.32, 4003522, 558, 0, 0
16496, 718, 386, 395, 0, 0, 26.70%, 0, 0, 4, 278.53, 4004826, 558, 0, 0
16501, 719, 90, 395, 0, 0, 26.70%, 0, 0, 4, 262.66, 4005916, 558, 0, 0
16506, 719, 186, 395, 0, 0, 26.70%, 0, 0, 4, 284.56, 4007011, 558, 0, 0
16511, 719, 286, 395, 0, 0, 26.70%, 0, 0, 4, 283.07, 4008456, 558, 0, 0
16517, 719, 362, 395, 0, 0, 26.70%, 0, 0, 4, 285.62, 4009566, 558, 0, 0
16522, 720, 53, 395, 0, 0, 26.70%, 0, 0, 4, 272.74, 4010601, 558, 0, 0
16527, 720, 152, 395, 0, 0, 26.70%, 0, 0, 4, 30.71, 4011840, 558, 0, 0
16532, 720, 236, 395, 0, 0, 26.70%, 0, 0, 4, 292.36, 4013141, 558, 0, 0
16537, 720, 316, 395, 0, 0, 26.70%, 0, 0, 4, 230.42, 4014207, 558, 0, 0
16542, 720, 371, 395, 0, 0, 26.70%, 0, 0, 4, 293.26, 4015286, 558, 0, 0
16547, 721, 89, 395, 0, 0, 26.70%, 0, 0, 4, 280.18, 4016761, 558, 0, 0
16552, 721, 220, 395, 0, 0, 26.70%, 0, 0, 4, 254.25, 4017911, 558, 0, 0
16558, 721, 295, 395, 0, 0, 26.70%, 0, 0, 4, 285.70, 4018981, 558, 0, 0
16563, 721, 362, 395, 0, 0, 26.70%, 0, 0, 4, 31.15, 4020127, 558, 0, 0
16568, 722, 51, 395, 0, 0, 26.70%, 0, 0, 4, 283.10, 4021476, 558, 0, 0
16573, 722, 124, 395, 0, 0, 26.70%, 0, 0, 4, 251.17, 4022555, 558, 0, 0
16578, 722, 189, 395, 0, 0, 26.70%, 0, 0, 4, 257.05, 4023596, 558, 0, 0
16583, 722, 327, 395, 0, 0, 26.70%, 0, 0, 4, 283.45, 4025096, 558, 0, 0
16588, 722, 371, 395, 0, 0, 26.70%, 0, 0, 4, 290.64, 4026136, 558, 0, 0
16593, 723, 75, 395, 0, 0, 26.70%, 0, 0, 4, 268.03, 4027201, 558, 0, 0
16598, 723, 160, 395, 0, 0, 26.70%, 0, 0, 4, 31.25, 4028458, 558, 0, 0
16603, 723, 251, 395, 0, 0, 26.70%, 0, 0, 4, 290.75, 4029711, 558, 0, 0
16608, 723, 315, 395, 0, 0, 26.70%, 0, 0, 4, 268.73, 4030711, 558, 0, 0
16613, 723, 371, 395, 0, 0, 26.70%, 0, 0, 4, 255.11, 4031771, 558, 0, 0
16619, 724, 72, 395, 0, 0, 26.70%, 0, 0, 4, 283.07, 4033251, 558, 0, 0
16624, 724, 160, 395, 0, 0, 26.70%, 0, 0, 4, 293.15, 4034341, 558, 0, 0
16629, 724, 248, 395, 0, 0, 26.70%, 0, 0, 4, 286.75, 4035401, 558, 0, 0
16634, 724, 361, 395, 0, 0, 26.70%, 0, 0, 4, 31.06, 4036696, 558, 0, 0
16639, 725, 54, 395, 0, 0, 26.70%, 0, 0, 4, 290.28, 4037936, 558, 0, 0
16644, 725, 174, 395, 0, 0, 26.70%, 0, 0, 4, 291.98, 4039016, 558, 0, 0
16649, 725, 220, 395, 0, 0, 26.70%, 0, 0, 4, 34.31, 4040085, 558, 0, 0
16654, 725, 341, 395, 0, 0, 26.70%, 0, 0, 4, 285.13, 4041556, 558, 0, 0
16659, 725, 392, 395, 0, 0, 26.70%, 0, 0, 4, 284.92, 4042606, 558, 0, 0
16664, 726, 90, 395, 0, 0, 26.70%, 0, 0, 4, 302.67, 4043656, 558, 0, 0
16670, 726, 202, 395, 0, 0, 26.70%, 0, 0, 4, 280.58, 4045071, 558, 0, 0
16675, 726, 294, 395, 0, 0, 26.70%, 0, 0, 4, 291.11, 4046216, 558, 0, 0
16680, 726, 361, 395, 0, 0, 26.70%, 0, 0, 4, 278.78, 4047281, 558, 0, 0
16685, 726, 391, 395, 0, 0, 26.70%, 0, 0, 4, 42.01, 4048444, 558, 0, 0
16690, 727, 90, 395, 0, 0, 26.70%, 0, 0, 4, 288.20, 4049851, 558, 0, 0
16695, 727, 199, 395, 0, 0, 26.70%, 0, 0, 4, 285.07, 4050886, 558, 0, 0
16700, 727, 326, 395, 0, 0, 26.70%, 0, 0, 4, 202.24, 4051956, 558, 0, 0
16705, 727, 392, 395, 0, 0, 26.70%, 0, 0, 4, 45.32, 4053371, 558, 0, 0
16711, 728, 113, 395, 0, 0, 26.70%, 0, 0, 4, 293.87, 4054521, 558, 0, 0
16716, 728, 198, 395, 0, 0, 26.70%, 0, 0, 4, 290.22, 4055556, 558, 0, 0
16721, 728, 305, 395, 0, 0, 26.70%, 0, 0, 4, 31.44, 4056825, 558, 0, 0
16726, 728, 370, 395, 0, 0, 26.70%, 0, 0, 4, 287.72, 4058101, 558, 0, 0
16731, 729, 75, 395, 0, 0, 26.70%, 0, 0, 4, 288.24, 4059186, 558, 0, 0
16736, 729, 175, 395, 0, 0, 26.70%, 0, 0, 4, 280.78, 4060271, 558, 0, 0
16741, 729, 294, 395, 0, 0, 26.70%, 0, 0, 4, 288.71, 4061771, 558, 0, 0
16746, 729, 361, 395, 0, 0, 26.70%, 0, 0, 4, 279.69, 4062815, 558, 0, 0
16751, 730, 51, 395, 0, 0, 26.70%, 0, 0, 4, 238.64, 4063904, 558, 0, 0
16757, 730, 181, 395, 0, 0, 26.70%, 0, 0, 4, 31.36, 4065170, 558, 0, 0
16762, 730, 299, 395, 0, 0, 26.70%, 0, 0, 4, 291.92, 4066521, 558, 0, 0
16767, 730, 364, 395, 0, 0, 26.70%, 0, 0, 4, 282.12, 4067561, 558, 0, 0
16772, 731, 9, 395, 0, 0, 26.70%, 0, 0, 4, 270.02, 4068656, 558, 0, 0
16777, 731, 113, 395, 0, 0, 26.70%, 0, 0, 4, 279.07, 4070141, 558, 0, 0
16782, 731, 198, 395, 0, 0, 26.70%, 0, 0, 4, 287.66, 4071266, 558, 0, 0
16787, 731, 273, 395, 0, 0, 26.70%, 0, 0, 4, 291.60, 4072331, 558, 0, 0
16793, 731, 352, 395, 0, 0, 26.70%, 0, 0, 4, 31.17, 4073467, 558, 0, 0
16798, 732, 12, 395, 0, 0, 26.70%, 0, 0, 4, 285.17, 4074806, 558, 0, 0
16803, 732, 89, 395, 0, 0, 26.70%, 0, 0, 4, 271.92, 4075881, 558, 0, 0
16808, 732, 187, 395, 0, 0, 26.70%, 0, 0, 4, 196.63, 4076970, 558, 0, 0
16813, 732, 294, 395, 0, 0, 26.70%, 0, 0, 4, 256.33, 4078366, 558, 0, 0
16818, 732, 362, 395, 0, 0, 26.70%, 0, 0, 4, 292.07, 4079491, 558, 0, 0
16823, 733, 51, 395, 0, 0, 26.70%, 0, 0, 4, 275.62, 4080551, 558, 0, 0
16828, 733, 130, 395, 0, 0, 26.70%, 0, 0, 4, 30.93, 4081721, 558, 0, 0
16833, 733, 196, 395, 0, 0, 26.70%, 0, 0, 4, 289.27, 4083101, 558, 0, 0
16838, 733, 316, 395, 0, 0, 26.70%, 0, 0, 4, 290.38, 4084176, 558, 0, 0
16844, 733, 372, 395, 0, 0, 26.70%, 0, 0, 4, 288.96, 4085271, 558, 0, 0
16849, 734, 59, 395, 0, 0, 26.70%, 0, 0, 4, 31.38, 4086529, 558, 0, 0
16854, 734, 183, 395, 0, 0, 26.70%, 0, 0, 4, 271.22, 4087801, 558, 0, 0
16859, 734, 279, 395, 0, 0, 26.70%, 0, 0, 4, 250.68, 4088864, 558, 0, 0
16864, 734, 352, 395, 0, 0, 26.70%, 0, 0, 4, 301.80, 4089928, 558, 0, 0
16869, 735, 54, 395, 0, 0, 26.70%, 0, 0, 4, 290.66, 4091411, 558, 0, 0
16874, 735, 156, 395, 0, 0, 26.70%, 0, 0, 4, 293.64, 4092466, 558, 0, 0
16879, 735, 199, 395, 0, 0, 26.70%, 0, 0, 4, 290.94, 4093501, 558, 0, 0
16884, 735, 341, 395, 0, 0, 26.70%, 0, 0, 4, 31.26, 4094828, 558, 0, 0
16890, 735, 391, 395, 0, 0, 26.70%, 0, 0, 4, 256.36, 4096015, 558, 0, 0
16895, 736, 89, 395, 0, 0, 26.70%, 0, 0, 4, 280.27, 4097076, 558, 0, 0
16900, 736, 180, 395, 0, 0, 26.70%, 0, 0, 4, 241.01, 4098115, 558, 0, 0
16905, 736, 293, 395, 0, 0, 26.70%, 0, 0, 4, 270.58, 4099601, 558, 0, 0
16910, 736, 357, 395, 0, 0, 26.70%, 0, 0, 4, 285.79, 4100721, 558, 0, 0
16915, 736, 390, 395, 0, 0, 26.70%, 0, 0, 4, 216.93, 4101804, 558, 0, 0
16920, 737, 101, 395, 0, 0, 26.70%, 0, 0, 4, 31.46, 4102939, 558, 0, 0
16926, 737, 220, 395, 0, 0, 26.70%, 0, 0, 4, 284.71, 4104351, 558, 0, 0
16931, 737, 302, 395, 0, 0, 26.70%, 0, 0, 4, 243.11, 4105436, 558, 0, 0
16936, 737, 371, 395, 0, 0, 26.70%, 0, 0, 4, 286.49, 4106516, 558, 0, 0
16941, 738, 51, 395, 0, 0, 26.70%, 0, 0, 4, 31.44, 4107733, 558, 0, 0
16946, 738, 156, 395, 0, 0, 26.70%, 0, 0, 4, 268.11, 4109051, 558, 0, 0
16951, 738, 248, 395, 0, 0, 26.70%, 0, 0, 4, 288.65, 4110111, 558, 0, 0
16956, 738, 345, 395, 0, 0, 26.70%, 0, 0, 4, 197.33, 4111147, 558, 0, 0
16962, 739, 5, 395, 0, 0, 26.70%, 0, 0, 4, 251.02, 4112566, 558, 0, 0
16967, 739, 90, 395, 0, 0, 26.70%, 0, 0, 4, 292.04, 4113701, 558, 0, 0
16972, 739, 199, 395, 0, 0, 26.70%, 0, 0, 4, 289.58, 4114786, 558, 0, 0
16977, 739, 316, 395, 0, 0, 26.70%, 0, 0, 4, 34.39, 4115863, 558, 0, 0
16982, 739, 376, 395, 0, 0, 26.70%, 0, 0, 4, 287.29, 4117331, 558, 0, 0
16987, 740, 75, 395, 0, 0, 26.70%, 0, 0, 4, 261.43, 4118381, 558, 0, 0
16992, 740, 160, 395, 0, 0, 26.70%, 0, 0, 4, 293.31, 4119431, 558, 0, 0
16997, 740, 286, 395, 0, 0, 26.70%, 0, 0, 4, 275.80, 4120831, 558, 0, 0
17002, 740, 370, 395, 0, 0, 26.70%, 0, 0, 4, 245.46, 4121945, 558, 0, 0
17008, 741, 19, 395, 0, 0, 26.70%, 0, 0, 4, 216.82, 4122985, 558, 0, 0
17013, 741, 113, 395, 0, 0, 26.70%, 0, 0, 4, 31.29, 4124124, 558, 0, 0
17018, 741, 238, 395, 0, 0, 26.70%, 0, 0, 4, 286.68, 4125581, 558, 0, 0
17023, 741, 329, 395, 0, 0, 26.70%, 0, 0, 4, 236.42, 4126677, 558, 0, 0
17028, 741, 375, 395, 0, 0, 26.70%, 0, 0, 4, 293.80, 4127736, 558, 0, 0
17033, 742, 78, 395, 0, 0, 26.70%, 0, 0, 4, 31.16, 4129073, 558, 0, 0
17038, 742, 180, 395, 0, 0, 26.70%, 0, 0, 4, 290.44, 4130266, 558, 0, 0
17043, 742, 286, 395, 0, 0, 26.70%, 0, 0, 4, 293.99, 4131326, 558, 0, 0
17048, 742, 370, 395, 0, 0, 26.70%, 0, 0, 4, 41.66, 4132378, 558, 0, 0
17054, 743, 54, 395, 0, 0, 26.70%, 0, 0, 4, 272.73, 4133851, 558, 0, 0
17059, 743, 164, 395, 0, 0, 26.70%, 0, 0, 4, 239.44, 4134925, 558, 0, 0
17064, 743, 220, 395, 0, 0, 26.70%, 0, 0, 4, 196.17, 4135983, 558, 0, 0
17069, 743, 314, 395, 0, 0, 26.70%, 0, 0, 4, 31.25, 4137298, 558, 0, 0
17074, 743, 373, 395, 0, 0, 26.70%, 0, 0, 4, 288.25, 4138471, 558, 0, 0
17079, 744, 78, 395, 0, 0, 26.70%, 0, 0, 4, 297.27, 4139566, 558, 0, 0
17084, 744, 175, 395, 0, 0, 26.70%, 0, 0, 4, 283.58, 4140617, 558, 0, 0
17089, 744, 286, 395, 0, 0, 26.70%, 0, 0, 4, 285.69, 4142096, 558, 0, 0
17094, 744, 352, 395, 0, 0, 26.70%, 0, 0, 4, 284.70, 4143131, 558, 0, 0
17099, 744, 390, 395, 0, 0, 26.70%, 0, 0, 4, 239.25, 4144185, 558, 0, 0
17105, 745, 88, 395, 0, 0, 26.70%, 0, 0, 4, 31.25, 4145392, 558, 0, 0
17110, 745, 187, 395, 0, 0, 26.70%, 0, 0, 4, 280.73, 4146721, 558, 0, 0
17115, 745, 248, 395, 0, 0, 26.70%, 0, 0, 4, 294.05, 4147811, 558, 0, 0
17120, 745, 337, 395, 0, 0, 26.70%, 0, 0, 4, 283.40, 4148851, 558, 0, 0
17125, 746, 15, 395, 0, 0, 26.70%, 0, 0, 4, 31.45, 4150216, 558, 0, 0
17130, 746, 156, 395, 0, 0, 26.70%, 0, 0, 4, 270.47, 4151391, 558, 0, 0
17135, 746, 214, 395, 0, 0, 26.70%, 0, 0, 4, 275.22, 4152456, 558, 0, 0
17140, 746, 287, 395, 0, 0, 26.70%, 0, 0, 4, 31.00, 4153576, 558, 0, 0
17145, 746, 391, 395, 0, 0, 26.70%, 0, 0, 4, 269.73, 4155041, 558, 0, 0
17151, 747, 89, 395, 0, 0, 26.70%, 0, 0, 4, 289.72, 4156126, 558, 0, 0
17156, 747, 175, 395, 0, 0, 26.70%, 0, 0, 4, 233.78, 4157163, 558, 0, 0
17161, 747, 280, 395, 0, 0, 26.70%, 0, 0, 4, 30.31, 4158473, 558, 0, 0
17166, 747, 370, 395, 0, 0, 26.70%, 0, 0, 4, 285.67, 4159696, 558, 0, 0
17171, 748, 37, 395, 0, 0, 26.70%, 0, 0, 4, 282.74, 4160746, 558, 0, 0
17176, 748, 92, 395, 0, 0, 26.70%, 0, 0, 4, 262.38, 4161834, 558, 0, 0
17181, 748, 208, 395, 0, 0, 26.70%, 0, 0, 4, 283.88, 4163281, 558, 0, 0
17186, 748, 305, 395, 0, 0, 26.70%, 0, 0, 4, 290.82, 4164341, 558, 0, 0
17191, 748, 371, 395, 0, 0, 26.70%, 0, 0, 4, 287.57, 4165381, 558, 0, 0
17196, 749, 74, 395, 0, 0, 26.70%, 0, 0, 4, 31.26, 4166693, 558, 0, 0
17201, 749, 176, 395, 0, 0, 26.70%, 0, 0, 4, 293.88, 4167941, 558, 0, 0
17206, 749, 249, 395, 0, 0, 26.70%, 0, 0, 4, 291.76, 4169031, 558, 0, 0
17212, 749, 341, 395, 0, 0, 26.70%, 0, 0, 4, 240.20, 4170104, 558, 0, 0
17217, 749, 378, 395, 0, 0, 26.70%, 0, 0, 4, 273.93, 4171561, 558, 0, 0
17222, 750, 75, 395, 0, 0, 26.70%, 0, 0, 4, 289.72, 4172646, 558, 0, 0
17227, 750, 160, 395, 0, 0, 26.70%, 0, 0, 4, 255.71, 4173721, 558, 0, 0
17232, 750, 273, 395, 0, 0, 26.70%, 0, 0, 4, 31.08, 4174978, 558, 0, 0
17237, 750, 360, 395, 0, 0, 26.70%, 0, 0, 4, 250.72, 4176218, 558, 0, 0
17242, 751, 5, 395, 0, 0, 26.70%, 0, 0, 4, 286.57, 4177301, 558, 0, 0
17247, 751, 101, 395, 0, 0, 26.70%, 0, 0, 4, 295.84, 4178366, 558, 0, 0
17252, 751, 225, 395, 0, 0, 26.70%, 0, 0, 4, 291.53, 4179865, 558, 0, 0
17258, 751, 318, 395, 0, 0, 26.70%, 0, 0, 4, 287.41, 4180951, 558, 0, 0
17263, 751, 376, 395, 0, 0, 26.70%, 0, 0, 4, 294.07, 4181991, 558, 0, 0
17268, 752, 55, 395, 0, 0, 26.70%, 0, 0, 4, 31.48, 4183144, 558, 0, 0
17273, 752, 198, 395, 0, 0, 26.70%, 0, 0, 4, 274.00, 4184571, 558, 0, 0
17278, 752, 317, 395, 0, 0, 26.70%, 0, 0, 4, 292.45, 4185611, 558, 0, 0
17283, 752, 368, 395, 0, 0, 26.70%, 0, 0, 4, 284.57, 4186636, 558, 0, 0
17288, 753, 63, 395, 0, 0, 26.70%, 0, 0, 4, 31.10, 4187857, 558, 0, 0
17293, 753, 187, 395, 0, 0, 26.70%, 0, 0, 4, 258.86, 4189226, 558, 0, 0
17299, 753, 267, 395, 0, 0, 26.70%, 0, 0, 4, 233.44, 4190312, 558, 0, 0
17304, 753, 336, 395, 0, 0, 26.70%, 0, 0, 4, 195.66, 4191418, 558, 0, 0
17309, 753, 392, 395, 0, 0, 26.70%, 0, 0, 4, 31.45, 4192751, 558, 0, 0
17314, 754, 140, 395, 0, 0, 26.70%, 0, 0, 4, 290.87, 4193951, 558, 0, 0
17319, 754, 248, 395, 0, 0, 26.70%, 0, 0, 4, 221.50, 4195003, 558, 0, 0
17324, 754, 327, 395, 0, 0, 26.70%, 0, 0, 4, 276.97, 4196096, 558, 0, 0
17330, 754, 392, 395, 0, 0, 26.70%, 0, 0, 4, 30.40, 4197496, 558, 0, 0
17335, 755, 111, 395, 0, 0, 26.70%, 0, 0, 4, 286.09, 4198676, 558, 0, 0
17340, 755, 180, 395, 0, 0, 26.70%, 0, 0, 4, 287.94, 4199716, 558, 0, 0
17345, 755, 294, 395, 0, 0, 26.70%, 0, 0, 4, 223.33, 4200786, 558, 0, 0
17350, 755, 373, 395, 0, 0, 26.70%, 0, 0, 4, 272.50, 4202246, 558, 0, 0
17355, 756, 54, 395, 0, 0, 26.70%, 0, 0, 4, 288.32, 4203311, 558, 0, 0
17360, 756, 113, 395, 0, 0, 26.70%, 0, 0, 4, 296.49, 4204386, 558, 0, 0
17365, 756, 199, 395, 0, 0, 26.70%, 0, 0, 4, 31.32, 4205506, 558, 0, 0
17370, 756, 324, 395, 0, 0, 26.70%, 0, 0, 4, 291.99, 4206965, 558, 0, 0
17376, 756, 369, 395, 0, 0, 26.70%, 0, 0, 4, 284.94, 4207986, 558, 0, 0
17381, 757, 75, 395, 0, 0, 26.70%, 0, 0, 4, 270.25, 4209031, 558, 0, 0
17386, 757, 175, 395, 0, 0, 26.70%, 0, 0, 4, 31.37, 4210134, 558, 0, 0
17391, 757, 279, 395, 0, 0, 26.70%, 0, 0, 4, 289.81, 4211586, 558, 0, 0
17396, 757, 336, 395, 0, 0, 26.70%, 0, 0, 4, 287.46, 4212641, 558, 0, 0
17401, 757, 373, 395, 0, 0, 26.70%, 0, 0, 4, 291.06, 4213706, 558, 0, 0
17406, 758, 89, 395, 0, 0, 26.70%, 0, 0, 4, 31.25, 4214960, 558, 0, 0
17411, 758, 195, 395, 0, 0, 26.70%, 0, 0, 4, 278.09, 4216231, 558, 0, 0
17416, 758, 273, 395, 0, 0, 26.70%, 0, 0, 4, 292.74, 4217306, 558, 0, 0
17421, 758, 336, 395, 0, 0, 26.70%, 0, 0, 4, 290.37, 4218391, 558, 0, 0
17427, 758, 392, 395, 0, 0, 26.70%, 0, 0, 4, 30.35, 4219647, 558, 0, 0
17432, 759, 89, 395, 0, 0, 26.70%, 0, 0, 4, 257.09, 4220906, 558, 0, 0
17437, 759, 199, 395, 0, 0, 26.70%, 0, 0, 4, 286.59, 4221981, 558, 0, 0
17442, 759, 305, 395, 0, 0, 26.70%, 0, 0, 4, 197.18, 4223074, 558, 0, 0
17447, 759, 371, 395, 0, 0, 26.70%, 0, 0, 4, 31.35, 4224426, 558, 0, 0
17452, 760, 146, 395, 0, 0, 26.70%, 0, 0, 4, 291.69, 4225651, 558, 0, 0
17457, 760, 220, 395, 0, 0, 26.70%, 0, 0, 4, 282.31, 4226676, 558, 0, 0
17462, 760, 294, 395, 0, 0, 26.70%, 0, 0, 4, 35.04, 4227702, 558, 0, 0
17468, 760, 373, 395, 0, 0, 26.70%, 0, 0, 4, 290.71, 4229196, 558, 0, 0
17473, 761, 61, 395, 0, 0, 26.70%, 0, 0, 4, 287.84, 4230211, 558, 0, 0
17478, 761, 125, 395, 0, 0, 26.70%, 0, 0, 4, 242.75, 4231288, 558, 0, 0
17483, 761, 273, 395, 0, 0, 26.70%, 0, 0, 4, 31.12, 4232535, 558, 0, 0
17488, 761, 361, 395, 0, 0, 26.70%, 0, 0, 4, 277.56, 4233796, 558, 0, 0
17493, 762, 35, 395, 0, 0, 26.70%, 0, 0, 4, 284.57, 4234826, 558, 0, 0
17498, 762, 90, 395, 0, 0, 26.70%, 0, 0, 4, 188.27, 4235937, 558, 0, 0
17503, 762, 198, 395, 0, 0, 26.70%, 0, 0, 4, 259.75, 4237361, 558, 0, 0
17508, 762, 294, 395, 0, 0, 26.70%, 0, 0, 4, 272.40, 4238471, 558, 0, 0
17513, 762, 371, 395, 0, 0, 26.70%, 0, 0, 4, 238.52, 4239504, 558, 0, 0
17518, 763, 48, 395, 0, 0, 26.70%, 0, 0, 4, 30.62, 4240647, 558, 0, 0
17524, 763, 180, 395, 0, 0, 26.70%, 0, 0, 4, 276.89, 4242031, 558, 0, 0
17529, 763, 303, 395, 0, 0, 26.70%, 0, 0, 4, 254.17, 4243136, 558, 0, 0
17534, 763, 341, 395, 0, 0, 26.70%, 0, 0, 4, 265.77, 4244176, 558, 0, 0
17539, 763, 391, 395, 0, 0, 26.70%, 0, 0, 4, 30.40, 4245511, 558, 0, 0
17544, 764, 113, 395, 0, 0, 26.70%, 0, 0, 4, 285.96, 4246701, 558, 0, 0
17549, 764, 187, 395, 0, 0, 26.70%, 0, 0, 4, 289.07, 4247766, 558, 0, 0
17554, 764, 292, 395, 0, 0, 26.70%, 0, 0, 4, 250.00, 4248851, 558, 0, 0
17560, 764, 373, 395, 0, 0, 26.70%, 0, 0, 4, 281.49, 4250351, 558, 0, 0
17565, 765, 73, 395, 0, 0, 26.70%, 0, 0, 4, 265.55, 4251421, 558, 0, 0
17570, 765, 127, 395, 0, 0, 26.70%, 0, 0, 4, 291.17, 4252506, 558, 0, 0
17575, 765, 248, 395, 0, 0, 26.70%, 0, 0, 4, 30.30, 4253707, 558, 0, 0
17580, 765, 327, 395, 0, 0, 26.70%, 0, 0, 4, 292.17, 4255106, 558, 0, 0
17585, 765, 376, 395, 0, 0, 26.70%, 0, 0, 4, 248.71, 4256188, 558, 0, 0
17591, 766, 54, 395, 0, 0, 26.70%, 0, 0, 4, 229.32, 4257248, 558, 0, 0
17596, 766, 160, 395, 0, 0, 26.70%, 0, 0, 4, 31.44, 4258573, 558, 0, 0
17601, 766, 279, 395, 0, 0, 26.70%, 0, 0, 4, 286.77, 4259791, 558, 0, 0
17606, 766, 360, 395, 0, 0, 26.70%, 0, 0, 4, 253.37, 4260786, 558, 0, 0
17611, 767, 51, 395, 0, 0, 26.70%, 0, 0, 4, 295.00, 4261830, 558, 0, 0
17616, 767, 177, 395, 0, 0, 26.70%, 0, 0, 4, 286.84, 4263331, 558, 0, 0
17621, 767, 276, 395, 0, 0, 26.70%, 0, 0, 4, 272.30, 4264446, 558, 0, 0
17626, 767, 351, 395, 0, 0, 26.70%, 0, 0, 4, 287.37, 4265511, 558, 0, 0
17631, 768, 5, 395, 0, 0, 26.70%, 0, 0, 4, 31.63, 4266599, 558, 0, 0
17636, 768, 175, 395, 0, 0, 26.70%, 0, 0, 4, 291.53, 4268046, 558, 0, 0
17642, 768, 253, 395, 0, 0, 26.70%, 0, 0, 4, 284.48, 4269146, 558, 0, 0
17647, 768, 315, 395, 0, 0, 26.70%, 0, 0, 4, 259.93, 4270171, 558, 0, 0
17652, 768, 362, 395, 0, 0, 26.70%, 0, 0, 4, 31.36, 4271382, 558, 0, 0
17657, 769, 73, 395, 0, 0, 26.70%, 0, 0, 4, 275.29, 4272756, 558, 0, 0
17662, 769, 158, 395, 0, 0, 26.70%, 0, 0, 4, 286.95, 4273811, 558, 0, 0
17667, 769, 232, 395, 0, 0, 26.70%, 0, 0, 4, 288.04, 4274861, 558, 0, 0
17672, 769, 336, 395, 0, 0, 26.70%, 0, 0, 4, 283.83, 4276296, 558, 0, 0
17677, 769, 391, 395, 0, 0, 26.70%, 0, 0, 4, 271.48, 4277396, 558, 0, 0
17682, 770, 87, 395, 0, 0, 26.70%, 0, 0, 4, 291.45, 4278456, 558, 0, 0
17688, 770, 189, 395, 0, 0, 26.70%, 0, 0, 4, 31.37, 4279584, 558, 0, 0
17693, 770, 333, 395, 0, 0, 26.70%, 0, 0, 4, 289.78, 4281031, 558, 0, 0
17698, 770, 376, 395, 0, 0, 26.70%, 0, 0, 4, 279.30, 4282076, 558, 0, 0
17703, 771, 101, 395, 0, 0, 26.70%, 0, 0, 4, 238.73, 4283160, 558, 0, 0
17708, 771, 199, 395, 0, 0, 26.70%, 0, 0, 4, 31.18, 4284387, 558, 0, 0
17713, 771, 294, 395, 0, 0, 26.70%, 0, 0, 4, 287.97, 4285715, 558, 0, 0
17718, 771, 362, 395, 0, 0, 26.70%, 0, 0, 4, 286.78, 4286756, 558, 0, 0
17723, 772, 54, 395, 0, 0, 26.70%, 0, 0, 4, 292.50, 4287816, 558, 0, 0
17729, 772, 160, 395, 0, 0, 26.70%, 0, 0, 4, 29.41, 4289246, 558, 0, 0
17734, 772, 273, 395, 0, 0, 26.70%, 0, 0, 4, 244.60, 4290371, 558, 0, 0
17739, 772, 352, 395, 0, 0, 26.70%, 0, 0, 4, 271.79, 4291396, 558, 0, 0
17744, 772, 391, 395, 0, 0, 26.70%, 0, 0, 4, 30.69, 4292562, 558, 0, 0
17749, 773, 113, 395, 0, 0, 26.70%, 0, 0, 4, 285.70, 4293956, 558, 0, 0
17754, 773, 198, 395, 0, 0, 26.70%, 0, 0, 4, 294.19, 4295016, 558, 0, 0
17759, 773, 286, 395, 0, 0, 26.70%, 0, 0, 4, 290.47, 4296096, 558, 0, 0
17764, 773, 370, 395, 0, 0, 26.70%, 0, 0, 4, 31.32, 4297348, 558, 0, 0
17769, 774, 75, 395, 0, 0, 26.70%, 0, 0, 4, 293.46, 4298641, 558, 0, 0
17774, 774, 156, 395, 0, 0, 26.70%, 0, 0, 4, 278.37, 4299691, 558, 0, 0
17779, 774, 228, 395, 0, 0, 26.70%, 0, 0, 4, 285.00, 4300736, 558, 0, 0
17784, 774, 354, 395, 0, 0, 26.70%, 0, 0, 4, 283.55, 4302161, 558, 0, 0
17790, 774, 394, 395, 0, 0, 26.70%, 0, 0, 4, 278.29, 4303196, 558, 0, 0
17795, 775, 86, 395, 0, 0, 26.70%, 0, 0, 4, 288.81, 4304176, 558, 0, 0
17800, 775, 180, 395, 0, 0, 26.70%, 0, 0, 4, 275.39, 4305641, 558, 0, 0
17805, 775, 279, 395, 0, 0, 26.70%, 0, 0, 4, 287.21, 4306771, 558, 0, 0
17810, 775, 361, 395, 0, 0, 26.70%, 0, 0, 4, 240.03, 4307806, 558, 0, 0
17815, 776, 41, 395, 0, 0, 26.70%, 0, 0, 4, 290.00, 4308869, 558, 0, 0
17820, 776, 171, 395, 0, 0, 26.70%, 0, 0, 4, 281.63, 4310361, 558, 0, 0
17826, 776, 224, 395, 0, 0, 26.70%, 0, 0, 4, 289.52, 4311496, 558, 0, 0
17831, 776, 327, 395, 0, 0, 26.70%, 0, 0, 4, 286.76, 4312586, 558, 0, 0
17836, 776, 373, 395, 0, 0, 26.70%, 0, 0, 4, 31.35, 4313641, 558, 0, 0
17841, 777, 106, 395, 0, 0, 26.70%, 0, 0, 4, 274.61, 4315101, 558, 0, 0
17846, 777, 187, 395, 0, 0, 26.70%, 0, 0, 4, 287.82, 4316181, 558, 0, 0
17851, 777, 273, 395, 0, 0, 26.70%, 0, 0, 4, 261.66, 4317221, 558, 0, 0
17856, 777, 352, 395, 0, 0, 26.70%, 0, 0, 4, 40.89, 4318340, 558, 0, 0
17861, 778, 32, 395, 0, 0, 26.70%, 0, 0, 4, 284.50, 4319771, 558, 0, 0
17867, 778, 89, 395, 0, 0, 26.70%, 0, 0, 4, 252.57, 4320850, 558, 0, 0
17872, 778, 187, 395, 0, 0, 26.70%, 0, 0, 4, 234.50, 4321894, 558, 0, 0
17877, 778, 292, 395, 0, 0, 26.70%, 0, 0, 4, 30.38, 4323127, 558, 0, 0
17882, 778, 361, 395, 0, 0, 26.70%, 0, 0, 4, 268.90, 4324491, 558, 0, 0
17887, 779, 17, 395, 0, 0, 26.70%, 0, 0, 4, 289.78, 4325576, 558, 0, 0
17892, 779, 89, 395, 0, 0, 26.70%, 0, 0, 4, 292.66, 4326631, 558, 0, 0
17897, 779, 194, 395, 0, 0, 26.70%, 0, 0, 4, 31.45, 4327852, 558, 0, 0
17903, 779, 335, 395, 0, 0, 26.70%, 0, 0, 4, 279.97, 4329236, 558, 0, 0
17908, 779, 373, 395, 0, 0, 26.70%, 0, 0, 4, 284.30, 4330306, 558, 0, 0
17913, 780, 72, 395, 0, 0, 26.70%, 0, 0, 4, 294.30, 4331391, 558, 0, 0
17918, 780, 177, 395, 0, 0, 26.70%, 0, 0, 4, 40.40, 4332627, 558, 0, 0
17923, 780, 279, 395, 0, 0, 26.70%, 0, 0, 4, 288.89, 4333961, 558, 0, 0
17928, 780, 330, 395, 0, 0, 26.70%, 0, 0, 4, 290.40, 4335036, 558, 0, 0
17933, 780, 373, 395, 0, 0, 26.70%, 0, 0, 4, 214.33, 4336081, 558, 0, 0
17938, 781, 78, 395, 0, 0, 26.70%, 0, 0, 4, 30.39, 4337398, 558, 0, 0
17943, 781, 177, 395, 0, 0, 26.70%, 0, 0, 4, 257.51, 4338601, 558, 0, 0
17948, 781, 266, 395, 0, 0, 26.70%, 0, 0, 4, 300.90, 4339653, 558, 0, 0
17954, 781, 327, 395, 0, 0, 26.70%, 0, 0, 4, 31.33, 4340729, 558, 0, 0
17959, 782, 17, 395, 0, 0, 26.70%, 0, 0, 4, 260.73, 4342186, 558, 0, 0
17964, 782, 90, 395, 0, 0, 26.70%, 0, 0, 4, 281.20, 4343296, 558, 0, 0
17969, 782, 190, 395, 0, 0, 26.70%, 0, 0, 4, 282.21, 4344356, 558, 0, 0
17974, 782, 276, 395, 0, 0, 26.70%, 0, 0, 4, 31.11, 4345572, 558, 0, 0
17979, 782, 371, 395, 0, 0, 26.70%, 0, 0, 4, 269.47, 4346881, 558, 0, 0
17984, 783, 20, 395, 0, 0, 26.70%, 0, 0, 4, 283.98, 4347921, 558, 0, 0
17989, 783, 89, 395, 0, 0, 26.70%, 0, 0, 4, 295.82, 4349015, 558, 0, 0
17995, 783, 180, 395, 0, 0, 26.70%, 0, 0, 4, 31.45, 4350421, 558, 0, 0
18000, 783, 279, 395, 0, 0, 26.70%, 0, 0, 4, 290.08, 4351596, 558, 0, 0
18005, 783, 352, 395, 0, 0, 26.70%, 0, 0, 4, 283.07, 4352671, 558, 0, 0
18010, 783, 392, 395, 0, 0, 26.70%, 0, 0, 4, 265.00, 4353764, 558, 0, 0
18015, 784, 142, 395, 0, 0, 26.70%, 0, 0, 4, 286.61, 4355266, 558, 0, 0
18020, 784, 198, 395, 0, 0, 26.70%, 0, 0, 4, 291.91, 4356361, 558, 0, 0
18026, 784, 317, 395, 0, 0, 26.70%, 0, 0, 4, 268.91, 4357466, 558, 0, 0
18031, 784, 373, 395, 0, 0, 26.70%, 0, 0, 4, 31.09, 4358597, 558, 0, 0
18036, 785, 90, 395, 0, 0, 26.70%, 0, 0, 4, 291.19, 4359996, 558, 0, 0
18041, 785, 198, 395, 0, 0, 26.70%, 0, 0, 4, 289.50, 4361096, 558, 0, 0
18046, 785, 273, 395, 0, 0, 26.70%, 0, 0, 4, 245.10, 4362144, 558, 0, 0
18051, 785, 362, 395, 0, 0, 26.70%, 0, 0, 4, 31.25, 4363521, 558, 0, 0
18056, 786, 5, 395, 0, 0, 26.70%, 0, 0, 4, 276.41, 4364691, 558, 0, 0
18061, 786, 99, 395, 0, 0, 26.70%, 0, 0, 4, 297.33, 4365791, 558, 0, 0
18067, 786, 183, 395, 0, 0, 26.70%, 0, 0, 4, 33.32, 4366837, 558, 0, 0
18072, 786, 286, 395, 0, 0, 26.70%, 0, 0, 4, 290.30, 4368336, 558, 0, 0
18077, 786, 352, 395, 0, 0, 26.70%, 0, 0, 4, 283.69, 4369371, 558, 0, 0
18082, 786, 394, 395, 0, 0, 26.70%, 0, 0, 4, 286.61, 4370441, 558, 0, 0
18087, 787, 156, 395, 0, 0, 26.70%, 0, 0, 4, 44.31, 4371725, 558, 0, 0
18092, 787, 245, 395, 0, 0, 26.70%, 0, 0, 4, 267.30, 4372986, 558, 0, 0
18097, 787, 332, 395, 0, 0, 26.70%, 0, 0, 4, 289.95, 4374061, 558, 0, 0
18102, 787, 373, 395, 0, 0, 26.70%, 0, 0, 4, 35.73, 4375084, 558, 0, 0
18107, 788, 75, 395, 0, 0, 26.70%, 0, 0, 4, 291.31, 4376576, 558, 0, 0
18112, 788, 180, 395, 0, 0, 26.70%, 0, 0, 4, 290.89, 4377626, 558, 0, 0
18118, 788, 274, 395, 0, 0, 26.70%, 0, 0, 4, 227.35, 4378680, 558, 0, 0
18123, 788, 343, 395, 0, 0, 26.70%, 0, 0, 4, 30.65, 4379963, 558, 0, 0
18128, 789, 3, 395, 0, 0, 26.70%, 0, 0, 4, 257.37, 4381211, 558, 0, 0
18133, 789, 105, 395, 0, 0, 26.70%, 0, 0, 4, 292.46, 4382271, 558, 0, 0
18138, 789, 175, 395, 0, 0, 26.70%, 0, 0, 4, 37.42, 4383356, 558, 0, 0
18143, 789, 294, 395, 0, 0, 26.70%, 0, 0, 4, 289.86, 4384851, 558, 0, 0
18148, 789, 371, 395, 0, 0, 26.70%, 0, 0, 4, 286.89, 4385901, 558, 0, 0
18153, 790, 74, 395, 0, 0, 26.70%, 0, 0, 4, 273.33, 4386951, 558, 0, 0
18158, 790, 175, 395, 0, 0, 26.70%, 0, 0, 4, 31.35, 4388291, 558, 0, 0
18163, 790, 266, 395, 0, 0, 26.70%, 0, 0, 4, 289.99, 4389486, 558, 0, 0
18169, 790, 306, 395, 0, 0, 26.70%, 0, 0, 4, 269.46, 4390561, 558, 0, 0
18174, 790, 370, 395, 0, 0, 26.70%, 0, 0, 4, 190.00, 4391634, 558, 0, 0
18179, 791, 89, 395, 0, 0, 26.70%, 0, 0, 4, 270.95, 4393141, 558, 0, 0
18184, 791, 166, 395, 0, 0, 26.70%, 0, 0, 4, 291.46, 4394241, 558, 0, 0
18189, 791, 273, 395, 0, 0, 26.70%, 0, 0, 4, 298.36, 4395286, 558, 0, 0
18194, 791, 362, 395, 0, 0, 26.70%, 0, 0, 4, 31.34, 4396500, 558, 0, 0
18199, 792, 61, 395, 0, 0, 26.70%, 0, 0, 4, 280.89, 4397816, 558, 0, 0
18204, 792, 145, 395, 0, 0, 26.70%, 0, 0, 4, 295.50, 4398886, 558, 0, 0
18210, 792, 199, 395, 0, 0, 26.70%, 0, 0, 4, 239.10, 4399978, 558, 0, 0
18215, 792, 324, 395, 0, 0, 26.70%, 0, 0, 4, 272.42, 4401406, 558, 0, 0
18220, 792, 371, 395, 0, 0, 26.70%, 0, 0, 4, 288.84, 4402526, 558, 0, 0
18225, 793, 39, 395, 0, 0, 26.70%, 0, 0, 4, 290.83, 4403546, 558, 0, 0
18230, 793, 127, 395, 0, 0, 26.70%, 0, 0, 4, 31.53, 4404702, 558, 0, 0
18235, 793, 198, 395, 0, 0, 26.70%, 0, 0, 4, 291.11, 4406096, 558, 0, 0
18240, 793, 305, 395, 0, 0, 26.70%, 0, 0, 4, 256.79, 4407171, 558, 0, 0
18245, 793, 370, 395, 0, 0, 26.70%, 0, 0, 4, 250.04, 4408182, 558, 0, 0
18251, 794, 76, 395, 0, 0, 26.70%, 0, 0, 4, 31.15, 4409491, 558, 0, 0
18256, 794, 179, 395, 0, 0, 26.70%, 0, 0, 4, 253.78, 4410741, 558, 0, 0
18261, 794, 273, 395, 0, 0, 26.70%, 0, 0, 4, 235.84, 4411794, 558, 0, 0
18266, 794, 346, 395, 0, 0, 26.70%, 0, 0, 4, 292.08, 4412830, 558, 0, 0
18271, 795, 19, 395, 0, 0, 26.70%, 0, 0, 4, 285.64, 4414311, 558, 0, 0
18276, 795, 113, 395, 0, 0, 26.70%, 0, 0, 4, 291.04, 4415331, 558, 0, 0
18281, 795, 207, 395, 0, 0, 26.70%, 0, 0, 4, 290.90, 4416371, 558, 0, 0
18286, 795, 305, 395, 0, 0, 26.70%, 0, 0, 4, 31.15, 4417681, 558, 0, 0
18291, 795, 370, 395, 0, 0, 26.70%, 0, 0, 4, 273.99, 4418806, 558, 0, 0
18296, 796, 51, 395, 0, 0, 26.70%, 0, 0, 4, 278.34, 4419836, 558, 0, 0
18301, 796, 175, 395, 0, 0, 26.70%, 0, 0, 4, 31.53, 4420961, 558, 0, 0
18307, 796, 286, 395, 0, 0, 26.70%, 0, 0, 4, 287.20, 4422411, 558, 0, 0
18312, 796, 362, 395, 0, 0, 26.70%, 0, 0, 4, 289.44, 4423441, 558, 0, 0
18317, 797, 51, 395, 0, 0, 26.70%, 0, 0, 4, 269.47, 4424536, 558, 0, 0
18322, 797, 156, 395, 0, 0, 26.70%, 0, 0, 4, 46.61, 4425800, 558, 0, 0
18327, 797, 217, 395, 0, 0, 26.70%, 0, 0, 4, 287.61, 4427016, 558, 0, 0
18332, 797, 294, 395, 0, 0, 26.70%, 0, 0, 4, 291.00, 4428051, 558, 0, 0
18337, 797, 370, 395, 0, 0, 26.70%, 0, 0, 4, 287.46, 4429106, 558, 0, 0
18342, 798, 75, 395, 0, 0, 26.70%, 0, 0, 4, 270.86, 4430526, 558, 0, 0
18347, 798, 177, 395, 0, 0, 26.70%, 0, 0, 4, 289.02, 4431661, 558, 0, 0
18353, 798, 294, 395, 0, 0, 26.70%, 0, 0, 4, 293.57, 4432756, 558, 0, 0
18358, 798, 360, 395, 0, 0, 26.70%, 0, 0, 4, 31.16, 4433824, 558, 0, 0
18363, 799, 75, 395, 0, 0, 26.70%, 0, 0, 4, 286.12, 4435261, 558, 0, 0
18368, 799, 164, 395, 0, 0, 26.70%, 0, 0, 4, 284.62, 4436286, 558, 0, 0
18373, 799, 226, 395, 0, 0, 26.70%, 0, 0, 4, 199.34, 4437323, 558, 0, 0
18378, 799, 294, 395, 0, 0, 26.70%, 0, 0, 4, 31.16, 4438537, 558, 0, 0
18383, 799, 376, 395, 0, 0, 26.70%, 0, 0, 4, 291.51, 4439861, 558, 0, 0
18388, 800, 75, 395, 0, 0, 26.70%, 0, 0, 4, 252.37, 4440929, 558, 0, 0
18393, 800, 156, 395, 0, 0, 26.70%, 0, 0, 4, 297.12, 4441986, 558, 0, 0
18399, 800, 279, 395, 0, 0, 26.70%, 0, 0, 4, 31.06, 4443371, 558, 0, 0
18404, 800, 345, 395, 0, 0, 26.70%, 0, 0, 4, 250.26, 4444493, 558, 0, 0
18409, 800, 387, 395, 0, 0, 26.70%, 0, 0, 4, 293.72, 4445540, 558, 0, 0
18414, 801, 156, 395, 0, 0, 26.70%, 0, 0, 4, 31.23, 4446682, 558, 0, 0
18419, 801, 245, 395, 0, 0, 26.70%, 0, 0, 4, 291.15, 4448026, 558, 0, 0
18424, 801, 340, 395, 0, 0, 26.70%, 0, 0, 4, 290.72, 4449111, 558, 0, 0
18429, 801, 375, 395, 0, 0, 26.70%, 0, 0, 4, 294.84, 4450161, 558, 0, 0
18434, 802, 89, 395, 0, 0, 26.70%, 0, 0, 4, 31.45, 4451531, 558, 0, 0
18439, 802, 175, 395, 0, 0, 26.70%, 0, 0, 4, 249.46, 4452663, 558, 0, 0
18444, 802, 248, 395, 0, 0, 26.70%, 0, 0, 4, 288.85, 4453706, 558, 0, 0
18449, 802, 327, 395, 0, 0, 26.70%, 0, 0, 4, 255.15, 4454781, 558, 0, 0
18455, 803, 5, 395, 0, 0, 26.70%, 0, 0, 4, 267.38, 4456221, 558, 0, 0
18460, 803, 156, 395, 0, 0, 26.70%, 0, 0, 4, 292.82, 4457361, 558, 0, 0
18465, 803, 196, 395, 0, 0, 26.70%, 0, 0, 4, 284.75, 4458451, 558, 0, 0
18470, 803, 279, 395, 0, 0, 26.70%, 0, 0, 4, 31.25, 4459569, 558, 0, 0
18475, 803, 370, 395, 0, 0, 26.70%, 0, 0, 4, 285.14, 4460996, 558, 0, 0
18480, 804, 54, 395, 0, 0, 26.70%, 0, 0, 4, 290.21, 4462046, 558, 0, 0
18485, 804, 175, 395, 0, 0, 26.70%, 0, 0, 4, 293.07, 4463136, 558, 0, 0
18490, 804, 293, 395, 0, 0, 26.70%, 0, 0, 4, 31.36, 4464490, 558, 0, 0
18495, 804, 361, 395, 0, 0, 26.70%, 0, 0, 4, 283.83, 4465646, 558, 0, 0
18500, 805, 51, 395, 0, 0, 26.70%, 0, 0, 4, 289.80, 4466696, 558, 0, 0
18506, 805, 156, 395, 0, 0, 26.70%, 0, 0, 4, 37.09, 4467804, 558, 0, 0
18511, 805, 279, 395, 0, 0, 26.70%, 0, 0, 4, 291.53, 4469311, 558, 0, 0
18516, 805, 352, 395, 0, 0, 26.70%, 0, 0, 4, 283.23, 4470341, 558, 0, 0
18521, 805, 392, 395, 0, 0, 26.70%, 0, 0, 4, 284.20, 4471371, 558, 0, 0
18526, 806, 123, 395, 0, 0, 26.70%, 0, 0, 4, 31.25, 4472635, 558, 0, 0
18531, 806, 248, 395, 0, 0, 26.70%, 0, 0, 4, 290.07, 4473961, 558, 0, 0
18536, 806, 305, 395, 0, 0, 26.70%, 0, 0, 4, 242.31, 4474979, 558, 0, 0
18541, 806, 370, 395, 0, 0, 26.70%, 0, 0, 4, 285.15, 4476021, 558, 0, 0
18546, 807, 80, 395, 0, 0, 26.70%, 0, 0, 4, 31.23, 4477338, 558, 0, 0
18552, 807, 177, 395, 0, 0, 26.70%, 0, 0, 4, 284.76, 4478565, 558, 0, 0
18557, 807, 259, 395, 0, 0, 26.70%, 0, 0, 4, 227.24, 4479665, 558, 0, 0
18562, 807, 342, 395, 0, 0, 26.70%, 0, 0, 4, 290.00, 4480733, 558, 0, 0
18567, 808, 51, 395, 0, 0, 26.70%, 0, 0, 4, 283.09, 4482196, 558, 0, 0
18572, 808, 116, 395, 0, 0, 26.70%, 0, 0, 4, 289.02, 4483256, 558, 0, 0
18577, 808, 187, 395, 0, 0, 26.70%, 0, 0, 4, 290.12, 4484341, 558, 0, 0
18583, 808, 305, 395, 0, 0, 26.70%, 0, 0, 4, 30.23, 4485489, 558, 0, 0
18588, 808, 373, 395, 0, 0, 26.70%, 0, 0, 4, 290.95, 4486931, 558, 0, 0
18593, 809, 51, 395, 0, 0, 26.70%, 0, 0, 4, 279.49, 4487981, 558, 0, 0
18598, 809, 143, 395, 0, 0, 26.70%, 0, 0, 4, 249.31, 4489065, 558, 0, 0
18603, 809, 217, 395, 0, 0, 26.70%, 0, 0, 4, 31.45, 4490313, 558, 0, 0
18608, 809, 327, 395, 0, 0, 26.70%, 0, 0, 4, 255.05, 4491601, 558, 0, 0
18613, 809, 376, 395, 0, 0, 26.70%, 0, 0, 4, 286.68, 4492686, 558, 0, 0
18618, 810, 90, 395, 0, 0, 26.70%, 0, 0, 4, 290.17, 4493731, 558, 0, 0
18623, 810, 187, 395, 0, 0, 26.70%, 0, 0, 4, 30.40, 4495116, 558, 0, 0
18629, 810, 279, 395, 0, 0, 26.70%, 0, 0, 4, 264.79, 4496276, 558, 0, 0
18634, 810, 361, 395, 0, 0, 26.70%, 0, 0, 4, 271.01, 4497331, 558, 0, 0
18639, 811, 55, 395, 0, 0, 26.70%, 0, 0, 4, 31.48, 4498444, 558, 0, 0
18644, 811, 175, 395, 0, 0, 26.70%, 0, 0, 4, 286.89, 4499901, 558, 0, 0
18649, 811, 273, 395, 0, 0, 26.70%, 0, 0, 4, 273.97, 4500931, 558, 0, 0
18654, 811, 352, 395, 0, 0, 26.70%, 0, 0, 4, 289.28, 4502001, 558, 0, 0
18659, 812, 32, 395, 0, 0, 26.70%, 0, 0, 4, 52.12, 4503328, 558, 0, 0
18664, 812, 102, 395, 0, 0, 26.70%, 0, 0, 4, 294.52, 4504521, 558, 0, 0
18669, 812, 187, 395, 0, 0, 26.70%, 0, 0, 4, 292.33, 4505586, 558, 0, 0
18674, 812, 282, 395, 0, 0, 26.70%, 0, 0, 4, 37.48, 4506655, 558, 0, 0
18680, 812, 370, 395, 0, 0, 26.70%, 0, 0, 4, 286.92, 4508141, 558, 0, 0
18685, 813, 75, 395, 0, 0, 26.70%, 0, 0, 4, 255.00, 4509211, 558, 0, 0
18690, 813, 156, 395, 0, 0, 26.70%, 0, 0, 4, 289.50, 4510266, 558, 0, 0
18695, 813, 273, 395, 0, 0, 26.70%, 0, 0, 4, 50.42, 4511459, 558, 0, 0
18700, 813, 370, 395, 0, 0, 26.70%, 0, 0, 4, 285.60, 4512856, 558, 0, 0
18705, 814, 51, 395, 0, 0, 26.70%, 0, 0, 4, 290.88, 4513931, 558, 0, 0
18710, 814, 160, 395, 0, 0, 26.70%, 0, 0, 4, 286.66, 4514996, 558, 0, 0
18716, 814, 248, 395, 0, 0, 26.70%, 0, 0, 4, 31.44, 4516298, 558, 0, 0
18721, 814, 327, 395, 0, 0, 26.70%, 0, 0, 4, 269.13, 4517511, 558, 0, 0
18726, 814, 370, 395, 0, 0, 26.70%, 0, 0, 4, 289.03, 4518591, 558, 0, 0
18731, 815, 49, 395, 0, 0, 26.70%, 0, 0, 4, 290.98, 4519626, 558, 0, 0
18736, 815, 154, 395, 0, 0, 26.70%, 0, 0, 4, 277.90, 4521086, 558, 0, 0
18741, 815, 248, 395, 0, 0, 26.70%, 0, 0, 4, 293.72, 4522216, 558, 0, 0
18746, 815, 318, 395, 0, 0, 26.70%, 0, 0, 4, 291.20, 4523276, 558, 0, 0
18751, 815, 370, 395, 0, 0, 26.70%, 0, 0, 4, 43.58, 4524396, 558, 0, 0
18756, 816, 78, 395, 0, 0, 26.70%, 0, 0, 4, 292.72, 4525846, 558, 0, 0
18762, 816, 180, 395, 0, 0, 26.70%, 0, 0, 4, 289.53, 4526931, 558, 0, 0
18767, 816, 294, 395, 0, 0, 26.70%, 0, 0, 4, 280.59, 4528016, 558, 0, 0
18772, 816, 373, 395, 0, 0, 26.70%, 0, 0, 4, 31.53, 4529212, 558, 0, 0
18777, 817, 67, 395, 0, 0, 26.70%, 0, 0, 4, 284.04, 4530541, 558, 0, 0
18782, 817, 156, 395, 0, 0, 26.70%, 0, 0, 4, 267.58, 4531576, 558, 0, 0
18787, 817, 220, 395, 0, 0, 26.70%, 0, 0, 4, 292.15, 4532636, 558, 0, 0
18792, 817, 336, 395, 0, 0, 26.70%, 0, 0, 4, 31.38, 4533958, 558, 0, 0
18797, 817, 392, 395, 0, 0, 26.70%, 0, 0, 4, 285.69, 4535136, 558, 0, 0
18802, 818, 75, 395, 0, 0, 26.70%, 0, 0, 4, 272.60, 4536186, 558, 0, 0
18808, 818, 177, 395, 0, 0, 26.70%, 0, 0, 4, 285.00, 4537246, 558, 0, 0
18813, 818, 288, 395, 0, 0, 26.70%, 0, 0, 4, 276.87, 4538721, 558, 0, 0
18818, 818, 370, 395, 0, 0, 26.70%, 0, 0, 4, 283.55, 4539836, 558, 0, 0
18823, 819, 75, 395, 0, 0, 26.70%, 0, 0, 4, 282.61, 4540881, 558, 0, 0
18828, 819, 156, 395, 0, 0, 26.70%, 0, 0, 4, 30.97, 4541961, 558, 0, 0
18833, 819, 272, 395, 0, 0, 26.70%, 0, 0, 4, 265.24, 4543436, 558, 0, 0
18838, 819, 341, 395, 0, 0, 26.70%, 0, 0, 4, 285.60, 4544476, 558, 0, 0
18843, 819, 379, 395, 0, 0, 26.70%, 0, 0, 4, 209.69, 4545512, 558, 0, 0
18849, 820, 78, 395, 0, 0, 26.70%, 0, 0, 4, 31.37, 4546765, 558, 0, 0
18854, 820, 198, 395, 0, 0, 26.70%, 0, 0, 4, 285.55, 4548041, 558, 0, 0
18859, 820, 305, 395, 0, 0, 26.70%, 0, 0, 4, 288.10, 4549115, 558, 0, 0
18864, 820, 363, 395, 0, 0, 26.70%, 0, 0, 4, 293.76, 4550151, 558, 0, 0
18869, 821, 74, 395, 0, 0, 26.70%, 0, 0, 4, 31.25, 4551501, 558, 0, 0
18874, 821, 187, 395, 0, 0, 26.70%, 0, 0, 4, 282.37, 4552671, 558, 0, 0
18879, 821, 279, 395, 0, 0, 26.70%, 0, 0, 4, 289.99, 4553731, 558, 0, 0
18884, 821, 360, 395, 0, 0, 26.70%, 0, 0, 4, 31.28, 4554829, 558, 0, 0
18889, 822, 54, 395, 0, 0, 26.70%, 0, 0, 4, 288.97, 4556271, 558, 0, 0
18894, 822, 150, 395, 0, 0, 26.70%, 0, 0, 4, 288.08, 4557311, 558, 0, 0
18900, 822, 199, 395, 0, 0, 26.70%, 0, 0, 4, 292.95, 4558361, 558, 0, 0
18905, 822, 294, 395, 0, 0, 26.70%, 0, 0, 4, 31.33, 4559658, 558, 0, 0
18910, 822, 371, 395, 0, 0, 26.70%, 0, 0, 4, 283.04, 4560876, 558, 0, 0
18915, 823, 69, 395, 0, 0, 26.70%, 0, 0, 4, 243.80, 4561951, 558, 0, 0
18920, 823, 177, 395, 0, 0, 26.70%, 0, 0, 4, 280.00, 4563024, 558, 0, 0
18925, 823, 305, 395, 0, 0, 26.70%, 0, 0, 4, 288.18, 4564521, 558, 0, 0
18930, 823, 371, 395, 0, 0, 26.70%, 0, 0, 4, 287.35, 4565601, 558, 0, 0
18936, 824, 58, 395, 0, 0, 26.70%, 0, 0, 4, 291.69, 4566671, 558, 0, 0
18941, 824, 165, 395, 0, 0, 26.70%, 0, 0, 4, 33.80, 4567796, 558, 0, 0
18946, 824, 273, 395, 0, 0, 26.70%, 0, 0, 4, 290.32, 4569241, 558, 0, 0
18951, 824, 341, 395, 0, 0, 26.70%, 0, 0, 4, 284.62, 4570306, 558, 0, 0
18956, 824, 391, 395, 0, 0, 26.70%, 0, 0, 4, 283.02, 4571351, 558, 0, 0
18961, 825, 113, 395, 0, 0, 26.70%, 0, 0, 4, 31.46, 4572647, 558, 0, 0
18966, 825, 229, 395, 0, 0, 26.70%, 0, 0, 4, 288.66, 4573891, 558, 0, 0
18971, 825, 336, 395, 0, 0, 26.70%, 0, 0, 4, 258.69, 4574986, 558, 0, 0
18976, 825, 389, 395, 0, 0, 26.70%, 0, 0, 4, 288.46, 4576056, 558, 0, 0
18982, 826, 113, 395, 0, 0, 26.70%, 0, 0, 4, 280.77, 4577526, 558, 0, 0
18987, 826, 199, 395, 0, 0, 26.70%, 0, 0, 4, 287.11, 4578651, 558, 0, 0
18992, 826, 286, 395, 0, 0, 26.70%, 0, 0, 4, 288.25, 4579731, 558, 0, 0
18997, 826, 360, 395, 0, 0, 26.70%, 0, 0, 4, 31.38, 4580834, 558, 0, 0
19002, 827, 75, 395, 0, 0, 26.70%, 0, 0, 4, 269.57, 4582241, 558, 0, 0
19007, 827, 174, 395, 0, 0, 26.70%, 0, 0, 4, 289.23, 4583326, 558, 0, 0
19012, 827, 256, 395, 0, 0, 26.70%, 0, 0, 4, 293.97, 4584390, 558, 0, 0
19018, 827, 352, 395, 0, 0, 26.70%, 0, 0, 4, 31.15, 4585736, 558, 0, 0
19023, 828, 5, 395, 0, 0, 26.70%, 0, 0, 4, 249.68, 4586894, 558, 0, 0
19028, 828, 78, 395, 0, 0, 26.70%, 0, 0, 4, 293.02, 4587991, 558, 0, 0
19033, 828, 180, 395, 0, 0, 26.70%, 0, 0, 4, 285.71, 4589093, 558, 0, 0
19038, 828, 292, 395, 0, 0, 26.70%, 0, 0, 4, 289.63, 4590591, 558, 0, 0
19043, 828, 352, 395, 0, 0, 26.70%, 0, 0, 4, 286.72, 4591636, 558, 0, 0
19048, 829, 5, 395, 0, 0, 26.70%, 0, 0, 4, 293.43, 4592716, 558, 0, 0
19054, 829, 120, 395, 0, 0, 26.70%, 0, 0, 4, 31.34, 4593868, 558, 0, 0
19059, 829, 206, 395, 0, 0, 26.70%, 0, 0, 4, 285.32, 4595306, 558, 0, 0
19064, 829, 312, 395, 0, 0, 26.70%, 0, 0, 4, 279.10, 4596366, 558, 0, 0
19069, 829, 362, 395, 0, 0, 26.70%, 0, 0, 4, 284.21, 4597386, 558, 0, 0
19074, 830, 51, 395, 0, 0, 26.70%, 0, 0, 4, 31.43, 4598751, 558, 0, 0
19079, 830, 156, 395, 0, 0, 26.70%, 0, 0, 4, 290.38, 4599931, 558, 0, 0
19084, 830, 220, 395, 0, 0, 26.70%, 0, 0, 4, 290.90, 4601016, 558, 0, 0
19089, 830, 341, 395, 0, 0, 26.70%, 0, 0, 4, 31.23, 4602071, 558, 0, 0
19094, 831, 30, 395, 0, 0, 26.70%, 0, 0, 4, 266.63, 4603511, 558, 0, 0
19100, 831, 156, 395, 0, 0, 26.70%, 0, 0, 4, 289.81, 4604561, 558, 0, 0
19105, 831, 204, 395, 0, 0, 26.70%, 0, 0, 4, 248.71, 4605636, 558, 0, 0
19110, 831, 294, 395, 0, 0, 26.70%, 0, 0, 4, 31.06, 4606832, 558, 0, 0
19115, 831, 376, 395, 0, 0, 26.70%, 0, 0, 4, 290.15, 4608236, 558, 0, 0
19120, 832, 78, 395, 0, 0, 26.70%, 0, 0, 4, 282.12, 4609271, 558, 0, 0
19125, 832, 175, 395, 0, 0, 26.70%, 0, 0, 4, 287.00, 4610326, 558, 0, 0
19130, 832, 289, 395, 0, 0, 26.70%, 0, 0, 4, 277.09, 4611746, 558, 0, 0
19135, 832, 360, 395, 0, 0, 26.70%, 0, 0, 4, 281.40, 4612866, 558, 0, 0
19140, 833, 5, 395, 0, 0, 26.70%, 0, 0, 4, 278.19, 4613876, 558, 0, 0
19145, 833, 113, 395, 0, 0, 26.70%, 0, 0, 4, 29.42, 4614992, 558, 0, 0
19151, 833, 209, 395, 0, 0, 26.70%, 0, 0, 4, 267.41, 4616416, 558, 0, 0
19156, 833, 294, 395, 0, 0, 26.70%, 0, 0, 4, 286.90, 4617491, 558, 0, 0
19161, 833, 362, 395, 0, 0, 26.70%, 0, 0, 4, 287.51, 4618571, 558, 0, 0
19166, 834, 58, 395, 0, 0, 26.70%, 0, 0, 4, 31.15, 4619906, 558, 0, 0
19171, 834, 177, 395, 0, 0, 26.70%, 0, 0, 4, 290.43, 4621096, 558, 0, 0
19176, 834, 281, 395, 0, 0, 26.70%, 0, 0, 4, 284.80, 4622141, 558, 0, 0
19181, 834, 361, 395, 0, 0, 26.70%, 0, 0, 4, 34.86, 4623207, 558, 0, 0
19186, 835, 61, 395, 0, 0, 26.70%, 0, 0, 4, 286.19, 4624681, 558, 0, 0
19192, 835, 142, 395, 0, 0, 26.70%, 0, 0, 4, 292.88, 4625726, 558, 0, 0
19197, 835, 199, 395, 0, 0, 26.70%, 0, 0, 4, 280.83, 4626751, 558, 0, 0
19202, 835, 336, 395, 0, 0, 26.70%, 0, 0, 4, 46.84, 4628083, 558, 0, 0
19207, 835, 375, 395, 0, 0, 26.70%, 0, 0, 4, 284.09, 4629256, 558, 0, 0
19212, 836, 54, 395, 0, 0, 26.70%, 0, 0, 4, 267.24, 4630301, 558, 0, 0
19217, 836, 175, 395, 0, 0, 26.70%, 0, 0, 4, 31.32, 4631391, 558, 0, 0
19222, 836, 286, 395, 0, 0, 26.70%, 0, 0, 4, 269.36, 4632801, 558, 0, 0
19227, 836, 360, 395, 0, 0, 26.70%, 0, 0, 4, 288.45, 4633866, 558, 0, 0
19232, 837, 5, 395, 0, 0, 26.70%, 0, 0, 4, 203.99, 4634906, 558, 0, 0
19237, 837, 113, 395, 0, 0, 26.70%, 0, 0, 4, 31.45, 4636291, 558, 0, 0
19243, 837, 180, 395, 0, 0, 26.70%, 0, 0, 4, 290.93, 4637531, 558, 0, 0
19248, 837, 273, 395, 0, 0, 26.70%, 0, 0, 4, 280.33, 4638571, 558, 0, 0
19253, 837, 336, 395, 0, 0, 26.70%, 0, 0, 4, 293.31, 4639626, 558, 0, 0
19258, 838, 5, 395, 0, 0, 26.70%, 0, 0, 4, 280.62, 4641071, 558, 0, 0
19263, 838, 89, 395, 0, 0, 26.70%, 0, 0, 4, 290.54, 4642161, 558, 0, 0
19268, 838, 182, 395, 0, 0, 26.70%, 0, 0, 4, 286.79, 4643221, 558, 0, 0
19273, 838, 249, 395, 0, 0, 26.70%, 0, 0, 4, 31.54, 4644351, 558, 0, 0
19279, 838, 352, 395, 0, 0, 26.70%, 0, 0, 4, 284.54, 4645781, 558, 0, 0
19284, 838, 385, 395, 0, 0, 26.70%, 0, 0, 4, 286.77, 4646821, 558, 0, 0
19289, 839, 78, 395, 0, 0, 26.70%, 0, 0, 4, 266.49, 4647826, 558, 0, 0
19294, 839, 180, 395, 0, 0, 26.70%, 0, 0, 4, 31.25, 4649075, 558, 0, 0
19299, 839, 294, 395, 0, 0, 26.70%, 0, 0, 4, 273.75, 4650396, 558, 0, 0
19304, 839, 370, 395, 0, 0, 26.70%, 0, 0, 4, 227.42, 4651438, 558, 0, 0
19309, 840, 53, 395, 0, 0, 26.70%, 0, 0, 4, 291.65, 4652491, 558, 0, 0
19314, 840, 160, 395, 0, 0, 26.70%, 0, 0, 4, 279.53, 4653901, 558, 0, 0
19319, 840, 237, 395, 0, 0, 26.70%, 0, 0, 4, 290.35, 4655041, 558, 0, 0
19325, 840, 305, 395, 0, 0, 26.70%, 0, 0, 4, 290.00, 4656136, 558, 0, 0
19330, 840, 373, 395, 0, 0, 26.70%, 0, 0, 4, 260.00, 4657193, 558, 0, 0
19335, 841, 113, 395, 0, 0, 26.70%, 0, 0, 4, 270.80, 4658641, 558, 0, 0
19340, 841, 206, 395, 0, 0, 26.70%, 0, 0, 4, 267.51, 4659731, 558, 0, 0
19345, 841, 294, 395, 0, 0, 26.70%, 0, 0, 4, 269.40, 4660781, 558, 0, 0
19350, 841, 373, 395, 0, 0, 26.70%, 0, 0, 4, 31.23, 4661914, 558, 0, 0
19356, 842, 80, 395, 0, 0, 26.70%, 0, 0, 4, 288.88, 4663346, 558, 0, 0
19361, 842, 177, 395, 0, 0, 26.70%, 0, 0, 4, 293.64, 4664456, 558, 0, 0
19366, 842, 248, 395, 0, 0, 26.70%, 0, 0, 4, 290.31, 4665546, 558, 0, 0
19371, 842, 320, 395, 0, 0, 26.70%, 0, 0, 4, 31.03, 4666751, 558, 0, 0
19376, 842, 371, 395, 0, 0, 26.70%, 0, 0, 4, 278.87, 4667996, 558, 0, 0
19381, 843, 41, 395, 0, 0, 26.70%, 0, 0, 4, 280.51, 4669036, 558, 0, 0
19386, 843, 113, 395, 0, 0, 26.70%, 0, 0, 4, 288.73, 4670106, 558, 0, 0
19392, 843, 232, 395, 0, 0, 26.70%, 0, 0, 4, 30.40, 4671556, 558, 0, 0
19397, 843, 332, 395, 0, 0, 26.70%, 0, 0, 4, 251.20, 4672693, 558, 0, 0
19402, 843, 376, 395, 0, 0, 26.70%, 0, 0, 4, 289.99, 4673771, 558, 0, 0
19407, 844, 75, 395, 0, 0, 26.70%, 0, 0, 4, 288.56, 4674848, 558, 0, 0
19412, 844, 198, 395, 0, 0, 26.70%, 0, 0, 4, 286.14, 4676331, 558, 0, 0
19417, 844, 273, 395, 0, 0, 26.70%, 0, 0, 4, 286.64, 4677406, 558, 0, 0
19422, 844, 352, 395, 0, 0, 26.70%, 0, 0, 4, 245.72, 4678417, 558, 0, 0
19427, 844, 393, 395, 0, 0, 26.70%, 0, 0, 4, 31.26, 4679600, 558, 0, 0
19433, 845, 156, 395, 0, 0, 26.70%, 0, 0, 4, 291.89, 4680961, 558, 0, 0
19438, 845, 218, 395, 0, 0, 26.70%, 0, 0, 4, 182.65, 4682003, 558, 0, 0
19443, 845, 305, 395, 0, 0, 26.70%, 0, 0, 4, 249.85, 4683052, 558, 0, 0
19448, 845, 384, 395, 0, 0, 26.70%, 0, 0, 4, 28.90, 4684431, 558, 0, 0
19453, 846, 73, 395, 0, 0, 26.70%, 0, 0, 4, 284.48, 4685541, 558, 0, 0
19458, 846, 159, 395, 0, 0, 26.70%, 0, 0, 4, 290.60, 4686626, 558, 0, 0
19463, 846, 206, 395, 0, 0, 26.70%, 0, 0, 4, 31.49, 4687726, 558, 0, 0
19468, 846, 351, 395, 0, 0, 26.70%, 0, 0, 4, 292.42, 4689236, 558, 0, 0
19473, 846, 392, 395, 0, 0, 26.70%, 0, 0, 4, 289.41, 4690316, 558, 0, 0
19478, 847, 78, 395, 0, 0, 26.70%, 0, 0, 4, 258.90, 4691356, 558, 0, 0
19483, 847, 187, 395, 0, 0, 26.70%, 0, 0, 4, 30.65, 4692570, 558, 0, 0
19489, 847, 327, 395, 0, 0, 26.70%, 0, 0, 4, 286.27, 4693846, 558, 0, 0
19494, 847, 371, 395, 0, 0, 26.70%, 0, 0, 4, 242.27, 4694924, 558, 0, 0
19499, 848, 78, 395, 0, 0, 26.70%, 0, 0, 4, 297.45, 4696011, 558, 0, 0
19504, 848, 187, 395, 0, 0, 26.70%, 0, 0, 4, 284.08, 4697436, 558, 0, 0
19509, 848, 273, 395, 0, 0, 26.70%, 0, 0, 4, 276.45, 4698551, 558, 0, 0
19514, 848, 352, 395, 0, 0, 26.70%, 0, 0, 4, 289.38, 4699581, 558, 0, 0
19519, 849, 0, 395, 0, 0, 26.70%, 0, 0, 4, 30.22, 4700780, 558, 0, 0
19524, 849, 81, 395, 0, 0, 26.70%, 0, 0, 4, 293.87, 4702146, 558, 0, 0
19529, 849, 177, 395, 0, 0, 26.70%, 0, 0, 4, 289.24, 4703231, 558, 0, 0
19534, 849, 248, 395, 0, 0, 26.70%, 0, 0, 4, 292.07, 4704291, 558, 0, 0
19540, 849, 341, 395, 0, 0, 26.70%, 0, 0, 4, 31.36, 4705613, 558, 0, 0
19545, 849, 392, 395, 0, 0, 26.70%, 0, 0, 4, 277.78, 4706821, 558, 0, 0
19550, 850, 143, 395, 0, 0, 26.70%, 0, 0, 4, 265.98, 4707901, 558, 0, 0
19555, 850, 210, 395, 0, 0, 26.70%, 0, 0, 4, 304.04, 4708978, 558, 0, 0
19560, 850, 308, 395, 0, 0, 26.70%, 0, 0, 4, 290.74, 4710481, 558, 0, 0
19565, 850, 370, 395, 0, 0, 26.70%, 0, 0, 4, 247.51, 4711565, 558, 0, 0
19570, 851, 51, 395, 0, 0, 26.70%, 0, 0, 4, 225.25, 4712625, 558, 0, 0
19576, 851, 162, 395, 0, 0, 26.70%, 0, 0, 4, 32.33, 4713756, 558, 0, 0
19581, 851, 253, 395, 0, 0, 26.70%, 0, 0, 4, 285.92, 4715191, 558, 0, 0
19586, 851, 336, 395, 0, 0, 26.70%, 0, 0, 4, 286.73, 4716251, 558, 0, 0
19591, 851, 370, 395, 0, 0, 26.70%, 0, 0, 4, 286.20, 4717286, 558, 0, 0
19596, 852, 39, 395, 0, 0, 26.70%, 0, 0, 4, 31.37, 4718578, 558, 0, 0
19601, 852, 177, 395, 0, 0, 26.70%, 0, 0, 4, 292.47, 4719871, 558, 0, 0
19606, 852, 241, 395, 0, 0, 26.70%, 0, 0, 4, 286.08, 4720966, 558, 0, 0
19611, 852, 333, 395, 0, 0, 26.70%, 0, 0, 4, 262.14, 4722016, 558, 0, 0
19616, 852, 392, 395, 0, 0, 26.70%, 0, 0, 4, 271.13, 4723421, 558, 0, 0
19622, 853, 89, 395, 0, 0, 26.70%, 0, 0, 4, 265.66, 4724531, 558, 0, 0
19627, 853, 166, 395, 0, 0, 26.70%, 0, 0, 4, 276.06, 4725596, 558, 0, 0
19632, 853, 248, 395, 0, 0, 26.70%, 0, 0, 4, 31.36, 4726739, 558, 0, 0
19637, 853, 352, 395, 0, 0, 26.70%, 0, 0, 4, 282.60, 4728161, 558, 0, 0
19642, 853, 391, 395, 0, 0, 26.70%, 0, 0, 4, 289.89, 4729246, 558, 0, 0
19647, 854, 101, 395, 0, 0, 26.70%, 0, 0, 4, 201.30, 4730295, 558, 0, 0
19652, 854, 220, 395, 0, 0, 26.70%, 0, 0, 4, 31.15, 4731608, 558, 0, 0
19657, 854, 330, 395, 0, 0, 26.70%, 0, 0, 4, 288.05, 4732826, 558, 0, 0
19663, 854, 376, 395, 0, 0, 26.70%, 0, 0, 4, 284.73, 4733890, 558, 0, 0
19668, 855, 56, 395, 0, 0, 26.70%, 0, 0, 4, 293.39, 4734936, 558, 0, 0
19673, 855, 177, 395, 0, 0, 26.70%, 0, 0, 4, 282.01, 4736356, 558, 0, 0
19678, 855, 248, 395, 0, 0, 26.70%, 0, 0, 4, 291.22, 4737486, 558, 0, 0
19683, 855, 341, 395, 0, 0, 26.70%, 0, 0, 4, 281.53, 4738561, 558, 0, 0
19688, 855, 392, 395, 0, 0, 26.70%, 0, 0, 4, 195.56, 4739642, 558, 0, 0
19693, 856, 106, 395, 0, 0, 26.70%, 0, 0, 4, 263.22, 4741071, 558, 0, 0
19698, 856, 198, 395, 0, 0, 26.70%, 0, 0, 4, 281.84, 4742186, 558, 0, 0
19704, 856, 276, 395, 0, 0, 26.70%, 0, 0, 4, 231.70, 4743267, 558, 0, 0
19709, 856, 352, 395, 0, 0, 26.70%, 0, 0, 4, 31.58, 4744371, 558, 0, 0
19714, 857, 54, 395, 0, 0, 26.70%, 0, 0, 4, 264.73, 4745761, 558, 0, 0
19719, 857, 156, 395, 0, 0, 26.70%, 0, 0, 4, 294.40, 4746871, 558, 0, 0
19724, 857, 220, 395, 0, 0, 26.70%, 0, 0, 4, 292.56, 4747946, 558, 0, 0
19729, 857, 341, 395, 0, 0, 26.70%, 0, 0, 4, 30.81, 4749104, 558, 0, 0
19734, 857, 391, 395, 0, 0, 26.70%, 0, 0, 4, 264.15, 4750466, 558, 0, 0
19740, 858, 113, 395, 0, 0, 26.70%, 0, 0, 4, 269.77, 4751556, 558, 0, 0
19745, 858, 221, 395, 0, 0, 26.70%, 0, 0, 4, 204.08, 4752609, 558, 0, 0
19750, 858, 352, 395, 0, 0, 26.70%, 0, 0, 4, 31.45, 4753911, 558, 0, 0
19755, 859, 5, 395, 0, 0, 26.70%, 0, 0, 4, 283.49, 4755081, 558, 0, 0
19760, 859, 90, 395, 0, 0, 26.70%, 0, 0, 4, 297.28, 4756091, 558, 0, 0
19765, 859, 180, 395, 0, 0, 26.70%, 0, 0, 4, 31.36, 4757237, 558, 0, 0
19770, 859, 294, 395, 0, 0, 26.70%, 0, 0, 4, 287.91, 4758621, 558, 0, 0
19775, 859, 370, 395, 0, 0, 26.70%, 0, 0, 4, 258.54, 4759696, 558, 0, 0
19780, 860, 47, 395, 0, 0, 26.70%, 0, 0, 4, 295.70, 4760776, 558, 0, 0
19785, 860, 151, 395, 0, 0, 26.70%, 0, 0, 4, 30.30, 4762055, 558, 0, 0
19790, 860, 248, 395, 0, 0, 26.70%, 0, 0, 4, 288.39, 4763336, 558, 0, 0
19796, 860, 352, 395, 0, 0, 26.70%, 0, 0, 4, 282.33, 4764371, 558, 0, 0
19801, 861, 5, 395, 0, 0, 26.70%, 0, 0, 4, 272.86, 4765451, 558, 0, 0
19806, 861, 103, 395, 0, 0, 26.70%, 0, 0, 4, 31.45, 4766866, 558, 0, 0
19811, 861, 199, 395, 0, 0, 26.70%, 0, 0, 4, 284.07, 4768036, 558, 0, 0
19816, 861, 289, 395, 0, 0, 26.70%, 0, 0, 4, 245.52, 4769087, 558, 0, 0
19821, 861, 370, 395, 0, 0, 26.70%, 0, 0, 4, 218.28, 4770166, 558, 0, 0
19826, 862, 89, 395, 0, 0, 26.70%, 0, 0, 4, 39.06, 4771586, 558, 0, 0
19832, 862, 199, 395, 0, 0, 26.70%, 0, 0, 4, 286.47, 4772686, 558, 0, 0
19837, 862, 294, 395, 0, 0, 26.70%, 0, 0, 4, 295.93, 4773781, 558, 0, 0
19842, 862, 352, 395, 0, 0, 26.70%, 0, 0, 4, 30.51, 4774849, 558, 0, 0
19847, 863, 47, 395, 0, 0, 26.70%, 0, 0, 4, 287.16, 4776291, 558, 0, 0
19852, 863, 113, 395, 0, 0, 26.70%, 0, 0, 4, 295.34, 4777351, 558, 0, 0
19857, 863, 198, 395, 0, 0, 26.70%, 0, 0, 4, 224.31, 4778410, 558, 0, 0
19862, 863, 336, 395, 0, 0, 26.70%, 0, 0, 4, 28.81, 4779643, 558, 0, 0
19867, 863, 376, 395, 0, 0, 26.70%, 0, 0, 4, 277.07, 4780886, 558, 0, 0
19872, 864, 78, 395, 0, 0, 26.70%, 0, 0, 4, 260.54, 4781916, 558, 0, 0
19877, 864, 160, 395, 0, 0, 26.70%, 0, 0, 4, 33.99, 4782982, 558, 0, 0
19882, 864, 276, 395, 0, 0, 26.70%, 0, 0, 4, 290.27, 4784481, 558, 0, 0
19887, 864, 344, 395, 0, 0, 26.70%, 0, 0, 4, 264.13, 4785516, 558, 0, 0
19892, 865, 5, 395, 0, 0, 26.70%, 0, 0, 4, 202.87, 4786568, 558, 0, 0
19898, 865, 160, 395, 0, 0, 26.70%, 0, 0, 4, 37.16, 4787754, 558, 0, 0
19903, 865, 287, 395, 0, 0, 26.70%, 0, 0, 4, 287.16, 4789151, 558, 0, 0
19908, 865, 362, 395, 0, 0, 26.70%, 0, 0, 4, 272.12, 4790215, 558, 0, 0
19913, 866, 49, 395, 0, 0, 26.70%, 0, 0, 4, 281.29, 4791296, 558, 0, 0
19918, 866, 156, 395, 0, 0, 26.70%, 0, 0, 4, 31.15, 4792651, 558, 0, 0
19923, 866, 198, 395, 0, 0, 26.70%, 0, 0, 4, 289.40, 4793831, 558, 0, 0
19928, 866, 305, 395, 0, 0, 26.70%, 0, 0, 4, 285.77, 4794891, 558, 0, 0
19933, 866, 370, 395, 0, 0, 26.70%, 0, 0, 4, 292.08, 4795969, 558, 0, 0
19939, 867, 60, 395, 0, 0, 26.70%, 0, 0, 4, 55.87, 4797426, 558, 0, 0
19944, 867, 153, 395, 0, 0, 26.70%, 0, 0, 4, 293.36, 4798571, 558, 0, 0
19949, 867, 220, 395, 0, 0, 26.70%, 0, 0, 4, 288.46, 4799641, 558, 0, 0
19954, 867, 294, 395, 0, 0, 26.70%, 0, 0, 4, 30.53, 4800729, 558, 0, 0
19959, 867, 370, 395, 0, 0, 26.70%, 0, 0, 4, 284.26, 4802096, 558, 0, 0
19964, 868, 13, 395, 0, 0, 26.70%, 0, 0, 4, 252.09, 4803126, 558, 0, 0
19969, 868, 113, 395, 0, 0, 26.70%, 0, 0, 4, 290.20, 4804181, 558, 0, 0
19974, 868, 214, 395, 0, 0, 26.70%, 0, 0, 4, 277.08, 4805646, 558, 0, 0
19979, 868, 299, 395, 0, 0, 26.70%, 0, 0, 4, 288.26, 4806786, 558, 0, 0
19985, 868, 360, 395, 0, 0, 26.70%, 0, 0, 4, 287.27, 4807831, 558, 0, 0
19990, 869, 5, 395, 0, 0, 26.70%, 0, 0, 4, 34.45, 4808890, 558, 0, 0
19995, 869, 99, 395, 0, 0, 26.70%, 0, 0, 4, 287.37, 4810366, 558, 0, 0
20000, 869, 187, 395, 0, 0, 26.70%, 0, 0, 4, 290.08, 4811411, 558, 0, 0
20005, 869, 273, 395, 0, 0, 26.70%, 0, 0, 4, 288.04, 4812481, 558, 0, 0
20010, 869, 361, 395, 0, 0, 26.70%, 0, 0, 4, 31.25, 4813728, 558, 0, 0
20015, 870, 21, 395, 0, 0, 26.70%, 0, 0, 4, 285.79, 4815001, 558, 0, 0
20020, 870, 90, 395, 0, 0, 26.70%, 0, 0, 4, 295.58, 4816076, 558, 0, 0
20025, 870, 181, 395, 0, 0, 26.70%, 0, 0, 4, 265.83, 4817131, 558, 0, 0
20031, 870, 305, 395, 0, 0, 26.70%, 0, 0, 4, 272.74, 4818616, 558, 0, 0
20036, 870, 376, 395, 0, 0, 26.70%, 0, 0, 4, 283.63, 4819716, 558, 0, 0
20041, 871, 75, 395, 0, 0, 26.70%, 0, 0, 4, 290.99, 4820756, 558, 0, 0
20046, 871, 177, 395, 0, 0, 26.70%, 0, 0, 4, 30.64, 4821821, 558, 0, 0
20051, 871, 294, 395, 0, 0, 26.70%, 0, 0, 4, 285.88, 4823316, 558, 0, 0
20056, 871, 362, 395, 0, 0, 26.70%, 0, 0, 4, 285.84, 4824351, 558, 0, 0
20061, 872, 51, 395, 0, 0, 26.70%, 0, 0, 4, 285.79, 4825416, 558, 0, 0
20066, 872, 177, 395, 0, 0, 26.70%, 0, 0, 4, 48.64, 4826705, 558, 0, 0
20071, 872, 286, 395, 0, 0, 26.70%, 0, 0, 4, 284.55, 4827916, 558, 0, 0
20077, 872, 362, 395, 0, 0, 26.70%, 0, 0, 4, 243.03, 4828934, 558, 0, 0
20082, 873, 19, 395, 0, 0, 26.70%, 0, 0, 4, 30.91, 4829976, 558, 0, 0
20087, 873, 175, 395, 0, 0, 26.70%, 0, 0, 4, 290.80, 4831476, 558, 0, 0
20092, 873, 248, 395, 0, 0, 26.70%, 0, 0, 4, 287.79, 4832536, 558, 0, 0
20097, 873, 327, 395, 0, 0, 26.70%, 0, 0, 4, 290.92, 4833621, 558, 0, 0
20102, 873, 391, 395, 0, 0, 26.70%, 0, 0, 4, 31.16, 4834885, 558, 0, 0
20107, 874, 92, 395, 0, 0, 26.70%, 0, 0, 4, 286.51, 4836186, 558, 0, 0
20112, 874, 175, 395, 0, 0, 26.70%, 0, 0, 4, 288.11, 4837216, 558, 0, 0
20118, 874, 273, 395, 0, 0, 26.70%, 0, 0, 4, 293.17, 4838306, 558, 0, 0
20123, 874, 361, 395, 0, 0, 26.70%, 0, 0, 4, 271.27, 4839741, 558, 0, 0
20128, 875, 45, 395, 0, 0, 26.70%, 0, 0, 4, 272.78, 4840896, 558, 0, 0
20133, 875, 90, 395, 0, 0, 26.70%, 0, 0, 4, 293.97, 4841956, 558, 0, 0
20138, 875, 199, 395, 0, 0, 26.70%, 0, 0, 4, 30.79, 4843093, 558, 0, 0
20143, 875, 320, 395, 0, 0, 26.70%, 0, 0, 4, 290.58, 4844536, 558, 0, 0
20148, 875, 370, 395, 0, 0, 26.70%, 0, 0, 4, 270.57, 4845541, 558, 0, 0
20153, 876, 29, 395, 0, 0, 26.70%, 0, 0, 4, 289.60, 4846561, 558, 0, 0
20159, 876, 187, 395, 0, 0, 26.70%, 0, 0, 4, 30.96, 4847936, 558, 0, 0
20164, 876, 286, 395, 0, 0, 26.70%, 0, 0, 4, 258.97, 4849091, 558, 0, 0
20169, 876, 361, 395, 0, 0, 26.70%, 0, 0, 4, 224.09, 4850182, 558, 0, 0
20174, 877, 21, 395, 0, 0, 26.70%, 0, 0, 4, 30.58, 4851241, 558, 0, 0
20179, 877, 123, 395, 0, 0, 26.70%, 0, 0, 4, 278.87, 4852731, 558, 0, 0
20184, 877, 199, 395, 0, 0, 26.70%, 0, 0, 4, 289.64, 4853786, 558, 0, 0
20189, 877, 279, 395, 0, 0, 26.70%, 0, 0, 4, 286.24, 4854811, 558, 0, 0
20194, 877, 360, 395, 0, 0, 26.70%, 0, 0, 4, 274.45, 4856141, 558, 0, 0
20199, 878, 8, 395, 0, 0, 26.70%, 0, 0, 4, 289.88, 4857261, 558, 0, 0
20204, 878, 121, 395, 0, 0, 26.70%, 0, 0, 4, 289.60, 4858331, 558, 0, 0
20209, 878, 187, 395, 0, 0, 26.70%, 0, 0, 4, 195.00, 4859365, 558, 0, 0
20215, 878, 294, 395, 0, 0, 26.70%, 0, 0, 4, 270.71, 4860856, 558, 0, 0
20220, 878, 346, 395, 0, 0, 26.70%, 0, 0, 4, 268.08, 4861896, 558, 0, 0
20225, 878, 385, 395, 0, 0, 26.70%, 0, 0, 4, 291.10, 4862981, 558, 0, 0
20230, 879, 51, 395, 0, 0, 26.70%, 0, 0, 4, 30.23, 4864152, 558, 0, 0
20235, 879, 166, 395, 0, 0, 26.70%, 0, 0, 4, 262.33, 4865465, 558, 0, 0
20240, 879, 207, 395, 0, 0, 26.70%, 0, 0, 4, 284.18, 4866451, 558, 0, 0
20245, 879, 286, 395, 0, 0, 26.70%, 0, 0, 4, 31.44, 4867544, 558, 0, 0
20250, 879, 371, 395, 0, 0, 26.70%, 0, 0, 4, 287.74, 4868971, 558, 0, 0
20255, 880, 54, 395, 0, 0, 26.70%, 0, 0, 4, 246.60, 4870028, 558, 0, 0
20261, 880, 145, 395, 0, 0, 26.70%, 0, 0, 4, 290.99, 4871116, 558, 0, 0
20266, 880, 199, 395, 0, 0, 26.70%, 0, 0, 4, 30.81, 4872242, 558, 0, 0
20271, 880, 336, 395, 0, 0, 26.70%, 0, 0, 4, 288.06, 4873676, 558, 0, 0
20276, 880, 376, 395, 0, 0, 26.70%, 0, 0, 4, 287.61, 4874701, 558, 0, 0
20281, 881, 89, 395, 0, 0, 26.70%, 0, 0, 4, 298.11, 4875751, 558, 0, 0
20286, 881, 210, 395, 0, 0, 26.70%, 0, 0, 4, 31.33, 4877048, 558, 0, 0
20291, 881, 305, 395, 0, 0, 26.70%, 0, 0, 4, 290.51, 4878291, 558, 0, 0
20296, 881, 370, 395, 0, 0, 26.70%, 0, 0, 4, 287.73, 4879321, 558, 0, 0
20301, 882, 73, 395, 0, 0, 26.70%, 0, 0, 4, 231.91, 4880412, 558, 0, 0
20306, 882, 180, 395, 0, 0, 26.70%, 0, 0, 4, 31.44, 4881708, 558, 0, 0
20312, 882, 273, 395, 0, 0, 26.70%, 0, 0, 4, 263.72, 4882896, 558, 0, 0
20317, 882, 360, 395, 0, 0, 26.70%, 0, 0, 4, 239.73, 4883944, 558, 0, 0
20322, 882, 392, 395, 0, 0, 26.70%, 0, 0, 4, 262.30, 4885001, 558, 0, 0
20327, 883, 175, 395, 0, 0, 26.70%, 0, 0, 4, 277.19, 4886451, 558, 0, 0
20332, 883, 254, 395, 0, 0, 26.70%, 0, 0, 4, 289.23, 4887576, 558, 0, 0
20337, 883, 346, 395, 0, 0, 26.70%, 0, 0, 4, 290.39, 4888636, 558, 0, 0
20342, 883, 391, 395, 0, 0, 26.70%, 0, 0, 4, 30.38, 4889730, 558, 0, 0
20347, 884, 148, 395, 0, 0, 26.70%, 0, 0, 4, 283.19, 4891201, 558, 0, 0
20352, 884, 197, 395, 0, 0, 26.70%, 0, 0, 4, 285.11, 4892215, 558, 0, 0
20357, 884, 279, 395, 0, 0, 26.70%, 0, 0, 4, 289.21, 4893281, 558, 0, 0
20363, 884, 370, 395, 0, 0, 26.70%, 0, 0, 4, 31.03, 4894588, 558, 0, 0
20368, 885, 60, 395, 0, 0, 26.70%, 0, 0, 4, 287.67, 4895801, 558, 0, 0
20373, 885, 160, 395, 0, 0, 26.70%, 0, 0, 4, 290.18, 4896906, 558, 0, 0
20378, 885, 226, 395, 0, 0, 26.70%, 0, 0, 4, 213.81, 4898008, 558, 0, 0
20383, 885, 361, 395, 0, 0, 26.70%, 0, 0, 4, 31.24, 4899322, 558, 0, 0
20388, 886, 27, 395, 0, 0, 26.70%, 0, 0, 4, 274.47, 4900521, 558, 0, 0
20393, 886, 116, 395, 0, 0, 26.70%, 0, 0, 4, 293.85, 4901581, 558, 0, 0
20399, 886, 198, 395, 0, 0, 26.70%, 0, 0, 4, 288.56, 4902685, 558, 0, 0
20404, 886, 291, 395, 0, 0, 26.70%, 0, 0, 4, 283.96, 4904186, 558, 0, 0
20409, 886, 371, 395, 0, 0, 26.70%, 0, 0, 4, 289.57, 4905311, 558, 0, 0
20414, 887, 78, 395, 0, 0, 26.70%, 0, 0, 4, 287.32, 4906391, 558, 0, 0
20419, 887, 185, 395, 0, 0, 26.70%, 0, 0, 4, 31.32, 4907539, 558, 0, 0
20425, 887, 327, 395, 0, 0, 26.70%, 0, 0, 4, 290.32, 4908986, 558, 0, 0
20430, 887, 372, 395, 0, 0, 26.70%, 0, 0, 4, 260.69, 4910076, 558, 0, 0
20435, 888, 54, 395, 0, 0, 26.70%, 0, 0, 4, 212.67, 4911118, 558, 0, 0
20440, 888, 179, 395, 0, 0, 26.70%, 0, 0, 4, 43.25, 4912463, 558, 0, 0
20445, 888, 301, 395, 0, 0, 26.70%, 0, 0, 4, 288.12, 4913651, 558, 0, 0
20450, 888, 362, 395, 0, 0, 26.70%, 0, 0, 4, 282.90, 4914696, 558, 0, 0
20455, 889, 12, 395, 0, 0, 26.70%, 0, 0, 4, 31.41, 4915852, 558, 0, 0
20460, 889, 90, 395, 0, 0, 26.70%, 0, 0, 4, 284.13, 4917246, 558, 0, 0
20465, 889, 177, 395, 0, 0, 26.70%, 0, 0, 4, 244.48, 4918330, 558, 0, 0
20470, 889, 286, 395, 0, 0, 26.70%, 0, 0, 4, 290.00, 4919381, 558, 0, 0
20476, 889, 370, 395, 0, 0, 26.70%, 0, 0, 4, 278.64, 4920840, 558, 0, 0
20481, 890, 51, 395, 0, 0, 26.70%, 0, 0, 4, 269.44, 4921911, 558, 0, 0
20486, 890, 118, 395, 0, 0, 26.70%, 0, 0, 4, 292.39, 4922981, 558, 0, 0
20491, 890, 187, 395, 0, 0, 26.70%, 0, 0, 4, 30.98, 4924084, 558, 0, 0
20496, 890, 327, 395, 0, 0, 26.70%, 0, 0, 4, 291.57, 4925536, 558, 0, 0
20501, 890, 376, 395, 0, 0, 26.70%, 0, 0, 4, 291.92, 4926601, 558, 0, 0
20506, 891, 66, 395, 0, 0, 26.70%, 0, 0, 4, 303.56, 4927683, 558, 0, 0
20511, 891, 166, 395, 0, 0, 26.70%, 0, 0, 4, 57.03, 4929091, 558, 0, 0
20516, 891, 244, 395, 0, 0, 26.70%, 0, 0, 4, 275.98, 4930201, 558, 0, 0
20521, 891, 331, 395, 0, 0, 26.70%, 0, 0, 4, 293.70, 4931256, 558, 0, 0
20527, 891, 376, 395, 0, 0, 26.70%, 0, 0, 4, 52.18, 4932443, 558, 0, 0
20532, 892, 90, 395, 0, 0, 26.70%, 0, 0, 4, 290.42, 4933811, 558, 0, 0
20537, 892, 187, 395, 0, 0, 26.70%, 0, 0, 4, 291.44, 4934891, 558, 0, 0
20542, 892, 279, 395, 0, 0, 26.70%, 0, 0, 4, 293.07, 4935946, 558, 0, 0
20547, 892, 361, 395, 0, 0, 26.70%, 0, 0, 4, 31.65, 4937291, 558, 0, 0
20552, 893, 59, 395, 0, 0, 26.70%, 0, 0, 4, 289.12, 4938521, 558, 0, 0
20557, 893, 162, 395, 0, 0, 26.70%, 0, 0, 4, 217.36, 4939572, 558, 0, 0
20562, 893, 217, 395, 0, 0, 26.70%, 0, 0, 4, 31.37, 4940691, 558, 0, 0
20568, 893, 336, 395, 0, 0, 26.70%, 0, 0, 4, 291.42, 4942156, 558, 0, 0
20573, 893, 373, 395, 0, 0, 26.70%, 0, 0, 4, 290.68, 4943246, 558, 0, 0
20578, 894, 78, 395, 0, 0, 26.70%, 0, 0, 4, 218.41, 4944332, 558, 0, 0
20583, 894, 180, 395, 0, 0, 26.70%, 0, 0, 4, 31.22, 4945668, 558, 0, 0
20588, 894, 248, 395, 0, 0, 26.70%, 0, 0, 4, 280.68, 4946881, 558, 0, 0
20593, 894, 336, 395, 0, 0, 26.70%, 0, 0, 4, 290.23, 4947976, 558, 0, 0
20598, 894, 391, 395, 0, 0, 26.70%, 0, 0, 4, 38.31, 4949027, 558, 0, 0
20603, 895, 98, 395, 0, 0, 26.70%, 0, 0, 4, 287.88, 4950496, 558, 0, 0
20609, 895, 198, 395, 0, 0, 26.70%, 0, 0, 4, 284.68, 4951551, 558, 0, 0
20614, 895, 286, 395, 0, 0, 26.70%, 0, 0, 4, 260.77, 4952636, 558, 0, 0
20619, 895, 360, 395, 0, 0, 26.70%, 0, 0, 4, 30.53, 4953883, 558, 0, 0
20624, 896, 23, 395, 0, 0, 26.70%, 0, 0, 4, 281.57, 4955076, 558, 0, 0
20629, 896, 106, 395, 0, 0, 26.70%, 0, 0, 4, 285.77, 4956116, 558, 0, 0
20634, 896, 220, 395, 0, 0, 26.70%, 0, 0, 4, 30.47, 4957327, 558, 0, 0
20639, 896, 332, 395, 0, 0, 26.70%, 0, 0, 4, 281.09, 4958626, 558, 0, 0
20644, 896, 373, 395, 0, 0, 26.70%, 0, 0, 4, 283.86, 4959711, 558, 0, 0
20650, 897, 39, 395, 0, 0, 26.70%, 0, 0, 4, 293.72, 4960746, 558, 0, 0
20655, 897, 156, 395, 0, 0, 26.70%, 0, 0, 4, 30.98, 4962093, 558, 0, 0
20660, 897, 248, 395, 0, 0, 26.70%, 0, 0, 4, 290.14, 4963290, 558, 0, 0
20665, 897, 341, 395, 0, 0, 26.70%, 0, 0, 4, 289.06, 4964371, 558, 0, 0
20670, 897, 373, 395, 0, 0, 26.70%, 0, 0, 4, 215.00, 4965439, 558, 0, 0
20675, 898, 75, 395, 0, 0, 26.70%, 0, 0, 4, 276.77, 4966911, 558, 0, 0
20680, 898, 175, 395, 0, 0, 26.70%, 0, 0, 4, 273.75, 4967946, 558, 0, 0
20685, 898, 248, 395, 0, 0, 26.70%, 0, 0, 4, 292.99, 4969016, 558, 0, 0
20690, 898, 336, 395, 0, 0, 26.70%, 0, 0, 4, 31.41, 4970195, 558, 0, 0
20696, 899, 0, 395, 0, 0, 26.70%, 0, 0, 4, 267.94, 4971541, 558, 0, 0
20701, 899, 90, 395, 0, 0, 26.70%, 0, 0, 4, 295.08, 4972636, 558, 0, 0
20706, 899, 180, 395, 0, 0, 26.70%, 0, 0, 4, 259.31, 4973726, 558, 0, 0
20711, 899, 279, 395, 0, 0, 26.70%, 0, 0, 4, 31.55, 4975141, 558, 0, 0
20716, 899, 360, 395, 0, 0, 26.70%, 0, 0, 4, 276.15, 4976296, 558, 0, 0
20721, 899, 391, 395, 0, 0, 26.70%, 0, 0, 4, 242.63, 4977269, 558, 0, 0
20727, 900, 75, 395, 0, 0, 26.70%, 0, 0, 4, 31.34, 4978432, 558, 0, 0
20732, 900, 175, 395, 0, 0, 26.70%, 0, 0, 4, 274.39, 4979811, 558, 0, 0
20737, 900, 248, 395, 0, 0, 26.70%, 0, 0, 4, 293.36, 4980861, 558, 0, 0
20742, 900, 317, 395, 0, 0, 26.70%, 0, 0, 4, 268.89, 4981921, 558, 0, 0
20747, 900, 371, 395, 0, 0, 26.70%, 0, 0, 4, 30.33, 4983222, 558, 0, 0
20752, 901, 71, 395, 0, 0, 26.70%, 0, 0, 4, 278.32, 4984426, 558, 0, 0
20757, 901, 156, 395, 0, 0, 26.70%, 0, 0, 4, 290.39, 4985466, 558, 0, 0
20762, 901, 217, 395, 0, 0, 26.70%, 0, 0, 4, 31.10, 4986505, 558, 0, 0
20767, 901, 352, 395, 0, 0, 26.70%, 0, 0, 4, 284.96, 4987986, 558, 0, 0
20773, 902, 5, 395, 0, 0, 26.70%, 0, 0, 4, 283.21, 4989061, 558, 0, 0
20778, 902, 109, 395, 0, 0, 26.70%, 0, 0, 4, 243.53, 4990120, 558, 0, 0
20783, 902, 199, 395, 0, 0, 26.70%, 0, 0, 4, 38.66, 4991216, 558, 0, 0
20788, 902, 336, 395, 0, 0, 26.70%, 0, 0, 4, 292.30, 4992715, 558, 0, 0
20793, 902, 371, 395, 0, 0, 26.70%, 0, 0, 4, 247.87, 4993772, 558, 0, 0
20798, 903, 12, 395, 0, 0, 26.70%, 0, 0, 4, 281.53, 4994801, 558, 0, 0
20803, 903, 119, 395, 0, 0, 26.70%, 0, 0, 4, 31.36, 4996085, 558, 0, 0
20808, 903, 273, 395, 0, 0, 26.70%, 0, 0, 4, 256.11, 4997391, 558, 0, 0
20813, 903, 358, 395, 0, 0, 26.70%, 0, 0, 4, 291.52, 4998461, 558, 0, 0
20819, 904, 4, 395, 0, 0, 26.70%, 0, 0, 4, 184.64, 4999509, 558, 0, 0
20824, 904, 126, 395, 0, 0, 26.70%, 0, 0, 4, 261.97, 5000946, 558, 0, 0
20829, 904, 199, 395, 0, 0, 26.70%, 0, 0, 4, 284.26, 5002071, 558, 0, 0
20834, 904, 314, 395, 0, 0, 26.70%, 0, 0, 4, 244.85, 5003166, 558, 0, 0
20839, 904, 371, 395, 0, 0, 26.70%, 0, 0, 4, 290.00, 5004248, 558, 0, 0
20844, 905, 78, 395, 0, 0, 26.70%, 0, 0, 4, 287.75, 5005726, 558, 0, 0
20849, 905, 175, 395, 0, 0, 26.70%, 0, 0, 4, 249.84, 5006798, 558, 0, 0
20855, 905, 273, 395, 0, 0, 26.70%, 0, 0, 4, 248.45, 5007886, 558, 0, 0
20860, 905, 327, 395, 0, 0, 26.70%, 0, 0, 4, 31.25, 5009095, 558, 0, 0
20865, 905, 376, 395, 0, 0, 26.70%, 0, 0, 4, 286.20, 5010361, 558, 0, 0
20870, 906, 73, 395, 0, 0, 26.70%, 0, 0, 4, 272.12, 5011446, 558, 0, 0
20875, 906, 160, 395, 0, 0, 26.70%, 0, 0, 4, 285.34, 5012516, 558, 0, 0
20880, 906, 279, 395, 0, 0, 26.70%, 0, 0, 4, 30.40, 5013911, 558, 0, 0
20885, 906, 360, 395, 0, 0, 26.70%, 0, 0, 4, 286.03, 5015071, 558, 0, 0
20890, 906, 391, 395, 0, 0, 26.70%, 0, 0, 4, 252.99, 5016071, 558, 0, 0
20895, 907, 75, 395, 0, 0, 26.70%, 0, 0, 4, 31.27, 5017219, 558, 0, 0
20900, 907, 180, 395, 0, 0, 26.70%, 0, 0, 4, 264.97, 5018641, 558, 0, 0
20906, 907, 273, 395, 0, 0, 26.70%, 0, 0, 4, 288.24, 5019721, 558, 0, 0
20911, 907, 352, 395, 0, 0, 26.70%, 0, 0, 4, 242.20, 5020792, 558, 0, 0
20916, 908, 58, 395, 0, 0, 26.70%, 0, 0, 4, 38.61, 5022176, 558, 0, 0
20921, 908, 160, 395, 0, 0, 26.70%, 0, 0, 4, 291.16, 5023301, 558, 0, 0
20926, 908, 220, 395, 0, 0, 26.70%, 0, 0, 4, 215.98, 5024372, 558, 0, 0
20931, 908, 352, 395, 0, 0, 26.70%, 0, 0, 4, 31.37, 5025464, 558, 0, 0
20936, 909, 20, 395, 0, 0, 26.70%, 0, 0, 4, 271.41, 5026866, 558, 0, 0
20942, 909, 150, 395, 0, 0, 26.70%, 0, 0, 4, 294.27, 5027966, 558, 0, 0
20947, 909, 198, 395, 0, 0, 26.70%, 0, 0, 4, 284.27, 5029021, 558, 0, 0
20952, 909, 307, 395, 0, 0, 26.70%, 0, 0, 4, 280.28, 5030506, 558, 0, 0
20957, 909, 370, 395, 0, 0, 26.70%, 0, 0, 4, 285.55, 5031616, 558, 0, 0
20962, 910, 34, 395, 0, 0, 26.70%, 0, 0, 4, 253.87, 5032706, 558, 0, 0
20967, 910, 153, 395, 0, 0, 26.70%, 0, 0, 4, 29.46, 5033826, 558, 0, 0
20972, 910, 232, 395, 0, 0, 26.70%, 0, 0, 4, 257.76, 5035171, 558, 0, 0
20977, 910, 327, 395, 0, 0, 26.70%, 0, 0, 4, 279.51, 5036251, 558, 0, 0
20982, 910, 385, 395, 0, 0, 26.70%, 0, 0, 4, 243.29, 5037299, 558, 0, 0
20988, 911, 89, 395, 0, 0, 26.70%, 0, 0, 4, 31.25, 5038686, 558, 0, 0
20993, 911, 177, 395, 0, 0, 26.70%, 0, 0, 4, 290.40, 5039861, 558, 0, 0
20998, 911, 248, 395, 0, 0, 26.70%, 0, 0, 4, 289.30, 5040901, 558, 0, 0
21003, 911, 332, 395, 0, 0, 26.70%, 0, 0, 4, 31.10, 5042005, 558, 0, 0
21008, 911, 388, 395, 0, 0, 26.70%, 0, 0, 4, 281.72, 5043381, 558, 0, 0
21013, 912, 90, 395, 0, 0, 26.70%, 0, 0, 4, 294.43, 5044426, 558, 0, 0
21018, 912, 189, 395, 0, 0, 26.70%, 0, 0, 4, 252.47, 5045471, 558, 0, 0
21023, 912, 327, 395, 0, 0, 26.70%, 0, 0, 4, 267.40, 5046926, 558, 0, 0
21028, 912, 376, 395, 0, 0, 26.70%, 0, 0, 4, 290.28, 5048061, 558, 0, 0
21034, 913, 90, 395, 0, 0, 26.70%, 0, 0, 4, 292.08, 5049106, 558, 0, 0
21039, 913, 177, 395, 0, 0, 26.70%, 0, 0, 4, 41.87, 5050289, 558, 0, 0
21044, 913, 298, 395, 0, 0, 26.70%, 0, 0, 4, 280.76, 5051651, 558, 0, 0
21049, 913, 370, 395, 0, 0, 26.70%, 0, 0, 4, 241.16, 5052707, 558, 0, 0
21054, 914, 50, 395, 0, 0, 26.70%, 0, 0, 4, 272.65, 5053790, 558, 0, 0
21059, 914, 177, 395, 0, 0, 26.70%, 0, 0, 4, 274.96, 5055201, 558, 0, 0
21064, 914, 242, 395, 0, 0, 26.70%, 0, 0, 4, 288.13, 5056336, 558, 0, 0
21070, 914, 311, 395, 0, 0, 26.70%, 0, 0, 4, 289.88, 5057436, 558, 0, 0
21075, 914, 370, 395, 0, 0, 26.70%, 0, 0, 4, 31.45, 5058539, 558, 0, 0
21080, 915, 51, 395, 0, 0, 26.70%, 0, 0, 4, 287.43, 5059976, 558, 0, 0
21085, 915, 132, 395, 0, 0, 26.70%, 0, 0, 4, 294.73, 5061086, 558, 0, 0
21090, 915, 191, 395, 0, 0, 26.70%, 0, 0, 4, 190.77, 5062124, 558, 0, 0
21095, 915, 294, 395, 0, 0, 26.70%, 0, 0, 4, 253.16, 5063571, 558, 0, 0
21100, 915, 362, 395, 0, 0, 26.70%, 0, 0, 4, 267.31, 5064716, 558, 0, 0
21106, 916, 51, 395, 0, 0, 26.70%, 0, 0, 4, 265.69, 5065791, 558, 0, 0
21111, 916, 146, 395, 0, 0, 26.70%, 0, 0, 4, 31.20, 5066899, 558, 0, 0
21116, 916, 248, 395, 0, 0, 26.70%, 0, 0, 4, 270.81, 5068321, 558, 0, 0
21121, 916, 327, 395, 0, 0, 26.70%, 0, 0, 4, 249.05, 5069393, 558, 0, 0
21126, 916, 373, 395, 0, 0, 26.70%, 0, 0, 4, 283.26, 5070436, 558, 0, 0
21131, 917, 83, 395, 0, 0, 26.70%, 0, 0, 4, 31.50, 5071710, 558, 0, 0
21136, 917, 188, 395, 0, 0, 26.70%, 0, 0, 4, 257.47, 5072961, 558, 0, 0
21141, 917, 327, 395, 0, 0, 26.70%, 0, 0, 4, 292.97, 5074021, 558, 0, 0
21146, 917, 371, 395, 0, 0, 26.70%, 0, 0, 4, 301.98, 5075074, 558, 0, 0
21152, 918, 91, 395, 0, 0, 26.70%, 0, 0, 4, 291.94, 5076566, 558, 0, 0
21157, 918, 179, 395, 0, 0, 26.70%, 0, 0, 4, 276.04, 5077596, 558, 0, 0
21162, 918, 248, 395, 0, 0, 26.70%, 0, 0, 4, 255.71, 5078646, 558, 0, 0
21167, 918, 336, 395, 0, 0, 26.70%, 0, 0, 4, 31.01, 5079824, 558, 0, 0
21172, 918, 385, 395, 0, 0, 26.70%, 0, 0, 4, 263.57, 5081156, 558, 0, 0
21177, 919, 77, 395, 0, 0, 26.70%, 0, 0, 4, 291.33, 5082226, 558, 0, 0
21182, 919, 175, 395, 0, 0, 26.70%, 0, 0, 4, 287.69, 5083321, 558, 0, 0
21187, 919, 287, 395, 0, 0, 26.70%, 0, 0, 4, 31.46, 5084663, 558, 0, 0
21192, 919, 370, 395, 0, 0, 26.70%, 0, 0, 4, 261.62, 5085866, 558, 0, 0
21197, 920, 31, 395, 0, 0, 26.70%, 0, 0, 4, 283.53, 5086906, 558, 0, 0
21202, 920, 115, 395, 0, 0, 26.70%, 0, 0, 4, 31.25, 5087997, 558, 0, 0
21208, 920, 237, 395, 0, 0, 26.70%, 0, 0, 4, 262.42, 5089401, 558, 0, 0
21213, 920, 327, 395, 0, 0, 26.70%, 0, 0, 4, 270.54, 5090436, 558, 0, 0
21218, 920, 373, 395, 0, 0, 26.70%, 0, 0, 4, 297.33, 5091466, 558, 0, 0
21223, 921, 89, 395, 0, 0, 26.70%, 0, 0, 4, 31.45, 5092773, 558, 0, 0
21228, 921, 179, 395, 0, 0, 26.70%, 0, 0, 4, 289.17, 5094006, 558, 0, 0
21233, 921, 273, 395, 0, 0, 26.70%, 0, 0, 4, 254.62, 5095096, 558, 0, 0
21238, 921, 355, 395, 0, 0, 26.70%, 0, 0, 4, 200.00, 5096136, 558, 0, 0
21243, 922, 17, 395, 0, 0, 26.70%, 0, 0, 4, 267.43, 5097616, 558, 0, 0
21248, 922, 101, 395, 0, 0, 26.70%, 0, 0, 4, 264.66, 5098690, 558, 0, 0
21254, 922, 199, 395, 0, 0, 26.70%, 0, 0, 4, 287.58, 5099731, 558, 0, 0
21259, 922, 279, 395, 0, 0, 26.70%, 0, 0, 4, 31.43, 5100879, 558, 0, 0
21264, 922, 370, 395, 0, 0, 26.70%, 0, 0, 4, 287.19, 5102316, 558, 0, 0
21269, 923, 32, 395, 0, 0, 26.70%, 0, 0, 4, 293.89, 5103361, 558, 0, 0
21274, 923, 118, 395, 0, 0, 26.70%, 0, 0, 4, 299.26, 5104409, 558, 0, 0
21279, 923, 248, 395, 0, 0, 26.70%, 0, 0, 4, 58.37, 5105881, 558, 0, 0
21284, 923, 305, 395, 0, 0, 26.70%, 0, 0, 4, 217.90, 5107026, 558, 0, 0
21289, 923, 362, 395, 0, 0, 26.70%, 0, 0, 4, 266.99, 5108041, 558, 0, 0
21294, 924, 5, 395, 0, 0, 26.70%, 0, 0, 4, 31.51, 5109162, 558, 0, 0
21300, 924, 142, 395, 0, 0, 26.70%, 0, 0, 4, 291.40, 5110561, 558, 0, 0
21305, 924, 205, 395, 0, 0, 26.70%, 0, 0, 4, 288.11, 5111621, 558, 0, 0
21310, 924, 305, 395, 0, 0, 26.70%, 0, 0, 4, 289.25, 5112681, 558, 0, 0
21315, 924, 391, 395, 0, 0, 26.70%, 0, 0, 4, 31.45, 5114031, 558, 0, 0
21320, 925, 78, 395, 0, 0, 26.70%, 0, 0, 4, 284.36, 5115211, 558, 0, 0
21325, 925, 156, 395, 0, 0, 26.70%, 0, 0, 4, 291.90, 5116296, 558, 0, 0
21330, 925, 199, 395, 0, 0, 26.70%, 0, 0, 4, 30.53, 5117379, 558, 0, 0
21335, 925, 361, 395, 0, 0, 26.70%, 0, 0, 4, 259.88, 5118796, 558, 0, 0
21340, 926, 38, 395, 0, 0, 26.70%, 0, 0, 4, 290.59, 5119866, 558, 0, 0
21346, 926, 113, 395, 0, 0, 26.70%, 0, 0, 4, 270.58, 5120941, 558, 0, 0
21351, 926, 220, 395, 0, 0, 26.70%, 0, 0, 4, 30.49, 5122306, 558, 0, 0
21356, 926, 295, 395, 0, 0, 26.70%, 0, 0, 4, 263.70, 5123521, 558, 0, 0
21361, 926, 361, 395, 0, 0, 26.70%, 0, 0, 4, 243.13, 5124574, 558, 0, 0
21366, 927, 3, 395, 0, 0, 26.70%, 0, 0, 4, 202.97, 5125662, 558, 0, 0
21371, 927, 156, 395, 0, 0, 26.70%, 0, 0, 4, 275.85, 5127165, 558, 0, 0
21376, 927, 199, 395, 0, 0, 26.70%, 0, 0, 4, 261.20, 5128206, 558, 0, 0
21381, 927, 289, 395, 0, 0, 26.70%, 0, 0, 4, 256.62, 5129265, 558, 0, 0
21386, 927, 373, 395, 0, 0, 26.70%, 0, 0, 4, 31.45, 5130553, 558, 0, 0
21392, 928, 89, 395, 0, 0, 26.70%, 0, 0, 4, 295.27, 5131841, 558, 0, 0
21397, 928, 177, 395, 0, 0, 26.70%, 0, 0, 4, 296.11, 5132906, 558, 0, 0
21402, 928, 255, 395, 0, 0, 26.70%, 0, 0, 4, 284.23, 5133991, 558, 0, 0
21407, 928, 370, 395, 0, 0, 26.70%, 0, 0, 4, 285.59, 5135465, 558, 0, 0
21412, 929, 12, 395, 0, 0, 26.70%, 0, 0, 4, 232.37, 5136474, 558, 0, 0
21417, 929, 148, 395, 0, 0, 26.70%, 0, 0, 4, 290.69, 5137576, 558, 0, 0
21422, 929, 212, 395, 0, 0, 26.70%, 0, 0, 4, 31.43, 5138739, 558, 0, 0
21427, 929, 315, 395, 0, 0, 26.70%, 0, 0, 4, 287.96, 5140171, 558, 0, 0
21432, 929, 373, 395, 0, 0, 26.70%, 0, 0, 4, 289.50, 5141206, 558, 0, 0
21438, 930, 75, 395, 0, 0, 26.70%, 0, 0, 4, 281.63, 5142296, 558, 0, 0
21443, 930, 175, 395, 0, 0, 26.70%, 0, 0, 4, 276.11, 5143701, 558, 0, 0
21448, 930, 250, 395, 0, 0, 26.70%, 0, 0, 4, 289.59, 5144836, 558, 0, 0
21453, 930, 336, 395, 0, 0, 26.70%, 0, 0, 4, 291.86, 5145866, 558, 0, 0
21458, 930, 385, 395, 0, 0, 26.70%, 0, 0, 4, 30.89, 5147071, 558, 0, 0
21463, 931, 89, 395, 0, 0, 26.70%, 0, 0, 4, 265.71, 5148411, 558, 0, 0
21468, 931, 187, 395, 0, 0, 26.70%, 0, 0, 4, 288.24, 5149456, 558, 0, 0
21473, 931, 286, 395, 0, 0, 26.70%, 0, 0, 4, 290.07, 5150521, 558, 0, 0
21478, 931, 364, 395, 0, 0, 26.70%, 0, 0, 4, 278.57, 5151986, 558, 0, 0
21484, 932, 58, 395, 0, 0, 26.70%, 0, 0, 4, 291.28, 5153096, 558, 0, 0
21489, 932, 144, 395, 0, 0, 26.70%, 0, 0, 4, 267.14, 5154196, 558, 0, 0
21494, 932, 220, 395, 0, 0, 26.70%, 0, 0, 4, 31.41, 5155375, 558, 0, 0
21499, 932, 330, 395, 0, 0, 26.70%, 0, 0, 4, 252.32, 5156692, 558, 0, 0
21504, 932, 374, 395, 0, 0, 26.70%, 0, 0, 4, 290.02, 5157756, 558, 0, 0
21509, 933, 78, 395, 0, 0, 26.70%, 0, 0, 4, 298.51, 5158821, 558, 0, 0
21514, 933, 198, 395, 0, 0, 26.70%, 0, 0, 4, 292.89, 5160331, 558, 0, 0
21520, 933, 284, 395, 0, 0, 26.70%, 0, 0, 4, 259.48, 5161421, 558, 0, 0
21525, 933, 352, 395, 0, 0, 26.70%, 0, 0, 4, 289.23, 5162486, 558, 0, 0
21530, 933, 394, 395, 0, 0, 26.70%, 0, 0, 4, 31.25, 5163766, 558, 0, 0
21535, 934, 90, 395, 0, 0, 26.70%, 0, 0, 4, 250.22, 5164948, 558, 0, 0
21540, 934, 199, 395, 0, 0, 26.70%, 0, 0, 4, 289.61, 5166021, 558, 0, 0
21545, 934, 289, 395, 0, 0, 26.70%, 0, 0, 4, 31.31, 5167124, 558, 0, 0
21550, 934, 370, 395, 0, 0, 26.70%, 0, 0, 4, 272.46, 5168541, 558, 0, 0
21555, 935, 45, 395, 0, 0, 26.70%, 0, 0, 4, 234.05, 5169560, 558, 0, 0
21560, 935, 136, 395, 0, 0, 26.70%, 0, 0, 4, 288.78, 5170621, 558, 0, 0
21565, 935, 273, 395, 0, 0, 26.70%, 0, 0, 4, 279.12, 5172036, 558, 0, 0
21570, 935, 352, 395, 0, 0, 26.70%, 0, 0, 4, 270.55, 5173161, 558, 0, 0
21575, 936, 5, 395, 0, 0, 26.70%, 0, 0, 4, 285.32, 5174196, 558, 0, 0
21580, 936, 111, 395, 0, 0, 26.70%, 0, 0, 4, 31.34, 5175362, 558, 0, 0
21586, 936, 187, 395, 0, 0, 26.70%, 0, 0, 4, 292.19, 5176756, 558, 0, 0
21591, 936, 286, 395, 0, 0, 26.70%, 0, 0, 4, 235.08, 5177788, 558, 0, 0
21596, 936, 348, 395, 0, 0, 26.70%, 0, 0, 4, 185.96, 5178824, 558, 0, 0
21599, 936, 389, 395, 0, 0, 26.70%, 0, 0, 4, 255.08, 5179807, 558, 0, 0
