# relative_time, cycles_done, cur_item, corpus_count, pending_total, pending_favs, map_size, saved_crashes, saved_hangs, max_depth, execs_per_sec, total_execs, edges_found, total_crashes, servers_count
61, 0, 0, 38, 38, 4, 12.54%, 0, 0, 2, 290.72, 18936, 425, 0, 0
66, 0, 0, 38, 38, 4, 12.54%, 0, 0, 2, 258.07, 20221, 425, 0, 0
71, 0, 0, 38, 38, 4, 12.54%, 0, 0, 2, 292.06, 21781, 425, 0, 0
76, 0, 0, 38, 38, 4, 12.54%, 0, 0, 2, 300.81, 23316, 425, 0, 0
81, 0, 0, 38, 38, 4, 12.54%, 0, 0, 2, 302.98, 24888, 425, 0, 0
86, 0, 0, 38, 38, 4, 12.54%, 0, 0, 2, 278.20, 26316, 425, 0, 0
92, 0, 0, 38, 38, 4, 12.54%, 0, 0, 2, 287.70, 27781, 425, 0, 0
97, 0, 0, 38, 38, 4, 12.54%, 0, 0, 2, 301.13, 29340, 425, 0, 0
102, 0, 0, 38, 38, 4, 12.54%, 0, 0, 2, 304.55, 30924, 425, 0, 0
107, 0, 0, 38, 38, 4, 12.54%, 0, 0, 2, 306.10, 32508, 425, 0, 0
112, 0, 0, 38, 38, 4, 12.54%, 0, 0, 2, 296.12, 33961, 425, 0, 0
117, 0, 0, 38, 38, 4, 12.54%, 0, 0, 2, 306.31, 35538, 425, 0, 0
122, 0, 0, 38, 38, 4, 12.54%, 0, 0, 2, 311.26, 37122, 425, 0, 0
127, 0, 0, 38, 38, 4, 12.54%, 0, 0, 2, 310.59, 38706, 425, 0, 0
132, 0, 0, 39, 39, 4, 12.54%, 0, 0, 2, 295.39, 40168, 425, 0, 0
137, 0, 0, 39, 39, 4, 12.54%, 0, 0, 2, 310.69, 41749, 425, 0, 0
142, 0, 0, 39, 39, 4, 12.54%, 0, 0, 2, 313.13, 43333, 425, 0, 0
147, 0, 0, 39, 39, 4, 12.54%, 0, 0, 2, 313.81, 44917, 425, 0, 0
153, 0, 0, 39, 39, 4, 12.54%, 0, 0, 2, 291.68, 46393, 425, 0, 0
158, 0, 0, 39, 39, 4, 12.54%, 0, 0, 2, 309.74, 47971, 425, 0, 0
163, 0, 0, 39, 39, 4, 12.54%, 0, 0, 2, 310.92, 49543, 425, 0, 0
168, 0, 0, 39, 39, 4, 12.54%, 0, 0, 2, 312.33, 51109, 425, 0, 0
173, 0, 25, 57, 51, 9, 12.72%, 0, 0, 2, 285.85, 52620, 431, 0, 0
178, 0, 50, 57, 43, 2, 12.72%, 0, 0, 2, 314.02, 54447, 431, 0, 0
184, 1, 30, 57, 36, 0, 12.72%, 0, 0, 2, 318.90, 56060, 431, 0, 0
189, 1, 52, 57, 30, 0, 12.72%, 0, 0, 2, 317.90, 57820, 431, 0, 0
194, 2, 25, 57, 22, 0, 12.72%, 0, 0, 2, 294.65, 59318, 431, 0, 0
199, 3, 11, 57, 19, 0, 12.72%, 0, 0, 2, 315.12, 60959, 431, 0, 0
204, 3, 53, 57, 15, 0, 12.72%, 0, 0, 2, 316.34, 62576, 431, 0, 0
209, 5, 2, 57, 14, 0, 12.72%, 0, 0, 2, 314.93, 64165, 431, 0, 0
214, 5, 41, 57, 10, 0, 12.72%, 0, 0, 2, 295.34, 65684, 431, 0, 0
219, 6, 4, 58, 8, 0, 12.72%, 0, 0, 2, 309.67, 67265, 431, 0, 0
225, 6, 57, 58, 8, 0, 12.72%, 0, 0, 2, 316.16, 69003, 431, 0, 0
230, 7, 45, 58, 6, 0, 12.72%, 0, 0, 2, 318.52, 70594, 431, 0, 0
235, 8, 27, 58, 4, 0, 12.72%, 0, 0, 2, 311.02, 72157, 431, 0, 0
240, 9, 24, 58, 3, 0, 12.72%, 0, 0, 2, 311.08, 73675, 431, 0, 0
245, 10, 24, 58, 2, 0, 12.72%, 0, 0, 2, 314.82, 75313, 431, 0, 0
250, 11, 15, 58, 0, 0, 12.72%, 0, 0, 2, 313.35, 76924, 431, 0, 0
255, 12, 22, 58, 0, 0, 12.72%, 0, 0, 2, 317.22, 78569, 431, 0, 0
261, 13, 5, 58, 0, 0, 12.72%, 0, 0, 2, 309.56, 80101, 431, 0, 0
266, 14, 4, 58, 0, 0, 12.72%, 0, 0, 2, 314.92, 81698, 431, 0, 0
271, 14, 49, 58, 0, 0, 12.72%, 0, 0, 2, 318.90, 83298, 431, 0, 0
276, 15, 53, 58, 0, 0, 12.72%, 0, 0, 2, 318.25, 84938, 431, 0, 0
281, 16, 48, 58, 0, 0, 12.72%, 0, 0, 2, 302.81, 86398, 431, 0, 0
286, 17, 26, 58, 0, 0, 12.72%, 0, 0, 2, 323.22, 87440, 431, 0, 0
291, 18, 26, 58, 0, 0, 12.72%, 0, 0, 2, 312.22, 89011, 431, 0, 0
296, 19, 11, 58, 0, 0, 12.72%, 0, 0, 2, 322.66, 90271, 431, 0, 0
301, 20, 2, 58, 0, 0, 12.72%, 0, 0, 2, 322.19, 91898, 431, 0, 0
306, 20, 42, 58, 0, 0, 12.72%, 0, 0, 2, 211.03, 93136, 431, 0, 0
311, 21, 48, 58, 0, 0, 12.72%, 0, 0, 2, 302.43, 94810, 431, 0, 0
317, 22, 50, 58, 0, 0, 12.72%, 0, 0, 2, 306.90, 96392, 431, 0, 0
322, 23, 42, 58, 0, 0, 12.72%, 0, 0, 2, 313.45, 97640, 431, 0, 0
327, 24, 42, 58, 0, 0, 12.72%, 0, 0, 2, 315.28, 99273, 431, 0, 0
332, 25, 25, 58, 0, 0, 12.72%, 0, 0, 2, 319.29, 100497, 431, 0, 0
337, 26, 21, 58, 0, 0, 12.72%, 0, 0, 2, 314.16, 102078, 431, 0, 0
342, 27, 2, 58, 0, 0, 12.72%, 0, 0, 2, 316.83, 103292, 431, 0, 0
347, 28, 4, 58, 0, 0, 12.72%, 0, 0, 2, 320.79, 104902, 431, 0, 0
352, 28, 48, 58, 0, 0, 12.72%, 0, 0, 2, 320.00, 106121, 431, 0, 0
357, 29, 48, 58, 0, 0, 12.72%, 0, 0, 2, 318.89, 107723, 431, 0, 0
362, 30, 26, 58, 0, 0, 12.72%, 0, 0, 2, 32.29, 108942, 431, 0, 0
367, 31, 30, 58, 0, 0, 12.72%, 0, 0, 2, 314.99, 110523, 431, 0, 0
372, 32, 25, 58, 0, 0, 12.72%, 0, 0, 2, 31.48, 111873, 431, 0, 0
377, 33, 24, 58, 0, 0, 12.72%, 0, 0, 2, 322.34, 113395, 431, 0, 0
383, 34, 19, 58, 0, 0, 12.72%, 0, 0, 2, 31.51, 114773, 431, 0, 0
388, 35, 6, 58, 0, 0, 12.72%, 0, 0, 2, 326.21, 116241, 431, 0, 0
393, 35, 37, 58, 0, 0, 12.72%, 0, 0, 2, 333.24, 117478, 431, 0, 0
398, 36, 31, 58, 0, 0, 12.72%, 0, 0, 2, 318.62, 119130, 431, 0, 0
403, 37, 25, 58, 0, 0, 12.72%, 0, 0, 2, 262.77, 120326, 431, 0, 0
408, 38, 26, 58, 0, 0, 12.72%, 0, 0, 2, 308.82, 121972, 431, 0, 0
413, 39, 11, 58, 0, 0, 12.72%, 0, 0, 2, 256.15, 123172, 431, 0, 0
418, 40, 4, 58, 0, 0, 12.72%, 0, 0, 2, 311.17, 124855, 431, 0, 0
423, 40, 48, 58, 0, 0, 12.72%, 0, 0, 2, 251.94, 126046, 431, 0, 0
428, 41, 45, 58, 0, 0, 12.72%, 0, 0, 2, 299.60, 127597, 431, 0, 0
433, 42, 26, 58, 0, 0, 12.72%, 0, 0, 2, 286.83, 128777, 431, 0, 0
438, 43, 30, 58, 0, 0, 12.72%, 0, 0, 2, 312.02, 130378, 431, 0, 0
444, 44, 24, 58, 0, 0, 12.72%, 0, 0, 2, 320.00, 131581, 431, 0, 0
449, 45, 25, 58, 0, 0, 12.72%, 0, 0, 2, 321.26, 133194, 431, 0, 0
454, 46, 11, 58, 0, 0, 12.72%, 0, 0, 2, 321.13, 134413, 431, 0, 0
459, 47, 4, 58, 0, 0, 12.72%, 0, 0, 2, 30.38, 135848, 431, 0, 0
464, 48, 2, 58, 0, 0, 12.72%, 0, 0, 2, 317.08, 137189, 431, 0, 0
469, 48, 48, 58, 0, 0, 12.72%, 0, 0, 2, 31.35, 138493, 431, 0, 0
474, 49, 45, 58, 0, 0, 12.72%, 0, 0, 2, 319.43, 140044, 431, 0, 0
479, 50, 31, 58, 0, 0, 12.72%, 0, 0, 2, 209.76, 141245, 431, 0, 0
484, 51, 31, 58, 0, 0, 12.72%, 0, 0, 2, 298.12, 142886, 431, 0, 0
489, 52, 24, 58, 0, 0, 12.72%, 0, 0, 2, 305.55, 144090, 431, 0, 0
494, 53, 30, 58, 0, 0, 12.72%, 0, 0, 2, 319.36, 145760, 431, 0, 0
499, 54, 4, 58, 0, 0, 12.72%, 0, 0, 2, 276.30, 146931, 431, 0, 0
505, 55, 2, 58, 0, 0, 12.72%, 0, 0, 2, 296.10, 148490, 431, 0, 0
510, 55, 53, 58, 0, 0, 12.72%, 0, 0, 2, 325.15, 149814, 431, 0, 0
515, 56, 45, 58, 0, 0, 12.72%, 0, 0, 2, 268.66, 151009, 431, 0, 0
520, 57, 50, 58, 0, 0, 12.72%, 0, 0, 2, 308.46, 152660, 431, 0, 0
525, 58, 28, 58, 0, 0, 12.72%, 0, 0, 2, 271.68, 153896, 431, 0, 0
530, 59, 26, 58, 0, 0, 12.72%, 0, 0, 2, 311.57, 155565, 431, 0, 0
536, 60, 4, 58, 0, 0, 12.72%, 0, 0, 2, 315.77, 156807, 431, 0, 0
541, 61, 3, 58, 0, 0, 12.72%, 0, 0, 2, 30.61, 158180, 431, 0, 0
546, 61, 53, 58, 0, 0, 12.72%, 0, 0, 2, 320.23, 159678, 431, 0, 0
551, 62, 42, 58, 0, 0, 12.72%, 0, 0, 2, 332.40, 160872, 431, 0, 0
556, 63, 45, 58, 0, 0, 12.72%, 0, 0, 2, 319.42, 162518, 431, 0, 0
561, 64, 26, 58, 0, 0, 12.72%, 0, 0, 2, 323.23, 163736, 431, 0, 0
566, 65, 25, 58, 0, 0, 12.72%, 0, 0, 2, 317.67, 165360, 431, 0, 0
571, 66, 11, 58, 0, 0, 12.72%, 0, 0, 2, 324.49, 166623, 431, 0, 0
577, 67, 2, 58, 0, 0, 12.72%, 0, 0, 2, 312.35, 167865, 431, 0, 0
582, 68, 2, 58, 0, 0, 12.72%, 0, 0, 2, 321.21, 169493, 431, 0, 0
587, 68, 48, 58, 0, 0, 12.72%, 0, 0, 2, 323.83, 170693, 431, 0, 0
592, 69, 51, 58, 0, 0, 12.72%, 0, 0, 2, 320.23, 172365, 431, 0, 0
597, 70, 42, 58, 0, 0, 12.72%, 0, 0, 2, 308.16, 173541, 431, 0, 0
602, 71, 21, 63, 5, 0, 13.49%, 0, 0, 3, 31.25, 174921, 457, 0, 0
607, 71, 21, 66, 8, 0, 13.49%, 0, 0, 3, 294.85, 176288, 457, 0, 0
612, 71, 21, 66, 8, 0, 13.49%, 0, 0, 3, 327.33, 177455, 457, 0, 0
617, 71, 21, 68, 10, 0, 13.49%, 0, 0, 3, 315.90, 179041, 457, 0, 0
622, 71, 21, 68, 10, 0, 13.49%, 0, 0, 3, 310.85, 180205, 457, 0, 0
627, 71, 21, 68, 10, 0, 13.49%, 0, 0, 3, 313.04, 181789, 457, 0, 0
632, 71, 21, 68, 10, 0, 13.49%, 0, 0, 3, 287.75, 182977, 457, 0, 0
637, 71, 21, 68, 10, 0, 13.49%, 0, 0, 3, 296.15, 184520, 457, 0, 0
643, 71, 21, 68, 10, 0, 13.49%, 0, 0, 3, 314.65, 185756, 457, 0, 0
648, 71, 21, 68, 10, 0, 13.49%, 0, 0, 3, 36.30, 186984, 457, 0, 0
653, 71, 62, 68, 9, 1, 13.49%, 0, 0, 3, 278.26, 188685, 457, 0, 0
660, 71, 65, 68, 7, 0, 13.49%, 0, 0, 3, 292.50, 190358, 457, 0, 0
665, 72, 24, 68, 6, 0, 13.49%, 0, 0, 3, 323.81, 191612, 457, 0, 0
670, 72, 58, 68, 6, 0, 13.49%, 0, 0, 3, 318.22, 193216, 457, 0, 0
675, 72, 64, 68, 6, 0, 13.49%, 0, 0, 3, 279.23, 194435, 457, 0, 0
681, 73, 31, 68, 4, 0, 13.49%, 0, 0, 3, 311.27, 196085, 457, 0, 0
686, 73, 58, 68, 4, 0, 13.49%, 0, 0, 3, 319.48, 197221, 457, 0, 0
691, 73, 62, 68, 3, 0, 13.49%, 0, 0, 3, 31.84, 198480, 457, 0, 0
696, 74, 48, 68, 3, 0, 13.49%, 0, 0, 3, 309.92, 200020, 457, 0, 0
701, 74, 59, 68, 3, 0, 13.49%, 0, 0, 3, 298.90, 201214, 457, 0, 0
706, 75, 28, 68, 2, 0, 13.49%, 0, 0, 3, 318.06, 202838, 457, 0, 0
711, 75, 58, 68, 2, 0, 13.49%, 0, 0, 3, 287.42, 204009, 457, 0, 0
716, 75, 66, 68, 2, 0, 13.49%, 0, 0, 3, 31.22, 205287, 457, 0, 0
721, 76, 50, 68, 1, 0, 13.49%, 0, 0, 3, 321.96, 206857, 457, 0, 0
726, 77, 2, 68, 1, 0, 13.49%, 0, 0, 3, 209.03, 208001, 457, 0, 0
731, 77, 53, 68, 1, 0, 13.49%, 0, 0, 3, 295.39, 209634, 457, 0, 0
736, 78, 11, 68, 1, 0, 13.49%, 0, 0, 3, 314.36, 210775, 457, 0, 0
742, 78, 53, 68, 1, 0, 13.49%, 0, 0, 3, 30.93, 212135, 457, 0, 0
747, 79, 24, 68, 1, 0, 13.49%, 0, 0, 3, 313.12, 213650, 457, 0, 0
752, 79, 58, 68, 1, 0, 13.49%, 0, 0, 3, 318.21, 214890, 457, 0, 0
757, 80, 21, 68, 1, 0, 13.49%, 0, 0, 3, 319.89, 216550, 457, 0, 0
762, 80, 50, 68, 1, 0, 13.49%, 0, 0, 3, 266.03, 217729, 457, 0, 0
767, 81, 11, 68, 1, 0, 13.49%, 0, 0, 3, 39.42, 218995, 457, 0, 0
772, 81, 69, 70, 3, 1, 13.52%, 0, 0, 3, 321.77, 220506, 458, 0, 0
778, 82, 45, 70, 2, 0, 13.52%, 0, 0, 3, 320.92, 221736, 458, 0, 0
783, 82, 60, 70, 2, 0, 13.52%, 0, 0, 3, 319.07, 223369, 458, 0, 0
788, 82, 69, 70, 0, 0, 13.52%, 0, 0, 3, 297.09, 224559, 458, 0, 0
793, 83, 42, 70, 0, 0, 13.52%, 0, 0, 3, 211.46, 225766, 458, 0, 0
798, 83, 63, 70, 0, 0, 13.52%, 0, 0, 3, 293.93, 227404, 458, 0, 0
803, 84, 24, 70, 0, 0, 13.52%, 0, 0, 3, 235.67, 228593, 458, 0, 0
808, 84, 62, 70, 0, 0, 13.52%, 0, 0, 3, 283.12, 230190, 458, 0, 0
814, 85, 30, 70, 0, 0, 13.52%, 0, 0, 3, 302.54, 231485, 458, 0, 0
819, 85, 62, 70, 0, 0, 13.52%, 0, 0, 3, 313.43, 232596, 458, 0, 0
824, 86, 4, 70, 0, 0, 13.52%, 0, 0, 3, 321.82, 234261, 458, 0, 0
829, 86, 50, 70, 0, 0, 13.52%, 0, 0, 3, 321.43, 235443, 458, 0, 0
834, 86, 67, 70, 0, 0, 13.52%, 0, 0, 3, 31.69, 236769, 458, 0, 0
839, 87, 42, 70, 0, 0, 13.52%, 0, 0, 3, 320.51, 238255, 458, 0, 0
844, 87, 62, 70, 0, 0, 13.52%, 0, 0, 3, 238.70, 239404, 458, 0, 0
849, 88, 45, 70, 0, 0, 13.52%, 0, 0, 3, 303.81, 241068, 458, 0, 0
854, 88, 62, 70, 0, 0, 13.52%, 0, 0, 3, 317.98, 242238, 458, 0, 0
859, 89, 24, 70, 0, 0, 13.52%, 0, 0, 3, 325.54, 243444, 458, 0, 0
864, 89, 69, 70, 0, 0, 13.52%, 0, 0, 3, 322.85, 245054, 458, 0, 0
869, 90, 31, 70, 0, 0, 13.52%, 0, 0, 3, 255.36, 246251, 458, 0, 0
874, 91, 2, 70, 0, 0, 13.52%, 0, 0, 3, 57.06, 247682, 458, 0, 0
879, 91, 48, 70, 0, 0, 13.52%, 0, 0, 3, 320.37, 249062, 458, 0, 0
884, 92, 4, 70, 0, 0, 13.52%, 0, 0, 3, 328.62, 250226, 458, 0, 0
890, 92, 69, 70, 0, 0, 13.52%, 0, 0, 3, 323.91, 251856, 458, 0, 0
895, 93, 26, 70, 0, 0, 13.52%, 0, 0, 3, 328.11, 253068, 458, 0, 0
900, 93, 63, 70, 0, 0, 13.52%, 0, 0, 3, 31.70, 254345, 458, 0, 0
905, 94, 25, 70, 0, 0, 13.52%, 0, 0, 3, 320.29, 255950, 458, 0, 0
910, 94, 69, 70, 0, 0, 13.52%, 0, 0, 3, 317.60, 257114, 458, 0, 0
915, 95, 44, 70, 0, 0, 13.52%, 0, 0, 3, 312.52, 258774, 458, 0, 0
920, 96, 1, 70, 0, 0, 13.52%, 0, 0, 3, 325.35, 260037, 458, 0, 0
926, 96, 48, 70, 0, 0, 13.52%, 0, 0, 3, 219.25, 261211, 458, 0, 0
931, 97, 6, 70, 0, 0, 13.52%, 0, 0, 3, 302.89, 262837, 458, 0, 0
936, 97, 50, 70, 0, 0, 13.52%, 0, 0, 3, 319.35, 264067, 458, 0, 0
941, 98, 11, 70, 0, 0, 13.52%, 0, 0, 3, 37.50, 265601, 458, 0, 0
946, 98, 50, 70, 0, 0, 13.52%, 0, 0, 3, 323.95, 266901, 458, 0, 0
951, 99, 21, 70, 0, 0, 13.52%, 0, 0, 3, 317.08, 268089, 458, 0, 0
956, 99, 65, 70, 0, 0, 13.52%, 0, 0, 3, 321.61, 269758, 458, 0, 0
961, 100, 26, 70, 0, 0, 13.52%, 0, 0, 3, 292.53, 270976, 458, 0, 0
966, 100, 65, 70, 0, 0, 13.52%, 0, 0, 3, 31.66, 272318, 458, 0, 0
971, 101, 30, 70, 0, 0, 13.52%, 0, 0, 3, 293.88, 273841, 458, 0, 0
977, 101, 69, 70, 0, 0, 13.52%, 0, 0, 3, 319.18, 275039, 458, 0, 0
982, 102, 53, 70, 0, 0, 13.52%, 0, 0, 3, 322.30, 276705, 458, 0, 0
987, 103, 4, 70, 0, 0, 13.52%, 0, 0, 3, 325.12, 277939, 458, 0, 0
992, 103, 48, 70, 0, 0, 13.52%, 0, 0, 3, 321.42, 279151, 458, 0, 0
997, 104, 25, 70, 0, 0, 13.52%, 0, 0, 3, 321.45, 280811, 458, 0, 0
1002, 104, 69, 70, 0, 0, 13.52%, 0, 0, 3, 270.51, 281991, 458, 0, 0
1007, 105, 53, 70, 0, 0, 13.52%, 0, 0, 3, 31.49, 283433, 458, 0, 0
1012, 106, 30, 70, 0, 0, 13.52%, 0, 0, 3, 276.94, 284801, 458, 0, 0
1017, 107, 11, 70, 0, 0, 13.52%, 0, 0, 3, 287.40, 285953, 458, 0, 0
1023, 108, 2, 70, 0, 0, 13.52%, 0, 0, 3, 313.99, 287619, 458, 0, 0
1028, 108, 50, 70, 0, 0, 13.52%, 0, 0, 3, 262.71, 288822, 458, 0, 0
1033, 109, 26, 70, 0, 0, 13.52%, 0, 0, 3, 30.56, 290222, 458, 0, 0
1038, 110, 24, 70, 0, 0, 13.52%, 0, 0, 3, 313.92, 291683, 458, 0, 0
1043, 110, 53, 70, 0, 0, 13.52%, 0, 0, 3, 237.55, 292870, 458, 0, 0
1048, 111, 45, 70, 0, 0, 13.52%, 0, 0, 3, 299.99, 294508, 458, 0, 0
1053, 112, 11, 70, 0, 0, 13.52%, 0, 0, 3, 320.50, 295694, 458, 0, 0
1058, 112, 53, 70, 0, 0, 13.52%, 0, 0, 3, 31.66, 297060, 458, 0, 0
1063, 113, 30, 70, 0, 0, 13.52%, 0, 0, 3, 321.49, 298558, 458, 0, 0
1069, 113, 67, 70, 0, 0, 13.52%, 0, 0, 3, 217.54, 299807, 458, 0, 0
1074, 114, 45, 70, 0, 0, 13.52%, 0, 0, 3, 304.09, 301489, 458, 0, 0
1079, 115, 24, 70, 0, 0, 13.52%, 0, 0, 3, 323.84, 302723, 458, 0, 0
1084, 115, 62, 70, 0, 0, 13.52%, 0, 0, 3, 31.27, 303957, 458, 0, 0
1089, 116, 45, 70, 0, 0, 13.52%, 0, 0, 3, 312.45, 305595, 458, 0, 0
1094, 117, 4, 70, 0, 0, 13.52%, 0, 0, 3, 242.34, 306791, 458, 0, 0
1100, 118, 2, 70, 0, 0, 13.52%, 0, 0, 3, 305.80, 308447, 458, 0, 0
1105, 118, 42, 70, 0, 0, 13.52%, 0, 0, 3, 320.10, 309629, 458, 0, 0
1110, 118, 60, 70, 0, 0, 13.52%, 0, 0, 3, 31.73, 310867, 458, 0, 0
1115, 119, 50, 70, 0, 0, 13.52%, 0, 0, 3, 294.40, 312499, 458, 0, 0
1120, 120, 22, 70, 0, 0, 13.52%, 0, 0, 3, 286.54, 313689, 458, 0, 0
1125, 121, 21, 70, 0, 0, 13.52%, 0, 0, 3, 311.54, 315335, 458, 0, 0
1130, 121, 62, 70, 0, 0, 13.52%, 0, 0, 3, 318.29, 316505, 458, 0, 0
1135, 122, 11, 70, 0, 0, 13.52%, 0, 0, 3, 31.19, 317756, 458, 0, 0
1140, 123, 4, 70, 0, 0, 13.52%, 0, 0, 3, 300.80, 319340, 458, 0, 0
1145, 123, 50, 70, 0, 0, 13.52%, 0, 0, 3, 272.00, 320520, 458, 0, 0
1151, 124, 18, 70, 0, 0, 13.52%, 0, 0, 3, 312.22, 322193, 458, 0, 0
1156, 124, 53, 70, 0, 0, 13.52%, 0, 0, 3, 327.40, 323424, 458, 0, 0
1161, 125, 24, 70, 0, 0, 13.52%, 0, 0, 3, 30.37, 324686, 458, 0, 0
1166, 126, 11, 70, 0, 0, 13.52%, 0, 0, 3, 291.85, 326236, 458, 0, 0
1171, 126, 50, 70, 0, 0, 13.52%, 0, 0, 3, 313.63, 327436, 458, 0, 0
1176, 127, 45, 70, 0, 0, 13.52%, 0, 0, 3, 319.98, 329054, 458, 0, 0
1181, 128, 11, 70, 0, 0, 13.52%, 0, 0, 3, 306.18, 330249, 458, 0, 0
1186, 128, 53, 70, 0, 0, 13.52%, 0, 0, 3, 31.47, 331665, 458, 0, 0
1191, 129, 38, 70, 0, 0, 13.52%, 0, 0, 3, 278.90, 333102, 458, 0, 0
1196, 130, 11, 70, 0, 0, 13.52%, 0, 0, 3, 254.29, 334275, 458, 0, 0
1202, 130, 59, 70, 0, 0, 13.52%, 0, 0, 3, 309.21, 335957, 458, 0, 0
1207, 131, 31, 70, 0, 0, 13.52%, 0, 0, 3, 290.61, 337152, 458, 0, 0
1212, 132, 24, 70, 0, 0, 13.52%, 0, 0, 3, 31.25, 338598, 458, 0, 0
1217, 132, 63, 70, 0, 0, 13.52%, 0, 0, 3, 323.56, 339988, 458, 0, 0
1222, 133, 30, 70, 0, 0, 13.52%, 0, 0, 3, 313.87, 341186, 458, 0, 0
1227, 133, 69, 70, 0, 0, 13.52%, 0, 0, 3, 321.14, 342856, 458, 0, 0
1232, 134, 42, 70, 0, 0, 13.52%, 0, 0, 3, 252.53, 344054, 458, 0, 0
1237, 135, 21, 70, 0, 0, 13.52%, 0, 0, 3, 57.14, 345668, 458, 0, 0
1242, 135, 51, 70, 0, 0, 13.52%, 0, 0, 3, 319.07, 346949, 458, 0, 0
1248, 136, 25, 70, 0, 0, 13.52%, 0, 0, 3, 329.29, 348173, 458, 0, 0
1253, 137, 21, 70, 0, 0, 13.52%, 0, 0, 3, 318.31, 349758, 458, 0, 0
1258, 137, 58, 70, 0, 0, 13.52%, 0, 0, 3, 281.75, 350957, 458, 0, 0
1263, 138, 53, 70, 0, 0, 13.52%, 0, 0, 3, 301.60, 352612, 458, 0, 0
1268, 139, 30, 70, 0, 0, 13.52%, 0, 0, 3, 323.80, 353858, 458, 0, 0
1273, 139, 69, 70, 0, 0, 13.52%, 0, 0, 3, 31.40, 355058, 458, 0, 0
1278, 140, 48, 70, 0, 0, 13.52%, 0, 0, 3, 301.42, 356706, 458, 0, 0
1284, 141, 25, 70, 0, 0, 13.52%, 0, 0, 3, 238.54, 357912, 458, 0, 0
1289, 142, 4, 70, 0, 0, 13.52%, 0, 0, 3, 307.20, 359588, 458, 0, 0
1294, 142, 45, 70, 0, 0, 13.52%, 0, 0, 3, 295.13, 360762, 458, 0, 0
1299, 143, 26, 70, 0, 0, 13.52%, 0, 0, 3, 38.33, 362101, 458, 0, 0
1304, 143, 69, 70, 0, 0, 13.52%, 0, 0, 3, 286.87, 363592, 458, 0, 0
1309, 144, 42, 70, 0, 0, 13.52%, 0, 0, 3, 317.27, 364805, 458, 0, 0
1314, 145, 29, 70, 0, 0, 13.52%, 0, 0, 3, 321.02, 366423, 458, 0, 0
1319, 145, 61, 70, 0, 0, 13.52%, 0, 0, 3, 321.78, 367645, 458, 0, 0
1324, 146, 25, 70, 0, 0, 13.52%, 0, 0, 3, 31.36, 368926, 458, 0, 0
1330, 146, 69, 70, 0, 0, 13.52%, 0, 0, 3, 290.54, 370492, 458, 0, 0
1335, 147, 42, 70, 0, 0, 13.52%, 0, 0, 3, 262.11, 371692, 458, 0, 0
1340, 147, 66, 70, 0, 0, 13.52%, 0, 0, 3, 311.05, 373349, 458, 0, 0
1345, 148, 25, 70, 0, 0, 13.52%, 0, 0, 3, 316.79, 374544, 458, 0, 0
1350, 149, 4, 70, 0, 0, 13.52%, 0, 0, 3, 31.09, 375841, 458, 0, 0
1355, 149, 58, 70, 0, 0, 13.52%, 0, 0, 3, 306.61, 377362, 458, 0, 0
1360, 150, 32, 70, 0, 0, 13.52%, 0, 0, 3, 321.49, 378614, 458, 0, 0
1365, 151, 25, 70, 0, 0, 13.52%, 0, 0, 3, 323.48, 380232, 458, 0, 0
1370, 152, 2, 70, 0, 0, 13.52%, 0, 0, 3, 317.24, 381426, 458, 0, 0
1375, 152, 42, 70, 0, 0, 13.52%, 0, 0, 3, 31.88, 382743, 458, 0, 0
1380, 153, 26, 70, 0, 0, 13.52%, 0, 0, 3, 315.84, 384228, 458, 0, 0
1385, 153, 69, 70, 0, 0, 13.52%, 0, 0, 3, 210.18, 385408, 458, 0, 0
1391, 154, 58, 70, 0, 0, 13.52%, 0, 0, 3, 299.76, 387069, 458, 0, 0
1396, 155, 42, 70, 0, 0, 13.52%, 0, 0, 3, 323.37, 388303, 458, 0, 0
1401, 156, 4, 70, 0, 0, 13.52%, 0, 0, 3, 31.40, 389522, 458, 0, 0
1406, 156, 61, 70, 0, 0, 13.52%, 0, 0, 3, 307.64, 391184, 458, 0, 0
1411, 157, 21, 70, 0, 0, 13.52%, 0, 0, 3, 240.87, 392376, 458, 0, 0
1416, 158, 21, 70, 0, 0, 13.52%, 0, 0, 3, 306.35, 394046, 458, 0, 0
1421, 158, 62, 70, 0, 0, 13.52%, 0, 0, 3, 318.42, 395216, 458, 0, 0
1426, 159, 25, 70, 0, 0, 13.52%, 0, 0, 3, 31.29, 396530, 458, 0, 0
1432, 160, 2, 70, 0, 0, 13.52%, 0, 0, 3, 320.98, 398022, 458, 0, 0
1437, 160, 48, 70, 0, 0, 13.52%, 0, 0, 3, 233.76, 399268, 458, 0, 0
1442, 161, 44, 70, 0, 0, 13.52%, 0, 0, 3, 303.85, 400928, 458, 0, 0
1447, 162, 11, 70, 0, 0, 13.52%, 0, 0, 3, 264.07, 402119, 458, 0, 0
1452, 162, 58, 70, 0, 0, 13.52%, 0, 0, 3, 31.36, 403470, 458, 0, 0
1457, 163, 30, 70, 0, 0, 13.52%, 0, 0, 3, 320.09, 404964, 458, 0, 0
1462, 164, 1, 70, 0, 0, 13.52%, 0, 0, 3, 261.74, 406169, 458, 0, 0
1467, 164, 50, 70, 0, 0, 13.52%, 0, 0, 3, 310.71, 407803, 458, 0, 0
1472, 165, 26, 70, 0, 0, 13.52%, 0, 0, 3, 322.32, 409000, 458, 0, 0
1478, 166, 21, 70, 0, 0, 13.52%, 0, 0, 3, 30.53, 410534, 458, 0, 0
1483, 166, 62, 70, 0, 0, 13.52%, 0, 0, 3, 316.32, 411922, 458, 0, 0
1488, 167, 26, 70, 0, 0, 13.52%, 0, 0, 3, 299.69, 413129, 458, 0, 0
1493, 167, 65, 70, 0, 0, 13.52%, 0, 0, 3, 315.16, 414782, 458, 0, 0
1498, 168, 40, 70, 0, 0, 13.52%, 0, 0, 3, 320.49, 415988, 458, 0, 0
1503, 169, 29, 70, 0, 0, 13.52%, 0, 0, 3, 308.43, 417570, 458, 0, 0
1508, 170, 11, 70, 0, 0, 13.52%, 0, 0, 3, 319.72, 418864, 458, 0, 0
1513, 170, 50, 70, 0, 0, 13.52%, 0, 0, 3, 232.67, 420075, 458, 0, 0
1519, 171, 26, 70, 0, 0, 13.52%, 0, 0, 3, 306.49, 421740, 458, 0, 0
1524, 171, 63, 70, 0, 0, 13.52%, 0, 0, 3, 284.03, 422964, 458, 0, 0
1529, 172, 45, 70, 0, 0, 13.52%, 0, 0, 3, 314.95, 424588, 458, 0, 0
1534, 172, 65, 70, 0, 0, 13.52%, 0, 0, 3, 321.36, 425768, 458, 0, 0
1539, 173, 45, 70, 0, 0, 13.52%, 0, 0, 3, 30.46, 427136, 458, 0, 0
1544, 174, 31, 70, 0, 0, 13.52%, 0, 0, 3, 319.97, 428628, 458, 0, 0
1549, 175, 21, 70, 0, 0, 13.52%, 0, 0, 3, 210.97, 429816, 458, 0, 0
1554, 175, 69, 70, 0, 0, 13.52%, 0, 0, 3, 295.87, 431449, 458, 0, 0
1559, 176, 42, 70, 0, 0, 13.52%, 0, 0, 3, 325.40, 432628, 458, 0, 0
1564, 177, 12, 70, 0, 0, 13.52%, 0, 0, 3, 315.15, 434270, 458, 0, 0
1570, 177, 50, 70, 0, 0, 13.52%, 0, 0, 3, 299.17, 435564, 458, 0, 0
1575, 178, 25, 70, 0, 0, 13.52%, 0, 0, 3, 242.89, 436764, 458, 0, 0
1580, 179, 25, 70, 0, 0, 13.52%, 0, 0, 3, 307.38, 438440, 458, 0, 0
1585, 179, 64, 70, 0, 0, 13.52%, 0, 0, 3, 259.90, 439639, 458, 0, 0
1590, 180, 31, 70, 0, 0, 13.52%, 0, 0, 3, 310.37, 441270, 458, 0, 0
1595, 180, 67, 70, 0, 0, 13.52%, 0, 0, 3, 326.77, 442470, 458, 0, 0
1600, 181, 45, 70, 0, 0, 13.52%, 0, 0, 3, 31.26, 443876, 458, 0, 0
1605, 182, 30, 70, 0, 0, 13.52%, 0, 0, 3, 300.12, 445329, 458, 0, 0
1610, 183, 2, 70, 0, 0, 13.52%, 0, 0, 3, 335.07, 446544, 458, 0, 0
1616, 183, 62, 70, 0, 0, 13.52%, 0, 0, 3, 323.38, 448208, 458, 0, 0
1621, 184, 9, 70, 0, 0, 13.52%, 0, 0, 3, 331.69, 449450, 458, 0, 0
1626, 184, 68, 70, 0, 0, 13.52%, 0, 0, 3, 320.63, 451044, 458, 0, 0
1631, 185, 30, 70, 0, 0, 13.52%, 0, 0, 3, 278.84, 452234, 458, 0, 0
1636, 186, 2, 70, 0, 0, 13.52%, 0, 0, 3, 31.43, 453560, 458, 0, 0
1641, 186, 58, 70, 0, 0, 13.52%, 0, 0, 3, 320.65, 455053, 458, 0, 0
1646, 187, 25, 70, 0, 0, 13.52%, 0, 0, 3, 320.94, 456260, 458, 0, 0
1651, 187, 68, 70, 0, 0, 13.52%, 0, 0, 3, 319.48, 457914, 458, 0, 0
1656, 188, 42, 70, 0, 0, 13.52%, 0, 0, 3, 326.20, 459097, 458, 0, 0
1661, 189, 15, 70, 0, 0, 13.52%, 0, 0, 3, 323.66, 460767, 458, 0, 0
1666, 189, 48, 70, 0, 0, 13.52%, 0, 0, 3, 325.89, 461953, 458, 0, 0
1671, 190, 26, 70, 0, 0, 13.52%, 0, 0, 3, 31.28, 463372, 458, 0, 0
1677, 191, 11, 70, 0, 0, 13.52%, 0, 0, 3, 321.80, 464801, 458, 0, 0
1682, 191, 53, 70, 0, 0, 13.52%, 0, 0, 3, 327.91, 466023, 458, 0, 0
1687, 192, 30, 70, 0, 0, 13.52%, 0, 0, 3, 320.16, 467653, 458, 0, 0
1692, 193, 11, 70, 0, 0, 13.52%, 0, 0, 3, 321.89, 468871, 458, 0, 0
1697, 194, 3, 70, 0, 0, 13.52%, 0, 0, 3, 321.29, 470535, 458, 0, 0
1702, 194, 48, 70, 0, 0, 13.52%, 0, 0, 3, 312.25, 471759, 458, 0, 0
1707, 195, 25, 70, 0, 0, 13.52%, 0, 0, 3, 30.92, 473080, 458, 0, 0
1713, 196, 2, 70, 0, 0, 13.52%, 0, 0, 3, 309.46, 474671, 458, 0, 0
1718, 196, 50, 70, 0, 0, 13.52%, 0, 0, 3, 325.24, 475904, 458, 0, 0
1723, 197, 42, 70, 0, 0, 13.52%, 0, 0, 3, 316.23, 477540, 458, 0, 0
1728, 197, 69, 70, 0, 0, 13.52%, 0, 0, 3, 290.63, 478740, 458, 0, 0
1733, 198, 58, 70, 0, 0, 13.52%, 0, 0, 3, 311.56, 480370, 458, 0, 0
1738, 199, 31, 70, 0, 0, 13.52%, 0, 0, 3, 327.68, 481615, 458, 0, 0
1744, 200, 11, 70, 0, 0, 13.52%, 0, 0, 3, 31.17, 482849, 458, 0, 0
1749, 201, 4, 70, 0, 0, 13.52%, 0, 0, 3, 297.73, 484465, 458, 0, 0
1754, 201, 50, 70, 0, 0, 13.52%, 0, 0, 3, 314.94, 485672, 458, 0, 0
1759, 202, 45, 70, 0, 0, 13.52%, 0, 0, 3, 312.63, 487284, 458, 0, 0
1764, 203, 2, 70, 0, 0, 13.52%, 0, 0, 3, 317.68, 488502, 458, 0, 0
1769, 203, 53, 70, 0, 0, 13.52%, 0, 0, 3, 312.94, 490101, 458, 0, 0
1774, 204, 30, 70, 0, 0, 13.52%, 0, 0, 3, 320.31, 491371, 458, 0, 0
1779, 205, 4, 70, 0, 0, 13.52%, 0, 0, 3, 31.54, 492546, 458, 0, 0
1785, 206, 2, 70, 0, 0, 13.52%, 0, 0, 3, 321.84, 494216, 458, 0, 0
1790, 206, 50, 70, 0, 0, 13.52%, 0, 0, 3, 301.00, 495425, 458, 0, 0
1795, 207, 30, 70, 0, 0, 13.52%, 0, 0, 3, 315.01, 497028, 458, 0, 0
1800, 208, 2, 70, 0, 0, 13.52%, 0, 0, 3, 306.30, 498240, 458, 0, 0
1805, 208, 53, 70, 0, 0, 13.52%, 0, 0, 3, 31.10, 499635, 458, 0, 0
1810, 209, 31, 70, 0, 0, 13.52%, 0, 0, 3, 309.29, 501046, 458, 0, 0
1815, 210, 11, 70, 0, 0, 13.52%, 0, 0, 3, 301.37, 502246, 458, 0, 0
1820, 210, 62, 70, 0, 0, 13.52%, 0, 0, 3, 316.80, 503916, 458, 0, 0
1825, 211, 42, 70, 0, 0, 13.52%, 0, 0, 3, 327.54, 505146, 458, 0, 0
1831, 212, 23, 70, 0, 0, 13.52%, 0, 0, 3, 322.32, 506816, 458, 0, 0
1836, 212, 53, 70, 0, 0, 13.52%, 0, 0, 3, 280.07, 508010, 458, 0, 0
1841, 213, 25, 70, 0, 0, 13.52%, 0, 0, 3, 30.55, 509271, 458, 0, 0
1846, 214, 11, 70, 0, 0, 13.52%, 0, 0, 3, 310.54, 510803, 458, 0, 0
1851, 214, 53, 70, 0, 0, 13.52%, 0, 0, 3, 313.86, 512022, 458, 0, 0
1856, 215, 11, 70, 0, 0, 13.52%, 0, 0, 3, 317.13, 513608, 458, 0, 0
1861, 215, 58, 70, 0, 0, 13.52%, 0, 0, 3, 319.43, 514844, 458, 0, 0
1867, 216, 50, 70, 0, 0, 13.52%, 0, 0, 3, 307.54, 516480, 458, 0, 0
1872, 217, 13, 70, 0, 0, 13.52%, 0, 0, 3, 302.94, 517756, 458, 0, 0
1877, 217, 53, 70, 0, 0, 13.52%, 0, 0, 3, 295.23, 518935, 458, 0, 0
1882, 218, 45, 70, 0, 0, 13.52%, 0, 0, 3, 318.21, 520556, 458, 0, 0
1887, 219, 24, 70, 0, 0, 13.52%, 0, 0, 3, 326.73, 521745, 458, 0, 0
1892, 220, 4, 70, 0, 0, 13.52%, 0, 0, 3, 321.93, 523351, 458, 0, 0
1897, 220, 48, 70, 0, 0, 13.52%, 0, 0, 3, 325.91, 524581, 458, 0, 0
1902, 221, 26, 70, 0, 0, 13.52%, 0, 0, 3, 31.25, 525970, 458, 0, 0
1907, 222, 4, 70, 0, 0, 13.52%, 0, 0, 3, 309.34, 527366, 458, 0, 0
1912, 222, 45, 70, 0, 0, 13.52%, 0, 0, 3, 268.66, 528545, 458, 0, 0
1917, 223, 26, 70, 0, 0, 13.52%, 0, 0, 3, 309.22, 530196, 458, 0, 0
1922, 224, 2, 70, 0, 0, 13.52%, 0, 0, 3, 322.00, 531396, 458, 0, 0
1928, 224, 61, 70, 0, 0, 13.52%, 0, 0, 3, 319.34, 533064, 458, 0, 0
1933, 225, 11, 70, 0, 0, 13.52%, 0, 0, 3, 313.68, 534277, 458, 0, 0
1938, 225, 62, 70, 0, 0, 13.52%, 0, 0, 3, 309.92, 535871, 458, 0, 0
1943, 226, 42, 70, 0, 0, 13.52%, 0, 0, 3, 319.74, 537119, 458, 0, 0
1948, 227, 4, 70, 0, 0, 13.52%, 0, 0, 3, 41.14, 538348, 458, 0, 0
1953, 227, 58, 70, 0, 0, 13.52%, 0, 0, 3, 318.04, 539958, 458, 0, 0
1958, 228, 34, 70, 0, 0, 13.52%, 0, 0, 3, 236.48, 541160, 458, 0, 0
1963, 229, 27, 70, 0, 0, 13.52%, 0, 0, 3, 305.74, 542812, 458, 0, 0
1968, 230, 2, 70, 0, 0, 13.52%, 0, 0, 3, 276.85, 544001, 458, 0, 0
1974, 230, 63, 70, 0, 0, 13.52%, 0, 0, 3, 310.11, 545636, 458, 0, 0
1979, 231, 30, 70, 0, 0, 13.52%, 0, 0, 3, 311.91, 546864, 458, 0, 0
1984, 232, 24, 70, 0, 0, 13.52%, 0, 0, 3, 31.50, 548301, 458, 0, 0
1989, 233, 2, 70, 0, 0, 13.52%, 0, 0, 3, 273.72, 549641, 458, 0, 0
1994, 233, 50, 70, 0, 0, 13.52%, 0, 0, 3, 30.49, 550907, 458, 0, 0
1999, 234, 42, 70, 0, 0, 13.52%, 0, 0, 3, 319.11, 552452, 458, 0, 0
2004, 235, 24, 70, 0, 0, 13.52%, 0, 0, 3, 323.29, 553664, 458, 0, 0
2009, 236, 21, 70, 0, 0, 13.52%, 0, 0, 3, 322.71, 555282, 458, 0, 0
2014, 236, 53, 70, 0, 0, 13.52%, 0, 0, 3, 299.62, 556466, 458, 0, 0
2019, 237, 48, 70, 0, 0, 13.52%, 0, 0, 3, 317.07, 558134, 458, 0, 0
2024, 238, 24, 70, 0, 0, 13.52%, 0, 0, 3, 245.11, 559336, 458, 0, 0
2030, 239, 2, 70, 0, 0, 13.52%, 0, 0, 3, 31.25, 560841, 458, 0, 0
2035, 239, 53, 70, 0, 0, 13.52%, 0, 0, 3, 295.95, 562186, 458, 0, 0
2040, 240, 30, 70, 0, 0, 13.52%, 0, 0, 3, 31.50, 563439, 458, 0, 0
2045, 241, 26, 70, 0, 0, 13.52%, 0, 0, 3, 322.38, 565027, 458, 0, 0
2050, 241, 62, 70, 0, 0, 13.52%, 0, 0, 3, 251.07, 566218, 458, 0, 0
2055, 242, 45, 70, 0, 0, 13.52%, 0, 0, 3, 310.73, 567902, 458, 0, 0
2060, 243, 2, 70, 0, 0, 13.52%, 0, 0, 3, 286.98, 569116, 458, 0, 0
2065, 243, 60, 70, 0, 0, 13.52%, 0, 0, 3, 314.54, 570776, 458, 0, 0
2071, 244, 26, 70, 0, 0, 13.52%, 0, 0, 3, 327.42, 572008, 458, 0, 0
2076, 245, 2, 70, 0, 0, 13.52%, 0, 0, 3, 309.66, 573638, 458, 0, 0
2081, 245, 50, 70, 0, 0, 13.52%, 0, 0, 3, 323.77, 574908, 458, 0, 0
2086, 246, 30, 70, 0, 0, 13.52%, 0, 0, 3, 31.19, 576171, 458, 0, 0
2091, 246, 69, 70, 0, 0, 13.52%, 0, 0, 3, 288.32, 577791, 458, 0, 0
2096, 247, 42, 70, 0, 0, 13.52%, 0, 0, 3, 317.20, 578996, 458, 0, 0
2101, 248, 25, 70, 0, 0, 13.52%, 0, 0, 3, 320.56, 580662, 458, 0, 0
2107, 248, 68, 70, 0, 0, 13.52%, 0, 0, 3, 323.04, 581904, 458, 0, 0
2112, 249, 45, 70, 0, 0, 13.52%, 0, 0, 3, 322.10, 583531, 458, 0, 0
2117, 250, 4, 70, 0, 0, 13.52%, 0, 0, 3, 261.32, 584761, 458, 0, 0
2122, 250, 58, 70, 0, 0, 13.52%, 0, 0, 3, 307.39, 586431, 458, 0, 0
2127, 251, 26, 70, 0, 0, 13.52%, 0, 0, 3, 304.63, 587683, 458, 0, 0
2132, 252, 4, 70, 0, 0, 13.52%, 0, 0, 3, 31.03, 589043, 458, 0, 0
2137, 252, 58, 70, 0, 0, 13.52%, 0, 0, 3, 324.69, 590546, 458, 0, 0
2142, 253, 30, 70, 0, 0, 13.52%, 0, 0, 3, 313.65, 591746, 458, 0, 0
2148, 254, 25, 70, 0, 0, 13.52%, 0, 0, 3, 317.61, 593394, 458, 0, 0
2153, 254, 53, 70, 0, 0, 13.52%, 0, 0, 3, 316.64, 594576, 458, 0, 0
2158, 255, 48, 70, 0, 0, 13.52%, 0, 0, 3, 317.45, 596170, 458, 0, 0
2163, 255, 64, 70, 0, 0, 13.52%, 0, 0, 3, 298.67, 597361, 458, 0, 0
2168, 256, 45, 70, 0, 0, 13.52%, 0, 0, 3, 318.31, 598994, 458, 0, 0
2173, 257, 21, 70, 0, 0, 13.52%, 0, 0, 3, 279.11, 600191, 458, 0, 0
2178, 258, 4, 70, 0, 0, 13.52%, 0, 0, 3, 296.78, 601745, 458, 0, 0
2183, 258, 48, 70, 0, 0, 13.52%, 0, 0, 3, 319.12, 603008, 458, 0, 0
2188, 259, 30, 70, 0, 0, 13.52%, 0, 0, 3, 34.19, 604446, 458, 0, 0
2193, 260, 5, 70, 0, 0, 13.52%, 0, 0, 3, 299.51, 605821, 458, 0, 0
2198, 260, 50, 70, 0, 0, 13.52%, 0, 0, 3, 30.29, 607047, 458, 0, 0
2204, 261, 48, 70, 0, 0, 13.52%, 0, 0, 3, 307.58, 608690, 458, 0, 0
2209, 262, 25, 70, 0, 0, 13.52%, 0, 0, 3, 323.00, 609902, 458, 0, 0
2214, 263, 17, 70, 0, 0, 13.52%, 0, 0, 3, 323.47, 611520, 458, 0, 0
2219, 263, 48, 70, 0, 0, 13.52%, 0, 0, 3, 248.31, 612734, 458, 0, 0
2224, 264, 31, 70, 0, 0, 13.52%, 0, 0, 3, 31.79, 614261, 458, 0, 0
2229, 265, 21, 70, 0, 0, 13.52%, 0, 0, 3, 310.41, 615559, 458, 0, 0
2234, 265, 48, 70, 0, 0, 13.52%, 0, 0, 3, 328.09, 616637, 458, 0, 0
2239, 266, 24, 70, 0, 0, 13.52%, 0, 0, 3, 31.58, 618090, 458, 0, 0
2244, 266, 62, 70, 0, 0, 13.52%, 0, 0, 3, 307.83, 619306, 458, 0, 0
2249, 267, 31, 70, 0, 0, 13.52%, 0, 0, 3, 328.88, 620452, 458, 0, 0
2255, 267, 69, 70, 0, 0, 13.52%, 0, 0, 3, 260.88, 621436, 458, 0, 0
2260, 268, 31, 70, 0, 0, 13.52%, 0, 0, 3, 31.36, 622415, 458, 0, 0
2265, 269, 4, 70, 0, 0, 13.52%, 0, 0, 3, 30.40, 623788, 458, 0, 0
2270, 269, 45, 70, 0, 0, 13.52%, 0, 0, 3, 318.59, 624846, 458, 0, 0
2275, 270, 4, 70, 0, 0, 13.52%, 0, 0, 3, 318.44, 625712, 458, 0, 0
2280, 270, 45, 70, 0, 0, 13.52%, 0, 0, 3, 30.76, 626516, 458, 0, 0
2285, 271, 1, 70, 0, 0, 13.52%, 0, 0, 3, 31.18, 627750, 458, 0, 0
2290, 271, 45, 70, 0, 0, 13.52%, 0, 0, 3, 31.55, 628951, 458, 0, 0
2295, 271, 60, 70, 0, 0, 13.52%, 0, 0, 3, 263.68, 629931, 458, 0, 0
2301, 272, 21, 70, 0, 0, 13.52%, 0, 0, 3, 312.54, 630663, 458, 0, 0
2306, 272, 45, 70, 0, 0, 13.52%, 0, 0, 3, 278.61, 631484, 458, 0, 0
2311, 272, 69, 70, 0, 0, 13.52%, 0, 0, 3, 31.23, 632438, 458, 0, 0
2316, 273, 30, 70, 0, 0, 13.52%, 0, 0, 3, 31.48, 633431, 458, 0, 0
2321, 274, 2, 70, 0, 0, 13.52%, 0, 0, 3, 31.50, 634458, 458, 0, 0
2326, 274, 42, 70, 0, 0, 13.52%, 0, 0, 3, 300.61, 635451, 458, 0, 0
2331, 274, 62, 70, 0, 0, 13.52%, 0, 0, 3, 255.98, 636171, 458, 0, 0
2336, 275, 25, 70, 0, 0, 13.52%, 0, 0, 3, 340.16, 636881, 458, 0, 0
2341, 275, 51, 70, 0, 0, 13.52%, 0, 0, 3, 37.69, 637680, 458, 0, 0
2347, 276, 21, 70, 0, 0, 13.52%, 0, 0, 3, 31.16, 638645, 458, 0, 0
2352, 276, 48, 70, 0, 0, 13.52%, 0, 0, 3, 31.34, 639572, 458, 0, 0
2357, 277, 12, 70, 0, 0, 13.52%, 0, 0, 3, 31.87, 640516, 458, 0, 0
2362, 277, 30, 70, 0, 0, 13.52%, 0, 0, 3, 309.45, 641220, 458, 0, 0
2367, 277, 58, 70, 0, 0, 13.52%, 0, 0, 3, 318.08, 641920, 458, 0, 0
2372, 278, 21, 70, 0, 0, 13.52%, 0, 0, 3, 32.10, 642555, 458, 0, 0
2377, 278, 53, 70, 0, 0, 13.52%, 0, 0, 3, 31.28, 643476, 458, 0, 0
2382, 279, 23, 70, 0, 0, 13.52%, 0, 0, 3, 30.44, 644405, 458, 0, 0
2387, 279, 45, 70, 0, 0, 13.52%, 0, 0, 3, 30.53, 645320, 458, 0, 0
2392, 279, 65, 70, 0, 0, 13.52%, 0, 0, 3, 325.18, 646152, 458, 0, 0
2397, 280, 11, 70, 0, 0, 13.52%, 0, 0, 3, 327.46, 646726, 458, 0, 0
2402, 280, 31, 70, 0, 0, 13.52%, 0, 0, 3, 326.56, 647438, 458, 0, 0
2407, 280, 62, 70, 0, 0, 13.52%, 0, 0, 3, 31.06, 648209, 458, 0, 0
2412, 281, 25, 70, 0, 0, 13.52%, 0, 0, 3, 31.55, 649128, 458, 0, 0
2417, 281, 49, 70, 0, 0, 13.52%, 0, 0, 3, 31.50, 650009, 458, 0, 0
2423, 282, 2, 70, 0, 0, 13.52%, 0, 0, 3, 308.20, 650872, 458, 0, 0
2428, 282, 26, 70, 0, 0, 13.52%, 0, 0, 3, 298.55, 651616, 458, 0, 0
2433, 282, 45, 70, 0, 0, 13.52%, 0, 0, 3, 312.95, 652156, 458, 0, 0
2438, 283, 2, 70, 0, 0, 13.52%, 0, 0, 3, 34.20, 652804, 458, 0, 0
2443, 283, 30, 70, 0, 0, 13.52%, 0, 0, 3, 31.59, 653642, 458, 0, 0
2448, 283, 69, 70, 0, 0, 13.52%, 0, 0, 3, 37.31, 654497, 458, 0, 0
2454, 284, 30, 70, 0, 0, 13.52%, 0, 0, 3, 30.90, 655383, 458, 0, 0
2459, 284, 62, 70, 0, 0, 13.52%, 0, 0, 3, 50.00, 656231, 458, 0, 0
2464, 285, 26, 70, 0, 0, 13.52%, 0, 0, 3, 320.43, 656972, 458, 0, 0
2469, 285, 45, 70, 0, 0, 13.52%, 0, 0, 3, 325.25, 657520, 458, 0, 0
2474, 285, 60, 70, 0, 0, 13.52%, 0, 0, 3, 318.41, 658164, 458, 0, 0
2479, 286, 11, 70, 0, 0, 13.52%, 0, 0, 3, 43.97, 658933, 458, 0, 0
2485, 286, 48, 70, 0, 0, 13.52%, 0, 0, 3, 41.71, 659781, 458, 0, 0
2490, 287, 11, 70, 0, 0, 13.52%, 0, 0, 3, 306.13, 660684, 458, 0, 0
2495, 287, 31, 70, 0, 0, 13.52%, 0, 0, 3, 329.20, 661278, 458, 0, 0
2500, 287, 50, 70, 0, 0, 13.52%, 0, 0, 3, 31.37, 661755, 458, 0, 0
2505, 288, 21, 70, 0, 0, 13.52%, 0, 0, 3, 45.60, 662665, 458, 0, 0
2510, 288, 48, 70, 0, 0, 13.52%, 0, 0, 3, 31.10, 663564, 458, 0, 0
2515, 289, 2, 70, 0, 0, 13.52%, 0, 0, 3, 319.50, 664262, 458, 0, 0
2520, 289, 24, 70, 0, 0, 13.52%, 0, 0, 3, 165.14, 664702, 458, 0, 0
2526, 289, 45, 70, 0, 0, 13.52%, 0, 0, 3, 31.35, 665511, 458, 0, 0
2531, 290, 11, 70, 0, 0, 13.52%, 0, 0, 3, 30.55, 666409, 458, 0, 0
2536, 290, 45, 70, 0, 0, 13.52%, 0, 0, 3, 321.53, 667244, 458, 0, 0
2541, 290, 62, 70, 0, 0, 13.52%, 0, 0, 3, 313.95, 667726, 458, 0, 0
2546, 291, 11, 70, 0, 0, 13.52%, 0, 0, 3, 32.62, 668319, 458, 0, 0
2551, 291, 48, 70, 0, 0, 13.52%, 0, 0, 3, 30.71, 669169, 458, 0, 0
2556, 292, 2, 70, 0, 0, 13.52%, 0, 0, 3, 31.76, 670025, 458, 0, 0
2561, 292, 26, 70, 0, 0, 13.52%, 0, 0, 3, 313.53, 670732, 458, 0, 0
2566, 292, 48, 70, 0, 0, 13.52%, 0, 0, 3, 329.51, 671220, 458, 0, 0
2572, 293, 2, 70, 0, 0, 13.52%, 0, 0, 3, 31.42, 671949, 458, 0, 0
2577, 293, 30, 70, 0, 0, 13.52%, 0, 0, 3, 30.54, 672810, 458, 0, 0
2582, 293, 62, 70, 0, 0, 13.52%, 0, 0, 3, 31.33, 673652, 458, 0, 0
2587, 294, 21, 70, 0, 0, 13.52%, 0, 0, 3, 323.88, 674350, 458, 0, 0
2592, 294, 31, 70, 0, 0, 13.52%, 0, 0, 3, 318.73, 674850, 458, 0, 0
2597, 294, 62, 70, 0, 0, 13.52%, 0, 0, 3, 30.81, 675534, 458, 0, 0
2602, 295, 26, 70, 0, 0, 13.52%, 0, 0, 3, 33.18, 676394, 458, 0, 0
2607, 295, 58, 70, 0, 0, 13.52%, 0, 0, 3, 31.41, 677245, 458, 0, 0
2613, 296, 25, 70, 0, 0, 13.52%, 0, 0, 3, 314.53, 678062, 458, 0, 0
2618, 296, 48, 70, 0, 0, 13.52%, 0, 0, 3, 221.90, 678594, 458, 0, 0
2623, 296, 69, 70, 0, 0, 13.52%, 0, 0, 3, 338.31, 679158, 458, 0, 0
2628, 297, 26, 70, 0, 0, 13.52%, 0, 0, 3, 31.78, 679910, 458, 0, 0
2633, 297, 58, 70, 0, 0, 13.52%, 0, 0, 3, 30.51, 680734, 458, 0, 0
2638, 298, 26, 70, 0, 0, 13.52%, 0, 0, 3, 31.42, 681566, 458, 0, 0
2643, 298, 50, 70, 0, 0, 13.52%, 0, 0, 3, 31.33, 682384, 458, 0, 0
2648, 299, 4, 70, 0, 0, 13.52%, 0, 0, 3, 303.58, 683084, 458, 0, 0
2653, 299, 25, 70, 0, 0, 13.52%, 0, 0, 3, 267.36, 683621, 458, 0, 0
2658, 299, 42, 70, 0, 0, 13.52%, 0, 0, 3, 30.58, 684194, 458, 0, 0
2663, 299, 61, 70, 0, 0, 13.52%, 0, 0, 3, 30.90, 685027, 458, 0, 0
2668, 300, 11, 70, 0, 0, 13.52%, 0, 0, 3, 31.63, 685831, 458, 0, 0
2674, 300, 36, 70, 0, 0, 13.52%, 0, 0, 3, 31.30, 686661, 458, 0, 0
2679, 300, 67, 70, 0, 0, 13.52%, 0, 0, 3, 31.41, 687471, 458, 0, 0
2684, 301, 25, 70, 0, 0, 13.52%, 0, 0, 3, 301.93, 688219, 458, 0, 0
2689, 301, 45, 70, 0, 0, 13.52%, 0, 0, 3, 283.14, 688686, 458, 0, 0
2694, 301, 61, 70, 0, 0, 13.52%, 0, 0, 3, 30.81, 689284, 458, 0, 0
2699, 302, 21, 70, 0, 0, 13.52%, 0, 0, 3, 35.11, 690053, 458, 0, 0
2704, 302, 42, 70, 0, 0, 13.52%, 0, 0, 3, 48.77, 690810, 458, 0, 0
2710, 302, 64, 70, 0, 0, 13.52%, 0, 0, 3, 31.63, 691647, 458, 0, 0
2715, 303, 24, 70, 0, 0, 13.52%, 0, 0, 3, 315.35, 692488, 458, 0, 0
2720, 303, 45, 70, 0, 0, 13.52%, 0, 0, 3, 226.54, 693156, 458, 0, 0
2725, 303, 53, 70, 0, 0, 13.52%, 0, 0, 3, 320.22, 693576, 458, 0, 0
2730, 304, 11, 70, 0, 0, 13.52%, 0, 0, 3, 31.26, 694289, 458, 0, 0
2735, 304, 45, 70, 0, 0, 13.52%, 0, 0, 3, 30.96, 695180, 458, 0, 0
2741, 304, 64, 70, 0, 0, 13.52%, 0, 0, 3, 324.23, 696014, 458, 0, 0
2746, 305, 2, 70, 0, 0, 13.52%, 0, 0, 3, 316.23, 696382, 458, 0, 0
2751, 305, 25, 70, 0, 0, 13.52%, 0, 0, 3, 31.19, 697066, 458, 0, 0
2756, 305, 55, 70, 0, 0, 13.52%, 0, 0, 3, 31.50, 697935, 458, 0, 0
2761, 306, 24, 70, 0, 0, 13.52%, 0, 0, 3, 308.65, 698822, 458, 0, 0
2766, 306, 37, 70, 0, 0, 13.52%, 0, 0, 3, 233.32, 699320, 458, 0, 0
2771, 306, 50, 70, 0, 0, 13.52%, 0, 0, 3, 31.50, 699833, 458, 0, 0
2776, 307, 21, 70, 0, 0, 13.52%, 0, 0, 3, 31.75, 700703, 458, 0, 0
2782, 307, 50, 70, 0, 0, 13.52%, 0, 0, 3, 30.98, 701560, 458, 0, 0
2787, 308, 11, 70, 0, 0, 13.52%, 0, 0, 3, 319.43, 702388, 458, 0, 0
2792, 308, 24, 70, 0, 0, 13.52%, 0, 0, 3, 323.26, 702806, 458, 0, 0
2797, 308, 45, 70, 0, 0, 13.52%, 0, 0, 3, 31.08, 703425, 458, 0, 0
2802, 309, 4, 70, 0, 0, 13.52%, 0, 0, 3, 48.87, 704307, 458, 0, 0
2807, 309, 42, 70, 0, 0, 13.52%, 0, 0, 3, 30.46, 705140, 458, 0, 0
2812, 309, 62, 70, 0, 0, 13.52%, 0, 0, 3, 326.10, 705840, 458, 0, 0
2817, 310, 6, 70, 0, 0, 13.52%, 0, 0, 3, 262.20, 706296, 458, 0, 0
2823, 310, 30, 70, 0, 0, 13.52%, 0, 0, 3, 31.42, 707010, 458, 0, 0
2828, 310, 69, 70, 0, 0, 13.52%, 0, 0, 3, 30.30, 707838, 458, 0, 0
2833, 311, 26, 70, 0, 0, 13.52%, 0, 0, 3, 30.60, 708698, 458, 0, 0
2838, 311, 50, 70, 0, 0, 13.52%, 0, 0, 3, 237.10, 709300, 458, 0, 0
2843, 312, 2, 70, 0, 0, 13.52%, 0, 0, 3, 321.94, 709834, 458, 0, 0
2848, 312, 21, 70, 0, 0, 13.52%, 0, 0, 3, 30.91, 710431, 458, 0, 0
2853, 312, 45, 70, 0, 0, 13.52%, 0, 0, 3, 31.30, 711243, 458, 0, 0
2858, 312, 69, 70, 0, 0, 13.52%, 0, 0, 3, 31.47, 712010, 458, 0, 0
2863, 313, 30, 70, 0, 0, 13.52%, 0, 0, 3, 31.45, 712803, 458, 0, 0
2868, 313, 55, 70, 0, 0, 13.52%, 0, 0, 3, 321.81, 713564, 458, 0, 0
2874, 314, 3, 70, 0, 0, 13.52%, 0, 0, 3, 319.07, 714100, 458, 0, 0
2879, 314, 21, 70, 0, 0, 13.52%, 0, 0, 3, 318.41, 714609, 458, 0, 0
2884, 314, 48, 70, 0, 0, 13.52%, 0, 0, 3, 30.59, 715365, 458, 0, 0
2889, 314, 62, 70, 0, 0, 13.52%, 0, 0, 3, 31.06, 716161, 458, 0, 0
2894, 315, 25, 70, 0, 0, 13.52%, 0, 0, 3, 31.71, 716967, 458, 0, 0
2899, 315, 53, 70, 0, 0, 13.52%, 0, 0, 3, 31.41, 717758, 458, 0, 0
2904, 315, 61, 70, 0, 0, 13.52%, 0, 0, 3, 316.04, 718394, 458, 0, 0
2909, 315, 69, 70, 0, 0, 13.52%, 0, 0, 3, 315.35, 718900, 458, 0, 0
2914, 316, 23, 70, 0, 0, 13.52%, 0, 0, 3, 38.06, 719498, 458, 0, 0
2919, 316, 48, 70, 0, 0, 13.52%, 0, 0, 3, 30.74, 720284, 458, 0, 0
2924, 317, 11, 70, 0, 0, 13.52%, 0, 0, 3, 30.49, 721093, 458, 0, 0
2929, 317, 36, 70, 0, 0, 13.52%, 0, 0, 3, 31.75, 721853, 458, 0, 0
2934, 317, 58, 70, 0, 0, 13.52%, 0, 0, 3, 315.14, 722652, 458, 0, 0
2939, 318, 11, 70, 0, 0, 13.52%, 0, 0, 3, 261.19, 723146, 458, 0, 0
2944, 318, 26, 70, 0, 0, 13.52%, 0, 0, 3, 35.45, 723615, 458, 0, 0
2950, 318, 52, 70, 0, 0, 13.52%, 0, 0, 3, 34.70, 724477, 458, 0, 0
2955, 319, 21, 70, 0, 0, 13.52%, 0, 0, 3, 30.46, 725334, 458, 0, 0
2960, 319, 31, 70, 0, 0, 13.52%, 0, 0, 3, 326.99, 725921, 458, 0, 0
2965, 319, 50, 70, 0, 0, 13.52%, 0, 0, 3, 39.94, 726396, 458, 0, 0
2970, 320, 24, 70, 0, 0, 13.52%, 0, 0, 3, 46.94, 727294, 458, 0, 0
2975, 320, 48, 70, 0, 0, 13.52%, 0, 0, 3, 31.50, 728156, 458, 0, 0
2980, 320, 65, 70, 0, 0, 13.52%, 0, 0, 3, 317.04, 728656, 458, 0, 0
2985, 321, 2, 70, 0, 0, 13.52%, 0, 0, 3, 29.94, 729165, 458, 0, 0
2990, 321, 31, 70, 0, 0, 13.52%, 0, 0, 3, 31.74, 730004, 458, 0, 0
2995, 321, 64, 70, 0, 0, 13.52%, 0, 0, 3, 50.22, 730877, 458, 0, 0
3000, 322, 11, 70, 0, 0, 13.52%, 0, 0, 3, 262.70, 731541, 458, 0, 0
3005, 322, 25, 70, 0, 0, 13.52%, 0, 0, 3, 305.42, 731935, 458, 0, 0
3011, 322, 50, 70, 0, 0, 13.52%, 0, 0, 3, 31.41, 732739, 458, 0, 0
3016, 322, 63, 70, 0, 0, 13.52%, 0, 0, 3, 30.98, 733557, 458, 0, 0
3021, 323, 26, 70, 0, 0, 13.52%, 0, 0, 3, 31.50, 734441, 458, 0, 0
3026, 323, 48, 70, 0, 0, 13.52%, 0, 0, 3, 289.19, 735011, 458, 0, 0
3031, 323, 58, 70, 0, 0, 13.52%, 0, 0, 3, 182.24, 735525, 458, 0, 0
3036, 324, 24, 70, 0, 0, 13.52%, 0, 0, 3, 31.46, 736321, 458, 0, 0
3041, 324, 50, 70, 0, 0, 13.52%, 0, 0, 3, 31.62, 737151, 458, 0, 0
3047, 325, 15, 70, 0, 0, 13.52%, 0, 0, 3, 31.25, 737996, 458, 0, 0
3052, 325, 30, 70, 0, 0, 13.52%, 0, 0, 3, 326.03, 738601, 458, 0, 0
3057, 325, 50, 70, 0, 0, 13.52%, 0, 0, 3, 234.87, 739105, 458, 0, 0
3062, 326, 2, 70, 0, 0, 13.52%, 0, 0, 3, 31.38, 739807, 458, 0, 0
3067, 326, 26, 70, 0, 0, 13.52%, 0, 0, 3, 31.42, 740621, 458, 0, 0
3072, 326, 58, 70, 0, 0, 13.52%, 0, 0, 3, 31.27, 741434, 458, 0, 0
3077, 327, 11, 70, 0, 0, 13.52%, 0, 0, 3, 31.25, 742265, 458, 0, 0
3082, 327, 31, 70, 0, 0, 13.52%, 0, 0, 3, 302.55, 742889, 458, 0, 0
3088, 327, 48, 70, 0, 0, 13.52%, 0, 0, 3, 258.71, 743320, 458, 0, 0
3093, 328, 4, 70, 0, 0, 13.52%, 0, 0, 3, 31.66, 744108, 458, 0, 0
3098, 328, 42, 70, 0, 0, 13.52%, 0, 0, 3, 30.53, 744894, 458, 0, 0
3103, 329, 2, 70, 0, 0, 13.52%, 0, 0, 3, 30.95, 745685, 458, 0, 0
3108, 329, 31, 70, 0, 0, 13.52%, 0, 0, 3, 278.21, 746496, 458, 0, 0
3113, 329, 53, 70, 0, 0, 13.52%, 0, 0, 3, 224.74, 747092, 458, 0, 0
3118, 330, 2, 70, 0, 0, 13.52%, 0, 0, 3, 263.08, 747611, 458, 0, 0
3123, 330, 26, 70, 0, 0, 13.52%, 0, 0, 3, 31.56, 748272, 458, 0, 0
3128, 330, 69, 70, 0, 0, 13.52%, 0, 0, 3, 294.21, 749851, 458, 0, 0
3133, 331, 57, 70, 0, 0, 13.52%, 0, 0, 3, 316.71, 751464, 458, 0, 0
3138, 332, 30, 70, 0, 0, 13.52%, 0, 0, 3, 317.93, 753112, 458, 0, 0
3143, 333, 11, 70, 0, 0, 13.52%, 0, 0, 3, 304.34, 754646, 458, 0, 0
3148, 333, 58, 70, 0, 0, 13.52%, 0, 0, 3, 284.80, 755986, 458, 0, 0
3154, 334, 45, 70, 0, 0, 13.52%, 0, 0, 3, 296.13, 757491, 458, 0, 0
3159, 335, 22, 70, 0, 0, 13.52%, 0, 0, 3, 299.97, 759052, 458, 0, 0
3164, 336, 2, 70, 0, 0, 13.52%, 0, 0, 3, 300.72, 760570, 458, 0, 0
3169, 336, 48, 70, 0, 0, 13.52%, 0, 0, 3, 269.36, 761941, 458, 0, 0
3174, 337, 21, 70, 0, 0, 13.52%, 0, 0, 3, 310.82, 763276, 458, 0, 0
3179, 338, 4, 70, 0, 0, 13.52%, 0, 0, 3, 304.23, 764806, 458, 0, 0
3184, 338, 59, 70, 0, 0, 13.52%, 0, 0, 3, 301.92, 766332, 458, 0, 0
3189, 339, 45, 70, 0, 0, 13.52%, 0, 0, 3, 299.01, 767852, 458, 0, 0
3194, 340, 25, 70, 0, 0, 13.52%, 0, 0, 3, 263.99, 769196, 458, 0, 0
3199, 341, 24, 70, 0, 0, 13.52%, 0, 0, 3, 299.65, 770791, 458, 0, 0
3204, 341, 66, 70, 0, 0, 13.52%, 0, 0, 3, 307.70, 772408, 458, 0, 0
3210, 342, 45, 70, 0, 0, 13.52%, 0, 0, 3, 311.26, 774028, 458, 0, 0
3215, 343, 25, 70, 0, 0, 13.52%, 0, 0, 3, 298.74, 775552, 458, 0, 0
3220, 344, 6, 70, 0, 0, 13.52%, 0, 0, 3, 305.21, 777058, 458, 0, 0
3225, 345, 2, 70, 0, 0, 13.52%, 0, 0, 3, 308.02, 778664, 458, 0, 0
3230, 345, 58, 70, 0, 0, 13.52%, 0, 0, 3, 307.61, 780206, 458, 0, 0
3235, 346, 53, 70, 0, 0, 13.52%, 0, 0, 3, 312.58, 781821, 458, 0, 0
3240, 347, 25, 70, 0, 0, 13.52%, 0, 0, 3, 305.76, 783339, 458, 0, 0
3245, 347, 69, 70, 0, 0, 13.52%, 0, 0, 3, 314.44, 784927, 458, 0, 0
3251, 348, 58, 70, 0, 0, 13.52%, 0, 0, 3, 313.40, 786563, 458, 0, 0
3256, 349, 30, 70, 0, 0, 13.52%, 0, 0, 3, 313.36, 788190, 458, 0, 0
3261, 350, 24, 70, 0, 0, 13.52%, 0, 0, 3, 304.43, 789703, 458, 0, 0
3266, 351, 4, 70, 0, 0, 13.52%, 0, 0, 3, 311.40, 791191, 458, 0, 0
3271, 351, 53, 70, 0, 0, 13.52%, 0, 0, 3, 312.41, 792757, 458, 0, 0
3276, 352, 45, 70, 0, 0, 13.52%, 0, 0, 3, 315.42, 794387, 458, 0, 0
3281, 353, 16, 70, 0, 0, 13.52%, 0, 0, 3, 305.40, 795915, 458, 0, 0
3286, 354, 2, 70, 0, 0, 13.52%, 0, 0, 3, 315.61, 797545, 458, 0, 0
3292, 354, 58, 70, 0, 0, 13.52%, 0, 0, 3, 313.35, 799175, 458, 0, 0
3297, 355, 31, 70, 0, 0, 13.52%, 0, 0, 3, 312.73, 800797, 458, 0, 0
3302, 356, 2, 70, 0, 0, 13.52%, 0, 0, 3, 293.90, 802276, 458, 0, 0
3307, 356, 53, 70, 0, 0, 13.52%, 0, 0, 3, 296.53, 803862, 458, 0, 0
3312, 357, 50, 70, 0, 0, 13.52%, 0, 0, 3, 311.06, 805490, 458, 0, 0
3318, 358, 25, 70, 0, 0, 13.52%, 0, 0, 3, 312.10, 807114, 458, 0, 0
3323, 359, 4, 70, 0, 0, 13.52%, 0, 0, 3, 300.71, 808621, 458, 0, 0
3328, 359, 69, 70, 0, 0, 13.52%, 0, 0, 3, 312.69, 810262, 458, 0, 0
3333, 360, 53, 70, 0, 0, 13.52%, 0, 0, 3, 314.64, 811896, 458, 0, 0
3338, 361, 25, 70, 0, 0, 13.52%, 0, 0, 3, 310.27, 813496, 458, 0, 0
3343, 361, 60, 70, 0, 0, 13.52%, 0, 0, 3, 296.15, 815001, 458, 0, 0
3349, 362, 42, 70, 0, 0, 13.52%, 0, 0, 3, 311.83, 816628, 458, 0, 0
3354, 363, 24, 70, 0, 0, 13.52%, 0, 0, 3, 312.54, 818244, 458, 0, 0
3359, 364, 11, 70, 0, 0, 13.52%, 0, 0, 3, 312.17, 819862, 458, 0, 0
3364, 364, 58, 70, 0, 0, 13.52%, 0, 0, 3, 298.84, 821391, 458, 0, 0
3369, 365, 31, 70, 0, 0, 13.52%, 0, 0, 3, 317.00, 822478, 458, 0, 0
3374, 366, 11, 70, 0, 0, 13.52%, 0, 0, 3, 31.35, 823908, 458, 0, 0
3379, 366, 58, 70, 0, 0, 13.52%, 0, 0, 3, 315.24, 825313, 458, 0, 0
3385, 367, 48, 70, 0, 0, 13.52%, 0, 0, 3, 319.33, 826971, 458, 0, 0
3390, 368, 24, 70, 0, 0, 13.52%, 0, 0, 3, 325.62, 828213, 458, 0, 0
3395, 369, 11, 70, 0, 0, 13.52%, 0, 0, 3, 322.29, 829831, 458, 0, 0
3400, 369, 69, 70, 0, 0, 13.52%, 0, 0, 3, 321.04, 831437, 458, 0, 0
3405, 370, 45, 70, 0, 0, 13.52%, 0, 0, 3, 325.91, 832689, 458, 0, 0
3410, 371, 21, 70, 0, 0, 13.52%, 0, 0, 3, 321.57, 834347, 458, 0, 0
3415, 371, 53, 70, 0, 0, 13.52%, 0, 0, 3, 241.38, 835567, 458, 0, 0
3420, 372, 31, 70, 0, 0, 13.52%, 0, 0, 3, 301.09, 837171, 458, 0, 0
3425, 373, 24, 70, 0, 0, 13.52%, 0, 0, 3, 319.03, 838841, 458, 0, 0
3431, 373, 62, 70, 0, 0, 13.52%, 0, 0, 3, 308.11, 840065, 458, 0, 0
3436, 374, 45, 70, 0, 0, 13.52%, 0, 0, 3, 320.28, 841737, 458, 0, 0
3441, 375, 24, 70, 0, 0, 13.52%, 0, 0, 3, 291.25, 842971, 458, 0, 0
3446, 375, 61, 70, 0, 0, 13.52%, 0, 0, 3, 315.33, 844631, 458, 0, 0
3451, 376, 33, 70, 0, 0, 13.52%, 0, 0, 3, 320.29, 845877, 458, 0, 0
3456, 377, 4, 70, 0, 0, 13.52%, 0, 0, 3, 315.05, 847507, 458, 0, 0
3461, 377, 50, 70, 0, 0, 13.52%, 0, 0, 3, 31.26, 848908, 458, 0, 0
3466, 378, 40, 70, 0, 0, 13.52%, 0, 0, 3, 320.03, 850331, 458, 0, 0
3471, 379, 24, 70, 0, 0, 13.52%, 0, 0, 3, 320.93, 851937, 458, 0, 0
3477, 379, 58, 70, 0, 0, 13.52%, 0, 0, 3, 318.30, 853140, 458, 0, 0
3482, 380, 52, 70, 0, 0, 13.52%, 0, 0, 3, 319.57, 854747, 458, 0, 0
3487, 381, 11, 70, 0, 0, 13.52%, 0, 0, 3, 324.67, 855959, 458, 0, 0
3492, 381, 65, 70, 0, 0, 13.52%, 0, 0, 3, 316.16, 857591, 458, 0, 0
3497, 382, 42, 70, 0, 0, 13.52%, 0, 0, 3, 210.29, 858805, 458, 0, 0
3502, 383, 26, 70, 0, 0, 13.52%, 0, 0, 3, 299.17, 860466, 458, 0, 0
3507, 384, 4, 70, 0, 0, 13.52%, 0, 0, 3, 39.45, 861822, 458, 0, 0
3512, 384, 62, 70, 0, 0, 13.52%, 0, 0, 3, 302.77, 863337, 458, 0, 0
3517, 385, 35, 70, 0, 0, 13.52%, 0, 0, 3, 313.27, 864970, 458, 0, 0
3523, 386, 16, 70, 0, 0, 13.52%, 0, 0, 3, 314.98, 866200, 458, 0, 0
3528, 386, 66, 70, 0, 0, 13.52%, 0, 0, 3, 317.22, 867850, 458, 0, 0
3533, 387, 37, 70, 0, 0, 13.52%, 0, 0, 3, 324.34, 869106, 458, 0, 0
3538, 388, 25, 70, 0, 0, 13.52%, 0, 0, 3, 322.33, 870715, 458, 0, 0
3543, 389, 2, 70, 0, 0, 13.52%, 0, 0, 3, 257.57, 871936, 458, 0, 0
3548, 389, 50, 70, 0, 0, 13.52%, 0, 0, 3, 309.78, 873594, 458, 0, 0
3553, 390, 26, 70, 0, 0, 13.52%, 0, 0, 3, 323.97, 874806, 458, 0, 0
3558, 391, 11, 70, 0, 0, 13.52%, 0, 0, 3, 324.34, 876451, 458, 0, 0
3563, 391, 53, 70, 0, 0, 13.52%, 0, 0, 3, 293.06, 877656, 458, 0, 0
3568, 392, 48, 70, 0, 0, 13.52%, 0, 0, 3, 315.44, 879297, 458, 0, 0
3574, 393, 24, 70, 0, 0, 13.52%, 0, 0, 3, 236.17, 880523, 458, 0, 0
3579, 394, 4, 70, 0, 0, 13.52%, 0, 0, 3, 305.98, 882187, 458, 0, 0
3584, 394, 58, 70, 0, 0, 13.52%, 0, 0, 3, 33.68, 883437, 458, 0, 0
3589, 395, 42, 70, 0, 0, 13.52%, 0, 0, 3, 321.19, 885057, 458, 0, 0
3594, 396, 13, 70, 0, 0, 13.52%, 0, 0, 3, 53.31, 886291, 458, 0, 0
3599, 397, 4, 70, 0, 0, 13.52%, 0, 0, 3, 321.34, 887932, 458, 0, 0
3604, 397, 54, 70, 0, 0, 13.52%, 0, 0, 3, 31.16, 889293, 458, 0, 0
3609, 398, 26, 70, 0, 0, 13.52%, 0, 0, 3, 319.39, 890844, 458, 0, 0
3614, 398, 67, 70, 0, 0, 13.52%, 0, 0, 3, 30.51, 892179, 458, 0, 0
3620, 399, 44, 70, 0, 0, 13.52%, 0, 0, 3, 313.39, 893662, 458, 0, 0
3625, 400, 4, 70, 0, 0, 13.52%, 0, 0, 3, 31.70, 895063, 458, 0, 0
3630, 400, 45, 70, 0, 0, 13.52%, 0, 0, 3, 325.65, 896507, 458, 0, 0
3635, 401, 28, 70, 0, 0, 13.52%, 0, 0, 3, 31.41, 897931, 458, 0, 0
3640, 402, 11, 70, 0, 0, 13.52%, 0, 0, 3, 289.59, 899391, 458, 0, 0
3645, 402, 58, 70, 0, 0, 13.52%, 0, 0, 3, 31.43, 900807, 458, 0, 0
3650, 403, 31, 70, 0, 0, 13.52%, 0, 0, 3, 318.88, 902288, 458, 0, 0
3655, 404, 12, 70, 0, 0, 13.52%, 0, 0, 3, 316.87, 903858, 458, 0, 0
3660, 404, 53, 70, 0, 0, 13.52%, 0, 0, 3, 275.08, 905076, 458, 0, 0
3666, 405, 41, 70, 0, 0, 13.52%, 0, 0, 3, 294.83, 906612, 458, 0, 0
3671, 406, 21, 70, 0, 0, 13.52%, 0, 0, 3, 320.83, 907906, 458, 0, 0
3676, 407, 4, 70, 0, 0, 13.52%, 0, 0, 3, 311.36, 909500, 458, 0, 0
3681, 407, 58, 70, 0, 0, 13.52%, 0, 0, 3, 323.10, 910815, 458, 0, 0
3686, 408, 45, 70, 0, 0, 13.52%, 0, 0, 3, 300.23, 912357, 458, 0, 0
3691, 409, 4, 70, 0, 0, 13.52%, 0, 0, 3, 322.24, 913615, 458, 0, 0
3696, 409, 50, 70, 0, 0, 13.52%, 0, 0, 3, 31.66, 915087, 458, 0, 0
3701, 410, 31, 70, 0, 0, 13.52%, 0, 0, 3, 307.35, 916414, 458, 0, 0
3706, 411, 20, 70, 0, 0, 13.52%, 0, 0, 3, 50.92, 917840, 458, 0, 0
3712, 411, 69, 70, 0, 0, 13.52%, 0, 0, 3, 300.27, 919291, 458, 0, 0
3717, 412, 50, 70, 0, 0, 13.52%, 0, 0, 3, 31.74, 920721, 458, 0, 0
3722, 413, 31, 70, 0, 0, 13.52%, 0, 0, 3, 289.38, 922126, 458, 0, 0
3727, 414, 13, 70, 0, 0, 13.52%, 0, 0, 3, 30.38, 923545, 458, 0, 0
3732, 414, 69, 70, 0, 0, 13.52%, 0, 0, 3, 295.96, 924986, 458, 0, 0
3737, 415, 31, 70, 0, 0, 13.52%, 0, 0, 3, 305.98, 926078, 458, 0, 0
3742, 416, 16, 70, 0, 0, 13.52%, 0, 0, 3, 30.59, 927515, 458, 0, 0
3747, 416, 59, 70, 0, 0, 13.52%, 0, 0, 3, 277.94, 928776, 458, 0, 0
3752, 417, 24, 70, 0, 0, 13.52%, 0, 0, 3, 269.58, 929841, 458, 0, 0
3758, 417, 58, 70, 0, 0, 13.52%, 0, 0, 3, 326.52, 930944, 458, 0, 0
3763, 418, 30, 70, 0, 0, 13.52%, 0, 0, 3, 31.29, 931933, 458, 0, 0
3768, 419, 24, 70, 0, 0, 13.52%, 0, 0, 3, 284.96, 933421, 458, 0, 0
3773, 419, 58, 70, 0, 0, 13.52%, 0, 0, 3, 305.82, 934402, 458, 0, 0
3778, 420, 24, 70, 0, 0, 13.52%, 0, 0, 3, 294.45, 935241, 458, 0, 0
3783, 420, 58, 70, 0, 0, 13.52%, 0, 0, 3, 31.49, 936379, 458, 0, 0
3788, 421, 31, 70, 0, 0, 13.52%, 0, 0, 3, 312.55, 937638, 458, 0, 0
3793, 421, 58, 70, 0, 0, 13.52%, 0, 0, 3, 321.16, 938426, 458, 0, 0
3798, 422, 21, 70, 0, 0, 13.52%, 0, 0, 3, 226.49, 939202, 458, 0, 0
3803, 422, 51, 70, 0, 0, 13.52%, 0, 0, 3, 31.67, 940280, 458, 0, 0
3809, 422, 62, 70, 0, 0, 13.52%, 0, 0, 3, 31.55, 941386, 458, 0, 0
3814, 423, 31, 70, 0, 0, 13.52%, 0, 0, 3, 288.52, 942431, 458, 0, 0
3819, 423, 69, 70, 0, 0, 13.52%, 0, 0, 3, 307.20, 943284, 458, 0, 0
3824, 424, 26, 70, 0, 0, 13.52%, 0, 0, 3, 248.24, 944065, 458, 0, 0
3829, 424, 50, 70, 0, 0, 13.52%, 0, 0, 3, 321.60, 944796, 458, 0, 0
3834, 425, 24, 70, 0, 0, 13.52%, 0, 0, 3, 31.53, 945684, 458, 0, 0
3839, 425, 50, 70, 0, 0, 13.52%, 0, 0, 3, 31.48, 946714, 458, 0, 0
3844, 426, 23, 70, 0, 0, 13.52%, 0, 0, 3, 31.72, 947679, 458, 0, 0
3849, 426, 53, 70, 0, 0, 13.52%, 0, 0, 3, 323.19, 948672, 458, 0, 0
3854, 427, 3, 70, 0, 0, 13.52%, 0, 0, 3, 313.11, 949326, 458, 0, 0
3859, 427, 30, 70, 0, 0, 13.52%, 0, 0, 3, 324.90, 950050, 458, 0, 0
3864, 427, 54, 70, 0, 0, 13.52%, 0, 0, 3, 31.67, 950779, 458, 0, 0
3870, 428, 4, 70, 0, 0, 13.52%, 0, 0, 3, 31.65, 951753, 458, 0, 0
3875, 428, 45, 70, 0, 0, 13.52%, 0, 0, 3, 31.28, 952703, 458, 0, 0
3880, 429, 2, 70, 0, 0, 13.52%, 0, 0, 3, 325.53, 953587, 458, 0, 0
3885, 429, 30, 70, 0, 0, 13.52%, 0, 0, 3, 255.37, 954211, 458, 0, 0
3890, 429, 53, 70, 0, 0, 13.52%, 0, 0, 3, 301.98, 954815, 458, 0, 0
3895, 429, 63, 70, 0, 0, 13.52%, 0, 0, 3, 38.12, 955707, 458, 0, 0
3900, 430, 26, 70, 0, 0, 13.52%, 0, 0, 3, 31.08, 956649, 458, 0, 0
3905, 430, 62, 70, 0, 0, 13.52%, 0, 0, 3, 31.75, 957569, 458, 0, 0
3911, 431, 30, 70, 0, 0, 13.52%, 0, 0, 3, 323.15, 958421, 458, 0, 0
3916, 431, 50, 70, 0, 0, 13.52%, 0, 0, 3, 324.88, 959039, 458, 0, 0
3921, 431, 59, 70, 0, 0, 13.52%, 0, 0, 3, 264.06, 959631, 458, 0, 0
3926, 432, 25, 70, 0, 0, 13.52%, 0, 0, 3, 31.09, 960443, 458, 0, 0
3931, 432, 53, 70, 0, 0, 13.52%, 0, 0, 3, 31.38, 961324, 458, 0, 0
3936, 433, 21, 70, 0, 0, 13.52%, 0, 0, 3, 31.82, 962196, 458, 0, 0
3941, 433, 42, 70, 0, 0, 13.52%, 0, 0, 3, 30.49, 963041, 458, 0, 0
3946, 433, 62, 70, 0, 0, 13.52%, 0, 0, 3, 286.46, 963776, 458, 0, 0
3952, 434, 11, 70, 0, 0, 13.52%, 0, 0, 3, 326.10, 964366, 458, 0, 0
3957, 434, 30, 70, 0, 0, 13.52%, 0, 0, 3, 318.41, 964966, 458, 0, 0
3962, 434, 58, 70, 0, 0, 13.52%, 0, 0, 3, 31.69, 965766, 458, 0, 0
3967, 435, 21, 70, 0, 0, 13.52%, 0, 0, 3, 40.89, 966610, 458, 0, 0
3972, 435, 50, 70, 0, 0, 13.52%, 0, 0, 3, 31.26, 967486, 458, 0, 0
3977, 436, 20, 70, 0, 0, 13.52%, 0, 0, 3, 31.37, 968318, 458, 0, 0
3982, 436, 31, 70, 0, 0, 13.52%, 0, 0, 3, 316.31, 968962, 458, 0, 0
3987, 436, 58, 70, 0, 0, 13.52%, 0, 0, 3, 326.09, 969556, 458, 0, 0
3992, 437, 11, 70, 0, 0, 13.52%, 0, 0, 3, 320.34, 970238, 458, 0, 0
3997, 437, 31, 70, 0, 0, 13.52%, 0, 0, 3, 31.47, 970961, 458, 0, 0
4002, 437, 63, 70, 0, 0, 13.52%, 0, 0, 3, 31.71, 971790, 458, 0, 0
4007, 438, 25, 70, 0, 0, 13.52%, 0, 0, 3, 31.30, 972647, 458, 0, 0
4013, 438, 58, 70, 0, 0, 13.52%, 0, 0, 3, 308.07, 973472, 458, 0, 0
4018, 439, 11, 70, 0, 0, 13.52%, 0, 0, 3, 239.12, 974030, 458, 0, 0
4023, 439, 27, 70, 0, 0, 13.52%, 0, 0, 3, 31.54, 974526, 458, 0, 0
4028, 439, 53, 70, 0, 0, 13.52%, 0, 0, 3, 31.35, 975463, 458, 0, 0
4033, 440, 11, 70, 0, 0, 13.52%, 0, 0, 3, 37.80, 976376, 458, 0, 0
4038, 440, 30, 70, 0, 0, 13.52%, 0, 0, 3, 274.46, 976896, 458, 0, 0
4043, 440, 50, 70, 0, 0, 13.52%, 0, 0, 3, 31.68, 977411, 458, 0, 0
4048, 441, 21, 70, 0, 0, 13.52%, 0, 0, 3, 30.53, 978318, 458, 0, 0
4054, 441, 50, 70, 0, 0, 13.52%, 0, 0, 3, 45.54, 979216, 458, 0, 0
4059, 442, 4, 70, 0, 0, 13.52%, 0, 0, 3, 259.13, 979961, 458, 0, 0
4064, 442, 26, 70, 0, 0, 13.52%, 0, 0, 3, 320.43, 980420, 458, 0, 0
4069, 442, 50, 70, 0, 0, 13.52%, 0, 0, 3, 31.47, 981149, 458, 0, 0
4074, 443, 21, 70, 0, 0, 13.52%, 0, 0, 3, 30.48, 982028, 458, 0, 0
4079, 443, 50, 70, 0, 0, 13.52%, 0, 0, 3, 55.08, 982885, 458, 0, 0
4084, 444, 4, 70, 0, 0, 13.52%, 0, 0, 3, 321.52, 983532, 458, 0, 0
4090, 444, 26, 70, 0, 0, 13.52%, 0, 0, 3, 275.86, 983970, 458, 0, 0
4095, 444, 48, 70, 0, 0, 13.52%, 0, 0, 3, 30.42, 984806, 458, 0, 0
4100, 445, 21, 70, 0, 0, 13.52%, 0, 0, 3, 49.61, 985694, 458, 0, 0
4105, 445, 48, 70, 0, 0, 13.52%, 0, 0, 3, 309.17, 986537, 458, 0, 0
4110, 446, 2, 70, 0, 0, 13.52%, 0, 0, 3, 319.39, 987125, 458, 0, 0
4115, 446, 24, 70, 0, 0, 13.52%, 0, 0, 3, 30.85, 987558, 458, 0, 0
4120, 446, 48, 70, 0, 0, 13.52%, 0, 0, 3, 31.05, 988433, 458, 0, 0
4125, 447, 11, 70, 0, 0, 13.52%, 0, 0, 3, 30.79, 989284, 458, 0, 0
4131, 447, 42, 70, 0, 0, 13.52%, 0, 0, 3, 316.29, 990115, 458, 0, 0
4136, 447, 50, 70, 0, 0, 13.52%, 0, 0, 3, 207.32, 990646, 458, 0, 0
4141, 447, 69, 70, 0, 0, 13.52%, 0, 0, 3, 31.64, 991146, 458, 0, 0
4146, 448, 21, 70, 0, 0, 13.52%, 0, 0, 3, 31.20, 991953, 458, 0, 0
4151, 448, 48, 70, 0, 0, 13.52%, 0, 0, 3, 36.79, 992767, 458, 0, 0
4156, 448, 69, 70, 0, 0, 13.52%, 0, 0, 3, 31.58, 993556, 458, 0, 0
4161, 449, 30, 70, 0, 0, 13.52%, 0, 0, 3, 328.78, 994296, 458, 0, 0
4167, 449, 48, 70, 0, 0, 13.52%, 0, 0, 3, 254.93, 994851, 458, 0, 0
4172, 449, 69, 70, 0, 0, 13.52%, 0, 0, 3, 326.73, 995429, 458, 0, 0
4177, 450, 30, 70, 0, 0, 13.52%, 0, 0, 3, 30.99, 996149, 458, 0, 0
4182, 450, 53, 70, 0, 0, 13.52%, 0, 0, 3, 31.32, 996961, 458, 0, 0
4187, 451, 20, 70, 0, 0, 13.52%, 0, 0, 3, 30.99, 997709, 458, 0, 0
4192, 451, 45, 70, 0, 0, 13.52%, 0, 0, 3, 31.25, 998461, 458, 0, 0
4197, 451, 69, 70, 0, 0, 13.52%, 0, 0, 3, 324.84, 999152, 458, 0, 0
4202, 452, 24, 70, 0, 0, 13.52%, 0, 0, 3, 326.78, 999676, 458, 0, 0
4207, 452, 45, 70, 0, 0, 13.52%, 0, 0, 3, 323.38, 1000270, 458, 0, 0
4212, 452, 69, 70, 0, 0, 13.52%, 0, 0, 3, 31.56, 1001019, 458, 0, 0
4218, 453, 26, 70, 0, 0, 13.52%, 0, 0, 3, 31.57, 1001807, 458, 0, 0
4223, 453, 50, 70, 0, 0, 13.52%, 0, 0, 3, 30.42, 1002604, 458, 0, 0
4228, 453, 63, 70, 0, 0, 13.52%, 0, 0, 3, 303.03, 1003382, 458, 0, 0
4233, 454, 21, 70, 0, 0, 13.52%, 0, 0, 3, 324.62, 1003958, 458, 0, 0
4238, 454, 30, 70, 0, 0, 13.52%, 0, 0, 3, 266.79, 1004481, 458, 0, 0
4243, 454, 53, 70, 0, 0, 13.52%, 0, 0, 3, 31.62, 1005199, 458, 0, 0
4248, 455, 21, 70, 0, 0, 13.52%, 0, 0, 3, 30.75, 1006086, 458, 0, 0
4253, 455, 48, 70, 0, 0, 13.52%, 0, 0, 3, 262.43, 1006951, 458, 0, 0
4258, 455, 62, 70, 0, 0, 13.52%, 0, 0, 3, 238.17, 1007400, 458, 0, 0
4264, 456, 24, 70, 0, 0, 13.52%, 0, 0, 3, 30.58, 1007991, 458, 0, 0
4269, 456, 50, 70, 0, 0, 13.52%, 0, 0, 3, 30.65, 1008872, 458, 0, 0
4274, 457, 11, 70, 0, 0, 13.52%, 0, 0, 3, 31.50, 1009738, 458, 0, 0
4279, 457, 26, 70, 0, 0, 13.52%, 0, 0, 3, 279.04, 1010298, 458, 0, 0
4284, 457, 48, 70, 0, 0, 13.52%, 0, 0, 3, 30.72, 1010750, 458, 0, 0
4289, 458, 8, 70, 0, 0, 13.52%, 0, 0, 3, 31.03, 1011634, 458, 0, 0
4294, 458, 42, 70, 0, 0, 13.52%, 0, 0, 3, 31.57, 1012506, 458, 0, 0
4300, 458, 62, 70, 0, 0, 13.52%, 0, 0, 3, 280.42, 1013253, 458, 0, 0
4305, 459, 10, 70, 0, 0, 13.52%, 0, 0, 3, 247.27, 1013716, 458, 0, 0
4310, 459, 30, 70, 0, 0, 13.52%, 0, 0, 3, 31.53, 1014365, 458, 0, 0
4315, 459, 62, 70, 0, 0, 13.52%, 0, 0, 3, 31.43, 1015209, 458, 0, 0
4320, 460, 26, 70, 0, 0, 13.52%, 0, 0, 3, 30.53, 1016092, 458, 0, 0
4325, 460, 45, 70, 0, 0, 13.52%, 0, 0, 3, 259.73, 1016653, 458, 0, 0
4330, 460, 58, 70, 0, 0, 13.52%, 0, 0, 3, 31.30, 1017110, 458, 0, 0
4335, 461, 26, 70, 0, 0, 13.52%, 0, 0, 3, 31.61, 1017952, 458, 0, 0
4341, 461, 55, 70, 0, 0, 13.52%, 0, 0, 3, 30.89, 1018803, 458, 0, 0
4346, 462, 18, 70, 0, 0, 13.52%, 0, 0, 3, 30.54, 1019622, 458, 0, 0
4351, 462, 31, 70, 0, 0, 13.52%, 0, 0, 3, 313.89, 1020261, 458, 0, 0
4356, 462, 45, 70, 0, 0, 13.52%, 0, 0, 3, 30.84, 1020643, 458, 0, 0
4361, 462, 69, 70, 0, 0, 13.52%, 0, 0, 3, 31.21, 1021452, 458, 0, 0
4366, 463, 30, 70, 0, 0, 13.52%, 0, 0, 3, 46.24, 1022315, 458, 0, 0
4371, 463, 58, 70, 0, 0, 13.52%, 0, 0, 3, 31.85, 1023118, 458, 0, 0
4376, 464, 22, 70, 0, 0, 13.52%, 0, 0, 3, 312.49, 1023827, 458, 0, 0
4381, 464, 42, 70, 0, 0, 13.52%, 0, 0, 3, 324.99, 1024379, 458, 0, 0
4387, 464, 58, 70, 0, 0, 13.52%, 0, 0, 3, 178.22, 1024967, 458, 0, 0
4392, 465, 2, 70, 0, 0, 13.52%, 0, 0, 3, 29.60, 1025732, 458, 0, 0
4397, 465, 30, 70, 0, 0, 13.52%, 0, 0, 3, 46.94, 1026558, 458, 0, 0
4402, 465, 58, 70, 0, 0, 13.52%, 0, 0, 3, 31.78, 1027341, 458, 0, 0
4407, 466, 4, 70, 0, 0, 13.52%, 0, 0, 3, 30.40, 1028178, 458, 0, 0
4412, 466, 26, 70, 0, 0, 13.52%, 0, 0, 3, 321.81, 1028884, 458, 0, 0
4418, 466, 50, 70, 0, 0, 13.52%, 0, 0, 3, 247.62, 1029466, 458, 0, 0
4423, 467, 4, 70, 0, 0, 13.52%, 0, 0, 3, 323.38, 1030021, 458, 0, 0
4428, 467, 30, 70, 0, 0, 13.52%, 0, 0, 3, 31.52, 1030780, 458, 0, 0
4433, 467, 56, 70, 0, 0, 13.52%, 0, 0, 3, 31.61, 1031587, 458, 0, 0
4438, 468, 11, 70, 0, 0, 13.52%, 0, 0, 3, 30.41, 1032381, 458, 0, 0
4443, 468, 39, 70, 0, 0, 13.52%, 0, 0, 3, 30.46, 1033178, 458, 0, 0
4448, 468, 62, 70, 0, 0, 13.52%, 0, 0, 3, 327.91, 1033884, 458, 0, 0
4453, 468, 69, 70, 0, 0, 13.52%, 0, 0, 3, 287.40, 1034398, 458, 0, 0
4458, 469, 25, 70, 0, 0, 13.52%, 0, 0, 3, 38.13, 1034973, 458, 0, 0
4463, 469, 53, 70, 0, 0, 13.52%, 0, 0, 3, 31.39, 1035841, 458, 0, 0
4468, 470, 25, 70, 0, 0, 13.52%, 0, 0, 3, 30.53, 1036723, 458, 0, 0
4474, 470, 42, 70, 0, 0, 13.52%, 0, 0, 3, 321.59, 1037490, 458, 0, 0
4479, 470, 53, 70, 0, 0, 13.52%, 0, 0, 3, 298.18, 1037913, 458, 0, 0
4484, 471, 21, 70, 0, 0, 13.52%, 0, 0, 3, 32.75, 1038608, 458, 0, 0
4489, 471, 48, 70, 0, 0, 13.52%, 0, 0, 3, 30.56, 1039468, 458, 0, 0
4494, 472, 11, 70, 0, 0, 13.52%, 0, 0, 3, 250.71, 1040338, 458, 0, 0
4499, 472, 30, 70, 0, 0, 13.52%, 0, 0, 3, 322.40, 1040872, 458, 0, 0
4504, 472, 48, 70, 0, 0, 13.52%, 0, 0, 3, 31.59, 1041352, 458, 0, 0
4509, 473, 4, 70, 0, 0, 13.52%, 0, 0, 3, 31.63, 1042210, 458, 0, 0
4514, 473, 31, 70, 0, 0, 13.52%, 0, 0, 3, 30.45, 1043092, 458, 0, 0
4519, 473, 62, 70, 0, 0, 13.52%, 0, 0, 3, 318.37, 1043835, 458, 0, 0
4524, 474, 19, 70, 0, 0, 13.52%, 0, 0, 3, 311.16, 1044299, 458, 0, 0
4529, 474, 31, 70, 0, 0, 13.52%, 0, 0, 3, 31.56, 1044920, 458, 0, 0
4534, 475, 2, 70, 0, 0, 13.52%, 0, 0, 3, 31.60, 1045796, 458, 0, 0
4540, 475, 31, 70, 0, 0, 13.52%, 0, 0, 3, 36.08, 1046647, 458, 0, 0
4545, 475, 62, 70, 0, 0, 13.52%, 0, 0, 3, 324.36, 1047359, 458, 0, 0
4550, 476, 21, 70, 0, 0, 13.52%, 0, 0, 3, 320.21, 1047817, 458, 0, 0
4555, 476, 42, 70, 0, 0, 13.52%, 0, 0, 3, 31.55, 1048525, 458, 0, 0
4560, 476, 69, 70, 0, 0, 13.52%, 0, 0, 3, 31.34, 1049348, 458, 0, 0
4565, 477, 31, 70, 0, 0, 13.52%, 0, 0, 3, 31.09, 1050223, 458, 0, 0
4570, 477, 50, 70, 0, 0, 13.52%, 0, 0, 3, 326.90, 1050865, 458, 0, 0
4575, 477, 62, 70, 0, 0, 13.52%, 0, 0, 3, 252.93, 1051377, 458, 0, 0
4580, 478, 24, 70, 0, 0, 13.52%, 0, 0, 3, 31.26, 1052064, 458, 0, 0
4586, 478, 50, 70, 0, 0, 13.52%, 0, 0, 3, 31.47, 1052925, 458, 0, 0
4591, 479, 5, 70, 0, 0, 13.52%, 0, 0, 3, 30.33, 1053719, 458, 0, 0
4596, 479, 30, 70, 0, 0, 13.52%, 0, 0, 3, 267.91, 1054568, 458, 0, 0
4601, 479, 53, 70, 0, 0, 13.52%, 0, 0, 3, 322.83, 1055171, 458, 0, 0
4606, 480, 9, 70, 0, 0, 13.52%, 0, 0, 3, 288.91, 1055703, 458, 0, 0
4611, 480, 25, 70, 0, 0, 13.52%, 0, 0, 3, 30.57, 1056346, 458, 0, 0
4616, 480, 50, 70, 0, 0, 13.52%, 0, 0, 3, 31.41, 1057137, 458, 0, 0
4621, 481, 10, 70, 0, 0, 13.52%, 0, 0, 3, 31.63, 1057905, 458, 0, 0
4627, 481, 31, 70, 0, 0, 13.52%, 0, 0, 3, 30.54, 1058693, 458, 0, 0
4632, 481, 69, 70, 0, 0, 13.52%, 0, 0, 3, 314.11, 1059509, 458, 0, 0
4637, 482, 24, 70, 0, 0, 13.52%, 0, 0, 3, 314.35, 1060091, 458, 0, 0
4642, 482, 39, 70, 0, 0, 13.52%, 0, 0, 3, 321.72, 1060609, 458, 0, 0
4647, 482, 62, 70, 0, 0, 13.52%, 0, 0, 3, 30.33, 1061291, 458, 0, 0
4652, 483, 39, 70, 0, 0, 13.52%, 0, 0, 3, 311.77, 1062427, 458, 0, 0
4657, 484, 26, 70, 0, 0, 13.52%, 0, 0, 3, 318.90, 1064043, 458, 0, 0
4662, 484, 68, 70, 0, 0, 13.52%, 0, 0, 3, 311.75, 1065571, 458, 0, 0
4667, 485, 45, 70, 0, 0, 13.52%, 0, 0, 3, 310.20, 1067127, 458, 0, 0
4672, 486, 26, 70, 0, 0, 13.52%, 0, 0, 3, 281.55, 1068573, 458, 0, 0
4677, 487, 4, 70, 0, 0, 13.52%, 0, 0, 3, 290.27, 1070048, 458, 0, 0
4683, 487, 69, 70, 0, 0, 13.52%, 0, 0, 3, 298.25, 1071613, 458, 0, 0
4688, 488, 50, 70, 0, 0, 13.52%, 0, 0, 3, 300.49, 1073121, 458, 0, 0
4693, 489, 40, 70, 0, 0, 13.52%, 0, 0, 3, 292.50, 1074628, 458, 0, 0
4698, 490, 21, 70, 0, 0, 13.52%, 0, 0, 3, 266.16, 1075973, 458, 0, 0
4703, 490, 58, 70, 0, 0, 13.52%, 0, 0, 3, 265.39, 1077283, 458, 0, 0
4708, 491, 42, 70, 0, 0, 13.52%, 0, 0, 3, 298.56, 1078833, 458, 0, 0
4713, 492, 25, 70, 0, 0, 13.52%, 0, 0, 3, 304.87, 1080367, 458, 0, 0
4718, 492, 66, 70, 0, 0, 13.52%, 0, 0, 3, 304.74, 1081909, 458, 0, 0
4723, 493, 42, 70, 0, 0, 13.52%, 0, 0, 3, 290.84, 1083368, 458, 0, 0
4728, 494, 25, 70, 0, 0, 13.52%, 0, 0, 3, 301.92, 1084902, 458, 0, 0
4733, 495, 11, 70, 0, 0, 13.52%, 0, 0, 3, 305.23, 1086430, 458, 0, 0
4738, 495, 62, 70, 0, 0, 13.52%, 0, 0, 3, 309.64, 1087990, 458, 0, 0
4743, 496, 42, 70, 0, 0, 13.52%, 0, 0, 3, 284.57, 1089433, 458, 0, 0
4749, 497, 26, 70, 0, 0, 13.52%, 0, 0, 3, 300.75, 1090996, 458, 0, 0
4754, 498, 24, 70, 0, 0, 13.52%, 0, 0, 3, 309.65, 1092614, 458, 0, 0
4759, 499, 21, 70, 0, 0, 13.52%, 0, 0, 3, 311.77, 1094235, 458, 0, 0
4764, 500, 4, 70, 0, 0, 13.52%, 0, 0, 3, 306.80, 1095774, 458, 0, 0
4769, 500, 58, 70, 0, 0, 13.52%, 0, 0, 3, 281.29, 1097228, 458, 0, 0
4774, 501, 48, 70, 0, 0, 13.52%, 0, 0, 3, 307.23, 1098843, 458, 0, 0
4779, 502, 30, 70, 0, 0, 13.52%, 0, 0, 3, 310.88, 1100461, 458, 0, 0
4785, 503, 11, 70, 0, 0, 13.52%, 0, 0, 3, 314.21, 1102091, 458, 0, 0
4790, 503, 62, 70, 0, 0, 13.52%, 0, 0, 3, 296.88, 1103661, 458, 0, 0
4795, 504, 53, 70, 0, 0, 13.52%, 0, 0, 3, 309.95, 1105249, 458, 0, 0
4800, 505, 30, 70, 0, 0, 13.52%, 0, 0, 3, 311.16, 1106867, 458, 0, 0
4805, 506, 24, 70, 0, 0, 13.52%, 0, 0, 3, 306.59, 1108460, 458, 0, 0
4810, 507, 11, 70, 0, 0, 13.52%, 0, 0, 3, 301.38, 1110048, 458, 0, 0
4816, 507, 62, 70, 0, 0, 13.52%, 0, 0, 3, 306.13, 1111599, 458, 0, 0
4821, 508, 37, 70, 0, 0, 13.52%, 0, 0, 3, 316.98, 1113247, 458, 0, 0
4826, 509, 26, 70, 0, 0, 13.52%, 0, 0, 3, 315.81, 1114877, 458, 0, 0
4831, 510, 17, 70, 0, 0, 13.52%, 0, 0, 3, 313.90, 1116498, 458, 0, 0
4836, 510, 58, 70, 0, 0, 13.52%, 0, 0, 3, 306.41, 1117967, 458, 0, 0
4841, 511, 58, 70, 0, 0, 13.52%, 0, 0, 3, 309.95, 1119580, 458, 0, 0
4846, 512, 45, 70, 0, 0, 13.52%, 0, 0, 3, 309.78, 1121122, 458, 0, 0
4852, 513, 25, 70, 0, 0, 13.52%, 0, 0, 3, 312.82, 1122746, 458, 0, 0
4857, 514, 4, 70, 0, 0, 13.52%, 0, 0, 3, 305.37, 1124267, 458, 0, 0
4862, 514, 62, 70, 0, 0, 13.52%, 0, 0, 3, 313.00, 1125896, 458, 0, 0
4867, 515, 50, 70, 0, 0, 13.52%, 0, 0, 3, 313.18, 1127524, 458, 0, 0
4872, 516, 30, 70, 0, 0, 13.52%, 0, 0, 3, 314.85, 1129154, 458, 0, 0
4877, 517, 21, 70, 0, 0, 13.52%, 0, 0, 3, 301.98, 1130614, 458, 0, 0
4882, 518, 11, 70, 0, 0, 13.52%, 0, 0, 3, 308.60, 1132218, 458, 0, 0
4888, 518, 69, 70, 0, 0, 13.52%, 0, 0, 3, 311.75, 1133842, 458, 0, 0
4893, 519, 45, 70, 0, 0, 13.52%, 0, 0, 3, 315.83, 1135489, 458, 0, 0
4898, 520, 26, 70, 0, 0, 13.52%, 0, 0, 3, 305.42, 1137016, 458, 0, 0
4903, 521, 2, 70, 0, 0, 13.52%, 0, 0, 3, 30.65, 1138116, 458, 0, 0
4908, 521, 58, 70, 0, 0, 13.52%, 0, 0, 3, 307.43, 1139758, 458, 0, 0
4913, 522, 42, 70, 0, 0, 13.52%, 0, 0, 3, 318.64, 1140986, 458, 0, 0
4919, 523, 25, 70, 0, 0, 13.52%, 0, 0, 3, 316.25, 1142616, 458, 0, 0
4924, 524, 6, 70, 0, 0, 13.52%, 0, 0, 3, 316.00, 1144192, 458, 0, 0
4929, 524, 48, 70, 0, 0, 13.52%, 0, 0, 3, 234.84, 1145432, 458, 0, 0
4934, 525, 42, 70, 0, 0, 13.52%, 0, 0, 3, 305.01, 1147097, 458, 0, 0
4939, 526, 24, 70, 0, 0, 13.52%, 0, 0, 3, 304.12, 1148739, 458, 0, 0
4944, 527, 2, 70, 0, 0, 13.52%, 0, 0, 3, 320.43, 1150042, 458, 0, 0
4950, 527, 69, 70, 0, 0, 13.52%, 0, 0, 3, 318.63, 1151696, 458, 0, 0
4955, 528, 45, 70, 0, 0, 13.52%, 0, 0, 3, 320.28, 1152930, 458, 0, 0
4960, 529, 26, 70, 0, 0, 13.52%, 0, 0, 3, 315.50, 1154565, 458, 0, 0
4965, 530, 21, 70, 0, 0, 13.52%, 0, 0, 3, 316.70, 1156192, 458, 0, 0
4970, 530, 63, 70, 0, 0, 13.52%, 0, 0, 3, 285.35, 1157398, 458, 0, 0
4975, 531, 48, 70, 0, 0, 13.52%, 0, 0, 3, 314.17, 1159010, 458, 0, 0
4980, 532, 26, 70, 0, 0, 13.52%, 0, 0, 3, 263.71, 1160218, 458, 0, 0
4985, 533, 11, 70, 0, 0, 13.52%, 0, 0, 3, 310.24, 1161874, 458, 0, 0
4990, 533, 62, 70, 0, 0, 13.52%, 0, 0, 3, 30.53, 1163398, 458, 0, 0
4996, 534, 45, 70, 0, 0, 13.52%, 0, 0, 3, 315.57, 1164752, 458, 0, 0
5001, 535, 45, 70, 0, 0, 13.52%, 0, 0, 3, 317.25, 1166386, 458, 0, 0
5006, 536, 25, 70, 0, 0, 13.52%, 0, 0, 3, 319.66, 1167664, 458, 0, 0
5011, 537, 18, 70, 0, 0, 13.52%, 0, 0, 3, 321.72, 1169292, 458, 0, 0
5016, 537, 48, 70, 0, 0, 13.52%, 0, 0, 3, 319.42, 1170534, 458, 0, 0
5021, 538, 30, 70, 0, 0, 13.52%, 0, 0, 3, 322.57, 1172164, 458, 0, 0
5026, 539, 18, 70, 0, 0, 13.52%, 0, 0, 3, 31.20, 1173478, 458, 0, 0
5031, 539, 68, 70, 0, 0, 13.52%, 0, 0, 3, 315.85, 1174955, 458, 0, 0
5036, 540, 42, 70, 0, 0, 13.52%, 0, 0, 3, 315.05, 1176579, 458, 0, 0
5041, 541, 11, 70, 0, 0, 13.52%, 0, 0, 3, 303.37, 1177817, 458, 0, 0
5047, 541, 69, 70, 0, 0, 13.52%, 0, 0, 3, 316.07, 1179472, 458, 0, 0
5052, 542, 50, 70, 0, 0, 13.52%, 0, 0, 3, 317.62, 1180742, 458, 0, 0
5057, 543, 27, 70, 0, 0, 13.52%, 0, 0, 3, 322.53, 1182360, 458, 0, 0
5062, 544, 2, 70, 0, 0, 13.52%, 0, 0, 3, 315.00, 1183593, 458, 0, 0
5067, 544, 53, 70, 0, 0, 13.52%, 0, 0, 3, 316.41, 1185189, 458, 0, 0
5072, 545, 31, 70, 0, 0, 13.52%, 0, 0, 3, 316.47, 1186777, 458, 0, 0
5077, 546, 4, 70, 0, 0, 13.52%, 0, 0, 3, 321.96, 1187992, 458, 0, 0
5082, 546, 58, 70, 0, 0, 13.52%, 0, 0, 3, 321.42, 1189664, 458, 0, 0
5087, 547, 31, 70, 0, 0, 13.52%, 0, 0, 3, 321.22, 1190874, 458, 0, 0
5093, 548, 30, 70, 0, 0, 13.52%, 0, 0, 3, 322.27, 1192558, 458, 0, 0
5098, 549, 11, 70, 0, 0, 13.52%, 0, 0, 3, 330.35, 1193764, 458, 0, 0
5103, 550, 2, 70, 0, 0, 13.52%, 0, 0, 3, 322.64, 1195422, 458, 0, 0
5108, 550, 45, 70, 0, 0, 13.52%, 0, 0, 3, 313.11, 1196616, 458, 0, 0
5113, 551, 26, 70, 0, 0, 13.52%, 0, 0, 3, 317.28, 1198216, 458, 0, 0
5118, 552, 4, 70, 0, 0, 13.52%, 0, 0, 3, 31.79, 1199468, 458, 0, 0
5123, 552, 69, 70, 0, 0, 13.52%, 0, 0, 3, 317.12, 1201074, 458, 0, 0
5128, 553, 53, 70, 0, 0, 13.52%, 0, 0, 3, 30.53, 1202610, 458, 0, 0
5133, 554, 31, 70, 0, 0, 13.52%, 0, 0, 3, 321.94, 1204004, 458, 0, 0
5139, 555, 21, 70, 0, 0, 13.52%, 0, 0, 3, 307.21, 1205585, 458, 0, 0
5144, 555, 62, 70, 0, 0, 13.52%, 0, 0, 3, 314.00, 1206761, 458, 0, 0
5149, 556, 53, 70, 0, 0, 13.52%, 0, 0, 3, 315.84, 1208355, 458, 0, 0
5154, 557, 24, 70, 0, 0, 13.52%, 0, 0, 3, 279.75, 1209528, 458, 0, 0
5159, 558, 4, 70, 0, 0, 13.52%, 0, 0, 3, 312.20, 1211184, 458, 0, 0
5164, 558, 53, 70, 0, 0, 13.52%, 0, 0, 3, 321.25, 1212454, 458, 0, 0
5169, 559, 48, 70, 0, 0, 13.52%, 0, 0, 3, 323.69, 1214136, 458, 0, 0
5174, 560, 21, 70, 0, 0, 13.52%, 0, 0, 3, 254.26, 1215343, 458, 0, 0
5179, 561, 11, 70, 0, 0, 13.52%, 0, 0, 3, 307.34, 1216996, 458, 0, 0
5184, 561, 53, 70, 0, 0, 13.52%, 0, 0, 3, 242.57, 1218201, 458, 0, 0
5190, 562, 42, 70, 0, 0, 13.52%, 0, 0, 3, 302.46, 1219811, 458, 0, 0
5195, 563, 11, 70, 0, 0, 13.52%, 0, 0, 3, 316.83, 1221061, 458, 0, 0
5200, 563, 66, 70, 0, 0, 13.52%, 0, 0, 3, 319.56, 1222689, 458, 0, 0
5205, 564, 31, 70, 0, 0, 13.52%, 0, 0, 3, 39.07, 1223940, 458, 0, 0
5210, 565, 25, 70, 0, 0, 13.52%, 0, 0, 3, 321.37, 1225605, 458, 0, 0
5215, 565, 62, 70, 0, 0, 13.52%, 0, 0, 3, 47.87, 1226991, 458, 0, 0
5220, 566, 48, 70, 0, 0, 13.52%, 0, 0, 3, 325.98, 1228447, 458, 0, 0
5225, 567, 21, 70, 0, 0, 13.52%, 0, 0, 3, 31.50, 1229883, 458, 0, 0
5230, 567, 68, 70, 0, 0, 13.52%, 0, 0, 3, 316.36, 1231217, 458, 0, 0
5236, 568, 36, 70, 0, 0, 13.52%, 0, 0, 3, 307.12, 1232847, 458, 0, 0
5241, 569, 4, 70, 0, 0, 13.52%, 0, 0, 3, 321.24, 1234035, 458, 0, 0
5246, 569, 48, 70, 0, 0, 13.52%, 0, 0, 3, 248.76, 1235174, 458, 0, 0
5251, 570, 45, 70, 0, 0, 13.52%, 0, 0, 3, 307.58, 1236847, 458, 0, 0
5256, 571, 6, 70, 0, 0, 13.52%, 0, 0, 3, 302.80, 1237929, 458, 0, 0
5261, 571, 45, 70, 0, 0, 13.52%, 0, 0, 3, 321.43, 1238989, 458, 0, 0
5266, 572, 30, 70, 0, 0, 13.52%, 0, 0, 3, 30.39, 1240367, 458, 0, 0
5271, 573, 6, 70, 0, 0, 13.52%, 0, 0, 3, 321.12, 1241610, 458, 0, 0
5276, 573, 45, 70, 0, 0, 13.52%, 0, 0, 3, 322.62, 1242652, 458, 0, 0
5281, 574, 21, 70, 0, 0, 13.52%, 0, 0, 3, 317.75, 1243704, 458, 0, 0
5286, 574, 45, 70, 0, 0, 13.52%, 0, 0, 3, 262.77, 1244698, 458, 0, 0
5291, 575, 9, 70, 0, 0, 13.52%, 0, 0, 3, 262.38, 1245642, 458, 0, 0
5296, 575, 45, 70, 0, 0, 13.52%, 0, 0, 3, 31.34, 1246758, 458, 0, 0
5302, 576, 24, 70, 0, 0, 13.52%, 0, 0, 3, 30.41, 1247922, 458, 0, 0
5307, 576, 62, 70, 0, 0, 13.52%, 0, 0, 3, 295.70, 1249067, 458, 0, 0
5312, 577, 30, 70, 0, 0, 13.52%, 0, 0, 3, 326.75, 1249922, 458, 0, 0
5317, 577, 58, 70, 0, 0, 13.52%, 0, 0, 3, 319.67, 1250746, 458, 0, 0
5322, 578, 25, 70, 0, 0, 13.52%, 0, 0, 3, 31.00, 1251672, 458, 0, 0
5327, 578, 60, 70, 0, 0, 13.52%, 0, 0, 3, 31.27, 1252785, 458, 0, 0
5332, 579, 26, 70, 0, 0, 13.52%, 0, 0, 3, 31.25, 1253840, 458, 0, 0
5337, 579, 55, 70, 0, 0, 13.52%, 0, 0, 3, 324.28, 1254798, 458, 0, 0
5342, 580, 21, 70, 0, 0, 13.52%, 0, 0, 3, 320.27, 1255592, 458, 0, 0
5347, 580, 42, 70, 0, 0, 13.52%, 0, 0, 3, 285.90, 1256318, 458, 0, 0
5353, 580, 69, 70, 0, 0, 13.52%, 0, 0, 3, 42.36, 1257077, 458, 0, 0
5358, 581, 30, 70, 0, 0, 13.52%, 0, 0, 3, 35.83, 1258078, 458, 0, 0
5363, 582, 2, 70, 0, 0, 13.52%, 0, 0, 3, 53.12, 1259085, 458, 0, 0
5368, 582, 31, 70, 0, 0, 13.52%, 0, 0, 3, 323.22, 1260067, 458, 0, 0
5373, 582, 50, 70, 0, 0, 13.52%, 0, 0, 3, 328.81, 1260808, 458, 0, 0
5378, 583, 2, 70, 0, 0, 13.52%, 0, 0, 3, 239.01, 1261482, 458, 0, 0
5383, 583, 25, 70, 0, 0, 13.52%, 0, 0, 3, 31.54, 1262184, 458, 0, 0
5388, 583, 58, 70, 0, 0, 13.52%, 0, 0, 3, 38.87, 1263160, 458, 0, 0
5393, 584, 11, 70, 0, 0, 13.52%, 0, 0, 3, 29.16, 1264112, 458, 0, 0
5399, 584, 42, 70, 0, 0, 13.52%, 0, 0, 3, 323.46, 1265029, 458, 0, 0
5404, 584, 69, 70, 0, 0, 13.52%, 0, 0, 3, 305.85, 1265699, 458, 0, 0
5409, 585, 24, 70, 0, 0, 13.52%, 0, 0, 3, 184.50, 1266310, 458, 0, 0
5414, 585, 50, 70, 0, 0, 13.52%, 0, 0, 3, 30.36, 1267097, 458, 0, 0
5419, 586, 11, 70, 0, 0, 13.52%, 0, 0, 3, 30.65, 1268028, 458, 0, 0
5424, 586, 48, 70, 0, 0, 13.52%, 0, 0, 3, 29.32, 1268965, 458, 0, 0
5429, 587, 4, 70, 0, 0, 13.52%, 0, 0, 3, 282.41, 1269743, 458, 0, 0
5434, 587, 31, 70, 0, 0, 13.52%, 0, 0, 3, 216.16, 1270392, 458, 0, 0
5439, 587, 58, 70, 0, 0, 13.52%, 0, 0, 3, 322.92, 1271022, 458, 0, 0
5445, 588, 21, 70, 0, 0, 13.52%, 0, 0, 3, 31.53, 1271782, 458, 0, 0
5450, 588, 45, 70, 0, 0, 13.52%, 0, 0, 3, 30.63, 1272657, 458, 0, 0
5455, 589, 11, 70, 0, 0, 13.52%, 0, 0, 3, 48.82, 1273550, 458, 0, 0
5460, 589, 42, 70, 0, 0, 13.52%, 0, 0, 3, 327.36, 1274392, 458, 0, 0
5465, 589, 50, 70, 0, 0, 13.52%, 0, 0, 3, 327.94, 1275028, 458, 0, 0
5470, 589, 69, 70, 0, 0, 13.52%, 0, 0, 3, 329.09, 1275635, 458, 0, 0
5475, 590, 24, 70, 0, 0, 13.52%, 0, 0, 3, 31.75, 1276394, 458, 0, 0
5480, 590, 50, 70, 0, 0, 13.52%, 0, 0, 3, 33.09, 1277228, 458, 0, 0
5485, 591, 11, 70, 0, 0, 13.52%, 0, 0, 3, 30.42, 1278087, 458, 0, 0
5490, 591, 39, 70, 0, 0, 13.52%, 0, 0, 3, 31.25, 1278941, 458, 0, 0
5496, 591, 62, 70, 0, 0, 13.52%, 0, 0, 3, 312.10, 1279783, 458, 0, 0
5501, 592, 25, 70, 0, 0, 13.52%, 0, 0, 3, 328.02, 1280507, 458, 0, 0
5506, 592, 45, 70, 0, 0, 13.52%, 0, 0, 3, 218.42, 1281015, 458, 0, 0
5511, 592, 69, 70, 0, 0, 13.52%, 0, 0, 3, 195.00, 1281669, 458, 0, 0
5516, 593, 25, 70, 0, 0, 13.52%, 0, 0, 3, 31.44, 1282432, 458, 0, 0
5521, 593, 58, 70, 0, 0, 13.52%, 0, 0, 3, 31.56, 1283238, 458, 0, 0
5526, 594, 21, 70, 0, 0, 13.52%, 0, 0, 3, 31.33, 1284067, 458, 0, 0
5532, 594, 48, 70, 0, 0, 13.52%, 0, 0, 3, 31.33, 1284908, 458, 0, 0
5537, 595, 11, 70, 0, 0, 13.52%, 0, 0, 3, 261.53, 1285725, 458, 0, 0
5542, 595, 45, 70, 0, 0, 13.52%, 0, 0, 3, 247.55, 1286451, 458, 0, 0
5547, 595, 58, 70, 0, 0, 13.52%, 0, 0, 3, 322.26, 1286901, 458, 0, 0
5552, 596, 18, 70, 0, 0, 13.52%, 0, 0, 3, 31.26, 1287717, 458, 0, 0
5557, 596, 48, 70, 0, 0, 13.52%, 0, 0, 3, 31.72, 1288640, 458, 0, 0
5562, 597, 4, 70, 0, 0, 13.52%, 0, 0, 3, 295.47, 1289425, 458, 0, 0
5567, 597, 24, 70, 0, 0, 13.52%, 0, 0, 3, 318.96, 1289934, 458, 0, 0
5572, 597, 45, 70, 0, 0, 13.52%, 0, 0, 3, 31.35, 1290562, 458, 0, 0
5577, 598, 4, 70, 0, 0, 13.52%, 0, 0, 3, 42.89, 1291432, 458, 0, 0
5583, 598, 45, 70, 0, 0, 13.52%, 0, 0, 3, 31.83, 1292307, 458, 0, 0
5588, 598, 62, 70, 0, 0, 13.52%, 0, 0, 3, 323.75, 1292853, 458, 0, 0
5593, 599, 6, 70, 0, 0, 13.52%, 0, 0, 3, 31.56, 1293358, 458, 0, 0
5598, 599, 31, 70, 0, 0, 13.52%, 0, 0, 3, 46.15, 1294246, 458, 0, 0
5603, 599, 59, 70, 0, 0, 13.52%, 0, 0, 3, 44.16, 1295094, 458, 0, 0
5608, 600, 11, 70, 0, 0, 13.52%, 0, 0, 3, 324.91, 1295841, 458, 0, 0
5613, 600, 25, 70, 0, 0, 13.52%, 0, 0, 3, 179.30, 1296286, 458, 0, 0
5618, 600, 50, 70, 0, 0, 13.52%, 0, 0, 3, 31.63, 1297039, 458, 0, 0
5623, 600, 69, 70, 0, 0, 13.52%, 0, 0, 3, 31.40, 1297887, 458, 0, 0
5628, 601, 28, 70, 0, 0, 13.52%, 0, 0, 3, 31.83, 1298719, 458, 0, 0
5633, 601, 50, 70, 0, 0, 13.52%, 0, 0, 3, 324.20, 1299383, 458, 0, 0
5639, 601, 66, 70, 0, 0, 13.52%, 0, 0, 3, 230.41, 1299831, 458, 0, 0
5644, 602, 25, 70, 0, 0, 13.52%, 0, 0, 3, 31.63, 1300594, 458, 0, 0
5649, 602, 53, 70, 0, 0, 13.52%, 0, 0, 3, 31.00, 1301434, 458, 0, 0
5654, 603, 21, 70, 0, 0, 13.52%, 0, 0, 3, 42.12, 1302259, 458, 0, 0
5659, 603, 45, 70, 0, 0, 13.52%, 0, 0, 3, 293.35, 1303065, 458, 0, 0
5664, 603, 53, 70, 0, 0, 13.52%, 0, 0, 3, 240.19, 1303450, 458, 0, 0
5669, 604, 11, 70, 0, 0, 13.52%, 0, 0, 3, 31.21, 1304164, 458, 0, 0
5675, 604, 31, 70, 0, 0, 13.52%, 0, 0, 3, 31.39, 1305000, 458, 0, 0
5680, 604, 55, 70, 0, 0, 13.52%, 0, 0, 3, 31.52, 1305808, 458, 0, 0
5685, 605, 21, 70, 0, 0, 13.52%, 0, 0, 3, 290.27, 1306625, 458, 0, 0
5690, 605, 27, 70, 0, 0, 13.52%, 0, 0, 3, 277.91, 1307195, 458, 0, 0
5695, 605, 48, 70, 0, 0, 13.52%, 0, 0, 3, 334.87, 1307746, 458, 0, 0
5700, 606, 4, 70, 0, 0, 13.52%, 0, 0, 3, 30.65, 1308436, 458, 0, 0
5705, 606, 29, 70, 0, 0, 13.52%, 0, 0, 3, 30.47, 1309270, 458, 0, 0
5711, 606, 53, 70, 0, 0, 13.52%, 0, 0, 3, 31.39, 1310110, 458, 0, 0
5716, 607, 11, 70, 0, 0, 13.52%, 0, 0, 3, 330.16, 1310891, 458, 0, 0
5721, 607, 26, 70, 0, 0, 13.52%, 0, 0, 3, 315.16, 1311421, 458, 0, 0
5726, 607, 50, 70, 0, 0, 13.52%, 0, 0, 3, 254.52, 1311993, 458, 0, 0
5731, 608, 4, 70, 0, 0, 13.52%, 0, 0, 3, 33.45, 1312633, 458, 0, 0
5736, 608, 26, 70, 0, 0, 13.52%, 0, 0, 3, 31.08, 1313425, 458, 0, 0
5741, 608, 53, 70, 0, 0, 13.52%, 0, 0, 3, 31.38, 1314222, 458, 0, 0
5747, 609, 11, 70, 0, 0, 13.52%, 0, 0, 3, 31.47, 1315029, 458, 0, 0
5752, 609, 42, 70, 0, 0, 13.52%, 0, 0, 3, 313.96, 1315827, 458, 0, 0
5757, 609, 62, 70, 0, 0, 13.52%, 0, 0, 3, 280.25, 1316445, 458, 0, 0
5762, 610, 21, 70, 0, 0, 13.52%, 0, 0, 3, 328.47, 1316933, 458, 0, 0
5767, 610, 42, 70, 0, 0, 13.52%, 0, 0, 3, 31.33, 1317560, 458, 0, 0
5772, 610, 69, 70, 0, 0, 13.52%, 0, 0, 3, 31.44, 1318400, 458, 0, 0
5777, 611, 30, 70, 0, 0, 13.52%, 0, 0, 3, 31.50, 1319281, 458, 0, 0
5782, 611, 49, 70, 0, 0, 13.52%, 0, 0, 3, 329.79, 1319820, 458, 0, 0
5787, 611, 62, 70, 0, 0, 13.52%, 0, 0, 3, 31.42, 1320301, 458, 0, 0
5793, 612, 26, 70, 0, 0, 13.52%, 0, 0, 3, 30.68, 1321171, 458, 0, 0
5798, 612, 50, 70, 0, 0, 13.52%, 0, 0, 3, 31.71, 1322053, 458, 0, 0
5803, 613, 11, 70, 0, 0, 13.52%, 0, 0, 3, 263.58, 1322850, 458, 0, 0
5808, 613, 26, 70, 0, 0, 13.52%, 0, 0, 3, 261.69, 1323245, 458, 0, 0
5813, 613, 45, 70, 0, 0, 13.52%, 0, 0, 3, 32.33, 1323945, 458, 0, 0
5818, 613, 69, 70, 0, 0, 13.52%, 0, 0, 3, 29.03, 1324799, 458, 0, 0
5823, 614, 26, 70, 0, 0, 13.52%, 0, 0, 3, 31.24, 1325627, 458, 0, 0
5828, 614, 50, 70, 0, 0, 13.52%, 0, 0, 3, 324.75, 1326302, 458, 0, 0
5833, 614, 62, 70, 0, 0, 13.52%, 0, 0, 3, 273.63, 1326688, 458, 0, 0
5839, 615, 25, 70, 0, 0, 13.52%, 0, 0, 3, 31.47, 1327482, 458, 0, 0
5844, 615, 45, 70, 0, 0, 13.52%, 0, 0, 3, 31.06, 1328307, 458, 0, 0
5849, 615, 65, 70, 0, 0, 13.52%, 0, 0, 3, 31.41, 1329171, 458, 0, 0
5854, 616, 11, 70, 0, 0, 13.52%, 0, 0, 3, 222.96, 1329723, 458, 0, 0
5859, 616, 30, 70, 0, 0, 13.52%, 0, 0, 3, 212.87, 1330214, 458, 0, 0
5864, 616, 58, 70, 0, 0, 13.52%, 0, 0, 3, 31.41, 1331055, 458, 0, 0
5869, 617, 25, 70, 0, 0, 13.52%, 0, 0, 3, 31.64, 1331899, 458, 0, 0
5875, 617, 58, 70, 0, 0, 13.52%, 0, 0, 3, 250.48, 1332770, 458, 0, 0
5880, 618, 4, 70, 0, 0, 13.52%, 0, 0, 3, 326.01, 1333301, 458, 0, 0
5885, 618, 30, 70, 0, 0, 13.52%, 0, 0, 3, 220.58, 1333855, 458, 0, 0
5890, 618, 56, 70, 0, 0, 13.52%, 0, 0, 3, 31.63, 1334556, 458, 0, 0
5895, 619, 24, 70, 0, 0, 13.52%, 0, 0, 3, 31.40, 1335383, 458, 0, 0
5900, 619, 48, 70, 0, 0, 13.52%, 0, 0, 3, 31.27, 1336185, 458, 0, 0
5905, 620, 4, 70, 0, 0, 13.52%, 0, 0, 3, 31.34, 1336972, 458, 0, 0
5911, 620, 31, 70, 0, 0, 13.52%, 0, 0, 3, 321.41, 1337759, 458, 0, 0
5916, 620, 53, 70, 0, 0, 13.52%, 0, 0, 3, 302.25, 1338331, 458, 0, 0
5921, 621, 4, 70, 0, 0, 13.52%, 0, 0, 3, 284.55, 1338834, 458, 0, 0
5926, 621, 26, 70, 0, 0, 13.52%, 0, 0, 3, 31.51, 1339511, 458, 0, 0
5931, 621, 56, 70, 0, 0, 13.52%, 0, 0, 3, 31.72, 1340303, 458, 0, 0
5936, 622, 21, 70, 0, 0, 13.52%, 0, 0, 3, 31.75, 1341102, 458, 0, 0
5941, 622, 45, 70, 0, 0, 13.52%, 0, 0, 3, 31.75, 1341882, 458, 0, 0
5946, 622, 63, 70, 0, 0, 13.52%, 0, 0, 3, 229.57, 1342579, 458, 0, 0
5952, 623, 11, 70, 0, 0, 13.52%, 0, 0, 3, 328.43, 1343153, 458, 0, 0
5957, 623, 30, 70, 0, 0, 13.52%, 0, 0, 3, 179.21, 1343689, 458, 0, 0
5962, 623, 53, 70, 0, 0, 13.52%, 0, 0, 3, 31.74, 1344389, 458, 0, 0
5967, 624, 24, 70, 0, 0, 13.52%, 0, 0, 3, 31.53, 1345204, 458, 0, 0
5972, 624, 48, 70, 0, 0, 13.52%, 0, 0, 3, 30.77, 1345962, 458, 0, 0
5977, 625, 5, 70, 0, 0, 13.52%, 0, 0, 3, 31.48, 1346755, 458, 0, 0
5982, 625, 30, 70, 0, 0, 13.52%, 0, 0, 3, 323.34, 1347541, 458, 0, 0
5988, 625, 45, 70, 0, 0, 13.52%, 0, 0, 3, 217.79, 1348046, 458, 0, 0
5993, 625, 66, 70, 0, 0, 13.52%, 0, 0, 3, 33.86, 1348614, 458, 0, 0
5998, 626, 26, 70, 0, 0, 13.52%, 0, 0, 3, 30.62, 1349512, 458, 0, 0
6003, 626, 50, 70, 0, 0, 13.52%, 0, 0, 3, 288.52, 1350400, 458, 0, 0
6008, 627, 2, 70, 0, 0, 13.52%, 0, 0, 3, 264.83, 1350900, 458, 0, 0
6013, 627, 25, 70, 0, 0, 13.52%, 0, 0, 3, 31.24, 1351425, 458, 0, 0
6018, 627, 48, 70, 0, 0, 13.52%, 0, 0, 3, 31.53, 1352263, 458, 0, 0
6024, 628, 21, 70, 0, 0, 13.52%, 0, 0, 3, 30.90, 1353130, 458, 0, 0
6029, 628, 45, 70, 0, 0, 13.52%, 0, 0, 3, 253.88, 1353914, 458, 0, 0
6034, 628, 58, 70, 0, 0, 13.52%, 0, 0, 3, 318.62, 1354358, 458, 0, 0
6039, 629, 5, 70, 0, 0, 13.52%, 0, 0, 3, 31.67, 1354991, 458, 0, 0
6044, 629, 45, 70, 0, 0, 13.52%, 0, 0, 3, 31.00, 1355823, 458, 0, 0
6049, 630, 4, 70, 0, 0, 13.52%, 0, 0, 3, 30.63, 1356687, 458, 0, 0
6054, 630, 31, 70, 0, 0, 13.52%, 0, 0, 3, 321.12, 1357334, 458, 0, 0
6059, 630, 49, 70, 0, 0, 13.52%, 0, 0, 3, 321.78, 1357755, 458, 0, 0
6064, 631, 4, 70, 0, 0, 13.52%, 0, 0, 3, 31.03, 1358540, 458, 0, 0
6069, 631, 39, 70, 0, 0, 13.52%, 0, 0, 3, 31.68, 1359405, 458, 0, 0
6075, 631, 62, 70, 0, 0, 13.52%, 0, 0, 3, 322.65, 1360178, 458, 0, 0
6080, 632, 11, 70, 0, 0, 13.52%, 0, 0, 3, 280.11, 1360675, 458, 0, 0
6085, 632, 30, 70, 0, 0, 13.52%, 0, 0, 3, 31.46, 1361215, 458, 0, 0
6090, 632, 62, 70, 0, 0, 13.52%, 0, 0, 3, 31.53, 1362071, 458, 0, 0
6095, 633, 24, 70, 0, 0, 13.52%, 0, 0, 3, 31.44, 1362916, 458, 0, 0
6100, 633, 45, 70, 0, 0, 13.52%, 0, 0, 3, 318.19, 1363644, 458, 0, 0
6105, 633, 58, 70, 0, 0, 13.52%, 0, 0, 3, 319.61, 1364038, 458, 0, 0
6110, 634, 24, 70, 0, 0, 13.52%, 0, 0, 3, 30.37, 1364686, 458, 0, 0
6115, 634, 48, 70, 0, 0, 13.52%, 0, 0, 3, 31.17, 1365450, 458, 0, 0
6120, 635, 4, 70, 0, 0, 13.52%, 0, 0, 3, 31.80, 1366241, 458, 0, 0
6125, 635, 34, 70, 0, 0, 13.52%, 0, 0, 3, 31.68, 1367041, 458, 0, 0
6131, 635, 58, 70, 0, 0, 13.52%, 0, 0, 3, 306.36, 1367795, 458, 0, 0
6136, 636, 21, 70, 0, 0, 13.52%, 0, 0, 3, 330.24, 1368341, 458, 0, 0
6141, 636, 31, 70, 0, 0, 13.52%, 0, 0, 3, 326.73, 1368879, 458, 0, 0
6146, 636, 56, 70, 0, 0, 13.52%, 0, 0, 3, 44.34, 1369590, 458, 0, 0
6151, 637, 18, 70, 0, 0, 13.52%, 0, 0, 3, 30.46, 1370390, 458, 0, 0
6156, 637, 31, 70, 0, 0, 13.52%, 0, 0, 3, 30.48, 1371140, 458, 0, 0
6161, 637, 66, 70, 0, 0, 13.52%, 0, 0, 3, 31.41, 1371934, 458, 0, 0
6166, 638, 21, 70, 0, 0, 13.52%, 0, 0, 3, 330.03, 1372582, 458, 0, 0
6171, 638, 54, 70, 0, 0, 13.52%, 0, 0, 3, 305.85, 1373881, 458, 0, 0
6176, 639, 38, 70, 0, 0, 13.52%, 0, 0, 3, 317.02, 1375503, 458, 0, 0
6182, 640, 4, 70, 0, 0, 13.52%, 0, 0, 3, 317.24, 1377150, 458, 0, 0
6187, 640, 58, 70, 0, 0, 13.52%, 0, 0, 3, 311.35, 1378766, 458, 0, 0
6192, 641, 39, 70, 0, 0, 13.52%, 0, 0, 3, 194.88, 1380066, 458, 0, 0
6197, 641, 69, 70, 0, 0, 13.52%, 0, 0, 3, 238.17, 1381344, 458, 0, 0
6202, 642, 50, 70, 0, 0, 13.52%, 0, 0, 3, 295.80, 1382955, 458, 0, 0
6207, 643, 35, 70, 0, 0, 13.52%, 0, 0, 3, 299.87, 1384525, 458, 0, 0
6213, 644, 26, 70, 0, 0, 13.52%, 0, 0, 3, 303.18, 1386066, 458, 0, 0
6218, 645, 4, 70, 0, 0, 13.52%, 0, 0, 3, 278.27, 1387510, 458, 0, 0
6223, 645, 53, 70, 0, 0, 13.52%, 0, 0, 3, 286.61, 1388920, 458, 0, 0
6228, 646, 31, 70, 0, 0, 13.52%, 0, 0, 3, 302.33, 1390450, 458, 0, 0
6233, 647, 21, 70, 0, 0, 13.52%, 0, 0, 3, 303.51, 1391989, 458, 0, 0
6238, 648, 4, 70, 0, 0, 13.52%, 0, 0, 3, 300.29, 1393513, 458, 0, 0
6243, 648, 52, 70, 0, 0, 13.52%, 0, 0, 3, 257.93, 1394820, 458, 0, 0
6248, 649, 31, 70, 0, 0, 13.52%, 0, 0, 3, 300.03, 1396370, 458, 0, 0
6253, 650, 26, 70, 0, 0, 13.52%, 0, 0, 3, 311.12, 1397995, 458, 0, 0
6258, 651, 4, 70, 0, 0, 13.52%, 0, 0, 3, 312.58, 1399613, 458, 0, 0
6263, 651, 69, 70, 0, 0, 13.52%, 0, 0, 3, 295.44, 1401170, 458, 0, 0
6269, 652, 50, 70, 0, 0, 13.52%, 0, 0, 3, 308.48, 1402758, 458, 0, 0
6274, 653, 31, 70, 0, 0, 13.52%, 0, 0, 3, 310.17, 1404382, 458, 0, 0
6279, 654, 26, 70, 0, 0, 13.52%, 0, 0, 3, 310.07, 1405982, 458, 0, 0
6284, 655, 24, 70, 0, 0, 13.52%, 0, 0, 3, 304.13, 1407570, 458, 0, 0
6289, 655, 69, 70, 0, 0, 13.52%, 0, 0, 3, 306.70, 1409097, 458, 0, 0
6294, 656, 48, 70, 0, 0, 13.52%, 0, 0, 3, 315.00, 1410741, 458, 0, 0
6300, 657, 26, 70, 0, 0, 13.52%, 0, 0, 3, 315.61, 1412383, 458, 0, 0
6305, 658, 4, 70, 0, 0, 13.52%, 0, 0, 3, 290.59, 1413875, 458, 0, 0
6310, 658, 61, 70, 0, 0, 13.52%, 0, 0, 3, 308.50, 1415489, 458, 0, 0
6315, 659, 50, 70, 0, 0, 13.52%, 0, 0, 3, 310.60, 1417107, 458, 0, 0
6320, 660, 31, 70, 0, 0, 13.52%, 0, 0, 3, 310.33, 1418701, 458, 0, 0
6325, 661, 25, 70, 0, 0, 13.52%, 0, 0, 3, 297.94, 1420277, 458, 0, 0
6331, 661, 66, 70, 0, 0, 13.52%, 0, 0, 3, 308.27, 1421858, 458, 0, 0
6336, 662, 50, 70, 0, 0, 13.52%, 0, 0, 3, 315.27, 1423491, 458, 0, 0
6341, 663, 45, 70, 0, 0, 13.52%, 0, 0, 3, 315.93, 1425075, 458, 0, 0
6346, 664, 25, 70, 0, 0, 13.52%, 0, 0, 3, 315.03, 1426697, 458, 0, 0
6351, 665, 2, 70, 0, 0, 13.52%, 0, 0, 3, 306.04, 1428166, 458, 0, 0
6356, 665, 58, 70, 0, 0, 13.52%, 0, 0, 3, 309.79, 1429766, 458, 0, 0
6361, 666, 48, 70, 0, 0, 13.52%, 0, 0, 3, 314.14, 1431350, 458, 0, 0
6366, 667, 26, 70, 0, 0, 13.52%, 0, 0, 3, 315.11, 1432990, 458, 0, 0
6371, 668, 11, 70, 0, 0, 13.52%, 0, 0, 3, 304.37, 1434508, 458, 0, 0
6377, 669, 0, 70, 0, 0, 13.52%, 0, 0, 3, 311.43, 1436138, 458, 0, 0
6382, 669, 62, 70, 0, 0, 13.52%, 0, 0, 3, 314.92, 1437772, 458, 0, 0
6387, 670, 53, 70, 0, 0, 13.52%, 0, 0, 3, 315.26, 1439390, 458, 0, 0
6392, 671, 40, 70, 0, 0, 13.52%, 0, 0, 3, 300.41, 1440880, 458, 0, 0
6397, 672, 25, 70, 0, 0, 13.52%, 0, 0, 3, 311.08, 1442495, 458, 0, 0
6402, 673, 14, 70, 0, 0, 13.52%, 0, 0, 3, 316.01, 1444125, 458, 0, 0
6408, 673, 69, 70, 0, 0, 13.52%, 0, 0, 3, 312.82, 1445741, 458, 0, 0
6413, 674, 53, 70, 0, 0, 13.52%, 0, 0, 3, 305.35, 1447265, 458, 0, 0
6418, 675, 45, 70, 0, 0, 13.52%, 0, 0, 3, 315.07, 1448901, 458, 0, 0
6423, 676, 25, 70, 0, 0, 13.52%, 0, 0, 3, 315.55, 1450531, 458, 0, 0
6428, 677, 11, 70, 0, 0, 13.52%, 0, 0, 3, 311.59, 1452094, 458, 0, 0
6433, 677, 48, 70, 0, 0, 13.52%, 0, 0, 3, 283.14, 1453135, 458, 0, 0
6438, 678, 30, 70, 0, 0, 13.52%, 0, 0, 3, 31.66, 1454588, 458, 0, 0
6443, 679, 4, 70, 0, 0, 13.52%, 0, 0, 3, 324.29, 1455982, 458, 0, 0
6448, 679, 62, 70, 0, 0, 13.52%, 0, 0, 3, 321.06, 1457591, 458, 0, 0
6453, 680, 45, 70, 0, 0, 13.52%, 0, 0, 3, 319.47, 1459245, 458, 0, 0
6459, 681, 24, 70, 0, 0, 13.52%, 0, 0, 3, 317.93, 1460514, 458, 0, 0
6464, 682, 24, 70, 0, 0, 13.52%, 0, 0, 3, 316.24, 1462172, 458, 0, 0
6469, 683, 11, 70, 0, 0, 13.52%, 0, 0, 3, 312.53, 1463744, 458, 0, 0
6474, 683, 53, 70, 0, 0, 13.52%, 0, 0, 3, 305.33, 1464984, 458, 0, 0
6479, 684, 42, 70, 0, 0, 13.52%, 0, 0, 3, 316.68, 1466644, 458, 0, 0
6484, 685, 24, 70, 0, 0, 13.52%, 0, 0, 3, 43.15, 1467885, 458, 0, 0
6489, 686, 11, 70, 0, 0, 13.52%, 0, 0, 3, 315.21, 1469538, 458, 0, 0
6495, 687, 4, 70, 0, 0, 13.52%, 0, 0, 3, 317.49, 1471178, 458, 0, 0
6500, 687, 48, 70, 0, 0, 13.52%, 0, 0, 3, 316.75, 1472420, 458, 0, 0
6505, 688, 45, 70, 0, 0, 13.52%, 0, 0, 3, 321.28, 1474038, 458, 0, 0
6510, 689, 25, 70, 0, 0, 13.52%, 0, 0, 3, 320.17, 1475644, 458, 0, 0
6515, 690, 2, 70, 0, 0, 13.52%, 0, 0, 3, 318.79, 1476914, 458, 0, 0
6520, 690, 58, 70, 0, 0, 13.52%, 0, 0, 3, 321.42, 1478525, 458, 0, 0
6525, 691, 31, 70, 0, 0, 13.52%, 0, 0, 3, 193.03, 1479741, 458, 0, 0
6530, 692, 24, 70, 0, 0, 13.52%, 0, 0, 3, 295.76, 1481395, 458, 0, 0
6535, 693, 4, 70, 0, 0, 13.52%, 0, 0, 3, 306.35, 1482947, 458, 0, 0
6540, 693, 50, 70, 0, 0, 13.52%, 0, 0, 3, 283.83, 1484210, 458, 0, 0
6546, 694, 42, 70, 0, 0, 13.52%, 0, 0, 3, 312.80, 1485864, 458, 0, 0
6551, 695, 11, 70, 0, 0, 13.52%, 0, 0, 3, 324.15, 1487094, 458, 0, 0
6556, 696, 2, 70, 0, 0, 13.52%, 0, 0, 3, 321.61, 1488706, 458, 0, 0
6561, 697, 2, 70, 0, 0, 13.52%, 0, 0, 3, 321.12, 1490316, 458, 0, 0
6566, 697, 50, 70, 0, 0, 13.52%, 0, 0, 3, 268.66, 1491540, 458, 0, 0
6571, 698, 30, 70, 0, 0, 13.52%, 0, 0, 3, 310.27, 1493194, 458, 0, 0
6576, 698, 69, 70, 0, 0, 13.52%, 0, 0, 3, 326.89, 1494415, 458, 0, 0
6581, 699, 57, 70, 0, 0, 13.52%, 0, 0, 3, 320.60, 1495984, 458, 0, 0
6586, 700, 42, 70, 0, 0, 13.52%, 0, 0, 3, 323.75, 1497666, 458, 0, 0
6591, 701, 19, 70, 0, 0, 13.52%, 0, 0, 3, 321.62, 1498926, 458, 0, 0
6596, 702, 2, 70, 0, 0, 13.52%, 0, 0, 3, 315.13, 1500496, 458, 0, 0
6601, 702, 44, 70, 0, 0, 13.52%, 0, 0, 3, 221.76, 1501736, 458, 0, 0
6607, 703, 26, 70, 0, 0, 13.52%, 0, 0, 3, 301.52, 1503402, 458, 0, 0
6612, 704, 4, 70, 0, 0, 13.52%, 0, 0, 3, 31.35, 1504734, 458, 0, 0
6617, 704, 69, 70, 0, 0, 13.52%, 0, 0, 3, 321.56, 1506296, 458, 0, 0
6622, 705, 50, 70, 0, 0, 13.52%, 0, 0, 3, 324.00, 1507926, 458, 0, 0
6627, 706, 26, 70, 0, 0, 13.52%, 0, 0, 3, 318.04, 1509096, 458, 0, 0
6632, 707, 4, 70, 0, 0, 13.52%, 0, 0, 3, 315.22, 1510678, 458, 0, 0
6637, 707, 45, 70, 0, 0, 13.52%, 0, 0, 3, 258.44, 1511900, 458, 0, 0
6642, 708, 31, 70, 0, 0, 13.52%, 0, 0, 3, 309.26, 1513572, 458, 0, 0
6647, 709, 1, 70, 0, 0, 13.52%, 0, 0, 3, 31.74, 1514835, 458, 0, 0
6653, 709, 69, 70, 0, 0, 13.52%, 0, 0, 3, 306.16, 1516472, 458, 0, 0
6658, 710, 62, 70, 0, 0, 13.52%, 0, 0, 3, 318.09, 1518102, 458, 0, 0
6663, 711, 35, 70, 0, 0, 13.52%, 0, 0, 3, 325.92, 1519378, 458, 0, 0
6668, 712, 11, 70, 0, 0, 13.52%, 0, 0, 3, 321.41, 1521041, 458, 0, 0
6673, 712, 58, 70, 0, 0, 13.52%, 0, 0, 3, 239.36, 1522307, 458, 0, 0
6678, 713, 50, 70, 0, 0, 13.52%, 0, 0, 3, 304.37, 1523958, 458, 0, 0
6684, 714, 30, 70, 0, 0, 13.52%, 0, 0, 3, 271.93, 1525225, 458, 0, 0
6689, 715, 24, 70, 0, 0, 13.52%, 0, 0, 3, 313.72, 1526894, 458, 0, 0
6694, 715, 69, 70, 0, 0, 13.52%, 0, 0, 3, 268.66, 1528109, 458, 0, 0
6699, 716, 53, 70, 0, 0, 13.52%, 0, 0, 3, 313.28, 1529797, 458, 0, 0
6704, 717, 42, 70, 0, 0, 13.52%, 0, 0, 3, 308.56, 1531444, 458, 0, 0
6709, 718, 24, 70, 0, 0, 13.52%, 0, 0, 3, 324.67, 1532756, 458, 0, 0
6715, 719, 24, 70, 0, 0, 13.52%, 0, 0, 3, 321.35, 1534414, 458, 0, 0
6720, 719, 62, 70, 0, 0, 13.52%, 0, 0, 3, 267.86, 1535655, 458, 0, 0
6725, 720, 50, 70, 0, 0, 13.52%, 0, 0, 3, 311.04, 1537319, 458, 0, 0
6730, 721, 26, 70, 0, 0, 13.52%, 0, 0, 3, 319.73, 1538571, 458, 0, 0
6735, 722, 24, 70, 0, 0, 13.52%, 0, 0, 3, 321.02, 1540231, 458, 0, 0
6740, 722, 62, 70, 0, 0, 13.52%, 0, 0, 3, 312.00, 1541434, 458, 0, 0
6745, 723, 58, 70, 0, 0, 13.52%, 0, 0, 3, 318.87, 1543046, 458, 0, 0
6750, 724, 53, 70, 0, 0, 13.52%, 0, 0, 3, 321.11, 1544710, 458, 0, 0
6756, 725, 30, 70, 0, 0, 13.52%, 0, 0, 3, 269.45, 1545940, 458, 0, 0
6761, 726, 21, 70, 0, 0, 13.52%, 0, 0, 3, 306.21, 1547578, 458, 0, 0
6766, 726, 58, 70, 0, 0, 13.52%, 0, 0, 3, 302.41, 1548778, 458, 0, 0
6771, 727, 48, 70, 0, 0, 13.52%, 0, 0, 3, 319.28, 1550438, 458, 0, 0
6776, 728, 23, 70, 0, 0, 13.52%, 0, 0, 3, 37.16, 1551654, 458, 0, 0
6781, 728, 62, 70, 0, 0, 13.52%, 0, 0, 3, 321.88, 1553308, 458, 0, 0
6786, 729, 48, 70, 0, 0, 13.52%, 0, 0, 3, 321.93, 1554971, 458, 0, 0
6791, 730, 26, 70, 0, 0, 13.52%, 0, 0, 3, 320.64, 1556219, 458, 0, 0
6797, 731, 24, 70, 0, 0, 13.52%, 0, 0, 3, 319.10, 1557877, 458, 0, 0
6802, 731, 58, 70, 0, 0, 13.52%, 0, 0, 3, 239.37, 1559083, 458, 0, 0
6807, 732, 31, 70, 0, 0, 13.52%, 0, 0, 3, 31.26, 1560597, 458, 0, 0
6812, 732, 64, 70, 0, 0, 13.52%, 0, 0, 3, 317.89, 1561725, 458, 0, 0
6817, 733, 31, 70, 0, 0, 13.52%, 0, 0, 3, 321.48, 1562741, 458, 0, 0
6822, 733, 58, 70, 0, 0, 13.52%, 0, 0, 3, 314.62, 1563734, 458, 0, 0
6827, 734, 31, 70, 0, 0, 13.52%, 0, 0, 3, 31.64, 1564780, 458, 0, 0
6832, 735, 21, 70, 0, 0, 13.52%, 0, 0, 3, 31.57, 1566004, 458, 0, 0
6838, 735, 62, 70, 0, 0, 13.52%, 0, 0, 3, 29.94, 1567195, 458, 0, 0
6843, 736, 26, 70, 0, 0, 13.52%, 0, 0, 3, 317.00, 1568201, 458, 0, 0
6848, 736, 53, 70, 0, 0, 13.52%, 0, 0, 3, 316.82, 1569119, 458, 0, 0
6853, 737, 25, 70, 0, 0, 13.52%, 0, 0, 3, 326.02, 1570013, 458, 0, 0
6858, 737, 58, 70, 0, 0, 13.52%, 0, 0, 3, 31.48, 1570859, 458, 0, 0
6863, 738, 30, 70, 0, 0, 13.52%, 0, 0, 3, 31.44, 1571976, 458, 0, 0
6869, 738, 69, 70, 0, 0, 13.52%, 0, 0, 3, 31.34, 1573066, 458, 0, 0
6874, 739, 31, 70, 0, 0, 13.52%, 0, 0, 3, 276.67, 1574101, 458, 0, 0
6879, 739, 62, 70, 0, 0, 13.52%, 0, 0, 3, 302.94, 1574908, 458, 0, 0
6884, 740, 26, 70, 0, 0, 13.52%, 0, 0, 3, 331.38, 1575666, 458, 0, 0
6889, 740, 48, 70, 0, 0, 13.52%, 0, 0, 3, 197.14, 1576411, 458, 0, 0
6894, 741, 11, 70, 0, 0, 13.52%, 0, 0, 3, 31.37, 1577329, 458, 0, 0
6899, 741, 50, 70, 0, 0, 13.52%, 0, 0, 3, 31.46, 1578346, 458, 0, 0
6904, 742, 11, 70, 0, 0, 13.52%, 0, 0, 3, 30.53, 1579318, 458, 0, 0
6909, 742, 48, 70, 0, 0, 13.52%, 0, 0, 3, 325.17, 1580278, 458, 0, 0
6915, 742, 69, 70, 0, 0, 13.52%, 0, 0, 3, 311.40, 1580896, 458, 0, 0
6920, 743, 25, 70, 0, 0, 13.52%, 0, 0, 3, 203.54, 1581539, 458, 0, 0
6925, 743, 53, 70, 0, 0, 13.52%, 0, 0, 3, 31.38, 1582424, 458, 0, 0
6930, 744, 25, 70, 0, 0, 13.52%, 0, 0, 3, 47.85, 1583430, 458, 0, 0
6935, 744, 56, 70, 0, 0, 13.52%, 0, 0, 3, 317.35, 1584402, 458, 0, 0
6940, 745, 13, 70, 0, 0, 13.52%, 0, 0, 3, 319.05, 1585120, 458, 0, 0
6945, 745, 31, 70, 0, 0, 13.52%, 0, 0, 3, 266.39, 1585796, 458, 0, 0
6950, 745, 56, 70, 0, 0, 13.52%, 0, 0, 3, 31.46, 1586462, 458, 0, 0
6955, 746, 25, 70, 0, 0, 13.52%, 0, 0, 3, 31.54, 1587377, 458, 0, 0
6960, 746, 57, 70, 0, 0, 13.52%, 0, 0, 3, 31.37, 1588302, 458, 0, 0
6966, 747, 24, 70, 0, 0, 13.52%, 0, 0, 3, 311.60, 1589235, 458, 0, 0
6971, 747, 48, 70, 0, 0, 13.52%, 0, 0, 3, 325.61, 1589842, 458, 0, 0
6976, 748, 2, 70, 0, 0, 13.52%, 0, 0, 3, 266.54, 1590516, 458, 0, 0
6981, 748, 30, 70, 0, 0, 13.52%, 0, 0, 3, 31.05, 1591165, 458, 0, 0
6986, 748, 61, 70, 0, 0, 13.52%, 0, 0, 3, 35.09, 1592071, 458, 0, 0
6991, 749, 26, 70, 0, 0, 13.52%, 0, 0, 3, 30.76, 1592972, 458, 0, 0
6996, 749, 58, 70, 0, 0, 13.52%, 0, 0, 3, 316.76, 1593860, 458, 0, 0
7001, 750, 21, 70, 0, 0, 13.52%, 0, 0, 3, 318.97, 1594520, 458, 0, 0
7006, 750, 42, 70, 0, 0, 13.52%, 0, 0, 3, 324.63, 1595114, 458, 0, 0
7011, 750, 64, 70, 0, 0, 13.52%, 0, 0, 3, 31.55, 1595792, 458, 0, 0
7016, 751, 30, 70, 0, 0, 13.52%, 0, 0, 3, 30.88, 1596682, 458, 0, 0
7021, 751, 53, 70, 0, 0, 13.52%, 0, 0, 3, 31.05, 1597505, 458, 0, 0
7026, 752, 11, 70, 0, 0, 13.52%, 0, 0, 3, 30.40, 1598306, 458, 0, 0
7031, 752, 42, 70, 0, 0, 13.52%, 0, 0, 3, 283.60, 1599036, 458, 0, 0
7037, 752, 62, 70, 0, 0, 13.52%, 0, 0, 3, 321.76, 1599641, 458, 0, 0
7042, 753, 21, 70, 0, 0, 13.52%, 0, 0, 3, 230.00, 1600206, 458, 0, 0
7047, 753, 45, 70, 0, 0, 13.52%, 0, 0, 3, 32.61, 1601013, 458, 0, 0
7052, 753, 62, 70, 0, 0, 13.52%, 0, 0, 3, 49.84, 1601846, 458, 0, 0
7057, 754, 26, 70, 0, 0, 13.52%, 0, 0, 3, 54.38, 1602688, 458, 0, 0
7062, 754, 53, 70, 0, 0, 13.52%, 0, 0, 3, 30.42, 1603496, 458, 0, 0
7067, 755, 21, 70, 0, 0, 13.52%, 0, 0, 3, 278.87, 1604301, 458, 0, 0
7073, 755, 31, 70, 0, 0, 13.52%, 0, 0, 3, 264.12, 1604871, 458, 0, 0
7078, 755, 53, 70, 0, 0, 13.52%, 0, 0, 3, 236.44, 1605495, 458, 0, 0
7083, 756, 4, 70, 0, 0, 13.52%, 0, 0, 3, 31.68, 1606108, 458, 0, 0
7088, 756, 31, 70, 0, 0, 13.52%, 0, 0, 3, 31.38, 1606954, 458, 0, 0
7093, 757, 2, 70, 0, 0, 13.52%, 0, 0, 3, 55.04, 1607841, 458, 0, 0
7098, 757, 25, 70, 0, 0, 13.52%, 0, 0, 3, 325.29, 1608521, 458, 0, 0
7103, 757, 42, 70, 0, 0, 13.52%, 0, 0, 3, 188.12, 1608941, 458, 0, 0
7109, 758, 2, 70, 0, 0, 13.52%, 0, 0, 3, 31.02, 1609796, 458, 0, 0
7114, 758, 30, 70, 0, 0, 13.52%, 0, 0, 3, 31.65, 1610700, 458, 0, 0
7119, 758, 50, 70, 0, 0, 13.52%, 0, 0, 3, 263.34, 1611261, 458, 0, 0
7124, 758, 69, 70, 0, 0, 13.52%, 0, 0, 3, 30.72, 1611736, 458, 0, 0
7129, 759, 30, 70, 0, 0, 13.52%, 0, 0, 3, 31.42, 1612623, 458, 0, 0
7134, 759, 62, 70, 0, 0, 13.52%, 0, 0, 3, 34.04, 1613487, 458, 0, 0
7139, 760, 25, 70, 0, 0, 13.52%, 0, 0, 3, 319.02, 1614197, 458, 0, 0
7144, 760, 42, 70, 0, 0, 13.52%, 0, 0, 3, 324.76, 1614709, 458, 0, 0
7149, 760, 69, 70, 0, 0, 13.52%, 0, 0, 3, 31.44, 1615363, 458, 0, 0
7154, 761, 26, 70, 0, 0, 13.52%, 0, 0, 3, 31.78, 1616227, 458, 0, 0
7159, 761, 53, 70, 0, 0, 13.52%, 0, 0, 3, 30.96, 1617064, 458, 0, 0
7165, 762, 4, 70, 0, 0, 13.52%, 0, 0, 3, 319.13, 1617703, 458, 0, 0
7170, 762, 25, 70, 0, 0, 13.52%, 0, 0, 3, 36.88, 1618092, 458, 0, 0
7175, 762, 45, 70, 0, 0, 13.52%, 0, 0, 3, 31.15, 1618925, 458, 0, 0
7180, 762, 69, 70, 0, 0, 13.52%, 0, 0, 3, 31.50, 1619800, 458, 0, 0
7185, 763, 25, 70, 0, 0, 13.52%, 0, 0, 3, 321.79, 1620635, 458, 0, 0
7190, 763, 42, 70, 0, 0, 13.52%, 0, 0, 3, 323.02, 1621120, 458, 0, 0
7195, 763, 62, 70, 0, 0, 13.52%, 0, 0, 3, 31.58, 1621694, 458, 0, 0
7200, 764, 23, 70, 0, 0, 13.52%, 0, 0, 3, 31.50, 1622529, 458, 0, 0
7205, 764, 45, 70, 0, 0, 13.52%, 0, 0, 3, 31.05, 1623344, 458, 0, 0
7211, 765, 4, 70, 0, 0, 13.52%, 0, 0, 3, 30.46, 1624171, 458, 0, 0
7216, 765, 30, 70, 0, 0, 13.52%, 0, 0, 3, 308.17, 1624810, 458, 0, 0
7221, 765, 50, 70, 0, 0, 13.52%, 0, 0, 3, 200.59, 1625280, 458, 0, 0
7226, 766, 4, 70, 0, 0, 13.52%, 0, 0, 3, 30.95, 1625994, 458, 0, 0
7231, 766, 42, 70, 0, 0, 13.52%, 0, 0, 3, 31.00, 1626811, 458, 0, 0
7236, 767, 2, 70, 0, 0, 13.52%, 0, 0, 3, 33.86, 1627600, 458, 0, 0
7241, 767, 30, 70, 0, 0, 13.52%, 0, 0, 3, 49.03, 1628430, 458, 0, 0
7247, 767, 53, 70, 0, 0, 13.52%, 0, 0, 3, 318.65, 1629198, 458, 0, 0
7252, 768, 2, 70, 0, 0, 13.52%, 0, 0, 3, 318.76, 1629734, 458, 0, 0
7257, 768, 25, 70, 0, 0, 13.52%, 0, 0, 3, 320.33, 1630321, 458, 0, 0
7262, 768, 48, 70, 0, 0, 13.52%, 0, 0, 3, 38.49, 1630977, 458, 0, 0
7267, 769, 4, 70, 0, 0, 13.52%, 0, 0, 3, 31.40, 1631772, 458, 0, 0
7272, 769, 42, 70, 0, 0, 13.52%, 0, 0, 3, 31.47, 1632596, 458, 0, 0
7278, 769, 62, 70, 0, 0, 13.52%, 0, 0, 3, 31.33, 1633421, 458, 0, 0
7283, 770, 26, 70, 0, 0, 13.52%, 0, 0, 3, 280.81, 1634161, 458, 0, 0
7288, 770, 45, 70, 0, 0, 13.52%, 0, 0, 3, 291.60, 1634716, 458, 0, 0
7293, 770, 66, 70, 0, 0, 13.52%, 0, 0, 3, 178.51, 1635311, 458, 0, 0
7298, 771, 21, 70, 0, 0, 13.52%, 0, 0, 3, 30.51, 1635982, 458, 0, 0
7303, 771, 48, 70, 0, 0, 13.52%, 0, 0, 3, 30.20, 1636780, 458, 0, 0
7308, 771, 69, 70, 0, 0, 13.52%, 0, 0, 3, 30.58, 1637554, 458, 0, 0
7313, 772, 25, 70, 0, 0, 13.52%, 0, 0, 3, 31.26, 1638378, 458, 0, 0
7318, 772, 50, 70, 0, 0, 13.52%, 0, 0, 3, 321.86, 1639017, 458, 0, 0
7323, 772, 62, 70, 0, 0, 13.52%, 0, 0, 3, 34.38, 1639451, 458, 0, 0
7328, 773, 25, 70, 0, 0, 13.52%, 0, 0, 3, 31.01, 1640340, 458, 0, 0
7334, 773, 53, 70, 0, 0, 13.52%, 0, 0, 3, 31.42, 1641228, 458, 0, 0
7339, 774, 21, 70, 0, 0, 13.52%, 0, 0, 3, 263.38, 1642026, 458, 0, 0
7344, 774, 30, 70, 0, 0, 13.52%, 0, 0, 3, 199.08, 1642441, 458, 0, 0
7349, 774, 48, 70, 0, 0, 13.52%, 0, 0, 3, 29.30, 1643058, 458, 0, 0
7354, 775, 11, 70, 0, 0, 13.52%, 0, 0, 3, 31.39, 1643901, 458, 0, 0
7359, 775, 42, 70, 0, 0, 13.52%, 0, 0, 3, 31.80, 1644792, 458, 0, 0
7364, 775, 62, 70, 0, 0, 13.52%, 0, 0, 3, 326.31, 1645458, 458, 0, 0
7369, 776, 11, 70, 0, 0, 13.52%, 0, 0, 3, 183.08, 1645898, 458, 0, 0
7374, 776, 42, 70, 0, 0, 13.52%, 0, 0, 3, 31.47, 1646691, 458, 0, 0
7380, 776, 69, 70, 0, 0, 13.52%, 0, 0, 3, 35.01, 1647515, 458, 0, 0
7385, 777, 30, 70, 0, 0, 13.52%, 0, 0, 3, 31.65, 1648367, 458, 0, 0
7390, 777, 50, 70, 0, 0, 13.52%, 0, 0, 3, 322.77, 1648903, 458, 0, 0
7395, 778, 2, 70, 0, 0, 13.52%, 0, 0, 3, 39.27, 1649408, 458, 0, 0
7400, 778, 26, 70, 0, 0, 13.52%, 0, 0, 3, 30.66, 1650209, 458, 0, 0
7405, 778, 53, 70, 0, 0, 13.52%, 0, 0, 3, 30.42, 1651071, 458, 0, 0
7410, 779, 11, 70, 0, 0, 13.52%, 0, 0, 3, 258.15, 1651951, 458, 0, 0
7415, 779, 31, 70, 0, 0, 13.52%, 0, 0, 3, 335.68, 1652497, 458, 0, 0
7420, 779, 53, 70, 0, 0, 13.52%, 0, 0, 3, 31.01, 1652984, 458, 0, 0
7426, 780, 24, 70, 0, 0, 13.52%, 0, 0, 3, 35.16, 1653837, 458, 0, 0
7431, 780, 45, 70, 0, 0, 13.52%, 0, 0, 3, 31.16, 1654655, 458, 0, 0
7436, 781, 4, 70, 0, 0, 13.52%, 0, 0, 3, 31.45, 1655496, 458, 0, 0
7441, 781, 30, 70, 0, 0, 13.52%, 0, 0, 3, 301.38, 1656121, 458, 0, 0
7446, 781, 45, 70, 0, 0, 13.52%, 0, 0, 3, 218.55, 1656649, 458, 0, 0
7451, 782, 2, 70, 0, 0, 13.52%, 0, 0, 3, 31.18, 1657292, 458, 0, 0
7456, 782, 30, 70, 0, 0, 13.52%, 0, 0, 3, 45.07, 1658091, 458, 0, 0
7462, 782, 53, 70, 0, 0, 13.52%, 0, 0, 3, 31.30, 1658884, 458, 0, 0
7467, 783, 21, 70, 0, 0, 13.52%, 0, 0, 3, 31.47, 1659716, 458, 0, 0
7472, 783, 48, 70, 0, 0, 13.52%, 0, 0, 3, 318.17, 1660490, 458, 0, 0
7477, 783, 66, 70, 0, 0, 13.52%, 0, 0, 3, 255.38, 1661104, 458, 0, 0
7482, 784, 24, 70, 0, 0, 13.52%, 0, 0, 3, 325.94, 1661636, 458, 0, 0
7487, 784, 45, 70, 0, 0, 13.52%, 0, 0, 3, 30.43, 1662256, 458, 0, 0
7492, 785, 2, 70, 0, 0, 13.52%, 0, 0, 3, 31.47, 1663054, 458, 0, 0
7497, 785, 28, 70, 0, 0, 13.52%, 0, 0, 3, 31.16, 1663864, 458, 0, 0
7502, 785, 53, 70, 0, 0, 13.52%, 0, 0, 3, 31.44, 1664633, 458, 0, 0
7507, 786, 11, 70, 0, 0, 13.52%, 0, 0, 3, 301.63, 1665376, 458, 0, 0
7512, 786, 26, 70, 0, 0, 13.52%, 0, 0, 3, 266.93, 1665871, 458, 0, 0
7518, 786, 50, 70, 0, 0, 13.52%, 0, 0, 3, 39.17, 1666412, 458, 0, 0
7523, 787, 10, 70, 0, 0, 13.52%, 0, 0, 3, 40.91, 1667195, 458, 0, 0
7528, 787, 42, 70, 0, 0, 13.52%, 0, 0, 3, 30.50, 1667987, 458, 0, 0
7533, 787, 69, 70, 0, 0, 13.52%, 0, 0, 3, 31.67, 1668776, 458, 0, 0
7538, 788, 31, 70, 0, 0, 13.52%, 0, 0, 3, 31.36, 1669599, 458, 0, 0
7543, 788, 53, 70, 0, 0, 13.52%, 0, 0, 3, 244.59, 1670257, 458, 0, 0
7548, 789, 2, 70, 0, 0, 13.52%, 0, 0, 3, 31.33, 1670627, 458, 0, 0
7554, 789, 31, 70, 0, 0, 13.52%, 0, 0, 3, 30.52, 1671539, 458, 0, 0
7559, 789, 62, 70, 0, 0, 13.52%, 0, 0, 3, 31.31, 1672388, 458, 0, 0
7564, 790, 21, 70, 0, 0, 13.52%, 0, 0, 3, 261.04, 1673071, 458, 0, 0
7569, 790, 30, 70, 0, 0, 13.52%, 0, 0, 3, 290.76, 1673521, 458, 0, 0
7574, 790, 53, 70, 0, 0, 13.52%, 0, 0, 3, 31.36, 1674270, 458, 0, 0
7579, 791, 11, 70, 0, 0, 13.52%, 0, 0, 3, 31.47, 1675131, 458, 0, 0
7584, 791, 42, 70, 0, 0, 13.52%, 0, 0, 3, 36.59, 1675972, 458, 0, 0
7589, 791, 58, 70, 0, 0, 13.52%, 0, 0, 3, 319.19, 1676484, 458, 0, 0
7594, 792, 5, 70, 0, 0, 13.52%, 0, 0, 3, 31.05, 1676977, 458, 0, 0
7599, 792, 31, 70, 0, 0, 13.52%, 0, 0, 3, 31.10, 1677825, 458, 0, 0
7604, 793, 1, 70, 0, 0, 13.52%, 0, 0, 3, 55.54, 1678649, 458, 0, 0
7610, 793, 25, 70, 0, 0, 13.52%, 0, 0, 3, 254.48, 1679336, 458, 0, 0
7615, 793, 42, 70, 0, 0, 13.52%, 0, 0, 3, 330.00, 1679764, 458, 0, 0
7620, 793, 69, 70, 0, 0, 13.52%, 0, 0, 3, 31.12, 1680536, 458, 0, 0
7625, 794, 26, 70, 0, 0, 13.52%, 0, 0, 3, 31.46, 1681406, 458, 0, 0
7630, 794, 58, 70, 0, 0, 13.52%, 0, 0, 3, 286.70, 1682232, 458, 0, 0
7635, 795, 21, 70, 0, 0, 13.52%, 0, 0, 3, 322.93, 1682766, 458, 0, 0
7640, 795, 30, 70, 0, 0, 13.52%, 0, 0, 3, 30.49, 1683220, 458, 0, 0
7645, 795, 58, 70, 0, 0, 13.52%, 0, 0, 3, 31.47, 1684060, 458, 0, 0
7650, 796, 21, 70, 0, 0, 13.52%, 0, 0, 3, 30.97, 1684884, 458, 0, 0
7656, 796, 48, 70, 0, 0, 13.52%, 0, 0, 3, 320.84, 1685747, 458, 0, 0
7661, 796, 68, 70, 0, 0, 13.52%, 0, 0, 3, 323.62, 1686271, 458, 0, 0
7666, 797, 11, 70, 0, 0, 13.52%, 0, 0, 3, 259.09, 1686810, 458, 0, 0
7671, 797, 36, 70, 0, 0, 13.52%, 0, 0, 3, 31.74, 1687535, 458, 0, 0
7676, 797, 69, 70, 0, 0, 13.52%, 0, 0, 3, 31.18, 1688329, 458, 0, 0
7681, 798, 30, 70, 0, 0, 13.52%, 0, 0, 3, 31.52, 1689145, 458, 0, 0
7686, 798, 58, 70, 0, 0, 13.52%, 0, 0, 3, 31.54, 1689938, 458, 0, 0
7691, 799, 19, 70, 0, 0, 13.52%, 0, 0, 3, 247.15, 1690675, 458, 0, 0
7697, 799, 31, 70, 0, 0, 13.52%, 0, 0, 3, 324.45, 1691259, 458, 0, 0
7702, 799, 58, 70, 0, 0, 13.52%, 0, 0, 3, 312.05, 1691829, 458, 0, 0
7707, 800, 21, 70, 0, 0, 13.52%, 0, 0, 3, 31.32, 1692519, 458, 0, 0
7712, 800, 42, 70, 0, 0, 13.52%, 0, 0, 3, 31.37, 1693326, 458, 0, 0
7717, 801, 2, 70, 0, 0, 13.52%, 0, 0, 3, 31.24, 1694129, 458, 0, 0
7722, 801, 31, 70, 0, 0, 13.52%, 0, 0, 3, 31.13, 1694927, 458, 0, 0
7727, 801, 58, 70, 0, 0, 13.52%, 0, 0, 3, 277.27, 1695656, 458, 0, 0
7732, 802, 4, 70, 0, 0, 13.52%, 0, 0, 3, 279.49, 1696151, 458, 0, 0
7738, 802, 30, 70, 0, 0, 13.52%, 0, 0, 3, 328.36, 1696757, 458, 0, 0
7743, 802, 58, 70, 0, 0, 13.52%, 0, 0, 3, 31.31, 1697506, 458, 0, 0
7748, 803, 25, 70, 0, 0, 13.52%, 0, 0, 3, 30.63, 1698328, 458, 0, 0
7753, 803, 50, 70, 0, 0, 13.52%, 0, 0, 3, 30.47, 1699128, 458, 0, 0
7758, 804, 18, 70, 0, 0, 13.52%, 0, 0, 3, 31.25, 1699941, 458, 0, 0
7763, 804, 30, 70, 0, 0, 13.52%, 0, 0, 3, 326.67, 1700607, 458, 0, 0
7768, 805, 25, 70, 0, 0, 13.52%, 0, 0, 3, 324.57, 1702282, 458, 0, 0
7774, 806, 11, 70, 0, 0, 13.52%, 0, 0, 3, 319.63, 1703940, 458, 0, 0
7779, 807, 2, 70, 0, 0, 13.52%, 0, 0, 3, 312.04, 1705504, 458, 0, 0
7784, 807, 50, 70, 0, 0, 13.52%, 0, 0, 3, 264.08, 1706841, 458, 0, 0
7789, 808, 45, 70, 0, 0, 13.52%, 0, 0, 3, 287.59, 1708321, 458, 0, 0
7794, 809, 31, 70, 0, 0, 13.52%, 0, 0, 3, 299.12, 1709896, 458, 0, 0
7799, 810, 11, 70, 0, 0, 13.52%, 0, 0, 3, 299.69, 1711456, 458, 0, 0
7804, 811, 2, 70, 0, 0, 13.52%, 0, 0, 3, 300.50, 1713020, 458, 0, 0
7810, 811, 50, 70, 0, 0, 13.52%, 0, 0, 3, 271.28, 1714346, 458, 0, 0
7815, 812, 30, 70, 0, 0, 13.52%, 0, 0, 3, 276.41, 1715681, 458, 0, 0
7820, 813, 11, 70, 0, 0, 13.52%, 0, 0, 3, 300.54, 1717226, 458, 0, 0
7825, 814, 2, 70, 0, 0, 13.52%, 0, 0, 3, 304.60, 1718760, 458, 0, 0
7830, 814, 58, 70, 0, 0, 13.52%, 0, 0, 3, 303.43, 1720296, 458, 0, 0
7835, 815, 45, 70, 0, 0, 13.52%, 0, 0, 3, 289.27, 1721741, 458, 0, 0
7840, 816, 31, 70, 0, 0, 13.52%, 0, 0, 3, 305.12, 1723290, 458, 0, 0
7845, 817, 25, 70, 0, 0, 13.52%, 0, 0, 3, 310.54, 1724907, 458, 0, 0
7850, 818, 4, 70, 0, 0, 13.52%, 0, 0, 3, 310.48, 1726464, 458, 0, 0
7855, 818, 53, 70, 0, 0, 13.52%, 0, 0, 3, 282.42, 1727956, 458, 0, 0
7860, 819, 42, 70, 0, 0, 13.52%, 0, 0, 3, 301.31, 1729497, 458, 0, 0
7865, 820, 30, 70, 0, 0, 13.52%, 0, 0, 3, 314.21, 1731145, 458, 0, 0
7870, 821, 25, 70, 0, 0, 13.52%, 0, 0, 3, 315.16, 1732779, 458, 0, 0
7875, 822, 2, 70, 0, 0, 13.52%, 0, 0, 3, 289.19, 1734256, 458, 0, 0
7881, 822, 62, 70, 0, 0, 13.52%, 0, 0, 3, 309.82, 1735879, 458, 0, 0
7886, 823, 50, 70, 0, 0, 13.52%, 0, 0, 3, 315.36, 1737515, 458, 0, 0
7891, 824, 31, 70, 0, 0, 13.52%, 0, 0, 3, 309.69, 1739121, 458, 0, 0
7896, 825, 21, 70, 0, 0, 13.52%, 0, 0, 3, 292.73, 1740671, 458, 0, 0
7901, 825, 62, 70, 0, 0, 13.52%, 0, 0, 3, 307.00, 1742245, 458, 0, 0
7907, 826, 50, 70, 0, 0, 13.52%, 0, 0, 3, 315.90, 1743903, 458, 0, 0
7912, 827, 42, 70, 0, 0, 13.52%, 0, 0, 3, 314.67, 1745527, 458, 0, 0
7917, 828, 30, 70, 0, 0, 13.52%, 0, 0, 3, 312.05, 1747085, 458, 0, 0
7922, 829, 7, 70, 0, 0, 13.52%, 0, 0, 3, 308.71, 1748620, 458, 0, 0
7927, 829, 69, 70, 0, 0, 13.52%, 0, 0, 3, 314.39, 1750260, 458, 0, 0
7932, 830, 50, 70, 0, 0, 13.52%, 0, 0, 3, 316.61, 1751896, 458, 0, 0
7937, 831, 26, 70, 0, 0, 13.52%, 0, 0, 3, 314.84, 1753520, 458, 0, 0
7943, 832, 21, 70, 0, 0, 13.52%, 0, 0, 3, 309.02, 1755054, 458, 0, 0
7948, 832, 61, 70, 0, 0, 13.52%, 0, 0, 3, 313.57, 1756684, 458, 0, 0
7953, 833, 48, 70, 0, 0, 13.52%, 0, 0, 3, 315.39, 1758308, 458, 0, 0
7958, 834, 31, 70, 0, 0, 13.52%, 0, 0, 3, 315.35, 1759932, 458, 0, 0
7963, 835, 24, 70, 0, 0, 13.52%, 0, 0, 3, 305.68, 1761448, 458, 0, 0
7969, 836, 21, 70, 0, 0, 13.52%, 0, 0, 3, 312.44, 1763078, 458, 0, 0
7974, 837, 1, 70, 0, 0, 13.52%, 0, 0, 3, 315.29, 1764726, 458, 0, 0
7979, 837, 53, 70, 0, 0, 13.52%, 0, 0, 3, 310.44, 1766254, 458, 0, 0
7984, 838, 40, 70, 0, 0, 13.52%, 0, 0, 3, 305.42, 1767784, 458, 0, 0
7989, 839, 30, 70, 0, 0, 13.52%, 0, 0, 3, 314.91, 1769417, 458, 0, 0
7994, 840, 26, 70, 0, 0, 13.52%, 0, 0, 3, 316.37, 1771065, 458, 0, 0
7999, 841, 7, 70, 0, 0, 13.52%, 0, 0, 3, 315.80, 1772647, 458, 0, 0
8005, 841, 53, 70, 0, 0, 13.52%, 0, 0, 3, 306.34, 1774186, 458, 0, 0
8010, 842, 28, 70, 0, 0, 13.52%, 0, 0, 3, 314.67, 1775770, 458, 0, 0
8015, 843, 24, 70, 0, 0, 13.52%, 0, 0, 3, 314.47, 1777392, 458, 0, 0
8020, 844, 2, 70, 0, 0, 13.52%, 0, 0, 3, 300.18, 1778921, 458, 0, 0
8025, 844, 53, 70, 0, 0, 13.52%, 0, 0, 3, 293.76, 1780406, 458, 0, 0
8030, 845, 45, 70, 0, 0, 13.52%, 0, 0, 3, 312.30, 1781986, 458, 0, 0
8035, 846, 25, 70, 0, 0, 13.52%, 0, 0, 3, 315.01, 1783621, 458, 0, 0
8040, 847, 4, 70, 0, 0, 13.52%, 0, 0, 3, 312.54, 1785185, 458, 0, 0
8045, 847, 45, 70, 0, 0, 13.52%, 0, 0, 3, 307.56, 1786267, 458, 0, 0
8050, 848, 24, 70, 0, 0, 13.52%, 0, 0, 3, 31.76, 1787542, 458, 0, 0
8056, 849, 11, 70, 0, 0, 13.52%, 0, 0, 3, 286.97, 1789160, 458, 0, 0
8061, 850, 2, 70, 0, 0, 13.52%, 0, 0, 3, 310.84, 1790791, 458, 0, 0
8066, 850, 55, 70, 0, 0, 13.52%, 0, 0, 3, 320.23, 1792291, 458, 0, 0
8071, 851, 31, 70, 0, 0, 13.52%, 0, 0, 3, 321.61, 1793527, 458, 0, 0
8076, 852, 11, 70, 0, 0, 13.52%, 0, 0, 3, 321.30, 1795184, 458, 0, 0
8081, 852, 69, 70, 0, 0, 13.52%, 0, 0, 3, 317.59, 1796832, 458, 0, 0
8086, 853, 42, 70, 0, 0, 13.52%, 0, 0, 3, 320.03, 1798059, 458, 0, 0
8091, 854, 26, 70, 0, 0, 13.52%, 0, 0, 3, 320.75, 1799665, 458, 0, 0
8096, 855, 4, 70, 0, 0, 13.52%, 0, 0, 3, 30.51, 1801110, 458, 0, 0
8101, 855, 50, 70, 0, 0, 13.52%, 0, 0, 3, 316.56, 1802465, 458, 0, 0
8106, 856, 45, 70, 0, 0, 13.52%, 0, 0, 3, 319.26, 1804071, 458, 0, 0
8111, 857, 25, 70, 0, 0, 13.52%, 0, 0, 3, 31.43, 1805373, 458, 0, 0
8116, 858, 21, 70, 0, 0, 13.52%, 0, 0, 3, 320.48, 1806883, 458, 0, 0
8121, 859, 2, 70, 0, 0, 13.52%, 0, 0, 3, 318.86, 1808482, 458, 0, 0
8127, 859, 50, 70, 0, 0, 13.52%, 0, 0, 3, 316.31, 1809734, 458, 0, 0
8132, 860, 45, 70, 0, 0, 13.52%, 0, 0, 3, 320.52, 1811398, 458, 0, 0
8137, 861, 25, 70, 0, 0, 13.52%, 0, 0, 3, 48.78, 1812934, 458, 0, 0
8142, 861, 69, 70, 0, 0, 13.52%, 0, 0, 3, 302.81, 1814292, 458, 0, 0
8147, 862, 50, 70, 0, 0, 13.52%, 0, 0, 3, 318.72, 1815964, 458, 0, 0
8152, 863, 26, 70, 0, 0, 13.52%, 0, 0, 3, 326.27, 1817186, 458, 0, 0
8158, 864, 21, 70, 0, 0, 13.52%, 0, 0, 3, 320.78, 1818840, 458, 0, 0
8163, 864, 69, 70, 0, 0, 13.52%, 0, 0, 3, 319.98, 1820503, 458, 0, 0
8168, 865, 45, 70, 0, 0, 13.52%, 0, 0, 3, 321.90, 1821739, 458, 0, 0
8173, 866, 31, 70, 0, 0, 13.52%, 0, 0, 3, 316.57, 1823333, 458, 0, 0
8178, 867, 4, 70, 0, 0, 13.52%, 0, 0, 3, 323.92, 1824560, 458, 0, 0
8183, 867, 69, 70, 0, 0, 13.52%, 0, 0, 3, 321.13, 1826173, 458, 0, 0
8188, 868, 50, 70, 0, 0, 13.52%, 0, 0, 3, 323.12, 1827857, 458, 0, 0
8193, 869, 26, 70, 0, 0, 13.52%, 0, 0, 3, 320.13, 1829127, 458, 0, 0
8199, 870, 4, 70, 0, 0, 13.52%, 0, 0, 3, 321.14, 1830791, 458, 0, 0
8204, 870, 53, 70, 0, 0, 13.52%, 0, 0, 3, 196.30, 1832015, 458, 0, 0
8209, 871, 43, 70, 0, 0, 13.52%, 0, 0, 3, 298.48, 1833676, 458, 0, 0
8214, 872, 25, 70, 0, 0, 13.52%, 0, 0, 3, 318.92, 1835357, 458, 0, 0
8219, 872, 69, 70, 0, 0, 13.52%, 0, 0, 3, 318.39, 1836584, 458, 0, 0
8224, 873, 50, 70, 0, 0, 13.52%, 0, 0, 3, 322.58, 1838220, 458, 0, 0
8229, 874, 25, 70, 0, 0, 13.52%, 0, 0, 3, 319.75, 1839466, 458, 0, 0
8234, 875, 11, 70, 0, 0, 13.52%, 0, 0, 3, 322.12, 1841096, 458, 0, 0
8240, 876, 4, 70, 0, 0, 13.52%, 0, 0, 3, 310.22, 1842748, 458, 0, 0
8245, 876, 45, 70, 0, 0, 13.52%, 0, 0, 3, 320.30, 1844026, 458, 0, 0
8250, 877, 43, 70, 0, 0, 13.52%, 0, 0, 3, 317.91, 1845672, 458, 0, 0
8255, 878, 24, 70, 0, 0, 13.52%, 0, 0, 3, 286.33, 1846901, 458, 0, 0
8260, 879, 24, 70, 0, 0, 13.52%, 0, 0, 3, 314.12, 1848560, 458, 0, 0
8265, 880, 2, 70, 0, 0, 13.52%, 0, 0, 3, 31.83, 1850096, 458, 0, 0
8271, 880, 50, 70, 0, 0, 13.52%, 0, 0, 3, 288.04, 1851496, 458, 0, 0
8276, 881, 50, 70, 0, 0, 13.52%, 0, 0, 3, 314.70, 1853160, 458, 0, 0
8281, 882, 25, 70, 0, 0, 13.52%, 0, 0, 3, 278.55, 1854546, 458, 0, 0
8286, 883, 4, 70, 0, 0, 13.52%, 0, 0, 3, 280.71, 1856021, 458, 0, 0
8291, 883, 69, 70, 0, 0, 13.52%, 0, 0, 3, 323.92, 1857466, 458, 0, 0
8296, 884, 50, 70, 0, 0, 13.52%, 0, 0, 3, 292.51, 1858871, 458, 0, 0
8301, 885, 30, 70, 0, 0, 13.52%, 0, 0, 3, 316.80, 1860396, 458, 0, 0
8306, 886, 11, 70, 0, 0, 13.52%, 0, 0, 3, 303.98, 1861754, 458, 0, 0
8312, 886, 69, 70, 0, 0, 13.52%, 0, 0, 3, 313.01, 1863332, 458, 0, 0
8317, 887, 53, 70, 0, 0, 13.52%, 0, 0, 3, 323.51, 1864760, 458, 0, 0
8322, 888, 41, 70, 0, 0, 13.52%, 0, 0, 3, 297.71, 1866291, 458, 0, 0
8327, 889, 11, 70, 0, 0, 13.52%, 0, 0, 3, 296.43, 1867736, 458, 0, 0
8332, 889, 58, 70, 0, 0, 13.52%, 0, 0, 3, 260.00, 1869148, 458, 0, 0
8337, 890, 45, 70, 0, 0, 13.52%, 0, 0, 3, 323.34, 1870677, 458, 0, 0
8342, 891, 25, 70, 0, 0, 13.52%, 0, 0, 3, 278.91, 1872051, 458, 0, 0
8347, 892, 4, 70, 0, 0, 13.52%, 0, 0, 3, 302.36, 1873570, 458, 0, 0
8353, 892, 62, 70, 0, 0, 13.52%, 0, 0, 3, 311.69, 1875058, 458, 0, 0
8358, 893, 48, 70, 0, 0, 13.52%, 0, 0, 3, 325.52, 1876576, 458, 0, 0
8363, 894, 4, 70, 0, 0, 13.52%, 0, 0, 3, 224.74, 1877266, 458, 0, 0
8368, 894, 48, 70, 0, 0, 13.52%, 0, 0, 3, 253.94, 1878318, 458, 0, 0
8373, 895, 10, 70, 0, 0, 13.52%, 0, 0, 3, 41.68, 1879551, 458, 0, 0
8378, 895, 48, 70, 0, 0, 13.52%, 0, 0, 3, 45.82, 1880853, 458, 0, 0
8383, 896, 30, 70, 0, 0, 13.52%, 0, 0, 3, 320.46, 1882103, 458, 0, 0
8389, 896, 62, 70, 0, 0, 13.52%, 0, 0, 3, 323.60, 1882979, 458, 0, 0
8394, 897, 26, 70, 0, 0, 13.52%, 0, 0, 3, 320.06, 1883845, 458, 0, 0
8399, 898, 2, 70, 0, 0, 13.52%, 0, 0, 3, 31.50, 1885082, 458, 0, 0
8404, 898, 48, 70, 0, 0, 13.52%, 0, 0, 3, 326.20, 1886295, 458, 0, 0
8409, 899, 2, 70, 0, 0, 13.52%, 0, 0, 3, 275.65, 1887141, 458, 0, 0
8414, 899, 31, 70, 0, 0, 13.52%, 0, 0, 3, 250.61, 1887959, 458, 0, 0
8419, 899, 69, 70, 0, 0, 13.52%, 0, 0, 3, 31.05, 1888854, 458, 0, 0
8424, 900, 42, 70, 0, 0, 13.52%, 0, 0, 3, 31.46, 1890022, 458, 0, 0
8429, 901, 4, 70, 0, 0, 13.52%, 0, 0, 3, 311.64, 1891129, 458, 0, 0
8434, 901, 42, 70, 0, 0, 13.52%, 0, 0, 3, 288.63, 1891941, 458, 0, 0
8439, 901, 62, 70, 0, 0, 13.52%, 0, 0, 3, 228.90, 1892643, 458, 0, 0
8444, 902, 25, 70, 0, 0, 13.52%, 0, 0, 3, 31.56, 1893486, 458, 0, 0
8450, 902, 62, 70, 0, 0, 13.52%, 0, 0, 3, 31.37, 1894490, 458, 0, 0
8455, 903, 30, 70, 0, 0, 13.52%, 0, 0, 3, 34.16, 1895525, 458, 0, 0
8460, 903, 69, 70, 0, 0, 13.52%, 0, 0, 3, 307.12, 1896498, 458, 0, 0
8465, 904, 26, 70, 0, 0, 13.52%, 0, 0, 3, 287.31, 1897306, 458, 0, 0
8470, 904, 45, 70, 0, 0, 13.52%, 0, 0, 3, 327.60, 1897934, 458, 0, 0
8475, 905, 2, 70, 0, 0, 13.52%, 0, 0, 3, 330.00, 1898654, 458, 0, 0
8480, 905, 42, 70, 0, 0, 13.52%, 0, 0, 3, 30.81, 1899561, 458, 0, 0
8485, 906, 2, 70, 0, 0, 13.52%, 0, 0, 3, 45.60, 1900512, 458, 0, 0
8491, 906, 42, 70, 0, 0, 13.52%, 0, 0, 3, 31.44, 1901442, 458, 0, 0
8496, 907, 4, 70, 0, 0, 13.52%, 0, 0, 3, 319.11, 1902392, 458, 0, 0
8501, 907, 26, 70, 0, 0, 13.52%, 0, 0, 3, 326.35, 1903052, 458, 0, 0
8506, 907, 53, 70, 0, 0, 13.52%, 0, 0, 3, 220.44, 1903698, 458, 0, 0
8511, 908, 11, 70, 0, 0, 13.52%, 0, 0, 3, 31.27, 1904374, 458, 0, 0
8516, 908, 48, 70, 0, 0, 13.52%, 0, 0, 3, 31.53, 1905277, 458, 0, 0
8521, 909, 11, 70, 0, 0, 13.52%, 0, 0, 3, 31.09, 1906185, 458, 0, 0
8526, 909, 31, 70, 0, 0, 13.52%, 0, 0, 3, 37.31, 1907074, 458, 0, 0
8531, 909, 55, 70, 0, 0, 13.52%, 0, 0, 3, 319.09, 1907903, 458, 0, 0
8536, 910, 11, 70, 0, 0, 13.52%, 0, 0, 3, 254.64, 1908486, 458, 0, 0
8542, 910, 31, 70, 0, 0, 13.52%, 0, 0, 3, 321.78, 1909140, 458, 0, 0
8547, 910, 58, 70, 0, 0, 13.52%, 0, 0, 3, 30.92, 1909956, 458, 0, 0
8552, 911, 26, 70, 0, 0, 13.52%, 0, 0, 3, 31.56, 1910816, 458, 0, 0
8557, 911, 62, 70, 0, 0, 13.52%, 0, 0, 3, 31.00, 1911667, 458, 0, 0
8562, 912, 26, 70, 0, 0, 13.52%, 0, 0, 3, 38.22, 1912509, 458, 0, 0
8567, 912, 58, 70, 0, 0, 13.52%, 0, 0, 3, 325.62, 1913285, 458, 0, 0
8572, 913, 4, 70, 0, 0, 13.52%, 0, 0, 3, 246.70, 1913817, 458, 0, 0
8577, 913, 25, 70, 0, 0, 13.52%, 0, 0, 3, 337.90, 1914515, 458, 0, 0
8582, 913, 44, 70, 0, 0, 13.52%, 0, 0, 3, 31.58, 1915234, 458, 0, 0
8587, 914, 1, 70, 0, 0, 13.52%, 0, 0, 3, 31.41, 1916089, 458, 0, 0
8593, 914, 26, 70, 0, 0, 13.52%, 0, 0, 3, 31.41, 1916925, 458, 0, 0
8598, 914, 53, 70, 0, 0, 13.52%, 0, 0, 3, 31.34, 1917734, 458, 0, 0
8603, 915, 24, 70, 0, 0, 13.52%, 0, 0, 3, 320.56, 1918560, 458, 0, 0
8608, 915, 42, 70, 0, 0, 13.52%, 0, 0, 3, 244.28, 1919125, 458, 0, 0
8613, 915, 62, 70, 0, 0, 13.52%, 0, 0, 3, 246.93, 1919725, 458, 0, 0
8618, 916, 25, 70, 0, 0, 13.52%, 0, 0, 3, 31.10, 1920392, 458, 0, 0
8623, 916, 53, 70, 0, 0, 13.52%, 0, 0, 3, 30.49, 1921196, 458, 0, 0
8629, 917, 21, 70, 0, 0, 13.52%, 0, 0, 3, 30.76, 1922007, 458, 0, 0
8634, 917, 50, 70, 0, 0, 13.52%, 0, 0, 3, 48.23, 1922913, 458, 0, 0
8639, 917, 69, 70, 0, 0, 13.52%, 0, 0, 3, 249.14, 1923460, 458, 0, 0
8644, 918, 24, 70, 0, 0, 13.52%, 0, 0, 3, 170.00, 1923980, 458, 0, 0
8649, 918, 50, 70, 0, 0, 13.52%, 0, 0, 3, 31.42, 1924837, 458, 0, 0
8654, 919, 21, 70, 0, 0, 13.52%, 0, 0, 3, 31.56, 1925716, 458, 0, 0
8659, 919, 48, 70, 0, 0, 13.52%, 0, 0, 3, 314.35, 1926609, 458, 0, 0
8664, 919, 69, 70, 0, 0, 13.52%, 0, 0, 3, 210.85, 1927085, 458, 0, 0
8669, 920, 21, 70, 0, 0, 13.52%, 0, 0, 3, 31.55, 1927649, 458, 0, 0
8674, 920, 48, 70, 0, 0, 13.52%, 0, 0, 3, 31.42, 1928511, 458, 0, 0
8679, 921, 4, 70, 0, 0, 13.52%, 0, 0, 3, 31.28, 1929409, 458, 0, 0
8684, 921, 26, 70, 0, 0, 13.52%, 0, 0, 3, 324.66, 1930083, 458, 0, 0
8690, 921, 45, 70, 0, 0, 13.52%, 0, 0, 3, 204.22, 1930592, 458, 0, 0
8695, 922, 4, 70, 0, 0, 13.52%, 0, 0, 3, 31.55, 1931335, 458, 0, 0
8700, 922, 31, 70, 0, 0, 13.52%, 0, 0, 3, 30.58, 1932189, 458, 0, 0
8705, 922, 69, 70, 0, 0, 13.52%, 0, 0, 3, 45.38, 1933053, 458, 0, 0
8710, 923, 21, 70, 0, 0, 13.52%, 0, 0, 3, 319.66, 1933601, 458, 0, 0
8715, 923, 42, 70, 0, 0, 13.52%, 0, 0, 3, 31.37, 1934112, 458, 0, 0
8720, 923, 58, 70, 0, 0, 13.52%, 0, 0, 3, 31.45, 1934985, 458, 0, 0
8725, 924, 13, 70, 0, 0, 13.52%, 0, 0, 3, 30.46, 1935855, 458, 0, 0
8730, 924, 42, 70, 0, 0, 13.52%, 0, 0, 3, 246.87, 1936703, 458, 0, 0
8735, 924, 53, 70, 0, 0, 13.52%, 0, 0, 3, 242.30, 1937151, 458, 0, 0
8740, 925, 4, 70, 0, 0, 13.52%, 0, 0, 3, 30.99, 1937724, 458, 0, 0
8745, 925, 31, 70, 0, 0, 13.52%, 0, 0, 3, 31.70, 1938546, 458, 0, 0
8751, 925, 69, 70, 0, 0, 13.52%, 0, 0, 3, 31.39, 1939352, 458, 0, 0
8756, 926, 30, 70, 0, 0, 13.52%, 0, 0, 3, 31.50, 1940167, 458, 0, 0
8761, 926, 58, 70, 0, 0, 13.52%, 0, 0, 3, 242.11, 1940976, 458, 0, 0
8766, 927, 18, 70, 0, 0, 13.52%, 0, 0, 3, 297.65, 1941536, 458, 0, 0
8771, 927, 26, 70, 0, 0, 13.52%, 0, 0, 3, 321.71, 1942047, 458, 0, 0
8776, 927, 50, 70, 0, 0, 13.52%, 0, 0, 3, 31.63, 1942737, 458, 0, 0
8781, 928, 21, 70, 0, 0, 13.52%, 0, 0, 3, 31.68, 1943533, 458, 0, 0
8786, 928, 45, 70, 0, 0, 13.52%, 0, 0, 3, 30.49, 1944320, 458, 0, 0
8792, 929, 2, 70, 0, 0, 13.52%, 0, 0, 3, 31.64, 1945138, 458, 0, 0
8797, 929, 30, 70, 0, 0, 13.52%, 0, 0, 3, 325.17, 1945934, 458, 0, 0
8802, 929, 50, 70, 0, 0, 13.52%, 0, 0, 3, 319.47, 1946464, 458, 0, 0
8807, 930, 2, 70, 0, 0, 13.52%, 0, 0, 3, 315.00, 1946970, 458, 0, 0
8812, 930, 26, 70, 0, 0, 13.52%, 0, 0, 3, 30.99, 1947688, 458, 0, 0
8817, 930, 53, 70, 0, 0, 13.52%, 0, 0, 3, 31.30, 1948504, 458, 0, 0
8822, 931, 11, 70, 0, 0, 13.52%, 0, 0, 3, 30.74, 1949306, 458, 0, 0
8827, 931, 42, 70, 0, 0, 13.52%, 0, 0, 3, 55.17, 1950096, 458, 0, 0
8833, 931, 63, 70, 0, 0, 13.52%, 0, 0, 3, 318.27, 1950870, 458, 0, 0
8838, 932, 24, 70, 0, 0, 13.52%, 0, 0, 3, 300.68, 1951396, 458, 0, 0
8843, 932, 42, 70, 0, 0, 13.52%, 0, 0, 3, 321.82, 1951958, 458, 0, 0
8848, 932, 69, 70, 0, 0, 13.52%, 0, 0, 3, 31.24, 1952648, 458, 0, 0
8853, 933, 27, 70, 0, 0, 13.52%, 0, 0, 3, 30.85, 1953437, 458, 0, 0
8858, 933, 58, 70, 0, 0, 13.52%, 0, 0, 3, 31.35, 1954257, 458, 0, 0
8863, 934, 21, 70, 0, 0, 13.52%, 0, 0, 3, 31.45, 1955021, 458, 0, 0
8868, 934, 45, 70, 0, 0, 13.52%, 0, 0, 3, 329.79, 1955815, 458, 0, 0
8873, 934, 58, 70, 0, 0, 13.52%, 0, 0, 3, 324.24, 1956297, 458, 0, 0
8879, 935, 11, 70, 0, 0, 13.52%, 0, 0, 3, 33.19, 1956896, 458, 0, 0
8884, 935, 45, 70, 0, 0, 13.52%, 0, 0, 3, 42.39, 1957762, 458, 0, 0
8889, 936, 2, 70, 0, 0, 13.52%, 0, 0, 3, 31.55, 1958611, 458, 0, 0
8894, 936, 26, 70, 0, 0, 13.52%, 0, 0, 3, 328.62, 1959291, 458, 0, 0
8899, 936, 45, 70, 0, 0, 13.52%, 0, 0, 3, 321.79, 1959779, 458, 0, 0
8904, 937, 2, 70, 0, 0, 13.52%, 0, 0, 3, 31.50, 1960487, 458, 0, 0
8909, 937, 30, 70, 0, 0, 13.52%, 0, 0, 3, 31.20, 1961375, 458, 0, 0
8914, 937, 53, 70, 0, 0, 13.52%, 0, 0, 3, 308.57, 1962233, 458, 0, 0
8919, 938, 4, 70, 0, 0, 13.52%, 0, 0, 3, 316.81, 1962709, 458, 0, 0
8924, 938, 26, 70, 0, 0, 13.52%, 0, 0, 3, 31.03, 1963243, 458, 0, 0
8930, 938, 62, 70, 0, 0, 13.52%, 0, 0, 3, 31.35, 1964062, 458, 0, 0
8935, 939, 26, 70, 0, 0, 13.52%, 0, 0, 3, 31.47, 1964923, 458, 0, 0
8940, 939, 53, 70, 0, 0, 13.52%, 0, 0, 3, 321.82, 1965684, 458, 0, 0
8945, 940, 2, 70, 0, 0, 13.52%, 0, 0, 3, 324.01, 1966102, 458, 0, 0
8950, 940, 26, 70, 0, 0, 13.52%, 0, 0, 3, 31.57, 1966792, 458, 0, 0
8955, 940, 50, 70, 0, 0, 13.52%, 0, 0, 3, 31.40, 1967661, 458, 0, 0
8960, 941, 11, 70, 0, 0, 13.52%, 0, 0, 3, 311.08, 1968526, 458, 0, 0
8965, 941, 31, 70, 0, 0, 13.52%, 0, 0, 3, 321.21, 1969048, 458, 0, 0
8970, 941, 48, 70, 0, 0, 13.52%, 0, 0, 3, 29.51, 1969531, 458, 0, 0
8976, 942, 4, 70, 0, 0, 13.52%, 0, 0, 3, 31.47, 1970373, 458, 0, 0
8981, 942, 31, 70, 0, 0, 13.52%, 0, 0, 3, 31.26, 1971235, 458, 0, 0
8986, 942, 58, 70, 0, 0, 13.52%, 0, 0, 3, 312.29, 1972035, 458, 0, 0
8991, 943, 4, 70, 0, 0, 13.52%, 0, 0, 3, 282.75, 1972606, 458, 0, 0
8996, 943, 25, 70, 0, 0, 13.52%, 0, 0, 3, 231.57, 1973083, 458, 0, 0
9001, 943, 50, 70, 0, 0, 13.52%, 0, 0, 3, 31.46, 1973792, 458, 0, 0
9006, 944, 5, 70, 0, 0, 13.52%, 0, 0, 3, 30.79, 1974589, 458, 0, 0
9012, 944, 31, 70, 0, 0, 13.52%, 0, 0, 3, 31.31, 1975410, 458, 0, 0
9017, 944, 69, 70, 0, 0, 13.52%, 0, 0, 3, 237.38, 1976223, 458, 0, 0
9022, 945, 24, 70, 0, 0, 13.52%, 0, 0, 3, 245.45, 1976779, 458, 0, 0
9027, 945, 37, 70, 0, 0, 13.52%, 0, 0, 3, 323.38, 1977264, 458, 0, 0
9032, 945, 62, 70, 0, 0, 13.52%, 0, 0, 3, 31.58, 1977991, 458, 0, 0
9037, 946, 25, 70, 0, 0, 13.52%, 0, 0, 3, 31.42, 1978759, 458, 0, 0
9042, 946, 53, 70, 0, 0, 13.52%, 0, 0, 3, 31.21, 1979523, 458, 0, 0
9047, 947, 11, 70, 0, 0, 13.52%, 0, 0, 3, 31.36, 1980302, 458, 0, 0
9052, 947, 38, 70, 0, 0, 13.52%, 0, 0, 3, 320.76, 1981065, 458, 0, 0
9057, 947, 53, 70, 0, 0, 13.52%, 0, 0, 3, 323.73, 1981558, 458, 0, 0
9063, 948, 7, 70, 0, 0, 13.52%, 0, 0, 3, 211.02, 1982142, 458, 0, 0
9068, 948, 28, 70, 0, 0, 13.52%, 0, 0, 3, 31.62, 1982865, 458, 0, 0
9073, 948, 53, 70, 0, 0, 13.52%, 0, 0, 3, 31.76, 1983641, 458, 0, 0
9078, 949, 21, 70, 0, 0, 13.52%, 0, 0, 3, 31.18, 1984413, 458, 0, 0
9083, 949, 45, 70, 0, 0, 13.52%, 0, 0, 3, 31.79, 1985196, 458, 0, 0
9088, 949, 69, 70, 0, 0, 13.52%, 0, 0, 3, 292.71, 1985821, 458, 0, 0
9093, 950, 22, 70, 0, 0, 13.52%, 0, 0, 3, 322.86, 1986391, 458, 0, 0
9098, 950, 31, 70, 0, 0, 13.52%, 0, 0, 3, 31.31, 1987030, 458, 0, 0
9104, 950, 62, 70, 0, 0, 13.52%, 0, 0, 3, 31.61, 1987902, 458, 0, 0
9109, 951, 26, 70, 0, 0, 13.52%, 0, 0, 3, 31.34, 1988748, 458, 0, 0
9114, 951, 50, 70, 0, 0, 13.52%, 0, 0, 3, 328.11, 1989366, 458, 0, 0
9119, 952, 2, 70, 0, 0, 13.52%, 0, 0, 3, 301.98, 1989838, 458, 0, 0
9124, 952, 26, 70, 0, 0, 13.52%, 0, 0, 3, 31.67, 1990628, 458, 0, 0
9129, 952, 62, 70, 0, 0, 13.52%, 0, 0, 3, 31.38, 1991486, 458, 0, 0
9134, 953, 24, 70, 0, 0, 13.52%, 0, 0, 3, 32.52, 1992332, 458, 0, 0
9139, 953, 48, 70, 0, 0, 13.52%, 0, 0, 3, 324.34, 1992954, 458, 0, 0
9144, 953, 62, 70, 0, 0, 13.52%, 0, 0, 3, 31.57, 1993372, 458, 0, 0
9150, 954, 24, 70, 0, 0, 13.52%, 0, 0, 3, 30.73, 1994227, 458, 0, 0
9155, 954, 50, 70, 0, 0, 13.52%, 0, 0, 3, 31.24, 1995111, 458, 0, 0
9160, 955, 2, 70, 0, 0, 13.52%, 0, 0, 3, 284.27, 1995846, 458, 0, 0
9165, 955, 21, 70, 0, 0, 13.52%, 0, 0, 3, 326.34, 1996290, 458, 0, 0
9170, 955, 42, 70, 0, 0, 13.52%, 0, 0, 3, 31.41, 1996962, 458, 0, 0
9175, 955, 69, 70, 0, 0, 13.52%, 0, 0, 3, 31.20, 1997769, 458, 0, 0
9180, 956, 30, 70, 0, 0, 13.52%, 0, 0, 3, 30.96, 1998581, 458, 0, 0
9185, 956, 53, 70, 0, 0, 13.52%, 0, 0, 3, 224.62, 1999184, 458, 0, 0
9190, 956, 69, 70, 0, 0, 13.52%, 0, 0, 3, 336.63, 1999681, 458, 0, 0
9195, 957, 26, 70, 0, 0, 13.52%, 0, 0, 3, 31.46, 2000461, 458, 0, 0
9201, 957, 56, 70, 0, 0, 13.52%, 0, 0, 3, 31.74, 2001321, 458, 0, 0
9206, 958, 5, 70, 0, 0, 13.52%, 0, 0, 3, 31.58, 2002148, 458, 0, 0
9211, 958, 25, 70, 0, 0, 13.52%, 0, 0, 3, 298.57, 2002721, 458, 0, 0
9216, 958, 44, 70, 0, 0, 13.52%, 0, 0, 3, 33.07, 2003157, 458, 0, 0
9221, 958, 68, 70, 0, 0, 13.52%, 0, 0, 3, 31.34, 2003927, 458, 0, 0
9226, 959, 26, 70, 0, 0, 13.52%, 0, 0, 3, 31.27, 2004722, 458, 0, 0
9231, 959, 58, 70, 0, 0, 13.52%, 0, 0, 3, 31.02, 2005561, 458, 0, 0
9236, 960, 24, 70, 0, 0, 13.52%, 0, 0, 3, 270.86, 2006361, 458, 0, 0
9241, 960, 42, 70, 0, 0, 13.52%, 0, 0, 3, 232.92, 2006910, 458, 0, 0
9246, 960, 58, 70, 0, 0, 13.52%, 0, 0, 3, 215.40, 2007471, 458, 0, 0
9251, 961, 24, 70, 0, 0, 13.52%, 0, 0, 3, 30.68, 2008112, 458, 0, 0
9256, 961, 45, 70, 0, 0, 13.52%, 0, 0, 3, 30.76, 2008921, 458, 0, 0
9261, 961, 66, 70, 0, 0, 13.52%, 0, 0, 3, 41.97, 2009683, 458, 0, 0
9267, 962, 25, 70, 0, 0, 13.52%, 0, 0, 3, 30.53, 2010491, 458, 0, 0
9272, 962, 50, 70, 0, 0, 13.52%, 0, 0, 3, 320.99, 2011264, 458, 0, 0
9277, 963, 26, 70, 0, 0, 13.52%, 0, 0, 3, 296.74, 2012551, 458, 0, 0
9282, 964, 24, 70, 0, 0, 13.52%, 0, 0, 3, 316.27, 2014215, 458, 0, 0
9287, 965, 2, 70, 0, 0, 13.52%, 0, 0, 3, 314.40, 2015851, 458, 0, 0
9292, 965, 62, 70, 0, 0, 13.52%, 0, 0, 3, 306.87, 2017397, 458, 0, 0
9297, 966, 42, 70, 0, 0, 13.52%, 0, 0, 3, 259.46, 2018641, 458, 0, 0
9302, 967, 11, 70, 0, 0, 13.52%, 0, 0, 3, 262.49, 2019981, 458, 0, 0
9307, 967, 62, 70, 0, 0, 13.52%, 0, 0, 3, 295.61, 2021526, 458, 0, 0
9312, 968, 45, 70, 0, 0, 13.52%, 0, 0, 3, 300.74, 2023053, 458, 0, 0
9317, 969, 26, 70, 0, 0, 13.52%, 0, 0, 3, 302.45, 2024571, 458, 0, 0
9322, 970, 11, 70, 0, 0, 13.52%, 0, 0, 3, 273.37, 2025986, 458, 0, 0
9328, 970, 53, 70, 0, 0, 13.52%, 0, 0, 3, 264.43, 2027310, 458, 0, 0
9333, 971, 42, 70, 0, 0, 13.52%, 0, 0, 3, 296.24, 2028831, 458, 0, 0
9338, 972, 25, 70, 0, 0, 13.52%, 0, 0, 3, 304.34, 2030376, 458, 0, 0
9343, 973, 6, 70, 0, 0, 13.52%, 0, 0, 3, 305.64, 2031922, 458, 0, 0
9348, 973, 50, 70, 0, 0, 13.52%, 0, 0, 3, 308.86, 2033470, 458, 0, 0
9353, 974, 26, 70, 0, 0, 13.52%, 0, 0, 3, 302.92, 2034982, 458, 0, 0
9358, 975, 21, 70, 0, 0, 13.52%, 0, 0, 3, 310.32, 2036604, 458, 0, 0
9363, 976, 10, 70, 0, 0, 13.52%, 0, 0, 3, 312.04, 2038222, 458, 0, 0
9369, 976, 69, 70, 0, 0, 13.52%, 0, 0, 3, 312.56, 2039846, 458, 0, 0
9374, 977, 49, 70, 0, 0, 13.52%, 0, 0, 3, 305.66, 2041376, 458, 0, 0
9379, 978, 42, 70, 0, 0, 13.52%, 0, 0, 3, 311.24, 2043003, 458, 0, 0
9384, 979, 25, 70, 0, 0, 13.52%, 0, 0, 3, 311.67, 2044609, 458, 0, 0
9389, 980, 4, 70, 0, 0, 13.52%, 0, 0, 3, 314.68, 2046233, 458, 0, 0
9394, 980, 58, 70, 0, 0, 13.52%, 0, 0, 3, 304.43, 2047751, 458, 0, 0
9399, 981, 53, 70, 0, 0, 13.52%, 0, 0, 3, 316.50, 2049354, 458, 0, 0
9404, 982, 42, 70, 0, 0, 13.52%, 0, 0, 3, 316.38, 2050948, 458, 0, 0
9409, 983, 25, 70, 0, 0, 13.52%, 0, 0, 3, 314.23, 2052514, 458, 0, 0
9415, 984, 9, 70, 0, 0, 13.52%, 0, 0, 3, 302.28, 2054047, 458, 0, 0
9420, 984, 58, 70, 0, 0, 13.52%, 0, 0, 3, 306.88, 2055641, 458, 0, 0
9425, 985, 45, 70, 0, 0, 13.52%, 0, 0, 3, 311.03, 2057259, 458, 0, 0
9430, 986, 31, 70, 0, 0, 13.52%, 0, 0, 3, 315.61, 2058901, 458, 0, 0
9435, 987, 21, 70, 0, 0, 13.52%, 0, 0, 3, 298.32, 2060410, 458, 0, 0
9441, 988, 2, 70, 0, 0, 13.52%, 0, 0, 3, 313.61, 2062047, 458, 0, 0
9446, 988, 58, 70, 0, 0, 13.52%, 0, 0, 3, 314.03, 2063617, 458, 0, 0
9451, 989, 34, 70, 0, 0, 13.52%, 0, 0, 3, 316.19, 2065265, 458, 0, 0
9456, 990, 21, 70, 0, 0, 13.52%, 0, 0, 3, 292.71, 2066771, 458, 0, 0
9461, 991, 2, 70, 0, 0, 13.52%, 0, 0, 3, 297.27, 2068311, 458, 0, 0
9466, 991, 53, 70, 0, 0, 13.52%, 0, 0, 3, 311.93, 2069953, 458, 0, 0
9471, 992, 48, 70, 0, 0, 13.52%, 0, 0, 3, 314.23, 2071583, 458, 0, 0
9476, 993, 31, 70, 0, 0, 13.52%, 0, 0, 3, 294.25, 2073056, 458, 0, 0
9482, 994, 26, 70, 0, 0, 13.52%, 0, 0, 3, 314.85, 2074711, 458, 0, 0
9487, 995, 16, 70, 0, 0, 13.52%, 0, 0, 3, 316.61, 2076353, 458, 0, 0
9492, 995, 69, 70, 0, 0, 13.52%, 0, 0, 3, 310.39, 2077971, 458, 0, 0
9497, 996, 58, 70, 0, 0, 13.52%, 0, 0, 3, 283.33, 2079416, 458, 0, 0
9502, 997, 48, 70, 0, 0, 13.52%, 0, 0, 3, 309.41, 2081047, 458, 0, 0
9507, 998, 31, 70, 0, 0, 13.52%, 0, 0, 3, 306.30, 2082577, 458, 0, 0
9512, 999, 25, 70, 0, 0, 13.52%, 0, 0, 3, 311.90, 2084210, 458, 0, 0
9517, 1000, 11, 70, 0, 0, 13.52%, 0, 0, 3, 288.35, 2085686, 458, 0, 0
9523, 1000, 69, 70, 0, 0, 13.52%, 0, 0, 3, 309.46, 2087317, 458, 0, 0
9528, 1001, 53, 70, 0, 0, 13.52%, 0, 0, 3, 314.63, 2088947, 458, 0, 0
9533, 1002, 45, 70, 0, 0, 13.52%, 0, 0, 3, 311.89, 2090507, 458, 0, 0
9538, 1003, 25, 70, 0, 0, 13.52%, 0, 0, 3, 300.80, 2092035, 458, 0, 0
9543, 1004, 4, 70, 0, 0, 13.52%, 0, 0, 3, 310.39, 2093601, 458, 0, 0
9548, 1005, 2, 70, 0, 0, 13.52%, 0, 0, 3, 314.55, 2095241, 458, 0, 0
9554, 1005, 58, 70, 0, 0, 13.52%, 0, 0, 3, 309.72, 2096829, 458, 0, 0
9559, 1006, 48, 70, 0, 0, 13.52%, 0, 0, 3, 314.90, 2098447, 458, 0, 0
9564, 1007, 31, 70, 0, 0, 13.52%, 0, 0, 3, 307.70, 2099977, 458, 0, 0
9569, 1008, 29, 70, 0, 0, 13.52%, 0, 0, 3, 311.66, 2101547, 458, 0, 0
9574, 1009, 24, 70, 0, 0, 13.52%, 0, 0, 3, 309.89, 2103147, 458, 0, 0
9579, 1010, 4, 70, 0, 0, 13.52%, 0, 0, 3, 298.14, 2104659, 458, 0, 0
9584, 1010, 48, 70, 0, 0, 13.52%, 0, 0, 3, 276.94, 2105806, 458, 0, 0
9589, 1011, 24, 70, 0, 0, 13.52%, 0, 0, 3, 294.37, 2107010, 458, 0, 0
9594, 1012, 4, 70, 0, 0, 13.52%, 0, 0, 3, 315.11, 2108664, 458, 0, 0
9599, 1012, 62, 70, 0, 0, 13.52%, 0, 0, 3, 319.91, 2110334, 458, 0, 0
9604, 1013, 31, 70, 0, 0, 13.52%, 0, 0, 3, 323.38, 2111569, 458, 0, 0
9610, 1014, 24, 70, 0, 0, 13.52%, 0, 0, 3, 316.94, 2113204, 458, 0, 0
9615, 1015, 11, 70, 0, 0, 13.52%, 0, 0, 3, 314.25, 2114828, 458, 0, 0
9620, 1015, 56, 70, 0, 0, 13.52%, 0, 0, 3, 31.67, 2116217, 458, 0, 0
9625, 1016, 43, 70, 0, 0, 13.52%, 0, 0, 3, 321.40, 2117634, 458, 0, 0
9630, 1017, 30, 70, 0, 0, 13.52%, 0, 0, 3, 320.87, 2119298, 458, 0, 0
9635, 1018, 11, 70, 0, 0, 13.52%, 0, 0, 3, 31.75, 2120782, 458, 0, 0
9640, 1018, 58, 70, 0, 0, 13.52%, 0, 0, 3, 280.74, 2122231, 458, 0, 0
9646, 1019, 50, 70, 0, 0, 13.52%, 0, 0, 3, 310.89, 2123867, 458, 0, 0
9651, 1020, 24, 70, 0, 0, 13.52%, 0, 0, 3, 257.12, 2125101, 458, 0, 0
9656, 1021, 11, 70, 0, 0, 13.52%, 0, 0, 3, 306.98, 2126741, 458, 0, 0
9661, 1021, 62, 70, 0, 0, 13.52%, 0, 0, 3, 315.13, 2128401, 458, 0, 0
9666, 1022, 45, 70, 0, 0, 13.52%, 0, 0, 3, 322.89, 2129641, 458, 0, 0
9671, 1023, 31, 70, 0, 0, 13.52%, 0, 0, 3, 322.31, 2131322, 458, 0, 0
9677, 1024, 26, 70, 0, 0, 13.52%, 0, 0, 3, 319.33, 2132976, 458, 0, 0
9682, 1025, 2, 70, 0, 0, 13.52%, 0, 0, 3, 321.43, 2134210, 458, 0, 0
9687, 1025, 58, 70, 0, 0, 13.52%, 0, 0, 3, 320.28, 2135882, 458, 0, 0
9692, 1026, 48, 70, 0, 0, 13.52%, 0, 0, 3, 321.80, 2137240, 458, 0, 0
9697, 1027, 42, 70, 0, 0, 13.52%, 0, 0, 3, 323.20, 2138870, 458, 0, 0
9702, 1028, 24, 70, 0, 0, 13.52%, 0, 0, 3, 313.67, 2140322, 458, 0, 0
9707, 1029, 2, 70, 0, 0, 13.52%, 0, 0, 3, 136.38, 2141742, 458, 0, 0
9712, 1029, 53, 70, 0, 0, 13.52%, 0, 0, 3, 32.79, 2143156, 458, 0, 0
9717, 1030, 31, 70, 0, 0, 13.52%, 0, 0, 3, 306.39, 2144646, 458, 0, 0
9723, 1031, 26, 70, 0, 0, 13.52%, 0, 0, 3, 263.68, 2146187, 458, 0, 0
9728, 1032, 2, 70, 0, 0, 13.52%, 0, 0, 3, 316.82, 2147682, 458, 0, 0
9733, 1032, 50, 70, 0, 0, 13.52%, 0, 0, 3, 310.82, 2149110, 458, 0, 0
9738, 1033, 31, 70, 0, 0, 13.52%, 0, 0, 3, 320.31, 2150510, 458, 0, 0
9743, 1034, 21, 70, 0, 0, 13.52%, 0, 0, 3, 61.54, 2152034, 458, 0, 0
9748, 1034, 62, 70, 0, 0, 13.52%, 0, 0, 3, 299.25, 2153521, 458, 0, 0
9753, 1035, 42, 70, 0, 0, 13.52%, 0, 0, 3, 323.82, 2154946, 458, 0, 0
9758, 1036, 21, 70, 0, 0, 13.52%, 0, 0, 3, 293.96, 2156396, 458, 0, 0
9764, 1037, 2, 70, 0, 0, 13.52%, 0, 0, 3, 43.67, 2157886, 458, 0, 0
9769, 1037, 50, 70, 0, 0, 13.52%, 0, 0, 3, 304.11, 2159373, 458, 0, 0
9774, 1038, 31, 70, 0, 0, 13.52%, 0, 0, 3, 297.24, 2160781, 458, 0, 0
9779, 1039, 11, 70, 0, 0, 13.52%, 0, 0, 3, 48.98, 2162190, 458, 0, 0
9784, 1039, 69, 70, 0, 0, 13.52%, 0, 0, 3, 325.33, 2163696, 458, 0, 0
9789, 1040, 50, 70, 0, 0, 13.52%, 0, 0, 3, 299.78, 2165106, 458, 0, 0
9794, 1041, 42, 70, 0, 0, 13.52%, 0, 0, 3, 315.01, 2166629, 458, 0, 0
9799, 1042, 26, 70, 0, 0, 13.52%, 0, 0, 3, 310.69, 2168117, 458, 0, 0
9804, 1043, 2, 70, 0, 0, 13.52%, 0, 0, 3, 137.70, 2169551, 458, 0, 0
9810, 1043, 50, 70, 0, 0, 13.52%, 0, 0, 3, 48.31, 2170986, 458, 0, 0
9815, 1044, 28, 70, 0, 0, 13.52%, 0, 0, 3, 319.48, 2172483, 458, 0, 0
9820, 1045, 11, 70, 0, 0, 13.52%, 0, 0, 3, 322.88, 2173859, 458, 0, 0
9825, 1045, 54, 70, 0, 0, 13.52%, 0, 0, 3, 318.41, 2175311, 458, 0, 0
9830, 1046, 48, 70, 0, 0, 13.52%, 0, 0, 3, 305.74, 2176829, 458, 0, 0
9835, 1047, 26, 70, 0, 0, 13.52%, 0, 0, 3, 315.54, 2178229, 458, 0, 0
9840, 1048, 11, 70, 0, 0, 13.52%, 0, 0, 3, 307.99, 2179659, 458, 0, 0
9845, 1048, 48, 70, 0, 0, 13.52%, 0, 0, 3, 305.28, 2181182, 458, 0, 0
9850, 1049, 38, 70, 0, 0, 13.52%, 0, 0, 3, 305.96, 2182710, 458, 0, 0
9855, 1050, 11, 70, 0, 0, 13.52%, 0, 0, 3, 318.47, 2184108, 458, 0, 0
9861, 1050, 69, 70, 0, 0, 13.52%, 0, 0, 3, 321.78, 2185555, 458, 0, 0
9866, 1051, 58, 70, 0, 0, 13.52%, 0, 0, 3, 324.67, 2187114, 458, 0, 0
9871, 1052, 47, 70, 0, 0, 13.52%, 0, 0, 3, 323.83, 2188572, 458, 0, 0
9876, 1053, 26, 70, 0, 0, 13.52%, 0, 0, 3, 294.70, 2190006, 458, 0, 0
9881, 1054, 14, 70, 0, 0, 13.52%, 0, 0, 3, 272.46, 2191426, 458, 0, 0
9886, 1055, 4, 70, 0, 0, 13.52%, 0, 0, 3, 309.07, 2193085, 458, 0, 0
9891, 1055, 50, 70, 0, 0, 13.52%, 0, 0, 3, 314.35, 2194485, 458, 0, 0
9897, 1056, 26, 70, 0, 0, 13.52%, 0, 0, 3, 323.62, 2195857, 458, 0, 0
9902, 1057, 11, 70, 0, 0, 13.52%, 0, 0, 3, 31.80, 2197181, 458, 0, 0
9907, 1057, 24, 70, 0, 0, 13.52%, 0, 0, 3, 235.39, 2197441, 458, 0, 0
9912, 1057, 53, 70, 0, 0, 13.52%, 0, 0, 3, 257.43, 2198379, 458, 0, 0
9917, 1058, 25, 70, 0, 0, 13.52%, 0, 0, 3, 31.58, 2199460, 458, 0, 0
9922, 1059, 2, 70, 0, 0, 13.52%, 0, 0, 3, 31.44, 2200695, 458, 0, 0
9927, 1059, 45, 70, 0, 0, 13.52%, 0, 0, 3, 310.11, 2201809, 458, 0, 0
9932, 1060, 11, 70, 0, 0, 13.52%, 0, 0, 3, 254.24, 2202665, 458, 0, 0
9938, 1060, 42, 70, 0, 0, 13.52%, 0, 0, 3, 316.72, 2203527, 458, 0, 0
9943, 1060, 69, 70, 0, 0, 13.52%, 0, 0, 3, 221.09, 2204365, 458, 0, 0
9948, 1061, 31, 70, 0, 0, 13.52%, 0, 0, 3, 30.68, 2205347, 458, 0, 0
9953, 1062, 2, 70, 0, 0, 13.52%, 0, 0, 3, 31.36, 2206378, 458, 0, 0
9958, 1062, 45, 70, 0, 0, 13.52%, 0, 0, 3, 31.35, 2207411, 458, 0, 0
9963, 1063, 3, 70, 0, 0, 13.52%, 0, 0, 3, 320.29, 2208345, 458, 0, 0
9968, 1063, 30, 70, 0, 0, 13.52%, 0, 0, 3, 236.77, 2209096, 458, 0, 0
9974, 1063, 58, 70, 0, 0, 13.52%, 0, 0, 3, 311.41, 2209832, 458, 0, 0
9979, 1064, 25, 70, 0, 0, 13.52%, 0, 0, 3, 31.59, 2210585, 458, 0, 0
9984, 1064, 58, 70, 0, 0, 13.52%, 0, 0, 3, 30.65, 2211598, 458, 0, 0
9989, 1065, 26, 70, 0, 0, 13.52%, 0, 0, 3, 31.58, 2212615, 458, 0, 0
9994, 1065, 62, 70, 0, 0, 13.52%, 0, 0, 3, 295.42, 2213476, 458, 0, 0
9999, 1066, 6, 70, 0, 0, 13.52%, 0, 0, 3, 204.84, 2214032, 458, 0, 0
10004, 1066, 31, 70, 0, 0, 13.52%, 0, 0, 3, 30.90, 2214740, 458, 0, 0
10009, 1067, 2, 70, 0, 0, 13.52%, 0, 0, 3, 30.42, 2215714, 458, 0, 0
10014, 1067, 42, 70, 0, 0, 13.52%, 0, 0, 3, 31.73, 2216673, 458, 0, 0
10020, 1067, 69, 70, 0, 0, 13.52%, 0, 0, 3, 321.41, 2217554, 458, 0, 0
10025, 1068, 25, 70, 0, 0, 13.52%, 0, 0, 3, 322.88, 2218242, 458, 0, 0
10030, 1068, 48, 70, 0, 0, 13.52%, 0, 0, 3, 321.41, 2218920, 458, 0, 0
10035, 1068, 69, 70, 0, 0, 13.52%, 0, 0, 3, 31.35, 2219581, 458, 0, 0
10040, 1069, 30, 70, 0, 0, 13.52%, 0, 0, 3, 30.56, 2220464, 458, 0, 0
10045, 1069, 62, 70, 0, 0, 13.52%, 0, 0, 3, 31.72, 2221351, 458, 0, 0
10050, 1070, 30, 70, 0, 0, 13.52%, 0, 0, 3, 31.41, 2222277, 458, 0, 0
10056, 1070, 62, 70, 0, 0, 13.52%, 0, 0, 3, 323.56, 2223053, 458, 0, 0
10061, 1071, 11, 70, 0, 0, 13.52%, 0, 0, 3, 327.25, 2223641, 458, 0, 0
10066, 1071, 30, 70, 0, 0, 13.52%, 0, 0, 3, 31.57, 2224262, 458, 0, 0
10071, 1071, 69, 70, 0, 0, 13.52%, 0, 0, 3, 31.41, 2225146, 458, 0, 0
10076, 1072, 31, 70, 0, 0, 13.52%, 0, 0, 3, 31.68, 2226024, 458, 0, 0
10081, 1072, 53, 70, 0, 0, 13.52%, 0, 0, 3, 31.60, 2226890, 458, 0, 0
10086, 1073, 21, 70, 0, 0, 13.52%, 0, 0, 3, 264.95, 2227746, 458, 0, 0
10091, 1073, 42, 70, 0, 0, 13.52%, 0, 0, 3, 329.89, 2228401, 458, 0, 0
10096, 1073, 62, 70, 0, 0, 13.52%, 0, 0, 3, 322.02, 2229001, 458, 0, 0
10102, 1074, 25, 70, 0, 0, 13.52%, 0, 0, 3, 326.73, 2229661, 458, 0, 0
10107, 1074, 45, 70, 0, 0, 13.52%, 0, 0, 3, 31.53, 2230436, 458, 0, 0
10112, 1075, 7, 70, 0, 0, 13.52%, 0, 0, 3, 31.38, 2231301, 458, 0, 0
10117, 1075, 33, 70, 0, 0, 13.52%, 0, 0, 3, 30.68, 2232171, 458, 0, 0
10122, 1075, 69, 70, 0, 0, 13.52%, 0, 0, 3, 313.42, 2233004, 458, 0, 0
10127, 1076, 20, 70, 0, 0, 13.52%, 0, 0, 3, 325.94, 2233676, 458, 0, 0
10132, 1076, 33, 70, 0, 0, 13.52%, 0, 0, 3, 260.71, 2234331, 458, 0, 0
10137, 1076, 53, 70, 0, 0, 13.52%, 0, 0, 3, 320.20, 2234887, 458, 0, 0
10142, 1077, 11, 70, 0, 0, 13.52%, 0, 0, 3, 31.48, 2235652, 458, 0, 0
10147, 1077, 45, 70, 0, 0, 13.52%, 0, 0, 3, 31.18, 2236490, 458, 0, 0
10153, 1078, 4, 70, 0, 0, 13.52%, 0, 0, 3, 30.66, 2237310, 458, 0, 0
10158, 1078, 31, 70, 0, 0, 13.52%, 0, 0, 3, 31.66, 2238234, 458, 0, 0
10163, 1078, 53, 70, 0, 0, 13.52%, 0, 0, 3, 322.79, 2238834, 458, 0, 0
10168, 1079, 4, 70, 0, 0, 13.52%, 0, 0, 3, 31.62, 2239357, 458, 0, 0
10173, 1079, 31, 70, 0, 0, 13.52%, 0, 0, 3, 31.38, 2240279, 458, 0, 0
10178, 1080, 2, 70, 0, 0, 13.52%, 0, 0, 3, 31.65, 2241156, 458, 0, 0
10183, 1080, 30, 70, 0, 0, 13.52%, 0, 0, 3, 326.44, 2241864, 458, 0, 0
10189, 1080, 48, 70, 0, 0, 13.52%, 0, 0, 3, 318.29, 2242334, 458, 0, 0
10194, 1081, 2, 70, 0, 0, 13.52%, 0, 0, 3, 30.55, 2243069, 458, 0, 0
10199, 1081, 31, 70, 0, 0, 13.52%, 0, 0, 3, 31.77, 2243975, 458, 0, 0
10204, 1082, 2, 70, 0, 0, 13.52%, 0, 0, 3, 31.33, 2244870, 458, 0, 0
10209, 1082, 30, 70, 0, 0, 13.52%, 0, 0, 3, 318.94, 2245534, 458, 0, 0
10214, 1082, 50, 70, 0, 0, 13.52%, 0, 0, 3, 321.78, 2245988, 458, 0, 0
10220, 1083, 11, 70, 0, 0, 13.52%, 0, 0, 3, 30.93, 2246787, 458, 0, 0
10225, 1083, 45, 70, 0, 0, 13.52%, 0, 0, 3, 31.36, 2247680, 458, 0, 0
10230, 1084, 4, 70, 0, 0, 13.52%, 0, 0, 3, 307.21, 2248546, 458, 0, 0
10235, 1084, 25, 70, 0, 0, 13.52%, 0, 0, 3, 323.38, 2249140, 458, 0, 0
10240, 1084, 45, 70, 0, 0, 13.52%, 0, 0, 3, 36.92, 2249611, 458, 0, 0
10245, 1085, 1, 70, 0, 0, 13.52%, 0, 0, 3, 30.95, 2250485, 458, 0, 0
10250, 1085, 31, 70, 0, 0, 13.52%, 0, 0, 3, 31.59, 2251347, 458, 0, 0
10255, 1085, 58, 70, 0, 0, 13.52%, 0, 0, 3, 321.06, 2252164, 458, 0, 0
10261, 1086, 4, 70, 0, 0, 13.52%, 0, 0, 3, 245.77, 2252614, 458, 0, 0
10266, 1086, 25, 70, 0, 0, 13.52%, 0, 0, 3, 31.17, 2253241, 458, 0, 0
10271, 1086, 51, 70, 0, 0, 13.52%, 0, 0, 3, 31.72, 2254116, 458, 0, 0
10276, 1087, 23, 70, 0, 0, 13.52%, 0, 0, 3, 31.53, 2254970, 458, 0, 0
10281, 1087, 48, 70, 0, 0, 13.52%, 0, 0, 3, 281.36, 2255771, 458, 0, 0
10286, 1087, 62, 70, 0, 0, 13.52%, 0, 0, 3, 318.05, 2256303, 458, 0, 0
10291, 1088, 11, 70, 0, 0, 13.52%, 0, 0, 3, 325.00, 2256827, 458, 0, 0
10296, 1088, 45, 70, 0, 0, 13.52%, 0, 0, 3, 31.41, 2257611, 458, 0, 0
10301, 1089, 3, 70, 0, 0, 13.52%, 0, 0, 3, 31.15, 2258460, 458, 0, 0
10306, 1089, 28, 70, 0, 0, 13.52%, 0, 0, 3, 45.17, 2259287, 458, 0, 0
10312, 1089, 50, 70, 0, 0, 13.52%, 0, 0, 3, 274.67, 2260076, 458, 0, 0
10317, 1090, 2, 70, 0, 0, 13.52%, 0, 0, 3, 318.07, 2260621, 458, 0, 0
10322, 1090, 26, 70, 0, 0, 13.52%, 0, 0, 3, 229.38, 2261177, 458, 0, 0
10327, 1090, 50, 70, 0, 0, 13.52%, 0, 0, 3, 31.41, 2261895, 458, 0, 0
10332, 1091, 11, 70, 0, 0, 13.52%, 0, 0, 3, 31.52, 2262702, 458, 0, 0
10337, 1091, 45, 70, 0, 0, 13.52%, 0, 0, 3, 30.45, 2263513, 458, 0, 0
10342, 1092, 2, 70, 0, 0, 13.52%, 0, 0, 3, 31.58, 2264297, 458, 0, 0
10347, 1092, 29, 70, 0, 0, 13.52%, 0, 0, 3, 322.07, 2265073, 458, 0, 0
10353, 1092, 48, 70, 0, 0, 13.52%, 0, 0, 3, 321.66, 2265591, 458, 0, 0
10358, 1093, 2, 70, 0, 0, 13.52%, 0, 0, 3, 279.84, 2266181, 458, 0, 0
10363, 1093, 30, 70, 0, 0, 13.52%, 0, 0, 3, 30.74, 2266887, 458, 0, 0
10368, 1093, 62, 70, 0, 0, 13.52%, 0, 0, 3, 31.67, 2267701, 458, 0, 0
10373, 1094, 25, 70, 0, 0, 13.52%, 0, 0, 3, 31.59, 2268495, 458, 0, 0
10378, 1094, 53, 70, 0, 0, 13.52%, 0, 0, 3, 60.03, 2269287, 458, 0, 0
10383, 1095, 11, 70, 0, 0, 13.52%, 0, 0, 3, 317.75, 2270015, 458, 0, 0
10389, 1095, 26, 70, 0, 0, 13.52%, 0, 0, 3, 321.14, 2270527, 458, 0, 0
10394, 1095, 48, 70, 0, 0, 13.52%, 0, 0, 3, 35.76, 2271056, 458, 0, 0
10399, 1096, 20, 70, 0, 0, 13.52%, 0, 0, 3, 29.03, 2271908, 458, 0, 0
10404, 1096, 48, 70, 0, 0, 13.52%, 0, 0, 3, 31.37, 2272781, 458, 0, 0
10409, 1096, 69, 70, 0, 0, 13.52%, 0, 0, 3, 316.50, 2273497, 458, 0, 0
10414, 1097, 11, 70, 0, 0, 13.52%, 0, 0, 3, 319.61, 2273990, 458, 0, 0
10419, 1097, 42, 70, 0, 0, 13.52%, 0, 0, 3, 33.01, 2274652, 458, 0, 0
10424, 1097, 62, 70, 0, 0, 13.52%, 0, 0, 3, 47.71, 2275508, 458, 0, 0
10430, 1098, 26, 70, 0, 0, 13.52%, 0, 0, 3, 31.25, 2276341, 458, 0, 0
10435, 1098, 45, 70, 0, 0, 13.52%, 0, 0, 3, 249.98, 2276779, 458, 0, 0
10440, 1098, 69, 70, 0, 0, 13.52%, 0, 0, 3, 31.68, 2277364, 458, 0, 0
10445, 1099, 25, 70, 0, 0, 13.52%, 0, 0, 3, 30.95, 2278241, 458, 0, 0
10450, 1099, 52, 70, 0, 0, 13.52%, 0, 0, 3, 30.65, 2279099, 458, 0, 0
10455, 1100, 2, 70, 0, 0, 13.52%, 0, 0, 3, 319.23, 2279617, 458, 0, 0
10460, 1100, 25, 70, 0, 0, 13.52%, 0, 0, 3, 31.35, 2280129, 458, 0, 0
10465, 1100, 51, 70, 0, 0, 13.52%, 0, 0, 3, 31.72, 2280989, 458, 0, 0
10470, 1101, 11, 70, 0, 0, 13.52%, 0, 0, 3, 31.75, 2281803, 458, 0, 0
10475, 1101, 42, 70, 0, 0, 13.52%, 0, 0, 3, 234.19, 2282539, 458, 0, 0
10480, 1101, 53, 70, 0, 0, 13.52%, 0, 0, 3, 315.00, 2282912, 458, 0, 0
10485, 1102, 9, 70, 0, 0, 13.52%, 0, 0, 3, 31.29, 2283706, 458, 0, 0
10490, 1102, 42, 70, 0, 0, 13.52%, 0, 0, 3, 31.74, 2284526, 458, 0, 0
10496, 1103, 1, 70, 0, 0, 13.52%, 0, 0, 3, 39.24, 2285335, 458, 0, 0
10501, 1103, 24, 70, 0, 0, 13.52%, 0, 0, 3, 247.64, 2286075, 458, 0, 0
10506, 1103, 42, 70, 0, 0, 13.52%, 0, 0, 3, 320.77, 2286571, 458, 0, 0
10511, 1103, 62, 70, 0, 0, 13.52%, 0, 0, 3, 31.57, 2287193, 458, 0, 0
10516, 1104, 25, 70, 0, 0, 13.52%, 0, 0, 3, 31.38, 2288002, 458, 0, 0
10521, 1104, 58, 70, 0, 0, 13.52%, 0, 0, 3, 31.57, 2288842, 458, 0, 0
10526, 1105, 11, 70, 0, 0, 13.52%, 0, 0, 3, 321.95, 2289511, 458, 0, 0
10531, 1105, 30, 70, 0, 0, 13.52%, 0, 0, 3, 258.32, 2290021, 458, 0, 0
10537, 1105, 50, 70, 0, 0, 13.52%, 0, 0, 3, 31.72, 2290644, 458, 0, 0
10542, 1106, 19, 70, 0, 0, 13.52%, 0, 0, 3, 30.52, 2291441, 458, 0, 0
10547, 1106, 45, 70, 0, 0, 13.52%, 0, 0, 3, 31.74, 2292235, 458, 0, 0
10552, 1106, 69, 70, 0, 0, 13.52%, 0, 0, 3, 30.56, 2293038, 458, 0, 0
10557, 1107, 26, 70, 0, 0, 13.52%, 0, 0, 3, 244.59, 2293851, 458, 0, 0
10562, 1107, 48, 70, 0, 0, 13.52%, 0, 0, 3, 324.56, 2294440, 458, 0, 0
10567, 1107, 62, 70, 0, 0, 13.52%, 0, 0, 3, 203.08, 2294979, 458, 0, 0
10572, 1108, 6, 70, 0, 0, 13.52%, 0, 0, 3, 30.93, 2295576, 458, 0, 0
10577, 1108, 37, 70, 0, 0, 13.52%, 0, 0, 3, 31.68, 2296396, 458, 0, 0
10582, 1108, 69, 70, 0, 0, 13.52%, 0, 0, 3, 31.56, 2297217, 458, 0, 0
10587, 1109, 26, 70, 0, 0, 13.52%, 0, 0, 3, 31.41, 2298010, 458, 0, 0
10593, 1109, 53, 70, 0, 0, 13.52%, 0, 0, 3, 237.89, 2298802, 458, 0, 0
10598, 1110, 2, 70, 0, 0, 13.52%, 0, 0, 3, 301.70, 2299382, 458, 0, 0
10603, 1110, 25, 70, 0, 0, 13.52%, 0, 0, 3, 325.00, 2299872, 458, 0, 0
10608, 1110, 48, 70, 0, 0, 13.52%, 0, 0, 3, 30.68, 2300592, 458, 0, 0
10613, 1111, 4, 70, 0, 0, 13.52%, 0, 0, 3, 31.17, 2301389, 458, 0, 0
10618, 1111, 31, 70, 0, 0, 13.52%, 0, 0, 3, 31.52, 2302197, 458, 0, 0
10623, 1111, 58, 70, 0, 0, 13.52%, 0, 0, 3, 321.21, 2303026, 458, 0, 0
10628, 1112, 4, 70, 0, 0, 13.52%, 0, 0, 3, 199.62, 2303429, 458, 0, 0
10634, 1112, 26, 70, 0, 0, 13.52%, 0, 0, 3, 31.33, 2304111, 458, 0, 0
10639, 1112, 53, 70, 0, 0, 13.52%, 0, 0, 3, 38.13, 2304984, 458, 0, 0
10644, 1113, 21, 70, 0, 0, 13.52%, 0, 0, 3, 318.50, 2305854, 458, 0, 0
10649, 1113, 31, 70, 0, 0, 13.52%, 0, 0, 3, 329.59, 2306384, 458, 0, 0
10654, 1113, 53, 70, 0, 0, 13.52%, 0, 0, 3, 31.56, 2306871, 458, 0, 0
10659, 1114, 11, 70, 0, 0, 13.52%, 0, 0, 3, 31.46, 2307753, 458, 0, 0
10664, 1114, 45, 70, 0, 0, 13.52%, 0, 0, 3, 48.58, 2308600, 458, 0, 0
10669, 1115, 4, 70, 0, 0, 13.52%, 0, 0, 3, 318.20, 2309372, 458, 0, 0
10674, 1115, 25, 70, 0, 0, 13.52%, 0, 0, 3, 324.82, 2309814, 458, 0, 0
10679, 1115, 50, 70, 0, 0, 13.52%, 0, 0, 3, 31.64, 2310468, 458, 0, 0
10685, 1116, 21, 70, 0, 0, 13.52%, 0, 0, 3, 48.82, 2311316, 458, 0, 0
10690, 1116, 50, 70, 0, 0, 13.52%, 0, 0, 3, 47.37, 2312180, 458, 0, 0
10695, 1117, 4, 70, 0, 0, 13.52%, 0, 0, 3, 253.68, 2312852, 458, 0, 0
10700, 1117, 24, 70, 0, 0, 13.52%, 0, 0, 3, 323.38, 2313288, 458, 0, 0
10705, 1117, 50, 70, 0, 0, 13.52%, 0, 0, 3, 31.55, 2314062, 458, 0, 0
10710, 1118, 11, 70, 0, 0, 13.52%, 0, 0, 3, 31.35, 2314928, 458, 0, 0
10715, 1118, 48, 70, 0, 0, 13.52%, 0, 0, 3, 276.40, 2315766, 458, 0, 0
10720, 1118, 62, 70, 0, 0, 13.52%, 0, 0, 3, 324.25, 2316296, 458, 0, 0
10726, 1119, 21, 70, 0, 0, 13.52%, 0, 0, 3, 30.97, 2316793, 458, 0, 0
10731, 1119, 45, 70, 0, 0, 13.52%, 0, 0, 3, 34.96, 2317610, 458, 0, 0
10736, 1120, 4, 70, 0, 0, 13.52%, 0, 0, 3, 36.81, 2318427, 458, 0, 0
10741, 1120, 35, 70, 0, 0, 13.52%, 0, 0, 3, 44.50, 2319256, 458, 0, 0
10746, 1120, 60, 70, 0, 0, 13.52%, 0, 0, 3, 328.91, 2320002, 458, 0, 0
10751, 1121, 4, 70, 0, 0, 13.52%, 0, 0, 3, 228.64, 2320452, 458, 0, 0
10756, 1121, 26, 70, 0, 0, 13.52%, 0, 0, 3, 38.46, 2321111, 458, 0, 0
10762, 1121, 50, 70, 0, 0, 13.52%, 0, 0, 3, 31.03, 2321902, 458, 0, 0
10767, 1122, 11, 70, 0, 0, 13.52%, 0, 0, 3, 31.64, 2322703, 458, 0, 0
10772, 1122, 45, 70, 0, 0, 13.52%, 0, 0, 3, 30.96, 2323512, 458, 0, 0
10777, 1123, 2, 70, 0, 0, 13.52%, 0, 0, 3, 51.31, 2324297, 458, 0, 0
10782, 1123, 30, 70, 0, 0, 13.52%, 0, 0, 3, 323.84, 2324942, 458, 0, 0
10787, 1123, 50, 70, 0, 0, 13.52%, 0, 0, 3, 211.18, 2325472, 458, 0, 0
10792, 1124, 4, 70, 0, 0, 13.52%, 0, 0, 3, 34.02, 2326046, 458, 0, 0
10798, 1124, 31, 70, 0, 0, 13.52%, 0, 0, 3, 31.69, 2326854, 458, 0, 0
10803, 1124, 58, 70, 0, 0, 13.52%, 0, 0, 3, 33.79, 2327627, 458, 0, 0
10808, 1125, 25, 70, 0, 0, 13.52%, 0, 0, 3, 30.57, 2328432, 458, 0, 0
10813, 1125, 48, 70, 0, 0, 13.52%, 0, 0, 3, 54.40, 2329229, 458, 0, 0
10818, 1125, 68, 70, 0, 0, 13.52%, 0, 0, 3, 316.22, 2329883, 458, 0, 0
10823, 1126, 58, 70, 0, 0, 13.52%, 0, 0, 3, 320.43, 2331559, 458, 0, 0
10829, 1127, 31, 70, 0, 0, 13.52%, 0, 0, 3, 320.24, 2332917, 458, 0, 0
10834, 1128, 21, 70, 0, 0, 13.52%, 0, 0, 3, 315.81, 2334547, 458, 0, 0
10839, 1128, 62, 70, 0, 0, 13.52%, 0, 0, 3, 305.17, 2336082, 458, 0, 0
10844, 1129, 42, 70, 0, 0, 13.52%, 0, 0, 3, 302.32, 2337610, 458, 0, 0
10849, 1130, 21, 70, 0, 0, 13.52%, 0, 0, 3, 259.35, 2338861, 458, 0, 0
10854, 1130, 58, 70, 0, 0, 13.52%, 0, 0, 3, 251.24, 2340122, 458, 0, 0
10859, 1131, 40, 70, 0, 0, 13.52%, 0, 0, 3, 279.04, 2341506, 458, 0, 0
10864, 1132, 21, 70, 0, 0, 13.52%, 0, 0, 3, 299.16, 2343071, 458, 0, 0
10869, 1133, 2, 70, 0, 0, 13.52%, 0, 0, 3, 301.62, 2344598, 458, 0, 0
10874, 1133, 53, 70, 0, 0, 13.52%, 0, 0, 3, 300.99, 2346134, 458, 0, 0
10879, 1134, 26, 70, 0, 0, 13.52%, 0, 0, 3, 276.92, 2347481, 458, 0, 0
10884, 1135, 11, 70, 0, 0, 13.52%, 0, 0, 3, 300.79, 2349022, 458, 0, 0
10890, 1136, 0, 70, 0, 0, 13.52%, 0, 0, 3, 305.10, 2350610, 458, 0, 0
10895, 1136, 53, 70, 0, 0, 13.52%, 0, 0, 3, 303.09, 2352128, 458, 0, 0
10900, 1137, 36, 70, 0, 0, 13.52%, 0, 0, 3, 278.99, 2353551, 458, 0, 0
10905, 1138, 24, 70, 0, 0, 13.52%, 0, 0, 3, 300.53, 2355066, 458, 0, 0
10910, 1139, 11, 70, 0, 0, 13.52%, 0, 0, 3, 310.47, 2356686, 458, 0, 0
10915, 1139, 62, 70, 0, 0, 13.52%, 0, 0, 3, 311.39, 2358258, 458, 0, 0
10920, 1140, 45, 70, 0, 0, 13.52%, 0, 0, 3, 293.52, 2359816, 458, 0, 0
10925, 1141, 30, 70, 0, 0, 13.52%, 0, 0, 3, 307.94, 2361352, 458, 0, 0
10930, 1142, 5, 70, 0, 0, 13.52%, 0, 0, 3, 310.20, 2362915, 458, 0, 0
10935, 1142, 58, 70, 0, 0, 13.52%, 0, 0, 3, 308.16, 2364457, 458, 0, 0
10940, 1143, 48, 70, 0, 0, 13.52%, 0, 0, 3, 312.47, 2366067, 458, 0, 0
10945, 1144, 30, 70, 0, 0, 13.52%, 0, 0, 3, 295.53, 2367516, 458, 0, 0
10951, 1145, 17, 70, 0, 0, 13.52%, 0, 0, 3, 312.61, 2369166, 458, 0, 0
10956, 1145, 63, 70, 0, 0, 13.52%, 0, 0, 3, 312.20, 2370735, 458, 0, 0
10961, 1146, 34, 70, 0, 0, 13.52%, 0, 0, 3, 315.23, 2372320, 458, 0, 0
10966, 1147, 26, 70, 0, 0, 13.52%, 0, 0, 3, 305.81, 2373835, 458, 0, 0
10971, 1148, 25, 70, 0, 0, 13.52%, 0, 0, 3, 308.68, 2375442, 458, 0, 0
10976, 1149, 21, 70, 0, 0, 13.52%, 0, 0, 3, 310.37, 2377042, 458, 0, 0
10981, 1149, 62, 70, 0, 0, 13.52%, 0, 0, 3, 311.57, 2378614, 458, 0, 0
10986, 1150, 50, 70, 0, 0, 13.52%, 0, 0, 3, 304.70, 2380148, 458, 0, 0
10991, 1151, 42, 70, 0, 0, 13.52%, 0, 0, 3, 308.61, 2381720, 458, 0, 0
10997, 1152, 30, 70, 0, 0, 13.52%, 0, 0, 3, 314.12, 2383353, 458, 0, 0
11002, 1153, 24, 70, 0, 0, 13.52%, 0, 0, 3, 314.09, 2384983, 458, 0, 0
11007, 1153, 62, 70, 0, 0, 13.52%, 0, 0, 3, 296.39, 2386481, 458, 0, 0
11012, 1154, 50, 70, 0, 0, 13.52%, 0, 0, 3, 305.93, 2388092, 458, 0, 0
11017, 1155, 32, 70, 0, 0, 13.52%, 0, 0, 3, 312.16, 2389658, 458, 0, 0
11022, 1156, 30, 70, 0, 0, 13.52%, 0, 0, 3, 315.23, 2391286, 458, 0, 0
11027, 1157, 11, 70, 0, 0, 13.52%, 0, 0, 3, 302.04, 2392776, 458, 0, 0
11032, 1157, 66, 70, 0, 0, 13.52%, 0, 0, 3, 307.97, 2394346, 458, 0, 0
11038, 1158, 53, 70, 0, 0, 13.52%, 0, 0, 3, 313.14, 2395976, 458, 0, 0
11043, 1159, 53, 70, 0, 0, 13.52%, 0, 0, 3, 315.84, 2397610, 458, 0, 0
11048, 1160, 31, 70, 0, 0, 13.52%, 0, 0, 3, 292.72, 2399056, 458, 0, 0
11053, 1161, 25, 70, 0, 0, 13.52%, 0, 0, 3, 307.12, 2400660, 458, 0, 0
11058, 1161, 69, 70, 0, 0, 13.52%, 0, 0, 3, 315.24, 2402301, 458, 0, 0
11063, 1162, 53, 70, 0, 0, 13.52%, 0, 0, 3, 318.50, 2403934, 458, 0, 0
11068, 1163, 48, 70, 0, 0, 13.52%, 0, 0, 3, 294.89, 2405461, 458, 0, 0
11074, 1164, 42, 70, 0, 0, 13.52%, 0, 0, 3, 312.90, 2407098, 458, 0, 0
11079, 1165, 25, 70, 0, 0, 13.52%, 0, 0, 3, 316.95, 2408734, 458, 0, 0
11084, 1166, 11, 70, 0, 0, 13.52%, 0, 0, 3, 311.50, 2410358, 458, 0, 0
11089, 1166, 58, 70, 0, 0, 13.52%, 0, 0, 3, 283.89, 2411861, 458, 0, 0
11094, 1167, 53, 70, 0, 0, 13.52%, 0, 0, 3, 311.40, 2413510, 458, 0, 0
11099, 1168, 50, 70, 0, 0, 13.52%, 0, 0, 3, 316.60, 2415098, 458, 0, 0
11104, 1169, 45, 70, 0, 0, 13.52%, 0, 0, 3, 317.46, 2416746, 458, 0, 0
11110, 1170, 25, 70, 0, 0, 13.52%, 0, 0, 3, 284.92, 2418251, 458, 0, 0
11115, 1171, 25, 70, 0, 0, 13.52%, 0, 0, 3, 310.73, 2419898, 458, 0, 0
11120, 1172, 20, 70, 0, 0, 13.52%, 0, 0, 3, 317.56, 2421528, 458, 0, 0
11125, 1172, 48, 70, 0, 0, 13.52%, 0, 0, 3, 335.00, 2422631, 458, 0, 0
11130, 1173, 42, 70, 0, 0, 13.52%, 0, 0, 3, 323.82, 2424282, 458, 0, 0
11135, 1174, 21, 70, 0, 0, 13.52%, 0, 0, 3, 331.73, 2425504, 458, 0, 0
11140, 1175, 4, 70, 0, 0, 13.52%, 0, 0, 3, 323.28, 2427128, 458, 0, 0
11145, 1175, 62, 70, 0, 0, 13.52%, 0, 0, 3, 321.42, 2428798, 458, 0, 0
11150, 1176, 45, 70, 0, 0, 13.52%, 0, 0, 3, 31.33, 2430276, 458, 0, 0
11156, 1177, 26, 70, 0, 0, 13.52%, 0, 0, 3, 320.69, 2431692, 458, 0, 0
11161, 1178, 21, 70, 0, 0, 13.52%, 0, 0, 3, 320.62, 2433310, 458, 0, 0
11166, 1178, 58, 70, 0, 0, 13.52%, 0, 0, 3, 31.56, 2434642, 458, 0, 0
11171, 1179, 42, 70, 0, 0, 13.52%, 0, 0, 3, 319.92, 2436133, 458, 0, 0
11176, 1180, 31, 70, 0, 0, 13.52%, 0, 0, 3, 321.83, 2437751, 458, 0, 0
11181, 1181, 6, 70, 0, 0, 13.52%, 0, 0, 3, 30.81, 2439063, 458, 0, 0
11186, 1181, 62, 70, 0, 0, 13.52%, 0, 0, 3, 300.93, 2440646, 458, 0, 0
11191, 1182, 53, 70, 0, 0, 13.52%, 0, 0, 3, 316.90, 2442271, 458, 0, 0
11196, 1183, 30, 70, 0, 0, 13.52%, 0, 0, 3, 31.34, 2443562, 458, 0, 0
11201, 1184, 24, 70, 0, 0, 13.52%, 0, 0, 3, 292.45, 2445191, 458, 0, 0
11206, 1185, 2, 70, 0, 0, 13.52%, 0, 0, 3, 314.13, 2446834, 458, 0, 0
11211, 1185, 45, 70, 0, 0, 13.52%, 0, 0, 3, 318.98, 2448082, 458, 0, 0
11217, 1186, 30, 70, 0, 0, 13.52%, 0, 0, 3, 316.82, 2449710, 458, 0, 0
11222, 1187, 25, 70, 0, 0, 13.52%, 0, 0, 3, 319.72, 2451352, 458, 0, 0
11227, 1187, 62, 70, 0, 0, 13.52%, 0, 0, 3, 325.68, 2452576, 458, 0, 0
11232, 1188, 58, 70, 0, 0, 13.52%, 0, 0, 3, 321.86, 2454246, 458, 0, 0
11237, 1189, 50, 70, 0, 0, 13.52%, 0, 0, 3, 320.98, 2455857, 458, 0, 0
11242, 1190, 25, 70, 0, 0, 13.52%, 0, 0, 3, 323.18, 2457121, 458, 0, 0
11247, 1191, 5, 70, 0, 0, 13.52%, 0, 0, 3, 323.07, 2458745, 458, 0, 0
11253, 1191, 53, 70, 0, 0, 13.52%, 0, 0, 3, 30.99, 2460149, 458, 0, 0
11258, 1192, 42, 70, 0, 0, 13.52%, 0, 0, 3, 309.82, 2461578, 458, 0, 0
11263, 1193, 26, 70, 0, 0, 13.52%, 0, 0, 3, 319.49, 2463190, 458, 0, 0
11268, 1194, 2, 70, 0, 0, 13.52%, 0, 0, 3, 193.00, 2464426, 458, 0, 0
11273, 1194, 62, 70, 0, 0, 13.52%, 0, 0, 3, 295.94, 2466081, 458, 0, 0
11278, 1195, 58, 70, 0, 0, 13.52%, 0, 0, 3, 317.09, 2467760, 458, 0, 0
11283, 1196, 31, 70, 0, 0, 13.52%, 0, 0, 3, 244.30, 2468992, 458, 0, 0
11288, 1197, 25, 70, 0, 0, 13.52%, 0, 0, 3, 303.01, 2470614, 458, 0, 0
11293, 1198, 11, 70, 0, 0, 13.52%, 0, 0, 3, 312.92, 2472208, 458, 0, 0
11298, 1198, 53, 70, 0, 0, 13.52%, 0, 0, 3, 308.25, 2473448, 458, 0, 0
11303, 1199, 45, 70, 0, 0, 13.52%, 0, 0, 3, 319.12, 2475066, 458, 0, 0
11308, 1200, 26, 70, 0, 0, 13.52%, 0, 0, 3, 31.66, 2476520, 458, 0, 0
11314, 1201, 8, 70, 0, 0, 13.52%, 0, 0, 3, 298.14, 2477981, 458, 0, 0
11319, 1201, 63, 70, 0, 0, 13.52%, 0, 0, 3, 314.99, 2479595, 458, 0, 0
11324, 1202, 45, 70, 0, 0, 13.52%, 0, 0, 3, 325.83, 2480823, 458, 0, 0
11329, 1203, 31, 70, 0, 0, 13.52%, 0, 0, 3, 317.90, 2482453, 458, 0, 0
11334, 1204, 26, 70, 0, 0, 13.52%, 0, 0, 3, 317.35, 2484035, 458, 0, 0
11339, 1205, 0, 70, 0, 0, 13.52%, 0, 0, 3, 321.76, 2485229, 458, 0, 0
11344, 1205, 50, 70, 0, 0, 13.52%, 0, 0, 3, 322.02, 2486846, 458, 0, 0
11349, 1206, 31, 70, 0, 0, 13.52%, 0, 0, 3, 31.33, 2488315, 458, 0, 0
11354, 1207, 25, 70, 0, 0, 13.52%, 0, 0, 3, 319.28, 2489685, 458, 0, 0
11359, 1208, 19, 70, 0, 0, 13.52%, 0, 0, 3, 318.52, 2491339, 458, 0, 0
11364, 1208, 58, 70, 0, 0, 13.52%, 0, 0, 3, 245.12, 2492593, 458, 0, 0
11369, 1209, 48, 70, 0, 0, 13.52%, 0, 0, 3, 299.93, 2494226, 458, 0, 0
11374, 1210, 26, 70, 0, 0, 13.52%, 0, 0, 3, 328.05, 2495627, 458, 0, 0
11380, 1211, 4, 70, 0, 0, 13.52%, 0, 0, 3, 314.35, 2497109, 458, 0, 0
11385, 1211, 62, 70, 0, 0, 13.52%, 0, 0, 3, 298.13, 2498546, 458, 0, 0
11390, 1212, 48, 70, 0, 0, 13.52%, 0, 0, 3, 326.95, 2500079, 458, 0, 0
11395, 1213, 25, 70, 0, 0, 13.52%, 0, 0, 3, 326.97, 2501539, 458, 0, 0
11400, 1214, 11, 70, 0, 0, 13.52%, 0, 0, 3, 290.44, 2502960, 458, 0, 0
11405, 1214, 64, 70, 0, 0, 13.52%, 0, 0, 3, 300.59, 2504496, 458, 0, 0
11410, 1215, 42, 70, 0, 0, 13.52%, 0, 0, 3, 287.68, 2505866, 458, 0, 0
11415, 1216, 25, 70, 0, 0, 13.52%, 0, 0, 3, 297.03, 2507263, 458, 0, 0
11420, 1217, 2, 70, 0, 0, 13.52%, 0, 0, 3, 304.54, 2508839, 458, 0, 0
11425, 1217, 53, 70, 0, 0, 13.52%, 0, 0, 3, 313.43, 2510184, 458, 0, 0
11431, 1218, 39, 70, 0, 0, 13.52%, 0, 0, 3, 31.83, 2511657, 458, 0, 0
11436, 1219, 26, 70, 0, 0, 13.52%, 0, 0, 3, 305.96, 2513191, 458, 0, 0
11441, 1219, 69, 70, 0, 0, 13.52%, 0, 0, 3, 263.42, 2514621, 458, 0, 0
11446, 1220, 42, 70, 0, 0, 13.52%, 0, 0, 3, 61.00, 2516046, 458, 0, 0
11451, 1221, 2, 70, 0, 0, 13.52%, 0, 0, 3, 31.51, 2516934, 458, 0, 0
11456, 1221, 45, 70, 0, 0, 13.52%, 0, 0, 3, 31.25, 2518106, 458, 0, 0
11461, 1222, 11, 70, 0, 0, 13.52%, 0, 0, 3, 277.26, 2519206, 458, 0, 0
11466, 1222, 48, 70, 0, 0, 13.52%, 0, 0, 3, 321.86, 2520114, 458, 0, 0
11472, 1223, 13, 70, 0, 0, 13.52%, 0, 0, 3, 324.91, 2521048, 458, 0, 0
11477, 1223, 31, 70, 0, 0, 13.52%, 0, 0, 3, 31.69, 2522126, 458, 0, 0
11482, 1224, 4, 70, 0, 0, 13.52%, 0, 0, 3, 31.66, 2523268, 458, 0, 0
11487, 1224, 48, 70, 0, 0, 13.52%, 0, 0, 3, 310.55, 2524372, 458, 0, 0
11492, 1225, 11, 70, 0, 0, 13.52%, 0, 0, 3, 318.63, 2525278, 458, 0, 0
11497, 1225, 37, 70, 0, 0, 13.52%, 0, 0, 3, 321.88, 2526142, 458, 0, 0
11502, 1225, 58, 70, 0, 0, 13.52%, 0, 0, 3, 289.45, 2526946, 458, 0, 0
11507, 1226, 25, 70, 0, 0, 13.52%, 0, 0, 3, 31.40, 2527869, 458, 0, 0
11512, 1226, 62, 70, 0, 0, 13.52%, 0, 0, 3, 31.51, 2528943, 458, 0, 0
11517, 1227, 26, 70, 0, 0, 13.52%, 0, 0, 3, 31.65, 2529998, 458, 0, 0
11523, 1227, 69, 70, 0, 0, 13.52%, 0, 0, 3, 255.50, 2530986, 458, 0, 0
11528, 1228, 27, 70, 0, 0, 13.52%, 0, 0, 3, 327.58, 2531754, 458, 0, 0
11533, 1228, 58, 70, 0, 0, 13.52%, 0, 0, 3, 240.23, 2532548, 458, 0, 0
11538, 1229, 12, 70, 0, 0, 13.52%, 0, 0, 3, 318.41, 2533289, 458, 0, 0
11543, 1229, 41, 70, 0, 0, 13.52%, 0, 0, 3, 30.98, 2534216, 458, 0, 0
11548, 1230, 4, 70, 0, 0, 13.52%, 0, 0, 3, 31.44, 2535231, 458, 0, 0
11553, 1230, 48, 70, 0, 0, 13.52%, 0, 0, 3, 31.83, 2536208, 458, 0, 0
11559, 1231, 21, 70, 0, 0, 13.52%, 0, 0, 3, 317.47, 2537178, 458, 0, 0
11564, 1231, 45, 70, 0, 0, 13.52%, 0, 0, 3, 330.22, 2537896, 458, 0, 0
11569, 1231, 69, 70, 0, 0, 13.52%, 0, 0, 3, 324.37, 2538635, 458, 0, 0
11574, 1232, 26, 70, 0, 0, 13.52%, 0, 0, 3, 287.14, 2539316, 458, 0, 0
11579, 1232, 50, 70, 0, 0, 13.52%, 0, 0, 3, 30.94, 2540142, 458, 0, 0
11584, 1233, 21, 70, 0, 0, 13.52%, 0, 0, 3, 31.39, 2541066, 458, 0, 0
11589, 1233, 47, 70, 0, 0, 13.52%, 0, 0, 3, 31.42, 2541985, 458, 0, 0
11594, 1234, 20, 70, 0, 0, 13.52%, 0, 0, 3, 311.41, 2542916, 458, 0, 0
11600, 1234, 42, 70, 0, 0, 13.52%, 0, 0, 3, 323.44, 2543634, 458, 0, 0
11605, 1234, 58, 70, 0, 0, 13.52%, 0, 0, 3, 323.62, 2544282, 458, 0, 0
11610, 1235, 14, 70, 0, 0, 13.52%, 0, 0, 3, 321.78, 2544934, 458, 0, 0
11615, 1235, 42, 70, 0, 0, 13.52%, 0, 0, 3, 31.56, 2545753, 458, 0, 0
11620, 1236, 2, 70, 0, 0, 13.52%, 0, 0, 3, 31.20, 2546655, 458, 0, 0
11625, 1236, 31, 70, 0, 0, 13.52%, 0, 0, 3, 31.33, 2547560, 458, 0, 0
11630, 1236, 66, 70, 0, 0, 13.52%, 0, 0, 3, 31.75, 2548392, 458, 0, 0
11636, 1237, 24, 70, 0, 0, 13.52%, 0, 0, 3, 313.44, 2549222, 458, 0, 0
11641, 1237, 45, 70, 0, 0, 13.52%, 0, 0, 3, 305.82, 2549892, 458, 0, 0
11646, 1237, 62, 70, 0, 0, 13.52%, 0, 0, 3, 306.19, 2550498, 458, 0, 0
11651, 1238, 21, 70, 0, 0, 13.52%, 0, 0, 3, 41.45, 2551129, 458, 0, 0
11656, 1238, 45, 70, 0, 0, 13.52%, 0, 0, 3, 31.65, 2551966, 458, 0, 0
11661, 1238, 69, 70, 0, 0, 13.52%, 0, 0, 3, 31.74, 2552788, 458, 0, 0
11666, 1239, 25, 70, 0, 0, 13.52%, 0, 0, 3, 31.60, 2553594, 458, 0, 0
11671, 1239, 53, 70, 0, 0, 13.52%, 0, 0, 3, 30.48, 2554443, 458, 0, 0
11676, 1240, 11, 70, 0, 0, 13.52%, 0, 0, 3, 319.79, 2555176, 458, 0, 0
11681, 1240, 42, 70, 0, 0, 13.52%, 0, 0, 3, 318.88, 2555852, 458, 0, 0
11687, 1240, 58, 70, 0, 0, 13.52%, 0, 0, 3, 36.81, 2556326, 458, 0, 0
11692, 1241, 18, 70, 0, 0, 13.52%, 0, 0, 3, 31.10, 2557219, 458, 0, 0
11697, 1241, 45, 70, 0, 0, 13.52%, 0, 0, 3, 31.29, 2558120, 458, 0, 0
11702, 1242, 3, 70, 0, 0, 13.52%, 0, 0, 3, 259.42, 2558916, 458, 0, 0
11707, 1242, 24, 70, 0, 0, 13.52%, 0, 0, 3, 330.93, 2559367, 458, 0, 0
11712, 1242, 42, 70, 0, 0, 13.52%, 0, 0, 3, 31.68, 2560058, 458, 0, 0
11717, 1243, 11, 70, 0, 0, 13.52%, 0, 0, 3, 31.42, 2560981, 458, 0, 0
11722, 1243, 48, 70, 0, 0, 13.52%, 0, 0, 3, 31.81, 2561874, 458, 0, 0
11728, 1244, 4, 70, 0, 0, 13.52%, 0, 0, 3, 325.23, 2562585, 458, 0, 0
11733, 1244, 23, 70, 0, 0, 13.52%, 0, 0, 3, 316.94, 2563045, 458, 0, 0
11738, 1244, 45, 70, 0, 0, 13.52%, 0, 0, 3, 31.46, 2563810, 458, 0, 0
11743, 1245, 4, 70, 0, 0, 13.52%, 0, 0, 3, 31.51, 2564670, 458, 0, 0
11748, 1245, 42, 70, 0, 0, 13.52%, 0, 0, 3, 31.45, 2565581, 458, 0, 0
11753, 1245, 62, 70, 0, 0, 13.52%, 0, 0, 3, 328.11, 2566184, 458, 0, 0
11758, 1246, 24, 70, 0, 0, 13.52%, 0, 0, 3, 199.76, 2566757, 458, 0, 0
11764, 1246, 48, 70, 0, 0, 13.52%, 0, 0, 3, 30.73, 2567472, 458, 0, 0
11769, 1247, 11, 70, 0, 0, 13.52%, 0, 0, 3, 36.55, 2568337, 458, 0, 0
11774, 1247, 34, 70, 0, 0, 13.52%, 0, 0, 3, 30.75, 2569181, 458, 0, 0
11779, 1247, 62, 70, 0, 0, 13.52%, 0, 0, 3, 291.52, 2570014, 458, 0, 0
11784, 1248, 21, 70, 0, 0, 13.52%, 0, 0, 3, 231.18, 2570628, 458, 0, 0
11789, 1248, 41, 70, 0, 0, 13.52%, 0, 0, 3, 253.12, 2571172, 458, 0, 0
11795, 1248, 58, 70, 0, 0, 13.52%, 0, 0, 3, 30.88, 2571862, 458, 0, 0
11800, 1249, 21, 70, 0, 0, 13.52%, 0, 0, 3, 31.01, 2572721, 458, 0, 0
11805, 1249, 45, 70, 0, 0, 13.52%, 0, 0, 3, 30.54, 2573574, 458, 0, 0
11810, 1250, 4, 70, 0, 0, 13.52%, 0, 0, 3, 283.27, 2574376, 458, 0, 0
11815, 1250, 26, 70, 0, 0, 13.52%, 0, 0, 3, 319.95, 2574902, 458, 0, 0
11820, 1250, 48, 70, 0, 0, 13.52%, 0, 0, 3, 174.13, 2575336, 458, 0, 0
11825, 1251, 2, 70, 0, 0, 13.52%, 0, 0, 3, 31.56, 2576128, 458, 0, 0
11830, 1251, 31, 70, 0, 0, 13.52%, 0, 0, 3, 31.53, 2576995, 458, 0, 0
11835, 1251, 69, 70, 0, 0, 13.52%, 0, 0, 3, 305.65, 2577832, 458, 0, 0
11841, 1252, 26, 70, 0, 0, 13.52%, 0, 0, 3, 321.81, 2578484, 458, 0, 0
11846, 1252, 42, 70, 0, 0, 13.52%, 0, 0, 3, 287.65, 2578996, 458, 0, 0
11851, 1252, 62, 70, 0, 0, 13.52%, 0, 0, 3, 31.54, 2579667, 458, 0, 0
11856, 1253, 26, 70, 0, 0, 13.52%, 0, 0, 3, 31.35, 2580503, 458, 0, 0
11861, 1253, 58, 70, 0, 0, 13.52%, 0, 0, 3, 31.30, 2581330, 458, 0, 0
11866, 1254, 24, 70, 0, 0, 13.52%, 0, 0, 3, 258.63, 2582086, 458, 0, 0
11871, 1254, 34, 70, 0, 0, 13.52%, 0, 0, 3, 261.93, 2582716, 458, 0, 0
11876, 1254, 53, 70, 0, 0, 13.52%, 0, 0, 3, 310.21, 2583226, 458, 0, 0
11881, 1255, 11, 70, 0, 0, 13.52%, 0, 0, 3, 31.60, 2583857, 458, 0, 0
11886, 1255, 37, 70, 0, 0, 13.52%, 0, 0, 3, 31.51, 2584671, 458, 0, 0
11892, 1255, 58, 70, 0, 0, 13.52%, 0, 0, 3, 31.76, 2585470, 458, 0, 0
11897, 1256, 25, 70, 0, 0, 13.52%, 0, 0, 3, 31.25, 2586267, 458, 0, 0
11902, 1256, 53, 70, 0, 0, 13.52%, 0, 0, 3, 313.49, 2587066, 458, 0, 0
11907, 1257, 4, 70, 0, 0, 13.52%, 0, 0, 3, 234.41, 2587560, 458, 0, 0
11912, 1257, 26, 70, 0, 0, 13.52%, 0, 0, 3, 330.00, 2588108, 458, 0, 0
11917, 1257, 48, 70, 0, 0, 13.52%, 0, 0, 3, 44.30, 2588770, 458, 0, 0
11922, 1258, 11, 70, 0, 0, 13.52%, 0, 0, 3, 31.43, 2589622, 458, 0, 0
11927, 1258, 45, 70, 0, 0, 13.52%, 0, 0, 3, 31.59, 2590497, 458, 0, 0
11932, 1259, 2, 70, 0, 0, 13.52%, 0, 0, 3, 278.67, 2591186, 458, 0, 0
11938, 1259, 21, 70, 0, 0, 13.52%, 0, 0, 3, 328.36, 2591600, 458, 0, 0
11943, 1259, 42, 70, 0, 0, 13.52%, 0, 0, 3, 31.12, 2592410, 458, 0, 0
11948, 1260, 2, 70, 0, 0, 13.52%, 0, 0, 3, 31.35, 2593251, 458, 0, 0
11953, 1260, 36, 70, 0, 0, 13.52%, 0, 0, 3, 307.58, 2594135, 458, 0, 0
11958, 1260, 53, 70, 0, 0, 13.52%, 0, 0, 3, 325.37, 2594623, 458, 0, 0
11963, 1260, 69, 70, 0, 0, 13.52%, 0, 0, 3, 31.67, 2595157, 458, 0, 0
11968, 1261, 27, 70, 0, 0, 13.52%, 0, 0, 3, 31.38, 2596025, 458, 0, 0
11974, 1261, 53, 70, 0, 0, 13.52%, 0, 0, 3, 31.17, 2596871, 458, 0, 0
11979, 1262, 4, 70, 0, 0, 13.52%, 0, 0, 3, 283.91, 2597501, 458, 0, 0
11984, 1262, 21, 70, 0, 0, 13.52%, 0, 0, 3, 39.74, 2597900, 458, 0, 0
11989, 1262, 48, 70, 0, 0, 13.52%, 0, 0, 3, 31.20, 2598736, 458, 0, 0
11994, 1263, 11, 70, 0, 0, 13.52%, 0, 0, 3, 31.46, 2599586, 458, 0, 0
11999, 1263, 42, 70, 0, 0, 13.52%, 0, 0, 3, 311.17, 2600452, 458, 0, 0
12004, 1263, 62, 70, 0, 0, 13.52%, 0, 0, 3, 315.54, 2601040, 458, 0, 0
12009, 1264, 6, 70, 0, 0, 13.52%, 0, 0, 3, 189.05, 2601472, 458, 0, 0
12014, 1264, 45, 70, 0, 0, 13.52%, 0, 0, 3, 31.37, 2602320, 458, 0, 0
12019, 1265, 4, 70, 0, 0, 13.52%, 0, 0, 3, 31.45, 2603158, 458, 0, 0
12024, 1265, 41, 70, 0, 0, 13.52%, 0, 0, 3, 316.64, 2603976, 458, 0, 0
12029, 1265, 53, 70, 0, 0, 13.52%, 0, 0, 3, 330.75, 2604392, 458, 0, 0
12035, 1266, 2, 70, 0, 0, 13.52%, 0, 0, 3, 31.17, 2605013, 458, 0, 0
12040, 1266, 30, 70, 0, 0, 13.52%, 0, 0, 3, 31.48, 2605848, 458, 0, 0
12045, 1266, 62, 70, 0, 0, 13.52%, 0, 0, 3, 31.26, 2606680, 458, 0, 0
12050, 1267, 25, 70, 0, 0, 13.52%, 0, 0, 3, 329.12, 2607445, 458, 0, 0
12055, 1267, 45, 70, 0, 0, 13.52%, 0, 0, 3, 316.08, 2607997, 458, 0, 0
12060, 1267, 62, 70, 0, 0, 13.52%, 0, 0, 3, 272.28, 2608511, 458, 0, 0
12065, 1268, 25, 70, 0, 0, 13.52%, 0, 0, 3, 31.73, 2609270, 458, 0, 0
12070, 1268, 53, 70, 0, 0, 13.52%, 0, 0, 3, 31.46, 2610076, 458, 0, 0
12075, 1269, 24, 70, 0, 0, 13.52%, 0, 0, 3, 31.21, 2610866, 458, 0, 0
12080, 1269, 48, 70, 0, 0, 13.52%, 0, 0, 3, 31.65, 2611667, 458, 0, 0
12086, 1270, 2, 70, 0, 0, 13.52%, 0, 0, 3, 323.98, 2612397, 458, 0, 0
12091, 1270, 25, 70, 0, 0, 13.52%, 0, 0, 3, 318.73, 2612933, 458, 0, 0
12096, 1270, 45, 70, 0, 0, 13.52%, 0, 0, 3, 262.38, 2613490, 458, 0, 0
12101, 1271, 2, 70, 0, 0, 13.52%, 0, 0, 3, 31.59, 2614230, 458, 0, 0
12106, 1271, 31, 70, 0, 0, 13.52%, 0, 0, 3, 31.49, 2615053, 458, 0, 0
12111, 1271, 58, 70, 0, 0, 13.52%, 0, 0, 3, 31.37, 2615819, 458, 0, 0
12116, 1272, 25, 70, 0, 0, 13.52%, 0, 0, 3, 31.45, 2616633, 458, 0, 0
12121, 1272, 50, 70, 0, 0, 13.52%, 0, 0, 3, 326.48, 2617366, 458, 0, 0
12127, 1273, 2, 70, 0, 0, 13.52%, 0, 0, 3, 318.37, 2617972, 458, 0, 0
12132, 1273, 25, 70, 0, 0, 13.52%, 0, 0, 3, 39.02, 2618443, 458, 0, 0
12137, 1273, 50, 70, 0, 0, 13.52%, 0, 0, 3, 31.56, 2619204, 458, 0, 0
12142, 1274, 21, 70, 0, 0, 13.52%, 0, 0, 3, 31.32, 2620019, 458, 0, 0
12147, 1274, 45, 70, 0, 0, 13.52%, 0, 0, 3, 31.53, 2620824, 458, 0, 0
12152, 1275, 2, 70, 0, 0, 13.52%, 0, 0, 3, 31.78, 2621608, 458, 0, 0
12158, 1275, 30, 70, 0, 0, 13.52%, 0, 0, 3, 325.64, 2622248, 458, 0, 0
12163, 1275, 45, 70, 0, 0, 13.52%, 0, 0, 3, 30.99, 2622626, 458, 0, 0
12168, 1276, 11, 70, 0, 0, 13.52%, 0, 0, 3, 39.66, 2623497, 458, 0, 0
12173, 1276, 45, 70, 0, 0, 13.52%, 0, 0, 3, 40.86, 2624369, 458, 0, 0
12178, 1277, 2, 70, 0, 0, 13.52%, 0, 0, 3, 262.77, 2625166, 458, 0, 0
12183, 1277, 24, 70, 0, 0, 13.52%, 0, 0, 3, 325.73, 2625566, 458, 0, 0
12188, 1277, 45, 70, 0, 0, 13.52%, 0, 0, 3, 33.03, 2626263, 458, 0, 0
12193, 1278, 4, 70, 0, 0, 13.52%, 0, 0, 3, 31.11, 2627113, 458, 0, 0
12199, 1278, 30, 70, 0, 0, 13.52%, 0, 0, 3, 31.72, 2627959, 458, 0, 0
12204, 1278, 50, 70, 0, 0, 13.52%, 0, 0, 3, 320.42, 2628546, 458, 0, 0
12209, 1278, 69, 70, 0, 0, 13.52%, 0, 0, 3, 32.11, 2628965, 458, 0, 0
12214, 1279, 31, 70, 0, 0, 13.52%, 0, 0, 3, 39.06, 2629799, 458, 0, 0
12219, 1279, 58, 70, 0, 0, 13.52%, 0, 0, 3, 30.61, 2630668, 458, 0, 0
12224, 1280, 26, 70, 0, 0, 13.52%, 0, 0, 3, 312.27, 2631498, 458, 0, 0
12229, 1280, 45, 70, 0, 0, 13.52%, 0, 0, 3, 310.82, 2632016, 458, 0, 0
12234, 1280, 62, 70, 0, 0, 13.52%, 0, 0, 3, 31.51, 2632516, 458, 0, 0
12239, 1281, 24, 70, 0, 0, 13.52%, 0, 0, 3, 30.52, 2633378, 458, 0, 0
12245, 1281, 50, 70, 0, 0, 13.52%, 0, 0, 3, 31.71, 2634247, 458, 0, 0
12250, 1282, 4, 70, 0, 0, 13.52%, 0, 0, 3, 319.94, 2634958, 458, 0, 0
12255, 1282, 30, 70, 0, 0, 13.52%, 0, 0, 3, 334.87, 2635504, 458, 0, 0
12260, 1282, 48, 70, 0, 0, 13.52%, 0, 0, 3, 31.47, 2636051, 458, 0, 0
12265, 1283, 11, 70, 0, 0, 13.52%, 0, 0, 3, 31.42, 2636884, 458, 0, 0
12270, 1283, 48, 70, 0, 0, 13.52%, 0, 0, 3, 30.50, 2637737, 458, 0, 0
12275, 1284, 2, 70, 0, 0, 13.52%, 0, 0, 3, 257.75, 2638546, 458, 0, 0
12280, 1284, 26, 70, 0, 0, 13.52%, 0, 0, 3, 327.80, 2639134, 458, 0, 0
12286, 1284, 45, 70, 0, 0, 13.52%, 0, 0, 3, 325.00, 2639608, 458, 0, 0
12291, 1285, 4, 70, 0, 0, 13.52%, 0, 0, 3, 44.93, 2640388, 458, 0, 0
12296, 1285, 30, 70, 0, 0, 13.52%, 0, 0, 3, 31.24, 2641188, 458, 0, 0
12301, 1285, 58, 70, 0, 0, 13.52%, 0, 0, 3, 31.56, 2641986, 458, 0, 0
12306, 1286, 24, 70, 0, 0, 13.52%, 0, 0, 3, 299.17, 2642776, 458, 0, 0
12311, 1286, 42, 70, 0, 0, 13.52%, 0, 0, 3, 321.30, 2643352, 458, 0, 0
12316, 1286, 58, 70, 0, 0, 13.52%, 0, 0, 3, 255.47, 2643876, 458, 0, 0
12321, 1287, 24, 70, 0, 0, 13.52%, 0, 0, 3, 30.67, 2644525, 458, 0, 0
12326, 1287, 45, 70, 0, 0, 13.52%, 0, 0, 3, 31.62, 2645337, 458, 0, 0
12332, 1288, 2, 70, 0, 0, 13.52%, 0, 0, 3, 52.27, 2646125, 458, 0, 0
12337, 1288, 30, 70, 0, 0, 13.52%, 0, 0, 3, 31.25, 2646935, 458, 0, 0
12342, 1288, 53, 70, 0, 0, 13.52%, 0, 0, 3, 318.07, 2647641, 458, 0, 0
12347, 1289, 2, 70, 0, 0, 13.52%, 0, 0, 3, 286.98, 2648171, 458, 0, 0
12352, 1289, 24, 70, 0, 0, 13.52%, 0, 0, 3, 290.85, 2648746, 458, 0, 0
12357, 1289, 45, 70, 0, 0, 13.52%, 0, 0, 3, 30.77, 2649417, 458, 0, 0
12362, 1290, 2, 70, 0, 0, 13.52%, 0, 0, 3, 31.44, 2650234, 458, 0, 0
12367, 1290, 31, 70, 0, 0, 13.52%, 0, 0, 3, 31.85, 2651035, 458, 0, 0
12372, 1290, 62, 70, 0, 0, 13.52%, 0, 0, 3, 31.34, 2651793, 458, 0, 0
12378, 1291, 26, 70, 0, 0, 13.52%, 0, 0, 3, 315.96, 2652601, 458, 0, 0
12383, 1291, 48, 70, 0, 0, 13.52%, 0, 0, 3, 282.90, 2653176, 458, 0, 0
12388, 1291, 58, 70, 0, 0, 13.52%, 0, 0, 3, 31.23, 2653583, 458, 0, 0
12393, 1292, 26, 70, 0, 0, 13.52%, 0, 0, 3, 30.47, 2654449, 458, 0, 0
12398, 1292, 58, 70, 0, 0, 13.52%, 0, 0, 3, 31.25, 2655295, 458, 0, 0
12403, 1293, 6, 70, 0, 0, 13.52%, 0, 0, 3, 292.44, 2655866, 458, 0, 0
12408, 1293, 26, 70, 0, 0, 13.52%, 0, 0, 3, 31.00, 2656317, 458, 0, 0
12414, 1294, 21, 70, 0, 0, 13.52%, 0, 0, 3, 302.55, 2657877, 458, 0, 0
12419, 1295, 2, 70, 0, 0, 13.52%, 0, 0, 3, 318.91, 2659495, 458, 0, 0
12424, 1295, 69, 70, 0, 0, 13.52%, 0, 0, 3, 314.73, 2661123, 458, 0, 0
12429, 1296, 53, 70, 0, 0, 13.52%, 0, 0, 3, 290.74, 2662601, 458, 0, 0
12434, 1297, 45, 70, 0, 0, 13.52%, 0, 0, 3, 294.30, 2664041, 458, 0, 0
12439, 1298, 25, 70, 0, 0, 13.52%, 0, 0, 3, 258.66, 2665291, 458, 0, 0
12444, 1299, 4, 70, 0, 0, 13.52%, 0, 0, 3, 289.12, 2666791, 458, 0, 0
12449, 1299, 50, 70, 0, 0, 13.52%, 0, 0, 3, 292.08, 2668311, 458, 0, 0
12454, 1300, 31, 70, 0, 0, 13.52%, 0, 0, 3, 297.04, 2669836, 458, 0, 0
12459, 1301, 24, 70, 0, 0, 13.52%, 0, 0, 3, 274.99, 2671291, 458, 0, 0
12464, 1302, 2, 70, 0, 0, 13.52%, 0, 0, 3, 262.65, 2672586, 458, 0, 0
12469, 1302, 58, 70, 0, 0, 13.52%, 0, 0, 3, 279.99, 2673946, 458, 0, 0
12474, 1303, 48, 70, 0, 0, 13.52%, 0, 0, 3, 303.16, 2675498, 458, 0, 0
12479, 1304, 31, 70, 0, 0, 13.52%, 0, 0, 3, 305.49, 2677040, 458, 0, 0
12484, 1305, 25, 70, 0, 0, 13.52%, 0, 0, 3, 301.17, 2678552, 458, 0, 0
12490, 1306, 4, 70, 0, 0, 13.52%, 0, 0, 3, 276.37, 2679946, 458, 0, 0
12495, 1306, 69, 70, 0, 0, 13.52%, 0, 0, 3, 301.05, 2681492, 458, 0, 0
12500, 1307, 54, 70, 0, 0, 13.52%, 0, 0, 3, 315.14, 2683146, 458, 0, 0
12505, 1308, 45, 70, 0, 0, 13.52%, 0, 0, 3, 316.75, 2684734, 458, 0, 0
12510, 1309, 31, 70, 0, 0, 13.52%, 0, 0, 3, 317.70, 2686346, 458, 0, 0
12515, 1310, 24, 70, 0, 0, 13.52%, 0, 0, 3, 308.54, 2687882, 458, 0, 0
12520, 1311, 11, 70, 0, 0, 13.52%, 0, 0, 3, 309.68, 2689498, 458, 0, 0
12526, 1311, 60, 70, 0, 0, 13.52%, 0, 0, 3, 308.41, 2691092, 458, 0, 0
12531, 1312, 48, 70, 0, 0, 13.52%, 0, 0, 3, 314.45, 2692722, 458, 0, 0
12536, 1313, 30, 70, 0, 0, 13.52%, 0, 0, 3, 305.61, 2694234, 458, 0, 0
12541, 1314, 24, 70, 0, 0, 13.52%, 0, 0, 3, 315.43, 2695827, 458, 0, 0
12546, 1315, 11, 70, 0, 0, 13.52%, 0, 0, 3, 316.11, 2697473, 458, 0, 0
12551, 1316, 1, 70, 0, 0, 13.52%, 0, 0, 3, 314.22, 2699097, 458, 0, 0
12556, 1316, 58, 70, 0, 0, 13.52%, 0, 0, 3, 303.70, 2700621, 458, 0, 0
12562, 1317, 50, 70, 0, 0, 13.52%, 0, 0, 3, 309.39, 2702239, 458, 0, 0
12567, 1318, 48, 70, 0, 0, 13.52%, 0, 0, 3, 315.59, 2703879, 458, 0, 0
12572, 1319, 30, 70, 0, 0, 13.52%, 0, 0, 3, 318.64, 2705527, 458, 0, 0
12577, 1320, 21, 70, 0, 0, 13.52%, 0, 0, 3, 303.86, 2707045, 458, 0, 0
12582, 1321, 11, 70, 0, 0, 13.52%, 0, 0, 3, 313.44, 2708679, 458, 0, 0
12588, 1321, 69, 70, 0, 0, 13.52%, 0, 0, 3, 313.70, 2710315, 458, 0, 0
12593, 1322, 50, 70, 0, 0, 13.52%, 0, 0, 3, 314.86, 2711936, 458, 0, 0
12598, 1323, 31, 70, 0, 0, 13.52%, 0, 0, 3, 296.54, 2713421, 458, 0, 0
12603, 1324, 25, 70, 0, 0, 13.52%, 0, 0, 3, 308.85, 2714978, 458, 0, 0
12608, 1325, 11, 70, 0, 0, 13.52%, 0, 0, 3, 314.82, 2716602, 458, 0, 0
12613, 1325, 62, 70, 0, 0, 13.52%, 0, 0, 3, 315.06, 2718232, 458, 0, 0
12618, 1326, 50, 70, 0, 0, 13.52%, 0, 0, 3, 299.93, 2719741, 458, 0, 0
12624, 1327, 39, 70, 0, 0, 13.52%, 0, 0, 3, 313.17, 2721384, 458, 0, 0
12629, 1328, 24, 70, 0, 0, 13.52%, 0, 0, 3, 313.31, 2723014, 458, 0, 0
12634, 1329, 2, 70, 0, 0, 13.52%, 0, 0, 3, 310.97, 2724620, 458, 0, 0
12639, 1329, 53, 70, 0, 0, 13.52%, 0, 0, 3, 293.24, 2726126, 458, 0, 0
12644, 1330, 46, 70, 0, 0, 13.52%, 0, 0, 3, 313.21, 2727772, 458, 0, 0
12649, 1331, 30, 70, 0, 0, 13.52%, 0, 0, 3, 317.71, 2729410, 458, 0, 0
12654, 1332, 7, 70, 0, 0, 13.52%, 0, 0, 3, 317.14, 2730995, 458, 0, 0
12659, 1332, 62, 70, 0, 0, 13.52%, 0, 0, 3, 293.95, 2732471, 458, 0, 0
12665, 1333, 62, 70, 0, 0, 13.52%, 0, 0, 3, 313.64, 2734129, 458, 0, 0
12670, 1334, 42, 70, 0, 0, 13.52%, 0, 0, 3, 316.82, 2735765, 458, 0, 0
12675, 1335, 30, 70, 0, 0, 13.52%, 0, 0, 3, 315.71, 2737401, 458, 0, 0
12680, 1336, 24, 70, 0, 0, 13.52%, 0, 0, 3, 291.56, 2738876, 458, 0, 0
12685, 1337, 21, 70, 0, 0, 13.52%, 0, 0, 3, 314.75, 2740534, 458, 0, 0
12690, 1337, 61, 70, 0, 0, 13.52%, 0, 0, 3, 31.25, 2741830, 458, 0, 0
12695, 1338, 31, 70, 0, 0, 13.52%, 0, 0, 3, 287.12, 2743226, 458, 0, 0
12700, 1339, 11, 70, 0, 0, 13.52%, 0, 0, 3, 31.39, 2744497, 458, 0, 0
12705, 1339, 66, 70, 0, 0, 13.52%, 0, 0, 3, 319.29, 2746096, 458, 0, 0
12711, 1340, 58, 70, 0, 0, 13.52%, 0, 0, 3, 321.23, 2747766, 458, 0, 0
12716, 1341, 53, 70, 0, 0, 13.52%, 0, 0, 3, 317.56, 2749354, 458, 0, 0
12721, 1342, 28, 70, 0, 0, 13.52%, 0, 0, 3, 318.70, 2750590, 458, 0, 0
12726, 1343, 21, 70, 0, 0, 13.52%, 0, 0, 3, 320.57, 2752254, 458, 0, 0
12731, 1344, 11, 70, 0, 0, 13.52%, 0, 0, 3, 318.70, 2753914, 458, 0, 0
12736, 1344, 53, 70, 0, 0, 13.52%, 0, 0, 3, 285.07, 2755156, 458, 0, 0
12741, 1345, 45, 70, 0, 0, 13.52%, 0, 0, 3, 315.70, 2756832, 458, 0, 0
12747, 1346, 45, 70, 0, 0, 13.52%, 0, 0, 3, 320.62, 2758502, 458, 0, 0
12752, 1347, 24, 70, 0, 0, 13.52%, 0, 0, 3, 317.80, 2759759, 458, 0, 0
12757, 1347, 69, 70, 0, 0, 13.52%, 0, 0, 3, 318.33, 2761417, 458, 0, 0
12762, 1348, 62, 70, 0, 0, 13.52%, 0, 0, 3, 314.87, 2763017, 458, 0, 0
12767, 1349, 30, 70, 0, 0, 13.52%, 0, 0, 3, 247.44, 2764255, 458, 0, 0
12772, 1350, 26, 70, 0, 0, 13.52%, 0, 0, 3, 307.28, 2765911, 458, 0, 0
12777, 1351, 21, 70, 0, 0, 13.52%, 0, 0, 3, 318.11, 2767523, 458, 0, 0
12782, 1351, 58, 70, 0, 0, 13.52%, 0, 0, 3, 321.81, 2768759, 458, 0, 0
12787, 1352, 42, 70, 0, 0, 13.52%, 0, 0, 3, 319.35, 2770359, 458, 0, 0
12792, 1353, 4, 70, 0, 0, 13.52%, 0, 0, 3, 31.69, 2771593, 458, 0, 0
12798, 1353, 69, 70, 0, 0, 13.52%, 0, 0, 3, 306.23, 2773223, 458, 0, 0
12803, 1354, 53, 70, 0, 0, 13.52%, 0, 0, 3, 313.94, 2774807, 458, 0, 0
12808, 1355, 24, 70, 0, 0, 13.52%, 0, 0, 3, 273.58, 2775991, 458, 0, 0
12813, 1356, 3, 70, 0, 0, 13.52%, 0, 0, 3, 310.91, 2777641, 458, 0, 0
12818, 1356, 60, 70, 0, 0, 13.52%, 0, 0, 3, 319.93, 2779271, 458, 0, 0
12823, 1357, 30, 70, 0, 0, 13.52%, 0, 0, 3, 308.06, 2780507, 458, 0, 0
12828, 1358, 25, 70, 0, 0, 13.52%, 0, 0, 3, 319.79, 2782123, 458, 0, 0
12833, 1358, 69, 70, 0, 0, 13.52%, 0, 0, 3, 31.52, 2783559, 458, 0, 0
12838, 1359, 48, 70, 0, 0, 13.52%, 0, 0, 3, 317.66, 2784964, 458, 0, 0
12843, 1360, 45, 70, 0, 0, 13.52%, 0, 0, 3, 315.43, 2786604, 458, 0, 0
12848, 1361, 11, 70, 0, 0, 13.52%, 0, 0, 3, 320.99, 2787834, 458, 0, 0
12854, 1361, 58, 70, 0, 0, 13.52%, 0, 0, 3, 319.70, 2789476, 458, 0, 0
12859, 1362, 53, 70, 0, 0, 13.52%, 0, 0, 3, 321.51, 2791152, 458, 0, 0
12864, 1363, 31, 70, 0, 0, 13.52%, 0, 0, 3, 319.88, 2792404, 458, 0, 0
12869, 1364, 24, 70, 0, 0, 13.52%, 0, 0, 3, 318.91, 2794045, 458, 0, 0
12874, 1365, 2, 70, 0, 0, 13.52%, 0, 0, 3, 288.17, 2795271, 458, 0, 0
12879, 1365, 53, 70, 0, 0, 13.52%, 0, 0, 3, 313.05, 2796920, 458, 0, 0
12885, 1366, 42, 70, 0, 0, 13.52%, 0, 0, 3, 30.46, 2798315, 458, 0, 0
12890, 1367, 25, 70, 0, 0, 13.52%, 0, 0, 3, 320.85, 2799760, 458, 0, 0
12895, 1368, 2, 70, 0, 0, 13.52%, 0, 0, 3, 330.00, 2801188, 458, 0, 0
12900, 1368, 49, 70, 0, 0, 13.52%, 0, 0, 3, 317.85, 2802689, 458, 0, 0
12905, 1369, 25, 70, 0, 0, 13.52%, 0, 0, 3, 297.09, 2804141, 458, 0, 0
12910, 1370, 11, 70, 0, 0, 13.52%, 0, 0, 3, 303.19, 2805659, 458, 0, 0
12915, 1370, 58, 70, 0, 0, 13.52%, 0, 0, 3, 315.54, 2807101, 458, 0, 0
12920, 1371, 48, 70, 0, 0, 13.52%, 0, 0, 3, 282.18, 2808534, 458, 0, 0
12925, 1372, 30, 70, 0, 0, 13.52%, 0, 0, 3, 323.78, 2810047, 458, 0, 0
12930, 1373, 11, 70, 0, 0, 13.52%, 0, 0, 3, 332.78, 2811434, 458, 0, 0
12935, 1373, 58, 70, 0, 0, 13.52%, 0, 0, 3, 315.00, 2812845, 458, 0, 0
12940, 1374, 26, 70, 0, 0, 13.52%, 0, 0, 3, 321.16, 2814364, 458, 0, 0
12945, 1375, 21, 70, 0, 0, 13.52%, 0, 0, 3, 310.47, 2815852, 458, 0, 0
12951, 1376, 2, 70, 0, 0, 13.52%, 0, 0, 3, 297.61, 2817285, 458, 0, 0
12956, 1376, 53, 70, 0, 0, 13.52%, 0, 0, 3, 299.56, 2818766, 458, 0, 0
12961, 1377, 32, 70, 0, 0, 13.52%, 0, 0, 3, 326.52, 2820192, 458, 0, 0
12966, 1378, 14, 70, 0, 0, 13.52%, 0, 0, 3, 317.43, 2821610, 458, 0, 0
12971, 1378, 69, 70, 0, 0, 13.52%, 0, 0, 3, 302.12, 2823052, 458, 0, 0
12976, 1379, 58, 70, 0, 0, 13.52%, 0, 0, 3, 326.51, 2824522, 458, 0, 0
12981, 1380, 45, 70, 0, 0, 13.52%, 0, 0, 3, 320.68, 2825982, 458, 0, 0
12986, 1381, 26, 70, 0, 0, 13.52%, 0, 0, 3, 52.12, 2827398, 458, 0, 0
12991, 1382, 6, 70, 0, 0, 13.52%, 0, 0, 3, 313.88, 2828846, 458, 0, 0
12996, 1382, 53, 70, 0, 0, 13.52%, 0, 0, 3, 288.23, 2830251, 458, 0, 0
13001, 1383, 42, 70, 0, 0, 13.52%, 0, 0, 3, 302.12, 2831698, 458, 0, 0
13006, 1384, 24, 70, 0, 0, 13.52%, 0, 0, 3, 317.18, 2833228, 458, 0, 0
13012, 1384, 53, 70, 0, 0, 13.52%, 0, 0, 3, 31.69, 2834121, 458, 0, 0
13017, 1385, 24, 70, 0, 0, 13.52%, 0, 0, 3, 318.36, 2834998, 458, 0, 0
13022, 1385, 50, 70, 0, 0, 13.52%, 0, 0, 3, 302.65, 2835952, 458, 0, 0
13027, 1386, 30, 70, 0, 0, 13.52%, 0, 0, 3, 31.02, 2837224, 458, 0, 0
13032, 1387, 2, 70, 0, 0, 13.52%, 0, 0, 3, 264.83, 2838441, 458, 0, 0
13037, 1387, 30, 70, 0, 0, 13.52%, 0, 0, 3, 281.52, 2839296, 458, 0, 0
13042, 1387, 62, 70, 0, 0, 13.52%, 0, 0, 3, 314.90, 2840222, 458, 0, 0
13047, 1388, 26, 70, 0, 0, 13.52%, 0, 0, 3, 31.28, 2841324, 458, 0, 0
13052, 1388, 62, 70, 0, 0, 13.52%, 0, 0, 3, 34.94, 2842540, 458, 0, 0
13058, 1389, 29, 70, 0, 0, 13.52%, 0, 0, 3, 270.45, 2843566, 458, 0, 0
13063, 1389, 58, 70, 0, 0, 13.52%, 0, 0, 3, 247.91, 2844434, 458, 0, 0
13068, 1390, 24, 70, 0, 0, 13.52%, 0, 0, 3, 247.83, 2845294, 458, 0, 0
13073, 1390, 44, 70, 0, 0, 13.52%, 0, 0, 3, 320.04, 2846164, 458, 0, 0
13078, 1391, 4, 70, 0, 0, 13.52%, 0, 0, 3, 31.37, 2847126, 458, 0, 0
13083, 1391, 45, 70, 0, 0, 13.52%, 0, 0, 3, 49.98, 2848152, 458, 0, 0
13088, 1392, 21, 70, 0, 0, 13.52%, 0, 0, 3, 31.55, 2849229, 458, 0, 0
13094, 1392, 50, 70, 0, 0, 13.52%, 0, 0, 3, 310.84, 2850170, 458, 0, 0
13099, 1393, 18, 70, 0, 0, 13.52%, 0, 0, 3, 322.97, 2850998, 458, 0, 0
13104, 1393, 31, 70, 0, 0, 13.52%, 0, 0, 3, 321.92, 2851670, 458, 0, 0
13109, 1393, 58, 70, 0, 0, 13.52%, 0, 0, 3, 192.30, 2852476, 458, 0, 0
13114, 1394, 25, 70, 0, 0, 13.52%, 0, 0, 3, 31.48, 2853391, 458, 0, 0
13119, 1394, 53, 70, 0, 0, 13.52%, 0, 0, 3, 31.18, 2854356, 458, 0, 0
13124, 1395, 26, 70, 0, 0, 13.52%, 0, 0, 3, 30.38, 2855334, 458, 0, 0
13129, 1395, 53, 70, 0, 0, 13.52%, 0, 0, 3, 325.89, 2856122, 458, 0, 0
13134, 1396, 11, 70, 0, 0, 13.52%, 0, 0, 3, 266.90, 2856901, 458, 0, 0
13139, 1396, 31, 70, 0, 0, 13.52%, 0, 0, 3, 326.96, 2857540, 458, 0, 0
13144, 1396, 58, 70, 0, 0, 13.52%, 0, 0, 3, 30.88, 2858293, 458, 0, 0
13150, 1397, 26, 70, 0, 0, 13.52%, 0, 0, 3, 30.58, 2859234, 458, 0, 0
13155, 1397, 57, 70, 0, 0, 13.52%, 0, 0, 3, 31.66, 2860152, 458, 0, 0
13160, 1398, 11, 70, 0, 0, 13.52%, 0, 0, 3, 275.47, 2861056, 458, 0, 0
13165, 1398, 31, 70, 0, 0, 13.52%, 0, 0, 3, 297.25, 2861696, 458, 0, 0
13170, 1398, 55, 70, 0, 0, 13.52%, 0, 0, 3, 324.77, 2862416, 458, 0, 0
13175, 1399, 11, 70, 0, 0, 13.52%, 0, 0, 3, 320.32, 2863076, 458, 0, 0
13180, 1399, 45, 70, 0, 0, 13.52%, 0, 0, 3, 30.83, 2863835, 458, 0, 0
13185, 1400, 4, 70, 0, 0, 13.52%, 0, 0, 3, 30.55, 2864710, 458, 0, 0
13190, 1400, 31, 70, 0, 0, 13.52%, 0, 0, 3, 31.11, 2865579, 458, 0, 0
13195, 1400, 69, 70, 0, 0, 13.52%, 0, 0, 3, 260.14, 2866436, 458, 0, 0
13200, 1401, 24, 70, 0, 0, 13.52%, 0, 0, 3, 300.91, 2867131, 458, 0, 0
13205, 1401, 42, 70, 0, 0, 13.52%, 0, 0, 3, 206.71, 2867758, 458, 0, 0
13211, 1401, 62, 70, 0, 0, 13.52%, 0, 0, 3, 37.06, 2868312, 458, 0, 0
13216, 1402, 26, 70, 0, 0, 13.52%, 0, 0, 3, 30.59, 2869110, 458, 0, 0
13221, 1402, 53, 70, 0, 0, 13.52%, 0, 0, 3, 31.59, 2869920, 458, 0, 0
13226, 1403, 12, 70, 0, 0, 13.52%, 0, 0, 3, 31.39, 2870753, 458, 0, 0
13231, 1403, 48, 70, 0, 0, 13.52%, 0, 0, 3, 31.25, 2871636, 458, 0, 0
13236, 1404, 11, 70, 0, 0, 13.52%, 0, 0, 3, 322.19, 2872482, 458, 0, 0
13241, 1404, 30, 70, 0, 0, 13.52%, 0, 0, 3, 322.25, 2872985, 458, 0, 0
13246, 1404, 53, 70, 0, 0, 13.52%, 0, 0, 3, 30.97, 2873590, 458, 0, 0
13251, 1405, 24, 70, 0, 0, 13.52%, 0, 0, 3, 32.56, 2874491, 458, 0, 0
13257, 1405, 48, 70, 0, 0, 13.52%, 0, 0, 3, 30.90, 2875360, 458, 0, 0
13262, 1406, 4, 70, 0, 0, 13.52%, 0, 0, 3, 305.74, 2876182, 458, 0, 0
13267, 1406, 24, 70, 0, 0, 13.52%, 0, 0, 3, 208.54, 2876626, 458, 0, 0
13272, 1406, 48, 70, 0, 0, 13.52%, 0, 0, 3, 31.78, 2877301, 458, 0, 0
13277, 1407, 11, 70, 0, 0, 13.52%, 0, 0, 3, 31.38, 2878165, 458, 0, 0
13282, 1407, 45, 70, 0, 0, 13.52%, 0, 0, 3, 31.33, 2879064, 458, 0, 0
13287, 1407, 69, 70, 0, 0, 13.52%, 0, 0, 3, 303.12, 2879692, 458, 0, 0
13293, 1408, 21, 70, 0, 0, 13.52%, 0, 0, 3, 218.22, 2880214, 458, 0, 0
13298, 1408, 45, 70, 0, 0, 13.52%, 0, 0, 3, 31.39, 2880940, 458, 0, 0
13303, 1409, 11, 70, 0, 0, 13.52%, 0, 0, 3, 31.43, 2881850, 458, 0, 0
13308, 1409, 46, 70, 0, 0, 13.52%, 0, 0, 3, 271.40, 2882711, 458, 0, 0
13313, 1409, 58, 70, 0, 0, 13.52%, 0, 0, 3, 257.15, 2883116, 458, 0, 0
13318, 1410, 21, 70, 0, 0, 13.52%, 0, 0, 3, 30.57, 2883762, 458, 0, 0
13323, 1410, 45, 70, 0, 0, 13.52%, 0, 0, 3, 30.62, 2884623, 458, 0, 0
13329, 1411, 4, 70, 0, 0, 13.52%, 0, 0, 3, 30.53, 2885480, 458, 0, 0
13334, 1411, 31, 70, 0, 0, 13.52%, 0, 0, 3, 281.28, 2886221, 458, 0, 0
13339, 1411, 58, 70, 0, 0, 13.52%, 0, 0, 3, 319.64, 2886742, 458, 0, 0
13344, 1412, 12, 70, 0, 0, 13.52%, 0, 0, 3, 31.54, 2887363, 458, 0, 0
13349, 1412, 42, 70, 0, 0, 13.52%, 0, 0, 3, 31.72, 2888251, 458, 0, 0
13354, 1412, 69, 70, 0, 0, 13.52%, 0, 0, 3, 270.32, 2889091, 458, 0, 0
13359, 1413, 24, 70, 0, 0, 13.52%, 0, 0, 3, 319.34, 2889620, 458, 0, 0
13364, 1413, 41, 70, 0, 0, 13.52%, 0, 0, 3, 31.99, 2890085, 458, 0, 0
13369, 1413, 62, 70, 0, 0, 13.52%, 0, 0, 3, 34.55, 2890909, 458, 0, 0
13375, 1414, 30, 70, 0, 0, 13.52%, 0, 0, 3, 31.46, 2891737, 458, 0, 0
13380, 1414, 50, 70, 0, 0, 13.52%, 0, 0, 3, 30.38, 2892583, 458, 0, 0
13385, 1415, 11, 70, 0, 0, 13.52%, 0, 0, 3, 249.17, 2893315, 458, 0, 0
13390, 1415, 31, 70, 0, 0, 13.52%, 0, 0, 3, 334.64, 2893917, 458, 0, 0
13395, 1415, 48, 70, 0, 0, 13.52%, 0, 0, 3, 271.35, 2894451, 458, 0, 0
13400, 1416, 4, 70, 0, 0, 13.52%, 0, 0, 3, 31.55, 2895112, 458, 0, 0
13405, 1416, 31, 70, 0, 0, 13.52%, 0, 0, 3, 31.00, 2895932, 458, 0, 0
13410, 1416, 58, 70, 0, 0, 13.52%, 0, 0, 3, 31.06, 2896717, 458, 0, 0
13416, 1417, 24, 70, 0, 0, 13.52%, 0, 0, 3, 31.15, 2897526, 458, 0, 0
13421, 1417, 48, 70, 0, 0, 13.52%, 0, 0, 3, 248.63, 2898250, 458, 0, 0
13426, 1417, 69, 70, 0, 0, 13.52%, 0, 0, 3, 293.86, 2898785, 458, 0, 0
13431, 1418, 21, 70, 0, 0, 13.52%, 0, 0, 3, 316.86, 2899376, 458, 0, 0
13436, 1418, 36, 70, 0, 0, 13.52%, 0, 0, 3, 30.85, 2900066, 458, 0, 0
13441, 1418, 58, 70, 0, 0, 13.52%, 0, 0, 3, 30.77, 2900888, 458, 0, 0
13446, 1419, 24, 70, 0, 0, 13.52%, 0, 0, 3, 31.42, 2901695, 458, 0, 0
13452, 1419, 47, 70, 0, 0, 13.52%, 0, 0, 3, 30.54, 2902500, 458, 0, 0
13457, 1420, 2, 70, 0, 0, 13.52%, 0, 0, 3, 320.07, 2903272, 458, 0, 0
13462, 1420, 24, 70, 0, 0, 13.52%, 0, 0, 3, 326.19, 2903890, 458, 0, 0
13467, 1420, 30, 70, 0, 0, 13.52%, 0, 0, 3, 31.38, 2904261, 458, 0, 0
13472, 1420, 57, 70, 0, 0, 13.52%, 0, 0, 3, 31.52, 2905133, 458, 0, 0
13477, 1421, 24, 70, 0, 0, 13.52%, 0, 0, 3, 31.46, 2905995, 458, 0, 0
13482, 1421, 45, 70, 0, 0, 13.52%, 0, 0, 3, 322.97, 2906659, 458, 0, 0
13487, 1421, 58, 70, 0, 0, 13.52%, 0, 0, 3, 233.83, 2907088, 458, 0, 0
13492, 1422, 26, 70, 0, 0, 13.52%, 0, 0, 3, 31.77, 2907913, 458, 0, 0
13498, 1422, 48, 70, 0, 0, 13.52%, 0, 0, 3, 31.66, 2908769, 458, 0, 0
13503, 1423, 19, 70, 0, 0, 13.52%, 0, 0, 3, 319.19, 2909647, 458, 0, 0
13508, 1423, 26, 70, 0, 0, 13.52%, 0, 0, 3, 321.76, 2910107, 458, 0, 0
13513, 1423, 48, 70, 0, 0, 13.52%, 0, 0, 3, 31.39, 2910669, 458, 0, 0
13518, 1424, 21, 70, 0, 0, 13.52%, 0, 0, 3, 31.46, 2911527, 458, 0, 0
13523, 1424, 42, 70, 0, 0, 13.52%, 0, 0, 3, 30.46, 2912374, 458, 0, 0
13528, 1424, 69, 70, 0, 0, 13.52%, 0, 0, 3, 323.27, 2913183, 458, 0, 0
13534, 1425, 15, 70, 0, 0, 13.52%, 0, 0, 3, 270.60, 2913626, 458, 0, 0
13539, 1425, 30, 70, 0, 0, 13.52%, 0, 0, 3, 31.63, 2914249, 458, 0, 0
13544, 1425, 69, 70, 0, 0, 13.52%, 0, 0, 3, 31.54, 2915127, 458, 0, 0
13549, 1426, 26, 70, 0, 0, 13.52%, 0, 0, 3, 31.41, 2915983, 458, 0, 0
13554, 1426, 53, 70, 0, 0, 13.52%, 0, 0, 3, 252.14, 2916667, 458, 0, 0
13559, 1427, 4, 70, 0, 0, 13.52%, 0, 0, 3, 321.75, 2917195, 458, 0, 0
13564, 1427, 26, 70, 0, 0, 13.52%, 0, 0, 3, 31.50, 2917844, 458, 0, 0
13569, 1427, 53, 70, 0, 0, 13.52%, 0, 0, 3, 36.19, 2918664, 458, 0, 0
13575, 1428, 11, 70, 0, 0, 13.52%, 0, 0, 3, 57.97, 2919516, 458, 0, 0
13580, 1428, 31, 70, 0, 0, 13.52%, 0, 0, 3, 286.99, 2920276, 458, 0, 0
13585, 1428, 53, 70, 0, 0, 13.52%, 0, 0, 3, 331.48, 2920777, 458, 0, 0
13590, 1429, 4, 70, 0, 0, 13.52%, 0, 0, 3, 31.10, 2921320, 458, 0, 0
13595, 1429, 42, 70, 0, 0, 13.52%, 0, 0, 3, 35.46, 2922159, 458, 0, 0
13600, 1430, 2, 70, 0, 0, 13.52%, 0, 0, 3, 30.47, 2922987, 458, 0, 0
13605, 1430, 31, 70, 0, 0, 13.52%, 0, 0, 3, 31.45, 2923801, 458, 0, 0
13610, 1430, 58, 70, 0, 0, 13.52%, 0, 0, 3, 249.09, 2924539, 458, 0, 0
13616, 1431, 2, 70, 0, 0, 13.52%, 0, 0, 3, 316.42, 2925077, 458, 0, 0
13621, 1431, 21, 70, 0, 0, 13.52%, 0, 0, 3, 158.42, 2925624, 458, 0, 0
13626, 1431, 42, 70, 0, 0, 13.52%, 0, 0, 3, 30.62, 2926409, 458, 0, 0
13631, 1431, 62, 70, 0, 0, 13.52%, 0, 0, 3, 42.33, 2927187, 458, 0, 0
13636, 1432, 25, 70, 0, 0, 13.52%, 0, 0, 3, 31.66, 2928016, 458, 0, 0
13641, 1432, 50, 70, 0, 0, 13.52%, 0, 0, 3, 313.32, 2928840, 458, 0, 0
13646, 1433, 4, 70, 0, 0, 13.52%, 0, 0, 3, 273.58, 2929466, 458, 0, 0
13651, 1433, 25, 70, 0, 0, 13.52%, 0, 0, 3, 286.36, 2929991, 458, 0, 0
13656, 1433, 48, 70, 0, 0, 13.52%, 0, 0, 3, 35.13, 2930626, 458, 0, 0
13661, 1434, 5, 70, 0, 0, 13.52%, 0, 0, 3, 31.44, 2931432, 458, 0, 0
13667, 1434, 42, 70, 0, 0, 13.52%, 0, 0, 3, 31.71, 2932249, 458, 0, 0
13672, 1434, 69, 70, 0, 0, 13.52%, 0, 0, 3, 30.48, 2933040, 458, 0, 0
13677, 1435, 30, 70, 0, 0, 13.52%, 0, 0, 3, 41.78, 2933841, 458, 0, 0
13682, 1435, 53, 70, 0, 0, 13.52%, 0, 0, 3, 324.28, 2934491, 458, 0, 0
13687, 1436, 2, 70, 0, 0, 13.52%, 0, 0, 3, 189.67, 2934982, 458, 0, 0
13692, 1436, 26, 70, 0, 0, 13.52%, 0, 0, 3, 31.34, 2935778, 458, 0, 0
13698, 1436, 62, 70, 0, 0, 13.52%, 0, 0, 3, 30.49, 2936688, 458, 0, 0
13703, 1437, 25, 70, 0, 0, 13.52%, 0, 0, 3, 286.06, 2937436, 458, 0, 0
13708, 1437, 31, 70, 0, 0, 13.52%, 0, 0, 3, 320.43, 2937860, 458, 0, 0
13713, 1437, 62, 70, 0, 0, 13.52%, 0, 0, 3, 31.10, 2938605, 458, 0, 0
13718, 1438, 25, 70, 0, 0, 13.52%, 0, 0, 3, 31.25, 2939465, 458, 0, 0
13723, 1438, 50, 70, 0, 0, 13.52%, 0, 0, 3, 31.41, 2940357, 458, 0, 0
13728, 1439, 6, 70, 0, 0, 13.52%, 0, 0, 3, 318.09, 2941021, 458, 0, 0
13734, 1439, 24, 70, 0, 0, 13.52%, 0, 0, 3, 253.74, 2941525, 458, 0, 0
13739, 1439, 48, 70, 0, 0, 13.52%, 0, 0, 3, 30.63, 2942239, 458, 0, 0
13744, 1440, 19, 70, 0, 0, 13.52%, 0, 0, 3, 30.69, 2943086, 458, 0, 0
13749, 1440, 45, 70, 0, 0, 13.52%, 0, 0, 3, 307.25, 2943933, 458, 0, 0
13754, 1440, 69, 70, 0, 0, 13.52%, 0, 0, 3, 285.34, 2944516, 458, 0, 0
13759, 1441, 8, 70, 0, 0, 13.52%, 0, 0, 3, 298.90, 2945021, 458, 0, 0
13765, 1441, 30, 70, 0, 0, 13.52%, 0, 0, 3, 30.81, 2945785, 458, 0, 0
13770, 1441, 62, 70, 0, 0, 13.52%, 0, 0, 3, 31.36, 2946601, 458, 0, 0
13775, 1442, 21, 70, 0, 0, 13.52%, 0, 0, 3, 31.61, 2947423, 458, 0, 0
13780, 1442, 42, 70, 0, 0, 13.52%, 0, 0, 3, 317.72, 2948132, 458, 0, 0
13785, 1442, 53, 70, 0, 0, 13.52%, 0, 0, 3, 289.20, 2948521, 458, 0, 0
13790, 1443, 24, 70, 0, 0, 13.52%, 0, 0, 3, 30.63, 2949249, 458, 0, 0
13795, 1443, 50, 70, 0, 0, 13.52%, 0, 0, 3, 31.25, 2950063, 458, 0, 0
13800, 1444, 11, 70, 0, 0, 13.52%, 0, 0, 3, 244.37, 2950921, 458, 0, 0
13805, 1444, 24, 70, 0, 0, 13.52%, 0, 0, 3, 265.70, 2951476, 458, 0, 0
13811, 1444, 42, 70, 0, 0, 13.52%, 0, 0, 3, 247.52, 2951963, 458, 0, 0
13816, 1444, 66, 70, 0, 0, 13.52%, 0, 0, 3, 31.59, 2952743, 458, 0, 0
13821, 1445, 24, 70, 0, 0, 13.52%, 0, 0, 3, 30.54, 2953568, 458, 0, 0
13826, 1445, 50, 70, 0, 0, 13.52%, 0, 0, 3, 31.22, 2954357, 458, 0, 0
13831, 1446, 4, 70, 0, 0, 13.52%, 0, 0, 3, 296.28, 2955114, 458, 0, 0
13836, 1446, 30, 70, 0, 0, 13.52%, 0, 0, 3, 326.22, 2955648, 458, 0, 0
13841, 1446, 50, 70, 0, 0, 13.52%, 0, 0, 3, 318.21, 2956172, 458, 0, 0
13846, 1447, 7, 70, 0, 0, 13.52%, 0, 0, 3, 31.06, 2956850, 458, 0, 0
13852, 1447, 31, 70, 0, 0, 13.52%, 0, 0, 3, 31.63, 2957654, 458, 0, 0
13857, 1447, 58, 70, 0, 0, 13.52%, 0, 0, 3, 31.43, 2958452, 458, 0, 0
13862, 1448, 24, 70, 0, 0, 13.52%, 0, 0, 3, 28.07, 2959280, 458, 0, 0
13867, 1448, 45, 70, 0, 0, 13.52%, 0, 0, 3, 322.91, 2959854, 458, 0, 0
13872, 1448, 58, 70, 0, 0, 13.52%, 0, 0, 3, 242.57, 2960292, 458, 0, 0
13877, 1449, 21, 70, 0, 0, 13.52%, 0, 0, 3, 31.48, 2961010, 458, 0, 0
13882, 1449, 42, 70, 0, 0, 13.52%, 0, 0, 3, 31.43, 2961791, 458, 0, 0
13887, 1449, 63, 70, 0, 0, 13.52%, 0, 0, 3, 31.69, 2962563, 458, 0, 0
13892, 1450, 21, 70, 0, 0, 13.52%, 0, 0, 3, 31.25, 2963341, 458, 0, 0
13897, 1450, 42, 70, 0, 0, 13.52%, 0, 0, 3, 256.98, 2964021, 458, 0, 0
13902, 1450, 58, 70, 0, 0, 13.52%, 0, 0, 3, 293.87, 2964491, 458, 0, 0
13907, 1451, 8, 70, 0, 0, 13.52%, 0, 0, 3, 32.96, 2965103, 458, 0, 0
13913, 1451, 42, 70, 0, 0, 13.52%, 0, 0, 3, 30.89, 2965923, 458, 0, 0
13918, 1451, 68, 70, 0, 0, 13.52%, 0, 0, 3, 45.34, 2966679, 458, 0, 0
13923, 1452, 25, 70, 0, 0, 13.52%, 0, 0, 3, 324.62, 2967707, 458, 0, 0
13928, 1453, 21, 70, 0, 0, 13.52%, 0, 0, 3, 322.55, 2969377, 458, 0, 0
13933, 1454, 11, 70, 0, 0, 13.52%, 0, 0, 3, 317.36, 2971029, 458, 0, 0
13938, 1454, 66, 70, 0, 0, 13.52%, 0, 0, 3, 309.68, 2972583, 458, 0, 0
13944, 1455, 48, 70, 0, 0, 13.52%, 0, 0, 3, 271.31, 2973971, 458, 0, 0
13949, 1456, 30, 70, 0, 0, 13.52%, 0, 0, 3, 297.12, 2975496, 458, 0, 0
13954, 1457, 11, 70, 0, 0, 13.52%, 0, 0, 3, 299.44, 2977056, 458, 0, 0
13959, 1457, 50, 70, 0, 0, 13.52%, 0, 0, 3, 297.96, 2978586, 458, 0, 0
13964, 1458, 25, 70, 0, 0, 13.52%, 0, 0, 3, 273.37, 2980041, 458, 0, 0
13969, 1458, 66, 70, 0, 0, 13.52%, 0, 0, 3, 268.87, 2981416, 458, 0, 0
13974, 1459, 53, 70, 0, 0, 13.52%, 0, 0, 3, 296.97, 2983006, 458, 0, 0
13980, 1460, 45, 70, 0, 0, 13.52%, 0, 0, 3, 301.17, 2984535, 458, 0, 0
13985, 1461, 30, 70, 0, 0, 13.52%, 0, 0, 3, 303.44, 2986072, 458, 0, 0
13990, 1462, 4, 70, 0, 0, 13.52%, 0, 0, 3, 281.57, 2987516, 458, 0, 0
13995, 1462, 58, 70, 0, 0, 13.52%, 0, 0, 3, 275.22, 2988876, 458, 0, 0
14000, 1463, 45, 70, 0, 0, 13.52%, 0, 0, 3, 301.87, 2990420, 458, 0, 0
14005, 1464, 30, 70, 0, 0, 13.52%, 0, 0, 3, 309.99, 2992035, 458, 0, 0
14010, 1465, 4, 70, 0, 0, 13.52%, 0, 0, 3, 312.71, 2993602, 458, 0, 0
14015, 1465, 69, 70, 0, 0, 13.52%, 0, 0, 3, 293.49, 2995116, 458, 0, 0
14020, 1466, 62, 70, 0, 0, 13.52%, 0, 0, 3, 310.00, 2996742, 458, 0, 0
14026, 1467, 53, 70, 0, 0, 13.52%, 0, 0, 3, 314.68, 2998378, 458, 0, 0
14031, 1468, 31, 70, 0, 0, 13.52%, 0, 0, 3, 311.41, 2999932, 458, 0, 0
14036, 1469, 25, 70, 0, 0, 13.52%, 0, 0, 3, 285.67, 3001366, 458, 0, 0
14041, 1470, 24, 70, 0, 0, 13.52%, 0, 0, 3, 308.11, 3002978, 458, 0, 0
14046, 1471, 21, 70, 0, 0, 13.52%, 0, 0, 3, 313.18, 3004608, 458, 0, 0
14051, 1472, 11, 70, 0, 0, 13.52%, 0, 0, 3, 313.81, 3006232, 458, 0, 0
14056, 1473, 2, 70, 0, 0, 13.52%, 0, 0, 3, 286.97, 3007761, 458, 0, 0
14062, 1473, 54, 70, 0, 0, 13.52%, 0, 0, 3, 311.26, 3009402, 458, 0, 0
14067, 1474, 50, 70, 0, 0, 13.52%, 0, 0, 3, 313.79, 3011032, 458, 0, 0
14072, 1475, 30, 70, 0, 0, 13.52%, 0, 0, 3, 316.60, 3012653, 458, 0, 0
14077, 1476, 22, 70, 0, 0, 13.52%, 0, 0, 3, 286.08, 3014181, 458, 0, 0
14082, 1477, 2, 70, 0, 0, 13.52%, 0, 0, 3, 310.82, 3015811, 458, 0, 0
14087, 1477, 62, 70, 0, 0, 13.52%, 0, 0, 3, 314.00, 3017453, 458, 0, 0
14093, 1478, 53, 70, 0, 0, 13.52%, 0, 0, 3, 315.15, 3019077, 458, 0, 0
14098, 1479, 48, 70, 0, 0, 13.52%, 0, 0, 3, 296.50, 3020653, 458, 0, 0
14103, 1480, 30, 70, 0, 0, 13.52%, 0, 0, 3, 310.70, 3022247, 458, 0, 0
14108, 1481, 25, 70, 0, 0, 13.52%, 0, 0, 3, 316.43, 3023883, 458, 0, 0
14113, 1482, 4, 70, 0, 0, 13.52%, 0, 0, 3, 312.44, 3025495, 458, 0, 0
14119, 1482, 62, 70, 0, 0, 13.52%, 0, 0, 3, 302.10, 3027095, 458, 0, 0
14124, 1483, 45, 70, 0, 0, 13.52%, 0, 0, 3, 308.09, 3028635, 458, 0, 0
14129, 1484, 30, 70, 0, 0, 13.52%, 0, 0, 3, 313.09, 3030265, 458, 0, 0
14134, 1485, 24, 70, 0, 0, 13.52%, 0, 0, 3, 313.96, 3031901, 458, 0, 0
14139, 1486, 11, 70, 0, 0, 13.52%, 0, 0, 3, 315.14, 3033535, 458, 0, 0
14144, 1487, 2, 70, 0, 0, 13.52%, 0, 0, 3, 309.61, 3035053, 458, 0, 0
14150, 1487, 59, 70, 0, 0, 13.52%, 0, 0, 3, 315.89, 3036701, 458, 0, 0
14155, 1488, 58, 70, 0, 0, 13.52%, 0, 0, 3, 315.91, 3038323, 458, 0, 0
14160, 1489, 48, 70, 0, 0, 13.52%, 0, 0, 3, 311.97, 3039941, 458, 0, 0
14165, 1490, 30, 70, 0, 0, 13.52%, 0, 0, 3, 303.78, 3041441, 458, 0, 0
14170, 1491, 21, 70, 0, 0, 13.52%, 0, 0, 3, 311.86, 3043070, 458, 0, 0
14175, 1492, 11, 70, 0, 0, 13.52%, 0, 0, 3, 315.78, 3044716, 458, 0, 0
14181, 1492, 69, 70, 0, 0, 13.52%, 0, 0, 3, 314.72, 3046339, 458, 0, 0
14186, 1493, 53, 70, 0, 0, 13.52%, 0, 0, 3, 307.28, 3047873, 458, 0, 0
14191, 1494, 48, 70, 0, 0, 13.52%, 0, 0, 3, 316.97, 3049509, 458, 0, 0
14196, 1495, 30, 70, 0, 0, 13.52%, 0, 0, 3, 315.24, 3051145, 458, 0, 0
14201, 1496, 14, 70, 0, 0, 13.52%, 0, 0, 3, 32.35, 3052515, 458, 0, 0
14206, 1496, 62, 70, 0, 0, 13.52%, 0, 0, 3, 303.38, 3054027, 458, 0, 0
14212, 1497, 50, 70, 0, 0, 13.52%, 0, 0, 3, 311.71, 3055591, 458, 0, 0
14217, 1498, 42, 70, 0, 0, 13.52%, 0, 0, 3, 317.33, 3057245, 458, 0, 0
14222, 1499, 26, 70, 0, 0, 13.52%, 0, 0, 3, 326.36, 3058673, 458, 0, 0
14227, 1500, 21, 70, 0, 0, 13.52%, 0, 0, 3, 308.25, 3060179, 458, 0, 0
14232, 1500, 62, 70, 0, 0, 13.52%, 0, 0, 3, 42.25, 3061639, 458, 0, 0
14237, 1501, 48, 70, 0, 0, 13.52%, 0, 0, 3, 319.59, 3063139, 458, 0, 0
14242, 1502, 31, 70, 0, 0, 13.52%, 0, 0, 3, 178.23, 3064633, 458, 0, 0
14248, 1503, 16, 70, 0, 0, 13.52%, 0, 0, 3, 307.77, 3066160, 458, 0, 0
14253, 1503, 62, 70, 0, 0, 13.52%, 0, 0, 3, 325.64, 3067667, 458, 0, 0
14258, 1504, 50, 70, 0, 0, 13.52%, 0, 0, 3, 319.60, 3069197, 458, 0, 0
14263, 1505, 42, 70, 0, 0, 13.52%, 0, 0, 3, 317.34, 3070745, 458, 0, 0
14268, 1506, 25, 70, 0, 0, 13.52%, 0, 0, 3, 322.97, 3072257, 458, 0, 0
14273, 1507, 11, 70, 0, 0, 13.52%, 0, 0, 3, 316.40, 3073709, 458, 0, 0
14278, 1507, 62, 70, 0, 0, 13.52%, 0, 0, 3, 316.49, 3075133, 458, 0, 0
14283, 1508, 50, 70, 0, 0, 13.52%, 0, 0, 3, 320.56, 3076597, 458, 0, 0
14289, 1509, 45, 70, 0, 0, 13.52%, 0, 0, 3, 325.56, 3078151, 458, 0, 0
14294, 1510, 31, 70, 0, 0, 13.52%, 0, 0, 3, 298.84, 3079576, 458, 0, 0
14299, 1511, 25, 70, 0, 0, 13.52%, 0, 0, 3, 300.01, 3081091, 458, 0, 0
14304, 1512, 11, 70, 0, 0, 13.52%, 0, 0, 3, 316.83, 3082520, 458, 0, 0
14309, 1512, 58, 70, 0, 0, 13.52%, 0, 0, 3, 316.59, 3084051, 458, 0, 0
14314, 1513, 45, 70, 0, 0, 13.52%, 0, 0, 3, 311.88, 3085579, 458, 0, 0
14319, 1514, 26, 70, 0, 0, 13.52%, 0, 0, 3, 298.22, 3087011, 458, 0, 0
14324, 1515, 11, 70, 0, 0, 13.52%, 0, 0, 3, 315.24, 3088515, 458, 0, 0
14330, 1515, 58, 70, 0, 0, 13.52%, 0, 0, 3, 300.50, 3090027, 458, 0, 0
14335, 1516, 48, 70, 0, 0, 13.52%, 0, 0, 3, 312.32, 3091590, 458, 0, 0
14340, 1517, 30, 70, 0, 0, 13.52%, 0, 0, 3, 301.58, 3093002, 458, 0, 0
14345, 1518, 21, 70, 0, 0, 13.52%, 0, 0, 3, 298.88, 3094511, 458, 0, 0
14350, 1519, 2, 70, 0, 0, 13.52%, 0, 0, 3, 301.93, 3096026, 458, 0, 0
14355, 1519, 50, 70, 0, 0, 13.52%, 0, 0, 3, 285.85, 3097376, 458, 0, 0
14360, 1520, 26, 70, 0, 0, 13.52%, 0, 0, 3, 304.19, 3098777, 458, 0, 0
14365, 1521, 18, 70, 0, 0, 13.52%, 0, 0, 3, 298.07, 3100211, 458, 0, 0
14370, 1522, 4, 70, 0, 0, 13.52%, 0, 0, 3, 315.40, 3101877, 458, 0, 0
14376, 1522, 58, 70, 0, 0, 13.52%, 0, 0, 3, 257.04, 3103331, 458, 0, 0
14381, 1523, 45, 70, 0, 0, 13.52%, 0, 0, 3, 322.10, 3104847, 458, 0, 0
14386, 1524, 25, 70, 0, 0, 13.52%, 0, 0, 3, 322.46, 3106283, 458, 0, 0
14391, 1525, 4, 70, 0, 0, 13.52%, 0, 0, 3, 295.13, 3107701, 458, 0, 0
14396, 1525, 56, 70, 0, 0, 13.52%, 0, 0, 3, 293.36, 3109091, 458, 0, 0
14401, 1526, 48, 70, 0, 0, 13.52%, 0, 0, 3, 316.19, 3110753, 458, 0, 0
14406, 1527, 25, 70, 0, 0, 13.52%, 0, 0, 3, 327.03, 3112159, 458, 0, 0
14411, 1528, 4, 70, 0, 0, 13.52%, 0, 0, 3, 309.35, 3113601, 458, 0, 0
14416, 1528, 50, 70, 0, 0, 13.52%, 0, 0, 3, 329.12, 3115152, 458, 0, 0
14422, 1529, 24, 70, 0, 0, 13.52%, 0, 0, 3, 325.43, 3116609, 458, 0, 0
14427, 1530, 3, 70, 0, 0, 13.52%, 0, 0, 3, 305.88, 3118133, 458, 0, 0
14432, 1530, 53, 70, 0, 0, 13.52%, 0, 0, 3, 302.57, 3119651, 458, 0, 0
14437, 1531, 42, 70, 0, 0, 13.52%, 0, 0, 3, 294.81, 3121086, 458, 0, 0
14442, 1532, 24, 70, 0, 0, 13.52%, 0, 0, 3, 35.86, 3122506, 458, 0, 0
14447, 1533, 4, 70, 0, 0, 13.52%, 0, 0, 3, 315.45, 3124045, 458, 0, 0
14452, 1533, 62, 70, 0, 0, 13.52%, 0, 0, 3, 47.81, 3125509, 458, 0, 0
14458, 1534, 53, 70, 0, 0, 13.52%, 0, 0, 3, 281.94, 3127046, 458, 0, 0
14463, 1535, 45, 70, 0, 0, 13.52%, 0, 0, 3, 296.85, 3128481, 458, 0, 0
14468, 1536, 26, 70, 0, 0, 13.52%, 0, 0, 3, 300.63, 3129991, 458, 0, 0
14473, 1537, 11, 70, 0, 0, 13.52%, 0, 0, 3, 288.38, 3131386, 458, 0, 0
14478, 1537, 62, 70, 0, 0, 13.52%, 0, 0, 3, 325.46, 3132933, 458, 0, 0
14483, 1538, 44, 70, 0, 0, 13.52%, 0, 0, 3, 293.75, 3134341, 458, 0, 0
14488, 1539, 24, 70, 0, 0, 13.52%, 0, 0, 3, 303.43, 3135851, 458, 0, 0
14493, 1540, 4, 70, 0, 0, 13.52%, 0, 0, 3, 290.68, 3137271, 458, 0, 0
14498, 1540, 62, 70, 0, 0, 13.52%, 0, 0, 3, 313.43, 3138689, 458, 0, 0
14503, 1541, 53, 70, 0, 0, 13.52%, 0, 0, 3, 305.68, 3140221, 458, 0, 0
14508, 1542, 25, 70, 0, 0, 13.52%, 0, 0, 3, 31.33, 3141188, 458, 0, 0
14513, 1542, 50, 70, 0, 0, 13.52%, 0, 0, 3, 38.28, 3142093, 458, 0, 0
14519, 1543, 26, 70, 0, 0, 13.52%, 0, 0, 3, 304.75, 3143203, 458, 0, 0
14524, 1543, 50, 70, 0, 0, 13.52%, 0, 0, 3, 323.64, 3144115, 458, 0, 0
14529, 1544, 21, 70, 0, 0, 13.52%, 0, 0, 3, 31.42, 3145123, 458, 0, 0
14534, 1544, 58, 70, 0, 0, 13.52%, 0, 0, 3, 37.08, 3146441, 458, 0, 0
14539, 1545, 30, 70, 0, 0, 13.52%, 0, 0, 3, 314.43, 3147551, 458, 0, 0
14544, 1545, 68, 70, 0, 0, 13.52%, 0, 0, 3, 324.38, 3148379, 458, 0, 0
14549, 1546, 25, 70, 0, 0, 13.52%, 0, 0, 3, 328.16, 3149245, 458, 0, 0
14554, 1546, 53, 70, 0, 0, 13.52%, 0, 0, 3, 31.37, 3150189, 458, 0, 0
14559, 1547, 26, 70, 0, 0, 13.52%, 0, 0, 3, 31.94, 3151343, 458, 0, 0
14564, 1548, 2, 70, 0, 0, 13.52%, 0, 0, 3, 303.94, 3152473, 458, 0, 0
14569, 1548, 30, 70, 0, 0, 13.52%, 0, 0, 3, 296.31, 3153391, 458, 0, 0
14575, 1548, 53, 70, 0, 0, 13.52%, 0, 0, 3, 322.54, 3154226, 458, 0, 0
14580, 1549, 21, 70, 0, 0, 13.52%, 0, 0, 3, 318.97, 3155035, 458, 0, 0
14585, 1549, 42, 70, 0, 0, 13.52%, 0, 0, 3, 315.00, 3155823, 458, 0, 0
14590, 1550, 3, 70, 0, 0, 13.52%, 0, 0, 3, 31.68, 3156805, 458, 0, 0
14595, 1550, 42, 70, 0, 0, 13.52%, 0, 0, 3, 31.25, 3157794, 458, 0, 0
14600, 1551, 21, 70, 0, 0, 13.52%, 0, 0, 3, 37.11, 3158840, 458, 0, 0
14606, 1551, 45, 70, 0, 0, 13.52%, 0, 0, 3, 324.32, 3159742, 458, 0, 0
14611, 1552, 2, 70, 0, 0, 13.52%, 0, 0, 3, 248.17, 3160504, 458, 0, 0
14616, 1552, 26, 70, 0, 0, 13.52%, 0, 0, 3, 333.26, 3161214, 458, 0, 0
14621, 1552, 50, 70, 0, 0, 13.52%, 0, 0, 3, 40.01, 3161943, 458, 0, 0
14626, 1553, 2, 70, 0, 0, 13.52%, 0, 0, 3, 31.64, 3162872, 458, 0, 0
14631, 1553, 30, 70, 0, 0, 13.52%, 0, 0, 3, 31.24, 3163811, 458, 0, 0
14636, 1553, 62, 70, 0, 0, 13.52%, 0, 0, 3, 31.66, 3164743, 458, 0, 0
14641, 1554, 24, 70, 0, 0, 13.52%, 0, 0, 3, 329.55, 3165645, 458, 0, 0
14646, 1554, 45, 70, 0, 0, 13.52%, 0, 0, 3, 276.49, 3166296, 458, 0, 0
14651, 1554, 58, 70, 0, 0, 13.52%, 0, 0, 3, 321.26, 3166945, 458, 0, 0
14656, 1555, 24, 70, 0, 0, 13.52%, 0, 0, 3, 31.58, 3167629, 458, 0, 0
14662, 1555, 50, 70, 0, 0, 13.52%, 0, 0, 3, 31.65, 3168547, 458, 0, 0
14667, 1556, 24, 70, 0, 0, 13.52%, 0, 0, 3, 31.48, 3169449, 458, 0, 0
14672, 1556, 50, 70, 0, 0, 13.52%, 0, 0, 3, 31.75, 3170310, 458, 0, 0
14677, 1557, 21, 70, 0, 0, 13.52%, 0, 0, 3, 267.25, 3171166, 458, 0, 0
14682, 1557, 45, 70, 0, 0, 13.52%, 0, 0, 3, 295.83, 3171866, 458, 0, 0
14687, 1557, 62, 70, 0, 0, 13.52%, 0, 0, 3, 319.51, 3172403, 458, 0, 0
14692, 1558, 22, 70, 0, 0, 13.52%, 0, 0, 3, 253.73, 3173092, 458, 0, 0
14697, 1558, 45, 70, 0, 0, 13.52%, 0, 0, 3, 31.42, 3173830, 458, 0, 0
14702, 1559, 2, 70, 0, 0, 13.52%, 0, 0, 3, 30.42, 3174641, 458, 0, 0
14707, 1559, 30, 70, 0, 0, 13.52%, 0, 0, 3, 30.49, 3175436, 458, 0, 0
14713, 1559, 55, 70, 0, 0, 13.52%, 0, 0, 3, 28.66, 3176260, 458, 0, 0
14718, 1560, 21, 70, 0, 0, 13.52%, 0, 0, 3, 31.50, 3177113, 458, 0, 0
14723, 1560, 42, 70, 0, 0, 13.52%, 0, 0, 3, 328.09, 3177839, 458, 0, 0
14728, 1560, 69, 70, 0, 0, 13.52%, 0, 0, 3, 316.92, 3178473, 458, 0, 0
14733, 1561, 21, 70, 0, 0, 13.52%, 0, 0, 3, 198.02, 3178942, 458, 0, 0
14738, 1561, 48, 70, 0, 0, 13.52%, 0, 0, 3, 31.11, 3179816, 458, 0, 0
14743, 1562, 17, 70, 0, 0, 13.52%, 0, 0, 3, 27.59, 3180735, 458, 0, 0
14749, 1562, 30, 70, 0, 0, 13.52%, 0, 0, 3, 243.31, 3181405, 458, 0, 0
14754, 1562, 45, 70, 0, 0, 13.52%, 0, 0, 3, 35.16, 3181801, 458, 0, 0
14759, 1563, 4, 70, 0, 0, 13.52%, 0, 0, 3, 45.39, 3182708, 458, 0, 0
14764, 1563, 39, 70, 0, 0, 13.52%, 0, 0, 3, 31.50, 3183609, 458, 0, 0
14769, 1563, 53, 70, 0, 0, 13.52%, 0, 0, 3, 301.56, 3184315, 458, 0, 0
14774, 1564, 2, 70, 0, 0, 13.52%, 0, 0, 3, 323.38, 3184730, 458, 0, 0
14779, 1564, 30, 70, 0, 0, 13.52%, 0, 0, 3, 31.49, 3185579, 458, 0, 0
14784, 1564, 58, 70, 0, 0, 13.52%, 0, 0, 3, 31.14, 3186431, 458, 0, 0
14789, 1565, 25, 70, 0, 0, 13.52%, 0, 0, 3, 50.14, 3187257, 458, 0, 0
14794, 1565, 45, 70, 0, 0, 13.52%, 0, 0, 3, 275.24, 3187761, 458, 0, 0
14799, 1565, 58, 70, 0, 0, 13.52%, 0, 0, 3, 30.53, 3188294, 458, 0, 0
14805, 1566, 26, 70, 0, 0, 13.52%, 0, 0, 3, 31.75, 3189175, 458, 0, 0
14810, 1566, 53, 70, 0, 0, 13.52%, 0, 0, 3, 30.38, 3190060, 458, 0, 0
14815, 1567, 11, 70, 0, 0, 13.52%, 0, 0, 3, 319.98, 3190654, 458, 0, 0
14820, 1567, 26, 70, 0, 0, 13.52%, 0, 0, 3, 30.33, 3191101, 458, 0, 0
14825, 1567, 62, 70, 0, 0, 13.52%, 0, 0, 3, 31.38, 3191950, 458, 0, 0
14830, 1568, 25, 70, 0, 0, 13.52%, 0, 0, 3, 31.47, 3192823, 458, 0, 0
14835, 1568, 53, 70, 0, 0, 13.52%, 0, 0, 3, 315.70, 3193654, 458, 0, 0
14840, 1569, 2, 70, 0, 0, 13.52%, 0, 0, 3, 287.31, 3194161, 458, 0, 0
14845, 1569, 21, 70, 0, 0, 13.52%, 0, 0, 3, 30.57, 3194656, 458, 0, 0
14850, 1569, 50, 70, 0, 0, 13.52%, 0, 0, 3, 31.70, 3195527, 458, 0, 0
14856, 1570, 11, 70, 0, 0, 13.52%, 0, 0, 3, 30.62, 3196352, 458, 0, 0
14861, 1570, 43, 70, 0, 0, 13.52%, 0, 0, 3, 28.74, 3197196, 458, 0, 0
14866, 1570, 62, 70, 0, 0, 13.52%, 0, 0, 3, 247.67, 3197739, 458, 0, 0
14871, 1571, 7, 70, 0, 0, 13.52%, 0, 0, 3, 169.69, 3198280, 458, 0, 0
14876, 1571, 31, 70, 0, 0, 13.52%, 0, 0, 3, 31.26, 3199015, 458, 0, 0
14881, 1571, 69, 70, 0, 0, 13.52%, 0, 0, 3, 31.73, 3199850, 458, 0, 0
14887, 1572, 31, 70, 0, 0, 13.52%, 0, 0, 3, 31.65, 3200717, 458, 0, 0
14892, 1572, 61, 70, 0, 0, 13.52%, 0, 0, 3, 324.97, 3201453, 458, 0, 0
14897, 1573, 4, 70, 0, 0, 13.52%, 0, 0, 3, 331.81, 3202023, 458, 0, 0
14902, 1573, 26, 70, 0, 0, 13.52%, 0, 0, 3, 320.00, 3202601, 458, 0, 0
14907, 1573, 53, 70, 0, 0, 13.52%, 0, 0, 3, 38.80, 3203324, 458, 0, 0
14912, 1574, 11, 70, 0, 0, 13.52%, 0, 0, 3, 31.44, 3204152, 458, 0, 0
14917, 1574, 45, 70, 0, 0, 13.52%, 0, 0, 3, 30.44, 3204958, 458, 0, 0
14922, 1575, 2, 70, 0, 0, 13.52%, 0, 0, 3, 52.67, 3205768, 458, 0, 0
14927, 1575, 25, 70, 0, 0, 13.52%, 0, 0, 3, 305.17, 3206470, 458, 0, 0
14933, 1575, 48, 70, 0, 0, 13.52%, 0, 0, 3, 324.80, 3207076, 458, 0, 0
14938, 1575, 69, 70, 0, 0, 13.52%, 0, 0, 3, 31.57, 3207575, 458, 0, 0
14943, 1576, 30, 70, 0, 0, 13.52%, 0, 0, 3, 31.53, 3208398, 458, 0, 0
14948, 1576, 58, 70, 0, 0, 13.52%, 0, 0, 3, 49.93, 3209196, 458, 0, 0
14953, 1577, 25, 70, 0, 0, 13.52%, 0, 0, 3, 31.38, 3210020, 458, 0, 0
14958, 1577, 52, 70, 0, 0, 13.52%, 0, 0, 3, 42.25, 3210828, 458, 0, 0
14963, 1578, 4, 70, 0, 0, 13.52%, 0, 0, 3, 316.62, 3211546, 458, 0, 0
14968, 1578, 30, 70, 0, 0, 13.52%, 0, 0, 3, 333.48, 3212128, 458, 0, 0
14973, 1578, 50, 70, 0, 0, 13.52%, 0, 0, 3, 31.05, 3212680, 458, 0, 0
14979, 1579, 21, 70, 0, 0, 13.52%, 0, 0, 3, 31.20, 3213587, 458, 0, 0
14984, 1579, 45, 70, 0, 0, 13.52%, 0, 0, 3, 30.85, 3214504, 458, 0, 0
14989, 1579, 69, 70, 0, 0, 13.52%, 0, 0, 3, 323.44, 3215086, 458, 0, 0
14994, 1580, 21, 70, 0, 0, 13.52%, 0, 0, 3, 321.78, 3215580, 458, 0, 0
14999, 1580, 50, 70, 0, 0, 13.52%, 0, 0, 3, 31.74, 3216417, 458, 0, 0
15004, 1581, 24, 70, 0, 0, 13.52%, 0, 0, 3, 45.30, 3217294, 458, 0, 0
15009, 1581, 50, 70, 0, 0, 13.52%, 0, 0, 3, 321.02, 3218152, 458, 0, 0
15014, 1582, 2, 70, 0, 0, 13.52%, 0, 0, 3, 306.51, 3218622, 458, 0, 0
15019, 1582, 25, 70, 0, 0, 13.52%, 0, 0, 3, 31.32, 3219190, 458, 0, 0
15024, 1582, 50, 70, 0, 0, 13.52%, 0, 0, 3, 34.85, 3220054, 458, 0, 0
15029, 1583, 21, 70, 0, 0, 13.52%, 0, 0, 3, 30.46, 3220917, 458, 0, 0
15035, 1583, 42, 70, 0, 0, 13.52%, 0, 0, 3, 315.98, 3221558, 458, 0, 0
15040, 1583, 58, 70, 0, 0, 13.52%, 0, 0, 3, 324.53, 3222058, 458, 0, 0
15045, 1584, 11, 70, 0, 0, 13.52%, 0, 0, 3, 31.50, 3222805, 458, 0, 0
15050, 1584, 34, 70, 0, 0, 13.52%, 0, 0, 3, 31.84, 3223658, 458, 0, 0
15055, 1584, 64, 70, 0, 0, 13.52%, 0, 0, 3, 30.49, 3224521, 458, 0, 0
15060, 1585, 18, 70, 0, 0, 13.52%, 0, 0, 3, 259.78, 3225136, 458, 0, 0
15065, 1585, 30, 70, 0, 0, 13.52%, 0, 0, 3, 327.85, 3225652, 458, 0, 0
15070, 1585, 53, 70, 0, 0, 13.52%, 0, 0, 3, 30.96, 3226348, 458, 0, 0
15076, 1586, 24, 70, 0, 0, 13.52%, 0, 0, 3, 30.98, 3227166, 458, 0, 0
15081, 1586, 50, 70, 0, 0, 13.52%, 0, 0, 3, 31.31, 3228014, 458, 0, 0
15086, 1587, 11, 70, 0, 0, 13.52%, 0, 0, 3, 36.89, 3228842, 458, 0, 0
15091, 1587, 30, 70, 0, 0, 13.52%, 0, 0, 3, 318.47, 3229426, 458, 0, 0
15096, 1587, 50, 70, 0, 0, 13.52%, 0, 0, 3, 326.62, 3229966, 458, 0, 0
15101, 1588, 4, 70, 0, 0, 13.52%, 0, 0, 3, 31.02, 3230663, 458, 0, 0
15107, 1588, 31, 70, 0, 0, 13.52%, 0, 0, 3, 31.67, 3231470, 458, 0, 0
15112, 1588, 69, 70, 0, 0, 13.52%, 0, 0, 3, 30.52, 3232281, 458, 0, 0
15117, 1589, 26, 70, 0, 0, 13.52%, 0, 0, 3, 271.43, 3233116, 458, 0, 0
15122, 1589, 48, 70, 0, 0, 13.52%, 0, 0, 3, 319.48, 3233654, 458, 0, 0
15127, 1589, 62, 70, 0, 0, 13.52%, 0, 0, 3, 305.00, 3234190, 458, 0, 0
15132, 1590, 24, 70, 0, 0, 13.52%, 0, 0, 3, 31.56, 3234926, 458, 0, 0
15137, 1590, 48, 70, 0, 0, 13.52%, 0, 0, 3, 40.25, 3235734, 458, 0, 0
15142, 1591, 7, 70, 0, 0, 13.52%, 0, 0, 3, 31.59, 3236548, 458, 0, 0
15147, 1591, 37, 70, 0, 0, 13.52%, 0, 0, 3, 31.35, 3237386, 458, 0, 0
15153, 1591, 62, 70, 0, 0, 13.52%, 0, 0, 3, 263.14, 3238066, 458, 0, 0
15158, 1592, 21, 70, 0, 0, 13.52%, 0, 0, 3, 270.14, 3238621, 458, 0, 0
15163, 1592, 42, 70, 0, 0, 13.52%, 0, 0, 3, 253.73, 3239171, 458, 0, 0
15168, 1592, 66, 70, 0, 0, 13.52%, 0, 0, 3, 31.34, 3239905, 458, 0, 0
15173, 1593, 25, 70, 0, 0, 13.52%, 0, 0, 3, 31.40, 3240734, 458, 0, 0
15178, 1593, 53, 70, 0, 0, 13.52%, 0, 0, 3, 31.38, 3241568, 458, 0, 0
15183, 1594, 11, 70, 0, 0, 13.52%, 0, 0, 3, 267.95, 3242316, 458, 0, 0
15188, 1594, 30, 70, 0, 0, 13.52%, 0, 0, 3, 303.75, 3242820, 458, 0, 0
15194, 1594, 48, 70, 0, 0, 13.52%, 0, 0, 3, 31.06, 3243323, 458, 0, 0
15199, 1595, 10, 70, 0, 0, 13.52%, 0, 0, 3, 31.15, 3244102, 458, 0, 0
15204, 1595, 30, 70, 0, 0, 13.52%, 0, 0, 3, 31.11, 3244954, 458, 0, 0
15209, 1595, 53, 70, 0, 0, 13.52%, 0, 0, 3, 31.29, 3245804, 458, 0, 0
15214, 1596, 11, 70, 0, 0, 13.52%, 0, 0, 3, 324.52, 3246520, 458, 0, 0
15219, 1596, 30, 70, 0, 0, 13.52%, 0, 0, 3, 310.67, 3247008, 458, 0, 0
15224, 1596, 48, 70, 0, 0, 13.52%, 0, 0, 3, 31.47, 3247674, 458, 0, 0
15230, 1597, 4, 70, 0, 0, 13.52%, 0, 0, 3, 31.24, 3248563, 458, 0, 0
15235, 1597, 31, 70, 0, 0, 13.52%, 0, 0, 3, 321.67, 3249335, 458, 0, 0
15240, 1597, 48, 70, 0, 0, 13.52%, 0, 0, 3, 272.01, 3249741, 458, 0, 0
15245, 1597, 69, 70, 0, 0, 13.52%, 0, 0, 3, 31.54, 3250427, 458, 0, 0
15250, 1598, 25, 70, 0, 0, 13.52%, 0, 0, 3, 41.82, 3251284, 458, 0, 0
15255, 1598, 49, 70, 0, 0, 13.52%, 0, 0, 3, 30.77, 3252141, 458, 0, 0
15260, 1599, 2, 70, 0, 0, 13.52%, 0, 0, 3, 319.59, 3252807, 458, 0, 0
15266, 1599, 21, 70, 0, 0, 13.52%, 0, 0, 3, 315.27, 3253219, 458, 0, 0
15271, 1599, 45, 70, 0, 0, 13.52%, 0, 0, 3, 31.39, 3254023, 458, 0, 0
15276, 1600, 4, 70, 0, 0, 13.52%, 0, 0, 3, 28.79, 3254877, 458, 0, 0
15281, 1600, 26, 70, 0, 0, 13.52%, 0, 0, 3, 289.81, 3255556, 458, 0, 0
15286, 1600, 45, 70, 0, 0, 13.52%, 0, 0, 3, 213.93, 3255918, 458, 0, 0
15291, 1601, 2, 70, 0, 0, 13.52%, 0, 0, 3, 30.55, 3256751, 458, 0, 0
15296, 1601, 26, 70, 0, 0, 13.52%, 0, 0, 3, 31.26, 3257636, 458, 0, 0
15301, 1601, 58, 70, 0, 0, 13.52%, 0, 0, 3, 313.97, 3258465, 458, 0, 0
15307, 1602, 11, 70, 0, 0, 13.52%, 0, 0, 3, 270.97, 3259036, 458, 0, 0
15312, 1602, 25, 70, 0, 0, 13.52%, 0, 0, 3, 31.58, 3259473, 458, 0, 0
15317, 1602, 50, 70, 0, 0, 13.52%, 0, 0, 3, 30.32, 3260297, 458, 0, 0
15322, 1603, 11, 70, 0, 0, 13.52%, 0, 0, 3, 31.65, 3261129, 458, 0, 0
15327, 1603, 31, 70, 0, 0, 13.52%, 0, 0, 3, 326.41, 3261903, 458, 0, 0
15332, 1603, 50, 70, 0, 0, 13.52%, 0, 0, 3, 322.20, 3262432, 458, 0, 0
15337, 1604, 2, 70, 0, 0, 13.52%, 0, 0, 3, 325.00, 3262981, 458, 0, 0
15342, 1604, 31, 70, 0, 0, 13.52%, 0, 0, 3, 32.23, 3263738, 458, 0, 0
15348, 1604, 58, 70, 0, 0, 13.52%, 0, 0, 3, 34.18, 3264591, 458, 0, 0
15353, 1605, 25, 70, 0, 0, 13.52%, 0, 0, 3, 30.46, 3265414, 458, 0, 0
15358, 1605, 48, 70, 0, 0, 13.52%, 0, 0, 3, 288.14, 3266091, 458, 0, 0
15363, 1605, 69, 70, 0, 0, 13.52%, 0, 0, 3, 320.93, 3266635, 458, 0, 0
15368, 1606, 25, 70, 0, 0, 13.52%, 0, 0, 3, 328.36, 3267209, 458, 0, 0
15373, 1606, 50, 70, 0, 0, 13.52%, 0, 0, 3, 36.21, 3267917, 458, 0, 0
15378, 1607, 21, 70, 0, 0, 13.52%, 0, 0, 3, 30.99, 3268715, 458, 0, 0
15383, 1607, 42, 70, 0, 0, 13.52%, 0, 0, 3, 39.54, 3269521, 458, 0, 0
15389, 1607, 62, 70, 0, 0, 13.52%, 0, 0, 3, 45.88, 3270315, 458, 0, 0
15394, 1608, 13, 70, 0, 0, 13.52%, 0, 0, 3, 301.82, 3271077, 458, 0, 0
15399, 1608, 31, 70, 0, 0, 13.52%, 0, 0, 3, 326.94, 3271635, 458, 0, 0
15404, 1609, 26, 70, 0, 0, 13.52%, 0, 0, 3, 323.95, 3273309, 458, 0, 0
15409, 1610, 2, 70, 0, 0, 13.52%, 0, 0, 3, 323.34, 3274673, 458, 0, 0
15414, 1610, 51, 70, 0, 0, 13.52%, 0, 0, 3, 315.48, 3276251, 458, 0, 0
15419, 1611, 42, 70, 0, 0, 13.52%, 0, 0, 3, 309.41, 3277803, 458, 0, 0
15424, 1612, 30, 70, 0, 0, 13.52%, 0, 0, 3, 302.46, 3279327, 458, 0, 0
15430, 1613, 11, 70, 0, 0, 13.52%, 0, 0, 3, 270.54, 3280656, 458, 0, 0
15435, 1613, 58, 70, 0, 0, 13.52%, 0, 0, 3, 274.53, 3281981, 458, 0, 0
15440, 1614, 45, 70, 0, 0, 13.52%, 0, 0, 3, 298.24, 3283511, 458, 0, 0
15445, 1615, 26, 70, 0, 0, 13.52%, 0, 0, 3, 302.06, 3285085, 458, 0, 0
15450, 1616, 21, 70, 0, 0, 13.52%, 0, 0, 3, 300.48, 3286620, 458, 0, 0
15455, 1616, 62, 70, 0, 0, 13.52%, 0, 0, 3, 274.89, 3288006, 458, 0, 0
15460, 1617, 42, 70, 0, 0, 13.52%, 0, 0, 3, 254.61, 3289266, 458, 0, 0
15465, 1618, 31, 70, 0, 0, 13.52%, 0, 0, 3, 299.77, 3290886, 458, 0, 0
15470, 1619, 24, 70, 0, 0, 13.52%, 0, 0, 3, 308.85, 3292498, 458, 0, 0
15475, 1620, 11, 70, 0, 0, 13.52%, 0, 0, 3, 309.40, 3294052, 458, 0, 0
15480, 1620, 69, 70, 0, 0, 13.52%, 0, 0, 3, 288.07, 3295526, 458, 0, 0
15486, 1621, 62, 70, 0, 0, 13.52%, 0, 0, 3, 304.72, 3297110, 458, 0, 0
15491, 1622, 48, 70, 0, 0, 13.52%, 0, 0, 3, 312.22, 3298734, 458, 0, 0
15496, 1623, 31, 70, 0, 0, 13.52%, 0, 0, 3, 312.12, 3300352, 458, 0, 0
15501, 1624, 26, 70, 0, 0, 13.52%, 0, 0, 3, 303.73, 3301892, 458, 0, 0
15506, 1625, 2, 70, 0, 0, 13.52%, 0, 0, 3, 308.62, 3303433, 458, 0, 0
15511, 1625, 62, 70, 0, 0, 13.52%, 0, 0, 3, 311.20, 3305060, 458, 0, 0
15516, 1626, 50, 70, 0, 0, 13.52%, 0, 0, 3, 314.33, 3306685, 458, 0, 0
15521, 1627, 30, 70, 0, 0, 13.52%, 0, 0, 3, 311.35, 3308239, 458, 0, 0
15527, 1628, 21, 70, 0, 0, 13.52%, 0, 0, 3, 301.22, 3309721, 458, 0, 0
15532, 1629, 2, 70, 0, 0, 13.52%, 0, 0, 3, 312.87, 3311366, 458, 0, 0
15537, 1629, 53, 70, 0, 0, 13.52%, 0, 0, 3, 314.95, 3313007, 458, 0, 0
15542, 1630, 48, 70, 0, 0, 13.52%, 0, 0, 3, 314.45, 3314635, 458, 0, 0
15547, 1631, 26, 70, 0, 0, 13.52%, 0, 0, 3, 307.37, 3316165, 458, 0, 0
15553, 1632, 24, 70, 0, 0, 13.52%, 0, 0, 3, 315.57, 3317807, 458, 0, 0
15558, 1633, 21, 70, 0, 0, 13.52%, 0, 0, 3, 312.79, 3319377, 458, 0, 0
15563, 1634, 2, 70, 0, 0, 13.52%, 0, 0, 3, 307.92, 3320959, 458, 0, 0
15568, 1634, 50, 70, 0, 0, 13.52%, 0, 0, 3, 306.57, 3322495, 458, 0, 0
15573, 1635, 45, 70, 0, 0, 13.52%, 0, 0, 3, 314.73, 3324135, 458, 0, 0
15578, 1636, 25, 70, 0, 0, 13.52%, 0, 0, 3, 314.10, 3325707, 458, 0, 0
15583, 1637, 21, 70, 0, 0, 13.52%, 0, 0, 3, 314.96, 3327329, 458, 0, 0
15588, 1637, 60, 70, 0, 0, 13.52%, 0, 0, 3, 302.13, 3328841, 458, 0, 0
15594, 1638, 50, 70, 0, 0, 13.52%, 0, 0, 3, 315.41, 3330489, 458, 0, 0
15599, 1639, 45, 70, 0, 0, 13.52%, 0, 0, 3, 312.66, 3332101, 458, 0, 0
15604, 1640, 25, 70, 0, 0, 13.52%, 0, 0, 3, 312.74, 3333665, 458, 0, 0
15609, 1641, 4, 70, 0, 0, 13.52%, 0, 0, 3, 299.69, 3335126, 458, 0, 0
15614, 1641, 59, 70, 0, 0, 13.52%, 0, 0, 3, 314.33, 3336777, 458, 0, 0
15619, 1642, 48, 70, 0, 0, 13.52%, 0, 0, 3, 315.57, 3338417, 458, 0, 0
15624, 1643, 33, 70, 0, 0, 13.52%, 0, 0, 3, 317.04, 3340053, 458, 0, 0
15629, 1644, 11, 70, 0, 0, 13.52%, 0, 0, 3, 299.43, 3341531, 458, 0, 0
15634, 1644, 58, 70, 0, 0, 13.52%, 0, 0, 3, 310.30, 3343127, 458, 0, 0
15640, 1645, 48, 70, 0, 0, 13.52%, 0, 0, 3, 312.14, 3344751, 458, 0, 0
15645, 1646, 36, 70, 0, 0, 13.52%, 0, 0, 3, 314.84, 3346385, 458, 0, 0
15650, 1647, 19, 70, 0, 0, 13.52%, 0, 0, 3, 295.84, 3347911, 458, 0, 0
15655, 1648, 2, 70, 0, 0, 13.52%, 0, 0, 3, 299.93, 3349473, 458, 0, 0
15660, 1648, 58, 70, 0, 0, 13.52%, 0, 0, 3, 312.74, 3351109, 458, 0, 0
15665, 1649, 48, 70, 0, 0, 13.52%, 0, 0, 3, 316.92, 3352745, 458, 0, 0
15671, 1650, 30, 70, 0, 0, 13.52%, 0, 0, 3, 290.85, 3354256, 458, 0, 0
15676, 1651, 23, 70, 0, 0, 13.52%, 0, 0, 3, 307.22, 3355878, 458, 0, 0
15681, 1652, 8, 70, 0, 0, 13.52%, 0, 0, 3, 313.47, 3357502, 458, 0, 0
15686, 1652, 58, 70, 0, 0, 13.52%, 0, 0, 3, 313.34, 3359135, 458, 0, 0
15691, 1653, 45, 70, 0, 0, 13.52%, 0, 0, 3, 288.84, 3360601, 458, 0, 0
15696, 1654, 30, 70, 0, 0, 13.52%, 0, 0, 3, 314.08, 3362253, 458, 0, 0
15701, 1655, 25, 70, 0, 0, 13.52%, 0, 0, 3, 310.88, 3363822, 458, 0, 0
15706, 1656, 2, 70, 0, 0, 13.52%, 0, 0, 3, 32.86, 3365292, 458, 0, 0
15712, 1656, 42, 70, 0, 0, 13.52%, 0, 0, 3, 324.61, 3366421, 458, 0, 0
15717, 1657, 25, 70, 0, 0, 13.52%, 0, 0, 3, 317.38, 3368003, 458, 0, 0
15722, 1657, 62, 70, 0, 0, 13.52%, 0, 0, 3, 272.15, 3369246, 458, 0, 0
15727, 1658, 50, 70, 0, 0, 13.52%, 0, 0, 3, 312.39, 3370902, 458, 0, 0
15732, 1659, 31, 70, 0, 0, 13.52%, 0, 0, 3, 319.91, 3372514, 458, 0, 0
15737, 1660, 21, 70, 0, 0, 13.52%, 0, 0, 3, 320.20, 3374170, 458, 0, 0
15742, 1660, 62, 70, 0, 0, 13.52%, 0, 0, 3, 320.03, 3375410, 458, 0, 0
15747, 1661, 53, 70, 0, 0, 13.52%, 0, 0, 3, 308.12, 3377010, 458, 0, 0
15752, 1662, 42, 70, 0, 0, 13.52%, 0, 0, 3, 313.62, 3378598, 458, 0, 0
15757, 1663, 6, 70, 0, 0, 13.52%, 0, 0, 3, 312.15, 3379798, 458, 0, 0
15763, 1663, 69, 70, 0, 0, 13.52%, 0, 0, 3, 316.89, 3381440, 458, 0, 0
15768, 1664, 62, 70, 0, 0, 13.52%, 0, 0, 3, 318.55, 3383092, 458, 0, 0
15773, 1665, 31, 70, 0, 0, 13.52%, 0, 0, 3, 279.27, 3384371, 458, 0, 0
15778, 1666, 31, 70, 0, 0, 13.52%, 0, 0, 3, 310.58, 3386010, 458, 0, 0
15783, 1667, 24, 70, 0, 0, 13.52%, 0, 0, 3, 302.55, 3387564, 458, 0, 0
15788, 1668, 2, 70, 0, 0, 13.52%, 0, 0, 3, 304.46, 3388892, 458, 0, 0
15794, 1668, 55, 70, 0, 0, 13.52%, 0, 0, 3, 314.12, 3390534, 458, 0, 0
15799, 1669, 29, 70, 0, 0, 13.52%, 0, 0, 3, 305.00, 3391764, 458, 0, 0
15804, 1670, 25, 70, 0, 0, 13.52%, 0, 0, 3, 318.38, 3393422, 458, 0, 0
15809, 1670, 69, 70, 0, 0, 13.52%, 0, 0, 3, 316.90, 3394804, 458, 0, 0
15814, 1671, 48, 70, 0, 0, 13.52%, 0, 0, 3, 319.62, 3396466, 458, 0, 0
15819, 1672, 26, 70, 0, 0, 13.52%, 0, 0, 3, 296.67, 3397856, 458, 0, 0
15824, 1673, 2, 70, 0, 0, 13.52%, 0, 0, 3, 311.26, 3399502, 458, 0, 0
15830, 1673, 48, 70, 0, 0, 13.52%, 0, 0, 3, 324.09, 3400902, 458, 0, 0
15835, 1674, 30, 70, 0, 0, 13.52%, 0, 0, 3, 309.84, 3402396, 458, 0, 0
15840, 1675, 11, 70, 0, 0, 13.52%, 0, 0, 3, 316.81, 3403826, 458, 0, 0
15845, 1675, 53, 70, 0, 0, 13.52%, 0, 0, 3, 321.20, 3405220, 458, 0, 0
15850, 1676, 42, 70, 0, 0, 13.52%, 0, 0, 3, 318.15, 3406736, 458, 0, 0
15855, 1677, 26, 70, 0, 0, 13.52%, 0, 0, 3, 319.72, 3408160, 458, 0, 0
15860, 1678, 11, 70, 0, 0, 13.52%, 0, 0, 3, 324.10, 3409602, 458, 0, 0
15865, 1678, 53, 70, 0, 0, 13.52%, 0, 0, 3, 239.06, 3411004, 458, 0, 0
15870, 1679, 50, 70, 0, 0, 13.52%, 0, 0, 3, 299.45, 3412586, 458, 0, 0
15875, 1680, 31, 70, 0, 0, 13.52%, 0, 0, 3, 288.57, 3413996, 458, 0, 0
15880, 1681, 11, 70, 0, 0, 13.52%, 0, 0, 3, 302.09, 3415508, 458, 0, 0
15885, 1681, 62, 70, 0, 0, 13.52%, 0, 0, 3, 295.55, 3416941, 458, 0, 0
15891, 1682, 42, 70, 0, 0, 13.52%, 0, 0, 3, 325.00, 3418361, 458, 0, 0
15896, 1683, 27, 70, 0, 0, 13.52%, 0, 0, 3, 322.94, 3419872, 458, 0, 0
15901, 1684, 11, 70, 0, 0, 13.52%, 0, 0, 3, 96.37, 3421257, 458, 0, 0
15906, 1684, 58, 70, 0, 0, 13.52%, 0, 0, 3, 249.62, 3422776, 458, 0, 0
15911, 1685, 35, 70, 0, 0, 13.52%, 0, 0, 3, 160.15, 3424172, 458, 0, 0
15916, 1686, 25, 70, 0, 0, 13.52%, 0, 0, 3, 287.42, 3425801, 458, 0, 0
15921, 1687, 4, 70, 0, 0, 13.52%, 0, 0, 3, 44.33, 3427185, 458, 0, 0
15926, 1687, 59, 70, 0, 0, 13.52%, 0, 0, 3, 320.24, 3428727, 458, 0, 0
15932, 1688, 42, 70, 0, 0, 13.52%, 0, 0, 3, 322.60, 3430145, 458, 0, 0
15937, 1689, 26, 70, 0, 0, 13.52%, 0, 0, 3, 303.75, 3431609, 458, 0, 0
15942, 1690, 15, 70, 0, 0, 13.52%, 0, 0, 3, 296.92, 3433111, 458, 0, 0
15947, 1690, 62, 70, 0, 0, 13.52%, 0, 0, 3, 320.40, 3434621, 458, 0, 0
15952, 1691, 45, 70, 0, 0, 13.52%, 0, 0, 3, 300.63, 3436061, 458, 0, 0
15957, 1692, 21, 70, 0, 0, 13.52%, 0, 0, 3, 315.21, 3437596, 458, 0, 0
15962, 1693, 2, 70, 0, 0, 13.52%, 0, 0, 3, 303.47, 3439020, 458, 0, 0
15968, 1693, 58, 70, 0, 0, 13.52%, 0, 0, 3, 306.18, 3440590, 458, 0, 0
15973, 1694, 32, 70, 0, 0, 13.52%, 0, 0, 3, 298.19, 3442031, 458, 0, 0
15978, 1695, 26, 70, 0, 0, 13.52%, 0, 0, 3, 314.21, 3443554, 458, 0, 0
15983, 1695, 50, 70, 0, 0, 13.52%, 0, 0, 3, 31.18, 3444173, 458, 0, 0
15988, 1696, 25, 70, 0, 0, 13.52%, 0, 0, 3, 319.13, 3445290, 458, 0, 0
15993, 1696, 58, 70, 0, 0, 13.52%, 0, 0, 3, 321.41, 3446308, 458, 0, 0
15998, 1697, 26, 70, 0, 0, 13.52%, 0, 0, 3, 317.85, 3447348, 458, 0, 0
16003, 1697, 62, 70, 0, 0, 13.52%, 0, 0, 3, 314.72, 3448320, 458, 0, 0
16009, 1698, 42, 70, 0, 0, 13.52%, 0, 0, 3, 31.74, 3449351, 458, 0, 0
16014, 1699, 11, 70, 0, 0, 13.52%, 0, 0, 3, 31.47, 3450455, 458, 0, 0
16019, 1699, 53, 70, 0, 0, 13.52%, 0, 0, 3, 31.74, 3451575, 458, 0, 0
16024, 1700, 26, 70, 0, 0, 13.52%, 0, 0, 3, 31.55, 3452706, 458, 0, 0
16029, 1700, 62, 70, 0, 0, 13.52%, 0, 0, 3, 279.27, 3453671, 458, 0, 0
16034, 1701, 25, 70, 0, 0, 13.52%, 0, 0, 3, 316.44, 3454508, 458, 0, 0
16039, 1701, 50, 70, 0, 0, 13.52%, 0, 0, 3, 304.57, 3455347, 458, 0, 0
16045, 1702, 12, 70, 0, 0, 13.52%, 0, 0, 3, 31.50, 3456180, 458, 0, 0
16050, 1702, 53, 70, 0, 0, 13.52%, 0, 0, 3, 31.72, 3457249, 458, 0, 0
16055, 1703, 25, 70, 0, 0, 13.52%, 0, 0, 3, 31.60, 3458291, 458, 0, 0
16060, 1703, 62, 70, 0, 0, 13.52%, 0, 0, 3, 307.34, 3459310, 458, 0, 0
16065, 1704, 25, 70, 0, 0, 13.52%, 0, 0, 3, 248.45, 3460103, 458, 0, 0
16070, 1704, 53, 70, 0, 0, 13.52%, 0, 0, 3, 262.09, 3460821, 458, 0, 0
16075, 1705, 19, 70, 0, 0, 13.52%, 0, 0, 3, 268.66, 3461529, 458, 0, 0
16080, 1705, 45, 70, 0, 0, 13.52%, 0, 0, 3, 31.44, 3462459, 458, 0, 0
16086, 1706, 4, 70, 0, 0, 13.52%, 0, 0, 3, 31.73, 3463436, 458, 0, 0
16091, 1706, 43, 70, 0, 0, 13.52%, 0, 0, 3, 31.48, 3464399, 458, 0, 0
16096, 1707, 2, 70, 0, 0, 13.52%, 0, 0, 3, 321.32, 3465304, 458, 0, 0
16101, 1707, 30, 70, 0, 0, 13.52%, 0, 0, 3, 276.46, 3466026, 458, 0, 0
16106, 1707, 52, 70, 0, 0, 13.52%, 0, 0, 3, 301.38, 3466611, 458, 0, 0
16111, 1708, 4, 70, 0, 0, 13.52%, 0, 0, 3, 30.66, 3467368, 458, 0, 0
16116, 1708, 38, 70, 0, 0, 13.52%, 0, 0, 3, 31.72, 3468295, 458, 0, 0
16121, 1708, 69, 70, 0, 0, 13.52%, 0, 0, 3, 31.24, 3469234, 458, 0, 0
16126, 1709, 25, 70, 0, 0, 13.52%, 0, 0, 3, 298.70, 3470116, 458, 0, 0
16131, 1709, 50, 70, 0, 0, 13.52%, 0, 0, 3, 324.68, 3470748, 458, 0, 0
16137, 1709, 62, 70, 0, 0, 13.52%, 0, 0, 3, 287.13, 3471298, 458, 0, 0
16142, 1710, 25, 70, 0, 0, 13.52%, 0, 0, 3, 33.65, 3472137, 458, 0, 0
16147, 1710, 48, 70, 0, 0, 13.52%, 0, 0, 3, 31.55, 3473005, 458, 0, 0
16152, 1711, 21, 70, 0, 0, 13.52%, 0, 0, 3, 30.42, 3473847, 458, 0, 0
16157, 1711, 48, 70, 0, 0, 13.52%, 0, 0, 3, 320.22, 3474742, 458, 0, 0
16162, 1711, 62, 70, 0, 0, 13.52%, 0, 0, 3, 319.71, 3475326, 458, 0, 0
16167, 1712, 25, 70, 0, 0, 13.52%, 0, 0, 3, 326.46, 3475942, 458, 0, 0
16172, 1712, 50, 70, 0, 0, 13.52%, 0, 0, 3, 31.12, 3476667, 458, 0, 0
16177, 1713, 4, 70, 0, 0, 13.52%, 0, 0, 3, 31.21, 3477512, 458, 0, 0
16182, 1713, 31, 70, 0, 0, 13.52%, 0, 0, 3, 31.25, 3478390, 458, 0, 0
16188, 1713, 58, 70, 0, 0, 13.52%, 0, 0, 3, 296.21, 3479271, 458, 0, 0
16193, 1714, 11, 70, 0, 0, 13.52%, 0, 0, 3, 331.92, 3479801, 458, 0, 0
16198, 1714, 30, 70, 0, 0, 13.52%, 0, 0, 3, 225.54, 3480383, 458, 0, 0
16203, 1714, 62, 70, 0, 0, 13.52%, 0, 0, 3, 31.36, 3481130, 458, 0, 0
16208, 1715, 21, 70, 0, 0, 13.52%, 0, 0, 3, 44.28, 3481986, 458, 0, 0
16213, 1715, 48, 70, 0, 0, 13.52%, 0, 0, 3, 52.90, 3482827, 458, 0, 0
16219, 1715, 69, 70, 0, 0, 13.52%, 0, 0, 3, 30.45, 3483671, 458, 0, 0
16224, 1716, 26, 70, 0, 0, 13.52%, 0, 0, 3, 319.94, 3484410, 458, 0, 0
16229, 1716, 50, 70, 0, 0, 13.52%, 0, 0, 3, 323.25, 3484998, 458, 0, 0
16234, 1717, 2, 70, 0, 0, 13.52%, 0, 0, 3, 313.43, 3485549, 458, 0, 0
16239, 1717, 26, 70, 0, 0, 13.52%, 0, 0, 3, 30.97, 3486291, 458, 0, 0
16244, 1717, 53, 70, 0, 0, 13.52%, 0, 0, 3, 30.94, 3487121, 458, 0, 0
16249, 1718, 24, 70, 0, 0, 13.52%, 0, 0, 3, 31.65, 3487959, 458, 0, 0
16254, 1718, 50, 70, 0, 0, 13.52%, 0, 0, 3, 31.75, 3488791, 458, 0, 0
16260, 1719, 11, 70, 0, 0, 13.52%, 0, 0, 3, 316.36, 3489557, 458, 0, 0
16265, 1719, 30, 70, 0, 0, 13.52%, 0, 0, 3, 261.77, 3490116, 458, 0, 0
16270, 1719, 50, 70, 0, 0, 13.52%, 0, 0, 3, 30.71, 3490694, 458, 0, 0
16275, 1720, 10, 70, 0, 0, 13.52%, 0, 0, 3, 31.49, 3491591, 458, 0, 0
16280, 1720, 45, 70, 0, 0, 13.52%, 0, 0, 3, 30.53, 3492484, 458, 0, 0
16285, 1720, 58, 70, 0, 0, 13.52%, 0, 0, 3, 316.69, 3493020, 458, 0, 0
16290, 1721, 5, 70, 0, 0, 13.52%, 0, 0, 3, 30.95, 3493525, 458, 0, 0
16295, 1721, 42, 70, 0, 0, 13.52%, 0, 0, 3, 31.31, 3494417, 458, 0, 0
16300, 1722, 4, 70, 0, 0, 13.52%, 0, 0, 3, 49.42, 3495304, 458, 0, 0
16305, 1722, 31, 70, 0, 0, 13.52%, 0, 0, 3, 261.09, 3495981, 458, 0, 0
16311, 1722, 53, 70, 0, 0, 13.52%, 0, 0, 3, 214.53, 3496452, 458, 0, 0
16316, 1723, 11, 70, 0, 0, 13.52%, 0, 0, 3, 31.44, 3497243, 458, 0, 0
16321, 1723, 45, 70, 0, 0, 13.52%, 0, 0, 3, 31.10, 3498105, 458, 0, 0
16326, 1724, 2, 70, 0, 0, 13.52%, 0, 0, 3, 320.10, 3498984, 458, 0, 0
16331, 1724, 21, 70, 0, 0, 13.52%, 0, 0, 3, 328.67, 3499478, 458, 0, 0
16336, 1724, 31, 70, 0, 0, 13.52%, 0, 0, 3, 31.66, 3500014, 458, 0, 0
16341, 1725, 2, 70, 0, 0, 13.52%, 0, 0, 3, 31.58, 3500898, 458, 0, 0
16346, 1725, 42, 70, 0, 0, 13.52%, 0, 0, 3, 38.25, 3501742, 458, 0, 0
16352, 1726, 2, 70, 0, 0, 13.52%, 0, 0, 3, 311.53, 3502584, 458, 0, 0
16357, 1726, 25, 70, 0, 0, 13.52%, 0, 0, 3, 328.59, 3503190, 458, 0, 0
16362, 1726, 42, 70, 0, 0, 13.52%, 0, 0, 3, 31.29, 3503632, 458, 0, 0
16367, 1727, 2, 70, 0, 0, 13.52%, 0, 0, 3, 31.23, 3504450, 458, 0, 0
16372, 1727, 30, 70, 0, 0, 13.52%, 0, 0, 3, 31.23, 3505282, 458, 0, 0
16377, 1727, 62, 70, 0, 0, 13.52%, 0, 0, 3, 36.70, 3506154, 458, 0, 0
16382, 1728, 11, 70, 0, 0, 13.52%, 0, 0, 3, 322.95, 3506702, 458, 0, 0
16387, 1728, 30, 70, 0, 0, 13.52%, 0, 0, 3, 325.00, 3507254, 458, 0, 0
16392, 1728, 50, 70, 0, 0, 13.52%, 0, 0, 3, 42.86, 3507982, 458, 0, 0
16398, 1729, 3, 70, 0, 0, 13.52%, 0, 0, 3, 31.39, 3508789, 458, 0, 0
16403, 1729, 30, 70, 0, 0, 13.52%, 0, 0, 3, 43.04, 3509590, 458, 0, 0
16408, 1729, 58, 70, 0, 0, 13.52%, 0, 0, 3, 56.42, 3510436, 458, 0, 0
16413, 1730, 21, 70, 0, 0, 13.52%, 0, 0, 3, 319.54, 3511147, 458, 0, 0
16418, 1730, 42, 70, 0, 0, 13.52%, 0, 0, 3, 327.68, 3511729, 458, 0, 0
16423, 1730, 58, 70, 0, 0, 13.52%, 0, 0, 3, 201.97, 3512274, 458, 0, 0
16428, 1731, 21, 70, 0, 0, 13.52%, 0, 0, 3, 31.38, 3513047, 458, 0, 0
16433, 1731, 46, 70, 0, 0, 13.52%, 0, 0, 3, 31.22, 3513838, 458, 0, 0
16438, 1732, 4, 70, 0, 0, 13.52%, 0, 0, 3, 31.78, 3514651, 458, 0, 0
16443, 1732, 45, 70, 0, 0, 13.52%, 0, 0, 3, 31.27, 3515464, 458, 0, 0
16448, 1732, 68, 70, 0, 0, 13.52%, 0, 0, 3, 313.39, 3516091, 458, 0, 0
16454, 1733, 21, 70, 0, 0, 13.52%, 0, 0, 3, 304.39, 3516691, 458, 0, 0
16459, 1733, 31, 70, 0, 0, 13.52%, 0, 0, 3, 31.47, 3517255, 458, 0, 0
16464, 1733, 62, 70, 0, 0, 13.52%, 0, 0, 3, 31.28, 3518066, 458, 0, 0
16469, 1734, 25, 70, 0, 0, 13.52%, 0, 0, 3, 30.73, 3518869, 458, 0, 0
16474, 1734, 50, 70, 0, 0, 13.52%, 0, 0, 3, 31.26, 3519701, 458, 0, 0
16479, 1735, 2, 70, 0, 0, 13.52%, 0, 0, 3, 318.98, 3520454, 458, 0, 0
16484, 1735, 24, 70, 0, 0, 13.52%, 0, 0, 3, 294.74, 3521016, 458, 0, 0
16489, 1735, 40, 70, 0, 0, 13.52%, 0, 0, 3, 319.69, 3521584, 458, 0, 0
16494, 1735, 62, 70, 0, 0, 13.52%, 0, 0, 3, 31.33, 3522275, 458, 0, 0
16499, 1736, 26, 70, 0, 0, 13.52%, 0, 0, 3, 31.26, 3523219, 458, 0, 0
16504, 1736, 53, 70, 0, 0, 13.52%, 0, 0, 3, 323.57, 3524107, 458, 0, 0
16509, 1737, 2, 70, 0, 0, 13.52%, 0, 0, 3, 293.61, 3524506, 458, 0, 0
16514, 1737, 26, 70, 0, 0, 13.52%, 0, 0, 3, 31.57, 3525163, 458, 0, 0
16520, 1737, 58, 70, 0, 0, 13.52%, 0, 0, 3, 38.13, 3526032, 458, 0, 0
16525, 1738, 24, 70, 0, 0, 13.52%, 0, 0, 3, 31.19, 3526883, 458, 0, 0
16530, 1738, 42, 70, 0, 0, 13.52%, 0, 0, 3, 294.74, 3527576, 458, 0, 0
16535, 1738, 58, 70, 0, 0, 13.52%, 0, 0, 3, 240.32, 3528027, 458, 0, 0
16540, 1739, 21, 70, 0, 0, 13.52%, 0, 0, 3, 31.63, 3528775, 458, 0, 0
16545, 1739, 45, 70, 0, 0, 13.52%, 0, 0, 3, 30.65, 3529658, 458, 0, 0
16550, 1740, 4, 70, 0, 0, 13.52%, 0, 0, 3, 31.15, 3530501, 458, 0, 0
16556, 1740, 30, 70, 0, 0, 13.52%, 0, 0, 3, 315.37, 3531077, 458, 0, 0
16561, 1740, 50, 70, 0, 0, 13.52%, 0, 0, 3, 31.10, 3531521, 458, 0, 0
16566, 1741, 9, 70, 0, 0, 13.52%, 0, 0, 3, 31.66, 3532403, 458, 0, 0
16571, 1741, 44, 70, 0, 0, 13.52%, 0, 0, 3, 42.32, 3533263, 458, 0, 0
16576, 1742, 2, 70, 0, 0, 13.52%, 0, 0, 3, 314.48, 3534107, 458, 0, 0
16581, 1742, 25, 70, 0, 0, 13.52%, 0, 0, 3, 329.69, 3534701, 458, 0, 0
16586, 1742, 36, 70, 0, 0, 13.52%, 0, 0, 3, 335.00, 3535179, 458, 0, 0
16591, 1742, 69, 70, 0, 0, 13.52%, 0, 0, 3, 30.64, 3535942, 458, 0, 0
16597, 1743, 25, 70, 0, 0, 13.52%, 0, 0, 3, 31.26, 3536790, 458, 0, 0
16602, 1743, 50, 70, 0, 0, 13.52%, 0, 0, 3, 31.58, 3537582, 458, 0, 0
16607, 1744, 21, 70, 0, 0, 13.52%, 0, 0, 3, 251.48, 3538318, 458, 0, 0
16612, 1744, 31, 70, 0, 0, 13.52%, 0, 0, 3, 326.69, 3538876, 458, 0, 0
16617, 1744, 45, 70, 0, 0, 13.52%, 0, 0, 3, 230.00, 3539382, 458, 0, 0
16622, 1745, 2, 70, 0, 0, 13.52%, 0, 0, 3, 30.50, 3540158, 458, 0, 0
16627, 1745, 31, 70, 0, 0, 13.52%, 0, 0, 3, 31.34, 3540964, 458, 0, 0
16632, 1745, 64, 70, 0, 0, 13.52%, 0, 0, 3, 28.86, 3541798, 458, 0, 0
16637, 1746, 11, 70, 0, 0, 13.52%, 0, 0, 3, 327.39, 3542376, 458, 0, 0
16642, 1746, 31, 70, 0, 0, 13.52%, 0, 0, 3, 188.05, 3542916, 458, 0, 0
16647, 1746, 58, 70, 0, 0, 13.52%, 0, 0, 3, 30.75, 3543576, 458, 0, 0
16653, 1747, 24, 70, 0, 0, 13.52%, 0, 0, 3, 31.33, 3544385, 458, 0, 0
16658, 1747, 50, 70, 0, 0, 13.52%, 0, 0, 3, 38.95, 3545210, 458, 0, 0
16663, 1748, 20, 70, 0, 0, 13.52%, 0, 0, 3, 31.18, 3546005, 458, 0, 0
16668, 1748, 42, 70, 0, 0, 13.52%, 0, 0, 3, 234.28, 3546770, 458, 0, 0
16673, 1748, 58, 70, 0, 0, 13.52%, 0, 0, 3, 242.27, 3547314, 458, 0, 0
16678, 1749, 11, 70, 0, 0, 13.52%, 0, 0, 3, 226.77, 3547818, 458, 0, 0
16683, 1749, 42, 70, 0, 0, 13.52%, 0, 0, 3, 31.62, 3548510, 458, 0, 0
16688, 1750, 2, 70, 0, 0, 13.52%, 0, 0, 3, 30.51, 3549304, 458, 0, 0
16693, 1750, 30, 70, 0, 0, 13.52%, 0, 0, 3, 31.57, 3550125, 458, 0, 0
16698, 1750, 58, 70, 0, 0, 13.52%, 0, 0, 3, 288.01, 3550940, 458, 0, 0
16703, 1751, 4, 70, 0, 0, 13.52%, 0, 0, 3, 327.42, 3551604, 458, 0, 0
16709, 1751, 26, 70, 0, 0, 13.52%, 0, 0, 3, 200.92, 3552176, 458, 0, 0
16714, 1751, 48, 70, 0, 0, 13.52%, 0, 0, 3, 34.70, 3552706, 458, 0, 0
16719, 1751, 69, 70, 0, 0, 13.52%, 0, 0, 3, 31.48, 3553486, 458, 0, 0
16724, 1752, 26, 70, 0, 0, 13.52%, 0, 0, 3, 36.40, 3554349, 458, 0, 0
16729, 1752, 49, 70, 0, 0, 13.52%, 0, 0, 3, 302.89, 3555157, 458, 0, 0
16734, 1752, 58, 70, 0, 0, 13.52%, 0, 0, 3, 336.24, 3555557, 458, 0, 0
16740, 1753, 16, 70, 0, 0, 13.52%, 0, 0, 3, 31.47, 3556264, 458, 0, 0
16745, 1753, 35, 70, 0, 0, 13.52%, 0, 0, 3, 31.70, 3557138, 458, 0, 0
16750, 1753, 69, 70, 0, 0, 13.52%, 0, 0, 3, 31.25, 3558001, 458, 0, 0
16755, 1754, 23, 70, 0, 0, 13.52%, 0, 0, 3, 322.78, 3558509, 458, 0, 0
16760, 1754, 31, 70, 0, 0, 13.52%, 0, 0, 3, 30.73, 3559019, 458, 0, 0
16765, 1754, 69, 70, 0, 0, 13.52%, 0, 0, 3, 31.51, 3559861, 458, 0, 0
16770, 1755, 26, 70, 0, 0, 13.52%, 0, 0, 3, 31.65, 3560691, 458, 0, 0
16775, 1755, 48, 70, 0, 0, 13.52%, 0, 0, 3, 316.89, 3561332, 458, 0, 0
16781, 1755, 69, 70, 0, 0, 13.52%, 0, 0, 3, 248.67, 3561788, 458, 0, 0
16786, 1756, 26, 70, 0, 0, 13.52%, 0, 0, 3, 31.51, 3562558, 458, 0, 0
16791, 1756, 58, 70, 0, 0, 13.52%, 0, 0, 3, 31.58, 3563382, 458, 0, 0
16796, 1757, 21, 70, 0, 0, 13.52%, 0, 0, 3, 32.89, 3564217, 458, 0, 0
16801, 1757, 31, 70, 0, 0, 13.52%, 0, 0, 3, 317.27, 3564735, 458, 0, 0
16806, 1757, 45, 70, 0, 0, 13.52%, 0, 0, 3, 41.00, 3565211, 458, 0, 0
16811, 1758, 4, 70, 0, 0, 13.52%, 0, 0, 3, 43.52, 3566024, 458, 0, 0
16816, 1758, 31, 70, 0, 0, 13.52%, 0, 0, 3, 30.45, 3566874, 458, 0, 0
16821, 1758, 62, 70, 0, 0, 13.52%, 0, 0, 3, 308.73, 3567695, 458, 0, 0
16826, 1759, 24, 70, 0, 0, 13.52%, 0, 0, 3, 247.05, 3568247, 458, 0, 0
16831, 1759, 42, 70, 0, 0, 13.52%, 0, 0, 3, 183.49, 3568814, 458, 0, 0
16837, 1759, 61, 70, 0, 0, 13.52%, 0, 0, 3, 31.46, 3569474, 458, 0, 0
16842, 1760, 24, 70, 0, 0, 13.52%, 0, 0, 3, 30.38, 3570271, 458, 0, 0
16847, 1760, 45, 70, 0, 0, 13.52%, 0, 0, 3, 29.20, 3571078, 458, 0, 0
16852, 1761, 4, 70, 0, 0, 13.52%, 0, 0, 3, 31.61, 3571921, 458, 0, 0
16857, 1761, 30, 70, 0, 0, 13.52%, 0, 0, 3, 317.99, 3572529, 458, 0, 0
16862, 1761, 47, 70, 0, 0, 13.52%, 0, 0, 3, 206.62, 3573062, 458, 0, 0
16867, 1761, 69, 70, 0, 0, 13.52%, 0, 0, 3, 30.82, 3573721, 458, 0, 0
16872, 1762, 53, 70, 0, 0, 13.52%, 0, 0, 3, 321.75, 3575209, 458, 0, 0
16878, 1763, 45, 70, 0, 0, 13.52%, 0, 0, 3, 318.95, 3576867, 458, 0, 0
16883, 1764, 31, 70, 0, 0, 13.52%, 0, 0, 3, 310.30, 3578460, 458, 0, 0
16888, 1765, 25, 70, 0, 0, 13.52%, 0, 0, 3, 296.85, 3579973, 458, 0, 0
16893, 1766, 4, 70, 0, 0, 13.52%, 0, 0, 3, 296.02, 3581416, 458, 0, 0
16898, 1766, 69, 70, 0, 0, 13.52%, 0, 0, 3, 297.77, 3582971, 458, 0, 0
16903, 1767, 48, 70, 0, 0, 13.52%, 0, 0, 3, 298.23, 3584496, 458, 0, 0
16908, 1768, 30, 70, 0, 0, 13.52%, 0, 0, 3, 296.45, 3586021, 458, 0, 0
16913, 1769, 11, 70, 0, 0, 13.52%, 0, 0, 3, 250.15, 3587271, 458, 0, 0
16919, 1769, 53, 70, 0, 0, 13.52%, 0, 0, 3, 258.05, 3588616, 458, 0, 0
16924, 1770, 30, 70, 0, 0, 13.52%, 0, 0, 3, 287.23, 3590051, 458, 0, 0
16929, 1771, 24, 70, 0, 0, 13.52%, 0, 0, 3, 301.58, 3591584, 458, 0, 0
16934, 1772, 4, 70, 0, 0, 13.52%, 0, 0, 3, 303.97, 3593126, 458, 0, 0
16939, 1772, 58, 70, 0, 0, 13.52%, 0, 0, 3, 306.84, 3594672, 458, 0, 0
16944, 1773, 35, 70, 0, 0, 13.52%, 0, 0, 3, 281.35, 3596016, 458, 0, 0
16949, 1774, 26, 70, 0, 0, 13.52%, 0, 0, 3, 305.49, 3597632, 458, 0, 0
16954, 1775, 24, 70, 0, 0, 13.52%, 0, 0, 3, 306.44, 3599172, 458, 0, 0
16959, 1776, 0, 70, 0, 0, 13.52%, 0, 0, 3, 304.72, 3600759, 458, 0, 0
16964, 1776, 48, 70, 0, 0, 13.52%, 0, 0, 3, 287.14, 3602206, 458, 0, 0
16969, 1777, 31, 70, 0, 0, 13.52%, 0, 0, 3, 310.78, 3603789, 458, 0, 0
16974, 1778, 31, 70, 0, 0, 13.52%, 0, 0, 3, 315.16, 3605429, 458, 0, 0
16979, 1779, 21, 70, 0, 0, 13.52%, 0, 0, 3, 313.79, 3607001, 458, 0, 0
16985, 1779, 62, 70, 0, 0, 13.52%, 0, 0, 3, 283.16, 3608510, 458, 0, 0
16990, 1780, 53, 70, 0, 0, 13.52%, 0, 0, 3, 309.77, 3610141, 458, 0, 0
16995, 1781, 42, 70, 0, 0, 13.52%, 0, 0, 3, 309.73, 3611747, 458, 0, 0
17000, 1782, 26, 70, 0, 0, 13.52%, 0, 0, 3, 308.86, 3613347, 458, 0, 0
17005, 1783, 4, 70, 0, 0, 13.52%, 0, 0, 3, 296.53, 3614859, 458, 0, 0
17010, 1783, 53, 70, 0, 0, 13.52%, 0, 0, 3, 311.34, 3616441, 458, 0, 0
17015, 1784, 48, 70, 0, 0, 13.52%, 0, 0, 3, 314.63, 3618077, 458, 0, 0
17020, 1785, 26, 70, 0, 0, 13.52%, 0, 0, 3, 314.38, 3619647, 458, 0, 0
17026, 1786, 21, 70, 0, 0, 13.52%, 0, 0, 3, 315.27, 3621259, 458, 0, 0
17031, 1786, 58, 70, 0, 0, 13.52%, 0, 0, 3, 307.01, 3622777, 458, 0, 0
17036, 1787, 48, 70, 0, 0, 13.52%, 0, 0, 3, 310.52, 3624341, 458, 0, 0
17041, 1788, 23, 70, 0, 0, 13.52%, 0, 0, 3, 314.48, 3625917, 458, 0, 0
17046, 1789, 4, 70, 0, 0, 13.52%, 0, 0, 3, 314.65, 3627535, 458, 0, 0
17051, 1789, 69, 70, 0, 0, 13.52%, 0, 0, 3, 305.20, 3629047, 458, 0, 0
17056, 1790, 49, 70, 0, 0, 13.52%, 0, 0, 3, 316.74, 3630692, 458, 0, 0
17061, 1791, 26, 70, 0, 0, 13.52%, 0, 0, 3, 316.18, 3632328, 458, 0, 0
17066, 1792, 4, 70, 0, 0, 13.52%, 0, 0, 3, 315.16, 3633946, 458, 0, 0
17072, 1792, 62, 70, 0, 0, 13.52%, 0, 0, 3, 301.56, 3635452, 458, 0, 0
17077, 1793, 48, 70, 0, 0, 13.52%, 0, 0, 3, 311.50, 3637076, 458, 0, 0
17082, 1794, 30, 70, 0, 0, 13.52%, 0, 0, 3, 314.83, 3638658, 458, 0, 0
17087, 1795, 21, 70, 0, 0, 13.52%, 0, 0, 3, 316.55, 3640298, 458, 0, 0
17092, 1795, 58, 70, 0, 0, 13.52%, 0, 0, 3, 303.71, 3641782, 458, 0, 0
17097, 1796, 50, 70, 0, 0, 13.52%, 0, 0, 3, 306.86, 3643364, 458, 0, 0
17102, 1797, 31, 70, 0, 0, 13.52%, 0, 0, 3, 313.23, 3644982, 458, 0, 0
17108, 1798, 29, 70, 0, 0, 13.52%, 0, 0, 3, 313.52, 3646610, 458, 0, 0
17113, 1799, 21, 70, 0, 0, 13.52%, 0, 0, 3, 294.58, 3648101, 458, 0, 0
17118, 1799, 69, 70, 0, 0, 13.52%, 0, 0, 3, 312.04, 3649740, 458, 0, 0
17123, 1800, 53, 70, 0, 0, 13.52%, 0, 0, 3, 317.40, 3651398, 458, 0, 0
17128, 1801, 48, 70, 0, 0, 13.52%, 0, 0, 3, 316.62, 3653045, 458, 0, 0
17134, 1802, 31, 70, 0, 0, 13.52%, 0, 0, 3, 299.02, 3654571, 458, 0, 0
17139, 1803, 25, 70, 0, 0, 13.52%, 0, 0, 3, 313.42, 3656214, 458, 0, 0
17144, 1804, 4, 70, 0, 0, 13.52%, 0, 0, 3, 307.82, 3657760, 458, 0, 0
17149, 1804, 62, 70, 0, 0, 13.52%, 0, 0, 3, 308.58, 3659366, 458, 0, 0
17154, 1805, 45, 70, 0, 0, 13.52%, 0, 0, 3, 292.46, 3660851, 458, 0, 0
17159, 1806, 25, 70, 0, 0, 13.52%, 0, 0, 3, 313.95, 3662448, 458, 0, 0
17164, 1807, 2, 70, 0, 0, 13.52%, 0, 0, 3, 295.53, 3663956, 458, 0, 0
17169, 1807, 50, 70, 0, 0, 13.52%, 0, 0, 3, 324.63, 3665489, 458, 0, 0
17174, 1808, 42, 70, 0, 0, 13.52%, 0, 0, 3, 322.38, 3667029, 458, 0, 0
17179, 1809, 24, 70, 0, 0, 13.52%, 0, 0, 3, 326.73, 3668431, 458, 0, 0
17185, 1809, 68, 70, 0, 0, 13.52%, 0, 0, 3, 301.98, 3669946, 458, 0, 0
17190, 1810, 45, 70, 0, 0, 13.52%, 0, 0, 3, 293.81, 3671366, 458, 0, 0
17195, 1811, 30, 70, 0, 0, 13.52%, 0, 0, 3, 305.89, 3672910, 458, 0, 0
17200, 1812, 24, 70, 0, 0, 13.52%, 0, 0, 3, 318.41, 3674340, 458, 0, 0
17205, 1813, 2, 70, 0, 0, 13.52%, 0, 0, 3, 305.50, 3675897, 458, 0, 0
17210, 1813, 51, 70, 0, 0, 13.52%, 0, 0, 3, 319.21, 3677439, 458, 0, 0
17215, 1814, 30, 70, 0, 0, 13.52%, 0, 0, 3, 320.86, 3678979, 458, 0, 0
17220, 1815, 8, 70, 0, 0, 13.52%, 0, 0, 3, 323.38, 3680398, 458, 0, 0
17226, 1815, 53, 70, 0, 0, 13.52%, 0, 0, 3, 302.79, 3681920, 458, 0, 0
17231, 1816, 31, 70, 0, 0, 13.52%, 0, 0, 3, 327.25, 3683432, 458, 0, 0
17236, 1817, 25, 70, 0, 0, 13.52%, 0, 0, 3, 294.73, 3684836, 458, 0, 0
17241, 1817, 69, 70, 0, 0, 13.52%, 0, 0, 3, 301.95, 3686290, 458, 0, 0
17246, 1818, 53, 70, 0, 0, 13.52%, 0, 0, 3, 302.64, 3687814, 458, 0, 0
17251, 1819, 42, 70, 0, 0, 13.52%, 0, 0, 3, 328.08, 3689365, 458, 0, 0
17256, 1820, 21, 70, 0, 0, 13.52%, 0, 0, 3, 288.09, 3690746, 458, 0, 0
17261, 1820, 66, 70, 0, 0, 13.52%, 0, 0, 3, 295.15, 3692261, 458, 0, 0
17266, 1821, 45, 70, 0, 0, 13.52%, 0, 0, 3, 317.73, 3693770, 458, 0, 0
17271, 1822, 26, 70, 0, 0, 13.52%, 0, 0, 3, 290.88, 3695185, 458, 0, 0
17276, 1823, 21, 70, 0, 0, 13.52%, 0, 0, 3, 297.72, 3696741, 458, 0, 0
17281, 1824, 2, 70, 0, 0, 13.52%, 0, 0, 3, 318.41, 3698156, 458, 0, 0
17287, 1824, 58, 70, 0, 0, 13.52%, 0, 0, 3, 319.41, 3699676, 458, 0, 0
17292, 1825, 48, 70, 0, 0, 13.52%, 0, 0, 3, 331.68, 3701113, 458, 0, 0
17297, 1826, 30, 70, 0, 0, 13.52%, 0, 0, 3, 320.80, 3702658, 458, 0, 0
17302, 1827, 24, 70, 0, 0, 13.52%, 0, 0, 3, 253.56, 3704070, 458, 0, 0
17307, 1827, 62, 70, 0, 0, 13.52%, 0, 0, 3, 318.54, 3705582, 458, 0, 0
17312, 1828, 48, 70, 0, 0, 13.52%, 0, 0, 3, 318.81, 3707032, 458, 0, 0
17317, 1829, 24, 70, 0, 0, 13.52%, 0, 0, 3, 304.31, 3708489, 458, 0, 0
17322, 1830, 4, 70, 0, 0, 13.52%, 0, 0, 3, 317.34, 3710029, 458, 0, 0
17328, 1830, 50, 70, 0, 0, 13.52%, 0, 0, 3, 316.30, 3711452, 458, 0, 0
17333, 1831, 31, 70, 0, 0, 13.52%, 0, 0, 3, 329.37, 3712910, 458, 0, 0
17338, 1832, 18, 70, 0, 0, 13.52%, 0, 0, 3, 286.22, 3714385, 458, 0, 0
17343, 1832, 62, 70, 0, 0, 13.52%, 0, 0, 3, 323.29, 3715882, 458, 0, 0
17348, 1833, 50, 70, 0, 0, 13.52%, 0, 0, 3, 323.67, 3717298, 458, 0, 0
17353, 1834, 28, 70, 0, 0, 13.52%, 0, 0, 3, 305.59, 3718746, 458, 0, 0
17358, 1835, 21, 70, 0, 0, 13.52%, 0, 0, 3, 315.72, 3720273, 458, 0, 0
17363, 1835, 58, 70, 0, 0, 13.52%, 0, 0, 3, 324.24, 3721709, 458, 0, 0
17368, 1836, 33, 70, 0, 0, 13.52%, 0, 0, 3, 291.40, 3723116, 458, 0, 0
17373, 1837, 11, 70, 0, 0, 13.52%, 0, 0, 3, 315.42, 3724621, 458, 0, 0
17379, 1837, 48, 70, 0, 0, 13.52%, 0, 0, 3, 307.26, 3726027, 458, 0, 0
17384, 1838, 26, 70, 0, 0, 13.52%, 0, 0, 3, 297.12, 3727471, 458, 0, 0
17389, 1839, 21, 70, 0, 0, 13.52%, 0, 0, 3, 319.92, 3729009, 458, 0, 0
17394, 1839, 53, 70, 0, 0, 13.52%, 0, 0, 3, 316.86, 3730433, 458, 0, 0
17399, 1840, 35, 70, 0, 0, 13.52%, 0, 0, 3, 295.04, 3731841, 458, 0, 0
17404, 1841, 18, 70, 0, 0, 13.52%, 0, 0, 3, 285.49, 3733276, 458, 0, 0
17409, 1841, 69, 70, 0, 0, 13.52%, 0, 0, 3, 322.07, 3734803, 458, 0, 0
17414, 1842, 50, 70, 0, 0, 13.52%, 0, 0, 3, 317.14, 3736173, 458, 0, 0
17419, 1843, 31, 70, 0, 0, 13.52%, 0, 0, 3, 298.24, 3737597, 458, 0, 0
17424, 1844, 25, 70, 0, 0, 13.52%, 0, 0, 3, 306.03, 3739145, 458, 0, 0
17430, 1845, 11, 70, 0, 0, 13.52%, 0, 0, 3, 317.22, 3740603, 458, 0, 0
17435, 1846, 2, 70, 0, 0, 13.52%, 0, 0, 3, 314.02, 3742073, 458, 0, 0
17440, 1846, 58, 70, 0, 0, 13.52%, 0, 0, 3, 319.64, 3743597, 458, 0, 0
17445, 1847, 45, 70, 0, 0, 13.52%, 0, 0, 3, 312.98, 3744997, 458, 0, 0
17450, 1848, 30, 70, 0, 0, 13.52%, 0, 0, 3, 327.50, 3746403, 458, 0, 0
17455, 1849, 11, 70, 0, 0, 13.52%, 0, 0, 3, 292.13, 3747833, 458, 0, 0
17460, 1849, 50, 70, 0, 0, 13.52%, 0, 0, 3, 30.48, 3748764, 458, 0, 0
17465, 1849, 69, 70, 0, 0, 13.52%, 0, 0, 3, 301.49, 3749451, 458, 0, 0
17470, 1850, 42, 70, 0, 0, 13.52%, 0, 0, 3, 324.52, 3750479, 458, 0, 0
17475, 1851, 4, 70, 0, 0, 13.52%, 0, 0, 3, 30.50, 3751626, 458, 0, 0
17481, 1851, 45, 70, 0, 0, 13.52%, 0, 0, 3, 31.81, 3752853, 458, 0, 0
17486, 1852, 24, 70, 0, 0, 13.52%, 0, 0, 3, 51.15, 3754016, 458, 0, 0
17491, 1852, 53, 70, 0, 0, 13.52%, 0, 0, 3, 282.67, 3755021, 458, 0, 0
17496, 1853, 25, 70, 0, 0, 13.52%, 0, 0, 3, 266.16, 3756006, 458, 0, 0
17501, 1853, 58, 70, 0, 0, 13.52%, 0, 0, 3, 326.07, 3756927, 458, 0, 0
17506, 1854, 21, 70, 0, 0, 13.52%, 0, 0, 3, 319.83, 3757785, 458, 0, 0
17511, 1854, 50, 70, 0, 0, 13.52%, 0, 0, 3, 254.13, 3758671, 458, 0, 0
17517, 1855, 7, 70, 0, 0, 13.52%, 0, 0, 3, 32.63, 3759542, 458, 0, 0
17522, 1855, 48, 70, 0, 0, 13.52%, 0, 0, 3, 31.42, 3760582, 458, 0, 0
17527, 1856, 6, 70, 0, 0, 13.52%, 0, 0, 3, 31.42, 3761568, 458, 0, 0
17532, 1856, 42, 70, 0, 0, 13.52%, 0, 0, 3, 31.25, 3762539, 458, 0, 0
17537, 1857, 16, 70, 0, 0, 13.52%, 0, 0, 3, 31.50, 3763603, 458, 0, 0
17542, 1857, 45, 70, 0, 0, 13.52%, 0, 0, 3, 326.94, 3764503, 458, 0, 0
17548, 1858, 2, 70, 0, 0, 13.52%, 0, 0, 3, 266.88, 3765291, 458, 0, 0
17553, 1858, 26, 70, 0, 0, 13.52%, 0, 0, 3, 290.07, 3765891, 458, 0, 0
17558, 1858, 58, 70, 0, 0, 13.52%, 0, 0, 3, 30.46, 3766809, 458, 0, 0
17563, 1859, 26, 70, 0, 0, 13.52%, 0, 0, 3, 31.38, 3767860, 458, 0, 0
17568, 1859, 62, 70, 0, 0, 13.52%, 0, 0, 3, 313.66, 3768815, 458, 0, 0
17573, 1860, 21, 70, 0, 0, 13.52%, 0, 0, 3, 333.31, 3769457, 458, 0, 0
17578, 1860, 45, 70, 0, 0, 13.52%, 0, 0, 3, 31.64, 3770065, 458, 0, 0
17583, 1861, 2, 70, 0, 0, 13.52%, 0, 0, 3, 31.38, 3770995, 458, 0, 0
17588, 1861, 34, 70, 0, 0, 13.52%, 0, 0, 3, 31.12, 3771914, 458, 0, 0
17594, 1861, 62, 70, 0, 0, 13.52%, 0, 0, 3, 273.75, 3772851, 458, 0, 0
17599, 1862, 25, 70, 0, 0, 13.52%, 0, 0, 3, 258.04, 3773536, 458, 0, 0
17604, 1862, 50, 70, 0, 0, 13.52%, 0, 0, 3, 241.52, 3774165, 458, 0, 0
17609, 1863, 4, 70, 0, 0, 13.52%, 0, 0, 3, 30.47, 3774880, 458, 0, 0
17614, 1863, 31, 70, 0, 0, 13.52%, 0, 0, 3, 31.19, 3775799, 458, 0, 0
17619, 1863, 58, 70, 0, 0, 13.52%, 0, 0, 3, 31.59, 3776685, 458, 0, 0
17624, 1864, 18, 70, 0, 0, 13.52%, 0, 0, 3, 280.83, 3777526, 458, 0, 0
17629, 1864, 30, 70, 0, 0, 13.52%, 0, 0, 3, 311.61, 3778008, 458, 0, 0
17634, 1864, 58, 70, 0, 0, 13.52%, 0, 0, 3, 31.50, 3778686, 458, 0, 0
17640, 1865, 21, 70, 0, 0, 13.52%, 0, 0, 3, 31.11, 3779547, 458, 0, 0
17645, 1865, 50, 70, 0, 0, 13.52%, 0, 0, 3, 30.56, 3780446, 458, 0, 0
17650, 1866, 15, 70, 0, 0, 13.52%, 0, 0, 3, 320.72, 3781278, 458, 0, 0
17655, 1866, 31, 70, 0, 0, 13.52%, 0, 0, 3, 279.12, 3781891, 458, 0, 0
17660, 1866, 58, 70, 0, 0, 13.52%, 0, 0, 3, 319.54, 3782520, 458, 0, 0
17665, 1867, 11, 70, 0, 0, 13.52%, 0, 0, 3, 31.47, 3783205, 458, 0, 0
17670, 1867, 42, 70, 0, 0, 13.52%, 0, 0, 3, 30.48, 3784100, 458, 0, 0
17676, 1868, 1, 70, 0, 0, 13.52%, 0, 0, 3, 31.37, 3784937, 458, 0, 0
17681, 1868, 25, 70, 0, 0, 13.52%, 0, 0, 3, 287.43, 3785811, 458, 0, 0
17686, 1868, 45, 70, 0, 0, 13.52%, 0, 0, 3, 271.96, 3786261, 458, 0, 0
17691, 1868, 67, 70, 0, 0, 13.52%, 0, 0, 3, 283.58, 3786881, 458, 0, 0
17696, 1869, 24, 70, 0, 0, 13.52%, 0, 0, 3, 31.14, 3787663, 458, 0, 0
17701, 1869, 50, 70, 0, 0, 13.52%, 0, 0, 3, 31.66, 3788526, 458, 0, 0
17706, 1870, 11, 70, 0, 0, 13.52%, 0, 0, 3, 31.71, 3789335, 458, 0, 0
17712, 1870, 45, 70, 0, 0, 13.52%, 0, 0, 3, 30.58, 3790181, 458, 0, 0
17717, 1870, 69, 70, 0, 0, 13.52%, 0, 0, 3, 278.40, 3790921, 458, 0, 0
17722, 1871, 25, 70, 0, 0, 13.52%, 0, 0, 3, 320.20, 3791454, 458, 0, 0
17727, 1871, 35, 70, 0, 0, 13.52%, 0, 0, 3, 227.72, 3792004, 458, 0, 0
17732, 1871, 55, 70, 0, 0, 13.52%, 0, 0, 3, 31.39, 3792735, 458, 0, 0
17737, 1872, 24, 70, 0, 0, 13.52%, 0, 0, 3, 31.56, 3793572, 458, 0, 0
17742, 1872, 50, 70, 0, 0, 13.52%, 0, 0, 3, 31.52, 3794411, 458, 0, 0
17747, 1873, 4, 70, 0, 0, 13.52%, 0, 0, 3, 307.04, 3795220, 458, 0, 0
17752, 1873, 30, 70, 0, 0, 13.52%, 0, 0, 3, 302.17, 3795866, 458, 0, 0
17758, 1873, 53, 70, 0, 0, 13.52%, 0, 0, 3, 286.51, 3796496, 458, 0, 0
17763, 1874, 11, 70, 0, 0, 13.52%, 0, 0, 3, 325.00, 3797084, 458, 0, 0
17768, 1874, 31, 70, 0, 0, 13.52%, 0, 0, 3, 31.57, 3797826, 458, 0, 0
17773, 1874, 62, 70, 0, 0, 13.52%, 0, 0, 3, 31.36, 3798714, 458, 0, 0
17778, 1875, 24, 70, 0, 0, 13.52%, 0, 0, 3, 262.74, 3799506, 458, 0, 0
17783, 1875, 31, 70, 0, 0, 13.52%, 0, 0, 3, 211.45, 3799907, 458, 0, 0
17788, 1875, 59, 70, 0, 0, 13.52%, 0, 0, 3, 31.73, 3800703, 458, 0, 0
17793, 1876, 26, 70, 0, 0, 13.52%, 0, 0, 3, 31.50, 3801581, 458, 0, 0
17799, 1876, 62, 70, 0, 0, 13.52%, 0, 0, 3, 309.99, 3802447, 458, 0, 0
17804, 1877, 4, 70, 0, 0, 13.52%, 0, 0, 3, 328.35, 3802865, 458, 0, 0
17809, 1877, 25, 70, 0, 0, 13.52%, 0, 0, 3, 31.18, 3803508, 458, 0, 0
17814, 1877, 50, 70, 0, 0, 13.52%, 0, 0, 3, 31.27, 3804401, 458, 0, 0
17819, 1878, 21, 70, 0, 0, 13.52%, 0, 0, 3, 30.41, 3805261, 458, 0, 0
17824, 1878, 38, 70, 0, 0, 13.52%, 0, 0, 3, 320.57, 3805804, 458, 0, 0
17829, 1878, 53, 70, 0, 0, 13.52%, 0, 0, 3, 208.96, 3806319, 458, 0, 0
17834, 1879, 17, 70, 0, 0, 13.52%, 0, 0, 3, 31.53, 3807118, 458, 0, 0
17839, 1879, 48, 70, 0, 0, 13.52%, 0, 0, 3, 31.30, 3808009, 458, 0, 0
17844, 1880, 2, 70, 0, 0, 13.52%, 0, 0, 3, 318.17, 3808851, 458, 0, 0
17849, 1880, 24, 70, 0, 0, 13.52%, 0, 0, 3, 329.25, 3809397, 458, 0, 0
17855, 1880, 42, 70, 0, 0, 13.52%, 0, 0, 3, 31.46, 3809879, 458, 0, 0
17860, 1880, 69, 70, 0, 0, 13.52%, 0, 0, 3, 31.24, 3810730, 458, 0, 0
17865, 1881, 30, 70, 0, 0, 13.52%, 0, 0, 3, 49.23, 3811551, 458, 0, 0
17870, 1881, 69, 70, 0, 0, 13.52%, 0, 0, 3, 31.33, 3812391, 458, 0, 0
17875, 1882, 24, 70, 0, 0, 13.52%, 0, 0, 3, 283.63, 3813026, 458, 0, 0
17880, 1882, 31, 70, 0, 0, 13.52%, 0, 0, 3, 312.41, 3813521, 458, 0, 0
17885, 1882, 58, 70, 0, 0, 13.52%, 0, 0, 3, 31.02, 3814217, 458, 0, 0
17890, 1883, 24, 70, 0, 0, 13.52%, 0, 0, 3, 31.46, 3815050, 458, 0, 0
17896, 1883, 49, 70, 0, 0, 13.52%, 0, 0, 3, 31.45, 3815898, 458, 0, 0
17901, 1884, 2, 70, 0, 0, 13.52%, 0, 0, 3, 256.29, 3816631, 458, 0, 0
17906, 1884, 26, 70, 0, 0, 13.52%, 0, 0, 3, 290.02, 3817201, 458, 0, 0
17911, 1884, 48, 70, 0, 0, 13.52%, 0, 0, 3, 330.00, 3817762, 458, 0, 0
17916, 1884, 69, 70, 0, 0, 13.52%, 0, 0, 3, 41.98, 3818532, 458, 0, 0
17921, 1885, 30, 70, 0, 0, 13.52%, 0, 0, 3, 31.64, 3819327, 458, 0, 0
17926, 1885, 62, 70, 0, 0, 13.52%, 0, 0, 3, 31.35, 3820156, 458, 0, 0
17931, 1886, 21, 70, 0, 0, 13.52%, 0, 0, 3, 311.38, 3820966, 458, 0, 0
17936, 1886, 42, 70, 0, 0, 13.52%, 0, 0, 3, 294.91, 3821596, 458, 0, 0
17942, 1886, 62, 70, 0, 0, 13.52%, 0, 0, 3, 322.55, 3822148, 458, 0, 0
17947, 1887, 11, 70, 0, 0, 13.52%, 0, 0, 3, 30.61, 3822756, 458, 0, 0
17952, 1887, 36, 70, 0, 0, 13.52%, 0, 0, 3, 30.92, 3823583, 458, 0, 0
17957, 1887, 62, 70, 0, 0, 13.52%, 0, 0, 3, 31.42, 3824382, 458, 0, 0
17962, 1888, 26, 70, 0, 0, 13.52%, 0, 0, 3, 54.74, 3825204, 458, 0, 0
17967, 1888, 62, 70, 0, 0, 13.52%, 0, 0, 3, 322.41, 3826023, 458, 0, 0
17972, 1889, 10, 70, 0, 0, 13.52%, 0, 0, 3, 315.38, 3826601, 458, 0, 0
17977, 1889, 26, 70, 0, 0, 13.52%, 0, 0, 3, 200.97, 3827156, 458, 0, 0
17982, 1889, 53, 70, 0, 0, 13.52%, 0, 0, 3, 30.45, 3827815, 458, 0, 0
17987, 1890, 2, 70, 0, 0, 13.52%, 0, 0, 3, 31.21, 3828602, 458, 0, 0
17993, 1890, 42, 70, 0, 0, 13.52%, 0, 0, 3, 31.30, 3829418, 458, 0, 0
17998, 1891, 4, 70, 0, 0, 13.52%, 0, 0, 3, 308.68, 3830335, 458, 0, 0
18003, 1891, 26, 70, 0, 0, 13.52%, 0, 0, 3, 317.74, 3830859, 458, 0, 0
18008, 1891, 45, 70, 0, 0, 13.52%, 0, 0, 3, 30.61, 3831367, 458, 0, 0
18013, 1892, 4, 70, 0, 0, 13.52%, 0, 0, 3, 31.05, 3832201, 458, 0, 0
18018, 1892, 32, 70, 0, 0, 13.52%, 0, 0, 3, 31.66, 3833074, 458, 0, 0
18023, 1892, 62, 70, 0, 0, 13.52%, 0, 0, 3, 322.66, 3833910, 458, 0, 0
18028, 1893, 21, 70, 0, 0, 13.52%, 0, 0, 3, 324.36, 3834395, 458, 0, 0
18034, 1893, 31, 70, 0, 0, 13.52%, 0, 0, 3, 30.84, 3834969, 458, 0, 0
18039, 1893, 67, 70, 0, 0, 13.52%, 0, 0, 3, 44.12, 3835816, 458, 0, 0
18044, 1894, 26, 70, 0, 0, 13.52%, 0, 0, 3, 31.41, 3836709, 458, 0, 0
18049, 1894, 48, 70, 0, 0, 13.52%, 0, 0, 3, 312.00, 3837477, 458, 0, 0
18054, 1894, 69, 70, 0, 0, 13.52%, 0, 0, 3, 317.59, 3837977, 458, 0, 0
18059, 1895, 25, 70, 0, 0, 13.52%, 0, 0, 3, 31.64, 3838574, 458, 0, 0
18064, 1895, 58, 70, 0, 0, 13.52%, 0, 0, 3, 31.10, 3839418, 458, 0, 0
18069, 1896, 24, 70, 0, 0, 13.52%, 0, 0, 3, 31.09, 3840289, 458, 0, 0
18074, 1896, 42, 70, 0, 0, 13.52%, 0, 0, 3, 249.06, 3840791, 458, 0, 0
18080, 1896, 62, 70, 0, 0, 13.52%, 0, 0, 3, 31.47, 3841336, 458, 0, 0
18085, 1897, 24, 70, 0, 0, 13.52%, 0, 0, 3, 31.62, 3842173, 458, 0, 0
18090, 1897, 50, 70, 0, 0, 13.52%, 0, 0, 3, 53.03, 3843012, 458, 0, 0
18095, 1898, 6, 70, 0, 0, 13.52%, 0, 0, 3, 291.87, 3843876, 458, 0, 0
18100, 1898, 26, 70, 0, 0, 13.52%, 0, 0, 3, 318.71, 3844407, 458, 0, 0
18105, 1898, 50, 70, 0, 0, 13.52%, 0, 0, 3, 289.33, 3844966, 458, 0, 0
18110, 1899, 4, 70, 0, 0, 13.52%, 0, 0, 3, 31.67, 3845642, 458, 0, 0
18115, 1899, 42, 70, 0, 0, 13.52%, 0, 0, 3, 30.99, 3846437, 458, 0, 0
18120, 1900, 2, 70, 0, 0, 13.52%, 0, 0, 3, 40.69, 3847238, 458, 0, 0
18126, 1900, 31, 70, 0, 0, 13.52%, 0, 0, 3, 320.29, 3848077, 458, 0, 0
18131, 1900, 50, 70, 0, 0, 13.52%, 0, 0, 3, 327.29, 3848510, 458, 0, 0
18136, 1901, 2, 70, 0, 0, 13.52%, 0, 0, 3, 30.53, 3849053, 458, 0, 0
18141, 1901, 28, 70, 0, 0, 13.52%, 0, 0, 3, 31.67, 3849848, 458, 0, 0
18146, 1901, 50, 70, 0, 0, 13.52%, 0, 0, 3, 30.45, 3850666, 458, 0, 0
18151, 1902, 21, 70, 0, 0, 13.52%, 0, 0, 3, 31.43, 3851470, 458, 0, 0
18156, 1902, 45, 70, 0, 0, 13.52%, 0, 0, 3, 293.81, 3852226, 458, 0, 0
18161, 1902, 58, 70, 0, 0, 13.52%, 0, 0, 3, 289.11, 3852611, 458, 0, 0
18166, 1903, 11, 70, 0, 0, 13.52%, 0, 0, 3, 30.46, 3853226, 458, 0, 0
18172, 1903, 42, 70, 0, 0, 13.52%, 0, 0, 3, 31.38, 3854022, 458, 0, 0
18177, 1903, 62, 70, 0, 0, 13.52%, 0, 0, 3, 31.16, 3854801, 458, 0, 0
18182, 1904, 25, 70, 0, 0, 13.52%, 0, 0, 3, 31.25, 3855598, 458, 0, 0
18187, 1904, 53, 70, 0, 0, 13.52%, 0, 0, 3, 307.29, 3856390, 458, 0, 0
18192, 1905, 4, 70, 0, 0, 13.52%, 0, 0, 3, 246.93, 3856936, 458, 0, 0
18197, 1905, 21, 70, 0, 0, 13.52%, 0, 0, 3, 328.36, 3857401, 458, 0, 0
18202, 1905, 33, 70, 0, 0, 13.52%, 0, 0, 3, 31.54, 3858099, 458, 0, 0
18208, 1905, 58, 70, 0, 0, 13.52%, 0, 0, 3, 30.84, 3858840, 458, 0, 0
18213, 1906, 21, 70, 0, 0, 13.52%, 0, 0, 3, 38.74, 3859630, 458, 0, 0
18218, 1906, 45, 70, 0, 0, 13.52%, 0, 0, 3, 31.43, 3860386, 458, 0, 0
18223, 1907, 4, 70, 0, 0, 13.52%, 0, 0, 3, 309.96, 3861172, 458, 0, 0
18228, 1907, 25, 70, 0, 0, 13.52%, 0, 0, 3, 266.25, 3861621, 458, 0, 0
18233, 1907, 48, 70, 0, 0, 13.52%, 0, 0, 3, 31.52, 3862186, 458, 0, 0
18238, 1908, 4, 70, 0, 0, 13.52%, 0, 0, 3, 30.93, 3863057, 458, 0, 0
18243, 1908, 42, 70, 0, 0, 13.52%, 0, 0, 3, 31.25, 3863921, 458, 0, 0
18248, 1908, 58, 70, 0, 0, 13.52%, 0, 0, 3, 304.49, 3864432, 458, 0, 0
18253, 1909, 4, 70, 0, 0, 13.52%, 0, 0, 3, 30.59, 3864931, 458, 0, 0
18258, 1909, 42, 70, 0, 0, 13.52%, 0, 0, 3, 31.33, 3865798, 458, 0, 0
18263, 1910, 2, 70, 0, 0, 13.52%, 0, 0, 3, 31.73, 3866638, 458, 0, 0
18269, 1910, 25, 70, 0, 0, 13.52%, 0, 0, 3, 281.65, 3867326, 458, 0, 0
18274, 1910, 42, 70, 0, 0, 13.52%, 0, 0, 3, 321.30, 3867766, 458, 0, 0
18279, 1910, 62, 70, 0, 0, 13.52%, 0, 0, 3, 31.54, 3868491, 458, 0, 0
18284, 1911, 25, 70, 0, 0, 13.52%, 0, 0, 3, 31.78, 3869336, 458, 0, 0
18289, 1911, 53, 70, 0, 0, 13.52%, 0, 0, 3, 31.95, 3870217, 458, 0, 0
18294, 1912, 4, 70, 0, 0, 13.52%, 0, 0, 3, 264.53, 3870776, 458, 0, 0
18299, 1912, 24, 70, 0, 0, 13.52%, 0, 0, 3, 32.20, 3871210, 458, 0, 0
18304, 1912, 48, 70, 0, 0, 13.52%, 0, 0, 3, 31.47, 3872071, 458, 0, 0
18309, 1913, 4, 70, 0, 0, 13.52%, 0, 0, 3, 48.20, 3872899, 458, 0, 0
18315, 1913, 42, 70, 0, 0, 13.52%, 0, 0, 3, 322.26, 3873689, 458, 0, 0
18320, 1913, 53, 70, 0, 0, 13.52%, 0, 0, 3, 321.24, 3874059, 458, 0, 0
18325, 1914, 21, 70, 0, 0, 13.52%, 0, 0, 3, 34.31, 3874768, 458, 0, 0
18330, 1914, 48, 70, 0, 0, 13.52%, 0, 0, 3, 31.47, 3875630, 458, 0, 0
18335, 1915, 4, 70, 0, 0, 13.52%, 0, 0, 3, 31.65, 3876442, 458, 0, 0
18340, 1915, 31, 70, 0, 0, 13.52%, 0, 0, 3, 320.05, 3877147, 458, 0, 0
18345, 1915, 53, 70, 0, 0, 13.52%, 0, 0, 3, 194.08, 3877647, 458, 0, 0
18350, 1916, 25, 70, 0, 0, 13.52%, 0, 0, 3, 274.33, 3878891, 458, 0, 0
18355, 1917, 4, 70, 0, 0, 13.52%, 0, 0, 3, 307.89, 3880528, 458, 0, 0
18360, 1917, 69, 70, 0, 0, 13.52%, 0, 0, 3, 310.67, 3882104, 458, 0, 0
18365, 1918, 53, 70, 0, 0, 13.52%, 0, 0, 3, 308.72, 3883658, 458, 0, 0
18370, 1919, 31, 70, 0, 0, 13.52%, 0, 0, 3, 279.65, 3885076, 458, 0, 0
18375, 1920, 15, 70, 0, 0, 13.52%, 0, 0, 3, 253.86, 3886316, 458, 0, 0
18380, 1920, 65, 70, 0, 0, 13.52%, 0, 0, 3, 284.84, 3887761, 458, 0, 0
18386, 1921, 56, 70, 0, 0, 13.52%, 0, 0, 3, 300.05, 3889346, 458, 0, 0
18391, 1922, 45, 70, 0, 0, 13.52%, 0, 0, 3, 303.36, 3890922, 458, 0, 0
18396, 1923, 26, 70, 0, 0, 13.52%, 0, 0, 3, 302.82, 3892458, 458, 0, 0
18401, 1923, 69, 70, 0, 0, 13.52%, 0, 0, 3, 270.01, 3893781, 458, 0, 0
18406, 1924, 53, 70, 0, 0, 13.52%, 0, 0, 3, 290.50, 3895221, 458, 0, 0
18411, 1925, 45, 70, 0, 0, 13.52%, 0, 0, 3, 301.93, 3896751, 458, 0, 0
18416, 1926, 31, 70, 0, 0, 13.52%, 0, 0, 3, 304.93, 3898297, 458, 0, 0
18421, 1927, 25, 70, 0, 0, 13.52%, 0, 0, 3, 305.51, 3899839, 458, 0, 0
18426, 1928, 21, 70, 0, 0, 13.52%, 0, 0, 3, 295.50, 3901271, 458, 0, 0
18431, 1929, 4, 70, 0, 0, 13.52%, 0, 0, 3, 307.38, 3902827, 458, 0, 0
18436, 1929, 69, 70, 0, 0, 13.52%, 0, 0, 3, 310.33, 3904445, 458, 0, 0
18441, 1930, 58, 70, 0, 0, 13.52%, 0, 0, 3, 312.23, 3906014, 458, 0, 0
18446, 1931, 42, 70, 0, 0, 13.52%, 0, 0, 3, 299.87, 3907481, 458, 0, 0
18451, 1932, 27, 70, 0, 0, 13.52%, 0, 0, 3, 311.78, 3909060, 458, 0, 0
18457, 1933, 11, 70, 0, 0, 13.52%, 0, 0, 3, 313.57, 3910684, 458, 0, 0
18462, 1933, 69, 70, 0, 0, 13.52%, 0, 0, 3, 313.21, 3912320, 458, 0, 0
18467, 1934, 53, 70, 0, 0, 13.52%, 0, 0, 3, 294.15, 3913821, 458, 0, 0
18472, 1935, 45, 70, 0, 0, 13.52%, 0, 0, 3, 307.80, 3915432, 458, 0, 0
18477, 1936, 26, 70, 0, 0, 13.52%, 0, 0, 3, 315.30, 3917072, 458, 0, 0
18482, 1937, 2, 70, 0, 0, 13.52%, 0, 0, 3, 316.32, 3918714, 458, 0, 0
18488, 1937, 59, 70, 0, 0, 13.52%, 0, 0, 3, 296.00, 3920226, 458, 0, 0
18493, 1938, 42, 70, 0, 0, 13.52%, 0, 0, 3, 314.35, 3921878, 458, 0, 0
18498, 1939, 30, 70, 0, 0, 13.52%, 0, 0, 3, 316.48, 3923526, 458, 0, 0
18503, 1940, 26, 70, 0, 0, 13.52%, 0, 0, 3, 312.65, 3925142, 458, 0, 0
18508, 1941, 4, 70, 0, 0, 13.52%, 0, 0, 3, 290.59, 3926641, 458, 0, 0
18514, 1941, 69, 70, 0, 0, 13.52%, 0, 0, 3, 310.16, 3928266, 458, 0, 0
18519, 1942, 53, 70, 0, 0, 13.52%, 0, 0, 3, 315.73, 3929902, 458, 0, 0
18524, 1943, 44, 70, 0, 0, 13.52%, 0, 0, 3, 316.40, 3931535, 458, 0, 0
18529, 1944, 26, 70, 0, 0, 13.52%, 0, 0, 3, 293.20, 3933016, 458, 0, 0
18534, 1945, 21, 70, 0, 0, 13.52%, 0, 0, 3, 313.01, 3934673, 458, 0, 0
18539, 1945, 62, 70, 0, 0, 13.52%, 0, 0, 3, 312.59, 3936251, 458, 0, 0
18544, 1946, 49, 70, 0, 0, 13.52%, 0, 0, 3, 312.60, 3937821, 458, 0, 0
18549, 1947, 28, 70, 0, 0, 13.52%, 0, 0, 3, 282.16, 3939266, 458, 0, 0
18554, 1948, 21, 70, 0, 0, 13.52%, 0, 0, 3, 309.57, 3940897, 458, 0, 0
18560, 1949, 4, 70, 0, 0, 13.52%, 0, 0, 3, 315.29, 3942542, 458, 0, 0
18565, 1949, 69, 70, 0, 0, 13.52%, 0, 0, 3, 315.50, 3944184, 458, 0, 0
18570, 1950, 58, 70, 0, 0, 13.52%, 0, 0, 3, 292.95, 3945751, 458, 0, 0
18575, 1951, 48, 70, 0, 0, 13.52%, 0, 0, 3, 311.90, 3947323, 458, 0, 0
18580, 1952, 31, 70, 0, 0, 13.52%, 0, 0, 3, 314.76, 3948953, 458, 0, 0
18585, 1953, 25, 70, 0, 0, 13.52%, 0, 0, 3, 312.79, 3950435, 458, 0, 0
18590, 1954, 11, 70, 0, 0, 13.52%, 0, 0, 3, 310.93, 3952053, 458, 0, 0
18596, 1954, 52, 70, 0, 0, 13.52%, 0, 0, 3, 308.59, 3953595, 458, 0, 0
18601, 1955, 45, 70, 0, 0, 13.52%, 0, 0, 3, 317.41, 3955195, 458, 0, 0
18606, 1956, 30, 70, 0, 0, 13.52%, 0, 0, 3, 317.35, 3956829, 458, 0, 0
18611, 1957, 21, 70, 0, 0, 13.52%, 0, 0, 3, 314.31, 3958452, 458, 0, 0
18616, 1957, 69, 70, 0, 0, 13.52%, 0, 0, 3, 308.09, 3959982, 458, 0, 0
18621, 1958, 57, 70, 0, 0, 13.52%, 0, 0, 3, 310.02, 3961591, 458, 0, 0
18626, 1959, 42, 70, 0, 0, 13.52%, 0, 0, 3, 312.44, 3963202, 458, 0, 0
18631, 1960, 25, 70, 0, 0, 13.52%, 0, 0, 3, 309.88, 3964732, 458, 0, 0
18637, 1961, 4, 70, 0, 0, 13.52%, 0, 0, 3, 304.59, 3966202, 458, 0, 0
18642, 1961, 69, 70, 0, 0, 13.52%, 0, 0, 3, 313.41, 3967848, 458, 0, 0
18647, 1962, 58, 70, 0, 0, 13.52%, 0, 0, 3, 316.51, 3969508, 458, 0, 0
18652, 1963, 49, 70, 0, 0, 13.52%, 0, 0, 3, 279.08, 3971041, 458, 0, 0
18657, 1964, 30, 70, 0, 0, 13.52%, 0, 0, 3, 313.72, 3972554, 458, 0, 0
18662, 1965, 4, 70, 0, 0, 13.52%, 0, 0, 3, 196.96, 3973956, 458, 0, 0
18667, 1965, 58, 70, 0, 0, 13.52%, 0, 0, 3, 305.00, 3975471, 458, 0, 0
18672, 1966, 45, 70, 0, 0, 13.52%, 0, 0, 3, 305.14, 3976989, 458, 0, 0
18677, 1967, 30, 70, 0, 0, 13.52%, 0, 0, 3, 303.45, 3978429, 458, 0, 0
18683, 1968, 21, 70, 0, 0, 13.52%, 0, 0, 3, 308.90, 3979964, 458, 0, 0
18688, 1969, 2, 70, 0, 0, 13.52%, 0, 0, 3, 317.16, 3981492, 458, 0, 0
18693, 1969, 58, 70, 0, 0, 13.52%, 0, 0, 3, 258.71, 3982913, 458, 0, 0
18698, 1970, 45, 70, 0, 0, 13.52%, 0, 0, 3, 313.37, 3984422, 458, 0, 0
18703, 1971, 30, 70, 0, 0, 13.52%, 0, 0, 3, 323.06, 3985970, 458, 0, 0
18708, 1972, 4, 70, 0, 0, 13.52%, 0, 0, 3, 309.70, 3987440, 458, 0, 0
18713, 1972, 62, 70, 0, 0, 13.52%, 0, 0, 3, 313.74, 3988928, 458, 0, 0
18718, 1973, 50, 70, 0, 0, 13.52%, 0, 0, 3, 318.64, 3990440, 458, 0, 0
18724, 1974, 42, 70, 0, 0, 13.52%, 0, 0, 3, 33.06, 3991882, 458, 0, 0
18729, 1975, 26, 70, 0, 0, 13.52%, 0, 0, 3, 306.56, 3993433, 458, 0, 0
18734, 1976, 4, 70, 0, 0, 13.52%, 0, 0, 3, 304.85, 3994957, 458, 0, 0
18739, 1976, 61, 70, 0, 0, 13.52%, 0, 0, 3, 316.83, 3996370, 458, 0, 0
18744, 1977, 48, 70, 0, 0, 13.52%, 0, 0, 3, 322.98, 3997927, 458, 0, 0
18749, 1978, 31, 70, 0, 0, 13.52%, 0, 0, 3, 311.39, 3999491, 458, 0, 0
18754, 1979, 24, 70, 0, 0, 13.52%, 0, 0, 3, 251.78, 4000897, 458, 0, 0
18759, 1980, 6, 70, 0, 0, 13.52%, 0, 0, 3, 289.61, 4002396, 458, 0, 0
18764, 1980, 62, 70, 0, 0, 13.52%, 0, 0, 3, 323.21, 4003903, 458, 0, 0
18770, 1981, 31, 70, 0, 0, 13.52%, 0, 0, 3, 318.45, 4005309, 458, 0, 0
18775, 1982, 24, 70, 0, 0, 13.52%, 0, 0, 3, 306.56, 4006833, 458, 0, 0
18780, 1983, 4, 70, 0, 0, 13.52%, 0, 0, 3, 287.09, 4008236, 458, 0, 0
18785, 1983, 58, 70, 0, 0, 13.52%, 0, 0, 3, 317.40, 4009772, 458, 0, 0
18790, 1984, 48, 70, 0, 0, 13.52%, 0, 0, 3, 303.65, 4011196, 458, 0, 0
18795, 1985, 26, 70, 0, 0, 13.52%, 0, 0, 3, 324.87, 4012754, 458, 0, 0
18800, 1986, 9, 70, 0, 0, 13.52%, 0, 0, 3, 309.79, 4014296, 458, 0, 0
18805, 1986, 58, 70, 0, 0, 13.52%, 0, 0, 3, 51.28, 4015765, 458, 0, 0
18811, 1987, 42, 70, 0, 0, 13.52%, 0, 0, 3, 305.90, 4017283, 458, 0, 0
18816, 1988, 21, 70, 0, 0, 13.52%, 0, 0, 3, 293.59, 4018671, 458, 0, 0
18821, 1988, 69, 70, 0, 0, 13.52%, 0, 0, 3, 328.15, 4020210, 458, 0, 0
18826, 1989, 49, 70, 0, 0, 13.52%, 0, 0, 3, 303.62, 4021664, 458, 0, 0
18831, 1990, 31, 70, 0, 0, 13.52%, 0, 0, 3, 52.17, 4023158, 458, 0, 0
18836, 1991, 24, 70, 0, 0, 13.52%, 0, 0, 3, 306.02, 4024628, 458, 0, 0
18841, 1991, 69, 70, 0, 0, 13.52%, 0, 0, 3, 136.11, 4026084, 458, 0, 0
18847, 1992, 57, 70, 0, 0, 13.52%, 0, 0, 3, 273.64, 4027611, 458, 0, 0
18852, 1993, 31, 70, 0, 0, 13.52%, 0, 0, 3, 32.26, 4029022, 458, 0, 0
18857, 1994, 25, 70, 0, 0, 13.52%, 0, 0, 3, 309.51, 4030597, 458, 0, 0
18862, 1995, 6, 70, 0, 0, 13.52%, 0, 0, 3, 308.35, 4032033, 458, 0, 0
18867, 1995, 50, 70, 0, 0, 13.52%, 0, 0, 3, 296.09, 4033497, 458, 0, 0
18872, 1996, 42, 70, 0, 0, 13.52%, 0, 0, 3, 300.96, 4035046, 458, 0, 0
18877, 1997, 26, 70, 0, 0, 13.52%, 0, 0, 3, 320.13, 4036472, 458, 0, 0
18883, 1998, 4, 70, 0, 0, 13.52%, 0, 0, 3, 274.02, 4037901, 458, 0, 0
18888, 1998, 62, 70, 0, 0, 13.52%, 0, 0, 3, 319.90, 4039378, 458, 0, 0
18893, 1999, 45, 70, 0, 0, 13.52%, 0, 0, 3, 148.54, 4040806, 458, 0, 0
18898, 2000, 30, 70, 0, 0, 13.52%, 0, 0, 3, 254.61, 4042241, 458, 0, 0
18903, 2001, 21, 70, 0, 0, 13.52%, 0, 0, 3, 307.78, 4043895, 458, 0, 0
18908, 2001, 66, 70, 0, 0, 13.52%, 0, 0, 3, 303.62, 4045271, 458, 0, 0
18913, 2002, 50, 70, 0, 0, 13.52%, 0, 0, 3, 323.14, 4046717, 458, 0, 0
18918, 2003, 42, 70, 0, 0, 13.52%, 0, 0, 3, 318.51, 4048265, 458, 0, 0
18924, 2004, 24, 70, 0, 0, 13.52%, 0, 0, 3, 321.75, 4049671, 458, 0, 0
18929, 2005, 2, 70, 0, 0, 13.52%, 0, 0, 3, 331.20, 4051071, 458, 0, 0
18934, 2005, 53, 70, 0, 0, 13.52%, 0, 0, 3, 287.27, 4052466, 458, 0, 0
18939, 2006, 45, 70, 0, 0, 13.52%, 0, 0, 3, 315.02, 4054071, 458, 0, 0
18944, 2007, 26, 70, 0, 0, 13.52%, 0, 0, 3, 315.45, 4055507, 458, 0, 0
18949, 2008, 2, 70, 0, 0, 13.52%, 0, 0, 3, 31.43, 4056788, 458, 0, 0
18954, 2008, 21, 70, 0, 0, 13.52%, 0, 0, 3, 323.38, 4057021, 458, 0, 0
18959, 2008, 58, 70, 0, 0, 13.52%, 0, 0, 3, 29.66, 4058396, 458, 0, 0
18964, 2009, 26, 70, 0, 0, 13.52%, 0, 0, 3, 302.02, 4059604, 458, 0, 0
18969, 2009, 62, 70, 0, 0, 13.52%, 0, 0, 3, 256.76, 4060541, 458, 0, 0
18974, 2010, 25, 70, 0, 0, 13.52%, 0, 0, 3, 315.01, 4061446, 458, 0, 0
18980, 2010, 58, 70, 0, 0, 13.52%, 0, 0, 3, 177.99, 4062446, 458, 0, 0
18985, 2011, 25, 70, 0, 0, 13.52%, 0, 0, 3, 30.50, 4063427, 458, 0, 0
18990, 2011, 62, 70, 0, 0, 13.52%, 0, 0, 3, 31.71, 4064520, 458, 0, 0
18995, 2012, 30, 70, 0, 0, 13.52%, 0, 0, 3, 31.39, 4065578, 458, 0, 0
19000, 2013, 2, 70, 0, 0, 13.52%, 0, 0, 3, 31.62, 4066618, 458, 0, 0
19005, 2013, 30, 70, 0, 0, 13.52%, 0, 0, 3, 309.39, 4067616, 458, 0, 0
19010, 2013, 62, 70, 0, 0, 13.52%, 0, 0, 3, 318.63, 4068576, 458, 0, 0
19015, 2014, 23, 70, 0, 0, 13.52%, 0, 0, 3, 321.54, 4069376, 458, 0, 0
19020, 2014, 50, 70, 0, 0, 13.52%, 0, 0, 3, 221.36, 4070194, 458, 0, 0
19025, 2015, 4, 70, 0, 0, 13.52%, 0, 0, 3, 331.49, 4070916, 458, 0, 0
19030, 2015, 42, 70, 0, 0, 13.52%, 0, 0, 3, 30.52, 4071773, 458, 0, 0
19035, 2016, 3, 70, 0, 0, 13.52%, 0, 0, 3, 31.53, 4072738, 458, 0, 0
19041, 2016, 42, 70, 0, 0, 13.52%, 0, 0, 3, 31.26, 4073690, 458, 0, 0
19046, 2017, 2, 70, 0, 0, 13.52%, 0, 0, 3, 313.39, 4074645, 458, 0, 0
19051, 2017, 31, 70, 0, 0, 13.52%, 0, 0, 3, 286.53, 4075446, 458, 0, 0
19056, 2017, 63, 70, 0, 0, 13.52%, 0, 0, 3, 326.74, 4076257, 458, 0, 0
19061, 2018, 24, 70, 0, 0, 13.52%, 0, 0, 3, 322.77, 4077003, 458, 0, 0
19066, 2018, 42, 70, 0, 0, 13.52%, 0, 0, 3, 315.34, 4077591, 458, 0, 0
19071, 2018, 69, 70, 0, 0, 13.52%, 0, 0, 3, 30.48, 4078437, 458, 0, 0
19076, 2019, 30, 70, 0, 0, 13.52%, 0, 0, 3, 35.73, 4079402, 458, 0, 0
19081, 2019, 64, 70, 0, 0, 13.52%, 0, 0, 3, 318.67, 4080285, 458, 0, 0
19086, 2020, 11, 70, 0, 0, 13.52%, 0, 0, 3, 320.57, 4080815, 458, 0, 0
19092, 2020, 42, 70, 0, 0, 13.52%, 0, 0, 3, 28.86, 4081562, 458, 0, 0
19097, 2021, 3, 70, 0, 0, 13.52%, 0, 0, 3, 31.16, 4082469, 458, 0, 0
19102, 2021, 42, 70, 0, 0, 13.52%, 0, 0, 3, 30.72, 4083385, 458, 0, 0
19107, 2022, 2, 70, 0, 0, 13.52%, 0, 0, 3, 311.25, 4084267, 458, 0, 0
19112, 2022, 21, 70, 0, 0, 13.52%, 0, 0, 3, 236.11, 4084805, 458, 0, 0
19117, 2022, 34, 70, 0, 0, 13.52%, 0, 0, 3, 31.63, 4085381, 458, 0, 0
19122, 2023, 2, 70, 0, 0, 13.52%, 0, 0, 3, 36.12, 4086272, 458, 0, 0
19127, 2023, 30, 70, 0, 0, 13.52%, 0, 0, 3, 46.31, 4087195, 458, 0, 0
19132, 2023, 53, 70, 0, 0, 13.52%, 0, 0, 3, 324.99, 4087902, 458, 0, 0
19137, 2024, 2, 70, 0, 0, 13.52%, 0, 0, 3, 196.91, 4088475, 458, 0, 0
19142, 2024, 26, 70, 0, 0, 13.52%, 0, 0, 3, 31.63, 4089086, 458, 0, 0
19148, 2024, 58, 70, 0, 0, 13.52%, 0, 0, 3, 30.95, 4089963, 458, 0, 0
19153, 2025, 26, 70, 0, 0, 13.52%, 0, 0, 3, 31.22, 4090859, 458, 0, 0
19158, 2025, 57, 70, 0, 0, 13.52%, 0, 0, 3, 30.42, 4091724, 458, 0, 0
19163, 2026, 4, 70, 0, 0, 13.52%, 0, 0, 3, 264.21, 4092341, 458, 0, 0
19168, 2026, 25, 70, 0, 0, 13.52%, 0, 0, 3, 207.82, 4092824, 458, 0, 0
19173, 2026, 50, 70, 0, 0, 13.52%, 0, 0, 3, 31.07, 4093584, 458, 0, 0
19178, 2027, 10, 70, 0, 0, 13.52%, 0, 0, 3, 31.27, 4094409, 458, 0, 0
19183, 2027, 42, 70, 0, 0, 13.52%, 0, 0, 3, 30.53, 4095280, 458, 0, 0
19188, 2028, 2, 70, 0, 0, 13.52%, 0, 0, 3, 326.13, 4096108, 458, 0, 0
19193, 2028, 26, 70, 0, 0, 13.52%, 0, 0, 3, 262.39, 4096681, 458, 0, 0
19199, 2028, 50, 70, 0, 0, 13.52%, 0, 0, 3, 214.01, 4097292, 458, 0, 0
19204, 2029, 5, 70, 0, 0, 13.52%, 0, 0, 3, 30.68, 4097981, 458, 0, 0
19209, 2029, 31, 70, 0, 0, 13.52%, 0, 0, 3, 31.06, 4098833, 458, 0, 0
19214, 2029, 67, 70, 0, 0, 13.52%, 0, 0, 3, 31.51, 4099702, 458, 0, 0
19219, 2030, 28, 70, 0, 0, 13.52%, 0, 0, 3, 268.88, 4100571, 458, 0, 0
19224, 2030, 46, 70, 0, 0, 13.52%, 0, 0, 3, 319.24, 4101172, 458, 0, 0
19230, 2030, 58, 70, 0, 0, 13.52%, 0, 0, 3, 318.44, 4101782, 458, 0, 0
19235, 2031, 21, 70, 0, 0, 13.52%, 0, 0, 3, 30.61, 4102338, 458, 0, 0
19240, 2031, 48, 70, 0, 0, 13.52%, 0, 0, 3, 31.00, 4103155, 458, 0, 0
19245, 2032, 2, 70, 0, 0, 13.52%, 0, 0, 3, 30.52, 4103970, 458, 0, 0
19250, 2032, 42, 70, 0, 0, 13.52%, 0, 0, 3, 31.35, 4104791, 458, 0, 0
19255, 2033, 2, 70, 0, 0, 13.52%, 0, 0, 3, 313.24, 4105622, 458, 0, 0
19260, 2033, 26, 70, 0, 0, 13.52%, 0, 0, 3, 277.59, 4106191, 458, 0, 0
19265, 2033, 42, 70, 0, 0, 13.52%, 0, 0, 3, 328.26, 4106782, 458, 0, 0
19270, 2033, 65, 70, 0, 0, 13.52%, 0, 0, 3, 31.39, 4107395, 458, 0, 0
19276, 2034, 24, 70, 0, 0, 13.52%, 0, 0, 3, 31.47, 4108211, 458, 0, 0
19281, 2034, 45, 70, 0, 0, 13.52%, 0, 0, 3, 31.28, 4109008, 458, 0, 0
19286, 2035, 4, 70, 0, 0, 13.52%, 0, 0, 3, 30.83, 4109798, 458, 0, 0
19291, 2035, 30, 70, 0, 0, 13.52%, 0, 0, 3, 30.49, 4110592, 458, 0, 0
19296, 2035, 58, 70, 0, 0, 13.52%, 0, 0, 3, 317.60, 4111304, 458, 0, 0
19301, 2036, 2, 70, 0, 0, 13.52%, 0, 0, 3, 168.63, 4111731, 458, 0, 0
19306, 2036, 31, 70, 0, 0, 13.52%, 0, 0, 3, 31.60, 4112562, 458, 0, 0
19311, 2036, 58, 70, 0, 0, 13.52%, 0, 0, 3, 30.64, 4113462, 458, 0, 0
19316, 2037, 24, 70, 0, 0, 13.52%, 0, 0, 3, 248.93, 4114206, 458, 0, 0
19321, 2037, 31, 70, 0, 0, 13.52%, 0, 0, 3, 323.49, 4114628, 458, 0, 0
19326, 2037, 58, 70, 0, 0, 13.52%, 0, 0, 3, 31.37, 4115381, 458, 0, 0
19332, 2038, 25, 70, 0, 0, 13.52%, 0, 0, 3, 30.96, 4116262, 458, 0, 0
19337, 2038, 53, 70, 0, 0, 13.52%, 0, 0, 3, 31.25, 4117121, 458, 0, 0
19342, 2039, 4, 70, 0, 0, 13.52%, 0, 0, 3, 265.49, 4117676, 458, 0, 0
19347, 2039, 30, 70, 0, 0, 13.52%, 0, 0, 3, 323.38, 4118188, 458, 0, 0
19352, 2039, 62, 70, 0, 0, 13.52%, 0, 0, 3, 31.39, 4119016, 458, 0, 0
19357, 2040, 28, 70, 0, 0, 13.52%, 0, 0, 3, 31.46, 4119886, 458, 0, 0
19362, 2040, 50, 70, 0, 0, 13.52%, 0, 0, 3, 313.23, 4120728, 458, 0, 0
19367, 2040, 69, 70, 0, 0, 13.52%, 0, 0, 3, 322.99, 4121264, 458, 0, 0
19373, 2041, 24, 70, 0, 0, 13.52%, 0, 0, 3, 31.57, 4121769, 458, 0, 0
19378, 2041, 53, 70, 0, 0, 13.52%, 0, 0, 3, 31.41, 4122652, 458, 0, 0
19383, 2042, 23, 70, 0, 0, 13.52%, 0, 0, 3, 31.93, 4123525, 458, 0, 0
19388, 2042, 39, 70, 0, 0, 13.52%, 0, 0, 3, 322.47, 4124222, 458, 0, 0
19393, 2042, 53, 70, 0, 0, 13.52%, 0, 0, 3, 192.40, 4124728, 458, 0, 0
19398, 2043, 3, 70, 0, 0, 13.52%, 0, 0, 3, 31.64, 4125381, 458, 0, 0
19403, 2043, 36, 70, 0, 0, 13.52%, 0, 0, 3, 31.33, 4126240, 458, 0, 0
19408, 2043, 69, 70, 0, 0, 13.52%, 0, 0, 3, 31.15, 4127092, 458, 0, 0
19413, 2044, 24, 70, 0, 0, 13.52%, 0, 0, 3, 325.36, 4127704, 458, 0, 0
19418, 2044, 41, 70, 0, 0, 13.52%, 0, 0, 3, 314.94, 4128222, 458, 0, 0
19423, 2044, 62, 70, 0, 0, 13.52%, 0, 0, 3, 31.54, 4128924, 458, 0, 0
19429, 2045, 24, 70, 0, 0, 13.52%, 0, 0, 3, 30.51, 4129741, 458, 0, 0
19434, 2045, 49, 70, 0, 0, 13.52%, 0, 0, 3, 31.13, 4130555, 458, 0, 0
19439, 2046, 11, 70, 0, 0, 13.52%, 0, 0, 3, 308.85, 4131392, 458, 0, 0
19444, 2046, 26, 70, 0, 0, 13.52%, 0, 0, 3, 325.35, 4131934, 458, 0, 0
19449, 2046, 45, 70, 0, 0, 13.52%, 0, 0, 3, 321.78, 4132463, 458, 0, 0
19454, 2046, 62, 70, 0, 0, 13.52%, 0, 0, 3, 31.52, 4133205, 458, 0, 0
19459, 2047, 26, 70, 0, 0, 13.52%, 0, 0, 3, 30.28, 4134021, 458, 0, 0
19464, 2047, 53, 70, 0, 0, 13.52%, 0, 0, 3, 30.53, 4134805, 458, 0, 0
19470, 2048, 21, 70, 0, 0, 13.52%, 0, 0, 3, 31.33, 4135627, 458, 0, 0
19475, 2048, 45, 70, 0, 0, 13.52%, 0, 0, 3, 320.64, 4136321, 458, 0, 0
19480, 2048, 58, 70, 0, 0, 13.52%, 0, 0, 3, 319.69, 4136857, 458, 0, 0
19485, 2049, 19, 70, 0, 0, 13.52%, 0, 0, 3, 328.36, 4137421, 458, 0, 0
19490, 2049, 36, 70, 0, 0, 13.52%, 0, 0, 3, 31.66, 4138180, 458, 0, 0
19495, 2049, 69, 70, 0, 0, 13.52%, 0, 0, 3, 31.65, 4138975, 458, 0, 0
19500, 2050, 26, 70, 0, 0, 13.52%, 0, 0, 3, 30.51, 4139765, 458, 0, 0
19505, 2050, 50, 70, 0, 0, 13.52%, 0, 0, 3, 305.77, 4140554, 458, 0, 0
19510, 2051, 2, 70, 0, 0, 13.52%, 0, 0, 3, 237.01, 4141156, 458, 0, 0
19515, 2051, 25, 70, 0, 0, 13.52%, 0, 0, 3, 264.56, 4141711, 458, 0, 0
19520, 2051, 45, 70, 0, 0, 13.52%, 0, 0, 3, 31.32, 4142274, 458, 0, 0
19526, 2052, 4, 70, 0, 0, 13.52%, 0, 0, 3, 31.63, 4143094, 458, 0, 0
19531, 2052, 42, 70, 0, 0, 13.52%, 0, 0, 3, 31.15, 4143877, 458, 0, 0
19536, 2052, 62, 70, 0, 0, 13.52%, 0, 0, 3, 31.35, 4144731, 458, 0, 0
19541, 2053, 13, 70, 0, 0, 13.52%, 0, 0, 3, 232.33, 4145287, 458, 0, 0
19546, 2053, 30, 70, 0, 0, 13.52%, 0, 0, 3, 30.96, 4145760, 458, 0, 0
19551, 2053, 62, 70, 0, 0, 13.52%, 0, 0, 3, 31.46, 4146626, 458, 0, 0
19556, 2054, 26, 70, 0, 0, 13.52%, 0, 0, 3, 31.75, 4147489, 458, 0, 0
19562, 2054, 48, 70, 0, 0, 13.52%, 0, 0, 3, 218.52, 4148091, 458, 0, 0
19567, 2054, 62, 70, 0, 0, 13.52%, 0, 0, 3, 31.51, 4148526, 458, 0, 0
19572, 2055, 26, 70, 0, 0, 13.52%, 0, 0, 3, 31.58, 4149388, 458, 0, 0
19577, 2055, 53, 70, 0, 0, 13.52%, 0, 0, 3, 31.42, 4150256, 458, 0, 0
19582, 2056, 21, 70, 0, 0, 13.52%, 0, 0, 3, 321.27, 4151082, 458, 0, 0
19587, 2056, 31, 70, 0, 0, 13.52%, 0, 0, 3, 258.60, 4151546, 458, 0, 0
19592, 2056, 58, 70, 0, 0, 13.52%, 0, 0, 3, 30.92, 4152091, 458, 0, 0
19598, 2057, 21, 70, 0, 0, 13.52%, 0, 0, 3, 31.65, 4152895, 458, 0, 0
19603, 2057, 48, 70, 0, 0, 13.52%, 0, 0, 3, 55.50, 4153748, 458, 0, 0
19608, 2058, 4, 70, 0, 0, 13.52%, 0, 0, 3, 316.67, 4154398, 458, 0, 0
19613, 2058, 25, 70, 0, 0, 13.52%, 0, 0, 3, 327.62, 4154910, 458, 0, 0
19618, 2058, 45, 70, 0, 0, 13.52%, 0, 0, 3, 31.72, 4155581, 458, 0, 0
19623, 2058, 69, 70, 0, 0, 13.52%, 0, 0, 3, 31.69, 4156443, 458, 0, 0
19628, 2059, 30, 70, 0, 0, 13.52%, 0, 0, 3, 31.25, 4157293, 458, 0, 0
19633, 2059, 48, 70, 0, 0, 13.52%, 0, 0, 3, 296.13, 4157781, 458, 0, 0
19638, 2059, 69, 70, 0, 0, 13.52%, 0, 0, 3, 31.35, 4158263, 458, 0, 0
19644, 2060, 30, 70, 0, 0, 13.52%, 0, 0, 3, 31.42, 4159089, 458, 0, 0
19649, 2060, 62, 70, 0, 0, 13.52%, 0, 0, 3, 38.20, 4159862, 458, 0, 0
19654, 2061, 26, 70, 0, 0, 13.52%, 0, 0, 3, 31.35, 4160686, 458, 0, 0
19659, 2061, 48, 70, 0, 0, 13.52%, 0, 0, 3, 325.89, 4161407, 458, 0, 0
19664, 2062, 2, 70, 0, 0, 13.52%, 0, 0, 3, 246.74, 4161979, 458, 0, 0
19669, 2062, 24, 70, 0, 0, 13.52%, 0, 0, 3, 316.83, 4162509, 458, 0, 0
19674, 2062, 48, 70, 0, 0, 13.52%, 0, 0, 3, 31.12, 4163242, 458, 0, 0
19679, 2063, 2, 70, 0, 0, 13.52%, 0, 0, 3, 35.27, 4164014, 458, 0, 0
19684, 2063, 30, 70, 0, 0, 13.52%, 0, 0, 3, 31.33, 4164838, 458, 0, 0
19690, 2063, 58, 70, 0, 0, 13.52%, 0, 0, 3, 31.55, 4165641, 458, 0, 0
19695, 2064, 21, 70, 0, 0, 13.52%, 0, 0, 3, 318.85, 4166347, 458, 0, 0
19700, 2064, 30, 70, 0, 0, 13.52%, 0, 0, 3, 269.54, 4166910, 458, 0, 0
19705, 2064, 52, 70, 0, 0, 13.52%, 0, 0, 3, 178.27, 4167501, 458, 0, 0
19710, 2065, 11, 70, 0, 0, 13.52%, 0, 0, 3, 30.85, 4168215, 458, 0, 0
19715, 2065, 31, 70, 0, 0, 13.52%, 0, 0, 3, 31.05, 4169015, 458, 0, 0
19720, 2065, 62, 70, 0, 0, 13.52%, 0, 0, 3, 31.70, 4169842, 458, 0, 0
19726, 2066, 26, 70, 0, 0, 13.52%, 0, 0, 3, 31.09, 4170647, 458, 0, 0
19731, 2066, 53, 70, 0, 0, 13.52%, 0, 0, 3, 324.97, 4171447, 458, 0, 0
19736, 2067, 4, 70, 0, 0, 13.52%, 0, 0, 3, 296.60, 4171976, 458, 0, 0
19741, 2067, 26, 70, 0, 0, 13.52%, 0, 0, 3, 201.34, 4172535, 458, 0, 0
19746, 2067, 50, 70, 0, 0, 13.52%, 0, 0, 3, 31.50, 4173237, 458, 0, 0
19751, 2068, 2, 70, 0, 0, 13.52%, 0, 0, 3, 31.56, 4174026, 458, 0, 0
19756, 2068, 24, 70, 0, 0, 13.52%, 0, 0, 3, 31.72, 4174828, 458, 0, 0
19762, 2068, 50, 70, 0, 0, 13.52%, 0, 0, 3, 31.45, 4175717, 458, 0, 0
19767, 2068, 69, 70, 0, 0, 13.52%, 0, 0, 3, 321.02, 4176241, 458, 0, 0
19772, 2069, 21, 70, 0, 0, 13.52%, 0, 0, 3, 30.54, 4176745, 458, 0, 0
19777, 2069, 45, 70, 0, 0, 13.52%, 0, 0, 3, 33.68, 4177586, 458, 0, 0
19782, 2069, 63, 70, 0, 0, 13.52%, 0, 0, 3, 31.23, 4178449, 458, 0, 0
19787, 2070, 24, 70, 0, 0, 13.52%, 0, 0, 3, 323.55, 4179276, 458, 0, 0
19792, 2070, 37, 70, 0, 0, 13.52%, 0, 0, 3, 326.86, 4179728, 458, 0, 0
19797, 2070, 58, 70, 0, 0, 13.52%, 0, 0, 3, 31.16, 4180329, 458, 0, 0
19803, 2071, 21, 70, 0, 0, 13.52%, 0, 0, 3, 30.50, 4181155, 458, 0, 0
19808, 2071, 37, 70, 0, 0, 13.52%, 0, 0, 3, 31.64, 4182038, 458, 0, 0
19813, 2071, 57, 70, 0, 0, 13.52%, 0, 0, 3, 324.48, 4182734, 458, 0, 0
19818, 2071, 69, 70, 0, 0, 13.52%, 0, 0, 3, 180.30, 4183182, 458, 0, 0
19823, 2072, 25, 70, 0, 0, 13.52%, 0, 0, 3, 31.60, 4183898, 458, 0, 0
19828, 2072, 50, 70, 0, 0, 13.52%, 0, 0, 3, 33.74, 4184731, 458, 0, 0
19833, 2073, 4, 70, 0, 0, 13.52%, 0, 0, 3, 29.29, 4185571, 458, 0, 0
19838, 2073, 26, 70, 0, 0, 13.52%, 0, 0, 3, 323.98, 4186104, 458, 0, 0
19843, 2073, 43, 70, 0, 0, 13.52%, 0, 0, 3, 28.94, 4186575, 458, 0, 0
19848, 2074, 4, 70, 0, 0, 13.52%, 0, 0, 3, 31.55, 4187440, 458, 0, 0
19853, 2074, 50, 70, 0, 0, 13.52%, 0, 0, 3, 323.36, 4188639, 458, 0, 0
19859, 2075, 35, 70, 0, 0, 13.52%, 0, 0, 3, 320.69, 4190297, 458, 0, 0
19864, 2076, 26, 70, 0, 0, 13.52%, 0, 0, 3, 316.10, 4191939, 458, 0, 0
19869, 2077, 24, 70, 0, 0, 13.52%, 0, 0, 3, 308.90, 4193485, 458, 0, 0
19874, 2077, 67, 70, 0, 0, 13.52%, 0, 0, 3, 263.37, 4194751, 458, 0, 0
19879, 2078, 44, 70, 0, 0, 13.52%, 0, 0, 3, 288.45, 4196236, 458, 0, 0
19884, 2079, 24, 70, 0, 0, 13.52%, 0, 0, 3, 299.73, 4197756, 458, 0, 0
19889, 2080, 11, 70, 0, 0, 13.52%, 0, 0, 3, 298.03, 4199306, 458, 0, 0
19894, 2080, 55, 70, 0, 0, 13.52%, 0, 0, 3, 298.93, 4200860, 458, 0, 0
19900, 2081, 31, 70, 0, 0, 13.52%, 0, 0, 3, 252.63, 4202131, 458, 0, 0
19905, 2082, 25, 70, 0, 0, 13.52%, 0, 0, 3, 264.87, 4203496, 458, 0, 0
19910, 2083, 4, 70, 0, 0, 13.52%, 0, 0, 3, 293.44, 4205026, 458, 0, 0
19915, 2083, 62, 70, 0, 0, 13.52%, 0, 0, 3, 296.51, 4206536, 458, 0, 0
19920, 2084, 53, 70, 0, 0, 13.52%, 0, 0, 3, 301.70, 4208054, 458, 0, 0
19925, 2085, 45, 70, 0, 0, 13.52%, 0, 0, 3, 277.44, 4209471, 458, 0, 0
19930, 2086, 26, 70, 0, 0, 13.52%, 0, 0, 3, 301.97, 4211023, 458, 0, 0
19935, 2087, 24, 70, 0, 0, 13.52%, 0, 0, 3, 307.23, 4212577, 458, 0, 0
19940, 2088, 11, 70, 0, 0, 13.52%, 0, 0, 3, 309.98, 4214195, 458, 0, 0
19945, 2089, 4, 70, 0, 0, 13.52%, 0, 0, 3, 292.52, 4215751, 458, 0, 0
19951, 2089, 58, 70, 0, 0, 13.52%, 0, 0, 3, 303.07, 4217301, 458, 0, 0
19956, 2090, 45, 70, 0, 0, 13.52%, 0, 0, 3, 310.03, 4218901, 458, 0, 0
19961, 2091, 31, 70, 0, 0, 13.52%, 0, 0, 3, 313.86, 4220529, 458, 0, 0
19966, 2092, 4, 70, 0, 0, 13.52%, 0, 0, 3, 282.87, 4221976, 458, 0, 0
19971, 2092, 58, 70, 0, 0, 13.52%, 0, 0, 3, 310.13, 4223617, 458, 0, 0
19976, 2093, 48, 70, 0, 0, 13.52%, 0, 0, 3, 313.86, 4225241, 458, 0, 0
19981, 2094, 26, 70, 0, 0, 13.52%, 0, 0, 3, 314.07, 4226764, 458, 0, 0
19986, 2095, 15, 70, 0, 0, 13.52%, 0, 0, 3, 291.56, 4228311, 458, 0, 0
19992, 2095, 53, 70, 0, 0, 13.52%, 0, 0, 3, 305.32, 4229885, 458, 0, 0
19997, 2096, 42, 70, 0, 0, 13.52%, 0, 0, 3, 314.03, 4231464, 458, 0, 0
20002, 2097, 31, 70, 0, 0, 13.52%, 0, 0, 3, 314.66, 4233103, 458, 0, 0
20007, 2098, 26, 70, 0, 0, 13.52%, 0, 0, 3, 310.28, 4234727, 458, 0, 0
20012, 2099, 24, 70, 0, 0, 13.52%, 0, 0, 3, 309.65, 4236279, 458, 0, 0
20017, 2100, 11, 70, 0, 0, 13.52%, 0, 0, 3, 316.12, 4237915, 458, 0, 0
20022, 2101, 2, 70, 0, 0, 13.52%, 0, 0, 3, 313.89, 4239491, 458, 0, 0
20028, 2101, 53, 70, 0, 0, 13.52%, 0, 0, 3, 307.38, 4241027, 458, 0, 0
20033, 2102, 45, 70, 0, 0, 13.52%, 0, 0, 3, 306.01, 4242545, 458, 0, 0
20038, 2103, 34, 70, 0, 0, 13.52%, 0, 0, 3, 315.69, 4244185, 458, 0, 0
20043, 2104, 25, 70, 0, 0, 13.52%, 0, 0, 3, 316.45, 4245832, 458, 0, 0
20048, 2105, 11, 70, 0, 0, 13.52%, 0, 0, 3, 314.82, 4247454, 458, 0, 0
20053, 2105, 62, 70, 0, 0, 13.52%, 0, 0, 3, 305.08, 4248977, 458, 0, 0
20059, 2106, 50, 70, 0, 0, 13.52%, 0, 0, 3, 317.31, 4250617, 458, 0, 0
20064, 2107, 26, 70, 0, 0, 13.52%, 0, 0, 3, 312.20, 4252240, 458, 0, 0
20069, 2108, 24, 70, 0, 0, 13.52%, 0, 0, 3, 320.11, 4253798, 458, 0, 0
20074, 2108, 69, 70, 0, 0, 13.52%, 0, 0, 3, 292.82, 4255261, 458, 0, 0
20079, 2109, 58, 70, 0, 0, 13.52%, 0, 0, 3, 312.71, 4256892, 458, 0, 0
20084, 2110, 45, 70, 0, 0, 13.52%, 0, 0, 3, 313.12, 4258510, 458, 0, 0
20089, 2111, 25, 70, 0, 0, 13.52%, 0, 0, 3, 316.08, 4260152, 458, 0, 0
20095, 2112, 11, 70, 0, 0, 13.52%, 0, 0, 3, 288.43, 4261661, 458, 0, 0
20100, 2113, 4, 70, 0, 0, 13.52%, 0, 0, 3, 308.64, 4263234, 458, 0, 0
20105, 2113, 62, 70, 0, 0, 13.52%, 0, 0, 3, 309.77, 4264782, 458, 0, 0
20110, 2114, 53, 70, 0, 0, 13.52%, 0, 0, 3, 313.36, 4266410, 458, 0, 0
20115, 2115, 45, 70, 0, 0, 13.52%, 0, 0, 3, 284.43, 4267891, 458, 0, 0
20120, 2116, 31, 70, 0, 0, 13.52%, 0, 0, 3, 311.20, 4269522, 458, 0, 0
20125, 2117, 26, 70, 0, 0, 13.52%, 0, 0, 3, 313.25, 4271152, 458, 0, 0
20131, 2118, 24, 70, 0, 0, 13.52%, 0, 0, 3, 312.76, 4272770, 458, 0, 0
20136, 2119, 2, 70, 0, 0, 13.52%, 0, 0, 3, 295.96, 4274346, 458, 0, 0
20141, 2119, 62, 70, 0, 0, 13.52%, 0, 0, 3, 304.56, 4275864, 458, 0, 0
20146, 2120, 56, 70, 0, 0, 13.52%, 0, 0, 3, 315.08, 4277492, 458, 0, 0
20151, 2121, 47, 70, 0, 0, 13.52%, 0, 0, 3, 316.66, 4279122, 458, 0, 0
20156, 2122, 26, 70, 0, 0, 13.52%, 0, 0, 3, 315.20, 4280751, 458, 0, 0
20161, 2123, 24, 70, 0, 0, 13.52%, 0, 0, 3, 308.28, 4282273, 458, 0, 0
20167, 2124, 2, 70, 0, 0, 13.52%, 0, 0, 3, 307.15, 4283791, 458, 0, 0
20172, 2124, 51, 70, 0, 0, 13.52%, 0, 0, 3, 320.56, 4285326, 458, 0, 0
20177, 2125, 30, 70, 0, 0, 13.52%, 0, 0, 3, 314.71, 4286826, 458, 0, 0
20182, 2126, 16, 70, 0, 0, 13.52%, 0, 0, 3, 325.21, 4288232, 458, 0, 0
20187, 2127, 2, 70, 0, 0, 13.52%, 0, 0, 3, 302.96, 4289708, 458, 0, 0
20192, 2127, 58, 70, 0, 0, 13.52%, 0, 0, 3, 318.84, 4291214, 458, 0, 0
20197, 2128, 45, 70, 0, 0, 13.52%, 0, 0, 3, 51.95, 4292708, 458, 0, 0
20202, 2129, 25, 70, 0, 0, 13.52%, 0, 0, 3, 318.88, 4294184, 458, 0, 0
20207, 2130, 2, 70, 0, 0, 13.52%, 0, 0, 3, 313.59, 4295732, 458, 0, 0
20212, 2130, 58, 70, 0, 0, 13.52%, 0, 0, 3, 295.33, 4297146, 458, 0, 0
20217, 2131, 45, 70, 0, 0, 13.52%, 0, 0, 3, 298.12, 4298646, 458, 0, 0
20223, 2132, 25, 70, 0, 0, 13.52%, 0, 0, 3, 292.36, 4300114, 458, 0, 0
20228, 2133, 4, 70, 0, 0, 13.52%, 0, 0, 3, 329.15, 4301620, 458, 0, 0
20233, 2133, 55, 70, 0, 0, 13.52%, 0, 0, 3, 313.10, 4303165, 458, 0, 0
20238, 2134, 31, 70, 0, 0, 13.52%, 0, 0, 3, 326.34, 4304589, 458, 0, 0
20243, 2135, 26, 70, 0, 0, 13.52%, 0, 0, 3, 319.52, 4306135, 458, 0, 0
20248, 2136, 4, 70, 0, 0, 13.52%, 0, 0, 3, 329.43, 4307558, 458, 0, 0
20253, 2136, 53, 70, 0, 0, 13.52%, 0, 0, 3, 289.20, 4309061, 458, 0, 0
20258, 2137, 30, 70, 0, 0, 13.52%, 0, 0, 3, 288.84, 4310446, 458, 0, 0
20263, 2138, 21, 70, 0, 0, 13.52%, 0, 0, 3, 296.72, 4311951, 458, 0, 0
20268, 2138, 58, 70, 0, 0, 13.52%, 0, 0, 3, 295.76, 4313420, 458, 0, 0
20274, 2139, 48, 70, 0, 0, 13.52%, 0, 0, 3, 323.08, 4314954, 458, 0, 0
20279, 2140, 26, 70, 0, 0, 13.52%, 0, 0, 3, 320.00, 4316381, 458, 0, 0
20284, 2141, 12, 70, 0, 0, 13.52%, 0, 0, 3, 318.74, 4317911, 458, 0, 0
20289, 2141, 58, 70, 0, 0, 13.52%, 0, 0, 3, 323.14, 4319310, 458, 0, 0
20294, 2142, 31, 70, 0, 0, 13.52%, 0, 0, 3, 307.83, 4320827, 458, 0, 0
20299, 2143, 18, 70, 0, 0, 13.52%, 0, 0, 3, 294.53, 4322241, 458, 0, 0
20304, 2144, 2, 70, 0, 0, 13.52%, 0, 0, 3, 300.14, 4323766, 458, 0, 0
20309, 2144, 50, 70, 0, 0, 13.52%, 0, 0, 3, 325.86, 4325215, 458, 0, 0
20314, 2145, 45, 70, 0, 0, 13.52%, 0, 0, 3, 318.66, 4326757, 458, 0, 0
20319, 2146, 26, 70, 0, 0, 13.52%, 0, 0, 3, 322.69, 4328166, 458, 0, 0
20324, 2147, 11, 70, 0, 0, 13.52%, 0, 0, 3, 317.71, 4329666, 458, 0, 0
20329, 2147, 62, 70, 0, 0, 13.52%, 0, 0, 3, 322.25, 4331054, 458, 0, 0
20335, 2148, 50, 70, 0, 0, 13.52%, 0, 0, 3, 317.40, 4332560, 458, 0, 0
20340, 2149, 31, 70, 0, 0, 13.52%, 0, 0, 3, 303.48, 4334026, 458, 0, 0
20345, 2150, 26, 70, 0, 0, 13.52%, 0, 0, 3, 303.27, 4335548, 458, 0, 0
20350, 2151, 11, 70, 0, 0, 13.52%, 0, 0, 3, 320.07, 4337008, 458, 0, 0
20355, 2151, 58, 70, 0, 0, 13.52%, 0, 0, 3, 319.67, 4338466, 458, 0, 0
20361, 2152, 45, 70, 0, 0, 13.52%, 0, 0, 3, 302.30, 4340001, 458, 0, 0
20366, 2153, 30, 70, 0, 0, 13.52%, 0, 0, 3, 330.84, 4341471, 458, 0, 0
20371, 2154, 10, 70, 0, 0, 13.52%, 0, 0, 3, 325.33, 4342871, 458, 0, 0
20376, 2154, 69, 70, 0, 0, 13.52%, 0, 0, 3, 322.40, 4344365, 458, 0, 0
20381, 2155, 48, 70, 0, 0, 13.52%, 0, 0, 3, 306.39, 4345771, 458, 0, 0
20386, 2156, 21, 70, 0, 0, 13.52%, 0, 0, 3, 320.00, 4347181, 458, 0, 0
20391, 2156, 62, 70, 0, 0, 13.52%, 0, 0, 3, 318.27, 4348735, 458, 0, 0
20396, 2157, 45, 70, 0, 0, 13.52%, 0, 0, 3, 322.33, 4350147, 458, 0, 0
20401, 2158, 25, 70, 0, 0, 13.52%, 0, 0, 3, 307.81, 4351653, 458, 0, 0
20406, 2159, 4, 70, 0, 0, 13.52%, 0, 0, 3, 318.46, 4353053, 458, 0, 0
20411, 2159, 58, 70, 0, 0, 13.52%, 0, 0, 3, 305.01, 4354571, 458, 0, 0
20417, 2160, 48, 70, 0, 0, 13.52%, 0, 0, 3, 296.19, 4356041, 458, 0, 0
20422, 2161, 25, 70, 0, 0, 13.52%, 0, 0, 3, 283.70, 4357476, 458, 0, 0
20427, 2162, 11, 70, 0, 0, 13.52%, 0, 0, 3, 289.89, 4358866, 458, 0, 0
20432, 2162, 53, 70, 0, 0, 13.52%, 0, 0, 3, 314.82, 4360534, 458, 0, 0
20437, 2163, 31, 70, 0, 0, 13.52%, 0, 0, 3, 325.00, 4361926, 458, 0, 0
20442, 2164, 25, 70, 0, 0, 13.52%, 0, 0, 3, 311.83, 4363482, 458, 0, 0
20447, 2164, 69, 70, 0, 0, 13.52%, 0, 0, 3, 285.65, 4364856, 458, 0, 0
20452, 2165, 52, 70, 0, 0, 13.52%, 0, 0, 3, 319.69, 4366376, 458, 0, 0
20457, 2166, 26, 70, 0, 0, 13.52%, 0, 0, 3, 322.39, 4367785, 458, 0, 0
20462, 2167, 15, 70, 0, 0, 13.52%, 0, 0, 3, 303.88, 4369273, 458, 0, 0
20467, 2167, 69, 70, 0, 0, 13.52%, 0, 0, 3, 304.66, 4370703, 458, 0, 0
20472, 2168, 45, 70, 0, 0, 13.52%, 0, 0, 3, 305.00, 4372092, 458, 0, 0
20478, 2168, 69, 70, 0, 0, 13.52%, 0, 0, 3, 31.48, 4372826, 458, 0, 0
20483, 2169, 26, 70, 0, 0, 13.52%, 0, 0, 3, 321.88, 4373491, 458, 0, 0
20488, 2169, 54, 70, 0, 0, 13.52%, 0, 0, 3, 321.53, 4374454, 458, 0, 0
20493, 2170, 21, 70, 0, 0, 13.52%, 0, 0, 3, 43.11, 4375509, 458, 0, 0
20498, 2170, 62, 70, 0, 0, 13.52%, 0, 0, 3, 31.73, 4376727, 458, 0, 0
20503, 2171, 42, 70, 0, 0, 13.52%, 0, 0, 3, 268.18, 4377861, 458, 0, 0
20508, 2172, 2, 70, 0, 0, 13.52%, 0, 0, 3, 261.22, 4378891, 458, 0, 0
20513, 2172, 31, 70, 0, 0, 13.52%, 0, 0, 3, 313.58, 4379760, 458, 0, 0
20519, 2172, 67, 70, 0, 0, 13.52%, 0, 0, 3, 231.59, 4380612, 458, 0, 0
20524, 2173, 25, 70, 0, 0, 13.52%, 0, 0, 3, 325.57, 4381426, 458, 0, 0
20529, 2173, 51, 70, 0, 0, 13.52%, 0, 0, 3, 326.73, 4382309, 458, 0, 0
20534, 2174, 25, 70, 0, 0, 13.52%, 0, 0, 3, 31.19, 4383273, 458, 0, 0
20539, 2174, 58, 70, 0, 0, 13.52%, 0, 0, 3, 31.72, 4384311, 458, 0, 0
20544, 2175, 26, 70, 0, 0, 13.52%, 0, 0, 3, 31.49, 4385295, 458, 0, 0
20549, 2175, 62, 70, 0, 0, 13.52%, 0, 0, 3, 31.50, 4386239, 458, 0, 0
20554, 2176, 26, 70, 0, 0, 13.52%, 0, 0, 3, 264.57, 4387156, 458, 0, 0
20560, 2176, 53, 70, 0, 0, 13.52%, 0, 0, 3, 319.86, 4387853, 458, 0, 0
20565, 2177, 4, 70, 0, 0, 13.52%, 0, 0, 3, 305.21, 4388553, 458, 0, 0
20570, 2177, 30, 70, 0, 0, 13.52%, 0, 0, 3, 30.97, 4389272, 458, 0, 0
20575, 2177, 58, 70, 0, 0, 13.52%, 0, 0, 3, 31.57, 4390199, 458, 0, 0
20580, 2178, 26, 70, 0, 0, 13.52%, 0, 0, 3, 31.69, 4391103, 458, 0, 0
20585, 2178, 51, 70, 0, 0, 13.52%, 0, 0, 3, 30.42, 4391992, 458, 0, 0
20590, 2179, 4, 70, 0, 0, 13.52%, 0, 0, 3, 31.12, 4392855, 458, 0, 0
20595, 2179, 31, 70, 0, 0, 13.52%, 0, 0, 3, 31.34, 4393717, 458, 0, 0
20600, 2179, 55, 70, 0, 0, 13.52%, 0, 0, 3, 302.62, 4394589, 458, 0, 0
20605, 2180, 2, 70, 0, 0, 13.52%, 0, 0, 3, 329.73, 4395065, 458, 0, 0
20610, 2180, 26, 70, 0, 0, 13.52%, 0, 0, 3, 31.49, 4395847, 458, 0, 0
20615, 2180, 53, 70, 0, 0, 13.52%, 0, 0, 3, 31.47, 4396791, 458, 0, 0
20621, 2181, 26, 70, 0, 0, 13.52%, 0, 0, 3, 31.25, 4397735, 458, 0, 0
20626, 2181, 53, 70, 0, 0, 13.52%, 0, 0, 3, 326.18, 4398441, 458, 0, 0
20631, 2182, 2, 70, 0, 0, 13.52%, 0, 0, 3, 261.65, 4398946, 458, 0, 0
20636, 2182, 31, 70, 0, 0, 13.52%, 0, 0, 3, 31.32, 4399758, 458, 0, 0
20641, 2182, 69, 70, 0, 0, 13.52%, 0, 0, 3, 31.29, 4400652, 458, 0, 0
20646, 2183, 30, 70, 0, 0, 13.52%, 0, 0, 3, 30.46, 4401589, 458, 0, 0
20651, 2183, 55, 70, 0, 0, 13.52%, 0, 0, 3, 322.58, 4402289, 458, 0, 0
20656, 2184, 11, 70, 0, 0, 13.52%, 0, 0, 3, 239.18, 4402843, 458, 0, 0
20661, 2184, 42, 70, 0, 0, 13.52%, 0, 0, 3, 31.48, 4403522, 458, 0, 0
20666, 2184, 69, 70, 0, 0, 13.52%, 0, 0, 3, 31.38, 4404437, 458, 0, 0
20672, 2185, 30, 70, 0, 0, 13.52%, 0, 0, 3, 31.73, 4405372, 458, 0, 0
20677, 2185, 53, 70, 0, 0, 13.52%, 0, 0, 3, 320.25, 4406023, 458, 0, 0
20682, 2186, 2, 70, 0, 0, 13.52%, 0, 0, 3, 252.57, 4406575, 458, 0, 0
20687, 2186, 26, 70, 0, 0, 13.52%, 0, 0, 3, 30.91, 4407298, 458, 0, 0
20692, 2186, 58, 70, 0, 0, 13.52%, 0, 0, 3, 39.04, 4408159, 458, 0, 0
20697, 2187, 26, 70, 0, 0, 13.52%, 0, 0, 3, 30.40, 4409033, 458, 0, 0
20702, 2187, 50, 70, 0, 0, 13.52%, 0, 0, 3, 323.94, 4409810, 458, 0, 0
20707, 2187, 69, 70, 0, 0, 13.52%, 0, 0, 3, 282.74, 4410371, 458, 0, 0
20712, 2188, 24, 70, 0, 0, 13.52%, 0, 0, 3, 325.00, 4410949, 458, 0, 0
20717, 2188, 48, 70, 0, 0, 13.52%, 0, 0, 3, 35.91, 4411713, 458, 0, 0
20722, 2189, 4, 70, 0, 0, 13.52%, 0, 0, 3, 28.79, 4412550, 458, 0, 0
20728, 2189, 30, 70, 0, 0, 13.52%, 0, 0, 3, 31.62, 4413362, 458, 0, 0
20733, 2189, 59, 70, 0, 0, 13.52%, 0, 0, 3, 31.06, 4414196, 458, 0, 0
20738, 2190, 21, 70, 0, 0, 13.52%, 0, 0, 3, 327.05, 4414917, 458, 0, 0
20743, 2190, 31, 70, 0, 0, 13.52%, 0, 0, 3, 219.21, 4415455, 458, 0, 0
20748, 2190, 53, 70, 0, 0, 13.52%, 0, 0, 3, 31.54, 4416053, 458, 0, 0
20753, 2191, 11, 70, 0, 0, 13.52%, 0, 0, 3, 31.29, 4416871, 458, 0, 0
20758, 2191, 45, 70, 0, 0, 13.52%, 0, 0, 3, 30.51, 4417690, 458, 0, 0
20763, 2192, 4, 70, 0, 0, 13.52%, 0, 0, 3, 31.56, 4418531, 458, 0, 0
20768, 2192, 42, 70, 0, 0, 13.52%, 0, 0, 3, 31.35, 4419336, 458, 0, 0
20774, 2192, 62, 70, 0, 0, 13.52%, 0, 0, 3, 258.42, 4420001, 458, 0, 0
20779, 2193, 23, 70, 0, 0, 13.52%, 0, 0, 3, 236.51, 4420595, 458, 0, 0
20784, 2193, 42, 70, 0, 0, 13.52%, 0, 0, 3, 326.73, 4421202, 458, 0, 0
20789, 2193, 69, 70, 0, 0, 13.52%, 0, 0, 3, 31.40, 4421955, 458, 0, 0
20794, 2194, 25, 70, 0, 0, 13.52%, 0, 0, 3, 31.50, 4422785, 458, 0, 0
20799, 2194, 45, 70, 0, 0, 13.52%, 0, 0, 3, 32.54, 4423594, 458, 0, 0
20804, 2195, 11, 70, 0, 0, 13.52%, 0, 0, 3, 31.55, 4424417, 458, 0, 0
20809, 2195, 31, 70, 0, 0, 13.52%, 0, 0, 3, 278.59, 4425046, 458, 0, 0
20814, 2195, 58, 70, 0, 0, 13.52%, 0, 0, 3, 308.89, 4425689, 458, 0, 0
20820, 2196, 4, 70, 0, 0, 13.52%, 0, 0, 3, 251.23, 4426239, 458, 0, 0
20825, 2196, 31, 70, 0, 0, 13.52%, 0, 0, 3, 31.43, 4427023, 458, 0, 0
20830, 2196, 58, 70, 0, 0, 13.52%, 0, 0, 3, 31.26, 4427866, 458, 0, 0
20835, 2197, 24, 70, 0, 0, 13.52%, 0, 0, 3, 31.41, 4428795, 458, 0, 0
20840, 2197, 42, 70, 0, 0, 13.52%, 0, 0, 3, 324.12, 4429383, 458, 0, 0
20845, 2197, 58, 70, 0, 0, 13.52%, 0, 0, 3, 188.12, 4429872, 458, 0, 0
20850, 2198, 11, 70, 0, 0, 13.52%, 0, 0, 3, 31.11, 4430704, 458, 0, 0
20855, 2198, 48, 70, 0, 0, 13.52%, 0, 0, 3, 31.08, 4431578, 458, 0, 0
20860, 2199, 4, 70, 0, 0, 13.52%, 0, 0, 3, 323.44, 4432429, 458, 0, 0
20865, 2199, 24, 70, 0, 0, 13.52%, 0, 0, 3, 260.38, 4432881, 458, 0, 0
20870, 2199, 45, 70, 0, 0, 13.52%, 0, 0, 3, 31.34, 4433474, 458, 0, 0
20876, 2200, 4, 70, 0, 0, 13.52%, 0, 0, 3, 31.36, 4434320, 458, 0, 0
20881, 2200, 30, 70, 0, 0, 13.52%, 0, 0, 3, 30.46, 4435209, 458, 0, 0
20886, 2200, 58, 70, 0, 0, 13.52%, 0, 0, 3, 283.44, 4435896, 458, 0, 0
20891, 2201, 4, 70, 0, 0, 13.52%, 0, 0, 3, 245.21, 4436367, 458, 0, 0
20896, 2201, 30, 70, 0, 0, 13.52%, 0, 0, 3, 31.23, 4437093, 458, 0, 0
20901, 2201, 58, 70, 0, 0, 13.52%, 0, 0, 3, 30.64, 4437971, 458, 0, 0
20906, 2202, 22, 70, 0, 0, 13.52%, 0, 0, 3, 40.00, 4438851, 458, 0, 0
20911, 2202, 31, 70, 0, 0, 13.52%, 0, 0, 3, 326.42, 4439341, 458, 0, 0
20916, 2202, 53, 70, 0, 0, 13.52%, 0, 0, 3, 31.44, 4439852, 458, 0, 0
20921, 2203, 25, 70, 0, 0, 13.52%, 0, 0, 3, 31.77, 4440713, 458, 0, 0
20926, 2203, 53, 70, 0, 0, 13.52%, 0, 0, 3, 51.40, 4441587, 458, 0, 0
20931, 2204, 24, 70, 0, 0, 13.52%, 0, 0, 3, 320.42, 4442371, 458, 0, 0
20936, 2204, 31, 70, 0, 0, 13.52%, 0, 0, 3, 233.82, 4442863, 458, 0, 0
20942, 2204, 53, 70, 0, 0, 13.52%, 0, 0, 3, 31.54, 4443469, 458, 0, 0
20947, 2205, 24, 70, 0, 0, 13.52%, 0, 0, 3, 31.24, 4444273, 458, 0, 0
20952, 2205, 45, 70, 0, 0, 13.52%, 0, 0, 3, 30.56, 4445084, 458, 0, 0
20957, 2206, 4, 70, 0, 0, 13.52%, 0, 0, 3, 238.30, 4445936, 458, 0, 0
20962, 2206, 26, 70, 0, 0, 13.52%, 0, 0, 3, 262.94, 4446441, 458, 0, 0
20967, 2206, 47, 70, 0, 0, 13.52%, 0, 0, 3, 323.38, 4447005, 458, 0, 0
20972, 2207, 2, 70, 0, 0, 13.52%, 0, 0, 3, 31.05, 4447751, 458, 0, 0
20977, 2207, 38, 70, 0, 0, 13.52%, 0, 0, 3, 30.51, 4448562, 458, 0, 0
20982, 2207, 69, 70, 0, 0, 13.52%, 0, 0, 3, 29.43, 4449363, 458, 0, 0
20988, 2208, 30, 70, 0, 0, 13.52%, 0, 0, 3, 245.36, 4450171, 458, 0, 0
20993, 2208, 48, 70, 0, 0, 13.52%, 0, 0, 3, 316.32, 4450632, 458, 0, 0
20998, 2208, 63, 70, 0, 0, 13.52%, 0, 0, 3, 30.83, 4451147, 458, 0, 0
21003, 2209, 24, 70, 0, 0, 13.52%, 0, 0, 3, 36.97, 4451978, 458, 0, 0
21008, 2209, 48, 70, 0, 0, 13.52%, 0, 0, 3, 31.50, 4452750, 458, 0, 0
21013, 2210, 11, 70, 0, 0, 13.52%, 0, 0, 3, 31.48, 4453553, 458, 0, 0
21018, 2210, 42, 70, 0, 0, 13.52%, 0, 0, 3, 31.66, 4454390, 458, 0, 0
21023, 2210, 53, 70, 0, 0, 13.52%, 0, 0, 3, 326.81, 4454978, 458, 0, 0
21028, 2211, 2, 70, 0, 0, 13.52%, 0, 0, 3, 185.27, 4455514, 458, 0, 0
21034, 2211, 26, 70, 0, 0, 13.52%, 0, 0, 3, 31.67, 4456186, 458, 0, 0
21039, 2211, 45, 70, 0, 0, 13.52%, 0, 0, 3, 31.65, 4456936, 458, 0, 0
21044, 2212, 2, 70, 0, 0, 13.52%, 0, 0, 3, 31.60, 4457753, 458, 0, 0
21049, 2212, 25, 70, 0, 0, 13.52%, 0, 0, 3, 31.33, 4458533, 458, 0, 0
21054, 2212, 50, 70, 0, 0, 13.52%, 0, 0, 3, 328.44, 4459314, 458, 0, 0
21059, 2212, 68, 70, 0, 0, 13.52%, 0, 0, 3, 213.35, 4459788, 458, 0, 0
21064, 2213, 22, 70, 0, 0, 13.52%, 0, 0, 3, 283.58, 4460379, 458, 0, 0
21069, 2213, 48, 70, 0, 0, 13.52%, 0, 0, 3, 31.60, 4461208, 458, 0, 0
21074, 2214, 8, 70, 0, 0, 13.52%, 0, 0, 3, 19.12, 4462076, 458, 0, 0
21079, 2214, 45, 70, 0, 0, 13.52%, 0, 0, 3, 323.15, 4462929, 458, 0, 0
21085, 2214, 58, 70, 0, 0, 13.52%, 0, 0, 3, 328.33, 4463335, 458, 0, 0
21090, 2215, 5, 70, 0, 0, 13.52%, 0, 0, 3, 31.34, 4463962, 458, 0, 0
21095, 2215, 45, 70, 0, 0, 13.52%, 0, 0, 3, 31.81, 4464824, 458, 0, 0
21100, 2216, 4, 70, 0, 0, 13.52%, 0, 0, 3, 31.50, 4465689, 458, 0, 0
21105, 2216, 25, 70, 0, 0, 13.52%, 0, 0, 3, 328.91, 4466277, 458, 0, 0
21110, 2216, 45, 70, 0, 0, 13.52%, 0, 0, 3, 168.32, 4466732, 458, 0, 0
21115, 2217, 4, 70, 0, 0, 13.52%, 0, 0, 3, 31.15, 4467519, 458, 0, 0
21120, 2217, 35, 70, 0, 0, 13.52%, 0, 0, 3, 31.24, 4468380, 458, 0, 0
21125, 2217, 62, 70, 0, 0, 13.52%, 0, 0, 3, 322.29, 4469217, 458, 0, 0
21130, 2218, 11, 70, 0, 0, 13.52%, 0, 0, 3, 291.49, 4469726, 458, 0, 0
21135, 2218, 30, 70, 0, 0, 13.52%, 0, 0, 3, 31.51, 4470236, 458, 0, 0
21140, 2218, 53, 70, 0, 0, 13.52%, 0, 0, 3, 31.44, 4471109, 458, 0, 0
21146, 2219, 24, 70, 0, 0, 13.52%, 0, 0, 3, 31.35, 4471942, 458, 0, 0
21151, 2219, 49, 70, 0, 0, 13.52%, 0, 0, 3, 319.11, 4472783, 458, 0, 0
21156, 2219, 62, 70, 0, 0, 13.52%, 0, 0, 3, 317.89, 4473183, 458, 0, 0
21161, 2220, 21, 70, 0, 0, 13.52%, 0, 0, 3, 37.66, 4473833, 458, 0, 0
21166, 2220, 42, 70, 0, 0, 13.52%, 0, 0, 3, 31.59, 4474700, 458, 0, 0
21171, 2220, 69, 70, 0, 0, 13.52%, 0, 0, 3, 31.10, 4475506, 458, 0, 0
21176, 2221, 26, 70, 0, 0, 13.52%, 0, 0, 3, 30.96, 4476321, 458, 0, 0
21182, 2221, 45, 70, 0, 0, 13.52%, 0, 0, 3, 318.95, 4476970, 458, 0, 0
21187, 2221, 63, 70, 0, 0, 13.52%, 0, 0, 3, 277.95, 4477506, 458, 0, 0
21192, 2222, 4, 70, 0, 0, 13.52%, 0, 0, 3, 30.83, 4478090, 458, 0, 0
21197, 2222, 30, 70, 0, 0, 13.52%, 0, 0, 3, 31.10, 4478886, 458, 0, 0
21202, 2222, 54, 70, 0, 0, 13.52%, 0, 0, 3, 31.45, 4479703, 458, 0, 0
21207, 2223, 7, 70, 0, 0, 13.52%, 0, 0, 3, 31.60, 4480477, 458, 0, 0
21212, 2223, 45, 70, 0, 0, 13.52%, 0, 0, 3, 307.18, 4481292, 458, 0, 0
21217, 2223, 62, 70, 0, 0, 13.52%, 0, 0, 3, 318.06, 4481864, 458, 0, 0
21222, 2224, 21, 70, 0, 0, 13.52%, 0, 0, 3, 314.94, 4482404, 458, 0, 0
21228, 2224, 31, 70, 0, 0, 13.52%, 0, 0, 3, 31.24, 4483043, 458, 0, 0
21233, 2224, 62, 70, 0, 0, 13.52%, 0, 0, 3, 31.53, 4483845, 458, 0, 0
21238, 2225, 24, 70, 0, 0, 13.52%, 0, 0, 3, 29.28, 4484650, 458, 0, 0
21243, 2225, 45, 70, 0, 0, 13.52%, 0, 0, 3, 31.72, 4485428, 458, 0, 0
21248, 2225, 62, 70, 0, 0, 13.52%, 0, 0, 3, 239.13, 4486158, 458, 0, 0
21253, 2226, 17, 70, 0, 0, 13.52%, 0, 0, 3, 201.60, 4486713, 458, 0, 0
21258, 2226, 30, 70, 0, 0, 13.52%, 0, 0, 3, 318.41, 4487259, 458, 0, 0
21263, 2226, 58, 70, 0, 0, 13.52%, 0, 0, 3, 45.21, 4487983, 458, 0, 0
21268, 2227, 11, 70, 0, 0, 13.52%, 0, 0, 3, 31.22, 4488779, 458, 0, 0
21273, 2227, 48, 70, 0, 0, 13.52%, 0, 0, 3, 31.26, 4489603, 458, 0, 0
21278, 2228, 2, 70, 0, 0, 13.52%, 0, 0, 3, 31.65, 4490381, 458, 0, 0
21284, 2228, 24, 70, 0, 0, 13.52%, 0, 0, 3, 279.42, 4491076, 458, 0, 0
21289, 2228, 45, 70, 0, 0, 13.52%, 0, 0, 3, 244.42, 4491678, 458, 0, 0
21294, 2228, 62, 70, 0, 0, 13.52%, 0, 0, 3, 31.40, 4492151, 458, 0, 0
21299, 2229, 24, 70, 0, 0, 13.52%, 0, 0, 3, 31.16, 4493041, 458, 0, 0
21304, 2229, 45, 70, 0, 0, 13.52%, 0, 0, 3, 31.50, 4493910, 458, 0, 0
21309, 2229, 69, 70, 0, 0, 13.52%, 0, 0, 3, 255.23, 4494526, 458, 0, 0
21315, 2230, 11, 70, 0, 0, 13.52%, 0, 0, 3, 308.46, 4494972, 458, 0, 0
21320, 2230, 31, 70, 0, 0, 13.52%, 0, 0, 3, 31.60, 4495774, 458, 0, 0
21325, 2231, 1, 70, 0, 0, 13.52%, 0, 0, 3, 30.43, 4496613, 458, 0, 0
21330, 2231, 26, 70, 0, 0, 13.52%, 0, 0, 3, 250.48, 4497470, 458, 0, 0
21335, 2231, 45, 70, 0, 0, 13.52%, 0, 0, 3, 314.16, 4497951, 458, 0, 0
21340, 2231, 69, 70, 0, 0, 13.52%, 0, 0, 3, 39.01, 4498479, 458, 0, 0
21345, 2232, 25, 70, 0, 0, 13.52%, 0, 0, 3, 31.03, 4499359, 458, 0, 0
21350, 2232, 48, 70, 0, 0, 13.52%, 0, 0, 3, 31.31, 4500188, 458, 0, 0
21355, 2233, 11, 70, 0, 0, 13.52%, 0, 0, 3, 317.15, 4500941, 458, 0, 0
21361, 2233, 26, 70, 0, 0, 13.52%, 0, 0, 3, 323.26, 4501383, 458, 0, 0
21366, 2233, 53, 70, 0, 0, 13.52%, 0, 0, 3, 34.27, 4502045, 458, 0, 0
21371, 2234, 24, 70, 0, 0, 13.52%, 0, 0, 3, 31.47, 4502914, 458, 0, 0
21376, 2234, 45, 70, 0, 0, 13.52%, 0, 0, 3, 31.15, 4503751, 458, 0, 0
21381, 2234, 62, 70, 0, 0, 13.52%, 0, 0, 3, 322.36, 4504347, 458, 0, 0
21386, 2235, 8, 70, 0, 0, 13.52%, 0, 0, 3, 30.47, 4504776, 458, 0, 0
21391, 2235, 42, 70, 0, 0, 13.52%, 0, 0, 3, 33.24, 4505604, 458, 0, 0
21396, 2235, 65, 70, 0, 0, 13.52%, 0, 0, 3, 31.69, 4506463, 458, 0, 0
21401, 2236, 58, 70, 0, 0, 13.52%, 0, 0, 3, 304.22, 4508046, 458, 0, 0
21406, 2237, 48, 70, 0, 0, 13.52%, 0, 0, 3, 308.61, 4509610, 458, 0, 0
21411, 2238, 30, 70, 0, 0, 13.52%, 0, 0, 3, 307.73, 4511146, 458, 0, 0
21416, 2239, 21, 70, 0, 0, 13.52%, 0, 0, 3, 284.88, 4512601, 458, 0, 0
21421, 2239, 50, 70, 0, 0, 13.52%, 0, 0, 3, 259.55, 4513861, 458, 0, 0
21427, 2240, 21, 70, 0, 0, 13.52%, 0, 0, 3, 270.89, 4515231, 458, 0, 0
21432, 2241, 4, 70, 0, 0, 13.52%, 0, 0, 3, 297.34, 4516816, 458, 0, 0
21437, 2241, 62, 70, 0, 0, 13.52%, 0, 0, 3, 298.84, 4518356, 458, 0, 0
21442, 2242, 58, 70, 0, 0, 13.52%, 0, 0, 3, 296.12, 4519871, 458, 0, 0
21447, 2243, 42, 70, 0, 0, 13.52%, 0, 0, 3, 270.85, 4521221, 458, 0, 0
21452, 2244, 21, 70, 0, 0, 13.52%, 0, 0, 3, 278.55, 4522586, 458, 0, 0
21457, 2245, 4, 70, 0, 0, 13.52%, 0, 0, 3, 299.09, 4524171, 458, 0, 0
21462, 2245, 58, 70, 0, 0, 13.52%, 0, 0, 3, 302.51, 4525703, 458, 0, 0
21467, 2246, 45, 70, 0, 0, 13.52%, 0, 0, 3, 298.26, 4527161, 458, 0, 0
21472, 2247, 24, 70, 0, 0, 13.52%, 0, 0, 3, 266.19, 4528516, 458, 0, 0
21477, 2248, 11, 70, 0, 0, 13.52%, 0, 0, 3, 299.11, 4530041, 458, 0, 0
21482, 2248, 69, 70, 0, 0, 13.52%, 0, 0, 3, 306.38, 4531597, 458, 0, 0
21487, 2249, 53, 70, 0, 0, 13.52%, 0, 0, 3, 309.53, 4533151, 458, 0, 0
21493, 2250, 45, 70, 0, 0, 13.52%, 0, 0, 3, 310.76, 4534709, 458, 0, 0
21498, 2251, 26, 70, 0, 0, 13.52%, 0, 0, 3, 306.19, 4536227, 458, 0, 0
21503, 2252, 21, 70, 0, 0, 13.52%, 0, 0, 3, 311.82, 4537845, 458, 0, 0
21508, 2253, 11, 70, 0, 0, 13.52%, 0, 0, 3, 302.84, 4539457, 458, 0, 0
21513, 2254, 2, 70, 0, 0, 13.52%, 0, 0, 3, 309.14, 4541015, 458, 0, 0
21518, 2254, 50, 70, 0, 0, 13.52%, 0, 0, 3, 304.49, 4542526, 458, 0, 0
21523, 2255, 45, 70, 0, 0, 13.52%, 0, 0, 3, 315.05, 4544166, 458, 0, 0
21529, 2256, 25, 70, 0, 0, 13.52%, 0, 0, 3, 315.68, 4545807, 458, 0, 0
21534, 2257, 24, 70, 0, 0, 13.52%, 0, 0, 3, 314.90, 4547435, 458, 0, 0
21539, 2258, 4, 70, 0, 0, 13.52%, 0, 0, 3, 306.06, 4548923, 458, 0, 0
21544, 2258, 58, 70, 0, 0, 13.52%, 0, 0, 3, 313.69, 4550547, 458, 0, 0
21549, 2259, 48, 70, 0, 0, 13.52%, 0, 0, 3, 316.04, 4552177, 458, 0, 0
21554, 2260, 31, 70, 0, 0, 13.52%, 0, 0, 3, 310.19, 4553765, 458, 0, 0
21560, 2261, 21, 70, 0, 0, 13.52%, 0, 0, 3, 303.27, 4555295, 458, 0, 0
21565, 2261, 69, 70, 0, 0, 13.52%, 0, 0, 3, 311.29, 4556865, 458, 0, 0
21570, 2262, 50, 70, 0, 0, 13.52%, 0, 0, 3, 310.30, 4558477, 458, 0, 0
21575, 2263, 33, 70, 0, 0, 13.52%, 0, 0, 3, 309.58, 4560023, 458, 0, 0
21580, 2264, 21, 70, 0, 0, 13.52%, 0, 0, 3, 305.29, 4561559, 458, 0, 0
21585, 2264, 64, 70, 0, 0, 13.52%, 0, 0, 3, 313.96, 4563185, 458, 0, 0
21590, 2265, 50, 70, 0, 0, 13.52%, 0, 0, 3, 317.22, 4564832, 458, 0, 0
21596, 2266, 48, 70, 0, 0, 13.52%, 0, 0, 3, 318.45, 4566478, 458, 0, 0
