# relative_time, cycles_done, cur_item, corpus_count, pending_total, pending_favs, map_size, saved_crashes, saved_hangs, max_depth, execs_per_sec, total_execs, edges_found, total_crashes, servers_count
60, 0, 31, 47, 17, 0, 12.57%, 0, 0, 3, 300.03, 18985, 426, 0, 0
65, 1, 13, 47, 17, 0, 12.57%, 0, 0, 3, 256.25, 20214, 426, 0, 0
71, 1, 19, 48, 12, 0, 12.57%, 0, 0, 4, 290.81, 21754, 426, 0, 0
76, 1, 47, 56, 20, 0, 12.72%, 0, 0, 5, 297.49, 23313, 431, 0, 0
81, 1, 47, 57, 21, 0, 12.72%, 0, 0, 5, 298.33, 24820, 431, 0, 0
86, 1, 47, 57, 21, 0, 12.72%, 0, 0, 5, 288.42, 26305, 431, 0, 0
91, 1, 47, 57, 21, 0, 12.72%, 0, 0, 5, 281.74, 27655, 431, 0, 0
96, 1, 47, 57, 21, 0, 12.72%, 0, 0, 5, 298.57, 29210, 431, 0, 0
101, 1, 47, 57, 21, 0, 12.72%, 0, 0, 5, 301.58, 30774, 431, 0, 0
106, 1, 47, 57, 21, 0, 12.72%, 0, 0, 5, 302.27, 32340, 431, 0, 0
111, 1, 47, 57, 21, 0, 12.72%, 0, 0, 5, 290.03, 33795, 431, 0, 0
117, 1, 20, 57, 19, 2, 12.72%, 0, 0, 5, 303.87, 35391, 431, 0, 0
122, 1, 17, 57, 17, 0, 12.72%, 0, 0, 5, 310.07, 36972, 431, 0, 0
127, 1, 7, 57, 15, 0, 12.72%, 0, 0, 5, 310.22, 38527, 431, 0, 0
132, 1, 44, 57, 13, 0, 12.72%, 0, 0, 5, 290.59, 40067, 431, 0, 0
137, 2, 51, 57, 11, 0, 12.72%, 0, 0, 5, 310.43, 41649, 431, 0, 0
143, 2, 48, 57, 11, 0, 12.72%, 0, 0, 5, 312.59, 43354, 431, 0, 0
148, 2, 55, 57, 9, 0, 12.72%, 0, 0, 5, 313.29, 44932, 431, 0, 0
153, 2, 6, 57, 7, 0, 12.72%, 0, 0, 5, 293.15, 46448, 431, 0, 0
158, 3, 56, 57, 7, 0, 12.72%, 0, 0, 5, 310.38, 48082, 431, 0, 0
163, 3, 40, 57, 6, 0, 12.72%, 0, 0, 5, 314.04, 49656, 431, 0, 0
168, 3, 53, 57, 5, 0, 12.72%, 0, 0, 5, 314.12, 51271, 431, 0, 0
173, 3, 5, 57, 4, 0, 12.72%, 0, 0, 5, 293.01, 52765, 431, 0, 0
178, 3, 2, 57, 4, 0, 12.72%, 0, 0, 5, 315.68, 54377, 431, 0, 0
183, 4, 17, 57, 4, 0, 12.72%, 0, 0, 5, 320.24, 55989, 431, 0, 0
188, 4, 4, 57, 4, 0, 12.72%, 0, 0, 5, 319.88, 57653, 431, 0, 0
194, 4, 5, 58, 5, 0, 12.72%, 0, 0, 5, 293.30, 59217, 431, 0, 0
199, 4, 7, 58, 4, 0, 12.72%, 0, 0, 5, 314.26, 60825, 431, 0, 0
204, 5, 6, 58, 4, 0, 12.72%, 0, 0, 5, 320.58, 62437, 431, 0, 0
209, 5, 2, 58, 3, 0, 12.72%, 0, 0, 5, 317.76, 64026, 431, 0, 0
214, 5, 26, 58, 2, 0, 12.72%, 0, 0, 5, 313.52, 65657, 431, 0, 0
219, 5, 5, 58, 1, 0, 12.72%, 0, 0, 5, 313.63, 67178, 431, 0, 0
224, 6, 4, 58, 1, 0, 12.72%, 0, 0, 5, 318.33, 68830, 431, 0, 0
229, 6, 7, 58, 1, 0, 12.72%, 0, 0, 5, 316.66, 70460, 431, 0, 0
234, 6, 6, 58, 1, 0, 12.72%, 0, 0, 5, 316.13, 72090, 431, 0, 0
239, 6, 20, 58, 0, 0, 12.72%, 0, 0, 5, 311.54, 73608, 431, 0, 0
245, 7, 17, 58, 0, 0, 12.72%, 0, 0, 5, 317.75, 75259, 431, 0, 0
250, 7, 20, 58, 0, 0, 12.72%, 0, 0, 5, 316.78, 76895, 431, 0, 0
255, 7, 51, 58, 0, 0, 12.72%, 0, 0, 5, 318.26, 78537, 431, 0, 0
260, 7, 2, 58, 0, 0, 12.72%, 0, 0, 5, 308.41, 80022, 431, 0, 0
265, 8, 20, 58, 0, 0, 12.72%, 0, 0, 5, 316.17, 81670, 431, 0, 0
270, 8, 26, 58, 0, 0, 12.72%, 0, 0, 5, 317.47, 83310, 431, 0, 0
275, 8, 46, 58, 0, 0, 12.72%, 0, 0, 5, 316.07, 84886, 431, 0, 0
280, 8, 20, 58, 0, 0, 12.72%, 0, 0, 5, 305.09, 86416, 431, 0, 0
286, 9, 20, 58, 0, 0, 12.72%, 0, 0, 5, 147.78, 87473, 431, 0, 0
291, 9, 12, 58, 0, 0, 12.72%, 0, 0, 5, 272.09, 89068, 431, 0, 0
296, 9, 28, 58, 0, 0, 12.72%, 0, 0, 5, 319.11, 90283, 431, 0, 0
301, 9, 2, 58, 0, 0, 12.72%, 0, 0, 5, 320.49, 91955, 431, 0, 0
306, 10, 12, 58, 0, 0, 12.72%, 0, 0, 5, 315.10, 93195, 431, 0, 0
311, 10, 12, 58, 0, 0, 12.72%, 0, 0, 5, 320.91, 94867, 431, 0, 0
316, 10, 12, 58, 0, 0, 12.72%, 0, 0, 5, 313.00, 96525, 431, 0, 0
321, 10, 17, 58, 0, 0, 12.72%, 0, 0, 5, 324.95, 97789, 431, 0, 0
327, 11, 18, 58, 0, 0, 12.72%, 0, 0, 5, 322.06, 99455, 431, 0, 0
332, 11, 2, 58, 0, 0, 12.72%, 0, 0, 5, 324.44, 100689, 431, 0, 0
337, 11, 5, 58, 0, 0, 12.72%, 0, 0, 5, 315.19, 102261, 431, 0, 0
342, 11, 4, 58, 0, 0, 12.72%, 0, 0, 5, 285.00, 103448, 431, 0, 0
347, 11, 26, 58, 0, 0, 12.72%, 0, 0, 5, 313.24, 105108, 431, 0, 0
352, 12, 5, 58, 0, 0, 12.72%, 0, 0, 5, 325.00, 106313, 431, 0, 0
357, 12, 4, 58, 0, 0, 12.72%, 0, 0, 5, 324.24, 107996, 431, 0, 0
362, 12, 2, 58, 0, 0, 12.72%, 0, 0, 5, 297.03, 109232, 431, 0, 0
367, 12, 5, 59, 1, 0, 12.72%, 0, 0, 6, 314.62, 110839, 431, 0, 0
373, 12, 12, 59, 1, 0, 12.72%, 0, 0, 6, 31.27, 112135, 431, 0, 0
378, 13, 4, 59, 1, 0, 12.72%, 0, 0, 6, 299.20, 113716, 431, 0, 0
384, 13, 58, 59, 1, 0, 12.72%, 0, 0, 6, 295.86, 115148, 431, 0, 0
389, 13, 6, 59, 0, 0, 12.72%, 0, 0, 6, 317.03, 116820, 431, 0, 0
394, 13, 5, 59, 0, 0, 12.72%, 0, 0, 6, 282.94, 118033, 431, 0, 0
399, 14, 54, 59, 0, 0, 12.72%, 0, 0, 6, 311.19, 119666, 431, 0, 0
404, 14, 7, 59, 0, 0, 12.72%, 0, 0, 6, 321.39, 120860, 431, 0, 0
409, 14, 58, 59, 0, 0, 12.72%, 0, 0, 6, 319.28, 122512, 431, 0, 0
414, 14, 20, 59, 0, 0, 12.72%, 0, 0, 6, 317.76, 123714, 431, 0, 0
419, 14, 20, 59, 0, 0, 12.72%, 0, 0, 6, 324.64, 125366, 431, 0, 0
424, 15, 2, 59, 0, 0, 12.72%, 0, 0, 6, 308.90, 126602, 431, 0, 0
430, 15, 20, 59, 0, 0, 12.72%, 0, 0, 6, 313.26, 128154, 431, 0, 0
435, 15, 34, 59, 0, 0, 12.72%, 0, 0, 6, 320.92, 129384, 431, 0, 0
440, 15, 16, 59, 0, 0, 12.72%, 0, 0, 6, 308.28, 130954, 431, 0, 0
445, 15, 2, 59, 0, 0, 12.72%, 0, 0, 6, 305.89, 132238, 431, 0, 0
450, 16, 55, 59, 0, 0, 12.72%, 0, 0, 6, 43.75, 133536, 431, 0, 0
455, 16, 2, 59, 0, 0, 12.72%, 0, 0, 6, 323.28, 135114, 431, 0, 0
460, 16, 7, 59, 0, 0, 12.72%, 0, 0, 6, 315.67, 136296, 431, 0, 0
465, 16, 7, 59, 0, 0, 12.72%, 0, 0, 6, 320.06, 137908, 431, 0, 0
470, 16, 26, 59, 0, 0, 12.72%, 0, 0, 6, 314.56, 139114, 431, 0, 0
476, 17, 26, 59, 0, 0, 12.72%, 0, 0, 6, 319.05, 140777, 431, 0, 0
481, 17, 12, 59, 0, 0, 12.72%, 0, 0, 6, 289.78, 141983, 431, 0, 0
486, 17, 54, 59, 0, 0, 12.72%, 0, 0, 6, 316.08, 143615, 431, 0, 0
491, 17, 55, 59, 0, 0, 12.72%, 0, 0, 6, 271.78, 144843, 431, 0, 0
496, 17, 7, 59, 0, 0, 12.72%, 0, 0, 6, 31.25, 146336, 431, 0, 0
501, 18, 7, 59, 0, 0, 12.72%, 0, 0, 6, 320.81, 147654, 431, 0, 0
506, 18, 5, 59, 0, 0, 12.72%, 0, 0, 6, 328.36, 148896, 431, 0, 0
511, 18, 7, 59, 0, 0, 12.72%, 0, 0, 6, 324.62, 150520, 431, 0, 0
516, 18, 4, 59, 0, 0, 12.72%, 0, 0, 6, 267.37, 151764, 431, 0, 0
521, 19, 6, 59, 0, 0, 12.72%, 0, 0, 6, 309.56, 153402, 431, 0, 0
526, 19, 21, 59, 0, 0, 12.72%, 0, 0, 6, 321.92, 154614, 431, 0, 0
532, 19, 5, 59, 0, 0, 12.72%, 0, 0, 6, 30.59, 156044, 431, 0, 0
537, 19, 20, 59, 0, 0, 12.72%, 0, 0, 6, 322.75, 157490, 431, 0, 0
542, 19, 12, 59, 0, 0, 12.72%, 0, 0, 6, 336.12, 158672, 431, 0, 0
547, 20, 17, 59, 0, 0, 12.72%, 0, 0, 6, 326.01, 160354, 431, 0, 0
552, 20, 4, 59, 0, 0, 12.72%, 0, 0, 6, 319.94, 161566, 431, 0, 0
557, 20, 7, 59, 0, 0, 12.72%, 0, 0, 6, 321.20, 163236, 431, 0, 0
562, 20, 5, 59, 0, 0, 12.72%, 0, 0, 6, 304.20, 164420, 431, 0, 0
567, 20, 4, 59, 0, 0, 12.72%, 0, 0, 6, 31.59, 165768, 431, 0, 0
572, 21, 24, 59, 0, 0, 12.72%, 0, 0, 6, 322.40, 167248, 431, 0, 0
577, 21, 12, 59, 0, 0, 12.72%, 0, 0, 6, 285.81, 168434, 431, 0, 0
582, 21, 4, 59, 0, 0, 12.72%, 0, 0, 6, 315.90, 170059, 431, 0, 0
587, 21, 26, 59, 0, 0, 12.72%, 0, 0, 6, 250.17, 171295, 431, 0, 0
593, 22, 51, 59, 0, 0, 12.72%, 0, 0, 6, 291.62, 172895, 431, 0, 0
598, 22, 46, 59, 0, 0, 12.72%, 0, 0, 6, 315.39, 174189, 431, 0, 0
603, 22, 59, 61, 2, 1, 13.37%, 0, 0, 6, 310.00, 175389, 453, 0, 0
608, 22, 24, 67, 7, 0, 13.37%, 0, 0, 6, 312.05, 176959, 453, 0, 0
613, 22, 24, 68, 8, 0, 13.37%, 0, 0, 6, 245.74, 178116, 453, 0, 0
618, 22, 24, 70, 10, 0, 13.40%, 0, 0, 6, 300.04, 179688, 454, 0, 0
623, 22, 24, 70, 10, 0, 13.40%, 0, 0, 6, 274.32, 180888, 454, 0, 0
628, 22, 24, 72, 12, 0, 13.46%, 0, 0, 6, 306.11, 182478, 456, 0, 0
633, 22, 24, 72, 12, 0, 13.46%, 0, 0, 6, 319.82, 183630, 456, 0, 0
638, 22, 24, 72, 12, 0, 13.46%, 0, 0, 6, 31.34, 184940, 456, 0, 0
643, 22, 24, 72, 12, 0, 13.46%, 0, 0, 6, 317.99, 186361, 456, 0, 0
648, 22, 24, 73, 13, 0, 13.49%, 0, 0, 6, 313.34, 187545, 457, 0, 0
654, 22, 24, 73, 13, 0, 13.49%, 0, 0, 6, 321.07, 189195, 457, 0, 0
660, 22, 71, 73, 12, 2, 13.49%, 0, 0, 6, 305.85, 190814, 457, 0, 0
665, 22, 5, 73, 10, 0, 13.49%, 0, 0, 6, 318.83, 191952, 457, 0, 0
670, 22, 65, 73, 10, 0, 13.49%, 0, 0, 6, 322.90, 193603, 457, 0, 0
675, 22, 73, 74, 10, 0, 13.49%, 0, 0, 6, 322.11, 194801, 457, 0, 0
681, 22, 73, 74, 10, 0, 13.49%, 0, 0, 6, 320.10, 196443, 457, 0, 0
687, 22, 68, 74, 9, 0, 13.49%, 0, 0, 6, 324.43, 198062, 457, 0, 0
692, 22, 61, 74, 8, 0, 13.49%, 0, 0, 6, 296.05, 199287, 457, 0, 0
699, 22, 69, 74, 7, 0, 13.49%, 0, 0, 6, 299.23, 201196, 457, 0, 0
705, 22, 60, 74, 6, 0, 13.49%, 0, 0, 6, 318.21, 202987, 457, 0, 0
712, 22, 67, 74, 5, 0, 13.49%, 0, 0, 6, 330.68, 204883, 457, 0, 0
717, 22, 17, 74, 4, 0, 13.49%, 0, 0, 6, 316.79, 206061, 457, 0, 0
722, 23, 12, 74, 4, 0, 13.49%, 0, 0, 6, 321.41, 207673, 457, 0, 0
728, 23, 64, 74, 4, 0, 13.49%, 0, 0, 6, 328.05, 209034, 457, 0, 0
733, 23, 26, 74, 2, 0, 13.49%, 0, 0, 6, 31.41, 210510, 457, 0, 0
738, 23, 26, 74, 2, 0, 13.49%, 0, 0, 6, 315.96, 211880, 457, 0, 0
743, 23, 55, 74, 2, 0, 13.49%, 0, 0, 6, 207.88, 213104, 457, 0, 0
748, 23, 51, 74, 2, 0, 13.49%, 0, 0, 6, 299.16, 214756, 457, 0, 0
753, 23, 15, 74, 2, 0, 13.49%, 0, 0, 6, 323.11, 215992, 457, 0, 0
758, 23, 46, 74, 2, 0, 13.49%, 0, 0, 6, 31.21, 217342, 457, 0, 0
764, 24, 26, 74, 2, 0, 13.49%, 0, 0, 6, 321.90, 218886, 457, 0, 0
769, 24, 6, 74, 2, 0, 13.49%, 0, 0, 6, 315.32, 220116, 457, 0, 0
774, 24, 31, 74, 2, 0, 13.49%, 0, 0, 6, 318.21, 221710, 457, 0, 0
779, 24, 26, 74, 2, 0, 13.49%, 0, 0, 6, 294.76, 222926, 457, 0, 0
784, 24, 7, 74, 2, 0, 13.49%, 0, 0, 6, 31.19, 224150, 457, 0, 0
789, 24, 59, 74, 2, 0, 13.49%, 0, 0, 6, 319.90, 225710, 457, 0, 0
794, 25, 2, 74, 2, 0, 13.49%, 0, 0, 6, 322.88, 226898, 457, 0, 0
799, 25, 54, 74, 2, 0, 13.49%, 0, 0, 6, 323.06, 228516, 457, 0, 0
804, 25, 66, 74, 2, 0, 13.49%, 0, 0, 6, 322.96, 229728, 457, 0, 0
809, 25, 7, 74, 1, 0, 13.49%, 0, 0, 6, 31.18, 231012, 457, 0, 0
815, 25, 55, 74, 1, 0, 13.49%, 0, 0, 6, 315.48, 232611, 457, 0, 0
820, 25, 6, 74, 1, 0, 13.49%, 0, 0, 6, 319.33, 233721, 457, 0, 0
825, 25, 26, 74, 1, 0, 13.49%, 0, 0, 6, 322.62, 235391, 457, 0, 0
830, 26, 26, 74, 1, 0, 13.49%, 0, 0, 6, 323.73, 236621, 457, 0, 0
835, 26, 6, 74, 1, 0, 13.49%, 0, 0, 6, 316.92, 237827, 457, 0, 0
842, 26, 62, 74, 1, 0, 13.49%, 0, 0, 6, 312.56, 239754, 457, 0, 0
847, 26, 64, 74, 0, 0, 13.49%, 0, 0, 6, 318.44, 241390, 457, 0, 0
852, 26, 54, 74, 0, 0, 13.49%, 0, 0, 6, 320.73, 242584, 457, 0, 0
858, 26, 4, 74, 0, 0, 13.49%, 0, 0, 6, 30.38, 244114, 457, 0, 0
863, 27, 28, 74, 0, 0, 13.49%, 0, 0, 6, 322.56, 245466, 457, 0, 0
868, 27, 26, 74, 0, 0, 13.49%, 0, 0, 6, 230.05, 246690, 457, 0, 0
873, 27, 6, 74, 0, 0, 13.49%, 0, 0, 6, 302.23, 248326, 457, 0, 0
878, 27, 5, 74, 0, 0, 13.49%, 0, 0, 6, 293.84, 249514, 457, 0, 0
883, 27, 0, 74, 0, 0, 13.49%, 0, 0, 6, 32.84, 250748, 457, 0, 0
888, 27, 14, 74, 0, 0, 13.49%, 0, 0, 6, 312.15, 252338, 457, 0, 0
894, 28, 55, 74, 0, 0, 13.49%, 0, 0, 6, 318.69, 253572, 457, 0, 0
899, 28, 72, 74, 0, 0, 13.49%, 0, 0, 6, 30.41, 255153, 457, 0, 0
904, 28, 7, 74, 0, 0, 13.49%, 0, 0, 6, 297.51, 256419, 457, 0, 0
909, 28, 54, 74, 0, 0, 13.49%, 0, 0, 6, 324.70, 257593, 457, 0, 0
914, 28, 5, 74, 0, 0, 13.49%, 0, 0, 6, 321.77, 259261, 457, 0, 0
919, 28, 26, 74, 0, 0, 13.49%, 0, 0, 6, 307.75, 260445, 457, 0, 0
924, 29, 54, 74, 0, 0, 13.49%, 0, 0, 6, 31.42, 261841, 457, 0, 0
930, 29, 5, 74, 0, 0, 13.49%, 0, 0, 6, 286.23, 263276, 457, 0, 0
935, 29, 50, 74, 0, 0, 13.49%, 0, 0, 6, 261.88, 264506, 457, 0, 0
940, 29, 54, 74, 0, 0, 13.49%, 0, 0, 6, 309.15, 266174, 457, 0, 0
945, 29, 20, 74, 0, 0, 13.49%, 0, 0, 6, 319.78, 267392, 457, 0, 0
950, 29, 24, 74, 0, 0, 13.49%, 0, 0, 6, 36.13, 268635, 457, 0, 0
955, 30, 17, 74, 0, 0, 13.49%, 0, 0, 6, 321.98, 270263, 457, 0, 0
961, 30, 6, 74, 0, 0, 13.49%, 0, 0, 6, 322.32, 271487, 457, 0, 0
966, 30, 55, 74, 0, 0, 13.49%, 0, 0, 6, 31.17, 273035, 457, 0, 0
971, 30, 17, 74, 0, 0, 13.49%, 0, 0, 6, 279.99, 274367, 457, 0, 0
976, 30, 28, 74, 0, 0, 13.49%, 0, 0, 6, 307.29, 275553, 457, 0, 0
981, 30, 5, 74, 0, 0, 13.49%, 0, 0, 6, 318.67, 277223, 457, 0, 0
986, 31, 4, 74, 0, 0, 13.49%, 0, 0, 6, 323.89, 278447, 457, 0, 0
991, 31, 51, 74, 0, 0, 13.49%, 0, 0, 6, 32.43, 279650, 457, 0, 0
996, 31, 32, 74, 0, 0, 13.49%, 0, 0, 6, 321.93, 281263, 457, 0, 0
1001, 31, 17, 74, 0, 0, 13.49%, 0, 0, 6, 253.40, 282449, 457, 0, 0
1007, 31, 51, 74, 0, 0, 13.49%, 0, 0, 6, 306.49, 284087, 457, 0, 0
1012, 31, 20, 74, 0, 0, 13.49%, 0, 0, 6, 300.34, 285302, 457, 0, 0
1017, 32, 28, 74, 0, 0, 13.49%, 0, 0, 6, 37.08, 286488, 457, 0, 0
1022, 32, 26, 74, 0, 0, 13.49%, 0, 0, 6, 322.02, 288111, 457, 0, 0
1027, 32, 5, 74, 0, 0, 13.49%, 0, 0, 6, 330.88, 289299, 457, 0, 0
1032, 32, 17, 74, 0, 0, 13.49%, 0, 0, 6, 324.31, 290975, 457, 0, 0
1037, 32, 17, 74, 0, 0, 13.49%, 0, 0, 6, 319.83, 292153, 457, 0, 0
1042, 32, 26, 74, 0, 0, 13.49%, 0, 0, 6, 323.38, 293375, 457, 0, 0
1047, 33, 12, 74, 0, 0, 13.49%, 0, 0, 6, 320.92, 295047, 457, 0, 0
1052, 33, 6, 74, 0, 0, 13.49%, 0, 0, 6, 264.89, 296256, 457, 0, 0
1058, 33, 28, 74, 0, 0, 13.49%, 0, 0, 6, 31.33, 297841, 457, 0, 0
1063, 33, 26, 74, 0, 0, 13.49%, 0, 0, 6, 326.30, 299163, 457, 0, 0
1068, 33, 63, 74, 0, 0, 13.49%, 0, 0, 6, 274.83, 300357, 457, 0, 0
1073, 33, 7, 74, 0, 0, 13.49%, 0, 0, 6, 313.45, 302032, 457, 0, 0
1078, 34, 51, 74, 0, 0, 13.49%, 0, 0, 6, 288.78, 303262, 457, 0, 0
1083, 34, 24, 74, 0, 0, 13.49%, 0, 0, 6, 31.58, 304715, 457, 0, 0
1089, 34, 17, 74, 0, 0, 13.49%, 0, 0, 6, 295.95, 306163, 457, 0, 0
1094, 34, 2, 74, 0, 0, 13.49%, 0, 0, 6, 226.90, 307365, 457, 0, 0
1099, 34, 12, 74, 0, 0, 13.49%, 0, 0, 6, 301.51, 309011, 457, 0, 0
1104, 34, 17, 74, 0, 0, 13.49%, 0, 0, 6, 286.91, 310213, 457, 0, 0
1109, 35, 54, 74, 0, 0, 13.49%, 0, 0, 6, 31.31, 311671, 457, 0, 0
1114, 35, 54, 74, 0, 0, 13.49%, 0, 0, 6, 289.13, 313119, 457, 0, 0
1119, 35, 6, 74, 0, 0, 13.49%, 0, 0, 6, 251.98, 314294, 457, 0, 0
1124, 35, 7, 74, 0, 0, 13.49%, 0, 0, 6, 309.67, 315976, 457, 0, 0
1130, 35, 46, 74, 0, 0, 13.49%, 0, 0, 6, 295.82, 317184, 457, 0, 0
1135, 36, 15, 74, 0, 0, 13.49%, 0, 0, 6, 30.38, 318589, 457, 0, 0
1140, 36, 9, 74, 0, 0, 13.49%, 0, 0, 6, 318.59, 319964, 457, 0, 0
1145, 36, 20, 74, 0, 0, 13.49%, 0, 0, 6, 274.23, 321179, 457, 0, 0
1150, 36, 5, 74, 0, 0, 13.49%, 0, 0, 6, 312.64, 322852, 457, 0, 0
1155, 36, 4, 74, 0, 0, 13.49%, 0, 0, 6, 321.01, 324040, 457, 0, 0
1160, 36, 46, 74, 0, 0, 13.49%, 0, 0, 6, 31.58, 325506, 457, 0, 0
1165, 37, 7, 74, 0, 0, 13.49%, 0, 0, 6, 315.57, 326876, 457, 0, 0
1170, 37, 55, 74, 0, 0, 13.49%, 0, 0, 6, 266.67, 328094, 457, 0, 0
1175, 37, 26, 74, 0, 0, 13.49%, 0, 0, 6, 309.91, 329746, 457, 0, 0
1181, 37, 20, 74, 0, 0, 13.49%, 0, 0, 6, 281.51, 330980, 457, 0, 0
1186, 37, 4, 74, 0, 0, 13.49%, 0, 0, 6, 299.18, 332541, 457, 0, 0
1191, 37, 18, 74, 0, 0, 13.49%, 0, 0, 6, 308.87, 333841, 457, 0, 0
1196, 38, 4, 74, 0, 0, 13.49%, 0, 0, 6, 301.05, 335061, 457, 0, 0
1201, 38, 46, 74, 0, 0, 13.49%, 0, 0, 6, 315.43, 336726, 457, 0, 0
1206, 38, 32, 74, 0, 0, 13.49%, 0, 0, 6, 323.11, 337972, 457, 0, 0
1212, 38, 12, 74, 0, 0, 13.49%, 0, 0, 6, 30.85, 339496, 457, 0, 0
1217, 38, 26, 74, 0, 0, 13.49%, 0, 0, 6, 316.94, 340860, 457, 0, 0
1222, 38, 24, 74, 0, 0, 13.49%, 0, 0, 6, 235.23, 342040, 457, 0, 0
1227, 39, 24, 74, 0, 0, 13.49%, 0, 0, 6, 306.48, 343696, 457, 0, 0
1232, 39, 17, 74, 0, 0, 13.49%, 0, 0, 6, 292.44, 344911, 457, 0, 0
1237, 39, 73, 74, 0, 0, 13.49%, 0, 0, 6, 305.71, 346554, 457, 0, 0
1242, 39, 46, 74, 0, 0, 13.49%, 0, 0, 6, 296.33, 347826, 457, 0, 0
1248, 39, 26, 76, 1, 0, 13.52%, 0, 0, 6, 321.78, 349064, 458, 0, 0
1253, 39, 75, 76, 1, 0, 13.52%, 0, 0, 6, 320.46, 350671, 458, 0, 0
1258, 39, 24, 76, 1, 0, 13.52%, 0, 0, 6, 315.52, 351890, 458, 0, 0
1263, 39, 26, 76, 0, 0, 13.52%, 0, 0, 6, 323.76, 353525, 458, 0, 0
1268, 40, 17, 76, 0, 0, 13.52%, 0, 0, 6, 315.90, 354737, 458, 0, 0
1273, 40, 28, 76, 0, 0, 13.52%, 0, 0, 6, 31.50, 355999, 458, 0, 0
1278, 40, 75, 76, 0, 0, 13.52%, 0, 0, 6, 292.78, 357572, 458, 0, 0
1283, 40, 26, 76, 0, 0, 13.52%, 0, 0, 6, 320.16, 358784, 458, 0, 0
1288, 40, 75, 76, 0, 0, 13.52%, 0, 0, 6, 318.88, 360384, 458, 0, 0
1293, 40, 17, 76, 0, 0, 13.52%, 0, 0, 6, 305.52, 361620, 458, 0, 0
1298, 40, 6, 76, 0, 0, 13.52%, 0, 0, 6, 30.61, 363056, 458, 0, 0
1303, 40, 4, 76, 0, 0, 13.52%, 0, 0, 6, 300.60, 364387, 458, 0, 0
1309, 40, 55, 76, 0, 0, 13.52%, 0, 0, 6, 313.35, 365570, 458, 0, 0
1314, 41, 75, 76, 0, 0, 13.52%, 0, 0, 6, 320.51, 367242, 458, 0, 0
1319, 41, 5, 76, 0, 0, 13.52%, 0, 0, 6, 276.13, 368452, 458, 0, 0
1324, 41, 5, 76, 0, 0, 13.52%, 0, 0, 6, 56.09, 369876, 458, 0, 0
1329, 41, 39, 76, 0, 0, 13.52%, 0, 0, 6, 320.33, 371268, 458, 0, 0
1334, 41, 26, 76, 0, 0, 13.52%, 0, 0, 6, 326.32, 372490, 458, 0, 0
1339, 41, 5, 76, 0, 0, 13.52%, 0, 0, 6, 322.59, 374162, 458, 0, 0
1344, 42, 75, 76, 0, 0, 13.52%, 0, 0, 6, 332.73, 375362, 458, 0, 0
1349, 42, 75, 76, 0, 0, 13.52%, 0, 0, 6, 31.66, 376834, 458, 0, 0
1354, 42, 75, 76, 0, 0, 13.52%, 0, 0, 6, 314.84, 378196, 458, 0, 0
1360, 42, 55, 76, 0, 0, 13.52%, 0, 0, 6, 238.83, 379388, 458, 0, 0
1365, 42, 75, 76, 0, 0, 13.52%, 0, 0, 6, 306.96, 381062, 458, 0, 0
1370, 42, 55, 76, 0, 0, 13.52%, 0, 0, 6, 319.75, 382270, 458, 0, 0
1375, 42, 46, 76, 0, 0, 13.52%, 0, 0, 6, 31.11, 383763, 458, 0, 0
1380, 42, 12, 76, 0, 0, 13.52%, 0, 0, 6, 324.40, 385156, 458, 0, 0
1385, 43, 28, 76, 0, 0, 13.52%, 0, 0, 6, 318.59, 386350, 458, 0, 0
1390, 43, 36, 76, 0, 0, 13.52%, 0, 0, 6, 321.56, 387978, 458, 0, 0
1395, 43, 75, 76, 0, 0, 13.52%, 0, 0, 6, 272.87, 389227, 458, 0, 0
1400, 43, 51, 76, 0, 0, 13.52%, 0, 0, 6, 31.27, 390581, 458, 0, 0
1406, 43, 12, 76, 0, 0, 13.52%, 0, 0, 6, 294.48, 392082, 458, 0, 0
1411, 43, 28, 76, 0, 0, 13.52%, 0, 0, 6, 286.68, 393272, 458, 0, 0
1416, 43, 75, 76, 0, 0, 13.52%, 0, 0, 6, 320.08, 394920, 458, 0, 0
1421, 43, 6, 76, 0, 0, 13.52%, 0, 0, 6, 321.51, 396140, 458, 0, 0
1426, 44, 75, 76, 0, 0, 13.52%, 0, 0, 6, 31.25, 397650, 458, 0, 0
1431, 44, 17, 76, 0, 0, 13.52%, 0, 0, 6, 325.44, 399070, 458, 0, 0
1436, 44, 26, 76, 0, 0, 13.52%, 0, 0, 6, 317.86, 400294, 458, 0, 0
1441, 44, 75, 76, 0, 0, 13.52%, 0, 0, 6, 323.20, 401924, 458, 0, 0
1446, 44, 46, 76, 0, 0, 13.52%, 0, 0, 6, 299.50, 403137, 458, 0, 0
1452, 44, 6, 76, 0, 0, 13.52%, 0, 0, 6, 31.33, 404658, 458, 0, 0
1457, 44, 75, 76, 0, 0, 13.52%, 0, 0, 6, 285.48, 405997, 458, 0, 0
1462, 45, 2, 76, 0, 0, 13.52%, 0, 0, 6, 187.62, 407233, 458, 0, 0
1467, 45, 6, 76, 0, 0, 13.52%, 0, 0, 6, 297.41, 408902, 458, 0, 0
1472, 45, 6, 76, 0, 0, 13.52%, 0, 0, 6, 321.57, 410087, 458, 0, 0
1477, 45, 55, 76, 0, 0, 13.52%, 0, 0, 6, 314.64, 411751, 458, 0, 0
1482, 45, 12, 76, 0, 0, 13.52%, 0, 0, 6, 297.47, 413027, 458, 0, 0
1488, 45, 26, 76, 0, 0, 13.52%, 0, 0, 6, 305.87, 414278, 458, 0, 0
1493, 45, 12, 76, 0, 0, 13.52%, 0, 0, 6, 316.85, 415938, 458, 0, 0
1498, 46, 75, 76, 0, 0, 13.52%, 0, 0, 6, 323.14, 417140, 458, 0, 0
1503, 46, 75, 76, 0, 0, 13.52%, 0, 0, 6, 322.62, 418800, 458, 0, 0
1508, 46, 26, 76, 0, 0, 13.52%, 0, 0, 6, 324.96, 420050, 458, 0, 0
1513, 46, 7, 76, 0, 0, 13.52%, 0, 0, 6, 31.28, 421284, 458, 0, 0
1518, 46, 75, 76, 0, 0, 13.52%, 0, 0, 6, 328.16, 422885, 458, 0, 0
1523, 46, 11, 76, 0, 0, 13.52%, 0, 0, 6, 322.16, 424133, 458, 0, 0
1528, 46, 4, 76, 0, 0, 13.52%, 0, 0, 6, 321.24, 425791, 458, 0, 0
1534, 46, 72, 76, 0, 0, 13.52%, 0, 0, 6, 325.44, 427033, 458, 0, 0
1539, 46, 55, 76, 0, 0, 13.52%, 0, 0, 6, 31.33, 428422, 458, 0, 0
1544, 47, 12, 76, 0, 0, 13.52%, 0, 0, 6, 321.76, 429851, 458, 0, 0
1549, 47, 4, 76, 0, 0, 13.52%, 0, 0, 6, 316.31, 431063, 458, 0, 0
1554, 47, 75, 76, 0, 0, 13.52%, 0, 0, 6, 322.95, 432695, 458, 0, 0
1559, 47, 75, 76, 0, 0, 13.52%, 0, 0, 6, 323.61, 433939, 458, 0, 0
1564, 47, 75, 76, 0, 0, 13.52%, 0, 0, 6, 323.24, 435565, 458, 0, 0
1569, 47, 75, 76, 0, 0, 13.52%, 0, 0, 6, 317.58, 436813, 458, 0, 0
1574, 47, 37, 76, 0, 0, 13.52%, 0, 0, 6, 55.76, 438042, 458, 0, 0
1579, 48, 46, 76, 0, 0, 13.52%, 0, 0, 6, 322.45, 439657, 458, 0, 0
1585, 48, 4, 76, 0, 0, 13.52%, 0, 0, 6, 299.08, 440872, 458, 0, 0
1590, 48, 59, 76, 0, 0, 13.52%, 0, 0, 6, 318.79, 442563, 458, 0, 0
1595, 48, 59, 76, 0, 0, 13.52%, 0, 0, 6, 322.86, 443773, 458, 0, 0
1600, 48, 26, 76, 0, 0, 13.52%, 0, 0, 6, 31.25, 445233, 458, 0, 0
1605, 48, 7, 76, 0, 0, 13.52%, 0, 0, 6, 312.95, 446597, 458, 0, 0
1610, 48, 46, 76, 0, 0, 13.52%, 0, 0, 6, 327.80, 447785, 458, 0, 0
1615, 49, 7, 76, 0, 0, 13.52%, 0, 0, 6, 323.27, 449403, 458, 0, 0
1620, 49, 72, 76, 0, 0, 13.52%, 0, 0, 6, 270.75, 450603, 458, 0, 0
1625, 49, 5, 76, 0, 0, 13.52%, 0, 0, 6, 309.64, 452257, 458, 0, 0
1630, 49, 75, 76, 0, 0, 13.52%, 0, 0, 6, 323.12, 453503, 458, 0, 0
1635, 49, 39, 76, 0, 0, 13.52%, 0, 0, 6, 31.36, 454986, 458, 0, 0
1641, 49, 55, 76, 0, 0, 13.52%, 0, 0, 6, 281.24, 456433, 458, 0, 0
1646, 49, 28, 76, 0, 0, 13.52%, 0, 0, 6, 323.05, 457621, 458, 0, 0
1651, 50, 17, 76, 0, 0, 13.52%, 0, 0, 6, 323.41, 459303, 458, 0, 0
1656, 50, 7, 76, 0, 0, 13.52%, 0, 0, 6, 288.11, 460528, 458, 0, 0
1661, 50, 37, 76, 0, 0, 13.52%, 0, 0, 6, 316.37, 462185, 458, 0, 0
1666, 50, 75, 76, 0, 0, 13.52%, 0, 0, 6, 318.77, 463367, 458, 0, 0
1671, 50, 72, 76, 0, 0, 13.52%, 0, 0, 6, 31.66, 464845, 458, 0, 0
1676, 50, 20, 76, 0, 0, 13.52%, 0, 0, 6, 326.87, 466239, 458, 0, 0
1681, 50, 75, 76, 0, 0, 13.52%, 0, 0, 6, 290.02, 467448, 458, 0, 0
1686, 50, 26, 76, 0, 0, 13.52%, 0, 0, 6, 317.44, 469079, 458, 0, 0
1692, 51, 2, 76, 0, 0, 13.52%, 0, 0, 6, 316.93, 470297, 458, 0, 0
1697, 51, 2, 76, 0, 0, 13.52%, 0, 0, 6, 320.53, 471951, 458, 0, 0
1702, 51, 2, 76, 0, 0, 13.52%, 0, 0, 6, 324.78, 473203, 458, 0, 0
1707, 51, 28, 76, 0, 0, 13.52%, 0, 0, 6, 31.56, 474635, 458, 0, 0
1712, 51, 75, 76, 0, 0, 13.52%, 0, 0, 6, 320.46, 476065, 458, 0, 0
1717, 51, 6, 76, 0, 0, 13.52%, 0, 0, 6, 183.25, 477272, 458, 0, 0
1722, 51, 5, 76, 0, 0, 13.52%, 0, 0, 6, 295.06, 478943, 458, 0, 0
1727, 51, 51, 76, 0, 0, 13.52%, 0, 0, 6, 244.68, 480141, 458, 0, 0
1732, 51, 2, 76, 0, 0, 13.52%, 0, 0, 6, 302.25, 481715, 458, 0, 0
1737, 52, 75, 76, 0, 0, 13.52%, 0, 0, 6, 323.48, 482907, 458, 0, 0
1743, 52, 28, 76, 0, 0, 13.52%, 0, 0, 6, 31.17, 484446, 458, 0, 0
1748, 52, 4, 76, 0, 0, 13.52%, 0, 0, 6, 317.76, 485840, 458, 0, 0
1753, 52, 75, 76, 0, 0, 13.52%, 0, 0, 6, 174.96, 487059, 458, 0, 0
1758, 52, 75, 76, 0, 0, 13.52%, 0, 0, 6, 294.47, 488734, 458, 0, 0
1763, 52, 65, 76, 0, 0, 13.52%, 0, 0, 6, 328.03, 489934, 458, 0, 0
1768, 52, 12, 76, 0, 0, 13.52%, 0, 0, 6, 324.35, 491610, 458, 0, 0
1774, 53, 51, 76, 0, 0, 13.52%, 0, 0, 6, 320.27, 492858, 458, 0, 0
1779, 53, 75, 76, 0, 0, 13.52%, 0, 0, 6, 30.27, 494242, 458, 0, 0
1784, 53, 75, 76, 0, 0, 13.52%, 0, 0, 6, 307.23, 495704, 458, 0, 0
1789, 53, 9, 76, 0, 0, 13.52%, 0, 0, 6, 325.48, 496904, 458, 0, 0
1794, 53, 5, 76, 0, 0, 13.52%, 0, 0, 6, 324.30, 498534, 458, 0, 0
1799, 53, 26, 76, 0, 0, 13.52%, 0, 0, 6, 323.59, 499765, 458, 0, 0
1804, 53, 28, 76, 0, 0, 13.52%, 0, 0, 6, 310.08, 501411, 458, 0, 0
1809, 53, 75, 76, 0, 0, 13.52%, 0, 0, 6, 327.88, 502705, 458, 0, 0
1815, 54, 6, 76, 0, 0, 13.52%, 0, 0, 6, 30.43, 503945, 458, 0, 0
1820, 54, 39, 76, 0, 0, 13.52%, 0, 0, 6, 298.39, 505574, 458, 0, 0
1825, 54, 75, 76, 0, 0, 13.52%, 0, 0, 6, 333.51, 506805, 458, 0, 0
1830, 54, 75, 76, 0, 0, 13.52%, 0, 0, 6, 327.10, 508431, 458, 0, 0
1835, 54, 47, 76, 0, 0, 13.52%, 0, 0, 6, 291.86, 509630, 458, 0, 0
1840, 54, 6, 76, 0, 0, 13.52%, 0, 0, 6, 31.50, 511135, 458, 0, 0
1845, 54, 7, 76, 0, 0, 13.52%, 0, 0, 6, 321.52, 512565, 458, 0, 0
1850, 55, 51, 76, 0, 0, 13.52%, 0, 0, 6, 193.07, 513756, 458, 0, 0
1856, 55, 5, 76, 0, 0, 13.52%, 0, 0, 6, 293.20, 515390, 458, 0, 0
1861, 55, 75, 76, 0, 0, 13.52%, 0, 0, 6, 260.53, 516610, 458, 0, 0
1866, 55, 75, 76, 0, 0, 13.52%, 0, 0, 6, 308.77, 518257, 458, 0, 0
1871, 55, 55, 76, 0, 0, 13.52%, 0, 0, 6, 322.89, 519487, 458, 0, 0
1876, 55, 75, 76, 0, 0, 13.52%, 0, 0, 6, 46.60, 520734, 458, 0, 0
1881, 55, 75, 76, 0, 0, 13.52%, 0, 0, 6, 307.93, 522395, 458, 0, 0
1887, 55, 75, 76, 0, 0, 13.52%, 0, 0, 6, 313.25, 523631, 458, 0, 0
1892, 56, 75, 76, 0, 0, 13.52%, 0, 0, 6, 319.81, 525309, 458, 0, 0
1897, 56, 28, 76, 0, 0, 13.52%, 0, 0, 6, 320.84, 526510, 458, 0, 0
1902, 56, 26, 76, 0, 0, 13.52%, 0, 0, 6, 30.31, 527935, 458, 0, 0
1907, 56, 37, 76, 0, 0, 13.52%, 0, 0, 6, 291.43, 529385, 458, 0, 0
1912, 56, 55, 76, 0, 0, 13.52%, 0, 0, 6, 315.28, 530592, 458, 0, 0
1917, 56, 54, 76, 0, 0, 13.52%, 0, 0, 6, 317.68, 532248, 458, 0, 0
1923, 56, 75, 76, 0, 0, 13.52%, 0, 0, 6, 323.89, 533485, 458, 0, 0
1928, 56, 26, 76, 0, 0, 13.52%, 0, 0, 6, 323.53, 535115, 458, 0, 0
1933, 57, 59, 76, 0, 0, 13.52%, 0, 0, 6, 323.71, 536297, 458, 0, 0
1938, 57, 75, 76, 0, 0, 13.52%, 0, 0, 6, 31.50, 537921, 458, 0, 0
1943, 57, 74, 76, 0, 0, 13.52%, 0, 0, 6, 324.75, 539235, 458, 0, 0
1948, 57, 44, 76, 0, 0, 13.52%, 0, 0, 6, 268.66, 540468, 458, 0, 0
1953, 57, 28, 76, 0, 0, 13.52%, 0, 0, 6, 309.70, 542137, 458, 0, 0
1959, 57, 20, 76, 0, 0, 13.52%, 0, 0, 6, 319.30, 543361, 458, 0, 0
1964, 57, 26, 76, 0, 0, 13.52%, 0, 0, 6, 323.02, 545043, 458, 0, 0
1969, 58, 41, 76, 0, 0, 13.52%, 0, 0, 6, 317.25, 546243, 458, 0, 0
1974, 58, 75, 76, 0, 0, 13.52%, 0, 0, 6, 307.85, 547867, 458, 0, 0
1979, 58, 17, 76, 0, 0, 13.52%, 0, 0, 6, 321.02, 549179, 458, 0, 0
1984, 58, 75, 76, 0, 0, 13.52%, 0, 0, 6, 31.21, 550431, 458, 0, 0
1989, 58, 28, 76, 0, 0, 13.52%, 0, 0, 6, 324.21, 552003, 458, 0, 0
1995, 58, 75, 76, 0, 0, 13.52%, 0, 0, 6, 294.35, 553224, 458, 0, 0
2000, 58, 6, 76, 0, 0, 13.52%, 0, 0, 6, 318.95, 554915, 458, 0, 0
2005, 58, 75, 76, 0, 0, 13.52%, 0, 0, 6, 330.22, 556143, 458, 0, 0
2010, 58, 75, 76, 0, 0, 13.52%, 0, 0, 6, 323.37, 557795, 458, 0, 0
2015, 59, 26, 76, 0, 0, 13.52%, 0, 0, 6, 320.32, 559003, 458, 0, 0
2020, 59, 75, 76, 0, 0, 13.52%, 0, 0, 6, 311.44, 560655, 458, 0, 0
2025, 59, 75, 76, 0, 0, 13.52%, 0, 0, 6, 322.85, 561923, 458, 0, 0
2031, 59, 72, 76, 0, 0, 13.52%, 0, 0, 6, 31.45, 563189, 458, 0, 0
2036, 59, 2, 76, 0, 0, 13.52%, 0, 0, 6, 319.83, 564843, 458, 0, 0
2041, 59, 26, 76, 0, 0, 13.52%, 0, 0, 6, 268.50, 566035, 458, 0, 0
2046, 59, 5, 76, 0, 0, 13.52%, 0, 0, 6, 311.80, 567715, 458, 0, 0
2051, 59, 7, 76, 0, 0, 13.52%, 0, 0, 6, 286.73, 568910, 458, 0, 0
2056, 60, 75, 76, 0, 0, 13.52%, 0, 0, 6, 316.54, 570543, 458, 0, 0
2061, 60, 7, 76, 0, 0, 13.52%, 0, 0, 6, 259.33, 571765, 458, 0, 0
2066, 60, 5, 76, 0, 0, 13.52%, 0, 0, 6, 308.38, 573412, 458, 0, 0
2071, 60, 17, 76, 0, 0, 13.52%, 0, 0, 6, 323.96, 574630, 458, 0, 0
2076, 60, 17, 76, 0, 0, 13.52%, 0, 0, 6, 31.36, 576004, 458, 0, 0
2081, 60, 12, 76, 0, 0, 13.52%, 0, 0, 6, 325.86, 577454, 458, 0, 0
2086, 60, 26, 76, 0, 0, 13.52%, 0, 0, 6, 305.84, 578666, 458, 0, 0
2092, 60, 28, 76, 0, 0, 13.52%, 0, 0, 6, 320.51, 580354, 458, 0, 0
2097, 61, 2, 76, 0, 0, 13.52%, 0, 0, 6, 279.28, 581560, 458, 0, 0
2102, 61, 54, 76, 0, 0, 13.52%, 0, 0, 6, 313.15, 583232, 458, 0, 0
2107, 61, 1, 76, 0, 0, 13.52%, 0, 0, 6, 333.97, 584484, 458, 0, 0
2112, 61, 6, 76, 0, 0, 13.52%, 0, 0, 6, 323.71, 586154, 458, 0, 0
2117, 61, 6, 76, 0, 0, 13.52%, 0, 0, 6, 320.69, 587399, 458, 0, 0
2123, 61, 75, 76, 0, 0, 13.52%, 0, 0, 6, 31.58, 588891, 458, 0, 0
2128, 61, 26, 76, 0, 0, 13.52%, 0, 0, 6, 282.07, 590335, 458, 0, 0
2133, 61, 27, 76, 0, 0, 13.52%, 0, 0, 6, 37.09, 591515, 458, 0, 0
2138, 62, 54, 76, 0, 0, 13.52%, 0, 0, 6, 321.57, 593130, 458, 0, 0
2143, 62, 75, 76, 0, 0, 13.52%, 0, 0, 6, 313.89, 594348, 458, 0, 0
2148, 62, 5, 76, 0, 0, 13.52%, 0, 0, 6, 319.09, 595960, 458, 0, 0
2153, 62, 54, 76, 0, 0, 13.52%, 0, 0, 6, 275.07, 597195, 458, 0, 0
2158, 62, 20, 76, 0, 0, 13.52%, 0, 0, 6, 310.71, 598806, 458, 0, 0
2163, 62, 75, 76, 0, 0, 13.52%, 0, 0, 6, 316.74, 600056, 458, 0, 0
2169, 62, 2, 76, 0, 0, 13.52%, 0, 0, 6, 314.64, 601690, 458, 0, 0
2174, 62, 28, 76, 0, 0, 13.52%, 0, 0, 6, 274.22, 602965, 458, 0, 0
2179, 63, 75, 76, 0, 0, 13.52%, 0, 0, 6, 30.95, 604296, 458, 0, 0
2184, 63, 75, 76, 0, 0, 13.52%, 0, 0, 6, 299.97, 605820, 458, 0, 0
2189, 63, 4, 76, 0, 0, 13.52%, 0, 0, 6, 38.67, 607047, 458, 0, 0
2194, 63, 14, 76, 0, 0, 13.52%, 0, 0, 6, 320.33, 608654, 458, 0, 0
2199, 63, 6, 76, 0, 0, 13.52%, 0, 0, 6, 317.84, 609872, 458, 0, 0
2204, 63, 6, 76, 0, 0, 13.52%, 0, 0, 6, 324.18, 611566, 458, 0, 0
2209, 63, 72, 76, 0, 0, 13.52%, 0, 0, 6, 250.41, 612776, 458, 0, 0
2214, 64, 9, 76, 0, 0, 13.52%, 0, 0, 6, 305.27, 614336, 458, 0, 0
2220, 64, 75, 76, 0, 0, 13.52%, 0, 0, 6, 320.42, 615570, 458, 0, 0
2225, 64, 7, 76, 0, 0, 13.52%, 0, 0, 6, 30.77, 616881, 458, 0, 0
2230, 64, 75, 76, 0, 0, 13.52%, 0, 0, 6, 323.72, 618390, 458, 0, 0
2235, 64, 12, 76, 0, 0, 13.52%, 0, 0, 6, 299.92, 619510, 458, 0, 0
2240, 64, 75, 76, 0, 0, 13.52%, 0, 0, 6, 31.53, 620778, 458, 0, 0
2245, 64, 6, 76, 0, 0, 13.52%, 0, 0, 6, 31.12, 622004, 458, 0, 0
2250, 64, 75, 76, 0, 0, 13.52%, 0, 0, 6, 325.89, 623338, 458, 0, 0
2255, 64, 75, 76, 0, 0, 13.52%, 0, 0, 6, 315.80, 624284, 458, 0, 0
2260, 64, 21, 76, 0, 0, 13.52%, 0, 0, 6, 326.94, 625254, 458, 0, 0
2265, 65, 43, 76, 0, 0, 13.52%, 0, 0, 6, 35.10, 626524, 458, 0, 0
2270, 65, 5, 76, 0, 0, 13.52%, 0, 0, 6, 281.23, 627765, 458, 0, 0
2276, 65, 75, 76, 0, 0, 13.52%, 0, 0, 6, 320.10, 628666, 458, 0, 0
2281, 65, 5, 76, 0, 0, 13.52%, 0, 0, 6, 323.31, 629484, 458, 0, 0
2286, 65, 75, 76, 0, 0, 13.52%, 0, 0, 6, 31.50, 630549, 458, 0, 0
2291, 65, 64, 76, 0, 0, 13.52%, 0, 0, 6, 31.45, 631751, 458, 0, 0
2296, 65, 2, 76, 0, 0, 13.52%, 0, 0, 6, 326.81, 632912, 458, 0, 0
2301, 65, 75, 76, 0, 0, 13.52%, 0, 0, 6, 312.39, 633648, 458, 0, 0
2306, 65, 12, 76, 0, 0, 13.52%, 0, 0, 6, 320.82, 634478, 458, 0, 0
2311, 65, 75, 76, 0, 0, 13.52%, 0, 0, 6, 36.86, 635277, 458, 0, 0
2317, 65, 55, 76, 0, 0, 13.52%, 0, 0, 6, 44.48, 636275, 458, 0, 0
2322, 65, 18, 76, 0, 0, 13.52%, 0, 0, 6, 31.55, 637318, 458, 0, 0
2327, 66, 2, 76, 0, 0, 13.52%, 0, 0, 6, 31.15, 638370, 458, 0, 0
2332, 66, 75, 76, 0, 0, 13.52%, 0, 0, 6, 323.83, 639328, 458, 0, 0
2337, 66, 17, 76, 0, 0, 13.52%, 0, 0, 6, 318.91, 640036, 458, 0, 0
2342, 66, 49, 76, 0, 0, 13.52%, 0, 0, 6, 317.19, 640820, 458, 0, 0
2348, 66, 75, 76, 0, 0, 13.52%, 0, 0, 6, 30.66, 641507, 458, 0, 0
2353, 66, 62, 76, 0, 0, 13.52%, 0, 0, 6, 30.84, 642452, 458, 0, 0
2358, 66, 75, 76, 0, 0, 13.52%, 0, 0, 6, 44.17, 643407, 458, 0, 0
2363, 66, 20, 76, 0, 0, 13.52%, 0, 0, 6, 317.48, 644372, 458, 0, 0
2368, 66, 26, 76, 0, 0, 13.52%, 0, 0, 6, 293.28, 645185, 458, 0, 0
2373, 66, 75, 76, 0, 0, 13.52%, 0, 0, 6, 269.27, 645840, 458, 0, 0
2378, 66, 13, 76, 0, 0, 13.52%, 0, 0, 6, 321.73, 646566, 458, 0, 0
2383, 66, 75, 76, 0, 0, 13.52%, 0, 0, 6, 30.75, 647355, 458, 0, 0
2389, 66, 75, 76, 0, 0, 13.52%, 0, 0, 6, 30.88, 648269, 458, 0, 0
2394, 67, 75, 76, 0, 0, 13.52%, 0, 0, 6, 31.48, 649193, 458, 0, 0
2399, 67, 5, 76, 0, 0, 13.52%, 0, 0, 6, 246.60, 650095, 458, 0, 0
2404, 67, 75, 76, 0, 0, 13.52%, 0, 0, 6, 322.89, 650828, 458, 0, 0
2409, 67, 75, 76, 0, 0, 13.52%, 0, 0, 6, 280.06, 651395, 458, 0, 0
2414, 67, 0, 76, 0, 0, 13.52%, 0, 0, 6, 30.49, 652069, 458, 0, 0
2419, 67, 75, 76, 0, 0, 13.52%, 0, 0, 6, 31.32, 652947, 458, 0, 0
2424, 67, 28, 76, 0, 0, 13.52%, 0, 0, 6, 31.39, 653797, 458, 0, 0
2429, 67, 6, 76, 0, 0, 13.52%, 0, 0, 6, 31.16, 654685, 458, 0, 0
2435, 67, 4, 76, 0, 0, 13.52%, 0, 0, 6, 319.10, 655530, 458, 0, 0
2440, 67, 17, 76, 0, 0, 13.52%, 0, 0, 6, 319.03, 656142, 458, 0, 0
2445, 67, 17, 76, 0, 0, 13.52%, 0, 0, 6, 333.96, 656806, 458, 0, 0
2450, 67, 75, 76, 0, 0, 13.52%, 0, 0, 6, 31.55, 657422, 458, 0, 0
2455, 68, 54, 76, 0, 0, 13.52%, 0, 0, 6, 31.41, 658315, 458, 0, 0
2460, 68, 20, 76, 0, 0, 13.52%, 0, 0, 6, 31.57, 659160, 458, 0, 0
2465, 68, 75, 76, 0, 0, 13.52%, 0, 0, 6, 31.64, 660027, 458, 0, 0
2470, 68, 75, 76, 0, 0, 13.52%, 0, 0, 6, 329.20, 660814, 458, 0, 0
2475, 68, 75, 76, 0, 0, 13.52%, 0, 0, 6, 228.96, 661444, 458, 0, 0
2480, 68, 46, 76, 0, 0, 13.52%, 0, 0, 6, 330.00, 662018, 458, 0, 0
2486, 68, 6, 76, 0, 0, 13.52%, 0, 0, 6, 43.24, 662745, 458, 0, 0
2491, 68, 75, 76, 0, 0, 13.52%, 0, 0, 6, 31.50, 663661, 458, 0, 0
2496, 68, 75, 76, 0, 0, 13.52%, 0, 0, 6, 274.50, 664535, 458, 0, 0
2501, 68, 28, 76, 0, 0, 13.52%, 0, 0, 6, 320.71, 665006, 458, 0, 0
2506, 68, 74, 76, 0, 0, 13.52%, 0, 0, 6, 30.81, 665657, 458, 0, 0
2511, 68, 7, 76, 0, 0, 13.52%, 0, 0, 6, 30.98, 666555, 458, 0, 0
2517, 68, 6, 76, 0, 0, 13.52%, 0, 0, 6, 31.25, 667475, 458, 0, 0
2522, 68, 51, 76, 0, 0, 13.52%, 0, 0, 6, 278.27, 668040, 458, 0, 0
2527, 68, 12, 76, 0, 0, 13.52%, 0, 0, 6, 35.18, 668554, 458, 0, 0
2532, 69, 26, 76, 0, 0, 13.52%, 0, 0, 6, 39.48, 669454, 458, 0, 0
2537, 69, 4, 76, 0, 0, 13.52%, 0, 0, 6, 30.62, 670310, 458, 0, 0
2542, 69, 20, 76, 0, 0, 13.52%, 0, 0, 6, 317.27, 671142, 458, 0, 0
2547, 69, 5, 76, 0, 0, 13.52%, 0, 0, 6, 238.91, 671584, 458, 0, 0
2552, 69, 20, 76, 0, 0, 13.52%, 0, 0, 6, 31.07, 672218, 458, 0, 0
2557, 69, 75, 76, 0, 0, 13.52%, 0, 0, 6, 31.61, 673115, 458, 0, 0
2563, 69, 75, 76, 0, 0, 13.52%, 0, 0, 6, 31.55, 674030, 458, 0, 0
2568, 69, 39, 76, 0, 0, 13.52%, 0, 0, 6, 335.70, 674706, 458, 0, 0
2573, 69, 59, 76, 0, 0, 13.52%, 0, 0, 6, 329.09, 675260, 458, 0, 0
2578, 69, 6, 76, 0, 0, 13.52%, 0, 0, 6, 31.40, 675914, 458, 0, 0
2583, 69, 4, 76, 0, 0, 13.52%, 0, 0, 6, 31.38, 676751, 458, 0, 0
2588, 69, 20, 76, 0, 0, 13.52%, 0, 0, 6, 30.68, 677613, 458, 0, 0
2593, 69, 7, 76, 0, 0, 13.52%, 0, 0, 6, 244.00, 678396, 458, 0, 0
2599, 70, 72, 76, 0, 0, 13.52%, 0, 0, 6, 335.75, 678906, 458, 0, 0
2604, 70, 28, 76, 0, 0, 13.52%, 0, 0, 6, 31.26, 679488, 458, 0, 0
2609, 70, 74, 76, 0, 0, 13.52%, 0, 0, 6, 31.37, 680341, 458, 0, 0
2614, 70, 7, 76, 0, 0, 13.52%, 0, 0, 6, 31.59, 681196, 458, 0, 0
2619, 70, 75, 76, 0, 0, 13.52%, 0, 0, 6, 308.95, 682012, 458, 0, 0
2624, 70, 5, 76, 0, 0, 13.52%, 0, 0, 6, 251.00, 682640, 458, 0, 0
2629, 70, 75, 76, 0, 0, 13.52%, 0, 0, 6, 328.73, 683212, 458, 0, 0
2634, 70, 28, 76, 0, 0, 13.52%, 0, 0, 6, 31.43, 683848, 458, 0, 0
2639, 70, 55, 76, 0, 0, 13.52%, 0, 0, 6, 31.36, 684666, 458, 0, 0
2644, 70, 75, 76, 0, 0, 13.52%, 0, 0, 6, 31.56, 685489, 458, 0, 0
2649, 70, 6, 76, 0, 0, 13.52%, 0, 0, 6, 30.54, 686330, 458, 0, 0
2655, 70, 5, 76, 0, 0, 13.52%, 0, 0, 6, 281.19, 687130, 458, 0, 0
2660, 70, 20, 76, 0, 0, 13.52%, 0, 0, 6, 299.42, 687720, 458, 0, 0
2665, 70, 55, 76, 0, 0, 13.52%, 0, 0, 6, 230.10, 688291, 458, 0, 0
2670, 70, 4, 76, 0, 0, 13.52%, 0, 0, 6, 31.34, 688933, 458, 0, 0
2675, 71, 5, 76, 0, 0, 13.52%, 0, 0, 6, 31.17, 689751, 458, 0, 0
2680, 71, 22, 76, 0, 0, 13.52%, 0, 0, 6, 30.87, 690552, 458, 0, 0
2686, 71, 5, 76, 0, 0, 13.52%, 0, 0, 6, 31.45, 691402, 458, 0, 0
2691, 71, 75, 76, 0, 0, 13.52%, 0, 0, 6, 308.87, 692131, 458, 0, 0
2696, 71, 36, 76, 0, 0, 13.52%, 0, 0, 6, 325.74, 692705, 458, 0, 0
2701, 71, 6, 76, 0, 0, 13.52%, 0, 0, 6, 205.77, 693253, 458, 0, 0
2706, 71, 75, 76, 0, 0, 13.52%, 0, 0, 6, 31.34, 693921, 458, 0, 0
2711, 71, 26, 76, 0, 0, 13.52%, 0, 0, 6, 31.67, 694756, 458, 0, 0
2716, 71, 74, 76, 0, 0, 13.52%, 0, 0, 6, 30.94, 695593, 458, 0, 0
2721, 71, 75, 76, 0, 0, 13.52%, 0, 0, 6, 31.33, 696384, 458, 0, 0
2726, 71, 75, 76, 0, 0, 13.52%, 0, 0, 6, 322.12, 696976, 458, 0, 0
2731, 71, 26, 76, 0, 0, 13.52%, 0, 0, 6, 31.44, 697422, 458, 0, 0
2736, 71, 5, 76, 0, 0, 13.52%, 0, 0, 6, 31.44, 698309, 458, 0, 0
2741, 71, 28, 76, 0, 0, 13.52%, 0, 0, 6, 31.26, 699181, 458, 0, 0
2747, 71, 12, 76, 0, 0, 13.52%, 0, 0, 6, 324.05, 699762, 458, 0, 0
2752, 71, 75, 76, 0, 0, 13.52%, 0, 0, 6, 35.90, 700216, 458, 0, 0
2757, 72, 6, 76, 0, 0, 13.52%, 0, 0, 6, 31.47, 701061, 458, 0, 0
2762, 72, 4, 76, 0, 0, 13.52%, 0, 0, 6, 31.63, 701954, 458, 0, 0
2767, 72, 55, 76, 0, 0, 13.52%, 0, 0, 6, 265.61, 702700, 458, 0, 0
2772, 72, 75, 76, 0, 0, 13.52%, 0, 0, 6, 318.58, 703212, 458, 0, 0
2777, 72, 75, 76, 0, 0, 13.52%, 0, 0, 6, 31.08, 703839, 458, 0, 0
2782, 72, 75, 76, 0, 0, 13.52%, 0, 0, 6, 38.52, 704696, 458, 0, 0
2788, 72, 26, 76, 0, 0, 13.52%, 0, 0, 6, 52.17, 705525, 458, 0, 0
2793, 72, 9, 76, 0, 0, 13.52%, 0, 0, 6, 322.79, 706174, 458, 0, 0
2798, 72, 75, 76, 0, 0, 13.52%, 0, 0, 6, 31.34, 706559, 458, 0, 0
2803, 72, 6, 76, 0, 0, 13.52%, 0, 0, 6, 31.42, 707438, 458, 0, 0
2808, 72, 72, 76, 0, 0, 13.52%, 0, 0, 6, 31.46, 708270, 458, 0, 0
2813, 72, 37, 76, 0, 0, 13.52%, 0, 0, 6, 62.34, 709116, 458, 0, 0
2818, 72, 4, 76, 0, 0, 13.52%, 0, 0, 6, 329.53, 709674, 458, 0, 0
2823, 72, 5, 76, 0, 0, 13.52%, 0, 0, 6, 31.43, 710151, 458, 0, 0
2828, 72, 75, 76, 0, 0, 13.52%, 0, 0, 6, 30.26, 710984, 458, 0, 0
2833, 73, 12, 76, 0, 0, 13.52%, 0, 0, 6, 30.66, 711831, 458, 0, 0
2839, 73, 74, 76, 0, 0, 13.52%, 0, 0, 6, 298.92, 712636, 458, 0, 0
2844, 73, 74, 76, 0, 0, 13.52%, 0, 0, 6, 241.79, 713190, 458, 0, 0
2849, 73, 12, 76, 0, 0, 13.52%, 0, 0, 6, 321.61, 713728, 458, 0, 0
2854, 73, 20, 76, 0, 0, 13.52%, 0, 0, 6, 31.46, 714413, 458, 0, 0
2859, 73, 20, 76, 0, 0, 13.52%, 0, 0, 6, 31.59, 715212, 458, 0, 0
2864, 73, 17, 76, 0, 0, 13.52%, 0, 0, 6, 30.45, 716000, 458, 0, 0
2869, 73, 6, 76, 0, 0, 13.52%, 0, 0, 6, 30.42, 716801, 458, 0, 0
2874, 73, 12, 76, 0, 0, 13.52%, 0, 0, 6, 326.58, 717516, 458, 0, 0
2879, 73, 75, 76, 0, 0, 13.52%, 0, 0, 6, 285.39, 718040, 458, 0, 0
2884, 73, 20, 76, 0, 0, 13.52%, 0, 0, 6, 30.42, 718560, 458, 0, 0
2890, 73, 2, 76, 0, 0, 13.52%, 0, 0, 6, 30.96, 719369, 458, 0, 0
2895, 73, 17, 76, 0, 0, 13.52%, 0, 0, 6, 30.70, 720165, 458, 0, 0
2900, 73, 75, 76, 0, 0, 13.52%, 0, 0, 6, 31.01, 720956, 458, 0, 0
2905, 73, 54, 76, 0, 0, 13.52%, 0, 0, 6, 31.25, 721756, 458, 0, 0
2910, 73, 12, 76, 0, 0, 13.52%, 0, 0, 6, 271.78, 722440, 458, 0, 0
2915, 74, 28, 76, 0, 0, 13.52%, 0, 0, 6, 282.84, 723010, 458, 0, 0
2920, 74, 55, 76, 0, 0, 13.52%, 0, 0, 6, 321.78, 723572, 458, 0, 0
2926, 74, 20, 76, 0, 0, 13.52%, 0, 0, 6, 31.30, 724324, 458, 0, 0
2931, 74, 75, 76, 0, 0, 13.52%, 0, 0, 6, 31.01, 725081, 458, 0, 0
2936, 74, 38, 76, 0, 0, 13.52%, 0, 0, 6, 30.51, 725891, 458, 0, 0
2941, 74, 5, 76, 0, 0, 13.52%, 0, 0, 6, 30.46, 726698, 458, 0, 0
2946, 74, 75, 76, 0, 0, 13.52%, 0, 0, 6, 288.24, 727140, 458, 0, 0
2951, 74, 11, 76, 0, 0, 13.52%, 0, 0, 6, 31.19, 727708, 458, 0, 0
2956, 74, 26, 76, 0, 0, 13.52%, 0, 0, 6, 42.60, 728572, 458, 0, 0
2961, 74, 17, 76, 0, 0, 13.52%, 0, 0, 6, 31.41, 729486, 458, 0, 0
2966, 74, 75, 76, 0, 0, 13.52%, 0, 0, 6, 324.20, 729960, 458, 0, 0
2972, 74, 28, 76, 0, 0, 13.52%, 0, 0, 6, 31.18, 730554, 458, 0, 0
2977, 74, 28, 76, 0, 0, 13.52%, 0, 0, 6, 31.52, 731423, 458, 0, 0
2982, 74, 75, 76, 0, 0, 13.52%, 0, 0, 6, 31.58, 732292, 458, 0, 0
2987, 75, 75, 76, 0, 0, 13.52%, 0, 0, 6, 243.14, 732850, 458, 0, 0
2992, 75, 50, 76, 0, 0, 13.52%, 0, 0, 6, 30.50, 733292, 458, 0, 0
2997, 75, 54, 76, 0, 0, 13.52%, 0, 0, 6, 31.45, 734174, 458, 0, 0
3002, 75, 75, 76, 0, 0, 13.52%, 0, 0, 6, 31.35, 735031, 458, 0, 0
3007, 75, 13, 76, 0, 0, 13.52%, 0, 0, 6, 289.99, 735845, 458, 0, 0
3013, 75, 6, 76, 0, 0, 13.52%, 0, 0, 6, 328.33, 736362, 458, 0, 0
3018, 75, 74, 76, 0, 0, 13.52%, 0, 0, 6, 31.33, 736873, 458, 0, 0
3023, 75, 75, 76, 0, 0, 13.52%, 0, 0, 6, 34.65, 737758, 458, 0, 0
3028, 75, 75, 76, 0, 0, 13.52%, 0, 0, 6, 31.12, 738594, 458, 0, 0
3033, 75, 75, 76, 0, 0, 13.52%, 0, 0, 6, 258.22, 739395, 458, 0, 0
3038, 75, 75, 76, 0, 0, 13.52%, 0, 0, 6, 326.24, 739834, 458, 0, 0
3043, 75, 20, 76, 0, 0, 13.52%, 0, 0, 6, 31.40, 740471, 458, 0, 0
3048, 75, 26, 76, 0, 0, 13.52%, 0, 0, 6, 30.86, 741326, 458, 0, 0
3054, 75, 5, 76, 0, 0, 13.52%, 0, 0, 6, 31.18, 742174, 458, 0, 0
3059, 75, 75, 76, 0, 0, 13.52%, 0, 0, 6, 316.16, 742988, 458, 0, 0
3064, 75, 46, 76, 0, 0, 13.52%, 0, 0, 6, 278.10, 743615, 458, 0, 0
3069, 76, 75, 76, 0, 0, 13.52%, 0, 0, 6, 335.18, 744150, 458, 0, 0
3074, 76, 59, 76, 0, 0, 13.52%, 0, 0, 6, 31.39, 744789, 458, 0, 0
3080, 76, 6, 76, 0, 0, 13.52%, 0, 0, 6, 31.48, 745608, 458, 0, 0
3085, 76, 75, 76, 0, 0, 13.52%, 0, 0, 6, 31.51, 746463, 458, 0, 0
3090, 76, 59, 76, 0, 0, 13.52%, 0, 0, 6, 296.91, 747316, 458, 0, 0
3095, 76, 75, 76, 0, 0, 13.52%, 0, 0, 6, 268.69, 747945, 458, 0, 0
3100, 76, 42, 76, 0, 0, 13.52%, 0, 0, 6, 320.47, 748510, 458, 0, 0
3105, 76, 5, 76, 0, 0, 13.52%, 0, 0, 6, 31.39, 749072, 458, 0, 0
3110, 76, 12, 76, 0, 0, 13.52%, 0, 0, 6, 30.77, 749900, 458, 0, 0
3115, 76, 75, 76, 0, 0, 13.52%, 0, 0, 6, 31.57, 750712, 458, 0, 0
3121, 76, 20, 76, 0, 0, 13.52%, 0, 0, 6, 31.38, 751548, 458, 0, 0
3126, 76, 4, 76, 0, 0, 13.52%, 0, 0, 6, 317.97, 752392, 458, 0, 0
3131, 77, 28, 76, 0, 0, 13.52%, 0, 0, 6, 322.40, 754016, 458, 0, 0
3136, 77, 12, 76, 0, 0, 13.52%, 0, 0, 6, 322.23, 755646, 458, 0, 0
3141, 77, 4, 76, 0, 0, 13.52%, 0, 0, 6, 319.65, 757292, 458, 0, 0
3146, 77, 26, 76, 0, 0, 13.52%, 0, 0, 6, 270.82, 758645, 458, 0, 0
3151, 77, 73, 76, 0, 0, 13.52%, 0, 0, 6, 299.05, 760180, 458, 0, 0
3156, 77, 20, 76, 0, 0, 13.52%, 0, 0, 6, 301.73, 761710, 458, 0, 0
3161, 78, 6, 76, 0, 0, 13.52%, 0, 0, 6, 300.58, 763216, 458, 0, 0
3166, 78, 39, 76, 0, 0, 13.52%, 0, 0, 6, 298.23, 764774, 458, 0, 0
3171, 78, 75, 76, 0, 0, 13.52%, 0, 0, 6, 257.65, 766020, 458, 0, 0
3177, 78, 73, 76, 0, 0, 13.52%, 0, 0, 6, 293.34, 767555, 458, 0, 0
3182, 78, 11, 76, 0, 0, 13.52%, 0, 0, 6, 302.53, 769098, 458, 0, 0
3187, 78, 5, 76, 0, 0, 13.52%, 0, 0, 6, 304.02, 770637, 458, 0, 0
3192, 78, 6, 76, 0, 0, 13.52%, 0, 0, 6, 293.99, 772143, 458, 0, 0
3197, 79, 21, 76, 0, 0, 13.52%, 0, 0, 6, 291.25, 773585, 458, 0, 0
3202, 79, 7, 76, 0, 0, 13.52%, 0, 0, 6, 307.93, 775215, 458, 0, 0
3207, 79, 74, 76, 0, 0, 13.52%, 0, 0, 6, 314.80, 776849, 458, 0, 0
3212, 79, 2, 76, 0, 0, 13.52%, 0, 0, 6, 315.06, 778485, 458, 0, 0
3218, 79, 75, 76, 0, 0, 13.52%, 0, 0, 6, 292.86, 779924, 458, 0, 0
3223, 79, 7, 76, 0, 0, 13.52%, 0, 0, 6, 311.81, 781561, 458, 0, 0
3228, 79, 75, 76, 0, 0, 13.52%, 0, 0, 6, 314.70, 783187, 458, 0, 0
3233, 80, 7, 76, 0, 0, 13.52%, 0, 0, 6, 314.87, 784767, 458, 0, 0
3238, 80, 12, 76, 0, 0, 13.52%, 0, 0, 6, 300.07, 786250, 458, 0, 0
3243, 80, 75, 76, 0, 0, 13.52%, 0, 0, 6, 311.78, 787894, 458, 0, 0
3248, 80, 55, 76, 0, 0, 13.52%, 0, 0, 6, 312.18, 789512, 458, 0, 0
3253, 80, 17, 76, 0, 0, 13.52%, 0, 0, 6, 315.35, 791090, 458, 0, 0
3259, 80, 75, 76, 0, 0, 13.52%, 0, 0, 6, 298.49, 792630, 458, 0, 0
3264, 80, 20, 76, 0, 0, 13.52%, 0, 0, 6, 307.10, 794193, 458, 0, 0
3269, 81, 12, 76, 0, 0, 13.52%, 0, 0, 6, 312.90, 795828, 458, 0, 0
3274, 81, 26, 76, 0, 0, 13.52%, 0, 0, 6, 313.18, 797456, 458, 0, 0
3279, 81, 75, 76, 0, 0, 13.52%, 0, 0, 6, 289.99, 798920, 458, 0, 0
3284, 81, 75, 76, 0, 0, 13.52%, 0, 0, 6, 315.63, 800590, 458, 0, 0
3289, 81, 67, 76, 0, 0, 13.52%, 0, 0, 6, 317.45, 802246, 458, 0, 0
3294, 81, 35, 76, 0, 0, 13.52%, 0, 0, 6, 313.62, 803816, 458, 0, 0
3299, 81, 75, 76, 0, 0, 13.52%, 0, 0, 6, 285.63, 805285, 458, 0, 0
3305, 82, 75, 76, 0, 0, 13.52%, 0, 0, 6, 313.50, 806934, 458, 0, 0
3310, 82, 2, 76, 0, 0, 13.52%, 0, 0, 6, 310.39, 808492, 458, 0, 0
3315, 82, 75, 76, 0, 0, 13.52%, 0, 0, 6, 314.81, 810122, 458, 0, 0
3320, 82, 75, 76, 0, 0, 13.52%, 0, 0, 6, 295.87, 811698, 458, 0, 0
3325, 82, 17, 76, 0, 0, 13.52%, 0, 0, 6, 309.69, 813292, 458, 0, 0
3330, 82, 26, 76, 0, 0, 13.52%, 0, 0, 6, 312.93, 814928, 458, 0, 0
3336, 83, 75, 76, 0, 0, 13.52%, 0, 0, 6, 314.16, 816552, 458, 0, 0
3341, 83, 75, 76, 0, 0, 13.52%, 0, 0, 6, 303.76, 818148, 458, 0, 0
3346, 83, 20, 76, 0, 0, 13.52%, 0, 0, 6, 311.86, 819734, 458, 0, 0
3351, 83, 75, 76, 0, 0, 13.52%, 0, 0, 6, 313.32, 821364, 458, 0, 0
3356, 83, 45, 76, 0, 0, 13.52%, 0, 0, 6, 316.32, 823004, 458, 0, 0
3361, 83, 51, 76, 0, 0, 13.52%, 0, 0, 6, 314.97, 824574, 458, 0, 0
3366, 83, 75, 76, 0, 0, 13.52%, 0, 0, 6, 30.23, 825690, 458, 0, 0
3371, 83, 75, 76, 0, 0, 13.52%, 0, 0, 6, 301.24, 827155, 458, 0, 0
3377, 84, 7, 76, 0, 0, 13.52%, 0, 0, 6, 221.58, 828398, 458, 0, 0
3382, 84, 6, 76, 0, 0, 13.52%, 0, 0, 6, 298.96, 830025, 458, 0, 0
3387, 84, 6, 76, 0, 0, 13.52%, 0, 0, 6, 316.24, 831698, 458, 0, 0
3392, 84, 17, 76, 0, 0, 13.52%, 0, 0, 6, 303.80, 832928, 458, 0, 0
3397, 84, 51, 76, 0, 0, 13.52%, 0, 0, 6, 316.16, 834586, 458, 0, 0
3402, 84, 75, 76, 0, 0, 13.52%, 0, 0, 6, 31.47, 835932, 458, 0, 0
3407, 84, 75, 76, 0, 0, 13.52%, 0, 0, 6, 326.39, 837498, 458, 0, 0
3412, 84, 6, 76, 0, 0, 13.52%, 0, 0, 6, 320.69, 839098, 458, 0, 0
3417, 85, 26, 76, 0, 0, 13.52%, 0, 0, 6, 298.20, 840335, 458, 0, 0
3423, 85, 75, 76, 0, 0, 13.52%, 0, 0, 6, 316.84, 841968, 458, 0, 0
3428, 85, 75, 76, 0, 0, 13.52%, 0, 0, 6, 193.09, 843195, 458, 0, 0
3433, 85, 7, 76, 0, 0, 13.52%, 0, 0, 6, 299.05, 844860, 458, 0, 0
3438, 85, 75, 76, 0, 0, 13.52%, 0, 0, 6, 310.76, 846446, 458, 0, 0
3443, 85, 51, 76, 0, 0, 13.52%, 0, 0, 6, 287.70, 847705, 458, 0, 0
3448, 85, 75, 76, 0, 0, 13.52%, 0, 0, 6, 314.92, 849382, 458, 0, 0
3453, 85, 75, 76, 0, 0, 13.52%, 0, 0, 6, 322.02, 850631, 458, 0, 0
3458, 86, 2, 76, 0, 0, 13.52%, 0, 0, 6, 321.96, 852247, 458, 0, 0
3463, 86, 75, 76, 0, 0, 13.52%, 0, 0, 6, 329.38, 853487, 458, 0, 0
3469, 86, 64, 76, 0, 0, 13.52%, 0, 0, 6, 321.93, 855151, 458, 0, 0
3474, 86, 75, 76, 0, 0, 13.52%, 0, 0, 6, 30.51, 856353, 458, 0, 0
3479, 86, 51, 76, 0, 0, 13.52%, 0, 0, 6, 320.30, 858025, 458, 0, 0
3484, 86, 3, 76, 0, 0, 13.52%, 0, 0, 6, 322.25, 859641, 458, 0, 0
3489, 87, 5, 76, 0, 0, 13.52%, 0, 0, 6, 318.61, 860862, 458, 0, 0
3494, 87, 46, 76, 0, 0, 13.52%, 0, 0, 6, 321.18, 862485, 458, 0, 0
3499, 87, 5, 76, 0, 0, 13.52%, 0, 0, 6, 321.08, 863697, 458, 0, 0
3504, 87, 46, 76, 0, 0, 13.52%, 0, 0, 6, 320.16, 865355, 458, 0, 0
3509, 87, 75, 76, 0, 0, 13.52%, 0, 0, 6, 261.53, 866596, 458, 0, 0
3514, 87, 55, 76, 0, 0, 13.52%, 0, 0, 6, 309.61, 868261, 458, 0, 0
3520, 87, 75, 76, 0, 0, 13.52%, 0, 0, 6, 307.52, 869515, 458, 0, 0
3525, 88, 20, 76, 0, 0, 13.52%, 0, 0, 6, 319.56, 871197, 458, 0, 0
3530, 88, 75, 76, 0, 0, 13.52%, 0, 0, 6, 35.33, 872427, 458, 0, 0
3535, 88, 20, 76, 0, 0, 13.52%, 0, 0, 6, 325.42, 874091, 458, 0, 0
3540, 88, 5, 76, 0, 0, 13.52%, 0, 0, 6, 31.23, 875498, 458, 0, 0
3545, 88, 5, 76, 0, 0, 13.52%, 0, 0, 6, 316.18, 876967, 458, 0, 0
3550, 88, 2, 76, 0, 0, 13.52%, 0, 0, 6, 310.69, 878555, 458, 0, 0
3555, 88, 72, 76, 0, 0, 13.52%, 0, 0, 6, 322.14, 879813, 458, 0, 0
3560, 88, 39, 76, 0, 0, 13.52%, 0, 0, 6, 324.40, 881455, 458, 0, 0
3566, 89, 6, 76, 0, 0, 13.52%, 0, 0, 6, 321.51, 882701, 458, 0, 0
3571, 89, 74, 76, 0, 0, 13.52%, 0, 0, 6, 321.83, 884369, 458, 0, 0
3576, 89, 54, 76, 0, 0, 13.52%, 0, 0, 6, 306.88, 885573, 458, 0, 0
3581, 89, 59, 76, 0, 0, 13.52%, 0, 0, 6, 320.34, 887249, 458, 0, 0
3586, 89, 75, 76, 0, 0, 13.52%, 0, 0, 6, 330.34, 888511, 458, 0, 0
3591, 89, 75, 76, 0, 0, 13.52%, 0, 0, 6, 325.86, 890131, 458, 0, 0
3596, 89, 5, 76, 0, 0, 13.52%, 0, 0, 6, 329.96, 891385, 458, 0, 0
3601, 89, 75, 76, 0, 0, 13.52%, 0, 0, 6, 325.62, 893013, 458, 0, 0
3607, 90, 17, 76, 0, 0, 13.52%, 0, 0, 6, 316.92, 894267, 458, 0, 0
3612, 90, 75, 76, 0, 0, 13.52%, 0, 0, 6, 325.71, 895929, 458, 0, 0
3617, 90, 17, 76, 0, 0, 13.52%, 0, 0, 6, 326.08, 897149, 458, 0, 0
3622, 90, 26, 76, 0, 0, 13.52%, 0, 0, 6, 324.31, 898785, 458, 0, 0
3627, 90, 20, 76, 0, 0, 13.52%, 0, 0, 6, 327.03, 900000, 458, 0, 0
3632, 90, 25, 76, 0, 0, 13.52%, 0, 0, 6, 322.91, 901667, 458, 0, 0
3637, 90, 75, 76, 0, 0, 13.52%, 0, 0, 6, 328.05, 902887, 458, 0, 0
3642, 91, 37, 76, 0, 0, 13.52%, 0, 0, 6, 323.10, 904513, 458, 0, 0
3647, 91, 11, 76, 0, 0, 13.52%, 0, 0, 6, 316.80, 905755, 458, 0, 0
3652, 91, 72, 76, 0, 0, 13.52%, 0, 0, 6, 302.31, 907297, 458, 0, 0
3657, 91, 12, 76, 0, 0, 13.52%, 0, 0, 6, 316.93, 908519, 458, 0, 0
3662, 91, 6, 76, 0, 0, 13.52%, 0, 0, 6, 318.03, 910167, 458, 0, 0
3668, 91, 26, 76, 0, 0, 13.52%, 0, 0, 6, 316.62, 911413, 458, 0, 0
3673, 91, 6, 76, 0, 0, 13.52%, 0, 0, 6, 322.39, 913085, 458, 0, 0
3678, 92, 75, 76, 0, 0, 13.52%, 0, 0, 6, 325.53, 914337, 458, 0, 0
3683, 92, 17, 76, 0, 0, 13.52%, 0, 0, 6, 321.70, 915943, 458, 0, 0
3688, 92, 51, 76, 0, 0, 13.52%, 0, 0, 6, 325.42, 917163, 458, 0, 0
3693, 92, 75, 76, 0, 0, 13.52%, 0, 0, 6, 322.51, 918839, 458, 0, 0
3698, 92, 75, 76, 0, 0, 13.52%, 0, 0, 6, 293.61, 920081, 458, 0, 0
3703, 92, 5, 76, 0, 0, 13.52%, 0, 0, 6, 315.27, 921697, 458, 0, 0
3709, 92, 6, 76, 0, 0, 13.52%, 0, 0, 6, 315.73, 922907, 458, 0, 0
3714, 92, 75, 76, 0, 0, 13.52%, 0, 0, 6, 323.00, 924593, 458, 0, 0
3719, 93, 2, 76, 0, 0, 13.52%, 0, 0, 6, 319.01, 925837, 458, 0, 0
3724, 93, 34, 76, 0, 0, 13.52%, 0, 0, 6, 322.14, 927461, 458, 0, 0
3729, 93, 65, 76, 0, 0, 13.52%, 0, 0, 6, 305.06, 928718, 458, 0, 0
3734, 93, 5, 76, 0, 0, 13.52%, 0, 0, 6, 31.26, 930107, 458, 0, 0
3739, 93, 26, 76, 0, 0, 13.52%, 0, 0, 6, 294.42, 931451, 458, 0, 0
3744, 93, 5, 76, 0, 0, 13.52%, 0, 0, 6, 285.73, 932550, 458, 0, 0
3750, 93, 67, 76, 0, 0, 13.52%, 0, 0, 6, 52.00, 933857, 458, 0, 0
3755, 94, 7, 76, 0, 0, 13.52%, 0, 0, 6, 312.12, 935205, 458, 0, 0
3760, 94, 59, 76, 0, 0, 13.52%, 0, 0, 6, 304.75, 936275, 458, 0, 0
3765, 94, 28, 76, 0, 0, 13.52%, 0, 0, 6, 324.70, 937235, 458, 0, 0
3770, 94, 75, 76, 0, 0, 13.52%, 0, 0, 6, 31.57, 938176, 458, 0, 0
3775, 94, 75, 76, 0, 0, 13.52%, 0, 0, 6, 46.70, 939620, 458, 0, 0
3780, 94, 75, 76, 0, 0, 13.52%, 0, 0, 6, 322.63, 940669, 458, 0, 0
3785, 94, 75, 76, 0, 0, 13.52%, 0, 0, 6, 301.85, 941481, 458, 0, 0
3790, 94, 2, 76, 0, 0, 13.52%, 0, 0, 6, 31.47, 942530, 458, 0, 0
3796, 94, 75, 76, 0, 0, 13.52%, 0, 0, 6, 31.15, 943776, 458, 0, 0
3801, 94, 26, 76, 0, 0, 13.52%, 0, 0, 6, 279.93, 944746, 458, 0, 0
3806, 95, 6, 76, 0, 0, 13.52%, 0, 0, 6, 320.33, 945535, 458, 0, 0
3811, 95, 67, 76, 0, 0, 13.52%, 0, 0, 6, 213.12, 946391, 458, 0, 0
3816, 95, 28, 76, 0, 0, 13.52%, 0, 0, 6, 31.22, 947299, 458, 0, 0
3821, 95, 75, 76, 0, 0, 13.52%, 0, 0, 6, 31.12, 948336, 458, 0, 0
3826, 95, 20, 76, 0, 0, 13.52%, 0, 0, 6, 30.39, 949401, 458, 0, 0
3832, 95, 28, 76, 0, 0, 13.52%, 0, 0, 6, 309.55, 950412, 458, 0, 0
3837, 95, 5, 76, 0, 0, 13.52%, 0, 0, 6, 328.22, 951248, 458, 0, 0
3842, 95, 75, 76, 0, 0, 13.52%, 0, 0, 6, 333.83, 951996, 458, 0, 0
3847, 95, 75, 76, 0, 0, 13.52%, 0, 0, 6, 286.27, 952762, 458, 0, 0
3852, 95, 26, 76, 0, 0, 13.52%, 0, 0, 6, 30.82, 953592, 458, 0, 0
3857, 95, 75, 76, 0, 0, 13.52%, 0, 0, 6, 31.16, 954558, 458, 0, 0
3862, 95, 54, 76, 0, 0, 13.52%, 0, 0, 6, 31.33, 955538, 458, 0, 0
3868, 95, 28, 76, 0, 0, 13.52%, 0, 0, 6, 321.34, 956442, 458, 0, 0
3873, 96, 55, 76, 0, 0, 13.52%, 0, 0, 6, 306.18, 957150, 458, 0, 0
3878, 96, 75, 76, 0, 0, 13.52%, 0, 0, 6, 334.51, 957824, 458, 0, 0
3883, 96, 75, 76, 0, 0, 13.52%, 0, 0, 6, 31.36, 958580, 458, 0, 0
3888, 96, 75, 76, 0, 0, 13.52%, 0, 0, 6, 38.28, 959534, 458, 0, 0
3893, 96, 75, 76, 0, 0, 13.52%, 0, 0, 6, 31.20, 960499, 458, 0, 0
3898, 96, 26, 76, 0, 0, 13.52%, 0, 0, 6, 330.49, 961336, 458, 0, 0
3903, 96, 20, 76, 0, 0, 13.52%, 0, 0, 6, 323.11, 961964, 458, 0, 0
3908, 96, 75, 76, 0, 0, 13.52%, 0, 0, 6, 280.00, 962565, 458, 0, 0
3914, 96, 7, 76, 0, 0, 13.52%, 0, 0, 6, 30.89, 963447, 458, 0, 0
3919, 96, 5, 76, 0, 0, 13.52%, 0, 0, 6, 30.67, 964330, 458, 0, 0
3924, 96, 75, 76, 0, 0, 13.52%, 0, 0, 6, 31.66, 965262, 458, 0, 0
3929, 96, 14, 76, 0, 0, 13.52%, 0, 0, 6, 259.96, 966157, 458, 0, 0
3934, 96, 31, 76, 0, 0, 13.52%, 0, 0, 6, 246.50, 966832, 458, 0, 0
3939, 96, 75, 76, 0, 0, 13.52%, 0, 0, 6, 318.29, 967436, 458, 0, 0
3945, 96, 74, 76, 0, 0, 13.52%, 0, 0, 6, 38.57, 968080, 458, 0, 0
3950, 96, 75, 76, 0, 0, 13.52%, 0, 0, 6, 31.24, 968934, 458, 0, 0
3955, 97, 26, 76, 0, 0, 13.52%, 0, 0, 6, 30.56, 969786, 458, 0, 0
3960, 97, 5, 76, 0, 0, 13.52%, 0, 0, 6, 31.07, 970651, 458, 0, 0
3965, 97, 75, 76, 0, 0, 13.52%, 0, 0, 6, 31.33, 971506, 458, 0, 0
3970, 97, 26, 76, 0, 0, 13.52%, 0, 0, 6, 322.43, 972270, 458, 0, 0
3976, 97, 28, 76, 0, 0, 13.52%, 0, 0, 6, 323.31, 972848, 458, 0, 0
3981, 97, 75, 76, 0, 0, 13.52%, 0, 0, 6, 173.27, 973451, 458, 0, 0
3986, 97, 7, 76, 0, 0, 13.52%, 0, 0, 6, 34.38, 974208, 458, 0, 0
3991, 97, 5, 76, 0, 0, 13.52%, 0, 0, 6, 31.46, 975037, 458, 0, 0
3996, 97, 64, 76, 0, 0, 13.52%, 0, 0, 6, 41.39, 975884, 458, 0, 0
4001, 97, 75, 76, 0, 0, 13.52%, 0, 0, 6, 31.41, 976730, 458, 0, 0
4006, 97, 75, 76, 0, 0, 13.52%, 0, 0, 6, 293.01, 977527, 458, 0, 0
4011, 97, 55, 76, 0, 0, 13.52%, 0, 0, 6, 323.43, 978058, 458, 0, 0
4017, 97, 75, 76, 0, 0, 13.52%, 0, 0, 6, 31.31, 978559, 458, 0, 0
4022, 97, 17, 76, 0, 0, 13.52%, 0, 0, 6, 31.43, 979450, 458, 0, 0
4027, 98, 5, 76, 0, 0, 13.52%, 0, 0, 6, 30.39, 980387, 458, 0, 0
4032, 98, 33, 76, 0, 0, 13.52%, 0, 0, 6, 329.00, 980970, 458, 0, 0
4037, 98, 20, 76, 0, 0, 13.52%, 0, 0, 6, 30.68, 981463, 458, 0, 0
4042, 98, 24, 76, 0, 0, 13.52%, 0, 0, 6, 31.55, 982333, 458, 0, 0
4047, 98, 75, 76, 0, 0, 13.52%, 0, 0, 6, 52.01, 983241, 458, 0, 0
4052, 98, 28, 76, 0, 0, 13.52%, 0, 0, 6, 318.76, 983900, 458, 0, 0
4057, 98, 75, 76, 0, 0, 13.52%, 0, 0, 6, 184.79, 984379, 458, 0, 0
4062, 98, 55, 76, 0, 0, 13.52%, 0, 0, 6, 31.37, 985194, 458, 0, 0
4067, 98, 75, 76, 0, 0, 13.52%, 0, 0, 6, 31.62, 986065, 458, 0, 0
4072, 98, 75, 76, 0, 0, 13.52%, 0, 0, 6, 271.67, 986937, 458, 0, 0
4077, 98, 20, 76, 0, 0, 13.52%, 0, 0, 6, 225.80, 987408, 458, 0, 0
4083, 98, 75, 76, 0, 0, 13.52%, 0, 0, 6, 31.00, 987987, 458, 0, 0
4088, 98, 6, 76, 0, 0, 13.52%, 0, 0, 6, 31.21, 988875, 458, 0, 0
4093, 98, 75, 76, 0, 0, 13.52%, 0, 0, 6, 30.51, 989751, 458, 0, 0
4098, 98, 26, 76, 0, 0, 13.52%, 0, 0, 6, 260.48, 990477, 458, 0, 0
4103, 98, 75, 76, 0, 0, 13.52%, 0, 0, 6, 249.18, 990896, 458, 0, 0
4108, 98, 17, 76, 0, 0, 13.52%, 0, 0, 6, 30.47, 991656, 458, 0, 0
4113, 99, 20, 76, 0, 0, 13.52%, 0, 0, 6, 31.40, 992524, 458, 0, 0
4118, 99, 75, 76, 0, 0, 13.52%, 0, 0, 6, 31.17, 993418, 458, 0, 0
4123, 99, 6, 76, 0, 0, 13.52%, 0, 0, 6, 278.04, 994057, 458, 0, 0
4129, 99, 6, 76, 0, 0, 13.52%, 0, 0, 6, 316.83, 994500, 458, 0, 0
4134, 99, 7, 76, 0, 0, 13.52%, 0, 0, 6, 30.11, 995314, 458, 0, 0
4139, 99, 13, 76, 0, 0, 13.52%, 0, 0, 6, 31.32, 996147, 458, 0, 0
4144, 99, 29, 76, 0, 0, 13.52%, 0, 0, 6, 31.25, 996972, 458, 0, 0
4149, 99, 75, 76, 0, 0, 13.52%, 0, 0, 6, 323.51, 997636, 458, 0, 0
4154, 99, 26, 76, 0, 0, 13.52%, 0, 0, 6, 326.39, 998164, 458, 0, 0
4159, 99, 75, 76, 0, 0, 13.52%, 0, 0, 6, 38.60, 998759, 458, 0, 0
4164, 99, 54, 76, 0, 0, 13.52%, 0, 0, 6, 36.30, 999594, 458, 0, 0
4169, 99, 12, 76, 0, 0, 13.52%, 0, 0, 6, 31.55, 1000393, 458, 0, 0
4174, 99, 15, 76, 0, 0, 13.52%, 0, 0, 6, 31.17, 1001181, 458, 0, 0
4179, 99, 75, 76, 0, 0, 13.52%, 0, 0, 6, 307.45, 1001912, 458, 0, 0
4184, 99, 75, 76, 0, 0, 13.52%, 0, 0, 6, 333.82, 1002406, 458, 0, 0
4190, 100, 2, 76, 0, 0, 13.52%, 0, 0, 6, 220.00, 1002960, 458, 0, 0
4195, 100, 12, 76, 0, 0, 13.52%, 0, 0, 6, 31.30, 1003686, 458, 0, 0
4200, 100, 55, 76, 0, 0, 13.52%, 0, 0, 6, 31.40, 1004488, 458, 0, 0
4205, 100, 67, 76, 0, 0, 13.52%, 0, 0, 6, 30.63, 1005279, 458, 0, 0
4210, 100, 6, 76, 0, 0, 13.52%, 0, 0, 6, 30.30, 1006102, 458, 0, 0
4215, 100, 12, 76, 0, 0, 13.52%, 0, 0, 6, 323.23, 1006742, 458, 0, 0
4220, 100, 60, 76, 0, 0, 13.52%, 0, 0, 6, 319.25, 1007336, 458, 0, 0
4225, 100, 5, 76, 0, 0, 13.52%, 0, 0, 6, 31.00, 1007838, 458, 0, 0
4230, 100, 5, 76, 0, 0, 13.52%, 0, 0, 6, 31.31, 1008628, 458, 0, 0
4236, 100, 75, 76, 0, 0, 13.52%, 0, 0, 6, 30.65, 1009396, 458, 0, 0
4241, 100, 31, 76, 0, 0, 13.52%, 0, 0, 6, 31.31, 1010296, 458, 0, 0
4246, 100, 75, 76, 0, 0, 13.52%, 0, 0, 6, 330.98, 1010972, 458, 0, 0
4251, 100, 2, 76, 0, 0, 13.52%, 0, 0, 6, 168.32, 1011376, 458, 0, 0
4256, 100, 75, 76, 0, 0, 13.52%, 0, 0, 6, 30.45, 1012218, 458, 0, 0
4261, 101, 12, 76, 0, 0, 13.52%, 0, 0, 6, 30.52, 1013079, 458, 0, 0
4266, 101, 6, 76, 0, 0, 13.52%, 0, 0, 6, 256.11, 1013882, 458, 0, 0
4271, 101, 6, 76, 0, 0, 13.52%, 0, 0, 6, 318.11, 1014324, 458, 0, 0
4277, 101, 75, 76, 0, 0, 13.52%, 0, 0, 6, 30.50, 1014980, 458, 0, 0
4282, 101, 28, 76, 0, 0, 13.52%, 0, 0, 6, 31.47, 1015831, 458, 0, 0
4287, 101, 75, 76, 0, 0, 13.52%, 0, 0, 6, 325.14, 1016692, 458, 0, 0
4292, 101, 20, 76, 0, 0, 13.52%, 0, 0, 6, 317.73, 1017164, 458, 0, 0
4297, 101, 75, 76, 0, 0, 13.52%, 0, 0, 6, 31.36, 1017771, 458, 0, 0
4302, 101, 5, 76, 0, 0, 13.52%, 0, 0, 6, 31.55, 1018603, 458, 0, 0
4307, 101, 2, 76, 0, 0, 13.52%, 0, 0, 6, 30.53, 1019462, 458, 0, 0
4312, 101, 5, 76, 0, 0, 13.52%, 0, 0, 6, 248.39, 1020132, 458, 0, 0
4317, 101, 6, 76, 0, 0, 13.52%, 0, 0, 6, 329.42, 1020606, 458, 0, 0
4323, 101, 75, 76, 0, 0, 13.52%, 0, 0, 6, 30.47, 1021371, 458, 0, 0
4328, 101, 29, 76, 0, 0, 13.52%, 0, 0, 6, 31.18, 1022237, 458, 0, 0
4333, 101, 75, 76, 0, 0, 13.52%, 0, 0, 6, 51.87, 1023076, 458, 0, 0
4338, 101, 75, 76, 0, 0, 13.52%, 0, 0, 6, 323.99, 1023682, 458, 0, 0
4343, 102, 55, 76, 0, 0, 13.52%, 0, 0, 6, 335.00, 1024161, 458, 0, 0
4348, 102, 75, 76, 0, 0, 13.52%, 0, 0, 6, 30.66, 1024903, 458, 0, 0
4353, 102, 75, 76, 0, 0, 13.52%, 0, 0, 6, 31.38, 1025778, 458, 0, 0
4358, 102, 75, 76, 0, 0, 13.52%, 0, 0, 6, 36.36, 1026630, 458, 0, 0
4363, 102, 51, 76, 0, 0, 13.52%, 0, 0, 6, 268.46, 1027192, 458, 0, 0
4368, 102, 24, 76, 0, 0, 13.52%, 0, 0, 6, 30.97, 1027649, 458, 0, 0
4373, 102, 26, 76, 0, 0, 13.52%, 0, 0, 6, 30.48, 1028454, 458, 0, 0
4379, 102, 6, 76, 0, 0, 13.52%, 0, 0, 6, 31.63, 1029299, 458, 0, 0
4384, 102, 20, 76, 0, 0, 13.52%, 0, 0, 6, 31.27, 1030111, 458, 0, 0
4389, 102, 20, 76, 0, 0, 13.52%, 0, 0, 6, 36.53, 1030900, 458, 0, 0
4394, 102, 75, 76, 0, 0, 13.52%, 0, 0, 6, 327.35, 1031482, 458, 0, 0
4399, 102, 12, 76, 0, 0, 13.52%, 0, 0, 6, 312.64, 1032024, 458, 0, 0
4404, 102, 61, 76, 0, 0, 13.52%, 0, 0, 6, 31.33, 1032690, 458, 0, 0
4409, 102, 26, 76, 0, 0, 13.52%, 0, 0, 6, 30.79, 1033521, 458, 0, 0
4414, 103, 26, 76, 0, 0, 13.52%, 0, 0, 6, 30.99, 1034323, 458, 0, 0
4419, 103, 75, 76, 0, 0, 13.52%, 0, 0, 6, 30.30, 1035144, 458, 0, 0
4424, 103, 17, 76, 0, 0, 13.52%, 0, 0, 6, 294.48, 1035888, 458, 0, 0
4430, 103, 6, 76, 0, 0, 13.52%, 0, 0, 6, 256.33, 1036458, 458, 0, 0
4435, 103, 75, 76, 0, 0, 13.52%, 0, 0, 6, 333.43, 1037054, 458, 0, 0
4440, 103, 5, 76, 0, 0, 13.52%, 0, 0, 6, 31.18, 1037746, 458, 0, 0
4445, 103, 7, 76, 0, 0, 13.52%, 0, 0, 6, 30.90, 1038542, 458, 0, 0
4450, 103, 6, 76, 0, 0, 13.52%, 0, 0, 6, 30.41, 1039372, 458, 0, 0
4455, 103, 6, 76, 0, 0, 13.52%, 0, 0, 6, 31.25, 1040192, 458, 0, 0
4460, 103, 8, 76, 0, 0, 13.52%, 0, 0, 6, 269.44, 1040983, 458, 0, 0
4466, 103, 75, 76, 0, 0, 13.52%, 0, 0, 6, 204.06, 1041422, 458, 0, 0
4471, 103, 20, 76, 0, 0, 13.52%, 0, 0, 6, 31.46, 1042097, 458, 0, 0
4476, 103, 34, 76, 0, 0, 13.52%, 0, 0, 6, 31.41, 1042967, 458, 0, 0
4481, 103, 20, 76, 0, 0, 13.52%, 0, 0, 6, 30.72, 1043837, 458, 0, 0
4486, 103, 26, 76, 0, 0, 13.52%, 0, 0, 6, 260.76, 1044403, 458, 0, 0
4491, 103, 75, 76, 0, 0, 13.52%, 0, 0, 6, 31.43, 1044865, 458, 0, 0
4496, 104, 6, 76, 0, 0, 13.52%, 0, 0, 6, 31.41, 1045737, 458, 0, 0
4501, 104, 26, 76, 0, 0, 13.52%, 0, 0, 6, 30.38, 1046599, 458, 0, 0
4506, 104, 75, 76, 0, 0, 13.52%, 0, 0, 6, 260.54, 1047388, 458, 0, 0
4511, 104, 55, 76, 0, 0, 13.52%, 0, 0, 6, 230.00, 1047898, 458, 0, 0
4517, 104, 75, 76, 0, 0, 13.52%, 0, 0, 6, 30.82, 1048501, 458, 0, 0
4522, 104, 61, 76, 0, 0, 13.52%, 0, 0, 6, 40.63, 1049351, 458, 0, 0
4527, 104, 26, 76, 0, 0, 13.52%, 0, 0, 6, 31.54, 1050230, 458, 0, 0
4532, 104, 75, 76, 0, 0, 13.52%, 0, 0, 6, 294.52, 1050933, 458, 0, 0
4537, 104, 1, 76, 0, 0, 13.52%, 0, 0, 6, 323.38, 1051353, 458, 0, 0
4542, 104, 20, 76, 0, 0, 13.52%, 0, 0, 6, 31.27, 1052128, 458, 0, 0
4547, 104, 4, 76, 0, 0, 13.52%, 0, 0, 6, 31.53, 1053028, 458, 0, 0
4552, 104, 4, 76, 0, 0, 13.52%, 0, 0, 6, 30.85, 1053862, 458, 0, 0
4557, 104, 6, 76, 0, 0, 13.52%, 0, 0, 6, 280.78, 1054558, 458, 0, 0
4562, 104, 29, 76, 0, 0, 13.52%, 0, 0, 6, 325.62, 1055004, 458, 0, 0
4568, 104, 7, 76, 0, 0, 13.52%, 0, 0, 6, 31.28, 1055735, 458, 0, 0
4573, 105, 26, 76, 0, 0, 13.52%, 0, 0, 6, 31.20, 1056570, 458, 0, 0
4578, 105, 5, 76, 0, 0, 13.52%, 0, 0, 6, 31.16, 1057425, 458, 0, 0
4583, 105, 75, 76, 0, 0, 13.52%, 0, 0, 6, 322.65, 1058078, 458, 0, 0
4588, 105, 75, 76, 0, 0, 13.52%, 0, 0, 6, 298.45, 1058623, 458, 0, 0
4593, 105, 75, 76, 0, 0, 13.52%, 0, 0, 6, 30.92, 1059251, 458, 0, 0
4598, 105, 20, 76, 0, 0, 13.52%, 0, 0, 6, 31.24, 1060111, 458, 0, 0
4603, 105, 26, 76, 0, 0, 13.52%, 0, 0, 6, 31.71, 1060921, 458, 0, 0
4609, 105, 75, 76, 0, 0, 13.52%, 0, 0, 6, 31.43, 1061746, 458, 0, 0
4614, 105, 6, 76, 0, 0, 13.52%, 0, 0, 6, 310.89, 1062503, 458, 0, 0
4619, 105, 5, 76, 0, 0, 13.52%, 0, 0, 6, 233.40, 1063029, 458, 0, 0
4624, 105, 26, 76, 0, 0, 13.52%, 0, 0, 6, 326.73, 1063543, 458, 0, 0
4629, 105, 6, 76, 0, 0, 13.52%, 0, 0, 6, 31.45, 1064251, 458, 0, 0
4634, 105, 75, 76, 0, 0, 13.52%, 0, 0, 6, 31.38, 1065073, 458, 0, 0
4639, 105, 75, 76, 0, 0, 13.52%, 0, 0, 6, 31.52, 1065898, 458, 0, 0
4644, 105, 59, 76, 0, 0, 13.52%, 0, 0, 6, 31.25, 1066723, 458, 0, 0
4650, 106, 6, 76, 0, 0, 13.52%, 0, 0, 6, 300.85, 1067488, 458, 0, 0
4655, 106, 4, 76, 0, 0, 13.52%, 0, 0, 6, 320.22, 1068791, 458, 0, 0
4660, 106, 12, 76, 0, 0, 13.52%, 0, 0, 6, 310.05, 1070355, 458, 0, 0
4665, 106, 51, 76, 0, 0, 13.52%, 0, 0, 6, 312.26, 1071993, 458, 0, 0
4670, 106, 55, 76, 0, 0, 13.52%, 0, 0, 6, 304.89, 1073527, 458, 0, 0
4675, 106, 17, 76, 0, 0, 13.52%, 0, 0, 6, 273.98, 1074848, 458, 0, 0
4680, 106, 51, 76, 0, 0, 13.52%, 0, 0, 6, 298.55, 1076428, 458, 0, 0
4685, 107, 75, 76, 0, 0, 13.52%, 0, 0, 6, 299.49, 1077983, 458, 0, 0
4690, 107, 75, 76, 0, 0, 13.52%, 0, 0, 6, 302.04, 1079497, 458, 0, 0
4695, 107, 26, 76, 0, 0, 13.52%, 0, 0, 6, 277.75, 1080918, 458, 0, 0
4700, 107, 7, 76, 0, 0, 13.52%, 0, 0, 6, 258.80, 1082198, 458, 0, 0
4705, 107, 2, 76, 0, 0, 13.52%, 0, 0, 6, 289.07, 1083653, 458, 0, 0
4710, 107, 60, 76, 0, 0, 13.52%, 0, 0, 6, 303.11, 1085197, 458, 0, 0
4716, 107, 28, 76, 0, 0, 13.52%, 0, 0, 6, 302.65, 1086731, 458, 0, 0
4721, 108, 20, 76, 0, 0, 13.52%, 0, 0, 6, 305.10, 1088285, 458, 0, 0
4726, 108, 19, 76, 0, 0, 13.52%, 0, 0, 6, 299.60, 1089728, 458, 0, 0
4731, 108, 12, 76, 0, 0, 13.52%, 0, 0, 6, 308.43, 1091284, 458, 0, 0
4736, 108, 7, 76, 0, 0, 13.52%, 0, 0, 6, 310.60, 1092842, 458, 0, 0
4741, 108, 5, 76, 0, 0, 13.52%, 0, 0, 6, 311.72, 1094466, 458, 0, 0
4746, 108, 75, 76, 0, 0, 13.52%, 0, 0, 6, 309.44, 1096008, 458, 0, 0
4751, 109, 6, 76, 0, 0, 13.52%, 0, 0, 6, 307.12, 1097530, 458, 0, 0
4756, 109, 29, 76, 0, 0, 13.52%, 0, 0, 6, 314.41, 1099153, 458, 0, 0
4761, 109, 4, 76, 0, 0, 13.52%, 0, 0, 6, 314.84, 1100781, 458, 0, 0
4767, 109, 7, 76, 0, 0, 13.52%, 0, 0, 6, 315.52, 1102423, 458, 0, 0
4772, 109, 3, 76, 0, 0, 13.52%, 0, 0, 6, 304.29, 1103959, 458, 0, 0
4777, 109, 75, 76, 0, 0, 13.52%, 0, 0, 6, 311.77, 1105535, 458, 0, 0
4782, 109, 5, 76, 0, 0, 13.52%, 0, 0, 6, 315.82, 1107169, 458, 0, 0
4787, 110, 75, 76, 0, 0, 13.52%, 0, 0, 6, 315.23, 1108811, 458, 0, 0
4792, 110, 12, 76, 0, 0, 13.52%, 0, 0, 6, 299.39, 1110278, 458, 0, 0
4797, 110, 2, 76, 0, 0, 13.52%, 0, 0, 6, 313.12, 1111911, 458, 0, 0
4803, 110, 75, 76, 0, 0, 13.52%, 0, 0, 6, 313.73, 1113535, 458, 0, 0
4808, 110, 75, 76, 0, 0, 13.52%, 0, 0, 6, 317.04, 1115175, 458, 0, 0
4813, 110, 75, 76, 0, 0, 13.52%, 0, 0, 6, 300.74, 1116708, 458, 0, 0
4818, 110, 75, 76, 0, 0, 13.52%, 0, 0, 6, 314.86, 1118347, 458, 0, 0
4823, 110, 74, 76, 0, 0, 13.52%, 0, 0, 6, 316.25, 1119991, 458, 0, 0
4828, 111, 55, 76, 0, 0, 13.52%, 0, 0, 6, 313.52, 1121623, 458, 0, 0
4834, 111, 7, 76, 0, 0, 13.52%, 0, 0, 6, 296.88, 1123153, 458, 0, 0
4839, 111, 37, 76, 0, 0, 13.52%, 0, 0, 6, 312.51, 1124793, 458, 0, 0
4844, 111, 20, 76, 0, 0, 13.52%, 0, 0, 6, 314.92, 1126435, 458, 0, 0
4849, 111, 35, 76, 0, 0, 13.52%, 0, 0, 6, 315.30, 1128069, 458, 0, 0
4854, 111, 26, 76, 0, 0, 13.52%, 0, 0, 6, 293.61, 1129578, 458, 0, 0
4859, 111, 23, 76, 0, 0, 13.52%, 0, 0, 6, 311.98, 1131211, 458, 0, 0
4865, 112, 1, 76, 0, 0, 13.52%, 0, 0, 6, 314.71, 1132850, 458, 0, 0
4870, 112, 65, 76, 0, 0, 13.52%, 0, 0, 6, 316.08, 1134480, 458, 0, 0
4875, 112, 75, 76, 0, 0, 13.52%, 0, 0, 6, 290.91, 1135953, 458, 0, 0
4880, 112, 59, 76, 0, 0, 13.52%, 0, 0, 6, 311.98, 1137604, 458, 0, 0
4885, 112, 72, 76, 0, 0, 13.52%, 0, 0, 6, 313.92, 1139237, 458, 0, 0
4890, 112, 6, 76, 0, 0, 13.52%, 0, 0, 6, 312.90, 1140804, 458, 0, 0
4895, 113, 75, 76, 0, 0, 13.52%, 0, 0, 6, 286.43, 1142328, 458, 0, 0
4901, 113, 54, 76, 0, 0, 13.52%, 0, 0, 6, 312.93, 1143968, 458, 0, 0
4906, 113, 75, 76, 0, 0, 13.52%, 0, 0, 6, 316.21, 1145064, 458, 0, 0
4911, 113, 37, 76, 0, 0, 13.52%, 0, 0, 6, 31.40, 1146511, 458, 0, 0
4916, 113, 26, 76, 0, 0, 13.52%, 0, 0, 6, 325.62, 1148010, 458, 0, 0
4921, 113, 15, 76, 0, 0, 13.52%, 0, 0, 6, 320.33, 1149656, 458, 0, 0
4926, 113, 20, 76, 0, 0, 13.52%, 0, 0, 6, 31.30, 1151006, 458, 0, 0
4931, 113, 7, 76, 0, 0, 13.52%, 0, 0, 6, 324.07, 1152516, 458, 0, 0
4936, 114, 55, 76, 0, 0, 13.52%, 0, 0, 6, 321.21, 1154128, 458, 0, 0
4941, 114, 26, 76, 0, 0, 13.52%, 0, 0, 6, 330.28, 1155356, 458, 0, 0
4947, 114, 67, 76, 0, 0, 13.52%, 0, 0, 6, 320.76, 1157010, 458, 0, 0
4952, 114, 75, 76, 0, 0, 13.52%, 0, 0, 6, 319.43, 1158668, 458, 0, 0
4957, 114, 75, 76, 0, 0, 13.52%, 0, 0, 6, 326.65, 1159954, 458, 0, 0
4962, 114, 59, 76, 0, 0, 13.52%, 0, 0, 6, 320.62, 1161610, 458, 0, 0
4967, 114, 26, 76, 0, 0, 13.52%, 0, 0, 6, 321.67, 1162816, 458, 0, 0
4972, 115, 75, 76, 0, 0, 13.52%, 0, 0, 6, 323.69, 1164490, 458, 0, 0
4978, 115, 6, 76, 0, 0, 13.52%, 0, 0, 6, 306.84, 1166122, 458, 0, 0
4983, 115, 75, 76, 0, 0, 13.52%, 0, 0, 6, 284.03, 1167468, 458, 0, 0
4988, 115, 3, 76, 0, 0, 13.52%, 0, 0, 6, 313.33, 1169122, 458, 0, 0
4993, 115, 4, 76, 0, 0, 13.52%, 0, 0, 6, 320.89, 1170374, 458, 0, 0
4998, 115, 73, 76, 0, 0, 13.52%, 0, 0, 6, 320.85, 1171993, 458, 0, 0
5003, 115, 55, 76, 0, 0, 13.52%, 0, 0, 6, 321.78, 1173237, 458, 0, 0
5009, 116, 75, 76, 0, 0, 13.52%, 0, 0, 6, 324.26, 1174919, 458, 0, 0
5014, 116, 26, 76, 0, 0, 13.52%, 0, 0, 6, 31.50, 1176491, 458, 0, 0
5019, 116, 42, 76, 0, 0, 13.52%, 0, 0, 6, 326.14, 1177891, 458, 0, 0
5024, 116, 24, 76, 0, 0, 13.52%, 0, 0, 6, 324.67, 1179517, 458, 0, 0
5029, 116, 64, 76, 0, 0, 13.52%, 0, 0, 6, 317.34, 1180781, 458, 0, 0
5034, 116, 5, 76, 0, 0, 13.52%, 0, 0, 6, 323.38, 1182441, 458, 0, 0
5039, 116, 20, 76, 0, 0, 13.52%, 0, 0, 6, 262.17, 1183648, 458, 0, 0
5045, 117, 54, 76, 0, 0, 13.52%, 0, 0, 6, 306.67, 1185289, 458, 0, 0
5050, 117, 54, 76, 0, 0, 13.52%, 0, 0, 6, 31.58, 1186729, 458, 0, 0
5055, 117, 75, 76, 0, 0, 13.52%, 0, 0, 6, 321.48, 1188125, 458, 0, 0
5060, 117, 60, 76, 0, 0, 13.52%, 0, 0, 6, 325.37, 1189811, 458, 0, 0
5065, 117, 75, 76, 0, 0, 13.52%, 0, 0, 6, 320.18, 1191017, 458, 0, 0
5070, 117, 75, 76, 0, 0, 13.52%, 0, 0, 6, 323.18, 1192683, 458, 0, 0
5075, 117, 75, 76, 0, 0, 13.52%, 0, 0, 6, 320.94, 1193889, 458, 0, 0
5080, 117, 75, 76, 0, 0, 13.52%, 0, 0, 6, 322.05, 1195505, 458, 0, 0
5085, 118, 72, 76, 0, 0, 13.52%, 0, 0, 6, 314.81, 1196723, 458, 0, 0
5090, 118, 75, 76, 0, 0, 13.52%, 0, 0, 6, 323.50, 1198369, 458, 0, 0
5095, 118, 6, 76, 0, 0, 13.52%, 0, 0, 6, 31.41, 1199881, 458, 0, 0
5100, 118, 28, 76, 0, 0, 13.52%, 0, 0, 6, 322.65, 1201253, 458, 0, 0
5106, 118, 75, 76, 0, 0, 13.52%, 0, 0, 6, 306.91, 1202883, 458, 0, 0
5111, 118, 75, 76, 0, 0, 13.52%, 0, 0, 6, 323.76, 1204201, 458, 0, 0
5116, 118, 26, 76, 0, 0, 13.52%, 0, 0, 6, 322.84, 1205823, 458, 0, 0
5121, 118, 75, 76, 0, 0, 13.52%, 0, 0, 6, 263.44, 1207033, 458, 0, 0
5126, 119, 75, 76, 0, 0, 13.52%, 0, 0, 6, 311.19, 1208699, 458, 0, 0
5131, 119, 6, 76, 0, 0, 13.52%, 0, 0, 6, 320.44, 1209923, 458, 0, 0
5136, 119, 2, 76, 0, 0, 13.52%, 0, 0, 6, 323.74, 1211547, 458, 0, 0
5142, 119, 54, 76, 0, 0, 13.52%, 0, 0, 6, 320.08, 1212743, 458, 0, 0
5147, 119, 26, 76, 0, 0, 13.52%, 0, 0, 6, 320.43, 1214353, 458, 0, 0
5152, 119, 20, 76, 0, 0, 13.52%, 0, 0, 6, 277.23, 1215559, 458, 0, 0
5157, 119, 54, 76, 0, 0, 13.52%, 0, 0, 6, 312.57, 1217217, 458, 0, 0
5162, 120, 12, 76, 0, 0, 13.52%, 0, 0, 6, 31.24, 1218636, 458, 0, 0
5167, 120, 6, 76, 0, 0, 13.52%, 0, 0, 6, 320.44, 1220111, 458, 0, 0
5172, 120, 73, 76, 0, 0, 13.52%, 0, 0, 6, 63.16, 1221749, 458, 0, 0
5177, 120, 51, 76, 0, 0, 13.52%, 0, 0, 6, 319.76, 1223059, 458, 0, 0
5183, 120, 5, 76, 0, 0, 13.52%, 0, 0, 6, 321.12, 1224723, 458, 0, 0
5188, 120, 59, 76, 0, 0, 13.52%, 0, 0, 6, 317.82, 1225959, 458, 0, 0
5193, 121, 28, 76, 0, 0, 13.52%, 0, 0, 6, 320.89, 1227629, 458, 0, 0
5198, 121, 75, 76, 0, 0, 13.52%, 0, 0, 6, 316.30, 1228841, 458, 0, 0
5203, 121, 75, 76, 0, 0, 13.52%, 0, 0, 6, 321.77, 1230513, 458, 0, 0
5208, 121, 6, 76, 0, 0, 13.52%, 0, 0, 6, 261.82, 1231718, 458, 0, 0
5213, 121, 28, 76, 0, 0, 13.52%, 0, 0, 6, 315.46, 1233369, 458, 0, 0
5218, 121, 20, 76, 0, 0, 13.52%, 0, 0, 6, 329.29, 1234611, 458, 0, 0
5223, 121, 12, 76, 0, 0, 13.52%, 0, 0, 6, 328.18, 1236253, 458, 0, 0
5229, 121, 17, 76, 0, 0, 13.52%, 0, 0, 6, 314.58, 1237463, 458, 0, 0
5234, 121, 12, 76, 0, 0, 13.52%, 0, 0, 6, 323.94, 1239093, 458, 0, 0
5239, 122, 75, 76, 0, 0, 13.52%, 0, 0, 6, 328.17, 1240253, 458, 0, 0
5244, 122, 48, 76, 0, 0, 13.52%, 0, 0, 6, 324.80, 1241877, 458, 0, 0
5249, 122, 4, 76, 0, 0, 13.52%, 0, 0, 6, 275.25, 1243023, 458, 0, 0
5254, 122, 26, 76, 0, 0, 13.52%, 0, 0, 6, 224.73, 1244115, 458, 0, 0
5259, 122, 2, 76, 0, 0, 13.52%, 0, 0, 6, 31.25, 1245595, 458, 0, 0
5264, 122, 75, 76, 0, 0, 13.52%, 0, 0, 6, 323.12, 1246865, 458, 0, 0
5269, 122, 75, 76, 0, 0, 13.52%, 0, 0, 6, 329.84, 1247919, 458, 0, 0
5274, 122, 17, 76, 0, 0, 13.52%, 0, 0, 6, 333.14, 1248987, 458, 0, 0
5280, 122, 75, 76, 0, 0, 13.52%, 0, 0, 6, 267.33, 1250065, 458, 0, 0
5285, 122, 75, 76, 0, 0, 13.52%, 0, 0, 6, 30.51, 1251293, 458, 0, 0
5290, 123, 5, 76, 0, 0, 13.52%, 0, 0, 6, 31.32, 1252475, 458, 0, 0
5295, 123, 2, 76, 0, 0, 13.52%, 0, 0, 6, 309.49, 1253641, 458, 0, 0
5300, 123, 28, 76, 0, 0, 13.52%, 0, 0, 6, 312.48, 1254699, 458, 0, 0
5305, 123, 4, 76, 0, 0, 13.52%, 0, 0, 6, 320.89, 1255529, 458, 0, 0
5310, 123, 75, 76, 0, 0, 13.52%, 0, 0, 6, 210.61, 1256355, 458, 0, 0
5315, 123, 26, 76, 0, 0, 13.52%, 0, 0, 6, 31.52, 1257409, 458, 0, 0
5320, 123, 2, 76, 0, 0, 13.52%, 0, 0, 6, 30.55, 1258589, 458, 0, 0
5325, 123, 73, 76, 0, 0, 13.52%, 0, 0, 6, 257.14, 1259618, 458, 0, 0
5331, 123, 7, 76, 0, 0, 13.52%, 0, 0, 6, 259.58, 1260428, 458, 0, 0
5336, 124, 6, 76, 0, 0, 13.52%, 0, 0, 6, 319.83, 1261235, 458, 0, 0
5341, 124, 26, 76, 0, 0, 13.52%, 0, 0, 6, 308.93, 1262047, 458, 0, 0
5346, 124, 17, 76, 0, 0, 13.52%, 0, 0, 6, 31.13, 1263000, 458, 0, 0
5351, 124, 72, 76, 0, 0, 13.52%, 0, 0, 6, 31.58, 1263997, 458, 0, 0
5356, 124, 26, 76, 0, 0, 13.52%, 0, 0, 6, 38.84, 1265042, 458, 0, 0
5361, 124, 7, 76, 0, 0, 13.52%, 0, 0, 6, 320.57, 1265909, 458, 0, 0
5367, 124, 17, 76, 0, 0, 13.52%, 0, 0, 6, 331.51, 1266661, 458, 0, 0
5372, 124, 6, 76, 0, 0, 13.52%, 0, 0, 6, 336.23, 1267361, 458, 0, 0
5377, 124, 75, 76, 0, 0, 13.52%, 0, 0, 6, 30.90, 1268171, 458, 0, 0
5382, 124, 74, 76, 0, 0, 13.52%, 0, 0, 6, 30.90, 1269155, 458, 0, 0
5387, 124, 75, 76, 0, 0, 13.52%, 0, 0, 6, 31.33, 1270144, 458, 0, 0
5392, 124, 75, 76, 0, 0, 13.52%, 0, 0, 6, 318.27, 1271041, 458, 0, 0
5397, 124, 5, 76, 0, 0, 13.52%, 0, 0, 6, 319.31, 1271667, 458, 0, 0
5402, 125, 20, 76, 0, 0, 13.52%, 0, 0, 6, 193.51, 1272345, 458, 0, 0
5408, 125, 4, 76, 0, 0, 13.52%, 0, 0, 6, 31.46, 1273188, 458, 0, 0
5413, 125, 28, 76, 0, 0, 13.52%, 0, 0, 6, 30.47, 1274136, 458, 0, 0
5418, 125, 17, 76, 0, 0, 13.52%, 0, 0, 6, 30.38, 1275072, 458, 0, 0
5423, 125, 5, 76, 0, 0, 13.52%, 0, 0, 6, 270.11, 1275878, 458, 0, 0
5428, 125, 51, 76, 0, 0, 13.52%, 0, 0, 6, 239.00, 1276460, 458, 0, 0
5433, 125, 51, 76, 0, 0, 13.52%, 0, 0, 6, 292.08, 1277143, 458, 0, 0
5438, 125, 6, 76, 0, 0, 13.52%, 0, 0, 6, 31.49, 1277973, 458, 0, 0
5443, 125, 75, 76, 0, 0, 13.52%, 0, 0, 6, 31.36, 1278880, 458, 0, 0
5448, 125, 75, 76, 0, 0, 13.52%, 0, 0, 6, 31.45, 1279780, 458, 0, 0
5454, 125, 54, 76, 0, 0, 13.52%, 0, 0, 6, 306.81, 1280688, 458, 0, 0
5459, 125, 6, 76, 0, 0, 13.52%, 0, 0, 6, 257.55, 1281243, 458, 0, 0
5464, 125, 75, 76, 0, 0, 13.52%, 0, 0, 6, 301.88, 1281862, 458, 0, 0
5469, 125, 20, 76, 0, 0, 13.52%, 0, 0, 6, 31.63, 1282644, 458, 0, 0
5474, 125, 5, 76, 0, 0, 13.52%, 0, 0, 6, 31.18, 1283535, 458, 0, 0
5479, 126, 75, 76, 0, 0, 13.52%, 0, 0, 6, 31.47, 1284372, 458, 0, 0
5484, 126, 75, 76, 0, 0, 13.52%, 0, 0, 6, 31.25, 1285255, 458, 0, 0
5490, 126, 7, 76, 0, 0, 13.52%, 0, 0, 6, 282.20, 1286058, 458, 0, 0
5495, 126, 54, 76, 0, 0, 13.52%, 0, 0, 6, 311.34, 1286684, 458, 0, 0
5500, 126, 75, 76, 0, 0, 13.52%, 0, 0, 6, 210.61, 1287308, 458, 0, 0
5505, 126, 28, 76, 0, 0, 13.52%, 0, 0, 6, 31.05, 1287959, 458, 0, 0
5510, 126, 75, 76, 0, 0, 13.52%, 0, 0, 6, 31.23, 1288803, 458, 0, 0
5515, 126, 75, 76, 0, 0, 13.52%, 0, 0, 6, 32.16, 1289589, 458, 0, 0
5520, 126, 6, 76, 0, 0, 13.52%, 0, 0, 6, 30.47, 1290394, 458, 0, 0
5525, 126, 54, 76, 0, 0, 13.52%, 0, 0, 6, 30.30, 1291225, 458, 0, 0
5531, 126, 12, 76, 0, 0, 13.52%, 0, 0, 6, 315.05, 1292072, 458, 0, 0
5536, 126, 7, 76, 0, 0, 13.52%, 0, 0, 6, 326.06, 1292666, 458, 0, 0
5541, 126, 26, 76, 0, 0, 13.52%, 0, 0, 6, 320.26, 1293354, 458, 0, 0
5546, 126, 7, 76, 0, 0, 13.52%, 0, 0, 6, 31.45, 1293952, 458, 0, 0
5551, 127, 17, 76, 0, 0, 13.52%, 0, 0, 6, 30.73, 1294891, 458, 0, 0
5557, 127, 5, 76, 0, 0, 13.52%, 0, 0, 6, 31.45, 1295838, 458, 0, 0
5562, 127, 65, 76, 0, 0, 13.52%, 0, 0, 6, 328.23, 1296424, 458, 0, 0
5567, 127, 26, 76, 0, 0, 13.52%, 0, 0, 6, 193.07, 1296921, 458, 0, 0
5572, 127, 28, 76, 0, 0, 13.52%, 0, 0, 6, 31.56, 1297768, 458, 0, 0
5577, 127, 20, 76, 0, 0, 13.52%, 0, 0, 6, 31.35, 1298639, 458, 0, 0
5582, 127, 75, 76, 0, 0, 13.52%, 0, 0, 6, 248.18, 1299444, 458, 0, 0
5587, 127, 7, 76, 0, 0, 13.52%, 0, 0, 6, 322.11, 1299812, 458, 0, 0
5592, 127, 75, 76, 0, 0, 13.52%, 0, 0, 6, 41.37, 1300570, 458, 0, 0
5597, 127, 28, 76, 0, 0, 13.52%, 0, 0, 6, 43.55, 1301459, 458, 0, 0
5602, 127, 53, 76, 0, 0, 13.52%, 0, 0, 6, 264.06, 1302313, 458, 0, 0
5607, 127, 74, 76, 0, 0, 13.52%, 0, 0, 6, 265.42, 1302878, 458, 0, 0
5612, 127, 75, 76, 0, 0, 13.52%, 0, 0, 6, 30.88, 1303353, 458, 0, 0
5617, 127, 75, 76, 0, 0, 13.52%, 0, 0, 6, 31.46, 1304257, 458, 0, 0
5623, 127, 5, 76, 0, 0, 13.52%, 0, 0, 6, 30.45, 1305132, 458, 0, 0
5628, 127, 2, 76, 0, 0, 13.52%, 0, 0, 6, 311.88, 1305957, 458, 0, 0
5633, 128, 2, 76, 0, 0, 13.52%, 0, 0, 6, 321.08, 1306423, 458, 0, 0
5638, 128, 28, 76, 0, 0, 13.52%, 0, 0, 6, 31.52, 1306969, 458, 0, 0
5643, 128, 51, 76, 0, 0, 13.52%, 0, 0, 6, 31.47, 1307833, 458, 0, 0
5648, 128, 26, 76, 0, 0, 13.52%, 0, 0, 6, 31.19, 1308675, 458, 0, 0
5653, 128, 7, 76, 0, 0, 13.52%, 0, 0, 6, 305.23, 1309499, 458, 0, 0
5658, 128, 55, 76, 0, 0, 13.52%, 0, 0, 6, 321.88, 1310089, 458, 0, 0
5663, 128, 28, 76, 0, 0, 13.52%, 0, 0, 6, 31.66, 1310517, 458, 0, 0
5669, 128, 74, 76, 0, 0, 13.52%, 0, 0, 6, 31.68, 1311391, 458, 0, 0
5674, 128, 75, 76, 0, 0, 13.52%, 0, 0, 6, 30.32, 1312229, 458, 0, 0
5679, 128, 17, 76, 0, 0, 13.52%, 0, 0, 6, 323.91, 1313004, 458, 0, 0
5684, 128, 75, 76, 0, 0, 13.52%, 0, 0, 6, 224.27, 1313526, 458, 0, 0
5689, 128, 24, 76, 0, 0, 13.52%, 0, 0, 6, 295.00, 1314078, 458, 0, 0
5694, 128, 17, 76, 0, 0, 13.52%, 0, 0, 6, 30.51, 1314852, 458, 0, 0
5699, 128, 5, 76, 0, 0, 13.52%, 0, 0, 6, 47.10, 1315683, 458, 0, 0
5704, 129, 7, 76, 0, 0, 13.52%, 0, 0, 6, 31.17, 1316517, 458, 0, 0
5709, 129, 75, 76, 0, 0, 13.52%, 0, 0, 6, 285.94, 1317175, 458, 0, 0
5714, 129, 75, 76, 0, 0, 13.52%, 0, 0, 6, 324.49, 1317670, 458, 0, 0
5720, 129, 73, 76, 0, 0, 13.52%, 0, 0, 6, 40.06, 1318252, 458, 0, 0
5725, 129, 28, 76, 0, 0, 13.52%, 0, 0, 6, 31.28, 1319022, 458, 0, 0
5730, 129, 26, 76, 0, 0, 13.52%, 0, 0, 6, 30.83, 1319835, 458, 0, 0
5735, 129, 51, 76, 0, 0, 13.52%, 0, 0, 6, 34.93, 1320622, 458, 0, 0
5740, 129, 75, 76, 0, 0, 13.52%, 0, 0, 6, 31.25, 1321418, 458, 0, 0
5745, 129, 75, 76, 0, 0, 13.52%, 0, 0, 6, 256.62, 1322105, 458, 0, 0
5750, 129, 2, 76, 0, 0, 13.52%, 0, 0, 6, 323.24, 1322580, 458, 0, 0
5755, 129, 51, 76, 0, 0, 13.52%, 0, 0, 6, 33.79, 1323186, 458, 0, 0
5760, 129, 26, 76, 0, 0, 13.52%, 0, 0, 6, 30.95, 1324010, 458, 0, 0
5765, 129, 67, 76, 0, 0, 13.52%, 0, 0, 6, 31.52, 1324752, 458, 0, 0
5770, 129, 4, 76, 0, 0, 13.52%, 0, 0, 6, 53.88, 1325599, 458, 0, 0
5776, 129, 51, 76, 0, 0, 13.52%, 0, 0, 6, 328.56, 1326136, 458, 0, 0
5781, 129, 47, 76, 0, 0, 13.52%, 0, 0, 6, 31.20, 1326633, 458, 0, 0
5786, 130, 4, 76, 0, 0, 13.52%, 0, 0, 6, 31.42, 1327486, 458, 0, 0
5791, 130, 12, 76, 0, 0, 13.52%, 0, 0, 6, 31.24, 1328344, 458, 0, 0
5796, 130, 75, 76, 0, 0, 13.52%, 0, 0, 6, 320.54, 1329045, 458, 0, 0
5801, 130, 54, 76, 0, 0, 13.52%, 0, 0, 6, 211.66, 1329537, 458, 0, 0
5806, 130, 59, 76, 0, 0, 13.52%, 0, 0, 6, 31.42, 1330241, 458, 0, 0
5812, 130, 12, 76, 0, 0, 13.52%, 0, 0, 6, 31.18, 1331114, 458, 0, 0
5817, 130, 75, 76, 0, 0, 13.52%, 0, 0, 6, 244.55, 1331985, 458, 0, 0
5822, 130, 75, 76, 0, 0, 13.52%, 0, 0, 6, 327.36, 1332533, 458, 0, 0
5827, 130, 75, 76, 0, 0, 13.52%, 0, 0, 6, 328.36, 1333040, 458, 0, 0
5832, 130, 5, 76, 0, 0, 13.52%, 0, 0, 6, 31.35, 1333844, 458, 0, 0
5837, 130, 75, 76, 0, 0, 13.52%, 0, 0, 6, 35.21, 1334692, 458, 0, 0
5842, 130, 75, 76, 0, 0, 13.52%, 0, 0, 6, 30.31, 1335520, 458, 0, 0
5848, 130, 6, 76, 0, 0, 13.52%, 0, 0, 6, 271.40, 1336150, 458, 0, 0
5853, 130, 7, 76, 0, 0, 13.52%, 0, 0, 6, 39.01, 1336578, 458, 0, 0
5858, 130, 75, 76, 0, 0, 13.52%, 0, 0, 6, 30.94, 1337400, 458, 0, 0
5863, 131, 26, 76, 0, 0, 13.52%, 0, 0, 6, 30.73, 1338278, 458, 0, 0
5868, 131, 54, 76, 0, 0, 13.52%, 0, 0, 6, 255.35, 1339120, 458, 0, 0
5873, 131, 17, 76, 0, 0, 13.52%, 0, 0, 6, 330.27, 1339643, 458, 0, 0
5878, 131, 5, 76, 0, 0, 13.52%, 0, 0, 6, 31.40, 1340148, 458, 0, 0
5883, 131, 75, 76, 0, 0, 13.52%, 0, 0, 6, 30.89, 1340960, 458, 0, 0
5888, 131, 17, 76, 0, 0, 13.52%, 0, 0, 6, 31.18, 1341747, 458, 0, 0
5894, 131, 72, 76, 0, 0, 13.52%, 0, 0, 6, 31.18, 1342567, 458, 0, 0
5899, 131, 1, 76, 0, 0, 13.52%, 0, 0, 6, 320.32, 1343337, 458, 0, 0
5904, 131, 75, 76, 0, 0, 13.52%, 0, 0, 6, 269.40, 1343870, 458, 0, 0
5909, 131, 6, 76, 0, 0, 13.52%, 0, 0, 6, 323.31, 1344443, 458, 0, 0
5914, 131, 4, 76, 0, 0, 13.52%, 0, 0, 6, 37.43, 1345101, 458, 0, 0
5919, 131, 75, 76, 0, 0, 13.52%, 0, 0, 6, 30.65, 1345915, 458, 0, 0
5924, 131, 28, 76, 0, 0, 13.52%, 0, 0, 6, 31.32, 1346701, 458, 0, 0
5929, 131, 2, 76, 0, 0, 13.52%, 0, 0, 6, 30.30, 1347496, 458, 0, 0
5934, 132, 51, 76, 0, 0, 13.52%, 0, 0, 6, 320.38, 1348196, 458, 0, 0
5939, 132, 20, 76, 0, 0, 13.52%, 0, 0, 6, 272.61, 1348730, 458, 0, 0
5945, 132, 7, 76, 0, 0, 13.52%, 0, 0, 6, 163.37, 1349268, 458, 0, 0
5950, 132, 75, 76, 0, 0, 13.52%, 0, 0, 6, 30.44, 1350053, 458, 0, 0
5955, 132, 26, 76, 0, 0, 13.52%, 0, 0, 6, 31.27, 1350828, 458, 0, 0
5960, 132, 75, 76, 0, 0, 13.52%, 0, 0, 6, 49.41, 1351613, 458, 0, 0
5965, 132, 28, 76, 0, 0, 13.52%, 0, 0, 6, 30.96, 1352435, 458, 0, 0
5970, 132, 61, 76, 0, 0, 13.52%, 0, 0, 6, 244.67, 1353056, 458, 0, 0
5975, 132, 75, 76, 0, 0, 13.52%, 0, 0, 6, 249.68, 1353716, 458, 0, 0
5980, 132, 59, 76, 0, 0, 13.52%, 0, 0, 6, 31.62, 1354177, 458, 0, 0
5985, 132, 34, 76, 0, 0, 13.52%, 0, 0, 6, 30.75, 1354988, 458, 0, 0
5991, 132, 2, 76, 0, 0, 13.52%, 0, 0, 6, 31.31, 1355900, 458, 0, 0
5996, 132, 75, 76, 0, 0, 13.52%, 0, 0, 6, 326.71, 1356696, 458, 0, 0
6001, 132, 23, 76, 0, 0, 13.52%, 0, 0, 6, 326.35, 1357096, 458, 0, 0
6006, 132, 6, 76, 0, 0, 13.52%, 0, 0, 6, 31.20, 1357856, 458, 0, 0
6011, 132, 6, 76, 0, 0, 13.52%, 0, 0, 6, 31.39, 1358719, 458, 0, 0
6016, 133, 17, 76, 0, 0, 13.52%, 0, 0, 6, 36.47, 1359554, 458, 0, 0
6021, 133, 6, 76, 0, 0, 13.52%, 0, 0, 6, 219.33, 1360099, 458, 0, 0
6026, 133, 13, 76, 0, 0, 13.52%, 0, 0, 6, 30.52, 1360577, 458, 0, 0
6032, 133, 74, 76, 0, 0, 13.52%, 0, 0, 6, 31.15, 1361419, 458, 0, 0
6037, 133, 20, 76, 0, 0, 13.52%, 0, 0, 6, 31.61, 1362303, 458, 0, 0
6042, 133, 74, 76, 0, 0, 13.52%, 0, 0, 6, 303.96, 1363134, 458, 0, 0
6047, 133, 12, 76, 0, 0, 13.52%, 0, 0, 6, 328.36, 1363624, 458, 0, 0
6052, 133, 6, 76, 0, 0, 13.52%, 0, 0, 6, 30.62, 1364204, 458, 0, 0
6057, 133, 75, 76, 0, 0, 13.52%, 0, 0, 6, 30.73, 1365049, 458, 0, 0
6062, 133, 75, 76, 0, 0, 13.52%, 0, 0, 6, 31.17, 1365909, 458, 0, 0
6067, 133, 5, 76, 0, 0, 13.52%, 0, 0, 6, 247.44, 1366456, 458, 0, 0
6072, 133, 6, 76, 0, 0, 13.52%, 0, 0, 6, 31.45, 1366935, 458, 0, 0
6077, 133, 75, 76, 0, 0, 13.52%, 0, 0, 6, 31.51, 1367768, 458, 0, 0
6082, 133, 21, 76, 0, 0, 13.52%, 0, 0, 6, 31.38, 1368594, 458, 0, 0
6088, 133, 67, 76, 0, 0, 13.52%, 0, 0, 6, 31.58, 1369466, 458, 0, 0
6093, 134, 26, 76, 0, 0, 13.52%, 0, 0, 6, 323.29, 1370012, 458, 0, 0
6098, 134, 59, 76, 0, 0, 13.52%, 0, 0, 6, 39.03, 1370490, 458, 0, 0
6103, 134, 7, 76, 0, 0, 13.52%, 0, 0, 6, 31.36, 1371294, 458, 0, 0
6108, 134, 4, 76, 0, 0, 13.52%, 0, 0, 6, 31.25, 1372101, 458, 0, 0
6113, 134, 28, 76, 0, 0, 13.52%, 0, 0, 6, 47.62, 1372878, 458, 0, 0
6118, 134, 6, 76, 0, 0, 13.52%, 0, 0, 6, 289.03, 1373499, 458, 0, 0
6123, 134, 6, 76, 0, 0, 13.52%, 0, 0, 6, 193.76, 1374027, 458, 0, 0
6128, 134, 6, 76, 0, 0, 13.52%, 0, 0, 6, 30.80, 1374610, 458, 0, 0
6133, 134, 74, 76, 0, 0, 13.52%, 0, 0, 6, 30.95, 1375435, 458, 0, 0
6139, 134, 75, 76, 0, 0, 13.52%, 0, 0, 6, 31.91, 1376227, 458, 0, 0
6144, 134, 6, 76, 0, 0, 13.52%, 0, 0, 6, 30.04, 1376997, 458, 0, 0
6149, 134, 54, 76, 0, 0, 13.52%, 0, 0, 6, 308.66, 1377812, 458, 0, 0
6154, 134, 51, 76, 0, 0, 13.52%, 0, 0, 6, 255.02, 1378432, 458, 0, 0
6159, 134, 28, 76, 0, 0, 13.52%, 0, 0, 6, 320.67, 1378930, 458, 0, 0
6164, 134, 55, 76, 0, 0, 13.52%, 0, 0, 6, 30.49, 1379533, 458, 0, 0
6169, 135, 5, 76, 0, 0, 13.52%, 0, 0, 6, 193.31, 1380706, 458, 0, 0
6174, 135, 24, 76, 0, 0, 13.52%, 0, 0, 6, 297.26, 1382370, 458, 0, 0
6179, 135, 2, 76, 0, 0, 13.52%, 0, 0, 6, 313.77, 1384018, 458, 0, 0
6185, 135, 26, 76, 0, 0, 13.52%, 0, 0, 6, 312.81, 1385648, 458, 0, 0
6190, 135, 51, 76, 0, 0, 13.52%, 0, 0, 6, 283.74, 1387065, 458, 0, 0
6195, 135, 5, 76, 0, 0, 13.52%, 0, 0, 6, 250.25, 1388280, 458, 0, 0
6200, 135, 6, 76, 0, 0, 13.52%, 0, 0, 6, 286.48, 1389735, 458, 0, 0
6205, 136, 4, 76, 0, 0, 13.52%, 0, 0, 6, 300.60, 1391323, 458, 0, 0
6210, 136, 75, 76, 0, 0, 13.52%, 0, 0, 6, 303.49, 1392843, 458, 0, 0
6215, 136, 75, 76, 0, 0, 13.52%, 0, 0, 6, 302.64, 1394383, 458, 0, 0
6220, 136, 6, 76, 0, 0, 13.52%, 0, 0, 6, 267.11, 1395725, 458, 0, 0
6225, 136, 26, 76, 0, 0, 13.52%, 0, 0, 6, 298.35, 1397260, 458, 0, 0
6230, 136, 75, 76, 0, 0, 13.52%, 0, 0, 6, 306.07, 1398800, 458, 0, 0
6235, 137, 75, 76, 0, 0, 13.52%, 0, 0, 6, 305.69, 1400390, 458, 0, 0
6241, 137, 5, 76, 0, 0, 13.52%, 0, 0, 6, 286.91, 1401875, 458, 0, 0
6246, 137, 4, 76, 0, 0, 13.52%, 0, 0, 6, 290.62, 1403290, 458, 0, 0
6251, 137, 75, 76, 0, 0, 13.52%, 0, 0, 6, 308.09, 1404913, 458, 0, 0
6256, 137, 36, 76, 0, 0, 13.52%, 0, 0, 6, 310.54, 1406473, 458, 0, 0
6261, 137, 75, 76, 0, 0, 13.52%, 0, 0, 6, 312.57, 1408094, 458, 0, 0
6266, 137, 17, 76, 0, 0, 13.52%, 0, 0, 6, 301.50, 1409625, 458, 0, 0
6271, 138, 7, 76, 0, 0, 13.52%, 0, 0, 6, 311.56, 1411254, 458, 0, 0
6277, 138, 17, 76, 0, 0, 13.52%, 0, 0, 6, 316.62, 1412896, 458, 0, 0
6282, 138, 4, 76, 0, 0, 13.52%, 0, 0, 6, 315.58, 1414518, 458, 0, 0
6287, 138, 20, 76, 0, 0, 13.52%, 0, 0, 6, 299.54, 1416045, 458, 0, 0
6292, 138, 26, 76, 0, 0, 13.52%, 0, 0, 6, 314.58, 1417696, 458, 0, 0
6297, 138, 72, 76, 0, 0, 13.52%, 0, 0, 6, 313.09, 1419317, 458, 0, 0
6302, 139, 26, 76, 0, 0, 13.52%, 0, 0, 6, 313.43, 1420947, 458, 0, 0
6308, 139, 7, 76, 0, 0, 13.52%, 0, 0, 6, 305.18, 1422475, 458, 0, 0
6313, 139, 75, 76, 0, 0, 13.52%, 0, 0, 6, 316.05, 1424071, 458, 0, 0
6318, 139, 4, 76, 0, 0, 13.52%, 0, 0, 6, 315.17, 1425699, 458, 0, 0
6323, 139, 75, 76, 0, 0, 13.52%, 0, 0, 6, 317.61, 1427337, 458, 0, 0
6328, 139, 6, 76, 0, 0, 13.52%, 0, 0, 6, 300.83, 1428850, 458, 0, 0
6333, 139, 39, 76, 0, 0, 13.52%, 0, 0, 6, 312.88, 1430435, 458, 0, 0
6338, 140, 2, 76, 0, 0, 13.52%, 0, 0, 6, 314.85, 1432075, 458, 0, 0
6343, 140, 5, 76, 0, 0, 13.52%, 0, 0, 6, 314.77, 1433699, 458, 0, 0
6349, 140, 75, 76, 0, 0, 13.52%, 0, 0, 6, 299.42, 1435185, 458, 0, 0
6354, 140, 75, 76, 0, 0, 13.52%, 0, 0, 6, 313.26, 1436817, 458, 0, 0
6359, 140, 17, 76, 0, 0, 13.52%, 0, 0, 6, 314.88, 1438453, 458, 0, 0
6364, 140, 51, 76, 0, 0, 13.52%, 0, 0, 6, 315.37, 1440087, 458, 0, 0
6369, 140, 20, 76, 0, 0, 13.52%, 0, 0, 6, 295.50, 1441605, 458, 0, 0
6374, 141, 75, 76, 0, 0, 13.52%, 0, 0, 6, 316.64, 1443256, 458, 0, 0
6380, 141, 75, 76, 0, 0, 13.52%, 0, 0, 6, 315.68, 1444902, 458, 0, 0
6385, 141, 26, 76, 0, 0, 13.52%, 0, 0, 6, 316.20, 1446534, 458, 0, 0
6390, 141, 75, 76, 0, 0, 13.52%, 0, 0, 6, 293.53, 1448005, 458, 0, 0
6395, 141, 75, 76, 0, 0, 13.52%, 0, 0, 6, 312.74, 1449657, 458, 0, 0
6400, 141, 75, 76, 0, 0, 13.52%, 0, 0, 6, 313.00, 1451279, 458, 0, 0
6405, 141, 17, 76, 0, 0, 13.52%, 0, 0, 6, 315.41, 1452909, 458, 0, 0
6410, 142, 59, 76, 0, 0, 13.52%, 0, 0, 6, 290.37, 1454435, 458, 0, 0
6416, 142, 28, 76, 0, 0, 13.52%, 0, 0, 6, 308.97, 1456067, 458, 0, 0
6421, 142, 5, 76, 0, 0, 13.52%, 0, 0, 6, 317.20, 1457715, 458, 0, 0
6426, 142, 59, 76, 0, 0, 13.52%, 0, 0, 6, 315.21, 1459285, 458, 0, 0
6431, 142, 28, 76, 0, 0, 13.52%, 0, 0, 6, 30.46, 1460426, 458, 0, 0
6436, 142, 6, 76, 0, 0, 13.52%, 0, 0, 6, 298.99, 1461975, 458, 0, 0
6441, 142, 75, 76, 0, 0, 13.52%, 0, 0, 6, 266.88, 1463255, 458, 0, 0
6446, 143, 21, 76, 0, 0, 13.52%, 0, 0, 6, 312.61, 1464921, 458, 0, 0
6452, 143, 20, 76, 0, 0, 13.52%, 0, 0, 6, 316.26, 1466572, 458, 0, 0
6457, 143, 75, 76, 0, 0, 13.52%, 0, 0, 6, 262.55, 1467815, 458, 0, 0
6462, 143, 37, 76, 0, 0, 13.52%, 0, 0, 6, 308.45, 1469472, 458, 0, 0
6467, 143, 26, 76, 0, 0, 13.52%, 0, 0, 6, 316.66, 1471136, 458, 0, 0
6472, 143, 19, 76, 0, 0, 13.52%, 0, 0, 6, 297.73, 1472385, 458, 0, 0
6477, 143, 75, 76, 0, 0, 13.52%, 0, 0, 6, 315.89, 1474030, 458, 0, 0
6482, 144, 5, 76, 0, 0, 13.52%, 0, 0, 6, 318.26, 1475672, 458, 0, 0
6487, 144, 75, 76, 0, 0, 13.52%, 0, 0, 6, 320.55, 1476886, 458, 0, 0
6493, 144, 6, 76, 0, 0, 13.52%, 0, 0, 6, 322.41, 1478542, 458, 0, 0
6498, 144, 75, 76, 0, 0, 13.52%, 0, 0, 6, 31.48, 1479881, 458, 0, 0
6503, 144, 47, 76, 0, 0, 13.52%, 0, 0, 6, 308.34, 1481454, 458, 0, 0
6508, 144, 75, 76, 0, 0, 13.52%, 0, 0, 6, 317.49, 1483060, 458, 0, 0
6513, 144, 28, 76, 0, 0, 13.52%, 0, 0, 6, 251.32, 1484268, 458, 0, 0
6518, 145, 6, 76, 0, 0, 13.52%, 0, 0, 6, 304.31, 1485906, 458, 0, 0
6523, 145, 37, 76, 0, 0, 13.52%, 0, 0, 6, 30.30, 1487418, 458, 0, 0
6528, 145, 75, 76, 0, 0, 13.52%, 0, 0, 6, 284.35, 1488815, 458, 0, 0
6533, 145, 33, 76, 0, 0, 13.52%, 0, 0, 6, 301.03, 1490395, 458, 0, 0
6539, 145, 75, 76, 0, 0, 13.52%, 0, 0, 6, 287.97, 1491635, 458, 0, 0
6544, 145, 6, 76, 0, 0, 13.52%, 0, 0, 6, 314.40, 1493278, 458, 0, 0
6549, 145, 28, 76, 0, 0, 13.52%, 0, 0, 6, 311.40, 1494860, 458, 0, 0
6554, 145, 75, 76, 0, 0, 13.52%, 0, 0, 6, 321.23, 1496096, 458, 0, 0
6559, 146, 28, 76, 0, 0, 13.52%, 0, 0, 6, 320.89, 1497766, 458, 0, 0
6564, 146, 75, 76, 0, 0, 13.52%, 0, 0, 6, 321.12, 1498988, 458, 0, 0
6569, 146, 75, 76, 0, 0, 13.52%, 0, 0, 6, 323.89, 1500610, 458, 0, 0
6574, 146, 51, 76, 0, 0, 13.52%, 0, 0, 6, 48.52, 1502220, 458, 0, 0
6579, 146, 5, 76, 0, 0, 13.52%, 0, 0, 6, 321.96, 1503536, 458, 0, 0
6585, 146, 28, 76, 0, 0, 13.52%, 0, 0, 6, 324.21, 1505178, 458, 0, 0
6590, 146, 26, 76, 0, 0, 13.52%, 0, 0, 6, 327.22, 1506436, 458, 0, 0
6595, 147, 75, 76, 0, 0, 13.52%, 0, 0, 6, 320.91, 1508089, 458, 0, 0
6600, 147, 75, 76, 0, 0, 13.52%, 0, 0, 6, 39.99, 1509321, 458, 0, 0
6605, 147, 5, 76, 0, 0, 13.52%, 0, 0, 6, 323.18, 1511005, 458, 0, 0
6610, 147, 28, 76, 0, 0, 13.52%, 0, 0, 6, 320.36, 1512605, 458, 0, 0
6615, 147, 6, 76, 0, 0, 13.52%, 0, 0, 6, 319.21, 1513841, 458, 0, 0
6620, 147, 31, 76, 0, 0, 13.52%, 0, 0, 6, 322.77, 1515523, 458, 0, 0
6626, 147, 75, 76, 0, 0, 13.52%, 0, 0, 6, 253.39, 1516739, 458, 0, 0
6631, 147, 6, 76, 0, 0, 13.52%, 0, 0, 6, 307.87, 1518359, 458, 0, 0
6636, 148, 75, 76, 0, 0, 13.52%, 0, 0, 6, 30.25, 1519586, 458, 0, 0
6641, 148, 5, 76, 0, 0, 13.52%, 0, 0, 6, 293.89, 1521250, 458, 0, 0
6646, 148, 51, 76, 0, 0, 13.52%, 0, 0, 6, 314.66, 1522895, 458, 0, 0
6651, 148, 33, 76, 0, 0, 13.52%, 0, 0, 6, 327.09, 1524153, 458, 0, 0
6656, 148, 28, 76, 0, 0, 13.52%, 0, 0, 6, 320.79, 1525793, 458, 0, 0
6661, 148, 75, 76, 0, 0, 13.52%, 0, 0, 6, 271.91, 1527040, 458, 0, 0
6667, 148, 46, 76, 0, 0, 13.52%, 0, 0, 6, 312.01, 1528722, 458, 0, 0
6672, 149, 20, 76, 0, 0, 13.52%, 0, 0, 6, 322.94, 1529862, 458, 0, 0
6677, 149, 7, 76, 0, 0, 13.52%, 0, 0, 6, 321.84, 1531486, 458, 0, 0
6682, 149, 12, 76, 0, 0, 13.52%, 0, 0, 6, 31.37, 1532807, 458, 0, 0
6687, 149, 75, 76, 0, 0, 13.52%, 0, 0, 6, 318.63, 1534414, 458, 0, 0
6692, 149, 55, 76, 0, 0, 13.52%, 0, 0, 6, 321.87, 1536094, 458, 0, 0
6697, 149, 34, 76, 0, 0, 13.52%, 0, 0, 6, 318.48, 1537286, 458, 0, 0
6702, 149, 2, 76, 0, 0, 13.52%, 0, 0, 6, 320.54, 1538962, 458, 0, 0
6707, 150, 2, 76, 0, 0, 13.52%, 0, 0, 6, 317.82, 1540162, 458, 0, 0
6713, 150, 28, 76, 0, 0, 13.52%, 0, 0, 6, 319.41, 1541822, 458, 0, 0
6718, 150, 28, 76, 0, 0, 13.52%, 0, 0, 6, 314.38, 1543034, 458, 0, 0
6723, 150, 75, 76, 0, 0, 13.52%, 0, 0, 6, 323.44, 1544722, 458, 0, 0
6728, 150, 6, 76, 0, 0, 13.52%, 0, 0, 6, 31.31, 1546187, 458, 0, 0
6733, 150, 5, 76, 0, 0, 13.52%, 0, 0, 6, 313.26, 1547604, 458, 0, 0
6738, 150, 75, 76, 0, 0, 13.52%, 0, 0, 6, 320.93, 1549224, 458, 0, 0
6743, 150, 6, 76, 0, 0, 13.52%, 0, 0, 6, 296.32, 1550485, 458, 0, 0
6748, 151, 75, 76, 0, 0, 13.52%, 0, 0, 6, 315.09, 1552140, 458, 0, 0
6753, 151, 75, 76, 0, 0, 13.52%, 0, 0, 6, 312.43, 1553386, 458, 0, 0
6759, 151, 72, 76, 0, 0, 13.52%, 0, 0, 6, 318.54, 1555046, 458, 0, 0
6764, 151, 20, 76, 0, 0, 13.52%, 0, 0, 6, 260.00, 1556266, 458, 0, 0
6769, 151, 26, 76, 0, 0, 13.52%, 0, 0, 6, 307.96, 1557928, 458, 0, 0
6774, 151, 26, 76, 0, 0, 13.52%, 0, 0, 6, 321.03, 1559568, 458, 0, 0
6779, 151, 55, 76, 0, 0, 13.52%, 0, 0, 6, 321.97, 1560800, 458, 0, 0
6784, 152, 74, 76, 0, 0, 13.52%, 0, 0, 6, 321.39, 1562416, 458, 0, 0
6789, 152, 67, 76, 0, 0, 13.52%, 0, 0, 6, 332.08, 1563634, 458, 0, 0
6794, 152, 75, 76, 0, 0, 13.52%, 0, 0, 6, 324.24, 1565256, 458, 0, 0
6799, 152, 4, 76, 0, 0, 13.52%, 0, 0, 6, 31.07, 1566625, 458, 0, 0
6804, 152, 6, 76, 0, 0, 13.52%, 0, 0, 6, 283.48, 1568170, 458, 0, 0
6809, 152, 51, 76, 0, 0, 13.52%, 0, 0, 6, 330.31, 1569148, 458, 0, 0
6815, 152, 28, 76, 0, 0, 13.52%, 0, 0, 6, 30.61, 1570362, 458, 0, 0
6820, 152, 33, 76, 0, 0, 13.52%, 0, 0, 6, 30.30, 1571690, 458, 0, 0
6825, 152, 75, 76, 0, 0, 13.52%, 0, 0, 6, 321.54, 1572870, 458, 0, 0
6830, 152, 75, 76, 0, 0, 13.52%, 0, 0, 6, 332.06, 1573904, 458, 0, 0
6835, 153, 75, 76, 0, 0, 13.52%, 0, 0, 6, 245.75, 1574838, 458, 0, 0
6840, 153, 4, 76, 0, 0, 13.52%, 0, 0, 6, 186.80, 1575701, 458, 0, 0
6845, 153, 4, 76, 0, 0, 13.52%, 0, 0, 6, 30.45, 1576830, 458, 0, 0
6850, 153, 75, 76, 0, 0, 13.52%, 0, 0, 6, 31.41, 1577999, 458, 0, 0
6855, 153, 5, 76, 0, 0, 13.52%, 0, 0, 6, 324.88, 1579116, 458, 0, 0
6861, 153, 12, 76, 0, 0, 13.52%, 0, 0, 6, 290.04, 1579935, 458, 0, 0
6866, 153, 17, 76, 0, 0, 13.52%, 0, 0, 6, 264.52, 1580740, 458, 0, 0
6871, 153, 7, 76, 0, 0, 13.52%, 0, 0, 6, 47.90, 1581518, 458, 0, 0
6876, 153, 75, 76, 0, 0, 13.52%, 0, 0, 6, 31.42, 1582531, 458, 0, 0
6881, 153, 75, 76, 0, 0, 13.52%, 0, 0, 6, 30.39, 1583576, 458, 0, 0
6886, 153, 75, 76, 0, 0, 13.52%, 0, 0, 6, 30.46, 1584634, 458, 0, 0
6891, 154, 17, 76, 0, 0, 13.52%, 0, 0, 6, 306.21, 1585556, 458, 0, 0
6896, 154, 75, 76, 0, 0, 13.52%, 0, 0, 6, 324.98, 1586290, 458, 0, 0
6901, 154, 75, 76, 0, 0, 13.52%, 0, 0, 6, 230.21, 1586970, 458, 0, 0
6906, 154, 26, 76, 0, 0, 13.52%, 0, 0, 6, 31.42, 1587797, 458, 0, 0
6912, 154, 5, 76, 0, 0, 13.52%, 0, 0, 6, 31.57, 1588797, 458, 0, 0
6917, 154, 26, 76, 0, 0, 13.52%, 0, 0, 6, 31.51, 1589799, 458, 0, 0
6922, 154, 12, 76, 0, 0, 13.52%, 0, 0, 6, 282.74, 1590745, 458, 0, 0
6927, 154, 26, 76, 0, 0, 13.52%, 0, 0, 6, 326.33, 1591391, 458, 0, 0
6932, 154, 75, 76, 0, 0, 13.52%, 0, 0, 6, 31.90, 1591975, 458, 0, 0
6937, 154, 75, 76, 0, 0, 13.52%, 0, 0, 6, 41.53, 1592936, 458, 0, 0
6942, 154, 6, 76, 0, 0, 13.52%, 0, 0, 6, 31.55, 1593889, 458, 0, 0
6948, 154, 28, 76, 0, 0, 13.52%, 0, 0, 6, 31.45, 1594850, 458, 0, 0
6953, 155, 75, 76, 0, 0, 13.52%, 0, 0, 6, 321.71, 1595641, 458, 0, 0
6958, 155, 28, 76, 0, 0, 13.52%, 0, 0, 6, 323.39, 1596303, 458, 0, 0
6963, 155, 33, 76, 0, 0, 13.52%, 0, 0, 6, 217.82, 1596902, 458, 0, 0
6968, 155, 28, 76, 0, 0, 13.52%, 0, 0, 6, 30.47, 1597803, 458, 0, 0
6973, 155, 43, 76, 0, 0, 13.52%, 0, 0, 6, 31.18, 1598700, 458, 0, 0
6978, 155, 75, 76, 0, 0, 13.52%, 0, 0, 6, 30.46, 1599579, 458, 0, 0
6983, 155, 6, 76, 0, 0, 13.52%, 0, 0, 6, 321.81, 1600421, 458, 0, 0
6988, 155, 75, 76, 0, 0, 13.52%, 0, 0, 6, 277.81, 1601005, 458, 0, 0
6994, 155, 4, 76, 0, 0, 13.52%, 0, 0, 6, 189.08, 1601649, 458, 0, 0
6999, 155, 26, 76, 0, 0, 13.52%, 0, 0, 6, 31.10, 1602446, 458, 0, 0
7004, 155, 75, 76, 0, 0, 13.52%, 0, 0, 6, 31.48, 1603330, 458, 0, 0
7009, 155, 12, 76, 0, 0, 13.52%, 0, 0, 6, 31.19, 1604218, 458, 0, 0
7014, 155, 26, 76, 0, 0, 13.52%, 0, 0, 6, 31.50, 1605115, 458, 0, 0
7020, 155, 75, 76, 0, 0, 13.52%, 0, 0, 6, 321.24, 1605831, 458, 0, 0
7025, 155, 75, 76, 0, 0, 13.52%, 0, 0, 6, 333.43, 1606409, 458, 0, 0
7030, 155, 75, 76, 0, 0, 13.52%, 0, 0, 6, 211.35, 1607013, 458, 0, 0
7035, 156, 26, 76, 0, 0, 13.52%, 0, 0, 6, 36.49, 1607789, 458, 0, 0
7040, 156, 26, 76, 0, 0, 13.52%, 0, 0, 6, 49.03, 1608636, 458, 0, 0
7045, 156, 28, 76, 0, 0, 13.52%, 0, 0, 6, 31.52, 1609498, 458, 0, 0
7050, 156, 6, 76, 0, 0, 13.52%, 0, 0, 6, 31.25, 1610324, 458, 0, 0
7056, 156, 75, 76, 0, 0, 13.52%, 0, 0, 6, 244.27, 1611121, 458, 0, 0
7061, 156, 4, 76, 0, 0, 13.52%, 0, 0, 6, 329.52, 1611767, 458, 0, 0
7066, 156, 75, 76, 0, 0, 13.52%, 0, 0, 6, 338.00, 1612299, 458, 0, 0
7071, 156, 20, 76, 0, 0, 13.52%, 0, 0, 6, 30.70, 1612987, 458, 0, 0
7076, 156, 28, 76, 0, 0, 13.52%, 0, 0, 6, 30.40, 1613792, 458, 0, 0
7081, 156, 75, 76, 0, 0, 13.52%, 0, 0, 6, 31.49, 1614623, 458, 0, 0
7086, 156, 9, 76, 0, 0, 13.52%, 0, 0, 6, 31.58, 1615472, 458, 0, 0
7091, 156, 75, 76, 0, 0, 13.52%, 0, 0, 6, 332.76, 1615948, 458, 0, 0
7096, 156, 75, 76, 0, 0, 13.52%, 0, 0, 6, 31.53, 1616536, 458, 0, 0
7101, 156, 2, 76, 0, 0, 13.52%, 0, 0, 6, 31.15, 1617434, 458, 0, 0
7107, 157, 51, 76, 0, 0, 13.52%, 0, 0, 6, 31.50, 1618330, 458, 0, 0
7112, 157, 5, 76, 0, 0, 13.52%, 0, 0, 6, 238.20, 1618828, 458, 0, 0
7117, 157, 75, 76, 0, 0, 13.52%, 0, 0, 6, 30.81, 1619393, 458, 0, 0
7122, 157, 4, 76, 0, 0, 13.52%, 0, 0, 6, 30.44, 1620265, 458, 0, 0
7127, 157, 55, 76, 0, 0, 13.52%, 0, 0, 6, 31.50, 1621156, 458, 0, 0
7132, 157, 4, 76, 0, 0, 13.52%, 0, 0, 6, 245.64, 1621767, 458, 0, 0
7137, 157, 75, 76, 0, 0, 13.52%, 0, 0, 6, 272.28, 1622242, 458, 0, 0
7142, 157, 75, 76, 0, 0, 13.52%, 0, 0, 6, 31.27, 1623062, 458, 0, 0
7147, 157, 4, 76, 0, 0, 13.52%, 0, 0, 6, 31.03, 1623909, 458, 0, 0
7152, 157, 61, 76, 0, 0, 13.52%, 0, 0, 6, 239.20, 1624759, 458, 0, 0
7158, 157, 75, 76, 0, 0, 13.52%, 0, 0, 6, 322.57, 1625235, 458, 0, 0
7163, 157, 34, 76, 0, 0, 13.52%, 0, 0, 6, 31.27, 1625746, 458, 0, 0
7168, 157, 17, 76, 0, 0, 13.52%, 0, 0, 6, 31.15, 1626610, 458, 0, 0
7173, 157, 75, 76, 0, 0, 13.52%, 0, 0, 6, 31.28, 1627494, 458, 0, 0
7178, 157, 4, 76, 0, 0, 13.52%, 0, 0, 6, 323.10, 1628217, 458, 0, 0
7183, 158, 48, 76, 0, 0, 13.52%, 0, 0, 6, 320.00, 1628612, 458, 0, 0
7188, 158, 26, 76, 0, 0, 13.52%, 0, 0, 6, 31.21, 1629400, 458, 0, 0
7193, 158, 26, 76, 0, 0, 13.52%, 0, 0, 6, 31.09, 1630270, 458, 0, 0
7198, 158, 75, 76, 0, 0, 13.52%, 0, 0, 6, 30.38, 1631102, 458, 0, 0
7204, 158, 12, 76, 0, 0, 13.52%, 0, 0, 6, 320.00, 1631798, 458, 0, 0
7209, 158, 7, 76, 0, 0, 13.52%, 0, 0, 6, 200.31, 1632337, 458, 0, 0
7214, 158, 35, 76, 0, 0, 13.52%, 0, 0, 6, 31.39, 1632903, 458, 0, 0
7219, 158, 20, 76, 0, 0, 13.52%, 0, 0, 6, 31.46, 1633766, 458, 0, 0
7224, 158, 17, 76, 0, 0, 13.52%, 0, 0, 6, 30.31, 1634577, 458, 0, 0
7229, 158, 26, 76, 0, 0, 13.52%, 0, 0, 6, 318.84, 1635392, 458, 0, 0
7234, 158, 28, 76, 0, 0, 13.52%, 0, 0, 6, 326.86, 1635992, 458, 0, 0
7239, 158, 26, 76, 0, 0, 13.52%, 0, 0, 6, 325.86, 1636522, 458, 0, 0
7244, 158, 12, 76, 0, 0, 13.52%, 0, 0, 6, 30.86, 1637170, 458, 0, 0
7249, 159, 64, 76, 0, 0, 13.52%, 0, 0, 6, 30.96, 1637955, 458, 0, 0
7254, 159, 75, 76, 0, 0, 13.52%, 0, 0, 6, 31.29, 1638794, 458, 0, 0
7259, 159, 6, 76, 0, 0, 13.52%, 0, 0, 6, 31.21, 1639577, 458, 0, 0
7265, 159, 28, 76, 0, 0, 13.52%, 0, 0, 6, 282.74, 1640380, 458, 0, 0
7270, 159, 75, 76, 0, 0, 13.52%, 0, 0, 6, 319.94, 1640984, 458, 0, 0
7275, 159, 20, 76, 0, 0, 13.52%, 0, 0, 6, 196.39, 1641449, 458, 0, 0
7280, 159, 12, 76, 0, 0, 13.52%, 0, 0, 6, 31.03, 1642182, 458, 0, 0
7285, 159, 75, 76, 0, 0, 13.52%, 0, 0, 6, 31.52, 1642979, 458, 0, 0
7290, 159, 75, 76, 0, 0, 13.52%, 0, 0, 6, 31.09, 1643784, 458, 0, 0
7295, 159, 75, 76, 0, 0, 13.52%, 0, 0, 6, 30.38, 1644598, 458, 0, 0
7300, 159, 54, 76, 0, 0, 13.52%, 0, 0, 6, 303.00, 1645276, 458, 0, 0
7305, 159, 6, 76, 0, 0, 13.52%, 0, 0, 6, 332.69, 1645874, 458, 0, 0
7310, 159, 46, 76, 0, 0, 13.52%, 0, 0, 6, 263.68, 1646413, 458, 0, 0
7315, 159, 54, 76, 0, 0, 13.52%, 0, 0, 6, 31.37, 1647197, 458, 0, 0
7321, 159, 28, 76, 0, 0, 13.52%, 0, 0, 6, 31.39, 1648091, 458, 0, 0
7326, 159, 75, 76, 0, 0, 13.52%, 0, 0, 6, 278.94, 1648965, 458, 0, 0
7331, 159, 2, 76, 0, 0, 13.52%, 0, 0, 6, 245.41, 1649438, 458, 0, 0
7336, 159, 33, 76, 0, 0, 13.52%, 0, 0, 6, 31.36, 1650053, 458, 0, 0
7341, 160, 75, 76, 0, 0, 13.52%, 0, 0, 6, 31.65, 1650905, 458, 0, 0
7346, 160, 13, 76, 0, 0, 13.52%, 0, 0, 6, 45.54, 1651754, 458, 0, 0
7351, 160, 12, 76, 0, 0, 13.52%, 0, 0, 6, 319.26, 1652392, 458, 0, 0
7356, 160, 54, 76, 0, 0, 13.52%, 0, 0, 6, 320.32, 1652870, 458, 0, 0
7362, 160, 26, 76, 0, 0, 13.52%, 0, 0, 6, 31.41, 1653640, 458, 0, 0
7367, 160, 75, 76, 0, 0, 13.52%, 0, 0, 6, 45.72, 1654510, 458, 0, 0
7372, 160, 7, 76, 0, 0, 13.52%, 0, 0, 6, 311.81, 1655392, 458, 0, 0
7377, 160, 26, 76, 0, 0, 13.52%, 0, 0, 6, 281.16, 1655900, 458, 0, 0
7382, 160, 75, 76, 0, 0, 13.52%, 0, 0, 6, 31.47, 1656370, 458, 0, 0
7387, 160, 2, 76, 0, 0, 13.52%, 0, 0, 6, 31.05, 1657219, 458, 0, 0
7392, 160, 4, 76, 0, 0, 13.52%, 0, 0, 6, 30.73, 1658082, 458, 0, 0
7397, 160, 75, 76, 0, 0, 13.52%, 0, 0, 6, 266.40, 1658915, 458, 0, 0
7402, 160, 59, 76, 0, 0, 13.52%, 0, 0, 6, 290.06, 1659490, 458, 0, 0
7407, 160, 75, 76, 0, 0, 13.52%, 0, 0, 6, 30.67, 1659932, 458, 0, 0
7412, 161, 65, 76, 0, 0, 13.52%, 0, 0, 6, 30.67, 1660805, 458, 0, 0
7418, 161, 5, 76, 0, 0, 13.52%, 0, 0, 6, 31.01, 1661667, 458, 0, 0
7423, 161, 74, 76, 0, 0, 13.52%, 0, 0, 6, 302.21, 1662428, 458, 0, 0
7428, 161, 54, 76, 0, 0, 13.52%, 0, 0, 6, 269.18, 1662905, 458, 0, 0
7433, 161, 4, 76, 0, 0, 13.52%, 0, 0, 6, 31.52, 1663508, 458, 0, 0
7438, 161, 12, 76, 0, 0, 13.52%, 0, 0, 6, 31.62, 1664356, 458, 0, 0
7443, 161, 6, 76, 0, 0, 13.52%, 0, 0, 6, 31.32, 1665189, 458, 0, 0
7448, 161, 20, 76, 0, 0, 13.52%, 0, 0, 6, 323.31, 1665956, 458, 0, 0
7453, 161, 31, 76, 0, 0, 13.52%, 0, 0, 6, 297.21, 1666500, 458, 0, 0
7458, 161, 75, 76, 0, 0, 13.52%, 0, 0, 6, 316.25, 1667060, 458, 0, 0
7463, 161, 51, 76, 0, 0, 13.52%, 0, 0, 6, 30.88, 1667740, 458, 0, 0
7468, 161, 5, 76, 0, 0, 13.52%, 0, 0, 6, 41.39, 1668569, 458, 0, 0
7473, 161, 75, 76, 0, 0, 13.52%, 0, 0, 6, 31.31, 1669353, 458, 0, 0
7478, 161, 2, 76, 0, 0, 13.52%, 0, 0, 6, 31.49, 1670173, 458, 0, 0
7484, 162, 75, 76, 0, 0, 13.52%, 0, 0, 6, 246.26, 1670970, 458, 0, 0
7489, 162, 26, 76, 0, 0, 13.52%, 0, 0, 6, 291.10, 1671555, 458, 0, 0
7494, 162, 60, 76, 0, 0, 13.52%, 0, 0, 6, 317.03, 1672080, 458, 0, 0
7499, 162, 4, 76, 0, 0, 13.52%, 0, 0, 6, 31.30, 1672765, 458, 0, 0
7504, 162, 26, 76, 0, 0, 13.52%, 0, 0, 6, 30.59, 1673543, 458, 0, 0
7509, 162, 75, 76, 0, 0, 13.52%, 0, 0, 6, 30.49, 1674325, 458, 0, 0
7514, 162, 75, 76, 0, 0, 13.52%, 0, 0, 6, 31.54, 1675142, 458, 0, 0
7519, 162, 45, 76, 0, 0, 13.52%, 0, 0, 6, 256.72, 1675880, 458, 0, 0
7525, 162, 75, 76, 0, 0, 13.52%, 0, 0, 6, 211.64, 1676438, 458, 0, 0
7530, 162, 15, 76, 0, 0, 13.52%, 0, 0, 6, 333.33, 1676990, 458, 0, 0
7535, 162, 26, 76, 0, 0, 13.52%, 0, 0, 6, 31.35, 1677707, 458, 0, 0
7540, 162, 51, 76, 0, 0, 13.52%, 0, 0, 6, 30.45, 1678523, 458, 0, 0
7545, 162, 75, 76, 0, 0, 13.52%, 0, 0, 6, 31.51, 1679409, 458, 0, 0
7550, 162, 35, 76, 0, 0, 13.52%, 0, 0, 6, 325.65, 1680056, 458, 0, 0
7555, 162, 54, 76, 0, 0, 13.52%, 0, 0, 6, 30.70, 1680480, 458, 0, 0
7560, 162, 75, 76, 0, 0, 13.52%, 0, 0, 6, 31.44, 1681341, 458, 0, 0
7565, 162, 75, 76, 0, 0, 13.52%, 0, 0, 6, 31.54, 1682227, 458, 0, 0
7571, 163, 75, 76, 0, 0, 13.52%, 0, 0, 6, 319.03, 1682934, 458, 0, 0
7576, 163, 75, 76, 0, 0, 13.52%, 0, 0, 6, 271.04, 1683350, 458, 0, 0
7581, 163, 74, 76, 0, 0, 13.52%, 0, 0, 6, 30.73, 1684112, 458, 0, 0
7586, 163, 75, 76, 0, 0, 13.52%, 0, 0, 6, 31.18, 1684947, 458, 0, 0
7591, 163, 5, 76, 0, 0, 13.52%, 0, 0, 6, 30.49, 1685805, 458, 0, 0
7596, 163, 75, 76, 0, 0, 13.52%, 0, 0, 6, 258.16, 1686310, 458, 0, 0
7601, 163, 75, 76, 0, 0, 13.52%, 0, 0, 6, 31.39, 1686832, 458, 0, 0
7606, 163, 37, 76, 0, 0, 13.52%, 0, 0, 6, 30.93, 1687671, 458, 0, 0
7611, 163, 75, 76, 0, 0, 13.52%, 0, 0, 6, 31.29, 1688528, 458, 0, 0
7617, 163, 12, 76, 0, 0, 13.52%, 0, 0, 6, 324.01, 1689297, 458, 0, 0
7622, 163, 5, 76, 0, 0, 13.52%, 0, 0, 6, 320.29, 1689809, 458, 0, 0
7627, 163, 26, 76, 0, 0, 13.52%, 0, 0, 6, 31.42, 1690428, 458, 0, 0
7632, 163, 6, 76, 0, 0, 13.52%, 0, 0, 6, 31.52, 1691259, 458, 0, 0
7637, 163, 6, 76, 0, 0, 13.52%, 0, 0, 6, 34.13, 1692082, 458, 0, 0
7642, 163, 5, 76, 0, 0, 13.52%, 0, 0, 6, 317.80, 1692731, 458, 0, 0
7647, 163, 75, 76, 0, 0, 13.52%, 0, 0, 6, 324.69, 1693225, 458, 0, 0
7652, 163, 75, 76, 0, 0, 13.52%, 0, 0, 6, 30.66, 1693899, 458, 0, 0
7657, 163, 75, 76, 0, 0, 13.52%, 0, 0, 6, 31.33, 1694757, 458, 0, 0
7662, 164, 7, 76, 0, 0, 13.52%, 0, 0, 6, 31.25, 1695560, 458, 0, 0
7668, 164, 28, 76, 0, 0, 13.52%, 0, 0, 6, 324.96, 1696321, 458, 0, 0
7673, 164, 75, 76, 0, 0, 13.52%, 0, 0, 6, 264.65, 1696895, 458, 0, 0
7678, 164, 75, 76, 0, 0, 13.52%, 0, 0, 6, 326.73, 1697417, 458, 0, 0
7683, 164, 20, 76, 0, 0, 13.52%, 0, 0, 6, 31.46, 1698163, 458, 0, 0
7688, 164, 26, 76, 0, 0, 13.52%, 0, 0, 6, 38.87, 1698960, 458, 0, 0
7693, 164, 46, 76, 0, 0, 13.52%, 0, 0, 6, 31.43, 1699788, 458, 0, 0
7698, 164, 28, 76, 0, 0, 13.52%, 0, 0, 6, 31.06, 1700560, 458, 0, 0
7703, 164, 2, 76, 0, 0, 13.52%, 0, 0, 6, 245.64, 1701305, 458, 0, 0
7708, 164, 46, 76, 0, 0, 13.52%, 0, 0, 6, 218.92, 1701825, 458, 0, 0
7713, 164, 7, 76, 0, 0, 13.52%, 0, 0, 6, 38.19, 1702391, 458, 0, 0
7719, 164, 28, 76, 0, 0, 13.52%, 0, 0, 6, 30.88, 1703167, 458, 0, 0
7724, 164, 25, 76, 0, 0, 13.52%, 0, 0, 6, 30.37, 1703963, 458, 0, 0
7729, 164, 75, 76, 0, 0, 13.52%, 0, 0, 6, 31.39, 1704796, 458, 0, 0
7734, 165, 54, 76, 0, 0, 13.52%, 0, 0, 6, 273.97, 1705580, 458, 0, 0
7739, 165, 17, 76, 0, 0, 13.52%, 0, 0, 6, 297.71, 1706215, 458, 0, 0
7744, 165, 75, 76, 0, 0, 13.52%, 0, 0, 6, 331.00, 1706722, 458, 0, 0
7749, 165, 75, 76, 0, 0, 13.52%, 0, 0, 6, 32.77, 1707396, 458, 0, 0
7754, 165, 75, 76, 0, 0, 13.52%, 0, 0, 6, 31.18, 1708188, 458, 0, 0
7759, 165, 44, 76, 0, 0, 13.52%, 0, 0, 6, 31.54, 1709020, 458, 0, 0
7764, 165, 55, 76, 0, 0, 13.52%, 0, 0, 6, 257.11, 1710045, 458, 0, 0
7770, 165, 6, 76, 0, 0, 13.52%, 0, 0, 6, 308.63, 1711718, 458, 0, 0
7775, 165, 51, 76, 0, 0, 13.52%, 0, 0, 6, 313.78, 1713362, 458, 0, 0
7780, 165, 51, 76, 0, 0, 13.52%, 0, 0, 6, 309.89, 1714920, 458, 0, 0
7785, 166, 5, 76, 0, 0, 13.52%, 0, 0, 6, 266.72, 1716225, 458, 0, 0
7790, 166, 75, 76, 0, 0, 13.52%, 0, 0, 6, 295.28, 1717760, 458, 0, 0
7795, 166, 75, 76, 0, 0, 13.52%, 0, 0, 6, 302.65, 1719288, 458, 0, 0
7800, 166, 4, 76, 0, 0, 13.52%, 0, 0, 6, 300.93, 1720806, 458, 0, 0
7805, 166, 75, 76, 0, 0, 13.52%, 0, 0, 6, 303.69, 1722348, 458, 0, 0
7810, 166, 75, 76, 0, 0, 13.52%, 0, 0, 6, 259.30, 1723625, 458, 0, 0
7815, 166, 72, 76, 0, 0, 13.52%, 0, 0, 6, 284.41, 1725040, 458, 0, 0
7820, 167, 5, 76, 0, 0, 13.52%, 0, 0, 6, 299.12, 1726560, 458, 0, 0
7825, 167, 4, 76, 0, 0, 13.52%, 0, 0, 6, 306.10, 1728112, 458, 0, 0
7831, 167, 28, 76, 0, 0, 13.52%, 0, 0, 6, 305.91, 1729654, 458, 0, 0
7836, 167, 75, 76, 0, 0, 13.52%, 0, 0, 6, 295.40, 1731105, 458, 0, 0
7841, 167, 5, 76, 0, 0, 13.52%, 0, 0, 6, 307.93, 1732666, 458, 0, 0
7846, 167, 4, 76, 0, 0, 13.52%, 0, 0, 6, 312.03, 1734248, 458, 0, 0
7851, 167, 65, 76, 0, 0, 13.52%, 0, 0, 6, 312.28, 1735866, 458, 0, 0
7856, 167, 75, 76, 0, 0, 13.52%, 0, 0, 6, 292.55, 1737375, 458, 0, 0
7861, 168, 55, 76, 0, 0, 13.52%, 0, 0, 6, 309.73, 1738944, 458, 0, 0
7866, 168, 75, 76, 0, 0, 13.52%, 0, 0, 6, 314.59, 1740572, 458, 0, 0
7871, 168, 20, 76, 0, 0, 13.52%, 0, 0, 6, 314.23, 1742206, 458, 0, 0
7877, 168, 5, 76, 0, 0, 13.52%, 0, 0, 6, 291.68, 1743725, 458, 0, 0
7882, 168, 28, 76, 0, 0, 13.52%, 0, 0, 6, 311.26, 1745353, 458, 0, 0
7887, 168, 55, 76, 0, 0, 13.52%, 0, 0, 6, 314.13, 1746989, 458, 0, 0
7892, 168, 4, 76, 0, 0, 13.52%, 0, 0, 6, 312.32, 1748559, 458, 0, 0
7897, 169, 28, 76, 0, 0, 13.52%, 0, 0, 6, 289.81, 1750040, 458, 0, 0
7902, 169, 75, 76, 0, 0, 13.52%, 0, 0, 6, 312.74, 1751682, 458, 0, 0
7907, 169, 54, 76, 0, 0, 13.52%, 0, 0, 6, 316.12, 1753276, 458, 0, 0
7912, 169, 26, 76, 0, 0, 13.52%, 0, 0, 6, 314.85, 1754846, 458, 0, 0
7917, 169, 75, 76, 0, 0, 13.52%, 0, 0, 6, 295.91, 1756404, 458, 0, 0
7923, 169, 5, 76, 0, 0, 13.52%, 0, 0, 6, 309.62, 1758016, 458, 0, 0
7928, 169, 2, 76, 0, 0, 13.52%, 0, 0, 6, 314.09, 1759656, 458, 0, 0
7933, 170, 51, 76, 0, 0, 13.52%, 0, 0, 6, 314.61, 1761298, 458, 0, 0
7938, 170, 72, 76, 0, 0, 13.52%, 0, 0, 6, 309.33, 1762862, 458, 0, 0
7943, 170, 4, 76, 0, 0, 13.52%, 0, 0, 6, 309.61, 1764404, 458, 0, 0
7948, 170, 74, 76, 0, 0, 13.52%, 0, 0, 6, 312.64, 1765984, 458, 0, 0
7953, 170, 75, 76, 0, 0, 13.52%, 0, 0, 6, 317.68, 1767634, 458, 0, 0
7958, 170, 26, 76, 0, 0, 13.52%, 0, 0, 6, 316.67, 1769268, 458, 0, 0
7964, 171, 8, 76, 0, 0, 13.52%, 0, 0, 6, 309.86, 1770810, 458, 0, 0
7969, 171, 75, 76, 0, 0, 13.52%, 0, 0, 6, 315.23, 1772446, 458, 0, 0
7974, 171, 6, 76, 0, 0, 13.52%, 0, 0, 6, 305.05, 1774068, 458, 0, 0
7979, 171, 6, 76, 0, 0, 13.52%, 0, 0, 6, 312.75, 1775698, 458, 0, 0
7984, 171, 55, 76, 0, 0, 13.52%, 0, 0, 6, 307.13, 1777182, 458, 0, 0
7990, 171, 75, 76, 0, 0, 13.52%, 0, 0, 6, 315.28, 1778820, 458, 0, 0
7995, 172, 5, 76, 0, 0, 13.52%, 0, 0, 6, 316.22, 1780449, 458, 0, 0
8000, 172, 2, 76, 0, 0, 13.52%, 0, 0, 6, 315.79, 1782092, 458, 0, 0
8005, 172, 75, 76, 0, 0, 13.52%, 0, 0, 6, 304.12, 1783604, 458, 0, 0
8010, 172, 75, 76, 0, 0, 13.52%, 0, 0, 6, 314.55, 1785246, 458, 0, 0
8015, 172, 75, 76, 0, 0, 13.52%, 0, 0, 6, 315.20, 1786882, 458, 0, 0
8021, 172, 64, 76, 0, 0, 13.52%, 0, 0, 6, 305.36, 1788428, 458, 0, 0
8026, 172, 54, 76, 0, 0, 13.52%, 0, 0, 6, 304.11, 1789916, 458, 0, 0
8031, 173, 5, 76, 0, 0, 13.52%, 0, 0, 6, 317.19, 1791556, 458, 0, 0
8036, 173, 3, 76, 0, 0, 13.52%, 0, 0, 6, 314.86, 1793192, 458, 0, 0
8041, 173, 17, 76, 0, 0, 13.52%, 0, 0, 6, 31.33, 1794616, 458, 0, 0
8046, 173, 75, 76, 0, 0, 13.52%, 0, 0, 6, 320.61, 1795846, 458, 0, 0
8051, 173, 74, 76, 0, 0, 13.52%, 0, 0, 6, 318.19, 1797046, 458, 0, 0
8056, 173, 10, 76, 0, 0, 13.52%, 0, 0, 6, 318.08, 1798698, 458, 0, 0
8061, 173, 37, 76, 0, 0, 13.52%, 0, 0, 6, 322.12, 1800316, 458, 0, 0
8067, 173, 20, 76, 0, 0, 13.52%, 0, 0, 6, 317.64, 1801916, 458, 0, 0
8072, 174, 17, 76, 0, 0, 13.52%, 0, 0, 6, 325.36, 1803146, 458, 0, 0
8077, 174, 26, 76, 0, 0, 13.52%, 0, 0, 6, 321.24, 1804791, 458, 0, 0
8082, 174, 75, 76, 0, 0, 13.52%, 0, 0, 6, 311.04, 1806431, 458, 0, 0
8087, 174, 75, 76, 0, 0, 13.52%, 0, 0, 6, 289.38, 1807745, 458, 0, 0
8092, 174, 75, 76, 0, 0, 13.52%, 0, 0, 6, 318.39, 1809407, 458, 0, 0
8097, 174, 55, 76, 0, 0, 13.52%, 0, 0, 6, 325.97, 1810649, 458, 0, 0
8102, 174, 75, 76, 0, 0, 13.52%, 0, 0, 6, 320.05, 1812251, 458, 0, 0
8108, 175, 7, 76, 0, 0, 13.52%, 0, 0, 6, 320.02, 1813915, 458, 0, 0
8113, 175, 75, 76, 0, 0, 13.52%, 0, 0, 6, 317.20, 1815119, 458, 0, 0
8118, 175, 75, 76, 0, 0, 13.52%, 0, 0, 6, 321.62, 1816743, 458, 0, 0
8123, 175, 31, 76, 0, 0, 13.52%, 0, 0, 6, 322.60, 1818421, 458, 0, 0
8128, 175, 75, 76, 0, 0, 13.52%, 0, 0, 6, 329.71, 1819661, 458, 0, 0
8133, 175, 4, 76, 0, 0, 13.52%, 0, 0, 6, 326.25, 1821337, 458, 0, 0
8138, 175, 75, 76, 0, 0, 13.52%, 0, 0, 6, 165.23, 1822548, 458, 0, 0
8143, 175, 2, 76, 0, 0, 13.52%, 0, 0, 6, 289.60, 1824185, 458, 0, 0
8149, 176, 35, 76, 0, 0, 13.52%, 0, 0, 6, 316.26, 1825843, 458, 0, 0
8154, 176, 7, 76, 0, 0, 13.52%, 0, 0, 6, 263.54, 1827105, 458, 0, 0
8159, 176, 75, 76, 0, 0, 13.52%, 0, 0, 6, 308.45, 1828751, 458, 0, 0
8164, 176, 75, 76, 0, 0, 13.52%, 0, 0, 6, 31.34, 1830130, 458, 0, 0
8169, 176, 75, 76, 0, 0, 13.52%, 0, 0, 6, 323.61, 1831683, 458, 0, 0
8174, 176, 12, 76, 0, 0, 13.52%, 0, 0, 6, 318.94, 1833337, 458, 0, 0
8179, 176, 51, 76, 0, 0, 13.52%, 0, 0, 6, 324.62, 1834579, 458, 0, 0
8185, 177, 75, 76, 0, 0, 13.52%, 0, 0, 6, 325.50, 1836273, 458, 0, 0
8190, 177, 2, 76, 0, 0, 13.52%, 0, 0, 6, 31.17, 1837721, 458, 0, 0
8195, 177, 12, 76, 0, 0, 13.52%, 0, 0, 6, 319.89, 1839179, 458, 0, 0
8200, 177, 26, 76, 0, 0, 13.52%, 0, 0, 6, 317.78, 1840809, 458, 0, 0
8205, 177, 37, 76, 0, 0, 13.52%, 0, 0, 6, 254.42, 1842073, 458, 0, 0
8210, 177, 75, 76, 0, 0, 13.52%, 0, 0, 6, 310.39, 1843743, 458, 0, 0
8215, 177, 6, 76, 0, 0, 13.52%, 0, 0, 6, 30.38, 1844983, 458, 0, 0
8220, 177, 75, 76, 0, 0, 13.52%, 0, 0, 6, 317.53, 1846597, 458, 0, 0
8226, 178, 72, 76, 0, 0, 13.52%, 0, 0, 6, 317.20, 1848237, 458, 0, 0
8231, 178, 75, 76, 0, 0, 13.52%, 0, 0, 6, 324.87, 1849497, 458, 0, 0
8236, 178, 75, 76, 0, 0, 13.52%, 0, 0, 6, 323.08, 1851171, 458, 0, 0
8241, 178, 34, 76, 0, 0, 13.52%, 0, 0, 6, 320.00, 1852436, 458, 0, 0
8246, 178, 75, 76, 0, 0, 13.52%, 0, 0, 6, 322.32, 1854107, 458, 0, 0
8251, 178, 28, 76, 0, 0, 13.52%, 0, 0, 6, 317.61, 1855749, 458, 0, 0
8257, 178, 7, 76, 0, 0, 13.52%, 0, 0, 6, 258.77, 1857000, 458, 0, 0
8262, 179, 6, 76, 0, 0, 13.52%, 0, 0, 6, 309.62, 1858661, 458, 0, 0
8267, 179, 75, 76, 0, 0, 13.52%, 0, 0, 6, 257.50, 1859905, 458, 0, 0
8272, 179, 75, 76, 0, 0, 13.52%, 0, 0, 6, 309.94, 1861533, 458, 0, 0
8277, 179, 55, 76, 0, 0, 13.52%, 0, 0, 6, 31.48, 1862853, 458, 0, 0
8282, 179, 54, 76, 0, 0, 13.52%, 0, 0, 6, 322.25, 1864539, 458, 0, 0
8287, 179, 20, 76, 0, 0, 13.52%, 0, 0, 6, 328.07, 1865943, 458, 0, 0
8292, 180, 17, 76, 0, 0, 13.52%, 0, 0, 6, 326.19, 1867467, 458, 0, 0
8298, 180, 75, 76, 0, 0, 13.52%, 0, 0, 6, 264.87, 1868900, 458, 0, 0
8303, 180, 7, 76, 0, 0, 13.52%, 0, 0, 6, 324.48, 1870343, 458, 0, 0
8308, 180, 17, 76, 0, 0, 13.52%, 0, 0, 6, 287.15, 1871775, 458, 0, 0
8313, 180, 20, 76, 0, 0, 13.52%, 0, 0, 6, 314.72, 1873391, 458, 0, 0
8318, 180, 55, 76, 0, 0, 13.52%, 0, 0, 6, 305.52, 1874791, 458, 0, 0
8323, 180, 75, 76, 0, 0, 13.52%, 0, 0, 6, 330.60, 1876223, 458, 0, 0
8328, 180, 46, 76, 0, 0, 13.52%, 0, 0, 6, 313.14, 1877749, 458, 0, 0
8333, 181, 51, 76, 0, 0, 13.52%, 0, 0, 6, 318.04, 1879181, 458, 0, 0
8338, 181, 75, 76, 0, 0, 13.52%, 0, 0, 6, 330.02, 1880581, 458, 0, 0
8343, 181, 67, 76, 0, 0, 13.52%, 0, 0, 6, 283.77, 1882030, 458, 0, 0
8349, 181, 75, 76, 0, 0, 13.52%, 0, 0, 6, 312.69, 1883685, 458, 0, 0
8354, 181, 28, 76, 0, 0, 13.52%, 0, 0, 6, 308.45, 1885109, 458, 0, 0
8359, 181, 32, 76, 0, 0, 13.52%, 0, 0, 6, 30.38, 1886497, 458, 0, 0
8364, 182, 26, 76, 0, 0, 13.52%, 0, 0, 6, 321.53, 1887390, 458, 0, 0
8369, 182, 75, 76, 0, 0, 13.52%, 0, 0, 6, 260.51, 1888460, 458, 0, 0
8374, 182, 75, 76, 0, 0, 13.52%, 0, 0, 6, 322.12, 1889544, 458, 0, 0
8379, 182, 75, 76, 0, 0, 13.52%, 0, 0, 6, 31.34, 1890634, 458, 0, 0
8384, 182, 26, 76, 0, 0, 13.52%, 0, 0, 6, 31.24, 1891913, 458, 0, 0
8390, 182, 2, 76, 0, 0, 13.52%, 0, 0, 6, 325.07, 1893072, 458, 0, 0
8395, 182, 75, 76, 0, 0, 13.52%, 0, 0, 6, 328.05, 1893936, 458, 0, 0
8400, 182, 75, 76, 0, 0, 13.52%, 0, 0, 6, 31.52, 1894901, 458, 0, 0
8405, 182, 5, 76, 0, 0, 13.52%, 0, 0, 6, 31.36, 1896171, 458, 0, 0
8410, 182, 20, 76, 0, 0, 13.52%, 0, 0, 6, 319.46, 1897359, 458, 0, 0
8415, 182, 75, 76, 0, 0, 13.52%, 0, 0, 6, 323.26, 1898187, 458, 0, 0
8420, 182, 75, 76, 0, 0, 13.52%, 0, 0, 6, 317.03, 1898953, 458, 0, 0
8426, 182, 75, 76, 0, 0, 13.52%, 0, 0, 6, 31.29, 1899868, 458, 0, 0
8431, 183, 46, 76, 0, 0, 13.52%, 0, 0, 6, 31.47, 1901000, 458, 0, 0
8436, 183, 26, 76, 0, 0, 13.52%, 0, 0, 6, 31.33, 1902147, 458, 0, 0
8441, 183, 75, 76, 0, 0, 13.52%, 0, 0, 6, 259.61, 1903005, 458, 0, 0
8446, 183, 5, 76, 0, 0, 13.52%, 0, 0, 6, 301.37, 1903799, 458, 0, 0
8451, 183, 45, 76, 0, 0, 13.52%, 0, 0, 6, 321.62, 1904559, 458, 0, 0
8456, 183, 73, 76, 0, 0, 13.52%, 0, 0, 6, 30.68, 1905407, 458, 0, 0
8461, 183, 55, 76, 0, 0, 13.52%, 0, 0, 6, 31.22, 1906392, 458, 0, 0
8466, 183, 61, 76, 0, 0, 13.52%, 0, 0, 6, 31.25, 1907388, 458, 0, 0
8472, 183, 59, 76, 0, 0, 13.52%, 0, 0, 6, 322.42, 1908287, 458, 0, 0
8477, 183, 18, 76, 0, 0, 13.52%, 0, 0, 6, 250.93, 1908991, 458, 0, 0
8482, 183, 74, 76, 0, 0, 13.52%, 0, 0, 6, 319.97, 1909705, 458, 0, 0
8487, 183, 51, 76, 0, 0, 13.52%, 0, 0, 6, 30.50, 1910458, 458, 0, 0
8492, 184, 55, 76, 0, 0, 13.52%, 0, 0, 6, 31.27, 1911386, 458, 0, 0
8497, 184, 67, 76, 0, 0, 13.52%, 0, 0, 6, 31.24, 1912340, 458, 0, 0
8502, 184, 20, 76, 0, 0, 13.52%, 0, 0, 6, 31.36, 1913274, 458, 0, 0
8507, 184, 75, 76, 0, 0, 13.52%, 0, 0, 6, 331.38, 1914139, 458, 0, 0
8512, 184, 26, 76, 0, 0, 13.52%, 0, 0, 6, 315.92, 1914771, 458, 0, 0
8518, 184, 74, 76, 0, 0, 13.52%, 0, 0, 6, 324.65, 1915369, 458, 0, 0
8523, 184, 72, 76, 0, 0, 13.52%, 0, 0, 6, 31.28, 1916151, 458, 0, 0
8528, 184, 4, 76, 0, 0, 13.52%, 0, 0, 6, 36.34, 1917049, 458, 0, 0
8533, 184, 28, 76, 0, 0, 13.52%, 0, 0, 6, 31.56, 1917967, 458, 0, 0
8538, 184, 75, 76, 0, 0, 13.52%, 0, 0, 6, 247.91, 1918875, 458, 0, 0
8543, 184, 5, 76, 0, 0, 13.52%, 0, 0, 6, 320.84, 1919523, 458, 0, 0
8548, 184, 5, 76, 0, 0, 13.52%, 0, 0, 6, 269.57, 1920150, 458, 0, 0
8553, 185, 75, 76, 0, 0, 13.52%, 0, 0, 6, 30.94, 1920778, 458, 0, 0
8558, 185, 6, 76, 0, 0, 13.52%, 0, 0, 6, 31.24, 1921644, 458, 0, 0
8563, 185, 75, 76, 0, 0, 13.52%, 0, 0, 6, 31.28, 1922482, 458, 0, 0
8568, 185, 75, 76, 0, 0, 13.52%, 0, 0, 6, 30.91, 1923353, 458, 0, 0
8573, 185, 17, 76, 0, 0, 13.52%, 0, 0, 6, 321.28, 1924181, 458, 0, 0
8579, 185, 1, 76, 0, 0, 13.52%, 0, 0, 6, 272.36, 1924880, 458, 0, 0
8584, 185, 75, 76, 0, 0, 13.52%, 0, 0, 6, 278.80, 1925510, 458, 0, 0
8589, 185, 51, 76, 0, 0, 13.52%, 0, 0, 6, 326.73, 1926134, 458, 0, 0
8594, 185, 17, 76, 0, 0, 13.52%, 0, 0, 6, 31.36, 1926914, 458, 0, 0
8599, 185, 66, 76, 0, 0, 13.52%, 0, 0, 6, 31.36, 1927734, 458, 0, 0
8604, 185, 51, 76, 0, 0, 13.52%, 0, 0, 6, 31.51, 1928572, 458, 0, 0
8610, 185, 59, 76, 0, 0, 13.52%, 0, 0, 6, 31.44, 1929407, 458, 0, 0
8615, 185, 26, 76, 0, 0, 13.52%, 0, 0, 6, 250.69, 1930211, 458, 0, 0
8620, 185, 26, 76, 0, 0, 13.52%, 0, 0, 6, 321.97, 1930841, 458, 0, 0
8625, 186, 75, 76, 0, 0, 13.52%, 0, 0, 6, 257.52, 1931515, 458, 0, 0
8630, 186, 5, 76, 0, 0, 13.52%, 0, 0, 6, 38.05, 1932052, 458, 0, 0
8635, 186, 26, 76, 0, 0, 13.52%, 0, 0, 6, 30.64, 1932964, 458, 0, 0
8640, 186, 75, 76, 0, 0, 13.52%, 0, 0, 6, 52.04, 1933874, 458, 0, 0
8645, 186, 75, 76, 0, 0, 13.52%, 0, 0, 6, 298.12, 1934570, 458, 0, 0
8651, 186, 5, 76, 0, 0, 13.52%, 0, 0, 6, 322.02, 1935047, 458, 0, 0
8656, 186, 75, 76, 0, 0, 13.52%, 0, 0, 6, 31.04, 1935800, 458, 0, 0
8661, 186, 26, 76, 0, 0, 13.52%, 0, 0, 6, 31.27, 1936697, 458, 0, 0
8666, 186, 28, 76, 0, 0, 13.52%, 0, 0, 6, 31.27, 1937588, 458, 0, 0
8671, 186, 12, 76, 0, 0, 13.52%, 0, 0, 6, 286.06, 1938210, 458, 0, 0
8676, 186, 7, 76, 0, 0, 13.52%, 0, 0, 6, 256.64, 1938720, 458, 0, 0
8681, 186, 75, 76, 0, 0, 13.52%, 0, 0, 6, 31.52, 1939507, 458, 0, 0
8686, 186, 75, 76, 0, 0, 13.52%, 0, 0, 6, 31.37, 1940391, 458, 0, 0
8692, 186, 28, 76, 0, 0, 13.52%, 0, 0, 6, 323.69, 1941299, 458, 0, 0
8697, 186, 75, 76, 0, 0, 13.52%, 0, 0, 6, 207.57, 1941788, 458, 0, 0
8702, 187, 75, 76, 0, 0, 13.52%, 0, 0, 6, 37.24, 1942335, 458, 0, 0
8707, 187, 54, 76, 0, 0, 13.52%, 0, 0, 6, 31.57, 1943199, 458, 0, 0
8712, 187, 17, 76, 0, 0, 13.52%, 0, 0, 6, 51.01, 1944093, 458, 0, 0
8717, 187, 26, 76, 0, 0, 13.52%, 0, 0, 6, 317.00, 1944917, 458, 0, 0
8723, 187, 75, 76, 0, 0, 13.52%, 0, 0, 6, 276.01, 1945410, 458, 0, 0
8728, 187, 75, 76, 0, 0, 13.52%, 0, 0, 6, 30.99, 1945993, 458, 0, 0
8733, 187, 74, 76, 0, 0, 13.52%, 0, 0, 6, 31.08, 1946859, 458, 0, 0
8738, 187, 54, 76, 0, 0, 13.52%, 0, 0, 6, 31.15, 1947709, 458, 0, 0
8743, 187, 20, 76, 0, 0, 13.52%, 0, 0, 6, 312.48, 1948547, 458, 0, 0
8748, 187, 6, 76, 0, 0, 13.52%, 0, 0, 6, 240.75, 1949155, 458, 0, 0
8753, 187, 51, 76, 0, 0, 13.52%, 0, 0, 6, 279.18, 1949685, 458, 0, 0
8758, 187, 74, 76, 0, 0, 13.52%, 0, 0, 6, 31.36, 1950328, 458, 0, 0
8763, 187, 75, 76, 0, 0, 13.52%, 0, 0, 6, 30.42, 1951144, 458, 0, 0
8769, 187, 75, 76, 0, 0, 13.52%, 0, 0, 6, 31.25, 1951951, 458, 0, 0
8774, 187, 17, 76, 0, 0, 13.52%, 0, 0, 6, 31.56, 1952779, 458, 0, 0
8779, 187, 75, 76, 0, 0, 13.52%, 0, 0, 6, 317.50, 1953585, 458, 0, 0
8784, 187, 75, 76, 0, 0, 13.52%, 0, 0, 6, 269.81, 1954205, 458, 0, 0
8789, 188, 20, 76, 0, 0, 13.52%, 0, 0, 6, 301.88, 1954765, 458, 0, 0
8794, 188, 17, 76, 0, 0, 13.52%, 0, 0, 6, 38.25, 1955352, 458, 0, 0
8799, 188, 59, 76, 0, 0, 13.52%, 0, 0, 6, 30.83, 1956141, 458, 0, 0
8805, 188, 5, 76, 0, 0, 13.52%, 0, 0, 6, 31.00, 1956965, 458, 0, 0
8810, 188, 46, 76, 0, 0, 13.52%, 0, 0, 6, 31.43, 1957756, 458, 0, 0
8815, 188, 53, 76, 0, 0, 13.52%, 0, 0, 6, 46.88, 1958575, 458, 0, 0
8820, 188, 59, 76, 0, 0, 13.52%, 0, 0, 6, 332.89, 1959174, 458, 0, 0
8825, 188, 75, 76, 0, 0, 13.52%, 0, 0, 6, 324.02, 1959749, 458, 0, 0
8830, 188, 2, 76, 0, 0, 13.52%, 0, 0, 6, 31.36, 1960333, 458, 0, 0
8836, 188, 75, 76, 0, 0, 13.52%, 0, 0, 6, 31.52, 1961137, 458, 0, 0
8841, 188, 46, 76, 0, 0, 13.52%, 0, 0, 6, 31.27, 1961923, 458, 0, 0
8846, 188, 75, 76, 0, 0, 13.52%, 0, 0, 6, 31.18, 1962748, 458, 0, 0
8851, 188, 75, 76, 0, 0, 13.52%, 0, 0, 6, 293.15, 1963541, 458, 0, 0
8856, 188, 75, 76, 0, 0, 13.52%, 0, 0, 6, 329.79, 1964215, 458, 0, 0
8861, 188, 55, 76, 0, 0, 13.52%, 0, 0, 6, 294.83, 1964700, 458, 0, 0
8866, 188, 5, 76, 0, 0, 13.52%, 0, 0, 6, 48.60, 1965329, 458, 0, 0
8871, 189, 26, 76, 0, 0, 13.52%, 0, 0, 6, 31.31, 1966163, 458, 0, 0
8876, 189, 75, 76, 0, 0, 13.52%, 0, 0, 6, 39.55, 1967030, 458, 0, 0
8882, 189, 51, 76, 0, 0, 13.52%, 0, 0, 6, 329.36, 1967905, 458, 0, 0
8887, 189, 17, 76, 0, 0, 13.52%, 0, 0, 6, 320.83, 1968375, 458, 0, 0
8892, 189, 75, 76, 0, 0, 13.52%, 0, 0, 6, 31.16, 1968920, 458, 0, 0
8897, 189, 6, 76, 0, 0, 13.52%, 0, 0, 6, 31.10, 1969803, 458, 0, 0
8902, 189, 67, 76, 0, 0, 13.52%, 0, 0, 6, 31.42, 1970644, 458, 0, 0
8907, 189, 6, 76, 0, 0, 13.52%, 0, 0, 6, 320.58, 1971475, 458, 0, 0
8912, 189, 75, 76, 0, 0, 13.52%, 0, 0, 6, 217.24, 1971899, 458, 0, 0
8917, 189, 0, 76, 0, 0, 13.52%, 0, 0, 6, 30.99, 1972536, 458, 0, 0
8923, 189, 4, 76, 0, 0, 13.52%, 0, 0, 6, 38.35, 1973386, 458, 0, 0
8928, 189, 0, 76, 0, 0, 13.52%, 0, 0, 6, 30.46, 1974213, 458, 0, 0
8933, 189, 54, 76, 0, 0, 13.52%, 0, 0, 6, 257.69, 1974935, 458, 0, 0
8938, 189, 6, 76, 0, 0, 13.52%, 0, 0, 6, 197.24, 1975314, 458, 0, 0
8943, 189, 75, 76, 0, 0, 13.52%, 0, 0, 6, 31.33, 1976064, 458, 0, 0
8948, 189, 75, 76, 0, 0, 13.52%, 0, 0, 6, 31.31, 1976952, 458, 0, 0
8953, 190, 75, 76, 0, 0, 13.52%, 0, 0, 6, 333.76, 1977755, 458, 0, 0
8958, 190, 4, 76, 0, 0, 13.52%, 0, 0, 6, 302.95, 1978165, 458, 0, 0
8963, 190, 55, 76, 0, 0, 13.52%, 0, 0, 6, 31.38, 1978856, 458, 0, 0
8968, 190, 75, 76, 0, 0, 13.52%, 0, 0, 6, 30.88, 1979723, 458, 0, 0
8973, 190, 28, 76, 0, 0, 13.52%, 0, 0, 6, 31.66, 1980593, 458, 0, 0
8978, 190, 75, 76, 0, 0, 13.52%, 0, 0, 6, 312.30, 1981193, 458, 0, 0
8984, 190, 7, 76, 0, 0, 13.52%, 0, 0, 6, 30.71, 1981623, 458, 0, 0
8989, 190, 51, 76, 0, 0, 13.52%, 0, 0, 6, 30.55, 1982422, 458, 0, 0
8994, 190, 75, 76, 0, 0, 13.52%, 0, 0, 6, 30.58, 1983212, 458, 0, 0
8999, 190, 59, 76, 0, 0, 13.52%, 0, 0, 6, 31.35, 1984013, 458, 0, 0
9004, 190, 75, 76, 0, 0, 13.52%, 0, 0, 6, 304.26, 1984837, 458, 0, 0
9009, 190, 74, 76, 0, 0, 13.52%, 0, 0, 6, 273.60, 1985420, 458, 0, 0
9014, 190, 75, 76, 0, 0, 13.52%, 0, 0, 6, 33.11, 1985837, 458, 0, 0
9020, 190, 2, 76, 0, 0, 13.52%, 0, 0, 6, 31.51, 1986665, 458, 0, 0
9025, 190, 45, 76, 0, 0, 13.52%, 0, 0, 6, 30.48, 1987472, 458, 0, 0
9030, 190, 5, 76, 0, 0, 13.52%, 0, 0, 6, 30.82, 1988274, 458, 0, 0
9035, 190, 26, 76, 0, 0, 13.52%, 0, 0, 6, 32.88, 1989047, 458, 0, 0
9040, 191, 59, 76, 0, 0, 13.52%, 0, 0, 6, 243.25, 1989727, 458, 0, 0
9046, 191, 26, 76, 0, 0, 13.52%, 0, 0, 6, 322.45, 1990299, 458, 0, 0
9051, 191, 4, 76, 0, 0, 13.52%, 0, 0, 6, 200.33, 1990874, 458, 0, 0
9056, 191, 51, 76, 0, 0, 13.52%, 0, 0, 6, 33.19, 1991586, 458, 0, 0
9061, 191, 75, 76, 0, 0, 13.52%, 0, 0, 6, 30.89, 1992385, 458, 0, 0
9066, 191, 16, 76, 0, 0, 13.52%, 0, 0, 6, 31.26, 1993216, 458, 0, 0
9071, 191, 55, 76, 0, 0, 13.52%, 0, 0, 6, 30.30, 1993985, 458, 0, 0
9076, 191, 20, 76, 0, 0, 13.52%, 0, 0, 6, 326.46, 1994693, 458, 0, 0
9082, 191, 26, 76, 0, 0, 13.52%, 0, 0, 6, 325.93, 1995241, 458, 0, 0
9087, 191, 20, 76, 0, 0, 13.52%, 0, 0, 6, 34.85, 1995715, 458, 0, 0
9092, 191, 55, 76, 0, 0, 13.52%, 0, 0, 6, 31.45, 1996493, 458, 0, 0
9097, 191, 74, 76, 0, 0, 13.52%, 0, 0, 6, 31.37, 1997375, 458, 0, 0
9102, 191, 5, 76, 0, 0, 13.52%, 0, 0, 6, 30.30, 1998253, 458, 0, 0
9107, 191, 75, 76, 0, 0, 13.52%, 0, 0, 6, 330.97, 1998865, 458, 0, 0
9112, 191, 75, 76, 0, 0, 13.52%, 0, 0, 6, 328.36, 1999338, 458, 0, 0
9117, 191, 51, 76, 0, 0, 13.52%, 0, 0, 6, 31.13, 2000175, 458, 0, 0
9122, 191, 17, 76, 0, 0, 13.52%, 0, 0, 6, 31.51, 2001016, 458, 0, 0
9128, 192, 75, 76, 0, 0, 13.52%, 0, 0, 6, 32.35, 2001893, 458, 0, 0
9133, 192, 6, 76, 0, 0, 13.52%, 0, 0, 6, 330.55, 2002423, 458, 0, 0
9138, 192, 4, 76, 0, 0, 13.52%, 0, 0, 6, 30.78, 2002886, 458, 0, 0
9143, 192, 75, 76, 0, 0, 13.52%, 0, 0, 6, 31.48, 2003767, 458, 0, 0
9148, 192, 75, 76, 0, 0, 13.52%, 0, 0, 6, 31.55, 2004628, 458, 0, 0
9153, 192, 6, 76, 0, 0, 13.52%, 0, 0, 6, 276.54, 2005490, 458, 0, 0
9159, 192, 75, 76, 0, 0, 13.52%, 0, 0, 6, 322.43, 2005915, 458, 0, 0
9164, 192, 75, 76, 0, 0, 13.52%, 0, 0, 6, 31.32, 2006506, 458, 0, 0
9169, 192, 75, 76, 0, 0, 13.52%, 0, 0, 6, 31.34, 2007381, 458, 0, 0
9174, 192, 37, 76, 0, 0, 13.52%, 0, 0, 6, 51.53, 2008226, 458, 0, 0
9179, 192, 75, 76, 0, 0, 13.52%, 0, 0, 6, 314.21, 2008935, 458, 0, 0
9184, 192, 12, 76, 0, 0, 13.52%, 0, 0, 6, 313.90, 2009329, 458, 0, 0
9189, 192, 28, 76, 0, 0, 13.52%, 0, 0, 6, 30.36, 2010070, 458, 0, 0
9194, 192, 75, 76, 0, 0, 13.52%, 0, 0, 6, 34.85, 2010930, 458, 0, 0
9199, 192, 75, 76, 0, 0, 13.52%, 0, 0, 6, 30.30, 2011787, 458, 0, 0
9205, 192, 26, 76, 0, 0, 13.52%, 0, 0, 6, 320.22, 2012447, 458, 0, 0
9210, 193, 75, 76, 0, 0, 13.52%, 0, 0, 6, 272.96, 2012885, 458, 0, 0
9215, 193, 6, 76, 0, 0, 13.52%, 0, 0, 6, 30.63, 2013639, 458, 0, 0
9220, 193, 4, 76, 0, 0, 13.52%, 0, 0, 6, 30.57, 2014441, 458, 0, 0
9225, 193, 75, 76, 0, 0, 13.52%, 0, 0, 6, 31.06, 2015236, 458, 0, 0
9230, 193, 26, 76, 0, 0, 13.52%, 0, 0, 6, 269.53, 2016080, 458, 0, 0
9235, 193, 6, 76, 0, 0, 13.52%, 0, 0, 6, 226.21, 2016635, 458, 0, 0
9240, 193, 26, 76, 0, 0, 13.52%, 0, 0, 6, 207.45, 2017191, 458, 0, 0
9245, 193, 26, 76, 0, 0, 13.52%, 0, 0, 6, 34.34, 2017828, 458, 0, 0
9250, 193, 62, 76, 0, 0, 13.52%, 0, 0, 6, 30.82, 2018628, 458, 0, 0
9256, 193, 75, 76, 0, 0, 13.52%, 0, 0, 6, 30.71, 2019446, 458, 0, 0
9261, 193, 6, 76, 0, 0, 13.52%, 0, 0, 6, 30.41, 2020214, 458, 0, 0
9266, 193, 5, 76, 0, 0, 13.52%, 0, 0, 6, 247.13, 2021025, 458, 0, 0
9271, 193, 6, 76, 0, 0, 13.52%, 0, 0, 6, 317.32, 2021659, 458, 0, 0
9276, 194, 75, 76, 0, 0, 13.52%, 0, 0, 6, 328.56, 2022951, 458, 0, 0
9281, 194, 12, 76, 0, 0, 13.52%, 0, 0, 6, 324.15, 2024574, 458, 0, 0
9286, 194, 26, 76, 0, 0, 13.52%, 0, 0, 6, 317.00, 2026210, 458, 0, 0
9291, 194, 75, 76, 0, 0, 13.52%, 0, 0, 6, 310.64, 2027762, 458, 0, 0
9296, 194, 75, 76, 0, 0, 13.52%, 0, 0, 6, 274.05, 2029080, 458, 0, 0
9302, 194, 55, 76, 0, 0, 13.52%, 0, 0, 6, 249.13, 2030310, 458, 0, 0
9307, 194, 6, 76, 0, 0, 13.52%, 0, 0, 6, 295.35, 2031860, 458, 0, 0
9312, 195, 75, 76, 0, 0, 13.52%, 0, 0, 6, 301.58, 2033392, 458, 0, 0
9317, 195, 46, 76, 0, 0, 13.52%, 0, 0, 6, 303.19, 2034934, 458, 0, 0
9322, 195, 72, 76, 0, 0, 13.52%, 0, 0, 6, 292.57, 2036405, 458, 0, 0
9327, 195, 12, 76, 0, 0, 13.52%, 0, 0, 6, 253.41, 2037625, 458, 0, 0
9332, 195, 72, 76, 0, 0, 13.52%, 0, 0, 6, 285.55, 2039060, 458, 0, 0
9337, 195, 59, 76, 0, 0, 13.52%, 0, 0, 6, 301.03, 2040610, 458, 0, 0
9342, 195, 75, 76, 0, 0, 13.52%, 0, 0, 6, 309.64, 2042166, 458, 0, 0
9347, 196, 4, 76, 0, 0, 13.52%, 0, 0, 6, 309.96, 2043722, 458, 0, 0
9352, 196, 72, 76, 0, 0, 13.52%, 0, 0, 6, 299.94, 2045195, 458, 0, 0
9357, 196, 28, 76, 0, 0, 13.52%, 0, 0, 6, 309.53, 2046768, 458, 0, 0
9362, 196, 20, 76, 0, 0, 13.52%, 0, 0, 6, 312.23, 2048334, 458, 0, 0
9367, 196, 20, 76, 0, 0, 13.52%, 0, 0, 6, 315.30, 2049916, 458, 0, 0
9372, 196, 20, 76, 0, 0, 13.52%, 0, 0, 6, 299.58, 2051449, 458, 0, 0
9377, 196, 15, 76, 0, 0, 13.52%, 0, 0, 6, 312.24, 2053028, 458, 0, 0
9382, 197, 75, 76, 0, 0, 13.52%, 0, 0, 6, 318.18, 2054676, 458, 0, 0
9387, 197, 75, 76, 0, 0, 13.52%, 0, 0, 6, 315.91, 2056316, 458, 0, 0
9393, 197, 28, 76, 0, 0, 13.52%, 0, 0, 6, 295.21, 2057845, 458, 0, 0
9398, 197, 34, 76, 0, 0, 13.52%, 0, 0, 6, 313.06, 2059491, 458, 0, 0
9403, 197, 75, 76, 0, 0, 13.52%, 0, 0, 6, 319.18, 2061131, 458, 0, 0
9408, 197, 59, 76, 0, 0, 13.52%, 0, 0, 6, 315.40, 2062709, 458, 0, 0
9413, 197, 54, 76, 0, 0, 13.52%, 0, 0, 6, 290.40, 2064230, 458, 0, 0
9418, 198, 6, 76, 0, 0, 13.52%, 0, 0, 6, 309.84, 2065843, 458, 0, 0
9423, 198, 28, 76, 0, 0, 13.52%, 0, 0, 6, 312.50, 2067421, 458, 0, 0
9428, 198, 5, 76, 0, 0, 13.52%, 0, 0, 6, 315.42, 2069055, 458, 0, 0
9434, 198, 7, 76, 0, 0, 13.52%, 0, 0, 6, 284.46, 2070575, 458, 0, 0
9439, 198, 75, 76, 0, 0, 13.52%, 0, 0, 6, 310.90, 2072213, 458, 0, 0
9444, 198, 26, 76, 0, 0, 13.52%, 0, 0, 6, 312.83, 2073843, 458, 0, 0
9449, 199, 7, 76, 0, 0, 13.52%, 0, 0, 6, 316.46, 2075478, 458, 0, 0
9454, 199, 51, 76, 0, 0, 13.52%, 0, 0, 6, 293.31, 2077025, 458, 0, 0
9460, 199, 51, 76, 0, 0, 13.52%, 0, 0, 6, 313.16, 2078648, 458, 0, 0
9465, 199, 5, 76, 0, 0, 13.52%, 0, 0, 6, 312.48, 2080196, 458, 0, 0
9470, 199, 75, 76, 0, 0, 13.52%, 0, 0, 6, 313.46, 2081824, 458, 0, 0
9475, 199, 6, 76, 0, 0, 13.52%, 0, 0, 6, 308.95, 2083390, 458, 0, 0
9480, 199, 51, 76, 0, 0, 13.52%, 0, 0, 6, 310.64, 2084950, 458, 0, 0
9485, 200, 75, 76, 0, 0, 13.52%, 0, 0, 6, 314.29, 2086588, 458, 0, 0
9490, 200, 46, 76, 0, 0, 13.52%, 0, 0, 6, 314.42, 2088224, 458, 0, 0
9495, 200, 7, 76, 0, 0, 13.52%, 0, 0, 6, 313.19, 2089796, 458, 0, 0
9501, 200, 6, 76, 0, 0, 13.52%, 0, 0, 6, 307.10, 2091324, 458, 0, 0
9506, 200, 75, 76, 0, 0, 13.52%, 0, 0, 6, 314.90, 2092860, 458, 0, 0
9511, 200, 5, 76, 0, 0, 13.52%, 0, 0, 6, 315.28, 2094490, 458, 0, 0
9516, 200, 13, 76, 0, 0, 13.52%, 0, 0, 6, 315.50, 2096130, 458, 0, 0
9521, 201, 75, 76, 0, 0, 13.52%, 0, 0, 6, 307.31, 2097650, 458, 0, 0
9526, 201, 28, 76, 0, 0, 13.52%, 0, 0, 6, 314.25, 2099236, 458, 0, 0
9531, 201, 6, 76, 0, 0, 13.52%, 0, 0, 6, 315.42, 2100872, 458, 0, 0
9537, 201, 7, 76, 0, 0, 13.52%, 0, 0, 6, 314.10, 2102506, 458, 0, 0
9542, 201, 4, 76, 0, 0, 13.52%, 0, 0, 6, 304.25, 2104030, 458, 0, 0
9547, 201, 75, 76, 0, 0, 13.52%, 0, 0, 6, 316.93, 2105666, 458, 0, 0
9552, 201, 4, 76, 0, 0, 13.52%, 0, 0, 6, 308.69, 2107260, 458, 0, 0
9557, 202, 2, 76, 0, 0, 13.52%, 0, 0, 6, 315.74, 2108896, 458, 0, 0
9562, 202, 75, 76, 0, 0, 13.52%, 0, 0, 6, 302.89, 2110414, 458, 0, 0
9568, 202, 75, 76, 0, 0, 13.52%, 0, 0, 6, 316.26, 2112068, 458, 0, 0
9573, 202, 55, 76, 0, 0, 13.52%, 0, 0, 6, 315.81, 2113708, 458, 0, 0
9578, 202, 7, 76, 0, 0, 13.52%, 0, 0, 6, 313.95, 2115278, 458, 0, 0
9583, 202, 75, 76, 0, 0, 13.52%, 0, 0, 6, 295.47, 2116390, 458, 0, 0
9588, 202, 73, 76, 0, 0, 13.52%, 0, 0, 6, 31.48, 2117788, 458, 0, 0
9593, 203, 75, 76, 0, 0, 13.52%, 0, 0, 6, 321.12, 2119320, 458, 0, 0
9598, 203, 17, 76, 0, 0, 13.52%, 0, 0, 6, 320.66, 2120978, 458, 0, 0
9603, 203, 75, 76, 0, 0, 13.52%, 0, 0, 6, 31.33, 2122466, 458, 0, 0
9608, 203, 7, 76, 0, 0, 13.52%, 0, 0, 6, 327.59, 2123860, 458, 0, 0
9614, 203, 9, 76, 0, 0, 13.52%, 0, 0, 6, 321.30, 2125518, 458, 0, 0
9619, 203, 5, 76, 0, 0, 13.52%, 0, 0, 6, 318.95, 2127160, 458, 0, 0
9624, 204, 75, 76, 0, 0, 13.52%, 0, 0, 6, 284.09, 2128410, 458, 0, 0
9629, 204, 12, 76, 0, 0, 13.52%, 0, 0, 6, 312.33, 2130066, 458, 0, 0
9634, 204, 12, 76, 0, 0, 13.52%, 0, 0, 6, 318.61, 2131718, 458, 0, 0
9639, 204, 20, 76, 0, 0, 13.52%, 0, 0, 6, 272.82, 2132970, 458, 0, 0
9645, 204, 39, 76, 0, 0, 13.52%, 0, 0, 6, 311.07, 2134630, 458, 0, 0
9650, 204, 75, 76, 0, 0, 13.52%, 0, 0, 6, 31.34, 2136005, 458, 0, 0
9655, 204, 75, 76, 0, 0, 13.52%, 0, 0, 6, 301.92, 2137524, 458, 0, 0
9660, 205, 20, 76, 0, 0, 13.52%, 0, 0, 6, 318.71, 2139148, 458, 0, 0
9665, 205, 5, 76, 0, 0, 13.52%, 0, 0, 6, 250.27, 2140384, 458, 0, 0
9670, 205, 2, 76, 0, 0, 13.52%, 0, 0, 6, 306.86, 2142060, 458, 0, 0
9675, 205, 74, 76, 0, 0, 13.52%, 0, 0, 6, 316.26, 2143660, 458, 0, 0
9680, 205, 17, 76, 0, 0, 13.52%, 0, 0, 6, 327.82, 2144890, 458, 0, 0
9685, 205, 75, 76, 0, 0, 13.52%, 0, 0, 6, 322.11, 2146498, 458, 0, 0
9690, 205, 75, 76, 0, 0, 13.52%, 0, 0, 6, 31.58, 2148012, 458, 0, 0
9695, 206, 75, 76, 0, 0, 13.52%, 0, 0, 6, 326.26, 2149482, 458, 0, 0
9701, 206, 2, 76, 0, 0, 13.52%, 0, 0, 6, 230.27, 2150984, 458, 0, 0
9706, 206, 4, 76, 0, 0, 13.52%, 0, 0, 6, 307.60, 2152506, 458, 0, 0
9711, 206, 74, 76, 0, 0, 13.52%, 0, 0, 6, 277.07, 2153910, 458, 0, 0
9716, 206, 51, 76, 0, 0, 13.52%, 0, 0, 6, 281.65, 2155335, 458, 0, 0
9721, 206, 75, 76, 0, 0, 13.52%, 0, 0, 6, 313.51, 2157002, 458, 0, 0
9726, 206, 75, 76, 0, 0, 13.52%, 0, 0, 6, 305.47, 2158406, 458, 0, 0
9731, 206, 6, 76, 0, 0, 13.52%, 0, 0, 6, 82.83, 2159837, 458, 0, 0
9736, 207, 28, 76, 0, 0, 13.52%, 0, 0, 6, 249.17, 2161365, 458, 0, 0
9741, 207, 75, 76, 0, 0, 13.52%, 0, 0, 6, 320.58, 2162830, 458, 0, 0
9747, 207, 75, 76, 0, 0, 13.52%, 0, 0, 6, 274.12, 2164285, 458, 0, 0
9752, 207, 75, 76, 0, 0, 13.52%, 0, 0, 6, 47.87, 2165780, 458, 0, 0
9757, 207, 16, 76, 0, 0, 13.52%, 0, 0, 6, 318.45, 2167290, 458, 0, 0
9762, 207, 8, 76, 0, 0, 13.52%, 0, 0, 6, 305.67, 2168760, 458, 0, 0
9767, 207, 6, 76, 0, 0, 13.52%, 0, 0, 6, 289.92, 2170215, 458, 0, 0
9772, 207, 2, 76, 0, 0, 13.52%, 0, 0, 6, 301.56, 2171766, 458, 0, 0
9778, 208, 72, 76, 0, 0, 13.52%, 0, 0, 6, 304.18, 2173206, 458, 0, 0
9783, 208, 75, 76, 0, 0, 13.52%, 0, 0, 6, 302.78, 2174662, 458, 0, 0
9788, 208, 6, 76, 0, 0, 13.52%, 0, 0, 6, 294.82, 2176166, 458, 0, 0
9793, 208, 6, 76, 0, 0, 13.52%, 0, 0, 6, 327.39, 2177642, 458, 0, 0
9798, 208, 12, 76, 0, 0, 13.52%, 0, 0, 6, 316.74, 2179096, 458, 0, 0
9803, 208, 6, 76, 0, 0, 13.52%, 0, 0, 6, 290.29, 2180515, 458, 0, 0
9808, 208, 75, 76, 0, 0, 13.52%, 0, 0, 6, 327.29, 2182030, 458, 0, 0
9813, 209, 5, 76, 0, 0, 13.52%, 0, 0, 6, 295.02, 2183420, 458, 0, 0
9819, 209, 59, 76, 0, 0, 13.52%, 0, 0, 6, 302.53, 2184930, 458, 0, 0
9824, 209, 75, 76, 0, 0, 13.52%, 0, 0, 6, 331.30, 2186406, 458, 0, 0
9829, 209, 5, 76, 0, 0, 13.52%, 0, 0, 6, 296.74, 2187850, 458, 0, 0
9834, 209, 26, 76, 0, 0, 13.52%, 0, 0, 6, 286.76, 2189315, 458, 0, 0
9839, 209, 75, 76, 0, 0, 13.52%, 0, 0, 6, 306.94, 2190882, 458, 0, 0
9844, 209, 5, 76, 0, 0, 13.52%, 0, 0, 6, 316.67, 2192306, 458, 0, 0
9849, 210, 17, 76, 0, 0, 13.52%, 0, 0, 6, 310.04, 2193818, 458, 0, 0
9854, 210, 75, 76, 0, 0, 13.52%, 0, 0, 6, 52.33, 2195248, 458, 0, 0
9859, 210, 6, 76, 0, 0, 13.52%, 0, 0, 6, 312.47, 2196800, 458, 0, 0
9865, 210, 6, 76, 0, 0, 13.52%, 0, 0, 6, 330.12, 2198248, 458, 0, 0
9870, 210, 75, 76, 0, 0, 13.52%, 0, 0, 6, 314.43, 2199717, 458, 0, 0
9875, 210, 6, 76, 0, 0, 13.52%, 0, 0, 6, 314.47, 2201241, 458, 0, 0
9880, 210, 26, 76, 0, 0, 13.52%, 0, 0, 6, 318.00, 2202711, 458, 0, 0
9885, 211, 5, 76, 0, 0, 13.52%, 0, 0, 6, 314.39, 2204217, 458, 0, 0
9890, 211, 12, 76, 0, 0, 13.52%, 0, 0, 6, 292.91, 2205635, 458, 0, 0
9895, 211, 75, 76, 0, 0, 13.52%, 0, 0, 6, 291.50, 2207097, 458, 0, 0
9900, 211, 55, 76, 0, 0, 13.52%, 0, 0, 6, 291.49, 2208485, 458, 0, 0
9905, 211, 17, 76, 0, 0, 13.52%, 0, 0, 6, 31.04, 2208871, 458, 0, 0
9910, 211, 75, 76, 0, 0, 13.52%, 0, 0, 6, 31.53, 2209861, 458, 0, 0
9916, 211, 9, 76, 0, 0, 13.52%, 0, 0, 6, 31.66, 2210992, 458, 0, 0
9921, 211, 75, 76, 0, 0, 13.52%, 0, 0, 6, 323.16, 2212062, 458, 0, 0
9926, 211, 4, 76, 0, 0, 13.52%, 0, 0, 6, 326.84, 2212886, 458, 0, 0
9931, 211, 54, 76, 0, 0, 13.52%, 0, 0, 6, 314.68, 2213716, 458, 0, 0
9936, 212, 6, 76, 0, 0, 13.52%, 0, 0, 6, 41.24, 2214742, 458, 0, 0
9941, 212, 75, 76, 0, 0, 13.52%, 0, 0, 6, 30.68, 2215846, 458, 0, 0
9946, 212, 54, 76, 0, 0, 13.52%, 0, 0, 6, 54.46, 2216923, 458, 0, 0
9951, 212, 20, 76, 0, 0, 13.52%, 0, 0, 6, 288.88, 2217840, 458, 0, 0
9956, 212, 75, 76, 0, 0, 13.52%, 0, 0, 6, 321.20, 2218604, 458, 0, 0
9961, 212, 20, 76, 0, 0, 13.52%, 0, 0, 6, 187.96, 2219356, 458, 0, 0
9966, 212, 13, 76, 0, 0, 13.52%, 0, 0, 6, 31.07, 2220205, 458, 0, 0
9971, 212, 54, 76, 0, 0, 13.52%, 0, 0, 6, 30.61, 2221217, 458, 0, 0
9977, 212, 28, 76, 0, 0, 13.52%, 0, 0, 6, 31.30, 2222206, 458, 0, 0
9982, 212, 54, 76, 0, 0, 13.52%, 0, 0, 6, 291.78, 2223210, 458, 0, 0
9987, 212, 4, 76, 0, 0, 13.52%, 0, 0, 6, 322.08, 2223810, 458, 0, 0
9992, 212, 11, 76, 0, 0, 13.52%, 0, 0, 6, 323.38, 2224426, 458, 0, 0
9997, 213, 6, 76, 0, 0, 13.52%, 0, 0, 6, 31.25, 2225354, 458, 0, 0
10002, 213, 75, 76, 0, 0, 13.52%, 0, 0, 6, 31.42, 2226332, 458, 0, 0
10007, 213, 20, 76, 0, 0, 13.52%, 0, 0, 6, 271.11, 2227249, 458, 0, 0
10012, 213, 29, 76, 0, 0, 13.52%, 0, 0, 6, 321.76, 2227856, 458, 0, 0
10017, 213, 60, 76, 0, 0, 13.52%, 0, 0, 6, 283.58, 2228499, 458, 0, 0
10022, 213, 26, 76, 0, 0, 13.52%, 0, 0, 6, 30.48, 2229378, 458, 0, 0
10027, 213, 75, 76, 0, 0, 13.52%, 0, 0, 6, 30.68, 2230291, 458, 0, 0
10032, 213, 28, 76, 0, 0, 13.52%, 0, 0, 6, 31.20, 2231205, 458, 0, 0
10038, 213, 75, 76, 0, 0, 13.52%, 0, 0, 6, 314.47, 2232092, 458, 0, 0
10043, 213, 51, 76, 0, 0, 13.52%, 0, 0, 6, 321.85, 2232762, 458, 0, 0
10048, 213, 13, 76, 0, 0, 13.52%, 0, 0, 6, 281.34, 2233320, 458, 0, 0
10053, 213, 75, 76, 0, 0, 13.52%, 0, 0, 6, 31.64, 2234064, 458, 0, 0
10058, 213, 46, 76, 0, 0, 13.52%, 0, 0, 6, 39.60, 2234991, 458, 0, 0
10063, 213, 28, 76, 0, 0, 13.52%, 0, 0, 6, 31.57, 2235925, 458, 0, 0
10069, 214, 75, 76, 0, 0, 13.52%, 0, 0, 6, 30.38, 2236816, 458, 0, 0
10074, 214, 4, 76, 0, 0, 13.52%, 0, 0, 6, 227.75, 2237534, 458, 0, 0
10079, 214, 51, 76, 0, 0, 13.52%, 0, 0, 6, 324.76, 2238134, 458, 0, 0
10084, 214, 7, 76, 0, 0, 13.52%, 0, 0, 6, 185.00, 2238732, 458, 0, 0
10089, 214, 75, 76, 0, 0, 13.52%, 0, 0, 6, 38.45, 2239564, 458, 0, 0
10094, 214, 7, 76, 0, 0, 13.52%, 0, 0, 6, 31.21, 2240417, 458, 0, 0
10099, 214, 6, 76, 0, 0, 13.52%, 0, 0, 6, 45.78, 2241257, 458, 0, 0
10105, 214, 74, 76, 0, 0, 13.52%, 0, 0, 6, 31.26, 2242112, 458, 0, 0
10110, 214, 75, 76, 0, 0, 13.52%, 0, 0, 6, 314.52, 2242992, 458, 0, 0
10115, 214, 75, 76, 0, 0, 13.52%, 0, 0, 6, 309.84, 2243580, 458, 0, 0
10120, 214, 46, 76, 0, 0, 13.52%, 0, 0, 6, 328.19, 2244222, 458, 0, 0
10125, 214, 75, 76, 0, 0, 13.52%, 0, 0, 6, 44.49, 2244868, 458, 0, 0
10130, 214, 17, 76, 0, 0, 13.52%, 0, 0, 6, 31.07, 2245690, 458, 0, 0
10135, 214, 15, 76, 0, 0, 13.52%, 0, 0, 6, 31.31, 2246524, 458, 0, 0
10140, 215, 7, 76, 0, 0, 13.52%, 0, 0, 6, 31.49, 2247370, 458, 0, 0
10146, 215, 0, 76, 0, 0, 13.52%, 0, 0, 6, 31.66, 2248216, 458, 0, 0
10151, 215, 53, 76, 0, 0, 13.52%, 0, 0, 6, 237.66, 2248946, 458, 0, 0
10156, 215, 17, 76, 0, 0, 13.52%, 0, 0, 6, 304.13, 2249556, 458, 0, 0
10161, 215, 20, 76, 0, 0, 13.52%, 0, 0, 6, 31.00, 2250118, 458, 0, 0
10166, 215, 17, 76, 0, 0, 13.52%, 0, 0, 6, 36.91, 2251089, 458, 0, 0
10171, 215, 5, 76, 0, 0, 13.52%, 0, 0, 6, 309.37, 2252010, 458, 0, 0
10176, 215, 54, 76, 0, 0, 13.52%, 0, 0, 6, 320.75, 2252528, 458, 0, 0
10181, 215, 51, 76, 0, 0, 13.52%, 0, 0, 6, 31.51, 2253054, 458, 0, 0
10187, 215, 26, 76, 0, 0, 13.52%, 0, 0, 6, 31.30, 2253940, 458, 0, 0
10192, 215, 6, 76, 0, 0, 13.52%, 0, 0, 6, 31.39, 2254812, 458, 0, 0
10197, 215, 20, 76, 0, 0, 13.52%, 0, 0, 6, 320.05, 2255662, 458, 0, 0
10202, 215, 26, 76, 0, 0, 13.52%, 0, 0, 6, 206.66, 2256143, 458, 0, 0
10207, 215, 17, 76, 0, 0, 13.52%, 0, 0, 6, 31.33, 2256768, 458, 0, 0
10212, 216, 26, 76, 0, 0, 13.52%, 0, 0, 6, 31.39, 2257677, 458, 0, 0
10217, 216, 51, 76, 0, 0, 13.52%, 0, 0, 6, 30.75, 2258559, 458, 0, 0
10223, 216, 75, 76, 0, 0, 13.52%, 0, 0, 6, 328.09, 2259326, 458, 0, 0
10228, 216, 75, 76, 0, 0, 13.52%, 0, 0, 6, 336.43, 2259814, 458, 0, 0
10233, 216, 46, 76, 0, 0, 13.52%, 0, 0, 6, 31.46, 2260494, 458, 0, 0
10238, 216, 26, 76, 0, 0, 13.52%, 0, 0, 6, 31.20, 2261372, 458, 0, 0
10243, 216, 26, 76, 0, 0, 13.52%, 0, 0, 6, 30.77, 2262268, 458, 0, 0
10248, 216, 51, 76, 0, 0, 13.52%, 0, 0, 6, 321.69, 2262816, 458, 0, 0
10253, 216, 75, 76, 0, 0, 13.52%, 0, 0, 6, 262.38, 2263337, 458, 0, 0
10258, 216, 65, 76, 0, 0, 13.52%, 0, 0, 6, 31.57, 2264187, 458, 0, 0
10263, 216, 75, 76, 0, 0, 13.52%, 0, 0, 6, 31.24, 2265049, 458, 0, 0
10269, 216, 75, 76, 0, 0, 13.52%, 0, 0, 6, 273.97, 2265949, 458, 0, 0
10274, 216, 75, 76, 0, 0, 13.52%, 0, 0, 6, 319.94, 2266492, 458, 0, 0
10279, 216, 59, 76, 0, 0, 13.52%, 0, 0, 6, 206.58, 2267059, 458, 0, 0
10284, 216, 28, 76, 0, 0, 13.52%, 0, 0, 6, 31.54, 2267794, 458, 0, 0
10289, 216, 75, 76, 0, 0, 13.52%, 0, 0, 6, 31.44, 2268630, 458, 0, 0
10295, 217, 54, 76, 0, 0, 13.52%, 0, 0, 6, 31.10, 2269473, 458, 0, 0
10300, 217, 51, 76, 0, 0, 13.52%, 0, 0, 6, 34.25, 2270325, 458, 0, 0
10305, 217, 75, 76, 0, 0, 13.52%, 0, 0, 6, 326.72, 2270870, 458, 0, 0
10310, 217, 7, 76, 0, 0, 13.52%, 0, 0, 6, 322.92, 2271434, 458, 0, 0
10315, 217, 5, 76, 0, 0, 13.52%, 0, 0, 6, 31.44, 2272130, 458, 0, 0
10320, 217, 5, 76, 0, 0, 13.52%, 0, 0, 6, 43.84, 2272936, 458, 0, 0
10325, 217, 15, 76, 0, 0, 13.52%, 0, 0, 6, 31.53, 2273751, 458, 0, 0
10330, 217, 75, 76, 0, 0, 13.52%, 0, 0, 6, 311.61, 2274564, 458, 0, 0
10335, 217, 75, 76, 0, 0, 13.52%, 0, 0, 6, 239.74, 2275182, 458, 0, 0
10340, 217, 6, 76, 0, 0, 13.52%, 0, 0, 6, 317.64, 2275740, 458, 0, 0
10345, 217, 6, 76, 0, 0, 13.52%, 0, 0, 6, 31.45, 2276344, 458, 0, 0
10350, 217, 5, 76, 0, 0, 13.52%, 0, 0, 6, 31.30, 2277152, 458, 0, 0
10355, 217, 75, 76, 0, 0, 13.52%, 0, 0, 6, 30.52, 2277954, 458, 0, 0
10361, 217, 7, 76, 0, 0, 13.52%, 0, 0, 6, 31.39, 2278769, 458, 0, 0
10366, 217, 5, 76, 0, 0, 13.52%, 0, 0, 6, 322.26, 2279555, 458, 0, 0
10371, 218, 5, 76, 0, 0, 13.52%, 0, 0, 6, 249.21, 2280141, 458, 0, 0
10376, 218, 75, 76, 0, 0, 13.52%, 0, 0, 6, 296.16, 2280685, 458, 0, 0
10381, 218, 5, 76, 0, 0, 13.52%, 0, 0, 6, 31.37, 2281303, 458, 0, 0
10386, 218, 75, 76, 0, 0, 13.52%, 0, 0, 6, 31.45, 2282082, 458, 0, 0
10391, 218, 55, 76, 0, 0, 13.52%, 0, 0, 6, 30.58, 2282937, 458, 0, 0
10397, 218, 75, 76, 0, 0, 13.52%, 0, 0, 6, 311.25, 2283811, 458, 0, 0
10402, 218, 5, 76, 0, 0, 13.52%, 0, 0, 6, 334.62, 2284349, 458, 0, 0
10407, 218, 5, 76, 0, 0, 13.52%, 0, 0, 6, 31.48, 2284843, 458, 0, 0
10412, 218, 17, 76, 0, 0, 13.52%, 0, 0, 6, 31.45, 2285717, 458, 0, 0
10417, 218, 5, 76, 0, 0, 13.52%, 0, 0, 6, 31.46, 2286569, 458, 0, 0
10422, 218, 75, 76, 0, 0, 13.52%, 0, 0, 6, 317.91, 2287358, 458, 0, 0
10427, 218, 5, 76, 0, 0, 13.52%, 0, 0, 6, 253.45, 2287760, 458, 0, 0
10432, 218, 75, 76, 0, 0, 13.52%, 0, 0, 6, 31.17, 2288436, 458, 0, 0
10437, 218, 6, 76, 0, 0, 13.52%, 0, 0, 6, 31.61, 2289313, 458, 0, 0
10443, 219, 26, 76, 0, 0, 13.52%, 0, 0, 6, 270.70, 2290115, 458, 0, 0
10448, 219, 7, 76, 0, 0, 13.52%, 0, 0, 6, 325.83, 2290593, 458, 0, 0
10453, 219, 18, 76, 0, 0, 13.52%, 0, 0, 6, 30.75, 2291208, 458, 0, 0
10458, 219, 7, 76, 0, 0, 13.52%, 0, 0, 6, 30.30, 2292083, 458, 0, 0
10463, 219, 17, 76, 0, 0, 13.52%, 0, 0, 6, 31.55, 2292945, 458, 0, 0
10468, 219, 75, 76, 0, 0, 13.52%, 0, 0, 6, 270.83, 2293560, 458, 0, 0
10473, 219, 4, 76, 0, 0, 13.52%, 0, 0, 6, 321.78, 2294002, 458, 0, 0
10479, 219, 75, 76, 0, 0, 13.52%, 0, 0, 6, 34.58, 2294795, 458, 0, 0
10484, 219, 47, 76, 0, 0, 13.52%, 0, 0, 6, 31.48, 2295676, 458, 0, 0
10489, 219, 5, 76, 0, 0, 13.52%, 0, 0, 6, 290.64, 2296485, 458, 0, 0
10494, 219, 75, 76, 0, 0, 13.52%, 0, 0, 6, 299.99, 2297015, 458, 0, 0
10499, 219, 5, 76, 0, 0, 13.52%, 0, 0, 6, 250.00, 2297526, 458, 0, 0
10504, 219, 4, 76, 0, 0, 13.52%, 0, 0, 6, 42.44, 2298304, 458, 0, 0
10509, 219, 20, 76, 0, 0, 13.52%, 0, 0, 6, 31.37, 2299182, 458, 0, 0
10515, 219, 75, 76, 0, 0, 13.52%, 0, 0, 6, 31.25, 2300007, 458, 0, 0
10520, 219, 75, 76, 0, 0, 13.52%, 0, 0, 6, 329.81, 2300673, 458, 0, 0
10525, 220, 55, 76, 0, 0, 13.52%, 0, 0, 6, 241.38, 2301060, 458, 0, 0
10530, 220, 20, 76, 0, 0, 13.52%, 0, 0, 6, 31.32, 2301807, 458, 0, 0
10535, 220, 17, 76, 0, 0, 13.52%, 0, 0, 6, 31.01, 2302642, 458, 0, 0
10540, 220, 75, 76, 0, 0, 13.52%, 0, 0, 6, 33.98, 2303438, 458, 0, 0
10545, 220, 12, 76, 0, 0, 13.52%, 0, 0, 6, 31.01, 2304235, 458, 0, 0
10551, 220, 8, 76, 0, 0, 13.52%, 0, 0, 6, 329.91, 2304959, 458, 0, 0
10556, 220, 37, 76, 0, 0, 13.52%, 0, 0, 6, 205.11, 2305538, 458, 0, 0
10561, 220, 37, 76, 0, 0, 13.52%, 0, 0, 6, 325.00, 2306093, 458, 0, 0
10566, 220, 24, 76, 0, 0, 13.52%, 0, 0, 6, 31.45, 2306814, 458, 0, 0
10571, 220, 75, 76, 0, 0, 13.52%, 0, 0, 6, 30.77, 2307617, 458, 0, 0
10576, 220, 75, 76, 0, 0, 13.52%, 0, 0, 6, 31.24, 2308448, 458, 0, 0
10581, 220, 26, 76, 0, 0, 13.52%, 0, 0, 6, 31.33, 2309271, 458, 0, 0
10587, 220, 29, 76, 0, 0, 13.52%, 0, 0, 6, 323.41, 2309993, 458, 0, 0
10592, 220, 51, 76, 0, 0, 13.52%, 0, 0, 6, 314.21, 2310583, 458, 0, 0
10597, 221, 75, 76, 0, 0, 13.52%, 0, 0, 6, 176.11, 2311165, 458, 0, 0
10602, 221, 26, 76, 0, 0, 13.52%, 0, 0, 6, 31.34, 2311846, 458, 0, 0
10607, 221, 20, 76, 0, 0, 13.52%, 0, 0, 6, 39.83, 2312641, 458, 0, 0
10612, 221, 59, 76, 0, 0, 13.52%, 0, 0, 6, 31.34, 2313445, 458, 0, 0
10617, 221, 26, 76, 0, 0, 13.52%, 0, 0, 6, 31.50, 2314259, 458, 0, 0
10622, 221, 7, 76, 0, 0, 13.52%, 0, 0, 6, 333.78, 2314799, 458, 0, 0
10627, 221, 75, 76, 0, 0, 13.52%, 0, 0, 6, 31.06, 2315293, 458, 0, 0
10632, 221, 75, 76, 0, 0, 13.52%, 0, 0, 6, 31.56, 2316176, 458, 0, 0
10637, 221, 75, 76, 0, 0, 13.52%, 0, 0, 6, 31.36, 2317052, 458, 0, 0
10642, 221, 75, 76, 0, 0, 13.52%, 0, 0, 6, 299.28, 2317635, 458, 0, 0
10648, 221, 17, 76, 0, 0, 13.52%, 0, 0, 6, 31.45, 2318086, 458, 0, 0
10653, 221, 54, 76, 0, 0, 13.52%, 0, 0, 6, 31.44, 2318944, 458, 0, 0
10658, 221, 7, 76, 0, 0, 13.52%, 0, 0, 6, 31.50, 2319831, 458, 0, 0
10663, 221, 26, 76, 0, 0, 13.52%, 0, 0, 6, 252.81, 2320635, 458, 0, 0
10668, 222, 75, 76, 0, 0, 13.52%, 0, 0, 6, 228.28, 2321119, 458, 0, 0
10673, 222, 75, 76, 0, 0, 13.52%, 0, 0, 6, 30.82, 2321716, 458, 0, 0
10678, 222, 20, 76, 0, 0, 13.52%, 0, 0, 6, 30.69, 2322578, 458, 0, 0
10683, 222, 55, 76, 0, 0, 13.52%, 0, 0, 6, 30.42, 2323427, 458, 0, 0
10688, 222, 7, 76, 0, 0, 13.52%, 0, 0, 6, 305.89, 2324117, 458, 0, 0
10693, 222, 5, 76, 0, 0, 13.52%, 0, 0, 6, 257.23, 2324555, 458, 0, 0
10699, 222, 20, 76, 0, 0, 13.52%, 0, 0, 6, 32.99, 2325329, 458, 0, 0
10704, 222, 75, 76, 0, 0, 13.52%, 0, 0, 6, 31.54, 2326194, 458, 0, 0
10709, 222, 75, 76, 0, 0, 13.52%, 0, 0, 6, 31.25, 2327081, 458, 0, 0
10714, 222, 60, 76, 0, 0, 13.52%, 0, 0, 6, 332.39, 2327681, 458, 0, 0
10719, 222, 51, 76, 0, 0, 13.52%, 0, 0, 6, 253.74, 2328195, 458, 0, 0
10724, 222, 59, 76, 0, 0, 13.52%, 0, 0, 6, 30.72, 2328967, 458, 0, 0
10730, 222, 23, 76, 0, 0, 13.52%, 0, 0, 6, 30.37, 2329786, 458, 0, 0
10735, 222, 12, 76, 0, 0, 13.52%, 0, 0, 6, 30.40, 2330600, 458, 0, 0
10740, 222, 26, 76, 0, 0, 13.52%, 0, 0, 6, 325.86, 2331265, 458, 0, 0
10745, 222, 75, 76, 0, 0, 13.52%, 0, 0, 6, 180.10, 2331732, 458, 0, 0
10750, 222, 6, 76, 0, 0, 13.52%, 0, 0, 6, 31.36, 2332467, 458, 0, 0
10755, 222, 75, 76, 0, 0, 13.52%, 0, 0, 6, 30.23, 2333273, 458, 0, 0
10760, 223, 55, 76, 0, 0, 13.52%, 0, 0, 6, 30.91, 2334059, 458, 0, 0
10765, 223, 17, 76, 0, 0, 13.52%, 0, 0, 6, 47.75, 2334871, 458, 0, 0
10770, 223, 54, 76, 0, 0, 13.52%, 0, 0, 6, 330.99, 2335493, 458, 0, 0
10775, 223, 75, 76, 0, 0, 13.52%, 0, 0, 6, 329.69, 2336029, 458, 0, 0
10780, 223, 5, 76, 0, 0, 13.52%, 0, 0, 6, 31.42, 2336633, 458, 0, 0
10786, 223, 17, 76, 0, 0, 13.52%, 0, 0, 6, 31.51, 2337457, 458, 0, 0
10791, 223, 54, 76, 0, 0, 13.52%, 0, 0, 6, 31.29, 2338243, 458, 0, 0
10796, 223, 75, 76, 0, 0, 13.52%, 0, 0, 6, 31.47, 2339051, 458, 0, 0
10801, 223, 75, 76, 0, 0, 13.52%, 0, 0, 6, 277.43, 2339820, 458, 0, 0
10806, 223, 26, 76, 0, 0, 13.52%, 0, 0, 6, 241.00, 2340427, 458, 0, 0
10811, 223, 29, 76, 0, 0, 13.52%, 0, 0, 6, 215.31, 2340935, 458, 0, 0
10816, 223, 20, 76, 0, 0, 13.52%, 0, 0, 6, 31.57, 2341586, 458, 0, 0
10821, 223, 64, 76, 0, 0, 13.52%, 0, 0, 6, 324.27, 2343111, 458, 0, 0
10826, 223, 75, 76, 0, 0, 13.52%, 0, 0, 6, 319.96, 2344455, 458, 0, 0
10832, 224, 54, 76, 0, 0, 13.52%, 0, 0, 6, 314.94, 2346101, 458, 0, 0
10837, 224, 67, 76, 0, 0, 13.52%, 0, 0, 6, 310.37, 2347717, 458, 0, 0
10842, 224, 55, 76, 0, 0, 13.52%, 0, 0, 6, 301.17, 2349241, 458, 0, 0
10847, 224, 20, 76, 0, 0, 13.52%, 0, 0, 6, 271.78, 2350610, 458, 0, 0
10852, 224, 51, 76, 0, 0, 13.52%, 0, 0, 6, 256.58, 2351865, 458, 0, 0
10857, 224, 17, 76, 0, 0, 13.52%, 0, 0, 6, 265.93, 2353190, 458, 0, 0
10862, 224, 32, 76, 0, 0, 13.52%, 0, 0, 6, 297.07, 2354775, 458, 0, 0
10867, 225, 24, 76, 0, 0, 13.52%, 0, 0, 6, 302.22, 2356305, 458, 0, 0
10872, 225, 5, 76, 0, 0, 13.52%, 0, 0, 6, 302.56, 2357847, 458, 0, 0
10877, 225, 73, 76, 0, 0, 13.52%, 0, 0, 6, 281.99, 2359260, 458, 0, 0
10882, 225, 28, 76, 0, 0, 13.52%, 0, 0, 6, 294.95, 2360715, 458, 0, 0
10887, 225, 6, 76, 0, 0, 13.52%, 0, 0, 6, 305.78, 2362271, 458, 0, 0
10892, 225, 7, 76, 0, 0, 13.52%, 0, 0, 6, 306.77, 2363817, 458, 0, 0
10897, 225, 5, 76, 0, 0, 13.52%, 0, 0, 6, 310.50, 2365371, 458, 0, 0
10903, 226, 55, 76, 0, 0, 13.52%, 0, 0, 6, 295.41, 2366845, 458, 0, 0
10908, 226, 4, 76, 0, 0, 13.52%, 0, 0, 6, 310.89, 2368465, 458, 0, 0
10913, 226, 6, 76, 0, 0, 13.52%, 0, 0, 6, 313.61, 2370099, 458, 0, 0
10918, 226, 35, 76, 0, 0, 13.52%, 0, 0, 6, 314.94, 2371741, 458, 0, 0
10923, 226, 32, 76, 0, 0, 13.52%, 0, 0, 6, 303.72, 2373265, 458, 0, 0
10928, 226, 75, 76, 0, 0, 13.52%, 0, 0, 6, 314.37, 2374905, 458, 0, 0
10934, 226, 75, 76, 0, 0, 13.52%, 0, 0, 6, 313.98, 2376531, 458, 0, 0
10939, 227, 26, 76, 0, 0, 13.52%, 0, 0, 6, 311.63, 2378153, 458, 0, 0
10944, 227, 6, 76, 0, 0, 13.52%, 0, 0, 6, 300.12, 2379615, 458, 0, 0
10949, 227, 75, 76, 0, 0, 13.52%, 0, 0, 6, 309.61, 2381155, 458, 0, 0
10954, 227, 75, 76, 0, 0, 13.52%, 0, 0, 6, 315.25, 2382797, 458, 0, 0
10959, 227, 28, 76, 0, 0, 13.52%, 0, 0, 6, 313.12, 2384371, 458, 0, 0
10964, 227, 26, 76, 0, 0, 13.52%, 0, 0, 6, 299.64, 2385890, 458, 0, 0
10969, 227, 72, 76, 0, 0, 13.52%, 0, 0, 6, 316.50, 2387493, 458, 0, 0
10974, 228, 5, 76, 0, 0, 13.52%, 0, 0, 6, 314.36, 2389123, 458, 0, 0
10980, 228, 74, 76, 0, 0, 13.52%, 0, 0, 6, 312.89, 2390743, 458, 0, 0
10985, 228, 6, 76, 0, 0, 13.52%, 0, 0, 6, 295.90, 2392260, 458, 0, 0
10990, 228, 26, 76, 0, 0, 13.52%, 0, 0, 6, 301.05, 2393871, 458, 0, 0
10995, 228, 75, 76, 0, 0, 13.52%, 0, 0, 6, 312.46, 2395503, 458, 0, 0
11001, 229, 7, 76, 0, 0, 13.52%, 0, 0, 6, 316.86, 2397137, 458, 0, 0
11006, 229, 54, 76, 0, 0, 13.52%, 0, 0, 6, 296.57, 2398665, 458, 0, 0
11011, 229, 5, 76, 0, 0, 13.52%, 0, 0, 6, 312.10, 2400303, 458, 0, 0
11016, 229, 75, 76, 0, 0, 13.52%, 0, 0, 6, 316.08, 2401889, 458, 0, 0
11021, 229, 20, 76, 0, 0, 13.52%, 0, 0, 6, 316.13, 2403524, 458, 0, 0
11026, 229, 2, 76, 0, 0, 13.52%, 0, 0, 6, 293.80, 2405010, 458, 0, 0
11031, 229, 75, 76, 0, 0, 13.52%, 0, 0, 6, 310.24, 2406649, 458, 0, 0
11036, 230, 12, 76, 0, 0, 13.52%, 0, 0, 6, 314.08, 2408285, 458, 0, 0
11042, 230, 75, 76, 0, 0, 13.52%, 0, 0, 6, 319.17, 2409931, 458, 0, 0
11047, 230, 20, 76, 0, 0, 13.52%, 0, 0, 6, 288.44, 2411455, 458, 0, 0
11052, 230, 26, 76, 0, 0, 13.52%, 0, 0, 6, 310.28, 2413097, 458, 0, 0
11057, 230, 17, 76, 0, 0, 13.52%, 0, 0, 6, 315.12, 2414743, 458, 0, 0
11062, 230, 75, 76, 0, 0, 13.52%, 0, 0, 6, 319.15, 2416379, 458, 0, 0
11067, 230, 75, 76, 0, 0, 13.52%, 0, 0, 6, 291.20, 2417920, 458, 0, 0
11073, 231, 17, 76, 0, 0, 13.52%, 0, 0, 6, 312.15, 2419561, 458, 0, 0
11078, 231, 26, 76, 0, 0, 13.52%, 0, 0, 6, 314.40, 2421149, 458, 0, 0
11083, 231, 6, 76, 0, 0, 13.52%, 0, 0, 6, 315.65, 2422797, 458, 0, 0
11088, 231, 75, 76, 0, 0, 13.52%, 0, 0, 6, 302.24, 2424380, 458, 0, 0
11093, 231, 2, 76, 0, 0, 13.52%, 0, 0, 6, 311.86, 2425972, 458, 0, 0
11098, 231, 75, 76, 0, 0, 13.52%, 0, 0, 6, 317.04, 2427566, 458, 0, 0
11103, 232, 20, 76, 0, 0, 13.52%, 0, 0, 6, 318.14, 2429212, 458, 0, 0
11109, 232, 75, 76, 0, 0, 13.52%, 0, 0, 6, 315.72, 2430842, 458, 0, 0
11114, 232, 74, 76, 0, 0, 13.52%, 0, 0, 6, 311.92, 2432384, 458, 0, 0
11119, 232, 75, 76, 0, 0, 13.52%, 0, 0, 6, 316.95, 2433986, 458, 0, 0
11124, 232, 51, 76, 0, 0, 13.52%, 0, 0, 6, 31.21, 2435388, 458, 0, 0
11129, 232, 75, 76, 0, 0, 13.52%, 0, 0, 6, 317.46, 2436742, 458, 0, 0
11134, 232, 6, 76, 0, 0, 13.52%, 0, 0, 6, 317.97, 2438000, 458, 0, 0
11139, 232, 75, 76, 0, 0, 13.52%, 0, 0, 6, 325.37, 2439706, 458, 0, 0
11144, 233, 75, 76, 0, 0, 13.52%, 0, 0, 6, 324.38, 2441372, 458, 0, 0
11150, 233, 75, 76, 0, 0, 13.52%, 0, 0, 6, 326.14, 2443070, 458, 0, 0
11155, 233, 7, 76, 0, 0, 13.52%, 0, 0, 6, 268.95, 2444295, 458, 0, 0
11160, 233, 54, 76, 0, 0, 13.52%, 0, 0, 6, 309.26, 2445936, 458, 0, 0
11165, 233, 75, 76, 0, 0, 13.52%, 0, 0, 6, 31.33, 2447518, 458, 0, 0
11170, 233, 20, 76, 0, 0, 13.52%, 0, 0, 6, 319.01, 2448918, 458, 0, 0
11175, 233, 31, 76, 0, 0, 13.52%, 0, 0, 6, 321.76, 2450590, 458, 0, 0
11181, 233, 22, 76, 0, 0, 13.52%, 0, 0, 6, 30.42, 2451986, 458, 0, 0
11186, 234, 24, 76, 0, 0, 13.52%, 0, 0, 6, 322.14, 2453524, 458, 0, 0
11191, 234, 6, 76, 0, 0, 13.52%, 0, 0, 6, 320.98, 2455154, 458, 0, 0
11196, 234, 75, 76, 0, 0, 13.52%, 0, 0, 6, 30.31, 2456484, 458, 0, 0
11201, 234, 4, 76, 0, 0, 13.52%, 0, 0, 6, 293.82, 2458070, 458, 0, 0
11206, 234, 7, 76, 0, 0, 13.52%, 0, 0, 6, 318.22, 2459706, 458, 0, 0
11211, 234, 5, 76, 0, 0, 13.52%, 0, 0, 6, 273.47, 2460940, 458, 0, 0
11216, 234, 12, 76, 0, 0, 13.52%, 0, 0, 6, 313.36, 2462596, 458, 0, 0
11221, 235, 51, 76, 0, 0, 13.52%, 0, 0, 6, 319.94, 2464268, 458, 0, 0
11227, 235, 2, 76, 0, 0, 13.52%, 0, 0, 6, 267.49, 2465545, 458, 0, 0
11232, 235, 26, 76, 0, 0, 13.52%, 0, 0, 6, 309.18, 2467196, 458, 0, 0
11237, 235, 60, 76, 0, 0, 13.52%, 0, 0, 6, 317.48, 2468860, 458, 0, 0
11242, 235, 36, 76, 0, 0, 13.52%, 0, 0, 6, 328.48, 2470118, 458, 0, 0
11247, 235, 17, 76, 0, 0, 13.52%, 0, 0, 6, 327.32, 2471771, 458, 0, 0
11252, 235, 4, 76, 0, 0, 13.52%, 0, 0, 6, 31.41, 2473259, 458, 0, 0
11257, 236, 2, 76, 0, 0, 13.52%, 0, 0, 6, 319.90, 2474635, 458, 0, 0
11262, 236, 54, 76, 0, 0, 13.52%, 0, 0, 6, 321.04, 2476305, 458, 0, 0
11268, 236, 54, 76, 0, 0, 13.52%, 0, 0, 6, 316.83, 2477526, 458, 0, 0
11273, 236, 12, 76, 0, 0, 13.52%, 0, 0, 6, 322.62, 2479147, 458, 0, 0
11278, 236, 60, 76, 0, 0, 13.52%, 0, 0, 6, 322.36, 2480759, 458, 0, 0
11283, 236, 75, 76, 0, 0, 13.52%, 0, 0, 6, 247.54, 2481995, 458, 0, 0
11288, 236, 7, 76, 0, 0, 13.52%, 0, 0, 6, 305.88, 2483641, 458, 0, 0
11293, 237, 12, 76, 0, 0, 13.52%, 0, 0, 6, 318.28, 2485311, 458, 0, 0
11298, 237, 48, 76, 0, 0, 13.52%, 0, 0, 6, 322.57, 2486581, 458, 0, 0
11303, 237, 17, 76, 0, 0, 13.52%, 0, 0, 6, 319.82, 2488235, 458, 0, 0
11309, 237, 75, 76, 0, 0, 13.52%, 0, 0, 6, 30.74, 2489672, 458, 0, 0
11314, 237, 7, 76, 0, 0, 13.52%, 0, 0, 6, 323.94, 2491117, 458, 0, 0
11319, 237, 75, 76, 0, 0, 13.52%, 0, 0, 6, 319.40, 2492721, 458, 0, 0
11324, 237, 20, 76, 0, 0, 13.52%, 0, 0, 6, 315.07, 2493971, 458, 0, 0
11329, 238, 51, 76, 0, 0, 13.52%, 0, 0, 6, 320.41, 2495629, 458, 0, 0
11334, 238, 75, 76, 0, 0, 13.52%, 0, 0, 6, 324.20, 2497319, 458, 0, 0
11339, 238, 75, 76, 0, 0, 13.52%, 0, 0, 6, 333.02, 2498557, 458, 0, 0
11344, 238, 32, 76, 0, 0, 13.52%, 0, 0, 6, 323.58, 2500229, 458, 0, 0
11350, 238, 20, 76, 0, 0, 13.52%, 0, 0, 6, 31.43, 2501573, 458, 0, 0
11355, 238, 6, 76, 0, 0, 13.52%, 0, 0, 6, 292.34, 2503165, 458, 0, 0
11360, 238, 75, 76, 0, 0, 13.52%, 0, 0, 6, 313.15, 2504807, 458, 0, 0
11365, 239, 26, 76, 0, 0, 13.52%, 0, 0, 6, 287.40, 2506115, 458, 0, 0
11370, 239, 75, 76, 0, 0, 13.52%, 0, 0, 6, 314.90, 2507769, 458, 0, 0
11375, 239, 75, 76, 0, 0, 13.52%, 0, 0, 6, 325.69, 2509213, 458, 0, 0
11381, 239, 26, 76, 0, 0, 13.52%, 0, 0, 6, 286.95, 2510615, 458, 0, 0
11386, 239, 12, 76, 0, 0, 13.52%, 0, 0, 6, 323.90, 2512165, 458, 0, 0
11391, 239, 26, 76, 0, 0, 13.52%, 0, 0, 6, 310.33, 2513571, 458, 0, 0
11396, 239, 75, 76, 0, 0, 13.52%, 0, 0, 6, 326.45, 2515141, 458, 0, 0
11401, 239, 54, 76, 0, 0, 13.52%, 0, 0, 6, 303.06, 2516535, 458, 0, 0
11406, 240, 51, 76, 0, 0, 13.52%, 0, 0, 6, 44.28, 2517995, 458, 0, 0
11411, 240, 75, 76, 0, 0, 13.52%, 0, 0, 6, 318.04, 2519523, 458, 0, 0
11416, 240, 20, 76, 0, 0, 13.52%, 0, 0, 6, 329.38, 2520998, 458, 0, 0
11421, 240, 75, 76, 0, 0, 13.52%, 0, 0, 6, 301.96, 2522449, 458, 0, 0
11427, 240, 75, 76, 0, 0, 13.52%, 0, 0, 6, 301.37, 2523955, 458, 0, 0
11432, 240, 37, 76, 0, 0, 13.52%, 0, 0, 6, 309.04, 2525428, 458, 0, 0
11437, 241, 5, 76, 0, 0, 13.52%, 0, 0, 6, 293.12, 2526874, 458, 0, 0
11442, 241, 20, 76, 0, 0, 13.52%, 0, 0, 6, 322.56, 2528428, 458, 0, 0
11447, 241, 17, 76, 0, 0, 13.52%, 0, 0, 6, 329.76, 2529840, 458, 0, 0
11452, 241, 28, 76, 0, 0, 13.52%, 0, 0, 6, 33.16, 2530413, 458, 0, 0
11457, 241, 75, 76, 0, 0, 13.52%, 0, 0, 6, 31.26, 2531583, 458, 0, 0
11463, 241, 6, 76, 0, 0, 13.52%, 0, 0, 6, 30.46, 2532974, 458, 0, 0
11468, 241, 75, 76, 0, 0, 13.52%, 0, 0, 6, 330.28, 2534078, 458, 0, 0
11473, 241, 4, 76, 0, 0, 13.52%, 0, 0, 6, 326.19, 2535040, 458, 0, 0
11478, 241, 26, 76, 0, 0, 13.52%, 0, 0, 6, 294.24, 2535970, 458, 0, 0
11483, 241, 30, 76, 0, 0, 13.52%, 0, 0, 6, 36.17, 2536865, 458, 0, 0
11489, 242, 75, 76, 0, 0, 13.52%, 0, 0, 6, 30.76, 2537970, 458, 0, 0
11494, 242, 65, 76, 0, 0, 13.52%, 0, 0, 6, 31.27, 2539089, 458, 0, 0
11499, 242, 12, 76, 0, 0, 13.52%, 0, 0, 6, 261.80, 2540220, 458, 0, 0
11504, 242, 75, 76, 0, 0, 13.52%, 0, 0, 6, 324.90, 2541056, 458, 0, 0
11509, 242, 12, 76, 0, 0, 13.52%, 0, 0, 6, 329.10, 2541898, 458, 0, 0
11514, 242, 75, 76, 0, 0, 13.52%, 0, 0, 6, 321.52, 2542684, 458, 0, 0
11519, 242, 28, 76, 0, 0, 13.52%, 0, 0, 6, 31.46, 2543597, 458, 0, 0
11524, 242, 4, 76, 0, 0, 13.52%, 0, 0, 6, 31.21, 2544651, 458, 0, 0
11529, 242, 26, 76, 0, 0, 13.52%, 0, 0, 6, 31.25, 2545672, 458, 0, 0
11535, 242, 75, 76, 0, 0, 13.52%, 0, 0, 6, 291.33, 2546660, 458, 0, 0
11540, 242, 6, 76, 0, 0, 13.52%, 0, 0, 6, 320.27, 2547398, 458, 0, 0
11545, 243, 2, 76, 0, 0, 13.52%, 0, 0, 6, 320.85, 2548204, 458, 0, 0
11550, 243, 75, 76, 0, 0, 13.52%, 0, 0, 6, 35.04, 2548847, 458, 0, 0
11555, 243, 5, 76, 0, 0, 13.52%, 0, 0, 6, 31.57, 2549824, 458, 0, 0
11560, 243, 75, 76, 0, 0, 13.52%, 0, 0, 6, 31.32, 2550790, 458, 0, 0
11565, 243, 57, 76, 0, 0, 13.52%, 0, 0, 6, 30.96, 2551725, 458, 0, 0
11570, 243, 17, 76, 0, 0, 13.52%, 0, 0, 6, 262.48, 2552635, 458, 0, 0
11575, 243, 20, 76, 0, 0, 13.52%, 0, 0, 6, 321.61, 2553304, 458, 0, 0
11580, 243, 5, 76, 0, 0, 13.52%, 0, 0, 6, 244.62, 2553978, 458, 0, 0
11585, 243, 46, 76, 0, 0, 13.52%, 0, 0, 6, 33.30, 2554686, 458, 0, 0
11591, 243, 5, 76, 0, 0, 13.52%, 0, 0, 6, 30.59, 2555601, 458, 0, 0
11596, 243, 55, 76, 0, 0, 13.52%, 0, 0, 6, 31.41, 2556543, 458, 0, 0
11601, 244, 55, 76, 0, 0, 13.52%, 0, 0, 6, 31.66, 2557446, 458, 0, 0
11606, 244, 75, 76, 0, 0, 13.52%, 0, 0, 6, 327.55, 2558296, 458, 0, 0
11611, 244, 12, 76, 0, 0, 13.52%, 0, 0, 6, 330.54, 2558949, 458, 0, 0
11616, 244, 26, 76, 0, 0, 13.52%, 0, 0, 6, 282.86, 2559555, 458, 0, 0
11621, 244, 75, 76, 0, 0, 13.52%, 0, 0, 6, 30.58, 2560282, 458, 0, 0
11626, 244, 4, 76, 0, 0, 13.52%, 0, 0, 6, 31.34, 2561189, 458, 0, 0
11631, 244, 20, 76, 0, 0, 13.52%, 0, 0, 6, 31.48, 2562033, 458, 0, 0
11637, 244, 26, 76, 0, 0, 13.52%, 0, 0, 6, 53.45, 2562882, 458, 0, 0
11642, 244, 51, 76, 0, 0, 13.52%, 0, 0, 6, 316.39, 2563736, 458, 0, 0
11647, 244, 75, 76, 0, 0, 13.52%, 0, 0, 6, 319.92, 2564330, 458, 0, 0
11652, 244, 75, 76, 0, 0, 13.52%, 0, 0, 6, 330.01, 2564928, 458, 0, 0
11657, 244, 2, 76, 0, 0, 13.52%, 0, 0, 6, 37.27, 2565649, 458, 0, 0
11662, 244, 75, 76, 0, 0, 13.52%, 0, 0, 6, 31.37, 2566474, 458, 0, 0
11667, 244, 75, 76, 0, 0, 13.52%, 0, 0, 6, 31.32, 2567283, 458, 0, 0
11672, 244, 20, 76, 0, 0, 13.52%, 0, 0, 6, 31.30, 2568140, 458, 0, 0
11677, 245, 13, 76, 0, 0, 13.52%, 0, 0, 6, 44.69, 2568952, 458, 0, 0
11682, 245, 0, 76, 0, 0, 13.52%, 0, 0, 6, 260.75, 2569805, 458, 0, 0
11687, 245, 75, 76, 0, 0, 13.52%, 0, 0, 6, 220.47, 2570286, 458, 0, 0
11693, 245, 6, 76, 0, 0, 13.52%, 0, 0, 6, 31.41, 2570946, 458, 0, 0
11698, 245, 75, 76, 0, 0, 13.52%, 0, 0, 6, 31.44, 2571855, 458, 0, 0
11703, 245, 54, 76, 0, 0, 13.52%, 0, 0, 6, 31.05, 2572748, 458, 0, 0
11708, 245, 6, 76, 0, 0, 13.52%, 0, 0, 6, 294.44, 2573500, 458, 0, 0
11713, 245, 2, 76, 0, 0, 13.52%, 0, 0, 6, 331.62, 2573998, 458, 0, 0
11718, 245, 2, 76, 0, 0, 13.52%, 0, 0, 6, 31.33, 2574726, 458, 0, 0
11723, 245, 50, 76, 0, 0, 13.52%, 0, 0, 6, 45.01, 2575612, 458, 0, 0
11729, 245, 7, 76, 0, 0, 13.52%, 0, 0, 6, 30.46, 2576498, 458, 0, 0
11734, 245, 26, 76, 0, 0, 13.52%, 0, 0, 6, 231.17, 2577162, 458, 0, 0
11739, 245, 75, 76, 0, 0, 13.52%, 0, 0, 6, 335.00, 2577625, 458, 0, 0
11744, 246, 20, 76, 0, 0, 13.52%, 0, 0, 6, 31.19, 2578433, 458, 0, 0
11749, 246, 20, 76, 0, 0, 13.52%, 0, 0, 6, 31.38, 2579330, 458, 0, 0
11754, 246, 5, 76, 0, 0, 13.52%, 0, 0, 6, 314.24, 2580198, 458, 0, 0
11759, 246, 37, 76, 0, 0, 13.52%, 0, 0, 6, 330.74, 2580804, 458, 0, 0
11764, 246, 4, 76, 0, 0, 13.52%, 0, 0, 6, 321.78, 2581288, 458, 0, 0
11769, 246, 75, 76, 0, 0, 13.52%, 0, 0, 6, 31.39, 2582106, 458, 0, 0
11775, 246, 5, 76, 0, 0, 13.52%, 0, 0, 6, 30.68, 2582947, 458, 0, 0
11780, 246, 28, 76, 0, 0, 13.52%, 0, 0, 6, 31.65, 2583792, 458, 0, 0
11785, 246, 6, 76, 0, 0, 13.52%, 0, 0, 6, 276.28, 2584535, 458, 0, 0
11790, 246, 4, 76, 0, 0, 13.52%, 0, 0, 6, 325.70, 2585074, 458, 0, 0
11795, 246, 26, 76, 0, 0, 13.52%, 0, 0, 6, 31.38, 2585620, 458, 0, 0
11800, 246, 28, 76, 0, 0, 13.52%, 0, 0, 6, 30.98, 2586473, 458, 0, 0
11805, 246, 26, 76, 0, 0, 13.52%, 0, 0, 6, 30.32, 2587318, 458, 0, 0
11810, 247, 28, 76, 0, 0, 13.52%, 0, 0, 6, 318.21, 2588128, 458, 0, 0
11815, 247, 12, 76, 0, 0, 13.52%, 0, 0, 6, 307.12, 2588680, 458, 0, 0
11820, 247, 75, 76, 0, 0, 13.52%, 0, 0, 6, 328.97, 2589212, 458, 0, 0
11825, 247, 55, 76, 0, 0, 13.52%, 0, 0, 6, 30.85, 2589918, 458, 0, 0
11831, 247, 39, 76, 0, 0, 13.52%, 0, 0, 6, 31.44, 2590791, 458, 0, 0
11836, 247, 55, 76, 0, 0, 13.52%, 0, 0, 6, 31.55, 2591635, 458, 0, 0
11841, 247, 75, 76, 0, 0, 13.52%, 0, 0, 6, 237.83, 2592366, 458, 0, 0
11846, 247, 6, 76, 0, 0, 13.52%, 0, 0, 6, 321.38, 2592886, 458, 0, 0
11851, 247, 6, 76, 0, 0, 13.52%, 0, 0, 6, 38.49, 2593479, 458, 0, 0
11856, 247, 12, 76, 0, 0, 13.52%, 0, 0, 6, 31.54, 2594312, 458, 0, 0
11861, 247, 33, 76, 0, 0, 13.52%, 0, 0, 6, 31.24, 2595146, 458, 0, 0
11866, 247, 6, 76, 0, 0, 13.52%, 0, 0, 6, 31.65, 2595910, 458, 0, 0
11871, 247, 54, 76, 0, 0, 13.52%, 0, 0, 6, 321.02, 2596612, 458, 0, 0
11876, 247, 6, 76, 0, 0, 13.52%, 0, 0, 6, 195.58, 2597080, 458, 0, 0
11882, 247, 55, 76, 0, 0, 13.52%, 0, 0, 6, 31.29, 2597676, 458, 0, 0
11887, 248, 26, 76, 0, 0, 13.52%, 0, 0, 6, 31.54, 2598479, 458, 0, 0
11892, 248, 75, 76, 0, 0, 13.52%, 0, 0, 6, 30.46, 2599287, 458, 0, 0
11897, 248, 51, 76, 0, 0, 13.52%, 0, 0, 6, 47.31, 2600095, 458, 0, 0
11902, 248, 6, 76, 0, 0, 13.52%, 0, 0, 6, 290.97, 2600905, 458, 0, 0
11907, 248, 12, 76, 0, 0, 13.52%, 0, 0, 6, 331.64, 2601462, 458, 0, 0
11912, 248, 12, 76, 0, 0, 13.52%, 0, 0, 6, 297.40, 2601995, 458, 0, 0
11917, 248, 5, 76, 0, 0, 13.52%, 0, 0, 6, 31.12, 2602618, 458, 0, 0
11922, 248, 75, 76, 0, 0, 13.52%, 0, 0, 6, 47.64, 2603477, 458, 0, 0
11928, 248, 5, 76, 0, 0, 13.52%, 0, 0, 6, 31.21, 2604355, 458, 0, 0
11933, 248, 6, 76, 0, 0, 13.52%, 0, 0, 6, 276.48, 2605105, 458, 0, 0
11938, 248, 75, 76, 0, 0, 13.52%, 0, 0, 6, 328.96, 2605514, 458, 0, 0
11943, 248, 75, 76, 0, 0, 13.52%, 0, 0, 6, 30.98, 2606275, 458, 0, 0
11948, 248, 64, 76, 0, 0, 13.52%, 0, 0, 6, 31.58, 2607141, 458, 0, 0
11953, 248, 54, 76, 0, 0, 13.52%, 0, 0, 6, 312.61, 2608016, 458, 0, 0
11958, 248, 4, 76, 0, 0, 13.52%, 0, 0, 6, 321.40, 2608492, 458, 0, 0
11964, 249, 4, 76, 0, 0, 13.52%, 0, 0, 6, 31.24, 2609039, 458, 0, 0
11969, 249, 75, 76, 0, 0, 13.52%, 0, 0, 6, 31.35, 2609924, 458, 0, 0
11974, 249, 11, 76, 0, 0, 13.52%, 0, 0, 6, 30.38, 2610770, 458, 0, 0
11979, 249, 6, 76, 0, 0, 13.52%, 0, 0, 6, 231.26, 2611486, 458, 0, 0
11984, 249, 54, 76, 0, 0, 13.52%, 0, 0, 6, 326.37, 2611924, 458, 0, 0
11989, 249, 20, 76, 0, 0, 13.52%, 0, 0, 6, 37.46, 2612634, 458, 0, 0
11994, 249, 75, 76, 0, 0, 13.52%, 0, 0, 6, 31.31, 2613501, 458, 0, 0
11999, 249, 26, 76, 0, 0, 13.52%, 0, 0, 6, 249.93, 2614370, 458, 0, 0
12004, 249, 28, 76, 0, 0, 13.52%, 0, 0, 6, 293.89, 2614935, 458, 0, 0
12009, 249, 46, 76, 0, 0, 13.52%, 0, 0, 6, 290.00, 2615415, 458, 0, 0
12015, 249, 75, 76, 0, 0, 13.52%, 0, 0, 6, 30.84, 2616256, 458, 0, 0
12020, 249, 26, 76, 0, 0, 13.52%, 0, 0, 6, 31.43, 2617104, 458, 0, 0
12025, 249, 9, 76, 0, 0, 13.52%, 0, 0, 6, 318.38, 2617991, 458, 0, 0
12030, 249, 75, 76, 0, 0, 13.52%, 0, 0, 6, 230.39, 2618489, 458, 0, 0
12035, 250, 26, 76, 0, 0, 13.52%, 0, 0, 6, 255.00, 2619029, 458, 0, 0
12040, 250, 4, 76, 0, 0, 13.52%, 0, 0, 6, 31.55, 2619827, 458, 0, 0
12045, 250, 28, 76, 0, 0, 13.52%, 0, 0, 6, 30.60, 2620652, 458, 0, 0
12050, 250, 51, 76, 0, 0, 13.52%, 0, 0, 6, 31.45, 2621500, 458, 0, 0
12056, 250, 72, 76, 0, 0, 13.52%, 0, 0, 6, 315.64, 2622209, 458, 0, 0
12061, 250, 26, 76, 0, 0, 13.52%, 0, 0, 6, 323.31, 2622761, 458, 0, 0
12066, 250, 12, 76, 0, 0, 13.52%, 0, 0, 6, 174.13, 2623282, 458, 0, 0
12071, 250, 5, 76, 0, 0, 13.52%, 0, 0, 6, 31.54, 2624054, 458, 0, 0
12076, 250, 75, 76, 0, 0, 13.52%, 0, 0, 6, 31.54, 2624857, 458, 0, 0
12081, 250, 51, 76, 0, 0, 13.52%, 0, 0, 6, 31.25, 2625661, 458, 0, 0
12086, 250, 75, 76, 0, 0, 13.52%, 0, 0, 6, 314.32, 2626473, 458, 0, 0
12091, 250, 55, 76, 0, 0, 13.52%, 0, 0, 6, 322.79, 2627123, 458, 0, 0
12096, 250, 75, 76, 0, 0, 13.52%, 0, 0, 6, 189.18, 2627655, 458, 0, 0
12101, 250, 28, 76, 0, 0, 13.52%, 0, 0, 6, 31.42, 2628255, 458, 0, 0
12107, 250, 5, 76, 0, 0, 13.52%, 0, 0, 6, 30.82, 2629073, 458, 0, 0
12112, 251, 65, 76, 0, 0, 13.52%, 0, 0, 6, 31.51, 2629845, 458, 0, 0
12117, 251, 75, 76, 0, 0, 13.52%, 0, 0, 6, 31.62, 2630657, 458, 0, 0
12122, 251, 75, 76, 0, 0, 13.52%, 0, 0, 6, 42.92, 2631460, 458, 0, 0
12127, 251, 17, 76, 0, 0, 13.52%, 0, 0, 6, 327.10, 2632124, 458, 0, 0
12132, 251, 54, 76, 0, 0, 13.52%, 0, 0, 6, 217.95, 2632588, 458, 0, 0
12137, 251, 75, 76, 0, 0, 13.52%, 0, 0, 6, 31.54, 2633218, 458, 0, 0
12142, 251, 75, 76, 0, 0, 13.52%, 0, 0, 6, 39.97, 2634037, 458, 0, 0
12147, 251, 75, 76, 0, 0, 13.52%, 0, 0, 6, 31.23, 2634840, 458, 0, 0
12153, 251, 7, 76, 0, 0, 13.52%, 0, 0, 6, 30.37, 2635626, 458, 0, 0
12158, 251, 5, 76, 0, 0, 13.52%, 0, 0, 6, 322.22, 2636324, 458, 0, 0
12163, 251, 75, 76, 0, 0, 13.52%, 0, 0, 6, 310.00, 2636699, 458, 0, 0
12168, 251, 75, 76, 0, 0, 13.52%, 0, 0, 6, 31.48, 2637537, 458, 0, 0
12173, 251, 75, 76, 0, 0, 13.52%, 0, 0, 6, 31.24, 2638413, 458, 0, 0
12178, 251, 75, 76, 0, 0, 13.52%, 0, 0, 6, 269.93, 2639280, 458, 0, 0
12183, 251, 12, 76, 0, 0, 13.52%, 0, 0, 6, 324.32, 2639690, 458, 0, 0
12188, 251, 75, 76, 0, 0, 13.52%, 0, 0, 6, 31.60, 2640317, 458, 0, 0
12194, 252, 4, 76, 0, 0, 13.52%, 0, 0, 6, 31.23, 2641184, 458, 0, 0
12199, 252, 24, 76, 0, 0, 13.52%, 0, 0, 6, 45.52, 2642038, 458, 0, 0
12204, 252, 51, 76, 0, 0, 13.52%, 0, 0, 6, 241.36, 2642708, 458, 0, 0
12209, 252, 75, 76, 0, 0, 13.52%, 0, 0, 6, 195.50, 2643163, 458, 0, 0
12214, 252, 75, 76, 0, 0, 13.52%, 0, 0, 6, 30.55, 2643912, 458, 0, 0
12219, 252, 26, 76, 0, 0, 13.52%, 0, 0, 6, 30.68, 2644777, 458, 0, 0
12225, 252, 74, 76, 0, 0, 13.52%, 0, 0, 6, 31.45, 2645620, 458, 0, 0
12230, 252, 75, 76, 0, 0, 13.52%, 0, 0, 6, 324.63, 2646230, 458, 0, 0
12235, 252, 5, 76, 0, 0, 13.52%, 0, 0, 6, 199.00, 2646671, 458, 0, 0
12240, 252, 7, 76, 0, 0, 13.52%, 0, 0, 6, 31.39, 2647505, 458, 0, 0
12245, 252, 4, 76, 0, 0, 13.52%, 0, 0, 6, 31.45, 2648370, 458, 0, 0
12250, 252, 20, 76, 0, 0, 13.52%, 0, 0, 6, 272.65, 2649210, 458, 0, 0
12255, 252, 5, 76, 0, 0, 13.52%, 0, 0, 6, 322.14, 2649812, 458, 0, 0
12260, 252, 75, 76, 0, 0, 13.52%, 0, 0, 6, 327.99, 2650312, 458, 0, 0
12266, 252, 17, 76, 0, 0, 13.52%, 0, 0, 6, 30.97, 2651032, 458, 0, 0
12271, 253, 17, 76, 0, 0, 13.52%, 0, 0, 6, 30.51, 2651877, 458, 0, 0
12276, 253, 59, 76, 0, 0, 13.52%, 0, 0, 6, 31.34, 2652686, 458, 0, 0
12281, 253, 75, 76, 0, 0, 13.52%, 0, 0, 6, 313.77, 2653448, 458, 0, 0
12286, 253, 20, 76, 0, 0, 13.52%, 0, 0, 6, 326.73, 2653946, 458, 0, 0
12291, 253, 20, 76, 0, 0, 13.52%, 0, 0, 6, 31.54, 2654538, 458, 0, 0
12296, 253, 75, 76, 0, 0, 13.52%, 0, 0, 6, 31.12, 2655339, 458, 0, 0
12301, 253, 26, 76, 0, 0, 13.52%, 0, 0, 6, 36.10, 2656122, 458, 0, 0
12307, 253, 5, 76, 0, 0, 13.52%, 0, 0, 6, 53.57, 2656906, 458, 0, 0
12312, 253, 12, 76, 0, 0, 13.52%, 0, 0, 6, 328.68, 2657680, 458, 0, 0
12317, 253, 6, 76, 0, 0, 13.52%, 0, 0, 6, 296.59, 2658210, 458, 0, 0
12322, 253, 26, 76, 0, 0, 13.52%, 0, 0, 6, 295.00, 2658727, 458, 0, 0
12327, 253, 4, 76, 0, 0, 13.52%, 0, 0, 6, 30.80, 2659484, 458, 0, 0
12332, 253, 28, 76, 0, 0, 13.52%, 0, 0, 6, 31.60, 2660289, 458, 0, 0
12337, 254, 75, 76, 0, 0, 13.52%, 0, 0, 6, 31.15, 2661113, 458, 0, 0
12342, 254, 75, 76, 0, 0, 13.52%, 0, 0, 6, 31.37, 2661894, 458, 0, 0
12348, 254, 5, 76, 0, 0, 13.52%, 0, 0, 6, 267.33, 2662575, 458, 0, 0
12353, 254, 26, 76, 0, 0, 13.52%, 0, 0, 6, 319.29, 2663134, 458, 0, 0
12358, 254, 6, 76, 0, 0, 13.52%, 0, 0, 6, 234.12, 2663690, 458, 0, 0
12363, 254, 26, 76, 0, 0, 13.52%, 0, 0, 6, 31.50, 2664409, 458, 0, 0
12368, 254, 75, 76, 0, 0, 13.52%, 0, 0, 6, 31.56, 2665210, 458, 0, 0
12373, 254, 75, 76, 0, 0, 13.52%, 0, 0, 6, 31.28, 2666003, 458, 0, 0
12378, 254, 6, 76, 0, 0, 13.52%, 0, 0, 6, 42.03, 2666804, 458, 0, 0
12383, 254, 4, 76, 0, 0, 13.52%, 0, 0, 6, 305.92, 2667568, 458, 0, 0
12389, 254, 12, 76, 0, 0, 13.52%, 0, 0, 6, 165.00, 2667810, 458, 0, 0
12394, 254, 29, 76, 0, 0, 13.52%, 0, 0, 6, 31.53, 2668663, 458, 0, 0
12399, 254, 6, 76, 0, 0, 13.52%, 0, 0, 6, 53.50, 2669508, 458, 0, 0
12404, 254, 75, 76, 0, 0, 13.52%, 0, 0, 6, 267.25, 2670250, 458, 0, 0
12409, 254, 37, 76, 0, 0, 13.52%, 0, 0, 6, 313.33, 2670656, 458, 0, 0
12414, 255, 75, 76, 0, 0, 13.52%, 0, 0, 6, 323.03, 2672298, 458, 0, 0
12419, 255, 24, 76, 0, 0, 13.52%, 0, 0, 6, 323.01, 2673956, 458, 0, 0
12424, 255, 75, 76, 0, 0, 13.52%, 0, 0, 6, 315.42, 2675596, 458, 0, 0
12430, 255, 24, 76, 0, 0, 13.52%, 0, 0, 6, 283.38, 2677035, 458, 0, 0
12435, 255, 6, 76, 0, 0, 13.52%, 0, 0, 6, 287.38, 2678505, 458, 0, 0
12440, 255, 75, 76, 0, 0, 13.52%, 0, 0, 6, 269.95, 2679805, 458, 0, 0
12445, 255, 16, 76, 0, 0, 13.52%, 0, 0, 6, 295.58, 2681375, 458, 0, 0
12450, 256, 75, 76, 0, 0, 13.52%, 0, 0, 6, 298.36, 2682920, 458, 0, 0
12455, 256, 7, 76, 0, 0, 13.52%, 0, 0, 6, 300.50, 2684480, 458, 0, 0
12460, 256, 13, 76, 0, 0, 13.52%, 0, 0, 6, 278.76, 2685900, 458, 0, 0
12465, 256, 6, 76, 0, 0, 13.52%, 0, 0, 6, 251.68, 2687120, 458, 0, 0
12470, 256, 75, 76, 0, 0, 13.52%, 0, 0, 6, 288.71, 2688570, 458, 0, 0
12476, 256, 4, 76, 0, 0, 13.52%, 0, 0, 6, 305.27, 2690191, 458, 0, 0
12481, 256, 5, 76, 0, 0, 13.52%, 0, 0, 6, 305.10, 2691737, 458, 0, 0
12486, 257, 75, 76, 0, 0, 13.52%, 0, 0, 6, 305.50, 2693275, 458, 0, 0
12491, 257, 75, 76, 0, 0, 13.52%, 0, 0, 6, 273.81, 2694640, 458, 0, 0
12496, 257, 26, 76, 0, 0, 13.52%, 0, 0, 6, 306.99, 2696273, 458, 0, 0
12501, 257, 28, 76, 0, 0, 13.52%, 0, 0, 6, 315.34, 2697909, 458, 0, 0
12506, 257, 75, 76, 0, 0, 13.52%, 0, 0, 6, 316.25, 2699547, 458, 0, 0
12511, 257, 59, 76, 0, 0, 13.52%, 0, 0, 6, 288.61, 2701070, 458, 0, 0
12517, 257, 6, 76, 0, 0, 13.52%, 0, 0, 6, 308.86, 2702691, 458, 0, 0
12522, 258, 7, 76, 0, 0, 13.52%, 0, 0, 6, 315.10, 2704337, 458, 0, 0
12527, 258, 75, 76, 0, 0, 13.52%, 0, 0, 6, 315.05, 2705909, 458, 0, 0
12532, 258, 28, 76, 0, 0, 13.52%, 0, 0, 6, 299.72, 2707437, 458, 0, 0
12537, 258, 2, 76, 0, 0, 13.52%, 0, 0, 6, 309.50, 2708973, 458, 0, 0
12542, 258, 7, 76, 0, 0, 13.52%, 0, 0, 6, 314.97, 2710597, 458, 0, 0
12547, 258, 12, 76, 0, 0, 13.52%, 0, 0, 6, 321.12, 2712237, 458, 0, 0
12552, 258, 75, 76, 0, 0, 13.52%, 0, 0, 6, 316.32, 2713861, 458, 0, 0
12557, 259, 75, 76, 0, 0, 13.52%, 0, 0, 6, 309.75, 2715395, 458, 0, 0
12562, 259, 33, 76, 0, 0, 13.52%, 0, 0, 6, 314.90, 2716985, 458, 0, 0
12568, 259, 2, 76, 0, 0, 13.52%, 0, 0, 6, 319.96, 2718643, 458, 0, 0
12573, 259, 73, 76, 0, 0, 13.52%, 0, 0, 6, 316.96, 2720275, 458, 0, 0
12578, 259, 46, 76, 0, 0, 13.52%, 0, 0, 6, 307.23, 2721800, 458, 0, 0
12583, 259, 17, 76, 0, 0, 13.52%, 0, 0, 6, 312.45, 2723436, 458, 0, 0
12588, 260, 2, 76, 0, 0, 13.52%, 0, 0, 6, 315.42, 2725066, 458, 0, 0
12593, 260, 4, 76, 0, 0, 13.52%, 0, 0, 6, 315.81, 2726642, 458, 0, 0
12598, 260, 75, 76, 0, 0, 13.52%, 0, 0, 6, 305.80, 2728184, 458, 0, 0
12604, 260, 2, 76, 0, 0, 13.52%, 0, 0, 6, 314.27, 2729818, 458, 0, 0
12609, 260, 2, 76, 0, 0, 13.52%, 0, 0, 6, 314.84, 2731396, 458, 0, 0
12614, 260, 7, 76, 0, 0, 13.52%, 0, 0, 6, 314.13, 2732972, 458, 0, 0
12619, 260, 75, 76, 0, 0, 13.52%, 0, 0, 6, 303.15, 2734454, 458, 0, 0
12624, 260, 54, 76, 0, 0, 13.52%, 0, 0, 6, 311.28, 2736036, 458, 0, 0
12629, 261, 75, 76, 0, 0, 13.52%, 0, 0, 6, 311.66, 2737653, 458, 0, 0
12634, 261, 75, 76, 0, 0, 13.52%, 0, 0, 6, 317.74, 2739301, 458, 0, 0
12639, 261, 26, 76, 0, 0, 13.52%, 0, 0, 6, 302.05, 2740847, 458, 0, 0
12644, 261, 75, 76, 0, 0, 13.52%, 0, 0, 6, 315.34, 2742481, 458, 0, 0
12650, 261, 46, 76, 0, 0, 13.52%, 0, 0, 6, 317.96, 2744135, 458, 0, 0
12655, 261, 8, 76, 0, 0, 13.52%, 0, 0, 6, 319.39, 2745787, 458, 0, 0
12660, 262, 4, 76, 0, 0, 13.52%, 0, 0, 6, 300.07, 2747285, 458, 0, 0
12665, 262, 54, 76, 0, 0, 13.52%, 0, 0, 6, 314.99, 2748893, 458, 0, 0
12670, 262, 26, 76, 0, 0, 13.52%, 0, 0, 6, 316.14, 2750535, 458, 0, 0
12675, 262, 75, 76, 0, 0, 13.52%, 0, 0, 6, 318.02, 2752129, 458, 0, 0
12680, 262, 6, 76, 0, 0, 13.52%, 0, 0, 6, 291.86, 2753640, 458, 0, 0
12685, 262, 28, 76, 0, 0, 13.52%, 0, 0, 6, 313.19, 2755281, 458, 0, 0
12691, 262, 7, 76, 0, 0, 13.52%, 0, 0, 6, 31.30, 2756499, 458, 0, 0
12696, 263, 12, 76, 0, 0, 13.52%, 0, 0, 6, 324.15, 2758059, 458, 0, 0
12701, 263, 12, 76, 0, 0, 13.52%, 0, 0, 6, 225.15, 2759279, 458, 0, 0
12706, 263, 5, 76, 0, 0, 13.52%, 0, 0, 6, 301.19, 2760929, 458, 0, 0
12711, 263, 6, 76, 0, 0, 13.52%, 0, 0, 6, 317.09, 2762599, 458, 0, 0
12716, 263, 75, 76, 0, 0, 13.52%, 0, 0, 6, 316.27, 2764229, 458, 0, 0
12721, 263, 5, 76, 0, 0, 13.52%, 0, 0, 6, 275.51, 2765520, 458, 0, 0
12727, 263, 74, 76, 0, 0, 13.52%, 0, 0, 6, 312.14, 2767185, 458, 0, 0
12732, 264, 24, 76, 0, 0, 13.52%, 0, 0, 6, 314.34, 2768823, 458, 0, 0
12737, 264, 9, 76, 0, 0, 13.52%, 0, 0, 6, 319.36, 2770059, 458, 0, 0
12742, 264, 75, 76, 0, 0, 13.52%, 0, 0, 6, 322.17, 2771697, 458, 0, 0
12747, 264, 75, 76, 0, 0, 13.52%, 0, 0, 6, 326.30, 2773335, 458, 0, 0
12752, 264, 6, 76, 0, 0, 13.52%, 0, 0, 6, 298.76, 2774555, 458, 0, 0
12757, 264, 7, 76, 0, 0, 13.52%, 0, 0, 6, 314.90, 2776217, 458, 0, 0
12762, 264, 59, 76, 0, 0, 13.52%, 0, 0, 6, 317.39, 2777871, 458, 0, 0
12768, 264, 26, 76, 0, 0, 13.52%, 0, 0, 6, 271.82, 2779120, 458, 0, 0
12773, 265, 4, 76, 0, 0, 13.52%, 0, 0, 6, 307.93, 2780765, 458, 0, 0
12778, 265, 12, 76, 0, 0, 13.52%, 0, 0, 6, 308.28, 2782429, 458, 0, 0
12783, 265, 55, 76, 0, 0, 13.52%, 0, 0, 6, 273.11, 2783740, 458, 0, 0
12788, 265, 20, 76, 0, 0, 13.52%, 0, 0, 6, 308.60, 2785365, 458, 0, 0
12794, 265, 4, 76, 0, 0, 13.52%, 0, 0, 6, 324.42, 2786629, 458, 0, 0
12799, 266, 12, 76, 0, 0, 13.52%, 0, 0, 6, 319.48, 2788275, 458, 0, 0
12804, 266, 2, 76, 0, 0, 13.52%, 0, 0, 6, 319.87, 2789929, 458, 0, 0
12809, 266, 9, 76, 0, 0, 13.52%, 0, 0, 6, 280.75, 2791135, 458, 0, 0
12814, 266, 75, 76, 0, 0, 13.52%, 0, 0, 6, 314.68, 2792804, 458, 0, 0
12819, 266, 55, 76, 0, 0, 13.52%, 0, 0, 6, 322.10, 2794480, 458, 0, 0
12824, 266, 75, 76, 0, 0, 13.52%, 0, 0, 6, 319.77, 2795714, 458, 0, 0
12829, 266, 28, 76, 0, 0, 13.52%, 0, 0, 6, 320.26, 2797328, 458, 0, 0
12834, 267, 75, 76, 0, 0, 13.52%, 0, 0, 6, 322.61, 2798552, 458, 0, 0
12839, 267, 6, 76, 0, 0, 13.52%, 0, 0, 6, 322.24, 2800162, 458, 0, 0
12845, 267, 20, 76, 0, 0, 13.52%, 0, 0, 6, 320.35, 2801822, 458, 0, 0
12850, 267, 75, 76, 0, 0, 13.52%, 0, 0, 6, 294.26, 2803040, 458, 0, 0
12855, 267, 26, 76, 0, 0, 13.52%, 0, 0, 6, 317.01, 2804692, 458, 0, 0
12860, 267, 6, 76, 0, 0, 13.52%, 0, 0, 6, 31.33, 2806146, 458, 0, 0
12865, 267, 61, 76, 0, 0, 13.52%, 0, 0, 6, 318.83, 2807580, 458, 0, 0
12870, 268, 4, 76, 0, 0, 13.52%, 0, 0, 6, 317.40, 2809198, 458, 0, 0
12875, 268, 72, 76, 0, 0, 13.52%, 0, 0, 6, 328.39, 2810416, 458, 0, 0
12880, 268, 6, 76, 0, 0, 13.52%, 0, 0, 6, 328.36, 2812068, 458, 0, 0
12885, 268, 75, 76, 0, 0, 13.52%, 0, 0, 6, 290.00, 2813318, 458, 0, 0
12890, 268, 28, 76, 0, 0, 13.52%, 0, 0, 6, 314.57, 2814968, 458, 0, 0
12895, 268, 75, 76, 0, 0, 13.52%, 0, 0, 6, 329.54, 2816386, 458, 0, 0
12901, 268, 54, 76, 0, 0, 13.52%, 0, 0, 6, 295.22, 2817925, 458, 0, 0
12906, 268, 6, 76, 0, 0, 13.52%, 0, 0, 6, 326.86, 2819334, 458, 0, 0
12911, 269, 5, 76, 0, 0, 13.52%, 0, 0, 6, 37.15, 2820786, 458, 0, 0
12916, 269, 75, 76, 0, 0, 13.52%, 0, 0, 6, 320.77, 2822328, 458, 0, 0
12921, 269, 55, 76, 0, 0, 13.52%, 0, 0, 6, 293.17, 2823755, 458, 0, 0
12926, 269, 59, 76, 0, 0, 13.52%, 0, 0, 6, 38.79, 2825134, 458, 0, 0
12931, 269, 17, 76, 0, 0, 13.52%, 0, 0, 6, 329.72, 2826674, 458, 0, 0
12936, 269, 26, 76, 0, 0, 13.52%, 0, 0, 6, 321.67, 2828092, 458, 0, 0
12941, 269, 75, 76, 0, 0, 13.52%, 0, 0, 6, 312.32, 2829550, 458, 0, 0
12946, 270, 10, 76, 0, 0, 13.52%, 0, 0, 6, 327.05, 2831092, 458, 0, 0
12952, 270, 75, 76, 0, 0, 13.52%, 0, 0, 6, 318.73, 2832510, 458, 0, 0
12957, 270, 75, 76, 0, 0, 13.52%, 0, 0, 6, 296.20, 2833895, 458, 0, 0
12962, 270, 72, 76, 0, 0, 13.52%, 0, 0, 6, 294.34, 2835404, 458, 0, 0
12967, 270, 6, 76, 0, 0, 13.52%, 0, 0, 6, 311.14, 2836886, 458, 0, 0
12972, 270, 54, 76, 0, 0, 13.52%, 0, 0, 6, 331.46, 2838352, 458, 0, 0
12977, 270, 20, 76, 0, 0, 13.52%, 0, 0, 6, 302.08, 2839840, 458, 0, 0
12982, 271, 12, 76, 0, 0, 13.52%, 0, 0, 6, 303.96, 2841356, 458, 0, 0
12987, 271, 75, 76, 0, 0, 13.52%, 0, 0, 6, 320.55, 2842774, 458, 0, 0
12992, 271, 6, 76, 0, 0, 13.52%, 0, 0, 6, 323.62, 2844210, 458, 0, 0
12998, 271, 75, 76, 0, 0, 13.52%, 0, 0, 6, 311.11, 2845746, 458, 0, 0
13003, 271, 64, 76, 0, 0, 13.52%, 0, 0, 6, 321.91, 2847186, 458, 0, 0
13008, 271, 26, 76, 0, 0, 13.52%, 0, 0, 6, 297.31, 2848635, 458, 0, 0
13013, 271, 75, 76, 0, 0, 13.52%, 0, 0, 6, 31.09, 2849213, 458, 0, 0
13018, 271, 75, 76, 0, 0, 13.52%, 0, 0, 6, 283.86, 2850435, 458, 0, 0
13023, 272, 55, 76, 0, 0, 13.52%, 0, 0, 6, 235.25, 2851466, 458, 0, 0
13028, 272, 6, 76, 0, 0, 13.52%, 0, 0, 6, 31.26, 2852348, 458, 0, 0
13033, 272, 55, 76, 0, 0, 13.52%, 0, 0, 6, 31.24, 2853777, 458, 0, 0
13038, 272, 75, 76, 0, 0, 13.52%, 0, 0, 6, 285.34, 2854875, 458, 0, 0
13043, 272, 75, 76, 0, 0, 13.52%, 0, 0, 6, 324.01, 2855764, 458, 0, 0
13048, 272, 75, 76, 0, 0, 13.52%, 0, 0, 6, 322.50, 2856602, 458, 0, 0
13054, 272, 75, 76, 0, 0, 13.52%, 0, 0, 6, 31.42, 2857696, 458, 0, 0
13059, 272, 55, 76, 0, 0, 13.52%, 0, 0, 6, 31.25, 2858867, 458, 0, 0
13064, 272, 31, 76, 0, 0, 13.52%, 0, 0, 6, 321.08, 2859940, 458, 0, 0
13069, 272, 12, 76, 0, 0, 13.52%, 0, 0, 6, 311.75, 2860786, 458, 0, 0
13074, 272, 75, 76, 0, 0, 13.52%, 0, 0, 6, 219.66, 2861638, 458, 0, 0
13079, 272, 75, 76, 0, 0, 13.52%, 0, 0, 6, 240.94, 2862390, 458, 0, 0
13084, 273, 75, 76, 0, 0, 13.52%, 0, 0, 6, 31.25, 2863313, 458, 0, 0
13089, 273, 51, 76, 0, 0, 13.52%, 0, 0, 6, 31.61, 2864391, 458, 0, 0
13094, 273, 4, 76, 0, 0, 13.52%, 0, 0, 6, 31.55, 2865390, 458, 0, 0
13099, 273, 5, 76, 0, 0, 13.52%, 0, 0, 6, 314.62, 2866346, 458, 0, 0
13105, 273, 75, 76, 0, 0, 13.52%, 0, 0, 6, 302.53, 2867078, 458, 0, 0
13110, 273, 12, 76, 0, 0, 13.52%, 0, 0, 6, 242.30, 2867837, 458, 0, 0
13115, 273, 3, 76, 0, 0, 13.52%, 0, 0, 6, 31.43, 2868554, 458, 0, 0
13120, 273, 75, 76, 0, 0, 13.52%, 0, 0, 6, 31.35, 2869524, 458, 0, 0
13125, 273, 15, 76, 0, 0, 13.52%, 0, 0, 6, 30.57, 2870512, 458, 0, 0
13130, 273, 4, 76, 0, 0, 13.52%, 0, 0, 6, 30.46, 2871467, 458, 0, 0
13136, 273, 54, 76, 0, 0, 13.52%, 0, 0, 6, 293.21, 2872411, 458, 0, 0
13141, 273, 12, 76, 0, 0, 13.52%, 0, 0, 6, 307.92, 2873103, 458, 0, 0
13146, 274, 26, 76, 0, 0, 13.52%, 0, 0, 6, 321.06, 2873767, 458, 0, 0
13151, 274, 75, 76, 0, 0, 13.52%, 0, 0, 6, 31.26, 2874454, 458, 0, 0
13156, 274, 26, 76, 0, 0, 13.52%, 0, 0, 6, 31.68, 2875378, 458, 0, 0
13161, 274, 46, 76, 0, 0, 13.52%, 0, 0, 6, 30.33, 2876305, 458, 0, 0
13166, 274, 20, 76, 0, 0, 13.52%, 0, 0, 6, 31.25, 2877191, 458, 0, 0
13171, 274, 5, 76, 0, 0, 13.52%, 0, 0, 6, 326.69, 2878061, 458, 0, 0
13176, 274, 6, 76, 0, 0, 13.52%, 0, 0, 6, 239.37, 2878733, 458, 0, 0
13182, 274, 26, 76, 0, 0, 13.52%, 0, 0, 6, 322.84, 2879361, 458, 0, 0
13187, 274, 6, 76, 0, 0, 13.52%, 0, 0, 6, 34.13, 2880004, 458, 0, 0
13192, 274, 5, 76, 0, 0, 13.52%, 0, 0, 6, 31.40, 2880869, 458, 0, 0
13197, 274, 4, 76, 0, 0, 13.52%, 0, 0, 6, 32.93, 2881734, 458, 0, 0
13202, 274, 37, 76, 0, 0, 13.52%, 0, 0, 6, 30.53, 2882581, 458, 0, 0
13207, 274, 26, 76, 0, 0, 13.52%, 0, 0, 6, 31.36, 2883445, 458, 0, 0
13212, 275, 75, 76, 0, 0, 13.52%, 0, 0, 6, 259.51, 2884130, 458, 0, 0
13217, 275, 75, 76, 0, 0, 13.52%, 0, 0, 6, 325.26, 2884806, 458, 0, 0
13222, 275, 5, 76, 0, 0, 13.52%, 0, 0, 6, 225.30, 2885464, 458, 0, 0
13228, 275, 6, 76, 0, 0, 13.52%, 0, 0, 6, 37.31, 2886101, 458, 0, 0
13233, 275, 74, 76, 0, 0, 13.52%, 0, 0, 6, 31.56, 2886966, 458, 0, 0
13238, 275, 2, 76, 0, 0, 13.52%, 0, 0, 6, 48.71, 2887866, 458, 0, 0
13243, 275, 26, 76, 0, 0, 13.52%, 0, 0, 6, 310.35, 2888766, 458, 0, 0
13248, 275, 46, 76, 0, 0, 13.52%, 0, 0, 6, 327.29, 2889378, 458, 0, 0
13253, 275, 6, 76, 0, 0, 13.52%, 0, 0, 6, 31.42, 2889842, 458, 0, 0
13258, 275, 2, 76, 0, 0, 13.52%, 0, 0, 6, 30.78, 2890713, 458, 0, 0
13264, 275, 6, 76, 0, 0, 13.52%, 0, 0, 6, 31.61, 2891608, 458, 0, 0
13269, 275, 12, 76, 0, 0, 13.52%, 0, 0, 6, 321.86, 2892430, 458, 0, 0
13274, 275, 75, 76, 0, 0, 13.52%, 0, 0, 6, 306.88, 2892942, 458, 0, 0
13279, 275, 75, 76, 0, 0, 13.52%, 0, 0, 6, 32.41, 2893517, 458, 0, 0
13284, 275, 75, 76, 0, 0, 13.52%, 0, 0, 6, 31.31, 2894430, 458, 0, 0
13289, 276, 46, 76, 0, 0, 13.52%, 0, 0, 6, 31.65, 2895291, 458, 0, 0
13294, 276, 5, 76, 0, 0, 13.52%, 0, 0, 6, 271.94, 2896090, 458, 0, 0
13299, 276, 20, 76, 0, 0, 13.52%, 0, 0, 6, 219.32, 2896488, 458, 0, 0
13304, 276, 75, 76, 0, 0, 13.52%, 0, 0, 6, 30.25, 2897250, 458, 0, 0
13309, 276, 75, 76, 0, 0, 13.52%, 0, 0, 6, 31.03, 2898129, 458, 0, 0
13314, 276, 28, 76, 0, 0, 13.52%, 0, 0, 6, 250.86, 2898924, 458, 0, 0
13320, 276, 2, 76, 0, 0, 13.52%, 0, 0, 6, 215.76, 2899372, 458, 0, 0
13325, 276, 75, 76, 0, 0, 13.52%, 0, 0, 6, 36.36, 2900018, 458, 0, 0
13330, 276, 4, 76, 0, 0, 13.52%, 0, 0, 6, 31.01, 2900873, 458, 0, 0
13335, 276, 5, 76, 0, 0, 13.52%, 0, 0, 6, 31.46, 2901747, 458, 0, 0
13340, 276, 20, 76, 0, 0, 13.52%, 0, 0, 6, 324.27, 2902478, 458, 0, 0
13345, 276, 26, 76, 0, 0, 13.52%, 0, 0, 6, 303.05, 2902878, 458, 0, 0
13350, 276, 6, 76, 0, 0, 13.52%, 0, 0, 6, 31.27, 2903661, 458, 0, 0
13355, 276, 75, 76, 0, 0, 13.52%, 0, 0, 6, 31.03, 2904503, 458, 0, 0
13361, 277, 75, 76, 0, 0, 13.52%, 0, 0, 6, 57.69, 2905340, 458, 0, 0
13366, 277, 26, 76, 0, 0, 13.52%, 0, 0, 6, 320.83, 2905878, 458, 0, 0
13371, 277, 6, 76, 0, 0, 13.52%, 0, 0, 6, 325.00, 2906422, 458, 0, 0
13376, 277, 75, 76, 0, 0, 13.52%, 0, 0, 6, 31.41, 2907171, 458, 0, 0
13381, 277, 75, 76, 0, 0, 13.52%, 0, 0, 6, 31.33, 2908010, 458, 0, 0
13386, 277, 4, 76, 0, 0, 13.52%, 0, 0, 6, 30.33, 2908820, 458, 0, 0
13391, 277, 75, 76, 0, 0, 13.52%, 0, 0, 6, 276.93, 2909610, 458, 0, 0
13396, 277, 20, 76, 0, 0, 13.52%, 0, 0, 6, 279.55, 2910185, 458, 0, 0
13401, 277, 75, 76, 0, 0, 13.52%, 0, 0, 6, 330.60, 2910748, 458, 0, 0
13406, 277, 20, 76, 0, 0, 13.52%, 0, 0, 6, 30.73, 2911377, 458, 0, 0
13412, 277, 75, 76, 0, 0, 13.52%, 0, 0, 6, 30.68, 2912166, 458, 0, 0
13417, 277, 55, 76, 0, 0, 13.52%, 0, 0, 6, 31.44, 2913008, 458, 0, 0
13422, 277, 4, 76, 0, 0, 13.52%, 0, 0, 6, 30.50, 2913787, 458, 0, 0
13427, 277, 75, 76, 0, 0, 13.52%, 0, 0, 6, 54.15, 2914585, 458, 0, 0
13432, 277, 55, 76, 0, 0, 13.52%, 0, 0, 6, 325.31, 2915266, 458, 0, 0
13437, 277, 6, 76, 0, 0, 13.52%, 0, 0, 6, 311.16, 2915742, 458, 0, 0
13442, 277, 4, 76, 0, 0, 13.52%, 0, 0, 6, 35.99, 2916388, 458, 0, 0
13448, 278, 75, 76, 0, 0, 13.52%, 0, 0, 6, 30.86, 2917189, 458, 0, 0
13453, 278, 26, 76, 0, 0, 13.52%, 0, 0, 6, 31.32, 2917990, 458, 0, 0
13458, 278, 75, 76, 0, 0, 13.52%, 0, 0, 6, 31.30, 2918786, 458, 0, 0
13463, 278, 2, 76, 0, 0, 13.52%, 0, 0, 6, 31.37, 2919596, 458, 0, 0
13468, 278, 17, 76, 0, 0, 13.52%, 0, 0, 6, 234.38, 2919972, 458, 0, 0
13473, 278, 28, 76, 0, 0, 13.52%, 0, 0, 6, 31.29, 2920646, 458, 0, 0
13478, 278, 26, 76, 0, 0, 13.52%, 0, 0, 6, 31.42, 2921503, 458, 0, 0
13483, 278, 1, 76, 0, 0, 13.52%, 0, 0, 6, 31.25, 2922390, 458, 0, 0
13488, 278, 6, 76, 0, 0, 13.52%, 0, 0, 6, 333.37, 2922941, 458, 0, 0
13494, 278, 6, 76, 0, 0, 13.52%, 0, 0, 6, 31.36, 2923423, 458, 0, 0
13499, 278, 75, 76, 0, 0, 13.52%, 0, 0, 6, 31.56, 2924270, 458, 0, 0
13504, 278, 20, 76, 0, 0, 13.52%, 0, 0, 6, 31.26, 2925151, 458, 0, 0
13509, 278, 19, 76, 0, 0, 13.52%, 0, 0, 6, 321.44, 2925971, 458, 0, 0
13514, 278, 54, 76, 0, 0, 13.52%, 0, 0, 6, 313.58, 2926407, 458, 0, 0
13519, 278, 75, 76, 0, 0, 13.52%, 0, 0, 6, 31.32, 2927020, 458, 0, 0
13524, 279, 55, 76, 0, 0, 13.52%, 0, 0, 6, 31.45, 2927856, 458, 0, 0
13529, 279, 75, 76, 0, 0, 13.52%, 0, 0, 6, 30.61, 2928719, 458, 0, 0
13534, 279, 17, 76, 0, 0, 13.52%, 0, 0, 6, 238.69, 2929331, 458, 0, 0
13539, 279, 46, 76, 0, 0, 13.52%, 0, 0, 6, 288.56, 2929775, 458, 0, 0
13544, 279, 4, 76, 0, 0, 13.52%, 0, 0, 6, 31.45, 2930610, 458, 0, 0
13550, 279, 5, 76, 0, 0, 13.52%, 0, 0, 6, 31.58, 2931462, 458, 0, 0
13555, 279, 75, 76, 0, 0, 13.52%, 0, 0, 6, 242.55, 2932295, 458, 0, 0
13560, 279, 75, 76, 0, 0, 13.52%, 0, 0, 6, 320.90, 2932789, 458, 0, 0
13565, 279, 12, 76, 0, 0, 13.52%, 0, 0, 6, 33.54, 2933323, 458, 0, 0
13570, 279, 5, 76, 0, 0, 13.52%, 0, 0, 6, 31.30, 2934135, 458, 0, 0
13575, 279, 75, 76, 0, 0, 13.52%, 0, 0, 6, 31.35, 2934990, 458, 0, 0
13580, 279, 62, 76, 0, 0, 13.52%, 0, 0, 6, 304.88, 2935841, 458, 0, 0
13586, 279, 75, 76, 0, 0, 13.52%, 0, 0, 6, 308.00, 2936495, 458, 0, 0
13591, 280, 20, 76, 0, 0, 13.52%, 0, 0, 6, 325.34, 2937011, 458, 0, 0
13596, 280, 75, 76, 0, 0, 13.52%, 0, 0, 6, 38.57, 2937677, 458, 0, 0
13601, 280, 4, 76, 0, 0, 13.52%, 0, 0, 6, 30.85, 2938503, 458, 0, 0
13606, 280, 75, 76, 0, 0, 13.52%, 0, 0, 6, 31.25, 2939319, 458, 0, 0
13611, 280, 75, 76, 0, 0, 13.52%, 0, 0, 6, 30.42, 2940131, 458, 0, 0
13616, 280, 7, 76, 0, 0, 13.52%, 0, 0, 6, 312.35, 2940787, 458, 0, 0
13621, 280, 6, 76, 0, 0, 13.52%, 0, 0, 6, 324.36, 2941311, 458, 0, 0
13626, 280, 17, 76, 0, 0, 13.52%, 0, 0, 6, 31.24, 2941938, 458, 0, 0
13631, 280, 74, 76, 0, 0, 13.52%, 0, 0, 6, 31.40, 2942729, 458, 0, 0
13637, 280, 5, 76, 0, 0, 13.52%, 0, 0, 6, 31.28, 2943552, 458, 0, 0
13642, 280, 75, 76, 0, 0, 13.52%, 0, 0, 6, 31.17, 2944378, 458, 0, 0
13647, 280, 67, 76, 0, 0, 13.52%, 0, 0, 6, 264.76, 2945110, 458, 0, 0
13652, 280, 6, 76, 0, 0, 13.52%, 0, 0, 6, 331.00, 2945671, 458, 0, 0
13657, 280, 7, 76, 0, 0, 13.52%, 0, 0, 6, 262.38, 2946204, 458, 0, 0
13662, 280, 28, 76, 0, 0, 13.52%, 0, 0, 6, 31.30, 2946967, 458, 0, 0
13667, 281, 28, 76, 0, 0, 13.52%, 0, 0, 6, 48.26, 2947779, 458, 0, 0
13672, 281, 59, 76, 0, 0, 13.52%, 0, 0, 6, 31.19, 2948586, 458, 0, 0
13677, 281, 75, 76, 0, 0, 13.52%, 0, 0, 6, 31.15, 2949381, 458, 0, 0
13682, 281, 75, 76, 0, 0, 13.52%, 0, 0, 6, 332.24, 2950163, 458, 0, 0
13688, 281, 75, 76, 0, 0, 13.52%, 0, 0, 6, 326.85, 2950636, 458, 0, 0
13693, 281, 54, 76, 0, 0, 13.52%, 0, 0, 6, 31.12, 2951312, 458, 0, 0
13698, 281, 2, 76, 0, 0, 13.52%, 0, 0, 6, 31.19, 2952219, 458, 0, 0
13703, 281, 54, 76, 0, 0, 13.52%, 0, 0, 6, 273.37, 2953010, 458, 0, 0
13708, 281, 75, 76, 0, 0, 13.52%, 0, 0, 6, 331.48, 2953410, 458, 0, 0
13713, 281, 5, 76, 0, 0, 13.52%, 0, 0, 6, 31.34, 2954151, 458, 0, 0
13718, 281, 75, 76, 0, 0, 13.52%, 0, 0, 6, 31.64, 2955007, 458, 0, 0
13723, 281, 20, 76, 0, 0, 13.52%, 0, 0, 6, 31.55, 2955915, 458, 0, 0
13728, 281, 26, 76, 0, 0, 13.52%, 0, 0, 6, 319.68, 2956556, 458, 0, 0
13734, 281, 28, 76, 0, 0, 13.52%, 0, 0, 6, 196.13, 2957071, 458, 0, 0
13739, 281, 74, 76, 0, 0, 13.52%, 0, 0, 6, 31.33, 2957798, 458, 0, 0
13744, 282, 75, 76, 0, 0, 13.52%, 0, 0, 6, 30.87, 2958638, 458, 0, 0
13749, 282, 75, 76, 0, 0, 13.52%, 0, 0, 6, 323.70, 2959474, 458, 0, 0
13754, 282, 17, 76, 0, 0, 13.52%, 0, 0, 6, 327.60, 2959956, 458, 0, 0
13759, 282, 12, 76, 0, 0, 13.52%, 0, 0, 6, 31.53, 2960493, 458, 0, 0
13764, 282, 6, 76, 0, 0, 13.52%, 0, 0, 6, 37.65, 2961387, 458, 0, 0
13769, 282, 20, 76, 0, 0, 13.52%, 0, 0, 6, 31.20, 2962220, 458, 0, 0
13774, 282, 12, 76, 0, 0, 13.52%, 0, 0, 6, 279.57, 2963035, 458, 0, 0
13779, 282, 28, 76, 0, 0, 13.52%, 0, 0, 6, 329.37, 2963616, 458, 0, 0
13784, 282, 2, 76, 0, 0, 13.52%, 0, 0, 6, 30.82, 2964003, 458, 0, 0
13790, 282, 20, 76, 0, 0, 13.52%, 0, 0, 6, 30.60, 2964849, 458, 0, 0
13795, 282, 26, 76, 0, 0, 13.52%, 0, 0, 6, 31.48, 2965677, 458, 0, 0
13800, 282, 51, 76, 0, 0, 13.52%, 0, 0, 6, 267.29, 2966495, 458, 0, 0
13805, 282, 75, 76, 0, 0, 13.52%, 0, 0, 6, 322.82, 2967016, 458, 0, 0
13810, 282, 26, 76, 0, 0, 13.52%, 0, 0, 6, 30.35, 2967554, 458, 0, 0
13815, 283, 4, 76, 0, 0, 13.52%, 0, 0, 6, 31.24, 2968377, 458, 0, 0
13820, 283, 33, 76, 0, 0, 13.52%, 0, 0, 6, 30.54, 2969208, 458, 0, 0
13826, 283, 51, 76, 0, 0, 13.52%, 0, 0, 6, 31.17, 2970016, 458, 0, 0
13831, 283, 45, 76, 0, 0, 13.52%, 0, 0, 6, 323.56, 2970716, 458, 0, 0
13836, 283, 59, 76, 0, 0, 13.52%, 0, 0, 6, 320.74, 2971192, 458, 0, 0
13841, 283, 20, 76, 0, 0, 13.52%, 0, 0, 6, 31.11, 2971732, 458, 0, 0
13846, 283, 68, 76, 0, 0, 13.52%, 0, 0, 6, 33.96, 2972526, 458, 0, 0
13851, 283, 75, 76, 0, 0, 13.52%, 0, 0, 6, 35.47, 2973326, 458, 0, 0
13856, 283, 75, 76, 0, 0, 13.52%, 0, 0, 6, 31.36, 2974137, 458, 0, 0
13862, 283, 5, 76, 0, 0, 13.52%, 0, 0, 6, 317.90, 2974961, 458, 0, 0
13867, 283, 20, 76, 0, 0, 13.52%, 0, 0, 6, 283.28, 2975535, 458, 0, 0
13872, 283, 33, 76, 0, 0, 13.52%, 0, 0, 6, 318.41, 2976023, 458, 0, 0
13877, 283, 4, 76, 0, 0, 13.52%, 0, 0, 6, 31.33, 2976733, 458, 0, 0
13882, 283, 5, 76, 0, 0, 13.52%, 0, 0, 6, 31.59, 2977518, 458, 0, 0
13887, 284, 4, 76, 0, 0, 13.52%, 0, 0, 6, 40.58, 2978309, 458, 0, 0
13892, 284, 75, 76, 0, 0, 13.52%, 0, 0, 6, 30.65, 2979083, 458, 0, 0
13898, 284, 6, 76, 0, 0, 13.52%, 0, 0, 6, 322.21, 2979860, 458, 0, 0
13903, 284, 75, 76, 0, 0, 13.52%, 0, 0, 6, 216.08, 2980336, 458, 0, 0
13908, 284, 2, 76, 0, 0, 13.52%, 0, 0, 6, 316.83, 2980893, 458, 0, 0
13913, 284, 26, 76, 0, 0, 13.52%, 0, 0, 6, 30.98, 2981650, 458, 0, 0
13918, 284, 4, 76, 0, 0, 13.52%, 0, 0, 6, 40.61, 2982410, 458, 0, 0
13923, 284, 2, 76, 0, 0, 13.52%, 0, 0, 6, 280.50, 2983440, 458, 0, 0
13928, 284, 75, 76, 0, 0, 13.52%, 0, 0, 6, 315.38, 2985118, 458, 0, 0
13933, 284, 6, 76, 0, 0, 13.52%, 0, 0, 6, 317.57, 2986723, 458, 0, 0
13938, 284, 75, 76, 0, 0, 13.52%, 0, 0, 6, 311.40, 2988289, 458, 0, 0
13943, 285, 54, 76, 0, 0, 13.52%, 0, 0, 6, 266.36, 2989610, 458, 0, 0
13948, 285, 75, 76, 0, 0, 13.52%, 0, 0, 6, 299.07, 2991160, 458, 0, 0
13953, 285, 37, 76, 0, 0, 13.52%, 0, 0, 6, 301.90, 2992693, 458, 0, 0
13958, 285, 5, 76, 0, 0, 13.52%, 0, 0, 6, 299.08, 2994200, 458, 0, 0
13964, 285, 75, 76, 0, 0, 13.52%, 0, 0, 6, 287.78, 2995695, 458, 0, 0
13969, 285, 26, 76, 0, 0, 13.52%, 0, 0, 6, 263.92, 2996980, 458, 0, 0
13974, 285, 4, 76, 0, 0, 13.52%, 0, 0, 6, 295.76, 2998515, 458, 0, 0
13979, 286, 55, 76, 0, 0, 13.52%, 0, 0, 6, 299.68, 3000086, 458, 0, 0
13984, 286, 75, 76, 0, 0, 13.52%, 0, 0, 6, 303.80, 3001622, 458, 0, 0
13989, 286, 26, 76, 0, 0, 13.52%, 0, 0, 6, 280.22, 3003070, 458, 0, 0
13994, 286, 20, 76, 0, 0, 13.52%, 0, 0, 6, 269.49, 3004390, 458, 0, 0
13999, 286, 73, 76, 0, 0, 13.52%, 0, 0, 6, 305.84, 3006018, 458, 0, 0
14004, 286, 75, 76, 0, 0, 13.52%, 0, 0, 6, 313.89, 3007654, 458, 0, 0
14009, 286, 75, 76, 0, 0, 13.52%, 0, 0, 6, 315.21, 3009279, 458, 0, 0
14015, 287, 6, 76, 0, 0, 13.52%, 0, 0, 6, 291.08, 3010805, 458, 0, 0
14020, 287, 5, 76, 0, 0, 13.52%, 0, 0, 6, 310.10, 3012437, 458, 0, 0
14025, 287, 2, 76, 0, 0, 13.52%, 0, 0, 6, 314.11, 3014073, 458, 0, 0
14030, 287, 6, 76, 0, 0, 13.52%, 0, 0, 6, 315.45, 3015655, 458, 0, 0
14035, 287, 4, 76, 0, 0, 13.52%, 0, 0, 6, 287.95, 3017135, 458, 0, 0
14040, 287, 72, 76, 0, 0, 13.52%, 0, 0, 6, 311.90, 3018779, 458, 0, 0
14045, 287, 2, 76, 0, 0, 13.52%, 0, 0, 6, 314.73, 3020415, 458, 0, 0
14051, 288, 54, 76, 0, 0, 13.52%, 0, 0, 6, 314.93, 3022049, 458, 0, 0
14056, 288, 12, 76, 0, 0, 13.52%, 0, 0, 6, 293.38, 3023610, 458, 0, 0
14061, 288, 17, 76, 0, 0, 13.52%, 0, 0, 6, 311.05, 3025231, 458, 0, 0
14066, 288, 6, 76, 0, 0, 13.52%, 0, 0, 6, 314.35, 3026855, 458, 0, 0
14071, 288, 26, 76, 0, 0, 13.52%, 0, 0, 6, 314.90, 3028485, 458, 0, 0
14076, 288, 75, 76, 0, 0, 13.52%, 0, 0, 6, 304.97, 3030087, 458, 0, 0
14082, 288, 28, 76, 0, 0, 13.52%, 0, 0, 6, 311.65, 3031624, 458, 0, 0
14087, 288, 5, 76, 0, 0, 13.52%, 0, 0, 6, 313.42, 3033260, 458, 0, 0
14092, 289, 6, 76, 0, 0, 13.52%, 0, 0, 6, 317.65, 3034912, 458, 0, 0
14097, 289, 26, 76, 0, 0, 13.52%, 0, 0, 6, 313.48, 3036542, 458, 0, 0
14102, 289, 6, 76, 0, 0, 13.52%, 0, 0, 6, 307.70, 3038072, 458, 0, 0
14107, 289, 20, 76, 0, 0, 13.52%, 0, 0, 6, 316.40, 3039718, 458, 0, 0
14113, 289, 75, 76, 0, 0, 13.52%, 0, 0, 6, 315.43, 3041348, 458, 0, 0
14118, 289, 75, 76, 0, 0, 13.52%, 0, 0, 6, 312.12, 3042918, 458, 0, 0
14123, 289, 75, 76, 0, 0, 13.52%, 0, 0, 6, 305.30, 3044448, 458, 0, 0
14128, 290, 75, 76, 0, 0, 13.52%, 0, 0, 6, 315.38, 3046100, 458, 0, 0
14133, 290, 20, 76, 0, 0, 13.52%, 0, 0, 6, 317.55, 3047742, 458, 0, 0
14138, 290, 72, 76, 0, 0, 13.52%, 0, 0, 6, 313.39, 3049306, 458, 0, 0
14143, 290, 75, 76, 0, 0, 13.52%, 0, 0, 6, 306.76, 3050840, 458, 0, 0
14149, 290, 17, 76, 0, 0, 13.52%, 0, 0, 6, 316.34, 3052484, 458, 0, 0
14154, 290, 75, 76, 0, 0, 13.52%, 0, 0, 6, 321.91, 3054136, 458, 0, 0
14159, 290, 5, 76, 0, 0, 13.52%, 0, 0, 6, 318.94, 3055784, 458, 0, 0
14164, 290, 75, 76, 0, 0, 13.52%, 0, 0, 6, 305.47, 3057320, 458, 0, 0
14169, 291, 2, 76, 0, 0, 13.52%, 0, 0, 6, 314.96, 3058966, 458, 0, 0
14174, 291, 34, 76, 0, 0, 13.52%, 0, 0, 6, 315.03, 3060599, 458, 0, 0
14180, 291, 75, 76, 0, 0, 13.52%, 0, 0, 6, 315.64, 3062238, 458, 0, 0
14185, 291, 75, 76, 0, 0, 13.52%, 0, 0, 6, 304.60, 3063724, 458, 0, 0
14190, 291, 75, 76, 0, 0, 13.52%, 0, 0, 6, 315.22, 3065376, 458, 0, 0
14195, 291, 46, 76, 0, 0, 13.52%, 0, 0, 6, 318.14, 3066984, 458, 0, 0
14200, 291, 75, 76, 0, 0, 13.52%, 0, 0, 6, 303.64, 3068502, 458, 0, 0
14205, 292, 59, 76, 0, 0, 13.52%, 0, 0, 6, 261.57, 3069925, 458, 0, 0
14210, 292, 72, 76, 0, 0, 13.52%, 0, 0, 6, 295.27, 3071440, 458, 0, 0
14215, 292, 5, 76, 0, 0, 13.52%, 0, 0, 6, 55.30, 3072978, 458, 0, 0
14220, 292, 55, 76, 0, 0, 13.52%, 0, 0, 6, 296.78, 3074474, 458, 0, 0
14225, 292, 34, 76, 0, 0, 13.52%, 0, 0, 6, 123.93, 3075928, 458, 0, 0
14230, 292, 6, 76, 0, 0, 13.52%, 0, 0, 6, 324.23, 3077430, 458, 0, 0
14236, 292, 26, 76, 0, 0, 13.52%, 0, 0, 6, 49.45, 3078918, 458, 0, 0
14241, 293, 12, 76, 0, 0, 13.52%, 0, 0, 6, 315.03, 3080418, 458, 0, 0
14246, 293, 2, 76, 0, 0, 13.52%, 0, 0, 6, 307.48, 3081966, 458, 0, 0
14251, 293, 75, 76, 0, 0, 13.52%, 0, 0, 6, 322.50, 3083546, 458, 0, 0
14256, 293, 12, 76, 0, 0, 13.52%, 0, 0, 6, 319.37, 3084972, 458, 0, 0
14261, 293, 75, 76, 0, 0, 13.52%, 0, 0, 6, 322.91, 3086456, 458, 0, 0
14266, 293, 20, 76, 0, 0, 13.52%, 0, 0, 6, 329.65, 3087960, 458, 0, 0
14271, 293, 6, 76, 0, 0, 13.52%, 0, 0, 6, 321.92, 3089436, 458, 0, 0
14276, 294, 26, 76, 0, 0, 13.52%, 0, 0, 6, 327.83, 3090842, 458, 0, 0
14282, 294, 75, 76, 0, 0, 13.52%, 0, 0, 6, 323.78, 3092516, 458, 0, 0
14287, 294, 20, 76, 0, 0, 13.52%, 0, 0, 6, 65.82, 3093891, 458, 0, 0
14292, 294, 7, 76, 0, 0, 13.52%, 0, 0, 6, 323.97, 3095406, 458, 0, 0
14297, 294, 6, 76, 0, 0, 13.52%, 0, 0, 6, 224.74, 3096912, 458, 0, 0
14302, 294, 17, 76, 0, 0, 13.52%, 0, 0, 6, 280.76, 3098350, 458, 0, 0
14307, 294, 20, 76, 0, 0, 13.52%, 0, 0, 6, 311.85, 3099830, 458, 0, 0
14312, 295, 75, 76, 0, 0, 13.52%, 0, 0, 6, 275.51, 3101275, 458, 0, 0
14317, 295, 75, 76, 0, 0, 13.52%, 0, 0, 6, 324.51, 3102817, 458, 0, 0
14322, 295, 6, 76, 0, 0, 13.52%, 0, 0, 6, 227.95, 3104251, 458, 0, 0
14327, 295, 6, 76, 0, 0, 13.52%, 0, 0, 6, 321.64, 3105771, 458, 0, 0
14332, 295, 75, 76, 0, 0, 13.52%, 0, 0, 6, 315.95, 3107181, 458, 0, 0
14337, 295, 12, 76, 0, 0, 13.52%, 0, 0, 6, 329.05, 3108699, 458, 0, 0
14342, 295, 20, 76, 0, 0, 13.52%, 0, 0, 6, 327.07, 3110235, 458, 0, 0
14348, 296, 51, 76, 0, 0, 13.52%, 0, 0, 6, 320.00, 3111675, 458, 0, 0
14353, 296, 26, 76, 0, 0, 13.52%, 0, 0, 6, 284.79, 3113180, 458, 0, 0
14358, 296, 51, 76, 0, 0, 13.52%, 0, 0, 6, 307.58, 3114625, 458, 0, 0
14363, 296, 6, 76, 0, 0, 13.52%, 0, 0, 6, 288.56, 3116093, 458, 0, 0
14368, 296, 4, 76, 0, 0, 13.52%, 0, 0, 6, 302.12, 3117629, 458, 0, 0
14373, 296, 54, 76, 0, 0, 13.52%, 0, 0, 6, 326.47, 3119159, 458, 0, 0
14378, 296, 75, 76, 0, 0, 13.52%, 0, 0, 6, 321.78, 3120575, 458, 0, 0
14383, 297, 72, 76, 0, 0, 13.52%, 0, 0, 6, 318.34, 3122093, 458, 0, 0
14388, 297, 35, 76, 0, 0, 13.52%, 0, 0, 6, 321.96, 3123505, 458, 0, 0
14393, 297, 17, 76, 0, 0, 13.52%, 0, 0, 6, 323.56, 3124941, 458, 0, 0
14399, 297, 20, 76, 0, 0, 13.52%, 0, 0, 6, 308.36, 3126474, 458, 0, 0
14404, 297, 20, 76, 0, 0, 13.52%, 0, 0, 6, 323.17, 3128029, 458, 0, 0
14409, 297, 75, 76, 0, 0, 13.52%, 0, 0, 6, 333.21, 3129480, 458, 0, 0
14414, 297, 51, 76, 0, 0, 13.52%, 0, 0, 6, 308.43, 3130992, 458, 0, 0
14419, 298, 6, 76, 0, 0, 13.52%, 0, 0, 6, 301.26, 3132456, 458, 0, 0
14424, 298, 5, 76, 0, 0, 13.52%, 0, 0, 6, 300.26, 3133890, 458, 0, 0
14430, 298, 72, 76, 0, 0, 13.52%, 0, 0, 6, 306.56, 3135498, 458, 0, 0
14435, 298, 20, 76, 0, 0, 13.52%, 0, 0, 6, 319.67, 3137028, 458, 0, 0
14440, 298, 2, 76, 0, 0, 13.52%, 0, 0, 6, 323.69, 3138440, 458, 0, 0
14445, 298, 75, 76, 0, 0, 13.52%, 0, 0, 6, 321.02, 3139968, 458, 0, 0
14450, 298, 6, 76, 0, 0, 13.52%, 0, 0, 6, 326.43, 3141398, 458, 0, 0
14455, 298, 75, 76, 0, 0, 13.52%, 0, 0, 6, 209.21, 3142938, 458, 0, 0
14460, 299, 7, 76, 0, 0, 13.52%, 0, 0, 6, 298.03, 3144395, 458, 0, 0
14465, 299, 24, 76, 0, 0, 13.52%, 0, 0, 6, 315.26, 3145992, 458, 0, 0
14470, 299, 75, 76, 0, 0, 13.52%, 0, 0, 6, 322.83, 3147414, 458, 0, 0
14475, 299, 17, 76, 0, 0, 13.52%, 0, 0, 6, 31.91, 3148822, 458, 0, 0
14481, 299, 6, 76, 0, 0, 13.52%, 0, 0, 6, 305.86, 3150340, 458, 0, 0
14486, 299, 26, 76, 0, 0, 13.52%, 0, 0, 6, 294.30, 3151750, 458, 0, 0
14491, 299, 35, 76, 0, 0, 13.52%, 0, 0, 6, 325.39, 3153316, 458, 0, 0
14496, 300, 2, 76, 0, 0, 13.52%, 0, 0, 6, 330.81, 3154746, 458, 0, 0
14501, 300, 75, 76, 0, 0, 13.52%, 0, 0, 6, 338.31, 3156224, 458, 0, 0
14506, 300, 55, 76, 0, 0, 13.52%, 0, 0, 6, 319.48, 3157748, 458, 0, 0
14511, 300, 75, 76, 0, 0, 13.52%, 0, 0, 6, 227.74, 3158346, 458, 0, 0
14516, 300, 59, 76, 0, 0, 13.52%, 0, 0, 6, 222.54, 3159242, 458, 0, 0
14521, 300, 2, 76, 0, 0, 13.52%, 0, 0, 6, 31.52, 3160380, 458, 0, 0
14526, 300, 21, 76, 0, 0, 13.52%, 0, 0, 6, 323.37, 3161780, 458, 0, 0
14531, 300, 75, 76, 0, 0, 13.52%, 0, 0, 6, 320.57, 3162672, 458, 0, 0
14536, 300, 75, 76, 0, 0, 13.52%, 0, 0, 6, 322.27, 3163574, 458, 0, 0
14542, 300, 5, 76, 0, 0, 13.52%, 0, 0, 6, 31.22, 3164598, 458, 0, 0
14547, 300, 26, 76, 0, 0, 13.52%, 0, 0, 6, 31.24, 3165817, 458, 0, 0
14552, 301, 24, 76, 0, 0, 13.52%, 0, 0, 6, 313.53, 3166962, 458, 0, 0
14557, 301, 52, 76, 0, 0, 13.52%, 0, 0, 6, 316.26, 3167892, 458, 0, 0
14562, 301, 5, 76, 0, 0, 13.52%, 0, 0, 6, 276.78, 3168670, 458, 0, 0
14567, 301, 75, 76, 0, 0, 13.52%, 0, 0, 6, 283.13, 3169515, 458, 0, 0
14572, 301, 75, 76, 0, 0, 13.52%, 0, 0, 6, 31.42, 3170469, 458, 0, 0
14578, 301, 4, 76, 0, 0, 13.52%, 0, 0, 6, 31.53, 3171537, 458, 0, 0
14583, 301, 75, 76, 0, 0, 13.52%, 0, 0, 6, 30.90, 3172618, 458, 0, 0
14588, 301, 75, 76, 0, 0, 13.52%, 0, 0, 6, 311.04, 3173668, 458, 0, 0
14593, 301, 64, 76, 0, 0, 13.52%, 0, 0, 6, 261.52, 3174465, 458, 0, 0
14598, 301, 17, 76, 0, 0, 13.52%, 0, 0, 6, 238.84, 3175266, 458, 0, 0
14603, 301, 59, 76, 0, 0, 13.52%, 0, 0, 6, 318.41, 3175945, 458, 0, 0
14608, 301, 75, 76, 0, 0, 13.52%, 0, 0, 6, 31.57, 3176856, 458, 0, 0
14613, 301, 75, 76, 0, 0, 13.52%, 0, 0, 6, 30.43, 3177815, 458, 0, 0
14619, 301, 74, 76, 0, 0, 13.52%, 0, 0, 6, 31.36, 3178797, 458, 0, 0
14624, 302, 12, 76, 0, 0, 13.52%, 0, 0, 6, 328.13, 3179716, 458, 0, 0
14629, 302, 75, 76, 0, 0, 13.52%, 0, 0, 6, 321.68, 3180458, 458, 0, 0
14634, 302, 51, 76, 0, 0, 13.52%, 0, 0, 6, 256.69, 3181115, 458, 0, 0
14639, 302, 5, 76, 0, 0, 13.52%, 0, 0, 6, 31.08, 3181764, 458, 0, 0
14644, 302, 75, 76, 0, 0, 13.52%, 0, 0, 6, 31.29, 3182688, 458, 0, 0
14649, 302, 75, 76, 0, 0, 13.52%, 0, 0, 6, 31.53, 3183605, 458, 0, 0
14654, 302, 6, 76, 0, 0, 13.52%, 0, 0, 6, 31.10, 3184500, 458, 0, 0
14660, 302, 7, 76, 0, 0, 13.52%, 0, 0, 6, 305.15, 3185422, 458, 0, 0
14665, 302, 2, 76, 0, 0, 13.52%, 0, 0, 6, 332.08, 3186149, 458, 0, 0
14670, 302, 75, 76, 0, 0, 13.52%, 0, 0, 6, 321.84, 3186810, 458, 0, 0
14675, 302, 75, 76, 0, 0, 13.52%, 0, 0, 6, 326.73, 3187450, 458, 0, 0
14680, 302, 51, 76, 0, 0, 13.52%, 0, 0, 6, 30.99, 3188229, 458, 0, 0
14685, 302, 26, 76, 0, 0, 13.52%, 0, 0, 6, 30.41, 3189116, 458, 0, 0
14690, 302, 5, 76, 0, 0, 13.52%, 0, 0, 6, 31.42, 3189974, 458, 0, 0
14695, 303, 28, 76, 0, 0, 13.52%, 0, 0, 6, 30.84, 3190760, 458, 0, 0
14701, 303, 75, 76, 0, 0, 13.52%, 0, 0, 6, 31.33, 3191572, 458, 0, 0
14706, 303, 2, 76, 0, 0, 13.52%, 0, 0, 6, 285.32, 3192395, 458, 0, 0
14711, 303, 75, 76, 0, 0, 13.52%, 0, 0, 6, 316.77, 3193068, 458, 0, 0
14716, 303, 75, 76, 0, 0, 13.52%, 0, 0, 6, 311.03, 3193646, 458, 0, 0
14721, 303, 55, 76, 0, 0, 13.52%, 0, 0, 6, 33.48, 3194266, 458, 0, 0
14726, 303, 17, 76, 0, 0, 13.52%, 0, 0, 6, 30.70, 3195086, 458, 0, 0
14731, 303, 6, 76, 0, 0, 13.52%, 0, 0, 6, 30.58, 3195890, 458, 0, 0
14736, 303, 35, 76, 0, 0, 13.52%, 0, 0, 6, 31.22, 3196789, 458, 0, 0
14742, 303, 75, 76, 0, 0, 13.52%, 0, 0, 6, 273.24, 3197455, 458, 0, 0
14747, 303, 28, 76, 0, 0, 13.52%, 0, 0, 6, 31.33, 3197871, 458, 0, 0
14752, 303, 26, 76, 0, 0, 13.52%, 0, 0, 6, 30.71, 3198791, 458, 0, 0
14757, 303, 53, 76, 0, 0, 13.52%, 0, 0, 6, 31.23, 3199709, 458, 0, 0
14762, 303, 5, 76, 0, 0, 13.52%, 0, 0, 6, 305.69, 3200334, 458, 0, 0
14767, 303, 55, 76, 0, 0, 13.52%, 0, 0, 6, 223.44, 3200862, 458, 0, 0
14773, 304, 6, 76, 0, 0, 13.52%, 0, 0, 6, 31.29, 3201662, 458, 0, 0
14778, 304, 6, 76, 0, 0, 13.52%, 0, 0, 6, 31.34, 3202577, 458, 0, 0
14783, 304, 41, 76, 0, 0, 13.52%, 0, 0, 6, 318.44, 3203416, 458, 0, 0
14788, 304, 75, 76, 0, 0, 13.52%, 0, 0, 6, 325.88, 3203924, 458, 0, 0
14793, 304, 75, 76, 0, 0, 13.52%, 0, 0, 6, 31.05, 3204432, 458, 0, 0
14798, 304, 6, 76, 0, 0, 13.52%, 0, 0, 6, 31.49, 3205324, 458, 0, 0
14803, 304, 5, 76, 0, 0, 13.52%, 0, 0, 6, 31.33, 3206205, 458, 0, 0
14808, 304, 7, 76, 0, 0, 13.52%, 0, 0, 6, 323.92, 3206874, 458, 0, 0
14814, 304, 54, 76, 0, 0, 13.52%, 0, 0, 6, 239.36, 3207354, 458, 0, 0
14819, 304, 17, 76, 0, 0, 13.52%, 0, 0, 6, 31.43, 3208142, 458, 0, 0
14824, 304, 12, 76, 0, 0, 13.52%, 0, 0, 6, 30.54, 3209003, 458, 0, 0
14829, 304, 26, 76, 0, 0, 13.52%, 0, 0, 6, 275.58, 3209885, 458, 0, 0
14834, 304, 54, 76, 0, 0, 13.52%, 0, 0, 6, 278.82, 3210445, 458, 0, 0
14839, 304, 12, 76, 0, 0, 13.52%, 0, 0, 6, 320.00, 3210932, 458, 0, 0
14844, 304, 75, 76, 0, 0, 13.52%, 0, 0, 6, 31.43, 3211711, 458, 0, 0
14850, 305, 72, 76, 0, 0, 13.52%, 0, 0, 6, 31.42, 3212584, 458, 0, 0
14855, 305, 59, 76, 0, 0, 13.52%, 0, 0, 6, 31.33, 3213410, 458, 0, 0
14860, 305, 2, 76, 0, 0, 13.52%, 0, 0, 6, 224.50, 3214074, 458, 0, 0
14865, 305, 7, 76, 0, 0, 13.52%, 0, 0, 6, 325.00, 3214503, 458, 0, 0
14870, 305, 6, 76, 0, 0, 13.52%, 0, 0, 6, 30.43, 3215286, 458, 0, 0
14875, 305, 75, 76, 0, 0, 13.52%, 0, 0, 6, 30.54, 3216098, 458, 0, 0
14880, 305, 75, 76, 0, 0, 13.52%, 0, 0, 6, 31.23, 3216934, 458, 0, 0
14886, 305, 12, 76, 0, 0, 13.52%, 0, 0, 6, 259.94, 3217735, 458, 0, 0
14891, 305, 6, 76, 0, 0, 13.52%, 0, 0, 6, 323.96, 3218204, 458, 0, 0
14896, 305, 75, 76, 0, 0, 13.52%, 0, 0, 6, 31.32, 3218774, 458, 0, 0
14901, 305, 26, 76, 0, 0, 13.52%, 0, 0, 6, 31.36, 3219619, 458, 0, 0
14906, 305, 5, 76, 0, 0, 13.52%, 0, 0, 6, 31.25, 3220416, 458, 0, 0
14911, 305, 75, 76, 0, 0, 13.52%, 0, 0, 6, 44.53, 3221251, 458, 0, 0
14916, 305, 46, 76, 0, 0, 13.52%, 0, 0, 6, 287.76, 3222055, 458, 0, 0
14921, 306, 75, 76, 0, 0, 13.52%, 0, 0, 6, 319.02, 3222678, 458, 0, 0
14926, 306, 5, 76, 0, 0, 13.52%, 0, 0, 6, 335.56, 3223298, 458, 0, 0
14932, 306, 20, 76, 0, 0, 13.52%, 0, 0, 6, 330.00, 3223920, 458, 0, 0
14937, 306, 75, 76, 0, 0, 13.52%, 0, 0, 6, 38.65, 3224706, 458, 0, 0
14942, 306, 59, 76, 0, 0, 13.52%, 0, 0, 6, 31.29, 3225522, 458, 0, 0
14947, 306, 6, 76, 0, 0, 13.52%, 0, 0, 6, 32.97, 3226338, 458, 0, 0
14952, 306, 4, 76, 0, 0, 13.52%, 0, 0, 6, 31.14, 3227161, 458, 0, 0
14957, 306, 75, 76, 0, 0, 13.52%, 0, 0, 6, 319.86, 3227870, 458, 0, 0
14963, 306, 6, 76, 0, 0, 13.52%, 0, 0, 6, 318.11, 3228486, 458, 0, 0
14968, 306, 26, 76, 0, 0, 13.52%, 0, 0, 6, 197.14, 3229022, 458, 0, 0
14973, 306, 26, 76, 0, 0, 13.52%, 0, 0, 6, 31.17, 3229814, 458, 0, 0
14978, 306, 75, 76, 0, 0, 13.52%, 0, 0, 6, 39.10, 3230727, 458, 0, 0
14983, 306, 20, 76, 0, 0, 13.52%, 0, 0, 6, 318.12, 3231616, 458, 0, 0
14988, 306, 20, 76, 0, 0, 13.52%, 0, 0, 6, 326.32, 3232056, 458, 0, 0
14993, 306, 17, 76, 0, 0, 13.52%, 0, 0, 6, 31.07, 3232678, 458, 0, 0
14998, 307, 59, 76, 0, 0, 13.52%, 0, 0, 6, 31.34, 3233578, 458, 0, 0
15004, 307, 75, 76, 0, 0, 13.52%, 0, 0, 6, 31.47, 3234460, 458, 0, 0
15009, 307, 20, 76, 0, 0, 13.52%, 0, 0, 6, 329.36, 3235149, 458, 0, 0
15014, 307, 75, 76, 0, 0, 13.52%, 0, 0, 6, 331.59, 3235631, 458, 0, 0
15019, 307, 37, 76, 0, 0, 13.52%, 0, 0, 6, 31.24, 3236374, 458, 0, 0
15024, 307, 51, 76, 0, 0, 13.52%, 0, 0, 6, 30.56, 3237239, 458, 0, 0
15029, 307, 75, 76, 0, 0, 13.52%, 0, 0, 6, 30.30, 3238121, 458, 0, 0
15034, 307, 6, 76, 0, 0, 13.52%, 0, 0, 6, 309.48, 3238691, 458, 0, 0
15039, 307, 54, 76, 0, 0, 13.52%, 0, 0, 6, 233.83, 3239175, 458, 0, 0
15045, 307, 75, 76, 0, 0, 13.52%, 0, 0, 6, 31.35, 3240010, 458, 0, 0
15050, 307, 4, 76, 0, 0, 13.52%, 0, 0, 6, 30.50, 3240850, 458, 0, 0
15055, 307, 28, 76, 0, 0, 13.52%, 0, 0, 6, 31.25, 3241720, 458, 0, 0
15060, 307, 75, 76, 0, 0, 13.52%, 0, 0, 6, 322.10, 3242267, 458, 0, 0
15065, 307, 5, 76, 0, 0, 13.52%, 0, 0, 6, 323.38, 3242804, 458, 0, 0
15070, 307, 5, 76, 0, 0, 13.52%, 0, 0, 6, 30.45, 3243556, 458, 0, 0
15075, 307, 75, 76, 0, 0, 13.52%, 0, 0, 6, 30.79, 3244382, 458, 0, 0
15080, 307, 75, 76, 0, 0, 13.52%, 0, 0, 6, 31.26, 3245230, 458, 0, 0
15085, 307, 2, 76, 0, 0, 13.52%, 0, 0, 6, 324.29, 3245885, 458, 0, 0
15090, 308, 5, 76, 0, 0, 13.52%, 0, 0, 6, 328.88, 3246421, 458, 0, 0
15095, 308, 13, 76, 0, 0, 13.52%, 0, 0, 6, 30.76, 3247040, 458, 0, 0
15100, 308, 5, 76, 0, 0, 13.52%, 0, 0, 6, 31.65, 3247880, 458, 0, 0
15105, 308, 75, 76, 0, 0, 13.52%, 0, 0, 6, 31.16, 3248692, 458, 0, 0
15111, 308, 4, 76, 0, 0, 13.52%, 0, 0, 6, 282.14, 3249505, 458, 0, 0
15116, 308, 54, 76, 0, 0, 13.52%, 0, 0, 6, 322.75, 3250098, 458, 0, 0
15121, 308, 5, 76, 0, 0, 13.52%, 0, 0, 6, 315.00, 3250553, 458, 0, 0
15126, 308, 6, 76, 0, 0, 13.52%, 0, 0, 6, 31.91, 3251332, 458, 0, 0
15131, 308, 75, 76, 0, 0, 13.52%, 0, 0, 6, 31.36, 3252152, 458, 0, 0
15136, 308, 28, 76, 0, 0, 13.52%, 0, 0, 6, 31.22, 3252961, 458, 0, 0
15141, 308, 75, 76, 0, 0, 13.52%, 0, 0, 6, 30.53, 3253786, 458, 0, 0
15146, 308, 75, 76, 0, 0, 13.52%, 0, 0, 6, 271.93, 3254425, 458, 0, 0
15151, 308, 11, 76, 0, 0, 13.52%, 0, 0, 6, 291.04, 3254965, 458, 0, 0
15156, 308, 26, 76, 0, 0, 13.52%, 0, 0, 6, 31.45, 3255586, 458, 0, 0
15161, 309, 32, 76, 0, 0, 13.52%, 0, 0, 6, 30.49, 3256393, 458, 0, 0
15167, 309, 17, 76, 0, 0, 13.52%, 0, 0, 6, 31.59, 3257189, 458, 0, 0
15172, 309, 6, 76, 0, 0, 13.52%, 0, 0, 6, 31.16, 3258019, 458, 0, 0
15177, 309, 5, 76, 0, 0, 13.52%, 0, 0, 6, 315.18, 3258712, 458, 0, 0
15182, 309, 75, 76, 0, 0, 13.52%, 0, 0, 6, 196.77, 3259223, 458, 0, 0
15187, 309, 6, 76, 0, 0, 13.52%, 0, 0, 6, 31.49, 3259804, 458, 0, 0
15192, 309, 28, 76, 0, 0, 13.52%, 0, 0, 6, 31.09, 3260605, 458, 0, 0
15197, 309, 6, 76, 0, 0, 13.52%, 0, 0, 6, 31.19, 3261395, 458, 0, 0
15202, 309, 55, 76, 0, 0, 13.52%, 0, 0, 6, 31.34, 3262249, 458, 0, 0
15207, 309, 36, 76, 0, 0, 13.52%, 0, 0, 6, 318.37, 3262906, 458, 0, 0
15213, 309, 17, 76, 0, 0, 13.52%, 0, 0, 6, 292.31, 3263370, 458, 0, 0
15218, 309, 7, 76, 0, 0, 13.52%, 0, 0, 6, 31.34, 3264117, 458, 0, 0
15223, 310, 26, 76, 0, 0, 13.52%, 0, 0, 6, 39.37, 3264959, 458, 0, 0
15228, 310, 17, 76, 0, 0, 13.52%, 0, 0, 6, 328.02, 3265823, 458, 0, 0
15233, 310, 26, 76, 0, 0, 13.52%, 0, 0, 6, 328.01, 3266193, 458, 0, 0
15238, 310, 75, 76, 0, 0, 13.52%, 0, 0, 6, 31.49, 3266895, 458, 0, 0
15243, 310, 26, 76, 0, 0, 13.52%, 0, 0, 6, 31.22, 3267757, 458, 0, 0
15249, 310, 32, 76, 0, 0, 13.52%, 0, 0, 6, 31.25, 3268599, 458, 0, 0
15254, 310, 54, 76, 0, 0, 13.52%, 0, 0, 6, 244.69, 3269095, 458, 0, 0
15259, 310, 58, 76, 0, 0, 13.52%, 0, 0, 6, 33.43, 3269613, 458, 0, 0
15264, 310, 6, 76, 0, 0, 13.52%, 0, 0, 6, 31.25, 3270469, 458, 0, 0
15269, 310, 26, 76, 0, 0, 13.52%, 0, 0, 6, 31.26, 3271344, 458, 0, 0
15274, 310, 71, 76, 0, 0, 13.52%, 0, 0, 6, 322.83, 3272099, 458, 0, 0
15279, 310, 75, 76, 0, 0, 13.52%, 0, 0, 6, 294.66, 3272480, 458, 0, 0
15284, 310, 75, 76, 0, 0, 13.52%, 0, 0, 6, 31.57, 3273242, 458, 0, 0
15290, 310, 5, 76, 0, 0, 13.52%, 0, 0, 6, 30.30, 3274109, 458, 0, 0
15295, 310, 6, 76, 0, 0, 13.52%, 0, 0, 6, 320.10, 3274935, 458, 0, 0
15300, 311, 5, 76, 0, 0, 13.52%, 0, 0, 6, 323.51, 3275316, 458, 0, 0
15305, 311, 4, 76, 0, 0, 13.52%, 0, 0, 6, 31.42, 3275954, 458, 0, 0
15310, 311, 5, 76, 0, 0, 13.52%, 0, 0, 6, 30.64, 3276805, 458, 0, 0
15315, 311, 75, 76, 0, 0, 13.52%, 0, 0, 6, 30.30, 3277654, 458, 0, 0
15320, 311, 5, 76, 0, 0, 13.52%, 0, 0, 6, 328.23, 3278410, 458, 0, 0
15325, 311, 5, 76, 0, 0, 13.52%, 0, 0, 6, 333.14, 3278798, 458, 0, 0
15331, 311, 6, 76, 0, 0, 13.52%, 0, 0, 6, 31.40, 3279479, 458, 0, 0
15336, 311, 24, 76, 0, 0, 13.52%, 0, 0, 6, 31.11, 3280291, 458, 0, 0
15341, 311, 75, 76, 0, 0, 13.52%, 0, 0, 6, 30.67, 3281113, 458, 0, 0
15346, 311, 75, 76, 0, 0, 13.52%, 0, 0, 6, 31.15, 3281980, 458, 0, 0
15351, 311, 26, 76, 0, 0, 13.52%, 0, 0, 6, 279.83, 3282560, 458, 0, 0
15356, 311, 7, 76, 0, 0, 13.52%, 0, 0, 6, 329.40, 3283122, 458, 0, 0
15361, 311, 75, 76, 0, 0, 13.52%, 0, 0, 6, 31.44, 3283769, 458, 0, 0
15366, 311, 75, 76, 0, 0, 13.52%, 0, 0, 6, 31.26, 3284597, 458, 0, 0
15372, 311, 26, 76, 0, 0, 13.52%, 0, 0, 6, 31.28, 3285390, 458, 0, 0
15377, 312, 64, 76, 0, 0, 13.52%, 0, 0, 6, 31.35, 3286204, 458, 0, 0
15382, 312, 75, 76, 0, 0, 13.52%, 0, 0, 6, 254.21, 3286998, 458, 0, 0
15387, 312, 75, 76, 0, 0, 13.52%, 0, 0, 6, 325.75, 3287574, 458, 0, 0
15392, 312, 6, 76, 0, 0, 13.52%, 0, 0, 6, 333.03, 3288086, 458, 0, 0
15397, 312, 51, 76, 0, 0, 13.52%, 0, 0, 6, 31.43, 3288765, 458, 0, 0
15402, 312, 26, 76, 0, 0, 13.52%, 0, 0, 6, 323.40, 3290280, 458, 0, 0
15407, 312, 26, 76, 0, 0, 13.52%, 0, 0, 6, 279.42, 3291590, 458, 0, 0
15413, 312, 28, 76, 0, 0, 13.52%, 0, 0, 6, 309.25, 3293240, 458, 0, 0
15418, 312, 17, 76, 0, 0, 13.52%, 0, 0, 6, 306.37, 3294792, 458, 0, 0
15423, 313, 4, 76, 0, 0, 13.52%, 0, 0, 6, 305.78, 3296334, 458, 0, 0
15428, 313, 20, 76, 0, 0, 13.52%, 0, 0, 6, 282.61, 3297765, 458, 0, 0
15433, 313, 61, 76, 0, 0, 13.52%, 0, 0, 6, 251.51, 3299000, 458, 0, 0
15438, 313, 12, 76, 0, 0, 13.52%, 0, 0, 6, 296.99, 3300550, 458, 0, 0
15443, 313, 75, 76, 0, 0, 13.52%, 0, 0, 6, 303.54, 3302080, 458, 0, 0
15448, 313, 8, 76, 0, 0, 13.52%, 0, 0, 6, 302.19, 3303598, 458, 0, 0
15453, 313, 54, 76, 0, 0, 13.52%, 0, 0, 6, 295.79, 3305105, 458, 0, 0
15458, 313, 75, 76, 0, 0, 13.52%, 0, 0, 6, 257.28, 3306355, 458, 0, 0
15463, 314, 31, 76, 0, 0, 13.52%, 0, 0, 6, 289.11, 3307815, 458, 0, 0
15468, 314, 75, 76, 0, 0, 13.52%, 0, 0, 6, 308.58, 3309383, 458, 0, 0
15473, 314, 17, 76, 0, 0, 13.52%, 0, 0, 6, 309.80, 3310943, 458, 0, 0
15478, 314, 6, 76, 0, 0, 13.52%, 0, 0, 6, 310.24, 3312503, 458, 0, 0
15483, 314, 75, 76, 0, 0, 13.52%, 0, 0, 6, 300.87, 3314015, 458, 0, 0
15488, 314, 5, 76, 0, 0, 13.52%, 0, 0, 6, 309.94, 3315585, 458, 0, 0
15493, 314, 35, 76, 0, 0, 13.52%, 0, 0, 6, 314.97, 3317231, 458, 0, 0
15498, 314, 51, 76, 0, 0, 13.52%, 0, 0, 6, 313.92, 3318799, 458, 0, 0
15503, 315, 75, 76, 0, 0, 13.52%, 0, 0, 6, 298.26, 3320265, 458, 0, 0
15509, 315, 5, 76, 0, 0, 13.52%, 0, 0, 6, 310.55, 3321897, 458, 0, 0
15514, 315, 5, 76, 0, 0, 13.52%, 0, 0, 6, 313.00, 3323521, 458, 0, 0
15519, 315, 5, 76, 0, 0, 13.52%, 0, 0, 6, 313.60, 3325103, 458, 0, 0
15524, 315, 5, 76, 0, 0, 13.52%, 0, 0, 6, 295.45, 3326620, 458, 0, 0
15529, 315, 5, 76, 0, 0, 13.52%, 0, 0, 6, 313.45, 3328249, 458, 0, 0
15534, 316, 5, 76, 0, 0, 13.52%, 0, 0, 6, 314.10, 3329821, 458, 0, 0
15539, 316, 26, 76, 0, 0, 13.52%, 0, 0, 6, 315.39, 3331461, 458, 0, 0
15544, 316, 4, 76, 0, 0, 13.52%, 0, 0, 6, 289.50, 3332920, 458, 0, 0
15550, 316, 75, 76, 0, 0, 13.52%, 0, 0, 6, 313.95, 3334573, 458, 0, 0
15555, 316, 12, 76, 0, 0, 13.52%, 0, 0, 6, 313.79, 3336199, 458, 0, 0
15560, 316, 26, 76, 0, 0, 13.52%, 0, 0, 6, 316.17, 3337784, 458, 0, 0
15565, 317, 75, 76, 0, 0, 13.52%, 0, 0, 6, 287.54, 3339255, 458, 0, 0
15570, 317, 75, 76, 0, 0, 13.52%, 0, 0, 6, 311.40, 3340897, 458, 0, 0
15575, 317, 26, 76, 0, 0, 13.52%, 0, 0, 6, 315.55, 3342535, 458, 0, 0
15580, 317, 75, 76, 0, 0, 13.52%, 0, 0, 6, 315.96, 3344175, 458, 0, 0
15585, 317, 75, 76, 0, 0, 13.52%, 0, 0, 6, 295.94, 3345747, 458, 0, 0
15591, 317, 28, 76, 0, 0, 13.52%, 0, 0, 6, 313.81, 3347353, 458, 0, 0
15596, 318, 46, 76, 0, 0, 13.52%, 0, 0, 6, 316.68, 3348993, 458, 0, 0
15601, 318, 5, 76, 0, 0, 13.52%, 0, 0, 6, 317.49, 3350629, 458, 0, 0
15606, 318, 37, 76, 0, 0, 13.52%, 0, 0, 6, 305.43, 3352229, 458, 0, 0
15611, 318, 17, 76, 0, 0, 13.52%, 0, 0, 6, 309.33, 3353787, 458, 0, 0
15616, 318, 11, 76, 0, 0, 13.52%, 0, 0, 6, 314.58, 3355371, 458, 0, 0
15621, 318, 9, 76, 0, 0, 13.52%, 0, 0, 6, 316.90, 3357011, 458, 0, 0
15627, 319, 28, 76, 0, 0, 13.52%, 0, 0, 6, 315.37, 3358641, 458, 0, 0
15632, 319, 51, 76, 0, 0, 13.52%, 0, 0, 6, 307.33, 3360171, 458, 0, 0
15637, 319, 12, 76, 0, 0, 13.52%, 0, 0, 6, 314.69, 3361817, 458, 0, 0
15642, 319, 55, 76, 0, 0, 13.52%, 0, 0, 6, 316.55, 3363453, 458, 0, 0
15647, 319, 75, 76, 0, 0, 13.52%, 0, 0, 6, 317.86, 3365083, 458, 0, 0
15652, 319, 4, 76, 0, 0, 13.52%, 0, 0, 6, 308.18, 3366623, 458, 0, 0
15658, 319, 7, 76, 0, 0, 13.52%, 0, 0, 6, 321.72, 3368211, 458, 0, 0
15663, 320, 75, 76, 0, 0, 13.52%, 0, 0, 6, 319.34, 3369859, 458, 0, 0
15668, 320, 54, 76, 0, 0, 13.52%, 0, 0, 6, 315.40, 3371437, 458, 0, 0
15673, 320, 75, 76, 0, 0, 13.52%, 0, 0, 6, 306.31, 3372959, 458, 0, 0
15678, 320, 12, 76, 0, 0, 13.52%, 0, 0, 6, 315.15, 3374599, 458, 0, 0
15683, 320, 26, 76, 0, 0, 13.52%, 0, 0, 6, 317.10, 3376247, 458, 0, 0
15688, 320, 28, 76, 0, 0, 13.52%, 0, 0, 6, 316.22, 3377829, 458, 0, 0
15693, 320, 20, 76, 0, 0, 13.52%, 0, 0, 6, 303.28, 3379353, 458, 0, 0
15699, 321, 59, 76, 0, 0, 13.52%, 0, 0, 6, 314.71, 3380947, 458, 0, 0
15704, 321, 0, 76, 0, 0, 13.52%, 0, 0, 6, 313.15, 3382511, 458, 0, 0
15709, 321, 17, 76, 0, 0, 13.52%, 0, 0, 6, 315.73, 3383993, 458, 0, 0
15714, 321, 26, 76, 0, 0, 13.52%, 0, 0, 6, 321.26, 3385165, 458, 0, 0
15719, 321, 71, 76, 0, 0, 13.52%, 0, 0, 6, 321.20, 3386781, 458, 0, 0
15724, 321, 28, 76, 0, 0, 13.52%, 0, 0, 6, 320.87, 3388059, 458, 0, 0
15729, 322, 75, 76, 0, 0, 13.52%, 0, 0, 6, 323.16, 3389679, 458, 0, 0
15734, 322, 4, 76, 0, 0, 13.52%, 0, 0, 6, 321.28, 3391341, 458, 0, 0
15739, 322, 75, 76, 0, 0, 13.52%, 0, 0, 6, 318.41, 3392568, 458, 0, 0
15744, 322, 5, 76, 0, 0, 13.52%, 0, 0, 6, 319.19, 3394223, 458, 0, 0
15750, 322, 6, 76, 0, 0, 13.52%, 0, 0, 6, 317.56, 3395817, 458, 0, 0
15755, 322, 75, 76, 0, 0, 13.52%, 0, 0, 6, 31.09, 3397374, 458, 0, 0
15760, 322, 4, 76, 0, 0, 13.52%, 0, 0, 6, 319.54, 3398746, 458, 0, 0
15765, 323, 20, 76, 0, 0, 13.52%, 0, 0, 6, 320.18, 3400416, 458, 0, 0
15770, 323, 12, 76, 0, 0, 13.52%, 0, 0, 6, 322.83, 3401646, 458, 0, 0
15775, 323, 75, 76, 0, 0, 13.52%, 0, 0, 6, 322.03, 3403322, 458, 0, 0
15781, 323, 28, 76, 0, 0, 13.52%, 0, 0, 6, 318.98, 3404968, 458, 0, 0
15786, 323, 75, 76, 0, 0, 13.52%, 0, 0, 6, 316.00, 3406234, 458, 0, 0
15791, 323, 6, 76, 0, 0, 13.52%, 0, 0, 6, 309.99, 3407816, 458, 0, 0
15796, 323, 39, 76, 0, 0, 13.52%, 0, 0, 6, 319.51, 3409474, 458, 0, 0
15801, 323, 20, 76, 0, 0, 13.52%, 0, 0, 6, 326.50, 3410768, 458, 0, 0
15806, 324, 75, 76, 0, 0, 13.52%, 0, 0, 6, 324.22, 3412444, 458, 0, 0
15812, 324, 17, 76, 0, 0, 13.52%, 0, 0, 6, 290.45, 3413855, 458, 0, 0
15817, 324, 12, 76, 0, 0, 13.52%, 0, 0, 6, 247.71, 3415326, 458, 0, 0
15822, 324, 17, 76, 0, 0, 13.52%, 0, 0, 6, 296.69, 3416870, 458, 0, 0
15827, 324, 55, 76, 0, 0, 13.52%, 0, 0, 6, 297.84, 3418400, 458, 0, 0
15832, 324, 75, 76, 0, 0, 13.52%, 0, 0, 6, 321.78, 3419793, 458, 0, 0
15837, 324, 75, 76, 0, 0, 13.52%, 0, 0, 6, 306.46, 3421322, 458, 0, 0
15842, 325, 75, 76, 0, 0, 13.52%, 0, 0, 6, 293.50, 3422795, 458, 0, 0
15847, 325, 75, 76, 0, 0, 13.52%, 0, 0, 6, 285.78, 3424235, 458, 0, 0
15852, 325, 26, 76, 0, 0, 13.52%, 0, 0, 6, 303.96, 3425761, 458, 0, 0
15857, 325, 75, 76, 0, 0, 13.52%, 0, 0, 6, 297.63, 3427215, 458, 0, 0
15863, 325, 46, 76, 0, 0, 13.52%, 0, 0, 6, 321.89, 3428649, 458, 0, 0
15868, 325, 75, 76, 0, 0, 13.52%, 0, 0, 6, 307.90, 3430199, 458, 0, 0
15873, 325, 20, 76, 0, 0, 13.52%, 0, 0, 6, 318.62, 3431737, 458, 0, 0
15878, 325, 54, 76, 0, 0, 13.52%, 0, 0, 6, 279.21, 3433200, 458, 0, 0
15883, 326, 17, 76, 0, 0, 13.52%, 0, 0, 6, 317.77, 3434721, 458, 0, 0
15888, 326, 51, 76, 0, 0, 13.52%, 0, 0, 6, 315.29, 3436191, 458, 0, 0
15894, 326, 17, 76, 0, 0, 13.52%, 0, 0, 6, 51.00, 3437621, 458, 0, 0
15899, 326, 75, 76, 0, 0, 13.52%, 0, 0, 6, 308.56, 3439163, 458, 0, 0
15904, 326, 75, 76, 0, 0, 13.52%, 0, 0, 6, 307.49, 3440605, 458, 0, 0
15909, 326, 75, 76, 0, 0, 13.52%, 0, 0, 6, 269.61, 3442050, 458, 0, 0
15914, 326, 75, 76, 0, 0, 13.52%, 0, 0, 6, 294.77, 3443550, 458, 0, 0
15919, 327, 5, 76, 0, 0, 13.52%, 0, 0, 6, 326.12, 3445085, 458, 0, 0
15924, 327, 75, 76, 0, 0, 13.52%, 0, 0, 6, 335.00, 3446537, 458, 0, 0
15929, 327, 28, 76, 0, 0, 13.52%, 0, 0, 6, 320.19, 3448061, 458, 0, 0
15935, 327, 20, 76, 0, 0, 13.52%, 0, 0, 6, 310.97, 3449531, 458, 0, 0
15940, 327, 15, 76, 0, 0, 13.52%, 0, 0, 6, 287.72, 3450945, 458, 0, 0
15945, 327, 74, 76, 0, 0, 13.52%, 0, 0, 6, 314.55, 3452613, 458, 0, 0
15950, 327, 75, 76, 0, 0, 13.52%, 0, 0, 6, 321.51, 3454053, 458, 0, 0
15955, 328, 28, 76, 0, 0, 13.52%, 0, 0, 6, 313.47, 3455455, 458, 0, 0
15960, 328, 5, 76, 0, 0, 13.52%, 0, 0, 6, 324.02, 3457003, 458, 0, 0
15965, 328, 6, 76, 0, 0, 13.52%, 0, 0, 6, 303.83, 3458479, 458, 0, 0
15971, 328, 73, 76, 0, 0, 13.52%, 0, 0, 6, 325.75, 3459997, 458, 0, 0
15976, 328, 4, 76, 0, 0, 13.52%, 0, 0, 6, 324.75, 3461455, 458, 0, 0
15981, 328, 75, 76, 0, 0, 13.52%, 0, 0, 6, 31.08, 3462688, 458, 0, 0
15986, 328, 72, 76, 0, 0, 13.52%, 0, 0, 6, 259.45, 3463190, 458, 0, 0
15991, 328, 75, 76, 0, 0, 13.52%, 0, 0, 6, 30.95, 3464171, 458, 0, 0
15996, 329, 75, 76, 0, 0, 13.52%, 0, 0, 6, 44.88, 3465434, 458, 0, 0
16001, 329, 12, 76, 0, 0, 13.52%, 0, 0, 6, 31.58, 3466674, 458, 0, 0
16006, 329, 26, 76, 0, 0, 13.52%, 0, 0, 6, 321.48, 3467873, 458, 0, 0
16011, 329, 46, 76, 0, 0, 13.52%, 0, 0, 6, 312.86, 3468831, 458, 0, 0
16017, 329, 28, 76, 0, 0, 13.52%, 0, 0, 6, 322.28, 3469861, 458, 0, 0
16022, 329, 51, 76, 0, 0, 13.52%, 0, 0, 6, 318.64, 3470803, 458, 0, 0
16027, 329, 75, 76, 0, 0, 13.52%, 0, 0, 6, 303.51, 3471591, 458, 0, 0
16032, 329, 7, 76, 0, 0, 13.52%, 0, 0, 6, 31.31, 3472571, 458, 0, 0
16037, 329, 75, 76, 0, 0, 13.52%, 0, 0, 6, 31.44, 3473666, 458, 0, 0
16042, 329, 5, 76, 0, 0, 13.52%, 0, 0, 6, 31.58, 3474755, 458, 0, 0
16048, 329, 6, 76, 0, 0, 13.52%, 0, 0, 6, 326.91, 3475779, 458, 0, 0
16053, 329, 75, 76, 0, 0, 13.52%, 0, 0, 6, 293.63, 3476580, 458, 0, 0
16058, 330, 37, 76, 0, 0, 13.52%, 0, 0, 6, 323.08, 3477355, 458, 0, 0
16063, 330, 75, 76, 0, 0, 13.52%, 0, 0, 6, 41.13, 3478090, 458, 0, 0
16068, 330, 26, 76, 0, 0, 13.52%, 0, 0, 6, 31.47, 3479077, 458, 0, 0
16073, 330, 17, 76, 0, 0, 13.52%, 0, 0, 6, 31.62, 3480077, 458, 0, 0
16078, 330, 75, 76, 0, 0, 13.52%, 0, 0, 6, 31.41, 3481067, 458, 0, 0
16084, 330, 64, 76, 0, 0, 13.52%, 0, 0, 6, 299.05, 3482010, 458, 0, 0
16089, 330, 7, 76, 0, 0, 13.52%, 0, 0, 6, 297.91, 3482690, 458, 0, 0
16094, 330, 75, 76, 0, 0, 13.52%, 0, 0, 6, 323.93, 3483365, 458, 0, 0
16099, 330, 75, 76, 0, 0, 13.52%, 0, 0, 6, 31.36, 3484125, 458, 0, 0
16104, 330, 20, 76, 0, 0, 13.52%, 0, 0, 6, 31.31, 3485096, 458, 0, 0
16109, 330, 54, 76, 0, 0, 13.52%, 0, 0, 6, 31.12, 3486042, 458, 0, 0
16114, 330, 75, 76, 0, 0, 13.52%, 0, 0, 6, 246.60, 3486975, 458, 0, 0
16119, 330, 12, 76, 0, 0, 13.52%, 0, 0, 6, 249.40, 3487649, 458, 0, 0
16124, 330, 12, 76, 0, 0, 13.52%, 0, 0, 6, 248.43, 3488229, 458, 0, 0
16130, 331, 17, 76, 0, 0, 13.52%, 0, 0, 6, 31.54, 3488989, 458, 0, 0
16135, 331, 75, 76, 0, 0, 13.52%, 0, 0, 6, 31.42, 3489932, 458, 0, 0
16140, 331, 6, 76, 0, 0, 13.52%, 0, 0, 6, 31.05, 3490817, 458, 0, 0
16145, 331, 5, 76, 0, 0, 13.52%, 0, 0, 6, 237.70, 3491684, 458, 0, 0
16150, 331, 20, 76, 0, 0, 13.52%, 0, 0, 6, 292.43, 3492315, 458, 0, 0
16155, 331, 5, 76, 0, 0, 13.52%, 0, 0, 6, 250.77, 3492984, 458, 0, 0
16160, 331, 75, 76, 0, 0, 13.52%, 0, 0, 6, 31.42, 3493603, 458, 0, 0
16166, 331, 55, 76, 0, 0, 13.52%, 0, 0, 6, 31.49, 3494504, 458, 0, 0
16171, 331, 5, 76, 0, 0, 13.52%, 0, 0, 6, 31.57, 3495383, 458, 0, 0
16176, 331, 5, 76, 0, 0, 13.52%, 0, 0, 6, 31.43, 3496237, 458, 0, 0
16181, 331, 74, 76, 0, 0, 13.52%, 0, 0, 6, 307.72, 3497050, 458, 0, 0
16186, 331, 5, 76, 0, 0, 13.52%, 0, 0, 6, 319.43, 3497590, 458, 0, 0
16191, 331, 54, 76, 0, 0, 13.52%, 0, 0, 6, 30.57, 3498152, 458, 0, 0
16197, 331, 5, 76, 0, 0, 13.52%, 0, 0, 6, 31.25, 3499005, 458, 0, 0
16202, 332, 5, 76, 0, 0, 13.52%, 0, 0, 6, 30.26, 3499841, 458, 0, 0
16207, 332, 75, 76, 0, 0, 13.52%, 0, 0, 6, 31.32, 3500702, 458, 0, 0
16212, 332, 26, 76, 0, 0, 13.52%, 0, 0, 6, 293.85, 3501548, 458, 0, 0
16217, 332, 11, 76, 0, 0, 13.52%, 0, 0, 6, 320.14, 3502260, 458, 0, 0
16222, 332, 17, 76, 0, 0, 13.52%, 0, 0, 6, 267.82, 3502790, 458, 0, 0
16228, 332, 75, 76, 0, 0, 13.52%, 0, 0, 6, 31.02, 3503427, 458, 0, 0
16233, 332, 75, 76, 0, 0, 13.52%, 0, 0, 6, 34.48, 3504247, 458, 0, 0
16238, 332, 75, 76, 0, 0, 13.52%, 0, 0, 6, 31.53, 3505062, 458, 0, 0
16243, 332, 75, 76, 0, 0, 13.52%, 0, 0, 6, 33.94, 3505913, 458, 0, 0
16248, 332, 75, 76, 0, 0, 13.52%, 0, 0, 6, 319.64, 3506694, 458, 0, 0
16253, 332, 75, 76, 0, 0, 13.52%, 0, 0, 6, 308.62, 3507324, 458, 0, 0
16258, 332, 4, 76, 0, 0, 13.52%, 0, 0, 6, 315.83, 3507918, 458, 0, 0
16263, 332, 6, 76, 0, 0, 13.52%, 0, 0, 6, 32.10, 3508552, 458, 0, 0
16268, 332, 4, 76, 0, 0, 13.52%, 0, 0, 6, 31.43, 3509480, 458, 0, 0
16274, 332, 75, 76, 0, 0, 13.52%, 0, 0, 6, 31.10, 3510359, 458, 0, 0
16279, 332, 55, 76, 0, 0, 13.52%, 0, 0, 6, 249.04, 3511036, 458, 0, 0
16284, 332, 28, 76, 0, 0, 13.52%, 0, 0, 6, 34.16, 3511418, 458, 0, 0
16289, 333, 51, 76, 0, 0, 13.52%, 0, 0, 6, 36.22, 3512295, 458, 0, 0
16294, 333, 75, 76, 0, 0, 13.52%, 0, 0, 6, 34.30, 3513189, 458, 0, 0
16299, 333, 75, 76, 0, 0, 13.52%, 0, 0, 6, 295.89, 3514010, 458, 0, 0
16304, 333, 6, 76, 0, 0, 13.52%, 0, 0, 6, 226.38, 3514399, 458, 0, 0
16309, 333, 4, 76, 0, 0, 13.52%, 0, 0, 6, 31.45, 3515139, 458, 0, 0
16314, 333, 17, 76, 0, 0, 13.52%, 0, 0, 6, 31.24, 3516025, 458, 0, 0
16320, 333, 4, 76, 0, 0, 13.52%, 0, 0, 6, 310.45, 3516884, 458, 0, 0
16325, 333, 75, 76, 0, 0, 13.52%, 0, 0, 6, 297.50, 3517470, 458, 0, 0
16330, 333, 75, 76, 0, 0, 13.52%, 0, 0, 6, 40.13, 3517943, 458, 0, 0
16335, 333, 5, 76, 0, 0, 13.52%, 0, 0, 6, 31.38, 3518799, 458, 0, 0
16340, 333, 16, 76, 0, 0, 13.52%, 0, 0, 6, 31.31, 3519700, 458, 0, 0
16345, 333, 46, 76, 0, 0, 13.52%, 0, 0, 6, 56.60, 3520548, 458, 0, 0
16350, 333, 26, 76, 0, 0, 13.52%, 0, 0, 6, 329.10, 3521142, 458, 0, 0
16356, 333, 5, 76, 0, 0, 13.52%, 0, 0, 6, 250.42, 3521652, 458, 0, 0
16361, 333, 75, 76, 0, 0, 13.52%, 0, 0, 6, 36.20, 3522434, 458, 0, 0
16366, 334, 5, 76, 0, 0, 13.52%, 0, 0, 6, 31.14, 3523277, 458, 0, 0
16371, 334, 4, 76, 0, 0, 13.52%, 0, 0, 6, 31.36, 3524127, 458, 0, 0
16376, 334, 51, 76, 0, 0, 13.52%, 0, 0, 6, 326.84, 3524854, 458, 0, 0
16381, 334, 75, 76, 0, 0, 13.52%, 0, 0, 6, 231.85, 3525320, 458, 0, 0
16386, 334, 75, 76, 0, 0, 13.52%, 0, 0, 6, 31.33, 3525986, 458, 0, 0
16392, 334, 5, 76, 0, 0, 13.52%, 0, 0, 6, 31.45, 3526828, 458, 0, 0
16397, 334, 20, 76, 0, 0, 13.52%, 0, 0, 6, 31.50, 3527634, 458, 0, 0
16402, 334, 2, 76, 0, 0, 13.52%, 0, 0, 6, 30.69, 3528436, 458, 0, 0
16407, 334, 17, 76, 0, 0, 13.52%, 0, 0, 6, 279.14, 3529175, 458, 0, 0
16412, 334, 54, 76, 0, 0, 13.52%, 0, 0, 6, 302.32, 3529690, 458, 0, 0
16417, 334, 39, 76, 0, 0, 13.52%, 0, 0, 6, 31.46, 3530282, 458, 0, 0
16422, 334, 46, 76, 0, 0, 13.52%, 0, 0, 6, 31.53, 3531098, 458, 0, 0
16427, 334, 26, 76, 0, 0, 13.52%, 0, 0, 6, 31.34, 3531910, 458, 0, 0
16432, 334, 75, 76, 0, 0, 13.52%, 0, 0, 6, 31.40, 3532696, 458, 0, 0
16437, 334, 75, 76, 0, 0, 13.52%, 0, 0, 6, 31.37, 3533524, 458, 0, 0
16442, 335, 55, 76, 0, 0, 13.52%, 0, 0, 6, 266.22, 3534200, 458, 0, 0
16447, 335, 72, 76, 0, 0, 13.52%, 0, 0, 6, 322.33, 3534718, 458, 0, 0
16453, 335, 75, 76, 0, 0, 13.52%, 0, 0, 6, 31.09, 3535352, 458, 0, 0
16458, 335, 6, 76, 0, 0, 13.52%, 0, 0, 6, 30.43, 3536159, 458, 0, 0
16463, 335, 55, 76, 0, 0, 13.52%, 0, 0, 6, 31.35, 3536965, 458, 0, 0
16468, 335, 21, 76, 0, 0, 13.52%, 0, 0, 6, 30.64, 3537774, 458, 0, 0
16473, 335, 75, 76, 0, 0, 13.52%, 0, 0, 6, 238.63, 3538608, 458, 0, 0
16478, 335, 6, 76, 0, 0, 13.52%, 0, 0, 6, 325.50, 3539136, 458, 0, 0
16483, 335, 6, 76, 0, 0, 13.52%, 0, 0, 6, 223.52, 3539748, 458, 0, 0
16488, 335, 26, 76, 0, 0, 13.52%, 0, 0, 6, 31.47, 3540396, 458, 0, 0
16493, 335, 0, 76, 0, 0, 13.52%, 0, 0, 6, 31.51, 3541229, 458, 0, 0
16498, 335, 13, 76, 0, 0, 13.52%, 0, 0, 6, 31.25, 3542184, 458, 0, 0
16503, 335, 5, 76, 0, 0, 13.52%, 0, 0, 6, 253.42, 3542856, 458, 0, 0
16509, 335, 2, 76, 0, 0, 13.52%, 0, 0, 6, 33.02, 3543253, 458, 0, 0
16514, 336, 75, 76, 0, 0, 13.52%, 0, 0, 6, 30.95, 3544129, 458, 0, 0
16519, 336, 7, 76, 0, 0, 13.52%, 0, 0, 6, 30.39, 3545012, 458, 0, 0
16524, 336, 75, 76, 0, 0, 13.52%, 0, 0, 6, 309.29, 3545830, 458, 0, 0
16529, 336, 33, 76, 0, 0, 13.52%, 0, 0, 6, 314.18, 3546284, 458, 0, 0
16534, 336, 6, 76, 0, 0, 13.52%, 0, 0, 6, 35.78, 3546928, 458, 0, 0
16539, 336, 59, 76, 0, 0, 13.52%, 0, 0, 6, 31.38, 3547779, 458, 0, 0
16544, 336, 75, 76, 0, 0, 13.52%, 0, 0, 6, 30.41, 3548662, 458, 0, 0
16549, 336, 37, 76, 0, 0, 13.52%, 0, 0, 6, 320.08, 3549306, 458, 0, 0
16555, 336, 55, 76, 0, 0, 13.52%, 0, 0, 6, 317.10, 3549802, 458, 0, 0
16560, 336, 75, 76, 0, 0, 13.52%, 0, 0, 6, 31.03, 3550539, 458, 0, 0
16565, 336, 12, 76, 0, 0, 13.52%, 0, 0, 6, 31.60, 3551448, 458, 0, 0
16570, 336, 75, 76, 0, 0, 13.52%, 0, 0, 6, 313.06, 3552308, 458, 0, 0
16575, 336, 13, 76, 0, 0, 13.52%, 0, 0, 6, 327.69, 3552918, 458, 0, 0
16580, 336, 20, 76, 0, 0, 13.52%, 0, 0, 6, 326.35, 3553430, 458, 0, 0
16585, 336, 26, 76, 0, 0, 13.52%, 0, 0, 6, 41.86, 3554133, 458, 0, 0
16590, 336, 5, 76, 0, 0, 13.52%, 0, 0, 6, 31.56, 3554978, 458, 0, 0
16596, 337, 75, 76, 0, 0, 13.52%, 0, 0, 6, 31.26, 3555831, 458, 0, 0
16601, 337, 23, 76, 0, 0, 13.52%, 0, 0, 6, 296.48, 3556595, 458, 0, 0
16606, 337, 55, 76, 0, 0, 13.52%, 0, 0, 6, 326.58, 3557112, 458, 0, 0
16611, 337, 24, 76, 0, 0, 13.52%, 0, 0, 6, 298.51, 3557671, 458, 0, 0
16616, 337, 75, 76, 0, 0, 13.52%, 0, 0, 6, 31.43, 3558421, 458, 0, 0
16621, 337, 54, 76, 0, 0, 13.52%, 0, 0, 6, 31.28, 3559245, 458, 0, 0
16626, 337, 28, 76, 0, 0, 13.52%, 0, 0, 6, 36.29, 3560063, 458, 0, 0
16631, 337, 12, 76, 0, 0, 13.52%, 0, 0, 6, 325.70, 3560842, 458, 0, 0
16637, 337, 75, 76, 0, 0, 13.52%, 0, 0, 6, 238.06, 3561296, 458, 0, 0
16642, 337, 26, 76, 0, 0, 13.52%, 0, 0, 6, 31.49, 3561911, 458, 0, 0
16647, 337, 17, 76, 0, 0, 13.52%, 0, 0, 6, 44.95, 3562715, 458, 0, 0
16652, 337, 75, 76, 0, 0, 13.52%, 0, 0, 6, 31.36, 3563521, 458, 0, 0
16657, 337, 5, 76, 0, 0, 13.52%, 0, 0, 6, 30.22, 3564337, 458, 0, 0
16662, 337, 5, 76, 0, 0, 13.52%, 0, 0, 6, 271.10, 3565040, 458, 0, 0
16667, 337, 6, 76, 0, 0, 13.52%, 0, 0, 6, 223.92, 3565616, 458, 0, 0
16672, 337, 75, 76, 0, 0, 13.52%, 0, 0, 6, 210.78, 3566148, 458, 0, 0
16677, 337, 75, 76, 0, 0, 13.52%, 0, 0, 6, 31.41, 3566864, 458, 0, 0
16682, 338, 5, 76, 0, 0, 13.52%, 0, 0, 6, 30.66, 3567655, 458, 0, 0
16688, 338, 12, 76, 0, 0, 13.52%, 0, 0, 6, 31.46, 3568459, 458, 0, 0
16693, 338, 75, 76, 0, 0, 13.52%, 0, 0, 6, 31.71, 3569298, 458, 0, 0
16698, 338, 75, 76, 0, 0, 13.52%, 0, 0, 6, 240.13, 3570088, 458, 0, 0
16703, 338, 5, 76, 0, 0, 13.52%, 0, 0, 6, 301.36, 3570650, 458, 0, 0
16708, 338, 75, 76, 0, 0, 13.52%, 0, 0, 6, 228.09, 3571252, 458, 0, 0
16713, 338, 6, 76, 0, 0, 13.52%, 0, 0, 6, 31.32, 3571908, 458, 0, 0
16718, 338, 75, 76, 0, 0, 13.52%, 0, 0, 6, 31.60, 3572697, 458, 0, 0
16724, 338, 75, 76, 0, 0, 13.52%, 0, 0, 6, 31.27, 3573555, 458, 0, 0
16729, 338, 6, 76, 0, 0, 13.52%, 0, 0, 6, 318.06, 3574254, 458, 0, 0
16734, 338, 75, 76, 0, 0, 13.52%, 0, 0, 6, 245.00, 3574612, 458, 0, 0
16739, 338, 74, 76, 0, 0, 13.52%, 0, 0, 6, 30.71, 3575460, 458, 0, 0
16744, 338, 75, 76, 0, 0, 13.52%, 0, 0, 6, 30.84, 3576331, 458, 0, 0
16749, 338, 75, 76, 0, 0, 13.52%, 0, 0, 6, 319.03, 3577146, 458, 0, 0
16754, 338, 55, 76, 0, 0, 13.52%, 0, 0, 6, 312.68, 3577524, 458, 0, 0
16759, 338, 17, 76, 0, 0, 13.52%, 0, 0, 6, 31.43, 3578214, 458, 0, 0
16765, 338, 75, 76, 0, 0, 13.52%, 0, 0, 6, 30.35, 3579082, 458, 0, 0
16770, 339, 75, 76, 0, 0, 13.52%, 0, 0, 6, 325.98, 3579942, 458, 0, 0
16775, 339, 75, 76, 0, 0, 13.52%, 0, 0, 6, 263.88, 3580465, 458, 0, 0
16780, 339, 11, 76, 0, 0, 13.52%, 0, 0, 6, 30.98, 3580955, 458, 0, 0
16785, 339, 75, 76, 0, 0, 13.52%, 0, 0, 6, 31.40, 3581823, 458, 0, 0
16790, 339, 75, 76, 0, 0, 13.52%, 0, 0, 6, 30.41, 3582645, 458, 0, 0
16795, 339, 13, 76, 0, 0, 13.52%, 0, 0, 6, 303.54, 3583466, 458, 0, 0
16800, 339, 17, 76, 0, 0, 13.52%, 0, 0, 6, 322.49, 3583899, 458, 0, 0
16806, 339, 75, 76, 0, 0, 13.52%, 0, 0, 6, 31.05, 3584485, 458, 0, 0
16811, 339, 12, 76, 0, 0, 13.52%, 0, 0, 6, 30.61, 3585340, 458, 0, 0
16816, 339, 37, 76, 0, 0, 13.52%, 0, 0, 6, 31.36, 3586206, 458, 0, 0
16821, 339, 75, 76, 0, 0, 13.52%, 0, 0, 6, 328.75, 3586936, 458, 0, 0
16826, 339, 9, 76, 0, 0, 13.52%, 0, 0, 6, 283.43, 3587490, 458, 0, 0
16831, 339, 5, 76, 0, 0, 13.52%, 0, 0, 6, 206.90, 3588046, 458, 0, 0
16836, 339, 4, 76, 0, 0, 13.52%, 0, 0, 6, 30.98, 3588816, 458, 0, 0
16841, 339, 57, 76, 0, 0, 13.52%, 0, 0, 6, 30.47, 3589629, 458, 0, 0
16847, 340, 26, 76, 0, 0, 13.52%, 0, 0, 6, 30.93, 3590446, 458, 0, 0
16852, 340, 20, 76, 0, 0, 13.52%, 0, 0, 6, 274.95, 3591285, 458, 0, 0
16857, 340, 20, 76, 0, 0, 13.52%, 0, 0, 6, 297.09, 3591795, 458, 0, 0
16862, 340, 75, 76, 0, 0, 13.52%, 0, 0, 6, 336.63, 3592359, 458, 0, 0
16867, 340, 28, 76, 0, 0, 13.52%, 0, 0, 6, 30.56, 3593083, 458, 0, 0
16872, 340, 75, 76, 0, 0, 13.52%, 0, 0, 6, 299.88, 3594480, 458, 0, 0
16877, 340, 17, 76, 0, 0, 13.52%, 0, 0, 6, 318.66, 3596166, 458, 0, 0
16882, 340, 6, 76, 0, 0, 13.52%, 0, 0, 6, 315.18, 3597812, 458, 0, 0
16887, 340, 55, 76, 0, 0, 13.52%, 0, 0, 6, 308.11, 3599350, 458, 0, 0
16893, 341, 20, 76, 0, 0, 13.52%, 0, 0, 6, 295.85, 3600825, 458, 0, 0
16898, 341, 75, 76, 0, 0, 13.52%, 0, 0, 6, 301.70, 3602396, 458, 0, 0
16903, 341, 75, 76, 0, 0, 13.52%, 0, 0, 6, 302.09, 3603922, 458, 0, 0
16908, 341, 75, 76, 0, 0, 13.52%, 0, 0, 6, 298.68, 3605425, 458, 0, 0
16913, 341, 54, 76, 0, 0, 13.52%, 0, 0, 6, 261.17, 3606705, 458, 0, 0
16918, 341, 1, 76, 0, 0, 13.52%, 0, 0, 6, 260.24, 3608005, 458, 0, 0
16923, 341, 21, 76, 0, 0, 13.52%, 0, 0, 6, 288.38, 3609440, 458, 0, 0
16928, 341, 23, 76, 0, 0, 13.52%, 0, 0, 6, 303.53, 3610990, 458, 0, 0
16933, 342, 54, 76, 0, 0, 13.52%, 0, 0, 6, 305.83, 3612530, 458, 0, 0
16938, 342, 28, 76, 0, 0, 13.52%, 0, 0, 6, 306.12, 3614078, 458, 0, 0
16943, 342, 75, 76, 0, 0, 13.52%, 0, 0, 6, 274.90, 3615425, 458, 0, 0
16948, 342, 75, 76, 0, 0, 13.52%, 0, 0, 6, 303.54, 3616996, 458, 0, 0
16953, 342, 75, 76, 0, 0, 13.52%, 0, 0, 6, 309.49, 3618550, 458, 0, 0
16959, 342, 6, 76, 0, 0, 13.52%, 0, 0, 6, 313.20, 3620178, 458, 0, 0
16964, 342, 2, 76, 0, 0, 13.52%, 0, 0, 6, 284.33, 3621640, 458, 0, 0
16969, 343, 75, 76, 0, 0, 13.52%, 0, 0, 6, 308.06, 3623260, 458, 0, 0
16974, 343, 15, 76, 0, 0, 13.52%, 0, 0, 6, 314.92, 3624896, 458, 0, 0
16979, 343, 33, 76, 0, 0, 13.52%, 0, 0, 6, 317.31, 3626536, 458, 0, 0
16984, 343, 75, 76, 0, 0, 13.52%, 0, 0, 6, 294.06, 3628092, 458, 0, 0
16989, 343, 5, 76, 0, 0, 13.52%, 0, 0, 6, 308.97, 3629654, 458, 0, 0
16995, 343, 26, 76, 0, 0, 13.52%, 0, 0, 6, 311.97, 3631284, 458, 0, 0
17000, 344, 75, 76, 0, 0, 13.52%, 0, 0, 6, 315.91, 3632918, 458, 0, 0
17005, 344, 75, 76, 0, 0, 13.52%, 0, 0, 6, 306.34, 3634530, 458, 0, 0
17010, 344, 26, 76, 0, 0, 13.52%, 0, 0, 6, 310.20, 3636090, 458, 0, 0
17015, 344, 54, 76, 0, 0, 13.52%, 0, 0, 6, 314.14, 3637726, 458, 0, 0
17020, 344, 20, 76, 0, 0, 13.52%, 0, 0, 6, 314.41, 3639300, 458, 0, 0
17025, 344, 28, 76, 0, 0, 13.52%, 0, 0, 6, 315.10, 3640878, 458, 0, 0
17030, 344, 20, 76, 0, 0, 13.52%, 0, 0, 6, 310.64, 3642372, 458, 0, 0
17035, 344, 52, 76, 0, 0, 13.52%, 0, 0, 6, 314.65, 3644014, 458, 0, 0
17040, 345, 75, 76, 0, 0, 13.52%, 0, 0, 6, 317.63, 3645614, 458, 0, 0
17046, 345, 75, 76, 0, 0, 13.52%, 0, 0, 6, 317.59, 3647256, 458, 0, 0
17051, 345, 4, 76, 0, 0, 13.52%, 0, 0, 6, 306.11, 3648778, 458, 0, 0
17056, 345, 20, 76, 0, 0, 13.52%, 0, 0, 6, 316.18, 3650430, 458, 0, 0
17061, 345, 17, 76, 0, 0, 13.52%, 0, 0, 6, 314.69, 3652059, 458, 0, 0
17066, 345, 75, 76, 0, 0, 13.52%, 0, 0, 6, 313.92, 3653687, 458, 0, 0
17072, 346, 7, 76, 0, 0, 13.52%, 0, 0, 6, 304.45, 3655216, 458, 0, 0
17077, 346, 24, 76, 0, 0, 13.52%, 0, 0, 6, 313.06, 3656856, 458, 0, 0
17082, 346, 16, 76, 0, 0, 13.52%, 0, 0, 6, 314.88, 3658486, 458, 0, 0
17087, 346, 7, 76, 0, 0, 13.52%, 0, 0, 6, 315.40, 3660128, 458, 0, 0
17092, 346, 12, 76, 0, 0, 13.52%, 0, 0, 6, 304.13, 3661662, 458, 0, 0
17097, 346, 2, 76, 0, 0, 13.52%, 0, 0, 6, 308.57, 3663222, 458, 0, 0
17103, 347, 75, 76, 0, 0, 13.52%, 0, 0, 6, 316.01, 3664858, 458, 0, 0
17108, 347, 75, 76, 0, 0, 13.52%, 0, 0, 6, 315.55, 3666492, 458, 0, 0
17113, 347, 5, 76, 0, 0, 13.52%, 0, 0, 6, 301.61, 3668010, 458, 0, 0
17118, 347, 75, 76, 0, 0, 13.52%, 0, 0, 6, 315.24, 3669662, 458, 0, 0
17123, 347, 55, 76, 0, 0, 13.52%, 0, 0, 6, 316.26, 3671310, 458, 0, 0
17128, 347, 9, 76, 0, 0, 13.52%, 0, 0, 6, 315.79, 3672946, 458, 0, 0
17134, 347, 7, 76, 0, 0, 13.52%, 0, 0, 6, 301.41, 3674480, 458, 0, 0
17139, 348, 26, 76, 0, 0, 13.52%, 0, 0, 6, 313.58, 3676116, 458, 0, 0
17144, 348, 75, 76, 0, 0, 13.52%, 0, 0, 6, 313.76, 3677682, 458, 0, 0
17149, 348, 75, 76, 0, 0, 13.52%, 0, 0, 6, 317.08, 3679324, 458, 0, 0
17154, 348, 46, 76, 0, 0, 13.52%, 0, 0, 6, 298.51, 3680800, 458, 0, 0
17159, 348, 51, 76, 0, 0, 13.52%, 0, 0, 6, 314.65, 3682434, 458, 0, 0
17164, 348, 55, 76, 0, 0, 13.52%, 0, 0, 6, 324.50, 3683964, 458, 0, 0
17169, 349, 2, 76, 0, 0, 13.52%, 0, 0, 6, 323.04, 3685516, 458, 0, 0
17175, 349, 55, 76, 0, 0, 13.52%, 0, 0, 6, 319.20, 3687062, 458, 0, 0
17180, 349, 7, 76, 0, 0, 13.52%, 0, 0, 6, 300.48, 3688480, 458, 0, 0
17185, 349, 75, 76, 0, 0, 13.52%, 0, 0, 6, 304.36, 3690024, 458, 0, 0
17190, 349, 26, 76, 0, 0, 13.52%, 0, 0, 6, 327.55, 3691510, 458, 0, 0
17195, 349, 75, 76, 0, 0, 13.52%, 0, 0, 6, 323.49, 3693040, 458, 0, 0
17200, 349, 75, 76, 0, 0, 13.52%, 0, 0, 6, 320.63, 3694434, 458, 0, 0
17205, 350, 6, 76, 0, 0, 13.52%, 0, 0, 6, 319.95, 3695986, 458, 0, 0
17210, 350, 17, 76, 0, 0, 13.52%, 0, 0, 6, 306.78, 3697504, 458, 0, 0
17215, 350, 75, 76, 0, 0, 13.52%, 0, 0, 6, 291.74, 3699005, 458, 0, 0
17221, 350, 20, 76, 0, 0, 13.52%, 0, 0, 6, 273.82, 3700455, 458, 0, 0
17226, 350, 20, 76, 0, 0, 13.52%, 0, 0, 6, 321.06, 3701974, 458, 0, 0
17231, 350, 6, 76, 0, 0, 13.52%, 0, 0, 6, 328.95, 3703568, 458, 0, 0
17236, 350, 28, 76, 0, 0, 13.52%, 0, 0, 6, 295.60, 3704940, 458, 0, 0
17241, 350, 75, 76, 0, 0, 13.52%, 0, 0, 6, 323.59, 3706490, 458, 0, 0
17246, 351, 75, 76, 0, 0, 13.52%, 0, 0, 6, 311.59, 3708054, 458, 0, 0
17251, 351, 2, 76, 0, 0, 13.52%, 0, 0, 6, 308.65, 3709580, 458, 0, 0
17256, 351, 26, 76, 0, 0, 13.52%, 0, 0, 6, 315.61, 3711034, 458, 0, 0
17262, 351, 20, 76, 0, 0, 13.52%, 0, 0, 6, 305.52, 3712568, 458, 0, 0
17267, 351, 72, 76, 0, 0, 13.52%, 0, 0, 6, 322.36, 3714146, 458, 0, 0
17272, 351, 26, 76, 0, 0, 13.52%, 0, 0, 6, 295.14, 3715595, 458, 0, 0
17277, 351, 75, 76, 0, 0, 13.52%, 0, 0, 6, 202.04, 3717112, 458, 0, 0
17282, 352, 24, 76, 0, 0, 13.52%, 0, 0, 6, 268.13, 3718535, 458, 0, 0
17287, 352, 26, 76, 0, 0, 13.52%, 0, 0, 6, 298.71, 3720055, 458, 0, 0
17292, 352, 59, 76, 0, 0, 13.52%, 0, 0, 6, 311.11, 3721456, 458, 0, 0
17297, 352, 4, 76, 0, 0, 13.52%, 0, 0, 6, 282.81, 3722980, 458, 0, 0
17302, 352, 12, 76, 0, 0, 13.52%, 0, 0, 6, 333.17, 3724422, 458, 0, 0
17307, 352, 24, 76, 0, 0, 13.52%, 0, 0, 6, 52.42, 3725842, 458, 0, 0
17313, 352, 46, 76, 0, 0, 13.52%, 0, 0, 6, 318.21, 3727356, 458, 0, 0
17318, 352, 75, 76, 0, 0, 13.52%, 0, 0, 6, 306.90, 3728810, 458, 0, 0
17323, 353, 54, 76, 0, 0, 13.52%, 0, 0, 6, 322.03, 3730358, 458, 0, 0
17328, 353, 75, 76, 0, 0, 13.52%, 0, 0, 6, 317.58, 3731790, 458, 0, 0
17333, 353, 75, 76, 0, 0, 13.52%, 0, 0, 6, 327.13, 3733222, 458, 0, 0
17338, 353, 28, 76, 0, 0, 13.52%, 0, 0, 6, 316.83, 3734674, 458, 0, 0
17343, 353, 6, 76, 0, 0, 13.52%, 0, 0, 6, 309.76, 3736210, 458, 0, 0
17348, 353, 28, 76, 0, 0, 13.52%, 0, 0, 6, 331.34, 3737662, 458, 0, 0
17354, 353, 75, 76, 0, 0, 13.52%, 0, 0, 6, 308.62, 3739110, 458, 0, 0
17359, 354, 12, 76, 0, 0, 13.52%, 0, 0, 6, 299.68, 3740656, 458, 0, 0
17364, 354, 75, 76, 0, 0, 13.52%, 0, 0, 6, 323.39, 3742162, 458, 0, 0
17369, 354, 26, 76, 0, 0, 13.52%, 0, 0, 6, 299.34, 3743575, 458, 0, 0
17374, 354, 51, 76, 0, 0, 13.52%, 0, 0, 6, 42.70, 3744982, 458, 0, 0
17379, 354, 23, 76, 0, 0, 13.52%, 0, 0, 6, 191.65, 3746543, 458, 0, 0
17384, 354, 6, 76, 0, 0, 13.52%, 0, 0, 6, 315.75, 3748040, 458, 0, 0
17389, 354, 26, 76, 0, 0, 13.52%, 0, 0, 6, 293.75, 3749485, 458, 0, 0
17395, 355, 75, 76, 0, 0, 13.52%, 0, 0, 6, 304.98, 3751022, 458, 0, 0
17400, 355, 17, 76, 0, 0, 13.52%, 0, 0, 6, 302.13, 3752462, 458, 0, 0
17405, 355, 75, 76, 0, 0, 13.52%, 0, 0, 6, 224.89, 3753902, 458, 0, 0
17410, 355, 75, 76, 0, 0, 13.52%, 0, 0, 6, 284.73, 3755430, 458, 0, 0
17415, 355, 71, 76, 0, 0, 13.52%, 0, 0, 6, 316.39, 3756874, 458, 0, 0
17420, 355, 75, 76, 0, 0, 13.52%, 0, 0, 6, 291.80, 3758305, 458, 0, 0
17425, 355, 71, 76, 0, 0, 13.52%, 0, 0, 6, 313.14, 3759749, 458, 0, 0
17430, 355, 75, 76, 0, 0, 13.52%, 0, 0, 6, 317.76, 3761286, 458, 0, 0
17435, 356, 2, 76, 0, 0, 13.52%, 0, 0, 6, 299.95, 3762730, 458, 0, 0
17441, 356, 55, 76, 0, 0, 13.52%, 0, 0, 6, 318.38, 3764156, 458, 0, 0
17446, 356, 28, 76, 0, 0, 13.52%, 0, 0, 6, 322.20, 3765692, 458, 0, 0
17451, 356, 29, 76, 0, 0, 13.52%, 0, 0, 6, 307.18, 3767110, 458, 0, 0
17456, 356, 75, 76, 0, 0, 13.52%, 0, 0, 6, 309.53, 3768534, 458, 0, 0
17461, 356, 75, 76, 0, 0, 13.52%, 0, 0, 6, 30.99, 3769247, 458, 0, 0
17466, 356, 12, 76, 0, 0, 13.52%, 0, 0, 6, 303.89, 3770174, 458, 0, 0
17471, 356, 55, 76, 0, 0, 13.52%, 0, 0, 6, 257.97, 3771185, 458, 0, 0
17476, 356, 17, 76, 0, 0, 13.52%, 0, 0, 6, 32.70, 3772144, 458, 0, 0
17481, 357, 7, 76, 0, 0, 13.52%, 0, 0, 6, 31.37, 3773368, 458, 0, 0
17486, 357, 20, 76, 0, 0, 13.52%, 0, 0, 6, 31.17, 3774517, 458, 0, 0
17492, 357, 73, 76, 0, 0, 13.52%, 0, 0, 6, 31.25, 3775620, 458, 0, 0
17497, 357, 75, 76, 0, 0, 13.52%, 0, 0, 6, 320.63, 3776717, 458, 0, 0
17502, 357, 17, 76, 0, 0, 13.52%, 0, 0, 6, 302.25, 3777609, 458, 0, 0
17507, 357, 75, 76, 0, 0, 13.52%, 0, 0, 6, 318.71, 3778493, 458, 0, 0
17512, 357, 46, 76, 0, 0, 13.52%, 0, 0, 6, 226.95, 3779433, 458, 0, 0
17517, 357, 12, 76, 0, 0, 13.52%, 0, 0, 6, 225.08, 3780301, 458, 0, 0
17522, 357, 2, 76, 0, 0, 13.52%, 0, 0, 6, 185.00, 3781165, 458, 0, 0
17527, 357, 4, 76, 0, 0, 13.52%, 0, 0, 6, 30.96, 3782111, 458, 0, 0
17533, 358, 28, 76, 0, 0, 13.52%, 0, 0, 6, 31.00, 3783069, 458, 0, 0
17538, 358, 17, 76, 0, 0, 13.52%, 0, 0, 6, 30.31, 3784134, 458, 0, 0
17543, 358, 55, 76, 0, 0, 13.52%, 0, 0, 6, 320.78, 3785155, 458, 0, 0
17548, 358, 6, 76, 0, 0, 13.52%, 0, 0, 6, 301.67, 3785979, 458, 0, 0
17553, 358, 26, 76, 0, 0, 13.52%, 0, 0, 6, 261.69, 3786630, 458, 0, 0
17558, 358, 2, 76, 0, 0, 13.52%, 0, 0, 6, 30.38, 3787394, 458, 0, 0
17564, 358, 75, 76, 0, 0, 13.52%, 0, 0, 6, 31.44, 3788453, 458, 0, 0
17569, 358, 28, 76, 0, 0, 13.52%, 0, 0, 6, 31.50, 3789479, 458, 0, 0
17574, 358, 75, 76, 0, 0, 13.52%, 0, 0, 6, 254.43, 3790337, 458, 0, 0
17579, 358, 2, 76, 0, 0, 13.52%, 0, 0, 6, 300.14, 3790920, 458, 0, 0
17584, 358, 20, 76, 0, 0, 13.52%, 0, 0, 6, 31.40, 3791622, 458, 0, 0
17589, 358, 54, 76, 0, 0, 13.52%, 0, 0, 6, 31.33, 3792551, 458, 0, 0
17594, 358, 75, 76, 0, 0, 13.52%, 0, 0, 6, 31.76, 3793498, 458, 0, 0
17600, 358, 75, 76, 0, 0, 13.52%, 0, 0, 6, 314.89, 3794431, 458, 0, 0
17605, 358, 75, 76, 0, 0, 13.52%, 0, 0, 6, 329.77, 3795103, 458, 0, 0
17610, 358, 5, 76, 0, 0, 13.52%, 0, 0, 6, 318.95, 3795685, 458, 0, 0
17615, 359, 54, 76, 0, 0, 13.52%, 0, 0, 6, 30.96, 3796479, 458, 0, 0
17620, 359, 46, 76, 0, 0, 13.52%, 0, 0, 6, 31.18, 3797384, 458, 0, 0
17625, 359, 75, 76, 0, 0, 13.52%, 0, 0, 6, 302.47, 3798315, 458, 0, 0
17630, 359, 38, 76, 0, 0, 13.52%, 0, 0, 6, 318.04, 3798855, 458, 0, 0
17635, 359, 17, 76, 0, 0, 13.52%, 0, 0, 6, 222.77, 3799431, 458, 0, 0
17640, 359, 59, 76, 0, 0, 13.52%, 0, 0, 6, 31.86, 3800252, 458, 0, 0
17645, 359, 2, 76, 0, 0, 13.52%, 0, 0, 6, 30.80, 3801150, 458, 0, 0
17650, 359, 75, 76, 0, 0, 13.52%, 0, 0, 6, 31.58, 3802029, 458, 0, 0
17656, 359, 75, 76, 0, 0, 13.52%, 0, 0, 6, 329.82, 3802835, 458, 0, 0
17661, 359, 75, 76, 0, 0, 13.52%, 0, 0, 6, 323.56, 3803443, 458, 0, 0
17666, 359, 17, 76, 0, 0, 13.52%, 0, 0, 6, 31.57, 3803943, 458, 0, 0
17671, 359, 4, 76, 0, 0, 13.52%, 0, 0, 6, 30.65, 3804785, 458, 0, 0
17676, 359, 75, 76, 0, 0, 13.52%, 0, 0, 6, 30.82, 3805620, 458, 0, 0
17681, 359, 55, 76, 0, 0, 13.52%, 0, 0, 6, 30.38, 3806499, 458, 0, 0
17686, 359, 75, 76, 0, 0, 13.52%, 0, 0, 6, 321.51, 3807091, 458, 0, 0
17691, 360, 26, 76, 0, 0, 13.52%, 0, 0, 6, 325.14, 3807703, 458, 0, 0
17697, 360, 75, 76, 0, 0, 13.52%, 0, 0, 6, 31.42, 3808354, 458, 0, 0
17702, 360, 20, 76, 0, 0, 13.52%, 0, 0, 6, 31.58, 3809223, 458, 0, 0
17707, 360, 75, 76, 0, 0, 13.52%, 0, 0, 6, 31.22, 3810045, 458, 0, 0
17712, 360, 26, 76, 0, 0, 13.52%, 0, 0, 6, 31.39, 3810880, 458, 0, 0
17717, 360, 28, 76, 0, 0, 13.52%, 0, 0, 6, 291.00, 3811680, 458, 0, 0
17722, 360, 4, 76, 0, 0, 13.52%, 0, 0, 6, 320.67, 3812255, 458, 0, 0
17727, 360, 17, 76, 0, 0, 13.52%, 0, 0, 6, 304.23, 3812837, 458, 0, 0
17733, 360, 20, 76, 0, 0, 13.52%, 0, 0, 6, 37.18, 3813451, 458, 0, 0
17738, 360, 75, 76, 0, 0, 13.52%, 0, 0, 6, 31.43, 3814280, 458, 0, 0
17743, 360, 75, 76, 0, 0, 13.52%, 0, 0, 6, 31.42, 3815123, 458, 0, 0
17748, 360, 75, 76, 0, 0, 13.52%, 0, 0, 6, 31.44, 3815959, 458, 0, 0
17753, 360, 28, 76, 0, 0, 13.52%, 0, 0, 6, 30.30, 3816785, 458, 0, 0
17759, 360, 4, 76, 0, 0, 13.52%, 0, 0, 6, 332.15, 3817491, 458, 0, 0
17764, 360, 6, 76, 0, 0, 13.52%, 0, 0, 6, 227.63, 3818081, 458, 0, 0
17769, 361, 51, 76, 0, 0, 13.52%, 0, 0, 6, 31.31, 3818581, 458, 0, 0
17774, 361, 12, 76, 0, 0, 13.52%, 0, 0, 6, 31.14, 3819480, 458, 0, 0
17779, 361, 7, 76, 0, 0, 13.52%, 0, 0, 6, 30.30, 3820415, 458, 0, 0
17784, 361, 5, 76, 0, 0, 13.52%, 0, 0, 6, 326.23, 3820955, 458, 0, 0
17789, 361, 7, 76, 0, 0, 13.52%, 0, 0, 6, 31.34, 3821466, 458, 0, 0
17794, 361, 2, 76, 0, 0, 13.52%, 0, 0, 6, 33.69, 3822345, 458, 0, 0
17800, 361, 28, 76, 0, 0, 13.52%, 0, 0, 6, 31.15, 3823212, 458, 0, 0
17805, 361, 70, 76, 0, 0, 13.52%, 0, 0, 6, 319.09, 3823985, 458, 0, 0
17810, 361, 28, 76, 0, 0, 13.52%, 0, 0, 6, 190.88, 3824425, 458, 0, 0
17815, 361, 6, 76, 0, 0, 13.52%, 0, 0, 6, 31.41, 3825176, 458, 0, 0
17820, 361, 54, 76, 0, 0, 13.52%, 0, 0, 6, 31.50, 3826047, 458, 0, 0
17825, 361, 75, 76, 0, 0, 13.52%, 0, 0, 6, 31.69, 3826933, 458, 0, 0
17831, 361, 75, 76, 0, 0, 13.52%, 0, 0, 6, 326.25, 3827611, 458, 0, 0
17836, 361, 6, 76, 0, 0, 13.52%, 0, 0, 6, 327.88, 3828067, 458, 0, 0
17841, 362, 26, 76, 0, 0, 13.52%, 0, 0, 6, 30.80, 3828826, 458, 0, 0
17846, 362, 26, 76, 0, 0, 13.52%, 0, 0, 6, 31.43, 3829670, 458, 0, 0
17851, 362, 6, 76, 0, 0, 13.52%, 0, 0, 6, 56.14, 3830531, 458, 0, 0
17856, 362, 17, 76, 0, 0, 13.52%, 0, 0, 6, 322.45, 3831015, 458, 0, 0
17861, 362, 9, 76, 0, 0, 13.52%, 0, 0, 6, 31.34, 3831542, 458, 0, 0
17866, 362, 12, 76, 0, 0, 13.52%, 0, 0, 6, 31.29, 3832361, 458, 0, 0
17871, 362, 5, 76, 0, 0, 13.52%, 0, 0, 6, 31.10, 3833200, 458, 0, 0
17876, 362, 4, 76, 0, 0, 13.52%, 0, 0, 6, 33.15, 3834049, 458, 0, 0
17881, 362, 6, 76, 0, 0, 13.52%, 0, 0, 6, 318.18, 3834637, 458, 0, 0
17886, 362, 75, 76, 0, 0, 13.52%, 0, 0, 6, 330.00, 3835116, 458, 0, 0
17891, 362, 54, 76, 0, 0, 13.52%, 0, 0, 6, 31.62, 3835899, 458, 0, 0
17896, 362, 2, 76, 0, 0, 13.52%, 0, 0, 6, 40.57, 3836742, 458, 0, 0
17902, 362, 5, 76, 0, 0, 13.52%, 0, 0, 6, 30.30, 3837595, 458, 0, 0
17907, 362, 26, 76, 0, 0, 13.52%, 0, 0, 6, 292.31, 3838290, 458, 0, 0
17912, 363, 7, 76, 0, 0, 13.52%, 0, 0, 6, 320.64, 3838809, 458, 0, 0
17917, 363, 54, 76, 0, 0, 13.52%, 0, 0, 6, 31.35, 3839377, 458, 0, 0
17922, 363, 75, 76, 0, 0, 13.52%, 0, 0, 6, 30.53, 3840175, 458, 0, 0
17927, 363, 4, 76, 0, 0, 13.52%, 0, 0, 6, 31.34, 3841010, 458, 0, 0
17932, 363, 51, 76, 0, 0, 13.52%, 0, 0, 6, 30.38, 3841817, 458, 0, 0
17937, 363, 75, 76, 0, 0, 13.52%, 0, 0, 6, 302.48, 3842631, 458, 0, 0
17942, 363, 7, 76, 0, 0, 13.52%, 0, 0, 6, 327.37, 3843225, 458, 0, 0
17947, 363, 75, 76, 0, 0, 13.52%, 0, 0, 6, 331.18, 3843791, 458, 0, 0
17953, 363, 2, 76, 0, 0, 13.52%, 0, 0, 6, 31.15, 3844441, 458, 0, 0
17958, 363, 75, 76, 0, 0, 13.52%, 0, 0, 6, 31.32, 3845259, 458, 0, 0
17963, 363, 33, 76, 0, 0, 13.52%, 0, 0, 6, 31.34, 3846091, 458, 0, 0
17968, 363, 13, 76, 0, 0, 13.52%, 0, 0, 6, 30.81, 3846902, 458, 0, 0
17973, 363, 4, 76, 0, 0, 13.52%, 0, 0, 6, 309.94, 3847715, 458, 0, 0
17978, 364, 4, 76, 0, 0, 13.52%, 0, 0, 6, 328.39, 3848321, 458, 0, 0
17983, 364, 75, 76, 0, 0, 13.52%, 0, 0, 6, 322.97, 3848875, 458, 0, 0
17988, 364, 26, 76, 0, 0, 13.52%, 0, 0, 6, 31.42, 3849484, 458, 0, 0
17994, 364, 66, 76, 0, 0, 13.52%, 0, 0, 6, 41.51, 3850308, 458, 0, 0
17999, 364, 2, 76, 0, 0, 13.52%, 0, 0, 6, 31.25, 3851243, 458, 0, 0
18004, 364, 26, 76, 0, 0, 13.52%, 0, 0, 6, 257.08, 3852095, 458, 0, 0
18009, 364, 51, 76, 0, 0, 13.52%, 0, 0, 6, 255.73, 3852625, 458, 0, 0
18014, 364, 39, 76, 0, 0, 13.52%, 0, 0, 6, 31.42, 3853135, 458, 0, 0
18019, 364, 12, 76, 0, 0, 13.52%, 0, 0, 6, 35.28, 3854003, 458, 0, 0
18024, 364, 4, 76, 0, 0, 13.52%, 0, 0, 6, 31.28, 3854869, 458, 0, 0
18029, 364, 75, 76, 0, 0, 13.52%, 0, 0, 6, 331.55, 3855639, 458, 0, 0
18034, 364, 26, 76, 0, 0, 13.52%, 0, 0, 6, 201.88, 3856067, 458, 0, 0
18039, 364, 19, 76, 0, 0, 13.52%, 0, 0, 6, 36.01, 3856771, 458, 0, 0
18045, 364, 2, 76, 0, 0, 13.52%, 0, 0, 6, 31.27, 3857657, 458, 0, 0
18050, 364, 13, 76, 0, 0, 13.52%, 0, 0, 6, 31.41, 3858509, 458, 0, 0
18055, 365, 6, 76, 0, 0, 13.52%, 0, 0, 6, 320.31, 3859112, 458, 0, 0
18060, 365, 7, 76, 0, 0, 13.52%, 0, 0, 6, 31.05, 3859529, 458, 0, 0
18065, 365, 24, 76, 0, 0, 13.52%, 0, 0, 6, 33.96, 3860382, 458, 0, 0
18070, 365, 75, 76, 0, 0, 13.52%, 0, 0, 6, 31.23, 3861271, 458, 0, 0
18075, 365, 28, 76, 0, 0, 13.52%, 0, 0, 6, 325.86, 3862066, 458, 0, 0
18080, 365, 4, 76, 0, 0, 13.52%, 0, 0, 6, 322.16, 3862518, 458, 0, 0
18086, 365, 75, 76, 0, 0, 13.52%, 0, 0, 6, 31.38, 3863183, 458, 0, 0
18091, 365, 75, 76, 0, 0, 13.52%, 0, 0, 6, 31.39, 3864033, 458, 0, 0
18096, 365, 75, 76, 0, 0, 13.52%, 0, 0, 6, 31.53, 3864886, 458, 0, 0
18101, 365, 26, 76, 0, 0, 13.52%, 0, 0, 6, 316.32, 3865700, 458, 0, 0
18106, 365, 5, 76, 0, 0, 13.52%, 0, 0, 6, 322.42, 3866230, 458, 0, 0
18111, 365, 59, 76, 0, 0, 13.52%, 0, 0, 6, 325.00, 3866706, 458, 0, 0
18116, 365, 51, 76, 0, 0, 13.52%, 0, 0, 6, 31.31, 3867437, 458, 0, 0
18121, 365, 5, 76, 0, 0, 13.52%, 0, 0, 6, 31.11, 3868255, 458, 0, 0
18127, 365, 54, 76, 0, 0, 13.52%, 0, 0, 6, 30.41, 3869113, 458, 0, 0
18132, 366, 6, 76, 0, 0, 13.52%, 0, 0, 6, 322.64, 3869778, 458, 0, 0
18137, 366, 10, 76, 0, 0, 13.52%, 0, 0, 6, 193.01, 3870357, 458, 0, 0
18142, 366, 75, 76, 0, 0, 13.52%, 0, 0, 6, 35.27, 3870914, 458, 0, 0
18147, 366, 67, 76, 0, 0, 13.52%, 0, 0, 6, 31.45, 3871718, 458, 0, 0
18152, 366, 54, 76, 0, 0, 13.52%, 0, 0, 6, 30.95, 3872522, 458, 0, 0
18157, 366, 75, 76, 0, 0, 13.52%, 0, 0, 6, 31.56, 3873336, 458, 0, 0
18162, 366, 75, 76, 0, 0, 13.52%, 0, 0, 6, 298.59, 3873985, 458, 0, 0
18167, 366, 75, 76, 0, 0, 13.52%, 0, 0, 6, 196.57, 3874522, 458, 0, 0
18173, 366, 26, 76, 0, 0, 13.52%, 0, 0, 6, 31.21, 3875117, 458, 0, 0
18178, 366, 6, 76, 0, 0, 13.52%, 0, 0, 6, 31.22, 3875911, 458, 0, 0
18183, 366, 75, 76, 0, 0, 13.52%, 0, 0, 6, 30.54, 3876701, 458, 0, 0
18188, 366, 28, 76, 0, 0, 13.52%, 0, 0, 6, 30.97, 3877493, 458, 0, 0
18193, 366, 51, 76, 0, 0, 13.52%, 0, 0, 6, 318.34, 3878255, 458, 0, 0
18198, 366, 33, 76, 0, 0, 13.52%, 0, 0, 6, 319.14, 3878741, 458, 0, 0
18203, 366, 28, 76, 0, 0, 13.52%, 0, 0, 6, 223.93, 3879295, 458, 0, 0
18208, 367, 72, 76, 0, 0, 13.52%, 0, 0, 6, 31.44, 3879926, 458, 0, 0
18213, 367, 5, 76, 0, 0, 13.52%, 0, 0, 6, 31.34, 3880744, 458, 0, 0
18219, 367, 75, 76, 0, 0, 13.52%, 0, 0, 6, 30.39, 3881510, 458, 0, 0
18224, 367, 6, 76, 0, 0, 13.52%, 0, 0, 6, 44.26, 3882302, 458, 0, 0
18229, 367, 75, 76, 0, 0, 13.52%, 0, 0, 6, 266.18, 3883000, 458, 0, 0
18234, 367, 6, 76, 0, 0, 13.52%, 0, 0, 6, 32.44, 3883345, 458, 0, 0
18239, 367, 75, 76, 0, 0, 13.52%, 0, 0, 6, 30.96, 3884217, 458, 0, 0
18244, 367, 55, 76, 0, 0, 13.52%, 0, 0, 6, 31.38, 3885088, 458, 0, 0
18249, 367, 5, 76, 0, 0, 13.52%, 0, 0, 6, 323.31, 3885871, 458, 0, 0
18254, 367, 5, 76, 0, 0, 13.52%, 0, 0, 6, 328.76, 3886299, 458, 0, 0
18260, 367, 26, 76, 0, 0, 13.52%, 0, 0, 6, 30.82, 3886978, 458, 0, 0
18265, 367, 74, 76, 0, 0, 13.52%, 0, 0, 6, 30.40, 3887827, 458, 0, 0
18270, 367, 26, 76, 0, 0, 13.52%, 0, 0, 6, 30.65, 3888652, 458, 0, 0
18275, 367, 6, 76, 0, 0, 13.52%, 0, 0, 6, 323.56, 3889305, 458, 0, 0
18280, 368, 75, 76, 0, 0, 13.52%, 0, 0, 6, 34.57, 3889679, 458, 0, 0
18285, 368, 75, 76, 0, 0, 13.52%, 0, 0, 6, 30.74, 3890521, 458, 0, 0
18290, 368, 51, 76, 0, 0, 13.52%, 0, 0, 6, 31.56, 3891393, 458, 0, 0
18295, 368, 7, 76, 0, 0, 13.52%, 0, 0, 6, 314.90, 3892229, 458, 0, 0
18301, 368, 5, 76, 0, 0, 13.52%, 0, 0, 6, 324.69, 3892759, 458, 0, 0
18306, 368, 75, 76, 0, 0, 13.52%, 0, 0, 6, 31.49, 3893252, 458, 0, 0
18311, 368, 28, 76, 0, 0, 13.52%, 0, 0, 6, 30.75, 3894092, 458, 0, 0
18316, 368, 75, 76, 0, 0, 13.52%, 0, 0, 6, 49.79, 3894972, 458, 0, 0
18321, 368, 26, 76, 0, 0, 13.52%, 0, 0, 6, 320.75, 3895687, 458, 0, 0
18326, 368, 5, 76, 0, 0, 13.52%, 0, 0, 6, 246.97, 3896143, 458, 0, 0
18331, 368, 26, 76, 0, 0, 13.52%, 0, 0, 6, 31.32, 3896841, 458, 0, 0
18336, 368, 17, 76, 0, 0, 13.52%, 0, 0, 6, 31.37, 3897661, 458, 0, 0
18342, 368, 6, 76, 0, 0, 13.52%, 0, 0, 6, 30.94, 3898475, 458, 0, 0
18347, 368, 7, 76, 0, 0, 13.52%, 0, 0, 6, 323.42, 3899441, 458, 0, 0
18352, 368, 75, 76, 0, 0, 13.52%, 0, 0, 6, 330.26, 3900673, 458, 0, 0
18357, 369, 4, 76, 0, 0, 13.52%, 0, 0, 6, 320.43, 3902335, 458, 0, 0
18362, 369, 75, 76, 0, 0, 13.52%, 0, 0, 6, 313.31, 3903899, 458, 0, 0
18367, 369, 75, 76, 0, 0, 13.52%, 0, 0, 6, 309.20, 3905455, 458, 0, 0
18372, 369, 20, 76, 0, 0, 13.52%, 0, 0, 6, 272.35, 3906780, 458, 0, 0
18377, 369, 2, 76, 0, 0, 13.52%, 0, 0, 6, 250.72, 3908030, 458, 0, 0
18382, 369, 20, 76, 0, 0, 13.52%, 0, 0, 6, 293.40, 3909615, 458, 0, 0
18387, 369, 75, 76, 0, 0, 13.52%, 0, 0, 6, 304.28, 3911155, 458, 0, 0
18393, 369, 75, 76, 0, 0, 13.52%, 0, 0, 6, 304.39, 3912717, 458, 0, 0
18398, 370, 5, 76, 0, 0, 13.52%, 0, 0, 6, 288.65, 3914180, 458, 0, 0
18403, 370, 2, 76, 0, 0, 13.52%, 0, 0, 6, 264.14, 3915505, 458, 0, 0
18408, 370, 5, 76, 0, 0, 13.52%, 0, 0, 6, 298.06, 3917060, 458, 0, 0
18413, 370, 75, 76, 0, 0, 13.52%, 0, 0, 6, 304.83, 3918609, 458, 0, 0
18418, 370, 2, 76, 0, 0, 13.52%, 0, 0, 6, 306.35, 3920165, 458, 0, 0
18423, 370, 75, 76, 0, 0, 13.52%, 0, 0, 6, 283.97, 3921635, 458, 0, 0
18428, 370, 6, 76, 0, 0, 13.52%, 0, 0, 6, 302.06, 3923171, 458, 0, 0
18433, 371, 61, 76, 0, 0, 13.52%, 0, 0, 6, 310.20, 3924735, 458, 0, 0
18438, 371, 5, 76, 0, 0, 13.52%, 0, 0, 6, 310.33, 3926299, 458, 0, 0
18443, 371, 75, 76, 0, 0, 13.52%, 0, 0, 6, 310.39, 3927923, 458, 0, 0
18448, 371, 75, 76, 0, 0, 13.52%, 0, 0, 6, 309.69, 3929457, 458, 0, 0
18453, 371, 6, 76, 0, 0, 13.52%, 0, 0, 6, 315.89, 3931041, 458, 0, 0
18458, 371, 54, 76, 0, 0, 13.52%, 0, 0, 6, 313.48, 3932613, 458, 0, 0
18464, 371, 12, 76, 0, 0, 13.52%, 0, 0, 6, 315.81, 3934247, 458, 0, 0
18469, 372, 72, 76, 0, 0, 13.52%, 0, 0, 6, 308.83, 3935787, 458, 0, 0
18474, 372, 6, 76, 0, 0, 13.52%, 0, 0, 6, 313.61, 3937365, 458, 0, 0
18479, 372, 26, 76, 0, 0, 13.52%, 0, 0, 6, 317.45, 3939005, 458, 0, 0
18484, 372, 75, 76, 0, 0, 13.52%, 0, 0, 6, 315.32, 3940639, 458, 0, 0
18489, 372, 26, 76, 0, 0, 13.52%, 0, 0, 6, 306.11, 3942123, 458, 0, 0
18494, 372, 12, 76, 0, 0, 13.52%, 0, 0, 6, 314.36, 3943753, 458, 0, 0
18500, 372, 6, 76, 0, 0, 13.52%, 0, 0, 6, 313.83, 3945387, 458, 0, 0
18505, 373, 17, 76, 0, 0, 13.52%, 0, 0, 6, 316.00, 3947017, 458, 0, 0
18510, 373, 7, 76, 0, 0, 13.52%, 0, 0, 6, 301.90, 3948535, 458, 0, 0
18515, 373, 75, 76, 0, 0, 13.52%, 0, 0, 6, 313.48, 3950163, 458, 0, 0
18520, 373, 26, 76, 0, 0, 13.52%, 0, 0, 6, 319.40, 3951799, 458, 0, 0
18525, 373, 46, 76, 0, 0, 13.52%, 0, 0, 6, 315.28, 3953429, 458, 0, 0
18531, 373, 75, 76, 0, 0, 13.52%, 0, 0, 6, 305.04, 3954959, 458, 0, 0
18536, 373, 6, 76, 0, 0, 13.52%, 0, 0, 6, 316.44, 3956617, 458, 0, 0
18541, 374, 75, 76, 0, 0, 13.52%, 0, 0, 6, 312.43, 3958167, 458, 0, 0
18546, 374, 5, 76, 0, 0, 13.52%, 0, 0, 6, 315.69, 3959753, 458, 0, 0
18551, 374, 60, 76, 0, 0, 13.52%, 0, 0, 6, 298.30, 3961225, 458, 0, 0
18556, 374, 12, 76, 0, 0, 13.52%, 0, 0, 6, 314.52, 3962875, 458, 0, 0
18561, 374, 12, 76, 0, 0, 13.52%, 0, 0, 6, 315.17, 3964517, 458, 0, 0
18566, 374, 4, 76, 0, 0, 13.52%, 0, 0, 6, 314.38, 3966140, 458, 0, 0
18571, 375, 75, 76, 0, 0, 13.52%, 0, 0, 6, 297.51, 3967670, 458, 0, 0
18577, 375, 2, 76, 0, 0, 13.52%, 0, 0, 6, 317.31, 3969328, 458, 0, 0
18582, 375, 75, 76, 0, 0, 13.52%, 0, 0, 6, 318.55, 3970974, 458, 0, 0
18587, 375, 5, 76, 0, 0, 13.52%, 0, 0, 6, 316.34, 3972534, 458, 0, 0
18592, 375, 26, 76, 0, 0, 13.52%, 0, 0, 6, 293.96, 3974070, 458, 0, 0
18597, 375, 26, 76, 0, 0, 13.52%, 0, 0, 6, 312.90, 3975722, 458, 0, 0
18602, 375, 59, 76, 0, 0, 13.52%, 0, 0, 6, 316.50, 3977362, 458, 0, 0
18608, 375, 73, 76, 0, 0, 13.52%, 0, 0, 6, 317.24, 3979000, 458, 0, 0
18613, 376, 2, 76, 0, 0, 13.52%, 0, 0, 6, 287.67, 3980480, 458, 0, 0
18618, 376, 75, 76, 0, 0, 13.52%, 0, 0, 6, 314.81, 3982130, 458, 0, 0
18623, 376, 75, 76, 0, 0, 13.52%, 0, 0, 6, 317.79, 3983736, 458, 0, 0
18628, 376, 75, 76, 0, 0, 13.52%, 0, 0, 6, 316.26, 3985364, 458, 0, 0
18633, 376, 39, 76, 0, 0, 13.52%, 0, 0, 6, 295.86, 3986850, 458, 0, 0
18638, 376, 75, 76, 0, 0, 13.52%, 0, 0, 6, 314.79, 3988468, 458, 0, 0
18643, 376, 26, 76, 0, 0, 13.52%, 0, 0, 6, 320.43, 3990128, 458, 0, 0
18648, 377, 20, 76, 0, 0, 13.52%, 0, 0, 6, 316.28, 3991750, 458, 0, 0
18654, 377, 2, 76, 0, 0, 13.52%, 0, 0, 6, 42.70, 3993186, 458, 0, 0
18659, 377, 75, 76, 0, 0, 13.52%, 0, 0, 6, 303.99, 3994732, 458, 0, 0
18664, 377, 75, 76, 0, 0, 13.52%, 0, 0, 6, 302.78, 3996264, 458, 0, 0
18669, 377, 7, 76, 0, 0, 13.52%, 0, 0, 6, 320.82, 3997804, 458, 0, 0
18674, 377, 75, 76, 0, 0, 13.52%, 0, 0, 6, 330.87, 3999246, 458, 0, 0
18679, 377, 75, 76, 0, 0, 13.52%, 0, 0, 6, 298.74, 4000675, 458, 0, 0
18684, 378, 75, 76, 0, 0, 13.52%, 0, 0, 6, 318.11, 4002352, 458, 0, 0
18689, 378, 6, 76, 0, 0, 13.52%, 0, 0, 6, 298.51, 4003764, 458, 0, 0
18695, 378, 6, 76, 0, 0, 13.52%, 0, 0, 6, 318.59, 4005304, 458, 0, 0
18700, 378, 5, 76, 0, 0, 13.52%, 0, 0, 6, 312.48, 4006856, 458, 0, 0
18705, 378, 26, 76, 0, 0, 13.52%, 0, 0, 6, 293.86, 4008330, 458, 0, 0
18710, 378, 26, 76, 0, 0, 13.52%, 0, 0, 6, 303.61, 4009886, 458, 0, 0
18715, 378, 16, 76, 0, 0, 13.52%, 0, 0, 6, 307.54, 4011416, 458, 0, 0
18720, 379, 75, 76, 0, 0, 13.52%, 0, 0, 6, 293.13, 4012830, 458, 0, 0
18725, 379, 5, 76, 0, 0, 13.52%, 0, 0, 6, 302.36, 4014374, 458, 0, 0
18730, 379, 2, 76, 0, 0, 13.52%, 0, 0, 6, 320.77, 4015898, 458, 0, 0
18735, 379, 24, 76, 0, 0, 13.52%, 0, 0, 6, 296.86, 4017320, 458, 0, 0
18740, 379, 5, 76, 0, 0, 13.52%, 0, 0, 6, 305.14, 4018862, 458, 0, 0
18746, 379, 75, 76, 0, 0, 13.52%, 0, 0, 6, 327.75, 4020404, 458, 0, 0
18751, 379, 12, 76, 0, 0, 13.52%, 0, 0, 6, 212.87, 4021817, 458, 0, 0
18756, 380, 26, 76, 0, 0, 13.52%, 0, 0, 6, 318.31, 4023334, 458, 0, 0
18761, 380, 33, 76, 0, 0, 13.52%, 0, 0, 6, 319.23, 4024846, 458, 0, 0
18766, 380, 2, 76, 0, 0, 13.52%, 0, 0, 6, 315.84, 4026286, 458, 0, 0
18771, 380, 75, 76, 0, 0, 13.52%, 0, 0, 6, 310.04, 4027810, 458, 0, 0
18776, 380, 75, 76, 0, 0, 13.52%, 0, 0, 6, 326.73, 4029258, 458, 0, 0
18781, 380, 4, 76, 0, 0, 13.52%, 0, 0, 6, 316.89, 4030804, 458, 0, 0
18786, 381, 26, 76, 0, 0, 13.52%, 0, 0, 6, 285.68, 4032250, 458, 0, 0
18792, 381, 6, 76, 0, 0, 13.52%, 0, 0, 6, 303.66, 4033810, 458, 0, 0
18797, 381, 2, 76, 0, 0, 13.52%, 0, 0, 6, 325.63, 4035316, 458, 0, 0
18802, 381, 51, 76, 0, 0, 13.52%, 0, 0, 6, 325.14, 4036850, 458, 0, 0
18807, 381, 75, 76, 0, 0, 13.52%, 0, 0, 6, 334.09, 4038280, 458, 0, 0
18812, 381, 23, 76, 0, 0, 13.52%, 0, 0, 6, 310.35, 4039834, 458, 0, 0
18817, 381, 60, 76, 0, 0, 13.52%, 0, 0, 6, 309.11, 4041280, 458, 0, 0
18822, 382, 24, 76, 0, 0, 13.52%, 0, 0, 6, 302.65, 4042722, 458, 0, 0
18827, 382, 75, 76, 0, 0, 13.52%, 0, 0, 6, 321.73, 4044286, 458, 0, 0
18832, 382, 26, 76, 0, 0, 13.52%, 0, 0, 6, 326.68, 4045686, 458, 0, 0
18837, 382, 20, 76, 0, 0, 13.52%, 0, 0, 6, 38.10, 4047098, 458, 0, 0
18842, 382, 75, 76, 0, 0, 13.52%, 0, 0, 6, 296.03, 4048554, 458, 0, 0
18848, 382, 17, 76, 0, 0, 13.52%, 0, 0, 6, 318.13, 4050168, 458, 0, 0
18853, 382, 26, 76, 0, 0, 13.52%, 0, 0, 6, 329.24, 4051568, 458, 0, 0
18858, 383, 45, 76, 0, 0, 13.52%, 0, 0, 6, 300.87, 4053086, 458, 0, 0
18863, 383, 6, 76, 0, 0, 13.52%, 0, 0, 6, 325.75, 4054616, 458, 0, 0
18868, 383, 75, 76, 0, 0, 13.52%, 0, 0, 6, 320.07, 4056074, 458, 0, 0
18873, 383, 28, 76, 0, 0, 13.52%, 0, 0, 6, 41.38, 4057510, 458, 0, 0
18878, 383, 2, 76, 0, 0, 13.52%, 0, 0, 6, 317.59, 4059050, 458, 0, 0
18883, 383, 5, 76, 0, 0, 13.52%, 0, 0, 6, 317.81, 4060492, 458, 0, 0
18888, 383, 2, 76, 0, 0, 13.52%, 0, 0, 6, 304.97, 4061910, 458, 0, 0
18894, 383, 64, 76, 0, 0, 13.52%, 0, 0, 6, 324.69, 4063446, 458, 0, 0
18899, 383, 75, 76, 0, 0, 13.52%, 0, 0, 6, 297.75, 4064865, 458, 0, 0
18904, 384, 75, 76, 0, 0, 13.52%, 0, 0, 6, 313.39, 4066526, 458, 0, 0
18909, 384, 12, 76, 0, 0, 13.52%, 0, 0, 6, 314.33, 4067968, 458, 0, 0
18914, 384, 29, 76, 0, 0, 13.52%, 0, 0, 6, 297.19, 4069410, 458, 0, 0
18919, 384, 75, 76, 0, 0, 13.52%, 0, 0, 6, 295.51, 4070880, 458, 0, 0
18925, 384, 75, 76, 0, 0, 13.52%, 0, 0, 6, 301.71, 4072442, 458, 0, 0
18930, 384, 6, 76, 0, 0, 13.52%, 0, 0, 6, 330.10, 4073880, 458, 0, 0
18935, 384, 6, 76, 0, 0, 13.52%, 0, 0, 6, 295.74, 4075315, 458, 0, 0
18940, 385, 75, 76, 0, 0, 13.52%, 0, 0, 6, 316.15, 4076924, 458, 0, 0
18945, 385, 5, 76, 0, 0, 13.52%, 0, 0, 6, 302.41, 4078350, 458, 0, 0
18950, 385, 26, 76, 0, 0, 13.52%, 0, 0, 6, 31.00, 4079329, 458, 0, 0
18955, 385, 26, 76, 0, 0, 13.52%, 0, 0, 6, 215.17, 4079870, 458, 0, 0
18960, 385, 75, 76, 0, 0, 13.52%, 0, 0, 6, 33.85, 4080936, 458, 0, 0
18965, 385, 6, 76, 0, 0, 13.52%, 0, 0, 6, 31.33, 4082275, 458, 0, 0
18970, 385, 6, 76, 0, 0, 13.52%, 0, 0, 6, 286.65, 4083425, 458, 0, 0
18976, 385, 75, 76, 0, 0, 13.52%, 0, 0, 6, 299.31, 4084350, 458, 0, 0
18981, 385, 75, 76, 0, 0, 13.52%, 0, 0, 6, 326.41, 4085302, 458, 0, 0
18986, 386, 5, 76, 0, 0, 13.52%, 0, 0, 6, 281.28, 4086210, 458, 0, 0
18991, 386, 55, 76, 0, 0, 13.52%, 0, 0, 6, 262.38, 4087128, 458, 0, 0
18996, 386, 12, 76, 0, 0, 13.52%, 0, 0, 6, 30.47, 4088139, 458, 0, 0
19001, 386, 75, 76, 0, 0, 13.52%, 0, 0, 6, 31.61, 4089181, 458, 0, 0
19006, 386, 5, 76, 0, 0, 13.52%, 0, 0, 6, 50.99, 4090175, 458, 0, 0
19012, 386, 5, 76, 0, 0, 13.52%, 0, 0, 6, 31.32, 4091218, 458, 0, 0
19017, 386, 26, 76, 0, 0, 13.52%, 0, 0, 6, 31.25, 4092234, 458, 0, 0
19022, 386, 15, 76, 0, 0, 13.52%, 0, 0, 6, 243.54, 4093215, 458, 0, 0
19027, 386, 58, 76, 0, 0, 13.52%, 0, 0, 6, 323.78, 4094004, 458, 0, 0
19032, 386, 20, 76, 0, 0, 13.52%, 0, 0, 6, 318.35, 4094740, 458, 0, 0
19037, 386, 61, 76, 0, 0, 13.52%, 0, 0, 6, 238.72, 4095494, 458, 0, 0
19042, 386, 64, 76, 0, 0, 13.52%, 0, 0, 6, 30.71, 4096280, 458, 0, 0
19048, 387, 6, 76, 0, 0, 13.52%, 0, 0, 6, 31.36, 4097239, 458, 0, 0
19053, 387, 6, 76, 0, 0, 13.52%, 0, 0, 6, 30.69, 4098127, 458, 0, 0
19058, 387, 20, 76, 0, 0, 13.52%, 0, 0, 6, 30.31, 4099013, 458, 0, 0
19063, 387, 54, 76, 0, 0, 13.52%, 0, 0, 6, 31.28, 4099912, 458, 0, 0
19068, 387, 4, 76, 0, 0, 13.52%, 0, 0, 6, 325.63, 4100828, 458, 0, 0
19073, 387, 12, 76, 0, 0, 13.52%, 0, 0, 6, 326.39, 4101410, 458, 0, 0
19078, 387, 5, 76, 0, 0, 13.52%, 0, 0, 6, 31.19, 4102019, 458, 0, 0
19083, 387, 26, 76, 0, 0, 13.52%, 0, 0, 6, 31.23, 4103038, 458, 0, 0
19088, 387, 75, 76, 0, 0, 13.52%, 0, 0, 6, 287.68, 4104040, 458, 0, 0
19094, 387, 17, 76, 0, 0, 13.52%, 0, 0, 6, 328.63, 4104580, 458, 0, 0
19099, 387, 28, 76, 0, 0, 13.52%, 0, 0, 6, 325.00, 4105197, 458, 0, 0
19104, 387, 75, 76, 0, 0, 13.52%, 0, 0, 6, 30.64, 4106057, 458, 0, 0
19109, 387, 75, 76, 0, 0, 13.52%, 0, 0, 6, 31.60, 4106989, 458, 0, 0
19114, 388, 75, 76, 0, 0, 13.52%, 0, 0, 6, 31.26, 4107897, 458, 0, 0
19119, 388, 26, 76, 0, 0, 13.52%, 0, 0, 6, 319.67, 4108540, 458, 0, 0
19124, 388, 26, 76, 0, 0, 13.52%, 0, 0, 6, 321.78, 4109008, 458, 0, 0
19129, 388, 75, 76, 0, 0, 13.52%, 0, 0, 6, 30.49, 4109881, 458, 0, 0
19134, 388, 2, 76, 0, 0, 13.52%, 0, 0, 6, 31.30, 4110774, 458, 0, 0
19139, 388, 7, 76, 0, 0, 13.52%, 0, 0, 6, 31.01, 4111634, 458, 0, 0
19145, 388, 4, 76, 0, 0, 13.52%, 0, 0, 6, 254.60, 4112375, 458, 0, 0
19150, 388, 26, 76, 0, 0, 13.52%, 0, 0, 6, 326.79, 4112940, 458, 0, 0
19155, 388, 75, 76, 0, 0, 13.52%, 0, 0, 6, 31.40, 4113571, 458, 0, 0
19160, 388, 54, 76, 0, 0, 13.52%, 0, 0, 6, 30.68, 4114431, 458, 0, 0
19165, 388, 4, 76, 0, 0, 13.52%, 0, 0, 6, 31.55, 4115305, 458, 0, 0
19170, 388, 75, 76, 0, 0, 13.52%, 0, 0, 6, 302.36, 4116136, 458, 0, 0
19175, 388, 75, 76, 0, 0, 13.52%, 0, 0, 6, 333.65, 4116740, 458, 0, 0
19180, 388, 20, 76, 0, 0, 13.52%, 0, 0, 6, 325.23, 4117316, 458, 0, 0
19185, 388, 6, 76, 0, 0, 13.52%, 0, 0, 6, 30.32, 4118077, 458, 0, 0
19190, 388, 12, 76, 0, 0, 13.52%, 0, 0, 6, 46.94, 4118924, 458, 0, 0
19196, 389, 75, 76, 0, 0, 13.52%, 0, 0, 6, 30.76, 4119778, 458, 0, 0
19201, 389, 74, 76, 0, 0, 13.52%, 0, 0, 6, 31.25, 4120635, 458, 0, 0
19206, 389, 7, 76, 0, 0, 13.52%, 0, 0, 6, 323.12, 4121349, 458, 0, 0
19211, 389, 75, 76, 0, 0, 13.52%, 0, 0, 6, 260.26, 4121885, 458, 0, 0
19216, 389, 26, 76, 0, 0, 13.52%, 0, 0, 6, 31.31, 4122531, 458, 0, 0
19221, 389, 6, 76, 0, 0, 13.52%, 0, 0, 6, 30.90, 4123392, 458, 0, 0
19226, 389, 12, 76, 0, 0, 13.52%, 0, 0, 6, 31.33, 4124195, 458, 0, 0
19231, 389, 6, 76, 0, 0, 13.52%, 0, 0, 6, 30.40, 4125010, 458, 0, 0
19236, 389, 73, 76, 0, 0, 13.52%, 0, 0, 6, 321.23, 4125715, 458, 0, 0
19242, 389, 26, 76, 0, 0, 13.52%, 0, 0, 6, 292.00, 4126275, 458, 0, 0
19247, 389, 52, 76, 0, 0, 13.52%, 0, 0, 6, 34.08, 4126813, 458, 0, 0
19252, 389, 5, 76, 0, 0, 13.52%, 0, 0, 6, 31.33, 4127620, 458, 0, 0
19257, 390, 7, 76, 0, 0, 13.52%, 0, 0, 6, 40.94, 4128447, 458, 0, 0
19262, 390, 6, 76, 0, 0, 13.52%, 0, 0, 6, 30.84, 4129259, 458, 0, 0
19267, 390, 75, 76, 0, 0, 13.52%, 0, 0, 6, 31.58, 4130069, 458, 0, 0
19273, 390, 7, 76, 0, 0, 13.52%, 0, 0, 6, 321.97, 4130855, 458, 0, 0
19278, 390, 75, 76, 0, 0, 13.52%, 0, 0, 6, 320.59, 4131367, 458, 0, 0
19283, 390, 75, 76, 0, 0, 13.52%, 0, 0, 6, 261.54, 4132025, 458, 0, 0
19288, 390, 75, 76, 0, 0, 13.52%, 0, 0, 6, 31.38, 4132658, 458, 0, 0
19293, 390, 6, 76, 0, 0, 13.52%, 0, 0, 6, 30.77, 4133455, 458, 0, 0
19298, 390, 75, 76, 0, 0, 13.52%, 0, 0, 6, 31.36, 4134357, 458, 0, 0
19304, 390, 4, 76, 0, 0, 13.52%, 0, 0, 6, 299.01, 4135279, 458, 0, 0
19309, 390, 5, 76, 0, 0, 13.52%, 0, 0, 6, 325.81, 4135749, 458, 0, 0
19314, 390, 54, 76, 0, 0, 13.52%, 0, 0, 6, 31.25, 4136347, 458, 0, 0
19319, 390, 32, 76, 0, 0, 13.52%, 0, 0, 6, 31.02, 4137243, 458, 0, 0
19324, 390, 75, 76, 0, 0, 13.52%, 0, 0, 6, 31.42, 4138120, 458, 0, 0
19329, 390, 75, 76, 0, 0, 13.52%, 0, 0, 6, 323.06, 4138841, 458, 0, 0
19335, 390, 39, 76, 0, 0, 13.52%, 0, 0, 6, 335.01, 4139367, 458, 0, 0
19340, 390, 75, 76, 0, 0, 13.52%, 0, 0, 6, 30.51, 4140045, 458, 0, 0
19345, 390, 75, 76, 0, 0, 13.52%, 0, 0, 6, 30.31, 4140902, 458, 0, 0
19350, 391, 55, 76, 0, 0, 13.52%, 0, 0, 6, 31.58, 4141803, 458, 0, 0
19355, 391, 2, 76, 0, 0, 13.52%, 0, 0, 6, 327.26, 4142343, 458, 0, 0
19360, 391, 5, 76, 0, 0, 13.52%, 0, 0, 6, 36.18, 4142835, 458, 0, 0
19365, 391, 75, 76, 0, 0, 13.52%, 0, 0, 6, 30.93, 4143669, 458, 0, 0
19370, 391, 26, 76, 0, 0, 13.52%, 0, 0, 6, 31.33, 4144545, 458, 0, 0
19376, 391, 75, 76, 0, 0, 13.52%, 0, 0, 6, 316.63, 4145433, 458, 0, 0
19381, 391, 75, 76, 0, 0, 13.52%, 0, 0, 6, 243.84, 4145921, 458, 0, 0
19386, 391, 20, 76, 0, 0, 13.52%, 0, 0, 6, 31.31, 4146465, 458, 0, 0
19391, 391, 59, 76, 0, 0, 13.52%, 0, 0, 6, 30.78, 4147312, 458, 0, 0
19396, 391, 75, 76, 0, 0, 13.52%, 0, 0, 6, 31.39, 4148199, 458, 0, 0
19401, 391, 6, 76, 0, 0, 13.52%, 0, 0, 6, 273.69, 4149060, 458, 0, 0
19406, 391, 26, 76, 0, 0, 13.52%, 0, 0, 6, 323.15, 4149585, 458, 0, 0
19412, 391, 37, 76, 0, 0, 13.52%, 0, 0, 6, 31.19, 4150078, 458, 0, 0
19417, 391, 75, 76, 0, 0, 13.52%, 0, 0, 6, 31.45, 4150918, 458, 0, 0
19422, 391, 17, 76, 0, 0, 13.52%, 0, 0, 6, 31.55, 4151766, 458, 0, 0
19427, 391, 2, 76, 0, 0, 13.52%, 0, 0, 6, 30.49, 4152580, 458, 0, 0
19432, 392, 75, 76, 0, 0, 13.52%, 0, 0, 6, 242.75, 4153253, 458, 0, 0
19437, 392, 54, 76, 0, 0, 13.52%, 0, 0, 6, 208.86, 4153773, 458, 0, 0
19442, 392, 6, 76, 0, 0, 13.52%, 0, 0, 6, 30.86, 4154395, 458, 0, 0
19447, 392, 26, 76, 0, 0, 13.52%, 0, 0, 6, 31.48, 4155228, 458, 0, 0
19452, 392, 5, 76, 0, 0, 13.52%, 0, 0, 6, 31.38, 4156049, 458, 0, 0
19457, 392, 64, 76, 0, 0, 13.52%, 0, 0, 6, 314.09, 4156867, 458, 0, 0
19462, 392, 75, 76, 0, 0, 13.52%, 0, 0, 6, 318.67, 4157455, 458, 0, 0
19467, 392, 54, 76, 0, 0, 13.52%, 0, 0, 6, 324.10, 4157999, 458, 0, 0
19473, 392, 6, 76, 0, 0, 13.52%, 0, 0, 6, 31.31, 4158653, 458, 0, 0
19478, 392, 7, 76, 0, 0, 13.52%, 0, 0, 6, 31.03, 4159418, 458, 0, 0
19483, 392, 26, 76, 0, 0, 13.52%, 0, 0, 6, 31.40, 4160229, 458, 0, 0
19488, 392, 75, 76, 0, 0, 13.52%, 0, 0, 6, 31.42, 4161053, 458, 0, 0
19493, 392, 75, 76, 0, 0, 13.52%, 0, 0, 6, 251.25, 4161849, 458, 0, 0
19498, 392, 55, 76, 0, 0, 13.52%, 0, 0, 6, 313.36, 4162373, 458, 0, 0
19503, 392, 2, 76, 0, 0, 13.52%, 0, 0, 6, 323.38, 4162864, 458, 0, 0
19508, 393, 75, 76, 0, 0, 13.52%, 0, 0, 6, 30.91, 4163591, 458, 0, 0
19513, 393, 75, 76, 0, 0, 13.52%, 0, 0, 6, 31.27, 4164356, 458, 0, 0
19518, 393, 4, 76, 0, 0, 13.52%, 0, 0, 6, 31.11, 4165145, 458, 0, 0
19523, 393, 2, 76, 0, 0, 13.52%, 0, 0, 6, 30.69, 4165979, 458, 0, 0
19529, 393, 4, 76, 0, 0, 13.52%, 0, 0, 6, 326.38, 4166621, 458, 0, 0
19534, 393, 28, 76, 0, 0, 13.52%, 0, 0, 6, 327.85, 4167061, 458, 0, 0
19539, 393, 75, 76, 0, 0, 13.52%, 0, 0, 6, 31.18, 4167785, 458, 0, 0
19544, 393, 17, 76, 0, 0, 13.52%, 0, 0, 6, 30.70, 4168647, 458, 0, 0
19549, 393, 75, 76, 0, 0, 13.52%, 0, 0, 6, 321.64, 4169491, 458, 0, 0
19554, 393, 17, 76, 0, 0, 13.52%, 0, 0, 6, 322.68, 4169861, 458, 0, 0
19559, 393, 59, 76, 0, 0, 13.52%, 0, 0, 6, 31.37, 4170533, 458, 0, 0
19564, 393, 75, 76, 0, 0, 13.52%, 0, 0, 6, 31.61, 4171408, 458, 0, 0
19569, 393, 75, 76, 0, 0, 13.52%, 0, 0, 6, 323.96, 4172279, 458, 0, 0
19574, 393, 59, 76, 0, 0, 13.52%, 0, 0, 6, 329.77, 4172761, 458, 0, 0
19580, 393, 6, 76, 0, 0, 13.52%, 0, 0, 6, 31.13, 4173307, 458, 0, 0
19585, 393, 6, 76, 0, 0, 13.52%, 0, 0, 6, 31.23, 4174147, 458, 0, 0
19590, 394, 6, 76, 0, 0, 13.52%, 0, 0, 6, 31.25, 4174993, 458, 0, 0
19595, 394, 75, 76, 0, 0, 13.52%, 0, 0, 6, 249.33, 4175737, 458, 0, 0
19600, 394, 75, 76, 0, 0, 13.52%, 0, 0, 6, 340.06, 4176129, 458, 0, 0
19605, 394, 75, 76, 0, 0, 13.52%, 0, 0, 6, 35.66, 4176856, 458, 0, 0
19610, 394, 75, 76, 0, 0, 13.52%, 0, 0, 6, 30.54, 4177678, 458, 0, 0
19615, 394, 4, 76, 0, 0, 13.52%, 0, 0, 6, 30.92, 4178531, 458, 0, 0
19620, 394, 75, 76, 0, 0, 13.52%, 0, 0, 6, 324.41, 4179135, 458, 0, 0
19626, 394, 5, 76, 0, 0, 13.52%, 0, 0, 6, 323.38, 4179626, 458, 0, 0
19631, 394, 75, 76, 0, 0, 13.52%, 0, 0, 6, 31.25, 4180432, 458, 0, 0
19636, 394, 24, 76, 0, 0, 13.52%, 0, 0, 6, 31.25, 4181252, 458, 0, 0
19641, 394, 5, 76, 0, 0, 13.52%, 0, 0, 6, 309.26, 4182085, 458, 0, 0
19646, 394, 26, 76, 0, 0, 13.52%, 0, 0, 6, 306.46, 4182673, 458, 0, 0
19652, 394, 74, 76, 0, 0, 13.52%, 0, 0, 6, 318.58, 4183217, 458, 0, 0
19657, 394, 12, 76, 0, 0, 13.52%, 0, 0, 6, 31.28, 4183846, 458, 0, 0
19662, 394, 12, 76, 0, 0, 13.52%, 0, 0, 6, 47.43, 4184637, 458, 0, 0
19667, 394, 20, 76, 0, 0, 13.52%, 0, 0, 6, 31.34, 4185440, 458, 0, 0
19672, 395, 26, 76, 0, 0, 13.52%, 0, 0, 6, 30.67, 4186256, 458, 0, 0
19677, 395, 54, 76, 0, 0, 13.52%, 0, 0, 6, 247.21, 4186977, 458, 0, 0
19682, 395, 75, 76, 0, 0, 13.52%, 0, 0, 6, 296.69, 4187540, 458, 0, 0
19687, 395, 6, 76, 0, 0, 13.52%, 0, 0, 6, 315.27, 4188091, 458, 0, 0
19692, 395, 75, 76, 0, 0, 13.52%, 0, 0, 6, 31.53, 4188829, 458, 0, 0
19697, 395, 32, 76, 0, 0, 13.52%, 0, 0, 6, 31.35, 4189646, 458, 0, 0
19702, 395, 57, 76, 0, 0, 13.52%, 0, 0, 6, 45.39, 4190432, 458, 0, 0
19708, 395, 26, 76, 0, 0, 13.52%, 0, 0, 6, 30.40, 4191245, 458, 0, 0
19713, 395, 13, 76, 0, 0, 13.52%, 0, 0, 6, 320.91, 4191967, 458, 0, 0
19718, 395, 32, 76, 0, 0, 13.52%, 0, 0, 6, 333.53, 4192591, 458, 0, 0
19723, 395, 46, 76, 0, 0, 13.52%, 0, 0, 6, 30.61, 4193036, 458, 0, 0
19728, 395, 73, 76, 0, 0, 13.52%, 0, 0, 6, 31.40, 4193844, 458, 0, 0
19733, 395, 75, 76, 0, 0, 13.52%, 0, 0, 6, 30.46, 4194654, 458, 0, 0
19738, 395, 37, 76, 0, 0, 13.52%, 0, 0, 6, 48.09, 4195468, 458, 0, 0
19743, 395, 75, 76, 0, 0, 13.52%, 0, 0, 6, 30.30, 4196263, 458, 0, 0
19748, 396, 4, 76, 0, 0, 13.52%, 0, 0, 6, 322.78, 4197021, 458, 0, 0
19754, 396, 5, 76, 0, 0, 13.52%, 0, 0, 6, 319.53, 4197573, 458, 0, 0
19759, 396, 5, 76, 0, 0, 13.52%, 0, 0, 6, 31.41, 4198015, 458, 0, 0
19764, 396, 2, 76, 0, 0, 13.52%, 0, 0, 6, 30.99, 4198893, 458, 0, 0
19769, 396, 51, 76, 0, 0, 13.52%, 0, 0, 6, 31.04, 4199766, 458, 0, 0
19774, 396, 4, 76, 0, 0, 13.52%, 0, 0, 6, 298.59, 4200570, 458, 0, 0
19779, 396, 57, 76, 0, 0, 13.52%, 0, 0, 6, 337.92, 4201037, 458, 0, 0
19784, 396, 73, 76, 0, 0, 13.52%, 0, 0, 6, 30.69, 4201634, 458, 0, 0
19790, 396, 75, 76, 0, 0, 13.52%, 0, 0, 6, 31.09, 4202486, 458, 0, 0
19795, 396, 56, 76, 0, 0, 13.52%, 0, 0, 6, 31.25, 4203357, 458, 0, 0
19800, 396, 2, 76, 0, 0, 13.52%, 0, 0, 6, 277.04, 4204060, 458, 0, 0
19805, 396, 28, 76, 0, 0, 13.52%, 0, 0, 6, 225.94, 4204545, 458, 0, 0
19810, 396, 51, 76, 0, 0, 13.52%, 0, 0, 6, 31.33, 4205264, 458, 0, 0
19815, 396, 54, 76, 0, 0, 13.52%, 0, 0, 6, 40.34, 4206106, 458, 0, 0
19820, 397, 5, 76, 0, 0, 13.52%, 0, 0, 6, 45.97, 4206967, 458, 0, 0
19825, 397, 59, 76, 0, 0, 13.52%, 0, 0, 6, 296.82, 4207545, 458, 0, 0
19830, 397, 64, 76, 0, 0, 13.52%, 0, 0, 6, 323.38, 4208032, 458, 0, 0
19836, 397, 75, 76, 0, 0, 13.52%, 0, 0, 6, 31.48, 4208824, 458, 0, 0
19841, 397, 5, 76, 0, 0, 13.52%, 0, 0, 6, 30.95, 4209693, 458, 0, 0
19846, 397, 4, 76, 0, 0, 13.52%, 0, 0, 6, 310.45, 4210572, 458, 0, 0
19851, 397, 75, 76, 0, 0, 13.52%, 0, 0, 6, 318.85, 4211042, 458, 0, 0
19856, 397, 7, 76, 0, 0, 13.52%, 0, 0, 6, 320.49, 4212718, 458, 0, 0
19861, 397, 54, 76, 0, 0, 13.52%, 0, 0, 6, 318.90, 4214368, 458, 0, 0
19867, 397, 75, 76, 0, 0, 13.52%, 0, 0, 6, 314.33, 4216000, 458, 0, 0
19872, 397, 75, 76, 0, 0, 13.52%, 0, 0, 6, 285.41, 4217450, 458, 0, 0
19877, 398, 55, 76, 0, 0, 13.52%, 0, 0, 6, 277.33, 4218775, 458, 0, 0
19882, 398, 75, 76, 0, 0, 13.52%, 0, 0, 6, 299.02, 4220310, 458, 0, 0
19887, 398, 54, 76, 0, 0, 13.52%, 0, 0, 6, 297.24, 4221840, 458, 0, 0
19892, 398, 74, 76, 0, 0, 13.52%, 0, 0, 6, 299.71, 4223395, 458, 0, 0
19897, 398, 6, 76, 0, 0, 13.52%, 0, 0, 6, 277.27, 4224790, 458, 0, 0
19902, 398, 46, 76, 0, 0, 13.52%, 0, 0, 6, 254.88, 4226075, 458, 0, 0
19907, 398, 75, 76, 0, 0, 13.52%, 0, 0, 6, 288.81, 4227520, 458, 0, 0
19912, 398, 29, 76, 0, 0, 13.52%, 0, 0, 6, 301.66, 4229078, 458, 0, 0
19917, 399, 55, 76, 0, 0, 13.52%, 0, 0, 6, 304.87, 4230626, 458, 0, 0
19922, 399, 28, 76, 0, 0, 13.52%, 0, 0, 6, 304.23, 4232160, 458, 0, 0
19927, 399, 75, 76, 0, 0, 13.52%, 0, 0, 6, 294.29, 4233605, 458, 0, 0
19932, 399, 5, 76, 0, 0, 13.52%, 0, 0, 6, 304.94, 4235166, 458, 0, 0
19937, 399, 54, 76, 0, 0, 13.52%, 0, 0, 6, 311.56, 4236732, 458, 0, 0
19943, 399, 6, 76, 0, 0, 13.52%, 0, 0, 6, 313.45, 4238372, 458, 0, 0
19948, 399, 5, 76, 0, 0, 13.52%, 0, 0, 6, 297.52, 4239880, 458, 0, 0
19953, 400, 46, 76, 0, 0, 13.52%, 0, 0, 6, 313.25, 4241524, 458, 0, 0
19958, 400, 75, 76, 0, 0, 13.52%, 0, 0, 6, 317.46, 4243156, 458, 0, 0
19963, 400, 26, 76, 0, 0, 13.52%, 0, 0, 6, 315.82, 4244790, 458, 0, 0
19968, 400, 51, 76, 0, 0, 13.52%, 0, 0, 6, 302.70, 4246256, 458, 0, 0
19973, 400, 75, 76, 0, 0, 13.52%, 0, 0, 6, 312.05, 4247842, 458, 0, 0
19979, 400, 51, 76, 0, 0, 13.52%, 0, 0, 6, 316.77, 4249408, 458, 0, 0
19984, 400, 55, 76, 0, 0, 13.52%, 0, 0, 6, 316.37, 4251038, 458, 0, 0
19989, 401, 6, 76, 0, 0, 13.52%, 0, 0, 6, 299.99, 4252555, 458, 0, 0
19994, 401, 57, 76, 0, 0, 13.52%, 0, 0, 6, 313.83, 4254206, 458, 0, 0
19999, 401, 72, 76, 0, 0, 13.52%, 0, 0, 6, 313.89, 4255830, 458, 0, 0
20004, 401, 20, 76, 0, 0, 13.52%, 0, 0, 6, 317.72, 4257478, 458, 0, 0
20010, 401, 6, 76, 0, 0, 13.52%, 0, 0, 6, 300.09, 4259010, 458, 0, 0
20015, 401, 75, 76, 0, 0, 13.52%, 0, 0, 6, 315.45, 4260655, 458, 0, 0
20020, 401, 74, 76, 0, 0, 13.52%, 0, 0, 6, 316.63, 4262291, 458, 0, 0
20025, 402, 26, 76, 0, 0, 13.52%, 0, 0, 6, 311.37, 4263853, 458, 0, 0
20030, 402, 51, 76, 0, 0, 13.52%, 0, 0, 6, 295.38, 4265335, 458, 0, 0
20035, 402, 57, 76, 0, 0, 13.52%, 0, 0, 6, 313.22, 4266981, 458, 0, 0
20040, 402, 75, 76, 0, 0, 13.52%, 0, 0, 6, 315.09, 4268611, 458, 0, 0
20046, 402, 75, 76, 0, 0, 13.52%, 0, 0, 6, 316.41, 4270247, 458, 0, 0
20051, 402, 28, 76, 0, 0, 13.52%, 0, 0, 6, 295.18, 4271780, 458, 0, 0
20056, 403, 5, 76, 0, 0, 13.52%, 0, 0, 6, 314.06, 4273417, 458, 0, 0
20061, 403, 55, 76, 0, 0, 13.52%, 0, 0, 6, 317.31, 4275067, 458, 0, 0
20066, 403, 5, 76, 0, 0, 13.52%, 0, 0, 6, 315.46, 4276699, 458, 0, 0
20071, 403, 75, 76, 0, 0, 13.52%, 0, 0, 6, 317.32, 4278261, 458, 0, 0
20077, 403, 75, 76, 0, 0, 13.52%, 0, 0, 6, 308.63, 4279805, 458, 0, 0
20082, 403, 75, 76, 0, 0, 13.52%, 0, 0, 6, 315.34, 4281439, 458, 0, 0
20087, 404, 5, 76, 0, 0, 13.52%, 0, 0, 6, 314.61, 4283065, 458, 0, 0
20092, 404, 75, 76, 0, 0, 13.52%, 0, 0, 6, 313.93, 4284691, 458, 0, 0
20097, 404, 7, 76, 0, 0, 13.52%, 0, 0, 6, 303.25, 4286153, 458, 0, 0
20102, 404, 75, 76, 0, 0, 13.52%, 0, 0, 6, 316.16, 4287749, 458, 0, 0
20107, 404, 26, 76, 0, 0, 13.52%, 0, 0, 6, 317.05, 4289393, 458, 0, 0
20113, 404, 21, 76, 0, 0, 13.52%, 0, 0, 6, 313.64, 4291017, 458, 0, 0
20118, 404, 3, 76, 0, 0, 13.52%, 0, 0, 6, 300.25, 4292485, 458, 0, 0
20123, 405, 74, 76, 0, 0, 13.52%, 0, 0, 6, 312.06, 4294127, 458, 0, 0
20128, 405, 6, 76, 0, 0, 13.52%, 0, 0, 6, 313.16, 4295753, 458, 0, 0
20133, 405, 4, 76, 0, 0, 13.52%, 0, 0, 6, 314.67, 4297387, 458, 0, 0
20138, 405, 5, 76, 0, 0, 13.52%, 0, 0, 6, 301.96, 4298917, 458, 0, 0
20144, 405, 20, 76, 0, 0, 13.52%, 0, 0, 6, 314.10, 4300553, 458, 0, 0
20149, 405, 73, 76, 0, 0, 13.52%, 0, 0, 6, 315.43, 4302189, 458, 0, 0
20154, 406, 75, 76, 0, 0, 13.52%, 0, 0, 6, 317.85, 4303835, 458, 0, 0
20159, 406, 6, 76, 0, 0, 13.52%, 0, 0, 6, 300.09, 4305365, 458, 0, 0
20164, 406, 26, 76, 0, 0, 13.52%, 0, 0, 6, 323.42, 4306905, 458, 0, 0
20169, 406, 7, 76, 0, 0, 13.52%, 0, 0, 6, 306.51, 4308441, 458, 0, 0
20175, 406, 75, 76, 0, 0, 13.52%, 0, 0, 6, 175.10, 4309978, 458, 0, 0
20180, 406, 2, 76, 0, 0, 13.52%, 0, 0, 6, 296.15, 4311490, 458, 0, 0
20185, 406, 75, 76, 0, 0, 13.52%, 0, 0, 6, 46.73, 4312915, 458, 0, 0
20190, 407, 72, 76, 0, 0, 13.52%, 0, 0, 6, 315.66, 4314435, 458, 0, 0
20195, 407, 75, 76, 0, 0, 13.52%, 0, 0, 6, 306.79, 4315983, 458, 0, 0
20200, 407, 75, 76, 0, 0, 13.52%, 0, 0, 6, 323.84, 4317527, 458, 0, 0
20205, 407, 7, 76, 0, 0, 13.52%, 0, 0, 6, 324.34, 4318959, 458, 0, 0
20210, 407, 7, 76, 0, 0, 13.52%, 0, 0, 6, 307.98, 4320523, 458, 0, 0
20216, 407, 4, 76, 0, 0, 13.52%, 0, 0, 6, 56.87, 4321941, 458, 0, 0
20221, 408, 6, 76, 0, 0, 13.52%, 0, 0, 6, 272.16, 4323465, 458, 0, 0
20226, 408, 7, 76, 0, 0, 13.52%, 0, 0, 6, 300.08, 4324980, 458, 0, 0
20231, 408, 75, 76, 0, 0, 13.52%, 0, 0, 6, 327.44, 4326457, 458, 0, 0
20236, 408, 5, 76, 0, 0, 13.52%, 0, 0, 6, 317.84, 4327999, 458, 0, 0
20241, 408, 26, 76, 0, 0, 13.52%, 0, 0, 6, 322.96, 4329465, 458, 0, 0
20246, 408, 54, 76, 0, 0, 13.52%, 0, 0, 6, 322.00, 4330965, 458, 0, 0
20251, 408, 55, 76, 0, 0, 13.52%, 0, 0, 6, 316.86, 4332423, 458, 0, 0
20257, 408, 75, 76, 0, 0, 13.52%, 0, 0, 6, 308.76, 4333967, 458, 0, 0
20262, 409, 73, 76, 0, 0, 13.52%, 0, 0, 6, 299.33, 4335430, 458, 0, 0
20267, 409, 3, 76, 0, 0, 13.52%, 0, 0, 6, 308.90, 4336999, 458, 0, 0
20272, 409, 75, 76, 0, 0, 13.52%, 0, 0, 6, 298.58, 4338420, 458, 0, 0
20277, 409, 59, 76, 0, 0, 13.52%, 0, 0, 6, 323.27, 4339929, 458, 0, 0
20282, 409, 12, 76, 0, 0, 13.52%, 0, 0, 6, 328.18, 4341371, 458, 0, 0
20287, 409, 75, 76, 0, 0, 13.52%, 0, 0, 6, 312.78, 4342943, 458, 0, 0
20292, 409, 26, 76, 0, 0, 13.52%, 0, 0, 6, 239.87, 4344351, 458, 0, 0
20297, 410, 75, 76, 0, 0, 13.52%, 0, 0, 6, 321.66, 4345899, 458, 0, 0
20302, 410, 5, 76, 0, 0, 13.52%, 0, 0, 6, 328.36, 4347301, 458, 0, 0
20308, 410, 58, 76, 0, 0, 13.52%, 0, 0, 6, 310.22, 4348849, 458, 0, 0
20313, 410, 7, 76, 0, 0, 13.52%, 0, 0, 6, 290.53, 4350250, 458, 0, 0
20318, 410, 75, 76, 0, 0, 13.52%, 0, 0, 6, 300.11, 4351770, 458, 0, 0
20323, 410, 26, 76, 0, 0, 13.52%, 0, 0, 6, 317.12, 4353217, 458, 0, 0
20328, 410, 2, 76, 0, 0, 13.52%, 0, 0, 6, 310.70, 4354759, 458, 0, 0
20333, 411, 75, 76, 0, 0, 13.52%, 0, 0, 6, 324.84, 4356219, 458, 0, 0
20338, 411, 6, 76, 0, 0, 13.52%, 0, 0, 6, 304.41, 4357723, 458, 0, 0
20343, 411, 75, 76, 0, 0, 13.52%, 0, 0, 6, 306.89, 4359251, 458, 0, 0
20349, 411, 75, 76, 0, 0, 13.52%, 0, 0, 6, 284.17, 4360690, 458, 0, 0
20354, 411, 75, 76, 0, 0, 13.52%, 0, 0, 6, 305.96, 4362263, 458, 0, 0
20359, 411, 51, 76, 0, 0, 13.52%, 0, 0, 6, 296.55, 4363705, 458, 0, 0
20364, 411, 2, 76, 0, 0, 13.52%, 0, 0, 6, 33.33, 4365181, 458, 0, 0
20369, 412, 12, 76, 0, 0, 13.52%, 0, 0, 6, 310.15, 4366717, 458, 0, 0
20374, 412, 51, 76, 0, 0, 13.52%, 0, 0, 6, 295.81, 4368155, 458, 0, 0
20379, 412, 75, 76, 0, 0, 13.52%, 0, 0, 6, 38.83, 4369617, 458, 0, 0
20384, 412, 75, 76, 0, 0, 13.52%, 0, 0, 6, 286.93, 4371150, 458, 0, 0
20390, 412, 4, 76, 0, 0, 13.52%, 0, 0, 6, 314.50, 4372565, 458, 0, 0
20395, 412, 6, 76, 0, 0, 13.52%, 0, 0, 6, 320.46, 4374111, 458, 0, 0
20400, 412, 5, 76, 0, 0, 13.52%, 0, 0, 6, 307.35, 4375523, 458, 0, 0
20405, 412, 75, 76, 0, 0, 13.52%, 0, 0, 6, 308.01, 4377055, 458, 0, 0
20410, 413, 5, 76, 0, 0, 13.52%, 0, 0, 6, 306.94, 4378505, 458, 0, 0
20415, 413, 75, 76, 0, 0, 13.52%, 0, 0, 6, 35.16, 4379941, 458, 0, 0
20420, 413, 15, 76, 0, 0, 13.52%, 0, 0, 6, 325.61, 4381517, 458, 0, 0
20425, 413, 5, 76, 0, 0, 13.52%, 0, 0, 6, 321.13, 4382917, 458, 0, 0
20430, 413, 75, 76, 0, 0, 13.52%, 0, 0, 6, 313.81, 4384415, 458, 0, 0
20435, 413, 6, 76, 0, 0, 13.52%, 0, 0, 6, 316.05, 4385959, 458, 0, 0
20441, 413, 75, 76, 0, 0, 13.52%, 0, 0, 6, 331.75, 4387375, 458, 0, 0
20446, 414, 59, 76, 0, 0, 13.52%, 0, 0, 6, 318.38, 4388929, 458, 0, 0
20451, 414, 75, 76, 0, 0, 13.52%, 0, 0, 6, 321.16, 4390381, 458, 0, 0
20456, 414, 75, 76, 0, 0, 13.52%, 0, 0, 6, 69.50, 4391800, 458, 0, 0
20461, 414, 6, 76, 0, 0, 13.52%, 0, 0, 6, 304.78, 4393259, 458, 0, 0
20466, 414, 4, 76, 0, 0, 13.52%, 0, 0, 6, 288.56, 4394699, 458, 0, 0
20471, 414, 75, 76, 0, 0, 13.52%, 0, 0, 6, 303.41, 4396241, 458, 0, 0
20476, 414, 26, 76, 0, 0, 13.52%, 0, 0, 6, 31.06, 4397258, 458, 0, 0
20481, 414, 75, 76, 0, 0, 13.52%, 0, 0, 6, 331.59, 4397543, 458, 0, 0
20487, 414, 28, 76, 0, 0, 13.52%, 0, 0, 6, 31.07, 4398769, 458, 0, 0
20492, 415, 74, 76, 0, 0, 13.52%, 0, 0, 6, 31.33, 4399967, 458, 0, 0
20497, 415, 75, 76, 0, 0, 13.52%, 0, 0, 6, 325.27, 4401119, 458, 0, 0
20502, 415, 5, 76, 0, 0, 13.52%, 0, 0, 6, 311.47, 4401953, 458, 0, 0
20507, 415, 74, 76, 0, 0, 13.52%, 0, 0, 6, 310.69, 4402901, 458, 0, 0
20512, 415, 72, 76, 0, 0, 13.52%, 0, 0, 6, 330.03, 4403735, 458, 0, 0
20517, 415, 4, 76, 0, 0, 13.52%, 0, 0, 6, 301.98, 4404606, 458, 0, 0
20522, 415, 41, 76, 0, 0, 13.52%, 0, 0, 6, 48.13, 4405622, 458, 0, 0
20527, 415, 75, 76, 0, 0, 13.52%, 0, 0, 6, 30.27, 4406670, 458, 0, 0
20532, 415, 1, 76, 0, 0, 13.52%, 0, 0, 6, 31.18, 4407722, 458, 0, 0
20538, 415, 51, 76, 0, 0, 13.52%, 0, 0, 6, 321.79, 4408735, 458, 0, 0
20543, 415, 75, 76, 0, 0, 13.52%, 0, 0, 6, 328.01, 4409541, 458, 0, 0
20548, 415, 54, 76, 0, 0, 13.52%, 0, 0, 6, 250.09, 4410355, 458, 0, 0
20553, 416, 5, 76, 0, 0, 13.52%, 0, 0, 6, 325.76, 4411105, 458, 0, 0
20558, 416, 75, 76, 0, 0, 13.52%, 0, 0, 6, 31.29, 4411819, 458, 0, 0
20563, 416, 7, 76, 0, 0, 13.52%, 0, 0, 6, 39.36, 4412792, 458, 0, 0
20568, 416, 26, 76, 0, 0, 13.52%, 0, 0, 6, 30.46, 4413763, 458, 0, 0
20573, 416, 26, 76, 0, 0, 13.52%, 0, 0, 6, 30.40, 4414688, 458, 0, 0
20578, 416, 75, 76, 0, 0, 13.52%, 0, 0, 6, 31.33, 4415593, 458, 0, 0
20584, 416, 72, 76, 0, 0, 13.52%, 0, 0, 6, 323.87, 4416493, 458, 0, 0
20589, 416, 46, 76, 0, 0, 13.52%, 0, 0, 6, 328.62, 4417281, 458, 0, 0
20594, 416, 75, 76, 0, 0, 13.52%, 0, 0, 6, 322.67, 4418061, 458, 0, 0
20599, 416, 31, 76, 0, 0, 13.52%, 0, 0, 6, 262.18, 4418720, 458, 0, 0
20604, 416, 51, 76, 0, 0, 13.52%, 0, 0, 6, 31.46, 4419391, 458, 0, 0
20609, 416, 5, 76, 0, 0, 13.52%, 0, 0, 6, 31.49, 4420364, 458, 0, 0
20614, 416, 75, 76, 0, 0, 13.52%, 0, 0, 6, 31.11, 4421307, 458, 0, 0
20619, 417, 6, 76, 0, 0, 13.52%, 0, 0, 6, 326.81, 4421953, 458, 0, 0
20624, 417, 17, 76, 0, 0, 13.52%, 0, 0, 6, 335.24, 4422529, 458, 0, 0
20629, 417, 33, 76, 0, 0, 13.52%, 0, 0, 6, 39.44, 4423364, 458, 0, 0
20634, 417, 6, 76, 0, 0, 13.52%, 0, 0, 6, 31.62, 4424275, 458, 0, 0
20639, 417, 28, 76, 0, 0, 13.52%, 0, 0, 6, 30.67, 4425181, 458, 0, 0
20645, 417, 75, 76, 0, 0, 13.52%, 0, 0, 6, 289.08, 4425880, 458, 0, 0
20650, 417, 37, 76, 0, 0, 13.52%, 0, 0, 6, 335.64, 4426423, 458, 0, 0
20655, 417, 75, 76, 0, 0, 13.52%, 0, 0, 6, 44.67, 4427201, 458, 0, 0
20660, 417, 17, 76, 0, 0, 13.52%, 0, 0, 6, 31.62, 4428104, 458, 0, 0
20665, 417, 75, 76, 0, 0, 13.52%, 0, 0, 6, 31.66, 4429024, 458, 0, 0
20670, 417, 55, 76, 0, 0, 13.52%, 0, 0, 6, 327.93, 4429823, 458, 0, 0
20675, 417, 28, 76, 0, 0, 13.52%, 0, 0, 6, 213.72, 4430271, 458, 0, 0
20681, 418, 75, 76, 0, 0, 13.52%, 0, 0, 6, 31.42, 4431009, 458, 0, 0
20686, 418, 17, 76, 0, 0, 13.52%, 0, 0, 6, 31.25, 4431914, 458, 0, 0
20691, 418, 74, 76, 0, 0, 13.52%, 0, 0, 6, 30.61, 4432793, 458, 0, 0
20696, 418, 75, 76, 0, 0, 13.52%, 0, 0, 6, 320.41, 4433511, 458, 0, 0
20701, 418, 56, 76, 0, 0, 13.52%, 0, 0, 6, 333.25, 4434077, 458, 0, 0
20706, 418, 75, 76, 0, 0, 13.52%, 0, 0, 6, 31.48, 4434669, 458, 0, 0
20711, 418, 75, 76, 0, 0, 13.52%, 0, 0, 6, 31.13, 4435538, 458, 0, 0
20716, 418, 28, 76, 0, 0, 13.52%, 0, 0, 6, 31.34, 4436371, 458, 0, 0
20721, 418, 74, 76, 0, 0, 13.52%, 0, 0, 6, 31.54, 4437204, 458, 0, 0
20727, 418, 1, 76, 0, 0, 13.52%, 0, 0, 6, 36.04, 4438041, 458, 0, 0
20732, 418, 26, 76, 0, 0, 13.52%, 0, 0, 6, 327.75, 4438693, 458, 0, 0
20737, 418, 12, 76, 0, 0, 13.52%, 0, 0, 6, 233.55, 4439267, 458, 0, 0
20742, 418, 75, 76, 0, 0, 13.52%, 0, 0, 6, 31.61, 4439883, 458, 0, 0
20747, 418, 26, 76, 0, 0, 13.52%, 0, 0, 6, 40.23, 4440752, 458, 0, 0
20752, 418, 51, 76, 0, 0, 13.52%, 0, 0, 6, 31.53, 4441583, 458, 0, 0
20757, 418, 26, 76, 0, 0, 13.52%, 0, 0, 6, 30.34, 4442402, 458, 0, 0
20762, 418, 5, 76, 0, 0, 13.52%, 0, 0, 6, 246.51, 4443239, 458, 0, 0
20767, 419, 75, 76, 0, 0, 13.52%, 0, 0, 6, 324.01, 4443829, 458, 0, 0
20772, 419, 59, 76, 0, 0, 13.52%, 0, 0, 6, 207.55, 4444415, 458, 0, 0
20778, 419, 4, 76, 0, 0, 13.52%, 0, 0, 6, 31.06, 4445041, 458, 0, 0
20783, 419, 39, 76, 0, 0, 13.52%, 0, 0, 6, 31.37, 4445855, 458, 0, 0
20788, 419, 12, 76, 0, 0, 13.52%, 0, 0, 6, 31.48, 4446677, 458, 0, 0
20793, 419, 20, 76, 0, 0, 13.52%, 0, 0, 6, 30.30, 4447504, 458, 0, 0
20798, 419, 32, 76, 0, 0, 13.52%, 0, 0, 6, 269.11, 4448290, 458, 0, 0
20803, 419, 26, 76, 0, 0, 13.52%, 0, 0, 6, 248.16, 4448922, 458, 0, 0
20808, 419, 5, 76, 0, 0, 13.52%, 0, 0, 6, 315.19, 4449428, 458, 0, 0
20813, 419, 54, 76, 0, 0, 13.52%, 0, 0, 6, 31.53, 4450097, 458, 0, 0
20818, 419, 75, 76, 0, 0, 13.52%, 0, 0, 6, 31.36, 4450920, 458, 0, 0
20824, 419, 54, 76, 0, 0, 13.52%, 0, 0, 6, 31.31, 4451758, 458, 0, 0
20829, 419, 6, 76, 0, 0, 13.52%, 0, 0, 6, 31.28, 4452594, 458, 0, 0
20834, 419, 75, 76, 0, 0, 13.52%, 0, 0, 6, 321.14, 4453362, 458, 0, 0
20839, 419, 17, 76, 0, 0, 13.52%, 0, 0, 6, 325.11, 4453822, 458, 0, 0
20844, 420, 5, 76, 0, 0, 13.52%, 0, 0, 6, 31.32, 4454575, 458, 0, 0
20849, 420, 75, 76, 0, 0, 13.52%, 0, 0, 6, 49.50, 4455449, 458, 0, 0
20854, 420, 7, 76, 0, 0, 13.52%, 0, 0, 6, 47.49, 4456346, 458, 0, 0
20859, 420, 55, 76, 0, 0, 13.52%, 0, 0, 6, 270.36, 4456905, 458, 0, 0
20864, 420, 75, 76, 0, 0, 13.52%, 0, 0, 6, 188.12, 4457390, 458, 0, 0
20869, 420, 4, 76, 0, 0, 13.52%, 0, 0, 6, 31.29, 4458235, 458, 0, 0
20875, 420, 26, 76, 0, 0, 13.52%, 0, 0, 6, 30.50, 4459082, 458, 0, 0
20880, 420, 6, 76, 0, 0, 13.52%, 0, 0, 6, 319.93, 4459974, 458, 0, 0
20885, 420, 75, 76, 0, 0, 13.52%, 0, 0, 6, 320.44, 4460472, 458, 0, 0
20890, 420, 26, 76, 0, 0, 13.52%, 0, 0, 6, 31.56, 4460997, 458, 0, 0
20895, 420, 6, 76, 0, 0, 13.52%, 0, 0, 6, 31.37, 4461888, 458, 0, 0
20900, 420, 0, 76, 0, 0, 13.52%, 0, 0, 6, 30.46, 4462766, 458, 0, 0
20905, 420, 75, 76, 0, 0, 13.52%, 0, 0, 6, 328.14, 4463534, 458, 0, 0
20911, 420, 46, 76, 0, 0, 13.52%, 0, 0, 6, 252.39, 4463966, 458, 0, 0
20916, 420, 13, 76, 0, 0, 13.52%, 0, 0, 6, 31.48, 4464651, 458, 0, 0
20921, 420, 75, 76, 0, 0, 13.52%, 0, 0, 6, 31.44, 4465515, 458, 0, 0
20926, 421, 5, 76, 0, 0, 13.52%, 0, 0, 6, 38.28, 4466399, 458, 0, 0
20931, 421, 7, 76, 0, 0, 13.52%, 0, 0, 6, 258.29, 4467140, 458, 0, 0
20936, 421, 75, 76, 0, 0, 13.52%, 0, 0, 6, 326.53, 4467648, 458, 0, 0
20941, 421, 7, 76, 0, 0, 13.52%, 0, 0, 6, 30.71, 4468269, 458, 0, 0
20947, 421, 49, 76, 0, 0, 13.52%, 0, 0, 6, 31.12, 4469072, 458, 0, 0
20952, 421, 75, 76, 0, 0, 13.52%, 0, 0, 6, 31.23, 4469882, 458, 0, 0
20957, 421, 2, 76, 0, 0, 13.52%, 0, 0, 6, 299.33, 4470740, 458, 0, 0
20962, 421, 75, 76, 0, 0, 13.52%, 0, 0, 6, 321.66, 4471230, 458, 0, 0
20967, 421, 28, 76, 0, 0, 13.52%, 0, 0, 6, 31.37, 4471751, 458, 0, 0
20972, 421, 26, 76, 0, 0, 13.52%, 0, 0, 6, 30.95, 4472567, 458, 0, 0
20977, 421, 75, 76, 0, 0, 13.52%, 0, 0, 6, 31.48, 4473387, 458, 0, 0
20982, 421, 5, 76, 0, 0, 13.52%, 0, 0, 6, 30.32, 4474208, 458, 0, 0
20987, 421, 5, 76, 0, 0, 13.52%, 0, 0, 6, 245.30, 4474998, 458, 0, 0
20993, 421, 59, 76, 0, 0, 13.52%, 0, 0, 6, 317.82, 4475428, 458, 0, 0
20998, 422, 54, 76, 0, 0, 13.52%, 0, 0, 6, 31.12, 4476002, 458, 0, 0
21003, 422, 75, 76, 0, 0, 13.52%, 0, 0, 6, 31.51, 4476841, 458, 0, 0
21008, 422, 34, 76, 0, 0, 13.52%, 0, 0, 6, 31.50, 4477622, 458, 0, 0
21013, 422, 7, 76, 0, 0, 13.52%, 0, 0, 6, 31.61, 4478429, 458, 0, 0
21018, 422, 28, 76, 0, 0, 13.52%, 0, 0, 6, 50.70, 4479274, 458, 0, 0
21023, 422, 36, 76, 0, 0, 13.52%, 0, 0, 6, 326.30, 4479886, 458, 0, 0
21029, 422, 51, 76, 0, 0, 13.52%, 0, 0, 6, 196.62, 4480476, 458, 0, 0
21034, 422, 7, 76, 0, 0, 13.52%, 0, 0, 6, 31.46, 4481079, 458, 0, 0
21039, 422, 6, 76, 0, 0, 13.52%, 0, 0, 6, 31.32, 4481844, 458, 0, 0
21044, 422, 75, 76, 0, 0, 13.52%, 0, 0, 6, 31.26, 4482666, 458, 0, 0
21049, 422, 36, 76, 0, 0, 13.52%, 0, 0, 6, 31.09, 4483454, 458, 0, 0
21054, 422, 5, 76, 0, 0, 13.52%, 0, 0, 6, 30.42, 4484284, 458, 0, 0
21059, 422, 5, 76, 0, 0, 13.52%, 0, 0, 6, 332.49, 4484872, 458, 0, 0
21064, 422, 75, 76, 0, 0, 13.52%, 0, 0, 6, 321.33, 4485446, 458, 0, 0
21070, 422, 20, 76, 0, 0, 13.52%, 0, 0, 6, 31.50, 4486150, 458, 0, 0
21075, 423, 75, 76, 0, 0, 13.52%, 0, 0, 6, 37.92, 4487029, 458, 0, 0
21080, 423, 75, 76, 0, 0, 13.52%, 0, 0, 6, 30.40, 4487890, 458, 0, 0
21085, 423, 75, 76, 0, 0, 13.52%, 0, 0, 6, 326.84, 4488384, 458, 0, 0
21090, 423, 55, 76, 0, 0, 13.52%, 0, 0, 6, 31.52, 4488929, 458, 0, 0
21095, 423, 4, 76, 0, 0, 13.52%, 0, 0, 6, 31.27, 4489792, 458, 0, 0
21100, 423, 5, 76, 0, 0, 13.52%, 0, 0, 6, 46.46, 4490656, 458, 0, 0
21105, 423, 54, 76, 0, 0, 13.52%, 0, 0, 6, 334.87, 4491406, 458, 0, 0
21111, 423, 75, 76, 0, 0, 13.52%, 0, 0, 6, 324.02, 4491878, 458, 0, 0
21116, 423, 75, 76, 0, 0, 13.52%, 0, 0, 6, 30.44, 4492532, 458, 0, 0
21121, 423, 75, 76, 0, 0, 13.52%, 0, 0, 6, 45.92, 4493431, 458, 0, 0
21126, 423, 6, 76, 0, 0, 13.52%, 0, 0, 6, 31.25, 4494266, 458, 0, 0
21131, 423, 6, 76, 0, 0, 13.52%, 0, 0, 6, 319.28, 4494978, 458, 0, 0
21136, 423, 75, 76, 0, 0, 13.52%, 0, 0, 6, 317.38, 4495406, 458, 0, 0
21141, 423, 75, 76, 0, 0, 13.52%, 0, 0, 6, 31.46, 4496166, 458, 0, 0
21146, 423, 17, 76, 0, 0, 13.52%, 0, 0, 6, 31.12, 4497009, 458, 0, 0
21151, 423, 75, 76, 0, 0, 13.52%, 0, 0, 6, 31.55, 4497915, 458, 0, 0
21157, 423, 75, 76, 0, 0, 13.52%, 0, 0, 6, 225.09, 4498516, 458, 0, 0
21162, 423, 28, 76, 0, 0, 13.52%, 0, 0, 6, 315.00, 4498996, 458, 0, 0
21167, 424, 55, 76, 0, 0, 13.52%, 0, 0, 6, 31.28, 4499791, 458, 0, 0
21172, 424, 75, 76, 0, 0, 13.52%, 0, 0, 6, 31.36, 4500602, 458, 0, 0
21177, 424, 45, 76, 0, 0, 13.52%, 0, 0, 6, 31.11, 4501406, 458, 0, 0
21182, 424, 5, 76, 0, 0, 13.52%, 0, 0, 6, 306.64, 4502218, 458, 0, 0
21187, 424, 7, 76, 0, 0, 13.52%, 0, 0, 6, 259.15, 4502835, 458, 0, 0
21193, 424, 5, 76, 0, 0, 13.52%, 0, 0, 6, 289.43, 4503360, 458, 0, 0
21198, 424, 75, 76, 0, 0, 13.52%, 0, 0, 6, 30.86, 4503983, 458, 0, 0
21203, 424, 75, 76, 0, 0, 13.52%, 0, 0, 6, 31.25, 4504807, 458, 0, 0
21208, 424, 26, 76, 0, 0, 13.52%, 0, 0, 6, 31.64, 4505595, 458, 0, 0
21213, 424, 51, 76, 0, 0, 13.52%, 0, 0, 6, 31.09, 4506420, 458, 0, 0
21218, 424, 26, 76, 0, 0, 13.52%, 0, 0, 6, 327.76, 4507206, 458, 0, 0
21223, 424, 55, 76, 0, 0, 13.52%, 0, 0, 6, 316.63, 4507756, 458, 0, 0
21228, 424, 75, 76, 0, 0, 13.52%, 0, 0, 6, 338.10, 4508304, 458, 0, 0
21233, 424, 12, 76, 0, 0, 13.52%, 0, 0, 6, 31.30, 4508990, 458, 0, 0
21238, 425, 4, 76, 0, 0, 13.52%, 0, 0, 6, 31.31, 4509798, 458, 0, 0
21244, 425, 75, 76, 0, 0, 13.52%, 0, 0, 6, 31.30, 4510614, 458, 0, 0
21249, 425, 20, 76, 0, 0, 13.52%, 0, 0, 6, 31.25, 4511418, 458, 0, 0
21254, 425, 4, 76, 0, 0, 13.52%, 0, 0, 6, 304.89, 4512112, 458, 0, 0
21259, 425, 75, 76, 0, 0, 13.52%, 0, 0, 6, 326.18, 4512646, 458, 0, 0
21264, 425, 2, 76, 0, 0, 13.52%, 0, 0, 6, 316.83, 4513245, 458, 0, 0
21269, 425, 20, 76, 0, 0, 13.52%, 0, 0, 6, 30.48, 4513961, 458, 0, 0
21274, 425, 75, 76, 0, 0, 13.52%, 0, 0, 6, 31.20, 4514785, 458, 0, 0
21279, 425, 75, 76, 0, 0, 13.52%, 0, 0, 6, 31.46, 4515606, 458, 0, 0
21284, 425, 55, 76, 0, 0, 13.52%, 0, 0, 6, 31.67, 4516406, 458, 0, 0
21290, 425, 75, 76, 0, 0, 13.52%, 0, 0, 6, 229.51, 4517124, 458, 0, 0
21295, 425, 12, 76, 0, 0, 13.52%, 0, 0, 6, 243.78, 4517422, 458, 0, 0
21300, 425, 26, 76, 0, 0, 13.52%, 0, 0, 6, 30.77, 4518275, 458, 0, 0
21305, 425, 75, 76, 0, 0, 13.52%, 0, 0, 6, 31.13, 4519138, 458, 0, 0
21310, 425, 4, 76, 0, 0, 13.52%, 0, 0, 6, 327.06, 4519984, 458, 0, 0
21315, 425, 31, 76, 0, 0, 13.52%, 0, 0, 6, 318.87, 4520400, 458, 0, 0
21320, 426, 75, 76, 0, 0, 13.52%, 0, 0, 6, 31.42, 4521004, 458, 0, 0
21326, 426, 26, 76, 0, 0, 13.52%, 0, 0, 6, 34.40, 4521851, 458, 0, 0
21331, 426, 75, 76, 0, 0, 13.52%, 0, 0, 6, 31.41, 4522727, 458, 0, 0
21336, 426, 75, 76, 0, 0, 13.52%, 0, 0, 6, 330.94, 4523412, 458, 0, 0
21341, 426, 26, 76, 0, 0, 13.52%, 0, 0, 6, 321.52, 4523860, 458, 0, 0
21346, 426, 75, 76, 0, 0, 13.52%, 0, 0, 6, 31.43, 4524618, 458, 0, 0
21351, 426, 17, 76, 0, 0, 13.52%, 0, 0, 6, 50.07, 4525448, 458, 0, 0
21356, 426, 28, 76, 0, 0, 13.52%, 0, 0, 6, 41.12, 4526332, 458, 0, 0
21361, 426, 46, 76, 0, 0, 13.52%, 0, 0, 6, 328.13, 4526872, 458, 0, 0
21366, 426, 75, 76, 0, 0, 13.52%, 0, 0, 6, 31.36, 4527330, 458, 0, 0
21371, 426, 26, 76, 0, 0, 13.52%, 0, 0, 6, 38.77, 4528195, 458, 0, 0
21376, 426, 5, 76, 0, 0, 13.52%, 0, 0, 6, 31.16, 4529044, 458, 0, 0
21382, 426, 6, 76, 0, 0, 13.52%, 0, 0, 6, 302.40, 4529872, 458, 0, 0
21387, 426, 17, 76, 0, 0, 13.52%, 0, 0, 6, 323.84, 4530272, 458, 0, 0
21392, 426, 75, 76, 0, 0, 13.52%, 0, 0, 6, 31.53, 4530921, 458, 0, 0
21397, 426, 75, 76, 0, 0, 13.52%, 0, 0, 6, 326.77, 4531980, 458, 0, 0
21402, 427, 46, 76, 0, 0, 13.52%, 0, 0, 6, 323.46, 4533606, 458, 0, 0
21407, 427, 75, 76, 0, 0, 13.52%, 0, 0, 6, 322.30, 4535270, 458, 0, 0
21412, 427, 75, 76, 0, 0, 13.52%, 0, 0, 6, 315.03, 4536842, 458, 0, 0
21417, 427, 28, 76, 0, 0, 13.52%, 0, 0, 6, 281.05, 4538275, 458, 0, 0
21422, 427, 74, 76, 0, 0, 13.52%, 0, 0, 6, 257.73, 4539500, 458, 0, 0
21427, 427, 75, 76, 0, 0, 13.52%, 0, 0, 6, 276.69, 4540865, 458, 0, 0
21432, 427, 75, 76, 0, 0, 13.52%, 0, 0, 6, 302.21, 4542466, 458, 0, 0
21437, 427, 20, 76, 0, 0, 13.52%, 0, 0, 6, 298.66, 4543965, 458, 0, 0
21442, 428, 51, 76, 0, 0, 13.52%, 0, 0, 6, 299.52, 4545465, 458, 0, 0
21447, 428, 23, 76, 0, 0, 13.52%, 0, 0, 6, 268.01, 4546815, 458, 0, 0
21453, 428, 20, 76, 0, 0, 13.52%, 0, 0, 6, 285.16, 4548225, 458, 0, 0
21458, 428, 28, 76, 0, 0, 13.52%, 0, 0, 6, 298.62, 4549795, 458, 0, 0
21463, 428, 5, 76, 0, 0, 13.52%, 0, 0, 6, 304.15, 4551354, 458, 0, 0
21468, 428, 2, 76, 0, 0, 13.52%, 0, 0, 6, 298.27, 4552805, 458, 0, 0
21473, 428, 75, 76, 0, 0, 13.52%, 0, 0, 6, 265.96, 4554160, 458, 0, 0
21478, 429, 75, 76, 0, 0, 13.52%, 0, 0, 6, 299.85, 4555715, 458, 0, 0
21483, 429, 75, 76, 0, 0, 13.52%, 0, 0, 6, 307.58, 4557280, 458, 0, 0
21488, 429, 21, 76, 0, 0, 13.52%, 0, 0, 6, 310.50, 4558890, 458, 0, 0
21493, 429, 26, 76, 0, 0, 13.52%, 0, 0, 6, 298.92, 4560406, 458, 0, 0
21498, 429, 75, 76, 0, 0, 13.52%, 0, 0, 6, 311.67, 4561978, 458, 0, 0
21503, 429, 75, 76, 0, 0, 13.52%, 0, 0, 6, 314.99, 4563558, 458, 0, 0
21508, 429, 75, 76, 0, 0, 13.52%, 0, 0, 6, 304.38, 4565100, 458, 0, 0
21514, 429, 20, 76, 0, 0, 13.52%, 0, 0, 6, 311.51, 4566718, 458, 0, 0
21519, 430, 6, 76, 0, 0, 13.52%, 0, 0, 6, 307.58, 4568236, 458, 0, 0
21524, 430, 7, 76, 0, 0, 13.52%, 0, 0, 6, 314.46, 4569878, 458, 0, 0
21529, 430, 75, 76, 0, 0, 13.52%, 0, 0, 6, 319.66, 4571522, 458, 0, 0
21534, 430, 75, 76, 0, 0, 13.52%, 0, 0, 6, 317.88, 4573104, 458, 0, 0
21539, 430, 17, 76, 0, 0, 13.52%, 0, 0, 6, 306.76, 4574584, 458, 0, 0
21544, 430, 75, 76, 0, 0, 13.52%, 0, 0, 6, 314.21, 4576224, 458, 0, 0
21549, 430, 75, 76, 0, 0, 13.52%, 0, 0, 6, 319.29, 4577872, 458, 0, 0
21555, 430, 75, 76, 0, 0, 13.52%, 0, 0, 6, 310.24, 4579478, 458, 0, 0
21560, 431, 51, 76, 0, 0, 13.52%, 0, 0, 6, 307.44, 4580990, 458, 0, 0
21565, 431, 6, 76, 0, 0, 13.52%, 0, 0, 6, 310.38, 4582554, 458, 0, 0
21570, 431, 26, 76, 0, 0, 13.52%, 0, 0, 6, 313.71, 4584184, 458, 0, 0
21575, 431, 74, 76, 0, 0, 13.52%, 0, 0, 6, 312.52, 4585810, 458, 0, 0
21580, 431, 13, 76, 0, 0, 13.52%, 0, 0, 6, 303.40, 4587318, 458, 0, 0
21585, 431, 28, 76, 0, 0, 13.52%, 0, 0, 6, 311.56, 4588942, 458, 0, 0
21591, 432, 4, 76, 0, 0, 13.52%, 0, 0, 6, 315.19, 4590572, 458, 0, 0
21596, 432, 6, 76, 0, 0, 13.52%, 0, 0, 6, 315.29, 4592154, 458, 0, 0
