# relative_time, cycles_done, cur_item, corpus_count, pending_total, pending_favs, map_size, saved_crashes, saved_hangs, max_depth, execs_per_sec, total_execs, edges_found, total_crashes, servers_count
61, 0, 0, 45, 45, 4, 12.57%, 0, 0, 2, 294.93, 19025, 426, 0, 0
66, 0, 0, 45, 45, 4, 12.57%, 0, 0, 2, 257.51, 20270, 426, 0, 0
71, 0, 0, 45, 45, 4, 12.57%, 0, 0, 2, 292.50, 21835, 426, 0, 0
76, 0, 0, 45, 45, 4, 12.57%, 0, 0, 2, 304.87, 23406, 426, 0, 0
81, 0, 0, 45, 45, 4, 12.57%, 0, 0, 2, 306.75, 24990, 426, 0, 0
86, 0, 0, 45, 45, 4, 12.57%, 0, 0, 2, 285.43, 26490, 426, 0, 0
91, 0, 0, 45, 45, 4, 12.57%, 0, 0, 2, 293.99, 27935, 426, 0, 0
96, 0, 0, 45, 45, 4, 12.57%, 0, 0, 2, 308.14, 29514, 426, 0, 0
101, 0, 0, 45, 45, 4, 12.57%, 0, 0, 2, 310.67, 31098, 426, 0, 0
107, 0, 0, 45, 45, 4, 12.57%, 0, 0, 2, 311.44, 32682, 426, 0, 0
112, 0, 0, 45, 45, 4, 12.57%, 0, 0, 2, 299.62, 34150, 426, 0, 0
117, 0, 0, 45, 45, 4, 12.57%, 0, 0, 2, 310.50, 35736, 426, 0, 0
122, 0, 0, 45, 45, 4, 12.57%, 0, 0, 2, 314.77, 37320, 426, 0, 0
127, 0, 0, 45, 45, 4, 12.57%, 0, 0, 2, 311.34, 38904, 426, 0, 0
132, 0, 0, 45, 45, 4, 12.57%, 0, 0, 2, 291.72, 40365, 426, 0, 0
137, 0, 0, 46, 46, 4, 12.57%, 0, 0, 2, 310.47, 42007, 426, 0, 0
142, 0, 0, 46, 46, 4, 12.57%, 0, 0, 2, 313.87, 43591, 426, 0, 0
147, 0, 0, 46, 46, 4, 12.57%, 0, 0, 2, 316.06, 45241, 426, 0, 0
152, 0, 0, 46, 46, 4, 12.57%, 0, 0, 2, 290.29, 46712, 426, 0, 0
157, 0, 0, 46, 46, 4, 12.57%, 0, 0, 2, 310.78, 48349, 426, 0, 0
163, 0, 0, 46, 46, 4, 12.57%, 0, 0, 2, 314.27, 49933, 426, 0, 0
168, 0, 0, 46, 46, 4, 12.57%, 0, 0, 2, 316.68, 51517, 426, 0, 0
173, 0, 18, 49, 42, 19, 12.60%, 0, 0, 3, 287.28, 53003, 427, 0, 0
178, 0, 45, 50, 31, 9, 12.60%, 0, 0, 3, 314.02, 54623, 427, 0, 0
183, 0, 45, 57, 38, 9, 12.72%, 0, 0, 3, 313.69, 56214, 431, 0, 0
188, 0, 45, 58, 39, 9, 12.72%, 0, 0, 3, 313.18, 57799, 431, 0, 0
193, 0, 45, 58, 39, 9, 12.72%, 0, 0, 3, 306.21, 59365, 431, 0, 0
198, 0, 45, 58, 39, 9, 12.72%, 0, 0, 3, 307.34, 60907, 431, 0, 0
203, 0, 45, 58, 39, 9, 12.72%, 0, 0, 3, 312.14, 62491, 431, 0, 0
208, 0, 45, 58, 39, 9, 12.72%, 0, 0, 3, 312.18, 64075, 431, 0, 0
213, 0, 45, 58, 39, 9, 12.72%, 0, 0, 3, 311.55, 65659, 431, 0, 0
218, 0, 45, 58, 39, 9, 12.72%, 0, 0, 3, 304.28, 67177, 431, 0, 0
224, 0, 54, 58, 30, 1, 12.72%, 0, 0, 3, 312.57, 68789, 431, 0, 0
229, 0, 35, 58, 28, 0, 12.72%, 0, 0, 3, 315.71, 70399, 431, 0, 0
234, 0, 37, 58, 25, 0, 12.72%, 0, 0, 3, 318.28, 72053, 431, 0, 0
239, 1, 3, 58, 20, 0, 12.72%, 0, 0, 3, 305.29, 73553, 431, 0, 0
244, 1, 10, 58, 17, 0, 12.72%, 0, 0, 3, 319.79, 75194, 431, 0, 0
249, 1, 1, 58, 15, 0, 12.72%, 0, 0, 3, 318.40, 76795, 431, 0, 0
254, 1, 56, 58, 15, 0, 12.72%, 0, 0, 3, 315.92, 78425, 431, 0, 0
259, 2, 52, 58, 14, 0, 12.72%, 0, 0, 3, 306.66, 79937, 431, 0, 0
264, 2, 1, 58, 13, 0, 12.72%, 0, 0, 3, 314.16, 81514, 431, 0, 0
269, 2, 37, 58, 11, 0, 12.72%, 0, 0, 3, 316.80, 83165, 431, 0, 0
275, 2, 37, 58, 9, 0, 12.72%, 0, 0, 3, 316.02, 84754, 431, 0, 0
280, 3, 27, 58, 9, 0, 12.72%, 0, 0, 3, 301.65, 86242, 431, 0, 0
285, 3, 37, 58, 8, 0, 12.72%, 0, 0, 3, 30.48, 87524, 431, 0, 0
290, 3, 35, 58, 7, 0, 12.72%, 0, 0, 3, 324.56, 88920, 431, 0, 0
295, 3, 2, 58, 7, 0, 12.72%, 0, 0, 3, 302.18, 90120, 431, 0, 0
300, 4, 33, 58, 7, 0, 12.72%, 0, 0, 3, 318.46, 91790, 431, 0, 0
305, 4, 27, 58, 7, 0, 12.72%, 0, 0, 3, 206.90, 93012, 431, 0, 0
310, 4, 2, 58, 7, 0, 12.72%, 0, 0, 3, 301.89, 94690, 431, 0, 0
315, 4, 27, 58, 7, 0, 12.72%, 0, 0, 3, 319.28, 96366, 431, 0, 0
321, 5, 50, 58, 6, 0, 12.72%, 0, 0, 3, 320.41, 97629, 431, 0, 0
326, 5, 28, 58, 5, 0, 12.72%, 0, 0, 3, 319.75, 99264, 431, 0, 0
331, 5, 25, 58, 5, 0, 12.72%, 0, 0, 3, 281.55, 100496, 431, 0, 0
336, 5, 39, 58, 5, 0, 12.72%, 0, 0, 3, 305.07, 102076, 431, 0, 0
341, 5, 33, 58, 5, 0, 12.72%, 0, 0, 3, 30.72, 103466, 431, 0, 0
346, 6, 11, 58, 5, 0, 12.72%, 0, 0, 3, 309.51, 104930, 431, 0, 0
351, 6, 27, 58, 5, 0, 12.72%, 0, 0, 3, 31.57, 106314, 431, 0, 0
356, 6, 1, 59, 6, 0, 12.72%, 0, 0, 4, 322.48, 107813, 431, 0, 0
362, 6, 36, 59, 6, 0, 12.72%, 0, 0, 4, 31.32, 109226, 431, 0, 0
367, 6, 40, 59, 5, 0, 12.72%, 0, 0, 4, 315.26, 110652, 431, 0, 0
372, 7, 53, 59, 5, 0, 12.72%, 0, 0, 4, 31.33, 112176, 431, 0, 0
377, 7, 11, 59, 4, 0, 12.72%, 0, 0, 4, 322.62, 113550, 431, 0, 0
382, 7, 18, 59, 4, 0, 12.72%, 0, 0, 4, 31.25, 115001, 431, 0, 0
387, 7, 1, 59, 4, 0, 12.72%, 0, 0, 4, 301.06, 116362, 431, 0, 0
392, 8, 59, 60, 5, 1, 12.72%, 0, 0, 4, 49.93, 117572, 431, 0, 0
397, 8, 60, 61, 5, 1, 12.75%, 0, 0, 4, 307.72, 119198, 432, 0, 0
403, 8, 60, 61, 4, 0, 12.75%, 0, 0, 4, 236.16, 120426, 432, 0, 0
408, 8, 11, 61, 4, 0, 12.75%, 0, 0, 4, 303.46, 122082, 432, 0, 0
413, 8, 33, 61, 4, 0, 12.75%, 0, 0, 4, 314.58, 123288, 432, 0, 0
418, 8, 31, 61, 4, 0, 12.75%, 0, 0, 4, 324.98, 124934, 432, 0, 0
423, 9, 26, 61, 4, 0, 12.75%, 0, 0, 4, 319.42, 126158, 432, 0, 0
428, 9, 33, 61, 4, 0, 12.75%, 0, 0, 4, 313.56, 127711, 432, 0, 0
433, 9, 40, 61, 4, 0, 12.75%, 0, 0, 4, 319.45, 128917, 432, 0, 0
438, 9, 60, 61, 4, 0, 12.75%, 0, 0, 4, 322.01, 130539, 432, 0, 0
443, 9, 25, 61, 4, 0, 12.75%, 0, 0, 4, 281.08, 131769, 432, 0, 0
448, 9, 59, 61, 4, 0, 12.75%, 0, 0, 4, 311.27, 133429, 432, 0, 0
453, 10, 59, 61, 4, 0, 12.75%, 0, 0, 4, 321.51, 134607, 432, 0, 0
459, 10, 31, 61, 3, 0, 12.75%, 0, 0, 4, 30.77, 136118, 432, 0, 0
464, 10, 35, 61, 1, 0, 12.75%, 0, 0, 4, 319.82, 137507, 432, 0, 0
469, 10, 58, 61, 1, 0, 12.75%, 0, 0, 4, 31.53, 138767, 432, 0, 0
474, 10, 59, 61, 1, 0, 12.75%, 0, 0, 4, 322.20, 140384, 432, 0, 0
479, 11, 11, 61, 1, 0, 12.75%, 0, 0, 4, 328.86, 141609, 432, 0, 0
484, 11, 1, 61, 1, 0, 12.75%, 0, 0, 4, 325.21, 143233, 432, 0, 0
489, 11, 26, 61, 1, 0, 12.75%, 0, 0, 4, 276.76, 144450, 432, 0, 0
495, 11, 23, 61, 1, 0, 12.75%, 0, 0, 4, 313.96, 146116, 432, 0, 0
500, 12, 27, 61, 1, 0, 12.75%, 0, 0, 4, 313.80, 147317, 432, 0, 0
505, 12, 36, 61, 1, 0, 12.75%, 0, 0, 4, 46.07, 148818, 432, 0, 0
510, 12, 37, 61, 1, 0, 12.75%, 0, 0, 4, 327.82, 150171, 432, 0, 0
515, 12, 25, 61, 1, 0, 12.75%, 0, 0, 4, 325.33, 151411, 432, 0, 0
520, 12, 28, 61, 1, 0, 12.75%, 0, 0, 4, 321.70, 153071, 432, 0, 0
525, 13, 60, 61, 1, 0, 12.75%, 0, 0, 4, 270.16, 154256, 432, 0, 0
530, 13, 35, 61, 1, 0, 12.75%, 0, 0, 4, 312.08, 155929, 432, 0, 0
535, 13, 11, 61, 1, 0, 12.75%, 0, 0, 4, 321.47, 157171, 432, 0, 0
541, 13, 59, 61, 1, 0, 12.75%, 0, 0, 4, 28.77, 158539, 432, 0, 0
546, 14, 60, 61, 1, 0, 12.75%, 0, 0, 4, 326.51, 160036, 432, 0, 0
551, 14, 36, 61, 1, 0, 12.75%, 0, 0, 4, 308.44, 161254, 432, 0, 0
556, 14, 59, 61, 1, 0, 12.75%, 0, 0, 4, 320.94, 162930, 432, 0, 0
561, 14, 2, 61, 1, 0, 12.75%, 0, 0, 4, 326.80, 164172, 432, 0, 0
566, 14, 1, 61, 1, 0, 12.75%, 0, 0, 4, 314.40, 165772, 432, 0, 0
571, 15, 34, 61, 0, 0, 12.75%, 0, 0, 4, 324.83, 166992, 432, 0, 0
576, 15, 32, 61, 0, 0, 12.75%, 0, 0, 4, 287.13, 168190, 432, 0, 0
581, 15, 53, 61, 0, 0, 12.75%, 0, 0, 4, 316.69, 169822, 432, 0, 0
587, 15, 33, 61, 0, 0, 12.75%, 0, 0, 4, 322.09, 171046, 432, 0, 0
592, 15, 27, 61, 0, 0, 12.75%, 0, 0, 4, 321.93, 172668, 432, 0, 0
597, 16, 33, 61, 0, 0, 12.75%, 0, 0, 4, 290.88, 173872, 432, 0, 0
602, 16, 35, 67, 6, 0, 13.40%, 0, 0, 4, 31.17, 175318, 454, 0, 0
607, 16, 35, 70, 9, 0, 13.43%, 0, 0, 4, 283.23, 176620, 455, 0, 0
612, 16, 35, 70, 9, 0, 13.43%, 0, 0, 4, 308.46, 177776, 455, 0, 0
617, 16, 35, 72, 11, 0, 13.49%, 0, 0, 4, 311.73, 179361, 457, 0, 0
622, 16, 35, 73, 12, 0, 13.52%, 0, 0, 4, 310.74, 180550, 458, 0, 0
627, 16, 35, 73, 12, 0, 13.52%, 0, 0, 4, 314.89, 182140, 458, 0, 0
632, 16, 35, 73, 12, 0, 13.52%, 0, 0, 4, 274.50, 183317, 458, 0, 0
637, 16, 35, 73, 12, 0, 13.52%, 0, 0, 4, 304.46, 184883, 458, 0, 0
642, 16, 35, 73, 12, 0, 13.52%, 0, 0, 4, 320.18, 186047, 458, 0, 0
647, 16, 35, 73, 12, 0, 13.52%, 0, 0, 4, 30.18, 187395, 458, 0, 0
652, 16, 69, 73, 12, 4, 13.52%, 0, 0, 4, 310.66, 188767, 458, 0, 0
658, 16, 71, 73, 10, 2, 13.52%, 0, 0, 4, 295.66, 189947, 458, 0, 0
663, 16, 64, 73, 8, 0, 13.52%, 0, 0, 4, 303.39, 191504, 458, 0, 0
668, 16, 64, 73, 8, 0, 13.52%, 0, 0, 4, 297.32, 192689, 458, 0, 0
673, 16, 67, 73, 7, 0, 13.52%, 0, 0, 4, 31.25, 194069, 458, 0, 0
679, 16, 61, 73, 6, 0, 13.52%, 0, 0, 4, 276.53, 195758, 458, 0, 0
684, 16, 11, 73, 5, 0, 13.52%, 0, 0, 4, 253.94, 196931, 458, 0, 0
689, 16, 34, 73, 5, 0, 13.52%, 0, 0, 4, 309.55, 198595, 458, 0, 0
694, 16, 4, 73, 5, 0, 13.52%, 0, 0, 4, 319.60, 199808, 458, 0, 0
699, 16, 26, 73, 5, 0, 13.52%, 0, 0, 4, 31.24, 201099, 458, 0, 0
704, 17, 27, 73, 5, 0, 13.52%, 0, 0, 4, 322.89, 202672, 458, 0, 0
711, 17, 66, 73, 5, 0, 13.52%, 0, 0, 4, 310.30, 204317, 458, 0, 0
716, 17, 60, 73, 4, 0, 13.52%, 0, 0, 4, 56.75, 205628, 458, 0, 0
721, 17, 32, 73, 4, 0, 13.52%, 0, 0, 4, 308.91, 207101, 458, 0, 0
726, 17, 32, 73, 4, 0, 13.52%, 0, 0, 4, 276.22, 208282, 458, 0, 0
731, 17, 4, 73, 4, 0, 13.52%, 0, 0, 4, 311.70, 209941, 458, 0, 0
736, 18, 59, 73, 4, 0, 13.52%, 0, 0, 4, 251.21, 211161, 458, 0, 0
741, 18, 27, 73, 4, 0, 13.52%, 0, 0, 4, 30.32, 212576, 458, 0, 0
747, 18, 2, 73, 4, 0, 13.52%, 0, 0, 4, 310.95, 214053, 458, 0, 0
752, 18, 43, 73, 4, 0, 13.52%, 0, 0, 4, 206.96, 215244, 458, 0, 0
757, 18, 18, 73, 4, 0, 13.52%, 0, 0, 4, 300.22, 216912, 458, 0, 0
762, 18, 1, 73, 4, 0, 13.52%, 0, 0, 4, 321.27, 218095, 458, 0, 0
767, 19, 60, 73, 4, 0, 13.52%, 0, 0, 4, 48.15, 219537, 458, 0, 0
772, 19, 8, 73, 4, 0, 13.52%, 0, 0, 4, 318.91, 220941, 458, 0, 0
777, 19, 53, 73, 4, 0, 13.52%, 0, 0, 4, 329.93, 222141, 458, 0, 0
782, 19, 33, 73, 4, 0, 13.52%, 0, 0, 4, 324.40, 223813, 458, 0, 0
787, 19, 31, 73, 4, 0, 13.52%, 0, 0, 4, 315.94, 224983, 458, 0, 0
793, 19, 65, 73, 4, 0, 13.52%, 0, 0, 4, 47.29, 226195, 458, 0, 0
798, 19, 60, 73, 3, 0, 13.52%, 0, 0, 4, 325.54, 227828, 458, 0, 0
803, 20, 40, 73, 3, 0, 13.52%, 0, 0, 4, 321.83, 229010, 458, 0, 0
808, 20, 71, 73, 3, 0, 13.52%, 0, 0, 4, 323.14, 230634, 458, 0, 0
813, 20, 60, 73, 3, 0, 13.52%, 0, 0, 4, 318.43, 231840, 458, 0, 0
818, 20, 37, 73, 3, 0, 13.52%, 0, 0, 4, 31.37, 233102, 458, 0, 0
823, 20, 11, 73, 3, 0, 13.52%, 0, 0, 4, 321.88, 234646, 458, 0, 0
829, 20, 62, 73, 3, 0, 13.52%, 0, 0, 4, 329.68, 236193, 458, 0, 0
834, 20, 68, 73, 2, 0, 13.52%, 0, 0, 4, 313.27, 237437, 458, 0, 0
839, 21, 60, 73, 1, 0, 13.52%, 0, 0, 4, 323.59, 239085, 458, 0, 0
845, 21, 34, 73, 1, 0, 13.52%, 0, 0, 4, 283.47, 240307, 458, 0, 0
850, 21, 59, 73, 1, 0, 13.52%, 0, 0, 4, 31.25, 241779, 458, 0, 0
855, 21, 31, 73, 1, 0, 13.52%, 0, 0, 4, 308.96, 243179, 458, 0, 0
860, 21, 32, 73, 1, 0, 13.52%, 0, 0, 4, 311.52, 244397, 458, 0, 0
865, 22, 60, 73, 1, 0, 13.52%, 0, 0, 4, 322.87, 246085, 458, 0, 0
870, 22, 13, 73, 1, 0, 13.52%, 0, 0, 4, 322.05, 247303, 458, 0, 0
875, 22, 2, 73, 1, 0, 13.52%, 0, 0, 4, 315.00, 248488, 458, 0, 0
881, 22, 35, 73, 1, 0, 13.52%, 0, 0, 4, 318.29, 250155, 458, 0, 0
886, 22, 36, 73, 1, 0, 13.52%, 0, 0, 4, 280.95, 251357, 458, 0, 0
891, 22, 43, 73, 1, 0, 13.52%, 0, 0, 4, 31.41, 252856, 458, 0, 0
896, 23, 60, 73, 1, 0, 13.52%, 0, 0, 4, 292.49, 254193, 458, 0, 0
901, 23, 28, 73, 1, 0, 13.52%, 0, 0, 4, 322.30, 255428, 458, 0, 0
906, 23, 60, 73, 1, 0, 13.52%, 0, 0, 4, 315.55, 257017, 458, 0, 0
911, 23, 31, 73, 1, 0, 13.52%, 0, 0, 4, 294.56, 258224, 458, 0, 0
916, 23, 28, 73, 1, 0, 13.52%, 0, 0, 4, 31.25, 259532, 458, 0, 0
922, 23, 25, 73, 1, 0, 13.52%, 0, 0, 4, 295.35, 261129, 458, 0, 0
927, 24, 27, 73, 1, 0, 13.52%, 0, 0, 4, 317.15, 262292, 458, 0, 0
932, 24, 31, 73, 1, 0, 13.52%, 0, 0, 4, 323.93, 263986, 458, 0, 0
937, 24, 11, 73, 1, 0, 13.52%, 0, 0, 4, 289.88, 265144, 458, 0, 0
942, 24, 28, 73, 1, 0, 13.52%, 0, 0, 4, 31.31, 266366, 458, 0, 0
947, 24, 59, 73, 1, 0, 13.52%, 0, 0, 4, 296.27, 267989, 458, 0, 0
952, 24, 35, 73, 1, 0, 13.52%, 0, 0, 4, 317.97, 269238, 458, 0, 0
957, 25, 43, 73, 1, 0, 13.52%, 0, 0, 4, 34.39, 270763, 458, 0, 0
962, 25, 43, 73, 1, 0, 13.52%, 0, 0, 4, 302.33, 272110, 458, 0, 0
968, 25, 1, 73, 1, 0, 13.52%, 0, 0, 4, 327.13, 273304, 458, 0, 0
973, 25, 25, 73, 0, 0, 13.52%, 0, 0, 4, 321.64, 274942, 458, 0, 0
978, 25, 25, 73, 0, 0, 13.52%, 0, 0, 4, 287.68, 276153, 458, 0, 0
983, 25, 32, 73, 0, 0, 13.52%, 0, 0, 4, 31.34, 277499, 458, 0, 0
988, 25, 33, 73, 0, 0, 13.52%, 0, 0, 4, 289.06, 279008, 458, 0, 0
993, 26, 60, 73, 0, 0, 13.52%, 0, 0, 4, 239.69, 280235, 458, 0, 0
998, 26, 60, 73, 0, 0, 13.52%, 0, 0, 4, 292.02, 281876, 458, 0, 0
1003, 26, 59, 73, 0, 0, 13.52%, 0, 0, 4, 285.64, 283149, 458, 0, 0
1009, 26, 36, 73, 0, 0, 13.52%, 0, 0, 4, 180.59, 284383, 458, 0, 0
1014, 26, 45, 73, 0, 0, 13.52%, 0, 0, 4, 296.09, 286049, 458, 0, 0
1019, 27, 48, 73, 0, 0, 13.52%, 0, 0, 4, 246.88, 287280, 458, 0, 0
1024, 27, 4, 73, 0, 0, 13.52%, 0, 0, 4, 31.36, 288764, 458, 0, 0
1029, 27, 1, 73, 0, 0, 13.52%, 0, 0, 4, 324.47, 290161, 458, 0, 0
1034, 27, 18, 73, 0, 0, 13.52%, 0, 0, 4, 306.84, 291403, 458, 0, 0
1040, 27, 27, 73, 0, 0, 13.52%, 0, 0, 4, 318.58, 293009, 458, 0, 0
1045, 27, 59, 73, 0, 0, 13.52%, 0, 0, 4, 326.45, 294225, 458, 0, 0
1050, 28, 33, 73, 0, 0, 13.52%, 0, 0, 4, 31.06, 295632, 458, 0, 0
1055, 28, 36, 73, 0, 0, 13.52%, 0, 0, 4, 325.57, 297049, 458, 0, 0
1060, 28, 36, 73, 0, 0, 13.52%, 0, 0, 4, 322.78, 298291, 458, 0, 0
1065, 28, 11, 73, 0, 0, 13.52%, 0, 0, 4, 321.22, 299960, 458, 0, 0
1070, 28, 27, 73, 0, 0, 13.52%, 0, 0, 4, 319.08, 301154, 458, 0, 0
1075, 28, 60, 73, 0, 0, 13.52%, 0, 0, 4, 31.24, 302534, 458, 0, 0
1080, 29, 60, 73, 0, 0, 13.52%, 0, 0, 4, 326.79, 303992, 458, 0, 0
1085, 29, 32, 73, 0, 0, 13.52%, 0, 0, 4, 239.60, 305190, 458, 0, 0
1091, 29, 33, 73, 0, 0, 13.52%, 0, 0, 4, 307.97, 306878, 458, 0, 0
1096, 29, 19, 73, 0, 0, 13.52%, 0, 0, 4, 326.42, 308112, 458, 0, 0
1101, 29, 43, 73, 0, 0, 13.52%, 0, 0, 4, 31.34, 309457, 458, 0, 0
1106, 30, 28, 73, 0, 0, 13.52%, 0, 0, 4, 304.78, 311001, 458, 0, 0
1111, 30, 27, 73, 0, 0, 13.52%, 0, 0, 4, 317.52, 312220, 458, 0, 0
1116, 30, 33, 73, 0, 0, 13.52%, 0, 0, 4, 320.80, 313844, 458, 0, 0
1121, 30, 35, 73, 0, 0, 13.52%, 0, 0, 4, 321.39, 315056, 458, 0, 0
1126, 30, 60, 73, 0, 0, 13.52%, 0, 0, 4, 30.70, 316385, 458, 0, 0
1132, 30, 37, 73, 0, 0, 13.52%, 0, 0, 4, 321.46, 317932, 458, 0, 0
1137, 31, 35, 73, 0, 0, 13.52%, 0, 0, 4, 316.84, 319138, 458, 0, 0
1142, 31, 72, 73, 0, 0, 13.52%, 0, 0, 4, 322.22, 320826, 458, 0, 0
1147, 31, 72, 73, 0, 0, 13.52%, 0, 0, 4, 282.47, 322021, 458, 0, 0
1152, 31, 25, 73, 0, 0, 13.52%, 0, 0, 4, 31.45, 323350, 458, 0, 0
1157, 31, 59, 73, 0, 0, 13.52%, 0, 0, 4, 297.41, 324826, 458, 0, 0
1162, 31, 43, 73, 0, 0, 13.52%, 0, 0, 4, 221.08, 326072, 458, 0, 0
1167, 32, 71, 73, 0, 0, 13.52%, 0, 0, 4, 302.56, 327750, 458, 0, 0
1172, 32, 33, 73, 0, 0, 13.52%, 0, 0, 4, 318.36, 328939, 458, 0, 0
1178, 32, 31, 73, 0, 0, 13.52%, 0, 0, 4, 31.39, 330376, 458, 0, 0
1183, 32, 36, 73, 0, 0, 13.52%, 0, 0, 4, 319.85, 331793, 458, 0, 0
1188, 32, 0, 73, 0, 0, 13.52%, 0, 0, 4, 324.36, 333021, 458, 0, 0
1193, 33, 59, 73, 0, 0, 13.52%, 0, 0, 4, 324.56, 334651, 458, 0, 0
1198, 33, 2, 73, 0, 0, 13.52%, 0, 0, 4, 320.77, 335863, 458, 0, 0
1203, 33, 72, 73, 0, 0, 13.52%, 0, 0, 4, 46.88, 337421, 458, 0, 0
1208, 33, 59, 73, 0, 0, 13.52%, 0, 0, 4, 310.11, 338715, 458, 0, 0
1213, 33, 31, 73, 0, 0, 13.52%, 0, 0, 4, 310.03, 339909, 458, 0, 0
1218, 33, 60, 73, 0, 0, 13.52%, 0, 0, 4, 319.44, 341571, 458, 0, 0
1224, 34, 28, 73, 0, 0, 13.52%, 0, 0, 4, 317.00, 342787, 458, 0, 0
1229, 34, 60, 73, 0, 0, 13.52%, 0, 0, 4, 323.95, 344427, 458, 0, 0
1234, 34, 2, 73, 0, 0, 13.52%, 0, 0, 4, 311.32, 345633, 458, 0, 0
1239, 34, 27, 73, 0, 0, 13.52%, 0, 0, 4, 207.92, 346839, 458, 0, 0
1244, 34, 60, 73, 0, 0, 13.52%, 0, 0, 4, 299.03, 348492, 458, 0, 0
1249, 34, 26, 73, 0, 0, 13.52%, 0, 0, 4, 324.46, 349727, 458, 0, 0
1254, 35, 4, 73, 0, 0, 13.52%, 0, 0, 4, 318.88, 351303, 458, 0, 0
1259, 35, 60, 73, 0, 0, 13.52%, 0, 0, 4, 320.91, 352503, 458, 0, 0
1264, 35, 35, 73, 0, 0, 13.52%, 0, 0, 4, 37.77, 353768, 458, 0, 0
1269, 35, 47, 73, 0, 0, 13.52%, 0, 0, 4, 299.49, 355402, 458, 0, 0
1275, 35, 33, 73, 0, 0, 13.52%, 0, 0, 4, 322.95, 356587, 458, 0, 0
1280, 36, 32, 73, 0, 0, 13.52%, 0, 0, 4, 321.11, 358251, 458, 0, 0
1285, 36, 18, 73, 0, 0, 13.52%, 0, 0, 4, 322.86, 359463, 458, 0, 0
1290, 36, 1, 73, 0, 0, 13.52%, 0, 0, 4, 31.03, 360829, 458, 0, 0
1295, 36, 31, 73, 0, 0, 13.52%, 0, 0, 4, 322.70, 362269, 458, 0, 0
1300, 36, 33, 73, 0, 0, 13.52%, 0, 0, 4, 330.19, 363463, 458, 0, 0
1305, 36, 60, 74, 1, 0, 13.52%, 0, 0, 5, 322.53, 365122, 458, 0, 0
1310, 36, 73, 74, 1, 0, 13.52%, 0, 0, 5, 318.12, 366349, 458, 0, 0
1316, 37, 27, 74, 0, 0, 13.52%, 0, 0, 5, 30.96, 367701, 458, 0, 0
1321, 37, 73, 74, 0, 0, 13.52%, 0, 0, 5, 307.48, 369217, 458, 0, 0
1326, 37, 73, 74, 0, 0, 13.52%, 0, 0, 5, 316.83, 370389, 458, 0, 0
1331, 37, 18, 74, 0, 0, 13.52%, 0, 0, 5, 319.78, 372053, 458, 0, 0
1336, 37, 73, 74, 0, 0, 13.52%, 0, 0, 5, 294.38, 373277, 458, 0, 0
1341, 37, 73, 74, 0, 0, 13.52%, 0, 0, 5, 31.09, 374743, 458, 0, 0
1346, 37, 73, 74, 0, 0, 13.52%, 0, 0, 5, 278.45, 376087, 458, 0, 0
1351, 37, 18, 74, 0, 0, 13.52%, 0, 0, 5, 318.54, 377263, 458, 0, 0
1356, 37, 26, 74, 0, 0, 13.52%, 0, 0, 5, 321.78, 378923, 458, 0, 0
1361, 37, 73, 74, 0, 0, 13.52%, 0, 0, 5, 304.94, 380145, 458, 0, 0
1366, 37, 73, 74, 0, 0, 13.52%, 0, 0, 5, 42.97, 381561, 458, 0, 0
1372, 38, 32, 74, 0, 0, 13.52%, 0, 0, 5, 324.67, 383005, 458, 0, 0
1377, 38, 60, 74, 0, 0, 13.52%, 0, 0, 5, 292.18, 384262, 458, 0, 0
1382, 38, 43, 74, 0, 0, 13.52%, 0, 0, 5, 317.33, 385923, 458, 0, 0
1387, 38, 60, 74, 0, 0, 13.52%, 0, 0, 5, 261.28, 387132, 458, 0, 0
1392, 38, 11, 74, 0, 0, 13.52%, 0, 0, 5, 46.56, 388488, 458, 0, 0
1397, 38, 25, 74, 0, 0, 13.52%, 0, 0, 5, 326.36, 390005, 458, 0, 0
1402, 38, 73, 74, 0, 0, 13.52%, 0, 0, 5, 265.55, 391242, 458, 0, 0
1408, 38, 43, 74, 0, 0, 13.52%, 0, 0, 5, 310.20, 392899, 458, 0, 0
1413, 38, 4, 74, 0, 0, 13.52%, 0, 0, 5, 327.48, 394112, 458, 0, 0
1418, 39, 73, 74, 0, 0, 13.52%, 0, 0, 5, 30.31, 395345, 458, 0, 0
1423, 39, 73, 74, 0, 0, 13.52%, 0, 0, 5, 319.60, 396884, 458, 0, 0
1428, 39, 32, 74, 0, 0, 13.52%, 0, 0, 5, 215.98, 398076, 458, 0, 0
1433, 39, 32, 74, 0, 0, 13.52%, 0, 0, 5, 300.79, 399748, 458, 0, 0
1438, 39, 73, 74, 0, 0, 13.52%, 0, 0, 5, 255.58, 400973, 458, 0, 0
1443, 39, 73, 74, 0, 0, 13.52%, 0, 0, 5, 36.43, 402343, 458, 0, 0
1448, 39, 73, 74, 0, 0, 13.52%, 0, 0, 5, 300.03, 403883, 458, 0, 0
1454, 39, 73, 74, 0, 0, 13.52%, 0, 0, 5, 326.53, 405090, 458, 0, 0
1459, 39, 73, 74, 0, 0, 13.52%, 0, 0, 5, 325.12, 406762, 458, 0, 0
1464, 39, 32, 74, 0, 0, 13.52%, 0, 0, 5, 294.44, 407978, 458, 0, 0
1469, 40, 60, 74, 0, 0, 13.52%, 0, 0, 5, 30.61, 409450, 458, 0, 0
1474, 40, 73, 74, 0, 0, 13.52%, 0, 0, 5, 319.60, 410802, 458, 0, 0
1479, 40, 73, 74, 0, 0, 13.52%, 0, 0, 5, 213.73, 412008, 458, 0, 0
1484, 40, 32, 74, 0, 0, 13.52%, 0, 0, 5, 300.13, 413678, 458, 0, 0
1489, 40, 26, 74, 0, 0, 13.52%, 0, 0, 5, 327.16, 414878, 458, 0, 0
1494, 40, 73, 74, 0, 0, 13.52%, 0, 0, 5, 321.05, 416514, 458, 0, 0
1500, 40, 28, 74, 0, 0, 13.52%, 0, 0, 5, 312.52, 417742, 458, 0, 0
1505, 40, 73, 74, 0, 0, 13.52%, 0, 0, 5, 187.09, 418957, 458, 0, 0
1510, 40, 73, 74, 0, 0, 13.52%, 0, 0, 5, 297.25, 420643, 458, 0, 0
1515, 40, 32, 74, 0, 0, 13.52%, 0, 0, 5, 298.50, 421898, 458, 0, 0
1520, 41, 73, 74, 0, 0, 13.52%, 0, 0, 5, 317.09, 423571, 458, 0, 0
1525, 41, 73, 74, 0, 0, 13.52%, 0, 0, 5, 321.34, 424785, 458, 0, 0
1530, 41, 66, 74, 0, 0, 13.52%, 0, 0, 5, 30.69, 426056, 458, 0, 0
1536, 41, 4, 74, 0, 0, 13.52%, 0, 0, 5, 323.46, 427669, 458, 0, 0
1541, 41, 32, 74, 0, 0, 13.52%, 0, 0, 5, 280.71, 428898, 458, 0, 0
1546, 41, 60, 74, 0, 0, 13.52%, 0, 0, 5, 314.92, 430569, 458, 0, 0
1551, 41, 2, 74, 0, 0, 13.52%, 0, 0, 5, 320.43, 431817, 458, 0, 0
1556, 41, 28, 74, 0, 0, 13.52%, 0, 0, 5, 31.17, 433230, 458, 0, 0
1561, 41, 28, 74, 0, 0, 13.52%, 0, 0, 5, 322.56, 434659, 458, 0, 0
1566, 42, 27, 74, 0, 0, 13.52%, 0, 0, 5, 214.08, 435847, 458, 0, 0
1571, 42, 54, 74, 0, 0, 13.52%, 0, 0, 5, 301.42, 437517, 458, 0, 0
1577, 42, 73, 74, 0, 0, 13.52%, 0, 0, 5, 294.49, 438733, 458, 0, 0
1582, 42, 73, 74, 0, 0, 13.52%, 0, 0, 5, 308.22, 440369, 458, 0, 0
1587, 42, 21, 74, 0, 0, 13.52%, 0, 0, 5, 282.94, 441638, 458, 0, 0
1592, 42, 32, 74, 0, 0, 13.52%, 0, 0, 5, 330.00, 442863, 458, 0, 0
1597, 42, 73, 74, 0, 0, 13.52%, 0, 0, 5, 324.68, 444531, 458, 0, 0
1602, 42, 60, 74, 0, 0, 13.52%, 0, 0, 5, 260.78, 445748, 458, 0, 0
1608, 43, 16, 74, 0, 0, 13.52%, 0, 0, 5, 309.49, 447411, 458, 0, 0
1613, 43, 27, 74, 0, 0, 13.52%, 0, 0, 5, 322.86, 448605, 458, 0, 0
1618, 43, 73, 74, 0, 0, 13.52%, 0, 0, 5, 31.25, 450018, 458, 0, 0
1623, 43, 73, 74, 0, 0, 13.52%, 0, 0, 5, 290.67, 451478, 458, 0, 0
1628, 43, 43, 74, 0, 0, 13.52%, 0, 0, 5, 275.01, 452653, 458, 0, 0
1633, 43, 73, 74, 0, 0, 13.52%, 0, 0, 5, 316.03, 454331, 458, 0, 0
1638, 43, 73, 74, 0, 0, 13.52%, 0, 0, 5, 314.43, 455537, 458, 0, 0
1643, 43, 73, 74, 0, 0, 13.52%, 0, 0, 5, 320.52, 457207, 458, 0, 0
1648, 44, 32, 74, 0, 0, 13.52%, 0, 0, 5, 230.46, 458435, 458, 0, 0
1654, 44, 2, 74, 0, 0, 13.52%, 0, 0, 5, 31.18, 459832, 458, 0, 0
1659, 44, 38, 74, 0, 0, 13.52%, 0, 0, 5, 318.24, 461259, 458, 0, 0
1664, 44, 73, 74, 0, 0, 13.52%, 0, 0, 5, 301.06, 462473, 458, 0, 0
1669, 44, 73, 74, 0, 0, 13.52%, 0, 0, 5, 320.39, 464153, 458, 0, 0
1674, 44, 4, 74, 0, 0, 13.52%, 0, 0, 5, 327.77, 465381, 458, 0, 0
1679, 44, 50, 74, 0, 0, 13.52%, 0, 0, 5, 323.56, 467041, 458, 0, 0
1684, 44, 73, 74, 0, 0, 13.52%, 0, 0, 5, 305.04, 468253, 458, 0, 0
1689, 44, 73, 74, 0, 0, 13.52%, 0, 0, 5, 30.83, 469620, 458, 0, 0
1695, 44, 73, 74, 0, 0, 13.52%, 0, 0, 5, 323.26, 471171, 458, 0, 0
1700, 44, 27, 74, 0, 0, 13.52%, 0, 0, 5, 333.21, 472405, 458, 0, 0
1705, 45, 60, 74, 0, 0, 13.52%, 0, 0, 5, 324.75, 474071, 458, 0, 0
1710, 45, 43, 74, 0, 0, 13.52%, 0, 0, 5, 314.77, 475287, 458, 0, 0
1715, 45, 25, 74, 0, 0, 13.52%, 0, 0, 5, 315.22, 476953, 458, 0, 0
1720, 45, 73, 74, 0, 0, 13.52%, 0, 0, 5, 322.05, 478217, 458, 0, 0
1726, 45, 73, 74, 0, 0, 13.52%, 0, 0, 5, 33.53, 479460, 458, 0, 0
1731, 45, 73, 74, 0, 0, 13.52%, 0, 0, 5, 317.67, 481051, 458, 0, 0
1736, 45, 73, 74, 0, 0, 13.52%, 0, 0, 5, 317.27, 482281, 458, 0, 0
1741, 45, 25, 74, 0, 0, 13.52%, 0, 0, 5, 324.50, 483941, 458, 0, 0
1746, 45, 73, 74, 0, 0, 13.52%, 0, 0, 5, 285.43, 485098, 458, 0, 0
1751, 46, 60, 74, 0, 0, 13.52%, 0, 0, 5, 315.53, 486761, 458, 0, 0
1756, 46, 73, 74, 0, 0, 13.52%, 0, 0, 5, 285.01, 487983, 458, 0, 0
1761, 46, 73, 74, 0, 0, 13.52%, 0, 0, 5, 30.41, 489299, 458, 0, 0
1767, 46, 73, 74, 0, 0, 13.52%, 0, 0, 5, 300.14, 490868, 458, 0, 0
1772, 46, 73, 74, 0, 0, 13.52%, 0, 0, 5, 204.97, 492061, 458, 0, 0
1777, 46, 43, 74, 0, 0, 13.52%, 0, 0, 5, 299.02, 493733, 458, 0, 0
1782, 46, 28, 74, 0, 0, 13.52%, 0, 0, 5, 318.65, 494905, 458, 0, 0
1787, 46, 43, 74, 0, 0, 13.52%, 0, 0, 5, 30.34, 496369, 458, 0, 0
1792, 46, 60, 74, 0, 0, 13.52%, 0, 0, 5, 323.42, 497793, 458, 0, 0
1797, 47, 27, 74, 0, 0, 13.52%, 0, 0, 5, 290.18, 499028, 458, 0, 0
1802, 47, 25, 74, 0, 0, 13.52%, 0, 0, 5, 316.09, 500687, 458, 0, 0
1808, 47, 54, 74, 0, 0, 13.52%, 0, 0, 5, 275.94, 501903, 458, 0, 0
1813, 47, 73, 74, 0, 0, 13.52%, 0, 0, 5, 313.54, 503577, 458, 0, 0
1818, 47, 60, 74, 0, 0, 13.52%, 0, 0, 5, 322.36, 504807, 458, 0, 0
1823, 47, 73, 74, 0, 0, 13.52%, 0, 0, 5, 30.41, 506137, 458, 0, 0
1828, 47, 28, 74, 0, 0, 13.52%, 0, 0, 5, 326.01, 507687, 458, 0, 0
1833, 47, 73, 74, 0, 0, 13.52%, 0, 0, 5, 324.12, 508904, 458, 0, 0
1839, 48, 26, 74, 0, 0, 13.52%, 0, 0, 5, 323.69, 510582, 458, 0, 0
1844, 48, 73, 74, 0, 0, 13.52%, 0, 0, 5, 323.74, 511762, 458, 0, 0
1849, 48, 73, 74, 0, 0, 13.52%, 0, 0, 5, 323.54, 513422, 458, 0, 0
1854, 48, 73, 74, 0, 0, 13.52%, 0, 0, 5, 292.65, 514619, 458, 0, 0
1859, 48, 73, 74, 0, 0, 13.52%, 0, 0, 5, 174.13, 515807, 458, 0, 0
1864, 48, 73, 74, 0, 0, 13.52%, 0, 0, 5, 293.40, 517463, 458, 0, 0
1869, 48, 73, 74, 0, 0, 13.52%, 0, 0, 5, 216.21, 518652, 458, 0, 0
1874, 48, 28, 74, 0, 0, 13.52%, 0, 0, 5, 303.30, 520330, 458, 0, 0
1879, 48, 16, 74, 0, 0, 13.52%, 0, 0, 5, 318.20, 521506, 458, 0, 0
1884, 48, 73, 74, 0, 0, 13.52%, 0, 0, 5, 30.95, 522878, 458, 0, 0
1890, 48, 60, 74, 0, 0, 13.52%, 0, 0, 5, 310.29, 524384, 458, 0, 0
1895, 48, 31, 74, 0, 0, 13.52%, 0, 0, 5, 291.78, 525619, 458, 0, 0
1900, 49, 73, 74, 0, 0, 13.52%, 0, 0, 5, 318.38, 527293, 458, 0, 0
1905, 49, 73, 74, 0, 0, 13.52%, 0, 0, 5, 313.25, 528487, 458, 0, 0
1910, 49, 60, 74, 0, 0, 13.52%, 0, 0, 5, 317.57, 530141, 458, 0, 0
1915, 49, 73, 74, 0, 0, 13.52%, 0, 0, 5, 275.21, 531364, 458, 0, 0
1920, 49, 43, 74, 0, 0, 13.52%, 0, 0, 5, 31.34, 532770, 458, 0, 0
1925, 49, 60, 74, 0, 0, 13.52%, 0, 0, 5, 320.91, 534157, 458, 0, 0
1930, 49, 73, 74, 0, 0, 13.52%, 0, 0, 5, 193.67, 535342, 458, 0, 0
1935, 49, 27, 74, 0, 0, 13.52%, 0, 0, 5, 294.43, 536989, 458, 0, 0
1940, 49, 32, 74, 0, 0, 13.52%, 0, 0, 5, 264.00, 538174, 458, 0, 0
1946, 49, 73, 74, 0, 0, 13.52%, 0, 0, 5, 311.14, 539841, 458, 0, 0
1951, 50, 60, 74, 0, 0, 13.52%, 0, 0, 5, 321.91, 541069, 458, 0, 0
1956, 50, 73, 74, 0, 0, 13.52%, 0, 0, 5, 305.67, 542621, 458, 0, 0
1961, 50, 32, 74, 0, 0, 13.52%, 0, 0, 5, 319.79, 543863, 458, 0, 0
1966, 50, 73, 74, 0, 0, 13.52%, 0, 0, 5, 30.32, 545140, 458, 0, 0
1971, 50, 27, 74, 0, 0, 13.52%, 0, 0, 5, 318.81, 546735, 458, 0, 0
1976, 50, 60, 74, 0, 0, 13.52%, 0, 0, 5, 212.15, 547971, 458, 0, 0
1981, 50, 73, 74, 0, 0, 13.52%, 0, 0, 5, 300.48, 549619, 458, 0, 0
1987, 50, 73, 74, 0, 0, 13.52%, 0, 0, 5, 317.34, 550793, 458, 0, 0
1992, 50, 60, 74, 0, 0, 13.52%, 0, 0, 5, 321.90, 552457, 458, 0, 0
1997, 51, 73, 74, 0, 0, 13.52%, 0, 0, 5, 323.08, 553705, 458, 0, 0
2002, 51, 73, 74, 0, 0, 13.52%, 0, 0, 5, 308.84, 555331, 458, 0, 0
2007, 51, 73, 74, 0, 0, 13.52%, 0, 0, 5, 320.54, 556651, 458, 0, 0
2012, 51, 43, 74, 0, 0, 13.52%, 0, 0, 5, 30.32, 557926, 458, 0, 0
2018, 51, 60, 74, 0, 0, 13.52%, 0, 0, 5, 300.19, 559499, 458, 0, 0
2023, 51, 32, 74, 0, 0, 13.52%, 0, 0, 5, 238.78, 560687, 458, 0, 0
2028, 51, 73, 74, 0, 0, 13.52%, 0, 0, 5, 308.47, 562381, 458, 0, 0
2033, 51, 73, 74, 0, 0, 13.52%, 0, 0, 5, 255.13, 563614, 458, 0, 0
2038, 51, 11, 74, 0, 0, 13.52%, 0, 0, 5, 307.12, 565275, 458, 0, 0
2043, 51, 32, 74, 0, 0, 13.52%, 0, 0, 5, 285.13, 566479, 458, 0, 0
2048, 52, 73, 74, 0, 0, 13.52%, 0, 0, 5, 31.47, 567984, 458, 0, 0
2053, 52, 2, 74, 0, 0, 13.52%, 0, 0, 5, 304.12, 569345, 458, 0, 0
2059, 52, 73, 74, 0, 0, 13.52%, 0, 0, 5, 330.00, 570594, 458, 0, 0
2064, 52, 72, 74, 0, 0, 13.52%, 0, 0, 5, 319.12, 572235, 458, 0, 0
2069, 52, 27, 74, 0, 0, 13.52%, 0, 0, 5, 220.90, 573447, 458, 0, 0
2074, 52, 60, 74, 0, 0, 13.52%, 0, 0, 5, 302.71, 575107, 458, 0, 0
2079, 52, 27, 74, 0, 0, 13.52%, 0, 0, 5, 329.64, 576375, 458, 0, 0
2084, 52, 11, 74, 0, 0, 13.52%, 0, 0, 5, 321.53, 578023, 458, 0, 0
2090, 53, 73, 74, 0, 0, 13.52%, 0, 0, 5, 280.82, 579239, 458, 0, 0
2095, 53, 73, 74, 0, 0, 13.52%, 0, 0, 5, 57.86, 580683, 458, 0, 0
2100, 53, 14, 74, 0, 0, 13.52%, 0, 0, 5, 321.61, 582123, 458, 0, 0
2105, 53, 60, 74, 0, 0, 13.52%, 0, 0, 5, 324.49, 583335, 458, 0, 0
2110, 53, 73, 74, 0, 0, 13.52%, 0, 0, 5, 323.09, 584955, 458, 0, 0
2115, 53, 28, 74, 0, 0, 13.52%, 0, 0, 5, 318.75, 586145, 458, 0, 0
2120, 53, 25, 74, 0, 0, 13.52%, 0, 0, 5, 320.20, 587811, 458, 0, 0
2125, 53, 25, 74, 0, 0, 13.52%, 0, 0, 5, 329.93, 589017, 458, 0, 0
2130, 54, 73, 74, 0, 0, 13.52%, 0, 0, 5, 324.12, 590667, 458, 0, 0
2135, 54, 73, 74, 0, 0, 13.52%, 0, 0, 5, 325.79, 591863, 458, 0, 0
2140, 54, 73, 74, 0, 0, 13.52%, 0, 0, 5, 320.64, 593523, 458, 0, 0
2145, 54, 73, 74, 0, 0, 13.52%, 0, 0, 5, 320.01, 594725, 458, 0, 0
2151, 54, 43, 74, 0, 0, 13.52%, 0, 0, 5, 30.99, 596152, 458, 0, 0
2156, 54, 27, 74, 0, 0, 13.52%, 0, 0, 5, 320.05, 597511, 458, 0, 0
2161, 54, 73, 74, 0, 0, 13.52%, 0, 0, 5, 42.12, 598801, 458, 0, 0
2166, 54, 60, 74, 0, 0, 13.52%, 0, 0, 5, 299.22, 600379, 458, 0, 0
2171, 54, 25, 74, 0, 0, 13.52%, 0, 0, 5, 327.04, 601605, 458, 0, 0
2176, 55, 46, 74, 0, 0, 13.52%, 0, 0, 5, 320.59, 603205, 458, 0, 0
2181, 55, 27, 74, 0, 0, 13.52%, 0, 0, 5, 291.89, 604404, 458, 0, 0
2186, 55, 43, 74, 0, 0, 13.52%, 0, 0, 5, 317.17, 606087, 458, 0, 0
2191, 55, 43, 74, 0, 0, 13.52%, 0, 0, 5, 242.57, 607275, 458, 0, 0
2196, 55, 73, 74, 0, 0, 13.52%, 0, 0, 5, 308.81, 608951, 458, 0, 0
2201, 55, 71, 74, 0, 0, 13.52%, 0, 0, 5, 317.41, 610169, 458, 0, 0
2207, 55, 73, 74, 0, 0, 13.52%, 0, 0, 5, 303.63, 611723, 458, 0, 0
2212, 55, 1, 74, 0, 0, 13.52%, 0, 0, 5, 314.46, 612945, 458, 0, 0
2217, 55, 2, 74, 0, 0, 13.52%, 0, 0, 5, 31.29, 614220, 458, 0, 0
2222, 56, 27, 74, 0, 0, 13.52%, 0, 0, 5, 321.05, 615817, 458, 0, 0
2227, 56, 26, 74, 0, 0, 13.52%, 0, 0, 5, 320.94, 616993, 458, 0, 0
2232, 56, 73, 74, 0, 0, 13.52%, 0, 0, 5, 30.53, 618533, 458, 0, 0
2237, 56, 73, 74, 0, 0, 13.52%, 0, 0, 5, 326.02, 619835, 458, 0, 0
2242, 56, 25, 74, 0, 0, 13.52%, 0, 0, 5, 326.70, 620923, 458, 0, 0
2248, 56, 27, 74, 0, 0, 13.52%, 0, 0, 5, 318.65, 621963, 458, 0, 0
2253, 56, 19, 74, 0, 0, 13.52%, 0, 0, 5, 32.19, 623024, 458, 0, 0
2258, 56, 34, 74, 0, 0, 13.52%, 0, 0, 5, 31.50, 624456, 458, 0, 0
2263, 56, 73, 74, 0, 0, 13.52%, 0, 0, 5, 321.73, 625510, 458, 0, 0
2268, 56, 60, 74, 0, 0, 13.52%, 0, 0, 5, 209.81, 626382, 458, 0, 0
2273, 56, 73, 74, 0, 0, 13.52%, 0, 0, 5, 31.06, 627307, 458, 0, 0
2278, 56, 73, 74, 0, 0, 13.52%, 0, 0, 5, 30.32, 628615, 458, 0, 0
2284, 57, 71, 74, 0, 0, 13.52%, 0, 0, 5, 323.34, 629798, 458, 0, 0
2289, 57, 73, 74, 0, 0, 13.52%, 0, 0, 5, 323.91, 630684, 458, 0, 0
2294, 57, 60, 74, 0, 0, 13.52%, 0, 0, 5, 243.75, 631554, 458, 0, 0
2299, 57, 28, 74, 0, 0, 13.52%, 0, 0, 5, 31.29, 632371, 458, 0, 0
2304, 57, 26, 74, 0, 0, 13.52%, 0, 0, 5, 34.87, 633499, 458, 0, 0
2309, 57, 25, 74, 0, 0, 13.52%, 0, 0, 5, 30.30, 634538, 458, 0, 0
2314, 57, 73, 74, 0, 0, 13.52%, 0, 0, 5, 319.78, 635538, 458, 0, 0
2319, 57, 18, 74, 0, 0, 13.52%, 0, 0, 5, 323.54, 636280, 458, 0, 0
2324, 57, 73, 74, 0, 0, 13.52%, 0, 0, 5, 306.86, 637042, 458, 0, 0
2330, 57, 73, 74, 0, 0, 13.52%, 0, 0, 5, 37.98, 637810, 458, 0, 0
2335, 57, 11, 74, 0, 0, 13.52%, 0, 0, 5, 31.11, 638799, 458, 0, 0
2340, 57, 60, 74, 0, 0, 13.52%, 0, 0, 5, 30.37, 639765, 458, 0, 0
2345, 57, 54, 74, 0, 0, 13.52%, 0, 0, 5, 31.09, 640756, 458, 0, 0
2350, 57, 73, 74, 0, 0, 13.52%, 0, 0, 5, 233.63, 641526, 458, 0, 0
2355, 57, 73, 74, 0, 0, 13.52%, 0, 0, 5, 294.05, 642279, 458, 0, 0
2360, 57, 73, 74, 0, 0, 13.52%, 0, 0, 5, 325.00, 642890, 458, 0, 0
2365, 57, 32, 74, 0, 0, 13.52%, 0, 0, 5, 31.32, 643774, 458, 0, 0
2370, 58, 60, 74, 0, 0, 13.52%, 0, 0, 5, 31.23, 644710, 458, 0, 0
2375, 58, 27, 74, 0, 0, 13.52%, 0, 0, 5, 31.15, 645640, 458, 0, 0
2381, 58, 25, 74, 0, 0, 13.52%, 0, 0, 5, 33.22, 646574, 458, 0, 0
2386, 58, 27, 74, 0, 0, 13.52%, 0, 0, 5, 243.89, 647246, 458, 0, 0
2391, 58, 28, 74, 0, 0, 13.52%, 0, 0, 5, 329.69, 647950, 458, 0, 0
2396, 58, 73, 74, 0, 0, 13.52%, 0, 0, 5, 29.89, 648556, 458, 0, 0
2401, 58, 73, 74, 0, 0, 13.52%, 0, 0, 5, 30.51, 649462, 458, 0, 0
2406, 58, 73, 74, 0, 0, 13.52%, 0, 0, 5, 30.53, 650376, 458, 0, 0
2411, 58, 0, 74, 0, 0, 13.52%, 0, 0, 5, 30.31, 651286, 458, 0, 0
2416, 58, 60, 74, 0, 0, 13.52%, 0, 0, 5, 304.51, 652122, 458, 0, 0
2422, 58, 60, 74, 0, 0, 13.52%, 0, 0, 5, 320.16, 652758, 458, 0, 0
2427, 58, 73, 74, 0, 0, 13.52%, 0, 0, 5, 241.94, 653402, 458, 0, 0
2432, 58, 25, 74, 0, 0, 13.52%, 0, 0, 5, 31.17, 654075, 458, 0, 0
2437, 58, 73, 74, 0, 0, 13.52%, 0, 0, 5, 31.27, 654947, 458, 0, 0
2442, 58, 26, 74, 0, 0, 13.52%, 0, 0, 5, 30.52, 655789, 458, 0, 0
2447, 59, 32, 74, 0, 0, 13.52%, 0, 0, 5, 31.42, 656639, 458, 0, 0
2452, 59, 73, 74, 0, 0, 13.52%, 0, 0, 5, 329.66, 657470, 458, 0, 0
2457, 59, 60, 74, 0, 0, 13.52%, 0, 0, 5, 329.56, 657990, 458, 0, 0
2462, 59, 11, 74, 0, 0, 13.52%, 0, 0, 5, 316.83, 658620, 458, 0, 0
2467, 59, 28, 74, 0, 0, 13.52%, 0, 0, 5, 31.42, 659396, 458, 0, 0
2472, 59, 73, 74, 0, 0, 13.52%, 0, 0, 5, 31.27, 660252, 458, 0, 0
2478, 59, 73, 74, 0, 0, 13.52%, 0, 0, 5, 31.36, 661086, 458, 0, 0
2483, 59, 73, 74, 0, 0, 13.52%, 0, 0, 5, 280.55, 661945, 458, 0, 0
2488, 59, 73, 74, 0, 0, 13.52%, 0, 0, 5, 320.32, 662354, 458, 0, 0
2493, 59, 27, 74, 0, 0, 13.52%, 0, 0, 5, 34.79, 663024, 458, 0, 0
2498, 59, 73, 74, 0, 0, 13.52%, 0, 0, 5, 31.47, 663944, 458, 0, 0
2503, 59, 28, 74, 0, 0, 13.52%, 0, 0, 5, 30.77, 664860, 458, 0, 0
2508, 59, 73, 74, 0, 0, 13.52%, 0, 0, 5, 268.53, 665470, 458, 0, 0
2513, 59, 26, 74, 0, 0, 13.52%, 0, 0, 5, 31.10, 665912, 458, 0, 0
2518, 59, 73, 74, 0, 0, 13.52%, 0, 0, 5, 31.04, 666830, 458, 0, 0
2524, 59, 26, 74, 0, 0, 13.52%, 0, 0, 5, 31.25, 667733, 458, 0, 0
2529, 59, 10, 74, 0, 0, 13.52%, 0, 0, 5, 273.79, 668430, 458, 0, 0
2534, 59, 66, 74, 0, 0, 13.52%, 0, 0, 5, 313.43, 668869, 458, 0, 0
2539, 60, 73, 74, 0, 0, 13.52%, 0, 0, 5, 30.83, 669652, 458, 0, 0
2544, 60, 73, 74, 0, 0, 13.52%, 0, 0, 5, 31.16, 670540, 458, 0, 0
2549, 60, 60, 74, 0, 0, 13.52%, 0, 0, 5, 312.96, 671402, 458, 0, 0
2554, 60, 25, 74, 0, 0, 13.52%, 0, 0, 5, 326.10, 672002, 458, 0, 0
2559, 60, 73, 74, 0, 0, 13.52%, 0, 0, 5, 31.37, 672458, 458, 0, 0
2565, 60, 73, 74, 0, 0, 13.52%, 0, 0, 5, 37.83, 673370, 458, 0, 0
2570, 60, 54, 74, 0, 0, 13.52%, 0, 0, 5, 31.49, 674241, 458, 0, 0
2575, 60, 73, 74, 0, 0, 13.52%, 0, 0, 5, 311.89, 675098, 458, 0, 0
2580, 60, 73, 74, 0, 0, 13.52%, 0, 0, 5, 319.47, 675698, 458, 0, 0
2585, 60, 60, 74, 0, 0, 13.52%, 0, 0, 5, 328.36, 676165, 458, 0, 0
2590, 60, 73, 74, 0, 0, 13.52%, 0, 0, 5, 30.76, 676967, 458, 0, 0
2595, 60, 60, 74, 0, 0, 13.52%, 0, 0, 5, 31.04, 677833, 458, 0, 0
2601, 60, 73, 74, 0, 0, 13.52%, 0, 0, 5, 30.40, 678690, 458, 0, 0
2606, 60, 26, 74, 0, 0, 13.52%, 0, 0, 5, 318.34, 679268, 458, 0, 0
2611, 60, 27, 74, 0, 0, 13.52%, 0, 0, 5, 256.81, 679800, 458, 0, 0
2616, 60, 73, 74, 0, 0, 13.52%, 0, 0, 5, 31.39, 680554, 458, 0, 0
2621, 60, 32, 74, 0, 0, 13.52%, 0, 0, 5, 31.27, 681370, 458, 0, 0
2626, 60, 73, 74, 0, 0, 13.52%, 0, 0, 5, 31.36, 682194, 458, 0, 0
2631, 60, 26, 74, 0, 0, 13.52%, 0, 0, 5, 31.13, 683018, 458, 0, 0
2636, 60, 73, 74, 0, 0, 13.52%, 0, 0, 5, 321.82, 683722, 458, 0, 0
2641, 60, 73, 74, 0, 0, 13.52%, 0, 0, 5, 318.02, 684316, 458, 0, 0
2646, 60, 73, 74, 0, 0, 13.52%, 0, 0, 5, 194.03, 684851, 458, 0, 0
2652, 61, 60, 74, 0, 0, 13.52%, 0, 0, 5, 30.60, 685667, 458, 0, 0
2657, 61, 72, 74, 0, 0, 13.52%, 0, 0, 5, 30.90, 686462, 458, 0, 0
2662, 61, 60, 74, 0, 0, 13.52%, 0, 0, 5, 31.27, 687298, 458, 0, 0
2667, 61, 73, 74, 0, 0, 13.52%, 0, 0, 5, 31.17, 688106, 458, 0, 0
2672, 61, 25, 74, 0, 0, 13.52%, 0, 0, 5, 271.25, 688850, 458, 0, 0
2677, 61, 73, 74, 0, 0, 13.52%, 0, 0, 5, 321.63, 689454, 458, 0, 0
2682, 61, 27, 74, 0, 0, 13.52%, 0, 0, 5, 323.61, 690026, 458, 0, 0
2688, 61, 32, 74, 0, 0, 13.52%, 0, 0, 5, 31.39, 690736, 458, 0, 0
2693, 61, 73, 74, 0, 0, 13.52%, 0, 0, 5, 31.18, 691567, 458, 0, 0
2698, 61, 25, 74, 0, 0, 13.52%, 0, 0, 5, 31.04, 692340, 458, 0, 0
2703, 61, 73, 74, 0, 0, 13.52%, 0, 0, 5, 31.09, 693104, 458, 0, 0
2708, 61, 60, 74, 0, 0, 13.52%, 0, 0, 5, 239.24, 693886, 458, 0, 0
2713, 61, 28, 74, 0, 0, 13.52%, 0, 0, 5, 299.77, 694395, 458, 0, 0
2718, 61, 4, 74, 0, 0, 13.52%, 0, 0, 5, 288.56, 694966, 458, 0, 0
2724, 61, 73, 74, 0, 0, 13.52%, 0, 0, 5, 31.21, 695702, 458, 0, 0
2729, 61, 60, 74, 0, 0, 13.52%, 0, 0, 5, 31.37, 696575, 458, 0, 0
2734, 61, 60, 74, 0, 0, 13.52%, 0, 0, 5, 244.11, 697426, 458, 0, 0
2739, 62, 25, 74, 0, 0, 13.52%, 0, 0, 5, 301.25, 697800, 458, 0, 0
2744, 62, 60, 74, 0, 0, 13.52%, 0, 0, 5, 31.19, 698492, 458, 0, 0
2749, 62, 73, 74, 0, 0, 13.52%, 0, 0, 5, 31.23, 699350, 458, 0, 0
2754, 62, 28, 74, 0, 0, 13.52%, 0, 0, 5, 314.08, 700220, 458, 0, 0
2759, 62, 27, 74, 0, 0, 13.52%, 0, 0, 5, 324.49, 700690, 458, 0, 0
2764, 62, 60, 74, 0, 0, 13.52%, 0, 0, 5, 31.37, 701272, 458, 0, 0
2770, 62, 26, 74, 0, 0, 13.52%, 0, 0, 5, 32.84, 702118, 458, 0, 0
2775, 62, 60, 74, 0, 0, 13.52%, 0, 0, 5, 31.26, 702979, 458, 0, 0
2780, 62, 73, 74, 0, 0, 13.52%, 0, 0, 5, 301.45, 703605, 458, 0, 0
2785, 62, 60, 74, 0, 0, 13.52%, 0, 0, 5, 169.07, 704077, 458, 0, 0
2790, 62, 2, 74, 0, 0, 13.52%, 0, 0, 5, 31.01, 704822, 458, 0, 0
2795, 62, 73, 74, 0, 0, 13.52%, 0, 0, 5, 31.00, 705693, 458, 0, 0
2800, 62, 2, 74, 0, 0, 13.52%, 0, 0, 5, 260.18, 706485, 458, 0, 0
2805, 62, 27, 74, 0, 0, 13.52%, 0, 0, 5, 289.34, 706900, 458, 0, 0
2810, 62, 73, 74, 0, 0, 13.52%, 0, 0, 5, 31.34, 707551, 458, 0, 0
2815, 62, 73, 74, 0, 0, 13.52%, 0, 0, 5, 40.42, 708394, 458, 0, 0
2820, 62, 60, 74, 0, 0, 13.52%, 0, 0, 5, 30.98, 709277, 458, 0, 0
2826, 63, 73, 74, 0, 0, 13.52%, 0, 0, 5, 319.08, 710050, 458, 0, 0
2831, 63, 26, 74, 0, 0, 13.52%, 0, 0, 5, 286.98, 710555, 458, 0, 0
2836, 63, 73, 74, 0, 0, 13.52%, 0, 0, 5, 30.89, 711120, 458, 0, 0
2841, 63, 32, 74, 0, 0, 13.52%, 0, 0, 5, 31.23, 711919, 458, 0, 0
2846, 63, 11, 74, 0, 0, 13.52%, 0, 0, 5, 30.99, 712709, 458, 0, 0
2851, 63, 56, 74, 0, 0, 13.52%, 0, 0, 5, 31.69, 713524, 458, 0, 0
2856, 63, 60, 74, 0, 0, 13.52%, 0, 0, 5, 323.60, 714258, 458, 0, 0
2862, 63, 73, 74, 0, 0, 13.52%, 0, 0, 5, 271.68, 714820, 458, 0, 0
2867, 63, 73, 74, 0, 0, 13.52%, 0, 0, 5, 318.41, 715325, 458, 0, 0
2872, 63, 73, 74, 0, 0, 13.52%, 0, 0, 5, 30.59, 716063, 458, 0, 0
2877, 63, 3, 74, 0, 0, 13.52%, 0, 0, 5, 31.58, 716850, 458, 0, 0
2882, 63, 28, 74, 0, 0, 13.52%, 0, 0, 5, 30.44, 717653, 458, 0, 0
2887, 63, 27, 74, 0, 0, 13.52%, 0, 0, 5, 30.61, 718456, 458, 0, 0
2892, 63, 73, 74, 0, 0, 13.52%, 0, 0, 5, 297.37, 719200, 458, 0, 0
2897, 63, 66, 74, 0, 0, 13.52%, 0, 0, 5, 329.46, 719732, 458, 0, 0
2903, 63, 32, 74, 0, 0, 13.52%, 0, 0, 5, 320.00, 720263, 458, 0, 0
2908, 64, 60, 74, 0, 0, 13.52%, 0, 0, 5, 31.23, 720993, 458, 0, 0
2913, 64, 26, 74, 0, 0, 13.52%, 0, 0, 5, 31.21, 721791, 458, 0, 0
2918, 64, 73, 74, 0, 0, 13.52%, 0, 0, 5, 31.24, 722582, 458, 0, 0
2923, 64, 73, 74, 0, 0, 13.52%, 0, 0, 5, 31.33, 723394, 458, 0, 0
2928, 64, 61, 74, 0, 0, 13.52%, 0, 0, 5, 327.72, 724056, 458, 0, 0
2933, 64, 60, 74, 0, 0, 13.52%, 0, 0, 5, 265.86, 724665, 458, 0, 0
2938, 64, 27, 74, 0, 0, 13.52%, 0, 0, 5, 32.40, 725121, 458, 0, 0
2943, 64, 32, 74, 0, 0, 13.52%, 0, 0, 5, 30.80, 725916, 458, 0, 0
2948, 64, 73, 74, 0, 0, 13.52%, 0, 0, 5, 31.09, 726772, 458, 0, 0
2954, 64, 73, 74, 0, 0, 13.52%, 0, 0, 5, 292.19, 727525, 458, 0, 0
2959, 64, 73, 74, 0, 0, 13.52%, 0, 0, 5, 331.68, 727876, 458, 0, 0
2964, 64, 73, 74, 0, 0, 13.52%, 0, 0, 5, 31.43, 728701, 458, 0, 0
2969, 64, 73, 74, 0, 0, 13.52%, 0, 0, 5, 30.70, 729604, 458, 0, 0
2974, 64, 9, 74, 0, 0, 13.52%, 0, 0, 5, 317.30, 730326, 458, 0, 0
2979, 64, 73, 74, 0, 0, 13.52%, 0, 0, 5, 323.90, 730748, 458, 0, 0
2984, 64, 2, 74, 0, 0, 13.52%, 0, 0, 5, 31.44, 731497, 458, 0, 0
2989, 64, 73, 74, 0, 0, 13.52%, 0, 0, 5, 35.46, 732340, 458, 0, 0
2994, 64, 27, 74, 0, 0, 13.52%, 0, 0, 5, 267.88, 733195, 458, 0, 0
2999, 64, 73, 74, 0, 0, 13.52%, 0, 0, 5, 216.36, 733593, 458, 0, 0
3004, 64, 73, 74, 0, 0, 13.52%, 0, 0, 5, 31.28, 734228, 458, 0, 0
3009, 64, 32, 74, 0, 0, 13.52%, 0, 0, 5, 51.58, 735086, 458, 0, 0
3015, 64, 73, 74, 0, 0, 13.52%, 0, 0, 5, 31.16, 735919, 458, 0, 0
3020, 65, 73, 74, 0, 0, 13.52%, 0, 0, 5, 278.05, 736655, 458, 0, 0
3025, 65, 73, 74, 0, 0, 13.52%, 0, 0, 5, 170.09, 737041, 458, 0, 0
3030, 65, 25, 74, 0, 0, 13.52%, 0, 0, 5, 31.40, 737793, 458, 0, 0
3035, 65, 4, 74, 0, 0, 13.52%, 0, 0, 5, 31.38, 738670, 458, 0, 0
3040, 65, 73, 74, 0, 0, 13.52%, 0, 0, 5, 315.63, 739497, 458, 0, 0
3045, 65, 73, 74, 0, 0, 13.52%, 0, 0, 5, 253.33, 740061, 458, 0, 0
3050, 65, 4, 74, 0, 0, 13.52%, 0, 0, 5, 30.83, 740507, 458, 0, 0
3055, 65, 28, 74, 0, 0, 13.52%, 0, 0, 5, 31.22, 741352, 458, 0, 0
3060, 65, 72, 74, 0, 0, 13.52%, 0, 0, 5, 31.17, 742136, 458, 0, 0
3066, 65, 73, 74, 0, 0, 13.52%, 0, 0, 5, 31.43, 742944, 458, 0, 0
3071, 65, 53, 74, 0, 0, 13.52%, 0, 0, 5, 326.74, 743734, 458, 0, 0
3076, 65, 25, 74, 0, 0, 13.52%, 0, 0, 5, 316.09, 744248, 458, 0, 0
3081, 65, 73, 74, 0, 0, 13.52%, 0, 0, 5, 33.51, 744759, 458, 0, 0
3086, 65, 50, 74, 0, 0, 13.52%, 0, 0, 5, 31.39, 745606, 458, 0, 0
3091, 65, 73, 74, 0, 0, 13.52%, 0, 0, 5, 30.39, 746452, 458, 0, 0
3096, 65, 73, 74, 0, 0, 13.52%, 0, 0, 5, 31.41, 747240, 458, 0, 0
3101, 65, 60, 74, 0, 0, 13.52%, 0, 0, 5, 326.09, 748014, 458, 0, 0
3107, 65, 73, 74, 0, 0, 13.52%, 0, 0, 5, 260.72, 748542, 458, 0, 0
3112, 65, 18, 74, 0, 0, 13.52%, 0, 0, 5, 310.00, 749082, 458, 0, 0
3117, 65, 73, 74, 0, 0, 13.52%, 0, 0, 5, 31.40, 749832, 458, 0, 0
3122, 65, 27, 74, 0, 0, 13.52%, 0, 0, 5, 45.13, 750662, 458, 0, 0
3127, 66, 4, 74, 0, 0, 13.52%, 0, 0, 5, 308.66, 751848, 458, 0, 0
3132, 66, 17, 74, 0, 0, 13.52%, 0, 0, 5, 319.99, 753472, 458, 0, 0
3137, 66, 60, 74, 0, 0, 13.52%, 0, 0, 5, 320.38, 755136, 458, 0, 0
3142, 66, 73, 74, 0, 0, 13.52%, 0, 0, 5, 313.37, 756710, 458, 0, 0
3147, 66, 60, 74, 0, 0, 13.52%, 0, 0, 5, 277.54, 758047, 458, 0, 0
3152, 66, 18, 74, 0, 0, 13.52%, 0, 0, 5, 301.81, 759600, 458, 0, 0
3157, 66, 60, 74, 0, 0, 13.52%, 0, 0, 5, 304.73, 761150, 458, 0, 0
3162, 67, 73, 74, 0, 0, 13.52%, 0, 0, 5, 300.14, 762694, 458, 0, 0
3168, 67, 73, 74, 0, 0, 13.52%, 0, 0, 5, 275.33, 764112, 458, 0, 0
3173, 67, 73, 74, 0, 0, 13.52%, 0, 0, 5, 314.70, 765402, 458, 0, 0
3178, 67, 60, 74, 0, 0, 13.52%, 0, 0, 5, 306.90, 766950, 458, 0, 0
3183, 67, 0, 74, 0, 0, 13.52%, 0, 0, 5, 307.51, 768512, 458, 0, 0
3188, 67, 25, 74, 0, 0, 13.52%, 0, 0, 5, 307.15, 770072, 458, 0, 0
3193, 67, 2, 74, 0, 0, 13.52%, 0, 0, 5, 282.38, 771512, 458, 0, 0
3198, 67, 73, 74, 0, 0, 13.52%, 0, 0, 5, 296.94, 773022, 458, 0, 0
3203, 67, 60, 74, 0, 0, 13.52%, 0, 0, 5, 307.51, 774580, 458, 0, 0
3208, 68, 4, 74, 0, 0, 13.52%, 0, 0, 5, 311.96, 776154, 458, 0, 0
3213, 68, 73, 74, 0, 0, 13.52%, 0, 0, 5, 313.83, 777736, 458, 0, 0
3218, 68, 73, 74, 0, 0, 13.52%, 0, 0, 5, 298.60, 779202, 458, 0, 0
3223, 68, 43, 74, 0, 0, 13.52%, 0, 0, 5, 311.48, 780781, 458, 0, 0
3228, 68, 60, 74, 0, 0, 13.52%, 0, 0, 5, 313.75, 782412, 458, 0, 0
3234, 68, 73, 74, 0, 0, 13.52%, 0, 0, 5, 311.66, 783984, 458, 0, 0
3239, 68, 71, 74, 0, 0, 13.52%, 0, 0, 5, 297.04, 785442, 458, 0, 0
3244, 68, 73, 74, 0, 0, 13.52%, 0, 0, 5, 310.07, 787026, 458, 0, 0
3249, 68, 60, 74, 0, 0, 13.52%, 0, 0, 5, 313.93, 788666, 458, 0, 0
3254, 69, 54, 74, 0, 0, 13.52%, 0, 0, 5, 315.43, 790254, 458, 0, 0
3259, 69, 71, 74, 0, 0, 13.52%, 0, 0, 5, 300.39, 791787, 458, 0, 0
3264, 69, 41, 74, 0, 0, 13.52%, 0, 0, 5, 304.89, 793318, 458, 0, 0
3269, 69, 73, 74, 0, 0, 13.52%, 0, 0, 5, 312.10, 794892, 458, 0, 0
3274, 69, 60, 74, 0, 0, 13.52%, 0, 0, 5, 313.76, 796472, 458, 0, 0
3279, 69, 54, 74, 0, 0, 13.52%, 0, 0, 5, 290.67, 797932, 458, 0, 0
3284, 69, 73, 74, 0, 0, 13.52%, 0, 0, 5, 313.11, 799562, 458, 0, 0
3289, 69, 73, 74, 0, 0, 13.52%, 0, 0, 5, 315.09, 801202, 458, 0, 0
3294, 69, 73, 74, 0, 0, 13.52%, 0, 0, 5, 312.71, 802778, 458, 0, 0
3299, 70, 73, 74, 0, 0, 13.52%, 0, 0, 5, 285.76, 804242, 458, 0, 0
3305, 70, 73, 74, 0, 0, 13.52%, 0, 0, 5, 312.03, 805878, 458, 0, 0
3310, 70, 11, 74, 0, 0, 13.52%, 0, 0, 5, 310.49, 807442, 458, 0, 0
3315, 70, 11, 74, 0, 0, 13.52%, 0, 0, 5, 313.43, 809066, 458, 0, 0
3320, 70, 73, 74, 0, 0, 13.52%, 0, 0, 5, 295.96, 810584, 458, 0, 0
3325, 70, 60, 74, 0, 0, 13.52%, 0, 0, 5, 308.34, 812154, 458, 0, 0
3330, 70, 29, 74, 0, 0, 13.52%, 0, 0, 5, 313.24, 813782, 458, 0, 0
3335, 70, 73, 74, 0, 0, 13.52%, 0, 0, 5, 314.65, 815370, 458, 0, 0
3340, 71, 32, 74, 0, 0, 13.52%, 0, 0, 5, 312.85, 816988, 458, 0, 0
3346, 71, 60, 74, 0, 0, 13.52%, 0, 0, 5, 306.89, 818506, 458, 0, 0
3351, 71, 28, 74, 0, 0, 13.52%, 0, 0, 5, 311.87, 820088, 458, 0, 0
3356, 71, 73, 74, 0, 0, 13.52%, 0, 0, 5, 313.77, 821672, 458, 0, 0
3361, 71, 73, 74, 0, 0, 13.52%, 0, 0, 5, 315.17, 823256, 458, 0, 0
3366, 71, 73, 74, 0, 0, 13.52%, 0, 0, 5, 47.61, 824538, 458, 0, 0
3371, 71, 73, 74, 0, 0, 13.52%, 0, 0, 5, 295.02, 825802, 458, 0, 0
3376, 71, 26, 74, 0, 0, 13.52%, 0, 0, 5, 209.00, 827066, 458, 0, 0
3381, 71, 28, 74, 0, 0, 13.52%, 0, 0, 5, 298.01, 828717, 458, 0, 0
3386, 72, 28, 74, 0, 0, 13.52%, 0, 0, 5, 315.81, 830324, 458, 0, 0
3391, 72, 60, 74, 0, 0, 13.52%, 0, 0, 5, 320.82, 831556, 458, 0, 0
3396, 72, 29, 74, 0, 0, 13.52%, 0, 0, 5, 319.57, 833200, 458, 0, 0
3401, 72, 27, 74, 0, 0, 13.52%, 0, 0, 5, 304.33, 834754, 458, 0, 0
3407, 72, 73, 74, 0, 0, 13.52%, 0, 0, 5, 301.46, 836087, 458, 0, 0
3412, 72, 73, 74, 0, 0, 13.52%, 0, 0, 5, 315.69, 837750, 458, 0, 0
3417, 72, 73, 74, 0, 0, 13.52%, 0, 0, 5, 265.14, 839002, 458, 0, 0
3422, 72, 73, 74, 0, 0, 13.52%, 0, 0, 5, 309.09, 840644, 458, 0, 0
3427, 73, 73, 74, 0, 0, 13.52%, 0, 0, 5, 38.51, 841844, 458, 0, 0
3432, 73, 73, 74, 0, 0, 13.52%, 0, 0, 5, 323.40, 843516, 458, 0, 0
3438, 73, 73, 74, 0, 0, 13.52%, 0, 0, 5, 320.79, 845162, 458, 0, 0
3443, 73, 73, 74, 0, 0, 13.52%, 0, 0, 5, 324.85, 846400, 458, 0, 0
3448, 73, 73, 74, 0, 0, 13.52%, 0, 0, 5, 323.77, 848066, 458, 0, 0
3453, 73, 73, 74, 0, 0, 13.52%, 0, 0, 5, 327.34, 849268, 458, 0, 0
3458, 73, 73, 74, 0, 0, 13.52%, 0, 0, 5, 323.38, 850930, 458, 0, 0
3463, 73, 73, 74, 0, 0, 13.52%, 0, 0, 5, 212.42, 852166, 458, 0, 0
3468, 73, 73, 74, 0, 0, 13.52%, 0, 0, 5, 298.08, 853812, 458, 0, 0
3473, 73, 73, 74, 0, 0, 13.52%, 0, 0, 5, 44.73, 855117, 458, 0, 0
3478, 73, 6, 74, 0, 0, 13.52%, 0, 0, 5, 319.25, 856672, 458, 0, 0
3484, 73, 73, 74, 0, 0, 13.52%, 0, 0, 5, 320.53, 858324, 458, 0, 0
3489, 73, 73, 74, 0, 0, 13.52%, 0, 0, 5, 320.77, 859566, 458, 0, 0
3494, 74, 25, 74, 0, 0, 13.52%, 0, 0, 5, 321.12, 861236, 458, 0, 0
3499, 74, 32, 74, 0, 0, 13.52%, 0, 0, 5, 288.39, 862477, 458, 0, 0
3504, 74, 4, 74, 0, 0, 13.52%, 0, 0, 5, 315.57, 864136, 458, 0, 0
3509, 74, 28, 74, 0, 0, 13.52%, 0, 0, 5, 320.21, 865378, 458, 0, 0
3515, 74, 72, 74, 0, 0, 13.52%, 0, 0, 5, 319.33, 867042, 458, 0, 0
3520, 74, 73, 74, 0, 0, 13.52%, 0, 0, 5, 192.98, 868291, 458, 0, 0
3525, 74, 66, 74, 0, 0, 13.52%, 0, 0, 5, 294.41, 869937, 458, 0, 0
3530, 74, 28, 74, 0, 0, 13.52%, 0, 0, 5, 257.43, 871186, 458, 0, 0
3535, 74, 28, 74, 0, 0, 13.52%, 0, 0, 5, 307.56, 872842, 458, 0, 0
3540, 75, 60, 74, 0, 0, 13.52%, 0, 0, 5, 31.17, 874215, 458, 0, 0
3545, 75, 27, 74, 0, 0, 13.52%, 0, 0, 5, 307.65, 875730, 458, 0, 0
3551, 75, 73, 74, 0, 0, 13.52%, 0, 0, 5, 31.41, 877274, 458, 0, 0
3556, 75, 4, 74, 0, 0, 13.52%, 0, 0, 5, 324.16, 878654, 458, 0, 0
3561, 75, 73, 74, 0, 0, 13.52%, 0, 0, 5, 322.51, 880330, 458, 0, 0
3566, 75, 73, 74, 0, 0, 13.52%, 0, 0, 5, 307.60, 881568, 458, 0, 0
3571, 75, 60, 74, 0, 0, 13.52%, 0, 0, 5, 317.83, 883178, 458, 0, 0
3576, 75, 73, 74, 0, 0, 13.52%, 0, 0, 5, 324.40, 884414, 458, 0, 0
3581, 76, 32, 74, 0, 0, 13.52%, 0, 0, 5, 322.72, 886030, 458, 0, 0
3586, 76, 26, 74, 0, 0, 13.52%, 0, 0, 5, 316.84, 887254, 458, 0, 0
3592, 76, 11, 74, 0, 0, 13.52%, 0, 0, 5, 320.70, 888918, 458, 0, 0
3597, 76, 0, 74, 0, 0, 13.52%, 0, 0, 5, 301.67, 890142, 458, 0, 0
3602, 76, 73, 74, 0, 0, 13.52%, 0, 0, 5, 319.80, 891824, 458, 0, 0
3607, 76, 54, 74, 0, 0, 13.52%, 0, 0, 5, 316.42, 893042, 458, 0, 0
3612, 76, 72, 74, 0, 0, 13.52%, 0, 0, 5, 320.09, 894666, 458, 0, 0
3617, 77, 27, 74, 0, 0, 13.52%, 0, 0, 5, 314.17, 895878, 458, 0, 0
3622, 77, 26, 74, 0, 0, 13.52%, 0, 0, 5, 323.08, 897548, 458, 0, 0
3627, 77, 73, 74, 0, 0, 13.52%, 0, 0, 5, 263.63, 898782, 458, 0, 0
3632, 77, 40, 74, 0, 0, 13.52%, 0, 0, 5, 309.05, 900430, 458, 0, 0
3637, 77, 2, 74, 0, 0, 13.52%, 0, 0, 5, 279.81, 901647, 458, 0, 0
3643, 77, 25, 74, 0, 0, 13.52%, 0, 0, 5, 315.99, 903330, 458, 0, 0
3648, 77, 73, 74, 0, 0, 13.52%, 0, 0, 5, 253.54, 904514, 458, 0, 0
3653, 77, 60, 74, 0, 0, 13.52%, 0, 0, 5, 323.15, 906100, 458, 0, 0
3658, 77, 73, 74, 0, 0, 13.52%, 0, 0, 5, 304.55, 907306, 458, 0, 0
3663, 78, 60, 74, 0, 0, 13.52%, 0, 0, 5, 317.97, 908978, 458, 0, 0
3668, 78, 18, 74, 0, 0, 13.52%, 0, 0, 5, 315.27, 910206, 458, 0, 0
3673, 78, 73, 74, 0, 0, 13.52%, 0, 0, 5, 321.30, 911862, 458, 0, 0
3678, 78, 25, 74, 0, 0, 13.52%, 0, 0, 5, 276.30, 913077, 458, 0, 0
3684, 78, 18, 74, 0, 0, 13.52%, 0, 0, 5, 312.40, 914729, 458, 0, 0
3689, 78, 2, 74, 0, 0, 13.52%, 0, 0, 5, 285.03, 915912, 458, 0, 0
3694, 78, 73, 74, 0, 0, 13.52%, 0, 0, 5, 315.22, 917589, 458, 0, 0
3699, 78, 73, 74, 0, 0, 13.52%, 0, 0, 5, 327.84, 918817, 458, 0, 0
3704, 78, 73, 74, 0, 0, 13.52%, 0, 0, 5, 324.80, 920483, 458, 0, 0
3709, 78, 73, 74, 0, 0, 13.52%, 0, 0, 5, 314.86, 921691, 458, 0, 0
3714, 79, 40, 74, 0, 0, 13.52%, 0, 0, 5, 322.38, 923363, 458, 0, 0
3719, 79, 53, 74, 0, 0, 13.52%, 0, 0, 5, 326.27, 924563, 458, 0, 0
3724, 79, 73, 74, 0, 0, 13.52%, 0, 0, 5, 323.16, 926235, 458, 0, 0
3730, 79, 73, 74, 0, 0, 13.52%, 0, 0, 5, 317.12, 927463, 458, 0, 0
3735, 79, 60, 74, 0, 0, 13.52%, 0, 0, 5, 31.19, 928714, 458, 0, 0
3740, 79, 73, 74, 0, 0, 13.52%, 0, 0, 5, 313.15, 930249, 458, 0, 0
3745, 79, 73, 74, 0, 0, 13.52%, 0, 0, 5, 317.28, 931297, 458, 0, 0
3750, 79, 72, 74, 0, 0, 13.52%, 0, 0, 5, 31.47, 932458, 458, 0, 0
3755, 79, 60, 74, 0, 0, 13.52%, 0, 0, 5, 30.40, 933822, 458, 0, 0
3760, 79, 18, 74, 0, 0, 13.52%, 0, 0, 5, 323.10, 935068, 458, 0, 0
3765, 79, 73, 74, 0, 0, 13.52%, 0, 0, 5, 250.06, 936032, 458, 0, 0
3770, 79, 28, 74, 0, 0, 13.52%, 0, 0, 5, 325.32, 936904, 458, 0, 0
3775, 80, 73, 74, 0, 0, 13.52%, 0, 0, 5, 30.67, 938206, 458, 0, 0
3781, 80, 73, 74, 0, 0, 13.52%, 0, 0, 5, 284.46, 939372, 458, 0, 0
3786, 80, 26, 74, 0, 0, 13.52%, 0, 0, 5, 242.06, 940220, 458, 0, 0
3791, 80, 73, 74, 0, 0, 13.52%, 0, 0, 5, 31.43, 941100, 458, 0, 0
3796, 80, 54, 74, 0, 0, 13.52%, 0, 0, 5, 31.32, 942330, 458, 0, 0
3801, 80, 26, 74, 0, 0, 13.52%, 0, 0, 5, 325.31, 943386, 458, 0, 0
3806, 80, 32, 74, 0, 0, 13.52%, 0, 0, 5, 241.01, 944176, 458, 0, 0
3811, 80, 29, 74, 0, 0, 13.52%, 0, 0, 5, 291.59, 945017, 458, 0, 0
3816, 80, 73, 74, 0, 0, 13.52%, 0, 0, 5, 39.07, 945835, 458, 0, 0
3821, 80, 30, 74, 0, 0, 13.52%, 0, 0, 5, 31.23, 946871, 458, 0, 0
3827, 80, 73, 74, 0, 0, 13.52%, 0, 0, 5, 35.18, 947936, 458, 0, 0
3832, 80, 73, 74, 0, 0, 13.52%, 0, 0, 5, 297.81, 948944, 458, 0, 0
3837, 81, 73, 74, 0, 0, 13.52%, 0, 0, 5, 326.27, 949826, 458, 0, 0
3842, 81, 32, 74, 0, 0, 13.52%, 0, 0, 5, 224.95, 950524, 458, 0, 0
3847, 81, 28, 74, 0, 0, 13.52%, 0, 0, 5, 297.07, 951292, 458, 0, 0
3852, 81, 73, 74, 0, 0, 13.52%, 0, 0, 5, 30.71, 952117, 458, 0, 0
3857, 81, 73, 74, 0, 0, 13.52%, 0, 0, 5, 31.09, 953089, 458, 0, 0
3862, 81, 73, 74, 0, 0, 13.52%, 0, 0, 5, 31.25, 954076, 458, 0, 0
3868, 81, 32, 74, 0, 0, 13.52%, 0, 0, 5, 326.44, 954980, 458, 0, 0
3873, 81, 73, 74, 0, 0, 13.52%, 0, 0, 5, 321.81, 955670, 458, 0, 0
3878, 81, 73, 74, 0, 0, 13.52%, 0, 0, 5, 325.32, 956358, 458, 0, 0
3883, 81, 32, 74, 0, 0, 13.52%, 0, 0, 5, 31.33, 957126, 458, 0, 0
3888, 81, 27, 74, 0, 0, 13.52%, 0, 0, 5, 31.52, 958069, 458, 0, 0
3893, 81, 60, 74, 0, 0, 13.52%, 0, 0, 5, 31.45, 959022, 458, 0, 0
3898, 81, 73, 74, 0, 0, 13.52%, 0, 0, 5, 300.22, 959772, 458, 0, 0
3903, 81, 73, 74, 0, 0, 13.52%, 0, 0, 5, 325.08, 960430, 458, 0, 0
3908, 81, 26, 74, 0, 0, 13.52%, 0, 0, 5, 34.32, 961046, 458, 0, 0
3913, 81, 73, 74, 0, 0, 13.52%, 0, 0, 5, 30.78, 961955, 458, 0, 0
3919, 81, 60, 74, 0, 0, 13.52%, 0, 0, 5, 30.64, 962834, 458, 0, 0
3924, 81, 32, 74, 0, 0, 13.52%, 0, 0, 5, 31.50, 963752, 458, 0, 0
3929, 82, 60, 74, 0, 0, 13.52%, 0, 0, 5, 305.78, 964584, 458, 0, 0
3934, 82, 28, 74, 0, 0, 13.52%, 0, 0, 5, 297.31, 965219, 458, 0, 0
3939, 82, 73, 74, 0, 0, 13.52%, 0, 0, 5, 315.90, 965876, 458, 0, 0
3944, 82, 73, 74, 0, 0, 13.52%, 0, 0, 5, 31.28, 966530, 458, 0, 0
3949, 82, 73, 74, 0, 0, 13.52%, 0, 0, 5, 31.15, 967400, 458, 0, 0
3954, 82, 73, 74, 0, 0, 13.52%, 0, 0, 5, 30.41, 968249, 458, 0, 0
3960, 82, 60, 74, 0, 0, 13.52%, 0, 0, 5, 42.66, 969118, 458, 0, 0
3965, 82, 11, 74, 0, 0, 13.52%, 0, 0, 5, 300.07, 969929, 458, 0, 0
3970, 82, 73, 74, 0, 0, 13.52%, 0, 0, 5, 309.14, 970546, 458, 0, 0
3975, 82, 27, 74, 0, 0, 13.52%, 0, 0, 5, 182.52, 971130, 458, 0, 0
3980, 82, 73, 74, 0, 0, 13.52%, 0, 0, 5, 31.39, 971821, 458, 0, 0
3985, 82, 11, 74, 0, 0, 13.52%, 0, 0, 5, 31.40, 972674, 458, 0, 0
3990, 82, 73, 74, 0, 0, 13.52%, 0, 0, 5, 31.44, 973494, 458, 0, 0
3995, 82, 60, 74, 0, 0, 13.52%, 0, 0, 5, 31.20, 974339, 458, 0, 0
4001, 82, 28, 74, 0, 0, 13.52%, 0, 0, 5, 314.89, 975176, 458, 0, 0
4006, 82, 73, 74, 0, 0, 13.52%, 0, 0, 5, 320.14, 975820, 458, 0, 0
4011, 82, 73, 74, 0, 0, 13.52%, 0, 0, 5, 239.82, 976350, 458, 0, 0
4016, 82, 60, 74, 0, 0, 13.52%, 0, 0, 5, 30.33, 977010, 458, 0, 0
4021, 83, 4, 74, 0, 0, 13.52%, 0, 0, 5, 31.23, 977907, 458, 0, 0
4026, 83, 25, 74, 0, 0, 13.52%, 0, 0, 5, 278.94, 978844, 458, 0, 0
4031, 83, 26, 74, 0, 0, 13.52%, 0, 0, 5, 282.15, 979349, 458, 0, 0
4036, 83, 73, 74, 0, 0, 13.52%, 0, 0, 5, 30.53, 979922, 458, 0, 0
4042, 83, 73, 74, 0, 0, 13.52%, 0, 0, 5, 31.33, 980788, 458, 0, 0
4047, 83, 40, 74, 0, 0, 13.52%, 0, 0, 5, 31.17, 981695, 458, 0, 0
4052, 83, 73, 74, 0, 0, 13.52%, 0, 0, 5, 321.61, 982280, 458, 0, 0
4057, 83, 18, 74, 0, 0, 13.52%, 0, 0, 5, 41.63, 982754, 458, 0, 0
4062, 83, 60, 74, 0, 0, 13.52%, 0, 0, 5, 31.23, 983645, 458, 0, 0
4067, 83, 2, 74, 0, 0, 13.52%, 0, 0, 5, 31.54, 984508, 458, 0, 0
4072, 83, 60, 74, 0, 0, 13.52%, 0, 0, 5, 262.30, 985319, 458, 0, 0
4077, 83, 73, 74, 0, 0, 13.52%, 0, 0, 5, 274.48, 985804, 458, 0, 0
4082, 83, 73, 74, 0, 0, 13.52%, 0, 0, 5, 30.81, 986425, 458, 0, 0
4087, 83, 43, 74, 0, 0, 13.52%, 0, 0, 5, 31.11, 987314, 458, 0, 0
4093, 83, 73, 74, 0, 0, 13.52%, 0, 0, 5, 30.46, 988197, 458, 0, 0
4098, 83, 73, 74, 0, 0, 13.52%, 0, 0, 5, 322.76, 988848, 458, 0, 0
4103, 83, 71, 74, 0, 0, 13.52%, 0, 0, 5, 315.00, 989304, 458, 0, 0
4108, 83, 25, 74, 0, 0, 13.52%, 0, 0, 5, 45.31, 990089, 458, 0, 0
4113, 83, 73, 74, 0, 0, 13.52%, 0, 0, 5, 31.50, 990955, 458, 0, 0
4118, 84, 73, 74, 0, 0, 13.52%, 0, 0, 5, 242.60, 991842, 458, 0, 0
4123, 84, 28, 74, 0, 0, 13.52%, 0, 0, 5, 325.23, 992382, 458, 0, 0
4128, 84, 27, 74, 0, 0, 13.52%, 0, 0, 5, 31.33, 992869, 458, 0, 0
4133, 84, 73, 74, 0, 0, 13.52%, 0, 0, 5, 30.10, 993740, 458, 0, 0
4138, 84, 27, 74, 0, 0, 13.52%, 0, 0, 5, 31.56, 994568, 458, 0, 0
4143, 84, 73, 74, 0, 0, 13.52%, 0, 0, 5, 328.50, 995394, 458, 0, 0
4148, 84, 73, 74, 0, 0, 13.52%, 0, 0, 5, 205.59, 995873, 458, 0, 0
4154, 84, 26, 74, 0, 0, 13.52%, 0, 0, 5, 175.00, 996406, 458, 0, 0
4159, 84, 28, 74, 0, 0, 13.52%, 0, 0, 5, 30.70, 997171, 458, 0, 0
4164, 84, 60, 74, 0, 0, 13.52%, 0, 0, 5, 31.30, 998013, 458, 0, 0
4169, 84, 73, 74, 0, 0, 13.52%, 0, 0, 5, 31.48, 998819, 458, 0, 0
4174, 84, 73, 74, 0, 0, 13.52%, 0, 0, 5, 31.25, 999599, 458, 0, 0
4179, 84, 32, 74, 0, 0, 13.52%, 0, 0, 5, 312.82, 1000200, 458, 0, 0
4184, 84, 60, 74, 0, 0, 13.52%, 0, 0, 5, 248.64, 1000714, 458, 0, 0
4189, 84, 73, 74, 0, 0, 13.52%, 0, 0, 5, 31.25, 1001325, 458, 0, 0
4194, 84, 73, 74, 0, 0, 13.52%, 0, 0, 5, 31.36, 1002084, 458, 0, 0
4199, 84, 28, 74, 0, 0, 13.52%, 0, 0, 5, 31.13, 1002887, 458, 0, 0
4204, 84, 73, 74, 0, 0, 13.52%, 0, 0, 5, 30.43, 1003678, 458, 0, 0
4209, 84, 73, 74, 0, 0, 13.52%, 0, 0, 5, 319.45, 1004498, 458, 0, 0
4214, 84, 73, 74, 0, 0, 13.52%, 0, 0, 5, 329.85, 1004966, 458, 0, 0
4220, 84, 73, 74, 0, 0, 13.52%, 0, 0, 5, 271.79, 1005549, 458, 0, 0
4225, 84, 73, 74, 0, 0, 13.52%, 0, 0, 5, 33.14, 1006239, 458, 0, 0
4230, 84, 73, 74, 0, 0, 13.52%, 0, 0, 5, 31.25, 1007030, 458, 0, 0
4235, 84, 73, 74, 0, 0, 13.52%, 0, 0, 5, 30.49, 1007805, 458, 0, 0
4240, 85, 27, 74, 0, 0, 13.52%, 0, 0, 5, 40.68, 1008700, 458, 0, 0
4245, 85, 0, 74, 0, 0, 13.52%, 0, 0, 5, 227.13, 1009126, 458, 0, 0
4250, 85, 25, 74, 0, 0, 13.52%, 0, 0, 5, 30.76, 1009740, 458, 0, 0
4255, 85, 60, 74, 0, 0, 13.52%, 0, 0, 5, 34.33, 1010615, 458, 0, 0
4261, 85, 28, 74, 0, 0, 13.52%, 0, 0, 5, 30.46, 1011482, 458, 0, 0
4266, 85, 18, 74, 0, 0, 13.52%, 0, 0, 5, 319.36, 1012076, 458, 0, 0
4271, 85, 73, 74, 0, 0, 13.52%, 0, 0, 5, 31.00, 1012521, 458, 0, 0
4276, 85, 37, 74, 0, 0, 13.52%, 0, 0, 5, 30.44, 1013382, 458, 0, 0
4281, 85, 27, 74, 0, 0, 13.52%, 0, 0, 5, 31.47, 1014235, 458, 0, 0
4286, 85, 28, 74, 0, 0, 13.52%, 0, 0, 5, 263.50, 1014969, 458, 0, 0
4291, 85, 73, 74, 0, 0, 13.52%, 0, 0, 5, 258.81, 1015389, 458, 0, 0
4297, 85, 43, 74, 0, 0, 13.52%, 0, 0, 5, 31.40, 1016158, 458, 0, 0
4302, 85, 73, 74, 0, 0, 13.52%, 0, 0, 5, 31.59, 1016986, 458, 0, 0
4307, 85, 73, 74, 0, 0, 13.52%, 0, 0, 5, 30.54, 1017857, 458, 0, 0
4312, 85, 25, 74, 0, 0, 13.52%, 0, 0, 5, 329.12, 1018446, 458, 0, 0
4317, 85, 18, 74, 0, 0, 13.52%, 0, 0, 5, 31.33, 1018882, 458, 0, 0
4322, 86, 73, 74, 0, 0, 13.52%, 0, 0, 5, 30.40, 1019761, 458, 0, 0
4327, 86, 53, 74, 0, 0, 13.52%, 0, 0, 5, 31.11, 1020626, 458, 0, 0
4332, 86, 25, 74, 0, 0, 13.52%, 0, 0, 5, 329.54, 1021418, 458, 0, 0
4337, 86, 73, 74, 0, 0, 13.52%, 0, 0, 5, 328.02, 1021938, 458, 0, 0
4343, 86, 66, 74, 0, 0, 13.52%, 0, 0, 5, 37.86, 1022470, 458, 0, 0
4348, 86, 73, 74, 0, 0, 13.52%, 0, 0, 5, 30.73, 1023296, 458, 0, 0
4353, 86, 18, 74, 0, 0, 13.52%, 0, 0, 5, 31.19, 1024168, 458, 0, 0
4358, 86, 73, 74, 0, 0, 13.52%, 0, 0, 5, 289.59, 1025019, 458, 0, 0
4363, 86, 43, 74, 0, 0, 13.52%, 0, 0, 5, 321.50, 1025546, 458, 0, 0
4368, 86, 28, 74, 0, 0, 13.52%, 0, 0, 5, 30.87, 1026035, 458, 0, 0
4374, 86, 28, 74, 0, 0, 13.52%, 0, 0, 5, 30.88, 1026841, 458, 0, 0
4379, 86, 4, 74, 0, 0, 13.52%, 0, 0, 5, 31.54, 1027686, 458, 0, 0
4384, 86, 60, 74, 0, 0, 13.52%, 0, 0, 5, 31.17, 1028498, 458, 0, 0
4389, 86, 73, 74, 0, 0, 13.52%, 0, 0, 5, 270.98, 1029294, 458, 0, 0
4394, 86, 27, 74, 0, 0, 13.52%, 0, 0, 5, 316.07, 1029876, 458, 0, 0
4399, 86, 73, 74, 0, 0, 13.52%, 0, 0, 5, 335.94, 1030426, 458, 0, 0
4404, 86, 73, 74, 0, 0, 13.52%, 0, 0, 5, 31.52, 1031093, 458, 0, 0
4409, 86, 25, 74, 0, 0, 13.52%, 0, 0, 5, 30.71, 1031927, 458, 0, 0
4414, 86, 73, 74, 0, 0, 13.52%, 0, 0, 5, 30.89, 1032741, 458, 0, 0
4420, 87, 59, 74, 0, 0, 13.52%, 0, 0, 5, 30.34, 1033560, 458, 0, 0
4425, 87, 73, 74, 0, 0, 13.52%, 0, 0, 5, 304.50, 1034390, 458, 0, 0
4430, 87, 73, 74, 0, 0, 13.52%, 0, 0, 5, 319.97, 1034970, 458, 0, 0
4435, 87, 43, 74, 0, 0, 13.52%, 0, 0, 5, 325.43, 1035546, 458, 0, 0
4440, 87, 2, 74, 0, 0, 13.52%, 0, 0, 5, 31.10, 1036161, 458, 0, 0
4445, 87, 73, 74, 0, 0, 13.52%, 0, 0, 5, 30.70, 1036962, 458, 0, 0
4450, 87, 60, 74, 0, 0, 13.52%, 0, 0, 5, 40.05, 1037791, 458, 0, 0
4456, 87, 73, 74, 0, 0, 13.52%, 0, 0, 5, 31.09, 1038606, 458, 0, 0
4461, 87, 73, 74, 0, 0, 13.52%, 0, 0, 5, 306.93, 1039480, 458, 0, 0
4466, 87, 73, 74, 0, 0, 13.52%, 0, 0, 5, 255.63, 1039979, 458, 0, 0
4471, 87, 73, 74, 0, 0, 13.52%, 0, 0, 5, 31.35, 1040524, 458, 0, 0
4476, 87, 59, 74, 0, 0, 13.52%, 0, 0, 5, 31.41, 1041392, 458, 0, 0
4481, 87, 73, 74, 0, 0, 13.52%, 0, 0, 5, 30.52, 1042270, 458, 0, 0
4487, 87, 2, 74, 0, 0, 13.52%, 0, 0, 5, 330.26, 1043046, 458, 0, 0
4492, 87, 40, 74, 0, 0, 13.52%, 0, 0, 5, 269.40, 1043469, 458, 0, 0
4497, 87, 73, 74, 0, 0, 13.52%, 0, 0, 5, 31.41, 1044168, 458, 0, 0
4502, 87, 18, 74, 0, 0, 13.52%, 0, 0, 5, 31.58, 1045028, 458, 0, 0
4507, 87, 26, 74, 0, 0, 13.52%, 0, 0, 5, 31.58, 1045888, 458, 0, 0
4512, 87, 2, 74, 0, 0, 13.52%, 0, 0, 5, 320.83, 1046524, 458, 0, 0
4517, 87, 4, 74, 0, 0, 13.52%, 0, 0, 5, 36.55, 1046936, 458, 0, 0
4522, 88, 73, 74, 0, 0, 13.52%, 0, 0, 5, 40.91, 1047763, 458, 0, 0
4527, 88, 60, 74, 0, 0, 13.52%, 0, 0, 5, 33.46, 1048631, 458, 0, 0
4533, 88, 73, 74, 0, 0, 13.52%, 0, 0, 5, 314.35, 1049516, 458, 0, 0
4538, 88, 2, 74, 0, 0, 13.52%, 0, 0, 5, 301.46, 1049976, 458, 0, 0
4543, 88, 26, 74, 0, 0, 13.52%, 0, 0, 5, 31.43, 1050527, 458, 0, 0
4548, 88, 71, 74, 0, 0, 13.52%, 0, 0, 5, 42.28, 1051409, 458, 0, 0
4553, 88, 73, 74, 0, 0, 13.52%, 0, 0, 5, 30.84, 1052245, 458, 0, 0
4558, 88, 43, 74, 0, 0, 13.52%, 0, 0, 5, 33.52, 1053088, 458, 0, 0
4563, 88, 60, 74, 0, 0, 13.52%, 0, 0, 5, 247.59, 1053638, 458, 0, 0
4568, 88, 54, 74, 0, 0, 13.52%, 0, 0, 5, 31.18, 1054114, 458, 0, 0
4574, 88, 73, 74, 0, 0, 13.52%, 0, 0, 5, 31.26, 1054947, 458, 0, 0
4579, 88, 36, 74, 0, 0, 13.52%, 0, 0, 5, 31.19, 1055798, 458, 0, 0
4584, 88, 26, 74, 0, 0, 13.52%, 0, 0, 5, 43.01, 1056658, 458, 0, 0
4589, 88, 28, 74, 0, 0, 13.52%, 0, 0, 5, 323.07, 1057264, 458, 0, 0
4594, 88, 73, 74, 0, 0, 13.52%, 0, 0, 5, 331.69, 1057816, 458, 0, 0
4599, 88, 73, 74, 0, 0, 13.52%, 0, 0, 5, 31.19, 1058467, 458, 0, 0
4604, 88, 25, 74, 0, 0, 13.52%, 0, 0, 5, 31.36, 1059280, 458, 0, 0
4609, 89, 25, 74, 0, 0, 13.52%, 0, 0, 5, 31.42, 1060089, 458, 0, 0
4614, 89, 73, 74, 0, 0, 13.52%, 0, 0, 5, 31.58, 1060878, 458, 0, 0
4619, 89, 25, 74, 0, 0, 13.52%, 0, 0, 5, 326.92, 1061552, 458, 0, 0
4624, 89, 73, 74, 0, 0, 13.52%, 0, 0, 5, 226.18, 1062078, 458, 0, 0
4629, 89, 73, 74, 0, 0, 13.52%, 0, 0, 5, 38.76, 1062600, 458, 0, 0
4635, 89, 22, 74, 0, 0, 13.52%, 0, 0, 5, 31.32, 1063410, 458, 0, 0
4640, 89, 43, 74, 0, 0, 13.52%, 0, 0, 5, 31.28, 1064231, 458, 0, 0
4645, 89, 73, 74, 0, 0, 13.52%, 0, 0, 5, 31.24, 1065070, 458, 0, 0
4650, 89, 4, 74, 0, 0, 13.52%, 0, 0, 5, 326.60, 1066034, 458, 0, 0
4655, 89, 73, 74, 0, 0, 13.52%, 0, 0, 5, 272.19, 1067325, 458, 0, 0
4660, 89, 4, 74, 0, 0, 13.52%, 0, 0, 5, 302.59, 1068883, 458, 0, 0
4665, 89, 73, 74, 0, 0, 13.52%, 0, 0, 5, 310.67, 1070475, 458, 0, 0
4670, 89, 26, 74, 0, 0, 13.52%, 0, 0, 5, 305.38, 1072013, 458, 0, 0
4676, 89, 73, 74, 0, 0, 13.52%, 0, 0, 5, 279.92, 1073390, 458, 0, 0
4681, 89, 8, 74, 0, 0, 13.52%, 0, 0, 5, 299.43, 1074920, 458, 0, 0
4686, 90, 58, 74, 0, 0, 13.52%, 0, 0, 5, 299.94, 1076480, 458, 0, 0
4691, 90, 28, 74, 0, 0, 13.52%, 0, 0, 5, 301.23, 1078041, 458, 0, 0
4696, 90, 73, 74, 0, 0, 13.52%, 0, 0, 5, 280.56, 1079460, 458, 0, 0
4701, 90, 2, 74, 0, 0, 13.52%, 0, 0, 5, 252.18, 1080710, 458, 0, 0
4706, 90, 73, 74, 0, 0, 13.52%, 0, 0, 5, 294.93, 1082255, 458, 0, 0
4711, 90, 54, 74, 0, 0, 13.52%, 0, 0, 5, 301.51, 1083794, 458, 0, 0
4716, 90, 73, 74, 0, 0, 13.52%, 0, 0, 5, 302.97, 1085342, 458, 0, 0
4722, 90, 73, 74, 0, 0, 13.52%, 0, 0, 5, 290.13, 1086855, 458, 0, 0
4727, 90, 28, 74, 0, 0, 13.52%, 0, 0, 5, 303.48, 1088422, 458, 0, 0
4732, 91, 32, 74, 0, 0, 13.52%, 0, 0, 5, 308.44, 1089988, 458, 0, 0
4737, 91, 73, 74, 0, 0, 13.52%, 0, 0, 5, 313.64, 1091572, 458, 0, 0
4742, 91, 48, 74, 0, 0, 13.52%, 0, 0, 5, 311.20, 1093146, 458, 0, 0
4747, 91, 73, 74, 0, 0, 13.52%, 0, 0, 5, 307.77, 1094671, 458, 0, 0
4752, 91, 73, 74, 0, 0, 13.52%, 0, 0, 5, 309.74, 1096199, 458, 0, 0
4757, 91, 60, 74, 0, 0, 13.52%, 0, 0, 5, 314.98, 1097835, 458, 0, 0
4762, 91, 73, 74, 0, 0, 13.52%, 0, 0, 5, 315.04, 1099409, 458, 0, 0
4767, 91, 73, 74, 0, 0, 13.52%, 0, 0, 5, 315.62, 1100993, 458, 0, 0
4772, 91, 2, 74, 0, 0, 13.52%, 0, 0, 5, 304.35, 1102509, 458, 0, 0
4778, 92, 27, 74, 0, 0, 13.52%, 0, 0, 5, 312.25, 1104151, 458, 0, 0
4783, 92, 73, 74, 0, 0, 13.52%, 0, 0, 5, 316.73, 1105805, 458, 0, 0
4788, 92, 73, 74, 0, 0, 13.52%, 0, 0, 5, 315.63, 1107452, 458, 0, 0
4793, 92, 27, 74, 0, 0, 13.52%, 0, 0, 5, 304.58, 1108978, 458, 0, 0
4798, 92, 56, 74, 0, 0, 13.52%, 0, 0, 5, 312.11, 1110614, 458, 0, 0
4803, 92, 73, 74, 0, 0, 13.52%, 0, 0, 5, 312.78, 1112178, 458, 0, 0
4809, 92, 32, 74, 0, 0, 13.52%, 0, 0, 5, 314.96, 1113814, 458, 0, 0
4814, 93, 9, 74, 0, 0, 13.52%, 0, 0, 5, 302.62, 1115344, 458, 0, 0
4819, 93, 73, 74, 0, 0, 13.52%, 0, 0, 5, 316.05, 1117006, 458, 0, 0
4824, 93, 25, 74, 0, 0, 13.52%, 0, 0, 5, 314.41, 1118584, 458, 0, 0
4829, 93, 26, 74, 0, 0, 13.52%, 0, 0, 5, 311.74, 1120150, 458, 0, 0
4834, 93, 73, 74, 0, 0, 13.52%, 0, 0, 5, 300.87, 1121680, 458, 0, 0
4839, 93, 43, 74, 0, 0, 13.52%, 0, 0, 5, 313.19, 1123266, 458, 0, 0
4844, 93, 27, 74, 0, 0, 13.52%, 0, 0, 5, 315.73, 1124902, 458, 0, 0
4850, 93, 73, 74, 0, 0, 13.52%, 0, 0, 5, 315.69, 1126536, 458, 0, 0
4855, 93, 27, 74, 0, 0, 13.52%, 0, 0, 5, 298.92, 1128020, 458, 0, 0
4860, 94, 73, 74, 0, 0, 13.52%, 0, 0, 5, 313.57, 1129608, 458, 0, 0
4865, 94, 73, 74, 0, 0, 13.52%, 0, 0, 5, 317.88, 1131256, 458, 0, 0
4870, 94, 66, 74, 0, 0, 13.52%, 0, 0, 5, 315.36, 1132895, 458, 0, 0
4875, 94, 25, 74, 0, 0, 13.52%, 0, 0, 5, 291.58, 1134355, 458, 0, 0
4880, 94, 27, 74, 0, 0, 13.52%, 0, 0, 5, 312.49, 1135989, 458, 0, 0
4885, 94, 73, 74, 0, 0, 13.52%, 0, 0, 5, 317.75, 1137585, 458, 0, 0
4890, 94, 73, 74, 0, 0, 13.52%, 0, 0, 5, 314.77, 1139165, 458, 0, 0
4895, 94, 73, 74, 0, 0, 13.52%, 0, 0, 5, 286.99, 1140640, 458, 0, 0
4900, 95, 32, 74, 0, 0, 13.52%, 0, 0, 5, 310.12, 1142271, 458, 0, 0
4906, 95, 73, 74, 0, 0, 13.52%, 0, 0, 5, 252.69, 1143403, 458, 0, 0
4911, 95, 25, 74, 0, 0, 13.52%, 0, 0, 5, 31.50, 1144884, 458, 0, 0
4916, 95, 73, 74, 0, 0, 13.52%, 0, 0, 5, 302.97, 1146301, 458, 0, 0
4921, 95, 73, 74, 0, 0, 13.52%, 0, 0, 5, 315.57, 1147955, 458, 0, 0
4926, 95, 43, 74, 0, 0, 13.52%, 0, 0, 5, 40.25, 1149379, 458, 0, 0
4931, 95, 73, 74, 0, 0, 13.52%, 0, 0, 5, 323.70, 1150871, 458, 0, 0
4936, 95, 73, 74, 0, 0, 13.52%, 0, 0, 5, 321.90, 1152533, 458, 0, 0
4941, 95, 43, 74, 0, 0, 13.52%, 0, 0, 5, 331.22, 1153741, 458, 0, 0
4947, 95, 73, 74, 0, 0, 13.52%, 0, 0, 5, 323.32, 1155397, 458, 0, 0
4952, 95, 33, 74, 0, 0, 13.52%, 0, 0, 5, 319.34, 1157047, 458, 0, 0
4957, 95, 73, 74, 0, 0, 13.52%, 0, 0, 5, 327.32, 1158333, 458, 0, 0
4962, 96, 27, 74, 0, 0, 13.52%, 0, 0, 5, 322.67, 1159995, 458, 0, 0
4967, 96, 72, 74, 0, 0, 13.52%, 0, 0, 5, 211.70, 1161239, 458, 0, 0
4972, 96, 2, 74, 0, 0, 13.52%, 0, 0, 5, 300.12, 1162895, 458, 0, 0
4977, 96, 28, 74, 0, 0, 13.52%, 0, 0, 5, 317.00, 1164507, 458, 0, 0
4983, 96, 73, 74, 0, 0, 13.52%, 0, 0, 5, 327.57, 1165779, 458, 0, 0
4988, 96, 73, 74, 0, 0, 13.52%, 0, 0, 5, 322.68, 1167433, 458, 0, 0
4993, 96, 40, 74, 0, 0, 13.52%, 0, 0, 5, 316.09, 1168671, 458, 0, 0
4998, 96, 19, 74, 0, 0, 13.52%, 0, 0, 5, 321.94, 1170313, 458, 0, 0
5003, 97, 25, 74, 0, 0, 13.52%, 0, 0, 5, 31.55, 1171562, 458, 0, 0
5008, 97, 73, 74, 0, 0, 13.52%, 0, 0, 5, 310.33, 1173237, 458, 0, 0
5014, 97, 73, 74, 0, 0, 13.52%, 0, 0, 5, 307.81, 1174883, 458, 0, 0
5019, 97, 73, 74, 0, 0, 13.52%, 0, 0, 5, 287.92, 1176235, 458, 0, 0
5024, 97, 53, 74, 0, 0, 13.52%, 0, 0, 5, 315.33, 1177907, 458, 0, 0
5029, 97, 60, 74, 0, 0, 13.52%, 0, 0, 5, 267.42, 1179145, 458, 0, 0
5034, 97, 58, 74, 0, 0, 13.52%, 0, 0, 5, 308.35, 1180788, 458, 0, 0
5039, 97, 2, 74, 0, 0, 13.52%, 0, 0, 5, 324.16, 1182040, 458, 0, 0
5045, 97, 28, 74, 0, 0, 13.52%, 0, 0, 5, 319.98, 1183682, 458, 0, 0
5050, 98, 73, 74, 0, 0, 13.52%, 0, 0, 5, 31.49, 1185113, 458, 0, 0
5055, 98, 60, 74, 0, 0, 13.52%, 0, 0, 5, 323.90, 1186628, 458, 0, 0
5060, 98, 72, 74, 0, 0, 13.52%, 0, 0, 5, 322.33, 1188300, 458, 0, 0
5065, 98, 73, 74, 0, 0, 13.52%, 0, 0, 5, 266.78, 1189535, 458, 0, 0
5070, 98, 73, 74, 0, 0, 13.52%, 0, 0, 5, 312.23, 1191196, 458, 0, 0
5075, 98, 34, 74, 0, 0, 13.52%, 0, 0, 5, 321.53, 1192400, 458, 0, 0
5081, 98, 73, 74, 0, 0, 13.52%, 0, 0, 5, 322.85, 1194058, 458, 0, 0
5086, 98, 73, 74, 0, 0, 13.52%, 0, 0, 5, 321.69, 1195260, 458, 0, 0
5091, 98, 73, 74, 0, 0, 13.52%, 0, 0, 5, 325.70, 1196942, 458, 0, 0
5096, 98, 73, 74, 0, 0, 13.52%, 0, 0, 5, 31.42, 1198271, 458, 0, 0
5101, 98, 73, 74, 0, 0, 13.52%, 0, 0, 5, 287.48, 1199850, 458, 0, 0
5106, 99, 72, 74, 0, 0, 13.52%, 0, 0, 5, 31.42, 1201289, 458, 0, 0
5111, 99, 32, 74, 0, 0, 13.52%, 0, 0, 5, 297.20, 1202740, 458, 0, 0
5117, 99, 73, 74, 0, 0, 13.52%, 0, 0, 5, 319.91, 1204412, 458, 0, 0
5122, 99, 73, 74, 0, 0, 13.52%, 0, 0, 5, 274.19, 1205635, 458, 0, 0
5127, 99, 73, 74, 0, 0, 13.52%, 0, 0, 5, 313.72, 1207310, 458, 0, 0
5132, 99, 30, 74, 0, 0, 13.52%, 0, 0, 5, 322.53, 1208540, 458, 0, 0
5137, 99, 73, 74, 0, 0, 13.52%, 0, 0, 5, 323.44, 1210214, 458, 0, 0
5142, 99, 60, 74, 0, 0, 13.52%, 0, 0, 5, 321.62, 1211372, 458, 0, 0
5147, 100, 73, 74, 0, 0, 13.52%, 0, 0, 5, 321.67, 1213038, 458, 0, 0
5152, 100, 73, 74, 0, 0, 13.52%, 0, 0, 5, 318.58, 1214266, 458, 0, 0
5158, 100, 72, 74, 0, 0, 13.52%, 0, 0, 5, 319.58, 1215922, 458, 0, 0
5163, 100, 32, 74, 0, 0, 13.52%, 0, 0, 5, 228.86, 1217128, 458, 0, 0
5168, 100, 2, 74, 0, 0, 13.52%, 0, 0, 5, 303.51, 1218794, 458, 0, 0
5173, 100, 73, 74, 0, 0, 13.52%, 0, 0, 5, 31.17, 1220212, 458, 0, 0
5178, 100, 73, 74, 0, 0, 13.52%, 0, 0, 5, 304.09, 1221670, 458, 0, 0
5183, 100, 73, 74, 0, 0, 13.52%, 0, 0, 5, 304.62, 1223254, 458, 0, 0
5188, 100, 73, 74, 0, 0, 13.52%, 0, 0, 5, 309.56, 1224598, 458, 0, 0
5194, 100, 2, 74, 0, 0, 13.52%, 0, 0, 5, 31.50, 1226128, 458, 0, 0
5199, 100, 73, 74, 0, 0, 13.52%, 0, 0, 5, 322.01, 1227496, 458, 0, 0
5204, 101, 60, 74, 0, 0, 13.52%, 0, 0, 5, 31.41, 1229064, 458, 0, 0
5209, 101, 73, 74, 0, 0, 13.52%, 0, 0, 5, 319.39, 1230422, 458, 0, 0
5214, 101, 27, 74, 0, 0, 13.52%, 0, 0, 5, 323.64, 1232110, 458, 0, 0
5219, 101, 60, 74, 0, 0, 13.52%, 0, 0, 5, 321.88, 1233336, 458, 0, 0
5225, 101, 18, 74, 0, 0, 13.52%, 0, 0, 5, 325.02, 1235016, 458, 0, 0
5230, 101, 73, 74, 0, 0, 13.52%, 0, 0, 5, 317.62, 1236188, 458, 0, 0
5235, 101, 23, 74, 0, 0, 13.52%, 0, 0, 5, 320.77, 1237800, 458, 0, 0
5240, 101, 60, 74, 0, 0, 13.52%, 0, 0, 5, 288.13, 1238966, 458, 0, 0
5245, 102, 0, 74, 0, 0, 13.52%, 0, 0, 5, 31.79, 1240337, 458, 0, 0
5250, 102, 23, 74, 0, 0, 13.52%, 0, 0, 5, 326.71, 1241729, 458, 0, 0
5255, 102, 31, 74, 0, 0, 13.52%, 0, 0, 5, 318.74, 1242801, 458, 0, 0
5260, 102, 73, 74, 0, 0, 13.52%, 0, 0, 5, 31.17, 1244009, 458, 0, 0
5265, 102, 73, 74, 0, 0, 13.52%, 0, 0, 5, 323.17, 1245523, 458, 0, 0
5270, 102, 73, 74, 0, 0, 13.52%, 0, 0, 5, 327.92, 1246557, 458, 0, 0
5275, 102, 73, 74, 0, 0, 13.52%, 0, 0, 5, 276.34, 1247641, 458, 0, 0
5281, 102, 73, 74, 0, 0, 13.52%, 0, 0, 5, 334.56, 1248738, 458, 0, 0
5286, 102, 73, 74, 0, 0, 13.52%, 0, 0, 5, 325.00, 1249747, 458, 0, 0
5291, 102, 73, 74, 0, 0, 13.52%, 0, 0, 5, 31.23, 1250876, 458, 0, 0
5296, 102, 73, 74, 0, 0, 13.52%, 0, 0, 5, 30.34, 1252039, 458, 0, 0
5301, 102, 54, 74, 0, 0, 13.52%, 0, 0, 5, 31.17, 1253210, 458, 0, 0
5306, 103, 73, 74, 0, 0, 13.52%, 0, 0, 5, 274.78, 1254256, 458, 0, 0
5311, 103, 40, 74, 0, 0, 13.52%, 0, 0, 5, 274.50, 1255091, 458, 0, 0
5316, 103, 26, 74, 0, 0, 13.52%, 0, 0, 5, 325.00, 1255875, 458, 0, 0
5321, 103, 60, 74, 0, 0, 13.52%, 0, 0, 5, 30.80, 1256984, 458, 0, 0
5326, 103, 43, 74, 0, 0, 13.52%, 0, 0, 5, 30.85, 1258099, 458, 0, 0
5331, 103, 73, 74, 0, 0, 13.52%, 0, 0, 5, 324.60, 1259102, 458, 0, 0
5337, 103, 25, 74, 0, 0, 13.52%, 0, 0, 5, 284.38, 1259916, 458, 0, 0
5342, 103, 60, 74, 0, 0, 13.52%, 0, 0, 5, 320.60, 1260698, 458, 0, 0
5347, 103, 60, 74, 0, 0, 13.52%, 0, 0, 5, 227.72, 1261433, 458, 0, 0
5352, 103, 73, 74, 0, 0, 13.52%, 0, 0, 5, 31.49, 1262399, 458, 0, 0
5357, 103, 73, 74, 0, 0, 13.52%, 0, 0, 5, 31.70, 1263438, 458, 0, 0
5362, 103, 73, 74, 0, 0, 13.52%, 0, 0, 5, 31.25, 1264440, 458, 0, 0
5367, 103, 60, 74, 0, 0, 13.52%, 0, 0, 5, 328.77, 1265318, 458, 0, 0
5373, 104, 40, 74, 0, 0, 13.52%, 0, 0, 5, 333.97, 1266052, 458, 0, 0
5378, 104, 73, 74, 0, 0, 13.52%, 0, 0, 5, 322.60, 1266754, 458, 0, 0
5383, 104, 4, 74, 0, 0, 13.52%, 0, 0, 5, 30.87, 1267553, 458, 0, 0
5388, 104, 73, 74, 0, 0, 13.52%, 0, 0, 5, 31.26, 1268554, 458, 0, 0
5393, 104, 26, 74, 0, 0, 13.52%, 0, 0, 5, 31.36, 1269541, 458, 0, 0
5398, 104, 28, 74, 0, 0, 13.52%, 0, 0, 5, 294.02, 1270421, 458, 0, 0
5404, 104, 43, 74, 0, 0, 13.52%, 0, 0, 5, 284.85, 1271071, 458, 0, 0
5409, 104, 73, 74, 0, 0, 13.52%, 0, 0, 5, 333.12, 1271722, 458, 0, 0
5414, 104, 73, 74, 0, 0, 13.52%, 0, 0, 5, 30.59, 1272547, 458, 0, 0
5419, 104, 32, 74, 0, 0, 13.52%, 0, 0, 5, 30.48, 1273487, 458, 0, 0
5424, 104, 4, 74, 0, 0, 13.52%, 0, 0, 5, 31.39, 1274417, 458, 0, 0
5429, 104, 40, 74, 0, 0, 13.52%, 0, 0, 5, 299.78, 1275216, 458, 0, 0
5434, 104, 60, 74, 0, 0, 13.52%, 0, 0, 5, 256.31, 1275881, 458, 0, 0
5440, 104, 18, 74, 0, 0, 13.52%, 0, 0, 5, 276.47, 1276536, 458, 0, 0
5445, 104, 73, 74, 0, 0, 13.52%, 0, 0, 5, 31.31, 1277270, 458, 0, 0
5450, 104, 73, 74, 0, 0, 13.52%, 0, 0, 5, 31.22, 1278156, 458, 0, 0
5455, 104, 73, 74, 0, 0, 13.52%, 0, 0, 5, 30.52, 1279056, 458, 0, 0
5460, 105, 73, 74, 0, 0, 13.52%, 0, 0, 5, 311.43, 1279962, 458, 0, 0
5465, 105, 73, 74, 0, 0, 13.52%, 0, 0, 5, 329.36, 1280666, 458, 0, 0
5470, 105, 73, 74, 0, 0, 13.52%, 0, 0, 5, 317.67, 1281272, 458, 0, 0
5475, 105, 73, 74, 0, 0, 13.52%, 0, 0, 5, 31.32, 1281905, 458, 0, 0
5480, 105, 73, 74, 0, 0, 13.52%, 0, 0, 5, 31.23, 1282733, 458, 0, 0
5486, 105, 60, 74, 0, 0, 13.52%, 0, 0, 5, 33.48, 1283611, 458, 0, 0
5491, 105, 73, 74, 0, 0, 13.52%, 0, 0, 5, 44.07, 1284462, 458, 0, 0
5496, 105, 73, 74, 0, 0, 13.52%, 0, 0, 5, 272.32, 1285296, 458, 0, 0
5501, 105, 73, 74, 0, 0, 13.52%, 0, 0, 5, 324.88, 1286007, 458, 0, 0
5506, 105, 73, 74, 0, 0, 13.52%, 0, 0, 5, 329.98, 1286561, 458, 0, 0
5511, 105, 73, 74, 0, 0, 13.52%, 0, 0, 5, 278.61, 1287201, 458, 0, 0
5516, 105, 71, 74, 0, 0, 13.52%, 0, 0, 5, 31.16, 1287933, 458, 0, 0
5521, 105, 73, 74, 0, 0, 13.52%, 0, 0, 5, 30.56, 1288727, 458, 0, 0
5526, 105, 73, 74, 0, 0, 13.52%, 0, 0, 5, 45.07, 1289560, 458, 0, 0
5531, 105, 28, 74, 0, 0, 13.52%, 0, 0, 5, 31.16, 1290403, 458, 0, 0
5536, 105, 25, 74, 0, 0, 13.52%, 0, 0, 5, 300.17, 1291164, 458, 0, 0
5542, 105, 73, 74, 0, 0, 13.52%, 0, 0, 5, 298.72, 1291854, 458, 0, 0
5547, 105, 60, 74, 0, 0, 13.52%, 0, 0, 5, 38.78, 1292304, 458, 0, 0
5552, 105, 73, 74, 0, 0, 13.52%, 0, 0, 5, 30.83, 1293215, 458, 0, 0
5557, 105, 28, 74, 0, 0, 13.52%, 0, 0, 5, 33.99, 1294153, 458, 0, 0
5562, 105, 27, 74, 0, 0, 13.52%, 0, 0, 5, 326.46, 1294851, 458, 0, 0
5567, 105, 73, 74, 0, 0, 13.52%, 0, 0, 5, 178.03, 1295350, 458, 0, 0
5572, 105, 43, 74, 0, 0, 13.52%, 0, 0, 5, 31.49, 1296095, 458, 0, 0
5577, 105, 73, 74, 0, 0, 13.52%, 0, 0, 5, 31.08, 1296966, 458, 0, 0
5582, 105, 59, 74, 0, 0, 13.52%, 0, 0, 5, 299.83, 1297833, 458, 0, 0
5587, 106, 26, 74, 0, 0, 13.52%, 0, 0, 5, 328.12, 1298315, 458, 0, 0
5593, 106, 73, 74, 0, 0, 13.52%, 0, 0, 5, 31.46, 1298898, 458, 0, 0
5598, 106, 60, 74, 0, 0, 13.52%, 0, 0, 5, 30.95, 1299795, 458, 0, 0
5603, 106, 73, 74, 0, 0, 13.52%, 0, 0, 5, 31.24, 1300651, 458, 0, 0
5608, 106, 73, 74, 0, 0, 13.52%, 0, 0, 5, 324.34, 1301409, 458, 0, 0
5613, 106, 73, 74, 0, 0, 13.52%, 0, 0, 5, 217.95, 1301843, 458, 0, 0
5618, 106, 73, 74, 0, 0, 13.52%, 0, 0, 5, 31.41, 1302582, 458, 0, 0
5623, 106, 43, 74, 0, 0, 13.52%, 0, 0, 5, 41.80, 1303446, 458, 0, 0
5628, 106, 53, 74, 0, 0, 13.52%, 0, 0, 5, 31.45, 1304269, 458, 0, 0
5633, 106, 73, 74, 0, 0, 13.52%, 0, 0, 5, 275.93, 1304894, 458, 0, 0
5639, 106, 73, 74, 0, 0, 13.52%, 0, 0, 5, 328.36, 1305352, 458, 0, 0
5644, 106, 28, 74, 0, 0, 13.52%, 0, 0, 5, 32.03, 1306136, 458, 0, 0
5649, 106, 11, 74, 0, 0, 13.52%, 0, 0, 5, 31.12, 1306979, 458, 0, 0
5654, 106, 73, 74, 0, 0, 13.52%, 0, 0, 5, 30.45, 1307809, 458, 0, 0
5659, 106, 18, 74, 0, 0, 13.52%, 0, 0, 5, 321.25, 1308640, 458, 0, 0
5664, 106, 2, 74, 0, 0, 13.52%, 0, 0, 5, 316.24, 1309016, 458, 0, 0
5670, 106, 27, 74, 0, 0, 13.52%, 0, 0, 5, 31.38, 1309701, 458, 0, 0
5675, 106, 73, 74, 0, 0, 13.52%, 0, 0, 5, 30.46, 1310531, 458, 0, 0
5680, 106, 32, 74, 0, 0, 13.52%, 0, 0, 5, 30.30, 1311335, 458, 0, 0
5685, 107, 25, 74, 0, 0, 13.52%, 0, 0, 5, 325.29, 1312104, 458, 0, 0
5690, 107, 27, 74, 0, 0, 13.52%, 0, 0, 5, 318.00, 1312616, 458, 0, 0
5695, 107, 32, 74, 0, 0, 13.52%, 0, 0, 5, 30.90, 1313133, 458, 0, 0
5700, 107, 73, 74, 0, 0, 13.52%, 0, 0, 5, 30.72, 1313964, 458, 0, 0
5705, 107, 27, 74, 0, 0, 13.52%, 0, 0, 5, 31.15, 1314800, 458, 0, 0
5710, 107, 73, 74, 0, 0, 13.52%, 0, 0, 5, 31.06, 1315604, 458, 0, 0
5715, 107, 28, 74, 0, 0, 13.52%, 0, 0, 5, 251.15, 1316209, 458, 0, 0
5720, 107, 73, 74, 0, 0, 13.52%, 0, 0, 5, 331.58, 1316727, 458, 0, 0
5725, 107, 73, 74, 0, 0, 13.52%, 0, 0, 5, 31.43, 1317305, 458, 0, 0
5730, 107, 60, 74, 0, 0, 13.52%, 0, 0, 5, 30.98, 1318118, 458, 0, 0
5736, 107, 2, 74, 0, 0, 13.52%, 0, 0, 5, 31.32, 1318902, 458, 0, 0
5741, 107, 73, 74, 0, 0, 13.52%, 0, 0, 5, 38.63, 1319692, 458, 0, 0
5746, 107, 25, 74, 0, 0, 13.52%, 0, 0, 5, 313.69, 1320503, 458, 0, 0
5751, 107, 73, 74, 0, 0, 13.52%, 0, 0, 5, 324.24, 1321091, 458, 0, 0
5756, 107, 27, 74, 0, 0, 13.52%, 0, 0, 5, 321.90, 1321639, 458, 0, 0
5761, 107, 60, 74, 0, 0, 13.52%, 0, 0, 5, 30.83, 1322276, 458, 0, 0
5766, 107, 25, 74, 0, 0, 13.52%, 0, 0, 5, 40.63, 1323018, 458, 0, 0
5771, 108, 73, 74, 0, 0, 13.52%, 0, 0, 5, 31.03, 1323865, 458, 0, 0
5776, 108, 73, 74, 0, 0, 13.52%, 0, 0, 5, 247.14, 1324597, 458, 0, 0
5781, 108, 73, 74, 0, 0, 13.52%, 0, 0, 5, 322.41, 1325023, 458, 0, 0
5787, 108, 73, 74, 0, 0, 13.52%, 0, 0, 5, 31.49, 1325765, 458, 0, 0
5792, 108, 73, 74, 0, 0, 13.52%, 0, 0, 5, 31.19, 1326636, 458, 0, 0
5797, 108, 73, 74, 0, 0, 13.52%, 0, 0, 5, 30.38, 1327519, 458, 0, 0
5802, 108, 71, 74, 0, 0, 13.52%, 0, 0, 5, 326.50, 1328097, 458, 0, 0
5807, 108, 60, 74, 0, 0, 13.52%, 0, 0, 5, 31.25, 1328545, 458, 0, 0
5812, 108, 25, 74, 0, 0, 13.52%, 0, 0, 5, 31.11, 1329418, 458, 0, 0
5818, 108, 28, 74, 0, 0, 13.52%, 0, 0, 5, 41.79, 1330287, 458, 0, 0
5823, 108, 32, 74, 0, 0, 13.52%, 0, 0, 5, 273.92, 1331124, 458, 0, 0
5828, 108, 73, 74, 0, 0, 13.52%, 0, 0, 5, 244.99, 1331689, 458, 0, 0
5833, 108, 27, 74, 0, 0, 13.52%, 0, 0, 5, 31.47, 1332153, 458, 0, 0
5838, 108, 28, 74, 0, 0, 13.52%, 0, 0, 5, 31.27, 1332999, 458, 0, 0
5844, 108, 48, 74, 0, 0, 13.52%, 0, 0, 5, 30.32, 1333820, 458, 0, 0
5849, 108, 73, 74, 0, 0, 13.52%, 0, 0, 5, 317.63, 1334692, 458, 0, 0
5854, 108, 32, 74, 0, 0, 13.52%, 0, 0, 5, 259.99, 1335199, 458, 0, 0
5859, 108, 60, 74, 0, 0, 13.52%, 0, 0, 5, 30.85, 1335689, 458, 0, 0
5864, 108, 43, 74, 0, 0, 13.52%, 0, 0, 5, 30.66, 1336567, 458, 0, 0
5869, 109, 73, 74, 0, 0, 13.52%, 0, 0, 5, 31.28, 1337405, 458, 0, 0
5874, 109, 73, 74, 0, 0, 13.52%, 0, 0, 5, 327.76, 1338242, 458, 0, 0
5879, 109, 73, 74, 0, 0, 13.52%, 0, 0, 5, 235.69, 1338720, 458, 0, 0
5885, 109, 73, 74, 0, 0, 13.52%, 0, 0, 5, 223.88, 1339302, 458, 0, 0
5890, 109, 73, 74, 0, 0, 13.52%, 0, 0, 5, 31.24, 1340053, 458, 0, 0
5895, 109, 73, 74, 0, 0, 13.52%, 0, 0, 5, 37.14, 1340878, 458, 0, 0
5900, 109, 2, 74, 0, 0, 13.52%, 0, 0, 5, 31.31, 1341675, 458, 0, 0
5905, 109, 28, 74, 0, 0, 13.52%, 0, 0, 5, 50.21, 1342472, 458, 0, 0
5910, 109, 73, 74, 0, 0, 13.52%, 0, 0, 5, 330.07, 1343130, 458, 0, 0
5915, 109, 53, 74, 0, 0, 13.52%, 0, 0, 5, 321.37, 1343678, 458, 0, 0
5920, 109, 73, 74, 0, 0, 13.52%, 0, 0, 5, 30.87, 1344230, 458, 0, 0
5926, 109, 60, 74, 0, 0, 13.52%, 0, 0, 5, 31.31, 1345016, 458, 0, 0
5931, 109, 32, 74, 0, 0, 13.52%, 0, 0, 5, 30.64, 1345808, 458, 0, 0
5936, 109, 73, 74, 0, 0, 13.52%, 0, 0, 5, 31.13, 1346608, 458, 0, 0
5941, 109, 32, 74, 0, 0, 13.52%, 0, 0, 5, 302.57, 1347389, 458, 0, 0
5946, 109, 73, 74, 0, 0, 13.52%, 0, 0, 5, 329.81, 1347987, 458, 0, 0
5951, 109, 18, 74, 0, 0, 13.52%, 0, 0, 5, 320.24, 1348541, 458, 0, 0
5956, 109, 27, 74, 0, 0, 13.52%, 0, 0, 5, 34.53, 1349136, 458, 0, 0
5961, 109, 73, 74, 0, 0, 13.52%, 0, 0, 5, 31.35, 1349921, 458, 0, 0
5967, 109, 73, 74, 0, 0, 13.52%, 0, 0, 5, 31.15, 1350743, 458, 0, 0
5972, 109, 73, 74, 0, 0, 13.52%, 0, 0, 5, 31.62, 1351515, 458, 0, 0
5977, 109, 32, 74, 0, 0, 13.52%, 0, 0, 5, 30.99, 1352326, 458, 0, 0
5982, 109, 25, 74, 0, 0, 13.52%, 0, 0, 5, 325.49, 1353053, 458, 0, 0
5987, 109, 73, 74, 0, 0, 13.52%, 0, 0, 5, 216.42, 1353515, 458, 0, 0
5992, 110, 25, 74, 0, 0, 13.52%, 0, 0, 5, 32.14, 1354205, 458, 0, 0
5997, 110, 73, 74, 0, 0, 13.52%, 0, 0, 5, 31.46, 1355102, 458, 0, 0
6002, 110, 73, 74, 0, 0, 13.52%, 0, 0, 5, 244.00, 1355898, 458, 0, 0
6008, 110, 73, 74, 0, 0, 13.52%, 0, 0, 5, 318.47, 1356327, 458, 0, 0
6013, 110, 4, 74, 0, 0, 13.52%, 0, 0, 5, 31.50, 1357020, 458, 0, 0
6018, 110, 60, 74, 0, 0, 13.52%, 0, 0, 5, 30.87, 1357847, 458, 0, 0
6023, 110, 60, 74, 0, 0, 13.52%, 0, 0, 5, 30.30, 1358725, 458, 0, 0
6028, 110, 73, 74, 0, 0, 13.52%, 0, 0, 5, 271.72, 1359339, 458, 0, 0
6033, 110, 73, 74, 0, 0, 13.52%, 0, 0, 5, 318.41, 1359778, 458, 0, 0
6038, 110, 60, 74, 0, 0, 13.52%, 0, 0, 5, 31.54, 1360589, 458, 0, 0
6043, 110, 58, 74, 0, 0, 13.52%, 0, 0, 5, 31.21, 1361435, 458, 0, 0
6048, 110, 1, 74, 0, 0, 13.52%, 0, 0, 5, 310.63, 1362305, 458, 0, 0
6053, 110, 2, 74, 0, 0, 13.52%, 0, 0, 5, 306.50, 1362711, 458, 0, 0
6059, 110, 25, 74, 0, 0, 13.52%, 0, 0, 5, 41.17, 1363302, 458, 0, 0
6064, 110, 73, 74, 0, 0, 13.52%, 0, 0, 5, 33.36, 1364160, 458, 0, 0
6069, 110, 27, 74, 0, 0, 13.52%, 0, 0, 5, 46.01, 1365024, 458, 0, 0
6074, 110, 26, 74, 0, 0, 13.52%, 0, 0, 5, 330.16, 1365517, 458, 0, 0
6079, 111, 73, 74, 0, 0, 13.52%, 0, 0, 5, 31.47, 1366016, 458, 0, 0
6084, 111, 73, 74, 0, 0, 13.52%, 0, 0, 5, 44.88, 1366850, 458, 0, 0
6089, 111, 32, 74, 0, 0, 13.52%, 0, 0, 5, 36.72, 1367712, 458, 0, 0
6094, 111, 73, 74, 0, 0, 13.52%, 0, 0, 5, 248.38, 1368555, 458, 0, 0
6099, 111, 73, 74, 0, 0, 13.52%, 0, 0, 5, 317.28, 1368989, 458, 0, 0
6104, 111, 18, 74, 0, 0, 13.52%, 0, 0, 5, 31.44, 1369539, 458, 0, 0
6109, 111, 73, 74, 0, 0, 13.52%, 0, 0, 5, 31.09, 1370332, 458, 0, 0
6114, 111, 2, 74, 0, 0, 13.52%, 0, 0, 5, 30.50, 1371111, 458, 0, 0
6119, 111, 72, 74, 0, 0, 13.52%, 0, 0, 5, 31.05, 1371901, 458, 0, 0
6124, 111, 73, 74, 0, 0, 13.52%, 0, 0, 5, 320.99, 1372603, 458, 0, 0
6129, 111, 73, 74, 0, 0, 13.52%, 0, 0, 5, 272.24, 1373129, 458, 0, 0
6134, 111, 60, 74, 0, 0, 13.52%, 0, 0, 5, 30.96, 1373667, 458, 0, 0
6140, 111, 54, 74, 0, 0, 13.52%, 0, 0, 5, 33.59, 1374460, 458, 0, 0
6145, 111, 73, 74, 0, 0, 13.52%, 0, 0, 5, 30.52, 1375227, 458, 0, 0
6150, 111, 60, 74, 0, 0, 13.52%, 0, 0, 5, 31.23, 1376032, 458, 0, 0
6155, 111, 73, 74, 0, 0, 13.52%, 0, 0, 5, 30.77, 1376783, 458, 0, 0
6160, 111, 73, 74, 0, 0, 13.52%, 0, 0, 5, 268.35, 1377464, 458, 0, 0
6165, 111, 22, 74, 0, 0, 13.52%, 0, 0, 5, 334.57, 1378005, 458, 0, 0
6170, 111, 73, 74, 0, 0, 13.52%, 0, 0, 5, 323.42, 1379249, 458, 0, 0
6176, 112, 2, 74, 0, 0, 13.52%, 0, 0, 5, 323.20, 1380929, 458, 0, 0
6181, 112, 53, 74, 0, 0, 13.52%, 0, 0, 5, 318.99, 1382571, 458, 0, 0
6186, 112, 60, 74, 0, 0, 13.52%, 0, 0, 5, 311.16, 1384123, 458, 0, 0
6191, 112, 73, 74, 0, 0, 13.52%, 0, 0, 5, 261.72, 1385439, 458, 0, 0
6196, 112, 28, 74, 0, 0, 13.52%, 0, 0, 5, 260.33, 1386789, 458, 0, 0
6201, 112, 73, 74, 0, 0, 13.52%, 0, 0, 5, 293.69, 1388254, 458, 0, 0
6206, 112, 73, 74, 0, 0, 13.52%, 0, 0, 5, 301.34, 1389817, 458, 0, 0
6211, 113, 73, 74, 0, 0, 13.52%, 0, 0, 5, 304.09, 1391361, 458, 0, 0
6216, 113, 2, 74, 0, 0, 13.52%, 0, 0, 5, 300.28, 1392923, 458, 0, 0
6221, 113, 73, 74, 0, 0, 13.52%, 0, 0, 5, 277.84, 1394239, 458, 0, 0
6226, 113, 32, 74, 0, 0, 13.52%, 0, 0, 5, 299.98, 1395783, 458, 0, 0
6232, 113, 73, 74, 0, 0, 13.52%, 0, 0, 5, 304.82, 1397333, 458, 0, 0
6237, 113, 32, 74, 0, 0, 13.52%, 0, 0, 5, 305.79, 1398871, 458, 0, 0
6242, 113, 73, 74, 0, 0, 13.52%, 0, 0, 5, 284.72, 1400304, 458, 0, 0
6247, 113, 73, 74, 0, 0, 13.52%, 0, 0, 5, 298.63, 1401814, 458, 0, 0
6252, 114, 60, 74, 0, 0, 13.52%, 0, 0, 5, 309.80, 1403437, 458, 0, 0
6257, 114, 18, 74, 0, 0, 13.52%, 0, 0, 5, 310.29, 1405005, 458, 0, 0
6262, 114, 11, 74, 0, 0, 13.52%, 0, 0, 5, 311.71, 1406565, 458, 0, 0
6267, 114, 73, 74, 0, 0, 13.52%, 0, 0, 5, 304.70, 1408091, 458, 0, 0
6272, 114, 73, 74, 0, 0, 13.52%, 0, 0, 5, 310.88, 1409659, 458, 0, 0
6277, 114, 73, 74, 0, 0, 13.52%, 0, 0, 5, 316.07, 1411303, 458, 0, 0
6282, 114, 32, 74, 0, 0, 13.52%, 0, 0, 5, 315.31, 1412883, 458, 0, 0
6288, 114, 34, 74, 0, 0, 13.52%, 0, 0, 5, 303.09, 1414417, 458, 0, 0
6293, 115, 26, 74, 0, 0, 13.52%, 0, 0, 5, 314.54, 1416059, 458, 0, 0
6298, 115, 4, 74, 0, 0, 13.52%, 0, 0, 5, 315.20, 1417683, 458, 0, 0
6303, 115, 73, 74, 0, 0, 13.52%, 0, 0, 5, 315.66, 1419269, 458, 0, 0
6308, 115, 32, 74, 0, 0, 13.52%, 0, 0, 5, 308.15, 1420805, 458, 0, 0
6313, 115, 11, 74, 0, 0, 13.52%, 0, 0, 5, 314.18, 1422383, 458, 0, 0
6318, 115, 73, 74, 0, 0, 13.52%, 0, 0, 5, 315.61, 1423967, 458, 0, 0
6323, 115, 2, 74, 0, 0, 13.52%, 0, 0, 5, 313.97, 1425598, 458, 0, 0
6328, 115, 25, 74, 0, 0, 13.52%, 0, 0, 5, 301.83, 1427071, 458, 0, 0
6334, 116, 73, 74, 0, 0, 13.52%, 0, 0, 5, 313.56, 1428717, 458, 0, 0
6339, 116, 26, 74, 0, 0, 13.52%, 0, 0, 5, 316.61, 1430305, 458, 0, 0
6344, 116, 73, 74, 0, 0, 13.52%, 0, 0, 5, 317.57, 1431951, 458, 0, 0
6349, 116, 18, 74, 0, 0, 13.52%, 0, 0, 5, 297.67, 1433414, 458, 0, 0
6354, 116, 26, 74, 0, 0, 13.52%, 0, 0, 5, 312.84, 1435058, 458, 0, 0
6359, 116, 66, 74, 0, 0, 13.52%, 0, 0, 5, 313.72, 1436639, 458, 0, 0
6364, 116, 11, 74, 0, 0, 13.52%, 0, 0, 5, 313.62, 1438214, 458, 0, 0
6369, 116, 32, 74, 0, 0, 13.52%, 0, 0, 5, 295.24, 1439734, 458, 0, 0
6374, 117, 2, 74, 0, 0, 13.52%, 0, 0, 5, 314.39, 1441378, 458, 0, 0
6380, 117, 4, 74, 0, 0, 13.52%, 0, 0, 5, 314.73, 1443008, 458, 0, 0
6385, 117, 2, 74, 0, 0, 13.52%, 0, 0, 5, 315.41, 1444590, 458, 0, 0
6390, 117, 73, 74, 0, 0, 13.52%, 0, 0, 5, 292.84, 1446069, 458, 0, 0
6395, 117, 25, 74, 0, 0, 13.52%, 0, 0, 5, 310.03, 1447708, 458, 0, 0
6400, 117, 68, 74, 0, 0, 13.52%, 0, 0, 5, 313.41, 1449342, 458, 0, 0
6405, 117, 73, 74, 0, 0, 13.52%, 0, 0, 5, 314.62, 1450974, 458, 0, 0
6410, 117, 73, 74, 0, 0, 13.52%, 0, 0, 5, 288.96, 1452504, 458, 0, 0
6416, 118, 27, 74, 0, 0, 13.52%, 0, 0, 5, 309.02, 1454130, 458, 0, 0
6421, 118, 73, 74, 0, 0, 13.52%, 0, 0, 5, 316.35, 1455718, 458, 0, 0
6426, 118, 73, 74, 0, 0, 13.52%, 0, 0, 5, 317.18, 1457364, 458, 0, 0
6431, 118, 3, 74, 0, 0, 13.52%, 0, 0, 5, 30.46, 1458513, 458, 0, 0
6436, 118, 28, 74, 0, 0, 13.52%, 0, 0, 5, 316.03, 1460042, 458, 0, 0
6441, 118, 25, 74, 0, 0, 13.52%, 0, 0, 5, 329.32, 1461248, 458, 0, 0
6446, 118, 11, 74, 0, 0, 13.52%, 0, 0, 5, 325.80, 1462914, 458, 0, 0
6451, 118, 73, 74, 0, 0, 13.52%, 0, 0, 5, 319.93, 1464508, 458, 0, 0
6456, 119, 73, 74, 0, 0, 13.52%, 0, 0, 5, 301.83, 1465770, 458, 0, 0
6461, 119, 73, 74, 0, 0, 13.52%, 0, 0, 5, 318.03, 1467434, 458, 0, 0
6467, 119, 26, 74, 0, 0, 13.52%, 0, 0, 5, 318.16, 1469084, 458, 0, 0
6472, 119, 27, 74, 0, 0, 13.52%, 0, 0, 5, 322.02, 1470296, 458, 0, 0
6477, 119, 14, 74, 0, 0, 13.52%, 0, 0, 5, 320.10, 1471960, 458, 0, 0
6482, 119, 66, 74, 0, 0, 13.52%, 0, 0, 5, 316.81, 1473608, 458, 0, 0
6487, 119, 25, 74, 0, 0, 13.52%, 0, 0, 5, 281.48, 1474844, 458, 0, 0
6492, 119, 60, 74, 0, 0, 13.52%, 0, 0, 5, 312.34, 1476495, 458, 0, 0
6497, 119, 60, 74, 0, 0, 13.52%, 0, 0, 5, 31.58, 1477925, 458, 0, 0
6502, 120, 2, 74, 0, 0, 13.52%, 0, 0, 5, 288.17, 1479379, 458, 0, 0
6508, 120, 73, 74, 0, 0, 13.52%, 0, 0, 5, 314.22, 1481039, 458, 0, 0
6513, 120, 27, 74, 0, 0, 13.52%, 0, 0, 5, 265.53, 1482274, 458, 0, 0
6518, 120, 73, 74, 0, 0, 13.52%, 0, 0, 5, 308.34, 1483913, 458, 0, 0
6523, 120, 18, 74, 0, 0, 13.52%, 0, 0, 5, 303.61, 1485471, 458, 0, 0
6528, 120, 18, 74, 0, 0, 13.52%, 0, 0, 5, 321.79, 1486789, 458, 0, 0
6533, 120, 8, 74, 0, 0, 13.52%, 0, 0, 5, 309.23, 1488377, 458, 0, 0
6538, 120, 73, 74, 0, 0, 13.52%, 0, 0, 5, 323.61, 1489581, 458, 0, 0
6543, 121, 60, 74, 0, 0, 13.52%, 0, 0, 5, 322.44, 1491237, 458, 0, 0
6549, 121, 73, 74, 0, 0, 13.52%, 0, 0, 5, 320.86, 1492903, 458, 0, 0
6554, 121, 73, 74, 0, 0, 13.52%, 0, 0, 5, 300.46, 1494129, 458, 0, 0
6559, 121, 25, 74, 0, 0, 13.52%, 0, 0, 5, 317.44, 1495795, 458, 0, 0
6564, 121, 73, 74, 0, 0, 13.52%, 0, 0, 5, 322.01, 1497013, 458, 0, 0
6569, 121, 73, 74, 0, 0, 13.52%, 0, 0, 5, 322.80, 1498691, 458, 0, 0
6574, 121, 26, 74, 0, 0, 13.52%, 0, 0, 5, 314.23, 1500289, 458, 0, 0
6579, 121, 73, 74, 0, 0, 13.52%, 0, 0, 5, 283.06, 1501529, 458, 0, 0
6584, 121, 73, 74, 0, 0, 13.52%, 0, 0, 5, 315.95, 1503207, 458, 0, 0
6589, 121, 60, 74, 0, 0, 13.52%, 0, 0, 5, 326.92, 1504431, 458, 0, 0
6594, 122, 60, 74, 0, 0, 13.52%, 0, 0, 5, 321.76, 1506037, 458, 0, 0
6600, 122, 28, 74, 0, 0, 13.52%, 0, 0, 5, 31.40, 1507391, 458, 0, 0
6605, 122, 60, 74, 0, 0, 13.52%, 0, 0, 5, 323.83, 1508907, 458, 0, 0
6610, 122, 73, 74, 0, 0, 13.52%, 0, 0, 5, 320.19, 1510569, 458, 0, 0
6615, 122, 2, 74, 0, 0, 13.52%, 0, 0, 5, 267.04, 1511809, 458, 0, 0
6620, 122, 2, 74, 0, 0, 13.52%, 0, 0, 5, 314.07, 1513471, 458, 0, 0
6625, 122, 66, 74, 0, 0, 13.52%, 0, 0, 5, 329.38, 1514705, 458, 0, 0
6630, 122, 27, 74, 0, 0, 13.52%, 0, 0, 5, 327.16, 1516383, 458, 0, 0
6635, 122, 72, 74, 0, 0, 13.52%, 0, 0, 5, 30.24, 1517685, 458, 0, 0
6641, 123, 73, 74, 0, 0, 13.52%, 0, 0, 5, 325.48, 1519261, 458, 0, 0
6646, 123, 26, 74, 0, 0, 13.52%, 0, 0, 5, 319.69, 1520917, 458, 0, 0
6651, 123, 25, 74, 0, 0, 13.52%, 0, 0, 5, 324.12, 1522165, 458, 0, 0
6656, 123, 11, 74, 0, 0, 13.52%, 0, 0, 5, 321.51, 1523829, 458, 0, 0
6661, 123, 4, 74, 0, 0, 13.52%, 0, 0, 5, 276.88, 1525049, 458, 0, 0
6666, 123, 73, 74, 0, 0, 13.52%, 0, 0, 5, 314.03, 1526699, 458, 0, 0
6671, 123, 18, 74, 0, 0, 13.52%, 0, 0, 5, 321.78, 1527862, 458, 0, 0
6676, 124, 25, 74, 0, 0, 13.52%, 0, 0, 5, 320.80, 1529529, 458, 0, 0
6682, 124, 73, 74, 0, 0, 13.52%, 0, 0, 5, 31.12, 1530866, 458, 0, 0
6687, 124, 32, 74, 0, 0, 13.52%, 0, 0, 5, 300.44, 1532449, 458, 0, 0
6692, 124, 73, 74, 0, 0, 13.52%, 0, 0, 5, 317.32, 1534115, 458, 0, 0
6697, 124, 4, 74, 0, 0, 13.52%, 0, 0, 5, 317.35, 1535347, 458, 0, 0
6702, 124, 73, 74, 0, 0, 13.52%, 0, 0, 5, 320.39, 1537009, 458, 0, 0
6708, 124, 73, 74, 0, 0, 13.52%, 0, 0, 5, 275.75, 1538254, 458, 0, 0
6713, 124, 73, 74, 0, 0, 13.52%, 0, 0, 5, 309.97, 1539901, 458, 0, 0
6718, 124, 2, 74, 0, 0, 13.52%, 0, 0, 5, 319.49, 1541153, 458, 0, 0
6723, 125, 60, 74, 0, 0, 13.52%, 0, 0, 5, 320.98, 1542817, 458, 0, 0
6728, 125, 18, 74, 0, 0, 13.52%, 0, 0, 5, 31.67, 1544205, 458, 0, 0
6733, 125, 60, 74, 0, 0, 13.52%, 0, 0, 5, 324.36, 1545665, 458, 0, 0
6738, 125, 27, 74, 0, 0, 13.52%, 0, 0, 5, 320.36, 1547329, 458, 0, 0
6743, 125, 73, 74, 0, 0, 13.52%, 0, 0, 5, 319.17, 1548589, 458, 0, 0
6749, 125, 32, 74, 0, 0, 13.52%, 0, 0, 5, 320.34, 1550247, 458, 0, 0
6754, 126, 1, 74, 0, 0, 13.52%, 0, 0, 5, 325.01, 1551465, 458, 0, 0
6759, 126, 60, 74, 0, 0, 13.52%, 0, 0, 5, 322.17, 1553125, 458, 0, 0
6764, 126, 73, 74, 0, 0, 13.52%, 0, 0, 5, 313.86, 1554351, 458, 0, 0
6769, 126, 60, 74, 0, 0, 13.52%, 0, 0, 5, 320.20, 1556011, 458, 0, 0
6774, 126, 28, 74, 0, 0, 13.52%, 0, 0, 5, 321.86, 1557689, 458, 0, 0
6779, 126, 73, 74, 0, 0, 13.52%, 0, 0, 5, 315.28, 1558887, 458, 0, 0
6784, 126, 61, 74, 0, 0, 13.52%, 0, 0, 5, 321.70, 1560553, 458, 0, 0
6789, 126, 60, 74, 0, 0, 13.52%, 0, 0, 5, 325.82, 1561779, 458, 0, 0
6795, 126, 27, 74, 0, 0, 13.52%, 0, 0, 5, 320.79, 1563447, 458, 0, 0
6800, 127, 25, 74, 0, 0, 13.52%, 0, 0, 5, 207.92, 1564681, 458, 0, 0
6805, 127, 25, 74, 0, 0, 13.52%, 0, 0, 5, 299.89, 1566339, 458, 0, 0
6810, 127, 27, 74, 0, 0, 13.52%, 0, 0, 5, 312.41, 1567341, 458, 0, 0
6815, 127, 73, 74, 0, 0, 13.52%, 0, 0, 5, 32.41, 1568397, 458, 0, 0
6820, 127, 73, 74, 0, 0, 13.52%, 0, 0, 5, 30.30, 1569727, 458, 0, 0
6825, 127, 73, 74, 0, 0, 13.52%, 0, 0, 5, 262.72, 1571039, 458, 0, 0
6830, 127, 66, 74, 0, 0, 13.52%, 0, 0, 5, 327.50, 1572053, 458, 0, 0
6836, 127, 73, 74, 0, 0, 13.52%, 0, 0, 5, 259.81, 1573049, 458, 0, 0
6841, 127, 73, 74, 0, 0, 13.52%, 0, 0, 5, 317.95, 1573887, 458, 0, 0
6846, 127, 73, 74, 0, 0, 13.52%, 0, 0, 5, 30.57, 1574863, 458, 0, 0
6851, 127, 60, 74, 0, 0, 13.52%, 0, 0, 5, 31.33, 1576011, 458, 0, 0
6856, 127, 29, 74, 0, 0, 13.52%, 0, 0, 5, 31.41, 1577153, 458, 0, 0
6861, 128, 67, 74, 0, 0, 13.52%, 0, 0, 5, 320.88, 1578098, 458, 0, 0
6866, 128, 29, 74, 0, 0, 13.52%, 0, 0, 5, 317.70, 1578923, 458, 0, 0
6871, 128, 73, 74, 0, 0, 13.52%, 0, 0, 5, 303.84, 1579747, 458, 0, 0
6876, 128, 28, 74, 0, 0, 13.52%, 0, 0, 5, 31.33, 1580554, 458, 0, 0
6881, 128, 2, 74, 0, 0, 13.52%, 0, 0, 5, 30.50, 1581595, 458, 0, 0
6887, 128, 73, 74, 0, 0, 13.52%, 0, 0, 5, 31.42, 1582650, 458, 0, 0
6892, 128, 73, 74, 0, 0, 13.52%, 0, 0, 5, 34.88, 1583669, 458, 0, 0
6897, 128, 73, 74, 0, 0, 13.52%, 0, 0, 5, 315.37, 1584551, 458, 0, 0
6902, 128, 32, 74, 0, 0, 13.52%, 0, 0, 5, 328.89, 1585277, 458, 0, 0
6907, 128, 60, 74, 0, 0, 13.52%, 0, 0, 5, 230.35, 1586051, 458, 0, 0
6912, 128, 18, 74, 0, 0, 13.52%, 0, 0, 5, 31.52, 1586826, 458, 0, 0
6917, 128, 73, 74, 0, 0, 13.52%, 0, 0, 5, 31.45, 1587811, 458, 0, 0
6923, 128, 25, 74, 0, 0, 13.52%, 0, 0, 5, 31.35, 1588805, 458, 0, 0
6928, 129, 60, 74, 0, 0, 13.52%, 0, 0, 5, 277.42, 1589619, 458, 0, 0
6933, 129, 28, 74, 0, 0, 13.52%, 0, 0, 5, 300.10, 1590219, 458, 0, 0
6938, 129, 73, 74, 0, 0, 13.52%, 0, 0, 5, 42.01, 1590946, 458, 0, 0
6943, 129, 73, 74, 0, 0, 13.52%, 0, 0, 5, 31.53, 1591897, 458, 0, 0
6948, 129, 54, 74, 0, 0, 13.52%, 0, 0, 5, 31.27, 1592855, 458, 0, 0
6953, 129, 4, 74, 0, 0, 13.52%, 0, 0, 5, 33.15, 1593777, 458, 0, 0
6959, 129, 73, 74, 0, 0, 13.52%, 0, 0, 5, 307.89, 1594531, 458, 0, 0
6964, 129, 73, 74, 0, 0, 13.52%, 0, 0, 5, 322.98, 1595107, 458, 0, 0
6969, 129, 73, 74, 0, 0, 13.52%, 0, 0, 5, 30.46, 1595791, 458, 0, 0
6974, 129, 73, 74, 0, 0, 13.52%, 0, 0, 5, 38.99, 1596690, 458, 0, 0
6979, 129, 15, 74, 0, 0, 13.52%, 0, 0, 5, 44.58, 1597571, 458, 0, 0
6984, 129, 25, 74, 0, 0, 13.52%, 0, 0, 5, 37.90, 1598478, 458, 0, 0
6989, 129, 26, 74, 0, 0, 13.52%, 0, 0, 5, 284.99, 1599224, 458, 0, 0
6994, 129, 73, 74, 0, 0, 13.52%, 0, 0, 5, 326.30, 1599831, 458, 0, 0
6999, 129, 73, 74, 0, 0, 13.52%, 0, 0, 5, 41.29, 1600432, 458, 0, 0
7005, 129, 60, 74, 0, 0, 13.52%, 0, 0, 5, 31.53, 1601311, 458, 0, 0
7010, 129, 18, 74, 0, 0, 13.52%, 0, 0, 5, 31.25, 1602196, 458, 0, 0
7015, 129, 28, 74, 0, 0, 13.52%, 0, 0, 5, 31.45, 1603086, 458, 0, 0
7020, 130, 73, 74, 0, 0, 13.52%, 0, 0, 5, 282.93, 1603884, 458, 0, 0
7025, 130, 73, 74, 0, 0, 13.52%, 0, 0, 5, 215.56, 1604463, 458, 0, 0
7030, 130, 40, 74, 0, 0, 13.52%, 0, 0, 5, 323.05, 1605065, 458, 0, 0
7035, 130, 66, 74, 0, 0, 13.52%, 0, 0, 5, 30.95, 1605762, 458, 0, 0
7040, 130, 73, 74, 0, 0, 13.52%, 0, 0, 5, 31.09, 1606608, 458, 0, 0
7046, 130, 53, 74, 0, 0, 13.52%, 0, 0, 5, 31.09, 1607470, 458, 0, 0
7051, 130, 73, 74, 0, 0, 13.52%, 0, 0, 5, 31.24, 1608301, 458, 0, 0
7056, 130, 50, 74, 0, 0, 13.52%, 0, 0, 5, 313.76, 1609141, 458, 0, 0
7061, 130, 25, 74, 0, 0, 13.52%, 0, 0, 5, 280.92, 1609829, 458, 0, 0
7066, 130, 26, 74, 0, 0, 13.52%, 0, 0, 5, 320.40, 1610359, 458, 0, 0
7071, 130, 73, 74, 0, 0, 13.52%, 0, 0, 5, 30.72, 1610927, 458, 0, 0
7076, 130, 11, 74, 0, 0, 13.52%, 0, 0, 5, 30.40, 1611734, 458, 0, 0
7081, 130, 27, 74, 0, 0, 13.52%, 0, 0, 5, 31.41, 1612565, 458, 0, 0
7086, 130, 27, 74, 0, 0, 13.52%, 0, 0, 5, 35.05, 1613405, 458, 0, 0
7091, 130, 60, 74, 0, 0, 13.52%, 0, 0, 5, 305.80, 1613983, 458, 0, 0
7097, 130, 73, 74, 0, 0, 13.52%, 0, 0, 5, 33.94, 1614469, 458, 0, 0
7102, 130, 73, 74, 0, 0, 13.52%, 0, 0, 5, 31.06, 1615367, 458, 0, 0
7107, 131, 72, 74, 0, 0, 13.52%, 0, 0, 5, 51.47, 1616261, 458, 0, 0
7112, 131, 73, 74, 0, 0, 13.52%, 0, 0, 5, 257.64, 1616824, 458, 0, 0
7117, 131, 73, 74, 0, 0, 13.52%, 0, 0, 5, 30.87, 1617331, 458, 0, 0
7122, 131, 27, 74, 0, 0, 13.52%, 0, 0, 5, 30.50, 1618202, 458, 0, 0
7127, 131, 13, 74, 0, 0, 13.52%, 0, 0, 5, 31.39, 1619084, 458, 0, 0
7132, 131, 73, 74, 0, 0, 13.52%, 0, 0, 5, 266.23, 1619764, 458, 0, 0
7138, 131, 54, 74, 0, 0, 13.52%, 0, 0, 5, 240.63, 1620223, 458, 0, 0
7143, 131, 32, 74, 0, 0, 13.52%, 0, 0, 5, 31.28, 1620990, 458, 0, 0
7148, 131, 73, 74, 0, 0, 13.52%, 0, 0, 5, 30.94, 1621836, 458, 0, 0
7153, 131, 25, 74, 0, 0, 13.52%, 0, 0, 5, 31.24, 1622694, 458, 0, 0
7158, 131, 73, 74, 0, 0, 13.52%, 0, 0, 5, 323.99, 1623279, 458, 0, 0
7163, 131, 73, 74, 0, 0, 13.52%, 0, 0, 5, 310.34, 1623730, 458, 0, 0
7168, 131, 28, 74, 0, 0, 13.52%, 0, 0, 5, 31.03, 1624529, 458, 0, 0
7173, 131, 73, 74, 0, 0, 13.52%, 0, 0, 5, 31.31, 1625410, 458, 0, 0
7178, 131, 71, 74, 0, 0, 13.52%, 0, 0, 5, 243.87, 1626251, 458, 0, 0
7183, 131, 73, 74, 0, 0, 13.52%, 0, 0, 5, 202.13, 1626663, 458, 0, 0
7189, 131, 73, 74, 0, 0, 13.52%, 0, 0, 5, 31.09, 1627310, 458, 0, 0
7194, 131, 26, 74, 0, 0, 13.52%, 0, 0, 5, 31.01, 1628184, 458, 0, 0
7199, 131, 73, 74, 0, 0, 13.52%, 0, 0, 5, 32.89, 1629016, 458, 0, 0
7204, 132, 60, 74, 0, 0, 13.52%, 0, 0, 5, 300.64, 1629809, 458, 0, 0
7209, 132, 32, 74, 0, 0, 13.52%, 0, 0, 5, 253.93, 1630315, 458, 0, 0
7214, 132, 32, 74, 0, 0, 13.52%, 0, 0, 5, 33.81, 1630808, 458, 0, 0
7219, 132, 60, 74, 0, 0, 13.52%, 0, 0, 5, 31.41, 1631677, 458, 0, 0
7224, 132, 26, 74, 0, 0, 13.52%, 0, 0, 5, 30.53, 1632493, 458, 0, 0
7229, 132, 25, 74, 0, 0, 13.52%, 0, 0, 5, 31.68, 1633310, 458, 0, 0
7235, 132, 73, 74, 0, 0, 13.52%, 0, 0, 5, 331.52, 1634099, 458, 0, 0
7240, 132, 72, 74, 0, 0, 13.52%, 0, 0, 5, 261.45, 1634664, 458, 0, 0
7245, 132, 60, 74, 0, 0, 13.52%, 0, 0, 5, 224.42, 1635191, 458, 0, 0
7250, 132, 18, 74, 0, 0, 13.52%, 0, 0, 5, 31.01, 1635878, 458, 0, 0
7255, 132, 60, 74, 0, 0, 13.52%, 0, 0, 5, 31.41, 1636708, 458, 0, 0
7260, 132, 60, 74, 0, 0, 13.52%, 0, 0, 5, 31.10, 1637481, 458, 0, 0
7265, 132, 32, 74, 0, 0, 13.52%, 0, 0, 5, 31.47, 1638280, 458, 0, 0
7270, 132, 73, 74, 0, 0, 13.52%, 0, 0, 5, 244.16, 1639070, 458, 0, 0
7276, 132, 73, 74, 0, 0, 13.52%, 0, 0, 5, 289.43, 1639559, 458, 0, 0
7281, 133, 60, 74, 0, 0, 13.52%, 0, 0, 5, 43.93, 1640097, 458, 0, 0
7286, 133, 32, 74, 0, 0, 13.52%, 0, 0, 5, 31.34, 1640881, 458, 0, 0
7291, 133, 73, 74, 0, 0, 13.52%, 0, 0, 5, 31.08, 1641680, 458, 0, 0
7296, 133, 73, 74, 0, 0, 13.52%, 0, 0, 5, 30.49, 1642486, 458, 0, 0
7301, 133, 73, 74, 0, 0, 13.52%, 0, 0, 5, 30.30, 1643299, 458, 0, 0
7306, 133, 73, 74, 0, 0, 13.52%, 0, 0, 5, 243.08, 1643970, 458, 0, 0
7311, 133, 60, 74, 0, 0, 13.52%, 0, 0, 5, 196.62, 1644516, 458, 0, 0
7316, 133, 25, 74, 0, 0, 13.52%, 0, 0, 5, 31.25, 1645071, 458, 0, 0
7321, 133, 73, 74, 0, 0, 13.52%, 0, 0, 5, 31.34, 1645975, 458, 0, 0
7327, 133, 48, 74, 0, 0, 13.52%, 0, 0, 5, 31.12, 1646880, 458, 0, 0
7332, 133, 32, 74, 0, 0, 13.52%, 0, 0, 5, 319.41, 1647548, 458, 0, 0
7337, 133, 25, 74, 0, 0, 13.52%, 0, 0, 5, 328.36, 1647981, 458, 0, 0
7342, 133, 43, 74, 0, 0, 13.52%, 0, 0, 5, 31.40, 1648773, 458, 0, 0
7347, 133, 60, 74, 0, 0, 13.52%, 0, 0, 5, 30.46, 1649609, 458, 0, 0
7352, 133, 29, 74, 0, 0, 13.52%, 0, 0, 5, 303.20, 1650454, 458, 0, 0
7357, 133, 73, 74, 0, 0, 13.52%, 0, 0, 5, 313.41, 1651042, 458, 0, 0
7363, 133, 73, 74, 0, 0, 13.52%, 0, 0, 5, 37.51, 1651509, 458, 0, 0
7368, 134, 28, 74, 0, 0, 13.52%, 0, 0, 5, 30.98, 1652372, 458, 0, 0
7373, 134, 18, 74, 0, 0, 13.52%, 0, 0, 5, 30.44, 1653248, 458, 0, 0
7378, 134, 36, 74, 0, 0, 13.52%, 0, 0, 5, 235.00, 1654068, 458, 0, 0
7383, 134, 73, 74, 0, 0, 13.52%, 0, 0, 5, 319.24, 1654596, 458, 0, 0
7388, 134, 73, 74, 0, 0, 13.52%, 0, 0, 5, 31.06, 1655079, 458, 0, 0
7393, 134, 32, 74, 0, 0, 13.52%, 0, 0, 5, 30.77, 1655947, 458, 0, 0
7398, 134, 73, 74, 0, 0, 13.52%, 0, 0, 5, 30.48, 1656768, 458, 0, 0
7403, 134, 60, 74, 0, 0, 13.52%, 0, 0, 5, 309.71, 1657632, 458, 0, 0
7409, 134, 73, 74, 0, 0, 13.52%, 0, 0, 5, 321.99, 1658102, 458, 0, 0
7414, 134, 73, 74, 0, 0, 13.52%, 0, 0, 5, 30.66, 1658668, 458, 0, 0
7419, 134, 73, 74, 0, 0, 13.52%, 0, 0, 5, 30.66, 1659534, 458, 0, 0
7424, 134, 60, 74, 0, 0, 13.52%, 0, 0, 5, 31.22, 1660390, 458, 0, 0
7429, 134, 71, 74, 0, 0, 13.52%, 0, 0, 5, 324.38, 1661220, 458, 0, 0
7434, 134, 73, 74, 0, 0, 13.52%, 0, 0, 5, 321.56, 1661698, 458, 0, 0
7439, 134, 73, 74, 0, 0, 13.52%, 0, 0, 5, 31.42, 1662234, 458, 0, 0
7444, 134, 60, 74, 0, 0, 13.52%, 0, 0, 5, 31.24, 1663072, 458, 0, 0
7449, 134, 73, 74, 0, 0, 13.52%, 0, 0, 5, 31.19, 1663884, 458, 0, 0
7455, 134, 29, 74, 0, 0, 13.52%, 0, 0, 5, 38.81, 1664673, 458, 0, 0
7460, 134, 73, 74, 0, 0, 13.52%, 0, 0, 5, 320.51, 1665470, 458, 0, 0
7465, 134, 4, 74, 0, 0, 13.52%, 0, 0, 5, 223.87, 1666012, 458, 0, 0
7470, 135, 60, 74, 0, 0, 13.52%, 0, 0, 5, 330.31, 1666584, 458, 0, 0
7475, 135, 28, 74, 0, 0, 13.52%, 0, 0, 5, 31.38, 1667238, 458, 0, 0
7480, 135, 73, 74, 0, 0, 13.52%, 0, 0, 5, 31.17, 1668054, 458, 0, 0
7485, 135, 43, 74, 0, 0, 13.52%, 0, 0, 5, 30.43, 1668858, 458, 0, 0
7490, 135, 40, 74, 0, 0, 13.52%, 0, 0, 5, 31.43, 1669666, 458, 0, 0
7496, 135, 73, 74, 0, 0, 13.52%, 0, 0, 5, 314.65, 1670433, 458, 0, 0
7501, 135, 73, 74, 0, 0, 13.52%, 0, 0, 5, 278.59, 1670989, 458, 0, 0
7506, 135, 1, 74, 0, 0, 13.52%, 0, 0, 5, 321.78, 1671479, 458, 0, 0
7511, 135, 73, 74, 0, 0, 13.52%, 0, 0, 5, 42.32, 1672184, 458, 0, 0
7516, 135, 73, 74, 0, 0, 13.52%, 0, 0, 5, 31.47, 1672995, 458, 0, 0
7521, 135, 71, 74, 0, 0, 13.52%, 0, 0, 5, 31.09, 1673796, 458, 0, 0
7526, 135, 73, 74, 0, 0, 13.52%, 0, 0, 5, 313.93, 1674589, 458, 0, 0
7531, 135, 73, 74, 0, 0, 13.52%, 0, 0, 5, 330.34, 1675237, 458, 0, 0
7536, 135, 73, 74, 0, 0, 13.52%, 0, 0, 5, 327.61, 1675819, 458, 0, 0
7541, 135, 18, 74, 0, 0, 13.52%, 0, 0, 5, 31.09, 1676363, 458, 0, 0
7546, 135, 28, 74, 0, 0, 13.52%, 0, 0, 5, 31.41, 1677242, 458, 0, 0
7551, 135, 73, 74, 0, 0, 13.52%, 0, 0, 5, 30.30, 1678149, 458, 0, 0
7557, 135, 73, 74, 0, 0, 13.52%, 0, 0, 5, 328.19, 1678613, 458, 0, 0
7562, 135, 73, 74, 0, 0, 13.52%, 0, 0, 5, 31.39, 1679167, 458, 0, 0
7567, 136, 73, 74, 0, 0, 13.52%, 0, 0, 5, 31.60, 1680039, 458, 0, 0
7572, 136, 11, 74, 0, 0, 13.52%, 0, 0, 5, 31.51, 1680896, 458, 0, 0
7577, 136, 4, 74, 0, 0, 13.52%, 0, 0, 5, 316.32, 1681599, 458, 0, 0
7582, 136, 18, 74, 0, 0, 13.52%, 0, 0, 5, 187.30, 1682060, 458, 0, 0
7587, 136, 73, 74, 0, 0, 13.52%, 0, 0, 5, 30.87, 1682747, 458, 0, 0
7592, 136, 9, 74, 0, 0, 13.52%, 0, 0, 5, 30.58, 1683597, 458, 0, 0
7598, 136, 73, 74, 0, 0, 13.52%, 0, 0, 5, 31.45, 1684465, 458, 0, 0
7603, 136, 73, 74, 0, 0, 13.52%, 0, 0, 5, 312.91, 1684926, 458, 0, 0
7608, 136, 73, 74, 0, 0, 13.52%, 0, 0, 5, 30.89, 1685453, 458, 0, 0
7613, 136, 73, 74, 0, 0, 13.52%, 0, 0, 5, 31.19, 1686310, 458, 0, 0
7618, 136, 73, 74, 0, 0, 13.52%, 0, 0, 5, 31.45, 1687174, 458, 0, 0
7623, 136, 60, 74, 0, 0, 13.52%, 0, 0, 5, 310.96, 1687938, 458, 0, 0
7628, 136, 25, 74, 0, 0, 13.52%, 0, 0, 5, 261.81, 1688380, 458, 0, 0
7633, 136, 73, 74, 0, 0, 13.52%, 0, 0, 5, 31.37, 1689046, 458, 0, 0
7638, 136, 25, 74, 0, 0, 13.52%, 0, 0, 5, 31.42, 1689881, 458, 0, 0
7644, 136, 73, 74, 0, 0, 13.52%, 0, 0, 5, 31.32, 1690717, 458, 0, 0
7649, 136, 27, 74, 0, 0, 13.52%, 0, 0, 5, 312.72, 1691406, 458, 0, 0
7654, 136, 60, 74, 0, 0, 13.52%, 0, 0, 5, 239.63, 1691852, 458, 0, 0
7659, 136, 73, 74, 0, 0, 13.52%, 0, 0, 5, 31.62, 1692546, 458, 0, 0
7664, 136, 71, 74, 0, 0, 13.52%, 0, 0, 5, 31.28, 1693345, 458, 0, 0
7669, 136, 28, 74, 0, 0, 13.52%, 0, 0, 5, 31.53, 1694175, 458, 0, 0
7674, 136, 60, 74, 0, 0, 13.52%, 0, 0, 5, 64.52, 1694972, 458, 0, 0
7679, 137, 4, 74, 0, 0, 13.52%, 0, 0, 5, 264.95, 1695590, 458, 0, 0
7684, 137, 60, 74, 0, 0, 13.52%, 0, 0, 5, 322.79, 1696120, 458, 0, 0
7689, 137, 54, 74, 0, 0, 13.52%, 0, 0, 5, 31.11, 1696733, 458, 0, 0
7694, 137, 73, 74, 0, 0, 13.52%, 0, 0, 5, 31.38, 1697573, 458, 0, 0
7699, 137, 5, 74, 0, 0, 13.52%, 0, 0, 5, 31.27, 1698346, 458, 0, 0
7705, 137, 73, 74, 0, 0, 13.52%, 0, 0, 5, 31.32, 1699170, 458, 0, 0
7710, 137, 25, 74, 0, 0, 13.52%, 0, 0, 5, 309.78, 1699990, 458, 0, 0
7715, 137, 73, 74, 0, 0, 13.52%, 0, 0, 5, 327.49, 1700580, 458, 0, 0
7720, 137, 73, 74, 0, 0, 13.52%, 0, 0, 5, 317.68, 1701126, 458, 0, 0
7725, 137, 73, 74, 0, 0, 13.52%, 0, 0, 5, 30.64, 1701745, 458, 0, 0
7730, 137, 11, 74, 0, 0, 13.52%, 0, 0, 5, 31.31, 1702588, 458, 0, 0
7735, 137, 60, 74, 0, 0, 13.52%, 0, 0, 5, 31.45, 1703365, 458, 0, 0
7740, 137, 73, 74, 0, 0, 13.52%, 0, 0, 5, 31.04, 1704192, 458, 0, 0
7746, 137, 73, 74, 0, 0, 13.52%, 0, 0, 5, 265.96, 1705005, 458, 0, 0
7751, 137, 54, 74, 0, 0, 13.52%, 0, 0, 5, 281.54, 1705590, 458, 0, 0
7756, 137, 2, 74, 0, 0, 13.52%, 0, 0, 5, 321.93, 1706160, 458, 0, 0
7761, 137, 28, 74, 0, 0, 13.52%, 0, 0, 5, 31.51, 1706788, 458, 0, 0
7766, 138, 43, 74, 0, 0, 13.52%, 0, 0, 5, 314.18, 1708278, 458, 0, 0
7771, 138, 43, 74, 0, 0, 13.52%, 0, 0, 5, 319.97, 1709890, 458, 0, 0
7776, 138, 25, 74, 0, 0, 13.52%, 0, 0, 5, 317.53, 1711490, 458, 0, 0
7781, 138, 32, 74, 0, 0, 13.52%, 0, 0, 5, 290.49, 1712990, 458, 0, 0
7786, 138, 25, 74, 0, 0, 13.52%, 0, 0, 5, 265.12, 1714280, 458, 0, 0
7791, 138, 2, 74, 0, 0, 13.52%, 0, 0, 5, 296.71, 1715870, 458, 0, 0
7797, 138, 73, 74, 0, 0, 13.52%, 0, 0, 5, 301.32, 1717444, 458, 0, 0
7802, 138, 32, 74, 0, 0, 13.52%, 0, 0, 5, 300.61, 1718966, 458, 0, 0
7807, 138, 73, 74, 0, 0, 13.52%, 0, 0, 5, 276.47, 1720390, 458, 0, 0
7812, 139, 73, 74, 0, 0, 13.52%, 0, 0, 5, 262.68, 1721700, 458, 0, 0
7817, 139, 73, 74, 0, 0, 13.52%, 0, 0, 5, 290.77, 1723150, 458, 0, 0
7822, 139, 4, 74, 0, 0, 13.52%, 0, 0, 5, 302.29, 1724736, 458, 0, 0
7827, 139, 25, 74, 0, 0, 13.52%, 0, 0, 5, 302.75, 1726260, 458, 0, 0
7832, 139, 73, 74, 0, 0, 13.52%, 0, 0, 5, 304.76, 1727844, 458, 0, 0
7837, 139, 60, 74, 0, 0, 13.52%, 0, 0, 5, 300.08, 1729305, 458, 0, 0
7842, 139, 60, 74, 0, 0, 13.52%, 0, 0, 5, 308.50, 1730878, 458, 0, 0
7847, 139, 2, 74, 0, 0, 13.52%, 0, 0, 5, 309.88, 1732448, 458, 0, 0
7853, 140, 73, 74, 0, 0, 13.52%, 0, 0, 5, 313.12, 1734074, 458, 0, 0
7858, 140, 18, 74, 0, 0, 13.52%, 0, 0, 5, 301.62, 1735590, 458, 0, 0
7863, 140, 67, 74, 0, 0, 13.52%, 0, 0, 5, 312.50, 1737230, 458, 0, 0
7868, 140, 32, 74, 0, 0, 13.52%, 0, 0, 5, 312.23, 1738796, 458, 0, 0
7873, 140, 73, 74, 0, 0, 13.52%, 0, 0, 5, 315.42, 1740436, 458, 0, 0
7878, 140, 11, 74, 0, 0, 13.52%, 0, 0, 5, 301.65, 1741906, 458, 0, 0
7883, 140, 25, 74, 0, 0, 13.52%, 0, 0, 5, 314.77, 1743496, 458, 0, 0
7889, 140, 73, 74, 0, 0, 13.52%, 0, 0, 5, 314.90, 1745138, 458, 0, 0
7894, 141, 28, 74, 0, 0, 13.52%, 0, 0, 5, 315.27, 1746772, 458, 0, 0
7899, 141, 68, 74, 0, 0, 13.52%, 0, 0, 5, 299.55, 1748290, 458, 0, 0
7904, 141, 18, 74, 0, 0, 13.52%, 0, 0, 5, 313.57, 1749936, 458, 0, 0
7909, 141, 4, 74, 0, 0, 13.52%, 0, 0, 5, 314.01, 1751518, 458, 0, 0
7914, 141, 60, 74, 0, 0, 13.52%, 0, 0, 5, 314.38, 1753096, 458, 0, 0
7919, 141, 28, 74, 0, 0, 13.52%, 0, 0, 5, 296.40, 1754560, 458, 0, 0
7924, 141, 73, 74, 0, 0, 13.52%, 0, 0, 5, 311.13, 1756140, 458, 0, 0
7929, 141, 73, 74, 0, 0, 13.52%, 0, 0, 5, 315.96, 1757790, 458, 0, 0
7934, 141, 11, 74, 0, 0, 13.52%, 0, 0, 5, 314.59, 1759365, 458, 0, 0
7939, 142, 60, 74, 0, 0, 13.52%, 0, 0, 5, 289.23, 1760825, 458, 0, 0
7945, 142, 26, 74, 0, 0, 13.52%, 0, 0, 5, 311.68, 1762465, 458, 0, 0
7950, 142, 60, 74, 0, 0, 13.52%, 0, 0, 5, 313.36, 1764099, 458, 0, 0
7955, 142, 2, 74, 0, 0, 13.52%, 0, 0, 5, 316.19, 1765747, 458, 0, 0
7960, 142, 73, 74, 0, 0, 13.52%, 0, 0, 5, 286.58, 1767215, 458, 0, 0
7965, 142, 4, 74, 0, 0, 13.52%, 0, 0, 5, 309.95, 1768859, 458, 0, 0
7970, 142, 53, 74, 0, 0, 13.52%, 0, 0, 5, 311.09, 1770423, 458, 0, 0
7975, 143, 73, 74, 0, 0, 13.52%, 0, 0, 5, 303.25, 1771957, 458, 0, 0
7980, 143, 72, 74, 0, 0, 13.52%, 0, 0, 5, 296.05, 1773475, 458, 0, 0
7985, 143, 43, 74, 0, 0, 13.52%, 0, 0, 5, 304.57, 1775041, 458, 0, 0
7991, 143, 26, 74, 0, 0, 13.52%, 0, 0, 5, 313.73, 1776674, 458, 0, 0
7996, 143, 73, 74, 0, 0, 13.52%, 0, 0, 5, 316.69, 1778311, 458, 0, 0
8001, 143, 25, 74, 0, 0, 13.52%, 0, 0, 5, 309.78, 1779935, 458, 0, 0
8006, 144, 27, 74, 0, 0, 13.52%, 0, 0, 5, 310.35, 1781487, 458, 0, 0
8011, 144, 18, 74, 0, 0, 13.52%, 0, 0, 5, 313.33, 1783065, 458, 0, 0
8016, 144, 60, 74, 0, 0, 13.52%, 0, 0, 5, 313.59, 1784689, 458, 0, 0
8021, 144, 43, 74, 0, 0, 13.52%, 0, 0, 5, 305.42, 1786217, 458, 0, 0
8027, 144, 73, 74, 0, 0, 13.52%, 0, 0, 5, 304.50, 1787743, 458, 0, 0
8032, 144, 28, 74, 0, 0, 13.52%, 0, 0, 5, 311.71, 1789374, 458, 0, 0
8037, 144, 73, 74, 0, 0, 13.52%, 0, 0, 5, 312.73, 1790944, 458, 0, 0
8042, 144, 28, 74, 0, 0, 13.52%, 0, 0, 5, 31.24, 1792138, 458, 0, 0
8047, 145, 18, 74, 0, 0, 13.52%, 0, 0, 5, 317.42, 1793668, 458, 0, 0
8052, 145, 60, 74, 0, 0, 13.52%, 0, 0, 5, 306.36, 1794922, 458, 0, 0
8057, 145, 66, 74, 0, 0, 13.52%, 0, 0, 5, 316.71, 1796522, 458, 0, 0
8062, 145, 25, 74, 0, 0, 13.52%, 0, 0, 5, 316.93, 1798162, 458, 0, 0
8068, 145, 25, 74, 0, 0, 13.52%, 0, 0, 5, 31.35, 1799656, 458, 0, 0
8073, 145, 28, 74, 0, 0, 13.52%, 0, 0, 5, 294.61, 1801035, 458, 0, 0
8078, 145, 73, 74, 0, 0, 13.52%, 0, 0, 5, 314.65, 1802696, 458, 0, 0
8083, 145, 73, 74, 0, 0, 13.52%, 0, 0, 5, 31.52, 1803949, 458, 0, 0
8088, 145, 73, 74, 0, 0, 13.52%, 0, 0, 5, 319.38, 1805608, 458, 0, 0
8094, 145, 73, 74, 0, 0, 13.52%, 0, 0, 5, 319.61, 1807273, 458, 0, 0
8099, 146, 32, 74, 0, 0, 13.52%, 0, 0, 5, 320.05, 1808497, 458, 0, 0
8104, 146, 73, 74, 0, 0, 13.52%, 0, 0, 5, 319.48, 1810141, 458, 0, 0
8109, 146, 28, 74, 0, 0, 13.52%, 0, 0, 5, 312.17, 1811803, 458, 0, 0
8114, 146, 40, 74, 0, 0, 13.52%, 0, 0, 5, 301.51, 1813021, 458, 0, 0
8119, 146, 73, 74, 0, 0, 13.52%, 0, 0, 5, 319.16, 1814705, 458, 0, 0
8124, 146, 73, 74, 0, 0, 13.52%, 0, 0, 5, 31.19, 1816025, 458, 0, 0
8130, 146, 73, 74, 0, 0, 13.52%, 0, 0, 5, 323.03, 1817573, 458, 0, 0
8135, 146, 73, 74, 0, 0, 13.52%, 0, 0, 5, 321.91, 1819243, 458, 0, 0
8140, 146, 60, 74, 0, 0, 13.52%, 0, 0, 5, 281.67, 1820505, 458, 0, 0
8145, 147, 60, 74, 0, 0, 13.52%, 0, 0, 5, 312.86, 1822157, 458, 0, 0
8150, 147, 73, 74, 0, 0, 13.52%, 0, 0, 5, 31.25, 1823606, 458, 0, 0
8155, 147, 73, 74, 0, 0, 13.52%, 0, 0, 5, 321.55, 1825087, 458, 0, 0
8161, 147, 26, 74, 0, 0, 13.52%, 0, 0, 5, 319.59, 1826737, 458, 0, 0
8166, 147, 60, 74, 0, 0, 13.52%, 0, 0, 5, 324.15, 1827979, 458, 0, 0
8171, 147, 52, 74, 0, 0, 13.52%, 0, 0, 5, 323.11, 1829603, 458, 0, 0
8176, 147, 60, 74, 0, 0, 13.52%, 0, 0, 5, 318.10, 1831243, 458, 0, 0
8181, 148, 73, 74, 0, 0, 13.52%, 0, 0, 5, 278.54, 1832515, 458, 0, 0
8186, 148, 73, 74, 0, 0, 13.52%, 0, 0, 5, 313.70, 1834179, 458, 0, 0
8191, 148, 27, 74, 0, 0, 13.52%, 0, 0, 5, 323.01, 1835391, 458, 0, 0
8196, 148, 73, 74, 0, 0, 13.52%, 0, 0, 5, 322.42, 1837009, 458, 0, 0
8202, 148, 28, 74, 0, 0, 13.52%, 0, 0, 5, 320.04, 1838661, 458, 0, 0
8207, 148, 72, 74, 0, 0, 13.52%, 0, 0, 5, 309.58, 1839937, 458, 0, 0
8212, 148, 2, 74, 0, 0, 13.52%, 0, 0, 5, 319.00, 1841549, 458, 0, 0
8217, 148, 25, 74, 0, 0, 13.52%, 0, 0, 5, 313.66, 1842755, 458, 0, 0
8222, 149, 71, 74, 0, 0, 13.52%, 0, 0, 5, 317.42, 1844421, 458, 0, 0
8227, 149, 73, 74, 0, 0, 13.52%, 0, 0, 5, 315.48, 1846063, 458, 0, 0
8232, 149, 32, 74, 0, 0, 13.52%, 0, 0, 5, 309.52, 1847367, 458, 0, 0
8237, 149, 71, 74, 0, 0, 13.52%, 0, 0, 5, 317.05, 1849009, 458, 0, 0
8243, 149, 73, 74, 0, 0, 13.52%, 0, 0, 5, 232.04, 1850269, 458, 0, 0
8248, 149, 2, 74, 0, 0, 13.52%, 0, 0, 5, 302.03, 1851915, 458, 0, 0
8253, 149, 11, 74, 0, 0, 13.52%, 0, 0, 5, 30.30, 1853338, 458, 0, 0
8258, 150, 28, 74, 0, 0, 13.52%, 0, 0, 5, 320.53, 1854721, 458, 0, 0
8263, 150, 73, 74, 0, 0, 13.52%, 0, 0, 5, 321.94, 1856387, 458, 0, 0
8268, 150, 18, 74, 0, 0, 13.52%, 0, 0, 5, 297.80, 1857630, 458, 0, 0
8273, 150, 60, 74, 0, 0, 13.52%, 0, 0, 5, 316.46, 1859239, 458, 0, 0
8278, 150, 28, 74, 0, 0, 13.52%, 0, 0, 5, 292.42, 1860610, 458, 0, 0
8283, 150, 72, 74, 0, 0, 13.52%, 0, 0, 5, 44.03, 1862098, 458, 0, 0
8289, 150, 73, 74, 0, 0, 13.52%, 0, 0, 5, 329.27, 1863648, 458, 0, 0
8294, 150, 73, 74, 0, 0, 13.52%, 0, 0, 5, 329.15, 1865086, 458, 0, 0
8299, 150, 73, 74, 0, 0, 13.52%, 0, 0, 5, 46.51, 1866526, 458, 0, 0
8304, 151, 6, 74, 0, 0, 13.52%, 0, 0, 5, 313.16, 1868096, 458, 0, 0
8309, 151, 73, 74, 0, 0, 13.52%, 0, 0, 5, 305.77, 1869508, 458, 0, 0
8314, 151, 73, 74, 0, 0, 13.52%, 0, 0, 5, 326.73, 1871026, 458, 0, 0
8319, 151, 73, 74, 0, 0, 13.52%, 0, 0, 5, 53.65, 1872448, 458, 0, 0
8324, 151, 21, 74, 0, 0, 13.52%, 0, 0, 5, 325.48, 1873984, 458, 0, 0
8329, 151, 60, 74, 0, 0, 13.52%, 0, 0, 5, 257.30, 1875385, 458, 0, 0
8335, 151, 28, 74, 0, 0, 13.52%, 0, 0, 5, 319.58, 1876906, 458, 0, 0
8340, 151, 39, 74, 0, 0, 13.52%, 0, 0, 5, 301.35, 1878370, 458, 0, 0
8345, 151, 53, 74, 0, 0, 13.52%, 0, 0, 5, 289.66, 1879785, 458, 0, 0
8350, 152, 73, 74, 0, 0, 13.52%, 0, 0, 5, 297.95, 1881392, 458, 0, 0
8355, 152, 27, 74, 0, 0, 13.52%, 0, 0, 5, 302.50, 1882872, 458, 0, 0
8360, 152, 73, 74, 0, 0, 13.52%, 0, 0, 5, 30.37, 1883837, 458, 0, 0
8365, 152, 60, 74, 0, 0, 13.52%, 0, 0, 5, 299.10, 1885125, 458, 0, 0
8370, 152, 60, 74, 0, 0, 13.52%, 0, 0, 5, 321.12, 1886132, 458, 0, 0
8376, 152, 25, 74, 0, 0, 13.52%, 0, 0, 5, 323.67, 1887218, 458, 0, 0
8381, 152, 41, 74, 0, 0, 13.52%, 0, 0, 5, 320.90, 1888260, 458, 0, 0
8386, 152, 73, 74, 0, 0, 13.52%, 0, 0, 5, 31.10, 1889230, 458, 0, 0
8391, 152, 73, 74, 0, 0, 13.52%, 0, 0, 5, 31.41, 1890660, 458, 0, 0
8396, 152, 73, 74, 0, 0, 13.52%, 0, 0, 5, 278.18, 1891650, 458, 0, 0
8401, 152, 60, 74, 0, 0, 13.52%, 0, 0, 5, 328.10, 1892460, 458, 0, 0
8406, 152, 32, 74, 0, 0, 13.52%, 0, 0, 5, 31.14, 1893455, 458, 0, 0
8411, 153, 2, 74, 0, 0, 13.52%, 0, 0, 5, 31.53, 1894641, 458, 0, 0
8416, 153, 73, 74, 0, 0, 13.52%, 0, 0, 5, 264.08, 1895785, 458, 0, 0
8422, 153, 37, 74, 0, 0, 13.52%, 0, 0, 5, 318.29, 1896584, 458, 0, 0
8427, 153, 4, 74, 0, 0, 13.52%, 0, 0, 5, 323.06, 1897406, 458, 0, 0
8432, 153, 73, 74, 0, 0, 13.52%, 0, 0, 5, 31.36, 1898266, 458, 0, 0
8437, 153, 25, 74, 0, 0, 13.52%, 0, 0, 5, 52.65, 1899408, 458, 0, 0
8442, 153, 4, 74, 0, 0, 13.52%, 0, 0, 5, 31.25, 1900465, 458, 0, 0
8447, 153, 73, 74, 0, 0, 13.52%, 0, 0, 5, 318.90, 1901410, 458, 0, 0
8452, 153, 40, 74, 0, 0, 13.52%, 0, 0, 5, 324.31, 1902178, 458, 0, 0
8458, 153, 73, 74, 0, 0, 13.52%, 0, 0, 5, 266.90, 1902890, 458, 0, 0
8463, 153, 25, 74, 0, 0, 13.52%, 0, 0, 5, 31.28, 1903644, 458, 0, 0
8468, 153, 28, 74, 0, 0, 13.52%, 0, 0, 5, 36.49, 1904633, 458, 0, 0
8473, 153, 60, 74, 0, 0, 13.52%, 0, 0, 5, 33.87, 1905633, 458, 0, 0
8478, 154, 26, 74, 0, 0, 13.52%, 0, 0, 5, 306.45, 1906593, 458, 0, 0
8483, 154, 73, 74, 0, 0, 13.52%, 0, 0, 5, 321.93, 1907371, 458, 0, 0
8488, 154, 73, 74, 0, 0, 13.52%, 0, 0, 5, 281.15, 1908120, 458, 0, 0
8494, 154, 73, 74, 0, 0, 13.52%, 0, 0, 5, 259.82, 1908865, 458, 0, 0
8499, 154, 73, 74, 0, 0, 13.52%, 0, 0, 5, 30.93, 1909584, 458, 0, 0
8504, 154, 27, 74, 0, 0, 13.52%, 0, 0, 5, 31.06, 1910518, 458, 0, 0
8509, 154, 54, 74, 0, 0, 13.52%, 0, 0, 5, 30.49, 1911426, 458, 0, 0
8514, 154, 73, 74, 0, 0, 13.52%, 0, 0, 5, 308.34, 1912329, 458, 0, 0
8519, 154, 73, 74, 0, 0, 13.52%, 0, 0, 5, 275.31, 1913010, 458, 0, 0
8524, 154, 73, 74, 0, 0, 13.52%, 0, 0, 5, 326.12, 1913725, 458, 0, 0
8529, 154, 73, 74, 0, 0, 13.52%, 0, 0, 5, 331.68, 1914361, 458, 0, 0
8534, 154, 73, 74, 0, 0, 13.52%, 0, 0, 5, 31.40, 1915223, 458, 0, 0
8539, 154, 73, 74, 0, 0, 13.52%, 0, 0, 5, 30.56, 1916130, 458, 0, 0
8544, 154, 73, 74, 0, 0, 13.52%, 0, 0, 5, 31.26, 1917022, 458, 0, 0
8550, 154, 27, 74, 0, 0, 13.52%, 0, 0, 5, 286.87, 1917820, 458, 0, 0
8555, 154, 26, 74, 0, 0, 13.52%, 0, 0, 5, 266.99, 1918435, 458, 0, 0
8560, 154, 11, 74, 0, 0, 13.52%, 0, 0, 5, 269.50, 1919055, 458, 0, 0
8565, 154, 43, 74, 0, 0, 13.52%, 0, 0, 5, 31.19, 1919726, 458, 0, 0
8570, 155, 73, 74, 0, 0, 13.52%, 0, 0, 5, 31.02, 1920587, 458, 0, 0
8575, 155, 73, 74, 0, 0, 13.52%, 0, 0, 5, 31.20, 1921435, 458, 0, 0
8580, 155, 60, 74, 0, 0, 13.52%, 0, 0, 5, 57.20, 1922280, 458, 0, 0
8586, 155, 28, 74, 0, 0, 13.52%, 0, 0, 5, 296.36, 1923141, 458, 0, 0
8591, 155, 73, 74, 0, 0, 13.52%, 0, 0, 5, 264.47, 1923820, 458, 0, 0
8596, 155, 27, 74, 0, 0, 13.52%, 0, 0, 5, 318.19, 1924399, 458, 0, 0
8601, 155, 25, 74, 0, 0, 13.52%, 0, 0, 5, 295.00, 1924993, 458, 0, 0
8606, 155, 73, 74, 0, 0, 13.52%, 0, 0, 5, 31.40, 1925775, 458, 0, 0
8611, 155, 32, 74, 0, 0, 13.52%, 0, 0, 5, 31.32, 1926607, 458, 0, 0
8616, 155, 43, 74, 0, 0, 13.52%, 0, 0, 5, 31.25, 1927432, 458, 0, 0
8621, 155, 3, 74, 0, 0, 13.52%, 0, 0, 5, 30.38, 1928247, 458, 0, 0
8626, 155, 66, 74, 0, 0, 13.52%, 0, 0, 5, 316.93, 1929071, 458, 0, 0
8632, 155, 62, 74, 0, 0, 13.52%, 0, 0, 5, 333.89, 1929565, 458, 0, 0
8637, 155, 28, 74, 0, 0, 13.52%, 0, 0, 5, 42.44, 1930152, 458, 0, 0
8642, 155, 32, 74, 0, 0, 13.52%, 0, 0, 5, 40.43, 1931043, 458, 0, 0
8647, 156, 28, 74, 0, 0, 13.52%, 0, 0, 5, 31.19, 1931913, 458, 0, 0
8652, 156, 73, 74, 0, 0, 13.52%, 0, 0, 5, 313.47, 1932623, 458, 0, 0
8657, 156, 11, 74, 0, 0, 13.52%, 0, 0, 5, 200.99, 1933168, 458, 0, 0
8662, 156, 18, 74, 0, 0, 13.52%, 0, 0, 5, 31.44, 1933846, 458, 0, 0
8667, 156, 73, 74, 0, 0, 13.52%, 0, 0, 5, 32.97, 1934738, 458, 0, 0
8673, 156, 73, 74, 0, 0, 13.52%, 0, 0, 5, 30.61, 1935603, 458, 0, 0
8678, 156, 25, 74, 0, 0, 13.52%, 0, 0, 5, 288.53, 1936225, 458, 0, 0
8683, 156, 73, 74, 0, 0, 13.52%, 0, 0, 5, 31.38, 1936652, 458, 0, 0
8688, 156, 73, 74, 0, 0, 13.52%, 0, 0, 5, 31.29, 1937535, 458, 0, 0
8693, 156, 11, 74, 0, 0, 13.52%, 0, 0, 5, 30.31, 1938438, 458, 0, 0
8698, 156, 73, 74, 0, 0, 13.52%, 0, 0, 5, 328.57, 1939287, 458, 0, 0
8703, 156, 73, 74, 0, 0, 13.52%, 0, 0, 5, 321.39, 1939821, 458, 0, 0
8708, 156, 27, 74, 0, 0, 13.52%, 0, 0, 5, 31.49, 1940322, 458, 0, 0
8713, 156, 43, 74, 0, 0, 13.52%, 0, 0, 5, 32.56, 1941217, 458, 0, 0
8718, 156, 60, 74, 0, 0, 13.52%, 0, 0, 5, 31.43, 1942088, 458, 0, 0
8724, 156, 26, 74, 0, 0, 13.52%, 0, 0, 5, 279.80, 1942835, 458, 0, 0
8729, 156, 32, 74, 0, 0, 13.52%, 0, 0, 5, 196.09, 1943384, 458, 0, 0
8734, 157, 73, 74, 0, 0, 13.52%, 0, 0, 5, 31.06, 1943977, 458, 0, 0
8739, 157, 60, 74, 0, 0, 13.52%, 0, 0, 5, 37.62, 1944826, 458, 0, 0
8744, 157, 60, 74, 0, 0, 13.52%, 0, 0, 5, 31.27, 1945648, 458, 0, 0
8749, 157, 25, 74, 0, 0, 13.52%, 0, 0, 5, 31.41, 1946459, 458, 0, 0
8754, 157, 73, 74, 0, 0, 13.52%, 0, 0, 5, 294.12, 1947150, 458, 0, 0
8759, 157, 73, 74, 0, 0, 13.52%, 0, 0, 5, 325.07, 1947657, 458, 0, 0
8765, 157, 60, 74, 0, 0, 13.52%, 0, 0, 5, 30.57, 1948239, 458, 0, 0
8770, 157, 25, 74, 0, 0, 13.52%, 0, 0, 5, 31.25, 1949035, 458, 0, 0
8775, 157, 60, 74, 0, 0, 13.52%, 0, 0, 5, 34.35, 1949868, 458, 0, 0
8780, 157, 73, 74, 0, 0, 13.52%, 0, 0, 5, 58.42, 1950666, 458, 0, 0
8785, 157, 32, 74, 0, 0, 13.52%, 0, 0, 5, 30.49, 1951450, 458, 0, 0
8790, 157, 28, 74, 0, 0, 13.52%, 0, 0, 5, 331.10, 1952117, 458, 0, 0
8795, 157, 73, 74, 0, 0, 13.52%, 0, 0, 5, 327.12, 1952687, 458, 0, 0
8801, 157, 32, 74, 0, 0, 13.52%, 0, 0, 5, 31.10, 1953229, 458, 0, 0
8806, 157, 73, 74, 0, 0, 13.52%, 0, 0, 5, 30.98, 1954047, 458, 0, 0
8811, 157, 25, 74, 0, 0, 13.52%, 0, 0, 5, 31.26, 1954835, 458, 0, 0
8816, 157, 73, 74, 0, 0, 13.52%, 0, 0, 5, 30.75, 1955650, 458, 0, 0
8821, 157, 58, 74, 0, 0, 13.52%, 0, 0, 5, 31.25, 1956459, 458, 0, 0
8826, 158, 25, 74, 0, 0, 13.52%, 0, 0, 5, 248.53, 1957139, 458, 0, 0
8832, 158, 44, 74, 0, 0, 13.52%, 0, 0, 5, 316.56, 1957711, 458, 0, 0
8837, 158, 73, 74, 0, 0, 13.52%, 0, 0, 5, 293.53, 1958262, 458, 0, 0
8842, 158, 73, 74, 0, 0, 13.52%, 0, 0, 5, 31.25, 1959004, 458, 0, 0
8847, 158, 73, 74, 0, 0, 13.52%, 0, 0, 5, 31.17, 1959833, 458, 0, 0
8852, 158, 73, 74, 0, 0, 13.52%, 0, 0, 5, 31.34, 1960618, 458, 0, 0
8857, 158, 23, 74, 0, 0, 13.52%, 0, 0, 5, 41.02, 1961436, 458, 0, 0
8862, 158, 60, 74, 0, 0, 13.52%, 0, 0, 5, 319.19, 1962031, 458, 0, 0
8867, 158, 73, 74, 0, 0, 13.52%, 0, 0, 5, 281.13, 1962655, 458, 0, 0
8872, 158, 25, 74, 0, 0, 13.52%, 0, 0, 5, 31.24, 1963218, 458, 0, 0
8877, 158, 26, 74, 0, 0, 13.52%, 0, 0, 5, 31.26, 1964073, 458, 0, 0
8882, 158, 73, 74, 0, 0, 13.52%, 0, 0, 5, 31.27, 1964934, 458, 0, 0
8888, 158, 73, 74, 0, 0, 13.52%, 0, 0, 5, 247.94, 1965659, 458, 0, 0
8893, 158, 73, 74, 0, 0, 13.52%, 0, 0, 5, 189.16, 1966091, 458, 0, 0
8898, 158, 25, 74, 0, 0, 13.52%, 0, 0, 5, 30.96, 1966811, 458, 0, 0
8903, 158, 32, 74, 0, 0, 13.52%, 0, 0, 5, 31.42, 1967640, 458, 0, 0
8908, 158, 60, 74, 0, 0, 13.52%, 0, 0, 5, 31.25, 1968525, 458, 0, 0
8913, 158, 60, 74, 0, 0, 13.52%, 0, 0, 5, 244.00, 1969079, 458, 0, 0
8918, 158, 60, 74, 0, 0, 13.52%, 0, 0, 5, 31.70, 1969546, 458, 0, 0
8923, 158, 73, 74, 0, 0, 13.52%, 0, 0, 5, 30.97, 1970397, 458, 0, 0
8928, 159, 28, 74, 0, 0, 13.52%, 0, 0, 5, 30.38, 1971221, 458, 0, 0
8934, 159, 40, 74, 0, 0, 13.52%, 0, 0, 5, 233.21, 1972079, 458, 0, 0
8939, 159, 73, 74, 0, 0, 13.52%, 0, 0, 5, 325.41, 1972539, 458, 0, 0
8944, 159, 4, 74, 0, 0, 13.52%, 0, 0, 5, 31.29, 1973087, 458, 0, 0
8949, 159, 25, 74, 0, 0, 13.52%, 0, 0, 5, 31.12, 1973954, 458, 0, 0
8954, 159, 73, 74, 0, 0, 13.52%, 0, 0, 5, 31.25, 1974829, 458, 0, 0
8959, 159, 28, 74, 0, 0, 13.52%, 0, 0, 5, 329.86, 1975411, 458, 0, 0
8964, 159, 27, 74, 0, 0, 13.52%, 0, 0, 5, 273.63, 1975895, 458, 0, 0
8969, 159, 73, 74, 0, 0, 13.52%, 0, 0, 5, 30.98, 1976717, 458, 0, 0
8975, 159, 27, 74, 0, 0, 13.52%, 0, 0, 5, 31.51, 1977590, 458, 0, 0
8980, 159, 56, 74, 0, 0, 13.52%, 0, 0, 5, 279.32, 1978450, 458, 0, 0
8985, 159, 73, 74, 0, 0, 13.52%, 0, 0, 5, 250.68, 1978887, 458, 0, 0
8990, 159, 25, 74, 0, 0, 13.52%, 0, 0, 5, 30.82, 1979400, 458, 0, 0
8995, 159, 73, 74, 0, 0, 13.52%, 0, 0, 5, 30.79, 1980194, 458, 0, 0
9000, 159, 13, 74, 0, 0, 13.52%, 0, 0, 5, 31.60, 1980996, 458, 0, 0
9005, 159, 73, 74, 0, 0, 13.52%, 0, 0, 5, 31.32, 1981814, 458, 0, 0
9011, 159, 27, 74, 0, 0, 13.52%, 0, 0, 5, 266.91, 1982645, 458, 0, 0
9016, 160, 25, 74, 0, 0, 13.52%, 0, 0, 5, 321.72, 1983171, 458, 0, 0
9021, 160, 27, 74, 0, 0, 13.52%, 0, 0, 5, 183.67, 1983708, 458, 0, 0
9026, 160, 43, 74, 0, 0, 13.52%, 0, 0, 5, 30.58, 1984426, 458, 0, 0
9031, 160, 26, 74, 0, 0, 13.52%, 0, 0, 5, 30.78, 1985220, 458, 0, 0
9036, 160, 53, 74, 0, 0, 13.52%, 0, 0, 5, 31.42, 1985974, 458, 0, 0
9041, 160, 73, 74, 0, 0, 13.52%, 0, 0, 5, 297.25, 1986745, 458, 0, 0
9046, 160, 29, 74, 0, 0, 13.52%, 0, 0, 5, 328.14, 1987393, 458, 0, 0
9051, 160, 25, 74, 0, 0, 13.52%, 0, 0, 5, 213.30, 1987919, 458, 0, 0
9056, 160, 36, 74, 0, 0, 13.52%, 0, 0, 5, 31.05, 1988505, 458, 0, 0
9061, 160, 43, 74, 0, 0, 13.52%, 0, 0, 5, 30.59, 1989292, 458, 0, 0
9066, 160, 25, 74, 0, 0, 13.52%, 0, 0, 5, 31.35, 1990105, 458, 0, 0
9072, 160, 2, 74, 0, 0, 13.52%, 0, 0, 5, 30.31, 1990878, 458, 0, 0
9077, 160, 73, 74, 0, 0, 13.52%, 0, 0, 5, 317.99, 1991643, 458, 0, 0
9082, 160, 73, 74, 0, 0, 13.52%, 0, 0, 5, 271.90, 1992165, 458, 0, 0
9087, 161, 60, 74, 0, 0, 13.52%, 0, 0, 5, 38.78, 1992620, 458, 0, 0
9092, 161, 26, 74, 0, 0, 13.52%, 0, 0, 5, 31.39, 1993378, 458, 0, 0
9097, 161, 59, 74, 0, 0, 13.52%, 0, 0, 5, 31.29, 1994252, 458, 0, 0
9102, 161, 43, 74, 0, 0, 13.52%, 0, 0, 5, 30.30, 1995129, 458, 0, 0
9107, 161, 60, 74, 0, 0, 13.52%, 0, 0, 5, 330.63, 1995729, 458, 0, 0
9112, 161, 60, 74, 0, 0, 13.52%, 0, 0, 5, 323.38, 1996210, 458, 0, 0
9117, 161, 14, 74, 0, 0, 13.52%, 0, 0, 5, 31.10, 1997023, 458, 0, 0
9122, 161, 60, 74, 0, 0, 13.52%, 0, 0, 5, 52.55, 1997858, 458, 0, 0
9128, 161, 60, 74, 0, 0, 13.52%, 0, 0, 5, 284.45, 1998720, 458, 0, 0
9133, 161, 28, 74, 0, 0, 13.52%, 0, 0, 5, 232.63, 1999215, 458, 0, 0
9138, 161, 73, 74, 0, 0, 13.52%, 0, 0, 5, 30.80, 1999710, 458, 0, 0
9143, 161, 2, 74, 0, 0, 13.52%, 0, 0, 5, 31.42, 2000586, 458, 0, 0
9148, 161, 4, 74, 0, 0, 13.52%, 0, 0, 5, 31.40, 2001443, 458, 0, 0
9153, 161, 60, 74, 0, 0, 13.52%, 0, 0, 5, 322.34, 2002207, 458, 0, 0
9158, 162, 73, 74, 0, 0, 13.52%, 0, 0, 5, 188.94, 2002628, 458, 0, 0
9163, 162, 60, 74, 0, 0, 13.52%, 0, 0, 5, 31.19, 2003318, 458, 0, 0
9168, 162, 36, 74, 0, 0, 13.52%, 0, 0, 5, 31.39, 2004196, 458, 0, 0
9174, 162, 71, 74, 0, 0, 13.52%, 0, 0, 5, 31.41, 2005035, 458, 0, 0
9179, 162, 4, 74, 0, 0, 13.52%, 0, 0, 5, 317.17, 2005674, 458, 0, 0
9184, 162, 60, 74, 0, 0, 13.52%, 0, 0, 5, 228.86, 2006052, 458, 0, 0
9189, 162, 73, 74, 0, 0, 13.52%, 0, 0, 5, 30.36, 2006865, 458, 0, 0
9194, 162, 43, 74, 0, 0, 13.52%, 0, 0, 5, 31.40, 2007721, 458, 0, 0
9199, 162, 73, 74, 0, 0, 13.52%, 0, 0, 5, 310.92, 2008583, 458, 0, 0
9204, 162, 14, 74, 0, 0, 13.52%, 0, 0, 5, 331.59, 2009117, 458, 0, 0
9209, 162, 32, 74, 0, 0, 13.52%, 0, 0, 5, 31.50, 2009565, 458, 0, 0
9214, 162, 73, 74, 0, 0, 13.52%, 0, 0, 5, 30.60, 2010420, 458, 0, 0
9219, 162, 28, 74, 0, 0, 13.52%, 0, 0, 5, 30.47, 2011227, 458, 0, 0
9225, 162, 73, 74, 0, 0, 13.52%, 0, 0, 5, 31.01, 2012020, 458, 0, 0
9230, 162, 25, 74, 0, 0, 13.52%, 0, 0, 5, 252.13, 2012815, 458, 0, 0
9235, 162, 2, 74, 0, 0, 13.52%, 0, 0, 5, 304.93, 2013365, 458, 0, 0
9240, 162, 73, 74, 0, 0, 13.52%, 0, 0, 5, 201.90, 2013900, 458, 0, 0
9245, 162, 60, 74, 0, 0, 13.52%, 0, 0, 5, 31.50, 2014602, 458, 0, 0
9250, 163, 73, 74, 0, 0, 13.52%, 0, 0, 5, 30.88, 2015397, 458, 0, 0
9255, 163, 53, 74, 0, 0, 13.52%, 0, 0, 5, 30.55, 2016214, 458, 0, 0
9260, 163, 73, 74, 0, 0, 13.52%, 0, 0, 5, 30.41, 2016978, 458, 0, 0
9266, 163, 73, 74, 0, 0, 13.52%, 0, 0, 5, 322.17, 2017756, 458, 0, 0
9271, 163, 18, 74, 0, 0, 13.52%, 0, 0, 5, 317.68, 2018300, 458, 0, 0
9276, 163, 2, 74, 0, 0, 13.52%, 0, 0, 5, 308.75, 2019600, 458, 0, 0
9281, 163, 73, 74, 0, 0, 13.52%, 0, 0, 5, 321.18, 2021284, 458, 0, 0
9286, 163, 32, 74, 0, 0, 13.52%, 0, 0, 5, 316.10, 2022866, 458, 0, 0
9291, 163, 73, 74, 0, 0, 13.52%, 0, 0, 5, 309.80, 2024442, 458, 0, 0
9296, 163, 73, 74, 0, 0, 13.52%, 0, 0, 5, 271.53, 2025766, 458, 0, 0
9301, 163, 73, 74, 0, 0, 13.52%, 0, 0, 5, 252.35, 2027041, 458, 0, 0
9306, 163, 32, 74, 0, 0, 13.52%, 0, 0, 5, 296.66, 2028641, 458, 0, 0
9312, 163, 73, 74, 0, 0, 13.52%, 0, 0, 5, 301.31, 2030162, 458, 0, 0
9317, 163, 73, 74, 0, 0, 13.52%, 0, 0, 5, 300.08, 2031721, 458, 0, 0
9322, 164, 66, 74, 0, 0, 13.52%, 0, 0, 5, 289.23, 2033186, 458, 0, 0
9327, 164, 73, 74, 0, 0, 13.52%, 0, 0, 5, 254.78, 2034441, 458, 0, 0
9332, 164, 27, 74, 0, 0, 13.52%, 0, 0, 5, 288.35, 2035931, 458, 0, 0
9337, 164, 59, 74, 0, 0, 13.52%, 0, 0, 5, 302.59, 2037494, 458, 0, 0
9342, 164, 26, 74, 0, 0, 13.52%, 0, 0, 5, 307.21, 2039060, 458, 0, 0
9347, 164, 73, 74, 0, 0, 13.52%, 0, 0, 5, 310.38, 2040634, 458, 0, 0
9352, 164, 60, 74, 0, 0, 13.52%, 0, 0, 5, 300.15, 2042096, 458, 0, 0
9357, 164, 73, 74, 0, 0, 13.52%, 0, 0, 5, 308.86, 2043664, 458, 0, 0
9362, 165, 40, 74, 0, 0, 13.52%, 0, 0, 5, 310.55, 2045224, 458, 0, 0
9368, 165, 73, 74, 0, 0, 13.52%, 0, 0, 5, 311.74, 2046846, 458, 0, 0
9373, 165, 73, 74, 0, 0, 13.52%, 0, 0, 5, 298.86, 2048311, 458, 0, 0
9378, 165, 73, 74, 0, 0, 13.52%, 0, 0, 5, 312.79, 2049952, 458, 0, 0
9383, 165, 73, 74, 0, 0, 13.52%, 0, 0, 5, 315.05, 2051588, 458, 0, 0
9388, 165, 28, 74, 0, 0, 13.52%, 0, 0, 5, 314.08, 2053218, 458, 0, 0
9393, 165, 18, 74, 0, 0, 13.52%, 0, 0, 5, 297.28, 2054701, 458, 0, 0
9398, 166, 43, 74, 0, 0, 13.52%, 0, 0, 5, 314.11, 2056342, 458, 0, 0
9403, 166, 43, 74, 0, 0, 13.52%, 0, 0, 5, 315.24, 2057972, 458, 0, 0
9409, 166, 73, 74, 0, 0, 13.52%, 0, 0, 5, 312.46, 2059558, 458, 0, 0
9414, 166, 73, 74, 0, 0, 13.52%, 0, 0, 5, 295.78, 2061096, 458, 0, 0
9419, 166, 2, 74, 0, 0, 13.52%, 0, 0, 5, 307.89, 2062642, 458, 0, 0
9424, 166, 32, 74, 0, 0, 13.52%, 0, 0, 5, 310.51, 2064260, 458, 0, 0
9429, 166, 54, 74, 0, 0, 13.52%, 0, 0, 5, 310.83, 2065875, 458, 0, 0
9434, 167, 32, 74, 0, 0, 13.52%, 0, 0, 5, 289.85, 2067346, 458, 0, 0
9439, 167, 73, 74, 0, 0, 13.52%, 0, 0, 5, 310.83, 2068982, 458, 0, 0
9444, 167, 73, 74, 0, 0, 13.52%, 0, 0, 5, 314.23, 2070560, 458, 0, 0
9449, 167, 73, 74, 0, 0, 13.52%, 0, 0, 5, 315.13, 2072140, 458, 0, 0
9454, 167, 60, 74, 0, 0, 13.52%, 0, 0, 5, 291.69, 2073641, 458, 0, 0
9460, 167, 2, 74, 0, 0, 13.52%, 0, 0, 5, 310.80, 2075254, 458, 0, 0
9465, 167, 73, 74, 0, 0, 13.52%, 0, 0, 5, 311.52, 2076798, 458, 0, 0
9470, 167, 73, 74, 0, 0, 13.52%, 0, 0, 5, 315.04, 2078448, 458, 0, 0
9475, 167, 71, 74, 0, 0, 13.52%, 0, 0, 5, 306.60, 2079994, 458, 0, 0
9480, 167, 17, 74, 0, 0, 13.52%, 0, 0, 5, 309.11, 2081560, 458, 0, 0
9485, 168, 18, 74, 0, 0, 13.52%, 0, 0, 5, 313.45, 2083142, 458, 0, 0
9490, 168, 2, 74, 0, 0, 13.52%, 0, 0, 5, 313.58, 2084718, 458, 0, 0
9495, 168, 60, 74, 0, 0, 13.52%, 0, 0, 5, 313.17, 2086294, 458, 0, 0
9500, 168, 28, 74, 0, 0, 13.52%, 0, 0, 5, 304.41, 2087754, 458, 0, 0
9505, 168, 73, 74, 0, 0, 13.52%, 0, 0, 5, 303.62, 2089312, 458, 0, 0
9510, 168, 71, 74, 0, 0, 13.52%, 0, 0, 5, 314.72, 2090960, 458, 0, 0
9515, 168, 73, 74, 0, 0, 13.52%, 0, 0, 5, 314.42, 2092532, 458, 0, 0
9520, 168, 27, 74, 0, 0, 13.52%, 0, 0, 5, 302.87, 2094000, 458, 0, 0
9525, 168, 73, 74, 0, 0, 13.52%, 0, 0, 5, 310.84, 2095568, 458, 0, 0
9531, 169, 60, 74, 0, 0, 13.52%, 0, 0, 5, 315.97, 2097212, 458, 0, 0
9536, 169, 73, 74, 0, 0, 13.52%, 0, 0, 5, 314.76, 2098785, 458, 0, 0
9541, 169, 60, 74, 0, 0, 13.52%, 0, 0, 5, 300.47, 2100306, 458, 0, 0
9546, 169, 11, 74, 0, 0, 13.52%, 0, 0, 5, 314.38, 2101951, 458, 0, 0
9551, 169, 11, 74, 0, 0, 13.52%, 0, 0, 5, 304.45, 2103541, 458, 0, 0
9556, 169, 26, 74, 0, 0, 13.52%, 0, 0, 5, 312.79, 2105117, 458, 0, 0
9561, 169, 73, 74, 0, 0, 13.52%, 0, 0, 5, 297.09, 2106636, 458, 0, 0
9567, 169, 73, 74, 0, 0, 13.52%, 0, 0, 5, 314.12, 2108283, 458, 0, 0
9572, 170, 28, 74, 0, 0, 13.52%, 0, 0, 5, 316.36, 2109917, 458, 0, 0
9577, 170, 28, 74, 0, 0, 13.52%, 0, 0, 5, 316.30, 2111505, 458, 0, 0
9582, 170, 26, 74, 0, 0, 13.52%, 0, 0, 5, 271.95, 2112591, 458, 0, 0
9587, 170, 73, 74, 0, 0, 13.52%, 0, 0, 5, 311.00, 2114247, 458, 0, 0
9592, 170, 27, 74, 0, 0, 13.52%, 0, 0, 5, 303.81, 2115499, 458, 0, 0
9597, 170, 73, 74, 0, 0, 13.52%, 0, 0, 5, 316.37, 2117157, 458, 0, 0
9603, 170, 73, 74, 0, 0, 13.52%, 0, 0, 5, 321.43, 2118811, 458, 0, 0
9608, 170, 73, 74, 0, 0, 13.52%, 0, 0, 5, 324.27, 2120105, 458, 0, 0
9613, 170, 57, 74, 0, 0, 13.52%, 0, 0, 5, 318.61, 2121747, 458, 0, 0
9618, 170, 11, 74, 0, 0, 13.52%, 0, 0, 5, 316.85, 2123393, 458, 0, 0
9623, 171, 60, 74, 0, 0, 13.52%, 0, 0, 5, 322.96, 2124659, 458, 0, 0
9628, 171, 27, 74, 0, 0, 13.52%, 0, 0, 5, 320.47, 2126317, 458, 0, 0
9634, 171, 73, 74, 0, 0, 13.52%, 0, 0, 5, 319.62, 2127981, 458, 0, 0
9639, 171, 26, 74, 0, 0, 13.52%, 0, 0, 5, 320.61, 2129241, 458, 0, 0
9644, 171, 4, 74, 0, 0, 13.52%, 0, 0, 5, 321.71, 2130905, 458, 0, 0
9649, 171, 73, 74, 0, 0, 13.52%, 0, 0, 5, 307.78, 2132463, 458, 0, 0
9654, 171, 73, 74, 0, 0, 13.52%, 0, 0, 5, 321.77, 2133783, 458, 0, 0
9659, 171, 26, 74, 0, 0, 13.52%, 0, 0, 5, 319.85, 2135423, 458, 0, 0
9664, 171, 73, 74, 0, 0, 13.52%, 0, 0, 5, 38.53, 2136661, 458, 0, 0
9670, 172, 73, 74, 0, 0, 13.52%, 0, 0, 5, 323.13, 2138341, 458, 0, 0
9675, 172, 73, 74, 0, 0, 13.52%, 0, 0, 5, 319.01, 2139931, 458, 0, 0
9680, 172, 73, 74, 0, 0, 13.52%, 0, 0, 5, 325.59, 2141185, 458, 0, 0
9685, 172, 60, 74, 0, 0, 13.52%, 0, 0, 5, 322.30, 2142859, 458, 0, 0
9690, 172, 27, 74, 0, 0, 13.52%, 0, 0, 5, 310.43, 2144429, 458, 0, 0
9695, 172, 73, 74, 0, 0, 13.52%, 0, 0, 5, 324.97, 2145813, 458, 0, 0
9700, 172, 43, 74, 0, 0, 13.52%, 0, 0, 5, 316.90, 2147293, 458, 0, 0
9705, 172, 73, 74, 0, 0, 13.52%, 0, 0, 5, 184.66, 2148787, 458, 0, 0
9711, 172, 27, 74, 0, 0, 13.52%, 0, 0, 5, 323.08, 2150241, 458, 0, 0
9716, 172, 37, 74, 0, 0, 13.52%, 0, 0, 5, 268.86, 2151636, 458, 0, 0
9721, 173, 73, 74, 0, 0, 13.52%, 0, 0, 5, 312.24, 2153295, 458, 0, 0
9726, 173, 32, 74, 0, 0, 13.52%, 0, 0, 5, 332.27, 2154680, 458, 0, 0
9731, 173, 73, 74, 0, 0, 13.52%, 0, 0, 5, 307.80, 2156114, 458, 0, 0
9736, 173, 54, 74, 0, 0, 13.52%, 0, 0, 5, 301.24, 2157616, 458, 0, 0
9741, 173, 73, 74, 0, 0, 13.52%, 0, 0, 5, 328.01, 2159032, 458, 0, 0
9746, 173, 73, 74, 0, 0, 13.52%, 0, 0, 5, 302.65, 2160468, 458, 0, 0
9751, 173, 73, 74, 0, 0, 13.52%, 0, 0, 5, 322.07, 2162000, 458, 0, 0
9756, 173, 72, 74, 0, 0, 13.52%, 0, 0, 5, 301.21, 2163380, 458, 0, 0
9761, 174, 56, 74, 0, 0, 13.52%, 0, 0, 5, 319.57, 2164804, 458, 0, 0
9766, 174, 28, 74, 0, 0, 13.52%, 0, 0, 5, 311.26, 2166338, 458, 0, 0
9771, 174, 53, 74, 0, 0, 13.52%, 0, 0, 5, 314.72, 2167722, 458, 0, 0
9777, 174, 73, 74, 0, 0, 13.52%, 0, 0, 5, 302.44, 2169174, 458, 0, 0
9782, 174, 25, 74, 0, 0, 13.52%, 0, 0, 5, 302.12, 2170644, 458, 0, 0
9787, 174, 73, 74, 0, 0, 13.52%, 0, 0, 5, 308.40, 2172194, 458, 0, 0
9792, 174, 60, 74, 0, 0, 13.52%, 0, 0, 5, 113.46, 2173586, 458, 0, 0
9797, 174, 25, 74, 0, 0, 13.52%, 0, 0, 5, 251.63, 2175056, 458, 0, 0
9802, 174, 32, 74, 0, 0, 13.52%, 0, 0, 5, 322.63, 2176532, 458, 0, 0
9807, 175, 54, 74, 0, 0, 13.52%, 0, 0, 5, 293.70, 2177936, 458, 0, 0
9812, 175, 28, 74, 0, 0, 13.52%, 0, 0, 5, 307.12, 2179468, 458, 0, 0
9817, 175, 11, 74, 0, 0, 13.52%, 0, 0, 5, 305.69, 2180904, 458, 0, 0
9823, 175, 13, 74, 0, 0, 13.52%, 0, 0, 5, 299.37, 2182351, 458, 0, 0
9828, 175, 73, 74, 0, 0, 13.52%, 0, 0, 5, 306.73, 2183850, 458, 0, 0
9833, 175, 56, 74, 0, 0, 13.52%, 0, 0, 5, 306.93, 2185322, 458, 0, 0
9838, 175, 73, 74, 0, 0, 13.52%, 0, 0, 5, 324.87, 2186802, 458, 0, 0
9843, 175, 32, 74, 0, 0, 13.52%, 0, 0, 5, 289.44, 2188241, 458, 0, 0
9848, 175, 73, 74, 0, 0, 13.52%, 0, 0, 5, 301.08, 2189786, 458, 0, 0
9854, 176, 5, 74, 0, 0, 13.52%, 0, 0, 5, 322.50, 2191342, 458, 0, 0
9859, 176, 25, 74, 0, 0, 13.52%, 0, 0, 5, 287.22, 2192751, 458, 0, 0
9864, 176, 56, 74, 0, 0, 13.52%, 0, 0, 5, 311.88, 2194157, 458, 0, 0
9869, 176, 25, 74, 0, 0, 13.52%, 0, 0, 5, 280.02, 2195691, 458, 0, 0
9874, 176, 43, 74, 0, 0, 13.52%, 0, 0, 5, 308.52, 2197130, 458, 0, 0
9879, 176, 73, 74, 0, 0, 13.52%, 0, 0, 5, 291.86, 2198566, 458, 0, 0
9884, 176, 73, 74, 0, 0, 13.52%, 0, 0, 5, 301.25, 2200086, 458, 0, 0
9889, 177, 60, 74, 0, 0, 13.52%, 0, 0, 5, 303.10, 2201642, 458, 0, 0
9894, 177, 2, 74, 0, 0, 13.52%, 0, 0, 5, 304.93, 2203036, 458, 0, 0
9899, 177, 73, 74, 0, 0, 13.52%, 0, 0, 5, 325.52, 2204404, 458, 0, 0
9904, 177, 73, 74, 0, 0, 13.52%, 0, 0, 5, 30.81, 2205080, 458, 0, 0
9910, 177, 63, 74, 0, 0, 13.52%, 0, 0, 5, 31.47, 2206075, 458, 0, 0
9915, 177, 27, 74, 0, 0, 13.52%, 0, 0, 5, 293.06, 2207121, 458, 0, 0
9920, 177, 28, 74, 0, 0, 13.52%, 0, 0, 5, 300.30, 2208011, 458, 0, 0
9925, 177, 2, 74, 0, 0, 13.52%, 0, 0, 5, 313.04, 2208841, 458, 0, 0
9930, 177, 73, 74, 0, 0, 13.52%, 0, 0, 5, 31.30, 2209805, 458, 0, 0
9935, 177, 60, 74, 0, 0, 13.52%, 0, 0, 5, 31.50, 2210947, 458, 0, 0
9940, 177, 73, 74, 0, 0, 13.52%, 0, 0, 5, 42.89, 2212058, 458, 0, 0
9945, 177, 73, 74, 0, 0, 13.52%, 0, 0, 5, 324.83, 2213013, 458, 0, 0
9950, 177, 18, 74, 0, 0, 13.52%, 0, 0, 5, 327.49, 2213799, 458, 0, 0
9955, 177, 73, 74, 0, 0, 13.52%, 0, 0, 5, 318.76, 2214577, 458, 0, 0
9961, 178, 60, 74, 0, 0, 13.52%, 0, 0, 5, 30.72, 2215363, 458, 0, 0
9966, 178, 73, 74, 0, 0, 13.52%, 0, 0, 5, 30.93, 2216412, 458, 0, 0
9971, 178, 73, 74, 0, 0, 13.52%, 0, 0, 5, 30.44, 2217427, 458, 0, 0
9976, 178, 73, 74, 0, 0, 13.52%, 0, 0, 5, 31.17, 2218421, 458, 0, 0
9981, 178, 73, 74, 0, 0, 13.52%, 0, 0, 5, 254.88, 2219315, 458, 0, 0
9986, 178, 73, 74, 0, 0, 13.52%, 0, 0, 5, 320.91, 2219905, 458, 0, 0
9991, 178, 73, 74, 0, 0, 13.52%, 0, 0, 5, 31.25, 2220573, 458, 0, 0
9997, 178, 73, 74, 0, 0, 13.52%, 0, 0, 5, 31.36, 2221574, 458, 0, 0
10002, 178, 73, 74, 0, 0, 13.52%, 0, 0, 5, 31.26, 2222550, 458, 0, 0
10007, 178, 43, 74, 0, 0, 13.52%, 0, 0, 5, 279.86, 2223411, 458, 0, 0
10012, 178, 73, 74, 0, 0, 13.52%, 0, 0, 5, 328.52, 2224001, 458, 0, 0
10017, 178, 28, 74, 0, 0, 13.52%, 0, 0, 5, 44.78, 2224667, 458, 0, 0
10022, 178, 60, 74, 0, 0, 13.52%, 0, 0, 5, 32.66, 2225605, 458, 0, 0
10027, 178, 28, 74, 0, 0, 13.52%, 0, 0, 5, 30.58, 2226523, 458, 0, 0
10033, 178, 26, 74, 0, 0, 13.52%, 0, 0, 5, 31.48, 2227443, 458, 0, 0
10038, 178, 73, 74, 0, 0, 13.52%, 0, 0, 5, 257.92, 2228331, 458, 0, 0
10043, 178, 73, 74, 0, 0, 13.52%, 0, 0, 5, 292.58, 2229021, 458, 0, 0
10048, 178, 32, 74, 0, 0, 13.52%, 0, 0, 5, 201.21, 2229596, 458, 0, 0
10053, 178, 25, 74, 0, 0, 13.52%, 0, 0, 5, 31.36, 2230292, 458, 0, 0
10058, 179, 60, 74, 0, 0, 13.52%, 0, 0, 5, 31.41, 2231197, 458, 0, 0
10063, 179, 73, 74, 0, 0, 13.52%, 0, 0, 5, 31.68, 2232117, 458, 0, 0
10068, 179, 73, 74, 0, 0, 13.52%, 0, 0, 5, 259.65, 2233006, 458, 0, 0
10074, 179, 60, 74, 0, 0, 13.52%, 0, 0, 5, 250.89, 2233683, 458, 0, 0
10079, 179, 43, 74, 0, 0, 13.52%, 0, 0, 5, 320.41, 2234299, 458, 0, 0
10084, 179, 27, 74, 0, 0, 13.52%, 0, 0, 5, 31.48, 2234891, 458, 0, 0
10089, 179, 60, 74, 0, 0, 13.52%, 0, 0, 5, 31.44, 2235746, 458, 0, 0
10094, 179, 73, 74, 0, 0, 13.52%, 0, 0, 5, 31.16, 2236593, 458, 0, 0
10099, 179, 73, 74, 0, 0, 13.52%, 0, 0, 5, 31.08, 2237420, 458, 0, 0
10104, 179, 16, 74, 0, 0, 13.52%, 0, 0, 5, 31.25, 2238269, 458, 0, 0
10109, 179, 2, 74, 0, 0, 13.52%, 0, 0, 5, 305.83, 2239075, 458, 0, 0
10115, 179, 27, 74, 0, 0, 13.52%, 0, 0, 5, 324.04, 2239611, 458, 0, 0
10120, 179, 28, 74, 0, 0, 13.52%, 0, 0, 5, 262.38, 2240201, 458, 0, 0
10125, 179, 73, 74, 0, 0, 13.52%, 0, 0, 5, 31.25, 2240998, 458, 0, 0
10130, 179, 16, 74, 0, 0, 13.52%, 0, 0, 5, 30.88, 2241830, 458, 0, 0
10135, 180, 25, 74, 0, 0, 13.52%, 0, 0, 5, 32.98, 2242659, 458, 0, 0
10140, 180, 26, 74, 0, 0, 13.52%, 0, 0, 5, 31.10, 2243506, 458, 0, 0
10146, 180, 4, 74, 0, 0, 13.52%, 0, 0, 5, 308.28, 2244341, 458, 0, 0
10151, 180, 27, 74, 0, 0, 13.52%, 0, 0, 5, 273.70, 2244971, 458, 0, 0
10156, 180, 60, 74, 0, 0, 13.52%, 0, 0, 5, 200.83, 2245592, 458, 0, 0
10161, 180, 73, 74, 0, 0, 13.52%, 0, 0, 5, 30.92, 2246250, 458, 0, 0
10166, 180, 73, 74, 0, 0, 13.52%, 0, 0, 5, 31.57, 2247211, 458, 0, 0
10171, 180, 29, 74, 0, 0, 13.52%, 0, 0, 5, 326.02, 2248093, 458, 0, 0
10176, 180, 73, 74, 0, 0, 13.52%, 0, 0, 5, 199.40, 2248556, 458, 0, 0
10181, 180, 73, 74, 0, 0, 13.52%, 0, 0, 5, 31.53, 2249177, 458, 0, 0
10186, 180, 73, 74, 0, 0, 13.52%, 0, 0, 5, 31.23, 2250061, 458, 0, 0
10191, 180, 4, 74, 0, 0, 13.52%, 0, 0, 5, 31.29, 2250942, 458, 0, 0
10197, 180, 73, 74, 0, 0, 13.52%, 0, 0, 5, 286.84, 2251696, 458, 0, 0
10202, 180, 60, 74, 0, 0, 13.52%, 0, 0, 5, 320.54, 2252141, 458, 0, 0
10207, 180, 60, 74, 0, 0, 13.52%, 0, 0, 5, 31.32, 2252894, 458, 0, 0
10212, 180, 60, 74, 0, 0, 13.52%, 0, 0, 5, 31.35, 2253782, 458, 0, 0
10217, 180, 73, 74, 0, 0, 13.52%, 0, 0, 5, 30.77, 2254661, 458, 0, 0
10222, 180, 34, 74, 0, 0, 13.52%, 0, 0, 5, 270.05, 2255281, 458, 0, 0
10227, 180, 2, 74, 0, 0, 13.52%, 0, 0, 5, 32.17, 2255707, 458, 0, 0
10232, 181, 66, 74, 0, 0, 13.52%, 0, 0, 5, 31.06, 2256569, 458, 0, 0
10237, 181, 18, 74, 0, 0, 13.52%, 0, 0, 5, 31.25, 2257454, 458, 0, 0
10242, 181, 5, 74, 0, 0, 13.52%, 0, 0, 5, 320.28, 2258275, 458, 0, 0
10248, 181, 73, 74, 0, 0, 13.52%, 0, 0, 5, 324.97, 2258717, 458, 0, 0
10253, 181, 73, 74, 0, 0, 13.52%, 0, 0, 5, 31.29, 2259360, 458, 0, 0
10258, 181, 4, 74, 0, 0, 13.52%, 0, 0, 5, 31.47, 2260256, 458, 0, 0
10263, 181, 26, 74, 0, 0, 13.52%, 0, 0, 5, 31.05, 2261118, 458, 0, 0
10268, 181, 73, 74, 0, 0, 13.52%, 0, 0, 5, 324.44, 2261775, 458, 0, 0
10273, 181, 73, 74, 0, 0, 13.52%, 0, 0, 5, 320.00, 2262218, 458, 0, 0
10278, 181, 60, 74, 0, 0, 13.52%, 0, 0, 5, 31.06, 2263011, 458, 0, 0
10283, 181, 16, 74, 0, 0, 13.52%, 0, 0, 5, 31.51, 2263835, 458, 0, 0
10288, 181, 32, 74, 0, 0, 13.52%, 0, 0, 5, 31.27, 2264673, 458, 0, 0
10293, 181, 73, 74, 0, 0, 13.52%, 0, 0, 5, 320.78, 2265521, 458, 0, 0
10298, 181, 12, 74, 0, 0, 13.52%, 0, 0, 5, 317.77, 2266063, 458, 0, 0
10303, 181, 60, 74, 0, 0, 13.52%, 0, 0, 5, 31.05, 2266523, 458, 0, 0
10309, 182, 73, 74, 0, 0, 13.52%, 0, 0, 5, 39.80, 2267353, 458, 0, 0
10314, 182, 2, 74, 0, 0, 13.52%, 0, 0, 5, 31.18, 2268174, 458, 0, 0
10319, 182, 60, 74, 0, 0, 13.52%, 0, 0, 5, 31.30, 2268990, 458, 0, 0
10324, 182, 73, 74, 0, 0, 13.52%, 0, 0, 5, 31.50, 2269809, 458, 0, 0
10329, 182, 27, 74, 0, 0, 13.52%, 0, 0, 5, 297.42, 2270456, 458, 0, 0
10334, 182, 60, 74, 0, 0, 13.52%, 0, 0, 5, 321.06, 2270987, 458, 0, 0
10339, 182, 35, 74, 0, 0, 13.52%, 0, 0, 5, 38.62, 2271594, 458, 0, 0
10344, 182, 73, 74, 0, 0, 13.52%, 0, 0, 5, 31.35, 2272389, 458, 0, 0
10349, 182, 72, 74, 0, 0, 13.52%, 0, 0, 5, 31.47, 2273205, 458, 0, 0
10355, 182, 73, 74, 0, 0, 13.52%, 0, 0, 5, 30.40, 2274007, 458, 0, 0
10360, 182, 73, 74, 0, 0, 13.52%, 0, 0, 5, 296.92, 2274819, 458, 0, 0
10365, 182, 73, 74, 0, 0, 13.52%, 0, 0, 5, 279.27, 2275321, 458, 0, 0
10370, 182, 60, 74, 0, 0, 13.52%, 0, 0, 5, 323.38, 2275859, 458, 0, 0
10375, 182, 27, 74, 0, 0, 13.52%, 0, 0, 5, 31.29, 2276588, 458, 0, 0
10380, 182, 60, 74, 0, 0, 13.52%, 0, 0, 5, 31.32, 2277349, 458, 0, 0
10385, 182, 11, 74, 0, 0, 13.52%, 0, 0, 5, 31.28, 2278122, 458, 0, 0
10390, 182, 73, 74, 0, 0, 13.52%, 0, 0, 5, 42.57, 2278975, 458, 0, 0
10396, 182, 73, 74, 0, 0, 13.52%, 0, 0, 5, 322.39, 2279549, 458, 0, 0
10401, 182, 73, 74, 0, 0, 13.52%, 0, 0, 5, 31.23, 2279999, 458, 0, 0
10406, 183, 1, 74, 0, 0, 13.52%, 0, 0, 5, 31.41, 2280869, 458, 0, 0
10411, 183, 73, 74, 0, 0, 13.52%, 0, 0, 5, 31.24, 2281742, 458, 0, 0
10416, 183, 2, 74, 0, 0, 13.52%, 0, 0, 5, 294.72, 2282592, 458, 0, 0
10421, 183, 28, 74, 0, 0, 13.52%, 0, 0, 5, 274.89, 2283076, 458, 0, 0
10426, 183, 27, 74, 0, 0, 13.52%, 0, 0, 5, 31.38, 2283614, 458, 0, 0
10431, 183, 28, 74, 0, 0, 13.52%, 0, 0, 5, 31.15, 2284462, 458, 0, 0
10437, 183, 60, 74, 0, 0, 13.52%, 0, 0, 5, 31.50, 2285352, 458, 0, 0
10442, 183, 73, 74, 0, 0, 13.52%, 0, 0, 5, 324.39, 2285872, 458, 0, 0
10447, 183, 73, 74, 0, 0, 13.52%, 0, 0, 5, 30.96, 2286391, 458, 0, 0
10452, 183, 31, 74, 0, 0, 13.52%, 0, 0, 5, 30.56, 2287255, 458, 0, 0
10457, 183, 60, 74, 0, 0, 13.52%, 0, 0, 5, 30.22, 2288131, 458, 0, 0
10462, 183, 28, 74, 0, 0, 13.52%, 0, 0, 5, 269.33, 2288806, 458, 0, 0
10467, 183, 73, 74, 0, 0, 13.52%, 0, 0, 5, 256.32, 2289251, 458, 0, 0
10472, 183, 73, 74, 0, 0, 13.52%, 0, 0, 5, 31.28, 2289965, 458, 0, 0
10477, 183, 32, 74, 0, 0, 13.52%, 0, 0, 5, 31.25, 2290838, 458, 0, 0
10483, 183, 73, 74, 0, 0, 13.52%, 0, 0, 5, 315.57, 2291720, 458, 0, 0
10488, 183, 73, 74, 0, 0, 13.52%, 0, 0, 5, 225.60, 2292218, 458, 0, 0
10493, 183, 73, 74, 0, 0, 13.52%, 0, 0, 5, 232.67, 2292746, 458, 0, 0
10498, 183, 69, 74, 0, 0, 13.52%, 0, 0, 5, 31.25, 2293520, 458, 0, 0
10503, 183, 2, 74, 0, 0, 13.52%, 0, 0, 5, 31.27, 2294341, 458, 0, 0
10508, 184, 32, 74, 0, 0, 13.52%, 0, 0, 5, 31.09, 2295211, 458, 0, 0
10514, 184, 40, 74, 0, 0, 13.52%, 0, 0, 5, 235.66, 2295890, 458, 0, 0
10519, 184, 32, 74, 0, 0, 13.52%, 0, 0, 5, 324.41, 2296368, 458, 0, 0
10524, 184, 4, 74, 0, 0, 13.52%, 0, 0, 5, 37.53, 2297036, 458, 0, 0
10529, 184, 27, 74, 0, 0, 13.52%, 0, 0, 5, 34.41, 2297824, 458, 0, 0
10534, 184, 53, 74, 0, 0, 13.52%, 0, 0, 5, 30.66, 2298652, 458, 0, 0
10539, 184, 73, 74, 0, 0, 13.52%, 0, 0, 5, 305.14, 2299448, 458, 0, 0
10544, 184, 72, 74, 0, 0, 13.52%, 0, 0, 5, 329.91, 2300098, 458, 0, 0
10550, 184, 73, 74, 0, 0, 13.52%, 0, 0, 5, 264.08, 2300696, 458, 0, 0
10555, 184, 72, 74, 0, 0, 13.52%, 0, 0, 5, 38.68, 2301240, 458, 0, 0
10560, 184, 60, 74, 0, 0, 13.52%, 0, 0, 5, 31.22, 2302039, 458, 0, 0
10565, 184, 73, 74, 0, 0, 13.52%, 0, 0, 5, 31.16, 2302827, 458, 0, 0
10570, 184, 73, 74, 0, 0, 13.52%, 0, 0, 5, 30.77, 2303626, 458, 0, 0
10575, 184, 73, 74, 0, 0, 13.52%, 0, 0, 5, 31.17, 2304450, 458, 0, 0
10580, 184, 73, 74, 0, 0, 13.52%, 0, 0, 5, 259.87, 2305061, 458, 0, 0
10585, 184, 43, 74, 0, 0, 13.52%, 0, 0, 5, 246.01, 2305658, 458, 0, 0
10591, 185, 60, 74, 0, 0, 13.52%, 0, 0, 5, 208.96, 2306265, 458, 0, 0
10596, 185, 28, 74, 0, 0, 13.52%, 0, 0, 5, 30.80, 2307025, 458, 0, 0
10601, 185, 28, 74, 0, 0, 13.52%, 0, 0, 5, 31.41, 2307853, 458, 0, 0
10606, 185, 73, 74, 0, 0, 13.52%, 0, 0, 5, 31.10, 2308653, 458, 0, 0
10611, 185, 43, 74, 0, 0, 13.52%, 0, 0, 5, 310.21, 2309456, 458, 0, 0
10616, 185, 73, 74, 0, 0, 13.52%, 0, 0, 5, 324.84, 2310004, 458, 0, 0
10621, 185, 73, 74, 0, 0, 13.52%, 0, 0, 5, 30.81, 2310421, 458, 0, 0
10626, 185, 73, 74, 0, 0, 13.52%, 0, 0, 5, 34.06, 2311293, 458, 0, 0
10631, 185, 40, 74, 0, 0, 13.52%, 0, 0, 5, 31.50, 2312177, 458, 0, 0
10636, 185, 60, 74, 0, 0, 13.52%, 0, 0, 5, 323.42, 2312892, 458, 0, 0
10641, 185, 73, 74, 0, 0, 13.52%, 0, 0, 5, 206.58, 2313306, 458, 0, 0
10647, 185, 28, 74, 0, 0, 13.52%, 0, 0, 5, 31.32, 2314088, 458, 0, 0
10652, 185, 73, 74, 0, 0, 13.52%, 0, 0, 5, 31.35, 2314936, 458, 0, 0
10657, 185, 66, 74, 0, 0, 13.52%, 0, 0, 5, 264.22, 2315816, 458, 0, 0
10662, 185, 60, 74, 0, 0, 13.52%, 0, 0, 5, 332.42, 2316292, 458, 0, 0
10667, 185, 73, 74, 0, 0, 13.52%, 0, 0, 5, 43.20, 2316824, 458, 0, 0
10672, 185, 72, 74, 0, 0, 13.52%, 0, 0, 5, 38.87, 2317699, 458, 0, 0
10677, 185, 73, 74, 0, 0, 13.52%, 0, 0, 5, 30.35, 2318540, 458, 0, 0
10682, 186, 18, 74, 0, 0, 13.52%, 0, 0, 5, 321.64, 2319304, 458, 0, 0
10687, 186, 60, 74, 0, 0, 13.52%, 0, 0, 5, 329.89, 2319810, 458, 0, 0
10693, 186, 11, 74, 0, 0, 13.52%, 0, 0, 5, 31.34, 2320413, 458, 0, 0
10698, 186, 28, 74, 0, 0, 13.52%, 0, 0, 5, 30.92, 2321290, 458, 0, 0
10703, 186, 73, 74, 0, 0, 13.52%, 0, 0, 5, 31.36, 2322123, 458, 0, 0
10708, 186, 73, 74, 0, 0, 13.52%, 0, 0, 5, 250.22, 2322742, 458, 0, 0
10713, 186, 28, 74, 0, 0, 13.52%, 0, 0, 5, 34.92, 2323166, 458, 0, 0
10718, 186, 73, 74, 0, 0, 13.52%, 0, 0, 5, 30.40, 2323998, 458, 0, 0
10723, 186, 28, 74, 0, 0, 13.52%, 0, 0, 5, 30.65, 2324874, 458, 0, 0
10728, 186, 71, 74, 0, 0, 13.52%, 0, 0, 5, 261.82, 2325691, 458, 0, 0
10733, 186, 73, 74, 0, 0, 13.52%, 0, 0, 5, 286.48, 2326311, 458, 0, 0
10738, 186, 71, 74, 0, 0, 13.52%, 0, 0, 5, 292.41, 2326836, 458, 0, 0
10744, 186, 60, 74, 0, 0, 13.52%, 0, 0, 5, 31.26, 2327497, 458, 0, 0
10749, 186, 73, 74, 0, 0, 13.52%, 0, 0, 5, 40.23, 2328372, 458, 0, 0
10754, 186, 2, 74, 0, 0, 13.52%, 0, 0, 5, 30.25, 2329185, 458, 0, 0
10759, 186, 32, 74, 0, 0, 13.52%, 0, 0, 5, 266.38, 2329966, 458, 0, 0
10764, 187, 69, 74, 0, 0, 13.52%, 0, 0, 5, 302.34, 2330556, 458, 0, 0
10769, 187, 26, 74, 0, 0, 13.52%, 0, 0, 5, 333.03, 2331062, 458, 0, 0
10774, 187, 43, 74, 0, 0, 13.52%, 0, 0, 5, 31.27, 2331728, 458, 0, 0
10779, 187, 73, 74, 0, 0, 13.52%, 0, 0, 5, 31.31, 2332514, 458, 0, 0
10784, 187, 72, 74, 0, 0, 13.52%, 0, 0, 5, 31.43, 2333327, 458, 0, 0
10790, 187, 11, 74, 0, 0, 13.52%, 0, 0, 5, 30.80, 2334108, 458, 0, 0
10795, 187, 39, 74, 0, 0, 13.52%, 0, 0, 5, 319.05, 2334892, 458, 0, 0
10800, 187, 25, 74, 0, 0, 13.52%, 0, 0, 5, 323.76, 2335450, 458, 0, 0
10805, 187, 4, 74, 0, 0, 13.52%, 0, 0, 5, 322.10, 2335980, 458, 0, 0
10810, 187, 73, 74, 0, 0, 13.52%, 0, 0, 5, 31.15, 2336643, 458, 0, 0
10815, 187, 28, 74, 0, 0, 13.52%, 0, 0, 5, 31.48, 2337435, 458, 0, 0
10820, 187, 60, 74, 0, 0, 13.52%, 0, 0, 5, 309.88, 2338618, 458, 0, 0
10825, 187, 73, 74, 0, 0, 13.52%, 0, 0, 5, 318.41, 2339928, 458, 0, 0
10830, 188, 40, 74, 0, 0, 13.52%, 0, 0, 5, 320.17, 2341586, 458, 0, 0
10835, 188, 54, 74, 0, 0, 13.52%, 0, 0, 5, 312.09, 2343150, 458, 0, 0
10840, 188, 4, 74, 0, 0, 13.52%, 0, 0, 5, 303.74, 2344674, 458, 0, 0
10845, 188, 18, 74, 0, 0, 13.52%, 0, 0, 5, 274.37, 2346096, 458, 0, 0
10850, 188, 25, 74, 0, 0, 13.52%, 0, 0, 5, 263.47, 2347401, 458, 0, 0
10855, 188, 27, 74, 0, 0, 13.52%, 0, 0, 5, 238.70, 2348594, 458, 0, 0
10860, 188, 73, 74, 0, 0, 13.52%, 0, 0, 5, 289.86, 2350131, 458, 0, 0
10866, 188, 73, 74, 0, 0, 13.52%, 0, 0, 5, 300.44, 2351650, 458, 0, 0
10871, 189, 73, 74, 0, 0, 13.52%, 0, 0, 5, 302.25, 2353186, 458, 0, 0
10876, 189, 25, 74, 0, 0, 13.52%, 0, 0, 5, 295.89, 2354686, 458, 0, 0
10881, 189, 25, 74, 0, 0, 13.52%, 0, 0, 5, 289.13, 2356076, 458, 0, 0
10886, 189, 25, 74, 0, 0, 13.52%, 0, 0, 5, 302.56, 2357616, 458, 0, 0
10891, 189, 18, 74, 0, 0, 13.52%, 0, 0, 5, 306.40, 2359162, 458, 0, 0
10896, 189, 73, 74, 0, 0, 13.52%, 0, 0, 5, 308.82, 2360736, 458, 0, 0
10901, 189, 60, 74, 0, 0, 13.52%, 0, 0, 5, 280.83, 2362141, 458, 0, 0
10906, 189, 31, 74, 0, 0, 13.52%, 0, 0, 5, 305.91, 2363704, 458, 0, 0
10911, 190, 4, 74, 0, 0, 13.52%, 0, 0, 5, 309.55, 2365316, 458, 0, 0
10916, 190, 73, 74, 0, 0, 13.52%, 0, 0, 5, 312.05, 2366896, 458, 0, 0
10921, 190, 73, 74, 0, 0, 13.52%, 0, 0, 5, 290.99, 2368361, 458, 0, 0
10926, 190, 71, 74, 0, 0, 13.52%, 0, 0, 5, 308.75, 2369932, 458, 0, 0
10931, 190, 73, 74, 0, 0, 13.52%, 0, 0, 5, 312.79, 2371562, 458, 0, 0
10936, 190, 26, 74, 0, 0, 13.52%, 0, 0, 5, 313.00, 2373132, 458, 0, 0
10942, 190, 73, 74, 0, 0, 13.52%, 0, 0, 5, 284.60, 2374641, 458, 0, 0
10947, 190, 4, 74, 0, 0, 13.52%, 0, 0, 5, 300.89, 2376181, 458, 0, 0
10952, 191, 34, 74, 0, 0, 13.52%, 0, 0, 5, 312.31, 2377810, 458, 0, 0
10957, 191, 73, 74, 0, 0, 13.52%, 0, 0, 5, 315.11, 2379432, 458, 0, 0
10962, 191, 73, 74, 0, 0, 13.52%, 0, 0, 5, 294.81, 2380948, 458, 0, 0
10967, 191, 73, 74, 0, 0, 13.52%, 0, 0, 5, 310.47, 2382548, 458, 0, 0
10972, 191, 27, 74, 0, 0, 13.52%, 0, 0, 5, 315.19, 2384138, 458, 0, 0
10977, 191, 73, 74, 0, 0, 13.52%, 0, 0, 5, 312.28, 2385698, 458, 0, 0
10982, 191, 73, 74, 0, 0, 13.52%, 0, 0, 5, 313.71, 2387270, 458, 0, 0
10987, 191, 73, 74, 0, 0, 13.52%, 0, 0, 5, 306.36, 2388798, 458, 0, 0
10992, 191, 43, 74, 0, 0, 13.52%, 0, 0, 5, 307.51, 2390344, 458, 0, 0
10997, 192, 73, 74, 0, 0, 13.52%, 0, 0, 5, 311.82, 2391912, 458, 0, 0
11003, 192, 60, 74, 0, 0, 13.52%, 0, 0, 5, 314.06, 2393540, 458, 0, 0
11008, 192, 27, 74, 0, 0, 13.52%, 0, 0, 5, 304.43, 2395062, 458, 0, 0
11013, 192, 28, 74, 0, 0, 13.52%, 0, 0, 5, 312.10, 2396704, 458, 0, 0
11018, 192, 73, 74, 0, 0, 13.52%, 0, 0, 5, 314.69, 2398326, 458, 0, 0
11023, 192, 66, 74, 0, 0, 13.52%, 0, 0, 5, 315.22, 2399962, 458, 0, 0
11029, 193, 57, 74, 0, 0, 13.52%, 0, 0, 5, 306.18, 2401480, 458, 0, 0
11034, 193, 73, 74, 0, 0, 13.52%, 0, 0, 5, 312.39, 2403050, 458, 0, 0
11039, 193, 13, 74, 0, 0, 13.52%, 0, 0, 5, 317.29, 2404698, 458, 0, 0
11044, 193, 17, 74, 0, 0, 13.52%, 0, 0, 5, 316.63, 2406337, 458, 0, 0
11049, 193, 73, 74, 0, 0, 13.52%, 0, 0, 5, 304.24, 2407872, 458, 0, 0
11054, 193, 28, 74, 0, 0, 13.52%, 0, 0, 5, 314.86, 2409460, 458, 0, 0
11059, 193, 73, 74, 0, 0, 13.52%, 0, 0, 5, 318.35, 2411100, 458, 0, 0
11064, 193, 18, 74, 0, 0, 13.52%, 0, 0, 5, 318.33, 2412748, 458, 0, 0
11070, 193, 32, 74, 0, 0, 13.52%, 0, 0, 5, 301.70, 2414272, 458, 0, 0
11075, 194, 2, 74, 0, 0, 13.52%, 0, 0, 5, 312.70, 2415912, 458, 0, 0
11080, 194, 25, 74, 0, 0, 13.52%, 0, 0, 5, 317.21, 2417560, 458, 0, 0
11085, 194, 73, 74, 0, 0, 13.52%, 0, 0, 5, 318.26, 2419160, 458, 0, 0
11090, 194, 17, 74, 0, 0, 13.52%, 0, 0, 5, 299.62, 2420636, 458, 0, 0
11095, 194, 28, 74, 0, 0, 13.52%, 0, 0, 5, 317.36, 2422288, 458, 0, 0
11100, 194, 73, 74, 0, 0, 13.52%, 0, 0, 5, 318.22, 2423883, 458, 0, 0
11105, 194, 14, 74, 0, 0, 13.52%, 0, 0, 5, 314.02, 2425511, 458, 0, 0
11111, 195, 26, 74, 0, 0, 13.52%, 0, 0, 5, 295.03, 2427041, 458, 0, 0
11116, 195, 26, 74, 0, 0, 13.52%, 0, 0, 5, 313.01, 2428675, 458, 0, 0
11121, 195, 11, 74, 0, 0, 13.52%, 0, 0, 5, 318.12, 2430323, 458, 0, 0
11126, 195, 2, 74, 0, 0, 13.52%, 0, 0, 5, 287.73, 2431451, 458, 0, 0
11131, 195, 27, 74, 0, 0, 13.52%, 0, 0, 5, 312.97, 2433093, 458, 0, 0
11136, 195, 25, 74, 0, 0, 13.52%, 0, 0, 5, 320.76, 2434317, 458, 0, 0
11141, 195, 4, 74, 0, 0, 13.52%, 0, 0, 5, 322.14, 2435935, 458, 0, 0
11146, 196, 60, 74, 0, 0, 13.52%, 0, 0, 5, 319.79, 2437589, 458, 0, 0
11152, 196, 60, 74, 0, 0, 13.52%, 0, 0, 5, 315.00, 2438866, 458, 0, 0
11157, 196, 60, 74, 0, 0, 13.52%, 0, 0, 5, 321.36, 2440483, 458, 0, 0
11162, 196, 28, 74, 0, 0, 13.52%, 0, 0, 5, 321.15, 2442087, 458, 0, 0
11167, 196, 73, 74, 0, 0, 13.52%, 0, 0, 5, 326.65, 2443330, 458, 0, 0
11172, 196, 32, 74, 0, 0, 13.52%, 0, 0, 5, 323.39, 2444956, 458, 0, 0
11177, 196, 73, 74, 0, 0, 13.52%, 0, 0, 5, 320.40, 2446570, 458, 0, 0
11182, 197, 60, 74, 0, 0, 13.52%, 0, 0, 5, 319.18, 2447792, 458, 0, 0
11187, 197, 73, 74, 0, 0, 13.52%, 0, 0, 5, 322.06, 2449450, 458, 0, 0
11192, 197, 28, 74, 0, 0, 13.52%, 0, 0, 5, 320.31, 2451056, 458, 0, 0
11197, 197, 73, 74, 0, 0, 13.52%, 0, 0, 5, 318.41, 2452310, 458, 0, 0
11202, 197, 28, 74, 0, 0, 13.52%, 0, 0, 5, 321.45, 2453980, 458, 0, 0
11207, 197, 25, 74, 0, 0, 13.52%, 0, 0, 5, 321.50, 2455644, 458, 0, 0
11213, 197, 73, 74, 0, 0, 13.52%, 0, 0, 5, 323.64, 2456902, 458, 0, 0
11218, 198, 73, 74, 0, 0, 13.52%, 0, 0, 5, 322.22, 2458558, 458, 0, 0
11223, 198, 18, 74, 0, 0, 13.52%, 0, 0, 5, 321.15, 2460216, 458, 0, 0
11228, 198, 43, 74, 0, 0, 13.52%, 0, 0, 5, 323.22, 2461456, 458, 0, 0
11233, 198, 73, 74, 0, 0, 13.52%, 0, 0, 5, 321.35, 2463064, 458, 0, 0
11238, 198, 73, 74, 0, 0, 13.52%, 0, 0, 5, 306.51, 2464616, 458, 0, 0
11243, 198, 60, 74, 0, 0, 13.52%, 0, 0, 5, 294.73, 2465956, 458, 0, 0
11248, 198, 4, 74, 0, 0, 13.52%, 0, 0, 5, 314.88, 2467568, 458, 0, 0
11253, 198, 73, 74, 0, 0, 13.52%, 0, 0, 5, 293.53, 2468803, 458, 0, 0
11258, 199, 43, 74, 0, 0, 13.52%, 0, 0, 5, 317.25, 2470486, 458, 0, 0
11264, 199, 27, 74, 0, 0, 13.52%, 0, 0, 5, 319.07, 2472156, 458, 0, 0
11269, 199, 32, 74, 0, 0, 13.52%, 0, 0, 5, 255.39, 2473366, 458, 0, 0
11274, 199, 73, 74, 0, 0, 13.52%, 0, 0, 5, 307.68, 2475012, 458, 0, 0
11279, 199, 28, 74, 0, 0, 13.52%, 0, 0, 5, 317.59, 2476622, 458, 0, 0
11284, 199, 2, 74, 0, 0, 13.52%, 0, 0, 5, 276.13, 2477851, 458, 0, 0
11289, 199, 73, 74, 0, 0, 13.52%, 0, 0, 5, 314.99, 2479508, 458, 0, 0
11294, 199, 25, 74, 0, 0, 13.52%, 0, 0, 5, 30.30, 2481004, 458, 0, 0
11299, 200, 26, 74, 0, 0, 13.52%, 0, 0, 5, 315.55, 2482422, 458, 0, 0
11304, 200, 4, 74, 0, 0, 13.52%, 0, 0, 5, 320.20, 2484086, 458, 0, 0
11310, 200, 73, 74, 0, 0, 13.52%, 0, 0, 5, 333.33, 2485328, 458, 0, 0
11315, 200, 73, 74, 0, 0, 13.52%, 0, 0, 5, 323.15, 2486930, 458, 0, 0
11320, 200, 73, 74, 0, 0, 13.52%, 0, 0, 5, 319.33, 2488584, 458, 0, 0
11325, 200, 60, 74, 0, 0, 13.52%, 0, 0, 5, 287.98, 2489811, 458, 0, 0
11330, 200, 73, 74, 0, 0, 13.52%, 0, 0, 5, 314.76, 2491476, 458, 0, 0
11335, 200, 73, 74, 0, 0, 13.52%, 0, 0, 5, 310.83, 2493074, 458, 0, 0
11340, 200, 28, 74, 0, 0, 13.52%, 0, 0, 5, 303.56, 2494298, 458, 0, 0
11345, 201, 43, 74, 0, 0, 13.52%, 0, 0, 5, 317.22, 2495962, 458, 0, 0
11350, 201, 73, 74, 0, 0, 13.52%, 0, 0, 5, 217.62, 2497186, 458, 0, 0
11356, 201, 73, 74, 0, 0, 13.52%, 0, 0, 5, 301.53, 2498866, 458, 0, 0
11361, 201, 16, 74, 0, 0, 13.52%, 0, 0, 5, 315.79, 2500462, 458, 0, 0
11366, 201, 27, 74, 0, 0, 13.52%, 0, 0, 5, 322.73, 2501716, 458, 0, 0
11371, 201, 73, 74, 0, 0, 13.52%, 0, 0, 5, 321.78, 2503376, 458, 0, 0
11376, 201, 18, 74, 0, 0, 13.52%, 0, 0, 5, 237.66, 2504825, 458, 0, 0
11381, 201, 73, 74, 0, 0, 13.52%, 0, 0, 5, 307.22, 2506198, 458, 0, 0
11386, 201, 2, 74, 0, 0, 13.52%, 0, 0, 5, 306.15, 2507732, 458, 0, 0
11391, 202, 28, 74, 0, 0, 13.52%, 0, 0, 5, 295.62, 2509161, 458, 0, 0
11396, 202, 11, 74, 0, 0, 13.52%, 0, 0, 5, 59.11, 2510580, 458, 0, 0
11402, 202, 73, 74, 0, 0, 13.52%, 0, 0, 5, 296.12, 2512126, 458, 0, 0
11407, 202, 32, 74, 0, 0, 13.52%, 0, 0, 5, 321.41, 2513550, 458, 0, 0
11412, 202, 32, 74, 0, 0, 13.52%, 0, 0, 5, 298.80, 2515068, 458, 0, 0
11417, 202, 40, 74, 0, 0, 13.52%, 0, 0, 5, 327.47, 2516556, 458, 0, 0
11422, 202, 73, 74, 0, 0, 13.52%, 0, 0, 5, 302.67, 2517966, 458, 0, 0
11427, 202, 6, 74, 0, 0, 13.52%, 0, 0, 5, 299.36, 2519441, 458, 0, 0
11432, 202, 26, 74, 0, 0, 13.52%, 0, 0, 5, 326.03, 2520880, 458, 0, 0
11437, 202, 22, 74, 0, 0, 13.52%, 0, 0, 5, 315.94, 2522322, 458, 0, 0
11442, 203, 32, 74, 0, 0, 13.52%, 0, 0, 5, 324.18, 2523832, 458, 0, 0
11448, 203, 60, 74, 0, 0, 13.52%, 0, 0, 5, 326.15, 2525268, 458, 0, 0
11453, 203, 73, 74, 0, 0, 13.52%, 0, 0, 5, 192.88, 2525858, 458, 0, 0
11458, 203, 4, 74, 0, 0, 13.52%, 0, 0, 5, 31.06, 2526880, 458, 0, 0
11463, 203, 32, 74, 0, 0, 13.52%, 0, 0, 5, 45.40, 2528247, 458, 0, 0
11468, 203, 60, 74, 0, 0, 13.52%, 0, 0, 5, 289.88, 2529406, 458, 0, 0
11473, 203, 73, 74, 0, 0, 13.52%, 0, 0, 5, 320.43, 2530314, 458, 0, 0
11478, 203, 32, 74, 0, 0, 13.52%, 0, 0, 5, 273.55, 2531251, 458, 0, 0
11484, 203, 4, 74, 0, 0, 13.52%, 0, 0, 5, 305.42, 2532118, 458, 0, 0
11489, 203, 73, 74, 0, 0, 13.52%, 0, 0, 5, 30.70, 2533180, 458, 0, 0
11494, 203, 73, 74, 0, 0, 13.52%, 0, 0, 5, 39.15, 2534301, 458, 0, 0
11499, 204, 73, 74, 0, 0, 13.52%, 0, 0, 5, 305.15, 2535417, 458, 0, 0
11504, 204, 73, 74, 0, 0, 13.52%, 0, 0, 5, 322.60, 2536307, 458, 0, 0
11509, 204, 56, 74, 0, 0, 13.52%, 0, 0, 5, 273.39, 2537121, 458, 0, 0
11514, 204, 73, 74, 0, 0, 13.52%, 0, 0, 5, 319.81, 2537925, 458, 0, 0
11519, 204, 73, 74, 0, 0, 13.52%, 0, 0, 5, 31.42, 2538783, 458, 0, 0
11525, 204, 73, 74, 0, 0, 13.52%, 0, 0, 5, 31.03, 2539837, 458, 0, 0
11530, 204, 73, 74, 0, 0, 13.52%, 0, 0, 5, 31.33, 2540855, 458, 0, 0
11535, 204, 25, 74, 0, 0, 13.52%, 0, 0, 5, 264.19, 2541876, 458, 0, 0
11540, 204, 28, 74, 0, 0, 13.52%, 0, 0, 5, 321.44, 2542655, 458, 0, 0
11545, 204, 73, 74, 0, 0, 13.52%, 0, 0, 5, 319.82, 2543441, 458, 0, 0
11550, 204, 62, 74, 0, 0, 13.52%, 0, 0, 5, 193.07, 2544062, 458, 0, 0
11555, 204, 3, 74, 0, 0, 13.52%, 0, 0, 5, 31.55, 2544989, 458, 0, 0
11560, 204, 0, 74, 0, 0, 13.52%, 0, 0, 5, 31.36, 2545961, 458, 0, 0
11565, 204, 73, 74, 0, 0, 13.52%, 0, 0, 5, 45.33, 2546895, 458, 0, 0
11571, 204, 54, 74, 0, 0, 13.52%, 0, 0, 5, 312.09, 2547825, 458, 0, 0
11576, 204, 73, 74, 0, 0, 13.52%, 0, 0, 5, 246.78, 2548565, 458, 0, 0
11581, 204, 73, 74, 0, 0, 13.52%, 0, 0, 5, 331.73, 2549235, 458, 0, 0
11586, 204, 60, 74, 0, 0, 13.52%, 0, 0, 5, 330.00, 2549924, 458, 0, 0
11591, 205, 32, 74, 0, 0, 13.52%, 0, 0, 5, 30.50, 2550777, 458, 0, 0
11596, 205, 71, 74, 0, 0, 13.52%, 0, 0, 5, 31.55, 2551709, 458, 0, 0
11601, 205, 71, 74, 0, 0, 13.52%, 0, 0, 5, 31.10, 2552605, 458, 0, 0
11606, 205, 73, 74, 0, 0, 13.52%, 0, 0, 5, 247.52, 2553501, 458, 0, 0
11611, 205, 2, 74, 0, 0, 13.52%, 0, 0, 5, 279.73, 2554196, 458, 0, 0
11617, 205, 27, 74, 0, 0, 13.52%, 0, 0, 5, 321.77, 2554867, 458, 0, 0
11622, 205, 73, 74, 0, 0, 13.52%, 0, 0, 5, 163.37, 2555451, 458, 0, 0
11627, 205, 8, 74, 0, 0, 13.52%, 0, 0, 5, 31.28, 2556330, 458, 0, 0
11632, 205, 73, 74, 0, 0, 13.52%, 0, 0, 5, 31.42, 2557160, 458, 0, 0
11637, 205, 25, 74, 0, 0, 13.52%, 0, 0, 5, 57.71, 2558007, 458, 0, 0
11642, 205, 73, 74, 0, 0, 13.52%, 0, 0, 5, 30.61, 2558863, 458, 0, 0
11647, 205, 73, 74, 0, 0, 13.52%, 0, 0, 5, 252.80, 2559589, 458, 0, 0
11652, 205, 73, 74, 0, 0, 13.52%, 0, 0, 5, 240.91, 2560117, 458, 0, 0
11657, 205, 60, 74, 0, 0, 13.52%, 0, 0, 5, 330.00, 2560796, 458, 0, 0
11662, 205, 2, 74, 0, 0, 13.52%, 0, 0, 5, 31.17, 2561558, 458, 0, 0
11667, 206, 73, 74, 0, 0, 13.52%, 0, 0, 5, 31.20, 2562359, 458, 0, 0
11673, 206, 27, 74, 0, 0, 13.52%, 0, 0, 5, 31.33, 2563218, 458, 0, 0
11678, 206, 73, 74, 0, 0, 13.52%, 0, 0, 5, 31.18, 2564029, 458, 0, 0
11683, 206, 18, 74, 0, 0, 13.52%, 0, 0, 5, 31.13, 2564929, 458, 0, 0
11688, 206, 43, 74, 0, 0, 13.52%, 0, 0, 5, 324.23, 2565519, 458, 0, 0
11693, 206, 5, 74, 0, 0, 13.52%, 0, 0, 5, 31.29, 2566020, 458, 0, 0
11698, 206, 73, 74, 0, 0, 13.52%, 0, 0, 5, 31.57, 2566912, 458, 0, 0
11703, 206, 73, 74, 0, 0, 13.52%, 0, 0, 5, 31.55, 2567797, 458, 0, 0
11708, 206, 28, 74, 0, 0, 13.52%, 0, 0, 5, 324.20, 2568619, 458, 0, 0
11713, 206, 32, 74, 0, 0, 13.52%, 0, 0, 5, 332.35, 2569091, 458, 0, 0
11719, 206, 73, 74, 0, 0, 13.52%, 0, 0, 5, 31.19, 2569776, 458, 0, 0
11724, 206, 73, 74, 0, 0, 13.52%, 0, 0, 5, 30.63, 2570653, 458, 0, 0
11729, 206, 28, 74, 0, 0, 13.52%, 0, 0, 5, 30.43, 2571533, 458, 0, 0
11734, 206, 73, 74, 0, 0, 13.52%, 0, 0, 5, 290.68, 2572166, 458, 0, 0
11739, 206, 26, 74, 0, 0, 13.52%, 0, 0, 5, 325.00, 2572654, 458, 0, 0
11744, 206, 73, 74, 0, 0, 13.52%, 0, 0, 5, 31.14, 2573458, 458, 0, 0
11749, 206, 60, 74, 0, 0, 13.52%, 0, 0, 5, 31.23, 2574346, 458, 0, 0
11754, 206, 4, 74, 0, 0, 13.52%, 0, 0, 5, 303.44, 2575197, 458, 0, 0
11759, 206, 25, 74, 0, 0, 13.52%, 0, 0, 5, 217.35, 2575800, 458, 0, 0
11764, 207, 28, 74, 0, 0, 13.52%, 0, 0, 5, 282.18, 2576271, 458, 0, 0
11769, 207, 22, 74, 0, 0, 13.52%, 0, 0, 5, 31.21, 2577093, 458, 0, 0
11775, 207, 60, 74, 0, 0, 13.52%, 0, 0, 5, 30.55, 2577927, 458, 0, 0
11780, 207, 26, 74, 0, 0, 13.52%, 0, 0, 5, 31.33, 2578755, 458, 0, 0
11785, 207, 73, 74, 0, 0, 13.52%, 0, 0, 5, 233.11, 2579477, 458, 0, 0
11790, 207, 73, 74, 0, 0, 13.52%, 0, 0, 5, 324.89, 2579995, 458, 0, 0
11795, 207, 73, 74, 0, 0, 13.52%, 0, 0, 5, 43.14, 2580582, 458, 0, 0
11800, 207, 32, 74, 0, 0, 13.52%, 0, 0, 5, 30.89, 2581435, 458, 0, 0
11805, 207, 32, 74, 0, 0, 13.52%, 0, 0, 5, 30.24, 2582281, 458, 0, 0
11810, 207, 54, 74, 0, 0, 13.52%, 0, 0, 5, 235.05, 2583081, 458, 0, 0
11815, 207, 28, 74, 0, 0, 13.52%, 0, 0, 5, 19.14, 2583637, 458, 0, 0
11820, 207, 73, 74, 0, 0, 13.52%, 0, 0, 5, 326.95, 2584167, 458, 0, 0
11825, 207, 73, 74, 0, 0, 13.52%, 0, 0, 5, 34.85, 2584864, 458, 0, 0
11831, 207, 60, 74, 0, 0, 13.52%, 0, 0, 5, 31.14, 2585733, 458, 0, 0
11836, 207, 73, 74, 0, 0, 13.52%, 0, 0, 5, 31.50, 2586576, 458, 0, 0
11841, 207, 73, 74, 0, 0, 13.52%, 0, 0, 5, 234.35, 2587305, 458, 0, 0
11846, 207, 2, 74, 0, 0, 13.52%, 0, 0, 5, 217.77, 2587841, 458, 0, 0
11851, 207, 73, 74, 0, 0, 13.52%, 0, 0, 5, 31.31, 2588414, 458, 0, 0
11856, 207, 28, 74, 0, 0, 13.52%, 0, 0, 5, 31.54, 2589254, 458, 0, 0
11861, 208, 41, 74, 0, 0, 13.52%, 0, 0, 5, 31.10, 2590082, 458, 0, 0
11866, 208, 28, 74, 0, 0, 13.52%, 0, 0, 5, 31.50, 2590838, 458, 0, 0
11872, 208, 73, 74, 0, 0, 13.52%, 0, 0, 5, 323.72, 2591613, 458, 0, 0
11877, 208, 73, 74, 0, 0, 13.52%, 0, 0, 5, 285.96, 2592096, 458, 0, 0
11882, 208, 73, 74, 0, 0, 13.52%, 0, 0, 5, 32.13, 2592608, 458, 0, 0
11887, 208, 73, 74, 0, 0, 13.52%, 0, 0, 5, 31.50, 2593420, 458, 0, 0
11892, 208, 14, 74, 0, 0, 13.52%, 0, 0, 5, 30.44, 2594222, 458, 0, 0
11897, 208, 27, 74, 0, 0, 13.52%, 0, 0, 5, 31.26, 2595010, 458, 0, 0
11902, 208, 4, 74, 0, 0, 13.52%, 0, 0, 5, 31.25, 2595817, 458, 0, 0
11907, 208, 27, 74, 0, 0, 13.52%, 0, 0, 5, 308.15, 2596397, 458, 0, 0
11912, 208, 25, 74, 0, 0, 13.52%, 0, 0, 5, 175.92, 2596937, 458, 0, 0
11917, 208, 73, 74, 0, 0, 13.52%, 0, 0, 5, 31.50, 2597527, 458, 0, 0
11922, 208, 25, 74, 0, 0, 13.52%, 0, 0, 5, 31.47, 2598376, 458, 0, 0
11927, 208, 73, 74, 0, 0, 13.52%, 0, 0, 5, 31.08, 2599238, 458, 0, 0
11932, 208, 73, 74, 0, 0, 13.52%, 0, 0, 5, 247.64, 2599913, 458, 0, 0
11938, 208, 60, 74, 0, 0, 13.52%, 0, 0, 5, 328.36, 2600336, 458, 0, 0
11943, 208, 73, 74, 0, 0, 13.52%, 0, 0, 5, 30.87, 2601145, 458, 0, 0
11948, 209, 60, 74, 0, 0, 13.52%, 0, 0, 5, 31.46, 2602009, 458, 0, 0
11953, 209, 71, 74, 0, 0, 13.52%, 0, 0, 5, 321.38, 2602831, 458, 0, 0
11958, 209, 32, 74, 0, 0, 13.52%, 0, 0, 5, 331.58, 2603225, 458, 0, 0
11963, 209, 73, 74, 0, 0, 13.52%, 0, 0, 5, 31.10, 2603895, 458, 0, 0
11968, 209, 18, 74, 0, 0, 13.52%, 0, 0, 5, 31.21, 2604778, 458, 0, 0
11973, 209, 54, 74, 0, 0, 13.52%, 0, 0, 5, 278.46, 2605616, 458, 0, 0
11978, 209, 73, 74, 0, 0, 13.52%, 0, 0, 5, 238.30, 2606109, 458, 0, 0
11983, 209, 73, 74, 0, 0, 13.52%, 0, 0, 5, 31.26, 2606649, 458, 0, 0
11988, 209, 26, 74, 0, 0, 13.52%, 0, 0, 5, 31.32, 2607492, 458, 0, 0
11994, 209, 43, 74, 0, 0, 13.52%, 0, 0, 5, 31.24, 2608353, 458, 0, 0
11999, 209, 28, 74, 0, 0, 13.52%, 0, 0, 5, 312.51, 2609125, 458, 0, 0
12004, 209, 73, 74, 0, 0, 13.52%, 0, 0, 5, 297.57, 2609601, 458, 0, 0
12009, 209, 25, 74, 0, 0, 13.52%, 0, 0, 5, 31.34, 2610209, 458, 0, 0
12014, 209, 73, 74, 0, 0, 13.52%, 0, 0, 5, 30.41, 2611094, 458, 0, 0
12019, 209, 60, 74, 0, 0, 13.52%, 0, 0, 5, 53.86, 2611935, 458, 0, 0
12024, 209, 32, 74, 0, 0, 13.52%, 0, 0, 5, 320.93, 2612655, 458, 0, 0
12029, 209, 27, 74, 0, 0, 13.52%, 0, 0, 5, 187.08, 2613055, 458, 0, 0
12034, 210, 32, 74, 0, 0, 13.52%, 0, 0, 5, 30.71, 2613793, 458, 0, 0
12039, 210, 27, 74, 0, 0, 13.52%, 0, 0, 5, 31.46, 2614638, 458, 0, 0
12044, 210, 7, 74, 0, 0, 13.52%, 0, 0, 5, 30.15, 2615461, 458, 0, 0
12049, 210, 25, 74, 0, 0, 13.52%, 0, 0, 5, 327.11, 2616191, 458, 0, 0
12055, 210, 54, 74, 0, 0, 13.52%, 0, 0, 5, 310.05, 2616691, 458, 0, 0
12060, 210, 73, 74, 0, 0, 13.52%, 0, 0, 5, 31.45, 2617253, 458, 0, 0
12065, 210, 60, 74, 0, 0, 13.52%, 0, 0, 5, 31.12, 2618059, 458, 0, 0
12070, 210, 73, 74, 0, 0, 13.52%, 0, 0, 5, 31.38, 2618859, 458, 0, 0
12075, 210, 73, 74, 0, 0, 13.52%, 0, 0, 5, 31.20, 2619675, 458, 0, 0
12080, 210, 59, 74, 0, 0, 13.52%, 0, 0, 5, 314.17, 2620491, 458, 0, 0
12085, 210, 13, 74, 0, 0, 13.52%, 0, 0, 5, 328.59, 2621091, 458, 0, 0
12090, 210, 2, 74, 0, 0, 13.52%, 0, 0, 5, 312.38, 2621631, 458, 0, 0
12095, 210, 28, 74, 0, 0, 13.52%, 0, 0, 5, 31.38, 2622264, 458, 0, 0
12100, 210, 27, 74, 0, 0, 13.52%, 0, 0, 5, 31.62, 2623061, 458, 0, 0
12106, 210, 32, 74, 0, 0, 13.52%, 0, 0, 5, 30.59, 2623876, 458, 0, 0
12111, 210, 60, 74, 0, 0, 13.52%, 0, 0, 5, 31.18, 2624644, 458, 0, 0
12116, 211, 73, 74, 0, 0, 13.52%, 0, 0, 5, 303.39, 2625459, 458, 0, 0
12121, 211, 60, 74, 0, 0, 13.52%, 0, 0, 5, 310.57, 2626043, 458, 0, 0
12126, 211, 7, 74, 0, 0, 13.52%, 0, 0, 5, 239.84, 2626645, 458, 0, 0
12131, 211, 54, 74, 0, 0, 13.52%, 0, 0, 5, 30.57, 2627242, 458, 0, 0
12136, 211, 71, 74, 0, 0, 13.52%, 0, 0, 5, 31.40, 2628017, 458, 0, 0
12142, 211, 73, 74, 0, 0, 13.52%, 0, 0, 5, 30.36, 2628831, 458, 0, 0
12147, 211, 28, 74, 0, 0, 13.52%, 0, 0, 5, 31.33, 2629628, 458, 0, 0
12152, 211, 43, 74, 0, 0, 13.52%, 0, 0, 5, 327.03, 2630397, 458, 0, 0
12157, 211, 60, 74, 0, 0, 13.52%, 0, 0, 5, 326.35, 2630757, 458, 0, 0
12162, 211, 27, 74, 0, 0, 13.52%, 0, 0, 5, 31.05, 2631415, 458, 0, 0
12167, 211, 66, 74, 0, 0, 13.52%, 0, 0, 5, 31.42, 2632281, 458, 0, 0
12172, 211, 73, 74, 0, 0, 13.52%, 0, 0, 5, 314.43, 2633159, 458, 0, 0
12177, 211, 32, 74, 0, 0, 13.52%, 0, 0, 5, 325.56, 2633697, 458, 0, 0
12182, 211, 73, 74, 0, 0, 13.52%, 0, 0, 5, 30.71, 2634174, 458, 0, 0
12187, 211, 26, 74, 0, 0, 13.52%, 0, 0, 5, 31.44, 2635056, 458, 0, 0
12192, 212, 43, 74, 0, 0, 13.52%, 0, 0, 5, 31.15, 2635907, 458, 0, 0
12198, 212, 40, 74, 0, 0, 13.52%, 0, 0, 5, 325.96, 2636619, 458, 0, 0
12203, 212, 73, 74, 0, 0, 13.52%, 0, 0, 5, 326.85, 2637039, 458, 0, 0
12208, 212, 73, 74, 0, 0, 13.52%, 0, 0, 5, 30.95, 2637784, 458, 0, 0
12213, 212, 25, 74, 0, 0, 13.52%, 0, 0, 5, 44.42, 2638621, 458, 0, 0
12218, 212, 2, 74, 0, 0, 13.52%, 0, 0, 5, 312.99, 2639479, 458, 0, 0
12223, 212, 60, 74, 0, 0, 13.52%, 0, 0, 5, 328.21, 2639937, 458, 0, 0
12228, 212, 27, 74, 0, 0, 13.52%, 0, 0, 5, 31.42, 2640465, 458, 0, 0
12233, 212, 27, 74, 0, 0, 13.52%, 0, 0, 5, 31.02, 2641319, 458, 0, 0
12238, 212, 73, 74, 0, 0, 13.52%, 0, 0, 5, 31.07, 2642188, 458, 0, 0
12243, 212, 54, 74, 0, 0, 13.52%, 0, 0, 5, 255.13, 2642931, 458, 0, 0
12248, 212, 11, 74, 0, 0, 13.52%, 0, 0, 5, 319.14, 2643355, 458, 0, 0
12253, 212, 73, 74, 0, 0, 13.52%, 0, 0, 5, 31.29, 2644043, 458, 0, 0
12258, 212, 73, 74, 0, 0, 13.52%, 0, 0, 5, 30.64, 2644867, 458, 0, 0
12263, 212, 11, 74, 0, 0, 13.52%, 0, 0, 5, 38.82, 2645706, 458, 0, 0
12268, 212, 27, 74, 0, 0, 13.52%, 0, 0, 5, 317.55, 2646367, 458, 0, 0
12273, 212, 11, 74, 0, 0, 13.52%, 0, 0, 5, 210.00, 2646857, 458, 0, 0
12278, 213, 54, 74, 0, 0, 13.52%, 0, 0, 5, 31.21, 2647516, 458, 0, 0
12284, 213, 73, 74, 0, 0, 13.52%, 0, 0, 5, 31.06, 2648342, 458, 0, 0
12289, 213, 60, 74, 0, 0, 13.52%, 0, 0, 5, 31.38, 2649197, 458, 0, 0
12294, 213, 73, 74, 0, 0, 13.52%, 0, 0, 5, 256.96, 2649991, 458, 0, 0
12299, 213, 60, 74, 0, 0, 13.52%, 0, 0, 5, 321.74, 2650539, 458, 0, 0
12304, 213, 60, 74, 0, 0, 13.52%, 0, 0, 5, 287.20, 2651041, 458, 0, 0
12309, 213, 32, 74, 0, 0, 13.52%, 0, 0, 5, 31.18, 2651712, 458, 0, 0
12314, 213, 12, 74, 0, 0, 13.52%, 0, 0, 5, 31.42, 2652488, 458, 0, 0
12319, 213, 32, 74, 0, 0, 13.52%, 0, 0, 5, 30.44, 2653301, 458, 0, 0
12324, 213, 60, 74, 0, 0, 13.52%, 0, 0, 5, 38.92, 2654108, 458, 0, 0
12329, 213, 4, 74, 0, 0, 13.52%, 0, 0, 5, 324.39, 2654768, 458, 0, 0
12334, 213, 60, 74, 0, 0, 13.52%, 0, 0, 5, 322.20, 2655304, 458, 0, 0
12340, 213, 40, 74, 0, 0, 13.52%, 0, 0, 5, 30.78, 2655884, 458, 0, 0
12345, 213, 25, 74, 0, 0, 13.52%, 0, 0, 5, 31.21, 2656647, 458, 0, 0
12350, 214, 60, 74, 0, 0, 13.52%, 0, 0, 5, 31.10, 2657401, 458, 0, 0
12355, 214, 73, 74, 0, 0, 13.52%, 0, 0, 5, 31.10, 2658190, 458, 0, 0
12360, 214, 32, 74, 0, 0, 13.52%, 0, 0, 5, 31.06, 2659008, 458, 0, 0
12365, 214, 58, 74, 0, 0, 13.52%, 0, 0, 5, 296.74, 2659637, 458, 0, 0
12370, 214, 21, 74, 0, 0, 13.52%, 0, 0, 5, 248.54, 2660186, 458, 0, 0
12375, 214, 60, 74, 0, 0, 13.52%, 0, 0, 5, 298.51, 2660805, 458, 0, 0
12380, 214, 25, 74, 0, 0, 13.52%, 0, 0, 5, 31.28, 2661551, 458, 0, 0
12386, 214, 60, 74, 0, 0, 13.52%, 0, 0, 5, 47.67, 2662369, 458, 0, 0
12391, 214, 73, 74, 0, 0, 13.52%, 0, 0, 5, 323.83, 2663210, 458, 0, 0
12396, 214, 73, 74, 0, 0, 13.52%, 0, 0, 5, 323.40, 2663594, 458, 0, 0
12401, 214, 60, 74, 0, 0, 13.52%, 0, 0, 5, 33.97, 2664248, 458, 0, 0
12406, 214, 32, 74, 0, 0, 13.52%, 0, 0, 5, 30.59, 2665114, 458, 0, 0
12411, 214, 72, 74, 0, 0, 13.52%, 0, 0, 5, 298.96, 2666032, 458, 0, 0
12416, 215, 73, 74, 0, 0, 13.52%, 0, 0, 5, 317.64, 2667690, 458, 0, 0
12422, 215, 60, 74, 0, 0, 13.52%, 0, 0, 5, 318.73, 2669350, 458, 0, 0
12427, 215, 73, 74, 0, 0, 13.52%, 0, 0, 5, 311.02, 2670914, 458, 0, 0
12432, 215, 73, 74, 0, 0, 13.52%, 0, 0, 5, 284.69, 2672302, 458, 0, 0
12437, 215, 73, 74, 0, 0, 13.52%, 0, 0, 5, 263.28, 2673652, 458, 0, 0
12442, 215, 60, 74, 0, 0, 13.52%, 0, 0, 5, 286.55, 2675077, 458, 0, 0
12447, 215, 43, 74, 0, 0, 13.52%, 0, 0, 5, 296.89, 2676622, 458, 0, 0
12452, 215, 18, 74, 0, 0, 13.52%, 0, 0, 5, 297.48, 2678147, 458, 0, 0
12457, 215, 73, 74, 0, 0, 13.52%, 0, 0, 5, 298.85, 2679697, 458, 0, 0
12462, 215, 73, 74, 0, 0, 13.52%, 0, 0, 5, 270.18, 2681012, 458, 0, 0
12467, 215, 28, 74, 0, 0, 13.52%, 0, 0, 5, 251.51, 2682286, 458, 0, 0
12472, 216, 27, 74, 0, 0, 13.52%, 0, 0, 5, 299.11, 2683847, 458, 0, 0
12478, 216, 53, 74, 0, 0, 13.52%, 0, 0, 5, 305.09, 2685392, 458, 0, 0
12483, 216, 7, 74, 0, 0, 13.52%, 0, 0, 5, 305.71, 2686944, 458, 0, 0
12488, 216, 40, 74, 0, 0, 13.52%, 0, 0, 5, 292.86, 2688457, 458, 0, 0
12493, 216, 27, 74, 0, 0, 13.52%, 0, 0, 5, 294.57, 2689917, 458, 0, 0
12498, 216, 73, 74, 0, 0, 13.52%, 0, 0, 5, 312.48, 2691551, 458, 0, 0
12503, 216, 32, 74, 0, 0, 13.52%, 0, 0, 5, 313.53, 2693131, 458, 0, 0
12508, 216, 28, 74, 0, 0, 13.52%, 0, 0, 5, 316.23, 2694773, 458, 0, 0
12513, 216, 4, 74, 0, 0, 13.52%, 0, 0, 5, 301.64, 2696301, 458, 0, 0
12519, 217, 18, 74, 0, 0, 13.52%, 0, 0, 5, 314.57, 2697949, 458, 0, 0
12524, 217, 27, 74, 0, 0, 13.52%, 0, 0, 5, 312.74, 2699519, 458, 0, 0
12529, 217, 28, 74, 0, 0, 13.52%, 0, 0, 5, 313.63, 2701137, 458, 0, 0
12534, 217, 73, 74, 0, 0, 13.52%, 0, 0, 5, 299.66, 2702667, 458, 0, 0
12539, 217, 31, 74, 0, 0, 13.52%, 0, 0, 5, 311.99, 2704301, 458, 0, 0
12544, 217, 28, 74, 0, 0, 13.52%, 0, 0, 5, 315.24, 2705937, 458, 0, 0
12550, 218, 73, 74, 0, 0, 13.52%, 0, 0, 5, 312.87, 2707561, 458, 0, 0
12555, 218, 73, 74, 0, 0, 13.52%, 0, 0, 5, 296.46, 2709087, 458, 0, 0
12560, 218, 73, 74, 0, 0, 13.52%, 0, 0, 5, 313.84, 2710723, 458, 0, 0
12565, 218, 2, 74, 0, 0, 13.52%, 0, 0, 5, 315.57, 2712367, 458, 0, 0
12570, 218, 43, 74, 0, 0, 13.52%, 0, 0, 5, 317.21, 2714019, 458, 0, 0
12575, 218, 73, 74, 0, 0, 13.52%, 0, 0, 5, 295.34, 2715492, 458, 0, 0
12581, 218, 37, 74, 0, 0, 13.52%, 0, 0, 5, 311.21, 2717131, 458, 0, 0
12586, 218, 43, 74, 0, 0, 13.52%, 0, 0, 5, 311.83, 2718707, 458, 0, 0
12591, 218, 27, 74, 0, 0, 13.52%, 0, 0, 5, 313.15, 2720283, 458, 0, 0
12596, 219, 32, 74, 0, 0, 13.52%, 0, 0, 5, 289.44, 2721812, 458, 0, 0
12601, 219, 60, 74, 0, 0, 13.52%, 0, 0, 5, 311.26, 2723457, 458, 0, 0
12606, 219, 73, 74, 0, 0, 13.52%, 0, 0, 5, 313.09, 2725029, 458, 0, 0
12611, 219, 73, 74, 0, 0, 13.52%, 0, 0, 5, 313.94, 2726609, 458, 0, 0
12616, 219, 73, 74, 0, 0, 13.52%, 0, 0, 5, 292.49, 2728122, 458, 0, 0
12621, 219, 73, 74, 0, 0, 13.52%, 0, 0, 5, 308.54, 2729719, 458, 0, 0
12626, 219, 73, 74, 0, 0, 13.52%, 0, 0, 5, 313.55, 2731295, 458, 0, 0
12631, 219, 27, 74, 0, 0, 13.52%, 0, 0, 5, 313.86, 2732883, 458, 0, 0
12636, 219, 27, 74, 0, 0, 13.52%, 0, 0, 5, 314.22, 2734513, 458, 0, 0
12642, 220, 18, 74, 0, 0, 13.52%, 0, 0, 5, 307.64, 2736037, 458, 0, 0
12647, 220, 4, 74, 0, 0, 13.52%, 0, 0, 5, 315.91, 2737677, 458, 0, 0
12652, 220, 60, 74, 0, 0, 13.52%, 0, 0, 5, 317.49, 2739315, 458, 0, 0
12657, 220, 25, 74, 0, 0, 13.52%, 0, 0, 5, 315.02, 2740949, 458, 0, 0
12662, 220, 24, 74, 0, 0, 13.52%, 0, 0, 5, 306.03, 2742425, 458, 0, 0
12667, 220, 73, 74, 0, 0, 13.52%, 0, 0, 5, 313.03, 2744067, 458, 0, 0
12673, 221, 25, 74, 0, 0, 13.52%, 0, 0, 5, 314.31, 2745701, 458, 0, 0
12678, 221, 73, 74, 0, 0, 13.52%, 0, 0, 5, 312.49, 2747323, 458, 0, 0
12683, 221, 32, 74, 0, 0, 13.52%, 0, 0, 5, 305.45, 2748855, 458, 0, 0
12688, 221, 60, 74, 0, 0, 13.52%, 0, 0, 5, 314.44, 2750495, 458, 0, 0
12693, 221, 60, 74, 0, 0, 13.52%, 0, 0, 5, 319.66, 2751615, 458, 0, 0
12699, 221, 72, 74, 0, 0, 13.52%, 0, 0, 5, 318.36, 2753276, 458, 0, 0
12704, 221, 73, 74, 0, 0, 13.52%, 0, 0, 5, 319.80, 2754499, 458, 0, 0
12709, 222, 18, 74, 0, 0, 13.52%, 0, 0, 5, 317.51, 2756143, 458, 0, 0
12714, 222, 73, 74, 0, 0, 13.52%, 0, 0, 5, 317.56, 2757739, 458, 0, 0
12719, 222, 72, 74, 0, 0, 13.52%, 0, 0, 5, 31.32, 2759156, 458, 0, 0
12724, 222, 26, 74, 0, 0, 13.52%, 0, 0, 5, 314.95, 2760619, 458, 0, 0
12729, 222, 73, 74, 0, 0, 13.52%, 0, 0, 5, 315.34, 2762203, 458, 0, 0
12734, 222, 73, 74, 0, 0, 13.52%, 0, 0, 5, 31.25, 2763633, 458, 0, 0
12739, 222, 26, 74, 0, 0, 13.52%, 0, 0, 5, 292.31, 2765047, 458, 0, 0
12744, 222, 60, 74, 0, 0, 13.52%, 0, 0, 5, 315.02, 2766701, 458, 0, 0
12749, 222, 32, 74, 0, 0, 13.52%, 0, 0, 5, 303.27, 2768249, 458, 0, 0
12755, 223, 73, 74, 0, 0, 13.52%, 0, 0, 5, 320.12, 2769601, 458, 0, 0
12760, 223, 27, 74, 0, 0, 13.52%, 0, 0, 5, 320.76, 2771207, 458, 0, 0
12765, 223, 73, 74, 0, 0, 13.52%, 0, 0, 5, 320.00, 2772415, 458, 0, 0
12770, 223, 73, 74, 0, 0, 13.52%, 0, 0, 5, 319.41, 2774069, 458, 0, 0
12775, 223, 73, 74, 0, 0, 13.52%, 0, 0, 5, 319.78, 2775723, 458, 0, 0
12780, 223, 73, 74, 0, 0, 13.52%, 0, 0, 5, 326.35, 2776933, 458, 0, 0
12785, 223, 37, 74, 0, 0, 13.52%, 0, 0, 5, 322.28, 2778601, 458, 0, 0
12790, 223, 60, 74, 0, 0, 13.52%, 0, 0, 5, 317.49, 2780189, 458, 0, 0
12795, 223, 73, 74, 0, 0, 13.52%, 0, 0, 5, 280.55, 2781452, 458, 0, 0
12800, 224, 72, 74, 0, 0, 13.52%, 0, 0, 5, 312.47, 2783101, 458, 0, 0
12805, 224, 18, 74, 0, 0, 13.52%, 0, 0, 5, 316.01, 2784688, 458, 0, 0
12810, 224, 19, 74, 0, 0, 13.52%, 0, 0, 5, 288.20, 2785887, 458, 0, 0
12816, 224, 73, 74, 0, 0, 13.52%, 0, 0, 5, 315.82, 2787562, 458, 0, 0
12821, 224, 73, 74, 0, 0, 13.52%, 0, 0, 5, 30.44, 2788793, 458, 0, 0
12826, 224, 71, 74, 0, 0, 13.52%, 0, 0, 5, 310.17, 2790442, 458, 0, 0
12831, 224, 73, 74, 0, 0, 13.52%, 0, 0, 5, 319.03, 2792104, 458, 0, 0
12836, 224, 27, 74, 0, 0, 13.52%, 0, 0, 5, 306.84, 2793364, 458, 0, 0
12841, 225, 73, 74, 0, 0, 13.52%, 0, 0, 5, 317.72, 2795036, 458, 0, 0
12847, 225, 73, 74, 0, 0, 13.52%, 0, 0, 5, 31.31, 2796380, 458, 0, 0
12852, 225, 73, 74, 0, 0, 13.52%, 0, 0, 5, 319.23, 2797878, 458, 0, 0
12857, 225, 73, 74, 0, 0, 13.52%, 0, 0, 5, 320.19, 2799536, 458, 0, 0
12862, 225, 4, 74, 0, 0, 13.52%, 0, 0, 5, 315.95, 2800800, 458, 0, 0
12867, 225, 4, 74, 0, 0, 13.52%, 0, 0, 5, 308.45, 2802336, 458, 0, 0
12872, 225, 25, 74, 0, 0, 13.52%, 0, 0, 5, 30.72, 2803851, 458, 0, 0
12877, 225, 43, 74, 0, 0, 13.52%, 0, 0, 5, 325.87, 2805300, 458, 0, 0
12883, 226, 73, 74, 0, 0, 13.52%, 0, 0, 5, 323.95, 2806970, 458, 0, 0
12888, 226, 29, 74, 0, 0, 13.52%, 0, 0, 5, 262.26, 2808227, 458, 0, 0
12893, 226, 28, 74, 0, 0, 13.52%, 0, 0, 5, 308.75, 2809876, 458, 0, 0
12898, 226, 73, 74, 0, 0, 13.52%, 0, 0, 5, 328.48, 2811342, 458, 0, 0
12903, 226, 73, 74, 0, 0, 13.52%, 0, 0, 5, 316.64, 2812742, 458, 0, 0
12908, 226, 25, 74, 0, 0, 13.52%, 0, 0, 5, 328.67, 2814218, 458, 0, 0
12913, 226, 73, 74, 0, 0, 13.52%, 0, 0, 5, 326.06, 2815732, 458, 0, 0
12919, 226, 60, 74, 0, 0, 13.52%, 0, 0, 5, 307.92, 2817200, 458, 0, 0
12924, 226, 18, 74, 0, 0, 13.52%, 0, 0, 5, 290.56, 2818602, 458, 0, 0
12929, 226, 60, 74, 0, 0, 13.52%, 0, 0, 5, 313.52, 2820148, 458, 0, 0
12934, 226, 60, 74, 0, 0, 13.52%, 0, 0, 5, 325.71, 2821618, 458, 0, 0
12939, 227, 60, 74, 0, 0, 13.52%, 0, 0, 5, 299.95, 2823027, 458, 0, 0
12944, 227, 28, 74, 0, 0, 13.52%, 0, 0, 5, 298.32, 2824477, 458, 0, 0
12949, 227, 8, 74, 0, 0, 13.52%, 0, 0, 5, 318.26, 2826018, 458, 0, 0
12954, 227, 2, 74, 0, 0, 13.52%, 0, 0, 5, 318.98, 2827418, 458, 0, 0
12959, 227, 73, 74, 0, 0, 13.52%, 0, 0, 5, 298.14, 2828807, 458, 0, 0
12964, 227, 73, 74, 0, 0, 13.52%, 0, 0, 5, 327.37, 2830344, 458, 0, 0
12970, 227, 73, 74, 0, 0, 13.52%, 0, 0, 5, 307.06, 2831808, 458, 0, 0
12975, 227, 28, 74, 0, 0, 13.52%, 0, 0, 5, 263.53, 2833251, 458, 0, 0
12980, 228, 2, 74, 0, 0, 13.52%, 0, 0, 5, 320.00, 2834736, 458, 0, 0
12985, 228, 60, 74, 0, 0, 13.52%, 0, 0, 5, 319.25, 2836289, 458, 0, 0
12990, 228, 60, 74, 0, 0, 13.52%, 0, 0, 5, 307.61, 2837725, 458, 0, 0
12995, 228, 73, 74, 0, 0, 13.52%, 0, 0, 5, 302.51, 2839167, 458, 0, 0
13001, 228, 60, 74, 0, 0, 13.52%, 0, 0, 5, 304.41, 2840719, 458, 0, 0
13006, 228, 18, 74, 0, 0, 13.52%, 0, 0, 5, 307.48, 2842233, 458, 0, 0
13011, 228, 11, 74, 0, 0, 13.52%, 0, 0, 5, 30.65, 2843284, 458, 0, 0
13016, 228, 44, 74, 0, 0, 13.52%, 0, 0, 5, 320.81, 2843987, 458, 0, 0
13021, 228, 43, 74, 0, 0, 13.52%, 0, 0, 5, 36.22, 2844958, 458, 0, 0
13026, 229, 25, 74, 0, 0, 13.52%, 0, 0, 5, 31.33, 2846400, 458, 0, 0
13031, 229, 11, 74, 0, 0, 13.52%, 0, 0, 5, 317.51, 2847517, 458, 0, 0
13037, 229, 73, 74, 0, 0, 13.52%, 0, 0, 5, 319.13, 2848403, 458, 0, 0
13042, 229, 60, 74, 0, 0, 13.52%, 0, 0, 5, 35.38, 2849295, 458, 0, 0
13047, 229, 73, 74, 0, 0, 13.52%, 0, 0, 5, 30.53, 2850531, 458, 0, 0
13052, 229, 73, 74, 0, 0, 13.52%, 0, 0, 5, 31.25, 2851757, 458, 0, 0
13057, 229, 73, 74, 0, 0, 13.52%, 0, 0, 5, 325.33, 2852725, 458, 0, 0
13062, 229, 2, 74, 0, 0, 13.52%, 0, 0, 5, 268.43, 2853612, 458, 0, 0
13068, 229, 2, 74, 0, 0, 13.52%, 0, 0, 5, 320.97, 2854505, 458, 0, 0
13073, 229, 73, 74, 0, 0, 13.52%, 0, 0, 5, 310.00, 2855313, 458, 0, 0
13078, 229, 73, 74, 0, 0, 13.52%, 0, 0, 5, 31.39, 2856342, 458, 0, 0
13083, 229, 73, 74, 0, 0, 13.52%, 0, 0, 5, 31.09, 2857370, 458, 0, 0
13088, 229, 73, 74, 0, 0, 13.52%, 0, 0, 5, 49.45, 2858449, 458, 0, 0
13093, 229, 73, 74, 0, 0, 13.52%, 0, 0, 5, 320.83, 2859265, 458, 0, 0
13098, 229, 34, 74, 0, 0, 13.52%, 0, 0, 5, 318.57, 2860051, 458, 0, 0
13103, 229, 29, 74, 0, 0, 13.52%, 0, 0, 5, 319.86, 2860781, 458, 0, 0
13108, 229, 37, 74, 0, 0, 13.52%, 0, 0, 5, 31.31, 2861595, 458, 0, 0
13113, 230, 73, 74, 0, 0, 13.52%, 0, 0, 5, 33.94, 2862594, 458, 0, 0
13119, 230, 32, 74, 0, 0, 13.52%, 0, 0, 5, 31.40, 2863571, 458, 0, 0
13124, 230, 73, 74, 0, 0, 13.52%, 0, 0, 5, 300.66, 2864555, 458, 0, 0
13129, 230, 54, 74, 0, 0, 13.52%, 0, 0, 5, 286.78, 2865242, 458, 0, 0
13134, 230, 73, 74, 0, 0, 13.52%, 0, 0, 5, 328.38, 2866003, 458, 0, 0
13139, 230, 60, 74, 0, 0, 13.52%, 0, 0, 5, 183.77, 2866666, 458, 0, 0
13144, 230, 32, 74, 0, 0, 13.52%, 0, 0, 5, 31.37, 2867512, 458, 0, 0
13149, 230, 73, 74, 0, 0, 13.52%, 0, 0, 5, 31.13, 2868451, 458, 0, 0
13155, 230, 43, 74, 0, 0, 13.52%, 0, 0, 5, 31.87, 2869363, 458, 0, 0
13160, 230, 73, 74, 0, 0, 13.52%, 0, 0, 5, 310.67, 2870285, 458, 0, 0
13165, 230, 54, 74, 0, 0, 13.52%, 0, 0, 5, 248.23, 2870903, 458, 0, 0
13170, 230, 32, 74, 0, 0, 13.52%, 0, 0, 5, 323.84, 2871639, 458, 0, 0
13175, 230, 43, 74, 0, 0, 13.52%, 0, 0, 5, 320.61, 2872305, 458, 0, 0
13180, 230, 73, 74, 0, 0, 13.52%, 0, 0, 5, 31.42, 2873073, 458, 0, 0
13185, 230, 26, 74, 0, 0, 13.52%, 0, 0, 5, 30.88, 2873955, 458, 0, 0
13191, 231, 27, 74, 0, 0, 13.52%, 0, 0, 5, 31.27, 2874833, 458, 0, 0
13196, 231, 2, 74, 0, 0, 13.52%, 0, 0, 5, 31.17, 2875699, 458, 0, 0
13201, 231, 25, 74, 0, 0, 13.52%, 0, 0, 5, 324.92, 2876551, 458, 0, 0
13206, 231, 73, 74, 0, 0, 13.52%, 0, 0, 5, 317.31, 2877251, 458, 0, 0
13211, 231, 27, 74, 0, 0, 13.52%, 0, 0, 5, 316.25, 2877805, 458, 0, 0
13216, 231, 73, 74, 0, 0, 13.52%, 0, 0, 5, 317.14, 2878511, 458, 0, 0
13222, 231, 73, 74, 0, 0, 13.52%, 0, 0, 5, 31.23, 2879195, 458, 0, 0
13227, 231, 26, 74, 0, 0, 13.52%, 0, 0, 5, 37.39, 2880034, 458, 0, 0
13232, 231, 32, 74, 0, 0, 13.52%, 0, 0, 5, 31.51, 2880914, 458, 0, 0
13237, 231, 18, 74, 0, 0, 13.52%, 0, 0, 5, 31.25, 2881800, 458, 0, 0
13242, 231, 28, 74, 0, 0, 13.52%, 0, 0, 5, 233.51, 2882523, 458, 0, 0
13247, 231, 73, 74, 0, 0, 13.52%, 0, 0, 5, 324.40, 2883055, 458, 0, 0
13252, 231, 11, 74, 0, 0, 13.52%, 0, 0, 5, 31.30, 2883772, 458, 0, 0
13257, 231, 73, 74, 0, 0, 13.52%, 0, 0, 5, 30.53, 2884632, 458, 0, 0
13263, 231, 25, 74, 0, 0, 13.52%, 0, 0, 5, 31.47, 2885526, 458, 0, 0
13268, 232, 4, 74, 0, 0, 13.52%, 0, 0, 5, 234.61, 2886071, 458, 0, 0
13273, 232, 17, 74, 0, 0, 13.52%, 0, 0, 5, 230.00, 2886603, 458, 0, 0
13278, 232, 18, 74, 0, 0, 13.52%, 0, 0, 5, 30.47, 2887432, 458, 0, 0
13283, 232, 66, 74, 0, 0, 13.52%, 0, 0, 5, 31.46, 2888326, 458, 0, 0
13288, 232, 32, 74, 0, 0, 13.52%, 0, 0, 5, 289.74, 2889182, 458, 0, 0
13293, 232, 34, 74, 0, 0, 13.52%, 0, 0, 5, 240.91, 2889731, 458, 0, 0
13298, 232, 73, 74, 0, 0, 13.52%, 0, 0, 5, 31.13, 2890222, 458, 0, 0
13303, 232, 73, 74, 0, 0, 13.52%, 0, 0, 5, 30.25, 2891128, 458, 0, 0
13309, 232, 60, 74, 0, 0, 13.52%, 0, 0, 5, 31.50, 2892019, 458, 0, 0
13314, 232, 73, 74, 0, 0, 13.52%, 0, 0, 5, 322.41, 2892559, 458, 0, 0
13319, 232, 73, 74, 0, 0, 13.52%, 0, 0, 5, 30.72, 2893048, 458, 0, 0
13324, 232, 73, 74, 0, 0, 13.52%, 0, 0, 5, 30.93, 2893908, 458, 0, 0
13329, 232, 43, 74, 0, 0, 13.52%, 0, 0, 5, 30.82, 2894760, 458, 0, 0
13334, 232, 73, 74, 0, 0, 13.52%, 0, 0, 5, 318.33, 2895633, 458, 0, 0
13339, 232, 73, 74, 0, 0, 13.52%, 0, 0, 5, 323.59, 2896173, 458, 0, 0
13344, 232, 73, 74, 0, 0, 13.52%, 0, 0, 5, 31.40, 2896656, 458, 0, 0
13349, 232, 28, 74, 0, 0, 13.52%, 0, 0, 5, 31.27, 2897548, 458, 0, 0
13355, 233, 73, 74, 0, 0, 13.52%, 0, 0, 5, 30.41, 2898392, 458, 0, 0
13360, 233, 73, 74, 0, 0, 13.52%, 0, 0, 5, 262.13, 2899022, 458, 0, 0
13365, 233, 61, 74, 0, 0, 13.52%, 0, 0, 5, 244.19, 2899487, 458, 0, 0
13370, 233, 73, 74, 0, 0, 13.52%, 0, 0, 5, 31.33, 2900224, 458, 0, 0
13375, 233, 11, 74, 0, 0, 13.52%, 0, 0, 5, 31.30, 2901051, 458, 0, 0
13380, 233, 73, 74, 0, 0, 13.52%, 0, 0, 5, 31.00, 2901891, 458, 0, 0
13385, 233, 43, 74, 0, 0, 13.52%, 0, 0, 5, 231.15, 2902699, 458, 0, 0
13390, 233, 4, 74, 0, 0, 13.52%, 0, 0, 5, 313.32, 2903293, 458, 0, 0
13396, 233, 73, 74, 0, 0, 13.52%, 0, 0, 5, 324.07, 2903889, 458, 0, 0
13401, 233, 27, 74, 0, 0, 13.52%, 0, 0, 5, 40.69, 2904434, 458, 0, 0
13406, 233, 60, 74, 0, 0, 13.52%, 0, 0, 5, 30.59, 2905234, 458, 0, 0
13411, 233, 73, 74, 0, 0, 13.52%, 0, 0, 5, 30.61, 2906017, 458, 0, 0
13416, 233, 73, 74, 0, 0, 13.52%, 0, 0, 5, 46.17, 2906850, 458, 0, 0
13421, 233, 73, 74, 0, 0, 13.52%, 0, 0, 5, 290.21, 2907625, 458, 0, 0
13426, 233, 11, 74, 0, 0, 13.52%, 0, 0, 5, 320.77, 2908263, 458, 0, 0
13431, 233, 25, 74, 0, 0, 13.52%, 0, 0, 5, 321.06, 2908851, 458, 0, 0
13436, 233, 11, 74, 0, 0, 13.52%, 0, 0, 5, 31.39, 2909409, 458, 0, 0
13442, 233, 73, 74, 0, 0, 13.52%, 0, 0, 5, 31.34, 2910235, 458, 0, 0
13447, 233, 4, 74, 0, 0, 13.52%, 0, 0, 5, 30.62, 2911028, 458, 0, 0
13452, 233, 73, 74, 0, 0, 13.52%, 0, 0, 5, 31.40, 2911829, 458, 0, 0
13457, 233, 73, 74, 0, 0, 13.52%, 0, 0, 5, 266.02, 2912622, 458, 0, 0
13462, 234, 73, 74, 0, 0, 13.52%, 0, 0, 5, 271.87, 2913242, 458, 0, 0
13467, 234, 73, 74, 0, 0, 13.52%, 0, 0, 5, 35.37, 2913595, 458, 0, 0
13472, 234, 73, 74, 0, 0, 13.52%, 0, 0, 5, 31.10, 2914476, 458, 0, 0
13477, 234, 27, 74, 0, 0, 13.52%, 0, 0, 5, 31.35, 2915332, 458, 0, 0
13483, 234, 73, 74, 0, 0, 13.52%, 0, 0, 5, 322.26, 2916103, 458, 0, 0
13488, 234, 73, 74, 0, 0, 13.52%, 0, 0, 5, 334.30, 2916535, 458, 0, 0
13493, 234, 4, 74, 0, 0, 13.52%, 0, 0, 5, 31.29, 2917253, 458, 0, 0
13498, 234, 73, 74, 0, 0, 13.52%, 0, 0, 5, 31.48, 2918106, 458, 0, 0
13503, 234, 73, 74, 0, 0, 13.52%, 0, 0, 5, 31.41, 2918987, 458, 0, 0
13508, 234, 66, 74, 0, 0, 13.52%, 0, 0, 5, 327.72, 2919523, 458, 0, 0
13513, 234, 26, 74, 0, 0, 13.52%, 0, 0, 5, 31.04, 2919998, 458, 0, 0
13518, 234, 73, 74, 0, 0, 13.52%, 0, 0, 5, 30.36, 2920857, 458, 0, 0
13523, 234, 18, 74, 0, 0, 13.52%, 0, 0, 5, 37.50, 2921692, 458, 0, 0
13528, 234, 28, 74, 0, 0, 13.52%, 0, 0, 5, 321.20, 2922511, 458, 0, 0
13534, 234, 18, 74, 0, 0, 13.52%, 0, 0, 5, 254.56, 2922931, 458, 0, 0
13539, 234, 73, 74, 0, 0, 13.52%, 0, 0, 5, 31.28, 2923555, 458, 0, 0
13544, 234, 73, 74, 0, 0, 13.52%, 0, 0, 5, 31.51, 2924445, 458, 0, 0
13549, 234, 32, 74, 0, 0, 13.52%, 0, 0, 5, 34.66, 2925296, 458, 0, 0
13554, 234, 73, 74, 0, 0, 13.52%, 0, 0, 5, 316.86, 2925991, 458, 0, 0
13559, 234, 73, 74, 0, 0, 13.52%, 0, 0, 5, 286.93, 2926472, 458, 0, 0
13564, 234, 4, 74, 0, 0, 13.52%, 0, 0, 5, 31.44, 2927138, 458, 0, 0
13569, 235, 32, 74, 0, 0, 13.52%, 0, 0, 5, 31.46, 2927955, 458, 0, 0
13574, 235, 60, 74, 0, 0, 13.52%, 0, 0, 5, 31.25, 2928806, 458, 0, 0
13580, 235, 25, 74, 0, 0, 13.52%, 0, 0, 5, 320.97, 2929526, 458, 0, 0
13585, 235, 73, 74, 0, 0, 13.52%, 0, 0, 5, 330.34, 2930055, 458, 0, 0
13590, 235, 60, 74, 0, 0, 13.52%, 0, 0, 5, 34.89, 2930634, 458, 0, 0
13595, 235, 73, 74, 0, 0, 13.52%, 0, 0, 5, 30.98, 2931484, 458, 0, 0
13600, 235, 13, 74, 0, 0, 13.52%, 0, 0, 5, 43.06, 2932310, 458, 0, 0
13605, 235, 73, 74, 0, 0, 13.52%, 0, 0, 5, 41.90, 2933124, 458, 0, 0
13610, 235, 60, 74, 0, 0, 13.52%, 0, 0, 5, 284.04, 2933802, 458, 0, 0
13615, 235, 25, 74, 0, 0, 13.52%, 0, 0, 5, 316.05, 2934351, 458, 0, 0
13621, 235, 43, 74, 0, 0, 13.52%, 0, 0, 5, 31.40, 2934909, 458, 0, 0
13626, 235, 27, 74, 0, 0, 13.52%, 0, 0, 5, 31.24, 2935732, 458, 0, 0
13631, 235, 73, 74, 0, 0, 13.52%, 0, 0, 5, 31.10, 2936525, 458, 0, 0
13636, 235, 25, 74, 0, 0, 13.52%, 0, 0, 5, 31.15, 2937349, 458, 0, 0
13641, 235, 2, 74, 0, 0, 13.52%, 0, 0, 5, 318.47, 2938123, 458, 0, 0
13646, 235, 73, 74, 0, 0, 13.52%, 0, 0, 5, 214.33, 2938647, 458, 0, 0
13651, 235, 43, 74, 0, 0, 13.52%, 0, 0, 5, 318.41, 2939192, 458, 0, 0
13656, 236, 73, 74, 0, 0, 13.52%, 0, 0, 5, 31.20, 2939943, 458, 0, 0
13661, 236, 18, 74, 0, 0, 13.52%, 0, 0, 5, 31.23, 2940761, 458, 0, 0
13666, 236, 73, 74, 0, 0, 13.52%, 0, 0, 5, 31.04, 2941570, 458, 0, 0
13671, 236, 27, 74, 0, 0, 13.52%, 0, 0, 5, 31.14, 2942372, 458, 0, 0
13677, 236, 27, 74, 0, 0, 13.52%, 0, 0, 5, 323.89, 2943133, 458, 0, 0
13682, 236, 28, 74, 0, 0, 13.52%, 0, 0, 5, 322.73, 2943693, 458, 0, 0
13687, 236, 48, 74, 0, 0, 13.52%, 0, 0, 5, 31.86, 2944158, 458, 0, 0
13692, 236, 73, 74, 0, 0, 13.52%, 0, 0, 5, 30.90, 2945089, 458, 0, 0
13697, 236, 28, 74, 0, 0, 13.52%, 0, 0, 5, 31.41, 2946004, 458, 0, 0
13702, 236, 28, 74, 0, 0, 13.52%, 0, 0, 5, 238.95, 2946606, 458, 0, 0
13707, 236, 18, 74, 0, 0, 13.52%, 0, 0, 5, 30.99, 2947064, 458, 0, 0
13712, 236, 60, 74, 0, 0, 13.52%, 0, 0, 5, 31.40, 2947936, 458, 0, 0
13717, 236, 29, 74, 0, 0, 13.52%, 0, 0, 5, 31.27, 2948789, 458, 0, 0
13722, 236, 73, 74, 0, 0, 13.52%, 0, 0, 5, 326.58, 2949632, 458, 0, 0
13728, 236, 73, 74, 0, 0, 13.52%, 0, 0, 5, 320.79, 2950088, 458, 0, 0
13733, 236, 54, 74, 0, 0, 13.52%, 0, 0, 5, 40.76, 2950684, 458, 0, 0
13738, 237, 73, 74, 0, 0, 13.52%, 0, 0, 5, 40.39, 2951569, 458, 0, 0
13743, 237, 73, 74, 0, 0, 13.52%, 0, 0, 5, 30.87, 2952415, 458, 0, 0
13748, 237, 28, 74, 0, 0, 13.52%, 0, 0, 5, 261.14, 2953032, 458, 0, 0
13753, 237, 2, 74, 0, 0, 13.52%, 0, 0, 5, 325.00, 2953496, 458, 0, 0
13758, 237, 32, 74, 0, 0, 13.52%, 0, 0, 5, 31.56, 2954257, 458, 0, 0
13763, 237, 73, 74, 0, 0, 13.52%, 0, 0, 5, 31.27, 2955144, 458, 0, 0
13768, 237, 25, 74, 0, 0, 13.52%, 0, 0, 5, 31.09, 2955980, 458, 0, 0
13773, 237, 73, 74, 0, 0, 13.52%, 0, 0, 5, 320.63, 2956624, 458, 0, 0
13779, 237, 73, 74, 0, 0, 13.52%, 0, 0, 5, 333.90, 2957140, 458, 0, 0
13784, 237, 18, 74, 0, 0, 13.52%, 0, 0, 5, 30.66, 2957769, 458, 0, 0
13789, 237, 61, 74, 0, 0, 13.52%, 0, 0, 5, 30.38, 2958609, 458, 0, 0
13794, 237, 53, 74, 0, 0, 13.52%, 0, 0, 5, 31.15, 2959432, 458, 0, 0
13799, 237, 54, 74, 0, 0, 13.52%, 0, 0, 5, 326.23, 2959920, 458, 0, 0
13804, 237, 4, 74, 0, 0, 13.52%, 0, 0, 5, 34.78, 2960450, 458, 0, 0
13809, 237, 66, 74, 0, 0, 13.52%, 0, 0, 5, 30.33, 2961292, 458, 0, 0
13814, 237, 73, 74, 0, 0, 13.52%, 0, 0, 5, 31.16, 2962117, 458, 0, 0
13819, 238, 60, 74, 0, 0, 13.52%, 0, 0, 5, 30.46, 2962939, 458, 0, 0
13824, 238, 73, 74, 0, 0, 13.52%, 0, 0, 5, 301.64, 2963571, 458, 0, 0
13830, 238, 27, 74, 0, 0, 13.52%, 0, 0, 5, 219.69, 2964113, 458, 0, 0
13835, 238, 27, 74, 0, 0, 13.52%, 0, 0, 5, 31.42, 2964686, 458, 0, 0
13840, 238, 73, 74, 0, 0, 13.52%, 0, 0, 5, 32.58, 2965470, 458, 0, 0
13845, 238, 60, 74, 0, 0, 13.52%, 0, 0, 5, 31.31, 2966262, 458, 0, 0
13850, 238, 73, 74, 0, 0, 13.52%, 0, 0, 5, 46.09, 2967068, 458, 0, 0
13855, 238, 22, 74, 0, 0, 13.52%, 0, 0, 5, 270.68, 2967857, 458, 0, 0
13860, 238, 73, 74, 0, 0, 13.52%, 0, 0, 5, 254.75, 2968367, 458, 0, 0
13865, 238, 73, 74, 0, 0, 13.52%, 0, 0, 5, 30.93, 2968846, 458, 0, 0
13870, 238, 67, 74, 0, 0, 13.52%, 0, 0, 5, 31.19, 2969681, 458, 0, 0
13876, 238, 73, 74, 0, 0, 13.52%, 0, 0, 5, 51.77, 2970452, 458, 0, 0
13881, 238, 26, 74, 0, 0, 13.52%, 0, 0, 5, 31.49, 2971232, 458, 0, 0
13886, 238, 60, 74, 0, 0, 13.52%, 0, 0, 5, 251.71, 2972021, 458, 0, 0
13891, 238, 32, 74, 0, 0, 13.52%, 0, 0, 5, 245.22, 2972581, 458, 0, 0
13896, 238, 73, 74, 0, 0, 13.52%, 0, 0, 5, 329.44, 2973163, 458, 0, 0
13901, 238, 43, 74, 0, 0, 13.52%, 0, 0, 5, 30.90, 2973781, 458, 0, 0
13906, 238, 9, 74, 0, 0, 13.52%, 0, 0, 5, 31.46, 2974560, 458, 0, 0
13911, 238, 73, 74, 0, 0, 13.52%, 0, 0, 5, 30.54, 2975382, 458, 0, 0
13917, 239, 66, 74, 0, 0, 13.52%, 0, 0, 5, 36.75, 2976151, 458, 0, 0
13922, 239, 73, 74, 0, 0, 13.52%, 0, 0, 5, 230.17, 2976813, 458, 0, 0
13927, 239, 73, 74, 0, 0, 13.52%, 0, 0, 5, 302.69, 2978481, 458, 0, 0
13932, 239, 18, 74, 0, 0, 13.52%, 0, 0, 5, 315.71, 2980125, 458, 0, 0
13937, 239, 73, 74, 0, 0, 13.52%, 0, 0, 5, 311.89, 2981693, 458, 0, 0
13942, 239, 60, 74, 0, 0, 13.52%, 0, 0, 5, 282.51, 2983132, 458, 0, 0
13947, 239, 32, 74, 0, 0, 13.52%, 0, 0, 5, 293.38, 2984582, 458, 0, 0
13952, 239, 73, 74, 0, 0, 13.52%, 0, 0, 5, 300.00, 2986097, 458, 0, 0
13957, 239, 73, 74, 0, 0, 13.52%, 0, 0, 5, 298.03, 2987627, 458, 0, 0
13963, 239, 73, 74, 0, 0, 13.52%, 0, 0, 5, 299.68, 2989182, 458, 0, 0
13968, 240, 73, 74, 0, 0, 13.52%, 0, 0, 5, 259.07, 2990442, 458, 0, 0
13973, 240, 73, 74, 0, 0, 13.52%, 0, 0, 5, 292.48, 2991947, 458, 0, 0
13978, 240, 71, 74, 0, 0, 13.52%, 0, 0, 5, 298.17, 2993462, 458, 0, 0
13983, 240, 53, 74, 0, 0, 13.52%, 0, 0, 5, 300.70, 2994976, 458, 0, 0
13988, 240, 43, 74, 0, 0, 13.52%, 0, 0, 5, 305.33, 2996525, 458, 0, 0
13993, 240, 2, 74, 0, 0, 13.52%, 0, 0, 5, 255.22, 2997792, 458, 0, 0
13998, 240, 71, 74, 0, 0, 13.52%, 0, 0, 5, 299.97, 2999402, 458, 0, 0
14003, 240, 73, 74, 0, 0, 13.52%, 0, 0, 5, 311.83, 3000977, 458, 0, 0
14008, 240, 73, 74, 0, 0, 13.52%, 0, 0, 5, 314.46, 3002553, 458, 0, 0
14013, 241, 43, 74, 0, 0, 13.52%, 0, 0, 5, 305.63, 3004155, 458, 0, 0
14019, 241, 27, 74, 0, 0, 13.52%, 0, 0, 5, 307.24, 3005701, 458, 0, 0
14024, 241, 73, 74, 0, 0, 13.52%, 0, 0, 5, 315.15, 3007334, 458, 0, 0
14029, 241, 18, 74, 0, 0, 13.52%, 0, 0, 5, 314.39, 3008970, 458, 0, 0
14034, 241, 60, 74, 0, 0, 13.52%, 0, 0, 5, 315.01, 3010600, 458, 0, 0
14039, 241, 73, 74, 0, 0, 13.52%, 0, 0, 5, 310.65, 3012146, 458, 0, 0
14044, 241, 73, 74, 0, 0, 13.52%, 0, 0, 5, 314.54, 3013778, 458, 0, 0
14050, 242, 26, 74, 0, 0, 13.52%, 0, 0, 5, 315.15, 3015418, 458, 0, 0
14055, 242, 73, 74, 0, 0, 13.52%, 0, 0, 5, 313.39, 3017046, 458, 0, 0
14060, 242, 73, 74, 0, 0, 13.52%, 0, 0, 5, 307.01, 3018566, 458, 0, 0
14065, 242, 73, 74, 0, 0, 13.52%, 0, 0, 5, 312.95, 3020203, 458, 0, 0
14070, 242, 26, 74, 0, 0, 13.52%, 0, 0, 5, 312.79, 3021775, 458, 0, 0
14075, 242, 73, 74, 0, 0, 13.52%, 0, 0, 5, 314.70, 3023359, 458, 0, 0
14080, 242, 11, 74, 0, 0, 13.52%, 0, 0, 5, 304.23, 3024869, 458, 0, 0
14086, 243, 58, 74, 0, 0, 13.52%, 0, 0, 5, 313.36, 3026511, 458, 0, 0
14091, 243, 60, 74, 0, 0, 13.52%, 0, 0, 5, 316.12, 3028093, 458, 0, 0
14096, 243, 28, 74, 0, 0, 13.52%, 0, 0, 5, 314.85, 3029733, 458, 0, 0
14101, 243, 73, 74, 0, 0, 13.52%, 0, 0, 5, 303.30, 3031257, 458, 0, 0
14106, 243, 60, 74, 0, 0, 13.52%, 0, 0, 5, 315.62, 3032905, 458, 0, 0
14111, 243, 43, 74, 0, 0, 13.52%, 0, 0, 5, 314.03, 3034545, 458, 0, 0
14116, 243, 60, 74, 0, 0, 13.52%, 0, 0, 5, 314.54, 3036187, 458, 0, 0
14122, 243, 73, 74, 0, 0, 13.52%, 0, 0, 5, 300.29, 3037697, 458, 0, 0
14127, 243, 2, 74, 0, 0, 13.52%, 0, 0, 5, 313.01, 3039345, 458, 0, 0
14132, 244, 60, 74, 0, 0, 13.52%, 0, 0, 5, 315.72, 3040977, 458, 0, 0
14137, 244, 73, 74, 0, 0, 13.52%, 0, 0, 5, 313.78, 3042559, 458, 0, 0
14142, 244, 73, 74, 0, 0, 13.52%, 0, 0, 5, 301.76, 3044087, 458, 0, 0
14147, 244, 28, 74, 0, 0, 13.52%, 0, 0, 5, 316.45, 3045693, 458, 0, 0
14152, 244, 73, 74, 0, 0, 13.52%, 0, 0, 5, 316.47, 3047329, 458, 0, 0
14158, 244, 25, 74, 0, 0, 13.52%, 0, 0, 5, 318.18, 3048981, 458, 0, 0
14163, 244, 30, 74, 0, 0, 13.52%, 0, 0, 5, 298.94, 3050507, 458, 0, 0
14168, 244, 25, 74, 0, 0, 13.52%, 0, 0, 5, 312.38, 3052139, 458, 0, 0
14173, 245, 25, 74, 0, 0, 13.52%, 0, 0, 5, 314.69, 3053717, 458, 0, 0
14178, 245, 73, 74, 0, 0, 13.52%, 0, 0, 5, 315.64, 3055297, 458, 0, 0
14183, 245, 28, 74, 0, 0, 13.52%, 0, 0, 5, 293.20, 3056822, 458, 0, 0
14188, 245, 73, 74, 0, 0, 13.52%, 0, 0, 5, 313.16, 3058465, 458, 0, 0
14193, 245, 60, 74, 0, 0, 13.52%, 0, 0, 5, 314.97, 3060093, 458, 0, 0
14199, 245, 73, 74, 0, 0, 13.52%, 0, 0, 5, 288.77, 3061577, 458, 0, 0
14204, 245, 60, 74, 0, 0, 13.52%, 0, 0, 5, 321.21, 3063095, 458, 0, 0
14209, 245, 53, 74, 0, 0, 13.52%, 0, 0, 5, 294.86, 3064512, 458, 0, 0
14214, 246, 73, 74, 0, 0, 13.52%, 0, 0, 5, 313.66, 3066159, 458, 0, 0
14219, 246, 73, 74, 0, 0, 13.52%, 0, 0, 5, 323.30, 3067625, 458, 0, 0
14224, 246, 73, 74, 0, 0, 13.52%, 0, 0, 5, 322.74, 3069153, 458, 0, 0
14229, 246, 73, 74, 0, 0, 13.52%, 0, 0, 5, 302.48, 3070585, 458, 0, 0
14234, 246, 73, 74, 0, 0, 13.52%, 0, 0, 5, 303.92, 3072099, 458, 0, 0
14239, 246, 60, 74, 0, 0, 13.52%, 0, 0, 5, 308.93, 3073605, 458, 0, 0
14244, 246, 28, 74, 0, 0, 13.52%, 0, 0, 5, 331.68, 3075024, 458, 0, 0
14250, 246, 73, 74, 0, 0, 13.52%, 0, 0, 5, 318.50, 3076577, 458, 0, 0
14255, 246, 73, 74, 0, 0, 13.52%, 0, 0, 5, 313.69, 3078133, 458, 0, 0
14260, 246, 73, 74, 0, 0, 13.52%, 0, 0, 5, 34.68, 3079529, 458, 0, 0
14265, 246, 73, 74, 0, 0, 13.52%, 0, 0, 5, 332.89, 3081011, 458, 0, 0
14270, 246, 60, 74, 0, 0, 13.52%, 0, 0, 5, 313.39, 3082483, 458, 0, 0
14275, 246, 11, 74, 0, 0, 13.52%, 0, 0, 5, 310.29, 3084056, 458, 0, 0
14280, 247, 73, 74, 0, 0, 13.52%, 0, 0, 5, 324.36, 3085508, 458, 0, 0
14285, 247, 73, 74, 0, 0, 13.52%, 0, 0, 5, 322.00, 3087026, 458, 0, 0
14290, 247, 41, 74, 0, 0, 13.52%, 0, 0, 5, 303.98, 3088486, 458, 0, 0
14295, 247, 15, 74, 0, 0, 13.52%, 0, 0, 5, 303.57, 3090020, 458, 0, 0
14300, 247, 54, 74, 0, 0, 13.52%, 0, 0, 5, 284.83, 3091427, 458, 0, 0
14305, 247, 25, 74, 0, 0, 13.52%, 0, 0, 5, 286.94, 3092867, 458, 0, 0
14310, 247, 73, 74, 0, 0, 13.52%, 0, 0, 5, 324.29, 3094368, 458, 0, 0
14316, 247, 72, 74, 0, 0, 13.52%, 0, 0, 5, 320.01, 3095838, 458, 0, 0
14321, 247, 28, 74, 0, 0, 13.52%, 0, 0, 5, 309.52, 3097362, 458, 0, 0
14326, 248, 28, 74, 0, 0, 13.52%, 0, 0, 5, 293.69, 3098757, 458, 0, 0
14331, 248, 73, 74, 0, 0, 13.52%, 0, 0, 5, 295.58, 3100297, 458, 0, 0
14336, 248, 26, 74, 0, 0, 13.52%, 0, 0, 5, 297.60, 3101701, 458, 0, 0
14341, 248, 27, 74, 0, 0, 13.52%, 0, 0, 5, 302.72, 3103244, 458, 0, 0
14346, 248, 27, 74, 0, 0, 13.52%, 0, 0, 5, 327.96, 3104808, 458, 0, 0
14351, 248, 60, 74, 0, 0, 13.52%, 0, 0, 5, 290.59, 3106208, 458, 0, 0
14356, 248, 73, 74, 0, 0, 13.52%, 0, 0, 5, 306.09, 3107756, 458, 0, 0
14361, 248, 73, 74, 0, 0, 13.52%, 0, 0, 5, 295.13, 3109187, 458, 0, 0
14367, 248, 60, 74, 0, 0, 13.52%, 0, 0, 5, 304.73, 3110626, 458, 0, 0
14372, 249, 4, 74, 0, 0, 13.52%, 0, 0, 5, 318.01, 3112238, 458, 0, 0
14377, 249, 73, 74, 0, 0, 13.52%, 0, 0, 5, 323.21, 3113642, 458, 0, 0
14382, 249, 73, 74, 0, 0, 13.52%, 0, 0, 5, 315.56, 3115042, 458, 0, 0
14387, 249, 60, 74, 0, 0, 13.52%, 0, 0, 5, 300.87, 3116500, 458, 0, 0
14392, 249, 1, 74, 0, 0, 13.52%, 0, 0, 5, 301.85, 3118020, 458, 0, 0
14397, 249, 66, 74, 0, 0, 13.52%, 0, 0, 5, 301.35, 3119437, 458, 0, 0
14402, 249, 4, 74, 0, 0, 13.52%, 0, 0, 5, 313.80, 3121092, 458, 0, 0
14407, 249, 58, 74, 0, 0, 13.52%, 0, 0, 5, 286.37, 3122527, 458, 0, 0
14412, 249, 73, 74, 0, 0, 13.52%, 0, 0, 5, 291.29, 3123937, 458, 0, 0
14417, 249, 73, 74, 0, 0, 13.52%, 0, 0, 5, 44.94, 3125350, 458, 0, 0
14422, 250, 73, 74, 0, 0, 13.52%, 0, 0, 5, 328.99, 3126904, 458, 0, 0
14428, 250, 32, 74, 0, 0, 13.52%, 0, 0, 5, 315.41, 3128462, 458, 0, 0
14433, 250, 73, 74, 0, 0, 13.52%, 0, 0, 5, 52.48, 3129888, 458, 0, 0
14438, 250, 73, 74, 0, 0, 13.52%, 0, 0, 5, 324.24, 3131416, 458, 0, 0
14443, 250, 73, 74, 0, 0, 13.52%, 0, 0, 5, 319.05, 3132852, 458, 0, 0
14448, 250, 2, 74, 0, 0, 13.52%, 0, 0, 5, 323.63, 3134386, 458, 0, 0
14453, 250, 19, 74, 0, 0, 13.52%, 0, 0, 5, 325.98, 3135844, 458, 0, 0
14458, 250, 60, 74, 0, 0, 13.52%, 0, 0, 5, 311.41, 3137394, 458, 0, 0
14463, 250, 60, 74, 0, 0, 13.52%, 0, 0, 5, 330.60, 3138828, 458, 0, 0
14469, 251, 73, 74, 0, 0, 13.52%, 0, 0, 5, 328.27, 3140418, 458, 0, 0
14474, 251, 25, 74, 0, 0, 13.52%, 0, 0, 5, 319.57, 3141838, 458, 0, 0
14479, 251, 61, 74, 0, 0, 13.52%, 0, 0, 5, 313.43, 3143283, 458, 0, 0
14484, 251, 28, 74, 0, 0, 13.52%, 0, 0, 5, 319.88, 3144826, 458, 0, 0
14489, 251, 32, 74, 0, 0, 13.52%, 0, 0, 5, 303.53, 3146238, 458, 0, 0
14494, 251, 73, 74, 0, 0, 13.52%, 0, 0, 5, 293.60, 3147752, 458, 0, 0
14499, 251, 60, 74, 0, 0, 13.52%, 0, 0, 5, 313.18, 3149194, 458, 0, 0
14504, 251, 73, 74, 0, 0, 13.52%, 0, 0, 5, 299.29, 3150637, 458, 0, 0
14509, 251, 60, 74, 0, 0, 13.52%, 0, 0, 5, 31.53, 3151444, 458, 0, 0
14514, 251, 73, 74, 0, 0, 13.52%, 0, 0, 5, 31.43, 3152349, 458, 0, 0
14519, 251, 60, 74, 0, 0, 13.52%, 0, 0, 5, 324.73, 3153726, 458, 0, 0
14524, 252, 73, 74, 0, 0, 13.52%, 0, 0, 5, 260.72, 3154627, 458, 0, 0
14530, 252, 18, 74, 0, 0, 13.52%, 0, 0, 5, 328.48, 3155526, 458, 0, 0
14535, 252, 73, 74, 0, 0, 13.52%, 0, 0, 5, 31.18, 3156706, 458, 0, 0
14540, 252, 40, 74, 0, 0, 13.52%, 0, 0, 5, 31.15, 3157983, 458, 0, 0
14545, 252, 73, 74, 0, 0, 13.52%, 0, 0, 5, 259.21, 3158992, 458, 0, 0
14550, 252, 40, 74, 0, 0, 13.52%, 0, 0, 5, 322.34, 3159861, 458, 0, 0
14555, 252, 73, 74, 0, 0, 13.52%, 0, 0, 5, 272.39, 3160787, 458, 0, 0
14560, 252, 73, 74, 0, 0, 13.52%, 0, 0, 5, 30.94, 3161662, 458, 0, 0
14566, 252, 66, 74, 0, 0, 13.52%, 0, 0, 5, 31.42, 3162789, 458, 0, 0
14571, 252, 25, 74, 0, 0, 13.52%, 0, 0, 5, 31.50, 3163837, 458, 0, 0
14576, 252, 22, 74, 0, 0, 13.52%, 0, 0, 5, 273.70, 3164876, 458, 0, 0
14581, 253, 32, 74, 0, 0, 13.52%, 0, 0, 5, 326.09, 3165667, 458, 0, 0
14586, 253, 73, 74, 0, 0, 13.52%, 0, 0, 5, 313.49, 3166411, 458, 0, 0
14591, 253, 73, 74, 0, 0, 13.52%, 0, 0, 5, 31.25, 3167160, 458, 0, 0
14596, 253, 73, 74, 0, 0, 13.52%, 0, 0, 5, 30.70, 3168158, 458, 0, 0
14601, 253, 73, 74, 0, 0, 13.52%, 0, 0, 5, 31.16, 3169213, 458, 0, 0
14607, 253, 43, 74, 0, 0, 13.52%, 0, 0, 5, 31.50, 3170207, 458, 0, 0
14612, 253, 73, 74, 0, 0, 13.52%, 0, 0, 5, 296.23, 3171137, 458, 0, 0
14617, 253, 28, 74, 0, 0, 13.52%, 0, 0, 5, 319.12, 3171883, 458, 0, 0
14622, 253, 29, 74, 0, 0, 13.52%, 0, 0, 5, 317.79, 3172495, 458, 0, 0
14627, 253, 26, 74, 0, 0, 13.52%, 0, 0, 5, 168.32, 3173272, 458, 0, 0
14632, 253, 73, 74, 0, 0, 13.52%, 0, 0, 5, 31.49, 3174179, 458, 0, 0
14637, 253, 11, 74, 0, 0, 13.52%, 0, 0, 5, 31.46, 3175111, 458, 0, 0
14642, 253, 73, 74, 0, 0, 13.52%, 0, 0, 5, 31.33, 3176039, 458, 0, 0
14647, 253, 73, 74, 0, 0, 13.52%, 0, 0, 5, 320.19, 3176913, 458, 0, 0
14652, 253, 73, 74, 0, 0, 13.52%, 0, 0, 5, 245.87, 3177573, 458, 0, 0
14657, 253, 73, 74, 0, 0, 13.52%, 0, 0, 5, 281.19, 3178232, 458, 0, 0
14663, 253, 28, 74, 0, 0, 13.52%, 0, 0, 5, 31.47, 3178923, 458, 0, 0
14668, 253, 73, 74, 0, 0, 13.52%, 0, 0, 5, 31.23, 3179830, 458, 0, 0
14673, 253, 32, 74, 0, 0, 13.52%, 0, 0, 5, 30.57, 3180682, 458, 0, 0
14678, 253, 73, 74, 0, 0, 13.52%, 0, 0, 5, 30.60, 3181543, 458, 0, 0
14683, 253, 73, 74, 0, 0, 13.52%, 0, 0, 5, 30.30, 3182432, 458, 0, 0
14688, 254, 73, 74, 0, 0, 13.52%, 0, 0, 5, 326.56, 3183133, 458, 0, 0
14693, 254, 60, 74, 0, 0, 13.52%, 0, 0, 5, 312.75, 3183855, 458, 0, 0
14699, 254, 73, 74, 0, 0, 13.52%, 0, 0, 5, 320.70, 3184461, 458, 0, 0
14704, 254, 28, 74, 0, 0, 13.52%, 0, 0, 5, 220.00, 3185078, 458, 0, 0
14709, 254, 73, 74, 0, 0, 13.52%, 0, 0, 5, 31.40, 3185869, 458, 0, 0
14714, 254, 60, 74, 0, 0, 13.52%, 0, 0, 5, 31.70, 3186702, 458, 0, 0
14719, 254, 66, 74, 0, 0, 13.52%, 0, 0, 5, 31.14, 3187557, 458, 0, 0
14724, 254, 73, 74, 0, 0, 13.52%, 0, 0, 5, 30.52, 3188390, 458, 0, 0
14729, 254, 11, 74, 0, 0, 13.52%, 0, 0, 5, 314.55, 3189195, 458, 0, 0
14734, 254, 28, 74, 0, 0, 13.52%, 0, 0, 5, 203.18, 3189670, 458, 0, 0
14739, 254, 73, 74, 0, 0, 13.52%, 0, 0, 5, 30.58, 3190250, 458, 0, 0
14745, 254, 27, 74, 0, 0, 13.52%, 0, 0, 5, 30.89, 3191168, 458, 0, 0
14750, 254, 73, 74, 0, 0, 13.52%, 0, 0, 5, 30.30, 3192103, 458, 0, 0
14755, 254, 71, 74, 0, 0, 13.52%, 0, 0, 5, 204.63, 3192583, 458, 0, 0
14760, 254, 2, 74, 0, 0, 13.52%, 0, 0, 5, 31.00, 3193163, 458, 0, 0
14765, 254, 73, 74, 0, 0, 13.52%, 0, 0, 5, 31.09, 3194073, 458, 0, 0
14770, 254, 73, 74, 0, 0, 13.52%, 0, 0, 5, 31.46, 3194979, 458, 0, 0
14775, 254, 72, 74, 0, 0, 13.52%, 0, 0, 5, 323.24, 3195567, 458, 0, 0
14780, 254, 27, 74, 0, 0, 13.52%, 0, 0, 5, 42.33, 3196043, 458, 0, 0
14785, 254, 28, 74, 0, 0, 13.52%, 0, 0, 5, 30.43, 3196920, 458, 0, 0
14791, 255, 2, 74, 0, 0, 13.52%, 0, 0, 5, 30.87, 3197748, 458, 0, 0
14796, 255, 73, 74, 0, 0, 13.52%, 0, 0, 5, 312.32, 3198639, 458, 0, 0
14801, 255, 73, 74, 0, 0, 13.52%, 0, 0, 5, 327.57, 3199107, 458, 0, 0
14806, 255, 73, 74, 0, 0, 13.52%, 0, 0, 5, 31.25, 3199686, 458, 0, 0
14811, 255, 73, 74, 0, 0, 13.52%, 0, 0, 5, 46.27, 3200584, 458, 0, 0
14816, 255, 73, 74, 0, 0, 13.52%, 0, 0, 5, 31.48, 3201472, 458, 0, 0
14822, 255, 73, 74, 0, 0, 13.52%, 0, 0, 5, 253.03, 3202157, 458, 0, 0
14827, 255, 73, 74, 0, 0, 13.52%, 0, 0, 5, 300.19, 3202607, 458, 0, 0
14832, 255, 73, 74, 0, 0, 13.52%, 0, 0, 5, 34.56, 3203371, 458, 0, 0
14837, 255, 4, 74, 0, 0, 13.52%, 0, 0, 5, 45.32, 3204201, 458, 0, 0
14842, 255, 73, 74, 0, 0, 13.52%, 0, 0, 5, 31.13, 3205049, 458, 0, 0
14847, 255, 28, 74, 0, 0, 13.52%, 0, 0, 5, 257.21, 3205672, 458, 0, 0
14852, 255, 73, 74, 0, 0, 13.52%, 0, 0, 5, 269.07, 3206187, 458, 0, 0
14858, 255, 11, 74, 0, 0, 13.52%, 0, 0, 5, 31.26, 3206913, 458, 0, 0
14863, 255, 73, 74, 0, 0, 13.52%, 0, 0, 5, 31.23, 3207760, 458, 0, 0
14868, 255, 25, 74, 0, 0, 13.52%, 0, 0, 5, 30.42, 3208626, 458, 0, 0
14873, 255, 39, 74, 0, 0, 13.52%, 0, 0, 5, 229.18, 3209333, 458, 0, 0
14878, 255, 60, 74, 0, 0, 13.52%, 0, 0, 5, 220.29, 3209861, 458, 0, 0
14883, 255, 11, 74, 0, 0, 13.52%, 0, 0, 5, 31.28, 3210426, 458, 0, 0
14888, 255, 73, 74, 0, 0, 13.52%, 0, 0, 5, 31.06, 3211288, 458, 0, 0
14893, 255, 18, 74, 0, 0, 13.52%, 0, 0, 5, 31.47, 3212105, 458, 0, 0
14899, 256, 11, 74, 0, 0, 13.52%, 0, 0, 5, 31.41, 3212948, 458, 0, 0
14904, 256, 0, 74, 0, 0, 13.52%, 0, 0, 5, 316.36, 3213670, 458, 0, 0
14909, 256, 27, 74, 0, 0, 13.52%, 0, 0, 5, 322.34, 3214224, 458, 0, 0
14914, 256, 32, 74, 0, 0, 13.52%, 0, 0, 5, 199.00, 3214750, 458, 0, 0
14919, 256, 2, 74, 0, 0, 13.52%, 0, 0, 5, 39.46, 3215516, 458, 0, 0
14924, 256, 73, 74, 0, 0, 13.52%, 0, 0, 5, 30.59, 3216343, 458, 0, 0
14929, 256, 60, 74, 0, 0, 13.52%, 0, 0, 5, 31.46, 3217148, 458, 0, 0
14934, 256, 13, 74, 0, 0, 13.52%, 0, 0, 5, 46.45, 3217984, 458, 0, 0
14939, 256, 18, 74, 0, 0, 13.52%, 0, 0, 5, 322.66, 3218630, 458, 0, 0
14944, 256, 21, 74, 0, 0, 13.52%, 0, 0, 5, 306.28, 3219188, 458, 0, 0
14950, 256, 28, 74, 0, 0, 13.52%, 0, 0, 5, 325.00, 3219829, 458, 0, 0
14955, 256, 40, 74, 0, 0, 13.52%, 0, 0, 5, 31.37, 3220583, 458, 0, 0
14960, 257, 28, 74, 0, 0, 13.52%, 0, 0, 5, 31.19, 3221386, 458, 0, 0
14965, 257, 32, 74, 0, 0, 13.52%, 0, 0, 5, 40.05, 3222186, 458, 0, 0
14970, 257, 73, 74, 0, 0, 13.52%, 0, 0, 5, 31.25, 3223078, 458, 0, 0
14975, 257, 73, 74, 0, 0, 13.52%, 0, 0, 5, 242.66, 3223684, 458, 0, 0
14980, 257, 73, 74, 0, 0, 13.52%, 0, 0, 5, 30.98, 3224149, 458, 0, 0
14985, 257, 71, 74, 0, 0, 13.52%, 0, 0, 5, 31.30, 3225068, 458, 0, 0
14991, 257, 4, 74, 0, 0, 13.52%, 0, 0, 5, 30.39, 3225926, 458, 0, 0
14996, 257, 73, 74, 0, 0, 13.52%, 0, 0, 5, 285.44, 3226682, 458, 0, 0
15001, 257, 52, 74, 0, 0, 13.52%, 0, 0, 5, 323.09, 3227106, 458, 0, 0
15006, 257, 71, 74, 0, 0, 13.52%, 0, 0, 5, 31.32, 3227865, 458, 0, 0
15011, 257, 27, 74, 0, 0, 13.52%, 0, 0, 5, 31.18, 3228730, 458, 0, 0
15016, 257, 73, 74, 0, 0, 13.52%, 0, 0, 5, 31.33, 3229600, 458, 0, 0
15021, 257, 73, 74, 0, 0, 13.52%, 0, 0, 5, 221.37, 3230208, 458, 0, 0
15026, 257, 11, 74, 0, 0, 13.52%, 0, 0, 5, 320.00, 3230688, 458, 0, 0
15032, 257, 2, 74, 0, 0, 13.52%, 0, 0, 5, 30.46, 3231500, 458, 0, 0
15037, 257, 27, 74, 0, 0, 13.52%, 0, 0, 5, 31.35, 3232365, 458, 0, 0
15042, 258, 73, 74, 0, 0, 13.52%, 0, 0, 5, 295.71, 3233242, 458, 0, 0
15047, 258, 73, 74, 0, 0, 13.52%, 0, 0, 5, 289.87, 3233692, 458, 0, 0
15052, 258, 66, 74, 0, 0, 13.52%, 0, 0, 5, 30.42, 3234242, 458, 0, 0
15057, 258, 40, 74, 0, 0, 13.52%, 0, 0, 5, 31.27, 3235118, 458, 0, 0
15062, 258, 73, 74, 0, 0, 13.52%, 0, 0, 5, 31.02, 3235975, 458, 0, 0
15068, 258, 73, 74, 0, 0, 13.52%, 0, 0, 5, 30.40, 3236792, 458, 0, 0
15073, 258, 73, 74, 0, 0, 13.52%, 0, 0, 5, 320.72, 3237444, 458, 0, 0
15078, 258, 27, 74, 0, 0, 13.52%, 0, 0, 5, 252.11, 3237932, 458, 0, 0
15083, 258, 0, 74, 0, 0, 13.52%, 0, 0, 5, 31.15, 3238606, 458, 0, 0
15088, 258, 27, 74, 0, 0, 13.52%, 0, 0, 5, 30.44, 3239443, 458, 0, 0
15093, 258, 60, 74, 0, 0, 13.52%, 0, 0, 5, 30.27, 3240262, 458, 0, 0
15098, 258, 60, 74, 0, 0, 13.52%, 0, 0, 5, 325.62, 3241053, 458, 0, 0
15103, 258, 4, 74, 0, 0, 13.52%, 0, 0, 5, 327.99, 3241575, 458, 0, 0
15108, 258, 27, 74, 0, 0, 13.52%, 0, 0, 5, 223.88, 3242106, 458, 0, 0
15113, 258, 73, 74, 0, 0, 13.52%, 0, 0, 5, 31.36, 3242889, 458, 0, 0
15118, 258, 73, 74, 0, 0, 13.52%, 0, 0, 5, 30.33, 3243729, 458, 0, 0
15124, 258, 71, 74, 0, 0, 13.52%, 0, 0, 5, 52.74, 3244559, 458, 0, 0
15129, 259, 73, 74, 0, 0, 13.52%, 0, 0, 5, 326.42, 3245341, 458, 0, 0
15134, 259, 73, 74, 0, 0, 13.52%, 0, 0, 5, 330.00, 3245869, 458, 0, 0
15139, 259, 73, 74, 0, 0, 13.52%, 0, 0, 5, 326.73, 3246406, 458, 0, 0
15144, 259, 43, 74, 0, 0, 13.52%, 0, 0, 5, 30.78, 3247159, 458, 0, 0
15149, 259, 27, 74, 0, 0, 13.52%, 0, 0, 5, 31.41, 3247994, 458, 0, 0
15154, 259, 73, 74, 0, 0, 13.52%, 0, 0, 5, 31.48, 3248792, 458, 0, 0
15159, 259, 73, 74, 0, 0, 13.52%, 0, 0, 5, 41.96, 3249614, 458, 0, 0
15164, 259, 73, 74, 0, 0, 13.52%, 0, 0, 5, 280.12, 3250297, 458, 0, 0
15170, 259, 73, 74, 0, 0, 13.52%, 0, 0, 5, 228.60, 3250915, 458, 0, 0
15175, 259, 26, 74, 0, 0, 13.52%, 0, 0, 5, 30.94, 3251404, 458, 0, 0
15180, 259, 73, 74, 0, 0, 13.52%, 0, 0, 5, 31.37, 3252244, 458, 0, 0
15185, 259, 73, 74, 0, 0, 13.52%, 0, 0, 5, 31.45, 3253033, 458, 0, 0
15190, 259, 60, 74, 0, 0, 13.52%, 0, 0, 5, 31.25, 3253842, 458, 0, 0
15195, 259, 27, 74, 0, 0, 13.52%, 0, 0, 5, 325.16, 3254433, 458, 0, 0
15200, 259, 73, 74, 0, 0, 13.52%, 0, 0, 5, 216.98, 3255007, 458, 0, 0
15205, 259, 65, 74, 0, 0, 13.52%, 0, 0, 5, 31.45, 3255655, 458, 0, 0
15210, 259, 73, 74, 0, 0, 13.52%, 0, 0, 5, 31.26, 3256511, 458, 0, 0
15215, 259, 73, 74, 0, 0, 13.52%, 0, 0, 5, 31.50, 3257379, 458, 0, 0
15220, 259, 60, 74, 0, 0, 13.52%, 0, 0, 5, 317.31, 3257977, 458, 0, 0
15226, 259, 25, 74, 0, 0, 13.52%, 0, 0, 5, 31.36, 3258384, 458, 0, 0
15231, 259, 73, 74, 0, 0, 13.52%, 0, 0, 5, 31.20, 3259272, 458, 0, 0
15236, 259, 44, 74, 0, 0, 13.52%, 0, 0, 5, 31.43, 3260129, 458, 0, 0
15241, 259, 60, 74, 0, 0, 13.52%, 0, 0, 5, 324.08, 3260795, 458, 0, 0
15246, 259, 73, 74, 0, 0, 13.52%, 0, 0, 5, 182.57, 3261244, 458, 0, 0
15251, 259, 27, 74, 0, 0, 13.52%, 0, 0, 5, 31.43, 3262010, 458, 0, 0
15256, 260, 73, 74, 0, 0, 13.52%, 0, 0, 5, 35.42, 3262857, 458, 0, 0
15262, 260, 73, 74, 0, 0, 13.52%, 0, 0, 5, 31.25, 3263727, 458, 0, 0
15267, 260, 73, 74, 0, 0, 13.52%, 0, 0, 5, 321.58, 3264311, 458, 0, 0
15272, 260, 42, 74, 0, 0, 13.52%, 0, 0, 5, 31.39, 3264763, 458, 0, 0
15277, 260, 73, 74, 0, 0, 13.52%, 0, 0, 5, 31.35, 3265627, 458, 0, 0
15282, 260, 43, 74, 0, 0, 13.52%, 0, 0, 5, 31.45, 3266487, 458, 0, 0
15287, 260, 73, 74, 0, 0, 13.52%, 0, 0, 5, 327.68, 3267067, 458, 0, 0
15292, 260, 73, 74, 0, 0, 13.52%, 0, 0, 5, 180.00, 3267552, 458, 0, 0
15297, 260, 73, 74, 0, 0, 13.52%, 0, 0, 5, 30.32, 3268396, 458, 0, 0
15303, 260, 60, 74, 0, 0, 13.52%, 0, 0, 5, 31.50, 3269230, 458, 0, 0
15308, 260, 73, 74, 0, 0, 13.52%, 0, 0, 5, 30.77, 3270089, 458, 0, 0
15313, 260, 73, 74, 0, 0, 13.52%, 0, 0, 5, 325.18, 3270611, 458, 0, 0
15318, 260, 73, 74, 0, 0, 13.52%, 0, 0, 5, 30.66, 3271096, 458, 0, 0
15323, 260, 73, 74, 0, 0, 13.52%, 0, 0, 5, 41.16, 3271952, 458, 0, 0
15328, 260, 73, 74, 0, 0, 13.52%, 0, 0, 5, 31.31, 3272773, 458, 0, 0
15334, 260, 73, 74, 0, 0, 13.52%, 0, 0, 5, 31.25, 3273597, 458, 0, 0
15339, 260, 73, 74, 0, 0, 13.52%, 0, 0, 5, 326.79, 3274247, 458, 0, 0
15344, 260, 73, 74, 0, 0, 13.52%, 0, 0, 5, 316.62, 3274751, 458, 0, 0
15349, 260, 24, 74, 0, 0, 13.52%, 0, 0, 5, 31.14, 3275429, 458, 0, 0
15354, 260, 34, 74, 0, 0, 13.52%, 0, 0, 5, 44.53, 3276265, 458, 0, 0
15359, 260, 60, 74, 0, 0, 13.52%, 0, 0, 5, 31.19, 3277043, 458, 0, 0
15364, 260, 73, 74, 0, 0, 13.52%, 0, 0, 5, 31.33, 3277873, 458, 0, 0
15370, 260, 18, 74, 0, 0, 13.52%, 0, 0, 5, 329.23, 3278581, 458, 0, 0
15375, 260, 54, 74, 0, 0, 13.52%, 0, 0, 5, 318.85, 3279123, 458, 0, 0
15380, 261, 73, 74, 0, 0, 13.52%, 0, 0, 5, 175.00, 3279654, 458, 0, 0
15385, 261, 60, 74, 0, 0, 13.52%, 0, 0, 5, 31.20, 3280428, 458, 0, 0
15390, 261, 32, 74, 0, 0, 13.52%, 0, 0, 5, 30.61, 3281211, 458, 0, 0
15395, 261, 53, 74, 0, 0, 13.52%, 0, 0, 5, 31.48, 3282001, 458, 0, 0
15400, 261, 73, 74, 0, 0, 13.52%, 0, 0, 5, 285.04, 3282877, 458, 0, 0
15405, 261, 73, 74, 0, 0, 13.52%, 0, 0, 5, 40.19, 3284372, 458, 0, 0
15410, 261, 73, 74, 0, 0, 13.52%, 0, 0, 5, 292.77, 3285887, 458, 0, 0
15415, 261, 73, 74, 0, 0, 13.52%, 0, 0, 5, 307.15, 3287463, 458, 0, 0
15421, 261, 14, 74, 0, 0, 13.52%, 0, 0, 5, 305.95, 3289017, 458, 0, 0
15426, 261, 73, 74, 0, 0, 13.52%, 0, 0, 5, 303.23, 3290551, 458, 0, 0
15431, 261, 27, 74, 0, 0, 13.52%, 0, 0, 5, 255.92, 3291772, 458, 0, 0
15436, 261, 73, 74, 0, 0, 13.52%, 0, 0, 5, 285.55, 3293202, 458, 0, 0
15441, 262, 18, 74, 0, 0, 13.52%, 0, 0, 5, 300.60, 3294787, 458, 0, 0
15446, 262, 28, 74, 0, 0, 13.52%, 0, 0, 5, 303.39, 3296323, 458, 0, 0
15451, 262, 72, 74, 0, 0, 13.52%, 0, 0, 5, 301.14, 3297851, 458, 0, 0
15456, 262, 60, 74, 0, 0, 13.52%, 0, 0, 5, 264.99, 3299167, 458, 0, 0
15461, 262, 73, 74, 0, 0, 13.52%, 0, 0, 5, 272.84, 3300552, 458, 0, 0
15466, 262, 73, 74, 0, 0, 13.52%, 0, 0, 5, 303.87, 3302119, 458, 0, 0
15471, 262, 25, 74, 0, 0, 13.52%, 0, 0, 5, 309.76, 3303699, 458, 0, 0
15476, 262, 73, 74, 0, 0, 13.52%, 0, 0, 5, 311.60, 3305315, 458, 0, 0
15481, 263, 60, 74, 0, 0, 13.52%, 0, 0, 5, 288.03, 3306767, 458, 0, 0
15487, 263, 73, 74, 0, 0, 13.52%, 0, 0, 5, 309.12, 3308393, 458, 0, 0
15492, 263, 73, 74, 0, 0, 13.52%, 0, 0, 5, 312.64, 3309971, 458, 0, 0
15497, 263, 72, 74, 0, 0, 13.52%, 0, 0, 5, 311.74, 3311545, 458, 0, 0
15502, 263, 2, 74, 0, 0, 13.52%, 0, 0, 5, 283.39, 3313002, 458, 0, 0
15507, 263, 73, 74, 0, 0, 13.52%, 0, 0, 5, 311.17, 3314645, 458, 0, 0
15512, 263, 73, 74, 0, 0, 13.52%, 0, 0, 5, 312.96, 3316217, 458, 0, 0
15517, 263, 73, 74, 0, 0, 13.52%, 0, 0, 5, 313.13, 3317791, 458, 0, 0
15522, 263, 60, 74, 0, 0, 13.52%, 0, 0, 5, 306.82, 3319345, 458, 0, 0
15527, 264, 27, 74, 0, 0, 13.52%, 0, 0, 5, 310.43, 3320899, 458, 0, 0
15532, 264, 73, 74, 0, 0, 13.52%, 0, 0, 5, 312.91, 3322474, 458, 0, 0
15537, 264, 43, 74, 0, 0, 13.52%, 0, 0, 5, 314.53, 3324114, 458, 0, 0
15542, 264, 73, 74, 0, 0, 13.52%, 0, 0, 5, 314.52, 3325696, 458, 0, 0
15547, 264, 43, 74, 0, 0, 13.52%, 0, 0, 5, 308.63, 3327186, 458, 0, 0
15553, 264, 73, 74, 0, 0, 13.52%, 0, 0, 5, 316.40, 3328832, 458, 0, 0
15558, 264, 73, 74, 0, 0, 13.52%, 0, 0, 5, 316.52, 3330416, 458, 0, 0
15563, 264, 73, 74, 0, 0, 13.52%, 0, 0, 5, 316.61, 3332068, 458, 0, 0
15568, 264, 0, 74, 0, 0, 13.52%, 0, 0, 5, 305.04, 3333598, 458, 0, 0
15573, 264, 11, 74, 0, 0, 13.52%, 0, 0, 5, 313.62, 3335238, 458, 0, 0
15578, 265, 32, 74, 0, 0, 13.52%, 0, 0, 5, 314.35, 3336814, 458, 0, 0
15583, 265, 32, 74, 0, 0, 13.52%, 0, 0, 5, 314.42, 3338402, 458, 0, 0
15588, 265, 27, 74, 0, 0, 13.52%, 0, 0, 5, 301.81, 3339920, 458, 0, 0
15594, 265, 25, 74, 0, 0, 13.52%, 0, 0, 5, 314.36, 3341568, 458, 0, 0
15599, 265, 60, 74, 0, 0, 13.52%, 0, 0, 5, 314.64, 3343198, 458, 0, 0
15604, 265, 73, 74, 0, 0, 13.52%, 0, 0, 5, 316.46, 3344846, 458, 0, 0
15609, 265, 28, 74, 0, 0, 13.52%, 0, 0, 5, 302.71, 3346368, 458, 0, 0
15614, 265, 60, 74, 0, 0, 13.52%, 0, 0, 5, 317.21, 3348026, 458, 0, 0
15619, 266, 60, 74, 0, 0, 13.52%, 0, 0, 5, 315.72, 3349610, 458, 0, 0
15625, 266, 73, 74, 0, 0, 13.52%, 0, 0, 5, 315.83, 3351244, 458, 0, 0
15630, 266, 27, 74, 0, 0, 13.52%, 0, 0, 5, 299.57, 3352777, 458, 0, 0
15635, 266, 73, 74, 0, 0, 13.52%, 0, 0, 5, 314.53, 3354424, 458, 0, 0
15640, 266, 73, 74, 0, 0, 13.52%, 0, 0, 5, 313.99, 3356056, 458, 0, 0
15645, 266, 73, 74, 0, 0, 13.52%, 0, 0, 5, 315.34, 3357700, 458, 0, 0
15650, 266, 73, 74, 0, 0, 13.52%, 0, 0, 5, 297.95, 3359232, 458, 0, 0
15656, 266, 27, 74, 0, 0, 13.52%, 0, 0, 5, 304.39, 3360792, 458, 0, 0
15661, 266, 73, 74, 0, 0, 13.52%, 0, 0, 5, 315.16, 3362388, 458, 0, 0
15666, 267, 26, 74, 0, 0, 13.52%, 0, 0, 5, 318.06, 3364038, 458, 0, 0
15671, 267, 73, 74, 0, 0, 13.52%, 0, 0, 5, 295.85, 3365517, 458, 0, 0
15676, 267, 60, 74, 0, 0, 13.52%, 0, 0, 5, 313.02, 3367164, 458, 0, 0
15681, 267, 28, 74, 0, 0, 13.52%, 0, 0, 5, 314.94, 3368792, 458, 0, 0
15686, 267, 32, 74, 0, 0, 13.52%, 0, 0, 5, 317.35, 3370398, 458, 0, 0
15691, 267, 11, 74, 0, 0, 13.52%, 0, 0, 5, 288.90, 3371867, 458, 0, 0
15696, 267, 60, 74, 0, 0, 13.52%, 0, 0, 5, 313.86, 3373520, 458, 0, 0
15702, 267, 73, 74, 0, 0, 13.52%, 0, 0, 5, 310.16, 3375134, 458, 0, 0
15707, 267, 60, 74, 0, 0, 13.52%, 0, 0, 5, 323.38, 3376651, 458, 0, 0
15712, 268, 2, 74, 0, 0, 13.52%, 0, 0, 5, 330.33, 3377798, 458, 0, 0
15717, 268, 53, 74, 0, 0, 13.52%, 0, 0, 5, 324.80, 3379468, 458, 0, 0
15722, 268, 27, 74, 0, 0, 13.52%, 0, 0, 5, 321.65, 3380768, 458, 0, 0
15727, 268, 73, 74, 0, 0, 13.52%, 0, 0, 5, 321.76, 3382428, 458, 0, 0
15732, 268, 73, 74, 0, 0, 13.52%, 0, 0, 5, 322.70, 3384084, 458, 0, 0
15738, 268, 73, 74, 0, 0, 13.52%, 0, 0, 5, 320.14, 3385690, 458, 0, 0
15743, 268, 73, 74, 0, 0, 13.52%, 0, 0, 5, 297.07, 3386947, 458, 0, 0
15748, 268, 73, 74, 0, 0, 13.52%, 0, 0, 5, 310.31, 3388520, 458, 0, 0
15753, 268, 73, 74, 0, 0, 13.52%, 0, 0, 5, 320.68, 3390180, 458, 0, 0
15758, 269, 60, 74, 0, 0, 13.52%, 0, 0, 5, 316.04, 3391420, 458, 0, 0
15763, 269, 58, 74, 0, 0, 13.52%, 0, 0, 5, 319.81, 3393070, 458, 0, 0
15768, 269, 18, 74, 0, 0, 13.52%, 0, 0, 5, 318.90, 3394714, 458, 0, 0
15773, 269, 73, 74, 0, 0, 13.52%, 0, 0, 5, 268.86, 3395947, 458, 0, 0
15778, 269, 26, 74, 0, 0, 13.52%, 0, 0, 5, 307.52, 3397589, 458, 0, 0
15784, 269, 73, 74, 0, 0, 13.52%, 0, 0, 5, 31.01, 3399036, 458, 0, 0
15789, 269, 73, 74, 0, 0, 13.52%, 0, 0, 5, 319.38, 3400525, 458, 0, 0
15794, 269, 27, 74, 0, 0, 13.52%, 0, 0, 5, 317.25, 3402101, 458, 0, 0
15799, 269, 54, 74, 0, 0, 13.52%, 0, 0, 5, 221.50, 3403393, 458, 0, 0
15804, 269, 32, 74, 0, 0, 13.52%, 0, 0, 5, 299.98, 3405047, 458, 0, 0
15809, 270, 32, 74, 0, 0, 13.52%, 0, 0, 5, 294.74, 3406412, 458, 0, 0
15814, 270, 73, 74, 0, 0, 13.52%, 0, 0, 5, 311.57, 3408003, 458, 0, 0
15819, 270, 18, 74, 0, 0, 13.52%, 0, 0, 5, 269.68, 3409397, 458, 0, 0
15825, 270, 73, 74, 0, 0, 13.52%, 0, 0, 5, 312.71, 3411065, 458, 0, 0
15830, 270, 60, 74, 0, 0, 13.52%, 0, 0, 5, 148.58, 3412499, 458, 0, 0
15835, 270, 60, 74, 0, 0, 13.52%, 0, 0, 5, 273.23, 3413997, 458, 0, 0
15840, 270, 73, 74, 0, 0, 13.52%, 0, 0, 5, 324.14, 3415433, 458, 0, 0
15845, 270, 60, 74, 0, 0, 13.52%, 0, 0, 5, 322.66, 3416827, 458, 0, 0
15850, 271, 60, 74, 0, 0, 13.52%, 0, 0, 5, 60.61, 3418285, 458, 0, 0
15855, 271, 73, 74, 0, 0, 13.52%, 0, 0, 5, 318.75, 3419769, 458, 0, 0
15860, 271, 73, 74, 0, 0, 13.52%, 0, 0, 5, 296.64, 3421187, 458, 0, 0
15865, 271, 73, 74, 0, 0, 13.52%, 0, 0, 5, 280.61, 3422627, 458, 0, 0
15870, 271, 43, 74, 0, 0, 13.52%, 0, 0, 5, 314.56, 3424283, 458, 0, 0
15875, 271, 11, 74, 0, 0, 13.52%, 0, 0, 5, 131.25, 3425677, 458, 0, 0
15880, 271, 73, 74, 0, 0, 13.52%, 0, 0, 5, 267.61, 3427197, 458, 0, 0
15886, 271, 27, 74, 0, 0, 13.52%, 0, 0, 5, 330.70, 3428673, 458, 0, 0
15891, 271, 28, 74, 0, 0, 13.52%, 0, 0, 5, 295.78, 3430067, 458, 0, 0
15896, 272, 18, 74, 0, 0, 13.52%, 0, 0, 5, 319.17, 3431613, 458, 0, 0
15901, 272, 27, 74, 0, 0, 13.52%, 0, 0, 5, 288.74, 3433076, 458, 0, 0
15906, 272, 25, 74, 0, 0, 13.52%, 0, 0, 5, 277.04, 3434532, 458, 0, 0
15911, 272, 40, 74, 0, 0, 13.52%, 0, 0, 5, 158.43, 3435955, 458, 0, 0
15916, 272, 27, 74, 0, 0, 13.52%, 0, 0, 5, 287.93, 3437597, 458, 0, 0
15921, 272, 66, 74, 0, 0, 13.52%, 0, 0, 5, 318.41, 3439001, 458, 0, 0
15927, 272, 73, 74, 0, 0, 13.52%, 0, 0, 5, 325.02, 3440543, 458, 0, 0
15932, 272, 73, 74, 0, 0, 13.52%, 0, 0, 5, 327.22, 3441967, 458, 0, 0
15937, 272, 73, 74, 0, 0, 13.52%, 0, 0, 5, 135.30, 3443447, 458, 0, 0
15942, 273, 18, 74, 0, 0, 13.52%, 0, 0, 5, 270.48, 3444976, 458, 0, 0
15947, 273, 73, 74, 0, 0, 13.52%, 0, 0, 5, 322.88, 3446493, 458, 0, 0
15952, 273, 73, 74, 0, 0, 13.52%, 0, 0, 5, 322.94, 3447929, 458, 0, 0
15957, 273, 73, 74, 0, 0, 13.52%, 0, 0, 5, 288.20, 3449457, 458, 0, 0
15962, 273, 73, 74, 0, 0, 13.52%, 0, 0, 5, 327.86, 3450861, 458, 0, 0
15968, 273, 73, 74, 0, 0, 13.52%, 0, 0, 5, 311.62, 3452415, 458, 0, 0
15973, 273, 73, 74, 0, 0, 13.52%, 0, 0, 5, 294.58, 3453897, 458, 0, 0
15978, 273, 27, 74, 0, 0, 13.52%, 0, 0, 5, 316.31, 3455425, 458, 0, 0
15983, 273, 73, 74, 0, 0, 13.52%, 0, 0, 5, 30.88, 3456059, 458, 0, 0
15988, 273, 0, 74, 0, 0, 13.52%, 0, 0, 5, 320.30, 3457189, 458, 0, 0
15993, 274, 27, 74, 0, 0, 13.52%, 0, 0, 5, 275.06, 3458192, 458, 0, 0
15998, 274, 73, 74, 0, 0, 13.52%, 0, 0, 5, 319.51, 3459215, 458, 0, 0
16003, 274, 60, 74, 0, 0, 13.52%, 0, 0, 5, 286.72, 3460202, 458, 0, 0
16009, 274, 25, 74, 0, 0, 13.52%, 0, 0, 5, 31.30, 3461266, 458, 0, 0
16014, 274, 73, 74, 0, 0, 13.52%, 0, 0, 5, 30.50, 3462377, 458, 0, 0
16019, 274, 73, 74, 0, 0, 13.52%, 0, 0, 5, 31.41, 3463506, 458, 0, 0
16024, 274, 73, 74, 0, 0, 13.52%, 0, 0, 5, 30.96, 3464637, 458, 0, 0
16029, 274, 28, 74, 0, 0, 13.52%, 0, 0, 5, 316.33, 3465576, 458, 0, 0
16034, 274, 73, 74, 0, 0, 13.52%, 0, 0, 5, 317.09, 3466433, 458, 0, 0
16039, 274, 73, 74, 0, 0, 13.52%, 0, 0, 5, 314.88, 3467219, 458, 0, 0
16044, 274, 4, 74, 0, 0, 13.52%, 0, 0, 5, 31.37, 3468118, 458, 0, 0
16050, 274, 73, 74, 0, 0, 13.52%, 0, 0, 5, 31.57, 3469180, 458, 0, 0
16055, 274, 73, 74, 0, 0, 13.52%, 0, 0, 5, 31.54, 3470231, 458, 0, 0
16060, 274, 73, 74, 0, 0, 13.52%, 0, 0, 5, 302.24, 3471261, 458, 0, 0
16065, 274, 60, 74, 0, 0, 13.52%, 0, 0, 5, 295.02, 3472072, 458, 0, 0
16070, 274, 73, 74, 0, 0, 13.52%, 0, 0, 5, 327.95, 3472827, 458, 0, 0
16075, 275, 11, 74, 0, 0, 13.52%, 0, 0, 5, 328.36, 3473527, 458, 0, 0
16081, 275, 73, 74, 0, 0, 13.52%, 0, 0, 5, 31.34, 3474429, 458, 0, 0
16086, 275, 73, 74, 0, 0, 13.52%, 0, 0, 5, 30.53, 3475416, 458, 0, 0
16091, 275, 60, 74, 0, 0, 13.52%, 0, 0, 5, 30.62, 3476386, 458, 0, 0
16096, 275, 73, 74, 0, 0, 13.52%, 0, 0, 5, 316.31, 3477329, 458, 0, 0
16101, 275, 18, 74, 0, 0, 13.52%, 0, 0, 5, 293.73, 3478087, 458, 0, 0
16106, 275, 73, 74, 0, 0, 13.52%, 0, 0, 5, 329.50, 3478711, 458, 0, 0
16111, 275, 66, 74, 0, 0, 13.52%, 0, 0, 5, 31.06, 3479409, 458, 0, 0
16116, 275, 1, 74, 0, 0, 13.52%, 0, 0, 5, 30.43, 3480351, 458, 0, 0
16122, 275, 27, 74, 0, 0, 13.52%, 0, 0, 5, 53.74, 3481289, 458, 0, 0
16127, 275, 28, 74, 0, 0, 13.52%, 0, 0, 5, 312.19, 3482201, 458, 0, 0
16132, 275, 8, 74, 0, 0, 13.52%, 0, 0, 5, 237.84, 3482873, 458, 0, 0
16137, 275, 73, 74, 0, 0, 13.52%, 0, 0, 5, 331.31, 3483417, 458, 0, 0
16142, 275, 26, 74, 0, 0, 13.52%, 0, 0, 5, 31.43, 3484185, 458, 0, 0
16147, 276, 6, 74, 0, 0, 13.52%, 0, 0, 5, 31.13, 3485048, 458, 0, 0
16152, 276, 73, 74, 0, 0, 13.52%, 0, 0, 5, 38.65, 3485895, 458, 0, 0
16157, 276, 56, 74, 0, 0, 13.52%, 0, 0, 5, 253.28, 3486792, 458, 0, 0
16162, 276, 73, 74, 0, 0, 13.52%, 0, 0, 5, 328.81, 3487373, 458, 0, 0
16167, 276, 73, 74, 0, 0, 13.52%, 0, 0, 5, 326.45, 3487999, 458, 0, 0
16172, 276, 34, 74, 0, 0, 13.52%, 0, 0, 5, 31.53, 3488732, 458, 0, 0
16177, 276, 27, 74, 0, 0, 13.52%, 0, 0, 5, 31.48, 3489583, 458, 0, 0
16183, 276, 73, 74, 0, 0, 13.52%, 0, 0, 5, 31.13, 3490470, 458, 0, 0
16188, 276, 73, 74, 0, 0, 13.52%, 0, 0, 5, 311.33, 3491351, 458, 0, 0
16193, 276, 73, 74, 0, 0, 13.52%, 0, 0, 5, 216.14, 3491897, 458, 0, 0
16198, 276, 28, 74, 0, 0, 13.52%, 0, 0, 5, 217.61, 3492465, 458, 0, 0
16203, 276, 39, 74, 0, 0, 13.52%, 0, 0, 5, 30.38, 3493206, 458, 0, 0
16208, 276, 60, 74, 0, 0, 13.52%, 0, 0, 5, 31.20, 3494059, 458, 0, 0
16213, 276, 28, 74, 0, 0, 13.52%, 0, 0, 5, 31.50, 3494893, 458, 0, 0
16218, 276, 73, 74, 0, 0, 13.52%, 0, 0, 5, 33.74, 3495750, 458, 0, 0
16223, 276, 73, 74, 0, 0, 13.52%, 0, 0, 5, 320.55, 3496445, 458, 0, 0
16229, 276, 26, 74, 0, 0, 13.52%, 0, 0, 5, 324.34, 3497073, 458, 0, 0
16234, 277, 2, 74, 0, 0, 13.52%, 0, 0, 5, 37.48, 3497597, 458, 0, 0
16239, 277, 73, 74, 0, 0, 13.52%, 0, 0, 5, 31.43, 3498392, 458, 0, 0
16244, 277, 28, 74, 0, 0, 13.52%, 0, 0, 5, 49.45, 3499246, 458, 0, 0
16249, 277, 11, 74, 0, 0, 13.52%, 0, 0, 5, 31.26, 3500086, 458, 0, 0
16254, 277, 73, 74, 0, 0, 13.52%, 0, 0, 5, 31.37, 3500907, 458, 0, 0
16260, 277, 27, 74, 0, 0, 13.52%, 0, 0, 5, 324.21, 3501683, 458, 0, 0
16265, 277, 3, 74, 0, 0, 13.52%, 0, 0, 5, 237.68, 3502233, 458, 0, 0
16270, 277, 73, 74, 0, 0, 13.52%, 0, 0, 5, 31.28, 3502825, 458, 0, 0
16275, 277, 43, 74, 0, 0, 13.52%, 0, 0, 5, 31.15, 3503700, 458, 0, 0
16280, 277, 73, 74, 0, 0, 13.52%, 0, 0, 5, 31.25, 3504594, 458, 0, 0
16285, 277, 73, 74, 0, 0, 13.52%, 0, 0, 5, 316.27, 3505116, 458, 0, 0
16290, 277, 73, 74, 0, 0, 13.52%, 0, 0, 5, 31.31, 3505642, 458, 0, 0
16295, 277, 73, 74, 0, 0, 13.52%, 0, 0, 5, 31.31, 3506538, 458, 0, 0
16301, 277, 60, 74, 0, 0, 13.52%, 0, 0, 5, 31.17, 3507435, 458, 0, 0
16306, 277, 32, 74, 0, 0, 13.52%, 0, 0, 5, 229.84, 3508151, 458, 0, 0
16311, 277, 73, 74, 0, 0, 13.52%, 0, 0, 5, 313.34, 3508620, 458, 0, 0
16316, 277, 73, 74, 0, 0, 13.52%, 0, 0, 5, 31.21, 3509366, 458, 0, 0
16321, 277, 25, 74, 0, 0, 13.52%, 0, 0, 5, 31.41, 3510229, 458, 0, 0
16326, 278, 73, 74, 0, 0, 13.52%, 0, 0, 5, 260.18, 3511122, 458, 0, 0
16331, 278, 73, 74, 0, 0, 13.52%, 0, 0, 5, 327.46, 3511652, 458, 0, 0
16336, 278, 73, 74, 0, 0, 13.52%, 0, 0, 5, 36.92, 3512161, 458, 0, 0
16341, 278, 60, 74, 0, 0, 13.52%, 0, 0, 5, 31.12, 3513035, 458, 0, 0
16346, 278, 73, 74, 0, 0, 13.52%, 0, 0, 5, 31.06, 3513875, 458, 0, 0
16352, 278, 73, 74, 0, 0, 13.52%, 0, 0, 5, 42.11, 3514728, 458, 0, 0
16357, 278, 2, 74, 0, 0, 13.52%, 0, 0, 5, 329.64, 3515282, 458, 0, 0
16362, 278, 43, 74, 0, 0, 13.52%, 0, 0, 5, 31.37, 3515770, 458, 0, 0
16367, 278, 73, 74, 0, 0, 13.52%, 0, 0, 5, 31.24, 3516609, 458, 0, 0
16372, 278, 4, 74, 0, 0, 13.52%, 0, 0, 5, 31.54, 3517457, 458, 0, 0
16377, 278, 10, 74, 0, 0, 13.52%, 0, 0, 5, 314.60, 3518330, 458, 0, 0
16382, 278, 26, 74, 0, 0, 13.52%, 0, 0, 5, 314.25, 3518918, 458, 0, 0
16387, 278, 73, 74, 0, 0, 13.52%, 0, 0, 5, 325.15, 3519506, 458, 0, 0
16393, 278, 73, 74, 0, 0, 13.52%, 0, 0, 5, 31.25, 3520160, 458, 0, 0
16398, 278, 73, 74, 0, 0, 13.52%, 0, 0, 5, 40.55, 3520970, 458, 0, 0
16403, 278, 73, 74, 0, 0, 13.52%, 0, 0, 5, 30.65, 3521784, 458, 0, 0
16408, 278, 60, 74, 0, 0, 13.52%, 0, 0, 5, 31.41, 3522642, 458, 0, 0
16413, 278, 32, 74, 0, 0, 13.52%, 0, 0, 5, 303.24, 3523406, 458, 0, 0
16418, 278, 60, 74, 0, 0, 13.52%, 0, 0, 5, 330.09, 3523996, 458, 0, 0
16423, 278, 25, 74, 0, 0, 13.52%, 0, 0, 5, 233.29, 3524544, 458, 0, 0
16428, 278, 73, 74, 0, 0, 13.52%, 0, 0, 5, 31.41, 3525256, 458, 0, 0
16433, 279, 2, 74, 0, 0, 13.52%, 0, 0, 5, 31.39, 3526038, 458, 0, 0
16439, 279, 2, 74, 0, 0, 13.52%, 0, 0, 5, 31.06, 3526852, 458, 0, 0
16444, 279, 73, 74, 0, 0, 13.52%, 0, 0, 5, 31.35, 3527691, 458, 0, 0
16449, 279, 2, 74, 0, 0, 13.52%, 0, 0, 5, 322.68, 3528470, 458, 0, 0
16454, 279, 25, 74, 0, 0, 13.52%, 0, 0, 5, 265.91, 3529037, 458, 0, 0
16459, 279, 41, 74, 0, 0, 13.52%, 0, 0, 5, 321.83, 3529624, 458, 0, 0
16464, 279, 73, 74, 0, 0, 13.52%, 0, 0, 5, 31.34, 3530308, 458, 0, 0
16469, 279, 27, 74, 0, 0, 13.52%, 0, 0, 5, 31.18, 3531120, 458, 0, 0
16474, 279, 4, 74, 0, 0, 13.52%, 0, 0, 5, 30.61, 3531952, 458, 0, 0
16479, 279, 73, 74, 0, 0, 13.52%, 0, 0, 5, 53.33, 3532770, 458, 0, 0
16484, 279, 54, 74, 0, 0, 13.52%, 0, 0, 5, 325.08, 3533442, 458, 0, 0
16490, 279, 73, 74, 0, 0, 13.52%, 0, 0, 5, 260.88, 3534082, 458, 0, 0
16495, 279, 73, 74, 0, 0, 13.52%, 0, 0, 5, 38.39, 3534596, 458, 0, 0
16500, 279, 73, 74, 0, 0, 13.52%, 0, 0, 5, 30.92, 3535527, 458, 0, 0
16505, 279, 32, 74, 0, 0, 13.52%, 0, 0, 5, 31.51, 3536434, 458, 0, 0
16510, 280, 60, 74, 0, 0, 13.52%, 0, 0, 5, 326.36, 3537158, 458, 0, 0
16515, 280, 60, 74, 0, 0, 13.52%, 0, 0, 5, 328.09, 3537620, 458, 0, 0
16521, 280, 28, 74, 0, 0, 13.52%, 0, 0, 5, 30.73, 3538354, 458, 0, 0
16526, 280, 73, 74, 0, 0, 13.52%, 0, 0, 5, 31.27, 3539207, 458, 0, 0
16531, 280, 73, 74, 0, 0, 13.52%, 0, 0, 5, 308.10, 3540088, 458, 0, 0
16536, 280, 27, 74, 0, 0, 13.52%, 0, 0, 5, 239.00, 3540640, 458, 0, 0
16541, 280, 28, 74, 0, 0, 13.52%, 0, 0, 5, 33.53, 3541095, 458, 0, 0
16546, 280, 28, 74, 0, 0, 13.52%, 0, 0, 5, 32.05, 3541972, 458, 0, 0
16551, 280, 73, 74, 0, 0, 13.52%, 0, 0, 5, 30.36, 3542825, 458, 0, 0
16557, 280, 73, 74, 0, 0, 13.52%, 0, 0, 5, 317.95, 3543706, 458, 0, 0
16562, 280, 60, 74, 0, 0, 13.52%, 0, 0, 5, 235.14, 3544140, 458, 0, 0
16567, 280, 73, 74, 0, 0, 13.52%, 0, 0, 5, 31.30, 3544765, 458, 0, 0
16572, 280, 27, 74, 0, 0, 13.52%, 0, 0, 5, 31.27, 3545631, 458, 0, 0
16577, 280, 73, 74, 0, 0, 13.52%, 0, 0, 5, 30.34, 3546473, 458, 0, 0
16582, 280, 73, 74, 0, 0, 13.52%, 0, 0, 5, 315.25, 3547286, 458, 0, 0
16587, 280, 73, 74, 0, 0, 13.52%, 0, 0, 5, 305.25, 3547790, 458, 0, 0
16593, 280, 43, 74, 0, 0, 13.52%, 0, 0, 5, 31.26, 3548290, 458, 0, 0
16598, 280, 27, 74, 0, 0, 13.52%, 0, 0, 5, 31.10, 3549132, 458, 0, 0
16603, 280, 27, 74, 0, 0, 13.52%, 0, 0, 5, 31.33, 3549941, 458, 0, 0
16608, 280, 73, 74, 0, 0, 13.52%, 0, 0, 5, 30.30, 3550747, 458, 0, 0
16613, 280, 60, 74, 0, 0, 13.52%, 0, 0, 5, 327.09, 3551532, 458, 0, 0
16618, 281, 73, 74, 0, 0, 13.52%, 0, 0, 5, 325.99, 3552090, 458, 0, 0
16623, 281, 11, 74, 0, 0, 13.52%, 0, 0, 5, 38.30, 3552548, 458, 0, 0
16628, 281, 23, 74, 0, 0, 13.52%, 0, 0, 5, 31.38, 3553328, 458, 0, 0
16633, 281, 73, 74, 0, 0, 13.52%, 0, 0, 5, 31.36, 3554169, 458, 0, 0
16639, 281, 43, 74, 0, 0, 13.52%, 0, 0, 5, 31.25, 3555000, 458, 0, 0
16644, 281, 73, 74, 0, 0, 13.52%, 0, 0, 5, 322.80, 3555718, 458, 0, 0
16649, 281, 27, 74, 0, 0, 13.52%, 0, 0, 5, 317.64, 3556276, 458, 0, 0
16654, 281, 73, 74, 0, 0, 13.52%, 0, 0, 5, 328.36, 3556845, 458, 0, 0
16659, 281, 64, 74, 0, 0, 13.52%, 0, 0, 5, 30.50, 3557595, 458, 0, 0
16664, 281, 73, 74, 0, 0, 13.52%, 0, 0, 5, 31.40, 3558393, 458, 0, 0
16669, 281, 25, 74, 0, 0, 13.52%, 0, 0, 5, 31.48, 3559153, 458, 0, 0
16675, 281, 73, 74, 0, 0, 13.52%, 0, 0, 5, 31.16, 3559964, 458, 0, 0
16680, 281, 73, 74, 0, 0, 13.52%, 0, 0, 5, 324.52, 3560732, 458, 0, 0
16685, 281, 71, 74, 0, 0, 13.52%, 0, 0, 5, 207.33, 3561296, 458, 0, 0
16690, 281, 73, 74, 0, 0, 13.52%, 0, 0, 5, 185.10, 3561864, 458, 0, 0
16695, 281, 41, 74, 0, 0, 13.52%, 0, 0, 5, 31.35, 3562539, 458, 0, 0
16700, 281, 2, 74, 0, 0, 13.52%, 0, 0, 5, 30.66, 3563364, 458, 0, 0
16705, 281, 73, 74, 0, 0, 13.52%, 0, 0, 5, 53.33, 3564167, 458, 0, 0
16711, 281, 32, 74, 0, 0, 13.52%, 0, 0, 5, 30.97, 3564964, 458, 0, 0
16716, 281, 25, 74, 0, 0, 13.52%, 0, 0, 5, 318.73, 3565676, 458, 0, 0
16721, 281, 25, 74, 0, 0, 13.52%, 0, 0, 5, 239.24, 3566008, 458, 0, 0
16726, 282, 73, 74, 0, 0, 13.52%, 0, 0, 5, 31.40, 3566756, 458, 0, 0
16731, 282, 4, 74, 0, 0, 13.52%, 0, 0, 5, 31.14, 3567607, 458, 0, 0
16736, 282, 73, 74, 0, 0, 13.52%, 0, 0, 5, 271.54, 3568477, 458, 0, 0
16741, 282, 60, 74, 0, 0, 13.52%, 0, 0, 5, 318.64, 3568900, 458, 0, 0
16747, 282, 73, 74, 0, 0, 13.52%, 0, 0, 5, 30.65, 3569529, 458, 0, 0
16752, 282, 2, 74, 0, 0, 13.52%, 0, 0, 5, 31.31, 3570385, 458, 0, 0
16757, 282, 73, 74, 0, 0, 13.52%, 0, 0, 5, 31.17, 3571256, 458, 0, 0
16762, 282, 73, 74, 0, 0, 13.52%, 0, 0, 5, 325.94, 3571724, 458, 0, 0
16767, 282, 28, 74, 0, 0, 13.52%, 0, 0, 5, 30.63, 3572274, 458, 0, 0
16772, 282, 72, 74, 0, 0, 13.52%, 0, 0, 5, 30.83, 3573126, 458, 0, 0
16777, 282, 28, 74, 0, 0, 13.52%, 0, 0, 5, 33.59, 3573963, 458, 0, 0
16782, 282, 73, 74, 0, 0, 13.52%, 0, 0, 5, 268.18, 3574697, 458, 0, 0
16787, 282, 27, 74, 0, 0, 13.52%, 0, 0, 5, 322.00, 3575124, 458, 0, 0
16792, 282, 73, 74, 0, 0, 13.52%, 0, 0, 5, 30.40, 3575806, 458, 0, 0
16798, 282, 18, 74, 0, 0, 13.52%, 0, 0, 5, 31.41, 3576644, 458, 0, 0
16803, 282, 73, 74, 0, 0, 13.52%, 0, 0, 5, 44.50, 3577482, 458, 0, 0
16808, 282, 60, 74, 0, 0, 13.52%, 0, 0, 5, 323.67, 3578202, 458, 0, 0
16813, 282, 41, 74, 0, 0, 13.52%, 0, 0, 5, 323.53, 3578688, 458, 0, 0
16818, 282, 73, 74, 0, 0, 13.52%, 0, 0, 5, 31.25, 3579363, 458, 0, 0
16823, 282, 73, 74, 0, 0, 13.52%, 0, 0, 5, 30.66, 3580200, 458, 0, 0
16828, 282, 9, 74, 0, 0, 13.52%, 0, 0, 5, 31.23, 3581008, 458, 0, 0
16833, 282, 73, 74, 0, 0, 13.52%, 0, 0, 5, 39.22, 3581807, 458, 0, 0
16839, 283, 28, 74, 0, 0, 13.52%, 0, 0, 5, 317.54, 3582442, 458, 0, 0
16844, 283, 73, 74, 0, 0, 13.52%, 0, 0, 5, 289.86, 3582947, 458, 0, 0
16849, 283, 4, 74, 0, 0, 13.52%, 0, 0, 5, 41.42, 3583586, 458, 0, 0
16854, 283, 28, 74, 0, 0, 13.52%, 0, 0, 5, 31.16, 3584428, 458, 0, 0
16859, 283, 73, 74, 0, 0, 13.52%, 0, 0, 5, 30.45, 3585257, 458, 0, 0
16864, 283, 28, 74, 0, 0, 13.52%, 0, 0, 5, 243.19, 3586056, 458, 0, 0
16869, 283, 25, 74, 0, 0, 13.52%, 0, 0, 5, 318.65, 3586636, 458, 0, 0
16874, 283, 2, 74, 0, 0, 13.52%, 0, 0, 5, 322.32, 3588300, 458, 0, 0
16880, 283, 28, 74, 0, 0, 13.52%, 0, 0, 5, 320.31, 3589958, 458, 0, 0
16885, 283, 73, 74, 0, 0, 13.52%, 0, 0, 5, 310.82, 3591518, 458, 0, 0
16890, 283, 73, 74, 0, 0, 13.52%, 0, 0, 5, 286.46, 3592947, 458, 0, 0
16895, 283, 54, 74, 0, 0, 13.52%, 0, 0, 5, 297.04, 3594502, 458, 0, 0
16900, 283, 4, 74, 0, 0, 13.52%, 0, 0, 5, 300.89, 3596030, 458, 0, 0
16905, 284, 25, 74, 0, 0, 13.52%, 0, 0, 5, 298.95, 3597547, 458, 0, 0
16910, 284, 32, 74, 0, 0, 13.52%, 0, 0, 5, 277.06, 3598987, 458, 0, 0
16915, 284, 18, 74, 0, 0, 13.52%, 0, 0, 5, 251.75, 3600232, 458, 0, 0
16920, 284, 73, 74, 0, 0, 13.52%, 0, 0, 5, 258.28, 3601522, 458, 0, 0
16925, 284, 60, 74, 0, 0, 13.52%, 0, 0, 5, 299.07, 3603077, 458, 0, 0
16930, 284, 32, 74, 0, 0, 13.52%, 0, 0, 5, 302.27, 3604599, 458, 0, 0
16935, 284, 73, 74, 0, 0, 13.52%, 0, 0, 5, 304.99, 3606149, 458, 0, 0
16940, 284, 73, 74, 0, 0, 13.52%, 0, 0, 5, 280.15, 3607626, 458, 0, 0
16946, 284, 26, 74, 0, 0, 13.52%, 0, 0, 5, 293.92, 3609122, 458, 0, 0
16951, 285, 25, 74, 0, 0, 13.52%, 0, 0, 5, 306.80, 3610687, 458, 0, 0
16956, 285, 73, 74, 0, 0, 13.52%, 0, 0, 5, 311.02, 3612307, 458, 0, 0
16961, 285, 73, 74, 0, 0, 13.52%, 0, 0, 5, 313.02, 3613887, 458, 0, 0
16966, 285, 73, 74, 0, 0, 13.52%, 0, 0, 5, 299.48, 3615357, 458, 0, 0
16971, 285, 4, 74, 0, 0, 13.52%, 0, 0, 5, 312.65, 3616939, 458, 0, 0
16976, 285, 73, 74, 0, 0, 13.52%, 0, 0, 5, 312.86, 3618563, 458, 0, 0
16981, 285, 60, 74, 0, 0, 13.52%, 0, 0, 5, 316.86, 3620151, 458, 0, 0
16986, 285, 73, 74, 0, 0, 13.52%, 0, 0, 5, 298.52, 3621622, 458, 0, 0
16991, 285, 73, 74, 0, 0, 13.52%, 0, 0, 5, 312.64, 3623261, 458, 0, 0
16996, 285, 27, 74, 0, 0, 13.52%, 0, 0, 5, 311.68, 3624826, 458, 0, 0
17002, 286, 32, 74, 0, 0, 13.52%, 0, 0, 5, 313.94, 3626451, 458, 0, 0
17007, 286, 73, 74, 0, 0, 13.52%, 0, 0, 5, 294.22, 3627972, 458, 0, 0
17012, 286, 73, 74, 0, 0, 13.52%, 0, 0, 5, 312.42, 3629619, 458, 0, 0
17017, 286, 73, 74, 0, 0, 13.52%, 0, 0, 5, 316.62, 3631269, 458, 0, 0
17022, 286, 32, 74, 0, 0, 13.52%, 0, 0, 5, 313.37, 3632845, 458, 0, 0
17027, 286, 60, 74, 0, 0, 13.52%, 0, 0, 5, 293.70, 3634372, 458, 0, 0
17033, 286, 32, 74, 0, 0, 13.52%, 0, 0, 5, 312.32, 3636017, 458, 0, 0
17038, 286, 15, 74, 0, 0, 13.52%, 0, 0, 5, 314.89, 3637651, 458, 0, 0
17043, 287, 28, 74, 0, 0, 13.52%, 0, 0, 5, 313.41, 3639274, 458, 0, 0
17048, 287, 73, 74, 0, 0, 13.52%, 0, 0, 5, 288.89, 3640747, 458, 0, 0
17053, 287, 73, 74, 0, 0, 13.52%, 0, 0, 5, 310.90, 3642396, 458, 0, 0
17058, 287, 43, 74, 0, 0, 13.52%, 0, 0, 5, 313.71, 3644020, 458, 0, 0
17063, 287, 71, 74, 0, 0, 13.52%, 0, 0, 5, 312.84, 3645586, 458, 0, 0
17068, 287, 73, 74, 0, 0, 13.52%, 0, 0, 5, 292.89, 3647092, 458, 0, 0
17074, 287, 73, 74, 0, 0, 13.52%, 0, 0, 5, 312.19, 3648708, 458, 0, 0
17079, 288, 73, 74, 0, 0, 13.52%, 0, 0, 5, 314.43, 3650288, 458, 0, 0
17084, 288, 73, 74, 0, 0, 13.52%, 0, 0, 5, 315.80, 3651930, 458, 0, 0
17089, 288, 2, 74, 0, 0, 13.52%, 0, 0, 5, 307.17, 3653544, 458, 0, 0
17094, 288, 43, 74, 0, 0, 13.52%, 0, 0, 5, 308.75, 3655101, 458, 0, 0
17099, 288, 34, 74, 0, 0, 13.52%, 0, 0, 5, 309.41, 3656674, 458, 0, 0
17104, 288, 73, 74, 0, 0, 13.52%, 0, 0, 5, 315.24, 3658308, 458, 0, 0
17109, 288, 60, 74, 0, 0, 13.52%, 0, 0, 5, 314.71, 3659882, 458, 0, 0
17115, 288, 73, 74, 0, 0, 13.52%, 0, 0, 5, 307.41, 3661406, 458, 0, 0
17120, 289, 60, 74, 0, 0, 13.52%, 0, 0, 5, 315.69, 3663040, 458, 0, 0
17125, 289, 32, 74, 0, 0, 13.52%, 0, 0, 5, 315.47, 3664620, 458, 0, 0
17130, 289, 17, 74, 0, 0, 13.52%, 0, 0, 5, 317.03, 3666208, 458, 0, 0
17135, 289, 4, 74, 0, 0, 13.52%, 0, 0, 5, 308.28, 3667698, 458, 0, 0
17140, 289, 73, 74, 0, 0, 13.52%, 0, 0, 5, 316.96, 3669342, 458, 0, 0
17145, 289, 27, 74, 0, 0, 13.52%, 0, 0, 5, 313.84, 3670901, 458, 0, 0
17150, 289, 26, 74, 0, 0, 13.52%, 0, 0, 5, 314.83, 3672480, 458, 0, 0
17155, 289, 27, 74, 0, 0, 13.52%, 0, 0, 5, 304.70, 3674008, 458, 0, 0
17160, 290, 66, 74, 0, 0, 13.52%, 0, 0, 5, 313.02, 3675650, 458, 0, 0
17166, 290, 72, 74, 0, 0, 13.52%, 0, 0, 5, 302.94, 3677168, 458, 0, 0
17171, 290, 25, 74, 0, 0, 13.52%, 0, 0, 5, 294.08, 3678650, 458, 0, 0
17176, 290, 25, 74, 0, 0, 13.52%, 0, 0, 5, 320.36, 3680132, 458, 0, 0
17181, 290, 41, 74, 0, 0, 13.52%, 0, 0, 5, 313.28, 3681638, 458, 0, 0
17186, 290, 73, 74, 0, 0, 13.52%, 0, 0, 5, 297.26, 3683150, 458, 0, 0
17191, 290, 60, 74, 0, 0, 13.52%, 0, 0, 5, 305.84, 3684686, 458, 0, 0
17196, 291, 60, 74, 0, 0, 13.52%, 0, 0, 5, 289.61, 3686147, 458, 0, 0
17202, 291, 73, 74, 0, 0, 13.52%, 0, 0, 5, 299.89, 3687657, 458, 0, 0
17207, 291, 27, 74, 0, 0, 13.52%, 0, 0, 5, 306.31, 3689186, 458, 0, 0
17212, 291, 2, 74, 0, 0, 13.52%, 0, 0, 5, 312.94, 3690714, 458, 0, 0
17217, 291, 73, 74, 0, 0, 13.52%, 0, 0, 5, 325.90, 3692192, 458, 0, 0
17222, 291, 25, 74, 0, 0, 13.52%, 0, 0, 5, 322.19, 3693698, 458, 0, 0
17227, 291, 73, 74, 0, 0, 13.52%, 0, 0, 5, 314.70, 3695232, 458, 0, 0
17232, 291, 58, 74, 0, 0, 13.52%, 0, 0, 5, 34.29, 3696658, 458, 0, 0
17237, 291, 73, 74, 0, 0, 13.52%, 0, 0, 5, 327.03, 3698174, 458, 0, 0
17242, 291, 60, 74, 0, 0, 13.52%, 0, 0, 5, 318.49, 3699680, 458, 0, 0
17248, 292, 73, 74, 0, 0, 13.52%, 0, 0, 5, 319.24, 3701180, 458, 0, 0
17253, 292, 11, 74, 0, 0, 13.52%, 0, 0, 5, 319.60, 3702601, 458, 0, 0
17258, 292, 54, 74, 0, 0, 13.52%, 0, 0, 5, 315.58, 3704098, 458, 0, 0
17263, 292, 11, 74, 0, 0, 13.52%, 0, 0, 5, 320.84, 3705638, 458, 0, 0
17268, 292, 37, 74, 0, 0, 13.52%, 0, 0, 5, 300.36, 3707062, 458, 0, 0
17273, 292, 53, 74, 0, 0, 13.52%, 0, 0, 5, 302.38, 3708580, 458, 0, 0
17278, 292, 32, 74, 0, 0, 13.52%, 0, 0, 5, 321.78, 3710009, 458, 0, 0
17283, 292, 28, 74, 0, 0, 13.52%, 0, 0, 5, 305.85, 3711508, 458, 0, 0
17288, 292, 2, 74, 0, 0, 13.52%, 0, 0, 5, 57.81, 3712943, 458, 0, 0
17293, 293, 33, 74, 0, 0, 13.52%, 0, 0, 5, 310.70, 3714480, 458, 0, 0
17299, 293, 28, 74, 0, 0, 13.52%, 0, 0, 5, 301.85, 3715927, 458, 0, 0
17304, 293, 73, 74, 0, 0, 13.52%, 0, 0, 5, 327.17, 3717462, 458, 0, 0
17309, 293, 73, 74, 0, 0, 13.52%, 0, 0, 5, 302.91, 3718886, 458, 0, 0
17314, 293, 54, 74, 0, 0, 13.52%, 0, 0, 5, 326.73, 3720316, 458, 0, 0
17319, 293, 6, 74, 0, 0, 13.52%, 0, 0, 5, 310.99, 3721844, 458, 0, 0
17324, 293, 27, 74, 0, 0, 13.52%, 0, 0, 5, 321.19, 3723280, 458, 0, 0
17329, 293, 32, 74, 0, 0, 13.52%, 0, 0, 5, 66.41, 3724719, 458, 0, 0
17334, 294, 27, 74, 0, 0, 13.52%, 0, 0, 5, 280.25, 3726232, 458, 0, 0
17339, 294, 73, 74, 0, 0, 13.52%, 0, 0, 5, 319.24, 3727700, 458, 0, 0
17344, 294, 73, 74, 0, 0, 13.52%, 0, 0, 5, 206.53, 3729104, 458, 0, 0
17349, 294, 73, 74, 0, 0, 13.52%, 0, 0, 5, 325.58, 3730616, 458, 0, 0
17355, 294, 25, 74, 0, 0, 13.52%, 0, 0, 5, 298.13, 3732042, 458, 0, 0
17360, 294, 28, 74, 0, 0, 13.52%, 0, 0, 5, 100.83, 3733435, 458, 0, 0
17365, 294, 27, 74, 0, 0, 13.52%, 0, 0, 5, 321.41, 3734955, 458, 0, 0
17370, 294, 27, 74, 0, 0, 13.52%, 0, 0, 5, 297.22, 3736397, 458, 0, 0
17375, 295, 73, 74, 0, 0, 13.52%, 0, 0, 5, 326.61, 3737849, 458, 0, 0
17380, 295, 26, 74, 0, 0, 13.52%, 0, 0, 5, 291.05, 3739276, 458, 0, 0
17385, 295, 32, 74, 0, 0, 13.52%, 0, 0, 5, 315.57, 3740801, 458, 0, 0
17390, 295, 73, 74, 0, 0, 13.52%, 0, 0, 5, 317.05, 3742253, 458, 0, 0
17395, 295, 37, 74, 0, 0, 13.52%, 0, 0, 5, 42.64, 3743642, 458, 0, 0
17400, 295, 41, 74, 0, 0, 13.52%, 0, 0, 5, 313.77, 3745188, 458, 0, 0
17405, 295, 18, 74, 0, 0, 13.52%, 0, 0, 5, 315.36, 3746642, 458, 0, 0
17410, 295, 73, 74, 0, 0, 13.52%, 0, 0, 5, 328.36, 3748048, 458, 0, 0
17415, 295, 73, 74, 0, 0, 13.52%, 0, 0, 5, 318.89, 3749568, 458, 0, 0
17421, 295, 28, 74, 0, 0, 13.52%, 0, 0, 5, 319.16, 3750988, 458, 0, 0
17426, 296, 73, 74, 0, 0, 13.52%, 0, 0, 5, 304.85, 3752458, 458, 0, 0
17431, 296, 4, 74, 0, 0, 13.52%, 0, 0, 5, 280.52, 3753897, 458, 0, 0
17436, 296, 60, 74, 0, 0, 13.52%, 0, 0, 5, 296.48, 3755437, 458, 0, 0
17441, 296, 60, 74, 0, 0, 13.52%, 0, 0, 5, 319.92, 3756875, 458, 0, 0
17446, 296, 60, 74, 0, 0, 13.52%, 0, 0, 5, 272.39, 3758326, 458, 0, 0
17452, 296, 28, 74, 0, 0, 13.52%, 0, 0, 5, 287.89, 3759872, 458, 0, 0
17457, 296, 3, 74, 0, 0, 13.52%, 0, 0, 5, 323.79, 3761381, 458, 0, 0
17462, 296, 26, 74, 0, 0, 13.52%, 0, 0, 5, 31.03, 3761770, 458, 0, 0
17467, 297, 73, 74, 0, 0, 13.52%, 0, 0, 5, 324.33, 3762977, 458, 0, 0
17472, 297, 54, 74, 0, 0, 13.52%, 0, 0, 5, 321.82, 3764017, 458, 0, 0
17477, 297, 18, 74, 0, 0, 13.52%, 0, 0, 5, 315.17, 3765005, 458, 0, 0
17482, 297, 73, 74, 0, 0, 13.52%, 0, 0, 5, 328.17, 3766001, 458, 0, 0
17488, 297, 73, 74, 0, 0, 13.52%, 0, 0, 5, 31.44, 3767048, 458, 0, 0
17493, 297, 73, 74, 0, 0, 13.52%, 0, 0, 5, 33.88, 3768154, 458, 0, 0
17498, 297, 39, 74, 0, 0, 13.52%, 0, 0, 5, 31.57, 3769258, 458, 0, 0
17503, 297, 26, 74, 0, 0, 13.52%, 0, 0, 5, 31.25, 3770357, 458, 0, 0
17508, 297, 73, 74, 0, 0, 13.52%, 0, 0, 5, 316.02, 3771369, 458, 0, 0
17513, 297, 60, 74, 0, 0, 13.52%, 0, 0, 5, 324.77, 3772305, 458, 0, 0
17519, 297, 73, 74, 0, 0, 13.52%, 0, 0, 5, 316.11, 3773191, 458, 0, 0
17524, 297, 73, 74, 0, 0, 13.52%, 0, 0, 5, 326.49, 3774021, 458, 0, 0
17529, 297, 72, 74, 0, 0, 13.52%, 0, 0, 5, 250.62, 3774915, 458, 0, 0
17534, 297, 73, 74, 0, 0, 13.52%, 0, 0, 5, 321.78, 3775660, 458, 0, 0
17539, 297, 73, 74, 0, 0, 13.52%, 0, 0, 5, 30.48, 3776653, 458, 0, 0
17544, 297, 43, 74, 0, 0, 13.52%, 0, 0, 5, 47.78, 3777651, 458, 0, 0
17549, 298, 28, 74, 0, 0, 13.52%, 0, 0, 5, 31.65, 3778682, 458, 0, 0
17554, 298, 27, 74, 0, 0, 13.52%, 0, 0, 5, 322.56, 3779475, 458, 0, 0
17560, 298, 60, 74, 0, 0, 13.52%, 0, 0, 5, 262.93, 3780157, 458, 0, 0
17565, 298, 28, 74, 0, 0, 13.52%, 0, 0, 5, 31.35, 3780929, 458, 0, 0
17570, 298, 32, 74, 0, 0, 13.52%, 0, 0, 5, 31.61, 3781946, 458, 0, 0
17575, 298, 73, 74, 0, 0, 13.52%, 0, 0, 5, 31.41, 3782989, 458, 0, 0
17580, 298, 4, 74, 0, 0, 13.52%, 0, 0, 5, 314.63, 3783693, 458, 0, 0
17585, 298, 73, 74, 0, 0, 13.52%, 0, 0, 5, 287.24, 3784307, 458, 0, 0
17590, 298, 41, 74, 0, 0, 13.52%, 0, 0, 5, 30.96, 3785003, 458, 0, 0
17595, 298, 58, 74, 0, 0, 13.52%, 0, 0, 5, 31.37, 3785948, 458, 0, 0
17601, 298, 32, 74, 0, 0, 13.52%, 0, 0, 5, 31.50, 3786878, 458, 0, 0
17606, 298, 73, 74, 0, 0, 13.52%, 0, 0, 5, 311.55, 3787827, 458, 0, 0
17611, 298, 11, 74, 0, 0, 13.52%, 0, 0, 5, 253.01, 3788375, 458, 0, 0
17616, 299, 28, 74, 0, 0, 13.52%, 0, 0, 5, 323.80, 3789026, 458, 0, 0
17621, 299, 73, 74, 0, 0, 13.52%, 0, 0, 5, 30.92, 3789811, 458, 0, 0
17626, 299, 73, 74, 0, 0, 13.52%, 0, 0, 5, 30.72, 3790742, 458, 0, 0
17631, 299, 73, 74, 0, 0, 13.52%, 0, 0, 5, 282.18, 3791672, 458, 0, 0
17636, 299, 73, 74, 0, 0, 13.52%, 0, 0, 5, 277.54, 3792242, 458, 0, 0
17642, 299, 73, 74, 0, 0, 13.52%, 0, 0, 5, 332.71, 3792827, 458, 0, 0
17647, 299, 12, 74, 0, 0, 13.52%, 0, 0, 5, 30.57, 3793610, 458, 0, 0
17652, 299, 73, 74, 0, 0, 13.52%, 0, 0, 5, 31.41, 3794465, 458, 0, 0
17657, 299, 27, 74, 0, 0, 13.52%, 0, 0, 5, 31.24, 3795325, 458, 0, 0
17662, 299, 26, 74, 0, 0, 13.52%, 0, 0, 5, 31.17, 3796199, 458, 0, 0
17667, 299, 16, 74, 0, 0, 13.52%, 0, 0, 5, 314.76, 3796781, 458, 0, 0
17673, 299, 73, 74, 0, 0, 13.52%, 0, 0, 5, 327.85, 3797325, 458, 0, 0
17678, 299, 4, 74, 0, 0, 13.52%, 0, 0, 5, 32.37, 3798030, 458, 0, 0
17683, 299, 73, 74, 0, 0, 13.52%, 0, 0, 5, 30.48, 3798905, 458, 0, 0
17688, 299, 73, 74, 0, 0, 13.52%, 0, 0, 5, 31.25, 3799767, 458, 0, 0
17693, 299, 13, 74, 0, 0, 13.52%, 0, 0, 5, 258.81, 3800572, 458, 0, 0
17698, 299, 73, 74, 0, 0, 13.52%, 0, 0, 5, 330.50, 3801149, 458, 0, 0
17703, 299, 73, 74, 0, 0, 13.52%, 0, 0, 5, 328.36, 3801706, 458, 0, 0
17708, 299, 32, 74, 0, 0, 13.52%, 0, 0, 5, 31.46, 3802448, 458, 0, 0
17713, 299, 73, 74, 0, 0, 13.52%, 0, 0, 5, 34.26, 3803276, 458, 0, 0
17718, 299, 73, 74, 0, 0, 13.52%, 0, 0, 5, 31.30, 3804072, 458, 0, 0
17724, 299, 73, 74, 0, 0, 13.52%, 0, 0, 5, 31.33, 3804899, 458, 0, 0
17729, 299, 73, 74, 0, 0, 13.52%, 0, 0, 5, 238.15, 3805615, 458, 0, 0
17734, 300, 73, 74, 0, 0, 13.52%, 0, 0, 5, 325.29, 3806213, 458, 0, 0
17739, 300, 73, 74, 0, 0, 13.52%, 0, 0, 5, 238.81, 3806720, 458, 0, 0
17744, 300, 73, 74, 0, 0, 13.52%, 0, 0, 5, 31.24, 3807514, 458, 0, 0
17749, 300, 26, 74, 0, 0, 13.52%, 0, 0, 5, 31.34, 3808346, 458, 0, 0
17754, 300, 4, 74, 0, 0, 13.52%, 0, 0, 5, 30.43, 3809154, 458, 0, 0
17759, 300, 43, 74, 0, 0, 13.52%, 0, 0, 5, 31.36, 3809954, 458, 0, 0
17764, 300, 73, 74, 0, 0, 13.52%, 0, 0, 5, 273.14, 3810707, 458, 0, 0
17770, 300, 73, 74, 0, 0, 13.52%, 0, 0, 5, 268.12, 3811112, 458, 0, 0
17775, 300, 25, 74, 0, 0, 13.52%, 0, 0, 5, 31.03, 3811829, 458, 0, 0
17780, 300, 28, 74, 0, 0, 13.52%, 0, 0, 5, 30.44, 3812767, 458, 0, 0
17785, 300, 40, 74, 0, 0, 13.52%, 0, 0, 5, 322.72, 3813493, 458, 0, 0
17790, 300, 32, 74, 0, 0, 13.52%, 0, 0, 5, 307.47, 3813926, 458, 0, 0
17795, 300, 43, 74, 0, 0, 13.52%, 0, 0, 5, 31.38, 3814682, 458, 0, 0
17800, 300, 60, 74, 0, 0, 13.52%, 0, 0, 5, 31.49, 3815551, 458, 0, 0
17805, 300, 73, 74, 0, 0, 13.52%, 0, 0, 5, 285.11, 3816437, 458, 0, 0
17810, 300, 28, 74, 0, 0, 13.52%, 0, 0, 5, 300.87, 3816912, 458, 0, 0
17815, 301, 73, 74, 0, 0, 13.52%, 0, 0, 5, 31.39, 3817520, 458, 0, 0
17820, 301, 11, 74, 0, 0, 13.52%, 0, 0, 5, 31.21, 3818380, 458, 0, 0
17826, 301, 61, 74, 0, 0, 13.52%, 0, 0, 5, 31.17, 3819251, 458, 0, 0
17831, 301, 73, 74, 0, 0, 13.52%, 0, 0, 5, 294.31, 3819947, 458, 0, 0
17836, 301, 73, 74, 0, 0, 13.52%, 0, 0, 5, 327.13, 3820451, 458, 0, 0
17841, 301, 43, 74, 0, 0, 13.52%, 0, 0, 5, 30.81, 3821135, 458, 0, 0
17846, 301, 73, 74, 0, 0, 13.52%, 0, 0, 5, 31.35, 3821976, 458, 0, 0
17851, 301, 11, 74, 0, 0, 13.52%, 0, 0, 5, 30.39, 3822844, 458, 0, 0
17856, 301, 60, 74, 0, 0, 13.52%, 0, 0, 5, 322.24, 3823447, 458, 0, 0
17861, 301, 32, 74, 0, 0, 13.52%, 0, 0, 5, 319.77, 3823981, 458, 0, 0
17866, 301, 28, 74, 0, 0, 13.52%, 0, 0, 5, 31.25, 3824671, 458, 0, 0
17872, 301, 73, 74, 0, 0, 13.52%, 0, 0, 5, 31.28, 3825511, 458, 0, 0
17877, 301, 60, 74, 0, 0, 13.52%, 0, 0, 5, 31.58, 3826372, 458, 0, 0
17882, 301, 60, 74, 0, 0, 13.52%, 0, 0, 5, 318.84, 3827163, 458, 0, 0
17887, 301, 27, 74, 0, 0, 13.52%, 0, 0, 5, 302.51, 3827681, 458, 0, 0
17892, 301, 73, 74, 0, 0, 13.52%, 0, 0, 5, 31.27, 3828222, 458, 0, 0
17897, 302, 13, 74, 0, 0, 13.52%, 0, 0, 5, 31.42, 3829068, 458, 0, 0
17903, 302, 73, 74, 0, 0, 13.52%, 0, 0, 5, 30.43, 3829913, 458, 0, 0
17908, 302, 73, 74, 0, 0, 13.52%, 0, 0, 5, 31.26, 3830708, 458, 0, 0
17913, 302, 2, 74, 0, 0, 13.52%, 0, 0, 5, 327.15, 3831499, 458, 0, 0
17918, 302, 28, 74, 0, 0, 13.52%, 0, 0, 5, 235.06, 3832051, 458, 0, 0
17923, 302, 43, 74, 0, 0, 13.52%, 0, 0, 5, 320.00, 3832579, 458, 0, 0
17928, 302, 73, 74, 0, 0, 13.52%, 0, 0, 5, 31.24, 3833335, 458, 0, 0
17933, 302, 21, 74, 0, 0, 13.52%, 0, 0, 5, 30.37, 3834150, 458, 0, 0
17938, 302, 60, 74, 0, 0, 13.52%, 0, 0, 5, 30.45, 3834968, 458, 0, 0
17944, 302, 73, 74, 0, 0, 13.52%, 0, 0, 5, 31.55, 3835787, 458, 0, 0
17949, 302, 73, 74, 0, 0, 13.52%, 0, 0, 5, 259.70, 3836467, 458, 0, 0
17954, 302, 73, 74, 0, 0, 13.52%, 0, 0, 5, 334.73, 3837015, 458, 0, 0
17959, 302, 32, 74, 0, 0, 13.52%, 0, 0, 5, 31.30, 3837585, 458, 0, 0
17964, 302, 60, 74, 0, 0, 13.52%, 0, 0, 5, 31.21, 3838402, 458, 0, 0
17969, 302, 73, 74, 0, 0, 13.52%, 0, 0, 5, 30.43, 3839208, 458, 0, 0
17974, 302, 27, 74, 0, 0, 13.52%, 0, 0, 5, 30.91, 3840025, 458, 0, 0
17979, 302, 32, 74, 0, 0, 13.52%, 0, 0, 5, 309.54, 3840839, 458, 0, 0
17984, 302, 17, 74, 0, 0, 13.52%, 0, 0, 5, 324.81, 3841475, 458, 0, 0
17990, 303, 73, 74, 0, 0, 13.52%, 0, 0, 5, 320.45, 3842109, 458, 0, 0
17995, 303, 73, 74, 0, 0, 13.52%, 0, 0, 5, 31.26, 3842610, 458, 0, 0
18000, 303, 27, 74, 0, 0, 13.52%, 0, 0, 5, 39.03, 3843530, 458, 0, 0
18005, 303, 73, 74, 0, 0, 13.52%, 0, 0, 5, 31.16, 3844409, 458, 0, 0
18010, 303, 73, 74, 0, 0, 13.52%, 0, 0, 5, 310.07, 3845175, 458, 0, 0
18015, 303, 73, 74, 0, 0, 13.52%, 0, 0, 5, 301.55, 3845662, 458, 0, 0
18020, 303, 60, 74, 0, 0, 13.52%, 0, 0, 5, 30.41, 3846296, 458, 0, 0
18025, 303, 60, 74, 0, 0, 13.52%, 0, 0, 5, 31.41, 3847159, 458, 0, 0
18030, 303, 73, 74, 0, 0, 13.52%, 0, 0, 5, 31.43, 3848042, 458, 0, 0
18036, 303, 4, 74, 0, 0, 13.52%, 0, 0, 5, 330.59, 3848711, 458, 0, 0
18041, 303, 32, 74, 0, 0, 13.52%, 0, 0, 5, 304.95, 3849175, 458, 0, 0
18046, 303, 71, 74, 0, 0, 13.52%, 0, 0, 5, 42.21, 3849942, 458, 0, 0
18051, 303, 73, 74, 0, 0, 13.52%, 0, 0, 5, 48.16, 3850794, 458, 0, 0
18056, 303, 2, 74, 0, 0, 13.52%, 0, 0, 5, 31.41, 3851663, 458, 0, 0
18061, 303, 73, 74, 0, 0, 13.52%, 0, 0, 5, 227.04, 3852267, 458, 0, 0
18066, 303, 25, 74, 0, 0, 13.52%, 0, 0, 5, 36.42, 3852687, 458, 0, 0
18071, 303, 16, 74, 0, 0, 13.52%, 0, 0, 5, 31.21, 3853550, 458, 0, 0
18077, 304, 25, 74, 0, 0, 13.52%, 0, 0, 5, 31.15, 3854440, 458, 0, 0
18082, 304, 73, 74, 0, 0, 13.52%, 0, 0, 5, 323.59, 3855151, 458, 0, 0
18087, 304, 2, 74, 0, 0, 13.52%, 0, 0, 5, 328.71, 3855645, 458, 0, 0
18092, 304, 73, 74, 0, 0, 13.52%, 0, 0, 5, 31.51, 3856287, 458, 0, 0
18097, 304, 73, 74, 0, 0, 13.52%, 0, 0, 5, 34.54, 3857140, 458, 0, 0
18102, 304, 1, 74, 0, 0, 13.52%, 0, 0, 5, 30.53, 3857954, 458, 0, 0
18107, 304, 73, 74, 0, 0, 13.52%, 0, 0, 5, 271.16, 3858747, 458, 0, 0
18112, 304, 73, 74, 0, 0, 13.52%, 0, 0, 5, 240.36, 3859307, 458, 0, 0
18117, 304, 73, 74, 0, 0, 13.52%, 0, 0, 5, 315.57, 3859827, 458, 0, 0
18123, 304, 40, 74, 0, 0, 13.52%, 0, 0, 5, 31.21, 3860517, 458, 0, 0
18128, 304, 73, 74, 0, 0, 13.52%, 0, 0, 5, 30.40, 3861371, 458, 0, 0
18133, 304, 11, 74, 0, 0, 13.52%, 0, 0, 5, 30.49, 3862200, 458, 0, 0
18138, 304, 73, 74, 0, 0, 13.52%, 0, 0, 5, 264.82, 3862992, 458, 0, 0
18143, 304, 60, 74, 0, 0, 13.52%, 0, 0, 5, 312.57, 3863526, 458, 0, 0
18148, 304, 60, 74, 0, 0, 13.52%, 0, 0, 5, 210.77, 3864067, 458, 0, 0
18153, 304, 18, 74, 0, 0, 13.52%, 0, 0, 5, 31.13, 3864784, 458, 0, 0
18158, 304, 46, 74, 0, 0, 13.52%, 0, 0, 5, 31.42, 3865594, 458, 0, 0
18164, 304, 32, 74, 0, 0, 13.52%, 0, 0, 5, 31.36, 3866399, 458, 0, 0
18169, 304, 73, 74, 0, 0, 13.52%, 0, 0, 5, 321.03, 3867165, 458, 0, 0
18174, 304, 73, 74, 0, 0, 13.52%, 0, 0, 5, 325.40, 3867731, 458, 0, 0
18179, 304, 73, 74, 0, 0, 13.52%, 0, 0, 5, 182.87, 3868256, 458, 0, 0
18184, 304, 73, 74, 0, 0, 13.52%, 0, 0, 5, 30.72, 3868955, 458, 0, 0
18189, 305, 73, 74, 0, 0, 13.52%, 0, 0, 5, 30.83, 3869750, 458, 0, 0
18194, 305, 73, 74, 0, 0, 13.52%, 0, 0, 5, 31.34, 3870534, 458, 0, 0
18199, 305, 73, 74, 0, 0, 13.52%, 0, 0, 5, 253.48, 3871292, 458, 0, 0
18204, 305, 58, 74, 0, 0, 13.52%, 0, 0, 5, 316.99, 3871893, 458, 0, 0
18210, 305, 73, 74, 0, 0, 13.52%, 0, 0, 5, 322.50, 3872451, 458, 0, 0
18215, 305, 41, 74, 0, 0, 13.52%, 0, 0, 5, 31.18, 3872999, 458, 0, 0
18220, 305, 63, 74, 0, 0, 13.52%, 0, 0, 5, 30.54, 3873756, 458, 0, 0
18225, 305, 73, 74, 0, 0, 13.52%, 0, 0, 5, 31.47, 3874552, 458, 0, 0
18230, 305, 73, 74, 0, 0, 13.52%, 0, 0, 5, 30.30, 3875417, 458, 0, 0
18235, 305, 61, 74, 0, 0, 13.52%, 0, 0, 5, 289.49, 3875922, 458, 0, 0
18240, 305, 73, 74, 0, 0, 13.52%, 0, 0, 5, 30.91, 3876452, 458, 0, 0
18245, 305, 28, 74, 0, 0, 13.52%, 0, 0, 5, 31.30, 3877319, 458, 0, 0
18250, 305, 73, 74, 0, 0, 13.52%, 0, 0, 5, 30.52, 3878177, 458, 0, 0
18255, 305, 73, 74, 0, 0, 13.52%, 0, 0, 5, 314.15, 3878817, 458, 0, 0
18261, 305, 25, 74, 0, 0, 13.52%, 0, 0, 5, 173.27, 3879228, 458, 0, 0
18266, 305, 73, 74, 0, 0, 13.52%, 0, 0, 5, 30.60, 3880048, 458, 0, 0
18271, 305, 73, 74, 0, 0, 13.52%, 0, 0, 5, 30.48, 3880877, 458, 0, 0
18276, 305, 32, 74, 0, 0, 13.52%, 0, 0, 5, 308.62, 3881745, 458, 0, 0
18281, 305, 11, 74, 0, 0, 13.52%, 0, 0, 5, 325.07, 3882217, 458, 0, 0
18286, 305, 60, 74, 0, 0, 13.52%, 0, 0, 5, 35.65, 3882729, 458, 0, 0
18291, 305, 73, 74, 0, 0, 13.52%, 0, 0, 5, 31.43, 3883606, 458, 0, 0
18296, 305, 25, 74, 0, 0, 13.52%, 0, 0, 5, 31.13, 3884440, 458, 0, 0
18301, 305, 4, 74, 0, 0, 13.52%, 0, 0, 5, 328.57, 3885211, 458, 0, 0
18307, 306, 4, 74, 0, 0, 13.52%, 0, 0, 5, 269.99, 3885632, 458, 0, 0
18312, 306, 11, 74, 0, 0, 13.52%, 0, 0, 5, 30.78, 3886293, 458, 0, 0
18317, 306, 73, 74, 0, 0, 13.52%, 0, 0, 5, 34.89, 3887177, 458, 0, 0
18322, 306, 60, 74, 0, 0, 13.52%, 0, 0, 5, 55.77, 3888025, 458, 0, 0
18327, 306, 73, 74, 0, 0, 13.52%, 0, 0, 5, 267.20, 3888712, 458, 0, 0
18332, 306, 73, 74, 0, 0, 13.52%, 0, 0, 5, 327.27, 3889225, 458, 0, 0
18338, 306, 11, 74, 0, 0, 13.52%, 0, 0, 5, 31.50, 3889860, 458, 0, 0
18343, 306, 36, 74, 0, 0, 13.52%, 0, 0, 5, 30.95, 3890662, 458, 0, 0
18348, 306, 27, 74, 0, 0, 13.52%, 0, 0, 5, 306.51, 3891817, 458, 0, 0
18353, 306, 73, 74, 0, 0, 13.52%, 0, 0, 5, 325.01, 3893129, 458, 0, 0
18358, 306, 43, 74, 0, 0, 13.52%, 0, 0, 5, 316.60, 3894775, 458, 0, 0
18363, 306, 26, 74, 0, 0, 13.52%, 0, 0, 5, 309.77, 3896326, 458, 0, 0
18368, 307, 60, 74, 0, 0, 13.52%, 0, 0, 5, 306.22, 3897864, 458, 0, 0
18373, 307, 25, 74, 0, 0, 13.52%, 0, 0, 5, 256.78, 3899101, 458, 0, 0
18378, 307, 73, 74, 0, 0, 13.52%, 0, 0, 5, 264.90, 3900447, 458, 0, 0
18383, 307, 73, 74, 0, 0, 13.52%, 0, 0, 5, 296.47, 3901977, 458, 0, 0
18388, 307, 60, 74, 0, 0, 13.52%, 0, 0, 5, 301.15, 3903522, 458, 0, 0
18393, 307, 28, 74, 0, 0, 13.52%, 0, 0, 5, 303.83, 3905068, 458, 0, 0
18398, 307, 2, 74, 0, 0, 13.52%, 0, 0, 5, 275.12, 3906482, 458, 0, 0
18403, 308, 40, 74, 0, 0, 13.52%, 0, 0, 5, 272.45, 3907822, 458, 0, 0
18408, 308, 73, 74, 0, 0, 13.52%, 0, 0, 5, 298.97, 3909362, 458, 0, 0
18413, 308, 73, 74, 0, 0, 13.52%, 0, 0, 5, 306.42, 3910920, 458, 0, 0
18418, 308, 60, 74, 0, 0, 13.52%, 0, 0, 5, 308.30, 3912474, 458, 0, 0
18424, 308, 73, 74, 0, 0, 13.52%, 0, 0, 5, 284.70, 3913942, 458, 0, 0
18429, 308, 73, 74, 0, 0, 13.52%, 0, 0, 5, 303.64, 3915494, 458, 0, 0
18434, 308, 73, 74, 0, 0, 13.52%, 0, 0, 5, 310.36, 3917072, 458, 0, 0
18439, 308, 73, 74, 0, 0, 13.52%, 0, 0, 5, 311.79, 3918638, 458, 0, 0
18444, 308, 73, 74, 0, 0, 13.52%, 0, 0, 5, 295.82, 3920158, 458, 0, 0
18449, 308, 11, 74, 0, 0, 13.52%, 0, 0, 5, 309.99, 3921756, 458, 0, 0
18454, 309, 4, 74, 0, 0, 13.52%, 0, 0, 5, 312.61, 3923389, 458, 0, 0
18459, 309, 73, 74, 0, 0, 13.52%, 0, 0, 5, 314.31, 3925021, 458, 0, 0
18464, 309, 27, 74, 0, 0, 13.52%, 0, 0, 5, 309.07, 3926583, 458, 0, 0
18470, 309, 73, 74, 0, 0, 13.52%, 0, 0, 5, 311.00, 3928147, 458, 0, 0
18475, 309, 73, 74, 0, 0, 13.52%, 0, 0, 5, 314.41, 3929737, 458, 0, 0
18480, 309, 73, 74, 0, 0, 13.52%, 0, 0, 5, 318.19, 3931393, 458, 0, 0
18485, 309, 73, 74, 0, 0, 13.52%, 0, 0, 5, 314.63, 3932971, 458, 0, 0
18490, 309, 60, 74, 0, 0, 13.52%, 0, 0, 5, 306.63, 3934485, 458, 0, 0
18495, 309, 34, 74, 0, 0, 13.52%, 0, 0, 5, 314.00, 3936070, 458, 0, 0
18500, 310, 28, 74, 0, 0, 13.52%, 0, 0, 5, 313.24, 3937642, 458, 0, 0
18505, 310, 4, 74, 0, 0, 13.52%, 0, 0, 5, 313.69, 3939270, 458, 0, 0
18510, 310, 27, 74, 0, 0, 13.52%, 0, 0, 5, 304.42, 3940788, 458, 0, 0
18516, 310, 73, 74, 0, 0, 13.52%, 0, 0, 5, 314.61, 3942430, 458, 0, 0
18521, 310, 11, 74, 0, 0, 13.52%, 0, 0, 5, 316.72, 3944082, 458, 0, 0
18526, 310, 28, 74, 0, 0, 13.52%, 0, 0, 5, 315.29, 3945658, 458, 0, 0
18531, 310, 4, 74, 0, 0, 13.52%, 0, 0, 5, 305.92, 3947148, 458, 0, 0
18536, 310, 26, 74, 0, 0, 13.52%, 0, 0, 5, 316.72, 3948806, 458, 0, 0
18541, 311, 71, 74, 0, 0, 13.52%, 0, 0, 5, 310.34, 3950336, 458, 0, 0
18546, 311, 35, 74, 0, 0, 13.52%, 0, 0, 5, 314.97, 3951976, 458, 0, 0
18551, 311, 5, 74, 0, 0, 13.52%, 0, 0, 5, 302.65, 3953518, 458, 0, 0
18556, 311, 43, 74, 0, 0, 13.52%, 0, 0, 5, 313.65, 3955152, 458, 0, 0
18562, 311, 19, 74, 0, 0, 13.52%, 0, 0, 5, 315.18, 3956788, 458, 0, 0
18567, 311, 73, 74, 0, 0, 13.52%, 0, 0, 5, 315.78, 3958372, 458, 0, 0
18572, 311, 53, 74, 0, 0, 13.52%, 0, 0, 5, 297.80, 3959847, 458, 0, 0
18577, 312, 28, 74, 0, 0, 13.52%, 0, 0, 5, 315.01, 3961494, 458, 0, 0
18582, 312, 23, 74, 0, 0, 13.52%, 0, 0, 5, 315.63, 3963124, 458, 0, 0
18587, 312, 73, 74, 0, 0, 13.52%, 0, 0, 5, 313.46, 3964686, 458, 0, 0
18592, 312, 28, 74, 0, 0, 13.52%, 0, 0, 5, 292.27, 3966157, 458, 0, 0
18597, 312, 60, 74, 0, 0, 13.52%, 0, 0, 5, 312.85, 3967806, 458, 0, 0
18602, 312, 25, 74, 0, 0, 13.52%, 0, 0, 5, 317.50, 3969458, 458, 0, 0
18608, 312, 60, 74, 0, 0, 13.52%, 0, 0, 5, 316.33, 3971102, 458, 0, 0
18613, 313, 28, 74, 0, 0, 13.52%, 0, 0, 5, 287.71, 3972562, 458, 0, 0
18618, 313, 11, 74, 0, 0, 13.52%, 0, 0, 5, 312.27, 3974157, 458, 0, 0
18623, 313, 27, 74, 0, 0, 13.52%, 0, 0, 5, 316.52, 3975793, 458, 0, 0
18628, 313, 28, 74, 0, 0, 13.52%, 0, 0, 5, 304.41, 3977411, 458, 0, 0
18633, 313, 73, 74, 0, 0, 13.52%, 0, 0, 5, 287.68, 3978907, 458, 0, 0
18638, 313, 31, 74, 0, 0, 13.52%, 0, 0, 5, 310.50, 3980523, 458, 0, 0
18644, 313, 60, 74, 0, 0, 13.52%, 0, 0, 5, 318.60, 3982177, 458, 0, 0
18649, 314, 28, 74, 0, 0, 13.52%, 0, 0, 5, 317.70, 3983763, 458, 0, 0
18654, 314, 18, 74, 0, 0, 13.52%, 0, 0, 5, 298.01, 3985193, 458, 0, 0
18659, 314, 25, 74, 0, 0, 13.52%, 0, 0, 5, 300.53, 3986722, 458, 0, 0
18664, 314, 73, 74, 0, 0, 13.52%, 0, 0, 5, 318.14, 3988225, 458, 0, 0
18669, 314, 28, 74, 0, 0, 13.52%, 0, 0, 5, 308.08, 3989727, 458, 0, 0
18674, 314, 64, 74, 0, 0, 13.52%, 0, 0, 5, 308.53, 3991217, 458, 0, 0
18679, 314, 67, 74, 0, 0, 13.52%, 0, 0, 5, 295.69, 3992632, 458, 0, 0
18684, 314, 60, 74, 0, 0, 13.52%, 0, 0, 5, 314.36, 3994287, 458, 0, 0
18689, 315, 73, 74, 0, 0, 13.52%, 0, 0, 5, 298.51, 3995699, 458, 0, 0
18695, 315, 73, 74, 0, 0, 13.52%, 0, 0, 5, 319.41, 3997249, 458, 0, 0
18700, 315, 60, 74, 0, 0, 13.52%, 0, 0, 5, 320.35, 3998769, 458, 0, 0
18705, 315, 25, 74, 0, 0, 13.52%, 0, 0, 5, 321.78, 4000216, 458, 0, 0
18710, 315, 73, 74, 0, 0, 13.52%, 0, 0, 5, 320.02, 4001744, 458, 0, 0
18715, 315, 73, 74, 0, 0, 13.52%, 0, 0, 5, 309.21, 4003256, 458, 0, 0
18720, 315, 73, 74, 0, 0, 13.52%, 0, 0, 5, 286.59, 4004682, 458, 0, 0
18725, 315, 39, 74, 0, 0, 13.52%, 0, 0, 5, 328.26, 4006192, 458, 0, 0
18730, 316, 36, 74, 0, 0, 13.52%, 0, 0, 5, 310.48, 4007720, 458, 0, 0
18735, 316, 11, 74, 0, 0, 13.52%, 0, 0, 5, 323.74, 4009156, 458, 0, 0
18740, 316, 27, 74, 0, 0, 13.52%, 0, 0, 5, 161.17, 4010660, 458, 0, 0
18745, 316, 11, 74, 0, 0, 13.52%, 0, 0, 5, 324.61, 4012168, 458, 0, 0
18750, 316, 32, 74, 0, 0, 13.52%, 0, 0, 5, 303.65, 4013614, 458, 0, 0
18755, 316, 73, 74, 0, 0, 13.52%, 0, 0, 5, 302.01, 4015070, 458, 0, 0
18760, 316, 32, 74, 0, 0, 13.52%, 0, 0, 5, 302.65, 4016562, 458, 0, 0
18765, 316, 27, 74, 0, 0, 13.52%, 0, 0, 5, 299.30, 4017947, 458, 0, 0
18771, 317, 73, 74, 0, 0, 13.52%, 0, 0, 5, 319.01, 4019486, 458, 0, 0
18776, 317, 32, 74, 0, 0, 13.52%, 0, 0, 5, 319.25, 4020998, 458, 0, 0
18781, 317, 73, 74, 0, 0, 13.52%, 0, 0, 5, 305.82, 4022464, 458, 0, 0
18786, 317, 11, 74, 0, 0, 13.52%, 0, 0, 5, 310.21, 4024032, 458, 0, 0
18791, 317, 73, 74, 0, 0, 13.52%, 0, 0, 5, 323.23, 4025444, 458, 0, 0
18796, 317, 73, 74, 0, 0, 13.52%, 0, 0, 5, 307.07, 4026950, 458, 0, 0
18801, 317, 43, 74, 0, 0, 13.52%, 0, 0, 5, 324.67, 4028468, 458, 0, 0
18806, 317, 58, 74, 0, 0, 13.52%, 0, 0, 5, 261.56, 4029882, 458, 0, 0
18811, 318, 40, 74, 0, 0, 13.52%, 0, 0, 5, 324.23, 4031426, 458, 0, 0
18816, 318, 73, 74, 0, 0, 13.52%, 0, 0, 5, 298.67, 4032867, 458, 0, 0
18822, 318, 73, 74, 0, 0, 13.52%, 0, 0, 5, 301.21, 4034314, 458, 0, 0
18827, 318, 43, 74, 0, 0, 13.52%, 0, 0, 5, 320.17, 4035874, 458, 0, 0
18832, 318, 32, 74, 0, 0, 13.52%, 0, 0, 5, 327.70, 4037320, 458, 0, 0
18837, 318, 73, 74, 0, 0, 13.52%, 0, 0, 5, 40.82, 4038794, 458, 0, 0
18842, 318, 73, 74, 0, 0, 13.52%, 0, 0, 5, 163.19, 4040237, 458, 0, 0
18848, 318, 13, 74, 0, 0, 13.52%, 0, 0, 5, 289.21, 4041867, 458, 0, 0
18853, 319, 73, 74, 0, 0, 13.52%, 0, 0, 5, 325.26, 4043256, 458, 0, 0
18858, 319, 25, 74, 0, 0, 13.52%, 0, 0, 5, 304.05, 4044768, 458, 0, 0
18863, 319, 73, 74, 0, 0, 13.52%, 0, 0, 5, 304.69, 4046236, 458, 0, 0
18868, 319, 73, 74, 0, 0, 13.52%, 0, 0, 5, 319.23, 4047668, 458, 0, 0
18873, 319, 43, 74, 0, 0, 13.52%, 0, 0, 5, 319.11, 4049156, 458, 0, 0
18878, 319, 73, 74, 0, 0, 13.52%, 0, 0, 5, 306.91, 4050646, 458, 0, 0
18883, 319, 73, 74, 0, 0, 13.52%, 0, 0, 5, 317.98, 4052076, 458, 0, 0
18888, 319, 28, 74, 0, 0, 13.52%, 0, 0, 5, 294.28, 4053556, 458, 0, 0
18893, 319, 73, 74, 0, 0, 13.52%, 0, 0, 5, 301.05, 4055052, 458, 0, 0
18899, 319, 73, 74, 0, 0, 13.52%, 0, 0, 5, 292.97, 4056492, 458, 0, 0
18904, 320, 2, 74, 0, 0, 13.52%, 0, 0, 5, 314.99, 4058095, 458, 0, 0
18909, 320, 73, 74, 0, 0, 13.52%, 0, 0, 5, 324.49, 4059481, 458, 0, 0
18914, 320, 73, 74, 0, 0, 13.52%, 0, 0, 5, 325.15, 4060943, 458, 0, 0
18919, 320, 73, 74, 0, 0, 13.52%, 0, 0, 5, 55.81, 4062421, 458, 0, 0
18924, 320, 73, 74, 0, 0, 13.52%, 0, 0, 5, 329.36, 4063955, 458, 0, 0
18929, 320, 26, 74, 0, 0, 13.52%, 0, 0, 5, 323.93, 4065373, 458, 0, 0
18934, 320, 73, 74, 0, 0, 13.52%, 0, 0, 5, 292.45, 4066757, 458, 0, 0
18939, 320, 73, 74, 0, 0, 13.52%, 0, 0, 5, 315.20, 4068413, 458, 0, 0
18945, 320, 60, 74, 0, 0, 13.52%, 0, 0, 5, 314.13, 4069819, 458, 0, 0
18950, 320, 60, 74, 0, 0, 13.52%, 0, 0, 5, 30.59, 4070925, 458, 0, 0
18955, 320, 60, 74, 0, 0, 13.52%, 0, 0, 5, 252.60, 4071357, 458, 0, 0
18960, 321, 32, 74, 0, 0, 13.52%, 0, 0, 5, 31.67, 4072527, 458, 0, 0
18965, 321, 73, 74, 0, 0, 13.52%, 0, 0, 5, 31.16, 4073872, 458, 0, 0
18970, 321, 39, 74, 0, 0, 13.52%, 0, 0, 5, 322.42, 4074949, 458, 0, 0
18975, 321, 18, 74, 0, 0, 13.52%, 0, 0, 5, 314.99, 4075867, 458, 0, 0
18980, 321, 73, 74, 0, 0, 13.52%, 0, 0, 5, 328.09, 4076857, 458, 0, 0
18986, 321, 73, 74, 0, 0, 13.52%, 0, 0, 5, 316.68, 4077779, 458, 0, 0
18991, 321, 73, 74, 0, 0, 13.52%, 0, 0, 5, 29.88, 4078691, 458, 0, 0
18996, 321, 73, 74, 0, 0, 13.52%, 0, 0, 5, 36.55, 4079758, 458, 0, 0
19001, 321, 73, 74, 0, 0, 13.52%, 0, 0, 5, 31.24, 4080797, 458, 0, 0
19006, 321, 73, 74, 0, 0, 13.52%, 0, 0, 5, 31.55, 4081783, 458, 0, 0
19011, 321, 21, 74, 0, 0, 13.52%, 0, 0, 5, 31.45, 4082817, 458, 0, 0
19016, 321, 35, 74, 0, 0, 13.52%, 0, 0, 5, 325.73, 4083783, 458, 0, 0
19021, 321, 73, 74, 0, 0, 13.52%, 0, 0, 5, 239.41, 4084605, 458, 0, 0
19026, 321, 73, 74, 0, 0, 13.52%, 0, 0, 5, 319.47, 4085335, 458, 0, 0
19031, 321, 73, 74, 0, 0, 13.52%, 0, 0, 5, 272.94, 4086072, 458, 0, 0
19036, 321, 53, 74, 0, 0, 13.52%, 0, 0, 5, 30.96, 4086942, 458, 0, 0
19042, 322, 73, 74, 0, 0, 13.52%, 0, 0, 5, 30.59, 4087895, 458, 0, 0
19047, 322, 71, 74, 0, 0, 13.52%, 0, 0, 5, 31.16, 4088853, 458, 0, 0
19052, 322, 73, 74, 0, 0, 13.52%, 0, 0, 5, 30.53, 4089739, 458, 0, 0
19057, 322, 32, 74, 0, 0, 13.52%, 0, 0, 5, 30.20, 4090616, 458, 0, 0
19062, 322, 73, 74, 0, 0, 13.52%, 0, 0, 5, 284.07, 4091507, 458, 0, 0
19067, 322, 4, 74, 0, 0, 13.52%, 0, 0, 5, 328.46, 4092161, 458, 0, 0
19072, 322, 26, 74, 0, 0, 13.52%, 0, 0, 5, 328.36, 4092711, 458, 0, 0
19077, 322, 73, 74, 0, 0, 13.52%, 0, 0, 5, 44.40, 4093608, 458, 0, 0
19083, 322, 73, 74, 0, 0, 13.52%, 0, 0, 5, 31.37, 4094631, 458, 0, 0
19088, 322, 46, 74, 0, 0, 13.52%, 0, 0, 5, 328.19, 4095425, 458, 0, 0
19093, 322, 13, 74, 0, 0, 13.52%, 0, 0, 5, 322.68, 4095973, 458, 0, 0
19098, 322, 73, 74, 0, 0, 13.52%, 0, 0, 5, 31.33, 4096732, 458, 0, 0
19103, 322, 32, 74, 0, 0, 13.52%, 0, 0, 5, 30.54, 4097650, 458, 0, 0
19108, 322, 27, 74, 0, 0, 13.52%, 0, 0, 5, 31.47, 4098570, 458, 0, 0
19113, 322, 66, 74, 0, 0, 13.52%, 0, 0, 5, 320.77, 4099461, 458, 0, 0
19118, 323, 32, 74, 0, 0, 13.52%, 0, 0, 5, 318.99, 4099931, 458, 0, 0
19123, 323, 2, 74, 0, 0, 13.52%, 0, 0, 5, 36.77, 4100518, 458, 0, 0
19129, 323, 73, 74, 0, 0, 13.52%, 0, 0, 5, 30.35, 4101457, 458, 0, 0
19134, 323, 28, 74, 0, 0, 13.52%, 0, 0, 5, 31.26, 4102346, 458, 0, 0
19139, 323, 40, 74, 0, 0, 13.52%, 0, 0, 5, 260.14, 4103187, 458, 0, 0
19144, 323, 73, 74, 0, 0, 13.52%, 0, 0, 5, 303.30, 4103787, 458, 0, 0
19149, 323, 60, 74, 0, 0, 13.52%, 0, 0, 5, 268.65, 4104347, 458, 0, 0
19154, 323, 73, 74, 0, 0, 13.52%, 0, 0, 5, 31.29, 4105139, 458, 0, 0
19159, 323, 39, 74, 0, 0, 13.52%, 0, 0, 5, 41.93, 4106000, 458, 0, 0
19164, 323, 60, 74, 0, 0, 13.52%, 0, 0, 5, 48.99, 4106869, 458, 0, 0
19169, 323, 60, 74, 0, 0, 13.52%, 0, 0, 5, 321.11, 4107512, 458, 0, 0
19174, 323, 73, 74, 0, 0, 13.52%, 0, 0, 5, 263.49, 4108057, 458, 0, 0
19179, 323, 73, 74, 0, 0, 13.52%, 0, 0, 5, 30.61, 4108721, 458, 0, 0
19185, 323, 73, 74, 0, 0, 13.52%, 0, 0, 5, 30.28, 4109604, 458, 0, 0
19190, 323, 73, 74, 0, 0, 13.52%, 0, 0, 5, 31.25, 4110451, 458, 0, 0
19195, 323, 33, 74, 0, 0, 13.52%, 0, 0, 5, 30.40, 4111307, 458, 0, 0
19200, 323, 73, 74, 0, 0, 13.52%, 0, 0, 5, 244.01, 4111984, 458, 0, 0
19205, 323, 73, 74, 0, 0, 13.52%, 0, 0, 5, 324.60, 4112556, 458, 0, 0
19210, 323, 26, 74, 0, 0, 13.52%, 0, 0, 5, 30.87, 4113169, 458, 0, 0
19215, 324, 32, 74, 0, 0, 13.52%, 0, 0, 5, 45.19, 4114046, 458, 0, 0
19220, 324, 73, 74, 0, 0, 13.52%, 0, 0, 5, 30.73, 4114908, 458, 0, 0
19225, 324, 28, 74, 0, 0, 13.52%, 0, 0, 5, 31.15, 4115712, 458, 0, 0
19231, 324, 32, 74, 0, 0, 13.52%, 0, 0, 5, 240.77, 4116428, 458, 0, 0
19236, 324, 73, 74, 0, 0, 13.52%, 0, 0, 5, 312.55, 4116982, 458, 0, 0
19241, 324, 43, 74, 0, 0, 13.52%, 0, 0, 5, 288.56, 4117546, 458, 0, 0
19246, 324, 53, 74, 0, 0, 13.52%, 0, 0, 5, 43.42, 4118321, 458, 0, 0
19251, 324, 73, 74, 0, 0, 13.52%, 0, 0, 5, 31.17, 4119133, 458, 0, 0
19256, 324, 25, 74, 0, 0, 13.52%, 0, 0, 5, 30.57, 4119957, 458, 0, 0
19261, 324, 73, 74, 0, 0, 13.52%, 0, 0, 5, 285.80, 4120757, 458, 0, 0
19266, 324, 73, 74, 0, 0, 13.52%, 0, 0, 5, 327.70, 4121350, 458, 0, 0
19271, 324, 60, 74, 0, 0, 13.52%, 0, 0, 5, 313.83, 4121964, 458, 0, 0
19276, 324, 1, 74, 0, 0, 13.52%, 0, 0, 5, 31.26, 4122539, 458, 0, 0
19282, 324, 73, 74, 0, 0, 13.52%, 0, 0, 5, 31.17, 4123337, 458, 0, 0
19287, 324, 73, 74, 0, 0, 13.52%, 0, 0, 5, 31.09, 4124133, 458, 0, 0
19292, 324, 73, 74, 0, 0, 13.52%, 0, 0, 5, 30.68, 4124940, 458, 0, 0
19297, 324, 54, 74, 0, 0, 13.52%, 0, 0, 5, 31.35, 4125832, 458, 0, 0
19302, 324, 32, 74, 0, 0, 13.52%, 0, 0, 5, 230.27, 4126448, 458, 0, 0
19307, 325, 28, 74, 0, 0, 13.52%, 0, 0, 5, 36.93, 4126916, 458, 0, 0
19313, 325, 60, 74, 0, 0, 13.52%, 0, 0, 5, 36.64, 4127817, 458, 0, 0
19318, 325, 43, 74, 0, 0, 13.52%, 0, 0, 5, 31.15, 4128714, 458, 0, 0
19323, 325, 43, 74, 0, 0, 13.52%, 0, 0, 5, 240.70, 4129380, 458, 0, 0
19328, 325, 30, 74, 0, 0, 13.52%, 0, 0, 5, 279.94, 4129851, 458, 0, 0
19333, 325, 73, 74, 0, 0, 13.52%, 0, 0, 5, 34.76, 4130610, 458, 0, 0
19338, 325, 73, 74, 0, 0, 13.52%, 0, 0, 5, 30.46, 4131490, 458, 0, 0
19343, 325, 60, 74, 0, 0, 13.52%, 0, 0, 5, 256.17, 4132347, 458, 0, 0
19348, 325, 11, 74, 0, 0, 13.52%, 0, 0, 5, 327.60, 4132900, 458, 0, 0
19353, 325, 27, 74, 0, 0, 13.52%, 0, 0, 5, 31.45, 4133405, 458, 0, 0
19358, 325, 27, 74, 0, 0, 13.52%, 0, 0, 5, 31.20, 4134275, 458, 0, 0
19363, 325, 27, 74, 0, 0, 13.52%, 0, 0, 5, 30.64, 4135115, 458, 0, 0
19369, 325, 73, 74, 0, 0, 13.52%, 0, 0, 5, 296.45, 4135977, 458, 0, 0
19374, 325, 73, 74, 0, 0, 13.52%, 0, 0, 5, 220.60, 4136356, 458, 0, 0
19379, 325, 60, 74, 0, 0, 13.52%, 0, 0, 5, 30.55, 4137026, 458, 0, 0
19384, 325, 73, 74, 0, 0, 13.52%, 0, 0, 5, 31.24, 4137899, 458, 0, 0
19389, 326, 43, 74, 0, 0, 13.52%, 0, 0, 5, 31.15, 4138742, 458, 0, 0
19394, 326, 73, 74, 0, 0, 13.52%, 0, 0, 5, 263.87, 4139357, 458, 0, 0
19399, 326, 73, 74, 0, 0, 13.52%, 0, 0, 5, 257.43, 4139823, 458, 0, 0
19404, 326, 73, 74, 0, 0, 13.52%, 0, 0, 5, 37.93, 4140641, 458, 0, 0
19409, 326, 73, 74, 0, 0, 13.52%, 0, 0, 5, 31.18, 4141492, 458, 0, 0
19414, 326, 27, 74, 0, 0, 13.52%, 0, 0, 5, 303.61, 4142336, 458, 0, 0
19419, 326, 40, 74, 0, 0, 13.52%, 0, 0, 5, 244.85, 4142956, 458, 0, 0
19425, 326, 73, 74, 0, 0, 13.52%, 0, 0, 5, 179.19, 4143476, 458, 0, 0
19430, 326, 2, 74, 0, 0, 13.52%, 0, 0, 5, 30.40, 4144142, 458, 0, 0
19435, 326, 18, 74, 0, 0, 13.52%, 0, 0, 5, 31.28, 4144957, 458, 0, 0
19440, 326, 73, 74, 0, 0, 13.52%, 0, 0, 5, 30.52, 4145790, 458, 0, 0
19445, 326, 73, 74, 0, 0, 13.52%, 0, 0, 5, 31.09, 4146634, 458, 0, 0
19451, 326, 11, 74, 0, 0, 13.52%, 0, 0, 5, 299.29, 4147327, 458, 0, 0
19456, 326, 25, 74, 0, 0, 13.52%, 0, 0, 5, 329.06, 4147870, 458, 0, 0
19461, 326, 60, 74, 0, 0, 13.52%, 0, 0, 5, 30.36, 4148428, 458, 0, 0
19466, 326, 73, 74, 0, 0, 13.52%, 0, 0, 5, 33.68, 4149231, 458, 0, 0
19471, 326, 73, 74, 0, 0, 13.52%, 0, 0, 5, 45.15, 4150057, 458, 0, 0
19476, 326, 73, 74, 0, 0, 13.52%, 0, 0, 5, 31.32, 4150828, 458, 0, 0
19482, 326, 60, 74, 0, 0, 13.52%, 0, 0, 5, 31.17, 4151644, 458, 0, 0
19487, 326, 32, 74, 0, 0, 13.52%, 0, 0, 5, 319.70, 4152418, 458, 0, 0
19492, 326, 73, 74, 0, 0, 13.52%, 0, 0, 5, 263.04, 4152917, 458, 0, 0
19497, 326, 73, 74, 0, 0, 13.52%, 0, 0, 5, 321.78, 4153499, 458, 0, 0
19502, 327, 68, 74, 0, 0, 13.52%, 0, 0, 5, 31.50, 4154207, 458, 0, 0
19507, 327, 73, 74, 0, 0, 13.52%, 0, 0, 5, 30.62, 4155009, 458, 0, 0
19512, 327, 73, 74, 0, 0, 13.52%, 0, 0, 5, 31.22, 4155780, 458, 0, 0
19518, 327, 18, 74, 0, 0, 13.52%, 0, 0, 5, 31.16, 4156569, 458, 0, 0
19523, 327, 61, 74, 0, 0, 13.52%, 0, 0, 5, 323.13, 4157288, 458, 0, 0
19528, 327, 60, 74, 0, 0, 13.52%, 0, 0, 5, 196.99, 4157754, 458, 0, 0
19533, 327, 26, 74, 0, 0, 13.52%, 0, 0, 5, 31.15, 4158329, 458, 0, 0
19538, 327, 25, 74, 0, 0, 13.52%, 0, 0, 5, 30.97, 4159193, 458, 0, 0
19543, 327, 25, 74, 0, 0, 13.52%, 0, 0, 5, 31.08, 4160065, 458, 0, 0
19548, 327, 73, 74, 0, 0, 13.52%, 0, 0, 5, 231.79, 4160664, 458, 0, 0
19553, 327, 73, 74, 0, 0, 13.52%, 0, 0, 5, 30.97, 4161095, 458, 0, 0
19558, 327, 73, 74, 0, 0, 13.52%, 0, 0, 5, 31.30, 4161942, 458, 0, 0
19564, 327, 4, 74, 0, 0, 13.52%, 0, 0, 5, 31.20, 4162820, 458, 0, 0
19569, 327, 21, 74, 0, 0, 13.52%, 0, 0, 5, 336.38, 4163542, 458, 0, 0
19574, 327, 32, 74, 0, 0, 13.52%, 0, 0, 5, 329.72, 4163994, 458, 0, 0
19579, 327, 73, 74, 0, 0, 13.52%, 0, 0, 5, 30.90, 4164719, 458, 0, 0
19584, 327, 25, 74, 0, 0, 13.52%, 0, 0, 5, 31.11, 4165559, 458, 0, 0
19589, 328, 46, 74, 0, 0, 13.52%, 0, 0, 5, 307.91, 4166406, 458, 0, 0
19594, 328, 28, 74, 0, 0, 13.52%, 0, 0, 5, 327.93, 4166942, 458, 0, 0
19599, 328, 60, 74, 0, 0, 13.52%, 0, 0, 5, 31.43, 4167406, 458, 0, 0
19605, 328, 73, 74, 0, 0, 13.52%, 0, 0, 5, 31.10, 4168259, 458, 0, 0
19610, 328, 73, 74, 0, 0, 13.52%, 0, 0, 5, 30.73, 4169078, 458, 0, 0
19615, 328, 25, 74, 0, 0, 13.52%, 0, 0, 5, 32.35, 4169942, 458, 0, 0
19620, 328, 4, 74, 0, 0, 13.52%, 0, 0, 5, 274.22, 4170442, 458, 0, 0
19625, 328, 60, 74, 0, 0, 13.52%, 0, 0, 5, 31.29, 4170962, 458, 0, 0
19630, 328, 28, 74, 0, 0, 13.52%, 0, 0, 5, 41.46, 4171820, 458, 0, 0
19635, 328, 16, 74, 0, 0, 13.52%, 0, 0, 5, 31.24, 4172633, 458, 0, 0
19640, 328, 18, 74, 0, 0, 13.52%, 0, 0, 5, 319.37, 4173269, 458, 0, 0
19645, 328, 32, 74, 0, 0, 13.52%, 0, 0, 5, 311.74, 4173799, 458, 0, 0
19651, 328, 73, 74, 0, 0, 13.52%, 0, 0, 5, 37.23, 4174392, 458, 0, 0
19656, 328, 2, 74, 0, 0, 13.52%, 0, 0, 5, 33.10, 4175215, 458, 0, 0
19661, 328, 11, 74, 0, 0, 13.52%, 0, 0, 5, 47.65, 4176012, 458, 0, 0
19666, 329, 73, 74, 0, 0, 13.52%, 0, 0, 5, 31.48, 4176808, 458, 0, 0
19671, 329, 60, 74, 0, 0, 13.52%, 0, 0, 5, 266.71, 4177602, 458, 0, 0
19676, 329, 73, 74, 0, 0, 13.52%, 0, 0, 5, 294.50, 4178127, 458, 0, 0
19681, 329, 60, 74, 0, 0, 13.52%, 0, 0, 5, 278.85, 4178672, 458, 0, 0
19686, 329, 73, 74, 0, 0, 13.52%, 0, 0, 5, 31.51, 4179391, 458, 0, 0
19691, 329, 18, 74, 0, 0, 13.52%, 0, 0, 5, 31.32, 4180195, 458, 0, 0
19696, 329, 73, 74, 0, 0, 13.52%, 0, 0, 5, 31.31, 4181005, 458, 0, 0
19702, 329, 32, 74, 0, 0, 13.52%, 0, 0, 5, 30.61, 4181799, 458, 0, 0
19707, 329, 25, 74, 0, 0, 13.52%, 0, 0, 5, 269.87, 4182537, 458, 0, 0
19712, 329, 25, 74, 0, 0, 13.52%, 0, 0, 5, 244.90, 4183099, 458, 0, 0
19717, 329, 34, 74, 0, 0, 13.52%, 0, 0, 5, 226.58, 4183719, 458, 0, 0
19722, 329, 73, 74, 0, 0, 13.52%, 0, 0, 5, 30.57, 4184391, 458, 0, 0
19727, 329, 32, 74, 0, 0, 13.52%, 0, 0, 5, 31.25, 4185188, 458, 0, 0
19732, 329, 73, 74, 0, 0, 13.52%, 0, 0, 5, 30.54, 4186005, 458, 0, 0
19737, 329, 73, 74, 0, 0, 13.52%, 0, 0, 5, 31.50, 4186819, 458, 0, 0
19742, 329, 27, 74, 0, 0, 13.52%, 0, 0, 5, 227.33, 4187479, 458, 0, 0
19748, 329, 52, 74, 0, 0, 13.52%, 0, 0, 5, 280.85, 4188117, 458, 0, 0
19753, 329, 73, 74, 0, 0, 13.52%, 0, 0, 5, 290.56, 4188672, 458, 0, 0
19758, 329, 73, 74, 0, 0, 13.52%, 0, 0, 5, 31.27, 4189365, 458, 0, 0
19763, 330, 28, 74, 0, 0, 13.52%, 0, 0, 5, 30.64, 4190241, 458, 0, 0
19768, 330, 73, 74, 0, 0, 13.52%, 0, 0, 5, 243.63, 4191112, 458, 0, 0
19773, 330, 73, 74, 0, 0, 13.52%, 0, 0, 5, 271.24, 4191622, 458, 0, 0
19778, 330, 34, 74, 0, 0, 13.52%, 0, 0, 5, 31.31, 4192119, 458, 0, 0
19783, 330, 73, 74, 0, 0, 13.52%, 0, 0, 5, 30.91, 4192977, 458, 0, 0
19788, 330, 73, 74, 0, 0, 13.52%, 0, 0, 5, 31.17, 4193831, 458, 0, 0
19793, 330, 60, 74, 0, 0, 13.52%, 0, 0, 5, 327.85, 4194593, 458, 0, 0
19799, 330, 28, 74, 0, 0, 13.52%, 0, 0, 5, 327.08, 4195051, 458, 0, 0
19804, 330, 60, 74, 0, 0, 13.52%, 0, 0, 5, 31.28, 4195713, 458, 0, 0
19809, 330, 73, 74, 0, 0, 13.52%, 0, 0, 5, 31.18, 4196595, 458, 0, 0
19814, 330, 73, 74, 0, 0, 13.52%, 0, 0, 5, 31.15, 4197437, 458, 0, 0
19819, 330, 73, 74, 0, 0, 13.52%, 0, 0, 5, 291.33, 4198002, 458, 0, 0
19824, 330, 73, 74, 0, 0, 13.52%, 0, 0, 5, 194.03, 4198493, 458, 0, 0
19829, 330, 73, 74, 0, 0, 13.52%, 0, 0, 5, 31.04, 4199304, 458, 0, 0
19834, 330, 10, 74, 0, 0, 13.52%, 0, 0, 5, 31.21, 4200168, 458, 0, 0
19840, 330, 4, 74, 0, 0, 13.52%, 0, 0, 5, 31.47, 4201026, 458, 0, 0
19845, 330, 32, 74, 0, 0, 13.52%, 0, 0, 5, 316.73, 4201569, 458, 0, 0
19850, 330, 27, 74, 0, 0, 13.52%, 0, 0, 5, 31.00, 4202050, 458, 0, 0
19855, 331, 32, 74, 0, 0, 13.52%, 0, 0, 5, 299.41, 4203687, 458, 0, 0
19860, 331, 73, 74, 0, 0, 13.52%, 0, 0, 5, 315.22, 4205343, 458, 0, 0
19865, 331, 32, 74, 0, 0, 13.52%, 0, 0, 5, 312.00, 4206911, 458, 0, 0
19870, 331, 43, 74, 0, 0, 13.52%, 0, 0, 5, 293.14, 4208422, 458, 0, 0
19875, 331, 73, 74, 0, 0, 13.52%, 0, 0, 5, 263.93, 4209692, 458, 0, 0
19880, 331, 32, 74, 0, 0, 13.52%, 0, 0, 5, 295.37, 4211262, 458, 0, 0
19885, 331, 73, 74, 0, 0, 13.52%, 0, 0, 5, 297.94, 4212762, 458, 0, 0
19891, 331, 73, 74, 0, 0, 13.52%, 0, 0, 5, 298.00, 4214297, 458, 0, 0
19896, 331, 25, 74, 0, 0, 13.52%, 0, 0, 5, 274.35, 4215737, 458, 0, 0
19901, 331, 60, 74, 0, 0, 13.52%, 0, 0, 5, 265.09, 4217042, 458, 0, 0
19906, 332, 73, 74, 0, 0, 13.52%, 0, 0, 5, 278.14, 4218392, 458, 0, 0
19911, 332, 73, 74, 0, 0, 13.52%, 0, 0, 5, 300.26, 4219950, 458, 0, 0
19916, 332, 22, 74, 0, 0, 13.52%, 0, 0, 5, 304.61, 4221508, 458, 0, 0
19921, 332, 73, 74, 0, 0, 13.52%, 0, 0, 5, 305.43, 4223046, 458, 0, 0
19926, 332, 27, 74, 0, 0, 13.52%, 0, 0, 5, 287.71, 4224501, 458, 0, 0
19931, 332, 73, 74, 0, 0, 13.52%, 0, 0, 5, 302.14, 4226050, 458, 0, 0
19936, 332, 73, 74, 0, 0, 13.52%, 0, 0, 5, 309.16, 4227612, 458, 0, 0
19941, 332, 28, 74, 0, 0, 13.52%, 0, 0, 5, 312.70, 4229186, 458, 0, 0
19946, 332, 73, 74, 0, 0, 13.52%, 0, 0, 5, 290.10, 4230707, 458, 0, 0
19952, 333, 43, 74, 0, 0, 13.52%, 0, 0, 5, 311.60, 4232344, 458, 0, 0
19957, 333, 73, 74, 0, 0, 13.52%, 0, 0, 5, 315.70, 4233994, 458, 0, 0
19962, 333, 60, 74, 0, 0, 13.52%, 0, 0, 5, 316.53, 4235638, 458, 0, 0
19967, 333, 28, 74, 0, 0, 13.52%, 0, 0, 5, 293.66, 4237147, 458, 0, 0
19972, 333, 25, 74, 0, 0, 13.52%, 0, 0, 5, 310.51, 4238726, 458, 0, 0
19977, 333, 73, 74, 0, 0, 13.52%, 0, 0, 5, 311.71, 4240350, 458, 0, 0
19982, 333, 60, 74, 0, 0, 13.52%, 0, 0, 5, 311.84, 4241894, 458, 0, 0
19988, 334, 2, 74, 0, 0, 13.52%, 0, 0, 5, 288.38, 4243412, 458, 0, 0
19993, 334, 60, 74, 0, 0, 13.52%, 0, 0, 5, 312.29, 4245057, 458, 0, 0
19998, 334, 73, 74, 0, 0, 13.52%, 0, 0, 5, 314.45, 4246643, 458, 0, 0
20003, 334, 4, 74, 0, 0, 13.52%, 0, 0, 5, 316.43, 4248289, 458, 0, 0
20008, 334, 60, 74, 0, 0, 13.52%, 0, 0, 5, 286.63, 4249802, 458, 0, 0
20013, 334, 39, 74, 0, 0, 13.52%, 0, 0, 5, 312.74, 4251455, 458, 0, 0
20018, 334, 73, 74, 0, 0, 13.52%, 0, 0, 5, 317.22, 4253103, 458, 0, 0
20024, 334, 26, 74, 0, 0, 13.52%, 0, 0, 5, 308.91, 4254688, 458, 0, 0
20029, 335, 25, 74, 0, 0, 13.52%, 0, 0, 5, 293.55, 4256194, 458, 0, 0
20034, 335, 32, 74, 0, 0, 13.52%, 0, 0, 5, 309.28, 4257800, 458, 0, 0
20039, 335, 60, 74, 0, 0, 13.52%, 0, 0, 5, 314.63, 4259432, 458, 0, 0
20044, 335, 73, 74, 0, 0, 13.52%, 0, 0, 5, 316.85, 4261084, 458, 0, 0
20049, 335, 73, 74, 0, 0, 13.52%, 0, 0, 5, 301.90, 4262678, 458, 0, 0
20055, 335, 73, 74, 0, 0, 13.52%, 0, 0, 5, 311.63, 4264262, 458, 0, 0
20060, 335, 11, 74, 0, 0, 13.52%, 0, 0, 5, 315.85, 4265894, 458, 0, 0
20065, 335, 60, 74, 0, 0, 13.52%, 0, 0, 5, 315.06, 4267520, 458, 0, 0
20070, 336, 60, 74, 0, 0, 13.52%, 0, 0, 5, 321.67, 4269096, 458, 0, 0
20075, 336, 60, 74, 0, 0, 13.52%, 0, 0, 5, 300.86, 4270562, 458, 0, 0
20080, 336, 66, 74, 0, 0, 13.52%, 0, 0, 5, 313.12, 4272206, 458, 0, 0
20085, 336, 11, 74, 0, 0, 13.52%, 0, 0, 5, 314.70, 4273836, 458, 0, 0
20090, 336, 73, 74, 0, 0, 13.52%, 0, 0, 5, 315.28, 4275406, 458, 0, 0
20095, 336, 54, 74, 0, 0, 13.52%, 0, 0, 5, 294.17, 4276867, 458, 0, 0
20101, 337, 73, 74, 0, 0, 13.52%, 0, 0, 5, 312.78, 4278514, 458, 0, 0
20106, 337, 73, 74, 0, 0, 13.52%, 0, 0, 5, 318.07, 4280166, 458, 0, 0
20111, 337, 60, 74, 0, 0, 13.52%, 0, 0, 5, 316.45, 4281796, 458, 0, 0
20116, 337, 25, 74, 0, 0, 13.52%, 0, 0, 5, 288.84, 4283232, 458, 0, 0
20121, 337, 23, 74, 0, 0, 13.52%, 0, 0, 5, 310.48, 4284870, 458, 0, 0
20126, 337, 32, 74, 0, 0, 13.52%, 0, 0, 5, 311.57, 4286442, 458, 0, 0
20131, 337, 18, 74, 0, 0, 13.52%, 0, 0, 5, 315.27, 4288088, 458, 0, 0
20136, 337, 32, 74, 0, 0, 13.52%, 0, 0, 5, 288.26, 4289557, 458, 0, 0
20142, 337, 73, 74, 0, 0, 13.52%, 0, 0, 5, 313.65, 4291218, 458, 0, 0
20147, 338, 28, 74, 0, 0, 13.52%, 0, 0, 5, 316.65, 4292864, 458, 0, 0
20152, 338, 11, 74, 0, 0, 13.52%, 0, 0, 5, 316.43, 4294506, 458, 0, 0
20157, 338, 54, 74, 0, 0, 13.52%, 0, 0, 5, 286.56, 4296032, 458, 0, 0
20162, 338, 32, 74, 0, 0, 13.52%, 0, 0, 5, 311.30, 4297670, 458, 0, 0
20167, 338, 60, 74, 0, 0, 13.52%, 0, 0, 5, 326.07, 4299184, 458, 0, 0
20173, 338, 27, 74, 0, 0, 13.52%, 0, 0, 5, 302.78, 4300676, 458, 0, 0
20178, 338, 53, 74, 0, 0, 13.52%, 0, 0, 5, 290.49, 4302152, 458, 0, 0
20183, 339, 2, 74, 0, 0, 13.52%, 0, 0, 5, 319.75, 4303648, 458, 0, 0
20188, 339, 73, 74, 0, 0, 13.52%, 0, 0, 5, 318.87, 4305140, 458, 0, 0
20193, 339, 73, 74, 0, 0, 13.52%, 0, 0, 5, 310.80, 4306686, 458, 0, 0
20198, 339, 73, 74, 0, 0, 13.52%, 0, 0, 5, 305.23, 4308088, 458, 0, 0
20203, 339, 26, 74, 0, 0, 13.52%, 0, 0, 5, 304.38, 4309594, 458, 0, 0
20208, 339, 73, 74, 0, 0, 13.52%, 0, 0, 5, 320.00, 4311048, 458, 0, 0
20213, 339, 11, 74, 0, 0, 13.52%, 0, 0, 5, 318.07, 4312593, 458, 0, 0
20218, 339, 60, 74, 0, 0, 13.52%, 0, 0, 5, 319.41, 4314147, 458, 0, 0
20224, 339, 60, 74, 0, 0, 13.52%, 0, 0, 5, 321.67, 4315569, 458, 0, 0
20229, 339, 53, 74, 0, 0, 13.52%, 0, 0, 5, 180.00, 4317084, 458, 0, 0
20234, 340, 73, 74, 0, 0, 13.52%, 0, 0, 5, 315.00, 4318526, 458, 0, 0
20239, 340, 60, 74, 0, 0, 13.52%, 0, 0, 5, 325.24, 4320045, 458, 0, 0
20244, 340, 60, 74, 0, 0, 13.52%, 0, 0, 5, 323.38, 4321480, 458, 0, 0
20249, 340, 25, 74, 0, 0, 13.52%, 0, 0, 5, 328.80, 4322999, 458, 0, 0
20254, 340, 73, 74, 0, 0, 13.52%, 0, 0, 5, 309.09, 4324525, 458, 0, 0
20259, 340, 72, 74, 0, 0, 13.52%, 0, 0, 5, 319.57, 4326023, 458, 0, 0
20264, 340, 73, 74, 0, 0, 13.52%, 0, 0, 5, 314.18, 4327571, 458, 0, 0
20270, 340, 53, 74, 0, 0, 13.52%, 0, 0, 5, 138.65, 4328991, 458, 0, 0
20275, 340, 60, 74, 0, 0, 13.52%, 0, 0, 5, 324.25, 4330499, 458, 0, 0
20280, 340, 73, 74, 0, 0, 13.52%, 0, 0, 5, 319.21, 4331953, 458, 0, 0
20285, 341, 73, 74, 0, 0, 13.52%, 0, 0, 5, 302.93, 4333465, 458, 0, 0
20290, 341, 19, 74, 0, 0, 13.52%, 0, 0, 5, 302.17, 4334939, 458, 0, 0
20295, 341, 32, 74, 0, 0, 13.52%, 0, 0, 5, 313.43, 4336335, 458, 0, 0
20300, 341, 73, 74, 0, 0, 13.52%, 0, 0, 5, 320.19, 4337845, 458, 0, 0
20305, 341, 60, 74, 0, 0, 13.52%, 0, 0, 5, 298.20, 4339333, 458, 0, 0
20310, 341, 73, 74, 0, 0, 13.52%, 0, 0, 5, 298.71, 4340817, 458, 0, 0
20315, 341, 18, 74, 0, 0, 13.52%, 0, 0, 5, 289.66, 4342262, 458, 0, 0
20321, 341, 73, 74, 0, 0, 13.52%, 0, 0, 5, 298.93, 4343782, 458, 0, 0
20326, 342, 11, 74, 0, 0, 13.52%, 0, 0, 5, 318.41, 4345176, 458, 0, 0
20331, 342, 73, 74, 0, 0, 13.52%, 0, 0, 5, 313.34, 4346732, 458, 0, 0
20336, 342, 73, 74, 0, 0, 13.52%, 0, 0, 5, 312.05, 4348206, 458, 0, 0
20341, 342, 28, 74, 0, 0, 13.52%, 0, 0, 5, 308.42, 4349738, 458, 0, 0
20346, 342, 73, 74, 0, 0, 13.52%, 0, 0, 5, 300.76, 4351157, 458, 0, 0
20351, 342, 60, 74, 0, 0, 13.52%, 0, 0, 5, 317.76, 4352676, 458, 0, 0
20356, 342, 73, 74, 0, 0, 13.52%, 0, 0, 5, 317.48, 4354152, 458, 0, 0
20361, 342, 53, 74, 0, 0, 13.52%, 0, 0, 5, 275.06, 4355612, 458, 0, 0
20367, 342, 73, 74, 0, 0, 13.52%, 0, 0, 5, 301.47, 4357136, 458, 0, 0
20372, 342, 27, 74, 0, 0, 13.52%, 0, 0, 5, 315.99, 4358550, 458, 0, 0
20377, 343, 60, 74, 0, 0, 13.52%, 0, 0, 5, 320.20, 4359982, 458, 0, 0
20382, 343, 32, 74, 0, 0, 13.52%, 0, 0, 5, 311.42, 4361538, 458, 0, 0
20387, 343, 73, 74, 0, 0, 13.52%, 0, 0, 5, 305.74, 4362988, 458, 0, 0
20392, 343, 73, 74, 0, 0, 13.52%, 0, 0, 5, 302.86, 4364534, 458, 0, 0
20397, 343, 28, 74, 0, 0, 13.52%, 0, 0, 5, 322.17, 4366020, 458, 0, 0
20402, 343, 73, 74, 0, 0, 13.52%, 0, 0, 5, 296.21, 4367427, 458, 0, 0
20407, 343, 28, 74, 0, 0, 13.52%, 0, 0, 5, 300.03, 4368922, 458, 0, 0
20412, 343, 59, 74, 0, 0, 13.52%, 0, 0, 5, 326.73, 4370340, 458, 0, 0
20418, 343, 8, 74, 0, 0, 13.52%, 0, 0, 5, 327.30, 4371880, 458, 0, 0
20423, 343, 4, 74, 0, 0, 13.52%, 0, 0, 5, 323.18, 4373320, 458, 0, 0
20428, 344, 73, 74, 0, 0, 13.52%, 0, 0, 5, 300.47, 4374722, 458, 0, 0
20433, 344, 73, 74, 0, 0, 13.52%, 0, 0, 5, 318.03, 4376384, 458, 0, 0
20438, 344, 27, 74, 0, 0, 13.52%, 0, 0, 5, 324.38, 4377826, 458, 0, 0
20443, 344, 73, 74, 0, 0, 13.52%, 0, 0, 5, 315.23, 4379314, 458, 0, 0
20448, 344, 73, 74, 0, 0, 13.52%, 0, 0, 5, 324.66, 4380794, 458, 0, 0
20453, 344, 2, 74, 0, 0, 13.52%, 0, 0, 5, 327.52, 4382238, 458, 0, 0
20459, 344, 27, 74, 0, 0, 13.52%, 0, 0, 5, 299.73, 4383742, 458, 0, 0
20464, 344, 28, 74, 0, 0, 13.52%, 0, 0, 5, 314.10, 4385144, 458, 0, 0
20469, 345, 73, 74, 0, 0, 13.52%, 0, 0, 5, 307.94, 4386678, 458, 0, 0
20474, 345, 43, 74, 0, 0, 13.52%, 0, 0, 5, 278.31, 4387977, 458, 0, 0
20479, 345, 73, 74, 0, 0, 13.52%, 0, 0, 5, 37.32, 4388441, 458, 0, 0
20484, 345, 29, 74, 0, 0, 13.52%, 0, 0, 5, 323.17, 4389501, 458, 0, 0
20489, 345, 73, 74, 0, 0, 13.52%, 0, 0, 5, 267.10, 4390517, 458, 0, 0
20494, 345, 27, 74, 0, 0, 13.52%, 0, 0, 5, 211.71, 4391466, 458, 0, 0
20499, 345, 18, 74, 0, 0, 13.52%, 0, 0, 5, 30.63, 4392340, 458, 0, 0
20505, 345, 73, 74, 0, 0, 13.52%, 0, 0, 5, 30.62, 4393469, 458, 0, 0
20510, 345, 73, 74, 0, 0, 13.52%, 0, 0, 5, 31.21, 4394520, 458, 0, 0
20515, 345, 60, 74, 0, 0, 13.52%, 0, 0, 5, 31.17, 4395546, 458, 0, 0
20520, 345, 26, 74, 0, 0, 13.52%, 0, 0, 5, 32.00, 4396620, 458, 0, 0
20525, 345, 73, 74, 0, 0, 13.52%, 0, 0, 5, 281.62, 4397547, 458, 0, 0
20531, 345, 73, 74, 0, 0, 13.52%, 0, 0, 5, 327.91, 4398400, 458, 0, 0
20536, 345, 73, 74, 0, 0, 13.52%, 0, 0, 5, 302.06, 4399168, 458, 0, 0
20541, 345, 27, 74, 0, 0, 13.52%, 0, 0, 5, 320.20, 4399973, 458, 0, 0
20546, 346, 60, 74, 0, 0, 13.52%, 0, 0, 5, 31.41, 4400897, 458, 0, 0
20551, 346, 73, 74, 0, 0, 13.52%, 0, 0, 5, 31.34, 4401855, 458, 0, 0
20556, 346, 73, 74, 0, 0, 13.52%, 0, 0, 5, 31.40, 4402811, 458, 0, 0
20561, 346, 26, 74, 0, 0, 13.52%, 0, 0, 5, 31.33, 4403774, 458, 0, 0
20566, 346, 24, 74, 0, 0, 13.52%, 0, 0, 5, 251.69, 4404686, 458, 0, 0
20572, 346, 73, 74, 0, 0, 13.52%, 0, 0, 5, 273.13, 4405422, 458, 0, 0
20577, 346, 4, 74, 0, 0, 13.52%, 0, 0, 5, 282.57, 4406152, 458, 0, 0
20582, 346, 73, 74, 0, 0, 13.52%, 0, 0, 5, 331.29, 4406892, 458, 0, 0
20587, 346, 22, 74, 0, 0, 13.52%, 0, 0, 5, 321.78, 4407663, 458, 0, 0
20592, 346, 73, 74, 0, 0, 13.52%, 0, 0, 5, 30.86, 4408464, 458, 0, 0
20597, 346, 27, 74, 0, 0, 13.52%, 0, 0, 5, 31.07, 4409332, 458, 0, 0
20602, 346, 73, 74, 0, 0, 13.52%, 0, 0, 5, 31.45, 4410342, 458, 0, 0
20607, 346, 73, 74, 0, 0, 13.52%, 0, 0, 5, 260.44, 4411317, 458, 0, 0
20612, 346, 73, 74, 0, 0, 13.52%, 0, 0, 5, 304.13, 4411900, 458, 0, 0
20617, 346, 43, 74, 0, 0, 13.52%, 0, 0, 5, 30.87, 4412432, 458, 0, 0
20623, 347, 27, 74, 0, 0, 13.52%, 0, 0, 5, 31.20, 4413371, 458, 0, 0
20628, 347, 25, 74, 0, 0, 13.52%, 0, 0, 5, 31.18, 4414319, 458, 0, 0
20633, 347, 60, 74, 0, 0, 13.52%, 0, 0, 5, 318.57, 4415214, 458, 0, 0
20638, 347, 5, 74, 0, 0, 13.52%, 0, 0, 5, 329.02, 4415808, 458, 0, 0
20643, 347, 73, 74, 0, 0, 13.52%, 0, 0, 5, 234.98, 4416398, 458, 0, 0
20648, 347, 60, 74, 0, 0, 13.52%, 0, 0, 5, 30.60, 4417252, 458, 0, 0
20653, 347, 73, 74, 0, 0, 13.52%, 0, 0, 5, 33.01, 4418153, 458, 0, 0
20659, 347, 73, 74, 0, 0, 13.52%, 0, 0, 5, 31.35, 4419057, 458, 0, 0
20664, 347, 11, 74, 0, 0, 13.52%, 0, 0, 5, 256.74, 4419797, 458, 0, 0
20669, 347, 60, 74, 0, 0, 13.52%, 0, 0, 5, 215.26, 4420294, 458, 0, 0
20674, 347, 29, 74, 0, 0, 13.52%, 0, 0, 5, 31.37, 4421069, 458, 0, 0
20679, 347, 73, 74, 0, 0, 13.52%, 0, 0, 5, 31.49, 4421957, 458, 0, 0
20684, 347, 73, 74, 0, 0, 13.52%, 0, 0, 5, 310.61, 4422856, 458, 0, 0
20689, 347, 28, 74, 0, 0, 13.52%, 0, 0, 5, 258.89, 4423482, 458, 0, 0
20694, 347, 73, 74, 0, 0, 13.52%, 0, 0, 5, 280.40, 4424072, 458, 0, 0
20699, 347, 60, 74, 0, 0, 13.52%, 0, 0, 5, 35.38, 4424785, 458, 0, 0
20704, 347, 73, 74, 0, 0, 13.52%, 0, 0, 5, 31.42, 4425618, 458, 0, 0
20710, 347, 73, 74, 0, 0, 13.52%, 0, 0, 5, 30.79, 4426477, 458, 0, 0
20715, 347, 73, 74, 0, 0, 13.52%, 0, 0, 5, 31.13, 4427315, 458, 0, 0
20720, 347, 73, 74, 0, 0, 13.52%, 0, 0, 5, 326.51, 4428016, 458, 0, 0
20725, 348, 28, 74, 0, 0, 13.52%, 0, 0, 5, 320.32, 4428608, 458, 0, 0
20730, 348, 28, 74, 0, 0, 13.52%, 0, 0, 5, 325.00, 4429196, 458, 0, 0
20735, 348, 27, 74, 0, 0, 13.52%, 0, 0, 5, 45.48, 4429976, 458, 0, 0
20740, 348, 73, 74, 0, 0, 13.52%, 0, 0, 5, 41.38, 4430805, 458, 0, 0
20746, 348, 60, 74, 0, 0, 13.52%, 0, 0, 5, 30.62, 4431671, 458, 0, 0
20751, 348, 60, 74, 0, 0, 13.52%, 0, 0, 5, 252.31, 4432502, 458, 0, 0
20756, 348, 60, 74, 0, 0, 13.52%, 0, 0, 5, 319.19, 4433144, 458, 0, 0
20761, 348, 73, 74, 0, 0, 13.52%, 0, 0, 5, 242.19, 4433690, 458, 0, 0
20766, 348, 40, 74, 0, 0, 13.52%, 0, 0, 5, 31.41, 4434315, 458, 0, 0
20771, 348, 73, 74, 0, 0, 13.52%, 0, 0, 5, 30.97, 4435116, 458, 0, 0
20776, 348, 43, 74, 0, 0, 13.52%, 0, 0, 5, 31.23, 4435950, 458, 0, 0
20781, 348, 73, 74, 0, 0, 13.52%, 0, 0, 5, 31.43, 4436773, 458, 0, 0
20786, 348, 73, 74, 0, 0, 13.52%, 0, 0, 5, 36.81, 4437590, 458, 0, 0
20791, 348, 73, 74, 0, 0, 13.52%, 0, 0, 5, 281.47, 4438282, 458, 0, 0
20797, 348, 25, 74, 0, 0, 13.52%, 0, 0, 5, 319.64, 4438814, 458, 0, 0
20802, 348, 73, 74, 0, 0, 13.52%, 0, 0, 5, 283.58, 4439430, 458, 0, 0
20807, 348, 43, 74, 0, 0, 13.52%, 0, 0, 5, 33.95, 4440212, 458, 0, 0
20812, 348, 73, 74, 0, 0, 13.52%, 0, 0, 5, 31.52, 4441026, 458, 0, 0
20817, 348, 26, 74, 0, 0, 13.52%, 0, 0, 5, 31.06, 4441843, 458, 0, 0
20822, 349, 73, 74, 0, 0, 13.52%, 0, 0, 5, 31.35, 4442667, 458, 0, 0
20827, 349, 58, 74, 0, 0, 13.52%, 0, 0, 5, 327.39, 4443386, 458, 0, 0
20832, 349, 4, 74, 0, 0, 13.52%, 0, 0, 5, 315.37, 4443856, 458, 0, 0
20838, 349, 12, 74, 0, 0, 13.52%, 0, 0, 5, 31.40, 4444572, 458, 0, 0
20843, 349, 73, 74, 0, 0, 13.52%, 0, 0, 5, 31.34, 4445462, 458, 0, 0
20848, 349, 27, 74, 0, 0, 13.52%, 0, 0, 5, 44.96, 4446324, 458, 0, 0
20853, 349, 66, 74, 0, 0, 13.52%, 0, 0, 5, 324.39, 4446913, 458, 0, 0
20858, 349, 27, 74, 0, 0, 13.52%, 0, 0, 5, 41.34, 4447391, 458, 0, 0
20863, 349, 72, 74, 0, 0, 13.52%, 0, 0, 5, 33.89, 4448220, 458, 0, 0
20868, 349, 53, 74, 0, 0, 13.52%, 0, 0, 5, 31.00, 4449095, 458, 0, 0
20874, 349, 25, 74, 0, 0, 13.52%, 0, 0, 5, 306.58, 4449949, 458, 0, 0
20879, 349, 18, 74, 0, 0, 13.52%, 0, 0, 5, 319.37, 4450467, 458, 0, 0
20884, 349, 4, 74, 0, 0, 13.52%, 0, 0, 5, 31.49, 4450988, 458, 0, 0
20889, 350, 32, 74, 0, 0, 13.52%, 0, 0, 5, 31.25, 4451835, 458, 0, 0
20894, 350, 73, 74, 0, 0, 13.52%, 0, 0, 5, 31.13, 4452725, 458, 0, 0
20899, 350, 60, 74, 0, 0, 13.52%, 0, 0, 5, 320.44, 4453502, 458, 0, 0
20904, 350, 4, 74, 0, 0, 13.52%, 0, 0, 5, 332.06, 4453948, 458, 0, 0
20909, 350, 28, 74, 0, 0, 13.52%, 0, 0, 5, 31.46, 4454632, 458, 0, 0
20914, 350, 58, 74, 0, 0, 13.52%, 0, 0, 5, 31.42, 4455472, 458, 0, 0
20919, 350, 73, 74, 0, 0, 13.52%, 0, 0, 5, 31.65, 4456337, 458, 0, 0
20925, 350, 32, 74, 0, 0, 13.52%, 0, 0, 5, 288.75, 4457017, 458, 0, 0
20930, 350, 60, 74, 0, 0, 13.52%, 0, 0, 5, 321.61, 4457554, 458, 0, 0
20935, 350, 73, 74, 0, 0, 13.52%, 0, 0, 5, 30.87, 4458212, 458, 0, 0
20940, 350, 73, 74, 0, 0, 13.52%, 0, 0, 5, 30.58, 4459078, 458, 0, 0
20945, 350, 73, 74, 0, 0, 13.52%, 0, 0, 5, 30.95, 4459885, 458, 0, 0
20950, 350, 26, 74, 0, 0, 13.52%, 0, 0, 5, 315.85, 4460700, 458, 0, 0
20956, 350, 27, 74, 0, 0, 13.52%, 0, 0, 5, 318.80, 4461236, 458, 0, 0
20961, 350, 60, 74, 0, 0, 13.52%, 0, 0, 5, 31.14, 4461711, 458, 0, 0
20966, 350, 18, 74, 0, 0, 13.52%, 0, 0, 5, 35.73, 4462552, 458, 0, 0
20971, 350, 73, 74, 0, 0, 13.52%, 0, 0, 5, 31.06, 4463371, 458, 0, 0
20976, 351, 27, 74, 0, 0, 13.52%, 0, 0, 5, 31.54, 4464189, 458, 0, 0
20981, 351, 4, 74, 0, 0, 13.52%, 0, 0, 5, 322.11, 4464958, 458, 0, 0
20986, 351, 73, 74, 0, 0, 13.52%, 0, 0, 5, 230.43, 4465436, 458, 0, 0
20991, 351, 73, 74, 0, 0, 13.52%, 0, 0, 5, 31.04, 4465980, 458, 0, 0
20996, 351, 73, 74, 0, 0, 13.52%, 0, 0, 5, 42.61, 4466802, 458, 0, 0
21002, 351, 53, 74, 0, 0, 13.52%, 0, 0, 5, 31.26, 4467630, 458, 0, 0
21007, 351, 2, 74, 0, 0, 13.52%, 0, 0, 5, 31.42, 4468407, 458, 0, 0
21012, 351, 73, 74, 0, 0, 13.52%, 0, 0, 5, 237.06, 4469196, 458, 0, 0
21017, 351, 7, 74, 0, 0, 13.52%, 0, 0, 5, 323.59, 4469730, 458, 0, 0
21022, 351, 2, 74, 0, 0, 13.52%, 0, 0, 5, 31.46, 4470200, 458, 0, 0
21027, 351, 18, 74, 0, 0, 13.52%, 0, 0, 5, 31.41, 4471032, 458, 0, 0
21032, 351, 73, 74, 0, 0, 13.52%, 0, 0, 5, 31.39, 4471839, 458, 0, 0
21037, 351, 60, 74, 0, 0, 13.52%, 0, 0, 5, 31.13, 4472593, 458, 0, 0
21042, 351, 25, 74, 0, 0, 13.52%, 0, 0, 5, 31.15, 4473417, 458, 0, 0
21047, 351, 60, 74, 0, 0, 13.52%, 0, 0, 5, 287.85, 4473982, 458, 0, 0
21052, 351, 27, 74, 0, 0, 13.52%, 0, 0, 5, 240.71, 4474568, 458, 0, 0
21058, 352, 18, 74, 0, 0, 13.52%, 0, 0, 5, 30.61, 4475170, 458, 0, 0
21063, 352, 73, 74, 0, 0, 13.52%, 0, 0, 5, 31.22, 4475990, 458, 0, 0
21068, 352, 73, 74, 0, 0, 13.52%, 0, 0, 5, 31.20, 4476874, 458, 0, 0
21073, 352, 36, 74, 0, 0, 13.52%, 0, 0, 5, 31.35, 4477758, 458, 0, 0
21078, 352, 60, 74, 0, 0, 13.52%, 0, 0, 5, 321.91, 4478270, 458, 0, 0
21083, 352, 27, 74, 0, 0, 13.52%, 0, 0, 5, 30.79, 4478756, 458, 0, 0
21088, 352, 73, 74, 0, 0, 13.52%, 0, 0, 5, 31.31, 4479632, 458, 0, 0
21094, 352, 73, 74, 0, 0, 13.52%, 0, 0, 5, 31.35, 4480499, 458, 0, 0
21099, 352, 73, 74, 0, 0, 13.52%, 0, 0, 5, 239.65, 4481222, 458, 0, 0
21104, 352, 27, 74, 0, 0, 13.52%, 0, 0, 5, 215.56, 4481690, 458, 0, 0
21109, 352, 73, 74, 0, 0, 13.52%, 0, 0, 5, 33.83, 4482403, 458, 0, 0
21114, 352, 73, 74, 0, 0, 13.52%, 0, 0, 5, 30.38, 4483246, 458, 0, 0
21119, 352, 26, 74, 0, 0, 13.52%, 0, 0, 5, 31.28, 4484127, 458, 0, 0
21124, 352, 25, 74, 0, 0, 13.52%, 0, 0, 5, 319.33, 4484720, 458, 0, 0
21129, 352, 2, 74, 0, 0, 13.52%, 0, 0, 5, 206.06, 4485205, 458, 0, 0
21135, 352, 33, 74, 0, 0, 13.52%, 0, 0, 5, 40.46, 4485971, 458, 0, 0
21140, 352, 73, 74, 0, 0, 13.52%, 0, 0, 5, 31.35, 4486840, 458, 0, 0
21145, 352, 27, 74, 0, 0, 13.52%, 0, 0, 5, 290.53, 4487674, 458, 0, 0
21150, 352, 73, 74, 0, 0, 13.52%, 0, 0, 5, 330.87, 4488218, 458, 0, 0
21155, 352, 73, 74, 0, 0, 13.52%, 0, 0, 5, 31.31, 4488732, 458, 0, 0
21160, 352, 32, 74, 0, 0, 13.52%, 0, 0, 5, 31.63, 4489577, 458, 0, 0
21165, 353, 73, 74, 0, 0, 13.52%, 0, 0, 5, 31.11, 4490432, 458, 0, 0
21170, 353, 71, 74, 0, 0, 13.52%, 0, 0, 5, 298.12, 4491242, 458, 0, 0
21175, 353, 73, 74, 0, 0, 13.52%, 0, 0, 5, 326.84, 4491828, 458, 0, 0
21180, 353, 60, 74, 0, 0, 13.52%, 0, 0, 5, 229.33, 4492374, 458, 0, 0
21186, 353, 11, 74, 0, 0, 13.52%, 0, 0, 5, 39.73, 4493010, 458, 0, 0
21191, 353, 60, 74, 0, 0, 13.52%, 0, 0, 5, 30.67, 4493818, 458, 0, 0
21196, 353, 73, 74, 0, 0, 13.52%, 0, 0, 5, 30.83, 4494619, 458, 0, 0
21201, 353, 27, 74, 0, 0, 13.52%, 0, 0, 5, 31.17, 4495445, 458, 0, 0
21206, 353, 73, 74, 0, 0, 13.52%, 0, 0, 5, 237.71, 4496230, 458, 0, 0
21211, 353, 60, 74, 0, 0, 13.52%, 0, 0, 5, 330.42, 4496786, 458, 0, 0
21216, 353, 2, 74, 0, 0, 13.52%, 0, 0, 5, 325.00, 4497295, 458, 0, 0
21221, 353, 73, 74, 0, 0, 13.52%, 0, 0, 5, 30.71, 4498027, 458, 0, 0
21226, 353, 11, 74, 0, 0, 13.52%, 0, 0, 5, 30.41, 4498799, 458, 0, 0
21231, 353, 32, 74, 0, 0, 13.52%, 0, 0, 5, 31.39, 4499601, 458, 0, 0
21236, 353, 73, 74, 0, 0, 13.52%, 0, 0, 5, 245.27, 4500407, 458, 0, 0
21241, 353, 18, 74, 0, 0, 13.52%, 0, 0, 5, 327.64, 4500980, 458, 0, 0
21246, 353, 73, 74, 0, 0, 13.52%, 0, 0, 5, 329.41, 4501504, 458, 0, 0
21252, 353, 73, 74, 0, 0, 13.52%, 0, 0, 5, 31.18, 4502171, 458, 0, 0
21257, 353, 60, 74, 0, 0, 13.52%, 0, 0, 5, 30.66, 4502982, 458, 0, 0
21262, 353, 32, 74, 0, 0, 13.52%, 0, 0, 5, 31.35, 4503767, 458, 0, 0
21267, 354, 60, 74, 0, 0, 13.52%, 0, 0, 5, 30.64, 4504551, 458, 0, 0
21272, 354, 73, 74, 0, 0, 13.52%, 0, 0, 5, 284.92, 4505357, 458, 0, 0
21277, 354, 73, 74, 0, 0, 13.52%, 0, 0, 5, 234.74, 4505870, 458, 0, 0
21282, 354, 73, 74, 0, 0, 13.52%, 0, 0, 5, 193.41, 4506434, 458, 0, 0
21287, 354, 73, 74, 0, 0, 13.52%, 0, 0, 5, 31.68, 4507138, 458, 0, 0
21292, 354, 28, 74, 0, 0, 13.52%, 0, 0, 5, 40.86, 4507945, 458, 0, 0
21298, 354, 26, 74, 0, 0, 13.52%, 0, 0, 5, 30.93, 4508832, 458, 0, 0
21303, 354, 60, 74, 0, 0, 13.52%, 0, 0, 5, 267.57, 4509397, 458, 0, 0
21308, 354, 43, 74, 0, 0, 13.52%, 0, 0, 5, 31.50, 4509866, 458, 0, 0
21313, 354, 73, 74, 0, 0, 13.52%, 0, 0, 5, 31.68, 4510719, 458, 0, 0
21318, 354, 73, 74, 0, 0, 13.52%, 0, 0, 5, 31.36, 4511574, 458, 0, 0
21323, 354, 32, 74, 0, 0, 13.52%, 0, 0, 5, 279.81, 4512427, 458, 0, 0
21329, 354, 28, 74, 0, 0, 13.52%, 0, 0, 5, 322.71, 4512898, 458, 0, 0
21334, 354, 58, 74, 0, 0, 13.52%, 0, 0, 5, 31.19, 4513454, 458, 0, 0
21339, 354, 73, 74, 0, 0, 13.52%, 0, 0, 5, 31.24, 4514295, 458, 0, 0
21344, 354, 60, 74, 0, 0, 13.52%, 0, 0, 5, 31.36, 4515166, 458, 0, 0
21349, 354, 25, 74, 0, 0, 13.52%, 0, 0, 5, 310.06, 4515926, 458, 0, 0
21354, 354, 27, 74, 0, 0, 13.52%, 0, 0, 5, 326.76, 4516362, 458, 0, 0
21359, 355, 40, 74, 0, 0, 13.52%, 0, 0, 5, 30.84, 4517023, 458, 0, 0
21364, 355, 11, 74, 0, 0, 13.52%, 0, 0, 5, 31.29, 4517856, 458, 0, 0
21370, 355, 73, 74, 0, 0, 13.52%, 0, 0, 5, 31.17, 4518719, 458, 0, 0
21375, 355, 25, 74, 0, 0, 13.52%, 0, 0, 5, 229.88, 4519390, 458, 0, 0
21380, 355, 28, 74, 0, 0, 13.52%, 0, 0, 5, 319.36, 4519908, 458, 0, 0
21385, 355, 2, 74, 0, 0, 13.52%, 0, 0, 5, 30.37, 4520598, 458, 0, 0
21390, 355, 73, 74, 0, 0, 13.52%, 0, 0, 5, 31.47, 4521427, 458, 0, 0
21395, 355, 73, 74, 0, 0, 13.52%, 0, 0, 5, 31.47, 4522297, 458, 0, 0
21400, 355, 73, 74, 0, 0, 13.52%, 0, 0, 5, 324.89, 4523632, 458, 0, 0
21406, 355, 2, 74, 0, 0, 13.52%, 0, 0, 5, 319.30, 4525286, 458, 0, 0
21411, 355, 27, 74, 0, 0, 13.52%, 0, 0, 5, 310.70, 4526832, 458, 0, 0
21416, 356, 73, 74, 0, 0, 13.52%, 0, 0, 5, 304.41, 4528358, 458, 0, 0
21421, 356, 27, 74, 0, 0, 13.52%, 0, 0, 5, 249.87, 4529562, 458, 0, 0
21426, 356, 73, 74, 0, 0, 13.52%, 0, 0, 5, 261.84, 4530892, 458, 0, 0
21431, 356, 2, 74, 0, 0, 13.52%, 0, 0, 5, 295.37, 4532447, 458, 0, 0
21436, 356, 26, 74, 0, 0, 13.52%, 0, 0, 5, 298.40, 4533962, 458, 0, 0
21441, 356, 27, 74, 0, 0, 13.52%, 0, 0, 5, 298.89, 4535497, 458, 0, 0
21446, 356, 73, 74, 0, 0, 13.52%, 0, 0, 5, 278.15, 4536947, 458, 0, 0
21451, 357, 27, 74, 0, 0, 13.52%, 0, 0, 5, 273.38, 4538277, 458, 0, 0
21456, 357, 25, 74, 0, 0, 13.52%, 0, 0, 5, 298.56, 4539822, 458, 0, 0
21461, 357, 40, 74, 0, 0, 13.52%, 0, 0, 5, 303.29, 4541358, 458, 0, 0
21467, 357, 25, 74, 0, 0, 13.52%, 0, 0, 5, 297.07, 4542842, 458, 0, 0
21472, 357, 66, 74, 0, 0, 13.52%, 0, 0, 5, 281.08, 4544267, 458, 0, 0
21477, 357, 73, 74, 0, 0, 13.52%, 0, 0, 5, 291.57, 4545692, 458, 0, 0
21482, 357, 73, 74, 0, 0, 13.52%, 0, 0, 5, 305.66, 4547244, 458, 0, 0
21487, 357, 26, 74, 0, 0, 13.52%, 0, 0, 5, 306.83, 4548800, 458, 0, 0
21492, 357, 43, 74, 0, 0, 13.52%, 0, 0, 5, 311.79, 4550376, 458, 0, 0
21497, 358, 73, 74, 0, 0, 13.52%, 0, 0, 5, 302.98, 4551842, 458, 0, 0
21502, 358, 73, 74, 0, 0, 13.52%, 0, 0, 5, 311.12, 4553412, 458, 0, 0
21507, 358, 10, 74, 0, 0, 13.52%, 0, 0, 5, 312.09, 4554982, 458, 0, 0
21512, 358, 73, 74, 0, 0, 13.52%, 0, 0, 5, 315.76, 4556552, 458, 0, 0
21517, 358, 53, 74, 0, 0, 13.52%, 0, 0, 5, 301.38, 4558076, 458, 0, 0
21522, 358, 32, 74, 0, 0, 13.52%, 0, 0, 5, 313.02, 4559658, 458, 0, 0
21527, 358, 36, 74, 0, 0, 13.52%, 0, 0, 5, 316.27, 4561294, 458, 0, 0
21532, 358, 60, 74, 0, 0, 13.52%, 0, 0, 5, 313.65, 4562876, 458, 0, 0
21537, 358, 54, 74, 0, 0, 13.52%, 0, 0, 5, 295.39, 4564342, 458, 0, 0
21543, 359, 73, 74, 0, 0, 13.52%, 0, 0, 5, 311.12, 4565984, 458, 0, 0
21548, 359, 60, 74, 0, 0, 13.52%, 0, 0, 5, 311.47, 4567554, 458, 0, 0
21553, 359, 26, 74, 0, 0, 13.52%, 0, 0, 5, 316.33, 4569194, 458, 0, 0
21558, 359, 18, 74, 0, 0, 13.52%, 0, 0, 5, 297.42, 4570657, 458, 0, 0
21563, 359, 32, 74, 0, 0, 13.52%, 0, 0, 5, 311.19, 4572242, 458, 0, 0
21568, 359, 25, 74, 0, 0, 13.52%, 0, 0, 5, 313.91, 4573824, 458, 0, 0
21573, 359, 73, 74, 0, 0, 13.52%, 0, 0, 5, 315.29, 4575462, 458, 0, 0
21578, 359, 73, 74, 0, 0, 13.52%, 0, 0, 5, 295.42, 4576932, 458, 0, 0
21583, 359, 73, 74, 0, 0, 13.52%, 0, 0, 5, 312.00, 4578570, 458, 0, 0
21589, 360, 60, 74, 0, 0, 13.52%, 0, 0, 5, 315.07, 4580200, 458, 0, 0
21594, 360, 73, 74, 0, 0, 13.52%, 0, 0, 5, 314.69, 4581802, 458, 0, 0
21599, 360, 54, 74, 0, 0, 13.52%, 0, 0, 5, 291.25, 4583272, 458, 0, 0
