# relative_time, cycles_done, cur_item, corpus_count, pending_total, pending_favs, map_size, saved_crashes, saved_hangs, max_depth, execs_per_sec, total_execs, edges_found, total_crashes, servers_count
61, 0, 0, 307, 307, 5, 26.51%, 0, 0, 2, 281.40, 17850, 554, 0, 0
66, 0, 0, 309, 309, 5, 26.51%, 0, 0, 2, 279.36, 19274, 554, 0, 0
71, 0, 0, 312, 312, 5, 26.60%, 0, 0, 2, 248.04, 20507, 556, 0, 0
76, 0, 0, 316, 316, 5, 26.60%, 0, 0, 2, 275.03, 21943, 556, 0, 0
81, 0, 0, 318, 318, 5, 26.60%, 0, 0, 2, 276.09, 23323, 556, 0, 0
86, 0, 0, 322, 322, 5, 26.60%, 0, 0, 2, 280.44, 24746, 556, 0, 0
91, 0, 0, 324, 324, 5, 26.60%, 0, 0, 2, 258.68, 26095, 556, 0, 0
96, 0, 0, 328, 328, 5, 26.60%, 0, 0, 2, 278.24, 27523, 556, 0, 0
101, 0, 0, 330, 330, 5, 26.60%, 0, 0, 2, 282.29, 28957, 556, 0, 0
107, 0, 0, 333, 333, 5, 26.65%, 0, 0, 2, 283.44, 30393, 557, 0, 0
112, 0, 0, 336, 336, 5, 26.70%, 0, 0, 2, 282.66, 31824, 558, 0, 0
117, 0, 0, 337, 337, 5, 26.70%, 0, 0, 2, 279.64, 33176, 558, 0, 0
122, 0, 0, 337, 337, 5, 26.70%, 0, 0, 2, 286.23, 34616, 558, 0, 0
127, 0, 0, 337, 337, 5, 26.70%, 0, 0, 2, 284.92, 36032, 558, 0, 0
132, 0, 0, 338, 338, 5, 26.70%, 0, 0, 2, 287.17, 37529, 558, 0, 0
137, 0, 0, 340, 340, 5, 26.70%, 0, 0, 2, 282.85, 38938, 558, 0, 0
142, 0, 0, 343, 343, 5, 26.70%, 0, 0, 2, 292.08, 40444, 558, 0, 0
147, 0, 0, 344, 344, 5, 26.70%, 0, 0, 2, 293.92, 41951, 558, 0, 0
152, 0, 0, 346, 346, 5, 26.70%, 0, 0, 2, 293.17, 43455, 558, 0, 0
158, 0, 0, 347, 347, 5, 26.70%, 0, 0, 2, 283.99, 44867, 558, 0, 0
163, 0, 0, 347, 347, 5, 26.70%, 0, 0, 2, 292.62, 46367, 558, 0, 0
168, 0, 0, 347, 347, 5, 26.70%, 0, 0, 2, 294.45, 47867, 558, 0, 0
173, 0, 0, 348, 348, 5, 26.70%, 0, 0, 2, 293.44, 49369, 558, 0, 0
178, 0, 0, 348, 348, 5, 26.70%, 0, 0, 2, 281.74, 50779, 558, 0, 0
183, 0, 0, 349, 349, 5, 26.70%, 0, 0, 2, 293.16, 52286, 558, 0, 0
188, 0, 0, 349, 349, 5, 26.70%, 0, 0, 2, 293.48, 53791, 558, 0, 0
193, 0, 50, 360, 356, 39, 26.70%, 0, 0, 3, 292.79, 55282, 558, 0, 0
198, 0, 338, 362, 352, 34, 26.70%, 0, 0, 3, 275.01, 56639, 558, 0, 0
204, 0, 270, 364, 344, 24, 26.70%, 0, 0, 3, 288.73, 58129, 558, 0, 0
209, 0, 364, 365, 334, 13, 26.70%, 0, 0, 3, 286.16, 59555, 558, 0, 0
214, 0, 236, 366, 322, 4, 26.70%, 0, 0, 3, 290.66, 61072, 558, 0, 0
219, 0, 280, 366, 312, 0, 26.70%, 0, 0, 3, 271.51, 62461, 558, 0, 0
224, 0, 163, 366, 306, 0, 26.70%, 0, 0, 3, 289.12, 63989, 558, 0, 0
229, 0, 49, 366, 303, 0, 26.70%, 0, 0, 3, 291.16, 65494, 558, 0, 0
234, 0, 350, 368, 303, 0, 26.70%, 0, 0, 3, 288.65, 66964, 558, 0, 0
239, 0, 242, 368, 299, 0, 26.70%, 0, 0, 3, 271.85, 68336, 558, 0, 0
245, 0, 216, 368, 292, 0, 26.70%, 0, 0, 3, 288.03, 69844, 558, 0, 0
250, 0, 340, 368, 289, 0, 26.70%, 0, 0, 3, 292.19, 71357, 558, 0, 0
255, 0, 167, 369, 285, 0, 26.70%, 0, 0, 4, 290.91, 72865, 558, 0, 0
260, 0, 326, 369, 281, 0, 26.70%, 0, 0, 4, 261.68, 74201, 558, 0, 0
265, 0, 96, 369, 276, 0, 26.70%, 0, 0, 4, 286.49, 75710, 558, 0, 0
270, 0, 115, 369, 270, 0, 26.70%, 0, 0, 4, 291.70, 77244, 558, 0, 0
276, 0, 42, 369, 264, 0, 26.70%, 0, 0, 4, 292.37, 78753, 558, 0, 0
281, 0, 204, 369, 261, 0, 26.70%, 0, 0, 4, 263.64, 80105, 558, 0, 0
286, 0, 130, 369, 258, 0, 26.70%, 0, 0, 4, 283.57, 81593, 558, 0, 0
291, 0, 29, 369, 253, 0, 26.70%, 0, 0, 4, 289.08, 83099, 558, 0, 0
296, 0, 43, 369, 250, 0, 26.70%, 0, 0, 4, 289.90, 84602, 558, 0, 0
301, 0, 50, 370, 246, 0, 26.70%, 0, 0, 4, 270.94, 86045, 558, 0, 0
307, 0, 47, 370, 244, 0, 26.70%, 0, 0, 4, 281.64, 87494, 558, 0, 0
312, 0, 115, 370, 241, 0, 26.70%, 0, 0, 4, 288.20, 88993, 558, 0, 0
317, 0, 139, 370, 238, 0, 26.70%, 0, 0, 4, 286.24, 90422, 558, 0, 0
322, 0, 330, 370, 235, 0, 26.70%, 0, 0, 4, 288.45, 91871, 558, 0, 0
327, 0, 116, 370, 231, 0, 26.70%, 0, 0, 4, 284.08, 93289, 558, 0, 0
332, 0, 50, 370, 228, 0, 26.70%, 0, 0, 4, 287.46, 94782, 558, 0, 0
337, 0, 115, 370, 224, 0, 26.70%, 0, 0, 4, 288.22, 96287, 558, 0, 0
342, 1, 309, 370, 219, 0, 26.70%, 0, 0, 4, 234.51, 97529, 558, 0, 0
348, 1, 254, 370, 210, 0, 26.70%, 0, 0, 4, 295.42, 98923, 558, 0, 0
353, 1, 36, 370, 202, 0, 26.70%, 0, 0, 4, 294.10, 100323, 558, 0, 0
358, 1, 248, 370, 192, 0, 26.70%, 0, 0, 4, 291.54, 101714, 558, 0, 0
363, 1, 135, 370, 184, 0, 26.70%, 0, 0, 4, 281.28, 103103, 558, 0, 0
368, 1, 109, 370, 179, 0, 26.70%, 0, 0, 4, 54.90, 104437, 558, 0, 0
373, 1, 333, 370, 173, 0, 26.70%, 0, 0, 4, 217.59, 105779, 558, 0, 0
378, 1, 349, 370, 166, 0, 26.70%, 0, 0, 4, 99.48, 107134, 558, 0, 0
383, 1, 327, 370, 162, 0, 26.70%, 0, 0, 4, 239.00, 108561, 558, 0, 0
388, 1, 98, 370, 154, 0, 26.70%, 0, 0, 4, 159.72, 109948, 558, 0, 0
393, 1, 367, 370, 150, 0, 26.70%, 0, 0, 4, 247.40, 111328, 558, 0, 0
398, 1, 52, 371, 147, 0, 26.70%, 0, 0, 4, 279.82, 112708, 558, 0, 0
404, 1, 46, 371, 142, 0, 26.70%, 0, 0, 4, 276.05, 114148, 558, 0, 0
409, 1, 232, 371, 137, 0, 26.70%, 0, 0, 4, 297.06, 115512, 558, 0, 0
414, 1, 313, 371, 129, 0, 26.70%, 0, 0, 4, 293.39, 116910, 558, 0, 0
419, 1, 337, 371, 123, 0, 26.70%, 0, 0, 4, 285.82, 118344, 558, 0, 0
424, 1, 172, 371, 120, 0, 26.70%, 0, 0, 4, 261.31, 119706, 558, 0, 0
429, 1, 129, 371, 114, 0, 26.70%, 0, 0, 4, 278.68, 121097, 558, 0, 0
434, 1, 136, 371, 110, 0, 26.70%, 0, 0, 4, 291.61, 122420, 558, 0, 0
440, 1, 226, 371, 104, 0, 26.70%, 0, 0, 4, 285.16, 123844, 558, 0, 0
445, 1, 342, 371, 100, 0, 26.70%, 0, 0, 4, 293.57, 125228, 558, 0, 0
450, 1, 369, 371, 96, 0, 26.70%, 0, 0, 4, 32.03, 126539, 558, 0, 0
455, 1, 338, 371, 92, 0, 26.70%, 0, 0, 4, 280.20, 127937, 558, 0, 0
460, 1, 88, 371, 89, 0, 26.70%, 0, 0, 4, 286.67, 129405, 558, 0, 0
465, 1, 234, 371, 83, 0, 26.70%, 0, 0, 4, 290.52, 130787, 558, 0, 0
470, 1, 167, 371, 82, 0, 26.70%, 0, 0, 4, 30.61, 132077, 558, 0, 0
475, 1, 163, 371, 80, 0, 26.70%, 0, 0, 4, 298.87, 133450, 558, 0, 0
480, 1, 4, 371, 78, 0, 26.70%, 0, 0, 4, 287.19, 134862, 558, 0, 0
486, 1, 262, 371, 76, 0, 26.70%, 0, 0, 4, 266.34, 136168, 558, 0, 0
491, 1, 101, 371, 72, 0, 26.70%, 0, 0, 4, 290.10, 137577, 558, 0, 0
496, 2, 219, 371, 71, 0, 26.70%, 0, 0, 4, 281.44, 138944, 558, 0, 0
501, 2, 287, 371, 68, 0, 26.70%, 0, 0, 4, 37.17, 140229, 558, 0, 0
506, 2, 167, 371, 66, 0, 26.70%, 0, 0, 4, 277.73, 141610, 558, 0, 0
511, 2, 170, 371, 64, 0, 26.70%, 0, 0, 4, 292.25, 142989, 558, 0, 0
516, 2, 47, 371, 63, 0, 26.70%, 0, 0, 4, 279.19, 144325, 558, 0, 0
521, 2, 195, 371, 62, 0, 26.70%, 0, 0, 4, 276.76, 145661, 558, 0, 0
526, 2, 62, 371, 62, 0, 26.70%, 0, 0, 4, 295.10, 147036, 558, 0, 0
531, 2, 236, 371, 59, 0, 26.70%, 0, 0, 4, 280.19, 148400, 558, 0, 0
536, 2, 350, 371, 58, 0, 26.70%, 0, 0, 4, 280.58, 149696, 558, 0, 0
541, 2, 341, 371, 58, 0, 26.70%, 0, 0, 4, 281.34, 151093, 558, 0, 0
547, 2, 167, 371, 57, 0, 26.70%, 0, 0, 4, 269.32, 152424, 558, 0, 0
552, 2, 112, 371, 56, 0, 26.70%, 0, 0, 4, 274.06, 153798, 558, 0, 0
557, 2, 168, 371, 53, 0, 26.70%, 0, 0, 4, 261.35, 155111, 558, 0, 0
562, 2, 344, 371, 52, 0, 26.70%, 0, 0, 4, 272.94, 156547, 558, 0, 0
567, 2, 47, 371, 52, 0, 26.70%, 0, 0, 4, 50.00, 157873, 558, 0, 0
572, 2, 362, 371, 51, 0, 26.70%, 0, 0, 4, 291.93, 159295, 558, 0, 0
577, 2, 204, 371, 49, 0, 26.70%, 0, 0, 4, 282.66, 160679, 558, 0, 0
582, 2, 223, 371, 49, 0, 26.70%, 0, 0, 4, 296.85, 161964, 558, 0, 0
587, 2, 154, 371, 47, 0, 26.70%, 0, 0, 4, 170.19, 163312, 558, 0, 0
593, 2, 52, 371, 46, 0, 26.70%, 0, 0, 4, 294.98, 164614, 558, 0, 0
598, 2, 333, 371, 45, 0, 26.70%, 0, 0, 4, 288.35, 165959, 558, 0, 0
603, 2, 133, 371, 45, 0, 26.70%, 0, 0, 4, 292.66, 167259, 558, 0, 0
608, 2, 30, 371, 44, 0, 26.70%, 0, 0, 4, 279.90, 168600, 558, 0, 0
613, 2, 236, 373, 46, 0, 26.70%, 0, 0, 4, 162.31, 169906, 558, 0, 0
618, 2, 242, 374, 47, 0, 26.70%, 0, 0, 4, 274.09, 171217, 558, 0, 0
623, 2, 371, 377, 50, 0, 26.70%, 0, 0, 4, 290.48, 172509, 558, 0, 0
628, 2, 371, 378, 51, 0, 26.70%, 0, 0, 4, 277.54, 173879, 558, 0, 0
633, 2, 233, 378, 48, 0, 26.70%, 0, 0, 4, 264.57, 175162, 558, 0, 0
638, 2, 120, 378, 47, 0, 26.70%, 0, 0, 4, 272.83, 176447, 558, 0, 0
644, 2, 372, 378, 45, 0, 26.70%, 0, 0, 4, 46.51, 177798, 558, 0, 0
649, 2, 324, 378, 44, 0, 26.70%, 0, 0, 4, 286.85, 179181, 558, 0, 0
654, 3, 340, 378, 42, 0, 26.70%, 0, 0, 4, 249.50, 180509, 558, 0, 0
659, 3, 169, 378, 42, 0, 26.70%, 0, 0, 4, 40.65, 181852, 558, 0, 0
665, 3, 377, 378, 41, 0, 26.70%, 0, 0, 4, 287.75, 183425, 558, 0, 0
670, 3, 374, 378, 40, 0, 26.70%, 0, 0, 4, 287.95, 184721, 558, 0, 0
675, 3, 255, 378, 37, 0, 26.70%, 0, 0, 4, 293.40, 186074, 558, 0, 0
680, 3, 376, 378, 37, 0, 26.70%, 0, 0, 4, 295.63, 187454, 558, 0, 0
685, 3, 344, 378, 36, 0, 26.70%, 0, 0, 4, 251.23, 188744, 558, 0, 0
690, 3, 364, 378, 35, 0, 26.70%, 0, 0, 4, 269.85, 190031, 558, 0, 0
695, 3, 330, 378, 34, 0, 26.70%, 0, 0, 4, 283.45, 191432, 558, 0, 0
701, 3, 375, 378, 33, 0, 26.70%, 0, 0, 4, 275.80, 192758, 558, 0, 0
706, 3, 233, 378, 32, 0, 26.70%, 0, 0, 4, 270.61, 194043, 558, 0, 0
711, 3, 333, 378, 32, 0, 26.70%, 0, 0, 4, 265.21, 195388, 558, 0, 0
716, 3, 59, 378, 32, 0, 26.70%, 0, 0, 4, 274.36, 196763, 558, 0, 0
721, 3, 233, 378, 32, 0, 26.70%, 0, 0, 4, 262.97, 198048, 558, 0, 0
726, 3, 47, 378, 31, 0, 26.70%, 0, 0, 4, 261.27, 199354, 558, 0, 0
731, 3, 373, 378, 30, 0, 26.70%, 0, 0, 4, 272.61, 200721, 558, 0, 0
736, 3, 340, 378, 29, 0, 26.70%, 0, 0, 4, 290.78, 202006, 558, 0, 0
741, 3, 344, 379, 29, 0, 26.70%, 0, 0, 4, 262.51, 203293, 558, 0, 0
747, 3, 311, 379, 29, 0, 26.70%, 0, 0, 4, 280.31, 204697, 558, 0, 0
752, 3, 364, 379, 28, 0, 26.70%, 0, 0, 4, 258.55, 206050, 558, 0, 0
757, 3, 344, 379, 28, 0, 26.70%, 0, 0, 4, 287.00, 207355, 558, 0, 0
762, 3, 164, 379, 27, 0, 26.70%, 0, 0, 4, 261.96, 208670, 558, 0, 0
767, 3, 127, 379, 26, 0, 26.70%, 0, 0, 4, 277.00, 210073, 558, 0, 0
772, 3, 167, 379, 25, 0, 26.70%, 0, 0, 4, 248.41, 211376, 558, 0, 0
777, 3, 255, 379, 25, 0, 26.70%, 0, 0, 4, 254.47, 212689, 558, 0, 0
782, 3, 204, 379, 25, 0, 26.70%, 0, 0, 4, 295.45, 214089, 558, 0, 0
787, 3, 350, 379, 24, 0, 26.70%, 0, 0, 4, 274.08, 215364, 558, 0, 0
792, 3, 163, 379, 22, 0, 26.70%, 0, 0, 4, 198.84, 216665, 558, 0, 0
797, 3, 115, 379, 21, 0, 26.70%, 0, 0, 4, 254.31, 218075, 558, 0, 0
802, 3, 146, 379, 21, 0, 26.70%, 0, 0, 4, 269.61, 219415, 558, 0, 0
808, 3, 98, 379, 21, 0, 26.70%, 0, 0, 4, 298.36, 220735, 558, 0, 0
813, 3, 49, 379, 20, 0, 26.70%, 0, 0, 4, 261.57, 222043, 558, 0, 0
818, 4, 167, 379, 20, 0, 26.70%, 0, 0, 4, 273.69, 223458, 558, 0, 0
823, 4, 52, 379, 19, 0, 26.70%, 0, 0, 4, 292.21, 224734, 558, 0, 0
828, 4, 333, 379, 19, 0, 26.70%, 0, 0, 4, 242.57, 226024, 558, 0, 0
833, 4, 164, 379, 17, 0, 26.70%, 0, 0, 4, 272.19, 227405, 558, 0, 0
838, 4, 297, 379, 17, 0, 26.70%, 0, 0, 4, 276.31, 228711, 558, 0, 0
843, 4, 326, 379, 16, 0, 26.70%, 0, 0, 4, 271.68, 229998, 558, 0, 0
848, 4, 270, 379, 15, 0, 26.70%, 0, 0, 4, 289.62, 231347, 558, 0, 0
853, 4, 233, 379, 15, 0, 26.70%, 0, 0, 4, 291.35, 232677, 558, 0, 0
858, 4, 47, 379, 15, 0, 26.70%, 0, 0, 4, 119.38, 233956, 558, 0, 0
864, 4, 338, 379, 15, 0, 26.70%, 0, 0, 4, 227.13, 235294, 558, 0, 0
869, 4, 47, 380, 16, 0, 26.70%, 0, 0, 4, 259.75, 236679, 558, 0, 0
874, 4, 344, 380, 16, 0, 26.70%, 0, 0, 4, 299.26, 237984, 558, 0, 0
879, 4, 379, 380, 16, 0, 26.70%, 0, 0, 4, 275.09, 239237, 558, 0, 0
884, 4, 262, 380, 13, 0, 26.70%, 0, 0, 4, 287.63, 240570, 558, 0, 0
889, 4, 313, 380, 13, 0, 26.70%, 0, 0, 4, 296.40, 241870, 558, 0, 0
894, 4, 330, 380, 12, 0, 26.70%, 0, 0, 4, 258.76, 243152, 558, 0, 0
899, 4, 262, 380, 12, 0, 26.70%, 0, 0, 4, 292.57, 244537, 558, 0, 0
904, 4, 340, 380, 12, 0, 26.70%, 0, 0, 4, 278.37, 245863, 558, 0, 0
910, 4, 47, 380, 11, 0, 26.70%, 0, 0, 4, 290.34, 247166, 558, 0, 0
915, 4, 233, 380, 11, 0, 26.70%, 0, 0, 4, 297.03, 248486, 558, 0, 0
920, 4, 350, 380, 11, 0, 26.70%, 0, 0, 4, 288.87, 249841, 558, 0, 0
925, 4, 109, 380, 11, 0, 26.70%, 0, 0, 4, 272.70, 251106, 558, 0, 0
930, 4, 184, 380, 11, 0, 26.70%, 0, 0, 4, 274.11, 252405, 558, 0, 0
935, 4, 255, 380, 10, 0, 26.70%, 0, 0, 4, 289.82, 253804, 558, 0, 0
940, 4, 313, 380, 9, 0, 26.70%, 0, 0, 4, 288.09, 255127, 558, 0, 0
945, 4, 133, 380, 9, 0, 26.70%, 0, 0, 4, 290.52, 256447, 558, 0, 0
950, 4, 195, 380, 9, 0, 26.70%, 0, 0, 4, 293.90, 257802, 558, 0, 0
956, 4, 344, 380, 9, 0, 26.70%, 0, 0, 4, 263.54, 259107, 558, 0, 0
961, 4, 49, 380, 8, 0, 26.70%, 0, 0, 4, 290.00, 260382, 558, 0, 0
966, 4, 30, 380, 8, 0, 26.70%, 0, 0, 4, 269.20, 261682, 558, 0, 0
971, 5, 109, 380, 8, 0, 26.70%, 0, 0, 4, 270.52, 262987, 558, 0, 0
976, 5, 255, 380, 7, 0, 26.70%, 0, 0, 4, 291.96, 264378, 558, 0, 0
981, 5, 195, 380, 7, 0, 26.70%, 0, 0, 4, 291.68, 265703, 558, 0, 0
986, 5, 164, 380, 7, 0, 26.70%, 0, 0, 4, 267.94, 267043, 558, 0, 0
991, 5, 308, 380, 7, 0, 26.70%, 0, 0, 4, 283.64, 268422, 558, 0, 0
996, 5, 193, 380, 7, 0, 26.70%, 0, 0, 4, 274.18, 269688, 558, 0, 0
1001, 5, 356, 380, 7, 0, 26.70%, 0, 0, 4, 84.62, 270961, 558, 0, 0
1006, 5, 338, 380, 6, 0, 26.70%, 0, 0, 4, 223.88, 272240, 558, 0, 0
1013, 5, 378, 381, 7, 0, 26.70%, 0, 0, 4, 272.40, 273988, 558, 0, 0
1018, 5, 333, 382, 7, 0, 26.70%, 0, 0, 4, 264.22, 275260, 558, 0, 0
1023, 5, 266, 382, 7, 0, 26.70%, 0, 0, 4, 273.56, 276530, 558, 0, 0
1028, 5, 59, 382, 7, 0, 26.70%, 0, 0, 4, 278.17, 277920, 558, 0, 0
1033, 5, 364, 382, 7, 0, 26.70%, 0, 0, 4, 271.64, 279196, 558, 0, 0
1038, 5, 266, 382, 7, 0, 26.70%, 0, 0, 4, 295.01, 280481, 558, 0, 0
1044, 5, 233, 382, 6, 0, 26.70%, 0, 0, 4, 278.67, 281793, 558, 0, 0
1049, 5, 78, 382, 6, 0, 26.70%, 0, 0, 4, 293.38, 283118, 558, 0, 0
1054, 5, 52, 382, 6, 0, 26.70%, 0, 0, 4, 290.57, 284424, 558, 0, 0
1059, 5, 120, 382, 6, 0, 26.70%, 0, 0, 4, 275.26, 285749, 558, 0, 0
1064, 5, 120, 382, 6, 0, 26.70%, 0, 0, 4, 281.65, 287049, 558, 0, 0
1069, 5, 115, 382, 6, 0, 26.70%, 0, 0, 4, 243.20, 288337, 558, 0, 0
1075, 5, 344, 382, 6, 0, 26.70%, 0, 0, 4, 257.64, 289645, 558, 0, 0
1080, 5, 381, 382, 6, 0, 26.70%, 0, 0, 4, 279.22, 290945, 558, 0, 0
1085, 5, 109, 382, 5, 0, 26.70%, 0, 0, 4, 254.01, 292142, 558, 0, 0
1090, 5, 101, 382, 5, 0, 26.70%, 0, 0, 4, 270.12, 293407, 558, 0, 0
1095, 5, 120, 382, 5, 0, 26.70%, 0, 0, 4, 260.18, 294717, 558, 0, 0
1100, 5, 81, 382, 5, 0, 26.70%, 0, 0, 4, 292.70, 296022, 558, 0, 0
1105, 5, 255, 382, 5, 0, 26.70%, 0, 0, 4, 288.80, 297307, 558, 0, 0
1110, 5, 242, 382, 5, 0, 26.70%, 0, 0, 4, 33.11, 298597, 558, 0, 0
1115, 5, 82, 382, 5, 0, 26.70%, 0, 0, 4, 289.29, 299967, 558, 0, 0
1120, 5, 164, 382, 5, 0, 26.70%, 0, 0, 4, 297.99, 301242, 558, 0, 0
1126, 5, 195, 382, 5, 0, 26.70%, 0, 0, 4, 269.47, 302557, 558, 0, 0
1131, 6, 262, 382, 5, 0, 26.70%, 0, 0, 4, 265.70, 303912, 558, 0, 0
1136, 6, 350, 382, 5, 0, 26.70%, 0, 0, 4, 269.49, 305207, 558, 0, 0
1141, 6, 333, 382, 5, 0, 26.70%, 0, 0, 4, 254.17, 306502, 558, 0, 0
1146, 6, 170, 382, 5, 0, 26.70%, 0, 0, 4, 293.53, 307786, 558, 0, 0
1151, 6, 188, 382, 5, 0, 26.70%, 0, 0, 4, 36.79, 309087, 558, 0, 0
1156, 6, 340, 382, 5, 0, 26.70%, 0, 0, 4, 43.48, 310387, 558, 0, 0
1161, 6, 350, 382, 5, 0, 26.70%, 0, 0, 4, 270.34, 311737, 558, 0, 0
1167, 6, 364, 382, 5, 0, 26.70%, 0, 0, 4, 33.56, 313032, 558, 0, 0
1172, 6, 242, 382, 5, 0, 26.70%, 0, 0, 4, 40.16, 314322, 558, 0, 0
1177, 6, 109, 382, 5, 0, 26.70%, 0, 0, 4, 269.49, 315657, 558, 0, 0
1182, 6, 49, 382, 5, 0, 26.70%, 0, 0, 4, 277.90, 316952, 558, 0, 0
1187, 6, 262, 382, 5, 0, 26.70%, 0, 0, 4, 266.57, 318227, 558, 0, 0
1192, 6, 47, 382, 5, 0, 26.70%, 0, 0, 4, 268.17, 319537, 558, 0, 0
1197, 6, 52, 382, 5, 0, 26.70%, 0, 0, 4, 283.87, 320867, 558, 0, 0
1202, 6, 78, 382, 5, 0, 26.70%, 0, 0, 4, 281.07, 322173, 558, 0, 0
1208, 6, 167, 382, 5, 0, 26.70%, 0, 0, 4, 295.46, 323493, 558, 0, 0
1213, 6, 350, 382, 4, 0, 26.70%, 0, 0, 4, 295.99, 324788, 558, 0, 0
1218, 6, 233, 382, 4, 0, 26.70%, 0, 0, 4, 281.05, 326108, 558, 0, 0
1223, 6, 115, 382, 4, 0, 26.70%, 0, 0, 4, 226.21, 327392, 558, 0, 0
1228, 6, 49, 382, 3, 0, 26.70%, 0, 0, 4, 266.76, 328685, 558, 0, 0
1233, 6, 193, 382, 3, 0, 26.70%, 0, 0, 4, 290.69, 329960, 558, 0, 0
1238, 6, 262, 382, 3, 0, 26.70%, 0, 0, 4, 290.39, 331255, 558, 0, 0
1243, 6, 170, 382, 3, 0, 26.70%, 0, 0, 4, 291.38, 332570, 558, 0, 0
1248, 6, 344, 382, 3, 0, 26.70%, 0, 0, 4, 280.65, 333845, 558, 0, 0
1254, 6, 214, 382, 3, 0, 26.70%, 0, 0, 4, 273.87, 335164, 558, 0, 0
1259, 6, 52, 382, 3, 0, 26.70%, 0, 0, 4, 289.68, 336430, 558, 0, 0
1264, 6, 344, 382, 3, 0, 26.70%, 0, 0, 4, 273.22, 337755, 558, 0, 0
1269, 6, 296, 382, 3, 0, 26.70%, 0, 0, 4, 260.56, 339050, 558, 0, 0
1274, 6, 344, 382, 3, 0, 26.70%, 0, 0, 4, 291.55, 340470, 558, 0, 0
1279, 7, 326, 382, 3, 0, 26.70%, 0, 0, 4, 261.64, 341790, 558, 0, 0
1285, 7, 163, 382, 3, 0, 26.70%, 0, 0, 4, 280.43, 343045, 558, 0, 0
1290, 7, 46, 382, 3, 0, 26.70%, 0, 0, 4, 268.81, 344320, 558, 0, 0
1295, 7, 170, 382, 3, 0, 26.70%, 0, 0, 4, 290.00, 345608, 558, 0, 0
1300, 7, 179, 382, 3, 0, 26.70%, 0, 0, 4, 293.34, 346925, 558, 0, 0
1305, 7, 145, 382, 3, 0, 26.70%, 0, 0, 4, 282.88, 348311, 558, 0, 0
1310, 7, 46, 382, 3, 0, 26.70%, 0, 0, 4, 293.01, 349631, 558, 0, 0
1315, 7, 195, 382, 3, 0, 26.70%, 0, 0, 4, 291.84, 350936, 558, 0, 0
1321, 7, 260, 382, 3, 0, 26.70%, 0, 0, 4, 291.96, 352246, 558, 0, 0
1326, 7, 364, 382, 3, 0, 26.70%, 0, 0, 4, 293.02, 353531, 558, 0, 0
1331, 7, 334, 382, 3, 0, 26.70%, 0, 0, 4, 268.02, 354841, 558, 0, 0
1336, 7, 52, 382, 2, 0, 26.70%, 0, 0, 4, 283.37, 356111, 558, 0, 0
1341, 7, 242, 382, 2, 0, 26.70%, 0, 0, 4, 293.85, 357426, 558, 0, 0
1346, 7, 52, 382, 2, 0, 26.70%, 0, 0, 4, 291.78, 358751, 558, 0, 0
1351, 7, 163, 382, 2, 0, 26.70%, 0, 0, 4, 289.76, 360036, 558, 0, 0
1356, 7, 326, 382, 2, 0, 26.70%, 0, 0, 4, 281.42, 361336, 558, 0, 0
1362, 7, 109, 382, 2, 0, 26.70%, 0, 0, 4, 280.38, 362656, 558, 0, 0
1367, 7, 0, 382, 2, 0, 26.70%, 0, 0, 4, 296.91, 363966, 558, 0, 0
1372, 7, 270, 382, 2, 0, 26.70%, 0, 0, 4, 285.07, 365226, 558, 0, 0
1377, 7, 109, 382, 2, 0, 26.70%, 0, 0, 4, 37.54, 366491, 558, 0, 0
1382, 7, 164, 382, 2, 0, 26.70%, 0, 0, 4, 182.61, 367855, 558, 0, 0
1387, 7, 351, 382, 2, 0, 26.70%, 0, 0, 4, 283.27, 369171, 558, 0, 0
1392, 7, 115, 382, 2, 0, 26.70%, 0, 0, 4, 293.29, 370431, 558, 0, 0
1397, 7, 383, 385, 4, 1, 26.70%, 0, 0, 4, 213.99, 371674, 558, 0, 0
1403, 7, 56, 385, 3, 0, 26.70%, 0, 0, 4, 266.93, 372951, 558, 0, 0
1408, 7, 313, 385, 3, 0, 26.70%, 0, 0, 4, 251.09, 374241, 558, 0, 0
1413, 7, 193, 385, 3, 0, 26.70%, 0, 0, 4, 289.82, 375567, 558, 0, 0
1418, 7, 330, 385, 3, 0, 26.70%, 0, 0, 4, 271.00, 376850, 558, 0, 0
1423, 7, 228, 385, 3, 0, 26.70%, 0, 0, 4, 286.05, 378130, 558, 0, 0
1428, 7, 364, 385, 3, 0, 26.70%, 0, 0, 4, 292.60, 379445, 558, 0, 0
1434, 7, 214, 385, 2, 0, 26.70%, 0, 0, 4, 259.67, 380733, 558, 0, 0
1439, 8, 49, 385, 2, 0, 26.70%, 0, 0, 4, 295.00, 381927, 558, 0, 0
1444, 8, 364, 385, 2, 0, 26.70%, 0, 0, 4, 33.90, 383208, 558, 0, 0
1449, 8, 236, 385, 2, 0, 26.70%, 0, 0, 4, 255.73, 384458, 558, 0, 0
1454, 8, 46, 385, 2, 0, 26.70%, 0, 0, 4, 235.62, 385735, 558, 0, 0
1459, 8, 103, 385, 2, 0, 26.70%, 0, 0, 4, 257.76, 386988, 558, 0, 0
1464, 8, 234, 385, 2, 0, 26.70%, 0, 0, 4, 272.61, 388278, 558, 0, 0
1469, 8, 313, 385, 2, 0, 26.70%, 0, 0, 4, 289.30, 389563, 558, 0, 0
1474, 8, 216, 385, 2, 0, 26.70%, 0, 0, 4, 253.13, 390833, 558, 0, 0
1479, 8, 120, 385, 2, 0, 26.70%, 0, 0, 4, 292.07, 392098, 558, 0, 0
1485, 8, 49, 385, 2, 0, 26.70%, 0, 0, 4, 114.19, 393402, 558, 0, 0
1490, 8, 49, 385, 2, 0, 26.70%, 0, 0, 4, 232.39, 394702, 558, 0, 0
1495, 8, 219, 385, 2, 0, 26.70%, 0, 0, 4, 283.88, 395968, 558, 0, 0
1500, 8, 233, 385, 2, 0, 26.70%, 0, 0, 4, 264.20, 397233, 558, 0, 0
1505, 8, 233, 385, 2, 0, 26.70%, 0, 0, 4, 246.68, 398432, 558, 0, 0
1510, 8, 359, 385, 2, 0, 26.70%, 0, 0, 4, 254.16, 399708, 558, 0, 0
1515, 8, 195, 385, 2, 0, 26.70%, 0, 0, 4, 269.29, 401048, 558, 0, 0
1521, 8, 167, 385, 2, 0, 26.70%, 0, 0, 4, 45.89, 402261, 558, 0, 0
1526, 8, 10, 385, 2, 0, 26.70%, 0, 0, 4, 279.76, 403573, 558, 0, 0
1531, 8, 114, 385, 2, 0, 26.70%, 0, 0, 4, 280.53, 404848, 558, 0, 0
1536, 8, 344, 385, 2, 0, 26.70%, 0, 0, 4, 275.06, 406158, 558, 0, 0
1541, 8, 382, 385, 2, 0, 26.70%, 0, 0, 4, 254.78, 407423, 558, 0, 0
1546, 8, 143, 385, 2, 0, 26.70%, 0, 0, 4, 291.74, 408707, 558, 0, 0
1551, 8, 234, 385, 2, 0, 26.70%, 0, 0, 4, 293.93, 409968, 558, 0, 0
1556, 8, 146, 385, 2, 0, 26.70%, 0, 0, 4, 285.02, 411263, 558, 0, 0
1561, 8, 139, 385, 2, 0, 26.70%, 0, 0, 4, 274.09, 412538, 558, 0, 0
1566, 8, 170, 385, 2, 0, 26.70%, 0, 0, 4, 289.64, 413748, 558, 0, 0
1571, 8, 49, 385, 2, 0, 26.70%, 0, 0, 4, 280.40, 414973, 558, 0, 0
1577, 8, 46, 385, 2, 0, 26.70%, 0, 0, 4, 241.65, 416220, 558, 0, 0
1582, 8, 199, 385, 2, 0, 26.70%, 0, 0, 4, 292.12, 417478, 558, 0, 0
1587, 8, 262, 385, 2, 0, 26.70%, 0, 0, 4, 292.37, 418783, 558, 0, 0
1592, 8, 164, 385, 2, 0, 26.70%, 0, 0, 4, 276.62, 420038, 558, 0, 0
1597, 9, 311, 385, 2, 0, 26.70%, 0, 0, 4, 292.15, 421348, 558, 0, 0
1602, 9, 6, 385, 2, 0, 26.70%, 0, 0, 4, 270.93, 422632, 558, 0, 0
1609, 9, 380, 385, 2, 0, 26.70%, 0, 0, 4, 271.11, 424165, 558, 0, 0
1614, 9, 175, 385, 1, 0, 26.70%, 0, 0, 4, 287.08, 425405, 558, 0, 0
1619, 9, 241, 385, 1, 0, 26.70%, 0, 0, 4, 282.12, 426695, 558, 0, 0
1624, 9, 102, 385, 1, 0, 26.70%, 0, 0, 4, 276.63, 427890, 558, 0, 0
1629, 9, 139, 385, 1, 0, 26.70%, 0, 0, 4, 292.24, 429155, 558, 0, 0
1634, 9, 115, 385, 1, 0, 26.70%, 0, 0, 4, 263.53, 430475, 558, 0, 0
1639, 9, 262, 385, 1, 0, 26.70%, 0, 0, 4, 269.93, 431739, 558, 0, 0
1644, 9, 234, 385, 1, 0, 26.70%, 0, 0, 4, 292.02, 433050, 558, 0, 0
1649, 9, 209, 385, 1, 0, 26.70%, 0, 0, 4, 289.09, 434300, 558, 0, 0
1655, 9, 330, 385, 1, 0, 26.70%, 0, 0, 4, 270.36, 435625, 558, 0, 0
1660, 9, 162, 385, 1, 0, 26.70%, 0, 0, 4, 294.55, 436900, 558, 0, 0
1665, 9, 255, 385, 1, 0, 26.70%, 0, 0, 4, 253.72, 438105, 558, 0, 0
1670, 9, 338, 385, 1, 0, 26.70%, 0, 0, 4, 289.36, 439395, 558, 0, 0
1675, 9, 197, 385, 1, 0, 26.70%, 0, 0, 4, 177.98, 440650, 558, 0, 0
1680, 9, 364, 385, 1, 0, 26.70%, 0, 0, 4, 292.45, 441955, 558, 0, 0
1685, 9, 179, 385, 1, 0, 26.70%, 0, 0, 4, 275.57, 443235, 558, 0, 0
1690, 9, 341, 385, 1, 0, 26.70%, 0, 0, 4, 301.57, 444526, 558, 0, 0
1696, 9, 344, 385, 1, 0, 26.70%, 0, 0, 4, 286.93, 445835, 558, 0, 0
1701, 9, 146, 385, 1, 0, 26.70%, 0, 0, 4, 253.08, 447060, 558, 0, 0
1706, 9, 266, 385, 1, 0, 26.70%, 0, 0, 4, 105.68, 448343, 558, 0, 0
1711, 9, 109, 385, 1, 0, 26.70%, 0, 0, 4, 287.49, 449600, 558, 0, 0
1716, 9, 55, 385, 1, 0, 26.70%, 0, 0, 4, 273.88, 450880, 558, 0, 0
1721, 9, 47, 385, 1, 0, 26.70%, 0, 0, 4, 272.90, 452150, 558, 0, 0
1726, 9, 326, 385, 1, 0, 26.70%, 0, 0, 4, 278.22, 453410, 558, 0, 0
1731, 9, 59, 385, 1, 0, 26.70%, 0, 0, 4, 279.35, 454670, 558, 0, 0
1736, 9, 246, 385, 1, 0, 26.70%, 0, 0, 4, 275.59, 455939, 558, 0, 0
1741, 9, 108, 385, 1, 0, 26.70%, 0, 0, 4, 292.08, 457285, 558, 0, 0
1746, 9, 146, 385, 1, 0, 26.70%, 0, 0, 4, 284.16, 458495, 558, 0, 0
1752, 9, 214, 385, 1, 0, 26.70%, 0, 0, 4, 293.26, 459785, 558, 0, 0
1757, 10, 115, 385, 1, 0, 26.70%, 0, 0, 4, 293.47, 461105, 558, 0, 0
1762, 10, 330, 385, 1, 0, 26.70%, 0, 0, 4, 286.11, 462400, 558, 0, 0
1767, 10, 204, 385, 1, 0, 26.70%, 0, 0, 4, 256.23, 463695, 558, 0, 0
1772, 10, 350, 385, 1, 0, 26.70%, 0, 0, 4, 260.56, 464911, 558, 0, 0
1777, 10, 139, 385, 1, 0, 26.70%, 0, 0, 4, 195.00, 466150, 558, 0, 0
1782, 10, 109, 385, 1, 0, 26.70%, 0, 0, 4, 199.00, 467411, 558, 0, 0
1787, 10, 73, 385, 1, 0, 26.70%, 0, 0, 4, 236.59, 468679, 558, 0, 0
1792, 10, 59, 385, 1, 0, 26.70%, 0, 0, 4, 290.98, 469956, 558, 0, 0
1797, 10, 52, 385, 1, 0, 26.70%, 0, 0, 4, 274.52, 471231, 558, 0, 0
1803, 10, 233, 385, 1, 0, 26.70%, 0, 0, 4, 295.96, 472506, 558, 0, 0
1808, 10, 255, 385, 1, 0, 26.70%, 0, 0, 4, 284.29, 473777, 558, 0, 0
1813, 10, 49, 385, 1, 0, 26.70%, 0, 0, 4, 254.05, 474987, 558, 0, 0
1818, 10, 59, 385, 1, 0, 26.70%, 0, 0, 4, 210.17, 476234, 558, 0, 0
1823, 10, 204, 385, 1, 0, 26.70%, 0, 0, 4, 241.05, 477501, 558, 0, 0
1828, 10, 115, 385, 1, 0, 26.70%, 0, 0, 4, 288.72, 478807, 558, 0, 0
1833, 10, 204, 385, 1, 0, 26.70%, 0, 0, 4, 246.48, 480091, 558, 0, 0
1838, 10, 266, 385, 1, 0, 26.70%, 0, 0, 4, 292.43, 481382, 558, 0, 0
1843, 10, 204, 385, 1, 0, 26.70%, 0, 0, 4, 291.91, 482642, 558, 0, 0
1849, 10, 28, 385, 1, 0, 26.70%, 0, 0, 4, 265.19, 483852, 558, 0, 0
1854, 10, 266, 385, 1, 0, 26.70%, 0, 0, 4, 80.03, 485121, 558, 0, 0
1859, 10, 46, 385, 1, 0, 26.70%, 0, 0, 4, 284.73, 486407, 558, 0, 0
1864, 10, 269, 385, 1, 0, 26.70%, 0, 0, 4, 290.24, 487717, 558, 0, 0
1869, 10, 158, 385, 1, 0, 26.70%, 0, 0, 4, 266.99, 488992, 558, 0, 0
1874, 10, 139, 385, 1, 0, 26.70%, 0, 0, 4, 289.22, 490252, 558, 0, 0
1879, 10, 46, 385, 1, 0, 26.70%, 0, 0, 4, 251.46, 491406, 558, 0, 0
1884, 10, 23, 385, 1, 0, 26.70%, 0, 0, 4, 292.55, 492677, 558, 0, 0
1889, 10, 313, 385, 1, 0, 26.70%, 0, 0, 4, 256.67, 493968, 558, 0, 0
1895, 10, 313, 385, 1, 0, 26.70%, 0, 0, 4, 38.76, 495193, 558, 0, 0
1900, 10, 234, 385, 1, 0, 26.70%, 0, 0, 4, 289.81, 496473, 558, 0, 0
1905, 10, 233, 385, 1, 0, 26.70%, 0, 0, 4, 293.16, 497779, 558, 0, 0
1910, 10, 250, 385, 1, 0, 26.70%, 0, 0, 4, 295.65, 499029, 558, 0, 0
1915, 11, 167, 385, 1, 0, 26.70%, 0, 0, 4, 279.73, 500294, 558, 0, 0
1920, 11, 242, 385, 1, 0, 26.70%, 0, 0, 4, 292.19, 501554, 558, 0, 0
1925, 11, 170, 385, 1, 0, 26.70%, 0, 0, 4, 201.18, 502794, 558, 0, 0
1930, 11, 214, 385, 1, 0, 26.70%, 0, 0, 4, 252.48, 504035, 558, 0, 0
1935, 11, 115, 385, 1, 0, 26.70%, 0, 0, 4, 289.98, 505344, 558, 0, 0
1941, 11, 111, 385, 1, 0, 26.70%, 0, 0, 4, 241.86, 506598, 558, 0, 0
1946, 11, 313, 385, 1, 0, 26.70%, 0, 0, 4, 290.33, 507864, 558, 0, 0
1951, 11, 158, 385, 1, 0, 26.70%, 0, 0, 4, 294.18, 509114, 558, 0, 0
1956, 11, 255, 385, 1, 0, 26.70%, 0, 0, 4, 292.59, 510379, 558, 0, 0
1961, 11, 236, 385, 1, 0, 26.70%, 0, 0, 4, 289.04, 511649, 558, 0, 0
1966, 11, 119, 385, 1, 0, 26.70%, 0, 0, 4, 32.89, 512869, 558, 0, 0
1971, 11, 5, 385, 1, 0, 26.70%, 0, 0, 4, 298.15, 514174, 558, 0, 0
1976, 11, 262, 385, 1, 0, 26.70%, 0, 0, 4, 294.70, 515474, 558, 0, 0
1981, 11, 382, 385, 1, 0, 26.70%, 0, 0, 4, 271.44, 516764, 558, 0, 0
1987, 11, 47, 385, 1, 0, 26.70%, 0, 0, 4, 277.22, 518064, 558, 0, 0
1992, 11, 350, 385, 1, 0, 26.70%, 0, 0, 4, 294.08, 519364, 558, 0, 0
1997, 11, 214, 385, 1, 0, 26.70%, 0, 0, 4, 288.25, 520624, 558, 0, 0
2002, 11, 167, 385, 0, 0, 26.70%, 0, 0, 4, 44.03, 521806, 558, 0, 0
2007, 11, 242, 385, 0, 0, 26.70%, 0, 0, 4, 285.51, 523056, 558, 0, 0
2012, 11, 204, 385, 0, 0, 26.70%, 0, 0, 4, 225.17, 524366, 558, 0, 0
2017, 11, 236, 385, 0, 0, 26.70%, 0, 0, 4, 256.51, 525671, 558, 0, 0
2022, 11, 49, 385, 0, 0, 26.70%, 0, 0, 4, 289.29, 526936, 558, 0, 0
2027, 11, 340, 385, 0, 0, 26.70%, 0, 0, 4, 287.96, 528206, 558, 0, 0
2032, 11, 333, 385, 0, 0, 26.70%, 0, 0, 4, 277.81, 529506, 558, 0, 0
2038, 11, 115, 385, 0, 0, 26.70%, 0, 0, 4, 267.16, 530661, 558, 0, 0
2043, 11, 29, 385, 0, 0, 26.70%, 0, 0, 4, 274.12, 531941, 558, 0, 0
2048, 11, 338, 385, 0, 0, 26.70%, 0, 0, 4, 259.47, 533246, 558, 0, 0
2053, 11, 344, 385, 0, 0, 26.70%, 0, 0, 4, 285.42, 534511, 558, 0, 0
2058, 11, 270, 385, 0, 0, 26.70%, 0, 0, 4, 279.50, 535721, 558, 0, 0
2063, 11, 266, 385, 0, 0, 26.70%, 0, 0, 4, 223.46, 536978, 558, 0, 0
2068, 11, 255, 385, 0, 0, 26.70%, 0, 0, 4, 295.00, 538236, 558, 0, 0
2073, 12, 167, 385, 0, 0, 26.70%, 0, 0, 4, 292.62, 539526, 558, 0, 0
2078, 12, 46, 385, 0, 0, 26.70%, 0, 0, 4, 275.55, 540791, 558, 0, 0
2084, 12, 214, 385, 0, 0, 26.70%, 0, 0, 4, 274.05, 542081, 558, 0, 0
2089, 12, 333, 385, 0, 0, 26.70%, 0, 0, 4, 296.68, 543366, 558, 0, 0
2094, 12, 383, 385, 0, 0, 26.70%, 0, 0, 4, 290.21, 544651, 558, 0, 0
2099, 12, 344, 385, 0, 0, 26.70%, 0, 0, 4, 259.15, 545836, 558, 0, 0
2104, 12, 330, 385, 0, 0, 26.70%, 0, 0, 4, 275.44, 547141, 558, 0, 0
2109, 12, 115, 385, 0, 0, 26.70%, 0, 0, 4, 285.63, 548410, 558, 0, 0
2114, 12, 262, 385, 0, 0, 26.70%, 0, 0, 4, 289.20, 549681, 558, 0, 0
2119, 12, 167, 385, 0, 0, 26.70%, 0, 0, 4, 269.09, 550976, 558, 0, 0
2124, 12, 340, 385, 0, 0, 26.70%, 0, 0, 4, 253.32, 552171, 558, 0, 0
2130, 12, 114, 385, 0, 0, 26.70%, 0, 0, 4, 292.07, 553496, 558, 0, 0
2135, 12, 76, 385, 0, 0, 26.70%, 0, 0, 4, 295.19, 554791, 558, 0, 0
2140, 12, 234, 385, 0, 0, 26.70%, 0, 0, 4, 123.84, 556057, 558, 0, 0
2145, 12, 115, 385, 0, 0, 26.70%, 0, 0, 4, 292.71, 557337, 558, 0, 0
2150, 12, 179, 385, 0, 0, 26.70%, 0, 0, 4, 31.35, 558547, 558, 0, 0
2155, 12, 82, 385, 0, 0, 26.70%, 0, 0, 4, 241.21, 559800, 558, 0, 0
2160, 12, 326, 385, 0, 0, 26.70%, 0, 0, 4, 278.44, 561062, 558, 0, 0
2165, 12, 163, 385, 0, 0, 26.70%, 0, 0, 4, 286.59, 562352, 558, 0, 0
2170, 12, 146, 385, 0, 0, 26.70%, 0, 0, 4, 272.32, 563602, 558, 0, 0
2176, 12, 180, 385, 0, 0, 26.70%, 0, 0, 4, 288.56, 564785, 558, 0, 0
2181, 12, 139, 385, 0, 0, 26.70%, 0, 0, 4, 267.40, 566067, 558, 0, 0
2186, 12, 170, 385, 0, 0, 26.70%, 0, 0, 4, 288.69, 567342, 558, 0, 0
2191, 12, 242, 385, 0, 0, 26.70%, 0, 0, 4, 289.21, 568637, 558, 0, 0
2196, 12, 326, 385, 0, 0, 26.70%, 0, 0, 4, 285.14, 569882, 558, 0, 0
2201, 12, 326, 385, 0, 0, 26.70%, 0, 0, 4, 33.11, 571122, 558, 0, 0
2206, 12, 47, 385, 0, 0, 26.70%, 0, 0, 4, 49.50, 572382, 558, 0, 0
2211, 12, 313, 385, 0, 0, 26.70%, 0, 0, 4, 259.92, 573677, 558, 0, 0
2217, 12, 242, 385, 0, 0, 26.70%, 0, 0, 4, 290.49, 574997, 558, 0, 0
2222, 12, 246, 385, 0, 0, 26.70%, 0, 0, 4, 104.90, 576254, 558, 0, 0
2227, 13, 383, 385, 0, 0, 26.70%, 0, 0, 4, 200.65, 577516, 558, 0, 0
2232, 13, 270, 385, 0, 0, 26.70%, 0, 0, 4, 232.61, 578806, 558, 0, 0
2237, 13, 174, 385, 0, 0, 26.70%, 0, 0, 4, 270.67, 580087, 558, 0, 0
2242, 13, 233, 385, 0, 0, 26.70%, 0, 0, 4, 243.72, 581337, 558, 0, 0
2247, 13, 233, 385, 0, 0, 26.70%, 0, 0, 4, 288.56, 582615, 558, 0, 0
2252, 13, 234, 385, 0, 0, 26.70%, 0, 0, 4, 285.97, 583913, 558, 0, 0
2258, 13, 47, 385, 0, 0, 26.70%, 0, 0, 4, 297.29, 585213, 558, 0, 0
2263, 13, 313, 385, 0, 0, 26.70%, 0, 0, 4, 290.57, 586478, 558, 0, 0
2268, 13, 330, 385, 0, 0, 26.70%, 0, 0, 4, 164.98, 587740, 558, 0, 0
2273, 13, 338, 385, 0, 0, 26.70%, 0, 0, 4, 209.27, 588989, 558, 0, 0
2278, 13, 49, 385, 0, 0, 26.70%, 0, 0, 4, 289.17, 590248, 558, 0, 0
2283, 13, 191, 385, 0, 0, 26.70%, 0, 0, 4, 289.67, 591558, 558, 0, 0
2288, 13, 115, 385, 0, 0, 26.70%, 0, 0, 4, 293.48, 592818, 558, 0, 0
2293, 13, 237, 385, 0, 0, 26.70%, 0, 0, 4, 270.22, 594093, 558, 0, 0
2298, 13, 344, 385, 0, 0, 26.70%, 0, 0, 4, 287.28, 595353, 558, 0, 0
2303, 13, 109, 385, 0, 0, 26.70%, 0, 0, 4, 290.16, 596653, 558, 0, 0
2309, 13, 313, 385, 0, 0, 26.70%, 0, 0, 4, 161.48, 597887, 558, 0, 0
2314, 13, 197, 385, 0, 0, 26.70%, 0, 0, 4, 231.68, 599127, 558, 0, 0
2319, 13, 313, 385, 0, 0, 26.70%, 0, 0, 4, 289.19, 600373, 558, 0, 0
2324, 13, 364, 385, 0, 0, 26.70%, 0, 0, 4, 284.61, 601633, 558, 0, 0
2329, 13, 204, 385, 0, 0, 26.70%, 0, 0, 4, 290.67, 602938, 558, 0, 0
2334, 13, 255, 385, 0, 0, 26.70%, 0, 0, 4, 286.52, 604213, 558, 0, 0
2339, 13, 78, 385, 0, 0, 26.70%, 0, 0, 4, 158.90, 605472, 558, 0, 0
2344, 13, 167, 385, 0, 0, 26.70%, 0, 0, 4, 293.53, 606686, 558, 0, 0
2349, 13, 52, 385, 0, 0, 26.70%, 0, 0, 4, 291.81, 607993, 558, 0, 0
2355, 13, 46, 385, 0, 0, 26.70%, 0, 0, 4, 289.77, 609288, 558, 0, 0
2360, 13, 59, 385, 0, 0, 26.70%, 0, 0, 4, 293.61, 610588, 558, 0, 0
2365, 13, 46, 385, 0, 0, 26.70%, 0, 0, 4, 272.47, 611853, 558, 0, 0
2370, 13, 383, 385, 0, 0, 26.70%, 0, 0, 4, 250.50, 613028, 558, 0, 0
2375, 13, 340, 385, 0, 0, 26.70%, 0, 0, 4, 270.49, 614288, 558, 0, 0
2380, 13, 129, 385, 0, 0, 26.70%, 0, 0, 4, 256.30, 615573, 558, 0, 0
2385, 14, 92, 385, 0, 0, 26.70%, 0, 0, 4, 109.77, 616842, 558, 0, 0
2390, 14, 242, 385, 0, 0, 26.70%, 0, 0, 4, 291.27, 618118, 558, 0, 0
2395, 14, 350, 385, 0, 0, 26.70%, 0, 0, 4, 291.05, 619398, 558, 0, 0
2400, 14, 338, 385, 0, 0, 26.70%, 0, 0, 4, 300.00, 620603, 558, 0, 0
2405, 14, 115, 385, 0, 0, 26.70%, 0, 0, 4, 275.26, 621868, 558, 0, 0
2411, 14, 76, 385, 0, 0, 26.70%, 0, 0, 4, 285.20, 623143, 558, 0, 0
2416, 14, 15, 385, 0, 0, 26.70%, 0, 0, 4, 290.93, 624393, 558, 0, 0
2421, 14, 313, 385, 0, 0, 26.70%, 0, 0, 4, 283.59, 625688, 558, 0, 0
2426, 14, 313, 385, 0, 0, 26.70%, 0, 0, 4, 35.21, 626913, 558, 0, 0
2431, 14, 338, 385, 0, 0, 26.70%, 0, 0, 4, 292.33, 628218, 558, 0, 0
2436, 14, 197, 385, 0, 0, 26.70%, 0, 0, 4, 288.04, 629508, 558, 0, 0
2442, 14, 313, 385, 0, 0, 26.70%, 0, 0, 4, 259.85, 630753, 558, 0, 0
2447, 14, 167, 385, 0, 0, 26.70%, 0, 0, 4, 285.61, 632018, 558, 0, 0
2452, 14, 49, 385, 0, 0, 26.70%, 0, 0, 4, 289.60, 633268, 558, 0, 0
2457, 14, 139, 385, 0, 0, 26.70%, 0, 0, 4, 280.50, 634523, 558, 0, 0
2462, 14, 115, 385, 0, 0, 26.70%, 0, 0, 4, 290.00, 635731, 558, 0, 0
2467, 14, 46, 385, 0, 0, 26.70%, 0, 0, 4, 290.90, 637033, 558, 0, 0
2472, 14, 344, 385, 0, 0, 26.70%, 0, 0, 4, 280.97, 638348, 558, 0, 0
2478, 14, 195, 385, 0, 0, 26.70%, 0, 0, 4, 36.50, 639558, 558, 0, 0
2483, 14, 382, 385, 0, 0, 26.70%, 0, 0, 4, 294.35, 640853, 558, 0, 0
2488, 14, 214, 385, 0, 0, 26.70%, 0, 0, 4, 48.31, 642083, 558, 0, 0
2493, 14, 109, 385, 0, 0, 26.70%, 0, 0, 4, 290.76, 643329, 558, 0, 0
2498, 14, 163, 385, 0, 0, 26.70%, 0, 0, 4, 291.84, 644629, 558, 0, 0
2504, 14, 214, 385, 0, 0, 26.70%, 0, 0, 4, 289.82, 645924, 558, 0, 0
2509, 14, 68, 385, 0, 0, 26.70%, 0, 0, 4, 283.63, 647139, 558, 0, 0
2514, 14, 167, 385, 0, 0, 26.70%, 0, 0, 4, 290.83, 648404, 558, 0, 0
2519, 14, 264, 385, 0, 0, 26.70%, 0, 0, 4, 292.33, 649705, 558, 0, 0
2524, 14, 170, 385, 0, 0, 26.70%, 0, 0, 4, 264.65, 650935, 558, 0, 0
2529, 14, 195, 385, 0, 0, 26.70%, 0, 0, 4, 297.03, 652130, 558, 0, 0
2534, 14, 170, 385, 0, 0, 26.70%, 0, 0, 4, 291.69, 653425, 558, 0, 0
2539, 15, 292, 385, 0, 0, 26.70%, 0, 0, 4, 31.25, 654589, 558, 0, 0
2545, 15, 184, 385, 0, 0, 26.70%, 0, 0, 4, 252.22, 655820, 558, 0, 0
2550, 15, 164, 385, 0, 0, 26.70%, 0, 0, 4, 270.29, 657200, 558, 0, 0
2555, 15, 338, 385, 0, 0, 26.70%, 0, 0, 4, 293.60, 658385, 558, 0, 0
2560, 15, 109, 385, 0, 0, 26.70%, 0, 0, 4, 291.51, 659675, 558, 0, 0
2565, 15, 326, 385, 0, 0, 26.70%, 0, 0, 4, 259.46, 660945, 558, 0, 0
2570, 15, 255, 385, 0, 0, 26.70%, 0, 0, 4, 268.03, 662160, 558, 0, 0
2575, 15, 49, 385, 0, 0, 26.70%, 0, 0, 4, 257.26, 663420, 558, 0, 0
2580, 15, 73, 385, 0, 0, 26.70%, 0, 0, 4, 289.52, 664675, 558, 0, 0
2585, 15, 170, 385, 0, 0, 26.70%, 0, 0, 4, 272.84, 665905, 558, 0, 0
2590, 15, 233, 385, 0, 0, 26.70%, 0, 0, 4, 33.00, 667095, 558, 0, 0
2595, 15, 242, 385, 0, 0, 26.70%, 0, 0, 4, 293.34, 668350, 558, 0, 0
2601, 15, 110, 385, 0, 0, 26.70%, 0, 0, 4, 290.13, 669650, 558, 0, 0
2606, 15, 270, 385, 0, 0, 26.70%, 0, 0, 4, 280.53, 670930, 558, 0, 0
2611, 15, 57, 385, 0, 0, 26.70%, 0, 0, 4, 295.30, 672135, 558, 0, 0
2616, 15, 330, 385, 0, 0, 26.70%, 0, 0, 4, 294.16, 673395, 558, 0, 0
2621, 15, 146, 385, 0, 0, 26.70%, 0, 0, 4, 253.59, 674685, 558, 0, 0
2626, 15, 195, 385, 0, 0, 26.70%, 0, 0, 4, 45.25, 675876, 558, 0, 0
2631, 15, 214, 385, 0, 0, 26.70%, 0, 0, 4, 294.66, 677194, 558, 0, 0
2636, 15, 233, 385, 0, 0, 26.70%, 0, 0, 4, 273.13, 678429, 558, 0, 0
2641, 15, 169, 385, 0, 0, 26.70%, 0, 0, 4, 265.26, 679644, 558, 0, 0
2647, 15, 234, 385, 0, 0, 26.70%, 0, 0, 4, 290.00, 680859, 558, 0, 0
2652, 15, 59, 385, 0, 0, 26.70%, 0, 0, 4, 293.79, 682124, 558, 0, 0
2657, 15, 325, 385, 0, 0, 26.70%, 0, 0, 4, 31.35, 683339, 558, 0, 0
2662, 15, 204, 385, 0, 0, 26.70%, 0, 0, 4, 289.63, 684624, 558, 0, 0
2667, 15, 313, 385, 0, 0, 26.70%, 0, 0, 4, 241.85, 685915, 558, 0, 0
2672, 15, 214, 385, 0, 0, 26.70%, 0, 0, 4, 279.60, 687124, 558, 0, 0
2677, 15, 266, 385, 0, 0, 26.70%, 0, 0, 4, 295.00, 688337, 558, 0, 0
2682, 15, 59, 385, 0, 0, 26.70%, 0, 0, 4, 288.52, 689634, 558, 0, 0
2688, 15, 195, 385, 0, 0, 26.70%, 0, 0, 4, 293.28, 690944, 558, 0, 0
2693, 15, 46, 385, 0, 0, 26.70%, 0, 0, 4, 250.45, 692259, 558, 0, 0
2698, 16, 354, 385, 0, 0, 26.70%, 0, 0, 4, 46.08, 693474, 558, 0, 0
2703, 16, 155, 385, 0, 0, 26.70%, 0, 0, 4, 268.18, 694769, 558, 0, 0
2708, 16, 46, 385, 0, 0, 26.70%, 0, 0, 4, 289.49, 696114, 558, 0, 0
2713, 16, 262, 385, 0, 0, 26.70%, 0, 0, 4, 289.97, 697389, 558, 0, 0
2718, 16, 120, 385, 0, 0, 26.70%, 0, 0, 4, 285.00, 698536, 558, 0, 0
2724, 16, 270, 385, 0, 0, 26.70%, 0, 0, 4, 289.02, 699844, 558, 0, 0
2729, 16, 194, 385, 0, 0, 26.70%, 0, 0, 4, 288.20, 701109, 558, 0, 0
2734, 16, 164, 385, 0, 0, 26.70%, 0, 0, 4, 292.78, 702384, 558, 0, 0
2739, 16, 139, 385, 0, 0, 26.70%, 0, 0, 4, 31.55, 703619, 558, 0, 0
2744, 16, 43, 385, 0, 0, 26.70%, 0, 0, 4, 293.60, 704884, 558, 0, 0
2749, 16, 146, 385, 0, 0, 26.70%, 0, 0, 4, 293.39, 706149, 558, 0, 0
2754, 16, 109, 385, 0, 0, 26.70%, 0, 0, 4, 265.97, 707444, 558, 0, 0
2760, 16, 338, 385, 0, 0, 26.70%, 0, 0, 4, 46.11, 708659, 558, 0, 0
2765, 16, 340, 385, 0, 0, 26.70%, 0, 0, 4, 292.08, 709948, 558, 0, 0
2770, 16, 313, 385, 0, 0, 26.70%, 0, 0, 4, 279.22, 711194, 558, 0, 0
2775, 16, 47, 385, 0, 0, 26.70%, 0, 0, 4, 288.01, 712489, 558, 0, 0
2780, 16, 242, 385, 0, 0, 26.70%, 0, 0, 4, 290.75, 713744, 558, 0, 0
2785, 16, 214, 385, 0, 0, 26.70%, 0, 0, 4, 280.61, 714984, 558, 0, 0
2790, 16, 195, 385, 0, 0, 26.70%, 0, 0, 4, 255.00, 716165, 558, 0, 0
2795, 16, 170, 385, 0, 0, 26.70%, 0, 0, 4, 294.91, 717424, 558, 0, 0
2800, 16, 167, 385, 0, 0, 26.70%, 0, 0, 4, 276.92, 718744, 558, 0, 0
2805, 16, 170, 385, 0, 0, 26.70%, 0, 0, 4, 267.51, 719939, 558, 0, 0
2810, 16, 97, 385, 0, 0, 26.70%, 0, 0, 4, 284.96, 721224, 558, 0, 0
2816, 16, 195, 385, 0, 0, 26.70%, 0, 0, 4, 289.60, 722499, 558, 0, 0
2821, 16, 266, 385, 0, 0, 26.70%, 0, 0, 4, 291.83, 723774, 558, 0, 0
2826, 16, 234, 385, 0, 0, 26.70%, 0, 0, 4, 282.18, 724956, 558, 0, 0
2831, 16, 146, 385, 0, 0, 26.70%, 0, 0, 4, 261.34, 726253, 558, 0, 0
2836, 16, 308, 385, 0, 0, 26.70%, 0, 0, 4, 293.00, 727549, 558, 0, 0
2841, 16, 255, 385, 0, 0, 26.70%, 0, 0, 4, 286.57, 728799, 558, 0, 0
2846, 16, 236, 385, 0, 0, 26.70%, 0, 0, 4, 48.31, 729979, 558, 0, 0
2851, 16, 120, 385, 0, 0, 26.70%, 0, 0, 4, 299.37, 731275, 558, 0, 0
2856, 17, 266, 385, 0, 0, 26.70%, 0, 0, 4, 252.81, 732578, 558, 0, 0
2862, 17, 139, 385, 0, 0, 26.70%, 0, 0, 4, 257.88, 733834, 558, 0, 0
2867, 17, 262, 385, 0, 0, 26.70%, 0, 0, 4, 276.39, 735028, 558, 0, 0
2872, 17, 170, 385, 0, 0, 26.70%, 0, 0, 4, 280.00, 736240, 558, 0, 0
2877, 17, 139, 385, 0, 0, 26.70%, 0, 0, 4, 288.26, 737544, 558, 0, 0
2882, 17, 167, 385, 0, 0, 26.70%, 0, 0, 4, 295.65, 738854, 558, 0, 0
2887, 17, 46, 385, 0, 0, 26.70%, 0, 0, 4, 293.53, 740068, 558, 0, 0
2892, 17, 109, 385, 0, 0, 26.70%, 0, 0, 4, 285.22, 741344, 558, 0, 0
2898, 17, 166, 385, 0, 0, 26.70%, 0, 0, 4, 258.82, 742619, 558, 0, 0
2903, 17, 344, 385, 0, 0, 26.70%, 0, 0, 4, 291.07, 743924, 558, 0, 0
2908, 17, 209, 385, 0, 0, 26.70%, 0, 0, 4, 283.83, 745228, 558, 0, 0
2913, 17, 27, 385, 0, 0, 26.70%, 0, 0, 4, 287.13, 746462, 558, 0, 0
2918, 17, 266, 385, 0, 0, 26.70%, 0, 0, 4, 183.00, 747707, 558, 0, 0
2923, 17, 109, 385, 0, 0, 26.70%, 0, 0, 4, 289.79, 749004, 558, 0, 0
2929, 17, 98, 385, 0, 0, 26.70%, 0, 0, 4, 223.86, 750193, 558, 0, 0
2934, 17, 167, 385, 0, 0, 26.70%, 0, 0, 4, 289.47, 751499, 558, 0, 0
2939, 17, 270, 385, 0, 0, 26.70%, 0, 0, 4, 272.86, 752749, 558, 0, 0
2944, 17, 109, 385, 0, 0, 26.70%, 0, 0, 4, 272.54, 754044, 558, 0, 0
2949, 17, 4, 385, 0, 0, 26.70%, 0, 0, 4, 283.23, 755354, 558, 0, 0
2954, 17, 214, 385, 0, 0, 26.70%, 0, 0, 4, 194.55, 756561, 558, 0, 0
2959, 17, 266, 385, 0, 0, 26.70%, 0, 0, 4, 277.76, 757839, 558, 0, 0
2965, 17, 73, 385, 0, 0, 26.70%, 0, 0, 4, 289.01, 759129, 558, 0, 0
2970, 17, 204, 385, 0, 0, 26.70%, 0, 0, 4, 49.18, 760349, 558, 0, 0
2975, 17, 340, 385, 0, 0, 26.70%, 0, 0, 4, 260.33, 761609, 558, 0, 0
2980, 17, 234, 385, 0, 0, 26.70%, 0, 0, 4, 287.37, 762894, 558, 0, 0
2985, 17, 46, 385, 0, 0, 26.70%, 0, 0, 4, 291.09, 764184, 558, 0, 0
2990, 17, 167, 385, 0, 0, 26.70%, 0, 0, 4, 256.54, 765369, 558, 0, 0
2995, 17, 233, 385, 0, 0, 26.70%, 0, 0, 4, 253.40, 766594, 558, 0, 0
3000, 17, 47, 385, 0, 0, 26.70%, 0, 0, 4, 292.60, 767899, 558, 0, 0
3005, 17, 109, 385, 0, 0, 26.70%, 0, 0, 4, 293.24, 769135, 558, 0, 0
3011, 17, 221, 385, 0, 0, 26.70%, 0, 0, 4, 278.13, 770375, 558, 0, 0
3016, 18, 12, 385, 0, 0, 26.70%, 0, 0, 4, 280.90, 771575, 558, 0, 0
3021, 18, 42, 385, 0, 0, 26.70%, 0, 0, 4, 287.46, 772870, 558, 0, 0
3026, 18, 59, 385, 0, 0, 26.70%, 0, 0, 4, 289.42, 774160, 558, 0, 0
3031, 18, 47, 385, 0, 0, 26.70%, 0, 0, 4, 265.56, 775415, 558, 0, 0
3036, 18, 255, 385, 0, 0, 26.70%, 0, 0, 4, 41.32, 776635, 558, 0, 0
3042, 18, 46, 385, 0, 0, 26.70%, 0, 0, 4, 285.58, 777935, 558, 0, 0
3047, 18, 361, 385, 0, 0, 26.70%, 0, 0, 4, 274.26, 779255, 558, 0, 0
3052, 18, 341, 385, 0, 0, 26.70%, 0, 0, 4, 292.93, 780525, 558, 0, 0
3057, 18, 59, 385, 0, 0, 26.70%, 0, 0, 4, 288.80, 781810, 558, 0, 0
3062, 18, 157, 385, 0, 0, 26.70%, 0, 0, 4, 31.85, 783020, 558, 0, 0
3067, 18, 139, 385, 0, 0, 26.70%, 0, 0, 4, 280.79, 784307, 558, 0, 0
3072, 18, 255, 385, 0, 0, 26.70%, 0, 0, 4, 293.69, 785595, 558, 0, 0
3078, 18, 167, 385, 0, 0, 26.70%, 0, 0, 4, 289.34, 786900, 558, 0, 0
3083, 18, 38, 385, 0, 0, 26.70%, 0, 0, 4, 287.90, 788145, 558, 0, 0
3088, 18, 59, 385, 0, 0, 26.70%, 0, 0, 4, 296.85, 789455, 558, 0, 0
3093, 18, 46, 385, 0, 0, 26.70%, 0, 0, 4, 291.02, 790745, 558, 0, 0
3098, 18, 364, 385, 0, 0, 26.70%, 0, 0, 4, 42.55, 791945, 558, 0, 0
3103, 18, 47, 385, 0, 0, 26.70%, 0, 0, 4, 292.33, 793215, 558, 0, 0
3108, 18, 35, 385, 0, 0, 26.70%, 0, 0, 4, 290.36, 794500, 558, 0, 0
3113, 18, 54, 385, 0, 0, 26.70%, 0, 0, 4, 290.16, 795810, 558, 0, 0
3119, 18, 170, 385, 0, 0, 26.70%, 0, 0, 4, 295.26, 797115, 558, 0, 0
3124, 18, 238, 385, 0, 0, 26.70%, 0, 0, 4, 294.25, 798410, 558, 0, 0
3129, 18, 344, 385, 0, 0, 26.70%, 0, 0, 4, 259.85, 799660, 558, 0, 0
3134, 18, 350, 385, 0, 0, 26.70%, 0, 0, 4, 175.00, 800925, 558, 0, 0
3139, 18, 146, 385, 0, 0, 26.70%, 0, 0, 4, 291.98, 802210, 558, 0, 0
3145, 18, 109, 385, 0, 0, 26.70%, 0, 0, 4, 290.69, 803515, 558, 0, 0
3150, 18, 170, 385, 0, 0, 26.70%, 0, 0, 4, 278.32, 804810, 558, 0, 0
3155, 18, 219, 385, 0, 0, 26.70%, 0, 0, 4, 258.08, 806060, 558, 0, 0
3160, 18, 109, 385, 0, 0, 26.70%, 0, 0, 4, 276.79, 807255, 558, 0, 0
3165, 18, 234, 385, 0, 0, 26.70%, 0, 0, 4, 283.63, 808505, 558, 0, 0
3170, 19, 50, 385, 0, 0, 26.70%, 0, 0, 4, 293.48, 809779, 558, 0, 0
3175, 19, 204, 385, 0, 0, 26.70%, 0, 0, 4, 289.67, 811030, 558, 0, 0
3180, 19, 64, 385, 0, 0, 26.70%, 0, 0, 4, 252.90, 812255, 558, 0, 0
3185, 19, 326, 385, 0, 0, 26.70%, 0, 0, 4, 290.47, 813555, 558, 0, 0
3190, 19, 59, 385, 0, 0, 26.70%, 0, 0, 4, 220.45, 814721, 558, 0, 0
3195, 19, 120, 385, 0, 0, 26.70%, 0, 0, 4, 288.55, 816020, 558, 0, 0
3200, 19, 52, 385, 0, 0, 26.70%, 0, 0, 4, 274.71, 817265, 558, 0, 0
3206, 19, 52, 385, 0, 0, 26.70%, 0, 0, 4, 293.33, 818545, 558, 0, 0
3211, 19, 350, 385, 0, 0, 26.70%, 0, 0, 4, 274.50, 819835, 558, 0, 0
3216, 19, 313, 385, 0, 0, 26.70%, 0, 0, 4, 272.48, 821104, 558, 0, 0
3221, 19, 344, 385, 0, 0, 26.70%, 0, 0, 4, 294.12, 822370, 558, 0, 0
3226, 19, 49, 385, 0, 0, 26.70%, 0, 0, 4, 293.34, 823650, 558, 0, 0
3231, 19, 52, 385, 0, 0, 26.70%, 0, 0, 4, 291.25, 824920, 558, 0, 0
3236, 19, 163, 385, 0, 0, 26.70%, 0, 0, 4, 280.62, 826205, 558, 0, 0
3241, 19, 70, 385, 0, 0, 26.70%, 0, 0, 4, 45.73, 827420, 558, 0, 0
3246, 19, 242, 385, 0, 0, 26.70%, 0, 0, 4, 283.58, 828657, 558, 0, 0
3251, 19, 163, 385, 0, 0, 26.70%, 0, 0, 4, 296.42, 829945, 558, 0, 0
3256, 19, 365, 385, 0, 0, 26.70%, 0, 0, 4, 292.15, 831200, 558, 0, 0
3261, 19, 344, 385, 0, 0, 26.70%, 0, 0, 4, 285.60, 832480, 558, 0, 0
3267, 19, 234, 385, 0, 0, 26.70%, 0, 0, 4, 278.95, 833775, 558, 0, 0
3272, 19, 382, 385, 0, 0, 26.70%, 0, 0, 4, 285.00, 834962, 558, 0, 0
3277, 19, 234, 385, 0, 0, 26.70%, 0, 0, 4, 290.07, 836215, 558, 0, 0
3282, 19, 233, 385, 0, 0, 26.70%, 0, 0, 4, 292.75, 837500, 558, 0, 0
3287, 19, 195, 385, 0, 0, 26.70%, 0, 0, 4, 196.60, 838765, 558, 0, 0
3292, 19, 171, 385, 0, 0, 26.70%, 0, 0, 4, 284.89, 840060, 558, 0, 0
3297, 19, 59, 385, 0, 0, 26.70%, 0, 0, 4, 53.76, 841295, 558, 0, 0
3302, 19, 340, 385, 0, 0, 26.70%, 0, 0, 4, 298.51, 842505, 558, 0, 0
3307, 19, 47, 385, 0, 0, 26.70%, 0, 0, 4, 291.85, 843775, 558, 0, 0
3312, 19, 350, 385, 0, 0, 26.70%, 0, 0, 4, 294.61, 845075, 558, 0, 0
3318, 19, 170, 385, 0, 0, 26.70%, 0, 0, 4, 288.66, 846365, 558, 0, 0
3323, 20, 292, 385, 0, 0, 26.70%, 0, 0, 4, 284.58, 847670, 558, 0, 0
3328, 20, 330, 385, 0, 0, 26.70%, 0, 0, 4, 45.36, 848908, 558, 0, 0
3333, 20, 266, 385, 0, 0, 26.70%, 0, 0, 4, 282.53, 850200, 558, 0, 0
3338, 20, 202, 385, 0, 0, 26.70%, 0, 0, 4, 246.79, 851491, 558, 0, 0
3343, 20, 146, 385, 0, 0, 26.70%, 0, 0, 4, 259.40, 852790, 558, 0, 0
3349, 20, 179, 385, 0, 0, 26.70%, 0, 0, 4, 280.24, 854065, 558, 0, 0
3354, 20, 270, 385, 0, 0, 26.70%, 0, 0, 4, 288.11, 855255, 558, 0, 0
3359, 20, 204, 385, 0, 0, 26.70%, 0, 0, 4, 291.23, 856520, 558, 0, 0
3364, 20, 374, 385, 0, 0, 26.70%, 0, 0, 4, 278.94, 857740, 558, 0, 0
3369, 20, 56, 385, 0, 0, 26.70%, 0, 0, 4, 274.47, 858960, 558, 0, 0
3374, 20, 330, 385, 0, 0, 26.70%, 0, 0, 4, 290.54, 860255, 558, 0, 0
3379, 20, 338, 385, 0, 0, 26.70%, 0, 0, 4, 236.89, 861560, 558, 0, 0
3384, 20, 167, 385, 0, 0, 26.70%, 0, 0, 4, 291.09, 862810, 558, 0, 0
3389, 20, 203, 385, 0, 0, 26.70%, 0, 0, 4, 275.08, 863990, 558, 0, 0
3395, 20, 242, 385, 0, 0, 26.70%, 0, 0, 4, 267.90, 865320, 558, 0, 0
3400, 20, 139, 385, 0, 0, 26.70%, 0, 0, 4, 288.26, 866510, 558, 0, 0
3405, 20, 163, 385, 0, 0, 26.70%, 0, 0, 4, 270.15, 867825, 558, 0, 0
3410, 20, 255, 385, 0, 0, 26.70%, 0, 0, 4, 31.25, 869029, 558, 0, 0
3415, 20, 255, 385, 0, 0, 26.70%, 0, 0, 4, 295.57, 870280, 558, 0, 0
3420, 20, 70, 385, 0, 0, 26.70%, 0, 0, 4, 292.43, 871555, 558, 0, 0
3425, 20, 345, 385, 0, 0, 26.70%, 0, 0, 4, 189.24, 872823, 558, 0, 0
3430, 20, 125, 385, 0, 0, 26.70%, 0, 0, 4, 290.85, 874085, 558, 0, 0
3436, 20, 233, 385, 0, 0, 26.70%, 0, 0, 4, 292.08, 875274, 558, 0, 0
3441, 20, 179, 385, 0, 0, 26.70%, 0, 0, 4, 281.97, 876575, 558, 0, 0
3446, 20, 47, 385, 0, 0, 26.70%, 0, 0, 4, 237.30, 877833, 558, 0, 0
3451, 20, 129, 385, 0, 0, 26.70%, 0, 0, 4, 287.70, 879050, 558, 0, 0
3456, 20, 382, 385, 0, 0, 26.70%, 0, 0, 4, 291.97, 880346, 558, 0, 0
3461, 20, 246, 385, 0, 0, 26.70%, 0, 0, 4, 289.58, 881605, 558, 0, 0
3466, 20, 49, 385, 0, 0, 26.70%, 0, 0, 4, 290.00, 882784, 558, 0, 0
3471, 20, 97, 385, 0, 0, 26.70%, 0, 0, 4, 288.38, 884051, 558, 0, 0
3477, 20, 167, 385, 0, 0, 26.70%, 0, 0, 4, 293.05, 885341, 558, 0, 0
3482, 21, 364, 385, 0, 0, 26.70%, 0, 0, 4, 267.40, 886591, 558, 0, 0
3487, 21, 326, 385, 0, 0, 26.70%, 0, 0, 4, 290.33, 887811, 558, 0, 0
3492, 21, 242, 385, 0, 0, 26.70%, 0, 0, 4, 195.09, 889057, 558, 0, 0
3497, 21, 233, 385, 0, 0, 26.70%, 0, 0, 4, 290.33, 890276, 558, 0, 0
3502, 21, 338, 385, 0, 0, 26.70%, 0, 0, 4, 294.34, 891566, 558, 0, 0
3508, 21, 350, 385, 0, 0, 26.70%, 0, 0, 4, 264.96, 892862, 558, 0, 0
3513, 21, 109, 385, 0, 0, 26.70%, 0, 0, 4, 290.15, 894067, 558, 0, 0
3518, 21, 242, 385, 0, 0, 26.70%, 0, 0, 4, 264.90, 895337, 558, 0, 0
3523, 21, 81, 385, 0, 0, 26.70%, 0, 0, 4, 291.46, 896597, 558, 0, 0
3528, 21, 266, 385, 0, 0, 26.70%, 0, 0, 4, 266.85, 897837, 558, 0, 0
3533, 21, 146, 385, 0, 0, 26.70%, 0, 0, 4, 262.02, 899022, 558, 0, 0
3538, 21, 364, 385, 0, 0, 26.70%, 0, 0, 4, 265.86, 900317, 558, 0, 0
3543, 21, 262, 385, 0, 0, 26.70%, 0, 0, 4, 290.17, 901582, 558, 0, 0
3548, 21, 192, 385, 0, 0, 26.70%, 0, 0, 4, 240.26, 902887, 558, 0, 0
3554, 21, 280, 385, 0, 0, 26.70%, 0, 0, 4, 271.45, 904082, 558, 0, 0
3559, 21, 247, 385, 0, 0, 26.70%, 0, 0, 4, 269.41, 905397, 558, 0, 0
3564, 21, 52, 385, 0, 0, 26.70%, 0, 0, 4, 291.25, 906657, 558, 0, 0
3569, 21, 339, 385, 0, 0, 26.70%, 0, 0, 4, 253.63, 907847, 558, 0, 0
3574, 21, 214, 385, 0, 0, 26.70%, 0, 0, 4, 273.33, 909152, 558, 0, 0
3579, 21, 326, 385, 0, 0, 26.70%, 0, 0, 4, 266.93, 910462, 558, 0, 0
3584, 21, 164, 385, 0, 0, 26.70%, 0, 0, 4, 32.57, 911672, 558, 0, 0
3590, 21, 195, 385, 0, 0, 26.70%, 0, 0, 4, 207.96, 912966, 558, 0, 0
3595, 21, 340, 385, 0, 0, 26.70%, 0, 0, 4, 275.03, 914257, 558, 0, 0
3600, 21, 255, 385, 0, 0, 26.70%, 0, 0, 4, 280.63, 915517, 558, 0, 0
3605, 21, 350, 385, 0, 0, 26.70%, 0, 0, 4, 293.53, 916711, 558, 0, 0
3610, 21, 170, 385, 0, 0, 26.70%, 0, 0, 4, 274.07, 917972, 558, 0, 0
3615, 21, 364, 385, 0, 0, 26.70%, 0, 0, 4, 275.86, 919272, 558, 0, 0
3620, 21, 164, 385, 0, 0, 26.70%, 0, 0, 4, 35.48, 920467, 558, 0, 0
3625, 21, 255, 385, 0, 0, 26.70%, 0, 0, 4, 290.17, 921742, 558, 0, 0
3630, 21, 273, 385, 0, 0, 26.70%, 0, 0, 4, 198.32, 923029, 558, 0, 0
3636, 21, 255, 385, 0, 0, 26.70%, 0, 0, 4, 286.26, 924307, 558, 0, 0
3641, 22, 204, 385, 0, 0, 26.70%, 0, 0, 4, 293.09, 925497, 558, 0, 0
3646, 22, 248, 385, 0, 0, 26.70%, 0, 0, 4, 286.46, 926812, 558, 0, 0
3651, 22, 218, 385, 0, 0, 26.70%, 0, 0, 4, 283.32, 928072, 558, 0, 0
3656, 22, 255, 385, 0, 0, 26.70%, 0, 0, 4, 297.97, 929322, 558, 0, 0
3661, 22, 262, 385, 0, 0, 26.70%, 0, 0, 4, 272.39, 930587, 558, 0, 0
3666, 22, 383, 385, 0, 0, 26.70%, 0, 0, 4, 273.41, 931857, 558, 0, 0
3672, 22, 236, 385, 0, 0, 26.70%, 0, 0, 4, 285.89, 933117, 558, 0, 0
3677, 22, 164, 385, 0, 0, 26.70%, 0, 0, 4, 290.00, 934275, 558, 0, 0
3682, 22, 340, 385, 0, 0, 26.70%, 0, 0, 4, 294.78, 935557, 558, 0, 0
3687, 22, 313, 385, 0, 0, 26.70%, 0, 0, 4, 270.74, 936842, 558, 0, 0
3692, 22, 270, 385, 0, 0, 26.70%, 0, 0, 4, 290.31, 938112, 558, 0, 0
3697, 22, 376, 385, 0, 0, 26.70%, 0, 0, 4, 222.07, 939356, 558, 0, 0
3702, 22, 120, 385, 0, 0, 26.70%, 0, 0, 4, 259.43, 940575, 558, 0, 0
3707, 22, 339, 385, 0, 0, 26.70%, 0, 0, 4, 290.72, 941817, 558, 0, 0
3712, 22, 133, 385, 0, 0, 26.70%, 0, 0, 4, 290.52, 943097, 558, 0, 0
3717, 22, 146, 385, 0, 0, 26.70%, 0, 0, 4, 30.67, 944282, 558, 0, 0
3723, 22, 280, 385, 0, 0, 26.70%, 0, 0, 4, 290.33, 945567, 558, 0, 0
3728, 22, 13, 385, 0, 0, 26.70%, 0, 0, 4, 270.67, 946827, 558, 0, 0
3733, 22, 56, 385, 0, 0, 26.70%, 0, 0, 4, 290.79, 948117, 558, 0, 0
3738, 22, 241, 385, 0, 0, 26.70%, 0, 0, 4, 275.94, 949357, 558, 0, 0
3743, 22, 234, 385, 0, 0, 26.70%, 0, 0, 4, 37.04, 950542, 558, 0, 0
3748, 22, 242, 385, 0, 0, 26.70%, 0, 0, 4, 269.93, 951827, 558, 0, 0
3753, 22, 236, 385, 0, 0, 26.70%, 0, 0, 4, 143.31, 953126, 558, 0, 0
3758, 22, 120, 385, 0, 0, 26.70%, 0, 0, 4, 35.97, 954267, 558, 0, 0
3763, 22, 68, 385, 0, 0, 26.70%, 0, 0, 4, 293.39, 955562, 558, 0, 0
3769, 22, 326, 385, 0, 0, 26.70%, 0, 0, 4, 270.18, 956862, 558, 0, 0
3774, 22, 83, 385, 0, 0, 26.70%, 0, 0, 4, 262.94, 958062, 558, 0, 0
3779, 22, 167, 385, 0, 0, 26.70%, 0, 0, 4, 294.87, 959287, 558, 0, 0
3784, 22, 195, 385, 0, 0, 26.70%, 0, 0, 4, 275.82, 960582, 558, 0, 0
3789, 22, 270, 385, 0, 0, 26.70%, 0, 0, 4, 248.54, 961767, 558, 0, 0
3794, 22, 47, 385, 0, 0, 26.70%, 0, 0, 4, 291.67, 963002, 558, 0, 0
3799, 23, 236, 385, 0, 0, 26.70%, 0, 0, 4, 289.71, 964272, 558, 0, 0
3804, 23, 167, 385, 0, 0, 26.70%, 0, 0, 4, 292.16, 965567, 558, 0, 0
3809, 23, 204, 385, 0, 0, 26.70%, 0, 0, 4, 282.84, 966792, 558, 0, 0
3814, 23, 133, 385, 0, 0, 26.70%, 0, 0, 4, 285.31, 968012, 558, 0, 0
3819, 23, 330, 385, 0, 0, 26.70%, 0, 0, 4, 294.99, 969272, 558, 0, 0
3825, 23, 120, 385, 0, 0, 26.70%, 0, 0, 4, 289.66, 970531, 558, 0, 0
3830, 23, 308, 385, 0, 0, 26.70%, 0, 0, 4, 283.18, 971776, 558, 0, 0
3835, 23, 321, 385, 0, 0, 26.70%, 0, 0, 4, 287.13, 972946, 558, 0, 0
3840, 23, 120, 385, 0, 0, 26.70%, 0, 0, 4, 287.22, 974191, 558, 0, 0
3845, 23, 179, 385, 0, 0, 26.70%, 0, 0, 4, 290.79, 975465, 558, 0, 0
3850, 23, 55, 385, 0, 0, 26.70%, 0, 0, 4, 259.29, 976698, 558, 0, 0
3855, 23, 234, 385, 0, 0, 26.70%, 0, 0, 4, 267.70, 977888, 558, 0, 0
3860, 23, 52, 385, 0, 0, 26.70%, 0, 0, 4, 291.49, 979143, 558, 0, 0
3865, 23, 196, 385, 0, 0, 26.70%, 0, 0, 4, 289.72, 980443, 558, 0, 0
3870, 23, 164, 385, 0, 0, 26.70%, 0, 0, 4, 40.49, 981633, 558, 0, 0
3876, 23, 39, 385, 0, 0, 26.70%, 0, 0, 4, 287.40, 982942, 558, 0, 0
3881, 23, 326, 385, 0, 0, 26.70%, 0, 0, 4, 282.04, 984193, 558, 0, 0
3886, 23, 179, 385, 0, 0, 26.70%, 0, 0, 4, 277.59, 985378, 558, 0, 0
3891, 23, 119, 385, 0, 0, 26.70%, 0, 0, 4, 38.61, 986568, 558, 0, 0
3896, 23, 163, 385, 0, 0, 26.70%, 0, 0, 4, 289.99, 987823, 558, 0, 0
3901, 23, 115, 385, 0, 0, 26.70%, 0, 0, 4, 288.56, 989011, 558, 0, 0
3906, 23, 350, 385, 0, 0, 26.70%, 0, 0, 4, 266.95, 990263, 558, 0, 0
3911, 23, 270, 385, 0, 0, 26.70%, 0, 0, 4, 180.69, 991459, 558, 0, 0
3917, 23, 47, 385, 0, 0, 26.70%, 0, 0, 4, 298.08, 992733, 558, 0, 0
3922, 23, 350, 385, 0, 0, 26.70%, 0, 0, 4, 278.92, 993963, 558, 0, 0
3927, 23, 167, 385, 0, 0, 26.70%, 0, 0, 4, 288.59, 995158, 558, 0, 0
3932, 23, 350, 385, 0, 0, 26.70%, 0, 0, 4, 47.62, 996348, 558, 0, 0
3937, 23, 214, 385, 0, 0, 26.70%, 0, 0, 4, 295.74, 997583, 558, 0, 0
3942, 23, 33, 385, 0, 0, 26.70%, 0, 0, 4, 31.11, 998742, 558, 0, 0
3947, 23, 262, 385, 0, 0, 26.70%, 0, 0, 4, 285.38, 999998, 558, 0, 0
3952, 23, 350, 385, 0, 0, 26.70%, 0, 0, 4, 292.43, 1001298, 558, 0, 0
3958, 24, 47, 385, 0, 0, 26.70%, 0, 0, 4, 276.00, 1002488, 558, 0, 0
3963, 24, 56, 385, 0, 0, 26.70%, 0, 0, 4, 289.30, 1003783, 558, 0, 0
3968, 24, 266, 385, 0, 0, 26.70%, 0, 0, 4, 270.60, 1004993, 558, 0, 0
3973, 24, 76, 385, 0, 0, 26.70%, 0, 0, 4, 288.06, 1006238, 558, 0, 0
3978, 24, 338, 385, 0, 0, 26.70%, 0, 0, 4, 31.01, 1007430, 558, 0, 0
3983, 24, 313, 385, 0, 0, 26.70%, 0, 0, 4, 92.97, 1008691, 558, 0, 0
3988, 24, 141, 385, 0, 0, 26.70%, 0, 0, 4, 278.23, 1009938, 558, 0, 0
3993, 24, 59, 385, 0, 0, 26.70%, 0, 0, 4, 271.06, 1011198, 558, 0, 0
3998, 24, 333, 385, 0, 0, 26.70%, 0, 0, 4, 270.61, 1012488, 558, 0, 0
4004, 24, 195, 385, 0, 0, 26.70%, 0, 0, 4, 251.30, 1013763, 558, 0, 0
4009, 24, 231, 385, 0, 0, 26.70%, 0, 0, 4, 285.71, 1014955, 558, 0, 0
4014, 24, 380, 385, 0, 0, 26.70%, 0, 0, 4, 293.99, 1016198, 558, 0, 0
4019, 24, 167, 385, 0, 0, 26.70%, 0, 0, 4, 288.73, 1017493, 558, 0, 0
4024, 24, 176, 385, 0, 0, 26.70%, 0, 0, 4, 290.43, 1018798, 558, 0, 0
4029, 24, 233, 385, 0, 0, 26.70%, 0, 0, 4, 288.56, 1019966, 558, 0, 0
4035, 24, 266, 385, 0, 0, 26.70%, 0, 0, 4, 251.76, 1021265, 558, 0, 0
4040, 24, 170, 385, 0, 0, 26.70%, 0, 0, 4, 299.98, 1022547, 558, 0, 0
4045, 24, 199, 385, 0, 0, 26.70%, 0, 0, 4, 30.96, 1023803, 558, 0, 0
4050, 24, 262, 385, 0, 0, 26.70%, 0, 0, 4, 211.24, 1025059, 558, 0, 0
4055, 24, 340, 385, 0, 0, 26.70%, 0, 0, 4, 271.66, 1026337, 558, 0, 0
4060, 24, 49, 385, 0, 0, 26.70%, 0, 0, 4, 289.87, 1027582, 558, 0, 0
4065, 24, 266, 385, 0, 0, 26.70%, 0, 0, 4, 294.49, 1028877, 558, 0, 0
4070, 24, 47, 385, 0, 0, 26.70%, 0, 0, 4, 30.77, 1030037, 558, 0, 0
4076, 24, 109, 385, 0, 0, 26.70%, 0, 0, 4, 287.46, 1031312, 558, 0, 0
4081, 24, 279, 385, 0, 0, 26.70%, 0, 0, 4, 236.14, 1032603, 558, 0, 0
4086, 24, 311, 385, 0, 0, 26.70%, 0, 0, 4, 257.13, 1033892, 558, 0, 0
4091, 24, 170, 385, 0, 0, 26.70%, 0, 0, 4, 30.86, 1035087, 558, 0, 0
4096, 24, 146, 385, 0, 0, 26.70%, 0, 0, 4, 293.46, 1036347, 558, 0, 0
4101, 24, 115, 385, 0, 0, 26.70%, 0, 0, 4, 287.09, 1037607, 558, 0, 0
4106, 24, 340, 385, 0, 0, 26.70%, 0, 0, 4, 275.20, 1038907, 558, 0, 0
4111, 24, 58, 385, 0, 0, 26.70%, 0, 0, 4, 282.20, 1040132, 558, 0, 0
4117, 25, 46, 385, 0, 0, 26.70%, 0, 0, 4, 283.58, 1041374, 558, 0, 0
4122, 25, 242, 385, 0, 0, 26.70%, 0, 0, 4, 287.07, 1042657, 558, 0, 0
4127, 25, 313, 385, 0, 0, 26.70%, 0, 0, 4, 269.06, 1043922, 558, 0, 0
4132, 25, 195, 385, 0, 0, 26.70%, 0, 0, 4, 220.99, 1045195, 558, 0, 0
4137, 25, 270, 385, 0, 0, 26.70%, 0, 0, 4, 143.86, 1046383, 558, 0, 0
4142, 25, 139, 385, 0, 0, 26.70%, 0, 0, 4, 288.42, 1047667, 558, 0, 0
4147, 25, 135, 385, 0, 0, 26.70%, 0, 0, 4, 290.83, 1048922, 558, 0, 0
4152, 25, 326, 385, 0, 0, 26.70%, 0, 0, 4, 290.26, 1050212, 558, 0, 0
4158, 25, 139, 385, 0, 0, 26.70%, 0, 0, 4, 284.35, 1051447, 558, 0, 0
4163, 25, 340, 385, 0, 0, 26.70%, 0, 0, 4, 287.29, 1052672, 558, 0, 0
4168, 25, 204, 385, 0, 0, 26.70%, 0, 0, 4, 250.42, 1053981, 558, 0, 0
4173, 25, 167, 385, 0, 0, 26.70%, 0, 0, 4, 252.99, 1055222, 558, 0, 0
4178, 25, 340, 385, 0, 0, 26.70%, 0, 0, 4, 263.77, 1056422, 558, 0, 0
4183, 25, 344, 385, 0, 0, 26.70%, 0, 0, 4, 215.57, 1057720, 558, 0, 0
4189, 25, 358, 385, 0, 0, 26.70%, 0, 0, 4, 244.97, 1059024, 558, 0, 0
4194, 25, 326, 385, 0, 0, 26.70%, 0, 0, 4, 288.71, 1060292, 558, 0, 0
4199, 25, 236, 385, 0, 0, 26.70%, 0, 0, 4, 272.82, 1061547, 558, 0, 0
4204, 25, 350, 385, 0, 0, 26.70%, 0, 0, 4, 30.58, 1062797, 558, 0, 0
4209, 25, 47, 385, 0, 0, 26.70%, 0, 0, 4, 261.54, 1064092, 558, 0, 0
4214, 25, 338, 385, 0, 0, 26.70%, 0, 0, 4, 230.02, 1065394, 558, 0, 0
4219, 25, 234, 385, 0, 0, 26.70%, 0, 0, 4, 292.32, 1066661, 558, 0, 0
4224, 25, 163, 385, 0, 0, 26.70%, 0, 0, 4, 275.71, 1067892, 558, 0, 0
4229, 25, 91, 385, 0, 0, 26.70%, 0, 0, 4, 297.03, 1069082, 558, 0, 0
4235, 25, 139, 385, 0, 0, 26.70%, 0, 0, 4, 285.80, 1070352, 558, 0, 0
4240, 25, 262, 385, 0, 0, 26.70%, 0, 0, 4, 294.41, 1071662, 558, 0, 0
4245, 25, 47, 385, 0, 0, 26.70%, 0, 0, 4, 286.00, 1072961, 558, 0, 0
4250, 25, 174, 385, 0, 0, 26.70%, 0, 0, 4, 289.15, 1074252, 558, 0, 0
4255, 25, 204, 385, 0, 0, 26.70%, 0, 0, 4, 46.30, 1075452, 558, 0, 0
4260, 25, 326, 385, 0, 0, 26.70%, 0, 0, 4, 291.94, 1076736, 558, 0, 0
4266, 25, 290, 385, 0, 0, 26.70%, 0, 0, 4, 277.67, 1078047, 558, 0, 0
4271, 26, 239, 385, 0, 0, 26.70%, 0, 0, 4, 267.31, 1079282, 558, 0, 0
4276, 26, 108, 385, 0, 0, 26.70%, 0, 0, 4, 264.90, 1080477, 558, 0, 0
4281, 26, 326, 385, 0, 0, 26.70%, 0, 0, 4, 259.71, 1081772, 558, 0, 0
4286, 26, 163, 385, 0, 0, 26.70%, 0, 0, 4, 251.01, 1083072, 558, 0, 0
4291, 26, 105, 385, 0, 0, 26.70%, 0, 0, 4, 36.63, 1084292, 558, 0, 0
4296, 26, 350, 385, 0, 0, 26.70%, 0, 0, 4, 267.60, 1085562, 558, 0, 0
4301, 26, 214, 385, 0, 0, 26.70%, 0, 0, 4, 288.44, 1086812, 558, 0, 0
4306, 26, 195, 385, 0, 0, 26.70%, 0, 0, 4, 273.08, 1088082, 558, 0, 0
4311, 26, 107, 385, 0, 0, 26.70%, 0, 0, 4, 287.87, 1089292, 558, 0, 0
4317, 26, 326, 385, 0, 0, 26.70%, 0, 0, 4, 278.18, 1090547, 558, 0, 0
4322, 26, 52, 385, 0, 0, 26.70%, 0, 0, 4, 290.26, 1091786, 558, 0, 0
4327, 26, 217, 385, 0, 0, 26.70%, 0, 0, 4, 286.55, 1093072, 558, 0, 0
4332, 26, 193, 385, 0, 0, 26.70%, 0, 0, 4, 282.10, 1094302, 558, 0, 0
4337, 26, 330, 385, 0, 0, 26.70%, 0, 0, 4, 31.55, 1095477, 558, 0, 0
4342, 26, 297, 385, 0, 0, 26.70%, 0, 0, 4, 288.27, 1096772, 558, 0, 0
4347, 26, 204, 385, 0, 0, 26.70%, 0, 0, 4, 192.93, 1098031, 558, 0, 0
4352, 26, 170, 385, 0, 0, 26.70%, 0, 0, 4, 286.32, 1099272, 558, 0, 0
4357, 26, 59, 385, 0, 0, 26.70%, 0, 0, 4, 223.88, 1100437, 558, 0, 0
4363, 26, 177, 385, 0, 0, 26.70%, 0, 0, 4, 259.81, 1101757, 558, 0, 0
4368, 26, 52, 385, 0, 0, 26.70%, 0, 0, 4, 288.77, 1103036, 558, 0, 0
4373, 26, 313, 385, 0, 0, 26.70%, 0, 0, 4, 290.00, 1104211, 558, 0, 0
4378, 26, 214, 385, 0, 0, 26.70%, 0, 0, 4, 170.24, 1105482, 558, 0, 0
4383, 26, 233, 385, 0, 0, 26.70%, 0, 0, 4, 283.80, 1106757, 558, 0, 0
4388, 26, 382, 385, 0, 0, 26.70%, 0, 0, 4, 287.64, 1108007, 558, 0, 0
4393, 26, 350, 385, 0, 0, 26.70%, 0, 0, 4, 261.79, 1109192, 558, 0, 0
4398, 26, 364, 385, 0, 0, 26.70%, 0, 0, 4, 288.34, 1110487, 558, 0, 0
4404, 26, 146, 385, 0, 0, 26.70%, 0, 0, 4, 289.19, 1111782, 558, 0, 0
4409, 26, 204, 385, 0, 0, 26.70%, 0, 0, 4, 288.14, 1113037, 558, 0, 0
4414, 26, 160, 385, 0, 0, 26.70%, 0, 0, 4, 290.54, 1114242, 558, 0, 0
4419, 26, 47, 385, 0, 0, 26.70%, 0, 0, 4, 290.96, 1115542, 558, 0, 0
4424, 26, 340, 385, 0, 0, 26.70%, 0, 0, 4, 275.21, 1116832, 558, 0, 0
4429, 27, 164, 385, 0, 0, 26.70%, 0, 0, 4, 37.31, 1118067, 558, 0, 0
4434, 27, 37, 385, 0, 0, 26.70%, 0, 0, 4, 247.52, 1119297, 558, 0, 0
4440, 27, 234, 385, 0, 0, 26.70%, 0, 0, 4, 285.31, 1120592, 558, 0, 0
4445, 27, 266, 385, 0, 0, 26.70%, 0, 0, 4, 35.59, 1121837, 558, 0, 0
4450, 27, 4, 385, 0, 0, 26.70%, 0, 0, 4, 291.76, 1123087, 558, 0, 0
4455, 27, 179, 385, 0, 0, 26.70%, 0, 0, 4, 293.17, 1124357, 558, 0, 0
4460, 27, 333, 385, 0, 0, 26.70%, 0, 0, 4, 270.07, 1125582, 558, 0, 0
4465, 27, 52, 385, 0, 0, 26.70%, 0, 0, 4, 253.67, 1126797, 558, 0, 0
4470, 27, 115, 385, 0, 0, 26.70%, 0, 0, 4, 284.24, 1128107, 558, 0, 0
4475, 27, 204, 385, 0, 0, 26.70%, 0, 0, 4, 284.54, 1129361, 558, 0, 0
4480, 27, 49, 385, 0, 0, 26.70%, 0, 0, 4, 36.50, 1130532, 558, 0, 0
4485, 27, 338, 385, 0, 0, 26.70%, 0, 0, 4, 293.39, 1131812, 558, 0, 0
4490, 27, 52, 385, 0, 0, 26.70%, 0, 0, 4, 262.81, 1133052, 558, 0, 0
4495, 27, 59, 385, 0, 0, 26.70%, 0, 0, 4, 287.65, 1134302, 558, 0, 0
4501, 27, 369, 385, 0, 0, 26.70%, 0, 0, 4, 284.48, 1135582, 558, 0, 0
4506, 27, 163, 385, 0, 0, 26.70%, 0, 0, 4, 285.31, 1136762, 558, 0, 0
4511, 27, 233, 385, 0, 0, 26.70%, 0, 0, 4, 292.17, 1138082, 558, 0, 0
4516, 27, 52, 385, 0, 0, 26.70%, 0, 0, 4, 260.02, 1139382, 558, 0, 0
4521, 27, 340, 385, 0, 0, 26.70%, 0, 0, 4, 33.56, 1140542, 558, 0, 0
4526, 27, 236, 385, 0, 0, 26.70%, 0, 0, 4, 285.00, 1141832, 558, 0, 0
4531, 27, 214, 385, 0, 0, 26.70%, 0, 0, 4, 282.62, 1143132, 558, 0, 0
4536, 27, 281, 385, 0, 0, 26.70%, 0, 0, 4, 279.78, 1144407, 558, 0, 0
4542, 27, 139, 385, 0, 0, 26.70%, 0, 0, 4, 287.13, 1145605, 558, 0, 0
4547, 27, 115, 385, 0, 0, 26.70%, 0, 0, 4, 291.35, 1146847, 558, 0, 0
4552, 27, 163, 385, 0, 0, 26.70%, 0, 0, 4, 291.98, 1148136, 558, 0, 0
4557, 27, 59, 385, 0, 0, 26.70%, 0, 0, 4, 260.75, 1149372, 558, 0, 0
4562, 27, 46, 385, 0, 0, 26.70%, 0, 0, 4, 289.98, 1150582, 558, 0, 0
4567, 27, 109, 385, 0, 0, 26.70%, 0, 0, 4, 292.81, 1151842, 558, 0, 0
4572, 27, 109, 385, 0, 0, 26.70%, 0, 0, 4, 296.16, 1153137, 558, 0, 0
4577, 27, 255, 385, 0, 0, 26.70%, 0, 0, 4, 285.85, 1154367, 558, 0, 0
4582, 27, 9, 385, 0, 0, 26.70%, 0, 0, 4, 290.00, 1155515, 558, 0, 0
4587, 28, 144, 385, 0, 0, 26.70%, 0, 0, 4, 286.49, 1156782, 558, 0, 0
4592, 28, 87, 385, 0, 0, 26.70%, 0, 0, 4, 263.74, 1158032, 558, 0, 0
4598, 28, 350, 385, 0, 0, 26.70%, 0, 0, 4, 31.35, 1159252, 558, 0, 0
4603, 28, 109, 385, 0, 0, 26.70%, 0, 0, 4, 290.64, 1160491, 558, 0, 0
4608, 28, 52, 385, 0, 0, 26.70%, 0, 0, 4, 286.71, 1161747, 558, 0, 0
4613, 28, 214, 385, 0, 0, 26.70%, 0, 0, 4, 291.64, 1163002, 558, 0, 0
4618, 28, 242, 385, 0, 0, 26.70%, 0, 0, 4, 268.71, 1164247, 558, 0, 0
4623, 28, 326, 385, 0, 0, 26.70%, 0, 0, 4, 277.33, 1165457, 558, 0, 0
4628, 28, 167, 385, 0, 0, 26.70%, 0, 0, 4, 290.37, 1166672, 558, 0, 0
4633, 28, 46, 385, 0, 0, 26.70%, 0, 0, 4, 281.60, 1167922, 558, 0, 0
4638, 28, 270, 385, 0, 0, 26.70%, 0, 0, 4, 296.22, 1169177, 558, 0, 0
4643, 28, 139, 385, 0, 0, 26.70%, 0, 0, 4, 291.38, 1170477, 558, 0, 0
4648, 28, 91, 385, 0, 0, 26.70%, 0, 0, 4, 44.51, 1171692, 558, 0, 0
4653, 28, 333, 385, 0, 0, 26.70%, 0, 0, 4, 261.65, 1172962, 558, 0, 0
4659, 28, 255, 385, 0, 0, 26.70%, 0, 0, 4, 269.86, 1174257, 558, 0, 0
4664, 28, 311, 385, 0, 0, 26.70%, 0, 0, 4, 290.72, 1175557, 558, 0, 0
4669, 28, 204, 385, 0, 0, 26.70%, 0, 0, 4, 287.31, 1176807, 558, 0, 0
4674, 28, 242, 385, 0, 0, 26.70%, 0, 0, 4, 36.90, 1178042, 558, 0, 0
4679, 28, 350, 385, 0, 0, 26.70%, 0, 0, 4, 263.35, 1179262, 558, 0, 0
4684, 28, 180, 385, 0, 0, 26.70%, 0, 0, 4, 265.93, 1180552, 558, 0, 0
4689, 28, 46, 385, 0, 0, 26.70%, 0, 0, 4, 287.05, 1181857, 558, 0, 0
4695, 28, 246, 385, 0, 0, 26.70%, 0, 0, 4, 273.94, 1183167, 558, 0, 0
4700, 28, 350, 385, 0, 0, 26.70%, 0, 0, 4, 262.04, 1184472, 558, 0, 0
4705, 28, 127, 385, 0, 0, 26.70%, 0, 0, 4, 287.81, 1185777, 558, 0, 0
4710, 28, 344, 385, 0, 0, 26.70%, 0, 0, 4, 282.78, 1187007, 558, 0, 0
4715, 28, 100, 385, 0, 0, 26.70%, 0, 0, 4, 240.00, 1188220, 558, 0, 0
4720, 28, 52, 385, 0, 0, 26.70%, 0, 0, 4, 289.09, 1189477, 558, 0, 0
4725, 28, 209, 385, 0, 0, 26.70%, 0, 0, 4, 290.03, 1190722, 558, 0, 0
4730, 28, 52, 385, 0, 0, 26.70%, 0, 0, 4, 286.07, 1191952, 558, 0, 0
4735, 28, 46, 385, 0, 0, 26.70%, 0, 0, 4, 43.10, 1193137, 558, 0, 0
4740, 29, 170, 385, 0, 0, 26.70%, 0, 0, 4, 167.68, 1194404, 558, 0, 0
4745, 29, 233, 385, 0, 0, 26.70%, 0, 0, 4, 268.20, 1195652, 558, 0, 0
4751, 29, 46, 385, 0, 0, 26.70%, 0, 0, 4, 271.35, 1196957, 558, 0, 0
4756, 29, 344, 385, 0, 0, 26.70%, 0, 0, 4, 41.67, 1198142, 558, 0, 0
4761, 29, 344, 385, 0, 0, 26.70%, 0, 0, 4, 285.08, 1199407, 558, 0, 0
4766, 29, 255, 385, 0, 0, 26.70%, 0, 0, 4, 293.24, 1200702, 558, 0, 0
4771, 29, 313, 385, 0, 0, 26.70%, 0, 0, 4, 291.84, 1201992, 558, 0, 0
4776, 29, 273, 385, 0, 0, 26.70%, 0, 0, 4, 272.28, 1203187, 558, 0, 0
4782, 29, 161, 385, 0, 0, 26.70%, 0, 0, 4, 291.63, 1204492, 558, 0, 0
4787, 29, 340, 385, 0, 0, 26.70%, 0, 0, 4, 228.38, 1205732, 558, 0, 0
4792, 29, 163, 385, 0, 0, 26.70%, 0, 0, 4, 287.82, 1206957, 558, 0, 0
4797, 29, 97, 385, 0, 0, 26.70%, 0, 0, 4, 273.66, 1208182, 558, 0, 0
4802, 29, 344, 385, 0, 0, 26.70%, 0, 0, 4, 288.36, 1209417, 558, 0, 0
4807, 29, 195, 385, 0, 0, 26.70%, 0, 0, 4, 276.31, 1210686, 558, 0, 0
4812, 29, 204, 385, 0, 0, 26.70%, 0, 0, 4, 38.17, 1211842, 558, 0, 0
4817, 29, 330, 385, 0, 0, 26.70%, 0, 0, 4, 291.49, 1213127, 558, 0, 0
4822, 29, 146, 385, 0, 0, 26.70%, 0, 0, 4, 286.43, 1214432, 558, 0, 0
4828, 29, 73, 385, 0, 0, 26.70%, 0, 0, 4, 247.12, 1215692, 558, 0, 0
4833, 29, 46, 385, 0, 0, 26.70%, 0, 0, 4, 298.69, 1216932, 558, 0, 0
4838, 29, 139, 385, 0, 0, 26.70%, 0, 0, 4, 246.64, 1218125, 558, 0, 0
4843, 29, 236, 385, 0, 0, 26.70%, 0, 0, 4, 262.13, 1219347, 558, 0, 0
4848, 29, 46, 385, 0, 0, 26.70%, 0, 0, 4, 290.56, 1220532, 558, 0, 0
4853, 29, 214, 385, 0, 0, 26.70%, 0, 0, 4, 293.53, 1221822, 558, 0, 0
4858, 29, 311, 385, 0, 0, 26.70%, 0, 0, 4, 290.20, 1223122, 558, 0, 0
4863, 29, 350, 385, 0, 0, 26.70%, 0, 0, 4, 280.00, 1224317, 558, 0, 0
4869, 29, 242, 385, 0, 0, 26.70%, 0, 0, 4, 268.48, 1225617, 558, 0, 0
4874, 29, 52, 385, 0, 0, 26.70%, 0, 0, 4, 282.75, 1226877, 558, 0, 0
4879, 29, 234, 385, 0, 0, 26.70%, 0, 0, 4, 286.90, 1228132, 558, 0, 0
4884, 29, 233, 385, 0, 0, 26.70%, 0, 0, 4, 230.99, 1229302, 558, 0, 0
4889, 29, 313, 385, 0, 0, 26.70%, 0, 0, 4, 289.73, 1230577, 558, 0, 0
4894, 29, 170, 385, 0, 0, 26.70%, 0, 0, 4, 256.32, 1231772, 558, 0, 0
4899, 30, 262, 385, 0, 0, 26.70%, 0, 0, 4, 287.11, 1232982, 558, 0, 0
4904, 30, 262, 385, 0, 0, 26.70%, 0, 0, 4, 265.39, 1234277, 558, 0, 0
4909, 30, 236, 385, 0, 0, 26.70%, 0, 0, 4, 260.47, 1235472, 558, 0, 0
4914, 30, 270, 385, 0, 0, 26.70%, 0, 0, 4, 290.00, 1236715, 558, 0, 0
4919, 30, 46, 385, 0, 0, 26.70%, 0, 0, 4, 295.28, 1237962, 558, 0, 0
4924, 30, 266, 385, 0, 0, 26.70%, 0, 0, 4, 288.40, 1239252, 558, 0, 0
4930, 30, 214, 385, 0, 0, 26.70%, 0, 0, 4, 288.55, 1240402, 558, 0, 0
4935, 30, 344, 385, 0, 0, 26.70%, 0, 0, 4, 289.16, 1241682, 558, 0, 0
4940, 30, 344, 385, 0, 0, 26.70%, 0, 0, 4, 292.08, 1242836, 558, 0, 0
4945, 30, 233, 385, 0, 0, 26.70%, 0, 0, 4, 292.86, 1244102, 558, 0, 0
4950, 30, 364, 385, 0, 0, 26.70%, 0, 0, 4, 288.56, 1245347, 558, 0, 0
4955, 30, 157, 385, 0, 0, 26.70%, 0, 0, 4, 266.70, 1246552, 558, 0, 0
4960, 30, 146, 385, 0, 0, 26.70%, 0, 0, 4, 92.23, 1247807, 558, 0, 0
4965, 30, 333, 385, 0, 0, 26.70%, 0, 0, 4, 247.24, 1249074, 558, 0, 0
4970, 30, 120, 385, 0, 0, 26.70%, 0, 0, 4, 277.85, 1250357, 558, 0, 0
4976, 30, 204, 385, 0, 0, 26.70%, 0, 0, 4, 278.61, 1251652, 558, 0, 0
4981, 30, 163, 385, 0, 0, 26.70%, 0, 0, 4, 300.00, 1252817, 558, 0, 0
4986, 30, 109, 385, 0, 0, 26.70%, 0, 0, 4, 266.93, 1254067, 558, 0, 0
4991, 30, 382, 385, 0, 0, 26.70%, 0, 0, 4, 294.75, 1255327, 558, 0, 0
4996, 30, 313, 385, 0, 0, 26.70%, 0, 0, 4, 292.21, 1256622, 558, 0, 0
5001, 30, 170, 385, 0, 0, 26.70%, 0, 0, 4, 45.25, 1257792, 558, 0, 0
5006, 30, 204, 385, 0, 0, 26.70%, 0, 0, 4, 270.82, 1259037, 558, 0, 0
5011, 30, 100, 385, 0, 0, 26.70%, 0, 0, 4, 286.46, 1260342, 558, 0, 0
5016, 30, 288, 385, 0, 0, 26.70%, 0, 0, 4, 253.75, 1261567, 558, 0, 0
5021, 30, 340, 385, 0, 0, 26.70%, 0, 0, 4, 272.28, 1262732, 558, 0, 0
5026, 30, 344, 385, 0, 0, 26.70%, 0, 0, 4, 213.00, 1263984, 558, 0, 0
5031, 30, 340, 385, 0, 0, 26.70%, 0, 0, 4, 298.75, 1265237, 558, 0, 0
5036, 30, 46, 385, 0, 0, 26.70%, 0, 0, 4, 201.56, 1266512, 558, 0, 0
5042, 30, 114, 385, 0, 0, 26.70%, 0, 0, 4, 252.60, 1267792, 558, 0, 0
5047, 30, 262, 385, 0, 0, 26.70%, 0, 0, 4, 290.60, 1269047, 558, 0, 0
5052, 30, 46, 385, 0, 0, 26.70%, 0, 0, 4, 292.08, 1270201, 558, 0, 0
5057, 31, 170, 385, 0, 0, 26.70%, 0, 0, 4, 244.04, 1271470, 558, 0, 0
5062, 31, 338, 385, 0, 0, 26.70%, 0, 0, 4, 259.77, 1272792, 558, 0, 0
5067, 31, 340, 385, 0, 0, 26.70%, 0, 0, 4, 269.78, 1274042, 558, 0, 0
5072, 31, 344, 385, 0, 0, 26.70%, 0, 0, 4, 287.83, 1275267, 558, 0, 0
5077, 31, 195, 385, 0, 0, 26.70%, 0, 0, 4, 44.44, 1276462, 558, 0, 0
5082, 31, 340, 385, 0, 0, 26.70%, 0, 0, 4, 291.80, 1277717, 558, 0, 0
5087, 31, 204, 385, 0, 0, 26.70%, 0, 0, 4, 296.67, 1279017, 558, 0, 0
5092, 31, 242, 385, 0, 0, 26.70%, 0, 0, 4, 288.51, 1280302, 558, 0, 0
5097, 31, 115, 385, 0, 0, 26.70%, 0, 0, 4, 40.49, 1281462, 558, 0, 0
5102, 31, 204, 385, 0, 0, 26.70%, 0, 0, 4, 268.69, 1282717, 558, 0, 0
5108, 31, 364, 385, 0, 0, 26.70%, 0, 0, 4, 287.39, 1283957, 558, 0, 0
5113, 31, 333, 385, 0, 0, 26.70%, 0, 0, 4, 275.00, 1285267, 558, 0, 0
5118, 31, 176, 385, 0, 0, 26.70%, 0, 0, 4, 271.46, 1286467, 558, 0, 0
5123, 31, 164, 385, 0, 0, 26.70%, 0, 0, 4, 290.21, 1287702, 558, 0, 0
5128, 31, 234, 385, 0, 0, 26.70%, 0, 0, 4, 285.93, 1288982, 558, 0, 0
5133, 31, 99, 385, 0, 0, 26.70%, 0, 0, 4, 260.32, 1290237, 558, 0, 0
5138, 31, 270, 385, 0, 0, 26.70%, 0, 0, 4, 277.87, 1291432, 558, 0, 0
5143, 31, 68, 385, 0, 0, 26.70%, 0, 0, 4, 288.56, 1292670, 558, 0, 0
5148, 31, 344, 385, 0, 0, 26.70%, 0, 0, 4, 264.11, 1293922, 558, 0, 0
5153, 31, 313, 385, 0, 0, 26.70%, 0, 0, 4, 284.13, 1295167, 558, 0, 0
5158, 31, 164, 385, 0, 0, 26.70%, 0, 0, 4, 293.00, 1296432, 558, 0, 0
5163, 31, 242, 385, 0, 0, 26.70%, 0, 0, 4, 269.74, 1297617, 558, 0, 0
5168, 31, 330, 385, 0, 0, 26.70%, 0, 0, 4, 294.24, 1298861, 558, 0, 0
5173, 31, 204, 385, 0, 0, 26.70%, 0, 0, 4, 192.04, 1300128, 558, 0, 0
5179, 31, 236, 385, 0, 0, 26.70%, 0, 0, 4, 284.77, 1301427, 558, 0, 0
5184, 31, 350, 385, 0, 0, 26.70%, 0, 0, 4, 292.03, 1302611, 558, 0, 0
5189, 31, 214, 385, 0, 0, 26.70%, 0, 0, 4, 290.16, 1303887, 558, 0, 0
5194, 31, 167, 385, 0, 0, 26.70%, 0, 0, 4, 268.86, 1305187, 558, 0, 0
5199, 31, 383, 385, 0, 0, 26.70%, 0, 0, 4, 281.25, 1306427, 558, 0, 0
5204, 31, 46, 385, 0, 0, 26.70%, 0, 0, 4, 288.56, 1307675, 558, 0, 0
5210, 31, 168, 385, 0, 0, 26.70%, 0, 0, 4, 286.59, 1308982, 558, 0, 0
5215, 32, 97, 385, 0, 0, 26.70%, 0, 0, 4, 287.46, 1310267, 558, 0, 0
5220, 32, 163, 385, 0, 0, 26.70%, 0, 0, 4, 289.96, 1311517, 558, 0, 0
5225, 32, 338, 385, 0, 0, 26.70%, 0, 0, 4, 31.25, 1312742, 558, 0, 0
5230, 32, 195, 385, 0, 0, 26.70%, 0, 0, 4, 294.32, 1314022, 558, 0, 0
5235, 32, 276, 385, 0, 0, 26.70%, 0, 0, 4, 263.95, 1315297, 558, 0, 0
5240, 32, 269, 385, 0, 0, 26.70%, 0, 0, 4, 275.00, 1316552, 558, 0, 0
5245, 32, 350, 385, 0, 0, 26.70%, 0, 0, 4, 32.68, 1317727, 558, 0, 0
5250, 32, 266, 385, 0, 0, 26.70%, 0, 0, 4, 288.38, 1319007, 558, 0, 0
5255, 32, 41, 385, 0, 0, 26.70%, 0, 0, 4, 284.78, 1320272, 558, 0, 0
5260, 32, 66, 385, 0, 0, 26.70%, 0, 0, 4, 193.48, 1321512, 558, 0, 0
5266, 32, 164, 385, 0, 0, 26.70%, 0, 0, 4, 281.27, 1322793, 558, 0, 0
5271, 32, 49, 385, 0, 0, 26.70%, 0, 0, 4, 264.31, 1323988, 558, 0, 0
5276, 32, 236, 385, 0, 0, 26.70%, 0, 0, 4, 213.81, 1325188, 558, 0, 0
5281, 32, 59, 385, 0, 0, 26.70%, 0, 0, 4, 274.36, 1326445, 558, 0, 0
5286, 32, 214, 385, 0, 0, 26.70%, 0, 0, 4, 279.23, 1327715, 558, 0, 0
5291, 32, 262, 385, 0, 0, 26.70%, 0, 0, 4, 43.04, 1328946, 558, 0, 0
5296, 32, 266, 385, 0, 0, 26.70%, 0, 0, 4, 292.33, 1330200, 558, 0, 0
5301, 32, 59, 385, 0, 0, 26.70%, 0, 0, 4, 287.20, 1331455, 558, 0, 0
5306, 32, 115, 385, 0, 0, 26.70%, 0, 0, 4, 274.67, 1332710, 558, 0, 0
5312, 32, 284, 385, 0, 0, 26.70%, 0, 0, 4, 280.41, 1333985, 558, 0, 0
5317, 32, 242, 385, 0, 0, 26.70%, 0, 0, 4, 197.53, 1335195, 558, 0, 0
5322, 32, 46, 385, 0, 0, 26.70%, 0, 0, 4, 269.82, 1336460, 558, 0, 0
5327, 32, 180, 385, 0, 0, 26.70%, 0, 0, 4, 48.31, 1337650, 558, 0, 0
5332, 32, 255, 385, 0, 0, 26.70%, 0, 0, 4, 292.71, 1338900, 558, 0, 0
5337, 32, 47, 385, 0, 0, 26.70%, 0, 0, 4, 287.12, 1340170, 558, 0, 0
5342, 32, 214, 385, 0, 0, 26.70%, 0, 0, 4, 292.95, 1341435, 558, 0, 0
5347, 32, 246, 385, 0, 0, 26.70%, 0, 0, 4, 293.11, 1342720, 558, 0, 0
5352, 32, 346, 385, 0, 0, 26.70%, 0, 0, 4, 56.50, 1343960, 558, 0, 0
5358, 32, 270, 385, 0, 0, 26.70%, 0, 0, 4, 267.20, 1345175, 558, 0, 0
5363, 32, 236, 385, 0, 0, 26.70%, 0, 0, 4, 269.83, 1346375, 558, 0, 0
5368, 32, 170, 385, 0, 0, 26.70%, 0, 0, 4, 275.70, 1347660, 558, 0, 0
5373, 33, 146, 385, 0, 0, 26.70%, 0, 0, 4, 265.88, 1348820, 558, 0, 0
5378, 33, 59, 385, 0, 0, 26.70%, 0, 0, 4, 239.17, 1350109, 558, 0, 0
5383, 33, 270, 385, 0, 0, 26.70%, 0, 0, 4, 275.02, 1351360, 558, 0, 0
5388, 33, 364, 385, 0, 0, 26.70%, 0, 0, 4, 289.14, 1352610, 558, 0, 0
5393, 33, 204, 385, 0, 0, 26.70%, 0, 0, 4, 38.46, 1353784, 558, 0, 0
5398, 33, 279, 385, 0, 0, 26.70%, 0, 0, 4, 293.33, 1355084, 558, 0, 0
5403, 33, 233, 385, 0, 0, 26.70%, 0, 0, 4, 288.55, 1356360, 558, 0, 0
5409, 33, 25, 385, 0, 0, 26.70%, 0, 0, 4, 291.47, 1357660, 558, 0, 0
5414, 33, 103, 385, 0, 0, 26.70%, 0, 0, 4, 273.50, 1358805, 558, 0, 0
5419, 33, 266, 385, 0, 0, 26.70%, 0, 0, 4, 292.51, 1360080, 558, 0, 0
5424, 33, 275, 385, 0, 0, 26.70%, 0, 0, 4, 279.32, 1361370, 558, 0, 0
5429, 33, 239, 385, 0, 0, 26.70%, 0, 0, 4, 259.57, 1362590, 558, 0, 0
5434, 33, 35, 385, 0, 0, 26.70%, 0, 0, 4, 286.04, 1363895, 558, 0, 0
5439, 33, 242, 385, 0, 0, 26.70%, 0, 0, 4, 286.15, 1365195, 558, 0, 0
5445, 33, 144, 385, 0, 0, 26.70%, 0, 0, 4, 281.29, 1366405, 558, 0, 0
5450, 33, 109, 385, 0, 0, 26.70%, 0, 0, 4, 288.46, 1367640, 558, 0, 0
5455, 33, 217, 385, 0, 0, 26.70%, 0, 0, 4, 300.11, 1368920, 558, 0, 0
5460, 33, 363, 385, 0, 0, 26.70%, 0, 0, 4, 273.82, 1370170, 558, 0, 0
5465, 33, 262, 385, 0, 0, 26.70%, 0, 0, 4, 283.23, 1371405, 558, 0, 0
5470, 33, 101, 385, 0, 0, 26.70%, 0, 0, 4, 278.05, 1372635, 558, 0, 0
5475, 33, 139, 385, 0, 0, 26.70%, 0, 0, 4, 234.02, 1373878, 558, 0, 0
5480, 33, 8, 385, 0, 0, 26.70%, 0, 0, 4, 288.38, 1375125, 558, 0, 0
5485, 33, 340, 385, 0, 0, 26.70%, 0, 0, 4, 290.41, 1376385, 558, 0, 0
5490, 33, 338, 385, 0, 0, 26.70%, 0, 0, 4, 264.52, 1377695, 558, 0, 0
5496, 33, 109, 385, 0, 0, 26.70%, 0, 0, 4, 45.45, 1378890, 558, 0, 0
5501, 33, 255, 385, 0, 0, 26.70%, 0, 0, 4, 255.96, 1380140, 558, 0, 0
5506, 33, 167, 385, 0, 0, 26.70%, 0, 0, 4, 253.18, 1381420, 558, 0, 0
5511, 33, 109, 385, 0, 0, 26.70%, 0, 0, 4, 287.18, 1382705, 558, 0, 0
5516, 33, 146, 385, 0, 0, 26.70%, 0, 0, 4, 290.72, 1383980, 558, 0, 0
5521, 33, 194, 385, 0, 0, 26.70%, 0, 0, 4, 286.85, 1385240, 558, 0, 0
5526, 33, 236, 385, 0, 0, 26.70%, 0, 0, 4, 288.56, 1386448, 558, 0, 0
5531, 34, 326, 385, 0, 0, 26.70%, 0, 0, 4, 264.15, 1387750, 558, 0, 0
5536, 34, 270, 385, 0, 0, 26.70%, 0, 0, 4, 289.44, 1389040, 558, 0, 0
5542, 34, 344, 385, 0, 0, 26.70%, 0, 0, 4, 272.77, 1390255, 558, 0, 0
5547, 34, 139, 385, 0, 0, 26.70%, 0, 0, 4, 287.19, 1391535, 558, 0, 0
5552, 34, 46, 385, 0, 0, 26.70%, 0, 0, 4, 272.42, 1392820, 558, 0, 0
5557, 34, 364, 385, 0, 0, 26.70%, 0, 0, 4, 296.84, 1394060, 558, 0, 0
5562, 34, 124, 385, 0, 0, 26.70%, 0, 0, 4, 39.37, 1395230, 558, 0, 0
5567, 34, 59, 385, 0, 0, 26.70%, 0, 0, 4, 254.92, 1396520, 558, 0, 0
5572, 34, 330, 385, 0, 0, 26.70%, 0, 0, 4, 276.88, 1397820, 558, 0, 0
5578, 34, 163, 385, 0, 0, 26.70%, 0, 0, 4, 286.96, 1399120, 558, 0, 0
5583, 34, 233, 385, 0, 0, 26.70%, 0, 0, 4, 245.18, 1400285, 558, 0, 0
5588, 34, 80, 385, 0, 0, 26.70%, 0, 0, 4, 202.28, 1401581, 558, 0, 0
5593, 34, 139, 385, 0, 0, 26.70%, 0, 0, 4, 112.54, 1402857, 558, 0, 0
5598, 34, 120, 385, 0, 0, 26.70%, 0, 0, 4, 277.42, 1404150, 558, 0, 0
5603, 34, 337, 385, 0, 0, 26.70%, 0, 0, 4, 288.29, 1405425, 558, 0, 0
5608, 34, 374, 385, 0, 0, 26.70%, 0, 0, 4, 281.46, 1406640, 558, 0, 0
5613, 34, 163, 385, 0, 0, 26.70%, 0, 0, 4, 33.44, 1407900, 558, 0, 0
5618, 34, 255, 385, 0, 0, 26.70%, 0, 0, 4, 42.94, 1409195, 558, 0, 0
5624, 34, 120, 385, 0, 0, 26.70%, 0, 0, 4, 292.10, 1410490, 558, 0, 0
5629, 34, 322, 385, 0, 0, 26.70%, 0, 0, 4, 285.17, 1411790, 558, 0, 0
5634, 34, 313, 385, 0, 0, 26.70%, 0, 0, 4, 270.44, 1413084, 558, 0, 0
5639, 34, 350, 385, 0, 0, 26.70%, 0, 0, 4, 31.65, 1414325, 558, 0, 0
5644, 34, 115, 385, 0, 0, 26.70%, 0, 0, 4, 290.00, 1415565, 558, 0, 0
5649, 34, 86, 385, 0, 0, 26.70%, 0, 0, 4, 286.68, 1416820, 558, 0, 0
5654, 34, 171, 385, 0, 0, 26.70%, 0, 0, 4, 215.59, 1418116, 558, 0, 0
5659, 34, 115, 385, 0, 0, 26.70%, 0, 0, 4, 289.99, 1419365, 558, 0, 0
5664, 34, 139, 385, 0, 0, 26.70%, 0, 0, 4, 258.95, 1420625, 558, 0, 0
5670, 34, 47, 385, 0, 0, 26.70%, 0, 0, 4, 286.26, 1421905, 558, 0, 0
5675, 34, 255, 385, 0, 0, 26.70%, 0, 0, 4, 287.33, 1423185, 558, 0, 0
5680, 34, 61, 385, 0, 0, 26.70%, 0, 0, 4, 288.56, 1424383, 558, 0, 0
5685, 34, 326, 385, 0, 0, 26.70%, 0, 0, 4, 247.73, 1425598, 558, 0, 0
5690, 35, 204, 385, 0, 0, 26.70%, 0, 0, 4, 271.62, 1426885, 558, 0, 0
5695, 35, 333, 385, 0, 0, 26.70%, 0, 0, 4, 289.15, 1428115, 558, 0, 0
5700, 35, 326, 385, 0, 0, 26.70%, 0, 0, 4, 291.79, 1429430, 558, 0, 0
5705, 35, 49, 385, 0, 0, 26.70%, 0, 0, 4, 293.69, 1430725, 558, 0, 0
5710, 35, 60, 385, 0, 0, 26.70%, 0, 0, 4, 277.31, 1431930, 558, 0, 0
5715, 35, 338, 385, 0, 0, 26.70%, 0, 0, 4, 162.11, 1433190, 558, 0, 0
5721, 35, 344, 385, 0, 0, 26.70%, 0, 0, 4, 39.22, 1434388, 558, 0, 0
5726, 35, 262, 385, 0, 0, 26.70%, 0, 0, 4, 269.80, 1435630, 558, 0, 0
5731, 35, 277, 385, 0, 0, 26.70%, 0, 0, 4, 93.01, 1436929, 558, 0, 0
5736, 35, 204, 385, 0, 0, 26.70%, 0, 0, 4, 289.99, 1438200, 558, 0, 0
5741, 35, 270, 385, 0, 0, 26.70%, 0, 0, 4, 290.05, 1439455, 558, 0, 0
5746, 35, 193, 385, 0, 0, 26.70%, 0, 0, 4, 288.21, 1440720, 558, 0, 0
5751, 35, 165, 385, 0, 0, 26.70%, 0, 0, 4, 253.22, 1441984, 558, 0, 0
5756, 35, 326, 385, 0, 0, 26.70%, 0, 0, 4, 290.24, 1443235, 558, 0, 0
5761, 35, 139, 385, 0, 0, 26.70%, 0, 0, 4, 291.77, 1444530, 558, 0, 0
5766, 35, 330, 385, 0, 0, 26.70%, 0, 0, 4, 276.02, 1445825, 558, 0, 0
5771, 35, 206, 385, 0, 0, 26.70%, 0, 0, 4, 290.69, 1447095, 558, 0, 0
5776, 35, 97, 385, 0, 0, 26.70%, 0, 0, 4, 277.72, 1448325, 558, 0, 0
5782, 35, 357, 385, 0, 0, 26.70%, 0, 0, 4, 274.24, 1449590, 558, 0, 0
5787, 35, 109, 385, 0, 0, 26.70%, 0, 0, 4, 292.05, 1450890, 558, 0, 0
5792, 35, 242, 385, 0, 0, 26.70%, 0, 0, 4, 292.55, 1452140, 558, 0, 0
5797, 35, 330, 385, 0, 0, 26.70%, 0, 0, 4, 240.07, 1453373, 558, 0, 0
5802, 35, 49, 385, 0, 0, 26.70%, 0, 0, 4, 281.35, 1454635, 558, 0, 0
5807, 35, 178, 385, 0, 0, 26.70%, 0, 0, 4, 287.13, 1455873, 558, 0, 0
5812, 35, 49, 385, 0, 0, 26.70%, 0, 0, 4, 302.89, 1457163, 558, 0, 0
5818, 35, 108, 385, 0, 0, 26.70%, 0, 0, 4, 275.48, 1458465, 558, 0, 0
5823, 35, 233, 385, 0, 0, 26.70%, 0, 0, 4, 267.91, 1459784, 558, 0, 0
5828, 35, 330, 385, 0, 0, 26.70%, 0, 0, 4, 287.09, 1461025, 558, 0, 0
5833, 35, 242, 385, 0, 0, 26.70%, 0, 0, 4, 267.86, 1462235, 558, 0, 0
5838, 35, 372, 385, 0, 0, 26.70%, 0, 0, 4, 276.07, 1463485, 558, 0, 0
5843, 36, 255, 385, 0, 0, 26.70%, 0, 0, 4, 49.50, 1464745, 558, 0, 0
5848, 36, 330, 385, 0, 0, 26.70%, 0, 0, 4, 290.17, 1466010, 558, 0, 0
5853, 36, 59, 385, 0, 0, 26.70%, 0, 0, 4, 272.74, 1467270, 558, 0, 0
5858, 36, 236, 385, 0, 0, 26.70%, 0, 0, 4, 265.80, 1468540, 558, 0, 0
5863, 36, 109, 385, 0, 0, 26.70%, 0, 0, 4, 276.05, 1469745, 558, 0, 0
5869, 36, 120, 385, 0, 0, 26.70%, 0, 0, 4, 266.13, 1471010, 558, 0, 0
5874, 36, 275, 385, 0, 0, 26.70%, 0, 0, 4, 231.26, 1472319, 558, 0, 0
5879, 36, 52, 385, 0, 0, 26.70%, 0, 0, 4, 291.44, 1473555, 558, 0, 0
5884, 36, 383, 385, 0, 0, 26.70%, 0, 0, 4, 274.81, 1474815, 558, 0, 0
5889, 36, 52, 385, 0, 0, 26.70%, 0, 0, 4, 289.76, 1476090, 558, 0, 0
5894, 36, 109, 385, 0, 0, 26.70%, 0, 0, 4, 267.47, 1477310, 558, 0, 0
5899, 36, 326, 385, 0, 0, 26.70%, 0, 0, 4, 290.24, 1478550, 558, 0, 0
5904, 36, 59, 385, 0, 0, 26.70%, 0, 0, 4, 273.41, 1479845, 558, 0, 0
5910, 36, 181, 385, 0, 0, 26.70%, 0, 0, 4, 281.06, 1481145, 558, 0, 0
5915, 36, 338, 385, 0, 0, 26.70%, 0, 0, 4, 230.14, 1482405, 558, 0, 0
5920, 36, 109, 385, 0, 0, 26.70%, 0, 0, 4, 40.49, 1483555, 558, 0, 0
5925, 36, 84, 385, 0, 0, 26.70%, 0, 0, 4, 290.00, 1484858, 558, 0, 0
5930, 36, 109, 385, 0, 0, 26.70%, 0, 0, 4, 271.20, 1486135, 558, 0, 0
5935, 36, 46, 385, 0, 0, 26.70%, 0, 0, 4, 288.56, 1487430, 558, 0, 0
5940, 36, 120, 385, 0, 0, 26.70%, 0, 0, 4, 288.30, 1488685, 558, 0, 0
5945, 36, 333, 385, 0, 0, 26.70%, 0, 0, 4, 263.32, 1489940, 558, 0, 0
5950, 36, 108, 385, 0, 0, 26.70%, 0, 0, 4, 263.95, 1491215, 558, 0, 0
5955, 36, 163, 385, 0, 0, 26.70%, 0, 0, 4, 277.73, 1492425, 558, 0, 0
5960, 36, 6, 385, 0, 0, 26.70%, 0, 0, 4, 292.08, 1493659, 558, 0, 0
5966, 36, 365, 385, 0, 0, 26.70%, 0, 0, 4, 261.76, 1494960, 558, 0, 0
5971, 36, 115, 385, 0, 0, 26.70%, 0, 0, 4, 293.41, 1496260, 558, 0, 0
5976, 36, 146, 385, 0, 0, 26.70%, 0, 0, 4, 287.66, 1497520, 558, 0, 0
5981, 36, 120, 385, 0, 0, 26.70%, 0, 0, 4, 279.96, 1498730, 558, 0, 0
5986, 36, 217, 385, 0, 0, 26.70%, 0, 0, 4, 268.03, 1499975, 558, 0, 0
5991, 36, 146, 385, 0, 0, 26.70%, 0, 0, 4, 289.17, 1501270, 558, 0, 0
5996, 36, 139, 385, 0, 0, 26.70%, 0, 0, 4, 283.40, 1502570, 558, 0, 0
6002, 37, 242, 385, 0, 0, 26.70%, 0, 0, 4, 277.58, 1503805, 558, 0, 0
6007, 37, 59, 385, 0, 0, 26.70%, 0, 0, 4, 286.05, 1504970, 558, 0, 0
6012, 37, 255, 385, 0, 0, 26.70%, 0, 0, 4, 268.83, 1506234, 558, 0, 0
6017, 37, 270, 385, 0, 0, 26.70%, 0, 0, 4, 288.02, 1507495, 558, 0, 0
6022, 37, 109, 385, 0, 0, 26.70%, 0, 0, 4, 270.28, 1508740, 558, 0, 0
6027, 37, 164, 385, 0, 0, 26.70%, 0, 0, 4, 292.07, 1509935, 558, 0, 0
6032, 37, 139, 385, 0, 0, 26.70%, 0, 0, 4, 283.91, 1511190, 558, 0, 0
6037, 37, 246, 385, 0, 0, 26.70%, 0, 0, 4, 276.49, 1512455, 558, 0, 0
6042, 37, 209, 385, 0, 0, 26.70%, 0, 0, 4, 280.01, 1513665, 558, 0, 0
6047, 37, 333, 385, 0, 0, 26.70%, 0, 0, 4, 268.66, 1514879, 558, 0, 0
6052, 37, 59, 385, 0, 0, 26.70%, 0, 0, 4, 291.22, 1516170, 558, 0, 0
6058, 37, 383, 385, 0, 0, 26.70%, 0, 0, 4, 287.20, 1517470, 558, 0, 0
6063, 37, 270, 385, 0, 0, 26.70%, 0, 0, 4, 290.00, 1518648, 558, 0, 0
6068, 37, 236, 385, 0, 0, 26.70%, 0, 0, 4, 263.85, 1519955, 558, 0, 0
6073, 37, 59, 385, 0, 0, 26.70%, 0, 0, 4, 291.50, 1521270, 558, 0, 0
6078, 37, 246, 385, 0, 0, 26.70%, 0, 0, 4, 276.60, 1522455, 558, 0, 0
6083, 37, 270, 385, 0, 0, 26.70%, 0, 0, 4, 292.15, 1523710, 558, 0, 0
6088, 37, 261, 385, 0, 0, 26.70%, 0, 0, 4, 293.03, 1524975, 558, 0, 0
6093, 37, 266, 385, 0, 0, 26.70%, 0, 0, 4, 290.42, 1526245, 558, 0, 0
6098, 37, 76, 385, 0, 0, 26.70%, 0, 0, 4, 40.65, 1527430, 558, 0, 0
6104, 37, 158, 385, 0, 0, 26.70%, 0, 0, 4, 191.63, 1528714, 558, 0, 0
6109, 37, 338, 385, 0, 0, 26.70%, 0, 0, 4, 294.24, 1530005, 558, 0, 0
6114, 37, 204, 385, 0, 0, 26.70%, 0, 0, 4, 268.74, 1531245, 558, 0, 0
6119, 37, 233, 385, 0, 0, 26.70%, 0, 0, 4, 278.76, 1532475, 558, 0, 0
6124, 37, 255, 385, 0, 0, 26.70%, 0, 0, 4, 292.49, 1533695, 558, 0, 0
6129, 37, 195, 385, 0, 0, 26.70%, 0, 0, 4, 272.45, 1534980, 558, 0, 0
6134, 37, 112, 385, 0, 0, 26.70%, 0, 0, 4, 265.26, 1536235, 558, 0, 0
6139, 37, 57, 385, 0, 0, 26.70%, 0, 0, 4, 283.12, 1537460, 558, 0, 0
6144, 37, 236, 385, 0, 0, 26.70%, 0, 0, 4, 285.00, 1538665, 558, 0, 0
6149, 37, 326, 385, 0, 0, 26.70%, 0, 0, 4, 257.47, 1539890, 558, 0, 0
6154, 37, 179, 385, 0, 0, 26.70%, 0, 0, 4, 288.94, 1541180, 558, 0, 0
6160, 38, 179, 385, 0, 0, 26.70%, 0, 0, 4, 282.76, 1542420, 558, 0, 0
6165, 38, 58, 385, 0, 0, 26.70%, 0, 0, 4, 290.24, 1543605, 558, 0, 0
6170, 38, 52, 385, 0, 0, 26.70%, 0, 0, 4, 289.79, 1544880, 558, 0, 0
6175, 38, 262, 385, 0, 0, 26.70%, 0, 0, 4, 287.47, 1546130, 558, 0, 0
6180, 38, 338, 385, 0, 0, 26.70%, 0, 0, 4, 295.57, 1547295, 558, 0, 0
6185, 38, 163, 385, 0, 0, 26.70%, 0, 0, 4, 244.04, 1548538, 558, 0, 0
6190, 38, 29, 385, 0, 0, 26.70%, 0, 0, 4, 290.72, 1549830, 558, 0, 0
6195, 38, 266, 385, 0, 0, 26.70%, 0, 0, 4, 278.05, 1551095, 558, 0, 0
6200, 38, 242, 385, 0, 0, 26.70%, 0, 0, 4, 265.24, 1552305, 558, 0, 0
6205, 38, 350, 385, 0, 0, 26.70%, 0, 0, 4, 99.06, 1553566, 558, 0, 0
6210, 38, 199, 385, 0, 0, 26.70%, 0, 0, 4, 187.60, 1554821, 558, 0, 0
6216, 38, 326, 385, 0, 0, 26.70%, 0, 0, 4, 284.52, 1556085, 558, 0, 0
6221, 38, 167, 385, 0, 0, 26.70%, 0, 0, 4, 276.50, 1557275, 558, 0, 0
6226, 38, 350, 385, 0, 0, 26.70%, 0, 0, 4, 293.52, 1558520, 558, 0, 0
6231, 38, 330, 385, 0, 0, 26.70%, 0, 0, 4, 285.71, 1559713, 558, 0, 0
6236, 38, 49, 385, 0, 0, 26.70%, 0, 0, 4, 274.17, 1560985, 558, 0, 0
6241, 38, 266, 385, 0, 0, 26.70%, 0, 0, 4, 287.39, 1562250, 558, 0, 0
6246, 38, 333, 385, 0, 0, 26.70%, 0, 0, 4, 37.59, 1563490, 558, 0, 0
6251, 38, 333, 385, 0, 0, 26.70%, 0, 0, 4, 269.18, 1564745, 558, 0, 0
6256, 38, 234, 385, 0, 0, 26.70%, 0, 0, 4, 287.00, 1566005, 558, 0, 0
6261, 38, 364, 385, 0, 0, 26.70%, 0, 0, 4, 289.70, 1567260, 558, 0, 0
6266, 38, 236, 385, 0, 0, 26.70%, 0, 0, 4, 276.01, 1568575, 558, 0, 0
6272, 38, 120, 385, 0, 0, 26.70%, 0, 0, 4, 290.83, 1569885, 558, 0, 0
6277, 38, 345, 385, 0, 0, 26.70%, 0, 0, 4, 295.07, 1571070, 558, 0, 0
6282, 38, 236, 385, 0, 0, 26.70%, 0, 0, 4, 194.69, 1572256, 558, 0, 0
6287, 38, 146, 385, 0, 0, 26.70%, 0, 0, 4, 294.00, 1573515, 558, 0, 0
6292, 38, 164, 385, 0, 0, 26.70%, 0, 0, 4, 297.11, 1574809, 558, 0, 0
6297, 38, 115, 385, 0, 0, 26.70%, 0, 0, 4, 290.84, 1576105, 558, 0, 0
6302, 38, 364, 385, 0, 0, 26.70%, 0, 0, 4, 293.59, 1577340, 558, 0, 0
6307, 38, 236, 385, 0, 0, 26.70%, 0, 0, 4, 230.42, 1578584, 558, 0, 0
6312, 39, 266, 385, 0, 0, 26.70%, 0, 0, 4, 265.64, 1579835, 558, 0, 0
6317, 39, 364, 385, 0, 0, 26.70%, 0, 0, 4, 270.45, 1581095, 558, 0, 0
6323, 39, 266, 385, 0, 0, 26.70%, 0, 0, 4, 287.08, 1582340, 558, 0, 0
6328, 39, 193, 385, 0, 0, 26.70%, 0, 0, 4, 290.87, 1583595, 558, 0, 0
6333, 39, 139, 385, 0, 0, 26.70%, 0, 0, 4, 280.25, 1584870, 558, 0, 0
6338, 39, 115, 385, 0, 0, 26.70%, 0, 0, 4, 284.96, 1586105, 558, 0, 0
6343, 39, 344, 385, 0, 0, 26.70%, 0, 0, 4, 289.19, 1587355, 558, 0, 0
6348, 39, 326, 385, 0, 0, 26.70%, 0, 0, 4, 290.67, 1588645, 558, 0, 0
6353, 39, 85, 385, 0, 0, 26.70%, 0, 0, 4, 287.55, 1589895, 558, 0, 0
6358, 39, 109, 385, 0, 0, 26.70%, 0, 0, 4, 158.89, 1591150, 558, 0, 0
6363, 39, 52, 385, 0, 0, 26.70%, 0, 0, 4, 247.35, 1592374, 558, 0, 0
6368, 39, 313, 385, 0, 0, 26.70%, 0, 0, 4, 295.00, 1593524, 558, 0, 0
6374, 39, 47, 385, 0, 0, 26.70%, 0, 0, 4, 270.30, 1594810, 558, 0, 0
6379, 39, 236, 385, 0, 0, 26.70%, 0, 0, 4, 289.27, 1596060, 558, 0, 0
6384, 39, 262, 385, 0, 0, 26.70%, 0, 0, 4, 281.28, 1597320, 558, 0, 0
6389, 39, 204, 385, 0, 0, 26.70%, 0, 0, 4, 268.85, 1598545, 558, 0, 0
6394, 39, 350, 385, 0, 0, 26.70%, 0, 0, 4, 295.57, 1599746, 558, 0, 0
6399, 39, 371, 385, 0, 0, 26.70%, 0, 0, 4, 285.80, 1600985, 558, 0, 0
6404, 39, 12, 385, 0, 0, 26.70%, 0, 0, 4, 236.73, 1602278, 558, 0, 0
6409, 39, 326, 385, 0, 0, 26.70%, 0, 0, 4, 277.57, 1603535, 558, 0, 0
6414, 39, 330, 385, 0, 0, 26.70%, 0, 0, 4, 287.13, 1604733, 558, 0, 0
6419, 39, 177, 385, 0, 0, 26.70%, 0, 0, 4, 288.49, 1605984, 558, 0, 0
6424, 39, 338, 385, 0, 0, 26.70%, 0, 0, 4, 288.85, 1607285, 558, 0, 0
6430, 39, 214, 385, 0, 0, 26.70%, 0, 0, 4, 223.98, 1608548, 558, 0, 0
6435, 39, 262, 385, 0, 0, 26.70%, 0, 0, 4, 219.99, 1609784, 558, 0, 0
6440, 39, 195, 385, 0, 0, 26.70%, 0, 0, 4, 266.26, 1611055, 558, 0, 0
6445, 39, 52, 385, 0, 0, 26.70%, 0, 0, 4, 286.86, 1612355, 558, 0, 0
6450, 39, 255, 385, 0, 0, 26.70%, 0, 0, 4, 278.65, 1613605, 558, 0, 0
6455, 39, 233, 385, 0, 0, 26.70%, 0, 0, 4, 258.28, 1614845, 558, 0, 0
6460, 39, 10, 385, 0, 0, 26.70%, 0, 0, 4, 283.82, 1616130, 558, 0, 0
6466, 39, 146, 385, 0, 0, 26.70%, 0, 0, 4, 281.83, 1617440, 558, 0, 0
6471, 40, 347, 385, 0, 0, 26.70%, 0, 0, 4, 286.22, 1618640, 558, 0, 0
6476, 40, 238, 385, 0, 0, 26.70%, 0, 0, 4, 290.79, 1619895, 558, 0, 0
6481, 40, 274, 385, 0, 0, 26.70%, 0, 0, 4, 271.24, 1621200, 558, 0, 0
6486, 40, 364, 385, 0, 0, 26.70%, 0, 0, 4, 31.25, 1622405, 558, 0, 0
6491, 40, 364, 385, 0, 0, 26.70%, 0, 0, 4, 294.25, 1623705, 558, 0, 0
6496, 40, 43, 385, 0, 0, 26.70%, 0, 0, 4, 298.18, 1624995, 558, 0, 0
6502, 40, 52, 385, 0, 0, 26.70%, 0, 0, 4, 273.42, 1626260, 558, 0, 0
6507, 40, 195, 385, 0, 0, 26.70%, 0, 0, 4, 41.68, 1627436, 558, 0, 0
6512, 40, 326, 385, 0, 0, 26.70%, 0, 0, 4, 292.45, 1628740, 558, 0, 0
6517, 40, 146, 385, 0, 0, 26.70%, 0, 0, 4, 296.52, 1630050, 558, 0, 0
6522, 40, 333, 385, 0, 0, 26.70%, 0, 0, 4, 274.61, 1631265, 558, 0, 0
6527, 40, 164, 385, 0, 0, 26.70%, 0, 0, 4, 293.78, 1632500, 558, 0, 0
6532, 40, 281, 385, 0, 0, 26.70%, 0, 0, 4, 288.51, 1633770, 558, 0, 0
6537, 40, 52, 385, 0, 0, 26.70%, 0, 0, 4, 292.04, 1635050, 558, 0, 0
6543, 40, 310, 385, 0, 0, 26.70%, 0, 0, 4, 261.66, 1636205, 558, 0, 0
6548, 40, 234, 385, 0, 0, 26.70%, 0, 0, 4, 265.40, 1637430, 558, 0, 0
6553, 40, 164, 385, 0, 0, 26.70%, 0, 0, 4, 291.30, 1638690, 558, 0, 0
6558, 40, 59, 385, 0, 0, 26.70%, 0, 0, 4, 296.27, 1639955, 558, 0, 0
6563, 40, 313, 385, 0, 0, 26.70%, 0, 0, 4, 287.90, 1641245, 558, 0, 0
6568, 40, 195, 385, 0, 0, 26.70%, 0, 0, 4, 292.86, 1642519, 558, 0, 0
6573, 40, 362, 385, 0, 0, 26.70%, 0, 0, 4, 31.06, 1643684, 558, 0, 0
6578, 40, 204, 385, 0, 0, 26.70%, 0, 0, 4, 291.95, 1644934, 558, 0, 0
6583, 40, 46, 385, 0, 0, 26.70%, 0, 0, 4, 292.26, 1646234, 558, 0, 0
6588, 40, 52, 385, 0, 0, 26.70%, 0, 0, 4, 290.02, 1647504, 558, 0, 0
6594, 40, 109, 385, 0, 0, 26.70%, 0, 0, 4, 278.28, 1648809, 558, 0, 0
6599, 40, 364, 385, 0, 0, 26.70%, 0, 0, 4, 292.08, 1649993, 558, 0, 0
6604, 40, 350, 385, 0, 0, 26.70%, 0, 0, 4, 172.04, 1651286, 558, 0, 0
6609, 40, 167, 385, 0, 0, 26.70%, 0, 0, 4, 275.70, 1652544, 558, 0, 0
6614, 40, 262, 385, 0, 0, 26.70%, 0, 0, 4, 277.76, 1653809, 558, 0, 0
6619, 40, 242, 385, 0, 0, 26.70%, 0, 0, 4, 265.47, 1654969, 558, 0, 0
6624, 40, 146, 385, 0, 0, 26.70%, 0, 0, 4, 290.43, 1656254, 558, 0, 0
6629, 41, 281, 385, 0, 0, 26.70%, 0, 0, 4, 286.97, 1657519, 558, 0, 0
6635, 41, 204, 385, 0, 0, 26.70%, 0, 0, 4, 277.68, 1658784, 558, 0, 0
6640, 41, 313, 385, 0, 0, 26.70%, 0, 0, 4, 286.22, 1660054, 558, 0, 0
6645, 41, 262, 385, 0, 0, 26.70%, 0, 0, 4, 270.27, 1661349, 558, 0, 0
6650, 41, 209, 385, 0, 0, 26.70%, 0, 0, 4, 250.19, 1662630, 558, 0, 0
6655, 41, 270, 385, 0, 0, 26.70%, 0, 0, 4, 45.05, 1663784, 558, 0, 0
6660, 41, 170, 385, 0, 0, 26.70%, 0, 0, 4, 290.80, 1665034, 558, 0, 0
6665, 41, 234, 385, 0, 0, 26.70%, 0, 0, 4, 272.61, 1666279, 558, 0, 0
6671, 41, 85, 385, 0, 0, 26.70%, 0, 0, 4, 280.33, 1667529, 558, 0, 0
6676, 41, 163, 385, 0, 0, 26.70%, 0, 0, 4, 291.34, 1668774, 558, 0, 0
6681, 41, 109, 385, 0, 0, 26.70%, 0, 0, 4, 293.60, 1670038, 558, 0, 0
6686, 41, 231, 385, 0, 0, 26.70%, 0, 0, 4, 294.47, 1671299, 558, 0, 0
6691, 41, 115, 385, 0, 0, 26.70%, 0, 0, 4, 278.95, 1672494, 558, 0, 0
6696, 41, 59, 385, 0, 0, 26.70%, 0, 0, 4, 289.93, 1673738, 558, 0, 0
6701, 41, 59, 385, 0, 0, 26.70%, 0, 0, 4, 288.87, 1675034, 558, 0, 0
6706, 41, 120, 385, 0, 0, 26.70%, 0, 0, 4, 281.43, 1676264, 558, 0, 0
6711, 41, 359, 385, 0, 0, 26.70%, 0, 0, 4, 152.43, 1677512, 558, 0, 0
6717, 41, 270, 385, 0, 0, 26.70%, 0, 0, 4, 288.51, 1678684, 558, 0, 0
6722, 41, 125, 385, 0, 0, 26.70%, 0, 0, 4, 284.22, 1679940, 558, 0, 0
6727, 41, 59, 385, 0, 0, 26.70%, 0, 0, 4, 34.60, 1681145, 558, 0, 0
6732, 41, 105, 385, 0, 0, 26.70%, 0, 0, 4, 286.55, 1682405, 558, 0, 0
6737, 41, 52, 385, 0, 0, 26.70%, 0, 0, 4, 270.62, 1683690, 558, 0, 0
6742, 41, 239, 385, 0, 0, 26.70%, 0, 0, 4, 292.66, 1685005, 558, 0, 0
6747, 41, 330, 385, 0, 0, 26.70%, 0, 0, 4, 37.04, 1686165, 558, 0, 0
6753, 41, 340, 385, 0, 0, 26.70%, 0, 0, 4, 290.31, 1687475, 558, 0, 0
6758, 41, 163, 385, 0, 0, 26.70%, 0, 0, 4, 286.71, 1688705, 558, 0, 0
6763, 41, 109, 385, 0, 0, 26.70%, 0, 0, 4, 284.83, 1689990, 558, 0, 0
6768, 41, 193, 385, 0, 0, 26.70%, 0, 0, 4, 35.59, 1691165, 558, 0, 0
6773, 41, 195, 385, 0, 0, 26.70%, 0, 0, 4, 284.89, 1692435, 558, 0, 0
6778, 41, 270, 385, 0, 0, 26.70%, 0, 0, 4, 287.38, 1693710, 558, 0, 0
6783, 41, 350, 385, 0, 0, 26.70%, 0, 0, 4, 258.95, 1694925, 558, 0, 0
6788, 42, 73, 385, 0, 0, 26.70%, 0, 0, 4, 290.64, 1696119, 558, 0, 0
6793, 42, 164, 385, 0, 0, 26.70%, 0, 0, 4, 289.93, 1697365, 558, 0, 0
6799, 42, 120, 385, 0, 0, 26.70%, 0, 0, 4, 291.22, 1698639, 558, 0, 0
6804, 42, 195, 385, 0, 0, 26.70%, 0, 0, 4, 290.69, 1699915, 558, 0, 0
6809, 42, 47, 385, 0, 0, 26.70%, 0, 0, 4, 286.71, 1701075, 558, 0, 0
6814, 42, 344, 385, 0, 0, 26.70%, 0, 0, 4, 246.56, 1702307, 558, 0, 0
6819, 42, 115, 385, 0, 0, 26.70%, 0, 0, 4, 289.36, 1703475, 558, 0, 0
6824, 42, 47, 385, 0, 0, 26.70%, 0, 0, 4, 234.39, 1704723, 558, 0, 0
6829, 42, 262, 385, 0, 0, 26.70%, 0, 0, 4, 270.83, 1705970, 558, 0, 0
6834, 42, 115, 385, 0, 0, 26.70%, 0, 0, 4, 31.15, 1707155, 558, 0, 0
6839, 42, 364, 385, 0, 0, 26.70%, 0, 0, 4, 285.28, 1708405, 558, 0, 0
6844, 42, 177, 385, 0, 0, 26.70%, 0, 0, 4, 230.00, 1709566, 558, 0, 0
6849, 42, 326, 385, 0, 0, 26.70%, 0, 0, 4, 290.02, 1710845, 558, 0, 0
6855, 42, 338, 385, 0, 0, 26.70%, 0, 0, 4, 283.85, 1712020, 558, 0, 0
6860, 42, 164, 385, 0, 0, 26.70%, 0, 0, 4, 258.87, 1713275, 558, 0, 0
6865, 42, 170, 385, 0, 0, 26.70%, 0, 0, 4, 249.21, 1714517, 558, 0, 0
6870, 42, 308, 385, 0, 0, 26.70%, 0, 0, 4, 289.23, 1715770, 558, 0, 0
6875, 42, 344, 385, 0, 0, 26.70%, 0, 0, 4, 286.37, 1717045, 558, 0, 0
6880, 42, 262, 385, 0, 0, 26.70%, 0, 0, 4, 31.15, 1718275, 558, 0, 0
6886, 42, 268, 385, 0, 0, 26.70%, 0, 0, 4, 285.13, 1719520, 558, 0, 0
6891, 42, 28, 385, 0, 0, 26.70%, 0, 0, 4, 278.59, 1720820, 558, 0, 0
6896, 42, 139, 385, 0, 0, 26.70%, 0, 0, 4, 291.72, 1722090, 558, 0, 0
6901, 42, 115, 385, 0, 0, 26.70%, 0, 0, 4, 38.87, 1723275, 558, 0, 0
6906, 42, 9, 385, 0, 0, 26.70%, 0, 0, 4, 290.47, 1724525, 558, 0, 0
6911, 42, 115, 385, 0, 0, 26.70%, 0, 0, 4, 274.65, 1725830, 558, 0, 0
6916, 42, 52, 385, 0, 0, 26.70%, 0, 0, 4, 281.74, 1727080, 558, 0, 0
6921, 42, 4, 385, 0, 0, 26.70%, 0, 0, 4, 290.00, 1728318, 558, 0, 0
6926, 42, 73, 385, 0, 0, 26.70%, 0, 0, 4, 286.85, 1729605, 558, 0, 0
6931, 42, 12, 385, 0, 0, 26.70%, 0, 0, 4, 292.70, 1730865, 558, 0, 0
6937, 42, 55, 385, 0, 0, 26.70%, 0, 0, 4, 39.37, 1732090, 558, 0, 0
6942, 42, 234, 385, 0, 0, 26.70%, 0, 0, 4, 291.89, 1733345, 558, 0, 0
6947, 43, 292, 385, 0, 0, 26.70%, 0, 0, 4, 269.23, 1734595, 558, 0, 0
6952, 43, 195, 385, 0, 0, 26.70%, 0, 0, 4, 290.18, 1735850, 558, 0, 0
6957, 43, 234, 385, 0, 0, 26.70%, 0, 0, 4, 263.56, 1737115, 558, 0, 0
6962, 43, 270, 385, 0, 0, 26.70%, 0, 0, 4, 287.13, 1738318, 558, 0, 0
6967, 43, 236, 385, 0, 0, 26.70%, 0, 0, 4, 288.45, 1739570, 558, 0, 0
6972, 43, 330, 385, 0, 0, 26.70%, 0, 0, 4, 292.95, 1740810, 558, 0, 0
6977, 43, 124, 385, 0, 0, 26.70%, 0, 0, 4, 259.82, 1742040, 558, 0, 0
6982, 43, 242, 385, 0, 0, 26.70%, 0, 0, 4, 302.54, 1743281, 558, 0, 0
6987, 43, 170, 385, 0, 0, 26.70%, 0, 0, 4, 272.24, 1744540, 558, 0, 0
6992, 43, 244, 385, 0, 0, 26.70%, 0, 0, 4, 291.43, 1745805, 558, 0, 0
6998, 43, 236, 385, 0, 0, 26.70%, 0, 0, 4, 285.00, 1747002, 558, 0, 0
7003, 43, 266, 385, 0, 0, 26.70%, 0, 0, 4, 301.11, 1748311, 558, 0, 0
7008, 43, 214, 385, 0, 0, 26.70%, 0, 0, 4, 244.33, 1749591, 558, 0, 0
7013, 43, 204, 385, 0, 0, 26.70%, 0, 0, 4, 246.15, 1750845, 558, 0, 0
7018, 43, 179, 385, 0, 0, 26.70%, 0, 0, 4, 268.81, 1752095, 558, 0, 0
7023, 43, 330, 385, 0, 0, 26.70%, 0, 0, 4, 288.86, 1753345, 558, 0, 0
7028, 43, 270, 385, 0, 0, 26.70%, 0, 0, 4, 280.45, 1754625, 558, 0, 0
7033, 43, 327, 385, 0, 0, 26.70%, 0, 0, 4, 45.45, 1755770, 558, 0, 0
7039, 43, 198, 385, 0, 0, 26.70%, 0, 0, 4, 289.70, 1757075, 558, 0, 0
7044, 43, 340, 385, 0, 0, 26.70%, 0, 0, 4, 292.22, 1758375, 558, 0, 0
7049, 43, 139, 385, 0, 0, 26.70%, 0, 0, 4, 266.81, 1759630, 558, 0, 0
7054, 43, 313, 385, 0, 0, 26.70%, 0, 0, 4, 273.60, 1760850, 558, 0, 0
7059, 43, 326, 385, 0, 0, 26.70%, 0, 0, 4, 288.44, 1762135, 558, 0, 0
7064, 43, 52, 385, 0, 0, 26.70%, 0, 0, 4, 271.36, 1763420, 558, 0, 0
7070, 43, 167, 385, 0, 0, 26.70%, 0, 0, 4, 288.57, 1764715, 558, 0, 0
7075, 43, 233, 385, 0, 0, 26.70%, 0, 0, 4, 282.18, 1765852, 558, 0, 0
7080, 43, 313, 385, 0, 0, 26.70%, 0, 0, 4, 288.79, 1767150, 558, 0, 0
7085, 43, 120, 385, 0, 0, 26.70%, 0, 0, 4, 288.79, 1768425, 558, 0, 0
7090, 43, 346, 385, 0, 0, 26.70%, 0, 0, 4, 284.91, 1769680, 558, 0, 0
7095, 43, 170, 385, 0, 0, 26.70%, 0, 0, 4, 46.01, 1770900, 558, 0, 0
7100, 43, 169, 385, 0, 0, 26.70%, 0, 0, 4, 287.12, 1772160, 558, 0, 0
7105, 44, 65, 385, 0, 0, 26.70%, 0, 0, 4, 273.18, 1773415, 558, 0, 0
7110, 44, 52, 385, 0, 0, 26.70%, 0, 0, 4, 152.44, 1774710, 558, 0, 0
7116, 44, 313, 385, 0, 0, 26.70%, 0, 0, 4, 203.42, 1775882, 558, 0, 0
7121, 44, 179, 385, 0, 0, 26.70%, 0, 0, 4, 241.73, 1777152, 558, 0, 0
7126, 44, 270, 385, 0, 0, 26.70%, 0, 0, 4, 271.47, 1778390, 558, 0, 0
7131, 44, 374, 385, 0, 0, 26.70%, 0, 0, 4, 233.88, 1779643, 558, 0, 0
7136, 44, 226, 385, 0, 0, 26.70%, 0, 0, 4, 288.46, 1780890, 558, 0, 0
7141, 44, 242, 385, 0, 0, 26.70%, 0, 0, 4, 272.79, 1782135, 558, 0, 0
7146, 44, 242, 385, 0, 0, 26.70%, 0, 0, 4, 281.57, 1783414, 558, 0, 0
7152, 44, 87, 385, 0, 0, 26.70%, 0, 0, 4, 258.36, 1784590, 558, 0, 0
7157, 44, 338, 385, 0, 0, 26.70%, 0, 0, 4, 236.10, 1785871, 558, 0, 0
7162, 44, 49, 385, 0, 0, 26.70%, 0, 0, 4, 290.83, 1787125, 558, 0, 0
7167, 44, 383, 385, 0, 0, 26.70%, 0, 0, 4, 287.86, 1788370, 558, 0, 0
7172, 44, 364, 385, 0, 0, 26.70%, 0, 0, 4, 287.58, 1789614, 558, 0, 0
7177, 44, 270, 385, 0, 0, 26.70%, 0, 0, 4, 287.29, 1790795, 558, 0, 0
7182, 44, 47, 385, 0, 0, 26.70%, 0, 0, 4, 271.24, 1792070, 558, 0, 0
7187, 44, 131, 385, 0, 0, 26.70%, 0, 0, 4, 290.89, 1793320, 558, 0, 0
7192, 44, 3, 385, 0, 0, 26.70%, 0, 0, 4, 275.62, 1794525, 558, 0, 0
7197, 44, 350, 385, 0, 0, 26.70%, 0, 0, 4, 298.52, 1795710, 558, 0, 0
7202, 44, 49, 385, 0, 0, 26.70%, 0, 0, 4, 44.64, 1796880, 558, 0, 0
7207, 44, 6, 385, 0, 0, 26.70%, 0, 0, 4, 288.83, 1798125, 558, 0, 0
7212, 44, 382, 385, 0, 0, 26.70%, 0, 0, 4, 288.56, 1799298, 558, 0, 0
7217, 44, 218, 385, 0, 0, 26.70%, 0, 0, 4, 284.81, 1800515, 558, 0, 0
7222, 44, 239, 385, 0, 0, 26.70%, 0, 0, 4, 269.13, 1801670, 558, 0, 0
7228, 44, 333, 385, 0, 0, 26.70%, 0, 0, 4, 281.19, 1802945, 558, 0, 0
7233, 44, 163, 385, 0, 0, 26.70%, 0, 0, 4, 295.21, 1804165, 558, 0, 0
7238, 44, 255, 385, 0, 0, 26.70%, 0, 0, 4, 287.95, 1805395, 558, 0, 0
7243, 44, 115, 385, 0, 0, 26.70%, 0, 0, 4, 281.67, 1806625, 558, 0, 0
7248, 44, 214, 385, 0, 0, 26.70%, 0, 0, 4, 282.86, 1807805, 558, 0, 0
7253, 44, 266, 385, 0, 0, 26.70%, 0, 0, 4, 287.54, 1809095, 558, 0, 0
7258, 44, 167, 385, 0, 0, 26.70%, 0, 0, 4, 280.99, 1810350, 558, 0, 0
7263, 45, 361, 385, 0, 0, 26.70%, 0, 0, 4, 297.03, 1811556, 558, 0, 0
7269, 45, 338, 385, 0, 0, 26.70%, 0, 0, 4, 274.57, 1812855, 558, 0, 0
7274, 45, 236, 385, 0, 0, 26.70%, 0, 0, 4, 291.02, 1814150, 558, 0, 0
7279, 45, 146, 385, 0, 0, 26.70%, 0, 0, 4, 31.61, 1815350, 558, 0, 0
7284, 45, 266, 385, 0, 0, 26.70%, 0, 0, 4, 292.72, 1816600, 558, 0, 0
7289, 45, 47, 385, 0, 0, 26.70%, 0, 0, 4, 292.08, 1817784, 558, 0, 0
7294, 45, 47, 385, 0, 0, 26.70%, 0, 0, 4, 290.01, 1819025, 558, 0, 0
7300, 45, 344, 385, 0, 0, 26.70%, 0, 0, 4, 280.40, 1820200, 558, 0, 0
7305, 45, 344, 385, 0, 0, 26.70%, 0, 0, 4, 292.47, 1821445, 558, 0, 0
7310, 45, 266, 385, 0, 0, 26.70%, 0, 0, 4, 287.66, 1822614, 558, 0, 0
7315, 45, 169, 385, 0, 0, 26.70%, 0, 0, 4, 265.68, 1823845, 558, 0, 0
7320, 45, 255, 385, 0, 0, 26.70%, 0, 0, 4, 286.15, 1825095, 558, 0, 0
7325, 45, 233, 385, 0, 0, 26.70%, 0, 0, 4, 287.78, 1826289, 558, 0, 0
7330, 45, 49, 385, 0, 0, 26.70%, 0, 0, 4, 275.77, 1827550, 558, 0, 0
7335, 45, 266, 385, 0, 0, 26.70%, 0, 0, 4, 259.40, 1828850, 558, 0, 0
7341, 45, 330, 385, 0, 0, 26.70%, 0, 0, 4, 269.55, 1830180, 558, 0, 0
7346, 45, 70, 385, 0, 0, 26.70%, 0, 0, 4, 288.94, 1831350, 558, 0, 0
7351, 45, 52, 385, 0, 0, 26.70%, 0, 0, 4, 290.72, 1832665, 558, 0, 0
7356, 45, 146, 385, 0, 0, 26.70%, 0, 0, 4, 31.25, 1833830, 558, 0, 0
7361, 45, 225, 385, 0, 0, 26.70%, 0, 0, 4, 288.48, 1835085, 558, 0, 0
7366, 45, 49, 385, 0, 0, 26.70%, 0, 0, 4, 247.17, 1836373, 558, 0, 0
7371, 45, 109, 385, 0, 0, 26.70%, 0, 0, 4, 31.14, 1837539, 558, 0, 0
7376, 45, 333, 385, 0, 0, 26.70%, 0, 0, 4, 262.53, 1838814, 558, 0, 0
7381, 45, 158, 385, 0, 0, 26.70%, 0, 0, 4, 275.11, 1840065, 558, 0, 0
7387, 45, 46, 385, 0, 0, 26.70%, 0, 0, 4, 297.14, 1841355, 558, 0, 0
7392, 45, 52, 385, 0, 0, 26.70%, 0, 0, 4, 202.23, 1842596, 558, 0, 0
7397, 45, 313, 385, 0, 0, 26.70%, 0, 0, 4, 292.35, 1843850, 558, 0, 0
7402, 45, 47, 385, 0, 0, 26.70%, 0, 0, 4, 54.81, 1844993, 558, 0, 0
7407, 45, 146, 385, 0, 0, 26.70%, 0, 0, 4, 245.49, 1846283, 558, 0, 0
7412, 45, 195, 385, 0, 0, 26.70%, 0, 0, 4, 284.44, 1847535, 558, 0, 0
7417, 45, 146, 385, 0, 0, 26.70%, 0, 0, 4, 264.93, 1848830, 558, 0, 0
7422, 46, 262, 385, 0, 0, 26.70%, 0, 0, 4, 258.52, 1850120, 558, 0, 0
7427, 46, 52, 385, 0, 0, 26.70%, 0, 0, 4, 281.11, 1851364, 558, 0, 0
7433, 46, 120, 385, 0, 0, 26.70%, 0, 0, 4, 285.41, 1852675, 558, 0, 0
7438, 46, 170, 385, 0, 0, 26.70%, 0, 0, 4, 276.56, 1853935, 558, 0, 0
7443, 46, 46, 385, 0, 0, 26.70%, 0, 0, 4, 292.14, 1855220, 558, 0, 0
7448, 46, 279, 385, 0, 0, 26.70%, 0, 0, 4, 287.41, 1856495, 558, 0, 0
7453, 46, 139, 385, 0, 0, 26.70%, 0, 0, 4, 53.19, 1857700, 558, 0, 0
7458, 46, 52, 385, 0, 0, 26.70%, 0, 0, 4, 259.57, 1858945, 558, 0, 0
7463, 46, 47, 385, 0, 0, 26.70%, 0, 0, 4, 286.67, 1860220, 558, 0, 0
7468, 46, 49, 385, 0, 0, 26.70%, 0, 0, 4, 287.43, 1861525, 558, 0, 0
7474, 46, 330, 385, 0, 0, 26.70%, 0, 0, 4, 276.43, 1862745, 558, 0, 0
7479, 46, 344, 385, 0, 0, 26.70%, 0, 0, 4, 200.93, 1863976, 558, 0, 0
7484, 46, 313, 385, 0, 0, 26.70%, 0, 0, 4, 286.96, 1865250, 558, 0, 0
7489, 46, 97, 385, 0, 0, 26.70%, 0, 0, 4, 269.66, 1866460, 558, 0, 0
7494, 46, 344, 385, 0, 0, 26.70%, 0, 0, 4, 269.11, 1867740, 558, 0, 0
7499, 46, 115, 385, 0, 0, 26.70%, 0, 0, 4, 264.06, 1869025, 558, 0, 0
7504, 46, 195, 385, 0, 0, 26.70%, 0, 0, 4, 293.53, 1870214, 558, 0, 0
7509, 46, 53, 385, 0, 0, 26.70%, 0, 0, 4, 248.90, 1871466, 558, 0, 0
7514, 46, 266, 385, 0, 0, 26.70%, 0, 0, 4, 261.13, 1872675, 558, 0, 0
7519, 46, 167, 385, 0, 0, 26.70%, 0, 0, 4, 290.80, 1873895, 558, 0, 0
7524, 46, 163, 385, 0, 0, 26.70%, 0, 0, 4, 128.48, 1875125, 558, 0, 0
7530, 46, 46, 385, 0, 0, 26.70%, 0, 0, 4, 275.44, 1876360, 558, 0, 0
7535, 46, 65, 385, 0, 0, 26.70%, 0, 0, 4, 292.07, 1877625, 558, 0, 0
7540, 46, 76, 385, 0, 0, 26.70%, 0, 0, 4, 292.36, 1878860, 558, 0, 0
7545, 46, 139, 385, 0, 0, 26.70%, 0, 0, 4, 215.40, 1880031, 558, 0, 0
7550, 46, 242, 385, 0, 0, 26.70%, 0, 0, 4, 296.43, 1881320, 558, 0, 0
7555, 46, 262, 385, 0, 0, 26.70%, 0, 0, 4, 39.84, 1882470, 558, 0, 0
7560, 46, 333, 385, 0, 0, 26.70%, 0, 0, 4, 287.74, 1883730, 558, 0, 0
7565, 46, 262, 385, 0, 0, 26.70%, 0, 0, 4, 35.87, 1884896, 558, 0, 0
7570, 46, 155, 385, 0, 0, 26.70%, 0, 0, 4, 221.69, 1886172, 558, 0, 0
7576, 46, 233, 385, 0, 0, 26.70%, 0, 0, 4, 292.23, 1887465, 558, 0, 0
7581, 47, 255, 385, 0, 0, 26.70%, 0, 0, 4, 289.54, 1888630, 558, 0, 0
7586, 47, 58, 385, 0, 0, 26.70%, 0, 0, 4, 288.27, 1889890, 558, 0, 0
7591, 47, 350, 385, 0, 0, 26.70%, 0, 0, 4, 265.94, 1891060, 558, 0, 0
7596, 47, 163, 385, 0, 0, 26.70%, 0, 0, 4, 295.57, 1892349, 558, 0, 0
7601, 47, 340, 385, 0, 0, 26.70%, 0, 0, 4, 290.04, 1893630, 558, 0, 0
7606, 47, 340, 385, 0, 0, 26.70%, 0, 0, 4, 290.00, 1894798, 558, 0, 0
7612, 47, 364, 385, 0, 0, 26.70%, 0, 0, 4, 270.16, 1896075, 558, 0, 0
7617, 47, 235, 385, 0, 0, 26.70%, 0, 0, 4, 263.73, 1897300, 558, 0, 0
7622, 47, 170, 385, 0, 0, 26.70%, 0, 0, 4, 291.07, 1898595, 558, 0, 0
7627, 47, 195, 385, 0, 0, 26.70%, 0, 0, 4, 296.27, 1899850, 558, 0, 0
7632, 47, 313, 385, 0, 0, 26.70%, 0, 0, 4, 271.16, 1901040, 558, 0, 0
7637, 47, 167, 385, 0, 0, 26.70%, 0, 0, 4, 268.03, 1902300, 558, 0, 0
7642, 47, 150, 385, 0, 0, 26.70%, 0, 0, 4, 252.03, 1903565, 558, 0, 0
7647, 47, 170, 385, 0, 0, 26.70%, 0, 0, 4, 293.53, 1904781, 558, 0, 0
7652, 47, 61, 385, 0, 0, 26.70%, 0, 0, 4, 275.99, 1906045, 558, 0, 0
7658, 47, 214, 385, 0, 0, 26.70%, 0, 0, 4, 264.72, 1907325, 558, 0, 0
7663, 47, 167, 385, 0, 0, 26.70%, 0, 0, 4, 264.17, 1908495, 558, 0, 0
7668, 47, 214, 385, 0, 0, 26.70%, 0, 0, 4, 278.10, 1909760, 558, 0, 0
7673, 47, 255, 385, 0, 0, 26.70%, 0, 0, 4, 265.40, 1911010, 558, 0, 0
7678, 47, 74, 385, 0, 0, 26.70%, 0, 0, 4, 293.73, 1912150, 558, 0, 0
7683, 47, 292, 385, 0, 0, 26.70%, 0, 0, 4, 279.89, 1913385, 558, 0, 0
7688, 47, 350, 385, 0, 0, 26.70%, 0, 0, 4, 255.46, 1914620, 558, 0, 0
7693, 47, 364, 385, 0, 0, 26.70%, 0, 0, 4, 285.71, 1915903, 558, 0, 0
7698, 47, 340, 385, 0, 0, 26.70%, 0, 0, 4, 290.56, 1917180, 558, 0, 0
7703, 47, 214, 385, 0, 0, 26.70%, 0, 0, 4, 52.39, 1918325, 558, 0, 0
7709, 47, 340, 385, 0, 0, 26.70%, 0, 0, 4, 287.03, 1919589, 558, 0, 0
7714, 47, 1, 385, 0, 0, 26.70%, 0, 0, 4, 282.15, 1920850, 558, 0, 0
7719, 47, 344, 385, 0, 0, 26.70%, 0, 0, 4, 283.80, 1922075, 558, 0, 0
7724, 47, 47, 385, 0, 0, 26.70%, 0, 0, 4, 286.12, 1923245, 558, 0, 0
7729, 47, 348, 385, 0, 0, 26.70%, 0, 0, 4, 300.19, 1924500, 558, 0, 0
7734, 47, 340, 385, 0, 0, 26.70%, 0, 0, 4, 56.18, 1925710, 558, 0, 0
7739, 48, 109, 385, 0, 0, 26.70%, 0, 0, 4, 211.35, 1926964, 558, 0, 0
7744, 48, 236, 385, 0, 0, 26.70%, 0, 0, 4, 273.42, 1928245, 558, 0, 0
7749, 48, 266, 385, 0, 0, 26.70%, 0, 0, 4, 264.65, 1929450, 558, 0, 0
7755, 48, 84, 385, 0, 0, 26.70%, 0, 0, 4, 246.42, 1930691, 558, 0, 0
7760, 48, 204, 385, 0, 0, 26.70%, 0, 0, 4, 292.37, 1931955, 558, 0, 0
7765, 48, 204, 385, 0, 0, 26.70%, 0, 0, 4, 290.65, 1933115, 558, 0, 0
7770, 48, 382, 385, 0, 0, 26.70%, 0, 0, 4, 282.97, 1934329, 558, 0, 0
7775, 48, 350, 385, 0, 0, 26.70%, 0, 0, 4, 288.20, 1935510, 558, 0, 0
7780, 48, 255, 385, 0, 0, 26.70%, 0, 0, 4, 36.90, 1936698, 558, 0, 0
7785, 48, 155, 385, 0, 0, 26.70%, 0, 0, 4, 293.87, 1938002, 558, 0, 0
7790, 48, 255, 385, 0, 0, 26.70%, 0, 0, 4, 285.42, 1939164, 558, 0, 0
7796, 48, 364, 385, 0, 0, 26.70%, 0, 0, 4, 281.00, 1940439, 558, 0, 0
7801, 48, 262, 385, 0, 0, 26.70%, 0, 0, 4, 293.20, 1941646, 558, 0, 0
7806, 48, 266, 385, 0, 0, 26.70%, 0, 0, 4, 291.20, 1942891, 558, 0, 0
7811, 48, 40, 385, 0, 0, 26.70%, 0, 0, 4, 66.92, 1944080, 558, 0, 0
7816, 48, 313, 385, 0, 0, 26.70%, 0, 0, 4, 270.66, 1945343, 558, 0, 0
7821, 48, 338, 385, 0, 0, 26.70%, 0, 0, 4, 265.99, 1946613, 558, 0, 0
7826, 48, 270, 385, 0, 0, 26.70%, 0, 0, 4, 288.56, 1947808, 558, 0, 0
7832, 48, 270, 385, 0, 0, 26.70%, 0, 0, 4, 291.37, 1949085, 558, 0, 0
7837, 48, 255, 385, 0, 0, 26.70%, 0, 0, 4, 277.21, 1950397, 558, 0, 0
7842, 48, 46, 385, 0, 0, 26.70%, 0, 0, 4, 293.53, 1951561, 558, 0, 0
7847, 48, 236, 385, 0, 0, 26.70%, 0, 0, 4, 288.62, 1952824, 558, 0, 0
7852, 48, 214, 385, 0, 0, 26.70%, 0, 0, 4, 290.24, 1954084, 558, 0, 0
7857, 48, 234, 385, 0, 0, 26.70%, 0, 0, 4, 289.66, 1955379, 558, 0, 0
7862, 48, 52, 385, 0, 0, 26.70%, 0, 0, 4, 46.73, 1956559, 558, 0, 0
7867, 48, 146, 385, 0, 0, 26.70%, 0, 0, 4, 294.89, 1957844, 558, 0, 0
7872, 48, 47, 385, 0, 0, 26.70%, 0, 0, 4, 290.05, 1959079, 558, 0, 0
7878, 48, 47, 385, 0, 0, 26.70%, 0, 0, 4, 283.87, 1960344, 558, 0, 0
7883, 48, 236, 385, 0, 0, 26.70%, 0, 0, 4, 272.51, 1961549, 558, 0, 0
7888, 48, 340, 385, 0, 0, 26.70%, 0, 0, 4, 294.62, 1962859, 558, 0, 0
7893, 48, 340, 385, 0, 0, 26.70%, 0, 0, 4, 287.49, 1964164, 558, 0, 0
7898, 48, 115, 385, 0, 0, 26.70%, 0, 0, 4, 36.63, 1965359, 558, 0, 0
7903, 49, 164, 385, 0, 0, 26.70%, 0, 0, 4, 290.56, 1966629, 558, 0, 0
7909, 49, 242, 385, 0, 0, 26.70%, 0, 0, 4, 286.63, 1967919, 558, 0, 0
7914, 49, 364, 385, 0, 0, 26.70%, 0, 0, 4, 278.98, 1969174, 558, 0, 0
7919, 49, 234, 385, 0, 0, 26.70%, 0, 0, 4, 286.14, 1970324, 558, 0, 0
7924, 49, 47, 385, 0, 0, 26.70%, 0, 0, 4, 292.50, 1971589, 558, 0, 0
7929, 49, 120, 385, 0, 0, 26.70%, 0, 0, 4, 284.28, 1972884, 558, 0, 0
7934, 49, 246, 385, 0, 0, 26.70%, 0, 0, 4, 44.05, 1974059, 558, 0, 0
7939, 49, 54, 385, 0, 0, 26.70%, 0, 0, 4, 292.37, 1975359, 558, 0, 0
7944, 49, 233, 385, 0, 0, 26.70%, 0, 0, 4, 233.85, 1976628, 558, 0, 0
7949, 49, 214, 385, 0, 0, 26.70%, 0, 0, 4, 280.49, 1977874, 558, 0, 0
7954, 49, 255, 385, 0, 0, 26.70%, 0, 0, 4, 280.79, 1979066, 558, 0, 0
7959, 49, 52, 385, 0, 0, 26.70%, 0, 0, 4, 287.10, 1980364, 558, 0, 0
7965, 49, 313, 385, 0, 0, 26.70%, 0, 0, 4, 291.68, 1981679, 558, 0, 0
7970, 49, 270, 385, 0, 0, 26.70%, 0, 0, 4, 271.03, 1982884, 558, 0, 0
7975, 49, 290, 385, 0, 0, 26.70%, 0, 0, 4, 289.74, 1984154, 558, 0, 0
7980, 49, 179, 385, 0, 0, 26.70%, 0, 0, 4, 184.31, 1985395, 558, 0, 0
7985, 49, 292, 385, 0, 0, 26.70%, 0, 0, 4, 290.01, 1986709, 558, 0, 0
7990, 49, 292, 385, 0, 0, 26.70%, 0, 0, 4, 31.85, 1987909, 558, 0, 0
7995, 49, 270, 385, 0, 0, 26.70%, 0, 0, 4, 291.81, 1989204, 558, 0, 0
8001, 49, 242, 385, 0, 0, 26.70%, 0, 0, 4, 274.63, 1990489, 558, 0, 0
8006, 49, 255, 385, 0, 0, 26.70%, 0, 0, 4, 270.60, 1991744, 558, 0, 0
8011, 49, 270, 385, 0, 0, 26.70%, 0, 0, 4, 288.56, 1992907, 558, 0, 0
8016, 49, 214, 385, 0, 0, 26.70%, 0, 0, 4, 264.30, 1994224, 558, 0, 0
8021, 49, 236, 385, 0, 0, 26.70%, 0, 0, 4, 282.91, 1995489, 558, 0, 0
8026, 49, 313, 385, 0, 0, 26.70%, 0, 0, 4, 258.30, 1996669, 558, 0, 0
8031, 49, 344, 385, 0, 0, 26.70%, 0, 0, 4, 285.44, 1997939, 558, 0, 0
8036, 49, 262, 385, 0, 0, 26.70%, 0, 0, 4, 288.67, 1999234, 558, 0, 0
8042, 49, 338, 385, 0, 0, 26.70%, 0, 0, 4, 283.70, 2000509, 558, 0, 0
8047, 49, 164, 385, 0, 0, 26.70%, 0, 0, 4, 266.16, 2001719, 558, 0, 0
8052, 49, 47, 385, 0, 0, 26.70%, 0, 0, 4, 286.65, 2002974, 558, 0, 0
8057, 49, 236, 385, 0, 0, 26.70%, 0, 0, 4, 289.36, 2004229, 558, 0, 0
8062, 50, 344, 385, 0, 0, 26.70%, 0, 0, 4, 289.33, 2005504, 558, 0, 0
8067, 50, 242, 385, 0, 0, 26.70%, 0, 0, 4, 230.91, 2006716, 558, 0, 0
8072, 50, 167, 385, 0, 0, 26.70%, 0, 0, 4, 292.96, 2007954, 558, 0, 0
8077, 50, 214, 385, 0, 0, 26.70%, 0, 0, 4, 290.36, 2009219, 558, 0, 0
8082, 50, 220, 385, 0, 0, 26.70%, 0, 0, 4, 284.80, 2010454, 558, 0, 0
8087, 50, 344, 385, 0, 0, 26.70%, 0, 0, 4, 286.82, 2011713, 558, 0, 0
8092, 50, 265, 385, 0, 0, 26.70%, 0, 0, 4, 266.30, 2012904, 558, 0, 0
8097, 50, 233, 385, 0, 0, 26.70%, 0, 0, 4, 258.21, 2014209, 558, 0, 0
8103, 50, 59, 385, 0, 0, 26.70%, 0, 0, 4, 286.65, 2015509, 558, 0, 0
8108, 50, 214, 385, 0, 0, 26.70%, 0, 0, 4, 283.10, 2016734, 558, 0, 0
8113, 50, 333, 385, 0, 0, 26.70%, 0, 0, 4, 264.35, 2017939, 558, 0, 0
8118, 50, 350, 385, 0, 0, 26.70%, 0, 0, 4, 293.00, 2019219, 558, 0, 0
8123, 50, 333, 385, 0, 0, 26.70%, 0, 0, 4, 45.25, 2020414, 558, 0, 0
8128, 50, 167, 385, 0, 0, 26.70%, 0, 0, 4, 296.51, 2021679, 558, 0, 0
8133, 50, 52, 385, 0, 0, 26.70%, 0, 0, 4, 260.80, 2022974, 558, 0, 0
8138, 50, 102, 385, 0, 0, 26.70%, 0, 0, 4, 225.72, 2024218, 558, 0, 0
8143, 50, 233, 385, 0, 0, 26.70%, 0, 0, 4, 45.05, 2025384, 558, 0, 0
8149, 50, 242, 385, 0, 0, 26.70%, 0, 0, 4, 263.83, 2026629, 558, 0, 0
8154, 50, 46, 385, 0, 0, 26.70%, 0, 0, 4, 298.22, 2027909, 558, 0, 0
8159, 50, 163, 385, 0, 0, 26.70%, 0, 0, 4, 213.55, 2029056, 558, 0, 0
8164, 50, 233, 385, 0, 0, 26.70%, 0, 0, 4, 288.00, 2030349, 558, 0, 0
8169, 50, 214, 385, 0, 0, 26.70%, 0, 0, 4, 248.81, 2031544, 558, 0, 0
8174, 50, 340, 385, 0, 0, 26.70%, 0, 0, 4, 230.84, 2032805, 558, 0, 0
8179, 50, 238, 385, 0, 0, 26.70%, 0, 0, 4, 232.44, 2034081, 558, 0, 0
8184, 50, 270, 385, 0, 0, 26.70%, 0, 0, 4, 282.91, 2035304, 558, 0, 0
8189, 50, 109, 385, 0, 0, 26.70%, 0, 0, 4, 266.37, 2036469, 558, 0, 0
8194, 50, 266, 385, 0, 0, 26.70%, 0, 0, 4, 260.75, 2037738, 558, 0, 0
8200, 50, 364, 385, 0, 0, 26.70%, 0, 0, 4, 215.17, 2039030, 558, 0, 0
8205, 50, 7, 385, 0, 0, 26.70%, 0, 0, 4, 284.26, 2040149, 558, 0, 0
8210, 50, 266, 385, 0, 0, 26.70%, 0, 0, 4, 239.14, 2041391, 558, 0, 0
8215, 50, 242, 385, 0, 0, 26.70%, 0, 0, 4, 256.26, 2042584, 558, 0, 0
8220, 51, 326, 385, 0, 0, 26.70%, 0, 0, 4, 245.59, 2043834, 558, 0, 0
8225, 51, 52, 385, 0, 0, 26.70%, 0, 0, 4, 289.87, 2045124, 558, 0, 0
8230, 51, 49, 385, 0, 0, 26.70%, 0, 0, 4, 38.14, 2046313, 558, 0, 0
8235, 51, 233, 385, 0, 0, 26.70%, 0, 0, 4, 291.10, 2047589, 558, 0, 0
8240, 51, 150, 385, 0, 0, 26.70%, 0, 0, 4, 296.44, 2048863, 558, 0, 0
8245, 51, 163, 385, 0, 0, 26.70%, 0, 0, 4, 208.60, 2050124, 558, 0, 0
8251, 51, 313, 385, 0, 0, 26.70%, 0, 0, 4, 287.76, 2051324, 558, 0, 0
8256, 51, 364, 385, 0, 0, 26.70%, 0, 0, 4, 291.86, 2052619, 558, 0, 0
8261, 51, 226, 385, 0, 0, 26.70%, 0, 0, 4, 60.39, 2053788, 558, 0, 0
8266, 51, 109, 385, 0, 0, 26.70%, 0, 0, 4, 289.89, 2055094, 558, 0, 0
8271, 51, 112, 385, 0, 0, 26.70%, 0, 0, 4, 289.35, 2056389, 558, 0, 0
8276, 51, 163, 385, 0, 0, 26.70%, 0, 0, 4, 290.00, 2057612, 558, 0, 0
8282, 51, 193, 385, 0, 0, 26.70%, 0, 0, 4, 292.83, 2058904, 558, 0, 0
8287, 51, 270, 385, 0, 0, 26.70%, 0, 0, 4, 275.68, 2060124, 558, 0, 0
8292, 51, 195, 385, 0, 0, 26.70%, 0, 0, 4, 290.15, 2061409, 558, 0, 0
8297, 51, 242, 385, 0, 0, 26.70%, 0, 0, 4, 35.84, 2062554, 558, 0, 0
8302, 51, 350, 385, 0, 0, 26.70%, 0, 0, 4, 292.30, 2063863, 558, 0, 0
8307, 51, 52, 385, 0, 0, 26.70%, 0, 0, 4, 266.65, 2065134, 558, 0, 0
8312, 51, 333, 385, 0, 0, 26.70%, 0, 0, 4, 287.49, 2066429, 558, 0, 0
8317, 51, 234, 385, 0, 0, 26.70%, 0, 0, 4, 282.99, 2067644, 558, 0, 0
8322, 51, 47, 385, 0, 0, 26.70%, 0, 0, 4, 271.19, 2068879, 558, 0, 0
8327, 51, 82, 385, 0, 0, 26.70%, 0, 0, 4, 189.84, 2070131, 558, 0, 0
8332, 51, 179, 385, 0, 0, 26.70%, 0, 0, 4, 291.57, 2071404, 558, 0, 0
8338, 51, 120, 385, 0, 0, 26.70%, 0, 0, 4, 293.14, 2072674, 558, 0, 0
8343, 51, 125, 385, 0, 0, 26.70%, 0, 0, 4, 289.95, 2073949, 558, 0, 0
8348, 51, 340, 385, 0, 0, 26.70%, 0, 0, 4, 58.20, 2075115, 558, 0, 0
8353, 51, 73, 385, 0, 0, 26.70%, 0, 0, 4, 278.19, 2076409, 558, 0, 0
8358, 51, 52, 385, 0, 0, 26.70%, 0, 0, 4, 290.04, 2077709, 558, 0, 0
8363, 51, 139, 385, 0, 0, 26.70%, 0, 0, 4, 288.56, 2079014, 558, 0, 0
8368, 51, 63, 385, 0, 0, 26.70%, 0, 0, 4, 48.31, 2080224, 558, 0, 0
8373, 51, 49, 385, 0, 0, 26.70%, 0, 0, 4, 295.02, 2081509, 558, 0, 0
8378, 52, 327, 385, 0, 0, 26.70%, 0, 0, 4, 265.67, 2082769, 558, 0, 0
8383, 52, 292, 385, 0, 0, 26.70%, 0, 0, 4, 294.21, 2083999, 558, 0, 0
8389, 52, 76, 385, 0, 0, 26.70%, 0, 0, 4, 279.42, 2085269, 558, 0, 0
8394, 52, 340, 385, 0, 0, 26.70%, 0, 0, 4, 233.78, 2086521, 558, 0, 0
8399, 52, 120, 385, 0, 0, 26.70%, 0, 0, 4, 233.77, 2087792, 558, 0, 0
8404, 52, 350, 385, 0, 0, 26.70%, 0, 0, 4, 276.41, 2089069, 558, 0, 0
8409, 52, 109, 385, 0, 0, 26.70%, 0, 0, 4, 290.64, 2090263, 558, 0, 0
8414, 52, 326, 385, 0, 0, 26.70%, 0, 0, 4, 295.23, 2091549, 558, 0, 0
8419, 52, 364, 385, 0, 0, 26.70%, 0, 0, 4, 292.43, 2092844, 558, 0, 0
8425, 52, 204, 385, 0, 0, 26.70%, 0, 0, 4, 293.53, 2094048, 558, 0, 0
8430, 52, 333, 385, 0, 0, 26.70%, 0, 0, 4, 241.93, 2095347, 558, 0, 0
8435, 52, 139, 385, 0, 0, 26.70%, 0, 0, 4, 285.88, 2096609, 558, 0, 0
8440, 52, 23, 385, 0, 0, 26.70%, 0, 0, 4, 292.57, 2097879, 558, 0, 0
8445, 52, 163, 385, 0, 0, 26.70%, 0, 0, 4, 47.62, 2099059, 558, 0, 0
8450, 52, 24, 385, 0, 0, 26.70%, 0, 0, 4, 290.51, 2100344, 558, 0, 0
8455, 52, 115, 385, 0, 0, 26.70%, 0, 0, 4, 208.21, 2101609, 558, 0, 0
8460, 52, 247, 385, 0, 0, 26.70%, 0, 0, 4, 279.68, 2102894, 558, 0, 0
8465, 52, 383, 385, 0, 0, 26.70%, 0, 0, 4, 275.72, 2104109, 558, 0, 0
8470, 52, 234, 385, 0, 0, 26.70%, 0, 0, 4, 288.56, 2105367, 558, 0, 0
8475, 52, 163, 385, 0, 0, 26.70%, 0, 0, 4, 295.36, 2106629, 558, 0, 0
8481, 52, 233, 385, 0, 0, 26.70%, 0, 0, 4, 293.67, 2107964, 558, 0, 0
8486, 52, 226, 385, 0, 0, 26.70%, 0, 0, 4, 290.57, 2109224, 558, 0, 0
8491, 52, 236, 385, 0, 0, 26.70%, 0, 0, 4, 290.37, 2110404, 558, 0, 0
8496, 52, 262, 385, 0, 0, 26.70%, 0, 0, 4, 274.76, 2111704, 558, 0, 0
8501, 52, 338, 385, 0, 0, 26.70%, 0, 0, 4, 256.16, 2112979, 558, 0, 0
8506, 52, 49, 385, 0, 0, 26.70%, 0, 0, 4, 290.40, 2114219, 558, 0, 0
8511, 52, 120, 385, 0, 0, 26.70%, 0, 0, 4, 292.01, 2115484, 558, 0, 0
8517, 52, 370, 385, 0, 0, 26.70%, 0, 0, 4, 290.30, 2116779, 558, 0, 0
8522, 52, 195, 385, 0, 0, 26.70%, 0, 0, 4, 42.84, 2117949, 558, 0, 0
8527, 52, 49, 385, 0, 0, 26.70%, 0, 0, 4, 303.26, 2119235, 558, 0, 0
8532, 53, 134, 385, 0, 0, 26.70%, 0, 0, 4, 290.53, 2120529, 558, 0, 0
8537, 53, 340, 385, 0, 0, 26.70%, 0, 0, 4, 293.69, 2121838, 558, 0, 0
8542, 53, 242, 385, 0, 0, 26.70%, 0, 0, 4, 293.23, 2123144, 558, 0, 0
8547, 53, 204, 385, 0, 0, 26.70%, 0, 0, 4, 292.08, 2124323, 558, 0, 0
8553, 53, 270, 385, 0, 0, 26.70%, 0, 0, 4, 292.90, 2125629, 558, 0, 0
8558, 53, 167, 385, 0, 0, 26.70%, 0, 0, 4, 297.84, 2126879, 558, 0, 0
8563, 53, 59, 385, 0, 0, 26.70%, 0, 0, 4, 281.75, 2128109, 558, 0, 0
8568, 53, 266, 385, 0, 0, 26.70%, 0, 0, 4, 263.49, 2129289, 558, 0, 0
8573, 53, 52, 385, 0, 0, 26.70%, 0, 0, 4, 291.16, 2130549, 558, 0, 0
8578, 53, 344, 385, 0, 0, 26.70%, 0, 0, 4, 292.26, 2131849, 558, 0, 0
8583, 53, 364, 385, 0, 0, 26.70%, 0, 0, 4, 211.02, 2133104, 558, 0, 0
8588, 53, 47, 385, 0, 0, 26.70%, 0, 0, 4, 31.06, 2134314, 558, 0, 0
8593, 53, 164, 385, 0, 0, 26.70%, 0, 0, 4, 292.46, 2135589, 558, 0, 0
8598, 53, 262, 385, 0, 0, 26.70%, 0, 0, 4, 286.61, 2136888, 558, 0, 0
8604, 53, 313, 385, 0, 0, 26.70%, 0, 0, 4, 278.33, 2138109, 558, 0, 0
8609, 53, 266, 385, 0, 0, 26.70%, 0, 0, 4, 293.53, 2139363, 558, 0, 0
8614, 53, 214, 385, 0, 0, 26.70%, 0, 0, 4, 289.84, 2140659, 558, 0, 0
8619, 53, 67, 385, 0, 0, 26.70%, 0, 0, 4, 295.15, 2141979, 558, 0, 0
8624, 53, 36, 385, 0, 0, 26.70%, 0, 0, 4, 280.61, 2143224, 558, 0, 0
8629, 53, 214, 385, 0, 0, 26.70%, 0, 0, 4, 31.65, 2144469, 558, 0, 0
8634, 53, 49, 385, 0, 0, 26.70%, 0, 0, 4, 288.78, 2145714, 558, 0, 0
8639, 53, 49, 385, 0, 0, 26.70%, 0, 0, 4, 294.96, 2146969, 558, 0, 0
8645, 53, 146, 385, 0, 0, 26.70%, 0, 0, 4, 45.45, 2148169, 558, 0, 0
8650, 53, 139, 385, 0, 0, 26.70%, 0, 0, 4, 287.08, 2149438, 558, 0, 0
8655, 53, 364, 385, 0, 0, 26.70%, 0, 0, 4, 291.83, 2150709, 558, 0, 0
8660, 53, 170, 385, 0, 0, 26.70%, 0, 0, 4, 287.26, 2151999, 558, 0, 0
8665, 53, 195, 385, 0, 0, 26.70%, 0, 0, 4, 279.35, 2153214, 558, 0, 0
8670, 53, 338, 385, 0, 0, 26.70%, 0, 0, 4, 293.84, 2154454, 558, 0, 0
8675, 53, 164, 385, 0, 0, 26.70%, 0, 0, 4, 291.12, 2155714, 558, 0, 0
8680, 53, 66, 385, 0, 0, 26.70%, 0, 0, 4, 275.00, 2156909, 558, 0, 0
8686, 53, 340, 385, 0, 0, 26.70%, 0, 0, 4, 230.22, 2158132, 558, 0, 0
8691, 54, 326, 385, 0, 0, 26.70%, 0, 0, 4, 38.17, 2159344, 558, 0, 0
8696, 54, 167, 385, 0, 0, 26.70%, 0, 0, 4, 279.09, 2160689, 558, 0, 0
8701, 54, 5, 385, 0, 0, 26.70%, 0, 0, 4, 293.41, 2161929, 558, 0, 0
8706, 54, 46, 385, 0, 0, 26.70%, 0, 0, 4, 293.53, 2163118, 558, 0, 0
8711, 54, 350, 385, 0, 0, 26.70%, 0, 0, 4, 292.33, 2164379, 558, 0, 0
8716, 54, 59, 385, 0, 0, 26.70%, 0, 0, 4, 290.77, 2165639, 558, 0, 0
8721, 54, 47, 385, 0, 0, 26.70%, 0, 0, 4, 260.69, 2166814, 558, 0, 0
8726, 54, 59, 385, 0, 0, 26.70%, 0, 0, 4, 38.91, 2168004, 558, 0, 0
8731, 54, 49, 385, 0, 0, 26.70%, 0, 0, 4, 292.52, 2169259, 558, 0, 0
8736, 54, 338, 385, 0, 0, 26.70%, 0, 0, 4, 268.55, 2170539, 558, 0, 0
8742, 54, 199, 385, 0, 0, 26.70%, 0, 0, 4, 286.65, 2171749, 558, 0, 0
8747, 54, 120, 385, 0, 0, 26.70%, 0, 0, 4, 264.95, 2173034, 558, 0, 0
8752, 54, 46, 385, 0, 0, 26.70%, 0, 0, 4, 269.56, 2174319, 558, 0, 0
8757, 54, 258, 385, 0, 0, 26.70%, 0, 0, 4, 288.55, 2175519, 558, 0, 0
8762, 54, 146, 385, 0, 0, 26.70%, 0, 0, 4, 291.69, 2176794, 558, 0, 0
8767, 54, 272, 385, 0, 0, 26.70%, 0, 0, 4, 287.25, 2178064, 558, 0, 0
8773, 54, 195, 385, 0, 0, 26.70%, 0, 0, 4, 290.37, 2179224, 558, 0, 0
8778, 54, 262, 385, 0, 0, 26.70%, 0, 0, 4, 289.99, 2180509, 558, 0, 0
8783, 54, 49, 385, 0, 0, 26.70%, 0, 0, 4, 186.66, 2181700, 558, 0, 0
8788, 54, 330, 385, 0, 0, 26.70%, 0, 0, 4, 285.68, 2182949, 558, 0, 0
8793, 54, 214, 385, 0, 0, 26.70%, 0, 0, 4, 255.92, 2184194, 558, 0, 0
8798, 54, 49, 385, 0, 0, 26.70%, 0, 0, 4, 254.20, 2185404, 558, 0, 0
8803, 54, 163, 385, 0, 0, 26.70%, 0, 0, 4, 294.75, 2186674, 558, 0, 0
8808, 54, 164, 385, 0, 0, 26.70%, 0, 0, 4, 42.80, 2187824, 558, 0, 0
8814, 54, 255, 385, 0, 0, 26.70%, 0, 0, 4, 290.68, 2189113, 558, 0, 0
8819, 54, 107, 385, 0, 0, 26.70%, 0, 0, 4, 244.99, 2190370, 558, 0, 0
8824, 54, 52, 385, 0, 0, 26.70%, 0, 0, 4, 288.24, 2191619, 558, 0, 0
8829, 54, 256, 385, 0, 0, 26.70%, 0, 0, 4, 267.78, 2192824, 558, 0, 0
8834, 54, 344, 385, 0, 0, 26.70%, 0, 0, 4, 296.79, 2194079, 558, 0, 0
8839, 54, 268, 385, 0, 0, 26.70%, 0, 0, 4, 271.11, 2195384, 558, 0, 0
8844, 54, 163, 385, 0, 0, 26.70%, 0, 0, 4, 30.30, 2196613, 558, 0, 0
8849, 55, 49, 385, 0, 0, 26.70%, 0, 0, 4, 285.98, 2197879, 558, 0, 0
8855, 55, 193, 385, 0, 0, 26.70%, 0, 0, 4, 132.52, 2199152, 558, 0, 0
8860, 55, 49, 385, 0, 0, 26.70%, 0, 0, 4, 275.09, 2200374, 558, 0, 0
8865, 55, 63, 385, 0, 0, 26.70%, 0, 0, 4, 254.08, 2201579, 558, 0, 0
8870, 55, 82, 385, 0, 0, 26.70%, 0, 0, 4, 292.09, 2202859, 558, 0, 0
8875, 55, 355, 385, 0, 0, 26.70%, 0, 0, 4, 276.70, 2204094, 558, 0, 0
8880, 55, 266, 385, 0, 0, 26.70%, 0, 0, 4, 245.79, 2205303, 558, 0, 0
8885, 55, 234, 385, 0, 0, 26.70%, 0, 0, 4, 293.16, 2206584, 558, 0, 0
8890, 55, 197, 385, 0, 0, 26.70%, 0, 0, 4, 277.61, 2207799, 558, 0, 0
8895, 55, 350, 385, 0, 0, 26.70%, 0, 0, 4, 289.03, 2209024, 558, 0, 0
8900, 55, 344, 385, 0, 0, 26.70%, 0, 0, 4, 264.13, 2210324, 558, 0, 0
8906, 55, 330, 385, 0, 0, 26.70%, 0, 0, 4, 39.84, 2211519, 558, 0, 0
8911, 55, 242, 385, 0, 0, 26.70%, 0, 0, 4, 290.05, 2212829, 558, 0, 0
8916, 55, 270, 385, 0, 0, 26.70%, 0, 0, 4, 289.52, 2214109, 558, 0, 0
8921, 55, 170, 385, 0, 0, 26.70%, 0, 0, 4, 283.20, 2215399, 558, 0, 0
8926, 55, 340, 385, 0, 0, 26.70%, 0, 0, 4, 295.00, 2216598, 558, 0, 0
8931, 55, 330, 385, 0, 0, 26.70%, 0, 0, 4, 277.38, 2217894, 558, 0, 0
8936, 55, 234, 385, 0, 0, 26.70%, 0, 0, 4, 293.71, 2219144, 558, 0, 0
8942, 55, 313, 385, 0, 0, 26.70%, 0, 0, 4, 155.56, 2220352, 558, 0, 0
8947, 55, 170, 385, 0, 0, 26.70%, 0, 0, 4, 233.62, 2221646, 558, 0, 0
8952, 55, 139, 385, 0, 0, 26.70%, 0, 0, 4, 293.95, 2222944, 558, 0, 0
8957, 55, 233, 385, 0, 0, 26.70%, 0, 0, 4, 278.07, 2224239, 558, 0, 0
8962, 55, 326, 385, 0, 0, 26.70%, 0, 0, 4, 281.40, 2225469, 558, 0, 0
8967, 55, 52, 385, 0, 0, 26.70%, 0, 0, 4, 41.84, 2226703, 558, 0, 0
8972, 55, 53, 385, 0, 0, 26.70%, 0, 0, 4, 292.42, 2227999, 558, 0, 0
8977, 55, 116, 385, 0, 0, 26.70%, 0, 0, 4, 302.65, 2229267, 558, 0, 0
8983, 55, 59, 385, 0, 0, 26.70%, 0, 0, 4, 278.09, 2230509, 558, 0, 0
8988, 55, 340, 385, 0, 0, 26.70%, 0, 0, 4, 287.21, 2231774, 558, 0, 0
8993, 55, 242, 385, 0, 0, 26.70%, 0, 0, 4, 275.40, 2233044, 558, 0, 0
8998, 55, 255, 385, 0, 0, 26.70%, 0, 0, 4, 288.99, 2234293, 558, 0, 0
9003, 55, 253, 385, 0, 0, 26.70%, 0, 0, 4, 293.26, 2235513, 558, 0, 0
9008, 56, 255, 385, 0, 0, 26.70%, 0, 0, 4, 287.57, 2236744, 558, 0, 0
9013, 56, 49, 385, 0, 0, 26.70%, 0, 0, 4, 292.02, 2238024, 558, 0, 0
9019, 56, 204, 385, 0, 0, 26.70%, 0, 0, 4, 297.03, 2239229, 558, 0, 0
9024, 56, 266, 385, 0, 0, 26.70%, 0, 0, 4, 267.59, 2240529, 558, 0, 0
9029, 56, 49, 385, 0, 0, 26.70%, 0, 0, 4, 288.62, 2241824, 558, 0, 0
9034, 56, 214, 385, 0, 0, 26.70%, 0, 0, 4, 282.95, 2243063, 558, 0, 0
9039, 56, 382, 385, 0, 0, 26.70%, 0, 0, 4, 280.00, 2244288, 558, 0, 0
9044, 56, 195, 385, 0, 0, 26.70%, 0, 0, 4, 289.05, 2245549, 558, 0, 0
9049, 56, 95, 385, 0, 0, 26.70%, 0, 0, 4, 282.97, 2246829, 558, 0, 0
9055, 56, 47, 385, 0, 0, 26.70%, 0, 0, 4, 252.55, 2248029, 558, 0, 0
9060, 56, 176, 385, 0, 0, 26.70%, 0, 0, 4, 284.54, 2249289, 558, 0, 0
9065, 56, 347, 385, 0, 0, 26.70%, 0, 0, 4, 284.68, 2250594, 558, 0, 0
9070, 56, 202, 385, 0, 0, 26.70%, 0, 0, 4, 203.97, 2251757, 558, 0, 0
9075, 56, 330, 385, 0, 0, 26.70%, 0, 0, 4, 268.87, 2253059, 558, 0, 0
9080, 56, 330, 385, 0, 0, 26.70%, 0, 0, 4, 32.79, 2254269, 558, 0, 0
9085, 56, 146, 385, 0, 0, 26.70%, 0, 0, 4, 269.80, 2255514, 558, 0, 0
9090, 56, 163, 385, 0, 0, 26.70%, 0, 0, 4, 291.33, 2256789, 558, 0, 0
9095, 56, 364, 385, 0, 0, 26.70%, 0, 0, 4, 277.20, 2258049, 558, 0, 0
9101, 56, 360, 385, 0, 0, 26.70%, 0, 0, 4, 260.58, 2259209, 558, 0, 0
9106, 56, 146, 385, 0, 0, 26.70%, 0, 0, 4, 285.72, 2260474, 558, 0, 0
9111, 56, 179, 385, 0, 0, 26.70%, 0, 0, 4, 296.25, 2261684, 558, 0, 0
9116, 56, 242, 385, 0, 0, 26.70%, 0, 0, 4, 285.26, 2262979, 558, 0, 0
9121, 56, 139, 385, 0, 0, 26.70%, 0, 0, 4, 290.68, 2264139, 558, 0, 0
9126, 56, 163, 385, 0, 0, 26.70%, 0, 0, 4, 290.09, 2265439, 558, 0, 0
9131, 56, 198, 385, 0, 0, 26.70%, 0, 0, 4, 285.68, 2266704, 558, 0, 0
9136, 56, 270, 385, 0, 0, 26.70%, 0, 0, 4, 257.64, 2267894, 558, 0, 0
9141, 56, 266, 385, 0, 0, 26.70%, 0, 0, 4, 281.51, 2269129, 558, 0, 0
9147, 56, 49, 385, 0, 0, 26.70%, 0, 0, 4, 281.01, 2270424, 558, 0, 0
9152, 56, 55, 385, 0, 0, 26.70%, 0, 0, 4, 283.72, 2271614, 558, 0, 0
9157, 56, 97, 385, 0, 0, 26.70%, 0, 0, 4, 283.56, 2272814, 558, 0, 0
9162, 56, 326, 385, 0, 0, 26.70%, 0, 0, 4, 278.65, 2274069, 558, 0, 0
9167, 57, 214, 385, 0, 0, 26.70%, 0, 0, 4, 281.41, 2275364, 558, 0, 0
9172, 57, 4, 385, 0, 0, 26.70%, 0, 0, 4, 250.84, 2276544, 558, 0, 0
9177, 57, 246, 385, 0, 0, 26.70%, 0, 0, 4, 98.86, 2277746, 558, 0, 0
9182, 57, 165, 385, 0, 0, 26.70%, 0, 0, 4, 233.62, 2279018, 558, 0, 0
9187, 57, 146, 385, 0, 0, 26.70%, 0, 0, 4, 227.81, 2280193, 558, 0, 0
9192, 57, 350, 385, 0, 0, 26.70%, 0, 0, 4, 262.11, 2281434, 558, 0, 0
9197, 57, 262, 385, 0, 0, 26.70%, 0, 0, 4, 258.94, 2282684, 558, 0, 0
9202, 57, 236, 385, 0, 0, 26.70%, 0, 0, 4, 247.59, 2283899, 558, 0, 0
9207, 57, 109, 385, 0, 0, 26.70%, 0, 0, 4, 292.08, 2285078, 558, 0, 0
9213, 57, 139, 385, 0, 0, 26.70%, 0, 0, 4, 290.35, 2286369, 558, 0, 0
9218, 57, 164, 385, 0, 0, 26.70%, 0, 0, 4, 264.12, 2287509, 558, 0, 0
9223, 57, 234, 385, 0, 0, 26.70%, 0, 0, 4, 286.82, 2288774, 558, 0, 0
9228, 57, 139, 385, 0, 0, 26.70%, 0, 0, 4, 265.55, 2290049, 558, 0, 0
9233, 57, 46, 385, 0, 0, 26.70%, 0, 0, 4, 274.76, 2291219, 558, 0, 0
9238, 57, 139, 385, 0, 0, 26.70%, 0, 0, 4, 292.19, 2292474, 558, 0, 0
9243, 57, 326, 385, 0, 0, 26.70%, 0, 0, 4, 283.05, 2293759, 558, 0, 0
9248, 57, 117, 385, 0, 0, 26.70%, 0, 0, 4, 285.80, 2294979, 558, 0, 0
9253, 57, 52, 385, 0, 0, 26.70%, 0, 0, 4, 290.89, 2296259, 558, 0, 0
9259, 57, 338, 385, 0, 0, 26.70%, 0, 0, 4, 218.91, 2297459, 558, 0, 0
9264, 57, 338, 385, 0, 0, 26.70%, 0, 0, 4, 232.96, 2298742, 558, 0, 0
9269, 57, 266, 385, 0, 0, 26.70%, 0, 0, 4, 253.74, 2300029, 558, 0, 0
9274, 57, 376, 385, 0, 0, 26.70%, 0, 0, 4, 276.62, 2301264, 558, 0, 0
9279, 57, 167, 385, 0, 0, 26.70%, 0, 0, 4, 288.79, 2302504, 558, 0, 0
9284, 57, 333, 385, 0, 0, 26.70%, 0, 0, 4, 292.87, 2303754, 558, 0, 0
9289, 57, 52, 385, 0, 0, 26.70%, 0, 0, 4, 272.93, 2305049, 558, 0, 0
9295, 57, 146, 385, 0, 0, 26.70%, 0, 0, 4, 267.44, 2306229, 558, 0, 0
9300, 57, 46, 385, 0, 0, 26.70%, 0, 0, 4, 287.46, 2307474, 558, 0, 0
9305, 57, 326, 385, 0, 0, 26.70%, 0, 0, 4, 293.45, 2308729, 558, 0, 0
9310, 57, 270, 385, 0, 0, 26.70%, 0, 0, 4, 287.99, 2310039, 558, 0, 0
9315, 57, 344, 385, 0, 0, 26.70%, 0, 0, 4, 288.56, 2311227, 558, 0, 0
9320, 57, 47, 385, 0, 0, 26.70%, 0, 0, 4, 288.19, 2312529, 558, 0, 0
9325, 58, 330, 385, 0, 0, 26.70%, 0, 0, 4, 286.40, 2313788, 558, 0, 0
9330, 58, 242, 385, 0, 0, 26.70%, 0, 0, 4, 260.23, 2315063, 558, 0, 0
9335, 58, 338, 385, 0, 0, 26.70%, 0, 0, 4, 35.34, 2316249, 558, 0, 0
9341, 58, 350, 385, 0, 0, 26.70%, 0, 0, 4, 259.09, 2317534, 558, 0, 0
9346, 58, 240, 385, 0, 0, 26.70%, 0, 0, 4, 111.28, 2318845, 558, 0, 0
9351, 58, 52, 385, 0, 0, 26.70%, 0, 0, 4, 272.70, 2320144, 558, 0, 0
9356, 58, 333, 385, 0, 0, 26.70%, 0, 0, 4, 278.96, 2321354, 558, 0, 0
9361, 58, 367, 385, 0, 0, 26.70%, 0, 0, 4, 291.86, 2322559, 558, 0, 0
9366, 58, 49, 385, 0, 0, 26.70%, 0, 0, 4, 267.37, 2323839, 558, 0, 0
9371, 58, 163, 385, 0, 0, 26.70%, 0, 0, 4, 45.66, 2325024, 558, 0, 0
9377, 58, 120, 385, 0, 0, 26.70%, 0, 0, 4, 235.51, 2326317, 558, 0, 0
9382, 58, 167, 385, 0, 0, 26.70%, 0, 0, 4, 147.10, 2327605, 558, 0, 0
9387, 58, 236, 385, 0, 0, 26.70%, 0, 0, 4, 285.00, 2328781, 558, 0, 0
9392, 58, 1, 385, 0, 0, 26.70%, 0, 0, 4, 286.53, 2330049, 558, 0, 0
9397, 58, 46, 385, 0, 0, 26.70%, 0, 0, 4, 269.64, 2331349, 558, 0, 0
9402, 58, 255, 385, 0, 0, 26.70%, 0, 0, 4, 34.01, 2332504, 558, 0, 0
9407, 58, 139, 385, 0, 0, 26.70%, 0, 0, 4, 291.34, 2333754, 558, 0, 0
9412, 58, 73, 385, 0, 0, 26.70%, 0, 0, 4, 272.89, 2335038, 558, 0, 0
9417, 58, 374, 385, 0, 0, 26.70%, 0, 0, 4, 32.79, 2336184, 558, 0, 0
9423, 58, 146, 385, 0, 0, 26.70%, 0, 0, 4, 290.24, 2337479, 558, 0, 0
9428, 58, 344, 385, 0, 0, 26.70%, 0, 0, 4, 290.68, 2338774, 558, 0, 0
9433, 58, 150, 385, 0, 0, 26.70%, 0, 0, 4, 265.00, 2339957, 558, 0, 0
9438, 58, 270, 385, 0, 0, 26.70%, 0, 0, 4, 293.25, 2341199, 558, 0, 0
9443, 58, 330, 385, 0, 0, 26.70%, 0, 0, 4, 287.23, 2342474, 558, 0, 0
9448, 58, 280, 385, 0, 0, 26.70%, 0, 0, 4, 285.59, 2343644, 558, 0, 0
9453, 58, 170, 385, 0, 0, 26.70%, 0, 0, 4, 275.59, 2344934, 558, 0, 0
9458, 58, 330, 385, 0, 0, 26.70%, 0, 0, 4, 38.31, 2346129, 558, 0, 0
9464, 58, 76, 385, 0, 0, 26.70%, 0, 0, 4, 259.62, 2347424, 558, 0, 0
9469, 58, 264, 385, 0, 0, 26.70%, 0, 0, 4, 275.12, 2348689, 558, 0, 0
9474, 58, 163, 385, 0, 0, 26.70%, 0, 0, 4, 295.00, 2349847, 558, 0, 0
9479, 58, 196, 385, 0, 0, 26.70%, 0, 0, 4, 289.70, 2351144, 558, 0, 0
9484, 59, 195, 385, 0, 0, 26.70%, 0, 0, 4, 293.84, 2352399, 558, 0, 0
9489, 59, 246, 385, 0, 0, 26.70%, 0, 0, 4, 288.55, 2353574, 558, 0, 0
9494, 59, 47, 385, 0, 0, 26.70%, 0, 0, 4, 266.41, 2354874, 558, 0, 0
9499, 59, 239, 385, 0, 0, 26.70%, 0, 0, 4, 280.27, 2356094, 558, 0, 0
9504, 59, 133, 385, 0, 0, 26.70%, 0, 0, 4, 41.67, 2357269, 558, 0, 0
9509, 59, 361, 385, 0, 0, 26.70%, 0, 0, 4, 294.27, 2358499, 558, 0, 0
9514, 59, 214, 385, 0, 0, 26.70%, 0, 0, 4, 286.77, 2359819, 558, 0, 0
9519, 59, 204, 385, 0, 0, 26.70%, 0, 0, 4, 150.47, 2360986, 558, 0, 0
9525, 59, 270, 385, 0, 0, 26.70%, 0, 0, 4, 270.02, 2362259, 558, 0, 0
9530, 59, 214, 385, 0, 0, 26.70%, 0, 0, 4, 280.50, 2363554, 558, 0, 0
9535, 59, 364, 385, 0, 0, 26.70%, 0, 0, 4, 49.81, 2364741, 558, 0, 0
9540, 59, 52, 385, 0, 0, 26.70%, 0, 0, 4, 290.13, 2366044, 558, 0, 0
9545, 59, 105, 385, 0, 0, 26.70%, 0, 0, 4, 280.27, 2367294, 558, 0, 0
9550, 59, 75, 385, 0, 0, 26.70%, 0, 0, 4, 291.65, 2368538, 558, 0, 0
9555, 59, 266, 385, 0, 0, 26.70%, 0, 0, 4, 262.29, 2369809, 558, 0, 0
9561, 59, 326, 385, 0, 0, 26.70%, 0, 0, 4, 295.04, 2371079, 558, 0, 0
9566, 59, 11, 385, 0, 0, 26.70%, 0, 0, 4, 266.91, 2372239, 558, 0, 0
9571, 59, 43, 385, 0, 0, 26.70%, 0, 0, 4, 272.72, 2373534, 558, 0, 0
9576, 59, 234, 385, 0, 0, 26.70%, 0, 0, 4, 286.32, 2374834, 558, 0, 0
9581, 59, 163, 385, 0, 0, 26.70%, 0, 0, 4, 274.87, 2376024, 558, 0, 0
9586, 59, 344, 385, 0, 0, 26.70%, 0, 0, 4, 289.70, 2377289, 558, 0, 0
9591, 59, 236, 385, 0, 0, 26.70%, 0, 0, 4, 292.23, 2378479, 558, 0, 0
9596, 59, 146, 385, 0, 0, 26.70%, 0, 0, 4, 250.00, 2379634, 558, 0, 0
9601, 59, 292, 385, 0, 0, 26.70%, 0, 0, 4, 287.34, 2380904, 558, 0, 0
9606, 59, 333, 385, 0, 0, 26.70%, 0, 0, 4, 238.81, 2382027, 558, 0, 0
9612, 59, 276, 385, 0, 0, 26.70%, 0, 0, 4, 293.48, 2383304, 558, 0, 0
9617, 59, 340, 385, 0, 0, 26.70%, 0, 0, 4, 273.59, 2384509, 558, 0, 0
9622, 59, 270, 385, 0, 0, 26.70%, 0, 0, 4, 291.98, 2385764, 558, 0, 0
9627, 59, 204, 385, 0, 0, 26.70%, 0, 0, 4, 45.05, 2387014, 558, 0, 0
9632, 59, 109, 385, 0, 0, 26.70%, 0, 0, 4, 272.57, 2388249, 558, 0, 0
9637, 59, 158, 385, 0, 0, 26.70%, 0, 0, 4, 292.50, 2389444, 558, 0, 0
9642, 59, 234, 385, 0, 0, 26.70%, 0, 0, 4, 290.00, 2390602, 558, 0, 0
9648, 60, 59, 385, 0, 0, 26.70%, 0, 0, 4, 291.62, 2391899, 558, 0, 0
9653, 60, 170, 385, 0, 0, 26.70%, 0, 0, 4, 294.44, 2393079, 558, 0, 0
9658, 60, 115, 385, 0, 0, 26.70%, 0, 0, 4, 284.83, 2394314, 558, 0, 0
9663, 60, 236, 385, 0, 0, 26.70%, 0, 0, 4, 285.54, 2395489, 558, 0, 0
9668, 60, 179, 385, 0, 0, 26.70%, 0, 0, 4, 34.13, 2396664, 558, 0, 0
9673, 60, 262, 385, 0, 0, 26.70%, 0, 0, 4, 275.34, 2397964, 558, 0, 0
9679, 60, 46, 385, 0, 0, 26.70%, 0, 0, 4, 284.98, 2399129, 558, 0, 0
9684, 60, 78, 385, 0, 0, 26.70%, 0, 0, 4, 294.54, 2400409, 558, 0, 0
9689, 60, 129, 385, 0, 0, 26.70%, 0, 0, 4, 194.71, 2401541, 558, 0, 0
9694, 60, 204, 385, 0, 0, 26.70%, 0, 0, 4, 281.44, 2402764, 558, 0, 0
9699, 60, 236, 385, 0, 0, 26.70%, 0, 0, 4, 287.41, 2403994, 558, 0, 0
9704, 60, 270, 385, 0, 0, 26.70%, 0, 0, 4, 286.40, 2405224, 558, 0, 0
9709, 60, 236, 385, 0, 0, 26.70%, 0, 0, 4, 231.58, 2406398, 558, 0, 0
9714, 60, 163, 385, 0, 0, 26.70%, 0, 0, 4, 234.50, 2407662, 558, 0, 0
9719, 60, 311, 385, 0, 0, 26.70%, 0, 0, 4, 264.99, 2408869, 558, 0, 0
9724, 60, 52, 385, 0, 0, 26.70%, 0, 0, 4, 273.18, 2410159, 558, 0, 0
9729, 60, 333, 385, 0, 0, 26.70%, 0, 0, 4, 276.36, 2411419, 558, 0, 0
9734, 60, 115, 385, 0, 0, 26.70%, 0, 0, 4, 41.61, 2412555, 558, 0, 0
9740, 60, 242, 385, 0, 0, 26.70%, 0, 0, 4, 286.45, 2413849, 558, 0, 0
9745, 60, 340, 385, 0, 0, 26.70%, 0, 0, 4, 290.15, 2415094, 558, 0, 0
9750, 60, 350, 385, 0, 0, 26.70%, 0, 0, 4, 284.24, 2416379, 558, 0, 0
9755, 60, 195, 385, 0, 0, 26.70%, 0, 0, 4, 254.63, 2417634, 558, 0, 0
9760, 60, 236, 385, 0, 0, 26.70%, 0, 0, 4, 269.78, 2418884, 558, 0, 0
9765, 60, 115, 385, 0, 0, 26.70%, 0, 0, 4, 292.37, 2420129, 558, 0, 0
9770, 60, 270, 385, 0, 0, 26.70%, 0, 0, 4, 288.12, 2421379, 558, 0, 0
9775, 60, 46, 385, 0, 0, 26.70%, 0, 0, 4, 286.43, 2422629, 558, 0, 0
9780, 60, 266, 385, 0, 0, 26.70%, 0, 0, 4, 34.60, 2423844, 558, 0, 0
9786, 60, 234, 385, 0, 0, 26.70%, 0, 0, 4, 267.81, 2425114, 558, 0, 0
9791, 60, 350, 385, 0, 0, 26.70%, 0, 0, 4, 290.07, 2426424, 558, 0, 0
9796, 60, 126, 385, 0, 0, 26.70%, 0, 0, 4, 268.52, 2427739, 558, 0, 0
9801, 60, 262, 385, 0, 0, 26.70%, 0, 0, 4, 262.98, 2428924, 558, 0, 0
9806, 61, 69, 385, 0, 0, 26.70%, 0, 0, 4, 300.38, 2430225, 558, 0, 0
9811, 61, 139, 385, 0, 0, 26.70%, 0, 0, 4, 292.93, 2431529, 558, 0, 0
9817, 61, 382, 385, 0, 0, 26.70%, 0, 0, 4, 260.37, 2432754, 558, 0, 0
9822, 61, 204, 385, 0, 0, 26.70%, 0, 0, 4, 290.00, 2433987, 558, 0, 0
9827, 61, 313, 385, 0, 0, 26.70%, 0, 0, 4, 294.95, 2435254, 558, 0, 0
9832, 61, 55, 385, 0, 0, 26.70%, 0, 0, 4, 286.81, 2436514, 558, 0, 0
9837, 61, 313, 385, 0, 0, 26.70%, 0, 0, 4, 49.75, 2437694, 558, 0, 0
9842, 61, 49, 385, 0, 0, 26.70%, 0, 0, 4, 285.84, 2439004, 558, 0, 0
9847, 61, 330, 385, 0, 0, 26.70%, 0, 0, 4, 292.14, 2440304, 558, 0, 0
9852, 61, 330, 385, 0, 0, 26.70%, 0, 0, 4, 285.00, 2441496, 558, 0, 0
9858, 61, 350, 385, 0, 0, 26.70%, 0, 0, 4, 289.96, 2442769, 558, 0, 0
9863, 61, 120, 385, 0, 0, 26.70%, 0, 0, 4, 40.00, 2443964, 558, 0, 0
9868, 61, 326, 385, 0, 0, 26.70%, 0, 0, 4, 287.38, 2445224, 558, 0, 0
9873, 61, 158, 385, 0, 0, 26.70%, 0, 0, 4, 271.73, 2446509, 558, 0, 0
9878, 61, 313, 385, 0, 0, 26.70%, 0, 0, 4, 271.22, 2447749, 558, 0, 0
9883, 61, 217, 385, 0, 0, 26.70%, 0, 0, 4, 291.72, 2448929, 558, 0, 0
9888, 61, 46, 385, 0, 0, 26.70%, 0, 0, 4, 263.87, 2450224, 558, 0, 0
9893, 61, 248, 385, 0, 0, 26.70%, 0, 0, 4, 279.04, 2451429, 558, 0, 0
9898, 61, 344, 385, 0, 0, 26.70%, 0, 0, 4, 287.72, 2452644, 558, 0, 0
9903, 61, 146, 385, 0, 0, 26.70%, 0, 0, 4, 293.27, 2453949, 558, 0, 0
9909, 61, 236, 385, 0, 0, 26.70%, 0, 0, 4, 263.37, 2455114, 558, 0, 0
9914, 61, 214, 385, 0, 0, 26.70%, 0, 0, 4, 255.32, 2456414, 558, 0, 0
9919, 61, 236, 385, 0, 0, 26.70%, 0, 0, 4, 284.88, 2457669, 558, 0, 0
9924, 61, 262, 385, 0, 0, 26.70%, 0, 0, 4, 46.14, 2458853, 558, 0, 0
9929, 61, 204, 385, 0, 0, 26.70%, 0, 0, 4, 293.61, 2460114, 558, 0, 0
9934, 61, 84, 385, 0, 0, 26.70%, 0, 0, 4, 285.47, 2461384, 558, 0, 0
9939, 61, 214, 385, 0, 0, 26.70%, 0, 0, 4, 274.48, 2462594, 558, 0, 0
9944, 61, 292, 385, 0, 0, 26.70%, 0, 0, 4, 291.64, 2463838, 558, 0, 0
9949, 61, 234, 385, 0, 0, 26.70%, 0, 0, 4, 283.25, 2465099, 558, 0, 0
9954, 61, 120, 385, 0, 0, 26.70%, 0, 0, 4, 282.18, 2466271, 558, 0, 0
9960, 61, 225, 385, 0, 0, 26.70%, 0, 0, 4, 291.59, 2467559, 558, 0, 0
9965, 62, 202, 385, 0, 0, 26.70%, 0, 0, 4, 256.32, 2468734, 558, 0, 0
9970, 62, 255, 385, 0, 0, 26.70%, 0, 0, 4, 254.74, 2470034, 558, 0, 0
9975, 62, 376, 385, 0, 0, 26.70%, 0, 0, 4, 245.29, 2471279, 558, 0, 0
9980, 62, 126, 385, 0, 0, 26.70%, 0, 0, 4, 285.41, 2472554, 558, 0, 0
9986, 62, 270, 385, 0, 0, 26.70%, 0, 0, 4, 31.53, 2473781, 558, 0, 0
9991, 62, 364, 385, 0, 0, 26.70%, 0, 0, 4, 292.33, 2475014, 558, 0, 0
9996, 62, 209, 385, 0, 0, 26.70%, 0, 0, 4, 246.75, 2476248, 558, 0, 0
10001, 62, 236, 385, 0, 0, 26.70%, 0, 0, 4, 265.84, 2477454, 558, 0, 0
10006, 62, 224, 385, 0, 0, 26.70%, 0, 0, 4, 289.23, 2478724, 558, 0, 0
10011, 62, 330, 385, 0, 0, 26.70%, 0, 0, 4, 215.03, 2480004, 558, 0, 0
10016, 62, 215, 385, 0, 0, 26.70%, 0, 0, 4, 290.00, 2481177, 558, 0, 0
10021, 62, 236, 385, 0, 0, 26.70%, 0, 0, 4, 289.45, 2482424, 558, 0, 0
10026, 62, 242, 385, 0, 0, 26.70%, 0, 0, 4, 43.48, 2483584, 558, 0, 0
10031, 62, 146, 385, 0, 0, 26.70%, 0, 0, 4, 212.44, 2484812, 558, 0, 0
10037, 62, 326, 385, 0, 0, 26.70%, 0, 0, 4, 31.13, 2486016, 558, 0, 0
10042, 62, 119, 385, 0, 0, 26.70%, 0, 0, 4, 281.84, 2487294, 558, 0, 0
10047, 62, 281, 385, 0, 0, 26.70%, 0, 0, 4, 281.32, 2488579, 558, 0, 0
10052, 62, 163, 385, 0, 0, 26.70%, 0, 0, 4, 286.52, 2489789, 558, 0, 0
10057, 62, 279, 385, 0, 0, 26.70%, 0, 0, 4, 277.24, 2490984, 558, 0, 0
10062, 62, 97, 385, 0, 0, 26.70%, 0, 0, 4, 269.89, 2492334, 558, 0, 0
10067, 62, 214, 385, 0, 0, 26.70%, 0, 0, 4, 180.93, 2493520, 558, 0, 0
10072, 62, 338, 385, 0, 0, 26.70%, 0, 0, 4, 289.32, 2494774, 558, 0, 0
10077, 62, 139, 385, 0, 0, 26.70%, 0, 0, 4, 279.75, 2496014, 558, 0, 0
10083, 62, 153, 385, 0, 0, 26.70%, 0, 0, 4, 288.80, 2497204, 558, 0, 0
10088, 62, 47, 385, 0, 0, 26.70%, 0, 0, 4, 279.66, 2498474, 558, 0, 0
10093, 62, 167, 385, 0, 0, 26.70%, 0, 0, 4, 34.36, 2499734, 558, 0, 0
10098, 62, 330, 385, 0, 0, 26.70%, 0, 0, 4, 288.78, 2500954, 558, 0, 0
10103, 62, 234, 385, 0, 0, 26.70%, 0, 0, 4, 289.59, 2502239, 558, 0, 0
10108, 62, 313, 385, 0, 0, 26.70%, 0, 0, 4, 278.80, 2503439, 558, 0, 0
10113, 62, 115, 385, 0, 0, 26.70%, 0, 0, 4, 269.54, 2504634, 558, 0, 0
10118, 62, 340, 385, 0, 0, 26.70%, 0, 0, 4, 291.89, 2505914, 558, 0, 0
10123, 63, 345, 385, 0, 0, 26.70%, 0, 0, 4, 292.08, 2507058, 558, 0, 0
10128, 63, 93, 385, 0, 0, 26.70%, 0, 0, 4, 291.87, 2508304, 558, 0, 0
10134, 63, 114, 385, 0, 0, 26.70%, 0, 0, 4, 227.92, 2509487, 558, 0, 0
10139, 63, 234, 385, 0, 0, 26.70%, 0, 0, 4, 264.41, 2510864, 558, 0, 0
10144, 63, 262, 385, 0, 0, 26.70%, 0, 0, 4, 288.52, 2512029, 558, 0, 0
10149, 63, 366, 385, 0, 0, 26.70%, 0, 0, 4, 31.45, 2513244, 558, 0, 0
10154, 63, 179, 385, 0, 0, 26.70%, 0, 0, 4, 263.93, 2514489, 558, 0, 0
10159, 63, 270, 385, 0, 0, 26.70%, 0, 0, 4, 261.28, 2515719, 558, 0, 0
10165, 63, 131, 385, 0, 0, 26.70%, 0, 0, 4, 290.06, 2516994, 558, 0, 0
10170, 63, 255, 385, 0, 0, 26.70%, 0, 0, 4, 291.98, 2518144, 558, 0, 0
10175, 63, 120, 385, 0, 0, 26.70%, 0, 0, 4, 286.60, 2519379, 558, 0, 0
10180, 63, 314, 385, 0, 0, 26.70%, 0, 0, 4, 251.96, 2520539, 558, 0, 0
10185, 63, 350, 385, 0, 0, 26.70%, 0, 0, 4, 45.66, 2521819, 558, 0, 0
10190, 63, 117, 385, 0, 0, 26.70%, 0, 0, 4, 290.15, 2523069, 558, 0, 0
10195, 63, 73, 385, 0, 0, 26.70%, 0, 0, 4, 290.65, 2524339, 558, 0, 0
10200, 63, 170, 385, 0, 0, 26.70%, 0, 0, 4, 39.06, 2525544, 558, 0, 0
10205, 63, 376, 385, 0, 0, 26.70%, 0, 0, 4, 293.04, 2526759, 558, 0, 0
10210, 63, 330, 385, 0, 0, 26.70%, 0, 0, 4, 236.74, 2528051, 558, 0, 0
10215, 63, 52, 385, 0, 0, 26.70%, 0, 0, 4, 41.90, 2529224, 558, 0, 0
10221, 63, 239, 385, 0, 0, 26.70%, 0, 0, 4, 295.34, 2530504, 558, 0, 0
10226, 63, 115, 385, 0, 0, 26.70%, 0, 0, 4, 126.09, 2531745, 558, 0, 0
10231, 63, 350, 385, 0, 0, 26.70%, 0, 0, 4, 230.44, 2532995, 558, 0, 0
10236, 63, 47, 385, 0, 0, 26.70%, 0, 0, 4, 289.98, 2534194, 558, 0, 0
10241, 63, 163, 385, 0, 0, 26.70%, 0, 0, 4, 296.20, 2535479, 558, 0, 0
10246, 63, 195, 385, 0, 0, 26.70%, 0, 0, 4, 280.08, 2536734, 558, 0, 0
10251, 63, 214, 385, 0, 0, 26.70%, 0, 0, 4, 36.10, 2537944, 558, 0, 0
10256, 63, 270, 385, 0, 0, 26.70%, 0, 0, 4, 271.78, 2539214, 558, 0, 0
10262, 63, 49, 385, 0, 0, 26.70%, 0, 0, 4, 291.78, 2540504, 558, 0, 0
10267, 63, 255, 385, 0, 0, 26.70%, 0, 0, 4, 284.96, 2541804, 558, 0, 0
10272, 63, 233, 385, 0, 0, 26.70%, 0, 0, 4, 273.88, 2542979, 558, 0, 0
10277, 63, 364, 385, 0, 0, 26.70%, 0, 0, 4, 293.12, 2544274, 558, 0, 0
10282, 64, 46, 385, 0, 0, 26.70%, 0, 0, 4, 254.85, 2545549, 558, 0, 0
10287, 64, 195, 385, 0, 0, 26.70%, 0, 0, 4, 291.49, 2546854, 558, 0, 0
10293, 64, 74, 385, 0, 0, 26.70%, 0, 0, 4, 278.69, 2548109, 558, 0, 0
10298, 64, 313, 385, 0, 0, 26.70%, 0, 0, 4, 260.00, 2549351, 558, 0, 0
10303, 64, 354, 385, 0, 0, 26.70%, 0, 0, 4, 297.97, 2550624, 558, 0, 0
10308, 64, 255, 385, 0, 0, 26.70%, 0, 0, 4, 289.74, 2551934, 558, 0, 0
10313, 64, 193, 385, 0, 0, 26.70%, 0, 0, 4, 287.36, 2553229, 558, 0, 0
10318, 64, 139, 385, 0, 0, 26.70%, 0, 0, 4, 277.13, 2554434, 558, 0, 0
10323, 64, 350, 385, 0, 0, 26.70%, 0, 0, 4, 262.69, 2555654, 558, 0, 0
10328, 64, 59, 385, 0, 0, 26.70%, 0, 0, 4, 277.81, 2556944, 558, 0, 0
10333, 64, 330, 385, 0, 0, 26.70%, 0, 0, 4, 258.05, 2558224, 558, 0, 0
10339, 64, 242, 385, 0, 0, 26.70%, 0, 0, 4, 290.00, 2559409, 558, 0, 0
10344, 64, 236, 385, 0, 0, 26.70%, 0, 0, 4, 281.91, 2560699, 558, 0, 0
10349, 64, 115, 385, 0, 0, 26.70%, 0, 0, 4, 297.19, 2561994, 558, 0, 0
10354, 64, 313, 385, 0, 0, 26.70%, 0, 0, 4, 284.61, 2563229, 558, 0, 0
10359, 64, 326, 385, 0, 0, 26.70%, 0, 0, 4, 82.34, 2564447, 558, 0, 0
10364, 64, 262, 385, 0, 0, 26.70%, 0, 0, 4, 285.94, 2565724, 558, 0, 0
10369, 64, 350, 385, 0, 0, 26.70%, 0, 0, 4, 288.57, 2567013, 558, 0, 0
10374, 64, 146, 385, 0, 0, 26.70%, 0, 0, 4, 290.00, 2568187, 558, 0, 0
10380, 64, 246, 385, 0, 0, 26.70%, 0, 0, 4, 293.52, 2569464, 558, 0, 0
10385, 64, 233, 385, 0, 0, 26.70%, 0, 0, 4, 292.53, 2570739, 558, 0, 0
10390, 64, 333, 385, 0, 0, 26.70%, 0, 0, 4, 249.73, 2571874, 558, 0, 0
10395, 64, 247, 385, 0, 0, 26.70%, 0, 0, 4, 289.77, 2573134, 558, 0, 0
10400, 64, 326, 385, 0, 0, 26.70%, 0, 0, 4, 296.77, 2574404, 558, 0, 0
10405, 64, 236, 385, 0, 0, 26.70%, 0, 0, 4, 268.65, 2575664, 558, 0, 0
10410, 64, 46, 385, 0, 0, 26.70%, 0, 0, 4, 288.68, 2576889, 558, 0, 0
10415, 64, 195, 385, 0, 0, 26.70%, 0, 0, 4, 294.30, 2578129, 558, 0, 0
10420, 64, 326, 385, 0, 0, 26.70%, 0, 0, 4, 195.37, 2579404, 558, 0, 0
10426, 64, 163, 385, 0, 0, 26.70%, 0, 0, 4, 258.10, 2580699, 558, 0, 0
10431, 64, 291, 385, 0, 0, 26.70%, 0, 0, 4, 56.01, 2581846, 558, 0, 0
10436, 64, 120, 385, 0, 0, 26.70%, 0, 0, 4, 290.72, 2583149, 558, 0, 0
10441, 65, 236, 385, 0, 0, 26.70%, 0, 0, 4, 278.41, 2584459, 558, 0, 0
10446, 65, 167, 385, 0, 0, 26.70%, 0, 0, 4, 265.82, 2585724, 558, 0, 0
10451, 65, 205, 385, 0, 0, 26.70%, 0, 0, 4, 285.00, 2586906, 558, 0, 0
10456, 65, 120, 385, 0, 0, 26.70%, 0, 0, 4, 293.18, 2588199, 558, 0, 0
10461, 65, 164, 385, 0, 0, 26.70%, 0, 0, 4, 289.82, 2589444, 558, 0, 0
10466, 65, 115, 385, 0, 0, 26.70%, 0, 0, 4, 42.86, 2590615, 558, 0, 0
10472, 65, 214, 385, 0, 0, 26.70%, 0, 0, 4, 271.39, 2591884, 558, 0, 0
10477, 65, 364, 385, 0, 0, 26.70%, 0, 0, 4, 288.23, 2593174, 558, 0, 0
10482, 65, 233, 385, 0, 0, 26.70%, 0, 0, 4, 192.55, 2594414, 558, 0, 0
10487, 65, 59, 385, 0, 0, 26.70%, 0, 0, 4, 271.12, 2595679, 558, 0, 0
10492, 65, 97, 385, 0, 0, 26.70%, 0, 0, 4, 272.48, 2596894, 558, 0, 0
10497, 65, 52, 385, 0, 0, 26.70%, 0, 0, 4, 291.82, 2598149, 558, 0, 0
10502, 65, 249, 385, 0, 0, 26.70%, 0, 0, 4, 272.39, 2599439, 558, 0, 0
10507, 65, 109, 385, 0, 0, 26.70%, 0, 0, 4, 294.53, 2600744, 558, 0, 0
10513, 65, 255, 385, 0, 0, 26.70%, 0, 0, 4, 287.13, 2601932, 558, 0, 0
10518, 65, 338, 385, 0, 0, 26.70%, 0, 0, 4, 270.53, 2603214, 558, 0, 0
10523, 65, 191, 385, 0, 0, 26.70%, 0, 0, 4, 265.19, 2604479, 558, 0, 0
10528, 65, 333, 385, 0, 0, 26.70%, 0, 0, 4, 262.70, 2605624, 558, 0, 0
10533, 65, 204, 385, 0, 0, 26.70%, 0, 0, 4, 224.10, 2606863, 558, 0, 0
10538, 65, 170, 385, 0, 0, 26.70%, 0, 0, 4, 274.46, 2608149, 558, 0, 0
10543, 65, 223, 385, 0, 0, 26.70%, 0, 0, 4, 279.39, 2609354, 558, 0, 0
10548, 65, 266, 385, 0, 0, 26.70%, 0, 0, 4, 268.75, 2610579, 558, 0, 0
10553, 65, 142, 385, 0, 0, 26.70%, 0, 0, 4, 298.69, 2611874, 558, 0, 0
10558, 65, 47, 385, 0, 0, 26.70%, 0, 0, 4, 252.48, 2613050, 558, 0, 0
10564, 65, 157, 385, 0, 0, 26.70%, 0, 0, 4, 289.07, 2614324, 558, 0, 0
10569, 65, 163, 385, 0, 0, 26.70%, 0, 0, 4, 34.48, 2615509, 558, 0, 0
10574, 65, 167, 385, 0, 0, 26.70%, 0, 0, 4, 287.18, 2616794, 558, 0, 0
10579, 65, 237, 385, 0, 0, 26.70%, 0, 0, 4, 287.93, 2618069, 558, 0, 0
10584, 65, 330, 385, 0, 0, 26.70%, 0, 0, 4, 280.27, 2619284, 558, 0, 0
10589, 65, 52, 385, 0, 0, 26.70%, 0, 0, 4, 257.55, 2620514, 558, 0, 0
10594, 65, 234, 385, 0, 0, 26.70%, 0, 0, 4, 228.40, 2621822, 558, 0, 0
10600, 66, 167, 385, 0, 0, 26.70%, 0, 0, 4, 288.56, 2623012, 558, 0, 0
10605, 66, 134, 385, 0, 0, 26.70%, 0, 0, 4, 273.93, 2624289, 558, 0, 0
10610, 66, 350, 385, 0, 0, 26.70%, 0, 0, 4, 292.79, 2625564, 558, 0, 0
10615, 66, 115, 385, 0, 0, 26.70%, 0, 0, 4, 251.63, 2626738, 558, 0, 0
10620, 66, 170, 385, 0, 0, 26.70%, 0, 0, 4, 290.71, 2628024, 558, 0, 0
10625, 66, 341, 385, 0, 0, 26.70%, 0, 0, 4, 290.59, 2629314, 558, 0, 0
10630, 66, 236, 385, 0, 0, 26.70%, 0, 0, 4, 34.63, 2630557, 558, 0, 0
10635, 66, 340, 385, 0, 0, 26.70%, 0, 0, 4, 288.56, 2631782, 558, 0, 0
10641, 66, 170, 385, 0, 0, 26.70%, 0, 0, 4, 191.64, 2632985, 558, 0, 0
10646, 66, 338, 385, 0, 0, 26.70%, 0, 0, 4, 288.65, 2634259, 558, 0, 0
10651, 66, 266, 385, 0, 0, 26.70%, 0, 0, 4, 290.13, 2635444, 558, 0, 0
10656, 66, 92, 385, 0, 0, 26.70%, 0, 0, 4, 52.45, 2636699, 558, 0, 0
10661, 66, 266, 385, 0, 0, 26.70%, 0, 0, 4, 289.71, 2637914, 558, 0, 0
10666, 66, 338, 385, 0, 0, 26.70%, 0, 0, 4, 285.42, 2639169, 558, 0, 0
10671, 66, 364, 385, 0, 0, 26.70%, 0, 0, 4, 194.80, 2640376, 558, 0, 0
10676, 66, 59, 385, 0, 0, 26.70%, 0, 0, 4, 268.67, 2641639, 558, 0, 0
10682, 66, 120, 385, 0, 0, 26.70%, 0, 0, 4, 44.51, 2642844, 558, 0, 0
10687, 66, 146, 385, 0, 0, 26.70%, 0, 0, 4, 284.10, 2644119, 558, 0, 0
10692, 66, 270, 385, 0, 0, 26.70%, 0, 0, 4, 285.78, 2645404, 558, 0, 0
10697, 66, 164, 385, 0, 0, 26.70%, 0, 0, 4, 293.03, 2646609, 558, 0, 0
10702, 66, 364, 385, 0, 0, 26.70%, 0, 0, 4, 270.70, 2647869, 558, 0, 0
10707, 66, 346, 385, 0, 0, 26.70%, 0, 0, 4, 227.72, 2649070, 558, 0, 0
10713, 66, 46, 385, 0, 0, 26.70%, 0, 0, 4, 240.45, 2650359, 558, 0, 0
10718, 66, 66, 385, 0, 0, 26.70%, 0, 0, 4, 245.73, 2651635, 558, 0, 0
10723, 66, 333, 385, 0, 0, 26.70%, 0, 0, 4, 263.97, 2652804, 558, 0, 0
10728, 66, 344, 385, 0, 0, 26.70%, 0, 0, 4, 288.71, 2654054, 558, 0, 0
10733, 66, 234, 385, 0, 0, 26.70%, 0, 0, 4, 287.42, 2655349, 558, 0, 0
10738, 66, 233, 385, 0, 0, 26.70%, 0, 0, 4, 34.01, 2656539, 558, 0, 0
10743, 66, 52, 385, 0, 0, 26.70%, 0, 0, 4, 289.42, 2657774, 558, 0, 0
10748, 66, 49, 385, 0, 0, 26.70%, 0, 0, 4, 283.54, 2659064, 558, 0, 0
10753, 66, 95, 385, 0, 0, 26.70%, 0, 0, 4, 261.16, 2660219, 558, 0, 0
10759, 67, 232, 385, 0, 0, 26.70%, 0, 0, 4, 272.28, 2661488, 558, 0, 0
10764, 67, 120, 385, 0, 0, 26.70%, 0, 0, 4, 290.94, 2662754, 558, 0, 0
10769, 67, 73, 385, 0, 0, 26.70%, 0, 0, 4, 283.13, 2664009, 558, 0, 0
10774, 67, 313, 385, 0, 0, 26.70%, 0, 0, 4, 288.86, 2665238, 558, 0, 0
10779, 67, 100, 385, 0, 0, 26.70%, 0, 0, 4, 274.29, 2666464, 558, 0, 0
10784, 67, 338, 385, 0, 0, 26.70%, 0, 0, 4, 274.94, 2667664, 558, 0, 0
10789, 67, 236, 385, 0, 0, 26.70%, 0, 0, 4, 294.53, 2668919, 558, 0, 0
10794, 67, 49, 385, 0, 0, 26.70%, 0, 0, 4, 289.57, 2670219, 558, 0, 0
10799, 67, 172, 385, 0, 0, 26.70%, 0, 0, 4, 35.56, 2671352, 558, 0, 0
10804, 67, 158, 385, 0, 0, 26.70%, 0, 0, 4, 274.45, 2672624, 558, 0, 0
10810, 67, 330, 385, 0, 0, 26.70%, 0, 0, 4, 278.95, 2673874, 558, 0, 0
10815, 67, 242, 385, 0, 0, 26.70%, 0, 0, 4, 263.17, 2675119, 558, 0, 0
10820, 67, 204, 385, 0, 0, 26.70%, 0, 0, 4, 250.31, 2676331, 558, 0, 0
10825, 67, 67, 385, 0, 0, 26.70%, 0, 0, 4, 214.13, 2677623, 558, 0, 0
10830, 67, 326, 385, 0, 0, 26.70%, 0, 0, 4, 276.86, 2678894, 558, 0, 0
10835, 67, 64, 385, 0, 0, 26.70%, 0, 0, 4, 31.37, 2680107, 558, 0, 0
10840, 67, 344, 385, 0, 0, 26.70%, 0, 0, 4, 285.84, 2681359, 558, 0, 0
10845, 67, 167, 385, 0, 0, 26.70%, 0, 0, 4, 283.74, 2682609, 558, 0, 0
10850, 67, 120, 385, 0, 0, 26.70%, 0, 0, 4, 290.69, 2683884, 558, 0, 0
10856, 67, 179, 385, 0, 0, 26.70%, 0, 0, 4, 272.57, 2685129, 558, 0, 0
10861, 67, 209, 385, 0, 0, 26.70%, 0, 0, 4, 268.00, 2686374, 558, 0, 0
10866, 67, 236, 385, 0, 0, 26.70%, 0, 0, 4, 294.17, 2687664, 558, 0, 0
10871, 67, 73, 385, 0, 0, 26.70%, 0, 0, 4, 234.74, 2688905, 558, 0, 0
10876, 67, 215, 385, 0, 0, 26.70%, 0, 0, 4, 30.86, 2690109, 558, 0, 0
10881, 67, 204, 385, 0, 0, 26.70%, 0, 0, 4, 294.56, 2691374, 558, 0, 0
10886, 67, 326, 385, 0, 0, 26.70%, 0, 0, 4, 274.88, 2692679, 558, 0, 0
10892, 67, 167, 385, 0, 0, 26.70%, 0, 0, 4, 295.57, 2693879, 558, 0, 0
10897, 67, 125, 385, 0, 0, 26.70%, 0, 0, 4, 272.24, 2695134, 558, 0, 0
10902, 67, 120, 385, 0, 0, 26.70%, 0, 0, 4, 275.84, 2696384, 558, 0, 0
10907, 67, 139, 385, 0, 0, 26.70%, 0, 0, 4, 285.57, 2697634, 558, 0, 0
10912, 67, 179, 385, 0, 0, 26.70%, 0, 0, 4, 290.17, 2698839, 558, 0, 0
10917, 68, 333, 385, 0, 0, 26.70%, 0, 0, 4, 265.15, 2700084, 558, 0, 0
10922, 68, 364, 385, 0, 0, 26.70%, 0, 0, 4, 250.74, 2701324, 558, 0, 0
10927, 68, 266, 385, 0, 0, 26.70%, 0, 0, 4, 292.88, 2702559, 558, 0, 0
10932, 68, 167, 385, 0, 0, 26.70%, 0, 0, 4, 287.02, 2703854, 558, 0, 0
10938, 68, 164, 385, 0, 0, 26.70%, 0, 0, 4, 266.96, 2705019, 558, 0, 0
10943, 68, 366, 385, 0, 0, 26.70%, 0, 0, 4, 273.88, 2706309, 558, 0, 0
10948, 68, 270, 385, 0, 0, 26.70%, 0, 0, 4, 289.17, 2707614, 558, 0, 0
10953, 68, 338, 385, 0, 0, 26.70%, 0, 0, 4, 202.23, 2708808, 558, 0, 0
10958, 68, 163, 385, 0, 0, 26.70%, 0, 0, 4, 207.99, 2710078, 558, 0, 0
10963, 68, 330, 385, 0, 0, 26.70%, 0, 0, 4, 278.30, 2711324, 558, 0, 0
10968, 68, 281, 385, 0, 0, 26.70%, 0, 0, 4, 39.86, 2712524, 558, 0, 0
10974, 68, 330, 385, 0, 0, 26.70%, 0, 0, 4, 237.51, 2713830, 558, 0, 0
10979, 68, 109, 385, 0, 0, 26.70%, 0, 0, 4, 289.07, 2715109, 558, 0, 0
10984, 68, 233, 385, 0, 0, 26.70%, 0, 0, 4, 34.60, 2716244, 558, 0, 0
10989, 68, 266, 385, 0, 0, 26.70%, 0, 0, 4, 297.71, 2717529, 558, 0, 0
10994, 68, 201, 385, 0, 0, 26.70%, 0, 0, 4, 286.79, 2718829, 558, 0, 0
10999, 68, 163, 385, 0, 0, 26.70%, 0, 0, 4, 250.54, 2720035, 558, 0, 0
11004, 68, 246, 385, 0, 0, 26.70%, 0, 0, 4, 291.63, 2721279, 558, 0, 0
11010, 68, 97, 385, 0, 0, 26.70%, 0, 0, 4, 265.48, 2722549, 558, 0, 0
11015, 68, 49, 385, 0, 0, 26.70%, 0, 0, 4, 289.81, 2723779, 558, 0, 0
11020, 68, 340, 385, 0, 0, 26.70%, 0, 0, 4, 293.33, 2725019, 558, 0, 0
11025, 68, 139, 385, 0, 0, 26.70%, 0, 0, 4, 267.80, 2726319, 558, 0, 0
11030, 68, 234, 385, 0, 0, 26.70%, 0, 0, 4, 43.67, 2727509, 558, 0, 0
11035, 68, 233, 385, 0, 0, 26.70%, 0, 0, 4, 290.28, 2728774, 558, 0, 0
11040, 68, 118, 385, 0, 0, 26.70%, 0, 0, 4, 270.62, 2730054, 558, 0, 0
11046, 68, 270, 385, 0, 0, 26.70%, 0, 0, 4, 267.34, 2731209, 558, 0, 0
11051, 68, 376, 385, 0, 0, 26.70%, 0, 0, 4, 285.22, 2732479, 558, 0, 0
11056, 68, 242, 385, 0, 0, 26.70%, 0, 0, 4, 285.61, 2733779, 558, 0, 0
11061, 68, 163, 385, 0, 0, 26.70%, 0, 0, 4, 294.49, 2735069, 558, 0, 0
11066, 68, 109, 385, 0, 0, 26.70%, 0, 0, 4, 43.10, 2736234, 558, 0, 0
11071, 68, 270, 385, 0, 0, 26.70%, 0, 0, 4, 260.65, 2737524, 558, 0, 0
11076, 69, 30, 385, 0, 0, 26.70%, 0, 0, 4, 286.03, 2738739, 558, 0, 0
11081, 69, 146, 385, 0, 0, 26.70%, 0, 0, 4, 289.66, 2739969, 558, 0, 0
11086, 69, 350, 385, 0, 0, 26.70%, 0, 0, 4, 266.45, 2741164, 558, 0, 0
11091, 69, 344, 385, 0, 0, 26.70%, 0, 0, 4, 295.51, 2742424, 558, 0, 0
11097, 69, 328, 385, 0, 0, 26.70%, 0, 0, 4, 297.27, 2743724, 558, 0, 0
11102, 69, 139, 385, 0, 0, 26.70%, 0, 0, 4, 32.26, 2744859, 558, 0, 0
11107, 69, 255, 385, 0, 0, 26.70%, 0, 0, 4, 277.30, 2746144, 558, 0, 0
11112, 69, 6, 385, 0, 0, 26.70%, 0, 0, 4, 286.69, 2747439, 558, 0, 0
11117, 69, 343, 385, 0, 0, 26.70%, 0, 0, 4, 33.90, 2748579, 558, 0, 0
11122, 69, 52, 385, 0, 0, 26.70%, 0, 0, 4, 39.06, 2749799, 558, 0, 0
11127, 69, 350, 385, 0, 0, 26.70%, 0, 0, 4, 234.79, 2751056, 558, 0, 0
11132, 69, 18, 385, 0, 0, 26.70%, 0, 0, 4, 290.64, 2752243, 558, 0, 0
11137, 69, 333, 385, 0, 0, 26.70%, 0, 0, 4, 289.44, 2753484, 558, 0, 0
11143, 69, 52, 385, 0, 0, 26.70%, 0, 0, 4, 272.79, 2754754, 558, 0, 0
11148, 69, 361, 385, 0, 0, 26.70%, 0, 0, 4, 32.57, 2755989, 558, 0, 0
11153, 69, 350, 385, 0, 0, 26.70%, 0, 0, 4, 271.48, 2757289, 558, 0, 0
11158, 69, 65, 385, 0, 0, 26.70%, 0, 0, 4, 290.75, 2758534, 558, 0, 0
11163, 69, 76, 385, 0, 0, 26.70%, 0, 0, 4, 259.68, 2759689, 558, 0, 0
11168, 69, 59, 385, 0, 0, 26.70%, 0, 0, 4, 288.38, 2760894, 558, 0, 0
11173, 69, 338, 385, 0, 0, 26.70%, 0, 0, 4, 295.42, 2762188, 558, 0, 0
11179, 69, 181, 385, 0, 0, 26.70%, 0, 0, 4, 288.56, 2763327, 558, 0, 0
11184, 69, 115, 385, 0, 0, 26.70%, 0, 0, 4, 274.29, 2764604, 558, 0, 0
11189, 69, 234, 385, 0, 0, 26.70%, 0, 0, 4, 287.93, 2765884, 558, 0, 0
11194, 69, 193, 385, 0, 0, 26.70%, 0, 0, 4, 268.31, 2767099, 558, 0, 0
11199, 69, 146, 385, 0, 0, 26.70%, 0, 0, 4, 294.49, 2768344, 558, 0, 0
11204, 69, 190, 385, 0, 0, 26.70%, 0, 0, 4, 290.35, 2769604, 558, 0, 0
11209, 69, 338, 385, 0, 0, 26.70%, 0, 0, 4, 288.14, 2770864, 558, 0, 0
11214, 69, 364, 385, 0, 0, 26.70%, 0, 0, 4, 273.06, 2772074, 558, 0, 0
11219, 69, 37, 385, 0, 0, 26.70%, 0, 0, 4, 295.22, 2773279, 558, 0, 0
11224, 69, 350, 385, 0, 0, 26.70%, 0, 0, 4, 270.08, 2774549, 558, 0, 0
11229, 69, 330, 385, 0, 0, 26.70%, 0, 0, 4, 281.34, 2775774, 558, 0, 0
11234, 70, 327, 385, 0, 0, 26.70%, 0, 0, 4, 293.53, 2777008, 558, 0, 0
11240, 70, 234, 385, 0, 0, 26.70%, 0, 0, 4, 280.88, 2778284, 558, 0, 0
11245, 70, 47, 385, 0, 0, 26.70%, 0, 0, 4, 284.77, 2779524, 558, 0, 0
11250, 70, 236, 385, 0, 0, 26.70%, 0, 0, 4, 276.50, 2780714, 558, 0, 0
11255, 70, 47, 385, 0, 0, 26.70%, 0, 0, 4, 290.06, 2781929, 558, 0, 0
11260, 70, 170, 385, 0, 0, 26.70%, 0, 0, 4, 196.14, 2783200, 558, 0, 0
11265, 70, 364, 385, 0, 0, 26.70%, 0, 0, 4, 264.44, 2784404, 558, 0, 0
11270, 70, 350, 385, 0, 0, 26.70%, 0, 0, 4, 295.15, 2785604, 558, 0, 0
11275, 70, 120, 385, 0, 0, 26.70%, 0, 0, 4, 265.02, 2786894, 558, 0, 0
11280, 70, 233, 385, 0, 0, 26.70%, 0, 0, 4, 277.44, 2788114, 558, 0, 0
11285, 70, 52, 385, 0, 0, 26.70%, 0, 0, 4, 30.89, 2789319, 558, 0, 0
11290, 70, 333, 385, 0, 0, 26.70%, 0, 0, 4, 265.15, 2790559, 558, 0, 0
11296, 70, 255, 385, 0, 0, 26.70%, 0, 0, 4, 271.60, 2791854, 558, 0, 0
11301, 70, 18, 385, 0, 0, 26.70%, 0, 0, 4, 276.66, 2793099, 558, 0, 0
11306, 70, 74, 385, 0, 0, 26.70%, 0, 0, 4, 269.76, 2794354, 558, 0, 0
11311, 70, 219, 385, 0, 0, 26.70%, 0, 0, 4, 294.30, 2795634, 558, 0, 0
11316, 70, 340, 385, 0, 0, 26.70%, 0, 0, 4, 38.65, 2796853, 558, 0, 0
11321, 70, 169, 385, 0, 0, 26.70%, 0, 0, 4, 261.14, 2798109, 558, 0, 0
11326, 70, 364, 385, 0, 0, 26.70%, 0, 0, 4, 293.09, 2799394, 558, 0, 0
11332, 70, 59, 385, 0, 0, 26.70%, 0, 0, 4, 253.38, 2800539, 558, 0, 0
11337, 70, 242, 385, 0, 0, 26.70%, 0, 0, 4, 287.29, 2801774, 558, 0, 0
11342, 70, 164, 385, 0, 0, 26.70%, 0, 0, 4, 284.05, 2803059, 558, 0, 0
11347, 70, 350, 385, 0, 0, 26.70%, 0, 0, 4, 282.67, 2804324, 558, 0, 0
11352, 70, 74, 385, 0, 0, 26.70%, 0, 0, 4, 272.38, 2805514, 558, 0, 0
11357, 70, 59, 385, 0, 0, 26.70%, 0, 0, 4, 256.75, 2806794, 558, 0, 0
11362, 70, 117, 385, 0, 0, 26.70%, 0, 0, 4, 286.12, 2808049, 558, 0, 0
11367, 70, 226, 385, 0, 0, 26.70%, 0, 0, 4, 282.71, 2809324, 558, 0, 0
11373, 70, 120, 385, 0, 0, 26.70%, 0, 0, 4, 290.64, 2810498, 558, 0, 0
11378, 70, 47, 385, 0, 0, 26.70%, 0, 0, 4, 263.77, 2811774, 558, 0, 0
11383, 70, 344, 385, 0, 0, 26.70%, 0, 0, 4, 288.08, 2813029, 558, 0, 0
11388, 70, 0, 385, 0, 0, 26.70%, 0, 0, 4, 34.13, 2814174, 558, 0, 0
11393, 71, 262, 385, 0, 0, 26.70%, 0, 0, 4, 290.07, 2815414, 558, 0, 0
11398, 71, 115, 385, 0, 0, 26.70%, 0, 0, 4, 290.94, 2816714, 558, 0, 0
11403, 71, 338, 385, 0, 0, 26.70%, 0, 0, 4, 260.05, 2817944, 558, 0, 0
11408, 71, 313, 385, 0, 0, 26.70%, 0, 0, 4, 288.63, 2819119, 558, 0, 0
11413, 71, 233, 385, 0, 0, 26.70%, 0, 0, 4, 293.18, 2820389, 558, 0, 0
11418, 71, 294, 385, 0, 0, 26.70%, 0, 0, 4, 280.93, 2821634, 558, 0, 0
11423, 71, 167, 385, 0, 0, 26.70%, 0, 0, 4, 255.67, 2822829, 558, 0, 0
11428, 71, 105, 385, 0, 0, 26.70%, 0, 0, 4, 257.67, 2824119, 558, 0, 0
11434, 71, 234, 385, 0, 0, 26.70%, 0, 0, 4, 269.56, 2825409, 558, 0, 0
11439, 71, 195, 385, 0, 0, 26.70%, 0, 0, 4, 263.46, 2826584, 558, 0, 0
11444, 71, 333, 385, 0, 0, 26.70%, 0, 0, 4, 275.92, 2827874, 558, 0, 0
11449, 71, 236, 385, 0, 0, 26.70%, 0, 0, 4, 276.14, 2829154, 558, 0, 0
11454, 71, 313, 385, 0, 0, 26.70%, 0, 0, 4, 279.90, 2830359, 558, 0, 0
11459, 71, 309, 385, 0, 0, 26.70%, 0, 0, 4, 284.23, 2831559, 558, 0, 0
11464, 71, 205, 385, 0, 0, 26.70%, 0, 0, 4, 49.50, 2832739, 558, 0, 0
11469, 71, 163, 385, 0, 0, 26.70%, 0, 0, 4, 293.69, 2833969, 558, 0, 0
11474, 71, 266, 385, 0, 0, 26.70%, 0, 0, 4, 285.00, 2835151, 558, 0, 0
11479, 71, 330, 385, 0, 0, 26.70%, 0, 0, 4, 267.76, 2836379, 558, 0, 0
11485, 71, 133, 385, 0, 0, 26.70%, 0, 0, 4, 268.54, 2837539, 558, 0, 0
11490, 71, 28, 385, 0, 0, 26.70%, 0, 0, 4, 273.92, 2838769, 558, 0, 0
11495, 71, 214, 385, 0, 0, 26.70%, 0, 0, 4, 227.06, 2839984, 558, 0, 0
11500, 71, 217, 385, 0, 0, 26.70%, 0, 0, 4, 239.61, 2841239, 558, 0, 0
11505, 71, 338, 385, 0, 0, 26.70%, 0, 0, 4, 239.89, 2842484, 558, 0, 0
11510, 71, 255, 385, 0, 0, 26.70%, 0, 0, 4, 250.39, 2843739, 558, 0, 0
11516, 71, 91, 385, 0, 0, 26.70%, 0, 0, 4, 290.33, 2844969, 558, 0, 0
11521, 71, 170, 385, 0, 0, 26.70%, 0, 0, 4, 238.07, 2846256, 558, 0, 0
11526, 71, 133, 385, 0, 0, 26.70%, 0, 0, 4, 289.82, 2847439, 558, 0, 0
11531, 71, 177, 385, 0, 0, 26.70%, 0, 0, 4, 124.42, 2848730, 558, 0, 0
11536, 71, 7, 385, 0, 0, 26.70%, 0, 0, 4, 280.20, 2849954, 558, 0, 0
11541, 71, 326, 385, 0, 0, 26.70%, 0, 0, 4, 287.81, 2851154, 558, 0, 0
11546, 71, 344, 385, 0, 0, 26.70%, 0, 0, 4, 289.32, 2852449, 558, 0, 0
11551, 72, 41, 385, 0, 0, 26.70%, 0, 0, 4, 290.00, 2853729, 558, 0, 0
11557, 72, 51, 385, 0, 0, 26.70%, 0, 0, 4, 31.15, 2854874, 558, 0, 0
11562, 72, 233, 385, 0, 0, 26.70%, 0, 0, 4, 269.06, 2856124, 558, 0, 0
11567, 72, 195, 385, 0, 0, 26.70%, 0, 0, 4, 238.39, 2857386, 558, 0, 0
11572, 72, 71, 385, 0, 0, 26.70%, 0, 0, 4, 290.00, 2858577, 558, 0, 0
11577, 72, 201, 385, 0, 0, 26.70%, 0, 0, 4, 287.81, 2859869, 558, 0, 0
11582, 72, 204, 385, 0, 0, 26.70%, 0, 0, 4, 277.99, 2861164, 558, 0, 0
11587, 72, 115, 385, 0, 0, 26.70%, 0, 0, 4, 40.00, 2862334, 558, 0, 0
11592, 72, 172, 385, 0, 0, 26.70%, 0, 0, 4, 235.78, 2863606, 558, 0, 0
11598, 72, 326, 385, 0, 0, 26.70%, 0, 0, 4, 266.52, 2864859, 558, 0, 0
11603, 72, 133, 385, 0, 0, 26.70%, 0, 0, 4, 278.70, 2866069, 558, 0, 0
11608, 72, 164, 385, 0, 0, 26.70%, 0, 0, 4, 288.30, 2867339, 558, 0, 0
11613, 72, 167, 385, 0, 0, 26.70%, 0, 0, 4, 290.99, 2868613, 558, 0, 0
11618, 72, 105, 385, 0, 0, 26.70%, 0, 0, 4, 30.51, 2869813, 558, 0, 0
11623, 72, 339, 385, 0, 0, 26.70%, 0, 0, 4, 288.00, 2871089, 558, 0, 0
11628, 72, 228, 385, 0, 0, 26.70%, 0, 0, 4, 291.96, 2872384, 558, 0, 0
11633, 72, 266, 385, 0, 0, 26.70%, 0, 0, 4, 40.32, 2873534, 558, 0, 0
11638, 72, 354, 385, 0, 0, 26.70%, 0, 0, 4, 271.63, 2874788, 558, 0, 0
11644, 72, 195, 385, 0, 0, 26.70%, 0, 0, 4, 286.38, 2876014, 558, 0, 0
11649, 72, 6, 385, 0, 0, 26.70%, 0, 0, 4, 276.62, 2877279, 558, 0, 0
11654, 72, 49, 385, 0, 0, 26.70%, 0, 0, 4, 294.97, 2878463, 558, 0, 0
11659, 72, 120, 385, 0, 0, 26.70%, 0, 0, 4, 277.28, 2879694, 558, 0, 0
11664, 72, 29, 385, 0, 0, 26.70%, 0, 0, 4, 252.83, 2880877, 558, 0, 0
11669, 72, 242, 385, 0, 0, 26.70%, 0, 0, 4, 32.79, 2882074, 558, 0, 0
11674, 72, 13, 385, 0, 0, 26.70%, 0, 0, 4, 290.73, 2883339, 558, 0, 0
11680, 72, 193, 385, 0, 0, 26.70%, 0, 0, 4, 258.71, 2884521, 558, 0, 0
11685, 72, 167, 385, 0, 0, 26.70%, 0, 0, 4, 291.64, 2885799, 558, 0, 0
11690, 72, 115, 385, 0, 0, 26.70%, 0, 0, 4, 43.29, 2886964, 558, 0, 0
11695, 72, 180, 385, 0, 0, 26.70%, 0, 0, 4, 234.30, 2888236, 558, 0, 0
11700, 72, 117, 385, 0, 0, 26.70%, 0, 0, 4, 244.83, 2889479, 558, 0, 0
11705, 72, 255, 385, 0, 0, 26.70%, 0, 0, 4, 293.26, 2890664, 558, 0, 0
11710, 73, 252, 385, 0, 0, 26.70%, 0, 0, 4, 286.16, 2891934, 558, 0, 0
11715, 73, 340, 385, 0, 0, 26.70%, 0, 0, 4, 237.77, 2893121, 558, 0, 0
11721, 73, 233, 385, 0, 0, 26.70%, 0, 0, 4, 252.58, 2894384, 558, 0, 0
11726, 73, 146, 385, 0, 0, 26.70%, 0, 0, 4, 277.44, 2895629, 558, 0, 0
11731, 73, 270, 385, 0, 0, 26.70%, 0, 0, 4, 292.08, 2896768, 558, 0, 0
11736, 73, 292, 385, 0, 0, 26.70%, 0, 0, 4, 285.71, 2898074, 558, 0, 0
11741, 73, 109, 385, 0, 0, 26.70%, 0, 0, 4, 254.47, 2899309, 558, 0, 0
11746, 73, 93, 385, 0, 0, 26.70%, 0, 0, 4, 293.37, 2900544, 558, 0, 0
11751, 73, 254, 385, 0, 0, 26.70%, 0, 0, 4, 292.39, 2901809, 558, 0, 0
11756, 73, 170, 385, 0, 0, 26.70%, 0, 0, 4, 281.10, 2903049, 558, 0, 0
11762, 73, 46, 385, 0, 0, 26.70%, 0, 0, 4, 256.67, 2904279, 558, 0, 0
11767, 73, 326, 385, 0, 0, 26.70%, 0, 0, 4, 290.39, 2905564, 558, 0, 0
11772, 73, 228, 385, 0, 0, 26.70%, 0, 0, 4, 273.43, 2906799, 558, 0, 0
11777, 73, 202, 385, 0, 0, 26.70%, 0, 0, 4, 285.00, 2907961, 558, 0, 0
11782, 73, 234, 385, 0, 0, 26.70%, 0, 0, 4, 271.04, 2909249, 558, 0, 0
11787, 73, 204, 385, 0, 0, 26.70%, 0, 0, 4, 294.41, 2910509, 558, 0, 0
11792, 73, 344, 385, 0, 0, 26.70%, 0, 0, 4, 280.87, 2911739, 558, 0, 0
11797, 73, 338, 385, 0, 0, 26.70%, 0, 0, 4, 254.37, 2912969, 558, 0, 0
11802, 73, 255, 385, 0, 0, 26.70%, 0, 0, 4, 277.71, 2914263, 558, 0, 0
11807, 73, 170, 385, 0, 0, 26.70%, 0, 0, 4, 41.22, 2915432, 558, 0, 0
11813, 73, 233, 385, 0, 0, 26.70%, 0, 0, 4, 291.92, 2916734, 558, 0, 0
11818, 73, 47, 385, 0, 0, 26.70%, 0, 0, 4, 280.77, 2918059, 558, 0, 0
11823, 73, 268, 385, 0, 0, 26.70%, 0, 0, 4, 283.18, 2919259, 558, 0, 0
11828, 73, 46, 385, 0, 0, 26.70%, 0, 0, 4, 288.22, 2920569, 558, 0, 0
11833, 73, 167, 385, 0, 0, 26.70%, 0, 0, 4, 30.77, 2921739, 558, 0, 0
11838, 73, 109, 385, 0, 0, 26.70%, 0, 0, 4, 266.49, 2922979, 558, 0, 0
11844, 73, 229, 385, 0, 0, 26.70%, 0, 0, 4, 283.75, 2924234, 558, 0, 0
11849, 73, 233, 385, 0, 0, 26.70%, 0, 0, 4, 269.12, 2925384, 558, 0, 0
11854, 73, 73, 385, 0, 0, 26.70%, 0, 0, 4, 291.43, 2926654, 558, 0, 0
11859, 73, 164, 385, 0, 0, 26.70%, 0, 0, 4, 297.10, 2927938, 558, 0, 0
11864, 73, 214, 385, 0, 0, 26.70%, 0, 0, 4, 255.11, 2929129, 558, 0, 0
11869, 74, 262, 385, 0, 0, 26.70%, 0, 0, 4, 269.47, 2930374, 558, 0, 0
11874, 74, 46, 385, 0, 0, 26.70%, 0, 0, 4, 288.06, 2931663, 558, 0, 0
11879, 74, 170, 385, 0, 0, 26.70%, 0, 0, 4, 280.95, 2932889, 558, 0, 0
11884, 74, 340, 385, 0, 0, 26.70%, 0, 0, 4, 287.46, 2934099, 558, 0, 0
11889, 74, 47, 385, 0, 0, 26.70%, 0, 0, 4, 288.94, 2935354, 558, 0, 0
11894, 74, 49, 385, 0, 0, 26.70%, 0, 0, 4, 284.47, 2936589, 558, 0, 0
11899, 74, 76, 385, 0, 0, 26.70%, 0, 0, 4, 269.54, 2937794, 558, 0, 0
11905, 74, 234, 385, 0, 0, 26.70%, 0, 0, 4, 275.16, 2939074, 558, 0, 0
11910, 74, 52, 385, 0, 0, 26.70%, 0, 0, 4, 293.20, 2940344, 558, 0, 0
11915, 74, 338, 385, 0, 0, 26.70%, 0, 0, 4, 35.84, 2941529, 558, 0, 0
11920, 74, 242, 385, 0, 0, 26.70%, 0, 0, 4, 268.48, 2942804, 558, 0, 0
11925, 74, 0, 385, 0, 0, 26.70%, 0, 0, 4, 292.92, 2944084, 558, 0, 0
11930, 74, 49, 385, 0, 0, 26.70%, 0, 0, 4, 270.75, 2945339, 558, 0, 0
11935, 74, 179, 385, 0, 0, 26.70%, 0, 0, 4, 240.19, 2946508, 558, 0, 0
11940, 74, 9, 385, 0, 0, 26.70%, 0, 0, 4, 292.07, 2947784, 558, 0, 0
11945, 74, 357, 385, 0, 0, 26.70%, 0, 0, 4, 273.27, 2949039, 558, 0, 0
11950, 74, 37, 385, 0, 0, 26.70%, 0, 0, 4, 57.22, 2950211, 558, 0, 0
11956, 74, 76, 385, 0, 0, 26.70%, 0, 0, 4, 293.49, 2951519, 558, 0, 0
11961, 74, 164, 385, 0, 0, 26.70%, 0, 0, 4, 291.43, 2952824, 558, 0, 0
11966, 74, 262, 385, 0, 0, 26.70%, 0, 0, 4, 263.29, 2954009, 558, 0, 0
11971, 74, 233, 385, 0, 0, 26.70%, 0, 0, 4, 291.38, 2955249, 558, 0, 0
11976, 74, 304, 385, 0, 0, 26.70%, 0, 0, 4, 43.48, 2956494, 558, 0, 0
11981, 74, 120, 385, 0, 0, 26.70%, 0, 0, 4, 163.55, 2957672, 558, 0, 0
11986, 74, 246, 385, 0, 0, 26.70%, 0, 0, 4, 280.03, 2958984, 558, 0, 0
11991, 74, 46, 385, 0, 0, 26.70%, 0, 0, 4, 54.08, 2960125, 558, 0, 0
11997, 74, 270, 385, 0, 0, 26.70%, 0, 0, 4, 289.22, 2961413, 558, 0, 0
12002, 74, 59, 385, 0, 0, 26.70%, 0, 0, 4, 288.38, 2962594, 558, 0, 0
12007, 74, 73, 385, 0, 0, 26.70%, 0, 0, 4, 271.09, 2963919, 558, 0, 0
12012, 74, 170, 385, 0, 0, 26.70%, 0, 0, 4, 286.49, 2965114, 558, 0, 0
12017, 74, 170, 385, 0, 0, 26.70%, 0, 0, 4, 267.07, 2966414, 558, 0, 0
12022, 74, 340, 385, 0, 0, 26.70%, 0, 0, 4, 211.70, 2967605, 558, 0, 0
12027, 75, 233, 385, 0, 0, 26.70%, 0, 0, 4, 282.10, 2968929, 558, 0, 0
12032, 75, 262, 385, 0, 0, 26.70%, 0, 0, 4, 44.78, 2970099, 558, 0, 0
12038, 75, 380, 385, 0, 0, 26.70%, 0, 0, 4, 290.43, 2971369, 558, 0, 0
12043, 75, 365, 385, 0, 0, 26.70%, 0, 0, 4, 292.80, 2972654, 558, 0, 0
12048, 75, 234, 385, 0, 0, 26.70%, 0, 0, 4, 293.72, 2973829, 558, 0, 0
12053, 75, 288, 385, 0, 0, 26.70%, 0, 0, 4, 286.75, 2975084, 558, 0, 0
12058, 75, 338, 385, 0, 0, 26.70%, 0, 0, 4, 233.37, 2976305, 558, 0, 0
12063, 75, 195, 385, 0, 0, 26.70%, 0, 0, 4, 52.79, 2977544, 558, 0, 0
12068, 75, 261, 385, 0, 0, 26.70%, 0, 0, 4, 296.35, 2978834, 558, 0, 0
12074, 75, 43, 385, 0, 0, 26.70%, 0, 0, 4, 245.78, 2980020, 558, 0, 0
12079, 75, 167, 385, 0, 0, 26.70%, 0, 0, 4, 258.17, 2981174, 558, 0, 0
12084, 75, 333, 385, 0, 0, 26.70%, 0, 0, 4, 289.71, 2982519, 558, 0, 0
12089, 75, 266, 385, 0, 0, 26.70%, 0, 0, 4, 278.17, 2983729, 558, 0, 0
12094, 75, 59, 385, 0, 0, 26.70%, 0, 0, 4, 288.14, 2984964, 558, 0, 0
12099, 75, 344, 385, 0, 0, 26.70%, 0, 0, 4, 290.84, 2986259, 558, 0, 0
12104, 75, 39, 385, 0, 0, 26.70%, 0, 0, 4, 288.56, 2987447, 558, 0, 0
12109, 75, 233, 385, 0, 0, 26.70%, 0, 0, 4, 290.25, 2988734, 558, 0, 0
12115, 75, 292, 385, 0, 0, 26.70%, 0, 0, 4, 44.44, 2989909, 558, 0, 0
12120, 75, 330, 385, 0, 0, 26.70%, 0, 0, 4, 291.76, 2991204, 558, 0, 0
12125, 75, 195, 385, 0, 0, 26.70%, 0, 0, 4, 240.98, 2992421, 558, 0, 0
12130, 75, 242, 385, 0, 0, 26.70%, 0, 0, 4, 290.22, 2993654, 558, 0, 0
12135, 75, 59, 385, 0, 0, 26.70%, 0, 0, 4, 291.17, 2994854, 558, 0, 0
12140, 75, 59, 385, 0, 0, 26.70%, 0, 0, 4, 34.48, 2996049, 558, 0, 0
12145, 75, 350, 385, 0, 0, 26.70%, 0, 0, 4, 265.38, 2997344, 558, 0, 0
12151, 75, 330, 385, 0, 0, 26.70%, 0, 0, 4, 244.88, 2998638, 558, 0, 0
12156, 75, 255, 385, 0, 0, 26.70%, 0, 0, 4, 263.05, 2999949, 558, 0, 0
12161, 75, 313, 385, 0, 0, 26.70%, 0, 0, 4, 293.53, 3001086, 558, 0, 0
12166, 75, 276, 385, 0, 0, 26.70%, 0, 0, 4, 260.59, 3002319, 558, 0, 0
12171, 75, 333, 385, 0, 0, 26.70%, 0, 0, 4, 260.82, 3003589, 558, 0, 0
12176, 75, 326, 385, 0, 0, 26.70%, 0, 0, 4, 292.70, 3004774, 558, 0, 0
12181, 75, 338, 385, 0, 0, 26.70%, 0, 0, 4, 232.19, 3006062, 558, 0, 0
12186, 76, 236, 385, 0, 0, 26.70%, 0, 0, 4, 277.27, 3007249, 558, 0, 0
12191, 76, 120, 385, 0, 0, 26.70%, 0, 0, 4, 275.43, 3008474, 558, 0, 0
12196, 76, 377, 385, 0, 0, 26.70%, 0, 0, 4, 121.16, 3009746, 558, 0, 0
12202, 76, 338, 385, 0, 0, 26.70%, 0, 0, 4, 40.65, 3010954, 558, 0, 0
12207, 76, 47, 385, 0, 0, 26.70%, 0, 0, 4, 267.46, 3012224, 558, 0, 0
12212, 76, 169, 385, 0, 0, 26.70%, 0, 0, 4, 289.57, 3013529, 558, 0, 0
12217, 76, 313, 385, 0, 0, 26.70%, 0, 0, 4, 293.91, 3014774, 558, 0, 0
12222, 76, 330, 385, 0, 0, 26.70%, 0, 0, 4, 297.55, 3015964, 558, 0, 0
12227, 76, 113, 385, 0, 0, 26.70%, 0, 0, 4, 291.95, 3017259, 558, 0, 0
12232, 76, 237, 385, 0, 0, 26.70%, 0, 0, 4, 32.26, 3018439, 558, 0, 0
12237, 76, 7, 385, 0, 0, 26.70%, 0, 0, 4, 230.62, 3019680, 558, 0, 0
12242, 76, 195, 385, 0, 0, 26.70%, 0, 0, 4, 35.40, 3020832, 558, 0, 0
12247, 76, 344, 385, 0, 0, 26.70%, 0, 0, 4, 296.68, 3022089, 558, 0, 0
12253, 76, 59, 385, 0, 0, 26.70%, 0, 0, 4, 288.56, 3023262, 558, 0, 0
12258, 76, 236, 385, 0, 0, 26.70%, 0, 0, 4, 288.72, 3024524, 558, 0, 0
12263, 76, 255, 385, 0, 0, 26.70%, 0, 0, 4, 289.20, 3025804, 558, 0, 0
12268, 76, 179, 385, 0, 0, 26.70%, 0, 0, 4, 281.78, 3027104, 558, 0, 0
12273, 76, 121, 385, 0, 0, 26.70%, 0, 0, 4, 292.30, 3028349, 558, 0, 0
12278, 76, 255, 385, 0, 0, 26.70%, 0, 0, 4, 274.49, 3029629, 558, 0, 0
12283, 76, 333, 385, 0, 0, 26.70%, 0, 0, 4, 236.45, 3030807, 558, 0, 0
12288, 76, 198, 385, 0, 0, 26.70%, 0, 0, 4, 290.45, 3032069, 558, 0, 0
12294, 76, 266, 385, 0, 0, 26.70%, 0, 0, 4, 299.98, 3033374, 558, 0, 0
12299, 76, 270, 385, 0, 0, 26.70%, 0, 0, 4, 85.00, 3034548, 558, 0, 0
12304, 76, 326, 385, 0, 0, 26.70%, 0, 0, 4, 221.02, 3035805, 558, 0, 0
12309, 76, 255, 385, 0, 0, 26.70%, 0, 0, 4, 271.53, 3037059, 558, 0, 0
12314, 76, 326, 385, 0, 0, 26.70%, 0, 0, 4, 293.29, 3038249, 558, 0, 0
12319, 76, 195, 385, 0, 0, 26.70%, 0, 0, 4, 290.32, 3039513, 558, 0, 0
12324, 76, 167, 385, 0, 0, 26.70%, 0, 0, 4, 280.44, 3040789, 558, 0, 0
12330, 76, 382, 385, 0, 0, 26.70%, 0, 0, 4, 247.38, 3042057, 558, 0, 0
12335, 76, 139, 385, 0, 0, 26.70%, 0, 0, 4, 292.56, 3043334, 558, 0, 0
12340, 76, 170, 385, 0, 0, 26.70%, 0, 0, 4, 290.42, 3044484, 558, 0, 0
12345, 76, 333, 385, 0, 0, 26.70%, 0, 0, 4, 264.50, 3045714, 558, 0, 0
12350, 77, 66, 385, 0, 0, 26.70%, 0, 0, 4, 293.43, 3046834, 558, 0, 0
12355, 77, 242, 385, 0, 0, 26.70%, 0, 0, 4, 286.56, 3048094, 558, 0, 0
12360, 77, 82, 385, 0, 0, 26.70%, 0, 0, 4, 276.43, 3049289, 558, 0, 0
12365, 77, 234, 385, 0, 0, 26.70%, 0, 0, 4, 245.86, 3050484, 558, 0, 0
12370, 77, 347, 385, 0, 0, 26.70%, 0, 0, 4, 286.09, 3051754, 558, 0, 0
12375, 77, 117, 385, 0, 0, 26.70%, 0, 0, 4, 284.99, 3052969, 558, 0, 0
12380, 77, 49, 385, 0, 0, 26.70%, 0, 0, 4, 285.96, 3054149, 558, 0, 0
12385, 77, 364, 385, 0, 0, 26.70%, 0, 0, 4, 283.23, 3055444, 558, 0, 0
12390, 77, 344, 385, 0, 0, 26.70%, 0, 0, 4, 261.81, 3056644, 558, 0, 0
12396, 77, 109, 385, 0, 0, 26.70%, 0, 0, 4, 290.00, 3057877, 558, 0, 0
12401, 77, 337, 385, 0, 0, 26.70%, 0, 0, 4, 290.89, 3059149, 558, 0, 0
12406, 77, 244, 385, 0, 0, 26.70%, 0, 0, 4, 291.26, 3060459, 558, 0, 0
12411, 77, 268, 385, 0, 0, 26.70%, 0, 0, 4, 261.02, 3061729, 558, 0, 0
12416, 77, 155, 385, 0, 0, 26.70%, 0, 0, 4, 292.08, 3062908, 558, 0, 0
12421, 77, 338, 385, 0, 0, 26.70%, 0, 0, 4, 291.09, 3064199, 558, 0, 0
12426, 77, 236, 385, 0, 0, 26.70%, 0, 0, 4, 272.99, 3065499, 558, 0, 0
12431, 77, 233, 385, 0, 0, 26.70%, 0, 0, 4, 34.97, 3066689, 558, 0, 0
12437, 77, 340, 385, 0, 0, 26.70%, 0, 0, 4, 277.83, 3067994, 558, 0, 0
12442, 77, 228, 385, 0, 0, 26.70%, 0, 0, 4, 292.22, 3069269, 558, 0, 0
12447, 77, 340, 385, 0, 0, 26.70%, 0, 0, 4, 263.68, 3070444, 558, 0, 0
12452, 77, 163, 385, 0, 0, 26.70%, 0, 0, 4, 270.07, 3071729, 558, 0, 0
12457, 77, 167, 385, 0, 0, 26.70%, 0, 0, 4, 283.56, 3072994, 558, 0, 0
12462, 77, 350, 385, 0, 0, 26.70%, 0, 0, 4, 287.49, 3074204, 558, 0, 0
12468, 77, 52, 385, 0, 0, 26.70%, 0, 0, 4, 282.05, 3075464, 558, 0, 0
12473, 77, 47, 385, 0, 0, 26.70%, 0, 0, 4, 295.00, 3076653, 558, 0, 0
12478, 77, 313, 385, 0, 0, 26.70%, 0, 0, 4, 288.61, 3077949, 558, 0, 0
12483, 77, 383, 385, 0, 0, 26.70%, 0, 0, 4, 281.37, 3079179, 558, 0, 0
12488, 77, 90, 385, 0, 0, 26.70%, 0, 0, 4, 292.10, 3080359, 558, 0, 0
12493, 77, 50, 385, 0, 0, 26.70%, 0, 0, 4, 286.86, 3081649, 558, 0, 0
12498, 77, 340, 385, 0, 0, 26.70%, 0, 0, 4, 298.51, 3082859, 558, 0, 0
12504, 77, 179, 385, 0, 0, 26.70%, 0, 0, 4, 185.23, 3084133, 558, 0, 0
12509, 78, 241, 385, 0, 0, 26.70%, 0, 0, 4, 292.07, 3085324, 558, 0, 0
12514, 78, 374, 385, 0, 0, 26.70%, 0, 0, 4, 275.38, 3086519, 558, 0, 0
12519, 78, 114, 385, 0, 0, 26.70%, 0, 0, 4, 258.43, 3087769, 558, 0, 0
12524, 78, 266, 385, 0, 0, 26.70%, 0, 0, 4, 292.59, 3089019, 558, 0, 0
12529, 78, 46, 385, 0, 0, 26.70%, 0, 0, 4, 37.17, 3090199, 558, 0, 0
12534, 78, 290, 385, 0, 0, 26.70%, 0, 0, 4, 235.70, 3091448, 558, 0, 0
12539, 78, 384, 385, 0, 0, 26.70%, 0, 0, 4, 32.00, 3092606, 558, 0, 0
12545, 78, 382, 385, 0, 0, 26.70%, 0, 0, 4, 244.38, 3093863, 558, 0, 0
12550, 78, 170, 385, 0, 0, 26.70%, 0, 0, 4, 291.04, 3095169, 558, 0, 0
12555, 78, 313, 385, 0, 0, 26.70%, 0, 0, 4, 294.73, 3096354, 558, 0, 0
12560, 78, 139, 385, 0, 0, 26.70%, 0, 0, 4, 286.08, 3097604, 558, 0, 0
12565, 78, 347, 385, 0, 0, 26.70%, 0, 0, 4, 250.02, 3098809, 558, 0, 0
12570, 78, 170, 385, 0, 0, 26.70%, 0, 0, 4, 290.53, 3100079, 558, 0, 0
12575, 78, 115, 385, 0, 0, 26.70%, 0, 0, 4, 233.72, 3101335, 558, 0, 0
12581, 78, 218, 385, 0, 0, 26.70%, 0, 0, 4, 296.76, 3102564, 558, 0, 0
12586, 78, 49, 385, 0, 0, 26.70%, 0, 0, 4, 288.84, 3103839, 558, 0, 0
12591, 78, 80, 385, 0, 0, 26.70%, 0, 0, 4, 292.15, 3104999, 558, 0, 0
12596, 78, 205, 385, 0, 0, 26.70%, 0, 0, 4, 286.94, 3106284, 558, 0, 0
12601, 78, 330, 385, 0, 0, 26.70%, 0, 0, 4, 258.71, 3107465, 558, 0, 0
12606, 78, 109, 385, 0, 0, 26.70%, 0, 0, 4, 294.50, 3108749, 558, 0, 0
12611, 78, 49, 385, 0, 0, 26.70%, 0, 0, 4, 44.33, 3109938, 558, 0, 0
12616, 78, 338, 385, 0, 0, 26.70%, 0, 0, 4, 200.93, 3111226, 558, 0, 0
12621, 78, 295, 385, 0, 0, 26.70%, 0, 0, 4, 252.48, 3112369, 558, 0, 0
12627, 78, 195, 385, 0, 0, 26.70%, 0, 0, 4, 289.91, 3113624, 558, 0, 0
12632, 78, 109, 385, 0, 0, 26.70%, 0, 0, 4, 285.42, 3114814, 558, 0, 0
12637, 78, 242, 385, 0, 0, 26.70%, 0, 0, 4, 290.51, 3116034, 558, 0, 0
12642, 78, 323, 385, 0, 0, 26.70%, 0, 0, 4, 92.72, 3117183, 558, 0, 0
12647, 78, 179, 385, 0, 0, 26.70%, 0, 0, 4, 31.95, 3118419, 558, 0, 0
12652, 78, 350, 385, 0, 0, 26.70%, 0, 0, 4, 258.35, 3119674, 558, 0, 0
12657, 78, 146, 385, 0, 0, 26.70%, 0, 0, 4, 208.84, 3120879, 558, 0, 0
12662, 78, 122, 385, 0, 0, 26.70%, 0, 0, 4, 247.84, 3122063, 558, 0, 0
12667, 79, 163, 385, 0, 0, 26.70%, 0, 0, 4, 31.45, 3123274, 558, 0, 0
12672, 79, 234, 385, 0, 0, 26.70%, 0, 0, 4, 290.79, 3124524, 558, 0, 0
12678, 79, 330, 385, 0, 0, 26.70%, 0, 0, 4, 227.72, 3125720, 558, 0, 0
12683, 79, 195, 385, 0, 0, 26.70%, 0, 0, 4, 251.08, 3126967, 558, 0, 0
12688, 79, 232, 385, 0, 0, 26.70%, 0, 0, 4, 290.39, 3128214, 558, 0, 0
12693, 79, 59, 385, 0, 0, 26.70%, 0, 0, 4, 267.07, 3129419, 558, 0, 0
12698, 79, 204, 385, 0, 0, 26.70%, 0, 0, 4, 294.65, 3130699, 558, 0, 0
12703, 79, 59, 385, 0, 0, 26.70%, 0, 0, 4, 288.56, 3131862, 558, 0, 0
12708, 79, 280, 385, 0, 0, 26.70%, 0, 0, 4, 291.97, 3133149, 558, 0, 0
12713, 79, 344, 385, 0, 0, 26.70%, 0, 0, 4, 36.23, 3134329, 558, 0, 0
12718, 79, 370, 385, 0, 0, 26.70%, 0, 0, 4, 275.93, 3135574, 558, 0, 0
12723, 79, 163, 385, 0, 0, 26.70%, 0, 0, 4, 277.01, 3136844, 558, 0, 0
12729, 79, 364, 385, 0, 0, 26.70%, 0, 0, 4, 155.98, 3138131, 558, 0, 0
12734, 79, 139, 385, 0, 0, 26.70%, 0, 0, 4, 287.46, 3139294, 558, 0, 0
12739, 79, 47, 385, 0, 0, 26.70%, 0, 0, 4, 289.60, 3140594, 558, 0, 0
12744, 79, 374, 385, 0, 0, 26.70%, 0, 0, 4, 290.64, 3141739, 558, 0, 0
12749, 79, 383, 385, 0, 0, 26.70%, 0, 0, 4, 288.37, 3143014, 558, 0, 0
12754, 79, 233, 385, 0, 0, 26.70%, 0, 0, 4, 36.90, 3144209, 558, 0, 0
12759, 79, 313, 385, 0, 0, 26.70%, 0, 0, 4, 290.01, 3145444, 558, 0, 0
12764, 79, 47, 385, 0, 0, 26.70%, 0, 0, 4, 257.81, 3146594, 558, 0, 0
12769, 79, 73, 385, 0, 0, 26.70%, 0, 0, 4, 295.72, 3147954, 558, 0, 0
12774, 79, 338, 385, 0, 0, 26.70%, 0, 0, 4, 295.00, 3149108, 558, 0, 0
12780, 79, 206, 385, 0, 0, 26.70%, 0, 0, 4, 285.65, 3150384, 558, 0, 0
12785, 79, 18, 385, 0, 0, 26.70%, 0, 0, 4, 290.15, 3151529, 558, 0, 0
12790, 79, 190, 385, 0, 0, 26.70%, 0, 0, 4, 284.69, 3152749, 558, 0, 0
12795, 79, 59, 385, 0, 0, 26.70%, 0, 0, 4, 294.26, 3154039, 558, 0, 0
12800, 79, 120, 385, 0, 0, 26.70%, 0, 0, 4, 34.84, 3155219, 558, 0, 0
12805, 79, 270, 385, 0, 0, 26.70%, 0, 0, 4, 295.21, 3156449, 558, 0, 0
12810, 79, 167, 385, 0, 0, 26.70%, 0, 0, 4, 285.63, 3157664, 558, 0, 0
12815, 79, 364, 385, 0, 0, 26.70%, 0, 0, 4, 274.76, 3158944, 558, 0, 0
12820, 79, 109, 385, 0, 0, 26.70%, 0, 0, 4, 240.63, 3160132, 558, 0, 0
12825, 79, 248, 385, 0, 0, 26.70%, 0, 0, 4, 295.37, 3161429, 558, 0, 0
12831, 80, 139, 385, 0, 0, 26.70%, 0, 0, 4, 287.13, 3162627, 558, 0, 0
12836, 80, 242, 385, 0, 0, 26.70%, 0, 0, 4, 267.98, 3163894, 558, 0, 0
12841, 80, 199, 385, 0, 0, 26.70%, 0, 0, 4, 262.11, 3165159, 558, 0, 0
12846, 80, 52, 385, 0, 0, 26.70%, 0, 0, 4, 286.77, 3166409, 558, 0, 0
12851, 80, 313, 385, 0, 0, 26.70%, 0, 0, 4, 134.19, 3167672, 558, 0, 0
12856, 80, 139, 385, 0, 0, 26.70%, 0, 0, 4, 247.52, 3168859, 558, 0, 0
12862, 80, 338, 385, 0, 0, 26.70%, 0, 0, 4, 285.30, 3170144, 558, 0, 0
12867, 80, 49, 385, 0, 0, 26.70%, 0, 0, 4, 220.04, 3171322, 558, 0, 0
12872, 80, 234, 385, 0, 0, 26.70%, 0, 0, 4, 260.87, 3172709, 558, 0, 0
12877, 80, 163, 385, 0, 0, 26.70%, 0, 0, 4, 292.04, 3173874, 558, 0, 0
12882, 80, 52, 385, 0, 0, 26.70%, 0, 0, 4, 40.98, 3175084, 558, 0, 0
12887, 80, 330, 385, 0, 0, 26.70%, 0, 0, 4, 278.01, 3176279, 558, 0, 0
12892, 80, 292, 385, 0, 0, 26.70%, 0, 0, 4, 276.47, 3177569, 558, 0, 0
12897, 80, 383, 385, 0, 0, 26.70%, 0, 0, 4, 289.43, 3178829, 558, 0, 0
12903, 80, 193, 385, 0, 0, 26.70%, 0, 0, 4, 293.22, 3180009, 558, 0, 0
12908, 80, 0, 385, 0, 0, 26.70%, 0, 0, 4, 286.35, 3181259, 558, 0, 0
12913, 80, 167, 385, 0, 0, 26.70%, 0, 0, 4, 276.65, 3182554, 558, 0, 0
12918, 80, 12, 385, 0, 0, 26.70%, 0, 0, 4, 37.88, 3183754, 558, 0, 0
12923, 80, 109, 385, 0, 0, 26.70%, 0, 0, 4, 252.18, 3185028, 558, 0, 0
12928, 80, 52, 385, 0, 0, 26.70%, 0, 0, 4, 284.29, 3186294, 558, 0, 0
12933, 80, 50, 385, 0, 0, 26.70%, 0, 0, 4, 263.57, 3187514, 558, 0, 0
12939, 80, 114, 385, 0, 0, 26.70%, 0, 0, 4, 291.96, 3188804, 558, 0, 0
12944, 80, 344, 385, 0, 0, 26.70%, 0, 0, 4, 275.00, 3189939, 558, 0, 0
12949, 80, 59, 385, 0, 0, 26.70%, 0, 0, 4, 246.49, 3191092, 558, 0, 0
12954, 80, 120, 385, 0, 0, 26.70%, 0, 0, 4, 291.42, 3192384, 558, 0, 0
12959, 80, 156, 385, 0, 0, 26.70%, 0, 0, 4, 235.93, 3193543, 558, 0, 0
12964, 80, 164, 385, 0, 0, 26.70%, 0, 0, 4, 290.51, 3194814, 558, 0, 0
12969, 80, 270, 385, 0, 0, 26.70%, 0, 0, 4, 285.78, 3195979, 558, 0, 0
12974, 80, 180, 385, 0, 0, 26.70%, 0, 0, 4, 274.19, 3197319, 558, 0, 0
12979, 80, 54, 385, 0, 0, 26.70%, 0, 0, 4, 287.77, 3198484, 558, 0, 0
12984, 80, 340, 385, 0, 0, 26.70%, 0, 0, 4, 31.15, 3199664, 558, 0, 0
12989, 81, 59, 385, 0, 0, 26.70%, 0, 0, 4, 289.89, 3200914, 558, 0, 0
12994, 81, 139, 385, 0, 0, 26.70%, 0, 0, 4, 264.41, 3202084, 558, 0, 0
12999, 81, 96, 385, 0, 0, 26.70%, 0, 0, 4, 239.91, 3203354, 558, 0, 0
13005, 81, 139, 385, 0, 0, 26.70%, 0, 0, 4, 294.40, 3204659, 558, 0, 0
13010, 81, 302, 385, 0, 0, 26.70%, 0, 0, 4, 288.75, 3205849, 558, 0, 0
13015, 81, 333, 385, 0, 0, 26.70%, 0, 0, 4, 282.39, 3207129, 558, 0, 0
13020, 81, 326, 385, 0, 0, 26.70%, 0, 0, 4, 295.19, 3208319, 558, 0, 0
13025, 81, 242, 385, 0, 0, 26.70%, 0, 0, 4, 282.58, 3209609, 558, 0, 0
13030, 81, 236, 385, 0, 0, 26.70%, 0, 0, 4, 252.48, 3210785, 558, 0, 0
13036, 81, 204, 385, 0, 0, 26.70%, 0, 0, 4, 243.22, 3212083, 558, 0, 0
13041, 81, 73, 385, 0, 0, 26.70%, 0, 0, 4, 205.68, 3213315, 558, 0, 0
13046, 81, 235, 385, 0, 0, 26.70%, 0, 0, 4, 288.45, 3214449, 558, 0, 0
13051, 81, 302, 385, 0, 0, 26.70%, 0, 0, 4, 274.46, 3215644, 558, 0, 0
13056, 81, 330, 385, 0, 0, 26.70%, 0, 0, 4, 293.91, 3216894, 558, 0, 0
13061, 81, 30, 385, 0, 0, 26.70%, 0, 0, 4, 35.97, 3218079, 558, 0, 0
13067, 81, 204, 385, 0, 0, 26.70%, 0, 0, 4, 278.06, 3219379, 558, 0, 0
13072, 81, 54, 385, 0, 0, 26.70%, 0, 0, 4, 285.94, 3220569, 558, 0, 0
13077, 81, 120, 385, 0, 0, 26.70%, 0, 0, 4, 288.87, 3221804, 558, 0, 0
13082, 81, 195, 385, 0, 0, 26.70%, 0, 0, 4, 273.34, 3222954, 558, 0, 0
13087, 81, 88, 385, 0, 0, 26.70%, 0, 0, 4, 34.48, 3224114, 558, 0, 0
13092, 81, 141, 385, 0, 0, 26.70%, 0, 0, 4, 300.64, 3225354, 558, 0, 0
13097, 81, 127, 385, 0, 0, 26.70%, 0, 0, 4, 283.95, 3226609, 558, 0, 0
13102, 81, 145, 385, 0, 0, 26.70%, 0, 0, 4, 287.85, 3227804, 558, 0, 0
13107, 81, 204, 385, 0, 0, 26.70%, 0, 0, 4, 37.74, 3228984, 558, 0, 0
13112, 81, 46, 385, 0, 0, 26.70%, 0, 0, 4, 285.92, 3230209, 558, 0, 0
13117, 81, 326, 385, 0, 0, 26.70%, 0, 0, 4, 297.03, 3231359, 558, 0, 0
13123, 81, 164, 385, 0, 0, 26.70%, 0, 0, 4, 276.43, 3232659, 558, 0, 0
13128, 81, 284, 385, 0, 0, 26.70%, 0, 0, 4, 288.62, 3233819, 558, 0, 0
13133, 81, 326, 385, 0, 0, 26.70%, 0, 0, 4, 287.62, 3235074, 558, 0, 0
13138, 81, 164, 385, 0, 0, 26.70%, 0, 0, 4, 292.08, 3236250, 558, 0, 0
13143, 81, 340, 385, 0, 0, 26.70%, 0, 0, 4, 256.97, 3237509, 558, 0, 0
13148, 81, 350, 385, 0, 0, 26.70%, 0, 0, 4, 287.28, 3238769, 558, 0, 0
13153, 82, 115, 385, 0, 0, 26.70%, 0, 0, 4, 291.77, 3239944, 558, 0, 0
13158, 82, 164, 385, 0, 0, 26.70%, 0, 0, 4, 43.48, 3241113, 558, 0, 0
13163, 82, 42, 385, 0, 0, 26.70%, 0, 0, 4, 289.98, 3242404, 558, 0, 0
13169, 82, 164, 385, 0, 0, 26.70%, 0, 0, 4, 238.23, 3243536, 558, 0, 0
13174, 82, 242, 385, 0, 0, 26.70%, 0, 0, 4, 249.29, 3244829, 558, 0, 0
13179, 82, 120, 385, 0, 0, 26.70%, 0, 0, 4, 269.56, 3246049, 558, 0, 0
13184, 82, 146, 385, 0, 0, 26.70%, 0, 0, 4, 268.30, 3247299, 558, 0, 0
13189, 82, 109, 385, 0, 0, 26.70%, 0, 0, 4, 302.93, 3248481, 558, 0, 0
13194, 82, 156, 385, 0, 0, 26.70%, 0, 0, 4, 270.16, 3249754, 558, 0, 0
13199, 82, 338, 385, 0, 0, 26.70%, 0, 0, 4, 31.06, 3250954, 558, 0, 0
13204, 82, 139, 385, 0, 0, 26.70%, 0, 0, 4, 287.14, 3252189, 558, 0, 0
13209, 82, 214, 385, 0, 0, 26.70%, 0, 0, 4, 274.50, 3253419, 558, 0, 0
13214, 82, 348, 385, 0, 0, 26.70%, 0, 0, 4, 247.70, 3254594, 558, 0, 0
13219, 82, 170, 385, 0, 0, 26.70%, 0, 0, 4, 283.09, 3255874, 558, 0, 0
13225, 82, 109, 385, 0, 0, 26.70%, 0, 0, 4, 266.77, 3257119, 558, 0, 0
13230, 82, 139, 385, 0, 0, 26.70%, 0, 0, 4, 150.06, 3258281, 558, 0, 0
13235, 82, 255, 385, 0, 0, 26.70%, 0, 0, 4, 233.08, 3259549, 558, 0, 0
13240, 82, 204, 385, 0, 0, 26.70%, 0, 0, 4, 280.50, 3260809, 558, 0, 0
13245, 82, 163, 385, 0, 0, 26.70%, 0, 0, 4, 247.71, 3262079, 558, 0, 0
13250, 82, 139, 385, 0, 0, 26.70%, 0, 0, 4, 43.48, 3263274, 558, 0, 0
13255, 82, 376, 385, 0, 0, 26.70%, 0, 0, 4, 291.04, 3264504, 558, 0, 0
13260, 82, 167, 385, 0, 0, 26.70%, 0, 0, 4, 165.00, 3265643, 558, 0, 0
13266, 82, 338, 385, 0, 0, 26.70%, 0, 0, 4, 290.70, 3266954, 558, 0, 0
13271, 82, 344, 385, 0, 0, 26.70%, 0, 0, 4, 294.15, 3268159, 558, 0, 0
13276, 82, 120, 385, 0, 0, 26.70%, 0, 0, 4, 278.48, 3269454, 558, 0, 0
13281, 82, 233, 385, 0, 0, 26.70%, 0, 0, 4, 291.93, 3270639, 558, 0, 0
13286, 82, 295, 385, 0, 0, 26.70%, 0, 0, 4, 276.87, 3271854, 558, 0, 0
13291, 82, 340, 385, 0, 0, 26.70%, 0, 0, 4, 284.54, 3273044, 558, 0, 0
13296, 82, 338, 385, 0, 0, 26.70%, 0, 0, 4, 31.75, 3274219, 558, 0, 0
13301, 82, 59, 385, 0, 0, 26.70%, 0, 0, 4, 257.89, 3275489, 558, 0, 0
13307, 82, 255, 385, 0, 0, 26.70%, 0, 0, 4, 287.99, 3276689, 558, 0, 0
13312, 83, 214, 385, 0, 0, 26.70%, 0, 0, 4, 33.90, 3277964, 558, 0, 0
13317, 83, 246, 385, 0, 0, 26.70%, 0, 0, 4, 270.14, 3279213, 558, 0, 0
13322, 83, 146, 385, 0, 0, 26.70%, 0, 0, 4, 35.34, 3280484, 558, 0, 0
13327, 83, 90, 385, 0, 0, 26.70%, 0, 0, 4, 280.04, 3281789, 558, 0, 0
13333, 83, 204, 385, 0, 0, 26.70%, 0, 0, 4, 32.57, 3282979, 558, 0, 0
13338, 83, 233, 385, 0, 0, 26.70%, 0, 0, 4, 283.48, 3284189, 558, 0, 0
13343, 83, 115, 385, 0, 0, 26.70%, 0, 0, 4, 295.57, 3285444, 558, 0, 0
13348, 83, 109, 385, 0, 0, 26.70%, 0, 0, 4, 293.04, 3286709, 558, 0, 0
13353, 83, 364, 385, 0, 0, 26.70%, 0, 0, 4, 52.82, 3287939, 558, 0, 0
13358, 83, 47, 385, 0, 0, 26.70%, 0, 0, 4, 257.89, 3289204, 558, 0, 0
13363, 83, 330, 385, 0, 0, 26.70%, 0, 0, 4, 283.74, 3290524, 558, 0, 0
13368, 83, 382, 385, 0, 0, 26.70%, 0, 0, 4, 256.49, 3291774, 558, 0, 0
13373, 83, 52, 385, 0, 0, 26.70%, 0, 0, 4, 56.34, 3292994, 558, 0, 0
13379, 83, 270, 385, 0, 0, 26.70%, 0, 0, 4, 210.38, 3294277, 558, 0, 0
13384, 83, 195, 385, 0, 0, 26.70%, 0, 0, 4, 288.08, 3295524, 558, 0, 0
13389, 83, 266, 385, 0, 0, 26.70%, 0, 0, 4, 273.21, 3296704, 558, 0, 0
13394, 83, 326, 385, 0, 0, 26.70%, 0, 0, 4, 252.33, 3297970, 558, 0, 0
13399, 83, 115, 385, 0, 0, 26.70%, 0, 0, 4, 275.16, 3299274, 558, 0, 0
13404, 83, 344, 385, 0, 0, 26.70%, 0, 0, 4, 282.00, 3300549, 558, 0, 0
13409, 83, 193, 385, 0, 0, 26.70%, 0, 0, 4, 267.13, 3301794, 558, 0, 0
13414, 83, 179, 385, 0, 0, 26.70%, 0, 0, 4, 284.42, 3303059, 558, 0, 0
13420, 83, 43, 385, 0, 0, 26.70%, 0, 0, 4, 293.44, 3304359, 558, 0, 0
13425, 83, 272, 385, 0, 0, 26.70%, 0, 0, 4, 38.46, 3305559, 558, 0, 0
13430, 83, 109, 385, 0, 0, 26.70%, 0, 0, 4, 273.99, 3306849, 558, 0, 0
13435, 83, 338, 385, 0, 0, 26.70%, 0, 0, 4, 303.88, 3308061, 558, 0, 0
13440, 83, 338, 385, 0, 0, 26.70%, 0, 0, 4, 285.99, 3309344, 558, 0, 0
13445, 83, 344, 385, 0, 0, 26.70%, 0, 0, 4, 288.13, 3310554, 558, 0, 0
13450, 83, 269, 385, 0, 0, 26.70%, 0, 0, 4, 265.27, 3311849, 558, 0, 0
13456, 83, 350, 385, 0, 0, 26.70%, 0, 0, 4, 33.00, 3313049, 558, 0, 0
13461, 83, 344, 385, 0, 0, 26.70%, 0, 0, 4, 285.71, 3314312, 558, 0, 0
13466, 83, 109, 385, 0, 0, 26.70%, 0, 0, 4, 287.12, 3315574, 558, 0, 0
13471, 84, 266, 385, 0, 0, 26.70%, 0, 0, 4, 290.31, 3316824, 558, 0, 0
13476, 84, 350, 385, 0, 0, 26.70%, 0, 0, 4, 266.97, 3318029, 558, 0, 0
13481, 84, 163, 385, 0, 0, 26.70%, 0, 0, 4, 290.00, 3319193, 558, 0, 0
13486, 84, 145, 385, 0, 0, 26.70%, 0, 0, 4, 284.72, 3320504, 558, 0, 0
13491, 84, 59, 385, 0, 0, 26.70%, 0, 0, 4, 38.31, 3321734, 558, 0, 0
13496, 84, 158, 385, 0, 0, 26.70%, 0, 0, 4, 287.19, 3322954, 558, 0, 0
13501, 84, 214, 385, 0, 0, 26.70%, 0, 0, 4, 289.79, 3324229, 558, 0, 0
13506, 84, 255, 385, 0, 0, 26.70%, 0, 0, 4, 278.96, 3325479, 558, 0, 0
13511, 84, 46, 385, 0, 0, 26.70%, 0, 0, 4, 47.39, 3326629, 558, 0, 0
13516, 84, 270, 385, 0, 0, 26.70%, 0, 0, 4, 261.76, 3327914, 558, 0, 0
13522, 84, 115, 385, 0, 0, 26.70%, 0, 0, 4, 288.06, 3329149, 558, 0, 0
13527, 84, 167, 385, 0, 0, 26.70%, 0, 0, 4, 290.84, 3330454, 558, 0, 0
13532, 84, 59, 385, 0, 0, 26.70%, 0, 0, 4, 290.80, 3331639, 558, 0, 0
13537, 84, 326, 385, 0, 0, 26.70%, 0, 0, 4, 279.49, 3332934, 558, 0, 0
13542, 84, 234, 385, 0, 0, 26.70%, 0, 0, 4, 289.49, 3334213, 558, 0, 0
13547, 84, 97, 385, 0, 0, 26.70%, 0, 0, 4, 31.27, 3335071, 558, 0, 0
13552, 84, 191, 385, 0, 0, 26.70%, 0, 0, 4, 278.78, 3336484, 558, 0, 0
13558, 84, 219, 385, 0, 0, 26.70%, 0, 0, 4, 290.65, 3337624, 558, 0, 0
13563, 84, 338, 385, 0, 0, 26.70%, 0, 0, 4, 196.40, 3338713, 558, 0, 0
13568, 84, 253, 385, 0, 0, 26.70%, 0, 0, 4, 269.25, 3340184, 558, 0, 0
13573, 84, 52, 385, 0, 0, 26.70%, 0, 0, 4, 286.77, 3341234, 558, 0, 0
13578, 84, 266, 385, 0, 0, 26.70%, 0, 0, 4, 297.06, 3342338, 558, 0, 0
13583, 84, 270, 385, 0, 0, 26.70%, 0, 0, 4, 292.60, 3343838, 558, 0, 0
13588, 84, 63, 385, 0, 0, 26.70%, 0, 0, 4, 287.49, 3344899, 558, 0, 0
13593, 84, 270, 385, 0, 0, 26.70%, 0, 0, 4, 291.98, 3345974, 558, 0, 0
13598, 84, 242, 385, 0, 0, 26.70%, 0, 0, 4, 292.30, 3347479, 558, 0, 0
13604, 84, 195, 385, 0, 0, 26.70%, 0, 0, 4, 238.74, 3348577, 558, 0, 0
13609, 84, 350, 385, 0, 0, 26.70%, 0, 0, 4, 244.28, 3349657, 558, 0, 0
13614, 84, 321, 385, 0, 0, 26.70%, 0, 0, 4, 281.77, 3351154, 558, 0, 0
13619, 84, 334, 385, 0, 0, 26.70%, 0, 0, 4, 293.39, 3352274, 558, 0, 0
13624, 84, 115, 385, 0, 0, 26.70%, 0, 0, 4, 195.59, 3353362, 558, 0, 0
13629, 85, 204, 385, 0, 0, 26.70%, 0, 0, 4, 260.40, 3354824, 558, 0, 0
13635, 85, 236, 385, 0, 0, 26.70%, 0, 0, 4, 279.59, 3355939, 558, 0, 0
13640, 85, 338, 385, 0, 0, 26.70%, 0, 0, 4, 293.56, 3357034, 558, 0, 0
13645, 85, 236, 385, 0, 0, 26.70%, 0, 0, 4, 31.35, 3358479, 558, 0, 0
13650, 85, 263, 385, 0, 0, 26.70%, 0, 0, 4, 262.88, 3359634, 558, 0, 0
13655, 85, 195, 385, 0, 0, 26.70%, 0, 0, 4, 291.05, 3360744, 558, 0, 0
13660, 85, 46, 385, 0, 0, 26.70%, 0, 0, 4, 31.25, 3362084, 558, 0, 0
13665, 85, 344, 385, 0, 0, 26.70%, 0, 0, 4, 259.86, 3363289, 558, 0, 0
13670, 85, 233, 385, 0, 0, 26.70%, 0, 0, 4, 299.06, 3364364, 558, 0, 0
13676, 85, 141, 385, 0, 0, 26.70%, 0, 0, 4, 31.58, 3365688, 558, 0, 0
13681, 85, 115, 385, 0, 0, 26.70%, 0, 0, 4, 290.30, 3366869, 558, 0, 0
13686, 85, 242, 385, 0, 0, 26.70%, 0, 0, 4, 265.32, 3367949, 558, 0, 0
13691, 85, 163, 385, 0, 0, 26.70%, 0, 0, 4, 31.45, 3369324, 558, 0, 0
13696, 85, 234, 385, 0, 0, 26.70%, 0, 0, 4, 292.94, 3370504, 558, 0, 0
13701, 85, 247, 385, 0, 0, 26.70%, 0, 0, 4, 238.57, 3371600, 558, 0, 0
13706, 85, 344, 385, 0, 0, 26.70%, 0, 0, 4, 31.34, 3372931, 558, 0, 0
13711, 85, 49, 385, 0, 0, 26.70%, 0, 0, 4, 274.57, 3374129, 558, 0, 0
13716, 85, 255, 385, 0, 0, 26.70%, 0, 0, 4, 295.30, 3375194, 558, 0, 0
13721, 85, 262, 385, 0, 0, 26.70%, 0, 0, 4, 30.67, 3376579, 558, 0, 0
13726, 85, 291, 385, 0, 0, 26.70%, 0, 0, 4, 293.79, 3377759, 558, 0, 0
13731, 85, 326, 385, 0, 0, 26.70%, 0, 0, 4, 278.27, 3378814, 558, 0, 0
13736, 85, 52, 385, 0, 0, 26.70%, 0, 0, 4, 44.84, 3380264, 558, 0, 0
13741, 85, 233, 385, 0, 0, 26.70%, 0, 0, 4, 292.91, 3381384, 558, 0, 0
13747, 85, 330, 385, 0, 0, 26.70%, 0, 0, 4, 281.94, 3382489, 558, 0, 0
13752, 85, 170, 385, 0, 0, 26.70%, 0, 0, 4, 31.25, 3383839, 558, 0, 0
13757, 85, 214, 385, 0, 0, 26.70%, 0, 0, 4, 282.69, 3385004, 558, 0, 0
13762, 85, 280, 385, 0, 0, 26.70%, 0, 0, 4, 290.33, 3386089, 558, 0, 0
13767, 85, 292, 385, 0, 0, 26.70%, 0, 0, 4, 31.25, 3387384, 558, 0, 0
13772, 85, 164, 385, 0, 0, 26.70%, 0, 0, 4, 262.13, 3388594, 558, 0, 0
13777, 85, 122, 385, 0, 0, 26.70%, 0, 0, 4, 292.38, 3389704, 558, 0, 0
13782, 85, 242, 385, 0, 0, 26.70%, 0, 0, 4, 31.26, 3391006, 558, 0, 0
13787, 85, 113, 385, 0, 0, 26.70%, 0, 0, 4, 292.06, 3392314, 558, 0, 0
13793, 86, 120, 385, 0, 0, 26.70%, 0, 0, 4, 294.78, 3393434, 558, 0, 0
13798, 86, 167, 385, 0, 0, 26.70%, 0, 0, 4, 31.24, 3394527, 558, 0, 0
13803, 86, 109, 385, 0, 0, 26.70%, 0, 0, 4, 289.28, 3395984, 558, 0, 0
13808, 86, 233, 385, 0, 0, 26.70%, 0, 0, 4, 292.91, 3397029, 558, 0, 0
13813, 86, 306, 385, 0, 0, 26.70%, 0, 0, 4, 31.25, 3398132, 558, 0, 0
13818, 86, 270, 385, 0, 0, 26.70%, 0, 0, 4, 265.22, 3399614, 558, 0, 0
13823, 86, 111, 385, 0, 0, 26.70%, 0, 0, 4, 286.48, 3400714, 558, 0, 0
13828, 86, 270, 385, 0, 0, 26.70%, 0, 0, 4, 288.56, 3401762, 558, 0, 0
13833, 86, 236, 385, 0, 0, 26.70%, 0, 0, 4, 288.24, 3403204, 558, 0, 0
13838, 86, 350, 385, 0, 0, 26.70%, 0, 0, 4, 240.25, 3404313, 558, 0, 0
13843, 86, 233, 385, 0, 0, 26.70%, 0, 0, 4, 220.00, 3405381, 558, 0, 0
13849, 86, 167, 385, 0, 0, 26.70%, 0, 0, 4, 275.55, 3406863, 558, 0, 0
13854, 86, 246, 385, 0, 0, 26.70%, 0, 0, 4, 292.48, 3407939, 558, 0, 0
13859, 86, 234, 385, 0, 0, 26.70%, 0, 0, 4, 218.42, 3408979, 558, 0, 0
13864, 86, 167, 385, 0, 0, 26.70%, 0, 0, 4, 277.18, 3410479, 558, 0, 0
13869, 86, 115, 385, 0, 0, 26.70%, 0, 0, 4, 252.75, 3411599, 558, 0, 0
13874, 86, 47, 385, 0, 0, 26.70%, 0, 0, 4, 276.72, 3412719, 558, 0, 0
13879, 86, 364, 385, 0, 0, 26.70%, 0, 0, 4, 288.77, 3414224, 558, 0, 0
13884, 86, 364, 385, 0, 0, 26.70%, 0, 0, 4, 280.19, 3415334, 558, 0, 0
13890, 86, 47, 385, 0, 0, 26.70%, 0, 0, 4, 220.27, 3416430, 558, 0, 0
13895, 86, 344, 385, 0, 0, 26.70%, 0, 0, 4, 277.12, 3417929, 558, 0, 0
13900, 86, 233, 385, 0, 0, 26.70%, 0, 0, 4, 290.90, 3419029, 558, 0, 0
13905, 86, 214, 385, 0, 0, 26.70%, 0, 0, 4, 288.67, 3420099, 558, 0, 0
13910, 86, 146, 385, 0, 0, 26.70%, 0, 0, 4, 282.17, 3421588, 558, 0, 0
13915, 86, 59, 385, 0, 0, 26.70%, 0, 0, 4, 293.75, 3422734, 558, 0, 0
13921, 86, 120, 385, 0, 0, 26.70%, 0, 0, 4, 284.45, 3423789, 558, 0, 0
13926, 86, 233, 385, 0, 0, 26.70%, 0, 0, 4, 31.00, 3424990, 558, 0, 0
13931, 86, 52, 385, 0, 0, 26.70%, 0, 0, 4, 292.14, 3426394, 558, 0, 0
13936, 86, 266, 385, 0, 0, 26.70%, 0, 0, 4, 286.61, 3427489, 558, 0, 0
13941, 86, 97, 385, 0, 0, 26.70%, 0, 0, 4, 31.25, 3428589, 558, 0, 0
13946, 86, 330, 385, 0, 0, 26.70%, 0, 0, 4, 283.78, 3430079, 558, 0, 0
13951, 86, 71, 385, 0, 0, 26.70%, 0, 0, 4, 253.67, 3431134, 558, 0, 0
13956, 87, 125, 385, 0, 0, 26.70%, 0, 0, 4, 33.64, 3432191, 558, 0, 0
13962, 87, 204, 385, 0, 0, 26.70%, 0, 0, 4, 290.62, 3433704, 558, 0, 0
13967, 87, 233, 385, 0, 0, 26.70%, 0, 0, 4, 288.58, 3434764, 558, 0, 0
13972, 87, 196, 385, 0, 0, 26.70%, 0, 0, 4, 252.47, 3435844, 558, 0, 0
13977, 87, 292, 385, 0, 0, 26.70%, 0, 0, 4, 30.67, 3437269, 558, 0, 0
13982, 87, 262, 385, 0, 0, 26.70%, 0, 0, 4, 288.59, 3438439, 558, 0, 0
13987, 87, 236, 385, 0, 0, 26.70%, 0, 0, 4, 235.72, 3439544, 558, 0, 0
13992, 87, 242, 385, 0, 0, 26.70%, 0, 0, 4, 30.72, 3440870, 558, 0, 0
13998, 87, 170, 385, 0, 0, 26.70%, 0, 0, 4, 293.60, 3442184, 558, 0, 0
14003, 87, 146, 385, 0, 0, 26.70%, 0, 0, 4, 292.45, 3443239, 558, 0, 0
14008, 87, 97, 385, 0, 0, 26.70%, 0, 0, 4, 30.91, 3444400, 558, 0, 0
14013, 87, 326, 385, 0, 0, 26.70%, 0, 0, 4, 289.06, 3445784, 558, 0, 0
14018, 87, 195, 385, 0, 0, 26.70%, 0, 0, 4, 267.52, 3446849, 558, 0, 0
14023, 87, 344, 385, 0, 0, 26.70%, 0, 0, 4, 31.33, 3447937, 558, 0, 0
14028, 87, 266, 385, 0, 0, 26.70%, 0, 0, 4, 265.27, 3449409, 558, 0, 0
14033, 87, 270, 385, 0, 0, 26.70%, 0, 0, 4, 291.64, 3450479, 558, 0, 0
14038, 87, 120, 385, 0, 0, 26.70%, 0, 0, 4, 35.01, 3451551, 558, 0, 0
14043, 87, 338, 385, 0, 0, 26.70%, 0, 0, 4, 282.63, 3452979, 558, 0, 0
14048, 87, 209, 385, 0, 0, 26.70%, 0, 0, 4, 287.26, 3454089, 558, 0, 0
14054, 87, 111, 385, 0, 0, 26.70%, 0, 0, 4, 288.64, 3455189, 558, 0, 0
14059, 87, 262, 385, 0, 0, 26.70%, 0, 0, 4, 289.33, 3456689, 558, 0, 0
14064, 87, 255, 385, 0, 0, 26.70%, 0, 0, 4, 246.26, 3457778, 558, 0, 0
14069, 87, 236, 385, 0, 0, 26.70%, 0, 0, 4, 204.12, 3458835, 558, 0, 0
14074, 87, 255, 385, 0, 0, 26.70%, 0, 0, 4, 263.81, 3460313, 558, 0, 0
14079, 87, 59, 385, 0, 0, 26.70%, 0, 0, 4, 293.60, 3461469, 558, 0, 0
14085, 87, 0, 385, 0, 0, 26.70%, 0, 0, 4, 261.74, 3462569, 558, 0, 0
14090, 87, 3, 385, 0, 0, 26.70%, 0, 0, 4, 31.35, 3463919, 558, 0, 0
14095, 87, 255, 385, 0, 0, 26.70%, 0, 0, 4, 281.53, 3465139, 558, 0, 0
14100, 87, 340, 385, 0, 0, 26.70%, 0, 0, 4, 288.82, 3466234, 558, 0, 0
14105, 87, 164, 385, 0, 0, 26.70%, 0, 0, 4, 30.68, 3467556, 558, 0, 0
14110, 87, 52, 385, 0, 0, 26.70%, 0, 0, 4, 286.33, 3468839, 558, 0, 0
14116, 87, 204, 385, 0, 0, 26.70%, 0, 0, 4, 232.05, 3469957, 558, 0, 0
14121, 88, 344, 385, 0, 0, 26.70%, 0, 0, 4, 30.90, 3471069, 558, 0, 0
14126, 88, 255, 385, 0, 0, 26.70%, 0, 0, 4, 272.65, 3472544, 558, 0, 0
14131, 88, 115, 385, 0, 0, 26.70%, 0, 0, 4, 232.12, 3473615, 558, 0, 0
14136, 88, 46, 385, 0, 0, 26.70%, 0, 0, 4, 38.31, 3474686, 558, 0, 0
14141, 88, 330, 385, 0, 0, 26.70%, 0, 0, 4, 289.99, 3476174, 558, 0, 0
14146, 88, 120, 385, 0, 0, 26.70%, 0, 0, 4, 290.69, 3477238, 558, 0, 0
14151, 88, 338, 385, 0, 0, 26.70%, 0, 0, 4, 295.00, 3478297, 558, 0, 0
14157, 88, 115, 385, 0, 0, 26.70%, 0, 0, 4, 288.10, 3479789, 558, 0, 0
14162, 88, 236, 385, 0, 0, 26.70%, 0, 0, 4, 289.38, 3480854, 558, 0, 0
14167, 88, 262, 385, 0, 0, 26.70%, 0, 0, 4, 289.73, 3481959, 558, 0, 0
14172, 88, 340, 385, 0, 0, 26.70%, 0, 0, 4, 291.54, 3483464, 558, 0, 0
14177, 88, 163, 385, 0, 0, 26.70%, 0, 0, 4, 257.12, 3484534, 558, 0, 0
14182, 88, 270, 385, 0, 0, 26.70%, 0, 0, 4, 292.28, 3485594, 558, 0, 0
14187, 88, 214, 385, 0, 0, 26.70%, 0, 0, 4, 290.12, 3487094, 558, 0, 0
14192, 88, 350, 385, 0, 0, 26.70%, 0, 0, 4, 262.68, 3488194, 558, 0, 0
14197, 88, 330, 385, 0, 0, 26.70%, 0, 0, 4, 230.82, 3489272, 558, 0, 0
14203, 88, 195, 385, 0, 0, 26.70%, 0, 0, 4, 278.65, 3490774, 558, 0, 0
14208, 88, 167, 385, 0, 0, 26.70%, 0, 0, 4, 279.28, 3491894, 558, 0, 0
14213, 88, 167, 385, 0, 0, 26.70%, 0, 0, 4, 291.70, 3492939, 558, 0, 0
14218, 88, 139, 385, 0, 0, 26.70%, 0, 0, 4, 291.55, 3494439, 558, 0, 0
14223, 88, 209, 385, 0, 0, 26.70%, 0, 0, 4, 290.14, 3495524, 558, 0, 0
14228, 88, 46, 385, 0, 0, 26.70%, 0, 0, 4, 291.01, 3496594, 558, 0, 0
14233, 88, 35, 385, 0, 0, 26.70%, 0, 0, 4, 283.67, 3498069, 558, 0, 0
14238, 88, 313, 385, 0, 0, 26.70%, 0, 0, 4, 290.90, 3499194, 558, 0, 0
14244, 88, 350, 385, 0, 0, 26.70%, 0, 0, 4, 290.34, 3500309, 558, 0, 0
14249, 88, 195, 385, 0, 0, 26.70%, 0, 0, 4, 31.35, 3501734, 558, 0, 0
14254, 88, 178, 385, 0, 0, 26.70%, 0, 0, 4, 280.50, 3502909, 558, 0, 0
14259, 88, 126, 385, 0, 0, 26.70%, 0, 0, 4, 291.03, 3503964, 558, 0, 0
14264, 88, 326, 385, 0, 0, 26.70%, 0, 0, 4, 282.90, 3505389, 558, 0, 0
14269, 88, 115, 385, 0, 0, 26.70%, 0, 0, 4, 287.58, 3506504, 558, 0, 0
14274, 88, 99, 385, 0, 0, 26.70%, 0, 0, 4, 285.20, 3507554, 558, 0, 0
14279, 89, 120, 385, 0, 0, 26.70%, 0, 0, 4, 280.44, 3509019, 558, 0, 0
14285, 89, 109, 385, 0, 0, 26.70%, 0, 0, 4, 290.09, 3510144, 558, 0, 0
14290, 89, 47, 385, 0, 0, 26.70%, 0, 0, 4, 205.58, 3511206, 558, 0, 0
14295, 89, 113, 385, 0, 0, 26.70%, 0, 0, 4, 266.71, 3512639, 558, 0, 0
14300, 89, 338, 385, 0, 0, 26.70%, 0, 0, 4, 289.88, 3513763, 558, 0, 0
14305, 89, 233, 385, 0, 0, 26.70%, 0, 0, 4, 202.42, 3514853, 558, 0, 0
14310, 89, 109, 385, 0, 0, 26.70%, 0, 0, 4, 49.50, 3516294, 558, 0, 0
14315, 89, 244, 385, 0, 0, 26.70%, 0, 0, 4, 290.82, 3517414, 558, 0, 0
14320, 89, 49, 385, 0, 0, 26.70%, 0, 0, 4, 289.19, 3518474, 558, 0, 0
14325, 89, 242, 385, 0, 0, 26.70%, 0, 0, 4, 31.25, 3519854, 558, 0, 0
14330, 89, 178, 385, 0, 0, 26.70%, 0, 0, 4, 290.16, 3521039, 558, 0, 0
14336, 89, 340, 385, 0, 0, 26.70%, 0, 0, 4, 292.94, 3522124, 558, 0, 0
14341, 89, 120, 385, 0, 0, 26.70%, 0, 0, 4, 31.25, 3523426, 558, 0, 0
14346, 89, 252, 385, 0, 0, 26.70%, 0, 0, 4, 292.08, 3524724, 558, 0, 0
14351, 89, 105, 385, 0, 0, 26.70%, 0, 0, 4, 287.03, 3525794, 558, 0, 0
14356, 89, 233, 385, 0, 0, 26.70%, 0, 0, 4, 31.00, 3527030, 558, 0, 0
14361, 89, 59, 385, 0, 0, 26.70%, 0, 0, 4, 261.66, 3528399, 558, 0, 0
14367, 89, 227, 385, 0, 0, 26.70%, 0, 0, 4, 280.68, 3529509, 558, 0, 0
14372, 89, 145, 385, 0, 0, 26.70%, 0, 0, 4, 30.93, 3530660, 558, 0, 0
14377, 89, 340, 385, 0, 0, 26.70%, 0, 0, 4, 264.77, 3532079, 558, 0, 0
14382, 89, 344, 385, 0, 0, 26.70%, 0, 0, 4, 285.49, 3533174, 558, 0, 0
14387, 89, 139, 385, 0, 0, 26.70%, 0, 0, 4, 32.12, 3534241, 558, 0, 0
14392, 89, 242, 385, 0, 0, 26.70%, 0, 0, 4, 289.11, 3535738, 558, 0, 0
14397, 89, 115, 385, 0, 0, 26.70%, 0, 0, 4, 278.65, 3536799, 558, 0, 0
14402, 89, 364, 385, 0, 0, 26.70%, 0, 0, 4, 294.38, 3537889, 558, 0, 0
14407, 89, 209, 385, 0, 0, 26.70%, 0, 0, 4, 286.99, 3539374, 558, 0, 0
14413, 89, 195, 385, 0, 0, 26.70%, 0, 0, 4, 249.52, 3540486, 558, 0, 0
14418, 89, 59, 385, 0, 0, 26.70%, 0, 0, 4, 199.56, 3541562, 558, 0, 0
14423, 89, 236, 385, 0, 0, 26.70%, 0, 0, 4, 31.06, 3543004, 558, 0, 0
14428, 89, 163, 385, 0, 0, 26.70%, 0, 0, 4, 266.80, 3544164, 558, 0, 0
14433, 89, 266, 385, 0, 0, 26.70%, 0, 0, 4, 244.01, 3545269, 558, 0, 0
14438, 89, 59, 385, 0, 0, 26.70%, 0, 0, 4, 31.06, 3546554, 558, 0, 0
14443, 90, 167, 385, 0, 0, 26.70%, 0, 0, 4, 275.05, 3547774, 558, 0, 0
14448, 90, 164, 385, 0, 0, 26.70%, 0, 0, 4, 294.34, 3548834, 558, 0, 0
14453, 90, 313, 385, 0, 0, 26.70%, 0, 0, 4, 31.25, 3550108, 558, 0, 0
14459, 90, 164, 385, 0, 0, 26.70%, 0, 0, 4, 268.83, 3551414, 558, 0, 0
14464, 90, 338, 385, 0, 0, 26.70%, 0, 0, 4, 248.31, 3552474, 558, 0, 0
14469, 90, 338, 385, 0, 0, 26.70%, 0, 0, 4, 31.33, 3553688, 558, 0, 0
14474, 90, 59, 385, 0, 0, 26.70%, 0, 0, 4, 289.78, 3555029, 558, 0, 0
14479, 90, 270, 385, 0, 0, 26.70%, 0, 0, 4, 266.84, 3556089, 558, 0, 0
14484, 90, 204, 385, 0, 0, 26.70%, 0, 0, 4, 31.10, 3557252, 558, 0, 0
14489, 90, 52, 385, 0, 0, 26.70%, 0, 0, 4, 271.95, 3558684, 558, 0, 0
14494, 90, 234, 385, 0, 0, 26.70%, 0, 0, 4, 288.09, 3559764, 558, 0, 0
14499, 90, 214, 385, 0, 0, 26.70%, 0, 0, 4, 31.02, 3560857, 558, 0, 0
14505, 90, 262, 385, 0, 0, 26.70%, 0, 0, 4, 262.60, 3562313, 558, 0, 0
14510, 90, 382, 385, 0, 0, 26.70%, 0, 0, 4, 272.59, 3563419, 558, 0, 0
14515, 90, 52, 385, 0, 0, 26.70%, 0, 0, 4, 34.76, 3564490, 558, 0, 0
14520, 90, 236, 385, 0, 0, 26.70%, 0, 0, 4, 289.87, 3565988, 558, 0, 0
14525, 90, 313, 385, 0, 0, 26.70%, 0, 0, 4, 253.07, 3567014, 558, 0, 0
14530, 90, 214, 385, 0, 0, 26.70%, 0, 0, 4, 31.19, 3568064, 558, 0, 0
14535, 90, 232, 385, 0, 0, 26.70%, 0, 0, 4, 289.00, 3569559, 558, 0, 0
14540, 90, 233, 385, 0, 0, 26.70%, 0, 0, 4, 287.43, 3570619, 558, 0, 0
14545, 90, 270, 385, 0, 0, 26.70%, 0, 0, 4, 289.03, 3571719, 558, 0, 0
14551, 90, 163, 385, 0, 0, 26.70%, 0, 0, 4, 290.14, 3573219, 558, 0, 0
14556, 90, 333, 385, 0, 0, 26.70%, 0, 0, 4, 253.03, 3574259, 558, 0, 0
14561, 90, 242, 385, 0, 0, 26.70%, 0, 0, 4, 287.69, 3575344, 558, 0, 0
14566, 90, 350, 385, 0, 0, 26.70%, 0, 0, 4, 285.30, 3576784, 558, 0, 0
14571, 90, 214, 385, 0, 0, 26.70%, 0, 0, 4, 282.91, 3577894, 558, 0, 0
14576, 90, 139, 385, 0, 0, 26.70%, 0, 0, 4, 292.83, 3578979, 558, 0, 0
14581, 90, 164, 385, 0, 0, 26.70%, 0, 0, 4, 281.60, 3580409, 558, 0, 0
14586, 90, 262, 385, 0, 0, 26.70%, 0, 0, 4, 291.69, 3581534, 558, 0, 0
14591, 90, 64, 385, 0, 0, 26.70%, 0, 0, 4, 211.83, 3582620, 558, 0, 0
14597, 90, 179, 385, 0, 0, 26.70%, 0, 0, 4, 30.77, 3584004, 558, 0, 0
14602, 90, 333, 385, 0, 0, 26.70%, 0, 0, 4, 256.68, 3585254, 558, 0, 0
14607, 91, 348, 385, 0, 0, 26.70%, 0, 0, 4, 289.93, 3586319, 558, 0, 0
14612, 91, 274, 385, 0, 0, 26.70%, 0, 0, 4, 30.80, 3587583, 558, 0, 0
14617, 91, 262, 385, 0, 0, 26.70%, 0, 0, 4, 289.89, 3588889, 558, 0, 0
14622, 91, 46, 385, 0, 0, 26.70%, 0, 0, 4, 251.86, 3589962, 558, 0, 0
14627, 91, 344, 385, 0, 0, 26.70%, 0, 0, 4, 31.00, 3591190, 558, 0, 0
14633, 91, 246, 385, 0, 0, 26.70%, 0, 0, 4, 282.11, 3592574, 558, 0, 0
14638, 91, 119, 385, 0, 0, 26.70%, 0, 0, 4, 286.59, 3593644, 558, 0, 0
14643, 91, 202, 385, 0, 0, 26.70%, 0, 0, 4, 30.73, 3594845, 558, 0, 0
14648, 91, 340, 385, 0, 0, 26.70%, 0, 0, 4, 258.73, 3596249, 558, 0, 0
14653, 91, 105, 385, 0, 0, 26.70%, 0, 0, 4, 291.71, 3597319, 558, 0, 0
14658, 91, 109, 385, 0, 0, 26.70%, 0, 0, 4, 30.99, 3598475, 558, 0, 0
14663, 91, 170, 385, 0, 0, 26.70%, 0, 0, 4, 265.40, 3599904, 558, 0, 0
14669, 91, 333, 385, 0, 0, 26.70%, 0, 0, 4, 288.07, 3600994, 558, 0, 0
14674, 91, 338, 385, 0, 0, 26.70%, 0, 0, 4, 36.15, 3602060, 558, 0, 0
14679, 91, 203, 385, 0, 0, 26.70%, 0, 0, 4, 288.02, 3603544, 558, 0, 0
14684, 91, 270, 385, 0, 0, 26.70%, 0, 0, 4, 293.56, 3604659, 558, 0, 0
14689, 91, 109, 385, 0, 0, 26.70%, 0, 0, 4, 295.00, 3605737, 558, 0, 0
14694, 91, 236, 385, 0, 0, 26.70%, 0, 0, 4, 291.84, 3607234, 558, 0, 0
14699, 91, 58, 385, 0, 0, 26.70%, 0, 0, 4, 258.31, 3608329, 558, 0, 0
14704, 91, 340, 385, 0, 0, 26.70%, 0, 0, 4, 291.72, 3609389, 558, 0, 0
14709, 91, 120, 385, 0, 0, 26.70%, 0, 0, 4, 291.60, 3610889, 558, 0, 0
14714, 91, 61, 385, 0, 0, 26.70%, 0, 0, 4, 292.02, 3611964, 558, 0, 0
14720, 91, 139, 385, 0, 0, 26.70%, 0, 0, 4, 297.29, 3613024, 558, 0, 0
14725, 91, 193, 385, 0, 0, 26.70%, 0, 0, 4, 289.62, 3614519, 558, 0, 0
14730, 91, 58, 385, 0, 0, 26.70%, 0, 0, 4, 262.58, 3615624, 558, 0, 0
14735, 91, 242, 385, 0, 0, 26.70%, 0, 0, 4, 288.60, 3616689, 558, 0, 0
14740, 91, 46, 385, 0, 0, 26.70%, 0, 0, 4, 282.08, 3618114, 558, 0, 0
14745, 91, 364, 385, 0, 0, 26.70%, 0, 0, 4, 289.32, 3619249, 558, 0, 0
14750, 91, 170, 385, 0, 0, 26.70%, 0, 0, 4, 291.59, 3620294, 558, 0, 0
14755, 91, 364, 385, 0, 0, 26.70%, 0, 0, 4, 284.62, 3621794, 558, 0, 0
14761, 91, 109, 385, 0, 0, 26.70%, 0, 0, 4, 291.85, 3622919, 558, 0, 0
14766, 91, 364, 385, 0, 0, 26.70%, 0, 0, 4, 293.89, 3624019, 558, 0, 0
14771, 92, 344, 385, 0, 0, 26.70%, 0, 0, 4, 48.39, 3625404, 558, 0, 0
14776, 92, 195, 385, 0, 0, 26.70%, 0, 0, 4, 292.08, 3626549, 558, 0, 0
14781, 92, 115, 385, 0, 0, 26.70%, 0, 0, 4, 234.94, 3627582, 558, 0, 0
14786, 92, 49, 385, 0, 0, 26.70%, 0, 0, 4, 31.43, 3628833, 558, 0, 0
14791, 92, 194, 385, 0, 0, 26.70%, 0, 0, 4, 289.60, 3630134, 558, 0, 0
14796, 92, 52, 385, 0, 0, 26.70%, 0, 0, 4, 290.29, 3631209, 558, 0, 0
14801, 92, 38, 385, 0, 0, 26.70%, 0, 0, 4, 30.92, 3632463, 558, 0, 0
14806, 92, 344, 385, 0, 0, 26.70%, 0, 0, 4, 282.29, 3633738, 558, 0, 0
14811, 92, 52, 385, 0, 0, 26.70%, 0, 0, 4, 281.99, 3634804, 558, 0, 0
14816, 92, 51, 385, 0, 0, 26.70%, 0, 0, 4, 48.80, 3636045, 558, 0, 0
14822, 92, 170, 385, 0, 0, 26.70%, 0, 0, 4, 291.49, 3637399, 558, 0, 0
14827, 92, 133, 385, 0, 0, 26.70%, 0, 0, 4, 293.13, 3638504, 558, 0, 0
14832, 92, 167, 385, 0, 0, 26.70%, 0, 0, 4, 31.51, 3639677, 558, 0, 0
14837, 92, 195, 385, 0, 0, 26.70%, 0, 0, 4, 290.93, 3641124, 558, 0, 0
14842, 92, 69, 385, 0, 0, 26.70%, 0, 0, 4, 261.05, 3642234, 558, 0, 0
14847, 92, 167, 385, 0, 0, 26.70%, 0, 0, 4, 30.97, 3643365, 558, 0, 0
14852, 92, 109, 385, 0, 0, 26.70%, 0, 0, 4, 284.52, 3644814, 558, 0, 0
14858, 92, 204, 385, 0, 0, 26.70%, 0, 0, 4, 253.64, 3645929, 558, 0, 0
14863, 92, 59, 385, 0, 0, 26.70%, 0, 0, 4, 183.16, 3647035, 558, 0, 0
14868, 92, 73, 385, 0, 0, 26.70%, 0, 0, 4, 264.22, 3648513, 558, 0, 0
14873, 92, 193, 385, 0, 0, 26.70%, 0, 0, 4, 289.48, 3649604, 558, 0, 0
14878, 92, 76, 385, 0, 0, 26.70%, 0, 0, 4, 292.25, 3650664, 558, 0, 0
14883, 92, 163, 385, 0, 0, 26.70%, 0, 0, 4, 35.97, 3652054, 558, 0, 0
14888, 92, 350, 385, 0, 0, 26.70%, 0, 0, 4, 290.23, 3653194, 558, 0, 0
14893, 92, 255, 385, 0, 0, 26.70%, 0, 0, 4, 289.10, 3654284, 558, 0, 0
14899, 92, 49, 385, 0, 0, 26.70%, 0, 0, 4, 31.15, 3655714, 558, 0, 0
14904, 92, 333, 385, 0, 0, 26.70%, 0, 0, 4, 292.08, 3656899, 558, 0, 0
14909, 92, 170, 385, 0, 0, 26.70%, 0, 0, 4, 261.56, 3657934, 558, 0, 0
14914, 92, 46, 385, 0, 0, 26.70%, 0, 0, 4, 31.06, 3659344, 558, 0, 0
14919, 92, 266, 385, 0, 0, 26.70%, 0, 0, 4, 265.82, 3660499, 558, 0, 0
14924, 92, 236, 385, 0, 0, 26.70%, 0, 0, 4, 291.13, 3661589, 558, 0, 0
14929, 92, 313, 385, 0, 0, 26.70%, 0, 0, 4, 44.50, 3662772, 558, 0, 0
14934, 93, 262, 385, 0, 0, 26.70%, 0, 0, 4, 286.30, 3664169, 558, 0, 0
14940, 93, 270, 385, 0, 0, 26.70%, 0, 0, 4, 287.88, 3665274, 558, 0, 0
14945, 93, 139, 385, 0, 0, 26.70%, 0, 0, 4, 31.27, 3666372, 558, 0, 0
14950, 93, 240, 385, 0, 0, 26.70%, 0, 0, 4, 290.91, 3667829, 558, 0, 0
14955, 93, 38, 385, 0, 0, 26.70%, 0, 0, 4, 285.21, 3668874, 558, 0, 0
14960, 93, 242, 385, 0, 0, 26.70%, 0, 0, 4, 31.52, 3669952, 558, 0, 0
14965, 93, 270, 385, 0, 0, 26.70%, 0, 0, 4, 278.80, 3671439, 558, 0, 0
14970, 93, 115, 385, 0, 0, 26.70%, 0, 0, 4, 292.47, 3672539, 558, 0, 0
14975, 93, 77, 385, 0, 0, 26.70%, 0, 0, 4, 264.59, 3673659, 558, 0, 0
14981, 93, 344, 385, 0, 0, 26.70%, 0, 0, 4, 40.54, 3675056, 558, 0, 0
14986, 93, 163, 385, 0, 0, 26.70%, 0, 0, 4, 291.48, 3676229, 558, 0, 0
14991, 93, 133, 385, 0, 0, 26.70%, 0, 0, 4, 234.46, 3677293, 558, 0, 0
14996, 93, 195, 385, 0, 0, 26.70%, 0, 0, 4, 47.45, 3678638, 558, 0, 0
15001, 93, 46, 385, 0, 0, 26.70%, 0, 0, 4, 292.50, 3679874, 558, 0, 0
15006, 93, 364, 385, 0, 0, 26.70%, 0, 0, 4, 289.26, 3680924, 558, 0, 0
15011, 93, 326, 385, 0, 0, 26.70%, 0, 0, 4, 31.00, 3682216, 558, 0, 0
15016, 93, 242, 385, 0, 0, 26.70%, 0, 0, 4, 290.38, 3683454, 558, 0, 0
15021, 93, 234, 385, 0, 0, 26.70%, 0, 0, 4, 252.77, 3684554, 558, 0, 0
15027, 93, 236, 385, 0, 0, 26.70%, 0, 0, 4, 31.28, 3685785, 558, 0, 0
15032, 93, 163, 385, 0, 0, 26.70%, 0, 0, 4, 283.15, 3687174, 558, 0, 0
15037, 93, 233, 385, 0, 0, 26.70%, 0, 0, 4, 288.44, 3688288, 558, 0, 0
15042, 93, 330, 385, 0, 0, 26.70%, 0, 0, 4, 31.34, 3689349, 558, 0, 0
15047, 93, 236, 385, 0, 0, 26.70%, 0, 0, 4, 291.15, 3690849, 558, 0, 0
15052, 93, 59, 385, 0, 0, 26.70%, 0, 0, 4, 290.22, 3691939, 558, 0, 0
15057, 93, 333, 385, 0, 0, 26.70%, 0, 0, 4, 272.28, 3693004, 558, 0, 0
15063, 93, 109, 385, 0, 0, 26.70%, 0, 0, 4, 287.54, 3694494, 558, 0, 0
15068, 93, 49, 385, 0, 0, 26.70%, 0, 0, 4, 276.70, 3695589, 558, 0, 0
15073, 93, 115, 385, 0, 0, 26.70%, 0, 0, 4, 292.62, 3696694, 558, 0, 0
15078, 93, 330, 385, 0, 0, 26.70%, 0, 0, 4, 291.32, 3698194, 558, 0, 0
15083, 93, 262, 385, 0, 0, 26.70%, 0, 0, 4, 289.14, 3699294, 558, 0, 0
15088, 93, 233, 385, 0, 0, 26.70%, 0, 0, 4, 194.69, 3700351, 558, 0, 0
15093, 93, 246, 385, 0, 0, 26.70%, 0, 0, 4, 260.60, 3701784, 558, 0, 0
15098, 94, 292, 385, 0, 0, 26.70%, 0, 0, 4, 288.86, 3702929, 558, 0, 0
15104, 94, 270, 385, 0, 0, 26.70%, 0, 0, 4, 285.11, 3704024, 558, 0, 0
15109, 94, 47, 385, 0, 0, 26.70%, 0, 0, 4, 31.24, 3705248, 558, 0, 0
15114, 94, 255, 385, 0, 0, 26.70%, 0, 0, 4, 260.69, 3706559, 558, 0, 0
15119, 94, 270, 385, 0, 0, 26.70%, 0, 0, 4, 228.39, 3707620, 558, 0, 0
15124, 94, 163, 385, 0, 0, 26.70%, 0, 0, 4, 30.97, 3708861, 558, 0, 0
15129, 94, 74, 385, 0, 0, 26.70%, 0, 0, 4, 266.89, 3710179, 558, 0, 0
15134, 94, 109, 385, 0, 0, 26.70%, 0, 0, 4, 290.87, 3711254, 558, 0, 0
15139, 94, 167, 385, 0, 0, 26.70%, 0, 0, 4, 46.82, 3712432, 558, 0, 0
15144, 94, 52, 385, 0, 0, 26.70%, 0, 0, 4, 290.93, 3713844, 558, 0, 0
15150, 94, 4, 385, 0, 0, 26.70%, 0, 0, 4, 290.20, 3714949, 558, 0, 0
15155, 94, 233, 385, 0, 0, 26.70%, 0, 0, 4, 34.68, 3716054, 558, 0, 0
15160, 94, 115, 385, 0, 0, 26.70%, 0, 0, 4, 290.82, 3717554, 558, 0, 0
15165, 94, 115, 385, 0, 0, 26.70%, 0, 0, 4, 293.73, 3718644, 558, 0, 0
15170, 94, 47, 385, 0, 0, 26.70%, 0, 0, 4, 289.01, 3719719, 558, 0, 0
15175, 94, 344, 385, 0, 0, 26.70%, 0, 0, 4, 289.88, 3721219, 558, 0, 0
15181, 94, 284, 385, 0, 0, 26.70%, 0, 0, 4, 287.63, 3722329, 558, 0, 0
15186, 94, 292, 385, 0, 0, 26.70%, 0, 0, 4, 231.81, 3723427, 558, 0, 0
15191, 94, 344, 385, 0, 0, 26.70%, 0, 0, 4, 31.25, 3724829, 558, 0, 0
15196, 94, 120, 385, 0, 0, 26.70%, 0, 0, 4, 279.18, 3725984, 558, 0, 0
15201, 94, 179, 385, 0, 0, 26.70%, 0, 0, 4, 245.26, 3727048, 558, 0, 0
15206, 94, 52, 385, 0, 0, 26.70%, 0, 0, 4, 31.25, 3728351, 558, 0, 0
15211, 94, 383, 385, 0, 0, 26.70%, 0, 0, 4, 289.02, 3729584, 558, 0, 0
15216, 94, 266, 385, 0, 0, 26.70%, 0, 0, 4, 287.78, 3730644, 558, 0, 0
15221, 94, 115, 385, 0, 0, 26.70%, 0, 0, 4, 31.07, 3731956, 558, 0, 0
15226, 94, 348, 385, 0, 0, 26.70%, 0, 0, 4, 289.44, 3733184, 558, 0, 0
15232, 94, 75, 385, 0, 0, 26.70%, 0, 0, 4, 295.54, 3734279, 558, 0, 0
15237, 94, 326, 385, 0, 0, 26.70%, 0, 0, 4, 31.19, 3735488, 558, 0, 0
15242, 94, 195, 385, 0, 0, 26.70%, 0, 0, 4, 289.99, 3736849, 558, 0, 0
15247, 94, 179, 385, 0, 0, 26.70%, 0, 0, 4, 294.83, 3737929, 558, 0, 0
15252, 94, 350, 385, 0, 0, 26.70%, 0, 0, 4, 34.16, 3739032, 558, 0, 0
15257, 94, 266, 385, 0, 0, 26.70%, 0, 0, 4, 289.82, 3740529, 558, 0, 0
15262, 95, 233, 385, 0, 0, 26.70%, 0, 0, 4, 290.74, 3741604, 558, 0, 0
15267, 95, 364, 385, 0, 0, 26.70%, 0, 0, 4, 290.15, 3742684, 558, 0, 0
15273, 95, 338, 385, 0, 0, 26.70%, 0, 0, 4, 292.23, 3744188, 558, 0, 0
15278, 95, 133, 385, 0, 0, 26.70%, 0, 0, 4, 277.97, 3745274, 558, 0, 0
15283, 95, 255, 385, 0, 0, 26.70%, 0, 0, 4, 300.27, 3746385, 558, 0, 0
15288, 95, 234, 385, 0, 0, 26.70%, 0, 0, 4, 291.29, 3747879, 558, 0, 0
15293, 95, 358, 385, 0, 0, 26.70%, 0, 0, 4, 286.31, 3748919, 558, 0, 0
15298, 95, 150, 385, 0, 0, 26.70%, 0, 0, 4, 245.98, 3749991, 558, 0, 0
15303, 95, 379, 385, 0, 0, 26.70%, 0, 0, 4, 267.68, 3751394, 558, 0, 0
15308, 95, 340, 385, 0, 0, 26.70%, 0, 0, 4, 251.85, 3752538, 558, 0, 0
15313, 95, 11, 385, 0, 0, 26.70%, 0, 0, 4, 300.41, 3753610, 558, 0, 0
15318, 95, 236, 385, 0, 0, 26.70%, 0, 0, 4, 31.15, 3754959, 558, 0, 0
15323, 95, 343, 385, 0, 0, 26.70%, 0, 0, 4, 289.26, 3756139, 558, 0, 0
15328, 95, 340, 385, 0, 0, 26.70%, 0, 0, 4, 300.04, 3757204, 558, 0, 0
15334, 95, 49, 385, 0, 0, 26.70%, 0, 0, 4, 30.96, 3758589, 558, 0, 0
15339, 95, 46, 385, 0, 0, 26.70%, 0, 0, 4, 277.40, 3759744, 558, 0, 0
15344, 95, 120, 385, 0, 0, 26.70%, 0, 0, 4, 249.18, 3760812, 558, 0, 0
15349, 95, 273, 385, 0, 0, 26.70%, 0, 0, 4, 30.96, 3762159, 558, 0, 0
15354, 95, 47, 385, 0, 0, 26.70%, 0, 0, 4, 291.79, 3763339, 558, 0, 0
15359, 95, 371, 385, 0, 0, 26.70%, 0, 0, 4, 292.37, 3764399, 558, 0, 0
15364, 95, 46, 385, 0, 0, 26.70%, 0, 0, 4, 30.98, 3765628, 558, 0, 0
15369, 95, 163, 385, 0, 0, 26.70%, 0, 0, 4, 288.24, 3766963, 558, 0, 0
15374, 95, 236, 385, 0, 0, 26.70%, 0, 0, 4, 222.40, 3768011, 558, 0, 0
15379, 95, 118, 385, 0, 0, 26.70%, 0, 0, 4, 31.13, 3769210, 558, 0, 0
15384, 95, 18, 385, 0, 0, 26.70%, 0, 0, 4, 293.68, 3770629, 558, 0, 0
15390, 95, 234, 385, 0, 0, 26.70%, 0, 0, 4, 293.19, 3771729, 558, 0, 0
15395, 95, 292, 385, 0, 0, 26.70%, 0, 0, 4, 50.07, 3772822, 558, 0, 0
15400, 95, 382, 385, 0, 0, 26.70%, 0, 0, 4, 290.14, 3774244, 558, 0, 0
15405, 95, 6, 385, 0, 0, 26.70%, 0, 0, 4, 287.51, 3775294, 558, 0, 0
15410, 95, 49, 385, 0, 0, 26.70%, 0, 0, 4, 228.11, 3776388, 558, 0, 0
15415, 95, 326, 385, 0, 0, 26.70%, 0, 0, 4, 277.76, 3777889, 558, 0, 0
15420, 95, 167, 385, 0, 0, 26.70%, 0, 0, 4, 289.47, 3778963, 558, 0, 0
15425, 96, 127, 385, 0, 0, 26.70%, 0, 0, 4, 255.54, 3780034, 558, 0, 0
15430, 96, 246, 385, 0, 0, 26.70%, 0, 0, 4, 278.67, 3781514, 558, 0, 0
15436, 96, 338, 385, 0, 0, 26.70%, 0, 0, 4, 267.80, 3782624, 558, 0, 0
15441, 96, 164, 385, 0, 0, 26.70%, 0, 0, 4, 287.05, 3783724, 558, 0, 0
15446, 96, 117, 385, 0, 0, 26.70%, 0, 0, 4, 31.07, 3784961, 558, 0, 0
15451, 96, 195, 385, 0, 0, 26.70%, 0, 0, 4, 270.35, 3786229, 558, 0, 0
15456, 96, 98, 385, 0, 0, 26.70%, 0, 0, 4, 288.91, 3787304, 558, 0, 0
15461, 96, 164, 385, 0, 0, 26.70%, 0, 0, 4, 31.37, 3788407, 558, 0, 0
15466, 96, 354, 385, 0, 0, 26.70%, 0, 0, 4, 286.34, 3789844, 558, 0, 0
15471, 96, 234, 385, 0, 0, 26.70%, 0, 0, 4, 289.60, 3790949, 558, 0, 0
15477, 96, 255, 385, 0, 0, 26.70%, 0, 0, 4, 290.54, 3792054, 558, 0, 0
15482, 96, 167, 385, 0, 0, 26.70%, 0, 0, 4, 290.51, 3793554, 558, 0, 0
15487, 96, 93, 385, 0, 0, 26.70%, 0, 0, 4, 287.79, 3794654, 558, 0, 0
15492, 96, 260, 385, 0, 0, 26.70%, 0, 0, 4, 204.11, 3795738, 558, 0, 0
15497, 96, 179, 385, 0, 0, 26.70%, 0, 0, 4, 31.25, 3797013, 558, 0, 0
15502, 96, 364, 385, 0, 0, 26.70%, 0, 0, 4, 290.95, 3798269, 558, 0, 0
15507, 96, 190, 385, 0, 0, 26.70%, 0, 0, 4, 253.42, 3799364, 558, 0, 0
15512, 96, 170, 385, 0, 0, 26.70%, 0, 0, 4, 33.58, 3800537, 558, 0, 0
15518, 96, 313, 385, 0, 0, 26.70%, 0, 0, 4, 288.58, 3801929, 558, 0, 0
15523, 96, 234, 385, 0, 0, 26.70%, 0, 0, 4, 252.99, 3802984, 558, 0, 0
15528, 96, 167, 385, 0, 0, 26.70%, 0, 0, 4, 31.76, 3804065, 558, 0, 0
15533, 96, 139, 385, 0, 0, 26.70%, 0, 0, 4, 288.70, 3805564, 558, 0, 0
15538, 96, 330, 385, 0, 0, 26.70%, 0, 0, 4, 286.52, 3806609, 558, 0, 0
15543, 96, 326, 385, 0, 0, 26.70%, 0, 0, 4, 271.58, 3807694, 558, 0, 0
15548, 96, 214, 385, 0, 0, 26.70%, 0, 0, 4, 280.98, 3809189, 558, 0, 0
15554, 96, 304, 385, 0, 0, 26.70%, 0, 0, 4, 281.97, 3810309, 558, 0, 0
15559, 96, 46, 385, 0, 0, 26.70%, 0, 0, 4, 198.18, 3811408, 558, 0, 0
15564, 96, 120, 385, 0, 0, 26.70%, 0, 0, 4, 31.07, 3812751, 558, 0, 0
15569, 96, 270, 385, 0, 0, 26.70%, 0, 0, 4, 290.69, 3813979, 558, 0, 0
15574, 96, 212, 385, 0, 0, 26.70%, 0, 0, 4, 288.83, 3815049, 558, 0, 0
15579, 96, 255, 385, 0, 0, 26.70%, 0, 0, 4, 31.26, 3816253, 558, 0, 0
15584, 96, 236, 385, 0, 0, 26.70%, 0, 0, 4, 290.83, 3817609, 558, 0, 0
15589, 97, 139, 385, 0, 0, 26.70%, 0, 0, 4, 240.31, 3818671, 558, 0, 0
15594, 97, 170, 385, 0, 0, 26.70%, 0, 0, 4, 32.72, 3819764, 558, 0, 0
15599, 97, 163, 385, 0, 0, 26.70%, 0, 0, 4, 291.93, 3821264, 558, 0, 0
15605, 97, 164, 385, 0, 0, 26.70%, 0, 0, 4, 290.41, 3822364, 558, 0, 0
15610, 97, 242, 385, 0, 0, 26.70%, 0, 0, 4, 246.10, 3823432, 558, 0, 0
15615, 97, 330, 385, 0, 0, 26.70%, 0, 0, 4, 273.10, 3824909, 558, 0, 0
15620, 97, 52, 385, 0, 0, 26.70%, 0, 0, 4, 292.13, 3826039, 558, 0, 0
15625, 97, 344, 385, 0, 0, 26.70%, 0, 0, 4, 289.14, 3827134, 558, 0, 0
15630, 97, 120, 385, 0, 0, 26.70%, 0, 0, 4, 30.69, 3828461, 558, 0, 0
15636, 97, 144, 385, 0, 0, 26.70%, 0, 0, 4, 286.20, 3829679, 558, 0, 0
15641, 97, 92, 385, 0, 0, 26.70%, 0, 0, 4, 227.19, 3830779, 558, 0, 0
15646, 97, 233, 385, 0, 0, 26.70%, 0, 0, 4, 30.69, 3831940, 558, 0, 0
15651, 97, 340, 385, 0, 0, 26.70%, 0, 0, 4, 289.27, 3833338, 558, 0, 0
15656, 97, 109, 385, 0, 0, 26.70%, 0, 0, 4, 290.14, 3834424, 558, 0, 0
15661, 97, 349, 385, 0, 0, 26.70%, 0, 0, 4, 285.00, 3835505, 558, 0, 0
15666, 97, 49, 385, 0, 0, 26.70%, 0, 0, 4, 290.33, 3837004, 558, 0, 0
15671, 97, 195, 385, 0, 0, 26.70%, 0, 0, 4, 284.58, 3838064, 558, 0, 0
15676, 97, 313, 385, 0, 0, 26.70%, 0, 0, 4, 205.49, 3839126, 558, 0, 0
15681, 97, 109, 385, 0, 0, 26.70%, 0, 0, 4, 274.36, 3840624, 558, 0, 0
15686, 97, 233, 385, 0, 0, 26.70%, 0, 0, 4, 288.49, 3841684, 558, 0, 0
15692, 97, 120, 385, 0, 0, 26.70%, 0, 0, 4, 293.17, 3842739, 558, 0, 0
15697, 97, 248, 385, 0, 0, 26.70%, 0, 0, 4, 291.15, 3844244, 558, 0, 0
15702, 97, 179, 385, 0, 0, 26.70%, 0, 0, 4, 290.25, 3845313, 558, 0, 0
15707, 97, 270, 385, 0, 0, 26.70%, 0, 0, 4, 292.96, 3846369, 558, 0, 0
15712, 97, 333, 385, 0, 0, 26.70%, 0, 0, 4, 30.77, 3847794, 558, 0, 0
15717, 97, 195, 385, 0, 0, 26.70%, 0, 0, 4, 276.49, 3848949, 558, 0, 0
15722, 97, 2, 385, 0, 0, 26.70%, 0, 0, 4, 289.74, 3850054, 558, 0, 0
15727, 97, 167, 385, 0, 0, 26.70%, 0, 0, 4, 31.16, 3851333, 558, 0, 0
15732, 97, 193, 385, 0, 0, 26.70%, 0, 0, 4, 287.21, 3852614, 558, 0, 0
15738, 97, 59, 385, 0, 0, 26.70%, 0, 0, 4, 291.75, 3853669, 558, 0, 0
15743, 97, 195, 385, 0, 0, 26.70%, 0, 0, 4, 31.08, 3854878, 558, 0, 0
15748, 97, 384, 385, 0, 0, 26.70%, 0, 0, 4, 268.09, 3856254, 558, 0, 0
15753, 98, 97, 385, 0, 0, 26.70%, 0, 0, 4, 289.77, 3857329, 558, 0, 0
15758, 98, 163, 385, 0, 0, 26.70%, 0, 0, 4, 178.22, 3858430, 558, 0, 0
15763, 98, 262, 385, 0, 0, 26.70%, 0, 0, 4, 266.89, 3859919, 558, 0, 0
15768, 98, 242, 385, 0, 0, 26.70%, 0, 0, 4, 271.12, 3860994, 558, 0, 0
15774, 98, 340, 385, 0, 0, 26.70%, 0, 0, 4, 287.78, 3862099, 558, 0, 0
15779, 98, 262, 385, 0, 0, 26.70%, 0, 0, 4, 287.19, 3863599, 558, 0, 0
15784, 98, 344, 385, 0, 0, 26.70%, 0, 0, 4, 262.28, 3864709, 558, 0, 0
15789, 98, 364, 385, 0, 0, 26.70%, 0, 0, 4, 297.40, 3865819, 558, 0, 0
15794, 98, 170, 385, 0, 0, 26.70%, 0, 0, 4, 31.07, 3867068, 558, 0, 0
15799, 98, 242, 385, 0, 0, 26.70%, 0, 0, 4, 277.36, 3868449, 558, 0, 0
15805, 98, 139, 385, 0, 0, 26.70%, 0, 0, 4, 291.70, 3869529, 558, 0, 0
15810, 98, 326, 385, 0, 0, 26.70%, 0, 0, 4, 31.10, 3870624, 558, 0, 0
15815, 98, 15, 385, 0, 0, 26.70%, 0, 0, 4, 289.50, 3872109, 558, 0, 0
15820, 98, 303, 385, 0, 0, 26.70%, 0, 0, 4, 261.66, 3873209, 558, 0, 0
15825, 98, 160, 385, 0, 0, 26.70%, 0, 0, 4, 253.73, 3874255, 558, 0, 0
15830, 98, 28, 385, 0, 0, 26.70%, 0, 0, 4, 283.42, 3875769, 558, 0, 0
15835, 98, 313, 385, 0, 0, 26.70%, 0, 0, 4, 293.48, 3876874, 558, 0, 0
15841, 98, 242, 385, 0, 0, 26.70%, 0, 0, 4, 209.55, 3877972, 558, 0, 0
15846, 98, 236, 385, 0, 0, 26.70%, 0, 0, 4, 31.25, 3879349, 558, 0, 0
15851, 98, 195, 385, 0, 0, 26.70%, 0, 0, 4, 282.18, 3880519, 558, 0, 0
15856, 98, 214, 385, 0, 0, 26.70%, 0, 0, 4, 250.52, 3881628, 558, 0, 0
15861, 98, 146, 385, 0, 0, 26.70%, 0, 0, 4, 30.93, 3882923, 558, 0, 0
15866, 98, 49, 385, 0, 0, 26.70%, 0, 0, 4, 273.74, 3884189, 558, 0, 0
15871, 98, 170, 385, 0, 0, 26.70%, 0, 0, 4, 293.03, 3885314, 558, 0, 0
15876, 98, 214, 385, 0, 0, 26.70%, 0, 0, 4, 31.08, 3886467, 558, 0, 0
15882, 98, 270, 385, 0, 0, 26.70%, 0, 0, 4, 283.98, 3887899, 558, 0, 0
15887, 98, 344, 385, 0, 0, 26.70%, 0, 0, 4, 291.92, 3888959, 558, 0, 0
15892, 98, 270, 385, 0, 0, 26.70%, 0, 0, 4, 286.27, 3890029, 558, 0, 0
15897, 98, 108, 385, 0, 0, 26.70%, 0, 0, 4, 279.49, 3891514, 558, 0, 0
15902, 98, 195, 385, 0, 0, 26.70%, 0, 0, 4, 247.58, 3892655, 558, 0, 0
15907, 98, 59, 385, 0, 0, 26.70%, 0, 0, 4, 286.10, 3893709, 558, 0, 0
15912, 99, 52, 385, 0, 0, 26.70%, 0, 0, 4, 31.14, 3895045, 558, 0, 0
15917, 99, 214, 385, 0, 0, 26.70%, 0, 0, 4, 286.32, 3896269, 558, 0, 0
15923, 99, 236, 385, 0, 0, 26.70%, 0, 0, 4, 282.20, 3897374, 558, 0, 0
15928, 99, 52, 385, 0, 0, 26.70%, 0, 0, 4, 31.80, 3898430, 558, 0, 0
15933, 99, 195, 385, 0, 0, 26.70%, 0, 0, 4, 282.17, 3899919, 558, 0, 0
15938, 99, 52, 385, 0, 0, 26.70%, 0, 0, 4, 267.86, 3900984, 558, 0, 0
15943, 99, 270, 385, 0, 0, 26.70%, 0, 0, 4, 285.69, 3902079, 558, 0, 0
15948, 99, 366, 385, 0, 0, 26.70%, 0, 0, 4, 280.88, 3903509, 558, 0, 0
15953, 99, 41, 385, 0, 0, 26.70%, 0, 0, 4, 291.76, 3904649, 558, 0, 0
15958, 99, 115, 385, 0, 0, 26.70%, 0, 0, 4, 250.96, 3905713, 558, 0, 0
15964, 99, 344, 385, 0, 0, 26.70%, 0, 0, 4, 29.93, 3906917, 558, 0, 0
15969, 99, 236, 385, 0, 0, 26.70%, 0, 0, 4, 289.89, 3908329, 558, 0, 0
15974, 99, 163, 385, 0, 0, 26.70%, 0, 0, 4, 289.59, 3909399, 558, 0, 0
15979, 99, 52, 385, 0, 0, 26.70%, 0, 0, 4, 274.92, 3910429, 558, 0, 0
15984, 99, 47, 385, 0, 0, 26.70%, 0, 0, 4, 277.72, 3911889, 558, 0, 0
15989, 99, 340, 385, 0, 0, 26.70%, 0, 0, 4, 274.98, 3913004, 558, 0, 0
15994, 99, 204, 385, 0, 0, 26.70%, 0, 0, 4, 286.76, 3914054, 558, 0, 0
15999, 99, 204, 385, 0, 0, 26.70%, 0, 0, 4, 30.99, 3915323, 558, 0, 0
16004, 99, 139, 385, 0, 0, 26.70%, 0, 0, 4, 288.66, 3916614, 558, 0, 0
16010, 99, 136, 385, 0, 0, 26.70%, 0, 0, 4, 237.87, 3917716, 558, 0, 0
16015, 99, 179, 385, 0, 0, 26.70%, 0, 0, 4, 290.00, 3918792, 558, 0, 0
16020, 99, 139, 385, 0, 0, 26.70%, 0, 0, 4, 288.89, 3920284, 558, 0, 0
16025, 99, 49, 385, 0, 0, 26.70%, 0, 0, 4, 288.99, 3921349, 558, 0, 0
16030, 99, 46, 385, 0, 0, 26.70%, 0, 0, 4, 258.50, 3922454, 558, 0, 0
16035, 99, 163, 385, 0, 0, 26.70%, 0, 0, 4, 31.04, 3923721, 558, 0, 0
16040, 99, 308, 385, 0, 0, 26.70%, 0, 0, 4, 291.24, 3925014, 558, 0, 0
16045, 99, 136, 385, 0, 0, 26.70%, 0, 0, 4, 241.67, 3926079, 558, 0, 0
16050, 99, 214, 385, 0, 0, 26.70%, 0, 0, 4, 262.38, 3927134, 558, 0, 0
16056, 99, 204, 385, 0, 0, 26.70%, 0, 0, 4, 286.41, 3928644, 558, 0, 0
16061, 99, 167, 385, 0, 0, 26.70%, 0, 0, 4, 246.18, 3929717, 558, 0, 0
16066, 99, 344, 385, 0, 0, 26.70%, 0, 0, 4, 289.54, 3930764, 558, 0, 0
16071, 99, 59, 385, 0, 0, 26.70%, 0, 0, 4, 34.48, 3932214, 558, 0, 0
16076, 99, 164, 385, 0, 0, 26.70%, 0, 0, 4, 289.56, 3933339, 558, 0, 0
16081, 100, 52, 385, 0, 0, 26.70%, 0, 0, 4, 290.80, 3934424, 558, 0, 0
16086, 100, 93, 385, 0, 0, 26.70%, 0, 0, 4, 31.07, 3935638, 558, 0, 0
16091, 100, 163, 385, 0, 0, 26.70%, 0, 0, 4, 294.17, 3937014, 558, 0, 0
16096, 100, 330, 385, 0, 0, 26.70%, 0, 0, 4, 275.14, 3938059, 558, 0, 0
16101, 100, 181, 385, 0, 0, 26.70%, 0, 0, 4, 210.00, 3939124, 558, 0, 0
16107, 100, 340, 385, 0, 0, 26.70%, 0, 0, 4, 270.98, 3940599, 558, 0, 0
16112, 100, 236, 385, 0, 0, 26.70%, 0, 0, 4, 288.63, 3941694, 558, 0, 0
16117, 100, 242, 385, 0, 0, 26.70%, 0, 0, 4, 290.58, 3942744, 558, 0, 0
16122, 100, 351, 385, 0, 0, 26.70%, 0, 0, 4, 282.64, 3944174, 558, 0, 0
16127, 100, 163, 385, 0, 0, 26.70%, 0, 0, 4, 282.23, 3945284, 558, 0, 0
16132, 100, 49, 385, 0, 0, 26.70%, 0, 0, 4, 204.73, 3946338, 558, 0, 0
16137, 100, 49, 385, 0, 0, 26.70%, 0, 0, 4, 31.34, 3947606, 558, 0, 0
16142, 100, 272, 385, 0, 0, 26.70%, 0, 0, 4, 289.30, 3948909, 558, 0, 0
16147, 100, 57, 385, 0, 0, 26.70%, 0, 0, 4, 289.97, 3949964, 558, 0, 0
16152, 100, 163, 385, 0, 0, 26.70%, 0, 0, 4, 31.36, 3951125, 558, 0, 0
16158, 100, 344, 385, 0, 0, 26.70%, 0, 0, 4, 288.68, 3952519, 558, 0, 0
16163, 100, 116, 385, 0, 0, 26.70%, 0, 0, 4, 288.75, 3953594, 558, 0, 0
16168, 100, 322, 385, 0, 0, 26.70%, 0, 0, 4, 289.09, 3954663, 558, 0, 0
16173, 100, 146, 385, 0, 0, 26.70%, 0, 0, 4, 290.43, 3956169, 558, 0, 0
16178, 100, 344, 385, 0, 0, 26.70%, 0, 0, 4, 293.89, 3957284, 558, 0, 0
16183, 100, 46, 385, 0, 0, 26.70%, 0, 0, 4, 289.28, 3958359, 558, 0, 0
16188, 100, 376, 385, 0, 0, 26.70%, 0, 0, 4, 31.13, 3959578, 558, 0, 0
16193, 100, 153, 385, 0, 0, 26.70%, 0, 0, 4, 289.86, 3960924, 558, 0, 0
16198, 100, 247, 385, 0, 0, 26.70%, 0, 0, 4, 280.93, 3961984, 558, 0, 0
16204, 100, 47, 385, 0, 0, 26.70%, 0, 0, 4, 30.94, 3963117, 558, 0, 0
16209, 100, 115, 385, 0, 0, 26.70%, 0, 0, 4, 288.78, 3964559, 558, 0, 0
16214, 100, 333, 385, 0, 0, 26.70%, 0, 0, 4, 293.27, 3965624, 558, 0, 0
16219, 100, 344, 385, 0, 0, 26.70%, 0, 0, 4, 261.38, 3966719, 558, 0, 0
16224, 100, 255, 385, 0, 0, 26.70%, 0, 0, 4, 274.33, 3968188, 558, 0, 0
16229, 100, 234, 385, 0, 0, 26.70%, 0, 0, 4, 288.70, 3969334, 558, 0, 0
16235, 100, 313, 385, 0, 0, 26.70%, 0, 0, 4, 253.93, 3970413, 558, 0, 0
16240, 100, 109, 385, 0, 0, 26.70%, 0, 0, 4, 30.98, 3971645, 558, 0, 0
16245, 101, 46, 385, 0, 0, 26.70%, 0, 0, 4, 272.20, 3973014, 558, 0, 0
16250, 101, 47, 385, 0, 0, 26.70%, 0, 0, 4, 287.74, 3974099, 558, 0, 0
16255, 101, 236, 385, 0, 0, 26.70%, 0, 0, 4, 285.71, 3975142, 558, 0, 0
16260, 101, 282, 385, 0, 0, 26.70%, 0, 0, 4, 288.63, 3976644, 558, 0, 0
16265, 101, 270, 385, 0, 0, 26.70%, 0, 0, 4, 290.38, 3977729, 558, 0, 0
16271, 101, 139, 385, 0, 0, 26.70%, 0, 0, 4, 229.30, 3978804, 558, 0, 0
16276, 101, 313, 385, 0, 0, 26.70%, 0, 0, 4, 31.15, 3980174, 558, 0, 0
16281, 101, 330, 385, 0, 0, 26.70%, 0, 0, 4, 284.25, 3981334, 558, 0, 0
16286, 101, 144, 385, 0, 0, 26.70%, 0, 0, 4, 242.43, 3982424, 558, 0, 0
16291, 101, 193, 385, 0, 0, 26.70%, 0, 0, 4, 37.07, 3983607, 558, 0, 0
16296, 101, 255, 385, 0, 0, 26.70%, 0, 0, 4, 289.75, 3985004, 558, 0, 0
16301, 101, 350, 385, 0, 0, 26.70%, 0, 0, 4, 289.17, 3986099, 558, 0, 0
16306, 101, 255, 385, 0, 0, 26.70%, 0, 0, 4, 293.71, 3987194, 558, 0, 0
16312, 101, 101, 385, 0, 0, 26.70%, 0, 0, 4, 290.83, 3988689, 558, 0, 0
16317, 101, 146, 385, 0, 0, 26.70%, 0, 0, 4, 259.67, 3989774, 558, 0, 0
16322, 101, 190, 385, 0, 0, 26.70%, 0, 0, 4, 219.02, 3990863, 558, 0, 0
16327, 101, 164, 385, 0, 0, 26.70%, 0, 0, 4, 31.01, 3992063, 558, 0, 0
16332, 101, 333, 385, 0, 0, 26.70%, 0, 0, 4, 259.93, 3993369, 558, 0, 0
16337, 101, 115, 385, 0, 0, 26.70%, 0, 0, 4, 287.94, 3994454, 558, 0, 0
16342, 101, 195, 385, 0, 0, 26.70%, 0, 0, 4, 208.81, 3995530, 558, 0, 0
16347, 101, 333, 385, 0, 0, 26.70%, 0, 0, 4, 274.55, 3997024, 558, 0, 0
16352, 101, 266, 385, 0, 0, 26.70%, 0, 0, 4, 273.83, 3998104, 558, 0, 0
16358, 101, 346, 385, 0, 0, 26.70%, 0, 0, 4, 288.93, 3999214, 558, 0, 0
16363, 101, 340, 385, 0, 0, 26.70%, 0, 0, 4, 30.98, 4000420, 558, 0, 0
16368, 101, 262, 385, 0, 0, 26.70%, 0, 0, 4, 288.18, 4001814, 558, 0, 0
16373, 101, 74, 385, 0, 0, 26.70%, 0, 0, 4, 290.58, 4002859, 558, 0, 0
16378, 101, 262, 385, 0, 0, 26.70%, 0, 0, 4, 289.86, 4003924, 558, 0, 0
16383, 101, 52, 385, 0, 0, 26.70%, 0, 0, 4, 290.95, 4005424, 558, 0, 0
16388, 101, 7, 385, 0, 0, 26.70%, 0, 0, 4, 293.82, 4006519, 558, 0, 0
16394, 101, 296, 385, 0, 0, 26.70%, 0, 0, 4, 272.69, 4007589, 558, 0, 0
16399, 101, 46, 385, 0, 0, 26.70%, 0, 0, 4, 29.99, 4008783, 558, 0, 0
16404, 101, 170, 385, 0, 0, 26.70%, 0, 0, 4, 267.70, 4010159, 558, 0, 0
16409, 102, 170, 385, 0, 0, 26.70%, 0, 0, 4, 273.25, 4011204, 558, 0, 0
16414, 102, 49, 385, 0, 0, 26.70%, 0, 0, 4, 302.75, 4012298, 558, 0, 0
16419, 102, 195, 385, 0, 0, 26.70%, 0, 0, 4, 31.15, 4013659, 558, 0, 0
16424, 102, 97, 385, 0, 0, 26.70%, 0, 0, 4, 288.05, 4014849, 558, 0, 0
16429, 102, 344, 385, 0, 0, 26.70%, 0, 0, 4, 213.97, 4015893, 558, 0, 0
16434, 102, 340, 385, 0, 0, 26.70%, 0, 0, 4, 30.70, 4017072, 558, 0, 0
16440, 102, 120, 385, 0, 0, 26.70%, 0, 0, 4, 273.40, 4018499, 558, 0, 0
16445, 102, 115, 385, 0, 0, 26.70%, 0, 0, 4, 294.43, 4019599, 558, 0, 0
16450, 102, 167, 385, 0, 0, 26.70%, 0, 0, 4, 263.80, 4020639, 558, 0, 0
16455, 102, 120, 385, 0, 0, 26.70%, 0, 0, 4, 31.15, 4021999, 558, 0, 0
16460, 102, 333, 385, 0, 0, 26.70%, 0, 0, 4, 274.41, 4023163, 558, 0, 0
16465, 102, 333, 385, 0, 0, 26.70%, 0, 0, 4, 290.75, 4024269, 558, 0, 0
16470, 102, 146, 385, 0, 0, 26.70%, 0, 0, 4, 34.56, 4025309, 558, 0, 0
16475, 102, 344, 385, 0, 0, 26.70%, 0, 0, 4, 291.06, 4026809, 558, 0, 0
16480, 102, 242, 385, 0, 0, 26.70%, 0, 0, 4, 283.06, 4027834, 558, 0, 0
16485, 102, 350, 385, 0, 0, 26.70%, 0, 0, 4, 196.04, 4028899, 558, 0, 0
16491, 102, 170, 385, 0, 0, 26.70%, 0, 0, 4, 31.46, 4030206, 558, 0, 0
16496, 102, 340, 385, 0, 0, 26.70%, 0, 0, 4, 272.10, 4031424, 558, 0, 0
16501, 102, 76, 385, 0, 0, 26.70%, 0, 0, 4, 293.10, 4032499, 558, 0, 0
16506, 102, 46, 385, 0, 0, 26.70%, 0, 0, 4, 30.90, 4033539, 558, 0, 0
16511, 102, 338, 385, 0, 0, 26.70%, 0, 0, 4, 291.71, 4035039, 558, 0, 0
16516, 102, 109, 385, 0, 0, 26.70%, 0, 0, 4, 294.18, 4036109, 558, 0, 0
16521, 102, 347, 385, 0, 0, 26.70%, 0, 0, 4, 259.82, 4037174, 558, 0, 0
16526, 102, 98, 385, 0, 0, 26.70%, 0, 0, 4, 31.25, 4038604, 558, 0, 0
16531, 102, 157, 385, 0, 0, 26.70%, 0, 0, 4, 270.39, 4039764, 558, 0, 0
16536, 102, 333, 385, 0, 0, 26.70%, 0, 0, 4, 243.68, 4040838, 558, 0, 0
16541, 102, 66, 385, 0, 0, 26.70%, 0, 0, 4, 31.09, 4041970, 558, 0, 0
16547, 102, 350, 385, 0, 0, 26.70%, 0, 0, 4, 275.29, 4043399, 558, 0, 0
16552, 102, 52, 385, 0, 0, 26.70%, 0, 0, 4, 286.00, 4044454, 558, 0, 0
16557, 102, 195, 385, 0, 0, 26.70%, 0, 0, 4, 288.42, 4045549, 558, 0, 0
16562, 102, 59, 385, 0, 0, 26.70%, 0, 0, 4, 31.25, 4046944, 558, 0, 0
16567, 102, 179, 385, 0, 0, 26.70%, 0, 0, 4, 251.04, 4048093, 558, 0, 0
16572, 103, 195, 385, 0, 0, 26.70%, 0, 0, 4, 288.54, 4049179, 558, 0, 0
16577, 103, 39, 385, 0, 0, 26.70%, 0, 0, 4, 31.28, 4050380, 558, 0, 0
16582, 103, 97, 385, 0, 0, 26.70%, 0, 0, 4, 292.41, 4051774, 558, 0, 0
16587, 103, 115, 385, 0, 0, 26.70%, 0, 0, 4, 289.40, 4052814, 558, 0, 0
16593, 103, 217, 385, 0, 0, 26.70%, 0, 0, 4, 289.98, 4053924, 558, 0, 0
16598, 103, 164, 385, 0, 0, 26.70%, 0, 0, 4, 275.85, 4055329, 558, 0, 0
16603, 103, 76, 385, 0, 0, 26.70%, 0, 0, 4, 289.99, 4056444, 558, 0, 0
16608, 103, 214, 385, 0, 0, 26.70%, 0, 0, 4, 274.54, 4057524, 558, 0, 0
16613, 103, 27, 385, 0, 0, 26.70%, 0, 0, 4, 46.24, 4058618, 558, 0, 0
16618, 103, 350, 385, 0, 0, 26.70%, 0, 0, 4, 289.84, 4060114, 558, 0, 0
16623, 103, 193, 385, 0, 0, 26.70%, 0, 0, 4, 277.93, 4061204, 558, 0, 0
16629, 103, 255, 385, 0, 0, 26.70%, 0, 0, 4, 289.49, 4062284, 558, 0, 0
16634, 103, 146, 385, 0, 0, 26.70%, 0, 0, 4, 31.36, 4063638, 558, 0, 0
16639, 103, 109, 385, 0, 0, 26.70%, 0, 0, 4, 291.20, 4064814, 558, 0, 0
16644, 103, 170, 385, 0, 0, 26.70%, 0, 0, 4, 285.33, 4065854, 558, 0, 0
16649, 103, 383, 385, 0, 0, 26.70%, 0, 0, 4, 31.18, 4067002, 558, 0, 0
16654, 103, 255, 385, 0, 0, 26.70%, 0, 0, 4, 291.93, 4068449, 558, 0, 0
16659, 103, 313, 385, 0, 0, 26.70%, 0, 0, 4, 250.26, 4069554, 558, 0, 0
16665, 103, 197, 385, 0, 0, 26.70%, 0, 0, 4, 297.07, 4070649, 558, 0, 0
16670, 103, 214, 385, 0, 0, 26.70%, 0, 0, 4, 31.25, 4072064, 558, 0, 0
16675, 103, 326, 385, 0, 0, 26.70%, 0, 0, 4, 292.45, 4073249, 558, 0, 0
16680, 103, 162, 385, 0, 0, 26.70%, 0, 0, 4, 245.28, 4074305, 558, 0, 0
16685, 103, 73, 385, 0, 0, 26.70%, 0, 0, 4, 31.01, 4075467, 558, 0, 0
16690, 103, 204, 385, 0, 0, 26.70%, 0, 0, 4, 274.07, 4076904, 558, 0, 0
16695, 103, 350, 385, 0, 0, 26.70%, 0, 0, 4, 295.66, 4078014, 558, 0, 0
16701, 103, 382, 385, 0, 0, 26.70%, 0, 0, 4, 292.26, 4079114, 558, 0, 0
16706, 103, 344, 385, 0, 0, 26.70%, 0, 0, 4, 30.86, 4080469, 558, 0, 0
16711, 103, 167, 385, 0, 0, 26.70%, 0, 0, 4, 291.13, 4081639, 558, 0, 0
16716, 103, 87, 385, 0, 0, 26.70%, 0, 0, 4, 229.85, 4082721, 558, 0, 0
16721, 103, 170, 385, 0, 0, 26.70%, 0, 0, 4, 30.80, 4083920, 558, 0, 0
16726, 103, 255, 385, 0, 0, 26.70%, 0, 0, 4, 293.26, 4085314, 558, 0, 0
16731, 103, 236, 385, 0, 0, 26.70%, 0, 0, 4, 293.10, 4086419, 558, 0, 0
16736, 103, 233, 385, 0, 0, 26.70%, 0, 0, 4, 288.63, 4087514, 558, 0, 0
16742, 104, 209, 385, 0, 0, 26.70%, 0, 0, 4, 283.71, 4088954, 558, 0, 0
16747, 104, 47, 385, 0, 0, 26.70%, 0, 0, 4, 267.30, 4090063, 558, 0, 0
16752, 104, 163, 385, 0, 0, 26.70%, 0, 0, 4, 290.38, 4091159, 558, 0, 0
16757, 104, 163, 385, 0, 0, 26.70%, 0, 0, 4, 31.27, 4092330, 558, 0, 0
16762, 104, 340, 385, 0, 0, 26.70%, 0, 0, 4, 292.73, 4093729, 558, 0, 0
16767, 104, 277, 385, 0, 0, 26.70%, 0, 0, 4, 245.84, 4094816, 558, 0, 0
16772, 104, 52, 385, 0, 0, 26.70%, 0, 0, 4, 183.10, 4095926, 558, 0, 0
16777, 104, 164, 385, 0, 0, 26.70%, 0, 0, 4, 30.96, 4097294, 558, 0, 0
16783, 104, 144, 385, 0, 0, 26.70%, 0, 0, 4, 278.70, 4098464, 558, 0, 0
16788, 104, 46, 385, 0, 0, 26.70%, 0, 0, 4, 290.88, 4099539, 558, 0, 0
16793, 104, 179, 385, 0, 0, 26.70%, 0, 0, 4, 31.07, 4100639, 558, 0, 0
16798, 104, 156, 385, 0, 0, 26.70%, 0, 0, 4, 276.36, 4102124, 558, 0, 0
16803, 104, 372, 385, 0, 0, 26.70%, 0, 0, 4, 290.89, 4103214, 558, 0, 0
16808, 104, 333, 385, 0, 0, 26.70%, 0, 0, 4, 264.70, 4104269, 558, 0, 0
16813, 104, 123, 385, 0, 0, 26.70%, 0, 0, 4, 30.80, 4105551, 558, 0, 0
16819, 104, 344, 385, 0, 0, 26.70%, 0, 0, 4, 291.46, 4106854, 558, 0, 0
16824, 104, 131, 385, 0, 0, 26.70%, 0, 0, 4, 286.45, 4107934, 558, 0, 0
16829, 104, 326, 385, 0, 0, 26.70%, 0, 0, 4, 267.33, 4108994, 558, 0, 0
16834, 104, 195, 385, 0, 0, 26.70%, 0, 0, 4, 285.61, 4110494, 558, 0, 0
16839, 104, 326, 385, 0, 0, 26.70%, 0, 0, 4, 280.84, 4111549, 558, 0, 0
16844, 104, 47, 385, 0, 0, 26.70%, 0, 0, 4, 289.69, 4112619, 558, 0, 0
16849, 104, 52, 385, 0, 0, 26.70%, 0, 0, 4, 31.17, 4113782, 558, 0, 0
16854, 104, 266, 385, 0, 0, 26.70%, 0, 0, 4, 279.26, 4115214, 558, 0, 0
16859, 104, 76, 385, 0, 0, 26.70%, 0, 0, 4, 291.24, 4116274, 558, 0, 0
16865, 104, 115, 385, 0, 0, 26.70%, 0, 0, 4, 297.40, 4117359, 558, 0, 0
16870, 104, 193, 385, 0, 0, 26.70%, 0, 0, 4, 31.15, 4118719, 558, 0, 0
16875, 104, 344, 385, 0, 0, 26.70%, 0, 0, 4, 254.02, 4119924, 558, 0, 0
16880, 104, 350, 385, 0, 0, 26.70%, 0, 0, 4, 273.52, 4120899, 558, 0, 0
16885, 104, 170, 385, 0, 0, 26.70%, 0, 0, 4, 31.25, 4122100, 558, 0, 0
16890, 104, 333, 385, 0, 0, 26.70%, 0, 0, 4, 289.76, 4123489, 558, 0, 0
16895, 104, 49, 385, 0, 0, 26.70%, 0, 0, 4, 277.85, 4124584, 558, 0, 0
16901, 104, 184, 385, 0, 0, 26.70%, 0, 0, 4, 208.42, 4125686, 558, 0, 0
16906, 105, 146, 385, 0, 0, 26.70%, 0, 0, 4, 31.14, 4126898, 558, 0, 0
16911, 105, 273, 385, 0, 0, 26.70%, 0, 0, 4, 278.91, 4128169, 558, 0, 0
16916, 105, 330, 385, 0, 0, 26.70%, 0, 0, 4, 220.67, 4129225, 558, 0, 0
16921, 105, 64, 385, 0, 0, 26.70%, 0, 0, 4, 199.00, 4130282, 558, 0, 0
16926, 105, 382, 385, 0, 0, 26.70%, 0, 0, 4, 269.84, 4131779, 558, 0, 0
16931, 105, 233, 385, 0, 0, 26.70%, 0, 0, 4, 246.06, 4132829, 558, 0, 0
16936, 105, 52, 385, 0, 0, 26.70%, 0, 0, 4, 293.87, 4133888, 558, 0, 0
16941, 105, 120, 385, 0, 0, 26.70%, 0, 0, 4, 30.95, 4135095, 558, 0, 0
16946, 105, 301, 385, 0, 0, 26.70%, 0, 0, 4, 290.50, 4136489, 558, 0, 0
16951, 105, 326, 385, 0, 0, 26.70%, 0, 0, 4, 282.70, 4137534, 558, 0, 0
16957, 105, 344, 385, 0, 0, 26.70%, 0, 0, 4, 287.03, 4138624, 558, 0, 0
16962, 105, 127, 385, 0, 0, 26.70%, 0, 0, 4, 43.86, 4140004, 558, 0, 0
16967, 105, 214, 385, 0, 0, 26.70%, 0, 0, 4, 294.78, 4141149, 558, 0, 0
16972, 105, 175, 385, 0, 0, 26.70%, 0, 0, 4, 289.11, 4142209, 558, 0, 0
16977, 105, 148, 385, 0, 0, 26.70%, 0, 0, 4, 33.59, 4143306, 558, 0, 0
16982, 105, 70, 385, 0, 0, 26.70%, 0, 0, 4, 287.70, 4144804, 558, 0, 0
16987, 105, 88, 385, 0, 0, 26.70%, 0, 0, 4, 253.50, 4145904, 558, 0, 0
16993, 105, 262, 385, 0, 0, 26.70%, 0, 0, 4, 195.06, 4146993, 558, 0, 0
16998, 105, 133, 385, 0, 0, 26.70%, 0, 0, 4, 30.88, 4148306, 558, 0, 0
17003, 105, 170, 385, 0, 0, 26.70%, 0, 0, 4, 266.03, 4149509, 558, 0, 0
17008, 105, 193, 385, 0, 0, 26.70%, 0, 0, 4, 228.28, 4150562, 558, 0, 0
17013, 105, 266, 385, 0, 0, 26.70%, 0, 0, 4, 30.72, 4151634, 558, 0, 0
17018, 105, 133, 385, 0, 0, 26.70%, 0, 0, 4, 262.52, 4153104, 558, 0, 0
17023, 105, 313, 385, 0, 0, 26.70%, 0, 0, 4, 295.17, 4154179, 558, 0, 0
17028, 105, 29, 385, 0, 0, 26.70%, 0, 0, 4, 287.68, 4155254, 558, 0, 0
17033, 105, 120, 385, 0, 0, 26.70%, 0, 0, 4, 31.25, 4156591, 558, 0, 0
17038, 105, 95, 385, 0, 0, 26.70%, 0, 0, 4, 286.89, 4157764, 558, 0, 0
17043, 105, 350, 385, 0, 0, 26.70%, 0, 0, 4, 286.33, 4158819, 558, 0, 0
17049, 105, 330, 385, 0, 0, 26.70%, 0, 0, 4, 44.24, 4159913, 558, 0, 0
17054, 105, 364, 385, 0, 0, 26.70%, 0, 0, 4, 289.15, 4161409, 558, 0, 0
17059, 105, 344, 385, 0, 0, 26.70%, 0, 0, 4, 290.26, 4162489, 558, 0, 0
17064, 105, 236, 385, 0, 0, 26.70%, 0, 0, 4, 280.62, 4163524, 558, 0, 0
17069, 105, 255, 385, 0, 0, 26.70%, 0, 0, 4, 31.35, 4164826, 558, 0, 0
17074, 106, 333, 385, 0, 0, 26.70%, 0, 0, 4, 289.03, 4166124, 558, 0, 0
17079, 106, 120, 385, 0, 0, 26.70%, 0, 0, 4, 291.85, 4167169, 558, 0, 0
17084, 106, 262, 385, 0, 0, 26.70%, 0, 0, 4, 188.06, 4168251, 558, 0, 0
17090, 106, 164, 385, 0, 0, 26.70%, 0, 0, 4, 260.54, 4169719, 558, 0, 0
17095, 106, 262, 385, 0, 0, 26.70%, 0, 0, 4, 292.08, 4170838, 558, 0, 0
17100, 106, 344, 385, 0, 0, 26.70%, 0, 0, 4, 287.11, 4171869, 558, 0, 0
17105, 106, 43, 385, 0, 0, 26.70%, 0, 0, 4, 31.56, 4172989, 558, 0, 0
17110, 106, 113, 385, 0, 0, 26.70%, 0, 0, 4, 276.99, 4174484, 558, 0, 0
17115, 106, 344, 385, 0, 0, 26.70%, 0, 0, 4, 289.04, 4175569, 558, 0, 0
17120, 106, 164, 385, 0, 0, 26.70%, 0, 0, 4, 241.79, 4176620, 558, 0, 0
17125, 106, 234, 385, 0, 0, 26.70%, 0, 0, 4, 31.24, 4177861, 558, 0, 0
17131, 106, 313, 385, 0, 0, 26.70%, 0, 0, 4, 255.59, 4179144, 558, 0, 0
17136, 106, 49, 385, 0, 0, 26.70%, 0, 0, 4, 288.14, 4180234, 558, 0, 0
17141, 106, 109, 385, 0, 0, 26.70%, 0, 0, 4, 289.86, 4181313, 558, 0, 0
17146, 106, 79, 385, 0, 0, 26.70%, 0, 0, 4, 277.58, 4182794, 558, 0, 0
17151, 106, 214, 385, 0, 0, 26.70%, 0, 0, 4, 257.62, 4183944, 558, 0, 0
17156, 106, 46, 385, 0, 0, 26.70%, 0, 0, 4, 241.49, 4184944, 558, 0, 0
17161, 106, 326, 385, 0, 0, 26.70%, 0, 0, 4, 43.91, 4186069, 558, 0, 0
17167, 106, 170, 385, 0, 0, 26.70%, 0, 0, 4, 289.52, 4187534, 558, 0, 0
17172, 106, 290, 385, 0, 0, 26.70%, 0, 0, 4, 288.87, 4188634, 558, 0, 0
17177, 106, 340, 385, 0, 0, 26.70%, 0, 0, 4, 251.39, 4189679, 558, 0, 0
17182, 106, 364, 385, 0, 0, 26.70%, 0, 0, 4, 30.96, 4190964, 558, 0, 0
17187, 106, 49, 385, 0, 0, 26.70%, 0, 0, 4, 263.98, 4192169, 558, 0, 0
17192, 106, 344, 385, 0, 0, 26.70%, 0, 0, 4, 240.04, 4193253, 558, 0, 0
17197, 106, 89, 385, 0, 0, 26.70%, 0, 0, 4, 36.46, 4194290, 558, 0, 0
17202, 106, 120, 385, 0, 0, 26.70%, 0, 0, 4, 289.52, 4195789, 558, 0, 0
17207, 106, 330, 385, 0, 0, 26.70%, 0, 0, 4, 261.53, 4196834, 558, 0, 0
17213, 106, 333, 385, 0, 0, 26.70%, 0, 0, 4, 291.29, 4197914, 558, 0, 0
17218, 106, 234, 385, 0, 0, 26.70%, 0, 0, 4, 31.15, 4199279, 558, 0, 0
17223, 106, 46, 385, 0, 0, 26.70%, 0, 0, 4, 290.26, 4200449, 558, 0, 0
17228, 106, 4, 385, 0, 0, 26.70%, 0, 0, 4, 290.26, 4201504, 558, 0, 0
17233, 106, 164, 385, 0, 0, 26.70%, 0, 0, 4, 32.53, 4202578, 558, 0, 0
17238, 107, 330, 385, 0, 0, 26.70%, 0, 0, 4, 287.42, 4204064, 558, 0, 0
17243, 107, 195, 385, 0, 0, 26.70%, 0, 0, 4, 271.04, 4205119, 558, 0, 0
17248, 107, 266, 385, 0, 0, 26.70%, 0, 0, 4, 198.28, 4206170, 558, 0, 0
17253, 107, 236, 385, 0, 0, 26.70%, 0, 0, 4, 31.33, 4207486, 558, 0, 0
17258, 107, 164, 385, 0, 0, 26.70%, 0, 0, 4, 287.58, 4208709, 558, 0, 0
17263, 107, 270, 385, 0, 0, 26.70%, 0, 0, 4, 289.26, 4209764, 558, 0, 0
17268, 107, 204, 385, 0, 0, 26.70%, 0, 0, 4, 290.00, 4210850, 558, 0, 0
17274, 107, 109, 385, 0, 0, 26.70%, 0, 0, 4, 283.70, 4212354, 558, 0, 0
17279, 107, 165, 385, 0, 0, 26.70%, 0, 0, 4, 263.57, 4213459, 558, 0, 0
17284, 107, 350, 385, 0, 0, 26.70%, 0, 0, 4, 292.22, 4214529, 558, 0, 0
17289, 107, 204, 385, 0, 0, 26.70%, 0, 0, 4, 55.82, 4215584, 558, 0, 0
17294, 107, 338, 385, 0, 0, 26.70%, 0, 0, 4, 290.08, 4217084, 558, 0, 0
17299, 107, 63, 385, 0, 0, 26.70%, 0, 0, 4, 269.64, 4218179, 558, 0, 0
17304, 107, 59, 385, 0, 0, 26.70%, 0, 0, 4, 265.78, 4219279, 558, 0, 0
17310, 107, 330, 385, 0, 0, 26.70%, 0, 0, 4, 31.23, 4220470, 558, 0, 0
17315, 107, 214, 385, 0, 0, 26.70%, 0, 0, 4, 270.09, 4221899, 558, 0, 0
17320, 107, 46, 385, 0, 0, 26.70%, 0, 0, 4, 253.93, 4222964, 558, 0, 0
17325, 107, 205, 385, 0, 0, 26.70%, 0, 0, 4, 287.43, 4224054, 558, 0, 0
17330, 107, 236, 385, 0, 0, 26.70%, 0, 0, 4, 31.23, 4225238, 558, 0, 0
17335, 107, 120, 385, 0, 0, 26.70%, 0, 0, 4, 261.63, 4226599, 558, 0, 0
17340, 107, 330, 385, 0, 0, 26.70%, 0, 0, 4, 281.90, 4227654, 558, 0, 0
17345, 107, 270, 385, 0, 0, 26.70%, 0, 0, 4, 295.19, 4228759, 558, 0, 0
17351, 107, 46, 385, 0, 0, 26.70%, 0, 0, 4, 30.87, 4230076, 558, 0, 0
17356, 107, 364, 385, 0, 0, 26.70%, 0, 0, 4, 280.21, 4231294, 558, 0, 0
17361, 107, 164, 385, 0, 0, 26.70%, 0, 0, 4, 284.76, 4232349, 558, 0, 0
17366, 107, 52, 385, 0, 0, 26.70%, 0, 0, 4, 291.68, 4233429, 558, 0, 0
17371, 107, 303, 385, 0, 0, 26.70%, 0, 0, 4, 31.25, 4234794, 558, 0, 0
17376, 107, 333, 385, 0, 0, 26.70%, 0, 0, 4, 283.41, 4235949, 558, 0, 0
17381, 107, 344, 385, 0, 0, 26.70%, 0, 0, 4, 293.95, 4237004, 558, 0, 0
17386, 107, 242, 385, 0, 0, 26.70%, 0, 0, 4, 253.44, 4238054, 558, 0, 0
17392, 107, 344, 385, 0, 0, 26.70%, 0, 0, 4, 269.02, 4239504, 558, 0, 0
17397, 107, 139, 385, 0, 0, 26.70%, 0, 0, 4, 284.06, 4240639, 558, 0, 0
17402, 107, 350, 385, 0, 0, 26.70%, 0, 0, 4, 252.52, 4241729, 558, 0, 0
17407, 108, 179, 385, 0, 0, 26.70%, 0, 0, 4, 285.71, 4242811, 558, 0, 0
17412, 108, 333, 385, 0, 0, 26.70%, 0, 0, 4, 279.56, 4244279, 558, 0, 0
17417, 108, 2, 385, 0, 0, 26.70%, 0, 0, 4, 254.01, 4245384, 558, 0, 0
17423, 108, 270, 385, 0, 0, 26.70%, 0, 0, 4, 290.74, 4246469, 558, 0, 0
17428, 108, 344, 385, 0, 0, 26.70%, 0, 0, 4, 293.53, 4247545, 558, 0, 0
17433, 108, 214, 385, 0, 0, 26.70%, 0, 0, 4, 289.87, 4249044, 558, 0, 0
17438, 108, 209, 385, 0, 0, 26.70%, 0, 0, 4, 283.83, 4250134, 558, 0, 0
17443, 108, 266, 385, 0, 0, 26.70%, 0, 0, 4, 291.41, 4251163, 558, 0, 0
17448, 108, 76, 385, 0, 0, 26.70%, 0, 0, 4, 31.50, 4252242, 558, 0, 0
17453, 108, 146, 385, 0, 0, 26.70%, 0, 0, 4, 291.61, 4253699, 558, 0, 0
17458, 108, 332, 385, 0, 0, 26.70%, 0, 0, 4, 260.45, 4254744, 558, 0, 0
17463, 108, 255, 385, 0, 0, 26.70%, 0, 0, 4, 296.82, 4255799, 558, 0, 0
17468, 108, 144, 385, 0, 0, 26.70%, 0, 0, 4, 31.38, 4257136, 558, 0, 0
17474, 108, 164, 385, 0, 0, 26.70%, 0, 0, 4, 294.96, 4258349, 558, 0, 0
17479, 108, 115, 385, 0, 0, 26.70%, 0, 0, 4, 287.23, 4259413, 558, 0, 0
17484, 108, 158, 385, 0, 0, 26.70%, 0, 0, 4, 295.57, 4260501, 558, 0, 0
17489, 108, 163, 385, 0, 0, 26.70%, 0, 0, 4, 290.47, 4262004, 558, 0, 0
17494, 108, 266, 385, 0, 0, 26.70%, 0, 0, 4, 292.80, 4263089, 558, 0, 0
17499, 108, 120, 385, 0, 0, 26.70%, 0, 0, 4, 240.04, 4264149, 558, 0, 0
17504, 108, 384, 385, 0, 0, 26.70%, 0, 0, 4, 31.28, 4265307, 558, 0, 0
17509, 108, 340, 385, 0, 0, 26.70%, 0, 0, 4, 276.38, 4266738, 558, 0, 0
17514, 108, 195, 385, 0, 0, 26.70%, 0, 0, 4, 295.51, 4267779, 558, 0, 0
17519, 108, 115, 385, 0, 0, 26.70%, 0, 0, 4, 296.18, 4268819, 558, 0, 0
17524, 108, 234, 385, 0, 0, 26.70%, 0, 0, 4, 281.52, 4270229, 558, 0, 0
17530, 108, 195, 385, 0, 0, 26.70%, 0, 0, 4, 264.65, 4271334, 558, 0, 0
17535, 108, 119, 385, 0, 0, 26.70%, 0, 0, 4, 263.02, 4272399, 558, 0, 0
17540, 108, 255, 385, 0, 0, 26.70%, 0, 0, 4, 31.28, 4273562, 558, 0, 0
17545, 108, 344, 385, 0, 0, 26.70%, 0, 0, 4, 280.04, 4275009, 558, 0, 0
17550, 108, 238, 385, 0, 0, 26.70%, 0, 0, 4, 290.35, 4276104, 558, 0, 0
17555, 108, 333, 385, 0, 0, 26.70%, 0, 0, 4, 194.94, 4277157, 558, 0, 0
17560, 108, 67, 385, 0, 0, 26.70%, 0, 0, 4, 31.25, 4278451, 558, 0, 0
17565, 108, 157, 385, 0, 0, 26.70%, 0, 0, 4, 291.02, 4279684, 558, 0, 0
17570, 108, 273, 385, 0, 0, 26.70%, 0, 0, 4, 290.04, 4280749, 558, 0, 0
17576, 109, 195, 385, 0, 0, 26.70%, 0, 0, 4, 36.98, 4281808, 558, 0, 0
17581, 109, 146, 385, 0, 0, 26.70%, 0, 0, 4, 291.56, 4283309, 558, 0, 0
17586, 109, 252, 385, 0, 0, 26.70%, 0, 0, 4, 290.58, 4284359, 558, 0, 0
17591, 109, 196, 385, 0, 0, 26.70%, 0, 0, 4, 216.00, 4285457, 558, 0, 0
17596, 109, 125, 385, 0, 0, 26.70%, 0, 0, 4, 31.24, 4286675, 558, 0, 0
17601, 109, 170, 385, 0, 0, 26.70%, 0, 0, 4, 292.51, 4288069, 558, 0, 0
17606, 109, 326, 385, 0, 0, 26.70%, 0, 0, 4, 239.86, 4289154, 558, 0, 0
17612, 109, 383, 385, 0, 0, 26.70%, 0, 0, 4, 286.12, 4290239, 558, 0, 0
17617, 109, 236, 385, 0, 0, 26.70%, 0, 0, 4, 30.94, 4291503, 558, 0, 0
17622, 109, 15, 385, 0, 0, 26.70%, 0, 0, 4, 273.98, 4292769, 558, 0, 0
17627, 109, 59, 385, 0, 0, 26.70%, 0, 0, 4, 290.14, 4293864, 558, 0, 0
17632, 109, 167, 385, 0, 0, 26.70%, 0, 0, 4, 259.11, 4294959, 558, 0, 0
17637, 109, 234, 385, 0, 0, 26.70%, 0, 0, 4, 30.96, 4296324, 558, 0, 0
17642, 109, 255, 385, 0, 0, 26.70%, 0, 0, 4, 291.32, 4297504, 558, 0, 0
17647, 109, 52, 385, 0, 0, 26.70%, 0, 0, 4, 288.57, 4298554, 558, 0, 0
17653, 109, 313, 385, 0, 0, 26.70%, 0, 0, 4, 260.00, 4299671, 558, 0, 0
17658, 109, 350, 385, 0, 0, 26.70%, 0, 0, 4, 284.34, 4301169, 558, 0, 0
17663, 109, 270, 385, 0, 0, 26.70%, 0, 0, 4, 284.09, 4302264, 558, 0, 0
17668, 109, 236, 385, 0, 0, 26.70%, 0, 0, 4, 259.02, 4303319, 558, 0, 0
17673, 109, 296, 385, 0, 0, 26.70%, 0, 0, 4, 31.50, 4304543, 558, 0, 0
17678, 109, 170, 385, 0, 0, 26.70%, 0, 0, 4, 290.23, 4305888, 558, 0, 0
17683, 109, 157, 385, 0, 0, 26.70%, 0, 0, 4, 242.70, 4306977, 558, 0, 0
17689, 109, 234, 385, 0, 0, 26.70%, 0, 0, 4, 293.90, 4308084, 558, 0, 0
17694, 109, 165, 385, 0, 0, 26.70%, 0, 0, 4, 31.05, 4309386, 558, 0, 0
17699, 109, 47, 385, 0, 0, 26.70%, 0, 0, 4, 285.26, 4310604, 558, 0, 0
17704, 109, 268, 385, 0, 0, 26.70%, 0, 0, 4, 285.09, 4311674, 558, 0, 0
17709, 109, 340, 385, 0, 0, 26.70%, 0, 0, 4, 297.03, 4312725, 558, 0, 0
17714, 109, 242, 385, 0, 0, 26.70%, 0, 0, 4, 291.50, 4314229, 558, 0, 0
17719, 109, 340, 385, 0, 0, 26.70%, 0, 0, 4, 287.17, 4315274, 558, 0, 0
17724, 109, 364, 385, 0, 0, 26.70%, 0, 0, 4, 220.15, 4316333, 558, 0, 0
17729, 109, 59, 385, 0, 0, 26.70%, 0, 0, 4, 31.45, 4317525, 558, 0, 0
17735, 109, 333, 385, 0, 0, 26.70%, 0, 0, 4, 286.32, 4318919, 558, 0, 0
17740, 110, 46, 385, 0, 0, 26.70%, 0, 0, 4, 292.39, 4319984, 558, 0, 0
17745, 110, 115, 385, 0, 0, 26.70%, 0, 0, 4, 271.35, 4321049, 558, 0, 0
17750, 110, 109, 385, 0, 0, 26.70%, 0, 0, 4, 276.92, 4322469, 558, 0, 0
17755, 110, 330, 385, 0, 0, 26.70%, 0, 0, 4, 287.94, 4323589, 558, 0, 0
17760, 110, 123, 385, 0, 0, 26.70%, 0, 0, 4, 272.05, 4324684, 558, 0, 0
17765, 110, 59, 385, 0, 0, 26.70%, 0, 0, 4, 238.81, 4325727, 558, 0, 0
17770, 110, 338, 385, 0, 0, 26.70%, 0, 0, 4, 279.50, 4327224, 558, 0, 0
17775, 110, 344, 385, 0, 0, 26.70%, 0, 0, 4, 291.51, 4328294, 558, 0, 0
17780, 110, 170, 385, 0, 0, 26.70%, 0, 0, 4, 237.87, 4329361, 558, 0, 0
17786, 110, 209, 385, 0, 0, 26.70%, 0, 0, 4, 31.40, 4330595, 558, 0, 0
17791, 110, 178, 385, 0, 0, 26.70%, 0, 0, 4, 285.59, 4331939, 558, 0, 0
17796, 110, 49, 385, 0, 0, 26.70%, 0, 0, 4, 286.82, 4332909, 558, 0, 0
17801, 110, 146, 385, 0, 0, 26.70%, 0, 0, 4, 31.10, 4334047, 558, 0, 0
17806, 110, 233, 385, 0, 0, 26.70%, 0, 0, 4, 285.75, 4335489, 558, 0, 0
17811, 110, 51, 385, 0, 0, 26.70%, 0, 0, 4, 288.82, 4336534, 558, 0, 0
17816, 110, 167, 385, 0, 0, 26.70%, 0, 0, 4, 275.54, 4337629, 558, 0, 0
17822, 110, 109, 385, 0, 0, 26.70%, 0, 0, 4, 33.49, 4338807, 558, 0, 0
17827, 110, 0, 385, 0, 0, 26.70%, 0, 0, 4, 289.00, 4340188, 558, 0, 0
17832, 110, 120, 385, 0, 0, 26.70%, 0, 0, 4, 242.03, 4341249, 558, 0, 0
17837, 110, 175, 385, 0, 0, 26.70%, 0, 0, 4, 287.99, 4342299, 558, 0, 0
17842, 110, 262, 385, 0, 0, 26.70%, 0, 0, 4, 31.14, 4343601, 558, 0, 0
17847, 110, 236, 385, 0, 0, 26.70%, 0, 0, 4, 286.93, 4344814, 558, 0, 0
17852, 110, 163, 385, 0, 0, 26.70%, 0, 0, 4, 271.96, 4345864, 558, 0, 0
17857, 110, 19, 385, 0, 0, 26.70%, 0, 0, 4, 283.35, 4346944, 558, 0, 0
17862, 110, 255, 385, 0, 0, 26.70%, 0, 0, 4, 30.86, 4348254, 558, 0, 0
17867, 110, 76, 385, 0, 0, 26.70%, 0, 0, 4, 289.05, 4349484, 558, 0, 0
17872, 110, 383, 385, 0, 0, 26.70%, 0, 0, 4, 287.87, 4350539, 558, 0, 0
17877, 110, 266, 385, 0, 0, 26.70%, 0, 0, 4, 34.69, 4351595, 558, 0, 0
17883, 110, 242, 385, 0, 0, 26.70%, 0, 0, 4, 291.16, 4353094, 558, 0, 0
17888, 110, 233, 385, 0, 0, 26.70%, 0, 0, 4, 272.28, 4354144, 558, 0, 0
17893, 110, 120, 385, 0, 0, 26.70%, 0, 0, 4, 232.91, 4355181, 558, 0, 0
17898, 110, 376, 385, 0, 0, 26.70%, 0, 0, 4, 30.74, 4356315, 558, 0, 0
17903, 110, 184, 385, 0, 0, 26.70%, 0, 0, 4, 261.96, 4357734, 558, 0, 0
17908, 111, 344, 385, 0, 0, 26.70%, 0, 0, 4, 291.25, 4358829, 558, 0, 0
17913, 111, 163, 385, 0, 0, 26.70%, 0, 0, 4, 241.82, 4359876, 558, 0, 0
17918, 111, 52, 385, 0, 0, 26.70%, 0, 0, 4, 31.15, 4361090, 558, 0, 0
17923, 111, 107, 385, 0, 0, 26.70%, 0, 0, 4, 266.87, 4362409, 558, 0, 0
17928, 111, 46, 385, 0, 0, 26.70%, 0, 0, 4, 288.31, 4363504, 558, 0, 0
17933, 111, 163, 385, 0, 0, 26.70%, 0, 0, 4, 270.28, 4364594, 558, 0, 0
17939, 111, 234, 385, 0, 0, 26.70%, 0, 0, 4, 30.70, 4365886, 558, 0, 0
17944, 111, 364, 385, 0, 0, 26.70%, 0, 0, 4, 291.28, 4367179, 558, 0, 0
17949, 111, 167, 385, 0, 0, 26.70%, 0, 0, 4, 289.48, 4368244, 558, 0, 0
17954, 111, 340, 385, 0, 0, 26.70%, 0, 0, 4, 290.15, 4369349, 558, 0, 0
17959, 111, 115, 385, 0, 0, 26.70%, 0, 0, 4, 275.03, 4370809, 558, 0, 0
17964, 111, 187, 385, 0, 0, 26.70%, 0, 0, 4, 292.00, 4371963, 558, 0, 0
17970, 111, 204, 385, 0, 0, 26.70%, 0, 0, 4, 290.30, 4373054, 558, 0, 0
17975, 111, 234, 385, 0, 0, 26.70%, 0, 0, 4, 36.35, 4374126, 558, 0, 0
17980, 111, 119, 385, 0, 0, 26.70%, 0, 0, 4, 291.22, 4375634, 558, 0, 0
17985, 111, 120, 385, 0, 0, 26.70%, 0, 0, 4, 252.69, 4376704, 558, 0, 0
17990, 111, 204, 385, 0, 0, 26.70%, 0, 0, 4, 290.79, 4377754, 558, 0, 0
17995, 111, 195, 385, 0, 0, 26.70%, 0, 0, 4, 31.16, 4379028, 558, 0, 0
18000, 111, 347, 385, 0, 0, 26.70%, 0, 0, 4, 263.19, 4380334, 558, 0, 0
18005, 111, 170, 385, 0, 0, 26.70%, 0, 0, 4, 291.30, 4381394, 558, 0, 0
18010, 111, 167, 385, 0, 0, 26.70%, 0, 0, 4, 292.10, 4382464, 558, 0, 0
18015, 111, 217, 385, 0, 0, 26.70%, 0, 0, 4, 282.00, 4383884, 558, 0, 0
18021, 111, 333, 385, 0, 0, 26.70%, 0, 0, 4, 293.19, 4385024, 558, 0, 0
18026, 111, 214, 385, 0, 0, 26.70%, 0, 0, 4, 284.31, 4386064, 558, 0, 0
18031, 111, 350, 385, 0, 0, 26.70%, 0, 0, 4, 31.09, 4387207, 558, 0, 0
18036, 111, 330, 385, 0, 0, 26.70%, 0, 0, 4, 290.03, 4388654, 558, 0, 0
18041, 111, 338, 385, 0, 0, 26.70%, 0, 0, 4, 285.61, 4389749, 558, 0, 0
18046, 111, 18, 385, 0, 0, 26.70%, 0, 0, 4, 286.35, 4390829, 558, 0, 0
18051, 111, 344, 385, 0, 0, 26.70%, 0, 0, 4, 31.25, 4392141, 558, 0, 0
18057, 111, 266, 385, 0, 0, 26.70%, 0, 0, 4, 293.57, 4393434, 558, 0, 0
18062, 111, 237, 385, 0, 0, 26.70%, 0, 0, 4, 286.70, 4394514, 558, 0, 0
18067, 111, 262, 385, 0, 0, 26.70%, 0, 0, 4, 285.71, 4395556, 558, 0, 0
18072, 112, 172, 385, 0, 0, 26.70%, 0, 0, 4, 288.40, 4397044, 558, 0, 0
18077, 112, 171, 385, 0, 0, 26.70%, 0, 0, 4, 274.53, 4398134, 558, 0, 0
18082, 112, 170, 385, 0, 0, 26.70%, 0, 0, 4, 221.84, 4399199, 558, 0, 0
18087, 112, 109, 385, 0, 0, 26.70%, 0, 0, 4, 31.08, 4400413, 558, 0, 0
18092, 112, 146, 385, 0, 0, 26.70%, 0, 0, 4, 290.03, 4401694, 558, 0, 0
18097, 112, 214, 385, 0, 0, 26.70%, 0, 0, 4, 260.03, 4402784, 558, 0, 0
18102, 112, 344, 385, 0, 0, 26.70%, 0, 0, 4, 292.08, 4403818, 558, 0, 0
18108, 112, 109, 385, 0, 0, 26.70%, 0, 0, 4, 289.90, 4405324, 558, 0, 0
18113, 112, 236, 385, 0, 0, 26.70%, 0, 0, 4, 250.32, 4406404, 558, 0, 0
18118, 112, 97, 385, 0, 0, 26.70%, 0, 0, 4, 287.53, 4407489, 558, 0, 0
18123, 112, 195, 385, 0, 0, 26.70%, 0, 0, 4, 30.93, 4408690, 558, 0, 0
18128, 112, 102, 385, 0, 0, 26.70%, 0, 0, 4, 286.77, 4410014, 558, 0, 0
18133, 112, 350, 385, 0, 0, 26.70%, 0, 0, 4, 282.32, 4411079, 558, 0, 0
18138, 112, 164, 385, 0, 0, 26.70%, 0, 0, 4, 185.01, 4412143, 558, 0, 0
18144, 112, 204, 385, 0, 0, 26.70%, 0, 0, 4, 261.88, 4413639, 558, 0, 0
18149, 112, 47, 385, 0, 0, 26.70%, 0, 0, 4, 274.70, 4414749, 558, 0, 0
18154, 112, 344, 385, 0, 0, 26.70%, 0, 0, 4, 291.52, 4415794, 558, 0, 0
18159, 112, 262, 385, 0, 0, 26.70%, 0, 0, 4, 30.90, 4416993, 558, 0, 0
18164, 112, 330, 385, 0, 0, 26.70%, 0, 0, 4, 288.98, 4418289, 558, 0, 0
18169, 112, 262, 385, 0, 0, 26.70%, 0, 0, 4, 283.29, 4419329, 558, 0, 0
18174, 112, 49, 385, 0, 0, 26.70%, 0, 0, 4, 265.08, 4420394, 558, 0, 0
18179, 112, 330, 385, 0, 0, 26.70%, 0, 0, 4, 274.84, 4421864, 558, 0, 0
18184, 112, 343, 385, 0, 0, 26.70%, 0, 0, 4, 256.53, 4422963, 558, 0, 0
18190, 112, 255, 385, 0, 0, 26.70%, 0, 0, 4, 247.06, 4424044, 558, 0, 0
18195, 112, 115, 385, 0, 0, 26.70%, 0, 0, 4, 31.17, 4425180, 558, 0, 0
18200, 112, 340, 385, 0, 0, 26.70%, 0, 0, 4, 266.62, 4426609, 558, 0, 0
18205, 112, 270, 385, 0, 0, 26.70%, 0, 0, 4, 284.78, 4427669, 558, 0, 0
18210, 112, 313, 385, 0, 0, 26.70%, 0, 0, 4, 267.50, 4428714, 558, 0, 0
18215, 112, 266, 385, 0, 0, 26.70%, 0, 0, 4, 30.77, 4430089, 558, 0, 0
18220, 112, 59, 385, 0, 0, 26.70%, 0, 0, 4, 290.00, 4431269, 558, 0, 0
18225, 112, 202, 385, 0, 0, 26.70%, 0, 0, 4, 292.83, 4432309, 558, 0, 0
18230, 112, 163, 385, 0, 0, 26.70%, 0, 0, 4, 43.67, 4433424, 558, 0, 0
18235, 112, 47, 385, 0, 0, 26.70%, 0, 0, 4, 291.82, 4434874, 558, 0, 0
18240, 113, 52, 385, 0, 0, 26.70%, 0, 0, 4, 292.44, 4435929, 558, 0, 0
18245, 113, 266, 385, 0, 0, 26.70%, 0, 0, 4, 288.45, 4436974, 558, 0, 0
18251, 113, 76, 385, 0, 0, 26.70%, 0, 0, 4, 30.78, 4438291, 558, 0, 0
18256, 113, 52, 385, 0, 0, 26.70%, 0, 0, 4, 278.44, 4439514, 558, 0, 0
18261, 113, 146, 385, 0, 0, 26.70%, 0, 0, 4, 252.66, 4440614, 558, 0, 0
18266, 113, 233, 385, 0, 0, 26.70%, 0, 0, 4, 295.57, 4441658, 558, 0, 0
18271, 113, 167, 385, 0, 0, 26.70%, 0, 0, 4, 291.99, 4443164, 558, 0, 0
18276, 113, 120, 385, 0, 0, 26.70%, 0, 0, 4, 287.77, 4444194, 558, 0, 0
18281, 113, 194, 385, 0, 0, 26.70%, 0, 0, 4, 291.58, 4445229, 558, 0, 0
18286, 113, 326, 385, 0, 0, 26.70%, 0, 0, 4, 30.78, 4446561, 558, 0, 0
18291, 113, 47, 385, 0, 0, 26.70%, 0, 0, 4, 291.76, 4447759, 558, 0, 0
18296, 113, 225, 385, 0, 0, 26.70%, 0, 0, 4, 236.73, 4448804, 558, 0, 0
18301, 113, 214, 385, 0, 0, 26.70%, 0, 0, 4, 31.18, 4449877, 558, 0, 0
18307, 113, 242, 385, 0, 0, 26.70%, 0, 0, 4, 285.00, 4451319, 558, 0, 0
18312, 113, 69, 385, 0, 0, 26.70%, 0, 0, 4, 251.84, 4452386, 558, 0, 0
18317, 113, 330, 385, 0, 0, 26.70%, 0, 0, 4, 289.19, 4453439, 558, 0, 0
18322, 113, 174, 385, 0, 0, 26.70%, 0, 0, 4, 31.25, 4454746, 558, 0, 0
18327, 113, 204, 385, 0, 0, 26.70%, 0, 0, 4, 284.60, 4455969, 558, 0, 0
18332, 113, 297, 385, 0, 0, 26.70%, 0, 0, 4, 291.62, 4457024, 558, 0, 0
18337, 113, 344, 385, 0, 0, 26.70%, 0, 0, 4, 227.61, 4458056, 558, 0, 0
18342, 113, 109, 385, 0, 0, 26.70%, 0, 0, 4, 265.97, 4459524, 558, 0, 0
18347, 113, 49, 385, 0, 0, 26.70%, 0, 0, 4, 290.62, 4460654, 558, 0, 0
18352, 113, 338, 385, 0, 0, 26.70%, 0, 0, 4, 289.70, 4461689, 558, 0, 0
18357, 113, 290, 385, 0, 0, 26.70%, 0, 0, 4, 31.00, 4462807, 558, 0, 0
18363, 113, 49, 385, 0, 0, 26.70%, 0, 0, 4, 269.20, 4464229, 558, 0, 0
18368, 113, 81, 385, 0, 0, 26.70%, 0, 0, 4, 275.16, 4465319, 558, 0, 0
18373, 113, 163, 385, 0, 0, 26.70%, 0, 0, 4, 258.12, 4466414, 558, 0, 0
18378, 113, 170, 385, 0, 0, 26.70%, 0, 0, 4, 31.01, 4467610, 558, 0, 0
18383, 113, 280, 385, 0, 0, 26.70%, 0, 0, 4, 286.47, 4468974, 558, 0, 0
18388, 113, 242, 385, 0, 0, 26.70%, 0, 0, 4, 264.33, 4470004, 558, 0, 0
18394, 113, 252, 385, 0, 0, 26.70%, 0, 0, 4, 287.85, 4471084, 558, 0, 0
18399, 113, 204, 385, 0, 0, 26.70%, 0, 0, 4, 31.25, 4472439, 558, 0, 0
18404, 114, 344, 385, 0, 0, 26.70%, 0, 0, 4, 289.48, 4473629, 558, 0, 0
18409, 114, 271, 385, 0, 0, 26.70%, 0, 0, 4, 256.33, 4474669, 558, 0, 0
18414, 114, 40, 385, 0, 0, 26.70%, 0, 0, 4, 31.25, 4475805, 558, 0, 0
18419, 114, 47, 385, 0, 0, 26.70%, 0, 0, 4, 264.12, 4477229, 558, 0, 0
18424, 114, 334, 385, 0, 0, 26.70%, 0, 0, 4, 294.29, 4478329, 558, 0, 0
18429, 114, 193, 385, 0, 0, 26.70%, 0, 0, 4, 266.07, 4479374, 558, 0, 0
18434, 114, 164, 385, 0, 0, 26.70%, 0, 0, 4, 31.52, 4480724, 558, 0, 0
18439, 114, 262, 385, 0, 0, 26.70%, 0, 0, 4, 284.37, 4481899, 558, 0, 0
18445, 114, 139, 385, 0, 0, 26.70%, 0, 0, 4, 291.00, 4482999, 558, 0, 0
18450, 114, 233, 385, 0, 0, 26.70%, 0, 0, 4, 285.03, 4484089, 558, 0, 0
18455, 114, 204, 385, 0, 0, 26.70%, 0, 0, 4, 30.96, 4485434, 558, 0, 0
18460, 114, 106, 385, 0, 0, 26.70%, 0, 0, 4, 294.39, 4486634, 558, 0, 0
18465, 114, 46, 385, 0, 0, 26.70%, 0, 0, 4, 291.37, 4487684, 558, 0, 0
18470, 114, 326, 385, 0, 0, 26.70%, 0, 0, 4, 30.86, 4488772, 558, 0, 0
18475, 114, 139, 385, 0, 0, 26.70%, 0, 0, 4, 290.41, 4490234, 558, 0, 0
18480, 114, 52, 385, 0, 0, 26.70%, 0, 0, 4, 287.93, 4491309, 558, 0, 0
18485, 114, 139, 385, 0, 0, 26.70%, 0, 0, 4, 290.88, 4492399, 558, 0, 0
18491, 114, 47, 385, 0, 0, 26.70%, 0, 0, 4, 31.16, 4493691, 558, 0, 0
18496, 114, 109, 385, 0, 0, 26.70%, 0, 0, 4, 293.30, 4494944, 558, 0, 0
18501, 114, 164, 385, 0, 0, 26.70%, 0, 0, 4, 276.85, 4496039, 558, 0, 0
18506, 114, 340, 385, 0, 0, 26.70%, 0, 0, 4, 290.50, 4497124, 558, 0, 0
18511, 114, 99, 385, 0, 0, 26.70%, 0, 0, 4, 277.00, 4498604, 558, 0, 0
18516, 114, 364, 385, 0, 0, 26.70%, 0, 0, 4, 295.53, 4499734, 558, 0, 0
18521, 114, 270, 385, 0, 0, 26.70%, 0, 0, 4, 293.29, 4500794, 558, 0, 0
18527, 114, 120, 385, 0, 0, 26.70%, 0, 0, 4, 30.90, 4501904, 558, 0, 0
18532, 114, 195, 385, 0, 0, 26.70%, 0, 0, 4, 283.43, 4503404, 558, 0, 0
18537, 114, 46, 385, 0, 0, 26.70%, 0, 0, 4, 290.81, 4504479, 558, 0, 0
18542, 114, 134, 385, 0, 0, 26.70%, 0, 0, 4, 251.45, 4505516, 558, 0, 0
18547, 114, 49, 385, 0, 0, 26.70%, 0, 0, 4, 31.29, 4506702, 558, 0, 0
18552, 114, 163, 385, 0, 0, 26.70%, 0, 0, 4, 269.85, 4508134, 558, 0, 0
18557, 114, 164, 385, 0, 0, 26.70%, 0, 0, 4, 286.98, 4509199, 558, 0, 0
18562, 114, 195, 385, 0, 0, 26.70%, 0, 0, 4, 285.68, 4510249, 558, 0, 0
18568, 114, 266, 385, 0, 0, 26.70%, 0, 0, 4, 31.06, 4511674, 558, 0, 0
18573, 115, 52, 385, 0, 0, 26.70%, 0, 0, 4, 291.93, 4512854, 558, 0, 0
18578, 115, 340, 385, 0, 0, 26.70%, 0, 0, 4, 292.09, 4513954, 558, 0, 0
18583, 115, 52, 385, 0, 0, 26.70%, 0, 0, 4, 287.13, 4515004, 558, 0, 0
18588, 115, 344, 385, 0, 0, 26.70%, 0, 0, 4, 289.17, 4516504, 558, 0, 0
18593, 115, 214, 385, 0, 0, 26.70%, 0, 0, 4, 258.87, 4517564, 558, 0, 0
18598, 115, 214, 385, 0, 0, 26.70%, 0, 0, 4, 289.24, 4518649, 558, 0, 0
18603, 115, 330, 385, 0, 0, 26.70%, 0, 0, 4, 31.02, 4519827, 558, 0, 0
18609, 115, 163, 385, 0, 0, 26.70%, 0, 0, 4, 273.97, 4521259, 558, 0, 0
18614, 115, 203, 385, 0, 0, 26.70%, 0, 0, 4, 292.23, 4522354, 558, 0, 0
18619, 115, 82, 385, 0, 0, 26.70%, 0, 0, 4, 289.69, 4523469, 558, 0, 0
18624, 115, 47, 385, 0, 0, 26.70%, 0, 0, 4, 37.21, 4524700, 558, 0, 0
18629, 115, 65, 385, 0, 0, 26.70%, 0, 0, 4, 289.80, 4525989, 558, 0, 0
18634, 115, 191, 385, 0, 0, 26.70%, 0, 0, 4, 228.60, 4527078, 558, 0, 0
18639, 115, 266, 385, 0, 0, 26.70%, 0, 0, 4, 230.00, 4528130, 558, 0, 0
18644, 115, 179, 385, 0, 0, 26.70%, 0, 0, 4, 278.91, 4529619, 558, 0, 0
18649, 115, 164, 385, 0, 0, 26.70%, 0, 0, 4, 273.36, 4530689, 558, 0, 0
18654, 115, 59, 385, 0, 0, 26.70%, 0, 0, 4, 248.92, 4531750, 558, 0, 0
18659, 115, 344, 385, 0, 0, 26.70%, 0, 0, 4, 31.00, 4533031, 558, 0, 0
18664, 115, 46, 385, 0, 0, 26.70%, 0, 0, 4, 290.96, 4534264, 558, 0, 0
18670, 115, 330, 385, 0, 0, 26.70%, 0, 0, 4, 289.15, 4535309, 558, 0, 0
18675, 115, 81, 385, 0, 0, 26.70%, 0, 0, 4, 297.03, 4536389, 558, 0, 0
18680, 115, 204, 385, 0, 0, 26.70%, 0, 0, 4, 289.47, 4537874, 558, 0, 0
18685, 115, 330, 385, 0, 0, 26.70%, 0, 0, 4, 293.07, 4538944, 558, 0, 0
18690, 115, 282, 385, 0, 0, 26.70%, 0, 0, 4, 276.82, 4539984, 558, 0, 0
18695, 115, 262, 385, 0, 0, 26.70%, 0, 0, 4, 31.51, 4541132, 558, 0, 0
18700, 115, 377, 385, 0, 0, 26.70%, 0, 0, 4, 290.67, 4542589, 558, 0, 0
18705, 115, 28, 385, 0, 0, 26.70%, 0, 0, 4, 290.61, 4543684, 558, 0, 0
18711, 115, 255, 385, 0, 0, 26.70%, 0, 0, 4, 277.65, 4544739, 558, 0, 0
18716, 115, 204, 385, 0, 0, 26.70%, 0, 0, 4, 31.29, 4545986, 558, 0, 0
18721, 115, 49, 385, 0, 0, 26.70%, 0, 0, 4, 288.79, 4547263, 558, 0, 0
18726, 115, 139, 385, 0, 0, 26.70%, 0, 0, 4, 270.90, 4548304, 558, 0, 0
18731, 115, 266, 385, 0, 0, 26.70%, 0, 0, 4, 291.15, 4549404, 558, 0, 0
18736, 115, 167, 385, 0, 0, 26.70%, 0, 0, 4, 30.58, 4550794, 558, 0, 0
18741, 116, 57, 385, 0, 0, 26.70%, 0, 0, 4, 257.99, 4551929, 558, 0, 0
18746, 116, 226, 385, 0, 0, 26.70%, 0, 0, 4, 293.14, 4552969, 558, 0, 0
18751, 116, 268, 385, 0, 0, 26.70%, 0, 0, 4, 31.02, 4554077, 558, 0, 0
18756, 116, 46, 385, 0, 0, 26.70%, 0, 0, 4, 290.91, 4555499, 558, 0, 0
18761, 116, 100, 385, 0, 0, 26.70%, 0, 0, 4, 273.32, 4556539, 558, 0, 0
18766, 116, 204, 385, 0, 0, 26.70%, 0, 0, 4, 286.01, 4557574, 558, 0, 0
18772, 116, 139, 385, 0, 0, 26.70%, 0, 0, 4, 31.17, 4558871, 558, 0, 0
18777, 116, 59, 385, 0, 0, 26.70%, 0, 0, 4, 291.04, 4560164, 558, 0, 0
18782, 116, 255, 385, 0, 0, 26.70%, 0, 0, 4, 289.43, 4561229, 558, 0, 0
18787, 116, 340, 385, 0, 0, 26.70%, 0, 0, 4, 274.52, 4562324, 558, 0, 0
18792, 116, 350, 385, 0, 0, 26.70%, 0, 0, 4, 272.32, 4563714, 558, 0, 0
18797, 116, 236, 385, 0, 0, 26.70%, 0, 0, 4, 289.98, 4564839, 558, 0, 0
18802, 116, 282, 385, 0, 0, 26.70%, 0, 0, 4, 282.37, 4565919, 558, 0, 0
18808, 116, 292, 385, 0, 0, 26.70%, 0, 0, 4, 285.00, 4567001, 558, 0, 0
18813, 116, 270, 385, 0, 0, 26.70%, 0, 0, 4, 280.50, 4568489, 558, 0, 0
18818, 116, 266, 385, 0, 0, 26.70%, 0, 0, 4, 275.19, 4569609, 558, 0, 0
18823, 116, 222, 385, 0, 0, 26.70%, 0, 0, 4, 233.70, 4570665, 558, 0, 0
18828, 116, 47, 385, 0, 0, 26.70%, 0, 0, 4, 31.10, 4571757, 558, 0, 0
18833, 116, 364, 385, 0, 0, 26.70%, 0, 0, 4, 291.00, 4573204, 558, 0, 0
18838, 116, 120, 385, 0, 0, 26.70%, 0, 0, 4, 272.53, 4574294, 558, 0, 0
18843, 116, 364, 385, 0, 0, 26.70%, 0, 0, 4, 283.37, 4575374, 558, 0, 0
18849, 116, 350, 385, 0, 0, 26.70%, 0, 0, 4, 31.29, 4576628, 558, 0, 0
18854, 116, 262, 385, 0, 0, 26.70%, 0, 0, 4, 289.11, 4577988, 558, 0, 0
18859, 116, 111, 385, 0, 0, 26.70%, 0, 0, 4, 289.13, 4579064, 558, 0, 0
18864, 116, 195, 385, 0, 0, 26.70%, 0, 0, 4, 297.85, 4580114, 558, 0, 0
18869, 116, 266, 385, 0, 0, 26.70%, 0, 0, 4, 31.25, 4581469, 558, 0, 0
18874, 116, 330, 385, 0, 0, 26.70%, 0, 0, 4, 289.95, 4582659, 558, 0, 0
18879, 116, 251, 385, 0, 0, 26.70%, 0, 0, 4, 290.81, 4583754, 558, 0, 0
18884, 116, 115, 385, 0, 0, 26.70%, 0, 0, 4, 31.25, 4584809, 558, 0, 0
18890, 116, 240, 385, 0, 0, 26.70%, 0, 0, 4, 291.27, 4586304, 558, 0, 0
18895, 116, 338, 385, 0, 0, 26.70%, 0, 0, 4, 286.64, 4587339, 558, 0, 0
18900, 116, 272, 385, 0, 0, 26.70%, 0, 0, 4, 280.30, 4588419, 558, 0, 0
18905, 117, 340, 385, 0, 0, 26.70%, 0, 0, 4, 31.26, 4589673, 558, 0, 0
18910, 117, 364, 385, 0, 0, 26.70%, 0, 0, 4, 294.56, 4591019, 558, 0, 0
18915, 117, 234, 385, 0, 0, 26.70%, 0, 0, 4, 231.19, 4592036, 558, 0, 0
18920, 117, 104, 385, 0, 0, 26.70%, 0, 0, 4, 290.45, 4593124, 558, 0, 0
18925, 117, 146, 385, 0, 0, 26.70%, 0, 0, 4, 278.35, 4594594, 558, 0, 0
18931, 117, 179, 385, 0, 0, 26.70%, 0, 0, 4, 293.80, 4595729, 558, 0, 0
18936, 117, 344, 385, 0, 0, 26.70%, 0, 0, 4, 262.58, 4596774, 558, 0, 0
18941, 117, 344, 385, 0, 0, 26.70%, 0, 0, 4, 31.02, 4597889, 558, 0, 0
18946, 117, 46, 385, 0, 0, 26.70%, 0, 0, 4, 263.75, 4599359, 558, 0, 0
18951, 117, 157, 385, 0, 0, 26.70%, 0, 0, 4, 289.96, 4600419, 558, 0, 0
18956, 117, 383, 385, 0, 0, 26.70%, 0, 0, 4, 232.87, 4601512, 558, 0, 0
18961, 117, 120, 385, 0, 0, 26.70%, 0, 0, 4, 30.71, 4602768, 558, 0, 0
18966, 117, 46, 385, 0, 0, 26.70%, 0, 0, 4, 291.59, 4604114, 558, 0, 0
18972, 117, 115, 385, 0, 0, 26.70%, 0, 0, 4, 281.44, 4605179, 558, 0, 0
18977, 117, 255, 385, 0, 0, 26.70%, 0, 0, 4, 191.70, 4606285, 558, 0, 0
18982, 117, 41, 385, 0, 0, 26.70%, 0, 0, 4, 48.70, 4607684, 558, 0, 0
18987, 117, 130, 385, 0, 0, 26.70%, 0, 0, 4, 291.33, 4608824, 558, 0, 0
18992, 117, 196, 385, 0, 0, 26.70%, 0, 0, 4, 279.17, 4609899, 558, 0, 0
18997, 117, 167, 385, 0, 0, 26.70%, 0, 0, 4, 31.16, 4611017, 558, 0, 0
19002, 117, 266, 385, 0, 0, 26.70%, 0, 0, 4, 285.63, 4612459, 558, 0, 0
19007, 117, 146, 385, 0, 0, 26.70%, 0, 0, 4, 290.63, 4613538, 558, 0, 0
19012, 117, 193, 385, 0, 0, 26.70%, 0, 0, 4, 287.14, 4614584, 558, 0, 0
19017, 117, 340, 385, 0, 0, 26.70%, 0, 0, 4, 30.77, 4615949, 558, 0, 0
19023, 117, 120, 385, 0, 0, 26.70%, 0, 0, 4, 279.42, 4617124, 558, 0, 0
19028, 117, 270, 385, 0, 0, 26.70%, 0, 0, 4, 290.92, 4618224, 558, 0, 0
19033, 117, 163, 385, 0, 0, 26.70%, 0, 0, 4, 30.95, 4619289, 558, 0, 0
19038, 117, 109, 385, 0, 0, 26.70%, 0, 0, 4, 290.51, 4620789, 558, 0, 0
19043, 117, 91, 385, 0, 0, 26.70%, 0, 0, 4, 247.71, 4621878, 558, 0, 0
19048, 117, 340, 385, 0, 0, 26.70%, 0, 0, 4, 293.71, 4622969, 558, 0, 0
19053, 117, 383, 385, 0, 0, 26.70%, 0, 0, 4, 40.89, 4624142, 558, 0, 0
19058, 117, 362, 385, 0, 0, 26.70%, 0, 0, 4, 279.65, 4625524, 558, 0, 0
19064, 117, 326, 385, 0, 0, 26.70%, 0, 0, 4, 283.67, 4626619, 558, 0, 0
19069, 117, 109, 385, 0, 0, 26.70%, 0, 0, 4, 293.43, 4627679, 558, 0, 0
19074, 118, 364, 385, 0, 0, 26.70%, 0, 0, 4, 30.58, 4629114, 558, 0, 0
19079, 118, 364, 385, 0, 0, 26.70%, 0, 0, 4, 269.98, 4630269, 558, 0, 0
19084, 118, 255, 385, 0, 0, 26.70%, 0, 0, 4, 292.54, 4631324, 558, 0, 0
19089, 118, 242, 385, 0, 0, 26.70%, 0, 0, 4, 31.18, 4632427, 558, 0, 0
19094, 118, 109, 385, 0, 0, 26.70%, 0, 0, 4, 290.40, 4633874, 558, 0, 0
19099, 118, 115, 385, 0, 0, 26.70%, 0, 0, 4, 289.30, 4634919, 558, 0, 0
19104, 118, 209, 385, 0, 0, 26.70%, 0, 0, 4, 201.10, 4635980, 558, 0, 0
19109, 118, 253, 385, 0, 0, 26.70%, 0, 0, 4, 31.15, 4637274, 558, 0, 0
19115, 118, 76, 385, 0, 0, 26.70%, 0, 0, 4, 271.45, 4638544, 558, 0, 0
19120, 118, 337, 385, 0, 0, 26.70%, 0, 0, 4, 233.72, 4639575, 558, 0, 0
19125, 118, 170, 385, 0, 0, 26.70%, 0, 0, 4, 267.33, 4640653, 558, 0, 0
19130, 118, 233, 385, 0, 0, 26.70%, 0, 0, 4, 285.47, 4642154, 558, 0, 0
19135, 118, 340, 385, 0, 0, 26.70%, 0, 0, 4, 272.78, 4643259, 558, 0, 0
19140, 118, 77, 385, 0, 0, 26.70%, 0, 0, 4, 293.34, 4644339, 558, 0, 0
19145, 118, 191, 385, 0, 0, 26.70%, 0, 0, 4, 31.35, 4645540, 558, 0, 0
19151, 118, 171, 385, 0, 0, 26.70%, 0, 0, 4, 291.14, 4646944, 558, 0, 0
19156, 118, 162, 385, 0, 0, 26.70%, 0, 0, 4, 290.87, 4648029, 558, 0, 0
19161, 118, 344, 385, 0, 0, 26.70%, 0, 0, 4, 292.98, 4649089, 558, 0, 0
19166, 118, 90, 385, 0, 0, 26.70%, 0, 0, 4, 43.28, 4650486, 558, 0, 0
19171, 118, 47, 385, 0, 0, 26.70%, 0, 0, 4, 278.43, 4651654, 558, 0, 0
19176, 118, 243, 385, 0, 0, 26.70%, 0, 0, 4, 293.95, 4652739, 558, 0, 0
19181, 118, 255, 385, 0, 0, 26.70%, 0, 0, 4, 33.16, 4653834, 558, 0, 0
19186, 118, 227, 385, 0, 0, 26.70%, 0, 0, 4, 292.20, 4655339, 558, 0, 0
19191, 118, 313, 385, 0, 0, 26.70%, 0, 0, 4, 290.17, 4656339, 558, 0, 0
19197, 118, 204, 385, 0, 0, 26.70%, 0, 0, 4, 272.61, 4657384, 558, 0, 0
19202, 118, 350, 385, 0, 0, 26.70%, 0, 0, 4, 31.06, 4658754, 558, 0, 0
19207, 118, 347, 385, 0, 0, 26.70%, 0, 0, 4, 291.73, 4659929, 558, 0, 0
19212, 118, 190, 385, 0, 0, 26.70%, 0, 0, 4, 291.72, 4660974, 558, 0, 0
19217, 118, 344, 385, 0, 0, 26.70%, 0, 0, 4, 31.59, 4662092, 558, 0, 0
19222, 118, 52, 385, 0, 0, 26.70%, 0, 0, 4, 272.29, 4663524, 558, 0, 0
19227, 118, 89, 385, 0, 0, 26.70%, 0, 0, 4, 260.74, 4664579, 558, 0, 0
19232, 118, 344, 385, 0, 0, 26.70%, 0, 0, 4, 280.73, 4665629, 558, 0, 0
19237, 119, 338, 385, 0, 0, 26.70%, 0, 0, 4, 31.35, 4667044, 558, 0, 0
19242, 119, 139, 385, 0, 0, 26.70%, 0, 0, 4, 283.15, 4668213, 558, 0, 0
19248, 119, 36, 385, 0, 0, 26.70%, 0, 0, 4, 226.28, 4669278, 558, 0, 0
19253, 119, 36, 385, 0, 0, 26.70%, 0, 0, 4, 297.03, 4670314, 558, 0, 0
19258, 119, 214, 385, 0, 0, 26.70%, 0, 0, 4, 291.22, 4671804, 558, 0, 0
19263, 119, 115, 385, 0, 0, 26.70%, 0, 0, 4, 246.38, 4672897, 558, 0, 0
19268, 119, 115, 385, 0, 0, 26.70%, 0, 0, 4, 258.94, 4673929, 558, 0, 0
19273, 119, 149, 385, 0, 0, 26.70%, 0, 0, 4, 31.02, 4675140, 558, 0, 0
19278, 119, 255, 385, 0, 0, 26.70%, 0, 0, 4, 264.22, 4676439, 558, 0, 0
19283, 119, 234, 385, 0, 0, 26.70%, 0, 0, 4, 275.78, 4677494, 558, 0, 0
19288, 119, 59, 385, 0, 0, 26.70%, 0, 0, 4, 215.49, 4678509, 558, 0, 0
19293, 119, 236, 385, 0, 0, 26.70%, 0, 0, 4, 31.25, 4679894, 558, 0, 0
19298, 119, 165, 385, 0, 0, 26.70%, 0, 0, 4, 289.63, 4681069, 558, 0, 0
19304, 119, 120, 385, 0, 0, 26.70%, 0, 0, 4, 289.30, 4682149, 558, 0, 0
19309, 119, 333, 385, 0, 0, 26.70%, 0, 0, 4, 267.33, 4683218, 558, 0, 0
19314, 119, 313, 385, 0, 0, 26.70%, 0, 0, 4, 283.96, 4684694, 558, 0, 0
19319, 119, 262, 385, 0, 0, 26.70%, 0, 0, 4, 292.83, 4685804, 558, 0, 0
19324, 119, 340, 385, 0, 0, 26.70%, 0, 0, 4, 205.91, 4686880, 558, 0, 0
19329, 119, 115, 385, 0, 0, 26.70%, 0, 0, 4, 31.27, 4688017, 558, 0, 0
19335, 119, 59, 385, 0, 0, 26.70%, 0, 0, 4, 285.40, 4689463, 558, 0, 0
19340, 119, 270, 385, 0, 0, 26.70%, 0, 0, 4, 267.25, 4690499, 558, 0, 0
19345, 119, 262, 385, 0, 0, 26.70%, 0, 0, 4, 250.12, 4691531, 558, 0, 0
19350, 119, 72, 385, 0, 0, 26.70%, 0, 0, 4, 31.43, 4692856, 558, 0, 0
19355, 119, 333, 385, 0, 0, 26.70%, 0, 0, 4, 291.43, 4694149, 558, 0, 0
19360, 119, 253, 385, 0, 0, 26.70%, 0, 0, 4, 292.48, 4695234, 558, 0, 0
19365, 119, 333, 385, 0, 0, 26.70%, 0, 0, 4, 288.63, 4696324, 558, 0, 0
19371, 119, 330, 385, 0, 0, 26.70%, 0, 0, 4, 31.35, 4697729, 558, 0, 0
19376, 119, 195, 385, 0, 0, 26.70%, 0, 0, 4, 293.81, 4698909, 558, 0, 0
19381, 119, 255, 385, 0, 0, 26.70%, 0, 0, 4, 251.78, 4699962, 558, 0, 0
19386, 119, 84, 385, 0, 0, 26.70%, 0, 0, 4, 31.53, 4701067, 558, 0, 0
19391, 119, 170, 385, 0, 0, 26.70%, 0, 0, 4, 292.09, 4702534, 558, 0, 0
19396, 119, 255, 385, 0, 0, 26.70%, 0, 0, 4, 290.55, 4703569, 558, 0, 0
19401, 119, 46, 385, 0, 0, 26.70%, 0, 0, 4, 271.63, 4704664, 558, 0, 0
19406, 120, 120, 385, 0, 0, 26.70%, 0, 0, 4, 31.52, 4705853, 558, 0, 0
19411, 120, 344, 385, 0, 0, 26.70%, 0, 0, 4, 289.62, 4707219, 558, 0, 0
19416, 120, 214, 385, 0, 0, 26.70%, 0, 0, 4, 292.00, 4708288, 558, 0, 0
19422, 120, 195, 385, 0, 0, 26.70%, 0, 0, 4, 261.85, 4709354, 558, 0, 0
19427, 120, 164, 385, 0, 0, 26.70%, 0, 0, 4, 31.25, 4710788, 558, 0, 0
19432, 120, 49, 385, 0, 0, 26.70%, 0, 0, 4, 260.83, 4711949, 558, 0, 0
19437, 120, 115, 385, 0, 0, 26.70%, 0, 0, 4, 283.58, 4712984, 558, 0, 0
19442, 120, 262, 385, 0, 0, 26.70%, 0, 0, 4, 31.09, 4714082, 558, 0, 0
19447, 120, 262, 385, 0, 0, 26.70%, 0, 0, 4, 264.27, 4715554, 558, 0, 0
19452, 120, 163, 385, 0, 0, 26.70%, 0, 0, 4, 273.12, 4716639, 558, 0, 0
19457, 120, 338, 385, 0, 0, 26.70%, 0, 0, 4, 292.39, 4717709, 558, 0, 0
19462, 120, 139, 385, 0, 0, 26.70%, 0, 0, 4, 34.01, 4718940, 558, 0, 0
19468, 120, 46, 385, 0, 0, 26.70%, 0, 0, 4, 287.70, 4720234, 558, 0, 0
19473, 120, 266, 385, 0, 0, 26.70%, 0, 0, 4, 289.05, 4721279, 558, 0, 0
19478, 120, 204, 385, 0, 0, 26.70%, 0, 0, 4, 293.88, 4722379, 558, 0, 0
19483, 120, 242, 385, 0, 0, 26.70%, 0, 0, 4, 273.11, 4723774, 558, 0, 0
19488, 120, 195, 385, 0, 0, 26.70%, 0, 0, 4, 289.01, 4724909, 558, 0, 0
19493, 120, 366, 385, 0, 0, 26.70%, 0, 0, 4, 277.83, 4725954, 558, 0, 0
19498, 120, 214, 385, 0, 0, 26.70%, 0, 0, 4, 31.07, 4727041, 558, 0, 0
19503, 120, 338, 385, 0, 0, 26.70%, 0, 0, 4, 292.48, 4728499, 558, 0, 0
19508, 120, 204, 385, 0, 0, 26.70%, 0, 0, 4, 292.03, 4729559, 558, 0, 0
19513, 120, 220, 385, 0, 0, 26.70%, 0, 0, 4, 289.25, 4730654, 558, 0, 0
19519, 120, 120, 385, 0, 0, 26.70%, 0, 0, 4, 31.55, 4732029, 558, 0, 0
19524, 120, 8, 385, 0, 0, 26.70%, 0, 0, 4, 290.90, 4733213, 558, 0, 0
19529, 120, 262, 385, 0, 0, 26.70%, 0, 0, 4, 291.48, 4734299, 558, 0, 0
19534, 120, 344, 385, 0, 0, 26.70%, 0, 0, 4, 285.71, 4735358, 558, 0, 0
19539, 120, 107, 385, 0, 0, 26.70%, 0, 0, 4, 285.25, 4736849, 558, 0, 0
19544, 120, 115, 385, 0, 0, 26.70%, 0, 0, 4, 261.83, 4737949, 558, 0, 0
19549, 120, 265, 385, 0, 0, 26.70%, 0, 0, 4, 286.72, 4739024, 558, 0, 0
19554, 120, 231, 385, 0, 0, 26.70%, 0, 0, 4, 31.06, 4740148, 558, 0, 0
19560, 120, 123, 385, 0, 0, 26.70%, 0, 0, 4, 288.60, 4741594, 558, 0, 0
19565, 120, 139, 385, 0, 0, 26.70%, 0, 0, 4, 288.87, 4742659, 558, 0, 0
19570, 121, 22, 385, 0, 0, 26.70%, 0, 0, 4, 214.01, 4743757, 558, 0, 0
19575, 121, 0, 385, 0, 0, 26.70%, 0, 0, 4, 31.06, 4745056, 558, 0, 0
19580, 121, 125, 385, 0, 0, 26.70%, 0, 0, 4, 291.86, 4746369, 558, 0, 0
19585, 121, 338, 385, 0, 0, 26.70%, 0, 0, 4, 268.72, 4747424, 558, 0, 0
19590, 121, 246, 385, 0, 0, 26.70%, 0, 0, 4, 233.82, 4748484, 558, 0, 0
19595, 121, 164, 385, 0, 0, 26.70%, 0, 0, 4, 270.65, 4749963, 558, 0, 0
19601, 121, 364, 385, 0, 0, 26.70%, 0, 0, 4, 285.10, 4751104, 558, 0, 0
19606, 121, 364, 385, 0, 0, 26.70%, 0, 0, 4, 223.49, 4752198, 558, 0, 0
19611, 121, 371, 385, 0, 0, 26.70%, 0, 0, 4, 267.33, 4753302, 558, 0, 0
19616, 121, 133, 385, 0, 0, 26.70%, 0, 0, 4, 284.41, 4754794, 558, 0, 0
19621, 121, 236, 385, 0, 0, 26.70%, 0, 0, 4, 255.97, 4755839, 558, 0, 0
19626, 121, 376, 385, 0, 0, 26.70%, 0, 0, 4, 209.22, 4756885, 558, 0, 0
19631, 121, 146, 385, 0, 0, 26.70%, 0, 0, 4, 31.26, 4758141, 558, 0, 0
19636, 121, 105, 385, 0, 0, 26.70%, 0, 0, 4, 290.15, 4759434, 558, 0, 0
19642, 121, 333, 385, 0, 0, 26.70%, 0, 0, 4, 287.13, 4760524, 558, 0, 0
19647, 121, 350, 385, 0, 0, 26.70%, 0, 0, 4, 287.75, 4761599, 558, 0, 0
19652, 121, 330, 385, 0, 0, 26.70%, 0, 0, 4, 280.55, 4763029, 558, 0, 0
19657, 121, 158, 385, 0, 0, 26.70%, 0, 0, 4, 291.00, 4764174, 558, 0, 0
19662, 121, 115, 385, 0, 0, 26.70%, 0, 0, 4, 265.96, 4765224, 558, 0, 0
19667, 121, 350, 385, 0, 0, 26.70%, 0, 0, 4, 31.39, 4766292, 558, 0, 0
19672, 121, 214, 385, 0, 0, 26.70%, 0, 0, 4, 285.47, 4767744, 558, 0, 0
19677, 121, 234, 385, 0, 0, 26.70%, 0, 0, 4, 292.62, 4768849, 558, 0, 0
19683, 121, 46, 385, 0, 0, 26.70%, 0, 0, 4, 288.71, 4769944, 558, 0, 0
19688, 121, 167, 385, 0, 0, 26.70%, 0, 0, 4, 31.27, 4770964, 558, 0, 0
19693, 121, 46, 385, 0, 0, 26.70%, 0, 0, 4, 289.92, 4772449, 558, 0, 0
19698, 121, 120, 385, 0, 0, 26.70%, 0, 0, 4, 261.28, 4773509, 558, 0, 0
19703, 121, 139, 385, 0, 0, 26.70%, 0, 0, 4, 291.72, 4774559, 558, 0, 0
19708, 121, 330, 385, 0, 0, 26.70%, 0, 0, 4, 45.84, 4775850, 558, 0, 0
19713, 121, 59, 385, 0, 0, 26.70%, 0, 0, 4, 262.69, 4777079, 558, 0, 0
19718, 121, 146, 385, 0, 0, 26.70%, 0, 0, 4, 290.50, 4778189, 558, 0, 0
19723, 121, 364, 385, 0, 0, 26.70%, 0, 0, 4, 293.46, 4779234, 558, 0, 0
19728, 121, 59, 385, 0, 0, 26.70%, 0, 0, 4, 30.49, 4780584, 558, 0, 0
19733, 121, 233, 385, 0, 0, 26.70%, 0, 0, 4, 287.90, 4781754, 558, 0, 0
19739, 122, 3, 385, 0, 0, 26.70%, 0, 0, 4, 221.61, 4782829, 558, 0, 0
19744, 122, 131, 385, 0, 0, 26.70%, 0, 0, 4, 215.00, 4783917, 558, 0, 0
19749, 122, 95, 385, 0, 0, 26.70%, 0, 0, 4, 274.67, 4785409, 558, 0, 0
19754, 122, 170, 385, 0, 0, 26.70%, 0, 0, 4, 291.00, 4786459, 558, 0, 0
19759, 122, 76, 385, 0, 0, 26.70%, 0, 0, 4, 204.54, 4787510, 558, 0, 0
19764, 122, 183, 385, 0, 0, 26.70%, 0, 0, 4, 31.19, 4788777, 558, 0, 0
19769, 122, 330, 385, 0, 0, 26.70%, 0, 0, 4, 288.92, 4789999, 558, 0, 0
19774, 122, 195, 385, 0, 0, 26.70%, 0, 0, 4, 273.59, 4791084, 558, 0, 0
19780, 122, 73, 385, 0, 0, 26.70%, 0, 0, 4, 234.56, 4792143, 558, 0, 0
19785, 122, 39, 385, 0, 0, 26.70%, 0, 0, 4, 31.35, 4793589, 558, 0, 0
19790, 122, 168, 385, 0, 0, 26.70%, 0, 0, 4, 286.09, 4794719, 558, 0, 0
19795, 122, 330, 385, 0, 0, 26.70%, 0, 0, 4, 290.25, 4795788, 558, 0, 0
19800, 122, 233, 385, 0, 0, 26.70%, 0, 0, 4, 35.33, 4796832, 558, 0, 0
19805, 122, 167, 385, 0, 0, 26.70%, 0, 0, 4, 284.31, 4798249, 558, 0, 0
19810, 122, 195, 385, 0, 0, 26.70%, 0, 0, 4, 270.18, 4799338, 558, 0, 0
19815, 122, 6, 385, 0, 0, 26.70%, 0, 0, 4, 293.19, 4800419, 558, 0, 0
19821, 122, 340, 385, 0, 0, 26.70%, 0, 0, 4, 31.42, 4801565, 558, 0, 0
19826, 122, 47, 385, 0, 0, 26.70%, 0, 0, 4, 293.05, 4802979, 558, 0, 0
19831, 122, 120, 385, 0, 0, 26.70%, 0, 0, 4, 298.40, 4804029, 558, 0, 0
19836, 122, 179, 385, 0, 0, 26.70%, 0, 0, 4, 290.29, 4805104, 558, 0, 0
19841, 122, 333, 385, 0, 0, 26.70%, 0, 0, 4, 31.34, 4806406, 558, 0, 0
19846, 122, 269, 385, 0, 0, 26.70%, 0, 0, 4, 279.33, 4807624, 558, 0, 0
19851, 122, 167, 385, 0, 0, 26.70%, 0, 0, 4, 297.37, 4808684, 558, 0, 0
19856, 122, 115, 385, 0, 0, 26.70%, 0, 0, 4, 290.00, 4809740, 558, 0, 0
19861, 122, 364, 385, 0, 0, 26.70%, 0, 0, 4, 282.25, 4811214, 558, 0, 0
19867, 122, 350, 385, 0, 0, 26.70%, 0, 0, 4, 291.94, 4812359, 558, 0, 0
19872, 122, 340, 385, 0, 0, 26.70%, 0, 0, 4, 285.53, 4813394, 558, 0, 0
19877, 122, 120, 385, 0, 0, 26.70%, 0, 0, 4, 31.32, 4814585, 558, 0, 0
19882, 122, 364, 385, 0, 0, 26.70%, 0, 0, 4, 289.51, 4815994, 558, 0, 0
19887, 122, 310, 385, 0, 0, 26.70%, 0, 0, 4, 283.52, 4817099, 558, 0, 0
19892, 122, 59, 385, 0, 0, 26.70%, 0, 0, 4, 291.58, 4818209, 558, 0, 0
19898, 122, 190, 385, 0, 0, 26.70%, 0, 0, 4, 31.26, 4819425, 558, 0, 0
19903, 123, 167, 385, 0, 0, 26.70%, 0, 0, 4, 291.34, 4820824, 558, 0, 0
19908, 123, 92, 385, 0, 0, 26.70%, 0, 0, 4, 249.81, 4821908, 558, 0, 0
19913, 123, 167, 385, 0, 0, 26.70%, 0, 0, 4, 230.57, 4822956, 558, 0, 0
19918, 123, 326, 385, 0, 0, 26.70%, 0, 0, 4, 263.20, 4824338, 558, 0, 0
19923, 123, 146, 385, 0, 0, 26.70%, 0, 0, 4, 253.24, 4825489, 558, 0, 0
19928, 123, 313, 385, 0, 0, 26.70%, 0, 0, 4, 288.02, 4826569, 558, 0, 0
19933, 123, 164, 385, 0, 0, 26.70%, 0, 0, 4, 33.49, 4827641, 558, 0, 0
19938, 123, 93, 385, 0, 0, 26.70%, 0, 0, 4, 290.85, 4829138, 558, 0, 0
19944, 123, 120, 385, 0, 0, 26.70%, 0, 0, 4, 293.07, 4830238, 558, 0, 0
19949, 123, 338, 385, 0, 0, 26.70%, 0, 0, 4, 291.65, 4831338, 558, 0, 0
19954, 123, 115, 385, 0, 0, 26.70%, 0, 0, 4, 31.01, 4832467, 558, 0, 0
19959, 123, 330, 385, 0, 0, 26.70%, 0, 0, 4, 289.14, 4833909, 558, 0, 0
19964, 123, 339, 385, 0, 0, 26.70%, 0, 0, 4, 294.71, 4834988, 558, 0, 0
19969, 123, 234, 385, 0, 0, 26.70%, 0, 0, 4, 289.91, 4836079, 558, 0, 0
19975, 123, 47, 385, 0, 0, 26.70%, 0, 0, 4, 31.15, 4837449, 558, 0, 0
19980, 123, 68, 385, 0, 0, 26.70%, 0, 0, 4, 289.86, 4838629, 558, 0, 0
19985, 123, 338, 385, 0, 0, 26.70%, 0, 0, 4, 296.14, 4839709, 558, 0, 0
19990, 123, 236, 385, 0, 0, 26.70%, 0, 0, 4, 164.18, 4840780, 558, 0, 0
19995, 123, 59, 385, 0, 0, 26.70%, 0, 0, 4, 267.23, 4842294, 558, 0, 0
20000, 123, 163, 385, 0, 0, 26.70%, 0, 0, 4, 242.53, 4843345, 558, 0, 0
20005, 123, 146, 385, 0, 0, 26.70%, 0, 0, 4, 205.92, 4844441, 558, 0, 0
20010, 123, 115, 385, 0, 0, 26.70%, 0, 0, 4, 30.79, 4845698, 558, 0, 0
20015, 123, 109, 385, 0, 0, 26.70%, 0, 0, 4, 291.31, 4846984, 558, 0, 0
20020, 123, 62, 385, 0, 0, 26.70%, 0, 0, 4, 291.16, 4848079, 558, 0, 0
20026, 123, 280, 385, 0, 0, 26.70%, 0, 0, 4, 293.04, 4849174, 558, 0, 0
20031, 123, 193, 385, 0, 0, 26.70%, 0, 0, 4, 282.29, 4850599, 558, 0, 0
20036, 123, 195, 385, 0, 0, 26.70%, 0, 0, 4, 292.50, 4851734, 558, 0, 0
20041, 123, 163, 385, 0, 0, 26.70%, 0, 0, 4, 249.67, 4852840, 558, 0, 0
20046, 123, 116, 385, 0, 0, 26.70%, 0, 0, 4, 31.00, 4853879, 558, 0, 0
20051, 123, 344, 385, 0, 0, 26.70%, 0, 0, 4, 292.10, 4855379, 558, 0, 0
20056, 123, 164, 385, 0, 0, 26.70%, 0, 0, 4, 289.53, 4856434, 558, 0, 0
20061, 123, 234, 385, 0, 0, 26.70%, 0, 0, 4, 281.78, 4857504, 558, 0, 0
20066, 123, 278, 385, 0, 0, 26.70%, 0, 0, 4, 31.19, 4858786, 558, 0, 0
20072, 124, 204, 385, 0, 0, 26.70%, 0, 0, 4, 289.84, 4860029, 558, 0, 0
20077, 124, 228, 385, 0, 0, 26.70%, 0, 0, 4, 288.21, 4861089, 558, 0, 0
20082, 124, 255, 385, 0, 0, 26.70%, 0, 0, 4, 31.12, 4862144, 558, 0, 0
20087, 124, 207, 385, 0, 0, 26.70%, 0, 0, 4, 292.24, 4863644, 558, 0, 0
20092, 124, 69, 385, 0, 0, 26.70%, 0, 0, 4, 288.80, 4864704, 558, 0, 0
20097, 124, 231, 385, 0, 0, 26.70%, 0, 0, 4, 286.80, 4865774, 558, 0, 0
20102, 124, 330, 385, 0, 0, 26.70%, 0, 0, 4, 37.08, 4867068, 558, 0, 0
20107, 124, 262, 385, 0, 0, 26.70%, 0, 0, 4, 292.67, 4868304, 558, 0, 0
20112, 124, 166, 385, 0, 0, 26.70%, 0, 0, 4, 240.19, 4869354, 558, 0, 0
20117, 124, 167, 385, 0, 0, 26.70%, 0, 0, 4, 255.00, 4870445, 558, 0, 0
20122, 124, 204, 385, 0, 0, 26.70%, 0, 0, 4, 282.61, 4871944, 558, 0, 0
20127, 124, 170, 385, 0, 0, 26.70%, 0, 0, 4, 291.27, 4873024, 558, 0, 0
20133, 124, 313, 385, 0, 0, 26.70%, 0, 0, 4, 291.26, 4874079, 558, 0, 0
20138, 124, 46, 385, 0, 0, 26.70%, 0, 0, 4, 30.71, 4875343, 558, 0, 0
20143, 124, 214, 385, 0, 0, 26.70%, 0, 0, 4, 281.85, 4876619, 558, 0, 0
20148, 124, 255, 385, 0, 0, 26.70%, 0, 0, 4, 238.43, 4877701, 558, 0, 0
20153, 124, 333, 385, 0, 0, 26.70%, 0, 0, 4, 31.26, 4878704, 558, 0, 0
20158, 124, 266, 385, 0, 0, 26.70%, 0, 0, 4, 276.09, 4880179, 558, 0, 0
20163, 124, 139, 385, 0, 0, 26.70%, 0, 0, 4, 267.12, 4881279, 558, 0, 0
20168, 124, 163, 385, 0, 0, 26.70%, 0, 0, 4, 294.05, 4882329, 558, 0, 0
20174, 124, 383, 385, 0, 0, 26.70%, 0, 0, 4, 31.31, 4883545, 558, 0, 0
20179, 124, 233, 385, 0, 0, 26.70%, 0, 0, 4, 289.80, 4884944, 558, 0, 0
20184, 124, 330, 385, 0, 0, 26.70%, 0, 0, 4, 288.92, 4886019, 558, 0, 0
20189, 124, 229, 385, 0, 0, 26.70%, 0, 0, 4, 206.77, 4887109, 558, 0, 0
20194, 124, 129, 385, 0, 0, 26.70%, 0, 0, 4, 260.07, 4888554, 558, 0, 0
20199, 124, 337, 385, 0, 0, 26.70%, 0, 0, 4, 267.92, 4889659, 558, 0, 0
20204, 124, 51, 385, 0, 0, 26.70%, 0, 0, 4, 292.51, 4890704, 558, 0, 0
20209, 124, 265, 385, 0, 0, 26.70%, 0, 0, 4, 194.03, 4891788, 558, 0, 0
20215, 124, 266, 385, 0, 0, 26.70%, 0, 0, 4, 268.99, 4893269, 558, 0, 0
20220, 124, 333, 385, 0, 0, 26.70%, 0, 0, 4, 284.66, 4894324, 558, 0, 0
20225, 124, 330, 385, 0, 0, 26.70%, 0, 0, 4, 290.83, 4895363, 558, 0, 0
20230, 124, 195, 385, 0, 0, 26.70%, 0, 0, 4, 30.98, 4896626, 558, 0, 0
20235, 125, 10, 385, 0, 0, 26.70%, 0, 0, 4, 289.93, 4897869, 558, 0, 0
20240, 125, 133, 385, 0, 0, 26.70%, 0, 0, 4, 254.80, 4898914, 558, 0, 0
20245, 125, 115, 385, 0, 0, 26.70%, 0, 0, 4, 31.31, 4900067, 558, 0, 0
20250, 125, 163, 385, 0, 0, 26.70%, 0, 0, 4, 282.60, 4901504, 558, 0, 0
20255, 125, 59, 385, 0, 0, 26.70%, 0, 0, 4, 289.72, 4902559, 558, 0, 0
20260, 125, 204, 385, 0, 0, 26.70%, 0, 0, 4, 292.78, 4903624, 558, 0, 0
20265, 125, 234, 385, 0, 0, 26.70%, 0, 0, 4, 44.97, 4904797, 558, 0, 0
20271, 125, 350, 385, 0, 0, 26.70%, 0, 0, 4, 275.18, 4906179, 558, 0, 0
20276, 125, 318, 385, 0, 0, 26.70%, 0, 0, 4, 263.08, 4907229, 558, 0, 0
20281, 125, 344, 385, 0, 0, 26.70%, 0, 0, 4, 291.25, 4908313, 558, 0, 0
20286, 125, 262, 385, 0, 0, 26.70%, 0, 0, 4, 31.35, 4909674, 558, 0, 0
20291, 125, 266, 385, 0, 0, 26.70%, 0, 0, 4, 290.47, 4910854, 558, 0, 0
20296, 125, 338, 385, 0, 0, 26.70%, 0, 0, 4, 287.74, 4911909, 558, 0, 0
20301, 125, 270, 385, 0, 0, 26.70%, 0, 0, 4, 301.31, 4912992, 558, 0, 0
20306, 125, 175, 385, 0, 0, 26.70%, 0, 0, 4, 30.96, 4914404, 558, 0, 0
20312, 125, 262, 385, 0, 0, 26.70%, 0, 0, 4, 293.07, 4915644, 558, 0, 0
20317, 125, 240, 385, 0, 0, 26.70%, 0, 0, 4, 295.76, 4916724, 558, 0, 0
20322, 125, 242, 385, 0, 0, 26.70%, 0, 0, 4, 293.52, 4917819, 558, 0, 0
20327, 125, 52, 385, 0, 0, 26.70%, 0, 0, 4, 277.84, 4919224, 558, 0, 0
20332, 125, 330, 385, 0, 0, 26.70%, 0, 0, 4, 291.94, 4920364, 558, 0, 0
20337, 125, 95, 385, 0, 0, 26.70%, 0, 0, 4, 290.66, 4921479, 558, 0, 0
20342, 125, 195, 385, 0, 0, 26.70%, 0, 0, 4, 217.82, 4922578, 558, 0, 0
20348, 125, 59, 385, 0, 0, 26.70%, 0, 0, 4, 272.80, 4924074, 558, 0, 0
20353, 125, 167, 385, 0, 0, 26.70%, 0, 0, 4, 267.02, 4925104, 558, 0, 0
20358, 125, 256, 385, 0, 0, 26.70%, 0, 0, 4, 257.49, 4926174, 558, 0, 0
20363, 125, 364, 385, 0, 0, 26.70%, 0, 0, 4, 31.25, 4927426, 558, 0, 0
20368, 125, 292, 385, 0, 0, 26.70%, 0, 0, 4, 290.64, 4928663, 558, 0, 0
20373, 125, 139, 385, 0, 0, 26.70%, 0, 0, 4, 288.30, 4929704, 558, 0, 0
20378, 125, 49, 385, 0, 0, 26.70%, 0, 0, 4, 287.82, 4930774, 558, 0, 0
20383, 125, 364, 385, 0, 0, 26.70%, 0, 0, 4, 30.77, 4932204, 558, 0, 0
20388, 125, 338, 385, 0, 0, 26.70%, 0, 0, 4, 288.19, 4933384, 558, 0, 0
20393, 125, 364, 385, 0, 0, 26.70%, 0, 0, 4, 290.42, 4934424, 558, 0, 0
20398, 125, 120, 385, 0, 0, 26.70%, 0, 0, 4, 47.82, 4935526, 558, 0, 0
20404, 126, 384, 385, 0, 0, 26.70%, 0, 0, 4, 287.34, 4937019, 558, 0, 0
20409, 126, 46, 385, 0, 0, 26.70%, 0, 0, 4, 273.28, 4938109, 558, 0, 0
20414, 126, 255, 385, 0, 0, 26.70%, 0, 0, 4, 284.57, 4939209, 558, 0, 0
20419, 126, 120, 385, 0, 0, 26.70%, 0, 0, 4, 31.26, 4940423, 558, 0, 0
20424, 126, 164, 385, 0, 0, 26.70%, 0, 0, 4, 287.90, 4941754, 558, 0, 0
20429, 126, 164, 385, 0, 0, 26.70%, 0, 0, 4, 293.10, 4942814, 558, 0, 0
20434, 126, 344, 385, 0, 0, 26.70%, 0, 0, 4, 271.11, 4943864, 558, 0, 0
20439, 126, 146, 385, 0, 0, 26.70%, 0, 0, 4, 282.24, 4945359, 558, 0, 0
20445, 126, 283, 385, 0, 0, 26.70%, 0, 0, 4, 250.00, 4946453, 558, 0, 0
20450, 126, 123, 385, 0, 0, 26.70%, 0, 0, 4, 294.43, 4947539, 558, 0, 0
20455, 126, 109, 385, 0, 0, 26.70%, 0, 0, 4, 30.87, 4948781, 558, 0, 0
20460, 126, 344, 385, 0, 0, 26.70%, 0, 0, 4, 259.81, 4950024, 558, 0, 0
20465, 126, 266, 385, 0, 0, 26.70%, 0, 0, 4, 279.82, 4951129, 558, 0, 0
20470, 126, 364, 385, 0, 0, 26.70%, 0, 0, 4, 280.79, 4952166, 558, 0, 0
20475, 126, 313, 385, 0, 0, 26.70%, 0, 0, 4, 287.63, 4953659, 558, 0, 0
20480, 126, 47, 385, 0, 0, 26.70%, 0, 0, 4, 291.49, 4954724, 558, 0, 0
20485, 126, 73, 385, 0, 0, 26.70%, 0, 0, 4, 196.13, 4955792, 558, 0, 0
20490, 126, 330, 385, 0, 0, 26.70%, 0, 0, 4, 31.63, 4957058, 558, 0, 0
20496, 126, 49, 385, 0, 0, 26.70%, 0, 0, 4, 289.70, 4958409, 558, 0, 0
20501, 126, 214, 385, 0, 0, 26.70%, 0, 0, 4, 288.26, 4959454, 558, 0, 0
20506, 126, 170, 385, 0, 0, 26.70%, 0, 0, 4, 294.80, 4960539, 558, 0, 0
20511, 126, 313, 385, 0, 0, 26.70%, 0, 0, 4, 290.02, 4962039, 558, 0, 0
20516, 126, 195, 385, 0, 0, 26.70%, 0, 0, 4, 273.28, 4963119, 558, 0, 0
20521, 126, 49, 385, 0, 0, 26.70%, 0, 0, 4, 271.25, 4964199, 558, 0, 0
20527, 126, 214, 385, 0, 0, 26.70%, 0, 0, 4, 31.17, 4965400, 558, 0, 0
20532, 126, 326, 385, 0, 0, 26.70%, 0, 0, 4, 290.12, 4966794, 558, 0, 0
20537, 126, 350, 385, 0, 0, 26.70%, 0, 0, 4, 273.41, 4967899, 558, 0, 0
20542, 126, 167, 385, 0, 0, 26.70%, 0, 0, 4, 289.28, 4968949, 558, 0, 0
20547, 126, 382, 385, 0, 0, 26.70%, 0, 0, 4, 31.08, 4970286, 558, 0, 0
20552, 126, 163, 385, 0, 0, 26.70%, 0, 0, 4, 260.58, 4971534, 558, 0, 0
20557, 126, 338, 385, 0, 0, 26.70%, 0, 0, 4, 273.31, 4972574, 558, 0, 0
20562, 126, 51, 385, 0, 0, 26.70%, 0, 0, 4, 30.95, 4973679, 558, 0, 0
20568, 127, 59, 385, 0, 0, 26.70%, 0, 0, 4, 290.29, 4975179, 558, 0, 0
20573, 127, 340, 385, 0, 0, 26.70%, 0, 0, 4, 286.44, 4976234, 558, 0, 0
20578, 127, 255, 385, 0, 0, 26.70%, 0, 0, 4, 217.32, 4977324, 558, 0, 0
20583, 127, 344, 385, 0, 0, 26.70%, 0, 0, 4, 31.32, 4978661, 558, 0, 0
20588, 127, 270, 385, 0, 0, 26.70%, 0, 0, 4, 285.05, 4979939, 558, 0, 0
20593, 127, 330, 385, 0, 0, 26.70%, 0, 0, 4, 293.26, 4981029, 558, 0, 0
20599, 127, 255, 385, 0, 0, 26.70%, 0, 0, 4, 288.56, 4982091, 558, 0, 0
20604, 127, 170, 385, 0, 0, 26.70%, 0, 0, 4, 288.22, 4983579, 558, 0, 0
20609, 127, 234, 385, 0, 0, 26.70%, 0, 0, 4, 291.01, 4984669, 558, 0, 0
20614, 127, 242, 385, 0, 0, 26.70%, 0, 0, 4, 220.86, 4985744, 558, 0, 0
20619, 127, 146, 385, 0, 0, 26.70%, 0, 0, 4, 31.25, 4986983, 558, 0, 0
20624, 127, 281, 385, 0, 0, 26.70%, 0, 0, 4, 261.24, 4988344, 558, 0, 0
20629, 127, 270, 385, 0, 0, 26.70%, 0, 0, 4, 283.73, 4989369, 558, 0, 0
20635, 127, 341, 385, 0, 0, 26.70%, 0, 0, 4, 31.34, 4990477, 558, 0, 0
20640, 127, 333, 385, 0, 0, 26.70%, 0, 0, 4, 286.97, 4991913, 558, 0, 0
20645, 127, 109, 385, 0, 0, 26.70%, 0, 0, 4, 290.73, 4992994, 558, 0, 0
20650, 127, 326, 385, 0, 0, 26.70%, 0, 0, 4, 292.65, 4994044, 558, 0, 0
20655, 127, 90, 385, 0, 0, 26.70%, 0, 0, 4, 31.43, 4995327, 558, 0, 0
20660, 127, 233, 385, 0, 0, 26.70%, 0, 0, 4, 292.68, 4996619, 558, 0, 0
20665, 127, 123, 385, 0, 0, 26.70%, 0, 0, 4, 284.07, 4997659, 558, 0, 0
20670, 127, 330, 385, 0, 0, 26.70%, 0, 0, 4, 282.18, 4998706, 558, 0, 0
20675, 127, 146, 385, 0, 0, 26.70%, 0, 0, 4, 290.52, 5000214, 558, 0, 0
20680, 127, 364, 385, 0, 0, 26.70%, 0, 0, 4, 291.10, 5001279, 558, 0, 0
20685, 127, 234, 385, 0, 0, 26.70%, 0, 0, 4, 293.25, 5002324, 558, 0, 0
20691, 127, 261, 385, 0, 0, 26.70%, 0, 0, 4, 31.18, 5003500, 558, 0, 0
20696, 127, 262, 385, 0, 0, 26.70%, 0, 0, 4, 291.67, 5004909, 558, 0, 0
20701, 127, 337, 385, 0, 0, 26.70%, 0, 0, 4, 291.79, 5005979, 558, 0, 0
20706, 127, 364, 385, 0, 0, 26.70%, 0, 0, 4, 286.10, 5007079, 558, 0, 0
20711, 127, 292, 385, 0, 0, 26.70%, 0, 0, 4, 57.76, 5008479, 558, 0, 0
20716, 127, 204, 385, 0, 0, 26.70%, 0, 0, 4, 287.93, 5009599, 558, 0, 0
20721, 127, 90, 385, 0, 0, 26.70%, 0, 0, 4, 293.50, 5010659, 558, 0, 0
20726, 127, 345, 385, 0, 0, 26.70%, 0, 0, 4, 31.27, 5011848, 558, 0, 0
20731, 128, 233, 385, 0, 0, 26.70%, 0, 0, 4, 291.12, 5013129, 558, 0, 0
20736, 128, 242, 385, 0, 0, 26.70%, 0, 0, 4, 286.35, 5014213, 558, 0, 0
20742, 128, 270, 385, 0, 0, 26.70%, 0, 0, 4, 290.24, 5015269, 558, 0, 0
20747, 128, 340, 385, 0, 0, 26.70%, 0, 0, 4, 281.28, 5016699, 558, 0, 0
20752, 128, 59, 385, 0, 0, 26.70%, 0, 0, 4, 290.55, 5017839, 558, 0, 0
20757, 128, 262, 385, 0, 0, 26.70%, 0, 0, 4, 281.58, 5018914, 558, 0, 0
20762, 128, 121, 385, 0, 0, 26.70%, 0, 0, 4, 41.95, 5020023, 558, 0, 0
20767, 128, 170, 385, 0, 0, 26.70%, 0, 0, 4, 291.31, 5021484, 558, 0, 0
20772, 128, 139, 385, 0, 0, 26.70%, 0, 0, 4, 288.05, 5022524, 558, 0, 0
20777, 128, 61, 385, 0, 0, 26.70%, 0, 0, 4, 292.32, 5023574, 558, 0, 0
20782, 128, 262, 385, 0, 0, 26.70%, 0, 0, 4, 31.30, 5024732, 558, 0, 0
20788, 128, 234, 385, 0, 0, 26.70%, 0, 0, 4, 277.67, 5026163, 558, 0, 0
20793, 128, 170, 385, 0, 0, 26.70%, 0, 0, 4, 291.27, 5027229, 558, 0, 0
20798, 128, 167, 385, 0, 0, 26.70%, 0, 0, 4, 287.70, 5028314, 558, 0, 0
20803, 128, 59, 385, 0, 0, 26.70%, 0, 0, 4, 45.64, 5029648, 558, 0, 0
20808, 128, 242, 385, 0, 0, 26.70%, 0, 0, 4, 271.06, 5030849, 558, 0, 0
20813, 128, 330, 385, 0, 0, 26.70%, 0, 0, 4, 290.86, 5031919, 558, 0, 0
20818, 128, 234, 385, 0, 0, 26.70%, 0, 0, 4, 163.37, 5032980, 558, 0, 0
20823, 128, 146, 385, 0, 0, 26.70%, 0, 0, 4, 264.52, 5034464, 558, 0, 0
20828, 128, 120, 385, 0, 0, 26.70%, 0, 0, 4, 291.69, 5035554, 558, 0, 0
20833, 128, 266, 385, 0, 0, 26.70%, 0, 0, 4, 286.35, 5036599, 558, 0, 0
20838, 128, 163, 385, 0, 0, 26.70%, 0, 0, 4, 31.26, 5037750, 558, 0, 0
20843, 128, 163, 385, 0, 0, 26.70%, 0, 0, 4, 288.98, 5039099, 558, 0, 0
20849, 128, 59, 385, 0, 0, 26.70%, 0, 0, 4, 290.41, 5040199, 558, 0, 0
20854, 128, 277, 385, 0, 0, 26.70%, 0, 0, 4, 273.85, 5041289, 558, 0, 0
20859, 128, 371, 385, 0, 0, 26.70%, 0, 0, 4, 275.41, 5042699, 558, 0, 0
20864, 128, 364, 385, 0, 0, 26.70%, 0, 0, 4, 252.08, 5043851, 558, 0, 0
20869, 128, 266, 385, 0, 0, 26.70%, 0, 0, 4, 292.00, 5044904, 558, 0, 0
20874, 128, 292, 385, 0, 0, 26.70%, 0, 0, 4, 31.02, 5046007, 558, 0, 0
20879, 128, 47, 385, 0, 0, 26.70%, 0, 0, 4, 287.48, 5047469, 558, 0, 0
20884, 128, 233, 385, 0, 0, 26.70%, 0, 0, 4, 292.11, 5048524, 558, 0, 0
20889, 128, 266, 385, 0, 0, 26.70%, 0, 0, 4, 289.64, 5049589, 558, 0, 0
20895, 128, 344, 385, 0, 0, 26.70%, 0, 0, 4, 31.15, 5050934, 558, 0, 0
20900, 129, 146, 385, 0, 0, 26.70%, 0, 0, 4, 289.99, 5052129, 558, 0, 0
20905, 129, 193, 385, 0, 0, 26.70%, 0, 0, 4, 265.33, 5053164, 558, 0, 0
20910, 129, 146, 385, 0, 0, 26.70%, 0, 0, 4, 30.92, 5054315, 558, 0, 0
20915, 129, 340, 385, 0, 0, 26.70%, 0, 0, 4, 291.72, 5055709, 558, 0, 0
20920, 129, 255, 385, 0, 0, 26.70%, 0, 0, 4, 255.95, 5056754, 558, 0, 0
20925, 129, 204, 385, 0, 0, 26.70%, 0, 0, 4, 294.63, 5057809, 558, 0, 0
20930, 129, 195, 385, 0, 0, 26.70%, 0, 0, 4, 287.56, 5059314, 558, 0, 0
20935, 129, 262, 385, 0, 0, 26.70%, 0, 0, 4, 270.28, 5060429, 558, 0, 0
20940, 129, 255, 385, 0, 0, 26.70%, 0, 0, 4, 288.17, 5061519, 558, 0, 0
20945, 129, 364, 385, 0, 0, 26.70%, 0, 0, 4, 31.16, 5062750, 558, 0, 0
20951, 129, 164, 385, 0, 0, 26.70%, 0, 0, 4, 292.24, 5064104, 558, 0, 0
20956, 129, 164, 385, 0, 0, 26.70%, 0, 0, 4, 285.10, 5065199, 558, 0, 0
20961, 129, 236, 385, 0, 0, 26.70%, 0, 0, 4, 233.98, 5066284, 558, 0, 0
20966, 129, 268, 385, 0, 0, 26.70%, 0, 0, 4, 265.30, 5067734, 558, 0, 0
20971, 129, 59, 385, 0, 0, 26.70%, 0, 0, 4, 255.29, 5068889, 558, 0, 0
20977, 129, 179, 385, 0, 0, 26.70%, 0, 0, 4, 238.02, 5069987, 558, 0, 0
20982, 129, 266, 385, 0, 0, 26.70%, 0, 0, 4, 31.13, 5071054, 558, 0, 0
20987, 129, 238, 385, 0, 0, 26.70%, 0, 0, 4, 289.50, 5072544, 558, 0, 0
20992, 129, 332, 385, 0, 0, 26.70%, 0, 0, 4, 256.87, 5073644, 558, 0, 0
20997, 129, 75, 385, 0, 0, 26.70%, 0, 0, 4, 294.66, 5074744, 558, 0, 0
21002, 129, 376, 385, 0, 0, 26.70%, 0, 0, 4, 31.33, 5076011, 558, 0, 0
21007, 129, 255, 385, 0, 0, 26.70%, 0, 0, 4, 290.92, 5077309, 558, 0, 0
21012, 129, 46, 385, 0, 0, 26.70%, 0, 0, 4, 299.24, 5078374, 558, 0, 0
21017, 129, 330, 385, 0, 0, 26.70%, 0, 0, 4, 31.39, 5079420, 558, 0, 0
21023, 129, 364, 385, 0, 0, 26.70%, 0, 0, 4, 290.13, 5080919, 558, 0, 0
21028, 129, 195, 385, 0, 0, 26.70%, 0, 0, 4, 271.36, 5081979, 558, 0, 0
21033, 129, 326, 385, 0, 0, 26.70%, 0, 0, 4, 285.31, 5083044, 558, 0, 0
21038, 129, 109, 385, 0, 0, 26.70%, 0, 0, 4, 31.25, 5084439, 558, 0, 0
21043, 129, 270, 385, 0, 0, 26.70%, 0, 0, 4, 275.26, 5085599, 558, 0, 0
21048, 129, 333, 385, 0, 0, 26.70%, 0, 0, 4, 271.39, 5086654, 558, 0, 0
21053, 129, 255, 385, 0, 0, 26.70%, 0, 0, 4, 31.11, 5087797, 558, 0, 0
21058, 129, 266, 385, 0, 0, 26.70%, 0, 0, 4, 289.73, 5089238, 558, 0, 0
21063, 130, 170, 385, 0, 0, 26.70%, 0, 0, 4, 287.22, 5090304, 558, 0, 0
21069, 130, 47, 385, 0, 0, 26.70%, 0, 0, 4, 269.13, 5091394, 558, 0, 0
21074, 130, 118, 385, 0, 0, 26.70%, 0, 0, 4, 30.77, 5092739, 558, 0, 0
21079, 130, 326, 385, 0, 0, 26.70%, 0, 0, 4, 293.98, 5093939, 558, 0, 0
21084, 130, 170, 385, 0, 0, 26.70%, 0, 0, 4, 298.68, 5094999, 558, 0, 0
21089, 130, 52, 385, 0, 0, 26.70%, 0, 0, 4, 31.17, 5096141, 558, 0, 0
21094, 130, 195, 385, 0, 0, 26.70%, 0, 0, 4, 284.80, 5097563, 558, 0, 0
21099, 130, 195, 385, 0, 0, 26.70%, 0, 0, 4, 293.51, 5098619, 558, 0, 0
21104, 130, 262, 385, 0, 0, 26.70%, 0, 0, 4, 269.12, 5099699, 558, 0, 0
21110, 130, 350, 385, 0, 0, 26.70%, 0, 0, 4, 266.67, 5101109, 558, 0, 0
21115, 130, 46, 385, 0, 0, 26.70%, 0, 0, 4, 289.77, 5102244, 558, 0, 0
21120, 130, 338, 385, 0, 0, 26.70%, 0, 0, 4, 289.49, 5103324, 558, 0, 0
21125, 130, 242, 385, 0, 0, 26.70%, 0, 0, 4, 217.82, 5104396, 558, 0, 0
21130, 130, 214, 385, 0, 0, 26.70%, 0, 0, 4, 274.84, 5105899, 558, 0, 0
21135, 130, 262, 385, 0, 0, 26.70%, 0, 0, 4, 245.70, 5106992, 558, 0, 0
21140, 130, 59, 385, 0, 0, 26.70%, 0, 0, 4, 297.28, 5108054, 558, 0, 0
21146, 130, 371, 385, 0, 0, 26.70%, 0, 0, 4, 31.35, 5109250, 558, 0, 0
21151, 130, 330, 385, 0, 0, 26.70%, 0, 0, 4, 292.27, 5110649, 558, 0, 0
21156, 130, 49, 385, 0, 0, 26.70%, 0, 0, 4, 251.17, 5111694, 558, 0, 0
21161, 130, 313, 385, 0, 0, 26.70%, 0, 0, 4, 292.91, 5112744, 558, 0, 0
21166, 130, 383, 385, 0, 0, 26.70%, 0, 0, 4, 31.15, 5114089, 558, 0, 0
21171, 130, 41, 385, 0, 0, 26.70%, 0, 0, 4, 288.44, 5115329, 558, 0, 0
21176, 130, 242, 385, 0, 0, 26.70%, 0, 0, 4, 282.34, 5116384, 558, 0, 0
21181, 130, 234, 385, 0, 0, 26.70%, 0, 0, 4, 32.06, 5117436, 558, 0, 0
21186, 130, 204, 385, 0, 0, 26.70%, 0, 0, 4, 290.02, 5118934, 558, 0, 0
21192, 130, 49, 385, 0, 0, 26.70%, 0, 0, 4, 290.92, 5120039, 558, 0, 0
21197, 130, 340, 385, 0, 0, 26.70%, 0, 0, 4, 235.78, 5121140, 558, 0, 0
21202, 130, 214, 385, 0, 0, 26.70%, 0, 0, 4, 31.43, 5122366, 558, 0, 0
21207, 130, 382, 385, 0, 0, 26.70%, 0, 0, 4, 291.31, 5123604, 558, 0, 0
21212, 130, 236, 385, 0, 0, 26.70%, 0, 0, 4, 289.92, 5124684, 558, 0, 0
21217, 130, 164, 385, 0, 0, 26.70%, 0, 0, 4, 301.83, 5125745, 558, 0, 0
21222, 130, 146, 385, 0, 0, 26.70%, 0, 0, 4, 283.34, 5127229, 558, 0, 0
21227, 130, 163, 385, 0, 0, 26.70%, 0, 0, 4, 289.47, 5128354, 558, 0, 0
21233, 131, 275, 385, 0, 0, 26.70%, 0, 0, 4, 286.65, 5129414, 558, 0, 0
21238, 131, 47, 385, 0, 0, 26.70%, 0, 0, 4, 31.02, 5130577, 558, 0, 0
21243, 131, 115, 385, 0, 0, 26.70%, 0, 0, 4, 267.51, 5132004, 558, 0, 0
21248, 131, 163, 385, 0, 0, 26.70%, 0, 0, 4, 293.65, 5133044, 558, 0, 0
21253, 131, 105, 385, 0, 0, 26.70%, 0, 0, 4, 289.06, 5134134, 558, 0, 0
21258, 131, 333, 385, 0, 0, 26.70%, 0, 0, 4, 30.96, 5135391, 558, 0, 0
21263, 131, 47, 385, 0, 0, 26.70%, 0, 0, 4, 275.69, 5136614, 558, 0, 0
21268, 131, 59, 385, 0, 0, 26.70%, 0, 0, 4, 235.43, 5137680, 558, 0, 0
21273, 131, 195, 385, 0, 0, 26.70%, 0, 0, 4, 31.26, 5138742, 558, 0, 0
21278, 131, 203, 385, 0, 0, 26.70%, 0, 0, 4, 262.47, 5140214, 558, 0, 0
21283, 131, 313, 385, 0, 0, 26.70%, 0, 0, 4, 291.78, 5141244, 558, 0, 0
21289, 131, 15, 385, 0, 0, 26.70%, 0, 0, 4, 239.88, 5142354, 558, 0, 0
21294, 131, 350, 385, 0, 0, 26.70%, 0, 0, 4, 30.77, 5143739, 558, 0, 0
21299, 131, 99, 385, 0, 0, 26.70%, 0, 0, 4, 272.21, 5144894, 558, 0, 0
21304, 131, 364, 385, 0, 0, 26.70%, 0, 0, 4, 290.33, 5145994, 558, 0, 0
21309, 131, 46, 385, 0, 0, 26.70%, 0, 0, 4, 33.40, 5147050, 558, 0, 0
21314, 131, 179, 385, 0, 0, 26.70%, 0, 0, 4, 291.48, 5148549, 558, 0, 0
21319, 131, 188, 385, 0, 0, 26.70%, 0, 0, 4, 269.83, 5149629, 558, 0, 0
21324, 131, 370, 385, 0, 0, 26.70%, 0, 0, 4, 249.38, 5150721, 558, 0, 0
21330, 131, 274, 385, 0, 0, 26.70%, 0, 0, 4, 30.98, 5151996, 558, 0, 0
21335, 131, 266, 385, 0, 0, 26.70%, 0, 0, 4, 277.36, 5153209, 558, 0, 0
21340, 131, 270, 385, 0, 0, 26.70%, 0, 0, 4, 292.54, 5154289, 558, 0, 0
21345, 131, 297, 385, 0, 0, 26.70%, 0, 0, 4, 292.08, 5155386, 558, 0, 0
21350, 131, 266, 385, 0, 0, 26.70%, 0, 0, 4, 289.08, 5156884, 558, 0, 0
21355, 131, 109, 385, 0, 0, 26.70%, 0, 0, 4, 287.90, 5157974, 558, 0, 0
21360, 131, 167, 385, 0, 0, 26.70%, 0, 0, 4, 289.86, 5159039, 558, 0, 0
21365, 131, 204, 385, 0, 0, 26.70%, 0, 0, 4, 31.43, 5160283, 558, 0, 0
21371, 131, 364, 385, 0, 0, 26.70%, 0, 0, 4, 290.14, 5161634, 558, 0, 0
21376, 131, 8, 385, 0, 0, 26.70%, 0, 0, 4, 290.94, 5162734, 558, 0, 0
21381, 131, 164, 385, 0, 0, 26.70%, 0, 0, 4, 211.33, 5163795, 558, 0, 0
21386, 131, 146, 385, 0, 0, 26.70%, 0, 0, 4, 265.25, 5165219, 558, 0, 0
21391, 131, 47, 385, 0, 0, 26.70%, 0, 0, 4, 290.39, 5166364, 558, 0, 0
21396, 131, 214, 385, 0, 0, 26.70%, 0, 0, 4, 229.17, 5167415, 558, 0, 0
21401, 132, 233, 385, 0, 0, 26.70%, 0, 0, 4, 30.93, 5168532, 558, 0, 0
21406, 132, 97, 385, 0, 0, 26.70%, 0, 0, 4, 290.67, 5169979, 558, 0, 0
21411, 132, 94, 385, 0, 0, 26.70%, 0, 0, 4, 289.80, 5171038, 558, 0, 0
21416, 132, 364, 385, 0, 0, 26.70%, 0, 0, 4, 257.75, 5172138, 558, 0, 0
21422, 132, 252, 385, 0, 0, 26.70%, 0, 0, 4, 30.78, 5173471, 558, 0, 0
21427, 132, 164, 385, 0, 0, 26.70%, 0, 0, 4, 278.86, 5174689, 558, 0, 0
21432, 132, 52, 385, 0, 0, 26.70%, 0, 0, 4, 290.84, 5175749, 558, 0, 0
21437, 132, 195, 385, 0, 0, 26.70%, 0, 0, 4, 295.57, 5176864, 558, 0, 0
21442, 132, 163, 385, 0, 0, 26.70%, 0, 0, 4, 291.59, 5178359, 558, 0, 0
21447, 132, 340, 385, 0, 0, 26.70%, 0, 0, 4, 244.01, 5179413, 558, 0, 0
21452, 132, 49, 385, 0, 0, 26.70%, 0, 0, 4, 299.82, 5180514, 558, 0, 0
21457, 132, 234, 385, 0, 0, 26.70%, 0, 0, 4, 30.96, 5181884, 558, 0, 0
21462, 132, 338, 385, 0, 0, 26.70%, 0, 0, 4, 291.88, 5183079, 558, 0, 0
21468, 132, 270, 385, 0, 0, 26.70%, 0, 0, 4, 289.23, 5184154, 558, 0, 0
21473, 132, 270, 385, 0, 0, 26.70%, 0, 0, 4, 31.23, 5185257, 558, 0, 0
21478, 132, 246, 385, 0, 0, 26.70%, 0, 0, 4, 292.46, 5186704, 558, 0, 0
21483, 132, 115, 385, 0, 0, 26.70%, 0, 0, 4, 281.50, 5187764, 558, 0, 0
21488, 132, 255, 385, 0, 0, 26.70%, 0, 0, 4, 289.78, 5188859, 558, 0, 0
21493, 132, 338, 385, 0, 0, 26.70%, 0, 0, 4, 277.61, 5190269, 558, 0, 0
21498, 132, 195, 385, 0, 0, 26.70%, 0, 0, 4, 257.91, 5191413, 558, 0, 0
21503, 132, 49, 385, 0, 0, 26.70%, 0, 0, 4, 258.64, 5192469, 558, 0, 0
21508, 132, 166, 385, 0, 0, 26.70%, 0, 0, 4, 31.25, 5193723, 558, 0, 0
21514, 132, 350, 385, 0, 0, 26.70%, 0, 0, 4, 261.03, 5195089, 558, 0, 0
21519, 132, 139, 385, 0, 0, 26.70%, 0, 0, 4, 292.29, 5196179, 558, 0, 0
21524, 132, 255, 385, 0, 0, 26.70%, 0, 0, 4, 284.09, 5197249, 558, 0, 0
21529, 132, 340, 385, 0, 0, 26.70%, 0, 0, 4, 289.00, 5198754, 558, 0, 0
21534, 132, 234, 385, 0, 0, 26.70%, 0, 0, 4, 292.41, 5199813, 558, 0, 0
21539, 132, 179, 385, 0, 0, 26.70%, 0, 0, 4, 288.43, 5200904, 558, 0, 0
21544, 132, 266, 385, 0, 0, 26.70%, 0, 0, 4, 30.99, 5202206, 558, 0, 0
21549, 132, 167, 385, 0, 0, 26.70%, 0, 0, 4, 256.32, 5203459, 558, 0, 0
21555, 132, 180, 385, 0, 0, 26.70%, 0, 0, 4, 291.11, 5204549, 558, 0, 0
21560, 132, 164, 385, 0, 0, 26.70%, 0, 0, 4, 292.08, 5205608, 558, 0, 0
21565, 133, 262, 385, 0, 0, 26.70%, 0, 0, 4, 291.94, 5207124, 558, 0, 0
21570, 133, 191, 385, 0, 0, 26.70%, 0, 0, 4, 289.62, 5208234, 558, 0, 0
21575, 133, 242, 385, 0, 0, 26.70%, 0, 0, 4, 294.76, 5209288, 558, 0, 0
21580, 133, 88, 385, 0, 0, 26.70%, 0, 0, 4, 30.91, 5210558, 558, 0, 0
21585, 133, 255, 385, 0, 0, 26.70%, 0, 0, 4, 294.56, 5211899, 558, 0, 0
21590, 133, 273, 385, 0, 0, 26.70%, 0, 0, 4, 291.72, 5212979, 558, 0, 0
21596, 133, 242, 385, 0, 0, 26.70%, 0, 0, 4, 288.56, 5214027, 558, 0, 0
21599, 133, 59, 385, 0, 0, 26.70%, 0, 0, 4, 0.00, 5215049, 558, 0, 0
