# relative_time, cycles_done, cur_item, corpus_count, pending_total, pending_favs, map_size, saved_crashes, saved_hangs, max_depth, execs_per_sec, total_execs, edges_found, total_crashes, servers_count
61, 0, 455, 474, 315, 4, 30.41%, 0, 0, 4, 167.78, 279938, 952, 0, 0
66, 0, 455, 482, 323, 4, 30.41%, 0, 0, 4, 174.67, 280874, 952, 0, 0
71, 0, 455, 483, 324, 4, 30.41%, 0, 0, 4, 199.93, 281874, 952, 0, 0
76, 0, 455, 486, 327, 4, 30.41%, 0, 0, 4, 174.02, 282687, 952, 0, 0
81, 0, 455, 486, 327, 4, 30.41%, 0, 0, 4, 177.61, 283614, 952, 0, 0
86, 0, 455, 486, 327, 4, 30.41%, 0, 0, 4, 196.67, 284604, 952, 0, 0
91, 0, 455, 486, 327, 4, 30.41%, 0, 0, 4, 189.34, 285558, 952, 0, 0
96, 0, 455, 486, 327, 4, 30.41%, 0, 0, 4, 185.14, 286479, 952, 0, 0
101, 0, 455, 486, 327, 4, 30.41%, 0, 0, 4, 185.03, 287406, 952, 0, 0
106, 0, 455, 486, 327, 4, 30.41%, 0, 0, 4, 189.05, 288405, 952, 0, 0
112, 0, 455, 486, 327, 4, 30.41%, 0, 0, 4, 182.89, 289335, 952, 0, 0
117, 0, 455, 486, 327, 4, 30.41%, 0, 0, 4, 178.69, 290235, 952, 0, 0
122, 0, 455, 486, 327, 4, 30.41%, 0, 0, 4, 187.89, 291210, 952, 0, 0
127, 0, 455, 486, 327, 4, 30.41%, 0, 0, 4, 184.72, 292156, 952, 0, 0
132, 0, 478, 501, 338, 6, 30.53%, 0, 0, 5, 186.16, 305710, 956, 0, 0
137, 0, 509, 526, 355, 4, 30.66%, 0, 0, 7, 3656.95, 326042, 960, 0, 0
143, 1, 15, 541, 363, 0, 30.66%, 0, 0, 9, 4306.27, 348390, 960, 0, 0
148, 2, 71, 545, 345, 0, 30.73%, 0, 0, 9, 4999.68, 374119, 962, 0, 0
153, 2, 126, 551, 345, 0, 30.73%, 0, 0, 9, 4662.17, 399042, 962, 0, 0
158, 3, 53, 558, 332, 0, 30.76%, 0, 0, 9, 4712.68, 422889, 963, 0, 0
163, 5, 387, 565, 317, 1, 30.95%, 0, 0, 9, 5133.51, 449130, 969, 0, 0
168, 6, 173, 566, 307, 0, 30.98%, 0, 0, 9, 5193.80, 475520, 970, 0, 0
174, 7, 177, 573, 296, 0, 31.01%, 0, 0, 9, 4992.45, 501773, 971, 0, 0
179, 7, 344, 576, 271, 0, 31.01%, 0, 0, 9, 4281.18, 523038, 971, 0, 0
184, 8, 209, 579, 265, 0, 31.08%, 0, 0, 9, 4967.82, 549763, 973, 0, 0
189, 9, 586, 588, 263, 2, 31.17%, 0, 0, 9, 4781.25, 573295, 976, 0, 0
194, 10, 134, 592, 259, 0, 31.27%, 0, 0, 9, 5325.50, 602590, 979, 0, 0
199, 10, 395, 594, 238, 0, 31.27%, 0, 0, 9, 4561.63, 626060, 979, 0, 0
205, 10, 518, 608, 229, 0, 31.27%, 0, 0, 9, 3473.47, 643667, 979, 0, 0
210, 10, 580, 615, 223, 0, 31.27%, 0, 0, 9, 4164.14, 665307, 979, 0, 0
215, 10, 590, 620, 225, 0, 31.27%, 0, 0, 9, 4363.12, 685097, 979, 0, 0
221, 10, 598, 627, 231, 0, 31.27%, 0, 0, 9, 831.74, 706479, 979, 0, 0
227, 10, 615, 638, 237, 0, 31.27%, 0, 0, 9, 643.36, 723631, 979, 0, 0
232, 10, 619, 650, 248, 0, 31.27%, 0, 0, 9, 2442.80, 737516, 979, 0, 0
237, 11, 67, 652, 239, 0, 31.27%, 0, 0, 9, 3650.83, 757219, 979, 0, 0
242, 11, 223, 653, 231, 0, 31.27%, 0, 0, 9, 4474.73, 781221, 979, 0, 0
247, 11, 481, 660, 210, 0, 31.27%, 0, 0, 9, 690.57, 804509, 979, 0, 0
252, 11, 536, 668, 210, 0, 31.27%, 0, 0, 9, 2956.22, 818711, 979, 0, 0
257, 11, 582, 671, 207, 0, 31.27%, 0, 0, 9, 4045.40, 838185, 979, 0, 0
262, 12, 114, 677, 209, 0, 31.27%, 0, 0, 9, 4416.16, 861239, 979, 0, 0
268, 13, 137, 678, 208, 0, 31.27%, 0, 0, 9, 5013.04, 886944, 979, 0, 0
273, 13, 394, 680, 189, 0, 31.27%, 0, 0, 9, 4871.66, 910959, 979, 0, 0
278, 13, 549, 680, 174, 0, 31.27%, 0, 0, 9, 323.92, 925349, 979, 0, 0
283, 13, 604, 686, 174, 0, 31.27%, 0, 0, 9, 2737.62, 943187, 979, 0, 0
289, 13, 662, 688, 166, 0, 31.27%, 0, 0, 9, 2909.49, 956047, 979, 0, 0
294, 14, 154, 689, 162, 0, 31.27%, 0, 0, 9, 4373.14, 979480, 979, 0, 0
299, 14, 460, 690, 143, 0, 31.27%, 0, 0, 9, 4736.91, 1004780, 979, 0, 0
304, 14, 594, 691, 136, 0, 31.27%, 0, 0, 9, 3857.90, 1023294, 979, 0, 0
309, 14, 654, 691, 129, 0, 31.27%, 0, 0, 9, 2196.45, 1039273, 979, 0, 0
314, 14, 691, 695, 128, 0, 31.27%, 0, 0, 9, 227.05, 1053965, 979, 0, 0
319, 15, 90, 699, 130, 0, 31.27%, 0, 0, 9, 3342.75, 1069193, 979, 0, 0
324, 16, 98, 700, 128, 0, 31.27%, 0, 0, 9, 4678.57, 1095483, 979, 0, 0
330, 16, 336, 701, 127, 0, 31.27%, 0, 0, 9, 4661.81, 1119301, 979, 0, 0
335, 16, 590, 702, 116, 0, 31.27%, 0, 0, 9, 4704.04, 1143044, 979, 0, 0
340, 16, 661, 704, 115, 0, 31.27%, 0, 0, 10, 4016.58, 1153645, 979, 0, 0
345, 17, 4, 708, 114, 0, 31.30%, 0, 0, 10, 4134.07, 1176083, 980, 0, 0
350, 17, 248, 708, 112, 0, 31.30%, 0, 0, 10, 4700.39, 1200158, 980, 0, 0
355, 17, 588, 708, 101, 0, 31.30%, 0, 0, 10, 4898.99, 1225710, 980, 0, 0
360, 17, 706, 710, 96, 0, 31.30%, 0, 0, 10, 4549.25, 1242156, 980, 0, 0
365, 18, 286, 710, 95, 0, 31.30%, 0, 0, 10, 4988.30, 1268397, 980, 0, 0
371, 18, 551, 710, 88, 0, 31.30%, 0, 0, 10, 4297.31, 1291375, 980, 0, 0
376, 19, 181, 711, 88, 0, 31.30%, 0, 0, 10, 4584.64, 1313781, 980, 0, 0
382, 19, 712, 719, 93, 5, 32.67%, 0, 0, 10, 4783.79, 1336768, 1023, 0, 0
387, 20, 157, 719, 88, 0, 32.67%, 0, 0, 10, 5071.33, 1361835, 1023, 0, 0
392, 20, 386, 719, 83, 0, 32.67%, 0, 0, 10, 4667.73, 1384277, 1023, 0, 0
397, 20, 609, 719, 80, 0, 32.67%, 0, 0, 10, 4195.37, 1403381, 1023, 0, 0
402, 21, 145, 720, 78, 0, 32.67%, 0, 0, 10, 4748.55, 1426535, 1023, 0, 0
407, 22, 131, 721, 78, 0, 32.80%, 0, 0, 10, 4918.54, 1453683, 1027, 0, 0
413, 22, 386, 723, 78, 0, 32.80%, 0, 0, 10, 5574.48, 1475791, 1027, 0, 0
418, 22, 725, 736, 88, 2, 33.06%, 0, 0, 10, 4838.70, 1498356, 1035, 0, 0
423, 23, 176, 737, 86, 0, 33.06%, 0, 0, 10, 4097.36, 1523533, 1035, 0, 0
428, 23, 410, 739, 87, 0, 33.06%, 0, 0, 10, 4423.62, 1545597, 1035, 0, 0
433, 23, 601, 740, 85, 0, 33.06%, 0, 0, 10, 5075.72, 1563817, 1035, 0, 0
438, 24, 56, 741, 77, 0, 33.06%, 0, 0, 10, 4828.53, 1581482, 1035, 0, 0
443, 24, 321, 742, 78, 0, 33.06%, 0, 0, 10, 4921.63, 1606255, 1035, 0, 0
448, 24, 577, 742, 73, 0, 33.06%, 0, 0, 10, 4547.05, 1627106, 1035, 0, 0
453, 24, 698, 746, 73, 0, 33.06%, 0, 0, 10, 4245.36, 1647724, 1035, 0, 0
459, 24, 706, 749, 74, 0, 33.09%, 0, 0, 10, 2358.91, 1663060, 1036, 0, 0
464, 25, 178, 749, 73, 0, 33.09%, 0, 0, 10, 4141.78, 1686450, 1036, 0, 0
469, 25, 433, 750, 73, 0, 33.09%, 0, 0, 10, 4774.33, 1707623, 1036, 0, 0
474, 25, 638, 750, 71, 0, 33.09%, 0, 0, 10, 509.71, 1723707, 1036, 0, 0
479, 25, 685, 754, 70, 0, 33.09%, 0, 0, 10, 3453.27, 1740583, 1036, 0, 0
484, 25, 714, 756, 67, 0, 33.09%, 0, 0, 10, 5204.94, 1754892, 1036, 0, 0
489, 25, 756, 760, 71, 1, 33.09%, 0, 0, 10, 4058.94, 1773952, 1036, 0, 0
494, 26, 183, 761, 70, 0, 33.09%, 0, 0, 10, 5467.23, 1798882, 1036, 0, 0
499, 26, 458, 761, 67, 0, 33.09%, 0, 0, 10, 4835.52, 1819976, 1036, 0, 0
505, 26, 669, 762, 66, 0, 33.09%, 0, 0, 10, 3936.54, 1840017, 1036, 0, 0
510, 26, 714, 762, 63, 0, 33.09%, 0, 0, 10, 4443.97, 1861893, 1036, 0, 0
515, 26, 765, 768, 67, 1, 33.09%, 0, 0, 10, 4933.62, 1886214, 1036, 0, 0
521, 27, 190, 768, 66, 0, 33.09%, 0, 0, 10, 5111.80, 1912646, 1036, 0, 0
526, 27, 606, 769, 62, 1, 33.09%, 0, 0, 10, 4485.31, 1934306, 1036, 0, 0
531, 28, 112, 770, 61, 0, 33.09%, 0, 0, 10, 5027.97, 1954695, 1036, 0, 0
536, 29, 77, 771, 61, 0, 33.09%, 0, 0, 10, 4602.43, 1976079, 1036, 0, 0
541, 29, 325, 772, 62, 0, 33.09%, 0, 0, 10, 4748.48, 2000016, 1036, 0, 0
548, 29, 613, 774, 64, 0, 33.09%, 0, 0, 10, 400.73, 2018649, 1036, 0, 0
553, 30, 48, 775, 60, 0, 33.09%, 0, 0, 10, 3411.96, 2034922, 1036, 0, 0
558, 30, 610, 777, 62, 1, 33.12%, 0, 0, 10, 3893.08, 2055078, 1037, 0, 0
563, 31, 231, 777, 61, 0, 33.12%, 0, 0, 10, 1031.77, 2077629, 1037, 0, 0
568, 31, 588, 777, 60, 0, 33.12%, 0, 0, 10, 4816.72, 2100824, 1037, 0, 0
574, 31, 697, 779, 60, 0, 33.12%, 0, 0, 10, 917.64, 2115003, 1037, 0, 0
579, 31, 725, 779, 58, 0, 33.12%, 0, 0, 10, 5216.56, 2138462, 1037, 0, 0
584, 31, 738, 786, 62, 0, 33.12%, 0, 0, 10, 2805.68, 2152963, 1037, 0, 0
589, 31, 749, 788, 60, 0, 33.12%, 0, 0, 10, 3556.08, 2171172, 1037, 0, 0
594, 31, 774, 789, 56, 0, 33.12%, 0, 0, 10, 5262.01, 2192089, 1037, 0, 0
599, 32, 154, 789, 55, 0, 33.12%, 0, 0, 10, 4329.64, 2214621, 1037, 0, 0
604, 33, 51, 894, 158, 0, 33.54%, 0, 0, 10, 2779.01, 2233507, 1050, 0, 0
609, 33, 848, 987, 242, 35, 34.08%, 0, 0, 10, 4002.32, 2253610, 1067, 0, 0
614, 33, 921, 988, 225, 17, 34.08%, 0, 0, 10, 4461.16, 2275863, 1067, 0, 0
620, 34, 72, 989, 208, 0, 34.08%, 0, 0, 10, 4166.14, 2300620, 1067, 0, 0
625, 34, 380, 989, 208, 0, 34.08%, 0, 0, 10, 3665.45, 2322664, 1067, 0, 0
630, 34, 662, 989, 203, 0, 34.08%, 0, 0, 10, 681.79, 2340637, 1067, 0, 0
635, 34, 713, 989, 201, 0, 34.08%, 0, 0, 10, 455.45, 2350835, 1067, 0, 0
640, 34, 739, 992, 201, 0, 34.08%, 0, 0, 10, 4931.48, 2374156, 1067, 0, 0
645, 34, 774, 992, 200, 0, 34.08%, 0, 0, 10, 355.47, 2394910, 1067, 0, 0
650, 34, 788, 993, 196, 0, 34.08%, 0, 0, 10, 4279.15, 2410563, 1067, 0, 0
655, 34, 842, 994, 184, 0, 34.08%, 0, 0, 10, 3624.06, 2432408, 1067, 0, 0
661, 34, 902, 994, 178, 0, 34.08%, 0, 0, 10, 4458.74, 2457604, 1067, 0, 0
666, 34, 960, 996, 167, 0, 34.08%, 0, 0, 10, 4941.85, 2480650, 1067, 0, 0
671, 35, 97, 998, 165, 0, 34.08%, 0, 0, 10, 4918.37, 2503809, 1067, 0, 0
676, 35, 428, 998, 164, 0, 34.08%, 0, 0, 10, 4642.08, 2526229, 1067, 0, 0
681, 35, 712, 998, 161, 0, 34.08%, 0, 0, 10, 4633.85, 2544432, 1067, 0, 0
687, 35, 754, 998, 159, 0, 34.08%, 0, 0, 10, 366.85, 2566118, 1067, 0, 0
692, 35, 805, 998, 152, 0, 34.08%, 0, 0, 10, 3471.19, 2584659, 1067, 0, 0
697, 35, 845, 998, 144, 0, 34.08%, 0, 0, 10, 4594.38, 2597203, 1067, 0, 0
702, 35, 878, 998, 132, 0, 34.08%, 0, 0, 10, 4158.50, 2615198, 1067, 0, 0
707, 35, 925, 1001, 128, 0, 34.08%, 0, 0, 10, 4277.49, 2636181, 1067, 0, 0
712, 35, 979, 1002, 118, 0, 34.08%, 0, 0, 10, 3620.00, 2657895, 1067, 0, 0
717, 35, 1001, 1008, 121, 0, 34.08%, 0, 0, 10, 3644.57, 2675664, 1067, 0, 0
722, 36, 178, 1009, 119, 0, 34.08%, 0, 0, 10, 4340.81, 2697151, 1067, 0, 0
727, 36, 579, 1009, 118, 0, 34.08%, 0, 0, 10, 3547.47, 2718839, 1067, 0, 0
733, 36, 727, 1009, 115, 0, 34.08%, 0, 0, 10, 682.46, 2739846, 1067, 0, 0
738, 36, 765, 1009, 109, 0, 34.08%, 0, 0, 10, 5614.33, 2758419, 1067, 0, 0
743, 36, 848, 1009, 107, 0, 34.08%, 0, 0, 10, 3427.21, 2777398, 1067, 0, 0
748, 36, 896, 1009, 103, 0, 34.08%, 0, 0, 10, 5129.37, 2798495, 1067, 0, 0
753, 36, 958, 1009, 97, 0, 34.08%, 0, 0, 10, 3889.41, 2820741, 1067, 0, 0
759, 36, 1010, 1011, 91, 1, 34.14%, 0, 0, 10, 3034.76, 2842420, 1069, 0, 0
764, 37, 320, 1011, 90, 0, 34.14%, 0, 0, 10, 5115.14, 2864780, 1069, 0, 0
769, 37, 708, 1011, 90, 0, 34.14%, 0, 0, 10, 2834.69, 2883885, 1069, 0, 0
774, 37, 748, 1011, 88, 0, 34.14%, 0, 0, 10, 3251.18, 2897254, 1069, 0, 0
779, 37, 810, 1011, 85, 0, 34.14%, 0, 0, 10, 5014.61, 2916347, 1069, 0, 0
784, 37, 881, 1011, 80, 0, 34.14%, 0, 0, 10, 4555.99, 2937946, 1069, 0, 0
789, 37, 945, 1011, 76, 0, 34.14%, 0, 0, 10, 2470.00, 2958858, 1069, 0, 0
795, 37, 987, 1011, 74, 0, 34.14%, 0, 0, 10, 5301.93, 2979077, 1069, 0, 0
800, 38, 175, 1012, 71, 0, 34.14%, 0, 0, 10, 4707.92, 3001743, 1069, 0, 0
805, 38, 633, 1012, 71, 0, 34.14%, 0, 0, 10, 4763.52, 3022602, 1069, 0, 0
810, 38, 758, 1013, 71, 0, 34.14%, 0, 0, 10, 2637.04, 3037337, 1069, 0, 0
815, 38, 787, 1015, 72, 0, 34.14%, 0, 0, 10, 5282.96, 3057543, 1069, 0, 0
820, 38, 867, 1015, 66, 0, 34.14%, 0, 0, 10, 4150.67, 3079215, 1069, 0, 0
825, 38, 941, 1015, 58, 0, 34.14%, 0, 0, 10, 4448.82, 3101504, 1069, 0, 0
830, 38, 1011, 1015, 54, 0, 34.14%, 0, 0, 10, 4229.89, 3122853, 1069, 0, 0
835, 39, 287, 1015, 52, 0, 34.14%, 0, 0, 10, 4868.28, 3145439, 1069, 0, 0
840, 39, 664, 1015, 52, 0, 34.14%, 0, 0, 10, 4427.21, 3167062, 1069, 0, 0
846, 39, 751, 1016, 52, 0, 34.14%, 0, 0, 10, 4899.30, 3182206, 1069, 0, 0
851, 39, 842, 1016, 47, 0, 34.14%, 0, 0, 10, 5286.72, 3204003, 1069, 0, 0
856, 40, 175, 1017, 47, 0, 34.17%, 0, 0, 10, 4055.00, 3227294, 1070, 0, 0
861, 40, 654, 1017, 47, 0, 34.17%, 0, 0, 10, 1293.13, 3249435, 1070, 0, 0
866, 40, 745, 1017, 45, 0, 34.17%, 0, 0, 10, 3114.60, 3261485, 1070, 0, 0
871, 40, 846, 1017, 39, 0, 34.17%, 0, 0, 10, 4930.35, 3281349, 1070, 0, 0
876, 40, 921, 1017, 37, 0, 34.17%, 0, 0, 10, 4555.36, 3304399, 1070, 0, 0
881, 40, 1010, 1018, 34, 0, 34.17%, 0, 0, 10, 4361.44, 3325538, 1070, 0, 0
888, 40, 1022, 1023, 38, 0, 34.17%, 0, 0, 10, 2587.18, 3341614, 1070, 0, 0
893, 41, 257, 1023, 37, 0, 34.17%, 0, 0, 10, 4641.11, 3363411, 1070, 0, 0
898, 41, 729, 1023, 37, 0, 34.17%, 0, 0, 10, 834.95, 3384530, 1070, 0, 0
903, 41, 862, 1023, 35, 0, 34.17%, 0, 0, 10, 4537.00, 3404606, 1070, 0, 0
908, 41, 951, 1023, 35, 0, 34.17%, 0, 0, 10, 4674.37, 3428274, 1070, 0, 0
913, 41, 1014, 1024, 33, 0, 34.17%, 0, 0, 10, 4644.52, 3449175, 1070, 0, 0
918, 42, 89, 1025, 32, 0, 34.17%, 0, 0, 10, 3742.98, 3464336, 1070, 0, 0
923, 42, 466, 1025, 32, 0, 34.17%, 0, 0, 10, 4638.50, 3486040, 1070, 0, 0
928, 42, 1025, 1026, 33, 1, 34.17%, 0, 0, 10, 2161.05, 3504415, 1070, 0, 0
934, 43, 336, 1026, 32, 0, 34.17%, 0, 0, 10, 4890.67, 3527739, 1070, 0, 0
939, 43, 699, 1026, 32, 0, 34.17%, 0, 0, 10, 3527.04, 3546310, 1070, 0, 0
944, 43, 879, 1026, 30, 0, 34.17%, 0, 0, 10, 4819.20, 3566324, 1070, 0, 0
949, 43, 982, 1026, 27, 0, 34.17%, 0, 0, 10, 4712.92, 3587740, 1070, 0, 0
954, 44, 153, 1028, 28, 0, 34.17%, 0, 0, 10, 4680.89, 3608036, 1070, 0, 0
959, 44, 540, 1028, 28, 0, 34.17%, 0, 0, 10, 3808.90, 3626671, 1070, 0, 0
964, 44, 785, 1028, 27, 0, 34.17%, 0, 0, 10, 4775.80, 3649372, 1070, 0, 0
969, 44, 911, 1028, 26, 0, 34.17%, 0, 0, 10, 2685.00, 3659648, 1070, 0, 0
974, 44, 1014, 1031, 26, 0, 34.17%, 0, 0, 10, 4885.51, 3680459, 1070, 0, 0
979, 45, 112, 1032, 25, 0, 34.17%, 0, 0, 10, 4025.03, 3699282, 1070, 0, 0
984, 45, 463, 1032, 25, 0, 34.17%, 0, 0, 10, 310.90, 3719210, 1070, 0, 0
989, 45, 757, 1033, 26, 1, 34.21%, 0, 0, 10, 625.90, 3739578, 1071, 0, 0
995, 46, 175, 1033, 25, 0, 34.21%, 0, 0, 10, 470.87, 3762192, 1071, 0, 0
1000, 46, 590, 1033, 25, 0, 34.21%, 0, 0, 10, 4755.00, 3779551, 1071, 0, 0
1005, 46, 741, 1033, 25, 0, 34.21%, 0, 0, 10, 4258.09, 3799323, 1071, 0, 0
1011, 46, 917, 1033, 21, 0, 34.21%, 0, 0, 10, 4538.59, 3821142, 1071, 0, 0
1016, 46, 1028, 1036, 23, 0, 34.21%, 0, 0, 10, 4996.19, 3843268, 1071, 0, 0
1021, 46, 1031, 1042, 26, 0, 34.21%, 0, 0, 10, 4725.98, 3865329, 1071, 0, 0
1026, 47, 231, 1042, 24, 0, 34.21%, 0, 0, 10, 4908.66, 3887478, 1071, 0, 0
1031, 47, 609, 1042, 24, 0, 34.21%, 0, 0, 10, 2772.29, 3907763, 1071, 0, 0
1036, 47, 859, 1043, 25, 0, 34.21%, 0, 0, 10, 88.11, 3926806, 1071, 0, 0
1042, 47, 1036, 1044, 25, 0, 34.21%, 0, 0, 10, 752.04, 3947269, 1071, 0, 0
1048, 48, 209, 1044, 23, 0, 34.21%, 0, 0, 10, 4812.98, 3974532, 1071, 0, 0
1053, 48, 675, 1044, 23, 0, 34.21%, 0, 0, 10, 4056.94, 3994710, 1071, 0, 0
1058, 48, 790, 1044, 23, 0, 34.21%, 0, 0, 10, 4174.86, 4016826, 1071, 0, 0
1064, 48, 1025, 1044, 18, 0, 34.21%, 0, 0, 10, 511.81, 4037553, 1071, 0, 0
1069, 49, 228, 1044, 18, 0, 34.21%, 0, 0, 10, 5060.00, 4060654, 1071, 0, 0
1074, 49, 714, 1044, 18, 0, 34.21%, 0, 0, 10, 4617.91, 4084033, 1071, 0, 0
1079, 49, 948, 1044, 18, 0, 34.21%, 0, 0, 10, 5237.23, 4107382, 1071, 0, 0
1084, 49, 1033, 1046, 17, 0, 34.21%, 0, 0, 10, 5231.19, 4125572, 1071, 0, 0
1089, 50, 154, 1046, 15, 0, 34.21%, 0, 0, 10, 3482.45, 4147808, 1071, 0, 0
1094, 50, 540, 1046, 15, 0, 34.21%, 0, 0, 10, 4422.61, 4169045, 1071, 0, 0
1099, 50, 758, 1046, 15, 0, 34.21%, 0, 0, 10, 1031.76, 4186370, 1071, 0, 0
1105, 50, 991, 1046, 15, 0, 34.21%, 0, 0, 10, 4877.65, 4209586, 1071, 0, 0
1110, 51, 121, 1047, 15, 0, 34.21%, 0, 0, 10, 736.97, 4231471, 1071, 0, 0
1115, 51, 520, 1048, 16, 0, 34.21%, 0, 0, 10, 4596.87, 4253685, 1071, 0, 0
1120, 51, 758, 1048, 16, 0, 34.21%, 0, 0, 10, 5198.22, 4272691, 1071, 0, 0
1125, 51, 948, 1048, 14, 0, 34.21%, 0, 0, 10, 5331.53, 4295539, 1071, 0, 0
1131, 51, 1024, 1052, 18, 0, 34.21%, 0, 0, 10, 2751.90, 4309688, 1071, 0, 0
1136, 52, 47, 1054, 17, 0, 34.21%, 0, 0, 10, 5350.23, 4327058, 1071, 0, 0
1141, 52, 406, 1054, 17, 0, 34.21%, 0, 0, 10, 1183.48, 4349972, 1071, 0, 0
1146, 52, 765, 1054, 17, 0, 34.21%, 0, 0, 10, 5770.00, 4369937, 1071, 0, 0
1151, 52, 965, 1054, 16, 0, 34.21%, 0, 0, 10, 5187.20, 4392671, 1071, 0, 0
1156, 52, 1025, 1054, 15, 0, 34.21%, 0, 0, 10, 4170.09, 4407789, 1071, 0, 0
1161, 52, 1052, 1055, 11, 0, 34.21%, 0, 0, 10, 2202.35, 4425004, 1071, 0, 0
1166, 53, 358, 1055, 10, 0, 34.21%, 0, 0, 10, 5080.29, 4448064, 1071, 0, 0
1171, 53, 691, 1055, 10, 0, 34.21%, 0, 0, 10, 60.04, 4462192, 1071, 0, 0
1176, 53, 774, 1055, 10, 0, 34.21%, 0, 0, 10, 4163.73, 4476375, 1071, 0, 0
1182, 53, 967, 1055, 10, 0, 34.21%, 0, 0, 10, 4577.75, 4497327, 1071, 0, 0
1188, 53, 1054, 1057, 10, 0, 34.21%, 0, 0, 11, 3520.25, 4512888, 1071, 0, 0
1193, 54, 250, 1057, 9, 0, 34.21%, 0, 0, 11, 4143.45, 4533108, 1071, 0, 0
1198, 54, 756, 1057, 9, 0, 34.21%, 0, 0, 11, 4576.73, 4554880, 1071, 0, 0
1203, 54, 924, 1057, 9, 0, 34.21%, 0, 0, 11, 4291.75, 4577319, 1071, 0, 0
1208, 54, 1018, 1058, 10, 0, 34.21%, 0, 0, 11, 4630.67, 4593820, 1071, 0, 0
1213, 55, 96, 1132, 74, 0, 34.24%, 0, 0, 11, 4964.15, 4611700, 1072, 0, 0
1218, 55, 538, 1132, 74, 0, 34.24%, 0, 0, 11, 4623.15, 4632764, 1072, 0, 0
1223, 55, 765, 1132, 74, 0, 34.24%, 0, 0, 11, 4325.45, 4649721, 1072, 0, 0
1228, 56, 153, 1133, 74, 0, 34.27%, 0, 0, 11, 1649.34, 4670304, 1073, 0, 0
1233, 56, 576, 1133, 74, 0, 34.27%, 0, 0, 11, 3619.64, 4691636, 1073, 0, 0
1239, 56, 800, 1133, 74, 0, 34.27%, 0, 0, 11, 4629.53, 4713748, 1073, 0, 0
1245, 56, 1027, 1133, 74, 0, 34.27%, 0, 0, 11, 5016.48, 4735400, 1073, 0, 0
1250, 56, 1114, 1134, 63, 0, 34.27%, 0, 0, 11, 3377.76, 4753833, 1073, 0, 0
1256, 57, 104, 1135, 56, 0, 34.27%, 0, 0, 11, 5114.98, 4773489, 1073, 0, 0
1261, 57, 576, 1135, 56, 0, 34.27%, 0, 0, 11, 4551.78, 4795015, 1073, 0, 0
1266, 57, 717, 1135, 56, 0, 34.27%, 0, 0, 11, 1624.88, 4808792, 1073, 0, 0
1271, 57, 909, 1135, 56, 0, 34.27%, 0, 0, 11, 5313.79, 4830515, 1073, 0, 0
1276, 57, 1016, 1136, 57, 0, 34.27%, 0, 0, 11, 4648.83, 4851720, 1073, 0, 0
1282, 57, 1095, 1136, 48, 0, 34.27%, 0, 0, 11, 3599.93, 4871629, 1073, 0, 0
1287, 58, 45, 1138, 42, 0, 34.27%, 0, 0, 11, 4534.15, 4890396, 1073, 0, 0
1292, 58, 462, 1138, 42, 0, 34.27%, 0, 0, 11, 5022.33, 4912082, 1073, 0, 0
1298, 58, 758, 1138, 42, 0, 34.27%, 0, 0, 11, 4439.87, 4932456, 1073, 0, 0
1303, 58, 1023, 1138, 42, 0, 34.27%, 0, 0, 11, 4728.37, 4954024, 1073, 0, 0
1308, 58, 1110, 1139, 31, 0, 34.27%, 0, 0, 11, 4171.47, 4973413, 1073, 0, 0
1313, 59, 180, 1139, 28, 0, 34.27%, 0, 0, 11, 4631.29, 4996468, 1073, 0, 0
1318, 59, 608, 1139, 28, 0, 34.27%, 0, 0, 11, 3828.39, 5015428, 1073, 0, 0
1323, 59, 774, 1139, 28, 0, 34.27%, 0, 0, 11, 4322.39, 5034614, 1073, 0, 0
1329, 59, 1000, 1139, 28, 0, 34.27%, 0, 0, 11, 4876.97, 5056021, 1073, 0, 0
1334, 59, 1119, 1139, 22, 0, 34.27%, 0, 0, 11, 4262.47, 5074156, 1073, 0, 0
1339, 60, 178, 1139, 20, 0, 34.27%, 0, 0, 11, 439.02, 5095662, 1073, 0, 0
1344, 60, 661, 1139, 20, 0, 34.27%, 0, 0, 11, 3089.50, 5115859, 1073, 0, 0
1349, 60, 791, 1139, 20, 0, 34.27%, 0, 0, 11, 2890.13, 5134926, 1073, 0, 0
1355, 60, 971, 1139, 20, 0, 34.27%, 0, 0, 11, 3972.38, 5160071, 1073, 0, 0
1360, 60, 1129, 1140, 15, 0, 34.27%, 0, 0, 11, 4227.61, 5180812, 1073, 0, 0
1365, 61, 293, 1140, 15, 0, 34.27%, 0, 0, 11, 4176.33, 5202527, 1073, 0, 0
1370, 61, 717, 1140, 15, 0, 34.27%, 0, 0, 11, 782.61, 5223875, 1073, 0, 0
1375, 61, 948, 1140, 15, 0, 34.27%, 0, 0, 11, 4887.36, 5243177, 1073, 0, 0
1380, 61, 1074, 1140, 12, 0, 34.27%, 0, 0, 11, 4202.63, 5259028, 1073, 0, 0
1385, 62, 86, 1141, 10, 0, 34.27%, 0, 0, 11, 4660.99, 5278298, 1073, 0, 0
1391, 62, 520, 1141, 10, 0, 34.27%, 0, 0, 11, 4762.04, 5300723, 1073, 0, 0
1396, 62, 869, 1141, 10, 0, 34.27%, 0, 0, 11, 5610.53, 5320594, 1073, 0, 0
1401, 62, 1090, 1142, 11, 0, 34.27%, 0, 0, 11, 2910.56, 5340954, 1073, 0, 0
1406, 63, 114, 1142, 6, 0, 34.27%, 0, 0, 11, 4230.04, 5362491, 1073, 0, 0
1411, 63, 460, 1142, 6, 0, 34.27%, 0, 0, 11, 4205.02, 5382361, 1073, 0, 0
1416, 63, 723, 1142, 6, 0, 34.27%, 0, 0, 11, 5183.36, 5402028, 1073, 0, 0
1421, 63, 977, 1142, 6, 0, 34.27%, 0, 0, 11, 4488.35, 5423620, 1073, 0, 0
1426, 63, 1132, 1142, 5, 0, 34.27%, 0, 0, 11, 4394.28, 5444678, 1073, 0, 0
1431, 64, 212, 1142, 5, 0, 34.27%, 0, 0, 11, 4932.44, 5465133, 1073, 0, 0
1436, 64, 659, 1142, 5, 0, 34.27%, 0, 0, 11, 704.17, 5484052, 1073, 0, 0
1442, 64, 918, 1143, 6, 0, 34.27%, 0, 0, 11, 328.57, 5502799, 1073, 0, 0
1447, 64, 1098, 1144, 6, 0, 34.27%, 0, 0, 11, 5077.48, 5523760, 1073, 0, 0
1452, 65, 45, 1144, 6, 0, 34.27%, 0, 0, 11, 2774.83, 5537316, 1073, 0, 0
1457, 65, 525, 1144, 6, 0, 34.27%, 0, 0, 11, 4362.72, 5559939, 1073, 0, 0
1462, 65, 757, 1144, 6, 0, 34.27%, 0, 0, 11, 4688.27, 5580536, 1073, 0, 0
1467, 65, 1043, 1144, 6, 0, 34.27%, 0, 0, 11, 5550.00, 5602116, 1073, 0, 0
1472, 65, 1129, 1144, 6, 0, 34.27%, 0, 0, 11, 5205.00, 5616077, 1073, 0, 0
1477, 66, 237, 1144, 5, 0, 34.27%, 0, 0, 11, 4910.88, 5638123, 1073, 0, 0
1482, 66, 715, 1144, 5, 0, 34.27%, 0, 0, 11, 4738.14, 5660610, 1073, 0, 0
1488, 66, 982, 1144, 5, 0, 34.27%, 0, 0, 11, 5036.17, 5682292, 1073, 0, 0
1493, 66, 1041, 1146, 7, 0, 34.27%, 0, 0, 11, 4738.72, 5699229, 1073, 0, 0
1498, 67, 53, 1146, 5, 0, 34.27%, 0, 0, 11, 5106.88, 5719907, 1073, 0, 0
1503, 67, 498, 1146, 5, 0, 34.27%, 0, 0, 11, 5153.72, 5741790, 1073, 0, 0
1509, 67, 732, 1146, 5, 0, 34.27%, 0, 0, 11, 553.46, 5760098, 1073, 0, 0
1514, 67, 1074, 1146, 5, 0, 34.27%, 0, 0, 11, 4873.53, 5782424, 1073, 0, 0
1519, 68, 74, 1146, 2, 0, 34.27%, 0, 0, 11, 3288.80, 5802977, 1073, 0, 0
1524, 68, 468, 1146, 2, 0, 34.27%, 0, 0, 11, 4915.59, 5825909, 1073, 0, 0
1529, 68, 770, 1146, 2, 0, 34.27%, 0, 0, 11, 4073.66, 5844589, 1073, 0, 0
1535, 68, 1082, 1146, 2, 0, 34.27%, 0, 0, 11, 4799.02, 5866979, 1073, 0, 0
1540, 69, 175, 1146, 1, 0, 34.27%, 0, 0, 11, 329.23, 5887058, 1073, 0, 0
1545, 69, 647, 1146, 1, 0, 34.27%, 0, 0, 11, 5463.53, 5909474, 1073, 0, 0
1550, 69, 893, 1146, 1, 0, 34.27%, 0, 0, 11, 4740.74, 5930025, 1073, 0, 0
1555, 69, 1058, 1146, 1, 0, 34.27%, 0, 0, 11, 4443.63, 5949938, 1073, 0, 0
1560, 70, 160, 1146, 1, 0, 34.27%, 0, 0, 11, 4675.45, 5971671, 1073, 0, 0
1566, 70, 685, 1146, 1, 0, 34.27%, 0, 0, 11, 5318.01, 5993052, 1073, 0, 0
1571, 70, 801, 1146, 1, 0, 34.27%, 0, 0, 11, 4354.04, 6012524, 1073, 0, 0
1576, 70, 1055, 1146, 1, 0, 34.27%, 0, 0, 11, 1171.08, 6032449, 1073, 0, 0
1581, 71, 115, 1146, 0, 0, 34.27%, 0, 0, 11, 371.29, 6051120, 1073, 0, 0
1586, 71, 604, 1146, 0, 0, 34.27%, 0, 0, 11, 4042.11, 6075426, 1073, 0, 0
1591, 71, 787, 1146, 0, 0, 34.27%, 0, 0, 11, 4921.18, 6095046, 1073, 0, 0
1596, 71, 1033, 1146, 0, 0, 34.27%, 0, 0, 11, 5321.50, 6117151, 1073, 0, 0
1601, 72, 115, 1147, 1, 0, 34.27%, 0, 0, 11, 4941.93, 6138418, 1073, 0, 0
1607, 72, 575, 1147, 1, 0, 34.27%, 0, 0, 11, 4736.26, 6158941, 1073, 0, 0
1612, 72, 850, 1147, 1, 0, 34.27%, 0, 0, 11, 5401.24, 6177432, 1073, 0, 0
1617, 72, 1064, 1147, 1, 0, 34.27%, 0, 0, 11, 4697.03, 6198053, 1073, 0, 0
1623, 73, 205, 1147, 1, 0, 34.27%, 0, 0, 11, 5226.54, 6222581, 1073, 0, 0
1628, 73, 646, 1147, 1, 0, 34.27%, 0, 0, 11, 5228.28, 6242315, 1073, 0, 0
1633, 73, 796, 1147, 1, 0, 34.27%, 0, 0, 11, 5099.71, 6262582, 1073, 0, 0
1638, 73, 941, 1147, 1, 0, 34.27%, 0, 0, 11, 4868.88, 6274475, 1073, 0, 0
1643, 74, 114, 1147, 1, 0, 34.27%, 0, 0, 11, 5102.06, 6296123, 1073, 0, 0
1648, 74, 582, 1147, 1, 0, 34.27%, 0, 0, 11, 5203.95, 6318493, 1073, 0, 0
1653, 74, 807, 1147, 1, 0, 34.27%, 0, 0, 11, 3216.61, 6337603, 1073, 0, 0
1658, 74, 1040, 1147, 1, 0, 34.27%, 0, 0, 11, 5174.80, 6358635, 1073, 0, 0
1663, 75, 275, 1147, 1, 0, 34.27%, 0, 0, 11, 5079.66, 6382082, 1073, 0, 0
1668, 75, 713, 1147, 1, 0, 34.27%, 0, 0, 11, 4609.65, 6403660, 1073, 0, 0
1674, 75, 909, 1147, 1, 0, 34.27%, 0, 0, 11, 3806.85, 6424716, 1073, 0, 0
1680, 75, 1146, 1148, 2, 0, 34.27%, 0, 0, 11, 4674.58, 6448343, 1073, 0, 0
1685, 76, 240, 1148, 1, 0, 34.27%, 0, 0, 11, 4672.72, 6469626, 1073, 0, 0
1690, 76, 748, 1148, 1, 0, 34.27%, 0, 0, 11, 4470.30, 6491525, 1073, 0, 0
1695, 76, 942, 1148, 1, 0, 34.27%, 0, 0, 11, 4544.86, 6512494, 1073, 0, 0
1701, 77, 72, 1148, 1, 0, 34.27%, 0, 0, 11, 4408.42, 6533138, 1073, 0, 0
1706, 77, 525, 1149, 2, 0, 34.27%, 0, 0, 11, 5065.97, 6555875, 1073, 0, 0
1711, 77, 809, 1149, 2, 0, 34.27%, 0, 0, 11, 5200.66, 6577009, 1073, 0, 0
1716, 77, 1039, 1149, 2, 0, 34.27%, 0, 0, 11, 4423.72, 6598457, 1073, 0, 0
1721, 78, 167, 1149, 1, 0, 34.27%, 0, 0, 11, 5288.62, 6620384, 1073, 0, 0
1727, 78, 709, 1149, 1, 0, 34.27%, 0, 0, 11, 3991.51, 6641336, 1073, 0, 0
1732, 78, 866, 1149, 1, 0, 34.27%, 0, 0, 11, 4480.37, 6662819, 1073, 0, 0
1737, 78, 1075, 1149, 1, 0, 34.27%, 0, 0, 11, 5215.27, 6679629, 1073, 0, 0
1742, 79, 320, 1149, 1, 0, 34.27%, 0, 0, 11, 4937.26, 6701876, 1073, 0, 0
1747, 79, 697, 1149, 1, 0, 34.27%, 0, 0, 11, 4628.99, 6722055, 1073, 0, 0
1752, 79, 825, 1149, 1, 0, 34.27%, 0, 0, 11, 4573.01, 6742825, 1073, 0, 0
1757, 79, 1022, 1149, 1, 0, 34.27%, 0, 0, 11, 4822.39, 6763928, 1073, 0, 0
1763, 80, 153, 1149, 1, 0, 34.27%, 0, 0, 11, 5469.47, 6785497, 1073, 0, 0
1768, 80, 590, 1149, 1, 0, 34.27%, 0, 0, 11, 4854.78, 6807663, 1073, 0, 0
1773, 80, 848, 1150, 2, 0, 34.27%, 0, 0, 11, 4473.03, 6828204, 1073, 0, 0
1778, 80, 974, 1150, 2, 0, 34.27%, 0, 0, 11, 5608.59, 6839900, 1073, 0, 0
1783, 81, 115, 1150, 1, 0, 34.27%, 0, 0, 11, 5838.68, 6862196, 1073, 0, 0
1788, 81, 558, 1150, 1, 0, 34.27%, 0, 1, 11, 5246.93, 6880726, 1073, 0, 0
1793, 81, 866, 1150, 1, 0, 34.27%, 0, 1, 11, 5551.26, 6902089, 1073, 0, 0
1798, 81, 1011, 1150, 1, 0, 34.27%, 0, 1, 11, 4999.50, 6925199, 1073, 0, 0
1803, 82, 90, 1150, 1, 0, 34.27%, 0, 1, 11, 4579.60, 6946073, 1073, 0, 0
1809, 82, 664, 1150, 1, 0, 34.27%, 0, 1, 11, 4817.98, 6967972, 1073, 0, 0
1814, 83, 112, 1214, 62, 0, 34.30%, 0, 1, 11, 4795.96, 6989014, 1074, 0, 0
1819, 83, 569, 1214, 62, 0, 34.30%, 0, 1, 11, 5082.00, 7011213, 1074, 0, 0
1824, 83, 885, 1214, 62, 0, 34.30%, 0, 1, 11, 5638.55, 7033553, 1074, 0, 0
1829, 83, 1067, 1214, 62, 0, 34.30%, 0, 1, 11, 5074.34, 7054387, 1074, 0, 0
1834, 83, 1207, 1216, 51, 0, 34.30%, 0, 1, 11, 2875.02, 7071214, 1074, 0, 0
1840, 84, 152, 1217, 48, 0, 34.30%, 0, 1, 11, 191.20, 7090168, 1074, 0, 0
1845, 84, 714, 1217, 48, 0, 34.30%, 0, 1, 11, 2461.45, 7110585, 1074, 0, 0
1851, 84, 830, 1217, 48, 0, 34.30%, 0, 1, 11, 3342.59, 7129211, 1074, 0, 0
1856, 84, 1085, 1217, 48, 0, 34.30%, 0, 1, 11, 5029.98, 7151819, 1074, 0, 0
1861, 85, 15, 1218, 35, 0, 34.30%, 0, 1, 11, 597.61, 7170514, 1074, 0, 0
1866, 85, 377, 1218, 35, 0, 34.30%, 0, 1, 11, 4224.73, 7192781, 1074, 0, 0
1871, 85, 822, 1218, 35, 0, 34.30%, 0, 1, 11, 4565.18, 7214844, 1074, 0, 0
1876, 85, 1074, 1218, 35, 0, 34.30%, 0, 1, 11, 4980.24, 7236813, 1074, 0, 0
1881, 85, 1207, 1218, 25, 0, 34.30%, 0, 1, 11, 4078.51, 7252343, 1074, 0, 0
1886, 86, 262, 1218, 25, 0, 34.30%, 0, 1, 11, 4108.76, 7274307, 1074, 0, 0
1891, 86, 746, 1218, 25, 0, 34.30%, 0, 1, 11, 5264.87, 7294864, 1074, 0, 0
1896, 86, 955, 1218, 25, 0, 34.30%, 0, 1, 11, 4322.47, 7314462, 1074, 0, 0
1901, 86, 1214, 1220, 23, 0, 34.30%, 0, 1, 11, 4617.09, 7334562, 1074, 0, 0
1906, 87, 371, 1220, 22, 0, 34.30%, 0, 1, 11, 4297.78, 7357860, 1074, 0, 0
1912, 87, 770, 1220, 22, 0, 34.30%, 0, 1, 11, 4635.41, 7380221, 1074, 0, 0
1917, 87, 1031, 1220, 22, 0, 34.30%, 0, 1, 11, 5005.52, 7402568, 1074, 0, 0
1922, 87, 1207, 1220, 17, 0, 34.30%, 0, 1, 11, 4105.16, 7419255, 1074, 0, 0
1927, 88, 482, 1220, 17, 0, 34.30%, 0, 1, 11, 4727.04, 7444869, 1074, 0, 0
1932, 88, 806, 1220, 17, 0, 34.30%, 0, 1, 11, 5104.15, 7466055, 1074, 0, 0
1937, 88, 1129, 1220, 17, 0, 34.30%, 0, 1, 11, 4479.26, 7487500, 1074, 0, 0
1942, 89, 87, 1220, 11, 0, 34.30%, 0, 1, 11, 5356.29, 7507078, 1074, 0, 0
1947, 89, 559, 1220, 11, 0, 34.30%, 0, 1, 11, 4989.79, 7529218, 1074, 0, 0
1953, 89, 788, 1220, 11, 0, 34.30%, 0, 1, 11, 512.93, 7549751, 1074, 0, 0
1958, 89, 1008, 1220, 11, 0, 34.30%, 0, 1, 11, 3943.87, 7572070, 1074, 0, 0
1963, 89, 1213, 1220, 9, 0, 34.30%, 0, 1, 11, 3738.73, 7590370, 1074, 0, 0
1968, 90, 388, 1220, 9, 0, 34.30%, 0, 1, 11, 643.08, 7613388, 1074, 0, 0
1974, 90, 769, 1220, 9, 0, 34.30%, 0, 1, 11, 4462.76, 7636623, 1074, 0, 0
1979, 90, 1000, 1220, 9, 0, 34.30%, 0, 1, 11, 4791.73, 7659042, 1074, 0, 0
1984, 91, 41, 1220, 6, 0, 34.30%, 0, 1, 11, 3627.98, 7679410, 1074, 0, 0
1989, 91, 494, 1220, 6, 0, 34.30%, 0, 1, 11, 4565.42, 7703201, 1074, 0, 0
1994, 91, 773, 1220, 6, 0, 34.30%, 0, 1, 11, 5452.21, 7721654, 1074, 0, 0
1999, 91, 909, 1220, 6, 0, 34.30%, 0, 1, 11, 3641.77, 7733427, 1074, 0, 0
2004, 92, 10, 1220, 5, 0, 34.30%, 0, 1, 11, 4798.07, 7754404, 1074, 0, 0
2009, 92, 520, 1220, 5, 0, 34.30%, 0, 1, 11, 5015.44, 7777429, 1074, 0, 0
2014, 92, 868, 1220, 5, 0, 34.30%, 0, 1, 11, 4942.65, 7798479, 1074, 0, 0
2020, 92, 1113, 1220, 5, 0, 34.30%, 0, 1, 11, 4184.60, 7820031, 1074, 0, 0
2025, 93, 325, 1220, 5, 0, 34.30%, 0, 1, 11, 4822.97, 7844021, 1074, 0, 0
2030, 93, 803, 1220, 5, 0, 34.30%, 0, 1, 11, 4533.69, 7865849, 1074, 0, 0
2035, 93, 1017, 1220, 5, 0, 34.30%, 0, 1, 11, 891.10, 7885605, 1074, 0, 0
2040, 94, 117, 1220, 5, 0, 34.30%, 0, 1, 11, 4662.69, 7907510, 1074, 0, 0
2046, 94, 617, 1220, 5, 0, 34.30%, 0, 1, 11, 4709.64, 7932677, 1074, 0, 0
2051, 94, 777, 1220, 5, 0, 34.30%, 0, 1, 11, 5091.87, 7949331, 1074, 0, 0
2056, 94, 1032, 1220, 5, 0, 34.30%, 0, 1, 11, 4945.42, 7967714, 1074, 0, 0
2061, 95, 55, 1220, 2, 0, 34.30%, 0, 1, 11, 4070.99, 7985988, 1074, 0, 0
2066, 95, 499, 1220, 2, 0, 34.30%, 0, 1, 11, 4781.09, 8008545, 1074, 0, 0
2071, 95, 832, 1220, 2, 0, 34.30%, 0, 1, 11, 4947.00, 8032400, 1074, 0, 0
2077, 95, 1049, 1220, 2, 0, 34.30%, 0, 1, 11, 385.43, 8048171, 1074, 0, 0
2082, 96, 140, 1220, 2, 0, 34.30%, 0, 1, 11, 4375.17, 8070572, 1074, 0, 0
2087, 96, 699, 1220, 2, 0, 34.30%, 0, 1, 11, 797.84, 8091165, 1074, 0, 0
2092, 96, 1032, 1220, 2, 0, 34.30%, 0, 1, 11, 5041.35, 8116217, 1074, 0, 0
2098, 96, 1180, 1220, 2, 0, 34.30%, 0, 1, 11, 853.65, 8134150, 1074, 0, 0
2103, 97, 228, 1220, 1, 0, 34.30%, 0, 1, 11, 5521.62, 8155844, 1074, 0, 0
2108, 97, 728, 1220, 1, 0, 34.30%, 0, 1, 11, 3779.92, 8175359, 1074, 0, 0
2113, 97, 1015, 1220, 1, 0, 34.30%, 0, 1, 11, 4983.92, 8196775, 1074, 0, 0
2118, 97, 1212, 1220, 0, 0, 34.30%, 0, 1, 11, 4908.19, 8216420, 1074, 0, 0
2123, 98, 384, 1221, 1, 0, 34.30%, 0, 1, 11, 4768.96, 8239054, 1074, 0, 0
2128, 98, 790, 1221, 1, 0, 34.30%, 0, 1, 11, 5618.69, 8260930, 1074, 0, 0
2133, 98, 1016, 1221, 1, 0, 34.30%, 0, 1, 11, 4972.59, 8279519, 1074, 0, 0
2139, 99, 55, 1221, 1, 0, 34.30%, 0, 1, 11, 5535.00, 8300642, 1074, 0, 0
2144, 99, 520, 1221, 1, 0, 34.30%, 0, 1, 11, 4814.66, 8323908, 1074, 0, 0
2149, 99, 862, 1221, 1, 0, 34.30%, 0, 1, 11, 4512.94, 8345938, 1074, 0, 0
2154, 99, 1194, 1221, 1, 0, 34.30%, 0, 1, 11, 3320.19, 8368442, 1074, 0, 0
2159, 100, 114, 1221, 1, 0, 34.30%, 0, 1, 11, 5586.71, 8384673, 1074, 0, 0
2164, 100, 597, 1221, 1, 0, 34.30%, 0, 1, 11, 4708.40, 8406715, 1074, 0, 0
2169, 100, 810, 1222, 2, 0, 34.30%, 0, 1, 11, 3870.97, 8424787, 1074, 0, 0
2174, 100, 1137, 1222, 2, 0, 34.30%, 0, 1, 11, 4279.88, 8446133, 1074, 0, 0
2179, 101, 112, 1222, 2, 0, 34.30%, 0, 1, 11, 4368.25, 8461660, 1074, 0, 0
2184, 101, 608, 1222, 2, 0, 34.30%, 0, 1, 11, 3625.94, 8483625, 1074, 0, 0
2190, 101, 824, 1222, 2, 0, 34.30%, 0, 1, 11, 5130.87, 8504219, 1074, 0, 0
2195, 101, 1129, 1222, 2, 0, 34.30%, 0, 1, 11, 4726.64, 8525588, 1074, 0, 0
2200, 102, 108, 1222, 1, 0, 34.30%, 0, 1, 11, 3869.03, 8545787, 1074, 0, 0
2205, 102, 714, 1222, 1, 0, 34.30%, 0, 1, 11, 4516.12, 8567809, 1074, 0, 0
2210, 102, 993, 1222, 1, 0, 34.30%, 0, 1, 11, 4699.65, 8589748, 1074, 0, 0
2215, 102, 1199, 1222, 1, 0, 34.30%, 0, 1, 11, 2634.67, 8607609, 1074, 0, 0
2220, 103, 358, 1222, 1, 0, 34.30%, 0, 1, 11, 4222.13, 8631404, 1074, 0, 0
2225, 103, 774, 1222, 1, 0, 34.30%, 0, 1, 11, 4937.87, 8651979, 1074, 0, 0
2230, 103, 985, 1222, 1, 0, 34.30%, 0, 1, 11, 3929.11, 8668639, 1074, 0, 0
2235, 103, 1193, 1223, 2, 0, 34.30%, 0, 1, 11, 4304.30, 8685940, 1074, 0, 0
2240, 104, 243, 1223, 1, 0, 34.30%, 0, 1, 11, 4421.77, 8708072, 1074, 0, 0
2246, 104, 740, 1223, 1, 0, 34.30%, 0, 1, 11, 5320.98, 8729903, 1074, 0, 0
2251, 104, 841, 1223, 1, 0, 34.30%, 0, 1, 11, 2872.37, 8739922, 1074, 0, 0
2256, 104, 1122, 1223, 1, 0, 34.30%, 0, 1, 11, 4129.35, 8758982, 1074, 0, 0
2261, 105, 167, 1223, 1, 0, 34.30%, 0, 1, 11, 5606.43, 8780501, 1074, 0, 0
2266, 105, 716, 1223, 1, 0, 34.30%, 0, 1, 11, 5475.83, 8802123, 1074, 0, 0
2271, 105, 962, 1223, 1, 0, 34.30%, 0, 1, 11, 4540.25, 8823474, 1074, 0, 0
2276, 106, 120, 1223, 1, 0, 34.30%, 0, 1, 11, 5181.17, 8845178, 1074, 0, 0
2282, 106, 630, 1223, 1, 0, 34.30%, 0, 1, 11, 5576.33, 8866866, 1074, 0, 0
2287, 106, 848, 1223, 1, 0, 34.30%, 0, 1, 11, 2793.60, 8886457, 1074, 0, 0
2292, 106, 1138, 1223, 1, 0, 34.30%, 0, 1, 11, 3761.12, 8907235, 1074, 0, 0
2297, 107, 347, 1223, 0, 0, 34.30%, 0, 1, 11, 4876.42, 8928806, 1074, 0, 0
2302, 107, 757, 1223, 0, 0, 34.30%, 0, 1, 11, 5112.65, 8949376, 1074, 0, 0
2307, 107, 977, 1223, 0, 0, 34.30%, 0, 1, 11, 553.49, 8971676, 1074, 0, 0
2312, 108, 141, 1223, 0, 0, 34.30%, 0, 1, 11, 5254.43, 8995146, 1074, 0, 0
2317, 108, 590, 1223, 0, 0, 34.30%, 0, 1, 11, 4151.51, 9016509, 1074, 0, 0
2322, 108, 853, 1223, 0, 0, 34.30%, 0, 1, 11, 5644.89, 9034972, 1074, 0, 0
2327, 108, 1029, 1223, 0, 0, 34.30%, 0, 1, 11, 4735.65, 9053909, 1074, 0, 0
2333, 109, 75, 1223, 0, 0, 34.30%, 0, 1, 11, 5853.29, 9069178, 1074, 0, 0
2338, 109, 525, 1223, 0, 0, 34.30%, 0, 1, 11, 4722.79, 9090027, 1074, 0, 0
2343, 109, 917, 1223, 0, 0, 34.30%, 0, 1, 11, 5253.42, 9113707, 1074, 0, 0
2348, 110, 86, 1223, 0, 0, 34.30%, 0, 1, 11, 4799.70, 9136494, 1074, 0, 0
2354, 110, 482, 1223, 0, 0, 34.30%, 0, 1, 11, 477.56, 9154898, 1074, 0, 0
2359, 110, 758, 1223, 0, 0, 34.30%, 0, 1, 11, 2511.50, 9173310, 1074, 0, 0
2364, 110, 955, 1223, 0, 0, 34.30%, 0, 1, 11, 474.36, 9195257, 1074, 0, 0
2370, 111, 98, 1223, 0, 0, 34.30%, 0, 1, 11, 4473.66, 9217567, 1074, 0, 0
2375, 111, 607, 1223, 0, 0, 34.30%, 0, 1, 11, 5464.31, 9240636, 1074, 0, 0
2380, 111, 797, 1223, 0, 0, 34.30%, 0, 1, 11, 4622.54, 9262523, 1074, 0, 0
2385, 111, 1086, 1223, 0, 0, 34.30%, 0, 1, 11, 4615.00, 9283633, 1074, 0, 0
2390, 112, 106, 1223, 0, 0, 34.30%, 0, 1, 11, 911.65, 9303707, 1074, 0, 0
2396, 112, 686, 1223, 0, 0, 34.30%, 0, 1, 11, 182.80, 9325964, 1074, 0, 0
2401, 112, 888, 1223, 0, 0, 34.30%, 0, 1, 11, 5288.59, 9348433, 1074, 0, 0
2406, 112, 1115, 1223, 0, 0, 34.30%, 0, 1, 11, 4385.60, 9369643, 1074, 0, 0
2411, 112, 1232, 1250, 26, 2, 34.40%, 0, 1, 11, 2634.04, 9383956, 1077, 0, 0
2416, 113, 325, 1250, 22, 0, 34.40%, 0, 1, 11, 4490.00, 9404901, 1077, 0, 0
2421, 113, 786, 1250, 22, 0, 34.40%, 0, 1, 11, 5095.16, 9426919, 1077, 0, 0
2427, 113, 1053, 1250, 22, 0, 34.40%, 0, 1, 11, 597.96, 9446078, 1077, 0, 0
2432, 114, 12, 1250, 18, 0, 34.40%, 0, 1, 11, 4089.45, 9459912, 1077, 0, 0
2437, 114, 487, 1250, 18, 0, 34.40%, 0, 1, 11, 4760.89, 9481969, 1077, 0, 0
2442, 114, 819, 1250, 18, 0, 34.40%, 0, 1, 11, 287.80, 9501944, 1077, 0, 0
2447, 114, 1113, 1250, 18, 0, 34.40%, 0, 1, 11, 4628.18, 9521531, 1077, 0, 0
2452, 115, 93, 1250, 14, 0, 34.40%, 0, 1, 11, 5846.50, 9542537, 1077, 0, 0
2457, 115, 534, 1250, 14, 0, 34.40%, 0, 1, 11, 4959.76, 9565504, 1077, 0, 0
2462, 115, 879, 1250, 14, 0, 34.40%, 0, 1, 11, 791.87, 9585625, 1077, 0, 0
2468, 115, 1043, 1250, 14, 0, 34.40%, 0, 1, 11, 802.12, 9600608, 1077, 0, 0
2473, 116, 50, 1250, 8, 0, 34.40%, 0, 1, 11, 5097.98, 9620834, 1077, 0, 0
2478, 116, 618, 1250, 8, 0, 34.40%, 0, 1, 11, 3909.83, 9643981, 1077, 0, 0
2483, 116, 921, 1250, 8, 0, 34.40%, 0, 1, 11, 5077.53, 9664305, 1077, 0, 0
2488, 116, 1128, 1250, 8, 0, 34.40%, 0, 1, 11, 4384.40, 9680711, 1077, 0, 0
2493, 117, 165, 1251, 7, 0, 34.40%, 0, 1, 11, 5794.92, 9703368, 1077, 0, 0
2498, 117, 705, 1251, 7, 0, 34.40%, 0, 1, 11, 4935.78, 9724794, 1077, 0, 0
2503, 117, 921, 1251, 7, 0, 34.40%, 0, 1, 11, 4800.66, 9744085, 1077, 0, 0
2508, 117, 1119, 1251, 7, 0, 34.40%, 0, 1, 11, 172.13, 9760232, 1077, 0, 0
2513, 118, 121, 1251, 5, 0, 34.40%, 0, 1, 11, 4667.58, 9781517, 1077, 0, 0
2519, 118, 656, 1251, 5, 0, 34.40%, 0, 1, 11, 4207.27, 9803005, 1077, 0, 0
2524, 118, 895, 1251, 5, 0, 34.40%, 0, 1, 11, 2989.82, 9819400, 1077, 0, 0
2529, 118, 1103, 1251, 5, 0, 34.40%, 0, 1, 11, 3686.02, 9838675, 1077, 0, 0
2534, 119, 115, 1251, 4, 0, 34.40%, 0, 1, 11, 5618.45, 9859541, 1077, 0, 0
2539, 119, 646, 1251, 4, 0, 34.40%, 0, 1, 11, 4988.25, 9881577, 1077, 0, 0
2544, 119, 786, 1251, 4, 0, 34.40%, 0, 1, 11, 2960.22, 9899497, 1077, 0, 0
2549, 119, 969, 1251, 4, 0, 34.40%, 0, 1, 11, 4047.26, 9917973, 1077, 0, 0
2554, 119, 1119, 1251, 4, 0, 34.40%, 0, 1, 11, 4002.09, 9936986, 1077, 0, 0
2560, 120, 246, 1251, 3, 0, 34.40%, 0, 1, 11, 4606.19, 9959604, 1077, 0, 0
2565, 120, 748, 1251, 3, 0, 34.40%, 0, 1, 11, 4878.03, 9981339, 1077, 0, 0
2570, 120, 926, 1251, 3, 0, 34.40%, 0, 1, 11, 4604.41, 10001357, 1077, 0, 0
2575, 120, 1154, 1251, 3, 0, 34.40%, 0, 1, 11, 2482.49, 10017587, 1077, 0, 0
2580, 121, 140, 1253, 4, 0, 34.40%, 0, 1, 11, 4285.25, 10037947, 1077, 0, 0
2585, 121, 435, 1253, 4, 0, 34.40%, 0, 1, 11, 5360.94, 10055007, 1077, 0, 0
2590, 121, 861, 1253, 4, 0, 34.40%, 0, 1, 11, 262.09, 10077361, 1077, 0, 0
2595, 121, 1226, 1254, 5, 0, 34.40%, 0, 1, 11, 4584.56, 10096454, 1077, 0, 0
2601, 122, 251, 1254, 2, 0, 34.40%, 0, 1, 11, 5296.09, 10118508, 1077, 0, 0
2606, 122, 741, 1254, 2, 0, 34.40%, 0, 1, 11, 4468.66, 10138846, 1077, 0, 0
2611, 122, 960, 1254, 2, 0, 34.40%, 0, 1, 11, 3058.66, 10160658, 1077, 0, 0
2616, 123, 65, 1255, 3, 0, 34.40%, 0, 1, 11, 5703.28, 10182578, 1077, 0, 0
2621, 123, 513, 1255, 3, 0, 34.40%, 0, 1, 11, 5045.74, 10204712, 1077, 0, 0
2626, 123, 843, 1255, 3, 0, 34.40%, 0, 1, 11, 493.09, 10224778, 1077, 0, 0
2631, 123, 1101, 1255, 3, 0, 34.40%, 0, 1, 11, 3896.81, 10242313, 1077, 0, 0
2636, 123, 1232, 1256, 4, 0, 34.40%, 0, 1, 11, 3764.56, 10258275, 1077, 0, 0
2641, 124, 312, 1257, 4, 0, 34.40%, 0, 1, 11, 4686.72, 10280587, 1077, 0, 0
2646, 124, 770, 1257, 4, 0, 34.40%, 0, 1, 11, 2646.90, 10301837, 1077, 0, 0
2652, 124, 1068, 1257, 4, 0, 34.40%, 0, 1, 11, 3946.71, 10321595, 1077, 0, 0
2657, 125, 89, 1257, 3, 0, 34.40%, 0, 1, 11, 4086.87, 10340526, 1077, 0, 0
2662, 125, 510, 1257, 3, 0, 34.40%, 0, 1, 11, 4334.09, 10362052, 1077, 0, 0
2667, 125, 879, 1257, 3, 0, 34.40%, 0, 1, 11, 5390.00, 10383855, 1077, 0, 0
2672, 125, 1163, 1257, 3, 0, 34.40%, 0, 1, 11, 3813.76, 10406401, 1077, 0, 0
2678, 126, 267, 1257, 2, 0, 34.40%, 0, 1, 11, 4596.98, 10430178, 1077, 0, 0
2683, 126, 684, 1257, 2, 0, 34.40%, 0, 1, 11, 707.60, 10446474, 1077, 0, 0
2689, 126, 941, 1257, 2, 0, 34.40%, 0, 1, 11, 4642.99, 10467610, 1077, 0, 0
2694, 127, 48, 1258, 3, 0, 34.40%, 0, 1, 11, 5011.08, 10489783, 1077, 0, 0
2699, 127, 499, 1258, 3, 0, 34.40%, 0, 1, 11, 4876.08, 10513242, 1077, 0, 0
2704, 127, 861, 1258, 3, 0, 34.40%, 0, 1, 11, 1708.97, 10533520, 1077, 0, 0
2709, 127, 1043, 1258, 3, 0, 34.40%, 0, 1, 11, 4184.54, 10552575, 1077, 0, 0
2715, 128, 31, 1258, 2, 0, 34.40%, 0, 1, 11, 4180.24, 10571322, 1077, 0, 0
2720, 128, 499, 1258, 2, 0, 34.40%, 0, 1, 11, 353.28, 10593487, 1077, 0, 0
2725, 128, 783, 1258, 2, 0, 34.40%, 0, 1, 11, 790.91, 10611367, 1077, 0, 0
2730, 128, 1020, 1258, 2, 0, 34.40%, 0, 1, 11, 3216.57, 10629409, 1077, 0, 0
2735, 128, 1232, 1258, 2, 0, 34.40%, 0, 1, 11, 4479.85, 10648461, 1077, 0, 0
2740, 129, 358, 1259, 2, 0, 34.40%, 0, 1, 11, 4526.53, 10670401, 1077, 0, 0
2746, 129, 670, 1259, 2, 0, 34.40%, 0, 1, 11, 4328.78, 10683211, 1077, 0, 0
2751, 129, 927, 1259, 2, 0, 34.40%, 0, 1, 11, 5155.00, 10703407, 1077, 0, 0
2756, 130, 93, 1259, 1, 0, 34.40%, 0, 1, 11, 4753.33, 10726645, 1077, 0, 0
2761, 130, 712, 1259, 1, 0, 34.40%, 0, 1, 11, 4511.98, 10750012, 1077, 0, 0
2766, 130, 951, 1259, 1, 0, 34.40%, 0, 1, 11, 4751.33, 10770348, 1077, 0, 0
2771, 130, 1041, 1259, 1, 0, 34.40%, 0, 1, 11, 5016.06, 10789982, 1077, 0, 0
2776, 130, 1239, 1259, 1, 0, 34.40%, 0, 1, 11, 3929.45, 10805185, 1077, 0, 0
2781, 131, 498, 1259, 1, 0, 34.40%, 0, 1, 11, 5057.32, 10826887, 1077, 0, 0
2787, 131, 868, 1259, 1, 0, 34.40%, 0, 1, 11, 4571.52, 10849433, 1077, 0, 0
2792, 131, 1231, 1259, 1, 0, 34.40%, 0, 1, 11, 2224.17, 10870606, 1077, 0, 0
2797, 132, 358, 1259, 1, 0, 34.40%, 0, 1, 11, 3961.22, 10893292, 1077, 0, 0
2802, 132, 770, 1259, 1, 0, 34.40%, 0, 1, 11, 3614.26, 10912339, 1077, 0, 0
2807, 132, 1059, 1260, 2, 0, 34.40%, 0, 1, 11, 5142.90, 10934901, 1077, 0, 0
2812, 133, 167, 1260, 2, 0, 34.40%, 0, 1, 11, 5846.15, 10958226, 1077, 0, 0
2817, 133, 723, 1260, 2, 0, 34.40%, 0, 1, 11, 5031.98, 10980297, 1077, 0, 0
2822, 133, 1025, 1260, 2, 0, 34.40%, 0, 1, 11, 4694.05, 11000997, 1077, 0, 0
2827, 133, 1226, 1260, 2, 0, 34.40%, 0, 1, 11, 2720.60, 11016675, 1077, 0, 0
2832, 134, 222, 1260, 1, 0, 34.40%, 0, 1, 11, 5432.07, 11037499, 1077, 0, 0
2839, 134, 632, 1260, 1, 0, 34.40%, 0, 1, 11, 325.24, 11055496, 1077, 0, 0
2844, 134, 897, 1260, 1, 0, 34.40%, 0, 1, 11, 3964.54, 11075823, 1077, 0, 0
2849, 134, 1213, 1260, 1, 0, 34.40%, 0, 1, 11, 4079.29, 11094945, 1077, 0, 0
2854, 135, 370, 1260, 1, 0, 34.40%, 0, 1, 11, 4421.88, 11116262, 1077, 0, 0
2859, 135, 774, 1260, 1, 0, 34.40%, 0, 1, 11, 4112.49, 11136782, 1077, 0, 0
2865, 135, 1050, 1260, 1, 0, 34.40%, 0, 1, 11, 5544.45, 11160104, 1077, 0, 0
2870, 136, 132, 1260, 1, 0, 34.40%, 0, 1, 11, 5008.96, 11181778, 1077, 0, 0
2875, 136, 525, 1260, 1, 0, 34.40%, 0, 1, 11, 5172.71, 11201163, 1077, 0, 0
2880, 136, 765, 1260, 1, 0, 34.40%, 0, 1, 11, 5835.00, 11219154, 1077, 0, 0
2885, 136, 961, 1260, 1, 0, 34.40%, 0, 1, 11, 5569.87, 11241457, 1077, 0, 0
2890, 136, 1178, 1261, 2, 0, 34.40%, 0, 1, 11, 4500.11, 11260840, 1077, 0, 0
2895, 137, 226, 1261, 1, 0, 34.40%, 0, 1, 11, 4544.12, 11283057, 1077, 0, 0
2900, 137, 712, 1261, 1, 0, 34.40%, 0, 1, 11, 3385.66, 11299196, 1077, 0, 0
2905, 137, 926, 1261, 1, 0, 34.40%, 0, 1, 11, 2962.74, 11319660, 1077, 0, 0
2910, 137, 1056, 1261, 1, 0, 34.40%, 0, 1, 11, 1845.00, 11330395, 1077, 0, 0
2916, 138, 97, 1261, 1, 0, 34.40%, 0, 1, 11, 4472.22, 11348939, 1077, 0, 0
2921, 138, 676, 1261, 1, 0, 34.40%, 0, 1, 11, 4721.50, 11371417, 1077, 0, 0
2926, 138, 862, 1261, 1, 0, 34.40%, 0, 1, 11, 3320.50, 11391461, 1077, 0, 0
2931, 138, 1232, 1262, 2, 0, 34.40%, 0, 1, 11, 4010.55, 11411383, 1077, 0, 0
2936, 139, 361, 1262, 1, 0, 34.40%, 0, 1, 11, 4646.46, 11434224, 1077, 0, 0
2941, 139, 774, 1262, 1, 0, 34.40%, 0, 1, 11, 4685.25, 11455767, 1077, 0, 0
2946, 139, 1045, 1262, 1, 0, 34.40%, 0, 1, 11, 4224.64, 11474783, 1077, 0, 0
2951, 139, 1246, 1262, 1, 0, 34.40%, 0, 1, 11, 2969.64, 11492320, 1077, 0, 0
2956, 140, 460, 1262, 1, 0, 34.40%, 0, 1, 11, 4352.35, 11515609, 1077, 0, 0
2962, 140, 778, 1262, 1, 0, 34.40%, 0, 1, 11, 4405.56, 11535569, 1077, 0, 0
2967, 140, 1054, 1262, 1, 0, 34.40%, 0, 1, 11, 2940.31, 11554568, 1077, 0, 0
2972, 140, 1242, 1262, 1, 0, 34.40%, 0, 1, 11, 5285.67, 11569736, 1077, 0, 0
2977, 141, 460, 1262, 1, 0, 34.40%, 0, 1, 11, 4874.08, 11592607, 1077, 0, 0
2982, 141, 948, 1262, 1, 0, 34.40%, 0, 1, 11, 5294.14, 11615333, 1077, 0, 0
2987, 141, 1186, 1262, 1, 0, 34.40%, 0, 1, 11, 2453.84, 11632371, 1077, 0, 0
2992, 142, 240, 1263, 2, 0, 34.40%, 0, 1, 11, 557.66, 11653697, 1077, 0, 0
2997, 142, 648, 1263, 2, 0, 34.40%, 0, 1, 11, 701.68, 11671986, 1077, 0, 0
3003, 142, 958, 1263, 2, 0, 34.40%, 0, 1, 11, 5375.47, 11693840, 1077, 0, 0
3008, 143, 108, 1263, 2, 0, 34.40%, 0, 1, 11, 5933.53, 11716749, 1077, 0, 0
3013, 143, 595, 1273, 12, 0, 34.40%, 0, 1, 11, 4682.36, 11738184, 1077, 0, 0
3018, 143, 825, 1273, 12, 0, 34.40%, 0, 1, 11, 3893.27, 11756561, 1077, 0, 0
3023, 143, 1081, 1273, 12, 0, 34.40%, 0, 1, 11, 4021.52, 11775518, 1077, 0, 0
3028, 144, 98, 1273, 7, 0, 34.40%, 0, 1, 11, 4210.69, 11795267, 1077, 0, 0
3033, 144, 576, 1273, 7, 0, 34.40%, 0, 1, 11, 4538.61, 11816967, 1077, 0, 0
3039, 144, 894, 1273, 7, 0, 34.40%, 0, 1, 11, 4846.78, 11836268, 1077, 0, 0
3044, 144, 1246, 1273, 7, 0, 34.40%, 0, 1, 11, 4362.37, 11856021, 1077, 0, 0
3049, 145, 145, 1274, 7, 0, 34.40%, 0, 1, 11, 5213.45, 11871275, 1077, 0, 0
3054, 145, 753, 1274, 7, 0, 34.40%, 0, 1, 11, 4705.31, 11893106, 1077, 0, 0
3059, 145, 1044, 1274, 7, 0, 34.40%, 0, 1, 11, 4616.58, 11915167, 1077, 0, 0
3064, 146, 63, 1275, 5, 0, 34.40%, 0, 1, 11, 5003.12, 11935509, 1077, 0, 0
3070, 146, 455, 1275, 5, 0, 34.40%, 0, 1, 11, 520.95, 11952875, 1077, 0, 0
3075, 146, 810, 1275, 5, 0, 34.40%, 0, 1, 11, 4613.70, 11972759, 1077, 0, 0
3081, 146, 1166, 1275, 5, 0, 34.40%, 0, 1, 11, 4673.91, 11994462, 1077, 0, 0
3086, 147, 189, 1276, 3, 0, 34.40%, 0, 1, 11, 5350.11, 12015275, 1077, 0, 0
3091, 147, 768, 1276, 3, 0, 34.40%, 0, 1, 11, 4462.72, 12037072, 1077, 0, 0
3096, 147, 982, 1276, 3, 0, 34.40%, 0, 1, 11, 4460.00, 12056194, 1077, 0, 0
3101, 147, 1098, 1276, 3, 0, 34.40%, 0, 1, 11, 3479.88, 12067798, 1077, 0, 0
3106, 148, 142, 1276, 2, 0, 34.40%, 0, 1, 11, 5211.98, 12088458, 1077, 0, 0
3111, 148, 716, 1276, 2, 0, 34.40%, 0, 1, 11, 3437.73, 12110462, 1077, 0, 0
3116, 148, 960, 1276, 2, 0, 34.40%, 0, 1, 11, 4573.47, 12131340, 1077, 0, 0
3121, 148, 1217, 1276, 2, 0, 34.40%, 0, 1, 11, 4275.99, 12149176, 1077, 0, 0
3127, 149, 316, 1276, 2, 0, 34.40%, 0, 1, 11, 4346.09, 12170164, 1077, 0, 0
3132, 149, 772, 1276, 2, 0, 34.40%, 0, 1, 11, 4496.67, 12192727, 1077, 0, 0
3137, 149, 1118, 1276, 2, 0, 34.40%, 0, 1, 11, 4555.74, 12214778, 1077, 0, 0
3142, 150, 175, 1276, 2, 0, 34.40%, 0, 1, 11, 4686.49, 12235301, 1077, 0, 0
3147, 150, 682, 1276, 2, 0, 34.40%, 0, 1, 11, 592.76, 12254286, 1077, 0, 0
3152, 150, 1012, 1276, 2, 0, 34.40%, 0, 1, 11, 4298.55, 12275296, 1077, 0, 0
3157, 150, 1226, 1276, 2, 0, 34.40%, 0, 1, 11, 4262.68, 12293800, 1077, 0, 0
3163, 151, 154, 1276, 2, 0, 34.40%, 0, 1, 11, 4461.39, 12312178, 1077, 0, 0
3168, 151, 736, 1276, 2, 0, 34.40%, 0, 1, 11, 2105.01, 12331590, 1077, 0, 0
3173, 151, 1093, 1276, 2, 0, 34.40%, 0, 1, 11, 4725.49, 12354136, 1077, 0, 0
3178, 152, 63, 1277, 1, 0, 34.40%, 0, 1, 11, 4958.56, 12375071, 1077, 0, 0
3183, 152, 523, 1277, 1, 0, 34.40%, 0, 1, 11, 4574.08, 12397878, 1077, 0, 0
3188, 152, 862, 1277, 1, 0, 34.40%, 0, 1, 11, 4774.09, 12417878, 1077, 0, 0
3194, 152, 1011, 1277, 1, 0, 34.40%, 0, 1, 11, 4802.87, 12439807, 1077, 0, 0
3200, 152, 1210, 1277, 1, 0, 34.40%, 0, 1, 11, 3138.92, 12457916, 1077, 0, 0
3205, 153, 389, 1277, 0, 0, 34.40%, 0, 1, 11, 4714.44, 12481591, 1077, 0, 0
3210, 153, 837, 1277, 0, 0, 34.40%, 0, 1, 11, 4787.68, 12503328, 1077, 0, 0
3215, 153, 1135, 1277, 0, 0, 34.40%, 0, 1, 11, 3445.24, 12522853, 1077, 0, 0
3220, 154, 163, 1277, 0, 0, 34.40%, 0, 1, 11, 5030.07, 12543481, 1077, 0, 0
3225, 154, 712, 1277, 0, 0, 34.40%, 0, 1, 11, 3086.57, 12564075, 1077, 0, 0
3230, 154, 949, 1277, 0, 0, 34.40%, 0, 1, 11, 4230.22, 12586064, 1077, 0, 0
3236, 154, 1202, 1278, 1, 0, 34.40%, 0, 1, 11, 355.61, 12604630, 1077, 0, 0
3241, 155, 294, 1278, 1, 0, 34.40%, 0, 1, 11, 4393.51, 12628426, 1077, 0, 0
3246, 155, 751, 1278, 1, 0, 34.40%, 0, 1, 11, 839.78, 12648564, 1077, 0, 0
3251, 155, 1023, 1278, 1, 0, 34.40%, 0, 1, 11, 4354.26, 12668795, 1077, 0, 0
3256, 156, 98, 1278, 1, 0, 34.40%, 0, 1, 11, 5913.46, 12690281, 1077, 0, 0
3262, 156, 609, 1278, 1, 0, 34.40%, 0, 1, 11, 5094.97, 12713688, 1077, 0, 0
3267, 156, 885, 1278, 1, 0, 34.40%, 0, 1, 11, 4281.02, 12731956, 1077, 0, 0
3273, 156, 1230, 1278, 1, 0, 34.40%, 0, 1, 11, 4847.37, 12753314, 1077, 0, 0
3278, 157, 405, 1278, 1, 0, 34.40%, 0, 1, 11, 4350.49, 12775842, 1077, 0, 0
3284, 157, 866, 1278, 1, 0, 34.40%, 0, 1, 11, 4318.41, 12798667, 1077, 0, 0
3289, 157, 1184, 1278, 1, 0, 34.40%, 0, 1, 11, 3662.76, 12818389, 1077, 0, 0
3294, 158, 116, 1278, 1, 0, 34.40%, 0, 1, 11, 5819.23, 12839729, 1077, 0, 0
3299, 158, 670, 1279, 2, 0, 34.40%, 0, 1, 11, 2813.91, 12862102, 1077, 0, 0
3304, 158, 945, 1279, 2, 0, 34.40%, 0, 1, 11, 4587.63, 12881758, 1077, 0, 0
3309, 158, 1098, 1279, 2, 0, 34.40%, 0, 1, 11, 4272.62, 12896844, 1077, 0, 0
3314, 159, 90, 1279, 2, 0, 34.40%, 0, 1, 11, 506.76, 12915365, 1077, 0, 0
3320, 159, 712, 1279, 2, 0, 34.40%, 0, 1, 11, 2945.85, 12937529, 1077, 0, 0
3325, 159, 945, 1279, 2, 0, 34.40%, 0, 1, 11, 4290.30, 12960333, 1077, 0, 0
3330, 159, 1277, 1280, 3, 0, 34.40%, 0, 1, 11, 5108.42, 12980739, 1077, 0, 0
3335, 160, 290, 1280, 1, 0, 34.40%, 0, 1, 11, 4890.03, 13002743, 1077, 0, 0
3340, 160, 748, 1280, 1, 0, 34.40%, 0, 1, 11, 4486.69, 13023424, 1077, 0, 0
3345, 160, 1054, 1280, 1, 0, 34.40%, 0, 1, 11, 365.31, 13044557, 1077, 0, 0
3350, 160, 1243, 1280, 1, 0, 34.40%, 0, 1, 11, 2297.25, 13056315, 1077, 0, 0
3355, 161, 460, 1280, 1, 0, 34.40%, 0, 1, 11, 5354.22, 13079143, 1077, 0, 0
3360, 161, 775, 1280, 1, 0, 34.40%, 0, 1, 11, 5670.22, 13100651, 1077, 0, 0
3367, 161, 1103, 1280, 1, 0, 34.40%, 0, 1, 11, 4706.75, 13128138, 1077, 0, 0
3372, 162, 161, 1280, 0, 0, 34.40%, 0, 1, 11, 5513.35, 13148358, 1077, 0, 0
3378, 162, 723, 1280, 0, 0, 34.40%, 0, 1, 11, 5425.30, 13169613, 1077, 0, 0
3383, 162, 1048, 1280, 0, 0, 34.40%, 0, 1, 11, 4784.20, 13191145, 1077, 0, 0
3388, 163, 15, 1280, 0, 0, 34.40%, 0, 1, 11, 3817.41, 13207868, 1077, 0, 0
3393, 163, 513, 1280, 0, 0, 34.40%, 0, 1, 11, 4528.28, 13230921, 1077, 0, 0
3398, 163, 774, 1280, 0, 0, 34.40%, 0, 1, 11, 3444.88, 13249083, 1077, 0, 0
3403, 163, 1018, 1280, 0, 0, 34.40%, 0, 1, 11, 4210.73, 13270675, 1077, 0, 0
3408, 163, 1228, 1280, 0, 0, 34.40%, 0, 1, 11, 3904.21, 13288008, 1077, 0, 0
3413, 164, 377, 1280, 0, 0, 34.40%, 0, 1, 11, 4562.83, 13310172, 1077, 0, 0
3419, 164, 822, 1280, 0, 0, 34.40%, 0, 1, 11, 5014.02, 13332345, 1077, 0, 0
3424, 164, 1074, 1280, 0, 0, 34.40%, 0, 1, 11, 3088.62, 13352648, 1077, 0, 0
3429, 165, 108, 1280, 0, 0, 34.40%, 0, 1, 11, 4094.83, 13372434, 1077, 0, 0
3434, 165, 665, 1280, 0, 0, 34.40%, 0, 1, 11, 5105.91, 13394659, 1077, 0, 0
3439, 165, 955, 1280, 0, 0, 34.40%, 0, 1, 11, 4908.53, 13416769, 1077, 0, 0
3444, 165, 1149, 1280, 0, 0, 34.40%, 0, 1, 11, 3235.94, 13434617, 1077, 0, 0
3450, 166, 139, 1280, 0, 0, 34.40%, 0, 1, 11, 4077.46, 13453614, 1077, 0, 0
3455, 166, 716, 1280, 0, 0, 34.40%, 0, 1, 11, 5148.14, 13475186, 1077, 0, 0
3460, 166, 975, 1280, 0, 0, 34.40%, 0, 1, 11, 4533.84, 13497793, 1077, 0, 0
3465, 167, 11, 1280, 0, 0, 34.40%, 0, 1, 11, 4623.28, 13515642, 1077, 0, 0
3470, 167, 442, 1280, 0, 0, 34.40%, 0, 1, 11, 4707.25, 13539468, 1077, 0, 0
3475, 167, 802, 1280, 0, 0, 34.40%, 0, 1, 11, 4240.74, 13560205, 1077, 0, 0
3480, 167, 1040, 1280, 0, 0, 34.40%, 0, 1, 11, 3904.84, 13573142, 1077, 0, 0
3486, 168, 31, 1280, 0, 0, 34.40%, 0, 1, 11, 4478.43, 13588888, 1077, 0, 0
3491, 168, 525, 1280, 0, 0, 34.40%, 0, 1, 11, 4411.25, 13611455, 1077, 0, 0
3496, 168, 962, 1280, 0, 0, 34.40%, 0, 1, 11, 4691.97, 13633691, 1077, 0, 0
3502, 168, 1169, 1280, 0, 0, 34.40%, 0, 1, 11, 4076.24, 13647743, 1077, 0, 0
3507, 169, 258, 1280, 0, 0, 34.40%, 0, 1, 11, 4731.42, 13670122, 1077, 0, 0
3512, 169, 743, 1280, 0, 0, 34.40%, 0, 1, 11, 4805.00, 13690873, 1077, 0, 0
3517, 169, 1032, 1280, 0, 0, 34.40%, 0, 1, 11, 4785.63, 13713602, 1077, 0, 0
3522, 170, 17, 1280, 0, 0, 34.40%, 0, 1, 11, 3923.26, 13725920, 1077, 0, 0
3527, 170, 520, 1280, 0, 0, 34.40%, 0, 1, 11, 4533.32, 13748145, 1077, 0, 0
3532, 170, 914, 1280, 0, 0, 34.40%, 0, 1, 11, 5334.56, 13770765, 1077, 0, 0
3537, 171, 41, 1280, 0, 0, 34.40%, 0, 1, 11, 4640.03, 13791375, 1077, 0, 0
3543, 171, 457, 1280, 0, 0, 34.40%, 0, 1, 11, 4812.87, 13813953, 1077, 0, 0
3548, 171, 779, 1280, 0, 0, 34.40%, 0, 1, 11, 3850.66, 13833453, 1077, 0, 0
3553, 171, 994, 1280, 0, 0, 34.40%, 0, 1, 11, 3828.33, 13846082, 1077, 0, 0
3558, 172, 106, 1280, 0, 0, 34.40%, 0, 1, 11, 4650.85, 13865365, 1077, 0, 0
3563, 172, 613, 1280, 0, 0, 34.40%, 0, 1, 11, 4833.87, 13887442, 1077, 0, 0
3569, 172, 887, 1280, 0, 0, 34.40%, 0, 1, 11, 4593.09, 13905949, 1077, 0, 0
3574, 172, 1098, 1280, 0, 0, 34.40%, 0, 1, 11, 361.79, 13921634, 1077, 0, 0
3579, 173, 170, 1280, 0, 0, 34.40%, 0, 1, 11, 4472.25, 13943040, 1077, 0, 0
3584, 173, 525, 1280, 0, 0, 34.40%, 0, 1, 11, 5293.33, 13955725, 1077, 0, 0
3589, 173, 925, 1280, 0, 0, 34.40%, 0, 1, 11, 4847.68, 13977777, 1077, 0, 0
3594, 173, 1253, 1280, 0, 0, 34.40%, 0, 1, 11, 4192.96, 13998217, 1077, 0, 0
3599, 174, 418, 1280, 0, 0, 34.40%, 0, 1, 11, 285.25, 14018622, 1077, 0, 0
3604, 174, 758, 1280, 0, 0, 34.40%, 0, 1, 11, 4959.20, 14031890, 1077, 0, 0
3610, 174, 1132, 1280, 0, 0, 34.40%, 0, 1, 11, 5087.76, 14055183, 1077, 0, 0
3615, 175, 273, 1286, 6, 0, 34.40%, 0, 1, 11, 3109.54, 14075257, 1077, 0, 0
3620, 175, 764, 1286, 6, 0, 34.40%, 0, 1, 11, 5349.61, 14097032, 1077, 0, 0
3625, 175, 1033, 1286, 6, 0, 34.40%, 0, 1, 11, 5452.53, 14117805, 1077, 0, 0
3630, 175, 1218, 1286, 6, 0, 34.40%, 0, 1, 11, 3132.94, 14130331, 1077, 0, 0
3635, 176, 326, 1286, 4, 0, 34.40%, 0, 1, 11, 512.89, 14150849, 1077, 0, 0
3640, 176, 827, 1286, 4, 0, 34.40%, 0, 1, 11, 4089.31, 14173310, 1077, 0, 0
3645, 176, 1119, 1286, 4, 0, 34.40%, 0, 1, 11, 4188.62, 14193510, 1077, 0, 0
3650, 177, 273, 1286, 4, 0, 34.40%, 0, 1, 11, 4797.86, 14215796, 1077, 0, 0
3656, 177, 765, 1286, 4, 0, 34.40%, 0, 1, 11, 5339.17, 14235769, 1077, 0, 0
3661, 177, 1025, 1286, 4, 0, 34.40%, 0, 1, 11, 4250.36, 14252640, 1077, 0, 0
3666, 177, 1147, 1286, 4, 0, 34.40%, 0, 1, 11, 3375.00, 14267809, 1077, 0, 0
3671, 178, 262, 1286, 3, 0, 34.40%, 0, 1, 11, 4123.15, 14288825, 1077, 0, 0
3676, 178, 774, 1286, 3, 0, 34.40%, 0, 1, 11, 4206.43, 14308934, 1077, 0, 0
3681, 178, 1100, 1286, 3, 0, 34.40%, 0, 1, 11, 3049.15, 14329084, 1077, 0, 0
3686, 179, 55, 1286, 3, 0, 34.40%, 0, 1, 11, 3904.04, 14345076, 1077, 0, 0
3691, 179, 553, 1286, 3, 0, 34.40%, 0, 1, 11, 4790.64, 14367559, 1077, 0, 0
3696, 179, 920, 1286, 3, 0, 34.40%, 0, 1, 11, 5225.60, 14387547, 1077, 0, 0
3701, 180, 4, 1286, 1, 0, 34.40%, 0, 1, 11, 2043.45, 14405300, 1077, 0, 0
3706, 180, 460, 1286, 1, 0, 34.40%, 0, 1, 11, 5335.41, 14426595, 1077, 0, 0
3711, 180, 748, 1286, 1, 0, 34.40%, 0, 1, 11, 2023.17, 14438795, 1077, 0, 0
3717, 180, 1040, 1286, 1, 0, 34.40%, 0, 1, 11, 3720.90, 14458356, 1077, 0, 0
3722, 181, 68, 1286, 0, 0, 34.40%, 0, 1, 11, 4186.09, 14477495, 1077, 0, 0
3727, 181, 590, 1286, 0, 0, 34.40%, 0, 1, 11, 4375.32, 14499548, 1077, 0, 0
3732, 181, 848, 1286, 0, 0, 34.40%, 0, 1, 11, 3649.24, 14515029, 1077, 0, 0
3738, 181, 1105, 1286, 0, 0, 34.40%, 0, 1, 11, 2295.87, 14537694, 1077, 0, 0
3743, 182, 138, 1286, 0, 0, 34.40%, 0, 1, 11, 420.88, 14556946, 1077, 0, 0
3749, 182, 713, 1286, 0, 0, 34.40%, 0, 1, 11, 5065.00, 14577262, 1077, 0, 0
3754, 182, 1032, 1286, 0, 0, 34.40%, 0, 1, 11, 4715.44, 14600592, 1077, 0, 0
3759, 182, 1247, 1286, 0, 0, 34.40%, 0, 1, 11, 4357.61, 14618480, 1077, 0, 0
3764, 183, 460, 1286, 0, 0, 34.40%, 0, 1, 11, 5057.32, 14641044, 1077, 0, 0
3769, 183, 881, 1286, 0, 0, 34.40%, 0, 1, 11, 5024.55, 14663218, 1077, 0, 0
3774, 183, 1212, 1286, 0, 0, 34.40%, 0, 1, 11, 4626.19, 14683349, 1077, 0, 0
3779, 184, 358, 1286, 0, 0, 34.40%, 0, 1, 11, 4379.31, 14705199, 1077, 0, 0
3784, 184, 699, 1286, 0, 0, 34.40%, 0, 1, 11, 359.31, 14716197, 1077, 0, 0
3790, 184, 977, 1286, 0, 0, 34.40%, 0, 1, 11, 4429.43, 14739011, 1077, 0, 0
3795, 185, 69, 1286, 0, 0, 34.40%, 0, 1, 11, 3737.46, 14758906, 1077, 0, 0
3800, 185, 583, 1286, 0, 0, 34.40%, 0, 1, 11, 4798.44, 14780447, 1077, 0, 0
3805, 185, 872, 1286, 0, 0, 34.40%, 0, 1, 11, 4814.31, 14803249, 1077, 0, 0
3810, 185, 1132, 1286, 0, 0, 34.40%, 0, 1, 11, 4488.70, 14821027, 1077, 0, 0
3815, 186, 176, 1286, 0, 0, 34.40%, 0, 1, 11, 814.81, 14842038, 1077, 0, 0
3821, 186, 778, 1286, 0, 0, 34.40%, 0, 1, 11, 4637.15, 14864632, 1077, 0, 0
3826, 186, 1111, 1286, 0, 0, 34.40%, 0, 1, 11, 4503.62, 14883305, 1077, 0, 0
3831, 187, 4, 1287, 1, 0, 34.40%, 0, 1, 11, 4026.65, 14900739, 1077, 0, 0
3836, 187, 500, 1287, 1, 0, 34.40%, 0, 1, 11, 4381.25, 14923304, 1077, 0, 0
3841, 187, 833, 1287, 1, 0, 34.40%, 0, 1, 11, 4438.04, 14943356, 1077, 0, 0
3848, 187, 1134, 1287, 1, 0, 34.40%, 0, 1, 11, 2659.27, 14966747, 1077, 0, 0
3853, 188, 115, 1289, 1, 0, 34.40%, 0, 1, 11, 442.97, 14984285, 1077, 0, 0
3858, 188, 637, 1289, 1, 0, 34.40%, 0, 1, 11, 1830.52, 15005891, 1077, 0, 0
3863, 188, 979, 1289, 1, 0, 34.40%, 0, 1, 11, 4804.86, 15028871, 1077, 0, 0
3868, 188, 1213, 1289, 1, 0, 34.40%, 0, 1, 11, 3924.51, 15045044, 1077, 0, 0
3874, 189, 254, 1289, 1, 0, 34.40%, 0, 1, 11, 4207.76, 15064187, 1077, 0, 0
3879, 189, 655, 1289, 1, 0, 34.40%, 0, 1, 11, 3475.44, 15076442, 1077, 0, 0
3884, 189, 979, 1289, 1, 0, 34.40%, 0, 1, 11, 4670.02, 15098565, 1077, 0, 0
3889, 190, 4, 1289, 1, 0, 34.40%, 0, 1, 11, 3222.33, 15117017, 1077, 0, 0
3894, 190, 525, 1289, 1, 0, 34.40%, 0, 1, 11, 5154.54, 15140228, 1077, 0, 0
3899, 190, 924, 1289, 1, 0, 34.40%, 0, 1, 11, 4226.09, 15161149, 1077, 0, 0
3906, 190, 1219, 1289, 1, 0, 34.40%, 0, 1, 11, 4499.63, 15183062, 1077, 0, 0
3911, 191, 323, 1289, 1, 0, 34.40%, 0, 1, 11, 5080.13, 15204176, 1077, 0, 0
3916, 191, 853, 1289, 1, 0, 34.40%, 0, 1, 11, 4693.83, 15225961, 1077, 0, 0
3922, 191, 1226, 1289, 1, 0, 34.40%, 0, 1, 11, 4358.42, 15246516, 1077, 0, 0
3927, 192, 377, 1289, 1, 0, 34.40%, 0, 1, 11, 579.77, 15268324, 1077, 0, 0
3932, 192, 774, 1289, 1, 0, 34.40%, 0, 1, 11, 5539.60, 15289855, 1077, 0, 0
3937, 192, 1129, 1289, 1, 0, 34.40%, 0, 1, 11, 5204.42, 15311956, 1077, 0, 0
3942, 193, 175, 1289, 1, 0, 34.40%, 0, 1, 11, 4964.68, 15333706, 1077, 0, 0
3947, 193, 765, 1289, 1, 0, 34.40%, 0, 1, 11, 5160.34, 15356210, 1077, 0, 0
3953, 193, 1138, 1289, 1, 0, 34.40%, 0, 1, 11, 4941.95, 15380544, 1077, 0, 0
3958, 194, 4, 1289, 1, 0, 34.40%, 0, 1, 11, 3466.12, 15397389, 1077, 0, 0
3963, 194, 449, 1289, 1, 0, 34.40%, 0, 1, 11, 4176.03, 15420528, 1077, 0, 0
3968, 194, 807, 1289, 1, 0, 34.40%, 0, 1, 11, 5609.35, 15441195, 1077, 0, 0
3973, 194, 1162, 1289, 1, 0, 34.40%, 0, 1, 11, 4593.97, 15463240, 1077, 0, 0
3979, 195, 228, 1290, 2, 0, 34.40%, 0, 1, 11, 5386.46, 15485312, 1077, 0, 0
3984, 195, 742, 1290, 2, 0, 34.40%, 0, 1, 11, 3507.97, 15505167, 1077, 0, 0
3989, 195, 1025, 1290, 2, 0, 34.40%, 0, 1, 11, 4893.21, 15526444, 1077, 0, 0
3994, 196, 65, 1291, 2, 0, 34.40%, 0, 1, 11, 389.18, 15546062, 1077, 0, 0
3999, 196, 520, 1291, 2, 0, 34.40%, 0, 1, 11, 4744.46, 15568225, 1077, 0, 0
4004, 196, 833, 1291, 2, 0, 34.40%, 0, 1, 11, 4341.87, 15588714, 1077, 0, 0
4009, 196, 1051, 1291, 2, 0, 34.40%, 0, 1, 11, 5269.48, 15605803, 1077, 0, 0
4014, 197, 5, 1291, 1, 0, 34.40%, 0, 1, 11, 4132.58, 15623710, 1077, 0, 0
4019, 197, 525, 1291, 1, 0, 34.40%, 0, 1, 11, 4848.30, 15646620, 1077, 0, 0
4024, 197, 879, 1291, 1, 0, 34.40%, 0, 1, 11, 4781.25, 15668503, 1077, 0, 0
4029, 197, 1155, 1291, 1, 0, 34.40%, 0, 1, 11, 3968.53, 15688487, 1077, 0, 0
4034, 198, 328, 1291, 1, 0, 34.40%, 0, 1, 11, 5228.60, 15710628, 1077, 0, 0
4039, 198, 789, 1291, 1, 0, 34.40%, 0, 1, 11, 696.43, 15731434, 1077, 0, 0
4044, 198, 990, 1291, 1, 0, 34.40%, 0, 1, 11, 4309.92, 15751624, 1077, 0, 0
4049, 199, 48, 1291, 1, 0, 34.40%, 0, 1, 11, 4677.77, 15772209, 1077, 0, 0
4055, 199, 498, 1292, 2, 0, 34.40%, 0, 1, 11, 2855.77, 15794492, 1077, 0, 0
4060, 199, 827, 1292, 2, 0, 34.40%, 0, 1, 11, 5539.59, 15815639, 1077, 0, 0
4065, 199, 1129, 1292, 2, 0, 34.40%, 0, 1, 11, 5251.00, 15836231, 1077, 0, 0
4070, 200, 170, 1292, 2, 0, 34.40%, 0, 1, 11, 430.91, 15855523, 1077, 0, 0
4075, 200, 710, 1292, 2, 0, 34.40%, 0, 1, 11, 4895.41, 15877042, 1077, 0, 0
4080, 200, 960, 1292, 2, 0, 34.40%, 0, 1, 11, 4934.50, 15899649, 1077, 0, 0
4085, 200, 1170, 1292, 2, 0, 34.40%, 0, 1, 11, 3940.35, 15913993, 1077, 0, 0
4090, 201, 77, 1292, 1, 0, 34.40%, 0, 1, 11, 5006.63, 15929478, 1077, 0, 0
4095, 201, 692, 1292, 1, 0, 34.40%, 0, 1, 11, 4966.01, 15951341, 1077, 0, 0
4100, 201, 1035, 1292, 1, 0, 34.40%, 0, 1, 11, 4517.41, 15973941, 1077, 0, 0
4106, 201, 1212, 1292, 1, 0, 34.40%, 0, 1, 11, 4129.20, 15990783, 1077, 0, 0
4111, 202, 228, 1292, 1, 0, 34.40%, 0, 1, 11, 5555.37, 16013118, 1077, 0, 0
4116, 202, 762, 1292, 1, 0, 34.40%, 0, 1, 11, 5189.02, 16034321, 1077, 0, 0
4121, 202, 1072, 1292, 1, 0, 34.40%, 0, 1, 11, 4304.99, 16054701, 1077, 0, 0
4126, 203, 128, 1292, 1, 0, 34.40%, 0, 1, 11, 5599.04, 16075697, 1077, 0, 0
4132, 203, 645, 1292, 1, 0, 34.40%, 0, 1, 11, 4870.71, 16095483, 1077, 0, 0
4137, 203, 972, 1292, 1, 0, 34.40%, 0, 1, 11, 588.81, 16117832, 1077, 0, 0
4142, 204, 39, 1292, 0, 0, 34.40%, 0, 1, 11, 3957.24, 16137013, 1077, 0, 0
4147, 204, 590, 1292, 0, 0, 34.40%, 0, 1, 11, 3827.94, 16160782, 1077, 0, 0
4152, 204, 895, 1292, 0, 0, 34.40%, 0, 1, 11, 4305.89, 16179627, 1077, 0, 0
4158, 204, 1221, 1292, 0, 0, 34.40%, 0, 1, 11, 4215.81, 16202157, 1077, 0, 0
4163, 205, 381, 1292, 0, 0, 34.40%, 0, 1, 11, 4467.22, 16224468, 1077, 0, 0
4168, 205, 869, 1292, 0, 0, 34.40%, 0, 1, 11, 5427.64, 16246242, 1077, 0, 0
4174, 205, 1279, 1293, 1, 0, 34.40%, 0, 1, 11, 1927.60, 16266225, 1077, 0, 0
4179, 206, 370, 1293, 1, 0, 34.40%, 0, 1, 11, 3951.58, 16289096, 1077, 0, 0
4184, 206, 716, 1293, 1, 0, 34.40%, 0, 1, 11, 402.44, 16305774, 1077, 0, 0
4189, 206, 1032, 1293, 1, 0, 34.40%, 0, 1, 11, 907.32, 16327450, 1077, 0, 0
4194, 207, 63, 1293, 1, 0, 34.40%, 0, 1, 11, 4241.50, 16346059, 1077, 0, 0
4199, 207, 590, 1293, 1, 0, 34.40%, 0, 1, 11, 4825.61, 16369120, 1077, 0, 0
4204, 207, 968, 1293, 1, 0, 34.40%, 0, 1, 11, 4318.11, 16392000, 1077, 0, 0
4209, 208, 5, 1293, 0, 0, 34.40%, 0, 1, 11, 2190.99, 16410743, 1077, 0, 0
4215, 209, 72, 1301, 7, 0, 34.43%, 0, 1, 11, 4605.33, 16432362, 1078, 0, 0
4220, 209, 525, 1301, 7, 0, 34.43%, 0, 1, 11, 4556.18, 16453639, 1078, 0, 0
4225, 209, 870, 1301, 7, 0, 34.43%, 0, 1, 11, 4752.70, 16473712, 1078, 0, 0
4230, 209, 1110, 1301, 7, 0, 34.43%, 0, 1, 11, 3586.52, 16492031, 1078, 0, 0
4235, 209, 1275, 1301, 7, 0, 34.43%, 0, 1, 11, 3498.89, 16507092, 1078, 0, 0
4240, 210, 410, 1302, 6, 0, 34.43%, 0, 1, 11, 4457.07, 16529562, 1078, 0, 0
4246, 210, 854, 1302, 6, 0, 34.43%, 0, 1, 11, 4763.34, 16551550, 1078, 0, 0
4251, 210, 1106, 1302, 6, 0, 34.43%, 0, 1, 11, 1657.82, 16571750, 1078, 0, 0
4256, 210, 1302, 1303, 7, 1, 34.46%, 0, 1, 11, 3147.45, 16589088, 1079, 0, 0
4261, 211, 450, 1303, 6, 0, 34.46%, 0, 1, 11, 5010.00, 16610760, 1079, 0, 0
4266, 211, 925, 1303, 6, 0, 34.46%, 0, 1, 11, 5295.20, 16632365, 1079, 0, 0
4271, 211, 1291, 1303, 6, 0, 34.46%, 0, 1, 11, 5206.55, 16650877, 1079, 0, 0
4276, 212, 428, 1303, 5, 0, 34.46%, 0, 1, 11, 5010.45, 16674564, 1079, 0, 0
4281, 212, 850, 1303, 5, 0, 34.46%, 0, 1, 11, 4217.07, 16693366, 1079, 0, 0
4287, 212, 1179, 1303, 5, 0, 34.46%, 0, 1, 11, 3067.35, 16714201, 1079, 0, 0
4292, 213, 176, 1303, 4, 0, 34.46%, 0, 1, 11, 3809.44, 16735025, 1079, 0, 0
4297, 213, 688, 1303, 4, 0, 34.46%, 0, 1, 11, 5428.22, 16757274, 1079, 0, 0
4302, 213, 1008, 1303, 4, 0, 34.46%, 0, 1, 11, 309.18, 16778163, 1079, 0, 0
4308, 213, 1274, 1303, 4, 0, 34.46%, 0, 1, 11, 4263.31, 16797243, 1079, 0, 0
4313, 214, 495, 1303, 4, 0, 34.46%, 0, 1, 11, 5105.76, 16820847, 1079, 0, 0
4318, 214, 819, 1303, 4, 0, 34.46%, 0, 1, 11, 4885.33, 16842051, 1079, 0, 0
4323, 214, 1127, 1303, 4, 0, 34.46%, 0, 1, 11, 4431.98, 16863792, 1079, 0, 0
4328, 214, 1302, 1303, 2, 0, 34.46%, 0, 1, 11, 3671.04, 16875867, 1079, 0, 0
4333, 215, 498, 1303, 2, 0, 34.46%, 0, 1, 11, 4422.36, 16898472, 1079, 0, 0
4338, 215, 945, 1303, 2, 0, 34.46%, 0, 1, 11, 5325.94, 16920629, 1079, 0, 0
4343, 216, 72, 1304, 2, 0, 34.49%, 0, 1, 11, 3425.95, 16942860, 1080, 0, 0
4348, 216, 501, 1304, 2, 0, 34.49%, 0, 1, 11, 5103.20, 16964450, 1080, 0, 0
4354, 216, 895, 1304, 2, 0, 34.49%, 0, 1, 11, 661.21, 16984393, 1080, 0, 0
4359, 216, 1074, 1304, 2, 0, 34.49%, 0, 1, 11, 1257.57, 17000926, 1080, 0, 0
4364, 217, 108, 1304, 1, 0, 34.49%, 0, 1, 11, 5885.68, 17020554, 1080, 0, 0
4369, 217, 632, 1304, 1, 0, 34.49%, 0, 1, 11, 4580.50, 17040874, 1080, 0, 0
4374, 217, 922, 1304, 1, 0, 34.49%, 0, 1, 11, 5451.16, 17060386, 1080, 0, 0
4379, 217, 1212, 1304, 1, 0, 34.49%, 0, 1, 11, 5166.07, 17080516, 1080, 0, 0
4384, 218, 114, 1304, 0, 0, 34.49%, 0, 1, 11, 5059.66, 17101945, 1080, 0, 0
4389, 218, 558, 1304, 0, 0, 34.49%, 0, 1, 11, 4657.17, 17121260, 1080, 0, 0
4395, 218, 884, 1304, 0, 0, 34.49%, 0, 1, 11, 5119.59, 17138881, 1080, 0, 0
4400, 218, 1303, 1304, 0, 0, 34.49%, 0, 1, 11, 3823.06, 17160051, 1080, 0, 0
4405, 219, 371, 1304, 0, 0, 34.49%, 0, 1, 11, 4520.00, 17179868, 1080, 0, 0
4410, 219, 866, 1304, 0, 0, 34.49%, 0, 1, 11, 5786.69, 17201773, 1080, 0, 0
4415, 219, 1133, 1304, 0, 0, 34.49%, 0, 1, 11, 4666.86, 17218637, 1080, 0, 0
4420, 220, 132, 1304, 0, 0, 34.49%, 0, 1, 11, 5668.58, 17239832, 1080, 0, 0
4425, 220, 598, 1304, 0, 0, 34.49%, 0, 1, 11, 453.30, 17260788, 1080, 0, 0
4430, 220, 946, 1304, 0, 0, 34.49%, 0, 1, 11, 4343.83, 17282418, 1080, 0, 0
4436, 220, 1116, 1304, 0, 0, 34.49%, 0, 1, 11, 4079.83, 17300279, 1080, 0, 0
4441, 221, 120, 1304, 0, 0, 34.49%, 0, 1, 11, 4061.90, 17321522, 1080, 0, 0
4446, 221, 684, 1304, 0, 0, 34.49%, 0, 1, 11, 4991.09, 17342881, 1080, 0, 0
4451, 221, 1045, 1304, 0, 0, 34.49%, 0, 1, 11, 5072.32, 17365989, 1080, 0, 0
4456, 221, 1296, 1304, 0, 0, 34.49%, 0, 1, 11, 3303.21, 17380709, 1080, 0, 0
4461, 222, 392, 1304, 0, 0, 34.49%, 0, 1, 11, 4999.97, 17403349, 1080, 0, 0
4466, 222, 916, 1304, 0, 0, 34.49%, 0, 1, 11, 3756.27, 17425569, 1080, 0, 0
4471, 222, 1259, 1304, 0, 0, 34.49%, 0, 1, 11, 3931.27, 17445349, 1080, 0, 0
4477, 223, 240, 1305, 0, 0, 34.56%, 0, 1, 11, 407.89, 17466692, 1082, 0, 0
4482, 223, 723, 1305, 0, 0, 34.56%, 0, 1, 11, 4862.95, 17487090, 1082, 0, 0
4487, 223, 1116, 1305, 0, 0, 34.56%, 0, 1, 11, 4621.87, 17509537, 1082, 0, 0
4492, 224, 110, 1305, 0, 0, 34.56%, 0, 1, 11, 5315.03, 17528485, 1082, 0, 0
4497, 224, 712, 1305, 0, 0, 34.56%, 0, 1, 11, 4254.52, 17550442, 1082, 0, 0
4502, 224, 1033, 1305, 0, 0, 34.56%, 0, 1, 11, 235.67, 17571126, 1082, 0, 0
4507, 225, 48, 1305, 0, 0, 34.56%, 0, 1, 11, 5918.46, 17590537, 1082, 0, 0
4512, 225, 577, 1305, 0, 0, 34.56%, 0, 1, 11, 5534.51, 17613087, 1082, 0, 0
4518, 225, 921, 1305, 0, 0, 34.56%, 0, 1, 11, 4864.63, 17634377, 1082, 0, 0
4523, 225, 1168, 1305, 0, 0, 34.56%, 0, 1, 11, 4110.66, 17653844, 1082, 0, 0
4528, 226, 145, 1305, 0, 0, 34.56%, 0, 1, 11, 4762.51, 17675374, 1082, 0, 0
4533, 226, 498, 1305, 0, 0, 34.56%, 0, 1, 11, 440.59, 17688116, 1082, 0, 0
4538, 226, 853, 1305, 0, 0, 34.56%, 0, 1, 11, 4627.59, 17709471, 1082, 0, 0
4543, 226, 1246, 1305, 0, 0, 34.56%, 0, 1, 11, 758.10, 17728101, 1082, 0, 0
4548, 227, 320, 1305, 0, 0, 34.56%, 0, 1, 11, 4805.37, 17750024, 1082, 0, 0
4553, 227, 795, 1305, 0, 0, 34.56%, 0, 1, 11, 4815.23, 17772215, 1082, 0, 0
4560, 227, 1196, 1305, 0, 0, 34.56%, 0, 1, 11, 4838.44, 17793966, 1082, 0, 0
4565, 228, 240, 1305, 0, 0, 34.56%, 0, 1, 11, 4395.46, 17815921, 1082, 0, 0
4570, 228, 770, 1305, 0, 0, 34.56%, 0, 1, 11, 5117.14, 17836994, 1082, 0, 0
4575, 228, 1166, 1305, 0, 0, 34.56%, 0, 1, 11, 4004.04, 17857294, 1082, 0, 0
4581, 229, 75, 1305, 0, 0, 34.56%, 0, 1, 11, 4169.91, 17876402, 1082, 0, 0
4586, 229, 682, 1305, 0, 0, 34.56%, 0, 1, 11, 4230.44, 17897770, 1082, 0, 0
4591, 229, 982, 1306, 1, 0, 34.56%, 0, 1, 11, 4847.59, 17920679, 1082, 0, 0
4596, 230, 40, 1306, 1, 0, 34.56%, 0, 1, 11, 3779.79, 17940263, 1082, 0, 0
4601, 230, 454, 1306, 1, 0, 34.56%, 0, 1, 11, 4372.77, 17963741, 1082, 0, 0
4606, 230, 894, 1306, 1, 0, 34.56%, 0, 1, 11, 900.41, 17984872, 1082, 0, 0
4611, 230, 1194, 1306, 1, 0, 34.56%, 0, 1, 11, 944.84, 18003904, 1082, 0, 0
4616, 231, 75, 1306, 1, 0, 34.56%, 0, 1, 11, 5132.01, 18020143, 1082, 0, 0
4621, 231, 558, 1306, 1, 0, 34.56%, 0, 1, 11, 4698.19, 18042675, 1082, 0, 0
4626, 231, 925, 1306, 1, 0, 34.56%, 0, 1, 11, 3659.98, 18061812, 1082, 0, 0
4632, 231, 1199, 1306, 1, 0, 34.56%, 0, 1, 11, 3961.10, 18078037, 1082, 0, 0
4637, 232, 154, 1306, 1, 0, 34.56%, 0, 1, 11, 4906.87, 18099232, 1082, 0, 0
4642, 232, 713, 1306, 1, 0, 34.56%, 0, 1, 11, 4279.75, 18120321, 1082, 0, 0
4647, 232, 980, 1306, 1, 0, 34.56%, 0, 1, 11, 5395.11, 18141829, 1082, 0, 0
4652, 232, 1304, 1306, 1, 0, 34.56%, 0, 1, 11, 4550.67, 18161880, 1082, 0, 0
4657, 233, 325, 1306, 0, 0, 34.56%, 0, 1, 11, 4909.71, 18184506, 1082, 0, 0
4662, 233, 774, 1306, 0, 0, 34.56%, 0, 1, 11, 412.32, 18203112, 1082, 0, 0
4668, 233, 1132, 1306, 0, 0, 34.56%, 0, 1, 11, 4720.00, 18225826, 1082, 0, 0
4673, 234, 68, 1306, 0, 0, 34.56%, 0, 1, 11, 4485.06, 18246658, 1082, 0, 0
4680, 234, 624, 1306, 0, 0, 34.56%, 0, 1, 11, 5387.02, 18272533, 1082, 0, 0
4685, 234, 1025, 1306, 0, 0, 34.56%, 0, 1, 11, 4824.40, 18293970, 1082, 0, 0
4690, 235, 43, 1306, 0, 0, 34.56%, 0, 1, 11, 815.36, 18313611, 1082, 0, 0
4696, 235, 537, 1306, 0, 0, 34.56%, 0, 1, 11, 4961.03, 18337006, 1082, 0, 0
4701, 235, 1016, 1306, 0, 0, 34.56%, 0, 1, 11, 4445.18, 18359433, 1082, 0, 0
4706, 236, 10, 1306, 0, 0, 34.56%, 0, 1, 11, 4186.61, 18378281, 1082, 0, 0
4711, 236, 400, 1306, 0, 0, 34.56%, 0, 1, 11, 2925.00, 18400117, 1082, 0, 0
4716, 236, 713, 1306, 0, 0, 34.56%, 0, 1, 11, 3653.01, 18412813, 1082, 0, 0
4721, 236, 1025, 1306, 0, 0, 34.56%, 0, 1, 11, 4439.44, 18435852, 1082, 0, 0
4726, 237, 68, 1306, 0, 0, 34.56%, 0, 1, 11, 5024.89, 18456737, 1082, 0, 0
4731, 237, 687, 1306, 0, 0, 34.56%, 0, 1, 11, 4841.97, 18478804, 1082, 0, 0
4736, 237, 1029, 1306, 0, 0, 34.56%, 0, 1, 11, 4576.90, 18501377, 1082, 0, 0
4742, 237, 1304, 1306, 0, 0, 34.56%, 0, 1, 11, 4370.31, 18521027, 1082, 0, 0
4747, 238, 464, 1306, 0, 0, 34.56%, 0, 1, 11, 5481.48, 18544645, 1082, 0, 0
4752, 238, 774, 1306, 0, 0, 34.56%, 0, 1, 11, 4734.71, 18566050, 1082, 0, 0
4758, 238, 1154, 1306, 0, 0, 34.56%, 0, 1, 11, 4638.09, 18589552, 1082, 0, 0
4763, 239, 214, 1306, 0, 0, 34.56%, 0, 1, 11, 5440.62, 18612201, 1082, 0, 0
4768, 239, 765, 1306, 0, 0, 34.56%, 0, 1, 11, 3762.02, 18633873, 1082, 0, 0
4773, 239, 1034, 1306, 0, 0, 34.56%, 0, 1, 11, 3941.78, 18649426, 1082, 0, 0
4778, 240, 72, 1306, 0, 0, 34.56%, 0, 1, 11, 4141.67, 18668197, 1082, 0, 0
4783, 240, 590, 1306, 0, 0, 34.56%, 0, 1, 11, 4478.87, 18689621, 1082, 0, 0
4788, 240, 972, 1306, 0, 0, 34.56%, 0, 1, 11, 400.78, 18710459, 1082, 0, 0
4793, 240, 1241, 1306, 0, 0, 34.56%, 0, 1, 11, 215.45, 18727294, 1082, 0, 0
4799, 241, 377, 1306, 0, 0, 34.56%, 0, 1, 11, 4749.40, 18750265, 1082, 0, 0
4805, 241, 755, 1306, 0, 0, 34.56%, 0, 1, 11, 496.50, 18769013, 1082, 0, 0
4810, 241, 1145, 1306, 0, 0, 34.56%, 0, 1, 11, 4489.91, 18790500, 1082, 0, 0
4815, 242, 183, 1314, 6, 0, 34.56%, 0, 1, 11, 4600.93, 18813610, 1082, 0, 0
4821, 242, 758, 1314, 6, 0, 34.56%, 0, 1, 11, 4280.48, 18835349, 1082, 0, 0
4826, 242, 1094, 1314, 6, 0, 34.56%, 0, 1, 11, 4870.74, 18856944, 1082, 0, 0
4831, 243, 77, 1314, 6, 0, 34.56%, 0, 1, 11, 4444.09, 18875875, 1082, 0, 0
4836, 243, 578, 1314, 6, 0, 34.56%, 0, 1, 11, 221.70, 18896758, 1082, 0, 0
4841, 243, 979, 1314, 6, 0, 34.56%, 0, 1, 11, 4402.35, 18918171, 1082, 0, 0
4846, 243, 1237, 1314, 6, 0, 34.56%, 0, 1, 11, 3996.44, 18936103, 1082, 0, 0
4852, 244, 228, 1314, 5, 0, 34.56%, 0, 1, 11, 5378.22, 18956684, 1082, 0, 0
4857, 244, 748, 1314, 5, 0, 34.56%, 0, 1, 11, 4501.96, 18976386, 1082, 0, 0
4862, 244, 1150, 1314, 5, 0, 34.56%, 0, 1, 11, 3398.18, 18998530, 1082, 0, 0
4867, 245, 47, 1314, 3, 0, 34.56%, 0, 1, 11, 3714.34, 19013128, 1082, 0, 0
4872, 245, 525, 1314, 3, 0, 34.56%, 0, 1, 11, 5277.96, 19034903, 1082, 0, 0
4877, 245, 951, 1314, 3, 0, 34.56%, 0, 1, 11, 4396.92, 19055923, 1082, 0, 0
4883, 245, 1252, 1314, 3, 0, 34.56%, 0, 1, 11, 241.64, 19074171, 1082, 0, 0
4888, 246, 247, 1314, 3, 0, 34.56%, 0, 1, 11, 4182.81, 19096812, 1082, 0, 0
4893, 246, 799, 1314, 3, 0, 34.56%, 0, 1, 11, 4468.28, 19119056, 1082, 0, 0
4898, 246, 1180, 1314, 3, 0, 34.56%, 0, 1, 11, 250.72, 19137917, 1082, 0, 0
4903, 247, 57, 1314, 2, 0, 34.56%, 0, 1, 11, 3432.48, 19152102, 1082, 0, 0
4908, 247, 525, 1314, 2, 0, 34.56%, 0, 1, 11, 4967.92, 19172791, 1082, 0, 0
4913, 247, 941, 1314, 2, 0, 34.56%, 0, 1, 11, 4888.91, 19194386, 1082, 0, 0
4918, 247, 1243, 1314, 2, 0, 34.56%, 0, 1, 11, 4890.36, 19212083, 1082, 0, 0
4923, 248, 228, 1314, 2, 0, 34.56%, 0, 1, 11, 4512.45, 19234046, 1082, 0, 0
4928, 248, 748, 1314, 2, 0, 34.56%, 0, 1, 11, 3993.14, 19254633, 1082, 0, 0
4933, 248, 1092, 1314, 2, 0, 34.56%, 0, 1, 11, 3997.22, 19275150, 1082, 0, 0
4939, 249, 48, 1314, 0, 0, 34.56%, 0, 1, 11, 4135.06, 19291935, 1082, 0, 0
4944, 249, 553, 1314, 0, 0, 34.56%, 0, 1, 11, 4761.87, 19315043, 1082, 0, 0
4949, 249, 951, 1314, 0, 0, 34.56%, 0, 1, 11, 5103.24, 19336534, 1082, 0, 0
4954, 249, 1303, 1314, 0, 0, 34.56%, 0, 1, 11, 4691.79, 19355057, 1082, 0, 0
4959, 250, 384, 1314, 0, 0, 34.56%, 0, 1, 11, 5089.12, 19377537, 1082, 0, 0
4964, 250, 879, 1314, 0, 0, 34.56%, 0, 1, 11, 5008.29, 19399296, 1082, 0, 0
4969, 250, 1221, 1314, 0, 0, 34.56%, 0, 1, 11, 4746.74, 19419255, 1082, 0, 0
4974, 251, 338, 1314, 0, 0, 34.56%, 0, 1, 11, 4952.98, 19442078, 1082, 0, 0
4979, 251, 857, 1314, 0, 0, 34.56%, 0, 1, 11, 4444.96, 19463649, 1082, 0, 0
4984, 251, 1217, 1314, 0, 0, 34.56%, 0, 1, 11, 5269.75, 19483673, 1082, 0, 0
4989, 252, 167, 1314, 0, 0, 34.56%, 0, 1, 11, 4915.35, 19504185, 1082, 0, 0
4994, 252, 618, 1314, 0, 0, 34.56%, 0, 1, 11, 4468.49, 19525869, 1082, 0, 0
5000, 252, 848, 1314, 0, 0, 34.56%, 0, 1, 11, 4504.08, 19538465, 1082, 0, 0
5005, 252, 1207, 1314, 0, 0, 34.56%, 0, 1, 11, 683.49, 19557967, 1082, 0, 0
5010, 253, 347, 1314, 0, 0, 34.56%, 0, 1, 11, 439.02, 19580283, 1082, 0, 0
5015, 253, 810, 1314, 0, 0, 34.56%, 0, 1, 11, 4117.00, 19600609, 1082, 0, 0
5022, 253, 1218, 1314, 0, 0, 34.56%, 0, 1, 11, 3527.91, 19625053, 1082, 0, 0
5027, 254, 240, 1314, 0, 0, 34.56%, 0, 1, 11, 4924.43, 19647446, 1082, 0, 0
5032, 254, 774, 1314, 0, 0, 34.56%, 0, 1, 11, 5345.60, 19668876, 1082, 0, 0
5037, 254, 1194, 1314, 0, 0, 34.56%, 0, 1, 11, 3182.44, 19687692, 1082, 0, 0
5042, 255, 106, 1314, 0, 0, 34.56%, 0, 1, 11, 3946.52, 19704215, 1082, 0, 0
5048, 255, 669, 1314, 0, 0, 34.56%, 0, 1, 11, 4305.50, 19726415, 1082, 0, 0
5053, 255, 981, 1314, 0, 0, 34.56%, 0, 1, 11, 5462.77, 19748199, 1082, 0, 0
5058, 255, 1190, 1314, 0, 0, 34.56%, 0, 1, 11, 3434.88, 19764797, 1082, 0, 0
5064, 256, 228, 1314, 0, 0, 34.56%, 0, 1, 11, 4110.00, 19785882, 1082, 0, 0
5069, 256, 770, 1314, 0, 0, 34.56%, 0, 1, 11, 5396.63, 19807571, 1082, 0, 0
5074, 256, 1207, 1314, 0, 0, 34.56%, 0, 1, 11, 4509.83, 19828071, 1082, 0, 0
5079, 257, 229, 1314, 0, 0, 34.56%, 0, 1, 11, 4855.29, 19851518, 1082, 0, 0
5084, 257, 695, 1314, 0, 0, 34.56%, 0, 1, 11, 4449.45, 19868326, 1082, 0, 0
5089, 257, 1036, 1314, 0, 0, 34.56%, 0, 1, 11, 5160.75, 19890132, 1082, 0, 0
5094, 257, 1304, 1314, 0, 0, 34.56%, 0, 1, 11, 300.34, 19903261, 1082, 0, 0
5099, 258, 508, 1314, 0, 0, 34.56%, 0, 1, 11, 4279.91, 19926697, 1082, 0, 0
5105, 258, 904, 1314, 0, 0, 34.56%, 0, 1, 11, 188.30, 19948184, 1082, 0, 0
5110, 258, 1263, 1314, 0, 0, 34.56%, 0, 1, 11, 4442.84, 19968883, 1082, 0, 0
5115, 259, 390, 1314, 0, 0, 34.56%, 0, 1, 11, 4955.67, 19991557, 1082, 0, 0
5120, 259, 740, 1314, 0, 0, 34.56%, 0, 1, 11, 4886.87, 20005825, 1082, 0, 0
5125, 259, 1142, 1314, 0, 0, 34.56%, 0, 1, 11, 4086.71, 20026792, 1082, 0, 0
5130, 260, 166, 1314, 0, 0, 34.56%, 0, 1, 11, 4835.14, 20047721, 1082, 0, 0
5135, 260, 718, 1314, 0, 0, 34.56%, 0, 1, 11, 5003.55, 20068897, 1082, 0, 0
5140, 260, 1148, 1314, 0, 0, 34.56%, 0, 1, 11, 4819.80, 20090907, 1082, 0, 0
5146, 261, 45, 1314, 0, 0, 34.56%, 0, 1, 11, 4619.03, 20107346, 1082, 0, 0
5151, 261, 579, 1314, 0, 0, 34.56%, 0, 1, 11, 4565.36, 20131495, 1082, 0, 0
5156, 261, 1041, 1314, 0, 0, 34.56%, 0, 1, 11, 5510.64, 20153867, 1082, 0, 0
5161, 262, 115, 1314, 0, 0, 34.56%, 0, 1, 11, 4493.29, 20173544, 1082, 0, 0
5166, 262, 655, 1314, 0, 0, 34.56%, 0, 1, 11, 3156.97, 20194922, 1082, 0, 0
5171, 262, 1025, 1314, 0, 0, 34.56%, 0, 1, 11, 4334.53, 20217340, 1082, 0, 0
5176, 262, 1298, 1314, 0, 0, 34.56%, 0, 1, 11, 4072.50, 20230693, 1082, 0, 0
5182, 263, 399, 1314, 0, 0, 34.56%, 0, 1, 11, 4457.88, 20254106, 1082, 0, 0
5187, 263, 805, 1314, 0, 0, 34.56%, 0, 1, 11, 2885.00, 20273919, 1082, 0, 0
5192, 263, 1121, 1314, 0, 0, 34.56%, 0, 1, 11, 5283.60, 20293497, 1082, 0, 0
5197, 264, 65, 1314, 0, 0, 34.56%, 0, 1, 11, 4335.55, 20310846, 1082, 0, 0
5202, 264, 590, 1314, 0, 0, 34.56%, 0, 1, 11, 3250.51, 20333008, 1082, 0, 0
5207, 264, 946, 1314, 0, 0, 34.56%, 0, 1, 11, 5037.35, 20354924, 1082, 0, 0
5212, 264, 1287, 1314, 0, 0, 34.56%, 0, 1, 11, 4284.84, 20375779, 1082, 0, 0
5217, 265, 115, 1314, 0, 0, 34.56%, 0, 1, 11, 5189.95, 20394076, 1082, 0, 0
5222, 265, 632, 1314, 0, 0, 34.56%, 0, 1, 11, 234.18, 20414495, 1082, 0, 0
5228, 265, 996, 1314, 0, 0, 34.56%, 0, 1, 11, 5320.00, 20436881, 1082, 0, 0
5233, 265, 1304, 1314, 0, 0, 34.56%, 0, 1, 11, 3448.64, 20455146, 1082, 0, 0
5238, 266, 469, 1314, 0, 0, 34.56%, 0, 1, 11, 4557.00, 20478291, 1082, 0, 0
5243, 266, 869, 1314, 0, 0, 34.56%, 0, 1, 11, 5729.21, 20500001, 1082, 0, 0
5248, 266, 1112, 1314, 0, 0, 34.56%, 0, 1, 11, 1316.58, 20513838, 1082, 0, 0
5253, 267, 154, 1314, 0, 0, 34.56%, 0, 1, 11, 3742.57, 20534814, 1082, 0, 0
5258, 267, 735, 1314, 0, 0, 34.56%, 0, 1, 11, 4330.50, 20557142, 1082, 0, 0
5263, 267, 1098, 1314, 0, 0, 34.56%, 0, 1, 11, 4773.63, 20578282, 1082, 0, 0
5268, 267, 1283, 1314, 0, 0, 34.56%, 0, 1, 11, 3044.49, 20591813, 1082, 0, 0
5273, 268, 463, 1314, 0, 0, 34.56%, 0, 1, 11, 4150.09, 20614893, 1082, 0, 0
5279, 268, 894, 1314, 0, 0, 34.56%, 0, 1, 11, 4357.61, 20635179, 1082, 0, 0
5284, 268, 1270, 1314, 0, 0, 34.56%, 0, 1, 11, 4600.52, 20655377, 1082, 0, 0
5289, 269, 371, 1314, 0, 0, 34.56%, 0, 1, 11, 5480.00, 20677145, 1082, 0, 0
5294, 269, 774, 1314, 0, 0, 34.56%, 0, 1, 11, 4789.87, 20695701, 1082, 0, 0
5299, 269, 1207, 1314, 0, 0, 34.56%, 0, 1, 11, 4765.73, 20717096, 1082, 0, 0
5304, 270, 175, 1314, 0, 0, 34.56%, 0, 1, 11, 5262.41, 20737960, 1082, 0, 0
5309, 270, 774, 1314, 0, 0, 34.56%, 0, 1, 11, 4315.71, 20758978, 1082, 0, 0
5314, 270, 1254, 1314, 0, 0, 34.56%, 0, 1, 11, 3415.13, 20780519, 1082, 0, 0
5319, 271, 176, 1314, 0, 0, 34.56%, 0, 1, 11, 4315.47, 20801344, 1082, 0, 0
5325, 271, 748, 1314, 0, 0, 34.56%, 0, 1, 11, 5300.08, 20822582, 1082, 0, 0
5330, 271, 1119, 1314, 0, 0, 34.56%, 0, 1, 11, 4584.54, 20842288, 1082, 0, 0
5335, 272, 55, 1314, 0, 0, 34.56%, 0, 1, 11, 5642.10, 20860429, 1082, 0, 0
5340, 272, 553, 1314, 0, 0, 34.56%, 0, 1, 11, 5444.31, 20882495, 1082, 0, 0
5345, 272, 921, 1314, 0, 0, 34.56%, 0, 1, 11, 4097.03, 20901296, 1082, 0, 0
5350, 272, 1202, 1314, 0, 0, 34.56%, 0, 1, 11, 4790.83, 20918876, 1082, 0, 0
5355, 273, 328, 1314, 0, 0, 34.56%, 0, 1, 11, 5413.62, 20940416, 1082, 0, 0
5360, 273, 827, 1314, 0, 0, 34.56%, 0, 1, 11, 5402.57, 20961101, 1082, 0, 0
5365, 273, 1098, 1314, 0, 0, 34.56%, 0, 1, 11, 2758.18, 20981240, 1082, 0, 0
5370, 273, 1289, 1314, 0, 0, 34.56%, 0, 1, 11, 3151.96, 20994751, 1082, 0, 0
5376, 274, 377, 1314, 0, 0, 34.56%, 0, 1, 11, 4326.89, 21017145, 1082, 0, 0
5381, 274, 774, 1314, 0, 0, 34.56%, 0, 1, 11, 4983.02, 21036768, 1082, 0, 0
5386, 274, 1151, 1314, 0, 0, 34.56%, 0, 1, 11, 2580.20, 21056940, 1082, 0, 0
5391, 275, 48, 1314, 0, 0, 34.56%, 0, 1, 11, 3266.72, 21073170, 1082, 0, 0
5396, 275, 538, 1314, 0, 0, 34.56%, 0, 1, 11, 4290.13, 21095630, 1082, 0, 0
5401, 275, 981, 1314, 0, 0, 34.56%, 0, 1, 11, 4267.39, 21117238, 1082, 0, 0
5406, 276, 90, 1315, 1, 0, 34.56%, 0, 1, 11, 4842.63, 21136541, 1082, 0, 0
5412, 276, 468, 1315, 1, 0, 34.56%, 0, 1, 11, 219.37, 21151969, 1082, 0, 0
5417, 277, 232, 1331, 14, 0, 34.56%, 0, 1, 11, 5340.79, 21173102, 1082, 0, 0
5422, 277, 774, 1331, 14, 0, 34.56%, 0, 1, 11, 4452.29, 21195465, 1082, 0, 0
5427, 277, 1082, 1331, 14, 0, 34.56%, 0, 1, 11, 355.26, 21213123, 1082, 0, 0
5432, 277, 1278, 1331, 14, 0, 34.56%, 0, 1, 11, 3576.60, 21227180, 1082, 0, 0
5437, 278, 465, 1331, 12, 0, 34.56%, 0, 1, 11, 4765.00, 21250554, 1082, 0, 0
5442, 278, 975, 1331, 12, 0, 34.56%, 0, 1, 11, 4467.35, 21272703, 1082, 0, 0
5447, 278, 1321, 1332, 11, 0, 34.56%, 0, 1, 11, 2140.46, 21291105, 1082, 0, 0
5452, 279, 370, 1332, 7, 0, 34.56%, 0, 1, 11, 5133.85, 21314298, 1082, 0, 0
5458, 279, 833, 1332, 7, 0, 34.56%, 0, 1, 11, 5371.52, 21335317, 1082, 0, 0
5463, 279, 1220, 1333, 8, 0, 34.56%, 0, 1, 11, 4567.27, 21356343, 1082, 0, 0
5468, 280, 60, 1333, 7, 0, 34.56%, 0, 1, 11, 4455.47, 21373500, 1082, 0, 0
5473, 280, 535, 1333, 7, 0, 34.56%, 0, 1, 11, 4343.85, 21394776, 1082, 0, 0
5478, 280, 1025, 1333, 7, 0, 34.56%, 0, 1, 11, 4770.04, 21416123, 1082, 0, 0
5483, 280, 1331, 1333, 6, 0, 34.56%, 0, 1, 11, 2856.08, 21434740, 1082, 0, 0
5488, 281, 442, 1333, 4, 0, 34.56%, 0, 1, 11, 4592.13, 21457284, 1082, 0, 0
5493, 281, 753, 1333, 4, 0, 34.56%, 0, 1, 11, 3990.40, 21469990, 1082, 0, 0
5498, 281, 1045, 1333, 4, 0, 34.56%, 0, 1, 11, 3845.17, 21489519, 1082, 0, 0
5503, 282, 55, 1333, 3, 0, 34.56%, 0, 1, 11, 685.80, 21508831, 1082, 0, 0
5508, 282, 558, 1333, 3, 0, 34.56%, 0, 1, 11, 437.93, 21531450, 1082, 0, 0
5514, 282, 981, 1333, 3, 0, 34.56%, 0, 1, 11, 434.46, 21553262, 1082, 0, 0
5519, 282, 1246, 1333, 3, 0, 34.56%, 0, 1, 11, 363.64, 21569902, 1082, 0, 0
5524, 283, 425, 1333, 2, 0, 34.56%, 0, 1, 11, 4815.00, 21592994, 1082, 0, 0
5529, 283, 881, 1333, 2, 0, 34.56%, 0, 1, 11, 5432.74, 21615028, 1082, 0, 0
5534, 283, 1183, 1333, 2, 0, 34.56%, 0, 1, 11, 4308.55, 21633408, 1082, 0, 0
5539, 284, 240, 1333, 2, 0, 34.56%, 0, 1, 11, 5166.65, 21655707, 1082, 0, 0
5544, 284, 625, 1333, 2, 0, 34.56%, 0, 1, 11, 381.90, 21667537, 1082, 0, 0
5549, 284, 945, 1333, 2, 0, 34.56%, 0, 1, 11, 4482.80, 21685209, 1082, 0, 0
5555, 285, 5, 1333, 1, 0, 34.56%, 0, 1, 11, 384.62, 21703095, 1082, 0, 0
5560, 285, 558, 1333, 1, 0, 34.56%, 0, 1, 11, 4853.27, 21725291, 1082, 0, 0
5565, 285, 955, 1333, 1, 0, 34.56%, 0, 1, 11, 4571.56, 21746594, 1082, 0, 0
5570, 285, 1241, 1333, 1, 0, 34.56%, 0, 1, 11, 3998.10, 21763203, 1082, 0, 0
5575, 286, 208, 1333, 1, 0, 34.56%, 0, 1, 11, 4001.12, 21782021, 1082, 0, 0
5580, 286, 870, 1333, 1, 0, 34.56%, 0, 1, 11, 4434.79, 21805034, 1082, 0, 0
5585, 286, 1226, 1333, 1, 0, 34.56%, 0, 1, 11, 4082.94, 21822970, 1082, 0, 0
5591, 287, 130, 1334, 1, 0, 34.56%, 0, 1, 11, 4262.84, 21841317, 1082, 0, 0
5596, 287, 710, 1334, 1, 0, 34.56%, 0, 1, 11, 5097.56, 21862457, 1082, 0, 0
5601, 287, 1043, 1334, 1, 0, 34.56%, 0, 1, 11, 886.33, 21882114, 1082, 0, 0
5606, 287, 1316, 1334, 1, 0, 34.56%, 0, 1, 11, 2486.19, 21895939, 1082, 0, 0
5611, 288, 423, 1334, 1, 0, 34.56%, 0, 1, 11, 3088.90, 21918276, 1082, 0, 0
5616, 288, 869, 1334, 1, 0, 34.56%, 0, 1, 11, 4855.00, 21939759, 1082, 0, 0
5621, 288, 1252, 1334, 1, 0, 34.56%, 0, 1, 11, 4419.79, 21962261, 1082, 0, 0
5626, 289, 120, 1334, 0, 0, 34.56%, 0, 1, 11, 474.89, 21981541, 1082, 0, 0
5633, 289, 702, 1334, 0, 0, 34.56%, 0, 1, 11, 300.44, 22001665, 1082, 0, 0
5638, 289, 1051, 1334, 0, 0, 34.56%, 0, 1, 11, 4844.93, 22023470, 1082, 0, 0
5643, 290, 47, 1334, 0, 0, 34.56%, 0, 1, 11, 3791.93, 22041755, 1082, 0, 0
5648, 290, 525, 1334, 0, 0, 34.56%, 0, 1, 11, 382.02, 22064507, 1082, 0, 0
5654, 290, 943, 1334, 0, 0, 34.56%, 0, 1, 11, 511.74, 22086645, 1082, 0, 0
5659, 290, 1243, 1334, 0, 0, 34.56%, 0, 1, 11, 3982.25, 22105660, 1082, 0, 0
5664, 291, 347, 1334, 0, 0, 34.56%, 0, 1, 11, 5181.14, 22128071, 1082, 0, 0
5669, 291, 881, 1334, 0, 0, 34.56%, 0, 1, 11, 4777.40, 22151150, 1082, 0, 0
5674, 291, 1290, 1334, 0, 0, 34.56%, 0, 1, 11, 3315.68, 22169293, 1082, 0, 0
5680, 292, 365, 1334, 0, 0, 34.56%, 0, 1, 11, 629.25, 22191184, 1082, 0, 0
5685, 292, 765, 1334, 0, 0, 34.56%, 0, 1, 11, 848.78, 22210297, 1082, 0, 0
5690, 292, 1212, 1334, 0, 0, 34.56%, 0, 1, 11, 910.55, 22231110, 1082, 0, 0
5695, 293, 121, 1334, 0, 0, 34.56%, 0, 1, 11, 3212.25, 22248822, 1082, 0, 0
5700, 293, 714, 1334, 0, 0, 34.56%, 0, 1, 11, 1213.59, 22269352, 1082, 0, 0
5705, 293, 1170, 1334, 0, 0, 34.56%, 0, 1, 11, 5259.44, 22290382, 1082, 0, 0
5710, 294, 328, 1334, 0, 0, 34.56%, 0, 1, 11, 4795.43, 22313866, 1082, 0, 0
5716, 294, 827, 1334, 0, 0, 34.56%, 0, 1, 11, 1832.49, 22334186, 1082, 0, 0
5721, 294, 1255, 1334, 0, 0, 34.56%, 0, 1, 11, 4014.53, 22354941, 1082, 0, 0
5726, 295, 288, 1334, 0, 0, 34.56%, 0, 1, 11, 4520.55, 22377879, 1082, 0, 0
5731, 295, 774, 1334, 0, 0, 34.56%, 0, 1, 11, 3246.57, 22400690, 1082, 0, 0
5736, 295, 1129, 1334, 0, 0, 34.56%, 0, 1, 11, 2739.43, 22419930, 1082, 0, 0
5741, 296, 140, 1334, 0, 0, 34.56%, 0, 1, 11, 5648.43, 22440665, 1082, 0, 0
5747, 296, 662, 1334, 0, 0, 34.56%, 0, 1, 11, 33.90, 22461559, 1082, 0, 0
5752, 296, 982, 1334, 0, 0, 34.56%, 0, 1, 11, 5416.91, 22481752, 1082, 0, 0
5758, 296, 1301, 1334, 0, 0, 34.56%, 0, 1, 11, 1667.16, 22502152, 1082, 0, 0
5763, 297, 321, 1334, 0, 0, 34.56%, 0, 1, 11, 3801.07, 22524736, 1082, 0, 0
5769, 297, 761, 1334, 0, 0, 34.56%, 0, 1, 11, 3890.84, 22544000, 1082, 0, 0
5774, 297, 1159, 1334, 0, 0, 34.56%, 0, 1, 11, 4500.03, 22564994, 1082, 0, 0
5779, 298, 67, 1334, 0, 0, 34.56%, 0, 1, 11, 5054.11, 22581613, 1082, 0, 0
5784, 298, 592, 1334, 0, 0, 34.56%, 0, 1, 11, 4920.62, 22605088, 1082, 0, 0
5789, 298, 1050, 1334, 0, 0, 34.56%, 0, 1, 11, 4823.99, 22627166, 1082, 0, 0
5794, 298, 1298, 1334, 0, 0, 34.56%, 0, 1, 11, 2612.17, 22639084, 1082, 0, 0
5799, 299, 406, 1334, 0, 0, 34.56%, 0, 1, 11, 4894.41, 22660877, 1082, 0, 0
5804, 299, 960, 1334, 0, 0, 34.56%, 0, 1, 11, 4867.48, 22683124, 1082, 0, 0
5810, 299, 1229, 1334, 0, 0, 34.56%, 0, 1, 11, 4090.20, 22705520, 1082, 0, 0
5815, 300, 377, 1334, 0, 0, 34.56%, 0, 1, 11, 5641.93, 22728968, 1082, 0, 0
5820, 300, 862, 1334, 0, 0, 34.56%, 0, 1, 11, 1663.62, 22749644, 1082, 0, 0
5825, 300, 1262, 1334, 0, 0, 34.56%, 0, 1, 11, 2951.73, 22768009, 1082, 0, 0
5831, 301, 399, 1334, 0, 0, 34.56%, 0, 1, 11, 5230.31, 22791075, 1082, 0, 0
5836, 301, 742, 1334, 0, 0, 34.56%, 0, 1, 11, 3952.36, 22804753, 1082, 0, 0
5841, 301, 1114, 1334, 0, 0, 34.56%, 0, 1, 11, 4107.09, 22824810, 1082, 0, 0
5846, 302, 124, 1334, 0, 0, 34.56%, 0, 1, 11, 4333.12, 22845263, 1082, 0, 0
5851, 302, 685, 1334, 0, 0, 34.56%, 0, 1, 11, 3853.37, 22866037, 1082, 0, 0
5856, 302, 1132, 1334, 0, 0, 34.56%, 0, 1, 11, 1310.52, 22887414, 1082, 0, 0
5861, 303, 10, 1334, 0, 0, 34.56%, 0, 1, 11, 2813.26, 22902962, 1082, 0, 0
5866, 303, 541, 1334, 0, 0, 34.56%, 0, 1, 11, 4797.17, 22926156, 1082, 0, 0
5871, 303, 979, 1334, 0, 0, 34.56%, 0, 1, 11, 5074.17, 22948549, 1082, 0, 0
5876, 303, 1276, 1334, 0, 0, 34.56%, 0, 1, 11, 3652.17, 22965249, 1082, 0, 0
5882, 304, 410, 1334, 0, 0, 34.56%, 0, 1, 11, 4768.85, 22988390, 1082, 0, 0
5887, 304, 894, 1334, 0, 0, 34.56%, 0, 1, 11, 4175.28, 23008470, 1082, 0, 0
5892, 304, 1198, 1334, 0, 0, 34.56%, 0, 1, 11, 1032.45, 23024057, 1082, 0, 0
5898, 305, 139, 1334, 0, 0, 34.56%, 0, 1, 11, 3740.76, 23045513, 1082, 0, 0
5903, 305, 740, 1334, 0, 0, 34.56%, 0, 1, 11, 4610.16, 23067668, 1082, 0, 0
5908, 305, 1142, 1334, 0, 0, 34.56%, 0, 1, 11, 4246.38, 23089277, 1082, 0, 0
5913, 306, 186, 1334, 0, 0, 34.56%, 0, 1, 11, 4929.95, 23112175, 1082, 0, 0
5918, 306, 634, 1334, 0, 0, 34.56%, 0, 1, 11, 3436.22, 23124570, 1082, 0, 0
5923, 306, 1052, 1334, 0, 0, 34.56%, 0, 1, 11, 4234.35, 23146462, 1082, 0, 0
5928, 307, 72, 1334, 0, 0, 34.56%, 0, 1, 11, 5830.00, 23164103, 1082, 0, 0
5934, 307, 628, 1334, 0, 0, 34.56%, 0, 1, 11, 1808.03, 23187468, 1082, 0, 0
5939, 307, 951, 1334, 0, 0, 34.56%, 0, 1, 11, 3218.03, 23208362, 1082, 0, 0
5944, 307, 1146, 1334, 0, 0, 34.56%, 0, 1, 11, 3753.31, 23224597, 1082, 0, 0
5949, 308, 124, 1334, 0, 0, 34.56%, 0, 1, 11, 3756.07, 23244459, 1082, 0, 0
5954, 308, 714, 1334, 0, 0, 34.56%, 0, 1, 11, 4773.94, 23266279, 1082, 0, 0
5959, 308, 1089, 1334, 0, 0, 34.56%, 0, 1, 11, 5405.30, 23288975, 1082, 0, 0
5964, 308, 1321, 1334, 0, 0, 34.56%, 0, 1, 11, 920.96, 23301797, 1082, 0, 0
5969, 309, 498, 1334, 0, 0, 34.56%, 0, 1, 11, 5475.95, 23325240, 1082, 0, 0
5975, 309, 979, 1334, 0, 0, 34.56%, 0, 1, 11, 4869.39, 23347699, 1082, 0, 0
5980, 310, 112, 1334, 0, 0, 34.56%, 0, 1, 11, 5721.07, 23369947, 1082, 0, 0
5985, 310, 682, 1334, 0, 0, 34.56%, 0, 1, 11, 5324.67, 23392455, 1082, 0, 0
5990, 310, 1071, 1334, 0, 0, 34.56%, 0, 1, 11, 4561.46, 23413692, 1082, 0, 0
5995, 311, 75, 1334, 0, 0, 34.56%, 0, 1, 11, 4227.86, 23433268, 1082, 0, 0
6000, 311, 590, 1334, 0, 0, 34.56%, 0, 1, 11, 5325.00, 23454640, 1082, 0, 0
6005, 311, 1032, 1334, 0, 0, 34.56%, 0, 1, 11, 5278.76, 23477457, 1082, 0, 0
6010, 312, 41, 1334, 0, 0, 34.56%, 0, 1, 11, 2961.07, 23497100, 1082, 0, 0
6016, 312, 525, 1342, 8, 0, 34.56%, 0, 1, 11, 5185.15, 23519458, 1082, 0, 0
6021, 312, 853, 1342, 8, 0, 34.56%, 0, 1, 11, 4383.18, 23536616, 1082, 0, 0
6026, 312, 1159, 1342, 8, 0, 34.56%, 0, 1, 11, 4516.82, 23555545, 1082, 0, 0
6031, 313, 4, 1343, 8, 0, 34.56%, 0, 1, 11, 4015.73, 23569481, 1082, 0, 0
6036, 313, 524, 1343, 8, 0, 34.56%, 0, 1, 11, 4573.91, 23592918, 1082, 0, 0
6041, 313, 972, 1343, 8, 0, 34.56%, 0, 1, 11, 5254.54, 23614892, 1082, 0, 0
6047, 313, 1283, 1343, 8, 0, 34.56%, 0, 1, 11, 4545.41, 23631315, 1082, 0, 0
6052, 314, 246, 1343, 4, 0, 34.56%, 0, 1, 11, 5656.53, 23654013, 1082, 0, 0
6057, 314, 765, 1343, 4, 0, 34.56%, 0, 1, 11, 4237.23, 23673846, 1082, 0, 0
6063, 314, 1231, 1343, 4, 0, 34.56%, 0, 1, 11, 4221.19, 23694649, 1082, 0, 0
6068, 315, 142, 1343, 1, 0, 34.56%, 0, 1, 11, 5573.00, 23715148, 1082, 0, 0
6073, 315, 675, 1343, 1, 0, 34.56%, 0, 1, 11, 4530.18, 23734265, 1082, 0, 0
6078, 315, 1087, 1343, 1, 0, 34.56%, 0, 1, 11, 4756.08, 23757781, 1082, 0, 0
6083, 316, 77, 1343, 0, 0, 34.56%, 0, 1, 11, 4107.26, 23776761, 1082, 0, 0
6088, 316, 638, 1343, 0, 0, 34.56%, 0, 1, 11, 4543.04, 23799341, 1082, 0, 0
6093, 316, 1039, 1343, 0, 0, 34.56%, 0, 1, 11, 239.32, 23820025, 1082, 0, 0
6099, 316, 1267, 1343, 0, 0, 34.56%, 0, 1, 11, 2839.13, 23836374, 1082, 0, 0
6104, 317, 464, 1343, 0, 0, 34.56%, 0, 1, 11, 5050.64, 23859760, 1082, 0, 0
6109, 317, 863, 1343, 0, 0, 34.56%, 0, 1, 11, 4608.70, 23877929, 1082, 0, 0
6114, 317, 1215, 1343, 0, 0, 34.56%, 0, 1, 11, 3596.48, 23896199, 1082, 0, 0
6119, 318, 45, 1343, 0, 0, 34.56%, 0, 1, 11, 3543.13, 23911899, 1082, 0, 0
6124, 318, 555, 1343, 0, 0, 34.56%, 0, 1, 11, 363.64, 23933549, 1082, 0, 0
6129, 318, 1072, 1343, 0, 0, 34.56%, 0, 1, 11, 4083.40, 23955348, 1082, 0, 0
6134, 319, 47, 1344, 0, 0, 34.56%, 0, 1, 11, 4803.09, 23974330, 1082, 0, 0
6140, 319, 647, 1344, 0, 0, 34.56%, 0, 1, 11, 4562.53, 23997386, 1082, 0, 0
6145, 319, 1025, 1344, 0, 0, 34.56%, 0, 1, 11, 494.87, 24017428, 1082, 0, 0
6150, 320, 44, 1344, 0, 0, 34.56%, 0, 1, 11, 3582.68, 24036666, 1082, 0, 0
6155, 320, 432, 1344, 0, 0, 34.56%, 0, 1, 11, 4781.68, 24059809, 1082, 0, 0
6160, 320, 877, 1344, 0, 0, 34.56%, 0, 1, 11, 4409.94, 24081897, 1082, 0, 0
6165, 320, 1294, 1344, 0, 0, 34.56%, 0, 1, 11, 3781.19, 24099884, 1082, 0, 0
6170, 321, 167, 1344, 0, 0, 34.56%, 0, 1, 11, 5763.28, 24120501, 1082, 0, 0
6176, 321, 765, 1344, 0, 0, 34.56%, 0, 1, 11, 3528.03, 24142187, 1082, 0, 0
6181, 321, 1203, 1344, 0, 0, 34.56%, 0, 1, 11, 2637.05, 24161108, 1082, 0, 0
6186, 322, 178, 1344, 0, 0, 34.56%, 0, 1, 11, 5576.52, 24182970, 1082, 0, 0
6191, 322, 792, 1344, 0, 0, 34.56%, 0, 1, 11, 5072.96, 24204974, 1082, 0, 0
6196, 322, 1215, 1344, 0, 0, 34.56%, 0, 1, 11, 4343.28, 24224041, 1082, 0, 0
6201, 323, 197, 1344, 0, 0, 34.56%, 0, 1, 11, 4555.95, 24245803, 1082, 0, 0
6207, 323, 682, 1344, 0, 0, 34.56%, 0, 1, 11, 2944.73, 24267431, 1082, 0, 0
6212, 323, 1074, 1344, 0, 0, 34.56%, 0, 1, 11, 4617.45, 24288005, 1082, 0, 0
6217, 323, 1299, 1344, 0, 0, 34.56%, 0, 1, 11, 4334.83, 24301665, 1082, 0, 0
6222, 324, 399, 1344, 0, 0, 34.56%, 0, 1, 11, 362.42, 24324376, 1082, 0, 0
6227, 324, 718, 1344, 0, 0, 34.56%, 0, 1, 11, 5553.31, 24337299, 1082, 0, 0
6232, 324, 1201, 1344, 0, 0, 34.56%, 0, 1, 11, 4134.48, 24357930, 1082, 0, 0
6237, 325, 320, 1344, 0, 0, 34.56%, 0, 1, 11, 4748.94, 24380064, 1082, 0, 0
6242, 325, 758, 1344, 0, 0, 34.56%, 0, 1, 11, 471.20, 24399341, 1082, 0, 0
6247, 325, 1118, 1344, 0, 0, 34.56%, 0, 1, 11, 5029.44, 24421000, 1082, 0, 0
6252, 326, 347, 1344, 0, 0, 34.56%, 0, 1, 11, 4394.35, 24443253, 1082, 0, 0
6257, 326, 778, 1344, 0, 0, 34.56%, 0, 1, 11, 4598.61, 24463685, 1082, 0, 0
6263, 326, 1316, 1344, 0, 0, 34.56%, 0, 1, 11, 4590.63, 24484536, 1082, 0, 0
6268, 327, 410, 1344, 0, 0, 34.56%, 0, 1, 11, 445.41, 24505361, 1082, 0, 0
6273, 327, 920, 1344, 0, 0, 34.56%, 0, 1, 11, 5114.43, 24526258, 1082, 0, 0
6278, 328, 4, 1344, 0, 0, 34.56%, 0, 1, 11, 4287.54, 24546876, 1082, 0, 0
6283, 328, 520, 1344, 0, 0, 34.56%, 0, 1, 11, 4796.30, 24569557, 1082, 0, 0
6288, 328, 945, 1344, 0, 0, 34.56%, 0, 1, 11, 1853.48, 24590291, 1082, 0, 0
6295, 328, 1268, 1344, 0, 0, 34.56%, 0, 1, 11, 4798.42, 24614911, 1082, 0, 0
6300, 329, 120, 1344, 0, 0, 34.56%, 0, 1, 11, 4619.21, 24633440, 1082, 0, 0
6305, 329, 710, 1344, 0, 0, 34.56%, 0, 1, 11, 3147.36, 24653390, 1082, 0, 0
6311, 329, 1052, 1344, 0, 0, 34.56%, 0, 1, 11, 655.05, 24674972, 1082, 0, 0
6316, 330, 109, 1344, 0, 0, 34.56%, 0, 1, 11, 4408.74, 24694918, 1082, 0, 0
6321, 330, 717, 1344, 0, 0, 34.56%, 0, 1, 11, 5525.24, 24716899, 1082, 0, 0
6326, 330, 1132, 1344, 0, 0, 34.56%, 0, 1, 11, 3602.34, 24738042, 1082, 0, 0
6331, 331, 4, 1344, 0, 0, 34.56%, 0, 1, 11, 3593.59, 24752864, 1082, 0, 0
6336, 331, 498, 1344, 0, 0, 34.56%, 0, 1, 11, 4338.42, 24776294, 1082, 0, 0
6341, 331, 921, 1344, 0, 0, 34.56%, 0, 1, 11, 5316.43, 24797195, 1082, 0, 0
6348, 331, 1286, 1344, 0, 0, 34.56%, 0, 1, 11, 4390.83, 24817689, 1082, 0, 0
6353, 332, 392, 1344, 0, 0, 34.56%, 0, 1, 11, 4710.61, 24840868, 1082, 0, 0
6358, 332, 908, 1344, 0, 0, 34.56%, 0, 1, 11, 5258.72, 24861806, 1082, 0, 0
6363, 332, 1322, 1344, 0, 0, 34.56%, 0, 1, 11, 4471.96, 24880700, 1082, 0, 0
6368, 333, 410, 1344, 0, 0, 34.56%, 0, 1, 11, 5053.98, 24904150, 1082, 0, 0
6374, 333, 972, 1344, 0, 0, 34.56%, 0, 1, 11, 5204.70, 24926630, 1082, 0, 0
6379, 334, 57, 1344, 0, 0, 34.56%, 0, 1, 11, 4949.62, 24947024, 1082, 0, 0
6384, 334, 590, 1344, 0, 0, 34.56%, 0, 1, 11, 3176.76, 24969328, 1082, 0, 0
6389, 334, 981, 1344, 0, 0, 34.56%, 0, 1, 11, 4942.55, 24990524, 1082, 0, 0
6394, 335, 113, 1344, 0, 0, 34.56%, 0, 1, 11, 5198.02, 25010778, 1082, 0, 0
6399, 335, 471, 1344, 0, 0, 34.56%, 0, 1, 11, 463.50, 25024611, 1082, 0, 0
6404, 335, 895, 1344, 0, 0, 34.56%, 0, 1, 11, 4117.55, 25046786, 1082, 0, 0
6410, 335, 1322, 1344, 0, 0, 34.56%, 0, 1, 11, 3825.95, 25066434, 1082, 0, 0
6415, 336, 161, 1344, 0, 0, 34.56%, 0, 1, 11, 5830.86, 25085178, 1082, 0, 0
6420, 336, 748, 1344, 0, 0, 34.56%, 0, 1, 11, 4966.38, 25107392, 1082, 0, 0
6425, 337, 4, 1344, 0, 0, 34.56%, 0, 1, 11, 4681.55, 25129161, 1082, 0, 0
6431, 337, 271, 1344, 0, 0, 34.56%, 0, 1, 11, 277.20, 25145411, 1082, 0, 0
6436, 337, 881, 1344, 0, 0, 34.56%, 0, 1, 11, 4519.18, 25167509, 1082, 0, 0
6441, 337, 1253, 1344, 0, 0, 34.56%, 0, 1, 11, 4083.24, 25188062, 1082, 0, 0
6446, 338, 121, 1344, 0, 0, 34.56%, 0, 1, 11, 5671.92, 25205187, 1082, 0, 0
6451, 338, 714, 1344, 0, 0, 34.56%, 0, 1, 11, 4510.27, 25226238, 1082, 0, 0
6457, 338, 1126, 1344, 0, 0, 34.56%, 0, 1, 11, 4273.04, 25247776, 1082, 0, 0
6462, 339, 170, 1344, 0, 0, 34.56%, 0, 1, 11, 4946.50, 25269102, 1082, 0, 0
6468, 339, 691, 1344, 0, 0, 34.56%, 0, 1, 11, 351.79, 25287555, 1082, 0, 0
6473, 339, 1061, 1344, 0, 0, 34.56%, 0, 1, 11, 3082.79, 25308283, 1082, 0, 0
6478, 340, 137, 1344, 0, 0, 34.56%, 0, 1, 11, 4178.43, 25328994, 1082, 0, 0
6484, 340, 691, 1344, 0, 0, 34.56%, 0, 1, 11, 4959.50, 25349403, 1082, 0, 0
6489, 340, 1112, 1344, 0, 0, 34.56%, 0, 1, 11, 5073.68, 25373040, 1082, 0, 0
6494, 340, 1312, 1344, 0, 0, 34.56%, 0, 1, 11, 3213.00, 25385566, 1082, 0, 0
6499, 341, 460, 1344, 0, 0, 34.56%, 0, 1, 11, 4962.39, 25408039, 1082, 0, 0
6504, 341, 896, 1344, 0, 0, 34.56%, 0, 1, 11, 5330.19, 25428610, 1082, 0, 0
6510, 341, 1324, 1344, 0, 0, 34.56%, 0, 1, 11, 4414.80, 25450693, 1082, 0, 0
6515, 342, 438, 1344, 0, 0, 34.56%, 0, 1, 11, 383.97, 25471866, 1082, 0, 0
6520, 342, 748, 1344, 0, 0, 34.56%, 0, 1, 11, 4694.36, 25483971, 1082, 0, 0
6525, 342, 1178, 1344, 0, 0, 34.56%, 0, 1, 11, 4219.06, 25504362, 1082, 0, 0
6530, 343, 113, 1344, 0, 0, 34.56%, 0, 1, 11, 5949.06, 25523773, 1082, 0, 0
6535, 343, 685, 1344, 0, 0, 34.56%, 0, 1, 11, 4755.79, 25545311, 1082, 0, 0
6540, 343, 1044, 1344, 0, 0, 34.56%, 0, 1, 11, 5164.55, 25565835, 1082, 0, 0
6545, 343, 1330, 1344, 0, 0, 34.56%, 0, 1, 11, 4464.51, 25583923, 1082, 0, 0
6550, 344, 498, 1344, 0, 0, 34.56%, 0, 1, 11, 5125.25, 25606121, 1082, 0, 0
6556, 344, 944, 1344, 0, 0, 34.56%, 0, 1, 11, 5187.64, 25628941, 1082, 0, 0
6561, 344, 1307, 1344, 0, 0, 34.56%, 0, 1, 11, 5017.46, 25645493, 1082, 0, 0
6567, 345, 128, 1344, 0, 0, 34.56%, 0, 1, 11, 4055.23, 25663096, 1082, 0, 0
6572, 345, 712, 1344, 0, 0, 34.56%, 0, 1, 11, 5021.17, 25684104, 1082, 0, 0
6577, 345, 1116, 1344, 0, 0, 34.56%, 0, 1, 11, 4401.21, 25706383, 1082, 0, 0
6582, 346, 75, 1344, 0, 0, 34.56%, 0, 1, 11, 3973.62, 25724314, 1082, 0, 0
6587, 346, 649, 1344, 0, 0, 34.56%, 0, 1, 11, 4093.40, 25746337, 1082, 0, 0
6592, 346, 1060, 1344, 0, 0, 34.56%, 0, 1, 11, 4893.47, 25768068, 1082, 0, 0
6597, 347, 167, 1344, 0, 0, 34.56%, 0, 1, 11, 5432.79, 25789567, 1082, 0, 0
6602, 347, 723, 1344, 0, 0, 34.56%, 0, 1, 11, 4825.43, 25810401, 1082, 0, 0
6608, 347, 1126, 1344, 0, 0, 34.56%, 0, 1, 11, 4393.08, 25830399, 1082, 0, 0
6614, 347, 1347, 1352, 8, 0, 34.56%, 0, 1, 11, 3583.58, 25844964, 1082, 0, 0
6619, 348, 498, 1352, 7, 0, 34.56%, 0, 1, 11, 4790.41, 25868476, 1082, 0, 0
6624, 348, 921, 1352, 7, 0, 34.56%, 0, 1, 11, 4589.69, 25888471, 1082, 0, 0
6631, 348, 1344, 1352, 7, 0, 34.56%, 0, 1, 11, 2862.67, 25908517, 1082, 0, 0
6636, 349, 519, 1352, 6, 0, 34.56%, 0, 1, 11, 4900.27, 25931746, 1082, 0, 0
6641, 349, 927, 1352, 6, 0, 34.56%, 0, 1, 11, 422.73, 25950353, 1082, 0, 0
6647, 349, 1348, 1352, 6, 0, 34.56%, 0, 1, 11, 4135.39, 25972989, 1082, 0, 0
6653, 350, 498, 1352, 5, 0, 34.56%, 0, 1, 11, 492.72, 25994457, 1082, 0, 0
6658, 350, 945, 1352, 5, 0, 34.56%, 0, 1, 11, 4905.91, 26015962, 1082, 0, 0
6663, 350, 1282, 1352, 5, 0, 34.56%, 0, 1, 11, 4207.27, 26033035, 1082, 0, 0
6668, 351, 347, 1352, 3, 0, 34.56%, 0, 1, 11, 4362.55, 26053457, 1082, 0, 0
6673, 351, 854, 1352, 3, 0, 34.56%, 0, 1, 11, 4330.42, 26074140, 1082, 0, 0
6678, 351, 1214, 1352, 3, 0, 34.56%, 0, 1, 11, 304.44, 26092654, 1082, 0, 0
6683, 352, 417, 1352, 3, 0, 34.56%, 0, 1, 11, 4011.23, 26115341, 1082, 0, 0
6689, 352, 866, 1352, 3, 0, 34.56%, 0, 1, 11, 5270.14, 26134483, 1082, 0, 0
6694, 352, 1312, 1352, 3, 0, 34.56%, 0, 1, 11, 4142.75, 26153281, 1082, 0, 0
6699, 353, 93, 1352, 1, 0, 34.56%, 0, 1, 11, 5905.00, 26164973, 1082, 0, 0
6704, 353, 579, 1352, 1, 0, 34.56%, 0, 1, 11, 4996.18, 26187419, 1082, 0, 0
6709, 353, 1022, 1352, 1, 0, 34.56%, 0, 1, 11, 4480.41, 26208003, 1082, 0, 0
6715, 353, 1313, 1352, 1, 0, 34.56%, 0, 1, 11, 3218.52, 26225146, 1082, 0, 0
6720, 354, 366, 1352, 1, 0, 34.56%, 0, 1, 11, 5366.44, 26247264, 1082, 0, 0
6725, 354, 918, 1352, 1, 0, 34.56%, 0, 1, 11, 4825.94, 26269049, 1082, 0, 0
6731, 354, 1339, 1352, 1, 0, 34.56%, 0, 1, 11, 4384.14, 26289944, 1082, 0, 0
6737, 355, 404, 1352, 1, 0, 34.56%, 0, 1, 11, 4293.02, 26312059, 1082, 0, 0
6742, 355, 758, 1352, 1, 0, 34.56%, 0, 1, 11, 4554.29, 26325203, 1082, 0, 0
6747, 355, 1204, 1352, 1, 0, 34.56%, 0, 1, 11, 4112.06, 26345864, 1082, 0, 0
6752, 356, 303, 1352, 1, 0, 34.56%, 0, 1, 11, 3421.01, 26366939, 1082, 0, 0
6757, 356, 817, 1352, 1, 0, 34.56%, 0, 1, 11, 4481.68, 26388450, 1082, 0, 0
6762, 356, 1234, 1352, 1, 0, 34.56%, 0, 1, 11, 4616.63, 26409319, 1082, 0, 0
6767, 357, 370, 1352, 1, 0, 34.56%, 0, 1, 11, 5077.90, 26431198, 1082, 0, 0
6772, 357, 866, 1352, 1, 0, 34.56%, 0, 1, 11, 5599.96, 26451442, 1082, 0, 0
6778, 357, 1318, 1352, 1, 0, 34.56%, 0, 1, 11, 4220.80, 26471729, 1082, 0, 0
6783, 358, 216, 1352, 1, 0, 34.56%, 0, 1, 11, 4719.82, 26493197, 1082, 0, 0
6788, 358, 774, 1352, 1, 0, 34.56%, 0, 1, 11, 2213.85, 26512546, 1082, 0, 0
6793, 358, 1132, 1352, 1, 0, 34.56%, 0, 1, 11, 4930.00, 26530908, 1082, 0, 0
6798, 359, 73, 1352, 1, 0, 34.56%, 0, 1, 11, 5461.44, 26549560, 1082, 0, 0
6803, 359, 670, 1352, 1, 0, 34.56%, 0, 1, 11, 4901.84, 26572317, 1082, 0, 0
6809, 359, 982, 1352, 1, 0, 34.56%, 0, 1, 11, 3719.72, 26592634, 1082, 0, 0
6814, 360, 175, 1352, 1, 0, 34.56%, 0, 1, 11, 5293.52, 26615554, 1082, 0, 0
6819, 360, 810, 1352, 1, 0, 34.56%, 0, 1, 11, 4387.80, 26636114, 1082, 0, 0
6824, 360, 1258, 1352, 1, 0, 34.56%, 0, 1, 11, 4744.95, 26657227, 1082, 0, 0
6829, 361, 308, 1352, 1, 0, 34.56%, 0, 1, 11, 4721.07, 26678626, 1082, 0, 0
6834, 361, 864, 1352, 1, 0, 34.56%, 0, 1, 11, 376.03, 26699191, 1082, 0, 0
6839, 361, 1227, 1352, 1, 0, 34.56%, 0, 1, 11, 3431.25, 26717945, 1082, 0, 0
6844, 362, 113, 1352, 1, 0, 34.56%, 0, 1, 11, 5436.59, 26732077, 1082, 0, 0
6849, 362, 668, 1352, 1, 0, 34.56%, 0, 1, 11, 4710.90, 26752097, 1082, 0, 0
6854, 362, 1048, 1352, 1, 0, 34.56%, 0, 1, 11, 465.44, 26772700, 1082, 0, 0
6859, 363, 72, 1352, 1, 0, 34.56%, 0, 1, 11, 4097.68, 26790405, 1082, 0, 0
6864, 363, 528, 1352, 1, 0, 34.56%, 0, 1, 11, 4341.21, 26811872, 1082, 0, 0
6870, 363, 1025, 1352, 1, 0, 34.56%, 0, 1, 11, 5214.71, 26834973, 1082, 0, 0
6875, 363, 1349, 1352, 1, 0, 34.56%, 0, 1, 11, 812.87, 26846868, 1082, 0, 0
6880, 364, 520, 1352, 1, 0, 34.56%, 0, 1, 11, 3763.50, 26869551, 1082, 0, 0
6885, 364, 979, 1352, 1, 0, 34.56%, 0, 1, 11, 4265.27, 26891377, 1082, 0, 0
6891, 364, 1350, 1352, 1, 0, 34.56%, 0, 1, 11, 830.23, 26908228, 1082, 0, 0
6896, 365, 399, 1352, 0, 0, 34.56%, 0, 1, 11, 5170.15, 26929656, 1082, 0, 0
6901, 365, 933, 1352, 0, 0, 34.56%, 0, 1, 11, 4788.54, 26952094, 1082, 0, 0
6907, 365, 1289, 1353, 1, 0, 34.56%, 0, 1, 11, 4478.37, 26972173, 1082, 0, 0
6912, 366, 358, 1353, 0, 0, 34.56%, 0, 1, 11, 4738.82, 26995510, 1082, 0, 0
6917, 366, 917, 1353, 0, 0, 34.56%, 0, 1, 11, 4350.20, 27017001, 1082, 0, 0
6923, 366, 1276, 1353, 0, 0, 34.56%, 0, 1, 11, 4146.50, 27036648, 1082, 0, 0
6928, 366, 1346, 1353, 0, 0, 34.56%, 0, 1, 11, 3611.23, 27048804, 1082, 0, 0
6933, 367, 448, 1353, 0, 0, 34.56%, 0, 1, 11, 4533.22, 27071558, 1082, 0, 0
6938, 367, 914, 1353, 0, 0, 34.56%, 0, 1, 11, 4619.68, 27092802, 1082, 0, 0
6943, 368, 12, 1353, 0, 0, 34.56%, 0, 1, 11, 660.79, 27111294, 1082, 0, 0
6948, 368, 525, 1353, 0, 0, 34.56%, 0, 1, 11, 4880.55, 27132303, 1082, 0, 0
6953, 368, 994, 1353, 0, 0, 34.56%, 0, 1, 11, 4723.74, 27154352, 1082, 0, 0
6958, 369, 39, 1353, 0, 0, 34.56%, 0, 1, 11, 3511.28, 27172830, 1082, 0, 0
6964, 369, 558, 1353, 0, 0, 34.56%, 0, 1, 11, 3803.79, 27195017, 1082, 0, 0
6969, 369, 1039, 1353, 0, 0, 34.56%, 0, 1, 11, 4800.34, 27217131, 1082, 0, 0
6974, 370, 128, 1353, 0, 0, 34.56%, 0, 1, 11, 5789.62, 27235977, 1082, 0, 0
6979, 370, 748, 1353, 0, 0, 34.56%, 0, 1, 11, 5281.55, 27258107, 1082, 0, 0
6984, 370, 1145, 1353, 0, 0, 34.56%, 0, 1, 11, 997.46, 27278592, 1082, 0, 0
6989, 371, 139, 1353, 0, 0, 34.56%, 0, 1, 11, 3971.77, 27298366, 1082, 0, 0
6994, 371, 717, 1353, 0, 0, 34.56%, 0, 1, 11, 4761.72, 27320690, 1082, 0, 0
6999, 371, 1104, 1353, 0, 0, 34.56%, 0, 1, 11, 401.07, 27340970, 1082, 0, 0
7005, 372, 108, 1353, 0, 0, 34.56%, 0, 1, 11, 4111.74, 27360758, 1082, 0, 0
7010, 372, 695, 1353, 0, 0, 34.56%, 0, 1, 11, 3894.97, 27382546, 1082, 0, 0
7015, 372, 1113, 1353, 0, 0, 34.56%, 0, 1, 11, 4538.12, 27404316, 1082, 0, 0
7020, 373, 47, 1353, 0, 0, 34.56%, 0, 1, 11, 257.43, 27420135, 1082, 0, 0
7025, 373, 573, 1353, 0, 0, 34.56%, 0, 1, 11, 4402.10, 27443088, 1082, 0, 0
7030, 373, 1039, 1353, 0, 0, 34.56%, 0, 1, 11, 4390.17, 27463763, 1082, 0, 0
7035, 374, 60, 1353, 0, 0, 34.56%, 0, 1, 11, 5202.63, 27483867, 1082, 0, 0
7040, 374, 577, 1353, 0, 0, 34.56%, 0, 1, 11, 5431.65, 27506439, 1082, 0, 0
7045, 374, 982, 1353, 0, 0, 34.56%, 0, 1, 11, 5582.09, 27527556, 1082, 0, 0
7050, 375, 63, 1353, 0, 0, 34.56%, 0, 1, 11, 5989.97, 27546096, 1082, 0, 0
7055, 375, 652, 1353, 0, 0, 34.56%, 0, 1, 11, 5099.18, 27568646, 1082, 0, 0
7061, 375, 1040, 1353, 0, 0, 34.56%, 0, 1, 11, 4517.41, 27588932, 1082, 0, 0
7066, 376, 137, 1353, 0, 0, 34.56%, 0, 1, 11, 5766.76, 27610070, 1082, 0, 0
7071, 376, 758, 1353, 0, 0, 34.56%, 0, 1, 11, 5432.26, 27632874, 1082, 0, 0
7076, 376, 1287, 1353, 0, 0, 34.56%, 0, 1, 11, 3743.15, 27654320, 1082, 0, 0
7081, 377, 321, 1353, 0, 0, 34.56%, 0, 1, 11, 4342.87, 27675703, 1082, 0, 0
7087, 377, 691, 1353, 0, 0, 34.56%, 0, 1, 11, 2861.30, 27687646, 1082, 0, 0
7092, 377, 1132, 1353, 0, 0, 34.56%, 0, 1, 11, 4946.58, 27708992, 1082, 0, 0
7097, 378, 90, 1353, 0, 0, 34.56%, 0, 1, 11, 4367.03, 27726868, 1082, 0, 0
7102, 378, 714, 1353, 0, 0, 34.56%, 0, 1, 11, 4311.93, 27749423, 1082, 0, 0
7107, 378, 1216, 1353, 0, 0, 34.56%, 0, 1, 11, 4362.76, 27771260, 1082, 0, 0
7112, 379, 298, 1353, 0, 0, 34.56%, 0, 1, 11, 4768.87, 27792669, 1082, 0, 0
7117, 379, 826, 1353, 0, 0, 34.56%, 0, 1, 11, 4810.64, 27812952, 1082, 0, 0
7122, 379, 1212, 1353, 0, 0, 34.56%, 0, 1, 11, 4379.53, 27834045, 1082, 0, 0
7127, 380, 86, 1353, 0, 0, 34.56%, 0, 1, 11, 4294.44, 27852328, 1082, 0, 0
7132, 380, 707, 1353, 0, 0, 34.56%, 0, 1, 11, 5505.50, 27874146, 1082, 0, 0
7137, 380, 1148, 1353, 0, 0, 34.56%, 0, 1, 11, 4659.55, 27895982, 1082, 0, 0
7142, 381, 139, 1353, 0, 0, 34.56%, 0, 1, 11, 513.79, 27914696, 1082, 0, 0
7148, 381, 774, 1353, 0, 0, 34.56%, 0, 1, 11, 3645.65, 27937555, 1082, 0, 0
7153, 381, 1248, 1353, 0, 0, 34.56%, 0, 1, 11, 4180.71, 27958199, 1082, 0, 0
7158, 382, 494, 1353, 0, 0, 34.56%, 0, 1, 11, 5064.74, 27980958, 1082, 0, 0
7163, 382, 870, 1353, 0, 0, 34.56%, 0, 1, 11, 5721.39, 28000037, 1082, 0, 0
7168, 382, 1320, 1353, 0, 0, 34.56%, 0, 1, 11, 3362.05, 28020602, 1082, 0, 0
7173, 383, 499, 1353, 0, 0, 34.56%, 0, 1, 11, 5117.03, 28043718, 1082, 0, 0
7179, 383, 925, 1353, 0, 0, 34.56%, 0, 1, 11, 4824.63, 28065715, 1082, 0, 0
7184, 384, 68, 1353, 0, 0, 34.56%, 0, 1, 11, 4257.76, 28085330, 1082, 0, 0
7189, 384, 532, 1353, 0, 0, 34.56%, 0, 1, 11, 4590.37, 28108275, 1082, 0, 0
7194, 384, 870, 1353, 0, 0, 34.56%, 0, 1, 11, 3641.25, 28127356, 1082, 0, 0
7199, 385, 7, 1353, 0, 0, 34.56%, 0, 1, 11, 3641.46, 28146440, 1082, 0, 0
7204, 385, 520, 1353, 0, 0, 34.56%, 0, 1, 11, 4509.49, 28169973, 1082, 0, 0
7209, 385, 853, 1353, 0, 0, 34.56%, 0, 1, 11, 5231.64, 28188112, 1082, 0, 0
7215, 385, 1344, 1357, 4, 0, 34.56%, 0, 1, 11, 4353.14, 28208418, 1082, 0, 0
7220, 386, 153, 1357, 3, 0, 34.56%, 0, 1, 11, 5096.20, 28226866, 1082, 0, 0
7225, 386, 710, 1357, 3, 0, 34.56%, 0, 1, 11, 5159.20, 28244081, 1082, 0, 0
7230, 386, 1150, 1357, 3, 0, 34.56%, 0, 1, 11, 5483.16, 28265792, 1082, 0, 0
7235, 386, 1354, 1357, 3, 0, 34.56%, 0, 1, 11, 4427.34, 28280501, 1082, 0, 0
7240, 387, 489, 1357, 2, 0, 34.56%, 0, 1, 11, 4253.04, 28303278, 1082, 0, 0
7245, 387, 853, 1357, 2, 0, 34.56%, 0, 1, 11, 4974.59, 28322618, 1082, 0, 0
7250, 388, 53, 1357, 2, 0, 34.56%, 0, 1, 11, 3169.02, 28342823, 1082, 0, 0
7255, 388, 521, 1357, 2, 0, 34.56%, 0, 1, 11, 3305.33, 28364847, 1082, 0, 0
7260, 388, 923, 1357, 2, 0, 34.56%, 0, 1, 11, 4653.69, 28385472, 1082, 0, 0
7265, 388, 1119, 1357, 2, 0, 34.56%, 0, 1, 11, 395.49, 28394352, 1082, 0, 0
7270, 388, 1119, 1357, 2, 0, 34.56%, 0, 1, 11, 665.94, 28397284, 1082, 0, 0
7276, 388, 1151, 1357, 2, 0, 34.56%, 0, 1, 11, 4477.85, 28401558, 1082, 0, 0
7281, 389, 240, 1357, 2, 0, 34.56%, 0, 1, 11, 4965.54, 28424239, 1082, 0, 0
7286, 389, 774, 1357, 2, 0, 34.56%, 0, 1, 11, 4080.42, 28446510, 1082, 0, 0
7291, 389, 1253, 1357, 2, 0, 34.56%, 0, 1, 11, 4608.91, 28466517, 1082, 0, 0
7296, 390, 106, 1357, 1, 0, 34.56%, 0, 1, 11, 5960.16, 28480354, 1082, 0, 0
7301, 390, 723, 1357, 1, 0, 34.56%, 0, 1, 11, 5245.86, 28502717, 1082, 0, 0
7306, 390, 1149, 1357, 1, 0, 34.56%, 0, 1, 11, 4625.49, 28524072, 1082, 0, 0
7311, 391, 174, 1357, 1, 0, 34.56%, 0, 1, 11, 4249.21, 28544265, 1082, 0, 0
7317, 391, 770, 1357, 1, 0, 34.56%, 0, 1, 11, 4676.47, 28566405, 1082, 0, 0
7322, 391, 1155, 1357, 1, 0, 34.56%, 0, 1, 11, 4597.24, 28586951, 1082, 0, 0
7327, 392, 47, 1357, 0, 0, 34.56%, 0, 1, 11, 3064.00, 28602515, 1082, 0, 0
7332, 392, 570, 1357, 0, 0, 34.56%, 0, 1, 11, 3959.20, 28625085, 1082, 0, 0
7337, 392, 1025, 1357, 0, 0, 34.56%, 0, 1, 11, 5062.35, 28647390, 1082, 0, 0
7342, 393, 114, 1357, 0, 0, 34.56%, 0, 1, 11, 5716.57, 28667795, 1082, 0, 0
7347, 393, 740, 1357, 0, 0, 34.56%, 0, 1, 11, 5310.50, 28690165, 1082, 0, 0
7352, 393, 1233, 1357, 0, 0, 34.56%, 0, 1, 11, 4707.27, 28710225, 1082, 0, 0
7357, 394, 201, 1357, 0, 0, 34.56%, 0, 1, 11, 4261.51, 28730051, 1082, 0, 0
7362, 394, 765, 1357, 0, 0, 34.56%, 0, 1, 11, 655.81, 28751180, 1082, 0, 0
7368, 394, 1343, 1357, 0, 0, 34.56%, 0, 1, 11, 4812.97, 28771757, 1082, 0, 0
7373, 395, 459, 1357, 0, 0, 34.56%, 0, 1, 11, 5464.86, 28794283, 1082, 0, 0
7378, 395, 911, 1357, 0, 0, 34.56%, 0, 1, 11, 4590.19, 28815644, 1082, 0, 0
7383, 396, 93, 1357, 0, 0, 34.56%, 0, 1, 11, 4814.27, 28837970, 1082, 0, 0
7388, 396, 670, 1357, 0, 0, 34.56%, 0, 1, 11, 4558.28, 28859793, 1082, 0, 0
7393, 396, 1074, 1357, 0, 0, 34.56%, 0, 1, 11, 3250.00, 28879091, 1082, 0, 0
7398, 397, 106, 1357, 0, 0, 34.56%, 0, 1, 11, 5774.38, 28900074, 1082, 0, 0
7403, 397, 714, 1357, 0, 0, 34.56%, 0, 1, 11, 5421.68, 28922477, 1082, 0, 0
7408, 397, 1178, 1357, 0, 0, 34.56%, 0, 1, 11, 4910.61, 28942831, 1082, 0, 0
7413, 398, 406, 1357, 0, 0, 34.56%, 0, 1, 11, 5450.90, 28965819, 1082, 0, 0
7419, 398, 949, 1357, 0, 0, 34.56%, 0, 1, 11, 5093.41, 28987604, 1082, 0, 0
7424, 399, 75, 1357, 0, 0, 34.56%, 0, 1, 11, 4389.37, 29009127, 1082, 0, 0
7429, 399, 631, 1357, 0, 0, 34.56%, 0, 1, 11, 4593.35, 29031776, 1082, 0, 0
7434, 399, 1028, 1357, 0, 0, 34.56%, 0, 1, 11, 5118.94, 29051741, 1082, 0, 0
7439, 400, 142, 1357, 0, 0, 34.56%, 0, 1, 11, 5605.15, 29072328, 1082, 0, 0
7444, 400, 747, 1357, 0, 0, 34.56%, 0, 1, 11, 5317.59, 29094465, 1082, 0, 0
7449, 400, 1204, 1357, 0, 0, 34.56%, 0, 1, 11, 5037.07, 29114534, 1082, 0, 0
7455, 401, 280, 1357, 0, 0, 34.56%, 0, 1, 11, 4477.46, 29136610, 1082, 0, 0
7460, 401, 848, 1357, 0, 0, 34.56%, 0, 1, 11, 5069.19, 29158761, 1082, 0, 0
7465, 401, 1208, 1357, 0, 0, 34.56%, 0, 1, 11, 4235.11, 29176605, 1082, 0, 0
7470, 402, 312, 1357, 0, 0, 34.56%, 0, 1, 11, 5527.63, 29199121, 1082, 0, 0
7475, 402, 862, 1357, 0, 0, 34.56%, 0, 1, 11, 4814.68, 29221234, 1082, 0, 0
7480, 402, 1353, 1357, 0, 0, 34.56%, 0, 1, 11, 4308.74, 29241907, 1082, 0, 0
7487, 403, 470, 1357, 0, 0, 34.56%, 0, 1, 11, 782.33, 29263811, 1082, 0, 0
7492, 403, 921, 1357, 0, 0, 34.56%, 0, 1, 11, 3757.16, 29285237, 1082, 0, 0
7497, 404, 87, 1357, 0, 0, 34.56%, 0, 1, 11, 3855.97, 29306424, 1082, 0, 0
7503, 404, 553, 1357, 0, 0, 34.56%, 0, 1, 11, 664.47, 29326585, 1082, 0, 0
7508, 404, 927, 1357, 0, 0, 34.56%, 0, 1, 11, 4872.28, 29347391, 1082, 0, 0
7513, 405, 4, 1357, 0, 0, 34.56%, 0, 1, 11, 3327.17, 29365407, 1082, 0, 0
7518, 405, 520, 1357, 0, 0, 34.56%, 0, 1, 11, 4952.07, 29389083, 1082, 0, 0
7523, 405, 959, 1357, 0, 0, 34.56%, 0, 1, 11, 5183.26, 29409435, 1082, 0, 0
7528, 406, 91, 1357, 0, 0, 34.56%, 0, 1, 11, 5310.95, 29428803, 1082, 0, 0
7533, 406, 693, 1357, 0, 0, 34.56%, 0, 1, 11, 2443.01, 29450217, 1082, 0, 0
7539, 406, 1098, 1357, 0, 0, 34.56%, 0, 1, 11, 400.50, 29470540, 1082, 0, 0
7544, 407, 138, 1357, 0, 0, 34.56%, 0, 1, 11, 5163.43, 29491766, 1082, 0, 0
7549, 407, 717, 1357, 0, 0, 34.56%, 0, 1, 11, 4664.25, 29512808, 1082, 0, 0
7554, 407, 1143, 1357, 0, 0, 34.56%, 0, 1, 11, 4814.73, 29531874, 1082, 0, 0
7559, 408, 165, 1357, 0, 0, 34.56%, 0, 1, 11, 5713.30, 29553160, 1082, 0, 0
7564, 408, 765, 1357, 0, 0, 34.56%, 0, 1, 11, 3729.33, 29573650, 1082, 0, 0
7570, 408, 1196, 1357, 0, 0, 34.56%, 0, 1, 11, 643.75, 29593275, 1082, 0, 0
7575, 409, 278, 1357, 0, 0, 34.56%, 0, 1, 11, 4586.99, 29616354, 1082, 0, 0
7580, 409, 870, 1357, 0, 0, 34.56%, 0, 1, 11, 3890.79, 29638599, 1082, 0, 0
7585, 409, 1332, 1357, 0, 0, 34.56%, 0, 1, 11, 2266.49, 29656896, 1082, 0, 0
7590, 410, 406, 1357, 0, 0, 34.56%, 0, 1, 11, 4531.47, 29678243, 1082, 0, 0
7595, 410, 927, 1357, 0, 0, 34.56%, 0, 1, 11, 4662.03, 29700883, 1082, 0, 0
7600, 411, 77, 1357, 0, 0, 34.56%, 0, 1, 11, 3992.44, 29719550, 1082, 0, 0
7605, 411, 681, 1357, 0, 0, 34.56%, 0, 1, 11, 4347.41, 29741262, 1082, 0, 0
7611, 411, 1096, 1357, 0, 0, 34.56%, 0, 1, 11, 5012.51, 29761334, 1082, 0, 0
7616, 412, 90, 1357, 0, 0, 34.56%, 0, 1, 11, 4613.53, 29781820, 1082, 0, 0
7621, 412, 576, 1357, 0, 0, 34.56%, 0, 1, 11, 5524.75, 29802056, 1082, 0, 0
7626, 412, 1032, 1357, 0, 0, 34.56%, 0, 1, 11, 4716.56, 29823955, 1082, 0, 0
7631, 413, 106, 1357, 0, 0, 34.56%, 0, 1, 11, 5107.57, 29844810, 1082, 0, 0
7636, 413, 717, 1357, 0, 0, 34.56%, 0, 1, 11, 5406.33, 29866831, 1082, 0, 0
7641, 413, 1132, 1357, 0, 0, 34.56%, 0, 1, 11, 4464.40, 29885902, 1082, 0, 0
7646, 414, 115, 1357, 0, 0, 34.56%, 0, 1, 11, 4851.63, 29904021, 1082, 0, 0
7651, 414, 698, 1357, 0, 0, 34.56%, 0, 1, 11, 4593.96, 29926247, 1082, 0, 0
7657, 414, 1070, 1357, 0, 0, 34.56%, 0, 1, 11, 4955.00, 29947078, 1082, 0, 0
7662, 415, 120, 1358, 1, 0, 34.56%, 0, 1, 11, 4648.15, 29965632, 1082, 0, 0
7667, 415, 694, 1358, 1, 0, 34.56%, 0, 1, 11, 4509.84, 29986994, 1082, 0, 0
7672, 415, 1119, 1358, 1, 0, 34.56%, 0, 1, 11, 5078.34, 30008962, 1082, 0, 0
7677, 416, 137, 1358, 1, 0, 34.56%, 0, 1, 11, 4792.64, 30028474, 1082, 0, 0
7682, 416, 710, 1358, 1, 0, 34.56%, 0, 1, 11, 4615.60, 30047101, 1082, 0, 0
7687, 416, 1132, 1358, 1, 0, 34.56%, 0, 1, 11, 4994.53, 30067903, 1082, 0, 0
7692, 417, 228, 1358, 1, 0, 34.56%, 0, 1, 11, 3170.67, 30089477, 1082, 0, 0
7697, 417, 537, 1358, 1, 0, 34.56%, 0, 1, 11, 2461.51, 30100589, 1082, 0, 0
7702, 417, 960, 1358, 1, 0, 34.56%, 0, 1, 11, 4735.34, 30120849, 1082, 0, 0
7707, 417, 1323, 1358, 1, 0, 34.56%, 0, 1, 11, 4235.14, 30137871, 1082, 0, 0
7713, 418, 145, 1358, 0, 0, 34.56%, 0, 1, 11, 405.80, 30153991, 1082, 0, 0
7718, 418, 774, 1358, 0, 0, 34.56%, 0, 1, 11, 3871.87, 30175352, 1082, 0, 0
7723, 418, 1239, 1358, 0, 0, 34.56%, 0, 1, 11, 4423.96, 30195110, 1082, 0, 0
7728, 419, 297, 1358, 0, 0, 34.56%, 0, 1, 11, 5026.26, 30217349, 1082, 0, 0
7733, 419, 783, 1358, 0, 0, 34.56%, 0, 1, 11, 4843.31, 30237269, 1082, 0, 0
7738, 419, 1218, 1358, 0, 0, 34.56%, 0, 1, 11, 2709.52, 30257216, 1082, 0, 0
7743, 420, 161, 1358, 0, 0, 34.56%, 0, 1, 11, 4759.86, 30276968, 1082, 0, 0
7748, 420, 774, 1358, 0, 0, 34.56%, 0, 1, 11, 5000.72, 30299924, 1082, 0, 0
7753, 420, 1231, 1358, 0, 0, 34.56%, 0, 1, 11, 3254.34, 30319521, 1082, 0, 0
7758, 421, 153, 1359, 1, 0, 34.56%, 0, 1, 11, 4108.56, 30338848, 1082, 0, 0
7764, 421, 725, 1359, 1, 0, 34.56%, 0, 1, 11, 4732.42, 30359739, 1082, 0, 0
7769, 421, 1213, 1359, 1, 0, 34.56%, 0, 1, 11, 4587.98, 30381014, 1082, 0, 0
7774, 422, 144, 1359, 0, 0, 34.56%, 0, 1, 11, 4663.02, 30396990, 1082, 0, 0
7779, 422, 738, 1359, 0, 0, 34.56%, 0, 1, 11, 371.43, 30416533, 1082, 0, 0
7784, 422, 1203, 1359, 0, 0, 34.56%, 0, 1, 11, 4644.52, 30437469, 1082, 0, 0
7789, 423, 370, 1359, 0, 0, 34.56%, 0, 1, 11, 5226.30, 30460332, 1082, 0, 0
7795, 423, 881, 1359, 0, 0, 34.56%, 0, 1, 11, 2391.32, 30481226, 1082, 0, 0
7800, 423, 1349, 1359, 0, 0, 34.56%, 0, 1, 11, 2459.93, 30500279, 1082, 0, 0
7805, 424, 498, 1359, 0, 0, 34.56%, 0, 1, 11, 4411.97, 30522403, 1082, 0, 0
7810, 424, 951, 1359, 0, 0, 34.56%, 0, 1, 11, 5237.80, 30543032, 1082, 0, 0
7815, 424, 1350, 1372, 13, 0, 34.56%, 0, 1, 11, 543.92, 30558148, 1082, 0, 0
7822, 424, 1370, 1372, 10, 0, 34.56%, 0, 1, 11, 3169.00, 30572944, 1082, 0, 0
7827, 425, 525, 1372, 9, 0, 34.56%, 0, 1, 11, 5144.47, 30595702, 1082, 0, 0
7832, 425, 1025, 1372, 9, 0, 34.56%, 0, 1, 11, 4594.17, 30617400, 1082, 0, 0
7838, 425, 1367, 1372, 9, 0, 34.56%, 0, 1, 11, 3737.91, 30634927, 1082, 0, 0
7843, 426, 498, 1372, 8, 0, 34.56%, 0, 1, 11, 4927.29, 30656904, 1082, 0, 0
7848, 426, 981, 1372, 8, 0, 34.56%, 0, 1, 11, 5660.00, 30677794, 1082, 0, 0
7853, 426, 1362, 1372, 8, 0, 34.56%, 0, 1, 11, 4498.23, 30694862, 1082, 0, 0
7858, 427, 170, 1372, 6, 0, 34.56%, 0, 1, 11, 4684.84, 30713394, 1082, 0, 0
7863, 427, 774, 1372, 6, 0, 34.56%, 0, 1, 11, 4600.89, 30734518, 1082, 0, 0
7868, 427, 1284, 1372, 6, 0, 34.56%, 0, 1, 11, 4176.62, 30754262, 1082, 0, 0
7874, 427, 1369, 1372, 5, 0, 34.56%, 0, 1, 11, 2329.86, 30766688, 1082, 0, 0
7879, 428, 499, 1372, 4, 0, 34.56%, 0, 1, 11, 4243.97, 30790734, 1082, 0, 0
7884, 428, 951, 1372, 4, 0, 34.56%, 0, 1, 11, 3909.10, 30812447, 1082, 0, 0
7889, 429, 65, 1372, 4, 0, 34.56%, 0, 1, 11, 4640.00, 30830306, 1082, 0, 0
7894, 429, 562, 1372, 4, 0, 34.56%, 0, 1, 11, 4768.34, 30851776, 1082, 0, 0
7899, 429, 981, 1372, 4, 0, 34.56%, 0, 1, 11, 4863.09, 30872314, 1082, 0, 0
7905, 429, 1360, 1373, 5, 0, 34.56%, 0, 1, 11, 3434.94, 30889930, 1082, 0, 0
7910, 430, 77, 1374, 3, 0, 34.56%, 0, 1, 11, 3934.65, 30906477, 1082, 0, 0
7915, 430, 553, 1374, 3, 0, 34.56%, 0, 1, 11, 367.26, 30926670, 1082, 0, 0
7920, 430, 1032, 1374, 3, 0, 34.56%, 0, 1, 11, 4939.37, 30948555, 1082, 0, 0
7926, 430, 1363, 1374, 3, 0, 34.56%, 0, 1, 11, 2002.42, 30963761, 1082, 0, 0
7932, 431, 166, 1374, 1, 0, 34.56%, 0, 1, 11, 4692.67, 30981949, 1082, 0, 0
7937, 431, 770, 1374, 1, 0, 34.56%, 0, 1, 11, 3277.66, 31004220, 1082, 0, 0
7942, 431, 1250, 1374, 1, 0, 34.56%, 0, 1, 11, 3974.07, 31024149, 1082, 0, 0
7947, 432, 175, 1374, 1, 0, 34.56%, 0, 1, 11, 4936.03, 31045516, 1082, 0, 0
7952, 432, 774, 1374, 1, 0, 34.56%, 0, 1, 11, 4043.37, 31065573, 1082, 0, 0
7957, 432, 1289, 1374, 1, 0, 34.56%, 0, 1, 11, 3868.17, 31085300, 1082, 0, 0
7963, 433, 65, 1374, 0, 0, 34.56%, 0, 1, 11, 415.51, 31102225, 1082, 0, 0
7968, 433, 590, 1374, 0, 0, 34.56%, 0, 1, 11, 5325.00, 31125444, 1082, 0, 0
7973, 433, 1070, 1374, 0, 0, 34.56%, 0, 1, 11, 4908.92, 31146236, 1082, 0, 0
7978, 434, 113, 1374, 0, 0, 34.56%, 0, 1, 11, 5891.07, 31165722, 1082, 0, 0
7983, 434, 712, 1374, 0, 0, 34.56%, 0, 1, 11, 5216.06, 31186752, 1082, 0, 0
7988, 434, 1105, 1374, 0, 0, 34.56%, 0, 1, 11, 1225.99, 31206612, 1082, 0, 0
7993, 435, 161, 1374, 0, 0, 34.56%, 0, 1, 11, 5059.29, 31228030, 1082, 0, 0
7998, 435, 758, 1374, 0, 0, 34.56%, 0, 1, 11, 937.70, 31248830, 1082, 0, 0
8003, 435, 1274, 1374, 0, 0, 34.56%, 0, 1, 11, 4690.00, 31270063, 1082, 0, 0
8009, 436, 406, 1374, 0, 0, 34.56%, 0, 1, 11, 2885.90, 31293028, 1082, 0, 0
8014, 436, 870, 1374, 0, 0, 34.56%, 0, 1, 11, 5305.52, 31315261, 1082, 0, 0
8019, 436, 1316, 1374, 0, 0, 34.56%, 0, 1, 11, 4377.32, 31334627, 1082, 0, 0
8024, 437, 390, 1374, 0, 0, 34.56%, 0, 1, 11, 5665.00, 31355777, 1082, 0, 0
8029, 437, 881, 1374, 0, 0, 34.56%, 0, 1, 11, 1571.27, 31377482, 1082, 0, 0
8034, 438, 43, 1374, 0, 0, 34.56%, 0, 1, 11, 3941.09, 31397900, 1082, 0, 0
8039, 438, 542, 1374, 0, 0, 34.56%, 0, 1, 11, 5290.29, 31420987, 1082, 0, 0
8044, 438, 982, 1374, 0, 0, 34.56%, 0, 1, 11, 618.60, 31441257, 1082, 0, 0
8049, 439, 161, 1374, 0, 0, 34.56%, 0, 1, 11, 3195.88, 31462697, 1082, 0, 0
8054, 439, 740, 1374, 0, 0, 34.56%, 0, 1, 11, 5001.07, 31483406, 1082, 0, 0
8060, 439, 1196, 1374, 0, 0, 34.56%, 0, 1, 11, 4876.78, 31503767, 1082, 0, 0
8065, 440, 106, 1374, 0, 0, 34.56%, 0, 1, 11, 990.57, 31521255, 1082, 0, 0
8070, 440, 710, 1374, 0, 0, 34.56%, 0, 1, 11, 4283.33, 31543945, 1082, 0, 0
8075, 440, 1143, 1374, 0, 0, 34.56%, 0, 1, 11, 3507.90, 31565220, 1082, 0, 0
8080, 441, 142, 1374, 0, 0, 34.56%, 0, 1, 11, 3430.46, 31584006, 1082, 0, 0
8085, 441, 710, 1374, 0, 0, 34.56%, 0, 1, 11, 5266.11, 31604536, 1082, 0, 0
8090, 441, 1092, 1374, 0, 0, 34.56%, 0, 1, 11, 5130.14, 31625767, 1082, 0, 0
8096, 442, 175, 1374, 0, 0, 34.56%, 0, 1, 11, 4755.93, 31646898, 1082, 0, 0
8101, 442, 774, 1374, 0, 0, 34.56%, 0, 1, 11, 4970.30, 31667007, 1082, 0, 0
8106, 442, 1266, 1374, 0, 0, 34.56%, 0, 1, 11, 4511.71, 31687042, 1082, 0, 0
8111, 443, 260, 1374, 0, 0, 34.56%, 0, 1, 11, 4602.28, 31708192, 1082, 0, 0
8116, 443, 879, 1374, 0, 0, 34.56%, 0, 1, 11, 5354.40, 31729880, 1082, 0, 0
8121, 444, 11, 1374, 0, 0, 34.56%, 0, 1, 11, 4710.00, 31748291, 1082, 0, 0
8126, 444, 499, 1374, 0, 0, 34.56%, 0, 1, 11, 5208.96, 31771099, 1082, 0, 0
8131, 444, 934, 1374, 0, 0, 34.56%, 0, 1, 11, 5428.99, 31791498, 1082, 0, 0
8136, 445, 63, 1374, 0, 0, 34.56%, 0, 1, 11, 2722.98, 31811210, 1082, 0, 0
8141, 445, 590, 1374, 0, 0, 34.56%, 0, 1, 11, 2565.39, 31832769, 1082, 0, 0
8147, 445, 1137, 1374, 0, 0, 34.56%, 0, 1, 11, 5098.66, 31855633, 1082, 0, 0
8152, 446, 167, 1374, 0, 0, 34.56%, 0, 1, 11, 4561.21, 31875276, 1082, 0, 0
8157, 446, 740, 1374, 0, 0, 34.56%, 0, 1, 11, 3640.53, 31894186, 1082, 0, 0
8162, 446, 1169, 1374, 0, 0, 34.56%, 0, 1, 11, 4675.82, 31913851, 1082, 0, 0
8167, 447, 154, 1374, 0, 0, 34.56%, 0, 1, 11, 5344.32, 31934449, 1082, 0, 0
8172, 447, 717, 1374, 0, 0, 34.56%, 0, 1, 11, 4940.83, 31954833, 1082, 0, 0
8178, 447, 1134, 1374, 0, 0, 34.56%, 0, 1, 11, 167.57, 31974775, 1082, 0, 0
8183, 448, 333, 1374, 0, 0, 34.56%, 0, 1, 11, 1801.17, 31996570, 1082, 0, 0
8188, 448, 870, 1374, 0, 0, 34.56%, 0, 1, 11, 4993.31, 32018378, 1082, 0, 0
8193, 448, 1277, 1374, 0, 0, 34.56%, 0, 1, 11, 4656.38, 32039231, 1082, 0, 0
8198, 449, 280, 1374, 0, 0, 34.56%, 0, 1, 11, 4448.63, 32059682, 1082, 0, 0
8203, 449, 866, 1374, 0, 0, 34.56%, 0, 1, 11, 4260.47, 32081948, 1082, 0, 0
8208, 450, 45, 1374, 0, 0, 34.56%, 0, 1, 11, 4032.89, 32102130, 1082, 0, 0
8213, 450, 520, 1374, 0, 0, 34.56%, 0, 1, 11, 4252.42, 32124245, 1082, 0, 0
8218, 450, 977, 1374, 0, 0, 34.56%, 0, 1, 11, 5351.82, 32145140, 1082, 0, 0
8224, 451, 55, 1374, 0, 0, 34.56%, 0, 1, 11, 3166.92, 32163902, 1082, 0, 0
8229, 451, 520, 1374, 0, 0, 34.56%, 0, 1, 11, 4479.99, 32185604, 1082, 0, 0
8234, 451, 951, 1374, 0, 0, 34.56%, 0, 1, 11, 4464.07, 32205104, 1082, 0, 0
8239, 452, 72, 1374, 0, 0, 34.56%, 0, 1, 11, 5833.55, 32225003, 1082, 0, 0
8244, 452, 541, 1374, 0, 0, 34.56%, 0, 1, 11, 3092.49, 32247055, 1082, 0, 0
8249, 452, 979, 1374, 0, 0, 34.56%, 0, 1, 11, 5028.98, 32269311, 1082, 0, 0
8254, 453, 42, 1374, 0, 0, 34.56%, 0, 1, 11, 691.24, 32286062, 1082, 0, 0
8259, 453, 525, 1374, 0, 0, 34.56%, 0, 1, 11, 4959.13, 32308206, 1082, 0, 0
8264, 453, 973, 1374, 0, 0, 34.56%, 0, 1, 11, 4056.38, 32330236, 1082, 0, 0
8269, 454, 50, 1375, 1, 0, 34.56%, 0, 1, 11, 529.94, 32348118, 1082, 0, 0
8275, 454, 658, 1375, 1, 0, 34.56%, 0, 1, 11, 4481.75, 32371129, 1082, 0, 0
8280, 454, 1113, 1375, 1, 0, 34.56%, 0, 1, 11, 5258.41, 32392737, 1082, 0, 0
8285, 455, 165, 1375, 1, 0, 34.56%, 0, 1, 11, 4749.20, 32411843, 1082, 0, 0
8290, 455, 770, 1375, 1, 0, 34.56%, 0, 1, 11, 5202.42, 32433896, 1082, 0, 0
8295, 455, 1256, 1375, 1, 0, 34.56%, 0, 1, 11, 4309.30, 32454076, 1082, 0, 0
8300, 456, 347, 1375, 1, 0, 34.56%, 0, 1, 11, 1037.34, 32474350, 1082, 0, 0
8306, 456, 896, 1375, 1, 0, 34.56%, 0, 1, 11, 5433.59, 32496075, 1082, 0, 0
8312, 456, 1374, 1375, 1, 0, 34.56%, 0, 1, 11, 5078.75, 32517585, 1082, 0, 0
8317, 457, 499, 1375, 0, 0, 34.56%, 0, 1, 11, 5084.94, 32539578, 1082, 0, 0
8322, 457, 946, 1375, 0, 0, 34.56%, 0, 1, 11, 4757.04, 32558805, 1082, 0, 0
8327, 458, 10, 1375, 0, 0, 34.56%, 0, 1, 11, 3297.84, 32577810, 1082, 0, 0
8332, 458, 525, 1375, 0, 0, 34.56%, 0, 1, 11, 4229.10, 32599269, 1082, 0, 0
8337, 458, 951, 1375, 0, 0, 34.56%, 0, 1, 11, 5550.58, 32618529, 1082, 0, 0
8342, 459, 81, 1375, 0, 0, 34.56%, 0, 1, 11, 4970.88, 32639941, 1082, 0, 0
8347, 459, 579, 1375, 0, 0, 34.56%, 0, 1, 11, 4984.18, 32661018, 1082, 0, 0
8352, 459, 1039, 1375, 0, 0, 34.56%, 0, 1, 11, 5218.96, 32681731, 1082, 0, 0
8357, 460, 115, 1375, 0, 0, 34.56%, 0, 1, 11, 3632.12, 32701461, 1082, 0, 0
8362, 460, 665, 1375, 0, 0, 34.56%, 0, 1, 11, 5247.41, 32721710, 1082, 0, 0
8368, 460, 1082, 1375, 0, 0, 34.56%, 0, 1, 11, 4997.67, 32741875, 1082, 0, 0
8373, 461, 145, 1375, 0, 0, 34.56%, 0, 1, 11, 5280.00, 32763032, 1082, 0, 0
8378, 461, 714, 1375, 0, 0, 34.56%, 0, 1, 11, 3800.28, 32782934, 1082, 0, 0
8383, 461, 1146, 1375, 0, 0, 34.56%, 0, 1, 11, 4566.81, 32804604, 1082, 0, 0
8388, 462, 178, 1375, 0, 0, 34.56%, 0, 1, 11, 4249.07, 32824915, 1082, 0, 0
8393, 462, 717, 1375, 0, 0, 34.56%, 0, 1, 11, 4496.76, 32845498, 1082, 0, 0
8398, 462, 1132, 1375, 0, 0, 34.56%, 0, 1, 11, 3280.00, 32865564, 1082, 0, 0
8403, 463, 176, 1375, 0, 0, 34.56%, 0, 1, 11, 3912.53, 32888120, 1082, 0, 0
8408, 463, 748, 1375, 0, 0, 34.56%, 0, 1, 11, 3456.40, 32908981, 1082, 0, 0
8413, 463, 1182, 1384, 9, 0, 34.56%, 0, 1, 11, 4080.16, 32928597, 1082, 0, 0
8419, 463, 1378, 1384, 8, 0, 34.56%, 0, 1, 11, 3806.23, 32942549, 1082, 0, 0
8424, 464, 44, 1385, 6, 0, 34.56%, 0, 1, 11, 3707.95, 32952965, 1082, 0, 0
8429, 464, 517, 1385, 6, 0, 34.56%, 0, 1, 11, 5071.71, 32973824, 1082, 0, 0
8434, 464, 975, 1385, 6, 0, 34.56%, 0, 1, 11, 4650.21, 32995517, 1082, 0, 0
8440, 464, 1376, 1385, 6, 0, 34.56%, 0, 1, 11, 1013.40, 33009189, 1082, 0, 0
8445, 465, 498, 1385, 5, 0, 34.56%, 0, 1, 11, 4626.84, 33030565, 1082, 0, 0
8450, 465, 894, 1385, 5, 0, 34.56%, 0, 1, 11, 3755.00, 33049986, 1082, 0, 0
8455, 465, 1352, 1385, 5, 0, 34.56%, 0, 1, 11, 5241.25, 33071270, 1082, 0, 0
8461, 466, 56, 1385, 3, 0, 34.56%, 0, 1, 11, 4650.23, 33084241, 1082, 0, 0
8466, 466, 613, 1385, 3, 0, 34.56%, 0, 1, 11, 3707.10, 33105981, 1082, 0, 0
8471, 466, 1074, 1385, 3, 0, 34.56%, 0, 1, 11, 473.86, 33128151, 1082, 0, 0
8476, 467, 119, 1385, 3, 0, 34.56%, 0, 1, 11, 4601.26, 33148675, 1082, 0, 0
8481, 467, 710, 1385, 3, 0, 34.56%, 0, 1, 11, 4763.72, 33169603, 1082, 0, 0
8486, 467, 1155, 1385, 3, 0, 34.56%, 0, 1, 11, 5235.11, 33191425, 1082, 0, 0
8491, 468, 139, 1385, 3, 0, 34.56%, 0, 1, 11, 3949.86, 33211382, 1082, 0, 0
8497, 468, 712, 1385, 3, 0, 34.56%, 0, 1, 11, 4152.25, 33231283, 1082, 0, 0
8502, 468, 1134, 1385, 3, 0, 34.56%, 0, 1, 11, 4288.93, 33253778, 1082, 0, 0
8507, 469, 166, 1385, 3, 0, 34.56%, 0, 1, 11, 4417.34, 33275085, 1082, 0, 0
8512, 469, 740, 1385, 3, 0, 34.56%, 0, 1, 11, 3718.04, 33295012, 1082, 0, 0
8517, 469, 1295, 1385, 3, 0, 34.56%, 0, 1, 11, 4964.11, 33316679, 1082, 0, 0
8522, 470, 55, 1385, 2, 0, 34.56%, 0, 1, 11, 4340.26, 33334378, 1082, 0, 0
8527, 470, 710, 1385, 2, 0, 34.56%, 0, 1, 11, 5541.99, 33356695, 1082, 0, 0
8532, 470, 1098, 1385, 2, 0, 34.56%, 0, 1, 11, 5277.75, 33378437, 1082, 0, 0
8539, 470, 1381, 1385, 2, 0, 34.56%, 0, 1, 11, 4349.22, 33396765, 1082, 0, 0
8544, 471, 520, 1385, 1, 0, 34.56%, 0, 1, 11, 4496.34, 33419932, 1082, 0, 0
8549, 471, 933, 1385, 1, 0, 34.56%, 0, 1, 11, 4522.58, 33441067, 1082, 0, 0
8554, 472, 48, 1385, 1, 0, 34.56%, 0, 1, 11, 4416.81, 33461700, 1082, 0, 0
8559, 472, 549, 1385, 1, 0, 34.56%, 0, 1, 11, 4606.69, 33483776, 1082, 0, 0
8564, 472, 1025, 1385, 1, 0, 34.56%, 0, 1, 11, 4658.50, 33503448, 1082, 0, 0
8569, 473, 108, 1385, 0, 0, 34.56%, 0, 1, 11, 5763.42, 33525027, 1082, 0, 0
8575, 473, 639, 1385, 0, 0, 34.56%, 0, 1, 11, 5656.27, 33547292, 1082, 0, 0
8580, 473, 1056, 1385, 0, 0, 34.56%, 0, 1, 11, 4813.82, 33569073, 1082, 0, 0
8585, 474, 120, 1386, 1, 0, 34.56%, 0, 1, 11, 4813.55, 33587938, 1082, 0, 0
8590, 474, 714, 1386, 1, 0, 34.56%, 0, 1, 11, 3247.00, 33609529, 1082, 0, 0
8595, 474, 1212, 1386, 1, 0, 34.56%, 0, 1, 11, 3129.35, 33629551, 1082, 0, 0
8600, 475, 203, 1386, 1, 0, 34.56%, 0, 1, 11, 5278.03, 33650524, 1082, 0, 0
8605, 475, 822, 1386, 1, 0, 34.56%, 0, 1, 11, 5458.22, 33672607, 1082, 0, 0
8611, 475, 1364, 1386, 1, 0, 34.56%, 0, 1, 11, 4663.62, 33693846, 1082, 0, 0
8616, 476, 473, 1386, 1, 0, 34.56%, 0, 1, 11, 5310.07, 33715645, 1082, 0, 0
8621, 476, 951, 1386, 1, 0, 34.56%, 0, 1, 11, 3637.58, 33736441, 1082, 0, 0
8628, 476, 1385, 1386, 1, 0, 34.56%, 0, 1, 11, 2401.97, 33758769, 1082, 0, 0
8633, 477, 498, 1386, 0, 0, 34.56%, 0, 1, 11, 4879.85, 33781651, 1082, 0, 0
8638, 477, 951, 1386, 0, 0, 34.56%, 0, 1, 11, 4002.51, 33804329, 1082, 0, 0
8643, 478, 86, 1387, 1, 0, 34.56%, 0, 1, 11, 2936.23, 33823370, 1082, 0, 0
8648, 478, 579, 1387, 1, 0, 34.56%, 0, 1, 11, 440.40, 33842025, 1082, 0, 0
8653, 478, 979, 1387, 1, 0, 34.56%, 0, 1, 11, 5320.85, 33862800, 1082, 0, 0
8658, 479, 2, 1388, 1, 0, 34.56%, 0, 1, 11, 3785.33, 33877725, 1082, 0, 0
8663, 479, 501, 1388, 1, 0, 34.56%, 0, 1, 11, 4516.74, 33900746, 1082, 0, 0
8668, 479, 948, 1388, 1, 0, 34.56%, 0, 1, 11, 3906.99, 33921607, 1082, 0, 0
8673, 480, 47, 1388, 1, 0, 34.56%, 0, 1, 11, 5516.31, 33940119, 1082, 0, 0
8678, 480, 565, 1388, 1, 0, 34.56%, 0, 1, 11, 5044.77, 33962147, 1082, 0, 0
8683, 480, 982, 1388, 1, 0, 34.56%, 0, 1, 11, 4973.41, 33983532, 1082, 0, 0
8689, 480, 1387, 1388, 1, 0, 34.56%, 0, 1, 11, 4015.80, 33997759, 1082, 0, 0
8694, 481, 483, 1388, 0, 0, 34.56%, 0, 1, 11, 525.97, 34019755, 1082, 0, 0
8700, 481, 917, 1388, 0, 0, 34.56%, 0, 1, 11, 5324.97, 34040782, 1082, 0, 0
8705, 482, 39, 1388, 0, 0, 34.56%, 0, 1, 11, 387.22, 34060160, 1082, 0, 0
8710, 482, 530, 1388, 0, 0, 34.56%, 0, 1, 11, 5865.67, 34082016, 1082, 0, 0
8715, 482, 951, 1388, 0, 0, 34.56%, 0, 1, 11, 4973.73, 34102340, 1082, 0, 0
8720, 483, 32, 1388, 0, 0, 34.56%, 0, 1, 11, 3254.22, 34119078, 1082, 0, 0
8725, 483, 442, 1388, 0, 0, 34.56%, 0, 1, 11, 4994.24, 34139213, 1082, 0, 0
8730, 483, 945, 1388, 0, 0, 34.56%, 0, 1, 11, 5407.85, 34160751, 1082, 0, 0
8735, 484, 42, 1388, 0, 0, 34.56%, 0, 1, 11, 4632.92, 34180209, 1082, 0, 0
8740, 484, 529, 1388, 0, 0, 34.56%, 0, 1, 11, 4056.19, 34202401, 1082, 0, 0
8745, 484, 981, 1388, 0, 0, 34.56%, 0, 1, 11, 5230.12, 34223506, 1082, 0, 0
8750, 485, 8, 1388, 0, 0, 34.56%, 0, 1, 11, 3310.03, 34242154, 1082, 0, 0
8755, 485, 485, 1388, 0, 0, 34.56%, 0, 1, 11, 199.03, 34263982, 1082, 0, 0
8760, 485, 947, 1388, 0, 0, 34.56%, 0, 1, 11, 4537.58, 34284465, 1082, 0, 0
8766, 485, 1363, 1388, 0, 0, 34.56%, 0, 1, 11, 5169.75, 34303785, 1082, 0, 0
8771, 486, 463, 1388, 0, 0, 34.56%, 0, 1, 11, 3025.37, 34326106, 1082, 0, 0
8776, 486, 961, 1388, 0, 0, 34.56%, 0, 1, 11, 5524.25, 34349011, 1082, 0, 0
8781, 487, 15, 1388, 0, 0, 34.56%, 0, 1, 11, 3980.10, 34365450, 1082, 0, 0
8786, 487, 525, 1388, 0, 0, 34.56%, 0, 1, 11, 5615.69, 34388494, 1082, 0, 0
8791, 487, 1016, 1388, 0, 0, 34.56%, 0, 1, 11, 4915.10, 34410400, 1082, 0, 0
8796, 488, 144, 1388, 0, 0, 34.56%, 0, 1, 11, 3905.59, 34431590, 1082, 0, 0
8801, 488, 727, 1388, 0, 0, 34.56%, 0, 1, 11, 4919.45, 34451074, 1082, 0, 0
8806, 488, 1173, 1388, 0, 0, 34.56%, 0, 1, 11, 1476.67, 34472152, 1082, 0, 0
8811, 489, 165, 1388, 0, 0, 34.56%, 0, 1, 11, 5594.93, 34492690, 1082, 0, 0
8816, 489, 758, 1388, 0, 0, 34.56%, 0, 1, 11, 670.35, 34511455, 1082, 0, 0
8821, 489, 1207, 1388, 0, 0, 34.56%, 0, 1, 11, 3138.80, 34531791, 1082, 0, 0
8826, 490, 213, 1388, 0, 0, 34.56%, 0, 1, 11, 5503.36, 34552841, 1082, 0, 0
8831, 490, 774, 1388, 0, 0, 34.56%, 0, 1, 11, 4195.13, 34573430, 1082, 0, 0
8837, 490, 1287, 1388, 0, 0, 34.56%, 0, 1, 11, 216.44, 34592594, 1082, 0, 0
8842, 491, 399, 1388, 0, 0, 34.56%, 0, 1, 11, 5818.06, 34615045, 1082, 0, 0
8847, 491, 918, 1388, 0, 0, 34.56%, 0, 1, 11, 5084.16, 34636124, 1082, 0, 0
8852, 492, 45, 1388, 0, 0, 34.56%, 0, 1, 11, 4873.01, 34655094, 1082, 0, 0
8857, 492, 579, 1388, 0, 0, 34.56%, 0, 1, 11, 4768.78, 34677576, 1082, 0, 0
8862, 492, 1039, 1388, 0, 0, 34.56%, 0, 1, 11, 5289.22, 34698541, 1082, 0, 0
8867, 493, 223, 1388, 0, 0, 34.56%, 0, 1, 11, 4802.97, 34721194, 1082, 0, 0
8873, 493, 771, 1388, 0, 0, 34.56%, 0, 1, 11, 480.00, 34741022, 1082, 0, 0
8878, 493, 1295, 1388, 0, 0, 34.56%, 0, 1, 11, 4104.75, 34761503, 1082, 0, 0
8883, 494, 460, 1388, 0, 0, 34.56%, 0, 1, 11, 5112.82, 34783552, 1082, 0, 0
8888, 494, 867, 1388, 0, 0, 34.56%, 0, 1, 11, 5580.00, 34802565, 1082, 0, 0
8893, 494, 1361, 1388, 0, 0, 34.56%, 0, 1, 11, 4544.75, 34823124, 1082, 0, 0
8898, 495, 461, 1388, 0, 0, 34.56%, 0, 1, 11, 4450.96, 34845671, 1082, 0, 0
8903, 495, 925, 1388, 0, 0, 34.56%, 0, 1, 11, 4510.70, 34865518, 1082, 0, 0
8908, 496, 108, 1388, 0, 0, 34.56%, 0, 1, 11, 5667.66, 34886374, 1082, 0, 0
8914, 496, 664, 1388, 0, 0, 34.56%, 0, 1, 11, 3391.94, 34907152, 1082, 0, 0
8919, 496, 1057, 1388, 0, 0, 34.56%, 0, 1, 11, 4789.18, 34928555, 1082, 0, 0
8925, 496, 1388, 1389, 1, 0, 34.56%, 0, 1, 11, 2255.72, 34943987, 1082, 0, 0
8930, 497, 470, 1389, 0, 0, 34.56%, 0, 1, 11, 4930.36, 34967293, 1082, 0, 0
8935, 497, 958, 1389, 0, 0, 34.56%, 0, 1, 11, 4736.26, 34988562, 1082, 0, 0
8940, 498, 21, 1389, 0, 0, 34.56%, 0, 1, 11, 4185.80, 35007201, 1082, 0, 0
8945, 498, 520, 1389, 0, 0, 34.56%, 0, 1, 11, 2913.52, 35029446, 1082, 0, 0
8950, 498, 1054, 1389, 0, 0, 34.56%, 0, 1, 11, 5091.05, 35051290, 1082, 0, 0
8956, 499, 120, 1389, 0, 0, 34.56%, 0, 1, 11, 3744.58, 35070465, 1082, 0, 0
8961, 499, 641, 1389, 0, 0, 34.56%, 0, 1, 11, 4509.90, 35090046, 1082, 0, 0
8966, 499, 1032, 1389, 0, 0, 34.56%, 0, 1, 11, 5030.79, 35111592, 1082, 0, 0
8971, 500, 75, 1389, 0, 0, 34.56%, 0, 1, 11, 5820.00, 35129945, 1082, 0, 0
8976, 500, 615, 1389, 0, 0, 34.56%, 0, 1, 11, 4462.39, 35151135, 1082, 0, 0
8981, 500, 1045, 1389, 0, 0, 34.56%, 0, 1, 11, 5016.45, 35171823, 1082, 0, 0
8986, 500, 1388, 1390, 1, 0, 34.56%, 0, 1, 11, 3077.54, 35186514, 1082, 0, 0
8991, 501, 520, 1390, 1, 0, 34.56%, 0, 1, 11, 5359.75, 35209293, 1082, 0, 0
8996, 501, 1017, 1390, 1, 0, 34.56%, 0, 1, 11, 5118.11, 35230710, 1082, 0, 0
9001, 502, 29, 1390, 1, 0, 34.56%, 0, 1, 11, 6100.00, 35247696, 1082, 0, 0
9007, 502, 576, 1390, 1, 0, 34.56%, 0, 1, 11, 5402.74, 35271372, 1082, 0, 0
9012, 502, 1029, 1390, 1, 0, 34.56%, 0, 1, 11, 4504.13, 35293021, 1082, 0, 0
9017, 503, 91, 1395, 4, 0, 34.56%, 0, 1, 11, 4326.47, 35309603, 1082, 0, 0
9022, 503, 632, 1395, 4, 0, 34.56%, 0, 1, 11, 4336.07, 35331468, 1082, 0, 0
9028, 503, 1039, 1395, 4, 0, 34.56%, 0, 1, 11, 945.38, 35351725, 1082, 0, 0
9033, 504, 91, 1396, 5, 0, 34.56%, 0, 1, 11, 3082.80, 35371039, 1082, 0, 0
9038, 504, 740, 1396, 5, 0, 34.56%, 0, 1, 11, 5026.83, 35393800, 1082, 0, 0
9043, 504, 1243, 1396, 5, 0, 34.56%, 0, 1, 11, 4609.94, 35413963, 1082, 0, 0
9048, 505, 178, 1396, 5, 0, 34.56%, 0, 1, 11, 5358.00, 35434448, 1082, 0, 0
9053, 505, 879, 1396, 5, 0, 34.56%, 0, 1, 11, 4702.04, 35455590, 1082, 0, 0
9058, 506, 10, 1396, 5, 0, 34.56%, 0, 1, 11, 3466.59, 35476465, 1082, 0, 0
9064, 506, 617, 1396, 5, 0, 34.56%, 0, 1, 11, 5454.86, 35499587, 1082, 0, 0
9069, 506, 982, 1396, 5, 0, 34.56%, 0, 1, 11, 88.50, 35518494, 1082, 0, 0
9074, 507, 77, 1396, 5, 0, 34.56%, 0, 1, 11, 4301.10, 35538678, 1082, 0, 0
9079, 507, 666, 1396, 5, 0, 34.56%, 0, 1, 11, 4616.79, 35560610, 1082, 0, 0
9084, 507, 1069, 1396, 5, 0, 34.56%, 0, 1, 11, 902.67, 35581456, 1082, 0, 0
9089, 507, 1383, 1396, 5, 0, 34.56%, 0, 1, 11, 1193.24, 35596475, 1082, 0, 0
9094, 508, 512, 1396, 5, 0, 34.56%, 0, 1, 11, 5473.81, 35619729, 1082, 0, 0
9100, 508, 948, 1396, 5, 0, 34.56%, 0, 1, 11, 3810.00, 35639872, 1082, 0, 0
9106, 508, 1390, 1396, 5, 0, 34.56%, 0, 1, 11, 853.97, 35656829, 1082, 0, 0
9111, 509, 520, 1396, 4, 0, 34.56%, 0, 1, 11, 5480.89, 35680738, 1082, 0, 0
9116, 509, 973, 1396, 4, 0, 34.56%, 0, 1, 11, 5321.53, 35703037, 1082, 0, 0
9121, 509, 1392, 1396, 4, 0, 34.56%, 0, 1, 11, 3774.42, 35718535, 1082, 0, 0
9127, 510, 167, 1396, 2, 0, 34.56%, 0, 1, 11, 5632.40, 35734343, 1082, 0, 0
9132, 510, 846, 1396, 2, 0, 34.56%, 0, 1, 11, 4336.06, 35756730, 1082, 0, 0
9137, 510, 1292, 1396, 2, 0, 34.56%, 0, 1, 11, 334.53, 35775091, 1082, 0, 0
9142, 511, 106, 1396, 1, 0, 34.56%, 0, 1, 11, 5991.98, 35789781, 1082, 0, 0
9147, 511, 723, 1396, 1, 0, 34.56%, 0, 1, 11, 5016.69, 35811675, 1082, 0, 0
9152, 511, 1132, 1396, 1, 0, 34.56%, 0, 1, 11, 210.76, 35831563, 1082, 0, 0
9157, 512, 39, 1396, 0, 0, 34.56%, 0, 1, 11, 4404.34, 35847745, 1082, 0, 0
9163, 512, 525, 1396, 0, 0, 34.56%, 0, 1, 11, 2903.21, 35869238, 1082, 0, 0
9168, 512, 1016, 1396, 0, 0, 34.56%, 0, 1, 11, 5059.89, 35891244, 1082, 0, 0
9173, 513, 106, 1396, 0, 0, 34.56%, 0, 1, 11, 4493.47, 35911892, 1082, 0, 0
9178, 513, 699, 1396, 0, 0, 34.56%, 0, 1, 11, 4290.41, 35933346, 1082, 0, 0
9183, 513, 1087, 1396, 0, 0, 34.56%, 0, 1, 11, 5575.18, 35953431, 1082, 0, 0
9188, 514, 228, 1396, 0, 0, 34.56%, 0, 1, 11, 5438.22, 35976104, 1082, 0, 0
9194, 514, 768, 1396, 0, 0, 34.56%, 0, 1, 11, 4855.62, 35995539, 1082, 0, 0
9199, 514, 1240, 1396, 0, 0, 34.56%, 0, 1, 11, 3578.99, 36015808, 1082, 0, 0
9204, 515, 128, 1396, 0, 0, 34.56%, 0, 1, 11, 5897.07, 36035974, 1082, 0, 0
9209, 515, 765, 1396, 0, 0, 34.56%, 0, 1, 11, 5089.70, 36058041, 1082, 0, 0
9214, 515, 1259, 1396, 0, 0, 34.56%, 0, 1, 11, 4786.45, 36077577, 1082, 0, 0
9219, 516, 170, 1396, 0, 0, 34.56%, 0, 1, 11, 4027.20, 36098058, 1082, 0, 0
9224, 516, 774, 1396, 0, 0, 34.56%, 0, 1, 11, 5537.31, 36118069, 1082, 0, 0
9229, 516, 1303, 1396, 0, 0, 34.56%, 0, 1, 11, 4502.50, 36138692, 1082, 0, 0
9235, 517, 498, 1396, 0, 0, 34.56%, 0, 1, 11, 853.66, 36161167, 1082, 0, 0
9240, 517, 941, 1396, 0, 0, 34.56%, 0, 1, 11, 4541.37, 36183465, 1082, 0, 0
9245, 518, 43, 1396, 0, 0, 34.56%, 0, 1, 11, 4370.82, 36202386, 1082, 0, 0
9250, 518, 525, 1396, 0, 0, 34.56%, 0, 1, 11, 4884.99, 36223420, 1082, 0, 0
9255, 518, 1017, 1396, 0, 0, 34.56%, 0, 1, 11, 4643.62, 36245231, 1082, 0, 0
9260, 519, 48, 1396, 0, 0, 34.56%, 0, 1, 11, 495.07, 36263636, 1082, 0, 0
9265, 519, 525, 1396, 0, 0, 34.56%, 0, 1, 11, 2867.72, 36284877, 1082, 0, 0
9271, 519, 981, 1396, 0, 0, 34.56%, 0, 1, 11, 5088.19, 36307074, 1082, 0, 0
9276, 520, 53, 1396, 0, 0, 34.56%, 0, 1, 11, 735.00, 36324854, 1082, 0, 0
9281, 520, 607, 1396, 0, 0, 34.56%, 0, 1, 11, 2937.69, 36347780, 1082, 0, 0
9286, 520, 1025, 1396, 0, 0, 34.56%, 0, 1, 11, 4540.89, 36367935, 1082, 0, 0
9291, 521, 137, 1396, 0, 0, 34.56%, 0, 1, 11, 3769.54, 36388030, 1082, 0, 0
9296, 521, 697, 1396, 0, 0, 34.56%, 0, 1, 11, 4687.74, 36408276, 1082, 0, 0
9302, 521, 1119, 1396, 0, 0, 34.56%, 0, 1, 11, 5101.63, 36430943, 1082, 0, 0
9307, 522, 75, 1396, 0, 0, 34.56%, 0, 1, 11, 2454.55, 36447627, 1082, 0, 0
9312, 522, 608, 1396, 0, 0, 34.56%, 0, 1, 11, 3889.77, 36468200, 1082, 0, 0
9317, 522, 1082, 1396, 0, 0, 34.56%, 0, 1, 11, 4520.60, 36489719, 1082, 0, 0
9322, 523, 139, 1396, 0, 0, 34.56%, 0, 1, 11, 5712.82, 36509356, 1082, 0, 0
9327, 523, 750, 1396, 0, 0, 34.56%, 0, 1, 11, 4430.83, 36529386, 1082, 0, 0
9332, 523, 1207, 1396, 0, 0, 34.56%, 0, 1, 11, 3683.65, 36549508, 1082, 0, 0
9337, 524, 167, 1396, 0, 0, 34.56%, 0, 1, 11, 3785.91, 36570618, 1082, 0, 0
9342, 524, 833, 1396, 0, 0, 34.56%, 0, 1, 11, 5041.49, 36591650, 1082, 0, 0
9347, 524, 1289, 1396, 0, 0, 34.56%, 0, 1, 11, 4260.19, 36610280, 1082, 0, 0
9352, 525, 328, 1396, 0, 0, 34.56%, 0, 1, 11, 4493.33, 36630813, 1082, 0, 0
9357, 525, 770, 1396, 0, 0, 34.56%, 0, 1, 11, 4943.97, 36649684, 1082, 0, 0
9363, 525, 1196, 1396, 0, 0, 34.56%, 0, 1, 11, 267.28, 36668572, 1082, 0, 0
9368, 526, 120, 1396, 0, 0, 34.56%, 0, 1, 11, 5830.55, 36688576, 1082, 0, 0
9373, 526, 706, 1396, 0, 0, 34.56%, 0, 1, 11, 4881.93, 36710380, 1082, 0, 0
9378, 526, 1027, 1396, 0, 0, 34.56%, 0, 1, 11, 3495.00, 36730007, 1082, 0, 0
9383, 527, 90, 1396, 0, 0, 34.56%, 0, 1, 11, 3647.96, 36750138, 1082, 0, 0
9388, 527, 590, 1396, 0, 0, 34.56%, 0, 1, 11, 475.88, 36770112, 1082, 0, 0
9393, 527, 948, 1396, 0, 0, 34.56%, 0, 1, 11, 5418.75, 36789553, 1082, 0, 0
9399, 528, 75, 1396, 0, 0, 34.56%, 0, 1, 11, 4318.43, 36808640, 1082, 0, 0
9404, 528, 590, 1396, 0, 0, 34.56%, 0, 1, 11, 3179.02, 36831605, 1082, 0, 0
9409, 528, 955, 1396, 0, 0, 34.56%, 0, 1, 11, 5343.19, 36849895, 1082, 0, 0
9414, 529, 3, 1396, 0, 0, 34.56%, 0, 1, 11, 1476.32, 36867579, 1082, 0, 0
9419, 529, 490, 1396, 0, 0, 34.56%, 0, 1, 11, 285.25, 36888644, 1082, 0, 0
9424, 529, 951, 1396, 0, 0, 34.56%, 0, 1, 11, 5338.31, 36911505, 1082, 0, 0
9429, 530, 93, 1396, 0, 0, 34.56%, 0, 1, 11, 2917.09, 36932903, 1082, 0, 0
9434, 530, 608, 1396, 0, 0, 34.56%, 0, 1, 11, 5576.89, 36954770, 1082, 0, 0
9440, 530, 1012, 1396, 0, 0, 34.56%, 0, 1, 11, 3861.56, 36973984, 1082, 0, 0
9445, 531, 43, 1397, 0, 0, 34.56%, 0, 1, 11, 2794.35, 36992985, 1082, 0, 0
9450, 531, 545, 1397, 0, 0, 34.56%, 0, 1, 11, 5087.56, 37016016, 1082, 0, 0
9455, 531, 1023, 1397, 0, 0, 34.56%, 0, 1, 11, 4837.03, 37037808, 1082, 0, 0
9460, 532, 74, 1397, 0, 0, 34.56%, 0, 1, 11, 4335.63, 37056177, 1082, 0, 0
9465, 532, 590, 1397, 0, 0, 34.56%, 0, 1, 11, 3478.57, 37077221, 1082, 0, 0
9470, 532, 1069, 1397, 0, 0, 34.56%, 0, 1, 11, 4889.54, 37098267, 1082, 0, 0
9475, 533, 63, 1397, 0, 0, 34.56%, 0, 1, 11, 4419.74, 37117147, 1082, 0, 0
9480, 533, 542, 1397, 0, 0, 34.56%, 0, 1, 11, 5081.77, 37138484, 1082, 0, 0
9485, 533, 983, 1397, 0, 0, 34.56%, 0, 1, 11, 5182.53, 37159306, 1082, 0, 0
9490, 534, 75, 1397, 0, 0, 34.56%, 0, 1, 11, 4667.16, 37178651, 1082, 0, 0
9496, 534, 661, 1397, 0, 0, 34.56%, 0, 1, 11, 691.33, 37198929, 1082, 0, 0
9501, 534, 1132, 1397, 0, 0, 34.56%, 0, 1, 11, 4540.00, 37221386, 1082, 0, 0
9506, 535, 98, 1397, 0, 0, 34.56%, 0, 1, 11, 5779.54, 37240628, 1082, 0, 0
9511, 535, 714, 1397, 0, 0, 34.56%, 0, 1, 11, 5199.11, 37263085, 1082, 0, 0
9516, 535, 1130, 1397, 0, 0, 34.56%, 0, 1, 11, 4078.40, 37283766, 1082, 0, 0
9521, 536, 115, 1397, 0, 0, 34.56%, 0, 1, 11, 4258.04, 37301919, 1082, 0, 0
9526, 536, 712, 1397, 0, 0, 34.56%, 0, 1, 11, 5235.96, 37323722, 1082, 0, 0
9531, 536, 1191, 1397, 0, 0, 34.56%, 0, 1, 11, 5495.67, 37345799, 1082, 0, 0
9536, 537, 112, 1397, 0, 0, 34.56%, 0, 1, 11, 4453.23, 37364800, 1082, 0, 0
9542, 537, 644, 1397, 0, 0, 34.56%, 0, 1, 11, 3394.65, 37387161, 1082, 0, 0
9547, 537, 1058, 1397, 0, 0, 34.56%, 0, 1, 11, 453.39, 37407301, 1082, 0, 0
9552, 538, 216, 1397, 0, 0, 34.56%, 0, 1, 11, 4616.56, 37428991, 1082, 0, 0
9557, 538, 758, 1397, 0, 0, 34.56%, 0, 1, 11, 4349.98, 37449974, 1082, 0, 0
9562, 538, 1289, 1397, 0, 0, 34.56%, 0, 1, 11, 4557.67, 37471123, 1082, 0, 0
9567, 539, 176, 1397, 0, 0, 34.56%, 0, 1, 11, 5686.32, 37492666, 1082, 0, 0
9572, 539, 770, 1397, 0, 0, 34.56%, 0, 1, 11, 4019.50, 37511998, 1082, 0, 0
9577, 539, 1303, 1397, 0, 0, 34.56%, 0, 1, 11, 3218.66, 37532635, 1082, 0, 0
9582, 540, 295, 1397, 0, 0, 34.56%, 0, 1, 11, 4385.67, 37555419, 1082, 0, 0
9587, 540, 774, 1397, 0, 0, 34.56%, 0, 1, 11, 3370.41, 37575416, 1082, 0, 0
9593, 540, 1252, 1397, 0, 0, 34.56%, 0, 1, 11, 295.08, 37595322, 1082, 0, 0
9598, 541, 228, 1397, 0, 0, 34.56%, 0, 1, 11, 5050.48, 37617124, 1082, 0, 0
9603, 541, 870, 1397, 0, 0, 34.56%, 0, 1, 11, 4742.60, 37638385, 1082, 0, 0
9608, 542, 10, 1397, 0, 0, 34.56%, 0, 1, 11, 3623.05, 37659870, 1082, 0, 0
9613, 542, 498, 1397, 0, 0, 34.56%, 0, 1, 11, 2560.20, 37679874, 1082, 0, 0
9618, 542, 948, 1403, 6, 0, 34.56%, 0, 1, 11, 5172.09, 37701570, 1082, 0, 0
9624, 542, 1397, 1403, 6, 0, 34.56%, 0, 1, 11, 4063.05, 37718953, 1082, 0, 0
9629, 543, 406, 1403, 4, 0, 34.56%, 0, 1, 11, 4206.57, 37741083, 1082, 0, 0
9634, 543, 893, 1403, 4, 0, 34.56%, 0, 1, 11, 3961.14, 37761477, 1082, 0, 0
9640, 543, 1391, 1403, 4, 0, 34.56%, 0, 1, 11, 4282.78, 37780608, 1082, 0, 0
9645, 544, 154, 1403, 3, 0, 34.56%, 0, 1, 11, 377.05, 37797170, 1082, 0, 0
9650, 544, 774, 1403, 3, 0, 34.56%, 0, 1, 11, 4884.40, 37819848, 1082, 0, 0
9655, 544, 1226, 1403, 3, 0, 34.56%, 0, 1, 11, 4775.46, 37840682, 1082, 0, 0
9660, 545, 175, 1403, 3, 0, 34.56%, 0, 1, 11, 4968.88, 37861194, 1082, 0, 0
9665, 545, 824, 1403, 3, 0, 34.56%, 0, 1, 11, 4053.07, 37883007, 1082, 0, 0
9671, 545, 1391, 1403, 3, 0, 34.56%, 0, 1, 11, 4555.18, 37903346, 1082, 0, 0
9676, 546, 240, 1403, 3, 0, 34.56%, 0, 1, 11, 5039.20, 37921485, 1082, 0, 0
9681, 546, 848, 1403, 3, 0, 34.56%, 0, 1, 11, 4116.10, 37943483, 1082, 0, 0
9686, 546, 1322, 1403, 3, 0, 34.56%, 0, 1, 11, 4131.85, 37962601, 1082, 0, 0
9691, 547, 139, 1403, 2, 0, 34.56%, 0, 1, 11, 3953.42, 37981474, 1082, 0, 0
9696, 547, 710, 1403, 2, 0, 34.56%, 0, 1, 11, 604.40, 38001772, 1082, 0, 0
9701, 547, 1119, 1403, 2, 0, 34.56%, 0, 1, 11, 5372.69, 38022193, 1082, 0, 0
9706, 548, 117, 1403, 2, 0, 34.56%, 0, 1, 11, 5854.36, 38042123, 1082, 0, 0
9711, 548, 714, 1403, 2, 0, 34.56%, 0, 1, 11, 4425.96, 38062848, 1082, 0, 0
9717, 548, 1351, 1403, 2, 0, 34.56%, 0, 1, 11, 3834.83, 38084616, 1082, 0, 0
9722, 549, 384, 1403, 2, 0, 34.56%, 0, 1, 11, 5785.00, 38105481, 1082, 0, 0
9727, 549, 945, 1403, 2, 0, 34.56%, 0, 1, 11, 5185.44, 38127993, 1082, 0, 0
9732, 550, 6, 1403, 2, 0, 34.56%, 0, 1, 11, 2465.79, 38146012, 1082, 0, 0
9737, 550, 577, 1403, 2, 0, 34.56%, 0, 1, 11, 5190.01, 38168765, 1082, 0, 0
9742, 550, 1025, 1403, 2, 0, 34.56%, 0, 1, 11, 4732.69, 38190214, 1082, 0, 0
9749, 550, 1399, 1403, 2, 0, 34.56%, 0, 1, 11, 2729.64, 38210770, 1082, 0, 0
9754, 551, 145, 1403, 0, 0, 34.56%, 0, 1, 11, 2565.00, 38227738, 1082, 0, 0
9759, 551, 765, 1403, 0, 0, 34.56%, 0, 1, 11, 4578.30, 38247853, 1082, 0, 0
9764, 551, 1207, 1403, 0, 0, 34.56%, 0, 1, 11, 4836.86, 38268682, 1082, 0, 0
9769, 552, 211, 1403, 0, 0, 34.56%, 0, 1, 11, 5787.84, 38290066, 1082, 0, 0
9775, 552, 881, 1403, 0, 0, 34.56%, 0, 1, 11, 447.43, 38312174, 1082, 0, 0
9780, 553, 31, 1403, 0, 0, 34.56%, 0, 1, 11, 5445.46, 38332849, 1082, 0, 0
9785, 553, 576, 1403, 0, 0, 34.56%, 0, 1, 11, 3730.75, 38355725, 1082, 0, 0
9790, 553, 1045, 1403, 0, 0, 34.56%, 0, 1, 11, 5452.76, 38377232, 1082, 0, 0
9795, 554, 53, 1403, 0, 0, 34.56%, 0, 1, 11, 3838.43, 38395752, 1082, 0, 0
9800, 554, 548, 1403, 0, 0, 34.56%, 0, 1, 11, 4568.08, 38415926, 1082, 0, 0
9805, 554, 1027, 1403, 0, 0, 34.56%, 0, 1, 11, 3773.97, 38437507, 1082, 0, 0
9810, 555, 98, 1403, 0, 0, 34.56%, 0, 1, 11, 4550.00, 38456781, 1082, 0, 0
9816, 555, 660, 1403, 0, 0, 34.56%, 0, 1, 11, 5159.61, 38478702, 1082, 0, 0
9821, 555, 1089, 1403, 0, 0, 34.56%, 0, 1, 11, 4449.87, 38499353, 1082, 0, 0
9826, 556, 90, 1403, 0, 0, 34.56%, 0, 1, 11, 4313.10, 38517711, 1082, 0, 0
9831, 556, 670, 1403, 0, 0, 34.56%, 0, 1, 11, 4801.24, 38539382, 1082, 0, 0
9836, 556, 1025, 1403, 0, 0, 34.56%, 0, 1, 11, 5133.02, 38560268, 1082, 0, 0
9841, 557, 53, 1403, 0, 0, 34.56%, 0, 1, 11, 4641.77, 38580268, 1082, 0, 0
9846, 557, 577, 1403, 0, 0, 34.56%, 0, 1, 11, 5251.62, 38602112, 1082, 0, 0
9852, 557, 1032, 1403, 0, 0, 34.56%, 0, 1, 11, 4627.03, 38623557, 1082, 0, 0
9857, 558, 73, 1403, 0, 0, 34.56%, 0, 1, 11, 406.73, 38640989, 1082, 0, 0
9862, 558, 590, 1403, 0, 0, 34.56%, 0, 1, 11, 5117.55, 38663242, 1082, 0, 0
9867, 558, 1025, 1403, 0, 0, 34.56%, 0, 1, 11, 3743.66, 38684921, 1082, 0, 0
9872, 559, 115, 1403, 0, 0, 34.56%, 0, 1, 11, 5483.61, 38706242, 1082, 0, 0
9877, 559, 706, 1403, 0, 0, 34.56%, 0, 1, 11, 4764.09, 38726954, 1082, 0, 0
9882, 559, 1092, 1403, 0, 0, 34.56%, 0, 1, 11, 2890.00, 38747589, 1082, 0, 0
9887, 560, 128, 1403, 0, 0, 34.56%, 0, 1, 11, 4684.30, 38768210, 1082, 0, 0
9892, 560, 765, 1403, 0, 0, 34.56%, 0, 1, 11, 1974.71, 38790190, 1082, 0, 0
9897, 560, 1295, 1403, 0, 0, 34.56%, 0, 1, 11, 5217.10, 38811750, 1082, 0, 0
9902, 561, 317, 1403, 0, 0, 34.56%, 0, 1, 11, 5636.18, 38833195, 1082, 0, 0
9908, 561, 801, 1403, 0, 0, 34.56%, 0, 1, 11, 2670.55, 38854184, 1082, 0, 0
9913, 561, 1237, 1403, 0, 0, 34.56%, 0, 1, 11, 1145.00, 38874628, 1082, 0, 0
9918, 562, 183, 1403, 0, 0, 34.56%, 0, 1, 11, 3686.18, 38894388, 1082, 0, 0
9923, 562, 723, 1403, 0, 0, 34.56%, 0, 1, 11, 3740.17, 38915496, 1082, 0, 0
9928, 562, 1292, 1403, 0, 0, 34.56%, 0, 1, 11, 4704.27, 38936363, 1082, 0, 0
9933, 563, 264, 1404, 1, 0, 34.56%, 0, 1, 11, 3762.56, 38957770, 1082, 0, 0
9938, 563, 848, 1404, 1, 0, 34.56%, 0, 1, 11, 4564.39, 38978282, 1082, 0, 0
9943, 564, 4, 1404, 1, 0, 34.56%, 0, 1, 11, 5960.00, 38998242, 1082, 0, 0
9948, 564, 486, 1404, 1, 0, 34.56%, 0, 1, 11, 5510.41, 39020945, 1082, 0, 0
9953, 564, 921, 1404, 1, 0, 34.56%, 0, 1, 11, 5422.22, 39041842, 1082, 0, 0
9959, 564, 1380, 1404, 1, 0, 34.56%, 0, 1, 11, 3704.88, 39059963, 1082, 0, 0
9964, 565, 142, 1404, 0, 0, 34.56%, 0, 1, 11, 388.89, 39078273, 1082, 0, 0
9969, 565, 723, 1404, 0, 0, 34.56%, 0, 1, 11, 4124.14, 39099855, 1082, 0, 0
9974, 565, 1207, 1404, 0, 0, 34.56%, 0, 1, 11, 4321.96, 39121695, 1082, 0, 0
9979, 566, 166, 1404, 0, 0, 34.56%, 0, 1, 11, 4266.17, 39141438, 1082, 0, 0
9984, 566, 731, 1404, 0, 0, 34.56%, 0, 1, 11, 3941.11, 39162194, 1082, 0, 0
9990, 566, 1213, 1404, 0, 0, 34.56%, 0, 1, 11, 4329.09, 39182503, 1082, 0, 0
9995, 567, 195, 1404, 0, 0, 34.56%, 0, 1, 11, 407.58, 39203075, 1082, 0, 0
10000, 567, 774, 1404, 0, 0, 34.56%, 0, 1, 11, 3820.00, 39224239, 1082, 0, 0
10005, 567, 1340, 1404, 0, 0, 34.56%, 0, 1, 11, 4673.09, 39245334, 1082, 0, 0
10010, 568, 410, 1404, 0, 0, 34.56%, 0, 1, 11, 4606.99, 39267993, 1082, 0, 0
10015, 568, 869, 1404, 0, 0, 34.56%, 0, 1, 11, 4508.05, 39288399, 1082, 0, 0
10020, 568, 1363, 1404, 0, 0, 34.56%, 0, 1, 11, 3786.62, 39308001, 1082, 0, 0
10026, 569, 228, 1404, 0, 0, 34.56%, 0, 1, 11, 4174.92, 39327878, 1082, 0, 0
10031, 569, 737, 1404, 0, 0, 34.56%, 0, 1, 11, 4735.51, 39347569, 1082, 0, 0
10036, 569, 1162, 1404, 0, 0, 34.56%, 0, 1, 11, 4676.40, 39368089, 1082, 0, 0
10041, 570, 183, 1404, 0, 0, 34.56%, 0, 1, 11, 4677.08, 39389393, 1082, 0, 0
10046, 570, 765, 1404, 0, 0, 34.56%, 0, 1, 11, 5726.37, 39410082, 1082, 0, 0
10051, 570, 1263, 1404, 0, 0, 34.56%, 0, 1, 11, 4322.22, 39430531, 1082, 0, 0
10056, 571, 370, 1404, 0, 0, 34.56%, 0, 1, 11, 5306.50, 39452381, 1082, 0, 0
10061, 571, 881, 1404, 0, 0, 34.56%, 0, 1, 11, 4528.94, 39473095, 1082, 0, 0
10066, 571, 1341, 1404, 0, 0, 34.56%, 0, 1, 11, 4244.10, 39491673, 1082, 0, 0
10071, 572, 465, 1404, 0, 0, 34.56%, 0, 1, 11, 4538.43, 39514834, 1082, 0, 0
10076, 572, 941, 1404, 0, 0, 34.56%, 0, 1, 11, 4771.29, 39536553, 1082, 0, 0
10082, 573, 5, 1404, 0, 0, 34.56%, 0, 1, 11, 412.94, 39554367, 1082, 0, 0
10087, 573, 509, 1404, 0, 0, 34.56%, 0, 1, 11, 4952.59, 39577020, 1082, 0, 0
10092, 573, 935, 1404, 0, 0, 34.56%, 0, 1, 11, 5274.47, 39598537, 1082, 0, 0
10097, 573, 1370, 1404, 0, 0, 34.56%, 0, 1, 11, 2375.00, 39614444, 1082, 0, 0
10102, 574, 399, 1405, 1, 0, 34.56%, 0, 1, 11, 5746.40, 39635640, 1082, 0, 0
10107, 574, 921, 1405, 1, 0, 34.56%, 0, 1, 11, 4219.67, 39655806, 1082, 0, 0
10113, 574, 1404, 1405, 1, 0, 34.56%, 0, 1, 11, 3708.92, 39674017, 1082, 0, 0
10118, 575, 520, 1405, 0, 0, 34.56%, 0, 1, 11, 4423.45, 39695835, 1082, 0, 0
10123, 575, 1025, 1405, 0, 0, 34.56%, 0, 1, 11, 4488.06, 39716715, 1082, 0, 0
10128, 576, 81, 1405, 0, 0, 34.56%, 0, 1, 11, 3397.00, 39734573, 1082, 0, 0
10134, 576, 594, 1405, 0, 0, 34.56%, 0, 1, 11, 4505.88, 39756317, 1082, 0, 0
10139, 576, 1129, 1405, 0, 0, 34.56%, 0, 1, 11, 4752.22, 39777677, 1082, 0, 0
10144, 577, 175, 1405, 0, 0, 34.56%, 0, 1, 11, 4776.45, 39798417, 1082, 0, 0
10149, 577, 770, 1405, 0, 0, 34.56%, 0, 1, 11, 2716.36, 39820219, 1082, 0, 0
10154, 577, 1303, 1405, 0, 0, 34.56%, 0, 1, 11, 4588.79, 39840936, 1082, 0, 0
10159, 578, 386, 1405, 0, 0, 34.56%, 0, 1, 11, 5602.09, 39862978, 1082, 0, 0
10165, 578, 854, 1405, 0, 0, 34.56%, 0, 1, 11, 4894.79, 39883582, 1082, 0, 0
10170, 578, 1391, 1405, 0, 0, 34.56%, 0, 1, 11, 3169.24, 39902842, 1082, 0, 0
10175, 579, 520, 1405, 0, 0, 34.56%, 0, 1, 11, 4752.23, 39925554, 1082, 0, 0
10180, 579, 956, 1405, 0, 0, 34.56%, 0, 1, 11, 5243.08, 39947459, 1082, 0, 0
10185, 580, 39, 1405, 0, 0, 34.56%, 0, 1, 11, 3739.81, 39964606, 1082, 0, 0
10190, 580, 544, 1405, 0, 0, 34.56%, 0, 1, 11, 4314.95, 39987291, 1082, 0, 0
10195, 580, 982, 1405, 0, 0, 34.56%, 0, 1, 11, 5354.14, 40008291, 1082, 0, 0
10200, 581, 12, 1405, 0, 0, 34.56%, 0, 1, 11, 3929.70, 40024716, 1082, 0, 0
10205, 581, 499, 1405, 0, 0, 34.56%, 0, 1, 11, 5425.00, 40046492, 1082, 0, 0
10211, 581, 1025, 1405, 0, 0, 34.56%, 0, 1, 11, 3825.37, 40069253, 1082, 0, 0
10217, 581, 1408, 1414, 9, 0, 34.56%, 0, 1, 11, 4293.06, 40088496, 1082, 0, 0
10223, 582, 166, 1414, 7, 0, 34.56%, 0, 1, 11, 4617.87, 40105925, 1082, 0, 0
10228, 582, 748, 1414, 7, 0, 34.56%, 0, 1, 11, 5104.48, 40125356, 1082, 0, 0
10233, 582, 1303, 1414, 7, 0, 34.56%, 0, 1, 11, 1953.82, 40146873, 1082, 0, 0
10238, 583, 112, 1414, 6, 0, 34.56%, 0, 1, 11, 4924.21, 40162645, 1082, 0, 0
10243, 583, 675, 1414, 6, 0, 34.56%, 0, 1, 11, 4370.00, 40182872, 1082, 0, 0
10248, 583, 1132, 1414, 6, 0, 34.56%, 0, 1, 11, 5262.37, 40204755, 1082, 0, 0
10253, 584, 113, 1414, 5, 0, 34.56%, 0, 1, 11, 4832.09, 40223244, 1082, 0, 0
10258, 584, 652, 1414, 5, 0, 34.56%, 0, 1, 11, 4201.04, 40242468, 1082, 0, 0
10263, 584, 1132, 1415, 6, 0, 34.56%, 0, 1, 11, 4674.78, 40264506, 1082, 0, 0
10268, 585, 106, 1415, 6, 0, 34.56%, 0, 1, 11, 4850.18, 40283065, 1082, 0, 0
10274, 585, 723, 1415, 6, 0, 34.56%, 0, 1, 11, 4954.79, 40304328, 1082, 0, 0
10279, 585, 1198, 1415, 6, 0, 34.56%, 0, 1, 11, 4524.85, 40325924, 1082, 0, 0
10284, 586, 45, 1415, 5, 0, 34.56%, 0, 1, 11, 4189.66, 40342207, 1082, 0, 0
10290, 586, 636, 1415, 5, 0, 34.56%, 0, 1, 11, 4679.86, 40364526, 1082, 0, 0
10295, 586, 1030, 1415, 5, 0, 34.56%, 0, 1, 11, 4677.34, 40386373, 1082, 0, 0
10300, 586, 1407, 1415, 5, 0, 34.56%, 0, 1, 11, 3291.28, 40404080, 1082, 0, 0
10305, 587, 13, 1415, 2, 0, 34.56%, 0, 1, 11, 3068.02, 40413307, 1082, 0, 0
10310, 587, 515, 1415, 2, 0, 34.56%, 0, 1, 11, 4037.19, 40436437, 1082, 0, 0
10316, 587, 981, 1415, 2, 0, 34.56%, 0, 1, 11, 4666.18, 40458025, 1082, 0, 0
10321, 587, 1414, 1415, 2, 0, 34.56%, 0, 1, 11, 3063.97, 40476093, 1082, 0, 0
10327, 588, 470, 1415, 1, 0, 34.56%, 0, 1, 11, 456.97, 40497511, 1082, 0, 0
10332, 588, 955, 1415, 1, 0, 34.56%, 0, 1, 11, 5345.14, 40519630, 1082, 0, 0
10337, 589, 45, 1415, 1, 0, 34.56%, 0, 1, 11, 3281.54, 40536998, 1082, 0, 0
10342, 589, 576, 1415, 1, 0, 34.56%, 0, 1, 11, 4348.82, 40559897, 1082, 0, 0
10347, 589, 1074, 1415, 1, 0, 34.56%, 0, 1, 11, 3480.80, 40581247, 1082, 0, 0
10353, 590, 120, 1415, 1, 0, 34.56%, 0, 1, 11, 4150.00, 40600962, 1082, 0, 0
10358, 590, 774, 1415, 1, 0, 34.56%, 0, 1, 11, 4975.66, 40622729, 1082, 0, 0
10363, 590, 1134, 1415, 1, 0, 34.56%, 0, 1, 11, 4162.04, 40640811, 1082, 0, 0
10368, 591, 167, 1415, 1, 0, 34.56%, 0, 1, 11, 5354.08, 40662590, 1082, 0, 0
10373, 591, 774, 1415, 1, 0, 34.56%, 0, 1, 11, 3833.90, 40683219, 1082, 0, 0
10378, 591, 1336, 1415, 1, 0, 34.56%, 0, 1, 11, 3722.85, 40703454, 1082, 0, 0
10384, 592, 228, 1415, 1, 0, 34.56%, 0, 1, 11, 498.75, 40724591, 1082, 0, 0
10389, 592, 758, 1415, 1, 0, 34.56%, 0, 1, 11, 4384.11, 40745517, 1082, 0, 0
10394, 592, 1256, 1415, 1, 0, 34.56%, 0, 1, 11, 4451.87, 40766696, 1082, 0, 0
10399, 593, 175, 1415, 1, 0, 34.56%, 0, 1, 11, 4201.74, 40786320, 1082, 0, 0
10404, 593, 768, 1415, 1, 0, 34.56%, 0, 1, 11, 4412.32, 40807035, 1082, 0, 0
10409, 593, 1268, 1415, 1, 0, 34.56%, 0, 1, 11, 4469.34, 40828076, 1082, 0, 0
10414, 594, 137, 1415, 0, 0, 34.56%, 0, 1, 11, 4812.18, 40845750, 1082, 0, 0
10419, 594, 712, 1415, 0, 0, 34.56%, 0, 1, 11, 3680.11, 40866264, 1082, 0, 0
10424, 594, 1132, 1415, 0, 0, 34.56%, 0, 1, 11, 2627.35, 40887434, 1082, 0, 0
10429, 595, 104, 1415, 0, 0, 34.56%, 0, 1, 11, 5517.23, 40905441, 1082, 0, 0
10435, 595, 717, 1415, 0, 0, 34.56%, 0, 1, 11, 5231.53, 40927656, 1082, 0, 0
10440, 595, 1284, 1415, 0, 0, 34.56%, 0, 1, 11, 4575.93, 40948542, 1082, 0, 0
10445, 596, 141, 1415, 0, 0, 34.56%, 0, 1, 11, 5645.00, 40965572, 1082, 0, 0
10450, 596, 758, 1415, 0, 0, 34.56%, 0, 1, 11, 3555.35, 40986723, 1082, 0, 0
10455, 596, 1314, 1415, 0, 0, 34.56%, 0, 1, 11, 5083.22, 41008145, 1082, 0, 0
10460, 597, 450, 1415, 0, 0, 34.56%, 0, 1, 11, 5133.01, 41031182, 1082, 0, 0
10465, 597, 951, 1415, 0, 0, 34.56%, 0, 1, 11, 5037.58, 41053146, 1082, 0, 0
10470, 598, 112, 1415, 0, 0, 34.56%, 0, 1, 11, 4977.15, 41074979, 1082, 0, 0
10476, 598, 714, 1415, 0, 0, 34.56%, 0, 1, 11, 4935.28, 41095104, 1082, 0, 0
10481, 598, 1132, 1415, 0, 0, 34.56%, 0, 1, 11, 4870.00, 41115346, 1082, 0, 0
10486, 599, 212, 1415, 0, 0, 34.56%, 0, 1, 11, 5383.14, 41137709, 1082, 0, 0
10491, 599, 774, 1415, 0, 0, 34.56%, 0, 1, 11, 4951.84, 41159956, 1082, 0, 0
10496, 599, 1216, 1415, 0, 0, 34.56%, 0, 1, 11, 1282.08, 41178990, 1082, 0, 0
10501, 600, 113, 1415, 0, 0, 34.56%, 0, 1, 11, 3984.33, 41198234, 1082, 0, 0
10506, 600, 714, 1415, 0, 0, 34.56%, 0, 1, 11, 852.88, 41218589, 1082, 0, 0
10512, 600, 1212, 1415, 0, 0, 34.56%, 0, 1, 11, 4638.48, 41239943, 1082, 0, 0
10517, 601, 169, 1415, 0, 0, 34.56%, 0, 1, 11, 3152.09, 41260645, 1082, 0, 0
10522, 601, 742, 1415, 0, 0, 34.56%, 0, 1, 11, 4557.70, 41281233, 1082, 0, 0
10527, 601, 1278, 1415, 0, 0, 34.56%, 0, 1, 11, 1968.57, 41301722, 1082, 0, 0
10532, 602, 310, 1415, 0, 0, 34.56%, 0, 1, 11, 3701.59, 41322038, 1082, 0, 0
10537, 602, 853, 1415, 0, 0, 34.56%, 0, 1, 11, 5579.62, 41344522, 1082, 0, 0
10542, 602, 1383, 1415, 0, 0, 34.56%, 0, 1, 11, 2246.99, 41365062, 1082, 0, 0
10547, 603, 406, 1415, 0, 0, 34.56%, 0, 1, 11, 4423.45, 41386321, 1082, 0, 0
10552, 603, 862, 1415, 0, 0, 34.56%, 0, 1, 11, 4429.74, 41406270, 1082, 0, 0
10558, 603, 1391, 1415, 0, 0, 34.56%, 0, 1, 11, 3744.90, 41425197, 1082, 0, 0
10563, 604, 400, 1415, 0, 0, 34.56%, 0, 1, 11, 678.32, 41446165, 1082, 0, 0
10568, 604, 827, 1415, 0, 0, 34.56%, 0, 1, 11, 5076.12, 41467096, 1082, 0, 0
10573, 604, 1351, 1415, 0, 0, 34.56%, 0, 1, 11, 3271.29, 41487181, 1082, 0, 0
10578, 605, 366, 1415, 0, 0, 34.56%, 0, 1, 11, 5095.53, 41508460, 1082, 0, 0
10584, 605, 784, 1415, 0, 0, 34.56%, 0, 1, 11, 597.35, 41528458, 1082, 0, 0
10589, 605, 1320, 1415, 0, 0, 34.56%, 0, 1, 11, 4323.23, 41549128, 1082, 0, 0
10594, 606, 284, 1415, 0, 0, 34.56%, 0, 1, 11, 3823.17, 41570131, 1082, 0, 0
10599, 606, 862, 1415, 0, 0, 34.56%, 0, 1, 11, 4771.21, 41591145, 1082, 0, 0
10604, 606, 1326, 1415, 0, 0, 34.56%, 0, 1, 11, 4658.95, 41611586, 1082, 0, 0
10609, 607, 344, 1415, 0, 0, 34.56%, 0, 1, 11, 4123.96, 41633248, 1082, 0, 0
10614, 607, 866, 1415, 0, 0, 34.56%, 0, 1, 11, 3148.61, 41653511, 1082, 0, 0
10619, 607, 1324, 1415, 0, 0, 34.56%, 0, 1, 11, 4577.45, 41673548, 1082, 0, 0
10624, 608, 221, 1415, 0, 0, 34.56%, 0, 1, 11, 4725.51, 41693157, 1082, 0, 0
10629, 608, 894, 1415, 0, 0, 34.56%, 0, 1, 11, 4796.85, 41715254, 1082, 0, 0
10635, 609, 44, 1415, 0, 0, 34.56%, 0, 1, 11, 4625.52, 41735844, 1082, 0, 0
10640, 609, 525, 1415, 0, 0, 34.56%, 0, 1, 11, 5225.00, 41758007, 1082, 0, 0
10645, 609, 1025, 1415, 0, 0, 34.56%, 0, 1, 11, 4764.36, 41779705, 1082, 0, 0
10650, 610, 98, 1415, 0, 0, 34.56%, 0, 1, 11, 4231.63, 41797490, 1082, 0, 0
10655, 610, 712, 1415, 0, 0, 34.56%, 0, 1, 11, 4601.36, 41818402, 1082, 0, 0
10660, 610, 1121, 1415, 0, 0, 34.56%, 0, 1, 11, 2550.00, 41838429, 1082, 0, 0
10665, 611, 141, 1415, 0, 0, 34.56%, 0, 1, 11, 3901.19, 41859891, 1082, 0, 0
10670, 611, 750, 1415, 0, 0, 34.56%, 0, 1, 11, 5297.51, 41882444, 1082, 0, 0
10676, 611, 1230, 1415, 0, 0, 34.56%, 0, 1, 11, 5002.97, 41903291, 1082, 0, 0
10681, 612, 115, 1415, 0, 0, 34.56%, 0, 1, 11, 5513.42, 41920677, 1082, 0, 0
10686, 612, 579, 1415, 0, 0, 34.56%, 0, 1, 11, 338.32, 41939805, 1082, 0, 0
10691, 612, 1025, 1415, 0, 0, 34.56%, 0, 1, 11, 4783.65, 41961048, 1082, 0, 0
10696, 613, 86, 1415, 0, 0, 34.56%, 0, 1, 11, 4007.67, 41980149, 1082, 0, 0
10701, 613, 534, 1415, 0, 0, 34.56%, 0, 1, 11, 4656.14, 42000323, 1082, 0, 0
10706, 613, 955, 1415, 0, 0, 34.56%, 0, 1, 11, 4253.48, 42019968, 1082, 0, 0
10711, 613, 1393, 1415, 0, 0, 34.56%, 0, 1, 11, 4876.88, 42036284, 1082, 0, 0
10716, 614, 499, 1415, 0, 0, 34.56%, 0, 1, 11, 1000.00, 42057791, 1082, 0, 0
10722, 614, 951, 1415, 0, 0, 34.56%, 0, 1, 11, 4775.65, 42079066, 1082, 0, 0
10727, 615, 73, 1415, 0, 0, 34.56%, 0, 1, 11, 4488.90, 42099789, 1082, 0, 0
10732, 615, 558, 1415, 0, 0, 34.56%, 0, 1, 11, 2202.97, 42121734, 1082, 0, 0
10737, 615, 1025, 1415, 0, 0, 34.56%, 0, 1, 11, 485.71, 42142105, 1082, 0, 0
10742, 616, 141, 1415, 0, 0, 34.56%, 0, 1, 11, 2961.58, 42163772, 1082, 0, 0
10747, 616, 748, 1415, 0, 0, 34.56%, 0, 1, 11, 4973.44, 42185003, 1082, 0, 0
10752, 616, 1247, 1415, 0, 0, 34.56%, 0, 1, 11, 4858.02, 42206295, 1082, 0, 0
10757, 617, 240, 1415, 0, 0, 34.56%, 0, 1, 11, 4942.67, 42227138, 1082, 0, 0
10762, 617, 810, 1415, 0, 0, 34.56%, 0, 1, 11, 3538.47, 42246887, 1082, 0, 0
10768, 617, 1289, 1415, 0, 0, 34.56%, 0, 1, 11, 3036.36, 42267359, 1082, 0, 0
10773, 618, 320, 1415, 0, 0, 34.56%, 0, 1, 11, 4988.03, 42289424, 1082, 0, 0
10778, 618, 788, 1415, 0, 0, 34.56%, 0, 1, 11, 144.19, 42309713, 1082, 0, 0
10783, 618, 1365, 1415, 0, 0, 34.56%, 0, 1, 11, 3209.01, 42328589, 1082, 0, 0
10788, 619, 371, 1415, 0, 0, 34.56%, 0, 1, 11, 4112.18, 42349735, 1082, 0, 0
10793, 619, 862, 1415, 0, 0, 34.56%, 0, 1, 11, 5156.98, 42369877, 1082, 0, 0
10798, 619, 1318, 1415, 0, 0, 34.56%, 0, 1, 11, 4081.23, 42388485, 1082, 0, 0
10803, 620, 368, 1415, 0, 0, 34.56%, 0, 1, 11, 4530.49, 42411204, 1082, 0, 0
10808, 620, 866, 1415, 0, 0, 34.56%, 0, 1, 11, 4510.34, 42432086, 1082, 0, 0
10813, 620, 1376, 1415, 0, 0, 34.56%, 0, 1, 11, 3644.64, 42450542, 1082, 0, 0
10819, 620, 1420, 1421, 5, 0, 34.56%, 0, 1, 11, 2919.89, 42462931, 1082, 0, 0
10824, 621, 499, 1421, 4, 0, 34.56%, 0, 1, 11, 3758.94, 42485188, 1082, 0, 0
10829, 621, 977, 1421, 4, 0, 34.56%, 0, 1, 11, 4888.20, 42506477, 1082, 0, 0
10835, 621, 1416, 1421, 4, 0, 34.56%, 0, 1, 11, 3594.27, 42524217, 1082, 0, 0
10840, 622, 47, 1421, 1, 0, 34.56%, 0, 1, 11, 5615.17, 42530054, 1082, 0, 0
10845, 622, 550, 1421, 1, 0, 34.56%, 0, 1, 11, 4853.57, 42553436, 1082, 0, 0
10850, 622, 977, 1421, 1, 0, 34.56%, 0, 1, 11, 4934.93, 42573385, 1082, 0, 0
10856, 622, 1387, 1421, 1, 0, 34.56%, 0, 1, 11, 384.24, 42590874, 1082, 0, 0
10861, 623, 498, 1421, 1, 0, 34.56%, 0, 1, 11, 5260.26, 42613661, 1082, 0, 0
10866, 623, 917, 1421, 1, 0, 34.56%, 0, 1, 11, 5160.00, 42634627, 1082, 0, 0
10873, 623, 1419, 1421, 1, 0, 34.56%, 0, 1, 11, 587.03, 42653176, 1082, 0, 0
10878, 624, 444, 1421, 0, 0, 34.56%, 0, 1, 11, 5390.34, 42675200, 1082, 0, 0
10883, 624, 901, 1421, 0, 0, 34.56%, 0, 1, 11, 5396.73, 42695672, 1082, 0, 0
10888, 624, 1391, 1421, 0, 0, 34.56%, 0, 1, 11, 308.20, 42712372, 1082, 0, 0
10893, 625, 514, 1421, 0, 0, 34.56%, 0, 1, 11, 1006.02, 42736461, 1082, 0, 0
10899, 625, 982, 1421, 0, 0, 34.56%, 0, 1, 11, 4354.88, 42758785, 1082, 0, 0
10904, 626, 11, 1421, 0, 0, 34.56%, 0, 1, 11, 4925.25, 42775279, 1082, 0, 0
10909, 626, 527, 1421, 0, 0, 34.56%, 0, 1, 11, 2756.75, 42798435, 1082, 0, 0
10914, 626, 955, 1421, 0, 0, 34.56%, 0, 1, 11, 3454.38, 42818511, 1082, 0, 0
10919, 627, 15, 1421, 0, 0, 34.56%, 0, 1, 11, 6055.00, 42836012, 1082, 0, 0
10924, 627, 529, 1421, 0, 0, 34.56%, 0, 1, 11, 5010.00, 42858048, 1082, 0, 0
10929, 627, 984, 1421, 0, 0, 34.56%, 0, 1, 11, 914.66, 42880163, 1082, 0, 0
10935, 628, 109, 1421, 0, 0, 34.56%, 0, 1, 11, 3870.64, 42899364, 1082, 0, 0
10940, 628, 691, 1421, 0, 0, 34.56%, 0, 1, 11, 2759.39, 42918673, 1082, 0, 0
10945, 628, 1135, 1421, 0, 0, 34.56%, 0, 1, 11, 4331.25, 42940617, 1082, 0, 0
10950, 629, 108, 1421, 0, 0, 34.56%, 0, 1, 11, 3685.16, 42957513, 1082, 0, 0
10955, 629, 723, 1421, 0, 0, 34.56%, 0, 1, 11, 4800.21, 42977758, 1082, 0, 0
10960, 629, 1212, 1421, 0, 0, 34.56%, 0, 1, 11, 3399.67, 42998606, 1082, 0, 0
10965, 630, 145, 1421, 0, 0, 34.56%, 0, 1, 11, 389.67, 43017037, 1082, 0, 0
10970, 630, 731, 1421, 0, 0, 34.56%, 0, 1, 11, 3463.92, 43038060, 1082, 0, 0
10976, 630, 1226, 1421, 0, 0, 34.56%, 0, 1, 11, 5190.28, 43060027, 1082, 0, 0
10981, 631, 347, 1421, 0, 0, 34.56%, 0, 1, 11, 5218.44, 43080489, 1082, 0, 0
10986, 631, 869, 1421, 0, 0, 34.56%, 0, 1, 11, 5324.97, 43102339, 1082, 0, 0
10991, 631, 1380, 1421, 0, 0, 34.56%, 0, 1, 11, 3160.60, 43122648, 1082, 0, 0
10996, 632, 520, 1421, 0, 0, 34.56%, 0, 1, 11, 4541.34, 43146275, 1082, 0, 0
11001, 632, 955, 1421, 0, 0, 34.56%, 0, 1, 11, 4734.38, 43167033, 1082, 0, 0
11006, 632, 1408, 1421, 0, 0, 34.56%, 0, 1, 11, 2114.66, 43184642, 1082, 0, 0
11011, 633, 463, 1421, 0, 0, 34.56%, 0, 1, 11, 4618.60, 43207143, 1082, 0, 0
11017, 633, 897, 1421, 0, 0, 34.56%, 0, 1, 11, 391.94, 43227134, 1082, 0, 0
11022, 634, 5, 1421, 0, 0, 34.56%, 0, 1, 11, 3902.70, 43246118, 1082, 0, 0
11027, 634, 526, 1421, 0, 0, 34.56%, 0, 1, 11, 1703.11, 43268241, 1082, 0, 0
11032, 634, 972, 1421, 0, 0, 34.56%, 0, 1, 11, 5153.51, 43289745, 1082, 0, 0
11037, 635, 77, 1421, 0, 0, 34.56%, 0, 1, 11, 3751.65, 43308966, 1082, 0, 0
11042, 635, 590, 1421, 0, 0, 34.56%, 0, 1, 11, 5275.00, 43328750, 1082, 0, 0
11047, 635, 1113, 1421, 0, 0, 34.56%, 0, 1, 11, 4834.41, 43350661, 1082, 0, 0
11052, 636, 41, 1421, 0, 0, 34.56%, 0, 1, 11, 1923.04, 43367365, 1082, 0, 0
11058, 636, 525, 1421, 0, 0, 34.56%, 0, 1, 11, 4545.24, 43388572, 1082, 0, 0
11063, 636, 977, 1421, 0, 0, 34.56%, 0, 1, 11, 5333.33, 43409313, 1082, 0, 0
11068, 637, 112, 1421, 0, 0, 34.56%, 0, 1, 11, 5822.60, 43430350, 1082, 0, 0
11073, 637, 712, 1421, 0, 0, 34.56%, 0, 1, 11, 4532.59, 43451869, 1082, 0, 0
11078, 637, 1132, 1421, 0, 0, 34.56%, 0, 1, 11, 4897.28, 43474040, 1082, 0, 0
11083, 638, 113, 1421, 0, 0, 34.56%, 0, 1, 11, 4360.48, 43491546, 1082, 0, 0
11088, 638, 710, 1421, 0, 0, 34.56%, 0, 1, 11, 5366.30, 43512508, 1082, 0, 0
11093, 638, 1128, 1421, 0, 0, 34.56%, 0, 1, 11, 4187.74, 43534027, 1082, 0, 0
11098, 639, 142, 1421, 0, 0, 34.56%, 0, 1, 11, 5417.15, 43553042, 1082, 0, 0
11103, 639, 748, 1421, 0, 0, 34.56%, 0, 1, 11, 3928.74, 43575463, 1082, 0, 0
11109, 639, 1245, 1421, 0, 0, 34.56%, 0, 1, 11, 4187.96, 43596321, 1082, 0, 0
11114, 640, 370, 1421, 0, 0, 34.56%, 0, 1, 11, 4267.16, 43618582, 1082, 0, 0
11119, 640, 824, 1421, 0, 0, 34.56%, 0, 1, 11, 4437.31, 43640077, 1082, 0, 0
11125, 640, 1266, 1421, 0, 0, 34.56%, 0, 1, 11, 373.91, 43659573, 1082, 0, 0
11130, 641, 330, 1421, 0, 0, 34.56%, 0, 1, 11, 5424.35, 43682036, 1082, 0, 0
11135, 641, 858, 1421, 0, 0, 34.56%, 0, 1, 11, 5105.11, 43703447, 1082, 0, 0
11140, 641, 1396, 1421, 0, 0, 34.56%, 0, 1, 11, 4235.00, 43722432, 1082, 0, 0
11145, 642, 506, 1421, 0, 0, 34.56%, 0, 1, 11, 4306.29, 43745971, 1082, 0, 0
11150, 642, 978, 1421, 0, 0, 34.56%, 0, 1, 11, 800.00, 43766377, 1082, 0, 0
11156, 643, 67, 1421, 0, 0, 34.56%, 0, 1, 11, 3683.60, 43785322, 1082, 0, 0
11161, 643, 578, 1421, 0, 0, 34.56%, 0, 1, 11, 5444.04, 43807293, 1082, 0, 0
11166, 643, 1032, 1421, 0, 0, 34.56%, 0, 1, 11, 4727.36, 43828250, 1082, 0, 0
11171, 644, 114, 1421, 0, 0, 34.56%, 0, 1, 11, 5419.50, 43846541, 1082, 0, 0
11176, 644, 683, 1421, 0, 0, 34.56%, 0, 1, 11, 4910.44, 43867166, 1082, 0, 0
11181, 644, 1113, 1421, 0, 0, 34.56%, 0, 1, 11, 4977.61, 43887887, 1082, 0, 0
11186, 645, 43, 1421, 0, 0, 34.56%, 0, 1, 11, 3584.01, 43902884, 1082, 0, 0
11191, 645, 501, 1421, 0, 0, 34.56%, 0, 1, 11, 2823.60, 43924725, 1082, 0, 0
11196, 645, 979, 1421, 0, 0, 34.56%, 0, 1, 11, 5137.19, 43945101, 1082, 0, 0
11201, 646, 57, 1421, 0, 0, 34.56%, 0, 1, 11, 4393.72, 43963551, 1082, 0, 0
11206, 646, 612, 1421, 0, 0, 34.56%, 0, 1, 11, 5061.30, 43985620, 1082, 0, 0
11211, 646, 1016, 1421, 0, 0, 34.56%, 0, 1, 11, 4559.26, 44005858, 1082, 0, 0
11217, 647, 75, 1421, 0, 0, 34.56%, 0, 1, 11, 846.15, 44024405, 1082, 0, 0
11222, 647, 548, 1421, 0, 0, 34.56%, 0, 1, 11, 3855.58, 44045239, 1082, 0, 0
11227, 647, 979, 1421, 0, 0, 34.56%, 0, 1, 11, 5477.92, 44065868, 1082, 0, 0
11232, 648, 72, 1421, 0, 0, 34.56%, 0, 1, 11, 2815.54, 44083340, 1082, 0, 0
11237, 648, 610, 1421, 0, 0, 34.56%, 0, 1, 11, 5441.39, 44106400, 1082, 0, 0
11242, 648, 1132, 1421, 0, 0, 34.56%, 0, 1, 11, 4785.82, 44128772, 1082, 0, 0
11247, 649, 217, 1421, 0, 0, 34.56%, 0, 1, 11, 3956.22, 44151417, 1082, 0, 0
11253, 649, 774, 1421, 0, 0, 34.56%, 0, 1, 11, 3905.03, 44171763, 1082, 0, 0
11258, 649, 1368, 1421, 0, 0, 34.56%, 0, 1, 11, 4545.43, 44192860, 1082, 0, 0
11263, 650, 377, 1421, 0, 0, 34.56%, 0, 1, 11, 5668.87, 44215169, 1082, 0, 0
11268, 650, 879, 1421, 0, 0, 34.56%, 0, 1, 11, 5591.40, 44236814, 1082, 0, 0
11273, 650, 1391, 1421, 0, 0, 34.56%, 0, 1, 11, 3465.63, 44256559, 1082, 0, 0
11278, 651, 494, 1421, 0, 0, 34.56%, 0, 1, 11, 4877.33, 44277706, 1082, 0, 0
11283, 651, 909, 1421, 0, 0, 34.56%, 0, 1, 11, 5155.10, 44298691, 1082, 0, 0
11289, 652, 72, 1421, 0, 0, 34.56%, 0, 1, 11, 362.77, 44319347, 1082, 0, 0
11294, 652, 577, 1421, 0, 0, 34.56%, 0, 1, 11, 5098.21, 44341760, 1082, 0, 0
11299, 652, 1039, 1421, 0, 0, 34.56%, 0, 1, 11, 5116.11, 44363910, 1082, 0, 0
11304, 653, 112, 1421, 0, 0, 34.56%, 0, 1, 11, 5830.28, 44382828, 1082, 0, 0
11309, 653, 712, 1421, 0, 0, 34.56%, 0, 1, 11, 4627.12, 44405571, 1082, 0, 0
11314, 653, 1002, 1421, 0, 0, 34.56%, 0, 1, 11, 4791.37, 44424915, 1082, 0, 0
11319, 654, 141, 1421, 0, 0, 34.56%, 0, 1, 11, 3628.90, 44445554, 1082, 0, 0
11324, 654, 774, 1421, 0, 0, 34.56%, 0, 1, 11, 5323.80, 44467709, 1082, 0, 0
11329, 654, 1308, 1421, 0, 0, 34.56%, 0, 1, 11, 5139.30, 44488061, 1082, 0, 0
11334, 655, 228, 1421, 0, 0, 34.56%, 0, 1, 11, 3398.48, 44507306, 1082, 0, 0
11340, 655, 771, 1421, 0, 0, 34.56%, 0, 1, 11, 3396.83, 44527605, 1082, 0, 0
11345, 655, 1255, 1421, 0, 0, 34.56%, 0, 1, 11, 3826.37, 44546968, 1082, 0, 0
11350, 656, 371, 1421, 0, 0, 34.56%, 0, 1, 11, 5243.60, 44568060, 1082, 0, 0
11355, 656, 881, 1421, 0, 0, 34.56%, 0, 1, 11, 270.78, 44587992, 1082, 0, 0
11360, 657, 37, 1421, 0, 0, 34.56%, 0, 1, 11, 2278.60, 44607530, 1082, 0, 0
11365, 657, 525, 1421, 0, 0, 34.56%, 0, 1, 11, 4849.39, 44629530, 1082, 0, 0
11370, 657, 1039, 1421, 0, 0, 34.56%, 0, 1, 11, 5034.10, 44651812, 1082, 0, 0
11375, 658, 60, 1421, 0, 0, 34.56%, 0, 1, 11, 5906.66, 44666905, 1082, 0, 0
11380, 658, 681, 1421, 0, 0, 34.56%, 0, 1, 11, 4845.99, 44689098, 1082, 0, 0
11385, 658, 1132, 1421, 0, 0, 34.56%, 0, 1, 11, 4249.78, 44710510, 1082, 0, 0
11390, 659, 138, 1421, 0, 0, 34.56%, 0, 1, 11, 5362.41, 44727784, 1082, 0, 0
11395, 659, 719, 1421, 0, 0, 34.56%, 0, 1, 11, 5173.61, 44749533, 1082, 0, 0
11401, 659, 1237, 1421, 0, 0, 34.56%, 0, 1, 11, 4592.01, 44771056, 1082, 0, 0
11406, 660, 98, 1421, 0, 0, 34.56%, 0, 1, 11, 5037.53, 44786357, 1082, 0, 0
11411, 660, 661, 1421, 0, 0, 34.56%, 0, 1, 11, 4104.07, 44807578, 1082, 0, 0
11416, 660, 1032, 1426, 5, 0, 34.56%, 0, 1, 11, 4178.17, 44827979, 1082, 0, 0
11421, 661, 103, 1426, 5, 0, 34.56%, 0, 1, 11, 4608.42, 44847612, 1082, 0, 0
11426, 661, 599, 1426, 5, 0, 34.56%, 0, 1, 11, 5203.98, 44868802, 1082, 0, 0
11431, 661, 1037, 1426, 5, 0, 34.56%, 0, 1, 11, 4262.28, 44890528, 1082, 0, 0
11436, 662, 57, 1426, 3, 0, 34.56%, 0, 1, 11, 5577.16, 44910967, 1082, 0, 0
11441, 662, 615, 1426, 3, 0, 34.56%, 0, 1, 11, 3472.37, 44932482, 1082, 0, 0
11446, 662, 973, 1426, 3, 0, 34.56%, 0, 1, 11, 4934.14, 44952240, 1082, 0, 0
11451, 662, 1424, 1426, 2, 0, 34.56%, 0, 1, 11, 4176.92, 44970291, 1082, 0, 0
11457, 663, 436, 1426, 1, 0, 34.56%, 0, 1, 11, 3846.23, 44992467, 1082, 0, 0
11462, 663, 918, 1426, 1, 0, 34.56%, 0, 1, 11, 727.27, 45013025, 1082, 0, 0
11467, 664, 4, 1426, 1, 0, 34.56%, 0, 1, 11, 5029.85, 45031182, 1082, 0, 0
11472, 664, 494, 1426, 1, 0, 34.56%, 0, 1, 11, 4705.16, 45054427, 1082, 0, 0
11477, 664, 896, 1426, 1, 0, 34.56%, 0, 1, 11, 937.50, 45073688, 1082, 0, 0
11482, 665, 4, 1426, 1, 0, 34.56%, 0, 1, 11, 3358.21, 45091292, 1082, 0, 0
11487, 665, 499, 1426, 1, 0, 34.56%, 0, 1, 11, 4210.40, 45112488, 1082, 0, 0
11492, 665, 921, 1426, 1, 0, 34.56%, 0, 1, 11, 4788.05, 45132527, 1082, 0, 0
11497, 665, 1367, 1426, 1, 0, 34.56%, 0, 1, 11, 1584.25, 45149825, 1082, 0, 0
11503, 666, 482, 1426, 1, 0, 34.56%, 0, 1, 11, 61.92, 45171119, 1082, 0, 0
11508, 666, 1016, 1426, 1, 0, 34.56%, 0, 1, 11, 4722.58, 45193681, 1082, 0, 0
11513, 667, 76, 1426, 1, 0, 34.56%, 0, 1, 11, 366.24, 45211253, 1082, 0, 0
11518, 667, 637, 1426, 1, 0, 34.56%, 0, 1, 11, 4696.70, 45231787, 1082, 0, 0
11523, 667, 1076, 1426, 1, 0, 34.56%, 0, 1, 11, 5058.14, 45253101, 1082, 0, 0
11529, 667, 1425, 1426, 1, 0, 34.56%, 0, 1, 11, 4453.61, 45268507, 1082, 0, 0
11534, 668, 410, 1426, 0, 0, 34.56%, 0, 1, 11, 5805.80, 45289581, 1082, 0, 0
11539, 668, 917, 1426, 0, 0, 34.56%, 0, 1, 11, 4675.98, 45309546, 1082, 0, 0
11545, 669, 31, 1426, 0, 0, 34.56%, 0, 1, 11, 4401.99, 45328963, 1082, 0, 0
11550, 669, 473, 1426, 0, 0, 34.56%, 0, 1, 11, 3816.04, 45349535, 1082, 0, 0
11555, 669, 921, 1426, 0, 0, 34.56%, 0, 1, 11, 5415.27, 45371270, 1082, 0, 0
11560, 670, 53, 1426, 0, 0, 34.56%, 0, 1, 11, 3137.97, 45389421, 1082, 0, 0
11565, 670, 594, 1426, 0, 0, 34.56%, 0, 1, 11, 4832.77, 45411867, 1082, 0, 0
11570, 670, 982, 1426, 0, 0, 34.56%, 0, 1, 11, 5249.05, 45432051, 1082, 0, 0
11575, 671, 141, 1426, 0, 0, 34.56%, 0, 1, 11, 5731.35, 45451976, 1082, 0, 0
11580, 671, 705, 1426, 0, 0, 34.56%, 0, 1, 11, 2952.17, 45471262, 1082, 0, 0
11585, 671, 1140, 1426, 0, 0, 34.56%, 0, 1, 11, 4805.16, 45492751, 1082, 0, 0
11591, 672, 113, 1426, 0, 0, 34.56%, 0, 1, 11, 5806.08, 45511534, 1082, 0, 0
11596, 672, 650, 1426, 0, 0, 34.56%, 0, 1, 11, 4360.00, 45531276, 1082, 0, 0
11601, 672, 1129, 1426, 0, 0, 34.56%, 0, 1, 11, 4445.52, 45552680, 1082, 0, 0
11606, 673, 114, 1426, 0, 0, 34.56%, 0, 1, 11, 3246.58, 45569139, 1082, 0, 0
11611, 673, 735, 1426, 0, 0, 34.56%, 0, 1, 11, 5619.88, 45591676, 1082, 0, 0
11616, 673, 1303, 1426, 0, 0, 34.56%, 0, 1, 11, 2417.77, 45613261, 1082, 0, 0
11621, 674, 377, 1426, 0, 0, 34.56%, 0, 1, 11, 3881.62, 45633824, 1082, 0, 0
11626, 674, 909, 1426, 0, 0, 34.56%, 0, 1, 11, 4824.48, 45656106, 1082, 0, 0
11632, 674, 1408, 1427, 1, 0, 34.56%, 0, 1, 11, 2769.59, 45674742, 1082, 0, 0
11637, 675, 498, 1427, 1, 0, 34.56%, 0, 1, 11, 4167.10, 45696988, 1082, 0, 0
11642, 675, 921, 1427, 1, 0, 34.56%, 0, 1, 11, 517.16, 45717925, 1082, 0, 0
11647, 676, 4, 1427, 1, 0, 34.56%, 0, 1, 11, 4845.08, 45735288, 1082, 0, 0
11652, 676, 525, 1427, 1, 0, 34.56%, 0, 1, 11, 5206.19, 45758077, 1082, 0, 0
11657, 676, 982, 1427, 1, 0, 34.56%, 0, 1, 11, 5216.76, 45779904, 1082, 0, 0
11662, 677, 120, 1427, 1, 0, 34.56%, 0, 1, 11, 4002.77, 45801284, 1082, 0, 0
11667, 677, 727, 1427, 1, 0, 34.56%, 0, 1, 11, 4578.07, 45822544, 1082, 0, 0
11672, 677, 1179, 1427, 1, 0, 34.56%, 0, 1, 11, 295.30, 45841813, 1082, 0, 0
11677, 678, 175, 1427, 1, 0, 34.56%, 0, 1, 11, 3642.11, 45860691, 1082, 0, 0
11683, 678, 758, 1427, 1, 0, 34.56%, 0, 1, 11, 3472.55, 45882039, 1082, 0, 0
11688, 678, 1207, 1427, 1, 0, 34.56%, 0, 1, 11, 336.67, 45901168, 1082, 0, 0
11693, 679, 371, 1427, 1, 0, 34.56%, 0, 1, 11, 4643.06, 45924023, 1082, 0, 0
11698, 679, 879, 1427, 1, 0, 34.56%, 0, 1, 11, 5369.39, 45944917, 1082, 0, 0
11703, 679, 1400, 1427, 1, 0, 34.56%, 0, 1, 11, 3625.00, 45962584, 1082, 0, 0
11708, 680, 427, 1427, 1, 0, 34.56%, 0, 1, 11, 5772.45, 45985234, 1082, 0, 0
11713, 680, 895, 1427, 1, 0, 34.56%, 0, 1, 11, 4139.84, 46005406, 1082, 0, 0
11718, 680, 1373, 1427, 1, 0, 34.56%, 0, 1, 11, 3758.27, 46024718, 1082, 0, 0
11724, 681, 400, 1427, 1, 0, 34.56%, 0, 1, 11, 389.78, 46046624, 1082, 0, 0
11729, 681, 921, 1427, 1, 0, 34.56%, 0, 1, 11, 3883.91, 46068923, 1082, 0, 0
11734, 682, 74, 1427, 1, 0, 34.56%, 0, 1, 11, 4351.38, 46088542, 1082, 0, 0
11739, 682, 576, 1427, 1, 0, 34.56%, 0, 1, 11, 4135.08, 46106673, 1082, 0, 0
11744, 682, 1025, 1427, 1, 0, 34.56%, 0, 1, 11, 5433.00, 46128328, 1082, 0, 0
11749, 683, 191, 1427, 1, 0, 34.56%, 0, 1, 11, 4983.77, 46149378, 1082, 0, 0
11754, 683, 810, 1427, 1, 0, 34.56%, 0, 1, 11, 5176.54, 46169930, 1082, 0, 0
11759, 683, 1290, 1427, 1, 0, 34.56%, 0, 1, 11, 4542.33, 46189535, 1082, 0, 0
11764, 684, 175, 1427, 1, 0, 34.56%, 0, 1, 11, 4957.34, 46208800, 1082, 0, 0
11770, 684, 774, 1427, 1, 0, 34.56%, 0, 1, 11, 348.74, 46228227, 1082, 0, 0
11775, 684, 1278, 1427, 1, 0, 34.56%, 0, 1, 11, 4760.00, 46249329, 1082, 0, 0
11780, 685, 41, 1427, 0, 0, 34.56%, 0, 1, 11, 2313.48, 46264210, 1082, 0, 0
11785, 685, 532, 1427, 0, 0, 34.56%, 0, 1, 11, 4346.99, 46286952, 1082, 0, 0
11790, 685, 979, 1427, 0, 0, 34.56%, 0, 1, 11, 5485.67, 46307577, 1082, 0, 0
11795, 686, 82, 1427, 0, 0, 34.56%, 0, 1, 11, 3135.46, 46326892, 1082, 0, 0
11800, 686, 530, 1427, 0, 0, 34.56%, 0, 1, 11, 3932.73, 46347485, 1082, 0, 0
11806, 686, 996, 1427, 0, 0, 34.56%, 0, 1, 11, 5399.48, 46369657, 1082, 0, 0
11811, 687, 112, 1428, 1, 0, 34.56%, 0, 1, 11, 5095.63, 46390157, 1082, 0, 0
11816, 687, 717, 1428, 1, 0, 34.56%, 0, 1, 11, 4760.07, 46410203, 1082, 0, 0
11821, 687, 1232, 1428, 1, 0, 34.56%, 0, 1, 11, 4935.64, 46431060, 1082, 0, 0
11826, 688, 108, 1428, 0, 0, 34.56%, 0, 1, 11, 4623.82, 46447566, 1082, 0, 0
11831, 688, 598, 1428, 0, 0, 34.56%, 0, 1, 11, 5553.33, 46468888, 1082, 0, 0
11836, 688, 1025, 1428, 0, 0, 34.56%, 0, 1, 11, 5296.68, 46490568, 1082, 0, 0
11841, 689, 72, 1428, 0, 0, 34.56%, 0, 1, 11, 5435.00, 46508514, 1082, 0, 0
11846, 689, 579, 1428, 0, 0, 34.56%, 0, 1, 11, 4832.68, 46530216, 1082, 0, 0
11851, 689, 1032, 1428, 0, 0, 34.56%, 0, 1, 11, 4489.59, 46550597, 1082, 0, 0
11857, 690, 142, 1428, 0, 0, 34.56%, 0, 1, 11, 5705.77, 46573090, 1082, 0, 0
11862, 690, 742, 1428, 0, 0, 34.56%, 0, 1, 11, 410.00, 46592169, 1082, 0, 0
11867, 690, 1293, 1428, 0, 0, 34.56%, 0, 1, 11, 5016.93, 46612287, 1082, 0, 0
11872, 691, 137, 1428, 0, 0, 34.56%, 0, 1, 11, 4814.79, 46630380, 1082, 0, 0
11877, 691, 714, 1428, 0, 0, 34.56%, 0, 1, 11, 5047.09, 46651040, 1082, 0, 0
11882, 691, 1132, 1428, 0, 0, 34.56%, 0, 1, 11, 1553.47, 46672477, 1082, 0, 0
11887, 692, 240, 1428, 0, 0, 34.56%, 0, 1, 11, 3877.50, 46694689, 1082, 0, 0
11892, 692, 824, 1428, 0, 0, 34.56%, 0, 1, 11, 4093.57, 46715568, 1082, 0, 0
11898, 692, 1353, 1428, 0, 0, 34.56%, 0, 1, 11, 543.10, 46734403, 1082, 0, 0
11903, 693, 358, 1428, 0, 0, 34.56%, 0, 1, 11, 3832.72, 46755335, 1082, 0, 0
11908, 693, 774, 1428, 0, 0, 34.56%, 0, 1, 11, 4971.56, 46775575, 1082, 0, 0
11913, 693, 1376, 1428, 0, 0, 34.56%, 0, 1, 11, 4408.22, 46797028, 1082, 0, 0
11918, 694, 384, 1428, 0, 0, 34.56%, 0, 1, 11, 4551.11, 46817042, 1082, 0, 0
11923, 694, 813, 1428, 0, 0, 34.56%, 0, 1, 11, 5283.31, 46836995, 1082, 0, 0
11928, 694, 1376, 1428, 0, 0, 34.56%, 0, 1, 11, 4239.42, 46856724, 1082, 0, 0
11933, 695, 409, 1428, 0, 0, 34.56%, 0, 1, 11, 4947.18, 46878569, 1082, 0, 0
11938, 695, 869, 1428, 0, 0, 34.56%, 0, 1, 11, 4547.26, 46898142, 1082, 0, 0
11943, 695, 1395, 1428, 0, 0, 34.56%, 0, 1, 11, 4021.26, 46917762, 1082, 0, 0
11949, 696, 463, 1428, 0, 0, 34.56%, 0, 1, 11, 839.33, 46939025, 1082, 0, 0
11954, 696, 962, 1428, 0, 0, 34.56%, 0, 1, 11, 4725.21, 46962139, 1082, 0, 0
11959, 696, 1422, 1428, 0, 0, 34.56%, 0, 1, 11, 3768.33, 46979259, 1082, 0, 0
11964, 697, 480, 1428, 0, 0, 34.56%, 0, 1, 11, 874.51, 47001277, 1082, 0, 0
11969, 697, 951, 1428, 0, 0, 34.56%, 0, 1, 11, 5313.88, 47023313, 1082, 0, 0
11974, 698, 101, 1428, 0, 0, 34.56%, 0, 1, 11, 4580.22, 47042956, 1082, 0, 0
11980, 698, 717, 1428, 0, 0, 34.56%, 0, 1, 11, 4969.08, 47065499, 1082, 0, 0
11985, 698, 1139, 1428, 0, 0, 34.56%, 0, 1, 11, 2964.19, 47085549, 1082, 0, 0
11990, 699, 272, 1428, 0, 0, 34.56%, 0, 1, 11, 3755.64, 47107173, 1082, 0, 0
11995, 699, 851, 1428, 0, 0, 34.56%, 0, 1, 11, 4630.50, 47127440, 1082, 0, 0
12000, 699, 1391, 1428, 0, 0, 34.56%, 0, 1, 11, 3159.95, 47145346, 1082, 0, 0
12005, 700, 590, 1428, 0, 0, 34.56%, 0, 1, 11, 3335.76, 47168834, 1082, 0, 0
12010, 700, 1032, 1428, 0, 0, 34.56%, 0, 1, 11, 355.00, 47189625, 1082, 0, 0
12015, 701, 112, 1435, 7, 0, 34.56%, 0, 1, 11, 3539.70, 47209936, 1082, 0, 0
12020, 701, 660, 1435, 7, 0, 34.56%, 0, 1, 11, 492.37, 47231276, 1082, 0, 0
12026, 701, 1032, 1435, 7, 0, 34.56%, 0, 1, 11, 4580.97, 47252884, 1082, 0, 0
12031, 701, 1431, 1435, 7, 0, 34.56%, 0, 1, 11, 3716.56, 47268804, 1082, 0, 0
12036, 702, 410, 1435, 5, 0, 34.56%, 0, 1, 11, 5784.30, 47289549, 1082, 0, 0
12041, 702, 870, 1435, 5, 0, 34.56%, 0, 1, 11, 3109.52, 47310399, 1082, 0, 0
12046, 702, 1391, 1435, 5, 0, 34.56%, 0, 1, 11, 3227.87, 47328686, 1082, 0, 0
12051, 703, 351, 1435, 4, 0, 34.56%, 0, 1, 11, 4435.49, 47350358, 1082, 0, 0
12056, 703, 862, 1435, 4, 0, 34.56%, 0, 1, 11, 4399.39, 47371900, 1082, 0, 0
12061, 703, 1381, 1435, 4, 0, 34.56%, 0, 1, 11, 598.09, 47389866, 1082, 0, 0
12066, 704, 463, 1435, 4, 0, 34.56%, 0, 1, 11, 4483.88, 47411807, 1082, 0, 0
12071, 704, 918, 1435, 4, 0, 34.56%, 0, 1, 11, 430.38, 47432872, 1082, 0, 0
12077, 704, 1391, 1435, 4, 0, 34.56%, 0, 1, 11, 1669.62, 47450199, 1082, 0, 0
12082, 705, 121, 1435, 2, 0, 34.56%, 0, 1, 11, 5061.23, 47465844, 1082, 0, 0
12087, 705, 700, 1435, 2, 0, 34.56%, 0, 1, 11, 4677.02, 47487500, 1082, 0, 0
12092, 705, 1079, 1435, 2, 0, 34.56%, 0, 1, 11, 4945.41, 47508436, 1082, 0, 0
12097, 706, 45, 1435, 2, 0, 34.56%, 0, 1, 11, 5783.97, 47523927, 1082, 0, 0
12102, 706, 579, 1435, 2, 0, 34.56%, 0, 1, 11, 5094.88, 47546812, 1082, 0, 0
12107, 706, 988, 1435, 2, 0, 34.56%, 0, 1, 11, 5382.80, 47567622, 1082, 0, 0
12113, 707, 108, 1435, 2, 0, 34.56%, 0, 1, 11, 186.89, 47587433, 1082, 0, 0
12118, 707, 659, 1435, 2, 0, 34.56%, 0, 1, 11, 2997.40, 47608639, 1082, 0, 0
12123, 707, 1080, 1435, 2, 0, 34.56%, 0, 1, 11, 4575.49, 47629648, 1082, 0, 0
12128, 708, 153, 1435, 2, 0, 34.56%, 0, 1, 11, 4800.36, 47649914, 1082, 0, 0
12133, 708, 717, 1435, 2, 0, 34.56%, 0, 1, 11, 4705.92, 47670834, 1082, 0, 0
12138, 708, 1167, 1435, 2, 0, 34.56%, 0, 1, 11, 827.16, 47690807, 1082, 0, 0
12143, 709, 347, 1435, 2, 0, 34.56%, 0, 1, 11, 5130.00, 47712669, 1082, 0, 0
12148, 709, 774, 1435, 2, 0, 34.56%, 0, 1, 11, 4972.39, 47733493, 1082, 0, 0
12153, 709, 1398, 1435, 2, 0, 34.56%, 0, 1, 11, 3732.16, 47754131, 1082, 0, 0
12158, 710, 410, 1435, 2, 0, 34.56%, 0, 1, 11, 4311.78, 47775798, 1082, 0, 0
12163, 710, 927, 1435, 2, 0, 34.56%, 0, 1, 11, 4524.95, 47795665, 1082, 0, 0
12168, 710, 1420, 1435, 2, 0, 34.56%, 0, 1, 11, 1420.95, 47813094, 1082, 0, 0
12174, 711, 428, 1435, 2, 0, 34.56%, 0, 1, 11, 403.04, 47835479, 1082, 0, 0
12179, 711, 948, 1435, 2, 0, 34.56%, 0, 1, 11, 4040.25, 47857202, 1082, 0, 0
12184, 712, 71, 1435, 1, 0, 34.56%, 0, 1, 11, 3814.70, 47877020, 1082, 0, 0
12189, 712, 579, 1435, 1, 0, 34.56%, 0, 1, 11, 3966.11, 47898622, 1082, 0, 0
12194, 712, 1016, 1435, 1, 0, 34.56%, 0, 1, 11, 4695.00, 47919838, 1082, 0, 0
12201, 712, 1432, 1435, 1, 0, 34.56%, 0, 1, 11, 2775.17, 47938209, 1082, 0, 0
12206, 713, 498, 1435, 0, 0, 34.56%, 0, 1, 11, 4057.15, 47959640, 1082, 0, 0
12211, 713, 979, 1435, 0, 0, 34.56%, 0, 1, 11, 5103.26, 47981235, 1082, 0, 0
12217, 714, 91, 1435, 0, 0, 34.56%, 0, 1, 11, 4495.86, 48001397, 1082, 0, 0
12222, 714, 699, 1435, 0, 0, 34.56%, 0, 1, 11, 3342.11, 48023081, 1082, 0, 0
12227, 714, 1074, 1435, 0, 0, 34.56%, 0, 1, 11, 3485.10, 48043680, 1082, 0, 0
12232, 715, 91, 1435, 0, 0, 34.56%, 0, 1, 11, 4213.55, 48061580, 1082, 0, 0
12238, 715, 662, 1435, 0, 0, 34.56%, 0, 1, 11, 417.81, 48082619, 1082, 0, 0
12243, 715, 1132, 1435, 0, 0, 34.56%, 0, 1, 11, 4589.03, 48104002, 1082, 0, 0
12248, 716, 139, 1435, 0, 0, 34.56%, 0, 1, 11, 5604.17, 48123442, 1082, 0, 0
12253, 716, 748, 1435, 0, 0, 34.56%, 0, 1, 11, 3801.15, 48144750, 1082, 0, 0
12258, 716, 1117, 1435, 0, 0, 34.56%, 0, 1, 11, 585.68, 48163069, 1082, 0, 0
12263, 717, 117, 1435, 0, 0, 34.56%, 0, 1, 11, 4896.85, 48182601, 1082, 0, 0
12268, 717, 714, 1435, 0, 0, 34.56%, 0, 1, 11, 4606.33, 48203668, 1082, 0, 0
12274, 717, 1226, 1435, 0, 0, 34.56%, 0, 1, 11, 3801.45, 48224405, 1082, 0, 0
12279, 718, 145, 1435, 0, 0, 34.56%, 0, 1, 11, 4660.49, 48243376, 1082, 0, 0
12284, 718, 746, 1435, 0, 0, 34.56%, 0, 1, 11, 3509.97, 48265408, 1082, 0, 0
12289, 718, 1244, 1435, 0, 0, 34.56%, 0, 1, 11, 4802.04, 48287193, 1082, 0, 0
12294, 719, 117, 1435, 0, 0, 34.56%, 0, 1, 11, 4589.70, 48307055, 1082, 0, 0
12299, 719, 740, 1435, 0, 0, 34.56%, 0, 1, 11, 3836.32, 48329116, 1082, 0, 0
12304, 719, 1132, 1435, 0, 0, 34.56%, 0, 1, 11, 456.75, 48348933, 1082, 0, 0
12309, 720, 235, 1435, 0, 0, 34.56%, 0, 1, 11, 4958.38, 48370523, 1082, 0, 0
12314, 720, 762, 1435, 0, 0, 34.56%, 0, 1, 11, 4917.30, 48390405, 1082, 0, 0
12320, 720, 1303, 1435, 0, 0, 34.56%, 0, 1, 11, 4840.82, 48411479, 1082, 0, 0
12325, 721, 226, 1435, 0, 0, 34.56%, 0, 1, 11, 5145.00, 48430593, 1082, 0, 0
12330, 721, 848, 1435, 0, 0, 34.56%, 0, 1, 11, 4702.87, 48452170, 1082, 0, 0
12335, 721, 1403, 1435, 0, 0, 34.56%, 0, 1, 11, 3768.57, 48472592, 1082, 0, 0
12340, 722, 491, 1435, 0, 0, 34.56%, 0, 1, 11, 5544.83, 48494379, 1082, 0, 0
12345, 722, 961, 1435, 0, 0, 34.56%, 0, 1, 11, 5073.24, 48517499, 1082, 0, 0
12351, 723, 68, 1435, 0, 0, 34.56%, 0, 1, 11, 2428.48, 48537122, 1082, 0, 0
12356, 723, 589, 1435, 0, 0, 34.56%, 0, 1, 11, 460.09, 48557638, 1082, 0, 0
12361, 723, 993, 1435, 0, 0, 34.56%, 0, 1, 11, 3996.98, 48579669, 1082, 0, 0
12366, 724, 121, 1435, 0, 0, 34.56%, 0, 1, 11, 4387.20, 48600455, 1082, 0, 0
12371, 724, 740, 1435, 0, 0, 34.56%, 0, 1, 11, 4648.01, 48621425, 1082, 0, 0
12376, 724, 1253, 1435, 0, 0, 34.56%, 0, 1, 11, 4893.69, 48641512, 1082, 0, 0
12381, 725, 240, 1435, 0, 0, 34.56%, 0, 1, 11, 5419.81, 48663125, 1082, 0, 0
12386, 725, 894, 1435, 0, 0, 34.56%, 0, 1, 11, 5111.21, 48684447, 1082, 0, 0
12391, 725, 1389, 1436, 1, 0, 34.56%, 0, 1, 11, 847.52, 48702701, 1082, 0, 0
12396, 726, 406, 1436, 1, 0, 34.56%, 0, 1, 11, 4391.69, 48724401, 1082, 0, 0
12402, 726, 925, 1436, 1, 0, 34.56%, 0, 1, 11, 5346.46, 48746584, 1082, 0, 0
12409, 726, 1435, 1436, 1, 0, 34.56%, 0, 1, 11, 3639.37, 48767814, 1082, 0, 0
12414, 727, 460, 1436, 0, 0, 34.56%, 0, 1, 11, 332.13, 48789725, 1082, 0, 0
12419, 727, 881, 1436, 0, 0, 34.56%, 0, 1, 11, 4583.54, 48810031, 1082, 0, 0
12424, 727, 1399, 1436, 0, 0, 34.56%, 0, 1, 11, 4483.89, 48829037, 1082, 0, 0
12429, 728, 466, 1436, 0, 0, 34.56%, 0, 1, 11, 4820.96, 48852813, 1082, 0, 0
12434, 728, 933, 1436, 0, 0, 34.56%, 0, 1, 11, 4912.41, 48872754, 1082, 0, 0
12439, 728, 1329, 1436, 0, 0, 34.56%, 0, 1, 11, 5363.23, 48890731, 1082, 0, 0
12445, 729, 463, 1436, 0, 0, 34.56%, 0, 1, 11, 2555.40, 48913317, 1082, 0, 0
12450, 729, 774, 1436, 0, 0, 34.56%, 0, 1, 11, 549.02, 48932284, 1082, 0, 0
12455, 729, 1310, 1436, 0, 0, 34.56%, 0, 1, 11, 4780.00, 48952159, 1082, 0, 0
12460, 730, 400, 1436, 0, 0, 34.56%, 0, 1, 11, 4962.89, 48973842, 1082, 0, 0
12465, 730, 870, 1436, 0, 0, 34.56%, 0, 1, 11, 5448.28, 48994722, 1082, 0, 0
12470, 730, 1381, 1436, 0, 0, 34.56%, 0, 1, 11, 2585.43, 49012693, 1082, 0, 0
12475, 731, 472, 1436, 0, 0, 34.56%, 0, 1, 11, 84.07, 49033661, 1082, 0, 0
12480, 731, 927, 1436, 0, 0, 34.56%, 0, 1, 11, 4862.11, 49054231, 1082, 0, 0
12485, 731, 1426, 1436, 0, 0, 34.56%, 0, 1, 11, 3888.35, 49070653, 1082, 0, 0
12491, 732, 492, 1436, 0, 0, 34.56%, 0, 1, 11, 5653.75, 49092896, 1082, 0, 0
12496, 732, 925, 1436, 0, 0, 34.56%, 0, 1, 11, 4939.70, 49112802, 1082, 0, 0
12501, 733, 41, 1436, 0, 0, 34.56%, 0, 1, 11, 3526.28, 49132049, 1082, 0, 0
12506, 733, 579, 1436, 0, 0, 34.56%, 0, 1, 11, 4064.68, 49154824, 1082, 0, 0
12511, 733, 1104, 1436, 0, 0, 34.56%, 0, 1, 11, 4612.10, 49176033, 1082, 0, 0
12516, 734, 108, 1436, 0, 0, 34.56%, 0, 1, 11, 4767.93, 49192989, 1082, 0, 0
12521, 734, 638, 1436, 0, 0, 34.56%, 0, 1, 11, 5305.61, 49214339, 1082, 0, 0
12526, 734, 1082, 1436, 0, 0, 34.56%, 0, 1, 11, 4696.52, 49234437, 1082, 0, 0
12531, 735, 128, 1436, 0, 0, 34.56%, 0, 1, 11, 5873.43, 49253808, 1082, 0, 0
12536, 735, 768, 1436, 0, 0, 34.56%, 0, 1, 11, 5360.22, 49275614, 1082, 0, 0
12541, 735, 1275, 1436, 0, 0, 34.56%, 0, 1, 11, 3895.04, 49296837, 1082, 0, 0
12547, 736, 448, 1436, 0, 0, 34.56%, 0, 1, 11, 4121.07, 49319290, 1082, 0, 0
12552, 736, 862, 1436, 0, 0, 34.56%, 0, 1, 11, 330.58, 49337928, 1082, 0, 0
12557, 736, 1394, 1436, 0, 0, 34.56%, 0, 1, 11, 4065.00, 49358619, 1082, 0, 0
12562, 737, 440, 1436, 0, 0, 34.56%, 0, 1, 11, 4323.58, 49381370, 1082, 0, 0
12567, 737, 894, 1436, 0, 0, 34.56%, 0, 1, 11, 4385.92, 49402667, 1082, 0, 0
12572, 737, 1331, 1436, 0, 0, 34.56%, 0, 1, 11, 759.40, 49420419, 1082, 0, 0
12577, 738, 240, 1436, 0, 0, 34.56%, 0, 1, 11, 5321.47, 49441444, 1082, 0, 0
12582, 738, 810, 1436, 0, 0, 34.56%, 0, 1, 11, 5504.46, 49461989, 1082, 0, 0
12588, 738, 1276, 1436, 0, 0, 34.56%, 0, 1, 11, 4446.18, 49482690, 1082, 0, 0
12593, 739, 177, 1436, 0, 0, 34.56%, 0, 1, 11, 4460.02, 49502220, 1082, 0, 0
12598, 739, 810, 1436, 0, 0, 34.56%, 0, 1, 11, 2783.93, 49525435, 1082, 0, 0
12603, 739, 1289, 1436, 0, 0, 34.56%, 0, 1, 11, 4471.56, 49544724, 1082, 0, 0
12608, 740, 302, 1436, 0, 0, 34.56%, 0, 1, 11, 5520.76, 49566126, 1082, 0, 0
12613, 740, 864, 1436, 0, 0, 34.56%, 0, 1, 11, 4853.73, 49585848, 1082, 0, 0
12618, 740, 1394, 1439, 3, 0, 34.56%, 0, 1, 11, 3675.37, 49606217, 1082, 0, 0
12623, 741, 463, 1439, 3, 0, 34.56%, 0, 1, 11, 4754.54, 49629423, 1082, 0, 0
12628, 741, 894, 1439, 3, 0, 34.56%, 0, 1, 11, 392.86, 49649505, 1082, 0, 0
12633, 742, 5, 1439, 3, 0, 34.56%, 0, 1, 11, 3605.00, 49666294, 1082, 0, 0
12639, 742, 542, 1439, 3, 0, 34.56%, 0, 1, 11, 5778.31, 49689768, 1082, 0, 0
12644, 742, 982, 1439, 3, 0, 34.56%, 0, 1, 11, 1927.79, 49712308, 1082, 0, 0
12649, 742, 1431, 1439, 3, 0, 34.56%, 0, 1, 11, 3735.59, 49730122, 1082, 0, 0
12654, 743, 493, 1439, 3, 0, 34.56%, 0, 1, 11, 4811.35, 49752776, 1082, 0, 0
12659, 743, 960, 1439, 3, 0, 34.56%, 0, 1, 11, 4452.26, 49775189, 1082, 0, 0
12664, 744, 73, 1439, 3, 0, 34.56%, 0, 1, 11, 4483.65, 49795337, 1082, 0, 0
12669, 744, 587, 1439, 3, 0, 34.56%, 0, 1, 11, 296.09, 49816694, 1082, 0, 0
12674, 744, 1131, 1439, 3, 0, 34.56%, 0, 1, 11, 4675.81, 49838339, 1082, 0, 0
12679, 745, 153, 1439, 2, 0, 34.56%, 0, 1, 11, 5369.08, 49859285, 1082, 0, 0
12685, 745, 752, 1439, 2, 0, 34.56%, 0, 1, 11, 4016.42, 49880935, 1082, 0, 0
12690, 745, 1208, 1439, 2, 0, 34.56%, 0, 1, 11, 4822.56, 49900808, 1082, 0, 0
12695, 746, 175, 1439, 2, 0, 34.56%, 0, 1, 11, 5600.76, 49921165, 1082, 0, 0
12700, 746, 740, 1439, 2, 0, 34.56%, 0, 1, 11, 4888.41, 49942084, 1082, 0, 0
12705, 746, 1295, 1439, 2, 0, 34.56%, 0, 1, 11, 4770.18, 49963803, 1082, 0, 0
12711, 747, 108, 1439, 1, 0, 34.56%, 0, 1, 11, 4225.15, 49980544, 1082, 0, 0
12716, 747, 740, 1439, 1, 0, 34.56%, 0, 1, 11, 4726.15, 50002339, 1082, 0, 0
12721, 747, 1265, 1439, 1, 0, 34.56%, 0, 1, 11, 3919.18, 50023171, 1082, 0, 0
12726, 748, 75, 1439, 0, 0, 34.56%, 0, 1, 11, 2348.76, 50036558, 1082, 0, 0
12731, 748, 542, 1439, 0, 0, 34.56%, 0, 1, 11, 378.74, 50056582, 1082, 0, 0
12736, 748, 1025, 1439, 0, 0, 34.56%, 0, 1, 11, 5014.93, 50077943, 1082, 0, 0
12741, 749, 11, 1439, 0, 0, 34.56%, 0, 1, 11, 4735.00, 50093069, 1082, 0, 0
12746, 749, 520, 1439, 0, 0, 34.56%, 0, 1, 11, 4193.16, 50116692, 1082, 0, 0
12751, 749, 1032, 1439, 0, 0, 34.56%, 0, 1, 11, 4560.47, 50139129, 1082, 0, 0
12756, 750, 115, 1439, 0, 0, 34.56%, 0, 1, 11, 3848.38, 50158333, 1082, 0, 0
12761, 750, 703, 1439, 0, 0, 34.56%, 0, 1, 11, 4264.42, 50178562, 1082, 0, 0
12767, 750, 1098, 1439, 0, 0, 34.56%, 0, 1, 11, 4915.00, 50200034, 1082, 0, 0
12772, 751, 117, 1439, 0, 0, 34.56%, 0, 1, 11, 5500.78, 50219301, 1082, 0, 0
12777, 751, 712, 1439, 0, 0, 34.56%, 0, 1, 11, 4459.90, 50240288, 1082, 0, 0
12782, 751, 1213, 1439, 0, 0, 34.56%, 0, 1, 11, 4765.39, 50262843, 1082, 0, 0
12787, 752, 248, 1439, 0, 0, 34.56%, 0, 1, 11, 5081.38, 50284269, 1082, 0, 0
12792, 752, 810, 1439, 0, 0, 34.56%, 0, 1, 11, 5074.52, 50305764, 1082, 0, 0
12797, 752, 1348, 1439, 0, 0, 34.56%, 0, 1, 11, 375.00, 50324471, 1082, 0, 0
12802, 753, 400, 1439, 0, 0, 34.56%, 0, 1, 11, 4948.57, 50345887, 1082, 0, 0
12807, 753, 915, 1439, 0, 0, 34.56%, 0, 1, 11, 5195.87, 50367055, 1082, 0, 0
12813, 753, 1435, 1439, 0, 0, 34.56%, 0, 1, 11, 4155.52, 50386031, 1082, 0, 0
12818, 754, 498, 1439, 0, 0, 34.56%, 0, 1, 11, 5031.77, 50408603, 1082, 0, 0
12823, 754, 981, 1439, 0, 0, 34.56%, 0, 1, 11, 3805.97, 50429898, 1082, 0, 0
12828, 755, 113, 1439, 0, 0, 34.56%, 0, 1, 11, 5776.47, 50449877, 1082, 0, 0
12833, 755, 717, 1439, 0, 0, 34.56%, 0, 1, 11, 4448.31, 50472528, 1082, 0, 0
12838, 755, 1132, 1439, 0, 0, 34.56%, 0, 1, 11, 4093.88, 50492615, 1082, 0, 0
12843, 756, 115, 1439, 0, 0, 34.56%, 0, 1, 11, 5896.85, 50511177, 1082, 0, 0
12849, 756, 765, 1439, 0, 0, 34.56%, 0, 1, 11, 5474.64, 50534067, 1082, 0, 0
12854, 756, 1283, 1439, 0, 0, 34.56%, 0, 1, 11, 4779.63, 50553832, 1082, 0, 0
12859, 757, 167, 1439, 0, 0, 34.56%, 0, 1, 11, 4942.21, 50572631, 1082, 0, 0
12864, 757, 714, 1439, 0, 0, 34.56%, 0, 1, 11, 5398.01, 50592560, 1082, 0, 0
12869, 757, 1207, 1439, 0, 0, 34.56%, 0, 1, 11, 4836.68, 50613761, 1082, 0, 0
12874, 758, 168, 1439, 0, 0, 34.56%, 0, 1, 11, 5476.40, 50632253, 1082, 0, 0
12879, 758, 806, 1439, 0, 0, 34.56%, 0, 1, 11, 5045.85, 50654083, 1082, 0, 0
12884, 758, 1355, 1439, 0, 0, 34.56%, 0, 1, 11, 4525.01, 50674093, 1082, 0, 0
12889, 759, 418, 1439, 0, 0, 34.56%, 0, 1, 11, 4753.05, 50695226, 1082, 0, 0
12894, 759, 881, 1439, 0, 0, 34.56%, 0, 1, 11, 4011.51, 50714920, 1082, 0, 0
12900, 759, 1381, 1439, 0, 0, 34.56%, 0, 1, 11, 3420.58, 50733548, 1082, 0, 0
12905, 760, 520, 1439, 0, 0, 34.56%, 0, 1, 11, 4356.34, 50754814, 1082, 0, 0
12910, 760, 941, 1439, 0, 0, 34.56%, 0, 1, 11, 955.45, 50774119, 1082, 0, 0
12915, 761, 12, 1439, 0, 0, 34.56%, 0, 1, 11, 4820.43, 50792335, 1082, 0, 0
12920, 761, 525, 1439, 0, 0, 34.56%, 0, 1, 11, 4846.90, 50816083, 1082, 0, 0
12925, 761, 945, 1439, 0, 0, 34.56%, 0, 1, 11, 371.84, 50834324, 1082, 0, 0
12930, 762, 72, 1439, 0, 0, 34.56%, 0, 1, 11, 3627.01, 50855537, 1082, 0, 0
12935, 762, 666, 1439, 0, 0, 34.56%, 0, 1, 11, 4533.32, 50877997, 1082, 0, 0
12941, 762, 1039, 1439, 0, 0, 34.56%, 0, 1, 11, 412.59, 50898877, 1082, 0, 0
12946, 763, 93, 1439, 0, 0, 34.56%, 0, 1, 11, 3584.57, 50917268, 1082, 0, 0
12951, 763, 734, 1439, 0, 0, 34.56%, 0, 1, 11, 5372.04, 50940196, 1082, 0, 0
12956, 763, 1227, 1439, 0, 0, 34.56%, 0, 1, 11, 5190.78, 50960962, 1082, 0, 0
12961, 764, 153, 1439, 0, 0, 34.56%, 0, 1, 11, 3891.60, 50979169, 1082, 0, 0
12966, 764, 774, 1439, 0, 0, 34.56%, 0, 1, 11, 5153.24, 51001712, 1082, 0, 0
12971, 765, 4, 1439, 0, 0, 34.56%, 0, 1, 11, 4748.17, 51022148, 1082, 0, 0
12976, 765, 410, 1439, 0, 0, 34.56%, 0, 1, 11, 4632.57, 51043888, 1082, 0, 0
12981, 765, 869, 1439, 0, 0, 34.56%, 0, 1, 11, 5434.01, 51063614, 1082, 0, 0
12986, 766, 42, 1439, 0, 0, 34.56%, 0, 1, 11, 4245.38, 51082655, 1082, 0, 0
12992, 766, 525, 1439, 0, 0, 34.56%, 0, 1, 11, 346.30, 51104238, 1082, 0, 0
12997, 766, 955, 1439, 0, 0, 34.56%, 0, 1, 11, 4699.88, 51125199, 1082, 0, 0
13002, 767, 67, 1439, 0, 0, 34.56%, 0, 1, 11, 2973.26, 51144694, 1082, 0, 0
13007, 767, 617, 1439, 0, 0, 34.56%, 0, 1, 11, 5200.57, 51167550, 1082, 0, 0
13012, 767, 1032, 1439, 0, 0, 34.56%, 0, 1, 11, 4265.14, 51187632, 1082, 0, 0
13017, 768, 137, 1439, 0, 0, 34.56%, 0, 1, 11, 3290.73, 51207385, 1082, 0, 0
13023, 768, 712, 1439, 0, 0, 34.56%, 0, 1, 11, 456.10, 51227684, 1082, 0, 0
13028, 768, 1132, 1439, 0, 0, 34.56%, 0, 1, 11, 5608.36, 51248829, 1082, 0, 0
13033, 769, 175, 1439, 0, 0, 34.56%, 0, 1, 11, 4791.95, 51269436, 1082, 0, 0
13038, 769, 774, 1439, 0, 0, 34.56%, 0, 1, 11, 4672.03, 51290695, 1082, 0, 0
13043, 769, 1290, 1439, 0, 0, 34.56%, 0, 1, 11, 4390.50, 51308755, 1082, 0, 0
13048, 770, 309, 1439, 0, 0, 34.56%, 0, 1, 11, 2398.17, 51330194, 1082, 0, 0
13053, 770, 846, 1439, 0, 0, 34.56%, 0, 1, 11, 4601.06, 51351291, 1082, 0, 0
13058, 770, 1289, 1439, 0, 0, 34.56%, 0, 1, 11, 2820.00, 51369573, 1082, 0, 0
13063, 771, 154, 1439, 0, 0, 34.56%, 0, 1, 11, 3852.74, 51388924, 1082, 0, 0
13068, 771, 774, 1439, 0, 0, 34.56%, 0, 1, 11, 4349.68, 51411193, 1082, 0, 0
13073, 771, 1282, 1439, 0, 0, 34.56%, 0, 1, 11, 4672.52, 51430686, 1082, 0, 0
13078, 772, 228, 1439, 0, 0, 34.56%, 0, 1, 11, 5097.01, 51448858, 1082, 0, 0
13084, 772, 770, 1439, 0, 0, 34.56%, 0, 1, 11, 4657.83, 51469587, 1082, 0, 0
13089, 772, 1221, 1439, 0, 0, 34.56%, 0, 1, 11, 3469.45, 51488510, 1082, 0, 0
13094, 773, 175, 1439, 0, 0, 34.56%, 0, 1, 11, 5225.96, 51509261, 1082, 0, 0
13099, 773, 774, 1439, 0, 0, 34.56%, 0, 1, 11, 4693.27, 51530882, 1082, 0, 0
13104, 773, 1314, 1439, 0, 0, 34.56%, 0, 1, 11, 4046.73, 51550733, 1082, 0, 0
13109, 774, 167, 1439, 0, 0, 34.56%, 0, 1, 11, 3957.14, 51568723, 1082, 0, 0
13114, 774, 741, 1439, 0, 0, 34.56%, 0, 1, 11, 3586.65, 51590754, 1082, 0, 0
13119, 774, 1177, 1439, 0, 0, 34.56%, 0, 1, 11, 5193.53, 51610476, 1082, 0, 0
13124, 775, 141, 1439, 0, 0, 34.56%, 0, 1, 11, 5539.36, 51630603, 1082, 0, 0
13130, 775, 723, 1439, 0, 0, 34.56%, 0, 1, 11, 4758.07, 51650998, 1082, 0, 0
13135, 775, 1279, 1439, 0, 0, 34.56%, 0, 1, 11, 2666.01, 51672251, 1082, 0, 0
13140, 776, 358, 1439, 0, 0, 34.56%, 0, 1, 11, 5327.97, 51694150, 1082, 0, 0
13145, 776, 774, 1439, 0, 0, 34.56%, 0, 1, 11, 611.65, 51712097, 1082, 0, 0
13150, 776, 1293, 1439, 0, 0, 34.56%, 0, 1, 11, 3901.39, 51732174, 1082, 0, 0
13155, 777, 371, 1439, 0, 0, 34.56%, 0, 1, 11, 5107.95, 51753658, 1082, 0, 0
13160, 777, 878, 1439, 0, 0, 34.56%, 0, 1, 11, 5314.85, 51776433, 1082, 0, 0
13165, 777, 1430, 1439, 0, 0, 34.56%, 0, 1, 11, 4536.39, 51796042, 1082, 0, 0
13170, 778, 525, 1439, 0, 0, 34.56%, 0, 1, 11, 4808.72, 51819579, 1082, 0, 0
13176, 778, 981, 1439, 0, 0, 34.56%, 0, 1, 11, 5083.49, 51840501, 1082, 0, 0
13181, 779, 48, 1439, 0, 0, 34.56%, 0, 1, 11, 4189.88, 51858933, 1082, 0, 0
13186, 779, 702, 1439, 0, 0, 34.56%, 0, 1, 11, 4919.07, 51881952, 1082, 0, 0
13191, 779, 1124, 1439, 0, 0, 34.56%, 0, 1, 11, 4476.81, 51903358, 1082, 0, 0
13196, 780, 165, 1439, 0, 0, 34.56%, 0, 1, 11, 5420.28, 51924464, 1082, 0, 0
13201, 780, 748, 1439, 0, 0, 34.56%, 0, 1, 11, 4750.97, 51944277, 1082, 0, 0
13206, 780, 1278, 1439, 0, 0, 34.56%, 0, 1, 11, 2674.85, 51965145, 1082, 0, 0
13211, 781, 163, 1439, 0, 0, 34.56%, 0, 1, 11, 5114.34, 51985190, 1082, 0, 0
13216, 781, 748, 1441, 2, 0, 34.56%, 0, 1, 11, 4409.26, 52005089, 1082, 0, 0
13222, 781, 1256, 1441, 2, 0, 34.56%, 0, 1, 11, 4695.97, 52026408, 1082, 0, 0
13227, 782, 222, 1441, 2, 0, 34.56%, 0, 1, 11, 5758.71, 52047340, 1082, 0, 0
13232, 782, 815, 1441, 2, 0, 34.56%, 0, 1, 11, 337.88, 52067576, 1082, 0, 0
13237, 782, 1351, 1441, 2, 0, 34.56%, 0, 1, 11, 698.58, 52087507, 1082, 0, 0
13242, 783, 410, 1441, 2, 0, 34.56%, 0, 1, 11, 3741.97, 52108151, 1082, 0, 0
13247, 783, 955, 1441, 2, 0, 34.56%, 0, 1, 11, 5437.87, 52129238, 1082, 0, 0
13254, 783, 1439, 1441, 2, 0, 34.56%, 0, 1, 11, 2989.20, 52146492, 1082, 0, 0
13259, 784, 471, 1441, 1, 0, 34.56%, 0, 1, 11, 2744.49, 52168618, 1082, 0, 0
13264, 784, 951, 1441, 1, 0, 34.56%, 0, 1, 11, 4103.56, 52189813, 1082, 0, 0
13269, 785, 39, 1441, 1, 0, 34.56%, 0, 1, 11, 3896.17, 52207063, 1082, 0, 0
13274, 785, 499, 1441, 1, 0, 34.56%, 0, 1, 11, 476.85, 52228507, 1082, 0, 0
13279, 785, 921, 1441, 1, 0, 34.56%, 0, 1, 11, 367.86, 52249726, 1082, 0, 0
13284, 786, 5, 1441, 1, 0, 34.56%, 0, 1, 11, 3014.29, 52268836, 1082, 0, 0
13289, 786, 520, 1441, 1, 0, 34.56%, 0, 1, 11, 4785.37, 52291483, 1082, 0, 0
13295, 786, 960, 1441, 1, 0, 34.56%, 0, 1, 11, 5297.60, 52313057, 1082, 0, 0
13300, 787, 113, 1441, 1, 0, 34.56%, 0, 1, 11, 4133.24, 52333019, 1082, 0, 0
13305, 787, 657, 1441, 1, 0, 34.56%, 0, 1, 11, 724.54, 52352871, 1082, 0, 0
13310, 787, 1212, 1441, 1, 0, 34.56%, 0, 1, 11, 4385.03, 52374872, 1082, 0, 0
13315, 788, 129, 1441, 1, 0, 34.56%, 0, 1, 11, 5439.94, 52394397, 1082, 0, 0
13320, 788, 717, 1441, 1, 0, 34.56%, 0, 1, 11, 4618.67, 52415562, 1082, 0, 0
13326, 788, 1142, 1441, 1, 0, 34.56%, 0, 1, 11, 2834.87, 52436896, 1082, 0, 0
13331, 789, 170, 1441, 1, 0, 34.56%, 0, 1, 11, 5663.16, 52457891, 1082, 0, 0
13336, 789, 765, 1441, 1, 0, 34.56%, 0, 1, 11, 4693.26, 52477159, 1082, 0, 0
13341, 789, 1283, 1441, 1, 0, 34.56%, 0, 1, 11, 4469.33, 52496842, 1082, 0, 0
13346, 790, 358, 1441, 0, 0, 34.56%, 0, 1, 11, 5535.56, 52517400, 1082, 0, 0
13351, 790, 774, 1441, 0, 0, 34.56%, 0, 1, 11, 4150.67, 52535822, 1082, 0, 0
13356, 790, 1308, 1441, 0, 0, 34.56%, 0, 1, 11, 2898.05, 52555820, 1082, 0, 0
13361, 791, 228, 1441, 0, 0, 34.56%, 0, 1, 11, 4055.69, 52575507, 1082, 0, 0
13367, 791, 758, 1441, 0, 0, 34.56%, 0, 1, 11, 210.53, 52594850, 1082, 0, 0
13372, 791, 1264, 1441, 0, 0, 34.56%, 0, 1, 11, 4806.28, 52615542, 1082, 0, 0
13377, 792, 225, 1441, 0, 0, 34.56%, 0, 1, 11, 4752.48, 52636734, 1082, 0, 0
13382, 792, 839, 1441, 0, 0, 34.56%, 0, 1, 11, 4414.79, 52657416, 1082, 0, 0
13387, 792, 1383, 1441, 0, 0, 34.56%, 0, 1, 11, 4300.77, 52677586, 1082, 0, 0
13392, 793, 463, 1441, 0, 0, 34.56%, 0, 1, 11, 5416.28, 52700437, 1082, 0, 0
13397, 793, 917, 1441, 0, 0, 34.56%, 0, 1, 11, 4829.08, 52721292, 1082, 0, 0
13403, 794, 50, 1441, 0, 0, 34.56%, 0, 1, 11, 4371.30, 52741070, 1082, 0, 0
13408, 794, 558, 1441, 0, 0, 34.56%, 0, 1, 11, 2755.92, 52763668, 1082, 0, 0
13413, 794, 1032, 1441, 0, 0, 34.56%, 0, 1, 11, 3895.00, 52785058, 1082, 0, 0
13418, 795, 60, 1441, 0, 0, 34.56%, 0, 1, 11, 5770.77, 52801170, 1082, 0, 0
13423, 795, 573, 1441, 0, 0, 34.56%, 0, 1, 11, 4455.40, 52823686, 1082, 0, 0
13429, 795, 1007, 1441, 0, 0, 34.56%, 0, 1, 11, 4983.78, 52845254, 1082, 0, 0
13434, 796, 73, 1441, 0, 0, 34.56%, 0, 1, 11, 3165.00, 52862584, 1082, 0, 0
13439, 796, 590, 1441, 0, 0, 34.56%, 0, 1, 11, 4071.21, 52884307, 1082, 0, 0
13444, 796, 1055, 1441, 0, 0, 34.56%, 0, 1, 11, 5294.83, 52905770, 1082, 0, 0
13449, 797, 72, 1441, 0, 0, 34.56%, 0, 1, 11, 2359.39, 52921559, 1082, 0, 0
13454, 797, 712, 1441, 0, 0, 34.56%, 0, 1, 11, 1403.79, 52944306, 1082, 0, 0
13459, 797, 1212, 1441, 0, 0, 34.56%, 0, 1, 11, 3249.68, 52967104, 1082, 0, 0
13464, 798, 140, 1441, 0, 0, 34.56%, 0, 1, 11, 5989.24, 52986929, 1082, 0, 0
13469, 798, 737, 1441, 0, 0, 34.56%, 0, 1, 11, 2195.06, 53007824, 1082, 0, 0
13474, 798, 1098, 1441, 0, 0, 34.56%, 0, 1, 11, 485.25, 53028111, 1082, 0, 0
13480, 799, 75, 1441, 0, 0, 34.56%, 0, 1, 11, 5741.76, 53046831, 1082, 0, 0
13485, 799, 714, 1441, 0, 0, 34.56%, 0, 1, 11, 4153.74, 53068815, 1082, 0, 0
13490, 799, 1134, 1441, 0, 0, 34.56%, 0, 1, 11, 4964.93, 53088626, 1082, 0, 0
13495, 800, 226, 1442, 1, 0, 34.56%, 0, 1, 11, 4676.24, 53110350, 1082, 0, 0
13500, 800, 758, 1442, 1, 0, 34.56%, 0, 1, 11, 4587.18, 53131029, 1082, 0, 0
13505, 800, 1232, 1442, 1, 0, 34.56%, 0, 1, 11, 5089.18, 53152115, 1082, 0, 0
13510, 801, 347, 1442, 1, 0, 34.56%, 0, 1, 11, 836.31, 53173127, 1082, 0, 0
13515, 801, 869, 1442, 1, 0, 34.56%, 0, 1, 11, 4655.18, 53193410, 1082, 0, 0
13520, 801, 1425, 1442, 1, 0, 34.56%, 0, 1, 11, 3723.78, 53213366, 1082, 0, 0
13526, 802, 364, 1442, 1, 0, 34.56%, 0, 1, 11, 4086.10, 53235338, 1082, 0, 0
13531, 802, 848, 1442, 1, 0, 34.56%, 0, 1, 11, 4309.90, 53254404, 1082, 0, 0
13536, 802, 1313, 1442, 1, 0, 34.56%, 0, 1, 11, 557.41, 53272642, 1082, 0, 0
13541, 803, 388, 1442, 1, 0, 34.56%, 0, 1, 11, 972.89, 53294015, 1082, 0, 0
13546, 803, 941, 1442, 1, 0, 34.56%, 0, 1, 11, 4657.71, 53316305, 1082, 0, 0
13551, 804, 13, 1442, 1, 0, 34.56%, 0, 1, 11, 4464.00, 53336242, 1082, 0, 0
13556, 804, 476, 1442, 1, 0, 34.56%, 0, 1, 11, 4638.07, 53358106, 1082, 0, 0
13561, 804, 948, 1442, 1, 0, 34.56%, 0, 1, 11, 4768.37, 53379956, 1082, 0, 0
13566, 804, 1431, 1442, 1, 0, 34.56%, 0, 1, 11, 748.43, 53395447, 1082, 0, 0
13572, 805, 514, 1442, 1, 0, 34.56%, 0, 1, 11, 317.31, 53417599, 1082, 0, 0
13577, 805, 1039, 1442, 1, 0, 34.56%, 0, 1, 11, 4307.28, 53439981, 1082, 0, 0
13582, 806, 140, 1442, 1, 0, 34.56%, 0, 1, 11, 3042.81, 53459557, 1082, 0, 0
13587, 806, 758, 1442, 1, 0, 34.56%, 0, 1, 11, 4847.61, 53481462, 1082, 0, 0
13592, 806, 1232, 1442, 1, 0, 34.56%, 0, 1, 11, 840.38, 53501806, 1082, 0, 0
13597, 807, 399, 1442, 1, 0, 34.56%, 0, 1, 11, 4221.87, 53524126, 1082, 0, 0
13602, 807, 847, 1442, 1, 0, 34.56%, 0, 1, 11, 5352.66, 53545012, 1082, 0, 0
13607, 807, 1319, 1442, 1, 0, 34.56%, 0, 1, 11, 3702.32, 53565120, 1082, 0, 0
13613, 808, 520, 1442, 1, 0, 34.56%, 0, 1, 11, 5325.51, 53587794, 1082, 0, 0
13618, 808, 948, 1442, 1, 0, 34.56%, 0, 1, 11, 640.50, 53607386, 1082, 0, 0
13623, 809, 68, 1442, 1, 0, 34.56%, 0, 1, 11, 4460.81, 53627281, 1082, 0, 0
13628, 809, 582, 1442, 1, 0, 34.56%, 0, 1, 11, 2801.85, 53648661, 1082, 0, 0
13633, 809, 1034, 1442, 1, 0, 34.56%, 0, 1, 11, 5357.81, 53669527, 1082, 0, 0
13638, 810, 112, 1442, 1, 0, 34.56%, 0, 1, 11, 4940.89, 53690047, 1082, 0, 0
13643, 810, 748, 1442, 1, 0, 34.56%, 0, 1, 11, 4802.14, 53711652, 1082, 0, 0
13648, 810, 1287, 1442, 1, 0, 34.56%, 0, 1, 11, 4761.36, 53732406, 1082, 0, 0
13653, 811, 153, 1442, 1, 0, 34.56%, 0, 1, 11, 3066.18, 53749073, 1082, 0, 0
13658, 811, 714, 1442, 1, 0, 34.56%, 0, 1, 11, 5623.41, 53770492, 1082, 0, 0
13663, 811, 1190, 1442, 1, 0, 34.56%, 0, 1, 11, 1435.42, 53791650, 1082, 0, 0
13668, 812, 166, 1442, 1, 0, 34.56%, 0, 1, 11, 3861.74, 53811215, 1082, 0, 0
13674, 812, 740, 1442, 1, 0, 34.56%, 0, 1, 11, 4155.17, 53832153, 1082, 0, 0
13679, 812, 1132, 1442, 1, 0, 34.56%, 0, 1, 11, 378.15, 53851201, 1082, 0, 0
13684, 813, 13, 1442, 0, 0, 34.56%, 0, 1, 11, 3299.96, 53868391, 1082, 0, 0
13689, 813, 558, 1442, 0, 0, 34.56%, 0, 1, 11, 4677.20, 53892089, 1082, 0, 0
13694, 813, 1088, 1442, 0, 0, 34.56%, 0, 1, 11, 5093.86, 53914296, 1082, 0, 0
13699, 814, 98, 1442, 0, 0, 34.56%, 0, 1, 11, 4270.18, 53933350, 1082, 0, 0
13705, 814, 577, 1442, 0, 0, 34.56%, 0, 1, 11, 666.67, 53953398, 1082, 0, 0
13710, 814, 1029, 1442, 0, 0, 34.56%, 0, 1, 11, 5502.00, 53975968, 1082, 0, 0
13715, 815, 164, 1442, 0, 0, 34.56%, 0, 1, 11, 4450.89, 53997930, 1082, 0, 0
13720, 815, 714, 1442, 0, 0, 34.56%, 0, 1, 11, 3180.58, 54017261, 1082, 0, 0
13725, 815, 1129, 1442, 0, 0, 34.56%, 0, 1, 11, 3373.13, 54037513, 1082, 0, 0
13730, 816, 50, 1442, 0, 0, 34.56%, 0, 1, 11, 5913.71, 54053709, 1082, 0, 0
13735, 816, 576, 1442, 0, 0, 34.56%, 0, 1, 11, 4889.56, 54074710, 1082, 0, 0
13740, 816, 1074, 1442, 0, 0, 34.56%, 0, 1, 11, 5372.99, 54096312, 1082, 0, 0
13746, 817, 111, 1442, 0, 0, 34.56%, 0, 1, 11, 428.09, 54114782, 1082, 0, 0
13751, 817, 712, 1442, 0, 0, 34.56%, 0, 1, 11, 4352.55, 54135805, 1082, 0, 0
13756, 817, 1074, 1442, 0, 0, 34.56%, 0, 1, 11, 4550.31, 54156941, 1082, 0, 0
13761, 818, 98, 1442, 0, 0, 34.56%, 0, 1, 11, 4302.03, 54175595, 1082, 0, 0
13766, 818, 633, 1442, 0, 0, 34.56%, 0, 1, 11, 916.41, 54195016, 1082, 0, 0
13771, 818, 1129, 1442, 0, 0, 34.56%, 0, 1, 11, 5123.74, 54216985, 1082, 0, 0
13776, 819, 169, 1442, 0, 0, 34.56%, 0, 1, 11, 4641.54, 54237457, 1082, 0, 0
13781, 819, 742, 1442, 0, 0, 34.56%, 0, 1, 11, 5192.82, 54256524, 1082, 0, 0
13786, 819, 1246, 1442, 0, 0, 34.56%, 0, 1, 11, 4593.69, 54278011, 1082, 0, 0
13791, 820, 370, 1442, 0, 0, 34.56%, 0, 1, 11, 4463.37, 54298906, 1082, 0, 0
13796, 820, 917, 1442, 0, 0, 34.56%, 0, 1, 11, 5130.51, 54319698, 1082, 0, 0
13801, 821, 31, 1442, 0, 0, 34.56%, 0, 1, 11, 3683.51, 54337725, 1082, 0, 0
13806, 821, 520, 1442, 0, 0, 34.56%, 0, 1, 11, 4132.03, 54359182, 1082, 0, 0
13812, 821, 1023, 1442, 0, 0, 34.56%, 0, 1, 11, 5209.84, 54380944, 1082, 0, 0
13817, 822, 81, 1445, 3, 0, 34.56%, 0, 1, 11, 3091.07, 54399883, 1082, 0, 0
13822, 822, 713, 1445, 3, 0, 34.56%, 0, 1, 11, 5153.28, 54422205, 1082, 0, 0
13827, 822, 1162, 1445, 3, 0, 34.56%, 0, 1, 11, 5134.59, 54443165, 1082, 0, 0
13832, 822, 1444, 1445, 3, 0, 34.56%, 0, 1, 11, 628.35, 54457248, 1082, 0, 0
13837, 823, 525, 1445, 2, 0, 34.56%, 0, 1, 11, 4247.98, 54479998, 1082, 0, 0
13842, 823, 981, 1445, 2, 0, 34.56%, 0, 1, 11, 4471.13, 54501425, 1082, 0, 0
13847, 824, 145, 1445, 2, 0, 34.56%, 0, 1, 11, 4804.81, 54523893, 1082, 0, 0
13852, 824, 717, 1445, 2, 0, 34.56%, 0, 1, 11, 5373.32, 54542990, 1082, 0, 0
13857, 824, 1259, 1445, 2, 0, 34.56%, 0, 1, 11, 4191.80, 54564001, 1082, 0, 0
13862, 825, 117, 1445, 1, 0, 34.56%, 0, 1, 11, 5388.38, 54582719, 1082, 0, 0
13868, 825, 605, 1445, 1, 0, 34.56%, 0, 1, 11, 654.35, 54604696, 1082, 0, 0
13873, 825, 1098, 1445, 1, 0, 34.56%, 0, 1, 11, 1919.90, 54626076, 1082, 0, 0
13878, 826, 170, 1445, 1, 0, 34.56%, 0, 1, 11, 5158.15, 54647732, 1082, 0, 0
13883, 826, 710, 1445, 1, 0, 34.56%, 0, 1, 11, 938.25, 54666331, 1082, 0, 0
13888, 826, 1132, 1445, 1, 0, 34.56%, 0, 1, 11, 3505.99, 54687841, 1082, 0, 0
13893, 827, 153, 1445, 1, 0, 34.56%, 0, 1, 11, 5631.03, 54708784, 1082, 0, 0
13898, 827, 723, 1445, 1, 0, 34.56%, 0, 1, 11, 5300.00, 54727659, 1082, 0, 0
13903, 827, 1207, 1445, 1, 0, 34.56%, 0, 1, 11, 4707.70, 54749239, 1082, 0, 0
13909, 828, 155, 1445, 0, 0, 34.56%, 0, 1, 11, 5430.78, 54770095, 1082, 0, 0
13914, 828, 714, 1445, 0, 0, 34.56%, 0, 1, 11, 5575.00, 54790161, 1082, 0, 0
13919, 828, 1207, 1445, 0, 0, 34.56%, 0, 1, 11, 4777.11, 54811159, 1082, 0, 0
13924, 829, 187, 1445, 0, 0, 34.56%, 0, 1, 11, 4588.98, 54832824, 1082, 0, 0
13929, 829, 748, 1445, 0, 0, 34.56%, 0, 1, 11, 4744.83, 54852390, 1082, 0, 0
13934, 829, 1216, 1445, 0, 0, 34.56%, 0, 1, 11, 4656.45, 54873343, 1082, 0, 0
13939, 830, 369, 1445, 0, 0, 34.56%, 0, 1, 11, 709.90, 54894938, 1082, 0, 0
13945, 830, 917, 1445, 0, 0, 34.56%, 0, 1, 11, 5317.17, 54916620, 1082, 0, 0
13950, 830, 1443, 1445, 0, 0, 34.56%, 0, 1, 11, 1260.17, 54935609, 1082, 0, 0
13955, 831, 483, 1445, 0, 0, 34.56%, 0, 1, 11, 4421.92, 54957520, 1082, 0, 0
13960, 831, 981, 1445, 0, 0, 34.56%, 0, 1, 11, 4464.11, 54979957, 1082, 0, 0
13965, 832, 48, 1445, 0, 0, 34.56%, 0, 1, 11, 4620.43, 54998728, 1082, 0, 0
13970, 832, 523, 1445, 0, 0, 34.56%, 0, 1, 11, 5260.18, 55018229, 1082, 0, 0
13975, 832, 1039, 1445, 0, 0, 34.56%, 0, 1, 11, 4422.34, 55041466, 1082, 0, 0
13980, 833, 121, 1445, 0, 0, 34.56%, 0, 1, 11, 363.64, 55060645, 1082, 0, 0
13986, 833, 723, 1445, 0, 0, 34.56%, 0, 1, 11, 4620.08, 55082800, 1082, 0, 0
13991, 833, 1246, 1445, 0, 0, 34.56%, 0, 1, 11, 4303.34, 55104008, 1082, 0, 0
13996, 834, 377, 1445, 0, 0, 34.56%, 0, 1, 11, 4992.36, 55126484, 1082, 0, 0
14001, 834, 765, 1445, 0, 0, 34.56%, 0, 1, 11, 4141.91, 55144355, 1082, 0, 0
14006, 834, 1303, 1445, 0, 0, 34.56%, 0, 1, 11, 3101.36, 55165623, 1082, 0, 0
14011, 835, 240, 1445, 0, 0, 34.56%, 0, 1, 11, 5498.85, 55186683, 1082, 0, 0
14016, 835, 755, 1445, 0, 0, 34.56%, 0, 1, 11, 4475.80, 55204256, 1082, 0, 0
14021, 835, 1286, 1445, 0, 0, 34.56%, 0, 1, 11, 3624.21, 55226306, 1082, 0, 0
14026, 836, 357, 1445, 0, 0, 34.56%, 0, 1, 11, 5071.42, 55247393, 1082, 0, 0
14031, 836, 846, 1445, 0, 0, 34.56%, 0, 1, 11, 331.97, 55267699, 1082, 0, 0
14037, 836, 1362, 1445, 0, 0, 34.56%, 0, 1, 11, 1582.96, 55287149, 1082, 0, 0
14042, 837, 460, 1445, 0, 0, 34.56%, 0, 1, 11, 4641.72, 55309348, 1082, 0, 0
14047, 837, 917, 1445, 0, 0, 34.56%, 0, 1, 11, 5318.24, 55330362, 1082, 0, 0
14052, 838, 43, 1445, 0, 0, 34.56%, 0, 1, 11, 1838.61, 55348949, 1082, 0, 0
14057, 838, 525, 1445, 0, 0, 34.56%, 0, 1, 11, 4263.19, 55369925, 1082, 0, 0
14062, 838, 981, 1445, 0, 0, 34.56%, 0, 1, 11, 5709.14, 55390282, 1082, 0, 0
14067, 839, 113, 1445, 0, 0, 34.56%, 0, 1, 11, 5515.20, 55409778, 1082, 0, 0
14072, 839, 741, 1445, 0, 0, 34.56%, 0, 1, 11, 4814.34, 55431098, 1082, 0, 0
14077, 839, 1119, 1445, 0, 0, 34.56%, 0, 1, 11, 3133.09, 55449260, 1082, 0, 0
14083, 840, 261, 1445, 0, 0, 34.56%, 0, 1, 11, 5386.47, 55471049, 1082, 0, 0
14088, 840, 869, 1445, 0, 0, 34.56%, 0, 1, 11, 4319.29, 55492799, 1082, 0, 0
14093, 840, 1335, 1445, 0, 0, 34.56%, 0, 1, 11, 823.53, 55511649, 1082, 0, 0
14098, 841, 170, 1445, 0, 0, 34.56%, 0, 1, 11, 3060.84, 55529033, 1082, 0, 0
14103, 841, 758, 1445, 0, 0, 34.56%, 0, 1, 11, 5017.41, 55550487, 1082, 0, 0
14108, 841, 1244, 1445, 0, 0, 34.56%, 0, 1, 11, 4493.45, 55571928, 1082, 0, 0
14113, 842, 166, 1445, 0, 0, 34.56%, 0, 1, 11, 5217.73, 55590892, 1082, 0, 0
14118, 842, 765, 1445, 0, 0, 34.56%, 0, 1, 11, 5394.73, 55612881, 1082, 0, 0
14123, 842, 1278, 1445, 0, 0, 34.56%, 0, 1, 11, 3587.41, 55632995, 1082, 0, 0
14128, 843, 258, 1445, 0, 0, 34.56%, 0, 1, 11, 875.72, 55653820, 1082, 0, 0
14133, 843, 770, 1445, 0, 0, 34.56%, 0, 1, 11, 5517.13, 55673245, 1082, 0, 0
14139, 843, 1419, 1445, 0, 0, 34.56%, 0, 1, 11, 4145.82, 55694007, 1082, 0, 0
14144, 844, 361, 1445, 0, 0, 34.56%, 0, 1, 11, 3821.28, 55713557, 1082, 0, 0
14149, 844, 879, 1445, 0, 0, 34.56%, 0, 1, 11, 5558.79, 55734429, 1082, 0, 0
14154, 845, 45, 1445, 0, 0, 34.56%, 0, 1, 11, 5973.58, 55754767, 1082, 0, 0
14159, 845, 590, 1445, 0, 0, 34.56%, 0, 1, 11, 4925.53, 55777577, 1082, 0, 0
14164, 845, 1038, 1445, 0, 0, 34.56%, 0, 1, 11, 4851.12, 55798721, 1082, 0, 0
14169, 846, 68, 1445, 0, 0, 34.56%, 0, 1, 11, 2384.94, 55817291, 1082, 0, 0
14174, 846, 579, 1445, 0, 0, 34.56%, 0, 1, 11, 746.63, 55838568, 1082, 0, 0
14180, 846, 1119, 1445, 0, 0, 34.56%, 0, 1, 11, 4257.59, 55859781, 1082, 0, 0
14185, 847, 138, 1446, 1, 0, 34.56%, 0, 1, 11, 5262.87, 55879975, 1082, 0, 0
14190, 847, 758, 1446, 1, 0, 34.56%, 0, 1, 11, 4542.00, 55901796, 1082, 0, 0
14195, 847, 1295, 1446, 1, 0, 34.56%, 0, 1, 11, 4677.32, 55923509, 1082, 0, 0
14200, 848, 349, 1446, 1, 0, 34.56%, 0, 1, 11, 3746.40, 55944048, 1082, 0, 0
14205, 848, 846, 1446, 1, 0, 34.56%, 0, 1, 11, 5100.29, 55964755, 1082, 0, 0
14210, 848, 1322, 1446, 1, 0, 34.56%, 0, 1, 11, 340.12, 55983005, 1082, 0, 0
14216, 849, 128, 1446, 0, 0, 34.56%, 0, 1, 11, 4485.82, 55999815, 1082, 0, 0
14221, 849, 696, 1446, 0, 0, 34.56%, 0, 1, 11, 3069.22, 56020717, 1082, 0, 0
14226, 849, 1071, 1446, 0, 0, 34.56%, 0, 1, 11, 421.94, 56040705, 1082, 0, 0
14231, 850, 121, 1446, 0, 0, 34.56%, 0, 1, 11, 5616.84, 56061055, 1082, 0, 0
14236, 850, 710, 1446, 0, 0, 34.56%, 0, 1, 11, 4752.41, 56080911, 1082, 0, 0
14242, 850, 1074, 1446, 0, 0, 34.56%, 0, 1, 11, 583.00, 56101972, 1082, 0, 0
14247, 851, 155, 1446, 0, 0, 34.56%, 0, 1, 11, 4796.40, 56123617, 1082, 0, 0
14252, 851, 758, 1446, 0, 0, 34.56%, 0, 1, 11, 3540.09, 56144093, 1082, 0, 0
14257, 851, 1232, 1446, 0, 0, 34.56%, 0, 1, 11, 3733.04, 56164173, 1082, 0, 0
14262, 852, 145, 1446, 0, 0, 34.56%, 0, 1, 11, 4345.24, 56182931, 1082, 0, 0
14267, 852, 764, 1446, 0, 0, 34.56%, 0, 1, 11, 4258.58, 56203970, 1082, 0, 0
14272, 852, 1281, 1446, 0, 0, 34.56%, 0, 1, 11, 4829.62, 56224466, 1082, 0, 0
14277, 853, 144, 1446, 0, 0, 34.56%, 0, 1, 11, 723.19, 56242756, 1082, 0, 0
14282, 853, 774, 1446, 0, 0, 34.56%, 0, 1, 11, 4455.10, 56264413, 1082, 0, 0
14288, 853, 1332, 1446, 0, 0, 34.56%, 0, 1, 11, 5120.57, 56285728, 1082, 0, 0
14293, 854, 399, 1446, 0, 0, 34.56%, 0, 1, 11, 5760.00, 56306119, 1082, 0, 0
14298, 854, 945, 1446, 0, 0, 34.56%, 0, 1, 11, 4465.96, 56327521, 1082, 0, 0
14303, 855, 75, 1446, 0, 0, 34.56%, 0, 1, 11, 4191.89, 56347435, 1082, 0, 0
14308, 855, 539, 1446, 0, 0, 34.56%, 0, 1, 11, 1499.89, 56367141, 1082, 0, 0
14313, 855, 1016, 1446, 0, 0, 34.56%, 0, 1, 11, 3494.25, 56389382, 1082, 0, 0
14318, 856, 120, 1446, 0, 0, 34.56%, 0, 1, 11, 5332.77, 56409092, 1082, 0, 0
14324, 856, 710, 1446, 0, 0, 34.56%, 0, 1, 11, 4732.71, 56429128, 1082, 0, 0
14329, 856, 1132, 1446, 0, 0, 34.56%, 0, 1, 11, 754.01, 56450014, 1082, 0, 0
14334, 857, 121, 1446, 0, 0, 34.56%, 0, 1, 11, 5623.65, 56469213, 1082, 0, 0
14339, 857, 710, 1446, 0, 0, 34.56%, 0, 1, 11, 4061.55, 56487845, 1082, 0, 0
14344, 857, 1027, 1446, 0, 0, 34.56%, 0, 1, 11, 2482.59, 56507131, 1082, 0, 0
14349, 858, 72, 1446, 0, 0, 34.56%, 0, 1, 11, 5972.60, 56524089, 1082, 0, 0
14354, 858, 710, 1446, 0, 0, 34.56%, 0, 1, 11, 4724.59, 56546728, 1082, 0, 0
14359, 858, 1092, 1446, 0, 0, 34.56%, 0, 1, 11, 5373.61, 56567498, 1082, 0, 0
14364, 859, 98, 1446, 0, 0, 34.56%, 0, 1, 11, 4117.30, 56586335, 1082, 0, 0
14369, 859, 591, 1446, 0, 0, 34.56%, 0, 1, 11, 4522.55, 56607326, 1082, 0, 0
14375, 859, 1025, 1446, 0, 0, 34.56%, 0, 1, 11, 4934.67, 56627525, 1082, 0, 0
14380, 860, 75, 1446, 0, 0, 34.56%, 0, 1, 11, 3416.92, 56645385, 1082, 0, 0
14385, 860, 699, 1446, 0, 0, 34.56%, 0, 1, 11, 5399.24, 56668006, 1082, 0, 0
14390, 860, 1085, 1446, 0, 0, 34.56%, 0, 1, 11, 4592.04, 56689518, 1082, 0, 0
14395, 861, 175, 1446, 0, 0, 34.56%, 0, 1, 11, 5340.06, 56711200, 1082, 0, 0
14400, 861, 766, 1446, 0, 0, 34.56%, 0, 1, 11, 4850.68, 56732525, 1082, 0, 0
14405, 861, 1285, 1446, 0, 0, 34.56%, 0, 1, 11, 4447.32, 56753548, 1082, 0, 0
14410, 862, 276, 1446, 0, 0, 34.56%, 0, 1, 11, 4293.91, 56774054, 1082, 0, 0
14416, 862, 833, 1446, 0, 0, 34.56%, 0, 1, 11, 340.34, 56793615, 1082, 0, 0
14421, 862, 1443, 1448, 2, 0, 34.56%, 0, 1, 11, 3696.52, 56813049, 1082, 0, 0
14426, 863, 535, 1448, 2, 0, 34.56%, 0, 1, 11, 3254.09, 56835809, 1082, 0, 0
14431, 863, 1010, 1448, 2, 0, 34.56%, 0, 1, 11, 5408.38, 56857871, 1082, 0, 0
14436, 864, 48, 1448, 2, 0, 34.56%, 0, 1, 11, 4698.64, 56876894, 1082, 0, 0
14441, 864, 532, 1448, 2, 0, 34.56%, 0, 1, 11, 5373.13, 56898227, 1082, 0, 0
14446, 864, 1025, 1448, 2, 0, 34.56%, 0, 1, 11, 4138.36, 56919441, 1082, 0, 0
14451, 865, 142, 1448, 2, 0, 34.56%, 0, 1, 11, 5752.78, 56941419, 1082, 0, 0
14457, 865, 765, 1448, 2, 0, 34.56%, 0, 1, 11, 4779.20, 56962557, 1082, 0, 0
14462, 865, 1280, 1448, 2, 0, 34.56%, 0, 1, 11, 4521.79, 56982560, 1082, 0, 0
14467, 866, 384, 1448, 2, 0, 34.56%, 0, 1, 11, 4608.16, 57005164, 1082, 0, 0
14472, 866, 894, 1448, 2, 0, 34.56%, 0, 1, 11, 3745.54, 57026288, 1082, 0, 0
14477, 866, 1428, 1448, 2, 0, 34.56%, 0, 1, 11, 4281.49, 57045643, 1082, 0, 0
14482, 867, 483, 1448, 2, 0, 34.56%, 0, 1, 11, 4978.74, 57066825, 1082, 0, 0
14488, 867, 933, 1448, 2, 0, 34.56%, 0, 1, 11, 4700.92, 57089709, 1082, 0, 0
14493, 868, 91, 1448, 2, 0, 34.56%, 0, 1, 11, 5629.85, 57110340, 1082, 0, 0
14498, 868, 635, 1448, 2, 0, 34.56%, 0, 1, 11, 5349.47, 57131303, 1082, 0, 0
14503, 868, 1098, 1448, 2, 0, 34.56%, 0, 1, 11, 4847.79, 57153396, 1082, 0, 0
14509, 869, 27, 1448, 1, 0, 34.56%, 0, 1, 11, 2541.41, 57169521, 1082, 0, 0
14514, 869, 539, 1448, 1, 0, 34.56%, 0, 1, 11, 4925.57, 57191747, 1082, 0, 0
14519, 869, 937, 1448, 1, 0, 34.56%, 0, 1, 11, 4926.13, 57212299, 1082, 0, 0
14524, 870, 86, 1448, 1, 0, 34.56%, 0, 1, 11, 5221.36, 57232768, 1082, 0, 0
14529, 870, 618, 1448, 1, 0, 34.56%, 0, 1, 11, 720.28, 57253898, 1082, 0, 0
14534, 870, 1039, 1448, 1, 0, 34.56%, 0, 1, 11, 3493.39, 57275831, 1082, 0, 0
14539, 870, 1446, 1448, 1, 0, 34.56%, 0, 1, 11, 3407.72, 57289115, 1082, 0, 0
14544, 871, 500, 1448, 0, 0, 34.56%, 0, 1, 11, 3821.64, 57312358, 1082, 0, 0
14550, 871, 1016, 1448, 0, 0, 34.56%, 0, 1, 11, 5014.87, 57334945, 1082, 0, 0
14555, 872, 68, 1448, 0, 0, 34.56%, 0, 1, 11, 5845.00, 57353010, 1082, 0, 0
14560, 872, 616, 1448, 0, 0, 34.56%, 0, 1, 11, 5061.42, 57375852, 1082, 0, 0
14565, 872, 1132, 1448, 0, 0, 34.56%, 0, 1, 11, 4570.43, 57398132, 1082, 0, 0
14570, 873, 175, 1448, 0, 0, 34.56%, 0, 1, 11, 3546.71, 57419132, 1082, 0, 0
14576, 873, 781, 1448, 0, 0, 34.56%, 0, 1, 11, 471.26, 57440075, 1082, 0, 0
14581, 873, 1348, 1448, 0, 0, 34.56%, 0, 1, 11, 4317.66, 57460041, 1082, 0, 0
14586, 874, 371, 1448, 0, 0, 34.56%, 0, 1, 11, 5108.14, 57481355, 1082, 0, 0
14591, 874, 925, 1448, 0, 0, 34.56%, 0, 1, 11, 5296.74, 57503478, 1082, 0, 0
14596, 875, 61, 1448, 0, 0, 34.56%, 0, 1, 11, 4886.20, 57522390, 1082, 0, 0
14601, 875, 528, 1448, 0, 0, 34.56%, 0, 1, 11, 5052.48, 57545129, 1082, 0, 0
14606, 875, 925, 1448, 0, 0, 34.56%, 0, 1, 11, 4176.61, 57567222, 1082, 0, 0
14611, 875, 1396, 1448, 0, 0, 34.56%, 0, 1, 11, 4527.01, 57586238, 1082, 0, 0
14617, 876, 499, 1448, 0, 0, 34.56%, 0, 1, 11, 4642.93, 57609080, 1082, 0, 0
14622, 876, 924, 1448, 0, 0, 34.56%, 0, 1, 11, 5338.57, 57630767, 1082, 0, 0
14627, 877, 72, 1448, 0, 0, 34.56%, 0, 1, 11, 2494.99, 57651379, 1082, 0, 0
14632, 877, 653, 1448, 0, 0, 34.56%, 0, 1, 11, 4420.00, 57671853, 1082, 0, 0
14637, 877, 1207, 1448, 0, 0, 34.56%, 0, 1, 11, 4565.74, 57693422, 1082, 0, 0
14642, 878, 137, 1448, 0, 0, 34.56%, 0, 1, 11, 5155.84, 57711693, 1082, 0, 0
14647, 878, 711, 1448, 0, 0, 34.56%, 0, 1, 11, 4750.18, 57732920, 1082, 0, 0
14652, 878, 1134, 1448, 0, 0, 34.56%, 0, 1, 11, 4697.36, 57753320, 1082, 0, 0
14657, 879, 121, 1448, 0, 0, 34.56%, 0, 1, 11, 5288.17, 57772443, 1082, 0, 0
14662, 879, 717, 1448, 0, 0, 34.56%, 0, 1, 11, 4832.41, 57794383, 1082, 0, 0
14668, 879, 1119, 1448, 0, 0, 34.56%, 0, 1, 11, 337.53, 57813883, 1082, 0, 0
14673, 880, 121, 1448, 0, 0, 34.56%, 0, 1, 11, 5861.89, 57832613, 1082, 0, 0
14678, 880, 734, 1448, 0, 0, 34.56%, 0, 1, 11, 4960.44, 57854140, 1082, 0, 0
14683, 880, 1132, 1448, 0, 0, 34.56%, 0, 1, 11, 428.57, 57874235, 1082, 0, 0
14688, 881, 170, 1448, 0, 0, 34.56%, 0, 1, 11, 5382.36, 57895659, 1082, 0, 0
14693, 881, 758, 1448, 0, 0, 34.56%, 0, 1, 11, 3830.54, 57917270, 1082, 0, 0
14698, 881, 1298, 1448, 0, 0, 34.56%, 0, 1, 11, 4493.19, 57938720, 1082, 0, 0
14704, 882, 170, 1448, 0, 0, 34.56%, 0, 1, 11, 3468.70, 57957568, 1082, 0, 0
14709, 882, 774, 1448, 0, 0, 34.56%, 0, 1, 11, 4024.63, 57977878, 1082, 0, 0
14714, 882, 1391, 1448, 0, 0, 34.56%, 0, 1, 11, 4187.82, 57998759, 1082, 0, 0
14719, 883, 347, 1448, 0, 0, 34.56%, 0, 1, 11, 457.83, 58018363, 1082, 0, 0
14724, 883, 879, 1448, 0, 0, 34.56%, 0, 1, 11, 4700.36, 58039654, 1082, 0, 0
14729, 883, 1382, 1448, 0, 0, 34.56%, 0, 1, 11, 4035.95, 58058919, 1082, 0, 0
14734, 884, 417, 1448, 0, 0, 34.56%, 0, 1, 11, 4508.52, 58081031, 1082, 0, 0
14740, 884, 927, 1448, 0, 0, 34.56%, 0, 1, 11, 4420.05, 58102009, 1082, 0, 0
14745, 884, 1321, 1448, 0, 0, 34.56%, 0, 1, 11, 4139.14, 58121765, 1082, 0, 0
14750, 885, 432, 1448, 0, 0, 34.56%, 0, 1, 11, 3870.40, 58143383, 1082, 0, 0
14755, 885, 921, 1448, 0, 0, 34.56%, 0, 1, 11, 3365.73, 58164007, 1082, 0, 0
14760, 885, 1423, 1448, 0, 0, 34.56%, 0, 1, 11, 4689.31, 58181598, 1082, 0, 0
14765, 886, 460, 1448, 0, 0, 34.56%, 0, 1, 11, 5737.54, 58203856, 1082, 0, 0
14770, 886, 925, 1448, 0, 0, 34.56%, 0, 1, 11, 4157.04, 58225972, 1082, 0, 0
14775, 887, 31, 1448, 0, 0, 34.56%, 0, 1, 11, 2272.67, 58244845, 1082, 0, 0
14781, 887, 523, 1448, 0, 0, 34.56%, 0, 1, 11, 3910.40, 58266598, 1082, 0, 0
14786, 887, 1016, 1448, 0, 0, 34.56%, 0, 1, 11, 5328.07, 58288478, 1082, 0, 0
14791, 888, 113, 1448, 0, 0, 34.56%, 0, 1, 11, 4984.10, 58308882, 1082, 0, 0
14796, 888, 710, 1448, 0, 0, 34.56%, 0, 1, 11, 5295.00, 58328786, 1082, 0, 0
14801, 888, 1177, 1448, 0, 0, 34.56%, 0, 1, 11, 4682.00, 58350590, 1082, 0, 0
14806, 889, 180, 1448, 0, 0, 34.56%, 0, 1, 11, 4807.03, 58369339, 1082, 0, 0
14811, 889, 755, 1448, 0, 0, 34.56%, 0, 1, 11, 4193.50, 58388309, 1082, 0, 0
14816, 889, 1295, 1448, 0, 0, 34.56%, 0, 1, 11, 3391.54, 58409684, 1082, 0, 0
14822, 890, 370, 1448, 0, 0, 34.56%, 0, 1, 11, 5033.90, 58431247, 1082, 0, 0
14827, 890, 862, 1448, 0, 0, 34.56%, 0, 1, 11, 5128.94, 58451086, 1082, 0, 0
14832, 890, 1393, 1448, 0, 0, 34.56%, 0, 1, 11, 4273.25, 58470998, 1082, 0, 0
14837, 891, 328, 1448, 0, 0, 34.56%, 0, 1, 11, 3806.95, 58491643, 1082, 0, 0
14842, 891, 833, 1448, 0, 0, 34.56%, 0, 1, 11, 5134.26, 58512118, 1082, 0, 0
14847, 891, 1312, 1448, 0, 0, 34.56%, 0, 1, 11, 188.14, 58530582, 1082, 0, 0
14853, 892, 228, 1448, 0, 0, 34.56%, 0, 1, 11, 5227.77, 58550150, 1082, 0, 0
14858, 892, 762, 1448, 0, 0, 34.56%, 0, 1, 11, 5370.83, 58570675, 1082, 0, 0
14863, 892, 1308, 1448, 0, 0, 34.56%, 0, 1, 11, 4986.76, 58592760, 1082, 0, 0
14868, 893, 384, 1448, 0, 0, 34.56%, 0, 1, 11, 4686.74, 58614124, 1082, 0, 0
14873, 893, 945, 1448, 0, 0, 34.56%, 0, 1, 11, 5542.71, 58636598, 1082, 0, 0
14878, 894, 47, 1448, 0, 0, 34.56%, 0, 1, 11, 4343.28, 58656861, 1082, 0, 0
14884, 894, 640, 1448, 0, 0, 34.56%, 0, 1, 11, 4100.39, 58680048, 1082, 0, 0
14889, 894, 1082, 1448, 0, 0, 34.56%, 0, 1, 11, 4486.52, 58700933, 1082, 0, 0
14894, 895, 77, 1448, 0, 0, 34.56%, 0, 1, 11, 3973.76, 58719610, 1082, 0, 0
14899, 895, 539, 1448, 0, 0, 34.56%, 0, 1, 11, 4963.67, 58742930, 1082, 0, 0
14904, 895, 1070, 1448, 0, 0, 34.56%, 0, 1, 11, 3982.12, 58765247, 1082, 0, 0
14909, 896, 139, 1448, 0, 0, 34.56%, 0, 1, 11, 5858.59, 58785999, 1082, 0, 0
14914, 896, 714, 1448, 0, 0, 34.56%, 0, 1, 11, 3335.00, 58806152, 1082, 0, 0
14919, 896, 1207, 1448, 0, 0, 34.56%, 0, 1, 11, 4710.17, 58827642, 1082, 0, 0
14925, 897, 240, 1448, 0, 0, 34.56%, 0, 1, 11, 3943.34, 58848105, 1082, 0, 0
14930, 897, 862, 1448, 0, 0, 34.56%, 0, 1, 11, 458.51, 58868692, 1082, 0, 0
14935, 898, 12, 1448, 0, 0, 34.56%, 0, 1, 11, 5252.48, 58888761, 1082, 0, 0
14940, 898, 561, 1448, 0, 0, 34.56%, 0, 1, 11, 5118.94, 58911854, 1082, 0, 0
14945, 898, 1002, 1448, 0, 0, 34.56%, 0, 1, 11, 4759.95, 58933924, 1082, 0, 0
14950, 899, 43, 1448, 0, 0, 34.56%, 0, 1, 11, 4240.43, 58949948, 1082, 0, 0
14955, 899, 577, 1448, 0, 0, 34.56%, 0, 1, 11, 4939.25, 58973177, 1082, 0, 0
14960, 899, 1074, 1448, 0, 0, 34.56%, 0, 1, 11, 5262.27, 58994565, 1082, 0, 0
14965, 900, 145, 1448, 0, 0, 34.56%, 0, 1, 11, 4746.25, 59015259, 1082, 0, 0
14970, 900, 735, 1448, 0, 0, 34.56%, 0, 1, 11, 5164.52, 59035451, 1082, 0, 0
14976, 900, 1213, 1448, 0, 0, 34.56%, 0, 1, 11, 4742.63, 59056006, 1082, 0, 0
14981, 901, 185, 1448, 0, 0, 34.56%, 0, 1, 11, 5685.68, 59076170, 1082, 0, 0
14986, 901, 858, 1448, 0, 0, 34.56%, 0, 1, 11, 5064.40, 59098149, 1082, 0, 0
14991, 901, 1317, 1448, 0, 0, 34.56%, 0, 1, 11, 5020.00, 59117336, 1082, 0, 0
14996, 902, 371, 1448, 0, 0, 34.56%, 0, 1, 11, 4871.32, 59139946, 1082, 0, 0
15001, 902, 862, 1448, 0, 0, 34.56%, 0, 1, 11, 5033.34, 59159669, 1082, 0, 0
15006, 902, 1377, 1448, 0, 0, 34.56%, 0, 1, 11, 1184.96, 59178612, 1082, 0, 0
15012, 903, 434, 1448, 0, 0, 34.56%, 0, 1, 11, 5848.22, 59200805, 1082, 0, 0
15017, 903, 927, 1451, 3, 0, 34.56%, 0, 1, 11, 3410.48, 59223337, 1082, 0, 0
15023, 903, 1450, 1451, 3, 0, 34.56%, 0, 1, 11, 3586.54, 59243230, 1082, 0, 0
15028, 904, 538, 1451, 2, 0, 34.56%, 0, 1, 11, 4443.19, 59266071, 1082, 0, 0
15033, 904, 1040, 1451, 2, 0, 34.56%, 0, 1, 11, 5529.69, 59288726, 1082, 0, 0
15039, 905, 65, 1452, 3, 0, 34.56%, 0, 1, 11, 3658.98, 59305732, 1082, 0, 0
15044, 905, 520, 1452, 3, 0, 34.56%, 0, 1, 11, 621.15, 59324434, 1082, 0, 0
15049, 905, 981, 1452, 3, 0, 34.56%, 0, 1, 11, 2927.83, 59346065, 1082, 0, 0
15054, 905, 1451, 1452, 2, 0, 34.56%, 0, 1, 11, 3333.56, 59361351, 1082, 0, 0
15059, 906, 499, 1452, 1, 0, 34.56%, 0, 1, 11, 5012.89, 59383534, 1082, 0, 0
15064, 906, 933, 1452, 1, 0, 34.56%, 0, 1, 11, 4900.36, 59405447, 1082, 0, 0
15069, 906, 1395, 1452, 1, 0, 34.56%, 0, 1, 11, 3722.93, 59423177, 1082, 0, 0
15075, 907, 404, 1452, 0, 0, 34.56%, 0, 1, 11, 5216.70, 59445978, 1082, 0, 0
15080, 907, 881, 1452, 0, 0, 34.56%, 0, 1, 11, 4596.54, 59466006, 1082, 0, 0
15085, 908, 13, 1452, 0, 0, 34.56%, 0, 1, 11, 4044.85, 59485947, 1082, 0, 0
15090, 908, 530, 1452, 0, 0, 34.56%, 0, 1, 11, 3845.65, 59507703, 1082, 0, 0
15095, 908, 945, 1452, 0, 0, 34.56%, 0, 1, 11, 4353.02, 59527081, 1082, 0, 0
15100, 909, 138, 1452, 0, 0, 34.56%, 0, 1, 11, 3950.14, 59548447, 1082, 0, 0
15105, 909, 712, 1452, 0, 0, 34.56%, 0, 1, 11, 5160.03, 59569022, 1082, 0, 0
15110, 909, 1164, 1452, 0, 0, 34.56%, 0, 1, 11, 4641.53, 59590407, 1082, 0, 0
15116, 910, 183, 1452, 0, 0, 34.56%, 0, 1, 11, 4924.84, 59610518, 1082, 0, 0
15121, 910, 846, 1452, 0, 0, 34.56%, 0, 1, 11, 5091.98, 59633294, 1082, 0, 0
15126, 910, 1321, 1452, 0, 0, 34.56%, 0, 1, 11, 3998.16, 59653603, 1082, 0, 0
15131, 911, 406, 1452, 0, 0, 34.56%, 0, 1, 11, 5140.52, 59675439, 1082, 0, 0
15136, 911, 982, 1452, 0, 0, 34.56%, 0, 1, 11, 4984.78, 59699116, 1082, 0, 0
15141, 912, 48, 1452, 0, 0, 34.56%, 0, 1, 11, 5051.85, 59717938, 1082, 0, 0
15147, 912, 581, 1452, 0, 0, 34.56%, 0, 1, 11, 5116.03, 59741355, 1082, 0, 0
15152, 912, 1036, 1452, 0, 0, 34.56%, 0, 1, 11, 5236.68, 59762952, 1082, 0, 0
15157, 913, 138, 1452, 0, 0, 34.56%, 0, 1, 11, 5102.38, 59783459, 1082, 0, 0
15162, 913, 774, 1452, 0, 0, 34.56%, 0, 1, 11, 705.88, 59805564, 1082, 0, 0
15167, 913, 1289, 1452, 0, 0, 34.56%, 0, 1, 11, 4125.41, 59827488, 1082, 0, 0
15172, 914, 167, 1452, 0, 0, 34.56%, 0, 1, 11, 4257.95, 59846736, 1082, 0, 0
15177, 914, 740, 1452, 0, 0, 34.56%, 0, 1, 11, 2710.87, 59867585, 1082, 0, 0
15183, 914, 1192, 1452, 0, 0, 34.56%, 0, 1, 11, 4832.47, 59888208, 1082, 0, 0
15188, 915, 165, 1452, 0, 0, 34.56%, 0, 1, 11, 5635.30, 59907196, 1082, 0, 0
15193, 915, 774, 1452, 0, 0, 34.56%, 0, 1, 11, 605.34, 59928147, 1082, 0, 0
15198, 915, 1346, 1452, 0, 0, 34.56%, 0, 1, 11, 1102.91, 59948404, 1082, 0, 0
15203, 916, 257, 1452, 0, 0, 34.56%, 0, 1, 11, 4361.86, 59970113, 1082, 0, 0
15208, 916, 925, 1452, 0, 0, 34.56%, 0, 1, 11, 5149.75, 59992959, 1082, 0, 0
15213, 916, 1418, 1452, 0, 0, 34.56%, 0, 1, 11, 3314.33, 60010671, 1082, 0, 0
15218, 917, 325, 1452, 0, 0, 34.56%, 0, 1, 11, 570.72, 60029512, 1082, 0, 0
15224, 917, 914, 1452, 0, 0, 34.56%, 0, 1, 11, 3539.74, 60051288, 1082, 0, 0
15229, 917, 1437, 1452, 0, 0, 34.56%, 0, 1, 11, 3688.49, 60069527, 1082, 0, 0
15234, 918, 499, 1452, 0, 0, 34.56%, 0, 1, 11, 4442.39, 60091077, 1082, 0, 0
15239, 918, 941, 1452, 0, 0, 34.56%, 0, 1, 11, 4343.10, 60112046, 1082, 0, 0
15244, 919, 93, 1452, 0, 0, 34.56%, 0, 1, 11, 5852.62, 60133085, 1082, 0, 0
15249, 919, 710, 1452, 0, 0, 34.56%, 0, 1, 11, 4718.64, 60154774, 1082, 0, 0
15254, 919, 1128, 1452, 0, 0, 34.56%, 0, 1, 11, 4751.47, 60176173, 1082, 0, 0
15259, 920, 115, 1452, 0, 0, 34.56%, 0, 1, 11, 4414.24, 60195392, 1082, 0, 0
15264, 920, 714, 1452, 0, 0, 34.56%, 0, 1, 11, 472.08, 60216483, 1082, 0, 0
15270, 920, 1132, 1452, 0, 0, 34.56%, 0, 1, 11, 4748.52, 60238334, 1082, 0, 0
15275, 921, 178, 1452, 0, 0, 34.56%, 0, 1, 11, 4633.03, 60259442, 1082, 0, 0
15280, 921, 726, 1452, 0, 0, 34.56%, 0, 1, 11, 4015.71, 60278355, 1082, 0, 0
15285, 921, 1138, 1452, 0, 0, 34.56%, 0, 1, 11, 4483.27, 60297624, 1082, 0, 0
15290, 922, 166, 1452, 0, 0, 34.56%, 0, 1, 11, 4413.39, 60316784, 1082, 0, 0
15295, 922, 833, 1452, 0, 0, 34.56%, 0, 1, 11, 5435.05, 60338693, 1082, 0, 0
15300, 923, 4, 1452, 0, 0, 34.56%, 0, 1, 11, 3773.78, 60358267, 1082, 0, 0
15305, 923, 520, 1452, 0, 0, 34.56%, 0, 1, 11, 4138.65, 60381215, 1082, 0, 0
15310, 923, 941, 1452, 0, 0, 34.56%, 0, 1, 11, 3001.66, 60401896, 1082, 0, 0
15315, 924, 89, 1452, 0, 0, 34.56%, 0, 1, 11, 5766.38, 60421703, 1082, 0, 0
15320, 924, 610, 1452, 0, 0, 34.56%, 0, 1, 11, 4960.84, 60442954, 1082, 0, 0
15326, 924, 1117, 1452, 0, 0, 34.56%, 0, 1, 11, 4944.56, 60464095, 1082, 0, 0
15331, 925, 167, 1452, 0, 0, 34.56%, 0, 1, 11, 5265.82, 60484603, 1082, 0, 0
15336, 925, 833, 1452, 0, 0, 34.56%, 0, 1, 11, 4233.46, 60507134, 1082, 0, 0
15341, 926, 4, 1452, 0, 0, 34.56%, 0, 1, 11, 1263.97, 60526949, 1082, 0, 0
15346, 926, 497, 1452, 0, 0, 34.56%, 0, 1, 11, 5457.29, 60549711, 1082, 0, 0
15351, 926, 1012, 1452, 0, 0, 34.56%, 0, 1, 11, 4492.00, 60571176, 1082, 0, 0
15356, 927, 106, 1452, 0, 0, 34.56%, 0, 1, 11, 5393.38, 60589588, 1082, 0, 0
15361, 927, 631, 1452, 0, 0, 34.56%, 0, 1, 11, 3029.85, 60609472, 1082, 0, 0
15367, 927, 1210, 1452, 0, 0, 34.56%, 0, 1, 11, 4161.40, 60631095, 1082, 0, 0
15372, 928, 371, 1452, 0, 0, 34.56%, 0, 1, 11, 4561.72, 60653568, 1082, 0, 0
15377, 928, 879, 1452, 0, 0, 34.56%, 0, 1, 11, 3894.32, 60676575, 1082, 0, 0
15382, 929, 31, 1452, 0, 0, 34.56%, 0, 1, 11, 4430.57, 60695344, 1082, 0, 0
15387, 929, 576, 1452, 0, 0, 34.56%, 0, 1, 11, 4997.12, 60718438, 1082, 0, 0
15392, 929, 951, 1452, 0, 0, 34.56%, 0, 1, 11, 4521.46, 60738704, 1082, 0, 0
15397, 930, 113, 1452, 0, 0, 34.56%, 0, 1, 11, 3476.50, 60760726, 1082, 0, 0
15402, 930, 710, 1452, 0, 0, 34.56%, 0, 1, 11, 4308.53, 60782942, 1082, 0, 0
15407, 930, 1139, 1452, 0, 0, 34.56%, 0, 1, 11, 4027.84, 60804451, 1082, 0, 0
15412, 931, 324, 1452, 0, 0, 34.56%, 0, 1, 11, 5247.28, 60825563, 1082, 0, 0
15418, 931, 879, 1452, 0, 0, 34.56%, 0, 1, 11, 5379.02, 60847077, 1082, 0, 0
15423, 931, 1383, 1452, 0, 0, 34.56%, 0, 1, 11, 800.00, 60866012, 1082, 0, 0
15428, 932, 348, 1452, 0, 0, 34.56%, 0, 1, 11, 3511.40, 60886226, 1082, 0, 0
15433, 932, 878, 1452, 0, 0, 34.56%, 0, 1, 11, 5206.88, 60907094, 1082, 0, 0
15438, 932, 1365, 1452, 0, 0, 34.56%, 0, 1, 11, 3276.64, 60926898, 1082, 0, 0
15443, 933, 490, 1452, 0, 0, 34.56%, 0, 1, 11, 4196.23, 60949784, 1082, 0, 0
15448, 933, 948, 1452, 0, 0, 34.56%, 0, 1, 11, 4138.22, 60969353, 1082, 0, 0
15453, 934, 41, 1452, 0, 0, 34.56%, 0, 1, 11, 4315.61, 60987427, 1082, 0, 0
15458, 934, 525, 1452, 0, 0, 34.56%, 0, 1, 11, 2986.69, 61009956, 1082, 0, 0
15464, 934, 1032, 1452, 0, 0, 34.56%, 0, 1, 11, 3997.14, 61032318, 1082, 0, 0
15469, 935, 86, 1452, 0, 0, 34.56%, 0, 1, 11, 3419.51, 61049986, 1082, 0, 0
15474, 935, 591, 1452, 0, 0, 34.56%, 0, 1, 11, 3410.00, 61072132, 1082, 0, 0
15479, 935, 1132, 1452, 0, 0, 34.56%, 0, 1, 11, 4048.25, 61094254, 1082, 0, 0
15484, 936, 167, 1452, 0, 0, 34.56%, 0, 1, 11, 4138.25, 61114656, 1082, 0, 0
15489, 936, 774, 1452, 0, 0, 34.56%, 0, 1, 11, 2312.60, 61136052, 1082, 0, 0
15494, 936, 1212, 1452, 0, 0, 34.56%, 0, 1, 11, 2123.06, 61153884, 1082, 0, 0
15499, 937, 197, 1452, 0, 0, 34.56%, 0, 1, 11, 2928.90, 61174104, 1082, 0, 0
15505, 937, 774, 1452, 0, 0, 34.56%, 0, 1, 11, 4701.86, 61196683, 1082, 0, 0
15510, 937, 1309, 1452, 0, 0, 34.56%, 0, 1, 11, 4710.17, 61217476, 1082, 0, 0
15515, 938, 280, 1452, 0, 0, 34.56%, 0, 1, 11, 4760.27, 61236155, 1082, 0, 0
15520, 938, 853, 1452, 0, 0, 34.56%, 0, 1, 11, 4075.47, 61258204, 1082, 0, 0
15525, 938, 1424, 1452, 0, 0, 34.56%, 0, 1, 11, 3613.96, 61278681, 1082, 0, 0
15530, 939, 521, 1452, 0, 0, 34.56%, 0, 1, 11, 2649.59, 61301842, 1082, 0, 0
15535, 939, 989, 1452, 0, 0, 34.56%, 0, 1, 11, 802.20, 61323005, 1082, 0, 0
15541, 940, 93, 1452, 0, 0, 34.56%, 0, 1, 11, 5273.75, 61343408, 1082, 0, 0
15546, 940, 595, 1452, 0, 0, 34.56%, 0, 1, 11, 5480.29, 61363007, 1082, 0, 0
15551, 940, 1051, 1452, 0, 0, 34.56%, 0, 1, 11, 5204.75, 61385025, 1082, 0, 0
15556, 941, 11, 1452, 0, 0, 34.56%, 0, 1, 11, 4400.00, 61399815, 1082, 0, 0
15561, 941, 506, 1452, 0, 0, 34.56%, 0, 1, 11, 1483.76, 61422141, 1082, 0, 0
15566, 941, 933, 1452, 0, 0, 34.56%, 0, 1, 11, 5060.93, 61443411, 1082, 0, 0
15572, 942, 77, 1452, 0, 0, 34.56%, 0, 1, 11, 3795.43, 61463077, 1082, 0, 0
15577, 942, 590, 1452, 0, 0, 34.56%, 0, 1, 11, 4830.57, 61483436, 1082, 0, 0
15582, 942, 973, 1452, 0, 0, 34.56%, 0, 1, 11, 4572.36, 61504476, 1082, 0, 0
15587, 943, 153, 1452, 0, 0, 34.56%, 0, 1, 11, 5901.65, 61526841, 1082, 0, 0
15592, 943, 827, 1452, 0, 0, 34.56%, 0, 1, 11, 4497.81, 61547560, 1082, 0, 0
15597, 943, 1313, 1452, 0, 0, 34.56%, 0, 1, 11, 842.41, 61566102, 1082, 0, 0
15602, 944, 327, 1452, 0, 0, 34.56%, 0, 1, 11, 5423.41, 61586595, 1082, 0, 0
15607, 944, 895, 1452, 0, 0, 34.56%, 0, 1, 11, 4785.82, 61608172, 1082, 0, 0
15612, 944, 1427, 1452, 0, 0, 34.56%, 0, 1, 11, 3130.67, 61626014, 1082, 0, 0
15618, 945, 498, 1455, 3, 0, 34.56%, 0, 1, 11, 5649.69, 61648018, 1082, 0, 0
15623, 945, 977, 1455, 3, 0, 34.56%, 0, 1, 11, 4895.99, 61669676, 1082, 0, 0
15628, 946, 15, 1455, 1, 0, 34.56%, 0, 1, 11, 4774.30, 61687409, 1082, 0, 0
15633, 946, 525, 1455, 1, 0, 34.56%, 0, 1, 11, 5218.91, 61708224, 1082, 0, 0
15638, 946, 973, 1455, 1, 0, 34.56%, 0, 1, 11, 4898.35, 61728456, 1082, 0, 0
15644, 946, 1452, 1455, 1, 0, 34.56%, 0, 1, 11, 3488.31, 61746309, 1082, 0, 0
15649, 947, 499, 1455, 0, 0, 34.56%, 0, 1, 11, 4179.28, 61769270, 1082, 0, 0
15654, 947, 1016, 1455, 0, 0, 34.56%, 0, 1, 11, 4425.02, 61792290, 1082, 0, 0
15659, 948, 39, 1455, 0, 0, 34.56%, 0, 1, 11, 3944.85, 61808767, 1082, 0, 0
15665, 948, 577, 1455, 0, 0, 34.56%, 0, 1, 11, 5419.74, 61831356, 1082, 0, 0
15670, 948, 1025, 1455, 0, 0, 34.56%, 0, 1, 11, 5143.64, 61852456, 1082, 0, 0
15675, 949, 137, 1455, 0, 0, 34.56%, 0, 1, 11, 5778.78, 61872867, 1082, 0, 0
15680, 949, 717, 1455, 0, 0, 34.56%, 0, 1, 11, 4697.79, 61894172, 1082, 0, 0
15685, 949, 1113, 1455, 0, 0, 34.56%, 0, 1, 11, 4269.37, 61914814, 1082, 0, 0
15690, 950, 153, 1455, 0, 0, 34.56%, 0, 1, 11, 4117.69, 61934913, 1082, 0, 0
15695, 950, 740, 1455, 0, 0, 34.56%, 0, 1, 11, 4383.26, 61956214, 1082, 0, 0
15700, 950, 1269, 1455, 0, 0, 34.56%, 0, 1, 11, 4951.55, 61977539, 1082, 0, 0
15706, 951, 175, 1455, 0, 0, 34.56%, 0, 1, 11, 5405.43, 61997390, 1082, 0, 0
15711, 951, 765, 1455, 0, 0, 34.56%, 0, 1, 11, 1940.00, 62018903, 1082, 0, 0
15716, 951, 1340, 1455, 0, 0, 34.56%, 0, 1, 11, 4796.02, 62039349, 1082, 0, 0
15721, 952, 337, 1455, 0, 0, 34.56%, 0, 1, 11, 3482.54, 62059345, 1082, 0, 0
15726, 952, 896, 1455, 0, 0, 34.56%, 0, 1, 11, 4315.09, 62081612, 1082, 0, 0
15731, 953, 11, 1455, 0, 0, 34.56%, 0, 1, 11, 2442.26, 62101005, 1082, 0, 0
15736, 953, 507, 1455, 0, 0, 34.56%, 0, 1, 11, 4637.26, 62124377, 1082, 0, 0
15741, 953, 948, 1455, 0, 0, 34.56%, 0, 1, 11, 5468.04, 62144983, 1082, 0, 0
15747, 953, 1448, 1455, 0, 0, 34.56%, 0, 1, 11, 4228.06, 62163496, 1082, 0, 0
15752, 954, 523, 1455, 0, 0, 34.56%, 0, 1, 11, 3548.35, 62186342, 1082, 0, 0
15757, 954, 1025, 1455, 0, 0, 34.56%, 0, 1, 11, 4919.11, 62208713, 1082, 0, 0
15762, 955, 139, 1455, 0, 0, 34.56%, 0, 1, 11, 5058.12, 62230531, 1082, 0, 0
15767, 955, 723, 1455, 0, 0, 34.56%, 0, 1, 11, 4393.76, 62251232, 1082, 0, 0
15772, 955, 1294, 1455, 0, 0, 34.56%, 0, 1, 11, 3540.86, 62273436, 1082, 0, 0
15777, 956, 347, 1455, 0, 0, 34.56%, 0, 1, 11, 5024.00, 62293858, 1082, 0, 0
15783, 956, 824, 1455, 0, 0, 34.56%, 0, 1, 11, 4997.41, 62316019, 1082, 0, 0
15788, 956, 1319, 1455, 0, 0, 34.56%, 0, 1, 11, 4596.02, 62336451, 1082, 0, 0
15793, 957, 358, 1455, 0, 0, 34.56%, 0, 1, 11, 5135.00, 62358174, 1082, 0, 0
15798, 957, 833, 1455, 0, 0, 34.56%, 0, 1, 11, 4032.37, 62378306, 1082, 0, 0
15803, 957, 1417, 1455, 0, 0, 34.56%, 0, 1, 11, 596.06, 62396874, 1082, 0, 0
15808, 958, 465, 1455, 0, 0, 34.56%, 0, 1, 11, 4501.85, 62419676, 1082, 0, 0
15813, 958, 945, 1455, 0, 0, 34.56%, 0, 1, 11, 4534.30, 62441550, 1082, 0, 0
15818, 959, 94, 1455, 0, 0, 34.56%, 0, 1, 11, 5314.75, 62462003, 1082, 0, 0
15823, 959, 577, 1455, 0, 0, 34.56%, 0, 1, 11, 4815.40, 62483448, 1082, 0, 0
15829, 959, 982, 1455, 0, 0, 34.56%, 0, 1, 11, 5291.58, 62504816, 1082, 0, 0
15834, 960, 53, 1455, 0, 0, 34.56%, 0, 1, 11, 4369.62, 62523122, 1082, 0, 0
15839, 960, 621, 1455, 0, 0, 34.56%, 0, 1, 11, 5670.00, 62545697, 1082, 0, 0
15844, 960, 998, 1455, 0, 0, 34.56%, 0, 1, 11, 5590.03, 62566143, 1082, 0, 0
15849, 961, 154, 1455, 0, 0, 34.56%, 0, 1, 11, 4181.26, 62587350, 1082, 0, 0
15854, 961, 717, 1455, 0, 0, 34.56%, 0, 1, 11, 4915.21, 62607285, 1082, 0, 0
15859, 961, 1132, 1455, 0, 0, 34.56%, 0, 1, 11, 4580.40, 62628068, 1082, 0, 0
15864, 962, 192, 1455, 0, 0, 34.56%, 0, 1, 11, 3557.77, 62648871, 1082, 0, 0
15869, 962, 758, 1455, 0, 0, 34.56%, 0, 1, 11, 4142.46, 62669244, 1082, 0, 0
15874, 962, 1282, 1455, 0, 0, 34.56%, 0, 1, 11, 4190.52, 62689785, 1082, 0, 0
15880, 963, 115, 1455, 0, 0, 34.56%, 0, 1, 11, 4070.94, 62705942, 1082, 0, 0
15885, 963, 750, 1455, 0, 0, 34.56%, 0, 1, 11, 4420.08, 62728122, 1082, 0, 0
15890, 963, 1264, 1455, 0, 0, 34.56%, 0, 1, 11, 3929.21, 62749186, 1082, 0, 0
15895, 964, 175, 1455, 0, 0, 34.56%, 0, 1, 11, 4131.23, 62767866, 1082, 0, 0
15900, 964, 748, 1455, 0, 0, 34.56%, 0, 1, 11, 4401.52, 62790538, 1082, 0, 0
15905, 964, 1263, 1455, 0, 0, 34.56%, 0, 1, 11, 3813.41, 62812348, 1082, 0, 0
15910, 965, 175, 1455, 0, 0, 34.56%, 0, 1, 11, 4334.69, 62830905, 1082, 0, 0
15916, 965, 810, 1455, 0, 0, 34.56%, 0, 1, 11, 4343.68, 62851555, 1082, 0, 0
15921, 965, 1452, 1455, 0, 0, 34.56%, 0, 1, 11, 4130.81, 62872218, 1082, 0, 0
15926, 966, 525, 1455, 0, 0, 34.56%, 0, 1, 11, 4756.71, 62894829, 1082, 0, 0
15931, 966, 982, 1455, 0, 0, 34.56%, 0, 1, 11, 4885.71, 62915582, 1082, 0, 0
15936, 967, 121, 1455, 0, 0, 34.56%, 0, 1, 11, 5674.07, 62936670, 1082, 0, 0
15941, 967, 719, 1455, 0, 0, 34.56%, 0, 1, 11, 1685.75, 62957590, 1082, 0, 0
15946, 967, 1295, 1455, 0, 0, 34.56%, 0, 1, 11, 3714.49, 62979065, 1082, 0, 0
15951, 968, 343, 1455, 0, 0, 34.56%, 0, 1, 11, 5443.61, 63001040, 1082, 0, 0
15956, 968, 925, 1455, 0, 0, 34.56%, 0, 1, 11, 5003.38, 63023805, 1082, 0, 0
15962, 969, 10, 1455, 0, 0, 34.56%, 0, 1, 11, 4172.01, 63042455, 1082, 0, 0
15967, 969, 498, 1455, 0, 0, 34.56%, 0, 1, 11, 5025.00, 63064777, 1082, 0, 0
15972, 969, 977, 1455, 0, 0, 34.56%, 0, 1, 11, 4711.82, 63086956, 1082, 0, 0
15977, 970, 120, 1455, 0, 0, 34.56%, 0, 1, 11, 6009.26, 63108565, 1082, 0, 0
15982, 970, 723, 1455, 0, 0, 34.56%, 0, 1, 11, 5522.19, 63131245, 1082, 0, 0
15987, 970, 1219, 1455, 0, 0, 34.56%, 0, 1, 11, 4892.95, 63152269, 1082, 0, 0
15992, 971, 141, 1455, 0, 0, 34.56%, 0, 1, 11, 5425.66, 63170106, 1082, 0, 0
15997, 971, 717, 1455, 0, 0, 34.56%, 0, 1, 11, 3496.87, 63190869, 1082, 0, 0
16002, 971, 1137, 1455, 0, 0, 34.56%, 0, 1, 11, 5119.09, 63211701, 1082, 0, 0
16008, 972, 154, 1455, 0, 0, 34.56%, 0, 1, 11, 5288.33, 63230974, 1082, 0, 0
16013, 972, 815, 1455, 0, 0, 34.56%, 0, 1, 11, 3367.07, 63252828, 1082, 0, 0
16018, 972, 1362, 1455, 0, 0, 34.56%, 0, 1, 11, 4078.71, 63273678, 1082, 0, 0
16023, 973, 520, 1455, 0, 0, 34.56%, 0, 1, 11, 4785.25, 63295540, 1082, 0, 0
16028, 973, 955, 1455, 0, 0, 34.56%, 0, 1, 11, 5237.84, 63316769, 1082, 0, 0
16033, 974, 13, 1455, 0, 0, 34.56%, 0, 1, 11, 2521.58, 63333859, 1082, 0, 0
16038, 974, 506, 1455, 0, 0, 34.56%, 0, 1, 11, 5131.71, 63356406, 1082, 0, 0
16043, 974, 933, 1455, 0, 0, 34.56%, 0, 1, 11, 5604.54, 63377286, 1082, 0, 0
16049, 975, 68, 1455, 0, 0, 34.56%, 0, 1, 11, 4519.16, 63396193, 1082, 0, 0
16054, 975, 558, 1455, 0, 0, 34.56%, 0, 1, 11, 3760.00, 63417571, 1082, 0, 0
16059, 975, 1039, 1455, 0, 0, 34.56%, 0, 1, 11, 5210.26, 63439485, 1082, 0, 0
16064, 976, 183, 1455, 0, 0, 34.56%, 0, 1, 11, 5644.29, 63461473, 1082, 0, 0
16069, 976, 785, 1455, 0, 0, 34.56%, 0, 1, 11, 5064.33, 63483683, 1082, 0, 0
16074, 976, 1308, 1455, 0, 0, 34.56%, 0, 1, 11, 4119.91, 63504865, 1082, 0, 0
16080, 977, 463, 1455, 0, 0, 34.56%, 0, 1, 11, 4228.98, 63526501, 1082, 0, 0
16085, 977, 972, 1455, 0, 0, 34.56%, 0, 1, 11, 5021.58, 63548442, 1082, 0, 0
16090, 978, 115, 1455, 0, 0, 34.56%, 0, 1, 11, 4992.64, 63568854, 1082, 0, 0
16095, 978, 699, 1455, 0, 0, 34.56%, 0, 1, 11, 4859.44, 63589959, 1082, 0, 0
16100, 978, 1132, 1455, 0, 0, 34.56%, 0, 1, 11, 4964.81, 63611525, 1082, 0, 0
16105, 979, 183, 1455, 0, 0, 34.56%, 0, 1, 11, 5544.52, 63632573, 1082, 0, 0
16110, 979, 796, 1455, 0, 0, 34.56%, 0, 1, 11, 4996.85, 63654237, 1082, 0, 0
16115, 979, 1356, 1455, 0, 0, 34.56%, 0, 1, 11, 197.25, 63673740, 1082, 0, 0
16120, 980, 441, 1455, 0, 0, 34.56%, 0, 1, 11, 3900.12, 63695323, 1082, 0, 0
16125, 980, 921, 1455, 0, 0, 34.56%, 0, 1, 11, 3772.51, 63714891, 1082, 0, 0
16130, 981, 12, 1455, 0, 0, 34.56%, 0, 1, 11, 4001.30, 63735269, 1082, 0, 0
16136, 981, 508, 1455, 0, 0, 34.56%, 0, 1, 11, 4503.72, 63757520, 1082, 0, 0
16141, 981, 1020, 1455, 0, 0, 34.56%, 0, 1, 11, 4907.63, 63779968, 1082, 0, 0
16146, 982, 98, 1455, 0, 0, 34.56%, 0, 1, 11, 4407.00, 63799030, 1082, 0, 0
16151, 982, 704, 1455, 0, 0, 34.56%, 0, 1, 11, 5035.55, 63820175, 1082, 0, 0
16156, 982, 1204, 1455, 0, 0, 34.56%, 0, 1, 11, 5018.09, 63841471, 1082, 0, 0
16161, 983, 154, 1455, 0, 0, 34.56%, 0, 1, 11, 5145.00, 63861352, 1082, 0, 0
16166, 983, 770, 1455, 0, 0, 34.56%, 0, 1, 11, 5431.54, 63883652, 1082, 0, 0
16171, 983, 1322, 1455, 0, 0, 34.56%, 0, 1, 11, 4877.40, 63904102, 1082, 0, 0
16177, 984, 187, 1455, 0, 0, 34.56%, 0, 1, 11, 4976.44, 63923139, 1082, 0, 0
16182, 984, 774, 1455, 0, 0, 34.56%, 0, 1, 11, 5252.53, 63945083, 1082, 0, 0
16187, 984, 1311, 1455, 0, 0, 34.56%, 0, 1, 11, 4760.69, 63965556, 1082, 0, 0
16192, 985, 200, 1455, 0, 0, 34.56%, 0, 1, 11, 5628.91, 63985871, 1082, 0, 0
16197, 985, 769, 1455, 0, 0, 34.56%, 0, 1, 11, 4540.00, 64005910, 1082, 0, 0
16202, 985, 1341, 1455, 0, 0, 34.56%, 0, 1, 11, 1506.03, 64026993, 1082, 0, 0
16207, 986, 406, 1455, 0, 0, 34.56%, 0, 1, 11, 4054.24, 64049632, 1082, 0, 0
16212, 986, 925, 1455, 0, 0, 34.56%, 0, 1, 11, 4475.63, 64071797, 1082, 0, 0
16218, 987, 98, 1458, 3, 0, 34.56%, 0, 1, 11, 4471.78, 64093283, 1082, 0, 0
16223, 987, 698, 1458, 3, 0, 34.56%, 0, 1, 11, 5157.48, 64115129, 1082, 0, 0
16228, 987, 1074, 1458, 3, 0, 34.56%, 0, 1, 11, 826.18, 64137020, 1082, 0, 0
16234, 987, 1457, 1458, 3, 0, 34.56%, 0, 1, 11, 3925.17, 64152364, 1082, 0, 0
16239, 988, 498, 1458, 2, 0, 34.56%, 0, 1, 11, 4854.48, 64173977, 1082, 0, 0
16244, 988, 945, 1458, 2, 0, 34.56%, 0, 1, 11, 4731.15, 64195909, 1082, 0, 0
16249, 988, 1432, 1458, 2, 0, 34.56%, 0, 1, 11, 3866.32, 64213140, 1082, 0, 0
16254, 989, 499, 1458, 2, 0, 34.56%, 0, 1, 11, 5432.84, 64235576, 1082, 0, 0
16259, 989, 933, 1458, 2, 0, 34.56%, 0, 1, 11, 4763.79, 64256745, 1082, 0, 0
16264, 990, 74, 1458, 2, 0, 34.56%, 0, 1, 11, 5860.64, 64278116, 1082, 0, 0
16269, 990, 683, 1458, 2, 0, 34.56%, 0, 1, 11, 4798.06, 64299073, 1082, 0, 0
16274, 990, 1119, 1458, 2, 0, 34.56%, 0, 1, 11, 4420.73, 64319976, 1082, 0, 0
16280, 991, 240, 1458, 2, 0, 34.56%, 0, 1, 11, 4652.49, 64342232, 1082, 0, 0
16285, 991, 791, 1458, 2, 0, 34.56%, 0, 1, 11, 4781.99, 64363134, 1082, 0, 0
16290, 991, 1296, 1458, 2, 0, 34.56%, 0, 1, 11, 2330.77, 64384258, 1082, 0, 0
16295, 992, 240, 1458, 1, 0, 34.56%, 0, 1, 11, 4812.69, 64406304, 1082, 0, 0
16300, 992, 774, 1458, 1, 0, 34.56%, 0, 1, 11, 3852.81, 64426884, 1082, 0, 0
16305, 992, 1306, 1458, 1, 0, 34.56%, 0, 1, 11, 4332.93, 64448068, 1082, 0, 0
16311, 993, 377, 1458, 1, 0, 34.56%, 0, 1, 11, 5418.00, 64469770, 1082, 0, 0
16316, 993, 909, 1458, 1, 0, 34.56%, 0, 1, 11, 3942.15, 64490521, 1082, 0, 0
16321, 993, 1419, 1458, 1, 0, 34.56%, 0, 1, 11, 3618.85, 64509147, 1082, 0, 0
16326, 994, 498, 1458, 1, 0, 34.56%, 0, 1, 11, 5200.86, 64530839, 1082, 0, 0
16331, 994, 897, 1458, 1, 0, 34.56%, 0, 1, 11, 3815.57, 64550177, 1082, 0, 0
16336, 995, 5, 1458, 1, 0, 34.56%, 0, 1, 11, 4740.00, 64570135, 1082, 0, 0
16341, 995, 558, 1458, 1, 0, 34.56%, 0, 1, 11, 4401.19, 64592813, 1082, 0, 0
16346, 995, 988, 1458, 1, 0, 34.56%, 0, 1, 11, 4902.13, 64613871, 1082, 0, 0
16351, 996, 165, 1458, 1, 0, 34.56%, 0, 1, 11, 4333.98, 64636040, 1082, 0, 0
16357, 996, 774, 1458, 1, 0, 34.56%, 0, 1, 11, 5004.48, 64656891, 1082, 0, 0
16362, 996, 1311, 1458, 1, 0, 34.56%, 0, 1, 11, 4113.97, 64677177, 1082, 0, 0
16367, 997, 384, 1458, 1, 0, 34.56%, 0, 1, 11, 5381.15, 64698649, 1082, 0, 0
16372, 997, 895, 1458, 1, 0, 34.56%, 0, 1, 11, 4673.12, 64719009, 1082, 0, 0
16377, 998, 50, 1458, 1, 0, 34.56%, 0, 1, 11, 4416.26, 64739811, 1082, 0, 0
16382, 998, 558, 1458, 1, 0, 34.56%, 0, 1, 11, 4551.95, 64762425, 1082, 0, 0
16388, 998, 982, 1458, 1, 0, 34.56%, 0, 1, 11, 4467.15, 64783677, 1082, 0, 0
16393, 999, 72, 1458, 0, 0, 34.56%, 0, 1, 11, 188.85, 64803117, 1082, 0, 0
16398, 999, 577, 1458, 0, 0, 34.56%, 0, 1, 11, 4268.90, 64824388, 1082, 0, 0
16403, 999, 1098, 1458, 0, 0, 34.56%, 0, 1, 11, 5391.30, 64846366, 1082, 0, 0
16408, 1000, 166, 1458, 0, 0, 34.56%, 0, 1, 11, 5676.40, 64867275, 1082, 0, 0
16413, 1000, 731, 1458, 0, 0, 34.56%, 0, 1, 11, 5227.17, 64887661, 1082, 0, 0
16418, 1000, 1132, 1458, 0, 0, 34.56%, 0, 1, 11, 4400.88, 64908000, 1082, 0, 0
16423, 1001, 128, 1458, 0, 0, 34.56%, 0, 1, 11, 4597.46, 64926423, 1082, 0, 0
16428, 1001, 734, 1458, 0, 0, 34.56%, 0, 1, 11, 4620.03, 64947833, 1082, 0, 0
16433, 1001, 1149, 1458, 0, 0, 34.56%, 0, 1, 11, 4379.19, 64969410, 1082, 0, 0
16439, 1002, 167, 1458, 0, 0, 34.56%, 0, 1, 11, 4314.56, 64989922, 1082, 0, 0
16444, 1002, 740, 1458, 0, 0, 34.56%, 0, 1, 11, 3976.18, 65011762, 1082, 0, 0
16449, 1002, 1289, 1458, 0, 0, 34.56%, 0, 1, 11, 4307.42, 65032269, 1082, 0, 0
16454, 1003, 209, 1458, 0, 0, 34.56%, 0, 1, 11, 5726.15, 65053220, 1082, 0, 0
16459, 1003, 827, 1458, 0, 0, 34.56%, 0, 1, 11, 2753.16, 65074773, 1082, 0, 0
16464, 1003, 1349, 1458, 0, 0, 34.56%, 0, 1, 11, 169.13, 65092783, 1082, 0, 0
16469, 1004, 375, 1458, 0, 0, 34.56%, 0, 1, 11, 5087.57, 65114382, 1082, 0, 0
16474, 1004, 895, 1458, 0, 0, 34.56%, 0, 1, 11, 3691.42, 65135734, 1082, 0, 0
16479, 1005, 45, 1458, 0, 0, 34.56%, 0, 1, 11, 4930.89, 65155432, 1082, 0, 0
16484, 1005, 558, 1458, 0, 0, 34.56%, 0, 1, 11, 4622.78, 65177829, 1082, 0, 0
16490, 1005, 1070, 1458, 0, 0, 34.56%, 0, 1, 11, 4954.07, 65199281, 1082, 0, 0
16495, 1006, 120, 1458, 0, 0, 34.56%, 0, 1, 11, 4084.58, 65218305, 1082, 0, 0
16500, 1006, 739, 1458, 0, 0, 34.56%, 0, 1, 11, 4775.83, 65239854, 1082, 0, 0
16505, 1006, 1207, 1458, 0, 0, 34.56%, 0, 1, 11, 4460.44, 65260999, 1082, 0, 0
16510, 1007, 195, 1458, 0, 0, 34.56%, 0, 1, 11, 4400.12, 65281669, 1082, 0, 0
16515, 1007, 853, 1458, 0, 0, 34.56%, 0, 1, 11, 4701.39, 65303079, 1082, 0, 0
16521, 1007, 1397, 1458, 0, 0, 34.56%, 0, 1, 11, 294.33, 65322940, 1082, 0, 0
16526, 1008, 384, 1458, 0, 0, 34.56%, 0, 1, 11, 4456.13, 65344355, 1082, 0, 0
16531, 1008, 866, 1458, 0, 0, 34.56%, 0, 1, 11, 4404.50, 65364371, 1082, 0, 0
16536, 1008, 1343, 1458, 0, 0, 34.56%, 0, 1, 11, 4846.97, 65384383, 1082, 0, 0
16541, 1009, 489, 1458, 0, 0, 34.56%, 0, 1, 11, 4840.19, 65405503, 1082, 0, 0
16546, 1009, 925, 1458, 0, 0, 34.56%, 0, 1, 11, 5241.18, 65427072, 1082, 0, 0
16551, 1010, 4, 1458, 0, 0, 34.56%, 0, 1, 11, 214.83, 65445711, 1082, 0, 0
16557, 1010, 508, 1458, 0, 0, 34.56%, 0, 1, 11, 2847.20, 65468144, 1082, 0, 0
16562, 1010, 921, 1458, 0, 0, 34.56%, 0, 1, 11, 4814.47, 65488335, 1082, 0, 0
16567, 1011, 48, 1458, 0, 0, 34.56%, 0, 1, 11, 4532.47, 65508550, 1082, 0, 0
16572, 1011, 571, 1458, 0, 0, 34.56%, 0, 1, 11, 4678.63, 65531352, 1082, 0, 0
16577, 1011, 964, 1458, 0, 0, 34.56%, 0, 1, 11, 4507.32, 65553028, 1082, 0, 0
16582, 1012, 48, 1458, 0, 0, 34.56%, 0, 1, 11, 2857.70, 65572078, 1082, 0, 0
16587, 1012, 710, 1458, 0, 0, 34.56%, 0, 1, 11, 4058.56, 65594264, 1082, 0, 0
16592, 1012, 1205, 1458, 0, 0, 34.56%, 0, 1, 11, 5123.70, 65616620, 1082, 0, 0
16598, 1013, 358, 1458, 0, 0, 34.56%, 0, 1, 11, 1034.48, 65639101, 1082, 0, 0
16603, 1013, 866, 1458, 0, 0, 34.56%, 0, 1, 11, 3822.39, 65660779, 1082, 0, 0
16608, 1013, 1454, 1458, 0, 0, 34.56%, 0, 1, 11, 1078.94, 65679393, 1082, 0, 0
16613, 1014, 400, 1458, 0, 0, 34.56%, 0, 1, 11, 4656.06, 65700808, 1082, 0, 0
16618, 1014, 853, 1458, 0, 0, 34.56%, 0, 1, 11, 3955.22, 65719563, 1082, 0, 0
16623, 1015, 5, 1458, 0, 0, 34.56%, 0, 1, 11, 3702.83, 65740822, 1082, 0, 0
16628, 1015, 499, 1458, 0, 0, 34.56%, 0, 1, 11, 4234.17, 65762899, 1082, 0, 0
16633, 1015, 925, 1458, 0, 0, 34.56%, 0, 1, 11, 3130.49, 65784688, 1082, 0, 0
16639, 1015, 1392, 1458, 0, 0, 34.56%, 0, 1, 11, 146.10, 65801625, 1082, 0, 0
16644, 1016, 422, 1458, 0, 0, 34.56%, 0, 1, 11, 3958.96, 65823783, 1082, 0, 0
16649, 1016, 896, 1458, 0, 0, 34.56%, 0, 1, 11, 4307.43, 65843282, 1082, 0, 0
16654, 1017, 41, 1458, 0, 0, 34.56%, 0, 1, 11, 3943.66, 65863248, 1082, 0, 0
16659, 1017, 611, 1458, 0, 0, 34.56%, 0, 1, 11, 5668.75, 65886160, 1082, 0, 0
16664, 1017, 1079, 1458, 0, 0, 34.56%, 0, 1, 11, 4719.14, 65908180, 1082, 0, 0
16669, 1018, 154, 1458, 0, 0, 34.56%, 0, 1, 11, 5516.27, 65929467, 1082, 0, 0
16674, 1018, 765, 1458, 0, 0, 34.56%, 0, 1, 11, 4506.83, 65950442, 1082, 0, 0
16680, 1018, 1292, 1458, 0, 0, 34.56%, 0, 1, 11, 3432.84, 65971383, 1082, 0, 0
16685, 1019, 167, 1458, 0, 0, 34.56%, 0, 1, 11, 4760.26, 65992165, 1082, 0, 0
16690, 1019, 782, 1458, 0, 0, 34.56%, 0, 1, 11, 4887.10, 66013664, 1082, 0, 0
16695, 1019, 1357, 1458, 0, 0, 34.56%, 0, 1, 11, 4754.03, 66034623, 1082, 0, 0
16700, 1020, 479, 1458, 0, 0, 34.56%, 0, 1, 11, 5274.73, 66056965, 1082, 0, 0
16705, 1020, 921, 1458, 0, 0, 34.56%, 0, 1, 11, 4824.03, 66078310, 1082, 0, 0
16710, 1020, 1436, 1459, 1, 0, 34.56%, 0, 1, 11, 437.67, 66094332, 1082, 0, 0
16715, 1021, 498, 1459, 1, 0, 34.56%, 0, 1, 11, 4577.00, 66116896, 1082, 0, 0
16720, 1021, 975, 1459, 1, 0, 34.56%, 0, 1, 11, 5290.70, 66139371, 1082, 0, 0
16725, 1022, 41, 1459, 1, 0, 34.56%, 0, 1, 11, 2738.67, 66156716, 1082, 0, 0
16730, 1022, 502, 1459, 1, 0, 34.56%, 0, 1, 11, 4690.12, 66178319, 1082, 0, 0
16736, 1022, 997, 1459, 1, 0, 34.56%, 0, 1, 11, 5039.88, 66200257, 1082, 0, 0
16741, 1023, 56, 1459, 0, 0, 34.56%, 0, 1, 11, 2069.91, 66218103, 1082, 0, 0
16746, 1023, 558, 1459, 0, 0, 34.56%, 0, 1, 11, 4081.16, 66240819, 1082, 0, 0
16751, 1023, 1074, 1459, 0, 0, 34.56%, 0, 1, 11, 4267.06, 66262415, 1082, 0, 0
16756, 1024, 139, 1459, 0, 0, 34.56%, 0, 1, 11, 4471.07, 66281983, 1082, 0, 0
16761, 1024, 727, 1459, 0, 0, 34.56%, 0, 1, 11, 5462.24, 66304038, 1082, 0, 0
16766, 1024, 1329, 1459, 0, 0, 34.56%, 0, 1, 11, 3895.44, 66326130, 1082, 0, 0
16771, 1025, 179, 1459, 0, 0, 34.56%, 0, 1, 11, 4261.03, 66345521, 1082, 0, 0
16777, 1025, 758, 1459, 0, 0, 34.56%, 0, 1, 11, 4514.89, 66366471, 1082, 0, 0
16782, 1025, 1302, 1459, 0, 0, 34.56%, 0, 1, 11, 4415.61, 66387068, 1082, 0, 0
16787, 1026, 263, 1459, 0, 0, 34.56%, 0, 1, 11, 5353.37, 66407571, 1082, 0, 0
16792, 1026, 719, 1459, 0, 0, 34.56%, 0, 1, 11, 158.27, 66425021, 1082, 0, 0
16797, 1026, 1207, 1459, 0, 0, 34.56%, 0, 1, 11, 4498.79, 66446147, 1082, 0, 0
16802, 1027, 166, 1459, 0, 0, 34.56%, 0, 1, 11, 4482.83, 66465254, 1082, 0, 0
16807, 1027, 774, 1459, 0, 0, 34.56%, 0, 1, 11, 4184.37, 66487346, 1082, 0, 0
16812, 1027, 1426, 1459, 0, 0, 34.56%, 0, 1, 11, 4355.97, 66508040, 1082, 0, 0
16818, 1028, 1458, 1463, 4, 2, 34.65%, 0, 1, 11, 183.91, 66528529, 1085, 0, 0
16823, 1029, 442, 1463, 2, 0, 34.65%, 0, 1, 11, 3470.44, 66551686, 1085, 0, 0
16828, 1029, 945, 1463, 2, 0, 34.65%, 0, 1, 11, 4627.28, 66572678, 1085, 0, 0
16833, 1030, 44, 1463, 1, 0, 34.65%, 0, 1, 11, 3685.60, 66592400, 1085, 0, 0
16838, 1030, 558, 1463, 1, 0, 34.65%, 0, 1, 11, 4213.75, 66615731, 1085, 0, 0
16843, 1030, 1119, 1463, 1, 0, 34.65%, 0, 1, 11, 4600.90, 66636941, 1085, 0, 0
16848, 1030, 1459, 1463, 1, 0, 34.65%, 0, 1, 11, 3305.57, 66651172, 1085, 0, 0
16853, 1031, 481, 1463, 0, 0, 34.65%, 0, 1, 11, 5252.18, 66673215, 1085, 0, 0
16858, 1031, 982, 1463, 0, 0, 34.65%, 0, 1, 11, 4914.87, 66695838, 1085, 0, 0
16864, 1032, 39, 1463, 0, 0, 34.65%, 0, 1, 11, 691.18, 66712324, 1085, 0, 0
16869, 1032, 533, 1463, 0, 0, 34.65%, 0, 1, 11, 4882.71, 66735090, 1085, 0, 0
16874, 1032, 1074, 1463, 0, 0, 34.65%, 0, 1, 11, 5220.00, 66756715, 1085, 0, 0
16879, 1033, 153, 1463, 0, 0, 34.65%, 0, 1, 11, 4357.87, 66776320, 1085, 0, 0
16884, 1033, 894, 1463, 0, 0, 34.65%, 0, 1, 11, 5337.34, 66799729, 1085, 0, 0
16889, 1034, 4, 1463, 0, 0, 34.65%, 0, 1, 11, 2549.65, 66820583, 1085, 0, 0
16894, 1034, 470, 1463, 0, 0, 34.65%, 0, 1, 11, 805.73, 66842204, 1085, 0, 0
16899, 1034, 925, 1463, 0, 0, 34.65%, 0, 1, 11, 4376.84, 66863347, 1085, 0, 0
16904, 1034, 1460, 1463, 0, 0, 34.65%, 0, 1, 11, 3836.63, 66879910, 1085, 0, 0
16909, 1035, 525, 1463, 0, 0, 34.65%, 0, 1, 11, 388.89, 66903882, 1085, 0, 0
16915, 1035, 973, 1463, 0, 0, 34.65%, 0, 1, 11, 5525.16, 66923067, 1085, 0, 0
16920, 1035, 1461, 1463, 0, 0, 34.65%, 0, 1, 11, 3826.61, 66940102, 1085, 0, 0
16925, 1036, 470, 1463, 0, 0, 34.65%, 0, 1, 11, 4397.93, 66962913, 1085, 0, 0
16930, 1036, 977, 1463, 0, 0, 34.65%, 0, 1, 11, 5345.25, 66984848, 1085, 0, 0
16935, 1037, 42, 1463, 0, 0, 34.65%, 0, 1, 11, 3251.85, 67003263, 1085, 0, 0
16940, 1037, 576, 1463, 0, 0, 34.65%, 0, 1, 11, 4866.98, 67025242, 1085, 0, 0
16945, 1037, 1113, 1463, 0, 0, 34.65%, 0, 1, 11, 5428.12, 67047936, 1085, 0, 0
16950, 1038, 170, 1463, 0, 0, 34.65%, 0, 1, 11, 5518.42, 67069998, 1085, 0, 0
16955, 1038, 758, 1463, 0, 0, 34.65%, 0, 1, 11, 4859.45, 67090338, 1085, 0, 0
16960, 1038, 1346, 1463, 0, 0, 34.65%, 0, 1, 11, 5040.87, 67112523, 1085, 0, 0
16966, 1039, 257, 1463, 0, 0, 34.65%, 0, 1, 11, 4254.06, 67133446, 1085, 0, 0
16971, 1039, 750, 1463, 0, 0, 34.65%, 0, 1, 11, 332.03, 67151428, 1085, 0, 0
16976, 1039, 1278, 1463, 0, 0, 34.65%, 0, 1, 11, 785.38, 67171699, 1085, 0, 0
16981, 1040, 228, 1463, 0, 0, 34.65%, 0, 1, 11, 4704.77, 67193170, 1085, 0, 0
16986, 1040, 770, 1463, 0, 0, 34.65%, 0, 1, 11, 3233.66, 67212642, 1085, 0, 0
16991, 1040, 1409, 1463, 0, 0, 34.65%, 0, 1, 11, 4552.28, 67232839, 1085, 0, 0
16996, 1041, 393, 1463, 0, 0, 34.65%, 0, 1, 11, 3964.04, 67254298, 1085, 0, 0
17001, 1041, 866, 1463, 0, 0, 34.65%, 0, 1, 11, 5335.68, 67274998, 1085, 0, 0
17006, 1041, 1441, 1463, 0, 0, 34.65%, 0, 1, 11, 3885.03, 67294225, 1085, 0, 0
17011, 1042, 370, 1463, 0, 0, 34.65%, 0, 1, 11, 5551.92, 67317928, 1085, 0, 0
17017, 1042, 862, 1463, 0, 0, 34.65%, 0, 1, 11, 4543.13, 67338283, 1085, 0, 0
17022, 1042, 1457, 1463, 0, 0, 34.65%, 0, 1, 11, 3564.62, 67357155, 1085, 0, 0
17027, 1043, 499, 1463, 0, 0, 34.65%, 0, 1, 11, 5565.29, 67379511, 1085, 0, 0
17032, 1043, 945, 1463, 0, 0, 34.65%, 0, 1, 11, 5515.71, 67401442, 1085, 0, 0
17037, 1044, 47, 1463, 0, 0, 34.65%, 0, 1, 11, 4795.33, 67421476, 1085, 0, 0
17042, 1044, 529, 1463, 0, 0, 34.65%, 0, 1, 11, 4509.87, 67443129, 1085, 0, 0
17047, 1044, 977, 1463, 0, 0, 34.65%, 0, 1, 11, 2624.94, 67463953, 1085, 0, 0
17052, 1045, 43, 1463, 0, 0, 34.65%, 0, 1, 11, 2900.57, 67481383, 1085, 0, 0
17057, 1045, 498, 1463, 0, 0, 34.65%, 0, 1, 11, 4779.45, 67502586, 1085, 0, 0
17063, 1045, 955, 1463, 0, 0, 34.65%, 0, 1, 11, 5605.00, 67524110, 1085, 0, 0
17068, 1046, 67, 1463, 0, 0, 34.65%, 0, 1, 11, 4718.36, 67544518, 1085, 0, 0
17073, 1046, 712, 1463, 0, 0, 34.65%, 0, 1, 11, 4633.58, 67566436, 1085, 0, 0
17078, 1046, 1207, 1463, 0, 0, 34.65%, 0, 1, 11, 4971.29, 67588813, 1085, 0, 0
17083, 1047, 240, 1463, 0, 0, 34.65%, 0, 1, 11, 4914.12, 67611848, 1085, 0, 0
17088, 1047, 827, 1463, 0, 0, 34.65%, 0, 1, 11, 4195.01, 67634095, 1085, 0, 0
17094, 1047, 1363, 1463, 0, 0, 34.65%, 0, 1, 11, 3356.92, 67654307, 1085, 0, 0
17099, 1048, 399, 1463, 0, 0, 34.65%, 0, 1, 11, 5425.65, 67676119, 1085, 0, 0
17104, 1048, 909, 1463, 0, 0, 34.65%, 0, 1, 11, 5531.76, 67696778, 1085, 0, 0
17109, 1048, 1425, 1463, 0, 0, 34.65%, 0, 1, 11, 481.02, 67714635, 1085, 0, 0
17114, 1049, 450, 1463, 0, 0, 34.65%, 0, 1, 11, 488.04, 67736242, 1085, 0, 0
17119, 1049, 909, 1463, 0, 0, 34.65%, 0, 1, 11, 4562.19, 67757476, 1085, 0, 0
17124, 1049, 1461, 1463, 0, 0, 34.65%, 0, 1, 11, 2365.69, 67776257, 1085, 0, 0
17129, 1050, 500, 1463, 0, 0, 34.65%, 0, 1, 11, 5033.62, 67798263, 1085, 0, 0
17135, 1050, 979, 1463, 0, 0, 34.65%, 0, 1, 11, 5433.02, 67820332, 1085, 0, 0
17140, 1051, 71, 1463, 0, 0, 34.65%, 0, 1, 11, 5067.93, 67840412, 1085, 0, 0
17145, 1051, 699, 1463, 0, 0, 34.65%, 0, 1, 11, 4001.53, 67862269, 1085, 0, 0
17150, 1051, 1119, 1463, 0, 0, 34.65%, 0, 1, 11, 4492.40, 67884944, 1085, 0, 0
17156, 1052, 153, 1463, 0, 0, 34.65%, 0, 1, 11, 4285.36, 67905621, 1085, 0, 0
17161, 1052, 765, 1463, 0, 0, 34.65%, 0, 1, 11, 2994.01, 67927042, 1085, 0, 0
17166, 1052, 1357, 1463, 0, 0, 34.65%, 0, 1, 11, 4665.26, 67947671, 1085, 0, 0
17171, 1053, 175, 1463, 0, 0, 34.65%, 0, 1, 11, 4495.10, 67966429, 1085, 0, 0
17176, 1053, 765, 1463, 0, 0, 34.65%, 0, 1, 11, 5271.77, 67987607, 1085, 0, 0
17181, 1053, 1316, 1463, 0, 0, 34.65%, 0, 1, 11, 4170.72, 68007944, 1085, 0, 0
17186, 1054, 384, 1463, 0, 0, 34.65%, 0, 1, 11, 5416.92, 68029845, 1085, 0, 0
17191, 1054, 914, 1463, 0, 0, 34.65%, 0, 1, 11, 870.37, 68051310, 1085, 0, 0
17196, 1054, 1460, 1463, 0, 0, 34.65%, 0, 1, 11, 3755.42, 68069035, 1085, 0, 0
17201, 1055, 469, 1463, 0, 0, 34.65%, 0, 1, 11, 5189.88, 68091163, 1085, 0, 0
17207, 1055, 951, 1463, 0, 0, 34.65%, 0, 1, 11, 5192.09, 68112848, 1085, 0, 0
17212, 1056, 7, 1463, 0, 0, 34.65%, 0, 1, 11, 3056.74, 68131640, 1085, 0, 0
17217, 1056, 498, 1463, 0, 0, 34.65%, 0, 1, 11, 5057.23, 68154200, 1085, 0, 0
17222, 1056, 981, 1463, 0, 0, 34.65%, 0, 1, 11, 3942.04, 68175773, 1085, 0, 0
17227, 1057, 12, 1463, 0, 0, 34.65%, 0, 1, 11, 3321.92, 68193059, 1085, 0, 0
17232, 1057, 520, 1463, 0, 0, 34.65%, 0, 1, 11, 2405.00, 68215674, 1085, 0, 0
17237, 1057, 982, 1463, 0, 0, 34.65%, 0, 1, 11, 5210.95, 68239314, 1085, 0, 0
17243, 1058, 56, 1463, 0, 0, 34.65%, 0, 1, 11, 371.65, 68255939, 1085, 0, 0
17248, 1058, 608, 1463, 0, 0, 34.65%, 0, 1, 11, 5560.14, 68279158, 1085, 0, 0
17253, 1058, 1039, 1463, 0, 0, 34.65%, 0, 1, 11, 5229.69, 68300604, 1085, 0, 0
17258, 1059, 68, 1463, 0, 0, 34.65%, 0, 1, 11, 2438.58, 68318625, 1085, 0, 0
17263, 1059, 577, 1463, 0, 0, 34.65%, 0, 1, 11, 3953.33, 68339850, 1085, 0, 0
17268, 1059, 1088, 1463, 0, 0, 34.65%, 0, 1, 11, 5029.98, 68360977, 1085, 0, 0
17273, 1060, 142, 1463, 0, 0, 34.65%, 0, 1, 11, 3285.39, 68381102, 1085, 0, 0
17278, 1060, 824, 1463, 0, 0, 34.65%, 0, 1, 11, 4137.58, 68403864, 1085, 0, 0
17283, 1060, 1362, 1463, 0, 0, 34.65%, 0, 1, 11, 4152.01, 68423889, 1085, 0, 0
17289, 1061, 347, 1463, 0, 0, 34.65%, 0, 1, 11, 5411.68, 68445114, 1085, 0, 0
17294, 1061, 917, 1463, 0, 0, 34.65%, 0, 1, 11, 5068.59, 68466732, 1085, 0, 0
17299, 1062, 1, 1463, 0, 0, 34.65%, 0, 1, 11, 223.33, 68485566, 1085, 0, 0
17304, 1062, 507, 1463, 0, 0, 34.65%, 0, 1, 11, 2785.00, 68507926, 1085, 0, 0
17309, 1062, 941, 1463, 0, 0, 34.65%, 0, 1, 11, 4070.19, 68530248, 1085, 0, 0
17314, 1063, 48, 1463, 0, 0, 34.65%, 0, 1, 11, 4210.97, 68550638, 1085, 0, 0
17319, 1063, 590, 1463, 0, 0, 34.65%, 0, 1, 11, 4818.39, 68573301, 1085, 0, 0
17324, 1063, 992, 1463, 0, 0, 34.65%, 0, 1, 11, 4783.50, 68593836, 1085, 0, 0
17329, 1064, 41, 1463, 0, 0, 34.65%, 0, 1, 11, 3970.35, 68611918, 1085, 0, 0
17334, 1064, 577, 1463, 0, 0, 34.65%, 0, 1, 11, 5209.55, 68635492, 1085, 0, 0
17339, 1064, 1135, 1463, 0, 0, 34.65%, 0, 1, 11, 4656.96, 68657585, 1085, 0, 0
17345, 1065, 311, 1463, 0, 0, 34.65%, 0, 1, 11, 4749.17, 68678824, 1085, 0, 0
17350, 1065, 774, 1463, 0, 0, 34.65%, 0, 1, 11, 5083.22, 68700281, 1085, 0, 0
17355, 1065, 1461, 1463, 0, 0, 34.65%, 0, 1, 11, 4406.08, 68720656, 1085, 0, 0
17360, 1066, 525, 1463, 0, 0, 34.65%, 0, 1, 11, 4924.73, 68743510, 1085, 0, 0
17365, 1066, 961, 1463, 0, 0, 34.65%, 0, 1, 11, 4612.36, 68765541, 1085, 0, 0
17370, 1066, 1460, 1463, 0, 0, 34.65%, 0, 1, 11, 3409.67, 68781251, 1085, 0, 0
17375, 1067, 437, 1463, 0, 0, 34.65%, 0, 1, 11, 5451.43, 68805031, 1085, 0, 0
17380, 1067, 941, 1463, 0, 0, 34.65%, 0, 1, 11, 4851.42, 68827202, 1085, 0, 0
17386, 1067, 1460, 1463, 0, 0, 34.65%, 0, 1, 11, 4115.56, 68846223, 1085, 0, 0
17391, 1068, 469, 1463, 0, 0, 34.65%, 0, 1, 11, 59.38, 68868262, 1085, 0, 0
17396, 1068, 955, 1463, 0, 0, 34.65%, 0, 1, 11, 429.17, 68891160, 1085, 0, 0
17401, 1069, 56, 1463, 0, 0, 34.65%, 0, 1, 11, 5860.79, 68909432, 1085, 0, 0
17406, 1069, 590, 1463, 0, 0, 34.65%, 0, 1, 11, 5711.76, 68930514, 1085, 0, 0
17412, 1069, 1008, 1463, 0, 0, 34.65%, 0, 1, 11, 4458.12, 68952012, 1085, 0, 0
17417, 1070, 75, 1470, 7, 0, 34.65%, 0, 1, 11, 4378.32, 68972596, 1085, 0, 0
17422, 1070, 616, 1470, 7, 0, 34.65%, 0, 1, 11, 4508.35, 68993981, 1085, 0, 0
17427, 1070, 1039, 1470, 7, 0, 34.65%, 0, 1, 11, 500.00, 69015152, 1085, 0, 0
17432, 1070, 1468, 1470, 7, 0, 34.65%, 0, 1, 11, 3672.59, 69028444, 1085, 0, 0
17437, 1071, 494, 1470, 6, 0, 34.65%, 0, 1, 11, 2907.52, 69050174, 1085, 0, 0
17442, 1071, 927, 1470, 6, 0, 34.65%, 0, 1, 11, 4643.80, 69071862, 1085, 0, 0
17447, 1072, 38, 1470, 6, 0, 34.65%, 0, 1, 11, 4426.07, 69091587, 1085, 0, 0
17452, 1072, 558, 1470, 6, 0, 34.65%, 0, 1, 11, 4570.40, 69114095, 1085, 0, 0
17457, 1072, 1039, 1470, 6, 0, 34.65%, 0, 1, 11, 5070.90, 69134362, 1085, 0, 0
17463, 1072, 1465, 1470, 6, 0, 34.65%, 0, 1, 11, 2386.54, 69148855, 1085, 0, 0
17469, 1073, 358, 1470, 4, 0, 34.65%, 0, 1, 11, 4482.41, 69170331, 1085, 0, 0
17474, 1073, 848, 1470, 4, 0, 34.65%, 0, 1, 11, 373.95, 69190031, 1085, 0, 0
17479, 1073, 1460, 1470, 4, 0, 34.65%, 0, 1, 11, 4925.00, 69209914, 1085, 0, 0
17484, 1074, 479, 1470, 4, 0, 34.65%, 0, 1, 11, 3163.49, 69233411, 1085, 0, 0
17489, 1074, 1025, 1470, 4, 0, 34.65%, 0, 1, 11, 5057.77, 69257207, 1085, 0, 0
17495, 1075, 113, 1470, 4, 0, 34.65%, 0, 1, 11, 2995.88, 69276859, 1085, 0, 0
17500, 1075, 714, 1470, 4, 0, 34.65%, 0, 1, 11, 3060.00, 69297655, 1085, 0, 0
17505, 1075, 1232, 1470, 4, 0, 34.65%, 0, 1, 11, 3576.80, 69319809, 1085, 0, 0
17510, 1076, 150, 1470, 4, 0, 34.65%, 0, 1, 11, 4447.78, 69338159, 1085, 0, 0
17515, 1076, 710, 1470, 4, 0, 34.65%, 0, 1, 11, 4425.48, 69359268, 1085, 0, 0
17520, 1076, 1129, 1470, 4, 0, 34.65%, 0, 1, 11, 4466.57, 69378482, 1085, 0, 0
17525, 1077, 167, 1470, 4, 0, 34.65%, 0, 1, 11, 4365.38, 69398449, 1085, 0, 0
17530, 1077, 778, 1470, 4, 0, 34.65%, 0, 1, 11, 4004.72, 69419827, 1085, 0, 0
17535, 1077, 1317, 1470, 4, 0, 34.65%, 0, 1, 11, 853.21, 69440246, 1085, 0, 0
17541, 1078, 50, 1470, 3, 0, 34.65%, 0, 1, 11, 5932.97, 69452556, 1085, 0, 0
17546, 1078, 577, 1470, 3, 0, 34.65%, 0, 1, 11, 4785.27, 69473005, 1085, 0, 0
17551, 1078, 1028, 1470, 3, 0, 34.65%, 0, 1, 11, 4665.63, 69494616, 1085, 0, 0
17556, 1078, 1463, 1470, 3, 0, 34.65%, 0, 1, 11, 4349.46, 69508724, 1085, 0, 0
17561, 1079, 520, 1470, 2, 0, 34.65%, 0, 1, 11, 5143.07, 69531205, 1085, 0, 0
17566, 1079, 981, 1470, 2, 0, 34.65%, 0, 1, 11, 5314.02, 69552661, 1085, 0, 0
17571, 1080, 43, 1470, 2, 0, 34.65%, 0, 1, 11, 4443.85, 69571488, 1085, 0, 0
17577, 1080, 630, 1470, 2, 0, 34.65%, 0, 1, 11, 5497.69, 69594789, 1085, 0, 0
17582, 1080, 1128, 1470, 2, 0, 34.65%, 0, 1, 11, 4797.49, 69617672, 1085, 0, 0
17587, 1081, 126, 1470, 2, 0, 34.65%, 0, 1, 11, 4541.92, 69637770, 1085, 0, 0
17592, 1081, 639, 1470, 2, 0, 34.65%, 0, 1, 11, 2693.07, 69657831, 1085, 0, 0
17597, 1081, 1213, 1470, 2, 0, 34.65%, 0, 1, 11, 5205.27, 69679901, 1085, 0, 0
17602, 1082, 266, 1470, 2, 0, 34.65%, 0, 1, 11, 4765.60, 69701363, 1085, 0, 0
17607, 1082, 853, 1470, 2, 0, 34.65%, 0, 1, 11, 4579.79, 69722498, 1085, 0, 0
17613, 1082, 1367, 1470, 2, 0, 34.65%, 0, 1, 11, 4480.19, 69742836, 1085, 0, 0
17618, 1083, 346, 1470, 2, 0, 34.65%, 0, 1, 11, 4695.32, 69763625, 1085, 0, 0
17623, 1083, 824, 1470, 2, 0, 34.65%, 0, 1, 11, 4480.00, 69784000, 1085, 0, 0
17628, 1083, 1423, 1470, 2, 0, 34.65%, 0, 1, 11, 4071.13, 69804514, 1085, 0, 0
17633, 1084, 170, 1470, 1, 0, 34.65%, 0, 1, 11, 5572.09, 69820588, 1085, 0, 0
17638, 1084, 758, 1470, 1, 0, 34.65%, 0, 1, 11, 4737.88, 69842052, 1085, 0, 0
17643, 1084, 1245, 1470, 1, 0, 34.65%, 0, 1, 11, 389.61, 69862588, 1085, 0, 0
17649, 1085, 320, 1470, 1, 0, 34.65%, 0, 1, 11, 4946.46, 69884997, 1085, 0, 0
17654, 1085, 821, 1470, 1, 0, 34.65%, 0, 1, 11, 5054.30, 69905666, 1085, 0, 0
17659, 1085, 1441, 1470, 1, 0, 34.65%, 0, 1, 11, 1797.06, 69926661, 1085, 0, 0
17664, 1086, 377, 1470, 1, 0, 34.65%, 0, 1, 11, 4069.42, 69949151, 1085, 0, 0
17669, 1086, 866, 1470, 1, 0, 34.65%, 0, 1, 11, 4101.88, 69969096, 1085, 0, 0
17674, 1086, 1374, 1470, 1, 0, 34.65%, 0, 1, 11, 3839.04, 69988026, 1085, 0, 0
17679, 1087, 353, 1470, 1, 0, 34.65%, 0, 1, 11, 4994.99, 70010023, 1085, 0, 0
17685, 1087, 914, 1470, 1, 0, 34.65%, 0, 1, 11, 4981.15, 70032909, 1085, 0, 0
17690, 1088, 41, 1470, 1, 0, 34.65%, 0, 1, 11, 2349.42, 70050646, 1085, 0, 0
17695, 1088, 525, 1470, 1, 0, 34.65%, 0, 1, 11, 5262.00, 70073453, 1085, 0, 0
17700, 1088, 960, 1470, 1, 0, 34.65%, 0, 1, 11, 5208.50, 70093129, 1085, 0, 0
17705, 1089, 86, 1470, 1, 0, 34.65%, 0, 1, 11, 5400.08, 70115025, 1085, 0, 0
17710, 1089, 632, 1470, 1, 0, 34.65%, 0, 1, 11, 843.75, 70136006, 1085, 0, 0
17715, 1089, 1132, 1470, 1, 0, 34.65%, 0, 1, 11, 3730.97, 70157056, 1085, 0, 0
17720, 1090, 108, 1470, 1, 0, 34.65%, 0, 1, 11, 5880.21, 70176668, 1085, 0, 0
17726, 1090, 712, 1470, 1, 0, 34.65%, 0, 1, 11, 3437.15, 70197475, 1085, 0, 0
17731, 1090, 1213, 1470, 1, 0, 34.65%, 0, 1, 11, 5106.61, 70219312, 1085, 0, 0
17736, 1091, 399, 1470, 1, 0, 34.65%, 0, 1, 11, 4303.11, 70241180, 1085, 0, 0
17741, 1091, 844, 1470, 1, 0, 34.65%, 0, 1, 11, 3800.27, 70258542, 1085, 0, 0
17746, 1091, 1401, 1470, 1, 0, 34.65%, 0, 1, 11, 3435.35, 70278590, 1085, 0, 0
17751, 1092, 410, 1470, 1, 0, 34.65%, 0, 1, 11, 5347.99, 70301594, 1085, 0, 0
17756, 1092, 927, 1470, 1, 0, 34.65%, 0, 1, 11, 5488.87, 70323839, 1085, 0, 0
17762, 1092, 1391, 1470, 1, 0, 34.65%, 0, 1, 11, 252.53, 70340277, 1085, 0, 0
17767, 1093, 460, 1470, 1, 0, 34.65%, 0, 1, 11, 3502.61, 70363863, 1085, 0, 0
17772, 1093, 951, 1470, 1, 0, 34.65%, 0, 1, 11, 3841.39, 70384969, 1085, 0, 0
17779, 1093, 1464, 1470, 1, 0, 34.65%, 0, 1, 11, 3351.42, 70403684, 1085, 0, 0
17784, 1094, 128, 1471, 0, 0, 34.65%, 0, 1, 11, 3372.85, 70415831, 1085, 0, 0
17789, 1094, 758, 1471, 0, 0, 34.65%, 0, 1, 11, 572.60, 70437991, 1085, 0, 0
17794, 1094, 1292, 1471, 0, 0, 34.65%, 0, 1, 11, 4234.78, 70458070, 1085, 0, 0
17799, 1095, 175, 1471, 0, 0, 34.65%, 0, 1, 11, 4538.84, 70479238, 1085, 0, 0
17804, 1095, 756, 1471, 0, 0, 34.65%, 0, 1, 11, 4937.26, 70501521, 1085, 0, 0
17810, 1095, 1287, 1471, 0, 0, 34.65%, 0, 1, 11, 4231.73, 70521594, 1085, 0, 0
17815, 1096, 183, 1471, 0, 0, 34.65%, 0, 1, 11, 4466.30, 70541342, 1085, 0, 0
17820, 1096, 777, 1471, 0, 0, 34.65%, 0, 1, 11, 636.36, 70562822, 1085, 0, 0
17825, 1096, 1386, 1471, 0, 0, 34.65%, 0, 1, 11, 3709.71, 70582609, 1085, 0, 0
17830, 1097, 240, 1472, 1, 0, 34.65%, 0, 1, 11, 4338.14, 70602638, 1085, 0, 0
17835, 1097, 879, 1472, 1, 0, 34.65%, 0, 1, 11, 5515.59, 70624629, 1085, 0, 0
17842, 1097, 1471, 1472, 1, 0, 34.65%, 0, 1, 11, 1764.76, 70647965, 1085, 0, 0
17847, 1098, 498, 1472, 0, 0, 34.65%, 0, 1, 11, 5516.02, 70670235, 1085, 0, 0
17853, 1098, 918, 1472, 0, 0, 34.65%, 0, 1, 11, 4974.91, 70692245, 1085, 0, 0
17858, 1099, 38, 1472, 0, 0, 34.65%, 0, 1, 11, 3228.53, 70711494, 1085, 0, 0
17863, 1099, 499, 1472, 0, 0, 34.65%, 0, 1, 11, 3126.48, 70734180, 1085, 0, 0
17868, 1099, 1016, 1472, 0, 0, 34.65%, 0, 1, 11, 4358.15, 70756718, 1085, 0, 0
17873, 1099, 1430, 1472, 0, 0, 34.65%, 0, 1, 11, 3584.00, 70772652, 1085, 0, 0
17878, 1100, 399, 1472, 0, 0, 34.65%, 0, 1, 11, 3875.27, 70794120, 1085, 0, 0
17883, 1100, 945, 1472, 0, 0, 34.65%, 0, 1, 11, 5246.40, 70816198, 1085, 0, 0
17888, 1101, 57, 1472, 0, 0, 34.65%, 0, 1, 11, 4541.28, 70834633, 1085, 0, 0
17894, 1101, 538, 1472, 0, 0, 34.65%, 0, 1, 11, 3119.43, 70855960, 1085, 0, 0
17899, 1101, 1025, 1472, 0, 0, 34.65%, 0, 1, 11, 5535.19, 70878458, 1085, 0, 0
17904, 1102, 74, 1472, 0, 0, 34.65%, 0, 1, 11, 3498.06, 70896369, 1085, 0, 0
17909, 1102, 591, 1472, 0, 0, 34.65%, 0, 1, 11, 4883.24, 70918679, 1085, 0, 0
17914, 1102, 1049, 1472, 0, 0, 34.65%, 0, 1, 11, 5140.81, 70940138, 1085, 0, 0
17919, 1103, 43, 1472, 0, 0, 34.65%, 0, 1, 11, 404.84, 70954005, 1085, 0, 0
17924, 1103, 534, 1472, 0, 0, 34.65%, 0, 1, 11, 5514.66, 70976926, 1085, 0, 0
17929, 1103, 928, 1472, 0, 0, 34.65%, 0, 1, 11, 5287.47, 70996695, 1085, 0, 0
17935, 1104, 73, 1472, 0, 0, 34.65%, 0, 1, 11, 3935.35, 71018234, 1085, 0, 0
17940, 1104, 542, 1472, 0, 0, 34.65%, 0, 1, 11, 818.18, 71039632, 1085, 0, 0
17945, 1104, 1074, 1472, 0, 0, 34.65%, 0, 1, 11, 5499.41, 71061807, 1085, 0, 0
17950, 1105, 128, 1472, 0, 0, 34.65%, 0, 1, 11, 5830.63, 71081887, 1085, 0, 0
17955, 1105, 714, 1472, 0, 0, 34.65%, 0, 1, 11, 4923.86, 71103037, 1085, 0, 0
17960, 1105, 1180, 1472, 0, 0, 34.65%, 0, 1, 11, 4972.77, 71124181, 1085, 0, 0
17965, 1106, 128, 1472, 0, 0, 34.65%, 0, 1, 11, 5552.71, 71142836, 1085, 0, 0
17970, 1106, 723, 1472, 0, 0, 34.65%, 0, 1, 11, 1652.84, 71162444, 1085, 0, 0
17975, 1106, 1213, 1472, 0, 0, 34.65%, 0, 1, 11, 4117.36, 71182977, 1085, 0, 0
17980, 1107, 136, 1472, 0, 0, 34.65%, 0, 1, 11, 4607.63, 71203199, 1085, 0, 0
17985, 1107, 774, 1472, 0, 0, 34.65%, 0, 1, 11, 4829.03, 71224960, 1085, 0, 0
17991, 1107, 1330, 1472, 0, 0, 34.65%, 0, 1, 11, 404.86, 71245554, 1085, 0, 0
17996, 1108, 407, 1472, 0, 0, 34.65%, 0, 1, 11, 4471.25, 71268275, 1085, 0, 0
18001, 1108, 917, 1472, 0, 0, 34.65%, 0, 1, 11, 287.27, 71288219, 1085, 0, 0
18006, 1109, 112, 1472, 0, 0, 34.65%, 0, 1, 11, 4965.00, 71310943, 1085, 0, 0
18011, 1109, 714, 1472, 0, 0, 34.65%, 0, 1, 11, 4888.79, 71333269, 1085, 0, 0
18016, 1109, 1232, 1472, 0, 0, 34.65%, 0, 1, 11, 4408.41, 71354230, 1085, 0, 0
18021, 1109, 1472, 1473, 1, 0, 34.65%, 0, 1, 11, 3042.40, 71363054, 1085, 0, 0
18026, 1110, 494, 1473, 0, 0, 34.65%, 0, 1, 11, 4833.32, 71384518, 1085, 0, 0
18032, 1110, 895, 1473, 0, 0, 34.65%, 0, 1, 11, 4392.56, 71405220, 1085, 0, 0
18037, 1110, 1397, 1473, 0, 0, 34.65%, 0, 1, 11, 3665.78, 71424095, 1085, 0, 0
18042, 1111, 178, 1473, 0, 0, 34.65%, 0, 1, 11, 5018.15, 71443623, 1085, 0, 0
18047, 1111, 747, 1473, 0, 0, 34.65%, 0, 1, 11, 627.37, 71464472, 1085, 0, 0
18052, 1111, 1232, 1473, 0, 0, 34.65%, 0, 1, 11, 2505.93, 71484887, 1085, 0, 0
18057, 1112, 244, 1473, 0, 0, 34.65%, 0, 1, 11, 4831.42, 71505943, 1085, 0, 0
18062, 1112, 827, 1473, 0, 0, 34.65%, 0, 1, 11, 3707.30, 71526941, 1085, 0, 0
18068, 1112, 1391, 1473, 0, 0, 34.65%, 0, 1, 11, 3899.00, 71547531, 1085, 0, 0
18073, 1113, 284, 1473, 0, 0, 34.65%, 0, 1, 11, 737.09, 71566541, 1085, 0, 0
18078, 1113, 862, 1473, 0, 0, 34.65%, 0, 1, 11, 5102.57, 71589101, 1085, 0, 0
18083, 1113, 1451, 1473, 0, 0, 34.65%, 0, 1, 11, 4266.59, 71609372, 1085, 0, 0
18088, 1114, 370, 1473, 0, 0, 34.65%, 0, 1, 11, 4416.15, 71629908, 1085, 0, 0
18093, 1114, 810, 1473, 0, 0, 34.65%, 0, 1, 11, 3727.08, 71649791, 1085, 0, 0
18098, 1114, 1398, 1473, 0, 0, 34.65%, 0, 1, 11, 4930.00, 71669552, 1085, 0, 0
18103, 1115, 298, 1473, 0, 0, 34.65%, 0, 1, 11, 4841.67, 71692310, 1085, 0, 0
18109, 1115, 911, 1473, 0, 0, 34.65%, 0, 1, 11, 5467.60, 71714130, 1085, 0, 0
18114, 1115, 1398, 1473, 0, 0, 34.65%, 0, 1, 11, 4618.20, 71733372, 1085, 0, 0
18119, 1116, 370, 1473, 0, 0, 34.65%, 0, 1, 11, 4765.16, 71756118, 1085, 0, 0
18124, 1116, 857, 1473, 0, 0, 34.65%, 0, 1, 11, 384.62, 71777501, 1085, 0, 0
18129, 1116, 1461, 1473, 0, 0, 34.65%, 0, 1, 11, 496.05, 71796500, 1085, 0, 0
18134, 1117, 499, 1473, 0, 0, 34.65%, 0, 1, 11, 1130.06, 71819351, 1085, 0, 0
18139, 1117, 921, 1473, 0, 0, 34.65%, 0, 1, 11, 5120.64, 71840244, 1085, 0, 0
18144, 1118, 41, 1473, 0, 0, 34.65%, 0, 1, 11, 4952.93, 71860087, 1085, 0, 0
18149, 1118, 576, 1473, 0, 0, 34.65%, 0, 1, 11, 4536.58, 71882628, 1085, 0, 0
18155, 1118, 1023, 1473, 0, 0, 34.65%, 0, 1, 11, 5078.79, 71904677, 1085, 0, 0
18160, 1119, 50, 1473, 0, 0, 34.65%, 0, 1, 11, 2554.38, 71923054, 1085, 0, 0
18165, 1119, 576, 1473, 0, 0, 34.65%, 0, 1, 11, 4156.09, 71945338, 1085, 0, 0
18170, 1119, 945, 1473, 0, 0, 34.65%, 0, 1, 11, 4460.98, 71965962, 1085, 0, 0
18175, 1120, 65, 1473, 0, 0, 34.65%, 0, 1, 11, 5275.67, 71985155, 1085, 0, 0
18180, 1120, 558, 1473, 0, 0, 34.65%, 0, 1, 11, 1523.09, 72006546, 1085, 0, 0
18185, 1120, 982, 1473, 0, 0, 34.65%, 0, 1, 11, 5122.95, 72028006, 1085, 0, 0
18190, 1121, 74, 1473, 0, 0, 34.65%, 0, 1, 11, 3132.43, 72047612, 1085, 0, 0
18195, 1121, 590, 1473, 0, 0, 34.65%, 0, 1, 11, 5347.84, 72069339, 1085, 0, 0
18201, 1121, 1119, 1473, 0, 0, 34.65%, 0, 1, 11, 4871.77, 72091828, 1085, 0, 0
18206, 1122, 175, 1473, 0, 0, 34.65%, 0, 1, 11, 4827.47, 72114471, 1085, 0, 0
18211, 1122, 770, 1473, 0, 0, 34.65%, 0, 1, 11, 4796.79, 72135920, 1085, 0, 0
18216, 1122, 1396, 1473, 0, 0, 34.65%, 0, 1, 11, 4862.02, 72157459, 1085, 0, 0
18221, 1123, 399, 1473, 0, 0, 34.65%, 0, 1, 11, 5394.02, 72180265, 1085, 0, 0
18226, 1123, 925, 1473, 0, 0, 34.65%, 0, 1, 11, 5363.50, 72201762, 1085, 0, 0
18231, 1123, 1461, 1473, 0, 0, 34.65%, 0, 1, 11, 4707.42, 72222106, 1085, 0, 0
18236, 1124, 525, 1473, 0, 0, 34.65%, 0, 1, 11, 5342.32, 72245947, 1085, 0, 0
18242, 1124, 981, 1473, 0, 0, 34.65%, 0, 1, 11, 4847.89, 72267651, 1085, 0, 0
18247, 1125, 57, 1473, 0, 0, 34.65%, 0, 1, 11, 4822.53, 72285975, 1085, 0, 0
18252, 1125, 654, 1473, 0, 0, 34.65%, 0, 1, 11, 5303.89, 72308319, 1085, 0, 0
18257, 1125, 1098, 1473, 0, 0, 34.65%, 0, 1, 11, 4923.81, 72329603, 1085, 0, 0
18262, 1126, 96, 1473, 0, 0, 34.65%, 0, 1, 11, 375.00, 72347522, 1085, 0, 0
18267, 1126, 710, 1473, 0, 0, 34.65%, 0, 1, 11, 4480.00, 72368616, 1085, 0, 0
18272, 1126, 1132, 1473, 0, 0, 34.65%, 0, 1, 11, 4539.15, 72391015, 1085, 0, 0
18277, 1127, 230, 1473, 0, 0, 34.65%, 0, 1, 11, 4385.48, 72412749, 1085, 0, 0
18283, 1127, 842, 1473, 0, 0, 34.65%, 0, 1, 11, 3295.20, 72435070, 1085, 0, 0
18288, 1127, 1403, 1473, 0, 0, 34.65%, 0, 1, 11, 3728.10, 72454501, 1085, 0, 0
18293, 1128, 337, 1473, 0, 0, 34.65%, 0, 1, 11, 3566.67, 72475987, 1085, 0, 0
18298, 1128, 841, 1473, 0, 0, 34.65%, 0, 1, 11, 5585.00, 72497265, 1085, 0, 0
18303, 1128, 1431, 1473, 0, 0, 34.65%, 0, 1, 11, 4115.42, 72516695, 1085, 0, 0
18308, 1129, 399, 1473, 0, 0, 34.65%, 0, 1, 11, 5451.15, 72538397, 1085, 0, 0
18313, 1129, 900, 1473, 0, 0, 34.65%, 0, 1, 11, 3817.94, 72559097, 1085, 0, 0
18318, 1129, 1461, 1473, 0, 0, 34.65%, 0, 1, 11, 5280.00, 72578697, 1085, 0, 0
18323, 1130, 488, 1473, 0, 0, 34.65%, 0, 1, 11, 3480.59, 72601880, 1085, 0, 0
18328, 1130, 917, 1473, 0, 0, 34.65%, 0, 1, 11, 3984.41, 72623347, 1085, 0, 0
18334, 1130, 1429, 1473, 0, 0, 34.65%, 0, 1, 11, 2879.55, 72640048, 1085, 0, 0
18339, 1131, 411, 1473, 0, 0, 34.65%, 0, 1, 11, 2614.59, 72662639, 1085, 0, 0
18344, 1131, 910, 1473, 0, 0, 34.65%, 0, 1, 11, 4095.22, 72682908, 1085, 0, 0
18349, 1132, 39, 1473, 0, 0, 34.65%, 0, 1, 11, 5625.19, 72703801, 1085, 0, 0
18355, 1132, 556, 1473, 0, 0, 34.65%, 0, 1, 11, 3404.57, 72725807, 1085, 0, 0
18360, 1132, 1129, 1473, 0, 0, 34.65%, 0, 1, 11, 4295.33, 72748889, 1085, 0, 0
18365, 1133, 178, 1473, 0, 0, 34.65%, 0, 1, 11, 4551.00, 72769556, 1085, 0, 0
18370, 1133, 881, 1473, 0, 0, 34.65%, 0, 1, 11, 4711.24, 72792323, 1085, 0, 0
18375, 1133, 1460, 1473, 0, 0, 34.65%, 0, 1, 11, 3819.38, 72810895, 1085, 0, 0
18380, 1134, 463, 1473, 0, 0, 34.65%, 0, 1, 11, 5375.56, 72831468, 1085, 0, 0
18385, 1134, 921, 1473, 0, 0, 34.65%, 0, 1, 11, 4981.19, 72853460, 1085, 0, 0
18390, 1134, 1469, 1473, 0, 0, 34.65%, 0, 1, 11, 2828.41, 72870794, 1085, 0, 0
18396, 1135, 511, 1473, 0, 0, 34.65%, 0, 1, 11, 4777.48, 72894399, 1085, 0, 0
18401, 1135, 941, 1473, 0, 0, 34.65%, 0, 1, 11, 3918.80, 72915120, 1085, 0, 0
18406, 1135, 1443, 1473, 0, 0, 34.65%, 0, 1, 11, 310.34, 72932628, 1085, 0, 0
18411, 1136, 460, 1473, 0, 0, 34.65%, 0, 1, 11, 4020.00, 72955120, 1085, 0, 0
18416, 1136, 913, 1473, 0, 0, 34.65%, 0, 1, 11, 4106.81, 72975705, 1085, 0, 0
18421, 1136, 1435, 1473, 0, 0, 34.65%, 0, 1, 11, 3333.33, 72995466, 1085, 0, 0
18426, 1137, 399, 1473, 0, 0, 34.65%, 0, 1, 11, 5714.38, 73017390, 1085, 0, 0
18431, 1137, 921, 1473, 0, 0, 34.65%, 0, 1, 11, 5382.12, 73038203, 1085, 0, 0
18436, 1137, 1420, 1473, 0, 0, 34.65%, 0, 1, 11, 4166.20, 73056503, 1085, 0, 0
18441, 1138, 337, 1473, 0, 0, 34.65%, 0, 1, 11, 5362.34, 73076203, 1085, 0, 0
18446, 1138, 874, 1473, 0, 0, 34.65%, 0, 1, 11, 3597.87, 73097942, 1085, 0, 0
18452, 1138, 1447, 1473, 0, 0, 34.65%, 0, 1, 11, 3551.79, 73116242, 1085, 0, 0
18457, 1139, 370, 1473, 0, 0, 34.65%, 0, 1, 11, 4228.23, 73137759, 1085, 0, 0
18462, 1139, 896, 1473, 0, 0, 34.65%, 0, 1, 11, 5220.20, 73159557, 1085, 0, 0
18467, 1139, 1424, 1473, 0, 0, 34.65%, 0, 1, 11, 2902.79, 73176399, 1085, 0, 0
18472, 1140, 284, 1473, 0, 0, 34.65%, 0, 1, 11, 486.30, 73196912, 1085, 0, 0
18477, 1140, 774, 1473, 0, 0, 34.65%, 0, 1, 11, 5552.24, 73218538, 1085, 0, 0
18482, 1140, 1328, 1473, 0, 0, 34.65%, 0, 1, 11, 4612.37, 73239554, 1085, 0, 0
18487, 1141, 253, 1473, 0, 0, 34.65%, 0, 1, 11, 5673.94, 73261175, 1085, 0, 0
18492, 1141, 880, 1473, 0, 0, 34.65%, 0, 1, 11, 4777.20, 73282625, 1085, 0, 0
18497, 1141, 1415, 1473, 0, 0, 34.65%, 0, 1, 11, 738.38, 73300722, 1085, 0, 0
18502, 1142, 384, 1473, 0, 0, 34.65%, 0, 1, 11, 5485.42, 73323599, 1085, 0, 0
18508, 1142, 848, 1473, 0, 0, 34.65%, 0, 1, 11, 3292.11, 73344097, 1085, 0, 0
18513, 1143, 16, 1473, 0, 0, 34.65%, 0, 1, 11, 4038.41, 73364630, 1085, 0, 0
18518, 1143, 521, 1473, 0, 0, 34.65%, 0, 1, 11, 5121.13, 73386895, 1085, 0, 0
18523, 1143, 973, 1473, 0, 0, 34.65%, 0, 1, 11, 2755.88, 73408560, 1085, 0, 0
18528, 1143, 1461, 1473, 0, 0, 34.65%, 0, 1, 11, 3951.70, 73426638, 1085, 0, 0
18533, 1144, 498, 1473, 0, 0, 34.65%, 0, 1, 11, 4436.23, 73448366, 1085, 0, 0
18538, 1144, 973, 1473, 0, 0, 34.65%, 0, 1, 11, 4556.09, 73471211, 1085, 0, 0
18543, 1145, 86, 1473, 0, 0, 34.65%, 0, 1, 11, 2761.63, 73490560, 1085, 0, 0
18548, 1145, 579, 1473, 0, 0, 34.65%, 0, 1, 11, 5166.60, 73512688, 1085, 0, 0
18554, 1145, 1018, 1473, 0, 0, 34.65%, 0, 1, 11, 4671.28, 73532919, 1085, 0, 0
18559, 1146, 135, 1473, 0, 0, 34.65%, 0, 1, 11, 5645.16, 73553713, 1085, 0, 0
18564, 1146, 740, 1473, 0, 0, 34.65%, 0, 1, 11, 4914.29, 73575645, 1085, 0, 0
18569, 1146, 1235, 1473, 0, 0, 34.65%, 0, 1, 11, 4740.22, 73596246, 1085, 0, 0
18574, 1147, 360, 1473, 0, 0, 34.65%, 0, 1, 11, 4914.07, 73617724, 1085, 0, 0
18579, 1147, 895, 1473, 0, 0, 34.65%, 0, 1, 11, 4687.91, 73639082, 1085, 0, 0
18584, 1147, 1419, 1473, 0, 0, 34.65%, 0, 1, 11, 2654.12, 73656720, 1085, 0, 0
18589, 1148, 245, 1473, 0, 0, 34.65%, 0, 1, 11, 5531.16, 73677414, 1085, 0, 0
18594, 1148, 777, 1473, 0, 0, 34.65%, 0, 1, 11, 4390.00, 73697154, 1085, 0, 0
18599, 1148, 1322, 1473, 0, 0, 34.65%, 0, 1, 11, 477.11, 73718145, 1085, 0, 0
18605, 1149, 358, 1473, 0, 0, 34.65%, 0, 1, 11, 4820.58, 73739302, 1085, 0, 0
18610, 1149, 851, 1473, 0, 0, 34.65%, 0, 1, 11, 4336.41, 73760860, 1085, 0, 0
18615, 1150, 4, 1473, 0, 0, 34.65%, 0, 1, 11, 4268.46, 73781678, 1085, 0, 0
18620, 1150, 478, 1476, 3, 0, 34.65%, 0, 1, 11, 505.67, 73803523, 1085, 0, 0
18625, 1150, 937, 1476, 3, 0, 34.65%, 0, 1, 11, 4477.94, 73824058, 1085, 0, 0
18630, 1150, 1460, 1476, 3, 0, 34.65%, 0, 1, 11, 4744.19, 73841563, 1085, 0, 0
18635, 1151, 154, 1476, 2, 0, 34.65%, 0, 1, 11, 5480.19, 73856224, 1085, 0, 0
18640, 1151, 758, 1476, 2, 0, 34.65%, 0, 1, 11, 5322.00, 73878392, 1085, 0, 0
18646, 1151, 1291, 1476, 2, 0, 34.65%, 0, 1, 11, 4510.90, 73898992, 1085, 0, 0
18651, 1152, 115, 1476, 1, 0, 34.65%, 0, 1, 11, 793.48, 73918835, 1085, 0, 0
18656, 1152, 735, 1476, 1, 0, 34.65%, 0, 1, 11, 4890.34, 73941328, 1085, 0, 0
18661, 1152, 1268, 1476, 1, 0, 34.65%, 0, 1, 11, 4491.12, 73962949, 1085, 0, 0
18666, 1153, 228, 1476, 1, 0, 34.65%, 0, 1, 11, 5357.84, 73985192, 1085, 0, 0
18671, 1153, 765, 1476, 1, 0, 34.65%, 0, 1, 11, 4843.27, 74006559, 1085, 0, 0
18677, 1153, 1467, 1476, 1, 0, 34.65%, 0, 1, 11, 318.49, 74027887, 1085, 0, 0
18682, 1154, 465, 1476, 1, 0, 34.65%, 0, 1, 11, 4920.00, 74050559, 1085, 0, 0
18687, 1154, 950, 1476, 1, 0, 34.65%, 0, 1, 11, 4566.61, 74072688, 1085, 0, 0
18692, 1155, 50, 1476, 1, 0, 34.65%, 0, 1, 11, 5473.89, 74092997, 1085, 0, 0
18697, 1155, 615, 1476, 1, 0, 34.65%, 0, 1, 11, 5350.17, 74115305, 1085, 0, 0
18702, 1155, 1119, 1476, 1, 0, 34.65%, 0, 1, 11, 4077.89, 74137271, 1085, 0, 0
18708, 1156, 145, 1476, 1, 0, 34.65%, 0, 1, 11, 5650.50, 74157434, 1085, 0, 0
18713, 1156, 723, 1476, 1, 0, 34.65%, 0, 1, 11, 4527.14, 74178647, 1085, 0, 0
18718, 1156, 1139, 1476, 1, 0, 34.65%, 0, 1, 11, 716.98, 74198090, 1085, 0, 0
18723, 1157, 91, 1476, 1, 0, 34.65%, 0, 1, 11, 3192.55, 74216114, 1085, 0, 0
18728, 1157, 669, 1476, 1, 0, 34.65%, 0, 1, 11, 4013.03, 74237973, 1085, 0, 0
18733, 1157, 1128, 1476, 1, 0, 34.65%, 0, 1, 11, 5233.68, 74259805, 1085, 0, 0
18738, 1158, 41, 1476, 0, 0, 34.65%, 0, 1, 11, 4099.61, 74276742, 1085, 0, 0
18744, 1158, 567, 1476, 0, 0, 34.65%, 0, 1, 11, 248.18, 74299555, 1085, 0, 0
18749, 1158, 1032, 1476, 0, 0, 34.65%, 0, 1, 11, 4746.81, 74321296, 1085, 0, 0
18754, 1159, 137, 1476, 0, 0, 34.65%, 0, 1, 11, 4489.25, 74340936, 1085, 0, 0
18759, 1159, 670, 1476, 0, 0, 34.65%, 0, 1, 11, 4345.50, 74361141, 1085, 0, 0
18764, 1159, 1200, 1476, 0, 0, 34.65%, 0, 1, 11, 4449.11, 74383899, 1085, 0, 0
18769, 1160, 232, 1476, 0, 0, 34.65%, 0, 1, 11, 4859.67, 74406491, 1085, 0, 0
18774, 1160, 781, 1476, 0, 0, 34.65%, 0, 1, 11, 4611.58, 74427638, 1085, 0, 0
18779, 1160, 1333, 1476, 0, 0, 34.65%, 0, 1, 11, 4688.56, 74449070, 1085, 0, 0
18784, 1161, 166, 1476, 0, 0, 34.65%, 0, 1, 11, 4223.97, 74468453, 1085, 0, 0
18789, 1161, 757, 1476, 0, 0, 34.65%, 0, 1, 11, 5111.22, 74490042, 1085, 0, 0
18795, 1161, 1181, 1476, 0, 0, 34.65%, 0, 1, 11, 4428.69, 74509835, 1085, 0, 0
18800, 1162, 140, 1476, 0, 0, 34.65%, 0, 1, 11, 3771.98, 74527363, 1085, 0, 0
18805, 1162, 748, 1476, 0, 0, 34.65%, 0, 1, 11, 4164.85, 74549602, 1085, 0, 0
18810, 1162, 1212, 1476, 0, 0, 34.65%, 0, 1, 11, 4145.24, 74568980, 1085, 0, 0
18815, 1163, 94, 1477, 1, 0, 34.65%, 0, 1, 11, 2960.28, 74586856, 1085, 0, 0
18820, 1163, 672, 1477, 1, 0, 34.65%, 0, 1, 11, 3607.03, 74607165, 1085, 0, 0
18825, 1163, 1132, 1477, 1, 0, 34.65%, 0, 1, 11, 4983.83, 74629940, 1085, 0, 0
18831, 1164, 121, 1477, 1, 0, 34.65%, 0, 1, 11, 2260.80, 74649550, 1085, 0, 0
18836, 1164, 710, 1477, 1, 0, 34.65%, 0, 1, 11, 3760.29, 74670364, 1085, 0, 0
18841, 1164, 1132, 1477, 1, 0, 34.65%, 0, 1, 11, 1052.41, 74691307, 1085, 0, 0
18846, 1165, 106, 1477, 1, 0, 34.65%, 0, 1, 11, 501.60, 74711671, 1085, 0, 0
18851, 1165, 579, 1477, 1, 0, 34.65%, 0, 1, 11, 4275.00, 74733203, 1085, 0, 0
18856, 1165, 1074, 1477, 1, 0, 34.65%, 0, 1, 11, 2618.42, 74754008, 1085, 0, 0
18861, 1166, 140, 1477, 1, 0, 34.65%, 0, 1, 11, 2476.78, 74774604, 1085, 0, 0
18866, 1166, 761, 1477, 1, 0, 34.65%, 0, 1, 11, 3852.04, 74795434, 1085, 0, 0
18871, 1166, 1305, 1477, 1, 0, 34.65%, 0, 1, 11, 4211.93, 74817099, 1085, 0, 0
18876, 1167, 183, 1477, 1, 0, 34.65%, 0, 1, 11, 4952.51, 74837504, 1085, 0, 0
18881, 1167, 758, 1477, 1, 0, 34.65%, 0, 1, 11, 4178.65, 74858440, 1085, 0, 0
18887, 1167, 1316, 1477, 1, 0, 34.65%, 0, 1, 11, 4837.58, 74879471, 1085, 0, 0
18892, 1168, 60, 1477, 0, 0, 34.65%, 0, 1, 11, 5898.20, 74890769, 1085, 0, 0
18897, 1168, 622, 1477, 0, 0, 34.65%, 0, 1, 11, 4982.22, 74913476, 1085, 0, 0
18902, 1168, 1128, 1477, 0, 0, 34.65%, 0, 1, 11, 532.05, 74934988, 1085, 0, 0
18907, 1169, 141, 1477, 0, 0, 34.65%, 0, 1, 11, 4895.52, 74954896, 1085, 0, 0
18912, 1169, 738, 1477, 0, 0, 34.65%, 0, 1, 11, 5467.41, 74975926, 1085, 0, 0
18917, 1169, 1268, 1477, 0, 0, 34.65%, 0, 1, 11, 4008.72, 74997582, 1085, 0, 0
18922, 1170, 81, 1477, 0, 0, 34.65%, 0, 1, 11, 3539.93, 75012469, 1085, 0, 0
18928, 1170, 712, 1477, 0, 0, 34.65%, 0, 1, 11, 5112.86, 75034382, 1085, 0, 0
18933, 1170, 1207, 1477, 0, 0, 34.65%, 0, 1, 11, 5280.68, 75055765, 1085, 0, 0
18938, 1171, 141, 1477, 0, 0, 34.65%, 0, 1, 11, 5475.40, 75075891, 1085, 0, 0
18943, 1171, 746, 1477, 0, 0, 34.65%, 0, 1, 11, 4779.35, 75097672, 1085, 0, 0
18948, 1171, 1376, 1477, 0, 0, 34.65%, 0, 1, 11, 4824.87, 75119484, 1085, 0, 0
18953, 1172, 406, 1477, 0, 0, 34.65%, 0, 1, 11, 5865.00, 75141930, 1085, 0, 0
18958, 1172, 917, 1477, 0, 0, 34.65%, 0, 1, 11, 3994.36, 75163075, 1085, 0, 0
18963, 1172, 1461, 1477, 0, 0, 34.65%, 0, 1, 11, 2593.74, 75181496, 1085, 0, 0
18968, 1173, 491, 1477, 0, 0, 34.65%, 0, 1, 11, 4016.70, 75203624, 1085, 0, 0
18973, 1173, 951, 1477, 0, 0, 34.65%, 0, 1, 11, 4707.88, 75226158, 1085, 0, 0
18979, 1173, 1465, 1477, 0, 0, 34.65%, 0, 1, 11, 167.36, 75242868, 1085, 0, 0
18984, 1174, 498, 1477, 0, 0, 34.65%, 0, 1, 11, 3516.68, 75265353, 1085, 0, 0
18989, 1174, 955, 1477, 0, 0, 34.65%, 0, 1, 11, 5324.41, 75285809, 1085, 0, 0
18994, 1175, 14, 1477, 0, 0, 34.65%, 0, 1, 11, 5740.00, 75304252, 1085, 0, 0
18999, 1175, 558, 1477, 0, 0, 34.65%, 0, 1, 11, 4529.99, 75326841, 1085, 0, 0
19005, 1175, 1057, 1477, 0, 0, 34.65%, 0, 1, 11, 4963.53, 75349627, 1085, 0, 0
19010, 1176, 137, 1477, 0, 0, 34.65%, 0, 1, 11, 471.56, 75369676, 1085, 0, 0
19015, 1176, 748, 1477, 0, 0, 34.65%, 0, 1, 11, 5313.43, 75391559, 1085, 0, 0
19020, 1176, 1213, 1477, 0, 0, 34.65%, 0, 1, 11, 4225.98, 75412481, 1085, 0, 0
19025, 1177, 192, 1477, 0, 0, 34.65%, 0, 1, 11, 505.00, 75434467, 1085, 0, 0
19030, 1177, 774, 1477, 0, 0, 34.65%, 0, 1, 11, 3600.00, 75456283, 1085, 0, 0
19035, 1177, 1319, 1477, 0, 0, 34.65%, 0, 1, 11, 4800.00, 75476880, 1085, 0, 0
19040, 1178, 358, 1477, 0, 0, 34.65%, 0, 1, 11, 4639.81, 75498551, 1085, 0, 0
19045, 1178, 866, 1477, 0, 0, 34.65%, 0, 1, 11, 5522.39, 75519903, 1085, 0, 0
19050, 1178, 1432, 1477, 0, 0, 34.65%, 0, 1, 11, 2739.07, 75539791, 1085, 0, 0
19056, 1179, 463, 1477, 0, 0, 34.65%, 0, 1, 11, 5774.51, 75562994, 1085, 0, 0
19061, 1179, 914, 1477, 0, 0, 34.65%, 0, 1, 11, 4978.93, 75584955, 1085, 0, 0
19066, 1180, 73, 1477, 0, 0, 34.65%, 0, 1, 11, 5281.37, 75605339, 1085, 0, 0
19071, 1180, 669, 1477, 0, 0, 34.65%, 0, 1, 11, 5101.34, 75628082, 1085, 0, 0
19076, 1180, 1052, 1477, 0, 0, 34.65%, 0, 1, 11, 4446.33, 75647905, 1085, 0, 0
19081, 1181, 47, 1477, 0, 0, 34.65%, 0, 1, 11, 3931.38, 75664979, 1085, 0, 0
19087, 1181, 648, 1477, 0, 0, 34.65%, 0, 1, 11, 4026.87, 75687783, 1085, 0, 0
19092, 1181, 1066, 1477, 0, 0, 34.65%, 0, 1, 11, 5212.00, 75708862, 1085, 0, 0
19097, 1182, 142, 1477, 0, 0, 34.65%, 0, 1, 11, 4653.61, 75729598, 1085, 0, 0
19102, 1182, 748, 1477, 0, 0, 34.65%, 0, 1, 11, 452.87, 75750857, 1085, 0, 0
19107, 1182, 1256, 1477, 0, 0, 34.65%, 0, 1, 11, 641.92, 75771449, 1085, 0, 0
19112, 1183, 170, 1477, 0, 0, 34.65%, 0, 1, 11, 5202.77, 75791685, 1085, 0, 0
19117, 1183, 817, 1477, 0, 0, 34.65%, 0, 1, 11, 5432.59, 75814605, 1085, 0, 0
19122, 1183, 1369, 1477, 0, 0, 34.65%, 0, 1, 11, 1837.21, 75835549, 1085, 0, 0
19127, 1184, 176, 1477, 0, 0, 34.65%, 0, 1, 11, 5088.82, 75855255, 1085, 0, 0
19133, 1184, 853, 1477, 0, 0, 34.65%, 0, 1, 11, 5015.70, 75877904, 1085, 0, 0
19138, 1184, 1460, 1477, 0, 0, 34.65%, 0, 1, 11, 4501.38, 75897779, 1085, 0, 0
19143, 1185, 463, 1477, 0, 0, 34.65%, 0, 1, 11, 2036.14, 75919768, 1085, 0, 0
19148, 1185, 933, 1477, 0, 0, 34.65%, 0, 1, 11, 4838.72, 75942422, 1085, 0, 0
19153, 1185, 1461, 1477, 0, 0, 34.65%, 0, 1, 11, 4218.84, 75960797, 1085, 0, 0
19158, 1186, 400, 1477, 0, 0, 34.65%, 0, 1, 11, 378.95, 75981390, 1085, 0, 0
19163, 1186, 881, 1477, 0, 0, 34.65%, 0, 1, 11, 4865.00, 76002527, 1085, 0, 0
19168, 1186, 1461, 1477, 0, 0, 34.65%, 0, 1, 11, 4303.76, 76021846, 1085, 0, 0
19174, 1187, 520, 1477, 0, 0, 34.65%, 0, 1, 11, 4448.70, 76044685, 1085, 0, 0
19179, 1187, 934, 1477, 0, 0, 34.65%, 0, 1, 11, 3884.62, 76065056, 1085, 0, 0
19184, 1187, 1473, 1477, 0, 0, 34.65%, 0, 1, 11, 3716.82, 76084096, 1085, 0, 0
19189, 1188, 499, 1477, 0, 0, 34.65%, 0, 1, 11, 4745.00, 76106754, 1085, 0, 0
19194, 1188, 960, 1477, 0, 0, 34.65%, 0, 1, 11, 5008.00, 76129406, 1085, 0, 0
19199, 1189, 5, 1477, 0, 0, 34.65%, 0, 1, 11, 2791.98, 76148207, 1085, 0, 0
19204, 1189, 525, 1477, 0, 0, 34.65%, 0, 1, 11, 3949.61, 76172177, 1085, 0, 0
19210, 1189, 977, 1477, 0, 0, 34.65%, 0, 1, 11, 4791.31, 76194035, 1085, 0, 0
19215, 1189, 1414, 1477, 0, 0, 34.65%, 0, 1, 11, 253.55, 76208802, 1085, 0, 0
19220, 1191, 103, 1482, 3, 0, 34.75%, 0, 1, 11, 5501.44, 76230972, 1088, 0, 0
19225, 1191, 613, 1482, 3, 0, 34.75%, 0, 1, 11, 1995.47, 76250344, 1088, 0, 0
19230, 1191, 1119, 1482, 3, 0, 34.75%, 0, 1, 11, 5065.03, 76271368, 1088, 0, 0
19235, 1192, 5, 1482, 2, 0, 34.75%, 0, 1, 11, 4974.33, 76282976, 1088, 0, 0
19241, 1192, 449, 1482, 2, 0, 34.75%, 0, 1, 11, 54.95, 76304215, 1088, 0, 0
19246, 1192, 960, 1482, 2, 0, 34.75%, 0, 1, 11, 5110.35, 76325950, 1088, 0, 0
19251, 1193, 43, 1482, 2, 0, 34.75%, 0, 1, 11, 3414.54, 76343351, 1088, 0, 0
19256, 1193, 520, 1482, 2, 0, 34.75%, 0, 1, 11, 5022.49, 76366048, 1088, 0, 0
19261, 1193, 1032, 1482, 2, 0, 34.75%, 0, 1, 11, 5382.36, 76388389, 1088, 0, 0
19266, 1194, 106, 1482, 2, 0, 34.75%, 0, 1, 11, 5434.52, 76408280, 1088, 0, 0
19271, 1194, 690, 1482, 2, 0, 34.75%, 0, 1, 11, 3455.00, 76427488, 1088, 0, 0
19276, 1194, 1255, 1482, 2, 0, 34.75%, 0, 1, 11, 4320.74, 76449691, 1088, 0, 0
19282, 1195, 170, 1482, 2, 0, 34.75%, 0, 1, 11, 5765.79, 76470754, 1088, 0, 0
19287, 1195, 833, 1482, 2, 0, 34.75%, 0, 1, 11, 3126.56, 76494168, 1088, 0, 0
19292, 1195, 1432, 1482, 2, 0, 34.75%, 0, 1, 11, 4172.61, 76514514, 1088, 0, 0
19297, 1196, 319, 1482, 2, 0, 34.75%, 0, 1, 11, 4922.88, 76535759, 1088, 0, 0
19302, 1196, 864, 1482, 2, 0, 34.75%, 0, 1, 11, 5004.54, 76558167, 1088, 0, 0
19307, 1196, 1373, 1482, 2, 0, 34.75%, 0, 1, 11, 3765.97, 76577073, 1088, 0, 0
19313, 1197, 216, 1482, 2, 0, 34.75%, 0, 1, 11, 4133.63, 76598856, 1088, 0, 0
19318, 1197, 758, 1482, 2, 0, 34.75%, 0, 1, 11, 4307.60, 76619950, 1088, 0, 0
19323, 1197, 1420, 1482, 2, 0, 34.75%, 0, 1, 11, 4760.35, 76641158, 1088, 0, 0
19328, 1198, 370, 1482, 2, 0, 34.75%, 0, 1, 11, 375.00, 76662311, 1088, 0, 0
19333, 1198, 866, 1482, 2, 0, 34.75%, 0, 1, 11, 844.83, 76682940, 1088, 0, 0
19338, 1198, 1477, 1482, 2, 0, 34.75%, 0, 1, 11, 4820.45, 76703243, 1088, 0, 0
19343, 1199, 498, 1482, 1, 0, 34.75%, 0, 1, 11, 5175.00, 76727013, 1088, 0, 0
19349, 1199, 1048, 1482, 1, 0, 34.75%, 0, 1, 11, 159.74, 76749630, 1088, 0, 0
19354, 1200, 93, 1482, 1, 0, 34.75%, 0, 1, 11, 5735.94, 76768355, 1088, 0, 0
19359, 1200, 699, 1482, 1, 0, 34.75%, 0, 1, 11, 5309.83, 76790957, 1088, 0, 0
19364, 1200, 1149, 1482, 1, 0, 34.75%, 0, 1, 11, 2803.84, 76813363, 1088, 0, 0
19369, 1201, 75, 1482, 0, 0, 34.75%, 0, 1, 11, 3969.11, 76832046, 1088, 0, 0
19374, 1201, 714, 1482, 0, 0, 34.75%, 0, 1, 11, 4481.31, 76854803, 1088, 0, 0
19379, 1201, 1109, 1482, 0, 0, 34.75%, 0, 1, 11, 4754.13, 76875771, 1088, 0, 0
19385, 1202, 137, 1482, 0, 0, 34.75%, 0, 1, 11, 4462.91, 76896171, 1088, 0, 0
19390, 1202, 734, 1482, 0, 0, 34.75%, 0, 1, 11, 4768.31, 76918594, 1088, 0, 0
19395, 1202, 1292, 1482, 0, 0, 34.75%, 0, 1, 11, 4160.46, 76940457, 1088, 0, 0
19400, 1203, 128, 1482, 0, 0, 34.75%, 0, 1, 11, 4870.12, 76959450, 1088, 0, 0
19405, 1203, 717, 1482, 0, 0, 34.75%, 0, 1, 11, 5083.97, 76981475, 1088, 0, 0
19410, 1203, 1281, 1482, 0, 0, 34.75%, 0, 1, 11, 3828.51, 77002580, 1088, 0, 0
19415, 1204, 106, 1482, 0, 0, 34.75%, 0, 1, 11, 5245.23, 77021979, 1088, 0, 0
19421, 1204, 700, 1482, 0, 0, 34.75%, 0, 1, 11, 3661.23, 77043972, 1088, 0, 0
19426, 1204, 1227, 1482, 0, 0, 34.75%, 0, 1, 11, 5284.81, 77066549, 1088, 0, 0
19431, 1205, 154, 1482, 0, 0, 34.75%, 0, 1, 11, 4119.44, 77087174, 1088, 0, 0
19436, 1205, 717, 1482, 0, 0, 34.75%, 0, 1, 11, 3927.72, 77106886, 1088, 0, 0
19441, 1205, 1291, 1482, 0, 0, 34.75%, 0, 1, 11, 3914.77, 77128243, 1088, 0, 0
19446, 1206, 137, 1482, 0, 0, 34.75%, 0, 1, 11, 4428.02, 77148674, 1088, 0, 0
19451, 1206, 714, 1482, 0, 0, 34.75%, 0, 1, 11, 4586.03, 77170877, 1088, 0, 0
19457, 1206, 1237, 1482, 0, 0, 34.75%, 0, 1, 11, 4836.23, 77192895, 1088, 0, 0
19462, 1207, 131, 1482, 0, 0, 34.75%, 0, 1, 11, 911.93, 77212389, 1088, 0, 0
19467, 1207, 721, 1482, 0, 0, 34.75%, 0, 1, 11, 3864.85, 77232980, 1088, 0, 0
19472, 1207, 1280, 1482, 0, 0, 34.75%, 0, 1, 11, 4962.66, 77254031, 1088, 0, 0
19477, 1208, 228, 1482, 0, 0, 34.75%, 0, 1, 11, 5514.18, 77274892, 1088, 0, 0
19482, 1208, 786, 1482, 0, 0, 34.75%, 0, 1, 11, 4562.01, 77294792, 1088, 0, 0
19487, 1208, 1322, 1482, 0, 0, 34.75%, 0, 1, 11, 2199.93, 77314740, 1088, 0, 0
19492, 1209, 162, 1482, 0, 0, 34.75%, 0, 1, 11, 4985.98, 77332740, 1088, 0, 0
19497, 1209, 758, 1482, 0, 0, 34.75%, 0, 1, 11, 4543.13, 77353553, 1088, 0, 0
19502, 1209, 1334, 1482, 0, 0, 34.75%, 0, 1, 11, 276.32, 77374655, 1088, 0, 0
19507, 1210, 370, 1482, 0, 0, 34.75%, 0, 1, 11, 4974.24, 77396246, 1088, 0, 0
19512, 1210, 853, 1482, 0, 0, 34.75%, 0, 1, 11, 4945.62, 77417155, 1088, 0, 0
19517, 1210, 1397, 1482, 0, 0, 34.75%, 0, 1, 11, 3814.88, 77436106, 1088, 0, 0
19522, 1211, 347, 1482, 0, 0, 34.75%, 0, 1, 11, 5258.83, 77458561, 1088, 0, 0
19528, 1211, 879, 1482, 0, 0, 34.75%, 0, 1, 11, 5062.22, 77479653, 1088, 0, 0
19533, 1211, 1391, 1482, 0, 0, 34.75%, 0, 1, 11, 3613.71, 77498466, 1088, 0, 0
19538, 1212, 381, 1482, 0, 0, 34.75%, 0, 1, 11, 4557.85, 77521067, 1088, 0, 0
19543, 1212, 864, 1482, 0, 0, 34.75%, 0, 1, 11, 3807.80, 77541672, 1088, 0, 0
19548, 1212, 1461, 1482, 0, 0, 34.75%, 0, 1, 11, 4511.01, 77561087, 1088, 0, 0
19553, 1213, 406, 1482, 0, 0, 34.75%, 0, 1, 11, 4816.95, 77584861, 1088, 0, 0
19558, 1213, 933, 1482, 0, 0, 34.75%, 0, 1, 11, 5292.27, 77606347, 1088, 0, 0
19563, 1213, 1454, 1482, 0, 0, 34.75%, 0, 1, 11, 3556.83, 77623002, 1088, 0, 0
19569, 1214, 399, 1482, 0, 0, 34.75%, 0, 1, 11, 4857.58, 77647090, 1088, 0, 0
19574, 1214, 897, 1482, 0, 0, 34.75%, 0, 1, 11, 4956.68, 77669589, 1088, 0, 0
19579, 1214, 1461, 1482, 0, 0, 34.75%, 0, 1, 11, 3724.59, 77687494, 1088, 0, 0
19584, 1215, 409, 1482, 0, 0, 34.75%, 0, 1, 11, 4657.78, 77709982, 1088, 0, 0
19589, 1215, 921, 1482, 0, 0, 34.75%, 0, 1, 11, 5299.54, 77731318, 1088, 0, 0
19594, 1215, 1461, 1482, 0, 0, 34.75%, 0, 1, 11, 2734.88, 77750286, 1088, 0, 0
19599, 1216, 400, 1482, 0, 0, 34.75%, 0, 1, 11, 5189.01, 77770540, 1088, 0, 0
19605, 1216, 774, 1482, 0, 0, 34.75%, 0, 1, 11, 4562.84, 77790911, 1088, 0, 0
19610, 1216, 1406, 1482, 0, 0, 34.75%, 0, 1, 11, 4108.17, 77809792, 1088, 0, 0
19615, 1217, 328, 1482, 0, 0, 34.75%, 0, 1, 11, 5166.20, 77830653, 1088, 0, 0
19620, 1217, 810, 1482, 0, 0, 34.75%, 0, 1, 11, 5045.07, 77851391, 1088, 0, 0
19625, 1217, 1469, 1482, 0, 0, 34.75%, 0, 1, 11, 4558.67, 77872306, 1088, 0, 0
19630, 1218, 463, 1482, 0, 0, 34.75%, 0, 1, 11, 2241.92, 77896096, 1088, 0, 0
19635, 1218, 910, 1482, 0, 0, 34.75%, 0, 1, 11, 3711.55, 77916360, 1088, 0, 0
19640, 1218, 1473, 1482, 0, 0, 34.75%, 0, 1, 11, 4076.32, 77935610, 1088, 0, 0
19645, 1219, 520, 1482, 0, 0, 34.75%, 0, 1, 11, 5017.15, 77958482, 1088, 0, 0
19650, 1219, 944, 1482, 0, 0, 34.75%, 0, 1, 11, 5530.20, 77979567, 1088, 0, 0
19656, 1220, 4, 1482, 0, 0, 34.75%, 0, 1, 11, 3561.12, 77997103, 1088, 0, 0
19661, 1220, 520, 1482, 0, 0, 34.75%, 0, 1, 11, 4444.96, 78019031, 1088, 0, 0
19666, 1220, 960, 1482, 0, 0, 34.75%, 0, 1, 11, 4565.14, 78041110, 1088, 0, 0
19671, 1221, 41, 1482, 0, 0, 34.75%, 0, 1, 11, 3807.84, 78061778, 1088, 0, 0
19676, 1221, 576, 1482, 0, 0, 34.75%, 0, 1, 11, 669.64, 78083360, 1088, 0, 0
19681, 1221, 968, 1482, 0, 0, 34.75%, 0, 1, 11, 4850.49, 78105093, 1088, 0, 0
19686, 1222, 41, 1482, 0, 0, 34.75%, 0, 1, 11, 3829.12, 78122084, 1088, 0, 0
19691, 1222, 588, 1482, 0, 0, 34.75%, 0, 1, 11, 5163.13, 78144844, 1088, 0, 0
19697, 1222, 1002, 1482, 0, 0, 34.75%, 0, 1, 11, 5019.42, 78165852, 1088, 0, 0
19702, 1223, 53, 1482, 0, 0, 34.75%, 0, 1, 11, 3358.10, 78183404, 1088, 0, 0
19707, 1223, 625, 1482, 0, 0, 34.75%, 0, 1, 11, 4493.29, 78205043, 1088, 0, 0
19712, 1223, 1039, 1482, 0, 0, 34.75%, 0, 1, 11, 4443.77, 78226842, 1088, 0, 0
19717, 1224, 63, 1482, 0, 0, 34.75%, 0, 1, 11, 4321.87, 78245643, 1088, 0, 0
19722, 1224, 606, 1482, 0, 0, 34.75%, 0, 1, 11, 4963.96, 78267362, 1088, 0, 0
19727, 1224, 1016, 1482, 0, 0, 34.75%, 0, 1, 11, 4854.35, 78288434, 1088, 0, 0
19732, 1225, 4, 1482, 0, 0, 34.75%, 0, 1, 11, 4720.42, 78304994, 1088, 0, 0
19737, 1225, 502, 1482, 0, 0, 34.75%, 0, 1, 11, 4842.40, 78327754, 1088, 0, 0
19743, 1225, 982, 1482, 0, 0, 34.75%, 0, 1, 11, 5544.87, 78350169, 1088, 0, 0
19748, 1226, 74, 1482, 0, 0, 34.75%, 0, 1, 11, 4830.17, 78371543, 1088, 0, 0
19753, 1226, 590, 1482, 0, 0, 34.75%, 0, 1, 11, 5208.47, 78394572, 1088, 0, 0
19758, 1226, 1147, 1482, 0, 0, 34.75%, 0, 1, 11, 5113.54, 78416200, 1088, 0, 0
19763, 1227, 121, 1482, 0, 0, 34.75%, 0, 1, 11, 4828.03, 78438613, 1088, 0, 0
19768, 1227, 710, 1482, 0, 0, 34.75%, 0, 1, 11, 4712.58, 78460320, 1088, 0, 0
19774, 1227, 1119, 1482, 0, 0, 34.75%, 0, 1, 11, 4915.93, 78482000, 1088, 0, 0
19779, 1228, 140, 1482, 0, 0, 34.75%, 0, 1, 11, 5285.69, 78503811, 1088, 0, 0
19784, 1228, 735, 1482, 0, 0, 34.75%, 0, 1, 11, 4470.48, 78525661, 1088, 0, 0
19789, 1228, 1280, 1482, 0, 0, 34.75%, 0, 1, 11, 5227.59, 78547533, 1088, 0, 0
19794, 1229, 165, 1482, 0, 0, 34.75%, 0, 1, 11, 5624.52, 78567172, 1088, 0, 0
19799, 1229, 740, 1482, 0, 0, 34.75%, 0, 1, 11, 888.00, 78587012, 1088, 0, 0
19804, 1229, 1303, 1482, 0, 0, 34.75%, 0, 1, 11, 4806.64, 78607720, 1088, 0, 0
19809, 1230, 212, 1482, 0, 0, 34.75%, 0, 1, 11, 276.19, 78628549, 1088, 0, 0
19814, 1230, 782, 1482, 0, 0, 34.75%, 0, 1, 11, 5130.23, 78650551, 1088, 0, 0
19819, 1230, 1364, 1488, 6, 0, 34.75%, 0, 1, 11, 4919.47, 78671065, 1088, 0, 0
19825, 1231, 115, 1488, 4, 0, 34.75%, 0, 1, 11, 5905.71, 78692155, 1088, 0, 0
19830, 1231, 712, 1488, 4, 0, 34.75%, 0, 1, 11, 5077.26, 78713303, 1088, 0, 0
19835, 1231, 1153, 1488, 4, 0, 34.75%, 0, 1, 11, 4672.64, 78735620, 1088, 0, 0
19840, 1232, 77, 1488, 3, 0, 34.75%, 0, 1, 11, 4700.63, 78755133, 1088, 0, 0
19845, 1232, 590, 1488, 3, 0, 34.75%, 0, 1, 11, 354.24, 78776331, 1088, 0, 0
19850, 1232, 1104, 1488, 3, 0, 34.75%, 0, 1, 11, 4903.94, 78797803, 1088, 0, 0
19855, 1233, 91, 1488, 3, 0, 34.75%, 0, 1, 11, 4203.31, 78818505, 1088, 0, 0
19860, 1233, 710, 1488, 3, 0, 34.75%, 0, 1, 11, 3949.74, 78841027, 1088, 0, 0
19866, 1233, 1128, 1488, 3, 0, 34.75%, 0, 1, 11, 5388.74, 78863655, 1088, 0, 0
19871, 1234, 128, 1488, 3, 0, 34.75%, 0, 1, 11, 5936.26, 78884686, 1088, 0, 0
19876, 1234, 695, 1488, 3, 0, 34.75%, 0, 1, 11, 3786.95, 78904087, 1088, 0, 0
19881, 1234, 1119, 1488, 3, 0, 34.75%, 0, 1, 11, 5293.85, 78926286, 1088, 0, 0
19886, 1234, 1487, 1488, 3, 0, 34.75%, 0, 1, 11, 4381.27, 78943207, 1088, 0, 0
19891, 1235, 498, 1488, 2, 0, 34.75%, 0, 1, 11, 4742.50, 78966941, 1088, 0, 0
19896, 1235, 963, 1488, 2, 0, 34.75%, 0, 1, 11, 5246.58, 78987913, 1088, 0, 0
19901, 1236, 11, 1488, 2, 0, 34.75%, 0, 1, 11, 2647.08, 79006637, 1088, 0, 0
19907, 1236, 520, 1488, 2, 0, 34.75%, 0, 1, 11, 5172.24, 79029784, 1088, 0, 0
19912, 1236, 991, 1488, 2, 0, 34.75%, 0, 1, 11, 5019.67, 79052723, 1088, 0, 0
19917, 1237, 31, 1488, 2, 0, 34.75%, 0, 1, 11, 3478.74, 79070967, 1088, 0, 0
19922, 1237, 548, 1488, 2, 0, 34.75%, 0, 1, 11, 4989.76, 79093150, 1088, 0, 0
19927, 1237, 982, 1488, 2, 0, 34.75%, 0, 1, 11, 3439.67, 79114870, 1088, 0, 0
19932, 1238, 4, 1488, 2, 0, 34.75%, 0, 1, 11, 3342.93, 79132059, 1088, 0, 0
19937, 1238, 499, 1488, 2, 0, 34.75%, 0, 1, 11, 4965.44, 79154242, 1088, 0, 0
19942, 1238, 982, 1488, 2, 0, 34.75%, 0, 1, 11, 4798.81, 79176160, 1088, 0, 0
19947, 1238, 1459, 1488, 2, 0, 34.75%, 0, 1, 11, 3665.40, 79191584, 1088, 0, 0
19953, 1239, 117, 1488, 1, 0, 34.75%, 0, 1, 11, 4780.58, 79210969, 1088, 0, 0
19958, 1239, 699, 1488, 1, 0, 34.75%, 0, 1, 11, 4418.28, 79231828, 1088, 0, 0
19963, 1239, 1132, 1488, 1, 0, 34.75%, 0, 1, 11, 3661.97, 79253731, 1088, 0, 0
19968, 1239, 1485, 1488, 1, 0, 34.75%, 0, 1, 11, 3156.90, 79264890, 1088, 0, 0
19973, 1240, 489, 1488, 0, 0, 34.75%, 0, 1, 11, 5078.16, 79287560, 1088, 0, 0
19979, 1240, 972, 1488, 0, 0, 34.75%, 0, 1, 11, 4996.86, 79309952, 1088, 0, 0
19984, 1241, 57, 1488, 0, 0, 34.75%, 0, 1, 11, 3527.59, 79330027, 1088, 0, 0
19989, 1241, 597, 1488, 0, 0, 34.75%, 0, 1, 11, 5327.20, 79351717, 1088, 0, 0
19994, 1241, 1039, 1488, 0, 0, 34.75%, 0, 1, 11, 4975.48, 79373673, 1088, 0, 0
19999, 1242, 39, 1488, 0, 0, 34.75%, 0, 1, 11, 4027.27, 79390523, 1088, 0, 0
20004, 1242, 576, 1488, 0, 0, 34.75%, 0, 1, 11, 5238.70, 79413564, 1088, 0, 0
20009, 1242, 1119, 1488, 0, 0, 34.75%, 0, 1, 11, 4656.63, 79436064, 1088, 0, 0
20014, 1243, 140, 1488, 0, 0, 34.75%, 0, 1, 11, 4820.85, 79456955, 1088, 0, 0
20019, 1243, 722, 1488, 0, 0, 34.75%, 0, 1, 11, 5566.77, 79478747, 1088, 0, 0
20025, 1243, 1315, 1488, 0, 0, 34.75%, 0, 1, 11, 3885.03, 79500446, 1088, 0, 0
20030, 1244, 175, 1488, 0, 0, 34.75%, 0, 1, 11, 4361.54, 79521667, 1088, 0, 0
20035, 1244, 810, 1488, 0, 0, 34.75%, 0, 1, 11, 4932.68, 79544634, 1088, 0, 0
20040, 1244, 1388, 1488, 0, 0, 34.75%, 0, 1, 11, 3660.74, 79564424, 1088, 0, 0
20045, 1245, 370, 1488, 0, 0, 34.75%, 0, 1, 11, 5105.09, 79586031, 1088, 0, 0
20050, 1245, 869, 1488, 0, 0, 34.75%, 0, 1, 11, 4628.02, 79607216, 1088, 0, 0
20055, 1245, 1401, 1488, 0, 0, 34.75%, 0, 1, 11, 4157.24, 79627222, 1088, 0, 0
20060, 1246, 400, 1488, 0, 0, 34.75%, 0, 1, 11, 3179.92, 79650791, 1088, 0, 0
20065, 1246, 894, 1488, 0, 0, 34.75%, 0, 1, 11, 5121.54, 79671477, 1088, 0, 0
20070, 1246, 1460, 1488, 0, 0, 34.75%, 0, 1, 11, 4574.66, 79689988, 1088, 0, 0
20076, 1247, 481, 1488, 0, 0, 34.75%, 0, 1, 11, 5519.77, 79713187, 1088, 0, 0
20081, 1247, 917, 1488, 0, 0, 34.75%, 0, 1, 11, 4809.91, 79734278, 1088, 0, 0
20086, 1248, 12, 1488, 0, 0, 34.75%, 0, 1, 11, 4365.65, 79754712, 1088, 0, 0
20091, 1248, 576, 1488, 0, 0, 34.75%, 0, 1, 11, 4720.32, 79778632, 1088, 0, 0
20096, 1248, 982, 1488, 0, 0, 34.75%, 0, 1, 11, 4577.58, 79799618, 1088, 0, 0
20101, 1249, 7, 1488, 0, 0, 34.75%, 0, 1, 11, 2086.78, 79816340, 1088, 0, 0
20106, 1249, 525, 1488, 0, 0, 34.75%, 0, 1, 11, 3929.32, 79839069, 1088, 0, 0
20112, 1249, 1032, 1488, 0, 0, 34.75%, 0, 1, 11, 4459.06, 79861239, 1088, 0, 0
20117, 1250, 41, 1488, 0, 0, 34.75%, 0, 1, 11, 2156.15, 79879614, 1088, 0, 0
20122, 1250, 503, 1488, 0, 0, 34.75%, 0, 1, 11, 4148.80, 79902018, 1088, 0, 0
20127, 1250, 953, 1488, 0, 0, 34.75%, 0, 1, 11, 4972.03, 79923661, 1088, 0, 0
20132, 1251, 42, 1488, 0, 0, 34.75%, 0, 1, 11, 4015.91, 79944114, 1088, 0, 0
20137, 1251, 525, 1488, 0, 0, 34.75%, 0, 1, 11, 5157.47, 79966053, 1088, 0, 0
20142, 1251, 1039, 1488, 0, 0, 34.75%, 0, 1, 11, 3762.23, 79988400, 1088, 0, 0
20148, 1252, 73, 1488, 0, 0, 34.75%, 0, 1, 11, 5745.82, 80008596, 1088, 0, 0
20153, 1252, 687, 1488, 0, 0, 34.75%, 0, 1, 11, 4780.18, 80031372, 1088, 0, 0
20158, 1252, 1054, 1488, 0, 0, 34.75%, 0, 1, 11, 5266.92, 80053232, 1088, 0, 0
20163, 1253, 45, 1488, 0, 0, 34.75%, 0, 1, 11, 2902.41, 80070970, 1088, 0, 0
20168, 1253, 558, 1488, 0, 0, 34.75%, 0, 1, 11, 5578.35, 80094430, 1088, 0, 0
20174, 1253, 984, 1488, 0, 0, 34.75%, 0, 1, 11, 5067.37, 80116467, 1088, 0, 0
20179, 1254, 7, 1488, 0, 0, 34.75%, 0, 1, 11, 5173.66, 80134597, 1088, 0, 0
20184, 1254, 564, 1488, 0, 0, 34.75%, 0, 1, 11, 4792.85, 80158438, 1088, 0, 0
20189, 1254, 1013, 1488, 0, 0, 34.75%, 0, 1, 11, 4728.39, 80180274, 1088, 0, 0
20194, 1255, 81, 1488, 0, 0, 34.75%, 0, 1, 11, 4704.50, 80200499, 1088, 0, 0
20199, 1255, 590, 1488, 0, 0, 34.75%, 0, 1, 11, 1898.70, 80222167, 1088, 0, 0
20204, 1255, 1098, 1488, 0, 0, 34.75%, 0, 1, 11, 4679.69, 80244325, 1088, 0, 0
20209, 1256, 113, 1488, 0, 0, 34.75%, 0, 1, 11, 4683.06, 80262599, 1088, 0, 0
20214, 1256, 577, 1488, 0, 0, 34.75%, 0, 1, 11, 4313.74, 80284443, 1088, 0, 0
20219, 1256, 1074, 1488, 0, 0, 34.75%, 0, 1, 11, 4379.06, 80306557, 1088, 0, 0
20225, 1257, 106, 1488, 0, 0, 34.75%, 0, 1, 11, 4374.01, 80325901, 1088, 0, 0
20230, 1257, 692, 1488, 0, 0, 34.75%, 0, 1, 11, 4511.87, 80345832, 1088, 0, 0
20235, 1257, 1128, 1488, 0, 0, 34.75%, 0, 1, 11, 5145.73, 80367463, 1088, 0, 0
20240, 1258, 120, 1488, 0, 0, 34.75%, 0, 1, 11, 5408.76, 80387310, 1088, 0, 0
20245, 1258, 628, 1488, 0, 0, 34.75%, 0, 1, 11, 4986.51, 80408204, 1088, 0, 0
20250, 1258, 1129, 1488, 0, 0, 34.75%, 0, 1, 11, 5025.84, 80429352, 1088, 0, 0
20255, 1259, 120, 1488, 0, 0, 34.75%, 0, 1, 11, 5413.35, 80448484, 1088, 0, 0
20261, 1259, 605, 1488, 0, 0, 34.75%, 0, 1, 11, 2871.84, 80470780, 1088, 0, 0
20266, 1259, 1074, 1488, 0, 0, 34.75%, 0, 1, 11, 4892.93, 80492396, 1088, 0, 0
20271, 1260, 12, 1488, 0, 0, 34.75%, 0, 1, 11, 5284.16, 80508996, 1088, 0, 0
20276, 1260, 525, 1488, 0, 0, 34.75%, 0, 1, 11, 5567.07, 80532309, 1088, 0, 0
20281, 1260, 947, 1488, 0, 0, 34.75%, 0, 1, 11, 5511.69, 80553745, 1088, 0, 0
20286, 1260, 1470, 1489, 1, 0, 34.75%, 0, 1, 11, 467.00, 80571860, 1088, 0, 0
20291, 1261, 478, 1489, 1, 0, 34.75%, 0, 1, 11, 3878.59, 80594835, 1088, 0, 0
20297, 1261, 927, 1489, 1, 0, 34.75%, 0, 1, 11, 5319.37, 80616888, 1088, 0, 0
20302, 1261, 1486, 1489, 1, 0, 34.75%, 0, 1, 11, 3835.14, 80635005, 1088, 0, 0
20307, 1262, 370, 1489, 0, 0, 34.75%, 0, 1, 11, 4492.77, 80655457, 1088, 0, 0
20312, 1262, 777, 1489, 0, 0, 34.75%, 0, 1, 11, 363.64, 80674896, 1088, 0, 0
20317, 1262, 1352, 1489, 0, 0, 34.75%, 0, 1, 11, 3490.38, 80695528, 1088, 0, 0
20322, 1263, 375, 1489, 0, 0, 34.75%, 0, 1, 11, 5108.04, 80717526, 1088, 0, 0
20327, 1263, 918, 1489, 0, 0, 34.75%, 0, 1, 11, 5356.53, 80739703, 1088, 0, 0
20332, 1263, 1460, 1489, 0, 0, 34.75%, 0, 1, 11, 1799.06, 80757957, 1088, 0, 0
20338, 1264, 400, 1489, 0, 0, 34.75%, 0, 1, 11, 5262.21, 80779175, 1088, 0, 0
20343, 1264, 909, 1489, 0, 0, 34.75%, 0, 1, 11, 5197.03, 80799607, 1088, 0, 0
20348, 1264, 1479, 1489, 0, 0, 34.75%, 0, 1, 11, 4102.06, 80817944, 1088, 0, 0
20353, 1265, 488, 1489, 0, 0, 34.75%, 0, 1, 11, 4530.56, 80839950, 1088, 0, 0
20358, 1265, 918, 1489, 0, 0, 34.75%, 0, 1, 11, 4340.52, 80862600, 1088, 0, 0
20363, 1265, 1456, 1489, 0, 0, 34.75%, 0, 1, 11, 1451.45, 80880055, 1088, 0, 0
20368, 1266, 358, 1489, 0, 0, 34.75%, 0, 1, 11, 5149.56, 80901487, 1088, 0, 0
20373, 1266, 756, 1489, 0, 0, 34.75%, 0, 1, 11, 305.65, 80919983, 1088, 0, 0
20378, 1266, 1312, 1489, 0, 0, 34.75%, 0, 1, 11, 2655.34, 80940799, 1088, 0, 0
20383, 1267, 201, 1489, 0, 0, 34.75%, 0, 1, 11, 3065.66, 80961622, 1088, 0, 0
20388, 1267, 723, 1489, 0, 0, 34.75%, 0, 1, 11, 5319.19, 80980870, 1088, 0, 0
20393, 1267, 1132, 1489, 0, 0, 34.75%, 0, 1, 11, 2924.03, 81002040, 1088, 0, 0
20398, 1268, 67, 1489, 0, 0, 34.75%, 0, 1, 11, 3692.99, 81021168, 1088, 0, 0
20403, 1268, 576, 1489, 0, 0, 34.75%, 0, 1, 11, 4857.35, 81042712, 1088, 0, 0
20409, 1268, 951, 1489, 0, 0, 34.75%, 0, 1, 11, 5683.75, 81063723, 1088, 0, 0
20414, 1268, 1461, 1489, 0, 0, 34.75%, 0, 1, 11, 4693.80, 81080501, 1088, 0, 0
20419, 1269, 347, 1492, 3, 0, 34.75%, 0, 1, 11, 4311.94, 81101418, 1088, 0, 0
20424, 1269, 865, 1492, 3, 0, 34.75%, 0, 1, 11, 5524.21, 81122894, 1088, 0, 0
20429, 1269, 1404, 1492, 3, 0, 34.75%, 0, 1, 11, 4207.25, 81140234, 1088, 0, 0
20434, 1270, 113, 1492, 1, 0, 34.75%, 0, 1, 11, 4403.94, 81155079, 1088, 0, 0
20439, 1270, 710, 1492, 1, 0, 34.75%, 0, 1, 11, 5233.59, 81175686, 1088, 0, 0
20444, 1270, 1103, 1492, 1, 0, 34.75%, 0, 1, 11, 4272.85, 81196566, 1088, 0, 0
20449, 1271, 117, 1492, 1, 0, 34.75%, 0, 1, 11, 5101.53, 81215316, 1088, 0, 0
20455, 1271, 723, 1492, 1, 0, 34.75%, 0, 1, 11, 4000.85, 81237552, 1088, 0, 0
20460, 1271, 1246, 1492, 1, 0, 34.75%, 0, 1, 11, 4212.32, 81259508, 1088, 0, 0
20465, 1272, 166, 1492, 1, 0, 34.75%, 0, 1, 11, 3983.07, 81280853, 1088, 0, 0
20470, 1272, 740, 1492, 1, 0, 34.75%, 0, 1, 11, 4346.08, 81302294, 1088, 0, 0
20475, 1272, 1313, 1492, 1, 0, 34.75%, 0, 1, 11, 4900.82, 81324376, 1088, 0, 0
20480, 1273, 72, 1492, 0, 0, 34.75%, 0, 1, 11, 4342.77, 81338497, 1088, 0, 0
20486, 1273, 620, 1492, 0, 0, 34.75%, 0, 1, 11, 5620.56, 81362049, 1088, 0, 0
20491, 1273, 1128, 1492, 0, 0, 34.75%, 0, 1, 11, 4662.53, 81384431, 1088, 0, 0
20496, 1273, 1477, 1492, 0, 0, 34.75%, 0, 1, 11, 2733.23, 81396559, 1088, 0, 0
20501, 1274, 498, 1492, 0, 0, 34.75%, 0, 1, 11, 4693.35, 81418700, 1088, 0, 0
20506, 1274, 973, 1492, 0, 0, 34.75%, 0, 1, 11, 5117.68, 81442031, 1088, 0, 0
20512, 1275, 45, 1492, 0, 0, 34.75%, 0, 1, 11, 2660.00, 81460341, 1088, 0, 0
20517, 1275, 558, 1492, 0, 0, 34.75%, 0, 1, 11, 4173.36, 81482839, 1088, 0, 0
20522, 1275, 1012, 1492, 0, 0, 34.75%, 0, 1, 11, 4510.31, 81504569, 1088, 0, 0
20527, 1276, 19, 1492, 0, 0, 34.75%, 0, 1, 11, 4451.79, 81522803, 1088, 0, 0
20532, 1276, 712, 1492, 0, 0, 34.75%, 0, 1, 11, 4764.54, 81547321, 1088, 0, 0
20537, 1276, 1132, 1492, 0, 0, 34.75%, 0, 1, 11, 4733.45, 81567525, 1088, 0, 0
20542, 1277, 137, 1492, 0, 0, 34.75%, 0, 1, 11, 5385.00, 81588529, 1088, 0, 0
20547, 1277, 740, 1492, 0, 0, 34.75%, 0, 1, 11, 4387.19, 81610870, 1088, 0, 0
20552, 1277, 1311, 1492, 0, 0, 34.75%, 0, 1, 11, 5106.00, 81632890, 1088, 0, 0
20558, 1278, 166, 1492, 0, 0, 34.75%, 0, 1, 11, 5111.16, 81654885, 1088, 0, 0
20563, 1278, 769, 1492, 0, 0, 34.75%, 0, 1, 11, 5295.32, 81676576, 1088, 0, 0
20568, 1278, 1328, 1492, 0, 0, 34.75%, 0, 1, 11, 4871.57, 81698281, 1088, 0, 0
20573, 1279, 167, 1492, 0, 0, 34.75%, 0, 1, 11, 4742.09, 81719087, 1088, 0, 0
20578, 1279, 803, 1492, 0, 0, 34.75%, 0, 1, 11, 4764.30, 81742052, 1088, 0, 0
20584, 1279, 1401, 1492, 0, 0, 34.75%, 0, 1, 11, 829.03, 81763639, 1088, 0, 0
20589, 1280, 384, 1492, 0, 0, 34.75%, 0, 1, 11, 3770.17, 81785862, 1088, 0, 0
20594, 1280, 897, 1492, 0, 0, 34.75%, 0, 1, 11, 764.25, 81808672, 1088, 0, 0
20599, 1281, 45, 1492, 0, 0, 34.75%, 0, 1, 11, 4748.46, 81831416, 1088, 0, 0
20604, 1281, 576, 1492, 0, 0, 34.75%, 0, 1, 11, 3830.27, 81854961, 1088, 0, 0
20610, 1281, 1028, 1492, 0, 0, 34.75%, 0, 1, 11, 2939.49, 81877366, 1088, 0, 0
20615, 1281, 1489, 1492, 0, 0, 34.75%, 0, 1, 11, 4945.94, 81894404, 1088, 0, 0
20620, 1282, 498, 1492, 0, 0, 34.75%, 0, 1, 11, 4069.88, 81917723, 1088, 0, 0
20625, 1282, 927, 1492, 0, 0, 34.75%, 0, 1, 11, 4717.94, 81939510, 1088, 0, 0
20630, 1283, 33, 1492, 0, 0, 34.75%, 0, 1, 11, 4774.95, 81959341, 1088, 0, 0
20636, 1283, 532, 1492, 0, 0, 34.75%, 0, 1, 11, 4632.63, 81982709, 1088, 0, 0
20641, 1283, 973, 1492, 0, 0, 34.75%, 0, 1, 11, 385.45, 82004579, 1088, 0, 0
20646, 1283, 1461, 1492, 0, 0, 34.75%, 0, 1, 11, 571.43, 82021114, 1088, 0, 0
20651, 1284, 384, 1492, 0, 0, 34.75%, 0, 1, 11, 4308.46, 82043405, 1088, 0, 0
20656, 1284, 903, 1492, 0, 0, 34.75%, 0, 1, 11, 4322.95, 82064885, 1088, 0, 0
20661, 1284, 1418, 1492, 0, 0, 34.75%, 0, 1, 11, 3918.23, 82083318, 1088, 0, 0
20666, 1285, 377, 1492, 0, 0, 34.75%, 0, 1, 11, 4779.38, 82105881, 1088, 0, 0
20672, 1285, 774, 1492, 0, 0, 34.75%, 0, 1, 11, 4363.61, 82126563, 1088, 0, 0
20677, 1285, 1328, 1492, 0, 0, 34.75%, 0, 1, 11, 4516.02, 82146974, 1088, 0, 0
20682, 1286, 329, 1492, 0, 0, 34.75%, 0, 1, 11, 5246.02, 82169077, 1088, 0, 0
20687, 1286, 894, 1492, 0, 0, 34.75%, 0, 1, 11, 4900.77, 82191741, 1088, 0, 0
20692, 1287, 57, 1492, 0, 0, 34.75%, 0, 1, 11, 4142.65, 82212540, 1088, 0, 0
20697, 1287, 577, 1492, 0, 0, 34.75%, 0, 1, 11, 4761.67, 82235003, 1088, 0, 0
20702, 1287, 1027, 1492, 0, 0, 34.75%, 0, 1, 11, 5076.07, 82256437, 1088, 0, 0
20707, 1288, 75, 1492, 0, 0, 34.75%, 0, 1, 11, 4349.22, 82274633, 1088, 0, 0
20712, 1288, 696, 1492, 0, 0, 34.75%, 0, 1, 11, 4997.26, 82297484, 1088, 0, 0
20718, 1288, 1098, 1492, 0, 0, 34.75%, 0, 1, 11, 4417.90, 82319193, 1088, 0, 0
20723, 1289, 114, 1492, 0, 0, 34.75%, 0, 1, 11, 502.02, 82337859, 1088, 0, 0
20728, 1289, 758, 1492, 0, 0, 34.75%, 0, 1, 11, 4462.37, 82360224, 1088, 0, 0
20733, 1289, 1282, 1492, 0, 0, 34.75%, 0, 1, 11, 3945.27, 82380909, 1088, 0, 0
20738, 1290, 140, 1493, 0, 0, 34.75%, 0, 1, 11, 5422.48, 82399683, 1088, 0, 0
20743, 1290, 758, 1493, 0, 0, 34.75%, 0, 1, 11, 4881.15, 82421642, 1088, 0, 0
20748, 1290, 1365, 1493, 0, 0, 34.75%, 0, 1, 11, 4344.26, 82443652, 1088, 0, 0
20753, 1291, 283, 1493, 0, 0, 34.75%, 0, 1, 11, 5067.54, 82465277, 1088, 0, 0
20758, 1291, 864, 1493, 0, 0, 34.75%, 0, 1, 11, 4005.77, 82487285, 1088, 0, 0
20764, 1291, 1479, 1493, 0, 0, 34.75%, 0, 1, 11, 379.00, 82508527, 1088, 0, 0
20769, 1292, 520, 1493, 0, 0, 34.75%, 0, 1, 11, 4180.73, 82532475, 1088, 0, 0
20774, 1292, 927, 1493, 0, 0, 34.75%, 0, 1, 11, 4860.00, 82552002, 1088, 0, 0
20779, 1293, 74, 1493, 0, 0, 34.75%, 0, 1, 11, 4184.91, 82571883, 1088, 0, 0
20784, 1293, 576, 1493, 0, 0, 34.75%, 0, 1, 11, 5208.18, 82594076, 1088, 0, 0
20789, 1293, 982, 1493, 0, 0, 34.75%, 0, 1, 11, 4582.79, 82615600, 1088, 0, 0
20795, 1294, 42, 1493, 0, 0, 34.75%, 0, 1, 11, 4481.33, 82633759, 1088, 0, 0
20800, 1294, 538, 1493, 0, 0, 34.75%, 0, 1, 11, 5226.02, 82657045, 1088, 0, 0
20805, 1294, 1018, 1493, 0, 0, 34.75%, 0, 1, 11, 5163.58, 82678202, 1088, 0, 0
20810, 1295, 4, 1493, 0, 0, 34.75%, 0, 1, 11, 2909.97, 82694457, 1088, 0, 0
20815, 1295, 525, 1493, 0, 0, 34.75%, 0, 1, 11, 5424.68, 82717513, 1088, 0, 0
20820, 1295, 981, 1493, 0, 0, 34.75%, 0, 1, 11, 5129.87, 82740374, 1088, 0, 0
20825, 1296, 50, 1493, 0, 0, 34.75%, 0, 1, 11, 3803.20, 82758833, 1088, 0, 0
20830, 1296, 631, 1493, 0, 0, 34.75%, 0, 1, 11, 4026.55, 82780893, 1088, 0, 0
20835, 1296, 1129, 1493, 0, 0, 34.75%, 0, 1, 11, 4630.61, 82802495, 1088, 0, 0
20840, 1297, 120, 1493, 0, 0, 34.75%, 0, 1, 11, 3132.37, 82821033, 1088, 0, 0
20845, 1297, 717, 1493, 0, 0, 34.75%, 0, 1, 11, 4895.38, 82842163, 1088, 0, 0
20851, 1297, 1207, 1493, 0, 0, 34.75%, 0, 1, 11, 4788.86, 82864097, 1088, 0, 0
20856, 1298, 138, 1493, 0, 0, 34.75%, 0, 1, 11, 4488.77, 82884052, 1088, 0, 0
20861, 1298, 798, 1493, 0, 0, 34.75%, 0, 1, 11, 5428.54, 82907702, 1088, 0, 0
20866, 1298, 1357, 1493, 0, 0, 34.75%, 0, 1, 11, 4580.01, 82928346, 1088, 0, 0
20871, 1299, 228, 1493, 0, 0, 34.75%, 0, 1, 11, 4497.80, 82948817, 1088, 0, 0
20876, 1299, 768, 1493, 0, 0, 34.75%, 0, 1, 11, 4398.28, 82969777, 1088, 0, 0
20881, 1299, 1376, 1493, 0, 0, 34.75%, 0, 1, 11, 3963.48, 82990684, 1088, 0, 0
20886, 1300, 377, 1493, 0, 0, 34.75%, 0, 1, 11, 3993.49, 83012655, 1088, 0, 0
20891, 1300, 897, 1493, 0, 0, 34.75%, 0, 1, 11, 4494.69, 83033774, 1088, 0, 0
20896, 1300, 1479, 1493, 0, 0, 34.75%, 0, 1, 11, 3381.36, 83052163, 1088, 0, 0
20902, 1301, 486, 1493, 0, 0, 34.75%, 0, 1, 11, 4423.93, 83074703, 1088, 0, 0
20907, 1301, 909, 1493, 0, 0, 34.75%, 0, 1, 11, 5467.66, 83096931, 1088, 0, 0
20912, 1302, 11, 1493, 0, 0, 34.75%, 0, 1, 11, 5033.89, 83116326, 1088, 0, 0
20917, 1302, 520, 1493, 0, 0, 34.75%, 0, 1, 11, 4798.01, 83138942, 1088, 0, 0
20922, 1302, 941, 1493, 0, 0, 34.75%, 0, 1, 11, 5506.99, 83160571, 1088, 0, 0
20927, 1303, 67, 1493, 0, 0, 34.75%, 0, 1, 11, 4595.18, 83180112, 1088, 0, 0
20933, 1303, 617, 1493, 0, 0, 34.75%, 0, 1, 11, 4882.79, 83201858, 1088, 0, 0
20938, 1303, 1028, 1493, 0, 0, 34.75%, 0, 1, 11, 4665.25, 83223495, 1088, 0, 0
20943, 1304, 72, 1493, 0, 0, 34.75%, 0, 1, 11, 4513.97, 83242710, 1088, 0, 0
20948, 1304, 672, 1493, 0, 0, 34.75%, 0, 1, 11, 4475.63, 83265186, 1088, 0, 0
20953, 1304, 1032, 1493, 0, 0, 34.75%, 0, 1, 11, 4479.43, 83286936, 1088, 0, 0
20959, 1304, 1493, 1494, 1, 0, 34.75%, 0, 1, 11, 4560.82, 83309103, 1088, 0, 0
20964, 1305, 463, 1494, 0, 0, 34.75%, 0, 1, 11, 5512.39, 83332150, 1088, 0, 0
20969, 1305, 827, 1494, 0, 0, 34.75%, 0, 1, 11, 4090.08, 83350400, 1088, 0, 0
20975, 1305, 1355, 1494, 0, 0, 34.75%, 0, 1, 11, 4529.62, 83370875, 1088, 0, 0
20980, 1306, 149, 1494, 0, 0, 34.75%, 0, 1, 11, 5748.34, 83389872, 1088, 0, 0
20985, 1306, 758, 1494, 0, 0, 34.75%, 0, 1, 11, 5064.55, 83412596, 1088, 0, 0
20990, 1306, 1340, 1494, 0, 0, 34.75%, 0, 1, 11, 4443.36, 83433093, 1088, 0, 0
20995, 1307, 175, 1494, 0, 0, 34.75%, 0, 1, 11, 5313.04, 83453739, 1088, 0, 0
21000, 1307, 758, 1494, 0, 0, 34.75%, 0, 1, 11, 2573.66, 83476502, 1088, 0, 0
21005, 1307, 1334, 1494, 0, 0, 34.75%, 0, 1, 11, 3835.85, 83497247, 1088, 0, 0
21011, 1308, 145, 1494, 0, 0, 34.75%, 0, 1, 11, 5133.62, 83516025, 1088, 0, 0
21016, 1308, 774, 1494, 0, 0, 34.75%, 0, 1, 11, 4468.06, 83538866, 1088, 0, 0
21021, 1308, 1395, 1498, 4, 0, 34.75%, 0, 1, 11, 520.62, 83558548, 1088, 0, 0
21026, 1309, 228, 1498, 4, 0, 34.75%, 0, 1, 11, 4771.14, 83578361, 1088, 0, 0
21031, 1309, 758, 1498, 4, 0, 34.75%, 0, 1, 11, 830.52, 83597374, 1088, 0, 0
21036, 1309, 1323, 1498, 4, 0, 34.75%, 0, 1, 11, 4392.88, 83618928, 1088, 0, 0
21041, 1310, 113, 1498, 4, 0, 34.75%, 0, 1, 11, 5966.54, 83637854, 1088, 0, 0
21046, 1310, 714, 1498, 4, 0, 34.75%, 0, 1, 11, 2777.71, 83658530, 1088, 0, 0
21052, 1310, 1132, 1498, 4, 0, 34.75%, 0, 1, 11, 3773.67, 83680195, 1088, 0, 0
21058, 1310, 1497, 1498, 3, 0, 34.75%, 0, 1, 11, 3401.64, 83696436, 1088, 0, 0
21063, 1311, 486, 1498, 2, 0, 34.75%, 0, 1, 11, 4402.20, 83719805, 1088, 0, 0
21068, 1311, 918, 1498, 2, 0, 34.75%, 0, 1, 11, 4364.20, 83741162, 1088, 0, 0
21073, 1312, 10, 1498, 2, 0, 34.75%, 0, 1, 11, 3719.38, 83759932, 1088, 0, 0
21079, 1312, 542, 1498, 2, 0, 34.75%, 0, 1, 11, 4928.72, 83783835, 1088, 0, 0
21084, 1312, 1025, 1498, 2, 0, 34.75%, 0, 1, 11, 4692.61, 83805681, 1088, 0, 0
21089, 1313, 47, 1498, 2, 0, 34.75%, 0, 1, 11, 3022.43, 83824057, 1088, 0, 0
21094, 1313, 590, 1498, 2, 0, 34.75%, 0, 1, 11, 3848.06, 83846413, 1088, 0, 0
21099, 1313, 1057, 1498, 2, 0, 34.75%, 0, 1, 11, 4169.28, 83867539, 1088, 0, 0
21104, 1314, 72, 1498, 2, 0, 34.75%, 0, 1, 11, 6102.44, 83884862, 1088, 0, 0
21109, 1314, 634, 1498, 2, 0, 34.75%, 0, 1, 11, 5109.32, 83908034, 1088, 0, 0
21114, 1314, 1050, 1498, 2, 0, 34.75%, 0, 1, 11, 5314.06, 83929718, 1088, 0, 0
21119, 1315, 112, 1498, 1, 0, 34.75%, 0, 1, 11, 5014.37, 83949827, 1088, 0, 0
21125, 1315, 651, 1498, 1, 0, 34.75%, 0, 1, 11, 3808.89, 83969533, 1088, 0, 0
21130, 1315, 1025, 1498, 1, 0, 34.75%, 0, 1, 11, 5098.95, 83990654, 1088, 0, 0
21135, 1315, 1495, 1498, 1, 0, 34.75%, 0, 1, 11, 1790.95, 84007349, 1088, 0, 0
21140, 1316, 463, 1498, 0, 0, 34.75%, 0, 1, 11, 4935.17, 84029834, 1088, 0, 0
21145, 1316, 930, 1498, 0, 0, 34.75%, 0, 1, 11, 4944.49, 84051429, 1088, 0, 0
21150, 1317, 63, 1498, 0, 0, 34.75%, 0, 1, 11, 4267.36, 84071039, 1088, 0, 0
21156, 1317, 625, 1498, 0, 0, 34.75%, 0, 1, 11, 979.32, 84092620, 1088, 0, 0
21161, 1317, 1039, 1498, 0, 0, 34.75%, 0, 1, 11, 534.56, 84113766, 1088, 0, 0
21166, 1318, 96, 1498, 0, 0, 34.75%, 0, 1, 11, 5155.85, 84133263, 1088, 0, 0
21171, 1318, 710, 1498, 0, 0, 34.75%, 0, 1, 11, 5454.56, 84156056, 1088, 0, 0
21176, 1318, 1207, 1498, 0, 0, 34.75%, 0, 1, 11, 5136.28, 84178660, 1088, 0, 0
21182, 1319, 154, 1498, 0, 0, 34.75%, 0, 1, 11, 4960.90, 84200784, 1088, 0, 0
21187, 1319, 748, 1498, 0, 0, 34.75%, 0, 1, 11, 4298.05, 84221348, 1088, 0, 0
21192, 1319, 1322, 1498, 0, 0, 34.75%, 0, 1, 11, 3965.61, 84243445, 1088, 0, 0
21197, 1320, 165, 1498, 0, 0, 34.75%, 0, 1, 11, 4775.79, 84264184, 1088, 0, 0
21202, 1320, 758, 1498, 0, 0, 34.75%, 0, 1, 11, 5221.72, 84285906, 1088, 0, 0
21207, 1320, 1276, 1498, 0, 0, 34.75%, 0, 1, 11, 3425.89, 84306531, 1088, 0, 0
21212, 1321, 137, 1498, 0, 0, 34.75%, 0, 1, 11, 3833.72, 84327233, 1088, 0, 0
21217, 1321, 714, 1498, 0, 0, 34.75%, 0, 1, 11, 4524.37, 84347415, 1088, 0, 0
21223, 1321, 1129, 1498, 0, 0, 34.75%, 0, 1, 11, 4776.62, 84368537, 1088, 0, 0
21228, 1322, 138, 1498, 0, 0, 34.75%, 0, 1, 11, 4604.82, 84389785, 1088, 0, 0
21233, 1322, 758, 1498, 0, 0, 34.75%, 0, 1, 11, 4742.22, 84412385, 1088, 0, 0
21238, 1322, 1299, 1498, 0, 0, 34.75%, 0, 1, 11, 4263.52, 84433169, 1088, 0, 0
21243, 1323, 138, 1498, 0, 0, 34.75%, 0, 1, 11, 5372.88, 84452627, 1088, 0, 0
21248, 1323, 748, 1498, 0, 0, 34.75%, 0, 1, 11, 4636.45, 84475297, 1088, 0, 0
21253, 1323, 1185, 1498, 0, 0, 34.75%, 0, 1, 11, 2294.94, 84495655, 1088, 0, 0
21259, 1324, 137, 1498, 0, 0, 34.75%, 0, 1, 11, 3592.35, 84513342, 1088, 0, 0
21264, 1324, 733, 1498, 0, 0, 34.75%, 0, 1, 11, 4044.48, 84534491, 1088, 0, 0
21269, 1324, 1207, 1498, 0, 0, 34.75%, 0, 1, 11, 4122.94, 84555213, 1088, 0, 0
21274, 1325, 176, 1498, 0, 0, 34.75%, 0, 1, 11, 2625.00, 84576939, 1088, 0, 0
21279, 1325, 774, 1498, 0, 0, 34.75%, 0, 1, 11, 3920.36, 84598310, 1088, 0, 0
21284, 1325, 1397, 1498, 0, 0, 34.75%, 0, 1, 11, 4289.11, 84617880, 1088, 0, 0
21289, 1326, 406, 1498, 0, 0, 34.75%, 0, 1, 11, 4680.92, 84640678, 1088, 0, 0
21294, 1326, 897, 1498, 0, 0, 34.75%, 0, 1, 11, 5670.54, 84661505, 1088, 0, 0
21300, 1326, 1395, 1498, 0, 0, 34.75%, 0, 1, 11, 3952.16, 84679022, 1088, 0, 0
21305, 1327, 228, 1498, 0, 0, 34.75%, 0, 1, 11, 5272.39, 84699236, 1088, 0, 0
21310, 1327, 785, 1498, 0, 0, 34.75%, 0, 1, 11, 4946.38, 84721211, 1088, 0, 0
21315, 1327, 1358, 1498, 0, 0, 34.75%, 0, 1, 11, 4113.35, 84741194, 1088, 0, 0
21320, 1328, 240, 1498, 0, 0, 34.75%, 0, 1, 11, 5616.40, 84762585, 1088, 0, 0
21325, 1328, 810, 1498, 0, 0, 34.75%, 0, 1, 11, 748.11, 84782492, 1088, 0, 0
21330, 1328, 1457, 1498, 0, 0, 34.75%, 0, 1, 11, 4076.10, 84802214, 1088, 0, 0
21335, 1329, 371, 1498, 0, 0, 34.75%, 0, 1, 11, 4863.57, 84823206, 1088, 0, 0
21341, 1329, 832, 1498, 0, 0, 34.75%, 0, 1, 11, 3530.08, 84844537, 1088, 0, 0
21346, 1329, 1461, 1498, 0, 0, 34.75%, 0, 1, 11, 3859.56, 84865165, 1088, 0, 0
21351, 1330, 410, 1498, 0, 0, 34.75%, 0, 1, 11, 4146.88, 84888420, 1088, 0, 0
21356, 1330, 912, 1498, 0, 0, 34.75%, 0, 1, 11, 3649.46, 84909126, 1088, 0, 0
21361, 1331, 31, 1498, 0, 0, 34.75%, 0, 1, 11, 5545.00, 84928737, 1088, 0, 0
21366, 1331, 499, 1498, 0, 0, 34.75%, 0, 1, 11, 4683.95, 84951028, 1088, 0, 0
21371, 1331, 918, 1498, 0, 0, 34.75%, 0, 1, 11, 3245.52, 84970344, 1088, 0, 0
21376, 1331, 1479, 1498, 0, 0, 34.75%, 0, 1, 11, 3437.65, 84988570, 1088, 0, 0
21382, 1332, 463, 1498, 0, 0, 34.75%, 0, 1, 11, 5196.99, 85011579, 1088, 0, 0
21387, 1332, 927, 1498, 0, 0, 34.75%, 0, 1, 11, 5054.29, 85032394, 1088, 0, 0
21392, 1332, 1412, 1498, 0, 0, 34.75%, 0, 1, 11, 4346.40, 85051494, 1088, 0, 0
21397, 1333, 384, 1498, 0, 0, 34.75%, 0, 1, 11, 4982.58, 85072939, 1088, 0, 0
21402, 1333, 918, 1498, 0, 0, 34.75%, 0, 1, 11, 4618.03, 85094068, 1088, 0, 0
21407, 1333, 1398, 1498, 0, 0, 34.75%, 0, 1, 11, 594.34, 85110286, 1088, 0, 0
21412, 1334, 240, 1498, 0, 0, 34.75%, 0, 1, 11, 5235.24, 85131023, 1088, 0, 0
21417, 1334, 819, 1498, 0, 0, 34.75%, 0, 1, 11, 5515.55, 85152623, 1088, 0, 0
21422, 1335, 4, 1498, 0, 0, 34.75%, 0, 1, 11, 4177.35, 85173637, 1088, 0, 0
21427, 1335, 577, 1498, 0, 0, 34.75%, 0, 1, 11, 5526.95, 85196883, 1088, 0, 0
21433, 1335, 981, 1498, 0, 0, 34.75%, 0, 1, 11, 4497.04, 85217244, 1088, 0, 0
21438, 1336, 4, 1498, 0, 0, 34.75%, 0, 1, 11, 366.38, 85233077, 1088, 0, 0
21443, 1336, 520, 1498, 0, 0, 34.75%, 0, 1, 11, 5615.00, 85254731, 1088, 0, 0
21448, 1336, 897, 1498, 0, 0, 34.75%, 0, 1, 11, 3650.77, 85274651, 1088, 0, 0
21453, 1336, 1471, 1498, 0, 0, 34.75%, 0, 1, 11, 2894.20, 85290118, 1088, 0, 0
21458, 1337, 457, 1498, 0, 0, 34.75%, 0, 1, 11, 5319.25, 85313251, 1088, 0, 0
21463, 1337, 896, 1498, 0, 0, 34.75%, 0, 1, 11, 4737.49, 85334785, 1088, 0, 0
21468, 1338, 19, 1498, 0, 0, 34.75%, 0, 1, 11, 4620.26, 85353530, 1088, 0, 0
21473, 1338, 520, 1498, 0, 0, 34.75%, 0, 1, 11, 5220.39, 85377371, 1088, 0, 0
21478, 1338, 941, 1498, 0, 0, 34.75%, 0, 1, 11, 4953.20, 85397712, 1088, 0, 0
21483, 1339, 41, 1498, 0, 0, 34.75%, 0, 1, 11, 4327.03, 85417215, 1088, 0, 0
21489, 1339, 520, 1498, 0, 0, 34.75%, 0, 1, 11, 5137.71, 85439313, 1088, 0, 0
21494, 1339, 972, 1498, 0, 0, 34.75%, 0, 1, 11, 5212.24, 85461772, 1088, 0, 0
21499, 1340, 93, 1498, 0, 0, 34.75%, 0, 1, 11, 5185.49, 85482775, 1088, 0, 0
21504, 1340, 672, 1498, 0, 0, 34.75%, 0, 1, 11, 4713.75, 85505988, 1088, 0, 0
21509, 1340, 1039, 1498, 0, 0, 34.75%, 0, 1, 11, 4613.83, 85528142, 1088, 0, 0
21514, 1341, 113, 1498, 0, 0, 34.75%, 0, 1, 11, 4326.60, 85548344, 1088, 0, 0
21519, 1341, 623, 1498, 0, 0, 34.75%, 0, 1, 11, 4378.32, 85570158, 1088, 0, 0
21525, 1341, 1074, 1498, 0, 0, 34.75%, 0, 1, 11, 4185.05, 85591750, 1088, 0, 0
21530, 1342, 140, 1498, 0, 0, 34.75%, 0, 1, 11, 4376.36, 85613041, 1088, 0, 0
21535, 1342, 715, 1498, 0, 0, 34.75%, 0, 1, 11, 310.34, 85634208, 1088, 0, 0
21540, 1342, 1128, 1498, 0, 0, 34.75%, 0, 1, 11, 756.88, 85655104, 1088, 0, 0
21545, 1343, 92, 1498, 0, 0, 34.75%, 0, 1, 11, 3472.89, 85672794, 1088, 0, 0
21550, 1343, 671, 1498, 0, 0, 34.75%, 0, 1, 11, 4365.80, 85694465, 1088, 0, 0
21555, 1343, 1100, 1498, 0, 0, 34.75%, 0, 1, 11, 4015.77, 85715877, 1088, 0, 0
21560, 1344, 153, 1498, 0, 0, 34.75%, 0, 1, 11, 5171.55, 85736757, 1088, 0, 0
21565, 1344, 758, 1498, 0, 0, 34.75%, 0, 1, 11, 5508.88, 85759175, 1088, 0, 0
21570, 1344, 1361, 1498, 0, 0, 34.75%, 0, 1, 11, 4619.77, 85779970, 1088, 0, 0
21576, 1345, 242, 1498, 0, 0, 34.75%, 0, 1, 11, 4999.05, 85801331, 1088, 0, 0
21581, 1345, 774, 1498, 0, 0, 34.75%, 0, 1, 11, 4815.37, 85822031, 1088, 0, 0
21586, 1345, 1394, 1498, 0, 0, 34.75%, 0, 1, 11, 524.96, 85842112, 1088, 0, 0
21591, 1346, 237, 1498, 0, 0, 34.75%, 0, 1, 11, 3992.16, 85862232, 1088, 0, 0
21596, 1346, 784, 1498, 0, 0, 34.75%, 0, 1, 11, 5275.00, 85882388, 1088, 0, 0
