# relative_time, cycles_done, cur_item, corpus_count, pending_total, pending_favs, map_size, saved_crashes, saved_hangs, max_depth, execs_per_sec, total_execs, edges_found, total_crashes, servers_count
61, 0, 70, 216, 186, 69, 3.35%, 0, 0, 3, 720.37, 48115, 2196, 0, 0
66, 0, 70, 217, 187, 69, 3.35%, 0, 0, 3, 698.99, 51566, 2196, 0, 0
71, 0, 70, 218, 188, 69, 3.35%, 0, 0, 3, 748.03, 55297, 2196, 0, 0
76, 0, 70, 221, 191, 69, 3.37%, 0, 0, 3, 768.13, 59307, 2211, 0, 0
82, 0, 70, 221, 191, 69, 3.37%, 0, 0, 3, 769.19, 63327, 2211, 0, 0
87, 0, 70, 221, 191, 69, 3.37%, 0, 0, 3, 757.31, 67107, 2211, 0, 0
92, 0, 70, 222, 192, 69, 3.37%, 0, 0, 3, 727.27, 70614, 2211, 0, 0
97, 0, 74, 222, 190, 75, 3.37%, 0, 0, 3, 787.54, 74660, 2211, 0, 0
102, 0, 93, 225, 179, 63, 3.39%, 0, 0, 3, 823.06, 78924, 2220, 0, 0
107, 0, 101, 233, 180, 55, 3.40%, 0, 0, 3, 838.35, 83175, 2226, 0, 0
112, 0, 101, 238, 185, 55, 3.40%, 0, 0, 3, 799.65, 87198, 2228, 0, 0
117, 0, 101, 239, 186, 55, 3.49%, 0, 0, 3, 844.28, 91617, 2285, 0, 0
122, 0, 102, 255, 201, 60, 3.59%, 0, 0, 3, 839.04, 95927, 2355, 0, 0
127, 0, 102, 260, 206, 60, 3.60%, 0, 0, 3, 840.09, 100285, 2357, 0, 0
132, 0, 102, 261, 207, 60, 3.60%, 0, 0, 3, 791.77, 104346, 2357, 0, 0
138, 0, 105, 262, 206, 66, 3.60%, 0, 0, 3, 842.59, 108801, 2357, 0, 0
143, 0, 118, 266, 198, 56, 3.60%, 0, 0, 3, 853.43, 113119, 2359, 0, 0
148, 0, 203, 280, 207, 51, 3.60%, 0, 0, 4, 816.15, 117327, 2360, 0, 0
153, 0, 203, 284, 211, 51, 3.61%, 0, 0, 4, 755.11, 121189, 2366, 0, 0
158, 0, 203, 286, 213, 51, 3.63%, 0, 0, 4, 788.75, 125193, 2376, 0, 0
163, 0, 253, 286, 210, 52, 3.63%, 0, 0, 4, 811.14, 129592, 2376, 0, 0
168, 0, 133, 288, 210, 50, 3.63%, 0, 0, 4, 771.70, 133488, 2376, 0, 0
173, 0, 141, 306, 225, 47, 3.63%, 0, 0, 4, 741.96, 137283, 2381, 0, 0
178, 0, 141, 313, 232, 47, 3.63%, 0, 0, 4, 753.01, 140977, 2381, 0, 0
183, 0, 141, 315, 234, 47, 3.63%, 0, 0, 4, 773.43, 144996, 2381, 0, 0
189, 0, 141, 317, 236, 47, 3.63%, 0, 0, 4, 763.80, 148970, 2381, 0, 0
194, 0, 141, 323, 242, 47, 3.63%, 0, 0, 4, 761.20, 152777, 2381, 0, 0
199, 0, 141, 325, 244, 47, 3.63%, 0, 0, 4, 734.45, 156351, 2381, 0, 0
204, 0, 141, 328, 247, 47, 3.63%, 0, 0, 4, 745.42, 160166, 2381, 0, 0
209, 0, 141, 331, 250, 47, 3.64%, 0, 0, 4, 762.62, 163979, 2387, 0, 0
214, 0, 141, 332, 251, 47, 3.64%, 0, 0, 4, 773.73, 168006, 2388, 0, 0
219, 0, 141, 337, 256, 47, 3.64%, 0, 0, 4, 745.76, 171612, 2388, 0, 0
224, 0, 141, 337, 256, 47, 3.64%, 0, 0, 4, 753.13, 175556, 2388, 0, 0
229, 0, 141, 341, 260, 47, 3.64%, 0, 0, 4, 759.21, 179349, 2388, 0, 0
234, 0, 141, 341, 260, 47, 3.64%, 0, 0, 4, 766.48, 183355, 2388, 0, 0
240, 0, 141, 344, 263, 47, 3.64%, 0, 0, 4, 734.80, 187091, 2388, 0, 0
245, 0, 143, 357, 274, 52, 3.64%, 0, 1, 4, 846.94, 190902, 2388, 0, 0
250, 0, 147, 370, 286, 51, 3.67%, 0, 1, 4, 779.87, 194689, 2407, 0, 0
255, 0, 147, 380, 296, 51, 3.72%, 0, 1, 4, 809.94, 198810, 2440, 0, 0
261, 0, 147, 384, 300, 51, 3.74%, 0, 1, 4, 772.86, 202588, 2453, 0, 0
266, 0, 147, 386, 302, 51, 3.74%, 0, 1, 4, 811.21, 206757, 2453, 0, 0
271, 0, 147, 390, 306, 51, 3.79%, 0, 1, 4, 818.91, 210866, 2481, 0, 0
276, 0, 147, 394, 310, 51, 3.80%, 0, 1, 4, 819.67, 215006, 2492, 0, 0
281, 0, 147, 396, 312, 51, 3.80%, 0, 1, 4, 776.80, 218888, 2493, 0, 0
286, 0, 147, 398, 314, 51, 3.81%, 0, 1, 4, 805.92, 223051, 2494, 0, 0
291, 0, 147, 398, 314, 51, 3.81%, 0, 1, 4, 816.05, 227179, 2494, 0, 0
296, 0, 147, 398, 314, 51, 3.81%, 0, 1, 4, 605.76, 230865, 2494, 0, 0
301, 0, 278, 399, 312, 67, 3.81%, 0, 1, 5, 724.20, 234843, 2494, 0, 0
308, 0, 150, 399, 308, 63, 3.81%, 0, 1, 5, 739.99, 239458, 2494, 0, 0
313, 0, 180, 401, 305, 59, 3.81%, 0, 1, 5, 743.18, 243306, 2497, 0, 0
318, 0, 171, 412, 306, 49, 3.82%, 0, 1, 5, 811.24, 247065, 2501, 0, 0
323, 0, 174, 423, 316, 48, 3.82%, 0, 1, 5, 753.28, 249821, 2506, 0, 0
328, 0, 239, 427, 304, 33, 3.82%, 0, 1, 5, 807.39, 253756, 2506, 0, 0
333, 0, 377, 429, 295, 22, 3.82%, 0, 1, 5, 801.69, 257697, 2506, 0, 0
338, 0, 413, 431, 287, 13, 3.82%, 0, 1, 5, 594.62, 261201, 2506, 0, 0
344, 0, 401, 434, 280, 3, 3.82%, 0, 1, 5, 822.83, 264828, 2506, 0, 0
349, 0, 388, 437, 275, 0, 3.82%, 0, 1, 5, 777.15, 268546, 2506, 0, 0
354, 0, 133, 442, 279, 0, 3.83%, 0, 1, 5, 772.72, 272340, 2509, 0, 0
359, 0, 444, 445, 278, 1, 3.83%, 0, 1, 5, 757.72, 275904, 2509, 0, 0
364, 0, 39, 445, 275, 0, 3.83%, 0, 1, 5, 730.70, 279501, 2509, 0, 0
369, 0, 387, 446, 272, 0, 3.83%, 0, 1, 5, 777.14, 283406, 2509, 0, 0
374, 0, 133, 448, 268, 0, 3.84%, 0, 1, 5, 901.07, 287307, 2517, 0, 0
379, 0, 149, 449, 268, 0, 3.84%, 0, 1, 5, 848.30, 291225, 2517, 0, 0
384, 0, 436, 451, 264, 0, 3.84%, 0, 1, 5, 507.75, 294634, 2517, 0, 0
389, 0, 359, 453, 263, 0, 3.84%, 0, 1, 5, 774.77, 298051, 2517, 0, 0
394, 0, 150, 453, 258, 0, 3.84%, 0, 1, 5, 875.07, 301369, 2517, 0, 0
399, 0, 257, 454, 257, 0, 3.84%, 0, 1, 5, 764.61, 305199, 2517, 0, 0
405, 0, 296, 456, 255, 0, 3.84%, 0, 1, 5, 769.82, 309198, 2517, 0, 0
410, 1, 397, 457, 250, 0, 3.84%, 0, 1, 5, 751.27, 312743, 2517, 0, 0
415, 1, 407, 459, 241, 0, 3.84%, 0, 1, 5, 793.54, 316753, 2517, 0, 0
420, 1, 176, 461, 232, 0, 3.84%, 0, 1, 5, 795.27, 320505, 2517, 0, 0
425, 1, 51, 463, 225, 0, 3.84%, 0, 1, 5, 560.80, 324209, 2517, 0, 0
430, 1, 464, 473, 228, 1, 3.84%, 0, 1, 5, 671.66, 327759, 2518, 0, 0
435, 1, 464, 480, 235, 1, 3.84%, 0, 1, 5, 616.59, 330301, 2518, 0, 0
440, 1, 464, 485, 240, 1, 3.84%, 0, 1, 5, 544.52, 332903, 2519, 0, 0
446, 1, 464, 487, 242, 1, 3.84%, 0, 1, 5, 546.47, 335576, 2519, 0, 0
451, 1, 464, 490, 245, 1, 3.85%, 0, 1, 5, 501.36, 338204, 2520, 0, 0
457, 1, 482, 493, 247, 3, 3.85%, 0, 1, 5, 553.40, 341557, 2520, 0, 0
462, 1, 484, 501, 254, 3, 3.85%, 0, 1, 5, 780.07, 345288, 2520, 0, 0
467, 1, 492, 504, 256, 2, 3.85%, 0, 1, 6, 746.60, 348852, 2520, 0, 0
472, 1, 489, 507, 254, 1, 3.85%, 0, 1, 6, 633.27, 351987, 2520, 0, 0
477, 1, 115, 508, 250, 0, 3.85%, 0, 1, 6, 677.99, 355193, 2520, 0, 0
482, 1, 357, 510, 241, 0, 3.85%, 0, 1, 6, 713.54, 358738, 2520, 0, 0
488, 1, 462, 510, 229, 0, 3.85%, 0, 1, 6, 802.51, 362546, 2520, 0, 0
493, 1, 224, 511, 220, 0, 3.85%, 0, 1, 6, 751.72, 366227, 2520, 0, 0
498, 1, 271, 512, 212, 0, 3.85%, 0, 1, 6, 728.52, 369845, 2522, 0, 0
503, 1, 453, 513, 208, 0, 3.85%, 0, 1, 6, 457.07, 372556, 2522, 0, 0
508, 1, 481, 519, 208, 0, 3.85%, 0, 1, 6, 605.00, 375959, 2522, 0, 0
513, 1, 481, 522, 211, 0, 3.85%, 0, 1, 6, 388.62, 378120, 2522, 0, 0
518, 1, 481, 524, 213, 0, 3.85%, 0, 1, 6, 420.57, 380280, 2522, 0, 0
523, 1, 481, 524, 213, 0, 3.85%, 0, 1, 6, 82.95, 382512, 2522, 0, 0
528, 1, 481, 524, 213, 0, 3.85%, 0, 1, 6, 485.96, 384699, 2522, 0, 0
533, 1, 245, 524, 210, 0, 3.85%, 0, 1, 6, 463.18, 387922, 2522, 0, 0
539, 1, 326, 525, 200, 0, 3.85%, 0, 1, 6, 94.59, 391306, 2524, 0, 0
544, 1, 518, 527, 196, 0, 3.85%, 0, 1, 6, 592.68, 393482, 2524, 0, 0
549, 1, 372, 528, 190, 0, 3.86%, 0, 1, 6, 832.46, 396977, 2528, 0, 0
554, 1, 362, 528, 182, 0, 3.86%, 0, 1, 6, 736.33, 400679, 2528, 0, 0
559, 1, 105, 529, 173, 0, 3.86%, 0, 1, 6, 510.00, 404140, 2528, 0, 0
564, 1, 118, 530, 169, 0, 3.86%, 0, 1, 6, 610.28, 408048, 2528, 0, 0
569, 1, 76, 531, 164, 0, 3.86%, 0, 1, 6, 740.49, 411889, 2528, 0, 0
574, 1, 440, 532, 160, 0, 3.86%, 0, 1, 6, 732.51, 415470, 2528, 0, 0
580, 1, 72, 532, 153, 0, 3.86%, 0, 1, 6, 763.62, 419063, 2528, 0, 0
585, 1, 487, 538, 156, 0, 3.86%, 0, 1, 6, 649.99, 422335, 2528, 0, 0
590, 1, 268, 538, 150, 0, 3.86%, 0, 1, 6, 713.53, 425949, 2528, 0, 0
595, 1, 494, 540, 146, 0, 3.86%, 0, 1, 7, 721.30, 429769, 2528, 0, 0
600, 1, 499, 541, 140, 0, 3.86%, 0, 1, 7, 762.29, 433070, 2528, 0, 0
607, 1, 217, 542, 136, 0, 3.86%, 0, 1, 7, 102.41, 436261, 2528, 0, 0
612, 1, 519, 543, 129, 0, 3.86%, 0, 1, 7, 808.35, 439913, 2528, 0, 0
618, 2, 544, 545, 122, 1, 3.86%, 0, 1, 7, 761.22, 443592, 2532, 0, 0
623, 2, 404, 546, 120, 0, 3.86%, 0, 1, 7, 691.26, 447155, 2532, 0, 0
628, 2, 247, 547, 116, 0, 3.86%, 0, 1, 7, 711.16, 450841, 2532, 0, 0
633, 2, 131, 548, 110, 0, 3.86%, 0, 1, 7, 744.02, 454512, 2532, 0, 0
638, 2, 495, 555, 115, 0, 3.86%, 0, 1, 7, 728.14, 458220, 2532, 0, 0
643, 2, 495, 556, 116, 0, 3.86%, 0, 1, 7, 598.25, 461606, 2532, 0, 0
648, 2, 495, 556, 116, 0, 3.86%, 0, 1, 7, 563.03, 464888, 2532, 0, 0
654, 2, 495, 556, 116, 0, 3.86%, 0, 1, 7, 651.43, 468309, 2532, 0, 0
659, 2, 552, 558, 116, 0, 3.86%, 0, 1, 7, 687.01, 471783, 2532, 0, 0
664, 2, 249, 561, 115, 0, 3.86%, 0, 1, 7, 698.61, 475064, 2532, 0, 0
669, 2, 554, 565, 118, 0, 3.86%, 0, 1, 7, 575.00, 478286, 2532, 0, 0
674, 2, 387, 565, 114, 0, 3.86%, 0, 1, 7, 691.08, 481847, 2532, 0, 0
679, 2, 480, 566, 112, 0, 3.86%, 0, 1, 7, 755.28, 485252, 2532, 0, 0
684, 2, 534, 572, 117, 0, 3.87%, 0, 1, 7, 703.21, 488467, 2538, 0, 0
689, 2, 534, 573, 118, 0, 3.87%, 0, 1, 7, 629.95, 491514, 2538, 0, 0
694, 2, 534, 574, 119, 0, 3.87%, 0, 1, 7, 608.95, 494485, 2538, 0, 0
699, 2, 323, 574, 117, 0, 3.87%, 0, 1, 7, 655.09, 498066, 2538, 0, 0
705, 2, 503, 578, 118, 0, 3.87%, 0, 1, 7, 722.26, 501553, 2538, 0, 0
710, 2, 575, 582, 120, 0, 3.87%, 0, 1, 7, 782.31, 505733, 2538, 0, 0
715, 2, 120, 582, 114, 0, 3.87%, 0, 1, 7, 720.00, 508967, 2538, 0, 0
721, 2, 167, 584, 111, 0, 3.88%, 0, 1, 7, 828.38, 512988, 2542, 0, 0
726, 2, 108, 584, 106, 0, 3.88%, 0, 1, 7, 792.13, 516456, 2542, 0, 0
731, 2, 584, 586, 107, 0, 3.88%, 0, 1, 7, 60.25, 518743, 2545, 0, 0
736, 2, 549, 586, 104, 0, 3.88%, 0, 1, 7, 498.06, 520905, 2545, 0, 0
741, 2, 586, 587, 101, 1, 3.96%, 0, 1, 7, 868.96, 524445, 2592, 0, 0
746, 2, 586, 596, 110, 1, 3.98%, 0, 1, 7, 525.42, 528309, 2608, 0, 0
751, 2, 586, 597, 111, 1, 3.99%, 0, 1, 7, 836.34, 532248, 2614, 0, 0
757, 2, 586, 597, 111, 1, 3.99%, 0, 1, 7, 596.19, 536256, 2614, 0, 0
762, 2, 586, 597, 111, 1, 3.99%, 0, 1, 7, 878.39, 540420, 2614, 0, 0
767, 2, 586, 597, 111, 1, 3.99%, 0, 1, 7, 848.94, 544280, 2614, 0, 0
772, 2, 586, 597, 111, 1, 3.99%, 0, 1, 7, 812.97, 548296, 2614, 0, 0
777, 2, 589, 597, 108, 7, 3.99%, 0, 1, 7, 845.78, 552334, 2614, 0, 0
782, 2, 388, 598, 102, 0, 3.99%, 0, 1, 7, 855.93, 556195, 2614, 0, 0
787, 2, 483, 600, 102, 0, 3.99%, 0, 1, 7, 777.15, 559447, 2614, 0, 0
793, 2, 152, 601, 101, 0, 3.99%, 0, 1, 7, 827.59, 562990, 2614, 0, 0
798, 2, 603, 604, 100, 1, 4.00%, 0, 1, 8, 573.06, 566308, 2621, 0, 0
803, 2, 576, 609, 100, 0, 4.00%, 0, 1, 8, 666.36, 569450, 2621, 0, 0
808, 2, 576, 611, 102, 0, 4.00%, 0, 1, 8, 758.58, 572708, 2622, 0, 0
813, 2, 576, 611, 102, 0, 4.00%, 0, 1, 8, 695.16, 576211, 2622, 0, 0
818, 2, 576, 612, 103, 0, 4.00%, 0, 1, 8, 692.90, 579404, 2622, 0, 0
823, 2, 609, 612, 102, 1, 4.00%, 0, 1, 8, 546.76, 582269, 2622, 0, 0
829, 2, 540, 613, 102, 0, 4.00%, 0, 1, 9, 174.87, 584399, 2622, 0, 0
834, 2, 573, 615, 101, 0, 4.00%, 0, 1, 9, 124.52, 587605, 2622, 0, 0
839, 2, 285, 616, 98, 0, 4.00%, 0, 1, 9, 848.63, 591062, 2622, 0, 0
844, 2, 612, 617, 96, 0, 4.00%, 0, 1, 9, 148.24, 593856, 2622, 0, 0
849, 2, 612, 619, 98, 0, 4.00%, 0, 1, 10, 175.37, 594801, 2622, 0, 0
854, 2, 618, 620, 97, 0, 4.00%, 0, 1, 10, 355.13, 596730, 2622, 0, 0
859, 2, 313, 620, 96, 0, 4.00%, 0, 1, 10, 840.80, 597651, 2622, 0, 0
865, 2, 555, 620, 93, 0, 4.00%, 0, 1, 10, 839.77, 601546, 2622, 0, 0
870, 2, 617, 620, 90, 0, 4.00%, 0, 1, 10, 336.68, 604998, 2622, 0, 0
875, 2, 330, 620, 87, 0, 4.00%, 0, 1, 10, 824.71, 608244, 2622, 0, 0
880, 2, 324, 620, 82, 0, 4.00%, 0, 1, 10, 76.74, 611043, 2622, 0, 0
886, 2, 6, 620, 81, 0, 4.00%, 0, 1, 10, 676.03, 614082, 2622, 0, 0
891, 2, 290, 620, 76, 0, 4.00%, 0, 1, 10, 264.55, 617593, 2622, 0, 0
896, 2, 605, 621, 74, 0, 4.00%, 0, 1, 10, 689.19, 620902, 2622, 0, 0
901, 2, 440, 626, 76, 0, 4.02%, 0, 1, 10, 712.57, 624151, 2632, 0, 0
908, 2, 622, 627, 77, 3, 4.02%, 0, 1, 10, 668.62, 628473, 2633, 0, 0
913, 2, 87, 627, 72, 0, 4.02%, 0, 1, 10, 694.89, 631875, 2633, 0, 0
918, 2, 603, 631, 75, 0, 4.03%, 0, 1, 10, 687.34, 635501, 2641, 0, 0
923, 2, 603, 632, 76, 0, 4.03%, 0, 1, 10, 748.03, 639288, 2641, 0, 0
928, 2, 627, 632, 76, 2, 4.03%, 0, 1, 10, 835.05, 643197, 2641, 0, 0
933, 2, 611, 633, 74, 0, 4.03%, 0, 1, 10, 91.30, 645721, 2641, 0, 0
938, 2, 611, 640, 81, 0, 4.03%, 0, 1, 10, 696.05, 649188, 2641, 0, 0
943, 2, 611, 640, 81, 0, 4.03%, 0, 1, 10, 749.26, 652421, 2641, 0, 0
949, 2, 560, 640, 80, 0, 4.03%, 0, 1, 10, 750.18, 656299, 2641, 0, 0
954, 2, 545, 640, 79, 0, 4.03%, 0, 1, 10, 698.67, 659538, 2641, 0, 0
960, 3, 581, 640, 77, 0, 4.03%, 0, 1, 10, 579.60, 663168, 2641, 0, 0
965, 3, 641, 642, 76, 1, 4.03%, 0, 1, 10, 769.52, 666828, 2644, 0, 0
971, 3, 343, 643, 75, 0, 4.03%, 0, 1, 10, 759.04, 671095, 2644, 0, 0
977, 3, 359, 647, 76, 0, 4.04%, 0, 1, 10, 732.09, 674752, 2645, 0, 0
982, 3, 547, 651, 80, 0, 4.04%, 0, 1, 10, 578.16, 678334, 2645, 0, 0
987, 3, 63, 652, 78, 0, 4.04%, 0, 1, 10, 816.02, 681349, 2645, 0, 0
992, 3, 183, 652, 76, 0, 4.04%, 0, 1, 10, 706.17, 684798, 2645, 0, 0
997, 3, 625, 659, 81, 0, 4.04%, 0, 1, 10, 749.85, 688399, 2646, 0, 0
1002, 3, 625, 660, 82, 0, 4.04%, 0, 1, 10, 711.77, 691864, 2646, 0, 0
1007, 3, 625, 660, 82, 0, 4.04%, 0, 1, 10, 756.56, 695594, 2646, 0, 0
1012, 3, 625, 661, 83, 0, 4.04%, 0, 1, 10, 740.11, 699208, 2646, 0, 0
1018, 3, 659, 662, 82, 1, 4.04%, 0, 1, 10, 116.67, 703012, 2646, 0, 0
1023, 3, 138, 663, 78, 0, 4.04%, 0, 1, 10, 807.75, 706572, 2646, 0, 0
1028, 3, 147, 663, 76, 0, 4.04%, 0, 1, 10, 771.08, 710104, 2646, 0, 0
1033, 3, 660, 664, 74, 0, 4.04%, 0, 1, 10, 674.17, 713533, 2646, 0, 0
1038, 3, 287, 666, 74, 0, 4.04%, 0, 1, 10, 807.94, 717210, 2646, 0, 0
1043, 3, 659, 666, 71, 0, 4.04%, 0, 1, 10, 788.11, 721180, 2646, 0, 0
1048, 3, 152, 666, 70, 0, 4.04%, 0, 1, 10, 744.43, 724231, 2646, 0, 0
1053, 3, 56, 668, 70, 0, 4.04%, 0, 1, 10, 727.21, 727577, 2646, 0, 0
1058, 3, 249, 670, 69, 0, 4.04%, 0, 1, 10, 875.94, 730992, 2646, 0, 0
1064, 3, 654, 671, 69, 0, 4.04%, 0, 1, 11, 61.69, 734549, 2646, 0, 0
1069, 3, 561, 671, 66, 0, 4.04%, 0, 1, 11, 861.24, 738153, 2646, 0, 0
1074, 3, 161, 675, 67, 0, 4.05%, 0, 1, 11, 849.10, 741552, 2652, 0, 0
1079, 3, 527, 675, 66, 0, 4.05%, 0, 1, 11, 756.90, 744678, 2652, 0, 0
1084, 3, 414, 675, 63, 0, 4.05%, 0, 1, 11, 830.64, 748384, 2652, 0, 0
1089, 3, 627, 675, 61, 0, 4.05%, 0, 1, 11, 820.54, 752028, 2652, 0, 0
1096, 3, 633, 675, 60, 0, 4.05%, 0, 1, 11, 799.17, 756150, 2652, 0, 0
1101, 3, 607, 675, 57, 0, 4.05%, 0, 1, 11, 794.91, 759657, 2652, 0, 0
1107, 3, 379, 675, 53, 0, 4.05%, 0, 1, 11, 649.68, 762710, 2652, 0, 0
1112, 3, 148, 675, 52, 0, 4.05%, 0, 1, 11, 801.87, 766494, 2652, 0, 0
1117, 3, 629, 676, 51, 0, 4.05%, 0, 1, 11, 777.20, 770190, 2652, 0, 0
1122, 3, 659, 677, 51, 0, 4.05%, 0, 1, 11, 742.44, 773916, 2652, 0, 0
1127, 3, 658, 677, 50, 0, 4.05%, 0, 1, 11, 712.79, 777037, 2652, 0, 0
1132, 3, 427, 677, 49, 0, 4.05%, 0, 1, 11, 545.47, 780424, 2652, 0, 0
1139, 3, 646, 678, 48, 0, 4.05%, 0, 1, 11, 618.15, 784686, 2652, 0, 0
1144, 3, 534, 680, 47, 0, 4.05%, 0, 1, 11, 726.95, 788408, 2652, 0, 0
1149, 3, 587, 680, 45, 0, 4.05%, 0, 1, 11, 872.34, 791932, 2652, 0, 0
1156, 3, 420, 680, 43, 0, 4.05%, 0, 1, 11, 767.57, 796986, 2652, 0, 0
1161, 4, 653, 680, 42, 0, 4.05%, 0, 1, 11, 745.34, 800644, 2652, 0, 0
1166, 4, 505, 681, 41, 0, 4.05%, 0, 1, 11, 708.98, 803963, 2652, 0, 0
1171, 4, 396, 681, 39, 0, 4.05%, 0, 1, 11, 750.00, 806524, 2652, 0, 0
1177, 4, 386, 681, 39, 0, 4.05%, 0, 1, 11, 788.73, 810130, 2652, 0, 0
1182, 4, 609, 682, 39, 0, 4.05%, 0, 1, 11, 134.90, 813567, 2652, 0, 0
1187, 4, 208, 682, 37, 0, 4.05%, 0, 1, 11, 690.97, 816804, 2652, 0, 0
1192, 4, 680, 682, 35, 0, 4.05%, 0, 1, 11, 768.40, 820017, 2652, 0, 0
1197, 4, 657, 682, 34, 0, 4.05%, 0, 1, 11, 625.65, 823513, 2652, 0, 0
1202, 4, 387, 682, 32, 0, 4.05%, 0, 1, 11, 753.85, 826526, 2652, 0, 0
1207, 4, 680, 683, 32, 0, 4.05%, 0, 1, 11, 837.84, 830421, 2655, 0, 0
1212, 4, 126, 683, 31, 0, 4.05%, 0, 1, 11, 800.77, 833850, 2655, 0, 0
1218, 4, 631, 685, 32, 0, 4.05%, 0, 1, 11, 802.93, 837463, 2655, 0, 0
1223, 4, 571, 865, 211, 0, 4.26%, 0, 1, 11, 33.43, 840518, 2790, 0, 0
1228, 4, 675, 896, 235, 31, 4.26%, 0, 1, 11, 658.54, 844088, 2793, 0, 0
1233, 4, 809, 896, 225, 22, 4.26%, 0, 1, 11, 695.47, 847565, 2793, 0, 0
1238, 4, 827, 897, 219, 16, 4.26%, 0, 1, 11, 812.27, 851038, 2793, 0, 0
1243, 4, 860, 897, 216, 13, 4.26%, 0, 1, 11, 268.93, 852587, 2793, 0, 0
1248, 4, 823, 897, 210, 9, 4.26%, 0, 1, 11, 550.16, 854466, 2793, 0, 0
1253, 4, 830, 897, 202, 2, 4.26%, 0, 1, 11, 738.40, 857960, 2793, 0, 0
1259, 4, 11, 897, 197, 0, 4.26%, 0, 1, 11, 696.87, 861525, 2793, 0, 0
1264, 4, 850, 897, 196, 0, 4.26%, 0, 1, 11, 126.70, 863278, 2793, 0, 0
1269, 4, 850, 897, 196, 0, 4.26%, 0, 1, 11, 149.15, 864064, 2793, 0, 0
1274, 4, 816, 897, 195, 0, 4.26%, 0, 1, 11, 202.52, 865343, 2793, 0, 0
1279, 4, 882, 898, 190, 0, 4.26%, 0, 1, 11, 597.01, 868817, 2793, 0, 0
1284, 4, 858, 899, 185, 0, 4.26%, 0, 1, 11, 85.59, 871852, 2793, 0, 0
1289, 4, 858, 899, 185, 0, 4.26%, 0, 1, 11, 133.93, 872608, 2793, 0, 0
1294, 4, 899, 902, 186, 0, 4.26%, 0, 1, 11, 599.35, 874587, 2793, 0, 0
1300, 4, 898, 902, 182, 0, 4.26%, 0, 1, 11, 789.06, 878013, 2793, 0, 0
1305, 4, 863, 903, 179, 0, 4.26%, 0, 1, 11, 56.28, 881586, 2793, 0, 0
1310, 4, 852, 903, 177, 0, 4.26%, 0, 1, 11, 678.98, 884550, 2793, 0, 0
1315, 4, 846, 903, 175, 0, 4.26%, 0, 1, 11, 298.59, 886871, 2793, 0, 0
1320, 4, 761, 903, 173, 0, 4.26%, 0, 1, 11, 463.04, 888923, 2793, 0, 0
1325, 4, 791, 903, 167, 0, 4.26%, 0, 1, 11, 788.14, 892449, 2793, 0, 0
1330, 4, 645, 905, 164, 0, 4.26%, 0, 1, 11, 824.43, 895956, 2793, 0, 0
1335, 4, 492, 906, 162, 0, 4.26%, 0, 1, 11, 763.72, 899448, 2793, 0, 0
1340, 4, 900, 906, 159, 0, 4.26%, 0, 1, 11, 89.20, 901240, 2793, 0, 0
1345, 4, 900, 906, 159, 0, 4.26%, 0, 1, 11, 52.24, 901488, 2793, 0, 0
1350, 4, 551, 906, 158, 0, 4.26%, 0, 1, 11, 608.90, 902312, 2793, 0, 0
1355, 4, 652, 906, 157, 0, 4.26%, 0, 1, 11, 60.36, 905147, 2793, 0, 0
1361, 4, 470, 906, 154, 0, 4.26%, 0, 1, 11, 56.48, 907798, 2793, 0, 0
1367, 4, 704, 906, 152, 0, 4.26%, 0, 1, 11, 787.94, 910555, 2793, 0, 0
1372, 4, 799, 906, 147, 0, 4.26%, 0, 1, 11, 59.99, 912587, 2793, 0, 0
1378, 4, 184, 906, 144, 0, 4.26%, 0, 1, 11, 141.92, 914786, 2793, 0, 0
1383, 4, 577, 906, 141, 0, 4.26%, 0, 1, 11, 775.60, 916909, 2793, 0, 0
1388, 4, 25, 906, 141, 0, 4.26%, 0, 1, 11, 749.69, 918784, 2793, 0, 0
1393, 4, 475, 906, 138, 0, 4.26%, 0, 1, 11, 755.82, 920642, 2793, 0, 0
1398, 4, 695, 906, 137, 0, 4.26%, 0, 1, 11, 796.68, 922432, 2793, 0, 0
1403, 4, 149, 906, 135, 0, 4.26%, 0, 1, 11, 307.10, 924438, 2793, 0, 0
1408, 4, 55, 906, 132, 0, 4.26%, 0, 1, 11, 70.94, 926109, 2793, 0, 0
1413, 4, 370, 906, 130, 0, 4.26%, 0, 1, 11, 65.84, 928254, 2793, 0, 0
1419, 4, 774, 909, 130, 0, 4.26%, 0, 1, 11, 63.93, 930442, 2793, 0, 0
1424, 4, 105, 909, 127, 0, 4.26%, 0, 1, 11, 67.31, 932686, 2793, 0, 0
1429, 4, 338, 909, 126, 0, 4.26%, 0, 1, 11, 726.40, 934868, 2793, 0, 0
1434, 4, 643, 909, 125, 0, 4.26%, 0, 1, 11, 770.79, 936828, 2793, 0, 0
1439, 4, 904, 909, 123, 0, 4.26%, 0, 1, 11, 839.24, 938508, 2793, 0, 0
1444, 4, 643, 909, 121, 0, 4.26%, 0, 1, 11, 638.93, 940352, 2793, 0, 0
1449, 4, 789, 909, 121, 0, 4.26%, 0, 1, 11, 428.26, 942200, 2793, 0, 0
1454, 4, 67, 909, 118, 0, 4.26%, 0, 1, 11, 61.81, 943917, 2793, 0, 0
1459, 4, 901, 909, 116, 0, 4.26%, 0, 1, 11, 52.96, 945909, 2793, 0, 0
1464, 4, 901, 909, 116, 0, 4.26%, 0, 1, 11, 36.02, 946520, 2793, 0, 0
1469, 4, 898, 909, 114, 0, 4.26%, 0, 1, 11, 63.13, 947848, 2793, 0, 0
1474, 4, 319, 909, 114, 0, 4.26%, 0, 1, 11, 760.42, 949805, 2793, 0, 0
1479, 4, 257, 909, 112, 0, 4.26%, 0, 1, 11, 735.29, 951149, 2793, 0, 0
1484, 4, 754, 909, 110, 0, 4.26%, 0, 1, 11, 587.47, 952704, 2793, 0, 0
1489, 4, 749, 910, 108, 0, 4.26%, 0, 1, 11, 59.71, 954520, 2793, 0, 0
1495, 4, 775, 910, 107, 0, 4.26%, 0, 1, 11, 44.86, 955619, 2793, 0, 0
1500, 4, 643, 911, 106, 0, 4.26%, 0, 1, 11, 66.85, 957622, 2793, 0, 0
1505, 4, 176, 912, 104, 0, 4.26%, 0, 1, 11, 717.32, 959612, 2793, 0, 0
1510, 4, 571, 912, 103, 0, 4.26%, 0, 1, 11, 843.38, 961055, 2793, 0, 0
1515, 4, 650, 912, 103, 0, 4.26%, 0, 1, 11, 62.06, 962340, 2793, 0, 0
1520, 4, 645, 912, 101, 0, 4.26%, 0, 1, 11, 67.27, 964426, 2793, 0, 0
1525, 4, 682, 912, 100, 0, 4.26%, 0, 1, 11, 102.18, 966086, 2793, 0, 0
1530, 4, 388, 912, 99, 0, 4.26%, 0, 1, 11, 809.18, 968282, 2793, 0, 0
1535, 4, 79, 912, 99, 0, 4.26%, 0, 1, 11, 801.90, 969366, 2793, 0, 0
1541, 4, 545, 912, 99, 0, 4.26%, 0, 1, 11, 60.28, 971001, 2793, 0, 0
1546, 4, 670, 912, 97, 0, 4.26%, 0, 1, 11, 107.50, 973276, 2793, 0, 0
1551, 4, 740, 912, 96, 0, 4.26%, 0, 1, 11, 71.31, 975106, 2793, 0, 0
1556, 4, 854, 912, 95, 0, 4.26%, 0, 1, 11, 825.65, 976976, 2793, 0, 0
1561, 4, 339, 912, 94, 0, 4.26%, 0, 1, 11, 535.33, 978027, 2793, 0, 0
1566, 4, 567, 913, 95, 0, 4.26%, 0, 1, 11, 52.81, 979539, 2793, 0, 0
1571, 4, 778, 913, 93, 0, 4.26%, 0, 1, 11, 61.52, 981580, 2793, 0, 0
1576, 4, 74, 913, 90, 0, 4.26%, 0, 1, 11, 68.85, 983695, 2793, 0, 0
1582, 4, 664, 913, 89, 0, 4.26%, 0, 1, 11, 858.98, 985420, 2793, 0, 0
1587, 4, 603, 913, 88, 0, 4.26%, 0, 1, 11, 855.72, 986486, 2793, 0, 0
1592, 4, 557, 913, 87, 0, 4.26%, 0, 1, 11, 51.00, 988175, 2793, 0, 0
1597, 4, 803, 914, 85, 0, 4.26%, 0, 1, 11, 51.10, 990233, 2793, 0, 0
1602, 4, 725, 914, 84, 0, 4.26%, 0, 1, 11, 149.53, 992366, 2793, 0, 0
1607, 4, 871, 914, 83, 0, 4.26%, 0, 1, 11, 864.62, 993869, 2793, 0, 0
1612, 5, 577, 914, 82, 0, 4.26%, 0, 1, 11, 477.13, 995199, 2793, 0, 0
1619, 5, 708, 914, 81, 0, 4.26%, 0, 1, 11, 486.66, 997648, 2793, 0, 0
1624, 5, 716, 914, 81, 0, 4.26%, 0, 1, 11, 818.21, 999046, 2793, 0, 0
1629, 5, 864, 915, 80, 0, 4.26%, 0, 1, 11, 54.41, 1000750, 2793, 0, 0
1634, 5, 731, 915, 78, 0, 4.26%, 0, 1, 11, 69.32, 1002732, 2793, 0, 0
1639, 5, 913, 915, 78, 0, 4.26%, 0, 1, 11, 67.71, 1004408, 2793, 0, 0
1644, 5, 67, 916, 77, 0, 4.26%, 0, 1, 11, 98.15, 1006507, 2793, 0, 0
1650, 5, 786, 916, 76, 0, 4.26%, 0, 1, 11, 718.19, 1008523, 2793, 0, 0
1655, 5, 671, 916, 75, 0, 4.26%, 0, 1, 11, 876.24, 1010190, 2793, 0, 0
1661, 5, 872, 916, 74, 0, 4.26%, 0, 1, 11, 501.64, 1012602, 2793, 0, 0
1667, 5, 804, 916, 73, 0, 4.26%, 0, 1, 11, 522.07, 1013917, 2793, 0, 0
1672, 5, 576, 916, 72, 0, 4.26%, 0, 1, 11, 516.62, 1015249, 2793, 0, 0
1677, 5, 246, 917, 72, 0, 4.26%, 0, 1, 11, 70.27, 1016998, 2793, 0, 0
1682, 5, 820, 917, 72, 0, 4.26%, 0, 1, 11, 67.75, 1018975, 2793, 0, 0
1687, 5, 868, 917, 71, 0, 4.26%, 0, 1, 11, 33.55, 1020448, 2793, 0, 0
1692, 5, 868, 917, 71, 0, 4.26%, 0, 1, 11, 33.02, 1021434, 2793, 0, 0
1697, 5, 868, 917, 71, 0, 4.26%, 0, 1, 11, 408.96, 1022658, 2793, 0, 0
1702, 5, 249, 917, 69, 0, 4.26%, 0, 1, 11, 510.44, 1023897, 2793, 0, 0
1708, 5, 511, 917, 68, 0, 4.26%, 0, 1, 11, 637.76, 1025472, 2793, 0, 0
1713, 5, 492, 917, 65, 0, 4.26%, 0, 1, 11, 66.18, 1026874, 2793, 0, 0
1718, 5, 867, 917, 64, 0, 4.26%, 0, 1, 11, 58.97, 1028907, 2793, 0, 0
1723, 5, 885, 917, 63, 0, 4.26%, 0, 1, 11, 39.71, 1030701, 2793, 0, 0
1728, 5, 703, 917, 62, 0, 4.26%, 0, 1, 11, 633.30, 1032037, 2793, 0, 0
1733, 5, 768, 917, 60, 0, 4.26%, 0, 1, 11, 594.70, 1033061, 2793, 0, 0
1738, 5, 363, 917, 59, 0, 4.26%, 0, 1, 11, 65.74, 1034901, 2793, 0, 0
1743, 5, 783, 917, 58, 0, 4.26%, 0, 1, 11, 61.61, 1036920, 2793, 0, 0
1748, 5, 869, 917, 57, 0, 4.26%, 0, 1, 11, 715.60, 1038884, 2793, 0, 0
1754, 5, 499, 917, 54, 0, 4.26%, 0, 1, 11, 456.37, 1040263, 2793, 0, 0
1759, 5, 56, 917, 54, 0, 4.26%, 0, 1, 11, 66.59, 1041288, 2793, 0, 0
1764, 5, 884, 917, 54, 0, 4.26%, 0, 1, 11, 48.48, 1043293, 2793, 0, 0
1769, 5, 67, 917, 53, 0, 4.26%, 0, 1, 11, 65.79, 1045374, 2793, 0, 0
1775, 5, 283, 917, 53, 0, 4.26%, 0, 1, 11, 809.32, 1047574, 2793, 0, 0
1780, 5, 849, 917, 53, 0, 4.26%, 0, 1, 11, 99.78, 1048029, 2793, 0, 0
1785, 5, 849, 917, 53, 0, 4.26%, 0, 1, 11, 69.64, 1048348, 2793, 0, 0
1790, 5, 849, 917, 53, 0, 4.26%, 0, 1, 11, 93.41, 1048855, 2793, 0, 0
1798, 5, 697, 917, 52, 0, 4.26%, 0, 1, 11, 70.24, 1051120, 2793, 0, 0
1803, 5, 207, 918, 53, 0, 4.26%, 0, 1, 11, 65.44, 1053129, 2793, 0, 0
1808, 5, 367, 918, 51, 0, 4.26%, 0, 1, 11, 65.46, 1055194, 2793, 0, 0
1813, 5, 627, 918, 50, 0, 4.26%, 0, 1, 11, 597.57, 1056734, 2793, 0, 0
1819, 5, 739, 918, 50, 0, 4.26%, 0, 1, 11, 76.48, 1058285, 2793, 0, 0
1824, 5, 285, 918, 50, 0, 4.26%, 0, 1, 11, 65.21, 1059890, 2793, 0, 0
1829, 5, 830, 918, 49, 0, 4.26%, 0, 1, 11, 58.59, 1061983, 2793, 0, 0
1834, 5, 848, 918, 46, 0, 4.26%, 0, 1, 11, 108.33, 1063950, 2793, 0, 0
1841, 5, 848, 918, 46, 0, 4.26%, 0, 1, 11, 447.50, 1065342, 2793, 0, 0
1846, 5, 676, 918, 44, 0, 4.26%, 0, 1, 11, 738.54, 1066793, 2793, 0, 0
1851, 5, 103, 918, 44, 0, 4.26%, 0, 1, 11, 547.47, 1067763, 2793, 0, 0
1856, 5, 103, 918, 44, 0, 4.26%, 0, 1, 11, 65.53, 1069257, 2793, 0, 0
1861, 5, 805, 918, 43, 0, 4.26%, 0, 1, 11, 56.54, 1071143, 2793, 0, 0
1866, 5, 805, 919, 44, 0, 4.26%, 0, 1, 11, 59.10, 1072857, 2793, 0, 0
1871, 5, 818, 919, 42, 0, 4.26%, 0, 1, 11, 61.83, 1074742, 2793, 0, 0
1877, 5, 589, 919, 42, 0, 4.26%, 0, 1, 11, 820.00, 1076317, 2793, 0, 0
1882, 5, 722, 920, 43, 0, 4.26%, 0, 1, 11, 754.59, 1077842, 2793, 0, 0
1887, 5, 690, 920, 43, 0, 4.26%, 0, 1, 11, 506.01, 1078964, 2793, 0, 0
1892, 5, 172, 920, 43, 0, 4.26%, 0, 1, 11, 60.30, 1080381, 2793, 0, 0
1897, 5, 526, 920, 42, 0, 4.26%, 0, 1, 11, 65.05, 1082247, 2793, 0, 0
1902, 5, 641, 920, 42, 0, 4.26%, 0, 1, 11, 68.13, 1084141, 2793, 0, 0
1908, 5, 138, 920, 42, 0, 4.26%, 0, 1, 11, 767.26, 1086019, 2793, 0, 0
1913, 5, 243, 921, 42, 0, 4.26%, 0, 2, 11, 841.42, 1087379, 2793, 0, 0
1918, 5, 851, 921, 42, 0, 4.26%, 0, 2, 11, 474.30, 1088283, 2793, 0, 0
1923, 5, 851, 921, 42, 0, 4.26%, 0, 2, 11, 46.24, 1089320, 2793, 0, 0
1928, 5, 910, 924, 44, 0, 4.26%, 0, 2, 11, 88.29, 1091121, 2793, 0, 0
1933, 5, 728, 924, 43, 0, 4.26%, 0, 2, 11, 64.60, 1092554, 2793, 0, 0
1938, 5, 609, 924, 41, 0, 4.26%, 0, 2, 11, 99.80, 1094422, 2793, 0, 0
1943, 5, 922, 924, 41, 0, 4.26%, 0, 2, 11, 862.04, 1095205, 2793, 0, 0
1948, 5, 922, 924, 41, 0, 4.26%, 0, 2, 11, 61.78, 1096770, 2793, 0, 0
1953, 5, 239, 924, 40, 0, 4.26%, 0, 2, 11, 115.13, 1098944, 2793, 0, 0
1959, 5, 831, 924, 40, 0, 4.26%, 0, 2, 11, 824.39, 1100911, 2793, 0, 0
1964, 5, 176, 924, 39, 0, 4.26%, 0, 2, 11, 696.02, 1101626, 2793, 0, 0
1971, 5, 752, 924, 39, 0, 4.26%, 0, 2, 11, 75.01, 1103848, 2793, 0, 0
1976, 5, 124, 924, 38, 0, 4.26%, 0, 2, 11, 62.09, 1105712, 2793, 0, 0
1981, 5, 527, 924, 37, 0, 4.26%, 0, 2, 11, 67.63, 1107843, 2793, 0, 0
1986, 5, 847, 924, 37, 0, 4.26%, 0, 2, 11, 685.63, 1109529, 2793, 0, 0
1991, 5, 847, 924, 37, 0, 4.26%, 0, 2, 11, 250.46, 1110235, 2793, 0, 0
1996, 5, 916, 924, 35, 0, 4.26%, 0, 2, 11, 58.79, 1111776, 2793, 0, 0
2001, 5, 659, 924, 33, 0, 4.26%, 0, 2, 11, 63.38, 1113612, 2793, 0, 0
2006, 5, 893, 924, 33, 0, 4.26%, 0, 2, 11, 51.61, 1115520, 2793, 0, 0
2013, 5, 893, 924, 33, 0, 4.26%, 0, 2, 11, 488.01, 1116983, 2793, 0, 0
2018, 5, 890, 924, 32, 0, 4.26%, 0, 2, 11, 680.85, 1118398, 2793, 0, 0
2023, 5, 827, 924, 32, 0, 4.26%, 0, 2, 11, 580.00, 1119454, 2793, 0, 0
2030, 5, 818, 924, 32, 0, 4.26%, 0, 2, 11, 70.32, 1121852, 2793, 0, 0
2035, 5, 874, 924, 32, 0, 4.26%, 0, 2, 11, 65.47, 1123633, 2793, 0, 0
2040, 5, 696, 924, 31, 0, 4.26%, 0, 2, 11, 66.27, 1125641, 2793, 0, 0
2045, 5, 74, 925, 31, 0, 4.26%, 0, 2, 11, 139.31, 1127800, 2793, 0, 0
2051, 5, 310, 925, 31, 0, 4.26%, 0, 2, 11, 724.69, 1129545, 2793, 0, 0
2056, 5, 909, 925, 31, 0, 4.26%, 0, 2, 11, 569.04, 1130483, 2793, 0, 0
2061, 5, 606, 925, 30, 0, 4.26%, 0, 2, 11, 60.53, 1132145, 2793, 0, 0
2066, 5, 526, 925, 30, 0, 4.26%, 0, 2, 11, 60.09, 1134124, 2793, 0, 0
2071, 5, 792, 926, 31, 0, 4.26%, 0, 2, 11, 59.40, 1136194, 2793, 0, 0
2076, 5, 780, 926, 31, 0, 4.26%, 0, 2, 11, 503.55, 1137855, 2793, 0, 0
2081, 5, 545, 926, 30, 0, 4.26%, 0, 2, 11, 458.11, 1139195, 2793, 0, 0
2086, 5, 113, 926, 30, 0, 4.26%, 0, 2, 11, 66.63, 1140433, 2793, 0, 0
2091, 5, 285, 926, 30, 0, 4.26%, 0, 2, 11, 64.06, 1142321, 2793, 0, 0
2097, 5, 889, 926, 30, 0, 4.26%, 0, 2, 11, 62.78, 1144246, 2793, 0, 0
2102, 5, 801, 929, 32, 0, 4.26%, 0, 2, 11, 102.45, 1146228, 2795, 0, 0
2107, 5, 809, 929, 31, 0, 4.26%, 0, 2, 11, 59.93, 1148206, 2795, 0, 0
2112, 5, 253, 929, 31, 0, 4.26%, 0, 2, 11, 648.26, 1149906, 2795, 0, 0
2117, 5, 657, 930, 32, 0, 4.26%, 0, 2, 11, 801.24, 1151323, 2795, 0, 0
2123, 5, 629, 930, 31, 0, 4.26%, 0, 2, 11, 510.00, 1152608, 2795, 0, 0
2128, 5, 913, 930, 31, 0, 4.26%, 0, 2, 11, 91.32, 1154534, 2795, 0, 0
2133, 5, 499, 930, 30, 0, 4.26%, 0, 2, 11, 69.00, 1156428, 2795, 0, 0
2138, 5, 112, 930, 30, 0, 4.26%, 0, 2, 11, 57.79, 1158396, 2795, 0, 0
2143, 5, 834, 930, 30, 0, 4.26%, 0, 2, 11, 64.98, 1160340, 2795, 0, 0
2148, 5, 665, 930, 29, 0, 4.26%, 0, 2, 11, 672.27, 1162017, 2795, 0, 0
2153, 6, 834, 930, 29, 0, 4.26%, 0, 2, 11, 679.42, 1163365, 2795, 0, 0
2160, 6, 825, 930, 29, 0, 4.26%, 0, 2, 11, 558.32, 1165700, 2795, 0, 0
2165, 6, 355, 930, 29, 0, 4.26%, 0, 2, 11, 535.49, 1167065, 2795, 0, 0
2170, 6, 815, 931, 30, 0, 4.26%, 0, 2, 11, 67.16, 1168345, 2795, 0, 0
2175, 6, 650, 931, 30, 0, 4.26%, 0, 2, 11, 62.60, 1170545, 2795, 0, 0
2180, 6, 396, 931, 30, 0, 4.26%, 0, 2, 11, 67.53, 1172743, 2795, 0, 0
2187, 6, 834, 931, 30, 0, 4.26%, 0, 2, 11, 622.52, 1174733, 2795, 0, 0
2192, 6, 595, 931, 30, 0, 4.26%, 0, 2, 11, 861.65, 1176209, 2795, 0, 0
2197, 6, 375, 931, 30, 0, 4.26%, 0, 2, 11, 65.64, 1177252, 2795, 0, 0
2202, 6, 711, 931, 30, 0, 4.26%, 0, 2, 11, 68.21, 1179482, 2795, 0, 0
2207, 6, 469, 932, 31, 0, 4.26%, 0, 2, 11, 53.73, 1181111, 2795, 0, 0
2212, 6, 931, 932, 31, 0, 4.26%, 0, 2, 11, 770.99, 1182342, 2795, 0, 0
2217, 6, 931, 932, 31, 0, 4.26%, 0, 2, 11, 58.56, 1182569, 2795, 0, 0
2224, 6, 931, 932, 31, 0, 4.26%, 0, 2, 11, 55.36, 1183004, 2795, 0, 0
2229, 6, 283, 933, 31, 0, 4.26%, 0, 2, 11, 67.56, 1184298, 2795, 0, 0
2234, 6, 2, 933, 31, 0, 4.26%, 0, 2, 11, 67.00, 1186383, 2795, 0, 0
2239, 6, 246, 933, 31, 0, 4.26%, 0, 2, 11, 661.49, 1188255, 2795, 0, 0
2245, 6, 578, 933, 31, 0, 4.26%, 0, 2, 11, 470.23, 1189592, 2795, 0, 0
2250, 6, 108, 933, 31, 0, 4.26%, 0, 2, 11, 67.03, 1190643, 2795, 0, 0
2255, 6, 48, 933, 31, 0, 4.26%, 0, 2, 11, 65.79, 1192924, 2795, 0, 0
2260, 6, 923, 936, 34, 0, 4.26%, 0, 2, 11, 57.21, 1194847, 2795, 0, 0
2265, 6, 531, 936, 33, 0, 4.26%, 0, 2, 11, 562.23, 1196432, 2795, 0, 0
2270, 6, 933, 937, 34, 0, 4.26%, 0, 2, 11, 741.82, 1199165, 2795, 0, 0
2276, 6, 39, 939, 35, 0, 4.26%, 0, 2, 11, 776.07, 1203124, 2795, 0, 0
2281, 6, 935, 939, 34, 0, 4.26%, 0, 2, 11, 714.82, 1206730, 2795, 0, 0
2286, 6, 932, 942, 34, 0, 4.26%, 0, 2, 11, 703.03, 1210452, 2795, 0, 0
2291, 6, 116, 942, 33, 0, 4.26%, 0, 2, 11, 645.08, 1213507, 2795, 0, 0
2296, 6, 285, 942, 32, 0, 4.26%, 0, 2, 11, 645.22, 1216736, 2795, 0, 0
2301, 6, 545, 942, 31, 0, 4.26%, 0, 2, 11, 720.70, 1220447, 2795, 0, 0
2306, 6, 686, 942, 30, 0, 4.26%, 0, 2, 11, 756.61, 1224295, 2795, 0, 0
2311, 6, 243, 943, 30, 0, 4.26%, 0, 2, 11, 742.66, 1227971, 2795, 0, 0
2317, 6, 657, 943, 30, 0, 4.26%, 0, 2, 11, 706.02, 1231583, 2795, 0, 0
2322, 6, 653, 943, 29, 0, 4.26%, 0, 2, 11, 651.34, 1234719, 2795, 0, 0
2327, 6, 763, 943, 29, 0, 4.26%, 0, 2, 11, 670.10, 1238121, 2795, 0, 0
2332, 6, 564, 943, 29, 0, 4.26%, 0, 2, 11, 682.87, 1241599, 2795, 0, 0
2337, 6, 670, 943, 28, 0, 4.26%, 0, 2, 11, 663.79, 1244244, 2795, 0, 0
2342, 6, 699, 943, 27, 0, 4.26%, 0, 2, 11, 738.05, 1248068, 2795, 0, 0
2347, 6, 659, 944, 27, 0, 4.26%, 0, 2, 11, 769.17, 1251962, 2795, 0, 0
2352, 6, 285, 944, 26, 0, 4.26%, 0, 2, 11, 735.64, 1255461, 2795, 0, 0
2357, 6, 682, 944, 26, 0, 4.26%, 0, 2, 11, 794.48, 1259575, 2795, 0, 0
2362, 6, 598, 944, 25, 0, 4.26%, 0, 2, 11, 789.74, 1263587, 2795, 0, 0
2367, 6, 944, 945, 25, 0, 4.26%, 0, 2, 11, 771.99, 1267391, 2795, 0, 0
2372, 6, 603, 945, 23, 0, 4.26%, 0, 2, 11, 767.42, 1271190, 2795, 0, 0
2378, 6, 706, 946, 23, 0, 4.26%, 0, 2, 11, 778.68, 1275718, 2795, 0, 0
2383, 6, 204, 946, 22, 0, 4.26%, 0, 2, 11, 740.23, 1279533, 2795, 0, 0
2388, 6, 112, 946, 22, 0, 4.26%, 0, 2, 11, 795.22, 1283586, 2795, 0, 0
2393, 6, 890, 946, 21, 0, 4.26%, 0, 2, 11, 785.00, 1287438, 2795, 0, 0
2398, 6, 690, 946, 19, 0, 4.26%, 0, 2, 11, 742.64, 1291170, 2795, 0, 0
2403, 6, 665, 946, 18, 0, 4.26%, 0, 2, 11, 800.65, 1295256, 2795, 0, 0
2409, 6, 827, 946, 17, 0, 4.26%, 0, 2, 11, 752.27, 1299042, 2795, 0, 0
2414, 6, 249, 946, 17, 0, 4.26%, 0, 2, 11, 798.09, 1303199, 2795, 0, 0
2419, 6, 136, 947, 16, 0, 4.28%, 0, 2, 11, 731.28, 1306955, 2802, 0, 0
2424, 6, 592, 947, 16, 0, 4.28%, 0, 2, 11, 768.65, 1310967, 2802, 0, 0
2429, 6, 1013, 1075, 142, 14, 4.36%, 0, 2, 11, 668.73, 1314133, 2857, 0, 0
2434, 6, 1025, 1075, 136, 8, 4.36%, 0, 2, 11, 707.72, 1317827, 2857, 0, 0
2439, 6, 980, 1075, 127, 1, 4.36%, 0, 2, 11, 656.41, 1321089, 2857, 0, 0
2444, 6, 253, 1075, 121, 0, 4.36%, 0, 2, 11, 754.61, 1325122, 2857, 0, 0
2449, 6, 427, 1075, 115, 0, 4.36%, 0, 2, 11, 699.93, 1328843, 2857, 0, 0
2456, 6, 1062, 1075, 113, 0, 4.36%, 0, 2, 11, 700.94, 1333200, 2857, 0, 0
2461, 6, 859, 1075, 110, 0, 4.36%, 0, 2, 11, 703.30, 1336982, 2857, 0, 0
2466, 6, 981, 1075, 106, 0, 4.36%, 0, 2, 11, 689.40, 1340487, 2857, 0, 0
2471, 6, 1033, 1075, 104, 0, 4.36%, 0, 2, 11, 675.61, 1343865, 2857, 0, 0
2476, 7, 340, 1075, 99, 0, 4.36%, 0, 2, 11, 752.42, 1347846, 2857, 0, 0
2481, 7, 213, 1076, 95, 0, 4.36%, 0, 2, 11, 776.77, 1351849, 2857, 0, 0
2487, 7, 1004, 1076, 93, 0, 4.36%, 0, 2, 11, 757.88, 1355730, 2857, 0, 0
2493, 7, 958, 1076, 88, 0, 4.36%, 0, 2, 11, 660.17, 1359440, 2857, 0, 0
2498, 7, 609, 1076, 85, 0, 4.36%, 0, 2, 11, 672.76, 1362739, 2857, 0, 0
2503, 7, 595, 1076, 82, 0, 4.36%, 0, 2, 11, 756.84, 1366570, 2857, 0, 0
2508, 7, 998, 1076, 80, 0, 4.36%, 0, 2, 11, 581.50, 1369389, 2857, 0, 0
2513, 7, 1019, 1076, 78, 0, 4.36%, 0, 2, 11, 691.24, 1372935, 2857, 0, 0
2518, 7, 1057, 1076, 74, 0, 4.36%, 0, 2, 11, 689.90, 1376294, 2857, 0, 0
2524, 7, 815, 1076, 68, 0, 4.36%, 0, 2, 11, 702.14, 1379954, 2857, 0, 0
2529, 7, 55, 1076, 65, 0, 4.36%, 0, 2, 11, 771.64, 1383928, 2857, 0, 0
2534, 7, 283, 1076, 63, 0, 4.36%, 0, 2, 11, 764.98, 1387637, 2857, 0, 0
2539, 7, 427, 1076, 62, 0, 4.36%, 0, 2, 11, 745.75, 1391294, 2857, 0, 0
2544, 7, 288, 1076, 61, 0, 4.36%, 0, 2, 11, 761.18, 1395173, 2857, 0, 0
2549, 7, 176, 1076, 59, 0, 4.36%, 0, 2, 11, 757.18, 1399131, 2857, 0, 0
2554, 7, 1038, 1076, 58, 0, 4.36%, 0, 2, 11, 574.56, 1401544, 2857, 0, 0
2559, 7, 1009, 1076, 57, 0, 4.36%, 0, 2, 11, 681.74, 1405027, 2857, 0, 0
2564, 7, 676, 1076, 53, 0, 4.36%, 0, 2, 11, 675.37, 1408676, 2857, 0, 0
2569, 7, 569, 1076, 52, 0, 4.36%, 0, 2, 11, 662.72, 1412012, 2857, 0, 0
2574, 7, 1055, 1076, 50, 0, 4.36%, 0, 2, 11, 738.82, 1415714, 2857, 0, 0
2579, 7, 91, 1077, 49, 0, 4.36%, 0, 2, 11, 794.60, 1419394, 2858, 0, 0
2584, 7, 330, 1077, 45, 0, 4.36%, 0, 2, 11, 727.39, 1422870, 2858, 0, 0
2590, 7, 657, 1077, 43, 0, 4.36%, 0, 2, 11, 752.85, 1426608, 2858, 0, 0
2595, 7, 960, 1077, 42, 0, 4.36%, 0, 2, 11, 319.11, 1429369, 2858, 0, 0
2600, 7, 955, 1077, 40, 0, 4.36%, 0, 2, 11, 513.01, 1432213, 2858, 0, 0
2605, 7, 592, 1077, 37, 0, 4.36%, 0, 2, 11, 666.05, 1434710, 2858, 0, 0
2610, 7, 858, 1077, 36, 0, 4.36%, 0, 2, 11, 697.93, 1438337, 2858, 0, 0
2615, 7, 959, 1077, 35, 0, 4.36%, 0, 2, 11, 128.16, 1440738, 2858, 0, 0
2620, 7, 959, 1077, 35, 0, 4.36%, 0, 2, 11, 97.27, 1441229, 2858, 0, 0
2626, 7, 434, 1077, 31, 0, 4.36%, 0, 2, 11, 726.25, 1444814, 2858, 0, 0
2631, 7, 956, 1077, 31, 0, 4.36%, 0, 2, 11, 86.80, 1446191, 2858, 0, 0
2636, 7, 956, 1077, 31, 0, 4.36%, 0, 2, 11, 86.90, 1446766, 2858, 0, 0
2641, 7, 1031, 1077, 30, 0, 4.36%, 0, 2, 11, 824.69, 1450359, 2858, 0, 0
2646, 7, 644, 1077, 29, 0, 4.36%, 0, 2, 11, 777.50, 1454037, 2858, 0, 0
2651, 7, 809, 1077, 29, 0, 4.36%, 0, 2, 11, 676.20, 1457451, 2858, 0, 0
2656, 7, 966, 1077, 28, 0, 4.36%, 0, 2, 11, 751.39, 1461312, 2858, 0, 0
2661, 7, 1060, 1077, 26, 0, 4.36%, 0, 2, 11, 604.38, 1464955, 2858, 0, 0
2667, 7, 541, 1077, 25, 0, 4.36%, 0, 2, 11, 800.00, 1468313, 2858, 0, 0
2672, 7, 659, 1077, 23, 0, 4.36%, 0, 2, 11, 109.89, 1471898, 2858, 0, 0
2677, 7, 957, 1077, 23, 0, 4.36%, 0, 2, 11, 107.12, 1473784, 2858, 0, 0
2682, 7, 383, 1077, 21, 0, 4.36%, 0, 2, 11, 685.11, 1476084, 2858, 0, 0
2687, 7, 941, 1077, 21, 0, 4.36%, 0, 2, 11, 607.49, 1479727, 2858, 0, 0
2692, 7, 113, 1077, 20, 0, 4.36%, 0, 2, 11, 730.55, 1483517, 2858, 0, 0
2697, 7, 689, 1077, 18, 0, 4.36%, 0, 2, 11, 729.99, 1487077, 2858, 0, 0
2702, 7, 665, 1077, 17, 0, 4.36%, 0, 2, 11, 92.96, 1490238, 2858, 0, 0
2707, 7, 1023, 1077, 17, 0, 4.36%, 0, 2, 11, 647.73, 1493864, 2858, 0, 0
2713, 7, 887, 1077, 16, 0, 4.36%, 0, 2, 11, 576.24, 1496776, 2858, 0, 0
2718, 7, 1076, 1081, 18, 0, 4.36%, 0, 2, 11, 644.77, 1500169, 2858, 0, 0
2723, 7, 659, 1081, 18, 0, 4.36%, 0, 2, 11, 759.31, 1503649, 2858, 0, 0
2730, 7, 929, 1081, 17, 0, 4.36%, 0, 2, 11, 731.00, 1508526, 2858, 0, 0
2735, 7, 746, 1081, 15, 0, 4.36%, 0, 2, 11, 719.40, 1512093, 2858, 0, 0
2740, 7, 388, 1081, 15, 0, 4.36%, 0, 2, 11, 813.43, 1515979, 2858, 0, 0
2745, 7, 713, 1081, 14, 0, 4.36%, 0, 2, 11, 741.71, 1519527, 2858, 0, 0
2750, 7, 447, 1081, 14, 0, 4.36%, 0, 2, 11, 734.08, 1523358, 2858, 0, 0
2755, 7, 946, 1081, 14, 0, 4.36%, 0, 2, 11, 815.72, 1526764, 2858, 0, 0
2761, 8, 701, 1081, 13, 0, 4.36%, 0, 2, 11, 677.18, 1530357, 2858, 0, 0
2766, 8, 886, 1081, 12, 0, 4.36%, 0, 2, 11, 710.77, 1533982, 2858, 0, 0
2771, 8, 643, 1081, 11, 0, 4.36%, 0, 2, 11, 777.88, 1537068, 2858, 0, 0
2776, 8, 154, 1081, 11, 0, 4.36%, 0, 2, 11, 803.30, 1540525, 2858, 0, 0
2781, 8, 285, 1081, 11, 0, 4.36%, 0, 2, 11, 776.31, 1544334, 2858, 0, 0
2787, 8, 72, 1082, 10, 0, 4.36%, 0, 2, 11, 838.09, 1548003, 2858, 0, 0
2792, 8, 589, 1082, 10, 0, 4.36%, 0, 2, 11, 779.06, 1551623, 2858, 0, 0
2798, 8, 1076, 1082, 10, 0, 4.36%, 0, 2, 11, 740.47, 1555857, 2858, 0, 0
2803, 8, 820, 1082, 10, 0, 4.36%, 0, 2, 11, 795.20, 1559272, 2858, 0, 0
2808, 8, 890, 1082, 10, 0, 4.36%, 0, 2, 11, 788.64, 1563082, 2858, 0, 0
2813, 8, 492, 1082, 9, 0, 4.36%, 0, 2, 11, 775.08, 1566643, 2858, 0, 0
2818, 8, 198, 1082, 9, 0, 4.36%, 0, 2, 11, 682.95, 1570436, 2858, 0, 0
2823, 8, 909, 1082, 8, 0, 4.36%, 0, 2, 11, 708.51, 1573982, 2858, 0, 0
2829, 8, 577, 1082, 8, 0, 4.36%, 0, 2, 11, 724.46, 1577338, 2858, 0, 0
2834, 8, 988, 1082, 8, 0, 4.36%, 0, 2, 11, 732.91, 1581006, 2858, 0, 0
2839, 8, 645, 1082, 8, 0, 4.36%, 0, 2, 11, 755.76, 1584791, 2858, 0, 0
2844, 8, 594, 1082, 8, 0, 4.36%, 0, 2, 11, 860.03, 1588332, 2858, 0, 0
2849, 8, 977, 1082, 8, 0, 4.36%, 0, 2, 11, 700.00, 1591936, 2858, 0, 0
2854, 8, 1076, 1082, 8, 0, 4.36%, 0, 2, 11, 790.37, 1595662, 2858, 0, 0
2859, 8, 984, 1082, 8, 0, 4.36%, 0, 2, 11, 723.79, 1598634, 2858, 0, 0
2865, 8, 285, 1082, 8, 0, 4.36%, 0, 2, 11, 818.85, 1602101, 2858, 0, 0
2870, 8, 830, 1082, 8, 0, 4.36%, 0, 2, 11, 733.85, 1605476, 2858, 0, 0
2875, 8, 849, 1082, 8, 0, 4.36%, 0, 2, 11, 694.98, 1609106, 2858, 0, 0
2880, 8, 277, 1082, 8, 0, 4.36%, 0, 2, 11, 759.83, 1612681, 2858, 0, 0
2885, 8, 689, 1082, 8, 0, 4.36%, 0, 2, 11, 657.72, 1615918, 2858, 0, 0
2890, 8, 149, 1082, 8, 0, 4.36%, 0, 2, 11, 740.08, 1619600, 2858, 0, 0
2896, 8, 499, 1082, 8, 0, 4.36%, 0, 2, 11, 67.91, 1621415, 2858, 0, 0
2901, 8, 524, 1082, 8, 0, 4.36%, 0, 2, 11, 544.81, 1622597, 2858, 0, 0
2906, 8, 256, 1083, 9, 0, 4.36%, 0, 2, 11, 61.87, 1624782, 2858, 0, 0
2911, 8, 113, 1083, 9, 0, 4.36%, 0, 2, 11, 67.74, 1627733, 2858, 0, 0
2916, 8, 1082, 1085, 11, 0, 4.36%, 0, 2, 11, 667.44, 1630391, 2858, 0, 0
2921, 8, 1082, 1085, 11, 0, 4.36%, 0, 2, 11, 645.95, 1632387, 2858, 0, 0
2928, 8, 982, 1085, 10, 0, 4.36%, 0, 2, 11, 472.21, 1635295, 2858, 0, 0
2933, 8, 909, 1085, 8, 0, 4.36%, 0, 2, 11, 750.28, 1637492, 2858, 0, 0
2938, 8, 603, 1085, 8, 0, 4.36%, 0, 2, 11, 753.29, 1639501, 2858, 0, 0
2943, 8, 96, 1085, 8, 0, 4.36%, 0, 2, 11, 553.41, 1641463, 2858, 0, 0
2948, 8, 388, 1085, 8, 0, 4.36%, 0, 2, 11, 563.77, 1643619, 2858, 0, 0
2954, 8, 657, 1086, 8, 0, 4.36%, 0, 2, 11, 65.17, 1645953, 2859, 0, 0
2959, 8, 690, 1086, 8, 0, 4.36%, 0, 2, 11, 68.21, 1648640, 2859, 0, 0
2964, 8, 915, 1086, 7, 0, 4.36%, 0, 2, 11, 568.07, 1651095, 2859, 0, 0
2969, 8, 809, 1086, 7, 0, 4.36%, 0, 2, 11, 840.75, 1653127, 2859, 0, 0
2974, 8, 679, 1086, 7, 0, 4.36%, 0, 2, 11, 710.33, 1655011, 2859, 0, 0
2979, 8, 739, 1086, 7, 0, 4.36%, 0, 2, 11, 473.96, 1656657, 2859, 0, 0
2984, 8, 1040, 1086, 7, 0, 4.36%, 0, 2, 11, 53.96, 1658676, 2859, 0, 0
2989, 8, 1040, 1086, 7, 0, 4.36%, 0, 2, 11, 53.44, 1660596, 2859, 0, 0
2994, 8, 121, 1086, 6, 0, 4.36%, 0, 2, 11, 67.81, 1662918, 2859, 0, 0
2999, 8, 91, 1086, 6, 0, 4.36%, 0, 2, 11, 600.25, 1665267, 2859, 0, 0
3004, 8, 66, 1086, 6, 0, 4.36%, 0, 2, 11, 557.80, 1667129, 2859, 0, 0
3009, 8, 113, 1086, 6, 0, 4.36%, 0, 2, 11, 534.04, 1668974, 2859, 0, 0
3014, 8, 951, 1086, 6, 0, 4.36%, 0, 2, 11, 726.55, 1670741, 2859, 0, 0
3019, 8, 711, 1086, 6, 0, 4.36%, 0, 2, 11, 732.75, 1672489, 2859, 0, 0
3025, 8, 974, 1086, 6, 0, 4.36%, 0, 2, 11, 53.61, 1674128, 2859, 0, 0
3030, 8, 596, 1086, 6, 0, 4.36%, 0, 2, 11, 66.77, 1676313, 2859, 0, 0
3035, 8, 132, 1086, 6, 0, 4.36%, 0, 2, 11, 820.90, 1678690, 2859, 0, 0
3040, 8, 1055, 1086, 6, 0, 4.36%, 0, 2, 11, 587.99, 1679853, 2859, 0, 0
3045, 8, 752, 1086, 6, 0, 4.36%, 0, 2, 11, 67.66, 1681190, 2859, 0, 0
3050, 8, 665, 1086, 6, 0, 4.36%, 0, 2, 11, 66.71, 1683486, 2859, 0, 0
3055, 8, 904, 1086, 6, 0, 4.36%, 0, 2, 11, 63.66, 1685825, 2859, 0, 0
3061, 9, 594, 1086, 6, 0, 4.36%, 0, 2, 11, 850.94, 1687641, 2859, 0, 0
3066, 9, 670, 1086, 6, 0, 4.36%, 0, 2, 11, 835.00, 1688861, 2859, 0, 0
3071, 9, 716, 1086, 6, 0, 4.36%, 0, 2, 11, 64.39, 1690909, 2859, 0, 0
3076, 9, 544, 1086, 6, 0, 4.36%, 0, 2, 11, 59.75, 1692982, 2859, 0, 0
3081, 9, 390, 1086, 6, 0, 4.36%, 0, 2, 11, 658.24, 1695172, 2859, 0, 0
3086, 9, 789, 1086, 6, 0, 4.36%, 0, 2, 11, 546.94, 1696511, 2859, 0, 0
3091, 9, 890, 1086, 6, 0, 4.36%, 0, 2, 11, 693.69, 1697783, 2859, 0, 0
3097, 9, 278, 1086, 6, 0, 4.36%, 0, 2, 11, 65.76, 1699818, 2859, 0, 0
3102, 9, 477, 1086, 6, 0, 4.36%, 0, 2, 11, 95.31, 1701923, 2859, 0, 0
3107, 9, 884, 1086, 6, 0, 4.36%, 0, 2, 11, 50.34, 1703764, 2859, 0, 0
3112, 9, 898, 1086, 6, 0, 4.36%, 0, 2, 11, 763.70, 1705145, 2859, 0, 0
3117, 9, 84, 1087, 7, 0, 4.36%, 0, 2, 11, 790.00, 1706342, 2859, 0, 0
3122, 9, 809, 1087, 7, 0, 4.36%, 0, 2, 11, 61.04, 1708274, 2859, 0, 0
3127, 9, 696, 1087, 7, 0, 4.36%, 0, 2, 11, 69.28, 1710427, 2859, 0, 0
3132, 9, 1084, 1089, 9, 0, 4.36%, 0, 2, 11, 693.03, 1712246, 2859, 0, 0
3137, 9, 1084, 1090, 10, 0, 4.36%, 0, 2, 11, 627.34, 1713571, 2859, 0, 0
3142, 9, 1084, 1090, 10, 0, 4.36%, 0, 2, 11, 485.34, 1714504, 2859, 0, 0
3148, 9, 770, 1090, 9, 0, 4.36%, 0, 2, 11, 66.47, 1716334, 2859, 0, 0
3153, 9, 672, 1090, 9, 0, 4.36%, 0, 2, 11, 69.17, 1718361, 2859, 0, 0
3158, 9, 670, 1090, 9, 0, 4.36%, 0, 2, 11, 66.08, 1720424, 2859, 0, 0
3163, 9, 501, 1090, 9, 0, 4.36%, 0, 2, 11, 640.68, 1722453, 2859, 0, 0
3168, 9, 643, 1090, 9, 0, 4.36%, 0, 2, 11, 841.90, 1723775, 2859, 0, 0
3174, 9, 597, 1090, 9, 0, 4.36%, 0, 2, 11, 501.49, 1725769, 2859, 0, 0
3179, 9, 711, 1090, 9, 0, 4.36%, 0, 2, 11, 66.09, 1727013, 2859, 0, 0
3184, 9, 930, 1090, 9, 0, 4.36%, 0, 2, 11, 79.26, 1729080, 2859, 0, 0
3189, 9, 814, 1090, 9, 0, 4.36%, 0, 2, 11, 68.22, 1731114, 2859, 0, 0
3194, 9, 636, 1090, 9, 0, 4.36%, 0, 2, 11, 52.51, 1733054, 2859, 0, 0
3199, 9, 671, 1090, 9, 0, 4.36%, 0, 2, 11, 755.88, 1734867, 2859, 0, 0
3205, 9, 390, 1090, 9, 0, 4.36%, 0, 2, 11, 855.17, 1736148, 2859, 0, 0
3210, 9, 41, 1090, 9, 0, 4.36%, 0, 2, 11, 455.00, 1737440, 2859, 0, 0
3215, 9, 830, 1090, 9, 0, 4.36%, 0, 2, 11, 65.64, 1739447, 2859, 0, 0
3220, 9, 527, 1090, 9, 0, 4.36%, 0, 2, 11, 63.39, 1741068, 2859, 0, 0
3225, 9, 257, 1090, 9, 0, 4.36%, 0, 2, 11, 66.13, 1742985, 2859, 0, 0
3230, 9, 808, 1090, 9, 0, 4.36%, 0, 2, 11, 59.03, 1745036, 2859, 0, 0
3236, 9, 747, 1090, 9, 0, 4.36%, 0, 2, 11, 481.36, 1746883, 2859, 0, 0
3241, 9, 825, 1090, 9, 0, 4.36%, 0, 2, 11, 527.26, 1748288, 2859, 0, 0
3246, 9, 176, 1090, 9, 0, 4.36%, 0, 2, 11, 850.00, 1749338, 2859, 0, 0
3251, 9, 589, 1090, 9, 0, 4.36%, 0, 2, 11, 66.68, 1751404, 2859, 0, 0
3256, 9, 740, 1090, 9, 0, 4.36%, 0, 2, 11, 72.48, 1753624, 2859, 0, 0
3261, 9, 577, 1090, 9, 0, 4.36%, 0, 2, 11, 786.20, 1755157, 2859, 0, 0
3266, 9, 385, 1090, 9, 0, 4.36%, 0, 2, 11, 63.41, 1756193, 2859, 0, 0
3271, 9, 283, 1090, 9, 0, 4.36%, 0, 2, 11, 62.11, 1758130, 2859, 0, 0
3276, 9, 633, 1090, 9, 0, 4.36%, 0, 2, 11, 38.56, 1760329, 2859, 0, 0
3281, 9, 1087, 1090, 9, 0, 4.36%, 0, 2, 11, 683.39, 1761964, 2859, 0, 0
3287, 9, 1087, 1090, 9, 0, 4.36%, 0, 2, 11, 350.00, 1762668, 2859, 0, 0
3292, 9, 1087, 1091, 10, 0, 4.36%, 0, 2, 11, 53.60, 1764344, 2859, 0, 0
3298, 9, 1085, 1091, 9, 0, 4.36%, 0, 2, 11, 525.70, 1766322, 2859, 0, 0
3303, 9, 375, 1091, 8, 0, 4.36%, 0, 2, 11, 62.78, 1768147, 2859, 0, 0
3308, 9, 999, 1091, 8, 0, 4.36%, 0, 2, 11, 556.53, 1769514, 2859, 0, 0
3313, 9, 284, 1091, 8, 0, 4.36%, 0, 2, 11, 585.00, 1770536, 2859, 0, 0
3318, 9, 375, 1091, 8, 0, 4.36%, 0, 2, 11, 57.87, 1772622, 2859, 0, 0
3323, 9, 505, 1091, 8, 0, 4.36%, 0, 2, 11, 4.74, 1774666, 2859, 0, 0
3328, 9, 388, 1091, 8, 0, 4.36%, 0, 2, 11, 811.75, 1776787, 2859, 0, 0
3335, 9, 1000, 1091, 8, 0, 4.36%, 0, 2, 11, 697.16, 1778607, 2859, 0, 0
3340, 9, 383, 1091, 8, 0, 4.36%, 0, 2, 11, 697.19, 1779485, 2859, 0, 0
3345, 9, 711, 1091, 8, 0, 4.36%, 0, 2, 11, 65.41, 1781359, 2859, 0, 0
3350, 9, 670, 1091, 8, 0, 4.36%, 0, 2, 11, 92.51, 1783383, 2859, 0, 0
3355, 9, 253, 1091, 8, 0, 4.36%, 0, 2, 11, 67.03, 1785434, 2859, 0, 0
3360, 9, 1089, 1091, 8, 0, 4.36%, 0, 2, 11, 668.21, 1786652, 2859, 0, 0
3365, 9, 431, 1091, 7, 0, 4.36%, 0, 2, 11, 59.83, 1787628, 2859, 0, 0
3371, 9, 643, 1091, 7, 0, 4.36%, 0, 2, 11, 64.74, 1789159, 2859, 0, 0
3376, 9, 589, 1091, 7, 0, 4.36%, 0, 2, 11, 68.06, 1791253, 2859, 0, 0
3381, 9, 499, 1091, 7, 0, 4.36%, 0, 2, 11, 790.57, 1793158, 2859, 0, 0
3386, 9, 486, 1091, 7, 0, 4.36%, 0, 2, 11, 837.08, 1794184, 2859, 0, 0
3391, 9, 84, 1091, 5, 0, 4.36%, 0, 2, 11, 98.82, 1795616, 2859, 0, 0
3396, 9, 492, 1091, 5, 0, 4.36%, 0, 2, 11, 61.75, 1797607, 2859, 0, 0
3401, 9, 577, 1091, 4, 0, 4.36%, 0, 2, 11, 61.40, 1799514, 2859, 0, 0
3406, 9, 644, 1091, 4, 0, 4.36%, 0, 2, 11, 67.86, 1801190, 2859, 0, 0
3411, 9, 520, 1091, 4, 0, 4.36%, 0, 2, 11, 655.01, 1802605, 2859, 0, 0
3418, 9, 465, 1091, 4, 0, 4.36%, 0, 2, 11, 737.91, 1804026, 2859, 0, 0
3423, 9, 825, 1091, 4, 0, 4.36%, 0, 2, 11, 647.30, 1805520, 2859, 0, 0
3428, 9, 447, 1091, 4, 0, 4.36%, 0, 2, 11, 810.07, 1806799, 2859, 0, 0
3433, 9, 387, 1091, 4, 0, 4.36%, 0, 2, 11, 66.24, 1808248, 2859, 0, 0
3438, 9, 239, 1091, 4, 0, 4.36%, 0, 2, 11, 66.59, 1810195, 2859, 0, 0
3443, 9, 145, 1091, 4, 0, 4.36%, 0, 2, 11, 57.70, 1811899, 2859, 0, 0
3448, 9, 100, 1091, 4, 0, 4.36%, 0, 2, 11, 61.86, 1813676, 2859, 0, 0
3453, 9, 1007, 1091, 4, 0, 4.36%, 0, 2, 11, 533.86, 1814880, 2859, 0, 0
3458, 9, 834, 1091, 4, 0, 4.36%, 0, 2, 11, 830.02, 1816160, 2859, 0, 0
3464, 9, 396, 1091, 4, 0, 4.36%, 0, 2, 11, 765.00, 1817501, 2859, 0, 0
3469, 9, 152, 1091, 4, 0, 4.36%, 0, 2, 11, 60.72, 1819278, 2859, 0, 0
3476, 9, 1048, 1091, 4, 0, 4.36%, 0, 2, 11, 58.40, 1821661, 2859, 0, 0
3481, 9, 277, 1091, 4, 0, 4.36%, 0, 2, 11, 91.04, 1823730, 2859, 0, 0
3486, 9, 526, 1091, 4, 0, 4.36%, 0, 2, 11, 66.69, 1825869, 2859, 0, 0
3491, 9, 84, 1091, 4, 0, 4.36%, 0, 2, 11, 739.67, 1827371, 2859, 0, 0
3496, 9, 1055, 1091, 4, 0, 4.36%, 0, 2, 11, 74.67, 1828376, 2859, 0, 0
3502, 9, 942, 1091, 4, 0, 4.36%, 0, 2, 11, 60.50, 1830110, 2859, 0, 0
3507, 9, 609, 1091, 4, 0, 4.36%, 0, 2, 11, 38.54, 1831745, 2859, 0, 0
3512, 9, 595, 1091, 4, 0, 4.36%, 0, 2, 11, 826.67, 1833594, 2859, 0, 0
3517, 9, 867, 1091, 4, 0, 4.36%, 0, 2, 11, 683.21, 1834517, 2859, 0, 0
3522, 9, 67, 1091, 4, 0, 4.36%, 0, 2, 11, 65.24, 1836395, 2859, 0, 0
3527, 9, 636, 1091, 4, 0, 4.36%, 0, 2, 11, 55.87, 1838210, 2859, 0, 0
3532, 9, 799, 1091, 4, 0, 4.36%, 0, 2, 11, 716.88, 1840252, 2859, 0, 0
3537, 9, 154, 1091, 4, 0, 4.36%, 0, 2, 11, 584.56, 1841628, 2859, 0, 0
3542, 9, 434, 1091, 4, 0, 4.36%, 0, 2, 11, 65.62, 1842801, 2859, 0, 0
3548, 9, 50, 1091, 3, 0, 4.36%, 0, 2, 11, 66.64, 1844771, 2859, 0, 0
3553, 9, 1015, 1091, 3, 0, 4.36%, 0, 2, 11, 577.87, 1846984, 2859, 0, 0
3559, 9, 239, 1091, 3, 0, 4.36%, 0, 2, 11, 66.75, 1849007, 2859, 0, 0
3564, 10, 684, 1091, 3, 0, 4.36%, 0, 2, 11, 614.71, 1850373, 2859, 0, 0
3569, 10, 890, 1091, 3, 0, 4.36%, 0, 2, 11, 363.18, 1851523, 2859, 0, 0
3574, 10, 783, 1091, 3, 0, 4.36%, 0, 2, 11, 60.31, 1853505, 2859, 0, 0
3579, 10, 592, 1091, 3, 0, 4.36%, 0, 2, 11, 68.04, 1855592, 2859, 0, 0
3584, 10, 72, 1091, 3, 0, 4.36%, 0, 2, 11, 643.21, 1857731, 2859, 0, 0
3589, 10, 375, 1091, 3, 0, 4.36%, 0, 2, 11, 701.75, 1858824, 2859, 0, 0
3595, 10, 904, 1091, 3, 0, 4.36%, 0, 2, 11, 91.99, 1860223, 2859, 0, 0
3600, 10, 755, 1091, 3, 0, 4.36%, 0, 2, 11, 92.03, 1862213, 2859, 0, 0
3605, 10, 603, 1091, 3, 0, 4.36%, 0, 2, 11, 61.77, 1864305, 2859, 0, 0
3611, 10, 909, 1091, 3, 0, 4.36%, 0, 2, 11, 731.52, 1866281, 2859, 0, 0
3616, 10, 609, 1091, 3, 0, 4.36%, 0, 2, 11, 832.72, 1868147, 2859, 0, 0
3621, 10, 143, 1091, 3, 0, 4.36%, 0, 2, 11, 572.46, 1869258, 2859, 0, 0
3626, 10, 708, 1091, 3, 0, 4.36%, 0, 2, 11, 715.00, 1870495, 2859, 0, 0
3631, 10, 543, 1091, 3, 0, 4.36%, 0, 2, 11, 62.00, 1872180, 2859, 0, 0
3636, 10, 493, 1128, 39, 3, 4.38%, 0, 2, 11, 60.37, 1873938, 2868, 0, 0
3641, 10, 781, 1128, 38, 2, 4.38%, 0, 2, 11, 55.87, 1875443, 2868, 0, 0
3646, 10, 508, 1128, 36, 1, 4.38%, 0, 2, 11, 67.44, 1877158, 2868, 0, 0
3651, 10, 107, 1128, 35, 0, 4.38%, 0, 2, 11, 619.70, 1878785, 2868, 0, 0
3656, 10, 609, 1128, 35, 0, 4.38%, 0, 2, 11, 346.04, 1879558, 2868, 0, 0
3662, 10, 609, 1128, 35, 0, 4.38%, 0, 2, 11, 39.34, 1880085, 2868, 0, 0
3667, 10, 676, 1128, 35, 0, 4.38%, 0, 2, 11, 229.05, 1881435, 2868, 0, 0
3672, 10, 115, 1128, 34, 0, 4.38%, 0, 2, 11, 67.00, 1883417, 2868, 0, 0
3677, 10, 740, 1128, 34, 0, 4.38%, 0, 2, 11, 730.50, 1885230, 2868, 0, 0
3682, 10, 63, 1128, 34, 0, 4.38%, 0, 2, 11, 47.83, 1887082, 2868, 0, 0
3688, 10, 1120, 1128, 34, 0, 4.38%, 0, 2, 11, 608.73, 1888956, 2868, 0, 0
3693, 10, 1056, 1128, 33, 0, 4.38%, 0, 2, 11, 638.81, 1890266, 2868, 0, 0
3698, 10, 210, 1128, 33, 0, 4.38%, 0, 2, 11, 420.81, 1891588, 2868, 0, 0
3703, 10, 643, 1128, 33, 0, 4.38%, 0, 2, 11, 66.22, 1893114, 2868, 0, 0
3708, 10, 755, 1128, 33, 0, 4.38%, 0, 2, 11, 65.87, 1895285, 2868, 0, 0
3713, 10, 1092, 1128, 33, 0, 4.38%, 0, 2, 11, 529.55, 1896970, 2868, 0, 0
3718, 10, 1102, 1128, 32, 0, 4.38%, 0, 2, 11, 62.16, 1897745, 2868, 0, 0
3723, 10, 676, 1128, 31, 0, 4.38%, 0, 2, 11, 65.35, 1899955, 2868, 0, 0
3728, 10, 1013, 1128, 31, 0, 4.38%, 0, 2, 11, 101.56, 1901847, 2868, 0, 0
3734, 10, 512, 1128, 31, 0, 4.38%, 0, 2, 11, 547.02, 1903077, 2868, 0, 0
3739, 10, 257, 1128, 31, 0, 4.38%, 0, 2, 11, 78.16, 1904116, 2868, 0, 0
3744, 10, 665, 1128, 31, 0, 4.38%, 0, 2, 11, 65.36, 1906305, 2868, 0, 0
3749, 10, 1119, 1128, 31, 0, 4.38%, 0, 2, 11, 55.56, 1908285, 2868, 0, 0
3754, 10, 171, 1128, 30, 0, 4.38%, 0, 2, 11, 708.76, 1909565, 2868, 0, 0
3759, 10, 283, 1128, 29, 0, 4.38%, 0, 2, 11, 55.43, 1910518, 2868, 0, 0
3764, 10, 770, 1128, 28, 0, 4.38%, 0, 2, 11, 88.35, 1912535, 2868, 0, 0
3769, 10, 399, 1128, 27, 0, 4.38%, 0, 2, 11, 63.78, 1914524, 2868, 0, 0
3774, 10, 1013, 1128, 27, 0, 4.38%, 0, 2, 11, 492.71, 1915735, 2868, 0, 0
3779, 10, 33, 1128, 27, 0, 4.38%, 0, 2, 11, 66.29, 1916874, 2868, 0, 0
3784, 10, 699, 1128, 24, 0, 4.38%, 0, 2, 11, 58.91, 1918955, 2868, 0, 0
3790, 10, 76, 1128, 24, 0, 4.38%, 0, 2, 11, 60.55, 1920971, 2868, 0, 0
3795, 10, 204, 1128, 24, 0, 4.38%, 0, 2, 11, 674.46, 1922668, 2868, 0, 0
3800, 10, 108, 1128, 24, 0, 4.38%, 0, 2, 11, 70.54, 1923417, 2868, 0, 0
3805, 10, 206, 1128, 23, 0, 4.38%, 0, 2, 11, 78.67, 1925504, 2868, 0, 0
3810, 10, 893, 1128, 23, 0, 4.38%, 0, 2, 11, 91.30, 1927416, 2868, 0, 0
3815, 10, 100, 1128, 23, 0, 4.38%, 0, 2, 11, 68.03, 1929180, 2868, 0, 0
3820, 10, 708, 1128, 23, 0, 4.38%, 0, 2, 11, 615.61, 1930505, 2868, 0, 0
3826, 10, 1100, 1128, 23, 0, 4.38%, 0, 2, 11, 445.11, 1932155, 2868, 0, 0
3831, 10, 934, 1128, 22, 0, 4.38%, 0, 2, 11, 704.93, 1936167, 2868, 0, 0
3837, 10, 883, 1128, 21, 0, 4.38%, 0, 2, 11, 753.67, 1940083, 2868, 0, 0
3842, 10, 665, 1128, 21, 0, 4.38%, 0, 2, 11, 770.21, 1943980, 2868, 0, 0
3847, 10, 466, 1128, 21, 0, 4.38%, 0, 2, 11, 749.85, 1947389, 2868, 0, 0
3852, 10, 820, 1128, 20, 0, 4.38%, 0, 2, 11, 649.71, 1950539, 2868, 0, 0
3857, 10, 1122, 1128, 20, 0, 4.38%, 0, 2, 11, 644.50, 1953809, 2868, 0, 0
3862, 10, 883, 1128, 19, 0, 4.38%, 0, 2, 11, 580.02, 1956723, 2868, 0, 0
3867, 10, 593, 1128, 18, 0, 4.38%, 0, 2, 11, 696.23, 1960416, 2868, 0, 0
3872, 10, 796, 1128, 17, 0, 4.38%, 0, 2, 11, 745.14, 1964210, 2868, 0, 0
3878, 10, 594, 1128, 16, 0, 4.38%, 0, 2, 11, 769.09, 1968246, 2868, 0, 0
3883, 10, 1121, 1128, 15, 0, 4.38%, 0, 2, 11, 113.98, 1971585, 2868, 0, 0
3888, 10, 1121, 1128, 15, 0, 4.38%, 0, 2, 11, 130.98, 1972279, 2868, 0, 0
3893, 10, 1121, 1128, 15, 0, 4.38%, 0, 2, 11, 151.86, 1973072, 2868, 0, 0
3898, 10, 1096, 1128, 14, 0, 4.38%, 0, 2, 11, 393.04, 1975160, 2868, 0, 0
3903, 10, 132, 1128, 14, 0, 4.38%, 0, 2, 11, 661.89, 1978726, 2868, 0, 0
3908, 10, 107, 1128, 13, 0, 4.38%, 0, 2, 11, 753.24, 1982735, 2868, 0, 0
3913, 10, 929, 1128, 12, 0, 4.38%, 0, 2, 11, 764.76, 1986571, 2868, 0, 0
3919, 10, 115, 1128, 11, 0, 4.38%, 0, 2, 11, 776.11, 1990521, 2868, 0, 0
3924, 10, 670, 1128, 11, 0, 4.38%, 0, 2, 11, 784.44, 1994600, 2868, 0, 0
3929, 10, 834, 1128, 11, 0, 4.38%, 0, 2, 11, 751.98, 1998290, 2868, 0, 0
3934, 10, 593, 1128, 11, 0, 4.38%, 0, 2, 11, 761.96, 2002071, 2868, 0, 0
3939, 10, 383, 1129, 11, 0, 4.38%, 0, 2, 11, 754.32, 2005638, 2870, 0, 0
3944, 10, 628, 1129, 11, 0, 4.38%, 0, 2, 11, 774.00, 2009533, 2870, 0, 0
3949, 10, 101, 1129, 11, 0, 4.38%, 0, 2, 11, 790.04, 2013678, 2870, 0, 0
3954, 10, 85, 1129, 11, 0, 4.38%, 0, 2, 11, 746.13, 2017299, 2870, 0, 0
3959, 10, 834, 1129, 11, 0, 4.38%, 0, 2, 11, 710.38, 2020677, 2870, 0, 0
3965, 11, 708, 1129, 11, 0, 4.38%, 0, 2, 11, 760.49, 2024707, 2870, 0, 0
3970, 11, 435, 1129, 10, 0, 4.38%, 0, 2, 11, 750.98, 2028380, 2870, 0, 0
3975, 11, 149, 1129, 8, 0, 4.38%, 0, 2, 11, 731.07, 2032165, 2870, 0, 0
3980, 11, 249, 1129, 8, 0, 4.38%, 0, 2, 11, 751.07, 2036015, 2870, 0, 0
3985, 11, 1007, 1129, 8, 0, 4.38%, 0, 2, 11, 763.60, 2039906, 2870, 0, 0
3990, 11, 336, 1129, 8, 0, 4.38%, 0, 2, 11, 726.96, 2043331, 2870, 0, 0
3995, 11, 543, 1129, 8, 0, 4.38%, 0, 2, 11, 729.73, 2046981, 2870, 0, 0
4000, 11, 1128, 1129, 8, 0, 4.38%, 0, 2, 11, 782.13, 2050963, 2870, 0, 0
4005, 11, 1106, 1129, 8, 0, 4.38%, 0, 2, 11, 761.02, 2054828, 2870, 0, 0
4010, 11, 589, 1129, 7, 0, 4.38%, 0, 2, 11, 780.18, 2058854, 2870, 0, 0
4016, 11, 556, 1129, 7, 0, 4.38%, 0, 2, 11, 722.88, 2062787, 2870, 0, 0
4021, 11, 676, 1129, 7, 0, 4.38%, 0, 2, 11, 747.43, 2066603, 2870, 0, 0
4026, 11, 644, 1129, 7, 0, 4.38%, 0, 2, 11, 763.72, 2070647, 2870, 0, 0
4031, 11, 665, 1129, 7, 0, 4.38%, 0, 2, 11, 761.05, 2074530, 2870, 0, 0
4036, 11, 174, 1129, 7, 0, 4.38%, 0, 2, 11, 752.06, 2078326, 2870, 0, 0
4041, 11, 725, 1129, 7, 0, 4.38%, 0, 2, 11, 780.28, 2082270, 2870, 0, 0
4046, 11, 1113, 1129, 7, 0, 4.38%, 0, 2, 11, 506.90, 2084815, 2870, 0, 0
4051, 11, 609, 1129, 5, 0, 4.38%, 0, 2, 11, 656.03, 2088204, 2870, 0, 0
4057, 11, 770, 1129, 5, 0, 4.38%, 0, 2, 11, 683.51, 2091830, 2870, 0, 0
4062, 11, 140, 1129, 5, 0, 4.38%, 0, 2, 11, 751.82, 2095829, 2870, 0, 0
4067, 11, 246, 1129, 5, 0, 4.38%, 0, 2, 11, 785.79, 2099819, 2870, 0, 0
4072, 11, 470, 1129, 5, 0, 4.38%, 0, 2, 11, 801.58, 2103889, 2870, 0, 0
4077, 11, 1115, 1129, 5, 0, 4.38%, 0, 2, 11, 728.82, 2107437, 2870, 0, 0
4082, 11, 1123, 1129, 3, 0, 4.38%, 0, 2, 11, 772.69, 2111335, 2870, 0, 0
4087, 11, 571, 1129, 3, 0, 4.38%, 0, 2, 11, 795.80, 2115455, 2870, 0, 0
4092, 11, 909, 1129, 3, 0, 4.38%, 0, 2, 11, 738.33, 2119269, 2870, 0, 0
4097, 11, 820, 1129, 3, 0, 4.38%, 0, 2, 11, 785.56, 2123311, 2870, 0, 0
4103, 11, 636, 1129, 3, 0, 4.38%, 0, 2, 11, 758.50, 2127160, 2870, 0, 0
4108, 11, 1118, 1129, 3, 0, 4.38%, 0, 2, 11, 688.84, 2130504, 2870, 0, 0
4113, 11, 388, 1129, 2, 0, 4.38%, 0, 2, 11, 725.19, 2134288, 2870, 0, 0
4118, 11, 999, 1129, 2, 0, 4.38%, 0, 2, 11, 778.73, 2138262, 2870, 0, 0
4123, 11, 371, 1129, 2, 0, 4.38%, 0, 2, 11, 747.61, 2141727, 2870, 0, 0
4128, 11, 1114, 1129, 2, 0, 4.38%, 0, 2, 11, 733.32, 2145583, 2870, 0, 0
4133, 11, 56, 1129, 1, 0, 4.38%, 0, 2, 11, 777.90, 2149465, 2870, 0, 0
4138, 11, 725, 1129, 1, 0, 4.38%, 0, 2, 11, 759.79, 2152691, 2870, 0, 0
4143, 11, 174, 1129, 1, 0, 4.38%, 0, 2, 11, 761.43, 2156421, 2870, 0, 0
4148, 11, 111, 1129, 1, 0, 4.38%, 0, 2, 11, 691.72, 2160037, 2870, 0, 0
4153, 11, 390, 1129, 1, 0, 4.38%, 0, 2, 11, 68.18, 2163836, 2870, 0, 0
4158, 11, 723, 1129, 1, 0, 4.38%, 0, 2, 11, 839.55, 2167530, 2870, 0, 0
4163, 11, 33, 1130, 2, 0, 4.38%, 0, 2, 11, 796.51, 2171382, 2870, 0, 0
4169, 11, 396, 1130, 2, 0, 4.38%, 0, 2, 11, 752.46, 2175269, 2870, 0, 0
4174, 11, 253, 1130, 2, 0, 4.38%, 0, 2, 11, 743.72, 2178680, 2870, 0, 0
4179, 12, 116, 1130, 2, 0, 4.38%, 0, 2, 11, 278.92, 2182529, 2870, 0, 0
4184, 12, 413, 1130, 2, 0, 4.38%, 0, 2, 11, 662.97, 2186431, 2870, 0, 0
4189, 12, 35, 1130, 2, 0, 4.38%, 0, 2, 11, 751.55, 2190075, 2870, 0, 0
4194, 12, 676, 1130, 2, 0, 4.38%, 0, 2, 11, 746.46, 2193571, 2870, 0, 0
4199, 12, 115, 1130, 2, 0, 4.38%, 0, 2, 11, 68.67, 2197101, 2870, 0, 0
4204, 12, 543, 1130, 2, 0, 4.38%, 0, 2, 11, 701.80, 2200703, 2870, 0, 0
4209, 12, 1124, 1130, 2, 0, 4.38%, 0, 2, 11, 808.33, 2203838, 2870, 0, 0
4214, 12, 1129, 1130, 2, 0, 4.38%, 0, 2, 11, 712.89, 2207326, 2870, 0, 0
4220, 12, 711, 1130, 1, 0, 4.38%, 0, 2, 11, 659.64, 2210874, 2870, 0, 0
4226, 12, 340, 1130, 1, 0, 4.38%, 0, 2, 11, 726.76, 2215539, 2870, 0, 0
4231, 12, 821, 1130, 1, 0, 4.38%, 0, 2, 11, 739.21, 2219126, 2870, 0, 0
4236, 12, 265, 1130, 1, 0, 4.38%, 0, 2, 11, 751.42, 2222729, 2870, 0, 0
4241, 12, 388, 1130, 1, 0, 4.38%, 0, 2, 11, 644.08, 2226002, 2870, 0, 0
4246, 12, 156, 1130, 1, 0, 4.38%, 0, 2, 11, 675.62, 2229397, 2870, 0, 0
4252, 12, 1085, 1130, 1, 0, 4.38%, 0, 2, 11, 763.92, 2233296, 2870, 0, 0
4257, 12, 867, 1130, 1, 0, 4.38%, 0, 2, 11, 87.72, 2237097, 2870, 0, 0
4262, 12, 696, 1130, 1, 0, 4.38%, 0, 2, 11, 761.31, 2240368, 2870, 0, 0
4267, 12, 741, 1130, 1, 0, 4.38%, 0, 2, 11, 698.51, 2243873, 2870, 0, 0
4272, 12, 82, 1130, 1, 0, 4.38%, 0, 2, 11, 744.69, 2247171, 2870, 0, 0
4277, 12, 601, 1130, 1, 0, 4.38%, 0, 2, 11, 68.63, 2250812, 2870, 0, 0
4282, 12, 67, 1130, 1, 0, 4.38%, 0, 2, 11, 817.51, 2254478, 2870, 0, 0
4288, 12, 670, 1130, 1, 0, 4.38%, 0, 2, 11, 770.57, 2258122, 2870, 0, 0
4293, 12, 105, 1130, 1, 0, 4.38%, 0, 2, 11, 723.02, 2261592, 2870, 0, 0
4298, 12, 283, 1131, 2, 0, 4.38%, 0, 2, 11, 664.51, 2265297, 2870, 0, 0
4303, 12, 213, 1131, 2, 0, 4.38%, 0, 2, 11, 613.48, 2268741, 2870, 0, 0
4308, 12, 890, 1131, 2, 0, 4.38%, 0, 2, 11, 722.48, 2272615, 2870, 0, 0
4313, 12, 723, 1131, 2, 0, 4.38%, 0, 2, 11, 756.43, 2275916, 2870, 0, 0
4318, 12, 829, 1131, 2, 0, 4.38%, 0, 2, 11, 640.39, 2279028, 2870, 0, 0
4324, 12, 204, 1131, 2, 0, 4.38%, 0, 2, 11, 809.62, 2282861, 2870, 0, 0
4329, 12, 387, 1132, 2, 0, 4.38%, 0, 2, 11, 665.14, 2286118, 2870, 0, 0
4334, 12, 723, 1132, 2, 0, 4.38%, 0, 2, 11, 737.37, 2290095, 2870, 0, 0
4339, 12, 805, 1132, 2, 0, 4.38%, 0, 2, 11, 849.41, 2293601, 2870, 0, 0
4344, 12, 79, 1132, 2, 0, 4.38%, 0, 2, 11, 699.85, 2297227, 2870, 0, 0
4349, 12, 76, 1132, 2, 0, 4.38%, 0, 2, 11, 753.81, 2300765, 2870, 0, 0
4354, 12, 100, 1132, 2, 0, 4.38%, 0, 2, 11, 540.00, 2304355, 2870, 0, 0
4360, 12, 1131, 1132, 2, 0, 4.38%, 0, 2, 11, 810.20, 2308194, 2870, 0, 0
4365, 12, 1026, 1132, 1, 0, 4.38%, 0, 2, 11, 735.59, 2311438, 2870, 0, 0
4370, 12, 676, 1133, 2, 0, 4.38%, 0, 2, 11, 781.32, 2315340, 2870, 0, 0
4375, 12, 687, 1133, 2, 0, 4.38%, 0, 2, 11, 741.19, 2318741, 2870, 0, 0
4381, 12, 655, 1133, 2, 0, 4.38%, 0, 2, 11, 742.99, 2323314, 2870, 0, 0
4387, 12, 246, 1133, 2, 0, 4.38%, 0, 2, 11, 754.83, 2327167, 2870, 0, 0
4392, 12, 1132, 1133, 2, 0, 4.38%, 0, 2, 11, 728.19, 2330333, 2870, 0, 0
4397, 13, 738, 1134, 2, 0, 4.38%, 0, 2, 11, 812.81, 2333941, 2870, 0, 0
4402, 13, 524, 1134, 2, 0, 4.38%, 0, 2, 11, 810.02, 2337545, 2870, 0, 0
4408, 13, 1106, 1134, 2, 0, 4.38%, 0, 2, 11, 745.23, 2341259, 2870, 0, 0
4413, 13, 556, 1134, 2, 0, 4.38%, 0, 2, 11, 795.26, 2345113, 2870, 0, 0
4418, 13, 91, 1134, 2, 0, 4.38%, 0, 2, 11, 811.83, 2348544, 2870, 0, 0
4423, 13, 210, 1134, 2, 0, 4.38%, 0, 2, 11, 758.22, 2352366, 2870, 0, 0
4429, 13, 609, 1134, 2, 0, 4.38%, 0, 2, 11, 801.66, 2355724, 2870, 0, 0
4434, 13, 1085, 1134, 2, 0, 4.38%, 0, 2, 11, 640.39, 2358638, 2870, 0, 0
4439, 13, 176, 1134, 1, 0, 4.38%, 0, 2, 11, 710.69, 2362182, 2870, 0, 0
4444, 13, 239, 1134, 1, 0, 4.38%, 0, 2, 11, 860.15, 2365700, 2870, 0, 0
4449, 13, 536, 1134, 1, 0, 4.38%, 0, 2, 11, 810.50, 2369264, 2870, 0, 0
4454, 13, 609, 1134, 1, 0, 4.38%, 0, 2, 11, 703.80, 2372581, 2870, 0, 0
4459, 13, 383, 1134, 1, 0, 4.38%, 0, 2, 11, 487.59, 2375653, 2870, 0, 0
4464, 13, 97, 1134, 1, 0, 4.38%, 0, 2, 11, 767.47, 2379415, 2870, 0, 0
4469, 13, 285, 1134, 1, 0, 4.38%, 0, 2, 11, 725.98, 2382847, 2870, 0, 0
4475, 13, 596, 1134, 1, 0, 4.38%, 0, 2, 11, 67.16, 2383385, 2870, 0, 0
4480, 13, 897, 1134, 1, 0, 4.38%, 0, 2, 11, 764.43, 2386686, 2870, 0, 0
4485, 13, 152, 1134, 1, 0, 4.38%, 0, 2, 11, 801.53, 2389109, 2870, 0, 0
4491, 13, 386, 1134, 1, 0, 4.38%, 0, 2, 11, 799.08, 2391318, 2870, 0, 0
4496, 13, 596, 1134, 1, 0, 4.38%, 0, 2, 11, 761.67, 2393476, 2870, 0, 0
4501, 13, 322, 1134, 1, 0, 4.38%, 0, 2, 11, 66.80, 2395962, 2870, 0, 0
4506, 13, 904, 1134, 1, 0, 4.38%, 0, 2, 11, 66.66, 2398651, 2870, 0, 0
4511, 13, 708, 1134, 1, 0, 4.38%, 0, 2, 11, 65.36, 2401079, 2870, 0, 0
4516, 13, 124, 1134, 1, 0, 4.38%, 0, 2, 11, 121.29, 2403527, 2870, 0, 0
4522, 13, 1109, 1134, 1, 0, 4.38%, 0, 2, 11, 657.72, 2405537, 2870, 0, 0
4527, 13, 963, 1134, 1, 0, 4.38%, 0, 2, 11, 64.04, 2408140, 2870, 0, 0
4532, 13, 813, 1134, 1, 0, 4.38%, 0, 2, 11, 674.13, 2410538, 2870, 0, 0
4537, 13, 818, 1134, 1, 0, 4.38%, 0, 2, 11, 747.89, 2412577, 2870, 0, 0
4542, 13, 1124, 1134, 1, 0, 4.38%, 0, 2, 11, 848.59, 2414657, 2870, 0, 0
4547, 13, 255, 1134, 1, 0, 4.38%, 0, 2, 11, 482.59, 2416434, 2870, 0, 0
4552, 13, 419, 1134, 1, 0, 4.38%, 0, 2, 11, 370.00, 2418095, 2870, 0, 0
4559, 13, 355, 1134, 1, 0, 4.38%, 0, 2, 11, 67.36, 2420849, 2870, 0, 0
4564, 13, 511, 1134, 1, 0, 4.38%, 0, 2, 11, 63.72, 2423362, 2870, 0, 0
4569, 13, 370, 1134, 1, 0, 4.38%, 0, 2, 11, 64.36, 2425931, 2870, 0, 0
4574, 13, 659, 1134, 1, 0, 4.38%, 0, 2, 11, 485.93, 2427526, 2870, 0, 0
4579, 13, 115, 1134, 1, 0, 4.38%, 0, 2, 11, 694.04, 2428775, 2870, 0, 0
4585, 13, 213, 1134, 1, 0, 4.38%, 0, 2, 11, 65.24, 2430539, 2870, 0, 0
4590, 13, 72, 1134, 1, 0, 4.38%, 0, 2, 11, 63.19, 2432900, 2870, 0, 0
4595, 13, 424, 1134, 1, 0, 4.38%, 0, 2, 11, 72.02, 2435376, 2870, 0, 0
4600, 13, 596, 1134, 1, 0, 4.38%, 0, 2, 11, 791.35, 2437083, 2870, 0, 0
4606, 13, 463, 1134, 1, 0, 4.38%, 0, 2, 11, 792.31, 2438985, 2870, 0, 0
4611, 13, 1085, 1134, 1, 0, 4.38%, 0, 2, 11, 65.45, 2440580, 2870, 0, 0
4616, 13, 871, 1134, 1, 0, 4.38%, 0, 2, 11, 118.68, 2442158, 2870, 0, 0
4621, 13, 808, 1134, 1, 0, 4.38%, 0, 2, 11, 59.32, 2444391, 2870, 0, 0
4626, 13, 154, 1134, 1, 0, 4.38%, 0, 2, 11, 718.15, 2446037, 2870, 0, 0
4631, 13, 697, 1134, 1, 0, 4.38%, 0, 2, 11, 768.17, 2447551, 2870, 0, 0
4637, 13, 670, 1134, 1, 0, 4.38%, 0, 2, 11, 65.29, 2449009, 2870, 0, 0
4642, 13, 814, 1134, 1, 0, 4.38%, 0, 2, 11, 61.53, 2451192, 2870, 0, 0
4647, 13, 909, 1134, 1, 0, 4.38%, 0, 2, 11, 61.85, 2453276, 2870, 0, 0
4652, 13, 644, 1134, 1, 0, 4.38%, 0, 2, 11, 754.07, 2455370, 2870, 0, 0
4658, 13, 823, 1134, 1, 0, 4.38%, 0, 2, 11, 791.79, 2457564, 2870, 0, 0
4664, 13, 890, 1134, 1, 0, 4.38%, 0, 2, 11, 560.59, 2459464, 2870, 0, 0
4669, 13, 396, 1134, 1, 0, 4.38%, 0, 2, 11, 568.17, 2460641, 2870, 0, 0
4674, 13, 644, 1134, 1, 0, 4.38%, 0, 2, 11, 66.12, 2462240, 2870, 0, 0
4679, 13, 913, 1134, 1, 0, 4.38%, 0, 2, 11, 119.35, 2464358, 2870, 0, 0
4684, 13, 77, 1134, 1, 0, 4.38%, 0, 2, 11, 68.90, 2466256, 2870, 0, 0
4689, 13, 77, 1134, 1, 0, 4.38%, 0, 2, 11, 108.70, 2468380, 2870, 0, 0
4695, 13, 697, 1134, 1, 0, 4.38%, 0, 2, 11, 799.36, 2469913, 2870, 0, 0
4700, 13, 801, 1134, 1, 0, 4.38%, 0, 2, 11, 815.92, 2471034, 2870, 0, 0
4705, 13, 909, 1134, 1, 0, 4.38%, 0, 2, 11, 66.04, 2472971, 2870, 0, 0
4710, 13, 208, 1134, 1, 0, 4.38%, 0, 2, 11, 59.31, 2474966, 2870, 0, 0
4715, 13, 603, 1134, 1, 0, 4.38%, 0, 2, 11, 64.03, 2476992, 2870, 0, 0
4720, 13, 659, 1134, 1, 0, 4.38%, 0, 2, 11, 511.61, 2479044, 2870, 0, 0
4725, 13, 84, 1134, 1, 0, 4.38%, 0, 2, 11, 726.95, 2480558, 2870, 0, 0
4730, 13, 696, 1134, 1, 0, 4.38%, 0, 2, 11, 639.46, 2481903, 2870, 0, 0
4735, 13, 1094, 1134, 1, 0, 4.38%, 0, 2, 11, 51.02, 2482508, 2870, 0, 0
4740, 14, 687, 1134, 1, 0, 4.38%, 0, 2, 11, 66.89, 2484378, 2870, 0, 0
4746, 14, 445, 1134, 1, 0, 4.38%, 0, 2, 11, 65.02, 2486422, 2870, 0, 0
4751, 14, 246, 1134, 1, 0, 4.38%, 0, 2, 11, 61.83, 2488316, 2870, 0, 0
4756, 14, 67, 1134, 1, 0, 4.38%, 0, 2, 11, 61.01, 2490285, 2870, 0, 0
4762, 14, 147, 1134, 1, 0, 4.38%, 0, 2, 11, 602.26, 2492344, 2870, 0, 0
4768, 14, 1084, 1134, 1, 0, 4.38%, 0, 2, 11, 704.93, 2493949, 2870, 0, 0
4773, 14, 253, 1134, 1, 0, 4.38%, 0, 2, 11, 746.60, 2495347, 2870, 0, 0
4778, 14, 1123, 1134, 1, 0, 4.38%, 0, 2, 11, 525.51, 2496534, 2870, 0, 0
4783, 14, 963, 1134, 1, 0, 4.38%, 0, 2, 11, 67.38, 2498340, 2870, 0, 0
4788, 14, 929, 1134, 1, 0, 4.38%, 0, 2, 11, 65.82, 2500116, 2870, 0, 0
4793, 14, 492, 1134, 1, 0, 4.38%, 0, 2, 11, 575.61, 2501626, 2870, 0, 0
4798, 14, 679, 1134, 1, 0, 4.38%, 0, 2, 11, 629.38, 2502604, 2870, 0, 0
4803, 14, 454, 1134, 1, 0, 4.38%, 0, 2, 11, 68.01, 2504536, 2870, 0, 0
4809, 14, 596, 1134, 1, 0, 4.38%, 0, 2, 11, 64.35, 2506615, 2870, 0, 0
4814, 14, 659, 1134, 1, 0, 4.38%, 0, 2, 11, 755.47, 2508771, 2870, 0, 0
4819, 14, 725, 1134, 1, 0, 4.38%, 0, 2, 11, 586.97, 2509630, 2870, 0, 0
4824, 14, 174, 1134, 1, 0, 4.38%, 0, 2, 11, 81.14, 2511281, 2870, 0, 0
4829, 14, 1007, 1134, 1, 0, 4.38%, 0, 2, 11, 67.33, 2513587, 2870, 0, 0
4834, 14, 674, 1134, 1, 0, 4.38%, 0, 2, 11, 759.64, 2515565, 2870, 0, 0
4839, 14, 696, 1135, 2, 0, 4.38%, 0, 2, 11, 757.06, 2516422, 2870, 0, 0
4844, 14, 1151, 1162, 27, 2, 4.38%, 0, 2, 11, 58.02, 2518193, 2872, 0, 0
4849, 14, 1132, 1164, 27, 1, 4.38%, 0, 2, 11, 61.18, 2520260, 2872, 0, 0
4855, 14, 163, 1164, 25, 0, 4.38%, 0, 2, 11, 612.97, 2522118, 2872, 0, 0
4860, 14, 386, 1164, 25, 0, 4.38%, 0, 2, 11, 740.51, 2522987, 2872, 0, 0
4865, 14, 1026, 1164, 25, 0, 4.38%, 0, 2, 11, 65.92, 2524251, 2872, 0, 0
4870, 14, 1141, 1164, 25, 0, 4.38%, 0, 2, 11, 89.67, 2526372, 2872, 0, 0
4875, 14, 113, 1164, 25, 0, 4.38%, 0, 2, 11, 65.72, 2528427, 2872, 0, 0
4880, 14, 825, 1164, 25, 0, 4.38%, 0, 2, 11, 743.44, 2530461, 2872, 0, 0
4885, 14, 825, 1164, 25, 0, 4.38%, 0, 2, 11, 670.14, 2531813, 2872, 0, 0
4890, 14, 1161, 1164, 25, 0, 4.38%, 0, 2, 11, 102.57, 2532933, 2872, 0, 0
4896, 14, 24, 1164, 25, 0, 4.38%, 0, 2, 11, 69.62, 2535170, 2872, 0, 0
4901, 14, 356, 1164, 25, 0, 4.38%, 0, 2, 11, 65.62, 2537289, 2872, 0, 0
4906, 14, 999, 1164, 25, 0, 4.38%, 0, 2, 11, 651.53, 2539060, 2872, 0, 0
4911, 14, 830, 1164, 24, 0, 4.38%, 0, 2, 11, 839.72, 2540332, 2872, 0, 0
4916, 14, 285, 1164, 23, 0, 4.38%, 0, 2, 11, 430.00, 2541564, 2872, 0, 0
4921, 14, 665, 1164, 23, 0, 4.38%, 0, 2, 11, 63.68, 2543512, 2872, 0, 0
4926, 14, 388, 1164, 23, 0, 4.38%, 0, 2, 11, 109.65, 2545517, 2872, 0, 0
4931, 14, 1139, 1164, 23, 0, 4.38%, 0, 2, 11, 84.97, 2547477, 2872, 0, 0
4937, 14, 1139, 1165, 24, 0, 4.38%, 0, 2, 11, 716.45, 2549368, 2872, 0, 0
4942, 14, 1142, 1165, 23, 0, 4.38%, 0, 2, 11, 848.12, 2550484, 2872, 0, 0
4947, 14, 1123, 1165, 22, 0, 4.38%, 0, 2, 11, 675.00, 2551680, 2872, 0, 0
4952, 14, 1150, 1165, 22, 0, 4.38%, 0, 2, 11, 65.48, 2553590, 2872, 0, 0
4957, 14, 553, 1165, 21, 0, 4.38%, 0, 2, 11, 55.81, 2555431, 2872, 0, 0
4962, 14, 746, 1165, 21, 0, 4.38%, 0, 2, 11, 66.91, 2557380, 2872, 0, 0
4967, 14, 643, 1165, 21, 0, 4.38%, 0, 2, 11, 59.95, 2558862, 2872, 0, 0
4972, 14, 1164, 1165, 21, 0, 4.38%, 0, 2, 11, 807.33, 2560325, 2872, 0, 0
4977, 14, 996, 1165, 20, 0, 4.38%, 0, 2, 11, 553.52, 2561606, 2872, 0, 0
4982, 14, 434, 1165, 20, 0, 4.38%, 0, 2, 11, 66.57, 2562939, 2872, 0, 0
4987, 14, 690, 1166, 21, 0, 4.38%, 0, 2, 11, 62.96, 2564914, 2872, 0, 0
4993, 14, 239, 1166, 21, 0, 4.38%, 0, 2, 11, 66.98, 2566823, 2872, 0, 0
4998, 14, 609, 1166, 20, 0, 4.38%, 0, 2, 11, 35.09, 2568635, 2872, 0, 0
5003, 14, 659, 1166, 20, 0, 4.38%, 0, 2, 11, 57.32, 2570625, 2872, 0, 0
5008, 14, 676, 1166, 20, 0, 4.38%, 0, 2, 11, 504.56, 2571859, 2872, 0, 0
5013, 14, 809, 1166, 20, 0, 4.38%, 0, 2, 11, 62.73, 2573081, 2872, 0, 0
5018, 14, 96, 1166, 20, 0, 4.38%, 0, 2, 11, 103.46, 2575108, 2872, 0, 0
5024, 14, 219, 1166, 19, 0, 4.38%, 0, 2, 11, 64.70, 2577134, 2872, 0, 0
5029, 14, 179, 1166, 19, 0, 4.38%, 0, 2, 11, 616.72, 2578923, 2872, 0, 0
5034, 14, 387, 1166, 19, 0, 4.38%, 0, 2, 11, 447.76, 2579995, 2872, 0, 0
5039, 14, 1136, 1166, 19, 0, 4.38%, 0, 2, 11, 73.84, 2581440, 2872, 0, 0
5044, 14, 1147, 1166, 18, 0, 4.38%, 0, 2, 11, 122.87, 2583555, 2872, 0, 0
5050, 14, 840, 1166, 17, 0, 4.38%, 0, 2, 11, 718.98, 2585546, 2872, 0, 0
5055, 14, 1158, 1166, 17, 0, 4.38%, 0, 2, 11, 827.38, 2587217, 2872, 0, 0
5060, 14, 1158, 1166, 17, 0, 4.38%, 0, 2, 11, 610.44, 2588033, 2872, 0, 0
5065, 14, 67, 1166, 16, 0, 4.38%, 0, 2, 11, 47.24, 2589254, 2872, 0, 0
5070, 14, 986, 1166, 16, 0, 4.38%, 0, 2, 11, 50.63, 2591194, 2872, 0, 0
5075, 14, 741, 1166, 16, 0, 4.38%, 0, 2, 11, 67.42, 2593044, 2872, 0, 0
5080, 14, 829, 1166, 16, 0, 4.38%, 0, 2, 11, 628.72, 2593996, 2872, 0, 0
5085, 14, 898, 1166, 16, 0, 4.38%, 0, 2, 11, 65.81, 2595140, 2872, 0, 0
5091, 14, 239, 1166, 16, 0, 4.38%, 0, 2, 11, 67.42, 2597275, 2872, 0, 0
5096, 14, 86, 1166, 16, 0, 4.38%, 0, 2, 11, 62.78, 2599109, 2872, 0, 0
5101, 14, 204, 1166, 16, 0, 4.38%, 0, 2, 11, 696.52, 2601101, 2872, 0, 0
5108, 14, 877, 1166, 16, 0, 4.38%, 0, 2, 11, 812.10, 2603156, 2872, 0, 0
5113, 14, 524, 1166, 15, 0, 4.38%, 0, 2, 11, 777.80, 2604700, 2872, 0, 0
5118, 14, 115, 1166, 15, 0, 4.38%, 0, 2, 11, 855.72, 2605759, 2872, 0, 0
5123, 14, 91, 1166, 15, 0, 4.38%, 0, 2, 11, 67.67, 2607614, 2872, 0, 0
5128, 14, 383, 1166, 14, 0, 4.38%, 0, 2, 11, 58.31, 2609579, 2872, 0, 0
5133, 14, 1055, 1166, 14, 0, 4.38%, 0, 2, 11, 69.49, 2611495, 2872, 0, 0
5138, 14, 542, 1167, 15, 0, 4.38%, 0, 2, 11, 138.61, 2613470, 2872, 0, 0
5143, 14, 127, 1167, 15, 0, 4.38%, 0, 2, 11, 520.95, 2615059, 2872, 0, 0
5149, 14, 1110, 1167, 15, 0, 4.38%, 0, 2, 11, 788.28, 2616233, 2872, 0, 0
5154, 14, 1013, 1167, 15, 0, 4.38%, 0, 2, 11, 65.18, 2617967, 2872, 0, 0
5159, 14, 687, 1167, 15, 0, 4.38%, 0, 2, 11, 65.88, 2619906, 2872, 0, 0
5164, 14, 1163, 1167, 15, 0, 4.38%, 0, 2, 11, 61.61, 2621729, 2872, 0, 0
5169, 14, 809, 1167, 14, 0, 4.38%, 0, 2, 11, 64.22, 2623826, 2872, 0, 0
5174, 14, 752, 1167, 14, 0, 4.38%, 0, 2, 11, 677.37, 2625486, 2872, 0, 0
5180, 14, 1110, 1167, 14, 0, 4.38%, 0, 2, 11, 839.87, 2626916, 2872, 0, 0
5185, 14, 545, 1167, 14, 0, 4.38%, 0, 2, 11, 775.00, 2628276, 2872, 0, 0
5190, 14, 808, 1168, 15, 0, 4.38%, 0, 2, 11, 66.35, 2629893, 2872, 0, 0
5195, 14, 609, 1168, 15, 0, 4.38%, 0, 2, 11, 64.47, 2631754, 2872, 0, 0
5200, 14, 987, 1168, 14, 0, 4.38%, 0, 2, 11, 68.31, 2633516, 2872, 0, 0
5205, 14, 507, 1168, 14, 0, 4.38%, 0, 2, 11, 101.13, 2635483, 2872, 0, 0
5210, 14, 1157, 1168, 14, 0, 4.38%, 0, 2, 11, 557.49, 2636747, 2872, 0, 0
5217, 14, 1157, 1168, 14, 0, 4.38%, 0, 2, 11, 511.52, 2638279, 2872, 0, 0
5222, 14, 306, 1168, 13, 0, 4.38%, 0, 2, 11, 769.34, 2639796, 2872, 0, 0
5228, 14, 133, 1168, 13, 0, 4.38%, 0, 2, 11, 578.75, 2640603, 2872, 0, 0
5233, 14, 1161, 1168, 13, 0, 4.38%, 0, 2, 11, 65.97, 2642408, 2872, 0, 0
5238, 14, 219, 1168, 12, 0, 4.38%, 0, 2, 11, 65.47, 2644526, 2872, 0, 0
5243, 14, 1166, 1169, 13, 0, 4.38%, 0, 2, 11, 790.43, 2646529, 2872, 0, 0
5248, 14, 579, 1169, 12, 0, 4.38%, 0, 2, 11, 818.19, 2647398, 2872, 0, 0
5254, 14, 920, 1169, 12, 0, 4.38%, 0, 2, 11, 64.91, 2649129, 2872, 0, 0
5259, 14, 671, 1169, 12, 0, 4.38%, 0, 2, 11, 68.85, 2650992, 2872, 0, 0
5264, 14, 338, 1169, 12, 0, 4.38%, 0, 2, 11, 43.37, 2652938, 2872, 0, 0
5269, 14, 12, 1169, 12, 0, 4.38%, 0, 2, 11, 826.20, 2654664, 2872, 0, 0
5275, 14, 101, 1169, 12, 0, 4.38%, 0, 2, 11, 610.81, 2655636, 2872, 0, 0
5280, 14, 1013, 1169, 12, 0, 4.38%, 0, 2, 11, 66.45, 2657545, 2872, 0, 0
5285, 14, 407, 1169, 12, 0, 4.38%, 0, 2, 11, 62.18, 2659572, 2872, 0, 0
5290, 14, 500, 1169, 11, 0, 4.38%, 0, 2, 11, 47.62, 2661359, 2872, 0, 0
5295, 14, 999, 1169, 11, 0, 4.38%, 0, 2, 11, 818.47, 2662535, 2872, 0, 0
5300, 14, 96, 1169, 11, 0, 4.38%, 0, 2, 11, 67.56, 2663558, 2872, 0, 0
5305, 14, 1018, 1169, 11, 0, 4.38%, 0, 2, 11, 61.01, 2665653, 2872, 0, 0
5311, 15, 510, 1169, 10, 0, 4.38%, 0, 2, 11, 64.20, 2667665, 2872, 0, 0
5316, 15, 511, 1169, 10, 0, 4.38%, 0, 2, 11, 806.57, 2668906, 2872, 0, 0
5321, 15, 929, 1169, 10, 0, 4.38%, 0, 2, 11, 815.00, 2670173, 2872, 0, 0
5326, 15, 939, 1169, 10, 0, 4.38%, 0, 2, 11, 57.18, 2671910, 2872, 0, 0
5331, 15, 671, 1169, 9, 0, 4.38%, 0, 2, 11, 65.95, 2674065, 2872, 0, 0
5336, 15, 101, 1169, 9, 0, 4.38%, 0, 2, 11, 767.72, 2676181, 2872, 0, 0
5341, 15, 929, 1169, 9, 0, 4.38%, 0, 2, 11, 756.54, 2677193, 2872, 0, 0
5347, 15, 909, 1169, 9, 0, 4.38%, 0, 2, 11, 76.02, 2678545, 2872, 0, 0
5352, 15, 1156, 1169, 9, 0, 4.38%, 0, 2, 11, 44.36, 2680224, 2872, 0, 0
5357, 15, 1156, 1169, 9, 0, 4.38%, 0, 2, 11, 46.43, 2681722, 2872, 0, 0
5362, 15, 1022, 1169, 8, 0, 4.38%, 0, 2, 11, 57.58, 2683642, 2872, 0, 0
5367, 15, 595, 1169, 8, 0, 4.38%, 0, 2, 11, 119.11, 2685619, 2872, 0, 0
5372, 15, 1168, 1169, 8, 0, 4.38%, 0, 2, 11, 476.90, 2687089, 2872, 0, 0
5377, 15, 1143, 1169, 7, 0, 4.38%, 0, 2, 11, 630.26, 2688295, 2872, 0, 0
5382, 15, 711, 1169, 6, 0, 4.38%, 0, 2, 11, 65.07, 2689752, 2872, 0, 0
5387, 15, 657, 1169, 6, 0, 4.38%, 0, 2, 11, 62.51, 2691663, 2872, 0, 0
5393, 15, 415, 1169, 6, 0, 4.38%, 0, 2, 11, 116.14, 2693780, 2872, 0, 0
5398, 15, 149, 1169, 6, 0, 4.38%, 0, 2, 11, 67.91, 2695705, 2872, 0, 0
5403, 15, 340, 1169, 6, 0, 4.38%, 0, 2, 11, 128.76, 2697745, 2872, 0, 0
5408, 15, 700, 1169, 6, 0, 4.38%, 0, 2, 11, 592.04, 2699004, 2872, 0, 0
5413, 15, 804, 1169, 6, 0, 4.38%, 0, 2, 11, 579.84, 2700215, 2872, 0, 0
5418, 15, 387, 1169, 6, 0, 4.38%, 0, 2, 11, 825.43, 2702771, 2872, 0, 0
5425, 15, 710, 1169, 6, 0, 4.38%, 0, 2, 11, 711.66, 2706615, 2872, 0, 0
5430, 15, 277, 1169, 6, 0, 4.38%, 0, 2, 11, 738.40, 2710488, 2872, 0, 0
5435, 15, 111, 1169, 6, 0, 4.38%, 0, 2, 11, 747.33, 2714270, 2872, 0, 0
5440, 15, 457, 1169, 6, 0, 4.38%, 0, 2, 11, 676.35, 2717517, 2872, 0, 0
5445, 15, 173, 1169, 6, 0, 4.38%, 0, 2, 11, 645.10, 2720803, 2872, 0, 0
5450, 15, 850, 1169, 6, 0, 4.38%, 0, 2, 11, 633.46, 2723973, 2872, 0, 0
5455, 15, 424, 1169, 6, 0, 4.38%, 0, 2, 11, 706.30, 2727554, 2872, 0, 0
5461, 15, 829, 1170, 7, 0, 4.38%, 0, 2, 11, 735.36, 2731365, 2872, 0, 0
5466, 15, 202, 1170, 7, 0, 4.38%, 0, 2, 11, 747.11, 2735133, 2872, 0, 0
5471, 15, 679, 1170, 7, 0, 4.38%, 0, 2, 11, 693.95, 2738403, 2872, 0, 0
5476, 15, 686, 1170, 7, 0, 4.38%, 0, 2, 11, 702.35, 2741832, 2872, 0, 0
5481, 15, 174, 1170, 7, 0, 4.38%, 0, 2, 11, 749.49, 2745736, 2872, 0, 0
5486, 15, 396, 1170, 7, 0, 4.38%, 0, 2, 11, 741.06, 2749403, 2872, 0, 0
5491, 15, 589, 1170, 7, 0, 4.38%, 0, 2, 11, 751.37, 2753071, 2872, 0, 0
5496, 15, 1169, 1170, 7, 0, 4.38%, 0, 2, 11, 735.68, 2756747, 2872, 0, 0
5501, 15, 124, 1170, 6, 0, 4.38%, 0, 2, 11, 743.04, 2760461, 2872, 0, 0
5506, 15, 589, 1170, 5, 0, 4.38%, 0, 2, 11, 725.90, 2764215, 2872, 0, 0
5512, 15, 853, 1170, 5, 0, 4.38%, 0, 2, 11, 719.97, 2768027, 2872, 0, 0
5517, 15, 1123, 1170, 4, 0, 4.38%, 0, 2, 11, 660.82, 2771400, 2872, 0, 0
5522, 15, 434, 1170, 4, 0, 4.38%, 0, 2, 11, 763.73, 2775516, 2872, 0, 0
5527, 15, 1103, 1170, 4, 0, 4.38%, 0, 2, 11, 770.99, 2779575, 2872, 0, 0
5532, 15, 253, 1170, 4, 0, 4.38%, 0, 2, 11, 784.16, 2783535, 2872, 0, 0
5537, 15, 827, 1170, 3, 0, 4.38%, 0, 2, 11, 737.90, 2787238, 2872, 0, 0
5542, 15, 136, 1171, 3, 0, 4.39%, 0, 2, 11, 781.00, 2791242, 2874, 0, 0
5547, 15, 939, 1171, 3, 0, 4.39%, 0, 2, 11, 782.84, 2795197, 2874, 0, 0
5552, 15, 249, 1171, 3, 0, 4.39%, 0, 2, 11, 791.41, 2799201, 2874, 0, 0
5557, 15, 809, 1171, 3, 0, 4.39%, 0, 2, 11, 733.51, 2802953, 2874, 0, 0
5562, 15, 728, 1171, 3, 0, 4.39%, 0, 2, 11, 764.97, 2806788, 2874, 0, 0
5567, 15, 275, 1171, 3, 0, 4.39%, 0, 2, 11, 767.72, 2810703, 2874, 0, 0
5573, 15, 1089, 1171, 3, 0, 4.39%, 0, 2, 11, 752.14, 2814458, 2874, 0, 0
5578, 15, 132, 1171, 3, 0, 4.39%, 0, 2, 11, 720.61, 2818145, 2874, 0, 0
5583, 15, 755, 1171, 3, 0, 4.39%, 0, 2, 11, 755.52, 2822017, 2874, 0, 0
5588, 15, 53, 1171, 3, 0, 4.39%, 0, 2, 11, 797.80, 2826052, 2874, 0, 0
5593, 16, 1128, 1171, 3, 0, 4.39%, 0, 2, 11, 749.83, 2829826, 2874, 0, 0
5598, 16, 723, 1171, 3, 0, 4.39%, 0, 2, 11, 725.14, 2833459, 2874, 0, 0
5603, 16, 545, 1171, 3, 0, 4.39%, 0, 2, 11, 729.36, 2837225, 2874, 0, 0
5608, 16, 612, 1171, 3, 0, 4.39%, 0, 2, 11, 748.24, 2841035, 2874, 0, 0
5613, 16, 56, 1171, 3, 0, 4.39%, 0, 2, 11, 741.10, 2844547, 2874, 0, 0
5618, 16, 356, 1171, 3, 0, 4.39%, 0, 2, 11, 780.33, 2848690, 2874, 0, 0
5623, 16, 879, 1171, 3, 0, 4.39%, 0, 2, 11, 775.60, 2852450, 2874, 0, 0
5629, 16, 84, 1171, 3, 0, 4.39%, 0, 2, 11, 792.40, 2856584, 2874, 0, 0
5634, 16, 1083, 1171, 3, 0, 4.39%, 0, 2, 11, 787.07, 2860272, 2874, 0, 0
5639, 16, 492, 1171, 3, 0, 4.39%, 0, 2, 11, 775.76, 2864102, 2874, 0, 0
5644, 16, 233, 1171, 3, 0, 4.39%, 0, 2, 11, 771.91, 2867902, 2874, 0, 0
5649, 16, 827, 1171, 3, 0, 4.39%, 0, 2, 11, 782.09, 2871946, 2874, 0, 0
5654, 16, 1012, 1171, 3, 0, 4.39%, 0, 2, 11, 736.81, 2875631, 2874, 0, 0
5659, 16, 475, 1171, 3, 0, 4.39%, 0, 2, 11, 736.15, 2879317, 2874, 0, 0
5664, 16, 1127, 1171, 3, 0, 4.39%, 0, 2, 11, 740.13, 2883214, 2874, 0, 0
5669, 16, 283, 1171, 3, 0, 4.39%, 0, 2, 11, 718.30, 2886890, 2874, 0, 0
5674, 16, 424, 1171, 2, 0, 4.39%, 0, 2, 11, 688.02, 2890444, 2874, 0, 0
5680, 16, 929, 1171, 1, 0, 4.39%, 0, 2, 11, 721.19, 2894122, 2874, 0, 0
5685, 16, 424, 1172, 2, 0, 4.39%, 0, 2, 11, 727.67, 2897757, 2874, 0, 0
5690, 16, 140, 1172, 2, 0, 4.39%, 0, 2, 11, 772.69, 2901797, 2874, 0, 0
5695, 16, 257, 1172, 2, 0, 4.39%, 0, 2, 11, 793.45, 2905814, 2874, 0, 0
5700, 16, 283, 1172, 2, 0, 4.39%, 0, 2, 11, 784.46, 2909739, 2874, 0, 0
5705, 16, 676, 1172, 1, 0, 4.39%, 0, 2, 11, 785.08, 2913410, 2874, 0, 0
5710, 16, 645, 1172, 1, 0, 4.39%, 0, 2, 11, 733.47, 2917326, 2874, 0, 0
5715, 16, 1138, 1172, 1, 0, 4.39%, 0, 2, 11, 763.41, 2921026, 2874, 0, 0
5720, 16, 670, 1172, 1, 0, 4.39%, 0, 2, 11, 759.32, 2924838, 2874, 0, 0
5726, 16, 53, 1172, 1, 0, 4.39%, 0, 2, 11, 725.57, 2928590, 2874, 0, 0
5731, 16, 637, 1172, 1, 0, 4.39%, 0, 2, 11, 737.39, 2932979, 2874, 0, 0
5736, 16, 644, 1172, 1, 0, 4.39%, 0, 2, 11, 788.30, 2936974, 2874, 0, 0
5742, 16, 654, 1172, 1, 0, 4.39%, 0, 2, 11, 786.07, 2940924, 2874, 0, 0
5747, 16, 121, 1172, 1, 0, 4.39%, 0, 2, 11, 850.00, 2943953, 2874, 0, 0
5752, 16, 383, 1172, 1, 0, 4.39%, 0, 2, 11, 791.37, 2947819, 2874, 0, 0
5757, 16, 383, 1172, 1, 0, 4.39%, 0, 2, 11, 785.12, 2951524, 2874, 0, 0
5762, 16, 413, 1172, 1, 0, 4.39%, 0, 2, 11, 819.34, 2955273, 2874, 0, 0
5767, 16, 154, 1172, 1, 0, 4.39%, 0, 2, 11, 794.63, 2958851, 2874, 0, 0
5772, 16, 609, 1172, 1, 0, 4.39%, 0, 2, 11, 760.80, 2962376, 2874, 0, 0
5777, 16, 739, 1172, 1, 0, 4.39%, 0, 2, 11, 138.30, 2965505, 2874, 0, 0
5782, 16, 413, 1172, 1, 0, 4.39%, 0, 2, 11, 782.15, 2969150, 2874, 0, 0
5787, 16, 138, 1172, 1, 0, 4.39%, 0, 2, 11, 744.22, 2971774, 2874, 0, 0
5792, 16, 154, 1172, 1, 0, 4.39%, 0, 2, 11, 686.49, 2975142, 2874, 0, 0
5797, 16, 138, 1172, 1, 0, 4.39%, 0, 2, 11, 736.03, 2978940, 2874, 0, 0
5802, 16, 752, 1172, 1, 0, 4.39%, 0, 2, 11, 745.02, 2982585, 2874, 0, 0
5808, 16, 101, 1172, 1, 0, 4.39%, 0, 2, 11, 702.86, 2986119, 2874, 0, 0
5813, 17, 143, 1172, 1, 0, 4.39%, 0, 2, 11, 690.11, 2989452, 2874, 0, 0
5818, 17, 1170, 1173, 2, 0, 4.39%, 0, 2, 11, 736.15, 2992872, 2876, 0, 0
5824, 17, 1077, 1173, 1, 0, 4.39%, 0, 2, 11, 593.90, 2997387, 2876, 0, 0
5830, 17, 363, 1173, 1, 0, 4.39%, 0, 2, 11, 842.19, 3001003, 2876, 0, 0
5835, 17, 65, 1173, 1, 0, 4.39%, 0, 2, 11, 812.06, 3004794, 2876, 0, 0
5840, 17, 820, 1173, 1, 0, 4.39%, 0, 2, 11, 628.06, 3008160, 2876, 0, 0
5845, 17, 92, 1173, 1, 0, 4.39%, 0, 2, 11, 666.67, 3011575, 2876, 0, 0
5850, 17, 645, 1173, 1, 0, 4.39%, 0, 2, 11, 733.94, 3015451, 2876, 0, 0
5855, 17, 829, 1173, 1, 0, 4.39%, 0, 2, 11, 745.30, 3019339, 2876, 0, 0
5861, 17, 914, 1173, 1, 0, 4.39%, 0, 2, 11, 756.63, 3023464, 2876, 0, 0
5866, 17, 388, 1173, 1, 0, 4.39%, 0, 2, 11, 847.01, 3026949, 2876, 0, 0
5871, 17, 915, 1173, 1, 0, 4.39%, 0, 2, 11, 671.17, 3030831, 2876, 0, 0
5876, 17, 457, 1173, 1, 0, 4.39%, 0, 2, 11, 754.33, 3034642, 2876, 0, 0
5881, 17, 830, 1173, 1, 0, 4.39%, 0, 2, 11, 718.82, 3038069, 2876, 0, 0
5886, 17, 1110, 1173, 1, 0, 4.39%, 0, 2, 11, 757.21, 3041395, 2876, 0, 0
5891, 17, 383, 1173, 1, 0, 4.39%, 0, 2, 11, 786.41, 3045261, 2876, 0, 0
5896, 17, 508, 1173, 1, 0, 4.39%, 0, 2, 11, 734.12, 3048746, 2876, 0, 0
5902, 17, 808, 1173, 1, 0, 4.39%, 0, 2, 11, 772.37, 3052461, 2876, 0, 0
5907, 17, 665, 1173, 1, 0, 4.39%, 0, 2, 11, 755.26, 3056229, 2876, 0, 0
5912, 17, 66, 1173, 1, 0, 4.39%, 0, 2, 11, 364.48, 3059539, 2876, 0, 0
5917, 17, 665, 1173, 1, 0, 4.39%, 0, 2, 11, 504.02, 3062995, 2876, 0, 0
5922, 17, 511, 1173, 1, 0, 4.39%, 0, 2, 11, 681.30, 3066584, 2876, 0, 0
5927, 17, 427, 1173, 1, 0, 4.39%, 0, 2, 11, 747.54, 3070394, 2876, 0, 0
5932, 17, 356, 1173, 1, 0, 4.39%, 0, 2, 11, 727.27, 3073982, 2876, 0, 0
5937, 17, 152, 1173, 1, 0, 4.39%, 0, 2, 11, 800.57, 3077815, 2876, 0, 0
5942, 17, 154, 1173, 1, 0, 4.39%, 0, 2, 11, 731.11, 3081304, 2876, 0, 0
5949, 17, 412, 1173, 1, 0, 4.39%, 0, 2, 11, 727.62, 3086155, 2876, 0, 0
5955, 17, 89, 1173, 1, 0, 4.39%, 0, 2, 11, 654.36, 3090079, 2876, 0, 0
5960, 17, 1090, 1173, 1, 0, 4.39%, 0, 2, 11, 768.26, 3093630, 2876, 0, 0
5965, 17, 898, 1173, 1, 0, 4.39%, 0, 2, 11, 750.32, 3097333, 2876, 0, 0
5970, 17, 665, 1173, 1, 0, 4.39%, 0, 2, 11, 854.85, 3100923, 2876, 0, 0
5977, 17, 835, 1173, 1, 0, 4.39%, 0, 2, 11, 791.44, 3105959, 2876, 0, 0
5982, 17, 1115, 1173, 1, 0, 4.39%, 0, 2, 11, 749.90, 3109712, 2876, 0, 0
5987, 17, 318, 1173, 1, 0, 4.39%, 0, 2, 11, 815.93, 3113248, 2876, 0, 0
5992, 17, 356, 1173, 1, 0, 4.39%, 0, 2, 11, 833.79, 3116866, 2876, 0, 0
5997, 17, 1172, 1173, 1, 0, 4.39%, 0, 2, 11, 697.43, 3120704, 2876, 0, 0
6003, 17, 643, 1173, 1, 0, 4.39%, 0, 2, 11, 779.29, 3123805, 2876, 0, 0
6008, 17, 154, 1173, 1, 0, 4.39%, 0, 2, 11, 61.90, 3126507, 2876, 0, 0
6013, 17, 1060, 1173, 1, 0, 4.39%, 0, 2, 11, 66.26, 3126854, 2876, 0, 0
6018, 17, 119, 1173, 1, 0, 4.39%, 0, 2, 11, 68.17, 3130374, 2876, 0, 0
6023, 17, 375, 1173, 1, 0, 4.39%, 0, 2, 11, 716.73, 3131740, 2876, 0, 0
6028, 17, 808, 1173, 1, 0, 4.39%, 0, 2, 11, 717.53, 3133959, 2876, 0, 0
6033, 17, 690, 1173, 1, 0, 4.39%, 0, 2, 11, 621.02, 3136264, 2876, 0, 0
6038, 17, 283, 1173, 1, 0, 4.39%, 0, 2, 11, 847.58, 3138353, 2876, 0, 0
6043, 17, 213, 1200, 28, 0, 4.39%, 0, 2, 11, 49.63, 3140529, 2876, 0, 0
6049, 17, 519, 1200, 28, 0, 4.39%, 0, 2, 11, 730.13, 3143343, 2876, 0, 0
6054, 17, 25, 1200, 27, 0, 4.39%, 0, 2, 11, 123.74, 3146136, 2876, 0, 0
6059, 17, 1172, 1200, 26, 0, 4.39%, 0, 2, 11, 705.54, 3148388, 2876, 0, 0
6064, 18, 1191, 1200, 26, 0, 4.39%, 0, 2, 11, 524.36, 3150293, 2876, 0, 0
6069, 18, 1191, 1200, 26, 0, 4.39%, 0, 2, 11, 357.41, 3151302, 2876, 0, 0
6074, 18, 1191, 1200, 26, 0, 4.39%, 0, 2, 11, 36.96, 3152614, 2876, 0, 0
6079, 18, 624, 1202, 27, 0, 4.39%, 0, 2, 11, 44.87, 3153863, 2876, 0, 0
6085, 18, 1167, 1202, 27, 0, 4.39%, 0, 2, 11, 532.75, 3156185, 2876, 0, 0
6090, 18, 1189, 1202, 27, 0, 4.39%, 0, 2, 11, 799.58, 3158708, 2876, 0, 0
6095, 18, 1177, 1202, 26, 0, 4.39%, 0, 2, 11, 569.62, 3160350, 2876, 0, 0
6100, 18, 424, 1202, 25, 0, 4.39%, 0, 2, 11, 581.28, 3161641, 2876, 0, 0
6105, 18, 755, 1202, 25, 0, 4.39%, 0, 2, 11, 770.00, 3163296, 2876, 0, 0
6110, 18, 524, 1202, 24, 0, 4.39%, 0, 2, 11, 101.53, 3165516, 2876, 0, 0
6115, 18, 594, 1202, 24, 0, 4.39%, 0, 2, 11, 67.17, 3167828, 2876, 0, 0
6121, 18, 492, 1202, 23, 0, 4.39%, 0, 2, 11, 616.23, 3170135, 2876, 0, 0
6126, 18, 1187, 1202, 23, 0, 4.39%, 0, 2, 11, 564.78, 3171447, 2876, 0, 0
6131, 18, 388, 1202, 22, 0, 4.39%, 0, 2, 11, 819.89, 3172722, 2876, 0, 0
6136, 18, 754, 1202, 22, 0, 4.39%, 0, 2, 11, 62.52, 3174700, 2876, 0, 0
6141, 18, 740, 1202, 20, 0, 4.39%, 0, 2, 11, 63.37, 3176927, 2876, 0, 0
6146, 18, 204, 1202, 20, 0, 4.39%, 0, 2, 11, 73.23, 3179148, 2876, 0, 0
6151, 18, 1186, 1202, 20, 0, 4.39%, 0, 2, 11, 649.07, 3180935, 2876, 0, 0
6156, 18, 1186, 1202, 20, 0, 4.39%, 0, 2, 11, 348.00, 3181640, 2876, 0, 0
6161, 18, 1186, 1202, 20, 0, 4.39%, 0, 2, 11, 33.68, 3182516, 2876, 0, 0
6167, 18, 825, 1202, 19, 0, 4.39%, 0, 2, 11, 66.83, 3183990, 2876, 0, 0
6172, 18, 1060, 1202, 19, 0, 4.39%, 0, 2, 11, 67.18, 3186248, 2876, 0, 0
6178, 18, 1180, 1202, 19, 0, 4.39%, 0, 2, 11, 829.47, 3188465, 2876, 0, 0
6183, 18, 686, 1202, 18, 0, 4.39%, 0, 2, 11, 766.54, 3189865, 2876, 0, 0
6188, 18, 1188, 1202, 18, 0, 4.39%, 0, 2, 11, 613.82, 3190946, 2876, 0, 0
6193, 18, 1175, 1202, 17, 0, 4.39%, 0, 2, 11, 49.24, 3192486, 2876, 0, 0
6198, 18, 1175, 1202, 17, 0, 4.39%, 0, 2, 11, 52.11, 3194049, 2876, 0, 0
6203, 18, 149, 1202, 15, 0, 4.39%, 0, 2, 11, 51.37, 3196134, 2876, 0, 0
6208, 18, 999, 1202, 14, 0, 4.39%, 0, 2, 11, 59.11, 3198097, 2876, 0, 0
6214, 18, 1087, 1202, 14, 0, 4.39%, 0, 2, 11, 769.81, 3200007, 2876, 0, 0
6219, 18, 1201, 1202, 14, 0, 4.39%, 0, 2, 11, 475.25, 3201472, 2876, 0, 0
6224, 18, 1201, 1202, 14, 0, 4.39%, 0, 2, 11, 549.76, 3202240, 2876, 0, 0
6229, 18, 1201, 1202, 14, 0, 4.39%, 0, 2, 11, 35.05, 3203094, 2876, 0, 0
6234, 18, 676, 1202, 13, 0, 4.39%, 0, 2, 11, 63.07, 3204910, 2876, 0, 0
6240, 18, 1114, 1202, 13, 0, 4.39%, 0, 2, 11, 54.94, 3206731, 2876, 0, 0
6245, 18, 499, 1202, 12, 0, 4.39%, 0, 2, 11, 64.72, 3208758, 2876, 0, 0
6250, 18, 107, 1202, 12, 0, 4.39%, 0, 2, 11, 557.41, 3210690, 2876, 0, 0
6256, 18, 559, 1202, 12, 0, 4.39%, 0, 2, 11, 828.24, 3212734, 2876, 0, 0
6261, 18, 585, 1202, 12, 0, 4.39%, 0, 2, 11, 578.27, 3213858, 2876, 0, 0
6266, 18, 93, 1202, 12, 0, 4.39%, 0, 2, 11, 497.88, 3215164, 2876, 0, 0
6271, 18, 400, 1202, 12, 0, 4.39%, 0, 2, 11, 66.83, 3216660, 2876, 0, 0
6276, 18, 1181, 1202, 12, 0, 4.39%, 0, 2, 11, 57.99, 3218558, 2876, 0, 0
6281, 18, 413, 1202, 10, 0, 4.39%, 0, 2, 11, 67.76, 3220773, 2876, 0, 0
6286, 18, 1159, 1202, 10, 0, 4.39%, 0, 2, 11, 694.12, 3222400, 2876, 0, 0
6292, 18, 285, 1202, 9, 0, 4.39%, 0, 2, 11, 543.94, 3223429, 2876, 0, 0
6297, 18, 739, 1202, 9, 0, 4.39%, 0, 2, 11, 64.26, 3224902, 2876, 0, 0
6302, 18, 1096, 1202, 9, 0, 4.39%, 0, 2, 11, 67.38, 3227257, 2876, 0, 0
6307, 18, 1192, 1202, 9, 0, 4.39%, 0, 2, 11, 694.88, 3229093, 2876, 0, 0
6312, 18, 143, 1202, 8, 0, 4.39%, 0, 2, 11, 777.50, 3230019, 2876, 0, 0
6317, 18, 738, 1202, 8, 0, 4.39%, 0, 2, 11, 66.59, 3231485, 2876, 0, 0
6322, 18, 427, 1202, 7, 0, 4.39%, 0, 2, 11, 64.34, 3233569, 2876, 0, 0
6327, 18, 645, 1202, 7, 0, 4.39%, 0, 2, 11, 66.07, 3235604, 2876, 0, 0
6333, 18, 545, 1202, 7, 0, 4.39%, 0, 2, 11, 662.87, 3237415, 2876, 0, 0
6338, 18, 95, 1202, 7, 0, 4.39%, 0, 2, 11, 663.27, 3238349, 2876, 0, 0
6343, 18, 935, 1202, 7, 0, 4.39%, 0, 2, 11, 61.42, 3239961, 2876, 0, 0
6348, 18, 12, 1202, 7, 0, 4.39%, 0, 2, 11, 109.36, 3242049, 2876, 0, 0
6353, 18, 1200, 1202, 7, 0, 4.39%, 0, 2, 11, 33.58, 3243648, 2876, 0, 0
6358, 18, 1200, 1202, 7, 0, 4.39%, 0, 2, 11, 388.17, 3244473, 2876, 0, 0
6363, 18, 1200, 1202, 7, 0, 4.39%, 0, 2, 11, 35.61, 3245026, 2876, 0, 0
6368, 18, 619, 1202, 5, 0, 4.39%, 0, 2, 11, 80.48, 3246959, 2876, 0, 0
6373, 18, 876, 1202, 5, 0, 4.39%, 0, 2, 11, 111.69, 3249110, 2876, 0, 0
6379, 18, 755, 1202, 5, 0, 4.39%, 0, 2, 11, 720.82, 3251270, 2876, 0, 0
6384, 18, 1190, 1202, 5, 0, 4.39%, 0, 2, 11, 381.42, 3252113, 2876, 0, 0
6389, 18, 1190, 1202, 5, 0, 4.39%, 0, 2, 11, 49.47, 3252867, 2876, 0, 0
6394, 18, 1190, 1202, 5, 0, 4.39%, 0, 2, 11, 43.11, 3254082, 2876, 0, 0
6399, 18, 671, 1202, 4, 0, 4.39%, 0, 2, 11, 90.36, 3256286, 2876, 0, 0
6404, 18, 1184, 1202, 4, 0, 4.39%, 0, 2, 11, 622.78, 3258241, 2876, 0, 0
6409, 18, 1184, 1202, 4, 0, 4.39%, 0, 2, 11, 302.15, 3259269, 2876, 0, 0
6414, 18, 285, 1202, 3, 0, 4.39%, 0, 2, 11, 67.31, 3260660, 2876, 0, 0
6419, 18, 219, 1202, 3, 0, 4.39%, 0, 2, 11, 68.02, 3262672, 2876, 0, 0
6425, 18, 386, 1202, 3, 0, 4.39%, 0, 2, 11, 66.70, 3264615, 2876, 0, 0
6430, 18, 1084, 1202, 3, 0, 4.39%, 0, 2, 11, 67.18, 3266616, 2876, 0, 0
6435, 18, 827, 1202, 3, 0, 4.39%, 0, 2, 11, 765.76, 3268427, 2876, 0, 0
6442, 18, 1173, 1202, 3, 0, 4.39%, 0, 2, 11, 714.52, 3270470, 2876, 0, 0
6447, 18, 1173, 1202, 2, 0, 4.39%, 0, 2, 11, 612.21, 3272211, 2876, 0, 0
6452, 18, 1193, 1202, 2, 0, 4.39%, 0, 2, 11, 679.47, 3273504, 2876, 0, 0
6457, 18, 545, 1202, 1, 0, 4.39%, 0, 2, 11, 731.34, 3274815, 2876, 0, 0
6462, 18, 834, 1202, 1, 0, 4.39%, 0, 2, 11, 63.10, 3276371, 2876, 0, 0
6467, 18, 214, 1202, 1, 0, 4.39%, 0, 2, 11, 67.61, 3278308, 2876, 0, 0
6472, 18, 1186, 1202, 1, 0, 4.39%, 0, 2, 11, 58.60, 3280069, 2876, 0, 0
6477, 18, 827, 1202, 1, 0, 4.39%, 0, 2, 11, 89.06, 3281967, 2876, 0, 0
6483, 18, 925, 1202, 1, 0, 4.39%, 0, 2, 11, 541.76, 3283924, 2876, 0, 0
6489, 18, 129, 1202, 1, 0, 4.39%, 0, 2, 11, 571.60, 3285726, 2876, 0, 0
6494, 18, 970, 1202, 1, 0, 4.39%, 0, 2, 11, 806.45, 3286988, 2876, 0, 0
6499, 18, 1172, 1202, 1, 0, 4.39%, 0, 2, 11, 708.82, 3288514, 2876, 0, 0
6504, 18, 1143, 1202, 1, 0, 4.39%, 0, 2, 11, 46.89, 3289481, 2876, 0, 0
6509, 18, 820, 1203, 1, 0, 4.39%, 0, 2, 11, 108.61, 3291575, 2876, 0, 0
6514, 18, 697, 1203, 1, 0, 4.39%, 0, 2, 11, 70.56, 3293850, 2876, 0, 0
6520, 18, 665, 1203, 1, 0, 4.39%, 0, 2, 11, 811.97, 3295438, 2876, 0, 0
6525, 18, 649, 1203, 1, 0, 4.39%, 0, 2, 11, 347.11, 3296969, 2876, 0, 0
6531, 18, 687, 1203, 1, 0, 4.39%, 0, 2, 11, 67.40, 3298608, 2876, 0, 0
6536, 18, 116, 1203, 1, 0, 4.39%, 0, 2, 11, 55.81, 3300863, 2876, 0, 0
6541, 18, 427, 1203, 1, 0, 4.39%, 0, 2, 11, 846.61, 3303142, 2876, 0, 0
6548, 18, 1008, 1203, 1, 0, 4.39%, 0, 2, 11, 585.91, 3305325, 2876, 0, 0
6553, 18, 239, 1203, 1, 0, 4.39%, 0, 2, 11, 740.94, 3306609, 2876, 0, 0
6558, 18, 65, 1203, 1, 0, 4.39%, 0, 2, 11, 68.50, 3307848, 2876, 0, 0
6563, 18, 283, 1203, 1, 0, 4.39%, 0, 2, 11, 63.52, 3310036, 2876, 0, 0
6568, 18, 1018, 1203, 1, 0, 4.39%, 0, 2, 11, 56.12, 3312140, 2876, 0, 0
6573, 18, 283, 1203, 1, 0, 4.39%, 0, 2, 11, 836.36, 3314212, 2876, 0, 0
6578, 18, 216, 1203, 1, 0, 4.39%, 0, 2, 11, 757.53, 3315153, 2876, 0, 0
6584, 18, 513, 1203, 1, 0, 4.39%, 0, 2, 11, 63.86, 3316667, 2876, 0, 0
6589, 18, 929, 1203, 1, 0, 4.39%, 0, 2, 11, 66.96, 3318880, 2876, 0, 0
6594, 18, 827, 1203, 1, 0, 4.39%, 0, 2, 11, 699.93, 3320942, 2876, 0, 0
6600, 18, 1037, 1203, 1, 0, 4.39%, 0, 2, 11, 463.47, 3322901, 2876, 0, 0
6606, 18, 827, 1203, 1, 0, 4.39%, 0, 2, 11, 496.29, 3324070, 2876, 0, 0
6611, 18, 488, 1203, 1, 0, 4.39%, 0, 2, 11, 621.89, 3325145, 2876, 0, 0
6616, 18, 670, 1203, 1, 0, 4.39%, 0, 2, 11, 65.61, 3326898, 2876, 0, 0
6621, 18, 413, 1204, 1, 0, 4.39%, 0, 2, 11, 107.58, 3328872, 2878, 0, 0
6626, 18, 690, 1204, 1, 0, 4.39%, 0, 2, 11, 55.56, 3330866, 2878, 0, 0
6632, 18, 1198, 1204, 1, 0, 4.39%, 0, 2, 11, 788.99, 3333015, 2878, 0, 0
6638, 18, 1189, 1204, 1, 0, 4.39%, 0, 2, 11, 385.22, 3334618, 2878, 0, 0
6643, 18, 740, 1204, 1, 0, 4.39%, 0, 2, 11, 711.27, 3335454, 2878, 0, 0
6648, 18, 492, 1204, 0, 0, 4.39%, 0, 2, 11, 63.94, 3337088, 2878, 0, 0
6653, 18, 189, 1204, 0, 0, 4.39%, 0, 2, 11, 67.41, 3338980, 2878, 0, 0
6658, 18, 596, 1204, 0, 0, 4.39%, 0, 2, 11, 146.66, 3340948, 2878, 0, 0
6665, 18, 607, 1204, 0, 0, 4.39%, 0, 2, 11, 658.04, 3342742, 2878, 0, 0
6670, 18, 987, 1204, 0, 0, 4.39%, 0, 2, 11, 67.57, 3344582, 2878, 0, 0
6675, 18, 213, 1204, 0, 0, 4.39%, 0, 2, 11, 800.96, 3345885, 2878, 0, 0
6680, 18, 679, 1204, 0, 0, 4.39%, 0, 2, 11, 832.89, 3347201, 2878, 0, 0
6687, 18, 634, 1204, 0, 0, 4.39%, 0, 2, 11, 83.71, 3349265, 2878, 0, 0
6692, 18, 577, 1204, 0, 0, 4.39%, 0, 2, 11, 553.08, 3350413, 2878, 0, 0
6697, 19, 143, 1204, 0, 0, 4.39%, 0, 2, 11, 82.04, 3351759, 2878, 0, 0
6702, 19, 466, 1204, 0, 0, 4.39%, 0, 2, 11, 75.14, 3353661, 2878, 0, 0
6708, 19, 576, 1204, 0, 0, 4.39%, 0, 2, 11, 52.83, 3355564, 2878, 0, 0
6713, 19, 283, 1204, 0, 0, 4.39%, 0, 2, 11, 65.26, 3357387, 2878, 0, 0
6718, 19, 1124, 1204, 0, 0, 4.39%, 0, 2, 11, 807.12, 3359386, 2878, 0, 0
6723, 19, 896, 1204, 0, 0, 4.39%, 0, 2, 11, 788.53, 3360759, 2878, 0, 0
6728, 19, 492, 1204, 0, 0, 4.39%, 0, 2, 11, 548.99, 3361853, 2878, 0, 0
6733, 19, 387, 1204, 0, 0, 4.39%, 0, 2, 11, 69.10, 3363433, 2878, 0, 0
6738, 19, 801, 1204, 0, 0, 4.39%, 0, 2, 11, 67.48, 3365535, 2878, 0, 0
6743, 19, 447, 1204, 0, 0, 4.39%, 0, 2, 11, 617.62, 3367736, 2878, 0, 0
6749, 19, 1098, 1204, 0, 0, 4.39%, 0, 2, 11, 446.61, 3368897, 2878, 0, 0
6754, 19, 522, 1204, 0, 0, 4.39%, 0, 2, 11, 67.51, 3370289, 2878, 0, 0
6759, 19, 614, 1204, 0, 0, 4.39%, 0, 2, 11, 45.05, 3371585, 2878, 0, 0
6764, 19, 154, 1204, 0, 0, 4.39%, 0, 2, 11, 648.25, 3373690, 2878, 0, 0
6769, 19, 1203, 1204, 0, 0, 4.39%, 0, 2, 11, 467.49, 3374671, 2878, 0, 0
6774, 19, 116, 1204, 0, 0, 4.39%, 0, 2, 11, 66.01, 3376134, 2878, 0, 0
6779, 19, 375, 1204, 0, 0, 4.39%, 0, 2, 11, 63.86, 3378084, 2878, 0, 0
6785, 19, 283, 1204, 0, 0, 4.39%, 0, 2, 11, 67.74, 3380178, 2878, 0, 0
6790, 19, 790, 1204, 0, 0, 4.39%, 0, 2, 11, 821.81, 3382068, 2878, 0, 0
6795, 19, 609, 1204, 0, 0, 4.39%, 0, 2, 11, 414.56, 3382849, 2878, 0, 0
6800, 19, 904, 1204, 0, 0, 4.39%, 0, 2, 11, 66.06, 3384445, 2878, 0, 0
6805, 19, 929, 1204, 0, 0, 4.39%, 0, 2, 11, 61.57, 3386663, 2878, 0, 0
6810, 19, 827, 1204, 0, 0, 4.39%, 0, 2, 11, 826.17, 3388621, 2878, 0, 0
6815, 19, 424, 1204, 0, 0, 4.39%, 0, 2, 11, 414.26, 3389528, 2878, 0, 0
6820, 19, 782, 1204, 0, 0, 4.39%, 0, 2, 11, 54.42, 3390356, 2878, 0, 0
6825, 19, 608, 1204, 0, 0, 4.39%, 0, 2, 11, 46.09, 3392352, 2878, 0, 0
6830, 19, 138, 1204, 0, 0, 4.39%, 0, 2, 11, 65.28, 3394395, 2878, 0, 0
6835, 19, 1075, 1204, 0, 0, 4.39%, 0, 2, 11, 814.34, 3395794, 2878, 0, 0
6841, 19, 152, 1204, 0, 0, 4.39%, 0, 2, 11, 73.96, 3396925, 2878, 0, 0
6846, 19, 388, 1204, 0, 0, 4.39%, 0, 2, 11, 66.34, 3398999, 2878, 0, 0
6851, 19, 1085, 1204, 0, 0, 4.39%, 0, 2, 11, 66.96, 3401065, 2878, 0, 0
6856, 19, 1170, 1204, 0, 0, 4.39%, 0, 2, 11, 811.16, 3402854, 2878, 0, 0
6862, 19, 1044, 1204, 0, 0, 4.39%, 0, 2, 11, 507.81, 3404369, 2878, 0, 0
6867, 19, 1005, 1204, 0, 0, 4.39%, 0, 2, 11, 65.70, 3405375, 2878, 0, 0
6872, 19, 696, 1204, 0, 0, 4.39%, 0, 2, 11, 65.02, 3407390, 2878, 0, 0
6877, 19, 690, 1204, 0, 0, 4.39%, 0, 2, 11, 64.65, 3409442, 2878, 0, 0
6882, 19, 825, 1204, 0, 0, 4.39%, 0, 2, 11, 774.80, 3411431, 2878, 0, 0
6887, 19, 447, 1204, 0, 0, 4.39%, 0, 2, 11, 673.89, 3412900, 2878, 0, 0
6892, 19, 1203, 1204, 0, 0, 4.39%, 0, 2, 11, 695.82, 3414250, 2878, 0, 0
6898, 19, 14, 1204, 0, 0, 4.39%, 0, 2, 11, 63.41, 3415670, 2878, 0, 0
6903, 19, 420, 1204, 0, 0, 4.39%, 0, 2, 11, 79.95, 3417686, 2878, 0, 0
6908, 19, 1090, 1204, 0, 0, 4.39%, 0, 2, 11, 54.61, 3419427, 2878, 0, 0
6913, 19, 145, 1204, 0, 0, 4.39%, 0, 2, 11, 759.59, 3422206, 2878, 0, 0
6918, 19, 589, 1204, 0, 0, 4.39%, 0, 2, 11, 782.16, 3425787, 2878, 0, 0
6923, 19, 743, 1204, 0, 0, 4.39%, 0, 2, 11, 762.42, 3429567, 2878, 0, 0
6928, 19, 858, 1204, 0, 0, 4.39%, 0, 2, 11, 108.95, 3433184, 2878, 0, 0
6933, 19, 285, 1204, 0, 0, 4.39%, 0, 2, 11, 737.72, 3436354, 2878, 0, 0
6938, 19, 143, 1204, 0, 0, 4.39%, 0, 2, 11, 661.17, 3439608, 2878, 0, 0
6943, 19, 665, 1204, 0, 0, 4.39%, 0, 2, 11, 643.50, 3442794, 2878, 0, 0
6948, 19, 775, 1204, 0, 0, 4.39%, 0, 2, 11, 717.72, 3446579, 2878, 0, 0
6953, 19, 559, 1204, 0, 0, 4.39%, 0, 2, 11, 744.73, 3450437, 2878, 0, 0
6960, 19, 639, 1204, 0, 0, 4.39%, 0, 2, 11, 746.40, 3455549, 2878, 0, 0
6965, 19, 829, 1204, 0, 0, 4.39%, 0, 2, 11, 643.06, 3458602, 2878, 0, 0
6970, 19, 85, 1204, 0, 0, 4.39%, 0, 2, 11, 675.43, 3462043, 2878, 0, 0
6976, 19, 731, 1204, 0, 0, 4.39%, 0, 2, 11, 722.40, 3465536, 2878, 0, 0
6981, 19, 545, 1204, 0, 0, 4.39%, 0, 2, 11, 756.48, 3469504, 2878, 0, 0
6986, 19, 545, 1205, 1, 0, 4.39%, 0, 2, 11, 702.21, 3473233, 2878, 0, 0
6991, 19, 676, 1205, 1, 0, 4.39%, 0, 2, 11, 729.34, 3476768, 2878, 0, 0
6996, 19, 929, 1205, 1, 0, 4.39%, 0, 2, 11, 736.00, 3480431, 2878, 0, 0
7001, 19, 686, 1205, 1, 0, 4.39%, 0, 2, 11, 750.60, 3483999, 2878, 0, 0
7006, 19, 904, 1205, 1, 0, 4.39%, 0, 2, 11, 777.19, 3487932, 2878, 0, 0
7011, 19, 527, 1205, 1, 0, 4.39%, 0, 2, 11, 782.94, 3491789, 2878, 0, 0
7016, 19, 609, 1205, 1, 0, 4.39%, 0, 2, 11, 692.19, 3495302, 2878, 0, 0
7021, 19, 1189, 1205, 1, 0, 4.39%, 0, 2, 11, 758.56, 3499297, 2878, 0, 0
7026, 19, 463, 1205, 1, 0, 4.39%, 0, 2, 11, 781.03, 3503265, 2878, 0, 0
7033, 19, 1063, 1205, 1, 0, 4.39%, 0, 2, 11, 761.61, 3507746, 2878, 0, 0
7038, 19, 829, 1205, 1, 0, 4.39%, 0, 2, 11, 719.39, 3511336, 2878, 0, 0
7043, 19, 187, 1205, 1, 0, 4.39%, 0, 2, 11, 759.12, 3515131, 2878, 0, 0
7048, 20, 58, 1205, 1, 0, 4.39%, 0, 2, 11, 779.98, 3519081, 2878, 0, 0
7053, 20, 1199, 1205, 1, 0, 4.39%, 0, 2, 11, 792.52, 3523280, 2878, 0, 0
7058, 20, 593, 1205, 1, 0, 4.39%, 0, 2, 11, 766.15, 3527040, 2878, 0, 0
7063, 20, 1124, 1205, 1, 0, 4.39%, 0, 2, 11, 772.40, 3530969, 2878, 0, 0
7068, 20, 245, 1206, 1, 0, 4.39%, 0, 2, 11, 750.12, 3534697, 2879, 0, 0
7073, 20, 645, 1206, 1, 0, 4.39%, 0, 2, 11, 845.24, 3538608, 2879, 0, 0
7078, 20, 670, 1206, 1, 0, 4.39%, 0, 2, 11, 763.55, 3542304, 2879, 0, 0
7083, 20, 375, 1206, 1, 0, 4.39%, 0, 2, 11, 762.52, 3546074, 2879, 0, 0
7088, 20, 424, 1206, 1, 0, 4.39%, 0, 2, 11, 782.25, 3549906, 2879, 0, 0
7094, 20, 995, 1206, 1, 0, 4.39%, 0, 2, 11, 795.91, 3554585, 2879, 0, 0
7099, 20, 1203, 1206, 1, 0, 4.39%, 0, 2, 11, 710.94, 3557982, 2879, 0, 0
7104, 20, 213, 1206, 1, 0, 4.39%, 0, 2, 11, 752.36, 3561803, 2879, 0, 0
7109, 20, 176, 1206, 1, 0, 4.39%, 0, 2, 11, 768.41, 3565657, 2879, 0, 0
7114, 20, 587, 1206, 1, 0, 4.39%, 0, 2, 11, 712.32, 3568367, 2879, 0, 0
7120, 20, 386, 1206, 1, 0, 4.39%, 0, 2, 11, 774.16, 3571871, 2879, 0, 0
7125, 20, 665, 1206, 1, 0, 4.39%, 0, 2, 11, 776.18, 3575750, 2879, 0, 0
7130, 20, 285, 1206, 1, 0, 4.39%, 0, 2, 11, 786.63, 3579825, 2879, 0, 0
7135, 20, 67, 1206, 1, 0, 4.39%, 0, 2, 11, 765.47, 3583482, 2879, 0, 0
7140, 20, 589, 1206, 1, 0, 4.39%, 0, 2, 11, 731.47, 3587267, 2879, 0, 0
7145, 20, 283, 1206, 1, 0, 4.39%, 0, 2, 11, 803.50, 3591378, 2879, 0, 0
7151, 20, 750, 1206, 1, 0, 4.39%, 0, 2, 11, 773.96, 3595467, 2879, 0, 0
7156, 20, 1141, 1206, 1, 0, 4.39%, 0, 2, 11, 789.90, 3599417, 2879, 0, 0
7161, 20, 527, 1206, 1, 0, 4.39%, 0, 2, 11, 733.81, 3603213, 2879, 0, 0
7166, 20, 189, 1206, 1, 0, 4.39%, 0, 2, 11, 765.39, 3607033, 2879, 0, 0
7171, 20, 477, 1206, 1, 0, 4.39%, 0, 2, 11, 755.12, 3610534, 2879, 0, 0
7177, 20, 1110, 1206, 1, 0, 4.39%, 0, 2, 11, 755.38, 3614424, 2879, 0, 0
7182, 20, 388, 1206, 1, 0, 4.39%, 0, 2, 11, 666.80, 3617958, 2879, 0, 0
7187, 20, 1060, 1206, 1, 0, 4.39%, 0, 2, 11, 778.36, 3622089, 2879, 0, 0
7192, 20, 670, 1206, 1, 0, 4.39%, 0, 2, 11, 807.15, 3626168, 2879, 0, 0
7197, 20, 1205, 1206, 1, 0, 4.39%, 0, 2, 11, 799.49, 3630118, 2879, 0, 0
7203, 20, 1071, 1206, 1, 0, 4.39%, 0, 2, 11, 774.33, 3634692, 2879, 0, 0
7208, 20, 846, 1206, 1, 0, 4.39%, 0, 2, 11, 762.48, 3638547, 2879, 0, 0
7213, 20, 609, 1206, 1, 0, 4.39%, 0, 2, 11, 762.46, 3642603, 2879, 0, 0
7218, 20, 588, 1206, 1, 0, 4.39%, 0, 2, 11, 840.53, 3646961, 2879, 0, 0
7223, 20, 602, 1206, 1, 0, 4.39%, 0, 2, 11, 876.92, 3651470, 2879, 0, 0
7228, 20, 103, 1206, 1, 0, 4.39%, 0, 2, 11, 856.24, 3655446, 2879, 0, 0
7234, 20, 1203, 1206, 1, 0, 4.39%, 0, 2, 11, 874.54, 3660058, 2879, 0, 0
7239, 20, 1157, 1206, 1, 0, 4.39%, 0, 2, 11, 822.23, 3664420, 2879, 0, 0
7244, 20, 293, 1231, 25, 2, 4.42%, 0, 2, 11, 767.12, 3668209, 2894, 0, 0
7249, 20, 189, 1232, 24, 0, 4.42%, 0, 2, 11, 734.64, 3671725, 2894, 0, 0
7254, 20, 1227, 1232, 23, 0, 4.42%, 0, 2, 11, 789.24, 3675779, 2894, 0, 0
7259, 20, 403, 1232, 20, 0, 4.42%, 0, 2, 11, 697.87, 3679459, 2894, 0, 0
7264, 20, 665, 1232, 19, 0, 4.42%, 0, 2, 11, 879.67, 3683359, 2894, 0, 0
7269, 20, 954, 1232, 17, 0, 4.42%, 0, 2, 11, 796.47, 3687300, 2894, 0, 0
7274, 20, 1124, 1232, 16, 0, 4.42%, 0, 2, 11, 763.97, 3690924, 2894, 0, 0
7280, 21, 420, 1232, 15, 0, 4.42%, 0, 2, 11, 735.51, 3694429, 2894, 0, 0
7285, 21, 560, 1232, 15, 0, 4.42%, 0, 2, 11, 95.62, 3696961, 2894, 0, 0
7290, 21, 12, 1232, 15, 0, 4.42%, 0, 2, 11, 811.82, 3700891, 2894, 0, 0
7295, 21, 105, 1232, 12, 0, 4.42%, 0, 2, 11, 783.96, 3704764, 2894, 0, 0
7300, 21, 189, 1232, 12, 0, 4.42%, 0, 2, 11, 753.83, 3708523, 2894, 0, 0
7305, 21, 690, 1232, 12, 0, 4.42%, 0, 2, 11, 772.11, 3712229, 2894, 0, 0
7310, 21, 156, 1232, 10, 0, 4.42%, 0, 2, 11, 736.89, 3715790, 2894, 0, 0
7316, 21, 909, 1232, 9, 0, 4.42%, 0, 2, 11, 752.83, 3719543, 2894, 0, 0
7321, 21, 124, 1232, 9, 0, 4.42%, 0, 2, 11, 774.49, 3723238, 2894, 0, 0
7326, 21, 1170, 1232, 9, 0, 4.42%, 0, 2, 11, 707.97, 3726928, 2894, 0, 0
7331, 21, 1216, 1232, 8, 0, 4.42%, 0, 2, 11, 724.53, 3730638, 2894, 0, 0
7336, 21, 1088, 1232, 7, 0, 4.42%, 0, 2, 11, 153.01, 3733758, 2894, 0, 0
7341, 21, 1128, 1232, 7, 0, 4.42%, 0, 2, 11, 586.62, 3737557, 2894, 0, 0
7346, 21, 738, 1232, 6, 0, 4.42%, 0, 2, 11, 691.71, 3741016, 2894, 0, 0
7351, 21, 676, 1232, 6, 0, 4.42%, 0, 2, 11, 768.55, 3744952, 2894, 0, 0
7356, 21, 352, 1232, 6, 0, 4.42%, 0, 2, 11, 774.42, 3748691, 2894, 0, 0
7362, 21, 595, 1232, 5, 0, 4.42%, 0, 2, 11, 660.41, 3751930, 2894, 0, 0
7367, 21, 679, 1232, 5, 0, 4.42%, 0, 2, 11, 732.43, 3755685, 2894, 0, 0
7372, 21, 1221, 1233, 6, 0, 4.42%, 0, 2, 11, 734.85, 3759255, 2894, 0, 0
7377, 21, 524, 1233, 4, 0, 4.42%, 0, 2, 11, 844.02, 3762804, 2894, 0, 0
7382, 21, 308, 1233, 4, 0, 4.42%, 0, 2, 11, 423.93, 3766299, 2894, 0, 0
7388, 21, 492, 1233, 4, 0, 4.42%, 0, 2, 11, 865.62, 3770259, 2894, 0, 0
7393, 21, 107, 1233, 4, 0, 4.42%, 0, 2, 11, 846.56, 3773889, 2894, 0, 0
7398, 21, 87, 1233, 4, 0, 4.42%, 0, 2, 11, 737.69, 3777462, 2894, 0, 0
7403, 21, 152, 1233, 4, 0, 4.42%, 0, 2, 11, 769.67, 3781448, 2894, 0, 0
7408, 21, 152, 1233, 4, 0, 4.42%, 0, 2, 11, 875.01, 3784595, 2894, 0, 0
7413, 21, 981, 1233, 4, 0, 4.42%, 0, 2, 11, 811.15, 3788500, 2894, 0, 0
7418, 21, 39, 1233, 4, 0, 4.42%, 0, 2, 11, 825.00, 3792202, 2894, 0, 0
7423, 21, 370, 1233, 4, 0, 4.42%, 0, 2, 11, 538.07, 3795687, 2894, 0, 0
7428, 21, 711, 1233, 4, 0, 4.42%, 0, 2, 11, 699.73, 3799489, 2894, 0, 0
7433, 21, 1232, 1233, 4, 0, 4.42%, 0, 2, 11, 57.40, 3802806, 2894, 0, 0
7438, 21, 615, 1233, 3, 0, 4.42%, 0, 2, 11, 720.59, 3805423, 2894, 0, 0
7445, 21, 441, 1233, 3, 0, 4.42%, 0, 2, 11, 777.79, 3809883, 2894, 0, 0
7450, 21, 45, 1233, 3, 0, 4.42%, 0, 2, 11, 874.86, 3813612, 2894, 0, 0
7455, 21, 259, 1233, 3, 0, 4.42%, 0, 2, 11, 760.95, 3817105, 2894, 0, 0
7460, 21, 164, 1233, 3, 0, 4.42%, 0, 2, 11, 758.52, 3820515, 2894, 0, 0
7465, 21, 1112, 1233, 3, 0, 4.42%, 0, 2, 11, 746.32, 3824337, 2894, 0, 0
7470, 21, 1161, 1233, 3, 0, 4.42%, 0, 2, 11, 736.07, 3827947, 2894, 0, 0
7475, 21, 48, 1233, 3, 0, 4.42%, 0, 2, 11, 876.97, 3831404, 2894, 0, 0
7481, 21, 906, 1233, 2, 0, 4.42%, 0, 2, 11, 843.00, 3835438, 2894, 0, 0
7486, 21, 1128, 1233, 1, 0, 4.42%, 0, 2, 11, 794.29, 3839103, 2894, 0, 0
7491, 21, 963, 1233, 1, 0, 4.42%, 0, 2, 11, 740.04, 3842566, 2894, 0, 0
7496, 21, 257, 1233, 1, 0, 4.42%, 0, 2, 11, 650.00, 3846208, 2894, 0, 0
7501, 21, 883, 1233, 1, 0, 4.42%, 0, 2, 11, 854.72, 3850139, 2894, 0, 0
7506, 21, 210, 1233, 1, 0, 4.42%, 0, 2, 11, 547.16, 3853816, 2894, 0, 0
7512, 22, 402, 1233, 1, 0, 4.42%, 0, 2, 11, 834.53, 3857888, 2894, 0, 0
7517, 22, 645, 1233, 1, 0, 4.42%, 0, 2, 11, 788.66, 3861718, 2894, 0, 0
7522, 22, 457, 1233, 1, 0, 4.42%, 0, 2, 11, 810.82, 3865406, 2894, 0, 0
7527, 22, 577, 1233, 1, 0, 4.42%, 0, 2, 11, 800.79, 3869361, 2894, 0, 0
7532, 22, 556, 1233, 1, 0, 4.42%, 0, 2, 11, 65.68, 3869981, 2894, 0, 0
7537, 22, 72, 1233, 1, 0, 4.42%, 0, 2, 11, 828.95, 3871981, 2894, 0, 0
7542, 22, 591, 1233, 1, 0, 4.42%, 0, 2, 11, 789.22, 3874621, 2894, 0, 0
7547, 22, 577, 1233, 1, 0, 4.42%, 0, 2, 11, 878.12, 3877260, 2894, 0, 0
7553, 22, 1123, 1233, 1, 0, 4.42%, 0, 2, 11, 79.02, 3879627, 2894, 0, 0
7558, 22, 765, 1233, 1, 0, 4.42%, 0, 2, 11, 69.42, 3882496, 2894, 0, 0
7563, 22, 371, 1233, 1, 0, 4.42%, 0, 2, 11, 806.98, 3885642, 2894, 0, 0
7568, 22, 93, 1233, 1, 0, 4.42%, 0, 2, 11, 641.42, 3887866, 2894, 0, 0
7573, 22, 67, 1233, 1, 0, 4.42%, 0, 2, 11, 504.59, 3889976, 2894, 0, 0
7578, 22, 931, 1233, 1, 0, 4.42%, 0, 2, 11, 61.56, 3892191, 2894, 0, 0
7583, 22, 447, 1233, 1, 0, 4.42%, 0, 2, 11, 67.61, 3894115, 2894, 0, 0
7589, 22, 258, 1233, 1, 0, 4.42%, 0, 2, 11, 71.77, 3896679, 2894, 0, 0
7594, 22, 665, 1233, 1, 0, 4.42%, 0, 2, 11, 695.83, 3898748, 2894, 0, 0
7600, 22, 1122, 1233, 1, 0, 4.42%, 0, 2, 11, 418.85, 3900583, 2894, 0, 0
7605, 22, 609, 1233, 1, 0, 4.42%, 0, 2, 11, 858.72, 3902167, 2894, 0, 0
7610, 22, 871, 1233, 0, 0, 4.42%, 0, 2, 11, 67.67, 3903674, 2894, 0, 0
7615, 22, 39, 1233, 0, 0, 4.42%, 0, 2, 11, 70.15, 3905947, 2894, 0, 0
7620, 22, 761, 1233, 0, 0, 4.42%, 0, 2, 11, 67.84, 3908497, 2894, 0, 0
7625, 22, 801, 1233, 0, 0, 4.42%, 0, 2, 11, 717.31, 3910498, 2894, 0, 0
7630, 22, 360, 1233, 0, 0, 4.42%, 0, 2, 11, 852.47, 3912099, 2894, 0, 0
7635, 22, 174, 1233, 0, 0, 4.42%, 0, 2, 11, 890.00, 3913582, 2894, 0, 0
7640, 22, 657, 1233, 0, 0, 4.42%, 0, 2, 11, 63.57, 3915682, 2894, 0, 0
7645, 22, 645, 1233, 0, 0, 4.42%, 0, 2, 11, 68.37, 3917997, 2894, 0, 0
7651, 22, 592, 1233, 0, 0, 4.42%, 0, 2, 11, 69.89, 3920312, 2894, 0, 0
7657, 22, 1169, 1233, 0, 0, 4.42%, 0, 2, 11, 568.32, 3922632, 2894, 0, 0
7662, 22, 246, 1233, 0, 0, 4.42%, 0, 2, 11, 798.62, 3924217, 2894, 0, 0
7667, 22, 1172, 1233, 0, 0, 4.42%, 0, 2, 11, 831.61, 3925808, 2894, 0, 0
7672, 22, 470, 1233, 0, 0, 4.42%, 0, 2, 11, 60.15, 3927482, 2894, 0, 0
7678, 22, 581, 1233, 0, 0, 4.42%, 0, 2, 11, 66.51, 3929827, 2894, 0, 0
7683, 22, 413, 1233, 0, 0, 4.42%, 0, 2, 11, 70.12, 3932117, 2894, 0, 0
7688, 22, 950, 1233, 0, 0, 4.42%, 0, 2, 11, 66.67, 3934442, 2894, 0, 0
7693, 22, 413, 1233, 0, 0, 4.42%, 0, 2, 11, 835.06, 3936116, 2894, 0, 0
7698, 22, 297, 1233, 0, 0, 4.42%, 0, 2, 11, 864.43, 3937470, 2894, 0, 0
7703, 22, 665, 1233, 0, 0, 4.42%, 0, 2, 11, 68.84, 3939524, 2894, 0, 0
7709, 22, 846, 1233, 0, 0, 4.42%, 0, 2, 11, 85.01, 3941909, 2894, 0, 0
7714, 22, 383, 1233, 0, 0, 4.42%, 0, 2, 11, 63.93, 3943972, 2894, 0, 0
7719, 22, 210, 1233, 0, 0, 4.42%, 0, 2, 11, 681.86, 3946011, 2894, 0, 0
7725, 22, 206, 1233, 0, 0, 4.42%, 0, 2, 11, 895.46, 3947590, 2894, 0, 0
7730, 22, 659, 1233, 0, 0, 4.42%, 0, 2, 11, 102.14, 3948704, 2894, 0, 0
7735, 22, 1138, 1233, 0, 0, 4.42%, 0, 2, 11, 67.94, 3950964, 2894, 0, 0
7740, 22, 676, 1233, 0, 0, 4.42%, 0, 2, 11, 68.67, 3953131, 2894, 0, 0
7745, 22, 830, 1233, 0, 0, 4.42%, 0, 2, 11, 65.86, 3955278, 2894, 0, 0
7750, 22, 116, 1233, 0, 0, 4.42%, 0, 2, 11, 856.40, 3957127, 2894, 0, 0
7755, 22, 785, 1233, 0, 0, 4.42%, 0, 2, 11, 570.37, 3958601, 2894, 0, 0
7760, 22, 929, 1233, 0, 0, 4.42%, 0, 2, 11, 801.00, 3959912, 2894, 0, 0
7765, 22, 670, 1233, 0, 0, 4.42%, 0, 2, 11, 70.38, 3961938, 2894, 0, 0
7770, 22, 929, 1233, 0, 0, 4.42%, 0, 2, 11, 65.24, 3964057, 2894, 0, 0
7775, 22, 77, 1233, 0, 0, 4.42%, 0, 2, 11, 72.48, 3965992, 2894, 0, 0
7780, 22, 204, 1233, 0, 0, 4.42%, 0, 2, 11, 657.74, 3968115, 2894, 0, 0
7785, 22, 492, 1233, 0, 0, 4.42%, 0, 2, 11, 781.22, 3969572, 2894, 0, 0
7791, 22, 1128, 1233, 0, 0, 4.42%, 0, 2, 11, 647.39, 3971113, 2894, 0, 0
7796, 22, 60, 1233, 0, 0, 4.42%, 0, 2, 11, 915.00, 3972443, 2894, 0, 0
7801, 22, 370, 1233, 0, 0, 4.42%, 0, 2, 11, 68.93, 3974381, 2894, 0, 0
7806, 22, 1214, 1233, 0, 0, 4.42%, 0, 2, 11, 59.61, 3976545, 2894, 0, 0
7813, 22, 336, 1233, 0, 0, 4.42%, 0, 2, 11, 130.50, 3978943, 2894, 0, 0
7818, 22, 249, 1233, 0, 0, 4.42%, 0, 2, 11, 70.83, 3981159, 2894, 0, 0
7823, 22, 643, 1233, 0, 0, 4.42%, 0, 2, 11, 615.53, 3982525, 2894, 0, 0
7828, 22, 808, 1233, 0, 0, 4.42%, 0, 2, 11, 67.37, 3983779, 2894, 0, 0
7834, 22, 671, 1233, 0, 0, 4.42%, 0, 2, 11, 69.33, 3986010, 2894, 0, 0
7839, 22, 659, 1233, 0, 0, 4.42%, 0, 2, 11, 61.66, 3988252, 2894, 0, 0
7844, 22, 492, 1233, 0, 0, 4.42%, 0, 2, 11, 766.75, 3989593, 2894, 0, 0
7850, 22, 537, 1233, 0, 0, 4.42%, 0, 2, 11, 344.33, 3991272, 2894, 0, 0
7855, 22, 1138, 1233, 0, 0, 4.42%, 0, 2, 11, 47.22, 3992718, 2894, 0, 0
7860, 22, 593, 1234, 1, 0, 4.42%, 0, 2, 11, 67.76, 3994793, 2894, 0, 0
7865, 22, 909, 1234, 1, 0, 4.42%, 0, 2, 11, 63.73, 3997033, 2894, 0, 0
7870, 22, 257, 1234, 1, 0, 4.42%, 0, 2, 11, 568.74, 3998454, 2894, 0, 0
7875, 22, 56, 1234, 1, 0, 4.42%, 0, 2, 11, 69.53, 3999722, 2894, 0, 0
7880, 22, 124, 1234, 1, 0, 4.42%, 0, 2, 11, 62.33, 4002035, 2894, 0, 0
7886, 22, 388, 1234, 1, 0, 4.42%, 0, 2, 11, 62.53, 4004083, 2894, 0, 0
7891, 22, 371, 1234, 1, 0, 4.42%, 0, 2, 11, 829.59, 4005955, 2894, 0, 0
7896, 22, 100, 1234, 1, 0, 4.42%, 0, 2, 11, 880.74, 4007010, 2894, 0, 0
7901, 22, 1172, 1234, 1, 0, 4.42%, 0, 2, 11, 68.87, 4008713, 2894, 0, 0
7906, 22, 129, 1234, 1, 0, 4.42%, 0, 2, 11, 80.26, 4010750, 2894, 0, 0
7911, 22, 220, 1234, 1, 0, 4.42%, 0, 2, 11, 70.74, 4012900, 2894, 0, 0
7917, 22, 375, 1234, 1, 0, 4.42%, 0, 2, 11, 787.50, 4015193, 2894, 0, 0
7923, 22, 1005, 1234, 1, 0, 4.42%, 0, 2, 11, 701.83, 4017070, 2894, 0, 0
7928, 22, 213, 1234, 1, 0, 4.42%, 0, 2, 11, 814.45, 4018502, 2894, 0, 0
7933, 22, 110, 1234, 1, 0, 4.42%, 0, 2, 11, 513.77, 4019872, 2894, 0, 0
7938, 22, 1106, 1234, 1, 0, 4.42%, 0, 2, 11, 63.85, 4021571, 2894, 0, 0
7944, 22, 665, 1234, 1, 0, 4.42%, 0, 2, 11, 65.98, 4023158, 2894, 0, 0
7949, 23, 293, 1234, 1, 0, 4.42%, 0, 2, 11, 61.38, 4025329, 2894, 0, 0
7954, 23, 1203, 1234, 1, 0, 4.42%, 0, 2, 11, 639.73, 4027335, 2894, 0, 0
7961, 23, 316, 1234, 1, 0, 4.42%, 0, 2, 11, 855.86, 4029531, 2894, 0, 0
7966, 23, 1013, 1234, 1, 0, 4.42%, 0, 2, 11, 752.48, 4031341, 2894, 0, 0
7971, 23, 1060, 1234, 0, 0, 4.42%, 0, 2, 11, 513.00, 4032586, 2894, 0, 0
7976, 23, 587, 1234, 0, 0, 4.42%, 0, 2, 11, 594.19, 4033967, 2894, 0, 0
7981, 23, 33, 1234, 0, 0, 4.42%, 0, 2, 11, 67.58, 4035615, 2894, 0, 0
7986, 23, 33, 1234, 0, 0, 4.42%, 0, 2, 11, 88.37, 4037645, 2894, 0, 0
7991, 23, 1147, 1234, 0, 0, 4.42%, 0, 2, 11, 68.77, 4039688, 2894, 0, 0
7997, 23, 543, 1234, 0, 0, 4.42%, 0, 2, 11, 69.86, 4041631, 2894, 0, 0
8003, 23, 327, 1234, 0, 0, 4.42%, 0, 2, 11, 829.51, 4043629, 2894, 0, 0
8009, 23, 219, 1234, 0, 0, 4.42%, 0, 2, 11, 70.66, 4045654, 2894, 0, 0
8014, 23, 253, 1234, 0, 0, 4.42%, 0, 2, 11, 106.28, 4047470, 2894, 0, 0
8019, 23, 455, 1234, 0, 0, 4.42%, 0, 2, 11, 515.29, 4048805, 2894, 0, 0
8024, 23, 686, 1234, 0, 0, 4.42%, 0, 2, 11, 376.65, 4049910, 2894, 0, 0
8029, 23, 907, 1234, 0, 0, 4.42%, 0, 2, 11, 66.46, 4051445, 2894, 0, 0
8034, 23, 274, 1234, 0, 0, 4.42%, 0, 2, 11, 70.51, 4053646, 2894, 0, 0
8040, 23, 942, 1234, 0, 0, 4.42%, 0, 2, 11, 60.70, 4055912, 2894, 0, 0
8045, 23, 121, 1234, 0, 0, 4.42%, 0, 2, 11, 775.22, 4057031, 2894, 0, 0
8050, 23, 613, 1234, 0, 0, 4.42%, 0, 2, 11, 68.50, 4058542, 2894, 0, 0
8055, 23, 801, 1234, 0, 0, 4.42%, 0, 2, 11, 69.94, 4060789, 2894, 0, 0
8060, 23, 809, 1234, 0, 0, 4.42%, 0, 2, 11, 799.36, 4063104, 2894, 0, 0
8065, 23, 714, 1234, 0, 0, 4.42%, 0, 2, 11, 610.15, 4064457, 2894, 0, 0
8070, 23, 1161, 1234, 0, 0, 4.42%, 0, 2, 11, 70.00, 4065710, 2894, 0, 0
8076, 23, 820, 1234, 0, 0, 4.42%, 0, 2, 11, 68.15, 4067963, 2894, 0, 0
8082, 23, 1019, 1234, 0, 0, 4.42%, 0, 2, 11, 69.66, 4070374, 2894, 0, 0
8087, 23, 300, 1234, 0, 0, 4.42%, 0, 2, 11, 68.88, 4072566, 2894, 0, 0
8093, 23, 146, 1234, 0, 0, 4.42%, 0, 2, 11, 591.56, 4073767, 2894, 0, 0
8098, 23, 1200, 1234, 0, 0, 4.42%, 0, 2, 11, 56.63, 4074999, 2894, 0, 0
8103, 23, 67, 1234, 0, 0, 4.42%, 0, 2, 11, 68.06, 4077253, 2894, 0, 0
8108, 23, 365, 1234, 0, 0, 4.42%, 0, 2, 11, 60.47, 4079356, 2894, 0, 0
8113, 23, 453, 1234, 0, 0, 4.42%, 0, 2, 11, 576.75, 4080761, 2894, 0, 0
8118, 23, 866, 1234, 0, 0, 4.42%, 0, 2, 11, 445.00, 4081834, 2894, 0, 0
8123, 23, 420, 1234, 0, 0, 4.42%, 0, 2, 11, 68.67, 4083680, 2894, 0, 0
8129, 23, 143, 1234, 0, 0, 4.42%, 0, 2, 11, 63.54, 4085720, 2894, 0, 0
8134, 23, 257, 1234, 0, 0, 4.42%, 0, 2, 11, 780.05, 4087901, 2894, 0, 0
8139, 23, 447, 1234, 0, 0, 4.42%, 0, 2, 11, 877.63, 4088880, 2894, 0, 0
8144, 23, 33, 1234, 0, 0, 4.42%, 0, 2, 11, 86.82, 4090376, 2894, 0, 0
8149, 23, 825, 1234, 0, 0, 4.42%, 0, 2, 11, 65.19, 4092519, 2894, 0, 0
8154, 23, 56, 1234, 0, 0, 4.42%, 0, 2, 11, 67.94, 4094617, 2894, 0, 0
8161, 23, 628, 1234, 0, 0, 4.42%, 0, 2, 11, 825.88, 4096856, 2894, 0, 0
8166, 23, 185, 1234, 0, 0, 4.42%, 0, 2, 11, 68.23, 4099026, 2894, 0, 0
8171, 23, 152, 1234, 0, 0, 4.42%, 0, 2, 11, 792.47, 4100396, 2894, 0, 0
8178, 23, 1045, 1234, 0, 0, 4.42%, 0, 2, 11, 815.60, 4102669, 2894, 0, 0
8183, 23, 66, 1234, 0, 0, 4.42%, 0, 2, 11, 873.60, 4103986, 2894, 0, 0
8188, 23, 388, 1234, 0, 0, 4.42%, 0, 2, 11, 663.95, 4105274, 2894, 0, 0
8193, 23, 458, 1234, 0, 0, 4.42%, 0, 2, 11, 67.54, 4107017, 2894, 0, 0
8198, 23, 985, 1234, 0, 0, 4.42%, 0, 2, 11, 109.00, 4109103, 2894, 0, 0
8203, 23, 752, 1234, 0, 0, 4.42%, 0, 2, 11, 129.77, 4111066, 2894, 0, 0
8208, 23, 208, 1234, 0, 0, 4.42%, 0, 2, 11, 67.68, 4113093, 2894, 0, 0
8213, 23, 1026, 1234, 0, 0, 4.42%, 0, 2, 11, 540.46, 4114854, 2894, 0, 0
8219, 23, 434, 1234, 0, 0, 4.42%, 0, 2, 11, 728.40, 4116169, 2894, 0, 0
8224, 23, 910, 1234, 0, 0, 4.42%, 0, 2, 11, 73.49, 4117424, 2894, 0, 0
8229, 23, 670, 1234, 0, 0, 4.42%, 0, 2, 11, 68.48, 4119412, 2894, 0, 0
8234, 23, 775, 1234, 0, 0, 4.42%, 0, 2, 11, 96.70, 4121361, 2894, 0, 0
8239, 23, 427, 1234, 0, 0, 4.42%, 0, 2, 11, 71.22, 4123304, 2894, 0, 0
8244, 23, 136, 1234, 0, 0, 4.42%, 0, 2, 11, 70.92, 4125421, 2894, 0, 0
8249, 23, 208, 1234, 0, 0, 4.42%, 0, 2, 11, 509.46, 4126844, 2894, 0, 0
8254, 23, 383, 1234, 0, 0, 4.42%, 0, 2, 11, 410.00, 4127820, 2894, 0, 0
8259, 23, 686, 1234, 0, 0, 4.42%, 0, 2, 11, 69.28, 4129949, 2894, 0, 0
8265, 23, 360, 1234, 0, 0, 4.42%, 0, 2, 11, 818.87, 4132135, 2894, 0, 0
8270, 23, 690, 1234, 0, 0, 4.42%, 0, 2, 11, 823.39, 4134115, 2894, 0, 0
8275, 23, 795, 1234, 0, 0, 4.42%, 0, 2, 11, 390.00, 4134888, 2894, 0, 0
8280, 23, 975, 1234, 0, 0, 4.42%, 0, 2, 11, 66.03, 4137107, 2894, 0, 0
8285, 23, 1183, 1234, 0, 0, 4.42%, 0, 2, 11, 62.55, 4139494, 2894, 0, 0
8290, 23, 243, 1234, 0, 0, 4.42%, 0, 2, 11, 684.26, 4141025, 2894, 0, 0
8295, 23, 396, 1234, 0, 0, 4.42%, 0, 2, 11, 68.36, 4142259, 2894, 0, 0
8300, 23, 267, 1234, 0, 0, 4.42%, 0, 2, 11, 67.24, 4144547, 2894, 0, 0
8307, 23, 1217, 1234, 0, 0, 4.42%, 0, 2, 11, 549.56, 4146694, 2894, 0, 0
8312, 23, 129, 1234, 0, 0, 4.42%, 0, 2, 11, 608.82, 4148766, 2894, 0, 0
8317, 23, 436, 1234, 0, 0, 4.42%, 0, 2, 11, 509.04, 4149789, 2894, 0, 0
8322, 23, 888, 1234, 0, 0, 4.42%, 0, 2, 11, 68.25, 4151234, 2894, 0, 0
8327, 23, 957, 1234, 0, 0, 4.42%, 0, 2, 11, 104.08, 4153401, 2894, 0, 0
8332, 23, 492, 1234, 0, 0, 4.42%, 0, 2, 11, 110.55, 4155635, 2894, 0, 0
8337, 23, 545, 1234, 0, 0, 4.42%, 0, 2, 11, 661.44, 4157150, 2894, 0, 0
8342, 23, 659, 1234, 0, 0, 4.42%, 0, 2, 11, 855.00, 4158279, 2894, 0, 0
8347, 23, 1075, 1234, 0, 0, 4.42%, 0, 2, 11, 65.58, 4160270, 2894, 0, 0
8353, 23, 830, 1234, 0, 0, 4.42%, 0, 2, 11, 67.34, 4162378, 2894, 0, 0
8358, 23, 154, 1234, 0, 0, 4.42%, 0, 2, 11, 597.61, 4164405, 2894, 0, 0
8363, 23, 679, 1234, 0, 0, 4.42%, 0, 2, 11, 832.34, 4165681, 2894, 0, 0
8368, 23, 596, 1234, 0, 0, 4.42%, 0, 2, 11, 850.00, 4166989, 2894, 0, 0
8373, 23, 370, 1234, 0, 0, 4.42%, 0, 2, 11, 56.35, 4168782, 2894, 0, 0
8378, 23, 224, 1234, 0, 0, 4.42%, 0, 2, 11, 108.51, 4170874, 2894, 0, 0
8383, 23, 108, 1234, 0, 0, 4.42%, 0, 2, 11, 70.18, 4172968, 2894, 0, 0
8388, 23, 174, 1234, 0, 0, 4.42%, 0, 2, 11, 716.72, 4174452, 2894, 0, 0
8393, 23, 413, 1234, 0, 0, 4.42%, 0, 2, 11, 746.83, 4175755, 2894, 0, 0
8399, 23, 91, 1234, 0, 0, 4.42%, 0, 2, 11, 70.44, 4177166, 2894, 0, 0
8404, 23, 708, 1234, 0, 0, 4.42%, 0, 2, 11, 67.95, 4179123, 2894, 0, 0
8409, 23, 731, 1234, 0, 0, 4.42%, 0, 2, 11, 71.14, 4181152, 2894, 0, 0
8414, 23, 826, 1234, 0, 0, 4.42%, 0, 2, 11, 61.44, 4183043, 2894, 0, 0
8419, 23, 1161, 1234, 0, 0, 4.42%, 0, 2, 11, 136.17, 4185027, 2894, 0, 0
8424, 23, 371, 1234, 0, 0, 4.42%, 0, 2, 11, 777.79, 4186639, 2894, 0, 0
8429, 23, 617, 1234, 0, 0, 4.42%, 0, 2, 11, 768.81, 4187884, 2894, 0, 0
8434, 23, 1060, 1234, 0, 0, 4.42%, 0, 2, 11, 63.67, 4189162, 2894, 0, 0
8439, 24, 638, 1234, 0, 0, 4.42%, 0, 2, 11, 57.67, 4191115, 2894, 0, 0
8445, 24, 375, 1245, 11, 0, 4.44%, 0, 2, 11, 676.44, 4194483, 2907, 0, 0
8450, 24, 174, 1282, 42, 0, 4.45%, 0, 2, 11, 777.15, 4198540, 2914, 0, 0
8455, 24, 356, 1282, 42, 0, 4.45%, 0, 2, 11, 793.30, 4202627, 2914, 0, 0
8460, 24, 29, 1282, 42, 0, 4.45%, 0, 2, 11, 775.12, 4206854, 2914, 0, 0
8465, 24, 1281, 1282, 39, 0, 4.45%, 0, 2, 11, 627.91, 4209901, 2914, 0, 0
8471, 24, 115, 1282, 37, 0, 4.45%, 0, 2, 11, 733.43, 4213748, 2914, 0, 0
8476, 24, 592, 1282, 35, 0, 4.45%, 0, 2, 11, 785.26, 4217782, 2914, 0, 0
8481, 24, 1056, 1282, 35, 0, 4.45%, 0, 2, 11, 717.92, 4221417, 2914, 0, 0
8486, 24, 424, 1282, 33, 0, 4.45%, 0, 2, 11, 778.00, 4225401, 2914, 0, 0
8491, 24, 659, 1282, 33, 0, 4.45%, 0, 2, 11, 685.24, 4228867, 2914, 0, 0
8496, 24, 1220, 1282, 32, 0, 4.45%, 0, 2, 11, 652.78, 4231998, 2914, 0, 0
8502, 24, 1276, 1283, 33, 0, 4.45%, 0, 2, 11, 654.61, 4236113, 2914, 0, 0
8508, 24, 1270, 1284, 30, 0, 4.45%, 0, 2, 11, 740.29, 4240081, 2914, 0, 0
8513, 24, 1282, 1284, 28, 0, 4.45%, 0, 2, 11, 763.05, 4244001, 2914, 0, 0
8518, 24, 239, 1284, 25, 0, 4.45%, 0, 2, 11, 787.69, 4247871, 2914, 0, 0
8523, 24, 1275, 1284, 25, 0, 4.45%, 0, 2, 11, 739.89, 4251676, 2914, 0, 0
8528, 24, 775, 1284, 23, 0, 4.45%, 0, 2, 11, 714.45, 4255342, 2914, 0, 0
8533, 24, 387, 1284, 22, 0, 4.45%, 0, 2, 11, 714.40, 4258659, 2914, 0, 0
8538, 24, 531, 1284, 22, 0, 4.45%, 0, 2, 11, 782.94, 4262702, 2914, 0, 0
8544, 24, 1002, 1284, 21, 0, 4.45%, 0, 2, 11, 786.32, 4266996, 2914, 0, 0
8549, 24, 101, 1284, 20, 0, 4.45%, 0, 2, 11, 787.00, 4270957, 2914, 0, 0
8554, 24, 764, 1284, 19, 0, 4.45%, 0, 2, 11, 778.37, 4274568, 2914, 0, 0
8559, 24, 85, 1284, 18, 0, 4.45%, 0, 2, 11, 75.47, 4278548, 2914, 0, 0
8564, 24, 424, 1284, 18, 0, 4.45%, 0, 2, 11, 789.51, 4281402, 2914, 0, 0
8569, 24, 1267, 1284, 16, 0, 4.45%, 0, 2, 11, 753.21, 4285116, 2914, 0, 0
8574, 24, 1089, 1284, 15, 0, 4.45%, 0, 2, 11, 676.41, 4288633, 2914, 0, 0
8579, 24, 78, 1284, 13, 0, 4.45%, 0, 2, 11, 789.61, 4292789, 2914, 0, 0
8585, 24, 319, 1284, 13, 0, 4.45%, 0, 2, 11, 746.06, 4296883, 2914, 0, 0
8590, 24, 1138, 1284, 13, 0, 4.45%, 0, 2, 11, 785.54, 4300848, 2914, 0, 0
8595, 24, 595, 1284, 12, 0, 4.45%, 0, 2, 11, 764.97, 4304959, 2914, 0, 0
8600, 24, 1161, 1284, 11, 0, 4.45%, 0, 2, 11, 804.63, 4309220, 2914, 0, 0
8605, 24, 115, 1284, 11, 0, 4.45%, 0, 2, 11, 832.98, 4313284, 2914, 0, 0
8610, 24, 91, 1284, 10, 0, 4.45%, 0, 2, 11, 798.11, 4317253, 2914, 0, 0
8615, 24, 1161, 1284, 10, 0, 4.45%, 0, 2, 11, 749.02, 4321094, 2914, 0, 0
8620, 24, 676, 1284, 10, 0, 4.45%, 0, 2, 11, 826.78, 4325278, 2914, 0, 0
8625, 24, 524, 1284, 10, 0, 4.45%, 0, 2, 11, 829.08, 4329542, 2914, 0, 0
8631, 24, 1284, 1288, 12, 1, 4.45%, 0, 2, 11, 811.30, 4333612, 2915, 0, 0
8636, 24, 1284, 1293, 17, 1, 4.45%, 0, 2, 11, 798.85, 4337647, 2915, 0, 0
8641, 24, 1284, 1293, 17, 1, 4.45%, 0, 2, 11, 793.21, 4341552, 2915, 0, 0
8646, 24, 1284, 1294, 18, 1, 4.45%, 0, 2, 11, 808.11, 4345622, 2915, 0, 0
8651, 24, 174, 1296, 17, 0, 4.45%, 0, 2, 11, 812.67, 4349710, 2915, 0, 0
8656, 24, 499, 1296, 17, 0, 4.45%, 0, 2, 11, 809.19, 4353760, 2915, 0, 0
8661, 24, 1260, 1296, 16, 0, 4.45%, 0, 2, 11, 793.16, 4357639, 2915, 0, 0
8666, 24, 987, 1296, 15, 0, 4.45%, 0, 2, 11, 823.86, 4361781, 2915, 0, 0
8671, 24, 571, 1296, 15, 0, 4.45%, 0, 2, 11, 839.36, 4366063, 2915, 0, 0
8676, 24, 1290, 1296, 15, 0, 4.45%, 0, 2, 11, 823.74, 4370091, 2915, 0, 0
8681, 24, 645, 1296, 15, 0, 4.45%, 0, 2, 11, 809.37, 4374121, 2915, 0, 0
8686, 24, 414, 1296, 14, 0, 4.45%, 0, 2, 11, 804.43, 4378142, 2915, 0, 0
8692, 24, 589, 1296, 14, 0, 4.45%, 0, 2, 11, 742.07, 4381733, 2915, 0, 0
8697, 25, 1205, 1296, 14, 0, 4.45%, 0, 2, 11, 815.57, 4386056, 2915, 0, 0
8703, 25, 899, 1297, 15, 0, 4.45%, 0, 2, 11, 747.56, 4390095, 2915, 0, 0
8708, 25, 1161, 1297, 15, 0, 4.45%, 0, 2, 11, 790.62, 4394127, 2915, 0, 0
8713, 25, 1288, 1301, 19, 0, 4.45%, 0, 2, 11, 811.96, 4398214, 2915, 0, 0
8719, 25, 1291, 1301, 18, 0, 4.45%, 0, 2, 11, 808.37, 4402409, 2915, 0, 0
8724, 25, 1214, 1301, 16, 0, 4.45%, 0, 2, 11, 769.51, 4406098, 2915, 0, 0
8729, 25, 929, 1301, 14, 0, 4.45%, 0, 2, 11, 827.27, 4410431, 2915, 0, 0
8734, 25, 427, 1301, 13, 0, 4.45%, 0, 2, 11, 824.92, 4414598, 2915, 0, 0
8739, 25, 388, 1301, 13, 0, 4.45%, 0, 2, 11, 814.16, 4418799, 2915, 0, 0
8744, 25, 686, 1301, 13, 0, 4.45%, 0, 2, 11, 791.98, 4422878, 2915, 0, 0
8749, 25, 11, 1301, 13, 0, 4.45%, 0, 2, 11, 839.71, 4427144, 2915, 0, 0
8754, 25, 1300, 1301, 13, 0, 4.45%, 0, 2, 11, 829.50, 4431364, 2915, 0, 0
8760, 25, 830, 1301, 12, 0, 4.45%, 0, 2, 11, 822.47, 4435316, 2915, 0, 0
8765, 25, 1240, 1301, 11, 0, 4.45%, 0, 2, 11, 71.43, 4438797, 2915, 0, 0
8770, 25, 1116, 1301, 11, 0, 4.45%, 0, 2, 11, 846.07, 4442771, 2915, 0, 0
8775, 25, 690, 1301, 10, 0, 4.45%, 0, 2, 11, 753.84, 4446318, 2915, 0, 0
8780, 25, 154, 1301, 9, 0, 4.45%, 0, 2, 11, 781.94, 4450174, 2915, 0, 0
8785, 25, 1161, 1301, 9, 0, 4.45%, 0, 2, 11, 815.00, 4453843, 2915, 0, 0
8790, 25, 420, 1301, 8, 0, 4.45%, 0, 2, 11, 818.22, 4457824, 2915, 0, 0
8795, 25, 657, 1301, 8, 0, 4.45%, 0, 2, 11, 795.98, 4461615, 2915, 0, 0
8801, 25, 834, 1301, 8, 0, 4.45%, 0, 2, 11, 822.04, 4465607, 2915, 0, 0
8806, 25, 209, 1301, 7, 0, 4.45%, 0, 2, 11, 725.00, 4469212, 2915, 0, 0
8811, 25, 883, 1301, 7, 0, 4.45%, 0, 2, 11, 864.04, 4473111, 2915, 0, 0
8816, 25, 888, 1301, 7, 0, 4.45%, 0, 2, 11, 812.61, 4477016, 2915, 0, 0
8821, 25, 447, 1301, 6, 0, 4.45%, 0, 2, 11, 795.89, 4480823, 2915, 0, 0
8826, 25, 479, 1301, 6, 0, 4.45%, 0, 2, 11, 729.95, 4484219, 2915, 0, 0
8831, 25, 593, 1301, 6, 0, 4.45%, 0, 2, 11, 524.63, 4487482, 2915, 0, 0
8836, 25, 739, 1301, 6, 0, 4.45%, 0, 2, 11, 726.19, 4491386, 2915, 0, 0
8841, 25, 1026, 1301, 6, 0, 4.45%, 0, 2, 11, 784.44, 4494950, 2915, 0, 0
8846, 25, 1013, 1301, 6, 0, 4.45%, 0, 2, 11, 829.59, 4499175, 2915, 0, 0
8851, 25, 665, 1301, 6, 0, 4.45%, 0, 2, 11, 828.25, 4502526, 2915, 0, 0
8856, 25, 1054, 1301, 6, 0, 4.45%, 0, 2, 11, 665.86, 4506140, 2915, 0, 0
8862, 25, 140, 1301, 5, 0, 4.45%, 0, 2, 11, 743.94, 4510170, 2915, 0, 0
8867, 25, 640, 1301, 5, 0, 4.45%, 0, 2, 11, 777.96, 4514101, 2915, 0, 0
8872, 25, 587, 1301, 5, 0, 4.45%, 0, 2, 11, 764.58, 4517788, 2915, 0, 0
8877, 25, 253, 1301, 5, 0, 4.45%, 0, 2, 11, 837.01, 4521875, 2915, 0, 0
8882, 25, 609, 1301, 5, 0, 4.45%, 0, 2, 11, 770.08, 4525595, 2915, 0, 0
8887, 25, 609, 1301, 5, 0, 4.45%, 0, 2, 11, 733.63, 4529076, 2915, 0, 0
8892, 25, 820, 1301, 5, 0, 4.45%, 0, 2, 11, 746.78, 4532801, 2915, 0, 0
8897, 25, 85, 1301, 5, 0, 4.45%, 0, 2, 11, 773.44, 4536553, 2915, 0, 0
8902, 25, 101, 1301, 4, 0, 4.45%, 0, 2, 11, 782.89, 4540539, 2915, 0, 0
8908, 25, 697, 1301, 4, 0, 4.45%, 0, 2, 11, 803.99, 4544431, 2915, 0, 0
8913, 25, 665, 1301, 4, 0, 4.45%, 0, 2, 11, 487.87, 4548221, 2915, 0, 0
8918, 25, 809, 1301, 4, 0, 4.45%, 0, 2, 11, 817.70, 4552162, 2915, 0, 0
8923, 25, 829, 1301, 4, 0, 4.45%, 0, 2, 11, 612.86, 4555194, 2915, 0, 0
8928, 25, 211, 1301, 4, 0, 4.45%, 0, 2, 11, 792.97, 4559654, 2915, 0, 0
8935, 26, 864, 1301, 4, 0, 4.45%, 0, 2, 11, 857.31, 4564300, 2915, 0, 0
8940, 26, 659, 1301, 3, 0, 4.45%, 0, 2, 11, 778.72, 4568056, 2915, 0, 0
8945, 26, 33, 1301, 3, 0, 4.45%, 0, 2, 11, 789.46, 4571758, 2915, 0, 0
8950, 26, 577, 1301, 3, 0, 4.45%, 0, 2, 11, 774.05, 4575568, 2915, 0, 0
8955, 26, 427, 1301, 3, 0, 4.45%, 0, 2, 11, 769.62, 4579421, 2915, 0, 0
8961, 26, 819, 1301, 3, 0, 4.45%, 0, 2, 11, 770.34, 4583477, 2915, 0, 0
8966, 26, 871, 1301, 3, 0, 4.45%, 0, 2, 11, 797.10, 4587497, 2915, 0, 0
8971, 26, 670, 1301, 2, 0, 4.45%, 0, 2, 11, 731.24, 4591034, 2915, 0, 0
8976, 26, 71, 1301, 2, 0, 4.45%, 0, 2, 11, 830.17, 4595064, 2915, 0, 0
8981, 26, 533, 1301, 2, 0, 4.45%, 0, 2, 11, 833.65, 4598995, 2915, 0, 0
8986, 26, 239, 1301, 2, 0, 4.45%, 0, 2, 11, 651.18, 4602408, 2915, 0, 0
8991, 26, 1169, 1301, 2, 0, 4.45%, 0, 2, 11, 766.45, 4606431, 2915, 0, 0
8997, 26, 685, 1301, 2, 0, 4.45%, 0, 2, 11, 842.29, 4610376, 2915, 0, 0
9002, 26, 577, 1301, 2, 0, 4.45%, 0, 2, 11, 844.66, 4613819, 2915, 0, 0
9007, 26, 577, 1301, 2, 0, 4.45%, 0, 2, 11, 699.01, 4617365, 2915, 0, 0
9012, 26, 25, 1301, 2, 0, 4.45%, 0, 2, 11, 787.90, 4621483, 2915, 0, 0
9017, 26, 633, 1301, 1, 0, 4.45%, 0, 2, 11, 795.80, 4625352, 2915, 0, 0
9023, 26, 11, 1301, 1, 0, 4.45%, 0, 2, 11, 843.53, 4629187, 2915, 0, 0
9028, 26, 490, 1301, 1, 0, 4.45%, 0, 2, 11, 764.48, 4632741, 2915, 0, 0
9033, 26, 1123, 1301, 1, 0, 4.45%, 0, 2, 11, 746.62, 4636336, 2915, 0, 0
9038, 26, 1136, 1301, 1, 0, 4.45%, 0, 2, 11, 759.14, 4639953, 2915, 0, 0
9043, 26, 834, 1301, 1, 0, 4.45%, 0, 2, 11, 764.89, 4643775, 2915, 0, 0
9048, 26, 525, 1301, 1, 0, 4.45%, 0, 2, 11, 84.39, 4647581, 2915, 0, 0
9054, 26, 752, 1301, 1, 0, 4.45%, 0, 2, 11, 70.43, 4649658, 2915, 0, 0
9060, 26, 852, 1301, 1, 0, 4.45%, 0, 2, 11, 425.55, 4650838, 2915, 0, 0
9065, 26, 515, 1301, 1, 0, 4.45%, 0, 2, 11, 440.39, 4653408, 2915, 0, 0
9070, 26, 329, 1301, 1, 0, 4.45%, 0, 2, 11, 65.00, 4655929, 2915, 0, 0
9075, 26, 1188, 1301, 1, 0, 4.45%, 0, 2, 11, 44.68, 4658494, 2915, 0, 0
9080, 26, 279, 1301, 1, 0, 4.45%, 0, 2, 11, 76.25, 4661281, 2915, 0, 0
9085, 26, 242, 1301, 1, 0, 4.45%, 0, 2, 11, 636.78, 4663790, 2915, 0, 0
9091, 26, 204, 1301, 1, 0, 4.45%, 0, 2, 11, 757.34, 4665504, 2915, 0, 0
9096, 26, 279, 1301, 1, 0, 4.45%, 0, 2, 11, 860.00, 4667269, 2915, 0, 0
9101, 26, 824, 1301, 1, 0, 4.45%, 0, 2, 11, 63.83, 4669724, 2915, 0, 0
9106, 26, 556, 1301, 1, 0, 4.45%, 0, 2, 11, 57.66, 4672237, 2915, 0, 0
9111, 26, 545, 1301, 1, 0, 4.45%, 0, 2, 11, 630.43, 4674901, 2915, 0, 0
9116, 26, 388, 1301, 1, 0, 4.45%, 0, 2, 11, 814.16, 4677123, 2915, 0, 0
9121, 26, 1060, 1301, 1, 0, 4.45%, 0, 2, 11, 690.91, 4679117, 2915, 0, 0
9126, 26, 407, 1301, 1, 0, 4.45%, 0, 2, 11, 447.39, 4681101, 2915, 0, 0
9132, 26, 770, 1301, 1, 0, 4.45%, 0, 2, 11, 62.28, 4683107, 2915, 0, 0
9137, 26, 108, 1301, 1, 0, 4.45%, 0, 2, 11, 66.29, 4684597, 2915, 0, 0
9142, 26, 1055, 1301, 1, 0, 4.45%, 0, 2, 11, 68.95, 4686863, 2915, 0, 0
9147, 26, 1257, 1301, 1, 0, 4.45%, 0, 2, 11, 620.86, 4689477, 2915, 0, 0
9152, 26, 1215, 1301, 1, 0, 4.45%, 0, 2, 11, 832.22, 4691143, 2915, 0, 0
9157, 26, 424, 1301, 1, 0, 4.45%, 0, 2, 11, 864.61, 4692585, 2915, 0, 0
9162, 26, 1142, 1301, 1, 0, 4.45%, 0, 2, 11, 68.42, 4694661, 2915, 0, 0
9167, 26, 643, 1301, 1, 0, 4.45%, 0, 2, 11, 65.58, 4697110, 2915, 0, 0
9173, 26, 878, 1301, 1, 0, 4.45%, 0, 2, 11, 696.04, 4699435, 2915, 0, 0
9178, 26, 595, 1301, 1, 0, 4.45%, 0, 2, 11, 723.30, 4701739, 2915, 0, 0
9184, 26, 607, 1301, 1, 0, 4.45%, 0, 2, 11, 507.50, 4703146, 2915, 0, 0
9189, 26, 739, 1301, 1, 0, 4.45%, 0, 2, 11, 872.09, 4704652, 2915, 0, 0
9194, 26, 725, 1301, 1, 0, 4.45%, 0, 2, 11, 69.70, 4706814, 2915, 0, 0
9199, 26, 1007, 1301, 1, 0, 4.45%, 0, 2, 11, 70.34, 4709219, 2915, 0, 0
9204, 26, 770, 1301, 1, 0, 4.45%, 0, 2, 11, 68.55, 4711639, 2915, 0, 0
9210, 26, 777, 1301, 1, 0, 4.45%, 0, 2, 11, 672.45, 4713376, 2915, 0, 0
9215, 26, 671, 1301, 1, 0, 4.45%, 0, 2, 11, 788.96, 4714956, 2915, 0, 0
9220, 26, 589, 1301, 1, 0, 4.45%, 0, 2, 11, 576.01, 4716417, 2915, 0, 0
9225, 26, 987, 1301, 1, 0, 4.45%, 0, 2, 11, 66.51, 4718423, 2915, 0, 0
9230, 26, 595, 1301, 1, 0, 4.45%, 0, 2, 11, 100.85, 4720344, 2915, 0, 0
9235, 26, 1232, 1302, 2, 0, 4.45%, 0, 2, 11, 67.81, 4721259, 2915, 0, 0
9240, 26, 1161, 1302, 2, 0, 4.45%, 0, 2, 11, 804.47, 4723533, 2915, 0, 0
9246, 26, 670, 1302, 2, 0, 4.45%, 0, 2, 11, 796.43, 4724847, 2915, 0, 0
9252, 26, 608, 1302, 2, 0, 4.45%, 0, 2, 11, 651.69, 4727119, 2915, 0, 0
9257, 26, 63, 1302, 2, 0, 4.45%, 0, 2, 11, 461.73, 4728251, 2915, 0, 0
9263, 26, 1301, 1302, 2, 0, 4.45%, 0, 2, 11, 53.00, 4729711, 2915, 0, 0
9268, 26, 447, 1302, 1, 0, 4.45%, 0, 2, 11, 75.53, 4730177, 2915, 0, 0
9273, 26, 997, 1302, 1, 0, 4.45%, 0, 2, 11, 68.99, 4732236, 2915, 0, 0
9278, 26, 1170, 1302, 1, 0, 4.45%, 0, 2, 11, 133.16, 4734371, 2915, 0, 0
9283, 27, 85, 1302, 1, 0, 4.45%, 0, 2, 11, 153.11, 4736577, 2915, 0, 0
9288, 27, 587, 1302, 1, 0, 4.45%, 0, 2, 11, 820.36, 4738289, 2915, 0, 0
9293, 27, 566, 1302, 1, 0, 4.45%, 0, 2, 11, 800.39, 4739607, 2915, 0, 0
9299, 27, 739, 1302, 1, 0, 4.45%, 0, 2, 11, 875.00, 4741147, 2915, 0, 0
9304, 27, 1054, 1302, 1, 0, 4.45%, 0, 2, 11, 95.43, 4743030, 2915, 0, 0
9309, 27, 315, 1302, 1, 0, 4.45%, 0, 2, 11, 66.56, 4745022, 2915, 0, 0
9314, 27, 1151, 1302, 1, 0, 4.45%, 0, 2, 11, 70.54, 4747132, 2915, 0, 0
9319, 27, 1127, 1302, 1, 0, 4.45%, 0, 2, 11, 862.44, 4748735, 2915, 0, 0
9324, 27, 890, 1302, 1, 0, 4.45%, 0, 2, 11, 72.57, 4749881, 2915, 0, 0
9329, 27, 143, 1302, 1, 0, 4.45%, 0, 2, 11, 66.75, 4752258, 2915, 0, 0
9334, 27, 651, 1302, 1, 0, 4.45%, 0, 2, 11, 76.98, 4754561, 2915, 0, 0
9339, 27, 269, 1302, 1, 0, 4.45%, 0, 2, 11, 657.24, 4756135, 2915, 0, 0
9344, 27, 383, 1302, 1, 0, 4.45%, 0, 2, 11, 64.56, 4757168, 2915, 0, 0
9350, 27, 657, 1302, 1, 0, 4.45%, 0, 2, 11, 64.82, 4759514, 2915, 0, 0
9355, 27, 95, 1302, 1, 0, 4.45%, 0, 2, 11, 68.24, 4761767, 2915, 0, 0
9360, 27, 390, 1302, 1, 0, 4.45%, 0, 2, 11, 866.82, 4763328, 2915, 0, 0
9365, 27, 569, 1302, 1, 0, 4.45%, 0, 2, 11, 110.38, 4764478, 2915, 0, 0
9370, 27, 210, 1302, 1, 0, 4.45%, 0, 2, 11, 70.48, 4766648, 2915, 0, 0
9375, 27, 609, 1302, 1, 0, 4.45%, 0, 2, 11, 49.48, 4768785, 2915, 0, 0
9380, 27, 1170, 1302, 1, 0, 4.45%, 0, 2, 11, 620.96, 4770477, 2915, 0, 0
9385, 27, 72, 1302, 1, 0, 4.45%, 0, 2, 11, 612.57, 4771741, 2915, 0, 0
9390, 27, 143, 1302, 1, 0, 4.45%, 0, 2, 11, 67.05, 4773374, 2915, 0, 0
9396, 27, 589, 1302, 1, 0, 4.45%, 0, 2, 11, 70.33, 4775716, 2915, 0, 0
9402, 27, 924, 1302, 1, 0, 4.45%, 0, 2, 11, 599.25, 4777772, 2915, 0, 0
9407, 27, 756, 1302, 1, 0, 4.45%, 0, 2, 11, 61.48, 4780079, 2915, 0, 0
9412, 27, 1203, 1302, 1, 0, 4.45%, 0, 2, 11, 709.95, 4781465, 2915, 0, 0
9417, 27, 384, 1302, 1, 0, 4.45%, 0, 2, 11, 79.73, 4782647, 2915, 0, 0
9423, 27, 259, 1302, 1, 0, 4.45%, 0, 2, 11, 114.27, 4784856, 2915, 0, 0
9428, 27, 67, 1302, 1, 0, 4.45%, 0, 2, 11, 66.56, 4786884, 2915, 0, 0
9433, 27, 631, 1302, 1, 0, 4.45%, 0, 2, 11, 698.46, 4788869, 2915, 0, 0
9438, 27, 829, 1302, 1, 0, 4.45%, 0, 2, 11, 525.08, 4790257, 2915, 0, 0
9443, 27, 609, 1302, 1, 0, 4.45%, 0, 2, 11, 76.36, 4791351, 2915, 0, 0
9448, 27, 390, 1302, 1, 0, 4.45%, 0, 2, 11, 65.48, 4792980, 2915, 0, 0
9453, 27, 257, 1302, 1, 0, 4.45%, 0, 2, 11, 70.20, 4795137, 2915, 0, 0
9458, 27, 1245, 1302, 1, 0, 4.45%, 0, 2, 11, 94.12, 4797293, 2915, 0, 0
9465, 27, 364, 1302, 1, 0, 4.45%, 0, 2, 11, 835.32, 4799534, 2915, 0, 0
9470, 27, 213, 1302, 1, 0, 4.45%, 0, 2, 11, 68.83, 4801625, 2915, 0, 0
9476, 27, 929, 1302, 1, 0, 4.45%, 0, 2, 11, 710.90, 4803398, 2915, 0, 0
9481, 27, 93, 1302, 1, 0, 4.45%, 0, 2, 11, 788.17, 4804419, 2915, 0, 0
9486, 27, 686, 1302, 1, 0, 4.45%, 0, 2, 11, 67.79, 4806285, 2915, 0, 0
9492, 27, 936, 1302, 1, 0, 4.45%, 0, 2, 11, 69.77, 4808482, 2915, 0, 0
9497, 27, 825, 1302, 1, 0, 4.45%, 0, 2, 11, 63.54, 4810531, 2915, 0, 0
9502, 27, 33, 1302, 1, 0, 4.45%, 0, 2, 11, 635.38, 4812570, 2915, 0, 0
9507, 27, 555, 1302, 1, 0, 4.45%, 0, 2, 11, 746.16, 4813474, 2915, 0, 0
9512, 27, 285, 1302, 1, 0, 4.45%, 0, 2, 11, 733.59, 4814734, 2915, 0, 0
9517, 27, 239, 1302, 1, 0, 4.45%, 0, 2, 11, 70.01, 4816293, 2915, 0, 0
9522, 27, 883, 1302, 1, 0, 4.45%, 0, 2, 11, 60.65, 4818361, 2915, 0, 0
9528, 27, 808, 1302, 1, 0, 4.45%, 0, 2, 11, 68.15, 4820337, 2915, 0, 0
9533, 27, 1192, 1302, 1, 0, 4.45%, 0, 2, 11, 622.01, 4822199, 2915, 0, 0
9539, 27, 946, 1302, 1, 0, 4.45%, 0, 2, 11, 69.49, 4824202, 2915, 0, 0
9544, 27, 1170, 1302, 1, 0, 4.45%, 0, 2, 11, 758.52, 4826134, 2915, 0, 0
9549, 27, 643, 1302, 1, 0, 4.45%, 0, 2, 11, 556.48, 4827634, 2915, 0, 0
9554, 27, 577, 1302, 1, 0, 4.45%, 0, 2, 11, 553.80, 4828804, 2915, 0, 0
9559, 27, 687, 1302, 1, 0, 4.45%, 0, 2, 11, 67.47, 4830583, 2915, 0, 0
9564, 27, 593, 1302, 1, 0, 4.45%, 0, 2, 11, 69.08, 4832761, 2915, 0, 0
9569, 27, 236, 1302, 1, 0, 4.45%, 0, 2, 11, 69.84, 4834903, 2915, 0, 0
9575, 27, 374, 1302, 1, 0, 4.45%, 0, 2, 11, 823.45, 4836835, 2915, 0, 0
9580, 27, 86, 1302, 1, 0, 4.45%, 0, 2, 11, 895.00, 4837663, 2915, 0, 0
9585, 27, 708, 1302, 1, 0, 4.45%, 0, 2, 11, 67.24, 4839573, 2915, 0, 0
9590, 27, 100, 1302, 1, 0, 4.45%, 0, 2, 11, 70.72, 4841793, 2915, 0, 0
9595, 27, 1174, 1302, 1, 0, 4.45%, 0, 2, 11, 636.36, 4843971, 2915, 0, 0
9600, 27, 1162, 1302, 1, 0, 4.45%, 0, 2, 11, 503.36, 4844971, 2915, 0, 0
9606, 27, 1060, 1302, 1, 0, 4.45%, 0, 2, 11, 62.52, 4846355, 2915, 0, 0
9611, 27, 1116, 1302, 1, 0, 4.45%, 0, 2, 11, 56.81, 4848269, 2915, 0, 0
9616, 27, 1087, 1302, 1, 0, 4.45%, 0, 2, 11, 53.30, 4850398, 2915, 0, 0
9621, 27, 1124, 1302, 1, 0, 4.45%, 0, 2, 11, 486.34, 4851680, 2915, 0, 0
9626, 27, 375, 1302, 1, 0, 4.45%, 0, 2, 11, 72.76, 4852790, 2915, 0, 0
9631, 27, 1060, 1302, 1, 0, 4.45%, 0, 2, 11, 68.09, 4854927, 2915, 0, 0
9636, 27, 1210, 1302, 1, 0, 4.45%, 0, 2, 11, 67.57, 4857062, 2915, 0, 0
9641, 27, 143, 1302, 1, 0, 4.45%, 0, 2, 11, 790.93, 4858717, 2915, 0, 0
9646, 27, 827, 1302, 1, 0, 4.45%, 0, 2, 11, 844.74, 4859925, 2915, 0, 0
9651, 27, 711, 1320, 18, 0, 4.45%, 0, 2, 11, 67.77, 4861637, 2917, 0, 0
9657, 27, 421, 1320, 18, 0, 4.45%, 0, 2, 11, 162.23, 4863874, 2917, 0, 0
9662, 27, 91, 1320, 18, 0, 4.45%, 0, 2, 11, 70.87, 4866124, 2917, 0, 0
9667, 27, 383, 1320, 18, 0, 4.45%, 0, 2, 11, 612.76, 4867648, 2917, 0, 0
9672, 27, 1026, 1320, 18, 0, 4.45%, 0, 2, 11, 668.82, 4868938, 2917, 0, 0
9678, 27, 665, 1320, 18, 0, 4.45%, 0, 2, 11, 66.29, 4870543, 2917, 0, 0
9683, 27, 1317, 1320, 18, 0, 4.45%, 0, 2, 11, 59.19, 4872352, 2917, 0, 0
9688, 27, 42, 1320, 17, 0, 4.45%, 0, 2, 11, 71.80, 4874555, 2917, 0, 0
9693, 27, 1319, 1320, 17, 0, 4.45%, 0, 2, 11, 816.59, 4875991, 2917, 0, 0
9700, 27, 1319, 1320, 17, 0, 4.45%, 0, 2, 11, 527.36, 4877695, 2917, 0, 0
9705, 27, 156, 1320, 16, 0, 4.45%, 0, 2, 11, 543.25, 4878841, 2917, 0, 0
9710, 27, 398, 1320, 16, 0, 4.45%, 0, 2, 11, 631.14, 4880031, 2917, 0, 0
9715, 27, 809, 1320, 16, 0, 4.45%, 0, 2, 11, 63.50, 4881709, 2917, 0, 0
9720, 27, 892, 1320, 16, 0, 4.45%, 0, 2, 11, 59.89, 4883687, 2917, 0, 0
9725, 27, 617, 1320, 15, 0, 4.45%, 0, 2, 11, 52.46, 4885528, 2917, 0, 0
9730, 27, 34, 1320, 15, 0, 4.45%, 0, 2, 11, 68.94, 4887510, 2917, 0, 0
9737, 27, 423, 1320, 15, 0, 4.45%, 0, 2, 11, 834.26, 4889642, 2917, 0, 0
9743, 27, 1313, 1320, 15, 0, 4.45%, 0, 2, 11, 57.65, 4891488, 2917, 0, 0
9748, 27, 670, 1320, 13, 0, 4.45%, 0, 2, 11, 625.08, 4893422, 2917, 0, 0
9753, 27, 1318, 1320, 13, 0, 4.45%, 0, 2, 11, 812.42, 4894762, 2917, 0, 0
9758, 27, 1318, 1320, 13, 0, 4.45%, 0, 2, 11, 670.00, 4895935, 2917, 0, 0
9763, 27, 740, 1320, 12, 0, 4.45%, 0, 2, 11, 62.57, 4897549, 2917, 0, 0
9768, 27, 725, 1320, 11, 0, 4.45%, 0, 2, 11, 68.29, 4899437, 2917, 0, 0
9773, 27, 112, 1320, 11, 0, 4.45%, 0, 2, 11, 66.90, 4901464, 2917, 0, 0
9778, 27, 824, 1320, 11, 0, 4.45%, 0, 2, 11, 91.74, 4903486, 2917, 0, 0
9783, 27, 689, 1320, 11, 0, 4.45%, 0, 2, 11, 793.94, 4905313, 2917, 0, 0
9789, 27, 1160, 1320, 11, 0, 4.45%, 0, 2, 11, 873.74, 4906116, 2917, 0, 0
9794, 27, 1305, 1320, 11, 0, 4.45%, 0, 2, 11, 44.98, 4907641, 2917, 0, 0
9799, 27, 233, 1320, 10, 0, 4.45%, 0, 2, 11, 53.57, 4909077, 2917, 0, 0
9804, 27, 551, 1320, 10, 0, 4.45%, 0, 2, 11, 852.81, 4911091, 2917, 0, 0
9809, 27, 1315, 1320, 10, 0, 4.45%, 0, 2, 11, 872.30, 4911947, 2917, 0, 0
9814, 27, 1013, 1321, 9, 0, 4.45%, 0, 2, 11, 68.27, 4913540, 2917, 0, 0
9819, 27, 1085, 1321, 9, 0, 4.45%, 0, 2, 11, 69.70, 4915702, 2917, 0, 0
9824, 27, 787, 1321, 8, 0, 4.45%, 0, 2, 11, 678.55, 4917775, 2917, 0, 0
9830, 28, 85, 1321, 8, 0, 4.45%, 0, 2, 11, 786.22, 4918744, 2917, 0, 0
9835, 28, 425, 1321, 8, 0, 4.45%, 0, 2, 11, 76.29, 4920563, 2917, 0, 0
9840, 28, 1171, 1321, 8, 0, 4.45%, 0, 2, 11, 65.24, 4922588, 2917, 0, 0
9847, 28, 715, 1321, 8, 0, 4.45%, 0, 2, 11, 70.61, 4924704, 2917, 0, 0
9853, 28, 262, 1321, 8, 0, 4.45%, 0, 2, 11, 69.31, 4926868, 2917, 0, 0
9858, 28, 929, 1321, 8, 0, 4.45%, 0, 2, 11, 786.30, 4928991, 2917, 0, 0
9863, 28, 33, 1321, 8, 0, 4.45%, 0, 2, 11, 501.28, 4929863, 2917, 0, 0
9868, 28, 81, 1321, 8, 0, 4.45%, 0, 2, 11, 76.16, 4931340, 2917, 0, 0
9873, 28, 469, 1321, 7, 0, 4.45%, 0, 2, 11, 56.42, 4933390, 2917, 0, 0
9879, 28, 1130, 1321, 7, 0, 4.45%, 0, 2, 11, 683.23, 4935578, 2917, 0, 0
9884, 28, 1138, 1321, 7, 0, 4.45%, 0, 2, 11, 814.89, 4937574, 2917, 0, 0
9889, 28, 53, 1321, 7, 0, 4.45%, 0, 2, 11, 800.55, 4938442, 2917, 0, 0
9894, 28, 101, 1321, 7, 0, 4.45%, 0, 2, 11, 69.71, 4940360, 2917, 0, 0
9899, 28, 932, 1321, 7, 0, 4.45%, 0, 2, 11, 39.96, 4941476, 2917, 0, 0
9905, 28, 809, 1321, 7, 0, 4.45%, 0, 2, 11, 86.64, 4943645, 2917, 0, 0
9910, 28, 524, 1321, 7, 0, 4.45%, 0, 2, 11, 836.18, 4944938, 2917, 0, 0
9915, 28, 1054, 1321, 7, 0, 4.45%, 0, 2, 11, 875.00, 4946255, 2917, 0, 0
9920, 28, 1204, 1321, 7, 0, 4.45%, 0, 2, 11, 58.08, 4948130, 2917, 0, 0
9925, 28, 609, 1321, 7, 0, 4.45%, 0, 2, 11, 60.63, 4950121, 2917, 0, 0
9930, 28, 108, 1321, 7, 0, 4.45%, 0, 2, 11, 70.82, 4951983, 2917, 0, 0
9935, 28, 841, 1321, 7, 0, 4.45%, 0, 2, 11, 123.60, 4953893, 2917, 0, 0
9943, 28, 1132, 1321, 7, 0, 4.45%, 0, 2, 11, 843.93, 4956035, 2917, 0, 0
9948, 28, 67, 1321, 7, 0, 4.45%, 0, 2, 11, 68.73, 4958110, 2917, 0, 0
9953, 28, 740, 1321, 7, 0, 4.45%, 0, 2, 11, 663.04, 4959999, 2917, 0, 0
9958, 28, 708, 1321, 7, 0, 4.45%, 0, 2, 11, 813.27, 4961476, 2917, 0, 0
9963, 28, 890, 1321, 7, 0, 4.45%, 0, 2, 11, 844.76, 4962587, 2917, 0, 0
9968, 28, 686, 1321, 7, 0, 4.45%, 0, 2, 11, 878.79, 4965724, 2917, 0, 0
9973, 28, 375, 1321, 6, 0, 4.45%, 0, 2, 11, 828.85, 4969859, 2917, 0, 0
9978, 28, 808, 1321, 6, 0, 4.45%, 0, 2, 11, 781.42, 4973624, 2917, 0, 0
9984, 28, 1245, 1321, 6, 0, 4.45%, 0, 2, 11, 812.21, 4978137, 2917, 0, 0
9989, 28, 511, 1321, 6, 0, 4.45%, 0, 2, 11, 738.63, 4981781, 2917, 0, 0
9994, 28, 371, 1321, 6, 0, 4.45%, 0, 2, 11, 714.90, 4985323, 2917, 0, 0
9999, 28, 612, 1321, 6, 0, 4.45%, 0, 2, 11, 603.78, 4988460, 2917, 0, 0
10004, 28, 825, 1321, 6, 0, 4.45%, 0, 2, 11, 699.12, 4992120, 2917, 0, 0
10009, 28, 1124, 1321, 6, 0, 4.45%, 0, 2, 11, 749.06, 4996098, 2917, 0, 0
10014, 28, 33, 1321, 6, 0, 4.45%, 0, 2, 11, 709.76, 4999481, 2917, 0, 0
10019, 28, 154, 1321, 6, 0, 4.45%, 0, 2, 11, 695.15, 5003129, 2917, 0, 0
10025, 28, 830, 1321, 6, 0, 4.45%, 0, 2, 11, 653.65, 5005487, 2917, 0, 0
10030, 28, 85, 1321, 6, 0, 4.45%, 0, 2, 11, 624.66, 5008630, 2917, 0, 0
10035, 28, 1007, 1321, 6, 0, 4.45%, 0, 2, 11, 765.96, 5012681, 2917, 0, 0
10040, 28, 133, 1321, 6, 0, 4.45%, 0, 2, 11, 769.84, 5016611, 2917, 0, 0
10045, 28, 746, 1321, 6, 0, 4.45%, 0, 2, 11, 761.10, 5020524, 2917, 0, 0
10051, 28, 660, 1321, 6, 0, 4.45%, 0, 2, 11, 709.67, 5024815, 2917, 0, 0
10056, 28, 1314, 1321, 6, 0, 4.45%, 0, 2, 11, 751.15, 5028753, 2917, 0, 0
10061, 28, 609, 1321, 4, 0, 4.45%, 0, 2, 11, 742.19, 5032621, 2917, 0, 0
10066, 28, 152, 1321, 4, 0, 4.45%, 0, 2, 11, 753.20, 5036415, 2917, 0, 0
10071, 28, 740, 1321, 4, 0, 4.45%, 0, 2, 11, 801.30, 5040394, 2917, 0, 0
10076, 28, 665, 1321, 4, 0, 4.45%, 0, 2, 11, 805.52, 5044569, 2917, 0, 0
10081, 28, 104, 1321, 4, 0, 4.45%, 0, 2, 11, 806.39, 5048586, 2917, 0, 0
10086, 28, 447, 1321, 4, 0, 4.45%, 0, 2, 11, 789.21, 5052623, 2917, 0, 0
10091, 28, 1142, 1321, 4, 0, 4.45%, 0, 2, 11, 764.63, 5056503, 2917, 0, 0
10097, 28, 108, 1321, 3, 0, 4.45%, 0, 2, 11, 802.23, 5060592, 2917, 0, 0
10102, 28, 943, 1321, 3, 0, 4.45%, 0, 2, 11, 809.86, 5064793, 2917, 0, 0
10107, 28, 388, 1321, 3, 0, 4.45%, 0, 2, 11, 779.16, 5068546, 2917, 0, 0
10112, 28, 786, 1321, 3, 0, 4.45%, 0, 2, 11, 756.40, 5072497, 2917, 0, 0
10117, 28, 283, 1321, 3, 0, 4.45%, 0, 2, 11, 767.00, 5076332, 2917, 0, 0
10122, 28, 659, 1321, 3, 0, 4.45%, 0, 2, 11, 796.32, 5080482, 2917, 0, 0
10127, 28, 808, 1321, 3, 0, 4.45%, 0, 2, 11, 732.34, 5084306, 2917, 0, 0
10132, 29, 246, 1321, 3, 0, 4.45%, 0, 2, 11, 717.33, 5088062, 2917, 0, 0
10138, 29, 657, 1321, 3, 0, 4.45%, 0, 2, 11, 779.66, 5092189, 2917, 0, 0
10143, 29, 275, 1321, 3, 0, 4.45%, 0, 2, 11, 832.75, 5096429, 2917, 0, 0
10148, 29, 116, 1321, 3, 0, 4.45%, 0, 2, 11, 815.94, 5100547, 2917, 0, 0
10153, 29, 871, 1321, 3, 0, 4.45%, 0, 2, 11, 764.07, 5104434, 2917, 0, 0
10158, 29, 1205, 1321, 3, 0, 4.45%, 0, 2, 11, 803.02, 5108518, 2917, 0, 0
10163, 29, 387, 1321, 3, 0, 4.45%, 0, 2, 11, 821.68, 5112649, 2917, 0, 0
10168, 29, 871, 1321, 3, 0, 4.45%, 0, 2, 11, 800.04, 5116712, 2917, 0, 0
10173, 29, 53, 1322, 4, 0, 4.45%, 0, 2, 11, 774.64, 5120759, 2917, 0, 0
10178, 29, 827, 1322, 3, 0, 4.45%, 0, 2, 11, 639.92, 5124403, 2917, 0, 0
10183, 29, 154, 1322, 3, 0, 4.45%, 0, 2, 11, 739.11, 5128313, 2917, 0, 0
10189, 29, 340, 1322, 3, 0, 4.45%, 0, 2, 11, 802.57, 5132585, 2917, 0, 0
10194, 29, 1269, 1322, 3, 0, 4.45%, 0, 2, 11, 792.65, 5136601, 2917, 0, 0
10199, 29, 434, 1322, 3, 0, 4.45%, 0, 2, 11, 747.96, 5140283, 2917, 0, 0
10204, 29, 712, 1322, 3, 0, 4.45%, 0, 2, 11, 799.50, 5144660, 2917, 0, 0
10209, 29, 676, 1322, 3, 0, 4.45%, 0, 2, 11, 816.59, 5148929, 2917, 0, 0
10214, 29, 136, 1322, 3, 0, 4.45%, 0, 2, 11, 817.10, 5153201, 2917, 0, 0
10220, 29, 386, 1322, 3, 0, 4.45%, 0, 2, 11, 773.10, 5157087, 2917, 0, 0
10225, 29, 1205, 1322, 3, 0, 4.45%, 0, 2, 11, 775.02, 5160935, 2917, 0, 0
10230, 29, 1230, 1322, 3, 0, 4.45%, 0, 2, 11, 828.17, 5165282, 2917, 0, 0
10235, 29, 257, 1322, 3, 0, 4.45%, 0, 2, 11, 817.98, 5169541, 2917, 0, 0
10240, 29, 929, 1322, 3, 0, 4.45%, 0, 2, 11, 794.79, 5173385, 2917, 0, 0
10245, 29, 686, 1322, 3, 0, 4.45%, 0, 2, 11, 802.69, 5177329, 2917, 0, 0
10250, 29, 1179, 1322, 3, 0, 4.45%, 0, 2, 11, 765.92, 5181055, 2917, 0, 0
10255, 29, 1047, 1322, 3, 0, 4.45%, 0, 2, 11, 807.90, 5185317, 2917, 0, 0
10261, 29, 862, 1322, 3, 0, 4.45%, 0, 2, 11, 737.40, 5189160, 2917, 0, 0
10266, 29, 1277, 1322, 3, 0, 4.45%, 0, 2, 11, 780.32, 5193215, 2917, 0, 0
10271, 29, 1304, 1324, 4, 0, 4.45%, 0, 2, 11, 803.30, 5197418, 2917, 0, 0
10276, 29, 105, 1324, 4, 0, 4.45%, 0, 2, 11, 817.22, 5201519, 2917, 0, 0
10281, 29, 524, 1324, 4, 0, 4.45%, 0, 2, 11, 746.30, 5204329, 2917, 0, 0
10286, 29, 657, 1324, 4, 0, 4.45%, 0, 2, 11, 814.13, 5208511, 2917, 0, 0
10291, 29, 740, 1324, 3, 0, 4.45%, 0, 2, 11, 619.14, 5212546, 2917, 0, 0
10296, 29, 786, 1324, 3, 0, 4.45%, 0, 2, 11, 849.65, 5216177, 2917, 0, 0
10301, 29, 638, 1324, 3, 0, 4.45%, 0, 2, 11, 868.71, 5219798, 2917, 0, 0
10306, 29, 66, 1324, 2, 0, 4.45%, 0, 2, 11, 830.05, 5223890, 2917, 0, 0
10312, 29, 85, 1324, 2, 0, 4.45%, 0, 2, 11, 784.68, 5227916, 2917, 0, 0
10317, 29, 830, 1324, 2, 0, 4.45%, 0, 2, 11, 865.09, 5231737, 2917, 0, 0
10322, 29, 1123, 1324, 2, 0, 4.45%, 0, 2, 11, 759.38, 5235541, 2917, 0, 0
10327, 29, 577, 1324, 2, 0, 4.45%, 0, 2, 11, 755.37, 5239286, 2917, 0, 0
10333, 29, 1307, 1324, 2, 0, 4.45%, 0, 2, 11, 645.24, 5242653, 2917, 0, 0
10338, 29, 219, 1324, 1, 0, 4.45%, 0, 2, 11, 722.62, 5246542, 2917, 0, 0
10343, 29, 708, 1324, 1, 0, 4.45%, 0, 2, 11, 784.90, 5250368, 2917, 0, 0
10348, 29, 283, 1324, 1, 0, 4.45%, 0, 2, 11, 817.21, 5254074, 2917, 0, 0
10354, 29, 609, 1324, 1, 0, 4.45%, 0, 2, 11, 719.42, 5257848, 2917, 0, 0
10359, 30, 809, 1324, 1, 0, 4.45%, 0, 2, 11, 853.63, 5261902, 2917, 0, 0
10364, 30, 517, 1324, 1, 0, 4.45%, 0, 2, 11, 50.98, 5265327, 2917, 0, 0
10369, 30, 388, 1324, 1, 0, 4.45%, 0, 2, 11, 831.79, 5268788, 2917, 0, 0
10374, 30, 518, 1324, 1, 0, 4.45%, 0, 2, 11, 815.09, 5272741, 2917, 0, 0
10379, 30, 890, 1324, 1, 0, 4.45%, 0, 2, 11, 799.30, 5275687, 2917, 0, 0
10384, 30, 659, 1324, 1, 0, 4.45%, 0, 2, 11, 757.43, 5279524, 2917, 0, 0
10389, 30, 987, 1324, 0, 0, 4.45%, 0, 2, 11, 747.15, 5283207, 2917, 0, 0
10395, 30, 305, 1324, 0, 0, 4.45%, 0, 2, 11, 879.05, 5286986, 2917, 0, 0
10400, 30, 752, 1324, 0, 0, 4.45%, 0, 2, 11, 867.57, 5290548, 2917, 0, 0
10405, 30, 233, 1324, 0, 0, 4.45%, 0, 2, 11, 765.53, 5293696, 2917, 0, 0
10410, 30, 747, 1324, 0, 0, 4.45%, 0, 2, 11, 856.78, 5297660, 2917, 0, 0
10415, 30, 999, 1324, 0, 0, 4.45%, 0, 2, 11, 739.54, 5301370, 2917, 0, 0
10420, 30, 655, 1324, 0, 0, 4.45%, 0, 2, 11, 705.42, 5305379, 2917, 0, 0
10425, 30, 670, 1324, 0, 0, 4.45%, 0, 2, 11, 69.87, 5309222, 2917, 0, 0
10431, 30, 714, 1324, 0, 0, 4.45%, 0, 2, 11, 520.23, 5313184, 2917, 0, 0
10436, 30, 371, 1324, 0, 0, 4.45%, 0, 2, 11, 825.42, 5316902, 2917, 0, 0
10441, 30, 853, 1324, 0, 0, 4.45%, 0, 2, 11, 780.76, 5320655, 2917, 0, 0
10446, 30, 708, 1324, 0, 0, 4.45%, 0, 2, 11, 813.69, 5324791, 2917, 0, 0
10452, 30, 1273, 1324, 0, 0, 4.45%, 0, 2, 11, 772.73, 5328689, 2917, 0, 0
10457, 30, 1095, 1324, 0, 0, 4.45%, 0, 2, 11, 821.64, 5332294, 2917, 0, 0
10462, 30, 670, 1324, 0, 0, 4.45%, 0, 2, 11, 754.57, 5335332, 2917, 0, 0
10467, 30, 559, 1324, 0, 0, 4.45%, 0, 2, 11, 781.37, 5338970, 2917, 0, 0
10472, 30, 795, 1324, 0, 0, 4.45%, 0, 2, 11, 796.09, 5342878, 2917, 0, 0
10477, 30, 711, 1324, 0, 0, 4.45%, 0, 2, 11, 734.57, 5346508, 2917, 0, 0
10482, 30, 830, 1324, 0, 0, 4.45%, 0, 2, 11, 779.27, 5350604, 2917, 0, 0
10487, 30, 723, 1324, 0, 0, 4.45%, 0, 2, 11, 771.65, 5354368, 2917, 0, 0
10492, 30, 755, 1324, 0, 0, 4.45%, 0, 2, 11, 123.61, 5358006, 2917, 0, 0
10497, 30, 95, 1324, 0, 0, 4.45%, 0, 2, 11, 906.67, 5362125, 2917, 0, 0
10503, 30, 388, 1324, 0, 0, 4.45%, 0, 2, 11, 887.76, 5366198, 2917, 0, 0
10508, 30, 285, 1324, 0, 0, 4.45%, 0, 2, 11, 900.75, 5369930, 2917, 0, 0
10513, 30, 152, 1324, 0, 0, 4.45%, 0, 2, 11, 477.61, 5373633, 2917, 0, 0
10518, 30, 116, 1324, 0, 0, 4.45%, 0, 2, 11, 722.81, 5377650, 2917, 0, 0
10523, 30, 690, 1324, 0, 0, 4.45%, 0, 2, 11, 605.35, 5381624, 2917, 0, 0
10528, 30, 283, 1324, 0, 0, 4.45%, 0, 2, 11, 860.17, 5385639, 2917, 0, 0
10533, 30, 1303, 1324, 0, 0, 4.45%, 0, 2, 11, 881.27, 5388306, 2917, 0, 0
10538, 30, 132, 1324, 0, 0, 4.45%, 0, 2, 11, 819.31, 5392307, 2917, 0, 0
10544, 30, 772, 1324, 0, 0, 4.45%, 0, 2, 11, 869.31, 5396157, 2917, 0, 0
10549, 30, 491, 1324, 0, 0, 4.45%, 0, 2, 11, 65.04, 5396586, 2917, 0, 0
10554, 30, 793, 1324, 0, 0, 4.45%, 0, 2, 11, 703.77, 5400139, 2917, 0, 0
10559, 30, 834, 1324, 0, 0, 4.45%, 0, 2, 11, 861.40, 5403063, 2917, 0, 0
10565, 30, 388, 1324, 0, 0, 4.45%, 0, 2, 11, 763.57, 5405709, 2917, 0, 0
10570, 30, 609, 1324, 0, 0, 4.45%, 0, 2, 11, 784.91, 5408092, 2917, 0, 0
10575, 30, 829, 1324, 0, 0, 4.45%, 0, 2, 11, 929.15, 5410436, 2917, 0, 0
10580, 30, 283, 1324, 0, 0, 4.45%, 0, 2, 11, 70.97, 5412818, 2917, 0, 0
10585, 30, 1315, 1324, 0, 0, 4.45%, 0, 2, 11, 74.24, 5415821, 2917, 0, 0
10590, 30, 696, 1324, 0, 0, 4.45%, 0, 2, 11, 78.15, 5418658, 2917, 0, 0
10595, 30, 1304, 1324, 0, 0, 4.45%, 0, 2, 11, 72.91, 5421364, 2917, 0, 0
10600, 30, 213, 1324, 0, 0, 4.45%, 0, 2, 11, 75.08, 5424064, 2917, 0, 0
10606, 30, 1030, 1324, 0, 0, 4.45%, 0, 2, 11, 765.07, 5426820, 2917, 0, 0
10612, 31, 174, 1324, 0, 0, 4.45%, 0, 2, 11, 75.68, 5429446, 2917, 0, 0
10617, 31, 883, 1324, 0, 0, 4.45%, 0, 2, 11, 894.63, 5431863, 2917, 0, 0
10622, 31, 1254, 1324, 0, 0, 4.45%, 0, 2, 11, 855.69, 5433430, 2917, 0, 0
10627, 31, 543, 1324, 0, 0, 4.45%, 0, 2, 11, 73.80, 5435588, 2917, 0, 0
10632, 31, 427, 1324, 0, 0, 4.45%, 0, 2, 11, 76.91, 5438303, 2917, 0, 0
10637, 31, 499, 1324, 0, 0, 4.45%, 0, 2, 11, 122.64, 5441225, 2917, 0, 0
10642, 31, 825, 1324, 0, 0, 4.45%, 0, 2, 11, 904.28, 5443727, 2917, 0, 0
10648, 31, 85, 1324, 0, 0, 4.45%, 0, 2, 11, 923.82, 5445562, 2917, 0, 0
10653, 31, 66, 1324, 0, 0, 4.45%, 0, 2, 11, 585.09, 5447377, 2917, 0, 0
10658, 31, 1203, 1324, 0, 0, 4.45%, 0, 2, 11, 76.06, 5449446, 2917, 0, 0
10663, 31, 253, 1324, 0, 0, 4.45%, 0, 2, 11, 76.72, 5451507, 2917, 0, 0
10668, 31, 25, 1324, 0, 0, 4.45%, 0, 2, 11, 77.53, 5454174, 2917, 0, 0
10674, 31, 1066, 1324, 0, 0, 4.45%, 0, 2, 11, 602.22, 5456362, 2917, 0, 0
10679, 31, 1170, 1324, 0, 0, 4.45%, 0, 2, 11, 590.31, 5458221, 2917, 0, 0
10684, 31, 246, 1324, 0, 0, 4.45%, 0, 2, 11, 514.82, 5459833, 2917, 0, 0
10689, 31, 375, 1324, 0, 0, 4.45%, 0, 2, 11, 75.99, 5461493, 2917, 0, 0
10694, 31, 734, 1324, 0, 0, 4.45%, 0, 2, 11, 74.10, 5464084, 2917, 0, 0
10699, 31, 74, 1324, 0, 0, 4.45%, 0, 2, 11, 76.02, 5466678, 2917, 0, 0
10704, 31, 697, 1324, 0, 0, 4.45%, 0, 2, 11, 933.06, 5468695, 2917, 0, 0
10709, 31, 718, 1324, 0, 0, 4.45%, 0, 2, 11, 928.84, 5470313, 2917, 0, 0
10714, 31, 594, 1324, 0, 0, 4.45%, 0, 2, 11, 112.88, 5471827, 2917, 0, 0
10720, 31, 1033, 1324, 0, 0, 4.45%, 0, 2, 11, 76.06, 5474325, 2917, 0, 0
10725, 31, 313, 1324, 0, 0, 4.45%, 0, 2, 11, 76.42, 5476681, 2917, 0, 0
10730, 31, 113, 1324, 0, 0, 4.45%, 0, 2, 11, 73.75, 5478995, 2917, 0, 0
10735, 31, 589, 1324, 0, 0, 4.45%, 0, 2, 11, 950.54, 5480973, 2917, 0, 0
10740, 31, 390, 1324, 0, 0, 4.45%, 0, 2, 11, 910.34, 5482286, 2917, 0, 0
10745, 31, 1303, 1324, 0, 0, 4.45%, 0, 2, 11, 69.77, 5484323, 2917, 0, 0
10750, 31, 496, 1324, 0, 0, 4.45%, 0, 2, 11, 67.50, 5486660, 2917, 0, 0
10755, 31, 640, 1324, 0, 0, 4.45%, 0, 2, 11, 60.30, 5488985, 2917, 0, 0
10760, 31, 85, 1324, 0, 0, 4.45%, 0, 2, 11, 969.12, 5491115, 2917, 0, 0
10767, 31, 1206, 1324, 0, 0, 4.45%, 0, 2, 11, 573.56, 5493678, 2917, 0, 0
10773, 31, 746, 1324, 0, 0, 4.45%, 0, 2, 11, 837.90, 5495919, 2917, 0, 0
10778, 31, 249, 1324, 0, 0, 4.45%, 0, 2, 11, 925.93, 5497240, 2917, 0, 0
10783, 31, 1007, 1324, 0, 0, 4.45%, 0, 2, 11, 82.44, 5498594, 2917, 0, 0
10788, 31, 909, 1324, 0, 0, 4.45%, 0, 2, 11, 149.89, 5500464, 2917, 0, 0
10793, 31, 254, 1324, 0, 0, 4.45%, 0, 2, 11, 74.61, 5502358, 2917, 0, 0
10798, 31, 454, 1324, 0, 0, 4.45%, 0, 2, 11, 74.23, 5503125, 2917, 0, 0
10804, 31, 813, 1324, 0, 0, 4.45%, 0, 2, 11, 743.58, 5505219, 2917, 0, 0
10809, 31, 871, 1324, 0, 0, 4.45%, 0, 2, 11, 76.92, 5507642, 2917, 0, 0
10814, 31, 81, 1324, 0, 0, 4.45%, 0, 2, 11, 680.42, 5509369, 2917, 0, 0
10819, 31, 830, 1324, 0, 0, 4.45%, 0, 2, 11, 940.83, 5510920, 2917, 0, 0
10824, 31, 589, 1324, 0, 0, 4.45%, 0, 2, 11, 118.22, 5512419, 2917, 0, 0
10829, 31, 108, 1324, 0, 0, 4.45%, 0, 2, 11, 68.38, 5513618, 2917, 0, 0
10835, 31, 253, 1324, 0, 0, 4.45%, 0, 2, 11, 69.92, 5515740, 2917, 0, 0
10840, 31, 476, 1324, 0, 0, 4.45%, 0, 2, 11, 755.71, 5517980, 2917, 0, 0
10845, 31, 1110, 1324, 0, 0, 4.45%, 0, 2, 11, 507.54, 5519046, 2917, 0, 0
10850, 31, 1085, 1324, 0, 0, 4.45%, 0, 2, 11, 67.73, 5520165, 2917, 0, 0
10855, 31, 253, 1329, 5, 0, 4.45%, 0, 2, 11, 69.21, 5522259, 2917, 0, 0
10860, 31, 1328, 1329, 5, 0, 4.45%, 0, 2, 11, 70.04, 5523698, 2917, 0, 0
10865, 31, 1328, 1329, 5, 0, 4.45%, 0, 2, 11, 452.02, 5524785, 2917, 0, 0
10871, 31, 66, 1329, 4, 0, 4.45%, 0, 2, 11, 594.80, 5525786, 2917, 0, 0
10876, 31, 253, 1329, 4, 0, 4.45%, 0, 2, 11, 100.06, 5527060, 2917, 0, 0
10881, 31, 48, 1329, 4, 0, 4.45%, 0, 2, 11, 70.50, 5529284, 2917, 0, 0
10886, 31, 675, 1329, 4, 0, 4.45%, 0, 2, 11, 101.24, 5531247, 2917, 0, 0
10891, 31, 119, 1329, 4, 0, 4.45%, 0, 2, 11, 609.23, 5532643, 2917, 0, 0
10896, 31, 552, 1329, 4, 0, 4.45%, 0, 2, 11, 85.38, 5533827, 2917, 0, 0
10901, 31, 66, 1329, 4, 0, 4.45%, 0, 2, 11, 69.09, 5535860, 2917, 0, 0
10906, 31, 827, 1329, 4, 0, 4.45%, 0, 2, 11, 66.92, 5537752, 2917, 0, 0
10914, 31, 1327, 1329, 4, 0, 4.45%, 0, 2, 11, 149.88, 5540057, 2917, 0, 0
10920, 31, 804, 1329, 3, 0, 4.45%, 0, 2, 11, 765.63, 5542002, 2917, 0, 0
10925, 31, 1325, 1329, 3, 0, 4.45%, 0, 2, 11, 64.68, 5543917, 2917, 0, 0
10930, 31, 340, 1329, 2, 0, 4.45%, 0, 2, 11, 686.68, 5544929, 2917, 0, 0
10935, 31, 506, 1329, 2, 0, 4.45%, 0, 2, 11, 60.52, 5546119, 2917, 0, 0
10940, 31, 676, 1329, 2, 0, 4.45%, 0, 2, 11, 67.67, 5548181, 2917, 0, 0
10945, 31, 1182, 1329, 2, 0, 4.45%, 0, 2, 11, 130.56, 5550347, 2917, 0, 0
10950, 31, 496, 1329, 2, 0, 4.45%, 0, 2, 11, 104.34, 5552575, 2917, 0, 0
10955, 31, 809, 1329, 2, 0, 4.45%, 0, 2, 11, 683.25, 5553964, 2917, 0, 0
10960, 31, 143, 1329, 2, 0, 4.45%, 0, 2, 11, 590.00, 5555152, 2917, 0, 0
10965, 31, 587, 1329, 2, 0, 4.45%, 0, 2, 11, 64.13, 5557237, 2917, 0, 0
10971, 31, 348, 1329, 2, 0, 4.45%, 0, 2, 11, 71.34, 5559274, 2917, 0, 0
10976, 31, 910, 1329, 2, 0, 4.45%, 0, 2, 11, 539.28, 5561042, 2917, 0, 0
10982, 31, 1089, 1329, 2, 0, 4.45%, 0, 2, 11, 807.93, 5562959, 2917, 0, 0
10987, 31, 100, 1329, 2, 0, 4.45%, 0, 2, 11, 668.34, 5564147, 2917, 0, 0
10992, 31, 1304, 1329, 2, 0, 4.45%, 0, 2, 11, 403.12, 5565243, 2917, 0, 0
10997, 31, 193, 1329, 2, 0, 4.45%, 0, 2, 11, 51.70, 5566963, 2917, 0, 0
11002, 31, 115, 1329, 2, 0, 4.45%, 0, 2, 11, 65.16, 5568877, 2917, 0, 0
11008, 31, 1243, 1329, 2, 0, 4.45%, 0, 2, 11, 55.28, 5570980, 2917, 0, 0
11013, 31, 285, 1329, 2, 0, 4.45%, 0, 2, 11, 70.51, 5572702, 2917, 0, 0
11018, 31, 82, 1329, 2, 0, 4.45%, 0, 2, 11, 70.59, 5574617, 2917, 0, 0
11026, 31, 1225, 1329, 2, 0, 4.45%, 0, 2, 11, 724.21, 5576778, 2917, 0, 0
11031, 31, 696, 1329, 2, 0, 4.45%, 0, 2, 11, 76.30, 5578875, 2917, 0, 0
11036, 31, 1127, 1329, 2, 0, 4.45%, 0, 2, 11, 925.82, 5581057, 2917, 0, 0
11041, 31, 44, 1329, 2, 0, 4.45%, 0, 2, 11, 920.59, 5582571, 2917, 0, 0
11046, 31, 1315, 1329, 2, 0, 4.45%, 0, 2, 11, 729.69, 5584009, 2917, 0, 0
11051, 31, 897, 1329, 2, 0, 4.45%, 0, 2, 11, 72.10, 5585851, 2917, 0, 0
11056, 31, 681, 1329, 2, 0, 4.45%, 0, 2, 11, 77.15, 5587966, 2917, 0, 0
11061, 31, 208, 1329, 1, 0, 4.45%, 0, 2, 11, 77.31, 5590209, 2917, 0, 0
11066, 31, 1263, 1329, 1, 0, 4.45%, 0, 2, 11, 670.97, 5591838, 2917, 0, 0
11072, 31, 86, 1329, 1, 0, 4.45%, 0, 2, 11, 390.00, 5592894, 2917, 0, 0
11077, 31, 1093, 1329, 1, 0, 4.45%, 0, 2, 11, 76.95, 5595227, 2917, 0, 0
11082, 31, 1060, 1329, 1, 0, 4.45%, 0, 2, 11, 78.73, 5597694, 2917, 0, 0
11087, 31, 671, 1329, 1, 0, 4.45%, 0, 2, 11, 704.20, 5599959, 2917, 0, 0
11092, 31, 285, 1329, 1, 0, 4.45%, 0, 2, 11, 758.73, 5601120, 2917, 0, 0
11097, 31, 353, 1329, 1, 0, 4.45%, 0, 2, 11, 76.00, 5602863, 2917, 0, 0
11102, 32, 762, 1329, 1, 0, 4.45%, 0, 2, 11, 71.43, 5605163, 2917, 0, 0
11107, 32, 690, 1329, 1, 0, 4.45%, 0, 2, 11, 125.04, 5607603, 2917, 0, 0
11113, 32, 381, 1329, 1, 0, 4.45%, 0, 2, 11, 939.66, 5609214, 2917, 0, 0
11119, 32, 1326, 1329, 1, 0, 4.45%, 0, 2, 11, 482.76, 5611318, 2917, 0, 0
11124, 32, 433, 1329, 0, 0, 4.45%, 0, 2, 11, 71.67, 5612730, 2917, 0, 0
11129, 32, 105, 1329, 0, 0, 4.45%, 0, 2, 11, 72.76, 5615152, 2917, 0, 0
11134, 32, 528, 1329, 0, 0, 4.45%, 0, 2, 11, 70.99, 5617412, 2917, 0, 0
11139, 32, 1127, 1329, 0, 0, 4.45%, 0, 2, 11, 618.69, 5619320, 2917, 0, 0
11144, 32, 797, 1329, 0, 0, 4.45%, 0, 2, 11, 755.14, 5620267, 2917, 0, 0
11149, 32, 74, 1329, 0, 0, 4.45%, 0, 2, 11, 78.23, 5622395, 2917, 0, 0
11154, 32, 218, 1329, 0, 0, 4.45%, 0, 2, 11, 76.72, 5624672, 2917, 0, 0
11160, 32, 388, 1329, 0, 0, 4.45%, 0, 2, 11, 803.47, 5626962, 2917, 0, 0
11165, 32, 786, 1329, 0, 0, 4.45%, 0, 2, 11, 453.23, 5627995, 2917, 0, 0
11170, 32, 545, 1329, 0, 0, 4.45%, 0, 2, 11, 64.82, 5629437, 2917, 0, 0
11175, 32, 860, 1329, 0, 0, 4.45%, 0, 2, 11, 78.43, 5631606, 2917, 0, 0
11180, 32, 526, 1329, 0, 0, 4.45%, 0, 2, 11, 78.68, 5633796, 2917, 0, 0
11185, 32, 152, 1329, 0, 0, 4.45%, 0, 2, 11, 75.12, 5636016, 2917, 0, 0
11191, 32, 154, 1329, 0, 0, 4.45%, 0, 2, 11, 918.18, 5637522, 2917, 0, 0
11196, 32, 524, 1329, 0, 0, 4.45%, 0, 2, 11, 77.44, 5638839, 2917, 0, 0
11201, 32, 100, 1329, 0, 0, 4.45%, 0, 2, 11, 76.27, 5640983, 2917, 0, 0
11206, 32, 898, 1329, 0, 0, 4.45%, 0, 2, 11, 78.70, 5642898, 2917, 0, 0
11211, 32, 1303, 1329, 0, 0, 4.45%, 0, 2, 11, 78.50, 5645271, 2917, 0, 0
11216, 32, 786, 1329, 0, 0, 4.45%, 0, 2, 11, 941.65, 5647423, 2917, 0, 0
11221, 32, 285, 1329, 0, 0, 4.45%, 0, 2, 11, 872.74, 5649030, 2917, 0, 0
11226, 32, 67, 1329, 0, 0, 4.45%, 0, 2, 11, 638.49, 5650388, 2917, 0, 0
11231, 32, 12, 1329, 0, 0, 4.45%, 0, 2, 11, 72.57, 5652184, 2917, 0, 0
11236, 32, 467, 1329, 0, 0, 4.45%, 0, 2, 11, 45.58, 5653880, 2917, 0, 0
11242, 32, 138, 1329, 0, 0, 4.45%, 0, 2, 11, 71.42, 5656168, 2917, 0, 0
11247, 32, 395, 1329, 0, 0, 4.45%, 0, 2, 11, 76.53, 5658252, 2917, 0, 0
11252, 32, 601, 1329, 0, 0, 4.45%, 0, 2, 11, 689.81, 5660227, 2917, 0, 0
11257, 32, 233, 1329, 0, 0, 4.45%, 0, 2, 11, 615.41, 5661869, 2917, 0, 0
11262, 32, 393, 1329, 0, 0, 4.45%, 0, 2, 11, 761.37, 5663720, 2917, 0, 0
11267, 32, 213, 1329, 0, 0, 4.45%, 0, 2, 11, 75.62, 5665315, 2917, 0, 0
11273, 32, 1203, 1329, 0, 0, 4.45%, 0, 2, 11, 78.08, 5667359, 2917, 0, 0
11278, 32, 689, 1329, 0, 0, 4.45%, 0, 2, 11, 78.15, 5669492, 2917, 0, 0
11283, 32, 525, 1329, 0, 0, 4.45%, 0, 2, 11, 645.30, 5671511, 2917, 0, 0
11288, 32, 499, 1329, 0, 0, 4.45%, 0, 2, 11, 908.05, 5673524, 2917, 0, 0
11293, 32, 1123, 1329, 0, 0, 4.45%, 0, 2, 11, 855.08, 5674781, 2917, 0, 0
11299, 32, 1172, 1329, 0, 0, 4.45%, 0, 2, 11, 75.60, 5676696, 2917, 0, 0
11304, 32, 1201, 1329, 0, 0, 4.45%, 0, 2, 11, 45.42, 5678640, 2917, 0, 0
11309, 32, 898, 1329, 0, 0, 4.45%, 0, 2, 11, 77.48, 5680887, 2917, 0, 0
11314, 32, 1110, 1329, 0, 0, 4.45%, 0, 2, 11, 956.19, 5682682, 2917, 0, 0
11319, 32, 676, 1329, 0, 0, 4.45%, 0, 2, 11, 440.02, 5683919, 2917, 0, 0
11324, 32, 992, 1329, 0, 0, 4.45%, 0, 2, 11, 72.44, 5685948, 2917, 0, 0
11329, 32, 675, 1329, 0, 0, 4.45%, 0, 2, 11, 77.31, 5688424, 2917, 0, 0
11334, 32, 830, 1329, 0, 0, 4.45%, 0, 2, 11, 921.73, 5690749, 2917, 0, 0
11339, 32, 609, 1329, 0, 0, 4.45%, 0, 2, 11, 639.44, 5691856, 2917, 0, 0
11344, 32, 112, 1329, 0, 0, 4.45%, 0, 2, 11, 78.89, 5693306, 2917, 0, 0
11349, 32, 752, 1329, 0, 0, 4.45%, 0, 2, 11, 68.93, 5695399, 2917, 0, 0
11354, 32, 752, 1329, 0, 0, 4.45%, 0, 2, 11, 75.57, 5697736, 2917, 0, 0
11360, 32, 665, 1329, 0, 0, 4.45%, 0, 2, 11, 878.99, 5699554, 2917, 0, 0
11365, 32, 909, 1329, 0, 0, 4.45%, 0, 2, 11, 513.41, 5700753, 2917, 0, 0
11370, 32, 852, 1329, 0, 0, 4.45%, 0, 2, 11, 66.45, 5702744, 2917, 0, 0
11375, 32, 115, 1329, 0, 0, 4.45%, 0, 2, 11, 78.93, 5705150, 2917, 0, 0
11380, 32, 801, 1329, 0, 0, 4.45%, 0, 2, 11, 75.63, 5707632, 2917, 0, 0
11385, 32, 325, 1329, 0, 0, 4.45%, 0, 2, 11, 944.86, 5709377, 2917, 0, 0
11391, 32, 1203, 1329, 0, 0, 4.45%, 0, 2, 11, 932.01, 5710870, 2917, 0, 0
11396, 32, 129, 1329, 0, 0, 4.45%, 0, 2, 11, 63.45, 5711499, 2917, 0, 0
11401, 32, 84, 1329, 0, 0, 4.45%, 0, 2, 11, 76.71, 5713846, 2917, 0, 0
11406, 32, 427, 1329, 0, 0, 4.45%, 0, 2, 11, 79.26, 5715909, 2917, 0, 0
11411, 32, 741, 1329, 0, 0, 4.45%, 0, 2, 11, 793.82, 5717990, 2917, 0, 0
11416, 32, 138, 1329, 0, 0, 4.45%, 0, 2, 11, 883.74, 5719284, 2917, 0, 0
11421, 32, 1210, 1329, 0, 0, 4.45%, 0, 2, 11, 465.00, 5720720, 2917, 0, 0
11426, 32, 738, 1329, 0, 0, 4.45%, 0, 2, 11, 72.14, 5722854, 2917, 0, 0
11431, 32, 93, 1329, 0, 0, 4.45%, 0, 2, 11, 106.01, 5724942, 2917, 0, 0
11436, 32, 236, 1329, 0, 0, 4.45%, 0, 2, 11, 75.82, 5727198, 2917, 0, 0
11442, 32, 890, 1329, 0, 0, 4.45%, 0, 2, 11, 77.35, 5729362, 2917, 0, 0
11447, 32, 522, 1329, 0, 0, 4.45%, 0, 2, 11, 685.42, 5731057, 2917, 0, 0
11454, 32, 158, 1329, 0, 0, 4.45%, 0, 2, 11, 580.70, 5735991, 2917, 0, 0
11459, 32, 221, 1329, 0, 0, 4.45%, 0, 2, 11, 846.30, 5740724, 2917, 0, 0
11464, 32, 738, 1329, 0, 0, 4.45%, 0, 2, 11, 876.78, 5745218, 2917, 0, 0
11469, 32, 987, 1329, 0, 0, 4.45%, 0, 2, 11, 821.40, 5748206, 2917, 0, 0
11474, 32, 113, 1329, 0, 0, 4.45%, 0, 2, 11, 777.34, 5752129, 2917, 0, 0
11479, 32, 39, 1329, 0, 0, 4.45%, 0, 2, 11, 760.99, 5755931, 2917, 0, 0
11484, 32, 33, 1329, 0, 0, 4.45%, 0, 2, 11, 754.73, 5759638, 2917, 0, 0
11490, 32, 885, 1329, 0, 0, 4.45%, 0, 2, 11, 772.56, 5763305, 2917, 0, 0
11495, 32, 112, 1329, 0, 0, 4.45%, 0, 2, 11, 857.06, 5767827, 2917, 0, 0
11500, 32, 1129, 1329, 0, 0, 4.45%, 0, 2, 11, 807.98, 5771842, 2917, 0, 0
11505, 32, 164, 1329, 0, 0, 4.45%, 0, 2, 11, 753.35, 5775877, 2917, 0, 0
11510, 33, 747, 1329, 0, 0, 4.45%, 0, 2, 11, 734.73, 5779614, 2917, 0, 0
11515, 33, 84, 1329, 0, 0, 4.45%, 0, 2, 11, 794.03, 5783598, 2917, 0, 0
11520, 33, 1016, 1329, 0, 0, 4.45%, 0, 2, 11, 876.63, 5788089, 2917, 0, 0
11525, 33, 55, 1329, 0, 0, 4.45%, 0, 2, 11, 904.80, 5792642, 2917, 0, 0
11530, 33, 388, 1329, 0, 0, 4.45%, 0, 2, 11, 905.01, 5797225, 2917, 0, 0
11535, 33, 33, 1329, 0, 0, 4.45%, 0, 2, 11, 852.71, 5800855, 2917, 0, 0
11540, 33, 897, 1329, 0, 0, 4.45%, 0, 2, 11, 819.41, 5805167, 2917, 0, 0
11545, 33, 25, 1329, 0, 0, 4.45%, 0, 2, 11, 880.24, 5809649, 2917, 0, 0
11550, 33, 871, 1329, 0, 0, 4.45%, 0, 2, 11, 867.48, 5814066, 2917, 0, 0
11556, 33, 387, 1329, 0, 0, 4.45%, 0, 2, 11, 813.93, 5818030, 2917, 0, 0
11561, 33, 149, 1329, 0, 0, 4.45%, 0, 2, 11, 903.49, 5822691, 2917, 0, 0
11566, 33, 963, 1329, 0, 0, 4.45%, 0, 2, 11, 911.11, 5827240, 2917, 0, 0
11571, 33, 676, 1329, 0, 0, 4.45%, 0, 2, 11, 934.46, 5832110, 2917, 0, 0
11576, 33, 105, 1329, 0, 0, 4.45%, 0, 2, 11, 777.21, 5836136, 2917, 0, 0
11581, 33, 680, 1329, 0, 0, 4.45%, 0, 2, 11, 879.22, 5840828, 2917, 0, 0
11586, 33, 657, 1329, 0, 0, 4.45%, 0, 2, 11, 862.56, 5845172, 2917, 0, 0
11591, 33, 116, 1329, 0, 0, 4.45%, 0, 2, 11, 876.76, 5849582, 2917, 0, 0
11598, 33, 648, 1329, 0, 0, 4.45%, 0, 2, 11, 887.81, 5855173, 2917, 0, 0
11603, 33, 643, 1329, 0, 0, 4.45%, 0, 2, 11, 768.84, 5859138, 2917, 0, 0
11608, 33, 653, 1329, 0, 0, 4.45%, 0, 2, 11, 884.00, 5863716, 2917, 0, 0
11613, 33, 929, 1329, 0, 0, 4.45%, 0, 2, 11, 883.25, 5868317, 2917, 0, 0
11618, 33, 683, 1329, 0, 0, 4.45%, 0, 2, 11, 823.99, 5872152, 2917, 0, 0
11624, 33, 204, 1329, 0, 0, 4.45%, 0, 2, 11, 856.38, 5876628, 2917, 0, 0
11629, 33, 770, 1329, 0, 0, 4.45%, 0, 2, 11, 864.21, 5880962, 2917, 0, 0
11634, 33, 13, 1329, 0, 0, 4.45%, 0, 2, 11, 903.84, 5885663, 2917, 0, 0
11639, 33, 890, 1329, 0, 0, 4.45%, 0, 2, 11, 862.82, 5890094, 2917, 0, 0
11644, 33, 963, 1329, 0, 0, 4.45%, 0, 2, 11, 879.63, 5894510, 2917, 0, 0
11649, 33, 165, 1329, 0, 0, 4.45%, 0, 2, 11, 901.29, 5899042, 2917, 0, 0
11654, 33, 386, 1329, 0, 0, 4.45%, 0, 2, 11, 920.68, 5903840, 2917, 0, 0
11659, 33, 112, 1329, 0, 0, 4.45%, 0, 2, 11, 893.84, 5908252, 2917, 0, 0
11664, 33, 834, 1329, 0, 0, 4.45%, 0, 2, 11, 872.43, 5912388, 2917, 0, 0
11669, 33, 434, 1329, 0, 0, 4.45%, 0, 2, 11, 887.44, 5916769, 2917, 0, 0
11674, 33, 577, 1329, 0, 0, 4.45%, 0, 2, 11, 908.96, 5921345, 2917, 0, 0
11679, 33, 243, 1329, 0, 0, 4.45%, 0, 2, 11, 919.31, 5926120, 2917, 0, 0
11685, 33, 739, 1329, 0, 0, 4.45%, 0, 2, 11, 874.83, 5930138, 2917, 0, 0
11690, 33, 1127, 1329, 0, 0, 4.45%, 0, 2, 11, 900.45, 5934778, 2917, 0, 0
11696, 33, 1073, 1329, 0, 0, 4.45%, 0, 2, 11, 903.14, 5939885, 2917, 0, 0
11701, 33, 1124, 1329, 0, 0, 4.45%, 0, 2, 11, 931.25, 5944739, 2917, 0, 0
11706, 34, 488, 1329, 0, 0, 4.45%, 0, 2, 11, 873.38, 5948977, 2917, 0, 0
11711, 34, 697, 1329, 0, 0, 4.45%, 0, 2, 11, 844.61, 5952967, 2917, 0, 0
11717, 34, 574, 1329, 0, 0, 4.45%, 0, 2, 11, 854.80, 5958247, 2917, 0, 0
11722, 34, 285, 1329, 0, 0, 4.45%, 0, 2, 11, 905.42, 5962815, 2917, 0, 0
11727, 34, 836, 1329, 0, 0, 4.45%, 0, 2, 11, 912.36, 5967283, 2917, 0, 0
11732, 34, 615, 1329, 0, 0, 4.45%, 0, 2, 11, 921.33, 5971981, 2917, 0, 0
11738, 34, 1281, 1329, 0, 0, 4.45%, 0, 2, 11, 889.16, 5976906, 2917, 0, 0
11744, 34, 1205, 1329, 0, 0, 4.45%, 0, 2, 11, 963.09, 5980884, 2917, 0, 0
11749, 34, 443, 1329, 0, 0, 4.45%, 0, 2, 11, 121.85, 5984763, 2917, 0, 0
11754, 34, 210, 1329, 0, 0, 4.45%, 0, 2, 11, 960.48, 5989000, 2917, 0, 0
11759, 34, 283, 1329, 0, 0, 4.45%, 0, 2, 11, 912.51, 5993037, 2917, 0, 0
11764, 34, 809, 1329, 0, 0, 4.45%, 0, 2, 11, 614.53, 5997096, 2917, 0, 0
11769, 34, 670, 1329, 0, 0, 4.45%, 0, 2, 11, 955.40, 6001331, 2917, 0, 0
11774, 34, 827, 1329, 0, 0, 4.45%, 0, 2, 11, 855.89, 6005546, 2917, 0, 0
11779, 34, 999, 1329, 0, 0, 4.45%, 0, 2, 11, 814.55, 6009609, 2917, 0, 0
11784, 34, 249, 1329, 0, 0, 4.45%, 0, 2, 11, 839.35, 6013582, 2917, 0, 0
11790, 34, 72, 1329, 0, 0, 4.45%, 0, 2, 11, 754.54, 6017904, 2917, 0, 0
11795, 34, 283, 1329, 0, 0, 4.45%, 0, 2, 11, 841.17, 6022328, 2917, 0, 0
11800, 34, 143, 1329, 0, 0, 4.45%, 0, 2, 11, 807.87, 6026497, 2917, 0, 0
11806, 34, 780, 1329, 0, 0, 4.45%, 0, 2, 11, 946.65, 6031679, 2917, 0, 0
11811, 34, 670, 1329, 0, 0, 4.45%, 0, 2, 11, 924.83, 6036145, 2917, 0, 0
11816, 34, 499, 1329, 0, 0, 4.45%, 0, 2, 11, 299.45, 6040169, 2917, 0, 0
11821, 34, 227, 1329, 0, 0, 4.45%, 0, 2, 11, 706.76, 6044245, 2917, 0, 0
11827, 34, 1309, 1329, 0, 0, 4.45%, 0, 2, 11, 857.71, 6048309, 2917, 0, 0
11832, 34, 809, 1329, 0, 0, 4.45%, 0, 2, 11, 276.33, 6051904, 2917, 0, 0
11837, 34, 609, 1329, 0, 0, 4.45%, 0, 2, 11, 714.63, 6056382, 2917, 0, 0
11843, 34, 827, 1329, 0, 0, 4.45%, 0, 2, 11, 817.77, 6060489, 2917, 0, 0
11848, 34, 420, 1329, 0, 0, 4.45%, 0, 2, 11, 867.98, 6064747, 2917, 0, 0
11853, 34, 424, 1329, 0, 0, 4.45%, 0, 2, 11, 942.50, 6069047, 2917, 0, 0
11858, 34, 1084, 1329, 0, 0, 4.45%, 0, 2, 11, 890.32, 6073148, 2917, 0, 0
11863, 34, 55, 1329, 0, 0, 4.45%, 0, 2, 11, 848.34, 6077227, 2917, 0, 0
11868, 34, 980, 1329, 0, 0, 4.45%, 0, 2, 11, 837.42, 6081349, 2917, 0, 0
11875, 34, 507, 1329, 0, 0, 4.45%, 0, 2, 11, 736.14, 6086513, 2917, 0, 0
11880, 34, 496, 1329, 0, 0, 4.45%, 0, 2, 11, 881.59, 6091080, 2917, 0, 0
11885, 34, 659, 1329, 0, 0, 4.45%, 0, 2, 11, 909.45, 6095292, 2917, 0, 0
11891, 34, 657, 1329, 0, 0, 4.45%, 0, 2, 11, 233.14, 6099415, 2917, 0, 0
11896, 34, 67, 1329, 0, 0, 4.45%, 0, 2, 11, 946.20, 6103774, 2917, 0, 0
11901, 34, 363, 1329, 0, 0, 4.45%, 0, 2, 11, 903.09, 6107753, 2917, 0, 0
11906, 34, 414, 1329, 0, 0, 4.45%, 0, 2, 11, 901.16, 6111996, 2917, 0, 0
11911, 35, 233, 1329, 0, 0, 4.45%, 0, 2, 11, 802.00, 6116344, 2917, 0, 0
11916, 35, 1092, 1329, 0, 0, 4.45%, 0, 2, 11, 892.47, 6120616, 2917, 0, 0
11922, 35, 1205, 1329, 0, 0, 4.45%, 0, 2, 11, 879.88, 6124977, 2917, 0, 0
11927, 35, 361, 1329, 0, 0, 4.45%, 0, 2, 11, 520.25, 6129382, 2917, 0, 0
11932, 35, 1218, 1329, 0, 0, 4.45%, 0, 2, 11, 941.09, 6133337, 2917, 0, 0
11937, 35, 536, 1329, 0, 0, 4.45%, 0, 2, 11, 768.47, 6137286, 2917, 0, 0
11942, 35, 829, 1329, 0, 0, 4.45%, 0, 2, 11, 114.29, 6141555, 2917, 0, 0
11948, 35, 1145, 1329, 0, 0, 4.45%, 0, 2, 11, 805.38, 6146237, 2917, 0, 0
11953, 35, 924, 1329, 0, 0, 4.45%, 0, 2, 11, 943.34, 6150656, 2917, 0, 0
11958, 35, 935, 1329, 0, 0, 4.45%, 0, 2, 11, 929.79, 6154536, 2917, 0, 0
11964, 35, 1060, 1329, 0, 0, 4.45%, 0, 2, 11, 856.15, 6158677, 2917, 0, 0
11969, 35, 609, 1329, 0, 0, 4.45%, 0, 2, 11, 726.67, 6160922, 2917, 0, 0
11974, 35, 1060, 1329, 0, 0, 4.45%, 0, 2, 11, 868.31, 6164946, 2917, 0, 0
11979, 35, 741, 1329, 0, 0, 4.45%, 0, 2, 11, 897.31, 6169180, 2917, 0, 0
11986, 35, 286, 1329, 0, 0, 4.45%, 0, 2, 11, 899.27, 6174604, 2917, 0, 0
11991, 35, 149, 1329, 0, 0, 4.45%, 0, 2, 11, 573.11, 6178878, 2917, 0, 0
11996, 35, 657, 1329, 0, 0, 4.45%, 0, 2, 11, 923.85, 6183009, 2917, 0, 0
12001, 35, 596, 1329, 0, 0, 4.45%, 0, 2, 11, 881.72, 6187103, 2917, 0, 0
12006, 35, 1241, 1329, 0, 0, 4.45%, 0, 2, 11, 845.96, 6191302, 2917, 0, 0
12013, 35, 626, 1329, 0, 0, 4.45%, 0, 2, 11, 940.66, 6196679, 2917, 0, 0
12018, 35, 987, 1329, 0, 0, 4.45%, 0, 2, 11, 948.46, 6201055, 2917, 0, 0
12023, 35, 219, 1329, 0, 0, 4.45%, 0, 2, 11, 880.17, 6205226, 2917, 0, 0
12028, 35, 600, 1329, 0, 0, 4.45%, 0, 2, 11, 978.57, 6209411, 2917, 0, 0
12034, 35, 114, 1329, 0, 0, 4.45%, 0, 2, 11, 150.82, 6213745, 2917, 0, 0
12039, 35, 1054, 1329, 0, 0, 4.45%, 0, 2, 11, 708.70, 6218118, 2917, 0, 0
12045, 35, 1310, 1329, 0, 0, 4.45%, 0, 2, 11, 777.57, 6223008, 2917, 0, 0
12050, 35, 45, 1329, 0, 0, 4.45%, 0, 2, 11, 78.03, 6226116, 2917, 0, 0
12055, 35, 686, 1329, 0, 0, 4.45%, 0, 2, 11, 77.34, 6226515, 2917, 0, 0
12060, 35, 1164, 1332, 3, 0, 4.45%, 0, 2, 11, 62.94, 6230527, 2917, 0, 0
12065, 35, 35, 1332, 3, 0, 4.45%, 0, 2, 11, 910.00, 6233788, 2917, 0, 0
12070, 35, 1096, 1332, 2, 0, 4.45%, 0, 2, 11, 526.42, 6235648, 2917, 0, 0
12076, 35, 829, 1332, 2, 0, 4.45%, 0, 2, 11, 957.99, 6237948, 2917, 0, 0
12081, 35, 829, 1332, 2, 0, 4.45%, 0, 2, 11, 78.09, 6241063, 2917, 0, 0
12086, 35, 1303, 1332, 2, 0, 4.45%, 0, 2, 11, 152.42, 6244496, 2917, 0, 0
12091, 35, 1123, 1332, 2, 0, 4.45%, 0, 2, 11, 950.39, 6247404, 2917, 0, 0
12097, 35, 1324, 1332, 2, 0, 4.45%, 0, 2, 11, 615.06, 6250252, 2917, 0, 0
12102, 35, 593, 1332, 2, 0, 4.45%, 0, 2, 11, 812.33, 6252305, 2917, 0, 0
12107, 35, 867, 1332, 2, 0, 4.45%, 0, 2, 11, 946.80, 6254621, 2917, 0, 0
12113, 35, 657, 1332, 2, 0, 4.45%, 0, 2, 11, 74.90, 6256869, 2917, 0, 0
12118, 35, 1329, 1332, 2, 0, 4.45%, 0, 2, 11, 66.67, 6259452, 2917, 0, 0
12123, 35, 738, 1332, 1, 0, 4.45%, 0, 2, 11, 76.53, 6262111, 2917, 0, 0
12128, 35, 883, 1332, 1, 0, 4.45%, 0, 2, 11, 73.48, 6264967, 2917, 0, 0
12133, 35, 514, 1332, 1, 0, 4.45%, 0, 2, 11, 738.91, 6266878, 2917, 0, 0
12138, 35, 723, 1332, 1, 0, 4.45%, 0, 2, 11, 968.97, 6268704, 2917, 0, 0
12144, 35, 74, 1332, 1, 0, 4.45%, 0, 2, 11, 990.00, 6270677, 2917, 0, 0
12149, 35, 883, 1332, 1, 0, 4.45%, 0, 2, 11, 78.56, 6272908, 2917, 0, 0
12154, 35, 149, 1332, 1, 0, 4.45%, 0, 2, 11, 117.01, 6275678, 2917, 0, 0
12159, 35, 561, 1332, 1, 0, 4.45%, 0, 2, 11, 839.19, 6278328, 2917, 0, 0
12164, 35, 233, 1332, 1, 0, 4.45%, 0, 2, 11, 928.29, 6280743, 2917, 0, 0
12169, 35, 741, 1332, 1, 0, 4.45%, 0, 2, 11, 978.48, 6282397, 2917, 0, 0
12175, 35, 786, 1332, 1, 0, 4.45%, 0, 2, 11, 485.00, 6284268, 2917, 0, 0
12180, 35, 657, 1332, 1, 0, 4.45%, 0, 2, 11, 74.13, 6286708, 2917, 0, 0
12185, 35, 725, 1332, 1, 0, 4.45%, 0, 2, 11, 74.01, 6289188, 2917, 0, 0
12190, 36, 609, 1332, 1, 0, 4.45%, 0, 2, 11, 64.27, 6291725, 2917, 0, 0
12195, 36, 1263, 1332, 1, 0, 4.45%, 0, 2, 11, 574.14, 6293688, 2917, 0, 0
12200, 36, 1205, 1332, 1, 0, 4.45%, 0, 2, 11, 758.90, 6295289, 2917, 0, 0
12205, 36, 138, 1332, 1, 0, 4.45%, 0, 2, 11, 78.35, 6297192, 2917, 0, 0
12210, 36, 108, 1332, 1, 0, 4.45%, 0, 2, 11, 73.44, 6299589, 2917, 0, 0
12215, 36, 1138, 1332, 1, 0, 4.45%, 0, 2, 11, 76.30, 6302151, 2917, 0, 0
12221, 36, 809, 1332, 1, 0, 4.45%, 0, 2, 11, 74.23, 6304525, 2917, 0, 0
12226, 36, 138, 1332, 1, 0, 4.45%, 0, 2, 11, 903.33, 6306640, 2917, 0, 0
12232, 36, 535, 1332, 1, 0, 4.45%, 0, 2, 11, 492.59, 6309033, 2917, 0, 0
12237, 36, 802, 1332, 1, 0, 4.45%, 0, 2, 11, 812.52, 6310922, 2917, 0, 0
12242, 36, 1076, 1332, 1, 0, 4.45%, 0, 2, 11, 988.76, 6312484, 2917, 0, 0
12247, 36, 253, 1332, 1, 0, 4.45%, 0, 2, 11, 114.92, 6313602, 2917, 0, 0
12253, 36, 898, 1332, 1, 0, 4.45%, 0, 2, 11, 75.27, 6315968, 2917, 0, 0
12258, 36, 1329, 1333, 2, 0, 4.45%, 0, 2, 11, 86.78, 6318328, 2917, 0, 0
12263, 36, 577, 1333, 2, 0, 4.45%, 0, 2, 11, 71.89, 6320633, 2917, 0, 0
12269, 36, 497, 1333, 2, 0, 4.45%, 0, 2, 11, 728.13, 6323075, 2917, 0, 0
12274, 36, 909, 1333, 2, 0, 4.45%, 0, 2, 11, 709.47, 6325426, 2917, 0, 0
12279, 36, 424, 1333, 2, 0, 4.45%, 0, 2, 11, 824.36, 6326864, 2917, 0, 0
12284, 36, 526, 1333, 2, 0, 4.45%, 0, 2, 11, 834.03, 6328514, 2917, 0, 0
12290, 36, 256, 1333, 2, 0, 4.45%, 0, 2, 11, 82.24, 6330700, 2917, 0, 0
12295, 36, 770, 1333, 2, 0, 4.45%, 0, 2, 11, 76.18, 6332838, 2917, 0, 0
12300, 36, 807, 1333, 2, 0, 4.45%, 0, 2, 11, 78.72, 6335164, 2917, 0, 0
12305, 36, 884, 1333, 2, 0, 4.45%, 0, 2, 11, 80.57, 6337728, 2917, 0, 0
12310, 36, 738, 1333, 2, 0, 4.45%, 0, 2, 11, 896.17, 6339937, 2917, 0, 0
12315, 36, 1054, 1333, 2, 0, 4.45%, 0, 2, 11, 900.99, 6340822, 2917, 0, 0
12320, 36, 556, 1333, 2, 0, 4.45%, 0, 2, 11, 73.53, 6342777, 2917, 0, 0
12326, 36, 1332, 1333, 2, 0, 4.45%, 0, 2, 11, 76.12, 6344899, 2917, 0, 0
12331, 36, 1283, 1333, 1, 0, 4.45%, 0, 2, 11, 66.76, 6347278, 2917, 0, 0
12336, 36, 820, 1333, 1, 0, 4.45%, 0, 2, 11, 937.47, 6349231, 2917, 0, 0
12341, 36, 1263, 1333, 1, 0, 4.45%, 0, 2, 11, 513.49, 6350138, 2917, 0, 0
12346, 36, 1233, 1333, 1, 0, 4.45%, 0, 2, 11, 73.01, 6351963, 2917, 0, 0
12351, 36, 827, 1333, 1, 0, 4.45%, 0, 2, 11, 77.18, 6354185, 2917, 0, 0
12356, 36, 987, 1333, 1, 0, 4.45%, 0, 2, 11, 111.70, 6356379, 2917, 0, 0
12363, 36, 1313, 1333, 1, 0, 4.45%, 0, 2, 11, 905.23, 6358078, 2917, 0, 0
12368, 36, 755, 1333, 1, 0, 4.45%, 0, 2, 11, 824.74, 6359748, 2917, 0, 0
12373, 36, 571, 1333, 1, 0, 4.45%, 0, 2, 11, 930.00, 6360964, 2917, 0, 0
12379, 36, 233, 1333, 1, 0, 4.45%, 0, 2, 11, 79.89, 6363270, 2917, 0, 0
12384, 36, 253, 1333, 1, 0, 4.45%, 0, 2, 11, 52.49, 6365656, 2917, 0, 0
12389, 36, 63, 1333, 1, 0, 4.45%, 0, 2, 11, 949.97, 6368021, 2917, 0, 0
12394, 36, 725, 1333, 1, 0, 4.45%, 0, 2, 11, 831.71, 6369456, 2917, 0, 0
12399, 36, 74, 1333, 1, 0, 4.45%, 0, 2, 11, 590.00, 6370828, 2917, 0, 0
12404, 36, 671, 1333, 1, 0, 4.45%, 0, 2, 11, 79.85, 6372964, 2917, 0, 0
12409, 36, 95, 1333, 1, 0, 4.45%, 0, 2, 11, 79.38, 6375361, 2917, 0, 0
12416, 36, 1330, 1333, 1, 0, 4.45%, 0, 2, 11, 895.85, 6377724, 2917, 0, 0
12421, 36, 1055, 1333, 0, 0, 4.45%, 0, 2, 11, 798.74, 6379999, 2917, 0, 0
12426, 36, 340, 1333, 0, 0, 4.45%, 0, 2, 11, 823.18, 6381229, 2917, 0, 0
12431, 36, 596, 1333, 0, 0, 4.45%, 0, 2, 11, 78.10, 6382582, 2917, 0, 0
12436, 36, 66, 1333, 0, 0, 4.45%, 0, 2, 11, 76.12, 6385056, 2917, 0, 0
12442, 36, 687, 1333, 0, 0, 4.45%, 0, 2, 11, 67.41, 6387140, 2917, 0, 0
12447, 36, 670, 1333, 0, 0, 4.45%, 0, 2, 11, 78.69, 6389442, 2917, 0, 0
12452, 36, 665, 1333, 0, 0, 4.45%, 0, 2, 11, 973.19, 6391488, 2917, 0, 0
12457, 36, 620, 1333, 0, 0, 4.45%, 0, 2, 11, 937.27, 6392619, 2917, 0, 0
12462, 36, 259, 1333, 0, 0, 4.45%, 0, 2, 11, 75.03, 6394329, 2917, 0, 0
12467, 36, 676, 1333, 0, 0, 4.45%, 0, 2, 11, 76.37, 6396645, 2917, 0, 0
12472, 36, 1027, 1333, 0, 0, 4.45%, 0, 2, 11, 830.12, 6398720, 2917, 0, 0
12477, 36, 1026, 1333, 0, 0, 4.45%, 0, 2, 11, 79.80, 6400834, 2917, 0, 0
12483, 36, 375, 1333, 0, 0, 4.45%, 0, 2, 11, 966.42, 6402846, 2917, 0, 0
12489, 36, 941, 1333, 0, 0, 4.45%, 0, 2, 11, 755.77, 6405054, 2917, 0, 0
12494, 36, 827, 1333, 0, 0, 4.45%, 0, 2, 11, 666.81, 6406653, 2917, 0, 0
12499, 36, 670, 1333, 0, 0, 4.45%, 0, 2, 11, 911.88, 6407951, 2917, 0, 0
12504, 36, 85, 1333, 0, 0, 4.45%, 0, 2, 11, 73.89, 6409534, 2917, 0, 0
12510, 36, 84, 1333, 0, 0, 4.45%, 0, 2, 11, 77.93, 6411780, 2917, 0, 0
12515, 36, 474, 1333, 0, 0, 4.45%, 0, 2, 11, 59.70, 6413914, 2917, 0, 0
12520, 36, 447, 1333, 0, 0, 4.45%, 0, 2, 11, 138.62, 6416049, 2917, 0, 0
12525, 36, 113, 1333, 0, 0, 4.45%, 0, 2, 11, 925.71, 6418374, 2917, 0, 0
12530, 36, 863, 1333, 0, 0, 4.45%, 0, 2, 11, 693.47, 6419907, 2917, 0, 0
12535, 36, 1263, 1333, 0, 0, 4.45%, 0, 2, 11, 942.65, 6421593, 2917, 0, 0
12540, 36, 1323, 1333, 0, 0, 4.45%, 0, 2, 11, 66.33, 6423267, 2917, 0, 0
12545, 36, 453, 1333, 0, 0, 4.45%, 0, 2, 11, 78.20, 6425768, 2917, 0, 0
12550, 36, 275, 1333, 0, 0, 4.45%, 0, 2, 11, 80.00, 6428167, 2917, 0, 0
12556, 36, 322, 1333, 0, 0, 4.45%, 0, 2, 11, 842.70, 6429549, 2917, 0, 0
12561, 36, 1045, 1333, 0, 0, 4.45%, 0, 2, 11, 74.49, 6430900, 2917, 0, 0
12566, 36, 845, 1333, 0, 0, 4.45%, 0, 2, 11, 60.92, 6433063, 2917, 0, 0
12571, 36, 1203, 1333, 0, 0, 4.45%, 0, 2, 11, 71.11, 6435343, 2917, 0, 0
12576, 36, 132, 1333, 0, 0, 4.45%, 0, 2, 11, 901.14, 6437583, 2917, 0, 0
12581, 36, 671, 1333, 0, 0, 4.45%, 0, 2, 11, 983.37, 6438680, 2917, 0, 0
12586, 36, 208, 1333, 0, 0, 4.45%, 0, 2, 11, 78.02, 6440556, 2917, 0, 0
12591, 36, 67, 1333, 0, 0, 4.45%, 0, 2, 11, 78.44, 6442871, 2917, 0, 0
12597, 36, 48, 1333, 0, 0, 4.45%, 0, 2, 11, 81.62, 6445315, 2917, 0, 0
12602, 36, 963, 1333, 0, 0, 4.45%, 0, 2, 11, 861.69, 6447077, 2917, 0, 0
12607, 36, 577, 1333, 0, 0, 4.45%, 0, 2, 11, 85.63, 6448139, 2917, 0, 0
12612, 36, 882, 1333, 0, 0, 4.45%, 0, 2, 11, 151.78, 6450556, 2917, 0, 0
12617, 36, 129, 1333, 0, 0, 4.45%, 0, 2, 11, 78.79, 6453062, 2917, 0, 0
12622, 36, 91, 1333, 0, 0, 4.45%, 0, 2, 11, 870.43, 6455321, 2917, 0, 0
12628, 36, 749, 1333, 0, 0, 4.45%, 0, 2, 11, 949.55, 6456856, 2917, 0, 0
12633, 36, 693, 1333, 0, 0, 4.45%, 0, 2, 11, 78.46, 6458195, 2917, 0, 0
12638, 36, 686, 1333, 0, 0, 4.45%, 0, 2, 11, 72.83, 6460597, 2917, 0, 0
12644, 36, 1082, 1333, 0, 0, 4.45%, 0, 2, 11, 890.70, 6463164, 2917, 0, 0
12649, 36, 420, 1333, 0, 0, 4.45%, 0, 2, 11, 76.97, 6465353, 2917, 0, 0
12654, 37, 149, 1333, 0, 0, 4.45%, 0, 2, 11, 867.77, 6467299, 2917, 0, 0
12659, 37, 1253, 1333, 0, 0, 4.45%, 0, 2, 11, 930.35, 6468355, 2917, 0, 0
12665, 37, 329, 1333, 0, 0, 4.45%, 0, 2, 11, 78.35, 6470552, 2917, 0, 0
12670, 37, 613, 1333, 0, 0, 4.45%, 0, 2, 11, 78.20, 6472688, 2917, 0, 0
12675, 37, 1005, 1333, 0, 0, 4.45%, 0, 2, 11, 70.64, 6475036, 2917, 0, 0
12681, 37, 577, 1333, 0, 0, 4.45%, 0, 2, 11, 71.22, 6476882, 2917, 0, 0
12686, 37, 1139, 1333, 0, 0, 4.45%, 0, 2, 11, 674.18, 6478766, 2917, 0, 0
12691, 37, 85, 1333, 0, 0, 4.45%, 0, 2, 11, 491.32, 6480245, 2917, 0, 0
12697, 37, 1078, 1333, 0, 0, 4.45%, 0, 2, 11, 917.19, 6482772, 2917, 0, 0
12702, 37, 1018, 1333, 0, 0, 4.45%, 0, 2, 11, 991.88, 6484198, 2917, 0, 0
12707, 37, 108, 1333, 0, 0, 4.45%, 0, 2, 11, 77.75, 6486179, 2917, 0, 0
12712, 37, 420, 1333, 0, 0, 4.45%, 0, 2, 11, 77.43, 6488315, 2917, 0, 0
12717, 37, 370, 1333, 0, 0, 4.45%, 0, 2, 11, 70.14, 6490569, 2917, 0, 0
12723, 37, 533, 1333, 0, 0, 4.45%, 0, 2, 11, 69.65, 6492221, 2917, 0, 0
12728, 37, 808, 1333, 0, 0, 4.45%, 0, 2, 11, 803.51, 6494308, 2917, 0, 0
12733, 37, 825, 1333, 0, 0, 4.45%, 0, 2, 11, 712.93, 6495872, 2917, 0, 0
12738, 37, 883, 1333, 0, 0, 4.45%, 0, 2, 11, 864.26, 6497441, 2917, 0, 0
12743, 37, 152, 1333, 0, 0, 4.45%, 0, 2, 11, 69.21, 6499127, 2917, 0, 0
12748, 37, 898, 1333, 0, 0, 4.45%, 0, 2, 11, 76.45, 6500891, 2917, 0, 0
12753, 37, 752, 1333, 0, 0, 4.45%, 0, 2, 11, 77.35, 6503157, 2917, 0, 0
12759, 37, 801, 1333, 0, 0, 4.45%, 0, 2, 11, 76.62, 6505325, 2917, 0, 0
12765, 37, 604, 1333, 0, 0, 4.45%, 0, 2, 11, 885.96, 6507629, 2917, 0, 0
12770, 37, 657, 1333, 0, 0, 4.45%, 0, 2, 11, 865.90, 6509711, 2917, 0, 0
12775, 37, 121, 1333, 0, 0, 4.45%, 0, 2, 11, 921.18, 6510802, 2917, 0, 0
12780, 37, 390, 1333, 0, 0, 4.45%, 0, 2, 11, 74.89, 6512683, 2917, 0, 0
12786, 37, 405, 1333, 0, 0, 4.45%, 0, 2, 11, 848.52, 6515161, 2917, 0, 0
12791, 37, 699, 1333, 0, 0, 4.45%, 0, 2, 11, 47.27, 6517414, 2917, 0, 0
12796, 37, 739, 1333, 0, 0, 4.45%, 0, 2, 11, 919.09, 6518971, 2917, 0, 0
12801, 37, 687, 1333, 0, 0, 4.45%, 0, 2, 11, 950.25, 6520363, 2917, 0, 0
12806, 37, 385, 1333, 0, 0, 4.45%, 0, 2, 11, 71.79, 6522169, 2917, 0, 0
12811, 37, 1134, 1333, 0, 0, 4.45%, 0, 2, 11, 61.91, 6524285, 2917, 0, 0
12817, 37, 259, 1333, 0, 0, 4.45%, 0, 2, 11, 102.89, 6526764, 2917, 0, 0
12822, 37, 601, 1333, 0, 0, 4.45%, 0, 2, 11, 593.89, 6528080, 2917, 0, 0
12827, 37, 655, 1333, 0, 0, 4.45%, 0, 2, 11, 73.36, 6529550, 2917, 0, 0
12832, 37, 658, 1333, 0, 0, 4.45%, 0, 2, 11, 66.15, 6531672, 2917, 0, 0
12837, 37, 1085, 1333, 0, 0, 4.45%, 0, 2, 11, 78.00, 6533851, 2917, 0, 0
12842, 37, 612, 1333, 0, 0, 4.45%, 0, 2, 11, 657.51, 6535682, 2917, 0, 0
12847, 37, 993, 1333, 0, 0, 4.45%, 0, 2, 11, 894.72, 6536387, 2917, 0, 0
12852, 37, 443, 1333, 0, 0, 4.45%, 0, 2, 11, 76.73, 6538385, 2917, 0, 0
12857, 37, 686, 1333, 0, 0, 4.45%, 0, 2, 11, 76.95, 6540864, 2917, 0, 0
12863, 37, 822, 1333, 0, 0, 4.45%, 0, 2, 11, 880.94, 6543108, 2917, 0, 0
12869, 37, 177, 1333, 0, 0, 4.45%, 0, 2, 11, 951.00, 6545168, 2917, 0, 0
12874, 37, 829, 1333, 0, 0, 4.45%, 0, 2, 11, 515.68, 6546364, 2917, 0, 0
12879, 37, 138, 1333, 0, 0, 4.45%, 0, 2, 11, 85.01, 6548247, 2917, 0, 0
12884, 37, 963, 1333, 0, 0, 4.45%, 0, 2, 11, 145.97, 6550569, 2917, 0, 0
12889, 37, 904, 1333, 0, 0, 4.45%, 0, 2, 11, 73.39, 6552676, 2917, 0, 0
12894, 37, 676, 1333, 0, 0, 4.45%, 0, 2, 11, 657.80, 6553915, 2917, 0, 0
12899, 37, 670, 1333, 0, 0, 4.45%, 0, 2, 11, 838.60, 6555466, 2917, 0, 0
12904, 37, 210, 1333, 0, 0, 4.45%, 0, 2, 11, 78.33, 6557318, 2917, 0, 0
12909, 37, 670, 1333, 0, 0, 4.45%, 0, 2, 11, 77.42, 6559427, 2917, 0, 0
12914, 37, 828, 1333, 0, 0, 4.45%, 0, 2, 11, 77.25, 6561620, 2917, 0, 0
12920, 37, 413, 1333, 0, 0, 4.45%, 0, 2, 11, 75.63, 6563776, 2917, 0, 0
12925, 37, 816, 1333, 0, 0, 4.45%, 0, 2, 11, 742.43, 6565475, 2917, 0, 0
12930, 37, 115, 1333, 0, 0, 4.45%, 0, 2, 11, 959.38, 6566961, 2917, 0, 0
12935, 37, 149, 1333, 0, 0, 4.45%, 0, 2, 11, 78.42, 6568390, 2917, 0, 0
12940, 37, 78, 1333, 0, 0, 4.45%, 0, 2, 11, 93.19, 6570342, 2917, 0, 0
12945, 37, 1124, 1333, 0, 0, 4.45%, 0, 2, 11, 79.20, 6572578, 2917, 0, 0
12951, 37, 1237, 1333, 0, 0, 4.45%, 0, 2, 11, 156.76, 6574814, 2917, 0, 0
12956, 37, 825, 1333, 0, 0, 4.45%, 0, 2, 11, 126.47, 6576681, 2917, 0, 0
12961, 37, 39, 1333, 0, 0, 4.45%, 0, 2, 11, 894.94, 6578750, 2917, 0, 0
12966, 37, 1127, 1333, 0, 0, 4.45%, 0, 2, 11, 563.59, 6580204, 2917, 0, 0
12971, 37, 909, 1333, 0, 0, 4.45%, 0, 2, 11, 867.40, 6585049, 2917, 0, 0
12976, 37, 756, 1333, 0, 0, 4.45%, 0, 2, 11, 792.87, 6588767, 2917, 0, 0
12981, 37, 174, 1333, 0, 0, 4.45%, 0, 2, 11, 883.73, 6593325, 2917, 0, 0
12986, 37, 145, 1333, 0, 0, 4.45%, 0, 2, 11, 804.64, 6596804, 2917, 0, 0
12991, 37, 97, 1333, 0, 0, 4.45%, 0, 2, 11, 763.06, 6600619, 2917, 0, 0
12996, 37, 283, 1333, 0, 0, 4.45%, 0, 2, 11, 706.56, 6604159, 2917, 0, 0
13002, 37, 156, 1333, 0, 0, 4.45%, 0, 2, 11, 782.91, 6608058, 2917, 0, 0
13007, 37, 793, 1333, 0, 0, 4.45%, 0, 2, 11, 844.18, 6612418, 2917, 0, 0
13012, 37, 1013, 1333, 0, 0, 4.45%, 0, 2, 11, 807.19, 6616327, 2917, 0, 0
13017, 37, 143, 1333, 0, 0, 4.45%, 0, 2, 11, 859.96, 6620742, 2917, 0, 0
13022, 37, 936, 1333, 0, 0, 4.45%, 0, 2, 11, 838.96, 6624962, 2917, 0, 0
13027, 37, 810, 1333, 0, 0, 4.45%, 0, 2, 11, 703.51, 6628576, 2917, 0, 0
13032, 37, 545, 1333, 0, 0, 4.45%, 0, 2, 11, 809.13, 6632840, 2917, 0, 0
13037, 37, 740, 1333, 0, 0, 4.45%, 0, 2, 11, 884.82, 6637368, 2917, 0, 0
13042, 37, 1060, 1333, 0, 0, 4.45%, 0, 2, 11, 879.81, 6641810, 2917, 0, 0
13047, 37, 670, 1333, 0, 0, 4.45%, 0, 2, 11, 850.70, 6646171, 2917, 0, 0
13054, 37, 790, 1333, 0, 0, 4.45%, 0, 2, 11, 801.24, 6651114, 2917, 0, 0
13059, 38, 829, 1333, 0, 0, 4.45%, 0, 2, 11, 892.75, 6655699, 2917, 0, 0
13064, 38, 1205, 1333, 0, 0, 4.45%, 0, 2, 11, 905.47, 6660310, 2917, 0, 0
13069, 38, 285, 1333, 0, 0, 4.45%, 0, 2, 11, 809.40, 6664373, 2917, 0, 0
13074, 38, 116, 1333, 0, 0, 4.45%, 0, 2, 11, 879.15, 6668806, 2917, 0, 0
13079, 38, 687, 1333, 0, 0, 4.45%, 0, 2, 11, 907.57, 6673459, 2917, 0, 0
13084, 38, 1267, 1333, 0, 0, 4.45%, 0, 2, 11, 841.74, 6677766, 2917, 0, 0
13089, 38, 935, 1333, 0, 0, 4.45%, 0, 2, 11, 879.28, 6682242, 2917, 0, 0
13094, 38, 545, 1333, 0, 0, 4.45%, 0, 2, 11, 878.17, 6686726, 2917, 0, 0
13100, 38, 63, 1333, 0, 0, 4.45%, 0, 2, 11, 912.00, 6691479, 2917, 0, 0
13105, 38, 812, 1333, 0, 0, 4.45%, 0, 2, 11, 912.77, 6695999, 2917, 0, 0
13110, 38, 1203, 1333, 0, 0, 4.45%, 0, 2, 11, 919.94, 6700595, 2917, 0, 0
13115, 38, 25, 1333, 0, 0, 4.45%, 0, 2, 11, 870.25, 6704901, 2917, 0, 0
13120, 38, 129, 1333, 0, 0, 4.45%, 0, 2, 11, 878.54, 6709408, 2917, 0, 0
13125, 38, 1124, 1333, 0, 0, 4.45%, 0, 2, 11, 898.49, 6713786, 2917, 0, 0
13130, 38, 1094, 1334, 1, 0, 4.45%, 0, 2, 11, 928.57, 6718505, 2917, 0, 0
13135, 38, 370, 1334, 1, 0, 4.45%, 0, 2, 11, 805.15, 6722535, 2917, 0, 0
13140, 38, 72, 1334, 1, 0, 4.45%, 0, 2, 11, 919.31, 6727267, 2917, 0, 0
