# relative_time, cycles_done, cur_item, corpus_count, pending_total, pending_favs, map_size, saved_crashes, saved_hangs, max_depth, execs_per_sec, total_execs, edges_found, total_crashes, servers_count
61, 0, 0, 295, 295, 5, 26.22%, 0, 0, 2, 405.30, 25694, 548, 0, 0
66, 0, 0, 297, 297, 5, 26.22%, 0, 0, 2, 403.43, 27788, 548, 0, 0
71, 0, 0, 298, 298, 5, 26.22%, 0, 0, 2, 361.31, 29555, 548, 0, 0
76, 0, 0, 300, 300, 5, 26.22%, 0, 0, 2, 398.45, 31655, 548, 0, 0
82, 0, 0, 300, 300, 5, 26.22%, 0, 0, 2, 394.36, 33636, 548, 0, 0
87, 0, 0, 305, 305, 5, 26.22%, 0, 0, 2, 403.76, 35692, 548, 0, 0
92, 0, 0, 305, 305, 5, 26.22%, 0, 0, 2, 371.96, 37633, 548, 0, 0
97, 0, 0, 308, 308, 5, 26.22%, 0, 0, 2, 401.53, 39745, 548, 0, 0
102, 0, 0, 309, 309, 5, 26.22%, 0, 0, 2, 407.58, 41856, 548, 0, 0
107, 0, 0, 310, 310, 5, 26.22%, 0, 0, 2, 409.60, 43967, 548, 0, 0
112, 0, 0, 312, 312, 5, 26.27%, 0, 0, 2, 378.29, 45949, 549, 0, 0
118, 0, 0, 314, 314, 5, 26.27%, 0, 0, 2, 406.60, 48075, 549, 0, 0
123, 0, 0, 315, 315, 5, 26.27%, 0, 0, 2, 412.46, 50178, 549, 0, 0
128, 0, 0, 318, 318, 5, 26.32%, 0, 0, 2, 416.57, 52200, 550, 0, 0
133, 0, 0, 321, 321, 5, 26.41%, 0, 0, 2, 407.59, 54285, 552, 0, 0
138, 0, 3, 355, 354, 37, 26.65%, 0, 0, 2, 400.03, 56277, 557, 0, 0
143, 0, 3, 362, 361, 37, 26.65%, 0, 0, 2, 406.35, 58378, 557, 0, 0
148, 0, 3, 363, 362, 37, 26.65%, 0, 0, 2, 407.31, 60489, 557, 0, 0
153, 0, 3, 369, 368, 37, 26.70%, 0, 0, 2, 408.04, 62595, 558, 0, 0
159, 0, 3, 370, 369, 37, 26.70%, 0, 0, 2, 395.53, 64544, 558, 0, 0
164, 0, 3, 372, 371, 37, 26.70%, 0, 0, 2, 405.86, 66608, 558, 0, 0
169, 0, 55, 373, 367, 31, 26.70%, 0, 0, 2, 413.25, 68716, 558, 0, 0
174, 0, 26, 374, 351, 17, 26.70%, 0, 0, 2, 416.68, 70808, 558, 0, 0
179, 0, 202, 377, 343, 9, 26.70%, 0, 0, 3, 391.99, 72690, 558, 0, 0
184, 0, 76, 379, 329, 2, 26.70%, 0, 0, 3, 412.88, 74855, 558, 0, 0
189, 0, 260, 381, 316, 1, 26.70%, 0, 0, 3, 419.80, 76977, 558, 0, 0
194, 0, 78, 381, 304, 0, 26.70%, 0, 0, 3, 417.02, 79129, 558, 0, 0
199, 0, 372, 381, 296, 0, 26.70%, 0, 0, 3, 403.28, 81117, 558, 0, 0
204, 0, 52, 381, 282, 0, 26.70%, 0, 0, 3, 419.34, 83257, 558, 0, 0
209, 0, 205, 382, 274, 0, 26.70%, 0, 0, 3, 420.70, 85369, 558, 0, 0
214, 0, 288, 382, 268, 0, 26.70%, 0, 0, 3, 415.01, 87442, 558, 0, 0
219, 0, 55, 382, 257, 0, 26.70%, 0, 0, 3, 397.99, 89410, 558, 0, 0
225, 0, 310, 383, 250, 0, 26.70%, 0, 0, 3, 412.09, 91526, 558, 0, 0
230, 0, 317, 383, 241, 0, 26.70%, 0, 0, 3, 419.04, 93649, 558, 0, 0
235, 0, 331, 383, 236, 0, 26.70%, 0, 0, 3, 420.56, 95754, 558, 0, 0
240, 0, 47, 383, 230, 0, 26.70%, 0, 0, 3, 389.81, 97736, 558, 0, 0
245, 0, 322, 383, 224, 0, 26.70%, 0, 0, 3, 414.89, 99855, 558, 0, 0
250, 0, 245, 383, 216, 0, 26.70%, 0, 0, 3, 417.03, 101968, 558, 0, 0
255, 0, 190, 383, 213, 0, 26.70%, 0, 0, 3, 413.40, 104074, 558, 0, 0
260, 0, 42, 383, 207, 0, 26.70%, 0, 0, 3, 383.11, 106032, 558, 0, 0
265, 0, 25, 383, 198, 0, 26.70%, 0, 0, 3, 415.91, 108234, 558, 0, 0
270, 0, 296, 383, 192, 0, 26.70%, 0, 0, 3, 406.25, 110335, 558, 0, 0
276, 1, 62, 383, 182, 0, 26.70%, 0, 0, 3, 417.21, 112486, 558, 0, 0
281, 1, 319, 383, 170, 0, 26.70%, 0, 0, 3, 382.86, 114474, 558, 0, 0
286, 1, 360, 383, 157, 0, 26.70%, 0, 0, 3, 406.54, 116552, 558, 0, 0
291, 1, 374, 383, 148, 0, 26.70%, 0, 0, 3, 411.37, 118681, 558, 0, 0
296, 1, 159, 383, 136, 0, 26.70%, 0, 0, 3, 414.69, 120771, 558, 0, 0
301, 1, 279, 383, 127, 0, 26.70%, 0, 0, 3, 409.21, 122862, 558, 0, 0
306, 1, 350, 383, 120, 0, 26.70%, 0, 0, 3, 407.49, 124849, 558, 0, 0
311, 1, 216, 383, 111, 0, 26.70%, 0, 0, 3, 413.89, 126995, 558, 0, 0
316, 1, 173, 383, 100, 0, 26.70%, 0, 0, 3, 415.88, 129147, 558, 0, 0
321, 1, 205, 383, 89, 0, 26.70%, 0, 0, 3, 416.91, 131313, 558, 0, 0
326, 1, 195, 383, 82, 0, 26.70%, 0, 0, 3, 404.95, 133247, 558, 0, 0
331, 1, 280, 383, 80, 0, 26.70%, 0, 0, 3, 413.14, 135337, 558, 0, 0
337, 1, 245, 383, 76, 0, 26.70%, 0, 0, 3, 414.26, 137444, 558, 0, 0
342, 1, 364, 383, 73, 0, 26.70%, 0, 0, 3, 405.70, 139392, 558, 0, 0
347, 1, 344, 383, 70, 0, 26.70%, 0, 0, 3, 409.92, 141294, 558, 0, 0
352, 1, 361, 383, 64, 0, 26.70%, 0, 0, 3, 431.24, 143244, 558, 0, 0
357, 1, 250, 383, 61, 0, 26.70%, 0, 0, 3, 349.64, 145278, 558, 0, 0
362, 1, 372, 383, 54, 0, 26.70%, 0, 0, 3, 390.44, 147298, 558, 0, 0
367, 1, 280, 383, 52, 0, 26.70%, 0, 0, 3, 420.74, 149257, 558, 0, 0
372, 1, 293, 383, 48, 0, 26.70%, 0, 0, 3, 393.88, 151176, 558, 0, 0
377, 1, 202, 383, 45, 0, 26.70%, 0, 0, 3, 389.22, 153171, 558, 0, 0
383, 2, 55, 383, 42, 0, 26.70%, 0, 0, 3, 397.06, 155225, 558, 0, 0
388, 2, 23, 383, 40, 0, 26.70%, 0, 0, 3, 391.73, 157240, 558, 0, 0
393, 2, 327, 383, 36, 0, 26.70%, 0, 0, 3, 398.20, 159283, 558, 0, 0
398, 2, 47, 383, 33, 0, 26.70%, 0, 0, 3, 399.63, 161278, 558, 0, 0
403, 2, 159, 383, 30, 0, 26.70%, 0, 0, 3, 419.77, 163345, 558, 0, 0
408, 2, 202, 383, 30, 0, 26.70%, 0, 0, 3, 416.35, 165270, 558, 0, 0
414, 2, 280, 383, 30, 0, 26.70%, 0, 0, 3, 420.69, 167312, 558, 0, 0
419, 2, 337, 383, 29, 0, 26.70%, 0, 0, 3, 411.06, 169331, 558, 0, 0
424, 2, 205, 383, 29, 0, 26.70%, 0, 0, 3, 323.10, 171373, 558, 0, 0
429, 2, 159, 383, 28, 0, 26.70%, 0, 0, 3, 409.65, 173408, 558, 0, 0
434, 2, 88, 383, 27, 0, 26.70%, 0, 0, 3, 393.79, 175254, 558, 0, 0
439, 2, 371, 383, 25, 0, 26.70%, 0, 0, 3, 400.31, 177320, 558, 0, 0
444, 2, 374, 383, 23, 0, 26.70%, 0, 0, 3, 398.07, 179283, 558, 0, 0
450, 2, 196, 383, 21, 0, 26.70%, 0, 0, 3, 380.99, 181216, 558, 0, 0
455, 2, 337, 383, 18, 0, 26.70%, 0, 0, 3, 400.69, 183211, 558, 0, 0
460, 2, 378, 383, 17, 0, 26.70%, 0, 0, 3, 412.46, 185359, 558, 0, 0
465, 2, 286, 383, 16, 0, 26.70%, 0, 0, 3, 311.17, 187338, 558, 0, 0
470, 2, 322, 383, 16, 0, 26.70%, 0, 0, 3, 68.97, 189167, 558, 0, 0
475, 2, 212, 383, 16, 0, 26.70%, 0, 0, 3, 421.13, 191112, 558, 0, 0
480, 3, 347, 383, 16, 0, 26.70%, 0, 0, 3, 412.53, 193096, 558, 0, 0
486, 3, 136, 383, 14, 0, 26.70%, 0, 0, 3, 423.54, 194991, 558, 0, 0
491, 3, 47, 383, 13, 0, 26.70%, 0, 0, 3, 398.99, 196947, 558, 0, 0
496, 3, 255, 383, 13, 0, 26.70%, 0, 0, 3, 406.46, 198972, 558, 0, 0
501, 3, 190, 383, 12, 0, 26.70%, 0, 0, 3, 382.51, 200888, 558, 0, 0
506, 3, 361, 383, 11, 0, 26.70%, 0, 0, 3, 380.34, 202861, 558, 0, 0
511, 3, 21, 383, 11, 0, 26.70%, 0, 0, 3, 419.79, 204892, 558, 0, 0
516, 3, 47, 383, 11, 0, 26.70%, 0, 0, 3, 401.52, 206776, 558, 0, 0
521, 3, 361, 383, 11, 0, 26.70%, 0, 0, 3, 401.26, 208776, 558, 0, 0
526, 3, 199, 383, 10, 0, 26.70%, 0, 0, 3, 296.42, 210799, 558, 0, 0
532, 3, 311, 383, 9, 0, 26.70%, 0, 0, 3, 398.54, 212731, 558, 0, 0
537, 3, 190, 383, 9, 0, 26.70%, 0, 0, 3, 370.52, 214664, 558, 0, 0
542, 3, 185, 383, 9, 0, 26.70%, 0, 0, 3, 80.65, 216625, 558, 0, 0
547, 3, 280, 383, 6, 0, 26.70%, 0, 0, 3, 322.35, 218556, 558, 0, 0
552, 3, 372, 383, 6, 0, 26.70%, 0, 0, 3, 368.84, 220616, 558, 0, 0
557, 3, 371, 383, 5, 0, 26.70%, 0, 0, 3, 377.38, 222521, 558, 0, 0
563, 3, 337, 383, 5, 0, 26.70%, 0, 0, 3, 391.61, 224477, 558, 0, 0
568, 3, 172, 383, 5, 0, 26.70%, 0, 0, 3, 377.90, 226339, 558, 0, 0
573, 3, 208, 383, 3, 0, 26.70%, 0, 0, 3, 417.53, 228375, 558, 0, 0
578, 3, 118, 383, 3, 0, 26.70%, 0, 0, 3, 410.18, 230388, 558, 0, 0
583, 4, 184, 383, 3, 0, 26.70%, 0, 0, 3, 392.03, 232280, 558, 0, 0
588, 4, 55, 383, 2, 0, 26.70%, 0, 0, 3, 422.68, 234297, 558, 0, 0
593, 4, 337, 383, 2, 0, 26.70%, 0, 0, 3, 424.82, 236197, 558, 0, 0
599, 4, 143, 384, 3, 0, 26.70%, 0, 0, 4, 403.72, 238156, 558, 0, 0
604, 4, 279, 388, 7, 0, 26.70%, 0, 0, 4, 372.33, 239953, 558, 0, 0
609, 4, 279, 388, 7, 0, 26.70%, 0, 0, 4, 140.69, 241794, 558, 0, 0
614, 4, 199, 389, 8, 0, 26.70%, 0, 0, 4, 40.00, 243665, 558, 0, 0
619, 4, 354, 389, 7, 0, 26.70%, 0, 0, 4, 419.49, 245731, 558, 0, 0
624, 4, 159, 391, 8, 0, 26.70%, 0, 0, 4, 420.77, 247642, 558, 0, 0
629, 4, 76, 391, 8, 0, 26.70%, 0, 0, 4, 430.27, 249550, 558, 0, 0
635, 4, 390, 391, 8, 0, 26.70%, 0, 0, 4, 394.27, 251454, 558, 0, 0
640, 4, 316, 391, 7, 0, 26.70%, 0, 0, 4, 389.21, 253431, 558, 0, 0
645, 4, 389, 391, 6, 0, 26.70%, 0, 0, 4, 390.40, 255279, 558, 0, 0
651, 4, 384, 391, 5, 0, 26.70%, 0, 0, 4, 394.51, 257769, 558, 0, 0
656, 4, 359, 391, 3, 0, 26.70%, 0, 0, 4, 373.12, 259652, 558, 0, 0
662, 4, 202, 391, 3, 0, 26.70%, 0, 0, 4, 392.73, 261618, 558, 0, 0
667, 4, 374, 391, 3, 0, 26.70%, 0, 0, 4, 346.21, 263498, 558, 0, 0
672, 4, 337, 391, 3, 0, 26.70%, 0, 0, 4, 427.86, 265414, 558, 0, 0
677, 4, 159, 391, 3, 0, 26.70%, 0, 0, 4, 424.62, 267411, 558, 0, 0
682, 4, 190, 391, 3, 0, 26.70%, 0, 0, 4, 418.12, 269239, 558, 0, 0
687, 4, 64, 391, 3, 0, 26.70%, 0, 0, 4, 425.74, 271108, 558, 0, 0
692, 4, 383, 391, 3, 0, 26.70%, 0, 0, 4, 404.85, 273140, 558, 0, 0
697, 4, 69, 391, 2, 0, 26.70%, 0, 0, 4, 400.64, 275034, 558, 0, 0
702, 4, 359, 391, 2, 0, 26.70%, 0, 0, 4, 422.66, 276885, 558, 0, 0
708, 4, 177, 391, 2, 0, 26.70%, 0, 0, 4, 337.83, 278820, 558, 0, 0
713, 5, 87, 391, 2, 0, 26.70%, 0, 0, 4, 386.43, 280805, 558, 0, 0
718, 5, 205, 391, 2, 0, 26.70%, 0, 0, 4, 377.60, 282684, 558, 0, 0
723, 5, 47, 391, 2, 0, 26.70%, 0, 0, 4, 397.04, 284592, 558, 0, 0
728, 5, 361, 391, 2, 0, 26.70%, 0, 0, 4, 353.66, 286569, 558, 0, 0
733, 5, 324, 391, 2, 0, 26.70%, 0, 0, 4, 399.47, 288471, 558, 0, 0
738, 5, 195, 393, 4, 0, 26.70%, 0, 0, 4, 385.15, 290343, 558, 0, 0
744, 5, 215, 393, 4, 0, 26.70%, 0, 0, 4, 383.98, 292292, 558, 0, 0
749, 5, 392, 393, 3, 0, 26.70%, 0, 0, 4, 397.38, 294236, 558, 0, 0
754, 5, 155, 393, 2, 0, 26.70%, 0, 0, 4, 354.49, 295934, 558, 0, 0
759, 5, 189, 393, 1, 0, 26.70%, 0, 0, 4, 363.56, 297704, 558, 0, 0
764, 5, 205, 393, 1, 0, 26.70%, 0, 0, 4, 419.29, 299722, 558, 0, 0
769, 5, 255, 393, 1, 0, 26.70%, 0, 0, 4, 312.52, 301589, 558, 0, 0
774, 5, 151, 393, 1, 0, 26.70%, 0, 0, 4, 358.52, 303484, 558, 0, 0
779, 5, 113, 393, 1, 0, 26.70%, 0, 0, 4, 391.23, 305491, 558, 0, 0
784, 5, 327, 393, 1, 0, 26.70%, 0, 0, 4, 384.90, 307400, 558, 0, 0
789, 5, 177, 393, 1, 0, 26.70%, 0, 0, 4, 317.23, 309221, 558, 0, 0
795, 5, 67, 393, 1, 0, 26.70%, 0, 0, 4, 401.31, 311185, 558, 0, 0
800, 5, 184, 393, 1, 0, 26.70%, 0, 0, 4, 400.70, 313193, 558, 0, 0
805, 5, 43, 393, 1, 0, 26.70%, 0, 0, 4, 391.54, 315093, 558, 0, 0
810, 5, 199, 393, 1, 0, 26.70%, 0, 0, 4, 376.25, 316935, 558, 0, 0
815, 5, 318, 393, 1, 0, 26.70%, 0, 0, 4, 402.77, 318961, 558, 0, 0
820, 5, 118, 393, 1, 0, 26.70%, 0, 0, 4, 420.07, 320869, 558, 0, 0
825, 5, 29, 393, 1, 0, 26.70%, 0, 0, 4, 107.73, 322702, 558, 0, 0
830, 6, 354, 393, 1, 0, 26.70%, 0, 0, 4, 403.70, 324645, 558, 0, 0
835, 6, 5, 393, 1, 0, 26.70%, 0, 0, 4, 408.18, 326553, 558, 0, 0
840, 6, 371, 393, 1, 0, 26.70%, 0, 0, 4, 424.54, 328409, 558, 0, 0
845, 6, 371, 393, 1, 0, 26.70%, 0, 0, 4, 282.38, 330372, 558, 0, 0
851, 6, 327, 393, 1, 0, 26.70%, 0, 0, 4, 361.77, 332245, 558, 0, 0
856, 6, 344, 395, 3, 0, 26.70%, 0, 0, 4, 310.05, 334064, 558, 0, 0
861, 6, 322, 395, 3, 0, 26.70%, 0, 0, 4, 34.15, 335902, 558, 0, 0
866, 6, 337, 395, 3, 0, 26.70%, 0, 0, 4, 411.74, 337861, 558, 0, 0
871, 6, 47, 395, 3, 0, 26.70%, 0, 0, 4, 407.68, 339762, 558, 0, 0
876, 6, 337, 395, 3, 0, 26.70%, 0, 0, 4, 422.89, 341636, 558, 0, 0
881, 6, 193, 395, 3, 0, 26.70%, 0, 0, 4, 386.49, 343487, 558, 0, 0
886, 6, 168, 395, 3, 0, 26.70%, 0, 0, 4, 422.85, 345411, 558, 0, 0
891, 6, 184, 395, 2, 0, 26.70%, 0, 0, 4, 397.88, 347279, 558, 0, 0
897, 6, 180, 395, 2, 0, 26.70%, 0, 0, 4, 404.94, 349288, 558, 0, 0
902, 6, 366, 395, 2, 0, 26.70%, 0, 0, 4, 422.74, 351144, 558, 0, 0
907, 6, 296, 395, 2, 0, 26.70%, 0, 0, 4, 395.87, 353042, 558, 0, 0
912, 6, 177, 395, 2, 0, 26.70%, 0, 0, 4, 391.09, 354921, 558, 0, 0
917, 6, 216, 395, 2, 0, 26.70%, 0, 0, 4, 398.50, 356907, 558, 0, 0
922, 6, 168, 395, 2, 0, 26.70%, 0, 0, 4, 422.48, 358796, 558, 0, 0
927, 6, 205, 395, 2, 0, 26.70%, 0, 0, 4, 373.13, 360635, 558, 0, 0
932, 6, 199, 395, 2, 0, 26.70%, 0, 0, 4, 381.10, 362593, 558, 0, 0
937, 7, 372, 395, 2, 0, 26.70%, 0, 0, 4, 386.77, 364570, 558, 0, 0
943, 7, 111, 395, 2, 0, 26.70%, 0, 0, 4, 421.69, 366460, 558, 0, 0
948, 7, 5, 395, 2, 0, 26.70%, 0, 0, 4, 388.46, 368353, 558, 0, 0
953, 7, 25, 395, 2, 0, 26.70%, 0, 0, 4, 299.34, 370068, 558, 0, 0
958, 7, 202, 395, 2, 0, 26.70%, 0, 0, 4, 365.97, 371964, 558, 0, 0
963, 7, 177, 395, 2, 0, 26.70%, 0, 0, 4, 377.07, 373815, 558, 0, 0
968, 7, 279, 395, 2, 0, 26.70%, 0, 0, 4, 415.15, 375673, 558, 0, 0
973, 7, 177, 395, 2, 0, 26.70%, 0, 0, 4, 402.26, 377706, 558, 0, 0
978, 7, 271, 395, 2, 0, 26.70%, 0, 0, 4, 397.39, 379609, 558, 0, 0
983, 7, 33, 395, 2, 0, 26.70%, 0, 0, 4, 421.41, 381457, 558, 0, 0
988, 7, 394, 395, 2, 0, 26.70%, 0, 0, 4, 413.57, 383473, 558, 0, 0
994, 7, 62, 395, 1, 0, 26.70%, 0, 0, 4, 313.31, 385034, 558, 0, 0
999, 7, 326, 395, 1, 0, 26.70%, 0, 0, 4, 406.48, 386874, 558, 0, 0
1004, 7, 143, 395, 1, 0, 26.70%, 0, 0, 4, 412.94, 388753, 558, 0, 0
1009, 7, 195, 395, 1, 0, 26.70%, 0, 0, 4, 398.71, 390734, 558, 0, 0
1014, 7, 280, 395, 1, 0, 26.70%, 0, 0, 4, 312.66, 392722, 558, 0, 0
1019, 7, 337, 395, 1, 0, 26.70%, 0, 0, 4, 404.65, 394566, 558, 0, 0
1024, 7, 52, 396, 1, 0, 26.70%, 0, 0, 4, 323.24, 396353, 558, 0, 0
1030, 7, 354, 396, 1, 0, 26.70%, 0, 0, 4, 421.33, 398191, 558, 0, 0
1035, 7, 113, 396, 0, 0, 26.70%, 0, 0, 4, 344.77, 399966, 558, 0, 0
1040, 7, 371, 396, 0, 0, 26.70%, 0, 0, 4, 65.12, 401734, 558, 0, 0
1045, 7, 159, 396, 0, 0, 26.70%, 0, 0, 4, 290.00, 403550, 558, 0, 0
1050, 7, 168, 396, 0, 0, 26.70%, 0, 0, 4, 386.63, 405413, 558, 0, 0
1055, 8, 168, 396, 0, 0, 26.70%, 0, 0, 4, 374.58, 407306, 558, 0, 0
1060, 8, 371, 396, 0, 0, 26.70%, 0, 0, 4, 308.42, 409108, 558, 0, 0
1065, 8, 168, 396, 0, 0, 26.70%, 0, 0, 4, 87.25, 410966, 558, 0, 0
1071, 8, 361, 396, 0, 0, 26.70%, 0, 0, 4, 376.18, 412878, 558, 0, 0
1076, 8, 52, 396, 0, 0, 26.70%, 0, 0, 4, 419.91, 414800, 558, 0, 0
1081, 8, 177, 396, 0, 0, 26.70%, 0, 0, 4, 420.30, 416644, 558, 0, 0
1086, 8, 90, 396, 0, 0, 26.70%, 0, 0, 4, 309.45, 418442, 558, 0, 0
1091, 8, 390, 396, 0, 0, 26.70%, 0, 0, 4, 411.61, 420304, 558, 0, 0
1096, 8, 319, 396, 0, 0, 26.70%, 0, 0, 4, 385.27, 422178, 558, 0, 0
1101, 8, 51, 396, 0, 0, 26.70%, 0, 0, 4, 345.55, 424020, 558, 0, 0
1107, 8, 202, 396, 0, 0, 26.70%, 0, 0, 4, 388.51, 425885, 558, 0, 0
1112, 8, 81, 396, 0, 0, 26.70%, 0, 0, 4, 402.43, 427732, 558, 0, 0
1117, 8, 236, 396, 0, 0, 26.70%, 0, 0, 4, 415.00, 429573, 558, 0, 0
1122, 8, 280, 396, 0, 0, 26.70%, 0, 0, 4, 413.90, 431576, 558, 0, 0
1127, 8, 361, 396, 0, 0, 26.70%, 0, 0, 4, 391.23, 433434, 558, 0, 0
1132, 8, 371, 396, 0, 0, 26.70%, 0, 0, 4, 422.24, 435344, 558, 0, 0
1137, 8, 224, 396, 0, 0, 26.70%, 0, 0, 4, 394.19, 437199, 558, 0, 0
1142, 8, 366, 396, 0, 0, 26.70%, 0, 0, 4, 389.21, 439043, 558, 0, 0
1147, 8, 168, 396, 0, 0, 26.70%, 0, 0, 4, 311.04, 440901, 558, 0, 0
1152, 8, 177, 396, 0, 0, 26.70%, 0, 0, 4, 418.12, 442735, 558, 0, 0
1157, 8, 177, 396, 0, 0, 26.70%, 0, 0, 4, 410.92, 444583, 558, 0, 0
1163, 8, 202, 396, 0, 0, 26.70%, 0, 0, 4, 343.78, 446495, 558, 0, 0
1168, 9, 47, 396, 0, 0, 26.70%, 0, 0, 4, 375.57, 448346, 558, 0, 0
1173, 9, 32, 396, 0, 0, 26.70%, 0, 0, 4, 362.24, 450146, 558, 0, 0
1178, 9, 259, 396, 0, 0, 26.70%, 0, 0, 4, 418.66, 452002, 558, 0, 0
1183, 9, 47, 396, 0, 0, 26.70%, 0, 0, 4, 420.25, 453875, 558, 0, 0
1188, 9, 280, 396, 0, 0, 26.70%, 0, 0, 4, 378.10, 455651, 558, 0, 0
1193, 9, 337, 396, 0, 0, 26.70%, 0, 0, 4, 415.71, 457484, 558, 0, 0
1198, 9, 372, 396, 0, 0, 26.70%, 0, 0, 4, 376.24, 459334, 558, 0, 0
1203, 9, 17, 396, 0, 0, 26.70%, 0, 0, 4, 412.94, 461212, 558, 0, 0
1208, 9, 55, 396, 0, 0, 26.70%, 0, 0, 4, 425.74, 463047, 558, 0, 0
1214, 9, 168, 396, 0, 0, 26.70%, 0, 0, 4, 345.00, 464866, 558, 0, 0
1219, 9, 0, 396, 0, 0, 26.70%, 0, 0, 4, 395.03, 466721, 558, 0, 0
1224, 9, 319, 396, 0, 0, 26.70%, 0, 0, 4, 373.64, 468524, 558, 0, 0
1229, 9, 30, 396, 0, 0, 26.70%, 0, 0, 4, 66.99, 470352, 558, 0, 0
1234, 9, 190, 396, 0, 0, 26.70%, 0, 0, 4, 338.31, 472220, 558, 0, 0
1239, 9, 280, 396, 0, 0, 26.70%, 0, 0, 4, 33.65, 474087, 558, 0, 0
1244, 9, 279, 396, 0, 0, 26.70%, 0, 0, 4, 350.08, 475938, 558, 0, 0
1249, 9, 195, 396, 0, 0, 26.70%, 0, 0, 4, 300.76, 477895, 558, 0, 0
1254, 9, 264, 396, 0, 0, 26.70%, 0, 0, 4, 401.18, 479759, 558, 0, 0
1259, 9, 359, 396, 0, 0, 26.70%, 0, 0, 4, 388.81, 481573, 558, 0, 0
1264, 9, 276, 396, 0, 0, 26.70%, 0, 0, 4, 416.32, 483377, 558, 0, 0
1269, 9, 55, 396, 0, 0, 26.70%, 0, 0, 4, 414.51, 485221, 558, 0, 0
1275, 10, 196, 396, 0, 0, 26.70%, 0, 0, 4, 65.93, 487161, 558, 0, 0
1280, 10, 279, 396, 0, 0, 26.70%, 0, 0, 4, 65.42, 489038, 558, 0, 0
1285, 10, 202, 396, 0, 0, 26.70%, 0, 0, 4, 325.00, 490876, 558, 0, 0
1290, 10, 73, 396, 0, 0, 26.70%, 0, 0, 4, 350.65, 492696, 558, 0, 0
1295, 10, 279, 396, 0, 0, 26.70%, 0, 0, 4, 408.58, 494570, 558, 0, 0
1300, 10, 205, 396, 0, 0, 26.70%, 0, 0, 4, 384.51, 496425, 558, 0, 0
1305, 10, 372, 396, 0, 0, 26.70%, 0, 0, 4, 391.57, 498346, 558, 0, 0
1310, 10, 337, 396, 0, 0, 26.70%, 0, 0, 4, 400.91, 500219, 558, 0, 0
1315, 10, 42, 396, 0, 0, 26.70%, 0, 0, 4, 308.18, 502039, 558, 0, 0
1321, 10, 161, 396, 0, 0, 26.70%, 0, 0, 4, 401.71, 503923, 558, 0, 0
1326, 10, 272, 396, 0, 0, 26.70%, 0, 0, 4, 373.52, 505805, 558, 0, 0
1331, 10, 199, 396, 0, 0, 26.70%, 0, 0, 4, 382.27, 507675, 558, 0, 0
1336, 10, 339, 396, 0, 0, 26.70%, 0, 0, 4, 397.72, 509508, 558, 0, 0
1341, 10, 337, 397, 0, 0, 26.70%, 0, 0, 4, 400.07, 511277, 558, 0, 0
1346, 10, 47, 397, 0, 0, 26.70%, 0, 0, 4, 366.83, 513136, 558, 0, 0
1351, 10, 371, 397, 0, 0, 26.70%, 0, 0, 4, 375.29, 514913, 558, 0, 0
1356, 10, 396, 397, 0, 0, 26.70%, 0, 0, 4, 396.96, 516725, 558, 0, 0
1362, 10, 5, 397, 0, 0, 26.70%, 0, 0, 4, 412.61, 518601, 558, 0, 0
1367, 10, 396, 397, 0, 0, 26.70%, 0, 0, 4, 353.32, 520267, 558, 0, 0
1372, 10, 199, 397, 0, 0, 26.70%, 0, 0, 4, 342.26, 522051, 558, 0, 0
1377, 10, 55, 397, 0, 0, 26.70%, 0, 0, 4, 342.96, 523779, 558, 0, 0
1382, 10, 245, 397, 0, 0, 26.70%, 0, 0, 4, 362.16, 525721, 558, 0, 0
1387, 10, 371, 397, 0, 0, 26.70%, 0, 0, 4, 364.84, 527579, 558, 0, 0
1392, 11, 159, 397, 0, 0, 26.70%, 0, 0, 4, 387.44, 529400, 558, 0, 0
1397, 11, 396, 397, 0, 0, 26.70%, 0, 0, 4, 382.73, 531196, 558, 0, 0
1402, 11, 279, 397, 0, 0, 26.70%, 0, 0, 4, 393.98, 533000, 558, 0, 0
1407, 11, 58, 397, 0, 0, 26.70%, 0, 0, 4, 422.99, 534846, 558, 0, 0
1413, 11, 184, 397, 0, 0, 26.70%, 0, 0, 4, 360.11, 536700, 558, 0, 0
1418, 11, 199, 397, 0, 0, 26.70%, 0, 0, 4, 399.13, 538544, 558, 0, 0
1423, 11, 245, 397, 0, 0, 26.70%, 0, 0, 4, 409.43, 540346, 558, 0, 0
1428, 11, 177, 397, 0, 0, 26.70%, 0, 0, 4, 379.72, 542128, 558, 0, 0
1433, 11, 39, 397, 0, 0, 26.70%, 0, 0, 4, 414.88, 543918, 558, 0, 0
1439, 11, 372, 397, 0, 0, 26.70%, 0, 0, 4, 74.25, 545578, 558, 0, 0
1444, 11, 322, 397, 0, 0, 26.70%, 0, 0, 4, 382.91, 547502, 558, 0, 0
1449, 11, 354, 397, 0, 0, 26.70%, 0, 0, 4, 32.71, 549258, 558, 0, 0
1454, 11, 209, 397, 0, 0, 26.70%, 0, 0, 4, 398.67, 551072, 558, 0, 0
1459, 11, 205, 397, 0, 0, 26.70%, 0, 0, 4, 341.67, 552878, 558, 0, 0
1464, 11, 366, 397, 0, 0, 26.70%, 0, 0, 4, 425.00, 554633, 558, 0, 0
1469, 11, 371, 397, 0, 0, 26.70%, 0, 0, 4, 425.05, 556478, 558, 0, 0
1474, 11, 72, 397, 0, 0, 26.70%, 0, 0, 4, 420.79, 558185, 558, 0, 0
1479, 11, 195, 397, 0, 0, 26.70%, 0, 0, 4, 370.97, 559972, 558, 0, 0
1485, 11, 248, 397, 0, 0, 26.70%, 0, 0, 4, 382.96, 561851, 558, 0, 0
1490, 11, 322, 397, 0, 0, 26.70%, 0, 0, 4, 408.27, 563670, 558, 0, 0
1495, 11, 337, 397, 0, 0, 26.70%, 0, 0, 4, 402.98, 565518, 558, 0, 0
1500, 11, 168, 397, 0, 0, 26.70%, 0, 0, 4, 377.29, 567379, 558, 0, 0
1505, 11, 279, 397, 0, 0, 26.70%, 0, 0, 4, 405.45, 569194, 558, 0, 0
1510, 12, 199, 397, 0, 0, 26.70%, 0, 0, 4, 320.22, 570830, 558, 0, 0
1515, 12, 36, 397, 0, 0, 26.70%, 0, 0, 4, 339.52, 572666, 558, 0, 0
1520, 12, 245, 397, 0, 0, 26.70%, 0, 0, 4, 393.33, 574418, 558, 0, 0
1525, 12, 327, 397, 0, 0, 26.70%, 0, 0, 4, 416.41, 576262, 558, 0, 0
1530, 12, 184, 397, 0, 0, 26.70%, 0, 0, 4, 75.72, 577983, 558, 0, 0
1536, 12, 182, 397, 0, 0, 26.70%, 0, 0, 4, 388.38, 579814, 558, 0, 0
1541, 12, 128, 397, 0, 0, 26.70%, 0, 0, 4, 420.28, 581713, 558, 0, 0
1546, 12, 47, 397, 0, 0, 26.70%, 0, 0, 4, 414.91, 583521, 558, 0, 0
1551, 12, 336, 397, 0, 0, 26.70%, 0, 0, 4, 348.92, 585301, 558, 0, 0
1556, 12, 39, 397, 0, 0, 26.70%, 0, 0, 4, 383.05, 587089, 558, 0, 0
1561, 12, 280, 397, 0, 0, 26.70%, 0, 0, 4, 362.87, 588933, 558, 0, 0
1566, 12, 185, 397, 0, 0, 26.70%, 0, 0, 4, 412.12, 590604, 558, 0, 0
1571, 12, 190, 397, 0, 0, 26.70%, 0, 0, 4, 397.52, 592475, 558, 0, 0
1576, 12, 39, 397, 0, 0, 26.70%, 0, 0, 4, 420.00, 594197, 558, 0, 0
1581, 12, 276, 397, 0, 0, 26.70%, 0, 0, 4, 309.54, 595947, 558, 0, 0
1587, 12, 199, 397, 0, 0, 26.70%, 0, 0, 4, 421.60, 597813, 558, 0, 0
1592, 12, 52, 397, 0, 0, 26.70%, 0, 0, 4, 410.95, 599637, 558, 0, 0
1597, 12, 280, 397, 0, 0, 26.70%, 0, 0, 4, 400.81, 601461, 558, 0, 0
1602, 12, 111, 397, 0, 0, 26.70%, 0, 0, 4, 408.58, 603293, 558, 0, 0
1607, 12, 361, 397, 0, 0, 26.70%, 0, 0, 4, 83.33, 605121, 558, 0, 0
1612, 12, 162, 397, 0, 0, 26.70%, 0, 0, 4, 422.89, 606918, 558, 0, 0
1617, 12, 205, 397, 0, 0, 26.70%, 0, 0, 4, 412.68, 608769, 558, 0, 0
1623, 12, 195, 397, 0, 0, 26.70%, 0, 0, 4, 393.41, 610633, 558, 0, 0
1628, 13, 58, 397, 0, 0, 26.70%, 0, 0, 4, 338.69, 612359, 558, 0, 0
1633, 13, 161, 397, 0, 0, 26.70%, 0, 0, 4, 404.43, 614201, 558, 0, 0
1638, 13, 143, 397, 0, 0, 26.70%, 0, 0, 4, 368.01, 616012, 558, 0, 0
1643, 13, 396, 397, 0, 0, 26.70%, 0, 0, 4, 43.48, 617793, 558, 0, 0
1648, 13, 280, 397, 0, 0, 26.70%, 0, 0, 4, 338.15, 619571, 558, 0, 0
1653, 13, 153, 397, 0, 0, 26.70%, 0, 0, 4, 423.71, 621453, 558, 0, 0
1658, 13, 273, 397, 0, 0, 26.70%, 0, 0, 4, 282.33, 623140, 558, 0, 0
1663, 13, 122, 397, 0, 0, 26.70%, 0, 0, 4, 419.44, 624893, 558, 0, 0
1668, 13, 280, 397, 0, 0, 26.70%, 0, 0, 4, 399.93, 626741, 558, 0, 0
1674, 13, 396, 397, 0, 0, 26.70%, 0, 0, 4, 349.50, 628452, 558, 0, 0
1679, 13, 138, 397, 0, 0, 26.70%, 0, 0, 4, 407.43, 630314, 558, 0, 0
1684, 13, 277, 397, 0, 0, 26.70%, 0, 0, 4, 410.91, 632038, 558, 0, 0
1689, 13, 396, 397, 0, 0, 26.70%, 0, 0, 4, 337.33, 633727, 558, 0, 0
1694, 13, 396, 397, 0, 0, 26.70%, 0, 0, 4, 384.35, 635451, 558, 0, 0
1699, 13, 216, 397, 0, 0, 26.70%, 0, 0, 4, 414.86, 637286, 558, 0, 0
1704, 13, 361, 397, 0, 0, 26.70%, 0, 0, 4, 422.39, 639146, 558, 0, 0
1709, 13, 238, 397, 0, 0, 26.70%, 0, 0, 4, 400.57, 641013, 558, 0, 0
1714, 13, 396, 397, 0, 0, 26.70%, 0, 0, 4, 361.96, 642725, 558, 0, 0
1719, 13, 396, 397, 0, 0, 26.70%, 0, 0, 4, 96.02, 644420, 558, 0, 0
1725, 13, 279, 397, 0, 0, 26.70%, 0, 0, 4, 389.25, 646270, 558, 0, 0
1730, 13, 361, 397, 0, 0, 26.70%, 0, 0, 4, 404.25, 648088, 558, 0, 0
1735, 13, 177, 397, 0, 0, 26.70%, 0, 0, 4, 365.49, 649901, 558, 0, 0
1740, 13, 337, 397, 0, 0, 26.70%, 0, 0, 4, 327.13, 651743, 558, 0, 0
1745, 13, 337, 397, 0, 0, 26.70%, 0, 0, 4, 361.55, 653573, 558, 0, 0
1750, 14, 115, 397, 0, 0, 26.70%, 0, 0, 4, 398.15, 655430, 558, 0, 0
1755, 14, 205, 397, 0, 0, 26.70%, 0, 0, 4, 322.76, 657237, 558, 0, 0
1760, 14, 168, 397, 0, 0, 26.70%, 0, 0, 4, 413.20, 659011, 558, 0, 0
1765, 14, 396, 397, 0, 0, 26.70%, 0, 0, 4, 253.73, 660703, 558, 0, 0
1771, 14, 319, 397, 0, 0, 26.70%, 0, 0, 4, 264.36, 662521, 558, 0, 0
1776, 14, 337, 397, 0, 0, 26.70%, 0, 0, 4, 400.28, 664352, 558, 0, 0
1781, 14, 245, 397, 0, 0, 26.70%, 0, 0, 4, 418.93, 666103, 558, 0, 0
1786, 14, 202, 397, 0, 0, 26.70%, 0, 0, 4, 298.02, 667905, 558, 0, 0
1791, 14, 322, 397, 0, 0, 26.70%, 0, 0, 4, 424.29, 669754, 558, 0, 0
1796, 14, 376, 397, 0, 0, 26.70%, 0, 0, 4, 384.93, 671530, 558, 0, 0
1801, 14, 279, 397, 0, 0, 26.70%, 0, 0, 4, 364.24, 673227, 558, 0, 0
1806, 14, 338, 397, 0, 0, 26.70%, 0, 0, 4, 341.83, 674990, 558, 0, 0
1812, 14, 337, 397, 0, 0, 26.70%, 0, 0, 4, 387.41, 676869, 558, 0, 0
1817, 14, 367, 397, 0, 0, 26.70%, 0, 0, 4, 384.12, 678697, 558, 0, 0
1822, 14, 46, 397, 0, 0, 26.70%, 0, 0, 4, 380.62, 680541, 558, 0, 0
1827, 14, 211, 397, 0, 0, 26.70%, 0, 0, 4, 52.63, 682197, 558, 0, 0
1832, 14, 177, 397, 0, 0, 26.70%, 0, 0, 4, 417.98, 683986, 558, 0, 0
1837, 14, 143, 397, 0, 0, 26.70%, 0, 0, 4, 357.54, 685720, 558, 0, 0
1842, 14, 202, 397, 0, 0, 26.70%, 0, 0, 4, 415.25, 687570, 558, 0, 0
1847, 14, 5, 397, 0, 0, 26.70%, 0, 0, 4, 320.78, 689348, 558, 0, 0
1852, 14, 26, 397, 0, 0, 26.70%, 0, 0, 4, 375.48, 691227, 558, 0, 0
1858, 14, 5, 397, 0, 0, 26.70%, 0, 0, 4, 386.14, 693069, 558, 0, 0
1863, 14, 168, 397, 0, 0, 26.70%, 0, 0, 4, 380.97, 694876, 558, 0, 0
1868, 15, 245, 397, 0, 0, 26.70%, 0, 0, 4, 355.00, 696512, 558, 0, 0
1873, 15, 396, 397, 0, 0, 26.70%, 0, 0, 4, 365.38, 698290, 558, 0, 0
1878, 15, 73, 397, 0, 0, 26.70%, 0, 0, 4, 295.40, 699921, 558, 0, 0
1883, 15, 143, 397, 0, 0, 26.70%, 0, 0, 4, 40.30, 701425, 558, 0, 0
1888, 15, 154, 397, 0, 0, 26.70%, 0, 0, 4, 326.08, 703272, 558, 0, 0
1893, 15, 337, 397, 0, 0, 26.70%, 0, 0, 4, 354.77, 705155, 558, 0, 0
1899, 15, 47, 397, 0, 0, 26.70%, 0, 0, 4, 343.23, 706990, 558, 0, 0
1904, 15, 52, 397, 0, 0, 26.70%, 0, 0, 4, 405.96, 708838, 558, 0, 0
1909, 15, 361, 397, 0, 0, 26.70%, 0, 0, 4, 250.18, 710658, 558, 0, 0
1914, 15, 116, 397, 0, 0, 26.70%, 0, 0, 4, 51.45, 712346, 558, 0, 0
1919, 15, 337, 397, 0, 0, 26.70%, 0, 0, 4, 334.02, 713972, 558, 0, 0
1924, 15, 16, 397, 0, 0, 26.70%, 0, 0, 4, 395.46, 715804, 558, 0, 0
1929, 15, 322, 397, 0, 0, 26.70%, 0, 0, 4, 294.49, 717536, 558, 0, 0
1935, 15, 354, 397, 0, 0, 26.70%, 0, 0, 4, 386.12, 719420, 558, 0, 0
1940, 15, 202, 397, 0, 0, 26.70%, 0, 0, 4, 420.35, 721262, 558, 0, 0
1945, 15, 184, 397, 0, 0, 26.70%, 0, 0, 4, 338.37, 723055, 558, 0, 0
1950, 15, 0, 397, 0, 0, 26.70%, 0, 0, 4, 267.33, 724844, 558, 0, 0
1955, 15, 159, 397, 0, 0, 26.70%, 0, 0, 4, 420.58, 726478, 558, 0, 0
1960, 15, 334, 397, 0, 0, 26.70%, 0, 0, 4, 314.79, 728230, 558, 0, 0
1965, 15, 322, 397, 0, 0, 26.70%, 0, 0, 4, 420.06, 730070, 558, 0, 0
1970, 15, 280, 397, 0, 0, 26.70%, 0, 0, 4, 59.70, 731818, 558, 0, 0
1976, 15, 184, 397, 0, 0, 26.70%, 0, 0, 4, 32.86, 733604, 558, 0, 0
1981, 15, 195, 397, 0, 0, 26.70%, 0, 0, 4, 378.39, 735448, 558, 0, 0
1986, 15, 372, 397, 0, 0, 26.70%, 0, 0, 4, 326.19, 737284, 558, 0, 0
1991, 16, 354, 397, 0, 0, 26.70%, 0, 0, 4, 419.68, 739114, 558, 0, 0
1996, 16, 205, 397, 0, 0, 26.70%, 0, 0, 4, 397.91, 740962, 558, 0, 0
2001, 16, 296, 397, 0, 0, 26.70%, 0, 0, 4, 337.99, 742660, 558, 0, 0
2006, 16, 39, 397, 0, 0, 26.70%, 0, 0, 4, 387.99, 744405, 558, 0, 0
2011, 16, 245, 397, 0, 0, 26.70%, 0, 0, 4, 422.89, 746139, 558, 0, 0
2016, 16, 319, 397, 0, 0, 26.70%, 0, 0, 4, 381.08, 747909, 558, 0, 0
2021, 16, 279, 397, 0, 0, 26.70%, 0, 0, 4, 422.35, 749769, 558, 0, 0
2026, 16, 372, 397, 0, 0, 26.70%, 0, 0, 4, 400.53, 751602, 558, 0, 0
2031, 16, 387, 397, 0, 0, 26.70%, 0, 0, 4, 225.56, 753317, 558, 0, 0
2037, 16, 147, 397, 0, 0, 26.70%, 0, 0, 4, 373.81, 755065, 558, 0, 0
2042, 16, 96, 397, 0, 0, 26.70%, 0, 0, 4, 342.74, 756817, 558, 0, 0
2047, 16, 396, 397, 0, 0, 26.70%, 0, 0, 4, 400.67, 758517, 558, 0, 0
2052, 16, 371, 397, 0, 0, 26.70%, 0, 0, 4, 349.54, 760199, 558, 0, 0
2057, 16, 18, 397, 0, 0, 26.70%, 0, 0, 4, 419.08, 762021, 558, 0, 0
2062, 16, 396, 397, 0, 0, 26.70%, 0, 0, 4, 417.75, 763785, 558, 0, 0
2067, 16, 205, 397, 0, 0, 26.70%, 0, 0, 4, 382.87, 765602, 558, 0, 0
2073, 16, 205, 397, 0, 0, 26.70%, 0, 0, 4, 38.65, 767188, 558, 0, 0
2078, 16, 304, 397, 0, 0, 26.70%, 0, 0, 4, 364.74, 768972, 558, 0, 0
2083, 16, 168, 397, 0, 0, 26.70%, 0, 0, 4, 311.21, 770793, 558, 0, 0
2088, 16, 284, 397, 0, 0, 26.70%, 0, 0, 4, 418.00, 772597, 558, 0, 0
2093, 16, 47, 397, 0, 0, 26.70%, 0, 0, 4, 338.45, 774429, 558, 0, 0
2098, 16, 229, 397, 0, 0, 26.70%, 0, 0, 4, 369.37, 776202, 558, 0, 0
2103, 16, 377, 397, 0, 0, 26.70%, 0, 0, 4, 415.60, 778021, 558, 0, 0
2108, 16, 319, 397, 0, 0, 26.70%, 0, 0, 4, 41.32, 779721, 558, 0, 0
2113, 17, 238, 397, 0, 0, 26.70%, 0, 0, 4, 375.97, 781602, 558, 0, 0
2118, 17, 100, 397, 0, 0, 26.70%, 0, 0, 4, 415.57, 783445, 558, 0, 0
2124, 17, 359, 397, 0, 0, 26.70%, 0, 0, 4, 421.04, 785205, 558, 0, 0
2129, 17, 104, 397, 0, 0, 26.70%, 0, 0, 4, 419.27, 787013, 558, 0, 0
2134, 17, 166, 397, 0, 0, 26.70%, 0, 0, 4, 33.02, 788709, 558, 0, 0
2139, 17, 27, 397, 0, 0, 26.70%, 0, 0, 4, 384.68, 790509, 558, 0, 0
2144, 17, 310, 397, 0, 0, 26.70%, 0, 0, 4, 399.01, 792380, 558, 0, 0
2149, 17, 159, 397, 0, 0, 26.70%, 0, 0, 4, 364.45, 794123, 558, 0, 0
2154, 17, 324, 397, 0, 0, 26.70%, 0, 0, 4, 425.47, 795937, 558, 0, 0
2160, 17, 66, 397, 0, 0, 26.70%, 0, 0, 4, 356.93, 797495, 558, 0, 0
2165, 17, 361, 397, 0, 0, 26.70%, 0, 0, 4, 327.78, 799353, 558, 0, 0
2170, 17, 245, 397, 0, 0, 26.70%, 0, 0, 4, 418.14, 801189, 558, 0, 0
2175, 17, 143, 397, 0, 0, 26.70%, 0, 0, 4, 383.10, 803037, 558, 0, 0
2180, 17, 136, 397, 0, 0, 26.70%, 0, 0, 4, 412.94, 804742, 558, 0, 0
2185, 17, 290, 397, 0, 0, 26.70%, 0, 0, 4, 292.48, 806556, 558, 0, 0
2190, 17, 192, 397, 0, 0, 26.70%, 0, 0, 4, 423.58, 808389, 558, 0, 0
2196, 17, 100, 397, 0, 0, 26.70%, 0, 0, 4, 376.03, 810158, 558, 0, 0
2201, 17, 245, 397, 0, 0, 26.70%, 0, 0, 4, 385.56, 811916, 558, 0, 0
2206, 17, 245, 397, 0, 0, 26.70%, 0, 0, 4, 396.02, 813723, 558, 0, 0
2211, 17, 396, 397, 0, 0, 26.70%, 0, 0, 4, 399.22, 815580, 558, 0, 0
2216, 17, 396, 397, 0, 0, 26.70%, 0, 0, 4, 57.28, 817108, 558, 0, 0
2221, 17, 150, 397, 0, 0, 26.70%, 0, 0, 4, 208.49, 818913, 558, 0, 0
2226, 17, 223, 397, 0, 0, 26.70%, 0, 0, 4, 426.95, 820772, 558, 0, 0
2231, 17, 205, 397, 0, 0, 26.70%, 0, 0, 4, 387.29, 822634, 558, 0, 0
2237, 18, 74, 397, 0, 0, 26.70%, 0, 0, 4, 418.76, 824489, 558, 0, 0
2242, 18, 295, 397, 0, 0, 26.70%, 0, 0, 4, 393.13, 826320, 558, 0, 0
2247, 18, 196, 397, 0, 0, 26.70%, 0, 0, 4, 308.77, 828123, 558, 0, 0
2252, 18, 359, 397, 0, 0, 26.70%, 0, 0, 4, 86.63, 829821, 558, 0, 0
2257, 18, 364, 397, 0, 0, 26.70%, 0, 0, 4, 414.26, 831628, 558, 0, 0
2262, 18, 371, 397, 0, 0, 26.70%, 0, 0, 4, 381.73, 833460, 558, 0, 0
2267, 18, 396, 397, 0, 0, 26.70%, 0, 0, 4, 367.39, 835235, 558, 0, 0
2273, 18, 361, 397, 0, 0, 26.70%, 0, 0, 4, 403.03, 837012, 558, 0, 0
2278, 18, 205, 397, 0, 0, 26.70%, 0, 0, 4, 409.85, 838672, 558, 0, 0
2283, 18, 87, 397, 0, 0, 26.70%, 0, 0, 4, 200.53, 840465, 558, 0, 0
2288, 18, 279, 397, 0, 0, 26.70%, 0, 0, 4, 416.76, 842332, 558, 0, 0
2293, 18, 184, 397, 0, 0, 26.70%, 0, 0, 4, 388.97, 844188, 558, 0, 0
2298, 18, 245, 397, 0, 0, 26.70%, 0, 0, 4, 389.09, 845960, 558, 0, 0
2303, 18, 199, 397, 0, 0, 26.70%, 0, 0, 4, 366.38, 847735, 558, 0, 0
2308, 18, 322, 397, 0, 0, 26.70%, 0, 0, 4, 415.40, 849579, 558, 0, 0
2313, 18, 55, 397, 0, 0, 26.70%, 0, 0, 4, 40.32, 851252, 558, 0, 0
2318, 18, 359, 397, 0, 0, 26.70%, 0, 0, 4, 368.30, 853014, 558, 0, 0
2324, 18, 143, 397, 0, 0, 26.70%, 0, 0, 4, 331.30, 854791, 558, 0, 0
2329, 18, 108, 397, 0, 0, 26.70%, 0, 0, 4, 414.24, 856606, 558, 0, 0
2334, 18, 396, 397, 0, 0, 26.70%, 0, 0, 4, 376.08, 858431, 558, 0, 0
2339, 18, 36, 397, 0, 0, 26.70%, 0, 0, 4, 423.15, 860255, 558, 0, 0
2344, 18, 396, 397, 0, 0, 26.70%, 0, 0, 4, 36.87, 861931, 558, 0, 0
2349, 18, 190, 397, 0, 0, 26.70%, 0, 0, 4, 366.92, 863777, 558, 0, 0
2354, 18, 98, 397, 0, 0, 26.70%, 0, 0, 4, 416.11, 865613, 558, 0, 0
2360, 19, 212, 397, 0, 0, 26.70%, 0, 0, 4, 410.96, 867481, 558, 0, 0
2365, 19, 371, 397, 0, 0, 26.70%, 0, 0, 4, 428.05, 869289, 558, 0, 0
2370, 19, 279, 397, 0, 0, 26.70%, 0, 0, 4, 393.00, 871073, 558, 0, 0
2375, 19, 396, 397, 0, 0, 26.70%, 0, 0, 4, 338.00, 872681, 558, 0, 0
2380, 19, 327, 397, 0, 0, 26.70%, 0, 0, 4, 380.28, 874399, 558, 0, 0
2385, 19, 5, 397, 0, 0, 26.70%, 0, 0, 4, 366.65, 876199, 558, 0, 0
2390, 19, 245, 397, 0, 0, 26.70%, 0, 0, 4, 393.05, 877892, 558, 0, 0
2395, 19, 58, 397, 0, 0, 26.70%, 0, 0, 4, 340.20, 879687, 558, 0, 0
2400, 19, 167, 397, 0, 0, 26.70%, 0, 0, 4, 304.29, 881363, 558, 0, 0
2405, 19, 396, 397, 0, 0, 26.70%, 0, 0, 4, 390.19, 883185, 558, 0, 0
2411, 19, 52, 397, 0, 0, 26.70%, 0, 0, 4, 303.60, 884967, 558, 0, 0
2416, 19, 205, 397, 0, 0, 26.70%, 0, 0, 4, 417.26, 886813, 558, 0, 0
2421, 19, 50, 397, 0, 0, 26.70%, 0, 0, 4, 322.63, 888647, 558, 0, 0
2426, 19, 47, 397, 0, 0, 26.70%, 0, 0, 4, 363.18, 890451, 558, 0, 0
2431, 19, 337, 397, 0, 0, 26.70%, 0, 0, 4, 394.72, 892248, 558, 0, 0
2436, 19, 245, 397, 0, 0, 26.70%, 0, 0, 4, 399.32, 894071, 558, 0, 0
2442, 19, 51, 397, 0, 0, 26.70%, 0, 0, 4, 367.76, 895892, 558, 0, 0
2447, 19, 396, 397, 0, 0, 26.70%, 0, 0, 4, 363.14, 897692, 558, 0, 0
2452, 19, 202, 397, 0, 0, 26.70%, 0, 0, 4, 416.92, 899497, 558, 0, 0
2457, 19, 55, 397, 0, 0, 26.70%, 0, 0, 4, 386.59, 901234, 558, 0, 0
2462, 19, 205, 397, 0, 0, 26.70%, 0, 0, 4, 410.00, 902923, 558, 0, 0
2467, 19, 199, 397, 0, 0, 26.70%, 0, 0, 4, 417.89, 904737, 558, 0, 0
2472, 19, 319, 397, 0, 0, 26.70%, 0, 0, 4, 375.30, 906585, 558, 0, 0
2478, 19, 304, 397, 0, 0, 26.70%, 0, 0, 4, 357.26, 908292, 558, 0, 0
2483, 20, 127, 397, 0, 0, 26.70%, 0, 0, 4, 422.37, 909957, 558, 0, 0
2488, 20, 195, 397, 0, 0, 26.70%, 0, 0, 4, 335.51, 911693, 558, 0, 0
2493, 20, 332, 397, 0, 0, 26.70%, 0, 0, 4, 200.00, 913321, 558, 0, 0
2498, 20, 359, 397, 0, 0, 26.70%, 0, 0, 4, 389.95, 915185, 558, 0, 0
2503, 20, 280, 397, 0, 0, 26.70%, 0, 0, 4, 421.58, 916989, 558, 0, 0
2508, 20, 361, 397, 0, 0, 26.70%, 0, 0, 4, 398.83, 918753, 558, 0, 0
2513, 20, 337, 397, 0, 0, 26.70%, 0, 0, 4, 319.71, 920563, 558, 0, 0
2518, 20, 255, 397, 0, 0, 26.70%, 0, 0, 4, 398.40, 922313, 558, 0, 0
2523, 20, 222, 397, 0, 0, 26.70%, 0, 0, 4, 187.60, 924038, 558, 0, 0
2528, 20, 242, 397, 0, 0, 26.70%, 0, 0, 4, 410.49, 925745, 558, 0, 0
2534, 20, 396, 397, 0, 0, 26.70%, 0, 0, 4, 321.88, 927315, 558, 0, 0
2539, 20, 279, 397, 0, 0, 26.70%, 0, 0, 4, 382.58, 929113, 558, 0, 0
2544, 20, 396, 397, 0, 0, 26.70%, 0, 0, 4, 349.08, 930840, 558, 0, 0
2549, 20, 361, 397, 0, 0, 26.70%, 0, 0, 4, 420.11, 932637, 558, 0, 0
2554, 20, 396, 397, 0, 0, 26.70%, 0, 0, 4, 341.49, 934336, 558, 0, 0
2559, 20, 191, 397, 0, 0, 26.70%, 0, 0, 4, 307.79, 936048, 558, 0, 0
2565, 20, 116, 397, 0, 0, 26.70%, 0, 0, 4, 406.92, 937865, 558, 0, 0
2570, 20, 213, 397, 0, 0, 26.70%, 0, 0, 4, 418.84, 939713, 558, 0, 0
2575, 20, 205, 397, 0, 0, 26.70%, 0, 0, 4, 410.89, 941399, 558, 0, 0
2580, 20, 354, 397, 0, 0, 26.70%, 0, 0, 4, 286.61, 943239, 558, 0, 0
2585, 20, 5, 397, 0, 0, 26.70%, 0, 0, 4, 387.05, 945069, 558, 0, 0
2590, 20, 359, 397, 0, 0, 26.70%, 0, 0, 4, 371.88, 946813, 558, 0, 0
2595, 20, 55, 397, 0, 0, 26.70%, 0, 0, 4, 382.93, 948613, 558, 0, 0
2600, 20, 359, 397, 0, 0, 26.70%, 0, 0, 4, 237.38, 950407, 558, 0, 0
2606, 21, 187, 397, 0, 0, 26.70%, 0, 0, 4, 390.95, 952241, 558, 0, 0
2611, 21, 52, 397, 0, 0, 26.70%, 0, 0, 4, 420.00, 953907, 558, 0, 0
2616, 21, 197, 397, 0, 0, 26.70%, 0, 0, 4, 371.13, 955669, 558, 0, 0
2621, 21, 371, 397, 0, 0, 26.70%, 0, 0, 4, 418.50, 957531, 558, 0, 0
2626, 21, 30, 397, 0, 0, 26.70%, 0, 0, 4, 317.56, 959165, 558, 0, 0
2631, 21, 52, 397, 0, 0, 26.70%, 0, 0, 4, 342.40, 960895, 558, 0, 0
2636, 21, 168, 397, 0, 0, 26.70%, 0, 0, 4, 409.80, 962687, 558, 0, 0
2641, 21, 184, 397, 0, 0, 26.70%, 0, 0, 4, 387.92, 964530, 558, 0, 0
2646, 21, 177, 397, 0, 0, 26.70%, 0, 0, 4, 415.43, 966170, 558, 0, 0
2652, 21, 0, 397, 0, 0, 26.70%, 0, 0, 4, 394.37, 968033, 558, 0, 0
2657, 21, 232, 397, 0, 0, 26.70%, 0, 0, 4, 33.06, 969779, 558, 0, 0
2662, 21, 101, 397, 0, 0, 26.70%, 0, 0, 4, 340.22, 971467, 558, 0, 0
2667, 21, 245, 397, 0, 0, 26.70%, 0, 0, 4, 363.68, 973312, 558, 0, 0
2672, 21, 319, 397, 0, 0, 26.70%, 0, 0, 4, 382.60, 975040, 558, 0, 0
2678, 21, 396, 397, 0, 0, 26.70%, 0, 0, 4, 394.61, 976845, 558, 0, 0
2683, 21, 371, 397, 0, 0, 26.70%, 0, 0, 4, 420.32, 978596, 558, 0, 0
2688, 21, 390, 397, 0, 0, 26.70%, 0, 0, 4, 383.57, 980401, 558, 0, 0
2693, 21, 110, 397, 0, 0, 26.70%, 0, 0, 4, 375.77, 982238, 558, 0, 0
2698, 21, 52, 397, 0, 0, 26.70%, 0, 0, 4, 409.69, 984020, 558, 0, 0
2703, 21, 205, 397, 0, 0, 26.70%, 0, 0, 4, 377.86, 985731, 558, 0, 0
2708, 21, 184, 397, 0, 0, 26.70%, 0, 0, 4, 407.05, 987656, 558, 0, 0
2713, 21, 280, 397, 0, 0, 26.70%, 0, 0, 4, 388.48, 989498, 558, 0, 0
2718, 21, 202, 397, 0, 0, 26.70%, 0, 0, 4, 36.53, 991147, 558, 0, 0
2723, 22, 52, 397, 0, 0, 26.70%, 0, 0, 4, 418.24, 993039, 558, 0, 0
2729, 22, 245, 397, 0, 0, 26.70%, 0, 0, 4, 397.13, 994855, 558, 0, 0
2734, 22, 181, 397, 0, 0, 26.70%, 0, 0, 4, 377.39, 996720, 558, 0, 0
2739, 22, 337, 397, 0, 0, 26.70%, 0, 0, 4, 36.36, 998444, 558, 0, 0
2744, 22, 205, 397, 0, 0, 26.70%, 0, 0, 4, 364.41, 1000251, 558, 0, 0
2749, 22, 373, 397, 0, 0, 26.70%, 0, 0, 4, 235.00, 1002082, 558, 0, 0
2754, 22, 286, 397, 0, 0, 26.70%, 0, 0, 4, 389.54, 1003923, 558, 0, 0
2759, 22, 258, 397, 0, 0, 26.70%, 0, 0, 4, 33.02, 1005612, 558, 0, 0
2764, 22, 322, 397, 0, 0, 26.70%, 0, 0, 4, 57.55, 1007373, 558, 0, 0
2770, 22, 184, 397, 0, 0, 26.70%, 0, 0, 4, 395.00, 1009115, 558, 0, 0
2775, 22, 168, 397, 0, 0, 26.70%, 0, 0, 4, 418.21, 1010949, 558, 0, 0
2780, 22, 143, 397, 0, 0, 26.70%, 0, 0, 4, 408.45, 1012821, 558, 0, 0
2785, 22, 359, 397, 0, 0, 26.70%, 0, 0, 4, 43.64, 1014598, 558, 0, 0
2790, 22, 5, 397, 0, 0, 26.70%, 0, 0, 4, 392.54, 1016296, 558, 0, 0
2795, 22, 279, 397, 0, 0, 26.70%, 0, 0, 4, 382.70, 1018152, 558, 0, 0
2800, 22, 60, 397, 0, 0, 26.70%, 0, 0, 4, 385.31, 1020034, 558, 0, 0
2806, 22, 47, 397, 0, 0, 26.70%, 0, 0, 4, 425.00, 1021676, 558, 0, 0
2811, 22, 238, 397, 0, 0, 26.70%, 0, 0, 4, 335.29, 1023485, 558, 0, 0
2816, 22, 184, 397, 0, 0, 26.70%, 0, 0, 4, 417.42, 1025299, 558, 0, 0
2821, 22, 361, 397, 0, 0, 26.70%, 0, 0, 4, 409.12, 1027067, 558, 0, 0
2826, 22, 52, 397, 0, 0, 26.70%, 0, 0, 4, 416.01, 1028759, 558, 0, 0
2831, 22, 371, 397, 0, 0, 26.70%, 0, 0, 4, 422.39, 1030607, 558, 0, 0
2836, 22, 359, 397, 0, 0, 26.70%, 0, 0, 4, 392.69, 1032485, 558, 0, 0
2842, 23, 177, 397, 0, 0, 26.70%, 0, 0, 4, 368.51, 1034292, 558, 0, 0
2847, 23, 366, 397, 0, 0, 26.70%, 0, 0, 4, 419.66, 1035975, 558, 0, 0
2852, 23, 184, 397, 0, 0, 26.70%, 0, 0, 4, 330.55, 1037803, 558, 0, 0
2857, 23, 327, 397, 0, 0, 26.70%, 0, 0, 4, 419.01, 1039651, 558, 0, 0
2862, 23, 339, 397, 0, 0, 26.70%, 0, 0, 4, 33.49, 1041292, 558, 0, 0
2867, 23, 199, 397, 0, 0, 26.70%, 0, 0, 4, 366.93, 1043092, 558, 0, 0
2872, 23, 123, 397, 0, 0, 26.70%, 0, 0, 4, 270.81, 1044789, 558, 0, 0
2877, 23, 177, 397, 0, 0, 26.70%, 0, 0, 4, 385.17, 1046514, 558, 0, 0
2882, 23, 168, 397, 0, 0, 26.70%, 0, 0, 4, 399.71, 1048300, 558, 0, 0
2887, 23, 361, 397, 0, 0, 26.70%, 0, 0, 4, 33.21, 1049949, 558, 0, 0
2892, 23, 366, 397, 0, 0, 26.70%, 0, 0, 4, 407.96, 1051750, 558, 0, 0
2897, 23, 143, 397, 0, 0, 26.70%, 0, 0, 4, 327.76, 1053516, 558, 0, 0
2902, 23, 245, 397, 0, 0, 26.70%, 0, 0, 4, 364.29, 1055379, 558, 0, 0
2908, 23, 361, 397, 0, 0, 26.70%, 0, 0, 4, 411.12, 1057216, 558, 0, 0
2913, 23, 371, 397, 0, 0, 26.70%, 0, 0, 4, 374.47, 1058951, 558, 0, 0
2918, 23, 371, 397, 0, 0, 26.70%, 0, 0, 4, 391.62, 1060542, 558, 0, 0
2923, 23, 332, 397, 0, 0, 26.70%, 0, 0, 4, 357.75, 1062379, 558, 0, 0
2928, 23, 369, 397, 0, 0, 26.70%, 0, 0, 4, 405.10, 1064168, 558, 0, 0
2933, 23, 354, 397, 0, 0, 26.70%, 0, 0, 4, 328.36, 1065917, 558, 0, 0
2938, 23, 231, 397, 0, 0, 26.70%, 0, 0, 4, 383.61, 1067758, 558, 0, 0
2943, 23, 396, 397, 0, 0, 26.70%, 0, 0, 4, 361.40, 1069514, 558, 0, 0
2948, 23, 55, 397, 0, 0, 26.70%, 0, 0, 4, 245.86, 1071224, 558, 0, 0
2954, 23, 245, 397, 0, 0, 26.70%, 0, 0, 4, 391.76, 1073051, 558, 0, 0
2959, 23, 293, 397, 0, 0, 26.70%, 0, 0, 4, 405.50, 1074784, 558, 0, 0
2964, 24, 361, 397, 0, 0, 26.70%, 0, 0, 4, 407.18, 1076360, 558, 0, 0
2969, 24, 371, 397, 0, 0, 26.70%, 0, 0, 4, 412.47, 1078192, 558, 0, 0
2974, 24, 52, 397, 0, 0, 26.70%, 0, 0, 4, 378.13, 1079972, 558, 0, 0
2979, 24, 52, 397, 0, 0, 26.70%, 0, 0, 4, 33.33, 1081686, 558, 0, 0
2984, 24, 202, 397, 0, 0, 26.70%, 0, 0, 4, 397.81, 1083451, 558, 0, 0
2989, 24, 168, 397, 0, 0, 26.70%, 0, 0, 4, 371.38, 1085242, 558, 0, 0
2994, 24, 52, 397, 0, 0, 26.70%, 0, 0, 4, 297.84, 1087039, 558, 0, 0
2999, 24, 337, 397, 0, 0, 26.70%, 0, 0, 4, 377.14, 1088842, 558, 0, 0
3004, 24, 359, 397, 0, 0, 26.70%, 0, 0, 4, 331.87, 1090434, 558, 0, 0
3009, 24, 185, 397, 0, 0, 26.70%, 0, 0, 4, 412.84, 1092268, 558, 0, 0
3015, 24, 139, 397, 0, 0, 26.70%, 0, 0, 4, 250.35, 1094068, 558, 0, 0
3020, 24, 272, 397, 0, 0, 26.70%, 0, 0, 4, 370.00, 1095760, 558, 0, 0
3025, 24, 52, 397, 0, 0, 26.70%, 0, 0, 4, 294.67, 1097524, 558, 0, 0
3030, 24, 372, 397, 0, 0, 26.70%, 0, 0, 4, 392.33, 1099354, 558, 0, 0
3035, 24, 190, 397, 0, 0, 26.70%, 0, 0, 4, 416.86, 1101159, 558, 0, 0
3040, 24, 319, 397, 0, 0, 26.70%, 0, 0, 4, 397.03, 1102975, 558, 0, 0
3045, 24, 245, 397, 0, 0, 26.70%, 0, 0, 4, 416.76, 1104827, 558, 0, 0
3050, 24, 163, 397, 0, 0, 26.70%, 0, 0, 4, 214.50, 1106515, 558, 0, 0
3055, 24, 396, 397, 0, 0, 26.70%, 0, 0, 4, 323.80, 1108341, 558, 0, 0
3061, 24, 55, 397, 0, 0, 26.70%, 0, 0, 4, 355.79, 1110140, 558, 0, 0
3066, 24, 361, 397, 0, 0, 26.70%, 0, 0, 4, 371.84, 1111940, 558, 0, 0
3071, 24, 174, 397, 0, 0, 26.70%, 0, 0, 4, 353.19, 1113703, 558, 0, 0
3076, 24, 319, 397, 0, 0, 26.70%, 0, 0, 4, 387.65, 1115510, 558, 0, 0
3081, 24, 372, 397, 0, 0, 26.70%, 0, 0, 4, 389.72, 1117240, 558, 0, 0
3086, 25, 162, 397, 0, 0, 26.70%, 0, 0, 4, 387.91, 1119043, 558, 0, 0
3091, 25, 5, 397, 0, 0, 26.70%, 0, 0, 4, 66.85, 1120759, 558, 0, 0
3096, 25, 361, 397, 0, 0, 26.70%, 0, 0, 4, 418.67, 1122619, 558, 0, 0
3101, 25, 327, 397, 0, 0, 26.70%, 0, 0, 4, 384.40, 1124447, 558, 0, 0
3107, 25, 159, 397, 0, 0, 26.70%, 0, 0, 4, 370.86, 1126275, 558, 0, 0
3112, 25, 81, 397, 0, 0, 26.70%, 0, 0, 4, 393.12, 1128133, 558, 0, 0
3117, 25, 337, 397, 0, 0, 26.70%, 0, 0, 4, 374.30, 1129875, 558, 0, 0
3122, 25, 205, 397, 0, 0, 26.70%, 0, 0, 4, 401.42, 1131635, 558, 0, 0
3127, 25, 184, 397, 0, 0, 26.70%, 0, 0, 4, 357.42, 1133382, 558, 0, 0
3132, 25, 359, 397, 0, 0, 26.70%, 0, 0, 4, 219.15, 1135255, 558, 0, 0
3137, 25, 177, 397, 0, 0, 26.70%, 0, 0, 4, 333.70, 1137091, 558, 0, 0
3142, 25, 143, 397, 0, 0, 26.70%, 0, 0, 4, 330.10, 1138909, 558, 0, 0
3147, 25, 371, 397, 0, 0, 26.70%, 0, 0, 4, 391.65, 1140675, 558, 0, 0
3152, 25, 205, 397, 0, 0, 26.70%, 0, 0, 4, 406.73, 1142483, 558, 0, 0
3158, 25, 337, 397, 0, 0, 26.70%, 0, 0, 4, 387.40, 1144107, 558, 0, 0
3163, 25, 325, 397, 0, 0, 26.70%, 0, 0, 4, 367.14, 1145817, 558, 0, 0
3168, 25, 372, 397, 0, 0, 26.70%, 0, 0, 4, 412.81, 1147627, 558, 0, 0
3173, 25, 372, 397, 0, 0, 26.70%, 0, 0, 4, 403.75, 1149515, 558, 0, 0
3178, 25, 396, 397, 0, 0, 26.70%, 0, 0, 4, 408.68, 1151211, 558, 0, 0
3183, 25, 202, 397, 0, 0, 26.70%, 0, 0, 4, 367.30, 1153003, 558, 0, 0
3188, 25, 55, 397, 0, 0, 26.70%, 0, 0, 4, 293.38, 1154804, 558, 0, 0
3194, 25, 361, 397, 0, 0, 26.70%, 0, 0, 4, 336.11, 1156579, 558, 0, 0
3199, 25, 195, 397, 0, 0, 26.70%, 0, 0, 4, 424.62, 1158418, 558, 0, 0
3204, 26, 396, 397, 0, 0, 26.70%, 0, 0, 4, 315.14, 1160199, 558, 0, 0
3209, 26, 273, 397, 0, 0, 26.70%, 0, 0, 4, 282.88, 1162009, 558, 0, 0
3214, 26, 361, 397, 0, 0, 26.70%, 0, 0, 4, 364.08, 1163882, 558, 0, 0
3219, 26, 180, 397, 0, 0, 26.70%, 0, 0, 4, 420.74, 1165707, 558, 0, 0
3224, 26, 362, 397, 0, 0, 26.70%, 0, 0, 4, 409.25, 1167574, 558, 0, 0
3230, 26, 36, 397, 0, 0, 26.70%, 0, 0, 4, 356.48, 1169343, 558, 0, 0
3235, 26, 11, 397, 0, 0, 26.70%, 0, 0, 4, 323.08, 1171178, 558, 0, 0
3240, 26, 143, 397, 0, 0, 26.70%, 0, 0, 4, 427.30, 1172990, 558, 0, 0
3245, 26, 322, 397, 0, 0, 26.70%, 0, 0, 4, 397.39, 1174793, 558, 0, 0
3250, 26, 136, 397, 0, 0, 26.70%, 0, 0, 4, 415.02, 1176634, 558, 0, 0
3255, 26, 61, 397, 0, 0, 26.70%, 0, 0, 4, 380.24, 1178457, 558, 0, 0
3260, 26, 113, 397, 0, 0, 26.70%, 0, 0, 4, 342.29, 1180164, 558, 0, 0
3265, 26, 360, 397, 0, 0, 26.70%, 0, 0, 4, 428.64, 1182058, 558, 0, 0
3270, 26, 359, 397, 0, 0, 26.70%, 0, 0, 4, 421.85, 1183850, 558, 0, 0
3275, 26, 396, 397, 0, 0, 26.70%, 0, 0, 4, 369.30, 1185611, 558, 0, 0
3280, 26, 262, 397, 0, 0, 26.70%, 0, 0, 4, 338.99, 1187412, 558, 0, 0
3285, 26, 52, 397, 0, 0, 26.70%, 0, 0, 4, 407.59, 1189166, 558, 0, 0
3290, 26, 371, 397, 0, 0, 26.70%, 0, 0, 4, 425.74, 1190887, 558, 0, 0
3296, 26, 372, 397, 0, 0, 26.70%, 0, 0, 4, 422.60, 1192702, 558, 0, 0
3301, 26, 354, 397, 0, 0, 26.70%, 0, 0, 4, 391.51, 1194501, 558, 0, 0
3306, 26, 122, 397, 0, 0, 26.70%, 0, 0, 4, 399.72, 1196350, 558, 0, 0
3311, 26, 205, 397, 0, 0, 26.70%, 0, 0, 4, 425.04, 1198193, 558, 0, 0
3316, 27, 205, 397, 0, 0, 26.70%, 0, 0, 4, 34.36, 1199900, 558, 0, 0
3321, 27, 359, 397, 0, 0, 26.70%, 0, 0, 4, 315.28, 1201672, 558, 0, 0
3326, 27, 190, 397, 0, 0, 26.70%, 0, 0, 4, 420.75, 1203518, 558, 0, 0
3331, 27, 279, 397, 0, 0, 26.70%, 0, 0, 4, 416.19, 1205334, 558, 0, 0
3336, 27, 279, 397, 0, 0, 26.70%, 0, 0, 4, 392.07, 1207185, 558, 0, 0
3342, 27, 202, 397, 0, 0, 26.70%, 0, 0, 4, 369.61, 1209050, 558, 0, 0
3347, 27, 52, 397, 0, 0, 26.70%, 0, 0, 4, 362.62, 1210801, 558, 0, 0
3352, 27, 372, 397, 0, 0, 26.70%, 0, 0, 4, 409.67, 1212442, 558, 0, 0
3357, 27, 52, 397, 0, 0, 26.70%, 0, 0, 4, 396.63, 1214258, 558, 0, 0
3362, 27, 205, 397, 0, 0, 26.70%, 0, 0, 4, 286.55, 1215999, 558, 0, 0
3368, 27, 47, 397, 0, 0, 26.70%, 0, 0, 4, 415.53, 1217869, 558, 0, 0
3373, 27, 134, 397, 0, 0, 26.70%, 0, 0, 4, 334.89, 1219741, 558, 0, 0
3378, 27, 174, 397, 0, 0, 26.70%, 0, 0, 4, 404.55, 1221493, 558, 0, 0
3383, 27, 205, 397, 0, 0, 26.70%, 0, 0, 4, 417.42, 1223233, 558, 0, 0
3388, 27, 319, 397, 0, 0, 26.70%, 0, 0, 4, 411.55, 1225057, 558, 0, 0
3393, 27, 168, 397, 0, 0, 26.70%, 0, 0, 4, 307.93, 1226765, 558, 0, 0
3398, 27, 184, 397, 0, 0, 26.70%, 0, 0, 4, 395.85, 1228583, 558, 0, 0
3404, 27, 359, 397, 0, 0, 26.70%, 0, 0, 4, 70.38, 1230309, 558, 0, 0
3409, 27, 195, 397, 0, 0, 26.70%, 0, 0, 4, 422.53, 1232092, 558, 0, 0
3414, 27, 319, 397, 0, 0, 26.70%, 0, 0, 4, 414.30, 1233876, 558, 0, 0
3419, 27, 202, 397, 0, 0, 26.70%, 0, 0, 4, 419.53, 1235732, 558, 0, 0
3424, 27, 116, 397, 0, 0, 26.70%, 0, 0, 4, 361.05, 1237479, 558, 0, 0
3429, 27, 377, 397, 0, 0, 26.70%, 0, 0, 4, 393.27, 1239200, 558, 0, 0
3434, 27, 279, 397, 0, 0, 26.70%, 0, 0, 4, 336.17, 1240934, 558, 0, 0
3439, 28, 371, 397, 0, 0, 26.70%, 0, 0, 4, 398.15, 1242728, 558, 0, 0
3444, 28, 319, 397, 0, 0, 26.70%, 0, 0, 4, 230.00, 1244398, 558, 0, 0
3449, 28, 202, 397, 0, 0, 26.70%, 0, 0, 4, 362.62, 1246158, 558, 0, 0
3454, 28, 299, 397, 0, 0, 26.70%, 0, 0, 4, 292.80, 1248004, 558, 0, 0
3460, 28, 319, 397, 0, 0, 26.70%, 0, 0, 4, 371.08, 1249700, 558, 0, 0
3465, 28, 159, 397, 0, 0, 26.70%, 0, 0, 4, 340.47, 1251498, 558, 0, 0
3470, 28, 359, 397, 0, 0, 26.70%, 0, 0, 4, 194.26, 1253286, 558, 0, 0
3475, 28, 322, 397, 0, 0, 26.70%, 0, 0, 4, 404.30, 1255007, 558, 0, 0
3480, 28, 396, 397, 0, 0, 26.70%, 0, 0, 4, 335.00, 1256752, 558, 0, 0
3485, 28, 212, 397, 0, 0, 26.70%, 0, 0, 4, 415.78, 1258515, 558, 0, 0
3490, 28, 359, 397, 0, 0, 26.70%, 0, 0, 4, 49.38, 1260126, 558, 0, 0
3495, 28, 47, 397, 0, 0, 26.70%, 0, 0, 4, 241.34, 1261939, 558, 0, 0
3500, 28, 144, 397, 0, 0, 26.70%, 0, 0, 4, 356.91, 1263689, 558, 0, 0
3506, 28, 2, 397, 0, 0, 26.70%, 0, 0, 4, 402.73, 1265435, 558, 0, 0
3511, 28, 396, 397, 0, 0, 26.70%, 0, 0, 4, 122.29, 1267201, 558, 0, 0
3516, 28, 275, 397, 0, 0, 26.70%, 0, 0, 4, 322.11, 1268979, 558, 0, 0
3521, 28, 176, 397, 0, 0, 26.70%, 0, 0, 4, 414.15, 1270827, 558, 0, 0
3526, 28, 371, 397, 0, 0, 26.70%, 0, 0, 4, 393.03, 1272519, 558, 0, 0
3531, 28, 159, 397, 0, 0, 26.70%, 0, 0, 4, 348.55, 1274403, 558, 0, 0
3537, 28, 359, 397, 0, 0, 26.70%, 0, 0, 4, 420.72, 1276243, 558, 0, 0
3542, 28, 255, 397, 0, 0, 26.70%, 0, 0, 4, 403.16, 1278059, 558, 0, 0
3547, 28, 95, 397, 0, 0, 26.70%, 0, 0, 4, 391.07, 1279889, 558, 0, 0
3552, 28, 55, 397, 0, 0, 26.70%, 0, 0, 4, 360.76, 1281617, 558, 0, 0
3557, 29, 245, 397, 0, 0, 26.70%, 0, 0, 4, 400.51, 1283482, 558, 0, 0
3562, 29, 319, 397, 0, 0, 26.70%, 0, 0, 4, 334.65, 1285061, 558, 0, 0
3567, 29, 276, 397, 0, 0, 26.70%, 0, 0, 4, 418.41, 1286866, 558, 0, 0
3572, 29, 344, 397, 0, 0, 26.70%, 0, 0, 4, 379.76, 1288685, 558, 0, 0
3578, 29, 211, 397, 0, 0, 26.70%, 0, 0, 4, 384.46, 1290476, 558, 0, 0
3583, 29, 361, 397, 0, 0, 26.70%, 0, 0, 4, 347.94, 1292259, 558, 0, 0
3588, 29, 199, 397, 0, 0, 26.70%, 0, 0, 4, 425.69, 1294068, 558, 0, 0
3593, 29, 361, 397, 0, 0, 26.70%, 0, 0, 4, 362.30, 1295858, 558, 0, 0
3598, 29, 9, 397, 0, 0, 26.70%, 0, 0, 4, 425.00, 1297592, 558, 0, 0
3603, 29, 99, 397, 0, 0, 26.70%, 0, 0, 4, 398.64, 1299415, 558, 0, 0
3608, 29, 143, 397, 0, 0, 26.70%, 0, 0, 4, 418.07, 1301226, 558, 0, 0
3614, 29, 238, 397, 0, 0, 26.70%, 0, 0, 4, 388.49, 1302966, 558, 0, 0
3619, 29, 396, 397, 0, 0, 26.70%, 0, 0, 4, 284.15, 1304739, 558, 0, 0
3624, 29, 199, 397, 0, 0, 26.70%, 0, 0, 4, 391.42, 1306501, 558, 0, 0
3629, 29, 396, 397, 0, 0, 26.70%, 0, 0, 4, 382.80, 1308260, 558, 0, 0
3634, 29, 55, 397, 0, 0, 26.70%, 0, 0, 4, 32.92, 1309966, 558, 0, 0
3639, 29, 52, 397, 0, 0, 26.70%, 0, 0, 4, 138.90, 1311682, 558, 0, 0
3644, 29, 5, 397, 0, 0, 26.70%, 0, 0, 4, 416.36, 1313534, 558, 0, 0
3649, 29, 354, 397, 0, 0, 26.70%, 0, 0, 4, 396.92, 1315133, 558, 0, 0
3654, 29, 327, 397, 0, 0, 26.70%, 0, 0, 4, 291.77, 1316974, 558, 0, 0
3660, 29, 52, 397, 0, 0, 26.70%, 0, 0, 4, 422.01, 1318833, 558, 0, 0
3665, 29, 359, 397, 0, 0, 26.70%, 0, 0, 4, 420.76, 1320676, 558, 0, 0
3670, 29, 147, 397, 0, 0, 26.70%, 0, 0, 4, 369.74, 1322328, 558, 0, 0
3675, 29, 47, 397, 0, 0, 26.70%, 0, 0, 4, 422.14, 1324152, 558, 0, 0
3680, 30, 319, 397, 0, 0, 26.70%, 0, 0, 4, 261.87, 1326014, 558, 0, 0
3685, 30, 280, 397, 0, 0, 26.70%, 0, 0, 4, 415.96, 1327835, 558, 0, 0
3690, 30, 168, 397, 0, 0, 26.70%, 0, 0, 4, 388.36, 1329599, 558, 0, 0
3695, 30, 372, 397, 0, 0, 26.70%, 0, 0, 4, 368.62, 1331389, 558, 0, 0
3700, 30, 55, 397, 0, 0, 26.70%, 0, 0, 4, 343.57, 1333079, 558, 0, 0
3706, 30, 177, 397, 0, 0, 26.70%, 0, 0, 4, 370.78, 1334775, 558, 0, 0
3711, 30, 337, 397, 0, 0, 26.70%, 0, 0, 4, 420.00, 1336424, 558, 0, 0
3716, 30, 396, 397, 0, 0, 26.70%, 0, 0, 4, 309.78, 1338243, 558, 0, 0
3721, 30, 159, 397, 0, 0, 26.70%, 0, 0, 4, 362.85, 1340003, 558, 0, 0
3726, 30, 322, 397, 0, 0, 26.70%, 0, 0, 4, 197.75, 1341831, 558, 0, 0
3731, 30, 245, 397, 0, 0, 26.70%, 0, 0, 4, 79.60, 1343575, 558, 0, 0
3736, 30, 47, 397, 0, 0, 26.70%, 0, 0, 4, 358.21, 1345341, 558, 0, 0
3741, 30, 127, 397, 0, 0, 26.70%, 0, 0, 4, 398.00, 1347189, 558, 0, 0
3747, 30, 359, 397, 0, 0, 26.70%, 0, 0, 4, 179.73, 1348955, 558, 0, 0
3752, 30, 165, 397, 0, 0, 26.70%, 0, 0, 4, 33.18, 1350633, 558, 0, 0
3757, 30, 143, 397, 0, 0, 26.70%, 0, 0, 4, 354.89, 1352417, 558, 0, 0
3762, 30, 177, 397, 0, 0, 26.70%, 0, 0, 4, 351.52, 1354279, 558, 0, 0
3767, 30, 396, 397, 0, 0, 26.70%, 0, 0, 4, 387.96, 1355963, 558, 0, 0
3772, 30, 47, 397, 0, 0, 26.70%, 0, 0, 4, 413.54, 1357599, 558, 0, 0
3777, 30, 14, 397, 0, 0, 26.70%, 0, 0, 4, 414.55, 1359435, 558, 0, 0
3782, 30, 279, 397, 0, 0, 26.70%, 0, 0, 4, 33.33, 1361167, 558, 0, 0
3788, 30, 190, 397, 0, 0, 26.70%, 0, 0, 4, 402.82, 1362959, 558, 0, 0
3793, 30, 122, 397, 0, 0, 26.70%, 0, 0, 4, 409.02, 1364791, 558, 0, 0
3798, 30, 127, 397, 0, 0, 26.70%, 0, 0, 4, 379.67, 1366526, 558, 0, 0
3803, 31, 184, 397, 0, 0, 26.70%, 0, 0, 4, 312.57, 1368209, 558, 0, 0
3808, 31, 171, 397, 0, 0, 26.70%, 0, 0, 4, 253.55, 1370047, 558, 0, 0
3813, 31, 337, 397, 0, 0, 26.70%, 0, 0, 4, 346.61, 1371793, 558, 0, 0
3819, 31, 354, 397, 0, 0, 26.70%, 0, 0, 4, 400.57, 1373574, 558, 0, 0
3824, 31, 279, 397, 0, 0, 26.70%, 0, 0, 4, 341.59, 1375218, 558, 0, 0
3829, 31, 205, 397, 0, 0, 26.70%, 0, 0, 4, 398.62, 1377008, 558, 0, 0
3834, 31, 337, 397, 0, 0, 26.70%, 0, 0, 4, 336.94, 1378778, 558, 0, 0
3839, 31, 50, 397, 0, 0, 26.70%, 0, 0, 4, 383.75, 1380550, 558, 0, 0
3844, 31, 372, 397, 0, 0, 26.70%, 0, 0, 4, 418.36, 1382290, 558, 0, 0
3849, 31, 371, 397, 0, 0, 26.70%, 0, 0, 4, 376.98, 1384178, 558, 0, 0
3854, 31, 160, 397, 0, 0, 26.70%, 0, 0, 4, 377.14, 1386050, 558, 0, 0
3860, 31, 279, 397, 0, 0, 26.70%, 0, 0, 4, 359.22, 1387757, 558, 0, 0
3865, 31, 52, 397, 0, 0, 26.70%, 0, 0, 4, 419.52, 1389626, 558, 0, 0
3870, 31, 199, 397, 0, 0, 26.70%, 0, 0, 4, 389.52, 1391436, 558, 0, 0
3875, 31, 235, 397, 0, 0, 26.70%, 0, 0, 4, 45.63, 1393102, 558, 0, 0
3880, 31, 396, 397, 0, 0, 26.70%, 0, 0, 4, 392.49, 1394843, 558, 0, 0
3885, 31, 193, 397, 0, 0, 26.70%, 0, 0, 4, 32.71, 1396457, 558, 0, 0
3890, 31, 337, 397, 0, 0, 26.70%, 0, 0, 4, 426.26, 1398218, 558, 0, 0
3895, 31, 245, 397, 0, 0, 26.70%, 0, 0, 4, 36.70, 1399833, 558, 0, 0
3900, 31, 272, 397, 0, 0, 26.70%, 0, 0, 4, 390.97, 1401622, 558, 0, 0
3905, 31, 11, 397, 0, 0, 26.70%, 0, 0, 4, 420.79, 1403278, 558, 0, 0
3910, 31, 205, 397, 0, 0, 26.70%, 0, 0, 4, 374.23, 1405057, 558, 0, 0
3915, 31, 118, 397, 0, 0, 26.70%, 0, 0, 4, 306.93, 1406692, 558, 0, 0
3921, 31, 168, 397, 0, 0, 26.70%, 0, 0, 4, 363.27, 1408353, 558, 0, 0
3926, 32, 177, 397, 0, 0, 26.70%, 0, 0, 4, 376.11, 1410153, 558, 0, 0
3931, 32, 47, 397, 0, 0, 26.70%, 0, 0, 4, 415.65, 1411741, 558, 0, 0
3936, 32, 185, 397, 0, 0, 26.70%, 0, 0, 4, 352.05, 1413418, 558, 0, 0
3941, 32, 396, 397, 0, 0, 26.70%, 0, 0, 4, 221.12, 1415005, 558, 0, 0
3946, 32, 55, 397, 0, 0, 26.70%, 0, 0, 4, 194.96, 1416753, 558, 0, 0
3951, 32, 195, 397, 0, 0, 26.70%, 0, 0, 4, 305.00, 1418312, 558, 0, 0
3956, 32, 279, 397, 0, 0, 26.70%, 0, 0, 4, 400.23, 1420165, 558, 0, 0
3961, 32, 289, 397, 0, 0, 26.70%, 0, 0, 4, 423.67, 1422024, 558, 0, 0
3966, 32, 195, 397, 0, 0, 26.70%, 0, 0, 4, 319.23, 1423716, 558, 0, 0
3971, 32, 396, 397, 0, 0, 26.70%, 0, 0, 4, 34.97, 1425299, 558, 0, 0
3976, 32, 396, 397, 0, 0, 26.70%, 0, 0, 4, 241.99, 1427048, 558, 0, 0
3982, 32, 177, 397, 0, 0, 26.70%, 0, 0, 4, 398.27, 1428872, 558, 0, 0
3987, 32, 178, 397, 0, 0, 26.70%, 0, 0, 4, 422.48, 1430704, 558, 0, 0
3992, 32, 396, 397, 0, 0, 26.70%, 0, 0, 4, 395.34, 1432520, 558, 0, 0
3997, 32, 195, 397, 0, 0, 26.70%, 0, 0, 4, 34.83, 1434068, 558, 0, 0
4002, 32, 202, 397, 0, 0, 26.70%, 0, 0, 4, 415.06, 1435840, 558, 0, 0
4007, 32, 5, 397, 0, 0, 26.70%, 0, 0, 4, 412.61, 1437696, 558, 0, 0
4012, 32, 202, 397, 0, 0, 26.70%, 0, 0, 4, 419.67, 1439408, 558, 0, 0
4017, 32, 396, 397, 0, 0, 26.70%, 0, 0, 4, 408.95, 1441172, 558, 0, 0
4022, 32, 195, 397, 0, 0, 26.70%, 0, 0, 4, 323.95, 1442790, 558, 0, 0
4027, 32, 361, 397, 0, 0, 26.70%, 0, 0, 4, 350.06, 1444584, 558, 0, 0
4033, 32, 177, 397, 0, 0, 26.70%, 0, 0, 4, 370.06, 1446407, 558, 0, 0
4038, 32, 190, 397, 0, 0, 26.70%, 0, 0, 4, 292.11, 1448238, 558, 0, 0
4043, 32, 245, 397, 0, 0, 26.70%, 0, 0, 4, 34.33, 1449935, 558, 0, 0
4048, 32, 177, 397, 0, 0, 26.70%, 0, 0, 4, 376.32, 1451701, 558, 0, 0
4053, 33, 371, 397, 0, 0, 26.70%, 0, 0, 4, 420.18, 1453575, 558, 0, 0
4058, 33, 86, 397, 0, 0, 26.70%, 0, 0, 4, 415.67, 1455399, 558, 0, 0
4063, 33, 319, 397, 0, 0, 26.70%, 0, 0, 4, 374.53, 1457162, 558, 0, 0
4068, 33, 280, 397, 0, 0, 26.70%, 0, 0, 4, 427.86, 1458831, 558, 0, 0
4074, 33, 327, 397, 0, 0, 26.70%, 0, 0, 4, 413.75, 1460675, 558, 0, 0
4079, 33, 168, 397, 0, 0, 26.70%, 0, 0, 4, 367.16, 1462501, 558, 0, 0
4084, 33, 310, 397, 0, 0, 26.70%, 0, 0, 4, 403.58, 1464342, 558, 0, 0
4089, 33, 396, 397, 0, 0, 26.70%, 0, 0, 4, 387.29, 1466086, 558, 0, 0
4094, 33, 206, 397, 0, 0, 26.70%, 0, 0, 4, 382.48, 1467872, 558, 0, 0
4099, 33, 53, 397, 0, 0, 26.70%, 0, 0, 4, 420.81, 1469682, 558, 0, 0
4104, 33, 0, 397, 0, 0, 26.70%, 0, 0, 4, 52.17, 1471444, 558, 0, 0
4110, 33, 354, 397, 0, 0, 26.70%, 0, 0, 4, 347.75, 1473274, 558, 0, 0
4115, 33, 48, 397, 0, 0, 26.70%, 0, 0, 4, 275.18, 1475117, 558, 0, 0
4120, 33, 319, 397, 0, 0, 26.70%, 0, 0, 4, 412.14, 1476974, 558, 0, 0
4125, 33, 372, 397, 0, 0, 26.70%, 0, 0, 4, 373.86, 1478793, 558, 0, 0
4130, 33, 212, 397, 0, 0, 26.70%, 0, 0, 4, 33.06, 1480480, 558, 0, 0
4135, 33, 195, 397, 0, 0, 26.70%, 0, 0, 4, 392.45, 1482323, 558, 0, 0
4140, 33, 177, 397, 0, 0, 26.70%, 0, 0, 4, 420.46, 1484098, 558, 0, 0
4145, 33, 279, 397, 0, 0, 26.70%, 0, 0, 4, 397.42, 1485916, 558, 0, 0
4150, 33, 372, 397, 0, 0, 26.70%, 0, 0, 4, 371.73, 1487651, 558, 0, 0
4155, 33, 396, 397, 0, 0, 26.70%, 0, 0, 4, 381.74, 1489256, 558, 0, 0
4161, 33, 237, 397, 0, 0, 26.70%, 0, 0, 4, 418.29, 1491018, 558, 0, 0
4166, 33, 184, 397, 0, 0, 26.70%, 0, 0, 4, 409.10, 1492826, 558, 0, 0
4171, 34, 279, 397, 0, 0, 26.70%, 0, 0, 4, 418.43, 1494674, 558, 0, 0
4176, 34, 320, 397, 0, 0, 26.70%, 0, 0, 4, 87.32, 1496352, 558, 0, 0
4181, 34, 367, 397, 0, 0, 26.70%, 0, 0, 4, 415.81, 1498125, 558, 0, 0
4186, 34, 33, 397, 0, 0, 26.70%, 0, 0, 4, 380.69, 1499912, 558, 0, 0
4191, 34, 372, 397, 0, 0, 26.70%, 0, 0, 4, 307.52, 1501697, 558, 0, 0
4196, 34, 143, 397, 0, 0, 26.70%, 0, 0, 4, 327.20, 1503458, 558, 0, 0
4201, 34, 55, 397, 0, 0, 26.70%, 0, 0, 4, 401.52, 1505280, 558, 0, 0
4207, 34, 396, 397, 0, 0, 26.70%, 0, 0, 4, 233.72, 1506912, 558, 0, 0
4212, 34, 185, 397, 0, 0, 26.70%, 0, 0, 4, 332.25, 1508682, 558, 0, 0
4217, 34, 25, 397, 0, 0, 26.70%, 0, 0, 4, 363.87, 1510494, 558, 0, 0
4222, 34, 378, 397, 0, 0, 26.70%, 0, 0, 4, 379.48, 1512336, 558, 0, 0
4227, 34, 205, 397, 0, 0, 26.70%, 0, 0, 4, 43.90, 1514024, 558, 0, 0
4232, 34, 280, 397, 0, 0, 26.70%, 0, 0, 4, 418.57, 1515840, 558, 0, 0
4237, 34, 361, 397, 0, 0, 26.70%, 0, 0, 4, 284.93, 1517672, 558, 0, 0
4242, 34, 279, 397, 0, 0, 26.70%, 0, 0, 4, 422.74, 1519540, 558, 0, 0
4247, 34, 396, 397, 0, 0, 26.70%, 0, 0, 4, 407.33, 1521312, 558, 0, 0
4253, 34, 52, 397, 0, 0, 26.70%, 0, 0, 4, 378.29, 1523001, 558, 0, 0
4258, 34, 280, 397, 0, 0, 26.70%, 0, 0, 4, 342.89, 1524641, 558, 0, 0
4263, 34, 168, 397, 0, 0, 26.70%, 0, 0, 4, 355.01, 1526448, 558, 0, 0
4268, 34, 24, 397, 0, 0, 26.70%, 0, 0, 4, 365.86, 1528262, 558, 0, 0
4273, 34, 354, 397, 0, 0, 26.70%, 0, 0, 4, 329.63, 1530063, 558, 0, 0
4278, 34, 280, 397, 0, 0, 26.70%, 0, 0, 4, 369.55, 1531718, 558, 0, 0
4283, 34, 143, 397, 0, 0, 26.70%, 0, 0, 4, 249.78, 1533579, 558, 0, 0
4288, 34, 396, 397, 0, 0, 26.70%, 0, 0, 4, 407.06, 1535391, 558, 0, 0
4293, 35, 184, 397, 0, 0, 26.70%, 0, 0, 4, 359.99, 1537090, 558, 0, 0
4298, 35, 202, 397, 0, 0, 26.70%, 0, 0, 4, 385.30, 1538786, 558, 0, 0
4303, 35, 396, 397, 0, 0, 26.70%, 0, 0, 4, 408.40, 1540602, 558, 0, 0
4308, 35, 396, 397, 0, 0, 26.70%, 0, 0, 4, 328.35, 1542136, 558, 0, 0
4314, 35, 280, 397, 0, 0, 26.70%, 0, 0, 4, 360.05, 1543937, 558, 0, 0
4319, 35, 190, 397, 0, 0, 26.70%, 0, 0, 4, 363.96, 1545700, 558, 0, 0
4324, 35, 377, 397, 0, 0, 26.70%, 0, 0, 4, 433.09, 1547442, 558, 0, 0
4329, 35, 184, 397, 0, 0, 26.70%, 0, 0, 4, 400.16, 1549244, 558, 0, 0
4334, 35, 195, 397, 0, 0, 26.70%, 0, 0, 4, 377.43, 1551016, 558, 0, 0
4339, 35, 138, 397, 0, 0, 26.70%, 0, 0, 4, 285.66, 1552712, 558, 0, 0
4344, 35, 359, 397, 0, 0, 26.70%, 0, 0, 4, 332.47, 1554414, 558, 0, 0
4349, 35, 322, 397, 0, 0, 26.70%, 0, 0, 4, 271.31, 1556202, 558, 0, 0
4355, 35, 5, 397, 0, 0, 26.70%, 0, 0, 4, 412.09, 1558050, 558, 0, 0
4360, 35, 258, 397, 0, 0, 26.70%, 0, 0, 4, 420.00, 1559656, 558, 0, 0
4365, 35, 245, 397, 0, 0, 26.70%, 0, 0, 4, 339.10, 1561556, 558, 0, 0
4370, 35, 114, 397, 0, 0, 26.70%, 0, 0, 4, 418.84, 1563374, 558, 0, 0
4375, 35, 143, 397, 0, 0, 26.70%, 0, 0, 4, 71.07, 1565118, 558, 0, 0
4380, 35, 359, 397, 0, 0, 26.70%, 0, 0, 4, 336.92, 1566956, 558, 0, 0
4385, 35, 190, 397, 0, 0, 26.70%, 0, 0, 4, 371.56, 1568709, 558, 0, 0
4391, 35, 87, 397, 0, 0, 26.70%, 0, 0, 4, 411.85, 1570510, 558, 0, 0
4396, 35, 359, 397, 0, 0, 26.70%, 0, 0, 4, 375.87, 1572165, 558, 0, 0
4401, 35, 218, 397, 0, 0, 26.70%, 0, 0, 4, 343.65, 1573926, 558, 0, 0
4406, 35, 238, 397, 0, 0, 26.70%, 0, 0, 4, 315.07, 1575708, 558, 0, 0
4411, 35, 238, 397, 0, 0, 26.70%, 0, 0, 4, 415.17, 1577526, 558, 0, 0
4416, 36, 205, 397, 0, 0, 26.70%, 0, 0, 4, 392.98, 1579198, 558, 0, 0
4421, 36, 99, 397, 0, 0, 26.70%, 0, 0, 4, 373.18, 1580979, 558, 0, 0
4426, 36, 66, 397, 0, 0, 26.70%, 0, 0, 4, 422.31, 1582834, 558, 0, 0
4431, 36, 361, 397, 0, 0, 26.70%, 0, 0, 4, 372.20, 1584647, 558, 0, 0
4436, 36, 280, 397, 0, 0, 26.70%, 0, 0, 4, 63.60, 1586419, 558, 0, 0
4442, 36, 310, 397, 0, 0, 26.70%, 0, 0, 4, 385.57, 1588193, 558, 0, 0
4447, 36, 43, 397, 0, 0, 26.70%, 0, 0, 4, 335.51, 1590073, 558, 0, 0
4452, 36, 195, 397, 0, 0, 26.70%, 0, 0, 4, 356.33, 1591826, 558, 0, 0
4457, 36, 52, 397, 0, 0, 26.70%, 0, 0, 4, 391.54, 1593675, 558, 0, 0
4462, 36, 55, 397, 0, 0, 26.70%, 0, 0, 4, 32.65, 1595417, 558, 0, 0
4467, 36, 55, 397, 0, 0, 26.70%, 0, 0, 4, 427.86, 1597208, 558, 0, 0
4472, 36, 55, 397, 0, 0, 26.70%, 0, 0, 4, 378.34, 1599004, 558, 0, 0
4477, 36, 396, 397, 0, 0, 26.70%, 0, 0, 4, 181.90, 1600696, 558, 0, 0
4483, 36, 143, 397, 0, 0, 26.70%, 0, 0, 4, 65.62, 1602365, 558, 0, 0
4488, 36, 322, 397, 0, 0, 26.70%, 0, 0, 4, 434.35, 1604166, 558, 0, 0
4493, 36, 396, 397, 0, 0, 26.70%, 0, 0, 4, 409.84, 1606010, 558, 0, 0
4498, 36, 85, 397, 0, 0, 26.70%, 0, 0, 4, 408.02, 1607790, 558, 0, 0
4503, 36, 322, 397, 0, 0, 26.70%, 0, 0, 4, 301.65, 1609526, 558, 0, 0
4508, 36, 311, 397, 0, 0, 26.70%, 0, 0, 4, 282.32, 1611277, 558, 0, 0
4513, 36, 396, 397, 0, 0, 26.70%, 0, 0, 4, 416.36, 1613042, 558, 0, 0
4518, 36, 177, 397, 0, 0, 26.70%, 0, 0, 4, 416.69, 1614890, 558, 0, 0
4523, 36, 168, 397, 0, 0, 26.70%, 0, 0, 4, 400.99, 1616590, 558, 0, 0
4528, 36, 168, 397, 0, 0, 26.70%, 0, 0, 4, 346.06, 1618408, 558, 0, 0
4533, 37, 47, 397, 0, 0, 26.70%, 0, 0, 4, 395.03, 1620244, 558, 0, 0
4539, 37, 205, 397, 0, 0, 26.70%, 0, 0, 4, 419.67, 1622066, 558, 0, 0
4544, 37, 159, 397, 0, 0, 26.70%, 0, 0, 4, 304.78, 1623820, 558, 0, 0
4549, 37, 123, 397, 0, 0, 26.70%, 0, 0, 4, 331.12, 1625580, 558, 0, 0
4554, 37, 190, 397, 0, 0, 26.70%, 0, 0, 4, 351.94, 1627420, 558, 0, 0
4559, 37, 396, 397, 0, 0, 26.70%, 0, 0, 4, 319.76, 1629213, 558, 0, 0
4564, 37, 371, 397, 0, 0, 26.70%, 0, 0, 4, 385.78, 1630793, 558, 0, 0
4569, 37, 159, 397, 0, 0, 26.70%, 0, 0, 4, 363.84, 1632612, 558, 0, 0
4574, 37, 168, 397, 0, 0, 26.70%, 0, 0, 4, 382.60, 1634440, 558, 0, 0
4579, 37, 361, 397, 0, 0, 26.70%, 0, 0, 4, 411.97, 1636265, 558, 0, 0
4584, 37, 359, 397, 0, 0, 26.70%, 0, 0, 4, 378.11, 1637930, 558, 0, 0
4590, 37, 361, 397, 0, 0, 26.70%, 0, 0, 4, 377.67, 1639719, 558, 0, 0
4595, 37, 127, 397, 0, 0, 26.70%, 0, 0, 4, 391.78, 1641561, 558, 0, 0
4600, 37, 55, 397, 0, 0, 26.70%, 0, 0, 4, 402.83, 1643373, 558, 0, 0
4605, 37, 396, 397, 0, 0, 26.70%, 0, 0, 4, 235.99, 1645109, 558, 0, 0
4610, 37, 396, 397, 0, 0, 26.70%, 0, 0, 4, 389.43, 1646861, 558, 0, 0
4615, 37, 54, 397, 0, 0, 26.70%, 0, 0, 4, 372.31, 1648675, 558, 0, 0
4620, 37, 61, 397, 0, 0, 26.70%, 0, 0, 4, 309.68, 1650313, 558, 0, 0
4626, 37, 58, 397, 0, 0, 26.70%, 0, 0, 4, 329.74, 1652137, 558, 0, 0
4631, 37, 143, 397, 0, 0, 26.70%, 0, 0, 4, 365.91, 1653984, 558, 0, 0
4636, 37, 354, 397, 0, 0, 26.70%, 0, 0, 4, 346.28, 1655819, 558, 0, 0
4641, 37, 47, 397, 0, 0, 26.70%, 0, 0, 4, 409.48, 1657673, 558, 0, 0
4646, 37, 372, 397, 0, 0, 26.70%, 0, 0, 4, 90.20, 1659454, 558, 0, 0
4651, 38, 361, 397, 0, 0, 26.70%, 0, 0, 4, 339.25, 1661231, 558, 0, 0
4656, 38, 223, 397, 0, 0, 26.70%, 0, 0, 4, 419.62, 1663041, 558, 0, 0
4662, 38, 396, 397, 0, 0, 26.70%, 0, 0, 4, 388.61, 1664776, 558, 0, 0
4667, 38, 337, 397, 0, 0, 26.70%, 0, 0, 4, 334.98, 1666573, 558, 0, 0
4672, 38, 181, 397, 0, 0, 26.70%, 0, 0, 4, 420.00, 1668291, 558, 0, 0
4677, 38, 280, 397, 0, 0, 26.70%, 0, 0, 4, 309.33, 1670100, 558, 0, 0
4682, 38, 396, 397, 0, 0, 26.70%, 0, 0, 4, 347.80, 1671926, 558, 0, 0
4687, 38, 184, 397, 0, 0, 26.70%, 0, 0, 4, 405.69, 1673708, 558, 0, 0
4692, 38, 310, 397, 0, 0, 26.70%, 0, 0, 4, 418.10, 1675516, 558, 0, 0
4697, 38, 381, 397, 0, 0, 26.70%, 0, 0, 4, 423.89, 1677276, 558, 0, 0
4702, 38, 212, 397, 0, 0, 26.70%, 0, 0, 4, 370.44, 1679050, 558, 0, 0
4707, 38, 337, 397, 0, 0, 26.70%, 0, 0, 4, 416.56, 1680848, 558, 0, 0
4712, 38, 337, 397, 0, 0, 26.70%, 0, 0, 4, 415.92, 1682660, 558, 0, 0
4718, 38, 199, 397, 0, 0, 26.70%, 0, 0, 4, 117.95, 1684343, 558, 0, 0
4723, 38, 141, 397, 0, 0, 26.70%, 0, 0, 4, 418.24, 1686192, 558, 0, 0
4728, 38, 55, 397, 0, 0, 26.70%, 0, 0, 4, 400.46, 1688036, 558, 0, 0
4733, 38, 344, 397, 0, 0, 26.70%, 0, 0, 4, 40.37, 1689773, 558, 0, 0
4738, 38, 396, 397, 0, 0, 26.70%, 0, 0, 4, 365.77, 1691590, 558, 0, 0
4744, 38, 322, 397, 0, 0, 26.70%, 0, 0, 4, 328.61, 1693370, 558, 0, 0
4749, 38, 168, 397, 0, 0, 26.70%, 0, 0, 4, 391.50, 1695094, 558, 0, 0
4754, 38, 47, 397, 0, 0, 26.70%, 0, 0, 4, 357.91, 1696801, 558, 0, 0
4759, 38, 354, 397, 0, 0, 26.70%, 0, 0, 4, 361.01, 1698659, 558, 0, 0
4764, 38, 129, 397, 0, 0, 26.70%, 0, 0, 4, 401.51, 1700468, 558, 0, 0
4769, 38, 359, 397, 0, 0, 26.70%, 0, 0, 4, 410.53, 1702316, 558, 0, 0
4774, 39, 337, 397, 0, 0, 26.70%, 0, 0, 4, 380.00, 1704036, 558, 0, 0
4779, 39, 384, 397, 0, 0, 26.70%, 0, 0, 4, 144.59, 1705792, 558, 0, 0
4784, 39, 367, 397, 0, 0, 26.70%, 0, 0, 4, 322.60, 1707651, 558, 0, 0
4790, 39, 396, 397, 0, 0, 26.70%, 0, 0, 4, 405.62, 1709391, 558, 0, 0
4795, 39, 396, 397, 0, 0, 26.70%, 0, 0, 4, 344.66, 1711074, 558, 0, 0
4800, 39, 396, 397, 0, 0, 26.70%, 0, 0, 4, 350.95, 1712793, 558, 0, 0
4805, 39, 371, 397, 0, 0, 26.70%, 0, 0, 4, 362.96, 1714583, 558, 0, 0
4810, 39, 310, 397, 0, 0, 26.70%, 0, 0, 4, 285.87, 1716367, 558, 0, 0
4816, 39, 237, 397, 0, 0, 26.70%, 0, 0, 4, 356.73, 1718125, 558, 0, 0
4821, 39, 229, 397, 0, 0, 26.70%, 0, 0, 4, 367.05, 1719948, 558, 0, 0
4826, 39, 214, 397, 0, 0, 26.70%, 0, 0, 4, 223.45, 1721551, 558, 0, 0
4831, 39, 159, 397, 0, 0, 26.70%, 0, 0, 4, 417.22, 1723359, 558, 0, 0
4836, 39, 208, 397, 0, 0, 26.70%, 0, 0, 4, 291.89, 1725177, 558, 0, 0
4841, 39, 279, 397, 0, 0, 26.70%, 0, 0, 4, 73.19, 1726875, 558, 0, 0
4846, 39, 184, 397, 0, 0, 26.70%, 0, 0, 4, 396.36, 1728737, 558, 0, 0
4852, 39, 57, 397, 0, 0, 26.70%, 0, 0, 4, 381.43, 1730600, 558, 0, 0
4857, 39, 182, 397, 0, 0, 26.70%, 0, 0, 4, 425.74, 1732243, 558, 0, 0
4862, 39, 143, 397, 0, 0, 26.70%, 0, 0, 4, 336.36, 1734025, 558, 0, 0
4867, 39, 396, 397, 0, 0, 26.70%, 0, 0, 4, 411.11, 1735725, 558, 0, 0
4872, 39, 279, 397, 0, 0, 26.70%, 0, 0, 4, 379.68, 1737519, 558, 0, 0
4877, 39, 55, 397, 0, 0, 26.70%, 0, 0, 4, 420.00, 1739225, 558, 0, 0
4882, 39, 396, 397, 0, 0, 26.70%, 0, 0, 4, 409.28, 1740889, 558, 0, 0
4887, 39, 32, 397, 0, 0, 26.70%, 0, 0, 4, 80.81, 1742633, 558, 0, 0
4892, 39, 55, 397, 0, 0, 26.70%, 0, 0, 4, 394.99, 1744354, 558, 0, 0
4897, 40, 47, 397, 0, 0, 26.70%, 0, 0, 4, 364.11, 1746133, 558, 0, 0
4902, 40, 359, 397, 0, 0, 26.70%, 0, 0, 4, 313.41, 1747955, 558, 0, 0
4907, 40, 366, 397, 0, 0, 26.70%, 0, 0, 4, 385.28, 1749605, 558, 0, 0
4913, 40, 31, 397, 0, 0, 26.70%, 0, 0, 4, 349.99, 1751437, 558, 0, 0
4918, 40, 177, 397, 0, 0, 26.70%, 0, 0, 4, 419.61, 1753265, 558, 0, 0
4923, 40, 27, 397, 0, 0, 26.70%, 0, 0, 4, 36.14, 1755052, 558, 0, 0
4928, 40, 303, 397, 0, 0, 26.70%, 0, 0, 4, 395.74, 1756861, 558, 0, 0
4933, 40, 158, 397, 0, 0, 26.70%, 0, 0, 4, 50.21, 1758495, 558, 0, 0
4938, 40, 396, 397, 0, 0, 26.70%, 0, 0, 4, 402.00, 1760325, 558, 0, 0
4943, 40, 279, 397, 0, 0, 26.70%, 0, 0, 4, 376.35, 1762091, 558, 0, 0
4949, 40, 56, 397, 0, 0, 26.70%, 0, 0, 4, 330.16, 1763707, 558, 0, 0
4954, 40, 225, 397, 0, 0, 26.70%, 0, 0, 4, 340.88, 1765501, 558, 0, 0
4959, 40, 311, 397, 0, 0, 26.70%, 0, 0, 4, 414.31, 1767273, 558, 0, 0
4964, 40, 90, 397, 0, 0, 26.70%, 0, 0, 4, 394.35, 1769112, 558, 0, 0
4969, 40, 143, 397, 0, 0, 26.70%, 0, 0, 4, 70.37, 1770780, 558, 0, 0
4974, 40, 359, 397, 0, 0, 26.70%, 0, 0, 4, 420.78, 1772593, 558, 0, 0
4979, 40, 98, 397, 0, 0, 26.70%, 0, 0, 4, 329.31, 1774449, 558, 0, 0
4984, 40, 245, 397, 0, 0, 26.70%, 0, 0, 4, 417.42, 1776265, 558, 0, 0
4989, 40, 205, 397, 0, 0, 26.70%, 0, 0, 4, 42.64, 1777912, 558, 0, 0
4995, 40, 190, 397, 0, 0, 26.70%, 0, 0, 4, 417.42, 1779749, 558, 0, 0
5000, 40, 337, 397, 0, 0, 26.70%, 0, 0, 4, 231.83, 1781509, 558, 0, 0
5005, 40, 396, 397, 0, 0, 26.70%, 0, 0, 4, 402.17, 1783301, 558, 0, 0
5010, 40, 361, 397, 0, 0, 26.70%, 0, 0, 4, 32.86, 1784954, 558, 0, 0
5015, 41, 202, 397, 0, 0, 26.70%, 0, 0, 4, 413.59, 1786773, 558, 0, 0
5020, 41, 389, 397, 0, 0, 26.70%, 0, 0, 4, 386.08, 1788617, 558, 0, 0
5025, 41, 47, 397, 0, 0, 26.70%, 0, 0, 4, 386.47, 1790440, 558, 0, 0
5030, 41, 337, 397, 0, 0, 26.70%, 0, 0, 4, 301.61, 1792061, 558, 0, 0
5035, 41, 159, 397, 0, 0, 26.70%, 0, 0, 4, 379.82, 1793798, 558, 0, 0
5040, 41, 87, 397, 0, 0, 26.70%, 0, 0, 4, 300.61, 1795642, 558, 0, 0
5045, 41, 396, 397, 0, 0, 26.70%, 0, 0, 4, 379.24, 1797450, 558, 0, 0
5051, 41, 361, 397, 0, 0, 26.70%, 0, 0, 4, 378.04, 1799273, 558, 0, 0
5056, 41, 245, 397, 0, 0, 26.70%, 0, 0, 4, 414.02, 1801068, 558, 0, 0
5061, 41, 37, 397, 0, 0, 26.70%, 0, 0, 4, 313.93, 1802781, 558, 0, 0
5066, 41, 202, 397, 0, 0, 26.70%, 0, 0, 4, 343.35, 1804523, 558, 0, 0
5071, 41, 162, 397, 0, 0, 26.70%, 0, 0, 4, 382.51, 1806341, 558, 0, 0
5076, 41, 359, 397, 0, 0, 26.70%, 0, 0, 4, 191.58, 1808172, 558, 0, 0
5081, 41, 177, 397, 0, 0, 26.70%, 0, 0, 4, 400.25, 1809983, 558, 0, 0
5086, 41, 319, 397, 0, 0, 26.70%, 0, 0, 4, 33.33, 1811723, 558, 0, 0
5091, 41, 396, 397, 0, 0, 26.70%, 0, 0, 4, 284.05, 1813492, 558, 0, 0
5096, 41, 67, 397, 0, 0, 26.70%, 0, 0, 4, 425.75, 1815210, 558, 0, 0
5101, 41, 205, 397, 0, 0, 26.70%, 0, 0, 4, 419.74, 1817034, 558, 0, 0
5107, 41, 337, 397, 0, 0, 26.70%, 0, 0, 4, 35.71, 1818638, 558, 0, 0
5112, 41, 359, 397, 0, 0, 26.70%, 0, 0, 4, 410.64, 1820434, 558, 0, 0
5117, 41, 202, 397, 0, 0, 26.70%, 0, 0, 4, 391.22, 1822237, 558, 0, 0
5122, 41, 195, 397, 0, 0, 26.70%, 0, 0, 4, 417.37, 1823966, 558, 0, 0
5127, 41, 228, 397, 0, 0, 26.70%, 0, 0, 4, 369.01, 1825793, 558, 0, 0
5132, 41, 319, 397, 0, 0, 26.70%, 0, 0, 4, 338.07, 1827483, 558, 0, 0
5137, 42, 214, 397, 0, 0, 26.70%, 0, 0, 4, 316.12, 1829289, 558, 0, 0
5142, 42, 100, 397, 0, 0, 26.70%, 0, 0, 4, 417.09, 1831073, 558, 0, 0
5147, 42, 396, 397, 0, 0, 26.70%, 0, 0, 4, 403.40, 1832841, 558, 0, 0
5152, 42, 354, 397, 0, 0, 26.70%, 0, 0, 4, 383.08, 1834538, 558, 0, 0
5157, 42, 396, 397, 0, 0, 26.70%, 0, 0, 4, 363.26, 1836396, 558, 0, 0
5162, 42, 396, 397, 0, 0, 26.70%, 0, 0, 4, 425.61, 1838165, 558, 0, 0
5168, 42, 280, 397, 0, 0, 26.70%, 0, 0, 4, 67.01, 1839790, 558, 0, 0
5173, 42, 359, 397, 0, 0, 26.70%, 0, 0, 4, 409.85, 1841584, 558, 0, 0
5178, 42, 361, 397, 0, 0, 26.70%, 0, 0, 4, 375.66, 1843394, 558, 0, 0
5183, 42, 327, 397, 0, 0, 26.70%, 0, 0, 4, 416.14, 1845132, 558, 0, 0
5188, 42, 167, 397, 0, 0, 26.70%, 0, 0, 4, 36.52, 1846757, 558, 0, 0
5193, 42, 371, 397, 0, 0, 26.70%, 0, 0, 4, 374.08, 1848583, 558, 0, 0
5198, 42, 361, 397, 0, 0, 26.70%, 0, 0, 4, 416.46, 1850367, 558, 0, 0
5203, 42, 322, 397, 0, 0, 26.70%, 0, 0, 4, 277.09, 1852217, 558, 0, 0
5209, 42, 199, 397, 0, 0, 26.70%, 0, 0, 4, 396.29, 1853999, 558, 0, 0
5214, 42, 47, 397, 0, 0, 26.70%, 0, 0, 4, 364.83, 1855718, 558, 0, 0
5219, 42, 396, 397, 0, 0, 26.70%, 0, 0, 4, 411.64, 1857547, 558, 0, 0
5224, 42, 36, 397, 0, 0, 26.70%, 0, 0, 4, 378.28, 1859311, 558, 0, 0
5229, 42, 52, 397, 0, 0, 26.70%, 0, 0, 4, 397.59, 1860983, 558, 0, 0
5234, 42, 245, 397, 0, 0, 26.70%, 0, 0, 4, 345.00, 1862776, 558, 0, 0
5239, 42, 159, 397, 0, 0, 26.70%, 0, 0, 4, 392.86, 1864625, 558, 0, 0
5245, 42, 396, 397, 0, 0, 26.70%, 0, 0, 4, 346.32, 1866421, 558, 0, 0
5250, 42, 205, 397, 0, 0, 26.70%, 0, 0, 4, 385.28, 1868183, 558, 0, 0
5255, 42, 195, 397, 0, 0, 26.70%, 0, 0, 4, 415.23, 1869951, 558, 0, 0
5260, 43, 202, 397, 0, 0, 26.70%, 0, 0, 4, 413.12, 1871759, 558, 0, 0
5265, 43, 190, 397, 0, 0, 26.70%, 0, 0, 4, 427.24, 1873618, 558, 0, 0
5270, 43, 371, 397, 0, 0, 26.70%, 0, 0, 4, 410.22, 1875342, 558, 0, 0
5275, 43, 184, 397, 0, 0, 26.70%, 0, 0, 4, 33.33, 1876983, 558, 0, 0
5280, 43, 29, 397, 0, 0, 26.70%, 0, 0, 4, 410.76, 1878802, 558, 0, 0
5285, 43, 38, 397, 0, 0, 26.70%, 0, 0, 4, 382.16, 1880604, 558, 0, 0
5290, 43, 354, 397, 0, 0, 26.70%, 0, 0, 4, 379.21, 1882418, 558, 0, 0
5296, 43, 104, 397, 0, 0, 26.70%, 0, 0, 4, 382.20, 1884218, 558, 0, 0
5301, 43, 212, 397, 0, 0, 26.70%, 0, 0, 4, 424.03, 1886026, 558, 0, 0
5306, 43, 52, 397, 0, 0, 26.70%, 0, 0, 4, 425.24, 1887826, 558, 0, 0
5311, 43, 156, 397, 0, 0, 26.70%, 0, 0, 4, 376.06, 1889569, 558, 0, 0
5316, 43, 23, 397, 0, 0, 26.70%, 0, 0, 4, 33.33, 1891294, 558, 0, 0
5321, 43, 245, 397, 0, 0, 26.70%, 0, 0, 4, 399.05, 1893104, 558, 0, 0
5326, 43, 168, 397, 0, 0, 26.70%, 0, 0, 4, 179.51, 1894804, 558, 0, 0
5331, 43, 245, 397, 0, 0, 26.70%, 0, 0, 4, 37.21, 1896507, 558, 0, 0
5336, 43, 255, 397, 0, 0, 26.70%, 0, 0, 4, 371.10, 1898252, 558, 0, 0
5342, 43, 311, 397, 0, 0, 26.70%, 0, 0, 4, 416.12, 1900069, 558, 0, 0
5347, 43, 144, 397, 0, 0, 26.70%, 0, 0, 4, 380.34, 1901817, 558, 0, 0
5352, 43, 47, 397, 0, 0, 26.70%, 0, 0, 4, 415.71, 1903597, 558, 0, 0
5357, 43, 52, 397, 0, 0, 26.70%, 0, 0, 4, 417.43, 1905429, 558, 0, 0
5362, 43, 169, 397, 0, 0, 26.70%, 0, 0, 4, 33.33, 1907080, 558, 0, 0
5367, 43, 63, 397, 0, 0, 26.70%, 0, 0, 4, 422.44, 1908860, 558, 0, 0
5372, 43, 5, 397, 0, 0, 26.70%, 0, 0, 4, 392.21, 1910678, 558, 0, 0
5377, 44, 199, 397, 0, 0, 26.70%, 0, 0, 4, 280.00, 1912330, 558, 0, 0
5383, 44, 342, 397, 0, 0, 26.70%, 0, 0, 4, 418.84, 1914203, 558, 0, 0
5388, 44, 372, 397, 0, 0, 26.70%, 0, 0, 4, 396.06, 1916002, 558, 0, 0
5393, 44, 246, 397, 0, 0, 26.70%, 0, 0, 4, 422.07, 1917795, 558, 0, 0
5398, 44, 184, 397, 0, 0, 26.70%, 0, 0, 4, 295.00, 1919430, 558, 0, 0
5403, 44, 13, 397, 0, 0, 26.70%, 0, 0, 4, 224.45, 1921223, 558, 0, 0
5408, 44, 178, 397, 0, 0, 26.70%, 0, 0, 4, 390.48, 1922895, 558, 0, 0
5413, 44, 52, 397, 0, 0, 26.70%, 0, 0, 4, 406.53, 1924663, 558, 0, 0
5418, 44, 175, 397, 0, 0, 26.70%, 0, 0, 4, 420.00, 1926307, 558, 0, 0
5423, 44, 371, 397, 0, 0, 26.70%, 0, 0, 4, 424.16, 1928111, 558, 0, 0
5428, 44, 195, 397, 0, 0, 26.70%, 0, 0, 4, 402.97, 1929938, 558, 0, 0
5433, 44, 143, 397, 0, 0, 26.70%, 0, 0, 4, 399.36, 1931687, 558, 0, 0
5438, 44, 245, 397, 0, 0, 26.70%, 0, 0, 4, 42.25, 1933371, 558, 0, 0
5443, 44, 114, 397, 0, 0, 26.70%, 0, 0, 4, 345.45, 1935175, 558, 0, 0
5448, 44, 238, 397, 0, 0, 26.70%, 0, 0, 4, 370.86, 1937040, 558, 0, 0
5453, 44, 34, 397, 0, 0, 26.70%, 0, 0, 4, 277.90, 1938838, 558, 0, 0
5458, 44, 177, 397, 0, 0, 26.70%, 0, 0, 4, 398.01, 1940457, 558, 0, 0
5464, 44, 372, 397, 0, 0, 26.70%, 0, 0, 4, 420.43, 1942271, 558, 0, 0
5469, 44, 322, 397, 0, 0, 26.70%, 0, 0, 4, 414.20, 1944059, 558, 0, 0
5474, 44, 156, 397, 0, 0, 26.70%, 0, 0, 4, 304.80, 1945868, 558, 0, 0
5479, 44, 159, 397, 0, 0, 26.70%, 0, 0, 4, 413.10, 1947735, 558, 0, 0
5484, 44, 111, 397, 0, 0, 26.70%, 0, 0, 4, 401.73, 1949427, 558, 0, 0
5489, 44, 245, 397, 0, 0, 26.70%, 0, 0, 4, 420.00, 1951125, 558, 0, 0
5494, 44, 1, 397, 0, 0, 26.70%, 0, 0, 4, 405.38, 1952979, 558, 0, 0
5499, 45, 177, 397, 0, 0, 26.70%, 0, 0, 4, 388.76, 1954754, 558, 0, 0
5504, 45, 359, 397, 0, 0, 26.70%, 0, 0, 4, 321.87, 1956559, 558, 0, 0
5509, 45, 337, 397, 0, 0, 26.70%, 0, 0, 4, 416.74, 1958443, 558, 0, 0
5515, 45, 396, 397, 0, 0, 26.70%, 0, 0, 4, 38.65, 1959995, 558, 0, 0
5520, 45, 212, 397, 0, 0, 26.70%, 0, 0, 4, 364.35, 1961791, 558, 0, 0
5525, 45, 280, 397, 0, 0, 26.70%, 0, 0, 4, 347.93, 1963675, 558, 0, 0
5530, 45, 354, 397, 0, 0, 26.70%, 0, 0, 4, 313.04, 1965359, 558, 0, 0
5535, 45, 14, 397, 0, 0, 26.70%, 0, 0, 4, 45.64, 1967070, 558, 0, 0
5540, 45, 354, 397, 0, 0, 26.70%, 0, 0, 4, 410.60, 1968919, 558, 0, 0
5545, 45, 322, 397, 0, 0, 26.70%, 0, 0, 4, 383.78, 1970747, 558, 0, 0
5550, 45, 190, 397, 0, 0, 26.70%, 0, 0, 4, 290.63, 1972528, 558, 0, 0
5555, 45, 371, 397, 0, 0, 26.70%, 0, 0, 4, 60.17, 1974212, 558, 0, 0
5560, 45, 396, 397, 0, 0, 26.70%, 0, 0, 4, 310.25, 1975855, 558, 0, 0
5566, 45, 105, 397, 0, 0, 26.70%, 0, 0, 4, 389.10, 1977691, 558, 0, 0
5571, 45, 177, 397, 0, 0, 26.70%, 0, 0, 4, 339.69, 1979435, 558, 0, 0
5576, 45, 319, 397, 0, 0, 26.70%, 0, 0, 4, 331.38, 1981175, 558, 0, 0
5581, 45, 275, 397, 0, 0, 26.70%, 0, 0, 4, 375.57, 1982940, 558, 0, 0
5586, 45, 47, 397, 0, 0, 26.70%, 0, 0, 4, 290.14, 1984783, 558, 0, 0
5591, 45, 122, 397, 0, 0, 26.70%, 0, 0, 4, 421.76, 1986634, 558, 0, 0
5596, 45, 154, 397, 0, 0, 26.70%, 0, 0, 4, 33.33, 1988362, 558, 0, 0
5602, 45, 238, 397, 0, 0, 26.70%, 0, 0, 4, 361.06, 1990236, 558, 0, 0
5607, 45, 239, 397, 0, 0, 26.70%, 0, 0, 4, 355.27, 1992094, 558, 0, 0
5612, 45, 31, 397, 0, 0, 26.70%, 0, 0, 4, 398.40, 1993880, 558, 0, 0
5617, 46, 82, 397, 0, 0, 26.70%, 0, 0, 4, 400.79, 1995694, 558, 0, 0
5622, 46, 354, 397, 0, 0, 26.70%, 0, 0, 4, 373.13, 1997437, 558, 0, 0
5627, 46, 62, 397, 0, 0, 26.70%, 0, 0, 4, 377.86, 1999252, 558, 0, 0
5632, 46, 371, 397, 0, 0, 26.70%, 0, 0, 4, 330.00, 2000939, 558, 0, 0
5637, 46, 30, 397, 0, 0, 26.70%, 0, 0, 4, 387.03, 2002715, 558, 0, 0
5642, 46, 118, 397, 0, 0, 26.70%, 0, 0, 4, 393.38, 2004580, 558, 0, 0
5648, 46, 4, 397, 0, 0, 26.70%, 0, 0, 4, 378.94, 2006422, 558, 0, 0
5653, 46, 202, 397, 0, 0, 26.70%, 0, 0, 4, 418.54, 2008246, 558, 0, 0
5658, 46, 361, 397, 0, 0, 26.70%, 0, 0, 4, 277.21, 2009983, 558, 0, 0
5663, 46, 361, 397, 0, 0, 26.70%, 0, 0, 4, 400.56, 2011780, 558, 0, 0
5668, 46, 52, 397, 0, 0, 26.70%, 0, 0, 4, 405.33, 2013562, 558, 0, 0
5673, 46, 55, 397, 0, 0, 26.70%, 0, 0, 4, 408.45, 2015202, 558, 0, 0
5678, 46, 245, 397, 0, 0, 26.70%, 0, 0, 4, 366.55, 2017036, 558, 0, 0
5683, 46, 372, 397, 0, 0, 26.70%, 0, 0, 4, 378.51, 2018773, 558, 0, 0
5688, 46, 396, 397, 0, 0, 26.70%, 0, 0, 4, 406.57, 2020534, 558, 0, 0
5694, 46, 359, 397, 0, 0, 26.70%, 0, 0, 4, 397.33, 2022254, 558, 0, 0
5699, 46, 279, 397, 0, 0, 26.70%, 0, 0, 4, 36.27, 2024015, 558, 0, 0
5704, 46, 310, 397, 0, 0, 26.70%, 0, 0, 4, 384.95, 2025794, 558, 0, 0
5709, 46, 153, 397, 0, 0, 26.70%, 0, 0, 4, 339.15, 2027486, 558, 0, 0
5714, 46, 354, 397, 0, 0, 26.70%, 0, 0, 4, 353.88, 2029292, 558, 0, 0
5719, 46, 354, 397, 0, 0, 26.70%, 0, 0, 4, 344.06, 2031150, 558, 0, 0
5724, 46, 361, 397, 0, 0, 26.70%, 0, 0, 4, 416.53, 2032978, 558, 0, 0
5729, 46, 272, 397, 0, 0, 26.70%, 0, 0, 4, 395.36, 2034704, 558, 0, 0
5734, 46, 359, 397, 0, 0, 26.70%, 0, 0, 4, 277.87, 2036533, 558, 0, 0
5740, 47, 310, 397, 0, 0, 26.70%, 0, 0, 4, 352.97, 2038369, 558, 0, 0
5745, 47, 49, 397, 0, 0, 26.70%, 0, 0, 4, 389.84, 2040120, 558, 0, 0
5750, 47, 168, 397, 0, 0, 26.70%, 0, 0, 4, 411.17, 2041909, 558, 0, 0
5755, 47, 372, 397, 0, 0, 26.70%, 0, 0, 4, 321.44, 2043655, 558, 0, 0
5760, 47, 184, 397, 0, 0, 26.70%, 0, 0, 4, 44.30, 2045362, 558, 0, 0
5765, 47, 396, 397, 0, 0, 26.70%, 0, 0, 4, 328.43, 2047121, 558, 0, 0
5770, 47, 396, 397, 0, 0, 26.70%, 0, 0, 4, 405.62, 2048925, 558, 0, 0
5776, 47, 354, 397, 0, 0, 26.70%, 0, 0, 4, 425.25, 2050709, 558, 0, 0
5781, 47, 396, 397, 0, 0, 26.70%, 0, 0, 4, 412.16, 2052497, 558, 0, 0
5786, 47, 396, 397, 0, 0, 26.70%, 0, 0, 4, 302.92, 2054212, 558, 0, 0
5791, 47, 279, 397, 0, 0, 26.70%, 0, 0, 4, 419.84, 2056001, 558, 0, 0
5796, 47, 55, 397, 0, 0, 26.70%, 0, 0, 4, 409.13, 2057737, 558, 0, 0
5801, 47, 372, 397, 0, 0, 26.70%, 0, 0, 4, 379.23, 2059555, 558, 0, 0
5806, 47, 52, 397, 0, 0, 26.70%, 0, 0, 4, 346.46, 2061267, 558, 0, 0
5812, 47, 254, 397, 0, 0, 26.70%, 0, 0, 4, 362.10, 2062920, 558, 0, 0
5817, 47, 228, 397, 0, 0, 26.70%, 0, 0, 4, 364.77, 2064741, 558, 0, 0
5822, 47, 237, 397, 0, 0, 26.70%, 0, 0, 4, 424.89, 2066529, 558, 0, 0
5827, 47, 86, 397, 0, 0, 26.70%, 0, 0, 4, 415.62, 2068413, 558, 0, 0
5832, 47, 223, 397, 0, 0, 26.70%, 0, 0, 4, 386.86, 2070241, 558, 0, 0
5837, 47, 180, 397, 0, 0, 26.70%, 0, 0, 4, 393.26, 2072083, 558, 0, 0
5842, 47, 323, 397, 0, 0, 26.70%, 0, 0, 4, 372.38, 2073734, 558, 0, 0
5847, 47, 199, 397, 0, 0, 26.70%, 0, 0, 4, 34.31, 2075404, 558, 0, 0
5852, 47, 195, 397, 0, 0, 26.70%, 0, 0, 4, 415.84, 2077188, 558, 0, 0
5858, 47, 213, 397, 0, 0, 26.70%, 0, 0, 4, 380.91, 2079027, 558, 0, 0
5863, 48, 361, 397, 0, 0, 26.70%, 0, 0, 4, 421.41, 2080885, 558, 0, 0
5868, 48, 205, 397, 0, 0, 26.70%, 0, 0, 4, 308.02, 2082679, 558, 0, 0
5873, 48, 52, 397, 0, 0, 26.70%, 0, 0, 4, 394.52, 2084497, 558, 0, 0
5878, 48, 201, 397, 0, 0, 26.70%, 0, 0, 4, 357.83, 2086148, 558, 0, 0
5883, 48, 74, 397, 0, 0, 26.70%, 0, 0, 4, 363.80, 2087804, 558, 0, 0
5888, 48, 279, 397, 0, 0, 26.70%, 0, 0, 4, 366.88, 2089627, 558, 0, 0
5893, 48, 143, 397, 0, 0, 26.70%, 0, 0, 4, 312.70, 2091443, 558, 0, 0
5899, 48, 365, 397, 0, 0, 26.70%, 0, 0, 4, 366.90, 2093255, 558, 0, 0
5904, 48, 361, 397, 0, 0, 26.70%, 0, 0, 4, 417.91, 2094939, 558, 0, 0
5909, 48, 52, 397, 0, 0, 26.70%, 0, 0, 4, 399.71, 2096790, 558, 0, 0
5914, 48, 337, 397, 0, 0, 26.70%, 0, 0, 4, 377.38, 2098583, 558, 0, 0
5919, 48, 396, 397, 0, 0, 26.70%, 0, 0, 4, 388.43, 2100341, 558, 0, 0
5924, 48, 107, 397, 0, 0, 26.70%, 0, 0, 4, 417.96, 2102145, 558, 0, 0
5929, 48, 199, 397, 0, 0, 26.70%, 0, 0, 4, 343.44, 2103955, 558, 0, 0
5934, 48, 361, 397, 0, 0, 26.70%, 0, 0, 4, 408.01, 2105801, 558, 0, 0
5939, 48, 396, 397, 0, 0, 26.70%, 0, 0, 4, 248.76, 2107480, 558, 0, 0
5945, 48, 396, 397, 0, 0, 26.70%, 0, 0, 4, 383.08, 2109244, 558, 0, 0
5950, 48, 396, 397, 0, 0, 26.70%, 0, 0, 4, 229.62, 2110937, 558, 0, 0
5955, 48, 334, 397, 0, 0, 26.70%, 0, 0, 4, 415.57, 2112729, 558, 0, 0
5960, 48, 311, 397, 0, 0, 26.70%, 0, 0, 4, 414.94, 2114521, 558, 0, 0
5965, 48, 202, 397, 0, 0, 26.70%, 0, 0, 4, 358.04, 2116276, 558, 0, 0
5970, 48, 275, 397, 0, 0, 26.70%, 0, 0, 4, 389.94, 2117976, 558, 0, 0
5975, 48, 377, 397, 0, 0, 26.70%, 0, 0, 4, 145.55, 2119787, 558, 0, 0
5980, 49, 322, 397, 0, 0, 26.70%, 0, 0, 4, 413.42, 2121584, 558, 0, 0
5985, 49, 141, 397, 0, 0, 26.70%, 0, 0, 4, 390.92, 2123365, 558, 0, 0
5990, 49, 55, 397, 0, 0, 26.70%, 0, 0, 4, 408.80, 2124996, 558, 0, 0
5995, 49, 377, 397, 0, 0, 26.70%, 0, 0, 4, 415.00, 2126762, 558, 0, 0
6000, 49, 261, 397, 0, 0, 26.70%, 0, 0, 4, 340.14, 2128472, 558, 0, 0
6006, 49, 235, 397, 0, 0, 26.70%, 0, 0, 4, 413.89, 2130336, 558, 0, 0
6011, 49, 5, 397, 0, 0, 26.70%, 0, 0, 4, 392.31, 2132123, 558, 0, 0
6016, 49, 366, 397, 0, 0, 26.70%, 0, 0, 4, 410.63, 2133828, 558, 0, 0
6021, 49, 280, 397, 0, 0, 26.70%, 0, 0, 4, 385.42, 2135586, 558, 0, 0
6026, 49, 354, 397, 0, 0, 26.70%, 0, 0, 4, 403.78, 2137236, 558, 0, 0
6031, 49, 360, 397, 0, 0, 26.70%, 0, 0, 4, 379.99, 2138977, 558, 0, 0
6036, 49, 205, 397, 0, 0, 26.70%, 0, 0, 4, 221.56, 2140711, 558, 0, 0
6041, 49, 279, 397, 0, 0, 26.70%, 0, 0, 4, 329.54, 2142481, 558, 0, 0
6046, 49, 338, 397, 0, 0, 26.70%, 0, 0, 4, 382.37, 2144198, 558, 0, 0
6051, 49, 177, 397, 0, 0, 26.70%, 0, 0, 4, 33.02, 2145898, 558, 0, 0
6056, 49, 145, 397, 0, 0, 26.70%, 0, 0, 4, 422.89, 2147614, 558, 0, 0
6061, 49, 396, 397, 0, 0, 26.70%, 0, 0, 4, 351.02, 2149315, 558, 0, 0
6066, 49, 143, 397, 0, 0, 26.70%, 0, 0, 4, 390.20, 2151084, 558, 0, 0
6072, 49, 359, 397, 0, 0, 26.70%, 0, 0, 4, 420.00, 2152775, 558, 0, 0
6077, 49, 361, 397, 0, 0, 26.70%, 0, 0, 4, 385.21, 2154619, 558, 0, 0
6082, 49, 52, 397, 0, 0, 26.70%, 0, 0, 4, 375.69, 2156463, 558, 0, 0
6087, 49, 361, 397, 0, 0, 26.70%, 0, 0, 4, 359.24, 2158254, 558, 0, 0
6092, 49, 199, 397, 0, 0, 26.70%, 0, 0, 4, 420.79, 2159983, 558, 0, 0
6097, 49, 396, 397, 0, 0, 26.70%, 0, 0, 4, 267.40, 2161788, 558, 0, 0
6102, 50, 46, 397, 0, 0, 26.70%, 0, 0, 4, 418.64, 2163603, 558, 0, 0
6107, 50, 377, 397, 0, 0, 26.70%, 0, 0, 4, 31.75, 2165294, 558, 0, 0
6113, 50, 199, 397, 0, 0, 26.70%, 0, 0, 4, 416.14, 2167110, 558, 0, 0
6118, 50, 184, 397, 0, 0, 26.70%, 0, 0, 4, 378.99, 2168929, 558, 0, 0
6123, 50, 17, 397, 0, 0, 26.70%, 0, 0, 4, 411.97, 2170670, 558, 0, 0
6128, 50, 371, 397, 0, 0, 26.70%, 0, 0, 4, 402.64, 2172470, 558, 0, 0
6133, 50, 366, 397, 0, 0, 26.70%, 0, 0, 4, 330.39, 2174068, 558, 0, 0
6138, 50, 159, 397, 0, 0, 26.70%, 0, 0, 4, 422.75, 2175902, 558, 0, 0
6143, 50, 280, 397, 0, 0, 26.70%, 0, 0, 4, 400.03, 2177752, 558, 0, 0
6149, 50, 238, 397, 0, 0, 26.70%, 0, 0, 4, 255.00, 2179262, 558, 0, 0
6154, 50, 86, 397, 0, 0, 26.70%, 0, 0, 4, 419.92, 2181037, 558, 0, 0
6159, 50, 55, 397, 0, 0, 26.70%, 0, 0, 4, 413.03, 2182818, 558, 0, 0
6164, 50, 21, 397, 0, 0, 26.70%, 0, 0, 4, 385.04, 2184611, 558, 0, 0
6169, 50, 190, 397, 0, 0, 26.70%, 0, 0, 4, 360.67, 2186283, 558, 0, 0
6174, 50, 248, 397, 0, 0, 26.70%, 0, 0, 4, 349.85, 2188043, 558, 0, 0
6179, 50, 143, 397, 0, 0, 26.70%, 0, 0, 4, 354.88, 2189848, 558, 0, 0
6184, 50, 361, 397, 0, 0, 26.70%, 0, 0, 4, 399.86, 2191621, 558, 0, 0
6189, 50, 128, 397, 0, 0, 26.70%, 0, 0, 4, 348.05, 2193443, 558, 0, 0
6194, 50, 177, 397, 0, 0, 26.70%, 0, 0, 4, 158.85, 2195175, 558, 0, 0
6200, 50, 372, 397, 0, 0, 26.70%, 0, 0, 4, 351.95, 2197009, 558, 0, 0
6205, 50, 280, 397, 0, 0, 26.70%, 0, 0, 4, 164.18, 2198681, 558, 0, 0
6210, 50, 319, 397, 0, 0, 26.70%, 0, 0, 4, 308.48, 2200449, 558, 0, 0
6215, 50, 195, 397, 0, 0, 26.70%, 0, 0, 4, 414.15, 2202301, 558, 0, 0
6220, 50, 177, 397, 0, 0, 26.70%, 0, 0, 4, 412.77, 2204137, 558, 0, 0
6225, 51, 396, 397, 0, 0, 26.70%, 0, 0, 4, 401.60, 2205869, 558, 0, 0
6230, 51, 205, 397, 0, 0, 26.70%, 0, 0, 4, 55.94, 2207577, 558, 0, 0
6235, 51, 156, 397, 0, 0, 26.70%, 0, 0, 4, 422.63, 2209312, 558, 0, 0
6241, 51, 177, 397, 0, 0, 26.70%, 0, 0, 4, 311.49, 2211109, 558, 0, 0
6246, 51, 245, 397, 0, 0, 26.70%, 0, 0, 4, 401.55, 2212960, 558, 0, 0
6251, 51, 143, 397, 0, 0, 26.70%, 0, 0, 4, 33.02, 2214595, 558, 0, 0
6256, 51, 396, 397, 0, 0, 26.70%, 0, 0, 4, 39.80, 2216387, 558, 0, 0
6261, 51, 202, 397, 0, 0, 26.70%, 0, 0, 4, 374.66, 2218191, 558, 0, 0
6266, 51, 47, 397, 0, 0, 26.70%, 0, 0, 4, 422.04, 2220011, 558, 0, 0
6271, 51, 372, 397, 0, 0, 26.70%, 0, 0, 4, 274.39, 2221798, 558, 0, 0
6276, 51, 47, 397, 0, 0, 26.70%, 0, 0, 4, 397.07, 2223519, 558, 0, 0
6281, 51, 361, 397, 0, 0, 26.70%, 0, 0, 4, 381.60, 2225370, 558, 0, 0
6286, 51, 318, 397, 0, 0, 26.70%, 0, 0, 4, 377.70, 2227091, 558, 0, 0
6292, 51, 327, 397, 0, 0, 26.70%, 0, 0, 4, 413.71, 2228887, 558, 0, 0
6297, 51, 319, 397, 0, 0, 26.70%, 0, 0, 4, 399.66, 2230705, 558, 0, 0
6302, 51, 202, 397, 0, 0, 26.70%, 0, 0, 4, 384.72, 2232561, 558, 0, 0
6307, 51, 55, 397, 0, 0, 26.70%, 0, 0, 4, 385.47, 2234322, 558, 0, 0
6312, 51, 322, 397, 0, 0, 26.70%, 0, 0, 4, 33.33, 2235952, 558, 0, 0
6317, 51, 322, 397, 0, 0, 26.70%, 0, 0, 4, 369.48, 2237766, 558, 0, 0
6322, 51, 199, 397, 0, 0, 26.70%, 0, 0, 4, 374.53, 2239511, 558, 0, 0
6327, 51, 396, 397, 0, 0, 26.70%, 0, 0, 4, 385.14, 2241137, 558, 0, 0
6332, 51, 195, 397, 0, 0, 26.70%, 0, 0, 4, 281.69, 2242868, 558, 0, 0
6338, 51, 249, 397, 0, 0, 26.70%, 0, 0, 4, 32.15, 2244573, 558, 0, 0
6343, 52, 11, 397, 0, 0, 26.70%, 0, 0, 4, 412.94, 2246368, 558, 0, 0
6348, 52, 338, 397, 0, 0, 26.70%, 0, 0, 4, 413.51, 2248177, 558, 0, 0
6353, 52, 190, 397, 0, 0, 26.70%, 0, 0, 4, 333.55, 2249991, 558, 0, 0
6358, 52, 371, 397, 0, 0, 26.70%, 0, 0, 4, 352.18, 2251837, 558, 0, 0
6363, 52, 202, 397, 0, 0, 26.70%, 0, 0, 4, 390.28, 2253553, 558, 0, 0
6368, 52, 159, 397, 0, 0, 26.70%, 0, 0, 4, 47.06, 2255273, 558, 0, 0
6373, 52, 361, 397, 0, 0, 26.70%, 0, 0, 4, 418.09, 2257093, 558, 0, 0
6379, 52, 337, 397, 0, 0, 26.70%, 0, 0, 4, 330.02, 2258873, 558, 0, 0
6384, 52, 63, 397, 0, 0, 26.70%, 0, 0, 4, 418.03, 2260629, 558, 0, 0
6389, 52, 5, 397, 0, 0, 26.70%, 0, 0, 4, 409.72, 2262445, 558, 0, 0
6394, 52, 159, 397, 0, 0, 26.70%, 0, 0, 4, 410.00, 2264119, 558, 0, 0
6399, 52, 280, 397, 0, 0, 26.70%, 0, 0, 4, 291.88, 2265898, 558, 0, 0
6404, 52, 354, 397, 0, 0, 26.70%, 0, 0, 4, 410.64, 2267745, 558, 0, 0
6409, 52, 207, 397, 0, 0, 26.70%, 0, 0, 4, 386.78, 2269485, 558, 0, 0
6414, 52, 245, 397, 0, 0, 26.70%, 0, 0, 4, 416.20, 2271301, 558, 0, 0
6420, 52, 190, 397, 0, 0, 26.70%, 0, 0, 4, 422.34, 2273109, 558, 0, 0
6425, 52, 322, 397, 0, 0, 26.70%, 0, 0, 4, 374.15, 2274883, 558, 0, 0
6430, 52, 55, 397, 0, 0, 26.70%, 0, 0, 4, 362.48, 2276576, 558, 0, 0
6435, 52, 335, 397, 0, 0, 26.70%, 0, 0, 4, 323.23, 2278397, 558, 0, 0
6440, 52, 322, 397, 0, 0, 26.70%, 0, 0, 4, 405.90, 2280185, 558, 0, 0
6445, 52, 177, 397, 0, 0, 26.70%, 0, 0, 4, 418.47, 2282045, 558, 0, 0
6450, 52, 322, 397, 0, 0, 26.70%, 0, 0, 4, 384.54, 2283811, 558, 0, 0
6455, 52, 372, 397, 0, 0, 26.70%, 0, 0, 4, 415.84, 2285393, 558, 0, 0
6460, 52, 169, 397, 0, 0, 26.70%, 0, 0, 4, 419.95, 2287184, 558, 0, 0
6465, 53, 396, 397, 0, 0, 26.70%, 0, 0, 4, 388.62, 2288956, 558, 0, 0
6471, 53, 85, 397, 0, 0, 26.70%, 0, 0, 4, 185.00, 2290646, 558, 0, 0
6476, 53, 284, 397, 0, 0, 26.70%, 0, 0, 4, 418.38, 2292484, 558, 0, 0
6481, 53, 396, 397, 0, 0, 26.70%, 0, 0, 4, 375.21, 2294265, 558, 0, 0
6486, 53, 377, 397, 0, 0, 26.70%, 0, 0, 4, 342.08, 2296030, 558, 0, 0
6491, 53, 362, 397, 0, 0, 26.70%, 0, 0, 4, 365.48, 2297809, 558, 0, 0
6496, 53, 227, 397, 0, 0, 26.70%, 0, 0, 4, 417.12, 2299596, 558, 0, 0
6501, 53, 59, 397, 0, 0, 26.70%, 0, 0, 4, 398.72, 2301444, 558, 0, 0
6507, 53, 106, 397, 0, 0, 26.70%, 0, 0, 4, 73.68, 2303116, 558, 0, 0
6512, 53, 52, 397, 0, 0, 26.70%, 0, 0, 4, 370.56, 2304902, 558, 0, 0
6517, 53, 396, 397, 0, 0, 26.70%, 0, 0, 4, 261.94, 2306638, 558, 0, 0
6522, 53, 143, 397, 0, 0, 26.70%, 0, 0, 4, 414.52, 2308404, 558, 0, 0
6527, 53, 361, 397, 0, 0, 26.70%, 0, 0, 4, 32.13, 2310076, 558, 0, 0
6532, 53, 371, 397, 0, 0, 26.70%, 0, 0, 4, 420.37, 2311844, 558, 0, 0
6537, 53, 190, 397, 0, 0, 26.70%, 0, 0, 4, 381.41, 2313695, 558, 0, 0
6542, 53, 195, 397, 0, 0, 26.70%, 0, 0, 4, 33.18, 2315433, 558, 0, 0
6547, 53, 396, 397, 0, 0, 26.70%, 0, 0, 4, 86.01, 2317214, 558, 0, 0
6552, 53, 159, 397, 0, 0, 26.70%, 0, 0, 4, 398.59, 2318940, 558, 0, 0
6558, 53, 213, 397, 0, 0, 26.70%, 0, 0, 4, 326.36, 2320741, 558, 0, 0
6563, 53, 40, 397, 0, 0, 26.70%, 0, 0, 4, 378.30, 2322598, 558, 0, 0
6568, 53, 232, 397, 0, 0, 26.70%, 0, 0, 4, 358.20, 2324440, 558, 0, 0
6573, 53, 159, 397, 0, 0, 26.70%, 0, 0, 4, 185.80, 2326141, 558, 0, 0
6578, 53, 9, 397, 0, 0, 26.70%, 0, 0, 4, 415.18, 2327879, 558, 0, 0
6583, 53, 184, 397, 0, 0, 26.70%, 0, 0, 4, 371.37, 2329654, 558, 0, 0
6588, 54, 199, 397, 0, 0, 26.70%, 0, 0, 4, 389.12, 2331354, 558, 0, 0
6593, 54, 361, 397, 0, 0, 26.70%, 0, 0, 4, 381.76, 2333226, 558, 0, 0
6598, 54, 292, 397, 0, 0, 26.70%, 0, 0, 4, 48.34, 2334927, 558, 0, 0
6604, 54, 75, 397, 0, 0, 26.70%, 0, 0, 4, 424.71, 2336771, 558, 0, 0
6609, 54, 396, 397, 0, 0, 26.70%, 0, 0, 4, 403.65, 2338587, 558, 0, 0
6614, 54, 396, 397, 0, 0, 26.70%, 0, 0, 4, 347.69, 2340417, 558, 0, 0
6619, 54, 322, 397, 0, 0, 26.70%, 0, 0, 4, 36.47, 2342093, 558, 0, 0
6624, 54, 168, 397, 0, 0, 26.70%, 0, 0, 4, 303.57, 2343918, 558, 0, 0
6629, 54, 264, 397, 0, 0, 26.70%, 0, 0, 4, 413.33, 2345762, 558, 0, 0
6635, 54, 238, 397, 0, 0, 26.70%, 0, 0, 4, 264.96, 2347498, 558, 0, 0
6640, 54, 52, 397, 0, 0, 26.70%, 0, 0, 4, 332.22, 2349247, 558, 0, 0
6645, 54, 322, 397, 0, 0, 26.70%, 0, 0, 4, 382.43, 2351070, 558, 0, 0
6650, 54, 209, 397, 0, 0, 26.70%, 0, 0, 4, 415.78, 2352916, 558, 0, 0
6655, 54, 205, 397, 0, 0, 26.70%, 0, 0, 4, 403.71, 2354672, 558, 0, 0
6660, 54, 344, 397, 0, 0, 26.70%, 0, 0, 4, 371.75, 2356428, 558, 0, 0
6665, 54, 5, 397, 0, 0, 26.70%, 0, 0, 4, 331.32, 2358153, 558, 0, 0
6670, 54, 159, 397, 0, 0, 26.70%, 0, 0, 4, 381.65, 2359931, 558, 0, 0
6675, 54, 359, 397, 0, 0, 26.70%, 0, 0, 4, 420.00, 2361589, 558, 0, 0
6681, 54, 47, 397, 0, 0, 26.70%, 0, 0, 4, 327.65, 2363405, 558, 0, 0
6686, 54, 396, 397, 0, 0, 26.70%, 0, 0, 4, 358.57, 2365106, 558, 0, 0
6691, 54, 396, 397, 0, 0, 26.70%, 0, 0, 4, 355.04, 2366871, 558, 0, 0
6696, 54, 371, 397, 0, 0, 26.70%, 0, 0, 4, 362.67, 2368603, 558, 0, 0
6701, 54, 52, 397, 0, 0, 26.70%, 0, 0, 4, 408.90, 2370391, 558, 0, 0
6706, 54, 177, 397, 0, 0, 26.70%, 0, 0, 4, 381.55, 2372178, 558, 0, 0
6711, 55, 177, 397, 0, 0, 26.70%, 0, 0, 4, 345.41, 2373880, 558, 0, 0
6716, 55, 371, 397, 0, 0, 26.70%, 0, 0, 4, 340.07, 2375586, 558, 0, 0
6721, 55, 359, 397, 0, 0, 26.70%, 0, 0, 4, 340.34, 2377256, 558, 0, 0
6727, 55, 143, 397, 0, 0, 26.70%, 0, 0, 4, 386.00, 2379027, 558, 0, 0
6732, 55, 207, 397, 0, 0, 26.70%, 0, 0, 4, 391.09, 2380706, 558, 0, 0
6737, 55, 396, 397, 0, 0, 26.70%, 0, 0, 4, 333.92, 2382490, 558, 0, 0
6742, 55, 195, 397, 0, 0, 26.70%, 0, 0, 4, 319.16, 2384192, 558, 0, 0
6747, 55, 396, 397, 0, 0, 26.70%, 0, 0, 4, 198.18, 2385990, 558, 0, 0
6752, 55, 396, 397, 0, 0, 26.70%, 0, 0, 4, 260.00, 2387626, 558, 0, 0
6757, 55, 168, 397, 0, 0, 26.70%, 0, 0, 4, 278.61, 2389354, 558, 0, 0
6762, 55, 55, 397, 0, 0, 26.70%, 0, 0, 4, 417.56, 2391146, 558, 0, 0
6767, 55, 396, 397, 0, 0, 26.70%, 0, 0, 4, 406.58, 2392954, 558, 0, 0
6773, 55, 396, 397, 0, 0, 26.70%, 0, 0, 4, 88.86, 2394537, 558, 0, 0
6778, 55, 58, 397, 0, 0, 26.70%, 0, 0, 4, 379.87, 2396306, 558, 0, 0
6783, 55, 319, 397, 0, 0, 26.70%, 0, 0, 4, 420.33, 2398158, 558, 0, 0
6788, 55, 245, 397, 0, 0, 26.70%, 0, 0, 4, 406.45, 2399873, 558, 0, 0
6793, 55, 361, 397, 0, 0, 26.70%, 0, 0, 4, 269.19, 2401570, 558, 0, 0
6798, 55, 47, 397, 0, 0, 26.70%, 0, 0, 4, 374.37, 2403302, 558, 0, 0
6803, 55, 71, 397, 0, 0, 26.70%, 0, 0, 4, 418.92, 2405141, 558, 0, 0
6808, 55, 13, 397, 0, 0, 26.70%, 0, 0, 4, 290.81, 2406760, 558, 0, 0
6813, 55, 168, 397, 0, 0, 26.70%, 0, 0, 4, 331.01, 2408484, 558, 0, 0
6819, 55, 195, 397, 0, 0, 26.70%, 0, 0, 4, 414.98, 2410164, 558, 0, 0
6824, 55, 22, 397, 0, 0, 26.70%, 0, 0, 4, 367.68, 2411921, 558, 0, 0
6829, 55, 372, 397, 0, 0, 26.70%, 0, 0, 4, 428.41, 2413664, 558, 0, 0
6834, 56, 8, 397, 0, 0, 26.70%, 0, 0, 4, 65.12, 2415342, 558, 0, 0
6839, 56, 241, 397, 0, 0, 26.70%, 0, 0, 4, 391.12, 2417070, 558, 0, 0
6844, 56, 159, 397, 0, 0, 26.70%, 0, 0, 4, 299.10, 2418635, 558, 0, 0
6850, 56, 377, 397, 0, 0, 26.70%, 0, 0, 4, 418.39, 2420440, 558, 0, 0
6855, 56, 55, 397, 0, 0, 26.70%, 0, 0, 4, 415.35, 2422056, 558, 0, 0
6860, 56, 50, 397, 0, 0, 26.70%, 0, 0, 4, 381.53, 2423835, 558, 0, 0
6865, 56, 104, 397, 0, 0, 26.70%, 0, 0, 4, 314.64, 2425524, 558, 0, 0
6870, 56, 137, 397, 0, 0, 26.70%, 0, 0, 4, 419.45, 2427372, 558, 0, 0
6875, 56, 143, 397, 0, 0, 26.70%, 0, 0, 4, 349.16, 2429166, 558, 0, 0
6880, 56, 319, 397, 0, 0, 26.70%, 0, 0, 4, 217.76, 2430962, 558, 0, 0
6885, 56, 55, 397, 0, 0, 26.70%, 0, 0, 4, 389.73, 2432741, 558, 0, 0
6890, 56, 396, 397, 0, 0, 26.70%, 0, 0, 4, 367.66, 2434499, 558, 0, 0
6895, 56, 396, 397, 0, 0, 26.70%, 0, 0, 4, 285.81, 2436230, 558, 0, 0
6901, 56, 159, 397, 0, 0, 26.70%, 0, 0, 4, 400.21, 2437974, 558, 0, 0
6906, 56, 143, 397, 0, 0, 26.70%, 0, 0, 4, 288.00, 2439745, 558, 0, 0
6911, 56, 354, 397, 0, 0, 26.70%, 0, 0, 4, 383.66, 2441581, 558, 0, 0
6916, 56, 52, 397, 0, 0, 26.70%, 0, 0, 4, 360.55, 2443367, 558, 0, 0
6921, 56, 396, 397, 0, 0, 26.70%, 0, 0, 4, 369.73, 2445119, 558, 0, 0
6927, 56, 396, 397, 0, 0, 26.70%, 0, 0, 4, 356.20, 2446898, 558, 0, 0
6932, 56, 235, 397, 0, 0, 26.70%, 0, 0, 4, 376.45, 2448735, 558, 0, 0
6937, 56, 184, 397, 0, 0, 26.70%, 0, 0, 4, 378.01, 2450398, 558, 0, 0
6942, 56, 184, 397, 0, 0, 26.70%, 0, 0, 4, 308.04, 2452154, 558, 0, 0
6947, 56, 319, 397, 0, 0, 26.70%, 0, 0, 4, 417.78, 2453972, 558, 0, 0
6952, 56, 15, 397, 0, 0, 26.70%, 0, 0, 4, 382.42, 2455784, 558, 0, 0
6957, 56, 156, 397, 0, 0, 26.70%, 0, 0, 4, 33.33, 2457488, 558, 0, 0
6962, 57, 0, 397, 0, 0, 26.70%, 0, 0, 4, 376.22, 2459284, 558, 0, 0
6968, 57, 359, 397, 0, 0, 26.70%, 0, 0, 4, 385.92, 2461114, 558, 0, 0
6973, 57, 311, 397, 0, 0, 26.70%, 0, 0, 4, 362.55, 2462928, 558, 0, 0
6978, 57, 234, 397, 0, 0, 26.70%, 0, 0, 4, 366.19, 2464584, 558, 0, 0
6983, 57, 202, 397, 0, 0, 26.70%, 0, 0, 4, 378.14, 2466463, 558, 0, 0
6988, 57, 205, 397, 0, 0, 26.70%, 0, 0, 4, 376.77, 2468242, 558, 0, 0
6993, 57, 279, 397, 0, 0, 26.70%, 0, 0, 4, 385.17, 2469948, 558, 0, 0
6998, 57, 52, 397, 0, 0, 26.70%, 0, 0, 4, 334.72, 2471666, 558, 0, 0
7003, 57, 258, 397, 0, 0, 26.70%, 0, 0, 4, 339.51, 2473460, 558, 0, 0
7008, 57, 168, 397, 0, 0, 26.70%, 0, 0, 4, 311.55, 2475248, 558, 0, 0
7013, 57, 213, 397, 0, 0, 26.70%, 0, 0, 4, 395.35, 2476924, 558, 0, 0
7018, 57, 260, 397, 0, 0, 26.70%, 0, 0, 4, 392.74, 2478614, 558, 0, 0
7024, 57, 319, 397, 0, 0, 26.70%, 0, 0, 4, 379.74, 2480384, 558, 0, 0
7029, 57, 396, 397, 0, 0, 26.70%, 0, 0, 4, 404.26, 2482140, 558, 0, 0
7034, 57, 322, 397, 0, 0, 26.70%, 0, 0, 4, 412.94, 2483814, 558, 0, 0
7039, 57, 354, 397, 0, 0, 26.70%, 0, 0, 4, 375.63, 2485677, 558, 0, 0
7044, 57, 337, 397, 0, 0, 26.70%, 0, 0, 4, 400.28, 2487470, 558, 0, 0
7049, 57, 47, 397, 0, 0, 26.70%, 0, 0, 4, 55.17, 2489256, 558, 0, 0
7054, 57, 280, 397, 0, 0, 26.70%, 0, 0, 4, 377.02, 2491035, 558, 0, 0
7059, 57, 184, 397, 0, 0, 26.70%, 0, 0, 4, 412.18, 2492872, 558, 0, 0
7064, 57, 245, 397, 0, 0, 26.70%, 0, 0, 4, 397.70, 2494728, 558, 0, 0
7069, 57, 47, 397, 0, 0, 26.70%, 0, 0, 4, 301.56, 2496535, 558, 0, 0
7075, 57, 312, 397, 0, 0, 26.70%, 0, 0, 4, 373.34, 2498177, 558, 0, 0
7080, 58, 60, 397, 0, 0, 26.70%, 0, 0, 4, 420.24, 2499964, 558, 0, 0
7085, 58, 238, 397, 0, 0, 26.70%, 0, 0, 4, 418.02, 2501799, 558, 0, 0
7090, 58, 319, 397, 0, 0, 26.70%, 0, 0, 4, 360.10, 2503549, 558, 0, 0
7095, 58, 168, 397, 0, 0, 26.70%, 0, 0, 4, 381.99, 2505321, 558, 0, 0
7100, 58, 245, 397, 0, 0, 26.70%, 0, 0, 4, 61.61, 2506977, 558, 0, 0
7105, 58, 279, 397, 0, 0, 26.70%, 0, 0, 4, 406.04, 2508824, 558, 0, 0
7110, 58, 361, 397, 0, 0, 26.70%, 0, 0, 4, 353.55, 2510578, 558, 0, 0
7115, 58, 344, 397, 0, 0, 26.70%, 0, 0, 4, 222.77, 2512293, 558, 0, 0
7121, 58, 168, 397, 0, 0, 26.70%, 0, 0, 4, 415.30, 2514096, 558, 0, 0
7126, 58, 312, 397, 0, 0, 26.70%, 0, 0, 4, 380.07, 2515898, 558, 0, 0
7131, 58, 289, 397, 0, 0, 26.70%, 0, 0, 4, 361.83, 2517621, 558, 0, 0
7136, 58, 5, 397, 0, 0, 26.70%, 0, 0, 4, 263.68, 2519260, 558, 0, 0
7141, 58, 280, 397, 0, 0, 26.70%, 0, 0, 4, 411.70, 2521072, 558, 0, 0
7146, 58, 195, 397, 0, 0, 26.70%, 0, 0, 4, 409.01, 2522863, 558, 0, 0
7151, 58, 51, 397, 0, 0, 26.70%, 0, 0, 4, 32.43, 2524511, 558, 0, 0
7156, 58, 337, 397, 0, 0, 26.70%, 0, 0, 4, 212.63, 2526323, 558, 0, 0
7161, 58, 396, 397, 0, 0, 26.70%, 0, 0, 4, 412.10, 2528155, 558, 0, 0
7167, 58, 55, 397, 0, 0, 26.70%, 0, 0, 4, 385.00, 2529938, 558, 0, 0
7172, 58, 372, 397, 0, 0, 26.70%, 0, 0, 4, 416.00, 2531771, 558, 0, 0
7177, 58, 216, 397, 0, 0, 26.70%, 0, 0, 4, 417.95, 2533391, 558, 0, 0
7182, 58, 361, 397, 0, 0, 26.70%, 0, 0, 4, 391.42, 2535182, 558, 0, 0
7187, 58, 396, 397, 0, 0, 26.70%, 0, 0, 4, 405.54, 2536987, 558, 0, 0
7192, 58, 205, 397, 0, 0, 26.70%, 0, 0, 4, 375.71, 2538638, 558, 0, 0
7197, 58, 184, 397, 0, 0, 26.70%, 0, 0, 4, 417.69, 2540399, 558, 0, 0
7202, 59, 187, 397, 0, 0, 26.70%, 0, 0, 4, 275.00, 2542012, 558, 0, 0
7207, 59, 5, 397, 0, 0, 26.70%, 0, 0, 4, 295.33, 2543855, 558, 0, 0
7213, 59, 202, 397, 0, 0, 26.70%, 0, 0, 4, 415.13, 2545498, 558, 0, 0
7218, 59, 52, 397, 0, 0, 26.70%, 0, 0, 4, 418.99, 2547273, 558, 0, 0
7223, 59, 245, 397, 0, 0, 26.70%, 0, 0, 4, 215.52, 2548877, 558, 0, 0
7228, 59, 190, 397, 0, 0, 26.70%, 0, 0, 4, 75.47, 2550621, 558, 0, 0
7233, 59, 334, 397, 0, 0, 26.70%, 0, 0, 4, 242.41, 2552340, 558, 0, 0
7238, 59, 280, 397, 0, 0, 26.70%, 0, 0, 4, 289.49, 2554075, 558, 0, 0
7243, 59, 20, 397, 0, 0, 26.70%, 0, 0, 4, 383.30, 2555732, 558, 0, 0
7248, 59, 202, 397, 0, 0, 26.70%, 0, 0, 4, 401.01, 2557509, 558, 0, 0
7254, 59, 67, 397, 0, 0, 26.70%, 0, 0, 4, 317.99, 2559285, 558, 0, 0
7259, 59, 205, 397, 0, 0, 26.70%, 0, 0, 4, 36.36, 2560924, 558, 0, 0
7264, 59, 359, 397, 0, 0, 26.70%, 0, 0, 4, 414.93, 2562697, 558, 0, 0
7269, 59, 159, 397, 0, 0, 26.70%, 0, 0, 4, 284.95, 2564515, 558, 0, 0
7274, 59, 1, 397, 0, 0, 26.70%, 0, 0, 4, 403.31, 2566273, 558, 0, 0
7279, 59, 205, 397, 0, 0, 26.70%, 0, 0, 4, 38.06, 2567916, 558, 0, 0
7284, 59, 371, 397, 0, 0, 26.70%, 0, 0, 4, 262.59, 2569720, 558, 0, 0
7289, 59, 359, 397, 0, 0, 26.70%, 0, 0, 4, 420.79, 2571359, 558, 0, 0
7294, 59, 232, 397, 0, 0, 26.70%, 0, 0, 4, 419.69, 2573157, 558, 0, 0
7300, 59, 202, 397, 0, 0, 26.70%, 0, 0, 4, 369.92, 2574781, 558, 0, 0
7305, 59, 159, 397, 0, 0, 26.70%, 0, 0, 4, 385.15, 2576539, 558, 0, 0
7310, 59, 177, 397, 0, 0, 26.70%, 0, 0, 4, 361.48, 2578188, 558, 0, 0
7315, 59, 337, 397, 0, 0, 26.70%, 0, 0, 4, 406.88, 2579957, 558, 0, 0
7320, 59, 47, 397, 0, 0, 26.70%, 0, 0, 4, 388.46, 2581616, 558, 0, 0
7325, 60, 371, 397, 0, 0, 26.70%, 0, 0, 4, 91.50, 2583303, 558, 0, 0
7330, 60, 205, 397, 0, 0, 26.70%, 0, 0, 4, 357.29, 2585046, 558, 0, 0
7335, 60, 51, 397, 0, 0, 26.70%, 0, 0, 4, 417.75, 2586825, 558, 0, 0
7340, 60, 84, 397, 0, 0, 26.70%, 0, 0, 4, 399.60, 2588709, 558, 0, 0
7345, 60, 359, 397, 0, 0, 26.70%, 0, 0, 4, 270.02, 2590260, 558, 0, 0
7351, 60, 337, 397, 0, 0, 26.70%, 0, 0, 4, 421.56, 2592057, 558, 0, 0
7356, 60, 396, 397, 0, 0, 26.70%, 0, 0, 4, 389.01, 2593837, 558, 0, 0
7361, 60, 371, 397, 0, 0, 26.70%, 0, 0, 4, 412.85, 2595481, 558, 0, 0
7366, 60, 55, 397, 0, 0, 26.70%, 0, 0, 4, 343.27, 2597267, 558, 0, 0
7371, 60, 2, 397, 0, 0, 26.70%, 0, 0, 4, 368.85, 2599046, 558, 0, 0
7376, 60, 13, 397, 0, 0, 26.70%, 0, 0, 4, 390.30, 2600721, 558, 0, 0
7381, 60, 229, 397, 0, 0, 26.70%, 0, 0, 4, 213.09, 2602546, 558, 0, 0
7386, 60, 194, 397, 0, 0, 26.70%, 0, 0, 4, 418.52, 2604341, 558, 0, 0
7391, 60, 359, 397, 0, 0, 26.70%, 0, 0, 4, 401.39, 2606157, 558, 0, 0
7396, 60, 314, 397, 0, 0, 26.70%, 0, 0, 4, 422.96, 2607965, 558, 0, 0
7401, 60, 5, 397, 0, 0, 26.70%, 0, 0, 4, 407.58, 2609765, 558, 0, 0
7407, 60, 50, 397, 0, 0, 26.70%, 0, 0, 4, 336.74, 2611460, 558, 0, 0
7412, 60, 21, 397, 0, 0, 26.70%, 0, 0, 4, 392.06, 2613242, 558, 0, 0
7417, 60, 143, 397, 0, 0, 26.70%, 0, 0, 4, 335.87, 2614978, 558, 0, 0
7422, 60, 190, 397, 0, 0, 26.70%, 0, 0, 4, 418.52, 2616680, 558, 0, 0
7427, 60, 223, 397, 0, 0, 26.70%, 0, 0, 4, 295.66, 2618550, 558, 0, 0
7432, 60, 238, 397, 0, 0, 26.70%, 0, 0, 4, 413.35, 2620316, 558, 0, 0
7437, 60, 332, 397, 0, 0, 26.70%, 0, 0, 4, 343.88, 2622036, 558, 0, 0
7442, 60, 368, 397, 0, 0, 26.70%, 0, 0, 4, 32.86, 2623591, 558, 0, 0
7447, 61, 372, 397, 0, 0, 26.70%, 0, 0, 4, 400.72, 2625308, 558, 0, 0
7452, 61, 199, 397, 0, 0, 26.70%, 0, 0, 4, 423.92, 2627188, 558, 0, 0
7457, 61, 143, 397, 0, 0, 26.70%, 0, 0, 4, 399.30, 2628984, 558, 0, 0
7462, 61, 279, 397, 0, 0, 26.70%, 0, 0, 4, 305.00, 2630603, 558, 0, 0
7468, 61, 151, 397, 0, 0, 26.70%, 0, 0, 4, 259.92, 2632456, 558, 0, 0
7473, 61, 337, 397, 0, 0, 26.70%, 0, 0, 4, 341.47, 2634272, 558, 0, 0
7478, 61, 52, 397, 0, 0, 26.70%, 0, 0, 4, 383.64, 2636077, 558, 0, 0
7483, 61, 105, 397, 0, 0, 26.70%, 0, 0, 4, 408.98, 2637824, 558, 0, 0
7488, 61, 280, 397, 0, 0, 26.70%, 0, 0, 4, 357.15, 2639707, 558, 0, 0
7493, 61, 228, 397, 0, 0, 26.70%, 0, 0, 4, 321.12, 2641354, 558, 0, 0
7499, 61, 184, 397, 0, 0, 26.70%, 0, 0, 4, 417.36, 2643155, 558, 0, 0
7504, 61, 86, 397, 0, 0, 26.70%, 0, 0, 4, 414.61, 2644974, 558, 0, 0
7509, 61, 214, 397, 0, 0, 26.70%, 0, 0, 4, 419.74, 2646591, 558, 0, 0
7514, 61, 17, 397, 0, 0, 26.70%, 0, 0, 4, 419.87, 2648374, 558, 0, 0
7519, 61, 159, 397, 0, 0, 26.70%, 0, 0, 4, 216.03, 2650166, 558, 0, 0
7524, 61, 177, 397, 0, 0, 26.70%, 0, 0, 4, 417.66, 2651858, 558, 0, 0
7529, 61, 279, 397, 0, 0, 26.70%, 0, 0, 4, 398.56, 2653648, 558, 0, 0
7534, 61, 359, 397, 0, 0, 26.70%, 0, 0, 4, 33.02, 2655348, 558, 0, 0
7539, 61, 72, 397, 0, 0, 26.70%, 0, 0, 4, 273.44, 2657020, 558, 0, 0
7544, 61, 41, 397, 0, 0, 26.70%, 0, 0, 4, 403.09, 2658798, 558, 0, 0
7549, 61, 371, 397, 0, 0, 26.70%, 0, 0, 4, 427.86, 2660501, 558, 0, 0
7554, 61, 396, 397, 0, 0, 26.70%, 0, 0, 4, 411.29, 2662270, 558, 0, 0
7559, 61, 371, 397, 0, 0, 26.70%, 0, 0, 4, 381.52, 2663850, 558, 0, 0
7564, 62, 202, 397, 0, 0, 26.70%, 0, 0, 4, 403.88, 2665606, 558, 0, 0
7569, 62, 205, 397, 0, 0, 26.70%, 0, 0, 4, 33.65, 2667327, 558, 0, 0
7575, 62, 143, 397, 0, 0, 26.70%, 0, 0, 4, 384.86, 2669106, 558, 0, 0
7580, 62, 56, 397, 0, 0, 26.70%, 0, 0, 4, 327.55, 2670868, 558, 0, 0
7585, 62, 248, 397, 0, 0, 26.70%, 0, 0, 4, 358.90, 2672613, 558, 0, 0
7590, 62, 280, 397, 0, 0, 26.70%, 0, 0, 4, 378.62, 2674367, 558, 0, 0
7595, 62, 359, 397, 0, 0, 26.70%, 0, 0, 4, 419.95, 2676249, 558, 0, 0
7600, 62, 52, 397, 0, 0, 26.70%, 0, 0, 4, 315.45, 2677909, 558, 0, 0
7605, 62, 396, 397, 0, 0, 26.70%, 0, 0, 4, 390.36, 2679649, 558, 0, 0
7611, 62, 217, 397, 0, 0, 26.70%, 0, 0, 4, 352.63, 2681273, 558, 0, 0
7616, 62, 337, 397, 0, 0, 26.70%, 0, 0, 4, 393.56, 2683123, 558, 0, 0
7621, 62, 319, 397, 0, 0, 26.70%, 0, 0, 4, 386.14, 2684975, 558, 0, 0
7626, 62, 41, 397, 0, 0, 26.70%, 0, 0, 4, 387.26, 2686760, 558, 0, 0
7631, 62, 382, 397, 0, 0, 26.70%, 0, 0, 4, 383.21, 2688523, 558, 0, 0
7636, 62, 310, 397, 0, 0, 26.70%, 0, 0, 4, 75.47, 2690188, 558, 0, 0
7641, 62, 43, 397, 0, 0, 26.70%, 0, 0, 4, 423.83, 2691989, 558, 0, 0
7646, 62, 310, 397, 0, 0, 26.70%, 0, 0, 4, 327.23, 2693818, 558, 0, 0
7651, 62, 66, 397, 0, 0, 26.70%, 0, 0, 4, 366.75, 2695449, 558, 0, 0
7657, 62, 378, 397, 0, 0, 26.70%, 0, 0, 4, 327.79, 2697299, 558, 0, 0
7662, 62, 279, 397, 0, 0, 26.70%, 0, 0, 4, 415.55, 2699080, 558, 0, 0
7667, 62, 371, 397, 0, 0, 26.70%, 0, 0, 4, 346.41, 2700777, 558, 0, 0
7672, 62, 205, 397, 0, 0, 26.70%, 0, 0, 4, 399.68, 2702456, 558, 0, 0
7677, 62, 202, 397, 0, 0, 26.70%, 0, 0, 4, 321.66, 2704236, 558, 0, 0
7682, 62, 47, 397, 0, 0, 26.70%, 0, 0, 4, 368.47, 2705856, 558, 0, 0
7687, 63, 319, 397, 0, 0, 26.70%, 0, 0, 4, 381.72, 2707614, 558, 0, 0
7692, 63, 245, 397, 0, 0, 26.70%, 0, 0, 4, 369.58, 2709414, 558, 0, 0
7697, 63, 238, 397, 0, 0, 26.70%, 0, 0, 4, 283.86, 2711055, 558, 0, 0
7702, 63, 322, 397, 0, 0, 26.70%, 0, 0, 4, 403.20, 2712847, 558, 0, 0
7707, 63, 361, 397, 0, 0, 26.70%, 0, 0, 4, 403.88, 2714499, 558, 0, 0
7712, 63, 361, 397, 0, 0, 26.70%, 0, 0, 4, 387.00, 2716217, 558, 0, 0
7717, 63, 168, 397, 0, 0, 26.70%, 0, 0, 4, 413.75, 2717831, 558, 0, 0
7722, 63, 235, 397, 0, 0, 26.70%, 0, 0, 4, 386.73, 2719638, 558, 0, 0
7728, 63, 177, 397, 0, 0, 26.70%, 0, 0, 4, 250.00, 2721281, 558, 0, 0
7733, 63, 9, 397, 0, 0, 26.70%, 0, 0, 4, 417.28, 2722899, 558, 0, 0
7738, 63, 280, 397, 0, 0, 26.70%, 0, 0, 4, 408.99, 2724691, 558, 0, 0
7743, 63, 230, 397, 0, 0, 26.70%, 0, 0, 4, 382.40, 2726245, 558, 0, 0
7748, 63, 322, 397, 0, 0, 26.70%, 0, 0, 4, 376.12, 2728110, 558, 0, 0
7753, 63, 322, 397, 0, 0, 26.70%, 0, 0, 4, 399.52, 2729883, 558, 0, 0
7759, 63, 159, 397, 0, 0, 26.70%, 0, 0, 4, 419.12, 2731707, 558, 0, 0
7764, 63, 396, 397, 0, 0, 26.70%, 0, 0, 4, 377.39, 2733422, 558, 0, 0
7769, 63, 359, 397, 0, 0, 26.70%, 0, 0, 4, 418.97, 2735091, 558, 0, 0
7774, 63, 47, 397, 0, 0, 26.70%, 0, 0, 4, 367.44, 2736724, 558, 0, 0
7779, 63, 354, 397, 0, 0, 26.70%, 0, 0, 4, 408.84, 2738514, 558, 0, 0
7784, 63, 55, 397, 0, 0, 26.70%, 0, 0, 4, 415.00, 2740157, 558, 0, 0
7789, 63, 99, 397, 0, 0, 26.70%, 0, 0, 4, 412.51, 2741938, 558, 0, 0
7795, 63, 178, 397, 0, 0, 26.70%, 0, 0, 4, 316.77, 2743656, 558, 0, 0
7800, 63, 168, 397, 0, 0, 26.70%, 0, 0, 4, 342.18, 2745457, 558, 0, 0
7805, 63, 245, 397, 0, 0, 26.70%, 0, 0, 4, 408.70, 2747098, 558, 0, 0
7810, 64, 114, 397, 0, 0, 26.70%, 0, 0, 4, 390.67, 2748939, 558, 0, 0
7815, 64, 322, 397, 0, 0, 26.70%, 0, 0, 4, 33.65, 2750609, 558, 0, 0
7820, 64, 136, 397, 0, 0, 26.70%, 0, 0, 4, 346.96, 2752443, 558, 0, 0
7825, 64, 168, 397, 0, 0, 26.70%, 0, 0, 4, 412.61, 2754241, 558, 0, 0
7830, 64, 86, 397, 0, 0, 26.70%, 0, 0, 4, 396.73, 2755889, 558, 0, 0
7836, 64, 159, 397, 0, 0, 26.70%, 0, 0, 4, 368.23, 2757656, 558, 0, 0
7841, 64, 359, 397, 0, 0, 26.70%, 0, 0, 4, 323.34, 2759448, 558, 0, 0
7846, 64, 354, 397, 0, 0, 26.70%, 0, 0, 4, 417.00, 2761300, 558, 0, 0
7851, 64, 47, 397, 0, 0, 26.70%, 0, 0, 4, 343.41, 2762978, 558, 0, 0
7856, 64, 205, 397, 0, 0, 26.70%, 0, 0, 4, 351.88, 2764709, 558, 0, 0
7861, 64, 322, 397, 0, 0, 26.70%, 0, 0, 4, 361.05, 2766604, 558, 0, 0
7866, 64, 168, 397, 0, 0, 26.70%, 0, 0, 4, 407.80, 2768364, 558, 0, 0
7871, 64, 279, 397, 0, 0, 26.70%, 0, 0, 4, 400.23, 2770028, 558, 0, 0
7876, 64, 5, 397, 0, 0, 26.70%, 0, 0, 4, 362.18, 2771783, 558, 0, 0
7881, 64, 42, 397, 0, 0, 26.70%, 0, 0, 4, 390.75, 2773490, 558, 0, 0
7886, 64, 143, 397, 0, 0, 26.70%, 0, 0, 4, 394.73, 2775325, 558, 0, 0
7891, 64, 212, 397, 0, 0, 26.70%, 0, 0, 4, 65.06, 2776957, 558, 0, 0
7897, 64, 190, 397, 0, 0, 26.70%, 0, 0, 4, 385.22, 2778804, 558, 0, 0
7902, 64, 360, 397, 0, 0, 26.70%, 0, 0, 4, 398.84, 2780590, 558, 0, 0
7907, 64, 29, 397, 0, 0, 26.70%, 0, 0, 4, 399.09, 2782455, 558, 0, 0
7912, 64, 37, 397, 0, 0, 26.70%, 0, 0, 4, 370.23, 2784132, 558, 0, 0
7917, 64, 245, 397, 0, 0, 26.70%, 0, 0, 4, 397.47, 2785979, 558, 0, 0
7922, 64, 359, 397, 0, 0, 26.70%, 0, 0, 4, 422.03, 2787822, 558, 0, 0
7928, 65, 177, 397, 0, 0, 26.70%, 0, 0, 4, 388.13, 2789479, 558, 0, 0
7933, 65, 263, 397, 0, 0, 26.70%, 0, 0, 4, 413.50, 2791311, 558, 0, 0
7938, 65, 196, 397, 0, 0, 26.70%, 0, 0, 4, 384.30, 2793114, 558, 0, 0
7943, 65, 202, 397, 0, 0, 26.70%, 0, 0, 4, 362.35, 2794786, 558, 0, 0
7948, 65, 70, 397, 0, 0, 26.70%, 0, 0, 4, 300.36, 2796573, 558, 0, 0
7953, 65, 396, 397, 0, 0, 26.70%, 0, 0, 4, 377.53, 2798382, 558, 0, 0
7958, 65, 396, 397, 0, 0, 26.70%, 0, 0, 4, 368.93, 2800080, 558, 0, 0
7963, 65, 245, 397, 0, 0, 26.70%, 0, 0, 4, 415.33, 2801821, 558, 0, 0
7969, 65, 371, 397, 0, 0, 26.70%, 0, 0, 4, 240.73, 2803637, 558, 0, 0
7974, 65, 322, 397, 0, 0, 26.70%, 0, 0, 4, 415.24, 2805469, 558, 0, 0
7979, 65, 159, 397, 0, 0, 26.70%, 0, 0, 4, 412.19, 2807261, 558, 0, 0
7984, 65, 280, 397, 0, 0, 26.70%, 0, 0, 4, 302.50, 2808943, 558, 0, 0
7989, 65, 194, 397, 0, 0, 26.70%, 0, 0, 4, 411.49, 2810805, 558, 0, 0
7994, 65, 396, 397, 0, 0, 26.70%, 0, 0, 4, 265.39, 2812623, 558, 0, 0
7999, 65, 20, 397, 0, 0, 26.70%, 0, 0, 4, 388.94, 2814321, 558, 0, 0
8004, 65, 217, 397, 0, 0, 26.70%, 0, 0, 4, 412.62, 2816129, 558, 0, 0
8010, 65, 396, 397, 0, 0, 26.70%, 0, 0, 4, 413.23, 2817949, 558, 0, 0
8015, 65, 354, 397, 0, 0, 26.70%, 0, 0, 4, 365.57, 2819722, 558, 0, 0
8020, 65, 279, 397, 0, 0, 26.70%, 0, 0, 4, 407.74, 2821505, 558, 0, 0
8025, 65, 223, 397, 0, 0, 26.70%, 0, 0, 4, 419.37, 2823337, 558, 0, 0
8030, 65, 205, 397, 0, 0, 26.70%, 0, 0, 4, 408.68, 2825129, 558, 0, 0
8035, 65, 5, 397, 0, 0, 26.70%, 0, 0, 4, 420.00, 2826888, 558, 0, 0
8041, 65, 150, 397, 0, 0, 26.70%, 0, 0, 4, 381.04, 2828762, 558, 0, 0
8046, 65, 337, 397, 0, 0, 26.70%, 0, 0, 4, 387.01, 2830590, 558, 0, 0
8051, 66, 205, 397, 0, 0, 26.70%, 0, 0, 4, 410.89, 2832263, 558, 0, 0
8056, 66, 195, 397, 0, 0, 26.70%, 0, 0, 4, 415.84, 2834088, 558, 0, 0
8061, 66, 310, 397, 0, 0, 26.70%, 0, 0, 4, 415.94, 2835928, 558, 0, 0
8066, 66, 168, 397, 0, 0, 26.70%, 0, 0, 4, 378.82, 2837697, 558, 0, 0
8071, 66, 114, 397, 0, 0, 26.70%, 0, 0, 4, 397.67, 2839364, 558, 0, 0
8076, 66, 159, 397, 0, 0, 26.70%, 0, 0, 4, 410.00, 2841162, 558, 0, 0
8082, 66, 52, 397, 0, 0, 26.70%, 0, 0, 4, 366.83, 2842946, 558, 0, 0
8087, 66, 177, 397, 0, 0, 26.70%, 0, 0, 4, 415.75, 2844804, 558, 0, 0
8092, 66, 396, 397, 0, 0, 26.70%, 0, 0, 4, 404.51, 2846556, 558, 0, 0
8097, 66, 135, 397, 0, 0, 26.70%, 0, 0, 4, 420.00, 2848131, 558, 0, 0
8102, 66, 396, 397, 0, 0, 26.70%, 0, 0, 4, 413.32, 2849916, 558, 0, 0
8107, 66, 342, 397, 0, 0, 26.70%, 0, 0, 4, 416.11, 2851756, 558, 0, 0
8112, 66, 337, 397, 0, 0, 26.70%, 0, 0, 4, 59.89, 2853409, 558, 0, 0
8118, 66, 322, 397, 0, 0, 26.70%, 0, 0, 4, 390.08, 2855183, 558, 0, 0
8123, 66, 371, 397, 0, 0, 26.70%, 0, 0, 4, 418.96, 2857048, 558, 0, 0
8128, 66, 396, 397, 0, 0, 26.70%, 0, 0, 4, 324.15, 2858734, 558, 0, 0
8133, 66, 202, 397, 0, 0, 26.70%, 0, 0, 4, 361.52, 2860514, 558, 0, 0
8138, 66, 168, 397, 0, 0, 26.70%, 0, 0, 4, 419.01, 2862331, 558, 0, 0
8143, 66, 396, 397, 0, 0, 26.70%, 0, 0, 4, 336.07, 2863982, 558, 0, 0
8148, 66, 359, 397, 0, 0, 26.70%, 0, 0, 4, 382.82, 2865679, 558, 0, 0
8153, 66, 190, 397, 0, 0, 26.70%, 0, 0, 4, 415.55, 2867511, 558, 0, 0
8159, 66, 396, 397, 0, 0, 26.70%, 0, 0, 4, 383.08, 2869150, 558, 0, 0
8164, 66, 338, 397, 0, 0, 26.70%, 0, 0, 4, 393.55, 2870905, 558, 0, 0
8169, 66, 52, 397, 0, 0, 26.70%, 0, 0, 4, 415.21, 2872706, 558, 0, 0
8174, 67, 47, 397, 0, 0, 26.70%, 0, 0, 4, 420.00, 2874394, 558, 0, 0
8179, 67, 195, 397, 0, 0, 26.70%, 0, 0, 4, 374.04, 2876196, 558, 0, 0
8184, 67, 168, 397, 0, 0, 26.70%, 0, 0, 4, 416.08, 2878038, 558, 0, 0
8189, 67, 280, 397, 0, 0, 26.70%, 0, 0, 4, 381.44, 2879733, 558, 0, 0
8194, 67, 98, 397, 0, 0, 26.70%, 0, 0, 4, 403.89, 2881497, 558, 0, 0
8199, 67, 396, 397, 0, 0, 26.70%, 0, 0, 4, 400.09, 2883222, 558, 0, 0
8204, 67, 149, 397, 0, 0, 26.70%, 0, 0, 4, 243.78, 2884775, 558, 0, 0
8210, 67, 396, 397, 0, 0, 26.70%, 0, 0, 4, 405.24, 2886597, 558, 0, 0
8215, 67, 387, 397, 0, 0, 26.70%, 0, 0, 4, 308.01, 2888203, 558, 0, 0
8220, 67, 52, 397, 0, 0, 26.70%, 0, 0, 4, 412.40, 2889969, 558, 0, 0
8225, 67, 199, 397, 0, 0, 26.70%, 0, 0, 4, 388.91, 2891722, 558, 0, 0
8230, 67, 319, 397, 0, 0, 26.70%, 0, 0, 4, 64.78, 2893520, 558, 0, 0
8235, 67, 396, 397, 0, 0, 26.70%, 0, 0, 4, 375.29, 2895242, 558, 0, 0
8240, 67, 372, 397, 0, 0, 26.70%, 0, 0, 4, 414.23, 2897012, 558, 0, 0
8245, 67, 71, 397, 0, 0, 26.70%, 0, 0, 4, 410.98, 2898779, 558, 0, 0
8251, 67, 202, 397, 0, 0, 26.70%, 0, 0, 4, 427.56, 2900487, 558, 0, 0
8256, 67, 396, 397, 0, 0, 26.70%, 0, 0, 4, 389.98, 2902237, 558, 0, 0
8261, 67, 319, 397, 0, 0, 26.70%, 0, 0, 4, 328.43, 2903801, 558, 0, 0
8266, 67, 168, 397, 0, 0, 26.70%, 0, 0, 4, 411.49, 2905619, 558, 0, 0
8271, 67, 245, 397, 0, 0, 26.70%, 0, 0, 4, 376.56, 2907344, 558, 0, 0
8276, 67, 195, 397, 0, 0, 26.70%, 0, 0, 4, 33.15, 2909107, 558, 0, 0
8281, 67, 143, 397, 0, 0, 26.70%, 0, 0, 4, 396.59, 2910930, 558, 0, 0
8286, 67, 70, 397, 0, 0, 26.70%, 0, 0, 4, 383.69, 2912647, 558, 0, 0
8292, 67, 141, 397, 0, 0, 26.70%, 0, 0, 4, 254.68, 2914434, 558, 0, 0
8297, 68, 195, 397, 0, 0, 26.70%, 0, 0, 4, 395.95, 2916094, 558, 0, 0
8302, 68, 190, 397, 0, 0, 26.70%, 0, 0, 4, 415.84, 2917904, 558, 0, 0
8307, 68, 190, 397, 0, 0, 26.70%, 0, 0, 4, 226.56, 2919766, 558, 0, 0
8312, 68, 190, 397, 0, 0, 26.70%, 0, 0, 4, 336.88, 2921534, 558, 0, 0
8317, 68, 319, 397, 0, 0, 26.70%, 0, 0, 4, 364.85, 2923382, 558, 0, 0
8322, 68, 322, 397, 0, 0, 26.70%, 0, 0, 4, 78.67, 2925106, 558, 0, 0
8328, 68, 177, 397, 0, 0, 26.70%, 0, 0, 4, 391.65, 2926936, 558, 0, 0
8333, 68, 223, 397, 0, 0, 26.70%, 0, 0, 4, 326.62, 2928757, 558, 0, 0
8338, 68, 143, 397, 0, 0, 26.70%, 0, 0, 4, 361.60, 2930622, 558, 0, 0
8343, 68, 55, 397, 0, 0, 26.70%, 0, 0, 4, 412.25, 2932380, 558, 0, 0
8348, 68, 367, 397, 0, 0, 26.70%, 0, 0, 4, 410.00, 2934014, 558, 0, 0
8353, 68, 184, 397, 0, 0, 26.70%, 0, 0, 4, 335.89, 2935826, 558, 0, 0
8358, 68, 319, 397, 0, 0, 26.70%, 0, 0, 4, 256.88, 2937647, 558, 0, 0
8363, 68, 359, 397, 0, 0, 26.70%, 0, 0, 4, 415.21, 2939456, 558, 0, 0
8368, 68, 159, 397, 0, 0, 26.70%, 0, 0, 4, 398.59, 2941156, 558, 0, 0
8373, 68, 258, 397, 0, 0, 26.70%, 0, 0, 4, 413.21, 2942980, 558, 0, 0
8378, 68, 396, 397, 0, 0, 26.70%, 0, 0, 4, 383.08, 2944637, 558, 0, 0
8384, 68, 52, 397, 0, 0, 26.70%, 0, 0, 4, 173.53, 2946348, 558, 0, 0
8389, 68, 396, 397, 0, 0, 26.70%, 0, 0, 4, 330.38, 2948080, 558, 0, 0
8394, 68, 88, 397, 0, 0, 26.70%, 0, 0, 4, 347.96, 2949808, 558, 0, 0
8399, 68, 371, 397, 0, 0, 26.70%, 0, 0, 4, 404.89, 2951636, 558, 0, 0
8404, 68, 361, 397, 0, 0, 26.70%, 0, 0, 4, 311.15, 2953484, 558, 0, 0
8409, 68, 396, 397, 0, 0, 26.70%, 0, 0, 4, 75.77, 2955053, 558, 0, 0
8414, 68, 319, 397, 0, 0, 26.70%, 0, 0, 4, 303.92, 2956868, 558, 0, 0
8419, 69, 34, 397, 0, 0, 26.70%, 0, 0, 4, 386.54, 2958593, 558, 0, 0
8425, 69, 55, 397, 0, 0, 26.70%, 0, 0, 4, 398.01, 2960299, 558, 0, 0
8430, 69, 396, 397, 0, 0, 26.70%, 0, 0, 4, 377.90, 2962056, 558, 0, 0
8435, 69, 337, 397, 0, 0, 26.70%, 0, 0, 4, 350.47, 2963741, 558, 0, 0
8440, 69, 186, 397, 0, 0, 26.70%, 0, 0, 4, 418.32, 2965563, 558, 0, 0
8445, 69, 377, 397, 0, 0, 26.70%, 0, 0, 4, 374.58, 2967244, 558, 0, 0
8450, 69, 245, 397, 0, 0, 26.70%, 0, 0, 4, 350.08, 2968995, 558, 0, 0
8455, 69, 184, 397, 0, 0, 26.70%, 0, 0, 4, 373.62, 2970837, 558, 0, 0
8460, 69, 195, 397, 0, 0, 26.70%, 0, 0, 4, 334.30, 2972653, 558, 0, 0
8465, 69, 169, 397, 0, 0, 26.70%, 0, 0, 4, 49.02, 2974314, 558, 0, 0
8470, 69, 195, 397, 0, 0, 26.70%, 0, 0, 4, 412.94, 2976089, 558, 0, 0
8475, 69, 310, 397, 0, 0, 26.70%, 0, 0, 4, 413.38, 2977862, 558, 0, 0
8481, 69, 145, 397, 0, 0, 26.70%, 0, 0, 4, 391.17, 2979726, 558, 0, 0
8486, 69, 279, 397, 0, 0, 26.70%, 0, 0, 4, 321.77, 2981488, 558, 0, 0
8491, 69, 133, 397, 0, 0, 26.70%, 0, 0, 4, 395.37, 2983312, 558, 0, 0
8496, 69, 199, 397, 0, 0, 26.70%, 0, 0, 4, 384.71, 2985119, 558, 0, 0
8501, 69, 55, 397, 0, 0, 26.70%, 0, 0, 4, 42.40, 2986722, 558, 0, 0
8506, 69, 185, 397, 0, 0, 26.70%, 0, 0, 4, 225.55, 2988530, 558, 0, 0
8512, 69, 359, 397, 0, 0, 26.70%, 0, 0, 4, 405.14, 2990386, 558, 0, 0
8517, 69, 264, 397, 0, 0, 26.70%, 0, 0, 4, 402.66, 2992194, 558, 0, 0
8522, 69, 202, 397, 0, 0, 26.70%, 0, 0, 4, 84.57, 2993855, 558, 0, 0
8527, 69, 279, 397, 0, 0, 26.70%, 0, 0, 4, 420.58, 2995681, 558, 0, 0
8532, 69, 52, 397, 0, 0, 26.70%, 0, 0, 4, 334.86, 2997451, 558, 0, 0
8537, 70, 230, 397, 0, 0, 26.70%, 0, 0, 4, 267.79, 2999293, 558, 0, 0
8542, 70, 245, 397, 0, 0, 26.70%, 0, 0, 4, 385.04, 3001101, 558, 0, 0
8547, 70, 372, 397, 0, 0, 26.70%, 0, 0, 4, 32.49, 3002780, 558, 0, 0
8552, 70, 238, 397, 0, 0, 26.70%, 0, 0, 4, 405.85, 3004553, 558, 0, 0
8557, 70, 83, 397, 0, 0, 26.70%, 0, 0, 4, 421.06, 3006337, 558, 0, 0
8562, 70, 62, 397, 0, 0, 26.70%, 0, 0, 4, 417.75, 3008189, 558, 0, 0
8568, 70, 55, 397, 0, 0, 26.70%, 0, 0, 4, 333.38, 3009815, 558, 0, 0
8573, 70, 205, 397, 0, 0, 26.70%, 0, 0, 4, 356.19, 3011587, 558, 0, 0
8578, 70, 319, 397, 0, 0, 26.70%, 0, 0, 4, 332.40, 3013309, 558, 0, 0
8583, 70, 143, 397, 0, 0, 26.70%, 0, 0, 4, 411.75, 3015053, 558, 0, 0
8588, 70, 280, 397, 0, 0, 26.70%, 0, 0, 4, 357.36, 3016736, 558, 0, 0
8593, 70, 354, 397, 0, 0, 26.70%, 0, 0, 4, 388.65, 3018457, 558, 0, 0
8598, 70, 245, 397, 0, 0, 26.70%, 0, 0, 4, 419.09, 3020281, 558, 0, 0
8603, 70, 22, 397, 0, 0, 26.70%, 0, 0, 4, 392.49, 3022125, 558, 0, 0
8608, 70, 322, 397, 0, 0, 26.70%, 0, 0, 4, 394.29, 3023879, 558, 0, 0
8613, 70, 279, 397, 0, 0, 26.70%, 0, 0, 4, 296.77, 3025658, 558, 0, 0
8619, 70, 396, 397, 0, 0, 26.70%, 0, 0, 4, 407.43, 3027486, 558, 0, 0
8624, 70, 344, 397, 0, 0, 26.70%, 0, 0, 4, 416.20, 3029346, 558, 0, 0
8629, 70, 370, 397, 0, 0, 26.70%, 0, 0, 4, 377.53, 3031047, 558, 0, 0
8634, 70, 199, 397, 0, 0, 26.70%, 0, 0, 4, 41.32, 3032718, 558, 0, 0
8639, 70, 378, 397, 0, 0, 26.70%, 0, 0, 4, 408.14, 3034530, 558, 0, 0
8644, 70, 387, 397, 0, 0, 26.70%, 0, 0, 4, 222.56, 3036342, 558, 0, 0
8649, 70, 52, 397, 0, 0, 26.70%, 0, 0, 4, 35.09, 3037961, 558, 0, 0
8655, 70, 20, 397, 0, 0, 26.70%, 0, 0, 4, 310.14, 3039834, 558, 0, 0
8660, 71, 254, 397, 0, 0, 26.70%, 0, 0, 4, 396.83, 3041675, 558, 0, 0
8665, 71, 245, 397, 0, 0, 26.70%, 0, 0, 4, 357.08, 3043440, 558, 0, 0
8670, 71, 80, 397, 0, 0, 26.70%, 0, 0, 4, 204.17, 3045091, 558, 0, 0
8675, 71, 396, 397, 0, 0, 26.70%, 0, 0, 4, 399.44, 3046814, 558, 0, 0
8680, 71, 52, 397, 0, 0, 26.70%, 0, 0, 4, 338.41, 3048496, 558, 0, 0
8685, 71, 280, 397, 0, 0, 26.70%, 0, 0, 4, 415.20, 3050230, 558, 0, 0
8690, 71, 168, 397, 0, 0, 26.70%, 0, 0, 4, 207.36, 3051967, 558, 0, 0
8695, 71, 177, 397, 0, 0, 26.70%, 0, 0, 4, 399.83, 3053782, 558, 0, 0
8700, 71, 371, 397, 0, 0, 26.70%, 0, 0, 4, 417.67, 3055578, 558, 0, 0
8706, 71, 55, 397, 0, 0, 26.70%, 0, 0, 4, 389.60, 3057362, 558, 0, 0
8711, 71, 190, 397, 0, 0, 26.70%, 0, 0, 4, 335.74, 3058958, 558, 0, 0
8716, 71, 199, 397, 0, 0, 26.70%, 0, 0, 4, 419.78, 3060746, 558, 0, 0
8721, 71, 201, 397, 0, 0, 26.70%, 0, 0, 4, 378.84, 3062440, 558, 0, 0
8726, 71, 195, 397, 0, 0, 26.70%, 0, 0, 4, 359.05, 3064261, 558, 0, 0
8731, 71, 199, 397, 0, 0, 26.70%, 0, 0, 4, 411.94, 3066014, 558, 0, 0
8736, 71, 354, 397, 0, 0, 26.70%, 0, 0, 4, 384.42, 3067768, 558, 0, 0
8741, 71, 199, 397, 0, 0, 26.70%, 0, 0, 4, 48.39, 3069428, 558, 0, 0
8746, 71, 184, 397, 0, 0, 26.70%, 0, 0, 4, 353.70, 3071212, 558, 0, 0
8751, 71, 258, 397, 0, 0, 26.70%, 0, 0, 4, 297.85, 3073008, 558, 0, 0
8757, 71, 164, 397, 0, 0, 26.70%, 0, 0, 4, 377.42, 3074754, 558, 0, 0
8762, 71, 199, 397, 0, 0, 26.70%, 0, 0, 4, 420.00, 3076489, 558, 0, 0
8767, 71, 279, 397, 0, 0, 26.70%, 0, 0, 4, 409.71, 3078206, 558, 0, 0
8772, 71, 47, 397, 0, 0, 26.70%, 0, 0, 4, 360.59, 3080040, 558, 0, 0
8777, 71, 190, 397, 0, 0, 26.70%, 0, 0, 4, 375.39, 3081654, 558, 0, 0
8782, 72, 86, 397, 0, 0, 26.70%, 0, 0, 4, 382.91, 3083405, 558, 0, 0
8787, 72, 13, 397, 0, 0, 26.70%, 0, 0, 4, 44.05, 3085115, 558, 0, 0
8792, 72, 354, 397, 0, 0, 26.70%, 0, 0, 4, 430.12, 3086969, 558, 0, 0
8797, 72, 396, 397, 0, 0, 26.70%, 0, 0, 4, 388.62, 3088669, 558, 0, 0
8802, 72, 327, 397, 0, 0, 26.70%, 0, 0, 4, 315.08, 3090303, 558, 0, 0
8808, 72, 228, 397, 0, 0, 26.70%, 0, 0, 4, 418.63, 3092121, 558, 0, 0
8813, 72, 97, 397, 0, 0, 26.70%, 0, 0, 4, 33.06, 3093821, 558, 0, 0
8818, 72, 195, 397, 0, 0, 26.70%, 0, 0, 4, 336.89, 3095563, 558, 0, 0
8823, 72, 245, 397, 0, 0, 26.70%, 0, 0, 4, 357.36, 3097380, 558, 0, 0
8828, 72, 322, 397, 0, 0, 26.70%, 0, 0, 4, 419.95, 3099253, 558, 0, 0
8833, 72, 279, 397, 0, 0, 26.70%, 0, 0, 4, 408.17, 3100997, 558, 0, 0
8838, 72, 117, 397, 0, 0, 26.70%, 0, 0, 4, 397.38, 3102736, 558, 0, 0
8843, 72, 354, 397, 0, 0, 26.70%, 0, 0, 4, 240.73, 3104504, 558, 0, 0
8848, 72, 202, 397, 0, 0, 26.70%, 0, 0, 4, 410.01, 3106336, 558, 0, 0
8853, 72, 327, 397, 0, 0, 26.70%, 0, 0, 4, 43.17, 3107966, 558, 0, 0
8858, 72, 322, 397, 0, 0, 26.70%, 0, 0, 4, 374.25, 3109718, 558, 0, 0
8863, 72, 322, 397, 0, 0, 26.70%, 0, 0, 4, 414.25, 3111504, 558, 0, 0
8869, 72, 159, 397, 0, 0, 26.70%, 0, 0, 4, 417.91, 3113164, 558, 0, 0
8874, 72, 354, 397, 0, 0, 26.70%, 0, 0, 4, 251.37, 3114932, 558, 0, 0
8879, 72, 205, 397, 0, 0, 26.70%, 0, 0, 4, 406.53, 3116720, 558, 0, 0
8884, 72, 5, 397, 0, 0, 26.70%, 0, 0, 4, 317.56, 3118454, 558, 0, 0
8889, 72, 85, 397, 0, 0, 26.70%, 0, 0, 4, 311.72, 3120244, 558, 0, 0
8894, 72, 281, 397, 0, 0, 26.70%, 0, 0, 4, 390.96, 3122011, 558, 0, 0
8899, 73, 337, 397, 0, 0, 26.70%, 0, 0, 4, 321.50, 3123707, 558, 0, 0
8904, 73, 396, 397, 0, 0, 26.70%, 0, 0, 4, 384.96, 3125496, 558, 0, 0
8909, 73, 280, 397, 0, 0, 26.70%, 0, 0, 4, 381.09, 3127300, 558, 0, 0
8915, 73, 245, 397, 0, 0, 26.70%, 0, 0, 4, 73.17, 3128986, 558, 0, 0
8920, 73, 159, 397, 0, 0, 26.70%, 0, 0, 4, 403.94, 3130847, 558, 0, 0
8925, 73, 245, 397, 0, 0, 26.70%, 0, 0, 4, 416.86, 3132703, 558, 0, 0
8930, 73, 280, 397, 0, 0, 26.70%, 0, 0, 4, 414.84, 3134531, 558, 0, 0
8935, 73, 319, 397, 0, 0, 26.70%, 0, 0, 4, 78.82, 3136219, 558, 0, 0
8940, 73, 322, 397, 0, 0, 26.70%, 0, 0, 4, 418.49, 3137963, 558, 0, 0
8945, 73, 159, 397, 0, 0, 26.70%, 0, 0, 4, 303.39, 3139788, 558, 0, 0
8950, 73, 279, 397, 0, 0, 26.70%, 0, 0, 4, 389.52, 3141586, 558, 0, 0
8956, 73, 184, 397, 0, 0, 26.70%, 0, 0, 4, 338.31, 3143315, 558, 0, 0
8961, 73, 319, 397, 0, 0, 26.70%, 0, 0, 4, 390.10, 3145158, 558, 0, 0
8966, 73, 396, 397, 0, 0, 26.70%, 0, 0, 4, 369.63, 3146961, 558, 0, 0
8971, 73, 372, 397, 0, 0, 26.70%, 0, 0, 4, 390.68, 3148786, 558, 0, 0
8976, 73, 322, 397, 0, 0, 26.70%, 0, 0, 4, 33.02, 3150479, 558, 0, 0
8981, 73, 159, 397, 0, 0, 26.70%, 0, 0, 4, 389.43, 3152265, 558, 0, 0
8986, 73, 372, 397, 0, 0, 26.70%, 0, 0, 4, 417.83, 3154063, 558, 0, 0
8991, 73, 47, 397, 0, 0, 26.70%, 0, 0, 4, 203.69, 3155747, 558, 0, 0
8996, 73, 280, 397, 0, 0, 26.70%, 0, 0, 4, 194.31, 3157486, 558, 0, 0
9002, 73, 279, 397, 0, 0, 26.70%, 0, 0, 4, 414.37, 3159263, 558, 0, 0
9007, 73, 199, 397, 0, 0, 26.70%, 0, 0, 4, 301.29, 3160998, 558, 0, 0
9012, 73, 352, 397, 0, 0, 26.70%, 0, 0, 4, 356.44, 3162658, 558, 0, 0
9017, 73, 372, 397, 0, 0, 26.70%, 0, 0, 4, 353.81, 3164407, 558, 0, 0
9022, 74, 177, 397, 0, 0, 26.70%, 0, 0, 4, 373.50, 3166151, 558, 0, 0
9027, 74, 36, 397, 0, 0, 26.70%, 0, 0, 4, 394.42, 3167947, 558, 0, 0
9032, 74, 168, 397, 0, 0, 26.70%, 0, 0, 4, 415.89, 3169639, 558, 0, 0
9037, 74, 261, 397, 0, 0, 26.70%, 0, 0, 4, 426.81, 3171439, 558, 0, 0
9042, 74, 168, 397, 0, 0, 26.70%, 0, 0, 4, 375.41, 3173165, 558, 0, 0
9048, 74, 26, 397, 0, 0, 26.70%, 0, 0, 4, 33.06, 3174903, 558, 0, 0
9053, 74, 279, 397, 0, 0, 26.70%, 0, 0, 4, 358.93, 3176686, 558, 0, 0
9058, 74, 372, 397, 0, 0, 26.70%, 0, 0, 4, 299.62, 3178533, 558, 0, 0
9063, 74, 322, 397, 0, 0, 26.70%, 0, 0, 4, 400.33, 3180344, 558, 0, 0
9068, 74, 371, 397, 0, 0, 26.70%, 0, 0, 4, 382.69, 3182076, 558, 0, 0
9073, 74, 52, 397, 0, 0, 26.70%, 0, 0, 4, 381.91, 3183834, 558, 0, 0
9078, 74, 34, 397, 0, 0, 26.70%, 0, 0, 4, 343.28, 3185522, 558, 0, 0
9084, 74, 205, 397, 0, 0, 26.70%, 0, 0, 4, 390.43, 3187372, 558, 0, 0
9089, 74, 280, 397, 0, 0, 26.70%, 0, 0, 4, 425.24, 3189157, 558, 0, 0
9094, 74, 319, 397, 0, 0, 26.70%, 0, 0, 4, 346.96, 3190870, 558, 0, 0
9099, 74, 371, 397, 0, 0, 26.70%, 0, 0, 4, 393.86, 3192501, 558, 0, 0
9104, 74, 168, 397, 0, 0, 26.70%, 0, 0, 4, 296.92, 3194284, 558, 0, 0
9109, 74, 310, 397, 0, 0, 26.70%, 0, 0, 4, 363.81, 3195959, 558, 0, 0
9114, 74, 8, 397, 0, 0, 26.70%, 0, 0, 4, 33.18, 3197699, 558, 0, 0
9119, 74, 123, 397, 0, 0, 26.70%, 0, 0, 4, 406.29, 3199538, 558, 0, 0
9125, 74, 55, 397, 0, 0, 26.70%, 0, 0, 4, 409.54, 3201390, 558, 0, 0
9130, 74, 184, 397, 0, 0, 26.70%, 0, 0, 4, 295.12, 3203105, 558, 0, 0
9135, 74, 168, 397, 0, 0, 26.70%, 0, 0, 4, 394.52, 3204920, 558, 0, 0
9140, 74, 372, 397, 0, 0, 26.70%, 0, 0, 4, 413.35, 3206758, 558, 0, 0
9145, 75, 177, 397, 0, 0, 26.70%, 0, 0, 4, 315.54, 3208443, 558, 0, 0
9150, 75, 337, 397, 0, 0, 26.70%, 0, 0, 4, 381.78, 3210156, 558, 0, 0
9155, 75, 205, 397, 0, 0, 26.70%, 0, 0, 4, 378.52, 3211863, 558, 0, 0
9160, 75, 396, 397, 0, 0, 26.70%, 0, 0, 4, 300.22, 3213472, 558, 0, 0
9165, 75, 288, 397, 0, 0, 26.70%, 0, 0, 4, 361.25, 3215198, 558, 0, 0
9171, 75, 304, 397, 0, 0, 26.70%, 0, 0, 4, 347.05, 3217036, 558, 0, 0
9176, 75, 52, 397, 0, 0, 26.70%, 0, 0, 4, 398.73, 3218817, 558, 0, 0
9181, 75, 47, 397, 0, 0, 26.70%, 0, 0, 4, 283.26, 3220525, 558, 0, 0
9186, 75, 51, 397, 0, 0, 26.70%, 0, 0, 4, 367.59, 3222259, 558, 0, 0
9191, 75, 280, 397, 0, 0, 26.70%, 0, 0, 4, 369.17, 3224073, 558, 0, 0
9196, 75, 52, 397, 0, 0, 26.70%, 0, 0, 4, 37.74, 3225805, 558, 0, 0
9201, 75, 47, 397, 0, 0, 26.70%, 0, 0, 4, 414.63, 3227523, 558, 0, 0
9207, 75, 47, 397, 0, 0, 26.70%, 0, 0, 4, 372.23, 3229366, 558, 0, 0
9212, 75, 396, 397, 0, 0, 26.70%, 0, 0, 4, 223.12, 3230955, 558, 0, 0
9217, 75, 5, 397, 0, 0, 26.70%, 0, 0, 4, 415.24, 3232715, 558, 0, 0
9222, 75, 68, 397, 0, 0, 26.70%, 0, 0, 4, 359.54, 3234373, 558, 0, 0
9227, 75, 371, 397, 0, 0, 26.70%, 0, 0, 4, 425.08, 3236207, 558, 0, 0
9232, 75, 202, 397, 0, 0, 26.70%, 0, 0, 4, 415.38, 3237975, 558, 0, 0
9237, 75, 52, 397, 0, 0, 26.70%, 0, 0, 4, 275.00, 3239558, 558, 0, 0
9242, 75, 286, 397, 0, 0, 26.70%, 0, 0, 4, 237.66, 3241375, 558, 0, 0
9247, 75, 168, 397, 0, 0, 26.70%, 0, 0, 4, 415.38, 3243174, 558, 0, 0
9252, 75, 359, 397, 0, 0, 26.70%, 0, 0, 4, 400.49, 3244890, 558, 0, 0
9257, 75, 202, 397, 0, 0, 26.70%, 0, 0, 4, 424.36, 3246658, 558, 0, 0
9262, 75, 17, 397, 0, 0, 26.70%, 0, 0, 4, 258.57, 3248442, 558, 0, 0
9267, 76, 371, 397, 0, 0, 26.70%, 0, 0, 4, 39.06, 3250148, 558, 0, 0
9273, 76, 47, 397, 0, 0, 26.70%, 0, 0, 4, 413.10, 3251974, 558, 0, 0
9278, 76, 168, 397, 0, 0, 26.70%, 0, 0, 4, 424.26, 3253758, 558, 0, 0
9283, 76, 14, 397, 0, 0, 26.70%, 0, 0, 4, 306.80, 3255546, 558, 0, 0
9288, 76, 177, 397, 0, 0, 26.70%, 0, 0, 4, 368.01, 3257271, 558, 0, 0
9293, 76, 361, 397, 0, 0, 26.70%, 0, 0, 4, 405.79, 3259130, 558, 0, 0
9298, 76, 180, 397, 0, 0, 26.70%, 0, 0, 4, 302.13, 3260900, 558, 0, 0
9304, 76, 52, 397, 0, 0, 26.70%, 0, 0, 4, 168.32, 3262568, 558, 0, 0
9309, 76, 8, 397, 0, 0, 26.70%, 0, 0, 4, 308.22, 3264349, 558, 0, 0
9314, 76, 202, 397, 0, 0, 26.70%, 0, 0, 4, 390.57, 3266164, 558, 0, 0
9319, 76, 47, 397, 0, 0, 26.70%, 0, 0, 4, 328.97, 3268028, 558, 0, 0
9324, 76, 52, 397, 0, 0, 26.70%, 0, 0, 4, 397.58, 3269749, 558, 0, 0
9329, 76, 202, 397, 0, 0, 26.70%, 0, 0, 4, 413.56, 3271498, 558, 0, 0
9334, 76, 214, 397, 0, 0, 26.70%, 0, 0, 4, 392.20, 3273299, 558, 0, 0
9339, 76, 396, 397, 0, 0, 26.70%, 0, 0, 4, 383.05, 3275120, 558, 0, 0
9344, 76, 372, 397, 0, 0, 26.70%, 0, 0, 4, 389.93, 3276913, 558, 0, 0
9350, 76, 279, 397, 0, 0, 26.70%, 0, 0, 4, 420.00, 3278594, 558, 0, 0
9355, 76, 327, 397, 0, 0, 26.70%, 0, 0, 4, 286.07, 3280395, 558, 0, 0
9360, 76, 337, 397, 0, 0, 26.70%, 0, 0, 4, 425.10, 3282098, 558, 0, 0
9365, 76, 177, 397, 0, 0, 26.70%, 0, 0, 4, 379.59, 3283806, 558, 0, 0
9370, 76, 142, 397, 0, 0, 26.70%, 0, 0, 4, 366.29, 3285585, 558, 0, 0
9375, 76, 245, 397, 0, 0, 26.70%, 0, 0, 4, 376.91, 3287448, 558, 0, 0
9380, 76, 280, 397, 0, 0, 26.70%, 0, 0, 4, 270.00, 3289111, 558, 0, 0
9385, 77, 371, 397, 0, 0, 26.70%, 0, 0, 4, 398.91, 3290934, 558, 0, 0
9390, 77, 125, 397, 0, 0, 26.70%, 0, 0, 4, 346.93, 3292674, 558, 0, 0
9396, 77, 279, 397, 0, 0, 26.70%, 0, 0, 4, 366.34, 3294345, 558, 0, 0
9401, 77, 168, 397, 0, 0, 26.70%, 0, 0, 4, 371.54, 3296164, 558, 0, 0
9406, 77, 280, 397, 0, 0, 26.70%, 0, 0, 4, 422.81, 3297974, 558, 0, 0
9411, 77, 47, 397, 0, 0, 26.70%, 0, 0, 4, 55.85, 3299713, 558, 0, 0
9416, 77, 327, 397, 0, 0, 26.70%, 0, 0, 4, 417.91, 3301530, 558, 0, 0
9421, 77, 202, 397, 0, 0, 26.70%, 0, 0, 4, 413.19, 3303298, 558, 0, 0
9426, 77, 55, 397, 0, 0, 26.70%, 0, 0, 4, 32.79, 3304974, 558, 0, 0
9431, 77, 190, 397, 0, 0, 26.70%, 0, 0, 4, 355.79, 3306706, 558, 0, 0
9436, 77, 311, 397, 0, 0, 26.70%, 0, 0, 4, 413.83, 3308514, 558, 0, 0
9442, 77, 159, 397, 0, 0, 26.70%, 0, 0, 4, 417.91, 3310100, 558, 0, 0
9447, 77, 202, 397, 0, 0, 26.70%, 0, 0, 4, 404.04, 3311958, 558, 0, 0
9452, 77, 371, 397, 0, 0, 26.70%, 0, 0, 4, 384.73, 3313749, 558, 0, 0
9457, 77, 145, 397, 0, 0, 26.70%, 0, 0, 4, 402.42, 3315398, 558, 0, 0
9462, 77, 199, 397, 0, 0, 26.70%, 0, 0, 4, 421.03, 3317146, 558, 0, 0
9467, 77, 310, 397, 0, 0, 26.70%, 0, 0, 4, 387.59, 3318906, 558, 0, 0
9472, 77, 371, 397, 0, 0, 26.70%, 0, 0, 4, 384.20, 3320592, 558, 0, 0
9477, 77, 329, 397, 0, 0, 26.70%, 0, 0, 4, 375.58, 3322406, 558, 0, 0
9482, 77, 47, 397, 0, 0, 26.70%, 0, 0, 4, 33.33, 3324067, 558, 0, 0
9487, 77, 118, 397, 0, 0, 26.70%, 0, 0, 4, 394.49, 3325867, 558, 0, 0
9492, 77, 231, 397, 0, 0, 26.70%, 0, 0, 4, 383.32, 3327609, 558, 0, 0
9498, 77, 279, 397, 0, 0, 26.70%, 0, 0, 4, 301.49, 3329325, 558, 0, 0
9503, 77, 193, 397, 0, 0, 26.70%, 0, 0, 4, 164.42, 3331146, 558, 0, 0
9508, 78, 299, 397, 0, 0, 26.70%, 0, 0, 4, 305.85, 3332920, 558, 0, 0
9513, 78, 279, 397, 0, 0, 26.70%, 0, 0, 4, 412.94, 3334646, 558, 0, 0
9518, 78, 52, 397, 0, 0, 26.70%, 0, 0, 4, 299.61, 3336430, 558, 0, 0
9523, 78, 396, 397, 0, 0, 26.70%, 0, 0, 4, 385.99, 3338189, 558, 0, 0
9528, 78, 396, 397, 0, 0, 26.70%, 0, 0, 4, 32.71, 3339814, 558, 0, 0
9533, 78, 245, 397, 0, 0, 26.70%, 0, 0, 4, 343.25, 3341572, 558, 0, 0
9539, 78, 390, 397, 0, 0, 26.70%, 0, 0, 4, 418.75, 3343404, 558, 0, 0
9544, 78, 154, 397, 0, 0, 26.70%, 0, 0, 4, 374.93, 3345007, 558, 0, 0
9549, 78, 240, 397, 0, 0, 26.70%, 0, 0, 4, 373.56, 3346856, 558, 0, 0
9554, 78, 345, 397, 0, 0, 26.70%, 0, 0, 4, 362.71, 3348542, 558, 0, 0
9559, 78, 177, 397, 0, 0, 26.70%, 0, 0, 4, 350.00, 3350233, 558, 0, 0
9564, 78, 202, 397, 0, 0, 26.70%, 0, 0, 4, 398.22, 3352084, 558, 0, 0
9569, 78, 184, 397, 0, 0, 26.70%, 0, 0, 4, 388.63, 3353877, 558, 0, 0
9575, 78, 177, 397, 0, 0, 26.70%, 0, 0, 4, 355.62, 3355598, 558, 0, 0
9580, 78, 55, 397, 0, 0, 26.70%, 0, 0, 4, 422.58, 3357415, 558, 0, 0
9585, 78, 322, 397, 0, 0, 26.70%, 0, 0, 4, 417.96, 3359247, 558, 0, 0
9590, 78, 279, 397, 0, 0, 26.70%, 0, 0, 4, 33.61, 3360883, 558, 0, 0
9595, 78, 52, 397, 0, 0, 26.70%, 0, 0, 4, 324.86, 3362623, 558, 0, 0
9600, 78, 280, 397, 0, 0, 26.70%, 0, 0, 4, 61.86, 3364305, 558, 0, 0
9605, 78, 177, 397, 0, 0, 26.70%, 0, 0, 4, 431.30, 3366091, 558, 0, 0
9610, 78, 396, 397, 0, 0, 26.70%, 0, 0, 4, 69.77, 3367729, 558, 0, 0
9615, 78, 52, 397, 0, 0, 26.70%, 0, 0, 4, 385.63, 3369459, 558, 0, 0
9621, 78, 307, 397, 0, 0, 26.70%, 0, 0, 4, 319.77, 3371293, 558, 0, 0
9626, 78, 279, 397, 0, 0, 26.70%, 0, 0, 4, 286.07, 3372945, 558, 0, 0
9631, 79, 391, 397, 0, 0, 26.70%, 0, 0, 4, 384.50, 3374745, 558, 0, 0
9636, 79, 47, 397, 0, 0, 26.70%, 0, 0, 4, 339.86, 3376459, 558, 0, 0
9641, 79, 396, 397, 0, 0, 26.70%, 0, 0, 4, 417.10, 3378175, 558, 0, 0
9646, 79, 322, 397, 0, 0, 26.70%, 0, 0, 4, 33.18, 3379631, 558, 0, 0
9651, 79, 52, 397, 0, 0, 26.70%, 0, 0, 4, 416.11, 3381391, 558, 0, 0
9656, 79, 91, 397, 0, 0, 26.70%, 0, 0, 4, 347.25, 3383041, 558, 0, 0
9662, 79, 228, 397, 0, 0, 26.70%, 0, 0, 4, 383.50, 3384859, 558, 0, 0
9667, 79, 24, 397, 0, 0, 26.70%, 0, 0, 4, 364.76, 3386452, 558, 0, 0
9672, 79, 245, 397, 0, 0, 26.70%, 0, 0, 4, 280.98, 3388150, 558, 0, 0
9677, 79, 279, 397, 0, 0, 26.70%, 0, 0, 4, 415.04, 3389891, 558, 0, 0
9682, 79, 47, 397, 0, 0, 26.70%, 0, 0, 4, 33.33, 3391538, 558, 0, 0
9687, 79, 396, 397, 0, 0, 26.70%, 0, 0, 4, 402.84, 3393287, 558, 0, 0
9692, 79, 280, 397, 0, 0, 26.70%, 0, 0, 4, 430.00, 3394882, 558, 0, 0
9697, 79, 354, 397, 0, 0, 26.70%, 0, 0, 4, 356.33, 3396659, 558, 0, 0
9702, 79, 390, 397, 0, 0, 26.70%, 0, 0, 4, 412.94, 3398306, 558, 0, 0
9707, 79, 361, 397, 0, 0, 26.70%, 0, 0, 4, 392.51, 3400082, 558, 0, 0
9713, 79, 22, 397, 0, 0, 26.70%, 0, 0, 4, 323.95, 3401817, 558, 0, 0
9718, 79, 319, 397, 0, 0, 26.70%, 0, 0, 4, 413.31, 3403591, 558, 0, 0
9723, 79, 168, 397, 0, 0, 26.70%, 0, 0, 4, 362.28, 3405338, 558, 0, 0
9728, 79, 371, 397, 0, 0, 26.70%, 0, 0, 4, 399.63, 3407015, 558, 0, 0
9733, 79, 23, 397, 0, 0, 26.70%, 0, 0, 4, 235.49, 3408707, 558, 0, 0
9738, 79, 16, 397, 0, 0, 26.70%, 0, 0, 4, 390.78, 3410559, 558, 0, 0
9743, 79, 311, 397, 0, 0, 26.70%, 0, 0, 4, 386.56, 3412289, 558, 0, 0
9748, 79, 334, 397, 0, 0, 26.70%, 0, 0, 4, 36.70, 3413947, 558, 0, 0
9754, 79, 47, 397, 0, 0, 26.70%, 0, 0, 4, 268.89, 3415765, 558, 0, 0
9759, 80, 372, 397, 0, 0, 26.70%, 0, 0, 4, 409.37, 3417555, 558, 0, 0
9764, 80, 143, 397, 0, 0, 26.70%, 0, 0, 4, 402.27, 3419363, 558, 0, 0
9769, 80, 55, 397, 0, 0, 26.70%, 0, 0, 4, 372.01, 3421224, 558, 0, 0
9774, 80, 46, 397, 0, 0, 26.70%, 0, 0, 4, 361.97, 3422959, 558, 0, 0
9779, 80, 5, 397, 0, 0, 26.70%, 0, 0, 4, 375.24, 3424731, 558, 0, 0
9784, 80, 174, 397, 0, 0, 26.70%, 0, 0, 4, 302.11, 3426550, 558, 0, 0
9789, 80, 13, 397, 0, 0, 26.70%, 0, 0, 4, 379.12, 3428238, 558, 0, 0
9794, 80, 5, 397, 0, 0, 26.70%, 0, 0, 4, 260.18, 3429985, 558, 0, 0
9800, 80, 245, 397, 0, 0, 26.70%, 0, 0, 4, 415.56, 3431807, 558, 0, 0
9805, 80, 190, 397, 0, 0, 26.70%, 0, 0, 4, 369.19, 3433631, 558, 0, 0
9810, 80, 177, 397, 0, 0, 26.70%, 0, 0, 4, 332.83, 3435405, 558, 0, 0
9815, 80, 279, 397, 0, 0, 26.70%, 0, 0, 4, 420.00, 3437058, 558, 0, 0
9820, 80, 279, 397, 0, 0, 26.70%, 0, 0, 4, 421.98, 3438855, 558, 0, 0
9825, 80, 195, 397, 0, 0, 26.70%, 0, 0, 4, 411.60, 3440707, 558, 0, 0
9830, 80, 361, 397, 0, 0, 26.70%, 0, 0, 4, 316.87, 3442453, 558, 0, 0
9835, 80, 184, 397, 0, 0, 26.70%, 0, 0, 4, 400.31, 3444189, 558, 0, 0
9840, 80, 337, 397, 0, 0, 26.70%, 0, 0, 4, 383.25, 3445996, 558, 0, 0
9845, 80, 213, 397, 0, 0, 26.70%, 0, 0, 4, 76.19, 3447731, 558, 0, 0
9850, 80, 371, 397, 0, 0, 26.70%, 0, 0, 4, 418.24, 3449515, 558, 0, 0
9856, 80, 322, 397, 0, 0, 26.70%, 0, 0, 4, 170.68, 3451196, 558, 0, 0
9861, 80, 396, 397, 0, 0, 26.70%, 0, 0, 4, 335.00, 3452824, 558, 0, 0
9866, 80, 47, 397, 0, 0, 26.70%, 0, 0, 4, 361.72, 3454631, 558, 0, 0
9871, 80, 159, 397, 0, 0, 26.70%, 0, 0, 4, 423.42, 3456455, 558, 0, 0
9876, 81, 354, 397, 0, 0, 26.70%, 0, 0, 4, 52.86, 3458171, 558, 0, 0
9881, 81, 60, 397, 0, 0, 26.70%, 0, 0, 4, 413.67, 3459958, 558, 0, 0
9886, 81, 323, 397, 0, 0, 26.70%, 0, 0, 4, 419.28, 3461774, 558, 0, 0
9891, 81, 185, 397, 0, 0, 26.70%, 0, 0, 4, 59.41, 3463404, 558, 0, 0
9896, 81, 129, 397, 0, 0, 26.70%, 0, 0, 4, 409.45, 3465149, 558, 0, 0
9901, 81, 55, 397, 0, 0, 26.70%, 0, 0, 4, 388.04, 3466848, 558, 0, 0
9907, 81, 322, 397, 0, 0, 26.70%, 0, 0, 4, 415.00, 3468453, 558, 0, 0
9912, 81, 199, 397, 0, 0, 26.70%, 0, 0, 4, 349.28, 3470262, 558, 0, 0
9917, 81, 332, 397, 0, 0, 26.70%, 0, 0, 4, 275.27, 3472070, 558, 0, 0
9922, 81, 168, 397, 0, 0, 26.70%, 0, 0, 4, 385.76, 3473753, 558, 0, 0
9927, 81, 337, 397, 0, 0, 26.70%, 0, 0, 4, 295.72, 3475480, 558, 0, 0
9932, 81, 187, 397, 0, 0, 26.70%, 0, 0, 4, 406.34, 3477272, 558, 0, 0
9937, 81, 396, 397, 0, 0, 26.70%, 0, 0, 4, 125.63, 3478972, 558, 0, 0
9942, 81, 361, 397, 0, 0, 26.70%, 0, 0, 4, 319.31, 3480796, 558, 0, 0
9947, 81, 245, 397, 0, 0, 26.70%, 0, 0, 4, 398.35, 3482480, 558, 0, 0
9953, 81, 143, 397, 0, 0, 26.70%, 0, 0, 4, 382.14, 3484277, 558, 0, 0
9958, 81, 47, 397, 0, 0, 26.70%, 0, 0, 4, 418.03, 3486124, 558, 0, 0
9963, 81, 168, 397, 0, 0, 26.70%, 0, 0, 4, 399.56, 3487821, 558, 0, 0
9968, 81, 280, 397, 0, 0, 26.70%, 0, 0, 4, 415.48, 3489548, 558, 0, 0
9973, 81, 26, 397, 0, 0, 26.70%, 0, 0, 4, 318.78, 3491296, 558, 0, 0
9978, 81, 161, 397, 0, 0, 26.70%, 0, 0, 4, 246.45, 3492904, 558, 0, 0
9983, 81, 47, 397, 0, 0, 26.70%, 0, 0, 4, 410.36, 3494688, 558, 0, 0
9988, 81, 273, 397, 0, 0, 26.70%, 0, 0, 4, 410.00, 3496392, 558, 0, 0
9993, 81, 205, 397, 0, 0, 26.70%, 0, 0, 4, 248.34, 3498124, 558, 0, 0
9998, 82, 241, 397, 0, 0, 26.70%, 0, 0, 4, 344.96, 3499814, 558, 0, 0
10004, 82, 205, 397, 0, 0, 26.70%, 0, 0, 4, 414.74, 3501564, 558, 0, 0
10009, 82, 371, 397, 0, 0, 26.70%, 0, 0, 4, 407.59, 3503399, 558, 0, 0
10014, 82, 245, 397, 0, 0, 26.70%, 0, 0, 4, 362.77, 3505049, 558, 0, 0
10019, 82, 199, 397, 0, 0, 26.70%, 0, 0, 4, 367.27, 3506907, 558, 0, 0
10024, 82, 184, 397, 0, 0, 26.70%, 0, 0, 4, 50.63, 3508608, 558, 0, 0
10029, 82, 166, 397, 0, 0, 26.70%, 0, 0, 4, 411.16, 3510316, 558, 0, 0
10034, 82, 359, 397, 0, 0, 26.70%, 0, 0, 4, 33.98, 3511977, 558, 0, 0
10039, 82, 71, 397, 0, 0, 26.70%, 0, 0, 4, 362.15, 3513684, 558, 0, 0
10045, 82, 205, 397, 0, 0, 26.70%, 0, 0, 4, 319.97, 3515490, 558, 0, 0
10050, 82, 372, 397, 0, 0, 26.70%, 0, 0, 4, 372.24, 3517114, 558, 0, 0
10055, 82, 47, 397, 0, 0, 26.70%, 0, 0, 4, 377.47, 3518935, 558, 0, 0
10060, 82, 141, 397, 0, 0, 26.70%, 0, 0, 4, 330.06, 3520742, 558, 0, 0
10065, 82, 396, 397, 0, 0, 26.70%, 0, 0, 4, 334.54, 3522428, 558, 0, 0
10070, 82, 361, 397, 0, 0, 26.70%, 0, 0, 4, 254.38, 3524156, 558, 0, 0
10075, 82, 212, 397, 0, 0, 26.70%, 0, 0, 4, 368.90, 3525877, 558, 0, 0
10080, 82, 195, 397, 0, 0, 26.70%, 0, 0, 4, 267.33, 3527577, 558, 0, 0
10085, 82, 177, 397, 0, 0, 26.70%, 0, 0, 4, 348.22, 3529381, 558, 0, 0
10090, 82, 279, 397, 0, 0, 26.70%, 0, 0, 4, 401.12, 3531183, 558, 0, 0
10096, 82, 195, 397, 0, 0, 26.70%, 0, 0, 4, 397.02, 3532910, 558, 0, 0
10101, 82, 70, 397, 0, 0, 26.70%, 0, 0, 4, 422.51, 3534731, 558, 0, 0
10106, 82, 199, 397, 0, 0, 26.70%, 0, 0, 4, 340.27, 3536423, 558, 0, 0
10111, 82, 396, 397, 0, 0, 26.70%, 0, 0, 4, 417.05, 3538039, 558, 0, 0
10116, 82, 322, 397, 0, 0, 26.70%, 0, 0, 4, 313.14, 3539817, 558, 0, 0
10121, 82, 52, 397, 0, 0, 26.70%, 0, 0, 4, 42.40, 3541429, 558, 0, 0
10126, 83, 396, 397, 0, 0, 26.70%, 0, 0, 4, 272.26, 3543195, 558, 0, 0
10131, 83, 143, 397, 0, 0, 26.70%, 0, 0, 4, 410.89, 3544753, 558, 0, 0
10137, 83, 205, 397, 0, 0, 26.70%, 0, 0, 4, 301.14, 3546515, 558, 0, 0
10142, 83, 190, 397, 0, 0, 26.70%, 0, 0, 4, 418.04, 3548299, 558, 0, 0
10147, 83, 70, 397, 0, 0, 26.70%, 0, 0, 4, 338.65, 3550117, 558, 0, 0
10152, 83, 396, 397, 0, 0, 26.70%, 0, 0, 4, 359.91, 3551709, 558, 0, 0
10157, 83, 322, 397, 0, 0, 26.70%, 0, 0, 4, 372.98, 3553306, 558, 0, 0
10162, 83, 82, 397, 0, 0, 26.70%, 0, 0, 4, 415.00, 3555228, 558, 0, 0
10167, 83, 352, 397, 0, 0, 26.70%, 0, 0, 4, 387.17, 3556964, 558, 0, 0
10172, 83, 184, 397, 0, 0, 26.70%, 0, 0, 4, 412.82, 3558546, 558, 0, 0
10177, 83, 131, 397, 0, 0, 26.70%, 0, 0, 4, 407.45, 3560230, 558, 0, 0
10182, 83, 152, 397, 0, 0, 26.70%, 0, 0, 4, 358.81, 3561974, 558, 0, 0
10187, 83, 396, 397, 0, 0, 26.70%, 0, 0, 4, 312.06, 3563599, 558, 0, 0
10192, 83, 52, 397, 0, 0, 26.70%, 0, 0, 4, 419.61, 3565381, 558, 0, 0
10197, 83, 396, 397, 0, 0, 26.70%, 0, 0, 4, 409.22, 3567205, 558, 0, 0
10202, 83, 55, 397, 0, 0, 26.70%, 0, 0, 4, 55.56, 3568785, 558, 0, 0
10207, 83, 143, 397, 0, 0, 26.70%, 0, 0, 4, 387.38, 3570495, 558, 0, 0
10212, 83, 202, 397, 0, 0, 26.70%, 0, 0, 4, 320.49, 3572197, 558, 0, 0
10217, 83, 260, 397, 0, 0, 26.70%, 0, 0, 4, 383.49, 3573932, 558, 0, 0
10223, 83, 361, 397, 0, 0, 26.70%, 0, 0, 4, 427.86, 3575623, 558, 0, 0
10228, 83, 304, 397, 0, 0, 26.70%, 0, 0, 4, 369.00, 3577353, 558, 0, 0
10233, 83, 202, 397, 0, 0, 26.70%, 0, 0, 4, 402.98, 3579149, 558, 0, 0
10238, 83, 202, 397, 0, 0, 26.70%, 0, 0, 4, 305.43, 3580821, 558, 0, 0
10243, 83, 208, 397, 0, 0, 26.70%, 0, 0, 4, 378.55, 3582667, 558, 0, 0
10248, 84, 195, 397, 0, 0, 26.70%, 0, 0, 4, 401.70, 3584433, 558, 0, 0
10253, 84, 24, 397, 0, 0, 26.70%, 0, 0, 4, 364.14, 3586167, 558, 0, 0
10259, 84, 371, 397, 0, 0, 26.70%, 0, 0, 4, 277.28, 3587895, 558, 0, 0
10264, 84, 205, 397, 0, 0, 26.70%, 0, 0, 4, 375.50, 3589739, 558, 0, 0
10269, 84, 372, 397, 0, 0, 26.70%, 0, 0, 4, 304.13, 3591570, 558, 0, 0
10274, 84, 159, 397, 0, 0, 26.70%, 0, 0, 4, 336.69, 3593261, 558, 0, 0
10279, 84, 280, 397, 0, 0, 26.70%, 0, 0, 4, 213.39, 3595094, 558, 0, 0
10284, 84, 190, 397, 0, 0, 26.70%, 0, 0, 4, 296.90, 3596935, 558, 0, 0
10289, 84, 361, 397, 0, 0, 26.70%, 0, 0, 4, 396.65, 3598753, 558, 0, 0
10295, 84, 280, 397, 0, 0, 26.70%, 0, 0, 4, 395.20, 3600553, 558, 0, 0
10300, 84, 354, 397, 0, 0, 26.70%, 0, 0, 4, 61.40, 3602309, 558, 0, 0
10305, 84, 199, 397, 0, 0, 26.70%, 0, 0, 4, 417.91, 3604000, 558, 0, 0
10310, 84, 221, 397, 0, 0, 26.70%, 0, 0, 4, 356.42, 3605781, 558, 0, 0
10315, 84, 319, 397, 0, 0, 26.70%, 0, 0, 4, 334.17, 3607612, 558, 0, 0
10320, 84, 52, 397, 0, 0, 26.70%, 0, 0, 4, 402.27, 3609380, 558, 0, 0
10325, 84, 55, 397, 0, 0, 26.70%, 0, 0, 4, 32.11, 3611049, 558, 0, 0
10330, 84, 172, 397, 0, 0, 26.70%, 0, 0, 4, 420.44, 3612848, 558, 0, 0
10335, 84, 199, 397, 0, 0, 26.70%, 0, 0, 4, 356.15, 3614696, 558, 0, 0
10341, 84, 141, 397, 0, 0, 26.70%, 0, 0, 4, 328.79, 3616459, 558, 0, 0
10346, 84, 202, 397, 0, 0, 26.70%, 0, 0, 4, 282.50, 3618180, 558, 0, 0
10351, 84, 337, 397, 0, 0, 26.70%, 0, 0, 4, 428.23, 3620047, 558, 0, 0
10356, 84, 212, 397, 0, 0, 26.70%, 0, 0, 4, 342.59, 3621862, 558, 0, 0
10361, 84, 396, 397, 0, 0, 26.70%, 0, 0, 4, 33.47, 3623530, 558, 0, 0
10366, 84, 74, 397, 0, 0, 26.70%, 0, 0, 4, 344.82, 3625209, 558, 0, 0
10371, 85, 396, 397, 0, 0, 26.70%, 0, 0, 4, 345.20, 3626927, 558, 0, 0
10376, 85, 202, 397, 0, 0, 26.70%, 0, 0, 4, 33.15, 3628609, 558, 0, 0
10382, 85, 184, 397, 0, 0, 26.70%, 0, 0, 4, 422.41, 3630447, 558, 0, 0
10387, 85, 362, 397, 0, 0, 26.70%, 0, 0, 4, 410.68, 3632223, 558, 0, 0
10392, 85, 359, 397, 0, 0, 26.70%, 0, 0, 4, 363.45, 3633945, 558, 0, 0
10397, 85, 372, 397, 0, 0, 26.70%, 0, 0, 4, 365.23, 3635638, 558, 0, 0
10402, 85, 311, 397, 0, 0, 26.70%, 0, 0, 4, 415.76, 3637471, 558, 0, 0
10407, 85, 322, 397, 0, 0, 26.70%, 0, 0, 4, 366.05, 3639273, 558, 0, 0
10412, 85, 205, 397, 0, 0, 26.70%, 0, 0, 4, 397.47, 3641047, 558, 0, 0
10417, 85, 202, 397, 0, 0, 26.70%, 0, 0, 4, 352.17, 3642840, 558, 0, 0
10422, 85, 65, 397, 0, 0, 26.70%, 0, 0, 4, 311.19, 3644649, 558, 0, 0
10428, 85, 377, 397, 0, 0, 26.70%, 0, 0, 4, 368.21, 3646471, 558, 0, 0
10433, 85, 202, 397, 0, 0, 26.70%, 0, 0, 4, 376.49, 3648141, 558, 0, 0
10438, 85, 168, 397, 0, 0, 26.70%, 0, 0, 4, 352.79, 3649968, 558, 0, 0
10443, 85, 236, 397, 0, 0, 26.70%, 0, 0, 4, 412.16, 3651790, 558, 0, 0
10448, 85, 339, 397, 0, 0, 26.70%, 0, 0, 4, 357.07, 3653613, 558, 0, 0
10453, 85, 396, 397, 0, 0, 26.70%, 0, 0, 4, 35.16, 3655267, 558, 0, 0
10458, 85, 47, 397, 0, 0, 26.70%, 0, 0, 4, 272.18, 3657120, 558, 0, 0
10463, 85, 99, 397, 0, 0, 26.70%, 0, 0, 4, 414.29, 3658866, 558, 0, 0
10469, 85, 289, 397, 0, 0, 26.70%, 0, 0, 4, 405.77, 3660582, 558, 0, 0
10474, 85, 372, 397, 0, 0, 26.70%, 0, 0, 4, 422.89, 3662312, 558, 0, 0
10479, 85, 281, 397, 0, 0, 26.70%, 0, 0, 4, 113.69, 3664083, 558, 0, 0
10484, 85, 199, 397, 0, 0, 26.70%, 0, 0, 4, 416.88, 3665881, 558, 0, 0
10489, 86, 396, 397, 0, 0, 26.70%, 0, 0, 4, 391.87, 3667695, 558, 0, 0
10494, 86, 354, 397, 0, 0, 26.70%, 0, 0, 4, 361.53, 3669395, 558, 0, 0
10499, 86, 371, 397, 0, 0, 26.70%, 0, 0, 4, 354.26, 3671174, 558, 0, 0
10504, 86, 396, 397, 0, 0, 26.70%, 0, 0, 4, 293.50, 3672965, 558, 0, 0
10509, 86, 371, 397, 0, 0, 26.70%, 0, 0, 4, 423.32, 3674813, 558, 0, 0
10515, 86, 168, 397, 0, 0, 26.70%, 0, 0, 4, 42.48, 3676502, 558, 0, 0
10520, 86, 279, 397, 0, 0, 26.70%, 0, 0, 4, 394.51, 3678339, 558, 0, 0
10525, 86, 396, 397, 0, 0, 26.70%, 0, 0, 4, 306.14, 3680124, 558, 0, 0
10530, 86, 205, 397, 0, 0, 26.70%, 0, 0, 4, 212.00, 3681797, 558, 0, 0
10535, 86, 279, 397, 0, 0, 26.70%, 0, 0, 4, 384.46, 3683639, 558, 0, 0
10540, 86, 396, 397, 0, 0, 26.70%, 0, 0, 4, 374.84, 3685481, 558, 0, 0
10546, 86, 151, 397, 0, 0, 26.70%, 0, 0, 4, 269.98, 3687095, 558, 0, 0
10551, 86, 199, 397, 0, 0, 26.70%, 0, 0, 4, 258.87, 3688841, 558, 0, 0
10556, 86, 337, 397, 0, 0, 26.70%, 0, 0, 4, 33.47, 3690589, 558, 0, 0
10561, 86, 177, 397, 0, 0, 26.70%, 0, 0, 4, 354.46, 3692267, 558, 0, 0
10566, 86, 215, 397, 0, 0, 26.70%, 0, 0, 4, 213.31, 3694024, 558, 0, 0
10571, 86, 156, 397, 0, 0, 26.70%, 0, 0, 4, 412.94, 3695685, 558, 0, 0
10577, 86, 354, 397, 0, 0, 26.70%, 0, 0, 4, 399.92, 3697553, 558, 0, 0
10582, 86, 337, 397, 0, 0, 26.70%, 0, 0, 4, 359.62, 3699367, 558, 0, 0
10587, 86, 159, 397, 0, 0, 26.70%, 0, 0, 4, 321.45, 3701037, 558, 0, 0
10592, 86, 319, 397, 0, 0, 26.70%, 0, 0, 4, 397.92, 3702865, 558, 0, 0
10597, 86, 159, 397, 0, 0, 26.70%, 0, 0, 4, 340.44, 3704509, 558, 0, 0
10602, 86, 361, 397, 0, 0, 26.70%, 0, 0, 4, 422.57, 3706133, 558, 0, 0
10607, 86, 280, 397, 0, 0, 26.70%, 0, 0, 4, 288.23, 3707870, 558, 0, 0
10612, 86, 91, 397, 0, 0, 26.70%, 0, 0, 4, 382.24, 3709588, 558, 0, 0
10617, 87, 280, 397, 0, 0, 26.70%, 0, 0, 4, 361.78, 3711342, 558, 0, 0
10622, 87, 129, 397, 0, 0, 26.70%, 0, 0, 4, 275.27, 3713155, 558, 0, 0
10628, 87, 184, 397, 0, 0, 26.70%, 0, 0, 4, 414.23, 3714980, 558, 0, 0
10633, 87, 47, 397, 0, 0, 26.70%, 0, 0, 4, 33.20, 3716656, 558, 0, 0
10638, 87, 205, 397, 0, 0, 26.70%, 0, 0, 4, 286.33, 3718385, 558, 0, 0
10643, 87, 322, 397, 0, 0, 26.70%, 0, 0, 4, 330.07, 3720124, 558, 0, 0
10648, 87, 184, 397, 0, 0, 26.70%, 0, 0, 4, 32.71, 3721759, 558, 0, 0
10653, 87, 47, 397, 0, 0, 26.70%, 0, 0, 4, 395.32, 3723496, 558, 0, 0
10658, 87, 280, 397, 0, 0, 26.70%, 0, 0, 4, 265.00, 3725119, 558, 0, 0
10664, 87, 337, 397, 0, 0, 26.70%, 0, 0, 4, 392.13, 3726931, 558, 0, 0
10669, 87, 218, 397, 0, 0, 26.70%, 0, 0, 4, 33.49, 3728659, 558, 0, 0
10674, 87, 319, 397, 0, 0, 26.70%, 0, 0, 4, 406.93, 3730446, 558, 0, 0
10679, 87, 55, 397, 0, 0, 26.70%, 0, 0, 4, 414.44, 3732222, 558, 0, 0
10684, 87, 52, 397, 0, 0, 26.70%, 0, 0, 4, 374.29, 3733813, 558, 0, 0
10689, 87, 367, 397, 0, 0, 26.70%, 0, 0, 4, 300.79, 3735525, 558, 0, 0
10694, 87, 218, 397, 0, 0, 26.70%, 0, 0, 4, 33.15, 3737122, 558, 0, 0
10699, 87, 135, 397, 0, 0, 26.70%, 0, 0, 4, 391.12, 3738934, 558, 0, 0
10705, 87, 195, 397, 0, 0, 26.70%, 0, 0, 4, 380.97, 3740699, 558, 0, 0
10710, 87, 205, 397, 0, 0, 26.70%, 0, 0, 4, 411.02, 3742366, 558, 0, 0
10715, 87, 396, 397, 0, 0, 26.70%, 0, 0, 4, 303.94, 3744100, 558, 0, 0
10720, 87, 104, 397, 0, 0, 26.70%, 0, 0, 4, 206.70, 3745843, 558, 0, 0
10725, 87, 354, 397, 0, 0, 26.70%, 0, 0, 4, 373.72, 3747506, 558, 0, 0
10730, 87, 168, 397, 0, 0, 26.70%, 0, 0, 4, 345.36, 3749274, 558, 0, 0
10735, 87, 55, 397, 0, 0, 26.70%, 0, 0, 4, 418.99, 3751146, 558, 0, 0
10740, 88, 65, 397, 0, 0, 26.70%, 0, 0, 4, 38.91, 3752815, 558, 0, 0
10745, 88, 322, 397, 0, 0, 26.70%, 0, 0, 4, 415.60, 3754598, 558, 0, 0
10751, 88, 50, 397, 0, 0, 26.70%, 0, 0, 4, 359.25, 3756364, 558, 0, 0
10756, 88, 396, 397, 0, 0, 26.70%, 0, 0, 4, 385.48, 3758034, 558, 0, 0
10761, 88, 396, 397, 0, 0, 26.70%, 0, 0, 4, 379.50, 3759813, 558, 0, 0
10766, 88, 337, 397, 0, 0, 26.70%, 0, 0, 4, 380.35, 3761474, 558, 0, 0
10771, 88, 222, 397, 0, 0, 26.70%, 0, 0, 4, 395.98, 3763121, 558, 0, 0
10776, 88, 372, 397, 0, 0, 26.70%, 0, 0, 4, 354.57, 3764821, 558, 0, 0
10781, 88, 395, 397, 0, 0, 26.70%, 0, 0, 4, 276.20, 3766530, 558, 0, 0
10786, 88, 195, 397, 0, 0, 26.70%, 0, 0, 4, 317.18, 3768167, 558, 0, 0
10791, 88, 159, 397, 0, 0, 26.70%, 0, 0, 4, 411.43, 3769949, 558, 0, 0
10797, 88, 186, 397, 0, 0, 26.70%, 0, 0, 4, 384.28, 3771788, 558, 0, 0
10802, 88, 354, 397, 0, 0, 26.70%, 0, 0, 4, 33.02, 3773467, 558, 0, 0
10807, 88, 284, 397, 0, 0, 26.70%, 0, 0, 4, 392.76, 3775281, 558, 0, 0
10812, 88, 195, 397, 0, 0, 26.70%, 0, 0, 4, 400.32, 3777139, 558, 0, 0
10817, 88, 205, 397, 0, 0, 26.70%, 0, 0, 4, 396.35, 3778908, 558, 0, 0
10822, 88, 280, 397, 0, 0, 26.70%, 0, 0, 4, 372.43, 3780649, 558, 0, 0
10827, 88, 114, 397, 0, 0, 26.70%, 0, 0, 4, 379.39, 3782442, 558, 0, 0
10832, 88, 371, 397, 0, 0, 26.70%, 0, 0, 4, 392.92, 3784291, 558, 0, 0
10837, 88, 259, 397, 0, 0, 26.70%, 0, 0, 4, 306.51, 3786024, 558, 0, 0
10842, 88, 53, 397, 0, 0, 26.70%, 0, 0, 4, 78.43, 3787750, 558, 0, 0
10847, 88, 84, 397, 0, 0, 26.70%, 0, 0, 4, 348.21, 3789536, 558, 0, 0
10852, 88, 279, 397, 0, 0, 26.70%, 0, 0, 4, 292.42, 3791375, 558, 0, 0
10858, 88, 354, 397, 0, 0, 26.70%, 0, 0, 4, 398.90, 3793121, 558, 0, 0
10863, 88, 202, 397, 0, 0, 26.70%, 0, 0, 4, 335.64, 3794690, 558, 0, 0
10868, 89, 337, 397, 0, 0, 26.70%, 0, 0, 4, 417.86, 3796508, 558, 0, 0
10873, 89, 205, 397, 0, 0, 26.70%, 0, 0, 4, 399.58, 3798328, 558, 0, 0
10878, 89, 159, 397, 0, 0, 26.70%, 0, 0, 4, 380.11, 3800114, 558, 0, 0
10883, 89, 159, 397, 0, 0, 26.70%, 0, 0, 4, 385.30, 3801798, 558, 0, 0
10888, 89, 396, 397, 0, 0, 26.70%, 0, 0, 4, 320.07, 3803558, 558, 0, 0
10893, 89, 184, 397, 0, 0, 26.70%, 0, 0, 4, 404.42, 3805340, 558, 0, 0
10898, 89, 327, 397, 0, 0, 26.70%, 0, 0, 4, 378.55, 3807038, 558, 0, 0
10903, 89, 47, 397, 0, 0, 26.70%, 0, 0, 4, 419.63, 3808823, 558, 0, 0
10908, 89, 30, 397, 0, 0, 26.70%, 0, 0, 4, 415.54, 3810647, 558, 0, 0
10913, 89, 205, 397, 0, 0, 26.70%, 0, 0, 4, 66.04, 3812203, 558, 0, 0
10919, 89, 63, 397, 0, 0, 26.70%, 0, 0, 4, 397.23, 3814031, 558, 0, 0
10924, 89, 284, 397, 0, 0, 26.70%, 0, 0, 4, 397.86, 3815852, 558, 0, 0
10929, 89, 319, 397, 0, 0, 26.70%, 0, 0, 4, 378.80, 3817538, 558, 0, 0
10934, 89, 177, 397, 0, 0, 26.70%, 0, 0, 4, 125.37, 3819219, 558, 0, 0
10939, 89, 196, 397, 0, 0, 26.70%, 0, 0, 4, 356.40, 3821031, 558, 0, 0
10944, 89, 247, 397, 0, 0, 26.70%, 0, 0, 4, 415.84, 3822757, 558, 0, 0
10949, 89, 177, 397, 0, 0, 26.70%, 0, 0, 4, 382.25, 3824603, 558, 0, 0
10955, 89, 354, 397, 0, 0, 26.70%, 0, 0, 4, 384.93, 3826389, 558, 0, 0
10960, 89, 136, 397, 0, 0, 26.70%, 0, 0, 4, 419.82, 3828031, 558, 0, 0
10965, 89, 361, 397, 0, 0, 26.70%, 0, 0, 4, 418.57, 3829890, 558, 0, 0
10970, 89, 127, 397, 0, 0, 26.70%, 0, 0, 4, 383.45, 3831692, 558, 0, 0
10975, 89, 143, 397, 0, 0, 26.70%, 0, 0, 4, 41.32, 3833356, 558, 0, 0
10980, 89, 47, 397, 0, 0, 26.70%, 0, 0, 4, 411.14, 3835166, 558, 0, 0
10986, 89, 205, 397, 0, 0, 26.70%, 0, 0, 4, 392.89, 3836992, 558, 0, 0
10991, 90, 359, 397, 0, 0, 26.70%, 0, 0, 4, 302.55, 3838649, 558, 0, 0
10996, 90, 354, 397, 0, 0, 26.70%, 0, 0, 4, 353.09, 3840492, 558, 0, 0
11001, 90, 55, 397, 0, 0, 26.70%, 0, 0, 4, 362.14, 3842292, 558, 0, 0
11006, 90, 319, 397, 0, 0, 26.70%, 0, 0, 4, 387.88, 3844013, 558, 0, 0
11011, 90, 195, 397, 0, 0, 26.70%, 0, 0, 4, 369.62, 3845764, 558, 0, 0
11016, 90, 47, 397, 0, 0, 26.70%, 0, 0, 4, 372.38, 3847527, 558, 0, 0
11022, 90, 168, 397, 0, 0, 26.70%, 0, 0, 4, 395.00, 3849325, 558, 0, 0
11027, 90, 396, 397, 0, 0, 26.70%, 0, 0, 4, 300.16, 3851115, 558, 0, 0
11032, 90, 55, 397, 0, 0, 26.70%, 0, 0, 4, 391.48, 3852841, 558, 0, 0
11037, 90, 371, 397, 0, 0, 26.70%, 0, 0, 4, 274.59, 3854510, 558, 0, 0
11042, 90, 52, 397, 0, 0, 26.70%, 0, 0, 4, 423.72, 3856258, 558, 0, 0
11047, 90, 354, 397, 0, 0, 26.70%, 0, 0, 4, 393.97, 3858106, 558, 0, 0
11052, 90, 371, 397, 0, 0, 26.70%, 0, 0, 4, 361.77, 3859857, 558, 0, 0
11057, 90, 19, 397, 0, 0, 26.70%, 0, 0, 4, 419.97, 3861598, 558, 0, 0
11062, 90, 55, 397, 0, 0, 26.70%, 0, 0, 4, 419.33, 3863398, 558, 0, 0
11068, 90, 78, 397, 0, 0, 26.70%, 0, 0, 4, 415.60, 3865213, 558, 0, 0
11073, 90, 238, 397, 0, 0, 26.70%, 0, 0, 4, 73.93, 3866884, 558, 0, 0
11078, 90, 168, 397, 0, 0, 26.70%, 0, 0, 4, 32.26, 3868602, 558, 0, 0
11083, 90, 168, 397, 0, 0, 26.70%, 0, 0, 4, 281.85, 3870355, 558, 0, 0
11088, 90, 159, 397, 0, 0, 26.70%, 0, 0, 4, 412.77, 3872141, 558, 0, 0
11093, 90, 337, 397, 0, 0, 26.70%, 0, 0, 4, 339.93, 3873709, 558, 0, 0
11098, 90, 5, 397, 0, 0, 26.70%, 0, 0, 4, 133.51, 3875357, 558, 0, 0
11103, 90, 92, 397, 0, 0, 26.70%, 0, 0, 4, 419.80, 3877165, 558, 0, 0
11108, 91, 195, 397, 0, 0, 26.70%, 0, 0, 4, 65.62, 3878867, 558, 0, 0
11113, 91, 337, 397, 0, 0, 26.70%, 0, 0, 4, 358.43, 3880639, 558, 0, 0
11118, 91, 184, 397, 0, 0, 26.70%, 0, 0, 4, 370.40, 3882409, 558, 0, 0
11124, 91, 143, 397, 0, 0, 26.70%, 0, 0, 4, 414.38, 3884233, 558, 0, 0
11129, 91, 273, 397, 0, 0, 26.70%, 0, 0, 4, 374.38, 3885839, 558, 0, 0
11134, 91, 354, 397, 0, 0, 26.70%, 0, 0, 4, 407.97, 3887624, 558, 0, 0
11139, 91, 184, 397, 0, 0, 26.70%, 0, 0, 4, 347.62, 3889215, 558, 0, 0
11144, 91, 371, 397, 0, 0, 26.70%, 0, 0, 4, 280.00, 3890988, 558, 0, 0
11149, 91, 396, 397, 0, 0, 26.70%, 0, 0, 4, 367.20, 3892763, 558, 0, 0
11154, 91, 353, 397, 0, 0, 26.70%, 0, 0, 4, 276.52, 3894410, 558, 0, 0
11159, 91, 354, 397, 0, 0, 26.70%, 0, 0, 4, 382.44, 3896121, 558, 0, 0
11165, 91, 261, 397, 0, 0, 26.70%, 0, 0, 4, 382.17, 3897798, 558, 0, 0
11170, 91, 101, 397, 0, 0, 26.70%, 0, 0, 4, 50.00, 3899435, 558, 0, 0
11175, 91, 354, 397, 0, 0, 26.70%, 0, 0, 4, 381.91, 3901259, 558, 0, 0
11180, 91, 202, 397, 0, 0, 26.70%, 0, 0, 4, 334.11, 3903071, 558, 0, 0
11185, 91, 168, 397, 0, 0, 26.70%, 0, 0, 4, 280.00, 3904695, 558, 0, 0
11190, 91, 185, 397, 0, 0, 26.70%, 0, 0, 4, 402.09, 3906515, 558, 0, 0
11195, 91, 320, 397, 0, 0, 26.70%, 0, 0, 4, 316.73, 3908349, 558, 0, 0
11200, 91, 319, 397, 0, 0, 26.70%, 0, 0, 4, 310.55, 3910046, 558, 0, 0
11205, 91, 168, 397, 0, 0, 26.70%, 0, 0, 4, 33.90, 3911774, 558, 0, 0
11211, 91, 52, 397, 0, 0, 26.70%, 0, 0, 4, 296.91, 3913620, 558, 0, 0
11216, 91, 202, 397, 0, 0, 26.70%, 0, 0, 4, 402.60, 3915466, 558, 0, 0
11221, 91, 371, 397, 0, 0, 26.70%, 0, 0, 4, 32.56, 3917171, 558, 0, 0
11226, 91, 299, 397, 0, 0, 26.70%, 0, 0, 4, 415.26, 3918958, 558, 0, 0
11231, 91, 372, 397, 0, 0, 26.70%, 0, 0, 4, 413.23, 3920782, 558, 0, 0
11236, 92, 279, 397, 0, 0, 26.70%, 0, 0, 4, 408.64, 3922566, 558, 0, 0
11241, 92, 361, 397, 0, 0, 26.70%, 0, 0, 4, 395.88, 3924258, 558, 0, 0
11246, 92, 168, 397, 0, 0, 26.70%, 0, 0, 4, 389.93, 3926099, 558, 0, 0
11251, 92, 371, 397, 0, 0, 26.70%, 0, 0, 4, 417.64, 3927846, 558, 0, 0
11257, 92, 168, 397, 0, 0, 26.70%, 0, 0, 4, 415.00, 3929488, 558, 0, 0
11262, 92, 205, 397, 0, 0, 26.70%, 0, 0, 4, 247.78, 3931254, 558, 0, 0
11267, 92, 184, 397, 0, 0, 26.70%, 0, 0, 4, 344.51, 3933086, 558, 0, 0
11272, 92, 337, 397, 0, 0, 26.70%, 0, 0, 4, 71.36, 3934697, 558, 0, 0
11277, 92, 280, 397, 0, 0, 26.70%, 0, 0, 4, 428.79, 3936506, 558, 0, 0
11282, 92, 361, 397, 0, 0, 26.70%, 0, 0, 4, 411.62, 3938298, 558, 0, 0
11287, 92, 168, 397, 0, 0, 26.70%, 0, 0, 4, 408.60, 3940066, 558, 0, 0
11292, 92, 376, 397, 0, 0, 26.70%, 0, 0, 4, 40.40, 3941830, 558, 0, 0
11297, 92, 396, 397, 0, 0, 26.70%, 0, 0, 4, 329.15, 3943583, 558, 0, 0
11302, 92, 12, 397, 0, 0, 26.70%, 0, 0, 4, 397.36, 3945398, 558, 0, 0
11307, 92, 143, 397, 0, 0, 26.70%, 0, 0, 4, 56.07, 3947084, 558, 0, 0
11313, 92, 47, 397, 0, 0, 26.70%, 0, 0, 4, 145.75, 3948910, 558, 0, 0
11318, 92, 168, 397, 0, 0, 26.70%, 0, 0, 4, 329.82, 3950696, 558, 0, 0
11323, 92, 184, 397, 0, 0, 26.70%, 0, 0, 4, 405.03, 3952496, 558, 0, 0
11328, 92, 344, 397, 0, 0, 26.70%, 0, 0, 4, 393.34, 3954228, 558, 0, 0
11333, 92, 47, 397, 0, 0, 26.70%, 0, 0, 4, 395.93, 3955963, 558, 0, 0
11338, 92, 354, 397, 0, 0, 26.70%, 0, 0, 4, 398.66, 3957756, 558, 0, 0
11343, 92, 361, 397, 0, 0, 26.70%, 0, 0, 4, 287.34, 3959499, 558, 0, 0
11348, 92, 55, 397, 0, 0, 26.70%, 0, 0, 4, 408.61, 3961264, 558, 0, 0
11353, 93, 125, 397, 0, 0, 26.70%, 0, 0, 4, 411.48, 3963056, 558, 0, 0
11359, 93, 131, 397, 0, 0, 26.70%, 0, 0, 4, 60.76, 3964740, 558, 0, 0
11364, 93, 5, 397, 0, 0, 26.70%, 0, 0, 4, 356.44, 3966570, 558, 0, 0
11369, 93, 372, 397, 0, 0, 26.70%, 0, 0, 4, 278.29, 3968375, 558, 0, 0
11374, 93, 177, 397, 0, 0, 26.70%, 0, 0, 4, 387.47, 3970189, 558, 0, 0
11379, 93, 177, 397, 0, 0, 26.70%, 0, 0, 4, 175.00, 3971759, 558, 0, 0
11384, 93, 377, 397, 0, 0, 26.70%, 0, 0, 4, 422.01, 3973531, 558, 0, 0
11389, 93, 337, 397, 0, 0, 26.70%, 0, 0, 4, 354.37, 3975310, 558, 0, 0
11394, 93, 159, 397, 0, 0, 26.70%, 0, 0, 4, 393.35, 3977066, 558, 0, 0
11399, 93, 377, 397, 0, 0, 26.70%, 0, 0, 4, 419.62, 3978814, 558, 0, 0
11404, 93, 166, 397, 0, 0, 26.70%, 0, 0, 4, 413.70, 3980597, 558, 0, 0
11409, 93, 354, 397, 0, 0, 26.70%, 0, 0, 4, 394.19, 3982409, 558, 0, 0
11415, 93, 279, 397, 0, 0, 26.70%, 0, 0, 4, 353.23, 3984066, 558, 0, 0
11420, 93, 245, 397, 0, 0, 26.70%, 0, 0, 4, 368.42, 3985860, 558, 0, 0
11425, 93, 272, 397, 0, 0, 26.70%, 0, 0, 4, 285.99, 3987710, 558, 0, 0
11430, 93, 205, 397, 0, 0, 26.70%, 0, 0, 4, 268.66, 3989343, 558, 0, 0
11435, 93, 229, 397, 0, 0, 26.70%, 0, 0, 4, 346.00, 3991173, 558, 0, 0
11440, 93, 173, 397, 0, 0, 26.70%, 0, 0, 4, 362.14, 3992960, 558, 0, 0
11445, 93, 52, 397, 0, 0, 26.70%, 0, 0, 4, 419.46, 3994773, 558, 0, 0
11450, 93, 279, 397, 0, 0, 26.70%, 0, 0, 4, 415.84, 3996393, 558, 0, 0
11455, 93, 212, 397, 0, 0, 26.70%, 0, 0, 4, 394.89, 3998167, 558, 0, 0
11460, 93, 55, 397, 0, 0, 26.70%, 0, 0, 4, 55.56, 3999860, 558, 0, 0
11465, 93, 47, 397, 0, 0, 26.70%, 0, 0, 4, 390.48, 4001595, 558, 0, 0
11470, 94, 337, 397, 0, 0, 26.70%, 0, 0, 4, 38.96, 4003233, 558, 0, 0
11475, 94, 396, 397, 0, 0, 26.70%, 0, 0, 4, 292.22, 4005040, 558, 0, 0
11480, 94, 55, 397, 0, 0, 26.70%, 0, 0, 4, 374.94, 4006542, 558, 0, 0
11486, 94, 371, 397, 0, 0, 26.70%, 0, 0, 4, 360.74, 4008307, 558, 0, 0
11491, 94, 275, 397, 0, 0, 26.70%, 0, 0, 4, 355.52, 4009970, 558, 0, 0
11496, 94, 396, 397, 0, 0, 26.70%, 0, 0, 4, 252.08, 4011765, 558, 0, 0
11501, 94, 184, 397, 0, 0, 26.70%, 0, 0, 4, 235.27, 4013440, 558, 0, 0
11506, 94, 52, 397, 0, 0, 26.70%, 0, 0, 4, 413.80, 4015215, 558, 0, 0
11511, 94, 234, 397, 0, 0, 26.70%, 0, 0, 4, 106.37, 4016765, 558, 0, 0
11516, 94, 396, 397, 0, 0, 26.70%, 0, 0, 4, 404.75, 4018471, 558, 0, 0
11521, 94, 123, 397, 0, 0, 26.70%, 0, 0, 4, 388.80, 4020139, 558, 0, 0
11526, 94, 212, 397, 0, 0, 26.70%, 0, 0, 4, 424.24, 4021939, 558, 0, 0
11531, 94, 168, 397, 0, 0, 26.70%, 0, 0, 4, 213.18, 4023750, 558, 0, 0
11537, 94, 168, 397, 0, 0, 26.70%, 0, 0, 4, 385.82, 4025403, 558, 0, 0
11542, 94, 342, 397, 0, 0, 26.70%, 0, 0, 4, 420.33, 4027163, 558, 0, 0
11547, 94, 72, 397, 0, 0, 26.70%, 0, 0, 4, 412.74, 4028971, 558, 0, 0
11552, 94, 195, 397, 0, 0, 26.70%, 0, 0, 4, 372.81, 4030759, 558, 0, 0
11557, 94, 80, 397, 0, 0, 26.70%, 0, 0, 4, 313.47, 4032317, 558, 0, 0
11562, 94, 279, 397, 0, 0, 26.70%, 0, 0, 4, 242.89, 4034079, 558, 0, 0
11567, 94, 322, 397, 0, 0, 26.70%, 0, 0, 4, 418.00, 4035915, 558, 0, 0
11572, 94, 354, 397, 0, 0, 26.70%, 0, 0, 4, 422.50, 4037498, 558, 0, 0
11577, 94, 279, 397, 0, 0, 26.70%, 0, 0, 4, 364.58, 4039341, 558, 0, 0
11582, 94, 396, 397, 0, 0, 26.70%, 0, 0, 4, 378.16, 4041056, 558, 0, 0
11588, 94, 372, 397, 0, 0, 26.70%, 0, 0, 4, 342.20, 4042749, 558, 0, 0
11593, 94, 245, 397, 0, 0, 26.70%, 0, 0, 4, 418.74, 4044389, 558, 0, 0
11598, 95, 89, 397, 0, 0, 26.70%, 0, 0, 4, 56.45, 4046074, 558, 0, 0
11603, 95, 195, 397, 0, 0, 26.70%, 0, 0, 4, 310.19, 4047724, 558, 0, 0
11608, 95, 265, 397, 0, 0, 26.70%, 0, 0, 4, 307.83, 4049578, 558, 0, 0
11613, 95, 322, 397, 0, 0, 26.70%, 0, 0, 4, 414.29, 4051432, 558, 0, 0
11618, 95, 396, 397, 0, 0, 26.70%, 0, 0, 4, 277.47, 4052925, 558, 0, 0
11623, 95, 374, 397, 0, 0, 26.70%, 0, 0, 4, 339.68, 4054706, 558, 0, 0
11628, 95, 396, 397, 0, 0, 26.70%, 0, 0, 4, 286.79, 4056535, 558, 0, 0
11634, 95, 190, 397, 0, 0, 26.70%, 0, 0, 4, 420.00, 4058208, 558, 0, 0
11639, 95, 47, 397, 0, 0, 26.70%, 0, 0, 4, 290.01, 4060000, 558, 0, 0
11644, 95, 371, 397, 0, 0, 26.70%, 0, 0, 4, 412.02, 4061791, 558, 0, 0
11649, 95, 322, 397, 0, 0, 26.70%, 0, 0, 4, 353.02, 4063482, 558, 0, 0
11654, 95, 319, 397, 0, 0, 26.70%, 0, 0, 4, 411.56, 4065131, 558, 0, 0
11659, 95, 202, 397, 0, 0, 26.70%, 0, 0, 4, 348.50, 4066696, 558, 0, 0
11664, 95, 202, 397, 0, 0, 26.70%, 0, 0, 4, 391.35, 4068510, 558, 0, 0
11669, 95, 164, 397, 0, 0, 26.70%, 0, 0, 4, 238.81, 4070165, 558, 0, 0
11675, 95, 245, 397, 0, 0, 26.70%, 0, 0, 4, 304.29, 4071970, 558, 0, 0
11680, 95, 59, 397, 0, 0, 26.70%, 0, 0, 4, 405.00, 4073547, 558, 0, 0
11685, 95, 55, 397, 0, 0, 26.70%, 0, 0, 4, 386.12, 4075324, 558, 0, 0
11690, 95, 205, 397, 0, 0, 26.70%, 0, 0, 4, 43.01, 4076999, 558, 0, 0
11695, 95, 159, 397, 0, 0, 26.70%, 0, 0, 4, 419.42, 4078799, 558, 0, 0
11700, 95, 201, 397, 0, 0, 26.70%, 0, 0, 4, 362.15, 4080624, 558, 0, 0
11705, 95, 322, 397, 0, 0, 26.70%, 0, 0, 4, 299.19, 4082174, 558, 0, 0
11710, 95, 245, 397, 0, 0, 26.70%, 0, 0, 4, 413.71, 4083947, 558, 0, 0
11715, 95, 366, 397, 0, 0, 26.70%, 0, 0, 4, 417.68, 4085674, 558, 0, 0
11720, 95, 396, 397, 0, 0, 26.70%, 0, 0, 4, 38.89, 4087281, 558, 0, 0
11725, 96, 322, 397, 0, 0, 26.70%, 0, 0, 4, 340.82, 4089097, 558, 0, 0
11731, 96, 387, 397, 0, 0, 26.70%, 0, 0, 4, 66.04, 4090767, 558, 0, 0
11736, 96, 376, 397, 0, 0, 26.70%, 0, 0, 4, 402.87, 4092605, 558, 0, 0
11741, 96, 280, 397, 0, 0, 26.70%, 0, 0, 4, 370.83, 4094402, 558, 0, 0
11746, 96, 320, 397, 0, 0, 26.70%, 0, 0, 4, 425.00, 4096040, 558, 0, 0
11751, 96, 280, 397, 0, 0, 26.70%, 0, 0, 4, 273.82, 4097905, 558, 0, 0
11756, 96, 177, 397, 0, 0, 26.70%, 0, 0, 4, 350.07, 4099711, 558, 0, 0
11761, 96, 234, 397, 0, 0, 26.70%, 0, 0, 4, 32.79, 4101407, 558, 0, 0
11766, 96, 195, 397, 0, 0, 26.70%, 0, 0, 4, 163.93, 4103239, 558, 0, 0
11772, 96, 319, 397, 0, 0, 26.70%, 0, 0, 4, 370.87, 4105059, 558, 0, 0
11777, 96, 47, 397, 0, 0, 26.70%, 0, 0, 4, 41.67, 4106698, 558, 0, 0
11782, 96, 47, 397, 0, 0, 26.70%, 0, 0, 4, 419.87, 4108530, 558, 0, 0
11787, 96, 37, 397, 0, 0, 26.70%, 0, 0, 4, 248.70, 4110346, 558, 0, 0
11792, 96, 245, 397, 0, 0, 26.70%, 0, 0, 4, 392.59, 4112099, 558, 0, 0
11797, 96, 59, 397, 0, 0, 26.70%, 0, 0, 4, 343.13, 4113746, 558, 0, 0
11802, 96, 168, 397, 0, 0, 26.70%, 0, 0, 4, 300.51, 4115450, 558, 0, 0
11807, 96, 371, 397, 0, 0, 26.70%, 0, 0, 4, 337.43, 4117148, 558, 0, 0
11812, 96, 202, 397, 0, 0, 26.70%, 0, 0, 4, 415.13, 4118822, 558, 0, 0
11817, 96, 77, 397, 0, 0, 26.70%, 0, 0, 4, 345.17, 4120686, 558, 0, 0
11823, 96, 195, 397, 0, 0, 26.70%, 0, 0, 4, 283.82, 4122305, 558, 0, 0
11828, 96, 384, 397, 0, 0, 26.70%, 0, 0, 4, 415.40, 4124150, 558, 0, 0
11833, 96, 143, 397, 0, 0, 26.70%, 0, 0, 4, 297.53, 4125960, 558, 0, 0
11838, 96, 39, 397, 0, 0, 26.70%, 0, 0, 4, 296.74, 4127615, 558, 0, 0
11843, 97, 36, 397, 0, 0, 26.70%, 0, 0, 4, 394.61, 4129457, 558, 0, 0
11848, 97, 396, 397, 0, 0, 26.70%, 0, 0, 4, 390.00, 4131222, 558, 0, 0
11853, 97, 52, 397, 0, 0, 26.70%, 0, 0, 4, 392.13, 4132892, 558, 0, 0
11858, 97, 159, 397, 0, 0, 26.70%, 0, 0, 4, 381.70, 4134716, 558, 0, 0
11863, 97, 396, 397, 0, 0, 26.70%, 0, 0, 4, 317.79, 4136419, 558, 0, 0
11869, 97, 336, 397, 0, 0, 26.70%, 0, 0, 4, 412.94, 4138132, 558, 0, 0
11874, 97, 213, 397, 0, 0, 26.70%, 0, 0, 4, 391.00, 4139909, 558, 0, 0
11879, 97, 105, 397, 0, 0, 26.70%, 0, 0, 4, 414.32, 4141713, 558, 0, 0
11884, 97, 168, 397, 0, 0, 26.70%, 0, 0, 4, 71.61, 4143409, 558, 0, 0
11889, 97, 322, 397, 0, 0, 26.70%, 0, 0, 4, 427.00, 4145221, 558, 0, 0
11894, 97, 188, 397, 0, 0, 26.70%, 0, 0, 4, 310.44, 4147003, 558, 0, 0
11899, 97, 374, 397, 0, 0, 26.70%, 0, 0, 4, 51.61, 4148697, 558, 0, 0
11904, 97, 372, 397, 0, 0, 26.70%, 0, 0, 4, 231.62, 4150444, 558, 0, 0
11909, 97, 38, 397, 0, 0, 26.70%, 0, 0, 4, 422.18, 4152188, 558, 0, 0
11915, 97, 319, 397, 0, 0, 26.70%, 0, 0, 4, 380.39, 4153991, 558, 0, 0
11920, 97, 260, 397, 0, 0, 26.70%, 0, 0, 4, 212.61, 4155760, 558, 0, 0
11925, 97, 217, 397, 0, 0, 26.70%, 0, 0, 4, 419.52, 4157524, 558, 0, 0
11930, 97, 177, 397, 0, 0, 26.70%, 0, 0, 4, 415.07, 4159316, 558, 0, 0
11935, 97, 361, 397, 0, 0, 26.70%, 0, 0, 4, 370.15, 4160963, 558, 0, 0
11940, 97, 279, 397, 0, 0, 26.70%, 0, 0, 4, 413.32, 4162764, 558, 0, 0
11945, 97, 55, 397, 0, 0, 26.70%, 0, 0, 4, 375.82, 4164556, 558, 0, 0
11950, 97, 396, 397, 0, 0, 26.70%, 0, 0, 4, 367.49, 4166238, 558, 0, 0
11955, 97, 377, 397, 0, 0, 26.70%, 0, 0, 4, 411.72, 4167932, 558, 0, 0
11960, 97, 279, 397, 0, 0, 26.70%, 0, 0, 4, 289.05, 4169680, 558, 0, 0
11966, 98, 195, 397, 0, 0, 26.70%, 0, 0, 4, 62.95, 4171326, 558, 0, 0
11971, 98, 371, 397, 0, 0, 26.70%, 0, 0, 4, 389.21, 4173170, 558, 0, 0
11976, 98, 52, 397, 0, 0, 26.70%, 0, 0, 4, 371.73, 4174999, 558, 0, 0
11981, 98, 80, 397, 0, 0, 26.70%, 0, 0, 4, 218.10, 4176640, 558, 0, 0
11986, 98, 205, 397, 0, 0, 26.70%, 0, 0, 4, 389.67, 4178442, 558, 0, 0
11991, 98, 280, 397, 0, 0, 26.70%, 0, 0, 4, 369.34, 4180149, 558, 0, 0
11996, 98, 177, 397, 0, 0, 26.70%, 0, 0, 4, 411.55, 4181948, 558, 0, 0
12002, 98, 12, 397, 0, 0, 26.70%, 0, 0, 4, 415.00, 4183598, 558, 0, 0
12007, 98, 396, 397, 0, 0, 26.70%, 0, 0, 4, 389.93, 4185491, 558, 0, 0
12012, 98, 55, 397, 0, 0, 26.70%, 0, 0, 4, 397.49, 4187177, 558, 0, 0
12017, 98, 55, 397, 0, 0, 26.70%, 0, 0, 4, 278.11, 4188920, 558, 0, 0
12022, 98, 273, 397, 0, 0, 26.70%, 0, 0, 4, 380.00, 4190553, 558, 0, 0
12027, 98, 396, 397, 0, 0, 26.70%, 0, 0, 4, 349.73, 4192235, 558, 0, 0
12032, 98, 322, 397, 0, 0, 26.70%, 0, 0, 4, 281.27, 4194015, 558, 0, 0
12037, 98, 199, 397, 0, 0, 26.70%, 0, 0, 4, 391.64, 4195524, 558, 0, 0
12042, 98, 396, 397, 0, 0, 26.70%, 0, 0, 4, 411.04, 4197187, 558, 0, 0
12048, 98, 319, 397, 0, 0, 26.70%, 0, 0, 4, 381.19, 4198828, 558, 0, 0
12053, 98, 248, 397, 0, 0, 26.70%, 0, 0, 4, 360.99, 4200559, 558, 0, 0
12058, 98, 245, 397, 0, 0, 26.70%, 0, 0, 4, 328.47, 4202193, 558, 0, 0
12063, 98, 114, 397, 0, 0, 26.70%, 0, 0, 4, 353.82, 4204110, 558, 0, 0
12068, 98, 55, 397, 0, 0, 26.70%, 0, 0, 4, 326.83, 4205787, 558, 0, 0
12073, 98, 202, 397, 0, 0, 26.70%, 0, 0, 4, 56.47, 4207523, 558, 0, 0
12078, 98, 247, 397, 0, 0, 26.70%, 0, 0, 4, 389.10, 4209166, 558, 0, 0
12084, 98, 396, 397, 0, 0, 26.70%, 0, 0, 4, 368.19, 4211062, 558, 0, 0
12089, 98, 205, 397, 0, 0, 26.70%, 0, 0, 4, 365.95, 4212838, 558, 0, 0
12094, 99, 46, 397, 0, 0, 26.70%, 0, 0, 4, 353.92, 4214510, 558, 0, 0
12099, 99, 280, 397, 0, 0, 26.70%, 0, 0, 4, 378.08, 4216359, 558, 0, 0
12104, 99, 337, 397, 0, 0, 26.70%, 0, 0, 4, 398.84, 4218083, 558, 0, 0
12109, 99, 143, 397, 0, 0, 26.70%, 0, 0, 4, 370.56, 4219838, 558, 0, 0
12114, 99, 232, 397, 0, 0, 26.70%, 0, 0, 4, 407.25, 4221655, 558, 0, 0
12119, 99, 383, 397, 0, 0, 26.70%, 0, 0, 4, 253.91, 4223315, 558, 0, 0
12124, 99, 319, 397, 0, 0, 26.70%, 0, 0, 4, 417.42, 4224858, 558, 0, 0
12129, 99, 396, 397, 0, 0, 26.70%, 0, 0, 4, 269.68, 4226660, 558, 0, 0
12135, 99, 29, 397, 0, 0, 26.70%, 0, 0, 4, 387.65, 4228248, 558, 0, 0
12140, 99, 366, 397, 0, 0, 26.70%, 0, 0, 4, 388.65, 4230064, 558, 0, 0
12145, 99, 280, 397, 0, 0, 26.70%, 0, 0, 4, 370.28, 4231734, 558, 0, 0
12150, 99, 159, 397, 0, 0, 26.70%, 0, 0, 4, 36.63, 4233556, 558, 0, 0
12155, 99, 337, 397, 0, 0, 26.70%, 0, 0, 4, 417.49, 4235446, 558, 0, 0
12160, 99, 159, 397, 0, 0, 26.70%, 0, 0, 4, 415.79, 4237230, 558, 0, 0
12165, 99, 168, 397, 0, 0, 26.70%, 0, 0, 4, 230.00, 4238935, 558, 0, 0
12170, 99, 290, 397, 0, 0, 26.70%, 0, 0, 4, 147.04, 4240641, 558, 0, 0
12175, 99, 245, 397, 0, 0, 26.70%, 0, 0, 4, 349.94, 4242346, 558, 0, 0
12180, 99, 190, 397, 0, 0, 26.70%, 0, 0, 4, 358.19, 4244053, 558, 0, 0
12186, 99, 396, 397, 0, 0, 26.70%, 0, 0, 4, 364.12, 4245831, 558, 0, 0
12191, 99, 371, 397, 0, 0, 26.70%, 0, 0, 4, 81.84, 4247488, 558, 0, 0
12196, 99, 47, 397, 0, 0, 26.70%, 0, 0, 4, 420.00, 4249269, 558, 0, 0
12201, 99, 367, 397, 0, 0, 26.70%, 0, 0, 4, 387.75, 4251063, 558, 0, 0
12206, 99, 84, 397, 0, 0, 26.70%, 0, 0, 4, 407.32, 4252888, 558, 0, 0
12211, 99, 55, 397, 0, 0, 26.70%, 0, 0, 4, 425.00, 4254531, 558, 0, 0
12216, 100, 47, 397, 0, 0, 26.70%, 0, 0, 4, 419.83, 4256232, 558, 0, 0
12221, 100, 372, 397, 0, 0, 26.70%, 0, 0, 4, 412.26, 4258058, 558, 0, 0
12226, 100, 241, 397, 0, 0, 26.70%, 0, 0, 4, 414.67, 4259730, 558, 0, 0
12231, 100, 213, 397, 0, 0, 26.70%, 0, 0, 4, 413.05, 4261574, 558, 0, 0
12236, 100, 96, 397, 0, 0, 26.70%, 0, 0, 4, 273.05, 4263215, 558, 0, 0
12242, 100, 396, 397, 0, 0, 26.70%, 0, 0, 4, 305.46, 4264955, 558, 0, 0
12247, 100, 245, 397, 0, 0, 26.70%, 0, 0, 4, 356.20, 4266592, 558, 0, 0
12252, 100, 322, 397, 0, 0, 26.70%, 0, 0, 4, 404.51, 4268430, 558, 0, 0
12257, 100, 52, 397, 0, 0, 26.70%, 0, 0, 4, 420.69, 4270106, 558, 0, 0
12262, 100, 322, 397, 0, 0, 26.70%, 0, 0, 4, 361.21, 4271848, 558, 0, 0
12267, 100, 342, 397, 0, 0, 26.70%, 0, 0, 4, 386.74, 4273606, 558, 0, 0
12272, 100, 177, 397, 0, 0, 26.70%, 0, 0, 4, 348.02, 4275378, 558, 0, 0
12277, 100, 159, 397, 0, 0, 26.70%, 0, 0, 4, 356.01, 4277041, 558, 0, 0
12283, 100, 396, 397, 0, 0, 26.70%, 0, 0, 4, 398.03, 4278844, 558, 0, 0
12288, 100, 354, 397, 0, 0, 26.70%, 0, 0, 4, 425.00, 4280531, 558, 0, 0
12293, 100, 322, 397, 0, 0, 26.70%, 0, 0, 4, 375.24, 4282371, 558, 0, 0
12298, 100, 159, 397, 0, 0, 26.70%, 0, 0, 4, 410.39, 4284206, 558, 0, 0
12303, 100, 184, 397, 0, 0, 26.70%, 0, 0, 4, 119.24, 4285822, 558, 0, 0
12308, 100, 337, 397, 0, 0, 26.70%, 0, 0, 4, 411.40, 4287649, 558, 0, 0
12313, 100, 212, 397, 0, 0, 26.70%, 0, 0, 4, 367.80, 4289423, 558, 0, 0
12319, 100, 371, 397, 0, 0, 26.70%, 0, 0, 4, 307.85, 4291149, 558, 0, 0
12324, 100, 372, 397, 0, 0, 26.70%, 0, 0, 4, 269.32, 4292860, 558, 0, 0
12329, 100, 173, 397, 0, 0, 26.70%, 0, 0, 4, 341.33, 4294596, 558, 0, 0
12334, 100, 55, 397, 0, 0, 26.70%, 0, 0, 4, 338.74, 4296290, 558, 0, 0
12339, 101, 192, 397, 0, 0, 26.70%, 0, 0, 4, 388.47, 4298096, 558, 0, 0
12344, 101, 55, 397, 0, 0, 26.70%, 0, 0, 4, 392.80, 4299884, 558, 0, 0
12349, 101, 190, 397, 0, 0, 26.70%, 0, 0, 4, 235.00, 4301535, 558, 0, 0
12355, 101, 195, 397, 0, 0, 26.70%, 0, 0, 4, 397.50, 4303349, 558, 0, 0
12360, 101, 180, 397, 0, 0, 26.70%, 0, 0, 4, 420.77, 4305031, 558, 0, 0
12365, 101, 361, 397, 0, 0, 26.70%, 0, 0, 4, 64.81, 4306803, 558, 0, 0
12370, 101, 5, 397, 0, 0, 26.70%, 0, 0, 4, 287.09, 4308615, 558, 0, 0
12375, 101, 143, 397, 0, 0, 26.70%, 0, 0, 4, 374.57, 4310266, 558, 0, 0
12380, 101, 279, 397, 0, 0, 26.70%, 0, 0, 4, 322.84, 4311981, 558, 0, 0
12385, 101, 5, 397, 0, 0, 26.70%, 0, 0, 4, 340.22, 4313729, 558, 0, 0
12391, 101, 271, 397, 0, 0, 26.70%, 0, 0, 4, 356.56, 4315410, 558, 0, 0
12396, 101, 25, 397, 0, 0, 26.70%, 0, 0, 4, 417.91, 4317073, 558, 0, 0
12401, 101, 158, 397, 0, 0, 26.70%, 0, 0, 4, 419.05, 4318871, 558, 0, 0
12406, 101, 205, 397, 0, 0, 26.70%, 0, 0, 4, 392.89, 4320673, 558, 0, 0
12411, 101, 109, 397, 0, 0, 26.70%, 0, 0, 4, 342.21, 4322535, 558, 0, 0
12416, 101, 52, 397, 0, 0, 26.70%, 0, 0, 4, 34.97, 4324173, 558, 0, 0
12421, 101, 55, 397, 0, 0, 26.70%, 0, 0, 4, 379.67, 4326024, 558, 0, 0
12426, 101, 279, 397, 0, 0, 26.70%, 0, 0, 4, 354.17, 4327824, 558, 0, 0
12431, 101, 70, 397, 0, 0, 26.70%, 0, 0, 4, 291.21, 4329547, 558, 0, 0
12437, 101, 177, 397, 0, 0, 26.70%, 0, 0, 4, 419.63, 4331299, 558, 0, 0
12442, 101, 158, 397, 0, 0, 26.70%, 0, 0, 4, 347.29, 4333104, 558, 0, 0
12447, 101, 55, 397, 0, 0, 26.70%, 0, 0, 4, 393.03, 4334717, 558, 0, 0
12452, 101, 16, 397, 0, 0, 26.70%, 0, 0, 4, 420.15, 4336498, 558, 0, 0
12457, 101, 195, 397, 0, 0, 26.70%, 0, 0, 4, 382.11, 4338263, 558, 0, 0
12462, 102, 319, 397, 0, 0, 26.70%, 0, 0, 4, 321.11, 4339960, 558, 0, 0
12468, 102, 396, 397, 0, 0, 26.70%, 0, 0, 4, 44.59, 4341696, 558, 0, 0
12473, 102, 377, 397, 0, 0, 26.70%, 0, 0, 4, 363.19, 4343384, 558, 0, 0
12478, 102, 212, 397, 0, 0, 26.70%, 0, 0, 4, 367.87, 4345184, 558, 0, 0
12483, 102, 339, 397, 0, 0, 26.70%, 0, 0, 4, 283.77, 4346955, 558, 0, 0
12488, 102, 228, 397, 0, 0, 26.70%, 0, 0, 4, 416.21, 4348564, 558, 0, 0
12493, 102, 105, 397, 0, 0, 26.70%, 0, 0, 4, 413.02, 4350416, 558, 0, 0
12498, 102, 143, 397, 0, 0, 26.70%, 0, 0, 4, 393.03, 4352055, 558, 0, 0
12504, 102, 319, 397, 0, 0, 26.70%, 0, 0, 4, 393.47, 4353721, 558, 0, 0
12509, 102, 168, 397, 0, 0, 26.70%, 0, 0, 4, 379.73, 4355384, 558, 0, 0
12514, 102, 259, 397, 0, 0, 26.70%, 0, 0, 4, 372.33, 4357035, 558, 0, 0
12519, 102, 396, 397, 0, 0, 26.70%, 0, 0, 4, 351.65, 4358798, 558, 0, 0
12524, 102, 47, 397, 0, 0, 26.70%, 0, 0, 4, 396.33, 4360542, 558, 0, 0
12529, 102, 62, 397, 0, 0, 26.70%, 0, 0, 4, 59.68, 4362233, 558, 0, 0
12535, 102, 396, 397, 0, 0, 26.70%, 0, 0, 4, 389.89, 4363966, 558, 0, 0
12540, 102, 326, 397, 0, 0, 26.70%, 0, 0, 4, 382.11, 4365635, 558, 0, 0
12545, 102, 56, 397, 0, 0, 26.70%, 0, 0, 4, 393.43, 4367499, 558, 0, 0
12550, 102, 322, 397, 0, 0, 26.70%, 0, 0, 4, 384.15, 4369263, 558, 0, 0
12555, 102, 189, 397, 0, 0, 26.70%, 0, 0, 4, 354.28, 4370972, 558, 0, 0
12560, 102, 177, 397, 0, 0, 26.70%, 0, 0, 4, 312.78, 4372699, 558, 0, 0
12565, 102, 202, 397, 0, 0, 26.70%, 0, 0, 4, 325.40, 4374324, 558, 0, 0
12570, 102, 354, 397, 0, 0, 26.70%, 0, 0, 4, 417.26, 4376116, 558, 0, 0
12575, 102, 238, 397, 0, 0, 26.70%, 0, 0, 4, 288.49, 4377872, 558, 0, 0
12581, 102, 205, 397, 0, 0, 26.70%, 0, 0, 4, 326.48, 4379606, 558, 0, 0
12586, 103, 195, 397, 0, 0, 26.70%, 0, 0, 4, 399.61, 4381384, 558, 0, 0
12591, 103, 222, 397, 0, 0, 26.70%, 0, 0, 4, 383.08, 4383017, 558, 0, 0
12596, 103, 47, 397, 0, 0, 26.70%, 0, 0, 4, 403.52, 4384816, 558, 0, 0
12601, 103, 377, 397, 0, 0, 26.70%, 0, 0, 4, 39.25, 4386497, 558, 0, 0
12606, 103, 336, 397, 0, 0, 26.70%, 0, 0, 4, 374.11, 4388284, 558, 0, 0
12611, 103, 195, 397, 0, 0, 26.70%, 0, 0, 4, 414.34, 4389991, 558, 0, 0
12616, 103, 396, 397, 0, 0, 26.70%, 0, 0, 4, 388.86, 4391713, 558, 0, 0
12621, 103, 143, 397, 0, 0, 26.70%, 0, 0, 4, 385.92, 4393374, 558, 0, 0
12626, 103, 159, 397, 0, 0, 26.70%, 0, 0, 4, 372.27, 4395141, 558, 0, 0
12632, 103, 322, 397, 0, 0, 26.70%, 0, 0, 4, 369.55, 4396806, 558, 0, 0
12637, 103, 354, 397, 0, 0, 26.70%, 0, 0, 4, 345.55, 4398586, 558, 0, 0
12642, 103, 5, 397, 0, 0, 26.70%, 0, 0, 4, 350.98, 4400292, 558, 0, 0
12647, 103, 52, 397, 0, 0, 26.70%, 0, 0, 4, 256.70, 4401970, 558, 0, 0
12652, 103, 390, 397, 0, 0, 26.70%, 0, 0, 4, 334.93, 4403724, 558, 0, 0
12657, 103, 225, 397, 0, 0, 26.70%, 0, 0, 4, 407.13, 4405506, 558, 0, 0
12662, 103, 114, 397, 0, 0, 26.70%, 0, 0, 4, 409.27, 4407222, 558, 0, 0
12667, 103, 396, 397, 0, 0, 26.70%, 0, 0, 4, 42.86, 4408930, 558, 0, 0
12672, 103, 354, 397, 0, 0, 26.70%, 0, 0, 4, 362.56, 4410627, 558, 0, 0
12677, 103, 136, 397, 0, 0, 26.70%, 0, 0, 4, 34.04, 4412246, 558, 0, 0
12683, 103, 337, 397, 0, 0, 26.70%, 0, 0, 4, 413.83, 4413974, 558, 0, 0
12688, 103, 190, 397, 0, 0, 26.70%, 0, 0, 4, 410.29, 4415782, 558, 0, 0
12693, 103, 396, 397, 0, 0, 26.70%, 0, 0, 4, 324.80, 4417420, 558, 0, 0
12698, 103, 371, 397, 0, 0, 26.70%, 0, 0, 4, 366.63, 4419148, 558, 0, 0
12703, 103, 354, 397, 0, 0, 26.70%, 0, 0, 4, 420.79, 4420791, 558, 0, 0
12708, 103, 157, 397, 0, 0, 26.70%, 0, 0, 4, 420.60, 4422630, 558, 0, 0
12713, 104, 396, 397, 0, 0, 26.70%, 0, 0, 4, 32.86, 4424276, 558, 0, 0
12718, 104, 372, 397, 0, 0, 26.70%, 0, 0, 4, 359.49, 4425992, 558, 0, 0
12723, 104, 85, 397, 0, 0, 26.70%, 0, 0, 4, 340.77, 4427756, 558, 0, 0
12728, 104, 232, 397, 0, 0, 26.70%, 0, 0, 4, 321.95, 4429562, 558, 0, 0
12734, 104, 190, 397, 0, 0, 26.70%, 0, 0, 4, 390.00, 4431206, 558, 0, 0
12739, 104, 383, 397, 0, 0, 26.70%, 0, 0, 4, 422.30, 4432986, 558, 0, 0
12744, 104, 280, 397, 0, 0, 26.70%, 0, 0, 4, 47.48, 4434606, 558, 0, 0
12749, 104, 292, 397, 0, 0, 26.70%, 0, 0, 4, 420.43, 4436422, 558, 0, 0
12754, 104, 374, 397, 0, 0, 26.70%, 0, 0, 4, 403.06, 4438214, 558, 0, 0
12759, 104, 74, 397, 0, 0, 26.70%, 0, 0, 4, 390.69, 4439898, 558, 0, 0
12764, 104, 40, 397, 0, 0, 26.70%, 0, 0, 4, 297.23, 4441530, 558, 0, 0
12769, 104, 354, 397, 0, 0, 26.70%, 0, 0, 4, 374.35, 4443407, 558, 0, 0
12775, 104, 279, 397, 0, 0, 26.70%, 0, 0, 4, 273.39, 4445090, 558, 0, 0
12780, 104, 47, 397, 0, 0, 26.70%, 0, 0, 4, 343.04, 4446854, 558, 0, 0
12785, 104, 134, 397, 0, 0, 26.70%, 0, 0, 4, 410.24, 4448508, 558, 0, 0
12790, 104, 296, 397, 0, 0, 26.70%, 0, 0, 4, 400.03, 4450280, 558, 0, 0
12795, 104, 396, 397, 0, 0, 26.70%, 0, 0, 4, 362.95, 4452089, 558, 0, 0
12800, 104, 168, 397, 0, 0, 26.70%, 0, 0, 4, 422.89, 4453692, 558, 0, 0
12805, 104, 280, 397, 0, 0, 26.70%, 0, 0, 4, 393.16, 4455549, 558, 0, 0
12810, 104, 162, 397, 0, 0, 26.70%, 0, 0, 4, 365.08, 4457166, 558, 0, 0
12816, 104, 195, 397, 0, 0, 26.70%, 0, 0, 4, 392.98, 4459131, 558, 0, 0
12821, 104, 107, 397, 0, 0, 26.70%, 0, 0, 4, 416.58, 4460791, 558, 0, 0
12826, 104, 322, 397, 0, 0, 26.70%, 0, 0, 4, 211.38, 4462591, 558, 0, 0
12831, 104, 190, 397, 0, 0, 26.70%, 0, 0, 4, 125.66, 4464307, 558, 0, 0
12836, 105, 195, 397, 0, 0, 26.70%, 0, 0, 4, 397.11, 4466145, 558, 0, 0
12841, 105, 202, 397, 0, 0, 26.70%, 0, 0, 4, 49.30, 4467752, 558, 0, 0
12846, 105, 166, 397, 0, 0, 26.70%, 0, 0, 4, 379.73, 4469471, 558, 0, 0
12851, 105, 280, 397, 0, 0, 26.70%, 0, 0, 4, 330.73, 4471262, 558, 0, 0
12856, 105, 19, 397, 0, 0, 26.70%, 0, 0, 4, 33.76, 4472894, 558, 0, 0
12861, 105, 205, 397, 0, 0, 26.70%, 0, 0, 4, 411.02, 4474690, 558, 0, 0
12867, 105, 202, 397, 0, 0, 26.70%, 0, 0, 4, 333.33, 4476359, 558, 0, 0
12872, 105, 280, 397, 0, 0, 26.70%, 0, 0, 4, 376.45, 4478313, 558, 0, 0
12877, 105, 205, 397, 0, 0, 26.70%, 0, 0, 4, 413.62, 4479922, 558, 0, 0
12882, 105, 184, 397, 0, 0, 26.70%, 0, 0, 4, 306.47, 4481710, 558, 0, 0
12887, 105, 267, 397, 0, 0, 26.70%, 0, 0, 4, 413.18, 4483398, 558, 0, 0
12892, 105, 184, 397, 0, 0, 26.70%, 0, 0, 4, 391.95, 4485241, 558, 0, 0
12897, 105, 359, 397, 0, 0, 26.70%, 0, 0, 4, 418.53, 4487049, 558, 0, 0
12903, 105, 238, 397, 0, 0, 26.70%, 0, 0, 4, 416.42, 4488738, 558, 0, 0
12908, 105, 354, 397, 0, 0, 26.70%, 0, 0, 4, 278.30, 4490360, 558, 0, 0
12913, 105, 47, 397, 0, 0, 26.70%, 0, 0, 4, 385.78, 4492064, 558, 0, 0
12918, 105, 195, 397, 0, 0, 26.70%, 0, 0, 4, 400.09, 4493824, 558, 0, 0
12923, 105, 202, 397, 0, 0, 26.70%, 0, 0, 4, 366.24, 4495553, 558, 0, 0
12928, 105, 195, 397, 0, 0, 26.70%, 0, 0, 4, 407.65, 4497397, 558, 0, 0
12933, 105, 52, 397, 0, 0, 26.70%, 0, 0, 4, 415.00, 4499057, 558, 0, 0
12938, 105, 201, 397, 0, 0, 26.70%, 0, 0, 4, 373.89, 4500867, 558, 0, 0
12943, 105, 184, 397, 0, 0, 26.70%, 0, 0, 4, 56.15, 4502460, 558, 0, 0
12948, 105, 396, 397, 0, 0, 26.70%, 0, 0, 4, 385.09, 4503965, 558, 0, 0
12953, 105, 396, 397, 0, 0, 26.70%, 0, 0, 4, 302.80, 4505647, 558, 0, 0
12958, 105, 55, 397, 0, 0, 26.70%, 0, 0, 4, 76.59, 4507275, 558, 0, 0
12963, 106, 47, 397, 0, 0, 26.70%, 0, 0, 4, 326.53, 4508960, 558, 0, 0
12968, 106, 143, 397, 0, 0, 26.70%, 0, 0, 4, 44.25, 4510598, 558, 0, 0
12974, 106, 174, 397, 0, 0, 26.70%, 0, 0, 4, 398.62, 4512598, 558, 0, 0
12979, 106, 168, 397, 0, 0, 26.70%, 0, 0, 4, 333.65, 4514160, 558, 0, 0
12984, 106, 354, 397, 0, 0, 26.70%, 0, 0, 4, 421.23, 4515888, 558, 0, 0
12989, 106, 279, 397, 0, 0, 26.70%, 0, 0, 4, 332.07, 4517530, 558, 0, 0
12994, 106, 202, 397, 0, 0, 26.70%, 0, 0, 4, 376.26, 4519221, 558, 0, 0
12999, 106, 279, 397, 0, 0, 26.70%, 0, 0, 4, 415.00, 4520960, 558, 0, 0
13004, 106, 55, 397, 0, 0, 26.70%, 0, 0, 4, 399.67, 4522699, 558, 0, 0
13009, 106, 279, 397, 0, 0, 26.70%, 0, 0, 4, 32.71, 4524452, 558, 0, 0
13014, 106, 147, 397, 0, 0, 26.70%, 0, 0, 4, 255.57, 4526167, 558, 0, 0
13019, 106, 211, 397, 0, 0, 26.70%, 0, 0, 4, 345.46, 4527945, 558, 0, 0
13025, 106, 280, 397, 0, 0, 26.70%, 0, 0, 4, 257.73, 4529715, 558, 0, 0
13030, 106, 195, 397, 0, 0, 26.70%, 0, 0, 4, 378.66, 4531496, 558, 0, 0
13035, 106, 52, 397, 0, 0, 26.70%, 0, 0, 4, 348.32, 4533105, 558, 0, 0
13040, 106, 184, 397, 0, 0, 26.70%, 0, 0, 4, 419.59, 4534747, 558, 0, 0
13045, 106, 372, 397, 0, 0, 26.70%, 0, 0, 4, 398.95, 4536491, 558, 0, 0
13050, 106, 69, 397, 0, 0, 26.70%, 0, 0, 4, 379.87, 4538224, 558, 0, 0
13055, 106, 158, 397, 0, 0, 26.70%, 0, 0, 4, 422.89, 4539908, 558, 0, 0
13060, 106, 396, 397, 0, 0, 26.70%, 0, 0, 4, 164.65, 4541677, 558, 0, 0
13066, 106, 5, 397, 0, 0, 26.70%, 0, 0, 4, 420.79, 4543290, 558, 0, 0
13071, 106, 372, 397, 0, 0, 26.70%, 0, 0, 4, 419.84, 4545063, 558, 0, 0
13076, 106, 212, 397, 0, 0, 26.70%, 0, 0, 4, 265.36, 4546695, 558, 0, 0
13081, 106, 202, 397, 0, 0, 26.70%, 0, 0, 4, 346.06, 4548465, 558, 0, 0
13086, 107, 371, 397, 0, 0, 26.70%, 0, 0, 4, 407.81, 4550131, 558, 0, 0
13091, 107, 374, 397, 0, 0, 26.70%, 0, 0, 4, 331.36, 4551835, 558, 0, 0
13096, 107, 202, 397, 0, 0, 26.70%, 0, 0, 4, 329.32, 4553534, 558, 0, 0
13101, 107, 199, 397, 0, 0, 26.70%, 0, 0, 4, 33.47, 4555246, 558, 0, 0
13106, 107, 199, 397, 0, 0, 26.70%, 0, 0, 4, 400.36, 4556992, 558, 0, 0
13111, 107, 280, 397, 0, 0, 26.70%, 0, 0, 4, 86.11, 4558662, 558, 0, 0
13117, 107, 396, 397, 0, 0, 26.70%, 0, 0, 4, 243.47, 4560482, 558, 0, 0
13122, 107, 245, 397, 0, 0, 26.70%, 0, 0, 4, 412.53, 4562182, 558, 0, 0
13127, 107, 280, 397, 0, 0, 26.70%, 0, 0, 4, 32.86, 4563948, 558, 0, 0
13132, 107, 396, 397, 0, 0, 26.70%, 0, 0, 4, 405.81, 4565650, 558, 0, 0
13137, 107, 195, 397, 0, 0, 26.70%, 0, 0, 4, 263.04, 4567455, 558, 0, 0
13143, 107, 361, 397, 0, 0, 26.70%, 0, 0, 4, 419.39, 4569222, 558, 0, 0
13148, 107, 311, 397, 0, 0, 26.70%, 0, 0, 4, 394.23, 4571020, 558, 0, 0
13153, 107, 396, 397, 0, 0, 26.70%, 0, 0, 4, 217.07, 4572650, 558, 0, 0
13158, 107, 92, 397, 0, 0, 26.70%, 0, 0, 4, 197.71, 4574368, 558, 0, 0
13163, 107, 187, 397, 0, 0, 26.70%, 0, 0, 4, 149.43, 4576040, 558, 0, 0
13168, 107, 52, 397, 0, 0, 26.70%, 0, 0, 4, 34.65, 4577699, 558, 0, 0
13173, 107, 396, 397, 0, 0, 26.70%, 0, 0, 4, 364.94, 4579525, 558, 0, 0
13178, 107, 199, 397, 0, 0, 26.70%, 0, 0, 4, 368.39, 4581057, 558, 0, 0
13184, 107, 396, 397, 0, 0, 26.70%, 0, 0, 4, 354.99, 4582864, 558, 0, 0
13189, 107, 361, 397, 0, 0, 26.70%, 0, 0, 4, 382.85, 4584485, 558, 0, 0
13194, 107, 205, 397, 0, 0, 26.70%, 0, 0, 4, 406.11, 4586282, 558, 0, 0
13199, 107, 5, 397, 0, 0, 26.70%, 0, 0, 4, 386.03, 4588113, 558, 0, 0
13204, 107, 396, 397, 0, 0, 26.70%, 0, 0, 4, 425.88, 4589666, 558, 0, 0
13209, 107, 184, 397, 0, 0, 26.70%, 0, 0, 4, 410.34, 4591398, 558, 0, 0
13214, 108, 381, 397, 0, 0, 26.70%, 0, 0, 4, 404.80, 4593138, 558, 0, 0
13219, 108, 322, 397, 0, 0, 26.70%, 0, 0, 4, 419.15, 4594874, 558, 0, 0
13224, 108, 177, 397, 0, 0, 26.70%, 0, 0, 4, 283.70, 4596695, 558, 0, 0
13229, 108, 143, 397, 0, 0, 26.70%, 0, 0, 4, 370.21, 4598371, 558, 0, 0
13235, 108, 184, 397, 0, 0, 26.70%, 0, 0, 4, 423.76, 4600182, 558, 0, 0
13240, 108, 168, 397, 0, 0, 26.70%, 0, 0, 4, 391.49, 4602038, 558, 0, 0
13245, 108, 199, 397, 0, 0, 26.70%, 0, 0, 4, 220.92, 4603798, 558, 0, 0
13250, 108, 295, 397, 0, 0, 26.70%, 0, 0, 4, 379.57, 4605548, 558, 0, 0
13255, 108, 195, 397, 0, 0, 26.70%, 0, 0, 4, 358.92, 4607278, 558, 0, 0
13260, 108, 396, 397, 0, 0, 26.70%, 0, 0, 4, 316.83, 4608898, 558, 0, 0
13266, 108, 143, 397, 0, 0, 26.70%, 0, 0, 4, 410.54, 4610649, 558, 0, 0
13271, 108, 193, 397, 0, 0, 26.70%, 0, 0, 4, 346.04, 4612362, 558, 0, 0
13276, 108, 199, 397, 0, 0, 26.70%, 0, 0, 4, 414.74, 4614146, 558, 0, 0
13281, 108, 371, 397, 0, 0, 26.70%, 0, 0, 4, 420.32, 4615774, 558, 0, 0
13286, 108, 82, 397, 0, 0, 26.70%, 0, 0, 4, 403.33, 4617590, 558, 0, 0
13291, 108, 396, 397, 0, 0, 26.70%, 0, 0, 4, 341.75, 4619296, 558, 0, 0
13296, 108, 55, 397, 0, 0, 26.70%, 0, 0, 4, 203.98, 4620912, 558, 0, 0
13301, 108, 396, 397, 0, 0, 26.70%, 0, 0, 4, 325.99, 4622666, 558, 0, 0
13307, 108, 143, 397, 0, 0, 26.70%, 0, 0, 4, 367.11, 4624334, 558, 0, 0
13312, 108, 205, 397, 0, 0, 26.70%, 0, 0, 4, 364.85, 4626192, 558, 0, 0
13317, 108, 124, 397, 0, 0, 26.70%, 0, 0, 4, 410.95, 4627841, 558, 0, 0
13322, 108, 354, 397, 0, 0, 26.70%, 0, 0, 4, 398.85, 4629823, 558, 0, 0
13327, 108, 319, 397, 0, 0, 26.70%, 0, 0, 4, 382.74, 4631546, 558, 0, 0
13332, 109, 396, 397, 0, 0, 26.70%, 0, 0, 4, 394.17, 4633346, 558, 0, 0
13337, 109, 354, 397, 0, 0, 26.70%, 0, 0, 4, 409.07, 4634889, 558, 0, 0
13342, 109, 184, 397, 0, 0, 26.70%, 0, 0, 4, 298.88, 4636700, 558, 0, 0
13347, 109, 55, 397, 0, 0, 26.70%, 0, 0, 4, 406.23, 4638473, 558, 0, 0
13352, 109, 190, 397, 0, 0, 26.70%, 0, 0, 4, 419.40, 4640221, 558, 0, 0
13358, 109, 143, 397, 0, 0, 26.70%, 0, 0, 4, 60.52, 4641895, 558, 0, 0
13363, 109, 159, 397, 0, 0, 26.70%, 0, 0, 4, 373.21, 4643688, 558, 0, 0
13368, 109, 54, 397, 0, 0, 26.70%, 0, 0, 4, 399.90, 4645495, 558, 0, 0
13373, 109, 50, 397, 0, 0, 26.70%, 0, 0, 4, 419.55, 4647297, 558, 0, 0
13378, 109, 396, 397, 0, 0, 26.70%, 0, 0, 4, 274.91, 4649000, 558, 0, 0
13383, 109, 372, 397, 0, 0, 26.70%, 0, 0, 4, 388.46, 4650723, 558, 0, 0
13388, 109, 337, 397, 0, 0, 26.70%, 0, 0, 4, 412.56, 4652549, 558, 0, 0
13393, 109, 202, 397, 0, 0, 26.70%, 0, 0, 4, 205.00, 4654194, 558, 0, 0
13399, 109, 372, 397, 0, 0, 26.70%, 0, 0, 4, 410.23, 4656025, 558, 0, 0
13404, 109, 159, 397, 0, 0, 26.70%, 0, 0, 4, 295.35, 4657870, 558, 0, 0
13409, 109, 133, 397, 0, 0, 26.70%, 0, 0, 4, 394.54, 4659621, 558, 0, 0
13414, 109, 245, 397, 0, 0, 26.70%, 0, 0, 4, 185.46, 4661315, 558, 0, 0
13419, 109, 245, 397, 0, 0, 26.70%, 0, 0, 4, 426.39, 4663141, 558, 0, 0
13424, 109, 337, 397, 0, 0, 26.70%, 0, 0, 4, 355.68, 4664832, 558, 0, 0
13429, 109, 396, 397, 0, 0, 26.70%, 0, 0, 4, 383.35, 4666539, 558, 0, 0
13434, 109, 205, 397, 0, 0, 26.70%, 0, 0, 4, 396.75, 4668321, 558, 0, 0
13439, 109, 396, 397, 0, 0, 26.70%, 0, 0, 4, 411.70, 4670053, 558, 0, 0
13444, 109, 32, 397, 0, 0, 26.70%, 0, 0, 4, 361.69, 4671823, 558, 0, 0
13449, 109, 77, 397, 0, 0, 26.70%, 0, 0, 4, 344.60, 4673473, 558, 0, 0
13455, 109, 101, 397, 0, 0, 26.70%, 0, 0, 4, 320.54, 4675297, 558, 0, 0
13460, 110, 41, 397, 0, 0, 26.70%, 0, 0, 4, 419.00, 4677113, 558, 0, 0
13465, 110, 177, 397, 0, 0, 26.70%, 0, 0, 4, 375.42, 4678895, 558, 0, 0
13470, 110, 319, 397, 0, 0, 26.70%, 0, 0, 4, 354.58, 4680602, 558, 0, 0
13475, 110, 177, 397, 0, 0, 26.70%, 0, 0, 4, 259.35, 4682293, 558, 0, 0
13480, 110, 177, 397, 0, 0, 26.70%, 0, 0, 4, 296.52, 4684055, 558, 0, 0
13485, 110, 238, 397, 0, 0, 26.70%, 0, 0, 4, 351.23, 4685609, 558, 0, 0
13490, 110, 396, 397, 0, 0, 26.70%, 0, 0, 4, 313.87, 4687415, 558, 0, 0
13495, 110, 52, 397, 0, 0, 26.70%, 0, 0, 4, 378.40, 4689053, 558, 0, 0
13500, 110, 396, 397, 0, 0, 26.70%, 0, 0, 4, 38.50, 4690743, 558, 0, 0
13505, 110, 10, 397, 0, 0, 26.70%, 0, 0, 4, 374.47, 4692523, 558, 0, 0
13511, 110, 372, 397, 0, 0, 26.70%, 0, 0, 4, 347.40, 4694291, 558, 0, 0
13516, 110, 358, 397, 0, 0, 26.70%, 0, 0, 4, 422.89, 4695995, 558, 0, 0
13521, 110, 396, 397, 0, 0, 26.70%, 0, 0, 4, 84.20, 4697680, 558, 0, 0
13526, 110, 212, 397, 0, 0, 26.70%, 0, 0, 4, 421.10, 4699499, 558, 0, 0
13531, 110, 372, 397, 0, 0, 26.70%, 0, 0, 4, 418.51, 4701308, 558, 0, 0
13536, 110, 361, 397, 0, 0, 26.70%, 0, 0, 4, 387.83, 4702959, 558, 0, 0
13541, 110, 280, 397, 0, 0, 26.70%, 0, 0, 4, 418.38, 4704755, 558, 0, 0
13546, 110, 344, 397, 0, 0, 26.70%, 0, 0, 4, 32.56, 4706339, 558, 0, 0
13551, 110, 396, 397, 0, 0, 26.70%, 0, 0, 4, 397.41, 4708055, 558, 0, 0
13556, 110, 354, 397, 0, 0, 26.70%, 0, 0, 4, 416.91, 4709531, 558, 0, 0
13562, 110, 205, 397, 0, 0, 26.70%, 0, 0, 4, 66.59, 4711158, 558, 0, 0
13567, 110, 176, 397, 0, 0, 26.70%, 0, 0, 4, 409.50, 4713107, 558, 0, 0
13572, 110, 190, 397, 0, 0, 26.70%, 0, 0, 4, 386.96, 4714652, 558, 0, 0
13577, 110, 73, 397, 0, 0, 26.70%, 0, 0, 4, 36.37, 4716477, 558, 0, 0
13582, 111, 396, 397, 0, 0, 26.70%, 0, 0, 4, 383.46, 4718292, 558, 0, 0
13587, 111, 396, 397, 0, 0, 26.70%, 0, 0, 4, 409.73, 4719799, 558, 0, 0
13592, 111, 396, 397, 0, 0, 26.70%, 0, 0, 4, 32.81, 4721492, 558, 0, 0
13598, 111, 200, 397, 0, 0, 26.70%, 0, 0, 4, 372.27, 4723417, 558, 0, 0
13603, 111, 327, 397, 0, 0, 26.70%, 0, 0, 4, 371.61, 4724959, 558, 0, 0
13608, 111, 359, 397, 0, 0, 26.70%, 0, 0, 4, 32.68, 4726617, 558, 0, 0
13613, 111, 52, 397, 0, 0, 26.70%, 0, 0, 4, 419.09, 4728555, 558, 0, 0
13618, 111, 143, 397, 0, 0, 26.70%, 0, 0, 4, 421.92, 4730131, 558, 0, 0
13623, 111, 202, 397, 0, 0, 26.70%, 0, 0, 4, 32.55, 4731710, 558, 0, 0
13628, 111, 55, 397, 0, 0, 26.70%, 0, 0, 4, 409.81, 4733715, 558, 0, 0
13633, 111, 195, 397, 0, 0, 26.70%, 0, 0, 4, 337.74, 4735247, 558, 0, 0
13639, 111, 371, 397, 0, 0, 26.70%, 0, 0, 4, 38.42, 4736811, 558, 0, 0
13644, 111, 184, 397, 0, 0, 26.70%, 0, 0, 4, 418.54, 4738899, 558, 0, 0
13649, 111, 53, 397, 0, 0, 26.70%, 0, 0, 4, 377.16, 4740417, 558, 0, 0
13654, 111, 164, 397, 0, 0, 26.70%, 0, 0, 4, 50.30, 4741965, 558, 0, 0
13659, 111, 371, 397, 0, 0, 26.70%, 0, 0, 4, 410.03, 4744015, 558, 0, 0
13664, 111, 272, 397, 0, 0, 26.70%, 0, 0, 4, 413.41, 4745523, 558, 0, 0
13669, 111, 55, 397, 0, 0, 26.70%, 0, 0, 4, 32.75, 4747062, 558, 0, 0
13674, 111, 245, 397, 0, 0, 26.70%, 0, 0, 4, 416.30, 4749138, 558, 0, 0
13679, 111, 337, 397, 0, 0, 26.70%, 0, 0, 4, 351.64, 4750610, 558, 0, 0
13684, 111, 359, 397, 0, 0, 26.70%, 0, 0, 4, 165.00, 4752174, 558, 0, 0
13689, 111, 180, 397, 0, 0, 26.70%, 0, 0, 4, 369.46, 4754341, 558, 0, 0
13695, 111, 359, 397, 0, 0, 26.70%, 0, 0, 4, 335.51, 4755922, 558, 0, 0
13700, 111, 5, 397, 0, 0, 26.70%, 0, 0, 4, 237.16, 4757414, 558, 0, 0
13705, 112, 209, 397, 0, 0, 26.70%, 0, 0, 4, 378.74, 4759571, 558, 0, 0
13710, 112, 319, 397, 0, 0, 26.70%, 0, 0, 4, 417.26, 4761090, 558, 0, 0
13715, 112, 168, 397, 0, 0, 26.70%, 0, 0, 4, 338.79, 4762622, 558, 0, 0
13720, 112, 396, 397, 0, 0, 26.70%, 0, 0, 4, 371.45, 4764546, 558, 0, 0
13725, 112, 33, 397, 0, 0, 26.70%, 0, 0, 4, 344.05, 4766068, 558, 0, 0
13730, 112, 67, 397, 0, 0, 26.70%, 0, 0, 4, 422.89, 4767610, 558, 0, 0
13735, 112, 322, 397, 0, 0, 26.70%, 0, 0, 4, 402.80, 4769630, 558, 0, 0
13740, 112, 205, 397, 0, 0, 26.70%, 0, 0, 4, 311.60, 4771146, 558, 0, 0
13745, 112, 18, 397, 0, 0, 26.70%, 0, 0, 4, 420.79, 4772721, 558, 0, 0
13751, 112, 34, 397, 0, 0, 26.70%, 0, 0, 4, 410.20, 4774822, 558, 0, 0
13756, 112, 337, 397, 0, 0, 26.70%, 0, 0, 4, 419.60, 4776382, 558, 0, 0
13761, 112, 322, 397, 0, 0, 26.70%, 0, 0, 4, 422.44, 4777946, 558, 0, 0
13766, 112, 165, 397, 0, 0, 26.70%, 0, 0, 4, 419.65, 4780098, 558, 0, 0
13771, 112, 135, 397, 0, 0, 26.70%, 0, 0, 4, 339.33, 4781546, 558, 0, 0
13776, 112, 47, 397, 0, 0, 26.70%, 0, 0, 4, 299.41, 4783030, 558, 0, 0
13781, 112, 55, 397, 0, 0, 26.70%, 0, 0, 4, 392.97, 4785195, 558, 0, 0
13786, 112, 5, 397, 0, 0, 26.70%, 0, 0, 4, 400.52, 4786660, 558, 0, 0
13792, 112, 199, 397, 0, 0, 26.70%, 0, 0, 4, 414.73, 4788249, 558, 0, 0
13797, 112, 359, 397, 0, 0, 26.70%, 0, 0, 4, 33.33, 4790221, 558, 0, 0
13802, 112, 162, 397, 0, 0, 26.70%, 0, 0, 4, 407.01, 4791873, 558, 0, 0
13807, 112, 202, 397, 0, 0, 26.70%, 0, 0, 4, 338.96, 4793409, 558, 0, 0
13812, 112, 372, 397, 0, 0, 26.70%, 0, 0, 4, 33.17, 4795281, 558, 0, 0
13817, 112, 159, 397, 0, 0, 26.70%, 0, 0, 4, 417.38, 4797081, 558, 0, 0
13822, 112, 159, 397, 0, 0, 26.70%, 0, 0, 4, 332.61, 4798579, 558, 0, 0
13827, 112, 67, 397, 0, 0, 26.70%, 0, 0, 4, 64.21, 4800337, 558, 0, 0
13833, 113, 396, 397, 0, 0, 26.70%, 0, 0, 4, 413.20, 4802245, 558, 0, 0
13838, 113, 159, 397, 0, 0, 26.70%, 0, 0, 4, 343.80, 4803743, 558, 0, 0
13843, 113, 47, 397, 0, 0, 26.70%, 0, 0, 4, 40.26, 4805460, 558, 0, 0
13848, 113, 190, 397, 0, 0, 26.70%, 0, 0, 4, 417.71, 4807341, 558, 0, 0
13853, 113, 165, 397, 0, 0, 26.70%, 0, 0, 4, 382.95, 4808895, 558, 0, 0
13858, 113, 396, 397, 0, 0, 26.70%, 0, 0, 4, 32.66, 4810451, 558, 0, 0
13863, 113, 32, 397, 0, 0, 26.70%, 0, 0, 4, 374.86, 4812516, 558, 0, 0
13868, 113, 322, 397, 0, 0, 26.70%, 0, 0, 4, 414.39, 4814041, 558, 0, 0
13874, 113, 87, 397, 0, 0, 26.70%, 0, 0, 4, 263.68, 4815601, 558, 0, 0
13879, 113, 55, 397, 0, 0, 26.70%, 0, 0, 4, 380.49, 4817714, 558, 0, 0
13884, 113, 5, 397, 0, 0, 26.70%, 0, 0, 4, 369.79, 4819284, 558, 0, 0
13889, 113, 396, 397, 0, 0, 26.70%, 0, 0, 4, 381.19, 4820782, 558, 0, 0
13894, 113, 253, 397, 0, 0, 26.70%, 0, 0, 4, 406.57, 4822908, 558, 0, 0
13899, 113, 47, 397, 0, 0, 26.70%, 0, 0, 4, 420.35, 4824448, 558, 0, 0
13904, 113, 90, 397, 0, 0, 26.70%, 0, 0, 4, 40.32, 4825981, 558, 0, 0
13909, 113, 330, 397, 0, 0, 26.70%, 0, 0, 4, 415.09, 4828000, 558, 0, 0
13914, 113, 335, 397, 0, 0, 26.70%, 0, 0, 4, 368.06, 4829498, 558, 0, 0
13920, 113, 180, 397, 0, 0, 26.70%, 0, 0, 4, 381.84, 4831035, 558, 0, 0
13925, 113, 359, 397, 0, 0, 26.70%, 0, 0, 4, 367.00, 4833038, 558, 0, 0
13930, 113, 280, 397, 0, 0, 26.70%, 0, 0, 4, 417.61, 4834663, 558, 0, 0
13935, 113, 159, 397, 0, 0, 26.70%, 0, 0, 4, 336.14, 4836153, 558, 0, 0
13940, 113, 83, 397, 0, 0, 26.70%, 0, 0, 4, 382.00, 4838163, 558, 0, 0
13945, 113, 396, 397, 0, 0, 26.70%, 0, 0, 4, 337.07, 4839765, 558, 0, 0
13950, 113, 337, 397, 0, 0, 26.70%, 0, 0, 4, 325.39, 4841271, 558, 0, 0
13955, 114, 159, 397, 0, 0, 26.70%, 0, 0, 4, 32.41, 4843078, 558, 0, 0
13960, 114, 396, 397, 0, 0, 26.70%, 0, 0, 4, 403.95, 4844718, 558, 0, 0
13965, 114, 355, 397, 0, 0, 26.70%, 0, 0, 4, 362.53, 4846185, 558, 0, 0
13970, 114, 261, 397, 0, 0, 26.70%, 0, 0, 4, 33.02, 4847727, 558, 0, 0
13976, 114, 18, 397, 0, 0, 26.70%, 0, 0, 4, 357.07, 4849699, 558, 0, 0
13981, 114, 143, 397, 0, 0, 26.70%, 0, 0, 4, 294.53, 4851225, 558, 0, 0
13986, 114, 373, 397, 0, 0, 26.70%, 0, 0, 4, 275.00, 4852664, 558, 0, 0
13991, 114, 396, 397, 0, 0, 26.70%, 0, 0, 4, 360.31, 4854688, 558, 0, 0
13996, 114, 322, 397, 0, 0, 26.70%, 0, 0, 4, 352.82, 4856198, 558, 0, 0
14001, 114, 184, 397, 0, 0, 26.70%, 0, 0, 4, 397.20, 4857713, 558, 0, 0
14006, 114, 387, 397, 0, 0, 26.70%, 0, 0, 4, 413.49, 4859858, 558, 0, 0
14011, 114, 168, 397, 0, 0, 26.70%, 0, 0, 4, 419.05, 4861405, 558, 0, 0
14017, 114, 52, 397, 0, 0, 26.70%, 0, 0, 4, 299.33, 4862945, 558, 0, 0
14022, 114, 396, 397, 0, 0, 26.70%, 0, 0, 4, 360.90, 4864919, 558, 0, 0
14027, 114, 178, 397, 0, 0, 26.70%, 0, 0, 4, 398.89, 4866523, 558, 0, 0
14032, 114, 359, 397, 0, 0, 26.70%, 0, 0, 4, 412.00, 4868033, 558, 0, 0
14037, 114, 25, 397, 0, 0, 26.70%, 0, 0, 4, 33.16, 4869946, 558, 0, 0
14042, 114, 159, 397, 0, 0, 26.70%, 0, 0, 4, 366.20, 4871742, 558, 0, 0
14047, 114, 157, 397, 0, 0, 26.70%, 0, 0, 4, 355.47, 4873121, 558, 0, 0
14052, 114, 322, 397, 0, 0, 26.70%, 0, 0, 4, 32.29, 4874924, 558, 0, 0
14057, 114, 213, 397, 0, 0, 26.70%, 0, 0, 4, 416.12, 4876691, 558, 0, 0
14063, 114, 190, 397, 0, 0, 26.70%, 0, 0, 4, 366.34, 4878145, 558, 0, 0
14068, 114, 280, 397, 0, 0, 26.70%, 0, 0, 4, 32.85, 4879738, 558, 0, 0
14073, 114, 184, 397, 0, 0, 26.70%, 0, 0, 4, 398.09, 4881710, 558, 0, 0
14078, 114, 195, 397, 0, 0, 26.70%, 0, 0, 4, 295.69, 4883274, 558, 0, 0
14083, 114, 52, 397, 0, 0, 26.70%, 0, 0, 4, 41.04, 4884824, 558, 0, 0
14088, 115, 205, 397, 0, 0, 26.70%, 0, 0, 4, 419.21, 4886922, 558, 0, 0
14093, 115, 344, 397, 0, 0, 26.70%, 0, 0, 4, 342.41, 4888474, 558, 0, 0
14099, 115, 344, 397, 0, 0, 26.70%, 0, 0, 4, 355.00, 4890012, 558, 0, 0
14104, 115, 62, 397, 0, 0, 26.70%, 0, 0, 4, 400.55, 4892148, 558, 0, 0
14109, 115, 15, 397, 0, 0, 26.70%, 0, 0, 4, 418.79, 4893666, 558, 0, 0
14114, 115, 359, 397, 0, 0, 26.70%, 0, 0, 4, 204.15, 4895256, 558, 0, 0
14119, 115, 279, 397, 0, 0, 26.70%, 0, 0, 4, 376.55, 4897406, 558, 0, 0
14124, 115, 68, 397, 0, 0, 26.70%, 0, 0, 4, 417.28, 4898966, 558, 0, 0
14129, 115, 171, 397, 0, 0, 26.70%, 0, 0, 4, 418.55, 4900506, 558, 0, 0
14134, 115, 13, 397, 0, 0, 26.70%, 0, 0, 4, 416.18, 4902606, 558, 0, 0
14140, 115, 111, 397, 0, 0, 26.70%, 0, 0, 4, 398.44, 4904099, 558, 0, 0
14145, 115, 214, 397, 0, 0, 26.70%, 0, 0, 4, 253.04, 4905634, 558, 0, 0
14150, 115, 238, 397, 0, 0, 26.70%, 0, 0, 4, 57.85, 4907692, 558, 0, 0
14155, 115, 310, 397, 0, 0, 26.70%, 0, 0, 4, 414.76, 4909322, 558, 0, 0
14160, 115, 202, 397, 0, 0, 26.70%, 0, 0, 4, 422.61, 4910858, 558, 0, 0
14165, 115, 177, 397, 0, 0, 26.70%, 0, 0, 4, 400.76, 4912874, 558, 0, 0
14170, 115, 5, 397, 0, 0, 26.70%, 0, 0, 4, 422.01, 4914490, 558, 0, 0
14175, 115, 234, 397, 0, 0, 26.70%, 0, 0, 4, 326.76, 4916022, 558, 0, 0
14180, 115, 354, 397, 0, 0, 26.70%, 0, 0, 4, 361.24, 4917932, 558, 0, 0
14185, 115, 205, 397, 0, 0, 26.70%, 0, 0, 4, 353.93, 4919495, 558, 0, 0
14190, 115, 190, 397, 0, 0, 26.70%, 0, 0, 4, 309.16, 4921024, 558, 0, 0
14195, 115, 280, 397, 0, 0, 26.70%, 0, 0, 4, 366.49, 4923002, 558, 0, 0
14200, 115, 396, 397, 0, 0, 26.70%, 0, 0, 4, 401.69, 4924588, 558, 0, 0
14205, 115, 205, 397, 0, 0, 26.70%, 0, 0, 4, 422.72, 4926100, 558, 0, 0
14211, 116, 396, 397, 0, 0, 26.70%, 0, 0, 4, 406.44, 4928144, 558, 0, 0
14216, 116, 143, 397, 0, 0, 26.70%, 0, 0, 4, 398.54, 4929656, 558, 0, 0
14221, 116, 160, 397, 0, 0, 26.70%, 0, 0, 4, 413.82, 4931180, 558, 0, 0
14226, 116, 47, 397, 0, 0, 26.70%, 0, 0, 4, 401.63, 4933296, 558, 0, 0
14231, 116, 30, 397, 0, 0, 26.70%, 0, 0, 4, 414.69, 4934896, 558, 0, 0
14236, 116, 359, 397, 0, 0, 26.70%, 0, 0, 4, 336.30, 4936424, 558, 0, 0
14241, 116, 265, 397, 0, 0, 26.70%, 0, 0, 4, 32.41, 4938291, 558, 0, 0
14246, 116, 322, 397, 0, 0, 26.70%, 0, 0, 4, 396.77, 4940028, 558, 0, 0
14251, 116, 168, 397, 0, 0, 26.70%, 0, 0, 4, 369.33, 4941477, 558, 0, 0
14257, 116, 177, 397, 0, 0, 26.70%, 0, 0, 4, 386.50, 4943480, 558, 0, 0
14262, 116, 322, 397, 0, 0, 26.70%, 0, 0, 4, 387.39, 4945142, 558, 0, 0
14267, 116, 195, 397, 0, 0, 26.70%, 0, 0, 4, 338.86, 4946560, 558, 0, 0
14272, 116, 213, 397, 0, 0, 26.70%, 0, 0, 4, 379.84, 4948591, 558, 0, 0
14277, 116, 245, 397, 0, 0, 26.70%, 0, 0, 4, 368.68, 4950221, 558, 0, 0
14282, 116, 159, 397, 0, 0, 26.70%, 0, 0, 4, 416.63, 4951664, 558, 0, 0
14287, 116, 190, 397, 0, 0, 26.70%, 0, 0, 4, 390.19, 4953648, 558, 0, 0
14292, 116, 5, 397, 0, 0, 26.70%, 0, 0, 4, 408.98, 4955224, 558, 0, 0
14297, 116, 337, 397, 0, 0, 26.70%, 0, 0, 4, 412.01, 4956732, 558, 0, 0
14303, 116, 72, 397, 0, 0, 26.70%, 0, 0, 4, 74.67, 4958824, 558, 0, 0
14308, 116, 281, 397, 0, 0, 26.70%, 0, 0, 4, 418.90, 4960474, 558, 0, 0
14313, 116, 371, 397, 0, 0, 26.70%, 0, 0, 4, 310.77, 4962059, 558, 0, 0
14318, 116, 279, 397, 0, 0, 26.70%, 0, 0, 4, 44.05, 4963996, 558, 0, 0
14323, 116, 159, 397, 0, 0, 26.70%, 0, 0, 4, 416.88, 4965763, 558, 0, 0
14328, 116, 118, 397, 0, 0, 26.70%, 0, 0, 4, 318.77, 4967256, 558, 0, 0
14333, 117, 280, 397, 0, 0, 26.70%, 0, 0, 4, 32.61, 4969002, 558, 0, 0
14339, 117, 143, 397, 0, 0, 26.70%, 0, 0, 4, 416.61, 4970925, 558, 0, 0
14344, 117, 47, 397, 0, 0, 26.70%, 0, 0, 4, 366.72, 4972467, 558, 0, 0
14349, 117, 359, 397, 0, 0, 26.70%, 0, 0, 4, 33.62, 4974144, 558, 0, 0
14354, 117, 81, 397, 0, 0, 26.70%, 0, 0, 4, 417.34, 4976165, 558, 0, 0
14359, 117, 52, 397, 0, 0, 26.70%, 0, 0, 4, 347.20, 4977697, 558, 0, 0
14364, 117, 322, 397, 0, 0, 26.70%, 0, 0, 4, 33.30, 4979198, 558, 0, 0
14370, 117, 364, 397, 0, 0, 26.70%, 0, 0, 4, 412.22, 4981341, 558, 0, 0
14375, 117, 371, 397, 0, 0, 26.70%, 0, 0, 4, 370.53, 4982874, 558, 0, 0
14380, 117, 396, 397, 0, 0, 26.70%, 0, 0, 4, 244.52, 4984413, 558, 0, 0
14385, 117, 190, 397, 0, 0, 26.70%, 0, 0, 4, 376.96, 4986509, 558, 0, 0
14390, 117, 184, 397, 0, 0, 26.70%, 0, 0, 4, 415.51, 4988005, 558, 0, 0
14395, 117, 245, 397, 0, 0, 26.70%, 0, 0, 4, 237.48, 4989453, 558, 0, 0
14400, 117, 168, 397, 0, 0, 26.70%, 0, 0, 4, 364.27, 4991577, 558, 0, 0
14406, 117, 47, 397, 0, 0, 26.70%, 0, 0, 4, 414.66, 4993264, 558, 0, 0
14411, 117, 190, 397, 0, 0, 26.70%, 0, 0, 4, 295.06, 4994715, 558, 0, 0
14416, 117, 322, 397, 0, 0, 26.70%, 0, 0, 4, 32.71, 4996666, 558, 0, 0
14421, 117, 279, 397, 0, 0, 26.70%, 0, 0, 4, 386.85, 4998278, 558, 0, 0
14426, 117, 177, 397, 0, 0, 26.70%, 0, 0, 4, 315.68, 4999824, 558, 0, 0
14431, 117, 201, 397, 0, 0, 26.70%, 0, 0, 4, 32.43, 5001602, 558, 0, 0
14436, 117, 396, 397, 0, 0, 26.70%, 0, 0, 4, 403.53, 5003357, 558, 0, 0
14441, 117, 184, 397, 0, 0, 26.70%, 0, 0, 4, 354.47, 5004839, 558, 0, 0
14446, 117, 55, 397, 0, 0, 26.70%, 0, 0, 4, 32.99, 5006474, 558, 0, 0
14452, 117, 205, 397, 0, 0, 26.70%, 0, 0, 4, 419.18, 5008557, 558, 0, 0
14457, 118, 322, 397, 0, 0, 26.70%, 0, 0, 4, 417.58, 5010097, 558, 0, 0
14462, 118, 159, 397, 0, 0, 26.70%, 0, 0, 4, 32.66, 5011675, 558, 0, 0
14467, 118, 280, 397, 0, 0, 26.70%, 0, 0, 4, 386.49, 5013714, 558, 0, 0
14472, 118, 322, 397, 0, 0, 26.70%, 0, 0, 4, 344.51, 5015230, 558, 0, 0
14477, 118, 39, 397, 0, 0, 26.70%, 0, 0, 4, 353.02, 5016806, 558, 0, 0
14482, 118, 279, 397, 0, 0, 26.70%, 0, 0, 4, 396.39, 5018828, 558, 0, 0
14488, 118, 372, 397, 0, 0, 26.70%, 0, 0, 4, 391.43, 5020328, 558, 0, 0
14493, 118, 322, 397, 0, 0, 26.70%, 0, 0, 4, 410.59, 5021824, 558, 0, 0
14498, 118, 190, 397, 0, 0, 26.70%, 0, 0, 4, 415.16, 5023956, 558, 0, 0
14503, 118, 205, 397, 0, 0, 26.70%, 0, 0, 4, 419.88, 5025532, 558, 0, 0
14508, 118, 322, 397, 0, 0, 26.70%, 0, 0, 4, 417.68, 5027048, 558, 0, 0
14513, 118, 47, 397, 0, 0, 26.70%, 0, 0, 4, 407.96, 5029108, 558, 0, 0
14518, 118, 159, 397, 0, 0, 26.70%, 0, 0, 4, 400.73, 5030659, 558, 0, 0
14523, 118, 125, 397, 0, 0, 26.70%, 0, 0, 4, 219.00, 5031974, 558, 0, 0
14529, 118, 52, 397, 0, 0, 26.70%, 0, 0, 4, 372.06, 5034089, 558, 0, 0
14534, 118, 190, 397, 0, 0, 26.70%, 0, 0, 4, 358.58, 5035552, 558, 0, 0
14539, 118, 197, 397, 0, 0, 26.70%, 0, 0, 4, 306.98, 5037135, 558, 0, 0
14544, 118, 40, 397, 0, 0, 26.70%, 0, 0, 4, 32.71, 5039031, 558, 0, 0
14549, 118, 33, 397, 0, 0, 26.70%, 0, 0, 4, 418.17, 5040799, 558, 0, 0
14554, 118, 143, 397, 0, 0, 26.70%, 0, 0, 4, 379.07, 5042352, 558, 0, 0
14559, 118, 371, 397, 0, 0, 26.70%, 0, 0, 4, 32.74, 5044066, 558, 0, 0
14564, 118, 245, 397, 0, 0, 26.70%, 0, 0, 4, 368.27, 5045889, 558, 0, 0
14570, 118, 202, 397, 0, 0, 26.70%, 0, 0, 4, 415.43, 5047415, 558, 0, 0
14575, 118, 361, 397, 0, 0, 26.70%, 0, 0, 4, 33.07, 5049053, 558, 0, 0
14580, 118, 245, 397, 0, 0, 26.70%, 0, 0, 4, 403.37, 5051090, 558, 0, 0
14585, 119, 122, 397, 0, 0, 26.70%, 0, 0, 4, 401.83, 5052582, 558, 0, 0
14590, 119, 280, 397, 0, 0, 26.70%, 0, 0, 4, 32.95, 5054106, 558, 0, 0
14595, 119, 280, 397, 0, 0, 26.70%, 0, 0, 4, 399.16, 5056102, 558, 0, 0
14600, 119, 366, 397, 0, 0, 26.70%, 0, 0, 4, 337.09, 5057643, 558, 0, 0
14605, 119, 143, 397, 0, 0, 26.70%, 0, 0, 4, 33.07, 5059209, 558, 0, 0
14610, 119, 195, 397, 0, 0, 26.70%, 0, 0, 4, 400.73, 5061332, 558, 0, 0
14615, 119, 96, 397, 0, 0, 26.70%, 0, 0, 4, 420.02, 5062849, 558, 0, 0
14621, 119, 245, 397, 0, 0, 26.70%, 0, 0, 4, 422.89, 5064364, 558, 0, 0
14626, 119, 319, 397, 0, 0, 26.70%, 0, 0, 4, 416.66, 5066521, 558, 0, 0
14631, 119, 70, 397, 0, 0, 26.70%, 0, 0, 4, 324.03, 5068103, 558, 0, 0
14636, 119, 324, 397, 0, 0, 26.70%, 0, 0, 4, 232.68, 5069573, 558, 0, 0
14641, 119, 199, 397, 0, 0, 26.70%, 0, 0, 4, 377.19, 5071709, 558, 0, 0
14646, 119, 245, 397, 0, 0, 26.70%, 0, 0, 4, 364.76, 5073202, 558, 0, 0
14651, 119, 371, 397, 0, 0, 26.70%, 0, 0, 4, 270.67, 5074720, 558, 0, 0
14656, 119, 337, 397, 0, 0, 26.70%, 0, 0, 4, 378.00, 5076816, 558, 0, 0
14661, 119, 168, 397, 0, 0, 26.70%, 0, 0, 4, 412.29, 5078341, 558, 0, 0
14667, 119, 396, 397, 0, 0, 26.70%, 0, 0, 4, 392.01, 5079900, 558, 0, 0
14672, 119, 354, 397, 0, 0, 26.70%, 0, 0, 4, 412.94, 5082057, 558, 0, 0
14677, 119, 371, 397, 0, 0, 26.70%, 0, 0, 4, 417.17, 5083573, 558, 0, 0
14682, 119, 205, 397, 0, 0, 26.70%, 0, 0, 4, 418.80, 5085121, 558, 0, 0
14687, 119, 199, 397, 0, 0, 26.70%, 0, 0, 4, 415.84, 5087249, 558, 0, 0
14692, 119, 184, 397, 0, 0, 26.70%, 0, 0, 4, 404.13, 5088749, 558, 0, 0
14697, 119, 396, 397, 0, 0, 26.70%, 0, 0, 4, 346.60, 5090089, 558, 0, 0
14703, 119, 171, 397, 0, 0, 26.70%, 0, 0, 4, 381.28, 5092132, 558, 0, 0
14708, 119, 55, 397, 0, 0, 26.70%, 0, 0, 4, 379.98, 5093632, 558, 0, 0
14713, 120, 159, 397, 0, 0, 26.70%, 0, 0, 4, 416.17, 5095205, 558, 0, 0
14718, 120, 361, 397, 0, 0, 26.70%, 0, 0, 4, 33.00, 5097123, 558, 0, 0
14723, 120, 361, 397, 0, 0, 26.70%, 0, 0, 4, 408.83, 5098881, 558, 0, 0
14728, 120, 159, 397, 0, 0, 26.70%, 0, 0, 4, 389.94, 5100367, 558, 0, 0
14733, 120, 190, 397, 0, 0, 26.70%, 0, 0, 4, 32.38, 5102077, 558, 0, 0
14738, 120, 57, 397, 0, 0, 26.70%, 0, 0, 4, 397.41, 5104028, 558, 0, 0
14744, 120, 177, 397, 0, 0, 26.70%, 0, 0, 4, 402.81, 5105564, 558, 0, 0
14749, 120, 193, 397, 0, 0, 26.70%, 0, 0, 4, 32.84, 5107198, 558, 0, 0
14754, 120, 188, 397, 0, 0, 26.70%, 0, 0, 4, 407.95, 5109196, 558, 0, 0
14759, 120, 279, 397, 0, 0, 26.70%, 0, 0, 4, 283.78, 5110710, 558, 0, 0
14764, 120, 52, 397, 0, 0, 26.70%, 0, 0, 4, 33.46, 5112312, 558, 0, 0
14769, 120, 319, 397, 0, 0, 26.70%, 0, 0, 4, 371.38, 5114263, 558, 0, 0
14774, 120, 12, 397, 0, 0, 26.70%, 0, 0, 4, 300.88, 5115750, 558, 0, 0
14779, 120, 199, 397, 0, 0, 26.70%, 0, 0, 4, 52.22, 5117219, 558, 0, 0
14785, 120, 208, 397, 0, 0, 26.70%, 0, 0, 4, 410.78, 5119340, 558, 0, 0
14790, 120, 199, 397, 0, 0, 26.70%, 0, 0, 4, 376.04, 5120928, 558, 0, 0
14795, 120, 141, 397, 0, 0, 26.70%, 0, 0, 4, 270.97, 5122445, 558, 0, 0
14800, 120, 143, 397, 0, 0, 26.70%, 0, 0, 4, 389.28, 5124607, 558, 0, 0
14805, 120, 161, 397, 0, 0, 26.70%, 0, 0, 4, 418.27, 5126180, 558, 0, 0
14810, 120, 118, 397, 0, 0, 26.70%, 0, 0, 4, 420.45, 5127688, 558, 0, 0
14816, 120, 52, 397, 0, 0, 26.70%, 0, 0, 4, 406.79, 5129840, 558, 0, 0
14821, 120, 113, 397, 0, 0, 26.70%, 0, 0, 4, 392.33, 5131421, 558, 0, 0
14826, 120, 367, 397, 0, 0, 26.70%, 0, 0, 4, 227.78, 5132896, 558, 0, 0
14831, 120, 280, 397, 0, 0, 26.70%, 0, 0, 4, 33.33, 5134907, 558, 0, 0
14836, 121, 361, 397, 0, 0, 26.70%, 0, 0, 4, 396.58, 5136563, 558, 0, 0
14841, 121, 159, 397, 0, 0, 26.70%, 0, 0, 4, 291.98, 5138110, 558, 0, 0
14846, 121, 110, 397, 0, 0, 26.70%, 0, 0, 4, 377.88, 5140156, 558, 0, 0
14851, 121, 245, 397, 0, 0, 26.70%, 0, 0, 4, 353.45, 5141799, 558, 0, 0
14857, 121, 143, 397, 0, 0, 26.70%, 0, 0, 4, 310.21, 5143384, 558, 0, 0
14862, 121, 190, 397, 0, 0, 26.70%, 0, 0, 4, 32.42, 5145038, 558, 0, 0
14867, 121, 304, 397, 0, 0, 26.70%, 0, 0, 4, 378.34, 5147014, 558, 0, 0
14872, 121, 27, 397, 0, 0, 26.70%, 0, 0, 4, 417.95, 5148508, 558, 0, 0
14877, 121, 372, 397, 0, 0, 26.70%, 0, 0, 4, 278.61, 5150055, 558, 0, 0
14882, 121, 311, 397, 0, 0, 26.70%, 0, 0, 4, 380.43, 5152163, 558, 0, 0
14888, 121, 355, 397, 0, 0, 26.70%, 0, 0, 4, 413.78, 5153724, 558, 0, 0
14893, 121, 205, 397, 0, 0, 26.70%, 0, 0, 4, 354.26, 5155245, 558, 0, 0
14898, 121, 360, 397, 0, 0, 26.70%, 0, 0, 4, 399.08, 5157352, 558, 0, 0
14903, 121, 168, 397, 0, 0, 26.70%, 0, 0, 4, 347.98, 5158871, 558, 0, 0
14908, 121, 390, 397, 0, 0, 26.70%, 0, 0, 4, 375.55, 5160331, 558, 0, 0
14913, 121, 70, 397, 0, 0, 26.70%, 0, 0, 4, 52.86, 5162383, 558, 0, 0
14918, 121, 396, 397, 0, 0, 26.70%, 0, 0, 4, 393.87, 5163896, 558, 0, 0
14923, 121, 396, 397, 0, 0, 26.70%, 0, 0, 4, 290.23, 5165385, 558, 0, 0
14928, 121, 179, 397, 0, 0, 26.70%, 0, 0, 4, 32.86, 5167324, 558, 0, 0
14934, 121, 337, 397, 0, 0, 26.70%, 0, 0, 4, 356.97, 5169052, 558, 0, 0
14939, 121, 202, 397, 0, 0, 26.70%, 0, 0, 4, 328.17, 5170571, 558, 0, 0
14944, 121, 0, 397, 0, 0, 26.70%, 0, 0, 4, 33.02, 5172559, 558, 0, 0
14949, 121, 319, 397, 0, 0, 26.70%, 0, 0, 4, 412.68, 5174247, 558, 0, 0
14954, 121, 205, 397, 0, 0, 26.70%, 0, 0, 4, 418.53, 5175749, 558, 0, 0
14959, 122, 280, 397, 0, 0, 26.70%, 0, 0, 4, 32.09, 5177578, 558, 0, 0
14964, 122, 5, 397, 0, 0, 26.70%, 0, 0, 4, 385.28, 5179092, 558, 0, 0
14969, 122, 205, 397, 0, 0, 26.70%, 0, 0, 4, 419.73, 5180614, 558, 0, 0
14974, 122, 143, 397, 0, 0, 26.70%, 0, 0, 4, 32.70, 5182186, 558, 0, 0
14979, 122, 337, 397, 0, 0, 26.70%, 0, 0, 4, 395.07, 5184306, 558, 0, 0
14985, 122, 55, 397, 0, 0, 26.70%, 0, 0, 4, 414.51, 5185850, 558, 0, 0
14990, 122, 176, 397, 0, 0, 26.70%, 0, 0, 4, 420.00, 5187392, 558, 0, 0
14995, 122, 279, 397, 0, 0, 26.70%, 0, 0, 4, 411.13, 5189490, 558, 0, 0
15000, 122, 177, 397, 0, 0, 26.70%, 0, 0, 4, 414.28, 5190981, 558, 0, 0
15005, 122, 372, 397, 0, 0, 26.70%, 0, 0, 4, 420.79, 5192338, 558, 0, 0
15010, 122, 180, 397, 0, 0, 26.70%, 0, 0, 4, 420.66, 5194533, 558, 0, 0
15015, 122, 168, 397, 0, 0, 26.70%, 0, 0, 4, 420.96, 5196021, 558, 0, 0
15020, 122, 168, 397, 0, 0, 26.70%, 0, 0, 4, 316.81, 5197591, 558, 0, 0
15026, 122, 52, 397, 0, 0, 26.70%, 0, 0, 4, 391.06, 5199746, 558, 0, 0
15031, 122, 199, 397, 0, 0, 26.70%, 0, 0, 4, 405.96, 5201348, 558, 0, 0
15036, 122, 159, 397, 0, 0, 26.70%, 0, 0, 4, 288.86, 5202870, 558, 0, 0
15041, 122, 199, 397, 0, 0, 26.70%, 0, 0, 4, 33.33, 5204714, 558, 0, 0
15046, 122, 5, 397, 0, 0, 26.70%, 0, 0, 4, 403.53, 5206408, 558, 0, 0
15051, 122, 312, 397, 0, 0, 26.70%, 0, 0, 4, 268.42, 5207940, 558, 0, 0
15056, 122, 372, 397, 0, 0, 26.70%, 0, 0, 4, 32.12, 5209721, 558, 0, 0
15061, 122, 371, 397, 0, 0, 26.70%, 0, 0, 4, 400.14, 5211442, 558, 0, 0
15066, 122, 5, 397, 0, 0, 26.70%, 0, 0, 4, 306.47, 5212970, 558, 0, 0
15071, 122, 265, 397, 0, 0, 26.70%, 0, 0, 4, 32.99, 5214759, 558, 0, 0
15077, 122, 190, 397, 0, 0, 26.70%, 0, 0, 4, 372.86, 5216613, 558, 0, 0
15082, 122, 184, 397, 0, 0, 26.70%, 0, 0, 4, 286.11, 5217980, 558, 0, 0
15087, 122, 319, 397, 0, 0, 26.70%, 0, 0, 4, 32.13, 5219606, 558, 0, 0
15092, 123, 359, 397, 0, 0, 26.70%, 0, 0, 4, 358.75, 5221606, 558, 0, 0
15097, 123, 248, 397, 0, 0, 26.70%, 0, 0, 4, 295.89, 5223115, 558, 0, 0
15102, 123, 199, 397, 0, 0, 26.70%, 0, 0, 4, 32.78, 5224627, 558, 0, 0
15107, 123, 310, 397, 0, 0, 26.70%, 0, 0, 4, 359.78, 5226685, 558, 0, 0
15112, 123, 396, 397, 0, 0, 26.70%, 0, 0, 4, 379.16, 5228241, 558, 0, 0
15117, 123, 320, 397, 0, 0, 26.70%, 0, 0, 4, 412.84, 5229682, 558, 0, 0
15123, 123, 37, 397, 0, 0, 26.70%, 0, 0, 4, 412.40, 5231808, 558, 0, 0
15128, 123, 396, 397, 0, 0, 26.70%, 0, 0, 4, 408.31, 5233315, 558, 0, 0
15133, 123, 396, 397, 0, 0, 26.70%, 0, 0, 4, 195.67, 5234709, 558, 0, 0
15138, 123, 371, 397, 0, 0, 26.70%, 0, 0, 4, 357.96, 5236759, 558, 0, 0
15143, 123, 179, 397, 0, 0, 26.70%, 0, 0, 4, 403.66, 5238283, 558, 0, 0
15148, 123, 202, 397, 0, 0, 26.70%, 0, 0, 4, 306.81, 5239780, 558, 0, 0
15153, 123, 143, 397, 0, 0, 26.70%, 0, 0, 4, 392.41, 5241910, 558, 0, 0
15158, 123, 372, 397, 0, 0, 26.70%, 0, 0, 4, 416.35, 5243447, 558, 0, 0
15163, 123, 190, 397, 0, 0, 26.70%, 0, 0, 4, 304.84, 5244945, 558, 0, 0
15169, 123, 396, 397, 0, 0, 26.70%, 0, 0, 4, 57.53, 5246762, 558, 0, 0
15174, 123, 269, 397, 0, 0, 26.70%, 0, 0, 4, 411.90, 5248431, 558, 0, 0
15179, 123, 280, 397, 0, 0, 26.70%, 0, 0, 4, 338.30, 5249917, 558, 0, 0
15184, 123, 5, 397, 0, 0, 26.70%, 0, 0, 4, 32.89, 5251680, 558, 0, 0
15189, 123, 195, 397, 0, 0, 26.70%, 0, 0, 4, 390.69, 5253582, 558, 0, 0
15194, 123, 354, 397, 0, 0, 26.70%, 0, 0, 4, 408.88, 5255123, 558, 0, 0
15199, 123, 190, 397, 0, 0, 26.70%, 0, 0, 4, 32.87, 5256759, 558, 0, 0
15204, 123, 64, 397, 0, 0, 26.70%, 0, 0, 4, 394.51, 5258803, 558, 0, 0
15209, 123, 184, 397, 0, 0, 26.70%, 0, 0, 4, 367.89, 5260331, 558, 0, 0
15215, 123, 182, 397, 0, 0, 26.70%, 0, 0, 4, 66.81, 5261942, 558, 0, 0
15220, 124, 26, 397, 0, 0, 26.70%, 0, 0, 4, 409.55, 5263999, 558, 0, 0
15225, 124, 377, 397, 0, 0, 26.70%, 0, 0, 4, 419.40, 5265474, 558, 0, 0
15230, 124, 396, 397, 0, 0, 26.70%, 0, 0, 4, 380.00, 5266921, 558, 0, 0
15235, 124, 25, 397, 0, 0, 26.70%, 0, 0, 4, 392.14, 5268948, 558, 0, 0
15240, 124, 322, 397, 0, 0, 26.70%, 0, 0, 4, 418.82, 5270522, 558, 0, 0
15245, 124, 372, 397, 0, 0, 26.70%, 0, 0, 4, 419.18, 5272106, 558, 0, 0
15251, 124, 396, 397, 0, 0, 26.70%, 0, 0, 4, 407.48, 5274178, 558, 0, 0
15256, 124, 52, 397, 0, 0, 26.70%, 0, 0, 4, 383.53, 5275692, 558, 0, 0
15261, 124, 168, 397, 0, 0, 26.70%, 0, 0, 4, 416.27, 5277230, 558, 0, 0
15266, 124, 337, 397, 0, 0, 26.70%, 0, 0, 4, 32.97, 5279258, 558, 0, 0
15271, 124, 396, 397, 0, 0, 26.70%, 0, 0, 4, 400.11, 5280946, 558, 0, 0
15276, 124, 205, 397, 0, 0, 26.70%, 0, 0, 4, 413.43, 5282374, 558, 0, 0
15281, 124, 359, 397, 0, 0, 26.70%, 0, 0, 4, 43.15, 5284264, 558, 0, 0
15286, 124, 299, 397, 0, 0, 26.70%, 0, 0, 4, 419.34, 5286057, 558, 0, 0
15291, 124, 336, 397, 0, 0, 26.70%, 0, 0, 4, 418.75, 5287489, 558, 0, 0
15297, 124, 182, 397, 0, 0, 26.70%, 0, 0, 4, 33.56, 5289295, 558, 0, 0
15302, 124, 52, 397, 0, 0, 26.70%, 0, 0, 4, 403.45, 5291165, 558, 0, 0
15307, 124, 205, 397, 0, 0, 26.70%, 0, 0, 4, 401.06, 5292613, 558, 0, 0
15312, 124, 55, 397, 0, 0, 26.70%, 0, 0, 4, 32.87, 5294226, 558, 0, 0
15317, 124, 177, 397, 0, 0, 26.70%, 0, 0, 4, 402.31, 5296248, 558, 0, 0
15322, 124, 159, 397, 0, 0, 26.70%, 0, 0, 4, 418.60, 5297740, 558, 0, 0
15327, 124, 359, 397, 0, 0, 26.70%, 0, 0, 4, 33.43, 5299291, 558, 0, 0
15332, 124, 168, 397, 0, 0, 26.70%, 0, 0, 4, 375.63, 5301407, 558, 0, 0
15337, 124, 322, 397, 0, 0, 26.70%, 0, 0, 4, 298.34, 5302905, 558, 0, 0
15343, 124, 177, 397, 0, 0, 26.70%, 0, 0, 4, 222.55, 5304448, 558, 0, 0
15348, 125, 251, 397, 0, 0, 26.70%, 0, 0, 4, 374.05, 5306584, 558, 0, 0
15353, 125, 396, 397, 0, 0, 26.70%, 0, 0, 4, 384.18, 5307977, 558, 0, 0
15358, 125, 52, 397, 0, 0, 26.70%, 0, 0, 4, 415.37, 5309488, 558, 0, 0
15363, 125, 361, 397, 0, 0, 26.70%, 0, 0, 4, 401.43, 5311588, 558, 0, 0
15368, 125, 199, 397, 0, 0, 26.70%, 0, 0, 4, 368.73, 5313135, 558, 0, 0
15373, 125, 190, 397, 0, 0, 26.70%, 0, 0, 4, 246.24, 5314636, 558, 0, 0
15378, 125, 217, 397, 0, 0, 26.70%, 0, 0, 4, 33.82, 5316614, 558, 0, 0
15384, 125, 195, 397, 0, 0, 26.70%, 0, 0, 4, 417.48, 5318264, 558, 0, 0
15389, 125, 366, 397, 0, 0, 26.70%, 0, 0, 4, 299.89, 5319730, 558, 0, 0
15394, 125, 159, 397, 0, 0, 26.70%, 0, 0, 4, 31.80, 5321607, 558, 0, 0
15399, 125, 311, 397, 0, 0, 26.70%, 0, 0, 4, 404.42, 5323264, 558, 0, 0
15404, 125, 190, 397, 0, 0, 26.70%, 0, 0, 4, 415.22, 5324774, 558, 0, 0
15409, 125, 279, 397, 0, 0, 26.70%, 0, 0, 4, 33.20, 5326427, 558, 0, 0
15414, 125, 386, 397, 0, 0, 26.70%, 0, 0, 4, 393.40, 5328459, 558, 0, 0
15419, 125, 2, 397, 0, 0, 26.70%, 0, 0, 4, 311.46, 5329971, 558, 0, 0
15425, 125, 47, 397, 0, 0, 26.70%, 0, 0, 4, 415.84, 5331540, 558, 0, 0
15430, 125, 168, 397, 0, 0, 26.70%, 0, 0, 4, 409.55, 5333623, 558, 0, 0
15435, 125, 279, 397, 0, 0, 26.70%, 0, 0, 4, 415.66, 5335174, 558, 0, 0
15440, 125, 359, 397, 0, 0, 26.70%, 0, 0, 4, 324.82, 5336616, 558, 0, 0
15445, 125, 77, 397, 0, 0, 26.70%, 0, 0, 4, 382.91, 5338727, 558, 0, 0
15450, 125, 212, 397, 0, 0, 26.70%, 0, 0, 4, 352.81, 5340180, 558, 0, 0
15455, 125, 134, 397, 0, 0, 26.70%, 0, 0, 4, 401.82, 5341706, 558, 0, 0
15460, 125, 167, 397, 0, 0, 26.70%, 0, 0, 4, 33.07, 5343519, 558, 0, 0
15466, 125, 55, 397, 0, 0, 26.70%, 0, 0, 4, 408.15, 5345321, 558, 0, 0
15471, 125, 396, 397, 0, 0, 26.70%, 0, 0, 4, 397.93, 5346749, 558, 0, 0
15476, 126, 386, 397, 0, 0, 26.70%, 0, 0, 4, 33.76, 5348417, 558, 0, 0
15481, 126, 382, 397, 0, 0, 26.70%, 0, 0, 4, 410.40, 5350373, 558, 0, 0
15486, 126, 319, 397, 0, 0, 26.70%, 0, 0, 4, 408.58, 5351805, 558, 0, 0
15491, 126, 227, 397, 0, 0, 26.70%, 0, 0, 4, 301.23, 5353360, 558, 0, 0
15496, 126, 259, 397, 0, 0, 26.70%, 0, 0, 4, 383.97, 5355460, 558, 0, 0
15501, 126, 205, 397, 0, 0, 26.70%, 0, 0, 4, 398.81, 5356939, 558, 0, 0
15506, 126, 55, 397, 0, 0, 26.70%, 0, 0, 4, 422.35, 5358473, 558, 0, 0
15512, 126, 205, 397, 0, 0, 26.70%, 0, 0, 4, 398.53, 5360508, 558, 0, 0
15517, 126, 107, 397, 0, 0, 26.70%, 0, 0, 4, 374.05, 5362145, 558, 0, 0
15522, 126, 133, 397, 0, 0, 26.70%, 0, 0, 4, 391.50, 5363610, 558, 0, 0
15527, 126, 205, 397, 0, 0, 26.70%, 0, 0, 4, 51.30, 5365453, 558, 0, 0
15532, 126, 114, 397, 0, 0, 26.70%, 0, 0, 4, 408.11, 5367139, 558, 0, 0
15537, 126, 245, 397, 0, 0, 26.70%, 0, 0, 4, 277.88, 5368585, 558, 0, 0
15542, 126, 159, 397, 0, 0, 26.70%, 0, 0, 4, 32.79, 5370206, 558, 0, 0
15547, 126, 396, 397, 0, 0, 26.70%, 0, 0, 4, 363.21, 5372074, 558, 0, 0
15553, 126, 218, 397, 0, 0, 26.70%, 0, 0, 4, 366.96, 5373620, 558, 0, 0
15558, 126, 337, 397, 0, 0, 26.70%, 0, 0, 4, 417.83, 5375190, 558, 0, 0
15563, 126, 261, 397, 0, 0, 26.70%, 0, 0, 4, 413.02, 5377306, 558, 0, 0
15568, 126, 361, 397, 0, 0, 26.70%, 0, 0, 4, 401.02, 5378792, 558, 0, 0
15573, 126, 319, 397, 0, 0, 26.70%, 0, 0, 4, 344.08, 5380298, 558, 0, 0
15579, 126, 359, 397, 0, 0, 26.70%, 0, 0, 4, 33.25, 5382271, 558, 0, 0
15584, 126, 181, 397, 0, 0, 26.70%, 0, 0, 4, 364.46, 5384071, 558, 0, 0
15589, 126, 371, 397, 0, 0, 26.70%, 0, 0, 4, 392.62, 5385578, 558, 0, 0
15594, 126, 44, 397, 0, 0, 26.70%, 0, 0, 4, 33.25, 5387255, 558, 0, 0
15599, 126, 372, 397, 0, 0, 26.70%, 0, 0, 4, 408.34, 5389230, 558, 0, 0
15604, 127, 245, 397, 0, 0, 26.70%, 0, 0, 4, 410.92, 5390790, 558, 0, 0
15609, 127, 143, 397, 0, 0, 26.70%, 0, 0, 4, 213.90, 5392254, 558, 0, 0
15615, 127, 366, 397, 0, 0, 26.70%, 0, 0, 4, 371.71, 5394374, 558, 0, 0
15620, 127, 371, 397, 0, 0, 26.70%, 0, 0, 4, 397.26, 5395860, 558, 0, 0
15625, 127, 143, 397, 0, 0, 26.70%, 0, 0, 4, 420.41, 5397424, 558, 0, 0
15630, 127, 143, 397, 0, 0, 26.70%, 0, 0, 4, 394.58, 5399508, 558, 0, 0
15635, 127, 361, 397, 0, 0, 26.70%, 0, 0, 4, 371.05, 5401156, 558, 0, 0
15640, 127, 371, 397, 0, 0, 26.70%, 0, 0, 4, 423.66, 5402732, 558, 0, 0
15646, 127, 253, 397, 0, 0, 26.70%, 0, 0, 4, 32.20, 5404528, 558, 0, 0
15651, 127, 354, 397, 0, 0, 26.70%, 0, 0, 4, 418.18, 5406448, 558, 0, 0
15656, 127, 359, 397, 0, 0, 26.70%, 0, 0, 4, 385.50, 5407991, 558, 0, 0
15661, 127, 47, 397, 0, 0, 26.70%, 0, 0, 4, 33.07, 5409563, 558, 0, 0
15666, 127, 337, 397, 0, 0, 26.70%, 0, 0, 4, 415.89, 5411616, 558, 0, 0
15671, 127, 279, 397, 0, 0, 26.70%, 0, 0, 4, 333.45, 5413172, 558, 0, 0
15676, 127, 279, 397, 0, 0, 26.70%, 0, 0, 4, 396.04, 5414650, 558, 0, 0
15681, 127, 319, 397, 0, 0, 26.70%, 0, 0, 4, 394.72, 5416724, 558, 0, 0
15686, 127, 159, 397, 0, 0, 26.70%, 0, 0, 4, 399.85, 5418217, 558, 0, 0
15692, 127, 319, 397, 0, 0, 26.70%, 0, 0, 4, 415.76, 5419771, 558, 0, 0
15697, 127, 143, 397, 0, 0, 26.70%, 0, 0, 4, 415.79, 5421874, 558, 0, 0
15702, 127, 322, 397, 0, 0, 26.70%, 0, 0, 4, 403.87, 5423455, 558, 0, 0
15707, 127, 396, 397, 0, 0, 26.70%, 0, 0, 4, 340.09, 5424943, 558, 0, 0
15712, 127, 354, 397, 0, 0, 26.70%, 0, 0, 4, 33.02, 5426866, 558, 0, 0
15717, 127, 366, 397, 0, 0, 26.70%, 0, 0, 4, 415.74, 5428539, 558, 0, 0
15722, 127, 354, 397, 0, 0, 26.70%, 0, 0, 4, 418.33, 5430055, 558, 0, 0
15727, 128, 49, 397, 0, 0, 26.70%, 0, 0, 4, 32.55, 5431897, 558, 0, 0
15732, 128, 143, 397, 0, 0, 26.70%, 0, 0, 4, 408.11, 5433730, 558, 0, 0
15738, 128, 33, 397, 0, 0, 26.70%, 0, 0, 4, 406.33, 5435249, 558, 0, 0
15743, 128, 280, 397, 0, 0, 26.70%, 0, 0, 4, 32.75, 5436992, 558, 0, 0
15748, 128, 396, 397, 0, 0, 26.70%, 0, 0, 4, 357.64, 5438888, 558, 0, 0
15753, 128, 311, 397, 0, 0, 26.70%, 0, 0, 4, 348.46, 5440416, 558, 0, 0
15758, 128, 190, 397, 0, 0, 26.70%, 0, 0, 4, 39.08, 5441981, 558, 0, 0
15763, 128, 202, 397, 0, 0, 26.70%, 0, 0, 4, 415.88, 5444065, 558, 0, 0
15768, 128, 127, 397, 0, 0, 26.70%, 0, 0, 4, 399.36, 5445595, 558, 0, 0
15773, 128, 143, 397, 0, 0, 26.70%, 0, 0, 4, 239.63, 5447121, 558, 0, 0
15778, 128, 55, 397, 0, 0, 26.70%, 0, 0, 4, 380.06, 5449249, 558, 0, 0
15784, 128, 47, 397, 0, 0, 26.70%, 0, 0, 4, 369.07, 5450784, 558, 0, 0
15789, 128, 184, 397, 0, 0, 26.70%, 0, 0, 4, 249.25, 5452300, 558, 0, 0
15794, 128, 361, 397, 0, 0, 26.70%, 0, 0, 4, 74.44, 5454307, 558, 0, 0
15799, 128, 190, 397, 0, 0, 26.70%, 0, 0, 4, 418.01, 5456016, 558, 0, 0
15804, 128, 205, 397, 0, 0, 26.70%, 0, 0, 4, 427.62, 5457600, 558, 0, 0
15809, 128, 143, 397, 0, 0, 26.70%, 0, 0, 4, 32.78, 5459394, 558, 0, 0
15814, 128, 280, 397, 0, 0, 26.70%, 0, 0, 4, 374.35, 5461277, 558, 0, 0
15819, 128, 159, 397, 0, 0, 26.70%, 0, 0, 4, 413.14, 5462791, 558, 0, 0
15825, 128, 327, 397, 0, 0, 26.70%, 0, 0, 4, 32.80, 5464528, 558, 0, 0
15830, 128, 55, 397, 0, 0, 26.70%, 0, 0, 4, 400.05, 5466482, 558, 0, 0
15835, 128, 371, 397, 0, 0, 26.70%, 0, 0, 4, 417.11, 5467963, 558, 0, 0
15840, 128, 396, 397, 0, 0, 26.70%, 0, 0, 4, 232.78, 5469411, 558, 0, 0
15845, 128, 199, 397, 0, 0, 26.70%, 0, 0, 4, 379.60, 5471531, 558, 0, 0
15850, 129, 280, 397, 0, 0, 26.70%, 0, 0, 4, 415.07, 5473039, 558, 0, 0
15855, 129, 279, 397, 0, 0, 26.70%, 0, 0, 4, 232.64, 5474535, 558, 0, 0
15860, 129, 213, 397, 0, 0, 26.70%, 0, 0, 4, 380.18, 5476689, 558, 0, 0
15865, 129, 190, 397, 0, 0, 26.70%, 0, 0, 4, 335.07, 5478187, 558, 0, 0
15870, 129, 177, 397, 0, 0, 26.70%, 0, 0, 4, 407.07, 5479771, 558, 0, 0
15876, 129, 396, 397, 0, 0, 26.70%, 0, 0, 4, 32.16, 5481734, 558, 0, 0
15881, 129, 396, 397, 0, 0, 26.70%, 0, 0, 4, 413.95, 5483414, 558, 0, 0
15886, 129, 52, 397, 0, 0, 26.70%, 0, 0, 4, 393.85, 5484785, 558, 0, 0
15891, 129, 190, 397, 0, 0, 26.70%, 0, 0, 4, 32.24, 5486373, 558, 0, 0
15896, 129, 69, 397, 0, 0, 26.70%, 0, 0, 4, 418.47, 5488490, 558, 0, 0
15901, 129, 371, 397, 0, 0, 26.70%, 0, 0, 4, 404.76, 5490030, 558, 0, 0
15906, 129, 367, 397, 0, 0, 26.70%, 0, 0, 4, 305.73, 5491555, 558, 0, 0
15912, 129, 245, 397, 0, 0, 26.70%, 0, 0, 4, 393.33, 5493678, 558, 0, 0
15917, 129, 190, 397, 0, 0, 26.70%, 0, 0, 4, 334.73, 5495246, 558, 0, 0
15922, 129, 141, 397, 0, 0, 26.70%, 0, 0, 4, 255.17, 5496658, 558, 0, 0
15927, 129, 354, 397, 0, 0, 26.70%, 0, 0, 4, 32.95, 5498499, 558, 0, 0
15932, 129, 52, 397, 0, 0, 26.70%, 0, 0, 4, 408.15, 5500306, 558, 0, 0
15937, 129, 55, 397, 0, 0, 26.70%, 0, 0, 4, 419.38, 5501838, 558, 0, 0
15942, 129, 377, 397, 0, 0, 26.70%, 0, 0, 4, 35.91, 5503357, 558, 0, 0
15947, 129, 366, 397, 0, 0, 26.70%, 0, 0, 4, 416.74, 5505446, 558, 0, 0
15952, 129, 212, 397, 0, 0, 26.70%, 0, 0, 4, 399.85, 5506978, 558, 0, 0
15957, 129, 311, 397, 0, 0, 26.70%, 0, 0, 4, 412.78, 5508458, 558, 0, 0
15962, 129, 322, 397, 0, 0, 26.70%, 0, 0, 4, 412.87, 5510538, 558, 0, 0
15968, 129, 205, 397, 0, 0, 26.70%, 0, 0, 4, 417.26, 5512098, 558, 0, 0
15973, 129, 396, 397, 0, 0, 26.70%, 0, 0, 4, 404.46, 5513558, 558, 0, 0
15978, 130, 41, 397, 0, 0, 26.70%, 0, 0, 4, 32.78, 5515206, 558, 0, 0
15983, 130, 7, 397, 0, 0, 26.70%, 0, 0, 4, 381.65, 5517157, 558, 0, 0
15988, 130, 19, 397, 0, 0, 26.70%, 0, 0, 4, 332.36, 5518643, 558, 0, 0
15993, 130, 322, 397, 0, 0, 26.70%, 0, 0, 4, 180.99, 5520109, 558, 0, 0
15998, 130, 361, 397, 0, 0, 26.70%, 0, 0, 4, 369.43, 5522246, 558, 0, 0
16003, 130, 199, 397, 0, 0, 26.70%, 0, 0, 4, 420.98, 5523749, 558, 0, 0
16008, 130, 272, 397, 0, 0, 26.70%, 0, 0, 4, 355.43, 5525232, 558, 0, 0
16014, 130, 52, 397, 0, 0, 26.70%, 0, 0, 4, 33.08, 5527246, 558, 0, 0
16019, 130, 52, 397, 0, 0, 26.70%, 0, 0, 4, 351.80, 5529024, 558, 0, 0
16024, 130, 367, 397, 0, 0, 26.70%, 0, 0, 4, 416.79, 5530581, 558, 0, 0
16029, 130, 184, 397, 0, 0, 26.70%, 0, 0, 4, 425.00, 5532048, 558, 0, 0
16034, 130, 47, 397, 0, 0, 26.70%, 0, 0, 4, 419.12, 5534221, 558, 0, 0
16039, 130, 384, 397, 0, 0, 26.70%, 0, 0, 4, 357.23, 5535695, 558, 0, 0
16044, 130, 52, 397, 0, 0, 26.70%, 0, 0, 4, 371.34, 5537239, 558, 0, 0
16050, 130, 47, 397, 0, 0, 26.70%, 0, 0, 4, 33.05, 5539060, 558, 0, 0
16055, 130, 60, 397, 0, 0, 26.70%, 0, 0, 4, 384.44, 5540939, 558, 0, 0
16060, 130, 202, 397, 0, 0, 26.70%, 0, 0, 4, 377.61, 5542509, 558, 0, 0
16065, 130, 245, 397, 0, 0, 26.70%, 0, 0, 4, 430.69, 5544062, 558, 0, 0
16070, 130, 137, 397, 0, 0, 26.70%, 0, 0, 4, 413.34, 5546182, 558, 0, 0
16075, 130, 361, 397, 0, 0, 26.70%, 0, 0, 4, 397.20, 5547641, 558, 0, 0
16081, 130, 220, 397, 0, 0, 26.70%, 0, 0, 4, 340.97, 5549179, 558, 0, 0
16086, 130, 195, 397, 0, 0, 26.70%, 0, 0, 4, 32.59, 5550991, 558, 0, 0
16091, 130, 372, 397, 0, 0, 26.70%, 0, 0, 4, 420.13, 5552772, 558, 0, 0
16096, 130, 199, 397, 0, 0, 26.70%, 0, 0, 4, 299.91, 5554305, 558, 0, 0
16101, 130, 202, 397, 0, 0, 26.70%, 0, 0, 4, 33.41, 5555891, 558, 0, 0
16106, 131, 194, 397, 0, 0, 26.70%, 0, 0, 4, 415.34, 5557948, 558, 0, 0
16111, 131, 202, 397, 0, 0, 26.70%, 0, 0, 4, 342.71, 5559354, 558, 0, 0
16116, 131, 43, 397, 0, 0, 26.70%, 0, 0, 4, 195.07, 5560793, 558, 0, 0
16121, 131, 354, 397, 0, 0, 26.70%, 0, 0, 4, 360.09, 5562863, 558, 0, 0
16126, 131, 47, 397, 0, 0, 26.70%, 0, 0, 4, 424.31, 5564396, 558, 0, 0
16132, 131, 280, 397, 0, 0, 26.70%, 0, 0, 4, 381.23, 5565821, 558, 0, 0
16137, 131, 396, 397, 0, 0, 26.70%, 0, 0, 4, 33.33, 5567819, 558, 0, 0
16142, 131, 293, 397, 0, 0, 26.70%, 0, 0, 4, 405.90, 5569499, 558, 0, 0
16147, 131, 337, 397, 0, 0, 26.70%, 0, 0, 4, 278.99, 5571010, 558, 0, 0
16152, 131, 382, 397, 0, 0, 26.70%, 0, 0, 4, 32.82, 5572749, 558, 0, 0
16157, 131, 245, 397, 0, 0, 26.70%, 0, 0, 4, 359.70, 5574614, 558, 0, 0
16162, 131, 52, 397, 0, 0, 26.70%, 0, 0, 4, 305.24, 5576140, 558, 0, 0
16168, 131, 337, 397, 0, 0, 26.70%, 0, 0, 4, 67.94, 5577648, 558, 0, 0
16173, 131, 177, 397, 0, 0, 26.70%, 0, 0, 4, 398.25, 5579670, 558, 0, 0
16178, 131, 52, 397, 0, 0, 26.70%, 0, 0, 4, 419.47, 5581207, 558, 0, 0
16183, 131, 280, 397, 0, 0, 26.70%, 0, 0, 4, 414.72, 5582715, 558, 0, 0
16188, 131, 279, 397, 0, 0, 26.70%, 0, 0, 4, 33.43, 5584603, 558, 0, 0
16193, 131, 264, 397, 0, 0, 26.70%, 0, 0, 4, 416.13, 5586355, 558, 0, 0
16198, 131, 279, 397, 0, 0, 26.70%, 0, 0, 4, 390.37, 5587803, 558, 0, 0
16203, 131, 190, 397, 0, 0, 26.70%, 0, 0, 4, 32.24, 5589566, 558, 0, 0
16208, 131, 202, 397, 0, 0, 26.70%, 0, 0, 4, 373.77, 5591531, 558, 0, 0
16214, 131, 55, 397, 0, 0, 26.70%, 0, 0, 4, 349.12, 5593023, 558, 0, 0
16219, 131, 195, 397, 0, 0, 26.70%, 0, 0, 4, 321.78, 5594510, 558, 0, 0
16224, 131, 52, 397, 0, 0, 26.70%, 0, 0, 4, 397.82, 5596659, 558, 0, 0
16229, 131, 288, 397, 0, 0, 26.70%, 0, 0, 4, 381.99, 5598210, 558, 0, 0
16234, 132, 396, 397, 0, 0, 26.70%, 0, 0, 4, 245.17, 5599707, 558, 0, 0
16239, 132, 188, 397, 0, 0, 26.70%, 0, 0, 4, 33.02, 5601589, 558, 0, 0
16244, 132, 143, 397, 0, 0, 26.70%, 0, 0, 4, 405.31, 5603131, 558, 0, 0
16249, 132, 319, 397, 0, 0, 26.70%, 0, 0, 4, 404.81, 5604671, 558, 0, 0
16254, 132, 195, 397, 0, 0, 26.70%, 0, 0, 4, 33.29, 5606428, 558, 0, 0
16260, 132, 322, 397, 0, 0, 26.70%, 0, 0, 4, 384.69, 5608389, 558, 0, 0
16265, 132, 362, 397, 0, 0, 26.70%, 0, 0, 4, 390.20, 5609910, 558, 0, 0
16270, 132, 66, 397, 0, 0, 26.70%, 0, 0, 4, 415.84, 5611409, 558, 0, 0
16275, 132, 55, 397, 0, 0, 26.70%, 0, 0, 4, 410.85, 5613523, 558, 0, 0
16280, 132, 322, 397, 0, 0, 26.70%, 0, 0, 4, 394.93, 5615052, 558, 0, 0
16285, 132, 371, 397, 0, 0, 26.70%, 0, 0, 4, 420.91, 5616515, 558, 0, 0
16290, 132, 280, 397, 0, 0, 26.70%, 0, 0, 4, 33.16, 5618396, 558, 0, 0
16296, 132, 359, 397, 0, 0, 26.70%, 0, 0, 4, 362.95, 5620138, 558, 0, 0
16301, 132, 354, 397, 0, 0, 26.70%, 0, 0, 4, 297.57, 5621620, 558, 0, 0
16306, 132, 359, 397, 0, 0, 26.70%, 0, 0, 4, 32.85, 5623231, 558, 0, 0
16311, 132, 279, 397, 0, 0, 26.70%, 0, 0, 4, 361.62, 5625203, 558, 0, 0
16316, 132, 396, 397, 0, 0, 26.70%, 0, 0, 4, 404.99, 5626651, 558, 0, 0
16321, 132, 190, 397, 0, 0, 26.70%, 0, 0, 4, 420.17, 5628183, 558, 0, 0
16326, 132, 52, 397, 0, 0, 26.70%, 0, 0, 4, 50.51, 5630031, 558, 0, 0
16331, 132, 159, 397, 0, 0, 26.70%, 0, 0, 4, 414.70, 5631707, 558, 0, 0
16337, 132, 55, 397, 0, 0, 26.70%, 0, 0, 4, 418.86, 5633255, 558, 0, 0
16342, 132, 190, 397, 0, 0, 26.70%, 0, 0, 4, 61.99, 5634781, 558, 0, 0
16347, 132, 177, 397, 0, 0, 26.70%, 0, 0, 4, 416.52, 5636883, 558, 0, 0
16352, 132, 168, 397, 0, 0, 26.70%, 0, 0, 4, 392.88, 5638424, 558, 0, 0
16357, 132, 363, 397, 0, 0, 26.70%, 0, 0, 4, 232.96, 5639839, 558, 0, 0
16362, 133, 52, 397, 0, 0, 26.70%, 0, 0, 4, 41.30, 5641838, 558, 0, 0
16367, 133, 212, 397, 0, 0, 26.70%, 0, 0, 4, 415.25, 5643407, 558, 0, 0
16372, 133, 319, 397, 0, 0, 26.70%, 0, 0, 4, 402.21, 5644939, 558, 0, 0
16377, 133, 319, 397, 0, 0, 26.70%, 0, 0, 4, 33.38, 5646531, 558, 0, 0
16383, 133, 245, 397, 0, 0, 26.70%, 0, 0, 4, 370.08, 5648552, 558, 0, 0
16388, 133, 366, 397, 0, 0, 26.70%, 0, 0, 4, 350.37, 5650053, 558, 0, 0
16393, 133, 279, 397, 0, 0, 26.70%, 0, 0, 4, 419.77, 5651539, 558, 0, 0
16398, 133, 279, 397, 0, 0, 26.70%, 0, 0, 4, 37.30, 5653423, 558, 0, 0
16403, 133, 36, 397, 0, 0, 26.70%, 0, 0, 4, 355.33, 5655052, 558, 0, 0
16408, 133, 245, 397, 0, 0, 26.70%, 0, 0, 4, 406.59, 5656531, 558, 0, 0
16413, 133, 280, 397, 0, 0, 26.70%, 0, 0, 4, 39.86, 5658024, 558, 0, 0
16418, 133, 190, 397, 0, 0, 26.70%, 0, 0, 4, 416.82, 5660171, 558, 0, 0
16424, 133, 184, 397, 0, 0, 26.70%, 0, 0, 4, 396.86, 5661717, 558, 0, 0
16429, 133, 361, 397, 0, 0, 26.70%, 0, 0, 4, 318.86, 5663193, 558, 0, 0
16434, 133, 195, 397, 0, 0, 26.70%, 0, 0, 4, 33.18, 5665152, 558, 0, 0
16439, 133, 387, 397, 0, 0, 26.70%, 0, 0, 4, 372.97, 5666803, 558, 0, 0
16444, 133, 322, 397, 0, 0, 26.70%, 0, 0, 4, 379.97, 5668224, 558, 0, 0
16449, 133, 349, 397, 0, 0, 26.70%, 0, 0, 4, 31.25, 5669817, 558, 0, 0
16454, 133, 168, 397, 0, 0, 26.70%, 0, 0, 4, 395.87, 5671674, 558, 0, 0
16459, 133, 235, 397, 0, 0, 26.70%, 0, 0, 4, 366.73, 5673110, 558, 0, 0
16464, 133, 396, 397, 0, 0, 26.70%, 0, 0, 4, 392.27, 5674596, 558, 0, 0
16470, 133, 165, 397, 0, 0, 26.70%, 0, 0, 4, 32.52, 5676338, 558, 0, 0
16475, 133, 195, 397, 0, 0, 26.70%, 0, 0, 4, 388.90, 5678245, 558, 0, 0
16480, 133, 327, 397, 0, 0, 26.70%, 0, 0, 4, 383.25, 5679731, 558, 0, 0
16485, 133, 396, 397, 0, 0, 26.70%, 0, 0, 4, 282.08, 5681255, 558, 0, 0
16490, 133, 190, 397, 0, 0, 26.70%, 0, 0, 4, 358.64, 5683210, 558, 0, 0
16495, 134, 205, 397, 0, 0, 26.70%, 0, 0, 4, 364.01, 5684703, 558, 0, 0
16500, 134, 396, 397, 0, 0, 26.70%, 0, 0, 4, 295.36, 5686080, 558, 0, 0
16505, 134, 371, 397, 0, 0, 26.70%, 0, 0, 4, 64.08, 5687717, 558, 0, 0
16510, 134, 279, 397, 0, 0, 26.70%, 0, 0, 4, 411.43, 5689607, 558, 0, 0
16515, 134, 96, 397, 0, 0, 26.70%, 0, 0, 4, 418.50, 5691139, 558, 0, 0
16521, 134, 127, 397, 0, 0, 26.70%, 0, 0, 4, 279.29, 5692705, 558, 0, 0
16526, 134, 195, 397, 0, 0, 26.70%, 0, 0, 4, 371.33, 5694782, 558, 0, 0
16531, 134, 371, 397, 0, 0, 26.70%, 0, 0, 4, 417.35, 5696347, 558, 0, 0
16536, 134, 184, 397, 0, 0, 26.70%, 0, 0, 4, 418.73, 5697875, 558, 0, 0
16541, 134, 366, 397, 0, 0, 26.70%, 0, 0, 4, 32.48, 5699611, 558, 0, 0
16546, 134, 157, 397, 0, 0, 26.70%, 0, 0, 4, 356.82, 5701557, 558, 0, 0
16552, 134, 382, 397, 0, 0, 26.70%, 0, 0, 4, 348.39, 5703110, 558, 0, 0
16557, 134, 159, 397, 0, 0, 26.70%, 0, 0, 4, 312.00, 5704522, 558, 0, 0
16562, 134, 371, 397, 0, 0, 26.70%, 0, 0, 4, 380.55, 5706627, 558, 0, 0
16567, 134, 141, 397, 0, 0, 26.70%, 0, 0, 4, 418.71, 5708238, 558, 0, 0
16572, 134, 175, 397, 0, 0, 26.70%, 0, 0, 4, 343.70, 5709774, 558, 0, 0
16577, 134, 359, 397, 0, 0, 26.70%, 0, 0, 4, 33.26, 5711462, 558, 0, 0
16582, 134, 18, 397, 0, 0, 26.70%, 0, 0, 4, 413.60, 5713358, 558, 0, 0
16587, 134, 280, 397, 0, 0, 26.70%, 0, 0, 4, 393.17, 5714878, 558, 0, 0
16592, 134, 359, 397, 0, 0, 26.70%, 0, 0, 4, 424.43, 5716382, 558, 0, 0
16598, 134, 168, 397, 0, 0, 26.70%, 0, 0, 4, 407.16, 5718558, 558, 0, 0
16603, 134, 319, 397, 0, 0, 26.70%, 0, 0, 4, 384.40, 5720120, 558, 0, 0
16608, 134, 195, 397, 0, 0, 26.70%, 0, 0, 4, 335.56, 5721598, 558, 0, 0
16613, 134, 359, 397, 0, 0, 26.70%, 0, 0, 4, 32.72, 5723062, 558, 0, 0
16618, 135, 55, 397, 0, 0, 26.70%, 0, 0, 4, 420.30, 5725173, 558, 0, 0
16623, 135, 143, 397, 0, 0, 26.70%, 0, 0, 4, 383.20, 5726623, 558, 0, 0
16628, 135, 143, 397, 0, 0, 26.70%, 0, 0, 4, 429.78, 5728149, 558, 0, 0
16634, 135, 396, 397, 0, 0, 26.70%, 0, 0, 4, 392.79, 5730221, 558, 0, 0
16639, 135, 396, 397, 0, 0, 26.70%, 0, 0, 4, 400.13, 5731729, 558, 0, 0
16644, 135, 55, 397, 0, 0, 26.70%, 0, 0, 4, 338.67, 5733109, 558, 0, 0
16649, 135, 190, 397, 0, 0, 26.70%, 0, 0, 4, 67.10, 5734795, 558, 0, 0
16654, 135, 195, 397, 0, 0, 26.70%, 0, 0, 4, 397.97, 5736767, 558, 0, 0
16659, 135, 5, 397, 0, 0, 26.70%, 0, 0, 4, 303.76, 5738200, 558, 0, 0
16664, 135, 361, 397, 0, 0, 26.70%, 0, 0, 4, 39.79, 5739698, 558, 0, 0
16669, 135, 318, 397, 0, 0, 26.70%, 0, 0, 4, 415.99, 5741857, 558, 0, 0
16674, 135, 199, 397, 0, 0, 26.70%, 0, 0, 4, 414.34, 5743357, 558, 0, 0
16679, 135, 205, 397, 0, 0, 26.70%, 0, 0, 4, 419.35, 5744913, 558, 0, 0
16685, 135, 55, 397, 0, 0, 26.70%, 0, 0, 4, 32.85, 5746787, 558, 0, 0
16690, 135, 21, 397, 0, 0, 26.70%, 0, 0, 4, 366.64, 5748581, 558, 0, 0
16695, 135, 52, 397, 0, 0, 26.70%, 0, 0, 4, 413.89, 5750081, 558, 0, 0
16700, 135, 199, 397, 0, 0, 26.70%, 0, 0, 4, 33.12, 5751624, 558, 0, 0
16705, 135, 5, 397, 0, 0, 26.70%, 0, 0, 4, 374.85, 5753716, 558, 0, 0
16710, 135, 0, 397, 0, 0, 26.70%, 0, 0, 4, 355.90, 5755223, 558, 0, 0
16715, 135, 319, 397, 0, 0, 26.70%, 0, 0, 4, 420.46, 5756733, 558, 0, 0
16720, 135, 396, 397, 0, 0, 26.70%, 0, 0, 4, 400.93, 5758745, 558, 0, 0
16725, 135, 195, 397, 0, 0, 26.70%, 0, 0, 4, 397.80, 5760232, 558, 0, 0
16730, 135, 377, 397, 0, 0, 26.70%, 0, 0, 4, 329.83, 5761731, 558, 0, 0
16735, 135, 189, 397, 0, 0, 26.70%, 0, 0, 4, 32.62, 5763391, 558, 0, 0
16740, 135, 396, 397, 0, 0, 26.70%, 0, 0, 4, 405.12, 5765272, 558, 0, 0
16745, 135, 337, 397, 0, 0, 26.70%, 0, 0, 4, 361.22, 5766742, 558, 0, 0
16750, 136, 182, 397, 0, 0, 26.70%, 0, 0, 4, 412.94, 5768267, 558, 0, 0
16755, 136, 396, 397, 0, 0, 26.70%, 0, 0, 4, 408.37, 5770328, 558, 0, 0
16760, 136, 322, 397, 0, 0, 26.70%, 0, 0, 4, 417.73, 5771848, 558, 0, 0
16766, 136, 52, 397, 0, 0, 26.70%, 0, 0, 4, 415.64, 5773364, 558, 0, 0
16771, 136, 38, 397, 0, 0, 26.70%, 0, 0, 4, 33.39, 5775217, 558, 0, 0
16776, 136, 190, 397, 0, 0, 26.70%, 0, 0, 4, 396.18, 5776966, 558, 0, 0
16781, 136, 177, 397, 0, 0, 26.70%, 0, 0, 4, 415.37, 5778507, 558, 0, 0
16786, 136, 47, 397, 0, 0, 26.70%, 0, 0, 4, 283.87, 5780065, 558, 0, 0
16791, 136, 195, 397, 0, 0, 26.70%, 0, 0, 4, 371.13, 5782052, 558, 0, 0
16796, 136, 396, 397, 0, 0, 26.70%, 0, 0, 4, 390.48, 5783448, 558, 0, 0
16802, 136, 267, 397, 0, 0, 26.70%, 0, 0, 4, 423.12, 5784947, 558, 0, 0
16807, 136, 396, 397, 0, 0, 26.70%, 0, 0, 4, 60.77, 5786611, 558, 0, 0
16812, 136, 245, 397, 0, 0, 26.70%, 0, 0, 4, 414.61, 5788583, 558, 0, 0
16817, 136, 190, 397, 0, 0, 26.70%, 0, 0, 4, 414.76, 5790107, 558, 0, 0
16822, 136, 184, 397, 0, 0, 26.70%, 0, 0, 4, 418.01, 5791583, 558, 0, 0
16827, 136, 280, 397, 0, 0, 26.70%, 0, 0, 4, 415.31, 5793663, 558, 0, 0
16832, 136, 184, 397, 0, 0, 26.70%, 0, 0, 4, 363.19, 5795145, 558, 0, 0
16837, 136, 337, 397, 0, 0, 26.70%, 0, 0, 4, 412.88, 5796591, 558, 0, 0
16842, 136, 396, 397, 0, 0, 26.70%, 0, 0, 4, 32.36, 5798244, 558, 0, 0
16847, 136, 322, 397, 0, 0, 26.70%, 0, 0, 4, 408.52, 5800239, 558, 0, 0
16853, 136, 354, 397, 0, 0, 26.70%, 0, 0, 4, 309.65, 5801659, 558, 0, 0
16858, 136, 279, 397, 0, 0, 26.70%, 0, 0, 4, 418.18, 5803139, 558, 0, 0
16863, 136, 27, 397, 0, 0, 26.70%, 0, 0, 4, 32.80, 5805022, 558, 0, 0
16868, 136, 252, 397, 0, 0, 26.70%, 0, 0, 4, 409.23, 5806799, 558, 0, 0
16873, 136, 177, 397, 0, 0, 26.70%, 0, 0, 4, 416.52, 5808347, 558, 0, 0
16878, 137, 55, 397, 0, 0, 26.70%, 0, 0, 4, 412.94, 5809808, 558, 0, 0
16883, 137, 396, 397, 0, 0, 26.70%, 0, 0, 4, 402.43, 5811779, 558, 0, 0
16888, 137, 382, 397, 0, 0, 26.70%, 0, 0, 4, 338.61, 5813205, 558, 0, 0
16893, 137, 384, 397, 0, 0, 26.70%, 0, 0, 4, 393.03, 5814703, 558, 0, 0
16898, 137, 354, 397, 0, 0, 26.70%, 0, 0, 4, 32.70, 5816510, 558, 0, 0
16903, 137, 311, 397, 0, 0, 26.70%, 0, 0, 4, 416.49, 5818291, 558, 0, 0
16909, 137, 21, 397, 0, 0, 26.70%, 0, 0, 4, 412.68, 5819847, 558, 0, 0
16914, 137, 371, 397, 0, 0, 26.70%, 0, 0, 4, 417.91, 5821374, 558, 0, 0
16919, 137, 178, 397, 0, 0, 26.70%, 0, 0, 4, 418.07, 5823483, 558, 0, 0
16924, 137, 396, 397, 0, 0, 26.70%, 0, 0, 4, 309.70, 5824851, 558, 0, 0
16929, 137, 37, 397, 0, 0, 26.70%, 0, 0, 4, 420.23, 5826291, 558, 0, 0
16934, 137, 359, 397, 0, 0, 26.70%, 0, 0, 4, 32.75, 5827959, 558, 0, 0
16939, 137, 159, 397, 0, 0, 26.70%, 0, 0, 4, 391.63, 5829917, 558, 0, 0
16944, 137, 279, 397, 0, 0, 26.70%, 0, 0, 4, 355.85, 5831410, 558, 0, 0
16950, 137, 275, 397, 0, 0, 26.70%, 0, 0, 4, 249.81, 5832974, 558, 0, 0
16955, 137, 280, 397, 0, 0, 26.70%, 0, 0, 4, 32.86, 5834931, 558, 0, 0
16960, 137, 322, 397, 0, 0, 26.70%, 0, 0, 4, 358.82, 5836638, 558, 0, 0
16965, 137, 47, 397, 0, 0, 26.70%, 0, 0, 4, 410.17, 5838138, 558, 0, 0
16970, 137, 366, 397, 0, 0, 26.70%, 0, 0, 4, 46.93, 5839677, 558, 0, 0
16975, 137, 279, 397, 0, 0, 26.70%, 0, 0, 4, 410.05, 5841790, 558, 0, 0
16980, 137, 85, 397, 0, 0, 26.70%, 0, 0, 4, 407.40, 5843298, 558, 0, 0
16985, 137, 168, 397, 0, 0, 26.70%, 0, 0, 4, 418.44, 5844781, 558, 0, 0
16990, 137, 52, 397, 0, 0, 26.70%, 0, 0, 4, 33.44, 5846680, 558, 0, 0
16996, 137, 195, 397, 0, 0, 26.70%, 0, 0, 4, 361.13, 5848460, 558, 0, 0
17001, 137, 174, 397, 0, 0, 26.70%, 0, 0, 4, 415.70, 5849957, 558, 0, 0
17006, 138, 279, 397, 0, 0, 26.70%, 0, 0, 4, 32.62, 5851395, 558, 0, 0
17011, 138, 52, 397, 0, 0, 26.70%, 0, 0, 4, 406.50, 5853465, 558, 0, 0
17016, 138, 52, 397, 0, 0, 26.70%, 0, 0, 4, 397.49, 5854909, 558, 0, 0
17021, 138, 199, 397, 0, 0, 26.70%, 0, 0, 4, 281.21, 5856395, 558, 0, 0
17026, 138, 159, 397, 0, 0, 26.70%, 0, 0, 4, 32.88, 5858209, 558, 0, 0
17032, 138, 177, 397, 0, 0, 26.70%, 0, 0, 4, 419.33, 5860057, 558, 0, 0
17037, 138, 372, 397, 0, 0, 26.70%, 0, 0, 4, 314.70, 5861509, 558, 0, 0
17042, 138, 396, 397, 0, 0, 26.70%, 0, 0, 4, 340.00, 5862982, 558, 0, 0
17047, 138, 202, 397, 0, 0, 26.70%, 0, 0, 4, 403.22, 5865141, 558, 0, 0
17052, 138, 311, 397, 0, 0, 26.70%, 0, 0, 4, 346.19, 5866637, 558, 0, 0
17057, 138, 52, 397, 0, 0, 26.70%, 0, 0, 4, 339.20, 5868197, 558, 0, 0
17062, 138, 159, 397, 0, 0, 26.70%, 0, 0, 4, 32.94, 5869946, 558, 0, 0
17067, 138, 280, 397, 0, 0, 26.70%, 0, 0, 4, 420.64, 5871881, 558, 0, 0
17073, 138, 238, 397, 0, 0, 26.70%, 0, 0, 4, 422.79, 5873441, 558, 0, 0
17078, 138, 322, 397, 0, 0, 26.70%, 0, 0, 4, 267.77, 5874955, 558, 0, 0
17083, 138, 156, 397, 0, 0, 26.70%, 0, 0, 4, 32.64, 5876843, 558, 0, 0
17088, 138, 123, 397, 0, 0, 26.70%, 0, 0, 4, 373.72, 5878609, 558, 0, 0
17093, 138, 396, 397, 0, 0, 26.70%, 0, 0, 4, 397.50, 5880072, 558, 0, 0
17098, 138, 200, 397, 0, 0, 26.70%, 0, 0, 4, 265.68, 5881545, 558, 0, 0
17104, 138, 225, 397, 0, 0, 26.70%, 0, 0, 4, 376.15, 5883684, 558, 0, 0
17109, 138, 232, 397, 0, 0, 26.70%, 0, 0, 4, 414.17, 5885240, 558, 0, 0
17114, 138, 259, 397, 0, 0, 26.70%, 0, 0, 4, 280.92, 5886755, 558, 0, 0
17119, 138, 255, 397, 0, 0, 26.70%, 0, 0, 4, 32.01, 5888349, 558, 0, 0
17124, 138, 372, 397, 0, 0, 26.70%, 0, 0, 4, 388.79, 5890307, 558, 0, 0
17129, 138, 260, 397, 0, 0, 26.70%, 0, 0, 4, 423.47, 5891816, 558, 0, 0
17134, 138, 143, 397, 0, 0, 26.70%, 0, 0, 4, 422.27, 5893296, 558, 0, 0
17139, 139, 245, 397, 0, 0, 26.70%, 0, 0, 4, 32.79, 5895272, 558, 0, 0
17144, 139, 91, 397, 0, 0, 26.70%, 0, 0, 4, 391.04, 5896914, 558, 0, 0
17150, 139, 159, 397, 0, 0, 26.70%, 0, 0, 4, 299.18, 5898480, 558, 0, 0
17155, 139, 259, 397, 0, 0, 26.70%, 0, 0, 4, 179.10, 5899992, 558, 0, 0
17160, 139, 43, 397, 0, 0, 26.70%, 0, 0, 4, 370.48, 5902142, 558, 0, 0
17165, 139, 177, 397, 0, 0, 26.70%, 0, 0, 4, 418.31, 5903716, 558, 0, 0
17170, 139, 159, 397, 0, 0, 26.70%, 0, 0, 4, 339.42, 5905129, 558, 0, 0
17175, 139, 190, 397, 0, 0, 26.70%, 0, 0, 4, 50.15, 5906880, 558, 0, 0
17180, 139, 396, 397, 0, 0, 26.70%, 0, 0, 4, 408.81, 5908795, 558, 0, 0
17186, 139, 47, 397, 0, 0, 26.70%, 0, 0, 4, 374.58, 5910310, 558, 0, 0
17191, 139, 101, 397, 0, 0, 26.70%, 0, 0, 4, 354.08, 5911868, 558, 0, 0
17196, 139, 195, 397, 0, 0, 26.70%, 0, 0, 4, 385.64, 5913882, 558, 0, 0
17201, 139, 202, 397, 0, 0, 26.70%, 0, 0, 4, 397.60, 5915420, 558, 0, 0
17206, 139, 396, 397, 0, 0, 26.70%, 0, 0, 4, 350.95, 5916876, 558, 0, 0
17211, 139, 260, 397, 0, 0, 26.70%, 0, 0, 4, 32.08, 5918485, 558, 0, 0
17216, 139, 284, 397, 0, 0, 26.70%, 0, 0, 4, 380.14, 5920527, 558, 0, 0
17221, 139, 279, 397, 0, 0, 26.70%, 0, 0, 4, 337.13, 5921940, 558, 0, 0
17226, 139, 245, 397, 0, 0, 26.70%, 0, 0, 4, 415.01, 5923450, 558, 0, 0
17232, 139, 168, 397, 0, 0, 26.70%, 0, 0, 4, 70.35, 5925320, 558, 0, 0
17237, 139, 372, 397, 0, 0, 26.70%, 0, 0, 4, 417.91, 5926958, 558, 0, 0
17242, 139, 319, 397, 0, 0, 26.70%, 0, 0, 4, 323.30, 5928492, 558, 0, 0
17247, 139, 337, 397, 0, 0, 26.70%, 0, 0, 4, 33.20, 5930020, 558, 0, 0
17252, 139, 396, 397, 0, 0, 26.70%, 0, 0, 4, 362.59, 5932088, 558, 0, 0
17257, 139, 337, 397, 0, 0, 26.70%, 0, 0, 4, 326.05, 5933580, 558, 0, 0
17262, 139, 47, 397, 0, 0, 26.70%, 0, 0, 4, 417.53, 5935066, 558, 0, 0
17267, 140, 378, 397, 0, 0, 26.70%, 0, 0, 4, 32.93, 5936885, 558, 0, 0
17272, 140, 111, 397, 0, 0, 26.70%, 0, 0, 4, 378.07, 5938360, 558, 0, 0
17277, 140, 222, 397, 0, 0, 26.70%, 0, 0, 4, 421.70, 5939889, 558, 0, 0
17282, 140, 359, 397, 0, 0, 26.70%, 0, 0, 4, 420.20, 5941373, 558, 0, 0
17288, 140, 157, 397, 0, 0, 26.70%, 0, 0, 4, 57.28, 5943449, 558, 0, 0
17293, 140, 337, 397, 0, 0, 26.70%, 0, 0, 4, 404.94, 5945021, 558, 0, 0
17298, 140, 376, 397, 0, 0, 26.70%, 0, 0, 4, 384.91, 5946532, 558, 0, 0
17303, 140, 304, 397, 0, 0, 26.70%, 0, 0, 4, 33.26, 5948160, 558, 0, 0
17308, 140, 337, 397, 0, 0, 26.70%, 0, 0, 4, 361.19, 5950088, 558, 0, 0
17313, 140, 307, 397, 0, 0, 26.70%, 0, 0, 4, 368.08, 5951432, 558, 0, 0
17318, 140, 358, 397, 0, 0, 26.70%, 0, 0, 4, 353.65, 5952943, 558, 0, 0
17323, 140, 337, 397, 0, 0, 26.70%, 0, 0, 4, 32.20, 5954716, 558, 0, 0
17329, 140, 199, 397, 0, 0, 26.70%, 0, 0, 4, 377.67, 5956681, 558, 0, 0
17334, 140, 396, 397, 0, 0, 26.70%, 0, 0, 4, 400.42, 5958181, 558, 0, 0
17339, 140, 337, 397, 0, 0, 26.70%, 0, 0, 4, 388.53, 5959674, 558, 0, 0
17344, 140, 361, 397, 0, 0, 26.70%, 0, 0, 4, 33.75, 5961467, 558, 0, 0
17349, 140, 195, 397, 0, 0, 26.70%, 0, 0, 4, 364.23, 5963353, 558, 0, 0
17354, 140, 359, 397, 0, 0, 26.70%, 0, 0, 4, 340.28, 5964797, 558, 0, 0
17359, 140, 322, 397, 0, 0, 26.70%, 0, 0, 4, 371.51, 5966346, 558, 0, 0
17364, 140, 47, 397, 0, 0, 26.70%, 0, 0, 4, 32.86, 5968309, 558, 0, 0
17369, 140, 354, 397, 0, 0, 26.70%, 0, 0, 4, 418.83, 5969913, 558, 0, 0
17374, 140, 202, 397, 0, 0, 26.70%, 0, 0, 4, 355.00, 5971374, 558, 0, 0
17379, 140, 377, 397, 0, 0, 26.70%, 0, 0, 4, 415.92, 5972881, 558, 0, 0
17384, 140, 81, 397, 0, 0, 26.70%, 0, 0, 4, 394.05, 5974881, 558, 0, 0
17390, 140, 361, 397, 0, 0, 26.70%, 0, 0, 4, 417.42, 5976497, 558, 0, 0
17395, 141, 245, 397, 0, 0, 26.70%, 0, 0, 4, 410.42, 5977997, 558, 0, 0
17400, 141, 354, 397, 0, 0, 26.70%, 0, 0, 4, 62.52, 5979516, 558, 0, 0
17405, 141, 5, 397, 0, 0, 26.70%, 0, 0, 4, 420.91, 5981473, 558, 0, 0
17410, 141, 337, 397, 0, 0, 26.70%, 0, 0, 4, 333.96, 5983021, 558, 0, 0
17415, 141, 354, 397, 0, 0, 26.70%, 0, 0, 4, 276.00, 5984524, 558, 0, 0
17420, 141, 34, 397, 0, 0, 26.70%, 0, 0, 4, 33.42, 5986223, 558, 0, 0
17425, 141, 337, 397, 0, 0, 26.70%, 0, 0, 4, 400.05, 5988174, 558, 0, 0
17431, 141, 55, 397, 0, 0, 26.70%, 0, 0, 4, 401.10, 5989695, 558, 0, 0
17436, 141, 361, 397, 0, 0, 26.70%, 0, 0, 4, 416.67, 5991213, 558, 0, 0
17441, 141, 184, 397, 0, 0, 26.70%, 0, 0, 4, 31.55, 5992946, 558, 0, 0
17446, 141, 143, 397, 0, 0, 26.70%, 0, 0, 4, 397.60, 5994656, 558, 0, 0
17451, 141, 234, 397, 0, 0, 26.70%, 0, 0, 4, 323.65, 5996181, 558, 0, 0
17456, 141, 190, 397, 0, 0, 26.70%, 0, 0, 4, 275.13, 5997720, 558, 0, 0
17461, 141, 291, 397, 0, 0, 26.70%, 0, 0, 4, 38.25, 5999706, 558, 0, 0
17466, 141, 184, 397, 0, 0, 26.70%, 0, 0, 4, 414.18, 6001306, 558, 0, 0
17471, 141, 198, 397, 0, 0, 26.70%, 0, 0, 4, 413.99, 6002790, 558, 0, 0
17476, 141, 199, 397, 0, 0, 26.70%, 0, 0, 4, 66.91, 6004417, 558, 0, 0
17481, 141, 195, 397, 0, 0, 26.70%, 0, 0, 4, 395.42, 6006457, 558, 0, 0
17487, 141, 172, 397, 0, 0, 26.70%, 0, 0, 4, 352.39, 6007962, 558, 0, 0
17492, 141, 372, 397, 0, 0, 26.70%, 0, 0, 4, 261.72, 6009470, 558, 0, 0
17497, 141, 101, 397, 0, 0, 26.70%, 0, 0, 4, 33.08, 6011313, 558, 0, 0
17502, 141, 360, 397, 0, 0, 26.70%, 0, 0, 4, 415.07, 6013146, 558, 0, 0
17507, 141, 372, 397, 0, 0, 26.70%, 0, 0, 4, 297.24, 6014615, 558, 0, 0
17512, 141, 396, 397, 0, 0, 26.70%, 0, 0, 4, 277.01, 6016125, 558, 0, 0
17517, 141, 55, 397, 0, 0, 26.70%, 0, 0, 4, 380.58, 6018248, 558, 0, 0
17522, 142, 121, 397, 0, 0, 26.70%, 0, 0, 4, 410.16, 6019733, 558, 0, 0
17527, 142, 42, 397, 0, 0, 26.70%, 0, 0, 4, 418.09, 6021224, 558, 0, 0
17533, 142, 205, 397, 0, 0, 26.70%, 0, 0, 4, 32.91, 6022942, 558, 0, 0
17538, 142, 327, 397, 0, 0, 26.70%, 0, 0, 4, 394.39, 6024907, 558, 0, 0
17543, 142, 275, 397, 0, 0, 26.70%, 0, 0, 4, 373.38, 6026398, 558, 0, 0
17548, 142, 319, 397, 0, 0, 26.70%, 0, 0, 4, 412.59, 6027932, 558, 0, 0
17553, 142, 177, 397, 0, 0, 26.70%, 0, 0, 4, 75.75, 6029830, 558, 0, 0
17558, 142, 372, 397, 0, 0, 26.70%, 0, 0, 4, 412.56, 6031588, 558, 0, 0
17563, 142, 173, 397, 0, 0, 26.70%, 0, 0, 4, 337.33, 6033118, 558, 0, 0
17569, 142, 143, 397, 0, 0, 26.70%, 0, 0, 4, 410.89, 6034610, 558, 0, 0
17574, 142, 372, 397, 0, 0, 26.70%, 0, 0, 4, 412.85, 6036732, 558, 0, 0
17579, 142, 47, 397, 0, 0, 26.70%, 0, 0, 4, 407.37, 6038288, 558, 0, 0
17584, 142, 361, 397, 0, 0, 26.70%, 0, 0, 4, 382.48, 6039707, 558, 0, 0
17589, 142, 359, 397, 0, 0, 26.70%, 0, 0, 4, 33.34, 6041291, 558, 0, 0
17594, 142, 199, 397, 0, 0, 26.70%, 0, 0, 4, 413.54, 6043208, 558, 0, 0
17599, 142, 143, 397, 0, 0, 26.70%, 0, 0, 4, 418.25, 6044732, 558, 0, 0
17605, 142, 279, 397, 0, 0, 26.70%, 0, 0, 4, 404.79, 6046296, 558, 0, 0
17610, 142, 337, 397, 0, 0, 26.70%, 0, 0, 4, 32.85, 6048107, 558, 0, 0
17615, 142, 202, 397, 0, 0, 26.70%, 0, 0, 4, 419.41, 6049900, 558, 0, 0
17620, 142, 159, 397, 0, 0, 26.70%, 0, 0, 4, 414.50, 6051380, 558, 0, 0
17625, 142, 280, 397, 0, 0, 26.70%, 0, 0, 4, 410.00, 6052941, 558, 0, 0
17630, 142, 195, 397, 0, 0, 26.70%, 0, 0, 4, 398.63, 6055056, 558, 0, 0
17635, 142, 167, 397, 0, 0, 26.70%, 0, 0, 4, 377.04, 6056703, 558, 0, 0
17640, 142, 33, 397, 0, 0, 26.70%, 0, 0, 4, 408.09, 6058191, 558, 0, 0
17646, 142, 396, 397, 0, 0, 26.70%, 0, 0, 4, 393.03, 6059677, 558, 0, 0
17651, 143, 280, 397, 0, 0, 26.70%, 0, 0, 4, 406.12, 6061815, 558, 0, 0
17656, 143, 372, 397, 0, 0, 26.70%, 0, 0, 4, 336.39, 6063305, 558, 0, 0
17661, 143, 245, 397, 0, 0, 26.70%, 0, 0, 4, 418.29, 6064855, 558, 0, 0
17666, 143, 52, 397, 0, 0, 26.70%, 0, 0, 4, 32.29, 6066575, 558, 0, 0
17671, 143, 396, 397, 0, 0, 26.70%, 0, 0, 4, 407.57, 6068531, 558, 0, 0
17677, 143, 177, 397, 0, 0, 26.70%, 0, 0, 4, 411.23, 6070091, 558, 0, 0
17682, 143, 337, 397, 0, 0, 26.70%, 0, 0, 4, 326.63, 6071587, 558, 0, 0
17687, 143, 382, 397, 0, 0, 26.70%, 0, 0, 4, 33.18, 6073510, 558, 0, 0
17692, 143, 354, 397, 0, 0, 26.70%, 0, 0, 4, 365.59, 6075245, 558, 0, 0
17697, 143, 245, 397, 0, 0, 26.70%, 0, 0, 4, 419.27, 6076799, 558, 0, 0
17702, 143, 18, 397, 0, 0, 26.70%, 0, 0, 4, 377.73, 6078338, 558, 0, 0
17707, 143, 337, 397, 0, 0, 26.70%, 0, 0, 4, 392.33, 6080347, 558, 0, 0
17712, 143, 135, 397, 0, 0, 26.70%, 0, 0, 4, 415.67, 6081955, 558, 0, 0
17717, 143, 168, 397, 0, 0, 26.70%, 0, 0, 4, 415.25, 6083431, 558, 0, 0
17722, 143, 230, 397, 0, 0, 26.70%, 0, 0, 4, 32.91, 6084938, 558, 0, 0
17728, 143, 396, 397, 0, 0, 26.70%, 0, 0, 4, 393.85, 6086989, 558, 0, 0
17733, 143, 180, 397, 0, 0, 26.70%, 0, 0, 4, 354.70, 6088417, 558, 0, 0
17738, 143, 5, 397, 0, 0, 26.70%, 0, 0, 4, 419.62, 6089898, 558, 0, 0
17743, 143, 55, 397, 0, 0, 26.70%, 0, 0, 4, 405.20, 6091982, 558, 0, 0
17748, 143, 354, 397, 0, 0, 26.70%, 0, 0, 4, 375.35, 6093448, 558, 0, 0
17753, 143, 366, 397, 0, 0, 26.70%, 0, 0, 4, 330.11, 6094846, 558, 0, 0
17758, 143, 52, 397, 0, 0, 26.70%, 0, 0, 4, 258.71, 6096372, 558, 0, 0
17763, 143, 361, 397, 0, 0, 26.70%, 0, 0, 4, 385.43, 6098520, 558, 0, 0
17768, 143, 248, 397, 0, 0, 26.70%, 0, 0, 4, 329.77, 6099992, 558, 0, 0
17773, 143, 195, 397, 0, 0, 26.70%, 0, 0, 4, 405.60, 6101390, 558, 0, 0
17778, 144, 177, 397, 0, 0, 26.70%, 0, 0, 4, 32.94, 6103027, 558, 0, 0
17784, 144, 130, 397, 0, 0, 26.70%, 0, 0, 4, 408.27, 6104946, 558, 0, 0
17789, 144, 371, 397, 0, 0, 26.70%, 0, 0, 4, 419.78, 6106446, 558, 0, 0
17794, 144, 195, 397, 0, 0, 26.70%, 0, 0, 4, 412.94, 6107837, 558, 0, 0
17799, 144, 311, 397, 0, 0, 26.70%, 0, 0, 4, 412.64, 6109890, 558, 0, 0
17804, 144, 195, 397, 0, 0, 26.70%, 0, 0, 4, 420.20, 6111358, 558, 0, 0
17809, 144, 372, 397, 0, 0, 26.70%, 0, 0, 4, 421.71, 6112838, 558, 0, 0
17814, 144, 159, 397, 0, 0, 26.70%, 0, 0, 4, 33.33, 6114785, 558, 0, 0
17819, 144, 327, 397, 0, 0, 26.70%, 0, 0, 4, 358.10, 6116571, 558, 0, 0
17824, 144, 21, 397, 0, 0, 26.70%, 0, 0, 4, 369.54, 6118106, 558, 0, 0
17829, 144, 322, 397, 0, 0, 26.70%, 0, 0, 4, 352.89, 6119598, 558, 0, 0
17835, 144, 205, 397, 0, 0, 26.70%, 0, 0, 4, 385.17, 6121698, 558, 0, 0
17840, 144, 396, 397, 0, 0, 26.70%, 0, 0, 4, 405.02, 6123338, 558, 0, 0
17845, 144, 396, 397, 0, 0, 26.70%, 0, 0, 4, 312.37, 6124690, 558, 0, 0
17850, 144, 6, 397, 0, 0, 26.70%, 0, 0, 4, 360.56, 6126192, 558, 0, 0
17855, 144, 47, 397, 0, 0, 26.70%, 0, 0, 4, 34.40, 6128148, 558, 0, 0
17860, 144, 52, 397, 0, 0, 26.70%, 0, 0, 4, 374.05, 6129778, 558, 0, 0
17865, 144, 372, 397, 0, 0, 26.70%, 0, 0, 4, 322.63, 6131292, 558, 0, 0
17871, 144, 159, 397, 0, 0, 26.70%, 0, 0, 4, 417.91, 6132753, 558, 0, 0
17876, 144, 184, 397, 0, 0, 26.70%, 0, 0, 4, 408.59, 6134774, 558, 0, 0
17881, 144, 168, 397, 0, 0, 26.70%, 0, 0, 4, 412.20, 6136338, 558, 0, 0
17886, 144, 354, 397, 0, 0, 26.70%, 0, 0, 4, 274.81, 6137790, 558, 0, 0
17891, 144, 168, 397, 0, 0, 26.70%, 0, 0, 4, 32.98, 6139341, 558, 0, 0
17896, 144, 181, 397, 0, 0, 26.70%, 0, 0, 4, 370.83, 6141424, 558, 0, 0
17901, 144, 354, 397, 0, 0, 26.70%, 0, 0, 4, 418.44, 6142933, 558, 0, 0
17906, 145, 202, 397, 0, 0, 26.70%, 0, 0, 4, 278.82, 6144400, 558, 0, 0
17911, 145, 279, 397, 0, 0, 26.70%, 0, 0, 4, 32.28, 6146037, 558, 0, 0
17916, 145, 371, 397, 0, 0, 26.70%, 0, 0, 4, 339.21, 6147943, 558, 0, 0
17922, 145, 396, 397, 0, 0, 26.70%, 0, 0, 4, 413.37, 6149461, 558, 0, 0
17927, 145, 279, 397, 0, 0, 26.70%, 0, 0, 4, 419.88, 6150973, 558, 0, 0
17932, 145, 361, 397, 0, 0, 26.70%, 0, 0, 4, 57.44, 6152734, 558, 0, 0
17937, 145, 159, 397, 0, 0, 26.70%, 0, 0, 4, 387.84, 6154623, 558, 0, 0
17942, 145, 184, 397, 0, 0, 26.70%, 0, 0, 4, 416.18, 6156157, 558, 0, 0
17947, 145, 396, 397, 0, 0, 26.70%, 0, 0, 4, 209.91, 6157561, 558, 0, 0
17952, 145, 371, 397, 0, 0, 26.70%, 0, 0, 4, 353.29, 6159609, 558, 0, 0
17958, 145, 374, 397, 0, 0, 26.70%, 0, 0, 4, 389.08, 6161260, 558, 0, 0
17963, 145, 354, 397, 0, 0, 26.70%, 0, 0, 4, 364.78, 6162696, 558, 0, 0
17968, 145, 84, 397, 0, 0, 26.70%, 0, 0, 4, 34.74, 6164239, 558, 0, 0
17973, 145, 166, 397, 0, 0, 26.70%, 0, 0, 4, 399.66, 6166250, 558, 0, 0
17978, 145, 322, 397, 0, 0, 26.70%, 0, 0, 4, 401.45, 6167665, 558, 0, 0
17983, 145, 396, 397, 0, 0, 26.70%, 0, 0, 4, 406.90, 6169101, 558, 0, 0
17988, 145, 319, 397, 0, 0, 26.70%, 0, 0, 4, 33.64, 6170909, 558, 0, 0
17993, 145, 219, 397, 0, 0, 26.70%, 0, 0, 4, 418.28, 6172773, 558, 0, 0
17998, 145, 334, 397, 0, 0, 26.70%, 0, 0, 4, 361.83, 6174295, 558, 0, 0
18003, 145, 55, 397, 0, 0, 26.70%, 0, 0, 4, 339.33, 6175809, 558, 0, 0
18009, 145, 93, 397, 0, 0, 26.70%, 0, 0, 4, 383.08, 6177888, 558, 0, 0
18014, 145, 396, 397, 0, 0, 26.70%, 0, 0, 4, 336.39, 6179427, 558, 0, 0
18019, 145, 322, 397, 0, 0, 26.70%, 0, 0, 4, 352.66, 6180861, 558, 0, 0
18024, 145, 280, 397, 0, 0, 26.70%, 0, 0, 4, 288.56, 6182323, 558, 0, 0
18029, 145, 209, 397, 0, 0, 26.70%, 0, 0, 4, 393.35, 6184481, 558, 0, 0
18034, 145, 327, 397, 0, 0, 26.70%, 0, 0, 4, 410.92, 6185988, 558, 0, 0
18039, 146, 160, 397, 0, 0, 26.70%, 0, 0, 4, 417.83, 6187524, 558, 0, 0
18044, 146, 47, 397, 0, 0, 26.70%, 0, 0, 4, 32.43, 6189384, 558, 0, 0
18049, 146, 245, 397, 0, 0, 26.70%, 0, 0, 4, 393.93, 6191198, 558, 0, 0
18055, 146, 245, 397, 0, 0, 26.70%, 0, 0, 4, 418.21, 6192756, 558, 0, 0
18060, 146, 47, 397, 0, 0, 26.70%, 0, 0, 4, 211.56, 6194251, 558, 0, 0
18065, 146, 279, 397, 0, 0, 26.70%, 0, 0, 4, 366.59, 6196356, 558, 0, 0
18070, 146, 199, 397, 0, 0, 26.70%, 0, 0, 4, 368.74, 6197877, 558, 0, 0
18075, 146, 133, 397, 0, 0, 26.70%, 0, 0, 4, 274.77, 6199345, 558, 0, 0
18080, 146, 260, 397, 0, 0, 26.70%, 0, 0, 4, 33.43, 6201166, 558, 0, 0
18085, 146, 143, 397, 0, 0, 26.70%, 0, 0, 4, 398.76, 6203059, 558, 0, 0
18090, 146, 396, 397, 0, 0, 26.70%, 0, 0, 4, 336.04, 6204577, 558, 0, 0
18096, 146, 372, 397, 0, 0, 26.70%, 0, 0, 4, 415.18, 6206099, 558, 0, 0
18101, 146, 177, 397, 0, 0, 26.70%, 0, 0, 4, 412.17, 6208171, 558, 0, 0
18106, 146, 195, 397, 0, 0, 26.70%, 0, 0, 4, 381.85, 6209673, 558, 0, 0
18111, 146, 143, 397, 0, 0, 26.70%, 0, 0, 4, 409.35, 6211155, 558, 0, 0
18116, 146, 179, 397, 0, 0, 26.70%, 0, 0, 4, 33.06, 6212887, 558, 0, 0
18121, 146, 280, 397, 0, 0, 26.70%, 0, 0, 4, 417.27, 6214815, 558, 0, 0
18126, 146, 205, 397, 0, 0, 26.70%, 0, 0, 4, 413.19, 6216291, 558, 0, 0
18131, 146, 195, 397, 0, 0, 26.70%, 0, 0, 4, 368.31, 6217774, 558, 0, 0
18136, 146, 159, 397, 0, 0, 26.70%, 0, 0, 4, 403.72, 6219907, 558, 0, 0
18141, 146, 32, 397, 0, 0, 26.70%, 0, 0, 4, 416.17, 6221423, 558, 0, 0
18147, 146, 205, 397, 0, 0, 26.70%, 0, 0, 4, 394.39, 6222952, 558, 0, 0
18152, 146, 337, 397, 0, 0, 26.70%, 0, 0, 4, 32.71, 6224731, 558, 0, 0
18157, 146, 382, 397, 0, 0, 26.70%, 0, 0, 4, 376.20, 6226538, 558, 0, 0
18162, 147, 396, 397, 0, 0, 26.70%, 0, 0, 4, 384.15, 6228103, 558, 0, 0
18167, 147, 199, 397, 0, 0, 26.70%, 0, 0, 4, 420.04, 6229607, 558, 0, 0
18172, 147, 205, 397, 0, 0, 26.70%, 0, 0, 4, 70.38, 6231707, 558, 0, 0
18178, 147, 5, 397, 0, 0, 26.70%, 0, 0, 4, 406.60, 6233382, 558, 0, 0
18183, 147, 189, 397, 0, 0, 26.70%, 0, 0, 4, 417.74, 6234906, 558, 0, 0
18188, 147, 396, 397, 0, 0, 26.70%, 0, 0, 4, 39.81, 6236411, 558, 0, 0
18193, 147, 359, 397, 0, 0, 26.70%, 0, 0, 4, 396.95, 6238527, 558, 0, 0
18198, 147, 396, 397, 0, 0, 26.70%, 0, 0, 4, 333.89, 6239999, 558, 0, 0
18203, 147, 372, 397, 0, 0, 26.70%, 0, 0, 4, 415.38, 6241481, 558, 0, 0
18208, 147, 80, 397, 0, 0, 26.70%, 0, 0, 4, 69.64, 6243270, 558, 0, 0
18214, 147, 371, 397, 0, 0, 26.70%, 0, 0, 4, 397.59, 6245160, 558, 0, 0
18219, 147, 52, 397, 0, 0, 26.70%, 0, 0, 4, 341.65, 6246709, 558, 0, 0
18224, 147, 190, 397, 0, 0, 26.70%, 0, 0, 4, 322.21, 6248179, 558, 0, 0
18229, 147, 159, 397, 0, 0, 26.70%, 0, 0, 4, 368.97, 6250246, 558, 0, 0
18234, 147, 396, 397, 0, 0, 26.70%, 0, 0, 4, 358.81, 6251867, 558, 0, 0
18239, 147, 202, 397, 0, 0, 26.70%, 0, 0, 4, 291.63, 6253330, 558, 0, 0
18245, 147, 199, 397, 0, 0, 26.70%, 0, 0, 4, 223.88, 6254741, 558, 0, 0
18250, 147, 245, 397, 0, 0, 26.70%, 0, 0, 4, 379.32, 6256895, 558, 0, 0
18255, 147, 30, 397, 0, 0, 26.70%, 0, 0, 4, 409.02, 6258389, 558, 0, 0
18260, 147, 143, 397, 0, 0, 26.70%, 0, 0, 4, 416.07, 6259873, 558, 0, 0
18265, 147, 359, 397, 0, 0, 26.70%, 0, 0, 4, 35.17, 6261703, 558, 0, 0
18270, 147, 177, 397, 0, 0, 26.70%, 0, 0, 4, 379.50, 6263567, 558, 0, 0
18275, 147, 245, 397, 0, 0, 26.70%, 0, 0, 4, 302.79, 6265015, 558, 0, 0
18280, 147, 177, 397, 0, 0, 26.70%, 0, 0, 4, 32.86, 6266495, 558, 0, 0
18285, 147, 396, 397, 0, 0, 26.70%, 0, 0, 4, 387.49, 6268516, 558, 0, 0
18291, 148, 245, 397, 0, 0, 26.70%, 0, 0, 4, 389.01, 6270023, 558, 0, 0
18296, 148, 361, 397, 0, 0, 26.70%, 0, 0, 4, 251.47, 6271501, 558, 0, 0
18301, 148, 286, 397, 0, 0, 26.70%, 0, 0, 4, 33.18, 6273213, 558, 0, 0
18306, 148, 354, 397, 0, 0, 26.70%, 0, 0, 4, 421.16, 6275008, 558, 0, 0
18311, 148, 337, 397, 0, 0, 26.70%, 0, 0, 4, 397.01, 6276459, 558, 0, 0
18316, 148, 377, 397, 0, 0, 26.70%, 0, 0, 4, 415.00, 6277970, 558, 0, 0
18321, 148, 260, 397, 0, 0, 26.70%, 0, 0, 4, 410.30, 6279991, 558, 0, 0
18326, 148, 319, 397, 0, 0, 26.70%, 0, 0, 4, 404.05, 6281515, 558, 0, 0
18331, 148, 63, 397, 0, 0, 26.70%, 0, 0, 4, 420.01, 6283047, 558, 0, 0
18336, 148, 179, 397, 0, 0, 26.70%, 0, 0, 4, 32.32, 6284704, 558, 0, 0
18342, 148, 47, 397, 0, 0, 26.70%, 0, 0, 4, 363.81, 6286731, 558, 0, 0
18347, 148, 118, 397, 0, 0, 26.70%, 0, 0, 4, 341.48, 6288271, 558, 0, 0
18352, 148, 202, 397, 0, 0, 26.70%, 0, 0, 4, 232.19, 6289755, 558, 0, 0
18357, 148, 202, 397, 0, 0, 26.70%, 0, 0, 4, 32.79, 6291631, 558, 0, 0
18362, 148, 195, 397, 0, 0, 26.70%, 0, 0, 4, 352.60, 6293399, 558, 0, 0
18367, 148, 366, 397, 0, 0, 26.70%, 0, 0, 4, 375.32, 6294782, 558, 0, 0
18372, 148, 48, 397, 0, 0, 26.70%, 0, 0, 4, 417.91, 6296275, 558, 0, 0
18377, 148, 396, 397, 0, 0, 26.70%, 0, 0, 4, 378.67, 6298152, 558, 0, 0
18382, 148, 396, 397, 0, 0, 26.70%, 0, 0, 4, 367.59, 6299664, 558, 0, 0
18387, 148, 396, 397, 0, 0, 26.70%, 0, 0, 4, 346.16, 6301093, 558, 0, 0
18392, 148, 52, 397, 0, 0, 26.70%, 0, 0, 4, 58.26, 6302659, 558, 0, 0
18398, 148, 177, 397, 0, 0, 26.70%, 0, 0, 4, 404.85, 6304715, 558, 0, 0
18403, 148, 194, 397, 0, 0, 26.70%, 0, 0, 4, 414.22, 6306199, 558, 0, 0
18408, 148, 198, 397, 0, 0, 26.70%, 0, 0, 4, 335.70, 6307705, 558, 0, 0
18413, 148, 279, 397, 0, 0, 26.70%, 0, 0, 4, 33.82, 6309703, 558, 0, 0
18418, 149, 291, 397, 0, 0, 26.70%, 0, 0, 4, 416.83, 6311291, 558, 0, 0
18423, 149, 319, 397, 0, 0, 26.70%, 0, 0, 4, 419.72, 6312847, 558, 0, 0
18428, 149, 184, 397, 0, 0, 26.70%, 0, 0, 4, 32.97, 6314380, 558, 0, 0
18433, 149, 168, 397, 0, 0, 26.70%, 0, 0, 4, 393.87, 6316473, 558, 0, 0
18438, 149, 337, 397, 0, 0, 26.70%, 0, 0, 4, 385.53, 6317810, 558, 0, 0
18443, 149, 80, 397, 0, 0, 26.70%, 0, 0, 4, 422.25, 6319263, 558, 0, 0
18449, 149, 113, 397, 0, 0, 26.70%, 0, 0, 4, 32.71, 6320911, 558, 0, 0
18454, 149, 261, 397, 0, 0, 26.70%, 0, 0, 4, 375.34, 6322945, 558, 0, 0
18459, 149, 366, 397, 0, 0, 26.70%, 0, 0, 4, 322.19, 6324453, 558, 0, 0
18464, 149, 359, 397, 0, 0, 26.70%, 0, 0, 4, 403.60, 6325963, 558, 0, 0
18469, 149, 55, 397, 0, 0, 26.70%, 0, 0, 4, 33.13, 6327857, 558, 0, 0
18474, 149, 309, 397, 0, 0, 26.70%, 0, 0, 4, 418.49, 6329558, 558, 0, 0
18479, 149, 396, 397, 0, 0, 26.70%, 0, 0, 4, 206.14, 6330947, 558, 0, 0
18484, 149, 184, 397, 0, 0, 26.70%, 0, 0, 4, 32.44, 6332433, 558, 0, 0
18489, 149, 336, 397, 0, 0, 26.70%, 0, 0, 4, 411.48, 6334557, 558, 0, 0
18495, 149, 177, 397, 0, 0, 26.70%, 0, 0, 4, 419.19, 6336121, 558, 0, 0
18500, 149, 57, 397, 0, 0, 26.70%, 0, 0, 4, 408.17, 6337597, 558, 0, 0
18505, 149, 292, 397, 0, 0, 26.70%, 0, 0, 4, 44.86, 6339448, 558, 0, 0
18510, 149, 143, 397, 0, 0, 26.70%, 0, 0, 4, 370.36, 6341239, 558, 0, 0
18515, 149, 171, 397, 0, 0, 26.70%, 0, 0, 4, 334.69, 6342773, 558, 0, 0
18520, 149, 107, 397, 0, 0, 26.70%, 0, 0, 4, 236.59, 6344249, 558, 0, 0
18525, 149, 170, 397, 0, 0, 26.70%, 0, 0, 4, 362.98, 6346353, 558, 0, 0
18531, 149, 354, 397, 0, 0, 26.70%, 0, 0, 4, 395.56, 6347995, 558, 0, 0
18536, 149, 63, 397, 0, 0, 26.70%, 0, 0, 4, 375.69, 6349467, 558, 0, 0
18541, 149, 131, 397, 0, 0, 26.70%, 0, 0, 4, 325.00, 6350921, 558, 0, 0
18546, 150, 55, 397, 0, 0, 26.70%, 0, 0, 4, 385.16, 6353014, 558, 0, 0
18551, 150, 280, 397, 0, 0, 26.70%, 0, 0, 4, 410.91, 6354608, 558, 0, 0
18556, 150, 202, 397, 0, 0, 26.70%, 0, 0, 4, 319.50, 6356148, 558, 0, 0
18562, 150, 354, 397, 0, 0, 26.70%, 0, 0, 4, 63.37, 6357756, 558, 0, 0
18567, 150, 52, 397, 0, 0, 26.70%, 0, 0, 4, 417.93, 6359840, 558, 0, 0
18572, 150, 279, 397, 0, 0, 26.70%, 0, 0, 4, 378.10, 6361307, 558, 0, 0
18577, 150, 91, 397, 0, 0, 26.70%, 0, 0, 4, 417.25, 6362780, 558, 0, 0
18582, 150, 137, 397, 0, 0, 26.70%, 0, 0, 4, 32.44, 6364586, 558, 0, 0
18587, 150, 202, 397, 0, 0, 26.70%, 0, 0, 4, 415.83, 6366424, 558, 0, 0
18592, 150, 205, 397, 0, 0, 26.70%, 0, 0, 4, 417.87, 6367988, 558, 0, 0
18597, 150, 177, 397, 0, 0, 26.70%, 0, 0, 4, 421.11, 6369480, 558, 0, 0
18602, 150, 245, 397, 0, 0, 26.70%, 0, 0, 4, 399.27, 6371523, 558, 0, 0
18608, 150, 359, 397, 0, 0, 26.70%, 0, 0, 4, 421.94, 6373146, 558, 0, 0
18613, 150, 205, 397, 0, 0, 26.70%, 0, 0, 4, 358.30, 6374613, 558, 0, 0
18618, 150, 195, 397, 0, 0, 26.70%, 0, 0, 4, 32.54, 6376192, 558, 0, 0
18623, 150, 143, 397, 0, 0, 26.70%, 0, 0, 4, 378.10, 6378246, 558, 0, 0
18628, 150, 5, 397, 0, 0, 26.70%, 0, 0, 4, 366.18, 6379702, 558, 0, 0
18633, 150, 212, 397, 0, 0, 26.70%, 0, 0, 4, 413.46, 6381225, 558, 0, 0
18638, 150, 184, 397, 0, 0, 26.70%, 0, 0, 4, 53.87, 6383070, 558, 0, 0
18643, 150, 396, 397, 0, 0, 26.70%, 0, 0, 4, 394.57, 6384891, 558, 0, 0
18649, 150, 396, 397, 0, 0, 26.70%, 0, 0, 4, 399.71, 6386376, 558, 0, 0
18654, 150, 354, 397, 0, 0, 26.70%, 0, 0, 4, 273.32, 6387835, 558, 0, 0
18659, 150, 311, 397, 0, 0, 26.70%, 0, 0, 4, 384.23, 6389963, 558, 0, 0
18664, 150, 319, 397, 0, 0, 26.70%, 0, 0, 4, 416.89, 6391508, 558, 0, 0
18669, 150, 195, 397, 0, 0, 26.70%, 0, 0, 4, 411.31, 6393016, 558, 0, 0
18674, 151, 335, 397, 0, 0, 26.70%, 0, 0, 4, 33.15, 6394607, 558, 0, 0
18679, 151, 396, 397, 0, 0, 26.70%, 0, 0, 4, 366.11, 6396705, 558, 0, 0
18685, 151, 396, 397, 0, 0, 26.70%, 0, 0, 4, 382.90, 6398228, 558, 0, 0
18690, 151, 205, 397, 0, 0, 26.70%, 0, 0, 4, 370.90, 6399691, 558, 0, 0
18695, 151, 32, 397, 0, 0, 26.70%, 0, 0, 4, 32.68, 6401435, 558, 0, 0
18700, 151, 93, 397, 0, 0, 26.70%, 0, 0, 4, 411.40, 6403323, 558, 0, 0
18705, 151, 199, 397, 0, 0, 26.70%, 0, 0, 4, 417.33, 6404823, 558, 0, 0
18710, 151, 70, 397, 0, 0, 26.70%, 0, 0, 4, 274.62, 6406335, 558, 0, 0
18715, 151, 184, 397, 0, 0, 26.70%, 0, 0, 4, 32.56, 6408324, 558, 0, 0
18720, 151, 322, 397, 0, 0, 26.70%, 0, 0, 4, 388.17, 6409982, 558, 0, 0
18726, 151, 47, 397, 0, 0, 26.70%, 0, 0, 4, 417.68, 6411555, 558, 0, 0
18731, 151, 205, 397, 0, 0, 26.70%, 0, 0, 4, 405.94, 6412941, 558, 0, 0
18736, 151, 384, 397, 0, 0, 26.70%, 0, 0, 4, 415.93, 6415039, 558, 0, 0
18741, 151, 384, 397, 0, 0, 26.70%, 0, 0, 4, 393.63, 6416531, 558, 0, 0
18746, 151, 280, 397, 0, 0, 26.70%, 0, 0, 4, 419.57, 6418107, 558, 0, 0
18751, 151, 342, 397, 0, 0, 26.70%, 0, 0, 4, 45.85, 6419791, 558, 0, 0
18756, 151, 184, 397, 0, 0, 26.70%, 0, 0, 4, 408.66, 6421655, 558, 0, 0
18761, 151, 371, 397, 0, 0, 26.70%, 0, 0, 4, 386.63, 6423159, 558, 0, 0
18766, 151, 361, 397, 0, 0, 26.70%, 0, 0, 4, 298.13, 6424674, 558, 0, 0
18771, 151, 329, 397, 0, 0, 26.70%, 0, 0, 4, 33.44, 6426580, 558, 0, 0
18777, 151, 304, 397, 0, 0, 26.70%, 0, 0, 4, 392.02, 6428317, 558, 0, 0
18782, 151, 5, 397, 0, 0, 26.70%, 0, 0, 4, 280.54, 6429760, 558, 0, 0
18787, 151, 190, 397, 0, 0, 26.70%, 0, 0, 4, 184.25, 6431247, 558, 0, 0
18792, 151, 337, 397, 0, 0, 26.70%, 0, 0, 4, 366.39, 6433366, 558, 0, 0
18797, 152, 359, 397, 0, 0, 26.70%, 0, 0, 4, 414.63, 6434875, 558, 0, 0
18802, 152, 37, 397, 0, 0, 26.70%, 0, 0, 4, 408.88, 6436307, 558, 0, 0
18807, 152, 202, 397, 0, 0, 26.70%, 0, 0, 4, 34.58, 6437822, 558, 0, 0
18813, 152, 275, 397, 0, 0, 26.70%, 0, 0, 4, 416.59, 6439975, 558, 0, 0
18818, 152, 245, 397, 0, 0, 26.70%, 0, 0, 4, 370.54, 6441496, 558, 0, 0
18823, 152, 354, 397, 0, 0, 26.70%, 0, 0, 4, 418.25, 6442955, 558, 0, 0
18828, 152, 195, 397, 0, 0, 26.70%, 0, 0, 4, 32.98, 6444580, 558, 0, 0
18833, 152, 177, 397, 0, 0, 26.70%, 0, 0, 4, 415.98, 6446583, 558, 0, 0
18838, 152, 371, 397, 0, 0, 26.70%, 0, 0, 4, 406.78, 6448090, 558, 0, 0
18843, 152, 59, 397, 0, 0, 26.70%, 0, 0, 4, 371.54, 6449485, 558, 0, 0
18848, 152, 177, 397, 0, 0, 26.70%, 0, 0, 4, 33.33, 6451348, 558, 0, 0
18853, 152, 195, 397, 0, 0, 26.70%, 0, 0, 4, 357.32, 6453141, 558, 0, 0
18859, 152, 202, 397, 0, 0, 26.70%, 0, 0, 4, 398.19, 6454585, 558, 0, 0
18864, 152, 171, 397, 0, 0, 26.70%, 0, 0, 4, 242.76, 6456074, 558, 0, 0
18869, 152, 177, 397, 0, 0, 26.70%, 0, 0, 4, 363.91, 6458092, 558, 0, 0
18874, 152, 55, 397, 0, 0, 26.70%, 0, 0, 4, 398.30, 6459671, 558, 0, 0
18879, 152, 190, 397, 0, 0, 26.70%, 0, 0, 4, 417.27, 6461190, 558, 0, 0
18884, 152, 159, 397, 0, 0, 26.70%, 0, 0, 4, 32.70, 6462792, 558, 0, 0
18889, 152, 195, 397, 0, 0, 26.70%, 0, 0, 4, 375.63, 6464834, 558, 0, 0
18894, 152, 245, 397, 0, 0, 26.70%, 0, 0, 4, 337.71, 6466274, 558, 0, 0
18900, 152, 55, 397, 0, 0, 26.70%, 0, 0, 4, 311.51, 6467816, 558, 0, 0
18905, 152, 199, 397, 0, 0, 26.70%, 0, 0, 4, 33.05, 6469713, 558, 0, 0
18910, 152, 31, 397, 0, 0, 26.70%, 0, 0, 4, 416.93, 6471474, 558, 0, 0
18915, 152, 359, 397, 0, 0, 26.70%, 0, 0, 4, 410.84, 6472938, 558, 0, 0
18920, 152, 184, 397, 0, 0, 26.70%, 0, 0, 4, 33.47, 6474411, 558, 0, 0
18925, 153, 371, 397, 0, 0, 26.70%, 0, 0, 4, 415.04, 6476558, 558, 0, 0
18930, 153, 159, 397, 0, 0, 26.70%, 0, 0, 4, 397.37, 6478006, 558, 0, 0
18935, 153, 337, 397, 0, 0, 26.70%, 0, 0, 4, 419.35, 6479498, 558, 0, 0
18940, 153, 245, 397, 0, 0, 26.70%, 0, 0, 4, 32.36, 6481120, 558, 0, 0
18946, 153, 311, 397, 0, 0, 26.70%, 0, 0, 4, 413.77, 6483033, 558, 0, 0
18951, 153, 319, 397, 0, 0, 26.70%, 0, 0, 4, 382.18, 6484588, 558, 0, 0
18956, 153, 190, 397, 0, 0, 26.70%, 0, 0, 4, 355.14, 6486009, 558, 0, 0
18961, 153, 311, 397, 0, 0, 26.70%, 0, 0, 4, 32.52, 6487953, 558, 0, 0
18966, 153, 82, 397, 0, 0, 26.70%, 0, 0, 4, 382.57, 6489653, 558, 0, 0
18971, 153, 5, 397, 0, 0, 26.70%, 0, 0, 4, 416.16, 6491165, 558, 0, 0
18977, 153, 47, 397, 0, 0, 26.70%, 0, 0, 4, 419.91, 6492705, 558, 0, 0
18982, 153, 359, 397, 0, 0, 26.70%, 0, 0, 4, 401.30, 6494813, 558, 0, 0
18987, 153, 279, 397, 0, 0, 26.70%, 0, 0, 4, 370.15, 6496367, 558, 0, 0
18992, 153, 47, 397, 0, 0, 26.70%, 0, 0, 4, 414.37, 6497849, 558, 0, 0
18997, 153, 203, 397, 0, 0, 26.70%, 0, 0, 4, 33.37, 6499517, 558, 0, 0
19002, 153, 47, 397, 0, 0, 26.70%, 0, 0, 4, 414.37, 6501533, 558, 0, 0
19007, 153, 372, 397, 0, 0, 26.70%, 0, 0, 4, 411.29, 6503013, 558, 0, 0
19012, 153, 47, 397, 0, 0, 26.70%, 0, 0, 4, 422.71, 6504533, 558, 0, 0
19017, 153, 396, 397, 0, 0, 26.70%, 0, 0, 4, 39.51, 6506557, 558, 0, 0
19023, 153, 177, 397, 0, 0, 26.70%, 0, 0, 4, 381.62, 6508202, 558, 0, 0
19028, 153, 47, 397, 0, 0, 26.70%, 0, 0, 4, 397.00, 6509760, 558, 0, 0
19033, 153, 199, 397, 0, 0, 26.70%, 0, 0, 4, 417.91, 6511308, 558, 0, 0
19038, 153, 396, 397, 0, 0, 26.70%, 0, 0, 4, 394.71, 6513389, 558, 0, 0
19043, 153, 319, 397, 0, 0, 26.70%, 0, 0, 4, 342.85, 6514879, 558, 0, 0
19048, 153, 372, 397, 0, 0, 26.70%, 0, 0, 4, 383.50, 6516367, 558, 0, 0
19053, 154, 371, 397, 0, 0, 26.70%, 0, 0, 4, 32.72, 6518002, 558, 0, 0
19059, 154, 163, 397, 0, 0, 26.70%, 0, 0, 4, 421.64, 6520013, 558, 0, 0
19064, 154, 202, 397, 0, 0, 26.70%, 0, 0, 4, 408.31, 6521441, 558, 0, 0
19069, 154, 337, 397, 0, 0, 26.70%, 0, 0, 4, 416.06, 6522957, 558, 0, 0
19074, 154, 159, 397, 0, 0, 26.70%, 0, 0, 4, 80.54, 6525065, 558, 0, 0
19079, 154, 184, 397, 0, 0, 26.70%, 0, 0, 4, 396.17, 6526667, 558, 0, 0
19084, 154, 371, 397, 0, 0, 26.70%, 0, 0, 4, 347.45, 6528179, 558, 0, 0
19089, 154, 396, 397, 0, 0, 26.70%, 0, 0, 4, 32.75, 6529677, 558, 0, 0
19095, 154, 199, 397, 0, 0, 26.70%, 0, 0, 4, 399.09, 6531774, 558, 0, 0
19100, 154, 372, 397, 0, 0, 26.70%, 0, 0, 4, 343.61, 6533297, 558, 0, 0
19105, 154, 199, 397, 0, 0, 26.70%, 0, 0, 4, 416.97, 6534813, 558, 0, 0
19110, 154, 128, 397, 0, 0, 26.70%, 0, 0, 4, 32.86, 6536562, 558, 0, 0
19115, 154, 14, 397, 0, 0, 26.70%, 0, 0, 4, 406.05, 6538549, 558, 0, 0
19120, 154, 319, 397, 0, 0, 26.70%, 0, 0, 4, 415.69, 6540057, 558, 0, 0
19125, 154, 396, 397, 0, 0, 26.70%, 0, 0, 4, 408.81, 6541461, 558, 0, 0
19130, 154, 202, 397, 0, 0, 26.70%, 0, 0, 4, 397.51, 6543473, 558, 0, 0
19135, 154, 360, 397, 0, 0, 26.70%, 0, 0, 4, 366.59, 6545042, 558, 0, 0
19141, 154, 280, 397, 0, 0, 26.70%, 0, 0, 4, 416.08, 6546608, 558, 0, 0
19146, 154, 168, 397, 0, 0, 26.70%, 0, 0, 4, 32.97, 6548183, 558, 0, 0
19151, 154, 199, 397, 0, 0, 26.70%, 0, 0, 4, 372.45, 6550284, 558, 0, 0
19156, 154, 143, 397, 0, 0, 26.70%, 0, 0, 4, 387.38, 6551784, 558, 0, 0
19161, 154, 38, 397, 0, 0, 26.70%, 0, 0, 4, 314.01, 6553318, 558, 0, 0
19166, 154, 378, 397, 0, 0, 26.70%, 0, 0, 4, 33.64, 6555221, 558, 0, 0
19171, 154, 186, 397, 0, 0, 26.70%, 0, 0, 4, 408.81, 6556972, 558, 0, 0
19176, 155, 159, 397, 0, 0, 26.70%, 0, 0, 4, 415.94, 6558516, 558, 0, 0
19181, 155, 372, 397, 0, 0, 26.70%, 0, 0, 4, 202.97, 6560016, 558, 0, 0
19187, 155, 396, 397, 0, 0, 26.70%, 0, 0, 4, 351.20, 6562094, 558, 0, 0
19192, 155, 396, 397, 0, 0, 26.70%, 0, 0, 4, 390.59, 6563466, 558, 0, 0
19197, 155, 195, 397, 0, 0, 26.70%, 0, 0, 4, 344.32, 6564947, 558, 0, 0
19202, 155, 359, 397, 0, 0, 26.70%, 0, 0, 4, 32.84, 6566838, 558, 0, 0
19207, 155, 159, 397, 0, 0, 26.70%, 0, 0, 4, 411.94, 6568499, 558, 0, 0
19212, 155, 144, 397, 0, 0, 26.70%, 0, 0, 4, 416.77, 6570063, 558, 0, 0
19217, 155, 72, 397, 0, 0, 26.70%, 0, 0, 4, 32.62, 6571573, 558, 0, 0
19222, 155, 372, 397, 0, 0, 26.70%, 0, 0, 4, 402.26, 6573683, 558, 0, 0
19227, 155, 361, 397, 0, 0, 26.70%, 0, 0, 4, 365.99, 6575189, 558, 0, 0
19232, 155, 199, 397, 0, 0, 26.70%, 0, 0, 4, 230.70, 6576703, 558, 0, 0
19238, 155, 36, 397, 0, 0, 26.70%, 0, 0, 4, 32.65, 6578589, 558, 0, 0
19243, 155, 202, 397, 0, 0, 26.70%, 0, 0, 4, 376.24, 6580359, 558, 0, 0
19248, 155, 319, 397, 0, 0, 26.70%, 0, 0, 4, 415.97, 6581871, 558, 0, 0
19253, 155, 372, 397, 0, 0, 26.70%, 0, 0, 4, 224.87, 6583323, 558, 0, 0
19258, 155, 279, 397, 0, 0, 26.70%, 0, 0, 4, 360.23, 6585431, 558, 0, 0
19264, 155, 367, 397, 0, 0, 26.70%, 0, 0, 4, 408.19, 6587083, 558, 0, 0
19269, 155, 223, 397, 0, 0, 26.70%, 0, 0, 4, 393.01, 6588510, 558, 0, 0
19274, 155, 159, 397, 0, 0, 26.70%, 0, 0, 4, 308.65, 6590005, 558, 0, 0
19279, 155, 279, 397, 0, 0, 26.70%, 0, 0, 4, 353.84, 6591959, 558, 0, 0
19284, 155, 190, 397, 0, 0, 26.70%, 0, 0, 4, 406.74, 6593531, 558, 0, 0
19289, 155, 212, 397, 0, 0, 26.70%, 0, 0, 4, 404.39, 6595007, 558, 0, 0
19295, 155, 199, 397, 0, 0, 26.70%, 0, 0, 4, 178.22, 6596523, 558, 0, 0
19300, 155, 322, 397, 0, 0, 26.70%, 0, 0, 4, 369.66, 6598673, 558, 0, 0
19305, 156, 360, 397, 0, 0, 26.70%, 0, 0, 4, 415.70, 6600155, 558, 0, 0
19310, 156, 375, 397, 0, 0, 26.70%, 0, 0, 4, 253.80, 6601687, 558, 0, 0
19315, 156, 327, 397, 0, 0, 26.70%, 0, 0, 4, 33.75, 6603466, 558, 0, 0
19320, 156, 359, 397, 0, 0, 26.70%, 0, 0, 4, 418.99, 6605399, 558, 0, 0
19325, 156, 330, 397, 0, 0, 26.70%, 0, 0, 4, 414.63, 6606871, 558, 0, 0
19330, 156, 55, 397, 0, 0, 26.70%, 0, 0, 4, 411.48, 6608283, 558, 0, 0
19336, 156, 5, 397, 0, 0, 26.70%, 0, 0, 4, 68.89, 6610105, 558, 0, 0
19341, 156, 143, 397, 0, 0, 26.70%, 0, 0, 4, 310.71, 6611771, 558, 0, 0
19346, 156, 396, 397, 0, 0, 26.70%, 0, 0, 4, 372.80, 6613224, 558, 0, 0
19351, 156, 11, 397, 0, 0, 26.70%, 0, 0, 4, 390.00, 6614637, 558, 0, 0
19356, 156, 329, 397, 0, 0, 26.70%, 0, 0, 4, 412.07, 6616799, 558, 0, 0
19361, 156, 202, 397, 0, 0, 26.70%, 0, 0, 4, 419.82, 6618299, 558, 0, 0
19366, 156, 396, 397, 0, 0, 26.70%, 0, 0, 4, 415.16, 6619811, 558, 0, 0
19371, 156, 319, 397, 0, 0, 26.70%, 0, 0, 4, 32.71, 6621451, 558, 0, 0
19376, 156, 190, 397, 0, 0, 26.70%, 0, 0, 4, 408.09, 6623375, 558, 0, 0
19381, 156, 225, 397, 0, 0, 26.70%, 0, 0, 4, 323.45, 6624823, 558, 0, 0
19387, 156, 199, 397, 0, 0, 26.70%, 0, 0, 4, 410.72, 6626291, 558, 0, 0
19392, 156, 159, 397, 0, 0, 26.70%, 0, 0, 4, 32.65, 6628231, 558, 0, 0
19397, 156, 396, 397, 0, 0, 26.70%, 0, 0, 4, 383.20, 6629764, 558, 0, 0
19402, 156, 231, 397, 0, 0, 26.70%, 0, 0, 4, 404.43, 6631223, 558, 0, 0
19407, 156, 288, 397, 0, 0, 26.70%, 0, 0, 4, 420.00, 6632743, 558, 0, 0
19412, 156, 371, 397, 0, 0, 26.70%, 0, 0, 4, 416.51, 6634815, 558, 0, 0
19417, 156, 396, 397, 0, 0, 26.70%, 0, 0, 4, 408.13, 6636323, 558, 0, 0
19422, 156, 361, 397, 0, 0, 26.70%, 0, 0, 4, 401.71, 6637799, 558, 0, 0
19427, 156, 311, 397, 0, 0, 26.70%, 0, 0, 4, 33.02, 6639517, 558, 0, 0
19432, 156, 52, 397, 0, 0, 26.70%, 0, 0, 4, 368.49, 6641382, 558, 0, 0
19438, 156, 265, 397, 0, 0, 26.70%, 0, 0, 4, 288.60, 6642855, 558, 0, 0
19443, 157, 77, 397, 0, 0, 26.70%, 0, 0, 4, 416.37, 6644383, 558, 0, 0
19448, 157, 47, 397, 0, 0, 26.70%, 0, 0, 4, 32.39, 6646339, 558, 0, 0
19453, 157, 52, 397, 0, 0, 26.70%, 0, 0, 4, 352.06, 6648035, 558, 0, 0
19458, 157, 245, 397, 0, 0, 26.70%, 0, 0, 4, 405.67, 6649571, 558, 0, 0
19463, 157, 354, 397, 0, 0, 26.70%, 0, 0, 4, 175.00, 6651080, 558, 0, 0
19468, 157, 121, 397, 0, 0, 26.70%, 0, 0, 4, 368.87, 6653231, 558, 0, 0
19473, 157, 361, 397, 0, 0, 26.70%, 0, 0, 4, 399.06, 6654764, 558, 0, 0
19479, 157, 396, 397, 0, 0, 26.70%, 0, 0, 4, 328.32, 6656262, 558, 0, 0
19484, 157, 190, 397, 0, 0, 26.70%, 0, 0, 4, 43.49, 6657837, 558, 0, 0
19489, 157, 212, 397, 0, 0, 26.70%, 0, 0, 4, 406.17, 6659824, 558, 0, 0
19494, 157, 168, 397, 0, 0, 26.70%, 0, 0, 4, 304.06, 6661315, 558, 0, 0
19499, 157, 184, 397, 0, 0, 26.70%, 0, 0, 4, 260.77, 6662825, 558, 0, 0
19504, 157, 309, 397, 0, 0, 26.70%, 0, 0, 4, 33.33, 6664770, 558, 0, 0
19509, 157, 184, 397, 0, 0, 26.70%, 0, 0, 4, 356.34, 6666484, 558, 0, 0
19515, 157, 199, 397, 0, 0, 26.70%, 0, 0, 4, 294.77, 6668010, 558, 0, 0
19520, 157, 199, 397, 0, 0, 26.70%, 0, 0, 4, 32.94, 6669549, 558, 0, 0
19525, 157, 354, 397, 0, 0, 26.70%, 0, 0, 4, 412.60, 6671672, 558, 0, 0
19530, 157, 202, 397, 0, 0, 26.70%, 0, 0, 4, 417.36, 6673224, 558, 0, 0
19535, 157, 396, 397, 0, 0, 26.70%, 0, 0, 4, 412.34, 6674708, 558, 0, 0
19540, 157, 280, 397, 0, 0, 26.70%, 0, 0, 4, 32.61, 6676368, 558, 0, 0
19545, 157, 396, 397, 0, 0, 26.70%, 0, 0, 4, 383.25, 6678391, 558, 0, 0
19551, 157, 184, 397, 0, 0, 26.70%, 0, 0, 4, 416.87, 6679856, 558, 0, 0
19556, 157, 311, 397, 0, 0, 26.70%, 0, 0, 4, 320.36, 6681396, 558, 0, 0
19561, 157, 195, 397, 0, 0, 26.70%, 0, 0, 4, 32.63, 6683277, 558, 0, 0
19566, 158, 372, 397, 0, 0, 26.70%, 0, 0, 4, 366.18, 6684970, 558, 0, 0
19571, 158, 361, 397, 0, 0, 26.70%, 0, 0, 4, 332.43, 6686484, 558, 0, 0
19576, 158, 396, 397, 0, 0, 26.70%, 0, 0, 4, 242.43, 6688028, 558, 0, 0
19581, 158, 280, 397, 0, 0, 26.70%, 0, 0, 4, 353.23, 6689991, 558, 0, 0
19586, 158, 190, 397, 0, 0, 26.70%, 0, 0, 4, 336.02, 6691590, 558, 0, 0
19591, 158, 396, 397, 0, 0, 26.70%, 0, 0, 4, 335.17, 6693004, 558, 0, 0
19597, 158, 351, 397, 0, 0, 26.70%, 0, 0, 4, 32.52, 6694605, 558, 0, 0
19602, 158, 280, 397, 0, 0, 26.70%, 0, 0, 4, 364.33, 6696607, 558, 0, 0
19607, 158, 381, 397, 0, 0, 26.70%, 0, 0, 4, 414.30, 6698124, 558, 0, 0
19612, 158, 371, 397, 0, 0, 26.70%, 0, 0, 4, 404.43, 6699588, 558, 0, 0
19617, 158, 258, 397, 0, 0, 26.70%, 0, 0, 4, 33.08, 6701487, 558, 0, 0
19622, 158, 168, 397, 0, 0, 26.70%, 0, 0, 4, 415.52, 6703256, 558, 0, 0
19627, 158, 396, 397, 0, 0, 26.70%, 0, 0, 4, 338.04, 6704622, 558, 0, 0
19632, 158, 279, 397, 0, 0, 26.70%, 0, 0, 4, 420.00, 6706100, 558, 0, 0
19637, 158, 190, 397, 0, 0, 26.70%, 0, 0, 4, 418.29, 6708196, 558, 0, 0
19642, 158, 228, 397, 0, 0, 26.70%, 0, 0, 4, 413.72, 6709680, 558, 0, 0
19647, 158, 64, 397, 0, 0, 26.70%, 0, 0, 4, 304.74, 6711220, 558, 0, 0
19653, 158, 142, 397, 0, 0, 26.70%, 0, 0, 4, 33.15, 6713028, 558, 0, 0
19658, 158, 359, 397, 0, 0, 26.70%, 0, 0, 4, 411.49, 6714924, 558, 0, 0
19663, 158, 177, 397, 0, 0, 26.70%, 0, 0, 4, 308.60, 6716412, 558, 0, 0
19668, 158, 334, 397, 0, 0, 26.70%, 0, 0, 4, 341.84, 6717812, 558, 0, 0
19673, 158, 179, 397, 0, 0, 26.70%, 0, 0, 4, 33.04, 6719705, 558, 0, 0
19678, 158, 143, 397, 0, 0, 26.70%, 0, 0, 4, 418.90, 6721496, 558, 0, 0
19684, 158, 104, 397, 0, 0, 26.70%, 0, 0, 4, 417.40, 6723040, 558, 0, 0
19689, 158, 396, 397, 0, 0, 26.70%, 0, 0, 4, 421.36, 6724532, 558, 0, 0
19694, 158, 227, 397, 0, 0, 26.70%, 0, 0, 4, 32.83, 6726421, 558, 0, 0
19699, 159, 362, 397, 0, 0, 26.70%, 0, 0, 4, 373.98, 6728114, 558, 0, 0
19704, 159, 215, 397, 0, 0, 26.70%, 0, 0, 4, 413.99, 6729640, 558, 0, 0
19709, 159, 396, 397, 0, 0, 26.70%, 0, 0, 4, 195.00, 6731130, 558, 0, 0
19714, 159, 177, 397, 0, 0, 26.70%, 0, 0, 4, 351.82, 6733099, 558, 0, 0
19719, 159, 359, 397, 0, 0, 26.70%, 0, 0, 4, 411.76, 6734632, 558, 0, 0
19724, 159, 128, 397, 0, 0, 26.70%, 0, 0, 4, 413.47, 6736024, 558, 0, 0
19729, 159, 202, 397, 0, 0, 26.70%, 0, 0, 4, 37.94, 6737575, 558, 0, 0
19734, 159, 190, 397, 0, 0, 26.70%, 0, 0, 4, 412.67, 6739599, 558, 0, 0
19739, 159, 38, 397, 0, 0, 26.70%, 0, 0, 4, 413.21, 6741056, 558, 0, 0
19745, 159, 222, 397, 0, 0, 26.70%, 0, 0, 4, 244.28, 6742584, 558, 0, 0
19750, 159, 280, 397, 0, 0, 26.70%, 0, 0, 4, 37.60, 6744491, 558, 0, 0
19755, 159, 52, 397, 0, 0, 26.70%, 0, 0, 4, 411.16, 6746232, 558, 0, 0
19760, 159, 41, 397, 0, 0, 26.70%, 0, 0, 4, 334.62, 6747596, 558, 0, 0
19765, 159, 280, 397, 0, 0, 26.70%, 0, 0, 4, 49.86, 6749084, 558, 0, 0
19770, 159, 177, 397, 0, 0, 26.70%, 0, 0, 4, 405.26, 6751148, 558, 0, 0
19775, 159, 199, 397, 0, 0, 26.70%, 0, 0, 4, 277.56, 6752565, 558, 0, 0
19780, 159, 396, 397, 0, 0, 26.70%, 0, 0, 4, 299.12, 6754005, 558, 0, 0
19786, 159, 125, 397, 0, 0, 26.70%, 0, 0, 4, 59.23, 6755726, 558, 0, 0
19791, 159, 319, 397, 0, 0, 26.70%, 0, 0, 4, 414.82, 6757647, 558, 0, 0
19796, 159, 316, 397, 0, 0, 26.70%, 0, 0, 4, 415.97, 6759163, 558, 0, 0
19801, 159, 184, 397, 0, 0, 26.70%, 0, 0, 4, 416.28, 6760674, 558, 0, 0
19806, 159, 11, 397, 0, 0, 26.70%, 0, 0, 4, 32.05, 6762617, 558, 0, 0
19811, 159, 74, 397, 0, 0, 26.70%, 0, 0, 4, 370.01, 6764231, 558, 0, 0
19816, 159, 47, 397, 0, 0, 26.70%, 0, 0, 4, 397.43, 6765738, 558, 0, 0
19821, 159, 5, 397, 0, 0, 26.70%, 0, 0, 4, 415.00, 6767214, 558, 0, 0
19827, 160, 205, 397, 0, 0, 26.70%, 0, 0, 4, 394.86, 6769306, 558, 0, 0
19832, 160, 205, 397, 0, 0, 26.70%, 0, 0, 4, 381.00, 6770799, 558, 0, 0
19837, 160, 159, 397, 0, 0, 26.70%, 0, 0, 4, 422.33, 6772266, 558, 0, 0
19842, 160, 319, 397, 0, 0, 26.70%, 0, 0, 4, 32.69, 6773841, 558, 0, 0
19847, 160, 190, 397, 0, 0, 26.70%, 0, 0, 4, 409.36, 6775906, 558, 0, 0
19852, 160, 337, 397, 0, 0, 26.70%, 0, 0, 4, 388.68, 6777313, 558, 0, 0
19857, 160, 148, 397, 0, 0, 26.70%, 0, 0, 4, 377.97, 6778806, 558, 0, 0
19862, 160, 205, 397, 0, 0, 26.70%, 0, 0, 4, 32.31, 6780620, 558, 0, 0
19867, 160, 55, 397, 0, 0, 26.70%, 0, 0, 4, 347.43, 6782392, 558, 0, 0
19872, 160, 361, 397, 0, 0, 26.70%, 0, 0, 4, 418.67, 6783882, 558, 0, 0
19877, 160, 241, 397, 0, 0, 26.70%, 0, 0, 4, 258.71, 6785386, 558, 0, 0
19883, 160, 256, 397, 0, 0, 26.70%, 0, 0, 4, 376.44, 6787513, 558, 0, 0
19888, 160, 321, 397, 0, 0, 26.70%, 0, 0, 4, 335.56, 6788998, 558, 0, 0
19893, 160, 359, 397, 0, 0, 26.70%, 0, 0, 4, 324.92, 6790522, 558, 0, 0
19898, 160, 348, 397, 0, 0, 26.70%, 0, 0, 4, 33.04, 6792083, 558, 0, 0
19903, 160, 47, 397, 0, 0, 26.70%, 0, 0, 4, 375.06, 6794064, 558, 0, 0
19908, 160, 118, 397, 0, 0, 26.70%, 0, 0, 4, 413.94, 6795558, 558, 0, 0
19913, 160, 205, 397, 0, 0, 26.70%, 0, 0, 4, 414.31, 6797046, 558, 0, 0
19918, 160, 260, 397, 0, 0, 26.70%, 0, 0, 4, 33.44, 6798967, 558, 0, 0
19923, 160, 143, 397, 0, 0, 26.70%, 0, 0, 4, 342.88, 6800655, 558, 0, 0
19928, 160, 339, 397, 0, 0, 26.70%, 0, 0, 4, 411.61, 6802173, 558, 0, 0
19934, 160, 54, 397, 0, 0, 26.70%, 0, 0, 4, 422.89, 6803624, 558, 0, 0
19939, 160, 280, 397, 0, 0, 26.70%, 0, 0, 4, 397.32, 6805713, 558, 0, 0
19944, 160, 245, 397, 0, 0, 26.70%, 0, 0, 4, 401.82, 6807241, 558, 0, 0
19949, 160, 372, 397, 0, 0, 26.70%, 0, 0, 4, 415.56, 6808773, 558, 0, 0
19954, 160, 61, 397, 0, 0, 26.70%, 0, 0, 4, 32.90, 6810340, 558, 0, 0
19959, 161, 359, 397, 0, 0, 26.70%, 0, 0, 4, 378.18, 6812402, 558, 0, 0
19965, 161, 205, 397, 0, 0, 26.70%, 0, 0, 4, 404.61, 6813933, 558, 0, 0
19970, 161, 47, 397, 0, 0, 26.70%, 0, 0, 4, 402.85, 6815488, 558, 0, 0
19975, 161, 371, 397, 0, 0, 26.70%, 0, 0, 4, 32.34, 6817321, 558, 0, 0
19980, 161, 372, 397, 0, 0, 26.70%, 0, 0, 4, 415.02, 6819155, 558, 0, 0
19985, 161, 337, 397, 0, 0, 26.70%, 0, 0, 4, 417.68, 6820699, 558, 0, 0
19990, 161, 371, 397, 0, 0, 26.70%, 0, 0, 4, 249.43, 6822139, 558, 0, 0
19996, 161, 367, 397, 0, 0, 26.70%, 0, 0, 4, 51.98, 6824245, 558, 0, 0
20001, 161, 279, 397, 0, 0, 26.70%, 0, 0, 4, 412.60, 6825923, 558, 0, 0
20006, 161, 372, 397, 0, 0, 26.70%, 0, 0, 4, 369.03, 6827438, 558, 0, 0
20011, 161, 396, 397, 0, 0, 26.70%, 0, 0, 4, 365.00, 6828939, 558, 0, 0
20016, 161, 371, 397, 0, 0, 26.70%, 0, 0, 4, 387.30, 6830989, 558, 0, 0
20021, 161, 396, 397, 0, 0, 26.70%, 0, 0, 4, 415.90, 6832482, 558, 0, 0
20026, 161, 139, 397, 0, 0, 26.70%, 0, 0, 4, 374.24, 6833899, 558, 0, 0
20032, 161, 372, 397, 0, 0, 26.70%, 0, 0, 4, 37.95, 6835585, 558, 0, 0
20037, 161, 171, 397, 0, 0, 26.70%, 0, 0, 4, 419.41, 6837446, 558, 0, 0
20042, 161, 202, 397, 0, 0, 26.70%, 0, 0, 4, 364.18, 6838992, 558, 0, 0
20047, 161, 177, 397, 0, 0, 26.70%, 0, 0, 4, 257.93, 6840462, 558, 0, 0
20052, 161, 396, 397, 0, 0, 26.70%, 0, 0, 4, 59.14, 6842402, 558, 0, 0
20057, 161, 359, 397, 0, 0, 26.70%, 0, 0, 4, 412.43, 6844113, 558, 0, 0
20062, 161, 37, 397, 0, 0, 26.70%, 0, 0, 4, 415.70, 6845573, 558, 0, 0
20067, 161, 396, 397, 0, 0, 26.70%, 0, 0, 4, 39.89, 6847020, 558, 0, 0
20073, 161, 205, 397, 0, 0, 26.70%, 0, 0, 4, 389.81, 6849077, 558, 0, 0
20078, 161, 205, 397, 0, 0, 26.70%, 0, 0, 4, 413.11, 6850572, 558, 0, 0
20083, 161, 205, 397, 0, 0, 26.70%, 0, 0, 4, 409.79, 6852056, 558, 0, 0
20088, 162, 319, 397, 0, 0, 26.70%, 0, 0, 4, 32.70, 6853928, 558, 0, 0
20093, 162, 52, 397, 0, 0, 26.70%, 0, 0, 4, 379.47, 6855599, 558, 0, 0
20098, 162, 23, 397, 0, 0, 26.70%, 0, 0, 4, 377.11, 6857077, 558, 0, 0
20103, 162, 280, 397, 0, 0, 26.70%, 0, 0, 4, 39.59, 6858592, 558, 0, 0
20108, 162, 322, 397, 0, 0, 26.70%, 0, 0, 4, 407.97, 6860672, 558, 0, 0
20113, 162, 190, 397, 0, 0, 26.70%, 0, 0, 4, 344.99, 6862106, 558, 0, 0
20118, 162, 319, 397, 0, 0, 26.70%, 0, 0, 4, 418.34, 6863580, 558, 0, 0
20123, 162, 284, 397, 0, 0, 26.70%, 0, 0, 4, 32.91, 6865421, 558, 0, 0
20128, 162, 212, 397, 0, 0, 26.70%, 0, 0, 4, 409.06, 6867232, 558, 0, 0
20134, 162, 177, 397, 0, 0, 26.70%, 0, 0, 4, 417.08, 6868796, 558, 0, 0
20139, 162, 168, 397, 0, 0, 26.70%, 0, 0, 4, 236.80, 6870328, 558, 0, 0
20144, 162, 159, 397, 0, 0, 26.70%, 0, 0, 4, 380.72, 6872484, 558, 0, 0
20149, 162, 324, 397, 0, 0, 26.70%, 0, 0, 4, 336.86, 6873884, 558, 0, 0
20154, 162, 1, 397, 0, 0, 26.70%, 0, 0, 4, 357.41, 6875349, 558, 0, 0
20159, 162, 338, 397, 0, 0, 26.70%, 0, 0, 4, 44.38, 6877101, 558, 0, 0
20164, 162, 47, 397, 0, 0, 26.70%, 0, 0, 4, 417.78, 6878972, 558, 0, 0
20169, 162, 265, 397, 0, 0, 26.70%, 0, 0, 4, 381.28, 6880498, 558, 0, 0
20174, 162, 168, 397, 0, 0, 26.70%, 0, 0, 4, 284.11, 6882035, 558, 0, 0
20180, 162, 310, 397, 0, 0, 26.70%, 0, 0, 4, 369.80, 6883999, 558, 0, 0
20185, 162, 336, 397, 0, 0, 26.70%, 0, 0, 4, 391.04, 6885491, 558, 0, 0
20190, 162, 371, 397, 0, 0, 26.70%, 0, 0, 4, 273.90, 6887050, 558, 0, 0
20195, 162, 396, 397, 0, 0, 26.70%, 0, 0, 4, 33.26, 6888712, 558, 0, 0
20200, 162, 371, 397, 0, 0, 26.70%, 0, 0, 4, 359.60, 6890442, 558, 0, 0
20205, 162, 180, 397, 0, 0, 26.70%, 0, 0, 4, 414.92, 6891971, 558, 0, 0
20210, 162, 145, 397, 0, 0, 26.70%, 0, 0, 4, 404.74, 6893463, 558, 0, 0
20215, 163, 148, 397, 0, 0, 26.70%, 0, 0, 4, 56.34, 6895471, 558, 0, 0
20221, 163, 202, 397, 0, 0, 26.70%, 0, 0, 4, 362.96, 6897082, 558, 0, 0
20226, 163, 371, 397, 0, 0, 26.70%, 0, 0, 4, 402.90, 6898583, 558, 0, 0
20231, 163, 199, 397, 0, 0, 26.70%, 0, 0, 4, 293.53, 6900104, 558, 0, 0
20236, 163, 63, 397, 0, 0, 26.70%, 0, 0, 4, 391.50, 6902259, 558, 0, 0
20241, 163, 168, 397, 0, 0, 26.70%, 0, 0, 4, 409.91, 6903682, 558, 0, 0
20246, 163, 82, 397, 0, 0, 26.70%, 0, 0, 4, 415.73, 6905182, 558, 0, 0
20251, 163, 190, 397, 0, 0, 26.70%, 0, 0, 4, 33.11, 6906996, 558, 0, 0
20256, 163, 37, 397, 0, 0, 26.70%, 0, 0, 4, 412.11, 6908838, 558, 0, 0
20261, 163, 199, 397, 0, 0, 26.70%, 0, 0, 4, 341.36, 6910322, 558, 0, 0
20267, 163, 205, 397, 0, 0, 26.70%, 0, 0, 4, 311.09, 6911840, 558, 0, 0
20272, 163, 372, 397, 0, 0, 26.70%, 0, 0, 4, 32.41, 6913778, 558, 0, 0
20277, 163, 205, 397, 0, 0, 26.70%, 0, 0, 4, 367.31, 6915478, 558, 0, 0
20282, 163, 372, 397, 0, 0, 26.70%, 0, 0, 4, 418.46, 6917022, 558, 0, 0
20287, 163, 55, 397, 0, 0, 26.70%, 0, 0, 4, 408.70, 6918473, 558, 0, 0
20292, 163, 322, 397, 0, 0, 26.70%, 0, 0, 4, 33.76, 6920473, 558, 0, 0
20298, 163, 322, 397, 0, 0, 26.70%, 0, 0, 4, 405.84, 6922089, 558, 0, 0
20303, 163, 0, 397, 0, 0, 26.70%, 0, 0, 4, 400.59, 6923539, 558, 0, 0
20308, 163, 245, 397, 0, 0, 26.70%, 0, 0, 4, 420.95, 6925089, 558, 0, 0
20313, 163, 8, 397, 0, 0, 26.70%, 0, 0, 4, 391.91, 6927089, 558, 0, 0
20318, 163, 359, 397, 0, 0, 26.70%, 0, 0, 4, 361.54, 6928745, 558, 0, 0
20323, 163, 396, 397, 0, 0, 26.70%, 0, 0, 4, 409.82, 6930227, 558, 0, 0
20329, 163, 36, 397, 0, 0, 26.70%, 0, 0, 4, 194.87, 6931714, 558, 0, 0
20334, 163, 322, 397, 0, 0, 26.70%, 0, 0, 4, 370.90, 6933852, 558, 0, 0
20339, 163, 361, 397, 0, 0, 26.70%, 0, 0, 4, 418.24, 6935347, 558, 0, 0
20344, 164, 202, 397, 0, 0, 26.70%, 0, 0, 4, 258.67, 6936839, 558, 0, 0
20349, 164, 190, 397, 0, 0, 26.70%, 0, 0, 4, 32.90, 6938492, 558, 0, 0
20354, 164, 396, 397, 0, 0, 26.70%, 0, 0, 4, 396.20, 6940413, 558, 0, 0
20359, 164, 19, 397, 0, 0, 26.70%, 0, 0, 4, 376.64, 6941889, 558, 0, 0
20364, 164, 176, 397, 0, 0, 26.70%, 0, 0, 4, 412.87, 6943398, 558, 0, 0
20369, 164, 168, 397, 0, 0, 26.70%, 0, 0, 4, 33.20, 6945099, 558, 0, 0
20374, 164, 377, 397, 0, 0, 26.70%, 0, 0, 4, 416.13, 6946882, 558, 0, 0
20379, 164, 138, 397, 0, 0, 26.70%, 0, 0, 4, 392.88, 6948220, 558, 0, 0
20385, 164, 159, 397, 0, 0, 26.70%, 0, 0, 4, 415.84, 6949773, 558, 0, 0
20390, 164, 337, 397, 0, 0, 26.70%, 0, 0, 4, 413.33, 6951874, 558, 0, 0
20395, 164, 343, 397, 0, 0, 26.70%, 0, 0, 4, 418.65, 6953366, 558, 0, 0
20400, 164, 396, 397, 0, 0, 26.70%, 0, 0, 4, 352.26, 6954864, 558, 0, 0
20405, 164, 280, 397, 0, 0, 26.70%, 0, 0, 4, 33.29, 6956513, 558, 0, 0
20410, 164, 36, 397, 0, 0, 26.70%, 0, 0, 4, 380.05, 6958471, 558, 0, 0
20415, 164, 177, 397, 0, 0, 26.70%, 0, 0, 4, 409.35, 6959982, 558, 0, 0
20420, 164, 337, 397, 0, 0, 26.70%, 0, 0, 4, 417.88, 6961482, 558, 0, 0
20425, 164, 110, 397, 0, 0, 26.70%, 0, 0, 4, 402.29, 6963590, 558, 0, 0
20430, 164, 177, 397, 0, 0, 26.70%, 0, 0, 4, 416.81, 6965130, 558, 0, 0
20435, 164, 322, 397, 0, 0, 26.70%, 0, 0, 4, 412.76, 6966646, 558, 0, 0
20441, 164, 238, 397, 0, 0, 26.70%, 0, 0, 4, 42.24, 6968227, 558, 0, 0
20446, 164, 166, 397, 0, 0, 26.70%, 0, 0, 4, 403.74, 6970206, 558, 0, 0
20451, 164, 168, 397, 0, 0, 26.70%, 0, 0, 4, 310.22, 6971674, 558, 0, 0
20456, 164, 135, 397, 0, 0, 26.70%, 0, 0, 4, 415.84, 6973170, 558, 0, 0
20461, 164, 367, 397, 0, 0, 26.70%, 0, 0, 4, 414.80, 6975298, 558, 0, 0
20466, 164, 396, 397, 0, 0, 26.70%, 0, 0, 4, 415.78, 6976782, 558, 0, 0
20471, 164, 133, 397, 0, 0, 26.70%, 0, 0, 4, 416.76, 6978222, 558, 0, 0
20476, 165, 184, 397, 0, 0, 26.70%, 0, 0, 4, 32.97, 6980099, 558, 0, 0
20481, 165, 355, 397, 0, 0, 26.70%, 0, 0, 4, 378.56, 6981827, 558, 0, 0
20486, 165, 143, 397, 0, 0, 26.70%, 0, 0, 4, 381.96, 6983334, 558, 0, 0
20491, 165, 279, 397, 0, 0, 26.70%, 0, 0, 4, 207.94, 6984837, 558, 0, 0
20497, 165, 322, 397, 0, 0, 26.70%, 0, 0, 4, 377.45, 6986992, 558, 0, 0
20502, 165, 396, 397, 0, 0, 26.70%, 0, 0, 4, 390.54, 6988418, 558, 0, 0
20507, 165, 177, 397, 0, 0, 26.70%, 0, 0, 4, 424.47, 6989938, 558, 0, 0
20512, 165, 215, 397, 0, 0, 26.70%, 0, 0, 4, 51.83, 6991744, 558, 0, 0
20517, 165, 52, 397, 0, 0, 26.70%, 0, 0, 4, 375.57, 6993534, 558, 0, 0
20522, 165, 190, 397, 0, 0, 26.70%, 0, 0, 4, 306.97, 6995040, 558, 0, 0
20527, 165, 143, 397, 0, 0, 26.70%, 0, 0, 4, 163.37, 6996525, 558, 0, 0
20532, 165, 225, 397, 0, 0, 26.70%, 0, 0, 4, 366.88, 6998664, 558, 0, 0
20537, 165, 396, 397, 0, 0, 26.70%, 0, 0, 4, 307.69, 7000094, 558, 0, 0
20542, 165, 367, 397, 0, 0, 26.70%, 0, 0, 4, 410.39, 7001581, 558, 0, 0
20548, 165, 106, 397, 0, 0, 26.70%, 0, 0, 4, 32.85, 7003274, 558, 0, 0
20553, 165, 371, 397, 0, 0, 26.70%, 0, 0, 4, 390.70, 7005253, 558, 0, 0
20558, 165, 159, 397, 0, 0, 26.70%, 0, 0, 4, 416.51, 7006741, 558, 0, 0
20563, 165, 222, 397, 0, 0, 26.70%, 0, 0, 4, 369.58, 7008216, 558, 0, 0
20568, 165, 238, 397, 0, 0, 26.70%, 0, 0, 4, 397.39, 7010357, 558, 0, 0
20573, 165, 47, 397, 0, 0, 26.70%, 0, 0, 4, 323.57, 7011831, 558, 0, 0
20578, 165, 377, 397, 0, 0, 26.70%, 0, 0, 4, 371.13, 7013349, 558, 0, 0
20583, 165, 199, 397, 0, 0, 26.70%, 0, 0, 4, 31.89, 7015142, 558, 0, 0
20588, 165, 238, 397, 0, 0, 26.70%, 0, 0, 4, 405.68, 7016948, 558, 0, 0
20593, 165, 319, 397, 0, 0, 26.70%, 0, 0, 4, 407.76, 7018340, 558, 0, 0
20599, 165, 163, 397, 0, 0, 26.70%, 0, 0, 4, 420.00, 7019898, 558, 0, 0
20604, 166, 319, 397, 0, 0, 26.70%, 0, 0, 4, 418.71, 7022016, 558, 0, 0
20609, 166, 202, 397, 0, 0, 26.70%, 0, 0, 4, 378.60, 7023542, 558, 0, 0
20614, 166, 279, 397, 0, 0, 26.70%, 0, 0, 4, 275.69, 7025050, 558, 0, 0
20619, 166, 279, 397, 0, 0, 26.70%, 0, 0, 4, 33.22, 7026842, 558, 0, 0
20624, 166, 245, 397, 0, 0, 26.70%, 0, 0, 4, 397.14, 7028742, 558, 0, 0
20629, 166, 97, 397, 0, 0, 26.70%, 0, 0, 4, 313.43, 7030090, 558, 0, 0
20634, 166, 190, 397, 0, 0, 26.70%, 0, 0, 4, 32.91, 7031726, 558, 0, 0
20640, 166, 55, 397, 0, 0, 26.70%, 0, 0, 4, 385.75, 7033707, 558, 0, 0
20645, 166, 47, 397, 0, 0, 26.70%, 0, 0, 4, 396.62, 7035242, 558, 0, 0
20650, 166, 184, 397, 0, 0, 26.70%, 0, 0, 4, 405.17, 7036738, 558, 0, 0
20655, 166, 396, 397, 0, 0, 26.70%, 0, 0, 4, 33.31, 7038537, 558, 0, 0
20660, 166, 252, 397, 0, 0, 26.70%, 0, 0, 4, 365.17, 7040257, 558, 0, 0
20665, 166, 337, 397, 0, 0, 26.70%, 0, 0, 4, 346.05, 7041804, 558, 0, 0
20670, 166, 195, 397, 0, 0, 26.70%, 0, 0, 4, 329.21, 7043298, 558, 0, 0
20676, 166, 168, 397, 0, 0, 26.70%, 0, 0, 4, 383.38, 7045341, 558, 0, 0
20681, 166, 245, 397, 0, 0, 26.70%, 0, 0, 4, 417.35, 7046849, 558, 0, 0
20686, 166, 156, 397, 0, 0, 26.70%, 0, 0, 4, 388.96, 7048288, 558, 0, 0
20691, 166, 47, 397, 0, 0, 26.70%, 0, 0, 4, 32.87, 7049795, 558, 0, 0
20696, 166, 47, 397, 0, 0, 26.70%, 0, 0, 4, 361.57, 7051874, 558, 0, 0
20701, 166, 205, 397, 0, 0, 26.70%, 0, 0, 4, 320.23, 7053349, 558, 0, 0
20706, 166, 322, 397, 0, 0, 26.70%, 0, 0, 4, 422.77, 7054857, 558, 0, 0
20711, 166, 322, 397, 0, 0, 26.70%, 0, 0, 4, 70.71, 7056804, 558, 0, 0
20717, 166, 55, 397, 0, 0, 26.70%, 0, 0, 4, 415.82, 7058557, 558, 0, 0
20722, 166, 72, 397, 0, 0, 26.70%, 0, 0, 4, 416.37, 7059957, 558, 0, 0
20727, 167, 337, 397, 0, 0, 26.70%, 0, 0, 4, 38.17, 7061559, 558, 0, 0
20732, 167, 5, 397, 0, 0, 26.70%, 0, 0, 4, 399.21, 7063581, 558, 0, 0
20737, 167, 280, 397, 0, 0, 26.70%, 0, 0, 4, 329.49, 7065137, 558, 0, 0
20742, 167, 319, 397, 0, 0, 26.70%, 0, 0, 4, 308.95, 7066643, 558, 0, 0
20747, 167, 184, 397, 0, 0, 26.70%, 0, 0, 4, 33.08, 7068423, 558, 0, 0
20753, 167, 159, 397, 0, 0, 26.70%, 0, 0, 4, 414.17, 7070357, 558, 0, 0
20758, 167, 396, 397, 0, 0, 26.70%, 0, 0, 4, 406.22, 7071765, 558, 0, 0
20763, 167, 52, 397, 0, 0, 26.70%, 0, 0, 4, 300.23, 7073300, 558, 0, 0
20768, 167, 118, 397, 0, 0, 26.70%, 0, 0, 4, 32.29, 7075242, 558, 0, 0
20773, 167, 124, 397, 0, 0, 26.70%, 0, 0, 4, 414.62, 7076940, 558, 0, 0
20778, 167, 205, 397, 0, 0, 26.70%, 0, 0, 4, 424.70, 7078456, 558, 0, 0
20783, 167, 311, 397, 0, 0, 26.70%, 0, 0, 4, 367.84, 7079935, 558, 0, 0
20788, 167, 280, 397, 0, 0, 26.70%, 0, 0, 4, 395.81, 7082072, 558, 0, 0
20794, 167, 5, 397, 0, 0, 26.70%, 0, 0, 4, 409.98, 7083632, 558, 0, 0
20799, 167, 69, 397, 0, 0, 26.70%, 0, 0, 4, 418.79, 7085116, 558, 0, 0
20804, 167, 354, 397, 0, 0, 26.70%, 0, 0, 4, 33.38, 7086768, 558, 0, 0
20809, 167, 396, 397, 0, 0, 26.70%, 0, 0, 4, 404.75, 7088804, 558, 0, 0
20814, 167, 238, 397, 0, 0, 26.70%, 0, 0, 4, 417.20, 7090300, 558, 0, 0
20819, 167, 195, 397, 0, 0, 26.70%, 0, 0, 4, 316.22, 7091829, 558, 0, 0
20824, 167, 176, 397, 0, 0, 26.70%, 0, 0, 4, 33.18, 7093631, 558, 0, 0
20829, 167, 396, 397, 0, 0, 26.70%, 0, 0, 4, 362.71, 7095438, 558, 0, 0
20835, 167, 177, 397, 0, 0, 26.70%, 0, 0, 4, 346.40, 7096922, 558, 0, 0
20840, 167, 196, 397, 0, 0, 26.70%, 0, 0, 4, 358.04, 7098420, 558, 0, 0
20845, 167, 74, 397, 0, 0, 26.70%, 0, 0, 4, 33.46, 7100399, 558, 0, 0
20850, 167, 70, 397, 0, 0, 26.70%, 0, 0, 4, 358.71, 7102078, 558, 0, 0
20855, 168, 159, 397, 0, 0, 26.70%, 0, 0, 4, 334.64, 7103622, 558, 0, 0
20860, 168, 319, 397, 0, 0, 26.70%, 0, 0, 4, 32.36, 7105127, 558, 0, 0
20865, 168, 374, 397, 0, 0, 26.70%, 0, 0, 4, 388.52, 7107213, 558, 0, 0
20870, 168, 371, 397, 0, 0, 26.70%, 0, 0, 4, 396.77, 7108716, 558, 0, 0
20875, 168, 355, 397, 0, 0, 26.70%, 0, 0, 4, 398.28, 7110202, 558, 0, 0
20881, 168, 322, 397, 0, 0, 26.70%, 0, 0, 4, 32.91, 7111967, 558, 0, 0
20886, 168, 43, 397, 0, 0, 26.70%, 0, 0, 4, 415.36, 7113873, 558, 0, 0
20891, 168, 143, 397, 0, 0, 26.70%, 0, 0, 4, 391.46, 7115381, 558, 0, 0
20896, 168, 177, 397, 0, 0, 26.70%, 0, 0, 4, 265.54, 7116885, 558, 0, 0
20901, 168, 377, 397, 0, 0, 26.70%, 0, 0, 4, 389.13, 7119039, 558, 0, 0
20906, 168, 52, 397, 0, 0, 26.70%, 0, 0, 4, 376.84, 7120581, 558, 0, 0
20911, 168, 361, 397, 0, 0, 26.70%, 0, 0, 4, 313.72, 7122067, 558, 0, 0
20916, 168, 5, 397, 0, 0, 26.70%, 0, 0, 4, 32.94, 7123902, 558, 0, 0
20921, 168, 321, 397, 0, 0, 26.70%, 0, 0, 4, 396.25, 7125646, 558, 0, 0
20926, 168, 143, 397, 0, 0, 26.70%, 0, 0, 4, 417.38, 7127157, 558, 0, 0
20932, 168, 202, 397, 0, 0, 26.70%, 0, 0, 4, 38.13, 7128718, 558, 0, 0
20937, 168, 56, 397, 0, 0, 26.70%, 0, 0, 4, 412.99, 7130841, 558, 0, 0
20942, 168, 372, 397, 0, 0, 26.70%, 0, 0, 4, 333.08, 7132385, 558, 0, 0
20947, 168, 213, 397, 0, 0, 26.70%, 0, 0, 4, 414.66, 7133821, 558, 0, 0
20952, 168, 205, 397, 0, 0, 26.70%, 0, 0, 4, 388.94, 7135773, 558, 0, 0
20957, 168, 367, 397, 0, 0, 26.70%, 0, 0, 4, 415.75, 7137373, 558, 0, 0
20962, 168, 319, 397, 0, 0, 26.70%, 0, 0, 4, 320.22, 7138879, 558, 0, 0
20967, 168, 184, 397, 0, 0, 26.70%, 0, 0, 4, 33.07, 7140467, 558, 0, 0
20973, 168, 217, 397, 0, 0, 26.70%, 0, 0, 4, 403.79, 7142497, 558, 0, 0
20978, 168, 177, 397, 0, 0, 26.70%, 0, 0, 4, 329.48, 7143991, 558, 0, 0
20983, 169, 150, 397, 0, 0, 26.70%, 0, 0, 4, 370.04, 7145509, 558, 0, 0
20988, 169, 2, 397, 0, 0, 26.70%, 0, 0, 4, 66.71, 7147435, 558, 0, 0
20993, 169, 47, 397, 0, 0, 26.70%, 0, 0, 4, 412.22, 7149189, 558, 0, 0
20998, 169, 371, 397, 0, 0, 26.70%, 0, 0, 4, 413.09, 7150665, 558, 0, 0
21003, 169, 279, 397, 0, 0, 26.70%, 0, 0, 4, 67.46, 7152149, 558, 0, 0
21008, 169, 5, 397, 0, 0, 26.70%, 0, 0, 4, 404.29, 7154221, 558, 0, 0
21013, 169, 186, 397, 0, 0, 26.70%, 0, 0, 4, 410.85, 7155721, 558, 0, 0
21018, 169, 77, 397, 0, 0, 26.70%, 0, 0, 4, 291.58, 7157235, 558, 0, 0
21024, 169, 354, 397, 0, 0, 26.70%, 0, 0, 4, 32.71, 7159109, 558, 0, 0
21029, 169, 377, 397, 0, 0, 26.70%, 0, 0, 4, 396.16, 7160823, 558, 0, 0
21034, 169, 199, 397, 0, 0, 26.70%, 0, 0, 4, 418.85, 7162297, 558, 0, 0
21039, 169, 245, 397, 0, 0, 26.70%, 0, 0, 4, 33.06, 7163831, 558, 0, 0
21044, 169, 354, 397, 0, 0, 26.70%, 0, 0, 4, 406.19, 7165873, 558, 0, 0
21049, 169, 177, 397, 0, 0, 26.70%, 0, 0, 4, 417.17, 7167389, 558, 0, 0
21054, 169, 143, 397, 0, 0, 26.70%, 0, 0, 4, 317.99, 7168785, 558, 0, 0
21059, 169, 371, 397, 0, 0, 26.70%, 0, 0, 4, 374.07, 7170739, 558, 0, 0
21064, 169, 167, 397, 0, 0, 26.70%, 0, 0, 4, 400.28, 7172274, 558, 0, 0
21069, 169, 199, 397, 0, 0, 26.70%, 0, 0, 4, 342.23, 7173803, 558, 0, 0
21075, 169, 230, 397, 0, 0, 26.70%, 0, 0, 4, 33.01, 7175423, 558, 0, 0
21080, 169, 396, 397, 0, 0, 26.70%, 0, 0, 4, 418.05, 7177433, 558, 0, 0
21085, 169, 354, 397, 0, 0, 26.70%, 0, 0, 4, 415.24, 7178881, 558, 0, 0
21090, 169, 26, 397, 0, 0, 26.70%, 0, 0, 4, 280.27, 7180370, 558, 0, 0
21095, 169, 199, 397, 0, 0, 26.70%, 0, 0, 4, 393.51, 7182514, 558, 0, 0
21100, 169, 121, 397, 0, 0, 26.70%, 0, 0, 4, 418.82, 7184080, 558, 0, 0
21105, 169, 390, 397, 0, 0, 26.70%, 0, 0, 4, 419.55, 7185628, 558, 0, 0
21110, 170, 205, 397, 0, 0, 26.70%, 0, 0, 4, 52.36, 7187277, 558, 0, 0
21116, 170, 279, 397, 0, 0, 26.70%, 0, 0, 4, 411.63, 7189172, 558, 0, 0
21121, 170, 190, 397, 0, 0, 26.70%, 0, 0, 4, 311.28, 7190624, 558, 0, 0
21126, 170, 322, 397, 0, 0, 26.70%, 0, 0, 4, 233.16, 7192168, 558, 0, 0
21131, 170, 371, 397, 0, 0, 26.70%, 0, 0, 4, 33.18, 7194121, 558, 0, 0
21136, 170, 82, 397, 0, 0, 26.70%, 0, 0, 4, 416.90, 7195872, 558, 0, 0
21141, 170, 396, 397, 0, 0, 26.70%, 0, 0, 4, 401.77, 7197296, 558, 0, 0
21146, 170, 259, 397, 0, 0, 26.70%, 0, 0, 4, 303.48, 7198787, 558, 0, 0
21151, 170, 190, 397, 0, 0, 26.70%, 0, 0, 4, 395.38, 7200942, 558, 0, 0
21157, 170, 169, 397, 0, 0, 26.70%, 0, 0, 4, 389.65, 7202449, 558, 0, 0
21162, 170, 225, 397, 0, 0, 26.70%, 0, 0, 4, 407.13, 7203908, 558, 0, 0
21167, 170, 55, 397, 0, 0, 26.70%, 0, 0, 4, 32.79, 7205617, 558, 0, 0
21172, 170, 319, 397, 0, 0, 26.70%, 0, 0, 4, 361.49, 7207484, 558, 0, 0
21177, 170, 185, 397, 0, 0, 26.70%, 0, 0, 4, 417.09, 7209048, 558, 0, 0
21182, 170, 386, 397, 0, 0, 26.70%, 0, 0, 4, 420.40, 7210539, 558, 0, 0
21187, 170, 143, 397, 0, 0, 26.70%, 0, 0, 4, 32.97, 7212503, 558, 0, 0
21193, 170, 177, 397, 0, 0, 26.70%, 0, 0, 4, 422.12, 7214307, 558, 0, 0
21198, 170, 279, 397, 0, 0, 26.70%, 0, 0, 4, 390.98, 7215766, 558, 0, 0
21203, 170, 135, 397, 0, 0, 26.70%, 0, 0, 4, 32.42, 7217152, 558, 0, 0
21208, 170, 52, 397, 0, 0, 26.70%, 0, 0, 4, 403.52, 7219231, 558, 0, 0
21213, 170, 143, 397, 0, 0, 26.70%, 0, 0, 4, 410.86, 7220674, 558, 0, 0
21218, 170, 58, 397, 0, 0, 26.70%, 0, 0, 4, 330.08, 7222093, 558, 0, 0
21223, 170, 354, 397, 0, 0, 26.70%, 0, 0, 4, 33.02, 7223880, 558, 0, 0
21228, 170, 174, 397, 0, 0, 26.70%, 0, 0, 4, 403.96, 7225663, 558, 0, 0
21233, 170, 55, 397, 0, 0, 26.70%, 0, 0, 4, 344.87, 7227135, 558, 0, 0
21238, 170, 133, 397, 0, 0, 26.70%, 0, 0, 4, 216.42, 7228623, 558, 0, 0
21243, 171, 143, 397, 0, 0, 26.70%, 0, 0, 4, 357.03, 7230645, 558, 0, 0
21249, 171, 205, 397, 0, 0, 26.70%, 0, 0, 4, 373.13, 7232141, 558, 0, 0
21254, 171, 168, 397, 0, 0, 26.70%, 0, 0, 4, 408.08, 7233682, 558, 0, 0
21259, 171, 118, 397, 0, 0, 26.70%, 0, 0, 4, 32.65, 7235261, 558, 0, 0
21264, 171, 245, 397, 0, 0, 26.70%, 0, 0, 4, 412.33, 7237333, 558, 0, 0
21269, 171, 168, 397, 0, 0, 26.70%, 0, 0, 4, 347.74, 7238791, 558, 0, 0
21274, 171, 279, 397, 0, 0, 26.70%, 0, 0, 4, 400.82, 7240267, 558, 0, 0
21279, 171, 47, 397, 0, 0, 26.70%, 0, 0, 4, 386.16, 7242181, 558, 0, 0
21284, 171, 396, 397, 0, 0, 26.70%, 0, 0, 4, 400.60, 7243637, 558, 0, 0
21289, 171, 337, 397, 0, 0, 26.70%, 0, 0, 4, 415.07, 7245057, 558, 0, 0
21295, 171, 39, 397, 0, 0, 26.70%, 0, 0, 4, 32.94, 7246760, 558, 0, 0
21300, 171, 372, 397, 0, 0, 26.70%, 0, 0, 4, 394.03, 7248732, 558, 0, 0
21305, 171, 353, 397, 0, 0, 26.70%, 0, 0, 4, 418.93, 7250257, 558, 0, 0
21310, 171, 319, 397, 0, 0, 26.70%, 0, 0, 4, 411.61, 7251741, 558, 0, 0
21315, 171, 158, 397, 0, 0, 26.70%, 0, 0, 4, 33.04, 7253672, 558, 0, 0
21320, 171, 280, 397, 0, 0, 26.70%, 0, 0, 4, 416.72, 7255441, 558, 0, 0
21325, 171, 322, 397, 0, 0, 26.70%, 0, 0, 4, 380.06, 7256946, 558, 0, 0
21330, 171, 310, 397, 0, 0, 26.70%, 0, 0, 4, 51.93, 7258447, 558, 0, 0
21336, 171, 143, 397, 0, 0, 26.70%, 0, 0, 4, 396.74, 7260460, 558, 0, 0
21341, 171, 47, 397, 0, 0, 26.70%, 0, 0, 4, 397.79, 7261924, 558, 0, 0
21346, 171, 205, 397, 0, 0, 26.70%, 0, 0, 4, 422.38, 7263424, 558, 0, 0
21351, 171, 359, 397, 0, 0, 26.70%, 0, 0, 4, 33.25, 7265277, 558, 0, 0
21356, 171, 396, 397, 0, 0, 26.70%, 0, 0, 4, 387.82, 7267077, 558, 0, 0
21361, 171, 322, 397, 0, 0, 26.70%, 0, 0, 4, 362.77, 7268570, 558, 0, 0
21366, 171, 212, 397, 0, 0, 26.70%, 0, 0, 4, 277.67, 7270100, 558, 0, 0
21372, 172, 195, 397, 0, 0, 26.70%, 0, 0, 4, 372.27, 7272228, 558, 0, 0
21377, 172, 199, 397, 0, 0, 26.70%, 0, 0, 4, 382.04, 7273884, 558, 0, 0
21382, 172, 396, 397, 0, 0, 26.70%, 0, 0, 4, 411.51, 7275364, 558, 0, 0
21387, 172, 396, 397, 0, 0, 26.70%, 0, 0, 4, 32.87, 7276915, 558, 0, 0
21392, 172, 55, 397, 0, 0, 26.70%, 0, 0, 4, 390.00, 7278910, 558, 0, 0
21397, 172, 184, 397, 0, 0, 26.70%, 0, 0, 4, 365.06, 7280424, 558, 0, 0
21402, 172, 47, 397, 0, 0, 26.70%, 0, 0, 4, 278.43, 7281950, 558, 0, 0
21407, 172, 195, 397, 0, 0, 26.70%, 0, 0, 4, 63.45, 7283881, 558, 0, 0
21413, 172, 20, 397, 0, 0, 26.70%, 0, 0, 4, 383.66, 7285549, 558, 0, 0
21418, 172, 372, 397, 0, 0, 26.70%, 0, 0, 4, 415.15, 7287058, 558, 0, 0
21423, 172, 280, 397, 0, 0, 26.70%, 0, 0, 4, 415.00, 7288555, 558, 0, 0
21428, 172, 5, 397, 0, 0, 26.70%, 0, 0, 4, 413.16, 7290690, 558, 0, 0
21433, 172, 361, 397, 0, 0, 26.70%, 0, 0, 4, 417.91, 7292246, 558, 0, 0
21438, 172, 35, 397, 0, 0, 26.70%, 0, 0, 4, 338.10, 7293822, 558, 0, 0
21443, 172, 372, 397, 0, 0, 26.70%, 0, 0, 4, 33.15, 7295627, 558, 0, 0
21449, 172, 292, 397, 0, 0, 26.70%, 0, 0, 4, 407.18, 7297498, 558, 0, 0
21454, 172, 396, 397, 0, 0, 26.70%, 0, 0, 4, 416.70, 7298990, 558, 0, 0
21459, 172, 396, 397, 0, 0, 26.70%, 0, 0, 4, 208.10, 7300469, 558, 0, 0
21464, 172, 279, 397, 0, 0, 26.70%, 0, 0, 4, 377.02, 7302623, 558, 0, 0
21469, 172, 159, 397, 0, 0, 26.70%, 0, 0, 4, 346.39, 7304167, 558, 0, 0
21474, 172, 62, 397, 0, 0, 26.70%, 0, 0, 4, 298.56, 7305635, 558, 0, 0
21479, 172, 396, 397, 0, 0, 26.70%, 0, 0, 4, 50.40, 7307363, 558, 0, 0
21485, 172, 245, 397, 0, 0, 26.70%, 0, 0, 4, 404.32, 7309257, 558, 0, 0
21490, 172, 361, 397, 0, 0, 26.70%, 0, 0, 4, 419.55, 7310765, 558, 0, 0
21495, 172, 195, 397, 0, 0, 26.70%, 0, 0, 4, 230.41, 7312293, 558, 0, 0
21500, 173, 372, 397, 0, 0, 26.70%, 0, 0, 4, 380.81, 7314446, 558, 0, 0
21505, 173, 159, 397, 0, 0, 26.70%, 0, 0, 4, 419.00, 7315973, 558, 0, 0
21510, 173, 168, 397, 0, 0, 26.70%, 0, 0, 4, 356.46, 7317481, 558, 0, 0
21515, 173, 95, 397, 0, 0, 26.70%, 0, 0, 4, 41.45, 7319481, 558, 0, 0
21520, 173, 143, 397, 0, 0, 26.70%, 0, 0, 4, 407.48, 7321065, 558, 0, 0
21525, 173, 371, 397, 0, 0, 26.70%, 0, 0, 4, 367.06, 7322523, 558, 0, 0
21530, 173, 238, 397, 0, 0, 26.70%, 0, 0, 4, 32.76, 7324109, 558, 0, 0
21536, 173, 205, 397, 0, 0, 26.70%, 0, 0, 4, 392.90, 7326160, 558, 0, 0
21541, 173, 359, 397, 0, 0, 26.70%, 0, 0, 4, 413.69, 7327625, 558, 0, 0
21546, 173, 396, 397, 0, 0, 26.70%, 0, 0, 4, 413.23, 7329081, 558, 0, 0
21551, 173, 5, 397, 0, 0, 26.70%, 0, 0, 4, 408.97, 7331097, 558, 0, 0
21556, 173, 47, 397, 0, 0, 26.70%, 0, 0, 4, 414.82, 7332589, 558, 0, 0
21561, 173, 55, 397, 0, 0, 26.70%, 0, 0, 4, 417.07, 7334013, 558, 0, 0
21566, 173, 275, 397, 0, 0, 26.70%, 0, 0, 4, 68.92, 7335786, 558, 0, 0
21571, 173, 396, 397, 0, 0, 26.70%, 0, 0, 4, 394.50, 7337542, 558, 0, 0
21576, 173, 372, 397, 0, 0, 26.70%, 0, 0, 4, 284.19, 7338985, 558, 0, 0
21581, 173, 44, 397, 0, 0, 26.70%, 0, 0, 4, 260.00, 7340475, 558, 0, 0
21586, 173, 205, 397, 0, 0, 26.70%, 0, 0, 4, 387.87, 7342639, 558, 0, 0
21591, 173, 396, 397, 0, 0, 26.70%, 0, 0, 4, 299.67, 7344024, 558, 0, 0
21596, 173, 52, 397, 0, 0, 26.70%, 0, 0, 4, 325.43, 7345425, 558, 0, 0
21599, 173, 390, 397, 0, 0, 26.70%, 0, 0, 4, 378.69, 7346612, 558, 0, 0
