# relative_time, cycles_done, cur_item, corpus_count, pending_total, pending_favs, map_size, saved_crashes, saved_hangs, max_depth, execs_per_sec, total_execs, edges_found, total_crashes, servers_count
61, 0, 167, 419, 329, 59, 30.28%, 2, 0, 3, 4844.06, 272318, 948, 2, 0
66, 0, 408, 424, 322, 56, 30.28%, 2, 0, 3, 4798.21, 295829, 948, 2, 0
71, 0, 250, 438, 318, 39, 30.37%, 2, 0, 4, 4369.00, 318886, 951, 2, 0
76, 0, 342, 455, 310, 16, 30.44%, 2, 0, 4, 4124.02, 338164, 953, 2, 0
81, 0, 364, 475, 298, 0, 30.44%, 2, 0, 5, 3704.87, 355908, 953, 2, 0
86, 0, 300, 491, 302, 0, 30.57%, 2, 0, 5, 4050.97, 378063, 957, 2, 0
91, 0, 312, 498, 293, 0, 30.60%, 2, 0, 5, 4645.52, 402783, 958, 2, 0
97, 1, 402, 501, 271, 0, 30.60%, 2, 0, 5, 4525.30, 425857, 958, 2, 0
102, 1, 346, 507, 246, 0, 30.69%, 2, 0, 5, 5082.91, 438077, 961, 2, 0
107, 1, 514, 525, 239, 2, 30.88%, 2, 0, 7, 4482.05, 459841, 967, 2, 0
112, 1, 472, 534, 239, 0, 30.88%, 2, 0, 7, 4578.55, 482355, 967, 2, 0
117, 1, 445, 539, 207, 0, 30.88%, 2, 0, 7, 3983.76, 501256, 967, 2, 0
122, 1, 256, 546, 180, 0, 30.88%, 2, 0, 7, 4382.89, 523733, 967, 2, 0
127, 1, 353, 547, 144, 0, 30.88%, 2, 0, 7, 4349.22, 545384, 967, 2, 0
132, 1, 503, 548, 132, 0, 30.88%, 2, 0, 7, 123.25, 555715, 967, 2, 0
137, 2, 427, 551, 106, 0, 30.88%, 2, 0, 7, 3918.33, 576031, 967, 2, 0
142, 2, 552, 556, 92, 0, 30.88%, 2, 0, 7, 3229.06, 593551, 967, 2, 0
147, 2, 337, 560, 77, 0, 30.88%, 2, 0, 7, 4440.20, 618792, 967, 2, 0
153, 2, 475, 561, 61, 0, 30.88%, 2, 0, 7, 4767.94, 642307, 967, 2, 0
158, 2, 106, 563, 46, 0, 30.88%, 2, 0, 7, 4569.57, 666081, 967, 2, 0
163, 2, 392, 568, 40, 0, 30.92%, 2, 0, 7, 4596.49, 684139, 968, 2, 0
168, 3, 110, 581, 42, 0, 31.01%, 2, 0, 7, 4335.84, 705352, 971, 2, 0
173, 3, 585, 595, 49, 0, 31.04%, 2, 0, 7, 4313.43, 727727, 972, 2, 0
178, 3, 562, 617, 63, 0, 31.11%, 2, 0, 9, 3060.58, 743871, 974, 2, 0
183, 3, 231, 624, 68, 0, 31.11%, 2, 0, 9, 2745.94, 756159, 974, 2, 0
188, 3, 502, 628, 63, 0, 31.11%, 2, 0, 9, 2400.24, 766529, 974, 2, 0
194, 3, 638, 643, 65, 0, 31.17%, 2, 0, 11, 3956.37, 788278, 976, 2, 0
199, 3, 504, 649, 64, 0, 31.17%, 2, 0, 11, 3678.66, 806505, 976, 2, 0
204, 3, 657, 659, 59, 0, 31.17%, 2, 0, 11, 4330.81, 828778, 976, 2, 0
209, 3, 645, 664, 56, 0, 31.17%, 2, 0, 12, 4639.56, 852793, 976, 2, 0
214, 3, 173, 668, 42, 0, 31.17%, 2, 0, 13, 4590.70, 875921, 976, 2, 0
219, 3, 358, 674, 36, 0, 31.20%, 2, 0, 13, 4585.49, 898355, 977, 2, 0
224, 4, 267, 675, 30, 0, 31.20%, 2, 0, 13, 4204.13, 918783, 977, 2, 0
229, 4, 552, 689, 35, 0, 31.30%, 2, 0, 16, 3900.03, 938268, 980, 2, 0
234, 4, 686, 702, 47, 0, 31.30%, 2, 0, 17, 3801.86, 958001, 980, 2, 0
239, 4, 256, 710, 45, 0, 31.30%, 2, 0, 17, 4013.24, 977779, 980, 2, 0
244, 4, 692, 721, 52, 0, 31.30%, 2, 0, 18, 3116.06, 994266, 980, 2, 0
250, 4, 721, 725, 48, 0, 31.30%, 2, 0, 18, 426.69, 1012851, 980, 2, 0
255, 4, 725, 727, 46, 0, 31.30%, 2, 0, 18, 146.85, 1017803, 980, 2, 0
260, 4, 695, 729, 40, 0, 31.30%, 2, 0, 18, 3763.85, 1032761, 980, 2, 0
265, 4, 357, 730, 34, 0, 31.30%, 2, 0, 18, 4480.04, 1055455, 980, 2, 0
270, 4, 640, 734, 32, 0, 31.30%, 2, 0, 18, 4632.03, 1079061, 980, 2, 0
275, 4, 715, 738, 31, 0, 31.30%, 2, 0, 18, 4662.61, 1102323, 980, 2, 0
280, 5, 96, 743, 30, 0, 31.30%, 2, 0, 19, 4051.23, 1122549, 980, 2, 0
285, 5, 579, 746, 27, 0, 31.30%, 2, 0, 19, 3335.78, 1138944, 980, 2, 0
290, 5, 95, 753, 28, 0, 31.43%, 2, 0, 19, 3995.39, 1157110, 984, 2, 0
296, 5, 762, 765, 32, 1, 32.80%, 2, 0, 20, 4743.95, 1182387, 1027, 2, 0
301, 5, 664, 769, 30, 0, 32.80%, 2, 1, 20, 5522.83, 1202356, 1027, 2, 0
306, 5, 242, 772, 24, 0, 32.83%, 2, 1, 20, 4559.88, 1223313, 1028, 2, 0
311, 5, 718, 776, 26, 0, 32.86%, 2, 1, 20, 292.91, 1231980, 1029, 2, 0
316, 5, 120, 781, 28, 0, 32.86%, 2, 1, 20, 4426.07, 1255354, 1029, 2, 0
321, 5, 744, 781, 21, 0, 32.86%, 2, 1, 20, 4501.60, 1278579, 1029, 2, 0
326, 5, 530, 781, 18, 0, 32.86%, 2, 1, 20, 4252.78, 1299432, 1029, 2, 0
332, 6, 405, 782, 17, 0, 32.86%, 2, 1, 20, 4730.25, 1324194, 1029, 2, 0
337, 6, 186, 785, 15, 0, 32.90%, 2, 1, 20, 4691.37, 1350180, 1030, 2, 0
342, 6, 775, 787, 14, 0, 32.90%, 2, 1, 20, 4361.04, 1370900, 1030, 2, 0
347, 6, 97, 788, 13, 0, 32.90%, 2, 1, 20, 3436.03, 1379388, 1030, 2, 0
352, 6, 221, 788, 11, 0, 32.90%, 2, 1, 20, 4664.71, 1403745, 1030, 2, 0
357, 6, 221, 789, 11, 0, 32.99%, 2, 1, 20, 4918.50, 1429432, 1033, 2, 0
363, 6, 664, 789, 11, 0, 32.99%, 2, 1, 20, 4925.74, 1454200, 1033, 2, 0
368, 6, 185, 791, 11, 0, 32.99%, 2, 1, 20, 4614.65, 1478201, 1033, 2, 0
373, 7, 64, 792, 11, 0, 32.99%, 2, 1, 20, 4454.86, 1500829, 1033, 2, 0
378, 7, 115, 793, 12, 0, 32.99%, 2, 1, 20, 4253.84, 1523971, 1033, 2, 0
383, 7, 101, 793, 10, 0, 32.99%, 2, 1, 20, 4267.15, 1546501, 1033, 2, 0
388, 7, 598, 793, 9, 0, 32.99%, 2, 1, 20, 4524.88, 1568442, 1033, 2, 0
394, 7, 791, 793, 8, 0, 32.99%, 2, 1, 20, 4664.57, 1594000, 1033, 2, 0
399, 7, 685, 793, 7, 0, 32.99%, 2, 1, 20, 4750.11, 1617402, 1033, 2, 0
404, 7, 96, 794, 7, 0, 32.99%, 2, 1, 20, 4619.00, 1638828, 1033, 2, 0
409, 8, 66, 794, 7, 0, 32.99%, 2, 1, 20, 5368.54, 1661144, 1033, 2, 0
414, 8, 159, 796, 8, 0, 32.99%, 2, 1, 20, 4536.15, 1683772, 1033, 2, 0
419, 8, 693, 797, 8, 0, 32.99%, 2, 1, 20, 4921.01, 1708456, 1033, 2, 0
424, 8, 241, 797, 8, 0, 32.99%, 2, 1, 20, 4889.90, 1733160, 1033, 2, 0
429, 8, 12, 797, 7, 0, 32.99%, 2, 1, 20, 4430.06, 1755015, 1033, 2, 0
434, 8, 668, 797, 6, 0, 32.99%, 2, 1, 20, 4556.07, 1777323, 1033, 2, 0
440, 8, 690, 797, 5, 0, 32.99%, 2, 1, 20, 4731.94, 1801075, 1033, 2, 0
445, 8, 92, 798, 5, 0, 32.99%, 2, 1, 20, 5189.51, 1824010, 1033, 2, 0
450, 9, 312, 798, 5, 0, 32.99%, 2, 1, 20, 5603.45, 1847606, 1033, 2, 0
455, 9, 682, 798, 4, 0, 32.99%, 2, 1, 20, 4935.57, 1871150, 1033, 2, 0
460, 9, 607, 798, 4, 0, 32.99%, 2, 1, 20, 4414.82, 1891178, 1033, 2, 0
465, 9, 180, 798, 4, 0, 32.99%, 2, 1, 20, 4687.94, 1915350, 1033, 2, 0
470, 9, 723, 798, 4, 0, 32.99%, 2, 1, 20, 4110.97, 1928635, 1033, 2, 0
476, 9, 52, 799, 5, 0, 32.99%, 2, 1, 20, 4335.02, 1951297, 1033, 2, 0
481, 9, 561, 802, 5, 0, 32.99%, 2, 1, 20, 4279.09, 1971556, 1033, 2, 0
486, 9, 80, 803, 4, 0, 32.99%, 2, 1, 20, 5230.86, 1993877, 1033, 2, 0
491, 10, 672, 803, 4, 0, 32.99%, 2, 1, 20, 4622.67, 2016285, 1033, 2, 0
496, 10, 573, 805, 5, 0, 33.02%, 2, 1, 20, 5518.45, 2035061, 1034, 2, 0
501, 10, 436, 808, 5, 0, 33.09%, 2, 1, 20, 5153.14, 2059264, 1036, 2, 0
506, 10, 729, 810, 6, 0, 33.09%, 2, 1, 20, 5086.77, 2082886, 1036, 2, 0
511, 10, 406, 810, 6, 0, 33.09%, 2, 1, 20, 4410.21, 2103715, 1036, 2, 0
516, 10, 668, 810, 6, 0, 33.09%, 2, 1, 20, 689.74, 2126330, 1036, 2, 0
522, 10, 96, 810, 4, 0, 33.09%, 2, 1, 20, 4888.51, 2150078, 1036, 2, 0
528, 10, 386, 810, 3, 0, 33.09%, 2, 1, 20, 311.91, 2170707, 1036, 2, 0
533, 11, 794, 810, 3, 0, 33.09%, 2, 1, 20, 5132.86, 2191791, 1036, 2, 0
539, 11, 579, 811, 4, 0, 33.09%, 2, 1, 20, 4605.23, 2214509, 1036, 2, 0
544, 11, 318, 811, 3, 0, 33.09%, 2, 1, 20, 4861.51, 2239496, 1036, 2, 0
549, 11, 527, 813, 4, 0, 33.09%, 2, 1, 20, 4845.30, 2261473, 1036, 2, 0
554, 11, 794, 814, 4, 0, 33.09%, 2, 1, 20, 3461.80, 2282260, 1036, 2, 0
559, 11, 818, 819, 7, 1, 33.15%, 2, 1, 20, 5120.58, 2307134, 1038, 2, 0
564, 11, 823, 824, 10, 1, 33.28%, 2, 1, 20, 4971.25, 2328328, 1042, 2, 0
570, 11, 38, 824, 9, 0, 33.28%, 2, 1, 20, 310.34, 2350065, 1042, 2, 0
575, 11, 80, 824, 9, 0, 33.28%, 2, 1, 20, 5005.97, 2373547, 1042, 2, 0
580, 12, 761, 824, 6, 0, 33.28%, 2, 1, 20, 4983.10, 2394095, 1042, 2, 0
585, 12, 804, 824, 5, 0, 33.28%, 2, 1, 20, 4469.98, 2416097, 1042, 2, 0
591, 12, 729, 824, 4, 0, 33.28%, 2, 1, 20, 4994.88, 2439607, 1042, 2, 0
596, 12, 391, 825, 4, 0, 33.28%, 2, 1, 20, 4665.00, 2461344, 1042, 2, 0
601, 12, 825, 826, 5, 1, 33.31%, 2, 1, 20, 3562.29, 2480140, 1043, 2, 0
606, 12, 818, 832, 8, 0, 33.34%, 2, 1, 20, 4267.28, 2492278, 1044, 2, 0
611, 12, 664, 834, 9, 0, 33.38%, 2, 1, 20, 551.80, 2512947, 1045, 2, 0
616, 12, 63, 837, 10, 0, 33.38%, 2, 1, 20, 4960.48, 2535575, 1045, 2, 0
622, 12, 836, 839, 11, 0, 33.38%, 2, 1, 20, 4646.11, 2557601, 1045, 2, 0
627, 12, 323, 840, 9, 0, 33.38%, 2, 1, 20, 495.18, 2574254, 1045, 2, 0
633, 13, 248, 841, 8, 0, 33.38%, 2, 1, 20, 3402.87, 2589889, 1045, 2, 0
638, 13, 400, 843, 8, 0, 33.38%, 2, 1, 20, 4875.38, 2610074, 1045, 2, 0
643, 13, 845, 846, 8, 0, 33.38%, 2, 1, 20, 4766.19, 2634082, 1045, 2, 0
648, 13, 779, 847, 5, 0, 33.38%, 2, 1, 20, 1050.20, 2654625, 1045, 2, 0
653, 13, 185, 853, 9, 0, 33.44%, 2, 1, 20, 2958.61, 2678334, 1047, 2, 0
658, 13, 850, 856, 12, 0, 33.44%, 2, 1, 20, 4206.47, 2701264, 1047, 2, 0
663, 13, 853, 862, 16, 0, 33.44%, 2, 1, 20, 3454.00, 2717156, 1047, 2, 0
668, 13, 813, 864, 15, 0, 33.44%, 2, 1, 20, 3615.78, 2733161, 1047, 2, 0
674, 13, 865, 874, 20, 1, 33.60%, 2, 1, 20, 4246.10, 2754398, 1052, 2, 0
679, 13, 873, 880, 24, 1, 33.60%, 2, 1, 20, 3854.37, 2773381, 1052, 2, 0
684, 13, 864, 885, 26, 0, 33.60%, 2, 1, 20, 557.87, 2792575, 1052, 2, 0
689, 13, 796, 888, 26, 0, 33.60%, 2, 1, 20, 4271.98, 2813125, 1052, 2, 0
694, 13, 879, 894, 29, 0, 33.60%, 2, 1, 20, 3673.36, 2830508, 1052, 2, 0
699, 13, 682, 895, 24, 0, 33.60%, 2, 1, 20, 3543.97, 2846795, 1052, 2, 0
704, 13, 814, 896, 21, 0, 33.60%, 2, 1, 20, 4004.86, 2867157, 1052, 2, 0
709, 13, 242, 897, 19, 0, 33.60%, 2, 1, 20, 851.45, 2877757, 1052, 2, 0
715, 13, 896, 898, 20, 0, 33.60%, 2, 1, 20, 562.15, 2887888, 1052, 2, 0
721, 13, 896, 901, 23, 0, 33.63%, 2, 1, 20, 867.48, 2892567, 1053, 2, 0
726, 14, 857, 903, 22, 0, 33.63%, 2, 1, 20, 5030.79, 2899977, 1053, 2, 0
731, 14, 900, 905, 22, 0, 33.63%, 2, 1, 20, 200.03, 2913471, 1053, 2, 0
736, 14, 900, 906, 23, 0, 33.63%, 2, 1, 20, 315.05, 2915419, 1053, 2, 0
741, 14, 239, 906, 19, 0, 33.63%, 2, 1, 20, 4295.21, 2933411, 1053, 2, 0
746, 14, 469, 907, 17, 0, 33.63%, 2, 1, 20, 2207.12, 2952981, 1053, 2, 0
751, 14, 905, 908, 17, 0, 33.63%, 2, 1, 20, 925.08, 2970771, 1053, 2, 0
756, 14, 905, 908, 17, 0, 33.63%, 2, 1, 20, 297.08, 2972116, 1053, 2, 0
762, 14, 640, 908, 16, 0, 33.63%, 2, 1, 20, 192.41, 2980484, 1053, 2, 0
767, 14, 897, 908, 14, 0, 33.63%, 2, 1, 20, 518.56, 2996824, 1053, 2, 0
772, 14, 860, 908, 13, 0, 33.63%, 2, 1, 20, 4633.72, 3009893, 1053, 2, 0
777, 14, 825, 910, 10, 0, 33.63%, 2, 1, 20, 3774.71, 3030099, 1053, 2, 0
783, 14, 796, 910, 9, 0, 33.63%, 2, 1, 20, 4374.39, 3050308, 1053, 2, 0
788, 14, 61, 910, 9, 0, 33.63%, 2, 1, 20, 892.68, 3067064, 1053, 2, 0
794, 14, 910, 911, 10, 0, 33.63%, 2, 1, 20, 939.09, 3077943, 1053, 2, 0
799, 14, 899, 911, 8, 0, 33.63%, 2, 1, 20, 5440.90, 3091407, 1053, 2, 0
804, 14, 841, 911, 7, 0, 33.63%, 2, 1, 20, 4715.52, 3111635, 1053, 2, 0
809, 15, 159, 912, 5, 0, 33.63%, 2, 1, 20, 3873.11, 3128363, 1053, 2, 0
814, 15, 835, 912, 4, 0, 33.63%, 2, 1, 20, 310.71, 3149687, 1053, 2, 0
819, 15, 293, 912, 3, 0, 33.63%, 2, 1, 20, 720.59, 3170365, 1053, 2, 0
824, 15, 87, 912, 3, 0, 33.63%, 2, 1, 20, 4868.74, 3193265, 1053, 2, 0
829, 15, 445, 912, 3, 0, 33.63%, 2, 1, 20, 3459.91, 3214230, 1053, 2, 0
835, 15, 349, 912, 3, 0, 33.63%, 2, 1, 20, 2684.46, 3232280, 1053, 2, 0
840, 15, 109, 912, 3, 0, 33.63%, 2, 1, 20, 4264.39, 3251100, 1053, 2, 0
845, 15, 561, 912, 2, 0, 33.63%, 2, 1, 20, 4257.17, 3269545, 1053, 2, 0
850, 15, 813, 912, 2, 0, 33.63%, 2, 1, 20, 4575.67, 3289155, 1053, 2, 0
855, 15, 21, 914, 4, 0, 33.63%, 2, 1, 20, 4449.70, 3311576, 1053, 2, 0
861, 16, 898, 914, 4, 0, 33.63%, 2, 1, 20, 217.19, 3330894, 1053, 2, 0
866, 16, 764, 914, 4, 0, 33.63%, 2, 1, 20, 4920.06, 3350993, 1053, 2, 0
871, 16, 170, 916, 5, 0, 33.66%, 2, 1, 20, 5459.49, 3372560, 1054, 2, 0
876, 16, 405, 916, 5, 0, 33.66%, 2, 1, 20, 4710.05, 3392763, 1054, 2, 0
881, 16, 899, 916, 5, 0, 33.66%, 2, 1, 20, 827.37, 3407123, 1054, 2, 0
887, 16, 601, 916, 5, 0, 33.66%, 2, 1, 20, 3072.20, 3425067, 1054, 2, 0
892, 16, 111, 916, 4, 0, 33.66%, 2, 1, 20, 3546.66, 3442802, 1054, 2, 0
897, 16, 898, 916, 3, 0, 33.66%, 2, 1, 20, 3874.90, 3462192, 1054, 2, 0
902, 16, 912, 918, 5, 0, 33.66%, 2, 1, 20, 3802.41, 3479603, 1054, 2, 0
907, 16, 323, 918, 3, 0, 33.66%, 2, 1, 20, 2906.48, 3498817, 1054, 2, 0
912, 16, 322, 918, 3, 0, 33.66%, 2, 1, 20, 3997.87, 3519620, 1054, 2, 0
917, 17, 606, 920, 3, 0, 33.66%, 2, 1, 20, 4793.96, 3541490, 1054, 2, 0
922, 17, 844, 921, 3, 0, 33.70%, 2, 1, 20, 4527.26, 3562042, 1055, 2, 0
927, 17, 919, 927, 9, 0, 33.70%, 2, 1, 20, 4179.54, 3580245, 1055, 2, 0
932, 17, 896, 929, 8, 0, 33.70%, 2, 1, 20, 3781.37, 3600474, 1055, 2, 0
938, 17, 527, 930, 8, 0, 33.70%, 2, 1, 20, 372.64, 3621249, 1055, 2, 0
943, 17, 109, 931, 7, 0, 33.70%, 2, 1, 20, 4619.42, 3643026, 1055, 2, 0
948, 17, 792, 932, 8, 0, 33.70%, 2, 1, 20, 538.98, 3655792, 1055, 2, 0
953, 17, 804, 933, 7, 0, 33.70%, 2, 1, 20, 5370.36, 3675724, 1055, 2, 0
958, 17, 664, 934, 8, 0, 33.70%, 2, 1, 20, 4806.12, 3695208, 1055, 2, 0
963, 17, 931, 935, 8, 0, 33.70%, 2, 1, 20, 4812.13, 3713438, 1055, 2, 0
968, 17, 815, 936, 6, 0, 33.70%, 2, 1, 20, 5259.34, 3733724, 1055, 2, 0
973, 17, 818, 937, 5, 0, 33.70%, 2, 1, 20, 360.90, 3750760, 1055, 2, 0
978, 17, 818, 937, 4, 0, 33.70%, 2, 1, 20, 4577.66, 3769343, 1055, 2, 0
983, 18, 384, 938, 2, 0, 33.70%, 2, 1, 20, 3609.83, 3787623, 1055, 2, 0
988, 18, 899, 938, 2, 0, 33.70%, 2, 1, 20, 4758.88, 3808467, 1055, 2, 0
994, 18, 140, 938, 2, 0, 33.70%, 2, 1, 20, 4716.16, 3828113, 1055, 2, 0
999, 18, 938, 942, 6, 0, 33.70%, 2, 1, 20, 4532.22, 3849145, 1055, 2, 0
1004, 18, 687, 943, 5, 0, 33.70%, 2, 1, 20, 4322.76, 3868871, 1055, 2, 0
1009, 18, 762, 943, 4, 0, 33.70%, 2, 1, 20, 4339.53, 3889906, 1055, 2, 0
1015, 18, 901, 944, 4, 0, 33.70%, 2, 1, 20, 4128.99, 3911141, 1055, 2, 0
1020, 18, 899, 945, 5, 0, 33.70%, 2, 1, 20, 4021.09, 3931027, 1055, 2, 0
1025, 18, 793, 947, 6, 0, 33.70%, 2, 1, 20, 4685.13, 3952622, 1055, 2, 0
1030, 18, 421, 947, 4, 0, 33.70%, 2, 1, 20, 4185.34, 3969809, 1055, 2, 0
1035, 18, 213, 948, 3, 0, 33.70%, 2, 1, 20, 4183.15, 3988442, 1055, 2, 0
1041, 18, 844, 949, 2, 0, 33.70%, 2, 1, 20, 5399.29, 4008918, 1055, 2, 0
1046, 19, 763, 949, 2, 0, 33.70%, 2, 1, 20, 4102.71, 4029273, 1055, 2, 0
1051, 19, 851, 952, 5, 0, 33.70%, 2, 1, 20, 4028.26, 4048006, 1055, 2, 0
1056, 19, 875, 952, 4, 0, 33.70%, 2, 1, 20, 4219.47, 4069278, 1055, 2, 0
1061, 19, 561, 953, 4, 0, 33.70%, 2, 1, 20, 4293.53, 4087476, 1055, 2, 0
1066, 19, 952, 953, 4, 0, 33.70%, 2, 1, 20, 5093.46, 4106632, 1055, 2, 0
1071, 19, 752, 953, 2, 0, 33.70%, 2, 1, 20, 4261.37, 4126188, 1055, 2, 0
1076, 19, 950, 953, 2, 0, 33.70%, 2, 1, 20, 4358.74, 4145710, 1055, 2, 0
1081, 19, 165, 953, 1, 0, 33.70%, 2, 1, 20, 5397.15, 4166475, 1055, 2, 0
1086, 19, 87, 953, 1, 0, 33.70%, 2, 1, 20, 5011.70, 4186286, 1055, 2, 0
1091, 19, 954, 955, 3, 1, 33.70%, 2, 1, 20, 3638.46, 4205513, 1055, 2, 0
1097, 19, 898, 955, 2, 0, 33.70%, 2, 1, 20, 4484.07, 4221135, 1055, 2, 0
1102, 19, 104, 955, 1, 0, 33.70%, 2, 1, 20, 3044.45, 4240057, 1055, 2, 0
1107, 20, 101, 956, 1, 0, 33.70%, 2, 1, 20, 828.85, 4260888, 1055, 2, 0
1112, 20, 579, 958, 2, 0, 33.70%, 2, 1, 20, 4377.95, 4281364, 1055, 2, 0
1117, 20, 787, 959, 3, 0, 33.70%, 2, 1, 20, 4439.52, 4302398, 1055, 2, 0
1122, 20, 666, 959, 3, 0, 33.70%, 2, 1, 20, 4689.07, 4323131, 1055, 2, 0
1127, 20, 685, 959, 2, 0, 33.70%, 2, 1, 20, 3632.31, 4340990, 1055, 2, 0
1132, 20, 897, 959, 2, 0, 33.70%, 2, 1, 20, 3796.04, 4355782, 1055, 2, 0
1138, 20, 101, 959, 1, 0, 33.70%, 2, 1, 20, 275.76, 4374751, 1055, 2, 0
1143, 20, 517, 959, 1, 0, 33.70%, 2, 1, 20, 3426.97, 4394744, 1055, 2, 0
1148, 20, 801, 959, 1, 0, 33.70%, 2, 1, 20, 4280.99, 4414485, 1055, 2, 0
1153, 20, 696, 959, 1, 0, 33.70%, 2, 1, 20, 4870.78, 4434314, 1055, 2, 0
1158, 20, 408, 960, 2, 0, 33.70%, 2, 1, 20, 4555.78, 4455417, 1055, 2, 0
1163, 21, 954, 961, 1, 0, 33.73%, 2, 1, 20, 4602.55, 4477237, 1056, 2, 0
1168, 21, 933, 961, 1, 0, 33.73%, 2, 1, 20, 4203.53, 4496836, 1056, 2, 0
1174, 21, 87, 961, 1, 0, 33.73%, 2, 1, 20, 4669.78, 4518889, 1056, 2, 0
1179, 21, 832, 961, 1, 0, 33.73%, 2, 1, 20, 5335.84, 4540022, 1056, 2, 0
1184, 21, 331, 961, 1, 0, 33.73%, 2, 1, 20, 4286.20, 4561438, 1056, 2, 0
1189, 21, 961, 964, 4, 0, 33.73%, 2, 1, 20, 4288.13, 4582941, 1056, 2, 0
1194, 21, 962, 966, 5, 0, 33.73%, 2, 1, 20, 3976.68, 4602130, 1056, 2, 0
1199, 21, 408, 967, 4, 0, 33.73%, 2, 1, 20, 3983.55, 4622288, 1056, 2, 0
1204, 21, 711, 967, 3, 0, 33.73%, 2, 1, 20, 5100.67, 4642232, 1056, 2, 0
1209, 21, 54, 967, 3, 0, 33.73%, 2, 1, 20, 4184.74, 4662113, 1056, 2, 0
1214, 21, 400, 972, 6, 0, 33.73%, 2, 1, 20, 3243.41, 4679279, 1056, 2, 0
1219, 21, 945, 1133, 145, 3, 34.24%, 2, 1, 20, 4139.29, 4695321, 1072, 2, 0
1224, 21, 242, 1133, 136, 0, 34.24%, 2, 1, 20, 2601.70, 4703905, 1072, 2, 0
1230, 21, 1047, 1133, 123, 0, 34.24%, 2, 1, 20, 2601.95, 4717381, 1072, 2, 0
1235, 21, 1081, 1133, 108, 0, 34.24%, 2, 1, 20, 3668.03, 4733288, 1072, 2, 0
1240, 21, 1033, 1133, 92, 0, 34.24%, 2, 1, 20, 4799.60, 4753200, 1072, 2, 0
1245, 21, 1082, 1133, 79, 0, 34.24%, 2, 1, 20, 2811.19, 4770834, 1072, 2, 0
1250, 22, 971, 1133, 71, 0, 34.24%, 2, 1, 20, 3077.18, 4785293, 1072, 2, 0
1255, 22, 673, 1133, 62, 0, 34.24%, 2, 1, 20, 4300.00, 4803443, 1072, 2, 0
1260, 22, 898, 1133, 54, 0, 34.24%, 2, 1, 20, 2776.21, 4822418, 1072, 2, 0
1265, 22, 170, 1133, 44, 0, 34.24%, 2, 1, 20, 204.75, 4839382, 1072, 2, 0
1271, 22, 668, 1133, 41, 0, 34.24%, 2, 1, 20, 4900.05, 4847798, 1072, 2, 0
1276, 22, 844, 1133, 31, 0, 34.24%, 2, 1, 20, 4960.38, 4866638, 1072, 2, 0
1281, 22, 635, 1133, 24, 0, 34.24%, 2, 1, 20, 4586.90, 4886122, 1072, 2, 0
1286, 22, 974, 1133, 19, 0, 34.24%, 2, 1, 20, 531.58, 4901943, 1072, 2, 0
1291, 22, 995, 1133, 18, 0, 34.24%, 2, 1, 20, 3160.51, 4910489, 1072, 2, 0
1296, 22, 1049, 1133, 13, 0, 34.24%, 2, 1, 20, 4991.28, 4932730, 1072, 2, 0
1301, 22, 102, 1133, 9, 0, 34.24%, 2, 1, 20, 4073.48, 4952763, 1072, 2, 0
1307, 22, 242, 1133, 5, 0, 34.24%, 2, 1, 20, 3905.79, 4971303, 1072, 2, 0
1312, 22, 87, 1133, 4, 0, 34.24%, 2, 1, 20, 4058.99, 4990680, 1072, 2, 0
1317, 22, 116, 1133, 1, 0, 34.24%, 2, 1, 20, 4076.20, 5009878, 1072, 2, 0
1322, 22, 682, 1133, 1, 0, 34.24%, 2, 1, 20, 5599.86, 5031380, 1072, 2, 0
1327, 22, 997, 1133, 1, 0, 34.24%, 2, 1, 20, 4651.39, 5052861, 1072, 2, 0
1333, 23, 1078, 1133, 1, 0, 34.24%, 2, 1, 20, 4873.22, 5077580, 1072, 2, 0
1339, 23, 693, 1133, 0, 0, 34.24%, 2, 1, 20, 864.52, 5097184, 1072, 2, 0
1344, 23, 906, 1133, 0, 0, 34.24%, 2, 1, 20, 4623.45, 5117647, 1072, 2, 0
1349, 23, 74, 1133, 0, 0, 34.24%, 2, 1, 20, 3875.18, 5132512, 1072, 2, 0
1354, 23, 1071, 1133, 0, 0, 34.24%, 2, 1, 20, 4603.57, 5152822, 1072, 2, 0
1359, 23, 852, 1133, 0, 0, 34.24%, 2, 1, 20, 3957.12, 5172738, 1072, 2, 0
1364, 23, 1036, 1134, 1, 0, 34.24%, 2, 1, 20, 4462.00, 5194787, 1072, 2, 0
1369, 23, 763, 1135, 1, 0, 34.24%, 2, 1, 20, 4514.85, 5217945, 1072, 2, 0
1375, 23, 1135, 1136, 2, 0, 34.24%, 2, 1, 20, 4167.16, 5238591, 1072, 2, 0
1380, 23, 876, 1136, 1, 0, 34.24%, 2, 1, 20, 4495.41, 5259474, 1072, 2, 0
1385, 23, 114, 1136, 1, 0, 34.24%, 2, 1, 20, 5002.60, 5277921, 1072, 2, 0
1390, 23, 1034, 1136, 0, 0, 34.24%, 2, 1, 20, 4618.40, 5299125, 1072, 2, 0
1395, 23, 832, 1136, 0, 0, 34.24%, 2, 1, 20, 4289.59, 5319609, 1072, 2, 0
1400, 24, 813, 1136, 0, 0, 34.24%, 2, 1, 20, 4132.49, 5337600, 1072, 2, 0
1405, 24, 1061, 1136, 0, 0, 34.24%, 2, 1, 20, 3653.45, 5359516, 1072, 2, 0
1410, 24, 876, 1136, 0, 0, 34.24%, 2, 1, 20, 4022.60, 5379134, 1072, 2, 0
1416, 24, 242, 1136, 0, 0, 34.24%, 2, 1, 20, 3235.00, 5400096, 1072, 2, 0
1421, 24, 414, 1136, 0, 0, 34.24%, 2, 1, 20, 2645.53, 5421616, 1072, 2, 0
1426, 24, 788, 1136, 0, 0, 34.24%, 2, 1, 20, 4938.18, 5443910, 1072, 2, 0
1432, 24, 725, 1136, 0, 0, 34.24%, 2, 1, 20, 366.57, 5458332, 1072, 2, 0
1437, 24, 166, 1136, 0, 0, 34.24%, 2, 1, 20, 4185.88, 5477751, 1072, 2, 0
1443, 24, 1037, 1136, 0, 0, 34.24%, 2, 1, 20, 4761.86, 5498951, 1072, 2, 0
1448, 24, 83, 1136, 0, 0, 34.24%, 2, 1, 20, 4083.27, 5517484, 1072, 2, 0
1453, 24, 527, 1136, 0, 0, 34.24%, 2, 1, 20, 4892.76, 5537451, 1072, 2, 0
1458, 24, 131, 1136, 0, 0, 34.24%, 2, 1, 20, 3974.64, 5553909, 1072, 2, 0
1463, 24, 648, 1136, 0, 0, 34.24%, 2, 1, 20, 4265.72, 5576002, 1072, 2, 0
1468, 24, 170, 1137, 1, 0, 34.24%, 2, 1, 20, 3357.92, 5595386, 1072, 2, 0
1474, 25, 512, 1137, 1, 0, 34.24%, 2, 1, 20, 4173.78, 5613195, 1072, 2, 0
1479, 25, 713, 1137, 1, 0, 34.24%, 2, 1, 20, 4375.91, 5633279, 1072, 2, 0
1484, 25, 844, 1137, 1, 0, 34.24%, 2, 1, 20, 1926.11, 5652934, 1072, 2, 0
1489, 25, 353, 1137, 1, 0, 34.24%, 2, 1, 20, 3858.63, 5674277, 1072, 2, 0
1494, 25, 635, 1137, 1, 0, 34.24%, 2, 1, 20, 3888.47, 5692451, 1072, 2, 0
1499, 25, 923, 1137, 1, 0, 34.24%, 2, 1, 20, 4223.25, 5712136, 1072, 2, 0
1504, 25, 785, 1138, 2, 0, 34.24%, 2, 1, 20, 4579.64, 5733869, 1072, 2, 0
1510, 25, 868, 1139, 1, 0, 34.24%, 2, 1, 20, 4177.02, 5753953, 1072, 2, 0
1515, 25, 851, 1139, 1, 0, 34.24%, 2, 1, 20, 852.71, 5776041, 1072, 2, 0
1520, 25, 852, 1139, 1, 0, 34.24%, 2, 1, 20, 386.79, 5793891, 1072, 2, 0
1525, 25, 898, 1139, 1, 0, 34.24%, 2, 1, 20, 3493.23, 5809353, 1072, 2, 0
1530, 25, 362, 1139, 1, 0, 34.24%, 2, 1, 20, 4978.37, 5828188, 1072, 2, 0
1537, 25, 503, 1139, 1, 0, 34.24%, 2, 1, 20, 284.47, 5847410, 1072, 2, 0
1542, 25, 445, 1139, 0, 0, 34.24%, 2, 1, 20, 3979.25, 5866193, 1072, 2, 0
1547, 26, 290, 1139, 0, 0, 34.24%, 2, 1, 20, 4714.20, 5885012, 1072, 2, 0
1552, 26, 526, 1139, 0, 0, 34.24%, 2, 1, 20, 4341.45, 5906523, 1072, 2, 0
1557, 26, 898, 1139, 0, 0, 34.24%, 2, 1, 20, 4403.06, 5927492, 1072, 2, 0
1562, 26, 391, 1139, 0, 0, 34.24%, 2, 1, 20, 4683.16, 5948418, 1072, 2, 0
1568, 26, 999, 1139, 0, 0, 34.24%, 2, 1, 20, 4314.39, 5969349, 1072, 2, 0
1574, 26, 1082, 1139, 0, 0, 34.24%, 2, 1, 20, 842.37, 5988666, 1072, 2, 0
1579, 26, 96, 1140, 0, 0, 34.24%, 2, 1, 20, 3874.47, 6008316, 1072, 2, 0
1584, 26, 877, 1140, 0, 0, 34.24%, 2, 1, 20, 2818.61, 6025357, 1072, 2, 0
1589, 26, 158, 1140, 0, 0, 34.24%, 2, 1, 20, 3756.60, 6046316, 1072, 2, 0
1594, 26, 842, 1140, 0, 0, 34.24%, 2, 1, 20, 3680.59, 6065679, 1072, 2, 0
1599, 26, 414, 1140, 0, 0, 34.24%, 2, 1, 20, 2477.94, 6085887, 1072, 2, 0
1604, 26, 1139, 1140, 0, 0, 34.24%, 2, 1, 20, 4401.90, 6103219, 1072, 2, 0
1609, 26, 315, 1140, 0, 0, 34.24%, 2, 1, 20, 4816.16, 6122980, 1072, 2, 0
1614, 26, 668, 1140, 0, 0, 34.24%, 2, 1, 20, 3790.30, 6138864, 1072, 2, 0
1620, 27, 1080, 1141, 1, 0, 34.24%, 2, 1, 20, 4592.34, 6158681, 1072, 2, 0
1626, 27, 851, 1141, 1, 0, 34.24%, 2, 1, 20, 4593.76, 6179812, 1072, 2, 0
1631, 27, 898, 1141, 1, 0, 34.24%, 2, 1, 20, 3462.64, 6200873, 1072, 2, 0
1636, 27, 357, 1142, 2, 0, 34.24%, 2, 1, 20, 2502.24, 6217115, 1072, 2, 0
1641, 27, 357, 1142, 2, 0, 34.24%, 2, 1, 20, 3602.83, 6236285, 1072, 2, 0
1646, 27, 1113, 1142, 2, 0, 34.24%, 2, 1, 20, 3258.71, 6252292, 1072, 2, 0
1651, 27, 1139, 1142, 1, 0, 34.24%, 2, 1, 20, 4277.11, 6274218, 1072, 2, 0
1656, 27, 898, 1142, 1, 0, 34.24%, 2, 1, 20, 4174.66, 6293183, 1072, 2, 0
1661, 27, 405, 1142, 1, 0, 34.24%, 2, 1, 20, 4329.38, 6313566, 1072, 2, 0
1666, 27, 829, 1142, 1, 0, 34.24%, 2, 1, 20, 3843.01, 6330581, 1072, 2, 0
1671, 27, 704, 1142, 1, 0, 34.24%, 2, 1, 20, 3666.07, 6346424, 1072, 2, 0
1676, 27, 1139, 1142, 1, 0, 34.24%, 2, 1, 20, 4231.64, 6367690, 1072, 2, 0
1682, 27, 898, 1142, 1, 0, 34.24%, 2, 1, 20, 4459.34, 6388975, 1072, 2, 0
1687, 27, 1130, 1142, 1, 0, 34.24%, 2, 1, 20, 4509.14, 6407486, 1072, 2, 0
1692, 28, 759, 1142, 1, 0, 34.24%, 2, 1, 20, 461.86, 6427653, 1072, 2, 0
1697, 28, 898, 1142, 1, 0, 34.24%, 2, 1, 20, 5090.69, 6438903, 1072, 2, 0
1702, 28, 876, 1142, 0, 0, 34.24%, 2, 1, 20, 3519.22, 6457483, 1072, 2, 0
1707, 28, 898, 1142, 0, 0, 34.24%, 2, 1, 20, 4592.24, 6477913, 1072, 2, 0
1712, 28, 512, 1142, 0, 0, 34.24%, 2, 1, 20, 3250.92, 6497469, 1072, 2, 0
1717, 28, 1048, 1142, 0, 0, 34.24%, 2, 1, 20, 3882.16, 6516769, 1072, 2, 0
1722, 28, 305, 1142, 0, 0, 34.24%, 2, 1, 20, 4437.74, 6536179, 1072, 2, 0
1729, 28, 1126, 1142, 0, 0, 34.24%, 2, 1, 20, 4056.06, 6557875, 1072, 2, 0
1734, 28, 579, 1142, 0, 0, 34.24%, 2, 1, 20, 2390.00, 6573941, 1072, 2, 0
1739, 28, 1013, 1142, 0, 0, 34.24%, 2, 1, 20, 4165.21, 6593259, 1072, 2, 0
1744, 28, 552, 1142, 0, 0, 34.24%, 2, 1, 20, 4003.26, 6612608, 1072, 2, 0
1749, 28, 685, 1142, 0, 0, 34.24%, 2, 1, 20, 3834.75, 6626593, 1072, 2, 0
1754, 28, 898, 1142, 0, 0, 34.24%, 2, 1, 20, 3780.38, 6646126, 1072, 2, 0
1759, 28, 517, 1142, 0, 0, 34.24%, 2, 1, 20, 2678.96, 6665532, 1072, 2, 0
1764, 28, 796, 1142, 0, 0, 34.24%, 2, 1, 20, 3716.70, 6684481, 1072, 2, 0
1770, 29, 763, 1142, 0, 0, 34.24%, 2, 1, 20, 4436.48, 6705851, 1072, 2, 0
1776, 29, 891, 1142, 0, 0, 34.24%, 2, 1, 20, 832.93, 6725988, 1072, 2, 0
1782, 29, 293, 1142, 0, 0, 34.24%, 2, 1, 20, 3949.21, 6746188, 1072, 2, 0
1787, 29, 619, 1142, 0, 0, 34.24%, 2, 1, 20, 5034.83, 6763443, 1072, 2, 0
1792, 29, 651, 1142, 0, 0, 34.24%, 2, 1, 20, 4558.23, 6783110, 1072, 2, 0
1797, 29, 1001, 1142, 0, 0, 34.24%, 2, 1, 20, 4355.00, 6804025, 1072, 2, 0
1802, 29, 745, 1143, 1, 0, 34.24%, 2, 1, 20, 5045.77, 6821956, 1072, 2, 0
1807, 29, 664, 1144, 1, 0, 34.24%, 2, 1, 20, 3191.40, 6841079, 1072, 2, 0
1812, 29, 1139, 1144, 1, 0, 34.24%, 2, 1, 20, 3906.06, 6859216, 1072, 2, 0
1817, 29, 58, 1144, 0, 0, 34.24%, 2, 1, 20, 3995.73, 6879324, 1072, 2, 0
1823, 29, 1142, 1144, 0, 0, 34.24%, 2, 1, 20, 4383.88, 6901108, 1072, 2, 0
1828, 29, 943, 1144, 0, 0, 34.24%, 2, 1, 20, 3925.07, 6922483, 1072, 2, 0
1833, 29, 38, 1144, 0, 0, 34.24%, 2, 1, 20, 5275.08, 6942533, 1072, 2, 0
1838, 29, 1097, 1144, 0, 0, 34.24%, 2, 1, 20, 4608.94, 6963079, 1072, 2, 0
1843, 30, 671, 1144, 0, 0, 34.24%, 2, 1, 20, 4664.80, 6983058, 1072, 2, 0
1849, 30, 652, 1144, 0, 0, 34.24%, 2, 1, 20, 4416.01, 7004015, 1072, 2, 0
1854, 30, 977, 1144, 0, 0, 34.24%, 2, 1, 20, 4560.61, 7025028, 1072, 2, 0
1860, 30, 820, 1144, 0, 0, 34.24%, 2, 1, 20, 4225.65, 7045686, 1072, 2, 0
1865, 30, 909, 1144, 0, 0, 34.24%, 2, 1, 20, 4970.17, 7065020, 1072, 2, 0
1870, 30, 459, 1145, 1, 0, 34.24%, 2, 1, 20, 4560.10, 7084962, 1072, 2, 0
1875, 30, 674, 1145, 1, 0, 34.24%, 2, 1, 20, 2152.94, 7104941, 1072, 2, 0
1881, 30, 1073, 1145, 1, 0, 34.24%, 2, 1, 20, 4292.81, 7122951, 1072, 2, 0
1886, 30, 647, 1145, 1, 0, 34.24%, 2, 1, 20, 4243.34, 7143520, 1072, 2, 0
1891, 30, 136, 1145, 1, 0, 34.24%, 2, 1, 20, 5315.23, 7163303, 1072, 2, 0
1896, 30, 764, 1145, 1, 0, 34.24%, 2, 1, 20, 4480.78, 7174662, 1072, 2, 0
1901, 30, 647, 1145, 0, 0, 34.24%, 2, 1, 20, 4411.72, 7195761, 1072, 2, 0
1906, 30, 628, 1145, 0, 0, 34.24%, 2, 1, 20, 5185.89, 7216814, 1072, 2, 0
1911, 30, 819, 1145, 0, 0, 34.24%, 2, 1, 20, 4946.60, 7234280, 1072, 2, 0
1916, 31, 1043, 1145, 0, 0, 34.24%, 2, 1, 20, 4757.52, 7254533, 1072, 2, 0
1922, 31, 110, 1145, 0, 0, 34.24%, 2, 1, 20, 5151.41, 7275668, 1072, 2, 0
1927, 31, 898, 1145, 0, 0, 34.24%, 2, 1, 20, 4238.10, 7294926, 1072, 2, 0
1932, 31, 184, 1145, 0, 0, 34.24%, 2, 1, 20, 4803.06, 7316636, 1072, 2, 0
1937, 31, 524, 1146, 1, 0, 34.24%, 2, 1, 20, 5034.95, 7336820, 1072, 2, 0
1943, 31, 899, 1146, 1, 0, 34.24%, 2, 1, 20, 4795.10, 7357410, 1072, 2, 0
1948, 31, 899, 1146, 1, 0, 34.24%, 2, 1, 20, 230.32, 7368398, 1072, 2, 0
1953, 31, 910, 1146, 0, 0, 34.24%, 2, 1, 20, 2840.58, 7386206, 1072, 2, 0
1958, 31, 782, 1146, 0, 0, 34.24%, 2, 1, 20, 3930.08, 7406992, 1072, 2, 0
1963, 31, 96, 1146, 0, 0, 34.24%, 2, 1, 20, 4038.57, 7427156, 1072, 2, 0
1969, 31, 1002, 1146, 0, 0, 34.24%, 2, 1, 20, 4370.51, 7448625, 1072, 2, 0
1974, 31, 693, 1146, 0, 0, 34.24%, 2, 1, 20, 225.89, 7468750, 1072, 2, 0
1979, 31, 83, 1146, 0, 0, 34.24%, 2, 1, 20, 4227.72, 7489810, 1072, 2, 0
1984, 31, 381, 1146, 0, 0, 34.24%, 2, 1, 20, 4345.03, 7511510, 1072, 2, 0
1989, 32, 552, 1146, 0, 0, 34.24%, 2, 1, 20, 4323.85, 7527236, 1072, 2, 0
1994, 32, 954, 1146, 0, 0, 34.24%, 2, 1, 20, 5144.59, 7547939, 1072, 2, 0
2000, 32, 353, 1146, 0, 0, 34.24%, 2, 1, 20, 4727.89, 7569679, 1072, 2, 0
2005, 32, 1046, 1146, 0, 0, 34.24%, 2, 1, 20, 3353.56, 7589266, 1072, 2, 0
2010, 32, 406, 1146, 0, 0, 34.24%, 2, 1, 20, 4386.69, 7607742, 1072, 2, 0
2015, 32, 49, 1146, 0, 0, 34.24%, 2, 1, 20, 4294.52, 7627394, 1072, 2, 0
2020, 32, 825, 1146, 0, 0, 34.24%, 2, 1, 20, 4293.64, 7647828, 1072, 2, 0
2025, 32, 903, 1146, 0, 0, 34.24%, 2, 1, 20, 4002.11, 7666155, 1072, 2, 0
2032, 32, 1079, 1146, 0, 0, 34.24%, 2, 1, 20, 4074.28, 7690388, 1072, 2, 0
2037, 32, 898, 1146, 0, 0, 34.24%, 2, 1, 20, 3125.35, 7710583, 1072, 2, 0
2042, 32, 732, 1146, 0, 0, 34.24%, 2, 1, 20, 3859.03, 7730018, 1072, 2, 0
2047, 32, 778, 1146, 0, 0, 34.24%, 2, 1, 20, 4807.32, 7750320, 1072, 2, 0
2053, 32, 1071, 1146, 0, 0, 34.24%, 2, 1, 20, 4227.59, 7770780, 1072, 2, 0
2058, 32, 148, 1146, 0, 0, 34.24%, 2, 1, 20, 4651.01, 7791064, 1072, 2, 0
2063, 33, 221, 1146, 0, 0, 34.24%, 2, 1, 20, 4241.50, 7810918, 1072, 2, 0
2068, 33, 526, 1147, 0, 0, 34.24%, 2, 1, 20, 4368.70, 7830319, 1072, 2, 0
2073, 33, 293, 1147, 0, 0, 34.24%, 2, 1, 20, 4571.48, 7848599, 1072, 2, 0
2078, 33, 868, 1147, 0, 0, 34.24%, 2, 1, 20, 4270.03, 7868851, 1072, 2, 0
2083, 33, 83, 1147, 0, 0, 34.24%, 2, 1, 20, 4023.73, 7889187, 1072, 2, 0
2088, 33, 851, 1149, 2, 0, 34.24%, 2, 1, 20, 5172.96, 7908471, 1072, 2, 0
2093, 33, 997, 1149, 1, 0, 34.24%, 2, 1, 20, 3400.29, 7926725, 1072, 2, 0
2098, 33, 1147, 1149, 1, 0, 34.24%, 2, 1, 20, 3494.10, 7948886, 1072, 2, 0
2104, 33, 898, 1149, 0, 0, 34.24%, 2, 1, 20, 206.90, 7967527, 1072, 2, 0
2109, 33, 109, 1149, 0, 0, 34.24%, 2, 1, 20, 376.68, 7987568, 1072, 2, 0
2114, 33, 981, 1149, 0, 0, 34.24%, 2, 1, 20, 4345.38, 8009206, 1072, 2, 0
2119, 33, 330, 1149, 0, 0, 34.24%, 2, 1, 20, 4521.76, 8029206, 1072, 2, 0
2124, 33, 400, 1149, 0, 0, 34.24%, 2, 1, 20, 4001.19, 8048465, 1072, 2, 0
2129, 33, 1147, 1149, 0, 0, 34.24%, 2, 1, 20, 4375.30, 8067680, 1072, 2, 0
2134, 34, 290, 1149, 0, 0, 34.24%, 2, 1, 20, 4341.15, 8087490, 1072, 2, 0
2139, 34, 312, 1149, 0, 0, 34.24%, 2, 1, 20, 4111.76, 8106880, 1072, 2, 0
2145, 34, 85, 1149, 0, 0, 34.24%, 2, 1, 20, 4507.66, 8124176, 1072, 2, 0
2150, 34, 787, 1149, 0, 0, 34.24%, 2, 1, 20, 4608.84, 8146583, 1072, 2, 0
2155, 34, 898, 1149, 0, 0, 34.24%, 2, 1, 20, 4294.96, 8163183, 1072, 2, 0
2160, 34, 761, 1149, 0, 0, 34.24%, 2, 1, 20, 4267.42, 8182283, 1072, 2, 0
2165, 34, 112, 1149, 0, 0, 34.24%, 2, 1, 20, 4691.79, 8204333, 1072, 2, 0
2170, 34, 185, 1149, 0, 0, 34.24%, 2, 1, 20, 3688.16, 8224077, 1072, 2, 0
2175, 34, 973, 1149, 0, 0, 34.24%, 2, 1, 20, 4117.96, 8243684, 1072, 2, 0
2180, 34, 782, 1149, 0, 0, 34.24%, 2, 1, 20, 5168.70, 8265150, 1072, 2, 0
2185, 34, 910, 1149, 0, 0, 34.24%, 2, 1, 20, 5165.61, 8284870, 1072, 2, 0
2190, 34, 504, 1149, 0, 0, 34.24%, 2, 1, 20, 4464.71, 8304710, 1072, 2, 0
2196, 34, 407, 1149, 0, 0, 34.24%, 2, 1, 20, 4077.08, 8324527, 1072, 2, 0
2201, 34, 95, 1149, 0, 0, 34.24%, 2, 1, 20, 4492.40, 8343552, 1072, 2, 0
2206, 34, 409, 1149, 0, 0, 34.24%, 2, 1, 20, 5040.00, 8357345, 1072, 2, 0
2211, 35, 899, 1149, 0, 0, 34.24%, 2, 1, 20, 3529.13, 8378158, 1072, 2, 0
2216, 35, 900, 1149, 0, 0, 34.24%, 2, 1, 20, 4782.11, 8399593, 1072, 2, 0
2221, 35, 729, 1149, 0, 0, 34.24%, 2, 1, 20, 3252.47, 8420753, 1072, 2, 0
2226, 35, 813, 1149, 0, 0, 34.24%, 2, 1, 20, 3545.82, 8438088, 1072, 2, 0
2231, 35, 899, 1149, 0, 0, 34.24%, 2, 1, 20, 3049.23, 8457361, 1072, 2, 0
2236, 35, 214, 1149, 0, 0, 34.24%, 2, 1, 20, 3047.47, 8468624, 1072, 2, 0
2241, 35, 1013, 1150, 1, 0, 34.24%, 2, 1, 20, 4245.83, 8489069, 1072, 2, 0
2247, 35, 1019, 1150, 1, 0, 34.24%, 2, 1, 20, 4966.15, 8508881, 1072, 2, 0
2252, 35, 109, 1150, 0, 0, 34.24%, 2, 1, 20, 4249.29, 8528349, 1072, 2, 0
2258, 35, 1055, 1150, 0, 0, 34.24%, 2, 1, 20, 5062.35, 8552839, 1072, 2, 0
2263, 35, 1139, 1150, 0, 0, 34.24%, 2, 1, 20, 325.20, 8574644, 1072, 2, 0
2268, 35, 634, 1150, 0, 0, 34.24%, 2, 1, 20, 4235.00, 8595756, 1072, 2, 0
2274, 35, 935, 1150, 0, 0, 34.24%, 2, 1, 20, 3828.80, 8618764, 1072, 2, 0
2279, 36, 898, 1151, 1, 0, 34.24%, 2, 1, 20, 4960.36, 8637791, 1072, 2, 0
2284, 36, 664, 1152, 1, 0, 34.24%, 2, 1, 20, 4714.53, 8657371, 1072, 2, 0
2290, 36, 1054, 1153, 1, 0, 34.24%, 2, 1, 20, 4645.78, 8677528, 1072, 2, 0
2295, 36, 114, 1153, 1, 0, 34.24%, 2, 1, 20, 4957.43, 8698163, 1072, 2, 0
2300, 36, 312, 1153, 1, 0, 34.24%, 2, 1, 20, 4544.66, 8717579, 1072, 2, 0
2306, 36, 1113, 1153, 1, 0, 34.24%, 2, 1, 20, 3274.05, 8738215, 1072, 2, 0
2311, 36, 946, 1153, 1, 0, 34.24%, 2, 1, 20, 5440.44, 8758604, 1072, 2, 0
2316, 36, 1152, 1153, 1, 0, 34.24%, 2, 1, 20, 4904.02, 8780526, 1072, 2, 0
2321, 36, 115, 1153, 0, 0, 34.24%, 2, 1, 20, 261.96, 8799652, 1072, 2, 0
2326, 36, 1099, 1154, 1, 0, 34.24%, 2, 1, 20, 4236.00, 8818063, 1072, 2, 0
2331, 36, 65, 1154, 1, 0, 34.24%, 2, 1, 20, 4625.05, 8834535, 1072, 2, 0
2337, 36, 1146, 1155, 2, 0, 34.24%, 2, 1, 20, 1155.91, 8855048, 1072, 2, 0
2342, 36, 542, 1155, 1, 0, 34.24%, 2, 1, 20, 4038.46, 8874627, 1072, 2, 0
2347, 36, 189, 1155, 0, 0, 34.24%, 2, 1, 20, 4018.05, 8895819, 1072, 2, 0
2352, 37, 899, 1155, 0, 0, 34.24%, 2, 1, 20, 3240.30, 8911859, 1072, 2, 0
2357, 37, 682, 1155, 0, 0, 34.24%, 2, 1, 20, 4670.53, 8928807, 1072, 2, 0
2362, 37, 264, 1155, 0, 0, 34.24%, 2, 1, 20, 5546.79, 8947606, 1072, 2, 0
2368, 37, 1139, 1155, 0, 0, 34.24%, 2, 1, 20, 4296.16, 8965981, 1072, 2, 0
2373, 37, 954, 1155, 0, 0, 34.24%, 2, 1, 20, 5293.71, 8984080, 1072, 2, 0
2378, 37, 392, 1155, 0, 0, 34.24%, 2, 1, 20, 4975.80, 9006933, 1072, 2, 0
2383, 37, 607, 1155, 0, 0, 34.24%, 2, 1, 20, 4675.99, 9027817, 1072, 2, 0
2389, 37, 719, 1155, 0, 0, 34.24%, 2, 1, 20, 2595.18, 9051052, 1072, 2, 0
2394, 37, 128, 1155, 0, 0, 34.24%, 2, 1, 20, 4360.44, 9071013, 1072, 2, 0
2399, 37, 267, 1155, 0, 0, 34.24%, 2, 1, 20, 3806.00, 9090390, 1072, 2, 0
2404, 37, 669, 1155, 0, 0, 34.24%, 2, 1, 20, 4840.07, 9110900, 1072, 2, 0
2409, 37, 560, 1155, 0, 0, 34.24%, 2, 1, 20, 861.39, 9129172, 1072, 2, 0
2414, 37, 1019, 1155, 0, 0, 34.24%, 2, 1, 20, 5302.47, 9149812, 1072, 2, 0
2419, 37, 1245, 1252, 94, 2, 34.40%, 2, 1, 20, 2178.03, 9164623, 1077, 2, 0
2425, 37, 844, 1252, 84, 0, 34.40%, 2, 1, 20, 2746.56, 9179830, 1077, 2, 0
2430, 37, 1247, 1252, 78, 0, 34.40%, 2, 1, 20, 5013.17, 9194211, 1077, 2, 0
2435, 37, 527, 1252, 67, 0, 34.40%, 2, 1, 20, 5008.14, 9209513, 1077, 2, 0
2440, 37, 1154, 1252, 62, 0, 34.40%, 2, 1, 20, 724.14, 9223052, 1077, 2, 0
2445, 37, 1208, 1252, 53, 0, 34.40%, 2, 1, 20, 3745.45, 9240324, 1077, 2, 0
2450, 38, 1213, 1252, 47, 0, 34.40%, 2, 1, 20, 4770.85, 9256819, 1077, 2, 0
2455, 38, 1217, 1252, 39, 0, 34.40%, 2, 1, 20, 4146.03, 9274607, 1077, 2, 0
2460, 38, 898, 1252, 34, 0, 34.40%, 2, 1, 20, 588.81, 9289986, 1077, 2, 0
2465, 38, 1173, 1252, 29, 0, 34.40%, 2, 1, 20, 5123.89, 9308856, 1077, 2, 0
2471, 38, 798, 1252, 23, 0, 34.40%, 2, 1, 20, 3458.05, 9327343, 1077, 2, 0
2476, 38, 766, 1252, 21, 0, 34.40%, 2, 1, 20, 3899.95, 9346792, 1077, 2, 0
2481, 38, 362, 1252, 17, 0, 34.40%, 2, 1, 20, 3503.14, 9360492, 1077, 2, 0
2486, 38, 1228, 1252, 14, 0, 34.40%, 2, 1, 20, 4021.96, 9379736, 1077, 2, 0
2491, 38, 1210, 1253, 11, 0, 34.40%, 2, 1, 20, 713.52, 9396568, 1077, 2, 0
2496, 38, 80, 1253, 6, 0, 34.40%, 2, 1, 20, 4091.81, 9415737, 1077, 2, 0
2501, 38, 1087, 1253, 6, 0, 34.40%, 2, 1, 20, 4516.13, 9433944, 1077, 2, 0
2506, 38, 114, 1253, 5, 0, 34.40%, 2, 1, 20, 5515.00, 9454075, 1077, 2, 0
2512, 38, 1191, 1253, 5, 0, 34.40%, 2, 1, 20, 3712.85, 9469230, 1077, 2, 0
2517, 38, 85, 1253, 4, 0, 34.40%, 2, 1, 20, 4325.24, 9490357, 1077, 2, 0
2522, 38, 763, 1253, 3, 0, 34.40%, 2, 1, 20, 4438.61, 9510063, 1077, 2, 0
2527, 38, 67, 1253, 2, 0, 34.40%, 2, 1, 20, 5078.62, 9530887, 1077, 2, 0
2532, 38, 397, 1253, 2, 0, 34.40%, 2, 1, 20, 4749.85, 9545464, 1077, 2, 0
2538, 39, 764, 1253, 2, 0, 34.40%, 2, 1, 20, 4876.09, 9567198, 1077, 2, 0
2543, 39, 899, 1253, 2, 0, 34.40%, 2, 1, 20, 194.03, 9584029, 1077, 2, 0
2548, 39, 1139, 1253, 2, 0, 34.40%, 2, 1, 20, 411.76, 9606762, 1077, 2, 0
2553, 39, 808, 1253, 2, 0, 34.40%, 2, 1, 20, 4491.66, 9621772, 1077, 2, 0
2558, 39, 561, 1253, 2, 0, 34.40%, 2, 1, 20, 3390.00, 9641806, 1077, 2, 0
2563, 39, 813, 1253, 2, 0, 34.40%, 2, 1, 20, 2963.05, 9659703, 1077, 2, 0
2568, 39, 832, 1253, 2, 0, 34.40%, 2, 1, 20, 4775.63, 9682075, 1077, 2, 0
2574, 39, 699, 1253, 2, 0, 34.40%, 2, 1, 20, 4595.78, 9704996, 1077, 2, 0
2579, 39, 561, 1253, 2, 0, 34.40%, 2, 1, 20, 3601.40, 9725691, 1077, 2, 0
2584, 39, 899, 1253, 2, 0, 34.40%, 2, 1, 20, 2843.31, 9741704, 1077, 2, 0
2589, 39, 685, 1253, 2, 0, 34.40%, 2, 1, 20, 4240.56, 9761928, 1077, 2, 0
2594, 39, 759, 1253, 2, 0, 34.40%, 2, 1, 20, 5018.18, 9780963, 1077, 2, 0
2599, 39, 765, 1253, 2, 0, 34.40%, 2, 1, 20, 1574.60, 9796786, 1077, 2, 0
2604, 39, 158, 1253, 2, 0, 34.40%, 2, 1, 20, 3564.03, 9817448, 1077, 2, 0
2609, 39, 899, 1253, 2, 0, 34.40%, 2, 1, 20, 4523.71, 9840429, 1077, 2, 0
2615, 40, 93, 1253, 2, 0, 34.40%, 2, 1, 20, 755.05, 9859593, 1077, 2, 0
2620, 40, 764, 1253, 2, 0, 34.40%, 2, 1, 20, 4958.66, 9876100, 1077, 2, 0
2625, 40, 921, 1253, 2, 0, 34.40%, 2, 1, 20, 5426.82, 9897628, 1077, 2, 0
2630, 40, 349, 1253, 2, 0, 34.40%, 2, 1, 20, 4445.63, 9919786, 1077, 2, 0
2635, 40, 504, 1253, 1, 0, 34.40%, 2, 1, 20, 4513.63, 9937861, 1077, 2, 0
2641, 40, 1045, 1253, 1, 0, 34.40%, 2, 1, 20, 4485.33, 9958506, 1077, 2, 0
2646, 40, 527, 1253, 1, 0, 34.40%, 2, 1, 20, 4588.38, 9979259, 1077, 2, 0
2651, 40, 1194, 1253, 1, 0, 34.40%, 2, 1, 20, 4944.09, 9998676, 1077, 2, 0
2656, 40, 268, 1253, 1, 0, 34.40%, 2, 1, 20, 3025.09, 10018688, 1077, 2, 0
2661, 40, 702, 1253, 1, 0, 34.40%, 2, 1, 20, 3590.91, 10035425, 1077, 2, 0
2666, 40, 852, 1253, 1, 0, 34.40%, 2, 1, 20, 5032.22, 10057347, 1077, 2, 0
2672, 40, 682, 1253, 1, 0, 34.40%, 2, 1, 20, 390.62, 10077956, 1077, 2, 0
2677, 40, 805, 1253, 1, 0, 34.40%, 2, 1, 20, 5316.80, 10099283, 1077, 2, 0
2682, 40, 763, 1253, 1, 0, 34.40%, 2, 1, 20, 4888.49, 10118828, 1077, 2, 0
2687, 41, 541, 1253, 1, 0, 34.40%, 2, 1, 20, 4713.15, 10137761, 1077, 2, 0
2692, 41, 898, 1253, 1, 0, 34.40%, 2, 1, 20, 4398.71, 10158396, 1077, 2, 0
2699, 41, 1249, 1253, 1, 0, 34.40%, 2, 1, 20, 2315.28, 10180186, 1077, 2, 0
2704, 41, 178, 1253, 1, 0, 34.40%, 2, 1, 20, 4147.47, 10199877, 1077, 2, 0
2709, 41, 72, 1253, 1, 0, 34.40%, 2, 1, 20, 5132.93, 10219861, 1077, 2, 0
2715, 41, 753, 1253, 1, 0, 34.40%, 2, 1, 20, 4526.26, 10241126, 1077, 2, 0
2720, 41, 872, 1253, 1, 0, 34.40%, 2, 1, 20, 4348.36, 10261866, 1077, 2, 0
2725, 41, 868, 1253, 1, 0, 34.40%, 2, 1, 20, 5515.00, 10279718, 1077, 2, 0
2730, 41, 25, 1253, 1, 0, 34.40%, 2, 1, 20, 5666.41, 10299909, 1077, 2, 0
2735, 41, 128, 1253, 1, 0, 34.40%, 2, 1, 20, 4757.29, 10319200, 1077, 2, 0
2740, 41, 851, 1253, 0, 0, 34.40%, 2, 1, 20, 3197.93, 10333733, 1077, 2, 0
2745, 41, 887, 1253, 0, 0, 34.40%, 2, 1, 20, 4707.78, 10351616, 1077, 2, 0
2750, 41, 964, 1253, 0, 0, 34.40%, 2, 1, 20, 711.52, 10370265, 1077, 2, 0
2756, 41, 682, 1253, 0, 0, 34.40%, 2, 1, 20, 3787.84, 10389176, 1077, 2, 0
2761, 41, 107, 1253, 0, 0, 34.40%, 2, 1, 20, 5090.00, 10409038, 1077, 2, 0
2766, 42, 876, 1253, 0, 0, 34.40%, 2, 1, 20, 5740.00, 10429848, 1077, 2, 0
2771, 42, 65, 1253, 0, 0, 34.40%, 2, 1, 20, 4175.00, 10449261, 1077, 2, 0
2776, 42, 898, 1253, 0, 0, 34.40%, 2, 1, 20, 4030.00, 10470046, 1077, 2, 0
2781, 42, 635, 1253, 0, 0, 34.40%, 2, 1, 20, 3892.96, 10488156, 1077, 2, 0
2786, 42, 515, 1253, 0, 0, 34.40%, 2, 1, 20, 4041.64, 10504193, 1077, 2, 0
2791, 42, 1029, 1253, 0, 0, 34.40%, 2, 1, 20, 4005.23, 10525397, 1077, 2, 0
2796, 42, 729, 1253, 0, 0, 34.40%, 2, 1, 20, 5313.92, 10546563, 1077, 2, 0
2801, 42, 141, 1253, 0, 0, 34.40%, 2, 1, 20, 4227.24, 10565541, 1077, 2, 0
2807, 42, 852, 1253, 0, 0, 34.40%, 2, 1, 20, 2560.17, 10581904, 1077, 2, 0
2812, 42, 608, 1253, 0, 0, 34.40%, 2, 1, 20, 4864.19, 10601771, 1077, 2, 0
2817, 42, 868, 1253, 0, 0, 34.40%, 2, 1, 20, 5461.01, 10624673, 1077, 2, 0
2822, 42, 312, 1253, 0, 0, 34.40%, 2, 1, 20, 5395.52, 10644540, 1077, 2, 0
2827, 42, 899, 1253, 0, 0, 34.40%, 2, 1, 20, 5290.73, 10666039, 1077, 2, 0
2832, 42, 504, 1253, 0, 0, 34.40%, 2, 1, 20, 3641.61, 10681812, 1077, 2, 0
2837, 42, 898, 1253, 0, 0, 34.40%, 2, 1, 20, 580.53, 10699106, 1077, 2, 0
2842, 43, 78, 1253, 0, 0, 34.40%, 2, 1, 20, 4866.75, 10718835, 1077, 2, 0
2848, 43, 1139, 1253, 0, 0, 34.40%, 2, 1, 20, 4196.97, 10741624, 1077, 2, 0
2853, 43, 1019, 1253, 0, 0, 34.40%, 2, 1, 20, 4039.09, 10759713, 1077, 2, 0
2858, 43, 729, 1253, 0, 0, 34.40%, 2, 1, 20, 4644.42, 10778998, 1077, 2, 0
2863, 43, 75, 1253, 0, 0, 34.40%, 2, 1, 20, 4944.64, 10797712, 1077, 2, 0
2869, 43, 885, 1253, 0, 0, 34.40%, 2, 1, 20, 4742.01, 10818383, 1077, 2, 0
2874, 43, 114, 1253, 0, 0, 34.40%, 2, 1, 20, 3764.30, 10837761, 1077, 2, 0
2879, 43, 1092, 1253, 0, 0, 34.40%, 2, 1, 20, 4092.65, 10857131, 1077, 2, 0
2884, 43, 765, 1253, 0, 0, 34.40%, 2, 1, 20, 3253.52, 10877083, 1077, 2, 0
2889, 43, 170, 1253, 0, 0, 34.40%, 2, 1, 20, 5084.96, 10894308, 1077, 2, 0
2894, 43, 96, 1253, 0, 0, 34.40%, 2, 1, 20, 3603.89, 10914925, 1077, 2, 0
2899, 43, 482, 1253, 0, 0, 34.40%, 2, 1, 20, 4137.51, 10935294, 1077, 2, 0
2904, 43, 467, 1253, 0, 0, 34.40%, 2, 1, 20, 4577.39, 10957216, 1077, 2, 0
2911, 43, 1183, 1253, 0, 0, 34.40%, 2, 1, 20, 5326.60, 10980771, 1077, 2, 0
2916, 44, 673, 1253, 0, 0, 34.40%, 2, 1, 20, 4981.29, 11003473, 1077, 2, 0
2921, 44, 896, 1253, 0, 0, 34.40%, 2, 1, 20, 4949.17, 11024660, 1077, 2, 0
2926, 44, 730, 1253, 0, 0, 34.40%, 2, 1, 20, 4726.71, 11044450, 1077, 2, 0
2932, 44, 125, 1253, 0, 0, 34.40%, 2, 1, 20, 4260.04, 11064650, 1077, 2, 0
2937, 44, 1151, 1253, 0, 0, 34.40%, 2, 1, 20, 4206.77, 11085940, 1077, 2, 0
2942, 44, 93, 1253, 0, 0, 34.40%, 2, 1, 20, 4353.82, 11107424, 1077, 2, 0
2949, 44, 1117, 1253, 0, 0, 34.40%, 2, 1, 20, 4252.68, 11129824, 1077, 2, 0
2954, 44, 273, 1253, 0, 0, 34.40%, 2, 1, 20, 1699.28, 11147907, 1077, 2, 0
2959, 44, 899, 1253, 0, 0, 34.40%, 2, 1, 20, 3211.51, 11166111, 1077, 2, 0
2964, 44, 832, 1253, 0, 0, 34.40%, 2, 1, 20, 260.27, 11184876, 1077, 2, 0
2969, 44, 513, 1253, 0, 0, 34.40%, 2, 1, 20, 5057.08, 11205261, 1077, 2, 0
2974, 44, 552, 1253, 0, 0, 34.40%, 2, 1, 20, 5632.02, 11225628, 1077, 2, 0
2979, 44, 899, 1253, 0, 0, 34.40%, 2, 1, 20, 4379.13, 11241725, 1077, 2, 0
2984, 44, 527, 1253, 0, 0, 34.40%, 2, 1, 20, 4296.15, 11260759, 1077, 2, 0
2989, 44, 312, 1253, 0, 0, 34.40%, 2, 1, 20, 4391.35, 11280790, 1077, 2, 0
2995, 45, 524, 1253, 0, 0, 34.40%, 2, 1, 20, 4263.68, 11298337, 1077, 2, 0
3000, 45, 1202, 1253, 0, 0, 34.40%, 2, 1, 20, 5267.88, 11318791, 1077, 2, 0
3005, 45, 899, 1253, 0, 0, 34.40%, 2, 1, 20, 4129.44, 11340794, 1077, 2, 0
3010, 45, 1253, 1254, 1, 0, 34.40%, 2, 1, 20, 4349.39, 11362209, 1077, 2, 0
3015, 45, 323, 1254, 0, 0, 34.40%, 2, 1, 20, 3535.34, 11377711, 1077, 2, 0
3020, 45, 899, 1254, 0, 0, 34.40%, 2, 1, 20, 4224.99, 11395427, 1077, 2, 0
3025, 45, 725, 1254, 0, 0, 34.40%, 2, 1, 20, 227.27, 11412833, 1077, 2, 0
3032, 45, 1247, 1254, 0, 0, 34.40%, 2, 1, 20, 1392.33, 11435090, 1077, 2, 0
3037, 45, 900, 1254, 0, 0, 34.40%, 2, 1, 20, 3319.17, 11453620, 1077, 2, 0
3043, 45, 899, 1254, 0, 0, 34.40%, 2, 1, 20, 4421.10, 11473068, 1077, 2, 0
3048, 45, 244, 1254, 0, 0, 34.40%, 2, 1, 20, 4219.27, 11494782, 1077, 2, 0
3053, 45, 810, 1254, 0, 0, 34.40%, 2, 1, 20, 5238.44, 11515603, 1077, 2, 0
3058, 45, 898, 1254, 0, 0, 34.40%, 2, 1, 20, 3215.17, 11535095, 1077, 2, 0
3063, 45, 729, 1254, 0, 0, 34.40%, 2, 1, 20, 4924.08, 11550193, 1077, 2, 0
3068, 45, 647, 1254, 0, 0, 34.40%, 2, 1, 20, 4354.17, 11568929, 1077, 2, 0
3073, 46, 930, 1254, 0, 0, 34.40%, 2, 1, 20, 4276.55, 11590157, 1077, 2, 0
3078, 46, 764, 1254, 0, 0, 34.40%, 2, 1, 20, 5551.16, 11611010, 1077, 2, 0
3084, 46, 876, 1254, 0, 0, 34.40%, 2, 1, 20, 962.01, 11627195, 1077, 2, 0
3089, 46, 898, 1254, 0, 0, 34.40%, 2, 1, 20, 541.00, 11647239, 1077, 2, 0
3094, 46, 761, 1254, 0, 0, 34.40%, 2, 1, 20, 5657.94, 11666393, 1077, 2, 0
3099, 46, 761, 1254, 0, 0, 34.40%, 2, 1, 20, 4933.30, 11687367, 1077, 2, 0
3104, 46, 832, 1254, 0, 0, 34.40%, 2, 1, 20, 4742.82, 11708803, 1077, 2, 0
3109, 46, 1046, 1254, 0, 0, 34.40%, 2, 1, 20, 880.09, 11727026, 1077, 2, 0
3114, 46, 954, 1254, 0, 0, 34.40%, 2, 1, 20, 4764.42, 11748606, 1077, 2, 0
3119, 46, 96, 1254, 0, 0, 34.40%, 2, 1, 20, 379.56, 11769062, 1077, 2, 0
3125, 46, 762, 1254, 0, 0, 34.40%, 2, 1, 20, 4498.79, 11791075, 1077, 2, 0
3130, 46, 899, 1254, 0, 0, 34.40%, 2, 1, 20, 4226.70, 11809857, 1077, 2, 0
3135, 46, 761, 1254, 0, 0, 34.40%, 2, 1, 20, 4078.38, 11828106, 1077, 2, 0
3140, 47, 647, 1254, 0, 0, 34.40%, 2, 1, 20, 5162.96, 11848079, 1077, 2, 0
3145, 47, 896, 1254, 0, 0, 34.40%, 2, 1, 20, 3213.46, 11866708, 1077, 2, 0
3151, 47, 899, 1254, 0, 0, 34.40%, 2, 1, 20, 4020.71, 11882648, 1077, 2, 0
3156, 47, 173, 1254, 0, 0, 34.40%, 2, 1, 20, 3618.96, 11900373, 1077, 2, 0
3161, 47, 293, 1254, 0, 0, 34.40%, 2, 1, 20, 3676.03, 11919106, 1077, 2, 0
3166, 47, 1071, 1254, 0, 0, 34.40%, 2, 1, 20, 4645.32, 11940823, 1077, 2, 0
3171, 47, 267, 1254, 0, 0, 34.40%, 2, 1, 20, 5312.05, 11961312, 1077, 2, 0
3177, 47, 844, 1254, 0, 0, 34.40%, 2, 1, 20, 4917.78, 11981475, 1077, 2, 0
3182, 47, 221, 1254, 0, 0, 34.40%, 2, 1, 20, 4470.97, 11996354, 1077, 2, 0
3187, 47, 682, 1255, 1, 0, 34.40%, 2, 1, 20, 2882.53, 12017179, 1077, 2, 0
3192, 47, 899, 1256, 1, 0, 34.40%, 2, 1, 20, 3599.26, 12035536, 1077, 2, 0
3197, 47, 954, 1256, 1, 0, 34.40%, 2, 1, 20, 4904.15, 12056146, 1077, 2, 0
3202, 47, 840, 1256, 1, 0, 34.40%, 2, 1, 20, 3660.57, 12073436, 1077, 2, 0
3207, 47, 725, 1256, 0, 0, 34.40%, 2, 1, 20, 618.06, 12091154, 1077, 2, 0
3212, 47, 796, 1256, 0, 0, 34.40%, 2, 1, 20, 4995.00, 12110333, 1077, 2, 0
3217, 47, 900, 1256, 0, 0, 34.40%, 2, 1, 20, 376.47, 12131701, 1077, 2, 0
3222, 48, 759, 1256, 0, 0, 34.40%, 2, 1, 20, 3899.21, 12151181, 1077, 2, 0
3227, 48, 954, 1256, 0, 0, 34.40%, 2, 1, 20, 4272.25, 12171775, 1077, 2, 0
3233, 48, 763, 1256, 0, 0, 34.40%, 2, 1, 20, 3956.85, 12192959, 1077, 2, 0
3238, 48, 600, 1256, 0, 0, 34.40%, 2, 1, 20, 5189.02, 12214999, 1077, 2, 0
3244, 48, 1149, 1256, 0, 0, 34.40%, 2, 1, 20, 4508.39, 12235657, 1077, 2, 0
3249, 48, 852, 1256, 0, 0, 34.40%, 2, 1, 20, 5456.97, 12257680, 1077, 2, 0
3254, 48, 409, 1256, 0, 0, 34.40%, 2, 1, 20, 4779.60, 12275287, 1077, 2, 0
3259, 48, 323, 1256, 0, 0, 34.40%, 2, 1, 20, 3662.80, 12295884, 1077, 2, 0
3264, 48, 185, 1256, 0, 0, 34.40%, 2, 1, 20, 5393.60, 12316660, 1077, 2, 0
3270, 48, 1252, 1256, 0, 0, 34.40%, 2, 1, 20, 5440.10, 12333638, 1077, 2, 0
3275, 48, 898, 1256, 0, 0, 34.40%, 2, 1, 20, 4350.07, 12353678, 1077, 2, 0
3280, 48, 143, 1256, 0, 0, 34.40%, 2, 1, 20, 4225.79, 12373471, 1077, 2, 0
3285, 48, 849, 1256, 0, 0, 34.40%, 2, 1, 20, 3039.97, 12391703, 1077, 2, 0
3290, 48, 45, 1256, 0, 0, 34.40%, 2, 1, 20, 3719.37, 12408932, 1077, 2, 0
3296, 49, 267, 1256, 0, 0, 34.40%, 2, 1, 20, 4880.10, 12430440, 1077, 2, 0
3301, 49, 1022, 1256, 0, 0, 34.40%, 2, 1, 20, 3219.53, 12450186, 1077, 2, 0
3306, 49, 1178, 1256, 0, 0, 34.40%, 2, 1, 20, 3561.59, 12469342, 1077, 2, 0
3311, 49, 693, 1256, 0, 0, 34.40%, 2, 1, 20, 4494.97, 12490288, 1077, 2, 0
3316, 49, 898, 1256, 0, 0, 34.40%, 2, 1, 20, 4147.08, 12503553, 1077, 2, 0
3321, 49, 242, 1256, 0, 0, 34.40%, 2, 1, 20, 4403.70, 12524085, 1077, 2, 0
3326, 49, 868, 1256, 0, 0, 34.40%, 2, 1, 20, 4982.94, 12545348, 1077, 2, 0
3331, 49, 5, 1256, 0, 0, 34.40%, 2, 1, 20, 644.02, 12564773, 1077, 2, 0
3336, 49, 898, 1256, 0, 0, 34.40%, 2, 1, 20, 5459.45, 12583186, 1077, 2, 0
3342, 49, 616, 1256, 0, 0, 34.40%, 2, 1, 20, 404.45, 12600544, 1077, 2, 0
3347, 49, 1073, 1256, 0, 0, 34.40%, 2, 1, 20, 4408.64, 12620279, 1077, 2, 0
3352, 49, 1163, 1256, 0, 0, 34.40%, 2, 1, 20, 4215.72, 12640708, 1077, 2, 0
3357, 49, 12, 1256, 0, 0, 34.40%, 2, 1, 20, 428.00, 12660568, 1077, 2, 0
3362, 49, 782, 1256, 0, 0, 34.40%, 2, 1, 20, 4650.72, 12682280, 1077, 2, 0
3367, 49, 899, 1256, 0, 0, 34.40%, 2, 1, 20, 4791.63, 12701706, 1077, 2, 0
3372, 50, 673, 1256, 0, 0, 34.40%, 2, 1, 20, 4732.67, 12721589, 1077, 2, 0
3377, 50, 974, 1256, 0, 0, 34.40%, 2, 1, 20, 4436.17, 12743008, 1077, 2, 0
3382, 50, 844, 1256, 0, 0, 34.40%, 2, 1, 20, 4796.56, 12760796, 1077, 2, 0
3387, 50, 673, 1256, 0, 0, 34.40%, 2, 1, 20, 4548.24, 12782671, 1077, 2, 0
3392, 50, 729, 1256, 0, 0, 34.40%, 2, 1, 20, 3425.69, 12802780, 1077, 2, 0
3397, 50, 129, 1256, 0, 0, 34.40%, 2, 1, 20, 206.23, 12818518, 1077, 2, 0
3402, 50, 87, 1256, 0, 0, 34.40%, 2, 1, 20, 1094.94, 12838630, 1077, 2, 0
3408, 50, 552, 1256, 0, 0, 34.40%, 2, 1, 20, 4699.32, 12858000, 1077, 2, 0
3413, 50, 1230, 1256, 0, 0, 34.40%, 2, 1, 20, 5377.33, 12876359, 1077, 2, 0
3418, 50, 589, 1256, 0, 0, 34.40%, 2, 1, 20, 2966.64, 12895327, 1077, 2, 0
3423, 50, 1019, 1256, 0, 0, 34.40%, 2, 1, 20, 4299.14, 12917831, 1077, 2, 0
3428, 50, 1139, 1256, 0, 0, 34.40%, 2, 1, 20, 3713.66, 12934637, 1077, 2, 0
3433, 50, 954, 1256, 0, 0, 34.40%, 2, 1, 20, 4358.78, 12955371, 1077, 2, 0
3438, 50, 254, 1256, 0, 0, 34.40%, 2, 1, 20, 4761.52, 12974374, 1077, 2, 0
3443, 50, 785, 1256, 0, 0, 34.40%, 2, 1, 20, 4649.97, 12990661, 1077, 2, 0
3449, 51, 886, 1257, 1, 0, 34.40%, 2, 1, 20, 3870.23, 13010581, 1077, 2, 0
3456, 51, 826, 1257, 1, 0, 34.40%, 2, 1, 20, 4194.68, 13031457, 1077, 2, 0
3461, 51, 340, 1257, 1, 0, 34.40%, 2, 1, 20, 5725.00, 13050683, 1077, 2, 0
3466, 51, 570, 1257, 0, 0, 34.40%, 2, 1, 20, 1945.54, 13069369, 1077, 2, 0
3471, 51, 49, 1257, 0, 0, 34.40%, 2, 1, 20, 3617.14, 13089478, 1077, 2, 0
3476, 51, 623, 1258, 1, 0, 34.40%, 2, 1, 20, 4678.96, 13109535, 1077, 2, 0
3481, 51, 104, 1258, 0, 0, 34.40%, 2, 1, 20, 3954.41, 13127042, 1077, 2, 0
3486, 51, 526, 1258, 0, 0, 34.40%, 2, 1, 20, 4217.41, 13146025, 1077, 2, 0
3491, 51, 844, 1258, 0, 0, 34.40%, 2, 1, 20, 4526.52, 13166807, 1077, 2, 0
3497, 51, 763, 1258, 0, 0, 34.40%, 2, 1, 20, 4698.89, 13186534, 1077, 2, 0
3502, 51, 15, 1258, 0, 0, 34.40%, 2, 1, 20, 3680.79, 13204362, 1077, 2, 0
3507, 51, 764, 1258, 0, 0, 34.40%, 2, 1, 20, 5450.06, 13225846, 1077, 2, 0
3512, 51, 832, 1258, 0, 0, 34.40%, 2, 1, 20, 4747.44, 13247251, 1077, 2, 0
3517, 51, 787, 1258, 0, 0, 34.40%, 2, 1, 20, 4526.46, 13266938, 1077, 2, 0
3524, 51, 1053, 1258, 0, 0, 34.40%, 2, 1, 20, 587.83, 13291823, 1077, 2, 0
3529, 52, 131, 1258, 0, 0, 34.40%, 2, 1, 20, 5526.96, 13310969, 1077, 2, 0
3535, 52, 1147, 1258, 0, 0, 34.40%, 2, 1, 20, 4227.53, 13330878, 1077, 2, 0
3540, 52, 110, 1258, 0, 0, 34.40%, 2, 1, 20, 4687.89, 13352302, 1077, 2, 0
3545, 52, 523, 1258, 0, 0, 34.40%, 2, 1, 20, 5062.83, 13373807, 1077, 2, 0
3550, 52, 899, 1258, 0, 0, 34.40%, 2, 1, 20, 178.50, 13390652, 1077, 2, 0
3555, 52, 1145, 1258, 0, 0, 34.40%, 2, 1, 20, 5551.02, 13411136, 1077, 2, 0
3560, 52, 1019, 1258, 0, 0, 34.40%, 2, 1, 20, 4603.88, 13429975, 1077, 2, 0
3566, 52, 404, 1258, 0, 0, 34.40%, 2, 1, 20, 4259.53, 13450181, 1077, 2, 0
3572, 52, 1218, 1258, 0, 0, 34.40%, 2, 1, 20, 3216.46, 13474420, 1077, 2, 0
3577, 52, 1079, 1258, 0, 0, 34.40%, 2, 1, 20, 3832.35, 13491418, 1077, 2, 0
3583, 52, 1139, 1258, 0, 0, 34.40%, 2, 1, 20, 4567.04, 13510687, 1077, 2, 0
3588, 52, 759, 1258, 0, 0, 34.40%, 2, 1, 20, 4845.94, 13531524, 1077, 2, 0
3593, 52, 512, 1258, 0, 0, 34.40%, 2, 1, 20, 4134.36, 13552393, 1077, 2, 0
3598, 52, 764, 1258, 0, 0, 34.40%, 2, 1, 20, 5540.44, 13574262, 1077, 2, 0
3603, 53, 763, 1258, 0, 0, 34.40%, 2, 1, 20, 4621.35, 13592221, 1077, 2, 0
3608, 53, 729, 1258, 0, 0, 34.40%, 2, 1, 20, 501.95, 13606121, 1077, 2, 0
3613, 53, 1230, 1258, 0, 0, 34.40%, 2, 1, 20, 3965.09, 13627236, 1077, 2, 0
3618, 53, 1272, 1287, 28, 0, 34.40%, 2, 1, 20, 1981.27, 13647550, 1077, 2, 0
3623, 53, 497, 1287, 23, 0, 34.40%, 2, 1, 20, 3632.12, 13666693, 1077, 2, 0
3628, 53, 605, 1287, 19, 0, 34.40%, 2, 1, 20, 2603.67, 13681685, 1077, 2, 0
3634, 53, 1284, 1288, 15, 0, 34.40%, 2, 1, 20, 3856.55, 13699546, 1077, 2, 0
3639, 53, 519, 1288, 11, 0, 34.40%, 2, 1, 20, 4548.21, 13721097, 1077, 2, 0
3644, 53, 899, 1288, 10, 0, 34.40%, 2, 1, 20, 667.85, 13727084, 1077, 2, 0
3650, 53, 899, 1288, 10, 0, 34.40%, 2, 1, 20, 614.80, 13729802, 1077, 2, 0
3656, 53, 1256, 1288, 10, 0, 34.40%, 2, 1, 20, 737.91, 13736470, 1077, 2, 0
3661, 53, 844, 1288, 8, 0, 34.40%, 2, 1, 20, 5845.77, 13755378, 1077, 2, 0
3666, 53, 954, 1288, 7, 0, 34.40%, 2, 1, 20, 4843.83, 13774930, 1077, 2, 0
3671, 53, 1241, 1288, 5, 0, 34.40%, 2, 1, 20, 4136.65, 13791413, 1077, 2, 0
3676, 53, 898, 1288, 4, 0, 34.40%, 2, 1, 20, 4989.85, 13810755, 1077, 2, 0
3681, 53, 526, 1288, 3, 0, 34.40%, 2, 1, 20, 4231.66, 13830578, 1077, 2, 0
3686, 53, 906, 1288, 3, 0, 34.40%, 2, 1, 20, 4032.48, 13851387, 1077, 2, 0
3691, 53, 338, 1288, 3, 0, 34.40%, 2, 1, 20, 4002.76, 13870678, 1077, 2, 0
3697, 53, 312, 1288, 3, 0, 34.40%, 2, 1, 20, 4245.55, 13887683, 1077, 2, 0
3703, 53, 1228, 1288, 3, 0, 34.40%, 2, 1, 20, 4591.60, 13910136, 1077, 2, 0
3708, 54, 970, 1288, 1, 0, 34.40%, 2, 1, 20, 612.73, 13926071, 1077, 2, 0
3713, 54, 363, 1288, 0, 0, 34.40%, 2, 1, 20, 1818.24, 13945730, 1077, 2, 0
3718, 54, 267, 1288, 0, 0, 34.40%, 2, 1, 20, 3755.67, 13965713, 1077, 2, 0
3723, 54, 25, 1288, 0, 0, 34.40%, 2, 1, 20, 5039.17, 13985816, 1077, 2, 0
3728, 54, 2, 1288, 0, 0, 34.40%, 2, 1, 20, 5567.25, 14006516, 1077, 2, 0
3733, 54, 954, 1288, 0, 0, 34.40%, 2, 1, 20, 4665.40, 14025281, 1077, 2, 0
3739, 54, 837, 1288, 0, 0, 34.40%, 2, 1, 20, 2557.21, 14040147, 1077, 2, 0
3744, 54, 115, 1289, 1, 0, 34.40%, 2, 1, 20, 4958.45, 14062208, 1077, 2, 0
3749, 54, 88, 1289, 1, 0, 34.40%, 2, 1, 20, 4364.60, 14083265, 1077, 2, 0
3754, 54, 1288, 1289, 1, 0, 34.40%, 2, 1, 20, 4939.63, 14105120, 1077, 2, 0
3759, 54, 577, 1289, 0, 0, 34.40%, 2, 1, 20, 4042.75, 14123801, 1077, 2, 0
3764, 54, 899, 1289, 0, 0, 34.40%, 2, 1, 20, 4199.72, 14141431, 1077, 2, 0
3770, 54, 832, 1289, 0, 0, 34.40%, 2, 1, 20, 4456.82, 14160071, 1077, 2, 0
3775, 54, 634, 1289, 0, 0, 34.40%, 2, 1, 20, 4413.46, 14178676, 1077, 2, 0
3780, 54, 926, 1289, 0, 0, 34.40%, 2, 1, 20, 4480.32, 14197620, 1077, 2, 0
3785, 55, 899, 1289, 0, 0, 34.40%, 2, 1, 20, 1165.49, 14213939, 1077, 2, 0
3790, 55, 601, 1289, 0, 0, 34.40%, 2, 1, 20, 5031.12, 14232502, 1077, 2, 0
3795, 55, 221, 1289, 0, 0, 34.40%, 2, 1, 20, 4796.73, 14255238, 1077, 2, 0
3801, 55, 832, 1289, 0, 0, 34.40%, 2, 1, 20, 4458.26, 14275969, 1077, 2, 0
3806, 55, 743, 1289, 0, 0, 34.40%, 2, 1, 20, 484.26, 14287495, 1077, 2, 0
3811, 55, 242, 1289, 0, 0, 34.40%, 2, 1, 20, 2708.93, 14308615, 1077, 2, 0
3816, 55, 729, 1289, 0, 0, 34.40%, 2, 1, 20, 5079.61, 14329024, 1077, 2, 0
3821, 55, 954, 1289, 0, 0, 34.40%, 2, 1, 20, 4737.61, 14349644, 1077, 2, 0
3826, 55, 906, 1289, 0, 0, 34.40%, 2, 1, 20, 4178.72, 14367423, 1077, 2, 0
3831, 55, 1232, 1289, 0, 0, 34.40%, 2, 1, 20, 5129.05, 14385363, 1077, 2, 0
3836, 55, 304, 1289, 0, 0, 34.40%, 2, 1, 20, 4756.05, 14406409, 1077, 2, 0
3842, 55, 1139, 1289, 0, 0, 34.40%, 2, 1, 20, 839.56, 14426184, 1077, 2, 0
3847, 55, 682, 1289, 0, 0, 34.40%, 2, 1, 20, 4230.46, 14444378, 1077, 2, 0
3852, 55, 954, 1289, 0, 0, 34.40%, 2, 1, 20, 3969.74, 14464351, 1077, 2, 0
3857, 55, 881, 1289, 0, 0, 34.40%, 2, 1, 20, 3987.84, 14483068, 1077, 2, 0
3862, 56, 693, 1289, 0, 0, 34.40%, 2, 1, 20, 4803.74, 14504523, 1077, 2, 0
3867, 56, 671, 1289, 0, 0, 34.40%, 2, 1, 20, 4275.96, 14519789, 1077, 2, 0
3873, 56, 136, 1289, 0, 0, 34.40%, 2, 1, 20, 3904.54, 14539661, 1077, 2, 0
3878, 56, 515, 1289, 0, 0, 34.40%, 2, 1, 20, 4883.68, 14559401, 1077, 2, 0
3883, 56, 899, 1289, 0, 0, 34.40%, 2, 1, 20, 4612.37, 14580027, 1077, 2, 0
3888, 56, 832, 1289, 0, 0, 34.40%, 2, 1, 20, 4182.20, 14596446, 1077, 2, 0
3893, 56, 804, 1289, 0, 0, 34.40%, 2, 1, 20, 5366.43, 14616488, 1077, 2, 0
3898, 56, 1019, 1290, 1, 0, 34.40%, 2, 1, 20, 3848.07, 14636771, 1077, 2, 0
3904, 56, 473, 1290, 1, 0, 34.40%, 2, 1, 20, 4916.18, 14657282, 1077, 2, 0
3909, 56, 729, 1290, 1, 0, 34.40%, 2, 1, 20, 4159.90, 14675703, 1077, 2, 0
3914, 56, 154, 1290, 0, 0, 34.40%, 2, 1, 20, 5216.73, 14691540, 1077, 2, 0
3919, 56, 1057, 1290, 0, 0, 34.40%, 2, 1, 20, 5475.12, 14713481, 1077, 2, 0
3924, 56, 759, 1290, 0, 0, 34.40%, 2, 1, 20, 4422.48, 14732612, 1077, 2, 0
3929, 56, 640, 1290, 0, 0, 34.40%, 2, 1, 20, 4300.76, 14752496, 1077, 2, 0
3934, 56, 761, 1290, 0, 0, 34.40%, 2, 1, 20, 331.78, 14767469, 1077, 2, 0
3939, 56, 12, 1290, 0, 0, 34.40%, 2, 1, 20, 4715.77, 14787941, 1077, 2, 0
3944, 57, 682, 1290, 0, 0, 34.40%, 2, 1, 20, 4690.35, 14809238, 1077, 2, 0
3950, 57, 764, 1290, 0, 0, 34.40%, 2, 1, 20, 4860.50, 14829496, 1077, 2, 0
3955, 57, 445, 1290, 0, 0, 34.40%, 2, 1, 20, 4895.72, 14847213, 1077, 2, 0
3960, 57, 832, 1290, 0, 0, 34.40%, 2, 1, 20, 5385.33, 14867901, 1077, 2, 0
3965, 57, 668, 1290, 0, 0, 34.40%, 2, 1, 20, 4762.06, 14888916, 1077, 2, 0
3970, 57, 37, 1290, 0, 0, 34.40%, 2, 1, 20, 591.04, 14909400, 1077, 2, 0
3975, 57, 914, 1290, 0, 0, 34.40%, 2, 1, 20, 4919.12, 14929237, 1077, 2, 0
3980, 57, 561, 1290, 0, 0, 34.40%, 2, 1, 20, 4533.00, 14949483, 1077, 2, 0
3985, 57, 813, 1290, 0, 0, 34.40%, 2, 1, 20, 4511.11, 14970596, 1077, 2, 0
3992, 57, 1287, 1290, 0, 0, 34.40%, 2, 1, 20, 4400.94, 14996270, 1077, 2, 0
3997, 57, 997, 1290, 0, 0, 34.40%, 2, 1, 20, 4264.50, 15016002, 1077, 2, 0
4003, 57, 924, 1290, 0, 0, 34.40%, 2, 1, 20, 4923.80, 15037214, 1077, 2, 0
4008, 57, 305, 1290, 0, 0, 34.40%, 2, 1, 20, 5193.78, 15055932, 1077, 2, 0
4013, 58, 895, 1290, 0, 0, 34.40%, 2, 1, 20, 4868.64, 15075248, 1077, 2, 0
4019, 58, 673, 1290, 0, 0, 34.40%, 2, 1, 20, 5422.91, 15097008, 1077, 2, 0
4024, 58, 221, 1290, 0, 0, 34.40%, 2, 1, 20, 4967.02, 15118499, 1077, 2, 0
4029, 58, 168, 1290, 0, 0, 34.40%, 2, 1, 20, 4902.55, 15134621, 1077, 2, 0
4034, 58, 899, 1290, 0, 0, 34.40%, 2, 1, 20, 4556.52, 15155948, 1077, 2, 0
4039, 58, 905, 1290, 0, 0, 34.40%, 2, 1, 20, 4647.36, 15176491, 1077, 2, 0
4044, 58, 221, 1290, 0, 0, 34.40%, 2, 1, 20, 4338.60, 15195547, 1077, 2, 0
4049, 58, 759, 1290, 0, 0, 34.40%, 2, 1, 20, 373.08, 15214592, 1077, 2, 0
4054, 58, 550, 1290, 0, 0, 34.40%, 2, 1, 20, 3678.85, 15232499, 1077, 2, 0
4059, 58, 40, 1290, 0, 0, 34.40%, 2, 1, 20, 3501.05, 15252330, 1077, 2, 0
4064, 58, 761, 1290, 0, 0, 34.40%, 2, 1, 20, 3914.35, 15271139, 1077, 2, 0
4069, 58, 607, 1290, 0, 0, 34.40%, 2, 1, 20, 4670.04, 15291153, 1077, 2, 0
4076, 58, 889, 1290, 0, 0, 34.40%, 2, 1, 20, 4586.18, 15318039, 1077, 2, 0
4081, 58, 1063, 1290, 0, 0, 34.40%, 2, 1, 20, 4460.98, 15339077, 1077, 2, 0
4086, 58, 813, 1290, 0, 0, 34.40%, 2, 1, 20, 346.57, 15357912, 1077, 2, 0
4092, 59, 701, 1290, 0, 0, 34.40%, 2, 1, 20, 4673.54, 15379449, 1077, 2, 0
4097, 59, 899, 1290, 0, 0, 34.40%, 2, 1, 20, 4425.03, 15400503, 1077, 2, 0
4102, 59, 465, 1290, 0, 0, 34.40%, 2, 1, 20, 4464.97, 15421455, 1077, 2, 0
4107, 59, 933, 1290, 0, 0, 34.40%, 2, 1, 20, 709.44, 15440116, 1077, 2, 0
4112, 59, 893, 1290, 0, 0, 34.40%, 2, 1, 20, 3897.56, 15455811, 1077, 2, 0
4117, 59, 1012, 1290, 0, 0, 34.40%, 2, 1, 20, 4764.25, 15474747, 1077, 2, 0
4122, 59, 139, 1290, 0, 0, 34.40%, 2, 1, 20, 4508.86, 15493258, 1077, 2, 0
4128, 59, 738, 1290, 0, 0, 34.40%, 2, 1, 20, 3992.29, 15511901, 1077, 2, 0
4133, 59, 881, 1290, 0, 0, 34.40%, 2, 1, 20, 5186.51, 15535461, 1077, 2, 0
4138, 59, 759, 1290, 0, 0, 34.40%, 2, 1, 20, 5320.00, 15554456, 1077, 2, 0
4144, 59, 1166, 1290, 0, 0, 34.40%, 2, 1, 20, 4331.03, 15570000, 1077, 2, 0
4149, 59, 156, 1290, 0, 0, 34.40%, 2, 1, 20, 4932.00, 15590922, 1077, 2, 0
4154, 59, 899, 1290, 0, 0, 34.40%, 2, 1, 20, 4873.71, 15611480, 1077, 2, 0
4159, 59, 953, 1290, 0, 0, 34.40%, 2, 1, 20, 4632.40, 15632985, 1077, 2, 0
4164, 59, 705, 1290, 0, 0, 34.40%, 2, 1, 20, 3371.60, 15651859, 1077, 2, 0
4169, 60, 844, 1290, 0, 0, 34.40%, 2, 1, 20, 4285.71, 15672762, 1077, 2, 0
4175, 60, 1195, 1290, 0, 0, 34.40%, 2, 1, 20, 1098.48, 15689527, 1077, 2, 0
4180, 60, 705, 1290, 0, 0, 34.40%, 2, 1, 20, 4759.13, 15709789, 1077, 2, 0
4185, 60, 997, 1290, 0, 0, 34.40%, 2, 1, 20, 4347.60, 15732494, 1077, 2, 0
4190, 60, 899, 1290, 0, 0, 34.40%, 2, 1, 20, 4592.50, 15755169, 1077, 2, 0
4196, 60, 971, 1290, 0, 0, 34.40%, 2, 1, 20, 418.15, 15768596, 1077, 2, 0
4201, 60, 1071, 1290, 0, 0, 34.40%, 2, 1, 20, 5048.06, 15788829, 1077, 2, 0
4206, 60, 899, 1290, 0, 0, 34.40%, 2, 1, 20, 4961.54, 15808767, 1077, 2, 0
4212, 60, 504, 1290, 0, 0, 34.40%, 2, 1, 20, 4938.99, 15828788, 1077, 2, 0
4217, 60, 1274, 1290, 0, 0, 34.40%, 2, 1, 20, 3011.21, 15849614, 1077, 2, 0
4222, 60, 618, 1290, 0, 0, 34.40%, 2, 1, 20, 3996.74, 15871405, 1077, 2, 0
4228, 60, 954, 1290, 0, 0, 34.40%, 2, 1, 20, 4026.42, 15890340, 1077, 2, 0
4233, 60, 851, 1290, 0, 0, 34.40%, 2, 1, 20, 3336.68, 15910796, 1077, 2, 0
4238, 60, 868, 1290, 0, 0, 34.40%, 2, 1, 20, 4116.26, 15931040, 1077, 2, 0
4243, 61, 640, 1290, 0, 0, 34.40%, 2, 1, 20, 5657.42, 15950156, 1077, 2, 0
4248, 61, 133, 1290, 0, 0, 34.40%, 2, 1, 20, 4493.15, 15970894, 1077, 2, 0
4253, 61, 608, 1290, 0, 0, 34.40%, 2, 1, 20, 4611.81, 15992079, 1077, 2, 0
4258, 61, 640, 1290, 0, 0, 34.40%, 2, 1, 20, 4322.59, 16011534, 1077, 2, 0
4263, 61, 1181, 1290, 0, 0, 34.40%, 2, 1, 20, 4646.15, 16029212, 1077, 2, 0
4269, 61, 1029, 1290, 0, 0, 34.40%, 2, 1, 20, 4649.65, 16051022, 1077, 2, 0
4274, 61, 472, 1290, 0, 0, 34.40%, 2, 1, 20, 5329.27, 16071869, 1077, 2, 0
4279, 61, 673, 1290, 0, 0, 34.40%, 2, 1, 20, 4276.32, 16092156, 1077, 2, 0
4284, 61, 565, 1290, 0, 0, 34.40%, 2, 1, 20, 4692.29, 16112181, 1077, 2, 0
4291, 61, 1208, 1290, 0, 0, 34.40%, 2, 1, 20, 4325.85, 16131261, 1077, 2, 0
4296, 61, 115, 1290, 0, 0, 34.40%, 2, 1, 20, 3996.69, 16151307, 1077, 2, 0
4301, 61, 87, 1290, 0, 0, 34.40%, 2, 1, 20, 5111.36, 16172732, 1077, 2, 0
4306, 61, 78, 1290, 0, 0, 34.40%, 2, 1, 20, 5022.14, 16189916, 1077, 2, 0
4311, 61, 570, 1290, 0, 0, 34.40%, 2, 1, 20, 4919.56, 16208500, 1077, 2, 0
4318, 61, 1194, 1290, 0, 0, 34.40%, 2, 1, 20, 4102.63, 16229538, 1077, 2, 0
4323, 62, 796, 1290, 0, 0, 34.40%, 2, 1, 20, 4438.26, 16249947, 1077, 2, 0
4328, 62, 12, 1290, 0, 0, 34.40%, 2, 1, 20, 212.77, 16269686, 1077, 2, 0
4333, 62, 747, 1290, 0, 0, 34.40%, 2, 1, 20, 5113.67, 16290156, 1077, 2, 0
4338, 62, 1282, 1290, 0, 0, 34.40%, 2, 1, 20, 4926.48, 16310317, 1077, 2, 0
4343, 62, 654, 1290, 0, 0, 34.40%, 2, 1, 20, 5402.63, 16331733, 1077, 2, 0
4348, 62, 526, 1290, 0, 0, 34.40%, 2, 1, 20, 4656.80, 16352766, 1077, 2, 0
4354, 62, 209, 1290, 0, 0, 34.40%, 2, 1, 20, 4068.88, 16371815, 1077, 2, 0
4361, 62, 838, 1290, 0, 0, 34.40%, 2, 1, 20, 1147.24, 16398150, 1077, 2, 0
4366, 62, 184, 1290, 0, 0, 34.40%, 2, 1, 20, 5570.64, 16416508, 1077, 2, 0
4371, 62, 242, 1290, 0, 0, 34.40%, 2, 1, 20, 4686.94, 16437108, 1077, 2, 0
4376, 62, 589, 1290, 0, 0, 34.40%, 2, 1, 20, 336.24, 16453745, 1077, 2, 0
4381, 62, 905, 1290, 0, 0, 34.40%, 2, 1, 20, 1039.97, 16473491, 1077, 2, 0
4386, 62, 764, 1290, 0, 0, 34.40%, 2, 1, 20, 3540.23, 16493981, 1077, 2, 0
4391, 62, 906, 1290, 0, 0, 34.40%, 2, 1, 20, 448.89, 16509741, 1077, 2, 0
4396, 63, 456, 1290, 0, 0, 34.40%, 2, 1, 20, 5272.54, 16529512, 1077, 2, 0
4402, 63, 665, 1290, 0, 0, 34.40%, 2, 1, 20, 5000.56, 16550449, 1077, 2, 0
4407, 63, 563, 1290, 0, 0, 34.40%, 2, 1, 20, 4711.98, 16567166, 1077, 2, 0
4412, 63, 341, 1290, 0, 0, 34.40%, 2, 1, 20, 4653.00, 16587733, 1077, 2, 0
4417, 63, 25, 1290, 0, 0, 34.40%, 2, 1, 20, 3937.75, 16608464, 1077, 2, 0
4423, 63, 1049, 1290, 0, 0, 34.40%, 2, 1, 20, 4786.67, 16630495, 1077, 2, 0
4428, 63, 899, 1290, 0, 0, 34.40%, 2, 1, 20, 4446.86, 16650408, 1077, 2, 0
4434, 63, 70, 1290, 0, 0, 34.40%, 2, 1, 20, 5058.70, 16672004, 1077, 2, 0
4439, 63, 723, 1290, 0, 0, 34.40%, 2, 1, 20, 4707.45, 16690458, 1077, 2, 0
4444, 63, 101, 1290, 0, 0, 34.40%, 2, 1, 20, 4539.47, 16711502, 1077, 2, 0
4449, 63, 1033, 1290, 0, 0, 34.40%, 2, 1, 20, 4776.36, 16731829, 1077, 2, 0
4454, 63, 1233, 1290, 0, 0, 34.40%, 2, 1, 20, 4611.04, 16746959, 1077, 2, 0
4459, 63, 1071, 1290, 0, 0, 34.40%, 2, 1, 20, 4158.33, 16767223, 1077, 2, 0
4464, 63, 1289, 1290, 0, 0, 34.40%, 2, 1, 20, 4118.77, 16785619, 1077, 2, 0
4470, 63, 1246, 1290, 0, 0, 34.40%, 2, 1, 20, 4340.88, 16802267, 1077, 2, 0
4475, 64, 852, 1290, 0, 0, 34.40%, 2, 1, 20, 3410.00, 16821470, 1077, 2, 0
4480, 64, 635, 1290, 0, 0, 34.40%, 2, 1, 20, 4938.63, 16842549, 1077, 2, 0
4485, 64, 716, 1290, 0, 0, 34.40%, 2, 1, 20, 5091.41, 16862973, 1077, 2, 0
4491, 64, 1001, 1290, 0, 0, 34.40%, 2, 1, 20, 989.15, 16883991, 1077, 2, 0
4496, 64, 240, 1290, 0, 0, 34.40%, 2, 1, 20, 4791.87, 16904829, 1077, 2, 0
4501, 64, 635, 1290, 0, 0, 34.40%, 2, 1, 20, 4340.89, 16918973, 1077, 2, 0
4506, 64, 813, 1290, 0, 0, 34.40%, 2, 1, 20, 5593.40, 16941662, 1077, 2, 0
4511, 64, 843, 1290, 0, 0, 34.40%, 2, 1, 20, 3494.69, 16962260, 1077, 2, 0
4516, 64, 1029, 1290, 0, 0, 34.40%, 2, 1, 20, 510.71, 16976294, 1077, 2, 0
4521, 64, 898, 1290, 0, 0, 34.40%, 2, 1, 20, 4898.60, 16997862, 1077, 2, 0
4527, 64, 775, 1290, 0, 0, 34.40%, 2, 1, 20, 388.06, 17014269, 1077, 2, 0
4532, 64, 647, 1290, 0, 0, 34.40%, 2, 1, 20, 3625.06, 17034938, 1077, 2, 0
4537, 64, 906, 1290, 0, 0, 34.40%, 2, 1, 20, 5248.32, 17054917, 1077, 2, 0
4542, 64, 1139, 1290, 0, 0, 34.40%, 2, 1, 20, 4534.09, 17074510, 1077, 2, 0
4547, 64, 673, 1290, 0, 0, 34.40%, 2, 1, 20, 3561.73, 17095463, 1077, 2, 0
4552, 65, 664, 1290, 0, 0, 34.40%, 2, 1, 20, 4280.89, 17114629, 1077, 2, 0
4557, 65, 761, 1290, 0, 0, 34.40%, 2, 1, 20, 3669.01, 17134363, 1077, 2, 0
4562, 65, 605, 1290, 0, 0, 34.40%, 2, 1, 20, 4320.98, 17156345, 1077, 2, 0
4567, 65, 693, 1290, 0, 0, 34.40%, 2, 1, 20, 2953.92, 17176947, 1077, 2, 0
4572, 65, 750, 1290, 0, 0, 34.40%, 2, 1, 20, 4695.71, 17197833, 1077, 2, 0
4577, 65, 185, 1290, 0, 0, 34.40%, 2, 1, 20, 4264.78, 17218319, 1077, 2, 0
4583, 65, 106, 1290, 0, 0, 34.40%, 2, 1, 20, 4989.55, 17237933, 1077, 2, 0
4588, 65, 396, 1290, 0, 0, 34.40%, 2, 1, 20, 855.36, 17250664, 1077, 2, 0
4593, 65, 521, 1290, 0, 0, 34.40%, 2, 1, 20, 4701.42, 17271988, 1077, 2, 0
4598, 65, 101, 1290, 0, 0, 34.40%, 2, 1, 20, 4796.38, 17292167, 1077, 2, 0
4603, 65, 668, 1290, 0, 0, 34.40%, 2, 1, 20, 4320.61, 17310437, 1077, 2, 0
4608, 65, 899, 1290, 0, 0, 34.40%, 2, 1, 20, 4702.90, 17332385, 1077, 2, 0
4613, 65, 813, 1290, 0, 0, 34.40%, 2, 1, 20, 600.00, 17352750, 1077, 2, 0
4618, 65, 911, 1290, 0, 0, 34.40%, 2, 1, 20, 4611.30, 17369010, 1077, 2, 0
4623, 65, 293, 1290, 0, 0, 34.40%, 2, 1, 20, 3575.56, 17386079, 1077, 2, 0
4628, 66, 213, 1290, 0, 0, 34.40%, 2, 1, 20, 696.76, 17404107, 1077, 2, 0
4634, 66, 474, 1290, 0, 0, 34.40%, 2, 1, 20, 4217.27, 17423416, 1077, 2, 0
4639, 66, 844, 1290, 0, 0, 34.40%, 2, 1, 20, 3187.38, 17441002, 1077, 2, 0
4644, 66, 796, 1290, 0, 0, 34.40%, 2, 1, 20, 5344.38, 17461534, 1077, 2, 0
4649, 66, 662, 1290, 0, 0, 34.40%, 2, 1, 20, 4430.73, 17481985, 1077, 2, 0
4654, 66, 906, 1290, 0, 0, 34.40%, 2, 1, 20, 3334.07, 17501525, 1077, 2, 0
4659, 66, 83, 1290, 0, 0, 34.40%, 2, 1, 20, 5407.55, 17521336, 1077, 2, 0
4664, 66, 106, 1290, 0, 0, 34.40%, 2, 1, 20, 4857.80, 17542958, 1077, 2, 0
4669, 66, 761, 1290, 0, 0, 34.40%, 2, 1, 20, 4494.37, 17557965, 1077, 2, 0
4674, 66, 682, 1290, 0, 0, 34.40%, 2, 1, 20, 4201.52, 17577128, 1077, 2, 0
4680, 66, 844, 1290, 0, 0, 34.40%, 2, 1, 20, 4614.68, 17597877, 1077, 2, 0
4685, 66, 898, 1290, 0, 0, 34.40%, 2, 1, 20, 4998.68, 17616492, 1077, 2, 0
4690, 66, 236, 1290, 0, 0, 34.40%, 2, 1, 20, 4348.78, 17635645, 1077, 2, 0
4695, 66, 256, 1290, 0, 0, 34.40%, 2, 1, 20, 4390.76, 17656021, 1077, 2, 0
4700, 66, 85, 1290, 0, 0, 34.40%, 2, 1, 20, 4509.85, 17675724, 1077, 2, 0
4705, 67, 1130, 1290, 0, 0, 34.40%, 2, 1, 20, 4366.39, 17696642, 1077, 2, 0
4710, 67, 831, 1290, 0, 0, 34.40%, 2, 1, 20, 5092.53, 17718530, 1077, 2, 0
4715, 67, 918, 1290, 0, 0, 34.40%, 2, 1, 20, 5620.00, 17737268, 1077, 2, 0
4721, 67, 202, 1290, 0, 0, 34.40%, 2, 1, 20, 4515.32, 17761102, 1077, 2, 0
4728, 67, 1096, 1290, 0, 0, 34.40%, 2, 1, 20, 4209.65, 17782035, 1077, 2, 0
4733, 67, 136, 1290, 0, 0, 34.40%, 2, 1, 20, 5385.00, 17802577, 1077, 2, 0
4738, 67, 608, 1290, 0, 0, 34.40%, 2, 1, 20, 5422.89, 17824856, 1077, 2, 0
4743, 67, 1147, 1290, 0, 0, 34.40%, 2, 1, 20, 3310.00, 17845571, 1077, 2, 0
4748, 67, 759, 1290, 0, 0, 34.40%, 2, 1, 20, 5452.74, 17866568, 1077, 2, 0
4753, 67, 561, 1290, 0, 0, 34.40%, 2, 1, 20, 5442.18, 17887650, 1077, 2, 0
4759, 67, 128, 1290, 0, 0, 34.40%, 2, 1, 20, 3287.74, 17909689, 1077, 2, 0
4764, 67, 78, 1290, 0, 0, 34.40%, 2, 1, 20, 4917.21, 17928147, 1077, 2, 0
4770, 67, 1196, 1290, 0, 0, 34.40%, 2, 1, 20, 2832.66, 17951618, 1077, 2, 0
4776, 67, 785, 1290, 0, 0, 34.40%, 2, 1, 20, 4745.72, 17972567, 1077, 2, 0
4781, 68, 21, 1290, 0, 0, 34.40%, 2, 1, 20, 4366.49, 17993412, 1077, 2, 0
4786, 68, 899, 1290, 0, 0, 34.40%, 2, 1, 20, 4703.29, 18014796, 1077, 2, 0
4791, 68, 607, 1290, 0, 0, 34.40%, 2, 1, 20, 368.16, 18032211, 1077, 2, 0
4796, 68, 114, 1290, 0, 0, 34.40%, 2, 1, 20, 4415.00, 18052108, 1077, 2, 0
4801, 68, 844, 1290, 0, 0, 34.40%, 2, 1, 20, 4145.60, 18071717, 1077, 2, 0
4806, 68, 954, 1290, 0, 0, 34.40%, 2, 1, 20, 4897.21, 18090710, 1077, 2, 0
4811, 68, 899, 1290, 0, 0, 34.40%, 2, 1, 20, 4618.17, 18113130, 1077, 2, 0
4816, 68, 844, 1290, 0, 0, 34.40%, 2, 1, 20, 4275.00, 18131837, 1077, 2, 0
4821, 68, 1312, 1315, 21, 0, 34.56%, 2, 1, 20, 2563.97, 18149082, 1082, 2, 0
4827, 68, 600, 1315, 19, 0, 34.56%, 2, 1, 20, 3208.80, 18164147, 1082, 2, 0
4832, 68, 1308, 1315, 18, 0, 34.56%, 2, 1, 20, 2920.40, 18178082, 1082, 2, 0
4837, 68, 664, 1315, 13, 0, 34.56%, 2, 1, 20, 2791.76, 18196075, 1082, 2, 0
4843, 68, 1292, 1315, 10, 0, 34.56%, 2, 1, 20, 4757.64, 18216908, 1082, 2, 0
4848, 68, 899, 1315, 7, 0, 34.56%, 2, 1, 20, 2694.72, 18233349, 1082, 2, 0
4853, 68, 653, 1315, 6, 0, 34.56%, 2, 1, 20, 3874.72, 18253544, 1082, 2, 0
4860, 68, 1234, 1315, 5, 0, 34.56%, 2, 1, 20, 5202.46, 18276699, 1082, 2, 0
4865, 68, 764, 1315, 4, 0, 34.56%, 2, 1, 20, 4606.40, 18297670, 1082, 2, 0
4870, 69, 854, 1315, 3, 0, 34.56%, 2, 1, 20, 4019.37, 18315344, 1082, 2, 0
4876, 69, 753, 1315, 2, 0, 34.56%, 2, 1, 20, 486.84, 18335620, 1082, 2, 0
4881, 69, 546, 1315, 2, 0, 34.56%, 2, 1, 20, 4707.01, 18356501, 1082, 2, 0
4886, 69, 346, 1315, 2, 0, 34.56%, 2, 1, 20, 4570.50, 18378544, 1082, 2, 0
4891, 69, 813, 1315, 2, 0, 34.56%, 2, 1, 20, 4921.40, 18398064, 1082, 2, 0
4896, 69, 552, 1315, 2, 0, 34.56%, 2, 1, 20, 5274.01, 18417691, 1082, 2, 0
4901, 69, 330, 1315, 2, 0, 34.56%, 2, 1, 20, 5014.33, 18439914, 1082, 2, 0
4906, 69, 1019, 1315, 1, 0, 34.56%, 2, 1, 20, 523.15, 18459377, 1082, 2, 0
4912, 69, 49, 1315, 0, 0, 34.56%, 2, 1, 20, 5485.44, 18480970, 1082, 2, 0
4917, 69, 899, 1315, 0, 0, 34.56%, 2, 1, 20, 4836.70, 18502937, 1082, 2, 0
4922, 69, 1139, 1315, 0, 0, 34.56%, 2, 1, 20, 3914.07, 18523784, 1082, 2, 0
4927, 69, 851, 1315, 0, 0, 34.56%, 2, 1, 20, 4690.68, 18544805, 1082, 2, 0
4932, 69, 693, 1315, 0, 0, 34.56%, 2, 1, 20, 4661.32, 18566621, 1082, 2, 0
4937, 69, 1048, 1315, 0, 0, 34.56%, 2, 1, 20, 4522.31, 18587691, 1082, 2, 0
4943, 70, 898, 1315, 0, 0, 34.56%, 2, 1, 20, 205.13, 18603122, 1082, 2, 0
4948, 70, 526, 1315, 0, 0, 34.56%, 2, 1, 20, 584.23, 18620725, 1082, 2, 0
4953, 70, 685, 1315, 0, 0, 34.56%, 2, 1, 20, 4334.59, 18640871, 1082, 2, 0
4958, 70, 861, 1315, 0, 0, 34.56%, 2, 1, 20, 4726.48, 18661257, 1082, 2, 0
4963, 70, 898, 1315, 0, 0, 34.56%, 2, 1, 20, 4006.80, 18681820, 1082, 2, 0
4969, 70, 893, 1315, 0, 0, 34.56%, 2, 1, 20, 3826.58, 18699745, 1082, 2, 0
4974, 70, 1113, 1315, 0, 0, 34.56%, 2, 1, 20, 4689.02, 18720654, 1082, 2, 0
4979, 70, 49, 1315, 0, 0, 34.56%, 2, 1, 20, 4774.09, 18741631, 1082, 2, 0
4984, 70, 156, 1315, 0, 0, 34.56%, 2, 1, 20, 4549.83, 18759122, 1082, 2, 0
4989, 70, 844, 1315, 0, 0, 34.56%, 2, 1, 20, 4744.15, 18781278, 1082, 2, 0
4994, 70, 362, 1315, 0, 0, 34.56%, 2, 1, 20, 4311.86, 18800589, 1082, 2, 0
4999, 70, 813, 1315, 0, 0, 34.56%, 2, 1, 20, 4503.17, 18820268, 1082, 2, 0
5005, 70, 4, 1315, 0, 0, 34.56%, 2, 1, 20, 3932.68, 18840101, 1082, 2, 0
5010, 70, 761, 1315, 0, 0, 34.56%, 2, 1, 20, 4735.99, 18858951, 1082, 2, 0
5015, 70, 969, 1315, 0, 0, 34.56%, 2, 1, 20, 373.68, 18873478, 1082, 2, 0
5020, 70, 682, 1315, 0, 0, 34.56%, 2, 1, 20, 1934.97, 18892984, 1082, 2, 0
5025, 71, 683, 1315, 0, 0, 34.56%, 2, 1, 20, 3891.32, 18912027, 1082, 2, 0
5030, 71, 1010, 1315, 0, 0, 34.56%, 2, 1, 20, 5149.25, 18927864, 1082, 2, 0
5036, 71, 87, 1315, 0, 0, 34.56%, 2, 1, 20, 3526.85, 18949474, 1082, 2, 0
5041, 71, 607, 1315, 0, 0, 34.56%, 2, 1, 20, 4698.63, 18969386, 1082, 2, 0
5046, 71, 852, 1315, 0, 0, 34.56%, 2, 1, 20, 4092.66, 18987789, 1082, 2, 0
5051, 71, 293, 1315, 0, 0, 34.56%, 2, 1, 20, 4824.27, 19008727, 1082, 2, 0
5056, 71, 480, 1315, 0, 0, 34.56%, 2, 1, 20, 4462.60, 19028496, 1082, 2, 0
5061, 71, 526, 1315, 0, 0, 34.56%, 2, 1, 20, 3877.19, 19050238, 1082, 2, 0
5066, 71, 832, 1315, 0, 0, 34.56%, 2, 1, 20, 4252.33, 19069215, 1082, 2, 0
5072, 71, 100, 1315, 0, 0, 34.56%, 2, 1, 20, 4773.49, 19087654, 1082, 2, 0
5077, 71, 898, 1315, 0, 0, 34.56%, 2, 1, 20, 4479.48, 19107539, 1082, 2, 0
5082, 71, 759, 1315, 0, 0, 34.56%, 2, 1, 20, 3938.64, 19126032, 1082, 2, 0
5087, 71, 763, 1315, 0, 0, 34.56%, 2, 1, 20, 4350.59, 19146783, 1082, 2, 0
5092, 71, 1230, 1315, 0, 0, 34.56%, 2, 1, 20, 4725.53, 19164836, 1082, 2, 0
5097, 71, 603, 1315, 0, 0, 34.56%, 2, 1, 20, 402.84, 19182796, 1082, 2, 0
5102, 72, 899, 1315, 0, 0, 34.56%, 2, 1, 20, 223.23, 19200239, 1082, 2, 0
5107, 72, 589, 1315, 0, 0, 34.56%, 2, 1, 20, 4338.59, 19221213, 1082, 2, 0
5112, 72, 898, 1315, 0, 0, 34.56%, 2, 1, 20, 3193.28, 19242209, 1082, 2, 0
5117, 72, 857, 1315, 0, 0, 34.56%, 2, 1, 20, 2248.82, 19261348, 1082, 2, 0
5122, 72, 1139, 1315, 0, 0, 34.56%, 2, 1, 20, 4457.09, 19278917, 1082, 2, 0
5128, 72, 109, 1315, 0, 0, 34.56%, 2, 1, 20, 1735.94, 19298810, 1082, 2, 0
5133, 72, 1033, 1315, 0, 0, 34.56%, 2, 1, 20, 4903.43, 19319264, 1082, 2, 0
5138, 72, 512, 1315, 0, 0, 34.56%, 2, 1, 20, 4439.17, 19340726, 1082, 2, 0
5143, 72, 37, 1315, 0, 0, 34.56%, 2, 1, 20, 4695.89, 19361159, 1082, 2, 0
5148, 72, 108, 1315, 0, 0, 34.56%, 2, 1, 20, 4275.56, 19381638, 1082, 2, 0
5153, 72, 178, 1315, 0, 0, 34.56%, 2, 1, 20, 5562.97, 19401349, 1082, 2, 0
5158, 72, 506, 1315, 0, 0, 34.56%, 2, 1, 20, 4800.00, 19418100, 1082, 2, 0
5163, 72, 585, 1315, 0, 0, 34.56%, 2, 1, 20, 4808.40, 19437716, 1082, 2, 0
5168, 72, 583, 1315, 0, 0, 34.56%, 2, 1, 20, 5582.97, 19457627, 1082, 2, 0
5173, 73, 114, 1315, 0, 0, 34.56%, 2, 1, 20, 4350.30, 19476999, 1082, 2, 0
5179, 73, 892, 1315, 0, 0, 34.56%, 2, 1, 20, 4047.86, 19491423, 1082, 2, 0
5184, 73, 899, 1315, 0, 0, 34.56%, 2, 1, 20, 4290.19, 19511786, 1082, 2, 0
5189, 73, 954, 1315, 0, 0, 34.56%, 2, 1, 20, 351.78, 19531034, 1082, 2, 0
5194, 73, 1041, 1315, 0, 0, 34.56%, 2, 1, 20, 396.89, 19553082, 1082, 2, 0
5199, 73, 676, 1315, 0, 0, 34.56%, 2, 1, 20, 4503.06, 19575256, 1082, 2, 0
5205, 73, 1180, 1315, 0, 0, 34.56%, 2, 1, 20, 3991.49, 19596883, 1082, 2, 0
5210, 73, 158, 1315, 0, 0, 34.56%, 2, 1, 20, 4321.37, 19614330, 1082, 2, 0
5217, 73, 1290, 1315, 0, 0, 34.56%, 2, 1, 20, 3089.71, 19637889, 1082, 2, 0
5222, 73, 1178, 1315, 0, 0, 34.56%, 2, 1, 20, 4432.66, 19659912, 1082, 2, 0
5227, 73, 759, 1315, 0, 0, 34.56%, 2, 1, 20, 4191.11, 19680735, 1082, 2, 0
5232, 73, 340, 1315, 0, 0, 34.56%, 2, 1, 20, 4696.52, 19699527, 1082, 2, 0
5237, 73, 868, 1315, 0, 0, 34.56%, 2, 1, 20, 5240.39, 19720878, 1082, 2, 0
5242, 73, 133, 1315, 0, 0, 34.56%, 2, 1, 20, 4607.91, 19742088, 1082, 2, 0
5247, 73, 635, 1315, 0, 0, 34.56%, 2, 1, 20, 3976.88, 19760604, 1082, 2, 0
5253, 74, 852, 1315, 0, 0, 34.56%, 2, 1, 20, 4528.02, 19782246, 1082, 2, 0
5258, 74, 597, 1315, 0, 0, 34.56%, 2, 1, 20, 2291.44, 19803720, 1082, 2, 0
5263, 74, 409, 1315, 0, 0, 34.56%, 2, 1, 20, 3737.62, 19823126, 1082, 2, 0
5268, 74, 221, 1315, 0, 0, 34.56%, 2, 1, 20, 3524.54, 19843613, 1082, 2, 0
5275, 74, 1233, 1315, 0, 0, 34.56%, 2, 1, 20, 4448.22, 19869822, 1082, 2, 0
5280, 74, 1139, 1315, 0, 0, 34.56%, 2, 1, 20, 3893.23, 19890502, 1082, 2, 0
5285, 74, 729, 1315, 0, 0, 34.56%, 2, 1, 20, 4555.82, 19912427, 1082, 2, 0
5292, 74, 1205, 1315, 0, 0, 34.56%, 2, 1, 20, 2815.51, 19933526, 1082, 2, 0
5297, 74, 674, 1315, 0, 0, 34.56%, 2, 1, 20, 2238.40, 19954470, 1082, 2, 0
5302, 74, 1315, 1316, 1, 0, 34.56%, 2, 1, 20, 4209.56, 19974064, 1082, 2, 0
5308, 74, 954, 1317, 1, 0, 34.56%, 2, 1, 20, 5509.91, 19989993, 1082, 2, 0
5314, 74, 1316, 1317, 1, 0, 34.56%, 2, 1, 20, 5047.85, 20012317, 1082, 2, 0
5319, 74, 526, 1317, 0, 0, 34.56%, 2, 1, 20, 4027.51, 20033283, 1082, 2, 0
5324, 74, 814, 1317, 0, 0, 34.56%, 2, 1, 20, 4432.45, 20053213, 1082, 2, 0
5330, 74, 494, 1317, 0, 0, 34.56%, 2, 1, 20, 5636.82, 20069889, 1082, 2, 0
5335, 75, 1013, 1317, 0, 0, 34.56%, 2, 1, 20, 3103.01, 20090239, 1082, 2, 0
5340, 75, 954, 1317, 0, 0, 34.56%, 2, 1, 20, 3841.59, 20110938, 1082, 2, 0
5345, 75, 1107, 1317, 0, 0, 34.56%, 2, 1, 20, 228.97, 20129888, 1082, 2, 0
5350, 75, 876, 1317, 0, 0, 34.56%, 2, 1, 20, 3883.28, 20149752, 1082, 2, 0
5355, 75, 1101, 1317, 0, 0, 34.56%, 2, 1, 20, 3897.08, 20163507, 1082, 2, 0
5360, 75, 1033, 1317, 0, 0, 34.56%, 2, 1, 20, 3020.03, 20180663, 1082, 2, 0
5366, 75, 514, 1317, 0, 0, 34.56%, 2, 1, 20, 5395.00, 20198194, 1082, 2, 0
5371, 75, 1192, 1317, 0, 0, 34.56%, 2, 1, 20, 4525.34, 20218338, 1082, 2, 0
5376, 75, 1114, 1317, 0, 0, 34.56%, 2, 1, 20, 4670.17, 20240455, 1082, 2, 0
5381, 75, 745, 1317, 0, 0, 34.56%, 2, 1, 20, 681.82, 20261585, 1082, 2, 0
5387, 75, 506, 1317, 0, 0, 34.56%, 2, 1, 20, 5320.00, 20283459, 1082, 2, 0
5392, 75, 962, 1317, 0, 0, 34.56%, 2, 1, 20, 4670.88, 20303790, 1082, 2, 0
5398, 75, 1263, 1317, 0, 0, 34.56%, 2, 1, 20, 2321.88, 20322066, 1082, 2, 0
5403, 75, 640, 1317, 0, 0, 34.56%, 2, 1, 20, 4867.62, 20342164, 1082, 2, 0
5408, 75, 900, 1317, 0, 0, 34.56%, 2, 1, 20, 552.23, 20361643, 1082, 2, 0
5413, 76, 1130, 1317, 0, 0, 34.56%, 2, 1, 20, 4169.45, 20381496, 1082, 2, 0
5418, 76, 764, 1317, 0, 0, 34.56%, 2, 1, 20, 4135.82, 20400557, 1082, 2, 0
5423, 76, 992, 1317, 0, 0, 34.56%, 2, 1, 20, 4093.69, 20418885, 1082, 2, 0
5429, 76, 412, 1318, 0, 0, 34.56%, 2, 1, 20, 5532.68, 20441594, 1082, 2, 0
5434, 76, 1240, 1318, 0, 0, 34.56%, 2, 1, 20, 4649.01, 20461793, 1082, 2, 0
5439, 76, 898, 1318, 0, 0, 34.56%, 2, 1, 20, 4457.24, 20480280, 1082, 2, 0
5444, 76, 965, 1318, 0, 0, 34.56%, 2, 1, 20, 4886.32, 20499522, 1082, 2, 0
5449, 76, 484, 1318, 0, 0, 34.56%, 2, 1, 20, 558.89, 20518651, 1082, 2, 0
5454, 76, 868, 1318, 0, 0, 34.56%, 2, 1, 20, 5628.71, 20534828, 1082, 2, 0
5460, 76, 764, 1318, 0, 0, 34.56%, 2, 1, 20, 4667.36, 20555009, 1082, 2, 0
5465, 76, 763, 1318, 0, 0, 34.56%, 2, 1, 20, 5435.12, 20575657, 1082, 2, 0
5471, 76, 1109, 1318, 0, 0, 34.56%, 2, 1, 20, 4627.09, 20595919, 1082, 2, 0
5476, 76, 832, 1318, 0, 0, 34.56%, 2, 1, 20, 4809.40, 20615497, 1082, 2, 0
5481, 76, 1029, 1318, 0, 0, 34.56%, 2, 1, 20, 4884.56, 20635583, 1082, 2, 0
5486, 76, 460, 1318, 0, 0, 34.56%, 2, 1, 20, 4228.66, 20654348, 1082, 2, 0
5491, 77, 1071, 1318, 0, 0, 34.56%, 2, 1, 20, 4410.62, 20674573, 1082, 2, 0
5496, 77, 1019, 1318, 0, 0, 34.56%, 2, 1, 20, 636.84, 20693352, 1082, 2, 0
5501, 77, 392, 1318, 0, 0, 34.56%, 2, 1, 20, 5039.07, 20712122, 1082, 2, 0
5507, 77, 262, 1318, 0, 0, 34.56%, 2, 1, 20, 5047.52, 20728489, 1082, 2, 0
5512, 77, 844, 1318, 0, 0, 34.56%, 2, 1, 20, 4622.36, 20748713, 1082, 2, 0
5517, 77, 359, 1318, 0, 0, 34.56%, 2, 1, 20, 5302.10, 20766872, 1082, 2, 0
5522, 77, 66, 1318, 0, 0, 34.56%, 2, 1, 20, 4602.21, 20783319, 1082, 2, 0
5527, 77, 579, 1318, 0, 0, 34.56%, 2, 1, 20, 5119.78, 20803039, 1082, 2, 0
5532, 77, 899, 1318, 0, 0, 34.56%, 2, 1, 20, 190.79, 20822084, 1082, 2, 0
5537, 77, 899, 1318, 0, 0, 34.56%, 2, 1, 20, 5123.89, 20841049, 1082, 2, 0
5542, 77, 312, 1318, 0, 0, 34.56%, 2, 1, 20, 433.90, 20859713, 1082, 2, 0
5548, 77, 325, 1318, 0, 0, 34.56%, 2, 1, 20, 3835.45, 20877573, 1082, 2, 0
5553, 77, 763, 1318, 0, 0, 34.56%, 2, 1, 20, 2986.25, 20895463, 1082, 2, 0
5558, 77, 589, 1318, 0, 0, 34.56%, 2, 1, 20, 4339.64, 20913649, 1082, 2, 0
5564, 77, 937, 1318, 0, 0, 34.56%, 2, 1, 20, 4957.35, 20936298, 1082, 2, 0
5569, 77, 796, 1318, 0, 0, 34.56%, 2, 1, 20, 4605.18, 20957418, 1082, 2, 0
5574, 77, 297, 1318, 0, 0, 34.56%, 2, 1, 20, 4299.02, 20974026, 1082, 2, 0
5579, 78, 672, 1318, 0, 0, 34.56%, 2, 1, 20, 205.26, 20992204, 1082, 2, 0
5585, 78, 71, 1319, 1, 0, 34.56%, 2, 1, 20, 5020.00, 21011380, 1082, 2, 0
5590, 78, 168, 1319, 1, 0, 34.56%, 2, 1, 20, 4864.89, 21030333, 1082, 2, 0
5595, 78, 158, 1319, 1, 0, 34.56%, 2, 1, 20, 3719.02, 21047005, 1082, 2, 0
5600, 78, 1019, 1319, 1, 0, 34.56%, 2, 1, 20, 5252.47, 21060650, 1082, 2, 0
5605, 78, 993, 1319, 0, 0, 34.56%, 2, 1, 20, 3941.85, 21080730, 1082, 2, 0
5610, 78, 693, 1319, 0, 0, 34.56%, 2, 1, 20, 1730.79, 21099781, 1082, 2, 0
5615, 78, 640, 1319, 0, 0, 34.56%, 2, 1, 20, 4733.41, 21121909, 1082, 2, 0
5620, 78, 267, 1319, 0, 0, 34.56%, 2, 1, 20, 4693.52, 21143795, 1082, 2, 0
5625, 78, 910, 1319, 0, 0, 34.56%, 2, 1, 20, 4676.84, 21164404, 1082, 2, 0
5631, 78, 961, 1319, 0, 0, 34.56%, 2, 1, 20, 4933.04, 21184685, 1082, 2, 0
5636, 78, 898, 1319, 0, 0, 34.56%, 2, 1, 20, 593.28, 21200714, 1082, 2, 0
5641, 78, 456, 1319, 0, 0, 34.56%, 2, 1, 20, 109.89, 21218711, 1082, 2, 0
5648, 78, 1271, 1319, 0, 0, 34.56%, 2, 1, 20, 4252.18, 21244663, 1082, 2, 0
5653, 78, 78, 1319, 0, 0, 34.56%, 2, 1, 20, 4696.36, 21263825, 1082, 2, 0
5658, 79, 1305, 1319, 0, 0, 34.56%, 2, 1, 20, 3886.92, 21283666, 1082, 2, 0
5663, 79, 1071, 1319, 0, 0, 34.56%, 2, 1, 20, 3181.69, 21304015, 1082, 2, 0
5668, 79, 992, 1319, 0, 0, 34.56%, 2, 1, 20, 5025.41, 21325090, 1082, 2, 0
5674, 79, 813, 1319, 0, 0, 34.56%, 2, 1, 20, 4550.77, 21345936, 1082, 2, 0
5679, 79, 93, 1319, 0, 0, 34.56%, 2, 1, 20, 2469.31, 21365477, 1082, 2, 0
5684, 79, 899, 1319, 0, 0, 34.56%, 2, 1, 20, 3307.95, 21387264, 1082, 2, 0
5689, 79, 170, 1319, 0, 0, 34.56%, 2, 1, 20, 4079.83, 21406122, 1082, 2, 0
5694, 79, 242, 1319, 0, 0, 34.56%, 2, 1, 20, 3933.04, 21428772, 1082, 2, 0
5699, 79, 899, 1319, 0, 0, 34.56%, 2, 1, 20, 4577.48, 21451116, 1082, 2, 0
5704, 79, 899, 1319, 0, 0, 34.56%, 2, 1, 20, 4553.04, 21468041, 1082, 2, 0
5709, 79, 759, 1320, 0, 0, 34.56%, 2, 1, 20, 4298.63, 21488067, 1082, 2, 0
5714, 79, 1113, 1320, 0, 0, 34.56%, 2, 1, 20, 4436.54, 21508908, 1082, 2, 0
5720, 79, 906, 1320, 0, 0, 34.56%, 2, 1, 20, 4685.28, 21526605, 1082, 2, 0
5725, 79, 607, 1320, 0, 0, 34.56%, 2, 1, 20, 4724.73, 21547361, 1082, 2, 0
5730, 80, 1234, 1320, 0, 0, 34.56%, 2, 1, 20, 4343.96, 21567806, 1082, 2, 0
5735, 80, 693, 1320, 0, 0, 34.56%, 2, 1, 20, 4803.83, 21579242, 1082, 2, 0
5740, 80, 93, 1320, 0, 0, 34.56%, 2, 1, 20, 4685.70, 21600875, 1082, 2, 0
5745, 80, 693, 1320, 0, 0, 34.56%, 2, 1, 20, 5228.92, 21613802, 1082, 2, 0
5750, 80, 1307, 1320, 0, 0, 34.56%, 2, 1, 20, 5073.10, 21632288, 1082, 2, 0
5755, 80, 1296, 1320, 0, 0, 34.56%, 2, 1, 20, 4695.99, 21652581, 1082, 2, 0
5761, 80, 1041, 1320, 0, 0, 34.56%, 2, 1, 20, 4670.52, 21670088, 1082, 2, 0
5766, 80, 242, 1320, 0, 0, 34.56%, 2, 1, 20, 4212.21, 21689164, 1082, 2, 0
5771, 80, 744, 1320, 0, 0, 34.56%, 2, 1, 20, 538.32, 21708116, 1082, 2, 0
5776, 80, 701, 1320, 0, 0, 34.56%, 2, 1, 20, 4210.00, 21726911, 1082, 2, 0
5781, 80, 221, 1320, 0, 0, 34.56%, 2, 1, 20, 4238.97, 21747524, 1082, 2, 0
5786, 80, 1154, 1320, 0, 0, 34.56%, 2, 1, 20, 5017.25, 21766068, 1082, 2, 0
5791, 80, 753, 1320, 0, 0, 34.56%, 2, 1, 20, 4385.22, 21785030, 1082, 2, 0
5796, 80, 992, 1320, 0, 0, 34.56%, 2, 1, 20, 4541.67, 21805107, 1082, 2, 0
5801, 80, 1136, 1320, 0, 0, 34.56%, 2, 1, 20, 4641.20, 21824648, 1082, 2, 0
5806, 80, 1147, 1320, 0, 0, 34.56%, 2, 1, 20, 4839.77, 21844947, 1082, 2, 0
5811, 81, 1317, 1320, 0, 0, 34.56%, 2, 1, 20, 4692.99, 21866631, 1082, 2, 0
5816, 81, 899, 1320, 0, 0, 34.56%, 2, 1, 20, 4314.89, 21886069, 1082, 2, 0
5822, 81, 842, 1320, 0, 0, 34.56%, 2, 1, 20, 4195.75, 21904203, 1082, 2, 0
5827, 81, 159, 1320, 0, 0, 34.56%, 2, 1, 20, 5020.54, 21925009, 1082, 2, 0
5832, 81, 880, 1320, 0, 0, 34.56%, 2, 1, 20, 2309.61, 21943286, 1082, 2, 0
5837, 81, 180, 1320, 0, 0, 34.56%, 2, 1, 20, 5260.00, 21959986, 1082, 2, 0
5842, 81, 33, 1320, 0, 0, 34.56%, 2, 1, 20, 4600.34, 21982064, 1082, 2, 0
5847, 81, 434, 1320, 0, 0, 34.56%, 2, 1, 20, 4323.17, 22002118, 1082, 2, 0
5852, 81, 23, 1320, 0, 0, 34.56%, 2, 1, 20, 4048.12, 22022232, 1082, 2, 0
5858, 81, 624, 1320, 0, 0, 34.56%, 2, 1, 20, 5576.40, 22044937, 1082, 2, 0
5863, 81, 1290, 1320, 0, 0, 34.56%, 2, 1, 20, 4379.12, 22064171, 1082, 2, 0
5868, 81, 789, 1320, 0, 0, 34.56%, 2, 1, 20, 4787.65, 22084866, 1082, 2, 0
5873, 81, 764, 1320, 0, 0, 34.56%, 2, 1, 20, 631.19, 22105977, 1082, 2, 0
5878, 81, 761, 1320, 0, 0, 34.56%, 2, 1, 20, 4627.08, 22126972, 1082, 2, 0
5883, 82, 640, 1320, 0, 0, 34.56%, 2, 1, 20, 5418.51, 22147368, 1082, 2, 0
5888, 82, 899, 1320, 0, 0, 34.56%, 2, 1, 20, 4074.58, 22166102, 1082, 2, 0
5893, 82, 954, 1320, 0, 0, 34.56%, 2, 1, 20, 5180.76, 22187501, 1082, 2, 0
5898, 82, 67, 1320, 0, 0, 34.56%, 2, 1, 20, 4725.56, 22209076, 1082, 2, 0
5903, 82, 527, 1320, 0, 0, 34.56%, 2, 1, 20, 4678.60, 22230281, 1082, 2, 0
5909, 82, 573, 1320, 0, 0, 34.56%, 2, 1, 20, 5045.86, 22249679, 1082, 2, 0
5914, 82, 547, 1320, 0, 0, 34.56%, 2, 1, 20, 4591.10, 22271458, 1082, 2, 0
5919, 82, 66, 1320, 0, 0, 34.56%, 2, 1, 20, 779.84, 22291826, 1082, 2, 0
5924, 82, 49, 1320, 0, 0, 34.56%, 2, 1, 20, 5465.00, 22311545, 1082, 2, 0
5929, 82, 69, 1320, 0, 0, 34.56%, 2, 1, 20, 5226.48, 22332746, 1082, 2, 0
5934, 82, 832, 1320, 0, 0, 34.56%, 2, 1, 20, 5258.95, 22355184, 1082, 2, 0
5939, 82, 868, 1320, 0, 0, 34.56%, 2, 1, 20, 4635.41, 22374429, 1082, 2, 0
5945, 82, 300, 1320, 0, 0, 34.56%, 2, 1, 20, 4710.34, 22394534, 1082, 2, 0
5950, 83, 432, 1320, 0, 0, 34.56%, 2, 1, 20, 4520.58, 22415012, 1082, 2, 0
5955, 83, 1304, 1320, 0, 0, 34.56%, 2, 1, 20, 705.31, 22436953, 1082, 2, 0
5960, 83, 104, 1320, 0, 0, 34.56%, 2, 1, 20, 2715.00, 22455225, 1082, 2, 0
5965, 83, 898, 1320, 0, 0, 34.56%, 2, 1, 20, 5377.30, 22476676, 1082, 2, 0
5970, 83, 357, 1320, 0, 0, 34.56%, 2, 1, 20, 4205.47, 22493102, 1082, 2, 0
5975, 83, 445, 1320, 0, 0, 34.56%, 2, 1, 20, 4619.27, 22513070, 1082, 2, 0
5981, 83, 1296, 1320, 0, 0, 34.56%, 2, 1, 20, 4229.70, 22533159, 1082, 2, 0
5986, 83, 1155, 1320, 0, 0, 34.56%, 2, 1, 20, 747.48, 22550114, 1082, 2, 0
5991, 83, 807, 1320, 0, 0, 34.56%, 2, 1, 20, 5220.30, 22572602, 1082, 2, 0
5996, 83, 40, 1320, 0, 0, 34.56%, 2, 1, 20, 4876.41, 22590725, 1082, 2, 0
6001, 83, 787, 1320, 0, 0, 34.56%, 2, 1, 20, 4928.11, 22610898, 1082, 2, 0
6006, 83, 579, 1320, 0, 0, 34.56%, 2, 1, 20, 4401.06, 22631276, 1082, 2, 0
6011, 83, 954, 1320, 0, 0, 34.56%, 2, 1, 20, 4947.46, 22647133, 1082, 2, 0
6016, 83, 112, 1320, 0, 0, 34.56%, 2, 1, 20, 374.62, 22666015, 1082, 2, 0
6023, 83, 1324, 1341, 19, 0, 34.56%, 2, 1, 20, 4334.64, 22684435, 1082, 2, 0
6028, 83, 1328, 1341, 16, 0, 34.56%, 2, 1, 20, 3036.84, 22702669, 1082, 2, 0
6033, 84, 921, 1341, 12, 0, 34.56%, 2, 1, 20, 5623.86, 22722507, 1082, 2, 0
6038, 84, 1029, 1341, 8, 0, 34.56%, 2, 1, 20, 3518.62, 22740114, 1082, 2, 0
6044, 84, 640, 1341, 7, 0, 34.56%, 2, 1, 20, 5195.34, 22761951, 1082, 2, 0
6049, 84, 898, 1341, 5, 0, 34.56%, 2, 1, 20, 3480.97, 22780006, 1082, 2, 0
6054, 84, 813, 1341, 5, 0, 34.56%, 2, 1, 20, 4818.42, 22798607, 1082, 2, 0
6059, 84, 841, 1341, 5, 0, 34.56%, 2, 1, 20, 456.23, 22813246, 1082, 2, 0
6064, 84, 409, 1341, 5, 0, 34.56%, 2, 1, 20, 4251.24, 22832609, 1082, 2, 0
6070, 84, 121, 1341, 5, 0, 34.56%, 2, 1, 20, 4872.18, 22852336, 1082, 2, 0
6075, 84, 899, 1341, 5, 0, 34.56%, 2, 1, 20, 4467.16, 22870319, 1082, 2, 0
6080, 84, 693, 1341, 5, 0, 34.56%, 2, 1, 20, 5330.02, 22888697, 1082, 2, 0
6085, 84, 526, 1341, 4, 0, 34.56%, 2, 1, 20, 4179.60, 22906925, 1082, 2, 0
6091, 84, 1329, 1341, 4, 0, 34.56%, 2, 1, 20, 4215.42, 22926505, 1082, 2, 0
6098, 84, 1321, 1341, 3, 0, 34.56%, 2, 1, 20, 4662.12, 22948950, 1082, 2, 0
6103, 84, 1322, 1341, 2, 0, 34.56%, 2, 1, 20, 4329.77, 22969547, 1082, 2, 0
6108, 84, 899, 1341, 1, 0, 34.56%, 2, 1, 20, 4306.58, 22989326, 1082, 2, 0
6114, 84, 1131, 1341, 1, 0, 34.56%, 2, 1, 20, 4364.11, 23013156, 1082, 2, 0
6120, 84, 832, 1341, 1, 0, 34.56%, 2, 1, 20, 5099.61, 23033412, 1082, 2, 0
6125, 85, 832, 1341, 1, 0, 34.56%, 2, 1, 20, 4307.00, 23049389, 1082, 2, 0
6130, 85, 954, 1341, 0, 0, 34.56%, 2, 1, 20, 4247.40, 23066328, 1082, 2, 0
6135, 85, 1071, 1341, 0, 0, 34.56%, 2, 1, 20, 3245.06, 23087512, 1082, 2, 0
6140, 85, 267, 1341, 0, 0, 34.56%, 2, 1, 20, 4470.07, 23108174, 1082, 2, 0
6145, 85, 973, 1341, 0, 0, 34.56%, 2, 1, 20, 4399.07, 23128128, 1082, 2, 0
6150, 85, 312, 1341, 0, 0, 34.56%, 2, 1, 20, 3943.72, 23147155, 1082, 2, 0
6155, 85, 432, 1341, 0, 0, 34.56%, 2, 1, 20, 4449.56, 23164088, 1082, 2, 0
6160, 85, 133, 1341, 0, 0, 34.56%, 2, 1, 20, 4455.69, 23183436, 1082, 2, 0
6166, 85, 898, 1341, 0, 0, 34.56%, 2, 1, 20, 546.06, 23199663, 1082, 2, 0
6171, 85, 647, 1341, 0, 0, 34.56%, 2, 1, 20, 4457.19, 23220751, 1082, 2, 0
6176, 85, 340, 1341, 0, 0, 34.56%, 2, 1, 20, 4447.45, 23239965, 1082, 2, 0
6181, 85, 782, 1341, 0, 0, 34.56%, 2, 1, 20, 4878.03, 23260623, 1082, 2, 0
6186, 85, 37, 1341, 0, 0, 34.56%, 2, 1, 20, 4832.10, 23282207, 1082, 2, 0
6191, 85, 763, 1341, 0, 0, 34.56%, 2, 1, 20, 4325.13, 23301556, 1082, 2, 0
6196, 86, 87, 1341, 0, 0, 34.56%, 2, 1, 20, 4927.16, 23322321, 1082, 2, 0
6201, 86, 729, 1341, 0, 0, 34.56%, 2, 1, 20, 5471.12, 23344680, 1082, 2, 0
6207, 86, 832, 1341, 0, 0, 34.56%, 2, 1, 20, 4762.18, 23365912, 1082, 2, 0
6212, 86, 1160, 1341, 0, 0, 34.56%, 2, 1, 20, 419.54, 23383295, 1082, 2, 0
6217, 86, 94, 1341, 0, 0, 34.56%, 2, 1, 20, 956.31, 23404373, 1082, 2, 0
6222, 86, 899, 1341, 0, 0, 34.56%, 2, 1, 20, 242.17, 23424956, 1082, 2, 0
6227, 86, 944, 1341, 0, 0, 34.56%, 2, 1, 20, 4637.37, 23444390, 1082, 2, 0
6232, 86, 896, 1341, 0, 0, 34.56%, 2, 1, 20, 3948.67, 23464298, 1082, 2, 0
6238, 86, 1113, 1341, 0, 0, 34.56%, 2, 1, 20, 616.44, 23484130, 1082, 2, 0
6244, 86, 1207, 1341, 0, 0, 34.56%, 2, 1, 20, 456.11, 23506247, 1082, 2, 0
6250, 86, 293, 1341, 0, 0, 34.56%, 2, 1, 20, 4368.80, 23522684, 1082, 2, 0
6255, 86, 125, 1341, 0, 0, 34.56%, 2, 1, 20, 4283.05, 23542845, 1082, 2, 0
6260, 86, 782, 1341, 0, 0, 34.56%, 2, 1, 20, 4633.33, 23562742, 1082, 2, 0
6265, 86, 110, 1341, 0, 0, 34.56%, 2, 1, 20, 4907.60, 23582486, 1082, 2, 0
6270, 86, 945, 1341, 0, 0, 34.56%, 2, 1, 20, 3007.08, 23599368, 1082, 2, 0
6275, 87, 25, 1341, 0, 0, 34.56%, 2, 1, 20, 5114.43, 23618732, 1082, 2, 0
6280, 87, 242, 1341, 0, 0, 34.56%, 2, 1, 20, 4875.00, 23639427, 1082, 2, 0
6285, 87, 899, 1341, 0, 0, 34.56%, 2, 1, 20, 3581.31, 23659449, 1082, 2, 0
6291, 87, 984, 1341, 0, 0, 34.56%, 2, 1, 20, 5176.68, 23680302, 1082, 2, 0
6296, 87, 1313, 1342, 1, 0, 34.56%, 2, 1, 20, 4858.68, 23702432, 1082, 2, 0
6301, 87, 898, 1342, 1, 0, 34.56%, 2, 1, 20, 4753.75, 23721945, 1082, 2, 0
6306, 87, 764, 1342, 1, 0, 34.56%, 2, 1, 20, 4152.21, 23739351, 1082, 2, 0
6311, 87, 899, 1342, 1, 0, 34.56%, 2, 1, 20, 3101.15, 23755477, 1082, 2, 0
6316, 87, 685, 1342, 1, 0, 34.56%, 2, 1, 20, 3050.29, 23776068, 1082, 2, 0
6321, 87, 1019, 1342, 0, 0, 34.56%, 2, 1, 20, 1707.97, 23785753, 1082, 2, 0
6326, 87, 844, 1342, 0, 0, 34.56%, 2, 1, 20, 5278.29, 23806805, 1082, 2, 0
6332, 87, 600, 1342, 0, 0, 34.56%, 2, 1, 20, 4914.85, 23825078, 1082, 2, 0
6337, 87, 696, 1342, 0, 0, 34.56%, 2, 1, 20, 486.68, 23844364, 1082, 2, 0
6342, 87, 948, 1342, 0, 0, 34.56%, 2, 1, 20, 395.00, 23863075, 1082, 2, 0
6347, 87, 997, 1342, 0, 0, 34.56%, 2, 1, 20, 2864.63, 23882139, 1082, 2, 0
6352, 88, 764, 1342, 0, 0, 34.56%, 2, 1, 20, 5641.79, 23902336, 1082, 2, 0
6357, 88, 685, 1342, 0, 0, 34.56%, 2, 1, 20, 5310.20, 23924131, 1082, 2, 0
6362, 88, 165, 1342, 0, 0, 34.56%, 2, 1, 20, 4385.11, 23943365, 1082, 2, 0
6367, 88, 400, 1342, 0, 0, 34.56%, 2, 1, 20, 4020.10, 23961554, 1082, 2, 0
6372, 88, 729, 1342, 0, 0, 34.56%, 2, 1, 20, 4891.87, 23980706, 1082, 2, 0
6377, 88, 800, 1342, 0, 0, 34.56%, 2, 1, 20, 5308.50, 24001913, 1082, 2, 0
6382, 88, 526, 1342, 0, 0, 34.56%, 2, 1, 20, 563.38, 24020816, 1082, 2, 0
6387, 88, 635, 1342, 0, 0, 34.56%, 2, 1, 20, 3969.25, 24039328, 1082, 2, 0
6392, 88, 851, 1342, 0, 0, 34.56%, 2, 1, 20, 5218.32, 24059922, 1082, 2, 0
6398, 88, 1101, 1342, 0, 0, 34.56%, 2, 1, 20, 5176.92, 24079089, 1082, 2, 0
6403, 88, 809, 1342, 0, 0, 34.56%, 2, 1, 20, 3875.58, 24100457, 1082, 2, 0
6408, 88, 796, 1342, 0, 0, 34.56%, 2, 1, 20, 4492.09, 24116629, 1082, 2, 0
6413, 88, 1304, 1342, 0, 0, 34.56%, 2, 1, 20, 4219.93, 24136874, 1082, 2, 0
6418, 88, 493, 1342, 0, 0, 34.56%, 2, 1, 20, 4431.36, 24158007, 1082, 2, 0
6423, 89, 699, 1342, 0, 0, 34.56%, 2, 1, 20, 5277.10, 24176990, 1082, 2, 0
6429, 89, 156, 1342, 0, 0, 34.56%, 2, 1, 20, 980.39, 24198329, 1082, 2, 0
6434, 89, 852, 1342, 0, 0, 34.56%, 2, 1, 20, 4380.92, 24216710, 1082, 2, 0
6439, 89, 899, 1342, 0, 0, 34.56%, 2, 1, 20, 4150.79, 24236570, 1082, 2, 0
6444, 89, 662, 1342, 0, 0, 34.56%, 2, 1, 20, 4457.24, 24254835, 1082, 2, 0
6449, 89, 267, 1342, 0, 0, 34.56%, 2, 1, 20, 4509.70, 24275896, 1082, 2, 0
6454, 89, 1230, 1342, 0, 0, 34.56%, 2, 1, 20, 4782.28, 24294560, 1082, 2, 0
6459, 89, 128, 1342, 0, 0, 34.56%, 2, 1, 20, 1419.23, 24312353, 1082, 2, 0
6464, 89, 1110, 1342, 0, 0, 34.56%, 2, 1, 20, 5341.64, 24334094, 1082, 2, 0
6469, 89, 832, 1342, 0, 0, 34.56%, 2, 1, 20, 5351.49, 24353776, 1082, 2, 0
6474, 89, 832, 1342, 0, 0, 34.56%, 2, 1, 20, 4382.19, 24372516, 1082, 2, 0
6479, 89, 898, 1342, 0, 0, 34.56%, 2, 1, 20, 4409.46, 24393312, 1082, 2, 0
6485, 89, 742, 1342, 0, 0, 34.56%, 2, 1, 20, 190.70, 24411120, 1082, 2, 0
6490, 89, 613, 1342, 0, 0, 34.56%, 2, 1, 20, 4853.96, 24432304, 1082, 2, 0
6495, 89, 898, 1342, 0, 0, 34.56%, 2, 1, 20, 3169.07, 24452256, 1082, 2, 0
6500, 90, 761, 1342, 0, 0, 34.56%, 2, 1, 20, 4316.28, 24470616, 1082, 2, 0
6505, 90, 898, 1342, 0, 0, 34.56%, 2, 1, 20, 269.07, 24490545, 1082, 2, 0
6511, 90, 992, 1342, 0, 0, 34.56%, 2, 1, 20, 4073.63, 24511574, 1082, 2, 0
6516, 90, 1317, 1342, 0, 0, 34.56%, 2, 1, 20, 4613.86, 24532078, 1082, 2, 0
6521, 90, 561, 1342, 0, 0, 34.56%, 2, 1, 20, 4964.50, 24552394, 1082, 2, 0
6526, 90, 1141, 1342, 0, 0, 34.56%, 2, 1, 20, 5046.79, 24572754, 1082, 2, 0
6531, 90, 1250, 1342, 0, 0, 34.56%, 2, 1, 20, 4576.88, 24591595, 1082, 2, 0
6536, 90, 1033, 1342, 0, 0, 34.56%, 2, 1, 20, 4562.19, 24609522, 1082, 2, 0
6541, 90, 768, 1342, 0, 0, 34.56%, 2, 1, 20, 4218.50, 24630405, 1082, 2, 0
6546, 90, 1239, 1342, 0, 0, 34.56%, 2, 1, 20, 4378.14, 24651296, 1082, 2, 0
6552, 90, 552, 1342, 0, 0, 34.56%, 2, 1, 20, 382.78, 24667911, 1082, 2, 0
6557, 90, 612, 1342, 0, 0, 34.56%, 2, 1, 20, 2860.00, 24687294, 1082, 2, 0
6562, 90, 899, 1342, 0, 0, 34.56%, 2, 1, 20, 954.25, 24707618, 1082, 2, 0
6567, 90, 550, 1342, 0, 0, 34.56%, 2, 1, 20, 3277.79, 24726511, 1082, 2, 0
6572, 91, 1335, 1342, 0, 0, 34.56%, 2, 1, 20, 4569.41, 24748559, 1082, 2, 0
6577, 91, 475, 1342, 0, 0, 34.56%, 2, 1, 20, 4154.23, 24768424, 1082, 2, 0
6582, 91, 237, 1342, 0, 0, 34.56%, 2, 1, 20, 2439.66, 24787399, 1082, 2, 0
6588, 91, 673, 1342, 0, 0, 34.56%, 2, 1, 20, 4471.92, 24806639, 1082, 2, 0
6593, 91, 753, 1342, 0, 0, 34.56%, 2, 1, 20, 1875.83, 24826036, 1082, 2, 0
6598, 91, 739, 1342, 0, 0, 34.56%, 2, 1, 20, 411.92, 24846138, 1082, 2, 0
6603, 91, 685, 1342, 0, 0, 34.56%, 2, 1, 20, 5688.04, 24866523, 1082, 2, 0
6608, 91, 1019, 1342, 0, 0, 34.56%, 2, 1, 20, 4833.82, 24887242, 1082, 2, 0
6613, 91, 992, 1342, 0, 0, 34.56%, 2, 1, 20, 4393.03, 24907023, 1082, 2, 0
6618, 91, 954, 1342, 0, 0, 34.56%, 2, 1, 20, 4222.44, 24924997, 1082, 2, 0
6623, 91, 242, 1342, 0, 0, 34.56%, 2, 1, 20, 4381.19, 24945724, 1082, 2, 0
6629, 91, 54, 1342, 0, 0, 34.56%, 2, 1, 20, 4398.52, 24965518, 1082, 2, 0
6634, 91, 763, 1342, 0, 0, 34.56%, 2, 1, 20, 4386.34, 24985861, 1082, 2, 0
6639, 91, 25, 1343, 1, 0, 34.56%, 2, 1, 20, 4905.47, 25004580, 1082, 2, 0
6644, 92, 600, 1343, 1, 0, 34.56%, 2, 1, 20, 4603.05, 25026777, 1082, 2, 0
6649, 92, 899, 1343, 1, 0, 34.56%, 2, 1, 20, 4995.98, 25047069, 1082, 2, 0
6654, 92, 133, 1343, 1, 0, 34.56%, 2, 1, 20, 5191.38, 25066463, 1082, 2, 0
6659, 92, 1257, 1343, 1, 0, 34.56%, 2, 1, 20, 3927.43, 25085123, 1082, 2, 0
6665, 92, 1252, 1343, 0, 0, 34.56%, 2, 1, 20, 3570.43, 25103968, 1082, 2, 0
6670, 92, 742, 1343, 0, 0, 34.56%, 2, 1, 20, 3524.91, 25123864, 1082, 2, 0
6675, 92, 463, 1343, 0, 0, 34.56%, 2, 1, 20, 4174.46, 25144868, 1082, 2, 0
6680, 92, 764, 1343, 0, 0, 34.56%, 2, 1, 20, 4044.44, 25166572, 1082, 2, 0
6685, 92, 763, 1343, 0, 0, 34.56%, 2, 1, 20, 4245.63, 25186179, 1082, 2, 0
6690, 92, 400, 1343, 0, 0, 34.56%, 2, 1, 20, 4632.35, 25204818, 1082, 2, 0
6695, 92, 213, 1343, 0, 0, 34.56%, 2, 1, 20, 4658.67, 25224366, 1082, 2, 0
6700, 92, 832, 1343, 0, 0, 34.56%, 2, 1, 20, 4873.09, 25243512, 1082, 2, 0
6706, 92, 844, 1343, 0, 0, 34.56%, 2, 1, 20, 4789.72, 25264063, 1082, 2, 0
6711, 92, 1139, 1343, 0, 0, 34.56%, 2, 1, 20, 5028.77, 25285533, 1082, 2, 0
6716, 93, 131, 1343, 0, 0, 34.56%, 2, 1, 20, 5082.83, 25305561, 1082, 2, 0
6721, 93, 897, 1343, 0, 0, 34.56%, 2, 1, 20, 473.47, 25324512, 1082, 2, 0
6726, 93, 121, 1343, 0, 0, 34.56%, 2, 1, 20, 4847.99, 25345480, 1082, 2, 0
6731, 93, 899, 1343, 0, 0, 34.56%, 2, 1, 20, 4564.12, 25365928, 1082, 2, 0
6736, 93, 759, 1343, 0, 0, 34.56%, 2, 1, 20, 4079.47, 25385243, 1082, 2, 0
6741, 93, 815, 1343, 0, 0, 34.56%, 2, 1, 20, 362.45, 25403582, 1082, 2, 0
6746, 93, 899, 1343, 0, 0, 34.56%, 2, 1, 20, 4026.97, 25422223, 1082, 2, 0
6751, 93, 168, 1343, 0, 0, 34.56%, 2, 1, 20, 3917.90, 25441296, 1082, 2, 0
6757, 93, 267, 1343, 0, 0, 34.56%, 2, 1, 20, 4061.39, 25460663, 1082, 2, 0
6762, 93, 400, 1343, 0, 0, 34.56%, 2, 1, 20, 5131.19, 25478211, 1082, 2, 0
6767, 93, 906, 1343, 0, 0, 34.56%, 2, 1, 20, 4109.83, 25496963, 1082, 2, 0
6772, 93, 826, 1343, 0, 0, 34.56%, 2, 1, 20, 5184.51, 25517924, 1082, 2, 0
6777, 93, 221, 1343, 0, 0, 34.56%, 2, 1, 20, 5404.69, 25538115, 1082, 2, 0
6782, 93, 948, 1343, 0, 0, 34.56%, 2, 1, 20, 4775.99, 25559488, 1082, 2, 0
6787, 93, 832, 1343, 0, 0, 34.56%, 2, 1, 20, 4848.21, 25579863, 1082, 2, 0
6793, 94, 609, 1343, 0, 0, 34.56%, 2, 1, 20, 4334.71, 25598803, 1082, 2, 0
6798, 94, 512, 1343, 0, 0, 34.56%, 2, 1, 20, 2950.00, 25616009, 1082, 2, 0
6803, 94, 832, 1343, 0, 0, 34.56%, 2, 1, 20, 4061.18, 25635225, 1082, 2, 0
6808, 94, 899, 1343, 0, 0, 34.56%, 2, 1, 20, 4784.84, 25654579, 1082, 2, 0
6813, 94, 899, 1343, 0, 0, 34.56%, 2, 1, 20, 4955.94, 25674982, 1082, 2, 0
6818, 94, 898, 1343, 0, 0, 34.56%, 2, 1, 20, 2837.74, 25692532, 1082, 2, 0
6823, 94, 897, 1343, 0, 0, 34.56%, 2, 1, 20, 4479.80, 25713488, 1082, 2, 0
6828, 94, 4, 1343, 0, 0, 34.56%, 2, 1, 20, 5247.69, 25735444, 1082, 2, 0
6833, 94, 761, 1343, 0, 0, 34.56%, 2, 1, 20, 5180.86, 25757788, 1082, 2, 0
6839, 94, 363, 1343, 0, 0, 34.56%, 2, 1, 20, 4185.72, 25775874, 1082, 2, 0
6844, 94, 349, 1343, 0, 0, 34.56%, 2, 1, 20, 5125.00, 25793794, 1082, 2, 0
6849, 94, 523, 1343, 0, 0, 34.56%, 2, 1, 20, 4348.80, 25814720, 1082, 2, 0
6854, 94, 1023, 1343, 0, 0, 34.56%, 2, 1, 20, 5024.67, 25835307, 1082, 2, 0
6859, 94, 1013, 1343, 0, 0, 34.56%, 2, 1, 20, 4584.07, 25856274, 1082, 2, 0
6864, 95, 898, 1343, 0, 0, 34.56%, 2, 1, 20, 5027.65, 25875028, 1082, 2, 0
6869, 95, 693, 1343, 0, 0, 34.56%, 2, 1, 20, 3629.92, 25895800, 1082, 2, 0
6875, 95, 1023, 1343, 0, 0, 34.56%, 2, 1, 20, 369.37, 25913382, 1082, 2, 0
6880, 95, 1071, 1343, 0, 0, 34.56%, 2, 1, 20, 5148.06, 25933082, 1082, 2, 0
6885, 95, 121, 1343, 0, 0, 34.56%, 2, 1, 20, 5286.48, 25954991, 1082, 2, 0
6890, 95, 85, 1343, 0, 0, 34.56%, 2, 1, 20, 5415.27, 25975204, 1082, 2, 0
6895, 95, 802, 1344, 1, 0, 34.56%, 2, 1, 20, 4645.01, 25994277, 1082, 2, 0
6900, 95, 55, 1344, 1, 0, 34.56%, 2, 1, 20, 5428.15, 26015708, 1082, 2, 0
6905, 95, 696, 1344, 0, 0, 34.56%, 2, 1, 20, 4620.39, 26032682, 1082, 2, 0
6911, 95, 11, 1344, 0, 0, 34.56%, 2, 1, 20, 4305.81, 26052012, 1082, 2, 0
6916, 95, 93, 1344, 0, 0, 34.56%, 2, 1, 20, 4626.14, 26072020, 1082, 2, 0
6921, 95, 685, 1344, 0, 0, 34.56%, 2, 1, 20, 5287.88, 26091809, 1082, 2, 0
6926, 95, 51, 1344, 0, 0, 34.56%, 2, 1, 20, 4512.54, 26112795, 1082, 2, 0
6931, 95, 682, 1344, 0, 0, 34.56%, 2, 1, 20, 3210.81, 26134542, 1082, 2, 0
6936, 96, 992, 1344, 0, 0, 34.56%, 2, 1, 20, 4260.68, 26152658, 1082, 2, 0
6941, 96, 136, 1344, 0, 0, 34.56%, 2, 1, 20, 5351.42, 26171449, 1082, 2, 0
6946, 96, 1298, 1344, 0, 0, 34.56%, 2, 1, 20, 5135.65, 26193242, 1082, 2, 0
6951, 96, 552, 1344, 0, 0, 34.56%, 2, 1, 20, 4614.10, 26214103, 1082, 2, 0
6956, 96, 609, 1344, 0, 0, 34.56%, 2, 1, 20, 4960.01, 26231620, 1082, 2, 0
6961, 96, 561, 1344, 0, 0, 34.56%, 2, 1, 20, 4522.64, 26251547, 1082, 2, 0
6966, 96, 31, 1344, 0, 0, 34.56%, 2, 1, 20, 4951.20, 26271704, 1082, 2, 0
6971, 96, 899, 1344, 0, 0, 34.56%, 2, 1, 20, 4389.66, 26292095, 1082, 2, 0
6977, 96, 898, 1344, 0, 0, 34.56%, 2, 1, 20, 4699.88, 26313113, 1082, 2, 0
6982, 96, 619, 1344, 0, 0, 34.56%, 2, 1, 20, 4812.38, 26332224, 1082, 2, 0
6987, 96, 682, 1344, 0, 0, 34.56%, 2, 1, 20, 3540.60, 26351670, 1082, 2, 0
6992, 96, 888, 1344, 0, 0, 34.56%, 2, 1, 20, 5127.49, 26373461, 1082, 2, 0
6997, 96, 832, 1344, 0, 0, 34.56%, 2, 1, 20, 410.48, 26391008, 1082, 2, 0
7002, 96, 787, 1345, 1, 0, 34.56%, 2, 1, 20, 5053.57, 26410264, 1082, 2, 0
7008, 96, 1344, 1345, 1, 0, 34.56%, 2, 1, 20, 3315.29, 26421837, 1082, 2, 0
7013, 97, 104, 1345, 0, 0, 34.56%, 2, 1, 20, 3721.07, 26439373, 1082, 2, 0
7018, 97, 954, 1345, 0, 0, 34.56%, 2, 1, 20, 1654.47, 26462348, 1082, 2, 0
7023, 97, 844, 1345, 0, 0, 34.56%, 2, 1, 20, 2863.21, 26484681, 1082, 2, 0
7028, 97, 512, 1345, 0, 0, 34.56%, 2, 1, 20, 4453.40, 26504839, 1082, 2, 0
7033, 97, 267, 1345, 0, 0, 34.56%, 2, 1, 20, 367.15, 26523168, 1082, 2, 0
7039, 97, 1139, 1345, 0, 0, 34.56%, 2, 1, 20, 4492.95, 26544806, 1082, 2, 0
7044, 97, 267, 1345, 0, 0, 34.56%, 2, 1, 20, 4942.00, 26567423, 1082, 2, 0
7049, 97, 905, 1345, 0, 0, 34.56%, 2, 1, 20, 4250.05, 26587127, 1082, 2, 0
7054, 97, 526, 1345, 0, 0, 34.56%, 2, 1, 20, 4161.49, 26606442, 1082, 2, 0
7059, 97, 839, 1345, 0, 0, 34.56%, 2, 1, 20, 751.17, 26623897, 1082, 2, 0
7064, 97, 607, 1345, 0, 0, 34.56%, 2, 1, 20, 4603.76, 26642950, 1082, 2, 0
7069, 97, 159, 1345, 0, 0, 34.56%, 2, 1, 20, 5531.40, 26661689, 1082, 2, 0
7074, 97, 761, 1345, 0, 0, 34.56%, 2, 1, 20, 3872.47, 26680694, 1082, 2, 0
7079, 97, 832, 1345, 0, 0, 34.56%, 2, 1, 20, 3937.07, 26699923, 1082, 2, 0
7084, 98, 25, 1345, 0, 0, 34.56%, 2, 1, 20, 4765.87, 26720060, 1082, 2, 0
7090, 98, 136, 1345, 0, 0, 34.56%, 2, 1, 20, 4718.49, 26742052, 1082, 2, 0
7095, 98, 693, 1345, 0, 0, 34.56%, 2, 1, 20, 5223.88, 26759474, 1082, 2, 0
7100, 98, 948, 1345, 0, 0, 34.56%, 2, 1, 20, 3524.58, 26779134, 1082, 2, 0
7105, 98, 813, 1345, 0, 0, 34.56%, 2, 1, 20, 2532.40, 26800862, 1082, 2, 0
7110, 98, 897, 1345, 0, 0, 34.56%, 2, 1, 20, 3565.43, 26820393, 1082, 2, 0
7115, 98, 1064, 1345, 0, 0, 34.56%, 2, 1, 20, 4006.40, 26841021, 1082, 2, 0
7120, 98, 640, 1345, 0, 0, 34.56%, 2, 1, 20, 4120.28, 26862599, 1082, 2, 0
7126, 98, 685, 1345, 0, 0, 34.56%, 2, 1, 20, 4441.44, 26883240, 1082, 2, 0
7131, 98, 1315, 1345, 0, 0, 34.56%, 2, 1, 20, 3749.76, 26903257, 1082, 2, 0
7136, 98, 436, 1345, 0, 0, 34.56%, 2, 1, 20, 4318.95, 26920772, 1082, 2, 0
7141, 98, 602, 1345, 0, 0, 34.56%, 2, 1, 20, 3931.34, 26940986, 1082, 2, 0
7146, 98, 763, 1345, 0, 0, 34.56%, 2, 1, 20, 4847.06, 26961905, 1082, 2, 0
7151, 98, 1019, 1345, 0, 0, 34.56%, 2, 1, 20, 4208.30, 26982684, 1082, 2, 0
7156, 98, 899, 1345, 0, 0, 34.56%, 2, 1, 20, 830.32, 26997677, 1082, 2, 0
7161, 99, 907, 1345, 0, 0, 34.56%, 2, 1, 20, 2848.07, 27018157, 1082, 2, 0
7167, 99, 851, 1345, 0, 0, 34.56%, 2, 1, 20, 3638.78, 27038171, 1082, 2, 0
7172, 99, 242, 1345, 0, 0, 34.56%, 2, 1, 20, 4246.35, 27059189, 1082, 2, 0
7177, 99, 899, 1345, 0, 0, 34.56%, 2, 1, 20, 318.84, 27078605, 1082, 2, 0
7182, 99, 374, 1345, 0, 0, 34.56%, 2, 1, 20, 4335.61, 27096722, 1082, 2, 0
7187, 99, 73, 1345, 0, 0, 34.56%, 2, 1, 20, 4193.72, 27116933, 1082, 2, 0
7192, 99, 158, 1345, 0, 0, 34.56%, 2, 1, 20, 4851.68, 27138460, 1082, 2, 0
7197, 99, 1023, 1345, 0, 0, 34.56%, 2, 1, 20, 4777.63, 27160190, 1082, 2, 0
7202, 99, 844, 1345, 0, 0, 34.56%, 2, 1, 20, 374.41, 27178421, 1082, 2, 0
7208, 99, 406, 1345, 0, 0, 34.56%, 2, 1, 20, 5363.18, 27197285, 1082, 2, 0
7213, 99, 763, 1345, 0, 0, 34.56%, 2, 1, 20, 4687.17, 27217782, 1082, 2, 0
7218, 99, 70, 1345, 0, 0, 34.56%, 2, 1, 20, 4229.26, 27237117, 1082, 2, 0
7223, 99, 1130, 1356, 10, 0, 34.56%, 2, 1, 20, 3665.47, 27252060, 1082, 2, 0
7228, 99, 1352, 1356, 10, 0, 34.56%, 2, 1, 20, 653.25, 27267554, 1082, 2, 0
7233, 99, 1352, 1356, 10, 0, 34.56%, 2, 1, 20, 673.13, 27270503, 1082, 2, 0
7238, 99, 1304, 1356, 8, 0, 34.56%, 2, 1, 20, 2360.27, 27285627, 1082, 2, 0
7243, 100, 1351, 1356, 7, 0, 34.56%, 2, 1, 20, 3769.56, 27302993, 1082, 2, 0
7249, 100, 1351, 1356, 7, 0, 34.56%, 2, 1, 20, 580.96, 27306303, 1082, 2, 0
7254, 100, 898, 1356, 5, 0, 34.56%, 2, 1, 20, 122.03, 27318685, 1082, 2, 0
7259, 100, 851, 1356, 4, 0, 34.56%, 2, 1, 20, 3750.77, 27336955, 1082, 2, 0
7266, 100, 1347, 1356, 4, 0, 34.56%, 2, 1, 20, 4628.45, 27359302, 1082, 2, 0
7272, 100, 1350, 1356, 3, 0, 34.56%, 2, 1, 20, 527.84, 27363804, 1082, 2, 0
7277, 100, 898, 1356, 1, 0, 34.56%, 2, 1, 20, 349.21, 27379859, 1082, 2, 0
7283, 100, 561, 1356, 0, 0, 34.56%, 2, 1, 20, 5141.72, 27399006, 1082, 2, 0
7288, 100, 765, 1356, 0, 0, 34.56%, 2, 1, 20, 4909.48, 27419181, 1082, 2, 0
7293, 100, 91, 1356, 0, 0, 34.56%, 2, 1, 20, 4881.98, 27440288, 1082, 2, 0
7298, 100, 885, 1356, 0, 0, 34.56%, 2, 1, 20, 4299.49, 27456589, 1082, 2, 0
7303, 100, 899, 1357, 1, 0, 34.56%, 2, 1, 20, 4713.60, 27477130, 1082, 2, 0
7308, 100, 1139, 1357, 1, 0, 34.56%, 2, 1, 20, 4460.28, 27498614, 1082, 2, 0
7313, 100, 468, 1357, 0, 0, 34.56%, 2, 1, 20, 4784.62, 27519666, 1082, 2, 0
7319, 100, 111, 1357, 0, 0, 34.56%, 2, 1, 20, 754.44, 27538801, 1082, 2, 0
7324, 100, 526, 1357, 0, 0, 34.56%, 2, 1, 20, 4331.85, 27558269, 1082, 2, 0
7329, 100, 764, 1357, 0, 0, 34.56%, 2, 1, 20, 5715.00, 27578198, 1082, 2, 0
7334, 100, 864, 1357, 0, 0, 34.56%, 2, 1, 20, 2474.99, 27598659, 1082, 2, 0
7339, 100, 1352, 1357, 0, 0, 34.56%, 2, 1, 20, 4611.66, 27617655, 1082, 2, 0
7344, 101, 910, 1357, 0, 0, 34.56%, 2, 1, 20, 4589.03, 27637451, 1082, 2, 0
7349, 101, 742, 1357, 0, 0, 34.56%, 2, 1, 20, 4033.76, 27656778, 1082, 2, 0
7354, 101, 156, 1357, 0, 0, 34.56%, 2, 1, 20, 5175.24, 27676912, 1082, 2, 0
7359, 101, 681, 1357, 0, 0, 34.56%, 2, 1, 20, 4418.19, 27696483, 1082, 2, 0
7364, 101, 143, 1357, 0, 0, 34.56%, 2, 1, 20, 2507.64, 27716209, 1082, 2, 0
7370, 101, 362, 1357, 0, 0, 34.56%, 2, 1, 20, 3647.49, 27736357, 1082, 2, 0
7375, 101, 832, 1357, 0, 0, 34.56%, 2, 1, 20, 5499.25, 27757120, 1082, 2, 0
7380, 101, 552, 1357, 0, 0, 34.56%, 2, 1, 20, 4246.29, 27776637, 1082, 2, 0
7385, 101, 685, 1357, 0, 0, 34.56%, 2, 1, 20, 4602.89, 27796078, 1082, 2, 0
7390, 101, 770, 1357, 0, 0, 34.56%, 2, 1, 20, 3264.56, 27814613, 1082, 2, 0
7396, 101, 335, 1357, 0, 0, 34.56%, 2, 1, 20, 2817.42, 27833494, 1082, 2, 0
7401, 101, 293, 1357, 0, 0, 34.56%, 2, 1, 20, 4239.43, 27851292, 1082, 2, 0
7406, 101, 899, 1357, 0, 0, 34.56%, 2, 1, 20, 805.44, 27869149, 1082, 2, 0
7411, 101, 125, 1357, 0, 0, 34.56%, 2, 1, 20, 4454.52, 27890275, 1082, 2, 0
7416, 101, 607, 1357, 0, 0, 34.56%, 2, 1, 20, 4373.96, 27911220, 1082, 2, 0
7421, 102, 992, 1357, 0, 0, 34.56%, 2, 1, 20, 5130.49, 27931156, 1082, 2, 0
7426, 102, 1071, 1357, 0, 0, 34.56%, 2, 1, 20, 4404.44, 27951255, 1082, 2, 0
7432, 102, 682, 1357, 0, 0, 34.56%, 2, 1, 20, 629.79, 27968577, 1082, 2, 0
7437, 102, 1139, 1357, 0, 0, 34.56%, 2, 1, 20, 5482.56, 27987921, 1082, 2, 0
7442, 102, 158, 1357, 0, 0, 34.56%, 2, 1, 20, 4338.31, 28007054, 1082, 2, 0
7447, 102, 589, 1357, 0, 0, 34.56%, 2, 1, 20, 5110.05, 28025661, 1082, 2, 0
7452, 102, 832, 1357, 0, 0, 34.56%, 2, 1, 20, 3574.81, 28042809, 1082, 2, 0
7457, 102, 457, 1357, 0, 0, 34.56%, 2, 1, 20, 4928.54, 28064725, 1082, 2, 0
7463, 102, 65, 1357, 0, 0, 34.56%, 2, 1, 20, 770.87, 28083035, 1082, 2, 0
7468, 102, 25, 1357, 0, 0, 34.56%, 2, 1, 20, 4429.81, 28103208, 1082, 2, 0
7473, 102, 944, 1357, 0, 0, 34.56%, 2, 1, 20, 4172.07, 28123725, 1082, 2, 0
7478, 102, 344, 1357, 0, 0, 34.56%, 2, 1, 20, 4133.61, 28141983, 1082, 2, 0
7483, 102, 813, 1357, 0, 0, 34.56%, 2, 1, 20, 3695.91, 28159933, 1082, 2, 0
7488, 102, 833, 1357, 0, 0, 34.56%, 2, 1, 20, 4134.10, 28180169, 1082, 2, 0
7494, 102, 527, 1357, 0, 0, 34.56%, 2, 1, 20, 445.22, 28200033, 1082, 2, 0
7499, 103, 527, 1357, 0, 0, 34.56%, 2, 1, 20, 4038.62, 28219280, 1082, 2, 0
7504, 103, 673, 1357, 0, 0, 34.56%, 2, 1, 20, 4127.33, 28238466, 1082, 2, 0
7509, 103, 115, 1357, 0, 0, 34.56%, 2, 1, 20, 2529.40, 28259953, 1082, 2, 0
7514, 103, 315, 1357, 0, 0, 34.56%, 2, 1, 20, 5800.00, 28276925, 1082, 2, 0
7519, 103, 871, 1357, 0, 0, 34.56%, 2, 1, 20, 5480.08, 28298476, 1082, 2, 0
7524, 103, 844, 1357, 0, 0, 34.56%, 2, 1, 20, 4279.08, 28317984, 1082, 2, 0
7529, 103, 1130, 1357, 0, 0, 34.56%, 2, 1, 20, 4997.79, 28337073, 1082, 2, 0
7534, 103, 283, 1357, 0, 0, 34.56%, 2, 1, 20, 3933.39, 28357172, 1082, 2, 0
7539, 103, 795, 1357, 0, 0, 34.56%, 2, 1, 20, 5253.69, 28378215, 1082, 2, 0
7545, 103, 813, 1357, 0, 0, 34.56%, 2, 1, 20, 3791.06, 28397514, 1082, 2, 0
7550, 103, 763, 1357, 0, 0, 34.56%, 2, 1, 20, 4280.00, 28415201, 1082, 2, 0
7555, 103, 978, 1357, 0, 0, 34.56%, 2, 1, 20, 4282.47, 28434738, 1082, 2, 0
7560, 103, 409, 1357, 0, 0, 34.56%, 2, 1, 20, 4171.49, 28453547, 1082, 2, 0
7565, 103, 1184, 1357, 0, 0, 34.56%, 2, 1, 20, 579.77, 28471880, 1082, 2, 0
7570, 104, 985, 1357, 0, 0, 34.56%, 2, 1, 20, 4340.00, 28492550, 1082, 2, 0
7575, 104, 685, 1357, 0, 0, 34.56%, 2, 1, 20, 4742.23, 28511790, 1082, 2, 0
7580, 104, 526, 1357, 0, 0, 34.56%, 2, 1, 20, 4489.37, 28530763, 1082, 2, 0
7585, 104, 512, 1357, 0, 0, 34.56%, 2, 1, 20, 4852.88, 28550674, 1082, 2, 0
7591, 104, 876, 1357, 0, 0, 34.56%, 2, 1, 20, 4294.03, 28572788, 1082, 2, 0
7596, 104, 764, 1357, 0, 0, 34.56%, 2, 1, 20, 3865.18, 28591479, 1082, 2, 0
7601, 104, 693, 1357, 0, 0, 34.56%, 2, 1, 20, 2543.05, 28605916, 1082, 2, 0
7606, 104, 843, 1357, 0, 0, 34.56%, 2, 1, 20, 3565.77, 28624947, 1082, 2, 0
7611, 104, 312, 1357, 0, 0, 34.56%, 2, 1, 20, 4521.53, 28644338, 1082, 2, 0
7616, 104, 1147, 1357, 0, 0, 34.56%, 2, 1, 20, 4753.43, 28664408, 1082, 2, 0
7622, 104, 866, 1357, 0, 0, 34.56%, 2, 1, 20, 4482.18, 28684470, 1082, 2, 0
7627, 104, 501, 1357, 0, 0, 34.56%, 2, 1, 20, 4409.00, 28703640, 1082, 2, 0
7632, 104, 305, 1357, 0, 0, 34.56%, 2, 1, 20, 5022.97, 28722076, 1082, 2, 0
7637, 104, 839, 1357, 0, 0, 34.56%, 2, 1, 20, 4468.60, 28742557, 1082, 2, 0
7642, 104, 68, 1357, 0, 0, 34.56%, 2, 1, 20, 4314.45, 28760689, 1082, 2, 0
7647, 105, 954, 1357, 0, 0, 34.56%, 2, 1, 20, 4671.68, 28780808, 1082, 2, 0
7652, 105, 139, 1357, 0, 0, 34.56%, 2, 1, 20, 4583.72, 28800848, 1082, 2, 0
7657, 105, 1003, 1357, 0, 0, 34.56%, 2, 1, 20, 4342.69, 28819148, 1082, 2, 0
7662, 105, 759, 1357, 0, 0, 34.56%, 2, 1, 20, 4475.70, 28838999, 1082, 2, 0
7667, 105, 392, 1357, 0, 0, 34.56%, 2, 1, 20, 4249.13, 28856665, 1082, 2, 0
7672, 105, 673, 1357, 0, 0, 34.56%, 2, 1, 20, 5208.13, 28876501, 1082, 2, 0
7677, 105, 91, 1357, 0, 0, 34.56%, 2, 1, 20, 519.43, 28894542, 1082, 2, 0
7683, 105, 62, 1357, 0, 0, 34.56%, 2, 1, 20, 5073.17, 28914139, 1082, 2, 0
7688, 105, 372, 1357, 0, 0, 34.56%, 2, 1, 20, 4154.61, 28932408, 1082, 2, 0
7693, 105, 579, 1357, 0, 0, 34.56%, 2, 1, 20, 5529.12, 28954447, 1082, 2, 0
7698, 105, 1155, 1357, 0, 0, 34.56%, 2, 1, 20, 2556.05, 28973685, 1082, 2, 0
7703, 105, 516, 1357, 0, 0, 34.56%, 2, 1, 20, 2557.37, 28992974, 1082, 2, 0
7708, 105, 11, 1357, 0, 0, 34.56%, 2, 1, 20, 1011.87, 29014183, 1082, 2, 0
7713, 105, 796, 1357, 0, 0, 34.56%, 2, 1, 20, 3881.12, 29034457, 1082, 2, 0
7718, 105, 629, 1357, 0, 0, 34.56%, 2, 1, 20, 5404.18, 29053482, 1082, 2, 0
7724, 106, 899, 1357, 0, 0, 34.56%, 2, 1, 20, 501.72, 29071889, 1082, 2, 0
7729, 106, 970, 1357, 0, 0, 34.56%, 2, 1, 20, 4545.20, 29092555, 1082, 2, 0
7734, 106, 506, 1357, 0, 0, 34.56%, 2, 1, 20, 3680.53, 29108902, 1082, 2, 0
7739, 106, 836, 1357, 0, 0, 34.56%, 2, 1, 20, 5166.24, 29129794, 1082, 2, 0
7744, 106, 909, 1357, 0, 0, 34.56%, 2, 1, 20, 4719.02, 29151730, 1082, 2, 0
7749, 106, 647, 1357, 0, 0, 34.56%, 2, 1, 20, 4533.05, 29171935, 1082, 2, 0
7754, 106, 899, 1357, 0, 0, 34.56%, 2, 1, 20, 4162.40, 29188493, 1082, 2, 0
7759, 106, 851, 1357, 0, 0, 34.56%, 2, 1, 20, 2088.58, 29204389, 1082, 2, 0
7764, 106, 607, 1357, 0, 0, 34.56%, 2, 1, 20, 3153.49, 29224053, 1082, 2, 0
7769, 106, 729, 1357, 0, 0, 34.56%, 2, 1, 20, 5081.82, 29243404, 1082, 2, 0
7775, 106, 1130, 1357, 0, 0, 34.56%, 2, 1, 20, 323.19, 29262614, 1082, 2, 0
7780, 106, 345, 1357, 0, 0, 34.56%, 2, 1, 20, 5238.18, 29284182, 1082, 2, 0
7785, 106, 349, 1357, 0, 0, 34.56%, 2, 1, 20, 4045.92, 29302784, 1082, 2, 0
7790, 106, 741, 1357, 0, 0, 34.56%, 2, 1, 20, 4474.70, 29321318, 1082, 2, 0
7795, 106, 242, 1357, 0, 0, 34.56%, 2, 1, 20, 4080.06, 29340033, 1082, 2, 0
7800, 107, 463, 1357, 0, 0, 34.56%, 2, 1, 20, 4320.79, 29361512, 1082, 2, 0
7805, 107, 762, 1357, 0, 0, 34.56%, 2, 1, 20, 5061.57, 29381214, 1082, 2, 0
7810, 107, 943, 1357, 0, 0, 34.56%, 2, 1, 20, 285.14, 29399671, 1082, 2, 0
7816, 107, 897, 1357, 0, 0, 34.56%, 2, 1, 20, 3511.95, 29415917, 1082, 2, 0
7821, 107, 833, 1357, 0, 0, 34.56%, 2, 1, 20, 4349.93, 29431110, 1082, 2, 0
7826, 107, 899, 1357, 0, 0, 34.56%, 2, 1, 20, 4907.78, 29450106, 1082, 2, 0
7831, 107, 1085, 1357, 0, 0, 34.56%, 2, 1, 20, 1943.31, 29467578, 1082, 2, 0
7836, 107, 139, 1357, 0, 0, 34.56%, 2, 1, 20, 4488.20, 29486156, 1082, 2, 0
7841, 107, 898, 1357, 0, 0, 34.56%, 2, 1, 20, 205.94, 29502712, 1082, 2, 0
7846, 107, 898, 1357, 0, 0, 34.56%, 2, 1, 20, 1511.36, 29520037, 1082, 2, 0
7851, 107, 78, 1357, 0, 0, 34.56%, 2, 1, 20, 4979.16, 29542148, 1082, 2, 0
7856, 107, 579, 1357, 0, 0, 34.56%, 2, 1, 20, 4621.80, 29563126, 1082, 2, 0
7862, 107, 684, 1357, 0, 0, 34.56%, 2, 1, 20, 4053.17, 29582372, 1082, 2, 0
7867, 107, 1356, 1357, 0, 0, 34.56%, 2, 1, 20, 3053.18, 29601613, 1082, 2, 0
7872, 107, 759, 1357, 0, 0, 34.56%, 2, 1, 20, 4904.29, 29622669, 1082, 2, 0
7877, 107, 589, 1357, 0, 0, 34.56%, 2, 1, 20, 2965.89, 29643044, 1082, 2, 0
7882, 108, 823, 1357, 0, 0, 34.56%, 2, 1, 20, 3961.10, 29660115, 1082, 2, 0
7887, 108, 962, 1357, 0, 0, 34.56%, 2, 1, 20, 5250.00, 29676644, 1082, 2, 0
7892, 108, 832, 1357, 0, 0, 34.56%, 2, 1, 20, 4211.18, 29697322, 1082, 2, 0
7897, 108, 676, 1357, 0, 0, 34.56%, 2, 1, 20, 3512.64, 29715046, 1082, 2, 0
7902, 108, 136, 1357, 0, 0, 34.56%, 2, 1, 20, 412.37, 29732508, 1082, 2, 0
7908, 108, 180, 1357, 0, 0, 34.56%, 2, 1, 20, 5253.88, 29749818, 1082, 2, 0
7913, 108, 795, 1357, 0, 0, 34.56%, 2, 1, 20, 4563.57, 29771333, 1082, 2, 0
7918, 108, 880, 1357, 0, 0, 34.56%, 2, 1, 20, 4712.56, 29788454, 1082, 2, 0
7923, 108, 91, 1357, 0, 0, 34.56%, 2, 1, 20, 4556.56, 29806830, 1082, 2, 0
7928, 108, 906, 1358, 1, 0, 34.56%, 2, 1, 20, 3940.23, 29826116, 1082, 2, 0
7933, 108, 1357, 1358, 1, 0, 34.56%, 2, 1, 20, 2122.55, 29843742, 1082, 2, 0
7938, 108, 899, 1358, 0, 0, 34.56%, 2, 1, 20, 4455.94, 29853593, 1082, 2, 0
7943, 108, 899, 1358, 0, 0, 34.56%, 2, 1, 20, 4467.16, 29871491, 1082, 2, 0
7949, 108, 899, 1358, 0, 0, 34.56%, 2, 1, 20, 4207.52, 29890398, 1082, 2, 0
7954, 108, 741, 1358, 0, 0, 34.56%, 2, 1, 20, 3967.51, 29909685, 1082, 2, 0
7959, 109, 121, 1358, 0, 0, 34.56%, 2, 1, 20, 3712.89, 29930478, 1082, 2, 0
7964, 109, 133, 1358, 0, 0, 34.56%, 2, 1, 20, 4186.91, 29950712, 1082, 2, 0
7970, 109, 899, 1358, 0, 0, 34.56%, 2, 1, 20, 376.52, 29970451, 1082, 2, 0
7975, 109, 899, 1358, 0, 0, 34.56%, 2, 1, 20, 2268.34, 29990875, 1082, 2, 0
7980, 109, 93, 1358, 0, 0, 34.56%, 2, 1, 20, 4719.17, 30009837, 1082, 2, 0
7985, 109, 992, 1358, 0, 0, 34.56%, 2, 1, 20, 4020.99, 30029939, 1082, 2, 0
7990, 109, 844, 1358, 0, 0, 34.56%, 2, 1, 20, 4618.70, 30050884, 1082, 2, 0
7996, 109, 242, 1358, 0, 0, 34.56%, 2, 1, 20, 5267.80, 30072273, 1082, 2, 0
8001, 109, 895, 1359, 1, 0, 34.56%, 2, 1, 20, 4740.93, 30091608, 1082, 2, 0
8006, 109, 83, 1359, 1, 0, 34.56%, 2, 1, 20, 4293.70, 30112542, 1082, 2, 0
8011, 109, 744, 1359, 0, 0, 34.56%, 2, 1, 20, 4936.52, 30134271, 1082, 2, 0
8016, 109, 84, 1359, 0, 0, 34.56%, 2, 1, 20, 2236.69, 30153486, 1082, 2, 0
8021, 109, 1340, 1359, 0, 0, 34.56%, 2, 1, 20, 4169.91, 30173603, 1082, 2, 0
8026, 109, 899, 1359, 0, 0, 34.56%, 2, 1, 20, 3655.13, 30193163, 1082, 2, 0
8031, 109, 782, 1359, 0, 0, 34.56%, 2, 1, 20, 4029.22, 30211218, 1082, 2, 0
8036, 110, 902, 1359, 0, 0, 34.56%, 2, 1, 20, 4489.94, 30232601, 1082, 2, 0
8042, 110, 733, 1359, 0, 0, 34.56%, 2, 1, 20, 4473.53, 30253895, 1082, 2, 0
8047, 110, 899, 1359, 0, 0, 34.56%, 2, 1, 20, 944.69, 30272502, 1082, 2, 0
8052, 110, 813, 1359, 0, 0, 34.56%, 2, 1, 20, 4950.16, 30291428, 1082, 2, 0
8057, 110, 954, 1359, 0, 0, 34.56%, 2, 1, 20, 4283.89, 30308942, 1082, 2, 0
8062, 110, 357, 1359, 0, 0, 34.56%, 2, 1, 20, 4760.42, 30328002, 1082, 2, 0
8067, 110, 272, 1359, 0, 0, 34.56%, 2, 1, 20, 4416.67, 30345287, 1082, 2, 0
8072, 110, 764, 1359, 0, 0, 34.56%, 2, 1, 20, 4326.18, 30363531, 1082, 2, 0
8078, 110, 813, 1359, 0, 0, 34.56%, 2, 1, 20, 4681.19, 30384564, 1082, 2, 0
8083, 110, 131, 1359, 0, 0, 34.56%, 2, 1, 20, 3527.38, 30405536, 1082, 2, 0
8088, 110, 832, 1359, 0, 0, 34.56%, 2, 1, 20, 4978.25, 30425817, 1082, 2, 0
8093, 110, 1013, 1360, 1, 0, 34.56%, 2, 1, 20, 5092.52, 30445172, 1082, 2, 0
8098, 110, 63, 1360, 1, 0, 34.56%, 2, 1, 20, 4722.99, 30464825, 1082, 2, 0
8103, 110, 1352, 1361, 2, 0, 34.56%, 2, 1, 20, 803.88, 30480629, 1082, 2, 0
8108, 110, 241, 1361, 2, 0, 34.56%, 2, 1, 20, 4622.39, 30499917, 1082, 2, 0
8113, 111, 1359, 1361, 2, 0, 34.56%, 2, 1, 20, 3684.44, 30515511, 1082, 2, 0
8118, 111, 97, 1362, 2, 0, 34.56%, 2, 1, 20, 3949.26, 30526345, 1082, 2, 0
8123, 111, 1361, 1362, 2, 0, 34.56%, 2, 1, 20, 1970.30, 30540112, 1082, 2, 0
8128, 111, 178, 1362, 1, 0, 34.56%, 2, 1, 20, 2292.00, 30548906, 1082, 2, 0
8133, 111, 713, 1362, 1, 0, 34.56%, 2, 1, 20, 4927.77, 30568937, 1082, 2, 0
8138, 111, 5, 1362, 1, 0, 34.56%, 2, 1, 20, 394.96, 30587937, 1082, 2, 0
8144, 111, 1064, 1362, 1, 0, 34.56%, 2, 1, 20, 3768.14, 30607493, 1082, 2, 0
8149, 111, 851, 1362, 1, 0, 34.56%, 2, 1, 20, 4731.37, 30627743, 1082, 2, 0
8154, 111, 826, 1362, 1, 0, 34.56%, 2, 1, 20, 5219.72, 30644412, 1082, 2, 0
8159, 111, 25, 1362, 1, 0, 34.56%, 2, 1, 20, 4173.62, 30662385, 1082, 2, 0
8164, 111, 859, 1362, 1, 0, 34.56%, 2, 1, 20, 457.06, 30680728, 1082, 2, 0
8169, 111, 858, 1362, 1, 0, 34.56%, 2, 1, 20, 3457.74, 30702159, 1082, 2, 0
8174, 111, 526, 1362, 1, 0, 34.56%, 2, 1, 20, 5452.42, 30724512, 1082, 2, 0
8179, 111, 694, 1362, 1, 0, 34.56%, 2, 1, 20, 4330.88, 30743610, 1082, 2, 0
8184, 111, 729, 1362, 1, 0, 34.56%, 2, 1, 20, 383.72, 30758108, 1082, 2, 0
8190, 111, 954, 1362, 1, 0, 34.56%, 2, 1, 20, 4031.82, 30777368, 1082, 2, 0
8195, 111, 512, 1362, 1, 0, 34.56%, 2, 1, 20, 4265.23, 30798839, 1082, 2, 0
8200, 112, 1359, 1362, 0, 0, 34.56%, 2, 1, 20, 2257.10, 30813996, 1082, 2, 0
8205, 112, 899, 1362, 0, 0, 34.56%, 2, 1, 20, 4533.03, 30831655, 1082, 2, 0
8210, 112, 1033, 1362, 0, 0, 34.56%, 2, 1, 20, 4181.12, 30852173, 1082, 2, 0
8215, 112, 898, 1362, 0, 0, 34.56%, 2, 1, 20, 3575.33, 30871393, 1082, 2, 0
8220, 112, 744, 1362, 0, 0, 34.56%, 2, 1, 20, 4459.14, 30890889, 1082, 2, 0
8225, 112, 1276, 1362, 0, 0, 34.56%, 2, 1, 20, 4664.21, 30911030, 1082, 2, 0
8230, 112, 421, 1362, 0, 0, 34.56%, 2, 1, 20, 4185.19, 30929945, 1082, 2, 0
8236, 112, 357, 1362, 0, 0, 34.56%, 2, 1, 20, 4355.63, 30950440, 1082, 2, 0
8241, 112, 1186, 1362, 0, 0, 34.56%, 2, 1, 20, 4643.51, 30969526, 1082, 2, 0
8246, 112, 296, 1362, 0, 0, 34.56%, 2, 1, 20, 5364.06, 30989490, 1082, 2, 0
8251, 112, 1362, 1363, 1, 0, 34.56%, 2, 1, 20, 4482.35, 31009881, 1082, 2, 0
8256, 112, 898, 1363, 0, 0, 34.56%, 2, 1, 20, 102.65, 31028502, 1082, 2, 0
8261, 112, 1286, 1363, 0, 0, 34.56%, 2, 1, 20, 4884.31, 31049024, 1082, 2, 0
8267, 112, 1230, 1363, 0, 0, 34.56%, 2, 1, 20, 3368.82, 31066882, 1082, 2, 0
8272, 112, 1035, 1363, 0, 0, 34.56%, 2, 1, 20, 4658.89, 31086149, 1082, 2, 0
8277, 113, 741, 1363, 0, 0, 34.56%, 2, 1, 20, 5531.05, 31108033, 1082, 2, 0
8282, 113, 11, 1363, 0, 0, 34.56%, 2, 1, 20, 3947.69, 31127168, 1082, 2, 0
8287, 113, 613, 1363, 0, 0, 34.56%, 2, 1, 20, 4130.05, 31146805, 1082, 2, 0
8293, 113, 1351, 1363, 0, 0, 34.56%, 2, 1, 20, 4697.43, 31165222, 1082, 2, 0
8298, 113, 589, 1363, 0, 0, 34.56%, 2, 1, 20, 4033.13, 31185033, 1082, 2, 0
8303, 113, 608, 1363, 0, 0, 34.56%, 2, 1, 20, 4794.23, 31203066, 1082, 2, 0
8308, 113, 293, 1363, 0, 0, 34.56%, 2, 1, 20, 5334.46, 31223182, 1082, 2, 0
8313, 113, 97, 1363, 0, 0, 34.56%, 2, 1, 20, 4465.12, 31243274, 1082, 2, 0
8318, 113, 213, 1363, 0, 0, 34.56%, 2, 1, 20, 2423.13, 31261003, 1082, 2, 0
8323, 113, 112, 1363, 0, 0, 34.56%, 2, 1, 20, 5089.12, 31283404, 1082, 2, 0
8328, 113, 844, 1364, 1, 0, 34.56%, 2, 1, 20, 1441.10, 31302288, 1082, 2, 0
8333, 113, 899, 1364, 1, 0, 34.56%, 2, 1, 20, 3201.51, 31322121, 1082, 2, 0
8339, 113, 552, 1364, 1, 0, 34.56%, 2, 1, 20, 5100.27, 31340719, 1082, 2, 0
8344, 113, 213, 1364, 1, 0, 34.56%, 2, 1, 20, 3533.80, 31358907, 1082, 2, 0
8349, 113, 1113, 1364, 1, 0, 34.56%, 2, 1, 20, 4685.07, 31379592, 1082, 2, 0
8354, 114, 832, 1364, 1, 0, 34.56%, 2, 1, 20, 3445.00, 31397714, 1082, 2, 0
8359, 114, 764, 1364, 1, 0, 34.56%, 2, 1, 20, 5128.06, 31417724, 1082, 2, 0
8364, 114, 852, 1364, 1, 0, 34.56%, 2, 1, 20, 4649.46, 31437305, 1082, 2, 0
8369, 114, 896, 1364, 1, 0, 34.56%, 2, 1, 20, 3241.99, 31455814, 1082, 2, 0
8374, 114, 753, 1364, 1, 0, 34.56%, 2, 1, 20, 4932.44, 31476028, 1082, 2, 0
8379, 114, 763, 1364, 1, 0, 34.56%, 2, 1, 20, 325.20, 31493441, 1082, 2, 0
8385, 114, 761, 1364, 1, 0, 34.56%, 2, 1, 20, 5067.84, 31514377, 1082, 2, 0
8390, 114, 121, 1364, 1, 0, 34.56%, 2, 1, 20, 4616.56, 31534675, 1082, 2, 0
8395, 114, 1332, 1364, 1, 0, 34.56%, 2, 1, 20, 4465.46, 31555386, 1082, 2, 0
8400, 114, 512, 1364, 1, 0, 34.56%, 2, 1, 20, 5091.92, 31576978, 1082, 2, 0
8405, 114, 899, 1364, 1, 0, 34.56%, 2, 1, 20, 307.69, 31595000, 1082, 2, 0
8410, 114, 1073, 1364, 1, 0, 34.56%, 2, 1, 20, 5600.00, 31615494, 1082, 2, 0
8415, 114, 158, 1364, 1, 0, 34.56%, 2, 1, 20, 3062.64, 31635423, 1082, 2, 0
8422, 114, 1364, 1385, 22, 0, 34.56%, 2, 1, 20, 3322.65, 31657826, 1082, 2, 0
8427, 114, 400, 1385, 19, 0, 34.56%, 2, 1, 20, 1978.23, 31670418, 1082, 2, 0
8433, 114, 1384, 1385, 18, 0, 34.56%, 2, 1, 20, 2582.07, 31686755, 1082, 2, 0
8440, 114, 1377, 1385, 16, 0, 34.56%, 2, 1, 20, 3003.27, 31704460, 1082, 2, 0
8445, 114, 1370, 1385, 14, 0, 34.56%, 2, 1, 20, 3373.56, 31720128, 1082, 2, 0
8451, 115, 1365, 1385, 13, 0, 34.56%, 2, 1, 20, 3490.87, 31742153, 1082, 2, 0
8456, 115, 721, 1385, 12, 0, 34.56%, 2, 1, 20, 1671.44, 31760561, 1082, 2, 0
8461, 115, 1380, 1385, 12, 0, 34.56%, 2, 1, 20, 358.81, 31766889, 1082, 2, 0
8467, 115, 1374, 1385, 11, 0, 34.56%, 2, 1, 20, 3915.92, 31789247, 1082, 2, 0
8474, 115, 1376, 1385, 10, 0, 34.56%, 2, 1, 20, 3497.81, 31809735, 1082, 2, 0
8479, 115, 612, 1385, 8, 0, 34.56%, 2, 1, 20, 3791.18, 31825682, 1082, 2, 0
8484, 115, 1371, 1385, 8, 0, 34.56%, 2, 1, 20, 3316.98, 31839931, 1082, 2, 0
8490, 115, 1379, 1385, 7, 0, 34.56%, 2, 1, 20, 4611.66, 31856065, 1082, 2, 0
8495, 115, 552, 1385, 5, 0, 34.56%, 2, 1, 20, 5389.91, 31871947, 1082, 2, 0
8500, 115, 93, 1385, 4, 0, 34.56%, 2, 1, 20, 3473.81, 31886283, 1082, 2, 0
8505, 115, 85, 1385, 4, 0, 34.56%, 2, 1, 20, 4468.97, 31905987, 1082, 2, 0
8510, 115, 1373, 1385, 4, 0, 34.56%, 2, 1, 20, 4138.22, 31921350, 1082, 2, 0
8515, 115, 685, 1385, 2, 0, 34.56%, 2, 1, 20, 4648.23, 31936597, 1082, 2, 0
8521, 115, 1375, 1385, 2, 0, 34.56%, 2, 1, 20, 4369.79, 31953831, 1082, 2, 0
8526, 115, 91, 1385, 1, 0, 34.56%, 2, 1, 20, 423.33, 31970834, 1082, 2, 0
8531, 115, 100, 1385, 1, 0, 34.56%, 2, 1, 20, 4820.18, 31991216, 1082, 2, 0
8536, 115, 764, 1385, 1, 0, 34.56%, 2, 1, 20, 4977.50, 32011314, 1082, 2, 0
8541, 115, 953, 1385, 1, 0, 34.56%, 2, 1, 20, 4258.27, 32030311, 1082, 2, 0
8546, 115, 524, 1385, 1, 0, 34.56%, 2, 1, 20, 4876.76, 32051849, 1082, 2, 0
8551, 115, 512, 1385, 1, 0, 34.56%, 2, 1, 20, 5004.36, 32072268, 1082, 2, 0
8556, 116, 4, 1385, 1, 0, 34.56%, 2, 1, 20, 4606.99, 32091351, 1082, 2, 0
8562, 116, 898, 1385, 1, 0, 34.56%, 2, 1, 20, 783.93, 32112538, 1082, 2, 0
8567, 116, 242, 1385, 1, 0, 34.56%, 2, 1, 20, 5550.07, 32131035, 1082, 2, 0
8572, 116, 242, 1385, 1, 0, 34.56%, 2, 1, 20, 3828.48, 32151525, 1082, 2, 0
8577, 116, 37, 1385, 1, 0, 34.56%, 2, 1, 20, 5396.84, 32171619, 1082, 2, 0
8583, 116, 1382, 1385, 1, 0, 34.56%, 2, 1, 20, 904.79, 32189117, 1082, 2, 0
8588, 116, 844, 1385, 0, 0, 34.56%, 2, 1, 20, 4950.27, 32209115, 1082, 2, 0
8593, 116, 5, 1385, 0, 0, 34.56%, 2, 1, 20, 4482.72, 32230228, 1082, 2, 0
8598, 116, 673, 1385, 0, 0, 34.56%, 2, 1, 20, 4409.75, 32249497, 1082, 2, 0
8604, 116, 844, 1385, 0, 0, 34.56%, 2, 1, 20, 3743.73, 32267025, 1082, 2, 0
8609, 116, 482, 1385, 0, 0, 34.56%, 2, 1, 20, 4336.27, 32286378, 1082, 2, 0
8614, 116, 611, 1385, 0, 0, 34.56%, 2, 1, 20, 4355.39, 32305743, 1082, 2, 0
8619, 116, 63, 1385, 0, 0, 34.56%, 2, 1, 20, 4210.04, 32324183, 1082, 2, 0
8624, 116, 764, 1385, 0, 0, 34.56%, 2, 1, 20, 2205.73, 32344387, 1082, 2, 0
8629, 116, 1101, 1385, 0, 0, 34.56%, 2, 1, 20, 3818.68, 32363480, 1082, 2, 0
8635, 116, 1139, 1385, 0, 0, 34.56%, 2, 1, 20, 3695.10, 32381377, 1082, 2, 0
8640, 117, 796, 1385, 0, 0, 34.56%, 2, 1, 20, 5275.54, 32401907, 1082, 2, 0
8645, 117, 125, 1385, 0, 0, 34.56%, 2, 1, 20, 5425.00, 32422747, 1082, 2, 0
8650, 117, 1160, 1385, 0, 0, 34.56%, 2, 1, 20, 5260.90, 32444754, 1082, 2, 0
8655, 117, 60, 1385, 0, 0, 34.56%, 2, 1, 20, 4096.18, 32462619, 1082, 2, 0
8660, 117, 109, 1385, 0, 0, 34.56%, 2, 1, 20, 4453.38, 32484192, 1082, 2, 0
8665, 117, 1139, 1385, 0, 0, 34.56%, 2, 1, 20, 3626.70, 32504979, 1082, 2, 0
8670, 117, 702, 1385, 0, 0, 34.56%, 2, 1, 20, 957.56, 32523755, 1082, 2, 0
8675, 117, 668, 1385, 0, 0, 34.56%, 2, 1, 20, 4983.86, 32542857, 1082, 2, 0
8680, 117, 1304, 1385, 0, 0, 34.56%, 2, 1, 20, 4258.37, 32560718, 1082, 2, 0
8686, 117, 1277, 1385, 0, 0, 34.56%, 2, 1, 20, 3827.92, 32580153, 1082, 2, 0
8691, 117, 899, 1385, 0, 0, 34.56%, 2, 1, 20, 4461.46, 32599338, 1082, 2, 0
8696, 117, 882, 1385, 0, 0, 34.56%, 2, 1, 20, 633.62, 32617842, 1082, 2, 0
8701, 117, 826, 1385, 0, 0, 34.56%, 2, 1, 20, 2653.80, 32635955, 1082, 2, 0
8706, 117, 122, 1385, 0, 0, 34.56%, 2, 1, 20, 4815.26, 32656470, 1082, 2, 0
8711, 118, 50, 1385, 0, 0, 34.56%, 2, 1, 20, 2596.65, 32678071, 1082, 2, 0
8716, 118, 721, 1385, 0, 0, 34.56%, 2, 1, 20, 2349.81, 32698023, 1082, 2, 0
8722, 118, 899, 1385, 0, 0, 34.56%, 2, 1, 20, 5024.06, 32718602, 1082, 2, 0
8727, 118, 763, 1385, 0, 0, 34.56%, 2, 1, 20, 4875.87, 32736826, 1082, 2, 0
8732, 118, 592, 1385, 0, 0, 34.56%, 2, 1, 20, 4757.53, 32756164, 1082, 2, 0
8737, 118, 682, 1385, 0, 0, 34.56%, 2, 1, 20, 5254.93, 32777684, 1082, 2, 0
8742, 118, 813, 1385, 0, 0, 34.56%, 2, 1, 20, 4727.99, 32796385, 1082, 2, 0
8747, 118, 844, 1385, 0, 0, 34.56%, 2, 1, 20, 4775.00, 32816508, 1082, 2, 0
8752, 118, 635, 1385, 0, 0, 34.56%, 2, 1, 20, 3187.23, 32836842, 1082, 2, 0
8758, 118, 608, 1385, 0, 0, 34.56%, 2, 1, 20, 4346.87, 32855961, 1082, 2, 0
8763, 118, 832, 1385, 0, 0, 34.56%, 2, 1, 20, 867.68, 32872460, 1082, 2, 0
8768, 118, 603, 1385, 0, 0, 34.56%, 2, 1, 20, 3705.86, 32890679, 1082, 2, 0
8773, 118, 110, 1385, 0, 0, 34.56%, 2, 1, 20, 5141.11, 32910286, 1082, 2, 0
8778, 118, 552, 1385, 0, 0, 34.56%, 2, 1, 20, 5220.26, 32928531, 1082, 2, 0
8783, 118, 1377, 1385, 0, 0, 34.56%, 2, 1, 20, 4868.44, 32949499, 1082, 2, 0
8788, 118, 513, 1385, 0, 0, 34.56%, 2, 1, 20, 4444.26, 32963794, 1082, 2, 0
8793, 119, 761, 1385, 0, 0, 34.56%, 2, 1, 20, 4734.33, 32983907, 1082, 2, 0
8798, 119, 449, 1385, 0, 0, 34.56%, 2, 1, 20, 5313.53, 33006054, 1082, 2, 0
8803, 119, 761, 1385, 0, 0, 34.56%, 2, 1, 20, 1643.89, 33024048, 1082, 2, 0
8808, 119, 1374, 1385, 0, 0, 34.56%, 2, 1, 20, 4926.55, 33045164, 1082, 2, 0
8813, 119, 902, 1385, 0, 0, 34.56%, 2, 1, 20, 4342.62, 33064853, 1082, 2, 0
8819, 119, 1107, 1385, 0, 0, 34.56%, 2, 1, 20, 3942.36, 33081954, 1082, 2, 0
8824, 119, 1361, 1385, 0, 0, 34.56%, 2, 1, 20, 1054.03, 33101332, 1082, 2, 0
8829, 119, 120, 1385, 0, 0, 34.56%, 2, 1, 20, 4454.68, 33120803, 1082, 2, 0
8834, 119, 682, 1385, 0, 0, 34.56%, 2, 1, 20, 5160.75, 33139315, 1082, 2, 0
8839, 119, 1057, 1385, 0, 0, 34.56%, 2, 1, 20, 5525.00, 33157592, 1082, 2, 0
8844, 119, 898, 1385, 0, 0, 34.56%, 2, 1, 20, 4160.34, 33177031, 1082, 2, 0
8849, 119, 326, 1385, 0, 0, 34.56%, 2, 1, 20, 3385.33, 33196590, 1082, 2, 0
8854, 119, 758, 1386, 1, 0, 34.56%, 2, 1, 20, 4679.74, 33214678, 1082, 2, 0
8860, 119, 707, 1386, 1, 0, 34.56%, 2, 1, 20, 4941.20, 33233595, 1082, 2, 0
8865, 119, 136, 1386, 1, 0, 34.56%, 2, 1, 20, 4527.75, 33254409, 1082, 2, 0
8870, 120, 682, 1386, 1, 0, 34.56%, 2, 1, 20, 5096.90, 33274403, 1082, 2, 0
8875, 120, 898, 1387, 1, 0, 34.56%, 2, 1, 20, 1476.15, 33283545, 1082, 2, 0
8882, 120, 1386, 1387, 1, 0, 34.56%, 2, 1, 20, 1360.72, 33295752, 1082, 2, 0
8887, 120, 242, 1387, 0, 0, 34.56%, 2, 1, 20, 4826.72, 33314576, 1082, 2, 0
8892, 120, 899, 1387, 0, 0, 34.56%, 2, 1, 20, 59.10, 33331261, 1082, 2, 0
8897, 120, 151, 1387, 0, 0, 34.56%, 2, 1, 20, 4784.37, 33350417, 1082, 2, 0
8902, 120, 165, 1387, 0, 0, 34.56%, 2, 1, 20, 4506.10, 33369487, 1082, 2, 0
8907, 120, 392, 1387, 0, 0, 34.56%, 2, 1, 20, 4544.97, 33388178, 1082, 2, 0
8912, 120, 787, 1387, 0, 0, 34.56%, 2, 1, 20, 5304.77, 33407208, 1082, 2, 0
8917, 120, 899, 1387, 0, 0, 34.56%, 2, 1, 20, 4526.88, 33426970, 1082, 2, 0
8923, 120, 700, 1387, 0, 0, 34.56%, 2, 1, 20, 5580.00, 33444245, 1082, 2, 0
8928, 120, 761, 1387, 0, 0, 34.56%, 2, 1, 20, 4427.59, 33464850, 1082, 2, 0
8933, 120, 759, 1387, 0, 0, 34.56%, 2, 1, 20, 3899.89, 33484334, 1082, 2, 0
8938, 120, 813, 1387, 0, 0, 34.56%, 2, 1, 20, 4257.95, 33503850, 1082, 2, 0
8943, 120, 107, 1387, 0, 0, 34.56%, 2, 1, 20, 5451.90, 33522280, 1082, 2, 0
8948, 120, 759, 1387, 0, 0, 34.56%, 2, 1, 20, 4349.58, 33542416, 1082, 2, 0
8954, 120, 271, 1388, 1, 0, 34.56%, 2, 1, 20, 369.05, 33557822, 1082, 2, 0
8959, 121, 1387, 1389, 2, 0, 34.56%, 2, 1, 20, 3883.18, 33573903, 1082, 2, 0
8965, 121, 1388, 1389, 1, 0, 34.56%, 2, 1, 20, 4721.54, 33591694, 1082, 2, 0
8970, 121, 15, 1389, 0, 0, 34.56%, 2, 1, 20, 5103.67, 33612329, 1082, 2, 0
8975, 121, 1139, 1389, 0, 0, 34.56%, 2, 1, 20, 490.52, 33630298, 1082, 2, 0
8980, 121, 1168, 1389, 0, 0, 34.56%, 2, 1, 20, 2474.26, 33649248, 1082, 2, 0
8985, 121, 764, 1389, 0, 0, 34.56%, 2, 1, 20, 3577.71, 33666774, 1082, 2, 0
8991, 121, 965, 1389, 0, 0, 34.56%, 2, 1, 20, 4842.28, 33688062, 1082, 2, 0
8996, 121, 413, 1389, 0, 0, 34.56%, 2, 1, 20, 2716.19, 33705190, 1082, 2, 0
9001, 121, 1364, 1389, 0, 0, 34.56%, 2, 1, 20, 3884.49, 33725483, 1082, 2, 0
9006, 121, 876, 1389, 0, 0, 34.56%, 2, 1, 20, 4028.03, 33743757, 1082, 2, 0
9011, 121, 1019, 1389, 0, 0, 34.56%, 2, 1, 20, 5090.32, 33764346, 1082, 2, 0
9016, 121, 242, 1389, 0, 0, 34.56%, 2, 1, 20, 776.40, 33783758, 1082, 2, 0
9021, 121, 159, 1389, 0, 0, 34.56%, 2, 1, 20, 4788.63, 33805231, 1082, 2, 0
9027, 121, 561, 1389, 0, 0, 34.56%, 2, 1, 20, 5120.92, 33825857, 1082, 2, 0
9032, 121, 1230, 1389, 0, 0, 34.56%, 2, 1, 20, 4471.47, 33845550, 1082, 2, 0
9037, 122, 115, 1389, 0, 0, 34.56%, 2, 1, 20, 4929.63, 33864338, 1082, 2, 0
9042, 122, 412, 1389, 0, 0, 34.56%, 2, 1, 20, 5064.69, 33884628, 1082, 2, 0
9047, 122, 899, 1389, 0, 0, 34.56%, 2, 1, 20, 4110.27, 33901996, 1082, 2, 0
9052, 122, 125, 1389, 0, 0, 34.56%, 2, 1, 20, 4055.51, 33922125, 1082, 2, 0
9058, 122, 764, 1389, 0, 0, 34.56%, 2, 1, 20, 3331.30, 33940692, 1082, 2, 0
9063, 122, 552, 1389, 0, 0, 34.56%, 2, 1, 20, 5437.75, 33960793, 1082, 2, 0
9068, 122, 906, 1389, 0, 0, 34.56%, 2, 1, 20, 2510.74, 33982181, 1082, 2, 0
9073, 122, 267, 1389, 0, 0, 34.56%, 2, 1, 20, 45.05, 34000282, 1082, 2, 0
9078, 122, 1154, 1389, 0, 0, 34.56%, 2, 1, 20, 4657.88, 34019552, 1082, 2, 0
9083, 122, 400, 1389, 0, 0, 34.56%, 2, 1, 20, 4428.25, 34038203, 1082, 2, 0
9088, 122, 59, 1389, 0, 0, 34.56%, 2, 1, 20, 414.81, 34056682, 1082, 2, 0
9094, 122, 7, 1389, 0, 0, 34.56%, 2, 1, 20, 3626.85, 34076808, 1082, 2, 0
9099, 122, 273, 1389, 0, 0, 34.56%, 2, 1, 20, 4989.72, 34097398, 1082, 2, 0
9104, 122, 898, 1389, 0, 0, 34.56%, 2, 1, 20, 4670.55, 34115341, 1082, 2, 0
9109, 122, 1304, 1389, 0, 0, 34.56%, 2, 1, 20, 4913.37, 34134697, 1082, 2, 0
9114, 123, 1305, 1389, 0, 0, 34.56%, 2, 1, 20, 405.10, 34154399, 1082, 2, 0
9119, 123, 862, 1389, 0, 0, 34.56%, 2, 1, 20, 5002.16, 34173925, 1082, 2, 0
9125, 123, 555, 1389, 0, 0, 34.56%, 2, 1, 20, 5334.02, 34194902, 1082, 2, 0
9130, 123, 954, 1389, 0, 0, 34.56%, 2, 1, 20, 3344.29, 34215197, 1082, 2, 0
9135, 123, 1331, 1389, 0, 0, 34.56%, 2, 1, 20, 4005.00, 34233655, 1082, 2, 0
9140, 123, 114, 1389, 0, 0, 34.56%, 2, 1, 20, 5233.41, 34253955, 1082, 2, 0
9145, 123, 110, 1389, 0, 0, 34.56%, 2, 1, 20, 3694.54, 34272954, 1082, 2, 0
9150, 123, 759, 1389, 0, 0, 34.56%, 2, 1, 20, 4292.41, 34291416, 1082, 2, 0
9157, 123, 1279, 1389, 0, 0, 34.56%, 2, 1, 20, 5269.52, 34314304, 1082, 2, 0
9162, 123, 495, 1389, 0, 0, 34.56%, 2, 1, 20, 4459.94, 34334040, 1082, 2, 0
9167, 123, 512, 1389, 0, 0, 34.56%, 2, 1, 20, 3883.25, 34353975, 1082, 2, 0
9172, 123, 851, 1389, 0, 0, 34.56%, 2, 1, 20, 4062.02, 34373171, 1082, 2, 0
9178, 123, 685, 1389, 0, 0, 34.56%, 2, 1, 20, 4468.36, 34392481, 1082, 2, 0
9183, 123, 254, 1389, 0, 0, 34.56%, 2, 1, 20, 437.87, 34411841, 1082, 2, 0
9188, 123, 1224, 1389, 0, 0, 34.56%, 2, 1, 20, 4290.02, 34432296, 1082, 2, 0
9193, 124, 683, 1389, 0, 0, 34.56%, 2, 1, 20, 4664.72, 34452292, 1082, 2, 0
9198, 124, 953, 1389, 0, 0, 34.56%, 2, 1, 20, 712.00, 34472861, 1082, 2, 0
9203, 124, 732, 1389, 0, 0, 34.56%, 2, 1, 20, 5308.29, 34490784, 1082, 2, 0
9208, 124, 832, 1389, 0, 0, 34.56%, 2, 1, 20, 4721.61, 34511081, 1082, 2, 0
9213, 124, 868, 1389, 0, 0, 34.56%, 2, 1, 20, 4567.70, 34529195, 1082, 2, 0
9219, 124, 940, 1389, 0, 0, 34.56%, 2, 1, 20, 4054.71, 34550365, 1082, 2, 0
9224, 124, 293, 1389, 0, 0, 34.56%, 2, 1, 20, 4260.71, 34570899, 1082, 2, 0
9229, 124, 683, 1389, 0, 0, 34.56%, 2, 1, 20, 5215.00, 34588435, 1082, 2, 0
9234, 124, 761, 1389, 0, 0, 34.56%, 2, 1, 20, 5078.56, 34608403, 1082, 2, 0
9239, 124, 898, 1389, 0, 0, 34.56%, 2, 1, 20, 4781.29, 34628623, 1082, 2, 0
9244, 124, 634, 1389, 0, 0, 34.56%, 2, 1, 20, 4267.98, 34644683, 1082, 2, 0
9249, 124, 782, 1389, 0, 0, 34.56%, 2, 1, 20, 5282.58, 34665734, 1082, 2, 0
9254, 124, 36, 1389, 0, 0, 34.56%, 2, 1, 20, 3723.94, 34684970, 1082, 2, 0
9259, 124, 1023, 1389, 0, 0, 34.56%, 2, 1, 20, 3662.18, 34703322, 1082, 2, 0
9264, 124, 1173, 1389, 0, 0, 34.56%, 2, 1, 20, 5200.82, 34723784, 1082, 2, 0
9269, 125, 386, 1389, 0, 0, 34.56%, 2, 1, 20, 357.14, 34740595, 1082, 2, 0
9274, 125, 726, 1389, 0, 0, 34.56%, 2, 1, 20, 5551.64, 34761341, 1082, 2, 0
9280, 125, 561, 1389, 0, 0, 34.56%, 2, 1, 20, 4719.10, 34780466, 1082, 2, 0
9285, 125, 515, 1389, 0, 0, 34.56%, 2, 1, 20, 461.88, 34797206, 1082, 2, 0
9290, 125, 792, 1389, 0, 0, 34.56%, 2, 1, 20, 3014.01, 34818136, 1082, 2, 0
9295, 125, 502, 1389, 0, 0, 34.56%, 2, 1, 20, 3662.31, 34838303, 1082, 2, 0
9300, 125, 608, 1389, 0, 0, 34.56%, 2, 1, 20, 4705.02, 34855644, 1082, 2, 0
9305, 125, 664, 1389, 0, 0, 34.56%, 2, 1, 20, 4221.34, 34874674, 1082, 2, 0
9310, 125, 1355, 1389, 0, 0, 34.56%, 2, 1, 20, 4289.46, 34892770, 1082, 2, 0
9316, 125, 526, 1389, 0, 0, 34.56%, 2, 1, 20, 2985.36, 34911840, 1082, 2, 0
9321, 125, 1033, 1389, 0, 0, 34.56%, 2, 1, 20, 3956.16, 34931605, 1082, 2, 0
9326, 125, 561, 1389, 0, 0, 34.56%, 2, 1, 20, 3138.72, 34952013, 1082, 2, 0
9331, 125, 964, 1389, 0, 0, 34.56%, 2, 1, 20, 4851.58, 34969863, 1082, 2, 0
9336, 125, 67, 1389, 0, 0, 34.56%, 2, 1, 20, 4208.81, 34989222, 1082, 2, 0
9341, 125, 1130, 1389, 0, 0, 34.56%, 2, 1, 20, 1084.29, 35007861, 1082, 2, 0
9346, 126, 1056, 1389, 0, 0, 34.56%, 2, 1, 20, 4148.84, 35028736, 1082, 2, 0
9351, 126, 711, 1389, 0, 0, 34.56%, 2, 1, 20, 4203.54, 35048224, 1082, 2, 0
9356, 126, 54, 1389, 0, 0, 34.56%, 2, 1, 20, 414.36, 35067786, 1082, 2, 0
9362, 126, 704, 1389, 0, 0, 34.56%, 2, 1, 20, 4888.37, 35088243, 1082, 2, 0
9367, 126, 878, 1389, 0, 0, 34.56%, 2, 1, 20, 3213.03, 35105662, 1082, 2, 0
9372, 126, 693, 1389, 0, 0, 34.56%, 2, 1, 20, 3677.97, 35122810, 1082, 2, 0
9377, 126, 816, 1389, 0, 0, 34.56%, 2, 1, 20, 5145.18, 35143744, 1082, 2, 0
9382, 126, 759, 1389, 0, 0, 34.56%, 2, 1, 20, 4873.18, 35162727, 1082, 2, 0
9387, 126, 898, 1389, 0, 0, 34.56%, 2, 1, 20, 3885.73, 35181910, 1082, 2, 0
9392, 126, 213, 1389, 0, 0, 34.56%, 2, 1, 20, 4543.39, 35201403, 1082, 2, 0
9397, 126, 634, 1389, 0, 0, 34.56%, 2, 1, 20, 4762.12, 35221128, 1082, 2, 0
9403, 126, 832, 1389, 0, 0, 34.56%, 2, 1, 20, 4457.75, 35242382, 1082, 2, 0
9408, 126, 899, 1389, 0, 0, 34.56%, 2, 1, 20, 3576.58, 35261054, 1082, 2, 0
9413, 126, 133, 1389, 0, 0, 34.56%, 2, 1, 20, 4764.79, 35281173, 1082, 2, 0
9418, 126, 782, 1389, 0, 0, 34.56%, 2, 1, 20, 4363.57, 35302028, 1082, 2, 0
9424, 127, 763, 1389, 0, 0, 34.56%, 2, 1, 20, 3408.41, 35320772, 1082, 2, 0
9429, 127, 745, 1389, 0, 0, 34.56%, 2, 1, 20, 3778.30, 35339472, 1082, 2, 0
9434, 127, 526, 1389, 0, 0, 34.56%, 2, 1, 20, 5018.50, 35358294, 1082, 2, 0
9439, 127, 964, 1389, 0, 0, 34.56%, 2, 1, 20, 5001.48, 35378578, 1082, 2, 0
9444, 127, 743, 1389, 0, 0, 34.56%, 2, 1, 20, 334.56, 35397942, 1082, 2, 0
9449, 127, 362, 1389, 0, 0, 34.56%, 2, 1, 20, 4044.47, 35416142, 1082, 2, 0
9454, 127, 594, 1389, 0, 0, 34.56%, 2, 1, 20, 4726.33, 35436738, 1082, 2, 0
9459, 127, 1304, 1389, 0, 0, 34.56%, 2, 1, 20, 4384.11, 35457535, 1082, 2, 0
9465, 127, 764, 1389, 0, 0, 34.56%, 2, 1, 20, 1039.58, 35473715, 1082, 2, 0
9470, 127, 75, 1389, 0, 0, 34.56%, 2, 1, 20, 5083.61, 35495320, 1082, 2, 0
9475, 127, 25, 1389, 0, 0, 34.56%, 2, 1, 20, 1795.86, 35513388, 1082, 2, 0
9480, 127, 964, 1389, 0, 0, 34.56%, 2, 1, 20, 5740.00, 35533241, 1082, 2, 0
9485, 127, 673, 1389, 0, 0, 34.56%, 2, 1, 20, 4182.51, 35551774, 1082, 2, 0
9490, 127, 121, 1389, 0, 0, 34.56%, 2, 1, 20, 5235.84, 35572008, 1082, 2, 0
9496, 127, 745, 1389, 0, 0, 34.56%, 2, 1, 20, 801.69, 35588726, 1082, 2, 0
9501, 128, 640, 1389, 0, 0, 34.56%, 2, 1, 20, 4282.93, 35609782, 1082, 2, 0
9506, 128, 426, 1389, 0, 0, 34.56%, 2, 1, 20, 5549.14, 35629397, 1082, 2, 0
9511, 128, 832, 1389, 0, 0, 34.56%, 2, 1, 20, 4870.21, 35649301, 1082, 2, 0
9516, 128, 461, 1389, 0, 0, 34.56%, 2, 1, 20, 679.37, 35669928, 1082, 2, 0
9521, 128, 868, 1389, 0, 0, 34.56%, 2, 1, 20, 2938.58, 35688553, 1082, 2, 0
9527, 128, 791, 1389, 0, 0, 34.56%, 2, 1, 20, 5058.35, 35708314, 1082, 2, 0
9532, 128, 898, 1389, 0, 0, 34.56%, 2, 1, 20, 5132.15, 35728336, 1082, 2, 0
9537, 128, 1289, 1389, 0, 0, 34.56%, 2, 1, 20, 4083.40, 35746085, 1082, 2, 0
9542, 128, 93, 1389, 0, 0, 34.56%, 2, 1, 20, 4370.75, 35766661, 1082, 2, 0
9547, 128, 763, 1389, 0, 0, 34.56%, 2, 1, 20, 4120.00, 35784640, 1082, 2, 0
9552, 128, 589, 1389, 0, 0, 34.56%, 2, 1, 20, 4568.33, 35804392, 1082, 2, 0
9557, 128, 893, 1389, 0, 0, 34.56%, 2, 1, 20, 4591.01, 35823205, 1082, 2, 0
9563, 128, 151, 1389, 0, 0, 34.56%, 2, 1, 20, 4797.84, 35841027, 1082, 2, 0
9568, 128, 497, 1389, 0, 0, 34.56%, 2, 1, 20, 4435.00, 35861755, 1082, 2, 0
9573, 128, 552, 1389, 0, 0, 34.56%, 2, 1, 20, 4709.90, 35881995, 1082, 2, 0
9578, 129, 787, 1389, 0, 0, 34.56%, 2, 1, 20, 3425.75, 35900172, 1082, 2, 0
9583, 129, 693, 1389, 0, 0, 34.56%, 2, 1, 20, 4785.89, 35921771, 1082, 2, 0
9588, 129, 876, 1389, 0, 0, 34.56%, 2, 1, 20, 4078.25, 35941368, 1082, 2, 0
9593, 129, 158, 1389, 0, 0, 34.56%, 2, 1, 20, 4222.29, 35959454, 1082, 2, 0
9598, 129, 693, 1389, 0, 0, 34.56%, 2, 1, 20, 4701.52, 35981210, 1082, 2, 0
9603, 129, 912, 1389, 0, 0, 34.56%, 2, 1, 20, 4809.15, 36001308, 1082, 2, 0
9608, 129, 1305, 1389, 0, 0, 34.56%, 2, 1, 20, 421.05, 36019679, 1082, 2, 0
9613, 129, 1231, 1389, 0, 0, 34.56%, 2, 1, 20, 1848.37, 36038997, 1082, 2, 0
9619, 129, 1023, 1389, 0, 0, 34.56%, 2, 1, 20, 5005.00, 36057469, 1082, 2, 0
9624, 129, 1389, 1404, 14, 0, 34.56%, 2, 1, 20, 425.00, 36070528, 1082, 2, 0
9629, 129, 267, 1404, 12, 0, 34.56%, 2, 1, 20, 2527.63, 36084632, 1082, 2, 0
9634, 129, 693, 1404, 11, 0, 34.56%, 2, 1, 20, 2918.97, 36098169, 1082, 2, 0
9639, 129, 761, 1404, 10, 0, 34.56%, 2, 1, 20, 3302.02, 36114972, 1082, 2, 0
9645, 129, 242, 1404, 9, 0, 34.56%, 2, 1, 20, 3517.86, 36130871, 1082, 2, 0
9651, 129, 1403, 1404, 9, 0, 34.56%, 2, 1, 20, 4924.07, 36148884, 1082, 2, 0
9656, 129, 166, 1404, 7, 0, 34.56%, 2, 1, 20, 5035.00, 36158694, 1082, 2, 0
9661, 129, 899, 1404, 6, 0, 34.56%, 2, 1, 20, 4281.40, 36178371, 1082, 2, 0
9666, 129, 804, 1404, 6, 0, 34.56%, 2, 1, 20, 4197.88, 36197850, 1082, 2, 0
9671, 129, 818, 1404, 6, 0, 34.56%, 2, 1, 20, 4762.77, 36215002, 1082, 2, 0
9676, 130, 762, 1404, 5, 0, 34.56%, 2, 1, 20, 4418.05, 36231029, 1082, 2, 0
9683, 130, 1393, 1404, 5, 0, 34.56%, 2, 1, 20, 3174.85, 36253007, 1082, 2, 0
9688, 130, 900, 1404, 4, 0, 34.56%, 2, 1, 20, 4065.41, 36272139, 1082, 2, 0
9693, 130, 293, 1404, 4, 0, 34.56%, 2, 1, 20, 3635.05, 36292151, 1082, 2, 0
9699, 130, 813, 1404, 3, 0, 34.56%, 2, 1, 20, 3865.00, 36307449, 1082, 2, 0
9704, 130, 1388, 1404, 3, 0, 34.56%, 2, 1, 20, 3833.80, 36326846, 1082, 2, 0
9709, 130, 1092, 1404, 3, 0, 34.56%, 2, 1, 20, 5201.96, 36347644, 1082, 2, 0
9714, 130, 673, 1404, 3, 0, 34.56%, 2, 1, 20, 4429.44, 36366936, 1082, 2, 0
9719, 130, 1262, 1404, 3, 0, 34.56%, 2, 1, 20, 4044.83, 36383485, 1082, 2, 0
9724, 130, 832, 1404, 3, 0, 34.56%, 2, 1, 20, 2607.31, 36402930, 1082, 2, 0
9729, 130, 965, 1404, 3, 0, 34.56%, 2, 1, 20, 5515.92, 36423357, 1082, 2, 0
9735, 130, 899, 1404, 3, 0, 34.56%, 2, 1, 20, 821.71, 36443521, 1082, 2, 0
9740, 130, 125, 1404, 3, 0, 34.56%, 2, 1, 20, 4219.40, 36462619, 1082, 2, 0
9745, 130, 763, 1404, 2, 0, 34.56%, 2, 1, 20, 992.62, 36479356, 1082, 2, 0
9750, 130, 1271, 1404, 2, 0, 34.56%, 2, 1, 20, 3239.61, 36499207, 1082, 2, 0
9755, 130, 1196, 1404, 2, 0, 34.56%, 2, 1, 20, 4746.11, 36518836, 1082, 2, 0
9760, 130, 634, 1404, 2, 0, 34.56%, 2, 1, 20, 4521.95, 36537280, 1082, 2, 0
9765, 131, 868, 1404, 2, 0, 34.56%, 2, 1, 20, 4110.21, 36557341, 1082, 2, 0
9770, 131, 139, 1404, 2, 0, 34.56%, 2, 1, 20, 4121.30, 36577154, 1082, 2, 0
9776, 131, 609, 1404, 2, 0, 34.56%, 2, 1, 20, 5257.69, 36599516, 1082, 2, 0
9781, 131, 939, 1404, 2, 0, 34.56%, 2, 1, 20, 4688.30, 36621035, 1082, 2, 0
9786, 131, 813, 1404, 2, 0, 34.56%, 2, 1, 20, 4060.55, 36639319, 1082, 2, 0
9791, 131, 459, 1404, 2, 0, 34.56%, 2, 1, 20, 4834.52, 36658193, 1082, 2, 0
9796, 131, 1057, 1404, 2, 0, 34.56%, 2, 1, 20, 4170.09, 36675815, 1082, 2, 0
9801, 131, 990, 1404, 2, 0, 34.56%, 2, 1, 20, 4458.15, 36695801, 1082, 2, 0
9806, 131, 96, 1404, 2, 0, 34.56%, 2, 1, 20, 3352.18, 36715528, 1082, 2, 0
9811, 131, 898, 1404, 2, 0, 34.56%, 2, 1, 20, 5137.32, 36737251, 1082, 2, 0
9816, 131, 899, 1404, 2, 0, 34.56%, 2, 1, 20, 4562.05, 36752689, 1082, 2, 0
9822, 131, 706, 1404, 2, 0, 34.56%, 2, 1, 20, 4805.95, 36773930, 1082, 2, 0
9827, 131, 412, 1404, 2, 0, 34.56%, 2, 1, 20, 4220.86, 36794078, 1082, 2, 0
9832, 131, 83, 1404, 2, 0, 34.56%, 2, 1, 20, 4734.11, 36813072, 1082, 2, 0
9837, 132, 1230, 1404, 2, 0, 34.56%, 2, 1, 20, 5241.61, 36831575, 1082, 2, 0
9842, 132, 1402, 1404, 2, 0, 34.56%, 2, 1, 20, 3940.98, 36853007, 1082, 2, 0
9847, 132, 813, 1404, 2, 0, 34.56%, 2, 1, 20, 5018.89, 36871780, 1082, 2, 0
9852, 132, 159, 1404, 2, 0, 34.56%, 2, 1, 20, 597.05, 36891159, 1082, 2, 0
9857, 132, 87, 1404, 1, 0, 34.56%, 2, 1, 20, 1488.82, 36907541, 1082, 2, 0
9862, 132, 65, 1404, 1, 0, 34.56%, 2, 1, 20, 3514.69, 36927449, 1082, 2, 0
9869, 132, 1404, 1405, 2, 0, 34.56%, 2, 1, 20, 4478.53, 36947336, 1082, 2, 0
9874, 132, 5, 1405, 1, 0, 34.56%, 2, 1, 20, 4235.88, 36966640, 1082, 2, 0
9879, 132, 95, 1405, 1, 0, 34.56%, 2, 1, 20, 3434.79, 36985837, 1082, 2, 0
9884, 132, 671, 1405, 1, 0, 34.56%, 2, 1, 20, 3371.50, 37001001, 1082, 2, 0
9889, 132, 898, 1405, 1, 0, 34.56%, 2, 1, 20, 4663.65, 37020262, 1082, 2, 0
9895, 132, 764, 1405, 1, 0, 34.56%, 2, 1, 20, 4489.53, 37040832, 1082, 2, 0
9900, 132, 349, 1405, 1, 0, 34.56%, 2, 1, 20, 5376.69, 37062224, 1082, 2, 0
9905, 132, 668, 1405, 1, 0, 34.56%, 2, 1, 20, 5050.33, 37083637, 1082, 2, 0
9910, 132, 844, 1405, 1, 0, 34.56%, 2, 1, 20, 4791.34, 37102979, 1082, 2, 0
9915, 132, 395, 1405, 1, 0, 34.56%, 2, 1, 20, 3246.23, 37120529, 1082, 2, 0
9920, 132, 640, 1405, 1, 0, 34.56%, 2, 1, 20, 3338.40, 37137596, 1082, 2, 0
9925, 133, 1013, 1405, 1, 0, 34.56%, 2, 1, 20, 4294.67, 37159487, 1082, 2, 0
9930, 133, 993, 1405, 1, 0, 34.56%, 2, 1, 20, 4513.68, 37180438, 1082, 2, 0
9935, 133, 1394, 1405, 1, 0, 34.56%, 2, 1, 20, 2945.28, 37198216, 1082, 2, 0
9940, 133, 392, 1405, 1, 0, 34.56%, 2, 1, 20, 457.63, 37216523, 1082, 2, 0
9946, 133, 844, 1405, 1, 0, 34.56%, 2, 1, 20, 3929.07, 37234009, 1082, 2, 0
9951, 133, 761, 1405, 1, 0, 34.56%, 2, 1, 20, 4133.01, 37256161, 1082, 2, 0
9956, 133, 697, 1405, 1, 0, 34.56%, 2, 1, 20, 4460.61, 37275141, 1082, 2, 0
9961, 133, 965, 1405, 1, 0, 34.56%, 2, 1, 20, 4676.43, 37296912, 1082, 2, 0
9966, 133, 1300, 1405, 1, 0, 34.56%, 2, 1, 20, 4862.42, 37317375, 1082, 2, 0
9971, 133, 1391, 1405, 1, 0, 34.56%, 2, 1, 20, 629.89, 37331779, 1082, 2, 0
9976, 133, 298, 1405, 0, 0, 34.56%, 2, 1, 20, 462.96, 37348664, 1082, 2, 0
9981, 133, 526, 1405, 0, 0, 34.56%, 2, 1, 20, 4668.58, 37368819, 1082, 2, 0
9986, 133, 1111, 1405, 0, 0, 34.56%, 2, 1, 20, 4317.03, 37387475, 1082, 2, 0
9991, 133, 80, 1405, 0, 0, 34.56%, 2, 1, 20, 4770.26, 37408323, 1082, 2, 0
9996, 133, 112, 1405, 0, 0, 34.56%, 2, 1, 20, 4485.27, 37427734, 1082, 2, 0
10002, 134, 749, 1405, 0, 0, 34.56%, 2, 1, 20, 4526.05, 37447475, 1082, 2, 0
10007, 134, 87, 1405, 0, 0, 34.56%, 2, 1, 20, 3704.36, 37464935, 1082, 2, 0
10012, 134, 133, 1405, 0, 0, 34.56%, 2, 1, 20, 4608.88, 37484698, 1082, 2, 0
10017, 134, 575, 1405, 0, 0, 34.56%, 2, 1, 20, 4615.08, 37506473, 1082, 2, 0
10022, 134, 392, 1405, 0, 0, 34.56%, 2, 1, 20, 3025.53, 37524874, 1082, 2, 0
10027, 134, 832, 1405, 0, 0, 34.56%, 2, 1, 20, 4970.40, 37546412, 1082, 2, 0
10032, 134, 750, 1405, 0, 0, 34.56%, 2, 1, 20, 1300.86, 37564096, 1082, 2, 0
10037, 134, 597, 1405, 0, 0, 34.56%, 2, 1, 20, 3813.32, 37586127, 1082, 2, 0
10042, 134, 832, 1405, 0, 0, 34.56%, 2, 1, 20, 3667.20, 37604760, 1082, 2, 0
10047, 134, 763, 1405, 0, 0, 34.56%, 2, 1, 20, 2234.94, 37622740, 1082, 2, 0
10053, 134, 31, 1405, 0, 0, 34.56%, 2, 1, 20, 450.01, 37640826, 1082, 2, 0
10058, 134, 796, 1405, 0, 0, 34.56%, 2, 1, 20, 4538.49, 37659420, 1082, 2, 0
10063, 134, 54, 1405, 0, 0, 34.56%, 2, 1, 20, 3905.79, 37677674, 1082, 2, 0
10068, 134, 1403, 1406, 1, 0, 34.56%, 2, 1, 20, 3334.73, 37694827, 1082, 2, 0
10073, 134, 527, 1406, 1, 0, 34.56%, 2, 1, 20, 4888.62, 37714277, 1082, 2, 0
10078, 134, 266, 1406, 1, 0, 34.56%, 2, 1, 20, 4038.11, 37731481, 1082, 2, 0
10084, 135, 992, 1406, 1, 0, 34.56%, 2, 1, 20, 4737.32, 37750499, 1082, 2, 0
10089, 135, 1405, 1407, 2, 0, 34.56%, 2, 1, 20, 4228.23, 37767715, 1082, 2, 0
10094, 135, 682, 1407, 1, 0, 34.56%, 2, 1, 20, 4491.18, 37786786, 1082, 2, 0
10101, 135, 1406, 1407, 1, 0, 34.56%, 2, 1, 20, 4909.47, 37804567, 1082, 2, 0
10106, 135, 933, 1407, 0, 0, 34.56%, 2, 1, 20, 662.13, 37822143, 1082, 2, 0
10111, 135, 685, 1407, 0, 0, 34.56%, 2, 1, 20, 5335.00, 37842883, 1082, 2, 0
10116, 135, 1322, 1407, 0, 0, 34.56%, 2, 1, 20, 5253.85, 37862806, 1082, 2, 0
10121, 135, 844, 1407, 0, 0, 34.56%, 2, 1, 20, 4475.07, 37882911, 1082, 2, 0
10126, 135, 761, 1407, 0, 0, 34.56%, 2, 1, 20, 4547.97, 37900823, 1082, 2, 0
10131, 135, 1033, 1407, 0, 0, 34.56%, 2, 1, 20, 5308.09, 37920186, 1082, 2, 0
10136, 135, 1385, 1407, 0, 0, 34.56%, 2, 1, 20, 4888.43, 37940130, 1082, 2, 0
10142, 135, 772, 1407, 0, 0, 34.56%, 2, 1, 20, 5052.05, 37961149, 1082, 2, 0
10147, 135, 357, 1407, 0, 0, 34.56%, 2, 1, 20, 5064.36, 37980641, 1082, 2, 0
10152, 135, 729, 1407, 0, 0, 34.56%, 2, 1, 20, 3895.05, 38000652, 1082, 2, 0
10157, 135, 83, 1407, 0, 0, 34.56%, 2, 1, 20, 5379.25, 38021969, 1082, 2, 0
10162, 135, 634, 1407, 0, 0, 34.56%, 2, 1, 20, 840.33, 38039644, 1082, 2, 0
10167, 135, 899, 1407, 0, 0, 34.56%, 2, 1, 20, 5124.79, 38061122, 1082, 2, 0
10172, 136, 107, 1407, 0, 0, 34.56%, 2, 1, 20, 4762.12, 38080660, 1082, 2, 0
10177, 136, 774, 1407, 0, 0, 34.56%, 2, 1, 20, 4162.78, 38099324, 1082, 2, 0
10183, 136, 87, 1407, 0, 0, 34.56%, 2, 1, 20, 362.83, 38117222, 1082, 2, 0
10188, 136, 1395, 1407, 0, 0, 34.56%, 2, 1, 20, 3731.31, 38135764, 1082, 2, 0
10193, 136, 813, 1407, 0, 0, 34.56%, 2, 1, 20, 3929.28, 38154941, 1082, 2, 0
10198, 136, 761, 1407, 0, 0, 34.56%, 2, 1, 20, 4612.61, 38174216, 1082, 2, 0
10203, 136, 4, 1407, 0, 0, 34.56%, 2, 1, 20, 135.00, 38193123, 1082, 2, 0
10208, 136, 899, 1407, 0, 0, 34.56%, 2, 1, 20, 4636.69, 38214399, 1082, 2, 0
10213, 136, 685, 1407, 0, 0, 34.56%, 2, 1, 20, 5024.11, 38235120, 1082, 2, 0
10218, 136, 93, 1407, 0, 0, 34.56%, 2, 1, 20, 5084.01, 38256051, 1082, 2, 0
10223, 136, 899, 1407, 0, 0, 34.56%, 2, 1, 20, 1902.44, 38270946, 1082, 2, 0
10228, 136, 527, 1407, 0, 0, 34.56%, 2, 1, 20, 2806.99, 38289228, 1082, 2, 0
10233, 136, 243, 1407, 0, 0, 34.56%, 2, 1, 20, 4151.33, 38310358, 1082, 2, 0
10239, 136, 844, 1407, 0, 0, 34.56%, 2, 1, 20, 364.34, 38328914, 1082, 2, 0
10244, 136, 664, 1407, 0, 0, 34.56%, 2, 1, 20, 2510.08, 38348496, 1082, 2, 0
10249, 137, 954, 1407, 0, 0, 34.56%, 2, 1, 20, 3255.74, 38369326, 1082, 2, 0
10254, 137, 552, 1407, 0, 0, 34.56%, 2, 1, 20, 3612.70, 38387234, 1082, 2, 0
10259, 137, 10, 1407, 0, 0, 34.56%, 2, 1, 20, 3949.14, 38407698, 1082, 2, 0
10264, 137, 832, 1407, 0, 0, 34.56%, 2, 1, 20, 4699.52, 38428095, 1082, 2, 0
10269, 137, 213, 1407, 0, 0, 34.56%, 2, 1, 20, 4282.48, 38447320, 1082, 2, 0
10274, 137, 992, 1407, 0, 0, 34.56%, 2, 1, 20, 4243.94, 38467429, 1082, 2, 0
10279, 137, 678, 1407, 0, 0, 34.56%, 2, 1, 20, 4121.64, 38485472, 1082, 2, 0
10285, 137, 1082, 1407, 0, 0, 34.56%, 2, 1, 20, 114.42, 38503622, 1082, 2, 0
10290, 137, 561, 1407, 0, 0, 34.56%, 2, 1, 20, 3395.71, 38522796, 1082, 2, 0
10295, 137, 421, 1407, 0, 0, 34.56%, 2, 1, 20, 4419.80, 38543080, 1082, 2, 0
10300, 137, 787, 1407, 0, 0, 34.56%, 2, 1, 20, 5289.15, 38563376, 1082, 2, 0
10305, 137, 599, 1407, 0, 0, 34.56%, 2, 1, 20, 961.38, 38581250, 1082, 2, 0
10310, 137, 959, 1407, 0, 0, 34.56%, 2, 1, 20, 1600.51, 38600904, 1082, 2, 0
10315, 137, 1084, 1407, 0, 0, 34.56%, 2, 1, 20, 5156.48, 38620731, 1082, 2, 0
10320, 137, 1133, 1407, 0, 0, 34.56%, 2, 1, 20, 468.16, 38638218, 1082, 2, 0
10326, 137, 723, 1407, 0, 0, 34.56%, 2, 1, 20, 4745.93, 38657670, 1082, 2, 0
10331, 138, 954, 1407, 0, 0, 34.56%, 2, 1, 20, 4468.61, 38678155, 1082, 2, 0
10336, 138, 729, 1407, 0, 0, 34.56%, 2, 1, 20, 376.92, 38697391, 1082, 2, 0
10341, 138, 763, 1407, 0, 0, 34.56%, 2, 1, 20, 5315.00, 38717298, 1082, 2, 0
10346, 138, 673, 1407, 0, 0, 34.56%, 2, 1, 20, 5387.60, 38736623, 1082, 2, 0
10351, 138, 992, 1407, 0, 0, 34.56%, 2, 1, 20, 2551.28, 38755741, 1082, 2, 0
10356, 138, 693, 1407, 0, 0, 34.56%, 2, 1, 20, 4057.81, 38774232, 1082, 2, 0
10361, 138, 832, 1407, 0, 0, 34.56%, 2, 1, 20, 4557.98, 38792728, 1082, 2, 0
10367, 138, 267, 1407, 0, 0, 34.56%, 2, 1, 20, 753.77, 38812868, 1082, 2, 0
10372, 138, 898, 1407, 0, 0, 34.56%, 2, 1, 20, 4698.32, 38831364, 1082, 2, 0
10377, 138, 876, 1407, 0, 0, 34.56%, 2, 1, 20, 4607.88, 38854660, 1082, 2, 0
10382, 138, 96, 1407, 0, 0, 34.56%, 2, 1, 20, 4712.66, 38873071, 1082, 2, 0
10387, 138, 846, 1407, 0, 0, 34.56%, 2, 1, 20, 3335.45, 38893926, 1082, 2, 0
10392, 138, 653, 1407, 0, 0, 34.56%, 2, 1, 20, 4429.55, 38912267, 1082, 2, 0
10398, 138, 796, 1407, 0, 0, 34.56%, 2, 1, 20, 4404.71, 38931448, 1082, 2, 0
10403, 138, 1230, 1407, 0, 0, 34.56%, 2, 1, 20, 5285.60, 38951891, 1082, 2, 0
10408, 139, 954, 1407, 0, 0, 34.56%, 2, 1, 20, 4543.94, 38970796, 1082, 2, 0
10413, 139, 685, 1407, 0, 0, 34.56%, 2, 1, 20, 4070.45, 38989854, 1082, 2, 0
10418, 139, 832, 1407, 0, 0, 34.56%, 2, 1, 20, 4673.91, 39007963, 1082, 2, 0
10423, 139, 896, 1407, 0, 0, 34.56%, 2, 1, 20, 4637.23, 39028931, 1082, 2, 0
10429, 139, 136, 1407, 0, 0, 34.56%, 2, 1, 20, 4117.62, 39048216, 1082, 2, 0
10434, 139, 65, 1407, 0, 0, 34.56%, 2, 1, 20, 4420.00, 39067879, 1082, 2, 0
10439, 139, 1040, 1407, 0, 0, 34.56%, 2, 1, 20, 4675.62, 39086870, 1082, 2, 0
10444, 139, 564, 1407, 0, 0, 34.56%, 2, 1, 20, 2998.15, 39105181, 1082, 2, 0
10449, 139, 607, 1407, 0, 0, 34.56%, 2, 1, 20, 810.62, 39123919, 1082, 2, 0
10454, 139, 788, 1408, 1, 0, 34.56%, 2, 1, 20, 3255.14, 39142927, 1082, 2, 0
10459, 139, 1407, 1408, 1, 0, 34.56%, 2, 1, 20, 346.28, 39145677, 1082, 2, 0
10464, 139, 888, 1409, 1, 0, 34.56%, 2, 1, 20, 5012.27, 39153486, 1082, 2, 0
10469, 139, 1305, 1409, 1, 0, 34.56%, 2, 1, 20, 345.24, 39170870, 1082, 2, 0
10474, 139, 788, 1409, 1, 0, 34.56%, 2, 1, 20, 5449.72, 39192103, 1082, 2, 0
10480, 139, 1300, 1409, 1, 0, 34.56%, 2, 1, 20, 4586.35, 39213080, 1082, 2, 0
10485, 139, 68, 1409, 1, 0, 34.56%, 2, 1, 20, 5375.00, 39230878, 1082, 2, 0
10490, 139, 513, 1409, 1, 0, 34.56%, 2, 1, 20, 4770.08, 39251559, 1082, 2, 0
10495, 139, 832, 1409, 1, 0, 34.56%, 2, 1, 20, 5224.46, 39272019, 1082, 2, 0
10500, 140, 1408, 1409, 1, 0, 34.56%, 2, 1, 20, 310.53, 39277824, 1082, 2, 0
10505, 140, 1388, 1409, 0, 0, 34.56%, 2, 1, 20, 2548.35, 39287535, 1082, 2, 0
10510, 140, 527, 1409, 0, 0, 34.56%, 2, 1, 20, 369.37, 39305291, 1082, 2, 0
10516, 140, 1230, 1409, 0, 0, 34.56%, 2, 1, 20, 4570.24, 39327567, 1082, 2, 0
10521, 140, 1257, 1409, 0, 0, 34.56%, 2, 1, 20, 4381.08, 39346424, 1082, 2, 0
10526, 140, 406, 1409, 0, 0, 34.56%, 2, 1, 20, 2675.00, 39364622, 1082, 2, 0
10531, 140, 552, 1409, 0, 0, 34.56%, 2, 1, 20, 4883.99, 39383994, 1082, 2, 0
10536, 140, 782, 1409, 0, 0, 34.56%, 2, 1, 20, 4300.16, 39403363, 1082, 2, 0
10541, 140, 640, 1409, 0, 0, 34.56%, 2, 1, 20, 5022.33, 39421164, 1082, 2, 0
10546, 140, 954, 1409, 0, 0, 34.56%, 2, 1, 20, 3809.80, 39439332, 1082, 2, 0
10552, 140, 813, 1409, 0, 0, 34.56%, 2, 1, 20, 909.30, 39459089, 1082, 2, 0
10557, 140, 1216, 1409, 0, 0, 34.56%, 2, 1, 20, 3842.91, 39477085, 1082, 2, 0
10562, 140, 685, 1409, 0, 0, 34.56%, 2, 1, 20, 5165.07, 39498835, 1082, 2, 0
10567, 140, 552, 1409, 0, 0, 34.56%, 2, 1, 20, 4080.14, 39519904, 1082, 2, 0
10572, 140, 1139, 1409, 0, 0, 34.56%, 2, 1, 20, 3515.00, 39537720, 1082, 2, 0
10577, 140, 899, 1409, 0, 0, 34.56%, 2, 1, 20, 5010.20, 39559667, 1082, 2, 0
10582, 140, 700, 1409, 0, 0, 34.56%, 2, 1, 20, 1936.49, 39577209, 1082, 2, 0
10587, 141, 787, 1409, 0, 0, 34.56%, 2, 1, 20, 3438.07, 39597139, 1082, 2, 0
10593, 141, 627, 1409, 0, 0, 34.56%, 2, 1, 20, 4506.68, 39618310, 1082, 2, 0
10598, 141, 340, 1409, 0, 0, 34.56%, 2, 1, 20, 4220.37, 39636605, 1082, 2, 0
10603, 141, 143, 1409, 0, 0, 34.56%, 2, 1, 20, 3132.95, 39653903, 1082, 2, 0
10608, 141, 569, 1409, 0, 0, 34.56%, 2, 1, 20, 3689.97, 39673801, 1082, 2, 0
10613, 141, 1369, 1409, 0, 0, 34.56%, 2, 1, 20, 4401.37, 39695924, 1082, 2, 0
10618, 141, 832, 1409, 0, 0, 34.56%, 2, 1, 20, 4502.49, 39714645, 1082, 2, 0
10623, 141, 636, 1409, 0, 0, 34.56%, 2, 1, 20, 4910.41, 39734661, 1082, 2, 0
10628, 141, 526, 1409, 0, 0, 34.56%, 2, 1, 20, 5651.94, 39755863, 1082, 2, 0
10633, 141, 170, 1409, 0, 0, 34.56%, 2, 1, 20, 4086.75, 39775682, 1082, 2, 0
10638, 141, 96, 1409, 0, 0, 34.56%, 2, 1, 20, 4164.34, 39792039, 1082, 2, 0
10644, 141, 1055, 1409, 0, 0, 34.56%, 2, 1, 20, 3918.47, 39809796, 1082, 2, 0
10649, 141, 898, 1409, 0, 0, 34.56%, 2, 1, 20, 4079.06, 39829167, 1082, 2, 0
10654, 141, 664, 1409, 0, 0, 34.56%, 2, 1, 20, 830.48, 39848521, 1082, 2, 0
10659, 141, 262, 1409, 0, 0, 34.56%, 2, 1, 20, 4552.10, 39868761, 1082, 2, 0
10664, 142, 898, 1409, 0, 0, 34.56%, 2, 1, 20, 4611.89, 39887465, 1082, 2, 0
10669, 142, 78, 1410, 1, 0, 34.56%, 2, 1, 20, 4592.22, 39907336, 1082, 2, 0
10674, 142, 673, 1410, 1, 0, 34.56%, 2, 1, 20, 4286.77, 39928119, 1082, 2, 0
10680, 142, 693, 1410, 1, 0, 34.56%, 2, 1, 20, 403.36, 39948945, 1082, 2, 0
10685, 142, 738, 1410, 0, 0, 34.56%, 2, 1, 20, 3372.96, 39962047, 1082, 2, 0
10690, 142, 25, 1410, 0, 0, 34.56%, 2, 1, 20, 5474.75, 39982184, 1082, 2, 0
10695, 142, 773, 1410, 0, 0, 34.56%, 2, 1, 20, 4325.00, 40001518, 1082, 2, 0
10700, 142, 899, 1410, 0, 0, 34.56%, 2, 1, 20, 5347.53, 40019768, 1082, 2, 0
10705, 142, 826, 1410, 0, 0, 34.56%, 2, 1, 20, 5022.31, 40037789, 1082, 2, 0
10710, 142, 876, 1410, 0, 0, 34.56%, 2, 1, 20, 536.52, 40056480, 1082, 2, 0
10715, 142, 777, 1410, 0, 0, 34.56%, 2, 1, 20, 4308.38, 40075642, 1082, 2, 0
10720, 142, 759, 1410, 0, 0, 34.56%, 2, 1, 20, 4337.18, 40096316, 1082, 2, 0
10726, 142, 4, 1410, 0, 0, 34.56%, 2, 1, 20, 386.62, 40117356, 1082, 2, 0
10731, 142, 1221, 1410, 0, 0, 34.56%, 2, 1, 20, 3697.50, 40137285, 1082, 2, 0
10736, 142, 676, 1410, 0, 0, 34.56%, 2, 1, 20, 4980.15, 40158711, 1082, 2, 0
10741, 142, 898, 1410, 0, 0, 34.56%, 2, 1, 20, 4619.16, 40178971, 1082, 2, 0
10746, 143, 1130, 1410, 0, 0, 34.56%, 2, 1, 20, 3941.85, 40196974, 1082, 2, 0
10751, 143, 693, 1410, 0, 0, 34.56%, 2, 1, 20, 396.31, 40217834, 1082, 2, 0
10756, 143, 782, 1410, 0, 0, 34.56%, 2, 1, 20, 4273.33, 40237993, 1082, 2, 0
10761, 143, 1343, 1410, 0, 0, 34.56%, 2, 1, 20, 4459.34, 40257501, 1082, 2, 0
10767, 143, 579, 1410, 0, 0, 34.56%, 2, 1, 20, 4247.97, 40277965, 1082, 2, 0
10772, 143, 564, 1410, 0, 0, 34.56%, 2, 1, 20, 3539.53, 40296831, 1082, 2, 0
10777, 143, 840, 1410, 0, 0, 34.56%, 2, 1, 20, 4115.14, 40317981, 1082, 2, 0
10782, 143, 899, 1410, 0, 0, 34.56%, 2, 1, 20, 704.97, 40334632, 1082, 2, 0
10788, 143, 83, 1410, 0, 0, 34.56%, 2, 1, 20, 4719.65, 40355624, 1082, 2, 0
10793, 143, 788, 1410, 0, 0, 34.56%, 2, 1, 20, 3637.14, 40376029, 1082, 2, 0
10798, 143, 349, 1410, 0, 0, 34.56%, 2, 1, 20, 5170.00, 40395600, 1082, 2, 0
10803, 143, 1130, 1410, 0, 0, 34.56%, 2, 1, 20, 4488.91, 40415539, 1082, 2, 0
10808, 143, 515, 1410, 0, 0, 34.56%, 2, 1, 20, 4362.52, 40434601, 1082, 2, 0
10813, 143, 407, 1410, 0, 0, 34.56%, 2, 1, 20, 5384.17, 40452433, 1082, 2, 0
10818, 143, 225, 1410, 0, 0, 34.56%, 2, 1, 20, 4850.75, 40472506, 1082, 2, 0
10823, 143, 868, 1422, 11, 0, 34.56%, 2, 1, 20, 4515.18, 40488339, 1082, 2, 0
10829, 143, 1414, 1422, 10, 0, 34.56%, 2, 1, 20, 4231.55, 40505495, 1082, 2, 0
10835, 143, 1417, 1422, 9, 0, 34.56%, 2, 1, 20, 2351.47, 40523155, 1082, 2, 0
10840, 144, 184, 1422, 7, 0, 34.56%, 2, 1, 20, 2309.17, 40536064, 1082, 2, 0
10847, 144, 1420, 1422, 7, 0, 34.56%, 2, 1, 20, 220.47, 40550182, 1082, 2, 0
10852, 144, 1421, 1422, 5, 0, 34.56%, 2, 1, 20, 792.06, 40560376, 1082, 2, 0
10858, 144, 899, 1422, 3, 0, 34.56%, 2, 1, 20, 5160.71, 40571504, 1082, 2, 0
10863, 144, 449, 1422, 3, 0, 34.56%, 2, 1, 20, 4751.34, 40591768, 1082, 2, 0
10868, 144, 267, 1422, 3, 0, 34.56%, 2, 1, 20, 381.97, 40610256, 1082, 2, 0
10873, 144, 1405, 1422, 2, 0, 34.56%, 2, 1, 20, 4514.36, 40627549, 1082, 2, 0
10878, 144, 592, 1422, 1, 0, 34.56%, 2, 1, 20, 4300.21, 40641540, 1082, 2, 0
10883, 144, 873, 1422, 1, 0, 34.56%, 2, 1, 20, 5261.96, 40663882, 1082, 2, 0
10888, 144, 673, 1422, 1, 0, 34.56%, 2, 1, 20, 5885.57, 40679234, 1082, 2, 0
10893, 144, 1155, 1422, 1, 0, 34.56%, 2, 1, 20, 378.68, 40699283, 1082, 2, 0
10899, 144, 832, 1422, 1, 0, 34.56%, 2, 1, 20, 4769.58, 40718864, 1082, 2, 0
10904, 144, 832, 1422, 1, 0, 34.56%, 2, 1, 20, 4411.74, 40738127, 1082, 2, 0
10909, 144, 905, 1422, 1, 0, 34.56%, 2, 1, 20, 4671.15, 40758350, 1082, 2, 0
10914, 144, 874, 1422, 1, 0, 34.56%, 2, 1, 20, 5075.19, 40778878, 1082, 2, 0
10919, 144, 763, 1422, 1, 0, 34.56%, 2, 1, 20, 428.57, 40796815, 1082, 2, 0
10924, 144, 825, 1422, 1, 0, 34.56%, 2, 1, 20, 44.94, 40815035, 1082, 2, 0
10929, 144, 899, 1422, 1, 0, 34.56%, 2, 1, 20, 375.49, 40835721, 1082, 2, 0
10934, 145, 4, 1422, 1, 0, 34.56%, 2, 1, 20, 4546.86, 40855993, 1082, 2, 0
10940, 145, 796, 1422, 1, 0, 34.56%, 2, 1, 20, 4314.79, 40876750, 1082, 2, 0
10945, 145, 898, 1422, 1, 0, 34.56%, 2, 1, 20, 4191.42, 40896285, 1082, 2, 0
10950, 145, 284, 1422, 1, 0, 34.56%, 2, 1, 20, 5076.22, 40915368, 1082, 2, 0
10955, 145, 762, 1422, 1, 0, 34.56%, 2, 1, 20, 4489.91, 40936004, 1082, 2, 0
10960, 145, 763, 1422, 1, 0, 34.56%, 2, 1, 20, 5471.74, 40957574, 1082, 2, 0
10965, 145, 1001, 1422, 1, 0, 34.56%, 2, 1, 20, 4493.76, 40977701, 1082, 2, 0
10970, 145, 406, 1422, 1, 0, 34.56%, 2, 1, 20, 261.28, 40997745, 1082, 2, 0
10975, 145, 853, 1422, 1, 0, 34.56%, 2, 1, 20, 2119.40, 41017362, 1082, 2, 0
10980, 145, 826, 1422, 1, 0, 34.56%, 2, 1, 20, 3659.39, 41037962, 1082, 2, 0
10985, 145, 281, 1422, 1, 0, 34.56%, 2, 1, 20, 4208.02, 41055843, 1082, 2, 0
10991, 145, 184, 1422, 1, 0, 34.56%, 2, 1, 20, 5469.34, 41076441, 1082, 2, 0
10996, 145, 451, 1422, 1, 0, 34.56%, 2, 1, 20, 4566.14, 41097628, 1082, 2, 0
11001, 145, 33, 1422, 1, 0, 34.56%, 2, 1, 20, 4492.27, 41117093, 1082, 2, 0
11006, 145, 78, 1422, 1, 0, 34.56%, 2, 1, 20, 3034.97, 41135515, 1082, 2, 0
11011, 146, 759, 1422, 1, 0, 34.56%, 2, 1, 20, 4448.08, 41156051, 1082, 2, 0
11016, 146, 589, 1422, 1, 0, 34.56%, 2, 1, 20, 4223.53, 41175137, 1082, 2, 0
11021, 146, 1419, 1422, 1, 0, 34.56%, 2, 1, 20, 4305.44, 41196632, 1082, 2, 0
11027, 146, 1416, 1422, 1, 0, 34.56%, 2, 1, 20, 2586.25, 41211894, 1082, 2, 0
11032, 146, 1070, 1422, 0, 0, 34.56%, 2, 1, 20, 4852.08, 41233312, 1082, 2, 0
11037, 146, 763, 1422, 0, 0, 34.56%, 2, 1, 20, 4701.28, 41253604, 1082, 2, 0
11042, 146, 25, 1422, 0, 0, 34.56%, 2, 1, 20, 4432.53, 41273538, 1082, 2, 0
11047, 146, 178, 1422, 0, 0, 34.56%, 2, 1, 20, 5462.98, 41291281, 1082, 2, 0
11052, 146, 685, 1422, 0, 0, 34.56%, 2, 1, 20, 4609.40, 41312630, 1082, 2, 0
11058, 146, 159, 1422, 0, 0, 34.56%, 2, 1, 20, 4156.87, 41332650, 1082, 2, 0
11063, 146, 87, 1422, 0, 0, 34.56%, 2, 1, 20, 4340.00, 41352319, 1082, 2, 0
11068, 146, 648, 1422, 0, 0, 34.56%, 2, 1, 20, 3911.77, 41372983, 1082, 2, 0
11073, 146, 621, 1422, 0, 0, 34.56%, 2, 1, 20, 4780.70, 41392343, 1082, 2, 0
11078, 146, 693, 1422, 0, 0, 34.56%, 2, 1, 20, 5019.90, 41410255, 1082, 2, 0
11083, 146, 362, 1422, 0, 0, 34.56%, 2, 1, 20, 3929.72, 41428209, 1082, 2, 0
11088, 146, 899, 1422, 0, 0, 34.56%, 2, 1, 20, 4061.41, 41449675, 1082, 2, 0
11094, 147, 992, 1422, 0, 0, 34.56%, 2, 1, 20, 5218.51, 41469162, 1082, 2, 0
11099, 147, 992, 1422, 0, 0, 34.56%, 2, 1, 20, 4608.72, 41490267, 1082, 2, 0
11104, 147, 899, 1422, 0, 0, 34.56%, 2, 1, 20, 4289.29, 41510004, 1082, 2, 0
11109, 147, 1305, 1422, 0, 0, 34.56%, 2, 1, 20, 397.20, 41528424, 1082, 2, 0
11114, 147, 916, 1422, 0, 0, 34.56%, 2, 1, 20, 3382.33, 41549941, 1082, 2, 0
11119, 147, 1057, 1422, 0, 0, 34.56%, 2, 1, 20, 4236.52, 41570846, 1082, 2, 0
11125, 147, 954, 1422, 0, 0, 34.56%, 2, 1, 20, 342.31, 41590122, 1082, 2, 0
11130, 147, 315, 1422, 0, 0, 34.56%, 2, 1, 20, 5401.80, 41608759, 1082, 2, 0
11135, 147, 184, 1422, 0, 0, 34.56%, 2, 1, 20, 4780.41, 41629799, 1082, 2, 0
11140, 147, 635, 1422, 0, 0, 34.56%, 2, 1, 20, 4910.94, 41647093, 1082, 2, 0
11145, 147, 634, 1422, 0, 0, 34.56%, 2, 1, 20, 3270.17, 41666863, 1082, 2, 0
11150, 147, 293, 1422, 0, 0, 34.56%, 2, 1, 20, 5111.88, 41686004, 1082, 2, 0
11156, 147, 22, 1423, 1, 0, 34.56%, 2, 1, 20, 3860.61, 41703697, 1082, 2, 0
11161, 147, 423, 1423, 0, 0, 34.56%, 2, 1, 20, 4633.73, 41721702, 1082, 2, 0
11166, 147, 1073, 1423, 0, 0, 34.56%, 2, 1, 20, 1198.93, 41741596, 1082, 2, 0
11171, 147, 1309, 1423, 0, 0, 34.56%, 2, 1, 20, 5523.23, 41762256, 1082, 2, 0
11176, 148, 185, 1423, 0, 0, 34.56%, 2, 1, 20, 3368.11, 41782708, 1082, 2, 0
11181, 148, 713, 1423, 0, 0, 34.56%, 2, 1, 20, 3830.25, 41804458, 1082, 2, 0
11186, 148, 1350, 1423, 0, 0, 34.56%, 2, 1, 20, 271.46, 41822086, 1082, 2, 0
11191, 148, 412, 1423, 0, 0, 34.56%, 2, 1, 20, 4912.80, 41843423, 1082, 2, 0
11196, 148, 802, 1423, 0, 0, 34.56%, 2, 1, 20, 4804.69, 41863678, 1082, 2, 0
11201, 148, 512, 1423, 0, 0, 34.56%, 2, 1, 20, 4753.87, 41882221, 1082, 2, 0
11207, 148, 899, 1423, 0, 0, 34.56%, 2, 1, 20, 5402.10, 41903554, 1082, 2, 0
11212, 148, 899, 1423, 0, 0, 34.56%, 2, 1, 20, 4471.86, 41923009, 1082, 2, 0
11217, 148, 697, 1423, 0, 0, 34.56%, 2, 1, 20, 454.86, 41941192, 1082, 2, 0
11222, 148, 832, 1423, 0, 0, 34.56%, 2, 1, 20, 4801.90, 41960689, 1082, 2, 0
11227, 148, 49, 1423, 0, 0, 34.56%, 2, 1, 20, 4680.59, 41977992, 1082, 2, 0
11232, 148, 756, 1423, 0, 0, 34.56%, 2, 1, 20, 3781.80, 41995517, 1082, 2, 0
11237, 148, 608, 1423, 0, 0, 34.56%, 2, 1, 20, 4433.68, 42016019, 1082, 2, 0
11242, 148, 852, 1423, 0, 0, 34.56%, 2, 1, 20, 4792.41, 42034988, 1082, 2, 0
11247, 148, 1031, 1423, 0, 0, 34.56%, 2, 1, 20, 5185.24, 42056746, 1082, 2, 0
11252, 149, 899, 1423, 0, 0, 34.56%, 2, 1, 20, 228.68, 42074626, 1082, 2, 0
11258, 149, 899, 1423, 0, 0, 34.56%, 2, 1, 20, 3629.42, 42095560, 1082, 2, 0
11263, 149, 1394, 1423, 0, 0, 34.56%, 2, 1, 20, 4291.64, 42116631, 1082, 2, 0
11268, 149, 189, 1423, 0, 0, 34.56%, 2, 1, 20, 4398.06, 42136633, 1082, 2, 0
11273, 149, 852, 1423, 0, 0, 34.56%, 2, 1, 20, 4235.54, 42157692, 1082, 2, 0
11278, 149, 832, 1423, 0, 0, 34.56%, 2, 1, 20, 4829.86, 42176303, 1082, 2, 0
11283, 149, 125, 1423, 0, 0, 34.56%, 2, 1, 20, 3646.50, 42195011, 1082, 2, 0
11288, 149, 943, 1423, 0, 0, 34.56%, 2, 1, 20, 4040.78, 42215507, 1082, 2, 0
11293, 149, 589, 1423, 0, 0, 34.56%, 2, 1, 20, 5010.00, 42233754, 1082, 2, 0
11298, 149, 635, 1423, 0, 0, 34.56%, 2, 1, 20, 5181.23, 42253802, 1082, 2, 0
11303, 149, 397, 1423, 0, 0, 34.56%, 2, 1, 20, 4488.99, 42274596, 1082, 2, 0
11308, 149, 852, 1423, 0, 0, 34.56%, 2, 1, 20, 4342.99, 42294955, 1082, 2, 0
11314, 149, 579, 1423, 0, 0, 34.56%, 2, 1, 20, 4731.09, 42315494, 1082, 2, 0
11319, 149, 545, 1423, 0, 0, 34.56%, 2, 1, 20, 4378.29, 42334727, 1082, 2, 0
11324, 149, 764, 1423, 0, 0, 34.56%, 2, 1, 20, 4772.15, 42355956, 1082, 2, 0
11329, 150, 832, 1423, 0, 0, 34.56%, 2, 1, 20, 563.29, 42374662, 1082, 2, 0
11334, 150, 1422, 1423, 0, 0, 34.56%, 2, 1, 20, 5499.08, 42395102, 1082, 2, 0
11339, 150, 1419, 1423, 0, 0, 34.56%, 2, 1, 20, 4479.18, 42414158, 1082, 2, 0
11344, 150, 523, 1423, 0, 0, 34.56%, 2, 1, 20, 5216.33, 42433796, 1082, 2, 0
11350, 150, 94, 1423, 0, 0, 34.56%, 2, 1, 20, 4444.29, 42454939, 1082, 2, 0
11355, 150, 832, 1423, 0, 0, 34.56%, 2, 1, 20, 4307.71, 42474701, 1082, 2, 0
11360, 150, 242, 1423, 0, 0, 34.56%, 2, 1, 20, 2914.91, 42492626, 1082, 2, 0
11365, 150, 62, 1423, 0, 0, 34.56%, 2, 1, 20, 5634.80, 42513285, 1082, 2, 0
11370, 150, 899, 1423, 0, 0, 34.56%, 2, 1, 20, 4639.41, 42533532, 1082, 2, 0
11375, 150, 892, 1423, 0, 0, 34.56%, 2, 1, 20, 4545.25, 42551308, 1082, 2, 0
11380, 150, 158, 1423, 0, 0, 34.56%, 2, 1, 20, 3835.07, 42570736, 1082, 2, 0
11386, 150, 813, 1423, 0, 0, 34.56%, 2, 1, 20, 4487.82, 42591539, 1082, 2, 0
11391, 150, 640, 1423, 0, 0, 34.56%, 2, 1, 20, 4672.87, 42608566, 1082, 2, 0
11396, 150, 242, 1423, 0, 0, 34.56%, 2, 1, 20, 4368.86, 42627743, 1082, 2, 0
11401, 150, 1016, 1423, 0, 0, 34.56%, 2, 1, 20, 4781.59, 42647632, 1082, 2, 0
11406, 150, 552, 1423, 0, 0, 34.56%, 2, 1, 20, 3950.00, 42666248, 1082, 2, 0
11411, 151, 1423, 1424, 1, 0, 34.56%, 2, 1, 20, 4225.13, 42685171, 1082, 2, 0
11416, 151, 906, 1424, 0, 0, 34.56%, 2, 1, 20, 3040.90, 42697207, 1082, 2, 0
11421, 151, 1419, 1424, 0, 0, 34.56%, 2, 1, 20, 5203.08, 42716837, 1082, 2, 0
11427, 151, 258, 1424, 0, 0, 34.56%, 2, 1, 20, 5303.66, 42737659, 1082, 2, 0
11432, 151, 933, 1424, 0, 0, 34.56%, 2, 1, 20, 3545.51, 42758958, 1082, 2, 0
11437, 151, 859, 1424, 0, 0, 34.56%, 2, 1, 20, 4595.15, 42779025, 1082, 2, 0
11442, 151, 1419, 1424, 0, 0, 34.56%, 2, 1, 20, 274.58, 42798246, 1082, 2, 0
11447, 151, 1139, 1424, 0, 0, 34.56%, 2, 1, 20, 4319.54, 42819268, 1082, 2, 0
11452, 151, 392, 1424, 0, 0, 34.56%, 2, 1, 20, 4721.90, 42840611, 1082, 2, 0
11457, 151, 725, 1424, 0, 0, 34.56%, 2, 1, 20, 4008.08, 42859098, 1082, 2, 0
11463, 151, 763, 1424, 0, 0, 34.56%, 2, 1, 20, 4574.52, 42880234, 1082, 2, 0
11468, 151, 110, 1424, 0, 0, 34.56%, 2, 1, 20, 4377.70, 42900233, 1082, 2, 0
11473, 151, 170, 1424, 0, 0, 34.56%, 2, 1, 20, 5356.44, 42918540, 1082, 2, 0
11478, 151, 906, 1424, 0, 0, 34.56%, 2, 1, 20, 4766.11, 42937257, 1082, 2, 0
11483, 151, 1013, 1424, 0, 0, 34.56%, 2, 1, 20, 5364.99, 42957606, 1082, 2, 0
11488, 152, 664, 1424, 0, 0, 34.56%, 2, 1, 20, 654.99, 42976436, 1082, 2, 0
11493, 152, 660, 1424, 0, 0, 34.56%, 2, 1, 20, 4277.58, 42996064, 1082, 2, 0
11499, 152, 992, 1424, 0, 0, 34.56%, 2, 1, 20, 5163.76, 43016650, 1082, 2, 0
11504, 152, 431, 1424, 0, 0, 34.56%, 2, 1, 20, 4505.55, 43036023, 1082, 2, 0
11509, 152, 899, 1424, 0, 0, 34.56%, 2, 1, 20, 518.84, 43053619, 1082, 2, 0
11514, 152, 456, 1424, 0, 0, 34.56%, 2, 1, 20, 4545.67, 43072325, 1082, 2, 0
11519, 152, 1419, 1424, 0, 0, 34.56%, 2, 1, 20, 902.37, 43092516, 1082, 2, 0
11524, 152, 589, 1424, 0, 0, 34.56%, 2, 1, 20, 4756.20, 43113342, 1082, 2, 0
11529, 152, 693, 1424, 0, 0, 34.56%, 2, 1, 20, 531.65, 43132764, 1082, 2, 0
11535, 152, 1095, 1424, 0, 0, 34.56%, 2, 1, 20, 4528.86, 43151424, 1082, 2, 0
11540, 152, 1414, 1424, 0, 0, 34.56%, 2, 1, 20, 5185.00, 43168379, 1082, 2, 0
11545, 152, 685, 1424, 0, 0, 34.56%, 2, 1, 20, 4792.20, 43187507, 1082, 2, 0
11550, 152, 899, 1424, 0, 0, 34.56%, 2, 1, 20, 5193.72, 43205181, 1082, 2, 0
11555, 152, 87, 1424, 0, 0, 34.56%, 2, 1, 20, 4551.31, 43226562, 1082, 2, 0
11560, 152, 527, 1424, 0, 0, 34.56%, 2, 1, 20, 5102.90, 43247661, 1082, 2, 0
11566, 152, 899, 1424, 0, 0, 34.56%, 2, 1, 20, 541.52, 43264391, 1082, 2, 0
11571, 153, 242, 1424, 0, 0, 34.56%, 2, 1, 20, 3880.72, 43284038, 1082, 2, 0
11576, 153, 940, 1424, 0, 0, 34.56%, 2, 1, 20, 2910.00, 43301317, 1082, 2, 0
11581, 153, 445, 1424, 0, 0, 34.56%, 2, 1, 20, 3577.20, 43320951, 1082, 2, 0
11586, 153, 788, 1424, 0, 0, 34.56%, 2, 1, 20, 4802.69, 43340539, 1082, 2, 0
11591, 153, 899, 1424, 0, 0, 34.56%, 2, 1, 20, 4786.65, 43357333, 1082, 2, 0
11596, 153, 832, 1424, 0, 0, 34.56%, 2, 1, 20, 2484.82, 43377282, 1082, 2, 0
11602, 153, 764, 1424, 0, 0, 34.56%, 2, 1, 20, 355.77, 43394856, 1082, 2, 0
11607, 153, 560, 1424, 0, 0, 34.56%, 2, 1, 20, 4331.49, 43414758, 1082, 2, 0
11612, 153, 855, 1424, 0, 0, 34.56%, 2, 1, 20, 4242.55, 43434791, 1082, 2, 0
11617, 153, 1404, 1424, 0, 0, 34.56%, 2, 1, 20, 956.93, 43450438, 1082, 2, 0
11622, 153, 111, 1424, 0, 0, 34.56%, 2, 1, 20, 5279.01, 43468962, 1082, 2, 0
11627, 153, 729, 1424, 0, 0, 34.56%, 2, 1, 20, 4326.16, 43488586, 1082, 2, 0
11632, 153, 1273, 1424, 0, 0, 34.56%, 2, 1, 20, 4225.23, 43507154, 1082, 2, 0
11637, 153, 1419, 1424, 0, 0, 34.56%, 2, 1, 20, 4571.52, 43525153, 1082, 2, 0
11642, 153, 761, 1424, 0, 0, 34.56%, 2, 1, 20, 4755.70, 43544350, 1082, 2, 0
11647, 153, 340, 1424, 0, 0, 34.56%, 2, 1, 20, 3567.21, 43565338, 1082, 2, 0
11653, 154, 1230, 1424, 0, 0, 34.56%, 2, 1, 20, 4525.66, 43586409, 1082, 2, 0
11658, 154, 363, 1424, 0, 0, 34.56%, 2, 1, 20, 4001.45, 43605738, 1082, 2, 0
11663, 154, 512, 1424, 0, 0, 34.56%, 2, 1, 20, 4405.21, 43625937, 1082, 2, 0
11668, 154, 293, 1424, 0, 0, 34.56%, 2, 1, 20, 4710.00, 43646233, 1082, 2, 0
11673, 154, 898, 1424, 0, 0, 34.56%, 2, 1, 20, 4903.47, 43667476, 1082, 2, 0
11678, 154, 143, 1424, 0, 0, 34.56%, 2, 1, 20, 4357.77, 43687912, 1082, 2, 0
11684, 154, 392, 1424, 0, 0, 34.56%, 2, 1, 20, 376.74, 43704679, 1082, 2, 0
11689, 154, 109, 1424, 0, 0, 34.56%, 2, 1, 20, 3115.82, 43724487, 1082, 2, 0
11694, 154, 954, 1424, 0, 0, 34.56%, 2, 1, 20, 4743.65, 43745693, 1082, 2, 0
11699, 154, 954, 1424, 0, 0, 34.56%, 2, 1, 20, 2255.83, 43765444, 1082, 2, 0
11704, 154, 933, 1424, 0, 0, 34.56%, 2, 1, 20, 5205.61, 43785773, 1082, 2, 0
11709, 154, 136, 1424, 0, 0, 34.56%, 2, 1, 20, 3883.09, 43803143, 1082, 2, 0
11714, 154, 1422, 1424, 0, 0, 34.56%, 2, 1, 20, 434.68, 43821869, 1082, 2, 0
11719, 154, 101, 1424, 0, 0, 34.56%, 2, 1, 20, 4028.99, 43842050, 1082, 2, 0
11724, 154, 312, 1424, 0, 0, 34.56%, 2, 1, 20, 4458.24, 43863324, 1082, 2, 0
11729, 155, 104, 1424, 0, 0, 34.56%, 2, 1, 20, 4346.13, 43883985, 1082, 2, 0
11735, 155, 877, 1424, 0, 0, 34.56%, 2, 1, 20, 1002.63, 43902508, 1082, 2, 0
11740, 155, 764, 1424, 0, 0, 34.56%, 2, 1, 20, 5265.32, 43921215, 1082, 2, 0
11745, 155, 318, 1424, 0, 0, 34.56%, 2, 1, 20, 4744.63, 43940662, 1082, 2, 0
11750, 155, 954, 1424, 0, 0, 34.56%, 2, 1, 20, 5127.32, 43959538, 1082, 2, 0
11755, 155, 954, 1424, 0, 0, 34.56%, 2, 1, 20, 4401.47, 43979566, 1082, 2, 0
11760, 155, 1386, 1424, 0, 0, 34.56%, 2, 1, 20, 4674.16, 43998728, 1082, 2, 0
11765, 155, 852, 1424, 0, 0, 34.56%, 2, 1, 20, 498.13, 44015150, 1082, 2, 0
11770, 155, 992, 1424, 0, 0, 34.56%, 2, 1, 20, 5335.02, 44033174, 1082, 2, 0
11775, 155, 695, 1424, 0, 0, 34.56%, 2, 1, 20, 4233.29, 44052059, 1082, 2, 0
11780, 155, 136, 1424, 0, 0, 34.56%, 2, 1, 20, 5145.00, 44070622, 1082, 2, 0
11785, 155, 125, 1424, 0, 0, 34.56%, 2, 1, 20, 4457.71, 44090211, 1082, 2, 0
11791, 155, 759, 1424, 0, 0, 34.56%, 2, 1, 20, 468.89, 44109915, 1082, 2, 0
11796, 155, 761, 1424, 0, 0, 34.56%, 2, 1, 20, 2995.02, 44130259, 1082, 2, 0
11801, 155, 115, 1424, 0, 0, 34.56%, 2, 1, 20, 4467.20, 44149440, 1082, 2, 0
11806, 155, 899, 1424, 0, 0, 34.56%, 2, 1, 20, 4485.10, 44169924, 1082, 2, 0
11811, 156, 906, 1424, 0, 0, 34.56%, 2, 1, 20, 686.46, 44188836, 1082, 2, 0
11817, 156, 63, 1424, 0, 0, 34.56%, 2, 1, 20, 4386.28, 44209933, 1082, 2, 0
11822, 156, 832, 1424, 0, 0, 34.56%, 2, 1, 20, 4250.35, 44230978, 1082, 2, 0
11827, 156, 954, 1424, 0, 0, 34.56%, 2, 1, 20, 4638.54, 44251403, 1082, 2, 0
11832, 156, 97, 1424, 0, 0, 34.56%, 2, 1, 20, 3638.84, 44268030, 1082, 2, 0
11837, 156, 247, 1424, 0, 0, 34.56%, 2, 1, 20, 4812.20, 44285872, 1082, 2, 0
11842, 156, 1419, 1424, 0, 0, 34.56%, 2, 1, 20, 4563.20, 44306169, 1082, 2, 0
11847, 156, 899, 1424, 0, 0, 34.56%, 2, 1, 20, 4526.46, 44324556, 1082, 2, 0
11852, 156, 128, 1424, 0, 0, 34.56%, 2, 1, 20, 4058.64, 44345376, 1082, 2, 0
11857, 156, 503, 1424, 0, 0, 34.56%, 2, 1, 20, 4178.73, 44363637, 1082, 2, 0
11862, 156, 718, 1424, 0, 0, 34.56%, 2, 1, 20, 5313.41, 44380668, 1082, 2, 0
11867, 156, 241, 1424, 0, 0, 34.56%, 2, 1, 20, 3524.05, 44401059, 1082, 2, 0
11872, 156, 109, 1424, 0, 0, 34.56%, 2, 1, 20, 3905.58, 44420156, 1082, 2, 0
11877, 156, 899, 1424, 0, 0, 34.56%, 2, 1, 20, 3771.90, 44437411, 1082, 2, 0
11882, 156, 254, 1424, 0, 0, 34.56%, 2, 1, 20, 4169.60, 44457315, 1082, 2, 0
11888, 156, 899, 1424, 0, 0, 34.56%, 2, 1, 20, 232.35, 44475162, 1082, 2, 0
11893, 157, 760, 1424, 0, 0, 34.56%, 2, 1, 20, 3452.26, 44495652, 1082, 2, 0
11898, 157, 1393, 1424, 0, 0, 34.56%, 2, 1, 20, 4561.12, 44512318, 1082, 2, 0
11903, 157, 260, 1424, 0, 0, 34.56%, 2, 1, 20, 4788.46, 44532500, 1082, 2, 0
11908, 157, 926, 1424, 0, 0, 34.56%, 2, 1, 20, 4537.15, 44549070, 1082, 2, 0
11913, 157, 682, 1424, 0, 0, 34.56%, 2, 1, 20, 4778.87, 44569329, 1082, 2, 0
11918, 157, 1419, 1424, 0, 0, 34.56%, 2, 1, 20, 5102.08, 44587626, 1082, 2, 0
11923, 157, 844, 1424, 0, 0, 34.56%, 2, 1, 20, 384.26, 44606366, 1082, 2, 0
11929, 157, 66, 1424, 0, 0, 34.56%, 2, 1, 20, 4357.22, 44627582, 1082, 2, 0
11934, 157, 1419, 1424, 0, 0, 34.56%, 2, 1, 20, 4298.99, 44646650, 1082, 2, 0
11939, 157, 685, 1424, 0, 0, 34.56%, 2, 1, 20, 5588.92, 44667033, 1082, 2, 0
11944, 157, 242, 1424, 0, 0, 34.56%, 2, 1, 20, 4878.80, 44685930, 1082, 2, 0
11949, 157, 910, 1424, 0, 0, 34.56%, 2, 1, 20, 3495.10, 44703439, 1082, 2, 0
11954, 157, 771, 1424, 0, 0, 34.56%, 2, 1, 20, 3558.88, 44724809, 1082, 2, 0
11959, 157, 64, 1424, 0, 0, 34.56%, 2, 1, 20, 4261.54, 44745872, 1082, 2, 0
11964, 157, 1348, 1424, 0, 0, 34.56%, 2, 1, 20, 4380.62, 44765219, 1082, 2, 0
11969, 158, 357, 1424, 0, 0, 34.56%, 2, 1, 20, 4823.40, 44784452, 1082, 2, 0
11974, 158, 764, 1424, 0, 0, 34.56%, 2, 1, 20, 4118.44, 44803277, 1082, 2, 0
11980, 158, 1048, 1424, 0, 0, 34.56%, 2, 1, 20, 3758.51, 44821900, 1082, 2, 0
11985, 158, 512, 1424, 0, 0, 34.56%, 2, 1, 20, 3636.56, 44838653, 1082, 2, 0
11990, 158, 954, 1424, 0, 0, 34.56%, 2, 1, 20, 4139.45, 44857859, 1082, 2, 0
11995, 158, 114, 1424, 0, 0, 34.56%, 2, 1, 20, 4626.48, 44878004, 1082, 2, 0
12000, 158, 638, 1424, 0, 0, 34.56%, 2, 1, 20, 4443.09, 44897872, 1082, 2, 0
12006, 158, 832, 1424, 0, 0, 34.56%, 2, 1, 20, 475.75, 44919109, 1082, 2, 0
12011, 158, 143, 1424, 0, 0, 34.56%, 2, 1, 20, 5106.12, 44939061, 1082, 2, 0
12016, 158, 168, 1424, 0, 0, 34.56%, 2, 1, 20, 4582.08, 44959734, 1082, 2, 0
12021, 158, 1130, 1436, 12, 0, 34.56%, 2, 1, 20, 4298.51, 44976407, 1082, 2, 0
12026, 158, 1433, 1436, 11, 0, 34.56%, 2, 1, 20, 4284.66, 44994604, 1082, 2, 0
12031, 158, 1427, 1436, 10, 0, 34.56%, 2, 1, 20, 3243.25, 45009827, 1082, 2, 0
12036, 158, 1398, 1436, 9, 0, 34.56%, 2, 1, 20, 2942.96, 45025188, 1082, 2, 0
12041, 158, 1204, 1436, 8, 0, 34.56%, 2, 1, 20, 4339.59, 45044715, 1082, 2, 0
12047, 158, 1430, 1436, 7, 0, 34.56%, 2, 1, 20, 4157.49, 45057980, 1082, 2, 0
12052, 158, 1216, 1436, 3, 0, 34.56%, 2, 1, 20, 4609.59, 45079117, 1082, 2, 0
12057, 158, 1419, 1436, 3, 0, 34.56%, 2, 1, 20, 5136.46, 45100161, 1082, 2, 0
12062, 158, 25, 1436, 3, 0, 34.56%, 2, 1, 20, 4506.28, 45121281, 1082, 2, 0
12067, 159, 608, 1436, 2, 0, 34.56%, 2, 1, 20, 389.12, 45141254, 1082, 2, 0
12073, 159, 293, 1436, 2, 0, 34.56%, 2, 1, 20, 3717.67, 45159846, 1082, 2, 0
12078, 159, 945, 1436, 2, 0, 34.56%, 2, 1, 20, 5547.12, 45179454, 1082, 2, 0
12083, 159, 1421, 1436, 2, 0, 34.56%, 2, 1, 20, 5036.68, 45196757, 1082, 2, 0
12088, 159, 907, 1436, 2, 0, 34.56%, 2, 1, 20, 5416.43, 45217852, 1082, 2, 0
12093, 159, 567, 1436, 2, 0, 34.56%, 2, 1, 20, 3932.66, 45236036, 1082, 2, 0
12098, 159, 441, 1436, 2, 0, 34.56%, 2, 1, 20, 3815.62, 45254629, 1082, 2, 0
12103, 159, 1432, 1436, 2, 0, 34.56%, 2, 1, 20, 2820.94, 45269267, 1082, 2, 0
12108, 159, 1419, 1436, 1, 0, 34.56%, 2, 1, 20, 500.00, 45288305, 1082, 2, 0
12113, 159, 25, 1436, 1, 0, 34.56%, 2, 1, 20, 3822.87, 45307437, 1082, 2, 0
12119, 159, 362, 1436, 1, 0, 34.56%, 2, 1, 20, 3515.45, 45324576, 1082, 2, 0
12124, 159, 813, 1436, 1, 0, 34.56%, 2, 1, 20, 5271.35, 45346012, 1082, 2, 0
12129, 159, 146, 1436, 1, 0, 34.56%, 2, 1, 20, 451.85, 45365757, 1082, 2, 0
12134, 159, 832, 1436, 1, 0, 34.56%, 2, 1, 20, 3638.61, 45387671, 1082, 2, 0
12139, 159, 1304, 1436, 1, 0, 34.56%, 2, 1, 20, 4184.66, 45408580, 1082, 2, 0
12144, 159, 992, 1436, 1, 0, 34.56%, 2, 1, 20, 4263.80, 45429233, 1082, 2, 0
12149, 160, 159, 1436, 1, 0, 34.56%, 2, 1, 20, 4816.71, 45449890, 1082, 2, 0
12154, 160, 75, 1436, 1, 0, 34.56%, 2, 1, 20, 4511.35, 45470010, 1082, 2, 0
12159, 160, 825, 1436, 1, 0, 34.56%, 2, 1, 20, 5197.67, 45491800, 1082, 2, 0
12165, 160, 156, 1436, 1, 0, 34.56%, 2, 1, 20, 4708.16, 45512308, 1082, 2, 0
12170, 160, 933, 1436, 1, 0, 34.56%, 2, 1, 20, 4055.00, 45531619, 1082, 2, 0
12175, 160, 761, 1436, 0, 0, 34.56%, 2, 1, 20, 4009.37, 45546644, 1082, 2, 0
12180, 160, 504, 1436, 0, 0, 34.56%, 2, 1, 20, 4337.86, 45567029, 1082, 2, 0
12185, 160, 31, 1436, 0, 0, 34.56%, 2, 1, 20, 385.25, 45585663, 1082, 2, 0
12190, 160, 95, 1436, 0, 0, 34.56%, 2, 1, 20, 5125.91, 45604791, 1082, 2, 0
12195, 160, 711, 1436, 0, 0, 34.56%, 2, 1, 20, 4490.46, 45625944, 1082, 2, 0
12201, 160, 844, 1436, 0, 0, 34.56%, 2, 1, 20, 3321.62, 45644918, 1082, 2, 0
12206, 160, 606, 1436, 0, 0, 34.56%, 2, 1, 20, 806.54, 45662458, 1082, 2, 0
12211, 160, 763, 1436, 0, 0, 34.56%, 2, 1, 20, 3436.93, 45682935, 1082, 2, 0
12216, 160, 561, 1436, 0, 0, 34.56%, 2, 1, 20, 3024.92, 45704144, 1082, 2, 0
12221, 160, 764, 1436, 0, 0, 34.56%, 2, 1, 20, 3562.80, 45722699, 1082, 2, 0
12226, 160, 243, 1436, 0, 0, 34.56%, 2, 1, 20, 3972.30, 45741783, 1082, 2, 0
12231, 161, 900, 1436, 0, 0, 34.56%, 2, 1, 20, 3890.74, 45759333, 1082, 2, 0
12237, 161, 673, 1436, 0, 0, 34.56%, 2, 1, 20, 4238.47, 45778705, 1082, 2, 0
12242, 161, 79, 1436, 0, 0, 34.56%, 2, 1, 20, 4861.79, 45798626, 1082, 2, 0
12247, 161, 1105, 1436, 0, 0, 34.56%, 2, 1, 20, 3719.21, 45819458, 1082, 2, 0
12252, 161, 589, 1436, 0, 0, 34.56%, 2, 1, 20, 4297.65, 45840439, 1082, 2, 0
12257, 161, 242, 1436, 0, 0, 34.56%, 2, 1, 20, 4037.94, 45860717, 1082, 2, 0
12262, 161, 165, 1436, 0, 0, 34.56%, 2, 1, 20, 4730.53, 45878427, 1082, 2, 0
12267, 161, 1101, 1436, 0, 0, 34.56%, 2, 1, 20, 3745.75, 45897213, 1082, 2, 0
12272, 161, 634, 1436, 0, 0, 34.56%, 2, 1, 20, 4039.83, 45913709, 1082, 2, 0
12277, 161, 400, 1436, 0, 0, 34.56%, 2, 1, 20, 4023.14, 45932563, 1082, 2, 0
12283, 161, 985, 1436, 0, 0, 34.56%, 2, 1, 20, 5233.31, 45954193, 1082, 2, 0
12288, 161, 789, 1436, 0, 0, 34.56%, 2, 1, 20, 537.31, 45972560, 1082, 2, 0
12293, 161, 685, 1436, 0, 0, 34.56%, 2, 1, 20, 5787.13, 45993921, 1082, 2, 0
12298, 161, 363, 1436, 0, 0, 34.56%, 2, 1, 20, 5217.77, 46014436, 1082, 2, 0
12303, 161, 906, 1436, 0, 0, 34.56%, 2, 1, 20, 5125.61, 46034493, 1082, 2, 0
12308, 162, 104, 1436, 0, 0, 34.56%, 2, 1, 20, 4170.33, 46055292, 1082, 2, 0
12313, 162, 954, 1436, 0, 0, 34.56%, 2, 1, 20, 4939.80, 46076281, 1082, 2, 0
12318, 162, 933, 1436, 0, 0, 34.56%, 2, 1, 20, 4238.60, 46096947, 1082, 2, 0
12324, 162, 634, 1436, 0, 0, 34.56%, 2, 1, 20, 4844.68, 46117702, 1082, 2, 0
12329, 162, 899, 1436, 0, 0, 34.56%, 2, 1, 20, 772.59, 46134096, 1082, 2, 0
12334, 162, 349, 1436, 0, 0, 34.56%, 2, 1, 20, 5357.05, 46153872, 1082, 2, 0
12339, 162, 787, 1436, 0, 0, 34.56%, 2, 1, 20, 2856.05, 46172951, 1082, 2, 0
12344, 162, 1139, 1436, 0, 0, 34.56%, 2, 1, 20, 4792.74, 46192206, 1082, 2, 0
12349, 162, 560, 1436, 0, 0, 34.56%, 2, 1, 20, 5101.72, 46212932, 1082, 2, 0
12354, 162, 241, 1436, 0, 0, 34.56%, 2, 1, 20, 4765.64, 46235485, 1082, 2, 0
12360, 162, 267, 1436, 0, 0, 34.56%, 2, 1, 20, 3209.54, 46256082, 1082, 2, 0
12365, 162, 1422, 1436, 0, 0, 34.56%, 2, 1, 20, 3169.76, 46274334, 1082, 2, 0
12370, 162, 154, 1436, 0, 0, 34.56%, 2, 1, 20, 3864.88, 46294119, 1082, 2, 0
12375, 162, 973, 1436, 0, 0, 34.56%, 2, 1, 20, 5235.29, 46315566, 1082, 2, 0
12380, 162, 832, 1436, 0, 0, 34.56%, 2, 1, 20, 3901.26, 46335190, 1082, 2, 0
12385, 163, 75, 1436, 0, 0, 34.56%, 2, 1, 20, 5245.41, 46355914, 1082, 2, 0
12390, 163, 844, 1436, 0, 0, 34.56%, 2, 1, 20, 4547.85, 46376763, 1082, 2, 0
12395, 163, 784, 1436, 0, 0, 34.56%, 2, 1, 20, 4051.57, 46396659, 1082, 2, 0
12400, 163, 526, 1436, 0, 0, 34.56%, 2, 1, 20, 4282.35, 46414458, 1082, 2, 0
12406, 163, 634, 1436, 0, 0, 34.56%, 2, 1, 20, 5548.45, 46434981, 1082, 2, 0
12411, 163, 685, 1436, 0, 0, 34.56%, 2, 1, 20, 4978.01, 46456298, 1082, 2, 0
12416, 163, 139, 1436, 0, 0, 34.56%, 2, 1, 20, 2480.91, 46473364, 1082, 2, 0
12421, 163, 1235, 1436, 0, 0, 34.56%, 2, 1, 20, 4650.72, 46491871, 1082, 2, 0
12426, 163, 43, 1436, 0, 0, 34.56%, 2, 1, 20, 4910.61, 46513571, 1082, 2, 0
12431, 163, 801, 1436, 0, 0, 34.56%, 2, 1, 20, 5199.05, 46532674, 1082, 2, 0
12436, 163, 1429, 1436, 0, 0, 34.56%, 2, 1, 20, 4430.44, 46552150, 1082, 2, 0
12441, 163, 725, 1436, 0, 0, 34.56%, 2, 1, 20, 5352.89, 46568827, 1082, 2, 0
12446, 163, 1407, 1436, 0, 0, 34.56%, 2, 1, 20, 4580.62, 46589582, 1082, 2, 0
12452, 163, 579, 1436, 0, 0, 34.56%, 2, 1, 20, 4655.06, 46609977, 1082, 2, 0
12457, 163, 673, 1436, 0, 0, 34.56%, 2, 1, 20, 551.28, 46627257, 1082, 2, 0
12462, 163, 954, 1436, 0, 0, 34.56%, 2, 1, 20, 4109.75, 46646725, 1082, 2, 0
12467, 164, 1301, 1436, 0, 0, 34.56%, 2, 1, 20, 4070.44, 46666683, 1082, 2, 0
12472, 164, 267, 1436, 0, 0, 34.56%, 2, 1, 20, 4599.21, 46685979, 1082, 2, 0
12478, 164, 1239, 1436, 0, 0, 34.56%, 2, 1, 20, 329.79, 46704365, 1082, 2, 0
12483, 164, 1425, 1436, 0, 0, 34.56%, 2, 1, 20, 5534.68, 46723222, 1082, 2, 0
12488, 164, 740, 1436, 0, 0, 34.56%, 2, 1, 20, 2262.97, 46741717, 1082, 2, 0
12493, 164, 1305, 1436, 0, 0, 34.56%, 2, 1, 20, 3963.02, 46760918, 1082, 2, 0
12498, 164, 763, 1436, 0, 0, 34.56%, 2, 1, 20, 3729.81, 46776795, 1082, 2, 0
12503, 164, 471, 1436, 0, 0, 34.56%, 2, 1, 20, 2314.23, 46793832, 1082, 2, 0
12508, 164, 10, 1436, 0, 0, 34.56%, 2, 1, 20, 4281.42, 46813807, 1082, 2, 0
12513, 164, 530, 1436, 0, 0, 34.56%, 2, 1, 20, 4622.30, 46833682, 1082, 2, 0
12519, 164, 962, 1436, 0, 0, 34.56%, 2, 1, 20, 3862.71, 46854266, 1082, 2, 0
12524, 164, 883, 1436, 0, 0, 34.56%, 2, 1, 20, 3392.92, 46873990, 1082, 2, 0
12529, 164, 15, 1436, 0, 0, 34.56%, 2, 1, 20, 4315.00, 46893531, 1082, 2, 0
12534, 164, 940, 1436, 0, 0, 34.56%, 2, 1, 20, 5450.21, 46915072, 1082, 2, 0
12539, 164, 1308, 1436, 0, 0, 34.56%, 2, 1, 20, 5172.32, 46935061, 1082, 2, 0
12544, 164, 693, 1436, 0, 0, 34.56%, 2, 1, 20, 4874.76, 46954978, 1082, 2, 0
12549, 165, 15, 1436, 0, 0, 34.56%, 2, 1, 20, 4277.21, 46974296, 1082, 2, 0
12554, 165, 242, 1436, 0, 0, 34.56%, 2, 1, 20, 4497.01, 46992273, 1082, 2, 0
12559, 165, 754, 1436, 0, 0, 34.56%, 2, 1, 20, 5268.76, 47012589, 1082, 2, 0
12565, 165, 847, 1436, 0, 0, 34.56%, 2, 1, 20, 4678.42, 47031954, 1082, 2, 0
12570, 165, 992, 1436, 0, 0, 34.56%, 2, 1, 20, 277.95, 47050716, 1082, 2, 0
12575, 165, 1391, 1436, 0, 0, 34.56%, 2, 1, 20, 4854.53, 47071712, 1082, 2, 0
12580, 165, 764, 1436, 0, 0, 34.56%, 2, 1, 20, 5072.69, 47092493, 1082, 2, 0
12585, 165, 947, 1436, 0, 0, 34.56%, 2, 1, 20, 4965.27, 47110717, 1082, 2, 0
12590, 165, 965, 1436, 0, 0, 34.56%, 2, 1, 20, 3745.47, 47127881, 1082, 2, 0
12595, 165, 608, 1436, 0, 0, 34.56%, 2, 1, 20, 5520.27, 47146250, 1082, 2, 0
12601, 165, 745, 1436, 0, 0, 34.56%, 2, 1, 20, 4953.59, 47164974, 1082, 2, 0
12606, 165, 832, 1436, 0, 0, 34.56%, 2, 1, 20, 4629.92, 47184081, 1082, 2, 0
12611, 165, 750, 1436, 0, 0, 34.56%, 2, 1, 20, 3522.43, 47204506, 1082, 2, 0
12616, 165, 1409, 1436, 0, 0, 34.56%, 2, 1, 20, 4848.21, 47224454, 1082, 2, 0
12621, 165, 640, 1436, 0, 0, 34.56%, 2, 1, 20, 4026.95, 47244448, 1082, 2, 0
12627, 166, 668, 1436, 0, 0, 34.56%, 2, 1, 20, 268.41, 47260397, 1082, 2, 0
12632, 166, 900, 1436, 0, 0, 34.56%, 2, 1, 20, 5032.70, 47278983, 1082, 2, 0
12637, 166, 312, 1436, 0, 0, 34.56%, 2, 1, 20, 2002.00, 47298200, 1082, 2, 0
12642, 166, 954, 1436, 0, 0, 34.56%, 2, 1, 20, 3960.21, 47319643, 1082, 2, 0
12647, 166, 88, 1436, 0, 0, 34.56%, 2, 1, 20, 4390.45, 47340317, 1082, 2, 0
12652, 166, 1419, 1436, 0, 0, 34.56%, 2, 1, 20, 4529.31, 47360875, 1082, 2, 0
12657, 166, 607, 1436, 0, 0, 34.56%, 2, 1, 20, 346.94, 47381774, 1082, 2, 0
12663, 166, 185, 1436, 0, 0, 34.56%, 2, 1, 20, 5007.61, 47402900, 1082, 2, 0
12668, 166, 136, 1436, 0, 0, 34.56%, 2, 1, 20, 4721.98, 47424348, 1082, 2, 0
12673, 166, 954, 1436, 0, 0, 34.56%, 2, 1, 20, 4516.55, 47442579, 1082, 2, 0
12678, 166, 1411, 1436, 0, 0, 34.56%, 2, 1, 20, 3633.96, 47463431, 1082, 2, 0
12683, 166, 962, 1436, 0, 0, 34.56%, 2, 1, 20, 4074.45, 47480917, 1082, 2, 0
12688, 166, 977, 1436, 0, 0, 34.56%, 2, 1, 20, 4642.73, 47501574, 1082, 2, 0
12693, 166, 759, 1436, 0, 0, 34.56%, 2, 1, 20, 5480.70, 47521094, 1082, 2, 0
12698, 166, 607, 1436, 0, 0, 34.56%, 2, 1, 20, 4668.80, 47541776, 1082, 2, 0
12703, 166, 954, 1436, 0, 0, 34.56%, 2, 1, 20, 204.72, 47559788, 1082, 2, 0
12709, 167, 1434, 1436, 0, 0, 34.56%, 2, 1, 20, 3761.18, 47580541, 1082, 2, 0
12714, 167, 315, 1436, 0, 0, 34.56%, 2, 1, 20, 4441.01, 47597990, 1082, 2, 0
12719, 167, 899, 1436, 0, 0, 34.56%, 2, 1, 20, 805.19, 47616700, 1082, 2, 0
12724, 167, 788, 1436, 0, 0, 34.56%, 2, 1, 20, 4493.29, 47635293, 1082, 2, 0
12729, 167, 88, 1436, 0, 0, 34.56%, 2, 1, 20, 1215.85, 47656820, 1082, 2, 0
12734, 167, 693, 1436, 0, 0, 34.56%, 2, 1, 20, 3671.39, 47677024, 1082, 2, 0
12739, 167, 527, 1436, 0, 0, 34.56%, 2, 1, 20, 5472.31, 47696915, 1082, 2, 0
12744, 167, 242, 1436, 0, 0, 34.56%, 2, 1, 20, 4618.03, 47716348, 1082, 2, 0
12750, 167, 25, 1436, 0, 0, 34.56%, 2, 1, 20, 3716.67, 47736324, 1082, 2, 0
12755, 167, 312, 1436, 0, 0, 34.56%, 2, 1, 20, 5030.00, 47754854, 1082, 2, 0
12760, 167, 88, 1436, 0, 0, 34.56%, 2, 1, 20, 1565.63, 47770329, 1082, 2, 0
12765, 167, 764, 1436, 0, 0, 34.56%, 2, 1, 20, 3986.44, 47790597, 1082, 2, 0
12770, 167, 852, 1436, 0, 0, 34.56%, 2, 1, 20, 4951.78, 47812590, 1082, 2, 0
12775, 167, 763, 1436, 0, 0, 34.56%, 2, 1, 20, 5100.82, 47833092, 1082, 2, 0
12780, 167, 1241, 1436, 0, 0, 34.56%, 2, 1, 20, 3772.31, 47851773, 1082, 2, 0
12785, 168, 1350, 1436, 0, 0, 34.56%, 2, 1, 20, 548.00, 47870111, 1082, 2, 0
12791, 168, 1057, 1436, 0, 0, 34.56%, 2, 1, 20, 5372.64, 47890619, 1082, 2, 0
12796, 168, 267, 1436, 0, 0, 34.56%, 2, 1, 20, 4562.70, 47910939, 1082, 2, 0
12801, 168, 40, 1436, 0, 0, 34.56%, 2, 1, 20, 4850.92, 47929524, 1082, 2, 0
12806, 168, 527, 1436, 0, 0, 34.56%, 2, 1, 20, 4767.30, 47949049, 1082, 2, 0
12812, 168, 933, 1436, 0, 0, 34.56%, 2, 1, 20, 5183.68, 47970329, 1082, 2, 0
12817, 168, 158, 1436, 0, 0, 34.56%, 2, 1, 20, 4532.12, 47991415, 1082, 2, 0
12822, 168, 33, 1436, 0, 0, 34.56%, 2, 1, 20, 4280.90, 48012616, 1082, 2, 0
12827, 168, 513, 1436, 0, 0, 34.56%, 2, 1, 20, 4721.41, 48031983, 1082, 2, 0
12832, 168, 787, 1436, 0, 0, 34.56%, 2, 1, 20, 4810.62, 48050120, 1082, 2, 0
12837, 168, 701, 1436, 0, 0, 34.56%, 2, 1, 20, 4200.36, 48068920, 1082, 2, 0
12842, 168, 705, 1436, 0, 0, 34.56%, 2, 1, 20, 4048.19, 48087724, 1082, 2, 0
12847, 168, 80, 1436, 0, 0, 34.56%, 2, 1, 20, 4224.85, 48109092, 1082, 2, 0
12852, 168, 237, 1436, 0, 0, 34.56%, 2, 1, 20, 440.30, 48126249, 1082, 2, 0
12858, 168, 833, 1436, 0, 0, 34.56%, 2, 1, 20, 4540.20, 48147866, 1082, 2, 0
12863, 168, 100, 1436, 0, 0, 34.56%, 2, 1, 20, 4096.13, 48167686, 1082, 2, 0
12868, 169, 102, 1436, 0, 0, 34.56%, 2, 1, 20, 4631.84, 48186831, 1082, 2, 0
12873, 169, 111, 1436, 0, 0, 34.56%, 2, 1, 20, 4425.41, 48206576, 1082, 2, 0
12878, 169, 4, 1436, 0, 0, 34.56%, 2, 1, 20, 4085.89, 48223449, 1082, 2, 0
12883, 169, 664, 1436, 0, 0, 34.56%, 2, 1, 20, 4025.64, 48240670, 1082, 2, 0
12888, 169, 1155, 1436, 0, 0, 34.56%, 2, 1, 20, 2337.75, 48258885, 1082, 2, 0
12893, 169, 213, 1436, 0, 0, 34.56%, 2, 1, 20, 3547.55, 48277569, 1082, 2, 0
12898, 169, 693, 1436, 0, 0, 34.56%, 2, 1, 20, 4014.04, 48298446, 1082, 2, 0
12903, 169, 906, 1436, 0, 0, 34.56%, 2, 1, 20, 4756.04, 48318962, 1082, 2, 0
12908, 169, 63, 1436, 0, 0, 34.56%, 2, 1, 20, 4564.50, 48338376, 1082, 2, 0
12913, 169, 1414, 1436, 0, 0, 34.56%, 2, 1, 20, 4127.40, 48357304, 1082, 2, 0
12919, 169, 240, 1436, 0, 0, 34.56%, 2, 1, 20, 5258.71, 48376718, 1082, 2, 0
12924, 169, 293, 1436, 0, 0, 34.56%, 2, 1, 20, 5257.15, 48398817, 1082, 2, 0
12929, 169, 312, 1436, 0, 0, 34.56%, 2, 1, 20, 5295.82, 48419044, 1082, 2, 0
12934, 169, 682, 1436, 0, 0, 34.56%, 2, 1, 20, 5005.00, 48437760, 1082, 2, 0
12939, 169, 826, 1436, 0, 0, 34.56%, 2, 1, 20, 3782.77, 48456925, 1082, 2, 0
12944, 170, 764, 1436, 0, 0, 34.56%, 2, 1, 20, 4866.13, 48476839, 1082, 2, 0
12950, 170, 876, 1436, 0, 0, 34.56%, 2, 1, 20, 739.78, 48496737, 1082, 2, 0
12955, 170, 592, 1436, 0, 0, 34.56%, 2, 1, 20, 3770.71, 48516137, 1082, 2, 0
12960, 170, 58, 1436, 0, 0, 34.56%, 2, 1, 20, 5092.50, 48536401, 1082, 2, 0
12965, 170, 635, 1436, 0, 0, 34.56%, 2, 1, 20, 4498.53, 48555617, 1082, 2, 0
12970, 170, 1042, 1436, 0, 0, 34.56%, 2, 1, 20, 4238.12, 48575717, 1082, 2, 0
12975, 170, 785, 1436, 0, 0, 34.56%, 2, 1, 20, 4334.86, 48595442, 1082, 2, 0
12980, 170, 143, 1436, 0, 0, 34.56%, 2, 1, 20, 4847.24, 48614126, 1082, 2, 0
12986, 170, 521, 1436, 0, 0, 34.56%, 2, 1, 20, 5117.54, 48632576, 1082, 2, 0
12991, 170, 54, 1436, 0, 0, 34.56%, 2, 1, 20, 5223.64, 48653334, 1082, 2, 0
12996, 170, 13, 1436, 0, 0, 34.56%, 2, 1, 20, 3606.13, 48670856, 1082, 2, 0
13001, 170, 88, 1436, 0, 0, 34.56%, 2, 1, 20, 4180.74, 48689732, 1082, 2, 0
13006, 170, 32, 1436, 0, 0, 34.56%, 2, 1, 20, 4957.65, 48710443, 1082, 2, 0
13011, 170, 985, 1436, 0, 0, 34.56%, 2, 1, 20, 4254.34, 48729992, 1082, 2, 0
13016, 170, 1071, 1436, 0, 0, 34.56%, 2, 1, 20, 5079.23, 48749811, 1082, 2, 0
13022, 170, 1130, 1436, 0, 0, 34.56%, 2, 1, 20, 2645.29, 48769423, 1082, 2, 0
13027, 171, 480, 1436, 0, 0, 34.56%, 2, 1, 20, 4479.81, 48790084, 1082, 2, 0
13032, 171, 237, 1436, 0, 0, 34.56%, 2, 1, 20, 4420.90, 48810161, 1082, 2, 0
13037, 171, 527, 1436, 0, 0, 34.56%, 2, 1, 20, 5273.71, 48830298, 1082, 2, 0
13043, 171, 158, 1436, 0, 0, 34.56%, 2, 1, 20, 4600.49, 48852689, 1082, 2, 0
13048, 171, 91, 1436, 0, 0, 34.56%, 2, 1, 20, 4867.26, 48873692, 1082, 2, 0
13053, 171, 956, 1436, 0, 0, 34.56%, 2, 1, 20, 5234.20, 48894155, 1082, 2, 0
13058, 171, 673, 1436, 0, 0, 34.56%, 2, 1, 20, 4968.05, 48913679, 1082, 2, 0
13063, 171, 897, 1436, 0, 0, 34.56%, 2, 1, 20, 4366.58, 48931267, 1082, 2, 0
13068, 171, 764, 1436, 0, 0, 34.56%, 2, 1, 20, 4416.82, 48953512, 1082, 2, 0
13073, 171, 407, 1436, 0, 0, 34.56%, 2, 1, 20, 4634.15, 48974346, 1082, 2, 0
13078, 171, 899, 1436, 0, 0, 34.56%, 2, 1, 20, 4853.95, 48992549, 1082, 2, 0
13083, 171, 156, 1436, 0, 0, 34.56%, 2, 1, 20, 4212.46, 49014069, 1082, 2, 0
13088, 171, 407, 1436, 0, 0, 34.56%, 2, 1, 20, 4920.48, 49032757, 1082, 2, 0
13093, 171, 764, 1436, 0, 0, 34.56%, 2, 1, 20, 4515.25, 49053012, 1082, 2, 0
13099, 171, 362, 1436, 0, 0, 34.56%, 2, 1, 20, 4499.99, 49072980, 1082, 2, 0
13104, 172, 408, 1436, 0, 0, 34.56%, 2, 1, 20, 4580.29, 49095271, 1082, 2, 0
13109, 172, 407, 1436, 0, 0, 34.56%, 2, 1, 20, 471.34, 49113760, 1082, 2, 0
13114, 172, 121, 1436, 0, 0, 34.56%, 2, 1, 20, 5535.00, 49133021, 1082, 2, 0
13119, 172, 640, 1436, 0, 0, 34.56%, 2, 1, 20, 4505.22, 49153717, 1082, 2, 0
13124, 172, 1139, 1436, 0, 0, 34.56%, 2, 1, 20, 4046.84, 49173954, 1082, 2, 0
13130, 172, 664, 1436, 0, 0, 34.56%, 2, 1, 20, 4198.62, 49193459, 1082, 2, 0
13135, 172, 607, 1436, 0, 0, 34.56%, 2, 1, 20, 5495.67, 49214566, 1082, 2, 0
13140, 172, 844, 1436, 0, 0, 34.56%, 2, 1, 20, 4241.70, 49233496, 1082, 2, 0
13145, 172, 66, 1436, 0, 0, 34.56%, 2, 1, 20, 738.47, 49252757, 1082, 2, 0
13150, 172, 753, 1436, 0, 0, 34.56%, 2, 1, 20, 2638.57, 49272814, 1082, 2, 0
13155, 172, 148, 1436, 0, 0, 34.56%, 2, 1, 20, 4176.08, 49292796, 1082, 2, 0
13160, 172, 890, 1436, 0, 0, 34.56%, 2, 1, 20, 5055.30, 49311229, 1082, 2, 0
13165, 172, 579, 1436, 0, 0, 34.56%, 2, 1, 20, 4845.44, 49330345, 1082, 2, 0
13170, 172, 360, 1436, 0, 0, 34.56%, 2, 1, 20, 4629.19, 49350858, 1082, 2, 0
13175, 172, 693, 1436, 0, 0, 34.56%, 2, 1, 20, 4828.25, 49371798, 1082, 2, 0
13180, 173, 697, 1436, 0, 0, 34.56%, 2, 1, 20, 3424.74, 49388987, 1082, 2, 0
13185, 173, 242, 1436, 0, 0, 34.56%, 2, 1, 20, 4690.00, 49410038, 1082, 2, 0
13191, 173, 80, 1436, 0, 0, 34.56%, 2, 1, 20, 5582.14, 49430763, 1082, 2, 0
13196, 173, 405, 1436, 0, 0, 34.56%, 2, 1, 20, 3266.46, 49450487, 1082, 2, 0
13201, 173, 1021, 1436, 0, 0, 34.56%, 2, 1, 20, 561.40, 49469890, 1082, 2, 0
13206, 173, 898, 1436, 0, 0, 34.56%, 2, 1, 20, 3604.46, 49488360, 1082, 2, 0
13211, 173, 634, 1436, 0, 0, 34.56%, 2, 1, 20, 4057.27, 49509227, 1082, 2, 0
13216, 173, 293, 1436, 0, 0, 34.56%, 2, 1, 20, 381.65, 49527175, 1082, 2, 0
13221, 173, 406, 1442, 6, 0, 34.56%, 2, 1, 20, 3030.16, 49544375, 1082, 2, 0
13226, 173, 1438, 1442, 5, 0, 34.56%, 2, 1, 20, 749.12, 49557050, 1082, 2, 0
13231, 173, 1216, 1442, 4, 0, 34.56%, 2, 1, 20, 5121.71, 49568492, 1082, 2, 0
13236, 173, 932, 1442, 3, 0, 34.56%, 2, 1, 20, 350.71, 49579214, 1082, 2, 0
13242, 173, 750, 1442, 3, 0, 34.56%, 2, 1, 20, 4352.89, 49600021, 1082, 2, 0
13247, 173, 901, 1442, 3, 0, 34.56%, 2, 1, 20, 4204.23, 49620733, 1082, 2, 0
13252, 173, 1437, 1442, 2, 0, 34.56%, 2, 1, 20, 4396.07, 49641872, 1082, 2, 0
13257, 173, 1143, 1442, 1, 0, 34.56%, 2, 1, 20, 4719.42, 49662419, 1082, 2, 0
13263, 173, 1339, 1442, 1, 0, 34.56%, 2, 1, 20, 3626.62, 49681400, 1082, 2, 0
13268, 173, 693, 1442, 1, 0, 34.56%, 2, 1, 20, 3538.43, 49700102, 1082, 2, 0
13273, 174, 832, 1442, 1, 0, 34.56%, 2, 1, 20, 4677.02, 49720647, 1082, 2, 0
13278, 174, 136, 1442, 1, 0, 34.56%, 2, 1, 20, 5534.86, 49741997, 1082, 2, 0
13283, 174, 899, 1442, 1, 0, 34.56%, 2, 1, 20, 3986.44, 49763122, 1082, 2, 0
13288, 174, 180, 1442, 1, 0, 34.56%, 2, 1, 20, 4993.73, 49781393, 1082, 2, 0
13293, 174, 101, 1442, 1, 0, 34.56%, 2, 1, 20, 4442.09, 49801980, 1082, 2, 0
13298, 174, 813, 1442, 1, 0, 34.56%, 2, 1, 20, 4326.46, 49819680, 1082, 2, 0
13303, 174, 764, 1442, 1, 0, 34.56%, 2, 1, 20, 3227.16, 49838513, 1082, 2, 0
13308, 174, 899, 1442, 1, 0, 34.56%, 2, 1, 20, 4299.05, 49857774, 1082, 2, 0
13313, 174, 405, 1442, 1, 0, 34.56%, 2, 1, 20, 2304.49, 49876367, 1082, 2, 0
13318, 174, 945, 1442, 1, 0, 34.56%, 2, 1, 20, 759.49, 49894540, 1082, 2, 0
13324, 174, 73, 1442, 1, 0, 34.56%, 2, 1, 20, 4771.64, 49916779, 1082, 2, 0
13329, 174, 1439, 1442, 1, 0, 34.56%, 2, 1, 20, 4280.38, 49936104, 1082, 2, 0
13334, 174, 613, 1442, 0, 0, 34.56%, 2, 1, 20, 4763.36, 49950451, 1082, 2, 0
13339, 174, 1115, 1442, 0, 0, 34.56%, 2, 1, 20, 4138.02, 49970044, 1082, 2, 0
13344, 174, 896, 1442, 0, 0, 34.56%, 2, 1, 20, 4288.24, 49990137, 1082, 2, 0
13349, 174, 729, 1442, 0, 0, 34.56%, 2, 1, 20, 4522.96, 50007727, 1082, 2, 0
13354, 175, 71, 1442, 0, 0, 34.56%, 2, 1, 20, 4538.79, 50028027, 1082, 2, 0
13359, 175, 55, 1442, 0, 0, 34.56%, 2, 1, 20, 4804.92, 50048407, 1082, 2, 0
13364, 175, 832, 1442, 0, 0, 34.56%, 2, 1, 20, 262.96, 50065650, 1082, 2, 0
13369, 175, 813, 1442, 0, 0, 34.56%, 2, 1, 20, 4458.13, 50086271, 1082, 2, 0
13374, 175, 180, 1442, 0, 0, 34.56%, 2, 1, 20, 4907.85, 50107999, 1082, 2, 0
13380, 175, 906, 1442, 0, 0, 34.56%, 2, 1, 20, 4523.63, 50128045, 1082, 2, 0
13385, 175, 136, 1442, 0, 0, 34.56%, 2, 1, 20, 3451.87, 50147142, 1082, 2, 0
13390, 175, 899, 1442, 0, 0, 34.56%, 2, 1, 20, 4709.70, 50164479, 1082, 2, 0
13395, 175, 425, 1442, 0, 0, 34.56%, 2, 1, 20, 3178.10, 50183546, 1082, 2, 0
13400, 175, 763, 1442, 0, 0, 34.56%, 2, 1, 20, 3758.34, 50204029, 1082, 2, 0
13405, 175, 886, 1442, 0, 0, 34.56%, 2, 1, 20, 4645.83, 50224987, 1082, 2, 0
13410, 175, 876, 1442, 0, 0, 34.56%, 2, 1, 20, 4670.12, 50245365, 1082, 2, 0
13415, 175, 1156, 1442, 0, 0, 34.56%, 2, 1, 20, 3939.40, 50265591, 1082, 2, 0
13420, 175, 589, 1442, 0, 0, 34.56%, 2, 1, 20, 2821.97, 50285662, 1082, 2, 0
13426, 175, 156, 1442, 0, 0, 34.56%, 2, 1, 20, 3683.35, 50307631, 1082, 2, 0
13431, 176, 899, 1442, 0, 0, 34.56%, 2, 1, 20, 911.55, 50327264, 1082, 2, 0
13436, 176, 945, 1442, 0, 0, 34.56%, 2, 1, 20, 3738.62, 50346817, 1082, 2, 0
13441, 176, 31, 1442, 0, 0, 34.56%, 2, 1, 20, 3332.12, 50366140, 1082, 2, 0
13446, 176, 13, 1442, 0, 0, 34.56%, 2, 1, 20, 4794.74, 50387404, 1082, 2, 0
13451, 176, 85, 1442, 0, 0, 34.56%, 2, 1, 20, 4786.78, 50406378, 1082, 2, 0
13457, 176, 267, 1442, 0, 0, 34.56%, 2, 1, 20, 4468.68, 50423919, 1082, 2, 0
13462, 176, 899, 1442, 0, 0, 34.56%, 2, 1, 20, 4878.77, 50444237, 1082, 2, 0
13467, 176, 924, 1442, 0, 0, 34.56%, 2, 1, 20, 4781.59, 50465861, 1082, 2, 0
13472, 176, 133, 1442, 0, 0, 34.56%, 2, 1, 20, 594.38, 50482314, 1082, 2, 0
13477, 176, 526, 1442, 0, 0, 34.56%, 2, 1, 20, 4702.79, 50502953, 1082, 2, 0
13482, 176, 329, 1442, 0, 0, 34.56%, 2, 1, 20, 5608.07, 50523105, 1082, 2, 0
13487, 176, 357, 1442, 0, 0, 34.56%, 2, 1, 20, 4892.28, 50542302, 1082, 2, 0
13492, 176, 729, 1442, 0, 0, 34.56%, 2, 1, 20, 811.97, 50561219, 1082, 2, 0
13497, 176, 899, 1442, 0, 0, 34.56%, 2, 1, 20, 2702.80, 50580766, 1082, 2, 0
13503, 176, 1219, 1442, 0, 0, 34.56%, 2, 1, 20, 4772.73, 50600345, 1082, 2, 0
13508, 177, 899, 1442, 0, 0, 34.56%, 2, 1, 20, 199.64, 50618947, 1082, 2, 0
13513, 177, 832, 1442, 0, 0, 34.56%, 2, 1, 20, 4569.44, 50637415, 1082, 2, 0
13518, 177, 363, 1442, 0, 0, 34.56%, 2, 1, 20, 4982.94, 50659283, 1082, 2, 0
13523, 177, 899, 1442, 0, 0, 34.56%, 2, 1, 20, 4579.70, 50677815, 1082, 2, 0
13528, 177, 431, 1442, 0, 0, 34.56%, 2, 1, 20, 4510.05, 50697644, 1082, 2, 0
13533, 177, 802, 1442, 0, 0, 34.56%, 2, 1, 20, 3418.52, 50714957, 1082, 2, 0
13538, 177, 392, 1442, 0, 0, 34.56%, 2, 1, 20, 4873.14, 50735534, 1082, 2, 0
13544, 177, 455, 1442, 0, 0, 34.56%, 2, 1, 20, 3916.33, 50757529, 1082, 2, 0
13549, 177, 1019, 1442, 0, 0, 34.56%, 2, 1, 20, 4376.73, 50777399, 1082, 2, 0
13554, 177, 844, 1442, 0, 0, 34.56%, 2, 1, 20, 4895.56, 50796283, 1082, 2, 0
13559, 177, 832, 1442, 0, 0, 34.56%, 2, 1, 20, 3714.80, 50814234, 1082, 2, 0
13564, 177, 93, 1442, 0, 0, 34.56%, 2, 1, 20, 4058.41, 50833766, 1082, 2, 0
13569, 177, 702, 1442, 0, 0, 34.56%, 2, 1, 20, 4040.00, 50850757, 1082, 2, 0
13574, 177, 753, 1442, 0, 0, 34.56%, 2, 1, 20, 5034.58, 50870878, 1082, 2, 0
13579, 177, 267, 1442, 0, 0, 34.56%, 2, 1, 20, 1389.20, 50889343, 1082, 2, 0
13584, 177, 687, 1442, 0, 0, 34.56%, 2, 1, 20, 2791.24, 50907058, 1082, 2, 0
13590, 178, 330, 1442, 0, 0, 34.56%, 2, 1, 20, 336.73, 50925230, 1082, 2, 0
13595, 178, 1043, 1442, 0, 0, 34.56%, 2, 1, 20, 4591.54, 50946585, 1082, 2, 0
13600, 178, 977, 1442, 0, 0, 34.56%, 2, 1, 20, 4203.51, 50967412, 1082, 2, 0
13605, 178, 413, 1442, 0, 0, 34.56%, 2, 1, 20, 4204.98, 50987356, 1082, 2, 0
13610, 178, 312, 1442, 0, 0, 34.56%, 2, 1, 20, 4709.70, 51006785, 1082, 2, 0
13615, 178, 832, 1442, 0, 0, 34.56%, 2, 1, 20, 851.15, 51025822, 1082, 2, 0
13620, 178, 682, 1442, 0, 0, 34.56%, 2, 1, 20, 4032.15, 51046169, 1082, 2, 0
13626, 178, 78, 1442, 0, 0, 34.56%, 2, 1, 20, 4121.78, 51066343, 1082, 2, 0
13631, 178, 899, 1442, 0, 0, 34.56%, 2, 1, 20, 3707.55, 51086834, 1082, 2, 0
13636, 178, 427, 1442, 0, 0, 34.56%, 2, 1, 20, 4313.30, 51106820, 1082, 2, 0
13641, 178, 79, 1442, 0, 0, 34.56%, 2, 1, 20, 4177.48, 51126741, 1082, 2, 0
13646, 178, 985, 1442, 0, 0, 34.56%, 2, 1, 20, 642.34, 51146906, 1082, 2, 0
13651, 178, 899, 1442, 0, 0, 34.56%, 2, 1, 20, 5113.74, 51165626, 1082, 2, 0
13656, 178, 623, 1442, 0, 0, 34.56%, 2, 1, 20, 4584.56, 51185929, 1082, 2, 0
13661, 178, 344, 1442, 0, 0, 34.56%, 2, 1, 20, 5111.52, 51206649, 1082, 2, 0
13666, 179, 706, 1442, 0, 0, 34.56%, 2, 1, 20, 3837.61, 51226764, 1082, 2, 0
13671, 179, 1092, 1442, 0, 0, 34.56%, 2, 1, 20, 3538.11, 51246882, 1082, 2, 0
13677, 179, 764, 1442, 0, 0, 34.56%, 2, 1, 20, 354.48, 51265000, 1082, 2, 0
13682, 179, 685, 1442, 0, 0, 34.56%, 2, 1, 20, 5327.96, 51285400, 1082, 2, 0
13687, 179, 135, 1442, 0, 0, 34.56%, 2, 1, 20, 4989.16, 51306231, 1082, 2, 0
13692, 179, 1230, 1442, 0, 0, 34.56%, 2, 1, 20, 4777.89, 51326729, 1082, 2, 0
13697, 179, 782, 1442, 0, 0, 34.56%, 2, 1, 20, 4478.13, 51347230, 1082, 2, 0
13702, 179, 85, 1442, 0, 0, 34.56%, 2, 1, 20, 5034.38, 51365490, 1082, 2, 0
13707, 179, 98, 1442, 0, 0, 34.56%, 2, 1, 20, 2474.06, 51381955, 1082, 2, 0
13712, 179, 1092, 1442, 0, 0, 34.56%, 2, 1, 20, 3553.55, 51400975, 1082, 2, 0
13717, 179, 1412, 1442, 0, 0, 34.56%, 2, 1, 20, 5119.30, 51421838, 1082, 2, 0
13723, 179, 832, 1442, 0, 0, 34.56%, 2, 1, 20, 4085.79, 51441990, 1082, 2, 0
13728, 179, 954, 1442, 0, 0, 34.56%, 2, 1, 20, 3975.37, 51459766, 1082, 2, 0
13733, 179, 764, 1442, 0, 0, 34.56%, 2, 1, 20, 4907.90, 51479961, 1082, 2, 0
13738, 179, 832, 1442, 0, 0, 34.56%, 2, 1, 20, 5130.53, 51502092, 1082, 2, 0
13743, 179, 340, 1442, 0, 0, 34.56%, 2, 1, 20, 4423.66, 51520532, 1082, 2, 0
13748, 180, 775, 1442, 0, 0, 34.56%, 2, 1, 20, 3913.06, 51541582, 1082, 2, 0
13753, 180, 421, 1442, 0, 0, 34.56%, 2, 1, 20, 4143.39, 51559360, 1082, 2, 0
13759, 180, 579, 1442, 0, 0, 34.56%, 2, 1, 20, 4680.86, 51579692, 1082, 2, 0
13764, 180, 899, 1442, 0, 0, 34.56%, 2, 1, 20, 4794.61, 51598842, 1082, 2, 0
13769, 180, 1096, 1442, 0, 0, 34.56%, 2, 1, 20, 3042.72, 51619039, 1082, 2, 0
13774, 180, 992, 1442, 0, 0, 34.56%, 2, 1, 20, 3771.38, 51637946, 1082, 2, 0
13779, 180, 1078, 1442, 0, 0, 34.56%, 2, 1, 20, 4344.33, 51659103, 1082, 2, 0
13784, 180, 1427, 1442, 0, 0, 34.56%, 2, 1, 20, 5460.60, 51678074, 1082, 2, 0
13789, 180, 1139, 1442, 0, 0, 34.56%, 2, 1, 20, 2507.98, 51697683, 1082, 2, 0
13795, 180, 100, 1442, 0, 0, 34.56%, 2, 1, 20, 512.37, 51716095, 1082, 2, 0
13800, 180, 764, 1442, 0, 0, 34.56%, 2, 1, 20, 5145.17, 51737306, 1082, 2, 0
13805, 180, 1250, 1442, 0, 0, 34.56%, 2, 1, 20, 3763.80, 51759158, 1082, 2, 0
13810, 180, 743, 1442, 0, 0, 34.56%, 2, 1, 20, 4611.29, 51776944, 1082, 2, 0
13815, 180, 1071, 1442, 0, 0, 34.56%, 2, 1, 20, 4578.25, 51797806, 1082, 2, 0
13820, 180, 564, 1442, 0, 0, 34.56%, 2, 1, 20, 562.33, 51814874, 1082, 2, 0
13825, 181, 763, 1442, 0, 0, 34.56%, 2, 1, 20, 4831.37, 51836278, 1082, 2, 0
13830, 181, 1423, 1442, 0, 0, 34.56%, 2, 1, 20, 5570.56, 51854775, 1082, 2, 0
13836, 181, 1241, 1442, 0, 0, 34.56%, 2, 1, 20, 4487.75, 51874595, 1082, 2, 0
13841, 181, 1064, 1442, 0, 0, 34.56%, 2, 1, 20, 4850.20, 51895176, 1082, 2, 0
13846, 181, 408, 1442, 0, 0, 34.56%, 2, 1, 20, 4848.11, 51915076, 1082, 2, 0
13851, 181, 832, 1442, 0, 0, 34.56%, 2, 1, 20, 4869.71, 51935144, 1082, 2, 0
13856, 181, 1119, 1442, 0, 0, 34.56%, 2, 1, 20, 4772.52, 51956648, 1082, 2, 0
13861, 181, 985, 1442, 0, 0, 34.56%, 2, 1, 20, 5382.87, 51977542, 1082, 2, 0
13866, 181, 790, 1442, 0, 0, 34.56%, 2, 1, 20, 5172.82, 51998360, 1082, 2, 0
13871, 181, 1419, 1442, 0, 0, 34.56%, 2, 1, 20, 4319.65, 52018575, 1082, 2, 0
13876, 181, 832, 1442, 0, 0, 34.56%, 2, 1, 20, 2035.31, 52037210, 1082, 2, 0
13882, 181, 1155, 1442, 0, 0, 34.56%, 2, 1, 20, 3756.87, 52056248, 1082, 2, 0
13887, 181, 852, 1442, 0, 0, 34.56%, 2, 1, 20, 4994.73, 52076110, 1082, 2, 0
13892, 181, 357, 1442, 0, 0, 34.56%, 2, 1, 20, 5315.76, 52094311, 1082, 2, 0
13897, 181, 1352, 1442, 0, 0, 34.56%, 2, 1, 20, 2972.97, 52113686, 1082, 2, 0
13902, 182, 315, 1442, 0, 0, 34.56%, 2, 1, 20, 4811.28, 52135033, 1082, 2, 0
13907, 182, 33, 1442, 0, 0, 34.56%, 2, 1, 20, 4220.00, 52153893, 1082, 2, 0
13912, 182, 381, 1442, 0, 0, 34.56%, 2, 1, 20, 4141.93, 52174675, 1082, 2, 0
13917, 182, 1419, 1442, 0, 0, 34.56%, 2, 1, 20, 4196.01, 52194472, 1082, 2, 0
13922, 182, 993, 1442, 0, 0, 34.56%, 2, 1, 20, 3700.97, 52214023, 1082, 2, 0
13928, 182, 1155, 1442, 0, 0, 34.56%, 2, 1, 20, 5121.11, 52233340, 1082, 2, 0
13933, 182, 899, 1442, 0, 0, 34.56%, 2, 1, 20, 832.06, 52252255, 1082, 2, 0
13938, 182, 906, 1442, 0, 0, 34.56%, 2, 1, 20, 5179.40, 52271156, 1082, 2, 0
13943, 182, 1416, 1442, 0, 0, 34.56%, 2, 1, 20, 4715.09, 52290593, 1082, 2, 0
13948, 182, 867, 1442, 0, 0, 34.56%, 2, 1, 20, 3917.87, 52307680, 1082, 2, 0
13953, 182, 973, 1442, 0, 0, 34.56%, 2, 1, 20, 2918.78, 52325862, 1082, 2, 0
13959, 182, 844, 1442, 0, 0, 34.56%, 2, 1, 20, 5092.93, 52348655, 1082, 2, 0
13964, 182, 763, 1442, 0, 0, 34.56%, 2, 1, 20, 3869.23, 52369154, 1082, 2, 0
13969, 182, 189, 1442, 0, 0, 34.56%, 2, 1, 20, 4748.95, 52390282, 1082, 2, 0
13974, 182, 899, 1442, 0, 0, 34.56%, 2, 1, 20, 3512.79, 52406632, 1082, 2, 0
13979, 182, 844, 1442, 0, 0, 34.56%, 2, 1, 20, 4763.82, 52425747, 1082, 2, 0
13984, 183, 1419, 1442, 0, 0, 34.56%, 2, 1, 20, 4901.27, 52446660, 1082, 2, 0
13990, 183, 97, 1442, 0, 0, 34.56%, 2, 1, 20, 681.82, 52464311, 1082, 2, 0
13995, 183, 868, 1442, 0, 0, 34.56%, 2, 1, 20, 3760.84, 52481882, 1082, 2, 0
14000, 183, 1081, 1442, 0, 0, 34.56%, 2, 1, 20, 4846.93, 52502505, 1082, 2, 0
14005, 183, 1419, 1442, 0, 0, 34.56%, 2, 1, 20, 3652.44, 52522451, 1082, 2, 0
14010, 183, 526, 1442, 0, 0, 34.56%, 2, 1, 20, 4041.36, 52541309, 1082, 2, 0
14015, 183, 865, 1442, 0, 0, 34.56%, 2, 1, 20, 4291.84, 52560445, 1082, 2, 0
14020, 183, 1318, 1442, 0, 0, 34.56%, 2, 1, 20, 4420.94, 52579198, 1082, 2, 0
14026, 183, 682, 1442, 0, 0, 34.56%, 2, 1, 20, 4843.22, 52598341, 1082, 2, 0
14031, 183, 1036, 1442, 0, 0, 34.56%, 2, 1, 20, 4761.00, 52618303, 1082, 2, 0
14036, 183, 181, 1442, 0, 0, 34.56%, 2, 1, 20, 3858.25, 52638957, 1082, 2, 0
14041, 183, 445, 1442, 0, 0, 34.56%, 2, 1, 20, 4174.65, 52657774, 1082, 2, 0
14046, 183, 64, 1442, 0, 0, 34.56%, 2, 1, 20, 3866.84, 52677124, 1082, 2, 0
14051, 183, 1315, 1442, 0, 0, 34.56%, 2, 1, 20, 4602.48, 52696987, 1082, 2, 0
14057, 183, 1130, 1442, 0, 0, 34.56%, 2, 1, 20, 5081.11, 52717771, 1082, 2, 0
14062, 184, 1301, 1442, 0, 0, 34.56%, 2, 1, 20, 2805.00, 52737205, 1082, 2, 0
14067, 184, 392, 1442, 0, 0, 34.56%, 2, 1, 20, 4976.31, 52757265, 1082, 2, 0
14072, 184, 764, 1442, 0, 0, 34.56%, 2, 1, 20, 4682.75, 52777987, 1082, 2, 0
14077, 184, 844, 1442, 0, 0, 34.56%, 2, 1, 20, 380.00, 52796309, 1082, 2, 0
14082, 184, 685, 1442, 0, 0, 34.56%, 2, 1, 20, 4930.07, 52814517, 1082, 2, 0
14087, 184, 1216, 1442, 0, 0, 34.56%, 2, 1, 20, 4696.80, 52835414, 1082, 2, 0
14092, 184, 832, 1442, 0, 0, 34.56%, 2, 1, 20, 4712.22, 52854027, 1082, 2, 0
14097, 184, 60, 1442, 0, 0, 34.56%, 2, 1, 20, 4757.49, 52873581, 1082, 2, 0
14103, 184, 673, 1442, 0, 0, 34.56%, 2, 1, 20, 3869.85, 52892255, 1082, 2, 0
14108, 184, 954, 1442, 0, 0, 34.56%, 2, 1, 20, 5357.76, 52912861, 1082, 2, 0
14113, 184, 70, 1442, 0, 0, 34.56%, 2, 1, 20, 4187.12, 52931715, 1082, 2, 0
14118, 184, 832, 1442, 0, 0, 34.56%, 2, 1, 20, 4300.88, 52951472, 1082, 2, 0
14123, 184, 899, 1442, 0, 0, 34.56%, 2, 1, 20, 4762.56, 52971194, 1082, 2, 0
14128, 184, 589, 1442, 0, 0, 34.56%, 2, 1, 20, 5087.33, 52990924, 1082, 2, 0
14133, 184, 312, 1442, 0, 0, 34.56%, 2, 1, 20, 4236.29, 53008329, 1082, 2, 0
14138, 184, 899, 1442, 0, 0, 34.56%, 2, 1, 20, 1661.70, 53029659, 1082, 2, 0
14144, 185, 180, 1442, 0, 0, 34.56%, 2, 1, 20, 875.58, 53048249, 1082, 2, 0
14149, 185, 158, 1442, 0, 0, 34.56%, 2, 1, 20, 475.49, 53069627, 1082, 2, 0
14154, 185, 736, 1442, 0, 0, 34.56%, 2, 1, 20, 5571.59, 53090855, 1082, 2, 0
14159, 185, 340, 1442, 0, 0, 34.56%, 2, 1, 20, 4458.66, 53110355, 1082, 2, 0
14164, 185, 312, 1442, 0, 0, 34.56%, 2, 1, 20, 4135.20, 53131909, 1082, 2, 0
14169, 185, 813, 1442, 0, 0, 34.56%, 2, 1, 20, 3828.65, 53148326, 1082, 2, 0
14174, 185, 526, 1442, 0, 0, 34.56%, 2, 1, 20, 4375.26, 53168182, 1082, 2, 0
14179, 185, 640, 1442, 0, 0, 34.56%, 2, 1, 20, 4936.91, 53187823, 1082, 2, 0
14184, 185, 936, 1442, 0, 0, 34.56%, 2, 1, 20, 5117.36, 53208093, 1082, 2, 0
14189, 185, 349, 1442, 0, 0, 34.56%, 2, 1, 20, 3872.92, 53227264, 1082, 2, 0
14195, 185, 1312, 1442, 0, 0, 34.56%, 2, 1, 20, 4321.93, 53246499, 1082, 2, 0
14200, 185, 899, 1442, 0, 0, 34.56%, 2, 1, 20, 5044.97, 53264114, 1082, 2, 0
14205, 185, 704, 1442, 0, 0, 34.56%, 2, 1, 20, 5244.14, 53284073, 1082, 2, 0
14210, 185, 673, 1442, 0, 0, 34.56%, 2, 1, 20, 4498.97, 53304734, 1082, 2, 0
14215, 185, 933, 1442, 0, 0, 34.56%, 2, 1, 20, 5325.98, 53322590, 1082, 2, 0
14220, 186, 903, 1442, 0, 0, 34.56%, 2, 1, 20, 4330.89, 53343159, 1082, 2, 0
14226, 186, 832, 1442, 0, 0, 34.56%, 2, 1, 20, 4509.74, 53363302, 1082, 2, 0
14231, 186, 899, 1442, 0, 0, 34.56%, 2, 1, 20, 4358.59, 53383903, 1082, 2, 0
14236, 186, 673, 1442, 0, 0, 34.56%, 2, 1, 20, 5440.21, 53403597, 1082, 2, 0
14241, 186, 761, 1442, 0, 0, 34.56%, 2, 1, 20, 4013.22, 53421148, 1082, 2, 0
14246, 186, 881, 1442, 0, 0, 34.56%, 2, 1, 20, 4303.48, 53439997, 1082, 2, 0
14251, 186, 1139, 1442, 0, 0, 34.56%, 2, 1, 20, 5379.57, 53459110, 1082, 2, 0
14256, 186, 589, 1442, 0, 0, 34.56%, 2, 1, 20, 5391.84, 53478476, 1082, 2, 0
14262, 186, 1344, 1442, 0, 0, 34.56%, 2, 1, 20, 239.20, 53497487, 1082, 2, 0
14267, 186, 899, 1442, 0, 0, 34.56%, 2, 1, 20, 4276.35, 53516194, 1082, 2, 0
14272, 186, 1099, 1442, 0, 0, 34.56%, 2, 1, 20, 4104.34, 53534912, 1082, 2, 0
14277, 186, 1436, 1442, 0, 0, 34.56%, 2, 1, 20, 236.64, 53552189, 1082, 2, 0
14282, 186, 114, 1442, 0, 0, 34.56%, 2, 1, 20, 3019.28, 53571237, 1082, 2, 0
14287, 186, 997, 1442, 0, 0, 34.56%, 2, 1, 20, 4108.71, 53591822, 1082, 2, 0
14293, 186, 168, 1442, 0, 0, 34.56%, 2, 1, 20, 3192.39, 53611284, 1082, 2, 0
14298, 186, 1419, 1442, 0, 0, 34.56%, 2, 1, 20, 4641.92, 53632510, 1082, 2, 0
14303, 187, 96, 1442, 0, 0, 34.56%, 2, 1, 20, 4311.17, 53652861, 1082, 2, 0
14308, 187, 223, 1442, 0, 0, 34.56%, 2, 1, 20, 4673.29, 53673307, 1082, 2, 0
14313, 187, 886, 1442, 0, 0, 34.56%, 2, 1, 20, 4637.53, 53693668, 1082, 2, 0
14318, 187, 1208, 1442, 0, 0, 34.56%, 2, 1, 20, 4791.52, 53714597, 1082, 2, 0
14323, 187, 96, 1442, 0, 0, 34.56%, 2, 1, 20, 4162.67, 53734635, 1082, 2, 0
14328, 187, 973, 1442, 0, 0, 34.56%, 2, 1, 20, 4244.05, 53753225, 1082, 2, 0
14333, 187, 763, 1442, 0, 0, 34.56%, 2, 1, 20, 5345.80, 53772927, 1082, 2, 0
14339, 187, 1429, 1442, 0, 0, 34.56%, 2, 1, 20, 4181.61, 53794215, 1082, 2, 0
14344, 187, 640, 1442, 0, 0, 34.56%, 2, 1, 20, 815.22, 53813778, 1082, 2, 0
14349, 187, 794, 1442, 0, 0, 34.56%, 2, 1, 20, 4999.07, 53833463, 1082, 2, 0
14354, 187, 1216, 1442, 0, 0, 34.56%, 2, 1, 20, 4846.22, 53855011, 1082, 2, 0
14359, 187, 899, 1442, 0, 0, 34.56%, 2, 1, 20, 771.67, 53872003, 1082, 2, 0
14364, 187, 1236, 1442, 0, 0, 34.56%, 2, 1, 20, 4624.41, 53890166, 1082, 2, 0
14369, 187, 813, 1442, 0, 0, 34.56%, 2, 1, 20, 4544.78, 53911113, 1082, 2, 0
14374, 187, 315, 1442, 0, 0, 34.56%, 2, 1, 20, 4430.00, 53927899, 1082, 2, 0
14379, 188, 899, 1442, 0, 0, 34.56%, 2, 1, 20, 5165.75, 53947302, 1082, 2, 0
14384, 188, 608, 1442, 0, 0, 34.56%, 2, 1, 20, 4486.48, 53966288, 1082, 2, 0
14389, 188, 764, 1442, 0, 0, 34.56%, 2, 1, 20, 5134.76, 53985520, 1082, 2, 0
14395, 188, 1051, 1442, 0, 0, 34.56%, 2, 1, 20, 4850.13, 54005406, 1082, 2, 0
14400, 188, 880, 1442, 0, 0, 34.56%, 2, 1, 20, 4138.48, 54025623, 1082, 2, 0
14405, 188, 513, 1442, 0, 0, 34.56%, 2, 1, 20, 4200.00, 54047772, 1082, 2, 0
14410, 188, 37, 1442, 0, 0, 34.56%, 2, 1, 20, 4782.93, 54065935, 1082, 2, 0
14415, 188, 552, 1442, 0, 0, 34.56%, 2, 1, 20, 4760.99, 54088263, 1082, 2, 0
14420, 188, 88, 1442, 0, 0, 34.56%, 2, 1, 20, 3380.00, 54107945, 1082, 2, 0
14425, 188, 1446, 1449, 7, 0, 34.56%, 2, 1, 20, 3325.86, 54122175, 1082, 2, 0
14431, 188, 1447, 1449, 5, 0, 34.56%, 2, 1, 20, 2657.65, 54134012, 1082, 2, 0
14436, 188, 1448, 1449, 3, 0, 34.56%, 2, 1, 20, 5291.68, 54154894, 1082, 2, 0
14441, 188, 763, 1449, 2, 0, 34.56%, 2, 1, 20, 4272.70, 54168588, 1082, 2, 0
14446, 188, 156, 1449, 1, 0, 34.56%, 2, 1, 20, 3448.19, 54186374, 1082, 2, 0
14451, 188, 4, 1449, 0, 0, 34.56%, 2, 1, 20, 4214.96, 54202666, 1082, 2, 0
14457, 188, 810, 1449, 0, 0, 34.56%, 2, 1, 20, 4079.87, 54221614, 1082, 2, 0
14462, 188, 62, 1449, 0, 0, 34.56%, 2, 1, 20, 3777.80, 54239955, 1082, 2, 0
14467, 188, 693, 1449, 0, 0, 34.56%, 2, 1, 20, 4623.31, 54261049, 1082, 2, 0
14472, 189, 25, 1449, 0, 0, 34.56%, 2, 1, 20, 5582.81, 54279804, 1082, 2, 0
14477, 189, 813, 1449, 0, 0, 34.56%, 2, 1, 20, 4409.14, 54298441, 1082, 2, 0
14483, 189, 944, 1449, 0, 0, 34.56%, 2, 1, 20, 3800.01, 54317286, 1082, 2, 0
14488, 189, 693, 1449, 0, 0, 34.56%, 2, 1, 20, 3550.30, 54336024, 1082, 2, 0
14493, 189, 328, 1449, 0, 0, 34.56%, 2, 1, 20, 2890.33, 54355113, 1082, 2, 0
14498, 189, 1446, 1449, 0, 0, 34.56%, 2, 1, 20, 5418.46, 54375646, 1082, 2, 0
14503, 189, 526, 1449, 0, 0, 34.56%, 2, 1, 20, 5055.95, 54396083, 1082, 2, 0
14508, 189, 1130, 1449, 0, 0, 34.56%, 2, 1, 20, 4955.87, 54417847, 1082, 2, 0
14513, 189, 26, 1449, 0, 0, 34.56%, 2, 1, 20, 712.74, 54436360, 1082, 2, 0
14518, 189, 682, 1449, 0, 0, 34.56%, 2, 1, 20, 4555.30, 54456060, 1082, 2, 0
14523, 189, 109, 1449, 0, 0, 34.56%, 2, 1, 20, 4443.74, 54476993, 1082, 2, 0
14529, 189, 890, 1449, 0, 0, 34.56%, 2, 1, 20, 4253.93, 54498265, 1082, 2, 0
14534, 189, 1442, 1449, 0, 0, 34.56%, 2, 1, 20, 340.16, 54518338, 1082, 2, 0
14539, 189, 293, 1449, 0, 0, 34.56%, 2, 1, 20, 4016.55, 54538223, 1082, 2, 0
14544, 189, 673, 1449, 0, 0, 34.56%, 2, 1, 20, 4433.46, 54559330, 1082, 2, 0
14549, 190, 747, 1449, 0, 0, 34.56%, 2, 1, 20, 4412.77, 54580475, 1082, 2, 0
14554, 190, 168, 1449, 0, 0, 34.56%, 2, 1, 20, 5396.68, 54601760, 1082, 2, 0
14559, 190, 178, 1449, 0, 0, 34.56%, 2, 1, 20, 3835.92, 54620123, 1082, 2, 0
14565, 190, 664, 1449, 0, 0, 34.56%, 2, 1, 20, 1662.40, 54641780, 1082, 2, 0
14570, 190, 104, 1449, 0, 0, 34.56%, 2, 1, 20, 3766.24, 54662752, 1082, 2, 0
14575, 190, 1013, 1449, 0, 0, 34.56%, 2, 1, 20, 4558.33, 54684094, 1082, 2, 0
14580, 190, 685, 1449, 0, 0, 34.56%, 2, 1, 20, 3734.78, 54700396, 1082, 2, 0
14585, 190, 1412, 1449, 0, 0, 34.56%, 2, 1, 20, 4250.14, 54721837, 1082, 2, 0
14590, 190, 109, 1449, 0, 0, 34.56%, 2, 1, 20, 5031.65, 54743046, 1082, 2, 0
14596, 190, 628, 1449, 0, 0, 34.56%, 2, 1, 20, 4268.98, 54763634, 1082, 2, 0
14601, 190, 685, 1449, 0, 0, 34.56%, 2, 1, 20, 4105.67, 54785662, 1082, 2, 0
14606, 190, 62, 1449, 0, 0, 34.56%, 2, 1, 20, 4643.94, 54805784, 1082, 2, 0
14611, 190, 634, 1449, 0, 0, 34.56%, 2, 1, 20, 4036.58, 54825910, 1082, 2, 0
14617, 190, 813, 1449, 0, 0, 34.56%, 2, 1, 20, 4464.54, 54845717, 1082, 2, 0
14622, 190, 512, 1449, 0, 0, 34.56%, 2, 1, 20, 4385.09, 54865448, 1082, 2, 0
14627, 191, 906, 1449, 0, 0, 34.56%, 2, 1, 20, 3772.56, 54887480, 1082, 2, 0
14632, 191, 761, 1449, 0, 0, 34.56%, 2, 1, 20, 4435.00, 54906419, 1082, 2, 0
14637, 191, 235, 1449, 0, 0, 34.56%, 2, 1, 20, 4816.18, 54927489, 1082, 2, 0
14642, 191, 899, 1449, 0, 0, 34.56%, 2, 1, 20, 4971.52, 54945994, 1082, 2, 0
14648, 191, 1386, 1449, 0, 0, 34.56%, 2, 1, 20, 4431.59, 54964872, 1082, 2, 0
14653, 191, 526, 1449, 0, 0, 34.56%, 2, 1, 20, 5276.77, 54985335, 1082, 2, 0
14658, 191, 764, 1449, 0, 0, 34.56%, 2, 1, 20, 4906.85, 55004769, 1082, 2, 0
14663, 191, 54, 1449, 0, 0, 34.56%, 2, 1, 20, 3281.29, 55022691, 1082, 2, 0
14668, 191, 879, 1449, 0, 0, 34.56%, 2, 1, 20, 4039.12, 55042330, 1082, 2, 0
14673, 191, 899, 1449, 0, 0, 34.56%, 2, 1, 20, 4905.99, 55061160, 1082, 2, 0
14678, 191, 1443, 1449, 0, 0, 34.56%, 2, 1, 20, 4393.82, 55081773, 1082, 2, 0
14683, 191, 330, 1449, 0, 0, 34.56%, 2, 1, 20, 4478.63, 55099557, 1082, 2, 0
14688, 191, 832, 1449, 0, 0, 34.56%, 2, 1, 20, 5554.35, 55121134, 1082, 2, 0
14694, 191, 1146, 1449, 0, 0, 34.56%, 2, 1, 20, 5348.32, 55142344, 1082, 2, 0
14699, 191, 761, 1449, 0, 0, 34.56%, 2, 1, 20, 4825.56, 55163090, 1082, 2, 0
14704, 192, 506, 1449, 0, 0, 34.56%, 2, 1, 20, 4461.02, 55182634, 1082, 2, 0
14709, 192, 743, 1449, 0, 0, 34.56%, 2, 1, 20, 5334.47, 55203087, 1082, 2, 0
14714, 192, 905, 1449, 0, 0, 34.56%, 2, 1, 20, 4308.80, 55221139, 1082, 2, 0
14719, 192, 704, 1449, 0, 0, 34.56%, 2, 1, 20, 787.01, 55238420, 1082, 2, 0
14724, 192, 713, 1449, 0, 0, 34.56%, 2, 1, 20, 4381.06, 55258047, 1082, 2, 0
14729, 192, 504, 1449, 0, 0, 34.56%, 2, 1, 20, 4409.17, 55278609, 1082, 2, 0
14734, 192, 1045, 1449, 0, 0, 34.56%, 2, 1, 20, 4142.85, 55298164, 1082, 2, 0
14740, 192, 832, 1449, 0, 0, 34.56%, 2, 1, 20, 573.37, 55317767, 1082, 2, 0
14745, 192, 916, 1449, 0, 0, 34.56%, 2, 1, 20, 4789.26, 55338994, 1082, 2, 0
14750, 192, 761, 1449, 0, 0, 34.56%, 2, 1, 20, 4233.64, 55359415, 1082, 2, 0
14755, 192, 763, 1449, 0, 0, 34.56%, 2, 1, 20, 4822.92, 55379963, 1082, 2, 0
14760, 192, 787, 1449, 0, 0, 34.56%, 2, 1, 20, 5665.00, 55399128, 1082, 2, 0
14765, 192, 88, 1449, 0, 0, 34.56%, 2, 1, 20, 5054.46, 55417850, 1082, 2, 0
14771, 192, 97, 1449, 0, 0, 34.56%, 2, 1, 20, 4326.78, 55439085, 1082, 2, 0
14776, 192, 110, 1449, 0, 0, 34.56%, 2, 1, 20, 411.76, 55457018, 1082, 2, 0
14781, 192, 833, 1449, 0, 0, 34.56%, 2, 1, 20, 4174.44, 55474855, 1082, 2, 0
14786, 193, 1101, 1449, 0, 0, 34.56%, 2, 1, 20, 4309.09, 55496142, 1082, 2, 0
14791, 193, 954, 1449, 0, 0, 34.56%, 2, 1, 20, 3980.87, 55515041, 1082, 2, 0
14796, 193, 1147, 1449, 0, 0, 34.56%, 2, 1, 20, 4249.72, 55534270, 1082, 2, 0
14801, 193, 868, 1449, 0, 0, 34.56%, 2, 1, 20, 4138.23, 55551760, 1082, 2, 0
14806, 193, 531, 1449, 0, 0, 34.56%, 2, 1, 20, 4137.01, 55571946, 1082, 2, 0
14811, 193, 474, 1449, 0, 0, 34.56%, 2, 1, 20, 2692.15, 55592073, 1082, 2, 0
14816, 193, 45, 1449, 0, 0, 34.56%, 2, 1, 20, 5441.72, 55612197, 1082, 2, 0
14821, 193, 899, 1449, 0, 0, 34.56%, 2, 1, 20, 4619.57, 55633837, 1082, 2, 0
14827, 193, 1230, 1449, 0, 0, 34.56%, 2, 1, 20, 4175.69, 55651596, 1082, 2, 0
14832, 193, 180, 1449, 0, 0, 34.56%, 2, 1, 20, 1526.23, 55671195, 1082, 2, 0
14837, 193, 685, 1449, 0, 0, 34.56%, 2, 1, 20, 3530.38, 55690375, 1082, 2, 0
14842, 193, 844, 1449, 0, 0, 34.56%, 2, 1, 20, 4925.26, 55710742, 1082, 2, 0
14848, 193, 700, 1449, 0, 0, 34.56%, 2, 1, 20, 615.88, 55731447, 1082, 2, 0
14853, 193, 832, 1449, 0, 0, 34.56%, 2, 1, 20, 4026.07, 55752155, 1082, 2, 0
14858, 193, 944, 1449, 0, 0, 34.56%, 2, 1, 20, 4305.34, 55770958, 1082, 2, 0
14863, 194, 1312, 1449, 0, 0, 34.56%, 2, 1, 20, 4713.72, 55791074, 1082, 2, 0
14868, 194, 682, 1449, 0, 0, 34.56%, 2, 1, 20, 4375.27, 55812278, 1082, 2, 0
14873, 194, 761, 1449, 0, 0, 34.56%, 2, 1, 20, 4388.11, 55833302, 1082, 2, 0
14878, 194, 392, 1449, 0, 0, 34.56%, 2, 1, 20, 3229.32, 55855258, 1082, 2, 0
14884, 194, 139, 1449, 0, 0, 34.56%, 2, 1, 20, 3225.99, 55875180, 1082, 2, 0
14889, 194, 664, 1449, 0, 0, 34.56%, 2, 1, 20, 296.93, 55894704, 1082, 2, 0
14894, 194, 608, 1449, 0, 0, 34.56%, 2, 1, 20, 3939.94, 55915621, 1082, 2, 0
14899, 194, 685, 1449, 0, 0, 34.56%, 2, 1, 20, 5099.18, 55937786, 1082, 2, 0
14904, 194, 552, 1449, 0, 0, 34.56%, 2, 1, 20, 3693.57, 55957206, 1082, 2, 0
14909, 194, 436, 1449, 0, 0, 34.56%, 2, 1, 20, 4428.90, 55978783, 1082, 2, 0
14914, 194, 832, 1449, 0, 0, 34.56%, 2, 1, 20, 3743.69, 55996732, 1082, 2, 0
14919, 194, 924, 1449, 0, 0, 34.56%, 2, 1, 20, 4340.44, 56018084, 1082, 2, 0
14924, 194, 639, 1449, 0, 0, 34.56%, 2, 1, 20, 4206.49, 56039981, 1082, 2, 0
14930, 194, 798, 1449, 0, 0, 34.56%, 2, 1, 20, 204.38, 56059313, 1082, 2, 0
14935, 194, 37, 1449, 0, 0, 34.56%, 2, 1, 20, 5202.88, 56080672, 1082, 2, 0
14940, 195, 1064, 1449, 0, 0, 34.56%, 2, 1, 20, 5375.00, 56101854, 1082, 2, 0
14945, 195, 635, 1449, 0, 0, 34.56%, 2, 1, 20, 4278.91, 56121681, 1082, 2, 0
14950, 195, 761, 1449, 0, 0, 34.56%, 2, 1, 20, 4107.53, 56141324, 1082, 2, 0
14955, 195, 110, 1449, 0, 0, 34.56%, 2, 1, 20, 2683.39, 56160466, 1082, 2, 0
14960, 195, 992, 1449, 0, 0, 34.56%, 2, 1, 20, 5073.63, 56180139, 1082, 2, 0
14965, 195, 832, 1449, 0, 0, 34.56%, 2, 1, 20, 4511.54, 56199014, 1082, 2, 0
14970, 195, 832, 1449, 0, 0, 34.56%, 2, 1, 20, 370.66, 56218258, 1082, 2, 0
14976, 195, 693, 1449, 0, 0, 34.56%, 2, 1, 20, 3521.31, 56238225, 1082, 2, 0
14981, 195, 353, 1449, 0, 0, 34.56%, 2, 1, 20, 5404.60, 56257604, 1082, 2, 0
14986, 195, 954, 1449, 0, 0, 34.56%, 2, 1, 20, 3732.84, 56275972, 1082, 2, 0
14991, 195, 832, 1449, 0, 0, 34.56%, 2, 1, 20, 3125.00, 56294216, 1082, 2, 0
14996, 195, 899, 1449, 0, 0, 34.56%, 2, 1, 20, 3306.97, 56310367, 1082, 2, 0
15001, 195, 868, 1449, 0, 0, 34.56%, 2, 1, 20, 3504.57, 56327828, 1082, 2, 0
15006, 195, 683, 1449, 0, 0, 34.56%, 2, 1, 20, 497.78, 56348204, 1082, 2, 0
15011, 195, 1446, 1449, 0, 0, 34.56%, 2, 1, 20, 3950.30, 56368559, 1082, 2, 0
15017, 195, 733, 1449, 0, 0, 34.56%, 2, 1, 20, 5230.68, 56390115, 1082, 2, 0
15022, 196, 859, 1449, 0, 0, 34.56%, 2, 1, 20, 4299.94, 56409994, 1082, 2, 0
15027, 196, 729, 1449, 0, 0, 34.56%, 2, 1, 20, 4880.41, 56431050, 1082, 2, 0
15032, 196, 104, 1449, 0, 0, 34.56%, 2, 1, 20, 4664.44, 56451387, 1082, 2, 0
15037, 196, 73, 1449, 0, 0, 34.56%, 2, 1, 20, 4839.75, 56468992, 1082, 2, 0
15042, 196, 782, 1449, 0, 0, 34.56%, 2, 1, 20, 3760.27, 56487627, 1082, 2, 0
15047, 196, 832, 1449, 0, 0, 34.56%, 2, 1, 20, 4860.28, 56508002, 1082, 2, 0
15052, 196, 1305, 1449, 0, 0, 34.56%, 2, 1, 20, 5200.55, 56528458, 1082, 2, 0
15057, 196, 642, 1449, 0, 0, 34.56%, 2, 1, 20, 5024.94, 56548788, 1082, 2, 0
15063, 196, 1305, 1449, 0, 0, 34.56%, 2, 1, 20, 5555.09, 56569456, 1082, 2, 0
15068, 196, 1130, 1449, 0, 0, 34.56%, 2, 1, 20, 5150.29, 56588493, 1082, 2, 0
15073, 196, 813, 1449, 0, 0, 34.56%, 2, 1, 20, 4107.51, 56608610, 1082, 2, 0
15078, 196, 1344, 1449, 0, 0, 34.56%, 2, 1, 20, 4309.86, 56628894, 1082, 2, 0
15083, 196, 125, 1449, 0, 0, 34.56%, 2, 1, 20, 5008.06, 56650512, 1082, 2, 0
15088, 196, 1001, 1449, 0, 0, 34.56%, 2, 1, 20, 4288.56, 56670076, 1082, 2, 0
15093, 196, 1019, 1449, 0, 0, 34.56%, 2, 1, 20, 773.99, 56688346, 1082, 2, 0
15098, 197, 1157, 1449, 0, 0, 34.56%, 2, 1, 20, 5012.65, 56709409, 1082, 2, 0
15104, 197, 1071, 1449, 0, 0, 34.56%, 2, 1, 20, 4730.12, 56729614, 1082, 2, 0
15109, 197, 608, 1449, 0, 0, 34.56%, 2, 1, 20, 4570.69, 56749916, 1082, 2, 0
15114, 197, 1216, 1449, 0, 0, 34.56%, 2, 1, 20, 4312.14, 56769979, 1082, 2, 0
15119, 197, 748, 1449, 0, 0, 34.56%, 2, 1, 20, 4389.92, 56789810, 1082, 2, 0
15124, 197, 563, 1449, 0, 0, 34.56%, 2, 1, 20, 2585.11, 56808214, 1082, 2, 0
15129, 197, 1130, 1449, 0, 0, 34.56%, 2, 1, 20, 5193.14, 56827410, 1082, 2, 0
15134, 197, 1437, 1449, 0, 0, 34.56%, 2, 1, 20, 4006.38, 56847613, 1082, 2, 0
15139, 197, 607, 1449, 0, 0, 34.56%, 2, 1, 20, 4986.45, 56865157, 1082, 2, 0
15145, 197, 901, 1449, 0, 0, 34.56%, 2, 1, 20, 4545.18, 56884874, 1082, 2, 0
15150, 197, 954, 1449, 0, 0, 34.56%, 2, 1, 20, 4360.92, 56905402, 1082, 2, 0
15155, 197, 759, 1449, 0, 0, 34.56%, 2, 1, 20, 4484.02, 56925479, 1082, 2, 0
15160, 197, 87, 1449, 0, 0, 34.56%, 2, 1, 20, 4431.65, 56943963, 1082, 2, 0
15165, 197, 895, 1449, 0, 0, 34.56%, 2, 1, 20, 5244.62, 56964910, 1082, 2, 0
15170, 197, 933, 1449, 0, 0, 34.56%, 2, 1, 20, 5317.28, 56986295, 1082, 2, 0
15175, 198, 312, 1449, 0, 0, 34.56%, 2, 1, 20, 4482.72, 57006714, 1082, 2, 0
15180, 198, 899, 1449, 0, 0, 34.56%, 2, 1, 20, 3039.59, 57026335, 1082, 2, 0
15185, 198, 899, 1449, 0, 0, 34.56%, 2, 1, 20, 3776.19, 57046864, 1082, 2, 0
15191, 198, 763, 1449, 0, 0, 34.56%, 2, 1, 20, 4863.81, 57066351, 1082, 2, 0
15196, 198, 1419, 1449, 0, 0, 34.56%, 2, 1, 20, 4572.41, 57086787, 1082, 2, 0
15201, 198, 1062, 1449, 0, 0, 34.56%, 2, 1, 20, 3885.64, 57106578, 1082, 2, 0
15206, 198, 967, 1449, 0, 0, 34.56%, 2, 1, 20, 5095.76, 57127400, 1082, 2, 0
15211, 198, 101, 1449, 0, 0, 34.56%, 2, 1, 20, 4576.65, 57146923, 1082, 2, 0
15216, 198, 905, 1449, 0, 0, 34.56%, 2, 1, 20, 4819.75, 57162580, 1082, 2, 0
15221, 198, 852, 1449, 0, 0, 34.56%, 2, 1, 20, 3009.16, 57180093, 1082, 2, 0
15226, 198, 899, 1449, 0, 0, 34.56%, 2, 1, 20, 3892.79, 57200620, 1082, 2, 0
15232, 198, 761, 1449, 0, 0, 34.56%, 2, 1, 20, 4870.46, 57220486, 1082, 2, 0
15237, 198, 664, 1449, 0, 0, 34.56%, 2, 1, 20, 4415.78, 57239450, 1082, 2, 0
15242, 198, 1071, 1449, 0, 0, 34.56%, 2, 1, 20, 4071.29, 57258417, 1082, 2, 0
15247, 198, 109, 1450, 1, 0, 34.56%, 2, 1, 20, 4206.21, 57278489, 1082, 2, 0
15252, 198, 1130, 1450, 0, 0, 34.56%, 2, 1, 20, 5205.98, 57300537, 1082, 2, 0
15257, 199, 764, 1450, 0, 0, 34.56%, 2, 1, 20, 4429.64, 57320544, 1082, 2, 0
15262, 199, 855, 1450, 0, 0, 34.56%, 2, 1, 20, 3594.00, 57338217, 1082, 2, 0
15267, 199, 898, 1450, 0, 0, 34.56%, 2, 1, 20, 4209.87, 57356238, 1082, 2, 0
15272, 199, 595, 1450, 0, 0, 34.56%, 2, 1, 20, 4133.14, 57376261, 1082, 2, 0
15278, 199, 899, 1450, 0, 0, 34.56%, 2, 1, 20, 495.74, 57397594, 1082, 2, 0
15283, 199, 635, 1450, 0, 0, 34.56%, 2, 1, 20, 5377.95, 57418326, 1082, 2, 0
15288, 199, 96, 1450, 0, 0, 34.56%, 2, 1, 20, 5016.27, 57439415, 1082, 2, 0
15293, 199, 668, 1450, 0, 0, 34.56%, 2, 1, 20, 4972.91, 57459388, 1082, 2, 0
15298, 199, 1155, 1450, 0, 0, 34.56%, 2, 1, 20, 4830.00, 57477902, 1082, 2, 0
15303, 199, 1071, 1450, 0, 0, 34.56%, 2, 1, 20, 3691.44, 57498231, 1082, 2, 0
15309, 199, 80, 1450, 0, 0, 34.56%, 2, 1, 20, 3883.87, 57517570, 1082, 2, 0
15314, 199, 762, 1450, 0, 0, 34.56%, 2, 1, 20, 4909.34, 57539987, 1082, 2, 0
15319, 199, 36, 1450, 0, 0, 34.56%, 2, 1, 20, 395.26, 57559028, 1082, 2, 0
15324, 199, 647, 1450, 0, 0, 34.56%, 2, 1, 20, 4193.97, 57579321, 1082, 2, 0
15329, 199, 134, 1450, 0, 0, 34.56%, 2, 1, 20, 1768.58, 57599513, 1082, 2, 0
15334, 200, 673, 1450, 0, 0, 34.56%, 2, 1, 20, 3689.25, 57619688, 1082, 2, 0
15339, 200, 165, 1450, 0, 0, 34.56%, 2, 1, 20, 1938.26, 57640372, 1082, 2, 0
15344, 200, 363, 1450, 0, 0, 34.56%, 2, 1, 20, 4349.03, 57661481, 1082, 2, 0
15350, 200, 15, 1450, 0, 0, 34.56%, 2, 1, 20, 118.39, 57676919, 1082, 2, 0
15355, 200, 832, 1450, 0, 0, 34.56%, 2, 1, 20, 4505.65, 57696936, 1082, 2, 0
15360, 200, 1138, 1450, 0, 0, 34.56%, 2, 1, 20, 4150.99, 57718505, 1082, 2, 0
15365, 200, 363, 1450, 0, 0, 34.56%, 2, 1, 20, 4091.79, 57738103, 1082, 2, 0
15370, 200, 1041, 1450, 0, 0, 34.56%, 2, 1, 20, 4072.09, 57756646, 1082, 2, 0
15375, 200, 57, 1450, 0, 0, 34.56%, 2, 1, 20, 3080.00, 57774932, 1082, 2, 0
15380, 200, 562, 1450, 0, 0, 34.56%, 2, 1, 20, 4918.37, 57792963, 1082, 2, 0
15385, 200, 686, 1450, 0, 0, 34.56%, 2, 1, 20, 4203.71, 57812811, 1082, 2, 0
15391, 200, 68, 1450, 0, 0, 34.56%, 2, 1, 20, 4234.62, 57834306, 1082, 2, 0
15396, 200, 891, 1450, 0, 0, 34.56%, 2, 1, 20, 5292.60, 57856182, 1082, 2, 0
15401, 200, 1023, 1450, 0, 0, 34.56%, 2, 1, 20, 5300.52, 57876080, 1082, 2, 0
15406, 200, 1406, 1450, 0, 0, 34.56%, 2, 1, 20, 3575.65, 57896277, 1082, 2, 0
15411, 200, 109, 1450, 0, 0, 34.56%, 2, 1, 20, 3498.52, 57914423, 1082, 2, 0
15416, 201, 852, 1450, 0, 0, 34.56%, 2, 1, 20, 4869.83, 57934844, 1082, 2, 0
15421, 201, 1101, 1450, 0, 0, 34.56%, 2, 1, 20, 4253.55, 57954209, 1082, 2, 0
15426, 201, 668, 1450, 0, 0, 34.56%, 2, 1, 20, 3339.39, 57974001, 1082, 2, 0
15432, 201, 154, 1450, 0, 0, 34.56%, 2, 1, 20, 426.89, 57991372, 1082, 2, 0
15437, 201, 635, 1450, 0, 0, 34.56%, 2, 1, 20, 3639.98, 58010638, 1082, 2, 0
15442, 201, 801, 1450, 0, 0, 34.56%, 2, 1, 20, 5487.23, 58031502, 1082, 2, 0
15447, 201, 131, 1450, 0, 0, 34.56%, 2, 1, 20, 4857.01, 58052840, 1082, 2, 0
15452, 201, 512, 1450, 0, 0, 34.56%, 2, 1, 20, 4049.61, 58073349, 1082, 2, 0
15457, 201, 1427, 1450, 0, 0, 34.56%, 2, 1, 20, 3490.62, 58093456, 1082, 2, 0
15463, 201, 87, 1450, 0, 0, 34.56%, 2, 1, 20, 4395.64, 58111485, 1082, 2, 0
15468, 201, 876, 1450, 0, 0, 34.56%, 2, 1, 20, 4985.80, 58130435, 1082, 2, 0
15473, 201, 880, 1450, 0, 0, 34.56%, 2, 1, 20, 3266.67, 58150487, 1082, 2, 0
15478, 201, 267, 1450, 0, 0, 34.56%, 2, 1, 20, 4630.60, 58168652, 1082, 2, 0
15483, 201, 414, 1450, 0, 0, 34.56%, 2, 1, 20, 182.25, 58189589, 1082, 2, 0
15488, 201, 832, 1450, 0, 0, 34.56%, 2, 1, 20, 4517.35, 58209838, 1082, 2, 0
15493, 202, 62, 1450, 0, 0, 34.56%, 2, 1, 20, 4378.87, 58228477, 1082, 2, 0
15498, 202, 251, 1450, 0, 0, 34.56%, 2, 1, 20, 5393.85, 58248476, 1082, 2, 0
15503, 202, 392, 1450, 0, 0, 34.56%, 2, 1, 20, 4217.83, 58265461, 1082, 2, 0
15508, 202, 78, 1450, 0, 0, 34.56%, 2, 1, 20, 4161.82, 58282995, 1082, 2, 0
15513, 202, 1013, 1450, 0, 0, 34.56%, 2, 1, 20, 4245.54, 58304142, 1082, 2, 0
15519, 202, 128, 1450, 0, 0, 34.56%, 2, 1, 20, 5449.37, 58324890, 1082, 2, 0
15524, 202, 95, 1450, 0, 0, 34.56%, 2, 1, 20, 4603.72, 58344789, 1082, 2, 0
15529, 202, 693, 1450, 0, 0, 34.56%, 2, 1, 20, 4579.47, 58364084, 1082, 2, 0
15534, 202, 686, 1450, 0, 0, 34.56%, 2, 1, 20, 4853.55, 58385984, 1082, 2, 0
15539, 202, 512, 1450, 0, 0, 34.56%, 2, 1, 20, 5007.50, 58405975, 1082, 2, 0
15545, 202, 1361, 1450, 0, 0, 34.56%, 2, 1, 20, 871.08, 58425823, 1082, 2, 0
15550, 202, 412, 1450, 0, 0, 34.56%, 2, 1, 20, 4912.29, 58447021, 1082, 2, 0
15555, 202, 954, 1450, 0, 0, 34.56%, 2, 1, 20, 5323.79, 58467851, 1082, 2, 0
15560, 202, 832, 1450, 0, 0, 34.56%, 2, 1, 20, 4601.54, 58488233, 1082, 2, 0
15565, 202, 370, 1450, 0, 0, 34.56%, 2, 1, 20, 5430.00, 58506274, 1082, 2, 0
15570, 203, 787, 1450, 0, 0, 34.56%, 2, 1, 20, 3237.83, 58526954, 1082, 2, 0
15575, 203, 512, 1450, 0, 0, 34.56%, 2, 1, 20, 4730.87, 58547683, 1082, 2, 0
15580, 203, 729, 1450, 0, 0, 34.56%, 2, 1, 20, 5348.90, 58568823, 1082, 2, 0
15585, 203, 787, 1450, 0, 0, 34.56%, 2, 1, 20, 375.00, 58589624, 1082, 2, 0
15591, 203, 1073, 1450, 0, 0, 34.56%, 2, 1, 20, 3804.90, 58608621, 1082, 2, 0
15596, 203, 5, 1450, 0, 0, 34.56%, 2, 1, 20, 4479.50, 58630235, 1082, 2, 0
15601, 203, 899, 1450, 0, 0, 34.56%, 2, 1, 20, 2243.92, 58649107, 1082, 2, 0
15606, 203, 1256, 1450, 0, 0, 34.56%, 2, 1, 20, 575.69, 58667503, 1082, 2, 0
15611, 203, 349, 1450, 0, 0, 34.56%, 2, 1, 20, 4545.31, 58689884, 1082, 2, 0
15616, 203, 899, 1450, 0, 0, 34.56%, 2, 1, 20, 4473.64, 58710364, 1082, 2, 0
15621, 203, 573, 1450, 0, 0, 34.56%, 2, 1, 20, 4816.92, 58730862, 1082, 2, 0
15628, 203, 1455, 1456, 6, 0, 34.56%, 2, 1, 20, 3659.25, 58749151, 1082, 2, 0
15635, 203, 1453, 1456, 4, 0, 34.56%, 2, 1, 20, 2302.26, 58768149, 1082, 2, 0
15640, 203, 702, 1456, 3, 0, 34.56%, 2, 1, 20, 5062.73, 58788236, 1082, 2, 0
15645, 203, 1451, 1456, 3, 0, 34.56%, 2, 1, 20, 4318.47, 58802613, 1082, 2, 0
15650, 203, 1452, 1456, 2, 0, 34.56%, 2, 1, 20, 4230.89, 58820454, 1082, 2, 0
15655, 203, 696, 1456, 1, 0, 34.56%, 2, 1, 20, 3864.86, 58834027, 1082, 2, 0
15661, 204, 408, 1456, 0, 0, 34.56%, 2, 1, 20, 4723.67, 58854086, 1082, 2, 0
15666, 204, 189, 1456, 0, 0, 34.56%, 2, 1, 20, 1890.00, 58872199, 1082, 2, 0
15671, 204, 237, 1456, 0, 0, 34.56%, 2, 1, 20, 929.58, 58893236, 1082, 2, 0
15676, 204, 954, 1456, 0, 0, 34.56%, 2, 1, 20, 5290.00, 58911552, 1082, 2, 0
15681, 204, 190, 1456, 0, 0, 34.56%, 2, 1, 20, 4585.00, 58930738, 1082, 2, 0
15686, 204, 742, 1456, 0, 0, 34.56%, 2, 1, 20, 1910.45, 58951180, 1082, 2, 0
15691, 204, 607, 1456, 0, 0, 34.56%, 2, 1, 20, 5555.00, 58970518, 1082, 2, 0
15696, 204, 904, 1456, 0, 0, 34.56%, 2, 1, 20, 3816.31, 58991216, 1082, 2, 0
15701, 204, 1394, 1456, 0, 0, 34.56%, 2, 1, 20, 3726.63, 59009380, 1082, 2, 0
15707, 204, 5, 1456, 0, 0, 34.56%, 2, 1, 20, 4776.25, 59027782, 1082, 2, 0
15712, 204, 114, 1456, 0, 0, 34.56%, 2, 1, 20, 5406.90, 59048023, 1082, 2, 0
15717, 204, 813, 1456, 0, 0, 34.56%, 2, 1, 20, 5154.19, 59066205, 1082, 2, 0
15722, 204, 800, 1456, 0, 0, 34.56%, 2, 1, 20, 3466.92, 59086594, 1082, 2, 0
15727, 204, 759, 1456, 0, 0, 34.56%, 2, 1, 20, 5541.92, 59107649, 1082, 2, 0
15732, 204, 109, 1456, 0, 0, 34.56%, 2, 1, 20, 4758.31, 59130518, 1082, 2, 0
15737, 204, 1053, 1456, 0, 0, 34.56%, 2, 1, 20, 5032.29, 59150333, 1082, 2, 0
15742, 205, 609, 1456, 0, 0, 34.56%, 2, 1, 20, 4746.35, 59171646, 1082, 2, 0
15747, 205, 25, 1456, 0, 0, 34.56%, 2, 1, 20, 4077.14, 59191085, 1082, 2, 0
15752, 205, 1101, 1456, 0, 0, 34.56%, 2, 1, 20, 3704.16, 59211600, 1082, 2, 0
15757, 205, 876, 1456, 0, 0, 34.56%, 2, 1, 20, 5218.65, 59232448, 1082, 2, 0
15762, 205, 204, 1456, 0, 0, 34.56%, 2, 1, 20, 4287.30, 59254168, 1082, 2, 0
15768, 205, 876, 1456, 0, 0, 34.56%, 2, 1, 20, 4411.36, 59273520, 1082, 2, 0
15773, 205, 899, 1456, 0, 0, 34.56%, 2, 1, 20, 4282.81, 59294406, 1082, 2, 0
15778, 205, 851, 1456, 0, 0, 34.56%, 2, 1, 20, 4279.20, 59314580, 1082, 2, 0
15783, 205, 1099, 1456, 0, 0, 34.56%, 2, 1, 20, 1102.05, 59335543, 1082, 2, 0
15788, 205, 136, 1456, 0, 0, 34.56%, 2, 1, 20, 5294.30, 59356626, 1082, 2, 0
15793, 205, 893, 1456, 0, 0, 34.56%, 2, 1, 20, 4160.97, 59375533, 1082, 2, 0
15798, 205, 933, 1456, 0, 0, 34.56%, 2, 1, 20, 5447.98, 59397009, 1082, 2, 0
15803, 205, 414, 1456, 0, 0, 34.56%, 2, 1, 20, 4715.11, 59416708, 1082, 2, 0
15809, 205, 844, 1456, 0, 0, 34.56%, 2, 1, 20, 4240.03, 59436474, 1082, 2, 0
15814, 205, 75, 1456, 0, 0, 34.56%, 2, 1, 20, 4603.98, 59456636, 1082, 2, 0
15819, 206, 920, 1456, 0, 0, 34.56%, 2, 1, 20, 4563.66, 59476706, 1082, 2, 0
15824, 206, 407, 1456, 0, 0, 34.56%, 2, 1, 20, 4421.42, 59496342, 1082, 2, 0
15829, 206, 353, 1456, 0, 0, 34.56%, 2, 1, 20, 5358.21, 59515637, 1082, 2, 0
15834, 206, 552, 1456, 0, 0, 34.56%, 2, 1, 20, 5466.09, 59535613, 1082, 2, 0
15839, 206, 832, 1456, 0, 0, 34.56%, 2, 1, 20, 4047.96, 59553081, 1082, 2, 0
15844, 206, 409, 1456, 0, 0, 34.56%, 2, 1, 20, 4541.18, 59572659, 1082, 2, 0
15849, 206, 1080, 1456, 0, 0, 34.56%, 2, 1, 20, 4158.68, 59592363, 1082, 2, 0
15855, 206, 693, 1456, 0, 0, 34.56%, 2, 1, 20, 4247.36, 59612454, 1082, 2, 0
15860, 206, 965, 1456, 0, 0, 34.56%, 2, 1, 20, 4423.34, 59632565, 1082, 2, 0
15865, 206, 782, 1456, 0, 0, 34.56%, 2, 1, 20, 4004.41, 59651252, 1082, 2, 0
15870, 206, 678, 1456, 0, 0, 34.56%, 2, 1, 20, 1853.81, 59671269, 1082, 2, 0
15875, 206, 405, 1456, 0, 0, 34.56%, 2, 1, 20, 3290.95, 59688272, 1082, 2, 0
15880, 206, 154, 1456, 0, 0, 34.56%, 2, 1, 20, 4231.60, 59708427, 1082, 2, 0
15886, 206, 832, 1456, 0, 0, 34.56%, 2, 1, 20, 3724.21, 59726650, 1082, 2, 0
15891, 206, 673, 1456, 0, 0, 34.56%, 2, 1, 20, 5217.11, 59745954, 1082, 2, 0
15896, 206, 242, 1456, 0, 0, 34.56%, 2, 1, 20, 5101.52, 59764473, 1082, 2, 0
15901, 207, 641, 1456, 0, 0, 34.56%, 2, 1, 20, 2983.71, 59784356, 1082, 2, 0
15906, 207, 685, 1456, 0, 0, 34.56%, 2, 1, 20, 4019.47, 59804317, 1082, 2, 0
15911, 207, 764, 1456, 0, 0, 34.56%, 2, 1, 20, 4377.93, 59824423, 1082, 2, 0
15916, 207, 885, 1456, 0, 0, 34.56%, 2, 1, 20, 4256.43, 59844189, 1082, 2, 0
15921, 207, 111, 1456, 0, 0, 34.56%, 2, 1, 20, 4766.63, 59863836, 1082, 2, 0
15926, 207, 131, 1456, 0, 0, 34.56%, 2, 1, 20, 291.36, 59883504, 1082, 2, 0
15931, 207, 25, 1456, 0, 0, 34.56%, 2, 1, 20, 3727.68, 59902787, 1082, 2, 0
15936, 207, 579, 1456, 0, 0, 34.56%, 2, 1, 20, 4118.84, 59924080, 1082, 2, 0
15941, 207, 106, 1456, 0, 0, 34.56%, 2, 1, 20, 5441.68, 59943564, 1082, 2, 0
15947, 207, 1073, 1456, 0, 0, 34.56%, 2, 1, 20, 4342.83, 59964677, 1082, 2, 0
15952, 207, 242, 1456, 0, 0, 34.56%, 2, 1, 20, 3204.41, 59985772, 1082, 2, 0
15957, 207, 1040, 1456, 0, 0, 34.56%, 2, 1, 20, 4038.33, 60007387, 1082, 2, 0
15962, 207, 939, 1456, 0, 0, 34.56%, 2, 1, 20, 4269.85, 60028973, 1082, 2, 0
15967, 207, 664, 1456, 0, 0, 34.56%, 2, 1, 20, 4741.74, 60050349, 1082, 2, 0
15972, 208, 180, 1456, 0, 0, 34.56%, 2, 1, 20, 3632.23, 60070642, 1082, 2, 0
15977, 208, 31, 1456, 0, 0, 34.56%, 2, 1, 20, 3809.10, 60089881, 1082, 2, 0
15983, 208, 1296, 1456, 0, 0, 34.56%, 2, 1, 20, 4825.71, 60108909, 1082, 2, 0
15988, 208, 312, 1456, 0, 0, 34.56%, 2, 1, 20, 5145.40, 60130189, 1082, 2, 0
15993, 208, 267, 1456, 0, 0, 34.56%, 2, 1, 20, 4824.43, 60149983, 1082, 2, 0
15998, 208, 1210, 1456, 0, 0, 34.56%, 2, 1, 20, 5085.16, 60170344, 1082, 2, 0
16003, 208, 431, 1456, 0, 0, 34.56%, 2, 1, 20, 2555.00, 60187311, 1082, 2, 0
16008, 208, 899, 1456, 0, 0, 34.56%, 2, 1, 20, 4816.85, 60207054, 1082, 2, 0
16013, 208, 1155, 1456, 0, 0, 34.56%, 2, 1, 20, 4592.60, 60226837, 1082, 2, 0
16019, 208, 561, 1456, 0, 0, 34.56%, 2, 1, 20, 4097.97, 60246596, 1082, 2, 0
16024, 208, 173, 1456, 0, 0, 34.56%, 2, 1, 20, 4194.55, 60267359, 1082, 2, 0
16029, 208, 95, 1456, 0, 0, 34.56%, 2, 1, 20, 4739.95, 60287482, 1082, 2, 0
16034, 208, 156, 1456, 0, 0, 34.56%, 2, 1, 20, 5299.51, 60309111, 1082, 2, 0
16039, 208, 852, 1456, 0, 0, 34.56%, 2, 1, 20, 3147.70, 60327398, 1082, 2, 0
16044, 208, 621, 1456, 0, 0, 34.56%, 2, 1, 20, 4000.00, 60348442, 1082, 2, 0
16049, 209, 88, 1456, 0, 0, 34.56%, 2, 1, 20, 4941.32, 60369061, 1082, 2, 0
16054, 209, 954, 1456, 0, 0, 34.56%, 2, 1, 20, 4619.68, 60390427, 1082, 2, 0
16060, 209, 899, 1456, 0, 0, 34.56%, 2, 1, 20, 5302.42, 60411011, 1082, 2, 0
16065, 209, 88, 1456, 0, 0, 34.56%, 2, 1, 20, 4635.64, 60431729, 1082, 2, 0
16070, 209, 1116, 1456, 0, 0, 34.56%, 2, 1, 20, 680.65, 60451724, 1082, 2, 0
16075, 209, 697, 1456, 0, 0, 34.56%, 2, 1, 20, 4914.28, 60472660, 1082, 2, 0
16080, 209, 844, 1456, 0, 0, 34.56%, 2, 1, 20, 4254.91, 60491979, 1082, 2, 0
16085, 209, 1344, 1456, 0, 0, 34.56%, 2, 1, 20, 4122.80, 60511387, 1082, 2, 0
16091, 209, 1456, 1457, 1, 0, 34.56%, 2, 1, 20, 907.45, 60526320, 1082, 2, 0
16096, 209, 832, 1457, 0, 0, 34.56%, 2, 1, 20, 5418.29, 60547014, 1082, 2, 0
16101, 209, 213, 1457, 0, 0, 34.56%, 2, 1, 20, 5197.38, 60565891, 1082, 2, 0
16106, 209, 763, 1457, 0, 0, 34.56%, 2, 1, 20, 3897.80, 60584986, 1082, 2, 0
16112, 209, 69, 1457, 0, 0, 34.56%, 2, 1, 20, 3777.25, 60606217, 1082, 2, 0
16117, 209, 634, 1457, 0, 0, 34.56%, 2, 1, 20, 5251.17, 60628912, 1082, 2, 0
16122, 209, 392, 1457, 0, 0, 34.56%, 2, 1, 20, 4865.48, 60650586, 1082, 2, 0
16127, 209, 58, 1457, 0, 0, 34.56%, 2, 1, 20, 2100.00, 60668223, 1082, 2, 0
16132, 210, 457, 1457, 0, 0, 34.56%, 2, 1, 20, 4602.42, 60687785, 1082, 2, 0
16137, 210, 861, 1457, 0, 0, 34.56%, 2, 1, 20, 3068.97, 60707196, 1082, 2, 0
16142, 210, 1442, 1457, 0, 0, 34.56%, 2, 1, 20, 1870.33, 60725020, 1082, 2, 0
16147, 210, 788, 1457, 0, 0, 34.56%, 2, 1, 20, 4699.54, 60743704, 1082, 2, 0
16153, 210, 33, 1457, 0, 0, 34.56%, 2, 1, 20, 5449.32, 60764964, 1082, 2, 0
16158, 210, 826, 1457, 0, 0, 34.56%, 2, 1, 20, 1793.18, 60784837, 1082, 2, 0
16163, 210, 759, 1457, 0, 0, 34.56%, 2, 1, 20, 5026.51, 60804439, 1082, 2, 0
16168, 210, 954, 1457, 0, 0, 34.56%, 2, 1, 20, 4690.98, 60824978, 1082, 2, 0
16173, 210, 31, 1457, 0, 0, 34.56%, 2, 1, 20, 3153.72, 60842507, 1082, 2, 0
16178, 210, 1393, 1457, 0, 0, 34.56%, 2, 1, 20, 3742.14, 60861473, 1082, 2, 0
16183, 210, 954, 1457, 0, 0, 34.56%, 2, 1, 20, 4076.42, 60880543, 1082, 2, 0
16188, 210, 664, 1457, 0, 0, 34.56%, 2, 1, 20, 4764.86, 60901692, 1082, 2, 0
16193, 210, 166, 1457, 0, 0, 34.56%, 2, 1, 20, 4427.96, 60920014, 1082, 2, 0
16198, 210, 65, 1457, 0, 0, 34.56%, 2, 1, 20, 4396.28, 60941790, 1082, 2, 0
16204, 210, 1137, 1457, 0, 0, 34.56%, 2, 1, 20, 3408.20, 60961748, 1082, 2, 0
16209, 210, 759, 1457, 0, 0, 34.56%, 2, 1, 20, 5064.68, 60981794, 1082, 2, 0
16214, 211, 1042, 1457, 0, 0, 34.56%, 2, 1, 20, 5206.59, 61001270, 1082, 2, 0
16219, 211, 763, 1457, 0, 0, 34.56%, 2, 1, 20, 2703.92, 61020081, 1082, 2, 0
16224, 211, 512, 1457, 0, 0, 34.56%, 2, 1, 20, 3642.40, 61039559, 1082, 2, 0
16229, 211, 518, 1457, 0, 0, 34.56%, 2, 1, 20, 4738.37, 61060661, 1082, 2, 0
16234, 211, 561, 1457, 0, 0, 34.56%, 2, 1, 20, 2148.28, 61080152, 1082, 2, 0
16239, 211, 759, 1457, 0, 0, 34.56%, 2, 1, 20, 4162.31, 61101397, 1082, 2, 0
16245, 211, 825, 1457, 0, 0, 34.56%, 2, 1, 20, 839.59, 61121387, 1082, 2, 0
16250, 211, 354, 1457, 0, 0, 34.56%, 2, 1, 20, 5172.54, 61138775, 1082, 2, 0
16255, 211, 120, 1457, 0, 0, 34.56%, 2, 1, 20, 4283.32, 61157591, 1082, 2, 0
16260, 211, 964, 1457, 0, 0, 34.56%, 2, 1, 20, 4881.39, 61178545, 1082, 2, 0
16265, 211, 93, 1457, 0, 0, 34.56%, 2, 1, 20, 2917.39, 61195548, 1082, 2, 0
16270, 211, 672, 1457, 0, 0, 34.56%, 2, 1, 20, 3725.50, 61213589, 1082, 2, 0
16275, 211, 104, 1457, 0, 0, 34.56%, 2, 1, 20, 4642.66, 61233752, 1082, 2, 0
16280, 211, 876, 1457, 0, 0, 34.56%, 2, 1, 20, 5026.51, 61255827, 1082, 2, 0
16285, 211, 408, 1457, 0, 0, 34.56%, 2, 1, 20, 2598.01, 61275253, 1082, 2, 0
16290, 211, 315, 1457, 0, 0, 34.56%, 2, 1, 20, 3818.80, 61293592, 1082, 2, 0
16295, 212, 761, 1457, 0, 0, 34.56%, 2, 1, 20, 4352.25, 61315274, 1082, 2, 0
16300, 212, 293, 1457, 0, 0, 34.56%, 2, 1, 20, 5107.61, 61335878, 1082, 2, 0
16305, 212, 33, 1457, 0, 0, 34.56%, 2, 1, 20, 4798.25, 61355975, 1082, 2, 0
16311, 212, 1424, 1457, 0, 0, 34.56%, 2, 1, 20, 296.41, 61374033, 1082, 2, 0
16316, 212, 25, 1457, 0, 0, 34.56%, 2, 1, 20, 3858.25, 61394177, 1082, 2, 0
16321, 212, 813, 1457, 0, 0, 34.56%, 2, 1, 20, 3020.34, 61412838, 1082, 2, 0
16326, 212, 880, 1457, 0, 0, 34.56%, 2, 1, 20, 4524.55, 61434144, 1082, 2, 0
16331, 212, 173, 1457, 0, 0, 34.56%, 2, 1, 20, 3559.62, 61450268, 1082, 2, 0
16336, 212, 973, 1458, 1, 0, 34.56%, 2, 1, 20, 4506.59, 61469701, 1082, 2, 0
16341, 212, 832, 1458, 1, 0, 34.56%, 2, 1, 20, 2481.93, 61490591, 1082, 2, 0
16346, 212, 87, 1458, 1, 0, 34.56%, 2, 1, 20, 4935.52, 61511994, 1082, 2, 0
16353, 212, 1457, 1458, 1, 0, 34.56%, 2, 1, 20, 4093.59, 61533717, 1082, 2, 0
16358, 212, 1404, 1458, 0, 0, 34.56%, 2, 1, 20, 4128.33, 61552990, 1082, 2, 0
16364, 212, 927, 1458, 0, 0, 34.56%, 2, 1, 20, 4345.06, 61570811, 1082, 2, 0
16369, 212, 906, 1458, 0, 0, 34.56%, 2, 1, 20, 4878.89, 61591323, 1082, 2, 0
16374, 213, 110, 1458, 0, 0, 34.56%, 2, 1, 20, 2038.04, 61609513, 1082, 2, 0
16379, 213, 267, 1458, 0, 0, 34.56%, 2, 1, 20, 397.54, 61629604, 1082, 2, 0
16384, 213, 764, 1458, 0, 0, 34.56%, 2, 1, 20, 5412.54, 61651201, 1082, 2, 0
16389, 213, 52, 1458, 0, 0, 34.56%, 2, 1, 20, 4357.78, 61671870, 1082, 2, 0
16394, 213, 242, 1458, 0, 0, 34.56%, 2, 1, 20, 4906.55, 61691598, 1082, 2, 0
16399, 213, 1443, 1458, 0, 0, 34.56%, 2, 1, 20, 3928.76, 61711316, 1082, 2, 0
16404, 213, 25, 1458, 0, 0, 34.56%, 2, 1, 20, 3958.22, 61730869, 1082, 2, 0
16410, 213, 1101, 1458, 0, 0, 34.56%, 2, 1, 20, 4435.00, 61749981, 1082, 2, 0
16415, 213, 844, 1458, 0, 0, 34.56%, 2, 1, 20, 4923.37, 61769965, 1082, 2, 0
16420, 213, 293, 1458, 0, 0, 34.56%, 2, 1, 20, 4576.99, 61790271, 1082, 2, 0
16425, 213, 244, 1458, 0, 0, 34.56%, 2, 1, 20, 4348.54, 61809674, 1082, 2, 0
16430, 213, 382, 1458, 0, 0, 34.56%, 2, 1, 20, 4048.33, 61829246, 1082, 2, 0
16435, 213, 844, 1458, 0, 0, 34.56%, 2, 1, 20, 4227.73, 61847181, 1082, 2, 0
16440, 213, 899, 1458, 0, 0, 34.56%, 2, 1, 20, 4243.80, 61867146, 1082, 2, 0
16445, 213, 1450, 1458, 0, 0, 34.56%, 2, 1, 20, 4894.48, 61886176, 1082, 2, 0
16451, 214, 1268, 1458, 0, 0, 34.56%, 2, 1, 20, 3664.28, 61906439, 1082, 2, 0
16456, 214, 389, 1458, 0, 0, 34.56%, 2, 1, 20, 4402.46, 61926841, 1082, 2, 0
16461, 214, 1130, 1458, 0, 0, 34.56%, 2, 1, 20, 4549.36, 61947403, 1082, 2, 0
16466, 214, 168, 1458, 0, 0, 34.56%, 2, 1, 20, 4799.27, 61967280, 1082, 2, 0
16471, 214, 185, 1458, 0, 0, 34.56%, 2, 1, 20, 4398.10, 61987050, 1082, 2, 0
16476, 214, 787, 1458, 0, 0, 34.56%, 2, 1, 20, 4367.51, 62008505, 1082, 2, 0
16481, 214, 57, 1458, 0, 0, 34.56%, 2, 1, 20, 5310.16, 62029642, 1082, 2, 0
16486, 214, 718, 1458, 0, 0, 34.56%, 2, 1, 20, 4354.42, 62049636, 1082, 2, 0
16491, 214, 906, 1458, 0, 0, 34.56%, 2, 1, 20, 4936.11, 62070783, 1082, 2, 0
16496, 214, 983, 1458, 0, 0, 34.56%, 2, 1, 20, 3468.15, 62089700, 1082, 2, 0
16502, 214, 382, 1458, 0, 0, 34.56%, 2, 1, 20, 4861.21, 62108095, 1082, 2, 0
16507, 214, 635, 1458, 0, 0, 34.56%, 2, 1, 20, 606.02, 62128463, 1082, 2, 0
16512, 214, 1139, 1458, 0, 0, 34.56%, 2, 1, 20, 4055.00, 62149147, 1082, 2, 0
16517, 214, 832, 1458, 0, 0, 34.56%, 2, 1, 20, 4363.15, 62170267, 1082, 2, 0
16522, 214, 1101, 1458, 0, 0, 34.56%, 2, 1, 20, 4436.80, 62189611, 1082, 2, 0
16527, 215, 96, 1458, 0, 0, 34.56%, 2, 1, 20, 4817.51, 62211503, 1082, 2, 0
16532, 215, 15, 1458, 0, 0, 34.56%, 2, 1, 20, 548.15, 62230167, 1082, 2, 0
16537, 215, 104, 1458, 0, 0, 34.56%, 2, 1, 20, 4500.00, 62249394, 1082, 2, 0
16542, 215, 312, 1458, 0, 0, 34.56%, 2, 1, 20, 4195.02, 62270383, 1082, 2, 0
16547, 215, 79, 1458, 0, 0, 34.56%, 2, 1, 20, 4410.78, 62290964, 1082, 2, 0
16553, 215, 1394, 1458, 0, 0, 34.56%, 2, 1, 20, 4019.27, 62310780, 1082, 2, 0
16558, 215, 579, 1458, 0, 0, 34.56%, 2, 1, 20, 3367.52, 62330585, 1082, 2, 0
16563, 215, 906, 1458, 0, 0, 34.56%, 2, 1, 20, 3148.71, 62349740, 1082, 2, 0
16568, 215, 608, 1458, 0, 0, 34.56%, 2, 1, 20, 5054.75, 62369840, 1082, 2, 0
16573, 215, 330, 1458, 0, 0, 34.56%, 2, 1, 20, 5084.28, 62389553, 1082, 2, 0
16578, 215, 154, 1458, 0, 0, 34.56%, 2, 1, 20, 3704.83, 62408555, 1082, 2, 0
16583, 215, 589, 1458, 0, 0, 34.56%, 2, 1, 20, 5614.19, 62430002, 1082, 2, 0
16588, 215, 1452, 1458, 0, 0, 34.56%, 2, 1, 20, 4148.41, 62447633, 1082, 2, 0
16593, 215, 406, 1458, 0, 0, 34.56%, 2, 1, 20, 5290.36, 62468998, 1082, 2, 0
16598, 215, 305, 1458, 0, 0, 34.56%, 2, 1, 20, 4593.96, 62488928, 1082, 2, 0
16603, 215, 1452, 1458, 0, 0, 34.56%, 2, 1, 20, 4620.79, 62508587, 1082, 2, 0
16609, 216, 548, 1458, 0, 0, 34.56%, 2, 1, 20, 851.06, 62526307, 1082, 2, 0
16614, 216, 159, 1458, 0, 0, 34.56%, 2, 1, 20, 4760.95, 62549081, 1082, 2, 0
16619, 216, 242, 1458, 0, 0, 34.56%, 2, 1, 20, 4266.68, 62568868, 1082, 2, 0
16624, 216, 94, 1458, 0, 0, 34.56%, 2, 1, 20, 5185.10, 62589659, 1082, 2, 0
16629, 216, 177, 1458, 0, 0, 34.56%, 2, 1, 20, 4513.09, 62609170, 1082, 2, 0
16634, 216, 1394, 1458, 0, 0, 34.56%, 2, 1, 20, 5357.18, 62630436, 1082, 2, 0
16640, 216, 1443, 1458, 0, 0, 34.56%, 2, 1, 20, 4584.16, 62652991, 1082, 2, 0
16645, 216, 640, 1458, 0, 0, 34.56%, 2, 1, 20, 3238.37, 62672263, 1082, 2, 0
16650, 216, 293, 1458, 0, 0, 34.56%, 2, 1, 20, 4366.71, 62694392, 1082, 2, 0
16655, 216, 1001, 1458, 0, 0, 34.56%, 2, 1, 20, 4409.89, 62713973, 1082, 2, 0
16660, 216, 1456, 1458, 0, 0, 34.56%, 2, 1, 20, 4382.48, 62734456, 1082, 2, 0
16666, 216, 57, 1458, 0, 0, 34.56%, 2, 1, 20, 4270.09, 62754317, 1082, 2, 0
16671, 216, 634, 1458, 0, 0, 34.56%, 2, 1, 20, 3513.65, 62773797, 1082, 2, 0
16676, 216, 121, 1458, 0, 0, 34.56%, 2, 1, 20, 5168.21, 62795095, 1082, 2, 0
16681, 216, 813, 1458, 0, 0, 34.56%, 2, 1, 20, 4448.91, 62814359, 1082, 2, 0
16686, 217, 552, 1458, 0, 0, 34.56%, 2, 1, 20, 4005.55, 62835990, 1082, 2, 0
16691, 217, 504, 1458, 0, 0, 34.56%, 2, 1, 20, 5786.07, 62855022, 1082, 2, 0
16696, 217, 1080, 1458, 0, 0, 34.56%, 2, 1, 20, 4817.56, 62876611, 1082, 2, 0
16701, 217, 700, 1458, 0, 0, 34.56%, 2, 1, 20, 5076.07, 62896017, 1082, 2, 0
16707, 217, 685, 1458, 0, 0, 34.56%, 2, 1, 20, 5512.94, 62917980, 1082, 2, 0
16712, 217, 250, 1458, 0, 0, 34.56%, 2, 1, 20, 5130.53, 62940175, 1082, 2, 0
16717, 217, 1270, 1458, 0, 0, 34.56%, 2, 1, 20, 4542.52, 62961194, 1082, 2, 0
16722, 217, 267, 1458, 0, 0, 34.56%, 2, 1, 20, 3655.00, 62978384, 1082, 2, 0
16727, 217, 392, 1458, 0, 0, 34.56%, 2, 1, 20, 3744.69, 62997027, 1082, 2, 0
16732, 217, 634, 1458, 0, 0, 34.56%, 2, 1, 20, 3717.00, 63017404, 1082, 2, 0
16737, 217, 954, 1458, 0, 0, 34.56%, 2, 1, 20, 4336.36, 63037522, 1082, 2, 0
16743, 217, 178, 1458, 0, 0, 34.56%, 2, 1, 20, 4420.51, 63058163, 1082, 2, 0
16748, 217, 945, 1458, 0, 0, 34.56%, 2, 1, 20, 4571.34, 63079074, 1082, 2, 0
16753, 217, 1130, 1458, 0, 0, 34.56%, 2, 1, 20, 4208.70, 63099754, 1082, 2, 0
16758, 217, 491, 1458, 0, 0, 34.56%, 2, 1, 20, 4498.35, 63117984, 1082, 2, 0
16763, 218, 892, 1458, 0, 0, 34.56%, 2, 1, 20, 519.19, 63136386, 1082, 2, 0
16768, 218, 1410, 1458, 0, 0, 34.56%, 2, 1, 20, 4931.42, 63157704, 1082, 2, 0
16773, 218, 233, 1458, 0, 0, 34.56%, 2, 1, 20, 5202.42, 63176603, 1082, 2, 0
16778, 218, 136, 1458, 0, 0, 34.56%, 2, 1, 20, 4305.07, 63196186, 1082, 2, 0
16783, 218, 813, 1458, 0, 0, 34.56%, 2, 1, 20, 5108.40, 63217433, 1082, 2, 0
16789, 218, 1445, 1458, 0, 0, 34.56%, 2, 1, 20, 4854.54, 63237768, 1082, 2, 0
16794, 218, 267, 1458, 0, 0, 34.56%, 2, 1, 20, 4482.37, 63257180, 1082, 2, 0
16799, 218, 830, 1458, 0, 0, 34.56%, 2, 1, 20, 283.90, 63275766, 1082, 2, 0
16804, 218, 91, 1458, 0, 0, 34.56%, 2, 1, 20, 3731.32, 63295503, 1082, 2, 0
16809, 218, 664, 1458, 0, 0, 34.56%, 2, 1, 20, 4373.95, 63315705, 1082, 2, 0
16814, 218, 1250, 1458, 0, 0, 34.56%, 2, 1, 20, 4761.24, 63336611, 1082, 2, 0
16819, 218, 926, 1458, 0, 0, 34.56%, 2, 1, 20, 4168.15, 63355899, 1082, 2, 0
16825, 218, 1113, 1464, 4, 0, 34.65%, 2, 1, 20, 4372.07, 63375994, 1085, 2, 0
16830, 218, 844, 1464, 3, 0, 34.65%, 2, 1, 20, 3883.35, 63395957, 1085, 2, 0
16835, 218, 899, 1464, 2, 0, 34.65%, 2, 1, 20, 4345.39, 63417579, 1085, 2, 0
16840, 218, 891, 1464, 1, 0, 34.65%, 2, 1, 20, 3740.81, 63437007, 1085, 2, 0
16845, 219, 899, 1464, 1, 0, 34.65%, 2, 1, 20, 797.17, 63457625, 1085, 2, 0
16850, 219, 832, 1465, 1, 0, 34.65%, 2, 1, 20, 5325.40, 63473820, 1085, 2, 0
16855, 219, 899, 1465, 0, 0, 34.65%, 2, 1, 20, 4415.99, 63493222, 1085, 2, 0
16860, 219, 357, 1465, 0, 0, 34.65%, 2, 1, 20, 4745.25, 63513564, 1085, 2, 0
16865, 219, 682, 1465, 0, 0, 34.65%, 2, 1, 20, 4783.77, 63533658, 1085, 2, 0
16870, 219, 1462, 1465, 0, 0, 34.65%, 2, 1, 20, 4390.27, 63553035, 1085, 2, 0
16876, 219, 55, 1465, 0, 0, 34.65%, 2, 1, 20, 463.96, 63569731, 1085, 2, 0
16881, 219, 753, 1465, 0, 0, 34.65%, 2, 1, 20, 4666.35, 63590987, 1085, 2, 0
16886, 219, 1013, 1465, 0, 0, 34.65%, 2, 1, 20, 4448.68, 63611369, 1085, 2, 0
16891, 219, 141, 1465, 0, 0, 34.65%, 2, 1, 20, 4608.85, 63630210, 1085, 2, 0
16896, 219, 203, 1465, 0, 0, 34.65%, 2, 1, 20, 5063.12, 63652589, 1085, 2, 0
16901, 219, 899, 1465, 0, 0, 34.65%, 2, 1, 20, 5062.43, 63672804, 1085, 2, 0
16906, 219, 526, 1465, 0, 0, 34.65%, 2, 1, 20, 4716.39, 63694552, 1085, 2, 0
16911, 219, 656, 1465, 0, 0, 34.65%, 2, 1, 20, 4469.35, 63715766, 1085, 2, 0
16916, 219, 185, 1465, 0, 0, 34.65%, 2, 1, 20, 4248.89, 63734504, 1085, 2, 0
16922, 219, 71, 1465, 0, 0, 34.65%, 2, 1, 20, 5290.00, 63753252, 1085, 2, 0
16927, 220, 763, 1465, 0, 0, 34.65%, 2, 1, 20, 4846.29, 63774688, 1085, 2, 0
16932, 220, 759, 1465, 0, 0, 34.65%, 2, 1, 20, 3460.79, 63795027, 1085, 2, 0
16937, 220, 635, 1465, 0, 0, 34.65%, 2, 1, 20, 5257.00, 63814800, 1085, 2, 0
16942, 220, 409, 1465, 0, 0, 34.65%, 2, 1, 20, 5263.74, 63835287, 1085, 2, 0
16947, 220, 1154, 1465, 0, 0, 34.65%, 2, 1, 20, 5325.94, 63856149, 1085, 2, 0
16952, 220, 33, 1465, 0, 0, 34.65%, 2, 1, 20, 4361.55, 63876382, 1085, 2, 0
16957, 220, 70, 1465, 0, 0, 34.65%, 2, 1, 20, 4872.13, 63895906, 1085, 2, 0
16963, 220, 608, 1465, 0, 0, 34.65%, 2, 1, 20, 4802.98, 63916752, 1085, 2, 0
16968, 220, 408, 1465, 0, 0, 34.65%, 2, 1, 20, 4938.09, 63938294, 1085, 2, 0
16973, 220, 904, 1465, 0, 0, 34.65%, 2, 1, 20, 442.14, 63958307, 1085, 2, 0
16978, 220, 1419, 1465, 0, 0, 34.65%, 2, 1, 20, 2246.78, 63976636, 1085, 2, 0
16983, 220, 282, 1465, 0, 0, 34.65%, 2, 1, 20, 4582.10, 63997381, 1085, 2, 0
16988, 220, 1433, 1465, 0, 0, 34.65%, 2, 1, 20, 4457.45, 64017551, 1085, 2, 0
16993, 220, 293, 1465, 0, 0, 34.65%, 2, 1, 20, 4458.32, 64038684, 1085, 2, 0
16999, 220, 840, 1465, 0, 0, 34.65%, 2, 1, 20, 5215.29, 64058551, 1085, 2, 0
17004, 221, 408, 1465, 0, 0, 34.65%, 2, 1, 20, 3034.71, 64077453, 1085, 2, 0
17009, 221, 1033, 1465, 0, 0, 34.65%, 2, 1, 20, 4823.80, 64098465, 1085, 2, 0
17014, 221, 95, 1465, 0, 0, 34.65%, 2, 1, 20, 4606.77, 64118125, 1085, 2, 0
17019, 221, 896, 1465, 0, 0, 34.65%, 2, 1, 20, 185.95, 64137895, 1085, 2, 0
17024, 221, 25, 1465, 0, 0, 34.65%, 2, 1, 20, 5127.76, 64155750, 1085, 2, 0
17029, 221, 832, 1465, 0, 0, 34.65%, 2, 1, 20, 4640.69, 64176324, 1085, 2, 0
17034, 221, 635, 1465, 0, 0, 34.65%, 2, 1, 20, 4725.04, 64197345, 1085, 2, 0
17040, 221, 505, 1465, 0, 0, 34.65%, 2, 1, 20, 4740.69, 64217078, 1085, 2, 0
17045, 221, 353, 1465, 0, 0, 34.65%, 2, 1, 20, 4580.27, 64237877, 1085, 2, 0
17050, 221, 96, 1465, 0, 0, 34.65%, 2, 1, 20, 4333.92, 64258082, 1085, 2, 0
17055, 221, 1009, 1465, 0, 0, 34.65%, 2, 1, 20, 4862.04, 64277169, 1085, 2, 0
17060, 221, 1461, 1465, 0, 0, 34.65%, 2, 1, 20, 422.33, 64294749, 1085, 2, 0
17065, 221, 49, 1465, 0, 0, 34.65%, 2, 1, 20, 5180.72, 64314792, 1085, 2, 0
17070, 221, 985, 1465, 0, 0, 34.65%, 2, 1, 20, 4584.14, 64335947, 1085, 2, 0
17075, 221, 868, 1465, 0, 0, 34.65%, 2, 1, 20, 4949.60, 64356906, 1085, 2, 0
17080, 221, 682, 1465, 0, 0, 34.65%, 2, 1, 20, 4838.07, 64378454, 1085, 2, 0
17085, 222, 421, 1465, 0, 0, 34.65%, 2, 1, 20, 4869.65, 64398965, 1085, 2, 0
17090, 222, 1073, 1465, 0, 0, 34.65%, 2, 1, 20, 3395.31, 64419841, 1085, 2, 0
17096, 222, 833, 1465, 0, 0, 34.65%, 2, 1, 20, 494.25, 64437685, 1085, 2, 0
17101, 222, 1249, 1465, 0, 0, 34.65%, 2, 1, 20, 4510.39, 64457703, 1085, 2, 0
17106, 222, 852, 1465, 0, 0, 34.65%, 2, 1, 20, 4551.75, 64477455, 1085, 2, 0
17111, 222, 1419, 1465, 0, 0, 34.65%, 2, 1, 20, 3308.53, 64498622, 1085, 2, 0
17116, 222, 1462, 1465, 0, 0, 34.65%, 2, 1, 20, 4009.54, 64518607, 1085, 2, 0
17121, 222, 379, 1465, 0, 0, 34.65%, 2, 1, 20, 4739.90, 64537394, 1085, 2, 0
17126, 222, 825, 1465, 0, 0, 34.65%, 2, 1, 20, 182.27, 64558042, 1085, 2, 0
17131, 222, 110, 1465, 0, 0, 34.65%, 2, 1, 20, 1581.23, 64577021, 1085, 2, 0
17137, 222, 83, 1465, 0, 0, 34.65%, 2, 1, 20, 3914.87, 64597668, 1085, 2, 0
17142, 222, 296, 1465, 0, 0, 34.65%, 2, 1, 20, 4867.64, 64615663, 1085, 2, 0
17147, 222, 1452, 1465, 0, 0, 34.65%, 2, 1, 20, 3491.37, 64635689, 1085, 2, 0
17152, 222, 660, 1465, 0, 0, 34.65%, 2, 1, 20, 4084.24, 64655734, 1085, 2, 0
17157, 222, 293, 1465, 0, 0, 34.65%, 2, 1, 20, 4826.86, 64676211, 1085, 2, 0
17162, 222, 653, 1465, 0, 0, 34.65%, 2, 1, 20, 821.72, 64695200, 1085, 2, 0
17167, 223, 1363, 1465, 0, 0, 34.65%, 2, 1, 20, 5518.53, 64715639, 1085, 2, 0
17172, 223, 78, 1465, 0, 0, 34.65%, 2, 1, 20, 3615.66, 64734858, 1085, 2, 0
17177, 223, 1335, 1465, 0, 0, 34.65%, 2, 1, 20, 4212.46, 64756626, 1085, 2, 0
17182, 223, 71, 1465, 0, 0, 34.65%, 2, 1, 20, 4626.03, 64776914, 1085, 2, 0
17187, 223, 321, 1465, 0, 0, 34.65%, 2, 1, 20, 4444.28, 64797352, 1085, 2, 0
17192, 223, 1256, 1465, 0, 0, 34.65%, 2, 1, 20, 4396.54, 64817651, 1085, 2, 0
17198, 223, 1073, 1465, 0, 0, 34.65%, 2, 1, 20, 5047.81, 64836214, 1085, 2, 0
17203, 223, 242, 1465, 0, 0, 34.65%, 2, 1, 20, 4143.62, 64857278, 1085, 2, 0
17208, 223, 328, 1465, 0, 0, 34.65%, 2, 1, 20, 5174.13, 64878358, 1085, 2, 0
17213, 223, 405, 1465, 0, 0, 34.65%, 2, 1, 20, 4726.72, 64897342, 1085, 2, 0
17218, 223, 837, 1465, 0, 0, 34.65%, 2, 1, 20, 4548.03, 64917704, 1085, 2, 0
17223, 223, 4, 1465, 0, 0, 34.65%, 2, 1, 20, 4639.61, 64938476, 1085, 2, 0
17228, 223, 906, 1465, 0, 0, 34.65%, 2, 1, 20, 4708.15, 64957502, 1085, 2, 0
17233, 223, 33, 1465, 0, 0, 34.65%, 2, 1, 20, 4245.28, 64978052, 1085, 2, 0
17238, 223, 1033, 1465, 0, 0, 34.65%, 2, 1, 20, 4875.30, 64996280, 1085, 2, 0
17243, 224, 1455, 1465, 0, 0, 34.65%, 2, 1, 20, 2594.59, 65013898, 1085, 2, 0
17248, 224, 353, 1465, 0, 0, 34.65%, 2, 1, 20, 4875.09, 65035313, 1085, 2, 0
17254, 224, 899, 1465, 0, 0, 34.65%, 2, 1, 20, 203.35, 65052828, 1085, 2, 0
17259, 224, 928, 1465, 0, 0, 34.65%, 2, 1, 20, 4771.12, 65073497, 1085, 2, 0
17264, 224, 158, 1465, 0, 0, 34.65%, 2, 1, 20, 4475.79, 65093958, 1085, 2, 0
17269, 224, 49, 1465, 0, 0, 34.65%, 2, 1, 20, 5133.12, 65114314, 1085, 2, 0
17274, 224, 1296, 1465, 0, 0, 34.65%, 2, 1, 20, 644.74, 65135189, 1085, 2, 0
17279, 224, 635, 1465, 0, 0, 34.65%, 2, 1, 20, 4288.52, 65156316, 1085, 2, 0
17284, 224, 729, 1465, 0, 0, 34.65%, 2, 1, 20, 4251.51, 65176291, 1085, 2, 0
17290, 224, 832, 1465, 0, 0, 34.65%, 2, 1, 20, 5549.02, 65197253, 1085, 2, 0
17295, 224, 62, 1465, 0, 0, 34.65%, 2, 1, 20, 4593.67, 65217791, 1085, 2, 0
17300, 224, 1375, 1465, 0, 0, 34.65%, 2, 1, 20, 4378.47, 65237126, 1085, 2, 0
17305, 224, 587, 1465, 0, 0, 34.65%, 2, 1, 20, 4574.33, 65257420, 1085, 2, 0
17310, 224, 899, 1465, 0, 0, 34.65%, 2, 1, 20, 4229.77, 65278108, 1085, 2, 0
17315, 224, 125, 1465, 0, 0, 34.65%, 2, 1, 20, 4575.50, 65297083, 1085, 2, 0
17320, 224, 1019, 1465, 0, 0, 34.65%, 2, 1, 20, 2706.19, 65316720, 1085, 2, 0
17325, 225, 796, 1465, 0, 0, 34.65%, 2, 1, 20, 3735.37, 65335765, 1085, 2, 0
17330, 225, 782, 1465, 0, 0, 34.65%, 2, 1, 20, 3970.42, 65355239, 1085, 2, 0
17336, 225, 1462, 1465, 0, 0, 34.65%, 2, 1, 20, 4667.76, 65377141, 1085, 2, 0
17341, 225, 896, 1465, 0, 0, 34.65%, 2, 1, 20, 4593.61, 65397989, 1085, 2, 0
17346, 225, 242, 1465, 0, 0, 34.65%, 2, 1, 20, 4500.35, 65418240, 1085, 2, 0
17351, 225, 252, 1465, 0, 0, 34.65%, 2, 1, 20, 4461.01, 65438972, 1085, 2, 0
17356, 225, 1423, 1465, 0, 0, 34.65%, 2, 1, 20, 1221.86, 65458907, 1085, 2, 0
17361, 225, 143, 1465, 0, 0, 34.65%, 2, 1, 20, 5125.42, 65479994, 1085, 2, 0
17367, 225, 59, 1465, 0, 0, 34.65%, 2, 1, 20, 3884.91, 65499142, 1085, 2, 0
17372, 225, 1462, 1465, 0, 0, 34.65%, 2, 1, 20, 5504.59, 65520132, 1085, 2, 0
17377, 225, 1193, 1465, 0, 0, 34.65%, 2, 1, 20, 5164.41, 65540775, 1085, 2, 0
17382, 225, 813, 1465, 0, 0, 34.65%, 2, 1, 20, 4357.86, 65560332, 1085, 2, 0
17387, 225, 693, 1465, 0, 0, 34.65%, 2, 1, 20, 4771.05, 65579795, 1085, 2, 0
17392, 225, 408, 1465, 0, 0, 34.65%, 2, 1, 20, 3380.75, 65600374, 1085, 2, 0
17397, 225, 110, 1465, 0, 0, 34.65%, 2, 1, 20, 5041.38, 65620681, 1085, 2, 0
17402, 225, 362, 1465, 0, 0, 34.65%, 2, 1, 20, 5273.16, 65642847, 1085, 2, 0
17408, 226, 579, 1465, 0, 0, 34.65%, 2, 1, 20, 4990.07, 65662624, 1085, 2, 0
17413, 226, 682, 1465, 0, 0, 34.65%, 2, 1, 20, 4935.00, 65684379, 1085, 2, 0
17418, 226, 1394, 1465, 0, 0, 34.65%, 2, 1, 20, 3660.00, 65702432, 1085, 2, 0
17423, 226, 1450, 1465, 0, 0, 34.65%, 2, 1, 20, 5336.44, 65724709, 1085, 2, 0
17428, 226, 1007, 1465, 0, 0, 34.65%, 2, 1, 20, 4859.38, 65745602, 1085, 2, 0
17433, 226, 796, 1465, 0, 0, 34.65%, 2, 1, 20, 4418.02, 65764226, 1085, 2, 0
17438, 226, 850, 1465, 0, 0, 34.65%, 2, 1, 20, 4409.63, 65784583, 1085, 2, 0
17443, 226, 1419, 1465, 0, 0, 34.65%, 2, 1, 20, 4626.35, 65805175, 1085, 2, 0
17449, 226, 901, 1465, 0, 0, 34.65%, 2, 1, 20, 3568.01, 65823604, 1085, 2, 0
17454, 226, 693, 1465, 0, 0, 34.65%, 2, 1, 20, 5464.12, 65844795, 1085, 2, 0
17459, 226, 832, 1465, 0, 0, 34.65%, 2, 1, 20, 4329.55, 65864672, 1085, 2, 0
17464, 226, 697, 1465, 0, 0, 34.65%, 2, 1, 20, 2942.65, 65883510, 1085, 2, 0
17469, 226, 860, 1465, 0, 0, 34.65%, 2, 1, 20, 5272.91, 65903570, 1085, 2, 0
17474, 226, 738, 1465, 0, 0, 34.65%, 2, 1, 20, 4105.22, 65920967, 1085, 2, 0
17479, 226, 1139, 1465, 0, 0, 34.65%, 2, 1, 20, 3839.98, 65941225, 1085, 2, 0
17484, 227, 97, 1465, 0, 0, 34.65%, 2, 1, 20, 4875.33, 65961348, 1085, 2, 0
17490, 227, 813, 1465, 0, 0, 34.65%, 2, 1, 20, 4763.81, 65981624, 1085, 2, 0
17495, 227, 189, 1465, 0, 0, 34.65%, 2, 1, 20, 4428.59, 66001269, 1085, 2, 0
17500, 227, 899, 1465, 0, 0, 34.65%, 2, 1, 20, 595.32, 66021535, 1085, 2, 0
17505, 227, 863, 1465, 0, 0, 34.65%, 2, 1, 20, 4543.24, 66041883, 1085, 2, 0
17510, 227, 131, 1465, 0, 0, 34.65%, 2, 1, 20, 4578.65, 66062644, 1085, 2, 0
17515, 227, 112, 1465, 0, 0, 34.65%, 2, 1, 20, 4238.74, 66081381, 1085, 2, 0
17520, 227, 526, 1465, 0, 0, 34.65%, 2, 1, 20, 4791.93, 66100145, 1085, 2, 0
17525, 227, 158, 1465, 0, 0, 34.65%, 2, 1, 20, 3797.93, 66120425, 1085, 2, 0
17530, 227, 73, 1465, 0, 0, 34.65%, 2, 1, 20, 4511.17, 66140043, 1085, 2, 0
17535, 227, 1461, 1465, 0, 0, 34.65%, 2, 1, 20, 359.26, 66158829, 1085, 2, 0
17540, 227, 293, 1465, 0, 0, 34.65%, 2, 1, 20, 1740.91, 66177501, 1085, 2, 0
17545, 227, 267, 1465, 0, 0, 34.65%, 2, 1, 20, 4867.15, 66195604, 1085, 2, 0
17551, 227, 1461, 1465, 0, 0, 34.65%, 2, 1, 20, 4696.25, 66218115, 1085, 2, 0
17556, 227, 961, 1465, 0, 0, 34.65%, 2, 1, 20, 366.52, 66235417, 1085, 2, 0
17561, 227, 749, 1465, 0, 0, 34.65%, 2, 1, 20, 4445.90, 66257499, 1085, 2, 0
17566, 228, 409, 1465, 0, 0, 34.65%, 2, 1, 20, 4383.61, 66277394, 1085, 2, 0
17571, 228, 158, 1465, 0, 0, 34.65%, 2, 1, 20, 4118.73, 66296742, 1085, 2, 0
17576, 228, 78, 1465, 0, 0, 34.65%, 2, 1, 20, 4495.71, 66317843, 1085, 2, 0
17581, 228, 332, 1465, 0, 0, 34.65%, 2, 1, 20, 4055.57, 66337234, 1085, 2, 0
17587, 228, 158, 1465, 0, 0, 34.65%, 2, 1, 20, 4875.25, 66358017, 1085, 2, 0
17592, 228, 992, 1465, 0, 0, 34.65%, 2, 1, 20, 4601.94, 66377339, 1085, 2, 0
17597, 228, 851, 1465, 0, 0, 34.65%, 2, 1, 20, 800.66, 66395597, 1085, 2, 0
17602, 228, 13, 1465, 0, 0, 34.65%, 2, 1, 20, 4540.19, 66417654, 1085, 2, 0
17607, 228, 229, 1465, 0, 0, 34.65%, 2, 1, 20, 4766.44, 66439095, 1085, 2, 0
17612, 228, 78, 1465, 0, 0, 34.65%, 2, 1, 20, 4852.94, 66461139, 1085, 2, 0
17617, 228, 57, 1465, 0, 0, 34.65%, 2, 1, 20, 5155.97, 66481371, 1085, 2, 0
17622, 228, 1001, 1465, 0, 0, 34.65%, 2, 1, 20, 427.22, 66498493, 1085, 2, 0
17627, 228, 759, 1465, 0, 0, 34.65%, 2, 1, 20, 4282.74, 66518997, 1085, 2, 0
17633, 228, 899, 1465, 0, 0, 34.65%, 2, 1, 20, 3633.39, 66540005, 1085, 2, 0
17638, 228, 938, 1465, 0, 0, 34.65%, 2, 1, 20, 5407.05, 66561967, 1085, 2, 0
17643, 228, 761, 1465, 0, 0, 34.65%, 2, 1, 20, 4919.69, 66582471, 1085, 2, 0
17648, 229, 1064, 1465, 0, 0, 34.65%, 2, 1, 20, 4700.19, 66602576, 1085, 2, 0
17653, 229, 1023, 1465, 0, 0, 34.65%, 2, 1, 20, 5562.19, 66624413, 1085, 2, 0
17658, 229, 45, 1465, 0, 0, 34.65%, 2, 1, 20, 4144.23, 66643712, 1085, 2, 0
17663, 229, 868, 1465, 0, 0, 34.65%, 2, 1, 20, 4619.29, 66663305, 1085, 2, 0
17668, 229, 37, 1465, 0, 0, 34.65%, 2, 1, 20, 3371.75, 66683399, 1085, 2, 0
17673, 229, 111, 1465, 0, 0, 34.65%, 2, 1, 20, 3825.32, 66701959, 1085, 2, 0
17678, 229, 919, 1465, 0, 0, 34.65%, 2, 1, 20, 5275.83, 66722550, 1085, 2, 0
17684, 229, 1240, 1465, 0, 0, 34.65%, 2, 1, 20, 580.39, 66742708, 1085, 2, 0
17689, 229, 668, 1465, 0, 0, 34.65%, 2, 1, 20, 450.00, 66763968, 1085, 2, 0
17694, 229, 744, 1465, 0, 0, 34.65%, 2, 1, 20, 3158.42, 66782168, 1085, 2, 0
17699, 229, 1446, 1465, 0, 0, 34.65%, 2, 1, 20, 4752.09, 66802883, 1085, 2, 0
17704, 229, 392, 1465, 0, 0, 34.65%, 2, 1, 20, 4576.72, 66824452, 1085, 2, 0
17709, 229, 1061, 1465, 0, 0, 34.65%, 2, 1, 20, 5067.12, 66843086, 1085, 2, 0
17714, 229, 868, 1465, 0, 0, 34.65%, 2, 1, 20, 4577.22, 66863650, 1085, 2, 0
17719, 229, 165, 1465, 0, 0, 34.65%, 2, 1, 20, 4233.44, 66882132, 1085, 2, 0
17725, 230, 40, 1465, 0, 0, 34.65%, 2, 1, 20, 430.23, 66897986, 1085, 2, 0
17730, 230, 634, 1465, 0, 0, 34.65%, 2, 1, 20, 4830.02, 66918920, 1085, 2, 0
17735, 230, 1300, 1465, 0, 0, 34.65%, 2, 1, 20, 4653.10, 66940839, 1085, 2, 0
17740, 230, 57, 1465, 0, 0, 34.65%, 2, 1, 20, 4015.74, 66959474, 1085, 2, 0
17745, 230, 1407, 1465, 0, 0, 34.65%, 2, 1, 20, 3988.78, 66979096, 1085, 2, 0
17750, 230, 1458, 1465, 0, 0, 34.65%, 2, 1, 20, 5106.01, 66999225, 1085, 2, 0
17755, 230, 954, 1465, 0, 0, 34.65%, 2, 1, 20, 438.36, 67019407, 1085, 2, 0
17760, 230, 832, 1465, 0, 0, 34.65%, 2, 1, 20, 5614.22, 67038752, 1085, 2, 0
17765, 230, 852, 1465, 0, 0, 34.65%, 2, 1, 20, 5280.53, 67058912, 1085, 2, 0
17771, 230, 686, 1465, 0, 0, 34.65%, 2, 1, 20, 750.47, 67078510, 1085, 2, 0
17776, 230, 634, 1465, 0, 0, 34.65%, 2, 1, 20, 1026.19, 67098665, 1085, 2, 0
17781, 230, 414, 1465, 0, 0, 34.65%, 2, 1, 20, 4811.36, 67119579, 1085, 2, 0
17786, 230, 685, 1465, 0, 0, 34.65%, 2, 1, 20, 4655.30, 67139293, 1085, 2, 0
17791, 230, 94, 1465, 0, 0, 34.65%, 2, 1, 20, 4703.56, 67161389, 1085, 2, 0
17797, 230, 682, 1465, 0, 0, 34.65%, 2, 1, 20, 3647.01, 67182275, 1085, 2, 0
17802, 231, 178, 1465, 0, 0, 34.65%, 2, 1, 20, 5415.00, 67202767, 1085, 2, 0
17807, 231, 664, 1465, 0, 0, 34.65%, 2, 1, 20, 3115.91, 67221486, 1085, 2, 0
17812, 231, 685, 1465, 0, 0, 34.65%, 2, 1, 20, 3787.75, 67239844, 1085, 2, 0
17817, 231, 1419, 1465, 0, 0, 34.65%, 2, 1, 20, 4733.69, 67260767, 1085, 2, 0
17822, 231, 561, 1465, 0, 0, 34.65%, 2, 1, 20, 4705.93, 67279719, 1085, 2, 0
17827, 231, 764, 1465, 0, 0, 34.65%, 2, 1, 20, 4039.37, 67299477, 1085, 2, 0
17832, 231, 158, 1465, 0, 0, 34.65%, 2, 1, 20, 4160.13, 67321032, 1085, 2, 0
17837, 231, 682, 1465, 0, 0, 34.65%, 2, 1, 20, 4396.97, 67341982, 1085, 2, 0
17843, 231, 832, 1465, 0, 0, 34.65%, 2, 1, 20, 4922.73, 67361595, 1085, 2, 0
17848, 231, 899, 1465, 0, 0, 34.65%, 2, 1, 20, 4500.53, 67381161, 1085, 2, 0
17853, 231, 635, 1465, 0, 0, 34.65%, 2, 1, 20, 4507.49, 67402485, 1085, 2, 0
17858, 231, 1462, 1465, 0, 0, 34.65%, 2, 1, 20, 4499.23, 67420664, 1085, 2, 0
17863, 231, 635, 1465, 0, 0, 34.65%, 2, 1, 20, 3820.00, 67440329, 1085, 2, 0
17868, 231, 221, 1465, 0, 0, 34.65%, 2, 1, 20, 4760.20, 67459776, 1085, 2, 0
17873, 231, 880, 1465, 0, 0, 34.65%, 2, 1, 20, 4704.09, 67480695, 1085, 2, 0
17878, 231, 73, 1465, 0, 0, 34.65%, 2, 1, 20, 3433.36, 67502559, 1085, 2, 0
17883, 232, 788, 1465, 0, 0, 34.65%, 2, 1, 20, 5152.22, 67524731, 1085, 2, 0
17888, 232, 762, 1465, 0, 0, 34.65%, 2, 1, 20, 4890.45, 67544157, 1085, 2, 0
17894, 232, 64, 1465, 0, 0, 34.65%, 2, 1, 20, 358.00, 67564076, 1085, 2, 0
17899, 232, 1460, 1465, 0, 0, 34.65%, 2, 1, 20, 3918.74, 67584558, 1085, 2, 0
17904, 232, 19, 1465, 0, 0, 34.65%, 2, 1, 20, 4575.23, 67604496, 1085, 2, 0
17909, 232, 685, 1465, 0, 0, 34.65%, 2, 1, 20, 5287.32, 67625978, 1085, 2, 0
17914, 232, 789, 1465, 0, 0, 34.65%, 2, 1, 20, 4585.13, 67647457, 1085, 2, 0
17919, 232, 717, 1465, 0, 0, 34.65%, 2, 1, 20, 1256.72, 67665824, 1085, 2, 0
17924, 232, 587, 1465, 0, 0, 34.65%, 2, 1, 20, 5164.14, 67686094, 1085, 2, 0
17930, 232, 782, 1465, 0, 0, 34.65%, 2, 1, 20, 4549.33, 67706112, 1085, 2, 0
17935, 232, 589, 1465, 0, 0, 34.65%, 2, 1, 20, 4886.80, 67724733, 1085, 2, 0
17940, 232, 1155, 1465, 0, 0, 34.65%, 2, 1, 20, 975.25, 67743917, 1085, 2, 0
17945, 232, 662, 1465, 0, 0, 34.65%, 2, 1, 20, 4378.45, 67765216, 1085, 2, 0
17950, 232, 1462, 1465, 0, 0, 34.65%, 2, 1, 20, 4112.57, 67786427, 1085, 2, 0
17955, 232, 764, 1465, 0, 0, 34.65%, 2, 1, 20, 3928.94, 67807022, 1085, 2, 0
17960, 233, 526, 1465, 0, 0, 34.65%, 2, 1, 20, 4330.74, 67826997, 1085, 2, 0
17965, 233, 78, 1465, 0, 0, 34.65%, 2, 1, 20, 4974.85, 67847681, 1085, 2, 0
17971, 233, 106, 1465, 0, 0, 34.65%, 2, 1, 20, 4611.43, 67868948, 1085, 2, 0
17976, 233, 25, 1465, 0, 0, 34.65%, 2, 1, 20, 371.09, 67888760, 1085, 2, 0
17981, 233, 242, 1465, 0, 0, 34.65%, 2, 1, 20, 4910.89, 67909689, 1085, 2, 0
17986, 233, 4, 1465, 0, 0, 34.65%, 2, 1, 20, 4803.49, 67931137, 1085, 2, 0
17991, 233, 646, 1465, 0, 0, 34.65%, 2, 1, 20, 4221.65, 67950618, 1085, 2, 0
17996, 233, 992, 1465, 0, 0, 34.65%, 2, 1, 20, 4412.56, 67970677, 1085, 2, 0
18001, 233, 91, 1465, 0, 0, 34.65%, 2, 1, 20, 5649.71, 67991859, 1085, 2, 0
18007, 233, 312, 1465, 0, 0, 34.65%, 2, 1, 20, 5581.38, 68013844, 1085, 2, 0
18012, 233, 125, 1465, 0, 0, 34.65%, 2, 1, 20, 5007.46, 68036079, 1085, 2, 0
18017, 233, 1461, 1465, 0, 0, 34.65%, 2, 1, 20, 4335.97, 68057409, 1085, 2, 0
18022, 233, 763, 1465, 0, 0, 34.65%, 2, 1, 20, 4328.29, 68075927, 1085, 2, 0
18029, 233, 1472, 1474, 9, 0, 34.65%, 2, 1, 20, 3006.72, 68097406, 1085, 2, 0
18035, 233, 1467, 1474, 8, 0, 34.65%, 2, 1, 20, 1244.10, 68108199, 1085, 2, 0
18040, 233, 1469, 1474, 7, 0, 34.65%, 2, 1, 20, 539.31, 68116204, 1085, 2, 0
18045, 233, 1466, 1474, 5, 0, 34.65%, 2, 1, 20, 340.23, 68123301, 1085, 2, 0
18050, 233, 184, 1474, 4, 0, 34.65%, 2, 1, 20, 3462.38, 68131368, 1085, 2, 0
18055, 233, 233, 1474, 4, 0, 34.65%, 2, 1, 20, 4664.98, 68149949, 1085, 2, 0
18061, 234, 1471, 1474, 4, 0, 34.65%, 2, 1, 20, 634.10, 68158210, 1085, 2, 0
18066, 234, 1473, 1474, 3, 0, 34.65%, 2, 1, 20, 384.76, 68169213, 1085, 2, 0
18071, 234, 693, 1474, 2, 0, 34.65%, 2, 1, 20, 3937.89, 68179562, 1085, 2, 0
18076, 234, 954, 1474, 2, 0, 34.65%, 2, 1, 20, 4470.16, 68200193, 1085, 2, 0
18081, 234, 878, 1474, 1, 0, 34.65%, 2, 1, 20, 4401.72, 68212223, 1085, 2, 0
18086, 234, 185, 1474, 1, 0, 34.65%, 2, 1, 20, 4994.23, 68233846, 1085, 2, 0
18091, 234, 693, 1474, 0, 0, 34.65%, 2, 1, 20, 2280.24, 68246835, 1085, 2, 0
18096, 234, 80, 1474, 0, 0, 34.65%, 2, 1, 20, 4892.96, 68266815, 1085, 2, 0
18102, 234, 1022, 1474, 0, 0, 34.65%, 2, 1, 20, 1210.07, 68286954, 1085, 2, 0
18107, 234, 64, 1474, 0, 0, 34.65%, 2, 1, 20, 582.94, 68307854, 1085, 2, 0
18112, 234, 1462, 1474, 0, 0, 34.65%, 2, 1, 20, 2388.46, 68326500, 1085, 2, 0
18117, 234, 136, 1474, 0, 0, 34.65%, 2, 1, 20, 4827.59, 68346739, 1085, 2, 0
18122, 234, 796, 1474, 0, 0, 34.65%, 2, 1, 20, 4467.78, 68367555, 1085, 2, 0
18127, 234, 156, 1474, 0, 0, 34.65%, 2, 1, 20, 4135.02, 68387661, 1085, 2, 0
18132, 234, 635, 1474, 0, 0, 34.65%, 2, 1, 20, 4306.69, 68406035, 1085, 2, 0
18137, 234, 787, 1474, 0, 0, 34.65%, 2, 1, 20, 4327.61, 68426162, 1085, 2, 0
18142, 234, 25, 1474, 0, 0, 34.65%, 2, 1, 20, 4361.94, 68446936, 1085, 2, 0
18147, 234, 149, 1474, 0, 0, 34.65%, 2, 1, 20, 4620.88, 68467179, 1085, 2, 0
18153, 235, 203, 1474, 0, 0, 34.65%, 2, 1, 20, 4970.60, 68487922, 1085, 2, 0
18158, 235, 723, 1474, 0, 0, 34.65%, 2, 1, 20, 4564.50, 68508158, 1085, 2, 0
18163, 235, 917, 1474, 0, 0, 34.65%, 2, 1, 20, 4506.93, 68527462, 1085, 2, 0
18168, 235, 654, 1474, 0, 0, 34.65%, 2, 1, 20, 5037.70, 68547759, 1085, 2, 0
18173, 235, 66, 1474, 0, 0, 34.65%, 2, 1, 20, 3107.46, 68567993, 1085, 2, 0
18178, 235, 899, 1474, 0, 0, 34.65%, 2, 1, 20, 5120.20, 68585886, 1085, 2, 0
18183, 235, 54, 1474, 0, 0, 34.65%, 2, 1, 20, 4190.91, 68603127, 1085, 2, 0
18188, 235, 1410, 1474, 0, 0, 34.65%, 2, 1, 20, 4119.41, 68622624, 1085, 2, 0
18194, 235, 906, 1474, 0, 0, 34.65%, 2, 1, 20, 4790.31, 68642691, 1085, 2, 0
18199, 235, 1113, 1474, 0, 0, 34.65%, 2, 1, 20, 3320.06, 68659433, 1085, 2, 0
18204, 235, 844, 1474, 0, 0, 34.65%, 2, 1, 20, 4637.50, 68680833, 1085, 2, 0
18209, 235, 1462, 1474, 0, 0, 34.65%, 2, 1, 20, 361.23, 68701554, 1085, 2, 0
18214, 235, 684, 1474, 0, 0, 34.65%, 2, 1, 20, 4572.91, 68723224, 1085, 2, 0
18219, 235, 495, 1474, 0, 0, 34.65%, 2, 1, 20, 5351.49, 68744331, 1085, 2, 0
18225, 235, 93, 1474, 0, 0, 34.65%, 2, 1, 20, 4745.70, 68766310, 1085, 2, 0
18230, 235, 808, 1474, 0, 0, 34.65%, 2, 1, 20, 827.67, 68787340, 1085, 2, 0
18235, 236, 1470, 1474, 0, 0, 34.65%, 2, 1, 20, 43.27, 68806319, 1085, 2, 0
18240, 236, 770, 1474, 0, 0, 34.65%, 2, 1, 20, 511.00, 68825806, 1085, 2, 0
18245, 236, 608, 1474, 0, 0, 34.65%, 2, 1, 20, 471.91, 68843167, 1085, 2, 0
18250, 236, 764, 1474, 0, 0, 34.65%, 2, 1, 20, 5503.23, 68862857, 1085, 2, 0
18255, 236, 213, 1474, 0, 0, 34.65%, 2, 1, 20, 4187.31, 68882887, 1085, 2, 0
18260, 236, 899, 1474, 0, 0, 34.65%, 2, 1, 20, 4996.10, 68903136, 1085, 2, 0
18265, 236, 31, 1474, 0, 0, 34.65%, 2, 1, 20, 4720.93, 68922598, 1085, 2, 0
18271, 236, 622, 1474, 0, 0, 34.65%, 2, 1, 20, 4031.51, 68939985, 1085, 2, 0
18276, 236, 1181, 1474, 0, 0, 34.65%, 2, 1, 20, 4828.60, 68960235, 1085, 2, 0
18281, 236, 635, 1474, 0, 0, 34.65%, 2, 1, 20, 4350.63, 68979162, 1085, 2, 0
18286, 236, 1114, 1474, 0, 0, 34.65%, 2, 1, 20, 4566.92, 68998986, 1085, 2, 0
18291, 236, 353, 1474, 0, 0, 34.65%, 2, 1, 20, 4245.60, 69019215, 1085, 2, 0
18296, 236, 910, 1474, 0, 0, 34.65%, 2, 1, 20, 4957.66, 69038657, 1085, 2, 0
18302, 236, 839, 1474, 0, 0, 34.65%, 2, 1, 20, 5180.42, 69060049, 1085, 2, 0
18307, 236, 764, 1474, 0, 0, 34.65%, 2, 1, 20, 4726.89, 69081723, 1085, 2, 0
18312, 236, 730, 1474, 0, 0, 34.65%, 2, 1, 20, 5076.33, 69101825, 1085, 2, 0
18317, 237, 899, 1474, 0, 0, 34.65%, 2, 1, 20, 5393.88, 69122780, 1085, 2, 0
18322, 237, 813, 1474, 0, 0, 34.65%, 2, 1, 20, 4333.80, 69141987, 1085, 2, 0
18327, 237, 832, 1474, 0, 0, 34.65%, 2, 1, 20, 2674.48, 69162004, 1085, 2, 0
18332, 237, 1146, 1474, 0, 0, 34.65%, 2, 1, 20, 3789.83, 69182413, 1085, 2, 0
18338, 237, 242, 1474, 0, 0, 34.65%, 2, 1, 20, 4990.09, 69204658, 1085, 2, 0
18343, 237, 1200, 1474, 0, 0, 34.65%, 2, 1, 20, 4451.81, 69225008, 1085, 2, 0
18348, 237, 899, 1474, 0, 0, 34.65%, 2, 1, 20, 4717.92, 69246031, 1085, 2, 0
18353, 237, 607, 1474, 0, 0, 34.65%, 2, 1, 20, 4479.29, 69266914, 1085, 2, 0
18358, 237, 763, 1474, 0, 0, 34.65%, 2, 1, 20, 4464.83, 69287686, 1085, 2, 0
18363, 237, 863, 1474, 0, 0, 34.65%, 2, 1, 20, 4162.83, 69306223, 1085, 2, 0
18368, 237, 899, 1474, 0, 0, 34.65%, 2, 1, 20, 2721.04, 69328655, 1085, 2, 0
18373, 237, 608, 1474, 0, 0, 34.65%, 2, 1, 20, 3976.60, 69348863, 1085, 2, 0
18378, 237, 65, 1474, 0, 0, 34.65%, 2, 1, 20, 2140.84, 69367855, 1085, 2, 0
18384, 237, 242, 1474, 0, 0, 34.65%, 2, 1, 20, 4419.29, 69389570, 1085, 2, 0
18389, 237, 527, 1474, 0, 0, 34.65%, 2, 1, 20, 4493.55, 69411255, 1085, 2, 0
18394, 238, 264, 1474, 0, 0, 34.65%, 2, 1, 20, 572.52, 69431504, 1085, 2, 0
18399, 238, 759, 1474, 0, 0, 34.65%, 2, 1, 20, 796.61, 69450124, 1085, 2, 0
18404, 238, 158, 1474, 0, 0, 34.65%, 2, 1, 20, 4884.43, 69468336, 1085, 2, 0
18409, 238, 685, 1474, 0, 0, 34.65%, 2, 1, 20, 4320.51, 69488486, 1085, 2, 0
18414, 238, 899, 1474, 0, 0, 34.65%, 2, 1, 20, 5230.87, 69508299, 1085, 2, 0
18419, 238, 825, 1474, 0, 0, 34.65%, 2, 1, 20, 4431.77, 69529068, 1085, 2, 0
18424, 238, 267, 1474, 0, 0, 34.65%, 2, 1, 20, 4855.36, 69549337, 1085, 2, 0
18430, 238, 899, 1474, 0, 0, 34.65%, 2, 1, 20, 4813.47, 69569301, 1085, 2, 0
18435, 238, 634, 1474, 0, 0, 34.65%, 2, 1, 20, 2493.49, 69587840, 1085, 2, 0
18440, 238, 1431, 1474, 0, 0, 34.65%, 2, 1, 20, 5592.04, 69608487, 1085, 2, 0
18445, 238, 899, 1474, 0, 0, 34.65%, 2, 1, 20, 878.29, 69628245, 1085, 2, 0
18450, 238, 761, 1474, 0, 0, 34.65%, 2, 1, 20, 4005.73, 69648812, 1085, 2, 0
18456, 238, 899, 1474, 0, 0, 34.65%, 2, 1, 20, 2565.29, 69670619, 1085, 2, 0
18461, 238, 512, 1474, 0, 0, 34.65%, 2, 1, 20, 4696.64, 69688980, 1085, 2, 0
18466, 238, 832, 1474, 0, 0, 34.65%, 2, 1, 20, 4476.95, 69710883, 1085, 2, 0
18471, 238, 80, 1474, 0, 0, 34.65%, 2, 1, 20, 4959.55, 69730186, 1085, 2, 0
18476, 239, 392, 1474, 0, 0, 34.65%, 2, 1, 20, 4320.47, 69749644, 1085, 2, 0
18481, 239, 748, 1474, 0, 0, 34.65%, 2, 1, 20, 4646.29, 69771258, 1085, 2, 0
18487, 239, 242, 1474, 0, 0, 34.65%, 2, 1, 20, 4720.49, 69791408, 1085, 2, 0
18492, 239, 405, 1474, 0, 0, 34.65%, 2, 1, 20, 4395.13, 69812555, 1085, 2, 0
18497, 239, 1025, 1474, 0, 0, 34.65%, 2, 1, 20, 4390.76, 69833916, 1085, 2, 0
18502, 239, 763, 1474, 0, 0, 34.65%, 2, 1, 20, 5469.00, 69853661, 1085, 2, 0
18507, 239, 1074, 1474, 0, 0, 34.65%, 2, 1, 20, 3610.20, 69875870, 1085, 2, 0
18512, 239, 11, 1474, 0, 0, 34.65%, 2, 1, 20, 2133.86, 69892538, 1085, 2, 0
18517, 239, 1155, 1474, 0, 0, 34.65%, 2, 1, 20, 5095.66, 69910414, 1085, 2, 0
18522, 239, 1461, 1474, 0, 0, 34.65%, 2, 1, 20, 4879.61, 69930668, 1085, 2, 0
18528, 239, 168, 1474, 0, 0, 34.65%, 2, 1, 20, 4609.30, 69952553, 1085, 2, 0
18533, 239, 242, 1474, 0, 0, 34.65%, 2, 1, 20, 4739.42, 69973365, 1085, 2, 0
18538, 239, 1215, 1474, 0, 0, 34.65%, 2, 1, 20, 3665.53, 69996036, 1085, 2, 0
18543, 239, 763, 1474, 0, 0, 34.65%, 2, 1, 20, 4549.07, 70016656, 1085, 2, 0
18548, 239, 763, 1474, 0, 0, 34.65%, 2, 1, 20, 4523.44, 70036037, 1085, 2, 0
18553, 239, 632, 1474, 0, 0, 34.65%, 2, 1, 20, 4592.44, 70055222, 1085, 2, 0
18558, 240, 832, 1474, 0, 0, 34.65%, 2, 1, 20, 3985.24, 70074648, 1085, 2, 0
18564, 240, 561, 1474, 0, 0, 34.65%, 2, 1, 20, 4034.61, 70093234, 1085, 2, 0
18569, 240, 787, 1474, 0, 0, 34.65%, 2, 1, 20, 5087.05, 70114665, 1085, 2, 0
18574, 240, 54, 1474, 0, 0, 34.65%, 2, 1, 20, 3698.56, 70136243, 1085, 2, 0
18579, 240, 832, 1474, 0, 0, 34.65%, 2, 1, 20, 4481.86, 70156224, 1085, 2, 0
18584, 240, 906, 1474, 0, 0, 34.65%, 2, 1, 20, 4661.30, 70177490, 1085, 2, 0
18589, 240, 685, 1474, 0, 0, 34.65%, 2, 1, 20, 4724.94, 70199101, 1085, 2, 0
18594, 240, 906, 1474, 0, 0, 34.65%, 2, 1, 20, 4636.82, 70218625, 1085, 2, 0
18599, 240, 682, 1474, 0, 0, 34.65%, 2, 1, 20, 4215.30, 70237598, 1085, 2, 0
18605, 240, 954, 1474, 0, 0, 34.65%, 2, 1, 20, 4102.21, 70258892, 1085, 2, 0
18610, 240, 267, 1474, 0, 0, 34.65%, 2, 1, 20, 4452.80, 70280296, 1085, 2, 0
18615, 240, 608, 1474, 0, 0, 34.65%, 2, 1, 20, 388.65, 70302082, 1085, 2, 0
18620, 240, 703, 1474, 0, 0, 34.65%, 2, 1, 20, 513.01, 70320327, 1085, 2, 0
18625, 240, 899, 1474, 0, 0, 34.65%, 2, 1, 20, 3453.69, 70341065, 1085, 2, 0
18630, 240, 1375, 1474, 0, 0, 34.65%, 2, 1, 20, 4278.56, 70361454, 1085, 2, 0
18635, 241, 844, 1474, 0, 0, 34.65%, 2, 1, 20, 5457.45, 70381471, 1085, 2, 0
18640, 241, 796, 1474, 0, 0, 34.65%, 2, 1, 20, 5128.79, 70400497, 1085, 2, 0
18646, 241, 1013, 1474, 0, 0, 34.65%, 2, 1, 20, 3697.78, 70418231, 1085, 2, 0
18651, 241, 899, 1474, 0, 0, 34.65%, 2, 1, 20, 775.19, 70436894, 1085, 2, 0
18656, 241, 504, 1474, 0, 0, 34.65%, 2, 1, 20, 5094.53, 70457470, 1085, 2, 0
18661, 241, 611, 1474, 0, 0, 34.65%, 2, 1, 20, 262.98, 70477567, 1085, 2, 0
18666, 241, 170, 1474, 0, 0, 34.65%, 2, 1, 20, 854.81, 70498440, 1085, 2, 0
18671, 241, 49, 1474, 0, 0, 34.65%, 2, 1, 20, 4350.00, 70519555, 1085, 2, 0
18676, 241, 549, 1474, 0, 0, 34.65%, 2, 1, 20, 4497.44, 70541451, 1085, 2, 0
18682, 241, 756, 1474, 0, 0, 34.65%, 2, 1, 20, 398.28, 70560896, 1085, 2, 0
18687, 241, 353, 1474, 0, 0, 34.65%, 2, 1, 20, 3413.52, 70581697, 1085, 2, 0
18692, 241, 682, 1474, 0, 0, 34.65%, 2, 1, 20, 3991.68, 70600849, 1085, 2, 0
18697, 241, 1216, 1474, 0, 0, 34.65%, 2, 1, 20, 4501.16, 70620796, 1085, 2, 0
18702, 241, 833, 1474, 0, 0, 34.65%, 2, 1, 20, 4472.22, 70640260, 1085, 2, 0
18707, 241, 1461, 1474, 0, 0, 34.65%, 2, 1, 20, 5002.35, 70658739, 1085, 2, 0
18712, 241, 813, 1474, 0, 0, 34.65%, 2, 1, 20, 3312.72, 70679007, 1085, 2, 0
18717, 241, 954, 1474, 0, 0, 34.65%, 2, 1, 20, 4478.40, 70698554, 1085, 2, 0
18722, 242, 1462, 1474, 0, 0, 34.65%, 2, 1, 20, 3106.19, 70717227, 1085, 2, 0
18727, 242, 640, 1474, 0, 0, 34.65%, 2, 1, 20, 3962.08, 70738156, 1085, 2, 0
18733, 242, 421, 1474, 0, 0, 34.65%, 2, 1, 20, 4340.74, 70757675, 1085, 2, 0
18738, 242, 682, 1474, 0, 0, 34.65%, 2, 1, 20, 4548.57, 70778147, 1085, 2, 0
18743, 242, 954, 1474, 0, 0, 34.65%, 2, 1, 20, 5063.61, 70800519, 1085, 2, 0
18748, 242, 682, 1474, 0, 0, 34.65%, 2, 1, 20, 4388.57, 70822423, 1085, 2, 0
18754, 242, 899, 1474, 0, 0, 34.65%, 2, 1, 20, 3746.84, 70842766, 1085, 2, 0
18759, 242, 759, 1474, 0, 0, 34.65%, 2, 1, 20, 5008.62, 70864387, 1085, 2, 0
18764, 242, 158, 1474, 0, 0, 34.65%, 2, 1, 20, 4698.69, 70884538, 1085, 2, 0
18769, 242, 899, 1474, 0, 0, 34.65%, 2, 1, 20, 393.12, 70903691, 1085, 2, 0
18774, 242, 693, 1474, 0, 0, 34.65%, 2, 1, 20, 4459.02, 70923451, 1085, 2, 0
18779, 242, 31, 1474, 0, 0, 34.65%, 2, 1, 20, 5826.82, 70943199, 1085, 2, 0
18784, 242, 954, 1474, 0, 0, 34.65%, 2, 1, 20, 5318.31, 70963085, 1085, 2, 0
18789, 242, 965, 1474, 0, 0, 34.65%, 2, 1, 20, 4130.65, 70982564, 1085, 2, 0
18794, 242, 1463, 1474, 0, 0, 34.65%, 2, 1, 20, 4953.71, 71004207, 1085, 2, 0
18799, 243, 33, 1474, 0, 0, 34.65%, 2, 1, 20, 4834.13, 71023278, 1085, 2, 0
18804, 243, 1462, 1474, 0, 0, 34.65%, 2, 1, 20, 4332.04, 71043138, 1085, 2, 0
18809, 243, 739, 1474, 0, 0, 34.65%, 2, 1, 20, 4739.31, 71063914, 1085, 2, 0
18815, 243, 954, 1474, 0, 0, 34.65%, 2, 1, 20, 5277.05, 71084040, 1085, 2, 0
18820, 243, 671, 1474, 0, 0, 34.65%, 2, 1, 20, 4825.25, 71104300, 1085, 2, 0
18825, 243, 614, 1474, 0, 0, 34.65%, 2, 1, 20, 3163.84, 71121745, 1085, 2, 0
18830, 243, 1033, 1474, 0, 0, 34.65%, 2, 1, 20, 312.93, 71141667, 1085, 2, 0
18835, 243, 1419, 1474, 0, 0, 34.65%, 2, 1, 20, 203.56, 71159485, 1085, 2, 0
18840, 243, 1451, 1474, 0, 0, 34.65%, 2, 1, 20, 4398.06, 71180097, 1085, 2, 0
18846, 243, 1462, 1474, 0, 0, 34.65%, 2, 1, 20, 4879.28, 71202063, 1085, 2, 0
18851, 243, 1302, 1474, 0, 0, 34.65%, 2, 1, 20, 4287.17, 71221070, 1085, 2, 0
18856, 243, 527, 1474, 0, 0, 34.65%, 2, 1, 20, 4922.16, 71242918, 1085, 2, 0
18861, 243, 156, 1474, 0, 0, 34.65%, 2, 1, 20, 371.56, 71262824, 1085, 2, 0
18866, 243, 863, 1474, 0, 0, 34.65%, 2, 1, 20, 5124.38, 71281501, 1085, 2, 0
18871, 243, 682, 1474, 0, 0, 34.65%, 2, 1, 20, 4670.08, 71302922, 1085, 2, 0
18876, 243, 682, 1474, 0, 0, 34.65%, 2, 1, 20, 3537.66, 71322582, 1085, 2, 0
18881, 244, 1462, 1474, 0, 0, 34.65%, 2, 1, 20, 4019.64, 71342687, 1085, 2, 0
18886, 244, 79, 1474, 0, 0, 34.65%, 2, 1, 20, 4434.74, 71363974, 1085, 2, 0
18892, 244, 569, 1474, 0, 0, 34.65%, 2, 1, 20, 4584.02, 71384028, 1085, 2, 0
18897, 244, 37, 1474, 0, 0, 34.65%, 2, 1, 20, 3753.18, 71405381, 1085, 2, 0
18902, 244, 759, 1474, 0, 0, 34.65%, 2, 1, 20, 5104.28, 71427426, 1085, 2, 0
18907, 244, 139, 1474, 0, 0, 34.65%, 2, 1, 20, 4328.14, 71447558, 1085, 2, 0
18912, 244, 685, 1474, 0, 0, 34.65%, 2, 1, 20, 381.15, 71467816, 1085, 2, 0
18917, 244, 49, 1474, 0, 0, 34.65%, 2, 1, 20, 4170.99, 71489012, 1085, 2, 0
18922, 244, 456, 1474, 0, 0, 34.65%, 2, 1, 20, 4322.87, 71508493, 1085, 2, 0
18927, 244, 78, 1474, 0, 0, 34.65%, 2, 1, 20, 4373.09, 71528441, 1085, 2, 0
18932, 244, 357, 1474, 0, 0, 34.65%, 2, 1, 20, 5124.22, 71548206, 1085, 2, 0
18937, 244, 1240, 1474, 0, 0, 34.65%, 2, 1, 20, 3929.26, 71567888, 1085, 2, 0
18942, 244, 787, 1474, 0, 0, 34.65%, 2, 1, 20, 5081.46, 71587709, 1085, 2, 0
18947, 244, 5, 1474, 0, 0, 34.65%, 2, 1, 20, 4869.88, 71607505, 1085, 2, 0
18953, 244, 330, 1474, 0, 0, 34.65%, 2, 1, 20, 4474.88, 71627124, 1085, 2, 0
18958, 245, 832, 1474, 0, 0, 34.65%, 2, 1, 20, 304.62, 71646474, 1085, 2, 0
18963, 245, 414, 1474, 0, 0, 34.65%, 2, 1, 20, 3820.28, 71665087, 1085, 2, 0
18968, 245, 840, 1474, 0, 0, 34.65%, 2, 1, 20, 5472.45, 71685208, 1085, 2, 0
18973, 245, 992, 1474, 0, 0, 34.65%, 2, 1, 20, 3837.17, 71705672, 1085, 2, 0
18979, 245, 693, 1474, 0, 0, 34.65%, 2, 1, 20, 898.37, 71725786, 1085, 2, 0
18984, 245, 1101, 1474, 0, 0, 34.65%, 2, 1, 20, 3722.81, 71748158, 1085, 2, 0
18989, 245, 94, 1474, 0, 0, 34.65%, 2, 1, 20, 4925.53, 71768584, 1085, 2, 0
18994, 245, 589, 1474, 0, 0, 34.65%, 2, 1, 20, 4447.23, 71788225, 1085, 2, 0
18999, 245, 713, 1474, 0, 0, 34.65%, 2, 1, 20, 559.49, 71810205, 1085, 2, 0
19005, 245, 561, 1474, 0, 0, 34.65%, 2, 1, 20, 5213.61, 71832387, 1085, 2, 0
19010, 245, 637, 1474, 0, 0, 34.65%, 2, 1, 20, 2130.00, 71852985, 1085, 2, 0
19015, 245, 79, 1474, 0, 0, 34.65%, 2, 1, 20, 4667.73, 71874588, 1085, 2, 0
19020, 245, 693, 1474, 0, 0, 34.65%, 2, 1, 20, 5195.68, 71894780, 1085, 2, 0
19025, 245, 1095, 1474, 0, 0, 34.65%, 2, 1, 20, 4624.33, 71916033, 1085, 2, 0
19030, 245, 16, 1474, 0, 0, 34.65%, 2, 1, 20, 2870.70, 71933403, 1085, 2, 0
19035, 245, 1014, 1474, 0, 0, 34.65%, 2, 1, 20, 4858.62, 71954696, 1085, 2, 0
19040, 246, 1258, 1474, 0, 0, 34.65%, 2, 1, 20, 4480.63, 71976908, 1085, 2, 0
19045, 246, 1041, 1474, 0, 0, 34.65%, 2, 1, 20, 4535.64, 71996184, 1085, 2, 0
19050, 246, 362, 1474, 0, 0, 34.65%, 2, 1, 20, 4881.13, 72017440, 1085, 2, 0
19056, 246, 353, 1474, 0, 0, 34.65%, 2, 1, 20, 5099.58, 72039966, 1085, 2, 0
19061, 246, 350, 1474, 0, 0, 34.65%, 2, 1, 20, 4504.98, 72059242, 1085, 2, 0
19066, 246, 607, 1474, 0, 0, 34.65%, 2, 1, 20, 5290.90, 72080686, 1085, 2, 0
19071, 246, 173, 1474, 0, 0, 34.65%, 2, 1, 20, 4897.93, 72100774, 1085, 2, 0
19076, 246, 682, 1474, 0, 0, 34.65%, 2, 1, 20, 4558.06, 72122642, 1085, 2, 0
19081, 246, 1296, 1474, 0, 0, 34.65%, 2, 1, 20, 369.57, 72142656, 1085, 2, 0
19086, 246, 411, 1474, 0, 0, 34.65%, 2, 1, 20, 4964.69, 72165208, 1085, 2, 0
19092, 246, 758, 1474, 0, 0, 34.65%, 2, 1, 20, 4580.09, 72184652, 1085, 2, 0
19097, 246, 634, 1474, 0, 0, 34.65%, 2, 1, 20, 4321.51, 72204341, 1085, 2, 0
19102, 246, 640, 1474, 0, 0, 34.65%, 2, 1, 20, 5582.09, 72224715, 1085, 2, 0
19107, 246, 570, 1474, 0, 0, 34.65%, 2, 1, 20, 4977.17, 72246057, 1085, 2, 0
19112, 246, 363, 1474, 0, 0, 34.65%, 2, 1, 20, 3909.32, 72265847, 1085, 2, 0
19117, 247, 992, 1474, 0, 0, 34.65%, 2, 1, 20, 5396.94, 72285756, 1085, 2, 0
19122, 247, 634, 1474, 0, 0, 34.65%, 2, 1, 20, 4146.02, 72305064, 1085, 2, 0
19128, 247, 1130, 1474, 0, 0, 34.65%, 2, 1, 20, 4618.18, 72325789, 1085, 2, 0
19133, 247, 1384, 1474, 0, 0, 34.65%, 2, 1, 20, 3901.53, 72345163, 1085, 2, 0
19138, 247, 788, 1474, 0, 0, 34.65%, 2, 1, 20, 4635.29, 72366106, 1085, 2, 0
19143, 247, 899, 1474, 0, 0, 34.65%, 2, 1, 20, 4191.36, 72385249, 1085, 2, 0
19148, 247, 259, 1474, 0, 0, 34.65%, 2, 1, 20, 4775.04, 72406407, 1085, 2, 0
19153, 247, 899, 1474, 0, 0, 34.65%, 2, 1, 20, 3165.04, 72426841, 1085, 2, 0
19158, 247, 282, 1474, 0, 0, 34.65%, 2, 1, 20, 123.40, 72444796, 1085, 2, 0
19163, 247, 400, 1474, 0, 0, 34.65%, 2, 1, 20, 4575.31, 72464857, 1085, 2, 0
19168, 247, 1352, 1474, 0, 0, 34.65%, 2, 1, 20, 244.99, 72484832, 1085, 2, 0
19173, 247, 1241, 1474, 0, 0, 34.65%, 2, 1, 20, 5260.00, 72505409, 1085, 2, 0
19179, 247, 954, 1474, 0, 0, 34.65%, 2, 1, 20, 369.40, 72526916, 1085, 2, 0
19184, 247, 1020, 1474, 0, 0, 34.65%, 2, 1, 20, 364.08, 72547212, 1085, 2, 0
19189, 247, 10, 1474, 0, 0, 34.65%, 2, 1, 20, 4611.21, 72569557, 1085, 2, 0
19194, 248, 1378, 1474, 0, 0, 34.65%, 2, 1, 20, 3113.97, 72588292, 1085, 2, 0
19199, 248, 64, 1474, 0, 0, 34.65%, 2, 1, 20, 5383.39, 72609040, 1085, 2, 0
19204, 248, 905, 1474, 0, 0, 34.65%, 2, 1, 20, 400.75, 72629122, 1085, 2, 0
19209, 248, 180, 1474, 0, 0, 34.65%, 2, 1, 20, 1973.38, 72647950, 1085, 2, 0
19215, 248, 630, 1474, 0, 0, 34.65%, 2, 1, 20, 460.00, 72665211, 1085, 2, 0
19220, 248, 112, 1474, 0, 0, 34.65%, 2, 1, 20, 3216.23, 72687240, 1085, 2, 0
19225, 248, 1479, 1483, 7, 0, 34.75%, 2, 1, 20, 4198.05, 72706508, 1088, 2, 0
19230, 248, 526, 1483, 6, 0, 34.75%, 2, 1, 20, 323.14, 72716469, 1088, 2, 0
19235, 248, 763, 1483, 5, 0, 34.75%, 2, 1, 20, 5146.37, 72737835, 1088, 2, 0
19240, 248, 993, 1483, 3, 0, 34.75%, 2, 1, 20, 4482.88, 72754375, 1088, 2, 0
19245, 248, 1469, 1483, 2, 0, 34.75%, 2, 1, 20, 765.41, 72771676, 1088, 2, 0
19251, 248, 1474, 1483, 2, 0, 34.75%, 2, 1, 20, 432.61, 72775557, 1088, 2, 0
19256, 248, 1462, 1483, 1, 0, 34.75%, 2, 1, 20, 4070.62, 72796377, 1088, 2, 0
19261, 248, 1394, 1483, 1, 0, 34.75%, 2, 1, 20, 4422.62, 72815565, 1088, 2, 0
19269, 248, 1477, 1483, 1, 0, 34.75%, 2, 1, 20, 963.24, 72831033, 1088, 2, 0
19274, 248, 664, 1483, 0, 0, 34.75%, 2, 1, 20, 4309.29, 72850168, 1088, 2, 0
19279, 248, 815, 1483, 0, 0, 34.75%, 2, 1, 20, 5134.33, 72870493, 1088, 2, 0
19284, 248, 362, 1483, 0, 0, 34.75%, 2, 1, 20, 286.53, 72891746, 1088, 2, 0
19289, 248, 787, 1483, 0, 0, 34.75%, 2, 1, 20, 3880.52, 72912699, 1088, 2, 0
19294, 249, 1356, 1483, 0, 0, 34.75%, 2, 1, 20, 4950.76, 72932693, 1088, 2, 0
19299, 249, 45, 1483, 0, 0, 34.75%, 2, 1, 20, 5144.66, 72953096, 1088, 2, 0
19304, 249, 640, 1483, 0, 0, 34.75%, 2, 1, 20, 5391.12, 72974249, 1088, 2, 0
19309, 249, 693, 1483, 0, 0, 34.75%, 2, 1, 20, 4205.58, 72992710, 1088, 2, 0
19314, 249, 764, 1483, 0, 0, 34.75%, 2, 1, 20, 4224.55, 73011221, 1088, 2, 0
19319, 249, 91, 1483, 0, 0, 34.75%, 2, 1, 20, 5519.21, 73031388, 1088, 2, 0
19324, 249, 564, 1483, 0, 0, 34.75%, 2, 1, 20, 4458.60, 73051679, 1088, 2, 0
19330, 249, 954, 1483, 0, 0, 34.75%, 2, 1, 20, 4891.73, 73071115, 1088, 2, 0
19335, 249, 1117, 1483, 0, 0, 34.75%, 2, 1, 20, 4747.08, 73091481, 1088, 2, 0
19340, 249, 137, 1483, 0, 0, 34.75%, 2, 1, 20, 4233.99, 73111041, 1088, 2, 0
19345, 249, 820, 1483, 0, 0, 34.75%, 2, 1, 20, 4550.59, 73133174, 1088, 2, 0
19350, 249, 1026, 1483, 0, 0, 34.75%, 2, 1, 20, 5275.74, 73153682, 1088, 2, 0
19355, 249, 703, 1483, 0, 0, 34.75%, 2, 1, 20, 4379.62, 73174707, 1088, 2, 0
19361, 249, 832, 1483, 0, 0, 34.75%, 2, 1, 20, 4478.40, 73194305, 1088, 2, 0
19366, 249, 906, 1483, 0, 0, 34.75%, 2, 1, 20, 3866.25, 73213804, 1088, 2, 0
19371, 249, 1184, 1483, 0, 0, 34.75%, 2, 1, 20, 4723.78, 73234055, 1088, 2, 0
19376, 249, 993, 1483, 0, 0, 34.75%, 2, 1, 20, 4398.62, 73254690, 1088, 2, 0
19381, 250, 759, 1483, 0, 0, 34.75%, 2, 1, 20, 5399.23, 73276184, 1088, 2, 0
19386, 250, 33, 1483, 0, 0, 34.75%, 2, 1, 20, 4757.67, 73296428, 1088, 2, 0
19391, 250, 1480, 1483, 0, 0, 34.75%, 2, 1, 20, 2948.18, 73316902, 1088, 2, 0
19396, 250, 78, 1483, 0, 0, 34.75%, 2, 1, 20, 3867.51, 73337846, 1088, 2, 0
19402, 250, 1470, 1483, 0, 0, 34.75%, 2, 1, 20, 4916.42, 73358842, 1088, 2, 0
19407, 250, 552, 1483, 0, 0, 34.75%, 2, 1, 20, 4437.27, 73376612, 1088, 2, 0
19412, 250, 185, 1483, 0, 0, 34.75%, 2, 1, 20, 4508.45, 73396574, 1088, 2, 0
19417, 250, 136, 1483, 0, 0, 34.75%, 2, 1, 20, 3094.11, 73417642, 1088, 2, 0
19422, 250, 373, 1483, 0, 0, 34.75%, 2, 1, 20, 4600.15, 73436451, 1088, 2, 0
19427, 250, 158, 1483, 0, 0, 34.75%, 2, 1, 20, 3673.26, 73455747, 1088, 2, 0
19432, 250, 1471, 1483, 0, 0, 34.75%, 2, 1, 20, 5233.51, 73476332, 1088, 2, 0
19438, 250, 1461, 1483, 0, 0, 34.75%, 2, 1, 20, 4898.42, 73496467, 1088, 2, 0
19443, 250, 876, 1483, 0, 0, 34.75%, 2, 1, 20, 706.13, 73515688, 1088, 2, 0
19448, 250, 405, 1483, 0, 0, 34.75%, 2, 1, 20, 4063.42, 73534644, 1088, 2, 0
19453, 250, 832, 1483, 0, 0, 34.75%, 2, 1, 20, 4379.82, 73554271, 1088, 2, 0
19458, 250, 844, 1483, 0, 0, 34.75%, 2, 1, 20, 3074.46, 73574068, 1088, 2, 0
19463, 251, 1223, 1483, 0, 0, 34.75%, 2, 1, 20, 3621.98, 73592901, 1088, 2, 0
19468, 251, 897, 1483, 0, 0, 34.75%, 2, 1, 20, 856.70, 73612368, 1088, 2, 0
19473, 251, 1147, 1483, 0, 0, 34.75%, 2, 1, 20, 3966.72, 73630799, 1088, 2, 0
19478, 251, 1451, 1483, 0, 0, 34.75%, 2, 1, 20, 4493.63, 73648748, 1088, 2, 0
19483, 251, 125, 1483, 0, 0, 34.75%, 2, 1, 20, 4170.71, 73666410, 1088, 2, 0
19488, 251, 899, 1483, 0, 0, 34.75%, 2, 1, 20, 4522.98, 73685832, 1088, 2, 0
19493, 251, 1011, 1483, 0, 0, 34.75%, 2, 1, 20, 4541.65, 73705414, 1088, 2, 0
19498, 251, 899, 1483, 0, 0, 34.75%, 2, 1, 20, 4422.37, 73727704, 1088, 2, 0
19504, 251, 897, 1483, 0, 0, 34.75%, 2, 1, 20, 4395.91, 73749594, 1088, 2, 0
19509, 251, 832, 1483, 0, 0, 34.75%, 2, 1, 20, 3661.81, 73769916, 1088, 2, 0
19514, 251, 406, 1483, 0, 0, 34.75%, 2, 1, 20, 3801.93, 73788169, 1088, 2, 0
19519, 251, 1189, 1483, 0, 0, 34.75%, 2, 1, 20, 4802.96, 73808710, 1088, 2, 0
19524, 251, 954, 1483, 0, 0, 34.75%, 2, 1, 20, 4461.77, 73829564, 1088, 2, 0
19529, 251, 761, 1483, 0, 0, 34.75%, 2, 1, 20, 3625.01, 73850630, 1088, 2, 0
19534, 251, 608, 1483, 0, 0, 34.75%, 2, 1, 20, 4024.88, 73872778, 1088, 2, 0
19539, 251, 787, 1483, 0, 0, 34.75%, 2, 1, 20, 5101.28, 73895364, 1088, 2, 0
19545, 251, 1113, 1483, 0, 0, 34.75%, 2, 1, 20, 3469.12, 73914279, 1088, 2, 0
19550, 252, 685, 1483, 0, 0, 34.75%, 2, 1, 20, 4447.43, 73933352, 1088, 2, 0
19555, 252, 673, 1483, 0, 0, 34.75%, 2, 1, 20, 4328.20, 73953925, 1088, 2, 0
19560, 252, 1113, 1483, 0, 0, 34.75%, 2, 1, 20, 5128.00, 73973263, 1088, 2, 0
19565, 252, 832, 1483, 0, 0, 34.75%, 2, 1, 20, 3820.75, 73994338, 1088, 2, 0
19570, 252, 1151, 1483, 0, 0, 34.75%, 2, 1, 20, 4216.88, 74016124, 1088, 2, 0
19575, 252, 1473, 1483, 0, 0, 34.75%, 2, 1, 20, 4164.63, 74032024, 1088, 2, 0
19580, 252, 668, 1483, 0, 0, 34.75%, 2, 1, 20, 4475.11, 74051413, 1088, 2, 0
19585, 252, 1315, 1483, 0, 0, 34.75%, 2, 1, 20, 4230.13, 74071287, 1088, 2, 0
19590, 252, 938, 1483, 0, 0, 34.75%, 2, 1, 20, 5407.65, 74093552, 1088, 2, 0
19595, 252, 1101, 1483, 0, 0, 34.75%, 2, 1, 20, 4962.84, 74113940, 1088, 2, 0
19600, 252, 56, 1483, 0, 0, 34.75%, 2, 1, 20, 5086.80, 74133114, 1088, 2, 0
19605, 252, 954, 1483, 0, 0, 34.75%, 2, 1, 20, 3300.39, 74154774, 1088, 2, 0
19610, 252, 659, 1483, 0, 0, 34.75%, 2, 1, 20, 4562.89, 74173782, 1088, 2, 0
19616, 252, 832, 1483, 0, 0, 34.75%, 2, 1, 20, 4054.61, 74192688, 1088, 2, 0
19621, 252, 87, 1483, 0, 0, 34.75%, 2, 1, 20, 4275.45, 74212764, 1088, 2, 0
19626, 252, 860, 1483, 0, 0, 34.75%, 2, 1, 20, 3926.05, 74232587, 1088, 2, 0
19631, 253, 504, 1483, 0, 0, 34.75%, 2, 1, 20, 617.79, 74250581, 1088, 2, 0
19637, 253, 1048, 1483, 0, 0, 34.75%, 2, 1, 20, 5196.99, 74270618, 1088, 2, 0
19642, 253, 606, 1483, 0, 0, 34.75%, 2, 1, 20, 3866.56, 74291756, 1088, 2, 0
19647, 253, 1204, 1483, 0, 0, 34.75%, 2, 1, 20, 3282.62, 74310569, 1088, 2, 0
19652, 253, 762, 1483, 0, 0, 34.75%, 2, 1, 20, 4694.76, 74332259, 1088, 2, 0
19657, 253, 9, 1483, 0, 0, 34.75%, 2, 1, 20, 5375.00, 74352015, 1088, 2, 0
19662, 253, 363, 1483, 0, 0, 34.75%, 2, 1, 20, 5063.45, 74371904, 1088, 2, 0
19667, 253, 761, 1483, 0, 0, 34.75%, 2, 1, 20, 333.33, 74391913, 1088, 2, 0
19672, 253, 97, 1483, 0, 0, 34.75%, 2, 1, 20, 3879.51, 74412025, 1088, 2, 0
19677, 253, 928, 1483, 0, 0, 34.75%, 2, 1, 20, 3911.65, 74430060, 1088, 2, 0
19682, 253, 899, 1483, 0, 0, 34.75%, 2, 1, 20, 5130.08, 74449965, 1088, 2, 0
19687, 253, 143, 1483, 0, 0, 34.75%, 2, 1, 20, 3546.94, 74467980, 1088, 2, 0
19692, 253, 844, 1483, 0, 0, 34.75%, 2, 1, 20, 5579.08, 74487138, 1088, 2, 0
19697, 253, 506, 1483, 0, 0, 34.75%, 2, 1, 20, 4576.67, 74508336, 1088, 2, 0
19702, 253, 1462, 1483, 0, 0, 34.75%, 2, 1, 20, 4682.31, 74529653, 1088, 2, 0
19708, 253, 267, 1483, 0, 0, 34.75%, 2, 1, 20, 535.01, 74549762, 1088, 2, 0
19713, 253, 64, 1483, 0, 0, 34.75%, 2, 1, 20, 4077.61, 74568923, 1088, 2, 0
19718, 254, 12, 1483, 0, 0, 34.75%, 2, 1, 20, 4013.03, 74588139, 1088, 2, 0
19723, 254, 357, 1483, 0, 0, 34.75%, 2, 1, 20, 5426.69, 74606880, 1088, 2, 0
19728, 254, 392, 1483, 0, 0, 34.75%, 2, 1, 20, 5268.16, 74627558, 1088, 2, 0
19734, 254, 78, 1483, 0, 0, 34.75%, 2, 1, 20, 4220.76, 74647809, 1088, 2, 0
19739, 254, 180, 1483, 0, 0, 34.75%, 2, 1, 20, 5512.37, 74666556, 1088, 2, 0
19744, 254, 852, 1483, 0, 0, 34.75%, 2, 1, 20, 5064.31, 74687267, 1088, 2, 0
19749, 254, 685, 1483, 0, 0, 34.75%, 2, 1, 20, 3991.64, 74708450, 1088, 2, 0
19754, 254, 406, 1483, 0, 0, 34.75%, 2, 1, 20, 4344.75, 74729950, 1088, 2, 0
19759, 254, 583, 1483, 0, 0, 34.75%, 2, 1, 20, 3651.08, 74751081, 1088, 2, 0
19764, 254, 57, 1483, 0, 0, 34.75%, 2, 1, 20, 4939.64, 74770284, 1088, 2, 0
19769, 254, 608, 1483, 0, 0, 34.75%, 2, 1, 20, 4635.60, 74791455, 1088, 2, 0
19774, 254, 526, 1483, 0, 0, 34.75%, 2, 1, 20, 2497.04, 74810526, 1088, 2, 0
19779, 254, 552, 1483, 0, 0, 34.75%, 2, 1, 20, 3900.00, 74831522, 1088, 2, 0
19785, 254, 761, 1484, 1, 0, 34.75%, 2, 1, 20, 4086.58, 74851856, 1088, 2, 0
19790, 254, 4, 1484, 1, 0, 34.75%, 2, 1, 20, 721.72, 74871095, 1088, 2, 0
19795, 254, 407, 1484, 1, 0, 34.75%, 2, 1, 20, 3770.00, 74890837, 1088, 2, 0
19800, 255, 156, 1484, 1, 0, 34.75%, 2, 1, 20, 4983.06, 74911823, 1088, 2, 0
19805, 255, 899, 1484, 1, 0, 34.75%, 2, 1, 20, 177.61, 74932062, 1088, 2, 0
19810, 255, 69, 1484, 1, 0, 34.75%, 2, 1, 20, 4063.18, 74952235, 1088, 2, 0
19815, 255, 552, 1484, 1, 0, 34.75%, 2, 1, 20, 5038.92, 74972935, 1088, 2, 0
19820, 255, 52, 1484, 0, 0, 34.75%, 2, 1, 20, 3444.63, 74991760, 1088, 2, 0
19825, 255, 787, 1484, 0, 0, 34.75%, 2, 1, 20, 4722.41, 75013301, 1088, 2, 0
19830, 255, 168, 1485, 1, 0, 34.75%, 2, 1, 20, 4528.90, 75032545, 1088, 2, 0
19835, 255, 70, 1485, 1, 0, 34.75%, 2, 1, 20, 3809.94, 75051292, 1088, 2, 0
19841, 255, 1480, 1485, 1, 0, 34.75%, 2, 1, 20, 4573.95, 75071397, 1088, 2, 0
19846, 255, 1480, 1485, 1, 0, 34.75%, 2, 1, 20, 2201.32, 75092068, 1088, 2, 0
19851, 255, 761, 1485, 1, 0, 34.75%, 2, 1, 20, 4116.71, 75112091, 1088, 2, 0
19856, 255, 682, 1485, 1, 0, 34.75%, 2, 1, 20, 5334.91, 75130715, 1088, 2, 0
19861, 255, 1484, 1485, 1, 0, 34.75%, 2, 1, 20, 3185.59, 75150833, 1088, 2, 0
19866, 255, 1080, 1485, 0, 0, 34.75%, 2, 1, 20, 3963.52, 75170523, 1088, 2, 0
19871, 255, 1467, 1485, 0, 0, 34.75%, 2, 1, 20, 3761.59, 75188370, 1088, 2, 0
19876, 255, 80, 1485, 0, 0, 34.75%, 2, 1, 20, 4353.99, 75207304, 1088, 2, 0
19882, 255, 764, 1485, 0, 0, 34.75%, 2, 1, 20, 5074.85, 75228554, 1088, 2, 0
19887, 255, 13, 1485, 0, 0, 34.75%, 2, 1, 20, 4652.85, 75250053, 1088, 2, 0
19892, 256, 400, 1485, 0, 0, 34.75%, 2, 1, 20, 4464.75, 75269458, 1088, 2, 0
19897, 256, 761, 1485, 0, 0, 34.75%, 2, 1, 20, 5255.81, 75289403, 1088, 2, 0
19902, 256, 1394, 1485, 0, 0, 34.75%, 2, 1, 20, 4504.18, 75310661, 1088, 2, 0
19907, 256, 933, 1485, 0, 0, 34.75%, 2, 1, 20, 5249.89, 75331013, 1088, 2, 0
19912, 256, 552, 1485, 0, 0, 34.75%, 2, 1, 20, 3884.19, 75352266, 1088, 2, 0
19917, 256, 166, 1485, 0, 0, 34.75%, 2, 1, 20, 5352.91, 75373845, 1088, 2, 0
19923, 256, 64, 1485, 0, 0, 34.75%, 2, 1, 20, 3755.04, 75395124, 1088, 2, 0
19928, 256, 25, 1485, 0, 0, 34.75%, 2, 1, 20, 4452.11, 75413363, 1088, 2, 0
19933, 256, 1237, 1485, 0, 0, 34.75%, 2, 1, 20, 3768.84, 75431649, 1088, 2, 0
19938, 256, 1394, 1485, 0, 0, 34.75%, 2, 1, 20, 621.25, 75450722, 1088, 2, 0
19943, 256, 192, 1485, 0, 0, 34.75%, 2, 1, 20, 5355.00, 75472130, 1088, 2, 0
19948, 256, 761, 1485, 0, 0, 34.75%, 2, 1, 20, 5478.05, 75492498, 1088, 2, 0
19953, 256, 1461, 1485, 0, 0, 34.75%, 2, 1, 20, 4619.01, 75513216, 1088, 2, 0
19958, 256, 673, 1485, 0, 0, 34.75%, 2, 1, 20, 3739.17, 75535876, 1088, 2, 0
19963, 256, 826, 1485, 0, 0, 34.75%, 2, 1, 20, 5350.71, 75555788, 1088, 2, 0
19969, 256, 616, 1485, 0, 0, 34.75%, 2, 1, 20, 4797.42, 75575702, 1088, 2, 0
19974, 257, 899, 1485, 0, 0, 34.75%, 2, 1, 20, 4585.77, 75598257, 1088, 2, 0
19979, 257, 688, 1485, 0, 0, 34.75%, 2, 1, 20, 4830.42, 75617960, 1088, 2, 0
19984, 257, 832, 1485, 0, 0, 34.75%, 2, 1, 20, 4751.63, 75640293, 1088, 2, 0
19989, 257, 992, 1485, 0, 0, 34.75%, 2, 1, 20, 4802.23, 75660004, 1088, 2, 0
19994, 257, 173, 1485, 0, 0, 34.75%, 2, 1, 20, 4934.76, 75681176, 1088, 2, 0
19999, 257, 546, 1485, 0, 0, 34.75%, 2, 1, 20, 5278.58, 75702416, 1088, 2, 0
20004, 257, 552, 1485, 0, 0, 34.75%, 2, 1, 20, 4683.42, 75723598, 1088, 2, 0
20009, 257, 960, 1485, 0, 0, 34.75%, 2, 1, 20, 5096.75, 75744715, 1088, 2, 0
20014, 257, 782, 1485, 0, 0, 34.75%, 2, 1, 20, 4739.15, 75765288, 1088, 2, 0
20020, 257, 353, 1485, 0, 0, 34.75%, 2, 1, 20, 3991.24, 75784280, 1088, 2, 0
20025, 257, 885, 1485, 0, 0, 34.75%, 2, 1, 20, 4743.83, 75804627, 1088, 2, 0
20030, 257, 1033, 1485, 0, 0, 34.75%, 2, 1, 20, 4317.20, 75825751, 1088, 2, 0
20035, 257, 52, 1485, 0, 0, 34.75%, 2, 1, 20, 4753.81, 75845784, 1088, 2, 0
20040, 257, 31, 1485, 0, 0, 34.75%, 2, 1, 20, 4800.38, 75867504, 1088, 2, 0
20045, 257, 632, 1485, 0, 0, 34.75%, 2, 1, 20, 3867.18, 75888285, 1088, 2, 0
20051, 258, 682, 1485, 0, 0, 34.75%, 2, 1, 20, 4770.10, 75908019, 1088, 2, 0
20056, 258, 992, 1485, 0, 0, 34.75%, 2, 1, 20, 3779.86, 75928178, 1088, 2, 0
20061, 258, 916, 1485, 0, 0, 34.75%, 2, 1, 20, 4137.05, 75949072, 1088, 2, 0
20066, 258, 715, 1485, 0, 0, 34.75%, 2, 1, 20, 5282.30, 75970362, 1088, 2, 0
20071, 258, 581, 1485, 0, 0, 34.75%, 2, 1, 20, 4353.61, 75989552, 1088, 2, 0
20076, 258, 1199, 1485, 0, 0, 34.75%, 2, 1, 20, 5010.87, 76008975, 1088, 2, 0
20081, 258, 1462, 1485, 0, 0, 34.75%, 2, 1, 20, 4858.74, 76029521, 1088, 2, 0
20086, 258, 180, 1485, 0, 0, 34.75%, 2, 1, 20, 4464.85, 76049232, 1088, 2, 0
20092, 258, 899, 1485, 0, 0, 34.75%, 2, 1, 20, 4423.54, 76070029, 1088, 2, 0
20097, 258, 842, 1485, 0, 0, 34.75%, 2, 1, 20, 4001.47, 76090672, 1088, 2, 0
20102, 258, 1053, 1485, 0, 0, 34.75%, 2, 1, 20, 4805.97, 76112208, 1088, 2, 0
20107, 258, 973, 1485, 0, 0, 34.75%, 2, 1, 20, 504.18, 76132519, 1088, 2, 0
20112, 258, 1023, 1485, 0, 0, 34.75%, 2, 1, 20, 5059.70, 76153130, 1088, 2, 0
20117, 258, 1255, 1485, 0, 0, 34.75%, 2, 1, 20, 5410.00, 76175861, 1088, 2, 0
20123, 258, 764, 1485, 0, 0, 34.75%, 2, 1, 20, 359.22, 76193874, 1088, 2, 0
20128, 258, 79, 1485, 0, 0, 34.75%, 2, 1, 20, 41.49, 76215447, 1088, 2, 0
20133, 258, 992, 1485, 0, 0, 34.75%, 2, 1, 20, 3930.00, 76233360, 1088, 2, 0
20138, 259, 1478, 1485, 0, 0, 34.75%, 2, 1, 20, 4317.88, 76255454, 1088, 2, 0
20143, 259, 1304, 1485, 0, 0, 34.75%, 2, 1, 20, 4687.34, 76275376, 1088, 2, 0
20148, 259, 640, 1485, 0, 0, 34.75%, 2, 1, 20, 3872.69, 76294174, 1088, 2, 0
20153, 259, 473, 1485, 0, 0, 34.75%, 2, 1, 20, 4895.22, 76314298, 1088, 2, 0
20158, 259, 25, 1485, 0, 0, 34.75%, 2, 1, 20, 4795.28, 76335583, 1088, 2, 0
20163, 259, 1461, 1485, 0, 0, 34.75%, 2, 1, 20, 5085.89, 76356951, 1088, 2, 0
20169, 259, 1452, 1485, 0, 0, 34.75%, 2, 1, 20, 4263.63, 76378345, 1088, 2, 0
20174, 259, 1468, 1485, 0, 0, 34.75%, 2, 1, 20, 4719.61, 76397111, 1088, 2, 0
20179, 259, 561, 1485, 0, 0, 34.75%, 2, 1, 20, 4458.43, 76417486, 1088, 2, 0
20184, 259, 1013, 1485, 0, 0, 34.75%, 2, 1, 20, 4291.03, 76439508, 1088, 2, 0
20189, 259, 133, 1485, 0, 0, 34.75%, 2, 1, 20, 4614.83, 76459835, 1088, 2, 0
20194, 259, 1216, 1485, 0, 0, 34.75%, 2, 1, 20, 4161.43, 76481035, 1088, 2, 0
20199, 259, 718, 1485, 0, 0, 34.75%, 2, 1, 20, 3563.86, 76500688, 1088, 2, 0
20204, 259, 730, 1485, 0, 0, 34.75%, 2, 1, 20, 4068.83, 76520311, 1088, 2, 0
20209, 259, 1462, 1485, 0, 0, 34.75%, 2, 1, 20, 5020.06, 76538048, 1088, 2, 0
20214, 259, 685, 1485, 0, 0, 34.75%, 2, 1, 20, 3733.91, 76554420, 1088, 2, 0
20219, 259, 634, 1485, 0, 0, 34.75%, 2, 1, 20, 4061.76, 76575300, 1088, 2, 0
20224, 260, 711, 1485, 0, 0, 34.75%, 2, 1, 20, 3970.61, 76595002, 1088, 2, 0
20230, 260, 59, 1485, 0, 0, 34.75%, 2, 1, 20, 3877.15, 76614190, 1088, 2, 0
20235, 260, 979, 1485, 0, 0, 34.75%, 2, 1, 20, 4801.59, 76633200, 1088, 2, 0
20240, 260, 774, 1485, 0, 0, 34.75%, 2, 1, 20, 3700.38, 76654568, 1088, 2, 0
20245, 260, 687, 1485, 0, 0, 34.75%, 2, 1, 20, 2651.84, 76672709, 1088, 2, 0
20250, 260, 868, 1485, 0, 0, 34.75%, 2, 1, 20, 4901.84, 76693327, 1088, 2, 0
20255, 260, 1478, 1485, 0, 0, 34.75%, 2, 1, 20, 4302.12, 76712978, 1088, 2, 0
20260, 260, 1480, 1485, 0, 0, 34.75%, 2, 1, 20, 4285.83, 76733028, 1088, 2, 0
20265, 260, 85, 1485, 0, 0, 34.75%, 2, 1, 20, 4120.95, 76752105, 1088, 2, 0
20270, 260, 293, 1485, 0, 0, 34.75%, 2, 1, 20, 3962.17, 76772495, 1088, 2, 0
20275, 260, 832, 1485, 0, 0, 34.75%, 2, 1, 20, 4805.17, 76793600, 1088, 2, 0
20281, 260, 70, 1485, 0, 0, 34.75%, 2, 1, 20, 5101.26, 76815685, 1088, 2, 0
20286, 260, 1408, 1485, 0, 0, 34.75%, 2, 1, 20, 4275.94, 76834034, 1088, 2, 0
20291, 260, 414, 1485, 0, 0, 34.75%, 2, 1, 20, 4501.60, 76853009, 1088, 2, 0
20296, 260, 512, 1485, 0, 0, 34.75%, 2, 1, 20, 4845.01, 76871233, 1088, 2, 0
20301, 260, 180, 1485, 0, 0, 34.75%, 2, 1, 20, 4691.54, 76889263, 1088, 2, 0
20306, 260, 844, 1485, 0, 0, 34.75%, 2, 1, 20, 5471.00, 76909694, 1088, 2, 0
20311, 261, 62, 1485, 0, 0, 34.75%, 2, 1, 20, 4755.51, 76928815, 1088, 2, 0
20316, 261, 1462, 1485, 0, 0, 34.75%, 2, 1, 20, 4306.75, 76947869, 1088, 2, 0
20321, 261, 109, 1485, 0, 0, 34.75%, 2, 1, 20, 378.28, 76966818, 1088, 2, 0
20326, 261, 340, 1485, 0, 0, 34.75%, 2, 1, 20, 5335.00, 76988294, 1088, 2, 0
20331, 261, 787, 1485, 0, 0, 34.75%, 2, 1, 20, 4253.77, 77008473, 1088, 2, 0
20336, 261, 685, 1485, 0, 0, 34.75%, 2, 1, 20, 3661.17, 77027856, 1088, 2, 0
20342, 261, 669, 1485, 0, 0, 34.75%, 2, 1, 20, 4698.53, 77049194, 1088, 2, 0
20347, 261, 619, 1485, 0, 0, 34.75%, 2, 1, 20, 4603.80, 77069948, 1088, 2, 0
20352, 261, 264, 1485, 0, 0, 34.75%, 2, 1, 20, 4495.50, 77088635, 1088, 2, 0
20357, 261, 954, 1485, 0, 0, 34.75%, 2, 1, 20, 403.67, 77108382, 1088, 2, 0
20362, 261, 121, 1485, 0, 0, 34.75%, 2, 1, 20, 3893.83, 77129221, 1088, 2, 0
20367, 261, 50, 1485, 0, 0, 34.75%, 2, 1, 20, 4904.26, 77149479, 1088, 2, 0
20372, 261, 747, 1485, 0, 0, 34.75%, 2, 1, 20, 5039.83, 77168356, 1088, 2, 0
20377, 261, 1402, 1485, 0, 0, 34.75%, 2, 1, 20, 4526.07, 77186258, 1088, 2, 0
20382, 261, 992, 1486, 1, 0, 34.75%, 2, 1, 20, 4496.47, 77205574, 1088, 2, 0
20388, 261, 85, 1486, 1, 0, 34.75%, 2, 1, 20, 4605.90, 77224249, 1088, 2, 0
20393, 261, 763, 1486, 1, 0, 34.75%, 2, 1, 20, 4295.11, 77245265, 1088, 2, 0
20398, 262, 954, 1487, 1, 0, 34.75%, 2, 1, 20, 3638.05, 77255895, 1088, 2, 0
20404, 262, 1486, 1487, 1, 0, 34.75%, 2, 1, 20, 2506.22, 77269906, 1088, 2, 0
20409, 262, 96, 1487, 0, 0, 34.75%, 2, 1, 20, 5238.53, 77290436, 1088, 2, 0
20414, 262, 9, 1487, 0, 0, 34.75%, 2, 1, 20, 3699.37, 77309301, 1088, 2, 0
20419, 262, 516, 1487, 0, 0, 34.75%, 2, 1, 20, 5446.10, 77331515, 1088, 2, 0
20424, 262, 1413, 1487, 0, 0, 34.75%, 2, 1, 20, 5415.53, 77350027, 1088, 2, 0
20429, 262, 764, 1493, 5, 0, 34.75%, 2, 1, 20, 4135.99, 77366064, 1088, 2, 0
20435, 262, 1490, 1493, 5, 0, 34.75%, 2, 1, 20, 461.20, 77373839, 1088, 2, 0
20440, 262, 100, 1494, 4, 0, 34.75%, 2, 1, 20, 5039.47, 77381744, 1088, 2, 0
20446, 262, 1487, 1494, 4, 0, 34.75%, 2, 1, 20, 4827.68, 77402539, 1088, 2, 0
20451, 262, 1372, 1494, 2, 0, 34.75%, 2, 1, 20, 4137.83, 77422108, 1088, 2, 0
20456, 262, 405, 1494, 2, 0, 34.75%, 2, 1, 20, 4539.80, 77441676, 1088, 2, 0
20461, 262, 54, 1494, 2, 0, 34.75%, 2, 1, 20, 4563.78, 77461610, 1088, 2, 0
20466, 262, 67, 1494, 2, 0, 34.75%, 2, 1, 20, 4570.18, 77481477, 1088, 2, 0
20471, 262, 770, 1494, 2, 0, 34.75%, 2, 1, 20, 4514.13, 77501055, 1088, 2, 0
20476, 262, 1478, 1494, 1, 0, 34.75%, 2, 1, 20, 3866.33, 77521250, 1088, 2, 0
20481, 262, 936, 1494, 0, 0, 34.75%, 2, 1, 20, 4255.06, 77542165, 1088, 2, 0
20486, 262, 513, 1494, 0, 0, 34.75%, 2, 1, 20, 4549.03, 77563222, 1088, 2, 0
20491, 262, 527, 1494, 0, 0, 34.75%, 2, 1, 20, 3606.83, 77582662, 1088, 2, 0
20496, 262, 763, 1494, 0, 0, 34.75%, 2, 1, 20, 5195.00, 77602617, 1088, 2, 0
20502, 263, 611, 1494, 0, 0, 34.75%, 2, 1, 20, 4360.13, 77622448, 1088, 2, 0
20507, 263, 648, 1494, 0, 0, 34.75%, 2, 1, 20, 4179.06, 77642526, 1088, 2, 0
20512, 263, 789, 1494, 0, 0, 34.75%, 2, 1, 20, 5135.00, 77663311, 1088, 2, 0
20517, 263, 1216, 1494, 0, 0, 34.75%, 2, 1, 20, 4453.11, 77683569, 1088, 2, 0
20522, 263, 11, 1494, 0, 0, 34.75%, 2, 1, 20, 4641.04, 77704522, 1088, 2, 0
20527, 263, 852, 1494, 0, 0, 34.75%, 2, 1, 20, 4814.60, 77724340, 1088, 2, 0
20532, 263, 745, 1494, 0, 0, 34.75%, 2, 1, 20, 100.82, 77743014, 1088, 2, 0
20537, 263, 906, 1494, 0, 0, 34.75%, 2, 1, 20, 4467.64, 77762938, 1088, 2, 0
20542, 263, 759, 1494, 0, 0, 34.75%, 2, 1, 20, 5621.48, 77783063, 1088, 2, 0
20548, 263, 561, 1494, 0, 0, 34.75%, 2, 1, 20, 4490.34, 77802025, 1088, 2, 0
20553, 263, 1480, 1494, 0, 0, 34.75%, 2, 1, 20, 4569.33, 77821920, 1088, 2, 0
20558, 263, 64, 1494, 0, 0, 34.75%, 2, 1, 20, 5185.39, 77842508, 1088, 2, 0
20563, 263, 1480, 1494, 0, 0, 34.75%, 2, 1, 20, 5196.35, 77861156, 1088, 2, 0
20568, 263, 763, 1494, 0, 0, 34.75%, 2, 1, 20, 5057.72, 77880558, 1088, 2, 0
20573, 263, 840, 1494, 0, 0, 34.75%, 2, 1, 20, 4431.82, 77900592, 1088, 2, 0
20578, 263, 91, 1494, 0, 0, 34.75%, 2, 1, 20, 4797.59, 77922054, 1088, 2, 0
20583, 263, 813, 1494, 0, 0, 34.75%, 2, 1, 20, 4037.93, 77940199, 1088, 2, 0
20589, 264, 899, 1494, 0, 0, 34.75%, 2, 1, 20, 334.53, 77961849, 1088, 2, 0
20594, 264, 1155, 1494, 0, 0, 34.75%, 2, 1, 20, 4618.69, 77982101, 1088, 2, 0
20599, 264, 1033, 1494, 0, 0, 34.75%, 2, 1, 20, 4204.44, 78004612, 1088, 2, 0
20604, 264, 640, 1494, 0, 0, 34.75%, 2, 1, 20, 4332.73, 78025610, 1088, 2, 0
20609, 264, 40, 1494, 0, 0, 34.75%, 2, 1, 20, 4099.04, 78045392, 1088, 2, 0
20614, 264, 1474, 1494, 0, 0, 34.75%, 2, 1, 20, 2918.07, 78063086, 1088, 2, 0
20619, 264, 1086, 1494, 0, 0, 34.75%, 2, 1, 20, 4889.27, 78082057, 1088, 2, 0
20624, 264, 530, 1494, 0, 0, 34.75%, 2, 1, 20, 4977.63, 78101607, 1088, 2, 0
20630, 264, 589, 1494, 0, 0, 34.75%, 2, 1, 20, 4196.02, 78122534, 1088, 2, 0
20635, 264, 842, 1494, 0, 0, 34.75%, 2, 1, 20, 4107.74, 78141820, 1088, 2, 0
20640, 264, 1462, 1494, 0, 0, 34.75%, 2, 1, 20, 4378.12, 78161738, 1088, 2, 0
20645, 264, 771, 1494, 0, 0, 34.75%, 2, 1, 20, 5101.61, 78182784, 1088, 2, 0
20650, 264, 412, 1494, 0, 0, 34.75%, 2, 1, 20, 4343.99, 78203166, 1088, 2, 0
20655, 264, 1419, 1494, 0, 0, 34.75%, 2, 1, 20, 4889.58, 78222689, 1088, 2, 0
20661, 264, 954, 1494, 0, 0, 34.75%, 2, 1, 20, 4533.35, 78243531, 1088, 2, 0
20666, 264, 1462, 1494, 0, 0, 34.75%, 2, 1, 20, 5004.68, 78264859, 1088, 2, 0
20671, 264, 899, 1494, 0, 0, 34.75%, 2, 1, 20, 957.20, 78286020, 1088, 2, 0
20676, 265, 1351, 1494, 0, 0, 34.75%, 2, 1, 20, 512.77, 78305618, 1088, 2, 0
20681, 265, 858, 1494, 0, 0, 34.75%, 2, 1, 20, 3291.87, 78323740, 1088, 2, 0
20686, 265, 868, 1494, 0, 0, 34.75%, 2, 1, 20, 4700.67, 78344461, 1088, 2, 0
20692, 265, 664, 1494, 0, 0, 34.75%, 2, 1, 20, 4985.05, 78366240, 1088, 2, 0
20697, 265, 664, 1494, 0, 0, 34.75%, 2, 1, 20, 4514.64, 78386706, 1088, 2, 0
20702, 265, 759, 1494, 0, 0, 34.75%, 2, 1, 20, 5016.29, 78408048, 1088, 2, 0
20707, 265, 1475, 1494, 0, 0, 34.75%, 2, 1, 20, 5418.44, 78426944, 1088, 2, 0
20712, 265, 997, 1494, 0, 0, 34.75%, 2, 1, 20, 5297.45, 78447026, 1088, 2, 0
20717, 265, 70, 1494, 0, 0, 34.75%, 2, 1, 20, 4068.44, 78465174, 1088, 2, 0
20722, 265, 717, 1494, 0, 0, 34.75%, 2, 1, 20, 2825.33, 78485239, 1088, 2, 0
20727, 265, 1028, 1494, 0, 0, 34.75%, 2, 1, 20, 4622.21, 78506509, 1088, 2, 0
20733, 265, 1098, 1494, 0, 0, 34.75%, 2, 1, 20, 4633.13, 78527984, 1088, 2, 0
20738, 265, 759, 1494, 0, 0, 34.75%, 2, 1, 20, 5463.07, 78547813, 1088, 2, 0
20743, 265, 611, 1494, 0, 0, 34.75%, 2, 1, 20, 4208.98, 78569015, 1088, 2, 0
20748, 265, 184, 1494, 0, 0, 34.75%, 2, 1, 20, 3602.13, 78586110, 1088, 2, 0
20753, 265, 899, 1494, 0, 0, 34.75%, 2, 1, 20, 236.05, 78606661, 1088, 2, 0
20758, 266, 1159, 1494, 0, 0, 34.75%, 2, 1, 20, 324.14, 78627039, 1088, 2, 0
20764, 266, 899, 1494, 0, 0, 34.75%, 2, 1, 20, 308.64, 78649643, 1088, 2, 0
20769, 266, 1478, 1494, 0, 0, 34.75%, 2, 1, 20, 4600.04, 78671865, 1088, 2, 0
20774, 266, 985, 1494, 0, 0, 34.75%, 2, 1, 20, 4228.86, 78690728, 1088, 2, 0
20779, 266, 898, 1494, 0, 0, 34.75%, 2, 1, 20, 986.69, 78708201, 1088, 2, 0
20784, 266, 858, 1494, 0, 0, 34.75%, 2, 1, 20, 4475.14, 78729279, 1088, 2, 0
20789, 266, 856, 1494, 0, 0, 34.75%, 2, 1, 20, 3834.19, 78748116, 1088, 2, 0
20794, 266, 954, 1494, 0, 0, 34.75%, 2, 1, 20, 4574.51, 78769059, 1088, 2, 0
20799, 266, 832, 1494, 0, 0, 34.75%, 2, 1, 20, 4319.43, 78788835, 1088, 2, 0
20804, 266, 1375, 1494, 0, 0, 34.75%, 2, 1, 20, 5114.97, 78808049, 1088, 2, 0
20809, 266, 101, 1494, 0, 0, 34.75%, 2, 1, 20, 4815.04, 78828982, 1088, 2, 0
20814, 266, 100, 1494, 0, 0, 34.75%, 2, 1, 20, 3037.41, 78850243, 1088, 2, 0
20820, 266, 1346, 1494, 0, 0, 34.75%, 2, 1, 20, 5358.67, 78870841, 1088, 2, 0
20825, 266, 526, 1494, 0, 0, 34.75%, 2, 1, 20, 5224.59, 78888433, 1088, 2, 0
20830, 266, 718, 1494, 0, 0, 34.75%, 2, 1, 20, 4021.16, 78906472, 1088, 2, 0
20835, 266, 899, 1494, 0, 0, 34.75%, 2, 1, 20, 5137.10, 78927726, 1088, 2, 0
20840, 266, 788, 1494, 0, 0, 34.75%, 2, 1, 20, 4690.95, 78948897, 1088, 2, 0
20845, 267, 1486, 1494, 0, 0, 34.75%, 2, 1, 20, 5094.82, 78970547, 1088, 2, 0
20850, 267, 950, 1494, 0, 0, 34.75%, 2, 1, 20, 4529.63, 78991412, 1088, 2, 0
20855, 267, 530, 1494, 0, 0, 34.75%, 2, 1, 20, 1634.56, 79010393, 1088, 2, 0
20860, 267, 679, 1494, 0, 0, 34.75%, 2, 1, 20, 4031.80, 79031963, 1088, 2, 0
20865, 267, 1448, 1494, 0, 0, 34.75%, 2, 1, 20, 4283.64, 79052616, 1088, 2, 0
20871, 267, 1462, 1494, 0, 0, 34.75%, 2, 1, 20, 3540.79, 79072469, 1088, 2, 0
20876, 267, 1351, 1494, 0, 0, 34.75%, 2, 1, 20, 4528.16, 79092979, 1088, 2, 0
20881, 267, 1461, 1494, 0, 0, 34.75%, 2, 1, 20, 4450.60, 79113380, 1088, 2, 0
20886, 267, 832, 1494, 0, 0, 34.75%, 2, 1, 20, 5286.29, 79135328, 1088, 2, 0
20891, 267, 60, 1494, 0, 0, 34.75%, 2, 1, 20, 4478.67, 79155729, 1088, 2, 0
20896, 267, 213, 1494, 0, 0, 34.75%, 2, 1, 20, 4605.87, 79177330, 1088, 2, 0
20901, 267, 1459, 1494, 0, 0, 34.75%, 2, 1, 20, 4403.54, 79197734, 1088, 2, 0
20906, 267, 764, 1494, 0, 0, 34.75%, 2, 1, 20, 5220.65, 79218141, 1088, 2, 0
20911, 267, 693, 1494, 0, 0, 34.75%, 2, 1, 20, 5395.24, 79240458, 1088, 2, 0
20916, 267, 88, 1494, 0, 0, 34.75%, 2, 1, 20, 5281.64, 79259801, 1088, 2, 0
20921, 267, 1477, 1494, 0, 0, 34.75%, 2, 1, 20, 5024.76, 79279181, 1088, 2, 0
20927, 268, 844, 1494, 0, 0, 34.75%, 2, 1, 20, 4947.10, 79300774, 1088, 2, 0
20932, 268, 1139, 1494, 0, 0, 34.75%, 2, 1, 20, 4557.56, 79321341, 1088, 2, 0
20937, 268, 961, 1494, 0, 0, 34.75%, 2, 1, 20, 3982.48, 79338377, 1088, 2, 0
20942, 268, 1035, 1494, 0, 0, 34.75%, 2, 1, 20, 4195.30, 79356290, 1088, 2, 0
20947, 268, 403, 1494, 0, 0, 34.75%, 2, 1, 20, 4208.96, 79377735, 1088, 2, 0
20952, 268, 131, 1494, 0, 0, 34.75%, 2, 1, 20, 4398.59, 79398051, 1088, 2, 0
20957, 268, 1022, 1494, 0, 0, 34.75%, 2, 1, 20, 1695.97, 79418374, 1088, 2, 0
20962, 268, 1297, 1494, 0, 0, 34.75%, 2, 1, 20, 4468.50, 79436959, 1088, 2, 0
20967, 268, 1492, 1494, 0, 0, 34.75%, 2, 1, 20, 5018.10, 79457296, 1088, 2, 0
20973, 268, 825, 1494, 0, 0, 34.75%, 2, 1, 20, 4819.83, 79478777, 1088, 2, 0
20978, 268, 832, 1494, 0, 0, 34.75%, 2, 1, 20, 4219.52, 79497977, 1088, 2, 0
20983, 268, 844, 1494, 0, 0, 34.75%, 2, 1, 20, 4664.59, 79517030, 1088, 2, 0
20988, 268, 505, 1494, 0, 0, 34.75%, 2, 1, 20, 380.00, 79533619, 1088, 2, 0
20993, 268, 120, 1494, 0, 0, 34.75%, 2, 1, 20, 4370.75, 79553601, 1088, 2, 0
20998, 268, 693, 1494, 0, 0, 34.75%, 2, 1, 20, 4198.88, 79573309, 1088, 2, 0
21004, 268, 832, 1494, 0, 0, 34.75%, 2, 1, 20, 5090.00, 79593149, 1088, 2, 0
21009, 268, 375, 1494, 0, 0, 34.75%, 2, 1, 20, 4463.92, 79614547, 1088, 2, 0
21014, 269, 10, 1494, 0, 0, 34.75%, 2, 1, 20, 3685.82, 79634843, 1088, 2, 0
21019, 269, 668, 1494, 0, 0, 34.75%, 2, 1, 20, 3625.10, 79655275, 1088, 2, 0
21024, 269, 33, 1494, 0, 0, 34.75%, 2, 1, 20, 5465.35, 79673817, 1088, 2, 0
21029, 269, 52, 1494, 0, 0, 34.75%, 2, 1, 20, 4681.75, 79693714, 1088, 2, 0
21034, 269, 933, 1494, 0, 0, 34.75%, 2, 1, 20, 3287.94, 79710365, 1088, 2, 0
21039, 269, 242, 1494, 0, 0, 34.75%, 2, 1, 20, 5309.63, 79730810, 1088, 2, 0
21044, 269, 868, 1494, 0, 0, 34.75%, 2, 1, 20, 4427.33, 79749477, 1088, 2, 0
21050, 269, 1089, 1494, 0, 0, 34.75%, 2, 1, 20, 4826.93, 79770797, 1088, 2, 0
21055, 269, 1322, 1494, 0, 0, 34.75%, 2, 1, 20, 4823.70, 79792699, 1088, 2, 0
21060, 269, 1113, 1494, 0, 0, 34.75%, 2, 1, 20, 5132.42, 79813210, 1088, 2, 0
21065, 269, 787, 1494, 0, 0, 34.75%, 2, 1, 20, 5125.04, 79833863, 1088, 2, 0
21070, 269, 250, 1494, 0, 0, 34.75%, 2, 1, 20, 3629.98, 79851009, 1088, 2, 0
21075, 269, 1461, 1494, 0, 0, 34.75%, 2, 1, 20, 4777.95, 79871487, 1088, 2, 0
21080, 269, 899, 1494, 0, 0, 34.75%, 2, 1, 20, 783.36, 79892940, 1088, 2, 0
21085, 269, 635, 1494, 0, 0, 34.75%, 2, 1, 20, 4396.67, 79914393, 1088, 2, 0
21090, 269, 1460, 1494, 0, 0, 34.75%, 2, 1, 20, 4147.00, 79934741, 1088, 2, 0
21096, 269, 1478, 1494, 0, 0, 34.75%, 2, 1, 20, 4684.04, 79954547, 1088, 2, 0
21101, 270, 101, 1494, 0, 0, 34.75%, 2, 1, 20, 275.54, 79975832, 1088, 2, 0
21106, 270, 1461, 1494, 0, 0, 34.75%, 2, 1, 20, 4136.00, 79995734, 1088, 2, 0
21111, 270, 108, 1494, 0, 0, 34.75%, 2, 1, 20, 4873.39, 80015792, 1088, 2, 0
21116, 270, 431, 1494, 0, 0, 34.75%, 2, 1, 20, 5505.40, 80035397, 1088, 2, 0
21121, 270, 832, 1494, 0, 0, 34.75%, 2, 1, 20, 5083.74, 80056421, 1088, 2, 0
21126, 270, 340, 1494, 0, 0, 34.75%, 2, 1, 20, 4851.30, 80078579, 1088, 2, 0
21131, 270, 753, 1494, 0, 0, 34.75%, 2, 1, 20, 5099.84, 80099521, 1088, 2, 0
21137, 270, 1377, 1494, 0, 0, 34.75%, 2, 1, 20, 4405.18, 80119810, 1088, 2, 0
21142, 270, 993, 1494, 0, 0, 34.75%, 2, 1, 20, 5069.49, 80138983, 1088, 2, 0
21147, 270, 930, 1494, 0, 0, 34.75%, 2, 1, 20, 5171.69, 80160621, 1088, 2, 0
21152, 270, 5, 1494, 0, 0, 34.75%, 2, 1, 20, 2775.44, 80178594, 1088, 2, 0
21157, 270, 60, 1494, 0, 0, 34.75%, 2, 1, 20, 4031.93, 80199598, 1088, 2, 0
21162, 270, 1111, 1494, 0, 0, 34.75%, 2, 1, 20, 5058.31, 80221186, 1088, 2, 0
21167, 270, 764, 1494, 0, 0, 34.75%, 2, 1, 20, 5203.72, 80242278, 1088, 2, 0
21172, 270, 1478, 1494, 0, 0, 34.75%, 2, 1, 20, 5145.05, 80262363, 1088, 2, 0
21177, 270, 682, 1494, 0, 0, 34.75%, 2, 1, 20, 4485.63, 80282986, 1088, 2, 0
21183, 271, 725, 1494, 0, 0, 34.75%, 2, 1, 20, 768.82, 80304675, 1088, 2, 0
21188, 271, 408, 1494, 0, 0, 34.75%, 2, 1, 20, 4392.67, 80323698, 1088, 2, 0
21193, 271, 992, 1494, 0, 0, 34.75%, 2, 1, 20, 5093.11, 80346667, 1088, 2, 0
21198, 271, 664, 1494, 0, 0, 34.75%, 2, 1, 20, 5263.67, 80368366, 1088, 2, 0
21203, 271, 880, 1494, 0, 0, 34.75%, 2, 1, 20, 3270.11, 80385870, 1088, 2, 0
21208, 271, 900, 1494, 0, 0, 34.75%, 2, 1, 20, 4200.17, 80405355, 1088, 2, 0
21213, 271, 1130, 1494, 0, 0, 34.75%, 2, 1, 20, 4738.62, 80424979, 1088, 2, 0
21219, 271, 1071, 1494, 0, 0, 34.75%, 2, 1, 20, 4804.27, 80444988, 1088, 2, 0
21224, 271, 954, 1494, 0, 0, 34.75%, 2, 1, 20, 512.20, 80464222, 1088, 2, 0
21229, 271, 770, 1494, 0, 0, 34.75%, 2, 1, 20, 3355.00, 80486245, 1088, 2, 0
21234, 271, 849, 1494, 0, 0, 34.75%, 2, 1, 20, 3856.78, 80507824, 1088, 2, 0
21239, 271, 899, 1494, 0, 0, 34.75%, 2, 1, 20, 5128.71, 80529647, 1088, 2, 0
21245, 271, 852, 1494, 0, 0, 34.75%, 2, 1, 20, 5350.00, 80549017, 1088, 2, 0
21250, 271, 634, 1494, 0, 0, 34.75%, 2, 1, 20, 5309.12, 80569301, 1088, 2, 0
21255, 271, 1463, 1494, 0, 0, 34.75%, 2, 1, 20, 4271.43, 80589808, 1088, 2, 0
21260, 271, 504, 1494, 0, 0, 34.75%, 2, 1, 20, 4272.35, 80609077, 1088, 2, 0
21265, 271, 80, 1494, 0, 0, 34.75%, 2, 1, 20, 4299.59, 80629031, 1088, 2, 0
21270, 272, 258, 1494, 0, 0, 34.75%, 2, 1, 20, 4064.83, 80647709, 1088, 2, 0
21275, 272, 664, 1494, 0, 0, 34.75%, 2, 1, 20, 3916.20, 80667101, 1088, 2, 0
21280, 272, 526, 1494, 0, 0, 34.75%, 2, 1, 20, 4114.91, 80686710, 1088, 2, 0
21285, 272, 759, 1494, 0, 0, 34.75%, 2, 1, 20, 4823.75, 80708577, 1088, 2, 0
21291, 272, 552, 1494, 0, 0, 34.75%, 2, 1, 20, 372.20, 80727673, 1088, 2, 0
21296, 272, 933, 1494, 0, 0, 34.75%, 2, 1, 20, 4069.45, 80747015, 1088, 2, 0
21301, 272, 1236, 1494, 0, 0, 34.75%, 2, 1, 20, 4366.47, 80765302, 1088, 2, 0
21306, 272, 110, 1494, 0, 0, 34.75%, 2, 1, 20, 4233.38, 80785473, 1088, 2, 0
21311, 272, 67, 1494, 0, 0, 34.75%, 2, 1, 20, 608.96, 80803690, 1088, 2, 0
21316, 272, 1171, 1494, 0, 0, 34.75%, 2, 1, 20, 4704.71, 80823005, 1088, 2, 0
21321, 272, 844, 1494, 0, 0, 34.75%, 2, 1, 20, 4725.43, 80840864, 1088, 2, 0
21326, 272, 899, 1494, 0, 0, 34.75%, 2, 1, 20, 1094.84, 80859523, 1088, 2, 0
21331, 272, 552, 1495, 1, 0, 34.75%, 2, 1, 20, 4648.57, 80881432, 1088, 2, 0
21336, 272, 832, 1495, 1, 0, 34.75%, 2, 1, 20, 4527.10, 80901506, 1088, 2, 0
21341, 272, 832, 1495, 0, 0, 34.75%, 2, 1, 20, 1807.16, 80913583, 1088, 2, 0
21347, 272, 237, 1495, 0, 0, 34.75%, 2, 1, 20, 3367.67, 80932127, 1088, 2, 0
21352, 272, 729, 1495, 0, 0, 34.75%, 2, 1, 20, 3735.00, 80950881, 1088, 2, 0
21357, 273, 426, 1495, 0, 0, 34.75%, 2, 1, 20, 1910.26, 80971733, 1088, 2, 0
21362, 273, 213, 1495, 0, 0, 34.75%, 2, 1, 20, 4931.97, 80992821, 1088, 2, 0
21367, 273, 664, 1495, 0, 0, 34.75%, 2, 1, 20, 4613.52, 81012158, 1088, 2, 0
21372, 273, 78, 1495, 0, 0, 34.75%, 2, 1, 20, 4451.74, 81032205, 1088, 2, 0
21378, 273, 876, 1495, 0, 0, 34.75%, 2, 1, 20, 3975.16, 81051437, 1088, 2, 0
21383, 273, 594, 1495, 0, 0, 34.75%, 2, 1, 20, 4212.68, 81072118, 1088, 2, 0
21388, 273, 868, 1495, 0, 0, 34.75%, 2, 1, 20, 5065.42, 81091888, 1088, 2, 0
21393, 273, 844, 1495, 0, 0, 34.75%, 2, 1, 20, 4609.82, 81112988, 1088, 2, 0
21398, 273, 101, 1495, 0, 0, 34.75%, 2, 1, 20, 4927.35, 81133785, 1088, 2, 0
21404, 273, 832, 1495, 0, 0, 34.75%, 2, 1, 20, 4516.79, 81153537, 1088, 2, 0
21409, 273, 414, 1495, 0, 0, 34.75%, 2, 1, 20, 4888.46, 81173808, 1088, 2, 0
21414, 273, 412, 1495, 0, 0, 34.75%, 2, 1, 20, 5189.67, 81194148, 1088, 2, 0
21419, 273, 761, 1495, 0, 0, 34.75%, 2, 1, 20, 324.11, 81212460, 1088, 2, 0
21424, 273, 511, 1495, 0, 0, 34.75%, 2, 1, 20, 4788.14, 81233711, 1088, 2, 0
21429, 273, 1152, 1495, 0, 0, 34.75%, 2, 1, 20, 2922.34, 81253483, 1088, 2, 0
21434, 273, 332, 1495, 0, 0, 34.75%, 2, 1, 20, 4788.18, 81273903, 1088, 2, 0
21439, 273, 109, 1495, 0, 0, 34.75%, 2, 1, 20, 4765.50, 81296356, 1088, 2, 0
21444, 274, 1462, 1495, 0, 0, 34.75%, 2, 1, 20, 4331.95, 81316587, 1088, 2, 0
21450, 274, 682, 1495, 0, 0, 34.75%, 2, 1, 20, 4563.84, 81336332, 1088, 2, 0
21455, 274, 268, 1495, 0, 0, 34.75%, 2, 1, 20, 4705.27, 81355616, 1088, 2, 0
21460, 274, 764, 1495, 0, 0, 34.75%, 2, 1, 20, 4099.03, 81376524, 1088, 2, 0
21465, 274, 1246, 1495, 0, 0, 34.75%, 2, 1, 20, 4176.78, 81396660, 1088, 2, 0
21470, 274, 315, 1495, 0, 0, 34.75%, 2, 1, 20, 4197.50, 81415866, 1088, 2, 0
21475, 274, 566, 1495, 0, 0, 34.75%, 2, 1, 20, 5453.57, 81437595, 1088, 2, 0
21481, 274, 685, 1495, 0, 0, 34.75%, 2, 1, 20, 2339.94, 81458155, 1088, 2, 0
21486, 274, 394, 1495, 0, 0, 34.75%, 2, 1, 20, 4967.82, 81479067, 1088, 2, 0
21491, 274, 63, 1495, 0, 0, 34.75%, 2, 1, 20, 409.21, 81497023, 1088, 2, 0
21496, 274, 502, 1495, 0, 0, 34.75%, 2, 1, 20, 4895.21, 81515723, 1088, 2, 0
21501, 274, 1401, 1495, 0, 0, 34.75%, 2, 1, 20, 4264.43, 81534472, 1088, 2, 0
21506, 274, 843, 1495, 0, 0, 34.75%, 2, 1, 20, 3988.73, 81552871, 1088, 2, 0
21511, 274, 954, 1495, 0, 0, 34.75%, 2, 1, 20, 2845.65, 81572308, 1088, 2, 0
21516, 274, 388, 1495, 0, 0, 34.75%, 2, 1, 20, 4030.89, 81589383, 1088, 2, 0
21521, 274, 899, 1495, 0, 0, 34.75%, 2, 1, 20, 3976.47, 81609437, 1088, 2, 0
21526, 275, 759, 1495, 0, 0, 34.75%, 2, 1, 20, 4734.84, 81628712, 1088, 2, 0
21531, 275, 512, 1495, 0, 0, 34.75%, 2, 1, 20, 5102.61, 81650688, 1088, 2, 0
21536, 275, 341, 1495, 0, 0, 34.75%, 2, 1, 20, 1986.73, 81671198, 1088, 2, 0
21541, 275, 413, 1495, 0, 0, 34.75%, 2, 1, 20, 4790.29, 81692255, 1088, 2, 0
21547, 275, 613, 1495, 0, 0, 34.75%, 2, 1, 20, 3504.84, 81710695, 1088, 2, 0
21552, 275, 408, 1495, 0, 0, 34.75%, 2, 1, 20, 3404.38, 81729713, 1088, 2, 0
21557, 275, 1296, 1495, 0, 0, 34.75%, 2, 1, 20, 3930.00, 81749991, 1088, 2, 0
21562, 275, 1462, 1495, 0, 0, 34.75%, 2, 1, 20, 4625.58, 81771501, 1088, 2, 0
21567, 275, 693, 1495, 0, 0, 34.75%, 2, 1, 20, 4395.96, 81791820, 1088, 2, 0
21572, 275, 840, 1495, 0, 0, 34.75%, 2, 1, 20, 5312.28, 81812630, 1088, 2, 0
21578, 275, 362, 1495, 0, 0, 34.75%, 2, 1, 20, 5167.50, 81832388, 1088, 2, 0
21583, 275, 643, 1495, 0, 0, 34.75%, 2, 1, 20, 5258.60, 81852777, 1088, 2, 0
21588, 275, 66, 1495, 0, 0, 34.75%, 2, 1, 20, 4818.56, 81874612, 1088, 2, 0
21593, 275, 1462, 1495, 0, 0, 34.75%, 2, 1, 20, 5071.22, 81895566, 1088, 2, 0
21598, 275, 748, 1495, 0, 0, 34.75%, 2, 1, 20, 3235.55, 81914921, 1088, 2, 0
