# relative_time, cycles_done, cur_item, corpus_count, pending_total, pending_favs, map_size, saved_crashes, saved_hangs, max_depth, execs_per_sec, total_execs, edges_found, total_crashes, servers_count
61, 0, 8, 216, 212, 108, 3.41%, 0, 0, 2, 698.79, 46834, 2234, 0, 0
66, 0, 8, 232, 228, 108, 3.41%, 0, 0, 2, 515.64, 49126, 2234, 0, 0
72, 0, 34, 249, 236, 105, 3.42%, 0, 0, 2, 698.51, 53549, 2244, 0, 0
77, 0, 74, 255, 221, 84, 3.43%, 0, 0, 3, 804.16, 57749, 2247, 0, 0
82, 0, 74, 256, 222, 84, 3.43%, 0, 0, 3, 831.46, 62028, 2248, 0, 0
87, 0, 74, 256, 222, 84, 3.43%, 0, 0, 3, 819.92, 66333, 2248, 0, 0
92, 0, 75, 276, 241, 87, 3.53%, 0, 0, 3, 794.61, 70237, 2313, 0, 0
97, 0, 75, 281, 246, 87, 3.53%, 0, 0, 3, 828.82, 74572, 2315, 0, 0
102, 0, 75, 283, 248, 87, 3.53%, 0, 0, 3, 840.78, 78906, 2315, 0, 0
108, 0, 81, 283, 244, 90, 3.53%, 0, 0, 3, 849.00, 83235, 2315, 0, 0
113, 0, 87, 295, 252, 86, 3.62%, 0, 0, 3, 820.85, 87396, 2373, 0, 0
118, 0, 87, 297, 254, 86, 3.62%, 0, 0, 3, 856.90, 91890, 2373, 0, 0
123, 0, 87, 297, 254, 86, 3.62%, 0, 0, 3, 862.48, 96378, 2373, 0, 0
128, 0, 98, 298, 244, 77, 3.62%, 0, 0, 3, 861.75, 100805, 2373, 0, 0
133, 0, 106, 312, 252, 71, 3.62%, 0, 0, 3, 478.36, 103349, 2374, 0, 0
138, 0, 106, 319, 259, 71, 3.64%, 0, 0, 3, 725.93, 107351, 2385, 0, 0
143, 0, 106, 321, 261, 71, 3.65%, 0, 0, 3, 802.52, 111506, 2393, 0, 0
149, 0, 106, 324, 264, 71, 3.66%, 0, 0, 3, 815.96, 115748, 2398, 0, 0
154, 0, 106, 325, 265, 71, 3.67%, 0, 0, 3, 751.66, 119643, 2403, 0, 0
159, 0, 106, 327, 267, 71, 3.68%, 0, 0, 3, 804.91, 123753, 2415, 0, 0
164, 0, 106, 329, 269, 71, 3.70%, 0, 0, 3, 820.18, 128023, 2425, 0, 0
169, 0, 106, 331, 271, 71, 3.71%, 0, 0, 3, 819.86, 132117, 2433, 0, 0
174, 0, 106, 332, 272, 71, 3.71%, 0, 0, 3, 754.10, 136003, 2433, 0, 0
179, 0, 106, 332, 272, 71, 3.71%, 0, 0, 3, 794.67, 140023, 2433, 0, 0
184, 0, 106, 332, 272, 71, 3.71%, 0, 0, 3, 814.63, 144172, 2433, 0, 0
189, 0, 106, 333, 273, 71, 3.71%, 0, 0, 3, 810.22, 148243, 2433, 0, 0
194, 0, 106, 334, 274, 71, 3.72%, 0, 0, 3, 775.94, 152247, 2437, 0, 0
199, 0, 114, 336, 270, 75, 3.73%, 0, 0, 3, 801.47, 156307, 2445, 0, 0
204, 0, 119, 342, 274, 73, 3.73%, 0, 0, 3, 840.36, 160653, 2445, 0, 0
210, 0, 126, 346, 274, 69, 3.73%, 0, 0, 3, 797.90, 164644, 2445, 0, 0
215, 0, 131, 347, 273, 68, 3.74%, 0, 0, 3, 792.34, 168832, 2448, 0, 0
220, 0, 171, 353, 262, 52, 3.75%, 0, 0, 3, 753.63, 172333, 2456, 0, 0
225, 0, 235, 384, 278, 38, 3.77%, 0, 0, 3, 116.04, 175897, 2470, 0, 0
230, 0, 254, 388, 275, 35, 3.78%, 0, 0, 3, 642.01, 179194, 2475, 0, 0
235, 0, 380, 393, 248, 6, 3.78%, 0, 0, 4, 778.35, 183374, 2476, 0, 0
240, 1, 57, 396, 235, 0, 3.78%, 0, 0, 4, 770.66, 187224, 2478, 0, 0
245, 1, 120, 397, 234, 0, 3.78%, 0, 0, 4, 841.72, 191551, 2478, 0, 0
250, 1, 134, 407, 243, 0, 3.79%, 0, 0, 4, 737.10, 195320, 2484, 0, 0
255, 1, 134, 409, 245, 0, 3.79%, 0, 0, 4, 703.91, 198875, 2485, 0, 0
261, 1, 134, 412, 248, 0, 3.79%, 0, 0, 4, 677.07, 202254, 2485, 0, 0
266, 1, 395, 416, 250, 3, 3.79%, 0, 0, 5, 716.75, 205967, 2485, 0, 0
271, 1, 401, 430, 263, 3, 3.79%, 0, 0, 5, 752.45, 209865, 2486, 0, 0
276, 1, 401, 433, 266, 3, 3.79%, 0, 0, 5, 756.79, 213711, 2486, 0, 0
281, 1, 401, 433, 266, 3, 3.79%, 0, 0, 5, 726.97, 217289, 2486, 0, 0
287, 1, 408, 439, 271, 3, 3.79%, 0, 0, 5, 748.97, 221725, 2486, 0, 0
292, 1, 431, 448, 278, 2, 3.79%, 0, 0, 5, 712.23, 225356, 2486, 0, 0
297, 1, 431, 452, 282, 2, 3.79%, 0, 0, 5, 722.41, 228758, 2486, 0, 0
302, 1, 431, 453, 283, 2, 3.79%, 0, 0, 5, 731.94, 232265, 2486, 0, 0
308, 1, 434, 453, 282, 2, 3.79%, 0, 0, 5, 599.55, 236233, 2486, 0, 0
314, 1, 443, 457, 285, 1, 3.79%, 0, 0, 6, 723.33, 240811, 2486, 0, 0
319, 1, 448, 464, 289, 0, 3.79%, 0, 0, 6, 706.61, 244352, 2486, 0, 0
324, 1, 448, 464, 289, 0, 3.79%, 0, 0, 6, 725.67, 247992, 2486, 0, 0
329, 1, 448, 464, 289, 0, 3.79%, 0, 0, 6, 86.15, 251296, 2486, 0, 0
334, 1, 448, 466, 291, 0, 3.79%, 0, 0, 6, 749.12, 254794, 2486, 0, 0
339, 1, 454, 468, 292, 1, 3.79%, 0, 0, 6, 730.86, 258241, 2486, 0, 0
344, 1, 454, 471, 295, 1, 3.79%, 0, 0, 6, 686.30, 261649, 2486, 0, 0
350, 1, 454, 473, 297, 1, 3.79%, 0, 0, 6, 678.96, 265011, 2486, 0, 0
355, 1, 454, 474, 298, 1, 3.79%, 0, 0, 6, 722.92, 268420, 2486, 0, 0
360, 1, 472, 478, 300, 0, 3.79%, 0, 0, 7, 705.55, 271899, 2486, 0, 0
365, 1, 472, 481, 303, 0, 3.79%, 0, 0, 7, 587.08, 274536, 2486, 0, 0
370, 1, 472, 483, 305, 0, 3.79%, 0, 0, 7, 553.45, 277191, 2486, 0, 0
375, 1, 472, 483, 305, 0, 3.79%, 0, 0, 7, 559.36, 280051, 2486, 0, 0
381, 1, 474, 484, 304, 0, 3.79%, 0, 0, 7, 575.31, 283674, 2486, 0, 0
386, 1, 479, 488, 306, 0, 3.79%, 0, 0, 8, 532.99, 286323, 2486, 0, 0
391, 2, 50, 490, 298, 0, 3.79%, 0, 0, 8, 711.16, 289895, 2486, 0, 0
397, 2, 110, 490, 294, 0, 3.79%, 0, 0, 8, 799.32, 293994, 2486, 0, 0
403, 2, 153, 490, 288, 0, 3.79%, 0, 0, 8, 766.88, 298564, 2486, 0, 0
408, 2, 490, 497, 287, 1, 3.80%, 0, 0, 8, 809.90, 302426, 2491, 0, 0
413, 3, 81, 497, 279, 0, 3.80%, 0, 0, 8, 799.57, 306214, 2491, 0, 0
418, 4, 49, 498, 277, 0, 3.81%, 0, 0, 8, 809.56, 310360, 2499, 0, 0
423, 4, 110, 498, 275, 0, 3.81%, 0, 0, 8, 825.70, 314504, 2499, 0, 0
428, 4, 136, 502, 278, 0, 3.81%, 0, 0, 8, 825.22, 318067, 2499, 0, 0
433, 4, 190, 503, 272, 0, 3.81%, 0, 0, 8, 821.11, 321692, 2499, 0, 0
439, 5, 55, 504, 264, 0, 3.82%, 0, 0, 8, 837.69, 325384, 2502, 0, 0
444, 5, 123, 505, 262, 0, 3.82%, 0, 0, 8, 828.17, 329402, 2502, 0, 0
449, 5, 392, 510, 264, 1, 3.82%, 0, 0, 8, 892.11, 333050, 2502, 0, 0
454, 6, 25, 511, 260, 0, 3.82%, 0, 0, 8, 766.06, 336921, 2504, 0, 0
459, 6, 99, 512, 258, 0, 3.82%, 0, 0, 8, 706.16, 340972, 2504, 0, 0
464, 7, 34, 515, 251, 0, 3.83%, 0, 0, 8, 790.51, 344623, 2512, 0, 0
469, 7, 103, 515, 250, 0, 3.83%, 0, 0, 8, 836.43, 348781, 2512, 0, 0
474, 7, 144, 515, 248, 0, 3.83%, 0, 0, 8, 736.75, 352346, 2512, 0, 0
479, 7, 463, 523, 252, 1, 3.83%, 0, 0, 8, 648.99, 355809, 2512, 0, 0
484, 7, 463, 528, 257, 1, 3.83%, 0, 0, 8, 693.32, 359012, 2512, 0, 0
490, 7, 463, 529, 258, 1, 3.83%, 0, 0, 8, 656.34, 362048, 2512, 0, 0
495, 7, 463, 529, 258, 1, 3.83%, 0, 0, 8, 597.27, 365015, 2512, 0, 0
500, 7, 515, 530, 258, 1, 3.83%, 0, 0, 8, 612.67, 368609, 2512, 0, 0
505, 7, 524, 534, 261, 0, 3.83%, 0, 0, 8, 578.52, 371641, 2512, 0, 0
511, 7, 524, 536, 263, 0, 3.83%, 0, 0, 8, 601.56, 374650, 2512, 0, 0
516, 7, 524, 536, 263, 0, 3.83%, 0, 0, 8, 592.21, 377499, 2512, 0, 0
521, 7, 524, 536, 263, 0, 3.83%, 0, 0, 8, 359.62, 380368, 2512, 0, 0
526, 7, 529, 537, 263, 0, 3.83%, 0, 0, 8, 497.80, 383049, 2512, 0, 0
531, 7, 529, 540, 266, 0, 3.83%, 0, 0, 8, 442.75, 385060, 2512, 0, 0
536, 7, 529, 540, 266, 0, 3.83%, 0, 0, 8, 422.89, 387157, 2512, 0, 0
541, 7, 529, 541, 267, 0, 3.83%, 0, 0, 8, 263.44, 389257, 2512, 0, 0
546, 7, 529, 543, 269, 0, 3.83%, 0, 0, 8, 432.35, 391275, 2512, 0, 0
551, 7, 531, 544, 269, 0, 3.83%, 0, 0, 8, 471.33, 393686, 2512, 0, 0
556, 7, 533, 546, 270, 0, 3.83%, 0, 0, 9, 580.00, 396461, 2512, 0, 0
561, 7, 533, 548, 272, 0, 3.83%, 0, 0, 9, 526.66, 399059, 2512, 0, 0
567, 7, 535, 549, 272, 0, 3.83%, 0, 0, 9, 564.58, 401798, 2512, 0, 0
572, 7, 535, 551, 274, 0, 3.83%, 0, 0, 9, 537.32, 404362, 2512, 0, 0
577, 7, 535, 552, 275, 0, 3.83%, 0, 0, 9, 538.38, 406860, 2512, 0, 0
582, 7, 535, 552, 275, 0, 3.83%, 0, 0, 9, 461.68, 409302, 2512, 0, 0
587, 7, 541, 553, 275, 0, 3.83%, 0, 0, 9, 634.27, 411662, 2512, 0, 0
592, 7, 541, 555, 277, 0, 3.83%, 0, 0, 9, 573.86, 414412, 2512, 0, 0
597, 7, 541, 557, 279, 0, 3.83%, 0, 0, 9, 545.82, 417116, 2512, 0, 0
603, 7, 542, 557, 278, 0, 3.83%, 0, 0, 9, 565.60, 419792, 2512, 0, 0
608, 7, 544, 558, 278, 0, 3.83%, 0, 0, 10, 520.37, 422346, 2512, 0, 0
613, 7, 550, 558, 276, 0, 3.83%, 0, 0, 10, 586.64, 425216, 2512, 0, 0
618, 7, 553, 559, 276, 0, 3.83%, 0, 0, 10, 598.63, 428019, 2512, 0, 0
623, 7, 554, 698, 414, 0, 4.12%, 0, 0, 10, 642.62, 430738, 2701, 0, 0
628, 7, 574, 777, 489, 57, 4.21%, 0, 0, 10, 534.05, 434150, 2759, 0, 0
633, 7, 602, 777, 483, 51, 4.21%, 0, 0, 10, 821.93, 437865, 2759, 0, 0
638, 7, 618, 778, 475, 43, 4.21%, 0, 0, 10, 852.15, 441878, 2761, 0, 0
643, 7, 634, 779, 469, 36, 4.21%, 0, 0, 10, 525.87, 445385, 2761, 0, 0
648, 7, 643, 779, 461, 28, 4.21%, 0, 0, 10, 837.50, 449049, 2761, 0, 0
653, 7, 693, 779, 453, 20, 4.21%, 0, 0, 10, 740.95, 452696, 2761, 0, 0
659, 7, 721, 779, 444, 12, 4.21%, 0, 0, 10, 593.60, 456706, 2761, 0, 0
664, 7, 726, 783, 446, 10, 4.21%, 0, 0, 10, 759.82, 460101, 2761, 0, 0
669, 7, 726, 786, 449, 10, 4.21%, 0, 0, 10, 723.52, 463406, 2761, 0, 0
674, 7, 726, 789, 452, 10, 4.23%, 0, 0, 10, 75.86, 466744, 2775, 0, 0
679, 7, 744, 790, 451, 9, 4.23%, 0, 0, 10, 698.98, 470255, 2775, 0, 0
684, 7, 754, 795, 452, 6, 4.23%, 0, 0, 10, 691.02, 473857, 2775, 0, 0
689, 7, 754, 798, 455, 6, 4.23%, 0, 0, 10, 700.30, 476960, 2775, 0, 0
695, 7, 754, 798, 455, 6, 4.23%, 0, 0, 10, 641.54, 480123, 2775, 0, 0
700, 7, 754, 800, 457, 6, 4.23%, 0, 0, 10, 727.57, 483527, 2775, 0, 0
705, 7, 775, 800, 455, 5, 4.23%, 0, 0, 10, 574.60, 487141, 2775, 0, 0
710, 7, 786, 809, 461, 2, 4.24%, 0, 0, 10, 740.00, 490681, 2780, 0, 0
715, 7, 786, 812, 464, 2, 4.24%, 0, 0, 10, 710.92, 494053, 2780, 0, 0
720, 7, 786, 813, 465, 2, 4.24%, 0, 0, 10, 714.21, 497560, 2780, 0, 0
726, 7, 801, 816, 466, 6, 4.25%, 0, 0, 10, 645.77, 501374, 2786, 0, 0
731, 7, 804, 818, 466, 5, 4.25%, 0, 0, 10, 678.47, 504649, 2786, 0, 0
736, 7, 814, 820, 464, 2, 4.25%, 0, 0, 10, 593.12, 507931, 2786, 0, 0
741, 7, 814, 821, 465, 2, 4.25%, 0, 0, 10, 710.59, 511286, 2786, 0, 0
746, 7, 814, 821, 465, 2, 4.25%, 0, 0, 10, 402.87, 514758, 2786, 0, 0
751, 7, 814, 823, 467, 2, 4.25%, 0, 0, 10, 806.74, 518226, 2786, 0, 0
757, 7, 814, 823, 467, 2, 4.25%, 0, 0, 10, 820.00, 521770, 2786, 0, 0
762, 7, 814, 823, 467, 2, 4.25%, 0, 0, 10, 757.46, 525482, 2786, 0, 0
767, 7, 814, 824, 468, 2, 4.25%, 0, 0, 10, 696.62, 528766, 2786, 0, 0
772, 7, 814, 824, 468, 2, 4.25%, 0, 0, 10, 839.88, 532089, 2786, 0, 0
777, 7, 814, 825, 469, 2, 4.25%, 0, 0, 10, 803.89, 535600, 2786, 0, 0
782, 7, 814, 825, 469, 2, 4.25%, 0, 0, 10, 607.41, 539184, 2786, 0, 0
787, 7, 814, 825, 469, 2, 4.25%, 0, 0, 10, 725.00, 542636, 2786, 0, 0
792, 7, 814, 825, 469, 2, 4.25%, 0, 0, 10, 669.26, 546245, 2786, 0, 0
798, 7, 819, 825, 467, 0, 4.25%, 0, 0, 10, 760.09, 550008, 2786, 0, 0
803, 7, 822, 829, 470, 0, 4.25%, 0, 0, 10, 656.48, 553456, 2786, 0, 0
808, 7, 822, 830, 471, 0, 4.25%, 0, 0, 10, 725.10, 557167, 2786, 0, 0
813, 7, 822, 830, 471, 0, 4.25%, 0, 0, 10, 687.73, 561019, 2786, 0, 0
818, 7, 826, 832, 472, 0, 4.25%, 0, 0, 10, 723.30, 564411, 2786, 0, 0
823, 7, 826, 835, 475, 0, 4.25%, 0, 0, 10, 720.04, 568016, 2786, 0, 0
829, 7, 826, 835, 475, 0, 4.25%, 0, 0, 10, 754.18, 571029, 2786, 0, 0
834, 7, 830, 837, 476, 0, 4.25%, 0, 0, 10, 731.20, 574130, 2786, 0, 0
839, 7, 836, 839, 477, 0, 4.25%, 0, 0, 10, 720.36, 577809, 2786, 0, 0
844, 7, 836, 843, 481, 0, 4.25%, 0, 0, 10, 644.80, 580561, 2786, 0, 0
849, 7, 836, 845, 483, 0, 4.25%, 0, 0, 10, 639.89, 583348, 2786, 0, 0
854, 7, 842, 848, 485, 0, 4.25%, 0, 0, 10, 584.57, 585942, 2786, 0, 0
859, 7, 842, 854, 491, 0, 4.25%, 0, 0, 10, 593.78, 588393, 2786, 0, 0
864, 7, 842, 861, 498, 0, 4.25%, 0, 0, 10, 635.16, 591073, 2786, 0, 0
869, 7, 842, 863, 500, 0, 4.25%, 0, 0, 10, 568.22, 593825, 2786, 0, 0
875, 7, 842, 864, 501, 0, 4.25%, 0, 0, 10, 534.11, 596685, 2786, 0, 0
880, 7, 843, 867, 503, 0, 4.25%, 0, 0, 10, 118.64, 597838, 2786, 0, 0
885, 7, 855, 870, 505, 0, 4.25%, 0, 0, 11, 435.00, 599593, 2786, 0, 0
890, 7, 855, 870, 505, 0, 4.25%, 0, 0, 11, 410.74, 601580, 2786, 0, 0
895, 7, 855, 870, 505, 0, 4.25%, 0, 0, 11, 430.55, 603508, 2786, 0, 0
901, 8, 19, 870, 503, 0, 4.25%, 0, 0, 11, 475.00, 606088, 2786, 0, 0
906, 8, 102, 870, 501, 0, 4.25%, 0, 0, 11, 147.21, 609882, 2786, 0, 0
911, 8, 169, 870, 497, 0, 4.25%, 0, 0, 11, 806.96, 613803, 2786, 0, 0
916, 8, 271, 870, 480, 0, 4.25%, 0, 0, 11, 867.56, 617359, 2786, 0, 0
921, 9, 46, 872, 476, 0, 4.25%, 0, 0, 11, 870.75, 620933, 2787, 0, 0
927, 9, 136, 872, 476, 0, 4.25%, 0, 0, 11, 807.75, 625747, 2787, 0, 0
933, 9, 263, 873, 472, 0, 4.25%, 0, 0, 11, 849.35, 629368, 2787, 0, 0
938, 9, 348, 873, 457, 0, 4.25%, 0, 0, 11, 842.02, 632934, 2787, 0, 0
943, 9, 430, 874, 443, 0, 4.25%, 0, 0, 11, 792.16, 636576, 2787, 0, 0
948, 9, 490, 874, 438, 0, 4.25%, 0, 0, 11, 609.73, 639391, 2787, 0, 0
954, 9, 514, 874, 434, 0, 4.25%, 0, 0, 11, 137.25, 643061, 2787, 0, 0
959, 9, 525, 874, 430, 0, 4.25%, 0, 0, 11, 663.30, 646224, 2787, 0, 0
964, 9, 531, 874, 428, 0, 4.25%, 0, 0, 11, 626.24, 649167, 2787, 0, 0
969, 9, 539, 875, 428, 0, 4.25%, 0, 0, 11, 237.62, 651034, 2787, 0, 0
974, 9, 563, 875, 425, 0, 4.25%, 0, 0, 11, 800.65, 653224, 2787, 0, 0
979, 9, 595, 875, 421, 0, 4.25%, 0, 0, 11, 721.69, 656936, 2787, 0, 0
984, 9, 619, 875, 418, 0, 4.25%, 0, 0, 11, 816.33, 660576, 2787, 0, 0
990, 9, 640, 875, 415, 0, 4.25%, 0, 0, 11, 830.85, 664218, 2787, 0, 0
995, 9, 669, 875, 410, 0, 4.25%, 0, 0, 11, 855.00, 667866, 2787, 0, 0
1001, 9, 701, 877, 408, 1, 4.25%, 0, 0, 11, 725.69, 672138, 2787, 0, 0
1006, 10, 68, 877, 406, 0, 4.25%, 0, 0, 11, 772.82, 675870, 2787, 0, 0
1011, 10, 170, 877, 404, 0, 4.25%, 0, 0, 11, 690.01, 679884, 2787, 0, 0
1016, 10, 278, 877, 387, 0, 4.25%, 0, 0, 11, 758.68, 683452, 2787, 0, 0
1021, 10, 359, 877, 382, 0, 4.25%, 0, 0, 11, 714.89, 686889, 2787, 0, 0
1026, 10, 437, 877, 365, 0, 4.25%, 0, 0, 11, 732.64, 690533, 2787, 0, 0
1031, 10, 468, 877, 358, 0, 4.25%, 0, 0, 11, 642.21, 693899, 2787, 0, 0
1037, 10, 492, 877, 351, 0, 4.25%, 0, 0, 11, 405.98, 696480, 2787, 0, 0
1042, 10, 506, 877, 347, 0, 4.25%, 0, 0, 11, 648.16, 700187, 2787, 0, 0
1047, 10, 551, 877, 343, 0, 4.25%, 0, 0, 11, 540.95, 703120, 2787, 0, 0
1052, 10, 553, 877, 341, 0, 4.25%, 0, 0, 11, 409.77, 705194, 2787, 0, 0
1057, 10, 579, 877, 337, 0, 4.25%, 0, 0, 11, 687.85, 708833, 2787, 0, 0
1062, 10, 594, 877, 334, 0, 4.25%, 0, 0, 11, 672.47, 712055, 2787, 0, 0
1067, 10, 626, 877, 331, 0, 4.25%, 0, 0, 11, 793.06, 715791, 2787, 0, 0
1072, 10, 645, 877, 330, 0, 4.25%, 0, 0, 11, 765.00, 719094, 2787, 0, 0
1078, 10, 690, 877, 324, 0, 4.25%, 0, 0, 11, 603.96, 722373, 2787, 0, 0
1083, 11, 50, 878, 322, 0, 4.26%, 0, 0, 11, 751.46, 725988, 2789, 0, 0
1088, 11, 129, 878, 322, 0, 4.26%, 0, 0, 11, 871.54, 729761, 2789, 0, 0
1093, 11, 253, 878, 320, 0, 4.26%, 0, 0, 11, 131.71, 733346, 2789, 0, 0
1098, 11, 415, 878, 308, 0, 4.26%, 0, 0, 11, 748.42, 737136, 2789, 0, 0
1103, 11, 459, 878, 301, 0, 4.26%, 0, 0, 11, 703.28, 739999, 2789, 0, 0
1108, 11, 488, 878, 298, 0, 4.26%, 0, 0, 11, 243.37, 742058, 2789, 0, 0
1113, 11, 528, 878, 294, 0, 4.26%, 0, 0, 11, 570.11, 745339, 2789, 0, 0
1119, 11, 573, 878, 289, 0, 4.26%, 0, 0, 11, 813.27, 749004, 2789, 0, 0
1124, 11, 604, 878, 283, 0, 4.26%, 0, 0, 11, 756.59, 752766, 2789, 0, 0
1129, 11, 632, 878, 281, 0, 4.26%, 0, 0, 11, 107.28, 756479, 2789, 0, 0
1134, 11, 666, 878, 278, 0, 4.26%, 0, 0, 11, 816.09, 760451, 2789, 0, 0
1139, 11, 670, 879, 277, 0, 4.26%, 0, 0, 11, 502.33, 763040, 2789, 0, 0
1144, 11, 696, 880, 272, 0, 4.26%, 0, 0, 11, 834.74, 766407, 2789, 0, 0
1149, 11, 726, 881, 269, 0, 4.26%, 0, 0, 11, 768.15, 769931, 2789, 0, 0
1154, 11, 727, 886, 274, 0, 4.26%, 0, 0, 11, 772.80, 773757, 2789, 0, 0
1159, 11, 727, 888, 276, 0, 4.26%, 0, 0, 11, 727.23, 777339, 2789, 0, 0
1165, 11, 846, 889, 276, 1, 4.26%, 0, 0, 11, 709.74, 780689, 2789, 0, 0
1170, 11, 863, 892, 278, 1, 4.26%, 0, 0, 11, 644.99, 783735, 2789, 0, 0
1175, 11, 863, 893, 279, 1, 4.26%, 0, 0, 11, 506.69, 786703, 2789, 0, 0
1180, 11, 888, 897, 282, 1, 4.26%, 0, 0, 11, 605.32, 789832, 2789, 0, 0
1185, 11, 888, 898, 283, 1, 4.26%, 0, 0, 11, 635.33, 793168, 2789, 0, 0
1190, 11, 891, 898, 281, 0, 4.26%, 0, 0, 11, 638.15, 796510, 2789, 0, 0
1195, 11, 891, 900, 283, 0, 4.26%, 0, 0, 12, 577.23, 799454, 2789, 0, 0
1200, 11, 891, 900, 283, 0, 4.26%, 0, 0, 12, 688.66, 802387, 2789, 0, 0
1206, 11, 897, 901, 283, 0, 4.26%, 0, 0, 12, 397.53, 805521, 2789, 0, 0
1211, 11, 899, 901, 281, 0, 4.26%, 0, 0, 12, 488.59, 807959, 2789, 0, 0
1216, 11, 899, 902, 282, 0, 4.26%, 0, 0, 13, 516.27, 810606, 2789, 0, 0
1221, 12, 82, 902, 281, 0, 4.26%, 0, 0, 13, 743.64, 814030, 2789, 0, 0
1226, 12, 163, 903, 280, 0, 4.26%, 0, 0, 13, 820.31, 817715, 2789, 0, 0
1231, 12, 202, 1039, 416, 21, 4.33%, 0, 0, 13, 411.09, 820555, 2840, 0, 0
1236, 12, 945, 1040, 410, 16, 4.33%, 0, 0, 13, 715.49, 824168, 2840, 0, 0
1241, 12, 988, 1040, 403, 10, 4.33%, 0, 0, 13, 802.58, 827816, 2840, 0, 0
1246, 12, 1014, 1040, 398, 6, 4.33%, 0, 0, 13, 632.19, 831072, 2840, 0, 0
1252, 13, 54, 1040, 392, 0, 4.33%, 0, 0, 13, 453.03, 834679, 2840, 0, 0
1257, 13, 147, 1040, 392, 0, 4.33%, 0, 0, 13, 836.43, 838393, 2840, 0, 0
1262, 13, 298, 1041, 389, 0, 4.33%, 0, 0, 13, 748.56, 841971, 2840, 0, 0
1267, 13, 433, 1041, 381, 0, 4.33%, 0, 0, 13, 794.50, 845701, 2840, 0, 0
1272, 13, 499, 1041, 378, 0, 4.33%, 0, 0, 13, 437.30, 848986, 2840, 0, 0
1277, 13, 556, 1041, 377, 0, 4.33%, 0, 0, 13, 137.75, 851898, 2840, 0, 0
1282, 13, 612, 1041, 375, 0, 4.33%, 0, 0, 13, 552.64, 854982, 2840, 0, 0
1288, 13, 665, 1041, 371, 0, 4.33%, 0, 0, 13, 705.51, 858973, 2840, 0, 0
1293, 13, 704, 1041, 366, 0, 4.33%, 0, 0, 13, 786.84, 862685, 2840, 0, 0
1298, 13, 740, 1041, 362, 0, 4.33%, 0, 0, 13, 769.25, 866308, 2840, 0, 0
1303, 13, 780, 1041, 356, 0, 4.33%, 0, 0, 13, 700.63, 869787, 2840, 0, 0
1308, 13, 802, 1042, 353, 0, 4.33%, 0, 0, 13, 678.18, 873162, 2840, 0, 0
1313, 13, 829, 1042, 353, 0, 4.33%, 0, 0, 13, 744.40, 876628, 2840, 0, 0
1318, 13, 839, 1042, 351, 0, 4.33%, 0, 0, 13, 660.24, 879938, 2840, 0, 0
1324, 13, 841, 1042, 350, 0, 4.33%, 0, 0, 13, 536.66, 882488, 2840, 0, 0
1329, 13, 845, 1043, 350, 0, 4.33%, 0, 0, 13, 125.71, 883367, 2840, 0, 0
1334, 13, 845, 1043, 350, 0, 4.33%, 0, 0, 13, 148.11, 884159, 2840, 0, 0
1339, 13, 848, 1043, 349, 0, 4.33%, 0, 0, 13, 328.32, 886276, 2840, 0, 0
1344, 13, 852, 1043, 348, 0, 4.33%, 0, 0, 13, 71.69, 888003, 2840, 0, 0
1349, 13, 852, 1043, 348, 0, 4.33%, 0, 0, 13, 50.04, 888224, 2840, 0, 0
1354, 13, 853, 1044, 348, 0, 4.33%, 0, 0, 13, 268.73, 889627, 2840, 0, 0
1359, 13, 853, 1044, 348, 0, 4.33%, 0, 0, 13, 116.04, 890170, 2840, 0, 0
1365, 13, 853, 1044, 348, 0, 4.33%, 0, 0, 13, 124.78, 890728, 2840, 0, 0
1370, 13, 854, 1044, 347, 0, 4.33%, 0, 0, 13, 233.94, 892051, 2840, 0, 0
1375, 13, 854, 1045, 348, 0, 4.33%, 0, 0, 13, 542.94, 893628, 2840, 0, 0
1381, 13, 856, 1045, 347, 0, 4.33%, 0, 0, 13, 358.06, 895740, 2840, 0, 0
1386, 13, 856, 1045, 347, 0, 4.33%, 0, 0, 13, 238.27, 896937, 2840, 0, 0
1391, 13, 860, 1045, 346, 0, 4.33%, 0, 0, 13, 472.64, 898380, 2840, 0, 0
1397, 13, 861, 1045, 345, 0, 4.33%, 0, 0, 13, 42.88, 900111, 2840, 0, 0
1402, 13, 861, 1045, 345, 0, 4.33%, 0, 0, 13, 45.50, 901793, 2840, 0, 0
1407, 13, 862, 1048, 347, 0, 4.33%, 0, 0, 13, 45.85, 903325, 2840, 0, 0
1412, 13, 862, 1049, 348, 0, 4.33%, 0, 0, 13, 45.47, 904842, 2840, 0, 0
1417, 13, 862, 1050, 349, 0, 4.33%, 0, 0, 13, 400.82, 906418, 2840, 0, 0
1422, 13, 862, 1052, 351, 0, 4.33%, 0, 0, 13, 505.51, 907822, 2840, 0, 0
1429, 13, 864, 1052, 350, 0, 4.33%, 0, 0, 13, 506.41, 909533, 2840, 0, 0
1436, 13, 869, 1052, 349, 0, 4.33%, 0, 0, 13, 98.29, 910173, 2840, 0, 0
1441, 13, 870, 1052, 348, 0, 4.33%, 0, 0, 13, 62.10, 911504, 2840, 0, 0
1446, 13, 876, 1052, 346, 0, 4.33%, 0, 0, 13, 74.89, 913375, 2840, 0, 0
1451, 13, 886, 1053, 344, 0, 4.33%, 0, 0, 13, 61.40, 915031, 2840, 0, 0
1458, 13, 890, 1053, 342, 0, 4.33%, 0, 0, 13, 757.32, 916913, 2840, 0, 0
1463, 13, 890, 1053, 342, 0, 4.33%, 0, 0, 13, 33.76, 918137, 2840, 0, 0
1468, 13, 905, 1053, 340, 0, 4.33%, 0, 0, 13, 418.10, 919197, 2840, 0, 0
1474, 13, 913, 1053, 338, 0, 4.33%, 0, 0, 13, 321.09, 920503, 2840, 0, 0
1480, 13, 915, 1053, 336, 0, 4.33%, 0, 0, 13, 202.06, 920843, 2840, 0, 0
1485, 13, 928, 1053, 333, 0, 4.33%, 0, 0, 13, 824.41, 922019, 2840, 0, 0
1490, 13, 934, 1053, 331, 0, 4.33%, 0, 0, 13, 60.45, 923604, 2840, 0, 0
1495, 13, 943, 1053, 328, 0, 4.33%, 0, 0, 13, 53.29, 925510, 2840, 0, 0
1500, 13, 944, 1053, 327, 0, 4.33%, 0, 0, 13, 61.02, 927002, 2840, 0, 0
1505, 13, 950, 1053, 326, 0, 4.33%, 0, 0, 13, 59.26, 928865, 2840, 0, 0
1510, 13, 963, 1053, 323, 0, 4.33%, 0, 0, 13, 528.91, 930403, 2840, 0, 0
1515, 13, 967, 1053, 322, 0, 4.33%, 0, 0, 13, 46.49, 931220, 2840, 0, 0
1520, 13, 969, 1053, 321, 0, 4.33%, 0, 0, 13, 40.53, 932449, 2840, 0, 0
1525, 13, 979, 1053, 318, 0, 4.33%, 0, 0, 13, 64.01, 934416, 2840, 0, 0
1531, 13, 988, 1053, 314, 0, 4.33%, 0, 0, 13, 756.92, 936669, 2840, 0, 0
1536, 13, 992, 1055, 316, 0, 4.33%, 0, 0, 13, 695.28, 937671, 2840, 0, 0
1541, 13, 992, 1056, 317, 0, 4.33%, 0, 0, 13, 55.11, 938934, 2840, 0, 0
1546, 13, 1053, 1056, 317, 1, 4.33%, 0, 0, 13, 96.18, 941007, 2840, 0, 0
1551, 13, 1055, 1058, 318, 0, 4.33%, 0, 0, 13, 62.31, 942675, 2840, 0, 0
1556, 14, 51, 1058, 316, 0, 4.33%, 0, 0, 13, 630.58, 944633, 2840, 0, 0
1561, 14, 72, 1058, 316, 0, 4.33%, 0, 0, 13, 878.68, 945624, 2840, 0, 0
1566, 14, 109, 1058, 316, 0, 4.33%, 0, 0, 13, 68.98, 947565, 2840, 0, 0
1571, 14, 179, 1058, 315, 0, 4.33%, 0, 0, 13, 64.58, 949809, 2840, 0, 0
1576, 14, 240, 1058, 312, 0, 4.33%, 0, 0, 13, 64.66, 951924, 2840, 0, 0
1582, 14, 288, 1058, 307, 0, 4.33%, 0, 0, 13, 711.53, 953665, 2840, 0, 0
1587, 14, 334, 1058, 304, 0, 4.33%, 0, 0, 13, 850.75, 954578, 2840, 0, 0
1592, 14, 425, 1058, 299, 0, 4.33%, 0, 0, 13, 80.31, 956557, 2840, 0, 0
1597, 14, 469, 1058, 297, 0, 4.33%, 0, 0, 13, 67.71, 958636, 2840, 0, 0
1602, 14, 503, 1058, 295, 0, 4.33%, 0, 0, 13, 110.14, 960511, 2840, 0, 0
1607, 14, 538, 1058, 295, 0, 4.33%, 0, 0, 13, 783.71, 961860, 2840, 0, 0
1612, 14, 549, 1058, 294, 0, 4.33%, 0, 0, 13, 647.31, 962804, 2840, 0, 0
1617, 14, 576, 1058, 293, 0, 4.33%, 0, 0, 13, 68.51, 964126, 2840, 0, 0
1622, 14, 625, 1058, 292, 0, 4.33%, 0, 0, 13, 68.19, 966129, 2840, 0, 0
1627, 14, 666, 1058, 291, 0, 4.33%, 0, 0, 13, 68.52, 968177, 2840, 0, 0
1632, 14, 700, 1058, 288, 0, 4.33%, 0, 0, 13, 58.58, 970107, 2840, 0, 0
1639, 14, 718, 1058, 286, 0, 4.33%, 0, 0, 13, 738.61, 972020, 2840, 0, 0
1644, 14, 725, 1058, 284, 0, 4.33%, 0, 0, 13, 99.78, 974014, 2840, 0, 0
1649, 14, 750, 1058, 281, 0, 4.33%, 0, 0, 13, 594.67, 975708, 2840, 0, 0
1654, 14, 776, 1058, 279, 0, 4.33%, 0, 0, 13, 834.26, 977133, 2840, 0, 0
1659, 14, 790, 1058, 277, 0, 4.33%, 0, 0, 13, 78.64, 978423, 2840, 0, 0
1664, 14, 791, 1059, 278, 0, 4.33%, 0, 0, 13, 46.27, 979943, 2840, 0, 0
1670, 14, 804, 1059, 275, 0, 4.33%, 0, 0, 13, 62.98, 981769, 2840, 0, 0
1675, 14, 814, 1059, 273, 0, 4.33%, 0, 0, 13, 64.83, 983706, 2840, 0, 0
1680, 14, 815, 1059, 273, 0, 4.33%, 0, 0, 13, 645.12, 985603, 2840, 0, 0
1685, 14, 818, 1059, 272, 0, 4.33%, 0, 0, 13, 537.76, 987003, 2840, 0, 0
1690, 14, 831, 1059, 271, 0, 4.33%, 0, 0, 13, 556.24, 988253, 2840, 0, 0
1695, 14, 833, 1059, 270, 0, 4.33%, 0, 0, 13, 65.56, 989738, 2840, 0, 0
1700, 14, 850, 1059, 269, 0, 4.33%, 0, 0, 13, 49.31, 991376, 2840, 0, 0
1705, 14, 854, 1059, 268, 0, 4.33%, 0, 0, 13, 48.54, 992804, 2840, 0, 0
1710, 14, 868, 1059, 268, 0, 4.33%, 0, 0, 13, 33.49, 994172, 2840, 0, 0
1716, 14, 868, 1059, 268, 0, 4.33%, 0, 0, 13, 321.37, 995241, 2840, 0, 0
1721, 14, 870, 1059, 267, 0, 4.33%, 0, 0, 13, 365.49, 996348, 2840, 0, 0
1726, 14, 872, 1059, 267, 0, 4.33%, 0, 0, 13, 60.52, 997576, 2840, 0, 0
1731, 14, 883, 1059, 265, 0, 4.33%, 0, 0, 13, 60.36, 999762, 2840, 0, 0
1736, 14, 891, 1059, 263, 0, 4.33%, 0, 0, 13, 43.61, 1001578, 2840, 0, 0
1741, 14, 891, 1059, 263, 0, 4.33%, 0, 0, 13, 457.58, 1002666, 2840, 0, 0
1746, 14, 892, 1059, 263, 0, 4.33%, 0, 0, 13, 270.00, 1003432, 2840, 0, 0
1751, 14, 892, 1060, 264, 0, 4.33%, 0, 0, 13, 37.74, 1004706, 2840, 0, 0
1756, 14, 892, 1060, 264, 0, 4.33%, 0, 0, 13, 35.48, 1006061, 2840, 0, 0
1761, 14, 907, 1060, 263, 0, 4.33%, 0, 0, 13, 543.75, 1007485, 2840, 0, 0
1766, 14, 909, 1061, 264, 0, 4.33%, 0, 0, 13, 831.34, 1008691, 2840, 0, 0
1771, 14, 914, 1061, 263, 0, 4.33%, 0, 0, 13, 80.98, 1009209, 2840, 0, 0
1777, 14, 927, 1061, 259, 0, 4.33%, 0, 0, 13, 62.73, 1011024, 2840, 0, 0
1782, 14, 935, 1061, 257, 0, 4.33%, 0, 0, 13, 65.12, 1013034, 2840, 0, 0
1787, 14, 949, 1061, 254, 0, 4.33%, 0, 0, 13, 713.91, 1014804, 2840, 0, 0
1792, 14, 951, 1061, 254, 0, 4.33%, 0, 0, 13, 734.35, 1015853, 2840, 0, 0
1797, 14, 954, 1061, 254, 0, 4.33%, 0, 0, 13, 57.63, 1017483, 2840, 0, 0
1802, 14, 970, 1061, 252, 0, 4.33%, 0, 0, 13, 58.76, 1019275, 2840, 0, 0
1807, 14, 988, 1061, 250, 0, 4.33%, 0, 0, 13, 110.14, 1021246, 2840, 0, 0
1812, 14, 994, 1061, 249, 0, 4.33%, 0, 0, 13, 587.46, 1022212, 2840, 0, 0
1819, 14, 1007, 1061, 246, 0, 4.33%, 0, 0, 13, 524.18, 1024618, 2840, 0, 0
1824, 14, 1010, 1061, 244, 0, 4.33%, 0, 0, 13, 59.82, 1025614, 2840, 0, 0
1830, 14, 1014, 1062, 242, 0, 4.33%, 0, 0, 13, 67.52, 1027660, 2840, 0, 0
1835, 14, 1073, 1079, 256, 2, 4.36%, 0, 0, 13, 65.77, 1029540, 2857, 0, 0
1840, 15, 35, 1080, 255, 0, 4.36%, 0, 0, 13, 809.53, 1031663, 2857, 0, 0
1845, 15, 71, 1080, 255, 0, 4.36%, 0, 0, 13, 863.89, 1032848, 2857, 0, 0
1850, 15, 93, 1080, 255, 0, 4.36%, 0, 0, 13, 66.14, 1034060, 2857, 0, 0
1855, 15, 128, 1080, 255, 0, 4.36%, 0, 0, 13, 58.80, 1036006, 2857, 0, 0
1861, 15, 225, 1080, 254, 0, 4.36%, 0, 0, 13, 65.18, 1037878, 2857, 0, 0
1866, 15, 322, 1080, 251, 0, 4.36%, 0, 0, 13, 63.13, 1039923, 2857, 0, 0
1871, 15, 428, 1080, 249, 0, 4.36%, 0, 0, 13, 61.89, 1041824, 2857, 0, 0
1876, 15, 444, 1080, 247, 0, 4.36%, 0, 0, 13, 666.43, 1043217, 2857, 0, 0
1881, 15, 459, 1080, 245, 0, 4.36%, 0, 0, 13, 675.79, 1044248, 2857, 0, 0
1886, 15, 490, 1080, 244, 0, 4.36%, 0, 0, 13, 59.81, 1045309, 2857, 0, 0
1891, 15, 559, 1080, 243, 0, 4.36%, 0, 0, 13, 84.76, 1047068, 2857, 0, 0
1896, 15, 602, 1080, 242, 0, 4.36%, 0, 0, 13, 64.82, 1049113, 2857, 0, 0
1902, 15, 638, 1080, 241, 0, 4.36%, 0, 0, 13, 817.62, 1051088, 2857, 0, 0
1907, 15, 661, 1080, 241, 0, 4.36%, 0, 0, 13, 836.11, 1052412, 2857, 0, 0
1912, 15, 700, 1080, 240, 0, 4.36%, 0, 0, 13, 787.63, 1054013, 2857, 0, 0
1917, 15, 714, 1080, 238, 0, 4.36%, 0, 0, 13, 65.25, 1055357, 2857, 0, 0
1922, 15, 741, 1080, 236, 0, 4.36%, 0, 0, 13, 67.63, 1057180, 2857, 0, 0
1927, 15, 766, 1080, 233, 0, 4.36%, 0, 0, 13, 63.37, 1059205, 2857, 0, 0
1932, 15, 781, 1080, 230, 0, 4.36%, 0, 0, 13, 103.64, 1060924, 2857, 0, 0
1938, 15, 790, 1080, 227, 0, 4.36%, 0, 0, 13, 611.25, 1062826, 2857, 0, 0
1943, 15, 792, 1080, 227, 0, 4.36%, 0, 0, 13, 778.71, 1063463, 2857, 0, 0
1948, 15, 804, 1080, 224, 0, 4.36%, 0, 0, 13, 64.83, 1065180, 2857, 0, 0
1953, 15, 814, 1080, 222, 0, 4.36%, 0, 0, 13, 62.65, 1067295, 2857, 0, 0
1958, 15, 817, 1080, 222, 0, 4.36%, 0, 0, 13, 651.45, 1068886, 2857, 0, 0
1964, 15, 820, 1080, 221, 0, 4.36%, 0, 0, 13, 497.51, 1069745, 2857, 0, 0
1969, 15, 821, 1080, 220, 0, 4.36%, 0, 0, 13, 59.30, 1071709, 2857, 0, 0
1974, 15, 827, 1080, 219, 0, 4.36%, 0, 0, 13, 40.40, 1073247, 2857, 0, 0
1979, 15, 835, 1080, 218, 0, 4.36%, 0, 0, 13, 510.71, 1074702, 2857, 0, 0
1986, 15, 850, 1080, 217, 0, 4.36%, 0, 0, 13, 632.82, 1076694, 2857, 0, 0
1991, 15, 850, 1080, 217, 0, 4.36%, 0, 0, 13, 464.63, 1077504, 2857, 0, 0
1996, 15, 864, 1080, 217, 0, 4.36%, 0, 0, 13, 38.06, 1078547, 2857, 0, 0
2001, 15, 865, 1080, 217, 0, 4.36%, 0, 0, 13, 52.07, 1078889, 2857, 0, 0
2008, 15, 867, 1080, 216, 0, 4.36%, 0, 0, 13, 59.46, 1079294, 2857, 0, 0
2013, 15, 874, 1080, 215, 0, 4.36%, 0, 0, 13, 36.88, 1080756, 2857, 0, 0
2018, 15, 888, 1080, 214, 0, 4.36%, 0, 0, 13, 345.20, 1081603, 2857, 0, 0
2025, 15, 895, 1080, 213, 0, 4.36%, 0, 0, 13, 766.51, 1083556, 2857, 0, 0
2030, 15, 901, 1080, 212, 0, 4.36%, 0, 0, 13, 59.04, 1084349, 2857, 0, 0
2035, 15, 906, 1080, 210, 0, 4.36%, 0, 0, 13, 68.11, 1085978, 2857, 0, 0
2040, 15, 920, 1080, 208, 0, 4.36%, 0, 0, 13, 124.82, 1086953, 2857, 0, 0
2045, 15, 953, 1080, 207, 0, 4.36%, 0, 0, 13, 776.26, 1088922, 2857, 0, 0
2050, 15, 965, 1080, 204, 0, 4.36%, 0, 0, 13, 526.85, 1090177, 2857, 0, 0
2055, 15, 986, 1080, 202, 0, 4.36%, 0, 0, 13, 65.73, 1091173, 2857, 0, 0
2060, 15, 997, 1081, 200, 0, 4.36%, 0, 0, 13, 61.49, 1093177, 2857, 0, 0
2065, 15, 1014, 1081, 198, 0, 4.36%, 0, 0, 13, 68.29, 1095011, 2857, 0, 0
2070, 15, 1028, 1081, 196, 0, 4.36%, 0, 0, 13, 649.51, 1097070, 2857, 0, 0
2075, 15, 1039, 1081, 195, 0, 4.36%, 0, 0, 13, 576.85, 1098123, 2857, 0, 0
2080, 15, 1042, 1081, 195, 0, 4.36%, 0, 0, 13, 49.15, 1098491, 2857, 0, 0
2086, 15, 1042, 1081, 195, 0, 4.36%, 0, 0, 13, 66.30, 1098964, 2857, 0, 0
2091, 15, 1044, 1081, 194, 0, 4.36%, 0, 0, 13, 43.53, 1100018, 2857, 0, 0
2096, 15, 1054, 1082, 192, 0, 4.36%, 0, 0, 13, 52.57, 1101589, 2857, 0, 0
2101, 15, 1064, 1082, 190, 0, 4.36%, 0, 0, 13, 54.73, 1103275, 2857, 0, 0
2106, 15, 1069, 1083, 189, 0, 4.36%, 0, 0, 13, 691.00, 1104744, 2857, 0, 0
2111, 15, 1076, 1083, 188, 0, 4.36%, 0, 0, 13, 727.46, 1106178, 2857, 0, 0
2116, 16, 11, 1083, 185, 0, 4.36%, 0, 0, 13, 76.73, 1107394, 2857, 0, 0
2122, 16, 71, 1083, 185, 0, 4.36%, 0, 0, 13, 115.85, 1109455, 2857, 0, 0
2127, 16, 109, 1083, 185, 0, 4.36%, 0, 0, 13, 67.16, 1111484, 2857, 0, 0
2133, 16, 177, 1083, 185, 0, 4.36%, 0, 0, 13, 63.40, 1113296, 2857, 0, 0
2138, 16, 280, 1083, 183, 0, 4.36%, 0, 0, 13, 99.69, 1115273, 2857, 0, 0
2143, 16, 334, 1083, 179, 0, 4.36%, 0, 0, 13, 67.80, 1117274, 2857, 0, 0
2149, 16, 385, 1083, 179, 0, 4.36%, 0, 0, 13, 721.53, 1119140, 2857, 0, 0
2154, 16, 466, 1083, 178, 0, 4.36%, 0, 0, 13, 619.71, 1120620, 2857, 0, 0
2159, 16, 490, 1083, 177, 0, 4.36%, 0, 0, 13, 351.46, 1121401, 2857, 0, 0
2164, 16, 505, 1083, 176, 0, 4.36%, 0, 0, 13, 875.00, 1122719, 2857, 0, 0
2170, 16, 532, 1083, 175, 0, 4.36%, 0, 0, 13, 55.60, 1124474, 2857, 0, 0
2175, 16, 557, 1083, 174, 0, 4.36%, 0, 0, 13, 57.86, 1126402, 2857, 0, 0
2180, 16, 586, 1084, 174, 0, 4.36%, 0, 0, 13, 140.85, 1128353, 2857, 0, 0
2185, 16, 602, 1084, 172, 0, 4.36%, 0, 0, 13, 656.15, 1129516, 2857, 0, 0
2190, 16, 614, 1084, 171, 0, 4.36%, 0, 0, 13, 85.14, 1130850, 2857, 0, 0
2195, 16, 665, 1084, 169, 0, 4.36%, 0, 0, 13, 68.73, 1133095, 2857, 0, 0
2200, 16, 732, 1084, 167, 0, 4.36%, 0, 0, 13, 118.47, 1135272, 2857, 0, 0
2205, 16, 748, 1084, 164, 0, 4.36%, 0, 0, 13, 765.32, 1136543, 2857, 0, 0
2211, 16, 761, 1084, 162, 0, 4.36%, 0, 0, 13, 64.00, 1137733, 2857, 0, 0
2216, 16, 778, 1084, 158, 0, 4.36%, 0, 0, 13, 67.82, 1139834, 2857, 0, 0
2221, 16, 801, 1084, 154, 0, 4.36%, 0, 0, 13, 60.68, 1141793, 2857, 0, 0
2226, 16, 834, 1084, 154, 0, 4.36%, 0, 0, 13, 785.39, 1143572, 2857, 0, 0
2231, 16, 834, 1084, 154, 0, 4.36%, 0, 0, 13, 490.73, 1144406, 2857, 0, 0
2236, 16, 844, 1084, 153, 0, 4.36%, 0, 0, 13, 62.24, 1146066, 2857, 0, 0
2241, 16, 856, 1084, 152, 0, 4.36%, 0, 0, 13, 45.04, 1147828, 2857, 0, 0
2247, 16, 869, 1084, 152, 0, 4.36%, 0, 0, 13, 36.42, 1148881, 2857, 0, 0
2252, 16, 874, 1084, 152, 0, 4.36%, 0, 0, 13, 322.27, 1150215, 2857, 0, 0
2257, 16, 880, 1084, 152, 0, 4.36%, 0, 0, 13, 62.47, 1150881, 2857, 0, 0
2262, 16, 900, 1084, 152, 0, 4.36%, 0, 0, 13, 59.42, 1152883, 2857, 0, 0
2267, 16, 959, 1084, 150, 0, 4.36%, 0, 0, 13, 697.84, 1155290, 2857, 0, 0
2272, 16, 1001, 1084, 147, 0, 4.36%, 0, 0, 13, 561.42, 1157751, 2857, 0, 0
2277, 16, 1036, 1084, 142, 0, 4.36%, 0, 0, 13, 747.64, 1161382, 2857, 0, 0
2282, 16, 1051, 1085, 141, 0, 4.36%, 0, 0, 13, 536.62, 1164090, 2857, 0, 0
2287, 16, 1053, 1085, 139, 0, 4.36%, 0, 0, 13, 482.19, 1166362, 2857, 0, 0
2292, 16, 1073, 1085, 135, 0, 4.36%, 0, 0, 13, 589.72, 1169585, 2857, 0, 0
2297, 16, 1077, 1089, 139, 0, 4.36%, 0, 0, 13, 677.54, 1173179, 2857, 0, 0
2304, 16, 1085, 1089, 138, 0, 4.36%, 0, 0, 13, 758.28, 1178611, 2857, 0, 0
2310, 17, 97, 1089, 136, 0, 4.36%, 0, 0, 13, 793.49, 1182778, 2857, 0, 0
2315, 17, 254, 1089, 135, 0, 4.36%, 0, 0, 13, 754.39, 1186563, 2857, 0, 0
2321, 17, 433, 1089, 131, 0, 4.36%, 0, 0, 13, 711.40, 1190459, 2857, 0, 0
2326, 17, 536, 1089, 131, 0, 4.36%, 0, 0, 13, 607.21, 1193406, 2857, 0, 0
2331, 17, 547, 1089, 129, 0, 4.36%, 0, 0, 13, 521.40, 1195894, 2857, 0, 0
2336, 17, 587, 1089, 128, 0, 4.36%, 0, 0, 13, 599.28, 1198878, 2857, 0, 0
2341, 17, 635, 1089, 125, 0, 4.36%, 0, 0, 13, 723.66, 1202878, 2857, 0, 0
2346, 17, 742, 1089, 124, 0, 4.36%, 0, 0, 13, 684.99, 1206549, 2857, 0, 0
2353, 17, 810, 1089, 120, 0, 4.36%, 0, 0, 13, 671.82, 1211288, 2857, 0, 0
2358, 17, 826, 1089, 117, 0, 4.36%, 0, 0, 13, 718.24, 1214922, 2857, 0, 0
2363, 17, 840, 1089, 115, 0, 4.36%, 0, 0, 13, 658.31, 1218376, 2857, 0, 0
2368, 17, 851, 1089, 114, 0, 4.36%, 0, 0, 13, 500.45, 1220403, 2857, 0, 0
2373, 17, 857, 1089, 113, 0, 4.36%, 0, 0, 13, 567.45, 1223458, 2857, 0, 0
2379, 17, 899, 1089, 112, 0, 4.36%, 0, 0, 13, 598.08, 1226630, 2857, 0, 0
2384, 17, 955, 1090, 110, 0, 4.36%, 0, 0, 13, 695.44, 1230389, 2857, 0, 0
2390, 17, 1028, 1090, 106, 0, 4.36%, 0, 0, 13, 761.28, 1235057, 2857, 0, 0
2395, 17, 1047, 1090, 104, 0, 4.36%, 0, 0, 13, 555.26, 1237905, 2857, 0, 0
2400, 17, 1053, 1090, 102, 0, 4.36%, 0, 0, 13, 506.17, 1240274, 2857, 0, 0
2405, 17, 1074, 1091, 101, 0, 4.36%, 0, 0, 13, 632.27, 1243429, 2857, 0, 0
2410, 18, 51, 1091, 98, 0, 4.36%, 0, 0, 13, 706.77, 1246850, 2857, 0, 0
2415, 18, 147, 1091, 98, 0, 4.36%, 0, 0, 13, 783.00, 1250961, 2857, 0, 0
2420, 18, 385, 1092, 96, 0, 4.36%, 0, 0, 13, 761.04, 1254908, 2857, 0, 0
2425, 18, 510, 1092, 95, 0, 4.36%, 0, 0, 13, 695.09, 1258320, 2857, 0, 0
2431, 18, 530, 1092, 94, 0, 4.36%, 0, 0, 13, 667.78, 1261588, 2857, 0, 0
2436, 18, 795, 1113, 113, 4, 4.36%, 0, 0, 13, 679.82, 1264937, 2858, 0, 0
2441, 18, 1048, 1113, 113, 4, 4.36%, 0, 0, 13, 663.20, 1268123, 2858, 0, 0
2446, 18, 1106, 1113, 109, 0, 4.36%, 0, 0, 13, 730.28, 1271679, 2858, 0, 0
2451, 19, 94, 1113, 107, 0, 4.36%, 0, 0, 13, 759.92, 1275623, 2858, 0, 0
2456, 19, 185, 1113, 107, 0, 4.36%, 0, 0, 13, 764.62, 1279558, 2858, 0, 0
2461, 19, 432, 1113, 104, 0, 4.36%, 0, 0, 13, 749.32, 1283508, 2858, 0, 0
2466, 19, 546, 1113, 104, 0, 4.36%, 0, 0, 13, 633.81, 1286713, 2858, 0, 0
2471, 19, 551, 1113, 103, 0, 4.36%, 0, 0, 13, 437.20, 1288438, 2858, 0, 0
2477, 19, 640, 1113, 101, 0, 4.36%, 0, 0, 13, 710.43, 1292286, 2858, 0, 0
2482, 19, 739, 1113, 100, 0, 4.36%, 0, 0, 13, 742.56, 1296095, 2858, 0, 0
2487, 19, 847, 1113, 99, 0, 4.36%, 0, 0, 13, 732.87, 1299874, 2858, 0, 0
2492, 19, 853, 1113, 98, 0, 4.36%, 0, 0, 13, 90.35, 1301734, 2858, 0, 0
2497, 19, 912, 1113, 97, 0, 4.36%, 0, 0, 13, 722.17, 1303652, 2858, 0, 0
2502, 20, 92, 1114, 96, 0, 4.36%, 0, 0, 13, 785.82, 1307544, 2859, 0, 0
2507, 20, 259, 1114, 95, 0, 4.36%, 0, 0, 13, 789.50, 1311560, 2859, 0, 0
2512, 20, 502, 1114, 94, 0, 4.36%, 0, 0, 13, 760.77, 1315448, 2859, 0, 0
2517, 20, 554, 1114, 94, 0, 4.36%, 0, 0, 13, 640.12, 1318352, 2859, 0, 0
2522, 20, 620, 1114, 93, 0, 4.36%, 0, 0, 13, 666.60, 1321390, 2859, 0, 0
2528, 20, 764, 1114, 92, 0, 4.36%, 0, 0, 13, 769.09, 1325518, 2859, 0, 0
2533, 20, 837, 1114, 92, 0, 4.36%, 0, 0, 13, 734.21, 1329208, 2859, 0, 0
2538, 20, 849, 1114, 91, 0, 4.36%, 0, 0, 13, 646.37, 1332116, 2859, 0, 0
2543, 20, 933, 1114, 89, 0, 4.36%, 0, 0, 13, 526.93, 1334768, 2859, 0, 0
2548, 20, 999, 1115, 86, 0, 4.36%, 0, 0, 13, 698.38, 1338571, 2859, 0, 0
2553, 20, 1037, 1115, 83, 0, 4.36%, 0, 0, 13, 744.78, 1342316, 2859, 0, 0
2559, 20, 1046, 1115, 81, 0, 4.36%, 0, 0, 13, 387.74, 1344450, 2859, 0, 0
2565, 20, 1053, 1115, 80, 0, 4.36%, 0, 0, 13, 506.20, 1347211, 2859, 0, 0
2570, 20, 1084, 1116, 79, 0, 4.36%, 0, 0, 13, 524.48, 1350077, 2859, 0, 0
2575, 20, 1090, 1117, 79, 0, 4.36%, 0, 0, 13, 368.47, 1353216, 2859, 0, 0
2580, 20, 1104, 1118, 76, 0, 4.36%, 0, 0, 13, 822.83, 1356935, 2859, 0, 0
2586, 21, 93, 1118, 75, 0, 4.36%, 0, 0, 13, 800.93, 1360964, 2859, 0, 0
2591, 21, 238, 1118, 74, 0, 4.36%, 0, 0, 13, 775.35, 1365009, 2859, 0, 0
2596, 21, 427, 1118, 72, 0, 4.36%, 0, 0, 13, 731.91, 1368589, 2859, 0, 0
2601, 21, 564, 1118, 72, 0, 4.36%, 0, 0, 13, 678.02, 1371857, 2859, 0, 0
2607, 21, 682, 1118, 72, 0, 4.36%, 0, 0, 13, 802.83, 1375736, 2859, 0, 0
2612, 21, 733, 1118, 70, 0, 4.36%, 0, 0, 13, 663.56, 1378884, 2859, 0, 0
2617, 21, 804, 1118, 68, 0, 4.36%, 0, 0, 13, 728.80, 1382627, 2859, 0, 0
2622, 21, 867, 1118, 68, 0, 4.36%, 0, 0, 13, 85.03, 1384083, 2859, 0, 0
2627, 21, 901, 1118, 66, 0, 4.36%, 0, 0, 13, 591.35, 1387248, 2859, 0, 0
2633, 21, 923, 1119, 66, 0, 4.36%, 0, 0, 13, 370.72, 1390540, 2859, 0, 0
2638, 21, 1003, 1119, 65, 0, 4.36%, 0, 0, 13, 752.82, 1394104, 2859, 0, 0
2643, 21, 1093, 1120, 60, 0, 4.36%, 0, 0, 13, 717.41, 1397859, 2859, 0, 0
2648, 21, 1116, 1120, 57, 0, 4.36%, 0, 0, 13, 837.60, 1401299, 2859, 0, 0
2653, 22, 57, 1120, 54, 0, 4.36%, 0, 0, 13, 786.43, 1404960, 2859, 0, 0
2658, 22, 147, 1120, 54, 0, 4.36%, 0, 0, 13, 739.93, 1408674, 2859, 0, 0
2663, 22, 333, 1120, 53, 0, 4.36%, 0, 0, 13, 747.60, 1412361, 2859, 0, 0
2668, 22, 515, 1120, 53, 0, 4.36%, 0, 0, 13, 744.55, 1415869, 2859, 0, 0
2673, 22, 562, 1120, 52, 0, 4.36%, 0, 0, 13, 529.05, 1418669, 2859, 0, 0
2679, 22, 634, 1120, 51, 0, 4.36%, 0, 0, 13, 94.34, 1422349, 2859, 0, 0
2684, 22, 721, 1120, 49, 0, 4.36%, 0, 0, 13, 681.74, 1426065, 2859, 0, 0
2689, 22, 817, 1120, 49, 0, 4.36%, 0, 0, 13, 675.88, 1429697, 2859, 0, 0
2694, 22, 916, 1120, 48, 0, 4.36%, 0, 0, 13, 527.86, 1432368, 2859, 0, 0
2699, 22, 998, 1120, 46, 0, 4.36%, 0, 0, 13, 554.79, 1435568, 2859, 0, 0
2704, 22, 1083, 1121, 42, 0, 4.36%, 0, 0, 13, 679.57, 1439195, 2859, 0, 0
2710, 23, 52, 1122, 40, 0, 4.37%, 0, 0, 13, 778.90, 1442766, 2864, 0, 0
2716, 23, 145, 1122, 40, 0, 4.37%, 0, 0, 13, 779.07, 1447659, 2864, 0, 0
2721, 23, 333, 1122, 39, 0, 4.37%, 0, 0, 13, 740.82, 1451282, 2864, 0, 0
2726, 23, 543, 1122, 38, 0, 4.37%, 0, 0, 13, 90.91, 1454255, 2864, 0, 0
2731, 23, 595, 1122, 37, 0, 4.37%, 0, 0, 13, 574.76, 1457553, 2864, 0, 0
2737, 23, 685, 1122, 37, 0, 4.37%, 0, 0, 13, 772.69, 1461172, 2864, 0, 0
2742, 23, 775, 1122, 35, 0, 4.37%, 0, 0, 13, 615.24, 1464622, 2864, 0, 0
2747, 23, 859, 1122, 35, 0, 4.37%, 0, 0, 13, 661.14, 1468117, 2864, 0, 0
2752, 23, 862, 1122, 34, 0, 4.37%, 0, 0, 13, 238.44, 1469378, 2864, 0, 0
2757, 23, 888, 1122, 34, 0, 4.37%, 0, 0, 13, 397.64, 1471351, 2864, 0, 0
2762, 23, 956, 1122, 34, 0, 4.37%, 0, 0, 13, 528.31, 1474345, 2864, 0, 0
2767, 23, 1050, 1123, 35, 0, 4.37%, 0, 0, 13, 667.19, 1477377, 2864, 0, 0
2772, 23, 1100, 1123, 34, 0, 4.37%, 0, 0, 13, 688.40, 1480753, 2864, 0, 0
2778, 23, 1122, 1123, 32, 0, 4.37%, 0, 0, 13, 641.26, 1483725, 2864, 0, 0
2783, 24, 97, 1123, 31, 0, 4.37%, 0, 0, 13, 701.09, 1487280, 2864, 0, 0
2788, 24, 167, 1123, 31, 0, 4.37%, 0, 0, 13, 753.82, 1490925, 2864, 0, 0
2793, 24, 345, 1123, 31, 0, 4.37%, 0, 0, 13, 847.58, 1494554, 2864, 0, 0
2798, 24, 558, 1123, 31, 0, 4.37%, 0, 0, 13, 423.99, 1497636, 2864, 0, 0
2803, 24, 640, 1123, 31, 0, 4.37%, 0, 0, 13, 733.12, 1501037, 2864, 0, 0
2808, 24, 727, 1123, 29, 0, 4.37%, 0, 0, 13, 774.65, 1504847, 2864, 0, 0
2814, 24, 802, 1123, 28, 0, 4.37%, 0, 0, 13, 760.79, 1508514, 2864, 0, 0
2819, 24, 858, 1123, 28, 0, 4.37%, 0, 0, 13, 538.03, 1511481, 2864, 0, 0
2824, 24, 869, 1123, 26, 0, 4.37%, 0, 0, 13, 533.03, 1514093, 2864, 0, 0
2829, 24, 966, 1123, 24, 0, 4.37%, 0, 0, 13, 749.14, 1517790, 2864, 0, 0
2834, 24, 1012, 1123, 23, 0, 4.37%, 0, 0, 13, 633.18, 1520510, 2864, 0, 0
2840, 24, 1108, 1124, 23, 0, 4.37%, 0, 0, 13, 110.00, 1524000, 2864, 0, 0
2845, 25, 81, 1124, 22, 0, 4.37%, 0, 0, 13, 813.02, 1527895, 2864, 0, 0
2852, 25, 196, 1124, 22, 0, 4.37%, 0, 0, 13, 777.69, 1532585, 2864, 0, 0
2857, 25, 451, 1124, 22, 0, 4.37%, 0, 0, 13, 786.00, 1536210, 2864, 0, 0
2862, 25, 555, 1124, 22, 0, 4.37%, 0, 0, 13, 462.78, 1538947, 2864, 0, 0
2867, 25, 665, 1124, 22, 0, 4.37%, 0, 0, 13, 108.11, 1542545, 2864, 0, 0
2872, 25, 804, 1124, 22, 0, 4.37%, 0, 0, 13, 764.43, 1546414, 2864, 0, 0
2877, 25, 862, 1125, 23, 0, 4.37%, 0, 0, 13, 570.42, 1549202, 2864, 0, 0
2882, 25, 912, 1125, 23, 0, 4.37%, 0, 0, 13, 106.02, 1551223, 2864, 0, 0
2887, 25, 1015, 1125, 23, 0, 4.37%, 0, 0, 13, 788.30, 1554017, 2864, 0, 0
2892, 25, 1046, 1125, 22, 0, 4.37%, 0, 0, 13, 605.53, 1557040, 2864, 0, 0
2897, 25, 1071, 1125, 22, 0, 4.37%, 0, 0, 13, 64.11, 1557863, 2864, 0, 0
2902, 25, 1112, 1125, 21, 0, 4.37%, 0, 0, 13, 739.90, 1560290, 2864, 0, 0
2908, 26, 54, 1125, 20, 0, 4.37%, 0, 0, 13, 572.18, 1562545, 2864, 0, 0
2913, 26, 97, 1125, 20, 0, 4.37%, 0, 0, 13, 808.72, 1564961, 2864, 0, 0
2918, 26, 147, 1125, 20, 0, 4.37%, 0, 0, 13, 64.19, 1567558, 2864, 0, 0
2923, 26, 324, 1125, 20, 0, 4.37%, 0, 0, 13, 67.22, 1570468, 2864, 0, 0
2928, 26, 480, 1125, 20, 0, 4.37%, 0, 0, 13, 47.62, 1573005, 2864, 0, 0
2933, 26, 559, 1125, 20, 0, 4.37%, 0, 0, 13, 561.82, 1575165, 2864, 0, 0
2938, 26, 603, 1125, 20, 0, 4.37%, 0, 0, 13, 712.82, 1577242, 2864, 0, 0
2944, 26, 665, 1125, 20, 0, 4.37%, 0, 0, 13, 840.63, 1579239, 2864, 0, 0
2949, 26, 721, 1125, 20, 0, 4.37%, 0, 0, 13, 816.47, 1581444, 2864, 0, 0
2954, 26, 789, 1125, 19, 0, 4.37%, 0, 0, 13, 93.36, 1583442, 2864, 0, 0
2959, 26, 814, 1125, 19, 0, 4.37%, 0, 0, 13, 65.05, 1585965, 2864, 0, 0
2964, 26, 935, 1125, 19, 0, 4.37%, 0, 0, 13, 66.85, 1588419, 2864, 0, 0
2969, 26, 1014, 1125, 18, 0, 4.37%, 0, 0, 13, 808.80, 1590783, 2864, 0, 0
2974, 26, 1064, 1125, 17, 0, 4.37%, 0, 0, 13, 798.68, 1592640, 2864, 0, 0
2980, 26, 1080, 1126, 18, 0, 4.37%, 0, 0, 13, 689.70, 1594131, 2864, 0, 0
2986, 26, 1110, 1126, 18, 0, 4.37%, 0, 0, 13, 671.09, 1597075, 2864, 0, 0
2991, 26, 1124, 1126, 16, 0, 4.37%, 0, 0, 13, 603.26, 1598607, 2864, 0, 0
2996, 27, 30, 1126, 15, 0, 4.37%, 0, 0, 13, 515.00, 1599720, 2864, 0, 0
3001, 27, 87, 1126, 15, 0, 4.37%, 0, 0, 13, 65.20, 1602053, 2864, 0, 0
3007, 27, 131, 1126, 15, 0, 4.37%, 0, 0, 13, 82.27, 1604308, 2864, 0, 0
3012, 27, 177, 1126, 15, 0, 4.37%, 0, 0, 13, 64.76, 1606380, 2864, 0, 0
3017, 27, 263, 1126, 15, 0, 4.37%, 0, 0, 13, 67.43, 1608457, 2864, 0, 0
3022, 27, 353, 1126, 15, 0, 4.37%, 0, 0, 13, 59.66, 1610629, 2864, 0, 0
3027, 27, 457, 1126, 15, 0, 4.37%, 0, 0, 13, 740.77, 1612187, 2864, 0, 0
3032, 27, 505, 1126, 14, 0, 4.37%, 0, 0, 13, 72.89, 1613255, 2864, 0, 0
3037, 27, 560, 1127, 15, 0, 4.37%, 0, 0, 13, 62.78, 1615174, 2864, 0, 0
3042, 27, 1061, 1145, 33, 3, 4.38%, 0, 0, 13, 66.97, 1617261, 2868, 0, 0
3048, 28, 46, 1145, 30, 0, 4.38%, 0, 0, 13, 826.48, 1619248, 2868, 0, 0
3053, 28, 76, 1145, 30, 0, 4.38%, 0, 0, 13, 804.35, 1620407, 2868, 0, 0
3058, 28, 119, 1145, 30, 0, 4.38%, 0, 0, 13, 68.59, 1622516, 2868, 0, 0
3065, 28, 185, 1145, 30, 0, 4.38%, 0, 0, 13, 66.00, 1625046, 2868, 0, 0
3070, 28, 327, 1145, 29, 0, 4.38%, 0, 0, 13, 67.88, 1627335, 2868, 0, 0
3075, 28, 496, 1145, 29, 0, 4.38%, 0, 0, 13, 67.42, 1629439, 2868, 0, 0
3080, 28, 553, 1145, 29, 0, 4.38%, 0, 0, 13, 501.65, 1630906, 2868, 0, 0
3085, 28, 572, 1145, 29, 0, 4.38%, 0, 0, 13, 79.55, 1631894, 2868, 0, 0
3091, 28, 614, 1145, 29, 0, 4.38%, 0, 0, 13, 67.57, 1633802, 2868, 0, 0
3096, 28, 689, 1145, 29, 0, 4.38%, 0, 0, 13, 54.24, 1636027, 2868, 0, 0
3101, 28, 727, 1145, 29, 0, 4.38%, 0, 0, 13, 59.67, 1638114, 2868, 0, 0
3106, 28, 804, 1145, 28, 0, 4.38%, 0, 0, 13, 800.05, 1640164, 2868, 0, 0
3111, 28, 862, 1145, 28, 0, 4.38%, 0, 0, 13, 770.34, 1641212, 2868, 0, 0
3116, 28, 871, 1145, 28, 0, 4.38%, 0, 0, 13, 42.07, 1642224, 2868, 0, 0
3121, 28, 949, 1145, 28, 0, 4.38%, 0, 0, 13, 53.94, 1643869, 2868, 0, 0
3126, 28, 979, 1145, 28, 0, 4.38%, 0, 0, 13, 65.76, 1646036, 2868, 0, 0
3132, 28, 1053, 1145, 28, 0, 4.38%, 0, 0, 13, 743.77, 1647783, 2868, 0, 0
3137, 28, 1099, 1145, 27, 0, 4.38%, 0, 0, 13, 818.34, 1649223, 2868, 0, 0
3142, 28, 1138, 1145, 26, 0, 4.38%, 0, 0, 13, 65.11, 1650521, 2868, 0, 0
3147, 29, 33, 1145, 25, 0, 4.38%, 0, 0, 13, 66.26, 1652599, 2868, 0, 0
3152, 29, 77, 1145, 25, 0, 4.38%, 0, 0, 13, 69.44, 1654746, 2868, 0, 0
3157, 29, 122, 1145, 25, 0, 4.38%, 0, 0, 13, 68.66, 1656836, 2868, 0, 0
3164, 29, 162, 1145, 25, 0, 4.38%, 0, 0, 13, 730.45, 1659044, 2868, 0, 0
3169, 29, 278, 1145, 25, 0, 4.38%, 0, 0, 13, 590.30, 1661106, 2868, 0, 0
3174, 29, 356, 1145, 25, 0, 4.38%, 0, 0, 13, 594.51, 1662449, 2868, 0, 0
3179, 29, 449, 1145, 25, 0, 4.38%, 0, 0, 13, 63.80, 1663453, 2868, 0, 0
3184, 29, 511, 1145, 25, 0, 4.38%, 0, 0, 13, 66.26, 1665468, 2868, 0, 0
3189, 29, 603, 1145, 25, 0, 4.38%, 0, 0, 13, 65.06, 1667374, 2868, 0, 0
3194, 29, 641, 1145, 25, 0, 4.38%, 0, 0, 13, 64.86, 1669354, 2868, 0, 0
3199, 29, 682, 1145, 24, 0, 4.38%, 0, 0, 13, 825.82, 1671152, 2868, 0, 0
3205, 29, 713, 1145, 24, 0, 4.38%, 0, 0, 13, 757.69, 1672472, 2868, 0, 0
3210, 29, 746, 1145, 24, 0, 4.38%, 0, 0, 13, 661.71, 1673800, 2868, 0, 0
3215, 29, 814, 1145, 24, 0, 4.38%, 0, 0, 13, 66.13, 1675472, 2868, 0, 0
3220, 29, 835, 1145, 24, 0, 4.38%, 0, 0, 13, 60.68, 1677195, 2868, 0, 0
3225, 29, 864, 1145, 24, 0, 4.38%, 0, 0, 13, 66.17, 1678937, 2868, 0, 0
3230, 29, 928, 1145, 23, 0, 4.38%, 0, 0, 13, 112.27, 1680500, 2868, 0, 0
3235, 29, 975, 1145, 23, 0, 4.38%, 0, 0, 13, 523.34, 1681998, 2868, 0, 0
3241, 29, 977, 1145, 23, 0, 4.38%, 0, 0, 13, 718.93, 1683885, 2868, 0, 0
3247, 29, 1019, 1145, 23, 0, 4.38%, 0, 0, 13, 849.95, 1684988, 2868, 0, 0
3252, 29, 1079, 1145, 23, 0, 4.38%, 0, 0, 13, 66.97, 1686274, 2868, 0, 0
3257, 29, 1125, 1145, 21, 0, 4.38%, 0, 0, 13, 108.10, 1688349, 2868, 0, 0
3262, 29, 1140, 1145, 18, 0, 4.38%, 0, 0, 13, 565.27, 1690354, 2868, 0, 0
3267, 29, 1141, 1145, 17, 0, 4.38%, 0, 0, 13, 591.74, 1691220, 2868, 0, 0
3272, 30, 35, 1145, 15, 0, 4.38%, 0, 0, 13, 67.72, 1692867, 2868, 0, 0
3277, 30, 91, 1145, 15, 0, 4.38%, 0, 0, 13, 120.61, 1695164, 2868, 0, 0
3284, 30, 163, 1145, 15, 0, 4.38%, 0, 0, 13, 114.20, 1697433, 2868, 0, 0
3289, 30, 259, 1145, 15, 0, 4.38%, 0, 0, 13, 753.61, 1699563, 2868, 0, 0
3294, 30, 324, 1145, 15, 0, 4.38%, 0, 0, 13, 710.61, 1700414, 2868, 0, 0
3299, 30, 455, 1145, 15, 0, 4.38%, 0, 0, 13, 106.42, 1702025, 2868, 0, 0
3305, 30, 548, 1145, 15, 0, 4.38%, 0, 0, 13, 46.36, 1703945, 2868, 0, 0
3310, 30, 602, 1145, 15, 0, 4.38%, 0, 0, 13, 63.91, 1705535, 2868, 0, 0
3315, 30, 641, 1145, 15, 0, 4.38%, 0, 0, 13, 793.94, 1707442, 2868, 0, 0
3320, 30, 682, 1145, 15, 0, 4.38%, 0, 0, 13, 807.94, 1708533, 2868, 0, 0
3325, 30, 698, 1145, 15, 0, 4.38%, 0, 0, 13, 59.61, 1710112, 2868, 0, 0
3330, 30, 764, 1145, 15, 0, 4.38%, 0, 0, 13, 66.60, 1712233, 2868, 0, 0
3335, 30, 818, 1145, 15, 0, 4.38%, 0, 0, 13, 765.82, 1714216, 2868, 0, 0
3340, 30, 830, 1145, 15, 0, 4.38%, 0, 0, 13, 521.79, 1714981, 2868, 0, 0
3346, 30, 877, 1145, 15, 0, 4.38%, 0, 0, 13, 60.76, 1716651, 2868, 0, 0
3351, 30, 921, 1145, 15, 0, 4.38%, 0, 0, 13, 65.98, 1718355, 2868, 0, 0
3356, 30, 1016, 1145, 15, 0, 4.38%, 0, 0, 13, 60.15, 1720348, 2868, 0, 0
3361, 30, 1103, 1145, 14, 0, 4.38%, 0, 0, 13, 564.96, 1722012, 2868, 0, 0
3366, 30, 1115, 1145, 13, 0, 4.38%, 0, 0, 13, 437.90, 1722843, 2868, 0, 0
3371, 30, 1121, 1145, 13, 0, 4.38%, 0, 0, 13, 48.10, 1723995, 2868, 0, 0
3376, 31, 41, 1145, 12, 0, 4.38%, 0, 0, 13, 68.84, 1726162, 2868, 0, 0
3381, 31, 89, 1145, 12, 0, 4.38%, 0, 0, 13, 90.91, 1728328, 2868, 0, 0
3386, 31, 107, 1145, 12, 0, 4.38%, 0, 0, 13, 864.06, 1729762, 2868, 0, 0
3392, 31, 137, 1145, 12, 0, 4.38%, 0, 0, 13, 77.08, 1730894, 2868, 0, 0
3397, 31, 253, 1145, 12, 0, 4.38%, 0, 0, 13, 70.33, 1732760, 2868, 0, 0
3402, 31, 353, 1145, 12, 0, 4.38%, 0, 0, 13, 66.81, 1734816, 2868, 0, 0
3407, 31, 512, 1145, 12, 0, 4.38%, 0, 0, 13, 66.99, 1736687, 2868, 0, 0
3412, 31, 536, 1145, 12, 0, 4.38%, 0, 0, 13, 80.95, 1738256, 2868, 0, 0
3417, 31, 572, 1145, 12, 0, 4.38%, 0, 0, 13, 361.03, 1739026, 2868, 0, 0
3422, 31, 593, 1145, 12, 0, 4.38%, 0, 0, 13, 549.18, 1740194, 2868, 0, 0
3427, 31, 620, 1145, 12, 0, 4.38%, 0, 0, 13, 66.01, 1741512, 2868, 0, 0
3432, 31, 669, 1145, 12, 0, 4.38%, 0, 0, 13, 112.62, 1743508, 2868, 0, 0
3438, 31, 696, 1145, 12, 0, 4.38%, 0, 0, 13, 60.18, 1745326, 2868, 0, 0
3443, 31, 780, 1145, 12, 0, 4.38%, 0, 0, 13, 60.59, 1747316, 2868, 0, 0
3448, 31, 818, 1145, 12, 0, 4.38%, 0, 0, 13, 61.92, 1749153, 2868, 0, 0
3453, 31, 856, 1145, 12, 0, 4.38%, 0, 0, 13, 638.89, 1750513, 2868, 0, 0
3460, 31, 881, 1145, 12, 0, 4.38%, 0, 0, 13, 438.43, 1752655, 2868, 0, 0
3465, 31, 901, 1145, 12, 0, 4.38%, 0, 0, 13, 789.20, 1753810, 2868, 0, 0
3470, 31, 937, 1145, 12, 0, 4.38%, 0, 0, 13, 821.40, 1754733, 2868, 0, 0
3475, 31, 953, 1145, 12, 0, 4.38%, 0, 0, 13, 65.46, 1756514, 2868, 0, 0
3480, 31, 977, 1145, 11, 0, 4.38%, 0, 0, 13, 62.26, 1758353, 2868, 0, 0
3485, 31, 1057, 1145, 11, 0, 4.38%, 0, 0, 13, 723.06, 1760143, 2868, 0, 0
3490, 31, 1093, 1145, 11, 0, 4.38%, 0, 0, 13, 416.58, 1761047, 2868, 0, 0
3495, 31, 1105, 1145, 11, 0, 4.38%, 0, 0, 13, 64.95, 1762702, 2868, 0, 0
3501, 31, 1135, 1147, 13, 0, 4.38%, 0, 0, 13, 59.18, 1764590, 2868, 0, 0
3506, 31, 1136, 1147, 12, 0, 4.38%, 0, 0, 13, 414.17, 1766223, 2868, 0, 0
3511, 31, 1139, 1147, 11, 0, 4.38%, 0, 0, 13, 367.94, 1767241, 2868, 0, 0
3517, 31, 1145, 1147, 11, 0, 4.38%, 0, 0, 13, 335.00, 1768177, 2868, 0, 0
3522, 32, 56, 1147, 9, 0, 4.38%, 0, 0, 13, 68.65, 1770201, 2868, 0, 0
3527, 32, 95, 1147, 9, 0, 4.38%, 0, 0, 13, 130.46, 1772428, 2868, 0, 0
3532, 32, 177, 1147, 9, 0, 4.38%, 0, 0, 13, 71.61, 1774570, 2868, 0, 0
3537, 32, 249, 1147, 9, 0, 4.38%, 0, 0, 13, 748.08, 1775944, 2868, 0, 0
3542, 32, 285, 1147, 9, 0, 4.38%, 0, 0, 13, 66.92, 1777082, 2868, 0, 0
3548, 32, 435, 1147, 9, 0, 4.38%, 0, 0, 13, 58.20, 1779164, 2868, 0, 0
3553, 32, 524, 1147, 9, 0, 4.38%, 0, 0, 13, 78.41, 1780883, 2868, 0, 0
3558, 32, 537, 1147, 9, 0, 4.38%, 0, 0, 13, 468.10, 1782167, 2868, 0, 0
3563, 32, 558, 1147, 9, 0, 4.38%, 0, 0, 13, 514.39, 1782827, 2868, 0, 0
3568, 32, 580, 1147, 9, 0, 4.38%, 0, 0, 13, 73.10, 1783893, 2868, 0, 0
3573, 32, 634, 1147, 9, 0, 4.38%, 0, 0, 13, 67.42, 1785997, 2868, 0, 0
3578, 32, 655, 1147, 9, 0, 4.38%, 0, 0, 13, 66.67, 1788177, 2868, 0, 0
3584, 32, 684, 1147, 9, 0, 4.38%, 0, 0, 13, 409.15, 1789776, 2868, 0, 0
3589, 32, 710, 1147, 9, 0, 4.38%, 0, 0, 13, 385.60, 1790767, 2868, 0, 0
3594, 32, 798, 1147, 9, 0, 4.38%, 0, 0, 13, 67.78, 1792624, 2868, 0, 0
3599, 32, 808, 1147, 9, 0, 4.38%, 0, 0, 13, 65.72, 1794552, 2868, 0, 0
3604, 32, 892, 1147, 9, 0, 4.38%, 0, 0, 13, 38.71, 1796517, 2868, 0, 0
3609, 32, 892, 1147, 9, 0, 4.38%, 0, 0, 13, 419.97, 1797453, 2868, 0, 0
3615, 32, 922, 1147, 9, 0, 4.38%, 0, 0, 13, 511.09, 1798729, 2868, 0, 0
3620, 32, 949, 1147, 8, 0, 4.38%, 0, 0, 13, 65.27, 1799942, 2868, 0, 0
3625, 32, 974, 1147, 8, 0, 4.38%, 0, 0, 13, 42.59, 1801416, 2868, 0, 0
3630, 32, 1078, 1147, 8, 0, 4.38%, 0, 0, 13, 88.02, 1803210, 2868, 0, 0
3635, 32, 1107, 1147, 8, 0, 4.38%, 0, 0, 13, 60.97, 1805051, 2868, 0, 0
3640, 32, 1127, 1147, 7, 0, 4.38%, 0, 0, 13, 765.09, 1806826, 2868, 0, 0
3645, 32, 1157, 1159, 15, 0, 4.38%, 0, 0, 13, 711.31, 1808295, 2870, 0, 0
3650, 33, 53, 1159, 14, 0, 4.38%, 0, 0, 13, 863.87, 1809599, 2870, 0, 0
3655, 33, 87, 1159, 14, 0, 4.38%, 0, 0, 13, 66.51, 1811070, 2870, 0, 0
3660, 33, 128, 1159, 14, 0, 4.38%, 0, 0, 13, 65.66, 1813013, 2870, 0, 0
3665, 33, 149, 1159, 14, 0, 4.38%, 0, 0, 13, 59.06, 1814780, 2870, 0, 0
3670, 33, 288, 1159, 14, 0, 4.38%, 0, 0, 13, 64.83, 1816766, 2870, 0, 0
3676, 33, 426, 1159, 14, 0, 4.38%, 0, 0, 13, 797.38, 1818618, 2870, 0, 0
3681, 33, 461, 1159, 14, 0, 4.38%, 0, 0, 13, 804.01, 1819820, 2870, 0, 0
3686, 33, 516, 1159, 14, 0, 4.38%, 0, 0, 13, 820.58, 1821091, 2870, 0, 0
3691, 33, 530, 1159, 14, 0, 4.38%, 0, 0, 13, 46.65, 1822406, 2870, 0, 0
3696, 33, 551, 1159, 14, 0, 4.38%, 0, 0, 13, 53.72, 1823889, 2870, 0, 0
3703, 33, 608, 1159, 14, 0, 4.38%, 0, 0, 13, 93.70, 1825950, 2870, 0, 0
3708, 33, 693, 1159, 14, 0, 4.38%, 0, 0, 13, 61.21, 1828212, 2870, 0, 0
3713, 33, 778, 1159, 14, 0, 4.38%, 0, 0, 13, 838.15, 1830094, 2870, 0, 0
3719, 33, 783, 1160, 15, 0, 4.38%, 0, 0, 13, 455.00, 1830760, 2870, 0, 0
3724, 33, 857, 1160, 15, 0, 4.38%, 0, 0, 13, 53.59, 1832704, 2870, 0, 0
3729, 33, 878, 1160, 15, 0, 4.38%, 0, 0, 13, 39.09, 1834027, 2870, 0, 0
3734, 33, 946, 1160, 15, 0, 4.38%, 0, 0, 13, 613.57, 1835277, 2870, 0, 0
3739, 33, 963, 1160, 15, 0, 4.38%, 0, 0, 13, 66.09, 1836262, 2870, 0, 0
3744, 33, 993, 1161, 16, 0, 4.38%, 0, 0, 13, 62.57, 1838356, 2870, 0, 0
3749, 33, 1017, 1161, 16, 0, 4.38%, 0, 0, 13, 58.39, 1840453, 2870, 0, 0
3754, 33, 1121, 1161, 16, 0, 4.38%, 0, 0, 13, 650.93, 1841987, 2870, 0, 0
3760, 33, 1144, 1161, 16, 0, 4.38%, 0, 0, 13, 71.99, 1843122, 2870, 0, 0
3765, 33, 1152, 1162, 14, 0, 4.38%, 0, 0, 13, 63.01, 1844923, 2870, 0, 0
3770, 33, 1156, 1162, 12, 0, 4.38%, 0, 0, 13, 63.43, 1846935, 2870, 0, 0
3775, 34, 65, 1162, 12, 0, 4.38%, 0, 0, 13, 799.93, 1848715, 2870, 0, 0
3780, 34, 76, 1162, 12, 0, 4.38%, 0, 0, 13, 780.00, 1849626, 2870, 0, 0
3785, 34, 113, 1162, 12, 0, 4.38%, 0, 0, 13, 66.19, 1851666, 2870, 0, 0
3790, 34, 186, 1162, 12, 0, 4.38%, 0, 0, 13, 64.63, 1853731, 2870, 0, 0
3795, 34, 329, 1162, 12, 0, 4.38%, 0, 0, 13, 772.34, 1855661, 2870, 0, 0
3800, 34, 375, 1162, 12, 0, 4.38%, 0, 0, 13, 837.81, 1856567, 2870, 0, 0
3805, 34, 503, 1162, 12, 0, 4.38%, 0, 0, 13, 62.90, 1858157, 2870, 0, 0
3811, 34, 533, 1162, 12, 0, 4.38%, 0, 0, 13, 60.34, 1859894, 2870, 0, 0
3816, 34, 580, 1162, 12, 0, 4.38%, 0, 0, 13, 66.65, 1861604, 2870, 0, 0
3821, 34, 603, 1162, 12, 0, 4.38%, 0, 0, 13, 776.03, 1863372, 2870, 0, 0
3826, 34, 634, 1162, 12, 0, 4.38%, 0, 0, 13, 675.91, 1864386, 2870, 0, 0
3831, 34, 693, 1162, 12, 0, 4.38%, 0, 0, 13, 727.03, 1867862, 2870, 0, 0
3836, 34, 841, 1162, 12, 0, 4.38%, 0, 0, 13, 764.48, 1871829, 2870, 0, 0
3841, 34, 910, 1162, 12, 0, 4.38%, 0, 0, 13, 637.77, 1874913, 2870, 0, 0
3846, 34, 1046, 1162, 12, 0, 4.38%, 0, 0, 13, 587.05, 1878106, 2870, 0, 0
3851, 34, 1048, 1162, 12, 0, 4.38%, 0, 0, 13, 483.32, 1880355, 2870, 0, 0
3857, 34, 1059, 1162, 12, 0, 4.38%, 0, 0, 13, 481.35, 1882696, 2870, 0, 0
3862, 34, 1120, 1162, 12, 0, 4.38%, 0, 0, 13, 597.32, 1885917, 2870, 0, 0
3867, 35, 68, 1162, 11, 0, 4.38%, 0, 0, 13, 749.80, 1889885, 2870, 0, 0
3873, 35, 134, 1162, 11, 0, 4.38%, 0, 0, 13, 772.26, 1894161, 2870, 0, 0
3878, 35, 351, 1162, 11, 0, 4.38%, 0, 0, 13, 778.90, 1898060, 2870, 0, 0
3883, 35, 574, 1162, 11, 0, 4.38%, 0, 0, 13, 726.22, 1901759, 2870, 0, 0
3888, 35, 657, 1162, 11, 0, 4.38%, 0, 0, 13, 701.51, 1905267, 2870, 0, 0
3893, 35, 750, 1162, 11, 0, 4.38%, 0, 0, 13, 752.09, 1908975, 2870, 0, 0
3898, 35, 858, 1162, 11, 0, 4.38%, 0, 0, 13, 662.88, 1912400, 2870, 0, 0
3903, 35, 940, 1162, 11, 0, 4.38%, 0, 0, 13, 650.61, 1915635, 2870, 0, 0
3908, 35, 1042, 1162, 11, 0, 4.38%, 0, 0, 13, 594.94, 1918799, 2870, 0, 0
3913, 35, 1089, 1162, 11, 0, 4.38%, 0, 0, 13, 605.52, 1921644, 2870, 0, 0
3918, 35, 1160, 1163, 8, 0, 4.38%, 0, 0, 13, 741.86, 1925502, 2870, 0, 0
3923, 36, 105, 1163, 7, 0, 4.38%, 0, 0, 13, 808.21, 1929610, 2870, 0, 0
3928, 36, 279, 1163, 7, 0, 4.38%, 0, 0, 13, 803.49, 1933755, 2870, 0, 0
3934, 36, 467, 1163, 7, 0, 4.38%, 0, 0, 13, 730.24, 1937672, 2870, 0, 0
3939, 36, 612, 1163, 7, 0, 4.38%, 0, 0, 13, 737.95, 1941378, 2870, 0, 0
3944, 36, 722, 1163, 7, 0, 4.38%, 0, 0, 13, 769.92, 1945302, 2870, 0, 0
3949, 36, 840, 1163, 7, 0, 4.38%, 0, 0, 13, 750.90, 1949112, 2870, 0, 0
3954, 36, 890, 1163, 7, 0, 4.38%, 0, 0, 13, 592.69, 1951925, 2870, 0, 0
3959, 36, 898, 1163, 7, 0, 4.38%, 0, 0, 13, 544.67, 1954639, 2870, 0, 0
3964, 36, 977, 1163, 7, 0, 4.38%, 0, 0, 13, 693.51, 1958100, 2870, 0, 0
3970, 36, 1059, 1163, 7, 0, 4.38%, 0, 0, 13, 675.36, 1961781, 2870, 0, 0
3975, 36, 1144, 1163, 7, 0, 4.38%, 0, 0, 13, 701.54, 1965156, 2870, 0, 0
3980, 37, 91, 1163, 7, 0, 4.38%, 0, 0, 13, 793.01, 1969259, 2870, 0, 0
3985, 37, 177, 1163, 7, 0, 4.38%, 0, 0, 13, 800.37, 1973242, 2870, 0, 0
3990, 37, 503, 1163, 7, 0, 4.38%, 0, 0, 13, 774.48, 1977292, 2870, 0, 0
3995, 37, 611, 1163, 7, 0, 4.38%, 0, 0, 13, 692.01, 1980600, 2870, 0, 0
4001, 37, 697, 1163, 7, 0, 4.38%, 0, 0, 13, 755.54, 1985200, 2870, 0, 0
4006, 37, 814, 1163, 7, 0, 4.38%, 0, 0, 13, 790.79, 1989195, 2870, 0, 0
4011, 37, 857, 1163, 7, 0, 4.38%, 0, 0, 13, 733.43, 1992784, 2870, 0, 0
4016, 37, 982, 1163, 7, 0, 4.38%, 0, 0, 13, 669.93, 1996203, 2870, 0, 0
4021, 37, 1025, 1163, 7, 0, 4.38%, 0, 0, 13, 724.32, 2000051, 2870, 0, 0
4026, 37, 1156, 1163, 6, 0, 4.38%, 0, 0, 13, 759.50, 2003843, 2870, 0, 0
4031, 38, 93, 1163, 4, 0, 4.38%, 0, 0, 13, 816.17, 2007982, 2870, 0, 0
4036, 38, 254, 1163, 4, 0, 4.38%, 0, 0, 13, 769.35, 2011973, 2870, 0, 0
4042, 38, 461, 1163, 4, 0, 4.38%, 0, 0, 13, 791.09, 2016059, 2870, 0, 0
4047, 38, 608, 1163, 4, 0, 4.38%, 0, 0, 13, 755.58, 2019661, 2870, 0, 0
4052, 38, 750, 1163, 4, 0, 4.38%, 0, 0, 13, 782.86, 2023679, 2870, 0, 0
4057, 38, 830, 1163, 4, 0, 4.38%, 0, 0, 13, 717.41, 2027317, 2870, 0, 0
4062, 38, 918, 1163, 4, 0, 4.38%, 0, 0, 13, 634.88, 2029883, 2870, 0, 0
4067, 38, 1018, 1163, 4, 0, 4.38%, 0, 0, 13, 735.91, 2033636, 2870, 0, 0
4072, 38, 1162, 1163, 4, 0, 4.38%, 0, 0, 13, 790.43, 2037811, 2870, 0, 0
4077, 39, 110, 1163, 4, 0, 4.38%, 0, 0, 13, 778.50, 2041856, 2870, 0, 0
4082, 39, 196, 1163, 4, 0, 4.38%, 0, 0, 13, 783.82, 2045869, 2870, 0, 0
4088, 39, 470, 1163, 4, 0, 4.38%, 0, 0, 13, 766.39, 2049934, 2870, 0, 0
4093, 39, 649, 1163, 4, 0, 4.38%, 0, 0, 13, 804.17, 2054070, 2870, 0, 0
4098, 39, 783, 1163, 4, 0, 4.38%, 0, 0, 13, 782.18, 2058109, 2870, 0, 0
4103, 39, 845, 1163, 4, 0, 4.38%, 0, 0, 13, 658.42, 2060745, 2870, 0, 0
4108, 39, 966, 1163, 4, 0, 4.38%, 0, 0, 13, 669.01, 2063903, 2870, 0, 0
4113, 39, 1048, 1163, 4, 0, 4.38%, 0, 0, 13, 685.74, 2067260, 2870, 0, 0
4118, 39, 1148, 1163, 4, 0, 4.38%, 0, 0, 13, 629.00, 2070333, 2870, 0, 0
4123, 40, 85, 1163, 3, 0, 4.38%, 0, 0, 13, 774.53, 2074355, 2870, 0, 0
4128, 40, 147, 1163, 3, 0, 4.38%, 0, 0, 13, 788.67, 2078330, 2870, 0, 0
4133, 40, 380, 1163, 3, 0, 4.38%, 0, 0, 13, 807.55, 2082396, 2870, 0, 0
4138, 40, 539, 1163, 3, 0, 4.38%, 0, 0, 13, 739.05, 2086175, 2870, 0, 0
4144, 40, 600, 1163, 3, 0, 4.38%, 0, 0, 13, 654.58, 2089394, 2870, 0, 0
4149, 40, 738, 1163, 3, 0, 4.38%, 0, 0, 13, 789.63, 2093649, 2870, 0, 0
4154, 40, 818, 1163, 3, 0, 4.38%, 0, 0, 13, 781.98, 2097356, 2870, 0, 0
4159, 40, 977, 1163, 3, 0, 4.38%, 0, 0, 13, 832.13, 2101173, 2870, 0, 0
4164, 40, 1084, 1163, 3, 0, 4.38%, 0, 0, 13, 643.50, 2104552, 2870, 0, 0
4169, 40, 1133, 1163, 2, 0, 4.38%, 0, 0, 13, 695.00, 2108021, 2870, 0, 0
4175, 41, 40, 1163, 1, 0, 4.38%, 0, 0, 13, 721.77, 2111651, 2870, 0, 0
4180, 41, 145, 1163, 1, 0, 4.38%, 0, 0, 13, 859.59, 2115730, 2870, 0, 0
4185, 41, 288, 1163, 1, 0, 4.38%, 0, 0, 13, 829.26, 2119566, 2870, 0, 0
4190, 41, 519, 1163, 1, 0, 4.38%, 0, 0, 13, 758.71, 2123327, 2870, 0, 0
4195, 41, 638, 1163, 1, 0, 4.38%, 0, 0, 13, 653.07, 2126712, 2870, 0, 0
4200, 41, 802, 1163, 1, 0, 4.38%, 0, 0, 13, 706.10, 2130393, 2870, 0, 0
4205, 41, 832, 1163, 1, 0, 4.38%, 0, 0, 13, 722.56, 2133900, 2870, 0, 0
4210, 41, 901, 1163, 1, 0, 4.38%, 0, 0, 13, 530.71, 2136203, 2870, 0, 0
4215, 41, 1036, 1163, 1, 0, 4.38%, 0, 0, 13, 678.93, 2139516, 2870, 0, 0
4220, 41, 1081, 1164, 2, 0, 4.38%, 0, 0, 13, 661.39, 2142908, 2870, 0, 0
4225, 41, 1161, 1166, 4, 0, 4.38%, 0, 0, 13, 548.47, 2146515, 2870, 0, 0
4230, 42, 68, 1166, 2, 0, 4.38%, 0, 0, 13, 147.06, 2150108, 2870, 0, 0
4236, 42, 178, 1166, 2, 0, 4.38%, 0, 0, 13, 719.70, 2154064, 2870, 0, 0
4241, 42, 416, 1166, 2, 0, 4.38%, 0, 0, 13, 844.91, 2157700, 2870, 0, 0
4248, 42, 859, 1180, 16, 2, 4.38%, 0, 0, 13, 694.39, 2161587, 2872, 0, 0
4253, 42, 1174, 1180, 12, 0, 4.38%, 0, 0, 13, 723.19, 2164565, 2872, 0, 0
4258, 43, 92, 1180, 10, 0, 4.38%, 0, 0, 13, 866.04, 2168230, 2872, 0, 0
4263, 43, 263, 1180, 10, 0, 4.38%, 0, 0, 13, 825.96, 2172119, 2872, 0, 0
4268, 43, 509, 1180, 10, 0, 4.38%, 0, 0, 13, 703.87, 2175710, 2872, 0, 0
4273, 43, 581, 1180, 10, 0, 4.38%, 0, 0, 13, 664.91, 2179247, 2872, 0, 0
4278, 43, 697, 1180, 10, 0, 4.38%, 0, 0, 13, 790.16, 2183013, 2872, 0, 0
4283, 43, 814, 1180, 10, 0, 4.38%, 0, 0, 13, 698.59, 2186544, 2872, 0, 0
4289, 43, 935, 1180, 10, 0, 4.38%, 0, 0, 13, 715.51, 2189981, 2872, 0, 0
4294, 43, 1023, 1180, 10, 0, 4.38%, 0, 0, 13, 787.76, 2193835, 2872, 0, 0
4299, 43, 1124, 1180, 10, 0, 4.38%, 0, 0, 13, 539.60, 2197034, 2872, 0, 0
4304, 44, 15, 1180, 8, 0, 4.38%, 0, 0, 13, 580.27, 2200692, 2872, 0, 0
4309, 44, 92, 1180, 8, 0, 4.38%, 0, 0, 13, 712.44, 2204482, 2872, 0, 0
4314, 44, 257, 1180, 8, 0, 4.38%, 0, 0, 13, 606.36, 2208270, 2872, 0, 0
4319, 44, 435, 1180, 8, 0, 4.38%, 0, 0, 13, 669.53, 2211771, 2872, 0, 0
4324, 44, 546, 1180, 8, 0, 4.38%, 0, 0, 13, 753.53, 2215036, 2872, 0, 0
4329, 44, 643, 1180, 8, 0, 4.38%, 0, 0, 13, 625.50, 2218412, 2872, 0, 0
4335, 44, 782, 1180, 8, 0, 4.38%, 0, 0, 13, 798.91, 2222235, 2872, 0, 0
4340, 44, 841, 1180, 8, 0, 4.38%, 0, 0, 13, 634.67, 2225636, 2872, 0, 0
4345, 44, 976, 1180, 8, 0, 4.38%, 0, 0, 13, 822.39, 2228686, 2872, 0, 0
4350, 44, 1043, 1180, 8, 0, 4.38%, 0, 0, 13, 165.54, 2230743, 2872, 0, 0
4356, 44, 1140, 1180, 8, 0, 4.38%, 0, 0, 13, 730.15, 2234048, 2872, 0, 0
4361, 44, 1172, 1180, 8, 0, 4.38%, 0, 0, 13, 730.52, 2237649, 2872, 0, 0
4366, 45, 103, 1180, 7, 0, 4.38%, 0, 0, 13, 768.00, 2241496, 2872, 0, 0
4371, 45, 285, 1180, 7, 0, 4.38%, 0, 0, 13, 792.30, 2245207, 2872, 0, 0
4376, 45, 515, 1180, 7, 0, 4.38%, 0, 0, 13, 739.11, 2248895, 2872, 0, 0
4381, 45, 582, 1180, 7, 0, 4.38%, 0, 0, 13, 674.49, 2251922, 2872, 0, 0
4386, 45, 704, 1180, 7, 0, 4.38%, 0, 0, 13, 828.62, 2255915, 2872, 0, 0
4392, 45, 806, 1180, 7, 0, 4.38%, 0, 0, 13, 668.50, 2259755, 2872, 0, 0
4397, 45, 952, 1180, 7, 0, 4.38%, 0, 0, 13, 780.15, 2263395, 2872, 0, 0
4402, 45, 1042, 1180, 7, 0, 4.38%, 0, 0, 13, 686.64, 2266155, 2872, 0, 0
4407, 45, 1137, 1180, 7, 0, 4.38%, 0, 0, 13, 97.24, 2268324, 2872, 0, 0
4412, 45, 1176, 1180, 6, 0, 4.38%, 0, 0, 13, 659.90, 2271914, 2872, 0, 0
4417, 46, 107, 1180, 5, 0, 4.38%, 0, 0, 13, 72.65, 2275553, 2872, 0, 0
4422, 46, 238, 1180, 5, 0, 4.38%, 0, 0, 13, 381.11, 2279398, 2872, 0, 0
4427, 46, 478, 1180, 5, 0, 4.38%, 0, 0, 13, 810.59, 2283094, 2872, 0, 0
4433, 46, 580, 1180, 5, 0, 4.38%, 0, 0, 13, 539.39, 2285823, 2872, 0, 0
4438, 46, 672, 1180, 5, 0, 4.38%, 0, 0, 13, 650.50, 2289358, 2872, 0, 0
4443, 46, 786, 1180, 5, 0, 4.38%, 0, 0, 13, 631.53, 2293167, 2872, 0, 0
4448, 46, 888, 1180, 5, 0, 4.38%, 0, 0, 13, 689.79, 2296672, 2872, 0, 0
4453, 46, 1137, 1180, 5, 0, 4.38%, 0, 0, 13, 599.25, 2300264, 2872, 0, 0
4458, 47, 68, 1180, 5, 0, 4.38%, 0, 0, 13, 705.52, 2303756, 2872, 0, 0
4464, 47, 147, 1180, 5, 0, 4.38%, 0, 0, 13, 789.16, 2307763, 2872, 0, 0
4469, 47, 288, 1180, 5, 0, 4.38%, 0, 0, 13, 855.00, 2311400, 2872, 0, 0
4474, 47, 353, 1180, 5, 0, 4.38%, 0, 0, 13, 59.28, 2312433, 2872, 0, 0
4479, 47, 510, 1180, 5, 0, 4.38%, 0, 0, 13, 675.89, 2314754, 2872, 0, 0
4484, 47, 580, 1180, 5, 0, 4.38%, 0, 0, 13, 607.68, 2317201, 2872, 0, 0
4489, 47, 636, 1180, 5, 0, 4.38%, 0, 0, 13, 511.14, 2319443, 2872, 0, 0
4494, 47, 752, 1180, 5, 0, 4.38%, 0, 0, 13, 64.86, 2322119, 2872, 0, 0
4499, 47, 818, 1180, 5, 0, 4.38%, 0, 0, 13, 59.89, 2324857, 2872, 0, 0
4505, 47, 843, 1180, 5, 0, 4.38%, 0, 0, 13, 36.58, 2326482, 2872, 0, 0
4510, 47, 901, 1180, 5, 0, 4.38%, 0, 0, 13, 516.71, 2328391, 2872, 0, 0
4515, 47, 957, 1180, 5, 0, 4.38%, 0, 0, 13, 565.81, 2330779, 2872, 0, 0
4520, 47, 1041, 1180, 5, 0, 4.38%, 0, 0, 13, 640.62, 2333093, 2872, 0, 0
4525, 47, 1133, 1180, 5, 0, 4.38%, 0, 0, 13, 685.65, 2335158, 2872, 0, 0
4531, 47, 1170, 1180, 4, 0, 4.38%, 0, 0, 13, 746.15, 2337145, 2872, 0, 0
4536, 48, 58, 1180, 3, 0, 4.38%, 0, 0, 13, 709.59, 2339253, 2872, 0, 0
4541, 48, 103, 1180, 3, 0, 4.38%, 0, 0, 13, 486.16, 2341375, 2872, 0, 0
4546, 48, 177, 1180, 3, 0, 4.38%, 0, 0, 13, 61.68, 2343414, 2872, 0, 0
4551, 48, 255, 1180, 3, 0, 4.38%, 0, 0, 13, 69.13, 2345813, 2872, 0, 0
4556, 48, 382, 1180, 3, 0, 4.38%, 0, 0, 13, 100.55, 2348569, 2872, 0, 0
4561, 48, 510, 1180, 3, 0, 4.38%, 0, 0, 13, 821.45, 2350401, 2872, 0, 0
4566, 48, 562, 1180, 3, 0, 4.38%, 0, 0, 13, 615.55, 2351626, 2872, 0, 0
4571, 48, 593, 1180, 3, 0, 4.38%, 0, 0, 13, 67.36, 2353610, 2872, 0, 0
4577, 48, 640, 1180, 3, 0, 4.38%, 0, 0, 13, 68.02, 2356162, 2872, 0, 0
4582, 48, 669, 1180, 3, 0, 4.38%, 0, 0, 13, 788.04, 2358331, 2872, 0, 0
4587, 48, 722, 1180, 3, 0, 4.38%, 0, 0, 13, 836.31, 2359711, 2872, 0, 0
4592, 48, 781, 1180, 3, 0, 4.38%, 0, 0, 13, 780.00, 2361145, 2872, 0, 0
4597, 48, 820, 1180, 3, 0, 4.38%, 0, 0, 13, 84.98, 2363328, 2872, 0, 0
4602, 48, 832, 1180, 3, 0, 4.38%, 0, 0, 13, 61.23, 2365636, 2872, 0, 0
4607, 48, 841, 1180, 3, 0, 4.38%, 0, 0, 13, 784.75, 2367685, 2872, 0, 0
4612, 48, 907, 1180, 3, 0, 4.38%, 0, 0, 13, 727.24, 2368777, 2872, 0, 0
4618, 48, 959, 1180, 3, 0, 4.38%, 0, 0, 13, 57.74, 2370383, 2872, 0, 0
4623, 48, 977, 1180, 3, 0, 4.38%, 0, 0, 13, 56.34, 2372436, 2872, 0, 0
4628, 48, 1112, 1180, 3, 0, 4.38%, 0, 0, 13, 131.26, 2374696, 2872, 0, 0
4633, 48, 1133, 1180, 3, 0, 4.38%, 0, 0, 13, 775.95, 2376648, 2872, 0, 0
4639, 48, 1147, 1180, 3, 0, 4.38%, 0, 0, 13, 613.98, 2378277, 2872, 0, 0
4644, 48, 1170, 1180, 3, 0, 4.38%, 0, 0, 13, 861.91, 2379496, 2872, 0, 0
4649, 49, 65, 1180, 3, 0, 4.38%, 0, 0, 13, 69.04, 2381302, 2872, 0, 0
4654, 49, 109, 1180, 3, 0, 4.38%, 0, 0, 13, 68.84, 2383620, 2872, 0, 0
4659, 49, 154, 1180, 3, 0, 4.38%, 0, 0, 13, 831.54, 2385820, 2872, 0, 0
4664, 49, 263, 1180, 3, 0, 4.38%, 0, 0, 13, 799.85, 2388002, 2872, 0, 0
4669, 49, 334, 1180, 3, 0, 4.38%, 0, 0, 13, 507.55, 2389276, 2872, 0, 0
4674, 49, 418, 1180, 3, 0, 4.38%, 0, 0, 13, 52.07, 2390551, 2872, 0, 0
4679, 49, 518, 1180, 3, 0, 4.38%, 0, 0, 13, 50.82, 2392562, 2872, 0, 0
4684, 49, 580, 1180, 3, 0, 4.38%, 0, 0, 13, 63.70, 2394436, 2872, 0, 0
4689, 49, 615, 1180, 3, 0, 4.38%, 0, 0, 13, 511.20, 2396595, 2872, 0, 0
4694, 49, 640, 1180, 3, 0, 4.38%, 0, 0, 13, 671.96, 2398056, 2872, 0, 0
4701, 49, 674, 1180, 3, 0, 4.38%, 0, 0, 13, 84.59, 2399669, 2872, 0, 0
4706, 49, 712, 1180, 3, 0, 4.38%, 0, 0, 13, 800.43, 2401052, 2872, 0, 0
4711, 49, 790, 1180, 3, 0, 4.38%, 0, 0, 13, 63.70, 2402553, 2872, 0, 0
4716, 49, 818, 1180, 3, 0, 4.38%, 0, 0, 13, 60.24, 2404422, 2872, 0, 0
4721, 49, 860, 1180, 3, 0, 4.38%, 0, 0, 13, 779.49, 2406320, 2872, 0, 0
4726, 49, 902, 1180, 3, 0, 4.38%, 0, 0, 13, 69.19, 2407874, 2872, 0, 0
4731, 49, 935, 1180, 3, 0, 4.38%, 0, 0, 13, 732.60, 2409284, 2872, 0, 0
4736, 49, 962, 1180, 3, 0, 4.38%, 0, 0, 13, 634.34, 2410442, 2872, 0, 0
4741, 49, 977, 1180, 3, 0, 4.38%, 0, 0, 13, 62.44, 2411629, 2872, 0, 0
4747, 49, 1011, 1180, 3, 0, 4.38%, 0, 0, 13, 59.43, 2413446, 2872, 0, 0
4752, 49, 1061, 1180, 3, 0, 4.38%, 0, 0, 13, 68.77, 2415471, 2872, 0, 0
4757, 49, 1123, 1180, 3, 0, 4.38%, 0, 0, 13, 67.29, 2417536, 2872, 0, 0
4762, 49, 1170, 1180, 3, 0, 4.38%, 0, 0, 13, 68.63, 2419273, 2872, 0, 0
4768, 50, 43, 1180, 3, 0, 4.38%, 0, 0, 13, 673.95, 2420677, 2872, 0, 0
4774, 50, 90, 1180, 3, 0, 4.38%, 0, 0, 13, 652.37, 2422739, 2872, 0, 0
4779, 50, 119, 1180, 3, 0, 4.38%, 0, 0, 13, 513.51, 2424095, 2872, 0, 0
4784, 50, 167, 1180, 3, 0, 4.38%, 0, 0, 13, 65.81, 2425419, 2872, 0, 0
4789, 50, 259, 1180, 3, 0, 4.38%, 0, 0, 13, 67.76, 2427673, 2872, 0, 0
4794, 50, 407, 1180, 3, 0, 4.38%, 0, 0, 13, 670.30, 2429962, 2872, 0, 0
4800, 50, 437, 1180, 3, 0, 4.38%, 0, 0, 13, 574.62, 2431443, 2872, 0, 0
4805, 50, 483, 1180, 3, 0, 4.38%, 0, 0, 13, 518.51, 2432485, 2872, 0, 0
4810, 50, 534, 1180, 3, 0, 4.38%, 0, 0, 13, 39.68, 2434080, 2872, 0, 0
4815, 50, 607, 1180, 3, 0, 4.38%, 0, 0, 13, 68.99, 2436060, 2872, 0, 0
4820, 50, 628, 1180, 3, 0, 4.38%, 0, 0, 13, 817.37, 2438125, 2872, 0, 0
4825, 50, 643, 1180, 3, 0, 4.38%, 0, 0, 13, 831.95, 2439009, 2872, 0, 0
4831, 50, 696, 1180, 3, 0, 4.38%, 0, 0, 13, 64.42, 2440889, 2872, 0, 0
4836, 50, 790, 1180, 3, 0, 4.38%, 0, 0, 13, 66.47, 2443069, 2872, 0, 0
4841, 50, 828, 1180, 3, 0, 4.38%, 0, 0, 13, 757.33, 2445041, 2872, 0, 0
4846, 50, 891, 1180, 3, 0, 4.38%, 0, 0, 13, 630.62, 2445820, 2872, 0, 0
4851, 50, 937, 1200, 23, 1, 4.38%, 0, 0, 13, 66.96, 2447420, 2872, 0, 0
4856, 50, 1167, 1200, 23, 1, 4.38%, 0, 0, 13, 120.97, 2449400, 2872, 0, 0
4861, 51, 50, 1200, 20, 0, 4.38%, 0, 0, 13, 640.35, 2451479, 2872, 0, 0
4866, 51, 71, 1200, 20, 0, 4.38%, 0, 0, 13, 636.74, 2452390, 2872, 0, 0
4871, 51, 97, 1200, 20, 0, 4.38%, 0, 0, 13, 69.00, 2453818, 2872, 0, 0
4876, 51, 151, 1200, 20, 0, 4.38%, 0, 0, 13, 102.95, 2455923, 2872, 0, 0
4882, 51, 255, 1200, 20, 0, 4.38%, 0, 0, 13, 69.14, 2457939, 2872, 0, 0
4887, 51, 382, 1200, 20, 0, 4.38%, 0, 0, 13, 68.66, 2460129, 2872, 0, 0
4892, 51, 485, 1200, 20, 0, 4.38%, 0, 0, 13, 657.80, 2461185, 2872, 0, 0
4897, 51, 515, 1200, 20, 0, 4.38%, 0, 0, 13, 68.11, 2462352, 2872, 0, 0
4902, 51, 595, 1200, 20, 0, 4.38%, 0, 0, 13, 66.05, 2464413, 2872, 0, 0
4907, 51, 653, 1200, 20, 0, 4.38%, 0, 0, 13, 66.65, 2466547, 2872, 0, 0
4912, 51, 672, 1200, 20, 0, 4.38%, 0, 0, 13, 729.60, 2468003, 2872, 0, 0
4918, 51, 741, 1200, 20, 0, 4.38%, 0, 0, 13, 815.90, 2469679, 2872, 0, 0
4923, 51, 802, 1200, 20, 0, 4.38%, 0, 0, 13, 544.91, 2470983, 2872, 0, 0
4928, 51, 829, 1200, 20, 0, 4.38%, 0, 0, 13, 62.44, 2472263, 2872, 0, 0
4933, 51, 860, 1200, 20, 0, 4.38%, 0, 0, 13, 86.80, 2474014, 2872, 0, 0
4938, 51, 908, 1200, 20, 0, 4.38%, 0, 0, 13, 67.53, 2475972, 2872, 0, 0
4943, 51, 977, 1200, 20, 0, 4.38%, 0, 0, 13, 60.82, 2477837, 2872, 0, 0
4948, 51, 1081, 1200, 20, 0, 4.38%, 0, 0, 13, 620.91, 2479394, 2872, 0, 0
4954, 51, 1107, 1200, 20, 0, 4.38%, 0, 0, 13, 849.25, 2480825, 2872, 0, 0
4959, 51, 1156, 1200, 20, 0, 4.38%, 0, 0, 13, 843.81, 2482589, 2872, 0, 0
4964, 51, 1168, 1200, 20, 0, 4.38%, 0, 0, 13, 545.00, 2483703, 2872, 0, 0
4969, 51, 1177, 1200, 20, 0, 4.38%, 0, 0, 13, 37.36, 2485175, 2872, 0, 0
4975, 51, 1182, 1201, 19, 0, 4.38%, 0, 0, 13, 68.28, 2486429, 2872, 0, 0
4980, 51, 1190, 1202, 18, 0, 4.38%, 0, 0, 13, 53.21, 2488035, 2872, 0, 0
4985, 51, 1190, 1204, 20, 0, 4.38%, 0, 0, 13, 569.93, 2489477, 2872, 0, 0
4990, 51, 1190, 1204, 20, 0, 4.38%, 0, 0, 13, 570.52, 2490500, 2872, 0, 0
4995, 51, 1190, 1204, 20, 0, 4.38%, 0, 0, 13, 540.88, 2491383, 2872, 0, 0
5000, 51, 1193, 1204, 19, 0, 4.38%, 0, 0, 13, 60.52, 2492792, 2872, 0, 0
5005, 51, 1200, 1207, 21, 0, 4.38%, 0, 0, 13, 40.84, 2494244, 2872, 0, 0
5010, 51, 1200, 1208, 22, 0, 4.38%, 0, 0, 13, 39.50, 2495383, 2872, 0, 0
5015, 51, 1200, 1208, 22, 0, 4.38%, 0, 0, 13, 400.24, 2496305, 2872, 0, 0
5021, 51, 1200, 1208, 22, 0, 4.38%, 0, 0, 13, 265.38, 2496864, 2872, 0, 0
5026, 51, 1200, 1208, 22, 0, 4.38%, 0, 0, 13, 38.93, 2497930, 2872, 0, 0
5031, 51, 1203, 1208, 21, 0, 4.38%, 0, 0, 13, 50.46, 2499464, 2872, 0, 0
5036, 51, 1204, 1208, 20, 0, 4.38%, 0, 0, 13, 628.09, 2500843, 2872, 0, 0
5041, 52, 5, 1208, 18, 0, 4.38%, 0, 0, 13, 377.89, 2501478, 2872, 0, 0
5047, 52, 57, 1208, 18, 0, 4.38%, 0, 0, 13, 550.00, 2502736, 2872, 0, 0
5052, 52, 97, 1208, 18, 0, 4.38%, 0, 0, 13, 68.70, 2504884, 2872, 0, 0
5057, 52, 140, 1208, 18, 0, 4.38%, 0, 0, 13, 825.78, 2507037, 2872, 0, 0
5062, 52, 259, 1208, 18, 0, 4.38%, 0, 0, 13, 713.78, 2509085, 2872, 0, 0
5067, 52, 324, 1208, 18, 0, 4.38%, 0, 0, 13, 750.55, 2510263, 2872, 0, 0
5072, 52, 346, 1208, 18, 0, 4.38%, 0, 0, 13, 59.80, 2511410, 2872, 0, 0
5077, 52, 512, 1208, 18, 0, 4.38%, 0, 0, 13, 67.43, 2513209, 2872, 0, 0
5082, 52, 552, 1208, 18, 0, 4.38%, 0, 0, 13, 56.97, 2514892, 2872, 0, 0
5088, 52, 607, 1208, 18, 0, 4.38%, 0, 0, 13, 773.95, 2516736, 2872, 0, 0
5093, 52, 625, 1208, 18, 0, 4.38%, 0, 0, 13, 848.77, 2517806, 2872, 0, 0
5098, 52, 682, 1208, 18, 0, 4.38%, 0, 0, 13, 68.06, 2519455, 2872, 0, 0
5103, 52, 746, 1208, 18, 0, 4.38%, 0, 0, 13, 58.01, 2521495, 2872, 0, 0
5108, 52, 801, 1208, 18, 0, 4.38%, 0, 0, 13, 61.10, 2523531, 2872, 0, 0
5113, 52, 812, 1208, 18, 0, 4.38%, 0, 0, 13, 655.59, 2525476, 2872, 0, 0
5118, 52, 818, 1208, 18, 0, 4.38%, 0, 0, 13, 461.95, 2526424, 2872, 0, 0
5124, 52, 933, 1208, 18, 0, 4.38%, 0, 0, 13, 64.66, 2527738, 2872, 0, 0
5129, 52, 1030, 1208, 18, 0, 4.38%, 0, 0, 13, 67.47, 2529665, 2872, 0, 0
5134, 52, 1045, 1208, 18, 0, 4.38%, 0, 0, 13, 45.77, 2530932, 2872, 0, 0
5139, 52, 1139, 1208, 18, 0, 4.38%, 0, 0, 13, 67.19, 2532745, 2872, 0, 0
5144, 52, 1179, 1208, 18, 0, 4.38%, 0, 0, 13, 757.03, 2534640, 2872, 0, 0
5149, 52, 1188, 1208, 16, 0, 4.38%, 0, 0, 13, 545.23, 2535610, 2872, 0, 0
5154, 52, 1200, 1208, 14, 0, 4.38%, 0, 0, 13, 61.78, 2537069, 2872, 0, 0
5160, 52, 1202, 1209, 15, 0, 4.38%, 0, 0, 13, 44.00, 2538422, 2872, 0, 0
5165, 53, 54, 1209, 13, 0, 4.38%, 0, 0, 13, 69.02, 2540013, 2872, 0, 0
5170, 53, 97, 1209, 13, 0, 4.38%, 0, 0, 13, 67.87, 2542167, 2872, 0, 0
5177, 53, 132, 1209, 13, 0, 4.38%, 0, 0, 13, 157.38, 2544239, 2872, 0, 0
5182, 53, 223, 1209, 13, 0, 4.38%, 0, 0, 13, 84.01, 2546236, 2872, 0, 0
5187, 53, 313, 1209, 13, 0, 4.38%, 0, 0, 13, 581.45, 2548183, 2872, 0, 0
5192, 53, 352, 1209, 13, 0, 4.38%, 0, 0, 13, 467.49, 2549615, 2872, 0, 0
5197, 53, 392, 1209, 13, 0, 4.38%, 0, 0, 13, 582.69, 2550908, 2872, 0, 0
5202, 53, 503, 1209, 13, 0, 4.38%, 0, 0, 13, 63.78, 2552325, 2872, 0, 0
5207, 53, 549, 1209, 13, 0, 4.38%, 0, 0, 13, 54.43, 2554092, 2872, 0, 0
5212, 53, 555, 1209, 13, 0, 4.38%, 0, 0, 13, 49.56, 2555286, 2872, 0, 0
5217, 53, 618, 1209, 13, 0, 4.38%, 0, 0, 13, 68.08, 2557293, 2872, 0, 0
5223, 53, 700, 1209, 13, 0, 4.38%, 0, 0, 13, 699.30, 2559334, 2872, 0, 0
5229, 53, 730, 1209, 13, 0, 4.38%, 0, 0, 13, 640.17, 2561229, 2872, 0, 0
5234, 53, 751, 1209, 13, 0, 4.38%, 0, 0, 13, 855.00, 2562279, 2872, 0, 0
5239, 53, 818, 1209, 13, 0, 4.38%, 0, 0, 13, 66.70, 2564269, 2872, 0, 0
5244, 53, 919, 1209, 13, 0, 4.38%, 0, 0, 13, 118.56, 2565827, 2872, 0, 0
5249, 53, 935, 1209, 13, 0, 4.38%, 0, 0, 13, 590.88, 2567488, 2872, 0, 0
5254, 53, 976, 1209, 13, 0, 4.38%, 0, 0, 13, 61.79, 2568309, 2872, 0, 0
5260, 53, 1073, 1209, 13, 0, 4.38%, 0, 0, 13, 64.16, 2570372, 2872, 0, 0
5265, 53, 1168, 1209, 13, 0, 4.38%, 0, 0, 13, 124.87, 2572527, 2872, 0, 0
5270, 53, 1176, 1209, 13, 0, 4.38%, 0, 0, 13, 739.18, 2574181, 2872, 0, 0
5275, 53, 1191, 1209, 12, 0, 4.38%, 0, 0, 13, 391.62, 2575049, 2872, 0, 0
5280, 53, 1197, 1210, 10, 0, 4.38%, 0, 0, 13, 59.13, 2576609, 2872, 0, 0
5285, 54, 49, 1210, 9, 0, 4.38%, 0, 0, 13, 68.48, 2578394, 2872, 0, 0
5290, 54, 85, 1210, 9, 0, 4.38%, 0, 0, 13, 91.24, 2580655, 2872, 0, 0
5295, 54, 110, 1210, 9, 0, 4.38%, 0, 0, 13, 619.82, 2582030, 2872, 0, 0
5300, 54, 147, 1211, 10, 0, 4.38%, 0, 0, 13, 66.91, 2583223, 2872, 0, 0
5305, 54, 238, 1211, 10, 0, 4.38%, 0, 0, 13, 84.43, 2585404, 2872, 0, 0
5312, 54, 328, 1211, 10, 0, 4.38%, 0, 0, 13, 80.00, 2587720, 2872, 0, 0
5317, 54, 460, 1211, 10, 0, 4.38%, 0, 0, 13, 62.50, 2589668, 2872, 0, 0
5323, 54, 512, 1211, 10, 0, 4.38%, 0, 0, 13, 734.56, 2591209, 2872, 0, 0
5328, 54, 530, 1211, 10, 0, 4.38%, 0, 0, 13, 652.45, 2592191, 2872, 0, 0
5333, 54, 582, 1211, 10, 0, 4.38%, 0, 0, 13, 63.70, 2593754, 2872, 0, 0
5338, 54, 612, 1211, 10, 0, 4.38%, 0, 0, 13, 67.21, 2595858, 2872, 0, 0
5343, 54, 683, 1211, 10, 0, 4.38%, 0, 0, 13, 807.66, 2598055, 2872, 0, 0
5350, 54, 735, 1211, 10, 0, 4.38%, 0, 0, 13, 521.32, 2600031, 2872, 0, 0
5355, 54, 801, 1211, 10, 0, 4.38%, 0, 0, 13, 564.64, 2601911, 2872, 0, 0
5360, 54, 818, 1211, 10, 0, 4.38%, 0, 0, 13, 504.74, 2603190, 2872, 0, 0
5365, 54, 823, 1211, 10, 0, 4.38%, 0, 0, 13, 580.57, 2604400, 2872, 0, 0
5370, 54, 852, 1211, 10, 0, 4.38%, 0, 0, 13, 41.81, 2605763, 2872, 0, 0
5375, 54, 881, 1211, 10, 0, 4.38%, 0, 0, 13, 64.32, 2607445, 2872, 0, 0
5380, 54, 972, 1211, 10, 0, 4.38%, 0, 0, 13, 55.86, 2609252, 2872, 0, 0
5385, 54, 1101, 1211, 10, 0, 4.38%, 0, 0, 13, 60.72, 2611238, 2872, 0, 0
5391, 54, 1155, 1211, 10, 0, 4.38%, 0, 0, 13, 791.12, 2613238, 2872, 0, 0
5396, 54, 1170, 1211, 10, 0, 4.38%, 0, 0, 13, 743.40, 2614822, 2872, 0, 0
5402, 54, 1192, 1211, 9, 0, 4.38%, 0, 0, 13, 512.01, 2616117, 2872, 0, 0
5407, 54, 1200, 1211, 8, 0, 4.38%, 0, 0, 13, 353.23, 2617182, 2872, 0, 0
5412, 54, 1209, 1211, 8, 0, 4.38%, 0, 0, 13, 56.09, 2618696, 2872, 0, 0
5417, 55, 81, 1211, 7, 0, 4.38%, 0, 0, 13, 856.07, 2621275, 2872, 0, 0
5422, 55, 253, 1211, 7, 0, 4.38%, 0, 0, 13, 833.73, 2625472, 2872, 0, 0
5427, 55, 509, 1211, 7, 0, 4.38%, 0, 0, 13, 752.08, 2629334, 2872, 0, 0
5432, 55, 644, 1211, 7, 0, 4.38%, 0, 0, 13, 802.02, 2633474, 2872, 0, 0
5438, 55, 801, 1211, 7, 0, 4.38%, 0, 0, 13, 727.33, 2637166, 2872, 0, 0
5443, 55, 866, 1211, 7, 0, 4.38%, 0, 0, 13, 617.73, 2640204, 2872, 0, 0
5448, 55, 965, 1211, 7, 0, 4.38%, 0, 0, 13, 636.66, 2643491, 2872, 0, 0
5453, 56, 97, 1218, 13, 0, 4.38%, 0, 0, 13, 772.18, 2647621, 2872, 0, 0
5458, 56, 263, 1218, 13, 0, 4.38%, 0, 0, 13, 789.90, 2651646, 2872, 0, 0
5463, 56, 495, 1218, 13, 0, 4.38%, 0, 0, 13, 762.16, 2655486, 2872, 0, 0
5468, 56, 635, 1218, 13, 0, 4.38%, 0, 0, 13, 764.59, 2659493, 2872, 0, 0
5473, 56, 744, 1218, 13, 0, 4.38%, 0, 0, 13, 665.24, 2662799, 2872, 0, 0
5478, 56, 826, 1218, 13, 0, 4.38%, 0, 0, 13, 752.80, 2666868, 2872, 0, 0
5483, 56, 998, 1218, 13, 0, 4.38%, 0, 0, 13, 786.10, 2670193, 2872, 0, 0
5489, 56, 1108, 1218, 13, 0, 4.38%, 0, 0, 13, 757.86, 2673870, 2872, 0, 0
5494, 56, 1176, 1218, 13, 0, 4.38%, 0, 0, 13, 650.16, 2677030, 2872, 0, 0
5499, 56, 1217, 1220, 13, 0, 4.38%, 0, 0, 13, 671.24, 2680329, 2872, 0, 0
5504, 57, 113, 1220, 13, 0, 4.38%, 0, 0, 13, 804.04, 2684677, 2872, 0, 0
5509, 57, 254, 1220, 13, 0, 4.38%, 0, 0, 13, 787.96, 2688479, 2872, 0, 0
5514, 57, 503, 1220, 13, 0, 4.38%, 0, 0, 13, 746.44, 2692419, 2872, 0, 0
5519, 57, 576, 1220, 13, 0, 4.38%, 0, 0, 13, 600.92, 2695242, 2872, 0, 0
5525, 57, 675, 1220, 13, 0, 4.38%, 0, 0, 13, 732.37, 2699395, 2872, 0, 0
5530, 57, 814, 1220, 13, 0, 4.38%, 0, 0, 13, 756.93, 2703240, 2872, 0, 0
5535, 57, 900, 1220, 13, 0, 4.38%, 0, 0, 13, 688.02, 2706746, 2872, 0, 0
5540, 57, 1008, 1220, 13, 0, 4.38%, 0, 0, 13, 747.15, 2710509, 2872, 0, 0
5547, 57, 1175, 1220, 13, 0, 4.38%, 0, 0, 13, 678.05, 2714546, 2872, 0, 0
5552, 58, 89, 1220, 12, 0, 4.38%, 0, 0, 13, 791.88, 2718686, 2872, 0, 0
5557, 58, 220, 1220, 12, 0, 4.38%, 0, 0, 13, 717.07, 2722535, 2872, 0, 0
5562, 58, 483, 1220, 12, 0, 4.38%, 0, 0, 13, 753.44, 2726461, 2872, 0, 0
5568, 58, 639, 1220, 12, 0, 4.38%, 0, 0, 13, 793.68, 2730590, 2872, 0, 0
5573, 58, 790, 1220, 12, 0, 4.38%, 0, 0, 13, 804.92, 2734666, 2872, 0, 0
5578, 58, 933, 1220, 12, 0, 4.38%, 0, 0, 13, 668.17, 2738004, 2872, 0, 0
5584, 58, 1152, 1220, 12, 0, 4.38%, 0, 0, 13, 745.25, 2743044, 2872, 0, 0
5590, 58, 1196, 1220, 10, 0, 4.38%, 0, 0, 13, 752.02, 2746812, 2872, 0, 0
5595, 59, 80, 1220, 7, 0, 4.38%, 0, 0, 13, 802.00, 2750879, 2872, 0, 0
5600, 59, 194, 1220, 7, 0, 4.38%, 0, 0, 13, 745.20, 2754747, 2872, 0, 0
5605, 59, 454, 1220, 7, 0, 4.38%, 0, 0, 13, 774.05, 2758825, 2872, 0, 0
5610, 59, 544, 1220, 7, 0, 4.38%, 0, 0, 13, 715.48, 2762222, 2872, 0, 0
5615, 59, 655, 1220, 7, 0, 4.38%, 0, 0, 13, 778.37, 2766146, 2872, 0, 0
5620, 59, 813, 1220, 7, 0, 4.38%, 0, 0, 13, 725.50, 2769919, 2872, 0, 0
5625, 59, 980, 1220, 7, 0, 4.38%, 0, 0, 13, 768.98, 2774031, 2872, 0, 0
5630, 59, 1093, 1220, 7, 0, 4.38%, 0, 0, 13, 773.55, 2777929, 2872, 0, 0
5636, 59, 1193, 1220, 7, 0, 4.38%, 0, 0, 13, 745.72, 2781576, 2872, 0, 0
5641, 60, 53, 1220, 4, 0, 4.38%, 0, 0, 13, 708.01, 2785005, 2872, 0, 0
5646, 60, 159, 1220, 4, 0, 4.38%, 0, 0, 13, 789.27, 2788992, 2872, 0, 0
5651, 60, 288, 1220, 4, 0, 4.38%, 0, 0, 13, 807.11, 2792976, 2872, 0, 0
5656, 60, 514, 1220, 4, 0, 4.38%, 0, 0, 13, 765.52, 2796813, 2872, 0, 0
5661, 60, 625, 1220, 4, 0, 4.38%, 0, 0, 13, 767.53, 2800668, 2872, 0, 0
5666, 60, 763, 1220, 4, 0, 4.38%, 0, 0, 13, 780.15, 2804567, 2872, 0, 0
5673, 60, 866, 1220, 4, 0, 4.38%, 0, 0, 13, 669.93, 2809233, 2872, 0, 0
5678, 60, 1021, 1220, 4, 0, 4.38%, 0, 0, 13, 708.12, 2812954, 2872, 0, 0
5683, 60, 1193, 1220, 4, 0, 4.38%, 0, 0, 13, 705.80, 2816495, 2872, 0, 0
5688, 61, 74, 1220, 2, 0, 4.38%, 0, 0, 13, 789.89, 2820449, 2872, 0, 0
5693, 61, 249, 1220, 2, 0, 4.38%, 0, 0, 13, 813.45, 2824607, 2872, 0, 0
5698, 61, 420, 1220, 2, 0, 4.38%, 0, 0, 13, 814.84, 2828748, 2872, 0, 0
5703, 61, 572, 1220, 2, 0, 4.38%, 0, 0, 13, 641.80, 2831848, 2872, 0, 0
5708, 61, 695, 1220, 2, 0, 4.38%, 0, 0, 13, 777.90, 2835922, 2872, 0, 0
5713, 61, 783, 1220, 2, 0, 4.38%, 0, 0, 13, 790.18, 2839872, 2872, 0, 0
5718, 61, 838, 1220, 2, 0, 4.38%, 0, 0, 13, 762.58, 2843692, 2872, 0, 0
5723, 61, 977, 1220, 2, 0, 4.38%, 0, 0, 13, 742.89, 2847329, 2872, 0, 0
5728, 61, 1115, 1220, 2, 0, 4.38%, 0, 0, 13, 676.61, 2850759, 2872, 0, 0
5734, 61, 1118, 1220, 2, 0, 4.38%, 0, 0, 13, 531.56, 2853414, 2872, 0, 0
5739, 62, 13, 1220, 1, 0, 4.38%, 0, 0, 13, 663.06, 2857057, 2872, 0, 0
5744, 62, 110, 1220, 1, 0, 4.38%, 0, 0, 13, 843.88, 2860943, 2872, 0, 0
5749, 62, 254, 1220, 1, 0, 4.38%, 0, 0, 13, 808.77, 2864773, 2872, 0, 0
5754, 62, 484, 1220, 1, 0, 4.38%, 0, 0, 13, 762.91, 2868467, 2872, 0, 0
5759, 62, 620, 1220, 1, 0, 4.38%, 0, 0, 13, 765.86, 2872172, 2872, 0, 0
5766, 62, 784, 1220, 1, 0, 4.38%, 0, 0, 13, 805.84, 2876849, 2872, 0, 0
5771, 62, 888, 1220, 1, 0, 4.38%, 0, 0, 13, 797.84, 2879979, 2872, 0, 0
5776, 62, 1043, 1220, 1, 0, 4.38%, 0, 0, 13, 514.79, 2882602, 2872, 0, 0
5781, 62, 1047, 1220, 1, 0, 4.38%, 0, 0, 13, 369.49, 2883741, 2872, 0, 0
5786, 62, 1051, 1220, 1, 0, 4.38%, 0, 0, 13, 388.25, 2885751, 2872, 0, 0
5791, 62, 1103, 1220, 1, 0, 4.38%, 0, 0, 13, 576.90, 2888398, 2872, 0, 0
5796, 62, 1214, 1220, 1, 0, 4.38%, 0, 0, 13, 440.00, 2891749, 2872, 0, 0
5801, 63, 107, 1220, 1, 0, 4.38%, 0, 0, 13, 867.13, 2895850, 2872, 0, 0
5806, 63, 238, 1220, 1, 0, 4.38%, 0, 0, 13, 764.12, 2899653, 2872, 0, 0
5811, 63, 461, 1220, 1, 0, 4.38%, 0, 0, 13, 63.83, 2903268, 2872, 0, 0
5817, 63, 603, 1220, 1, 0, 4.38%, 0, 0, 13, 849.48, 2906738, 2872, 0, 0
5822, 63, 681, 1220, 1, 0, 4.38%, 0, 0, 13, 811.68, 2910685, 2872, 0, 0
5827, 63, 814, 1220, 1, 0, 4.38%, 0, 0, 13, 787.67, 2914577, 2872, 0, 0
5832, 63, 988, 1220, 1, 0, 4.38%, 0, 0, 13, 763.20, 2918098, 2872, 0, 0
5837, 63, 1153, 1220, 1, 0, 4.38%, 0, 0, 13, 756.81, 2921748, 2872, 0, 0
5842, 64, 87, 1220, 1, 0, 4.38%, 0, 0, 13, 778.16, 2925868, 2872, 0, 0
5848, 64, 254, 1220, 1, 0, 4.38%, 0, 0, 13, 790.42, 2929828, 2872, 0, 0
5853, 64, 461, 1220, 1, 0, 4.38%, 0, 0, 13, 135.48, 2933381, 2872, 0, 0
5858, 64, 625, 1220, 1, 0, 4.38%, 0, 0, 13, 758.56, 2937156, 2872, 0, 0
5864, 64, 765, 1220, 1, 0, 4.38%, 0, 0, 13, 809.22, 2941773, 2872, 0, 0
5869, 64, 858, 1220, 1, 0, 4.38%, 0, 0, 13, 640.71, 2945168, 2872, 0, 0
5874, 64, 1057, 1220, 1, 0, 4.38%, 0, 0, 13, 821.60, 2949009, 2872, 0, 0
5879, 64, 1217, 1220, 1, 0, 4.38%, 0, 0, 13, 640.95, 2952490, 2872, 0, 0
5885, 65, 105, 1220, 1, 0, 4.38%, 0, 0, 13, 83.74, 2956350, 2872, 0, 0
5890, 65, 259, 1220, 1, 0, 4.38%, 0, 0, 13, 787.45, 2960182, 2872, 0, 0
5895, 65, 503, 1220, 1, 0, 4.38%, 0, 0, 13, 683.34, 2963929, 2872, 0, 0
5900, 65, 612, 1220, 1, 0, 4.38%, 0, 0, 13, 730.10, 2967403, 2872, 0, 0
5905, 65, 751, 1220, 1, 0, 4.38%, 0, 0, 13, 845.00, 2970912, 2872, 0, 0
5910, 65, 818, 1220, 1, 0, 4.38%, 0, 0, 13, 745.11, 2974624, 2872, 0, 0
5915, 65, 949, 1220, 1, 0, 4.38%, 0, 0, 13, 128.94, 2978152, 2872, 0, 0
5920, 65, 1118, 1220, 1, 0, 4.38%, 0, 0, 13, 845.22, 2981921, 2872, 0, 0
5926, 65, 1218, 1220, 1, 0, 4.38%, 0, 0, 13, 737.31, 2985578, 2872, 0, 0
5931, 66, 105, 1220, 0, 0, 4.38%, 0, 0, 13, 827.49, 2990009, 2872, 0, 0
5936, 66, 185, 1220, 0, 0, 4.38%, 0, 0, 13, 745.26, 2993638, 2872, 0, 0
5941, 66, 390, 1220, 0, 0, 4.38%, 0, 0, 13, 761.60, 2997466, 2872, 0, 0
5946, 66, 576, 1220, 0, 0, 4.38%, 0, 0, 13, 665.75, 3000502, 2872, 0, 0
5951, 66, 665, 1220, 0, 0, 4.38%, 0, 0, 13, 769.72, 3004469, 2872, 0, 0
5956, 66, 760, 1220, 0, 0, 4.38%, 0, 0, 13, 831.44, 3008051, 2872, 0, 0
5961, 66, 867, 1220, 0, 0, 4.38%, 0, 0, 13, 552.56, 3011061, 2872, 0, 0
5967, 66, 1053, 1220, 0, 0, 4.38%, 0, 0, 13, 827.36, 3014468, 2872, 0, 0
5973, 66, 1212, 1220, 0, 0, 4.38%, 0, 0, 13, 758.58, 3018830, 2872, 0, 0
5978, 67, 97, 1220, 0, 0, 4.38%, 0, 0, 13, 824.02, 3022887, 2872, 0, 0
5983, 67, 263, 1220, 0, 0, 4.38%, 0, 0, 13, 762.18, 3026500, 2872, 0, 0
5988, 67, 436, 1220, 0, 0, 4.38%, 0, 0, 13, 734.05, 3030223, 2872, 0, 0
5994, 67, 614, 1220, 0, 0, 4.38%, 0, 0, 13, 725.67, 3033767, 2872, 0, 0
5999, 67, 747, 1220, 0, 0, 4.38%, 0, 0, 13, 808.40, 3037483, 2872, 0, 0
6005, 67, 851, 1220, 0, 0, 4.38%, 0, 0, 13, 734.81, 3041418, 2872, 0, 0
6010, 67, 852, 1220, 0, 0, 4.38%, 0, 0, 13, 41.18, 3042472, 2872, 0, 0
6015, 67, 907, 1220, 0, 0, 4.38%, 0, 0, 13, 618.90, 3044042, 2872, 0, 0
6020, 67, 981, 1220, 0, 0, 4.38%, 0, 0, 13, 574.45, 3045923, 2872, 0, 0
6025, 67, 1153, 1220, 0, 0, 4.38%, 0, 0, 13, 85.31, 3048521, 2872, 0, 0
6030, 67, 1188, 1220, 0, 0, 4.38%, 0, 0, 13, 47.08, 3050834, 2872, 0, 0
6035, 68, 54, 1220, 0, 0, 4.38%, 0, 0, 13, 67.78, 3053420, 2872, 0, 0
6040, 68, 113, 1220, 0, 0, 4.38%, 0, 0, 13, 787.98, 3056169, 2872, 0, 0
6046, 68, 230, 1220, 0, 0, 4.38%, 0, 0, 13, 532.24, 3058765, 2872, 0, 0
6051, 68, 817, 1234, 14, 4, 4.39%, 0, 0, 13, 673.08, 3060579, 2878, 0, 0
6057, 68, 1204, 1234, 14, 4, 4.39%, 0, 0, 13, 410.89, 3062041, 2878, 0, 0
6062, 68, 1232, 1234, 10, 0, 4.39%, 0, 0, 13, 61.06, 3064523, 2878, 0, 0
6067, 69, 25, 1234, 8, 0, 4.39%, 0, 0, 13, 68.66, 3066789, 2878, 0, 0
6072, 69, 92, 1234, 8, 0, 4.39%, 0, 0, 13, 68.33, 3069437, 2878, 0, 0
6077, 69, 167, 1234, 8, 0, 4.39%, 0, 0, 13, 835.67, 3071705, 2878, 0, 0
6082, 69, 278, 1234, 8, 0, 4.39%, 0, 0, 13, 613.49, 3073767, 2878, 0, 0
6089, 69, 344, 1234, 8, 0, 4.39%, 0, 0, 13, 757.25, 3076535, 2878, 0, 0
6094, 69, 471, 1234, 8, 0, 4.39%, 0, 0, 13, 516.18, 3078145, 2878, 0, 0
6099, 69, 532, 1234, 8, 0, 4.39%, 0, 0, 13, 615.62, 3079670, 2878, 0, 0
6105, 69, 579, 1234, 8, 0, 4.39%, 0, 0, 13, 67.32, 3081606, 2878, 0, 0
6110, 69, 638, 1234, 8, 0, 4.39%, 0, 0, 13, 68.58, 3084093, 2878, 0, 0
6115, 69, 690, 1234, 8, 0, 4.39%, 0, 0, 13, 774.91, 3086350, 2878, 0, 0
6120, 69, 767, 1234, 8, 0, 4.39%, 0, 0, 13, 596.38, 3088620, 2878, 0, 0
6125, 69, 814, 1234, 8, 0, 4.39%, 0, 0, 13, 698.29, 3090000, 2878, 0, 0
6131, 69, 889, 1234, 8, 0, 4.39%, 0, 0, 13, 694.04, 3091519, 2878, 0, 0
6136, 69, 994, 1234, 8, 0, 4.39%, 0, 0, 13, 67.53, 3093391, 2878, 0, 0
6141, 69, 1050, 1234, 8, 0, 4.39%, 0, 0, 13, 57.60, 3095505, 2878, 0, 0
6146, 69, 1191, 1234, 8, 0, 4.39%, 0, 0, 13, 67.48, 3097670, 2878, 0, 0
6151, 69, 1226, 1234, 6, 0, 4.39%, 0, 0, 13, 690.74, 3099713, 2878, 0, 0
6156, 69, 1229, 1234, 5, 0, 4.39%, 0, 0, 13, 833.42, 3101056, 2878, 0, 0
6161, 70, 46, 1234, 4, 0, 4.39%, 0, 0, 13, 64.92, 3102724, 2878, 0, 0
6166, 70, 95, 1234, 4, 0, 4.39%, 0, 0, 13, 68.91, 3105152, 2878, 0, 0
6172, 70, 167, 1234, 4, 0, 4.39%, 0, 0, 13, 65.49, 3107462, 2878, 0, 0
6177, 70, 245, 1234, 4, 0, 4.39%, 0, 0, 13, 501.42, 3109114, 2878, 0, 0
6182, 70, 317, 1234, 4, 0, 4.39%, 0, 0, 13, 466.30, 3110442, 2878, 0, 0
6187, 70, 390, 1234, 4, 0, 4.39%, 0, 0, 13, 63.16, 3112026, 2878, 0, 0
6192, 70, 509, 1234, 4, 0, 4.39%, 0, 0, 13, 68.64, 3114073, 2878, 0, 0
6197, 70, 517, 1234, 4, 0, 4.39%, 0, 0, 13, 50.94, 3115521, 2878, 0, 0
6203, 70, 598, 1234, 4, 0, 4.39%, 0, 0, 13, 67.83, 3117335, 2878, 0, 0
6208, 70, 643, 1234, 4, 0, 4.39%, 0, 0, 13, 609.47, 3119369, 2878, 0, 0
6213, 70, 703, 1234, 4, 0, 4.39%, 0, 0, 13, 533.13, 3120796, 2878, 0, 0
6218, 70, 744, 1234, 4, 0, 4.39%, 0, 0, 13, 630.85, 3122110, 2878, 0, 0
6223, 70, 812, 1234, 4, 0, 4.39%, 0, 0, 13, 59.45, 3123776, 2878, 0, 0
6228, 70, 854, 1234, 4, 0, 4.39%, 0, 0, 13, 53.00, 3125655, 2878, 0, 0
6233, 70, 894, 1234, 4, 0, 4.39%, 0, 0, 13, 60.89, 3127547, 2878, 0, 0
6238, 70, 977, 1234, 4, 0, 4.39%, 0, 0, 13, 54.02, 3129527, 2878, 0, 0
6244, 70, 1073, 1234, 4, 0, 4.39%, 0, 0, 13, 503.51, 3131311, 2878, 0, 0
6249, 70, 1144, 1234, 4, 0, 4.39%, 0, 0, 13, 720.85, 3132748, 2878, 0, 0
6254, 70, 1226, 1234, 4, 0, 4.39%, 0, 0, 13, 855.59, 3134152, 2878, 0, 0
6259, 71, 25, 1234, 3, 0, 4.39%, 0, 0, 13, 73.31, 3135773, 2878, 0, 0
6264, 71, 84, 1234, 3, 0, 4.39%, 0, 0, 13, 80.06, 3137782, 2878, 0, 0
6269, 71, 131, 1234, 3, 0, 4.39%, 0, 0, 13, 67.04, 3139923, 2878, 0, 0
6275, 71, 150, 1234, 3, 0, 4.39%, 0, 0, 13, 63.11, 3141856, 2878, 0, 0
6280, 71, 185, 1234, 3, 0, 4.39%, 0, 0, 13, 580.54, 3143769, 2878, 0, 0
6285, 71, 278, 1234, 3, 0, 4.39%, 0, 0, 13, 503.77, 3144784, 2878, 0, 0
6290, 71, 354, 1234, 3, 0, 4.39%, 0, 0, 13, 66.28, 3146501, 2878, 0, 0
6295, 71, 503, 1234, 3, 0, 4.39%, 0, 0, 13, 65.02, 3148564, 2878, 0, 0
6300, 71, 582, 1234, 3, 0, 4.39%, 0, 0, 13, 584.09, 3150815, 2878, 0, 0
6305, 71, 617, 1234, 3, 0, 4.39%, 0, 0, 13, 576.16, 3151826, 2878, 0, 0
6310, 71, 666, 1234, 3, 0, 4.39%, 0, 0, 13, 67.30, 3153488, 2878, 0, 0
6315, 71, 746, 1234, 3, 0, 4.39%, 0, 0, 13, 101.61, 3155631, 2878, 0, 0
6321, 71, 757, 1234, 3, 0, 4.39%, 0, 0, 13, 67.09, 3157407, 2878, 0, 0
6326, 71, 804, 1234, 3, 0, 4.39%, 0, 0, 13, 682.80, 3158840, 2878, 0, 0
6331, 71, 860, 1234, 3, 0, 4.39%, 0, 0, 13, 605.00, 3159869, 2878, 0, 0
6336, 71, 895, 1234, 3, 0, 4.39%, 0, 0, 13, 66.99, 3161462, 2878, 0, 0
6341, 71, 907, 1234, 3, 0, 4.39%, 0, 0, 13, 81.61, 3162112, 2878, 0, 0
6346, 71, 1012, 1234, 3, 0, 4.39%, 0, 0, 13, 654.84, 3164176, 2878, 0, 0
6351, 71, 1139, 1234, 3, 0, 4.39%, 0, 0, 13, 811.95, 3165630, 2878, 0, 0
6357, 71, 1210, 1234, 3, 0, 4.39%, 0, 0, 13, 71.59, 3166802, 2878, 0, 0
6362, 71, 1226, 1234, 3, 0, 4.39%, 0, 0, 13, 66.86, 3168877, 2878, 0, 0
6367, 72, 54, 1234, 3, 0, 4.39%, 0, 0, 13, 66.99, 3171093, 2878, 0, 0
6372, 72, 101, 1234, 3, 0, 4.39%, 0, 0, 13, 831.55, 3173340, 2878, 0, 0
6377, 72, 136, 1234, 3, 0, 4.39%, 0, 0, 13, 842.40, 3174795, 2878, 0, 0
6382, 72, 177, 1234, 3, 0, 4.39%, 0, 0, 13, 58.28, 3175848, 2878, 0, 0
6387, 72, 186, 1234, 3, 0, 4.39%, 0, 0, 13, 65.99, 3177848, 2878, 0, 0
6392, 72, 327, 1234, 3, 0, 4.39%, 0, 0, 13, 67.03, 3179993, 2878, 0, 0
6399, 72, 347, 1234, 3, 0, 4.39%, 0, 0, 13, 706.26, 3182095, 2878, 0, 0
6404, 72, 509, 1234, 3, 0, 4.39%, 0, 0, 13, 552.94, 3183603, 2878, 0, 0
6409, 72, 526, 1234, 3, 0, 4.39%, 0, 0, 13, 540.24, 3184618, 2878, 0, 0
6414, 72, 572, 1234, 3, 0, 4.39%, 0, 0, 13, 65.58, 3185782, 2878, 0, 0
6419, 72, 612, 1234, 3, 0, 4.39%, 0, 0, 13, 68.48, 3187864, 2878, 0, 0
6424, 72, 623, 1234, 3, 0, 4.39%, 0, 0, 13, 58.60, 3189721, 2878, 0, 0
6429, 72, 695, 1234, 3, 0, 4.39%, 0, 0, 13, 60.61, 3191826, 2878, 0, 0
6434, 72, 764, 1234, 3, 0, 4.39%, 0, 0, 13, 809.71, 3193570, 2878, 0, 0
6440, 72, 814, 1234, 3, 0, 4.39%, 0, 0, 13, 826.91, 3194918, 2878, 0, 0
6445, 72, 871, 1234, 3, 0, 4.39%, 0, 0, 13, 82.71, 3196198, 2878, 0, 0
6450, 72, 927, 1234, 3, 0, 4.39%, 0, 0, 13, 66.60, 3198048, 2878, 0, 0
6456, 72, 1042, 1234, 3, 0, 4.39%, 0, 0, 13, 66.25, 3200180, 2878, 0, 0
6461, 72, 1144, 1234, 3, 0, 4.39%, 0, 0, 13, 68.56, 3201260, 2878, 0, 0
6466, 72, 1224, 1234, 3, 0, 4.39%, 0, 0, 13, 63.05, 3202974, 2878, 0, 0
6471, 73, 11, 1234, 2, 0, 4.39%, 0, 0, 13, 66.19, 3205031, 2878, 0, 0
6477, 73, 73, 1234, 2, 0, 4.39%, 0, 0, 13, 850.34, 3207036, 2878, 0, 0
6482, 73, 94, 1234, 2, 0, 4.39%, 0, 0, 13, 727.81, 3208403, 2878, 0, 0
6487, 73, 136, 1234, 2, 0, 4.39%, 0, 0, 13, 767.24, 3209860, 2878, 0, 0
6492, 73, 239, 1234, 2, 0, 4.39%, 0, 0, 13, 64.42, 3211582, 2878, 0, 0
6497, 73, 285, 1234, 2, 0, 4.39%, 0, 0, 13, 68.24, 3213619, 2878, 0, 0
6502, 73, 362, 1234, 2, 0, 4.39%, 0, 0, 13, 66.84, 3215608, 2878, 0, 0
6507, 73, 538, 1234, 2, 0, 4.39%, 0, 0, 13, 51.28, 3217566, 2878, 0, 0
6512, 73, 580, 1234, 2, 0, 4.39%, 0, 0, 13, 563.94, 3218606, 2878, 0, 0
6518, 73, 621, 1234, 2, 0, 4.39%, 0, 0, 13, 66.35, 3219935, 2878, 0, 0
6523, 73, 674, 1234, 2, 0, 4.39%, 0, 0, 13, 44.85, 3222088, 2878, 0, 0
6528, 73, 704, 1234, 2, 0, 4.39%, 0, 0, 13, 67.69, 3224206, 2878, 0, 0
6533, 73, 783, 1234, 2, 0, 4.39%, 0, 0, 13, 811.05, 3225800, 2878, 0, 0
6538, 73, 813, 1234, 2, 0, 4.39%, 0, 0, 13, 65.61, 3226795, 2878, 0, 0
6543, 73, 898, 1234, 2, 0, 4.39%, 0, 0, 13, 98.14, 3228795, 2878, 0, 0
6548, 73, 921, 1234, 2, 0, 4.39%, 0, 0, 13, 519.94, 3230570, 2878, 0, 0
6554, 73, 976, 1234, 2, 0, 4.39%, 0, 0, 13, 798.13, 3232180, 2878, 0, 0
6559, 73, 1013, 1234, 2, 0, 4.39%, 0, 0, 13, 431.61, 3233396, 2878, 0, 0
6564, 73, 1124, 1234, 2, 0, 4.39%, 0, 0, 13, 49.32, 3234912, 2878, 0, 0
6569, 73, 1128, 1234, 2, 0, 4.39%, 0, 0, 13, 62.42, 3236650, 2878, 0, 0
6574, 73, 1168, 1235, 3, 0, 4.39%, 0, 0, 13, 73.69, 3238730, 2878, 0, 0
6579, 73, 1210, 1235, 3, 0, 4.39%, 0, 0, 13, 565.69, 3239991, 2878, 0, 0
6584, 73, 1225, 1235, 2, 0, 4.39%, 0, 0, 13, 65.97, 3240933, 2878, 0, 0
6590, 73, 1229, 1235, 2, 0, 4.39%, 0, 0, 13, 65.61, 3243186, 2878, 0, 0
6595, 73, 1231, 1235, 2, 0, 4.39%, 0, 0, 13, 61.10, 3245074, 2878, 0, 0
6600, 74, 54, 1235, 2, 0, 4.39%, 0, 0, 13, 842.75, 3247023, 2878, 0, 0
6605, 74, 80, 1235, 2, 0, 4.39%, 0, 0, 13, 737.47, 3248005, 2878, 0, 0
6610, 74, 108, 1235, 2, 0, 4.39%, 0, 0, 13, 67.02, 3249683, 2878, 0, 0
6615, 74, 159, 1235, 2, 0, 4.39%, 0, 0, 13, 64.73, 3251774, 2878, 0, 0
6620, 74, 285, 1235, 2, 0, 4.39%, 0, 0, 13, 68.94, 3253855, 2878, 0, 0
6625, 74, 441, 1235, 2, 0, 4.39%, 0, 0, 13, 829.67, 3255603, 2878, 0, 0
6630, 74, 488, 1235, 2, 0, 4.39%, 0, 0, 13, 794.08, 3256745, 2878, 0, 0
6635, 74, 576, 1235, 2, 0, 4.39%, 0, 0, 13, 66.88, 3258204, 2878, 0, 0
6640, 74, 617, 1235, 2, 0, 4.39%, 0, 0, 13, 63.60, 3260318, 2878, 0, 0
6646, 74, 679, 1235, 2, 0, 4.39%, 0, 0, 13, 56.94, 3262285, 2878, 0, 0
6653, 74, 720, 1239, 6, 1, 4.39%, 0, 0, 13, 499.32, 3264337, 2880, 0, 0
6658, 74, 843, 1239, 6, 1, 4.39%, 0, 0, 13, 117.16, 3264905, 2880, 0, 0
6663, 74, 1161, 1239, 6, 1, 4.39%, 0, 0, 13, 811.24, 3266063, 2880, 0, 0
6668, 74, 1237, 1239, 6, 1, 4.39%, 0, 0, 13, 389.95, 3267428, 2880, 0, 0
6673, 74, 1238, 1239, 5, 0, 4.39%, 0, 0, 13, 57.27, 3268647, 2880, 0, 0
6678, 75, 67, 1239, 4, 0, 4.39%, 0, 0, 13, 68.56, 3270623, 2880, 0, 0
6683, 75, 105, 1239, 4, 0, 4.39%, 0, 0, 13, 111.28, 3272638, 2880, 0, 0
6689, 75, 156, 1239, 4, 0, 4.39%, 0, 0, 13, 822.47, 3274554, 2880, 0, 0
6694, 75, 259, 1239, 4, 0, 4.39%, 0, 0, 13, 65.27, 3276370, 2880, 0, 0
6699, 75, 334, 1239, 4, 0, 4.39%, 0, 0, 13, 526.88, 3277955, 2880, 0, 0
6704, 75, 456, 1239, 4, 0, 4.39%, 0, 0, 13, 833.82, 3279217, 2880, 0, 0
6709, 75, 515, 1239, 4, 0, 4.39%, 0, 0, 13, 67.75, 3280383, 2880, 0, 0
6715, 75, 554, 1239, 4, 0, 4.39%, 0, 0, 13, 54.92, 3281135, 2880, 0, 0
6720, 75, 607, 1239, 4, 0, 4.39%, 0, 0, 13, 89.05, 3282733, 2880, 0, 0
6725, 75, 669, 1239, 4, 0, 4.39%, 0, 0, 13, 65.64, 3284706, 2880, 0, 0
6730, 75, 694, 1239, 4, 0, 4.39%, 0, 0, 13, 697.64, 3286553, 2880, 0, 0
6735, 75, 750, 1239, 4, 0, 4.39%, 0, 0, 13, 680.84, 3287951, 2880, 0, 0
6740, 75, 805, 1239, 4, 0, 4.39%, 0, 0, 13, 59.62, 3289026, 2880, 0, 0
6745, 75, 849, 1239, 4, 0, 4.39%, 0, 0, 13, 48.43, 3290649, 2880, 0, 0
6751, 75, 863, 1239, 4, 0, 4.39%, 0, 0, 13, 577.90, 3292348, 2880, 0, 0
6756, 75, 863, 1239, 4, 0, 4.39%, 0, 0, 13, 317.33, 3293140, 2880, 0, 0
6761, 75, 933, 1239, 4, 0, 4.39%, 0, 0, 13, 63.59, 3294390, 2880, 0, 0
6766, 75, 1017, 1239, 4, 0, 4.39%, 0, 0, 13, 60.56, 3296532, 2880, 0, 0
6771, 75, 1084, 1239, 4, 0, 4.39%, 0, 0, 13, 44.94, 3297998, 2880, 0, 0
6776, 75, 1084, 1239, 4, 0, 4.39%, 0, 0, 13, 296.36, 3298796, 2880, 0, 0
6781, 75, 1093, 1239, 4, 0, 4.39%, 0, 0, 13, 410.00, 3299364, 2880, 0, 0
6786, 75, 1152, 1239, 4, 0, 4.39%, 0, 0, 13, 72.82, 3301275, 2880, 0, 0
6791, 75, 1184, 1239, 4, 0, 4.39%, 0, 0, 13, 54.55, 3303190, 2880, 0, 0
6797, 75, 1217, 1239, 4, 0, 4.39%, 0, 0, 13, 435.96, 3304602, 2880, 0, 0
6802, 75, 1226, 1239, 3, 0, 4.39%, 0, 0, 13, 868.08, 3305682, 2880, 0, 0
6807, 75, 1237, 1239, 2, 0, 4.39%, 0, 0, 13, 66.11, 3307433, 2880, 0, 0
6812, 76, 72, 1239, 2, 0, 4.39%, 0, 0, 13, 85.46, 3309723, 2880, 0, 0
6817, 76, 119, 1239, 2, 0, 4.39%, 0, 0, 13, 732.36, 3311829, 2880, 0, 0
6822, 76, 178, 1239, 2, 0, 4.39%, 0, 0, 13, 605.93, 3313118, 2880, 0, 0
6827, 76, 216, 1239, 2, 0, 4.39%, 0, 0, 13, 58.74, 3314220, 2880, 0, 0
6832, 76, 333, 1239, 2, 0, 4.39%, 0, 0, 13, 64.14, 3316388, 2880, 0, 0
6838, 76, 415, 1239, 2, 0, 4.39%, 0, 0, 13, 60.96, 3318552, 2880, 0, 0
6843, 76, 524, 1239, 2, 0, 4.39%, 0, 0, 13, 760.65, 3320129, 2880, 0, 0
6849, 76, 547, 1239, 2, 0, 4.39%, 0, 0, 13, 471.79, 3321740, 2880, 0, 0
6854, 76, 576, 1239, 2, 0, 4.39%, 0, 0, 13, 856.32, 3322774, 2880, 0, 0
6859, 76, 625, 1239, 2, 0, 4.39%, 0, 0, 13, 66.78, 3324485, 2880, 0, 0
6865, 76, 721, 1239, 2, 0, 4.39%, 0, 0, 13, 66.26, 3326678, 2880, 0, 0
6870, 76, 804, 1239, 2, 0, 4.39%, 0, 0, 13, 67.63, 3328709, 2880, 0, 0
6876, 76, 838, 1239, 2, 0, 4.39%, 0, 0, 13, 569.41, 3330583, 2880, 0, 0
6881, 76, 854, 1239, 2, 0, 4.39%, 0, 0, 13, 666.85, 3331683, 2880, 0, 0
6886, 76, 906, 1239, 2, 0, 4.39%, 0, 0, 13, 868.80, 3332857, 2880, 0, 0
6891, 76, 988, 1239, 2, 0, 4.39%, 0, 0, 13, 66.70, 3334349, 2880, 0, 0
6896, 76, 1063, 1239, 2, 0, 4.39%, 0, 0, 13, 71.79, 3336285, 2880, 0, 0
6901, 76, 1102, 1239, 2, 0, 4.39%, 0, 0, 13, 57.85, 3338112, 2880, 0, 0
6906, 76, 1148, 1240, 3, 0, 4.39%, 0, 0, 13, 67.13, 3340051, 2880, 0, 0
6912, 76, 1178, 1240, 3, 0, 4.39%, 0, 0, 13, 628.86, 3341825, 2880, 0, 0
6917, 76, 1229, 1240, 3, 0, 4.39%, 0, 0, 13, 763.67, 3345843, 2880, 0, 0
6922, 77, 57, 1240, 2, 0, 4.39%, 0, 0, 13, 802.72, 3349822, 2880, 0, 0
6927, 77, 174, 1240, 2, 0, 4.39%, 0, 0, 13, 799.85, 3354056, 2880, 0, 0
6932, 77, 382, 1240, 2, 0, 4.39%, 0, 0, 13, 706.01, 3357519, 2880, 0, 0
6937, 77, 580, 1240, 2, 0, 4.39%, 0, 0, 13, 649.25, 3360706, 2880, 0, 0
6942, 77, 668, 1240, 2, 0, 4.39%, 0, 0, 13, 691.43, 3364275, 2880, 0, 0
6949, 77, 795, 1240, 2, 0, 4.39%, 0, 0, 13, 729.94, 3368848, 2880, 0, 0
6954, 77, 847, 1240, 2, 0, 4.39%, 0, 0, 13, 639.24, 3372030, 2880, 0, 0
6959, 77, 958, 1240, 2, 0, 4.39%, 0, 0, 13, 626.60, 3374864, 2880, 0, 0
6964, 77, 1095, 1240, 2, 0, 4.39%, 0, 0, 13, 659.00, 3378322, 2880, 0, 0
6969, 77, 1197, 1240, 2, 0, 4.39%, 0, 0, 13, 645.62, 3381603, 2880, 0, 0
6974, 78, 7, 1240, 2, 0, 4.39%, 0, 0, 13, 715.93, 3385197, 2880, 0, 0
6979, 78, 119, 1240, 2, 0, 4.39%, 0, 0, 13, 802.44, 3389355, 2880, 0, 0
6985, 78, 337, 1240, 2, 0, 4.39%, 0, 0, 13, 788.53, 3393378, 2880, 0, 0
6990, 78, 521, 1240, 2, 0, 4.39%, 0, 0, 13, 706.99, 3396706, 2880, 0, 0
6995, 78, 636, 1240, 2, 0, 4.39%, 0, 0, 13, 751.61, 3400454, 2880, 0, 0
7000, 78, 792, 1240, 2, 0, 4.39%, 0, 0, 13, 771.88, 3404406, 2880, 0, 0
7005, 78, 867, 1240, 2, 0, 4.39%, 0, 0, 13, 660.83, 3407896, 2880, 0, 0
7010, 78, 1000, 1240, 2, 0, 4.39%, 0, 0, 13, 736.03, 3411835, 2880, 0, 0
7015, 78, 1095, 1240, 2, 0, 4.39%, 0, 0, 13, 634.87, 3414715, 2880, 0, 0
7020, 78, 1236, 1240, 2, 0, 4.39%, 0, 0, 13, 711.94, 3418647, 2880, 0, 0
7025, 79, 95, 1240, 1, 0, 4.39%, 0, 0, 13, 785.46, 3422657, 2880, 0, 0
7030, 79, 257, 1240, 1, 0, 4.39%, 0, 0, 13, 800.59, 3426750, 2880, 0, 0
7036, 79, 428, 1240, 1, 0, 4.39%, 0, 0, 13, 780.84, 3430511, 2880, 0, 0
7041, 79, 581, 1240, 1, 0, 4.39%, 0, 0, 13, 618.66, 3433460, 2880, 0, 0
7046, 79, 770, 1240, 1, 0, 4.39%, 0, 0, 13, 775.54, 3437681, 2880, 0, 0
7051, 79, 847, 1240, 1, 0, 4.39%, 0, 0, 13, 750.06, 3441099, 2880, 0, 0
7056, 79, 1046, 1240, 1, 0, 4.39%, 0, 0, 13, 673.32, 3444426, 2880, 0, 0
7061, 79, 1115, 1240, 1, 0, 4.39%, 0, 0, 13, 507.51, 3447045, 2880, 0, 0
7066, 79, 1227, 1240, 1, 0, 4.39%, 0, 0, 13, 684.91, 3450418, 2880, 0, 0
7072, 80, 59, 1241, 1, 0, 4.39%, 0, 0, 13, 762.76, 3454628, 2880, 0, 0
7077, 80, 167, 1241, 1, 0, 4.39%, 0, 0, 13, 732.77, 3458409, 2880, 0, 0
7082, 80, 324, 1241, 1, 0, 4.39%, 0, 0, 13, 788.97, 3462444, 2880, 0, 0
7087, 80, 523, 1241, 1, 0, 4.39%, 0, 0, 13, 754.67, 3466179, 2880, 0, 0
7092, 80, 682, 1241, 1, 0, 4.39%, 0, 0, 13, 800.85, 3470259, 2880, 0, 0
7097, 80, 809, 1241, 1, 0, 4.39%, 0, 0, 13, 781.31, 3474150, 2880, 0, 0
7102, 80, 974, 1241, 1, 0, 4.39%, 0, 0, 13, 703.42, 3477503, 2880, 0, 0
7107, 80, 1156, 1241, 1, 0, 4.39%, 0, 0, 13, 777.19, 3481540, 2880, 0, 0
7113, 80, 1225, 1241, 1, 0, 4.39%, 0, 0, 13, 787.26, 3485558, 2880, 0, 0
7118, 81, 51, 1241, 1, 0, 4.39%, 0, 0, 13, 788.85, 3489546, 2880, 0, 0
7123, 81, 147, 1241, 1, 0, 4.39%, 0, 0, 13, 799.10, 3493474, 2880, 0, 0
7128, 81, 382, 1241, 1, 0, 4.39%, 0, 0, 13, 805.69, 3497579, 2880, 0, 0
7133, 81, 599, 1241, 1, 0, 4.39%, 0, 0, 13, 740.99, 3501192, 2880, 0, 0
7138, 81, 775, 1241, 1, 0, 4.39%, 0, 0, 13, 784.93, 3505341, 2880, 0, 0
7143, 81, 863, 1241, 1, 0, 4.39%, 0, 0, 13, 682.87, 3508775, 2880, 0, 0
7149, 81, 891, 1241, 1, 0, 4.39%, 0, 0, 13, 624.58, 3512045, 2880, 0, 0
7154, 81, 1102, 1241, 1, 0, 4.39%, 0, 0, 13, 734.37, 3515835, 2880, 0, 0
7159, 81, 1229, 1241, 1, 0, 4.39%, 0, 0, 13, 777.34, 3519755, 2880, 0, 0
7164, 82, 100, 1241, 1, 0, 4.39%, 0, 0, 13, 777.97, 3523620, 2880, 0, 0
7169, 82, 253, 1241, 1, 0, 4.39%, 0, 0, 13, 807.97, 3527758, 2880, 0, 0
7174, 82, 509, 1241, 1, 0, 4.39%, 0, 0, 13, 756.85, 3531618, 2880, 0, 0
7179, 82, 617, 1241, 1, 0, 4.39%, 0, 0, 13, 770.11, 3535521, 2880, 0, 0
7184, 82, 804, 1241, 1, 0, 4.39%, 0, 0, 13, 766.55, 3539456, 2880, 0, 0
7189, 82, 854, 1241, 1, 0, 4.39%, 0, 0, 13, 721.92, 3543045, 2880, 0, 0
7195, 82, 1046, 1241, 1, 0, 4.39%, 0, 0, 13, 720.49, 3546855, 2880, 0, 0
7200, 82, 1229, 1241, 1, 0, 4.39%, 0, 0, 13, 763.20, 3550648, 2880, 0, 0
7205, 83, 101, 1241, 1, 0, 4.39%, 0, 0, 13, 786.30, 3554763, 2880, 0, 0
7210, 83, 167, 1241, 1, 0, 4.39%, 0, 0, 13, 785.06, 3558568, 2880, 0, 0
7215, 83, 435, 1241, 1, 0, 4.39%, 0, 0, 13, 775.26, 3562519, 2880, 0, 0
7220, 83, 606, 1241, 1, 0, 4.39%, 0, 0, 13, 746.60, 3566211, 2880, 0, 0
7225, 83, 686, 1241, 1, 0, 4.39%, 0, 0, 13, 748.93, 3570139, 2880, 0, 0
7230, 83, 820, 1241, 1, 0, 4.39%, 0, 0, 13, 760.62, 3574141, 2880, 0, 0
7235, 83, 982, 1241, 1, 0, 4.39%, 0, 0, 13, 711.16, 3577543, 2880, 0, 0
7240, 83, 1241, 1251, 11, 1, 4.41%, 0, 0, 13, 772.21, 3580044, 2893, 0, 0
7246, 83, 1250, 1254, 12, 2, 4.41%, 0, 0, 13, 694.70, 3583527, 2893, 0, 0
7251, 84, 81, 1254, 10, 0, 4.41%, 0, 0, 13, 779.11, 3587378, 2893, 0, 0
7256, 84, 1256, 1267, 22, 4, 4.44%, 0, 0, 13, 753.55, 3591190, 2907, 0, 0
7261, 84, 1256, 1272, 27, 4, 4.44%, 0, 0, 13, 786.87, 3595051, 2907, 0, 0
7266, 84, 1256, 1272, 27, 4, 4.44%, 0, 0, 13, 809.96, 3598937, 2907, 0, 0
7271, 84, 1256, 1272, 27, 4, 4.44%, 0, 0, 13, 595.07, 3602746, 2907, 0, 0
7276, 84, 1262, 1276, 28, 5, 4.44%, 0, 0, 13, 719.81, 3606835, 2907, 0, 0
7282, 85, 5, 1279, 26, 0, 4.44%, 0, 0, 13, 845.06, 3610421, 2907, 0, 0
7287, 85, 97, 1279, 26, 0, 4.44%, 0, 0, 13, 855.96, 3614321, 2907, 0, 0
7292, 85, 177, 1279, 26, 0, 4.44%, 0, 0, 13, 766.82, 3618234, 2907, 0, 0
7297, 85, 392, 1279, 26, 0, 4.44%, 0, 0, 13, 827.46, 3622104, 2907, 0, 0
7302, 85, 657, 1279, 26, 0, 4.44%, 0, 0, 13, 801.28, 3626489, 2907, 0, 0
7307, 85, 801, 1279, 26, 0, 4.44%, 0, 0, 13, 848.19, 3630684, 2907, 0, 0
7312, 85, 1004, 1279, 26, 0, 4.44%, 0, 0, 13, 99.38, 3634589, 2907, 0, 0
7317, 85, 1174, 1279, 26, 0, 4.44%, 0, 0, 13, 496.05, 3638869, 2907, 0, 0
7322, 85, 1247, 1279, 23, 0, 4.44%, 0, 0, 13, 900.00, 3642975, 2907, 0, 0
7328, 85, 1258, 1279, 20, 0, 4.44%, 0, 0, 13, 844.43, 3647164, 2907, 0, 0
7333, 85, 1274, 1279, 17, 0, 4.44%, 0, 0, 13, 745.00, 3650266, 2907, 0, 0
7338, 86, 109, 1279, 16, 0, 4.44%, 0, 0, 13, 813.67, 3654451, 2907, 0, 0
7345, 86, 314, 1279, 16, 0, 4.44%, 0, 0, 13, 760.54, 3658593, 2907, 0, 0
7350, 86, 541, 1279, 16, 0, 4.44%, 0, 0, 13, 660.27, 3661925, 2907, 0, 0
7355, 86, 698, 1279, 16, 0, 4.44%, 0, 0, 13, 786.90, 3665892, 2907, 0, 0
7360, 86, 837, 1279, 16, 0, 4.44%, 0, 0, 13, 842.05, 3669794, 2907, 0, 0
7365, 86, 887, 1279, 16, 0, 4.44%, 0, 0, 13, 739.13, 3673185, 2907, 0, 0
7370, 86, 1062, 1279, 16, 0, 4.44%, 0, 0, 13, 811.14, 3676981, 2907, 0, 0
7375, 86, 1226, 1279, 16, 0, 4.44%, 0, 0, 13, 890.64, 3680788, 2907, 0, 0
7381, 86, 1267, 1279, 14, 0, 4.44%, 0, 0, 13, 853.96, 3685035, 2907, 0, 0
7386, 87, 49, 1280, 14, 0, 4.44%, 0, 0, 13, 813.38, 3688791, 2909, 0, 0
7391, 87, 145, 1280, 14, 0, 4.44%, 0, 0, 13, 902.66, 3693063, 2909, 0, 0
7396, 87, 353, 1280, 14, 0, 4.44%, 0, 0, 13, 805.99, 3696850, 2909, 0, 0
7401, 87, 537, 1280, 14, 0, 4.44%, 0, 0, 13, 81.25, 3700178, 2909, 0, 0
7406, 87, 638, 1280, 14, 0, 4.44%, 0, 0, 13, 682.03, 3703827, 2909, 0, 0
7411, 87, 813, 1280, 14, 0, 4.44%, 0, 0, 13, 697.02, 3707650, 2909, 0, 0
7416, 87, 845, 1280, 14, 0, 4.44%, 0, 0, 13, 646.95, 3711087, 2909, 0, 0
7421, 87, 943, 1280, 14, 0, 4.44%, 0, 0, 13, 556.68, 3713303, 2909, 0, 0
7426, 87, 1193, 1280, 14, 0, 4.44%, 0, 0, 13, 739.98, 3717203, 2909, 0, 0
7433, 87, 1250, 1280, 14, 0, 4.44%, 0, 0, 13, 701.14, 3721815, 2909, 0, 0
7438, 87, 1274, 1280, 11, 0, 4.44%, 0, 0, 13, 449.12, 3725435, 2909, 0, 0
7443, 88, 92, 1281, 12, 0, 4.44%, 0, 0, 13, 892.67, 3729181, 2909, 0, 0
7448, 88, 256, 1281, 12, 0, 4.44%, 0, 0, 13, 872.08, 3732956, 2909, 0, 0
7453, 88, 390, 1281, 12, 0, 4.44%, 0, 0, 13, 810.94, 3736690, 2909, 0, 0
7459, 88, 570, 1281, 12, 0, 4.44%, 0, 0, 13, 603.17, 3740038, 2909, 0, 0
7464, 88, 703, 1281, 12, 0, 4.44%, 0, 0, 13, 605.89, 3743819, 2909, 0, 0
7469, 88, 837, 1281, 12, 0, 4.44%, 0, 0, 13, 759.38, 3747767, 2909, 0, 0
7474, 88, 855, 1281, 12, 0, 4.44%, 0, 0, 13, 172.46, 3749880, 2909, 0, 0
7479, 88, 1048, 1281, 12, 0, 4.44%, 0, 0, 13, 577.06, 3753083, 2909, 0, 0
7484, 88, 1161, 1281, 12, 0, 4.44%, 0, 0, 13, 761.78, 3756643, 2909, 0, 0
7489, 88, 1242, 1281, 12, 0, 4.44%, 0, 0, 13, 67.34, 3760166, 2909, 0, 0
7494, 88, 1260, 1282, 12, 0, 4.44%, 0, 0, 13, 808.29, 3764243, 2909, 0, 0
7499, 88, 1280, 1284, 12, 0, 4.44%, 0, 0, 13, 673.67, 3768035, 2909, 0, 0
7504, 89, 82, 1284, 10, 0, 4.44%, 0, 0, 13, 83.70, 3771929, 2909, 0, 0
7510, 89, 249, 1284, 10, 0, 4.44%, 0, 0, 13, 808.69, 3776119, 2909, 0, 0
7516, 89, 439, 1284, 10, 0, 4.44%, 0, 0, 13, 814.86, 3780665, 2909, 0, 0
7521, 89, 580, 1284, 10, 0, 4.44%, 0, 0, 13, 688.84, 3783733, 2909, 0, 0
7526, 89, 746, 1284, 10, 0, 4.44%, 0, 0, 13, 836.63, 3787695, 2909, 0, 0
7531, 89, 805, 1284, 10, 0, 4.44%, 0, 0, 13, 64.93, 3789214, 2909, 0, 0
7536, 89, 845, 1284, 10, 0, 4.44%, 0, 0, 13, 690.37, 3790335, 2909, 0, 0
7541, 89, 864, 1284, 10, 0, 4.44%, 0, 0, 13, 60.71, 3791610, 2909, 0, 0
7546, 89, 872, 1284, 10, 0, 4.44%, 0, 0, 13, 66.10, 3793817, 2909, 0, 0
7551, 89, 976, 1284, 10, 0, 4.44%, 0, 0, 13, 68.10, 3795995, 2909, 0, 0
7556, 89, 1053, 1284, 10, 0, 4.44%, 0, 0, 13, 443.38, 3797825, 2909, 0, 0
7561, 89, 1140, 1284, 10, 0, 4.44%, 0, 0, 13, 655.61, 3799959, 2909, 0, 0
7566, 89, 1225, 1284, 10, 0, 4.44%, 0, 0, 13, 757.06, 3801787, 2909, 0, 0
7571, 89, 1255, 1284, 10, 0, 4.44%, 0, 0, 13, 66.73, 3804056, 2909, 0, 0
7577, 89, 1268, 1285, 11, 0, 4.44%, 0, 0, 13, 63.89, 3807225, 2909, 0, 0
7582, 90, 53, 1285, 10, 0, 4.44%, 0, 0, 13, 883.22, 3810021, 2909, 0, 0
7587, 90, 90, 1285, 10, 0, 4.44%, 0, 0, 13, 912.98, 3812167, 2909, 0, 0
7592, 90, 131, 1285, 10, 0, 4.44%, 0, 0, 13, 709.28, 3814001, 2909, 0, 0
7597, 90, 263, 1285, 10, 0, 4.44%, 0, 0, 13, 65.70, 3816429, 2909, 0, 0
7602, 90, 372, 1285, 10, 0, 4.44%, 0, 0, 13, 66.67, 3818915, 2909, 0, 0
7607, 90, 562, 1285, 10, 0, 4.44%, 0, 0, 13, 60.73, 3821263, 2909, 0, 0
7612, 90, 638, 1285, 10, 0, 4.44%, 0, 0, 13, 826.31, 3823641, 2909, 0, 0
7618, 90, 721, 1285, 10, 0, 4.44%, 0, 0, 13, 895.05, 3825485, 2909, 0, 0
7623, 90, 802, 1285, 10, 0, 4.44%, 0, 0, 13, 532.09, 3827150, 2909, 0, 0
7628, 90, 821, 1285, 10, 0, 4.44%, 0, 0, 13, 62.27, 3829414, 2909, 0, 0
7633, 90, 876, 1285, 10, 0, 4.44%, 0, 0, 13, 59.95, 3831450, 2909, 0, 0
7638, 90, 1028, 1285, 10, 0, 4.44%, 0, 0, 13, 68.60, 3833762, 2909, 0, 0
7644, 90, 1067, 1285, 10, 0, 4.44%, 0, 0, 13, 464.13, 3835357, 2909, 0, 0
7649, 90, 1149, 1285, 10, 0, 4.44%, 0, 0, 13, 721.93, 3836985, 2909, 0, 0
7654, 90, 1181, 1285, 10, 0, 4.44%, 0, 0, 13, 477.68, 3838463, 2909, 0, 0
7659, 90, 1246, 1286, 11, 1, 4.44%, 0, 0, 13, 64.75, 3840256, 2911, 0, 0
7664, 91, 50, 1286, 10, 0, 4.44%, 0, 0, 13, 71.97, 3842673, 2911, 0, 0
7669, 91, 97, 1286, 10, 0, 4.44%, 0, 0, 13, 71.70, 3845147, 2911, 0, 0
7674, 91, 160, 1286, 10, 0, 4.44%, 0, 0, 13, 903.79, 3847193, 2911, 0, 0
7680, 91, 254, 1286, 10, 0, 4.44%, 0, 0, 13, 828.91, 3848715, 2911, 0, 0
7685, 91, 329, 1286, 10, 0, 4.44%, 0, 0, 13, 68.86, 3850364, 2911, 0, 0
7690, 91, 461, 1286, 10, 0, 4.44%, 0, 0, 13, 53.48, 3852610, 2911, 0, 0
7695, 91, 543, 1286, 10, 0, 4.44%, 0, 0, 13, 59.48, 3854467, 2911, 0, 0
7700, 91, 617, 1286, 10, 0, 4.44%, 0, 0, 13, 670.94, 3856308, 2911, 0, 0
7705, 91, 665, 1286, 10, 0, 4.44%, 0, 0, 13, 902.52, 3857661, 2911, 0, 0
7710, 91, 729, 1286, 10, 0, 4.44%, 0, 0, 13, 57.09, 3859429, 2911, 0, 0
7715, 91, 805, 1286, 10, 0, 4.44%, 0, 0, 13, 69.37, 3861689, 2911, 0, 0
7720, 91, 852, 1286, 10, 0, 4.44%, 0, 0, 13, 50.64, 3863727, 2911, 0, 0
7726, 91, 872, 1286, 10, 0, 4.44%, 0, 0, 13, 712.93, 3865677, 2911, 0, 0
7731, 91, 947, 1286, 10, 0, 4.44%, 0, 0, 13, 488.39, 3867427, 2911, 0, 0
7736, 91, 1023, 1286, 10, 0, 4.44%, 0, 0, 13, 827.77, 3868821, 2911, 0, 0
7741, 91, 1043, 1286, 10, 0, 4.44%, 0, 0, 13, 50.21, 3869952, 2911, 0, 0
7746, 91, 1069, 1286, 10, 0, 4.44%, 0, 0, 13, 69.23, 3871479, 2911, 0, 0
7752, 91, 1146, 1286, 10, 0, 4.44%, 0, 0, 13, 54.98, 3873145, 2911, 0, 0
7757, 91, 1243, 1286, 10, 0, 4.44%, 0, 0, 13, 93.69, 3875134, 2911, 0, 0
7762, 91, 1266, 1286, 8, 0, 4.44%, 0, 0, 13, 658.45, 3877226, 2911, 0, 0
7767, 91, 1273, 1287, 9, 0, 4.44%, 0, 0, 13, 904.76, 3878659, 2911, 0, 0
7773, 91, 1278, 1288, 9, 0, 4.44%, 0, 0, 13, 679.66, 3880472, 2911, 0, 0
7778, 92, 33, 1288, 8, 0, 4.44%, 0, 0, 13, 71.97, 3882071, 2911, 0, 0
7783, 92, 85, 1288, 8, 0, 4.44%, 0, 0, 13, 71.15, 3884327, 2911, 0, 0
7790, 92, 143, 1288, 8, 0, 4.44%, 0, 0, 13, 72.75, 3886678, 2911, 0, 0
7795, 92, 259, 1288, 8, 0, 4.44%, 0, 0, 13, 70.96, 3888550, 2911, 0, 0
7800, 92, 353, 1288, 8, 0, 4.44%, 0, 0, 13, 68.79, 3890672, 2911, 0, 0
7805, 92, 433, 1288, 8, 0, 4.44%, 0, 0, 13, 57.27, 3892375, 2911, 0, 0
7810, 92, 544, 1288, 8, 0, 4.44%, 0, 0, 13, 828.02, 3893820, 2911, 0, 0
7815, 92, 562, 1288, 8, 0, 4.44%, 0, 0, 13, 60.67, 3894746, 2911, 0, 0
7822, 92, 642, 1288, 8, 0, 4.44%, 0, 0, 13, 70.27, 3897279, 2911, 0, 0
7827, 92, 751, 1288, 8, 0, 4.44%, 0, 0, 13, 69.00, 3899645, 2911, 0, 0
7832, 92, 847, 1288, 8, 0, 4.44%, 0, 0, 13, 48.25, 3901800, 2911, 0, 0
7837, 92, 912, 1288, 8, 0, 4.44%, 0, 0, 13, 433.01, 3903190, 2911, 0, 0
7844, 92, 938, 1288, 8, 0, 4.44%, 0, 0, 13, 796.51, 3905331, 2911, 0, 0
7849, 92, 1012, 1288, 8, 0, 4.44%, 0, 0, 13, 634.57, 3906255, 2911, 0, 0
7854, 92, 1112, 1292, 12, 0, 4.44%, 0, 0, 13, 60.08, 3908327, 2911, 0, 0
7859, 92, 1229, 1294, 14, 0, 4.44%, 0, 0, 13, 66.79, 3910477, 2911, 0, 0
7864, 92, 1251, 1295, 15, 0, 4.44%, 0, 0, 13, 828.40, 3912456, 2911, 0, 0
7869, 92, 1255, 1295, 14, 0, 4.44%, 0, 0, 13, 541.58, 3913264, 2911, 0, 0
7875, 92, 1267, 1295, 14, 0, 4.44%, 0, 0, 13, 70.63, 3915187, 2911, 0, 0
7881, 92, 1286, 1295, 14, 0, 4.44%, 0, 0, 13, 70.34, 3917759, 2911, 0, 0
7886, 93, 13, 1297, 13, 0, 4.44%, 0, 0, 13, 72.85, 3919724, 2911, 0, 0
7892, 93, 80, 1297, 13, 0, 4.44%, 0, 0, 13, 859.19, 3922033, 2911, 0, 0
7897, 93, 105, 1297, 13, 0, 4.44%, 0, 0, 13, 627.59, 3923508, 2911, 0, 0
7902, 93, 145, 1297, 13, 0, 4.44%, 0, 0, 13, 880.00, 3924927, 2911, 0, 0
7907, 93, 235, 1297, 13, 0, 4.44%, 0, 0, 13, 68.97, 3926897, 2911, 0, 0
7912, 93, 353, 1297, 13, 0, 4.44%, 0, 0, 13, 71.00, 3929085, 2911, 0, 0
7917, 93, 512, 1297, 13, 0, 4.44%, 0, 0, 13, 71.09, 3931079, 2911, 0, 0
7922, 93, 523, 1297, 13, 0, 4.44%, 0, 0, 13, 665.53, 3932569, 2911, 0, 0
7927, 93, 582, 1297, 13, 0, 4.44%, 0, 0, 13, 565.48, 3933930, 2911, 0, 0
7932, 93, 628, 1297, 13, 0, 4.44%, 0, 0, 13, 70.16, 3935502, 2911, 0, 0
7938, 93, 698, 1297, 13, 0, 4.44%, 0, 0, 13, 69.08, 3937723, 2911, 0, 0
7943, 93, 807, 1297, 13, 0, 4.44%, 0, 0, 13, 707.72, 3939940, 2911, 0, 0
7948, 93, 834, 1297, 13, 0, 4.44%, 0, 0, 13, 58.82, 3942030, 2911, 0, 0
7954, 93, 865, 1297, 13, 0, 4.44%, 0, 0, 13, 545.83, 3943575, 2911, 0, 0
7959, 93, 865, 1297, 13, 0, 4.44%, 0, 0, 13, 46.04, 3943785, 2911, 0, 0
7964, 93, 873, 1297, 13, 0, 4.44%, 0, 0, 13, 492.54, 3944671, 2911, 0, 0
7969, 93, 907, 1297, 13, 0, 4.44%, 0, 0, 13, 38.74, 3945894, 2911, 0, 0
7974, 93, 1073, 1297, 13, 0, 4.44%, 0, 0, 13, 60.38, 3947912, 2911, 0, 0
7979, 93, 1138, 1297, 13, 0, 4.44%, 0, 0, 13, 43.43, 3949807, 2911, 0, 0
7984, 93, 1174, 1297, 13, 0, 4.44%, 0, 0, 13, 70.87, 3951839, 2911, 0, 0
7990, 93, 1246, 1297, 13, 0, 4.44%, 0, 0, 13, 862.28, 3953774, 2911, 0, 0
7995, 93, 1259, 1297, 13, 0, 4.44%, 0, 0, 13, 822.13, 3954998, 2911, 0, 0
8000, 93, 1270, 1297, 13, 0, 4.44%, 0, 0, 13, 910.00, 3956178, 2911, 0, 0
8005, 93, 1283, 1297, 13, 0, 4.44%, 0, 0, 13, 66.94, 3958013, 2911, 0, 0
8010, 94, 15, 1297, 9, 0, 4.44%, 0, 0, 13, 72.68, 3960088, 2911, 0, 0
8015, 94, 72, 1297, 9, 0, 4.44%, 0, 0, 13, 84.43, 3962254, 2911, 0, 0
8020, 94, 119, 1297, 9, 0, 4.44%, 0, 0, 13, 128.23, 3964477, 2911, 0, 0
8026, 94, 148, 1297, 9, 0, 4.44%, 0, 0, 13, 591.04, 3966406, 2911, 0, 0
8031, 94, 184, 1297, 9, 0, 4.44%, 0, 0, 13, 843.79, 3968132, 2911, 0, 0
8036, 94, 276, 1297, 9, 0, 4.44%, 0, 0, 13, 70.80, 3969331, 2911, 0, 0
8042, 94, 462, 1297, 9, 0, 4.44%, 0, 0, 13, 68.56, 3971718, 2911, 0, 0
8047, 94, 534, 1297, 9, 0, 4.44%, 0, 0, 13, 56.07, 3973821, 2911, 0, 0
8052, 94, 576, 1297, 9, 0, 4.44%, 0, 0, 13, 623.95, 3975327, 2911, 0, 0
8057, 94, 607, 1297, 9, 0, 4.44%, 0, 0, 13, 475.00, 3976325, 2911, 0, 0
8063, 94, 695, 1297, 9, 0, 4.44%, 0, 0, 13, 70.30, 3978630, 2911, 0, 0
8068, 94, 729, 1297, 9, 0, 4.44%, 0, 0, 13, 66.65, 3980990, 2911, 0, 0
8073, 94, 805, 1297, 9, 0, 4.44%, 0, 0, 13, 739.99, 3983096, 2911, 0, 0
8078, 94, 818, 1297, 9, 0, 4.44%, 0, 0, 13, 881.27, 3983956, 2911, 0, 0
8083, 94, 933, 1297, 9, 0, 4.44%, 0, 0, 13, 63.67, 3985597, 2911, 0, 0
8088, 94, 973, 1297, 9, 0, 4.44%, 0, 0, 13, 75.54, 3987026, 2911, 0, 0
8093, 94, 1073, 1297, 9, 0, 4.44%, 0, 0, 13, 555.61, 3988803, 2911, 0, 0
8099, 94, 1152, 1297, 9, 0, 4.44%, 0, 0, 13, 669.92, 3989982, 2911, 0, 0
8104, 94, 1177, 1297, 9, 0, 4.44%, 0, 0, 13, 47.05, 3991621, 2911, 0, 0
8109, 94, 1233, 1297, 9, 0, 4.44%, 0, 0, 13, 56.29, 3993711, 2911, 0, 0
8114, 94, 1252, 1297, 9, 0, 4.44%, 0, 0, 13, 633.94, 3995912, 2911, 0, 0
8120, 94, 1262, 1297, 9, 0, 4.44%, 0, 0, 13, 803.50, 3997542, 2911, 0, 0
8125, 94, 1268, 1297, 9, 0, 4.44%, 0, 0, 13, 72.09, 3998426, 2911, 0, 0
8130, 94, 1297, 1298, 10, 1, 4.45%, 0, 0, 13, 68.65, 4000588, 2914, 0, 0
8135, 95, 73, 1298, 9, 0, 4.45%, 0, 0, 13, 72.80, 4002894, 2914, 0, 0
8140, 95, 109, 1298, 9, 0, 4.45%, 0, 0, 13, 596.14, 4004836, 2914, 0, 0
8145, 95, 152, 1298, 9, 0, 4.45%, 0, 0, 13, 839.02, 4006005, 2914, 0, 0
8150, 95, 255, 1298, 9, 0, 4.45%, 0, 0, 13, 101.90, 4007679, 2914, 0, 0
8155, 95, 333, 1298, 9, 0, 4.45%, 0, 0, 13, 68.66, 4009930, 2914, 0, 0
8160, 95, 346, 1298, 9, 0, 4.45%, 0, 0, 13, 64.77, 4011855, 2914, 0, 0
8165, 95, 512, 1298, 9, 0, 4.45%, 0, 0, 13, 658.88, 4013830, 2914, 0, 0
8170, 95, 537, 1298, 9, 0, 4.45%, 0, 0, 13, 596.29, 4014641, 2914, 0, 0
8175, 95, 582, 1298, 9, 0, 4.45%, 0, 0, 13, 67.40, 4015812, 2914, 0, 0
8181, 95, 634, 1298, 9, 0, 4.45%, 0, 0, 13, 71.25, 4017893, 2914, 0, 0
8186, 95, 695, 1298, 9, 0, 4.45%, 0, 0, 13, 69.61, 4019945, 2914, 0, 0
8191, 95, 703, 1298, 9, 0, 4.45%, 0, 0, 13, 71.89, 4021944, 2914, 0, 0
8196, 95, 797, 1298, 9, 0, 4.45%, 0, 0, 13, 696.78, 4024079, 2914, 0, 0
8201, 95, 818, 1299, 10, 0, 4.45%, 0, 0, 13, 830.47, 4025523, 2914, 0, 0
8206, 95, 853, 1299, 10, 0, 4.45%, 0, 0, 13, 74.14, 4026291, 2914, 0, 0
8211, 95, 888, 1299, 10, 0, 4.45%, 0, 0, 13, 85.51, 4026822, 2914, 0, 0
8216, 95, 929, 1299, 10, 0, 4.45%, 0, 0, 13, 62.89, 4028791, 2914, 0, 0
8221, 95, 1028, 1299, 10, 0, 4.45%, 0, 0, 13, 71.56, 4030759, 2914, 0, 0
8227, 95, 1115, 1299, 10, 0, 4.45%, 0, 0, 13, 111.16, 4032512, 2914, 0, 0
8232, 95, 1115, 1299, 10, 0, 4.45%, 0, 0, 13, 210.09, 4033367, 2914, 0, 0
8237, 95, 1154, 1299, 10, 0, 4.45%, 0, 0, 13, 699.45, 4034613, 2914, 0, 0
8242, 95, 1195, 1299, 10, 0, 4.45%, 0, 0, 13, 97.14, 4036021, 2914, 0, 0
8247, 95, 1233, 1299, 10, 0, 4.45%, 0, 0, 13, 87.19, 4037597, 2914, 0, 0
8252, 95, 1262, 1299, 10, 0, 4.45%, 0, 0, 13, 69.21, 4039600, 2914, 0, 0
8257, 95, 1275, 1299, 10, 0, 4.45%, 0, 0, 13, 68.97, 4041858, 2914, 0, 0
8262, 95, 1282, 1300, 9, 0, 4.45%, 0, 0, 13, 880.22, 4043240, 2914, 0, 0
8267, 95, 1296, 1300, 7, 0, 4.45%, 0, 0, 13, 75.59, 4044360, 2914, 0, 0
8272, 95, 1299, 1302, 8, 0, 4.45%, 0, 0, 13, 100.43, 4046341, 2914, 0, 0
8277, 95, 1299, 1303, 9, 0, 4.45%, 0, 0, 13, 664.14, 4048202, 2914, 0, 0
8284, 95, 1301, 1303, 8, 0, 4.45%, 0, 0, 13, 517.69, 4049440, 2914, 0, 0
8289, 95, 1301, 1303, 8, 0, 4.45%, 0, 0, 13, 69.08, 4050113, 2914, 0, 0
8294, 96, 73, 1303, 7, 0, 4.45%, 0, 0, 13, 70.62, 4052526, 2914, 0, 0
8299, 96, 125, 1303, 7, 0, 4.45%, 0, 0, 13, 70.09, 4055027, 2914, 0, 0
8305, 96, 213, 1303, 7, 0, 4.45%, 0, 0, 13, 848.05, 4056997, 2914, 0, 0
8310, 96, 253, 1303, 7, 0, 4.45%, 0, 0, 13, 875.00, 4057874, 2914, 0, 0
8315, 96, 353, 1303, 7, 0, 4.45%, 0, 0, 13, 69.55, 4060025, 2914, 0, 0
8320, 96, 512, 1303, 7, 0, 4.45%, 0, 0, 13, 130.21, 4062188, 2914, 0, 0
8325, 96, 606, 1303, 7, 0, 4.45%, 0, 0, 13, 703.49, 4064046, 2914, 0, 0
8330, 96, 640, 1303, 7, 0, 4.45%, 0, 0, 13, 580.04, 4065291, 2914, 0, 0
8335, 96, 653, 1303, 7, 0, 4.45%, 0, 0, 13, 71.65, 4066732, 2914, 0, 0
8340, 96, 764, 1303, 7, 0, 4.45%, 0, 0, 13, 71.67, 4068961, 2914, 0, 0
8346, 96, 837, 1303, 7, 0, 4.45%, 0, 0, 13, 68.19, 4071141, 2914, 0, 0
8351, 96, 922, 1303, 7, 0, 4.45%, 0, 0, 13, 711.99, 4072665, 2914, 0, 0
8356, 96, 951, 1303, 7, 0, 4.45%, 0, 0, 13, 870.00, 4073766, 2914, 0, 0
8361, 96, 1093, 1303, 7, 0, 4.45%, 0, 0, 13, 89.61, 4075708, 2914, 0, 0
8366, 96, 1193, 1303, 7, 0, 4.45%, 0, 0, 13, 62.17, 4077827, 2914, 0, 0
8372, 96, 1256, 1303, 7, 0, 4.45%, 0, 0, 13, 138.21, 4079931, 2914, 0, 0
8377, 96, 1276, 1303, 7, 0, 4.45%, 0, 0, 13, 163.87, 4082270, 2914, 0, 0
8382, 96, 1297, 1303, 4, 0, 4.45%, 0, 0, 13, 821.85, 4083947, 2914, 0, 0
8387, 96, 1300, 1303, 4, 0, 4.45%, 0, 0, 13, 707.04, 4085307, 2914, 0, 0
8392, 97, 15, 1304, 4, 0, 4.45%, 0, 0, 13, 70.56, 4086718, 2914, 0, 0
8397, 97, 81, 1304, 4, 0, 4.45%, 0, 0, 13, 71.29, 4088935, 2914, 0, 0
8403, 97, 119, 1304, 4, 0, 4.45%, 0, 0, 13, 97.08, 4090987, 2914, 0, 0
8408, 97, 166, 1304, 4, 0, 4.45%, 0, 0, 13, 144.03, 4093029, 2914, 0, 0
8413, 97, 185, 1304, 4, 0, 4.45%, 0, 0, 13, 620.52, 4094930, 2914, 0, 0
8418, 97, 285, 1304, 4, 0, 4.45%, 0, 0, 13, 803.71, 4096359, 2914, 0, 0
8423, 97, 385, 1304, 4, 0, 4.45%, 0, 0, 13, 459.34, 4097859, 2914, 0, 0
8428, 97, 417, 1304, 4, 0, 4.45%, 0, 0, 13, 47.43, 4099150, 2914, 0, 0
8433, 97, 559, 1304, 4, 0, 4.45%, 0, 0, 13, 89.02, 4101112, 2914, 0, 0
8438, 97, 634, 1304, 4, 0, 4.45%, 0, 0, 13, 69.46, 4103189, 2914, 0, 0
8445, 97, 737, 1304, 4, 0, 4.45%, 0, 0, 13, 761.25, 4106910, 2914, 0, 0
8450, 97, 856, 1304, 4, 0, 4.45%, 0, 0, 13, 735.73, 4110768, 2914, 0, 0
8455, 97, 975, 1312, 12, 2, 4.45%, 0, 0, 13, 746.29, 4114450, 2917, 0, 0
8460, 98, 35, 1314, 9, 0, 4.45%, 0, 0, 13, 758.42, 4118364, 2917, 0, 0
8465, 98, 122, 1314, 9, 0, 4.45%, 0, 0, 13, 730.10, 4122014, 2917, 0, 0
8470, 98, 288, 1314, 9, 0, 4.45%, 0, 0, 13, 777.44, 4125913, 2917, 0, 0
8475, 98, 479, 1314, 9, 0, 4.45%, 0, 0, 13, 772.48, 4129328, 2917, 0, 0
8480, 98, 634, 1314, 9, 0, 4.45%, 0, 0, 13, 791.33, 4133272, 2917, 0, 0
8485, 98, 783, 1314, 9, 0, 4.45%, 0, 0, 13, 788.47, 4137415, 2917, 0, 0
8491, 98, 856, 1314, 9, 0, 4.45%, 0, 0, 13, 612.81, 4140606, 2917, 0, 0
8496, 98, 924, 1314, 9, 0, 4.45%, 0, 0, 13, 572.09, 4143018, 2917, 0, 0
8501, 98, 1079, 1314, 9, 0, 4.45%, 0, 0, 13, 608.45, 4146287, 2917, 0, 0
8506, 98, 1229, 1314, 9, 0, 4.45%, 0, 0, 13, 583.90, 4149401, 2917, 0, 0
8511, 98, 1297, 1314, 9, 0, 4.45%, 0, 0, 13, 774.38, 4153643, 2917, 0, 0
8516, 98, 1309, 1317, 11, 0, 4.45%, 0, 0, 13, 626.42, 4156589, 2917, 0, 0
8521, 98, 1309, 1318, 12, 0, 4.45%, 0, 0, 13, 582.96, 4159468, 2917, 0, 0
8527, 98, 1318, 1319, 12, 1, 4.45%, 0, 0, 13, 689.98, 4163291, 2917, 0, 0
8532, 99, 103, 1319, 11, 0, 4.45%, 0, 0, 13, 805.75, 4167539, 2917, 0, 0
8537, 99, 254, 1319, 11, 0, 4.45%, 0, 0, 13, 817.53, 4171665, 2917, 0, 0
8542, 99, 509, 1319, 11, 0, 4.45%, 0, 0, 13, 816.45, 4175862, 2917, 0, 0
8547, 99, 665, 1319, 11, 0, 4.45%, 0, 0, 13, 825.05, 4179898, 2917, 0, 0
8554, 99, 827, 1319, 11, 0, 4.45%, 0, 0, 13, 777.10, 4184731, 2917, 0, 0
8559, 99, 898, 1319, 11, 0, 4.45%, 0, 0, 13, 685.00, 4188203, 2917, 0, 0
8564, 99, 1093, 1319, 11, 0, 4.45%, 0, 0, 13, 580.69, 4191592, 2917, 0, 0
8569, 99, 1210, 1321, 13, 0, 4.45%, 0, 0, 13, 764.31, 4195715, 2917, 0, 0
8574, 99, 1270, 1321, 13, 0, 4.45%, 0, 0, 13, 747.62, 4199530, 2917, 0, 0
8579, 99, 1300, 1322, 13, 0, 4.45%, 0, 0, 13, 788.75, 4203458, 2917, 0, 0
8584, 99, 1321, 1323, 11, 0, 4.45%, 0, 0, 13, 779.05, 4207395, 2917, 0, 0
8589, 100, 97, 1323, 10, 0, 4.45%, 0, 0, 13, 845.33, 4211811, 2917, 0, 0
8594, 100, 285, 1323, 10, 0, 4.45%, 0, 0, 13, 784.46, 4215981, 2917, 0, 0
8600, 100, 460, 1323, 10, 0, 4.45%, 0, 0, 13, 788.11, 4220031, 2917, 0, 0
8605, 100, 644, 1323, 10, 0, 4.45%, 0, 0, 13, 872.40, 4224283, 2917, 0, 0
8610, 100, 817, 1323, 10, 0, 4.45%, 0, 0, 13, 842.01, 4228481, 2917, 0, 0
8615, 100, 933, 1323, 10, 0, 4.45%, 0, 0, 13, 728.50, 4231891, 2917, 0, 0
8620, 100, 1093, 1323, 10, 0, 4.45%, 0, 0, 13, 699.39, 4234969, 2917, 0, 0
8625, 100, 1250, 1323, 10, 0, 4.45%, 0, 0, 13, 713.79, 4238656, 2917, 0, 0
8630, 100, 1294, 1323, 10, 0, 4.45%, 0, 0, 13, 754.14, 4242770, 2917, 0, 0
8635, 100, 1303, 1325, 12, 0, 4.45%, 0, 0, 13, 755.53, 4246524, 2917, 0, 0
8640, 100, 1319, 1326, 11, 0, 4.45%, 0, 0, 13, 770.31, 4250425, 2917, 0, 0
8645, 101, 72, 1326, 9, 0, 4.45%, 0, 0, 13, 820.62, 4254561, 2917, 0, 0
8651, 101, 255, 1326, 9, 0, 4.45%, 0, 0, 13, 844.27, 4258864, 2917, 0, 0
8656, 101, 509, 1326, 9, 0, 4.45%, 0, 0, 13, 831.23, 4263034, 2917, 0, 0
8661, 101, 669, 1326, 9, 0, 4.45%, 0, 0, 13, 823.42, 4266972, 2917, 0, 0
8666, 101, 804, 1326, 9, 0, 4.45%, 0, 0, 13, 809.75, 4270629, 2917, 0, 0
8671, 101, 1037, 1326, 9, 0, 4.45%, 0, 0, 13, 793.53, 4274694, 2917, 0, 0
8676, 101, 1213, 1326, 9, 0, 4.45%, 0, 0, 13, 717.17, 4278294, 2917, 0, 0
8681, 101, 1240, 1327, 10, 0, 4.45%, 0, 0, 13, 709.20, 4281981, 2917, 0, 0
8686, 101, 1311, 1327, 10, 0, 4.45%, 0, 0, 13, 768.71, 4285990, 2917, 0, 0
8691, 102, 87, 1327, 9, 0, 4.45%, 0, 0, 13, 841.29, 4290229, 2917, 0, 0
8696, 102, 257, 1327, 9, 0, 4.45%, 0, 0, 13, 837.13, 4294461, 2917, 0, 0
8702, 102, 440, 1327, 9, 0, 4.45%, 0, 0, 13, 782.39, 4298638, 2917, 0, 0
8707, 102, 620, 1327, 9, 0, 4.45%, 0, 0, 13, 821.78, 4302736, 2917, 0, 0
8712, 102, 802, 1327, 9, 0, 4.45%, 0, 0, 13, 847.05, 4307057, 2917, 0, 0
8717, 102, 897, 1327, 9, 0, 4.45%, 0, 0, 13, 833.62, 4311244, 2917, 0, 0
8722, 102, 1114, 1327, 9, 0, 4.45%, 0, 0, 13, 754.42, 4314817, 2917, 0, 0
8727, 102, 1202, 1327, 9, 0, 4.45%, 0, 0, 13, 743.58, 4318591, 2917, 0, 0
8732, 102, 1293, 1327, 9, 0, 4.45%, 0, 0, 13, 817.46, 4322875, 2917, 0, 0
8737, 102, 1322, 1327, 9, 0, 4.45%, 0, 0, 13, 812.68, 4326649, 2917, 0, 0
8742, 103, 105, 1327, 8, 0, 4.45%, 0, 0, 13, 801.09, 4330697, 2917, 0, 0
8747, 103, 309, 1327, 8, 0, 4.45%, 0, 0, 13, 855.09, 4335050, 2917, 0, 0
8752, 103, 581, 1327, 8, 0, 4.45%, 0, 0, 13, 828.36, 4339139, 2917, 0, 0
8758, 103, 695, 1327, 8, 0, 4.45%, 0, 0, 13, 90.44, 4343299, 2917, 0, 0
8763, 103, 820, 1327, 8, 0, 4.45%, 0, 0, 13, 739.72, 4347184, 2917, 0, 0
8768, 103, 964, 1327, 8, 0, 4.45%, 0, 0, 13, 741.48, 4349943, 2917, 0, 0
8773, 103, 1051, 1327, 8, 0, 4.45%, 0, 0, 13, 85.05, 4352533, 2917, 0, 0
8778, 103, 1237, 1327, 8, 0, 4.45%, 0, 0, 13, 860.43, 4356250, 2917, 0, 0
8783, 103, 1283, 1327, 8, 0, 4.45%, 0, 0, 13, 840.43, 4360360, 2917, 0, 0
8789, 103, 1317, 1327, 7, 0, 4.45%, 0, 0, 13, 660.95, 4364545, 2917, 0, 0
8794, 104, 76, 1328, 6, 0, 4.45%, 0, 0, 13, 756.43, 4368281, 2917, 0, 0
8800, 104, 185, 1328, 6, 0, 4.45%, 0, 0, 13, 801.00, 4372404, 2917, 0, 0
8805, 104, 509, 1328, 6, 0, 4.45%, 0, 0, 13, 814.05, 4376515, 2917, 0, 0
8811, 104, 651, 1328, 6, 0, 4.45%, 0, 0, 13, 714.46, 4380759, 2917, 0, 0
8816, 104, 814, 1328, 6, 0, 4.45%, 0, 0, 13, 829.54, 4384651, 2917, 0, 0
8821, 104, 1019, 1328, 6, 0, 4.45%, 0, 0, 13, 808.52, 4388618, 2917, 0, 0
8826, 104, 1168, 1328, 6, 0, 4.45%, 0, 0, 13, 587.87, 4392148, 2917, 0, 0
8831, 104, 1285, 1328, 6, 0, 4.45%, 0, 0, 13, 758.80, 4396240, 2917, 0, 0
8836, 104, 1325, 1328, 5, 0, 4.45%, 0, 0, 13, 793.93, 4400121, 2917, 0, 0
8842, 105, 97, 1328, 4, 0, 4.45%, 0, 0, 13, 809.98, 4404130, 2917, 0, 0
8847, 105, 247, 1328, 4, 0, 4.45%, 0, 0, 13, 826.23, 4408026, 2917, 0, 0
8852, 105, 471, 1328, 4, 0, 4.45%, 0, 0, 13, 408.17, 4412010, 2917, 0, 0
8857, 105, 622, 1328, 4, 0, 4.45%, 0, 0, 13, 904.22, 4415523, 2917, 0, 0
8863, 105, 771, 1328, 4, 0, 4.45%, 0, 0, 13, 887.42, 4420588, 2917, 0, 0
8868, 105, 840, 1328, 4, 0, 4.45%, 0, 0, 13, 330.19, 4423348, 2917, 0, 0
8873, 105, 1013, 1328, 4, 0, 4.45%, 0, 0, 13, 635.27, 4426595, 2917, 0, 0
8878, 105, 1105, 1328, 4, 0, 4.45%, 0, 0, 13, 580.44, 4429329, 2917, 0, 0
8883, 105, 1262, 1328, 4, 0, 4.45%, 0, 0, 13, 735.00, 4433126, 2917, 0, 0
8888, 105, 1311, 1328, 3, 0, 4.45%, 0, 0, 13, 776.84, 4436808, 2917, 0, 0
8894, 106, 87, 1328, 3, 0, 4.45%, 0, 0, 13, 870.65, 4440819, 2917, 0, 0
8899, 106, 278, 1328, 3, 0, 4.45%, 0, 0, 13, 827.86, 4444943, 2917, 0, 0
8904, 106, 446, 1328, 3, 0, 4.45%, 0, 0, 13, 833.11, 4448786, 2917, 0, 0
8909, 106, 562, 1328, 3, 0, 4.45%, 0, 0, 13, 697.31, 4452001, 2917, 0, 0
8914, 106, 716, 1328, 3, 0, 4.45%, 0, 0, 13, 581.28, 4456046, 2917, 0, 0
8919, 106, 855, 1328, 3, 0, 4.45%, 0, 0, 13, 719.43, 4459509, 2917, 0, 0
8924, 106, 927, 1328, 3, 0, 4.45%, 0, 0, 13, 589.62, 4461489, 2917, 0, 0
8929, 106, 1154, 1328, 3, 0, 4.45%, 0, 0, 13, 770.57, 4465725, 2917, 0, 0
8934, 106, 1255, 1328, 3, 0, 4.45%, 0, 0, 13, 823.33, 4469269, 2917, 0, 0
8940, 106, 1313, 1328, 3, 0, 4.45%, 0, 0, 13, 843.01, 4473529, 2917, 0, 0
8945, 107, 88, 1328, 3, 0, 4.45%, 0, 0, 13, 838.08, 4477778, 2917, 0, 0
8950, 107, 183, 1328, 3, 0, 4.45%, 0, 0, 13, 813.39, 4481964, 2917, 0, 0
8955, 107, 422, 1328, 3, 0, 4.45%, 0, 0, 13, 801.16, 4485944, 2917, 0, 0
8960, 107, 638, 1328, 3, 0, 4.45%, 0, 0, 13, 814.40, 4489694, 2917, 0, 0
8965, 107, 764, 1328, 3, 0, 4.45%, 0, 0, 13, 844.98, 4493557, 2917, 0, 0
8971, 107, 927, 1328, 3, 0, 4.45%, 0, 0, 13, 580.37, 4496718, 2917, 0, 0
8976, 107, 1177, 1328, 3, 0, 4.45%, 0, 0, 13, 632.11, 4500462, 2917, 0, 0
8981, 107, 1217, 1328, 3, 0, 4.45%, 0, 0, 13, 729.83, 4504210, 2917, 0, 0
8986, 107, 1318, 1328, 2, 0, 4.45%, 0, 0, 13, 603.64, 4507581, 2917, 0, 0
8991, 108, 111, 1328, 2, 0, 4.45%, 0, 0, 13, 785.19, 4511801, 2917, 0, 0
8996, 108, 329, 1328, 2, 0, 4.45%, 0, 0, 13, 825.77, 4515884, 2917, 0, 0
9001, 108, 566, 1328, 2, 0, 4.45%, 0, 0, 13, 817.07, 4519637, 2917, 0, 0
9006, 108, 750, 1328, 2, 0, 4.45%, 0, 0, 13, 833.95, 4523866, 2917, 0, 0
9012, 108, 871, 1328, 2, 0, 4.45%, 0, 0, 13, 530.95, 4527125, 2917, 0, 0
9017, 108, 1004, 1328, 2, 0, 4.45%, 0, 0, 13, 836.93, 4530540, 2917, 0, 0
9022, 108, 1156, 1328, 2, 0, 4.45%, 0, 0, 13, 68.73, 4533402, 2917, 0, 0
9027, 108, 1297, 1328, 2, 0, 4.45%, 0, 0, 13, 745.42, 4537030, 2917, 0, 0
9032, 109, 41, 1328, 1, 0, 4.45%, 0, 0, 13, 755.96, 4540887, 2917, 0, 0
9037, 109, 131, 1328, 1, 0, 4.45%, 0, 0, 13, 898.47, 4544862, 2917, 0, 0
9042, 109, 288, 1328, 1, 0, 4.45%, 0, 0, 13, 840.04, 4548949, 2917, 0, 0
9047, 109, 531, 1328, 1, 0, 4.45%, 0, 0, 13, 813.83, 4552875, 2917, 0, 0
9052, 109, 635, 1328, 1, 0, 4.45%, 0, 0, 13, 70.69, 4555466, 2917, 0, 0
9058, 109, 639, 1328, 1, 0, 4.45%, 0, 0, 13, 69.59, 4555828, 2917, 0, 0
9063, 109, 746, 1338, 11, 0, 4.45%, 0, 0, 13, 68.18, 4559337, 2917, 0, 0
9068, 109, 915, 1338, 11, 0, 4.45%, 0, 0, 13, 809.32, 4562236, 2917, 0, 0
9073, 109, 1053, 1338, 11, 0, 4.45%, 0, 0, 13, 659.59, 4564567, 2917, 0, 0
9078, 109, 1136, 1338, 11, 0, 4.45%, 0, 0, 13, 706.13, 4566630, 2917, 0, 0
9083, 109, 1175, 1338, 11, 0, 4.45%, 0, 0, 13, 752.68, 4568311, 2917, 0, 0
9088, 109, 1229, 1338, 11, 0, 4.45%, 0, 0, 13, 69.01, 4570815, 2917, 0, 0
9093, 109, 1311, 1338, 11, 0, 4.45%, 0, 0, 13, 115.37, 4573670, 2917, 0, 0
9099, 109, 1328, 1338, 11, 0, 4.45%, 0, 0, 13, 680.72, 4576197, 2917, 0, 0
9104, 109, 1338, 1339, 8, 0, 4.45%, 0, 0, 13, 666.02, 4577830, 2917, 0, 0
9109, 110, 72, 1339, 7, 0, 4.45%, 0, 0, 13, 893.05, 4580016, 2917, 0, 0
9114, 110, 111, 1339, 7, 0, 4.45%, 0, 0, 13, 912.69, 4582250, 2917, 0, 0
9119, 110, 189, 1339, 7, 0, 4.45%, 0, 0, 13, 69.73, 4584665, 2917, 0, 0
9124, 110, 353, 1339, 7, 0, 4.45%, 0, 0, 13, 66.96, 4587364, 2917, 0, 0
9129, 110, 524, 1339, 7, 0, 4.45%, 0, 0, 13, 150.72, 4589771, 2917, 0, 0
9136, 110, 578, 1339, 7, 0, 4.45%, 0, 0, 13, 537.58, 4591806, 2917, 0, 0
9142, 110, 655, 1339, 7, 0, 4.45%, 0, 0, 13, 67.74, 4594340, 2917, 0, 0
9147, 110, 783, 1339, 7, 0, 4.45%, 0, 0, 13, 725.46, 4596746, 2917, 0, 0
9152, 110, 828, 1339, 7, 0, 4.45%, 0, 0, 13, 862.96, 4598394, 2917, 0, 0
9157, 110, 860, 1339, 7, 0, 4.45%, 0, 0, 13, 605.00, 4599289, 2917, 0, 0
9162, 110, 886, 1339, 7, 0, 4.45%, 0, 0, 13, 38.95, 4600423, 2917, 0, 0
9167, 110, 949, 1339, 7, 0, 4.45%, 0, 0, 13, 62.64, 4602185, 2917, 0, 0
9172, 110, 1140, 1339, 7, 0, 4.45%, 0, 0, 13, 622.87, 4604524, 2917, 0, 0
9178, 110, 1216, 1339, 7, 0, 4.45%, 0, 0, 13, 846.36, 4606280, 2917, 0, 0
9184, 110, 1232, 1339, 7, 0, 4.45%, 0, 0, 13, 787.92, 4608744, 2917, 0, 0
9189, 110, 1297, 1339, 7, 0, 4.45%, 0, 0, 13, 766.31, 4610189, 2917, 0, 0
9194, 110, 1330, 1340, 8, 0, 4.45%, 0, 0, 13, 68.54, 4612030, 2917, 0, 0
9199, 111, 47, 1340, 5, 0, 4.45%, 0, 0, 13, 71.62, 4614317, 2917, 0, 0
9204, 111, 94, 1340, 5, 0, 4.45%, 0, 0, 13, 71.71, 4616850, 2917, 0, 0
9209, 111, 177, 1340, 5, 0, 4.45%, 0, 0, 13, 700.69, 4618999, 2917, 0, 0
9215, 111, 253, 1340, 5, 0, 4.45%, 0, 0, 13, 857.18, 4620550, 2917, 0, 0
9220, 111, 330, 1340, 5, 0, 4.45%, 0, 0, 13, 74.12, 4622071, 2917, 0, 0
9225, 111, 388, 1340, 5, 0, 4.45%, 0, 0, 13, 68.67, 4624121, 2917, 0, 0
9230, 111, 543, 1340, 5, 0, 4.45%, 0, 0, 13, 50.76, 4626268, 2917, 0, 0
9235, 111, 608, 1340, 5, 0, 4.45%, 0, 0, 13, 67.25, 4628019, 2917, 0, 0
9242, 111, 659, 1340, 5, 0, 4.45%, 0, 0, 13, 809.42, 4630404, 2917, 0, 0
9247, 111, 783, 1340, 5, 0, 4.45%, 0, 0, 13, 712.57, 4632619, 2917, 0, 0
9252, 111, 827, 1340, 5, 0, 4.45%, 0, 0, 13, 711.84, 4634239, 2917, 0, 0
9257, 111, 862, 1340, 5, 0, 4.45%, 0, 0, 13, 585.18, 4635303, 2917, 0, 0
9262, 111, 951, 1340, 5, 0, 4.45%, 0, 0, 13, 67.39, 4636824, 2917, 0, 0
9267, 111, 977, 1340, 5, 0, 4.45%, 0, 0, 13, 63.19, 4638626, 2917, 0, 0
9272, 111, 1047, 1340, 5, 0, 4.45%, 0, 0, 13, 45.14, 4640234, 2917, 0, 0
9278, 111, 1076, 1340, 5, 0, 4.45%, 0, 0, 13, 73.05, 4641915, 2917, 0, 0
9284, 111, 1244, 1340, 5, 0, 4.45%, 0, 0, 13, 595.71, 4644132, 2917, 0, 0
9289, 111, 1301, 1340, 5, 0, 4.45%, 0, 0, 13, 58.98, 4646142, 2917, 0, 0
9294, 111, 1315, 1340, 5, 0, 4.45%, 0, 0, 13, 698.75, 4647684, 2917, 0, 0
9301, 111, 1334, 1340, 5, 0, 4.45%, 0, 0, 13, 526.29, 4649409, 2917, 0, 0
9307, 112, 50, 1340, 4, 0, 4.45%, 0, 0, 13, 643.29, 4651169, 2917, 0, 0
9312, 112, 85, 1340, 4, 0, 4.45%, 0, 0, 13, 909.46, 4652794, 2917, 0, 0
9317, 112, 103, 1340, 4, 0, 4.45%, 0, 0, 13, 98.26, 4653889, 2917, 0, 0
9322, 112, 205, 1340, 4, 0, 4.45%, 0, 0, 13, 66.94, 4656306, 2917, 0, 0
9327, 112, 324, 1340, 4, 0, 4.45%, 0, 0, 13, 71.84, 4658739, 2917, 0, 0
9333, 112, 371, 1340, 4, 0, 4.45%, 0, 0, 13, 623.86, 4660970, 2917, 0, 0
9338, 112, 427, 1340, 4, 0, 4.45%, 0, 0, 13, 840.63, 4661950, 2917, 0, 0
9344, 112, 533, 1340, 4, 0, 4.45%, 0, 0, 13, 61.89, 4663610, 2917, 0, 0
9349, 112, 617, 1340, 4, 0, 4.45%, 0, 0, 13, 68.96, 4665846, 2917, 0, 0
9354, 112, 655, 1340, 4, 0, 4.45%, 0, 0, 13, 905.92, 4668154, 2917, 0, 0
9359, 112, 700, 1340, 4, 0, 4.45%, 0, 0, 13, 808.03, 4669171, 2917, 0, 0
9364, 112, 793, 1340, 4, 0, 4.45%, 0, 0, 13, 128.39, 4671058, 2917, 0, 0
9369, 112, 832, 1340, 4, 0, 4.45%, 0, 0, 13, 59.83, 4673210, 2917, 0, 0
9375, 112, 890, 1340, 4, 0, 4.45%, 0, 0, 13, 52.51, 4675040, 2917, 0, 0
9380, 112, 891, 1340, 4, 0, 4.45%, 0, 0, 13, 390.42, 4675958, 2917, 0, 0
9385, 112, 892, 1340, 4, 0, 4.45%, 0, 0, 13, 63.64, 4676918, 2917, 0, 0
9390, 112, 899, 1340, 4, 0, 4.45%, 0, 0, 13, 63.93, 4678891, 2917, 0, 0
9395, 112, 1028, 1340, 4, 0, 4.45%, 0, 0, 13, 66.88, 4681035, 2917, 0, 0
9400, 112, 1124, 1340, 4, 0, 4.45%, 0, 0, 13, 554.46, 4682570, 2917, 0, 0
9405, 112, 1124, 1340, 4, 0, 4.45%, 0, 0, 13, 287.17, 4683030, 2917, 0, 0
9410, 112, 1138, 1340, 4, 0, 4.45%, 0, 0, 13, 186.96, 4683962, 2917, 0, 0
9415, 112, 1216, 1340, 4, 0, 4.45%, 0, 0, 13, 67.58, 4686271, 2917, 0, 0
9420, 112, 1285, 1341, 5, 0, 4.45%, 0, 0, 13, 776.64, 4688322, 2917, 0, 0
9425, 112, 1296, 1341, 5, 0, 4.45%, 0, 0, 13, 477.12, 4689542, 2917, 0, 0
9431, 112, 1312, 1341, 5, 0, 4.45%, 0, 0, 13, 66.33, 4690763, 2917, 0, 0
9436, 113, 45, 1341, 4, 0, 4.45%, 0, 0, 13, 71.04, 4692800, 2917, 0, 0
9441, 113, 89, 1341, 4, 0, 4.45%, 0, 0, 13, 72.46, 4695022, 2917, 0, 0
9446, 113, 145, 1341, 4, 0, 4.45%, 0, 0, 13, 67.91, 4697205, 2917, 0, 0
9452, 113, 204, 1341, 4, 0, 4.45%, 0, 0, 13, 831.44, 4699355, 2917, 0, 0
9457, 113, 321, 1341, 4, 0, 4.45%, 0, 0, 13, 911.77, 4701127, 2917, 0, 0
9464, 113, 358, 1341, 4, 0, 4.45%, 0, 0, 13, 791.87, 4703591, 2917, 0, 0
9469, 113, 441, 1341, 4, 0, 4.45%, 0, 0, 13, 800.33, 4704856, 2917, 0, 0
9474, 113, 536, 1341, 4, 0, 4.45%, 0, 0, 13, 371.43, 4706143, 2917, 0, 0
9479, 113, 612, 1341, 4, 0, 4.45%, 0, 0, 13, 70.99, 4708050, 2917, 0, 0
9484, 113, 662, 1341, 4, 0, 4.45%, 0, 0, 13, 60.55, 4710270, 2917, 0, 0
9489, 113, 769, 1341, 4, 0, 4.45%, 0, 0, 13, 858.10, 4712384, 2917, 0, 0
9494, 113, 814, 1341, 4, 0, 4.45%, 0, 0, 13, 726.74, 4713531, 2917, 0, 0
9499, 113, 850, 1341, 4, 0, 4.45%, 0, 0, 13, 53.05, 4714683, 2917, 0, 0
9506, 113, 903, 1341, 4, 0, 4.45%, 0, 0, 13, 49.50, 4716412, 2917, 0, 0
9511, 113, 1004, 1341, 4, 0, 4.45%, 0, 0, 13, 70.60, 4718171, 2917, 0, 0
9516, 113, 1105, 1341, 4, 0, 4.45%, 0, 0, 13, 70.62, 4719877, 2917, 0, 0
9521, 113, 1124, 1341, 4, 0, 4.45%, 0, 0, 13, 126.87, 4720618, 2917, 0, 0
9527, 113, 1205, 1341, 4, 0, 4.45%, 0, 0, 13, 856.85, 4722149, 2917, 0, 0
9533, 113, 1267, 1341, 4, 0, 4.45%, 0, 0, 13, 58.86, 4723736, 2917, 0, 0
9538, 113, 1311, 1341, 4, 0, 4.45%, 0, 0, 13, 879.30, 4725617, 2917, 0, 0
9543, 113, 1313, 1341, 4, 0, 4.45%, 0, 0, 13, 911.82, 4727143, 2917, 0, 0
9549, 113, 1335, 1341, 4, 0, 4.45%, 0, 0, 13, 538.71, 4729151, 2917, 0, 0
9554, 114, 15, 1341, 2, 0, 4.45%, 0, 0, 13, 684.44, 4730203, 2917, 0, 0
9560, 114, 57, 1341, 2, 0, 4.45%, 0, 0, 13, 920.00, 4731866, 2917, 0, 0
9565, 114, 97, 1341, 2, 0, 4.45%, 0, 0, 13, 117.16, 4733978, 2917, 0, 0
9570, 114, 177, 1341, 2, 0, 4.45%, 0, 0, 13, 66.84, 4736169, 2917, 0, 0
9575, 114, 236, 1341, 2, 0, 4.45%, 0, 0, 13, 519.09, 4738145, 2917, 0, 0
9580, 114, 278, 1341, 2, 0, 4.45%, 0, 0, 13, 497.19, 4739065, 2917, 0, 0
9585, 114, 393, 1341, 2, 0, 4.45%, 0, 0, 13, 64.74, 4740995, 2917, 0, 0
9591, 114, 592, 1341, 2, 0, 4.45%, 0, 0, 13, 131.18, 4743323, 2917, 0, 0
9596, 114, 644, 1341, 2, 0, 4.45%, 0, 0, 13, 68.87, 4745638, 2917, 0, 0
9601, 114, 711, 1341, 2, 0, 4.45%, 0, 0, 13, 796.01, 4747097, 2917, 0, 0
9606, 114, 775, 1341, 2, 0, 4.45%, 0, 0, 13, 62.60, 4748200, 2917, 0, 0
9611, 114, 801, 1341, 2, 0, 4.45%, 0, 0, 13, 62.31, 4749735, 2917, 0, 0
9617, 114, 871, 1341, 2, 0, 4.45%, 0, 0, 13, 63.03, 4751902, 2917, 0, 0
9622, 114, 977, 1341, 2, 0, 4.45%, 0, 0, 13, 778.24, 4753720, 2917, 0, 0
9627, 114, 1035, 1341, 2, 0, 4.45%, 0, 0, 13, 102.70, 4754831, 2917, 0, 0
9632, 114, 1105, 1341, 2, 0, 4.45%, 0, 0, 13, 70.69, 4756384, 2917, 0, 0
9638, 114, 1178, 1341, 2, 0, 4.45%, 0, 0, 13, 844.42, 4758576, 2917, 0, 0
9643, 114, 1210, 1341, 2, 0, 4.45%, 0, 0, 13, 69.88, 4760441, 2917, 0, 0
9648, 114, 1265, 1341, 2, 0, 4.45%, 0, 0, 13, 83.83, 4761718, 2917, 0, 0
9653, 114, 1272, 1341, 2, 0, 4.45%, 0, 0, 13, 660.70, 4762360, 2917, 0, 0
9658, 114, 1318, 1341, 2, 0, 4.45%, 0, 0, 13, 71.81, 4764321, 2917, 0, 0
9663, 114, 1326, 1341, 2, 0, 4.45%, 0, 0, 13, 58.49, 4766328, 2917, 0, 0
9668, 115, 49, 1347, 6, 0, 4.45%, 0, 0, 13, 73.10, 4768077, 2917, 0, 0
9674, 115, 85, 1347, 6, 0, 4.45%, 0, 0, 13, 857.74, 4769959, 2917, 0, 0
9679, 115, 109, 1347, 6, 0, 4.45%, 0, 0, 13, 901.35, 4771288, 2917, 0, 0
9684, 115, 157, 1347, 6, 0, 4.45%, 0, 0, 13, 65.04, 4772908, 2917, 0, 0
9689, 115, 278, 1347, 6, 0, 4.45%, 0, 0, 13, 71.28, 4775232, 2917, 0, 0
9694, 115, 353, 1347, 6, 0, 4.45%, 0, 0, 13, 56.21, 4777504, 2917, 0, 0
9700, 115, 386, 1347, 6, 0, 4.45%, 0, 0, 13, 651.11, 4779027, 2917, 0, 0
9705, 115, 510, 1347, 6, 0, 4.45%, 0, 0, 13, 852.22, 4780395, 2917, 0, 0
9710, 115, 582, 1347, 6, 0, 4.45%, 0, 0, 13, 640.00, 4781751, 2917, 0, 0
9715, 115, 643, 1347, 6, 0, 4.45%, 0, 0, 13, 69.08, 4783736, 2917, 0, 0
9720, 115, 722, 1347, 6, 0, 4.45%, 0, 0, 13, 63.10, 4785794, 2917, 0, 0
9725, 115, 814, 1347, 6, 0, 4.45%, 0, 0, 13, 67.04, 4787772, 2917, 0, 0
9730, 115, 843, 1347, 6, 0, 4.45%, 0, 0, 13, 92.04, 4789450, 2917, 0, 0
9735, 115, 849, 1347, 6, 0, 4.45%, 0, 0, 13, 169.59, 4790091, 2917, 0, 0
9742, 115, 862, 1347, 6, 0, 4.45%, 0, 0, 13, 613.08, 4791784, 2917, 0, 0
9747, 115, 876, 1347, 6, 0, 4.45%, 0, 0, 13, 370.89, 4792896, 2917, 0, 0
9754, 115, 955, 1347, 6, 0, 4.45%, 0, 0, 13, 827.55, 4795410, 2917, 0, 0
9759, 115, 1080, 1347, 6, 0, 4.45%, 0, 0, 13, 837.31, 4796999, 2917, 0, 0
9764, 115, 1110, 1347, 6, 0, 4.45%, 0, 0, 13, 342.98, 4798018, 2917, 0, 0
9769, 115, 1170, 1347, 6, 0, 4.45%, 0, 0, 13, 69.54, 4799379, 2917, 0, 0
9774, 115, 1213, 1347, 6, 0, 4.45%, 0, 0, 13, 63.54, 4801055, 2917, 0, 0
9780, 115, 1256, 1347, 6, 0, 4.45%, 0, 0, 13, 71.34, 4803004, 2917, 0, 0
9785, 115, 1297, 1347, 6, 0, 4.45%, 0, 0, 13, 68.41, 4804976, 2917, 0, 0
9790, 115, 1318, 1347, 6, 0, 4.45%, 0, 0, 13, 634.64, 4806614, 2917, 0, 0
9795, 115, 1344, 1347, 6, 0, 4.45%, 0, 0, 13, 557.21, 4807545, 2917, 0, 0
9800, 116, 54, 1347, 4, 0, 4.45%, 0, 0, 13, 70.43, 4809660, 2917, 0, 0
9805, 116, 95, 1347, 4, 0, 4.45%, 0, 0, 13, 71.02, 4812141, 2917, 0, 0
9810, 116, 136, 1347, 4, 0, 4.45%, 0, 0, 13, 587.13, 4813871, 2917, 0, 0
9815, 116, 167, 1347, 4, 0, 4.45%, 0, 0, 13, 515.00, 4814833, 2917, 0, 0
9821, 116, 249, 1347, 4, 0, 4.45%, 0, 0, 13, 64.93, 4816862, 2917, 0, 0
9826, 116, 334, 1347, 4, 0, 4.45%, 0, 0, 13, 69.10, 4819102, 2917, 0, 0
9831, 116, 497, 1347, 4, 0, 4.45%, 0, 0, 13, 828.84, 4820961, 2917, 0, 0
9837, 116, 546, 1347, 4, 0, 4.45%, 0, 0, 13, 416.65, 4822556, 2917, 0, 0
9842, 116, 574, 1347, 4, 0, 4.45%, 0, 0, 13, 580.00, 4823437, 2917, 0, 0
9847, 116, 625, 1347, 4, 0, 4.45%, 0, 0, 13, 69.61, 4825573, 2917, 0, 0
9852, 116, 744, 1347, 4, 0, 4.45%, 0, 0, 13, 62.94, 4827795, 2917, 0, 0
9857, 116, 779, 1347, 4, 0, 4.45%, 0, 0, 13, 752.57, 4829860, 2917, 0, 0
9863, 116, 805, 1347, 4, 0, 4.45%, 0, 0, 13, 813.08, 4830758, 2917, 0, 0
9868, 116, 843, 1347, 4, 0, 4.45%, 0, 0, 13, 40.71, 4832213, 2917, 0, 0
9873, 116, 907, 1347, 4, 0, 4.45%, 0, 0, 13, 62.08, 4833954, 2917, 0, 0
9878, 116, 977, 1347, 4, 0, 4.45%, 0, 0, 13, 75.12, 4835815, 2917, 0, 0
9883, 116, 1078, 1347, 4, 0, 4.45%, 0, 0, 13, 770.48, 4836765, 2917, 0, 0
9888, 116, 1186, 1347, 4, 0, 4.45%, 0, 0, 13, 71.49, 4838381, 2917, 0, 0
9893, 116, 1259, 1347, 4, 0, 4.45%, 0, 0, 13, 70.74, 4840496, 2917, 0, 0
9898, 116, 1289, 1347, 4, 0, 4.45%, 0, 0, 13, 811.35, 4842426, 2917, 0, 0
9903, 116, 1311, 1347, 4, 0, 4.45%, 0, 0, 13, 883.20, 4843811, 2917, 0, 0
9908, 116, 1317, 1347, 4, 0, 4.45%, 0, 0, 13, 43.93, 4844832, 2917, 0, 0
9913, 117, 53, 1347, 4, 0, 4.45%, 0, 0, 13, 70.78, 4847024, 2917, 0, 0
9918, 117, 95, 1347, 4, 0, 4.45%, 0, 0, 13, 71.77, 4849235, 2917, 0, 0
9923, 117, 157, 1347, 4, 0, 4.45%, 0, 0, 13, 69.85, 4851359, 2917, 0, 0
9929, 117, 208, 1347, 4, 0, 4.45%, 0, 0, 13, 446.05, 4853401, 2917, 0, 0
9934, 117, 254, 1347, 4, 0, 4.45%, 0, 0, 13, 435.40, 4854678, 2917, 0, 0
9939, 117, 329, 1347, 4, 0, 4.45%, 0, 0, 13, 819.41, 4856154, 2917, 0, 0
9944, 117, 503, 1347, 4, 0, 4.45%, 0, 0, 13, 66.85, 4857877, 2917, 0, 0
9949, 117, 576, 1347, 4, 0, 4.45%, 0, 0, 13, 68.68, 4859602, 2917, 0, 0
9954, 117, 643, 1347, 4, 0, 4.45%, 0, 0, 13, 65.23, 4861691, 2917, 0, 0
9961, 117, 742, 1347, 4, 0, 4.45%, 0, 0, 13, 71.04, 4863804, 2917, 0, 0
9966, 117, 818, 1347, 4, 0, 4.45%, 0, 0, 13, 63.11, 4866325, 2917, 0, 0
9972, 117, 1033, 1347, 4, 0, 4.45%, 0, 0, 13, 745.68, 4870482, 2917, 0, 0
9977, 117, 1207, 1347, 4, 0, 4.45%, 0, 0, 13, 687.58, 4874011, 2917, 0, 0
9982, 117, 1311, 1347, 4, 0, 4.45%, 0, 0, 13, 769.63, 4878061, 2917, 0, 0
9987, 118, 82, 1347, 3, 0, 4.45%, 0, 0, 13, 767.07, 4882004, 2917, 0, 0
9992, 118, 254, 1347, 3, 0, 4.45%, 0, 0, 13, 732.15, 4885662, 2917, 0, 0
9997, 118, 425, 1347, 3, 0, 4.45%, 0, 0, 13, 649.15, 4889064, 2917, 0, 0
10002, 118, 559, 1347, 3, 0, 4.45%, 0, 0, 13, 682.01, 4892425, 2917, 0, 0
10008, 118, 718, 1347, 3, 0, 4.45%, 0, 0, 13, 759.57, 4896575, 2917, 0, 0
10013, 118, 871, 1347, 3, 0, 4.45%, 0, 0, 13, 685.28, 4900100, 2917, 0, 0
10018, 118, 1105, 1347, 3, 0, 4.45%, 0, 0, 13, 712.65, 4903766, 2917, 0, 0
10023, 118, 1229, 1347, 3, 0, 4.45%, 0, 0, 13, 670.36, 4907134, 2917, 0, 0
10028, 119, 33, 1347, 3, 0, 4.45%, 0, 0, 13, 729.55, 4910930, 2917, 0, 0
10033, 119, 129, 1347, 3, 0, 4.45%, 0, 0, 13, 826.50, 4915241, 2917, 0, 0
10038, 119, 391, 1347, 3, 0, 4.45%, 0, 0, 13, 842.14, 4919677, 2917, 0, 0
10043, 119, 572, 1347, 3, 0, 4.45%, 0, 0, 13, 749.08, 4923391, 2917, 0, 0
10048, 119, 703, 1347, 3, 0, 4.45%, 0, 0, 13, 775.34, 4927161, 2917, 0, 0
10054, 119, 841, 1347, 3, 0, 4.45%, 0, 0, 13, 757.62, 4931166, 2917, 0, 0
10059, 119, 946, 1347, 3, 0, 4.45%, 0, 0, 13, 718.70, 4934705, 2917, 0, 0
10064, 119, 1216, 1347, 3, 0, 4.45%, 0, 0, 13, 757.66, 4938390, 2917, 0, 0
10069, 119, 1318, 1347, 3, 0, 4.45%, 0, 0, 13, 728.25, 4942210, 2917, 0, 0
10074, 120, 41, 1347, 3, 0, 4.45%, 0, 0, 13, 757.08, 4945738, 2917, 0, 0
10079, 120, 145, 1347, 3, 0, 4.45%, 0, 0, 13, 845.20, 4950288, 2917, 0, 0
10084, 120, 390, 1347, 3, 0, 4.45%, 0, 0, 13, 838.26, 4954629, 2917, 0, 0
10089, 120, 582, 1347, 3, 0, 4.45%, 0, 0, 13, 783.36, 4958410, 2917, 0, 0
10094, 120, 744, 1347, 3, 0, 4.45%, 0, 0, 13, 803.09, 4962393, 2917, 0, 0
10099, 120, 888, 1347, 3, 0, 4.45%, 0, 0, 13, 793.59, 4966542, 2917, 0, 0
10105, 120, 1123, 1347, 3, 0, 4.45%, 0, 0, 13, 781.24, 4970443, 2917, 0, 0
10111, 120, 1245, 1347, 3, 0, 4.45%, 0, 0, 13, 780.87, 4975378, 2917, 0, 0
10116, 120, 1318, 1347, 3, 0, 4.45%, 0, 0, 13, 834.04, 4979650, 2917, 0, 0
10121, 121, 107, 1347, 3, 0, 4.45%, 0, 0, 13, 930.38, 4984371, 2917, 0, 0
10126, 121, 337, 1347, 3, 0, 4.45%, 0, 0, 13, 921.03, 4988954, 2917, 0, 0
10131, 121, 605, 1347, 3, 0, 4.45%, 0, 0, 13, 882.11, 4993483, 2917, 0, 0
10136, 121, 772, 1347, 3, 0, 4.45%, 0, 0, 13, 905.45, 4998101, 2917, 0, 0
10142, 121, 893, 1347, 3, 0, 4.45%, 0, 0, 13, 812.71, 5003070, 2917, 0, 0
10147, 121, 1134, 1347, 3, 0, 4.45%, 0, 0, 13, 852.38, 5007369, 2917, 0, 0
10152, 121, 1245, 1347, 3, 0, 4.45%, 0, 0, 13, 864.62, 5011780, 2917, 0, 0
10157, 121, 1341, 1347, 3, 0, 4.45%, 0, 0, 13, 858.74, 5016043, 2917, 0, 0
10162, 122, 76, 1347, 2, 0, 4.45%, 0, 0, 13, 813.44, 5018865, 2917, 0, 0
10167, 122, 255, 1347, 2, 0, 4.45%, 0, 0, 13, 906.46, 5023615, 2917, 0, 0
10172, 122, 550, 1347, 2, 0, 4.45%, 0, 0, 13, 906.50, 5027526, 2917, 0, 0
10178, 122, 695, 1347, 2, 0, 4.45%, 0, 0, 13, 894.94, 5031774, 2917, 0, 0
10183, 122, 816, 1347, 2, 0, 4.45%, 0, 0, 13, 906.95, 5036273, 2917, 0, 0
10188, 122, 986, 1347, 2, 0, 4.45%, 0, 0, 13, 707.49, 5039845, 2917, 0, 0
10193, 122, 1155, 1347, 2, 0, 4.45%, 0, 0, 13, 841.75, 5044342, 2917, 0, 0
10198, 122, 1342, 1347, 2, 0, 4.45%, 0, 0, 13, 845.20, 5048522, 2917, 0, 0
10203, 123, 125, 1347, 1, 0, 4.45%, 0, 0, 13, 948.92, 5053554, 2917, 0, 0
10208, 123, 353, 1347, 1, 0, 4.45%, 0, 0, 13, 950.21, 5058345, 2917, 0, 0
10214, 123, 552, 1347, 1, 0, 4.45%, 0, 0, 13, 813.58, 5062413, 2917, 0, 0
10219, 123, 697, 1347, 1, 0, 4.45%, 0, 0, 13, 853.81, 5066579, 2917, 0, 0
10224, 123, 839, 1347, 1, 0, 4.45%, 0, 0, 13, 892.04, 5071107, 2917, 0, 0
10229, 123, 1073, 1347, 1, 0, 4.45%, 0, 0, 13, 832.19, 5075220, 2917, 0, 0
10234, 123, 1179, 1347, 1, 0, 4.45%, 0, 0, 13, 849.00, 5079428, 2917, 0, 0
10239, 123, 1278, 1347, 1, 0, 4.45%, 0, 0, 13, 749.79, 5083000, 2917, 0, 0
10244, 124, 60, 1347, 1, 0, 4.45%, 0, 0, 13, 816.67, 5087085, 2917, 0, 0
10249, 124, 185, 1347, 1, 0, 4.45%, 0, 0, 13, 919.56, 5092081, 2917, 0, 0
10254, 124, 504, 1347, 1, 0, 4.45%, 0, 0, 13, 880.19, 5096687, 2917, 0, 0
10261, 124, 663, 1347, 1, 0, 4.45%, 0, 0, 13, 862.18, 5102064, 2917, 0, 0
10266, 124, 849, 1347, 1, 0, 4.45%, 0, 0, 13, 851.78, 5106395, 2917, 0, 0
10271, 125, 85, 1351, 4, 0, 4.45%, 0, 0, 13, 920.31, 5110947, 2917, 0, 0
10276, 125, 253, 1351, 4, 0, 4.45%, 0, 0, 13, 933.85, 5115688, 2917, 0, 0
10281, 125, 530, 1351, 4, 0, 4.45%, 0, 0, 13, 853.82, 5119999, 2917, 0, 0
10286, 125, 610, 1351, 4, 0, 4.45%, 0, 0, 13, 868.48, 5123777, 2917, 0, 0
10291, 125, 802, 1351, 4, 0, 4.45%, 0, 0, 13, 940.30, 5128106, 2917, 0, 0
10296, 125, 951, 1351, 4, 0, 4.45%, 0, 0, 13, 768.10, 5131795, 2917, 0, 0
10301, 125, 1200, 1351, 4, 0, 4.45%, 0, 0, 13, 555.06, 5135525, 2917, 0, 0
10306, 125, 1327, 1351, 4, 0, 4.45%, 0, 0, 13, 740.14, 5139735, 2917, 0, 0
10311, 126, 89, 1351, 3, 0, 4.45%, 0, 0, 13, 859.89, 5144017, 2917, 0, 0
10316, 126, 202, 1351, 3, 0, 4.45%, 0, 0, 13, 901.23, 5148421, 2917, 0, 0
10321, 126, 548, 1351, 3, 0, 4.45%, 0, 0, 13, 885.48, 5152718, 2917, 0, 0
10327, 126, 700, 1351, 3, 0, 4.45%, 0, 0, 13, 893.90, 5156786, 2917, 0, 0
10332, 126, 871, 1351, 3, 0, 4.45%, 0, 0, 13, 807.91, 5160963, 2917, 0, 0
10337, 126, 980, 1351, 3, 0, 4.45%, 0, 0, 13, 797.88, 5164247, 2917, 0, 0
10342, 126, 1250, 1351, 3, 0, 4.45%, 0, 0, 13, 925.92, 5168503, 2917, 0, 0
10347, 126, 1349, 1351, 3, 0, 4.45%, 0, 0, 13, 570.83, 5172631, 2917, 0, 0
10352, 127, 101, 1351, 2, 0, 4.45%, 0, 0, 13, 906.10, 5177076, 2917, 0, 0
10357, 127, 263, 1351, 2, 0, 4.45%, 0, 0, 13, 929.04, 5181506, 2917, 0, 0
10363, 127, 519, 1351, 2, 0, 4.45%, 0, 0, 13, 811.68, 5185576, 2917, 0, 0
10368, 127, 693, 1351, 2, 0, 4.45%, 0, 0, 13, 980.65, 5189646, 2917, 0, 0
10373, 127, 805, 1351, 2, 0, 4.45%, 0, 0, 13, 918.40, 5193711, 2917, 0, 0
10378, 127, 871, 1351, 2, 0, 4.45%, 0, 0, 13, 117.70, 5195174, 2917, 0, 0
10383, 127, 1167, 1351, 2, 0, 4.45%, 0, 0, 13, 809.04, 5199524, 2917, 0, 0
10388, 127, 1311, 1351, 2, 0, 4.45%, 0, 0, 13, 960.99, 5203695, 2917, 0, 0
10393, 128, 65, 1351, 2, 0, 4.45%, 0, 0, 13, 918.64, 5207983, 2917, 0, 0
10398, 128, 185, 1351, 2, 0, 4.45%, 0, 0, 13, 868.43, 5212350, 2917, 0, 0
10403, 128, 503, 1351, 2, 0, 4.45%, 0, 0, 13, 915.50, 5216705, 2917, 0, 0
10408, 128, 620, 1351, 2, 0, 4.45%, 0, 0, 13, 986.08, 5220663, 2917, 0, 0
10414, 128, 749, 1351, 2, 0, 4.45%, 0, 0, 13, 946.77, 5224963, 2917, 0, 0
10419, 128, 876, 1351, 2, 0, 4.45%, 0, 0, 13, 497.64, 5228626, 2917, 0, 0
10424, 128, 1160, 1351, 2, 0, 4.45%, 0, 0, 13, 913.47, 5232929, 2917, 0, 0
10429, 128, 1296, 1351, 2, 0, 4.45%, 0, 0, 13, 790.79, 5236946, 2917, 0, 0
10434, 128, 1318, 1351, 2, 0, 4.45%, 0, 0, 13, 532.31, 5239719, 2917, 0, 0
10439, 129, 82, 1351, 2, 0, 4.45%, 0, 0, 13, 754.84, 5243659, 2917, 0, 0
10444, 129, 238, 1351, 2, 0, 4.45%, 0, 0, 13, 876.35, 5248318, 2917, 0, 0
10450, 129, 471, 1351, 2, 0, 4.45%, 0, 0, 13, 844.65, 5252593, 2917, 0, 0
10456, 129, 635, 1351, 2, 0, 4.45%, 0, 0, 13, 782.39, 5256693, 2917, 0, 0
10461, 129, 804, 1351, 2, 0, 4.45%, 0, 0, 13, 864.48, 5260712, 2917, 0, 0
10466, 129, 951, 1351, 2, 0, 4.45%, 0, 0, 13, 786.75, 5264379, 2917, 0, 0
10471, 129, 1189, 1351, 2, 0, 4.45%, 0, 0, 13, 901.58, 5268366, 2917, 0, 0
10476, 129, 1331, 1351, 2, 0, 4.45%, 0, 0, 13, 806.66, 5272514, 2917, 0, 0
10481, 130, 80, 1351, 1, 0, 4.45%, 0, 0, 13, 749.70, 5276084, 2917, 0, 0
10486, 130, 234, 1351, 1, 0, 4.45%, 0, 0, 13, 827.77, 5280255, 2917, 0, 0
10492, 130, 449, 1351, 1, 0, 4.45%, 0, 0, 13, 859.93, 5284563, 2917, 0, 0
10497, 130, 643, 1351, 1, 0, 4.45%, 0, 0, 13, 924.09, 5288624, 2917, 0, 0
10502, 130, 814, 1351, 1, 0, 4.45%, 0, 0, 13, 543.83, 5292717, 2917, 0, 0
10507, 130, 940, 1351, 1, 0, 4.45%, 0, 0, 13, 949.11, 5296297, 2917, 0, 0
10512, 130, 1185, 1351, 1, 0, 4.45%, 0, 0, 13, 800.97, 5300248, 2917, 0, 0
10517, 130, 1347, 1351, 1, 0, 4.45%, 0, 0, 13, 771.08, 5303862, 2917, 0, 0
10522, 131, 97, 1351, 0, 0, 4.45%, 0, 0, 13, 128.21, 5308142, 2917, 0, 0
10527, 131, 257, 1351, 0, 0, 4.45%, 0, 0, 13, 886.89, 5312644, 2917, 0, 0
10532, 131, 538, 1351, 0, 0, 4.45%, 0, 0, 13, 882.75, 5316737, 2917, 0, 0
10537, 131, 669, 1351, 0, 0, 4.45%, 0, 0, 13, 923.18, 5320530, 2917, 0, 0
10543, 131, 802, 1351, 0, 0, 4.45%, 0, 0, 13, 934.26, 5324465, 2917, 0, 0
10548, 131, 871, 1351, 0, 0, 4.45%, 0, 0, 13, 69.97, 5325708, 2917, 0, 0
10553, 131, 1073, 1351, 0, 0, 4.45%, 0, 0, 13, 800.25, 5328267, 2917, 0, 0
10559, 131, 1215, 1351, 0, 0, 4.45%, 0, 0, 13, 458.93, 5331158, 2917, 0, 0
10564, 131, 1319, 1351, 0, 0, 4.45%, 0, 0, 13, 895.97, 5333709, 2917, 0, 0
10569, 131, 1351, 1353, 2, 0, 4.45%, 0, 0, 13, 860.09, 5336242, 2917, 0, 0
10574, 132, 58, 1353, 1, 0, 4.45%, 0, 0, 13, 79.00, 5338712, 2917, 0, 0
10579, 132, 145, 1353, 1, 0, 4.45%, 0, 0, 13, 76.75, 5342054, 2917, 0, 0
10585, 132, 265, 1353, 1, 0, 4.45%, 0, 0, 13, 786.82, 5345190, 2917, 0, 0
10590, 132, 515, 1353, 1, 0, 4.45%, 0, 0, 13, 92.34, 5347874, 2917, 0, 0
10595, 132, 606, 1353, 1, 0, 4.45%, 0, 0, 13, 78.65, 5350473, 2917, 0, 0
10600, 132, 700, 1353, 1, 0, 4.45%, 0, 0, 13, 73.63, 5353225, 2917, 0, 0
10605, 132, 818, 1353, 1, 0, 4.45%, 0, 0, 13, 74.53, 5355794, 2917, 0, 0
10611, 132, 831, 1353, 1, 0, 4.45%, 0, 0, 13, 724.65, 5358153, 2917, 0, 0
10616, 132, 933, 1353, 1, 0, 4.45%, 0, 0, 13, 624.56, 5359704, 2917, 0, 0
10621, 132, 1001, 1353, 1, 0, 4.45%, 0, 0, 13, 72.99, 5361540, 2917, 0, 0
10626, 132, 1156, 1353, 1, 0, 4.45%, 0, 0, 13, 74.92, 5364162, 2917, 0, 0
10631, 132, 1262, 1353, 1, 0, 4.45%, 0, 0, 13, 66.75, 5366720, 2917, 0, 0
10636, 133, 40, 1353, 0, 0, 4.45%, 0, 0, 13, 886.68, 5369437, 2917, 0, 0
10642, 133, 62, 1353, 0, 0, 4.45%, 0, 0, 13, 575.60, 5370691, 2917, 0, 0
10647, 133, 95, 1353, 0, 0, 4.45%, 0, 0, 13, 988.89, 5372428, 2917, 0, 0
10652, 133, 157, 1353, 0, 0, 4.45%, 0, 0, 13, 925.37, 5374364, 2917, 0, 0
10658, 133, 327, 1353, 0, 0, 4.45%, 0, 0, 13, 78.16, 5376834, 2917, 0, 0
10663, 133, 410, 1353, 0, 0, 4.45%, 0, 0, 13, 69.89, 5379383, 2917, 0, 0
10668, 133, 550, 1353, 0, 0, 4.45%, 0, 0, 13, 95.09, 5381564, 2917, 0, 0
10673, 133, 625, 1353, 0, 0, 4.45%, 0, 0, 13, 930.56, 5384004, 2917, 0, 0
10678, 133, 645, 1353, 0, 0, 4.45%, 0, 0, 13, 696.11, 5385767, 2917, 0, 0
10683, 133, 693, 1353, 0, 0, 4.45%, 0, 0, 13, 945.00, 5387180, 2917, 0, 0
10688, 133, 783, 1353, 0, 0, 4.45%, 0, 0, 13, 70.82, 5389644, 2917, 0, 0
10693, 133, 857, 1353, 0, 0, 4.45%, 0, 0, 13, 58.25, 5392044, 2917, 0, 0
10699, 133, 966, 1353, 0, 0, 4.45%, 0, 0, 13, 692.99, 5394214, 2917, 0, 0
10705, 133, 1093, 1353, 0, 0, 4.45%, 0, 0, 13, 848.04, 5396168, 2917, 0, 0
10710, 133, 1217, 1353, 0, 0, 4.45%, 0, 0, 13, 891.24, 5397699, 2917, 0, 0
10715, 133, 1270, 1353, 0, 0, 4.45%, 0, 0, 13, 595.00, 5398985, 2917, 0, 0
10720, 133, 1294, 1353, 0, 0, 4.45%, 0, 0, 13, 55.34, 5400460, 2917, 0, 0
10725, 133, 1304, 1353, 0, 0, 4.45%, 0, 0, 13, 55.45, 5402270, 2917, 0, 0
10730, 134, 13, 1353, 0, 0, 4.45%, 0, 0, 13, 79.58, 5404511, 2917, 0, 0
10735, 134, 84, 1353, 0, 0, 4.45%, 0, 0, 13, 846.57, 5406933, 2917, 0, 0
10740, 134, 105, 1353, 0, 0, 4.45%, 0, 0, 13, 651.53, 5408245, 2917, 0, 0
10746, 134, 165, 1353, 0, 0, 4.45%, 0, 0, 13, 70.18, 5410188, 2917, 0, 0
10751, 134, 285, 1353, 0, 0, 4.45%, 0, 0, 13, 77.27, 5412643, 2917, 0, 0
10756, 134, 445, 1353, 0, 0, 4.45%, 0, 0, 13, 914.32, 5414887, 2917, 0, 0
10761, 134, 559, 1353, 0, 0, 4.45%, 0, 0, 13, 76.92, 5416906, 2917, 0, 0
10766, 134, 629, 1353, 0, 0, 4.45%, 0, 0, 13, 730.62, 5418826, 2917, 0, 0
10771, 134, 693, 1353, 0, 0, 4.45%, 0, 0, 13, 730.29, 5420468, 2917, 0, 0
10776, 134, 775, 1353, 0, 0, 4.45%, 0, 0, 13, 71.25, 5422027, 2917, 0, 0
10781, 134, 804, 1353, 0, 0, 4.45%, 0, 0, 13, 74.45, 5424273, 2917, 0, 0
10786, 134, 859, 1353, 0, 0, 4.45%, 0, 0, 13, 55.11, 5426178, 2917, 0, 0
10792, 134, 949, 1353, 0, 0, 4.45%, 0, 0, 13, 76.17, 5427599, 2917, 0, 0
10797, 134, 986, 1353, 0, 0, 4.45%, 0, 0, 13, 899.68, 5429860, 2917, 0, 0
10802, 134, 1095, 1353, 0, 0, 4.45%, 0, 0, 13, 555.36, 5431436, 2917, 0, 0
10807, 134, 1170, 1353, 0, 0, 4.45%, 0, 0, 13, 872.75, 5433030, 2917, 0, 0
10812, 134, 1206, 1353, 0, 0, 4.45%, 0, 0, 13, 57.23, 5434500, 2917, 0, 0
10817, 134, 1243, 1353, 0, 0, 4.45%, 0, 0, 13, 44.73, 5435486, 2917, 0, 0
10822, 134, 1300, 1353, 0, 0, 4.45%, 0, 0, 13, 76.88, 5437641, 2917, 0, 0
10827, 134, 1318, 1353, 0, 0, 4.45%, 0, 0, 13, 77.56, 5439862, 2917, 0, 0
10833, 135, 46, 1353, 0, 0, 4.45%, 0, 0, 13, 800.13, 5442008, 2917, 0, 0
10838, 135, 68, 1353, 0, 0, 4.45%, 0, 0, 13, 1000.30, 5443009, 2917, 0, 0
10843, 135, 110, 1353, 0, 0, 4.45%, 0, 0, 13, 79.90, 5445105, 2917, 0, 0
10848, 135, 203, 1353, 0, 0, 4.45%, 0, 0, 13, 77.42, 5447489, 2917, 0, 0
10853, 135, 385, 1353, 0, 0, 4.45%, 0, 0, 13, 72.96, 5449950, 2917, 0, 0
10858, 135, 435, 1353, 0, 0, 4.45%, 0, 0, 13, 524.62, 5451502, 2917, 0, 0
10863, 135, 510, 1353, 0, 0, 4.45%, 0, 0, 13, 81.25, 5452553, 2917, 0, 0
10868, 135, 595, 1353, 0, 0, 4.45%, 0, 0, 13, 77.88, 5454620, 2917, 0, 0
10873, 135, 695, 1353, 0, 0, 4.45%, 0, 0, 13, 138.82, 5457037, 2917, 0, 0
10879, 135, 729, 1353, 0, 0, 4.45%, 0, 0, 13, 882.73, 5459322, 2917, 0, 0
10884, 135, 799, 1353, 0, 0, 4.45%, 0, 0, 13, 855.02, 5460482, 2917, 0, 0
10889, 135, 831, 1353, 0, 0, 4.45%, 0, 0, 13, 73.00, 5462105, 2917, 0, 0
10894, 135, 860, 1353, 0, 0, 4.45%, 0, 0, 13, 65.48, 5463669, 2917, 0, 0
10899, 135, 896, 1353, 0, 0, 4.45%, 0, 0, 13, 776.48, 5465790, 2917, 0, 0
10904, 135, 994, 1353, 0, 0, 4.45%, 0, 0, 13, 842.87, 5467529, 2917, 0, 0
10909, 135, 1105, 1353, 0, 0, 4.45%, 0, 0, 13, 801.04, 5468807, 2917, 0, 0
10915, 135, 1135, 1353, 0, 0, 4.45%, 0, 0, 13, 67.63, 5470602, 2917, 0, 0
10920, 135, 1204, 1353, 0, 0, 4.45%, 0, 0, 13, 96.60, 5472732, 2917, 0, 0
10925, 135, 1235, 1353, 0, 0, 4.45%, 0, 0, 13, 101.19, 5474636, 2917, 0, 0
10930, 135, 1269, 1353, 0, 0, 4.45%, 0, 0, 13, 889.32, 5476107, 2917, 0, 0
10935, 135, 1350, 1353, 0, 0, 4.45%, 0, 0, 13, 625.00, 5477416, 2917, 0, 0
10940, 136, 71, 1353, 0, 0, 4.45%, 0, 0, 13, 79.26, 5479660, 2917, 0, 0
10945, 136, 120, 1353, 0, 0, 4.45%, 0, 0, 13, 77.82, 5482118, 2917, 0, 0
10950, 136, 171, 1353, 0, 0, 4.45%, 0, 0, 13, 950.04, 5484545, 2917, 0, 0
10956, 136, 269, 1353, 0, 0, 4.45%, 0, 0, 13, 935.55, 5486559, 2917, 0, 0
10961, 136, 306, 1353, 0, 0, 4.45%, 0, 0, 13, 495.37, 5487839, 2917, 0, 0
10966, 136, 407, 1353, 0, 0, 4.45%, 0, 0, 13, 56.90, 5489531, 2917, 0, 0
10971, 136, 534, 1353, 0, 0, 4.45%, 0, 0, 13, 37.22, 5491260, 2917, 0, 0
10976, 136, 612, 1353, 0, 0, 4.45%, 0, 0, 13, 98.78, 5493183, 2917, 0, 0
10981, 136, 665, 1353, 0, 0, 4.45%, 0, 0, 13, 873.68, 5494912, 2917, 0, 0
10986, 136, 713, 1353, 0, 0, 4.45%, 0, 0, 13, 921.49, 5496242, 2917, 0, 0
10992, 136, 799, 1353, 0, 0, 4.45%, 0, 0, 13, 66.75, 5497805, 2917, 0, 0
10997, 136, 839, 1353, 0, 0, 4.45%, 0, 0, 13, 65.75, 5499739, 2917, 0, 0
11002, 136, 892, 1353, 0, 0, 4.45%, 0, 0, 13, 38.76, 5501294, 2917, 0, 0
11007, 136, 982, 1353, 0, 0, 4.45%, 0, 0, 13, 83.01, 5503074, 2917, 0, 0
11012, 136, 1008, 1353, 0, 0, 4.45%, 0, 0, 13, 760.91, 5504902, 2917, 0, 0
11017, 136, 1050, 1353, 0, 0, 4.45%, 0, 0, 13, 787.15, 5506049, 2917, 0, 0
11022, 136, 1053, 1353, 0, 0, 4.45%, 0, 0, 13, 446.35, 5506901, 2917, 0, 0
11027, 136, 1148, 1353, 0, 0, 4.45%, 0, 0, 13, 68.75, 5508510, 2917, 0, 0
11032, 136, 1161, 1353, 0, 0, 4.45%, 0, 0, 13, 68.12, 5510494, 2917, 0, 0
11037, 136, 1228, 1353, 0, 0, 4.45%, 0, 0, 13, 90.13, 5512489, 2917, 0, 0
11043, 136, 1234, 1353, 0, 0, 4.45%, 0, 0, 13, 58.98, 5514390, 2917, 0, 0
11048, 136, 1262, 1353, 0, 0, 4.45%, 0, 0, 13, 687.66, 5516352, 2917, 0, 0
11053, 136, 1336, 1353, 0, 0, 4.45%, 0, 0, 13, 884.36, 5517859, 2917, 0, 0
11058, 137, 36, 1353, 0, 0, 4.45%, 0, 0, 13, 695.00, 5518832, 2917, 0, 0
11063, 137, 87, 1353, 0, 0, 4.45%, 0, 0, 13, 71.48, 5521039, 2917, 0, 0
11068, 137, 145, 1353, 0, 0, 4.45%, 0, 0, 13, 65.67, 5523438, 2917, 0, 0
11075, 137, 201, 1353, 0, 0, 4.45%, 0, 0, 13, 654.62, 5525750, 2917, 0, 0
11080, 137, 324, 1353, 0, 0, 4.45%, 0, 0, 13, 886.91, 5527317, 2917, 0, 0
11085, 137, 385, 1353, 0, 0, 4.45%, 0, 0, 13, 72.88, 5528366, 2917, 0, 0
11090, 137, 496, 1353, 0, 0, 4.45%, 0, 0, 13, 66.16, 5530299, 2917, 0, 0
11095, 137, 586, 1353, 0, 0, 4.45%, 0, 0, 13, 598.69, 5532168, 2917, 0, 0
11100, 137, 643, 1353, 0, 0, 4.45%, 0, 0, 13, 759.97, 5534303, 2917, 0, 0
11105, 137, 694, 1353, 0, 0, 4.45%, 0, 0, 13, 623.98, 5535240, 2917, 0, 0
11110, 137, 783, 1353, 0, 0, 4.45%, 0, 0, 13, 63.13, 5536936, 2917, 0, 0
11115, 137, 811, 1353, 0, 0, 4.45%, 0, 0, 13, 61.59, 5538995, 2917, 0, 0
11121, 137, 834, 1353, 0, 0, 4.45%, 0, 0, 13, 55.88, 5540940, 2917, 0, 0
11126, 137, 879, 1353, 0, 0, 4.45%, 0, 0, 13, 531.69, 5542037, 2917, 0, 0
11131, 137, 892, 1353, 0, 0, 4.45%, 0, 0, 13, 40.90, 5542804, 2917, 0, 0
11136, 137, 989, 1353, 0, 0, 4.45%, 0, 0, 13, 60.86, 5544874, 2917, 0, 0
11141, 137, 1151, 1353, 0, 0, 4.45%, 0, 0, 13, 68.30, 5547063, 2917, 0, 0
11146, 137, 1225, 1353, 0, 0, 4.45%, 0, 0, 13, 569.23, 5548882, 2917, 0, 0
11151, 137, 1297, 1353, 0, 0, 4.45%, 0, 0, 13, 666.68, 5549871, 2917, 0, 0
11158, 137, 1350, 1353, 0, 0, 4.45%, 0, 0, 13, 76.30, 5551805, 2917, 0, 0
11163, 138, 25, 1353, 0, 0, 4.45%, 0, 0, 13, 91.73, 5553681, 2917, 0, 0
11168, 138, 73, 1353, 0, 0, 4.45%, 0, 0, 13, 70.29, 5555906, 2917, 0, 0
11173, 138, 128, 1353, 0, 0, 4.45%, 0, 0, 13, 70.31, 5558170, 2917, 0, 0
11179, 138, 161, 1353, 0, 0, 4.45%, 0, 0, 13, 768.79, 5560322, 2917, 0, 0
11184, 138, 249, 1353, 0, 0, 4.45%, 0, 0, 13, 817.92, 5561768, 2917, 0, 0
11190, 138, 288, 1353, 0, 0, 4.45%, 0, 0, 13, 885.00, 5562946, 2917, 0, 0
11195, 138, 458, 1353, 0, 0, 4.45%, 0, 0, 13, 57.55, 5564908, 2917, 0, 0
11200, 138, 570, 1353, 0, 0, 4.45%, 0, 0, 13, 71.32, 5566516, 2917, 0, 0
11205, 138, 635, 1353, 0, 0, 4.45%, 0, 0, 13, 68.45, 5568568, 2917, 0, 0
11211, 138, 729, 1353, 0, 0, 4.45%, 0, 0, 13, 63.35, 5570657, 2917, 0, 0
11217, 138, 780, 1353, 0, 0, 4.45%, 0, 0, 13, 842.46, 5572608, 2917, 0, 0
11222, 138, 842, 1353, 0, 0, 4.45%, 0, 0, 13, 815.66, 5574474, 2917, 0, 0
11227, 138, 854, 1353, 0, 0, 4.45%, 0, 0, 13, 690.61, 5575514, 2917, 0, 0
11232, 138, 898, 1353, 0, 0, 4.45%, 0, 0, 13, 424.29, 5576599, 2917, 0, 0
11237, 138, 982, 1353, 0, 0, 4.45%, 0, 0, 13, 76.26, 5578062, 2917, 0, 0
11242, 138, 1004, 1353, 0, 0, 4.45%, 0, 0, 13, 57.45, 5579970, 2917, 0, 0
11247, 138, 1117, 1353, 0, 0, 4.45%, 0, 0, 13, 89.53, 5581841, 2917, 0, 0
11252, 138, 1262, 1353, 0, 0, 4.45%, 0, 0, 13, 68.20, 5583886, 2917, 0, 0
11258, 138, 1309, 1353, 0, 0, 4.45%, 0, 0, 13, 597.17, 5585403, 2917, 0, 0
11263, 138, 1325, 1353, 0, 0, 4.45%, 0, 0, 13, 589.28, 5586895, 2917, 0, 0
11268, 138, 1347, 1354, 1, 0, 4.45%, 0, 0, 13, 877.41, 5588046, 2917, 0, 0
11273, 138, 1353, 1354, 1, 0, 4.45%, 0, 0, 13, 90.41, 5589410, 2917, 0, 0
11278, 139, 52, 1354, 0, 0, 4.45%, 0, 0, 13, 70.51, 5591436, 2917, 0, 0
11284, 139, 97, 1354, 0, 0, 4.45%, 0, 0, 13, 70.42, 5593824, 2917, 0, 0
11289, 139, 206, 1354, 0, 0, 4.45%, 0, 0, 13, 849.59, 5596122, 2917, 0, 0
11294, 139, 279, 1354, 0, 0, 4.45%, 0, 0, 13, 729.45, 5597393, 2917, 0, 0
11299, 139, 344, 1354, 0, 0, 4.45%, 0, 0, 13, 68.91, 5598684, 2917, 0, 0
11304, 139, 494, 1354, 0, 0, 4.45%, 0, 0, 13, 68.90, 5600746, 2917, 0, 0
11309, 139, 582, 1354, 0, 0, 4.45%, 0, 0, 13, 69.41, 5602707, 2917, 0, 0
11316, 139, 661, 1354, 0, 0, 4.45%, 0, 0, 13, 175.07, 5605098, 2917, 0, 0
11321, 139, 789, 1354, 0, 0, 4.45%, 0, 0, 13, 60.34, 5607271, 2917, 0, 0
11327, 139, 814, 1354, 0, 0, 4.45%, 0, 0, 13, 761.00, 5608678, 2917, 0, 0
11332, 139, 861, 1354, 0, 0, 4.45%, 0, 0, 13, 55.42, 5609739, 2917, 0, 0
11337, 139, 915, 1354, 0, 0, 4.45%, 0, 0, 13, 40.99, 5611224, 2917, 0, 0
11342, 139, 1078, 1354, 0, 0, 4.45%, 0, 0, 13, 69.68, 5613310, 2917, 0, 0
11347, 139, 1161, 1354, 0, 0, 4.45%, 0, 0, 13, 791.28, 5615245, 2917, 0, 0
11352, 139, 1205, 1354, 0, 0, 4.45%, 0, 0, 13, 760.57, 5616417, 2917, 0, 0
11357, 139, 1232, 1354, 0, 0, 4.45%, 0, 0, 13, 69.45, 5617393, 2917, 0, 0
11362, 139, 1330, 1354, 0, 0, 4.45%, 0, 0, 13, 63.58, 5619484, 2917, 0, 0
11367, 140, 15, 1354, 0, 0, 4.45%, 0, 0, 13, 69.38, 5621108, 2917, 0, 0
11373, 140, 72, 1354, 0, 0, 4.45%, 0, 0, 13, 602.67, 5622906, 2917, 0, 0
11378, 140, 94, 1354, 0, 0, 4.45%, 0, 0, 13, 900.89, 5624171, 2917, 0, 0
11383, 140, 167, 1354, 0, 0, 4.45%, 0, 0, 13, 66.02, 5626065, 2917, 0, 0
11388, 140, 257, 1354, 0, 0, 4.45%, 0, 0, 13, 68.10, 5628115, 2917, 0, 0
11394, 140, 389, 1354, 0, 0, 4.45%, 0, 0, 13, 829.28, 5630197, 2917, 0, 0
11399, 140, 540, 1354, 0, 0, 4.45%, 0, 0, 13, 130.51, 5632149, 2917, 0, 0
11404, 140, 607, 1354, 0, 0, 4.45%, 0, 0, 13, 868.74, 5633491, 2917, 0, 0
11409, 140, 639, 1354, 0, 0, 4.45%, 0, 0, 13, 895.22, 5634808, 2917, 0, 0
11414, 140, 726, 1354, 0, 0, 4.45%, 0, 0, 13, 66.07, 5636501, 2917, 0, 0
11420, 140, 781, 1354, 0, 0, 4.45%, 0, 0, 13, 60.60, 5638585, 2917, 0, 0
11425, 140, 818, 1354, 0, 0, 4.45%, 0, 0, 13, 66.47, 5640449, 2917, 0, 0
11430, 140, 878, 1354, 0, 0, 4.45%, 0, 0, 13, 68.45, 5641566, 2917, 0, 0
11435, 140, 899, 1354, 0, 0, 4.45%, 0, 0, 13, 77.65, 5643086, 2917, 0, 0
11440, 140, 949, 1354, 0, 0, 4.45%, 0, 0, 13, 557.17, 5644492, 2917, 0, 0
11446, 140, 1042, 1354, 0, 0, 4.45%, 0, 0, 13, 710.93, 5645480, 2917, 0, 0
11451, 140, 1181, 1354, 0, 0, 4.45%, 0, 0, 13, 692.37, 5648320, 2917, 0, 0
11456, 140, 1282, 1354, 0, 0, 4.45%, 0, 0, 13, 726.79, 5651563, 2917, 0, 0
11461, 141, 40, 1354, 0, 0, 4.45%, 0, 0, 13, 730.99, 5655044, 2917, 0, 0
11466, 141, 147, 1354, 0, 0, 4.45%, 0, 0, 13, 818.56, 5659306, 2917, 0, 0
11471, 141, 337, 1356, 2, 0, 4.45%, 0, 0, 13, 815.80, 5663490, 2917, 0, 0
11476, 141, 530, 1356, 2, 0, 4.45%, 0, 0, 13, 699.56, 5666790, 2917, 0, 0
11482, 141, 682, 1356, 2, 0, 4.45%, 0, 0, 13, 696.60, 5670393, 2917, 0, 0
11487, 141, 837, 1356, 2, 0, 4.45%, 0, 0, 13, 722.38, 5674110, 2917, 0, 0
11492, 141, 932, 1356, 2, 0, 4.45%, 0, 0, 13, 761.00, 5677297, 2917, 0, 0
11497, 141, 1067, 1356, 2, 0, 4.45%, 0, 0, 13, 679.95, 5680293, 2917, 0, 0
11502, 141, 1302, 1356, 2, 0, 4.45%, 0, 0, 13, 754.06, 5684195, 2917, 0, 0
11507, 142, 46, 1356, 2, 0, 4.45%, 0, 0, 13, 693.91, 5687605, 2917, 0, 0
11512, 142, 125, 1356, 2, 0, 4.45%, 0, 0, 13, 744.54, 5691496, 2917, 0, 0
11517, 142, 333, 1356, 2, 0, 4.45%, 0, 0, 13, 812.64, 5695658, 2917, 0, 0
11523, 142, 539, 1356, 2, 0, 4.45%, 0, 0, 13, 727.63, 5699173, 2917, 0, 0
11528, 142, 643, 1356, 2, 0, 4.45%, 0, 0, 13, 793.22, 5703063, 2917, 0, 0
11533, 142, 814, 1356, 2, 0, 4.45%, 0, 0, 13, 716.68, 5706712, 2917, 0, 0
11538, 142, 977, 1356, 2, 0, 4.45%, 0, 0, 13, 723.44, 5710204, 2917, 0, 0
11543, 142, 1138, 1356, 2, 0, 4.45%, 0, 0, 13, 741.63, 5713904, 2917, 0, 0
11548, 142, 1329, 1356, 2, 0, 4.45%, 0, 0, 13, 807.17, 5717998, 2917, 0, 0
11553, 143, 95, 1356, 2, 0, 4.45%, 0, 0, 13, 846.73, 5722215, 2917, 0, 0
11559, 143, 271, 1356, 2, 0, 4.45%, 0, 0, 13, 816.30, 5726274, 2917, 0, 0
11564, 143, 515, 1356, 2, 0, 4.45%, 0, 0, 13, 804.60, 5730488, 2917, 0, 0
11569, 143, 652, 1356, 2, 0, 4.45%, 0, 0, 13, 831.79, 5734833, 2917, 0, 0
11576, 143, 834, 1356, 2, 0, 4.45%, 0, 0, 13, 817.19, 5740105, 2917, 0, 0
11581, 143, 1058, 1356, 2, 0, 4.45%, 0, 0, 13, 784.37, 5743980, 2917, 0, 0
11586, 143, 1247, 1356, 2, 0, 4.45%, 0, 0, 13, 763.06, 5747895, 2917, 0, 0
11591, 143, 1350, 1356, 2, 0, 4.45%, 0, 0, 13, 733.43, 5751774, 2917, 0, 0
11596, 144, 103, 1356, 1, 0, 4.45%, 0, 0, 13, 804.39, 5756084, 2917, 0, 0
11602, 144, 254, 1356, 1, 0, 4.45%, 0, 0, 13, 826.92, 5760212, 2917, 0, 0
11607, 144, 580, 1356, 1, 0, 4.45%, 0, 0, 13, 826.25, 5764371, 2917, 0, 0
11612, 144, 725, 1356, 1, 0, 4.45%, 0, 0, 13, 839.30, 5769126, 2917, 0, 0
11617, 144, 883, 1356, 1, 0, 4.45%, 0, 0, 13, 695.32, 5772763, 2917, 0, 0
11622, 144, 1153, 1356, 1, 0, 4.45%, 0, 0, 13, 777.37, 5776648, 2917, 0, 0
11627, 144, 1285, 1356, 1, 0, 4.45%, 0, 0, 13, 795.37, 5780665, 2917, 0, 0
11633, 145, 77, 1356, 0, 0, 4.45%, 0, 0, 13, 830.81, 5784797, 2917, 0, 0
11638, 145, 164, 1356, 0, 0, 4.45%, 0, 0, 13, 850.07, 5789575, 2917, 0, 0
11643, 145, 393, 1356, 0, 0, 4.45%, 0, 0, 13, 826.35, 5793607, 2917, 0, 0
11648, 145, 581, 1356, 0, 0, 4.45%, 0, 0, 13, 798.90, 5797680, 2917, 0, 0
11655, 145, 711, 1356, 0, 0, 4.45%, 0, 0, 13, 815.37, 5802459, 2917, 0, 0
11660, 145, 908, 1356, 0, 0, 4.45%, 0, 0, 13, 750.56, 5806279, 2917, 0, 0
11665, 145, 1139, 1356, 0, 0, 4.45%, 0, 0, 13, 778.83, 5810344, 2917, 0, 0
11670, 145, 1313, 1356, 0, 0, 4.45%, 0, 0, 13, 790.98, 5814269, 2917, 0, 0
11675, 146, 71, 1356, 0, 0, 4.45%, 0, 0, 13, 831.46, 5818387, 2917, 0, 0
11680, 146, 241, 1356, 0, 0, 4.45%, 0, 0, 13, 804.87, 5822727, 2917, 0, 0
11686, 146, 404, 1356, 0, 0, 4.45%, 0, 0, 13, 807.24, 5826689, 2917, 0, 0
11691, 146, 612, 1356, 0, 0, 4.45%, 0, 0, 13, 809.76, 5830685, 2917, 0, 0
11697, 146, 752, 1356, 0, 0, 4.45%, 0, 0, 13, 840.21, 5835794, 2917, 0, 0
11702, 146, 839, 1356, 0, 0, 4.45%, 0, 0, 13, 757.78, 5839619, 2917, 0, 0
11707, 146, 1062, 1356, 0, 0, 4.45%, 0, 0, 13, 751.46, 5843251, 2917, 0, 0
11712, 146, 1245, 1356, 0, 0, 4.45%, 0, 0, 13, 708.58, 5846825, 2917, 0, 0
11717, 146, 1322, 1356, 0, 0, 4.45%, 0, 0, 13, 731.01, 5850809, 2917, 0, 0
11722, 147, 52, 1356, 0, 0, 4.45%, 0, 0, 13, 770.20, 5854603, 2917, 0, 0
11727, 147, 177, 1356, 0, 0, 4.45%, 0, 0, 13, 822.50, 5858883, 2917, 0, 0
11732, 147, 503, 1356, 0, 0, 4.45%, 0, 0, 13, 775.89, 5862936, 2917, 0, 0
11737, 147, 625, 1356, 0, 0, 4.45%, 0, 0, 13, 813.20, 5866997, 2917, 0, 0
11743, 147, 783, 1356, 0, 0, 4.45%, 0, 0, 13, 762.90, 5870679, 2917, 0, 0
11748, 147, 876, 1356, 0, 0, 4.45%, 0, 0, 13, 442.20, 5874233, 2917, 0, 0
11753, 147, 1028, 1356, 0, 0, 4.45%, 0, 0, 13, 150.00, 5877802, 2917, 0, 0
11758, 147, 1193, 1356, 0, 0, 4.45%, 0, 0, 13, 852.78, 5881688, 2917, 0, 0
11763, 147, 1335, 1356, 0, 0, 4.45%, 0, 0, 13, 769.13, 5885519, 2917, 0, 0
11768, 148, 95, 1356, 0, 0, 4.45%, 0, 0, 13, 731.37, 5889372, 2917, 0, 0
11773, 148, 249, 1356, 0, 0, 4.45%, 0, 0, 13, 798.26, 5893477, 2917, 0, 0
11778, 148, 559, 1356, 0, 0, 4.45%, 0, 0, 13, 799.03, 5897541, 2917, 0, 0
11784, 148, 698, 1356, 0, 0, 4.45%, 0, 0, 13, 839.26, 5901616, 2917, 0, 0
11789, 148, 805, 1356, 0, 0, 4.45%, 0, 0, 13, 790.01, 5905160, 2917, 0, 0
11794, 148, 1143, 1356, 0, 0, 4.45%, 0, 0, 13, 798.47, 5909162, 2917, 0, 0
11799, 148, 1263, 1356, 0, 0, 4.45%, 0, 0, 13, 748.60, 5912910, 2917, 0, 0
11804, 148, 1350, 1356, 0, 0, 4.45%, 0, 0, 13, 815.80, 5916893, 2917, 0, 0
11809, 149, 109, 1356, 0, 0, 4.45%, 0, 0, 13, 837.36, 5921078, 2917, 0, 0
11814, 149, 257, 1356, 0, 0, 4.45%, 0, 0, 13, 839.52, 5925133, 2917, 0, 0
11819, 149, 572, 1356, 0, 0, 4.45%, 0, 0, 13, 790.99, 5929045, 2917, 0, 0
11825, 149, 703, 1356, 0, 0, 4.45%, 0, 0, 13, 829.63, 5932995, 2917, 0, 0
11831, 149, 837, 1356, 0, 0, 4.45%, 0, 0, 13, 854.44, 5937555, 2917, 0, 0
11836, 149, 1046, 1356, 0, 0, 4.45%, 0, 0, 13, 763.02, 5941037, 2917, 0, 0
11841, 149, 1148, 1356, 0, 0, 4.45%, 0, 0, 13, 748.27, 5944631, 2917, 0, 0
11846, 149, 1312, 1356, 0, 0, 4.45%, 0, 0, 13, 794.87, 5948248, 2917, 0, 0
11851, 150, 91, 1356, 0, 0, 4.45%, 0, 0, 13, 713.05, 5952321, 2917, 0, 0
11856, 150, 263, 1356, 0, 0, 4.45%, 0, 0, 13, 778.13, 5956412, 2917, 0, 0
11861, 150, 390, 1356, 0, 0, 4.45%, 0, 0, 13, 891.09, 5960154, 2917, 0, 0
11867, 150, 635, 1356, 0, 0, 4.45%, 0, 0, 13, 532.69, 5963920, 2917, 0, 0
11873, 150, 794, 1356, 0, 0, 4.45%, 0, 0, 13, 743.40, 5968515, 2917, 0, 0
11878, 150, 907, 1356, 0, 0, 4.45%, 0, 0, 13, 688.37, 5971918, 2917, 0, 0
11883, 150, 1134, 1356, 0, 0, 4.45%, 0, 0, 13, 842.21, 5975643, 2917, 0, 0
11888, 150, 1211, 1356, 0, 0, 4.45%, 0, 0, 13, 766.15, 5978919, 2917, 0, 0
11893, 151, 15, 1356, 0, 0, 4.45%, 0, 0, 13, 70.18, 5982439, 2917, 0, 0
11898, 151, 113, 1356, 0, 0, 4.45%, 0, 0, 13, 902.67, 5986606, 2917, 0, 0
11903, 151, 327, 1356, 0, 0, 4.45%, 0, 0, 13, 811.88, 5990318, 2917, 0, 0
11908, 151, 508, 1356, 0, 0, 4.45%, 0, 0, 13, 798.18, 5993706, 2917, 0, 0
11914, 151, 612, 1356, 0, 0, 4.45%, 0, 0, 13, 901.12, 5997026, 2917, 0, 0
11919, 151, 775, 1356, 0, 0, 4.45%, 0, 0, 13, 790.43, 6000821, 2917, 0, 0
11924, 151, 927, 1356, 0, 0, 4.45%, 0, 0, 13, 712.12, 6004175, 2917, 0, 0
11929, 151, 1055, 1356, 0, 0, 4.45%, 0, 0, 13, 626.95, 6007716, 2917, 0, 0
11934, 151, 1193, 1356, 0, 0, 4.45%, 0, 0, 13, 777.81, 6011256, 2917, 0, 0
11939, 151, 1277, 1356, 0, 0, 4.45%, 0, 0, 13, 753.96, 6015206, 2917, 0, 0
11945, 152, 57, 1356, 0, 0, 4.45%, 0, 0, 13, 827.65, 6019029, 2917, 0, 0
11950, 152, 178, 1356, 0, 0, 4.45%, 0, 0, 13, 854.92, 6022975, 2917, 0, 0
11955, 152, 327, 1356, 0, 0, 4.45%, 0, 0, 13, 766.76, 6026594, 2917, 0, 0
11960, 152, 572, 1356, 0, 0, 4.45%, 0, 0, 13, 548.59, 6029969, 2917, 0, 0
11965, 152, 707, 1356, 0, 0, 4.45%, 0, 0, 13, 730.83, 6033810, 2917, 0, 0
11970, 152, 818, 1356, 0, 0, 4.45%, 0, 0, 13, 726.98, 6037412, 2917, 0, 0
11975, 152, 889, 1356, 0, 0, 4.45%, 0, 0, 13, 421.81, 6040559, 2917, 0, 0
11980, 152, 1053, 1356, 0, 0, 4.45%, 0, 0, 13, 796.33, 6043462, 2917, 0, 0
11985, 152, 1236, 1356, 0, 0, 4.45%, 0, 0, 13, 716.73, 6046957, 2917, 0, 0
11992, 152, 1327, 1356, 0, 0, 4.45%, 0, 0, 13, 720.96, 6051523, 2917, 0, 0
11997, 153, 15, 1356, 0, 0, 4.45%, 0, 0, 13, 823.38, 6054971, 2917, 0, 0
12002, 153, 125, 1356, 0, 0, 4.45%, 0, 0, 13, 808.03, 6059281, 2917, 0, 0
12008, 153, 327, 1356, 0, 0, 4.45%, 0, 0, 13, 725.48, 6063047, 2917, 0, 0
12013, 153, 497, 1356, 0, 0, 4.45%, 0, 0, 13, 770.04, 6066458, 2917, 0, 0
12018, 153, 640, 1356, 0, 0, 4.45%, 0, 0, 13, 754.60, 6069959, 2917, 0, 0
12023, 153, 804, 1356, 0, 0, 4.45%, 0, 0, 13, 806.31, 6073686, 2917, 0, 0
12028, 153, 930, 1356, 0, 0, 4.45%, 0, 0, 13, 580.00, 6077195, 2917, 0, 0
12033, 153, 1217, 1356, 0, 0, 4.45%, 0, 0, 13, 723.87, 6081171, 2917, 0, 0
12038, 154, 35, 1356, 0, 0, 4.45%, 0, 0, 13, 664.33, 6084978, 2917, 0, 0
12043, 154, 136, 1356, 0, 0, 4.45%, 0, 0, 13, 836.34, 6089028, 2917, 0, 0
12049, 154, 279, 1356, 0, 0, 4.45%, 0, 0, 13, 792.50, 6092862, 2917, 0, 0
12054, 154, 311, 1356, 0, 0, 4.45%, 0, 0, 13, 67.79, 6093210, 2917, 0, 0
12059, 154, 572, 1356, 0, 0, 4.45%, 0, 0, 13, 802.96, 6096026, 2917, 0, 0
12064, 154, 655, 1356, 0, 0, 4.45%, 0, 0, 13, 749.25, 6098488, 2917, 0, 0
12069, 154, 751, 1356, 0, 0, 4.45%, 0, 0, 13, 474.22, 6100561, 2917, 0, 0
12074, 154, 1361, 1362, 4, 0, 4.45%, 0, 0, 13, 612.70, 6103338, 2917, 0, 0
12079, 155, 85, 1362, 3, 0, 4.45%, 0, 0, 13, 67.92, 6106545, 2917, 0, 0
12084, 155, 167, 1362, 3, 0, 4.45%, 0, 0, 13, 809.60, 6109223, 2917, 0, 0
12090, 155, 285, 1362, 3, 0, 4.45%, 0, 0, 13, 607.85, 6111439, 2917, 0, 0
12096, 155, 415, 1362, 3, 0, 4.45%, 0, 0, 13, 767.38, 6114324, 2917, 0, 0
12101, 155, 512, 1362, 3, 0, 4.45%, 0, 0, 13, 414.71, 6115890, 2917, 0, 0
12106, 155, 620, 1362, 3, 0, 4.45%, 0, 0, 13, 70.23, 6118294, 2917, 0, 0
12111, 155, 703, 1362, 3, 0, 4.45%, 0, 0, 13, 71.23, 6121058, 2917, 0, 0
12116, 155, 767, 1362, 3, 0, 4.45%, 0, 0, 13, 691.19, 6123541, 2917, 0, 0
12121, 155, 827, 1362, 3, 0, 4.45%, 0, 0, 13, 758.42, 6125691, 2917, 0, 0
12126, 155, 949, 1362, 3, 0, 4.45%, 0, 0, 13, 758.86, 6127426, 2917, 0, 0
12131, 155, 1032, 1362, 3, 0, 4.45%, 0, 0, 13, 853.88, 6129291, 2917, 0, 0
12137, 155, 1171, 1362, 3, 0, 4.45%, 0, 0, 13, 61.42, 6131339, 2917, 0, 0
12142, 155, 1233, 1363, 4, 0, 4.45%, 0, 0, 13, 59.29, 6133586, 2917, 0, 0
12147, 155, 1307, 1363, 4, 0, 4.45%, 0, 0, 13, 62.66, 6136147, 2917, 0, 0
12152, 155, 1320, 1363, 4, 0, 4.45%, 0, 0, 13, 538.50, 6137527, 2917, 0, 0
12157, 155, 1358, 1364, 4, 0, 4.45%, 0, 0, 13, 618.65, 6138838, 2917, 0, 0
12163, 155, 1362, 1364, 3, 0, 4.45%, 0, 0, 13, 464.04, 6141234, 2917, 0, 0
12168, 156, 51, 1364, 2, 0, 4.45%, 0, 0, 13, 71.52, 6142940, 2917, 0, 0
12173, 156, 107, 1364, 2, 0, 4.45%, 0, 0, 13, 71.02, 6145590, 2917, 0, 0
12178, 156, 257, 1364, 2, 0, 4.45%, 0, 0, 13, 56.95, 6148081, 2917, 0, 0
12183, 156, 300, 1364, 2, 0, 4.45%, 0, 0, 13, 719.62, 6149219, 2917, 0, 0
12188, 156, 416, 1364, 2, 0, 4.45%, 0, 0, 13, 624.35, 6150918, 2917, 0, 0
12194, 156, 580, 1364, 2, 0, 4.45%, 0, 0, 13, 882.49, 6152462, 2917, 0, 0
12199, 156, 636, 1364, 2, 0, 4.45%, 0, 0, 13, 71.40, 6154328, 2917, 0, 0
12204, 156, 691, 1364, 2, 0, 4.45%, 0, 0, 13, 51.77, 6156294, 2917, 0, 0
12209, 156, 794, 1364, 2, 0, 4.45%, 0, 0, 13, 68.12, 6158543, 2917, 0, 0
12214, 156, 891, 1364, 2, 0, 4.45%, 0, 0, 13, 776.83, 6160787, 2917, 0, 0
12219, 156, 977, 1364, 2, 0, 4.45%, 0, 0, 13, 636.25, 6162110, 2917, 0, 0
12224, 156, 1084, 1364, 2, 0, 4.45%, 0, 0, 13, 808.11, 6163526, 2917, 0, 0
12229, 156, 1125, 1364, 2, 0, 4.45%, 0, 0, 13, 56.77, 6165082, 2917, 0, 0
12234, 156, 1193, 1364, 2, 0, 4.45%, 0, 0, 13, 59.06, 6167178, 2917, 0, 0
12239, 156, 1267, 1364, 2, 0, 4.45%, 0, 0, 13, 63.37, 6169019, 2917, 0, 0
12244, 156, 1285, 1364, 2, 0, 4.45%, 0, 0, 13, 68.21, 6171257, 2917, 0, 0
12249, 156, 1303, 1364, 2, 0, 4.45%, 0, 0, 13, 364.88, 6172081, 2917, 0, 0
12257, 156, 1355, 1364, 2, 0, 4.45%, 0, 0, 13, 732.58, 6174442, 2917, 0, 0
12262, 157, 13, 1364, 1, 0, 4.45%, 0, 0, 13, 655.81, 6176431, 2917, 0, 0
12267, 157, 68, 1364, 1, 0, 4.45%, 0, 0, 13, 626.78, 6178225, 2917, 0, 0
12272, 157, 97, 1364, 1, 0, 4.45%, 0, 0, 13, 747.19, 6179841, 2917, 0, 0
12278, 157, 147, 1364, 1, 0, 4.45%, 0, 0, 13, 69.43, 6181332, 2917, 0, 0
12283, 157, 237, 1364, 1, 0, 4.45%, 0, 0, 13, 112.51, 6183471, 2917, 0, 0
12288, 157, 350, 1364, 1, 0, 4.45%, 0, 0, 13, 68.95, 6185611, 2917, 0, 0
12293, 157, 424, 1364, 1, 0, 4.45%, 0, 0, 13, 67.22, 6187551, 2917, 0, 0
12298, 157, 579, 1364, 1, 0, 4.45%, 0, 0, 13, 71.39, 6189571, 2917, 0, 0
12303, 157, 640, 1364, 1, 0, 4.45%, 0, 0, 13, 755.53, 6191547, 2917, 0, 0
12310, 157, 685, 1364, 1, 0, 4.45%, 0, 0, 13, 839.22, 6193333, 2917, 0, 0
12315, 157, 723, 1364, 1, 0, 4.45%, 0, 0, 13, 746.27, 6194263, 2917, 0, 0
12320, 157, 804, 1364, 1, 0, 4.45%, 0, 0, 13, 61.82, 6196215, 2917, 0, 0
12325, 157, 838, 1364, 1, 0, 4.45%, 0, 0, 13, 57.07, 6198117, 2917, 0, 0
12332, 157, 958, 1364, 1, 0, 4.45%, 0, 0, 13, 70.33, 6200333, 2917, 0, 0
12337, 157, 1093, 1364, 1, 0, 4.45%, 0, 0, 13, 64.54, 6202207, 2917, 0, 0
12342, 157, 1170, 1364, 1, 0, 4.45%, 0, 0, 13, 628.25, 6203643, 2917, 0, 0
12347, 157, 1250, 1364, 1, 0, 4.45%, 0, 0, 13, 651.57, 6204797, 2917, 0, 0
12353, 157, 1262, 1364, 1, 0, 4.45%, 0, 0, 13, 68.25, 6206280, 2917, 0, 0
12358, 157, 1301, 1364, 1, 0, 4.45%, 0, 0, 13, 65.86, 6208459, 2917, 0, 0
12363, 157, 1324, 1364, 1, 0, 4.45%, 0, 0, 13, 63.06, 6210667, 2917, 0, 0
12368, 157, 1355, 1364, 1, 0, 4.45%, 0, 0, 13, 505.11, 6211991, 2917, 0, 0
12373, 157, 1358, 1364, 1, 0, 4.45%, 0, 0, 13, 60.84, 6212998, 2917, 0, 0
12378, 158, 35, 1364, 0, 0, 4.45%, 0, 0, 13, 90.58, 6215255, 2917, 0, 0
12383, 158, 73, 1364, 0, 0, 4.45%, 0, 0, 13, 69.46, 6217544, 2917, 0, 0
12388, 158, 96, 1364, 0, 0, 4.45%, 0, 0, 13, 767.70, 6219564, 2917, 0, 0
12393, 158, 113, 1364, 0, 0, 4.45%, 0, 0, 13, 650.96, 6220871, 2917, 0, 0
12399, 158, 178, 1364, 0, 0, 4.45%, 0, 0, 13, 68.94, 6222415, 2917, 0, 0
12404, 158, 252, 1364, 0, 0, 4.45%, 0, 0, 13, 119.41, 6224360, 2917, 0, 0
12409, 158, 382, 1364, 0, 0, 4.45%, 0, 0, 13, 68.62, 6226583, 2917, 0, 0
12414, 158, 509, 1364, 0, 0, 4.45%, 0, 0, 13, 670.37, 6227972, 2917, 0, 0
12419, 158, 569, 1364, 0, 0, 4.45%, 0, 0, 13, 68.27, 6228929, 2917, 0, 0
12424, 158, 612, 1364, 0, 0, 4.45%, 0, 0, 13, 67.79, 6231073, 2917, 0, 0
12429, 158, 669, 1364, 0, 0, 4.45%, 0, 0, 13, 82.73, 6233220, 2917, 0, 0
12434, 158, 775, 1364, 0, 0, 4.45%, 0, 0, 13, 60.15, 6235419, 2917, 0, 0
12439, 158, 818, 1364, 0, 0, 4.45%, 0, 0, 13, 781.56, 6237043, 2917, 0, 0
12444, 158, 907, 1364, 0, 0, 4.45%, 0, 0, 13, 735.23, 6237998, 2917, 0, 0
12450, 158, 982, 1364, 0, 0, 4.45%, 0, 0, 13, 67.45, 6239410, 2917, 0, 0
12456, 158, 1097, 1364, 0, 0, 4.45%, 0, 0, 13, 71.99, 6241604, 2917, 0, 0
12461, 158, 1170, 1364, 0, 0, 4.45%, 0, 0, 13, 68.61, 6243693, 2917, 0, 0
12467, 158, 1251, 1364, 0, 0, 4.45%, 0, 0, 13, 54.47, 6245463, 2917, 0, 0
12472, 158, 1270, 1364, 0, 0, 4.45%, 0, 0, 13, 66.99, 6247105, 2917, 0, 0
12477, 158, 1297, 1364, 0, 0, 4.45%, 0, 0, 13, 562.70, 6249172, 2917, 0, 0
12482, 158, 1317, 1364, 0, 0, 4.45%, 0, 0, 13, 852.43, 6250525, 2917, 0, 0
12487, 158, 1360, 1364, 0, 0, 4.45%, 0, 0, 13, 696.08, 6251651, 2917, 0, 0
12492, 159, 33, 1364, 0, 0, 4.45%, 0, 0, 13, 108.20, 6253195, 2917, 0, 0
12497, 159, 77, 1364, 0, 0, 4.45%, 0, 0, 13, 70.62, 6255100, 2917, 0, 0
12502, 159, 129, 1364, 0, 0, 4.45%, 0, 0, 13, 69.50, 6257103, 2917, 0, 0
12508, 159, 221, 1364, 0, 0, 4.45%, 0, 0, 13, 56.34, 6259053, 2917, 0, 0
12513, 159, 253, 1364, 0, 0, 4.45%, 0, 0, 13, 651.97, 6260895, 2917, 0, 0
12518, 159, 327, 1364, 0, 0, 4.45%, 0, 0, 13, 558.22, 6262102, 2917, 0, 0
12523, 159, 390, 1364, 0, 0, 4.45%, 0, 0, 13, 591.32, 6263522, 2917, 0, 0
12528, 159, 503, 1364, 0, 0, 4.45%, 0, 0, 13, 66.79, 6264787, 2917, 0, 0
12533, 159, 580, 1364, 0, 0, 4.45%, 0, 0, 13, 70.60, 6266745, 2917, 0, 0
12538, 159, 640, 1364, 0, 0, 4.45%, 0, 0, 13, 67.95, 6268914, 2917, 0, 0
12543, 159, 725, 1364, 0, 0, 4.45%, 0, 0, 13, 633.48, 6271195, 2917, 0, 0
12548, 159, 783, 1364, 0, 0, 4.45%, 0, 0, 13, 878.95, 6272080, 2917, 0, 0
12553, 159, 841, 1364, 0, 0, 4.45%, 0, 0, 13, 70.74, 6273849, 2917, 0, 0
12558, 159, 933, 1364, 0, 0, 4.45%, 0, 0, 13, 69.40, 6275783, 2917, 0, 0
12564, 159, 959, 1364, 0, 0, 4.45%, 0, 0, 13, 62.60, 6277778, 2917, 0, 0
12570, 159, 1002, 1364, 0, 0, 4.45%, 0, 0, 13, 662.57, 6279639, 2917, 0, 0
12575, 159, 1093, 1364, 0, 0, 4.45%, 0, 0, 13, 796.30, 6280899, 2917, 0, 0
12580, 159, 1170, 1364, 0, 0, 4.45%, 0, 0, 13, 67.44, 6282091, 2917, 0, 0
12585, 159, 1287, 1364, 0, 0, 4.45%, 0, 0, 13, 64.12, 6284219, 2917, 0, 0
12590, 159, 1338, 1364, 0, 0, 4.45%, 0, 0, 13, 675.58, 6285997, 2917, 0, 0
12596, 159, 1360, 1364, 0, 0, 4.45%, 0, 0, 13, 790.71, 6287772, 2917, 0, 0
12601, 160, 41, 1364, 0, 0, 4.45%, 0, 0, 13, 902.94, 6288976, 2917, 0, 0
12606, 160, 85, 1364, 0, 0, 4.45%, 0, 0, 13, 71.45, 6290822, 2917, 0, 0
12611, 160, 145, 1364, 0, 0, 4.45%, 0, 0, 13, 78.97, 6293136, 2917, 0, 0
12617, 160, 234, 1364, 0, 0, 4.45%, 0, 0, 13, 668.20, 6295305, 2917, 0, 0
12622, 160, 288, 1364, 0, 0, 4.45%, 0, 0, 13, 685.32, 6297131, 2917, 0, 0
12628, 160, 419, 1364, 0, 0, 4.45%, 0, 0, 13, 764.87, 6299319, 2917, 0, 0
12633, 160, 455, 1364, 0, 0, 4.45%, 0, 0, 13, 590.00, 6300279, 2917, 0, 0
12638, 160, 559, 1364, 0, 0, 4.45%, 0, 0, 13, 69.56, 6301879, 2917, 0, 0
12643, 160, 640, 1364, 0, 0, 4.45%, 0, 0, 13, 69.49, 6304187, 2917, 0, 0
12648, 160, 751, 1364, 0, 0, 4.45%, 0, 0, 13, 848.19, 6306278, 2917, 0, 0
12654, 160, 814, 1364, 0, 0, 4.45%, 0, 0, 13, 585.47, 6307660, 2917, 0, 0
12659, 160, 860, 1364, 0, 0, 4.45%, 0, 0, 13, 48.70, 6308668, 2917, 0, 0
12665, 160, 975, 1364, 0, 0, 4.45%, 0, 0, 13, 73.90, 6310899, 2917, 0, 0
12671, 160, 1028, 1364, 0, 0, 4.45%, 0, 0, 13, 67.39, 6312603, 2917, 0, 0
12676, 160, 1193, 1366, 2, 0, 4.45%, 0, 0, 13, 69.44, 6314669, 2917, 0, 0
12681, 160, 1326, 1366, 2, 0, 4.45%, 0, 0, 13, 139.48, 6316732, 2917, 0, 0
12686, 160, 1344, 1366, 2, 0, 4.45%, 0, 0, 13, 839.21, 6318700, 2917, 0, 0
12691, 160, 1362, 1366, 2, 0, 4.45%, 0, 0, 13, 630.62, 6319984, 2917, 0, 0
12696, 161, 13, 1366, 1, 0, 4.45%, 0, 0, 13, 760.00, 6321195, 2917, 0, 0
12701, 161, 76, 1366, 1, 0, 4.45%, 0, 0, 13, 71.87, 6323180, 2917, 0, 0
12706, 161, 123, 1366, 1, 0, 4.45%, 0, 0, 13, 71.78, 6325421, 2917, 0, 0
12711, 161, 249, 1366, 1, 0, 4.45%, 0, 0, 13, 67.14, 6327358, 2917, 0, 0
12717, 161, 333, 1366, 1, 0, 4.45%, 0, 0, 13, 69.94, 6329531, 2917, 0, 0
12722, 161, 355, 1366, 1, 0, 4.45%, 0, 0, 13, 78.17, 6330187, 2917, 0, 0
12727, 161, 421, 1366, 1, 0, 4.45%, 0, 0, 13, 454.48, 6331301, 2917, 0, 0
12732, 161, 527, 1366, 1, 0, 4.45%, 0, 0, 13, 887.67, 6332641, 2917, 0, 0
12737, 161, 558, 1366, 1, 0, 4.45%, 0, 0, 13, 50.11, 6333575, 2917, 0, 0
12742, 161, 625, 1366, 1, 0, 4.45%, 0, 0, 13, 69.43, 6335704, 2917, 0, 0
12747, 161, 703, 1366, 1, 0, 4.45%, 0, 0, 13, 70.12, 6337737, 2917, 0, 0
12753, 161, 804, 1366, 1, 0, 4.45%, 0, 0, 13, 119.75, 6339825, 2917, 0, 0
12758, 161, 842, 1366, 1, 0, 4.45%, 0, 0, 13, 802.59, 6341481, 2917, 0, 0
12764, 161, 865, 1366, 1, 0, 4.45%, 0, 0, 13, 70.29, 6342362, 2917, 0, 0
12769, 161, 876, 1366, 1, 0, 4.45%, 0, 0, 13, 312.27, 6342794, 2917, 0, 0
12774, 161, 939, 1366, 1, 0, 4.45%, 0, 0, 13, 66.68, 6344244, 2917, 0, 0
12779, 161, 991, 1366, 1, 0, 4.45%, 0, 0, 13, 60.34, 6346347, 2917, 0, 0
12784, 161, 1138, 1366, 1, 0, 4.45%, 0, 0, 13, 591.53, 6348564, 2917, 0, 0
12789, 161, 1225, 1366, 1, 0, 4.45%, 0, 0, 13, 714.95, 6349836, 2917, 0, 0
12794, 161, 1285, 1366, 1, 0, 4.45%, 0, 0, 13, 69.36, 6351118, 2917, 0, 0
12799, 161, 1296, 1366, 1, 0, 4.45%, 0, 0, 13, 62.59, 6352947, 2917, 0, 0
12804, 162, 15, 1366, 0, 0, 4.45%, 0, 0, 13, 72.10, 6355071, 2917, 0, 0
12809, 162, 80, 1366, 0, 0, 4.45%, 0, 0, 13, 882.33, 6357129, 2917, 0, 0
12814, 162, 95, 1366, 0, 0, 4.45%, 0, 0, 13, 913.78, 6358172, 2917, 0, 0
12819, 162, 167, 1366, 0, 0, 4.45%, 0, 0, 13, 65.60, 6360088, 2917, 0, 0
12825, 162, 311, 1366, 0, 0, 4.45%, 0, 0, 13, 71.90, 6362275, 2917, 0, 0
12830, 162, 353, 1366, 0, 0, 4.45%, 0, 0, 13, 787.47, 6364285, 2917, 0, 0
12835, 162, 425, 1366, 0, 0, 4.45%, 0, 0, 13, 409.94, 6365152, 2917, 0, 0
12840, 162, 509, 1366, 0, 0, 4.45%, 0, 0, 13, 66.02, 6366459, 2917, 0, 0
12845, 162, 519, 1366, 0, 0, 4.45%, 0, 0, 13, 38.04, 6367701, 2917, 0, 0
12850, 162, 608, 1366, 0, 0, 4.45%, 0, 0, 13, 69.73, 6369740, 2917, 0, 0
12855, 162, 665, 1366, 0, 0, 4.45%, 0, 0, 13, 880.72, 6371306, 2917, 0, 0
12860, 162, 723, 1366, 0, 0, 4.45%, 0, 0, 13, 665.00, 6372446, 2917, 0, 0
12865, 162, 798, 1366, 0, 0, 4.45%, 0, 0, 13, 67.46, 6374475, 2917, 0, 0
12871, 162, 907, 1366, 0, 0, 4.45%, 0, 0, 13, 66.50, 6376680, 2917, 0, 0
12876, 162, 1038, 1366, 0, 0, 4.45%, 0, 0, 13, 88.89, 6378807, 2917, 0, 0
12881, 162, 1084, 1366, 0, 0, 4.45%, 0, 0, 13, 405.06, 6379615, 2917, 0, 0
12886, 162, 1138, 1366, 0, 0, 4.45%, 0, 0, 13, 53.84, 6380555, 2917, 0, 0
12891, 162, 1175, 1366, 0, 0, 4.45%, 0, 0, 13, 63.34, 6382598, 2917, 0, 0
12897, 162, 1218, 1366, 0, 0, 4.45%, 0, 0, 13, 582.00, 6384380, 2917, 0, 0
12902, 162, 1252, 1366, 0, 0, 4.45%, 0, 0, 13, 66.13, 6386236, 2917, 0, 0
12907, 162, 1295, 1366, 0, 0, 4.45%, 0, 0, 13, 846.15, 6388059, 2917, 0, 0
12912, 162, 1342, 1366, 0, 0, 4.45%, 0, 0, 13, 510.53, 6389121, 2917, 0, 0
12917, 163, 11, 1366, 0, 0, 4.45%, 0, 0, 13, 71.45, 6390529, 2917, 0, 0
12922, 163, 57, 1366, 0, 0, 4.45%, 0, 0, 13, 71.77, 6392665, 2917, 0, 0
12927, 163, 95, 1366, 0, 0, 4.45%, 0, 0, 13, 70.68, 6394773, 2917, 0, 0
12932, 163, 161, 1366, 0, 0, 4.45%, 0, 0, 13, 69.60, 6396771, 2917, 0, 0
12937, 163, 253, 1366, 0, 0, 4.45%, 0, 0, 13, 68.87, 6398682, 2917, 0, 0
12942, 163, 324, 1366, 0, 0, 4.45%, 0, 0, 13, 890.92, 6400338, 2917, 0, 0
12948, 163, 360, 1366, 0, 0, 4.45%, 0, 0, 13, 692.74, 6402165, 2917, 0, 0
12953, 163, 417, 1366, 0, 0, 4.45%, 0, 0, 13, 756.16, 6403502, 2917, 0, 0
12958, 163, 515, 1366, 0, 0, 4.45%, 0, 0, 13, 68.43, 6404836, 2917, 0, 0
12963, 163, 582, 1366, 0, 0, 4.45%, 0, 0, 13, 103.07, 6406646, 2917, 0, 0
12969, 163, 693, 1366, 0, 0, 4.45%, 0, 0, 13, 801.00, 6410155, 2917, 0, 0
12974, 163, 855, 1366, 0, 0, 4.45%, 0, 0, 13, 762.64, 6414099, 2917, 0, 0
12979, 163, 984, 1366, 0, 0, 4.45%, 0, 0, 13, 754.84, 6417249, 2917, 0, 0
12984, 163, 1212, 1366, 0, 0, 4.45%, 0, 0, 13, 714.80, 6421093, 2917, 0, 0
12989, 163, 1256, 1366, 0, 0, 4.45%, 0, 0, 13, 699.84, 6424472, 2917, 0, 0
12994, 164, 11, 1366, 0, 0, 4.45%, 0, 0, 13, 678.42, 6427833, 2917, 0, 0
12999, 164, 110, 1366, 0, 0, 4.45%, 0, 0, 13, 737.78, 6431629, 2917, 0, 0
13004, 164, 290, 1366, 0, 0, 4.45%, 0, 0, 13, 787.21, 6435650, 2917, 0, 0
13009, 164, 442, 1366, 0, 0, 4.45%, 0, 0, 13, 752.07, 6439298, 2917, 0, 0
13014, 164, 638, 1366, 0, 0, 4.45%, 0, 0, 13, 785.82, 6443318, 2917, 0, 0
13019, 164, 814, 1366, 0, 0, 4.45%, 0, 0, 13, 788.50, 6447328, 2917, 0, 0
13025, 164, 933, 1366, 0, 0, 4.45%, 0, 0, 13, 608.01, 6450196, 2917, 0, 0
13030, 164, 1168, 1366, 0, 0, 4.45%, 0, 0, 13, 711.12, 6453912, 2917, 0, 0
13035, 164, 1359, 1366, 0, 0, 4.45%, 0, 0, 13, 744.28, 6457910, 2917, 0, 0
13040, 165, 98, 1366, 0, 0, 4.45%, 0, 0, 13, 842.16, 6462261, 2917, 0, 0
13045, 165, 324, 1366, 0, 0, 4.45%, 0, 0, 13, 817.50, 6466455, 2917, 0, 0
13050, 165, 473, 1366, 0, 0, 4.45%, 0, 0, 13, 746.31, 6469851, 2917, 0, 0
13055, 165, 644, 1366, 0, 0, 4.45%, 0, 0, 13, 822.93, 6474055, 2917, 0, 0
13060, 165, 793, 1366, 0, 0, 4.45%, 0, 0, 13, 806.93, 6477698, 2917, 0, 0
13065, 165, 967, 1366, 0, 0, 4.45%, 0, 0, 13, 775.15, 6481557, 2917, 0, 0
13070, 165, 1188, 1366, 0, 0, 4.45%, 0, 0, 13, 719.75, 6485216, 2917, 0, 0
13075, 165, 1359, 1366, 0, 0, 4.45%, 0, 0, 13, 743.78, 6488912, 2917, 0, 0
13081, 166, 110, 1366, 0, 0, 4.45%, 0, 0, 13, 850.62, 6493486, 2917, 0, 0
13086, 166, 244, 1366, 0, 0, 4.45%, 0, 0, 13, 821.71, 6497723, 2917, 0, 0
13091, 166, 506, 1366, 0, 0, 4.45%, 0, 0, 13, 786.05, 6501753, 2917, 0, 0
13096, 166, 638, 1366, 0, 0, 4.45%, 0, 0, 13, 800.49, 6505563, 2917, 0, 0
13101, 166, 814, 1366, 0, 0, 4.45%, 0, 0, 13, 820.10, 6509904, 2917, 0, 0
13107, 166, 932, 1366, 0, 0, 4.45%, 0, 0, 13, 771.09, 6514412, 2917, 0, 0
13112, 166, 1195, 1366, 0, 0, 4.45%, 0, 0, 13, 761.31, 6518397, 2917, 0, 0
13117, 166, 1269, 1366, 0, 0, 4.45%, 0, 0, 13, 736.42, 6522041, 2917, 0, 0
13122, 167, 80, 1366, 0, 0, 4.45%, 0, 0, 13, 838.34, 6526351, 2917, 0, 0
13128, 167, 263, 1366, 0, 0, 4.45%, 0, 0, 13, 858.34, 6530827, 2917, 0, 0
13133, 167, 503, 1366, 0, 0, 4.45%, 0, 0, 13, 816.82, 6534960, 2917, 0, 0
13138, 167, 640, 1366, 0, 0, 4.45%, 0, 0, 13, 809.04, 6538785, 2917, 0, 0
