# relative_time, cycles_done, cur_item, corpus_count, pending_total, pending_favs, map_size, saved_crashes, saved_hangs, max_depth, execs_per_sec, total_execs, edges_found, total_crashes, servers_count
61, 0, 54, 249, 230, 94, 3.47%, 0, 1, 3, 759.62, 48449, 2275, 0, 0
66, 0, 54, 253, 234, 94, 3.48%, 0, 1, 3, 717.02, 51968, 2278, 0, 0
71, 0, 54, 254, 235, 94, 3.48%, 0, 1, 3, 772.91, 55852, 2283, 0, 0
76, 0, 54, 254, 235, 94, 3.48%, 0, 1, 3, 804.71, 59970, 2283, 0, 0
81, 0, 54, 255, 236, 94, 3.48%, 0, 1, 3, 794.74, 64025, 2283, 0, 0
86, 0, 54, 255, 236, 94, 3.48%, 0, 1, 3, 796.40, 68086, 2283, 0, 0
91, 0, 54, 255, 236, 94, 3.48%, 0, 1, 3, 743.98, 71696, 2283, 0, 0
96, 0, 54, 256, 237, 94, 3.48%, 0, 1, 3, 807.78, 75873, 2283, 0, 0
101, 0, 54, 256, 237, 94, 3.48%, 0, 1, 3, 824.40, 80161, 2283, 0, 0
107, 0, 54, 257, 238, 94, 3.48%, 0, 1, 3, 809.28, 84328, 2283, 0, 0
112, 0, 54, 257, 238, 94, 3.48%, 0, 1, 3, 773.32, 88410, 2283, 0, 0
117, 0, 54, 257, 238, 94, 3.48%, 0, 1, 3, 810.76, 92552, 2283, 0, 0
122, 0, 54, 257, 238, 94, 3.48%, 0, 1, 3, 810.58, 96745, 2283, 0, 0
127, 0, 61, 260, 236, 94, 3.49%, 0, 1, 3, 827.59, 100944, 2284, 0, 0
132, 0, 78, 270, 234, 81, 3.49%, 0, 1, 3, 807.30, 105054, 2287, 0, 0
137, 0, 78, 278, 242, 81, 3.58%, 0, 1, 3, 866.33, 109490, 2349, 0, 0
142, 0, 78, 280, 244, 81, 3.59%, 0, 1, 3, 880.20, 113958, 2355, 0, 0
147, 0, 81, 283, 244, 85, 3.59%, 0, 1, 3, 883.01, 118505, 2355, 0, 0
152, 0, 87, 292, 248, 80, 3.60%, 0, 1, 3, 825.22, 122674, 2361, 0, 0
158, 0, 87, 294, 250, 80, 3.60%, 0, 1, 3, 854.97, 127032, 2361, 0, 0
163, 0, 87, 294, 250, 80, 3.60%, 0, 1, 3, 869.13, 131520, 2361, 0, 0
168, 0, 96, 295, 244, 77, 3.60%, 0, 1, 3, 869.16, 136022, 2362, 0, 0
173, 0, 111, 299, 237, 67, 3.62%, 0, 1, 3, 838.12, 140356, 2371, 0, 0
178, 0, 114, 315, 251, 65, 3.63%, 0, 1, 3, 792.08, 144215, 2380, 0, 0
183, 0, 114, 318, 254, 65, 3.63%, 0, 1, 3, 804.96, 148283, 2380, 0, 0
189, 0, 114, 319, 255, 65, 3.65%, 0, 1, 3, 799.58, 152482, 2390, 0, 0
194, 0, 114, 320, 256, 65, 3.65%, 0, 1, 3, 818.27, 156761, 2390, 0, 0
199, 0, 114, 320, 256, 65, 3.65%, 0, 1, 3, 777.22, 160555, 2390, 0, 0
204, 0, 114, 320, 256, 65, 3.65%, 0, 1, 3, 805.70, 164617, 2390, 0, 0
209, 0, 114, 320, 256, 65, 3.65%, 0, 1, 3, 804.57, 168649, 2390, 0, 0
214, 0, 114, 322, 258, 65, 3.67%, 0, 1, 3, 791.32, 172659, 2404, 0, 0
219, 0, 114, 324, 260, 65, 3.67%, 0, 1, 3, 756.31, 176387, 2408, 0, 0
224, 0, 114, 325, 261, 65, 3.67%, 0, 1, 3, 808.75, 180508, 2408, 0, 0
229, 0, 114, 325, 261, 65, 3.67%, 0, 1, 3, 816.29, 184748, 2408, 0, 0
234, 0, 114, 328, 264, 65, 3.68%, 0, 1, 3, 813.66, 188801, 2414, 0, 0
239, 0, 114, 329, 265, 65, 3.68%, 0, 1, 3, 790.96, 192688, 2415, 0, 0
244, 0, 130, 333, 259, 63, 3.68%, 0, 1, 3, 840.63, 197098, 2415, 0, 0
250, 0, 132, 336, 259, 61, 3.70%, 0, 1, 4, 812.92, 201244, 2422, 0, 0
255, 0, 137, 339, 261, 62, 3.70%, 0, 1, 4, 812.25, 205393, 2425, 0, 0
260, 0, 145, 349, 268, 62, 3.70%, 0, 1, 4, 775.90, 209206, 2426, 0, 0
265, 0, 145, 361, 280, 62, 3.73%, 0, 1, 4, 754.29, 212978, 2446, 0, 0
270, 0, 145, 364, 283, 62, 3.75%, 0, 1, 4, 741.99, 216804, 2458, 0, 0
275, 0, 145, 369, 288, 62, 3.76%, 0, 1, 4, 766.46, 220730, 2465, 0, 0
280, 0, 145, 372, 291, 62, 3.76%, 0, 1, 4, 714.55, 224364, 2467, 0, 0
285, 0, 145, 373, 292, 62, 3.78%, 0, 1, 4, 756.38, 228303, 2478, 0, 0
290, 0, 145, 377, 296, 62, 3.81%, 0, 1, 4, 770.41, 232216, 2494, 0, 0
295, 0, 145, 378, 297, 62, 3.81%, 0, 1, 4, 767.16, 235883, 2494, 0, 0
300, 0, 145, 381, 300, 62, 3.82%, 0, 1, 4, 756.62, 239384, 2501, 0, 0
306, 0, 145, 381, 300, 62, 3.82%, 0, 1, 4, 785.06, 243044, 2501, 0, 0
311, 0, 145, 381, 300, 62, 3.82%, 0, 1, 4, 736.67, 246631, 2501, 0, 0
316, 0, 371, 381, 298, 74, 3.82%, 0, 1, 4, 774.65, 250369, 2501, 0, 0
321, 0, 253, 382, 297, 73, 3.82%, 0, 1, 4, 704.34, 254038, 2501, 0, 0
326, 0, 225, 389, 297, 67, 3.82%, 0, 1, 4, 572.50, 257899, 2501, 0, 0
331, 0, 215, 389, 285, 54, 3.82%, 0, 1, 4, 712.14, 261824, 2501, 0, 0
336, 0, 239, 401, 291, 50, 3.83%, 0, 1, 4, 256.84, 264714, 2507, 0, 0
342, 0, 239, 404, 294, 50, 3.83%, 0, 1, 4, 758.48, 268281, 2507, 0, 0
347, 0, 239, 406, 296, 50, 3.83%, 0, 1, 4, 738.94, 272015, 2511, 0, 0
352, 0, 239, 407, 297, 50, 3.85%, 0, 1, 4, 758.72, 275847, 2520, 0, 0
357, 0, 239, 411, 301, 50, 3.86%, 0, 1, 4, 790.43, 279745, 2529, 0, 0
362, 0, 239, 415, 305, 50, 3.87%, 0, 1, 4, 829.64, 283320, 2539, 0, 0
367, 0, 239, 417, 307, 50, 3.89%, 0, 1, 4, 790.89, 287047, 2547, 0, 0
372, 0, 239, 417, 307, 50, 3.89%, 0, 1, 4, 781.24, 290872, 2547, 0, 0
377, 0, 239, 417, 307, 50, 3.89%, 0, 1, 4, 764.74, 294547, 2547, 0, 0
382, 0, 239, 417, 307, 50, 3.89%, 0, 1, 4, 742.18, 298244, 2547, 0, 0
387, 0, 239, 417, 307, 50, 3.89%, 0, 1, 4, 819.88, 302022, 2547, 0, 0
394, 0, 352, 417, 304, 52, 3.89%, 0, 1, 4, 789.67, 306622, 2547, 0, 0
399, 0, 274, 422, 297, 41, 3.89%, 0, 1, 4, 68.38, 310279, 2551, 0, 0
404, 0, 321, 425, 287, 30, 3.89%, 0, 1, 4, 696.25, 314122, 2551, 0, 0
409, 0, 372, 428, 281, 23, 3.90%, 0, 1, 4, 121.21, 317683, 2555, 0, 0
414, 0, 356, 429, 268, 9, 3.90%, 0, 1, 5, 661.25, 321509, 2555, 0, 0
419, 0, 434, 440, 270, 5, 3.91%, 0, 1, 5, 737.56, 325374, 2560, 0, 0
424, 0, 434, 441, 271, 5, 3.91%, 0, 1, 5, 85.03, 329063, 2560, 0, 0
430, 0, 434, 443, 273, 5, 3.91%, 0, 1, 5, 749.71, 332941, 2561, 0, 0
435, 0, 265, 445, 268, 1, 3.91%, 0, 1, 5, 72.07, 336528, 2561, 0, 0
440, 0, 442, 451, 271, 1, 3.92%, 0, 1, 6, 775.80, 340242, 2566, 0, 0
445, 0, 54, 451, 266, 0, 3.92%, 0, 1, 6, 703.10, 343563, 2566, 0, 0
450, 0, 284, 452, 262, 0, 3.92%, 0, 1, 6, 792.87, 347549, 2566, 0, 0
455, 0, 376, 455, 263, 0, 3.92%, 0, 1, 6, 743.96, 350953, 2566, 0, 0
460, 0, 132, 458, 261, 0, 3.92%, 0, 1, 6, 577.11, 354405, 2566, 0, 0
465, 0, 459, 460, 256, 0, 3.92%, 0, 1, 6, 797.25, 358499, 2566, 0, 0
470, 0, 351, 460, 252, 0, 3.92%, 0, 1, 6, 293.75, 362191, 2566, 0, 0
475, 0, 379, 463, 252, 0, 3.92%, 0, 1, 6, 596.84, 365753, 2566, 0, 0
481, 0, 406, 469, 256, 0, 3.92%, 0, 1, 6, 785.50, 369598, 2566, 0, 0
486, 0, 470, 471, 253, 1, 3.93%, 0, 1, 6, 775.94, 373601, 2574, 0, 0
491, 0, 20, 473, 251, 0, 3.93%, 0, 1, 6, 650.78, 377225, 2574, 0, 0
496, 0, 441, 474, 248, 0, 3.93%, 0, 1, 6, 774.79, 381207, 2576, 0, 0
501, 0, 474, 483, 256, 1, 4.03%, 0, 1, 8, 801.66, 385074, 2639, 0, 0
507, 0, 474, 484, 257, 1, 4.03%, 0, 1, 8, 725.47, 389032, 2640, 0, 0
512, 0, 474, 484, 257, 1, 4.03%, 0, 1, 8, 770.00, 392954, 2640, 0, 0
517, 0, 477, 484, 254, 7, 4.03%, 0, 1, 8, 815.29, 397190, 2640, 0, 0
522, 0, 350, 484, 246, 0, 4.03%, 0, 1, 8, 874.75, 401059, 2640, 0, 0
527, 0, 131, 487, 246, 0, 4.03%, 0, 1, 8, 801.91, 404858, 2640, 0, 0
532, 0, 138, 491, 248, 0, 4.03%, 0, 1, 8, 802.13, 408934, 2640, 0, 0
537, 1, 107, 492, 242, 0, 4.03%, 0, 1, 8, 746.49, 412637, 2640, 0, 0
542, 1, 118, 492, 234, 0, 4.03%, 0, 1, 8, 585.10, 416366, 2640, 0, 0
548, 1, 336, 493, 222, 0, 4.03%, 0, 1, 8, 140.76, 420141, 2640, 0, 0
553, 1, 34, 495, 217, 0, 4.03%, 0, 1, 8, 545.96, 423985, 2640, 0, 0
558, 1, 495, 510, 227, 1, 4.03%, 0, 1, 8, 393.33, 427615, 2641, 0, 0
563, 1, 495, 524, 241, 1, 4.03%, 0, 1, 8, 576.08, 430574, 2641, 0, 0
568, 1, 495, 527, 244, 1, 4.04%, 0, 1, 8, 630.41, 433665, 2645, 0, 0
573, 1, 495, 534, 251, 1, 4.04%, 0, 1, 8, 645.63, 436738, 2645, 0, 0
578, 1, 495, 538, 255, 1, 4.04%, 0, 1, 8, 630.16, 439876, 2645, 0, 0
583, 1, 524, 545, 260, 1, 4.04%, 0, 1, 8, 657.64, 443356, 2648, 0, 0
588, 1, 524, 550, 265, 1, 4.04%, 0, 1, 8, 734.64, 446585, 2648, 0, 0
594, 1, 524, 555, 270, 1, 4.04%, 0, 1, 8, 673.50, 449939, 2648, 0, 0
599, 1, 524, 558, 273, 1, 4.04%, 0, 1, 8, 655.04, 453101, 2648, 0, 0
604, 1, 538, 560, 274, 3, 4.04%, 0, 1, 8, 675.68, 456879, 2648, 0, 0
610, 1, 205, 561, 265, 0, 4.04%, 0, 1, 8, 708.56, 460851, 2648, 0, 0
615, 1, 487, 566, 262, 0, 4.04%, 0, 1, 8, 778.17, 464123, 2648, 0, 0
620, 1, 93, 567, 259, 0, 4.04%, 0, 1, 8, 838.73, 467706, 2648, 0, 0
625, 1, 63, 570, 256, 0, 4.04%, 0, 1, 8, 679.21, 471222, 2649, 0, 0
630, 1, 61, 572, 251, 0, 4.05%, 0, 1, 8, 823.95, 475131, 2653, 0, 0
636, 1, 365, 574, 248, 0, 4.05%, 0, 1, 8, 782.33, 478834, 2653, 0, 0
641, 1, 533, 584, 258, 0, 4.05%, 0, 1, 8, 631.48, 482678, 2653, 0, 0
646, 1, 533, 588, 262, 0, 4.05%, 0, 1, 8, 754.26, 486118, 2653, 0, 0
651, 1, 533, 590, 264, 0, 4.05%, 0, 1, 8, 706.91, 489618, 2653, 0, 0
656, 1, 34, 590, 262, 0, 4.05%, 0, 1, 8, 830.54, 493386, 2653, 0, 0
661, 1, 529, 592, 261, 0, 4.05%, 0, 1, 8, 744.06, 497161, 2653, 0, 0
666, 1, 584, 596, 261, 0, 4.05%, 0, 1, 8, 415.07, 500142, 2653, 0, 0
671, 1, 584, 601, 266, 0, 4.05%, 0, 1, 8, 492.54, 502469, 2653, 0, 0
677, 1, 584, 605, 270, 0, 4.05%, 0, 1, 8, 84.03, 504880, 2653, 0, 0
682, 1, 584, 609, 274, 0, 4.05%, 0, 1, 8, 536.08, 507428, 2653, 0, 0
688, 1, 425, 610, 273, 0, 4.05%, 0, 1, 8, 553.44, 510910, 2653, 0, 0
693, 1, 610, 611, 269, 1, 4.05%, 0, 1, 8, 845.98, 514597, 2653, 0, 0
698, 1, 587, 613, 262, 0, 4.05%, 0, 1, 8, 734.31, 518109, 2653, 0, 0
703, 1, 605, 613, 254, 0, 4.05%, 0, 1, 8, 563.90, 521478, 2653, 0, 0
708, 1, 483, 620, 257, 0, 4.05%, 0, 1, 9, 676.76, 524426, 2654, 0, 0
713, 1, 186, 624, 253, 0, 4.06%, 0, 1, 9, 826.74, 528106, 2659, 0, 0
719, 1, 447, 624, 247, 0, 4.06%, 0, 1, 9, 612.61, 531529, 2659, 0, 0
724, 1, 616, 628, 250, 0, 4.06%, 0, 1, 9, 375.62, 534816, 2659, 0, 0
729, 1, 616, 631, 253, 0, 4.06%, 0, 1, 9, 255.47, 537765, 2659, 0, 0
734, 1, 616, 632, 254, 0, 4.06%, 0, 1, 9, 521.61, 540721, 2659, 0, 0
740, 1, 349, 632, 253, 0, 4.06%, 0, 1, 9, 593.66, 544245, 2659, 0, 0
745, 1, 95, 632, 248, 0, 4.06%, 0, 1, 9, 837.42, 548168, 2659, 0, 0
750, 1, 543, 634, 248, 0, 4.06%, 0, 1, 9, 824.51, 550455, 2659, 0, 0
755, 1, 614, 636, 244, 0, 4.06%, 0, 1, 9, 723.81, 553961, 2659, 0, 0
760, 1, 588, 637, 239, 0, 4.06%, 0, 1, 9, 858.10, 557159, 2659, 0, 0
766, 1, 348, 639, 236, 0, 4.06%, 0, 1, 9, 784.90, 561252, 2659, 0, 0
771, 1, 64, 641, 232, 0, 4.06%, 0, 1, 9, 864.84, 564766, 2659, 0, 0
777, 1, 83, 643, 226, 0, 4.06%, 0, 1, 9, 515.57, 567976, 2659, 0, 0
782, 1, 521, 646, 226, 0, 4.06%, 0, 1, 9, 99.77, 571053, 2659, 0, 0
787, 1, 423, 646, 223, 0, 4.06%, 0, 1, 9, 782.11, 573966, 2659, 0, 0
792, 1, 617, 647, 216, 0, 4.06%, 0, 1, 9, 793.40, 576798, 2659, 0, 0
797, 1, 68, 648, 206, 0, 4.06%, 0, 1, 9, 831.96, 580316, 2659, 0, 0
802, 1, 465, 650, 203, 0, 4.06%, 0, 1, 9, 756.88, 583959, 2660, 0, 0
807, 1, 512, 655, 203, 0, 4.06%, 0, 1, 9, 816.96, 587926, 2662, 0, 0
812, 1, 655, 656, 197, 1, 4.06%, 0, 1, 9, 866.82, 591804, 2663, 0, 0
818, 1, 162, 656, 192, 0, 4.06%, 0, 1, 9, 762.49, 595409, 2663, 0, 0
823, 1, 356, 657, 186, 0, 4.06%, 0, 1, 9, 726.42, 598956, 2663, 0, 0
828, 2, 447, 659, 183, 0, 4.06%, 0, 1, 9, 718.98, 602325, 2663, 0, 0
835, 2, 660, 661, 182, 1, 4.07%, 0, 1, 9, 606.22, 607280, 2665, 0, 0
840, 2, 408, 663, 178, 0, 4.07%, 0, 1, 9, 92.59, 610485, 2665, 0, 0
845, 2, 553, 664, 172, 0, 4.07%, 0, 1, 9, 738.54, 614073, 2665, 0, 0
850, 2, 236, 665, 166, 0, 4.07%, 0, 1, 9, 70.00, 617360, 2665, 0, 0
855, 2, 482, 670, 168, 0, 4.07%, 0, 1, 9, 752.36, 620570, 2665, 0, 0
860, 2, 673, 674, 164, 1, 4.08%, 0, 1, 9, 631.11, 624216, 2671, 0, 0
865, 2, 578, 674, 161, 0, 4.08%, 0, 1, 9, 796.34, 627753, 2671, 0, 0
871, 2, 607, 674, 154, 0, 4.08%, 0, 1, 9, 675.00, 630277, 2671, 0, 0
876, 2, 632, 682, 159, 0, 4.10%, 0, 1, 9, 554.37, 633179, 2686, 0, 0
881, 2, 632, 685, 162, 0, 4.10%, 0, 1, 9, 515.29, 635650, 2686, 0, 0
886, 2, 632, 687, 164, 0, 4.10%, 0, 1, 9, 577.91, 638143, 2686, 0, 0
891, 2, 632, 688, 165, 0, 4.10%, 0, 1, 9, 518.48, 640711, 2686, 0, 0
896, 2, 632, 691, 168, 0, 4.10%, 0, 1, 9, 538.80, 643385, 2686, 0, 0
903, 2, 686, 693, 169, 0, 4.10%, 0, 1, 9, 570.21, 646185, 2686, 0, 0
908, 2, 686, 699, 175, 0, 4.10%, 0, 1, 9, 518.60, 648598, 2686, 0, 0
913, 2, 686, 699, 175, 0, 4.10%, 0, 1, 9, 518.14, 650838, 2686, 0, 0
918, 2, 686, 700, 176, 0, 4.10%, 0, 1, 9, 503.11, 653005, 2686, 0, 0
923, 2, 686, 700, 176, 0, 4.10%, 0, 1, 9, 535.02, 655445, 2686, 0, 0
928, 2, 94, 700, 174, 0, 4.10%, 0, 1, 9, 793.78, 659002, 2686, 0, 0
933, 2, 482, 701, 171, 0, 4.10%, 0, 1, 9, 342.25, 660719, 2686, 0, 0
938, 2, 695, 701, 167, 0, 4.10%, 0, 1, 9, 435.27, 663415, 2686, 0, 0
943, 2, 693, 701, 165, 0, 4.10%, 0, 1, 9, 599.94, 665934, 2686, 0, 0
948, 2, 688, 704, 166, 0, 4.10%, 0, 1, 9, 213.75, 667210, 2686, 0, 0
954, 2, 232, 705, 158, 0, 4.10%, 0, 1, 9, 563.30, 670161, 2686, 0, 0
959, 2, 696, 705, 158, 0, 4.10%, 0, 1, 9, 42.55, 671235, 2686, 0, 0
964, 2, 702, 705, 153, 0, 4.10%, 0, 1, 9, 67.39, 672762, 2686, 0, 0
970, 2, 702, 707, 155, 0, 4.10%, 0, 1, 9, 349.73, 673307, 2686, 0, 0
975, 2, 566, 708, 151, 0, 4.10%, 0, 1, 9, 560.39, 675609, 2686, 0, 0
980, 2, 350, 708, 147, 0, 4.10%, 0, 1, 9, 833.30, 678771, 2686, 0, 0
985, 2, 596, 708, 143, 0, 4.10%, 0, 1, 9, 592.55, 681791, 2686, 0, 0
990, 2, 650, 708, 139, 0, 4.10%, 0, 1, 9, 824.97, 685568, 2686, 0, 0
995, 2, 354, 708, 134, 0, 4.10%, 0, 1, 9, 705.54, 688740, 2686, 0, 0
1001, 2, 571, 710, 134, 0, 4.10%, 0, 1, 9, 826.33, 693253, 2687, 0, 0
1007, 2, 571, 710, 127, 0, 4.10%, 0, 1, 9, 702.40, 696599, 2687, 0, 0
1012, 2, 700, 711, 122, 0, 4.10%, 0, 1, 9, 69.72, 699672, 2687, 0, 0
1017, 2, 53, 712, 118, 0, 4.10%, 0, 1, 9, 783.25, 703141, 2687, 0, 0
1022, 2, 476, 713, 114, 0, 4.11%, 0, 1, 9, 786.29, 706820, 2691, 0, 0
1027, 2, 683, 713, 111, 0, 4.11%, 0, 1, 9, 143.18, 710170, 2691, 0, 0
1032, 2, 703, 713, 110, 0, 4.11%, 0, 1, 9, 35.90, 711130, 2691, 0, 0
1037, 2, 687, 714, 110, 0, 4.11%, 0, 1, 9, 112.54, 711690, 2691, 0, 0
1042, 2, 692, 714, 107, 0, 4.11%, 0, 1, 9, 414.70, 714123, 2691, 0, 0
1047, 2, 107, 719, 109, 0, 4.11%, 0, 1, 9, 833.59, 716832, 2691, 0, 0
1052, 2, 713, 719, 106, 0, 4.11%, 0, 1, 9, 100.20, 718401, 2691, 0, 0
1059, 2, 713, 719, 106, 0, 4.11%, 0, 1, 9, 81.11, 718985, 2691, 0, 0
1064, 2, 705, 719, 103, 0, 4.11%, 0, 1, 9, 115.91, 721471, 2691, 0, 0
1069, 2, 705, 719, 103, 0, 4.11%, 0, 1, 9, 88.81, 721892, 2691, 0, 0
1074, 2, 90, 721, 103, 0, 4.11%, 0, 1, 10, 859.16, 724054, 2691, 0, 0
1079, 2, 658, 721, 100, 0, 4.11%, 0, 1, 10, 610.95, 727499, 2691, 0, 0
1085, 2, 720, 721, 99, 0, 4.11%, 0, 1, 10, 83.79, 728958, 2691, 0, 0
1090, 2, 551, 724, 101, 0, 4.11%, 0, 1, 10, 705.23, 730105, 2691, 0, 0
1095, 2, 630, 724, 97, 0, 4.11%, 0, 1, 10, 669.19, 733677, 2691, 0, 0
1100, 2, 707, 724, 96, 0, 4.11%, 0, 1, 10, 85.47, 735293, 2691, 0, 0
1106, 2, 506, 724, 94, 0, 4.11%, 0, 1, 10, 835.26, 736160, 2691, 0, 0
1111, 2, 682, 724, 92, 0, 4.11%, 0, 1, 10, 137.52, 739243, 2691, 0, 0
1116, 2, 681, 725, 90, 0, 4.11%, 0, 1, 10, 852.15, 742717, 2693, 0, 0
1122, 2, 726, 727, 90, 1, 4.12%, 0, 1, 10, 847.00, 746343, 2701, 0, 0
1127, 2, 567, 728, 87, 0, 4.12%, 0, 1, 10, 637.33, 749967, 2701, 0, 0
1132, 2, 132, 728, 82, 0, 4.12%, 0, 1, 10, 92.07, 753377, 2701, 0, 0
1137, 2, 673, 729, 83, 0, 4.12%, 0, 1, 10, 796.05, 757117, 2701, 0, 0
1142, 2, 470, 730, 79, 0, 4.12%, 0, 1, 10, 619.76, 760594, 2701, 0, 0
1147, 2, 479, 730, 75, 0, 4.12%, 0, 1, 10, 756.04, 764575, 2701, 0, 0
1152, 2, 619, 731, 73, 0, 4.12%, 0, 1, 10, 746.16, 768309, 2701, 0, 0
1157, 2, 432, 732, 70, 0, 4.12%, 0, 1, 10, 630.64, 771228, 2701, 0, 0
1162, 2, 698, 732, 67, 0, 4.12%, 0, 1, 10, 348.77, 774708, 2701, 0, 0
1167, 2, 444, 733, 66, 0, 4.12%, 0, 1, 10, 791.38, 778323, 2701, 0, 0
1172, 2, 697, 733, 65, 0, 4.12%, 0, 1, 10, 163.40, 780615, 2701, 0, 0
1178, 2, 706, 733, 64, 0, 4.12%, 0, 1, 10, 148.35, 781443, 2701, 0, 0
1183, 2, 706, 734, 65, 0, 4.12%, 0, 1, 10, 126.40, 782114, 2701, 0, 0
1188, 2, 701, 734, 64, 0, 4.12%, 0, 1, 10, 239.97, 784190, 2701, 0, 0
1193, 3, 432, 735, 63, 0, 4.12%, 0, 1, 10, 607.67, 787854, 2701, 0, 0
1198, 3, 694, 735, 60, 0, 4.12%, 0, 1, 10, 543.83, 790944, 2701, 0, 0
1203, 3, 227, 736, 59, 0, 4.13%, 0, 1, 10, 817.59, 793374, 2705, 0, 0
1208, 3, 352, 737, 56, 0, 4.13%, 0, 1, 10, 749.89, 796718, 2705, 0, 0
1214, 3, 690, 737, 54, 0, 4.13%, 0, 1, 10, 321.78, 799750, 2705, 0, 0
1219, 3, 711, 738, 53, 0, 4.13%, 0, 1, 10, 678.58, 803600, 2705, 0, 0
1224, 3, 224, 919, 234, 0, 4.26%, 0, 1, 10, 449.68, 806390, 2789, 0, 0
1229, 3, 844, 934, 239, 21, 4.26%, 0, 1, 10, 630.43, 809945, 2789, 0, 0
1234, 3, 795, 934, 231, 13, 4.26%, 0, 1, 10, 64.38, 813371, 2789, 0, 0
1239, 3, 908, 934, 219, 2, 4.26%, 0, 1, 10, 647.36, 817137, 2789, 0, 0
1245, 3, 898, 935, 214, 0, 4.26%, 0, 1, 10, 562.26, 820130, 2789, 0, 0
1250, 3, 430, 937, 215, 0, 4.26%, 0, 1, 10, 86.09, 822557, 2789, 0, 0
1255, 3, 782, 937, 208, 0, 4.26%, 0, 1, 10, 800.59, 826121, 2789, 0, 0
1260, 3, 904, 937, 203, 0, 4.26%, 0, 1, 10, 846.64, 829372, 2789, 0, 0
1265, 3, 741, 937, 200, 0, 4.26%, 0, 1, 10, 136.91, 832321, 2789, 0, 0
1270, 3, 831, 937, 196, 0, 4.26%, 0, 1, 10, 125.36, 835544, 2789, 0, 0
1275, 3, 298, 937, 194, 0, 4.26%, 0, 1, 10, 302.24, 837303, 2789, 0, 0
1280, 3, 266, 937, 188, 0, 4.26%, 0, 1, 10, 795.13, 840941, 2789, 0, 0
1286, 3, 430, 937, 185, 0, 4.26%, 0, 1, 10, 844.60, 844357, 2789, 0, 0
1291, 3, 899, 937, 185, 0, 4.26%, 0, 1, 10, 672.86, 846741, 2789, 0, 0
1296, 3, 712, 938, 180, 0, 4.26%, 0, 1, 10, 797.94, 850695, 2789, 0, 0
1301, 3, 884, 938, 180, 0, 4.26%, 0, 1, 10, 162.74, 851577, 2789, 0, 0
1306, 3, 906, 938, 178, 0, 4.26%, 0, 1, 10, 464.43, 853762, 2789, 0, 0
1311, 3, 761, 938, 175, 0, 4.26%, 0, 1, 10, 522.08, 856545, 2789, 0, 0
1316, 3, 924, 938, 172, 0, 4.26%, 0, 1, 10, 714.84, 859717, 2789, 0, 0
1321, 3, 190, 938, 168, 0, 4.26%, 0, 1, 10, 631.65, 862880, 2789, 0, 0
1328, 3, 378, 938, 166, 0, 4.26%, 0, 1, 10, 600.20, 866600, 2789, 0, 0
1333, 3, 880, 938, 161, 0, 4.26%, 0, 1, 10, 723.47, 870035, 2789, 0, 0
1338, 3, 844, 938, 158, 0, 4.26%, 0, 1, 10, 661.80, 873054, 2789, 0, 0
1343, 3, 929, 939, 156, 0, 4.26%, 0, 1, 10, 62.13, 876290, 2789, 0, 0
1350, 3, 291, 939, 155, 0, 4.26%, 0, 1, 10, 66.56, 876788, 2789, 0, 0
1355, 3, 842, 939, 152, 0, 4.26%, 0, 1, 10, 64.52, 880165, 2789, 0, 0
1360, 3, 930, 939, 150, 0, 4.26%, 0, 1, 10, 738.15, 882547, 2789, 0, 0
1365, 3, 297, 939, 148, 0, 4.26%, 0, 1, 10, 535.63, 884293, 2789, 0, 0
1370, 3, 915, 940, 149, 0, 4.26%, 0, 1, 10, 434.26, 886492, 2789, 0, 0
1375, 3, 861, 940, 145, 0, 4.26%, 0, 1, 10, 603.14, 888564, 2789, 0, 0
1380, 3, 480, 940, 140, 0, 4.26%, 0, 1, 10, 829.47, 890410, 2789, 0, 0
1386, 3, 450, 940, 137, 0, 4.26%, 0, 1, 10, 94.20, 892498, 2789, 0, 0
1391, 3, 224, 940, 136, 0, 4.26%, 0, 1, 10, 61.25, 894899, 2789, 0, 0
1396, 3, 886, 941, 136, 0, 4.26%, 0, 1, 10, 58.91, 896399, 2789, 0, 0
1401, 3, 886, 941, 136, 0, 4.26%, 0, 1, 10, 96.28, 896927, 2789, 0, 0
1406, 3, 886, 941, 136, 0, 4.26%, 0, 1, 10, 33.21, 897430, 2789, 0, 0
1413, 3, 886, 941, 136, 0, 4.26%, 0, 1, 10, 99.49, 898233, 2789, 0, 0
1418, 3, 833, 942, 136, 0, 4.26%, 0, 1, 10, 63.58, 900428, 2789, 0, 0
1423, 3, 419, 942, 133, 0, 4.26%, 0, 1, 10, 812.14, 902772, 2789, 0, 0
1428, 3, 724, 942, 132, 0, 4.26%, 0, 1, 10, 721.27, 904884, 2789, 0, 0
1435, 3, 890, 942, 132, 0, 4.26%, 0, 1, 10, 685.38, 906964, 2789, 0, 0
1440, 3, 775, 942, 129, 0, 4.26%, 0, 1, 10, 795.89, 909152, 2789, 0, 0
1445, 3, 148, 942, 126, 0, 4.26%, 0, 1, 10, 682.24, 911097, 2789, 0, 0
1450, 3, 790, 942, 123, 0, 4.26%, 0, 1, 10, 559.33, 912940, 2789, 0, 0
1455, 3, 381, 942, 121, 0, 4.26%, 0, 1, 10, 508.16, 914754, 2789, 0, 0
1460, 3, 866, 942, 120, 0, 4.26%, 0, 1, 10, 465.72, 916453, 2789, 0, 0
1465, 3, 733, 942, 118, 0, 4.26%, 0, 1, 10, 57.86, 917661, 2789, 0, 0
1472, 3, 856, 942, 117, 0, 4.26%, 0, 1, 10, 195.68, 919077, 2789, 0, 0
1477, 3, 731, 942, 115, 0, 4.26%, 0, 1, 10, 49.28, 921013, 2789, 0, 0
1482, 3, 763, 942, 112, 0, 4.26%, 0, 1, 10, 54.51, 922570, 2789, 0, 0
1487, 3, 895, 942, 109, 0, 4.26%, 0, 1, 10, 101.35, 924482, 2789, 0, 0
1492, 3, 895, 942, 109, 0, 4.26%, 0, 1, 10, 33.58, 925204, 2789, 0, 0
1497, 3, 895, 942, 109, 0, 4.26%, 0, 1, 10, 294.14, 925846, 2789, 0, 0
1504, 3, 895, 942, 109, 0, 4.26%, 0, 1, 10, 203.15, 927102, 2789, 0, 0
1511, 3, 925, 942, 108, 0, 4.26%, 0, 1, 10, 689.54, 929382, 2789, 0, 0
1516, 3, 500, 943, 107, 0, 4.26%, 0, 1, 10, 804.02, 930786, 2789, 0, 0
1522, 3, 459, 943, 106, 0, 4.26%, 0, 1, 10, 503.97, 932113, 2789, 0, 0
1527, 3, 258, 943, 105, 0, 4.26%, 0, 1, 10, 62.99, 934089, 2789, 0, 0
1532, 3, 871, 943, 104, 0, 4.26%, 0, 1, 10, 55.78, 936336, 2789, 0, 0
1537, 3, 878, 943, 102, 0, 4.26%, 0, 1, 10, 536.64, 938379, 2789, 0, 0
1542, 3, 476, 943, 101, 0, 4.26%, 0, 1, 10, 821.59, 939411, 2789, 0, 0
1547, 3, 905, 943, 100, 0, 4.26%, 0, 1, 10, 38.77, 940476, 2789, 0, 0
1552, 3, 905, 943, 100, 0, 4.26%, 0, 1, 10, 33.49, 941521, 2789, 0, 0
1557, 3, 905, 943, 100, 0, 4.26%, 0, 1, 10, 33.76, 942828, 2789, 0, 0
1562, 3, 896, 943, 98, 0, 4.26%, 0, 1, 10, 690.39, 944490, 2789, 0, 0
1567, 3, 896, 943, 98, 0, 4.26%, 0, 1, 10, 284.73, 945161, 2789, 0, 0
1572, 3, 673, 943, 97, 0, 4.26%, 0, 1, 10, 60.70, 946233, 2789, 0, 0
1578, 3, 780, 943, 96, 0, 4.26%, 0, 1, 10, 61.51, 948266, 2789, 0, 0
1583, 3, 653, 944, 95, 0, 4.26%, 0, 1, 10, 66.90, 950382, 2789, 0, 0
1588, 3, 827, 945, 96, 0, 4.26%, 0, 1, 10, 797.71, 951633, 2789, 0, 0
1593, 3, 936, 945, 95, 0, 4.26%, 0, 1, 10, 54.44, 952758, 2789, 0, 0
1598, 3, 936, 946, 96, 0, 4.26%, 0, 1, 10, 39.42, 954227, 2789, 0, 0
1603, 3, 943, 946, 92, 0, 4.26%, 0, 1, 10, 65.18, 956331, 2789, 0, 0
1608, 3, 923, 947, 91, 0, 4.26%, 0, 1, 10, 52.63, 958263, 2789, 0, 0
1614, 3, 923, 947, 91, 0, 4.26%, 0, 1, 10, 678.68, 959964, 2789, 0, 0
1620, 3, 901, 947, 90, 0, 4.26%, 0, 1, 10, 818.03, 961765, 2789, 0, 0
1625, 3, 291, 947, 89, 0, 4.26%, 0, 1, 10, 542.88, 963095, 2789, 0, 0
1630, 3, 935, 947, 87, 0, 4.26%, 0, 1, 10, 578.78, 964404, 2789, 0, 0
1635, 3, 719, 947, 86, 0, 4.26%, 0, 1, 10, 52.56, 965586, 2789, 0, 0
1640, 3, 719, 947, 86, 0, 4.26%, 0, 1, 10, 56.14, 965924, 2789, 0, 0
1645, 3, 719, 947, 86, 0, 4.26%, 0, 1, 10, 67.32, 966345, 2789, 0, 0
1650, 3, 726, 948, 85, 0, 4.26%, 0, 1, 10, 66.27, 967783, 2789, 0, 0
1656, 3, 818, 948, 85, 0, 4.26%, 0, 1, 10, 851.42, 969324, 2789, 0, 0
1661, 3, 945, 948, 84, 0, 4.26%, 0, 1, 10, 693.64, 970952, 2789, 0, 0
1666, 3, 481, 948, 83, 0, 4.26%, 0, 1, 10, 516.02, 972064, 2789, 0, 0
1671, 3, 337, 948, 82, 0, 4.26%, 0, 1, 10, 720.00, 973533, 2789, 0, 0
1676, 3, 420, 948, 81, 0, 4.26%, 0, 1, 10, 65.78, 975405, 2789, 0, 0
1682, 3, 545, 948, 79, 0, 4.26%, 0, 1, 10, 63.41, 977409, 2789, 0, 0
1687, 3, 516, 949, 79, 0, 4.26%, 0, 1, 10, 59.93, 979502, 2789, 0, 0
1692, 3, 94, 949, 78, 0, 4.26%, 0, 1, 10, 68.57, 981503, 2789, 0, 0
1699, 3, 877, 949, 77, 0, 4.26%, 0, 1, 10, 645.46, 983575, 2789, 0, 0
1704, 3, 78, 949, 74, 0, 4.26%, 0, 1, 10, 66.99, 985562, 2789, 0, 0
1709, 3, 471, 949, 73, 0, 4.26%, 0, 1, 10, 762.11, 987365, 2789, 0, 0
1715, 3, 453, 950, 73, 0, 4.26%, 0, 1, 10, 665.09, 988925, 2789, 0, 0
1720, 3, 671, 950, 72, 0, 4.26%, 0, 1, 10, 849.37, 990651, 2789, 0, 0
1725, 3, 352, 950, 71, 0, 4.26%, 0, 1, 10, 59.76, 992256, 2789, 0, 0
1730, 3, 266, 951, 70, 0, 4.26%, 0, 1, 10, 66.21, 994489, 2789, 0, 0
1737, 3, 888, 951, 70, 0, 4.26%, 0, 1, 10, 88.02, 995869, 2789, 0, 0
1742, 3, 61, 951, 69, 0, 4.26%, 0, 1, 10, 69.59, 997894, 2789, 0, 0
1748, 3, 883, 951, 69, 0, 4.26%, 0, 1, 10, 621.74, 999470, 2789, 0, 0
1753, 3, 883, 951, 69, 0, 4.26%, 0, 1, 10, 360.00, 1000040, 2789, 0, 0
1758, 3, 549, 951, 68, 0, 4.26%, 0, 1, 10, 65.11, 1001915, 2789, 0, 0
1763, 3, 830, 951, 67, 0, 4.26%, 0, 1, 10, 57.48, 1003645, 2789, 0, 0
1768, 3, 853, 951, 67, 0, 4.26%, 0, 1, 10, 629.11, 1005741, 2789, 0, 0
1773, 3, 571, 951, 66, 0, 4.26%, 0, 1, 10, 879.66, 1006741, 2789, 0, 0
1778, 3, 874, 951, 65, 0, 4.26%, 0, 1, 10, 60.06, 1008158, 2789, 0, 0
1783, 4, 732, 951, 63, 0, 4.26%, 0, 1, 10, 67.03, 1010172, 2789, 0, 0
1788, 4, 83, 951, 62, 0, 4.26%, 0, 1, 10, 68.12, 1012251, 2789, 0, 0
1793, 4, 478, 951, 61, 0, 4.26%, 0, 1, 10, 787.85, 1013927, 2789, 0, 0
1800, 4, 681, 951, 60, 0, 4.26%, 0, 1, 10, 332.72, 1015480, 2789, 0, 0
1806, 4, 724, 951, 60, 0, 4.26%, 0, 1, 10, 877.11, 1016526, 2789, 0, 0
1811, 4, 622, 952, 60, 0, 4.26%, 0, 1, 10, 72.69, 1017972, 2789, 0, 0
1816, 4, 943, 952, 59, 0, 4.26%, 0, 1, 10, 80.78, 1020075, 2789, 0, 0
1821, 4, 735, 952, 58, 0, 4.26%, 0, 1, 10, 69.97, 1022313, 2789, 0, 0
1826, 4, 811, 952, 58, 0, 4.26%, 0, 1, 10, 566.54, 1023666, 2789, 0, 0
1831, 4, 812, 952, 58, 0, 4.26%, 0, 1, 10, 69.71, 1024568, 2789, 0, 0
1836, 4, 617, 953, 56, 0, 4.26%, 0, 1, 10, 66.64, 1026523, 2789, 0, 0
1841, 4, 760, 953, 56, 0, 4.26%, 0, 1, 10, 60.70, 1028605, 2789, 0, 0
1847, 4, 949, 954, 56, 0, 4.26%, 0, 1, 10, 149.25, 1030570, 2789, 0, 0
1852, 4, 426, 955, 56, 0, 4.26%, 0, 1, 10, 500.88, 1031961, 2789, 0, 0
1857, 4, 250, 955, 55, 0, 4.26%, 0, 1, 10, 738.29, 1033255, 2789, 0, 0
1862, 4, 955, 956, 56, 1, 4.26%, 0, 1, 10, 58.60, 1034706, 2789, 0, 0
1867, 4, 460, 958, 57, 0, 4.26%, 0, 1, 10, 81.33, 1036555, 2789, 0, 0
1872, 4, 950, 958, 56, 0, 4.26%, 0, 1, 10, 52.90, 1038361, 2789, 0, 0
1878, 4, 726, 958, 55, 0, 4.26%, 0, 1, 10, 70.47, 1040448, 2789, 0, 0
1884, 4, 834, 958, 55, 0, 4.26%, 0, 1, 10, 786.72, 1042438, 2789, 0, 0
1890, 4, 56, 958, 52, 0, 4.26%, 0, 1, 10, 69.89, 1044326, 2789, 0, 0
1895, 4, 724, 960, 53, 0, 4.26%, 0, 1, 10, 759.53, 1045893, 2789, 0, 0
1900, 4, 25, 960, 53, 0, 4.26%, 0, 1, 10, 642.27, 1046937, 2789, 0, 0
1905, 4, 821, 960, 52, 0, 4.26%, 0, 1, 10, 65.94, 1048626, 2789, 0, 0
1910, 4, 882, 960, 51, 0, 4.26%, 0, 1, 10, 64.87, 1050692, 2789, 0, 0
1915, 4, 952, 960, 50, 0, 4.26%, 0, 1, 10, 65.57, 1052138, 2789, 0, 0
1920, 4, 480, 960, 50, 0, 4.26%, 0, 1, 10, 84.39, 1053945, 2789, 0, 0
1926, 4, 754, 960, 50, 0, 4.26%, 0, 1, 10, 815.34, 1055965, 2789, 0, 0
1932, 4, 473, 960, 48, 0, 4.26%, 0, 1, 10, 818.44, 1057811, 2789, 0, 0
1937, 4, 294, 960, 48, 0, 4.26%, 0, 1, 10, 860.23, 1059473, 2789, 0, 0
1942, 4, 920, 960, 48, 0, 4.26%, 0, 1, 10, 66.27, 1060260, 2789, 0, 0
1947, 4, 851, 960, 48, 0, 4.26%, 0, 1, 10, 68.28, 1062447, 2789, 0, 0
1952, 4, 940, 964, 51, 0, 4.26%, 0, 1, 10, 68.12, 1064649, 2789, 0, 0
1958, 4, 940, 964, 51, 0, 4.26%, 0, 1, 10, 564.67, 1065875, 2789, 0, 0
1963, 4, 617, 964, 49, 0, 4.26%, 0, 1, 10, 61.22, 1067322, 2789, 0, 0
1968, 4, 440, 964, 49, 0, 4.26%, 0, 1, 10, 69.25, 1069508, 2789, 0, 0
1973, 4, 83, 964, 48, 0, 4.26%, 0, 1, 10, 68.18, 1071634, 2789, 0, 0
1978, 4, 472, 964, 48, 0, 4.26%, 0, 1, 10, 666.58, 1073038, 2789, 0, 0
1983, 4, 735, 966, 49, 0, 4.27%, 0, 1, 10, 65.25, 1074186, 2796, 0, 0
1988, 4, 303, 966, 48, 0, 4.27%, 0, 1, 10, 67.79, 1076144, 2796, 0, 0
1994, 4, 875, 966, 48, 0, 4.27%, 0, 1, 10, 51.63, 1078252, 2796, 0, 0
1999, 4, 875, 966, 48, 0, 4.27%, 0, 1, 10, 480.46, 1079995, 2796, 0, 0
2004, 4, 419, 966, 47, 0, 4.27%, 0, 1, 10, 544.08, 1081025, 2796, 0, 0
2009, 4, 947, 966, 46, 0, 4.27%, 0, 1, 10, 64.52, 1082416, 2796, 0, 0
2015, 4, 648, 966, 44, 0, 4.27%, 0, 1, 10, 68.23, 1084571, 2796, 0, 0
2020, 4, 893, 966, 43, 0, 4.27%, 0, 1, 10, 82.56, 1086348, 2796, 0, 0
2026, 4, 893, 966, 43, 0, 4.27%, 0, 1, 10, 102.45, 1086820, 2796, 0, 0
2031, 4, 893, 966, 43, 0, 4.27%, 0, 1, 10, 86.34, 1087148, 2796, 0, 0
2036, 4, 893, 967, 44, 0, 4.27%, 0, 1, 10, 66.74, 1087582, 2796, 0, 0
2041, 4, 955, 967, 42, 0, 4.27%, 0, 1, 10, 59.82, 1089030, 2796, 0, 0
2046, 4, 902, 968, 41, 0, 4.27%, 0, 1, 10, 54.21, 1091059, 2796, 0, 0
2051, 4, 577, 968, 39, 0, 4.27%, 0, 1, 10, 587.58, 1092886, 2796, 0, 0
2056, 4, 412, 968, 39, 0, 4.27%, 0, 1, 10, 759.56, 1094137, 2796, 0, 0
2062, 4, 219, 968, 39, 0, 4.27%, 0, 1, 10, 75.13, 1095529, 2796, 0, 0
2067, 4, 757, 968, 39, 0, 4.27%, 0, 1, 10, 66.01, 1097427, 2796, 0, 0
2074, 4, 626, 968, 39, 0, 4.27%, 0, 1, 10, 60.86, 1099724, 2796, 0, 0
2079, 4, 563, 969, 40, 0, 4.27%, 0, 1, 10, 68.75, 1101759, 2796, 0, 0
2084, 4, 782, 969, 40, 0, 4.27%, 0, 1, 10, 74.33, 1103683, 2796, 0, 0
2089, 4, 822, 969, 39, 0, 4.27%, 0, 1, 10, 67.50, 1105259, 2796, 0, 0
2095, 4, 648, 969, 39, 0, 4.27%, 0, 1, 10, 729.79, 1107185, 2796, 0, 0
2100, 4, 887, 969, 39, 0, 4.27%, 0, 1, 10, 575.81, 1108596, 2796, 0, 0
2105, 4, 887, 969, 39, 0, 4.27%, 0, 1, 10, 516.61, 1109413, 2796, 0, 0
2110, 4, 89, 970, 38, 0, 4.27%, 0, 1, 10, 68.06, 1110892, 2796, 0, 0
2115, 4, 831, 970, 38, 0, 4.27%, 0, 1, 10, 63.30, 1112782, 2796, 0, 0
2120, 4, 244, 970, 37, 0, 4.27%, 0, 1, 10, 65.00, 1114721, 2796, 0, 0
2125, 4, 151, 970, 36, 0, 4.27%, 0, 1, 10, 61.54, 1116590, 2796, 0, 0
2130, 4, 482, 970, 36, 0, 4.27%, 0, 1, 10, 829.95, 1118401, 2796, 0, 0
2135, 4, 745, 970, 35, 0, 4.27%, 0, 1, 10, 483.96, 1119756, 2796, 0, 0
2140, 4, 478, 970, 34, 0, 4.27%, 0, 1, 10, 383.08, 1120777, 2796, 0, 0
2146, 4, 910, 970, 33, 0, 4.27%, 0, 1, 10, 67.08, 1122734, 2796, 0, 0
2151, 4, 63, 970, 31, 0, 4.27%, 0, 1, 10, 65.86, 1124176, 2796, 0, 0
2156, 4, 829, 971, 32, 0, 4.27%, 0, 1, 10, 61.05, 1126069, 2796, 0, 0
2161, 4, 677, 971, 31, 0, 4.27%, 0, 1, 10, 782.89, 1127884, 2796, 0, 0
2166, 4, 483, 971, 31, 0, 4.27%, 0, 1, 10, 807.94, 1129429, 2796, 0, 0
2171, 4, 955, 971, 30, 0, 4.27%, 0, 1, 10, 802.86, 1130714, 2796, 0, 0
2176, 4, 117, 971, 30, 0, 4.27%, 0, 1, 10, 64.62, 1132333, 2796, 0, 0
2181, 4, 842, 971, 29, 0, 4.27%, 0, 1, 10, 59.86, 1134415, 2796, 0, 0
2188, 4, 416, 971, 28, 0, 4.27%, 0, 1, 10, 651.26, 1136679, 2796, 0, 0
2193, 4, 726, 971, 28, 0, 4.27%, 0, 1, 10, 784.27, 1138461, 2796, 0, 0
2198, 4, 447, 971, 28, 0, 4.27%, 0, 1, 10, 562.21, 1139331, 2796, 0, 0
2203, 4, 481, 971, 28, 0, 4.27%, 0, 1, 10, 68.07, 1141119, 2796, 0, 0
2208, 4, 668, 971, 28, 0, 4.27%, 0, 1, 10, 64.26, 1143259, 2796, 0, 0
2213, 4, 960, 971, 27, 0, 4.27%, 0, 1, 10, 124.35, 1145451, 2796, 0, 0
2219, 4, 971, 974, 30, 1, 4.27%, 0, 1, 11, 856.73, 1146616, 2800, 0, 0
2224, 4, 892, 974, 28, 0, 4.27%, 0, 1, 11, 58.71, 1147861, 2800, 0, 0
2229, 4, 716, 974, 27, 0, 4.27%, 0, 1, 11, 35.05, 1149640, 2800, 0, 0
2234, 4, 228, 974, 26, 0, 4.27%, 0, 1, 11, 64.60, 1151537, 2800, 0, 0
2239, 4, 971, 975, 27, 0, 4.27%, 0, 1, 11, 697.46, 1153357, 2800, 0, 0
2244, 4, 971, 975, 27, 0, 4.27%, 0, 1, 11, 632.75, 1154517, 2800, 0, 0
2249, 4, 970, 975, 26, 0, 4.27%, 0, 1, 11, 65.94, 1156031, 2800, 0, 0
2254, 4, 668, 975, 25, 0, 4.27%, 0, 1, 11, 96.50, 1158104, 2800, 0, 0
2260, 4, 891, 975, 25, 0, 4.27%, 0, 1, 11, 791.01, 1160242, 2800, 0, 0
2265, 4, 671, 975, 25, 0, 4.27%, 0, 1, 11, 808.69, 1161407, 2800, 0, 0
2271, 4, 715, 975, 24, 0, 4.27%, 0, 1, 11, 381.53, 1164253, 2800, 0, 0
2276, 4, 947, 977, 24, 0, 4.28%, 0, 1, 11, 695.02, 1167938, 2802, 0, 0
2281, 4, 389, 977, 23, 0, 4.28%, 0, 1, 11, 724.90, 1171783, 2802, 0, 0
2286, 4, 838, 977, 23, 0, 4.28%, 0, 1, 11, 751.47, 1175635, 2802, 0, 0
2291, 4, 110, 977, 21, 0, 4.28%, 0, 1, 11, 705.18, 1179068, 2802, 0, 0
2296, 4, 650, 977, 21, 0, 4.28%, 0, 1, 11, 672.45, 1182444, 2802, 0, 0
2301, 4, 961, 977, 20, 0, 4.28%, 0, 1, 11, 715.65, 1186000, 2802, 0, 0
2306, 5, 482, 979, 21, 0, 4.28%, 0, 1, 11, 786.81, 1190177, 2802, 0, 0
2311, 5, 420, 979, 21, 0, 4.28%, 0, 1, 11, 796.00, 1194295, 2802, 0, 0
2317, 5, 977, 981, 23, 0, 4.28%, 0, 1, 11, 753.79, 1198069, 2802, 0, 0
2322, 5, 423, 981, 21, 0, 4.28%, 0, 1, 11, 686.88, 1201466, 2802, 0, 0
2327, 5, 476, 983, 21, 0, 4.29%, 0, 1, 11, 676.33, 1204830, 2810, 0, 0
2332, 5, 540, 983, 21, 0, 4.29%, 0, 1, 11, 696.24, 1208055, 2810, 0, 0
2337, 5, 752, 983, 21, 0, 4.29%, 0, 1, 11, 787.08, 1212228, 2810, 0, 0
2342, 5, 569, 983, 18, 0, 4.29%, 0, 1, 11, 766.52, 1216041, 2810, 0, 0
2347, 5, 931, 984, 19, 0, 4.29%, 0, 1, 11, 710.65, 1219697, 2810, 0, 0
2352, 5, 776, 984, 17, 0, 4.29%, 0, 1, 11, 705.03, 1223032, 2810, 0, 0
2357, 5, 332, 984, 16, 0, 4.29%, 0, 1, 11, 789.96, 1227282, 2810, 0, 0
2363, 5, 151, 986, 15, 0, 4.29%, 0, 1, 11, 749.66, 1231211, 2810, 0, 0
2368, 5, 779, 986, 15, 0, 4.29%, 0, 1, 11, 773.50, 1235137, 2810, 0, 0
2373, 5, 382, 986, 15, 0, 4.29%, 0, 1, 11, 750.66, 1238973, 2810, 0, 0
2378, 5, 563, 986, 13, 0, 4.29%, 0, 1, 11, 794.68, 1243099, 2810, 0, 0
2383, 5, 682, 986, 13, 0, 4.29%, 0, 1, 11, 736.14, 1246958, 2810, 0, 0
2388, 5, 726, 986, 13, 0, 4.29%, 0, 1, 11, 730.50, 1250816, 2810, 0, 0
2393, 5, 952, 986, 13, 0, 4.29%, 0, 1, 11, 741.22, 1254680, 2810, 0, 0
2398, 5, 673, 987, 13, 0, 4.29%, 0, 1, 11, 847.69, 1258364, 2812, 0, 0
2403, 5, 934, 987, 13, 0, 4.29%, 0, 1, 11, 816.98, 1262556, 2812, 0, 0
2409, 5, 377, 989, 14, 0, 4.29%, 0, 1, 11, 800.02, 1266570, 2812, 0, 0
2414, 5, 117, 989, 14, 0, 4.29%, 0, 1, 11, 816.94, 1270780, 2812, 0, 0
2419, 5, 728, 989, 13, 0, 4.29%, 0, 1, 11, 811.45, 1274991, 2812, 0, 0
2424, 5, 251, 990, 13, 0, 4.29%, 0, 1, 11, 817.83, 1279107, 2812, 0, 0
2429, 5, 1023, 1102, 124, 13, 4.36%, 0, 1, 11, 694.65, 1282583, 2857, 0, 0
2434, 5, 1075, 1102, 120, 9, 4.36%, 0, 1, 11, 726.54, 1286451, 2857, 0, 0
2439, 5, 1051, 1102, 113, 3, 4.36%, 0, 1, 11, 694.76, 1289887, 2857, 0, 0
2444, 5, 673, 1102, 108, 0, 4.36%, 0, 1, 11, 746.64, 1293647, 2857, 0, 0
2450, 5, 1036, 1102, 107, 0, 4.36%, 0, 1, 11, 687.04, 1296843, 2857, 0, 0
2455, 5, 606, 1102, 102, 0, 4.36%, 0, 1, 11, 715.90, 1300626, 2857, 0, 0
2460, 5, 1011, 1102, 99, 0, 4.36%, 0, 1, 11, 752.32, 1304581, 2857, 0, 0
2465, 5, 813, 1102, 95, 0, 4.36%, 0, 1, 11, 768.93, 1308422, 2857, 0, 0
2470, 5, 671, 1103, 95, 0, 4.36%, 0, 1, 11, 754.32, 1312292, 2857, 0, 0
2475, 5, 1035, 1103, 92, 0, 4.36%, 0, 1, 11, 768.59, 1316238, 2857, 0, 0
2480, 5, 1084, 1103, 89, 0, 4.36%, 0, 1, 11, 703.18, 1319556, 2857, 0, 0
2485, 5, 1080, 1103, 85, 0, 4.36%, 0, 1, 11, 714.59, 1323229, 2857, 0, 0
2491, 5, 993, 1103, 83, 0, 4.36%, 0, 1, 11, 764.23, 1326691, 2857, 0, 0
2496, 5, 483, 1103, 81, 0, 4.36%, 0, 1, 11, 723.40, 1330040, 2857, 0, 0
2501, 5, 290, 1103, 78, 0, 4.36%, 0, 1, 11, 734.57, 1333836, 2857, 0, 0
2508, 5, 1002, 1103, 77, 0, 4.36%, 0, 1, 11, 738.86, 1339046, 2857, 0, 0
2513, 5, 673, 1103, 74, 0, 4.36%, 0, 1, 11, 785.53, 1343062, 2857, 0, 0
2518, 5, 460, 1104, 73, 0, 4.36%, 0, 1, 11, 767.92, 1346915, 2857, 0, 0
2523, 5, 151, 1104, 71, 0, 4.36%, 0, 1, 11, 736.00, 1350490, 2857, 0, 0
2528, 5, 272, 1104, 69, 0, 4.36%, 0, 1, 11, 732.88, 1354071, 2857, 0, 0
2533, 5, 1082, 1104, 67, 0, 4.36%, 0, 1, 11, 795.78, 1358128, 2857, 0, 0
2538, 5, 855, 1104, 64, 0, 4.36%, 0, 1, 11, 739.83, 1361760, 2857, 0, 0
2543, 5, 693, 1105, 64, 0, 4.36%, 0, 1, 11, 746.86, 1365738, 2857, 0, 0
2548, 5, 478, 1105, 64, 0, 4.36%, 0, 1, 11, 793.01, 1369858, 2857, 0, 0
2553, 5, 694, 1105, 62, 0, 4.36%, 0, 1, 11, 755.27, 1373570, 2857, 0, 0
2558, 5, 401, 1105, 60, 0, 4.36%, 0, 1, 11, 730.31, 1377027, 2857, 0, 0
2563, 5, 991, 1105, 56, 0, 4.36%, 0, 1, 11, 725.57, 1380667, 2857, 0, 0
2569, 5, 199, 1105, 54, 0, 4.36%, 0, 1, 11, 72.40, 1384328, 2857, 0, 0
2574, 5, 430, 1107, 55, 0, 4.36%, 0, 1, 11, 820.51, 1387241, 2857, 0, 0
2579, 5, 1106, 1107, 55, 0, 4.36%, 0, 1, 11, 66.65, 1387690, 2857, 0, 0
2584, 5, 1106, 1107, 55, 0, 4.36%, 0, 1, 11, 56.30, 1388048, 2857, 0, 0
2589, 5, 1106, 1107, 55, 0, 4.36%, 0, 1, 11, 57.78, 1388333, 2857, 0, 0
2594, 6, 321, 1107, 52, 0, 4.36%, 0, 1, 11, 878.84, 1391673, 2857, 0, 0
2599, 6, 460, 1108, 52, 0, 4.36%, 0, 1, 11, 809.03, 1395415, 2857, 0, 0
2604, 6, 333, 1108, 49, 0, 4.36%, 0, 1, 11, 566.51, 1398688, 2857, 0, 0
2609, 6, 712, 1108, 49, 0, 4.36%, 0, 1, 11, 693.01, 1402689, 2857, 0, 0
2614, 6, 1057, 1108, 47, 0, 4.36%, 0, 1, 11, 652.89, 1405358, 2857, 0, 0
2620, 6, 480, 1108, 43, 0, 4.36%, 0, 1, 11, 779.98, 1409458, 2857, 0, 0
2625, 6, 72, 1108, 42, 0, 4.36%, 0, 1, 11, 682.33, 1413108, 2857, 0, 0
2632, 6, 864, 1108, 42, 0, 4.36%, 0, 1, 11, 718.35, 1417481, 2857, 0, 0
2637, 6, 460, 1108, 40, 0, 4.36%, 0, 1, 11, 784.02, 1421037, 2857, 0, 0
2642, 6, 321, 1108, 38, 0, 4.36%, 0, 1, 11, 770.41, 1424914, 2857, 0, 0
2647, 6, 1090, 1108, 36, 0, 4.36%, 0, 1, 11, 674.78, 1428550, 2857, 0, 0
2652, 6, 1040, 1108, 33, 0, 4.36%, 0, 1, 11, 659.40, 1431740, 2857, 0, 0
2657, 6, 1078, 1108, 31, 0, 4.36%, 0, 1, 11, 718.60, 1435498, 2857, 0, 0
2662, 6, 1098, 1108, 28, 0, 4.36%, 0, 1, 11, 678.15, 1438882, 2857, 0, 0
2667, 6, 1030, 1108, 27, 0, 4.36%, 0, 1, 11, 778.66, 1442854, 2857, 0, 0
2673, 6, 283, 1108, 25, 0, 4.36%, 0, 1, 11, 837.59, 1446480, 2857, 0, 0
2678, 6, 724, 1108, 24, 0, 4.36%, 0, 1, 11, 719.63, 1450299, 2857, 0, 0
2683, 6, 1003, 1108, 24, 0, 4.36%, 0, 1, 11, 725.95, 1454371, 2857, 0, 0
2688, 6, 1062, 1108, 23, 0, 4.36%, 0, 1, 11, 738.25, 1458100, 2857, 0, 0
2693, 6, 362, 1108, 22, 0, 4.36%, 0, 1, 11, 753.90, 1461592, 2857, 0, 0
2699, 6, 320, 1108, 21, 0, 4.36%, 0, 1, 11, 799.14, 1465624, 2857, 0, 0
2704, 6, 332, 1108, 21, 0, 4.36%, 0, 1, 11, 802.75, 1469203, 2857, 0, 0
2709, 6, 782, 1108, 21, 0, 4.36%, 0, 1, 11, 765.26, 1472964, 2857, 0, 0
2714, 6, 478, 1108, 21, 0, 4.36%, 0, 1, 11, 842.89, 1476607, 2857, 0, 0
2719, 6, 1032, 1108, 19, 0, 4.36%, 0, 1, 11, 440.00, 1479955, 2857, 0, 0
2724, 6, 709, 1108, 18, 0, 4.36%, 0, 1, 11, 616.60, 1483653, 2857, 0, 0
2729, 6, 1041, 1108, 18, 0, 4.36%, 0, 1, 11, 773.63, 1487074, 2857, 0, 0
2735, 6, 860, 1108, 17, 0, 4.36%, 0, 1, 11, 757.25, 1490880, 2857, 0, 0
2740, 6, 860, 1108, 16, 0, 4.36%, 0, 1, 11, 749.43, 1494880, 2857, 0, 0
2745, 6, 932, 1108, 16, 0, 4.36%, 0, 1, 11, 826.36, 1498897, 2857, 0, 0
2751, 6, 790, 1108, 16, 0, 4.36%, 0, 1, 11, 704.11, 1502517, 2857, 0, 0
2756, 6, 855, 1108, 16, 0, 4.36%, 0, 1, 11, 845.70, 1506452, 2857, 0, 0
2761, 6, 1085, 1108, 16, 0, 4.36%, 0, 1, 11, 236.39, 1509853, 2857, 0, 0
2766, 6, 224, 1108, 15, 0, 4.36%, 0, 1, 11, 566.46, 1513495, 2857, 0, 0
2771, 6, 479, 1108, 13, 0, 4.36%, 0, 1, 11, 773.68, 1516974, 2857, 0, 0
2776, 6, 43, 1108, 13, 0, 4.36%, 0, 1, 11, 850.00, 1520605, 2857, 0, 0
2782, 6, 679, 1108, 13, 0, 4.36%, 0, 1, 11, 650.57, 1524189, 2857, 0, 0
2787, 6, 835, 1108, 12, 0, 4.36%, 0, 1, 11, 674.27, 1527709, 2857, 0, 0
2793, 6, 236, 1108, 12, 0, 4.36%, 0, 1, 11, 712.14, 1531160, 2857, 0, 0
2798, 6, 1023, 1108, 12, 0, 4.36%, 0, 1, 11, 440.70, 1534826, 2857, 0, 0
2803, 6, 856, 1108, 12, 0, 4.36%, 0, 1, 11, 798.57, 1538131, 2857, 0, 0
2808, 6, 816, 1108, 11, 0, 4.36%, 0, 1, 11, 792.13, 1541969, 2857, 0, 0
2813, 6, 479, 1108, 11, 0, 4.36%, 0, 1, 11, 756.31, 1545609, 2857, 0, 0
2818, 6, 791, 1108, 11, 0, 4.36%, 0, 1, 11, 626.61, 1549194, 2857, 0, 0
2823, 6, 478, 1108, 11, 0, 4.36%, 0, 1, 11, 742.75, 1552885, 2857, 0, 0
2828, 6, 724, 1108, 11, 0, 4.36%, 0, 1, 11, 864.71, 1556413, 2857, 0, 0
2833, 6, 1081, 1108, 10, 0, 4.36%, 0, 1, 11, 841.75, 1560325, 2857, 0, 0
2839, 7, 412, 1108, 10, 0, 4.36%, 0, 1, 11, 776.91, 1564277, 2857, 0, 0
2844, 7, 712, 1108, 9, 0, 4.36%, 0, 1, 11, 835.17, 1568066, 2857, 0, 0
2849, 7, 107, 1108, 9, 0, 4.36%, 0, 1, 11, 772.99, 1571569, 2857, 0, 0
2854, 7, 118, 1108, 8, 0, 4.36%, 0, 1, 11, 390.37, 1574272, 2857, 0, 0
2859, 7, 36, 1108, 8, 0, 4.36%, 0, 1, 11, 660.87, 1577854, 2857, 0, 0
2864, 7, 1078, 1109, 9, 0, 4.36%, 0, 1, 11, 850.66, 1581553, 2857, 0, 0
2869, 7, 273, 1109, 9, 0, 4.36%, 0, 1, 11, 782.23, 1585238, 2857, 0, 0
2875, 7, 985, 1109, 9, 0, 4.36%, 0, 1, 11, 807.98, 1589346, 2857, 0, 0
2880, 7, 987, 1109, 9, 0, 4.36%, 0, 1, 11, 789.37, 1592998, 2857, 0, 0
2885, 7, 65, 1109, 8, 0, 4.36%, 0, 1, 11, 630.00, 1596507, 2857, 0, 0
2890, 7, 716, 1109, 8, 0, 4.36%, 0, 1, 11, 749.55, 1599951, 2857, 0, 0
2895, 7, 835, 1109, 8, 0, 4.36%, 0, 1, 11, 66.97, 1602280, 2857, 0, 0
2900, 7, 430, 1109, 8, 0, 4.36%, 0, 1, 11, 840.00, 1602964, 2857, 0, 0
2905, 7, 328, 1109, 8, 0, 4.36%, 0, 1, 11, 63.62, 1605689, 2857, 0, 0
2910, 7, 66, 1109, 8, 0, 4.36%, 0, 1, 11, 67.63, 1608795, 2857, 0, 0
2915, 7, 248, 1109, 8, 0, 4.36%, 0, 1, 11, 827.57, 1611438, 2857, 0, 0
2921, 7, 734, 1109, 8, 0, 4.36%, 0, 1, 11, 685.69, 1613859, 2857, 0, 0
2926, 7, 726, 1109, 7, 0, 4.36%, 0, 1, 11, 541.22, 1615724, 2857, 0, 0
2931, 7, 650, 1109, 7, 0, 4.36%, 0, 1, 11, 613.57, 1617967, 2857, 0, 0
2936, 7, 482, 1109, 7, 0, 4.36%, 0, 1, 11, 67.16, 1620119, 2857, 0, 0
2941, 7, 975, 1109, 7, 0, 4.36%, 0, 1, 11, 66.69, 1622800, 2857, 0, 0
2946, 7, 113, 1109, 7, 0, 4.36%, 0, 1, 11, 62.88, 1625466, 2857, 0, 0
2951, 7, 362, 1109, 7, 0, 4.36%, 0, 1, 11, 700.03, 1628069, 2857, 0, 0
2957, 7, 592, 1109, 7, 0, 4.36%, 0, 1, 11, 548.58, 1629824, 2857, 0, 0
2962, 7, 735, 1109, 6, 0, 4.36%, 0, 1, 11, 855.60, 1631643, 2857, 0, 0
2967, 7, 0, 1109, 6, 0, 4.36%, 0, 1, 11, 745.00, 1633475, 2857, 0, 0
2972, 7, 623, 1109, 6, 0, 4.36%, 0, 1, 11, 68.69, 1635893, 2857, 0, 0
2977, 7, 998, 1109, 6, 0, 4.36%, 0, 1, 11, 94.92, 1638290, 2857, 0, 0
2982, 7, 333, 1109, 6, 0, 4.36%, 0, 1, 11, 67.48, 1640520, 2857, 0, 0
2987, 7, 622, 1109, 6, 0, 4.36%, 0, 1, 11, 640.87, 1642766, 2857, 0, 0
2992, 7, 567, 1109, 6, 0, 4.36%, 0, 1, 11, 818.94, 1644640, 2857, 0, 0
2997, 7, 985, 1109, 6, 0, 4.36%, 0, 1, 11, 420.36, 1646275, 2857, 0, 0
3003, 7, 189, 1109, 6, 0, 4.36%, 0, 1, 11, 688.89, 1648379, 2857, 0, 0
3008, 7, 673, 1109, 6, 0, 4.36%, 0, 1, 11, 808.05, 1650421, 2857, 0, 0
3013, 7, 952, 1109, 6, 0, 4.36%, 0, 1, 11, 60.46, 1652193, 2857, 0, 0
3018, 7, 142, 1109, 6, 0, 4.36%, 0, 1, 11, 64.72, 1654304, 2857, 0, 0
3023, 7, 987, 1109, 6, 0, 4.36%, 0, 1, 11, 64.94, 1656559, 2857, 0, 0
3028, 7, 932, 1109, 6, 0, 4.36%, 0, 1, 11, 62.02, 1659090, 2857, 0, 0
3036, 7, 534, 1109, 6, 0, 4.36%, 0, 1, 11, 837.99, 1661374, 2857, 0, 0
3041, 7, 427, 1109, 6, 0, 4.36%, 0, 1, 11, 731.81, 1663013, 2857, 0, 0
3046, 7, 920, 1109, 6, 0, 4.36%, 0, 1, 11, 858.87, 1664334, 2857, 0, 0
3053, 7, 567, 1109, 6, 0, 4.36%, 0, 1, 11, 76.81, 1666876, 2857, 0, 0
3058, 7, 423, 1109, 6, 0, 4.36%, 0, 1, 11, 63.86, 1668955, 2857, 0, 0
3063, 7, 430, 1110, 7, 0, 4.36%, 0, 1, 11, 67.21, 1671331, 2857, 0, 0
3069, 7, 737, 1110, 6, 0, 4.36%, 0, 1, 11, 727.81, 1673578, 2857, 0, 0
3074, 7, 131, 1110, 6, 0, 4.36%, 0, 1, 11, 737.16, 1675748, 2857, 0, 0
3080, 7, 998, 1110, 6, 0, 4.36%, 0, 1, 11, 638.55, 1677101, 2857, 0, 0
3085, 7, 1065, 1110, 6, 0, 4.36%, 0, 1, 11, 86.96, 1678563, 2857, 0, 0
3091, 7, 1051, 1110, 6, 0, 4.36%, 0, 1, 11, 69.80, 1680892, 2857, 0, 0
3096, 7, 38, 1110, 6, 0, 4.36%, 0, 1, 11, 67.37, 1682989, 2857, 0, 0
3101, 7, 1023, 1110, 6, 0, 4.36%, 0, 1, 11, 68.30, 1685129, 2857, 0, 0
3107, 7, 682, 1110, 6, 0, 4.36%, 0, 1, 11, 50.63, 1687188, 2857, 0, 0
3112, 7, 106, 1110, 6, 0, 4.36%, 0, 1, 11, 828.04, 1688656, 2857, 0, 0
3117, 7, 964, 1110, 6, 0, 4.36%, 0, 1, 11, 844.68, 1690086, 2857, 0, 0
3122, 7, 856, 1110, 6, 0, 4.36%, 0, 1, 11, 65.76, 1691841, 2857, 0, 0
3127, 7, 991, 1110, 6, 0, 4.36%, 0, 1, 11, 61.91, 1694110, 2857, 0, 0
3132, 7, 1109, 1110, 6, 0, 4.36%, 0, 1, 11, 42.55, 1696137, 2857, 0, 0
3138, 7, 1109, 1111, 7, 0, 4.36%, 0, 1, 11, 615.17, 1697862, 2857, 0, 0
3143, 7, 673, 1111, 6, 0, 4.36%, 0, 1, 11, 642.04, 1699173, 2857, 0, 0
3149, 7, 447, 1111, 6, 0, 4.36%, 0, 1, 11, 751.91, 1700422, 2857, 0, 0
3154, 7, 1053, 1111, 6, 0, 4.36%, 0, 1, 11, 67.48, 1702173, 2857, 0, 0
3159, 7, 856, 1111, 6, 0, 4.36%, 0, 1, 11, 62.67, 1704294, 2857, 0, 0
3164, 7, 131, 1111, 5, 0, 4.36%, 0, 1, 11, 67.11, 1706395, 2857, 0, 0
3169, 7, 1051, 1111, 5, 0, 4.36%, 0, 1, 11, 564.67, 1708394, 2857, 0, 0
3174, 7, 460, 1111, 5, 0, 4.36%, 0, 1, 11, 674.65, 1709818, 2857, 0, 0
3179, 7, 73, 1111, 5, 0, 4.36%, 0, 1, 11, 80.32, 1710919, 2857, 0, 0
3184, 7, 794, 1111, 5, 0, 4.36%, 0, 1, 11, 66.66, 1713014, 2857, 0, 0
3189, 7, 475, 1111, 5, 0, 4.36%, 0, 1, 11, 90.91, 1714972, 2857, 0, 0
3195, 7, 447, 1111, 5, 0, 4.36%, 0, 1, 11, 68.88, 1717014, 2857, 0, 0
3201, 7, 133, 1111, 5, 0, 4.36%, 0, 1, 11, 768.93, 1719087, 2857, 0, 0
3206, 7, 381, 1111, 5, 0, 4.36%, 0, 1, 11, 67.75, 1720990, 2857, 0, 0
3211, 7, 1093, 1111, 5, 0, 4.36%, 0, 1, 11, 672.35, 1722588, 2857, 0, 0
3216, 7, 545, 1111, 5, 0, 4.36%, 0, 1, 11, 808.18, 1723872, 2857, 0, 0
3222, 7, 62, 1111, 5, 0, 4.36%, 0, 1, 11, 72.79, 1725459, 2857, 0, 0
3227, 8, 494, 1111, 5, 0, 4.36%, 0, 1, 11, 67.42, 1727085, 2857, 0, 0
3232, 8, 1110, 1111, 5, 0, 4.36%, 0, 1, 11, 51.33, 1728890, 2857, 0, 0
3237, 8, 1110, 1111, 5, 0, 4.36%, 0, 1, 11, 52.69, 1730389, 2857, 0, 0
3242, 8, 735, 1111, 4, 0, 4.36%, 0, 1, 11, 66.17, 1732384, 2857, 0, 0
3247, 8, 975, 1111, 4, 0, 4.36%, 0, 1, 11, 840.95, 1734191, 2857, 0, 0
3252, 8, 985, 1111, 4, 0, 4.36%, 0, 1, 11, 69.01, 1735021, 2857, 0, 0
3257, 8, 856, 1111, 4, 0, 4.36%, 0, 1, 11, 67.23, 1737390, 2857, 0, 0
3263, 8, 478, 1111, 3, 0, 4.36%, 0, 1, 11, 65.00, 1738924, 2857, 0, 0
3268, 8, 435, 1111, 3, 0, 4.36%, 0, 1, 11, 741.72, 1740502, 2857, 0, 0
3273, 8, 35, 1111, 3, 0, 4.36%, 0, 1, 11, 425.00, 1741385, 2857, 0, 0
3278, 8, 35, 1111, 3, 0, 4.36%, 0, 1, 11, 67.70, 1743494, 2857, 0, 0
3283, 8, 1075, 1111, 3, 0, 4.36%, 0, 1, 11, 53.00, 1745495, 2857, 0, 0
3288, 8, 251, 1111, 3, 0, 4.36%, 0, 1, 11, 586.22, 1747283, 2857, 0, 0
3293, 8, 726, 1111, 3, 0, 4.36%, 0, 1, 11, 66.70, 1748056, 2857, 0, 0
3298, 8, 712, 1112, 3, 0, 4.36%, 0, 1, 11, 90.66, 1750285, 2857, 0, 0
3304, 8, 98, 1112, 3, 0, 4.36%, 0, 1, 11, 66.72, 1752370, 2857, 0, 0
3309, 8, 853, 1112, 3, 0, 4.36%, 0, 1, 11, 829.73, 1754430, 2857, 0, 0
3314, 8, 623, 1112, 3, 0, 4.36%, 0, 1, 11, 826.86, 1755677, 2857, 0, 0
3319, 8, 842, 1112, 3, 0, 4.36%, 0, 1, 11, 67.87, 1757100, 2857, 0, 0
3324, 8, 726, 1112, 3, 0, 4.36%, 0, 1, 11, 61.64, 1759218, 2857, 0, 0
3329, 8, 1065, 1112, 3, 0, 4.36%, 0, 1, 11, 63.07, 1761437, 2857, 0, 0
3334, 8, 148, 1112, 3, 0, 4.36%, 0, 1, 11, 746.41, 1762773, 2857, 0, 0
3339, 8, 148, 1112, 3, 0, 4.36%, 0, 1, 11, 69.58, 1763932, 2857, 0, 0
3345, 8, 157, 1112, 3, 0, 4.36%, 0, 1, 11, 62.20, 1766084, 2857, 0, 0
3350, 8, 938, 1112, 3, 0, 4.36%, 0, 1, 11, 65.24, 1768176, 2857, 0, 0
3355, 8, 459, 1112, 3, 0, 4.36%, 0, 1, 11, 708.54, 1770153, 2857, 0, 0
3360, 8, 1111, 1112, 3, 0, 4.36%, 0, 1, 11, 580.65, 1771665, 2857, 0, 0
3365, 8, 709, 1112, 3, 0, 4.36%, 0, 1, 11, 65.04, 1772681, 2857, 0, 0
3370, 8, 476, 1112, 3, 0, 4.36%, 0, 1, 11, 67.06, 1774721, 2857, 0, 0
3376, 8, 829, 1112, 3, 0, 4.36%, 0, 1, 11, 800.24, 1776847, 2857, 0, 0
3381, 8, 78, 1112, 3, 0, 4.36%, 0, 1, 11, 674.56, 1778700, 2857, 0, 0
3386, 8, 799, 1112, 3, 0, 4.36%, 0, 1, 11, 469.13, 1779788, 2857, 0, 0
3391, 8, 427, 1113, 4, 0, 4.36%, 0, 1, 11, 67.94, 1781352, 2857, 0, 0
3396, 8, 648, 1113, 4, 0, 4.36%, 0, 1, 11, 93.19, 1783227, 2857, 0, 0
3401, 8, 331, 1113, 4, 0, 4.36%, 0, 1, 11, 86.56, 1785270, 2857, 0, 0
3406, 8, 671, 1113, 4, 0, 4.36%, 0, 1, 11, 102.70, 1787154, 2857, 0, 0
3411, 8, 757, 1113, 4, 0, 4.36%, 0, 1, 11, 608.30, 1788792, 2857, 0, 0
3416, 8, 571, 1113, 4, 0, 4.36%, 0, 1, 11, 803.58, 1790097, 2857, 0, 0
3421, 8, 274, 1113, 4, 0, 4.36%, 0, 1, 11, 555.00, 1791217, 2857, 0, 0
3427, 8, 253, 1115, 5, 0, 4.36%, 0, 1, 11, 63.01, 1793102, 2857, 0, 0
3432, 8, 66, 1115, 4, 0, 4.36%, 0, 1, 11, 62.56, 1795073, 2857, 0, 0
3437, 8, 861, 1115, 4, 0, 4.36%, 0, 1, 11, 837.62, 1796973, 2857, 0, 0
3442, 8, 320, 1115, 4, 0, 4.36%, 0, 1, 11, 66.67, 1798983, 2857, 0, 0
3447, 8, 650, 1115, 4, 0, 4.36%, 0, 1, 11, 830.26, 1800558, 2857, 0, 0
3452, 8, 671, 1115, 4, 0, 4.36%, 0, 1, 11, 487.72, 1801844, 2857, 0, 0
3457, 8, 271, 1115, 4, 0, 4.36%, 0, 1, 11, 85.42, 1803320, 2857, 0, 0
3462, 8, 483, 1117, 6, 0, 4.36%, 0, 1, 11, 66.02, 1805244, 2857, 0, 0
3467, 8, 1114, 1117, 6, 0, 4.36%, 0, 1, 11, 61.17, 1807136, 2857, 0, 0
3472, 8, 938, 1117, 5, 0, 4.36%, 0, 1, 11, 64.38, 1809284, 2857, 0, 0
3478, 8, 636, 1117, 5, 0, 4.36%, 0, 1, 11, 59.12, 1809782, 2857, 0, 0
3484, 8, 333, 1117, 5, 0, 4.36%, 0, 1, 11, 864.79, 1810660, 2857, 0, 0
3489, 8, 83, 1117, 5, 0, 4.36%, 0, 1, 11, 68.60, 1812404, 2857, 0, 0
3494, 8, 964, 1117, 5, 0, 4.36%, 0, 1, 11, 63.17, 1814596, 2857, 0, 0
3499, 8, 701, 1117, 5, 0, 4.36%, 0, 1, 11, 737.07, 1815941, 2857, 0, 0
3504, 8, 860, 1117, 5, 0, 4.36%, 0, 1, 11, 473.36, 1817251, 2857, 0, 0
3510, 8, 269, 1117, 5, 0, 4.36%, 0, 1, 11, 65.65, 1818312, 2857, 0, 0
3515, 8, 728, 1117, 5, 0, 4.36%, 0, 1, 11, 68.11, 1820572, 2857, 0, 0
3520, 8, 660, 1117, 5, 0, 4.36%, 0, 1, 11, 64.68, 1822747, 2857, 0, 0
3525, 8, 835, 1117, 5, 0, 4.36%, 0, 1, 11, 685.10, 1824844, 2857, 0, 0
3530, 8, 274, 1117, 5, 0, 4.36%, 0, 1, 11, 572.95, 1825889, 2857, 0, 0
3536, 8, 717, 1117, 5, 0, 4.36%, 0, 1, 11, 61.08, 1827202, 2857, 0, 0
3541, 8, 964, 1117, 5, 0, 4.36%, 0, 1, 11, 67.91, 1829405, 2857, 0, 0
3546, 8, 1059, 1117, 5, 0, 4.36%, 0, 1, 11, 65.36, 1831074, 2857, 0, 0
3551, 8, 574, 1117, 5, 0, 4.36%, 0, 1, 11, 748.93, 1832646, 2857, 0, 0
3556, 8, 757, 1117, 5, 0, 4.36%, 0, 1, 11, 743.45, 1833842, 2857, 0, 0
3561, 8, 650, 1117, 5, 0, 4.36%, 0, 1, 11, 67.19, 1835668, 2857, 0, 0
3566, 8, 830, 1117, 5, 0, 4.36%, 0, 1, 11, 95.43, 1837760, 2857, 0, 0
3571, 8, 209, 1117, 5, 0, 4.36%, 0, 1, 11, 762.98, 1839851, 2857, 0, 0
3577, 8, 389, 1117, 5, 0, 4.36%, 0, 1, 11, 528.53, 1841058, 2857, 0, 0
3582, 8, 243, 1117, 5, 0, 4.36%, 0, 1, 11, 65.45, 1842339, 2857, 0, 0
3587, 8, 856, 1117, 5, 0, 4.36%, 0, 1, 11, 66.90, 1844373, 2857, 0, 0
3592, 8, 938, 1117, 5, 0, 4.36%, 0, 1, 11, 68.44, 1846476, 2857, 0, 0
3597, 8, 203, 1117, 5, 0, 4.36%, 0, 1, 11, 672.77, 1848559, 2857, 0, 0
3603, 8, 790, 1117, 5, 0, 4.36%, 0, 1, 11, 822.78, 1850173, 2857, 0, 0
3608, 8, 487, 1117, 5, 0, 4.36%, 0, 1, 11, 530.00, 1851115, 2857, 0, 0
3613, 8, 9, 1117, 5, 0, 4.36%, 0, 1, 11, 67.73, 1852999, 2857, 0, 0
3618, 8, 744, 1117, 5, 0, 4.36%, 0, 1, 11, 129.20, 1854996, 2857, 0, 0
3623, 8, 253, 1117, 5, 0, 4.36%, 0, 1, 11, 68.77, 1857011, 2857, 0, 0
3628, 8, 259, 1117, 5, 0, 4.36%, 0, 1, 11, 66.37, 1858919, 2857, 0, 0
3633, 8, 1121, 1155, 43, 6, 4.38%, 0, 1, 11, 742.79, 1860222, 2868, 0, 0
3638, 8, 1134, 1155, 41, 4, 4.38%, 0, 1, 11, 839.36, 1861597, 2868, 0, 0
3643, 8, 1129, 1155, 39, 2, 4.38%, 0, 1, 11, 70.23, 1862535, 2868, 0, 0
3648, 8, 1152, 1155, 38, 1, 4.38%, 0, 1, 11, 58.73, 1864478, 2868, 0, 0
3654, 8, 1145, 1155, 37, 0, 4.38%, 0, 1, 11, 57.72, 1866227, 2868, 0, 0
3659, 8, 1139, 1155, 36, 0, 4.38%, 0, 1, 11, 134.51, 1868076, 2868, 0, 0
3664, 8, 1139, 1155, 36, 0, 4.38%, 0, 1, 11, 745.78, 1869904, 2868, 0, 0
3670, 8, 396, 1155, 35, 0, 4.38%, 0, 1, 11, 840.24, 1871800, 2868, 0, 0
3675, 8, 228, 1155, 35, 0, 4.38%, 0, 1, 11, 505.61, 1872985, 2868, 0, 0
3680, 8, 84, 1155, 35, 0, 4.38%, 0, 1, 11, 358.33, 1874287, 2868, 0, 0
3686, 8, 623, 1155, 35, 0, 4.38%, 0, 1, 11, 74.90, 1876279, 2868, 0, 0
3691, 8, 110, 1155, 34, 0, 4.38%, 0, 1, 11, 66.95, 1877987, 2868, 0, 0
3696, 8, 567, 1155, 34, 0, 4.38%, 0, 1, 11, 63.70, 1879923, 2868, 0, 0
3701, 8, 739, 1155, 32, 0, 4.38%, 0, 1, 11, 67.54, 1881822, 2868, 0, 0
3706, 8, 571, 1155, 31, 0, 4.38%, 0, 1, 11, 622.16, 1883515, 2868, 0, 0
3712, 8, 975, 1155, 31, 0, 4.38%, 0, 1, 11, 523.14, 1884472, 2868, 0, 0
3717, 8, 559, 1155, 31, 0, 4.38%, 0, 1, 11, 58.61, 1886289, 2868, 0, 0
3722, 8, 189, 1155, 30, 0, 4.38%, 0, 1, 11, 67.02, 1888441, 2868, 0, 0
3727, 8, 480, 1155, 28, 0, 4.38%, 0, 1, 11, 814.69, 1889891, 2868, 0, 0
3732, 8, 660, 1155, 27, 0, 4.38%, 0, 1, 11, 67.05, 1890919, 2868, 0, 0
3737, 8, 11, 1155, 27, 0, 4.38%, 0, 1, 11, 62.55, 1893018, 2868, 0, 0
3742, 8, 81, 1155, 27, 0, 4.38%, 0, 1, 11, 67.12, 1894724, 2868, 0, 0
3747, 8, 290, 1155, 27, 0, 4.38%, 0, 1, 11, 808.13, 1896350, 2868, 0, 0
3753, 8, 460, 1155, 27, 0, 4.38%, 0, 1, 11, 83.10, 1897344, 2868, 0, 0
3758, 8, 290, 1155, 27, 0, 4.38%, 0, 1, 11, 64.20, 1899369, 2868, 0, 0
3763, 8, 844, 1155, 26, 0, 4.38%, 0, 1, 11, 65.99, 1901405, 2868, 0, 0
3768, 8, 975, 1155, 26, 0, 4.38%, 0, 1, 11, 609.57, 1903077, 2868, 0, 0
3773, 8, 650, 1155, 26, 0, 4.38%, 0, 1, 11, 635.00, 1903840, 2868, 0, 0
3778, 8, 735, 1155, 24, 0, 4.38%, 0, 1, 11, 64.27, 1905834, 2868, 0, 0
3783, 8, 1023, 1155, 24, 0, 4.38%, 0, 1, 11, 105.70, 1907771, 2868, 0, 0
3788, 8, 1136, 1155, 24, 0, 4.38%, 0, 1, 11, 757.09, 1909161, 2868, 0, 0
3793, 8, 1136, 1155, 24, 0, 4.38%, 0, 1, 11, 77.52, 1909554, 2868, 0, 0
3798, 8, 1142, 1155, 22, 0, 4.38%, 0, 1, 11, 81.70, 1910596, 2868, 0, 0
3803, 8, 321, 1155, 21, 0, 4.38%, 0, 1, 11, 57.96, 1912467, 2868, 0, 0
3809, 8, 1138, 1155, 21, 0, 4.38%, 0, 1, 11, 673.84, 1914403, 2868, 0, 0
3814, 8, 107, 1155, 20, 0, 4.38%, 0, 1, 11, 854.08, 1915704, 2868, 0, 0
3819, 8, 423, 1155, 19, 0, 4.38%, 0, 1, 11, 794.96, 1917008, 2868, 0, 0
3824, 8, 1023, 1155, 19, 0, 4.38%, 0, 1, 11, 66.39, 1918644, 2868, 0, 0
3829, 9, 650, 1155, 19, 0, 4.38%, 0, 1, 11, 740.00, 1921294, 2868, 0, 0
3835, 9, 724, 1155, 18, 0, 4.38%, 0, 1, 11, 794.15, 1925530, 2868, 0, 0
3840, 9, 476, 1155, 18, 0, 4.38%, 0, 1, 11, 812.36, 1929639, 2868, 0, 0
3845, 9, 332, 1155, 17, 0, 4.38%, 0, 1, 11, 780.78, 1933552, 2868, 0, 0
3850, 9, 104, 1155, 17, 0, 4.38%, 0, 1, 11, 691.74, 1936896, 2868, 0, 0
3856, 9, 1119, 1155, 17, 0, 4.38%, 0, 1, 11, 655.33, 1941104, 2868, 0, 0
3862, 9, 703, 1155, 15, 0, 4.38%, 0, 1, 11, 79.97, 1943814, 2868, 0, 0
3867, 9, 209, 1155, 15, 0, 4.38%, 0, 1, 11, 733.91, 1947763, 2868, 0, 0
3872, 9, 107, 1155, 14, 0, 4.38%, 0, 1, 11, 703.50, 1951390, 2868, 0, 0
3878, 9, 795, 1155, 14, 0, 4.38%, 0, 1, 11, 758.28, 1956190, 2868, 0, 0
3883, 9, 35, 1155, 12, 0, 4.38%, 0, 1, 11, 697.99, 1959884, 2868, 0, 0
3888, 9, 726, 1155, 12, 0, 4.38%, 0, 1, 11, 705.40, 1963403, 2868, 0, 0
3893, 9, 482, 1155, 11, 0, 4.38%, 0, 1, 11, 742.14, 1967087, 2868, 0, 0
3898, 9, 1127, 1155, 10, 0, 4.38%, 0, 1, 11, 761.07, 1971076, 2868, 0, 0
3903, 9, 483, 1155, 8, 0, 4.38%, 0, 1, 11, 777.02, 1974938, 2868, 0, 0
3908, 9, 1124, 1155, 8, 0, 4.38%, 0, 1, 11, 786.06, 1978858, 2868, 0, 0
3914, 9, 648, 1155, 7, 0, 4.38%, 0, 1, 11, 764.38, 1982647, 2868, 0, 0
3919, 9, 888, 1156, 8, 0, 4.38%, 0, 1, 11, 740.78, 1986484, 2868, 0, 0
3924, 9, 1141, 1156, 8, 0, 4.38%, 0, 1, 11, 803.42, 1989664, 2868, 0, 0
3929, 9, 430, 1156, 6, 0, 4.38%, 0, 1, 11, 808.18, 1993865, 2868, 0, 0
3934, 9, 724, 1156, 5, 0, 4.38%, 0, 1, 11, 763.74, 1997599, 2868, 0, 0
3939, 9, 952, 1156, 5, 0, 4.38%, 0, 1, 11, 768.91, 2001524, 2868, 0, 0
3944, 9, 412, 1156, 5, 0, 4.38%, 0, 1, 11, 725.19, 2005229, 2868, 0, 0
3949, 9, 712, 1156, 4, 0, 4.38%, 0, 1, 11, 769.49, 2009222, 2868, 0, 0
3954, 9, 430, 1156, 4, 0, 4.38%, 0, 1, 11, 771.41, 2013112, 2868, 0, 0
3959, 9, 673, 1156, 4, 0, 4.38%, 0, 1, 11, 801.06, 2017187, 2868, 0, 0
3965, 9, 571, 1156, 3, 0, 4.38%, 0, 1, 11, 729.43, 2020786, 2868, 0, 0
3971, 9, 966, 1156, 3, 0, 4.38%, 0, 1, 11, 761.55, 2023991, 2868, 0, 0
3976, 9, 333, 1156, 3, 0, 4.38%, 0, 1, 11, 750.99, 2027556, 2868, 0, 0
3981, 9, 571, 1156, 2, 0, 4.38%, 0, 1, 11, 788.15, 2031749, 2868, 0, 0
3986, 9, 860, 1156, 2, 0, 4.38%, 0, 1, 11, 765.55, 2035579, 2868, 0, 0
3991, 9, 648, 1156, 2, 0, 4.38%, 0, 1, 11, 793.18, 2039736, 2868, 0, 0
3996, 9, 534, 1156, 2, 0, 4.38%, 0, 1, 11, 760.40, 2043456, 2868, 0, 0
4001, 9, 1144, 1156, 2, 0, 4.38%, 0, 1, 11, 358.37, 2044979, 2868, 0, 0
4006, 9, 1144, 1156, 2, 0, 4.38%, 0, 1, 11, 206.43, 2045842, 2868, 0, 0
4011, 9, 375, 1156, 1, 0, 4.38%, 0, 1, 11, 373.77, 2047747, 2868, 0, 0
4017, 9, 575, 1156, 1, 0, 4.38%, 0, 1, 11, 697.35, 2051729, 2868, 0, 0
4022, 9, 712, 1156, 1, 0, 4.38%, 0, 1, 11, 781.19, 2055841, 2868, 0, 0
4027, 9, 986, 1156, 1, 0, 4.38%, 0, 1, 11, 792.69, 2059830, 2868, 0, 0
4032, 9, 453, 1156, 1, 0, 4.38%, 0, 1, 11, 775.33, 2063700, 2868, 0, 0
4037, 9, 483, 1156, 1, 0, 4.38%, 0, 1, 11, 760.25, 2067495, 2868, 0, 0
4042, 9, 622, 1157, 1, 0, 4.38%, 0, 1, 11, 716.85, 2071148, 2868, 0, 0
4048, 9, 1025, 1157, 1, 0, 4.38%, 0, 1, 11, 761.25, 2075354, 2868, 0, 0
4053, 9, 125, 1157, 1, 0, 4.38%, 0, 1, 11, 778.44, 2079394, 2868, 0, 0
4058, 9, 724, 1157, 1, 0, 4.38%, 0, 1, 11, 767.85, 2083219, 2868, 0, 0
4063, 10, 122, 1157, 1, 0, 4.38%, 0, 1, 11, 805.39, 2087452, 2868, 0, 0
4068, 10, 1023, 1157, 1, 0, 4.38%, 0, 1, 11, 799.92, 2091634, 2868, 0, 0
4073, 10, 831, 1157, 1, 0, 4.38%, 0, 1, 11, 810.17, 2095810, 2868, 0, 0
4079, 10, 684, 1157, 1, 0, 4.38%, 0, 1, 11, 700.00, 2099416, 2868, 0, 0
4084, 10, 142, 1157, 1, 0, 4.38%, 0, 1, 11, 773.77, 2103444, 2868, 0, 0
4089, 10, 875, 1157, 1, 0, 4.38%, 0, 1, 11, 791.75, 2107439, 2868, 0, 0
4095, 10, 515, 1157, 1, 0, 4.38%, 0, 1, 11, 795.57, 2112566, 2868, 0, 0
4100, 10, 856, 1157, 1, 0, 4.38%, 0, 1, 11, 757.73, 2116336, 2868, 0, 0
4105, 10, 478, 1157, 1, 0, 4.38%, 0, 1, 11, 804.29, 2120438, 2868, 0, 0
4111, 10, 1077, 1157, 1, 0, 4.38%, 0, 1, 11, 785.22, 2124965, 2868, 0, 0
4116, 10, 1146, 1157, 1, 0, 4.38%, 0, 1, 11, 786.10, 2128905, 2868, 0, 0
4122, 10, 53, 1157, 1, 0, 4.38%, 0, 1, 11, 756.81, 2132801, 2868, 0, 0
4127, 10, 952, 1157, 1, 0, 4.38%, 0, 1, 11, 779.50, 2136771, 2868, 0, 0
4132, 10, 850, 1157, 1, 0, 4.38%, 0, 1, 11, 743.31, 2140629, 2868, 0, 0
4137, 10, 662, 1157, 1, 0, 4.38%, 0, 1, 11, 795.45, 2144824, 2868, 0, 0
4142, 10, 142, 1157, 1, 0, 4.38%, 0, 1, 11, 724.01, 2148348, 2868, 0, 0
4147, 10, 98, 1157, 1, 0, 4.38%, 0, 1, 11, 785.79, 2152503, 2868, 0, 0
4152, 10, 844, 1157, 1, 0, 4.38%, 0, 1, 11, 785.39, 2156529, 2868, 0, 0
4157, 10, 1112, 1157, 1, 0, 4.38%, 0, 1, 11, 244.10, 2159986, 2868, 0, 0
4162, 10, 567, 1157, 1, 0, 4.38%, 0, 1, 11, 624.12, 2163813, 2868, 0, 0
4168, 10, 831, 1157, 1, 0, 4.38%, 0, 1, 11, 839.90, 2167134, 2868, 0, 0
4174, 10, 833, 1157, 1, 0, 4.38%, 0, 1, 11, 736.97, 2171939, 2868, 0, 0
4179, 10, 111, 1157, 1, 0, 4.38%, 0, 1, 11, 492.68, 2175193, 2868, 0, 0
4185, 10, 545, 1157, 1, 0, 4.38%, 0, 1, 11, 808.96, 2179160, 2868, 0, 0
4190, 10, 381, 1157, 1, 0, 4.38%, 0, 1, 11, 809.01, 2182838, 2868, 0, 0
4195, 10, 739, 1157, 1, 0, 4.38%, 0, 1, 11, 501.13, 2186575, 2868, 0, 0
4200, 10, 476, 1157, 1, 0, 4.38%, 0, 1, 11, 662.83, 2190055, 2868, 0, 0
4205, 10, 450, 1157, 1, 0, 4.38%, 0, 1, 11, 564.71, 2193846, 2868, 0, 0
4210, 10, 650, 1157, 1, 0, 4.38%, 0, 1, 11, 721.13, 2197639, 2868, 0, 0
4215, 10, 318, 1157, 1, 0, 4.38%, 0, 1, 11, 775.95, 2201509, 2868, 0, 0
4220, 10, 1075, 1157, 1, 0, 4.38%, 0, 1, 11, 744.45, 2205327, 2868, 0, 0
4225, 10, 1075, 1157, 1, 0, 4.38%, 0, 1, 11, 730.52, 2208383, 2868, 0, 0
4230, 10, 483, 1157, 1, 0, 4.38%, 0, 1, 11, 64.68, 2211913, 2868, 0, 0
4236, 10, 432, 1157, 1, 0, 4.38%, 0, 1, 11, 727.27, 2215634, 2868, 0, 0
4241, 10, 1075, 1157, 1, 0, 4.38%, 0, 1, 11, 731.06, 2218381, 2868, 0, 0
4246, 10, 470, 1157, 1, 0, 4.38%, 0, 1, 11, 742.90, 2222164, 2868, 0, 0
4251, 10, 856, 1157, 1, 0, 4.38%, 0, 1, 11, 661.60, 2225594, 2868, 0, 0
4256, 10, 735, 1157, 1, 0, 4.38%, 0, 1, 11, 754.82, 2229472, 2868, 0, 0
4261, 10, 824, 1157, 1, 0, 4.38%, 0, 1, 11, 721.49, 2233060, 2868, 0, 0
4266, 10, 295, 1157, 1, 0, 4.38%, 0, 1, 11, 813.48, 2236907, 2868, 0, 0
4271, 10, 712, 1157, 1, 0, 4.38%, 0, 1, 11, 773.33, 2240568, 2868, 0, 0
4277, 10, 952, 1157, 1, 0, 4.38%, 0, 1, 11, 822.06, 2244441, 2868, 0, 0
4282, 11, 847, 1157, 1, 0, 4.38%, 0, 1, 11, 636.97, 2248028, 2868, 0, 0
4287, 11, 724, 1157, 1, 0, 4.38%, 0, 1, 11, 719.94, 2251538, 2868, 0, 0
4292, 11, 482, 1157, 1, 0, 4.38%, 0, 1, 11, 738.04, 2255081, 2868, 0, 0
4297, 11, 480, 1157, 1, 0, 4.38%, 0, 1, 11, 849.29, 2258934, 2868, 0, 0
4302, 11, 726, 1157, 1, 0, 4.38%, 0, 1, 11, 725.00, 2262047, 2868, 0, 0
4307, 11, 975, 1157, 1, 0, 4.38%, 0, 1, 11, 851.55, 2265598, 2868, 0, 0
4312, 11, 333, 1157, 1, 0, 4.38%, 0, 1, 11, 725.22, 2268988, 2868, 0, 0
4317, 11, 757, 1157, 1, 0, 4.38%, 0, 1, 11, 782.90, 2272749, 2868, 0, 0
4322, 11, 719, 1157, 1, 0, 4.38%, 0, 1, 11, 418.91, 2275914, 2868, 0, 0
4328, 11, 483, 1157, 1, 0, 4.38%, 0, 1, 11, 771.26, 2279496, 2868, 0, 0
4333, 11, 819, 1157, 1, 0, 4.38%, 0, 1, 11, 756.51, 2283271, 2868, 0, 0
4339, 11, 714, 1157, 1, 0, 4.38%, 0, 1, 11, 703.77, 2286699, 2868, 0, 0
4344, 11, 952, 1157, 1, 0, 4.38%, 0, 1, 11, 740.00, 2289664, 2868, 0, 0
4349, 11, 478, 1157, 1, 0, 4.38%, 0, 1, 11, 764.17, 2293596, 2868, 0, 0
4354, 11, 595, 1157, 1, 0, 4.38%, 0, 1, 11, 758.94, 2297177, 2868, 0, 0
4359, 11, 318, 1157, 1, 0, 4.38%, 0, 1, 11, 712.87, 2300662, 2868, 0, 0
4364, 11, 276, 1157, 1, 0, 4.38%, 0, 1, 11, 738.95, 2304455, 2868, 0, 0
4370, 11, 1154, 1157, 1, 0, 4.38%, 0, 1, 11, 817.38, 2308168, 2868, 0, 0
4375, 11, 460, 1157, 1, 0, 4.38%, 0, 1, 11, 770.67, 2311706, 2868, 0, 0
4380, 11, 156, 1157, 1, 0, 4.38%, 0, 1, 11, 786.07, 2315526, 2868, 0, 0
4385, 11, 1023, 1157, 1, 0, 4.38%, 0, 1, 11, 717.33, 2319115, 2868, 0, 0
4390, 11, 670, 1157, 1, 0, 4.38%, 0, 1, 11, 755.65, 2322907, 2868, 0, 0
4395, 11, 291, 1157, 1, 0, 4.38%, 0, 1, 11, 808.90, 2326381, 2868, 0, 0
4400, 11, 1146, 1157, 1, 0, 4.38%, 0, 1, 11, 630.25, 2329955, 2868, 0, 0
4405, 11, 73, 1157, 1, 0, 4.38%, 0, 1, 11, 716.90, 2333613, 2868, 0, 0
4410, 11, 847, 1157, 1, 0, 4.38%, 0, 1, 11, 710.47, 2337168, 2868, 0, 0
4416, 11, 1132, 1157, 1, 0, 4.38%, 0, 1, 11, 760.80, 2341968, 2868, 0, 0
4421, 11, 739, 1157, 1, 0, 4.38%, 0, 1, 11, 730.33, 2345499, 2868, 0, 0
4427, 11, 15, 1157, 1, 0, 4.38%, 0, 1, 11, 762.69, 2349438, 2868, 0, 0
4432, 11, 274, 1157, 1, 0, 4.38%, 0, 1, 11, 556.83, 2352983, 2868, 0, 0
4437, 11, 321, 1157, 1, 0, 4.38%, 0, 1, 11, 678.63, 2356573, 2868, 0, 0
4442, 11, 545, 1157, 1, 0, 4.38%, 0, 1, 11, 777.66, 2360333, 2868, 0, 0
4447, 11, 151, 1157, 1, 0, 4.38%, 0, 1, 11, 814.97, 2363751, 2868, 0, 0
4452, 11, 593, 1157, 1, 0, 4.38%, 0, 1, 11, 411.75, 2366161, 2868, 0, 0
4457, 11, 462, 1157, 1, 0, 4.38%, 0, 1, 11, 781.49, 2369732, 2868, 0, 0
4463, 11, 63, 1157, 1, 0, 4.38%, 0, 1, 11, 721.84, 2373155, 2868, 0, 0
4468, 11, 908, 1157, 1, 0, 4.38%, 0, 1, 11, 751.38, 2376983, 2868, 0, 0
4473, 11, 623, 1157, 1, 0, 4.38%, 0, 1, 11, 65.42, 2378573, 2868, 0, 0
4478, 11, 996, 1157, 1, 0, 4.38%, 0, 1, 11, 790.44, 2380532, 2868, 0, 0
4483, 11, 473, 1157, 0, 0, 4.38%, 0, 1, 11, 643.46, 2382686, 2868, 0, 0
4489, 11, 142, 1157, 0, 0, 4.38%, 0, 1, 11, 61.21, 2384828, 2868, 0, 0
4494, 11, 860, 1157, 0, 0, 4.38%, 0, 1, 11, 802.33, 2387871, 2868, 0, 0
4499, 11, 952, 1157, 0, 0, 4.38%, 0, 1, 11, 61.79, 2390703, 2868, 0, 0
4504, 11, 266, 1157, 0, 0, 4.38%, 0, 1, 11, 149.76, 2393391, 2868, 0, 0
4509, 11, 847, 1157, 0, 0, 4.38%, 0, 1, 11, 819.88, 2395683, 2868, 0, 0
4514, 11, 1152, 1157, 0, 0, 4.38%, 0, 1, 11, 551.14, 2397845, 2868, 0, 0
4519, 11, 78, 1157, 0, 0, 4.38%, 0, 1, 11, 762.44, 2400005, 2868, 0, 0
4525, 11, 430, 1157, 0, 0, 4.38%, 0, 1, 11, 614.73, 2402169, 2868, 0, 0
4530, 11, 1011, 1157, 0, 0, 4.38%, 0, 1, 11, 430.85, 2404136, 2868, 0, 0
4535, 11, 761, 1157, 0, 0, 4.38%, 0, 1, 11, 59.27, 2406253, 2868, 0, 0
4540, 11, 482, 1157, 0, 0, 4.38%, 0, 1, 11, 65.66, 2408590, 2868, 0, 0
4545, 12, 362, 1157, 0, 0, 4.38%, 0, 1, 11, 98.78, 2410790, 2868, 0, 0
4550, 12, 111, 1157, 0, 0, 4.38%, 0, 1, 11, 68.09, 2413244, 2868, 0, 0
4555, 12, 724, 1157, 0, 0, 4.38%, 0, 1, 11, 769.20, 2415497, 2868, 0, 0
4562, 12, 703, 1157, 0, 0, 4.38%, 0, 1, 11, 644.83, 2417206, 2868, 0, 0
4567, 12, 739, 1157, 0, 0, 4.38%, 0, 1, 11, 585.55, 2418358, 2868, 0, 0
4572, 12, 363, 1157, 0, 0, 4.38%, 0, 1, 11, 63.29, 2419974, 2868, 0, 0
4577, 12, 291, 1157, 0, 0, 4.38%, 0, 1, 11, 95.38, 2422491, 2868, 0, 0
4582, 12, 396, 1157, 0, 0, 4.38%, 0, 1, 11, 126.32, 2425148, 2868, 0, 0
4588, 12, 694, 1157, 0, 0, 4.38%, 0, 1, 11, 799.84, 2426085, 2868, 0, 0
4593, 12, 790, 1157, 0, 0, 4.38%, 0, 1, 11, 536.52, 2427255, 2868, 0, 0
4598, 12, 480, 1157, 0, 0, 4.38%, 0, 1, 11, 65.44, 2428848, 2868, 0, 0
4603, 12, 244, 1157, 0, 0, 4.38%, 0, 1, 11, 66.75, 2431300, 2868, 0, 0
4608, 12, 623, 1157, 0, 0, 4.38%, 0, 1, 11, 139.71, 2433720, 2868, 0, 0
4613, 12, 151, 1157, 0, 0, 4.38%, 0, 1, 11, 821.24, 2435366, 2868, 0, 0
4618, 12, 382, 1157, 0, 0, 4.38%, 0, 1, 11, 640.00, 2436654, 2868, 0, 0
4623, 12, 318, 1157, 0, 0, 4.38%, 0, 1, 11, 67.07, 2438571, 2868, 0, 0
4628, 12, 673, 1157, 0, 0, 4.38%, 0, 1, 11, 59.70, 2440825, 2868, 0, 0
4633, 12, 949, 1157, 0, 0, 4.38%, 0, 1, 11, 67.01, 2443137, 2868, 0, 0
4640, 12, 836, 1157, 0, 0, 4.38%, 0, 1, 11, 710.81, 2445164, 2868, 0, 0
4645, 12, 430, 1157, 0, 0, 4.38%, 0, 1, 11, 791.57, 2446874, 2868, 0, 0
4650, 12, 574, 1157, 0, 0, 4.38%, 0, 1, 11, 675.81, 2448255, 2868, 0, 0
4655, 12, 105, 1157, 0, 0, 4.38%, 0, 1, 11, 74.70, 2449906, 2868, 0, 0
4660, 12, 1024, 1157, 0, 0, 4.38%, 0, 1, 11, 58.88, 2451884, 2868, 0, 0
4665, 12, 1156, 1157, 0, 0, 4.38%, 0, 1, 11, 66.32, 2454127, 2868, 0, 0
4670, 12, 83, 1157, 0, 0, 4.38%, 0, 1, 11, 643.93, 2456104, 2868, 0, 0
4678, 12, 1062, 1157, 0, 0, 4.38%, 0, 1, 11, 636.06, 2458491, 2868, 0, 0
4683, 12, 811, 1157, 0, 0, 4.38%, 0, 1, 11, 841.72, 2460615, 2868, 0, 0
4688, 12, 1029, 1157, 0, 0, 4.38%, 0, 1, 11, 657.25, 2461901, 2868, 0, 0
4693, 12, 1129, 1157, 0, 0, 4.38%, 0, 1, 11, 470.00, 2463162, 2868, 0, 0
4698, 12, 273, 1157, 0, 0, 4.38%, 0, 1, 11, 68.28, 2465305, 2868, 0, 0
4703, 12, 770, 1157, 0, 0, 4.38%, 0, 1, 11, 67.25, 2467387, 2868, 0, 0
4708, 12, 978, 1157, 0, 0, 4.38%, 0, 1, 11, 65.31, 2469420, 2868, 0, 0
4713, 12, 700, 1157, 0, 0, 4.38%, 0, 1, 11, 829.85, 2471141, 2868, 0, 0
4719, 12, 479, 1157, 0, 0, 4.38%, 0, 1, 11, 798.65, 2472471, 2868, 0, 0
4724, 12, 274, 1157, 0, 0, 4.38%, 0, 1, 11, 66.35, 2473737, 2868, 0, 0
4729, 12, 1022, 1157, 0, 0, 4.38%, 0, 1, 11, 112.10, 2475739, 2868, 0, 0
4735, 12, 1051, 1157, 0, 0, 4.38%, 0, 1, 11, 63.78, 2477736, 2868, 0, 0
4740, 12, 416, 1157, 0, 0, 4.38%, 0, 1, 11, 65.39, 2479785, 2868, 0, 0
4745, 12, 712, 1157, 0, 0, 4.38%, 0, 1, 11, 67.03, 2481711, 2868, 0, 0
4751, 12, 339, 1157, 0, 0, 4.38%, 0, 1, 11, 543.50, 2483752, 2868, 0, 0
4756, 12, 476, 1157, 0, 0, 4.38%, 0, 1, 11, 68.08, 2485772, 2868, 0, 0
4762, 12, 479, 1157, 0, 0, 4.38%, 0, 1, 11, 640.23, 2487759, 2868, 0, 0
4767, 12, 1112, 1157, 0, 0, 4.38%, 0, 1, 11, 797.97, 2489143, 2868, 0, 0
4772, 12, 1068, 1157, 0, 0, 4.38%, 0, 1, 11, 819.62, 2490773, 2868, 0, 0
4778, 12, 524, 1157, 0, 0, 4.38%, 0, 1, 11, 72.19, 2491914, 2868, 0, 0
4783, 12, 545, 1157, 0, 0, 4.38%, 0, 1, 11, 102.05, 2494145, 2868, 0, 0
4788, 12, 332, 1157, 0, 0, 4.38%, 0, 1, 11, 67.52, 2496316, 2868, 0, 0
4793, 12, 828, 1157, 0, 0, 4.38%, 0, 1, 11, 681.36, 2498082, 2868, 0, 0
4798, 12, 893, 1157, 0, 0, 4.38%, 0, 1, 11, 579.39, 2498973, 2868, 0, 0
4805, 12, 191, 1157, 0, 0, 4.38%, 0, 1, 11, 84.55, 2501115, 2868, 0, 0
4810, 12, 957, 1157, 0, 0, 4.38%, 0, 1, 11, 92.72, 2502756, 2868, 0, 0
4815, 12, 479, 1157, 0, 0, 4.38%, 0, 1, 11, 65.51, 2504862, 2868, 0, 0
4820, 12, 648, 1157, 0, 0, 4.38%, 0, 1, 11, 545.00, 2506415, 2868, 0, 0
4825, 12, 994, 1157, 0, 0, 4.38%, 0, 1, 11, 806.28, 2507154, 2868, 0, 0
4830, 12, 483, 1157, 0, 0, 4.38%, 0, 1, 11, 74.05, 2508198, 2868, 0, 0
4836, 12, 770, 1162, 5, 0, 4.38%, 0, 1, 11, 65.24, 2510391, 2870, 0, 0
4841, 12, 831, 1181, 22, 0, 4.38%, 0, 1, 11, 801.75, 2512190, 2872, 0, 0
4846, 12, 826, 1181, 22, 0, 4.38%, 0, 1, 11, 831.68, 2513084, 2872, 0, 0
4851, 12, 860, 1181, 22, 0, 4.38%, 0, 1, 11, 65.67, 2515129, 2872, 0, 0
4856, 12, 333, 1181, 22, 0, 4.38%, 0, 1, 11, 66.92, 2517301, 2872, 0, 0
4861, 12, 63, 1181, 22, 0, 4.38%, 0, 1, 11, 690.91, 2519278, 2872, 0, 0
4866, 12, 1051, 1181, 22, 0, 4.38%, 0, 1, 11, 547.57, 2520436, 2872, 0, 0
4871, 12, 1013, 1181, 22, 0, 4.38%, 0, 1, 11, 83.69, 2521890, 2872, 0, 0
4876, 12, 1179, 1181, 22, 0, 4.38%, 0, 1, 11, 45.72, 2523748, 2872, 0, 0
4881, 12, 1179, 1182, 23, 0, 4.38%, 0, 1, 11, 47.62, 2525372, 2872, 0, 0
4887, 12, 1158, 1182, 22, 0, 4.38%, 0, 1, 11, 83.77, 2527410, 2872, 0, 0
4892, 12, 747, 1182, 21, 0, 4.38%, 0, 1, 11, 812.47, 2528704, 2872, 0, 0
4897, 12, 987, 1182, 21, 0, 4.38%, 0, 1, 11, 73.39, 2529968, 2872, 0, 0
4902, 12, 671, 1182, 20, 0, 4.38%, 0, 1, 11, 64.75, 2532141, 2872, 0, 0
4907, 12, 1158, 1182, 19, 0, 4.38%, 0, 1, 11, 68.56, 2534183, 2872, 0, 0
4912, 12, 1017, 1182, 19, 0, 4.38%, 0, 1, 11, 69.26, 2536241, 2872, 0, 0
4918, 12, 359, 1182, 19, 0, 4.38%, 0, 1, 11, 514.54, 2538142, 2872, 0, 0
4923, 12, 986, 1182, 19, 0, 4.38%, 0, 1, 11, 758.85, 2539373, 2872, 0, 0
4928, 12, 695, 1182, 19, 0, 4.38%, 0, 1, 11, 550.00, 2540590, 2872, 0, 0
4933, 12, 986, 1182, 19, 0, 4.38%, 0, 1, 11, 58.87, 2541606, 2872, 0, 0
4938, 12, 15, 1182, 19, 0, 4.38%, 0, 1, 11, 68.86, 2543774, 2872, 0, 0
4943, 12, 69, 1182, 19, 0, 4.38%, 0, 1, 11, 60.71, 2545700, 2872, 0, 0
4949, 12, 1017, 1182, 19, 0, 4.38%, 0, 1, 11, 817.50, 2547591, 2872, 0, 0
4955, 12, 393, 1182, 19, 0, 4.38%, 0, 1, 11, 497.93, 2548634, 2872, 0, 0
4960, 12, 617, 1182, 19, 0, 4.38%, 0, 1, 11, 759.58, 2549959, 2872, 0, 0
4965, 12, 860, 1182, 18, 0, 4.38%, 0, 1, 11, 808.49, 2551344, 2872, 0, 0
4970, 12, 453, 1182, 18, 0, 4.38%, 0, 1, 11, 63.68, 2552735, 2872, 0, 0
4975, 12, 294, 1182, 18, 0, 4.38%, 0, 1, 11, 66.16, 2554804, 2872, 0, 0
4982, 12, 1063, 1182, 18, 0, 4.38%, 0, 1, 11, 60.21, 2556894, 2872, 0, 0
4987, 12, 875, 1182, 18, 0, 4.38%, 0, 1, 11, 62.95, 2558865, 2872, 0, 0
4993, 12, 1181, 1182, 18, 0, 4.38%, 0, 1, 11, 43.61, 2560460, 2872, 0, 0
4998, 12, 1182, 1183, 18, 0, 4.38%, 0, 1, 11, 42.76, 2561930, 2872, 0, 0
5003, 12, 453, 1183, 17, 0, 4.38%, 0, 1, 11, 515.59, 2563716, 2872, 0, 0
5008, 12, 294, 1183, 17, 0, 4.38%, 0, 1, 11, 680.84, 2564832, 2872, 0, 0
5013, 12, 673, 1183, 17, 0, 4.38%, 0, 1, 11, 59.91, 2566198, 2872, 0, 0
5018, 12, 987, 1183, 17, 0, 4.38%, 0, 1, 11, 65.38, 2568204, 2872, 0, 0
5023, 12, 64, 1183, 17, 0, 4.38%, 0, 1, 11, 69.83, 2570132, 2872, 0, 0
5029, 12, 987, 1183, 17, 0, 4.38%, 0, 1, 11, 670.22, 2571547, 2872, 0, 0
5034, 12, 1180, 1183, 17, 0, 4.38%, 0, 1, 11, 62.87, 2572466, 2872, 0, 0
5039, 12, 858, 1183, 16, 0, 4.38%, 0, 1, 11, 58.03, 2574447, 2872, 0, 0
5044, 12, 739, 1183, 16, 0, 4.38%, 0, 1, 11, 134.80, 2576490, 2872, 0, 0
5049, 12, 856, 1183, 15, 0, 4.38%, 0, 1, 11, 810.64, 2578423, 2872, 0, 0
5054, 12, 577, 1183, 15, 0, 4.38%, 0, 1, 11, 473.66, 2579390, 2872, 0, 0
5059, 12, 63, 1183, 15, 0, 4.38%, 0, 1, 11, 68.07, 2580822, 2872, 0, 0
5064, 12, 832, 1183, 15, 0, 4.38%, 0, 1, 11, 60.89, 2582835, 2872, 0, 0
5069, 12, 422, 1183, 15, 0, 4.38%, 0, 1, 11, 63.79, 2584972, 2872, 0, 0
5074, 12, 273, 1183, 13, 0, 4.38%, 0, 1, 11, 805.10, 2586692, 2872, 0, 0
5080, 12, 771, 1183, 13, 0, 4.38%, 0, 1, 11, 835.59, 2587827, 2872, 0, 0
5085, 12, 941, 1183, 13, 0, 4.38%, 0, 1, 11, 65.85, 2589584, 2872, 0, 0
5090, 12, 1157, 1183, 13, 0, 4.38%, 0, 1, 11, 54.60, 2591591, 2872, 0, 0
5095, 13, 117, 1183, 12, 0, 4.38%, 0, 1, 11, 66.07, 2593569, 2872, 0, 0
5100, 13, 975, 1183, 12, 0, 4.38%, 0, 1, 11, 691.17, 2595250, 2872, 0, 0
5107, 13, 1164, 1183, 12, 0, 4.38%, 0, 1, 11, 750.80, 2597655, 2872, 0, 0
5112, 13, 1177, 1183, 11, 0, 4.38%, 0, 1, 11, 528.61, 2598670, 2872, 0, 0
5117, 13, 328, 1183, 10, 0, 4.38%, 0, 1, 11, 65.61, 2599862, 2872, 0, 0
5122, 13, 935, 1183, 10, 0, 4.38%, 0, 1, 11, 60.58, 2601650, 2872, 0, 0
5127, 13, 228, 1183, 10, 0, 4.38%, 0, 1, 11, 65.37, 2603617, 2872, 0, 0
5133, 13, 447, 1183, 10, 0, 4.38%, 0, 1, 11, 64.42, 2605640, 2872, 0, 0
5138, 13, 460, 1183, 10, 0, 4.38%, 0, 1, 11, 847.11, 2607458, 2872, 0, 0
5143, 13, 427, 1183, 10, 0, 4.38%, 0, 1, 11, 613.10, 2608776, 2872, 0, 0
5148, 13, 460, 1183, 10, 0, 4.38%, 0, 1, 11, 67.08, 2610144, 2872, 0, 0
5153, 13, 712, 1183, 10, 0, 4.38%, 0, 1, 11, 63.71, 2612164, 2872, 0, 0
5158, 13, 478, 1183, 9, 0, 4.38%, 0, 1, 11, 65.87, 2614103, 2872, 0, 0
5163, 13, 475, 1183, 9, 0, 4.38%, 0, 1, 11, 67.68, 2615726, 2872, 0, 0
5169, 13, 332, 1183, 9, 0, 4.38%, 0, 1, 11, 788.93, 2617593, 2872, 0, 0
5174, 13, 478, 1183, 9, 0, 4.38%, 0, 1, 11, 745.36, 2619005, 2872, 0, 0
5179, 13, 648, 1183, 9, 0, 4.38%, 0, 1, 11, 502.52, 2620425, 2872, 0, 0
5184, 13, 426, 1183, 9, 0, 4.38%, 0, 1, 11, 65.18, 2622055, 2872, 0, 0
5189, 13, 224, 1183, 8, 0, 4.38%, 0, 1, 11, 63.61, 2623948, 2872, 0, 0
5194, 13, 757, 1183, 8, 0, 4.38%, 0, 1, 11, 62.91, 2625662, 2872, 0, 0
5199, 13, 1023, 1183, 8, 0, 4.38%, 0, 1, 11, 59.48, 2627631, 2872, 0, 0
5204, 13, 476, 1183, 8, 0, 4.38%, 0, 1, 11, 619.59, 2629635, 2872, 0, 0
5210, 13, 483, 1183, 8, 0, 4.38%, 0, 1, 11, 781.42, 2630808, 2872, 0, 0
5215, 13, 35, 1183, 8, 0, 4.38%, 0, 1, 11, 844.04, 2632283, 2872, 0, 0
5220, 13, 775, 1183, 8, 0, 4.38%, 0, 1, 11, 66.51, 2633807, 2872, 0, 0
5225, 13, 1127, 1183, 8, 0, 4.38%, 0, 1, 11, 60.02, 2636095, 2872, 0, 0
5230, 13, 726, 1183, 8, 0, 4.38%, 0, 1, 11, 65.68, 2638043, 2872, 0, 0
5235, 13, 1017, 1183, 8, 0, 4.38%, 0, 1, 11, 769.70, 2639463, 2872, 0, 0
5241, 13, 952, 1183, 8, 0, 4.38%, 0, 1, 11, 64.09, 2640551, 2872, 0, 0
5246, 13, 975, 1183, 8, 0, 4.38%, 0, 1, 11, 73.21, 2642661, 2872, 0, 0
5251, 13, 975, 1183, 8, 0, 4.38%, 0, 1, 11, 67.16, 2644588, 2872, 0, 0
5256, 13, 480, 1183, 8, 0, 4.38%, 0, 1, 11, 815.73, 2646041, 2872, 0, 0
5261, 13, 1005, 1183, 8, 0, 4.38%, 0, 1, 11, 59.59, 2647005, 2872, 0, 0
5266, 13, 479, 1183, 8, 0, 4.38%, 0, 1, 11, 64.34, 2649137, 2872, 0, 0
5271, 13, 1170, 1183, 7, 0, 4.38%, 0, 1, 11, 96.92, 2651119, 2872, 0, 0
5276, 13, 423, 1183, 6, 0, 4.38%, 0, 1, 11, 705.09, 2652753, 2872, 0, 0
5281, 13, 478, 1183, 6, 0, 4.38%, 0, 1, 11, 693.33, 2653933, 2872, 0, 0
5286, 13, 1175, 1183, 6, 0, 4.38%, 0, 1, 11, 61.92, 2655414, 2872, 0, 0
5292, 13, 920, 1183, 5, 0, 4.38%, 0, 1, 11, 61.92, 2657408, 2872, 0, 0
5297, 13, 623, 1183, 5, 0, 4.38%, 0, 1, 11, 554.41, 2659616, 2872, 0, 0
5302, 13, 1163, 1183, 5, 0, 4.38%, 0, 1, 11, 439.19, 2660974, 2872, 0, 0
5307, 13, 61, 1183, 4, 0, 4.38%, 0, 1, 11, 62.52, 2662209, 2872, 0, 0
5312, 13, 1160, 1183, 4, 0, 4.38%, 0, 1, 11, 55.19, 2664306, 2872, 0, 0
5318, 13, 333, 1183, 3, 0, 4.38%, 0, 1, 11, 66.24, 2666055, 2872, 0, 0
5323, 13, 83, 1183, 3, 0, 4.38%, 0, 1, 11, 804.41, 2667975, 2872, 0, 0
5328, 13, 101, 1183, 3, 0, 4.38%, 0, 1, 11, 712.77, 2669042, 2872, 0, 0
5333, 13, 1059, 1183, 3, 0, 4.38%, 0, 1, 11, 66.62, 2670591, 2872, 0, 0
5338, 13, 423, 1183, 3, 0, 4.38%, 0, 1, 11, 66.32, 2672696, 2872, 0, 0
5343, 13, 453, 1183, 3, 0, 4.38%, 0, 1, 11, 65.12, 2674785, 2872, 0, 0
5348, 13, 1176, 1183, 3, 0, 4.38%, 0, 1, 11, 767.16, 2676174, 2872, 0, 0
5353, 13, 1065, 1183, 2, 0, 4.38%, 0, 1, 11, 472.00, 2677617, 2872, 0, 0
5358, 13, 903, 1183, 2, 0, 4.38%, 0, 1, 11, 46.38, 2678884, 2872, 0, 0
5363, 13, 381, 1183, 1, 0, 4.38%, 0, 1, 11, 66.02, 2680527, 2872, 0, 0
5369, 13, 767, 1183, 1, 0, 4.38%, 0, 1, 11, 64.68, 2682540, 2872, 0, 0
5374, 13, 691, 1183, 1, 0, 4.38%, 0, 1, 11, 75.37, 2684503, 2872, 0, 0
5379, 13, 984, 1183, 1, 0, 4.38%, 0, 1, 11, 794.73, 2686411, 2872, 0, 0
5384, 13, 48, 1183, 1, 0, 4.38%, 0, 1, 11, 792.30, 2688153, 2872, 0, 0
5390, 13, 908, 1183, 1, 0, 4.38%, 0, 1, 11, 799.84, 2689505, 2872, 0, 0
5395, 13, 747, 1183, 1, 0, 4.38%, 0, 1, 11, 75.59, 2690612, 2872, 0, 0
5400, 13, 419, 1183, 1, 0, 4.38%, 0, 1, 11, 60.01, 2692484, 2872, 0, 0
5405, 13, 996, 1183, 1, 0, 4.38%, 0, 1, 11, 66.08, 2694600, 2872, 0, 0
5410, 13, 1134, 1183, 1, 0, 4.38%, 0, 1, 11, 67.92, 2696542, 2872, 0, 0
5415, 13, 482, 1183, 1, 0, 4.38%, 0, 1, 11, 606.94, 2698390, 2872, 0, 0
5420, 13, 35, 1183, 1, 0, 4.38%, 0, 1, 11, 764.60, 2700037, 2872, 0, 0
5425, 13, 154, 1183, 1, 0, 4.38%, 0, 1, 11, 805.98, 2704121, 2872, 0, 0
5430, 13, 268, 1183, 1, 0, 4.38%, 0, 1, 11, 740.31, 2707667, 2872, 0, 0
5435, 13, 650, 1183, 1, 0, 4.38%, 0, 1, 11, 762.29, 2711573, 2872, 0, 0
5440, 13, 805, 1183, 1, 0, 4.38%, 0, 1, 11, 677.38, 2714887, 2872, 0, 0
5446, 13, 1149, 1183, 1, 0, 4.38%, 0, 1, 11, 558.54, 2717796, 2872, 0, 0
5451, 13, 994, 1183, 1, 0, 4.38%, 0, 1, 11, 690.28, 2721533, 2872, 0, 0
5456, 13, 630, 1183, 1, 0, 4.38%, 0, 1, 11, 732.00, 2725303, 2872, 0, 0
5461, 13, 1146, 1183, 1, 0, 4.38%, 0, 1, 11, 752.92, 2729138, 2872, 0, 0
5466, 13, 712, 1183, 1, 0, 4.38%, 0, 1, 11, 756.45, 2732798, 2872, 0, 0
5471, 13, 61, 1183, 1, 0, 4.38%, 0, 1, 11, 679.61, 2736222, 2872, 0, 0
5476, 13, 503, 1183, 1, 0, 4.38%, 0, 1, 11, 724.47, 2739715, 2872, 0, 0
5482, 13, 724, 1183, 1, 0, 4.38%, 0, 1, 11, 745.99, 2743523, 2872, 0, 0
5487, 13, 276, 1183, 1, 0, 4.38%, 0, 1, 11, 762.99, 2747335, 2872, 0, 0
5492, 13, 739, 1183, 1, 0, 4.38%, 0, 1, 11, 763.01, 2751263, 2872, 0, 0
5497, 13, 622, 1183, 1, 0, 4.38%, 0, 1, 11, 769.26, 2755180, 2872, 0, 0
5502, 13, 858, 1183, 0, 0, 4.38%, 0, 1, 11, 759.23, 2758896, 2872, 0, 0
5507, 13, 423, 1183, 0, 0, 4.38%, 0, 1, 11, 787.00, 2762772, 2872, 0, 0
5512, 13, 1017, 1183, 0, 0, 4.38%, 0, 1, 11, 699.24, 2766186, 2872, 0, 0
5518, 13, 78, 1183, 0, 0, 4.38%, 0, 1, 11, 744.73, 2770069, 2872, 0, 0
5523, 14, 856, 1183, 0, 0, 4.38%, 0, 1, 11, 771.00, 2773852, 2872, 0, 0
5528, 14, 660, 1183, 0, 0, 4.38%, 0, 1, 11, 799.39, 2777918, 2872, 0, 0
5533, 14, 1065, 1183, 0, 0, 4.38%, 0, 1, 11, 800.77, 2781943, 2872, 0, 0
5538, 14, 935, 1183, 0, 0, 4.38%, 0, 1, 11, 767.19, 2785772, 2872, 0, 0
5544, 14, 699, 1183, 0, 0, 4.38%, 0, 1, 11, 779.07, 2789463, 2872, 0, 0
5549, 14, 450, 1183, 0, 0, 4.38%, 0, 1, 11, 779.17, 2793497, 2872, 0, 0
5554, 14, 426, 1183, 0, 0, 4.38%, 0, 1, 11, 772.00, 2797442, 2872, 0, 0
5559, 14, 860, 1183, 0, 0, 4.38%, 0, 1, 11, 764.80, 2801212, 2872, 0, 0
5564, 14, 460, 1183, 0, 0, 4.38%, 0, 1, 11, 807.88, 2805377, 2872, 0, 0
5569, 14, 281, 1183, 0, 0, 4.38%, 0, 1, 11, 788.35, 2809279, 2872, 0, 0
5574, 14, 724, 1183, 0, 0, 4.38%, 0, 1, 11, 745.44, 2813032, 2872, 0, 0
5579, 14, 917, 1183, 0, 0, 4.38%, 0, 1, 11, 725.56, 2816927, 2872, 0, 0
5584, 14, 423, 1184, 1, 0, 4.38%, 0, 1, 11, 783.28, 2820977, 2872, 0, 0
5591, 14, 730, 1184, 1, 0, 4.38%, 0, 1, 11, 790.40, 2826119, 2872, 0, 0
5596, 14, 66, 1184, 1, 0, 4.38%, 0, 1, 11, 803.64, 2830175, 2872, 0, 0
5601, 14, 852, 1184, 1, 0, 4.38%, 0, 1, 11, 750.11, 2833794, 2872, 0, 0
5607, 14, 587, 1184, 1, 0, 4.38%, 0, 1, 11, 771.96, 2837936, 2872, 0, 0
5612, 14, 1183, 1184, 1, 0, 4.38%, 0, 1, 11, 726.50, 2841654, 2872, 0, 0
5617, 14, 747, 1184, 0, 0, 4.38%, 0, 1, 11, 779.82, 2845628, 2872, 0, 0
5622, 14, 488, 1184, 0, 0, 4.38%, 0, 1, 11, 775.86, 2849828, 2872, 0, 0
5628, 14, 438, 1184, 0, 0, 4.38%, 0, 1, 11, 810.08, 2854616, 2872, 0, 0
5633, 14, 447, 1184, 0, 0, 4.38%, 0, 1, 11, 758.22, 2858252, 2872, 0, 0
5638, 14, 148, 1184, 0, 0, 4.38%, 0, 1, 11, 797.72, 2862336, 2872, 0, 0
5643, 14, 831, 1184, 0, 0, 4.38%, 0, 1, 11, 784.35, 2866226, 2872, 0, 0
5648, 14, 790, 1184, 0, 0, 4.38%, 0, 1, 11, 813.64, 2870389, 2872, 0, 0
5653, 14, 482, 1184, 0, 0, 4.38%, 0, 1, 11, 823.40, 2874522, 2872, 0, 0
5658, 14, 318, 1184, 0, 0, 4.38%, 0, 1, 11, 775.50, 2878400, 2872, 0, 0
5664, 14, 148, 1184, 0, 0, 4.38%, 0, 1, 11, 750.13, 2882212, 2872, 0, 0
5669, 14, 1069, 1184, 0, 0, 4.38%, 0, 1, 11, 723.14, 2886048, 2872, 0, 0
5674, 14, 770, 1184, 0, 0, 4.38%, 0, 1, 11, 799.21, 2890125, 2872, 0, 0
5679, 14, 470, 1184, 0, 0, 4.38%, 0, 1, 11, 777.49, 2893974, 2872, 0, 0
5686, 14, 541, 1184, 0, 0, 4.38%, 0, 1, 11, 765.08, 2899220, 2872, 0, 0
5691, 14, 770, 1184, 0, 0, 4.38%, 0, 1, 11, 751.57, 2903001, 2872, 0, 0
5696, 14, 830, 1184, 0, 0, 4.38%, 0, 1, 11, 782.58, 2906934, 2872, 0, 0
5701, 14, 69, 1184, 0, 0, 4.38%, 0, 1, 11, 127.39, 2910589, 2872, 0, 0
5706, 14, 111, 1184, 0, 0, 4.38%, 0, 1, 11, 783.17, 2914374, 2872, 0, 0
5711, 14, 423, 1184, 0, 0, 4.38%, 0, 1, 11, 785.26, 2918366, 2872, 0, 0
5716, 14, 698, 1184, 0, 0, 4.38%, 0, 1, 11, 786.25, 2921628, 2872, 0, 0
5721, 14, 671, 1184, 0, 0, 4.38%, 0, 1, 11, 784.02, 2925455, 2872, 0, 0
5726, 14, 56, 1184, 0, 0, 4.38%, 0, 1, 11, 763.95, 2929122, 2872, 0, 0
5732, 14, 321, 1184, 0, 0, 4.38%, 0, 1, 11, 789.73, 2933252, 2872, 0, 0
5737, 14, 483, 1186, 2, 0, 4.38%, 0, 1, 11, 742.24, 2936756, 2872, 0, 0
5742, 15, 112, 1186, 2, 0, 4.38%, 0, 1, 11, 787.43, 2940788, 2872, 0, 0
5747, 15, 617, 1186, 2, 0, 4.38%, 0, 1, 11, 847.54, 2944335, 2872, 0, 0
5752, 15, 1185, 1187, 3, 0, 4.38%, 0, 1, 11, 654.67, 2947653, 2872, 0, 0
5757, 15, 125, 1187, 2, 0, 4.38%, 0, 1, 11, 771.30, 2951214, 2872, 0, 0
5762, 15, 975, 1187, 2, 0, 4.38%, 0, 1, 11, 803.44, 2955086, 2872, 0, 0
5767, 15, 375, 1187, 1, 0, 4.38%, 0, 1, 11, 671.78, 2958404, 2872, 0, 0
5772, 15, 934, 1187, 1, 0, 4.38%, 0, 1, 11, 753.07, 2962116, 2872, 0, 0
5777, 15, 482, 1187, 1, 0, 4.38%, 0, 1, 11, 479.73, 2965736, 2872, 0, 0
5783, 15, 724, 1187, 1, 0, 4.38%, 0, 1, 11, 707.55, 2969606, 2872, 0, 0
5788, 15, 273, 1188, 2, 0, 4.38%, 0, 1, 11, 71.75, 2973241, 2872, 0, 0
5793, 15, 238, 1188, 2, 0, 4.38%, 0, 1, 11, 562.88, 2976631, 2872, 0, 0
5798, 15, 35, 1188, 2, 0, 4.38%, 0, 1, 11, 700.89, 2980397, 2872, 0, 0
5804, 15, 1186, 1188, 2, 0, 4.38%, 0, 1, 11, 611.55, 2984110, 2872, 0, 0
5809, 15, 1187, 1188, 1, 0, 4.38%, 0, 1, 11, 681.32, 2987594, 2872, 0, 0
5815, 15, 995, 1189, 0, 0, 4.38%, 0, 1, 11, 660.42, 2991209, 2872, 0, 0
5820, 15, 909, 1189, 0, 0, 4.38%, 0, 1, 11, 177.60, 2994755, 2872, 0, 0
5825, 15, 480, 1189, 0, 0, 4.38%, 0, 1, 11, 567.93, 2998033, 2872, 0, 0
5830, 15, 697, 1189, 0, 0, 4.38%, 0, 1, 11, 726.42, 3001921, 2872, 0, 0
5835, 15, 61, 1189, 0, 0, 4.38%, 0, 1, 11, 778.96, 3005767, 2872, 0, 0
5840, 15, 375, 1189, 0, 0, 4.38%, 0, 1, 11, 787.12, 3009685, 2872, 0, 0
5845, 15, 1187, 1189, 0, 0, 4.38%, 0, 1, 11, 780.38, 3013152, 2872, 0, 0
5851, 15, 460, 1189, 0, 0, 4.38%, 0, 1, 11, 841.07, 3017071, 2872, 0, 0
5856, 15, 470, 1189, 0, 0, 4.38%, 0, 1, 11, 693.18, 3020774, 2872, 0, 0
5861, 15, 35, 1189, 0, 0, 4.38%, 0, 1, 11, 771.43, 3024682, 2872, 0, 0
5866, 15, 494, 1189, 0, 0, 4.38%, 0, 1, 11, 762.70, 3028344, 2872, 0, 0
5871, 15, 656, 1189, 0, 0, 4.38%, 0, 1, 11, 680.26, 3031898, 2872, 0, 0
5876, 15, 724, 1189, 0, 0, 4.38%, 0, 1, 11, 672.65, 3035638, 2872, 0, 0
5881, 15, 545, 1189, 0, 0, 4.38%, 0, 1, 11, 193.92, 3039275, 2872, 0, 0
5886, 15, 726, 1189, 0, 0, 4.38%, 0, 1, 11, 828.12, 3043186, 2872, 0, 0
5891, 15, 297, 1189, 0, 0, 4.38%, 0, 1, 11, 702.67, 3047153, 2872, 0, 0
5896, 15, 142, 1189, 0, 0, 4.38%, 0, 1, 11, 723.97, 3050834, 2872, 0, 0
5903, 15, 1060, 1189, 0, 0, 4.38%, 0, 1, 11, 741.80, 3055709, 2872, 0, 0
5908, 15, 952, 1189, 0, 0, 4.38%, 0, 1, 11, 743.75, 3059153, 2872, 0, 0
5913, 15, 1121, 1189, 0, 0, 4.38%, 0, 1, 11, 493.02, 3063024, 2872, 0, 0
5918, 15, 1075, 1189, 0, 0, 4.38%, 0, 1, 11, 828.78, 3066954, 2872, 0, 0
5924, 15, 34, 1189, 0, 0, 4.38%, 0, 1, 11, 785.27, 3070426, 2872, 0, 0
5929, 15, 881, 1189, 0, 0, 4.38%, 0, 1, 11, 727.04, 3074001, 2872, 0, 0
5934, 15, 571, 1190, 1, 0, 4.38%, 0, 1, 11, 754.44, 3077775, 2872, 0, 0
5939, 15, 430, 1190, 1, 0, 4.38%, 0, 1, 11, 248.48, 3081129, 2872, 0, 0
5944, 15, 650, 1191, 2, 0, 4.38%, 0, 1, 11, 617.13, 3084931, 2872, 0, 0
5949, 15, 622, 1191, 2, 0, 4.38%, 0, 1, 11, 783.69, 3088555, 2872, 0, 0
5954, 15, 450, 1191, 2, 0, 4.38%, 0, 1, 11, 697.49, 3092072, 2872, 0, 0
5959, 15, 34, 1191, 1, 0, 4.38%, 0, 1, 11, 685.24, 3095731, 2872, 0, 0
5964, 15, 1189, 1191, 1, 0, 4.38%, 0, 1, 11, 751.55, 3099646, 2872, 0, 0
5969, 15, 996, 1191, 0, 0, 4.38%, 0, 1, 11, 756.91, 3103320, 2872, 0, 0
5975, 15, 1152, 1191, 0, 0, 4.38%, 0, 1, 11, 800.55, 3107309, 2872, 0, 0
5980, 15, 69, 1191, 0, 0, 4.38%, 0, 1, 11, 794.69, 3110921, 2872, 0, 0
5985, 15, 131, 1191, 0, 0, 4.38%, 0, 1, 11, 832.24, 3114838, 2872, 0, 0
5990, 15, 414, 1191, 0, 0, 4.38%, 0, 1, 11, 761.36, 3117038, 2872, 0, 0
5995, 16, 893, 1191, 0, 0, 4.38%, 0, 1, 11, 749.84, 3120637, 2872, 0, 0
6000, 16, 775, 1191, 0, 0, 4.38%, 0, 1, 11, 734.84, 3124193, 2872, 0, 0
6005, 16, 739, 1191, 0, 0, 4.38%, 0, 1, 11, 543.81, 3127761, 2872, 0, 0
6010, 16, 389, 1191, 0, 0, 4.38%, 0, 1, 11, 67.61, 3128816, 2872, 0, 0
6015, 16, 726, 1191, 0, 0, 4.38%, 0, 1, 11, 664.00, 3130959, 2872, 0, 0
6020, 16, 623, 1191, 0, 0, 4.38%, 0, 1, 11, 637.66, 3133239, 2872, 0, 0
6026, 16, 426, 1191, 0, 0, 4.38%, 0, 1, 11, 78.50, 3135651, 2872, 0, 0
6031, 16, 1023, 1191, 0, 0, 4.38%, 0, 1, 11, 70.19, 3138429, 2872, 0, 0
6036, 16, 627, 1191, 0, 0, 4.38%, 0, 1, 11, 59.58, 3140449, 2872, 0, 0
6041, 16, 1226, 1228, 36, 4, 4.38%, 0, 1, 11, 597.16, 3143260, 2872, 0, 0
6046, 16, 1197, 1228, 33, 1, 4.38%, 0, 1, 11, 587.12, 3145354, 2872, 0, 0
6051, 16, 1208, 1229, 32, 0, 4.38%, 0, 1, 11, 652.03, 3147279, 2872, 0, 0
6056, 16, 75, 1229, 31, 0, 4.38%, 0, 1, 11, 640.00, 3148975, 2872, 0, 0
6062, 16, 1196, 1229, 31, 0, 4.38%, 0, 1, 11, 69.89, 3151619, 2872, 0, 0
6067, 16, 731, 1230, 31, 0, 4.38%, 0, 1, 11, 89.84, 3154198, 2872, 0, 0
6072, 16, 389, 1230, 30, 0, 4.38%, 0, 1, 11, 67.63, 3156464, 2872, 0, 0
6077, 16, 1205, 1230, 30, 0, 4.38%, 0, 1, 11, 778.92, 3158469, 2872, 0, 0
6082, 16, 781, 1230, 29, 0, 4.38%, 0, 1, 11, 585.24, 3160319, 2872, 0, 0
6087, 16, 290, 1230, 28, 0, 4.38%, 0, 1, 11, 809.80, 3162031, 2872, 0, 0
6093, 16, 1216, 1230, 28, 0, 4.38%, 0, 1, 11, 47.59, 3163778, 2872, 0, 0
6098, 16, 1216, 1230, 28, 0, 4.38%, 0, 1, 11, 33.58, 3165097, 2872, 0, 0
6103, 16, 1007, 1230, 27, 0, 4.38%, 0, 1, 11, 67.40, 3166446, 2872, 0, 0
6108, 16, 648, 1230, 26, 0, 4.38%, 0, 1, 11, 775.05, 3168730, 2872, 0, 0
6113, 16, 138, 1230, 26, 0, 4.38%, 0, 1, 11, 852.80, 3170457, 2872, 0, 0
6118, 16, 1200, 1230, 25, 0, 4.38%, 0, 1, 11, 865.00, 3171792, 2872, 0, 0
6123, 16, 1214, 1230, 23, 0, 4.38%, 0, 1, 11, 39.12, 3173595, 2872, 0, 0
6128, 16, 1214, 1230, 23, 0, 4.38%, 0, 1, 11, 49.42, 3174868, 2872, 0, 0
6133, 16, 225, 1230, 22, 0, 4.38%, 0, 1, 11, 91.72, 3177096, 2872, 0, 0
6138, 16, 850, 1230, 22, 0, 4.38%, 0, 1, 11, 805.36, 3178906, 2872, 0, 0
6143, 16, 1201, 1230, 22, 0, 4.38%, 0, 1, 11, 310.72, 3180088, 2872, 0, 0
6148, 16, 1201, 1230, 22, 0, 4.38%, 0, 1, 11, 44.74, 3181512, 2872, 0, 0
6154, 16, 104, 1230, 21, 0, 4.38%, 0, 1, 11, 64.45, 3183792, 2872, 0, 0
6159, 16, 432, 1230, 20, 0, 4.38%, 0, 1, 11, 65.94, 3185612, 2872, 0, 0
6164, 16, 276, 1230, 20, 0, 4.38%, 0, 1, 11, 814.68, 3187582, 2872, 0, 0
6169, 16, 650, 1230, 20, 0, 4.38%, 0, 1, 11, 421.17, 3188787, 2872, 0, 0
6174, 16, 423, 1230, 20, 0, 4.38%, 0, 1, 11, 68.62, 3190545, 2872, 0, 0
6179, 16, 847, 1230, 20, 0, 4.38%, 0, 1, 11, 64.37, 3192717, 2872, 0, 0
6184, 16, 419, 1230, 20, 0, 4.38%, 0, 1, 11, 65.64, 3194427, 2872, 0, 0
6190, 16, 1215, 1230, 20, 0, 4.38%, 0, 1, 11, 428.86, 3195740, 2872, 0, 0
6195, 16, 1215, 1230, 20, 0, 4.38%, 0, 1, 11, 472.33, 3196626, 2872, 0, 0
6200, 16, 1213, 1230, 19, 0, 4.38%, 0, 1, 11, 682.66, 3197687, 2872, 0, 0
6205, 16, 994, 1230, 17, 0, 4.38%, 0, 1, 11, 63.14, 3199127, 2872, 0, 0
6212, 16, 942, 1230, 17, 0, 4.38%, 0, 1, 11, 65.28, 3201449, 2872, 0, 0
6217, 16, 333, 1230, 17, 0, 4.38%, 0, 1, 11, 66.64, 3202964, 2872, 0, 0
6222, 16, 96, 1230, 17, 0, 4.38%, 0, 1, 11, 66.60, 3205009, 2872, 0, 0
6227, 16, 73, 1230, 17, 0, 4.38%, 0, 1, 11, 68.88, 3207194, 2872, 0, 0
6232, 16, 53, 1230, 17, 0, 4.38%, 0, 1, 11, 77.15, 3207850, 2872, 0, 0
6237, 16, 684, 1230, 17, 0, 4.38%, 0, 1, 11, 655.64, 3209706, 2872, 0, 0
6243, 16, 416, 1230, 16, 0, 4.38%, 0, 1, 11, 824.78, 3210967, 2872, 0, 0
6248, 16, 549, 1230, 16, 0, 4.38%, 0, 1, 11, 845.00, 3212375, 2872, 0, 0
6253, 16, 642, 1230, 16, 0, 4.38%, 0, 1, 11, 42.13, 3213913, 2872, 0, 0
6258, 16, 379, 1230, 16, 0, 4.38%, 0, 1, 11, 64.95, 3215873, 2872, 0, 0
6263, 16, 258, 1230, 15, 0, 4.38%, 0, 1, 11, 63.30, 3217789, 2872, 0, 0
6268, 16, 21, 1230, 15, 0, 4.38%, 0, 1, 11, 78.79, 3219772, 2872, 0, 0
6274, 16, 1192, 1230, 15, 0, 4.38%, 0, 1, 11, 576.12, 3221568, 2872, 0, 0
6279, 16, 1199, 1230, 13, 0, 4.38%, 0, 1, 11, 742.33, 3223259, 2872, 0, 0
6284, 16, 1199, 1230, 13, 0, 4.38%, 0, 1, 11, 412.94, 3224003, 2872, 0, 0
6290, 16, 987, 1230, 12, 0, 4.38%, 0, 1, 11, 65.96, 3225902, 2872, 0, 0
6295, 16, 563, 1230, 12, 0, 4.38%, 0, 1, 11, 67.85, 3228136, 2872, 0, 0
6300, 16, 1111, 1230, 12, 0, 4.38%, 0, 1, 11, 732.60, 3230317, 2872, 0, 0
6305, 16, 362, 1230, 12, 0, 4.38%, 0, 1, 11, 877.81, 3231205, 2872, 0, 0
6310, 16, 673, 1230, 12, 0, 4.38%, 0, 1, 11, 64.39, 3233197, 2872, 0, 0
6315, 16, 1073, 1230, 12, 0, 4.38%, 0, 1, 11, 43.13, 3234719, 2872, 0, 0
6320, 16, 613, 1230, 11, 0, 4.38%, 0, 1, 11, 79.33, 3236720, 2872, 0, 0
6325, 16, 318, 1230, 11, 0, 4.38%, 0, 1, 11, 845.82, 3238002, 2872, 0, 0
6330, 16, 1206, 1230, 11, 0, 4.38%, 0, 1, 11, 59.02, 3239180, 2872, 0, 0
6336, 16, 1023, 1230, 10, 0, 4.38%, 0, 1, 11, 67.85, 3241115, 2872, 0, 0
6341, 16, 61, 1230, 9, 0, 4.38%, 0, 1, 11, 68.51, 3243146, 2872, 0, 0
6346, 16, 483, 1230, 9, 0, 4.38%, 0, 1, 11, 825.88, 3245258, 2872, 0, 0
6353, 16, 1159, 1230, 9, 0, 4.38%, 0, 1, 11, 821.41, 3247460, 2872, 0, 0
6358, 16, 225, 1230, 9, 0, 4.38%, 0, 1, 11, 659.60, 3248836, 2872, 0, 0
6363, 16, 1210, 1230, 9, 0, 4.38%, 0, 1, 11, 42.07, 3249820, 2872, 0, 0
6368, 16, 1210, 1230, 9, 0, 4.38%, 0, 1, 11, 34.55, 3251057, 2872, 0, 0
6374, 16, 1210, 1230, 9, 0, 4.38%, 0, 1, 11, 43.49, 3252180, 2872, 0, 0
6379, 16, 25, 1230, 8, 0, 4.38%, 0, 1, 11, 752.15, 3254232, 2872, 0, 0
6384, 16, 1224, 1230, 8, 0, 4.38%, 0, 1, 11, 831.96, 3255501, 2872, 0, 0
6389, 16, 1226, 1230, 7, 0, 4.38%, 0, 1, 11, 67.04, 3256668, 2872, 0, 0
6394, 16, 1201, 1230, 7, 0, 4.38%, 0, 1, 11, 62.06, 3258839, 2872, 0, 0
6399, 16, 934, 1230, 7, 0, 4.38%, 0, 1, 11, 62.25, 3261017, 2872, 0, 0
6404, 16, 712, 1230, 7, 0, 4.38%, 0, 1, 11, 809.37, 3262997, 2872, 0, 0
6411, 16, 1229, 1230, 7, 0, 4.38%, 0, 1, 11, 478.10, 3265085, 2872, 0, 0
6416, 16, 106, 1230, 6, 0, 4.38%, 0, 1, 11, 641.62, 3266607, 2872, 0, 0
6421, 16, 289, 1230, 6, 0, 4.38%, 0, 1, 11, 851.14, 3268010, 2872, 0, 0
6426, 16, 739, 1230, 5, 0, 4.38%, 0, 1, 11, 65.78, 3269494, 2872, 0, 0
6431, 16, 432, 1230, 5, 0, 4.38%, 0, 1, 11, 66.13, 3271561, 2872, 0, 0
6437, 16, 379, 1230, 5, 0, 4.38%, 0, 1, 11, 61.30, 3273562, 2872, 0, 0
6442, 16, 1204, 1230, 5, 0, 4.38%, 0, 1, 11, 478.40, 3275575, 2872, 0, 0
6447, 16, 208, 1230, 4, 0, 4.38%, 0, 1, 11, 53.10, 3277536, 2872, 0, 0
6452, 16, 952, 1230, 4, 0, 4.38%, 0, 1, 11, 633.92, 3279097, 2872, 0, 0
6457, 16, 394, 1230, 4, 0, 4.38%, 0, 1, 11, 514.31, 3280509, 2872, 0, 0
6463, 16, 881, 1230, 4, 0, 4.38%, 0, 1, 11, 88.48, 3281827, 2872, 0, 0
6468, 16, 500, 1230, 4, 0, 4.38%, 0, 1, 11, 47.72, 3283570, 2872, 0, 0
6473, 16, 244, 1230, 4, 0, 4.38%, 0, 1, 11, 66.57, 3285600, 2872, 0, 0
6478, 16, 1023, 1230, 4, 0, 4.38%, 0, 1, 11, 59.35, 3287591, 2872, 0, 0
6483, 16, 931, 1230, 4, 0, 4.38%, 0, 1, 11, 41.96, 3289122, 2872, 0, 0
6488, 16, 479, 1230, 4, 0, 4.38%, 0, 1, 11, 665.30, 3290936, 2872, 0, 0
6493, 16, 895, 1230, 4, 0, 4.38%, 0, 1, 11, 640.36, 3291771, 2872, 0, 0
6498, 16, 1212, 1230, 4, 0, 4.38%, 0, 1, 11, 50.54, 3293124, 2872, 0, 0
6503, 16, 186, 1230, 3, 0, 4.38%, 0, 1, 11, 67.14, 3294807, 2872, 0, 0
6508, 16, 113, 1230, 3, 0, 4.38%, 0, 1, 11, 57.90, 3297094, 2872, 0, 0
6514, 16, 1211, 1230, 3, 0, 4.38%, 0, 1, 11, 709.17, 3299048, 2872, 0, 0
6519, 16, 934, 1230, 2, 0, 4.38%, 0, 1, 11, 567.20, 3300031, 2872, 0, 0
6524, 16, 994, 1230, 2, 0, 4.38%, 0, 1, 11, 60.44, 3301503, 2872, 0, 0
6529, 16, 950, 1230, 2, 0, 4.38%, 0, 1, 11, 55.94, 3303487, 2872, 0, 0
6534, 16, 739, 1230, 2, 0, 4.38%, 0, 1, 11, 595.56, 3305714, 2872, 0, 0
6539, 16, 370, 1230, 2, 0, 4.38%, 0, 1, 11, 608.16, 3306698, 2872, 0, 0
6544, 16, 715, 1230, 2, 0, 4.38%, 0, 1, 11, 52.98, 3308396, 2872, 0, 0
6549, 16, 1225, 1230, 2, 0, 4.38%, 0, 1, 11, 67.30, 3310418, 2872, 0, 0
6554, 16, 1073, 1230, 2, 0, 4.38%, 0, 1, 11, 67.88, 3312256, 2872, 0, 0
6559, 16, 938, 1230, 2, 0, 4.38%, 0, 1, 11, 609.77, 3313533, 2872, 0, 0
6565, 16, 483, 1230, 2, 0, 4.38%, 0, 1, 11, 64.59, 3314676, 2872, 0, 0
6570, 16, 542, 1230, 2, 0, 4.38%, 0, 1, 11, 79.03, 3316616, 2872, 0, 0
6575, 16, 372, 1230, 2, 0, 4.38%, 0, 1, 11, 114.18, 3318864, 2872, 0, 0
6580, 16, 613, 1230, 2, 0, 4.38%, 0, 1, 11, 817.42, 3320754, 2872, 0, 0
6585, 16, 952, 1230, 2, 0, 4.38%, 0, 1, 11, 852.65, 3321687, 2872, 0, 0
6590, 16, 744, 1230, 2, 0, 4.38%, 0, 1, 11, 65.04, 3323587, 2872, 0, 0
6595, 17, 581, 1230, 2, 0, 4.38%, 0, 1, 11, 64.10, 3325648, 2872, 0, 0
6600, 17, 863, 1230, 2, 0, 4.38%, 0, 1, 11, 68.38, 3327756, 2872, 0, 0
6606, 17, 650, 1230, 2, 0, 4.38%, 0, 1, 11, 666.78, 3329139, 2872, 0, 0
6611, 17, 430, 1230, 2, 0, 4.38%, 0, 1, 11, 875.00, 3330369, 2872, 0, 0
6616, 17, 712, 1230, 2, 0, 4.38%, 0, 1, 11, 67.20, 3332253, 2872, 0, 0
6621, 17, 480, 1230, 2, 0, 4.38%, 0, 1, 11, 67.20, 3334175, 2872, 0, 0
6626, 17, 902, 1230, 2, 0, 4.38%, 0, 1, 11, 41.80, 3335598, 2872, 0, 0
6631, 17, 987, 1230, 2, 0, 4.38%, 0, 1, 11, 782.51, 3337143, 2872, 0, 0
6636, 17, 195, 1230, 2, 0, 4.38%, 0, 1, 11, 506.72, 3338327, 2872, 0, 0
6641, 17, 275, 1230, 2, 0, 4.38%, 0, 1, 11, 53.56, 3340224, 2872, 0, 0
6646, 17, 1198, 1230, 2, 0, 4.38%, 0, 1, 11, 61.70, 3342335, 2872, 0, 0
6651, 17, 482, 1230, 1, 0, 4.38%, 0, 1, 11, 811.10, 3344248, 2872, 0, 0
6657, 17, 860, 1230, 1, 0, 4.38%, 0, 1, 11, 601.15, 3345531, 2872, 0, 0
6662, 17, 328, 1230, 1, 0, 4.38%, 0, 1, 11, 655.00, 3346803, 2872, 0, 0
6667, 17, 876, 1230, 1, 0, 4.38%, 0, 1, 11, 64.35, 3348648, 2872, 0, 0
6672, 17, 770, 1230, 1, 0, 4.38%, 0, 1, 11, 66.60, 3350339, 2872, 0, 0
6677, 17, 648, 1230, 1, 0, 4.38%, 0, 1, 11, 67.69, 3352380, 2872, 0, 0
6682, 17, 107, 1230, 1, 0, 4.38%, 0, 1, 11, 65.78, 3354297, 2872, 0, 0
6687, 17, 1051, 1230, 1, 0, 4.38%, 0, 1, 11, 835.86, 3356031, 2872, 0, 0
6692, 17, 864, 1230, 1, 0, 4.38%, 0, 1, 11, 687.78, 3357189, 2872, 0, 0
6697, 17, 368, 1230, 1, 0, 4.38%, 0, 1, 11, 66.13, 3358472, 2872, 0, 0
6703, 17, 478, 1230, 1, 0, 4.38%, 0, 1, 11, 67.87, 3360444, 2872, 0, 0
6708, 17, 104, 1230, 1, 0, 4.38%, 0, 1, 11, 67.23, 3362480, 2872, 0, 0
6713, 17, 1225, 1230, 1, 0, 4.38%, 0, 1, 11, 84.64, 3364310, 2872, 0, 0
6718, 17, 291, 1230, 1, 0, 4.38%, 0, 1, 11, 66.67, 3366293, 2872, 0, 0
6725, 17, 1199, 1230, 1, 0, 4.38%, 0, 1, 11, 461.62, 3368025, 2872, 0, 0
6730, 17, 799, 1230, 1, 0, 4.38%, 0, 1, 11, 99.53, 3369886, 2872, 0, 0
6735, 17, 671, 1230, 1, 0, 4.38%, 0, 1, 11, 516.91, 3371315, 2872, 0, 0
6740, 17, 1059, 1230, 1, 0, 4.38%, 0, 1, 11, 67.09, 3372384, 2872, 0, 0
6745, 17, 491, 1230, 1, 0, 4.38%, 0, 1, 11, 67.19, 3374602, 2872, 0, 0
6750, 17, 842, 1230, 1, 0, 4.38%, 0, 1, 11, 64.81, 3376771, 2872, 0, 0
6756, 17, 563, 1230, 1, 0, 4.38%, 0, 1, 11, 816.29, 3377912, 2872, 0, 0
6761, 17, 93, 1230, 1, 0, 4.38%, 0, 1, 11, 65.85, 3379367, 2872, 0, 0
6766, 17, 366, 1230, 1, 0, 4.38%, 0, 1, 11, 66.19, 3381517, 2872, 0, 0
6771, 17, 855, 1230, 1, 0, 4.38%, 0, 1, 11, 65.57, 3383734, 2872, 0, 0
6776, 17, 430, 1230, 1, 0, 4.38%, 0, 1, 11, 856.96, 3385410, 2872, 0, 0
6783, 17, 851, 1230, 1, 0, 4.38%, 0, 1, 11, 757.72, 3387659, 2872, 0, 0
6788, 17, 563, 1230, 1, 0, 4.38%, 0, 1, 11, 855.00, 3388545, 2872, 0, 0
6793, 17, 453, 1230, 1, 0, 4.38%, 0, 1, 11, 65.19, 3390524, 2872, 0, 0
6798, 17, 303, 1230, 1, 0, 4.38%, 0, 1, 11, 67.38, 3392749, 2872, 0, 0
6803, 17, 1217, 1230, 1, 0, 4.38%, 0, 1, 11, 672.83, 3394434, 2872, 0, 0
6809, 17, 1217, 1230, 1, 0, 4.38%, 0, 1, 11, 408.48, 3395040, 2872, 0, 0
6814, 17, 224, 1230, 0, 0, 4.38%, 0, 1, 11, 64.83, 3396345, 2872, 0, 0
6819, 17, 234, 1230, 0, 0, 4.38%, 0, 1, 11, 119.56, 3398359, 2872, 0, 0
6824, 17, 324, 1230, 0, 0, 4.38%, 0, 1, 11, 67.71, 3400483, 2872, 0, 0
6829, 17, 484, 1230, 0, 0, 4.38%, 0, 1, 11, 541.80, 3402271, 2872, 0, 0
6834, 17, 986, 1230, 0, 0, 4.38%, 0, 1, 11, 760.84, 3403451, 2872, 0, 0
6839, 17, 303, 1230, 0, 0, 4.38%, 0, 1, 11, 77.43, 3405572, 2872, 0, 0
6844, 17, 648, 1230, 0, 0, 4.38%, 0, 1, 11, 74.59, 3408066, 2872, 0, 0
6851, 17, 750, 1230, 0, 0, 4.38%, 0, 1, 11, 630.47, 3410260, 2872, 0, 0
6856, 17, 482, 1230, 0, 0, 4.38%, 0, 1, 11, 689.04, 3412279, 2872, 0, 0
6861, 17, 860, 1230, 0, 0, 4.38%, 0, 1, 11, 970.37, 3413534, 2872, 0, 0
6866, 17, 757, 1230, 0, 0, 4.38%, 0, 1, 11, 77.74, 3415181, 2872, 0, 0
6871, 17, 673, 1230, 0, 0, 4.38%, 0, 1, 11, 118.15, 3417459, 2872, 0, 0
6876, 17, 952, 1230, 0, 0, 4.38%, 0, 1, 11, 68.13, 3419841, 2872, 0, 0
6881, 17, 650, 1230, 0, 0, 4.38%, 0, 1, 11, 836.13, 3421644, 2872, 0, 0
6887, 17, 599, 1230, 0, 0, 4.38%, 0, 1, 11, 793.63, 3423158, 2872, 0, 0
6892, 17, 563, 1230, 0, 0, 4.38%, 0, 1, 11, 940.00, 3424747, 2872, 0, 0
6897, 17, 1152, 1230, 0, 0, 4.38%, 0, 1, 11, 71.60, 3426770, 2872, 0, 0
6902, 17, 324, 1230, 0, 0, 4.38%, 0, 1, 11, 75.82, 3429189, 2872, 0, 0
6907, 17, 332, 1230, 0, 0, 4.38%, 0, 1, 11, 76.86, 3431456, 2872, 0, 0
6912, 17, 381, 1230, 0, 0, 4.38%, 0, 1, 11, 868.18, 3433863, 2872, 0, 0
6917, 17, 199, 1231, 1, 0, 4.38%, 0, 1, 11, 953.66, 3438192, 2872, 0, 0
6922, 17, 844, 1231, 1, 0, 4.38%, 0, 1, 11, 930.21, 3442824, 2872, 0, 0
6927, 17, 131, 1231, 1, 0, 4.38%, 0, 1, 11, 892.01, 3447341, 2872, 0, 0
6933, 17, 740, 1231, 1, 0, 4.38%, 0, 1, 11, 809.81, 3451411, 2872, 0, 0
6938, 17, 432, 1231, 1, 0, 4.38%, 0, 1, 11, 794.73, 3455379, 2872, 0, 0
6943, 17, 770, 1231, 1, 0, 4.38%, 0, 1, 11, 847.42, 3459643, 2872, 0, 0
6949, 17, 1230, 1232, 2, 0, 4.38%, 0, 1, 11, 892.95, 3465260, 2872, 0, 0
6954, 17, 93, 1232, 1, 0, 4.38%, 0, 1, 11, 896.04, 3469915, 2872, 0, 0
6959, 17, 695, 1232, 1, 0, 4.38%, 0, 1, 11, 809.25, 3473778, 2872, 0, 0
6964, 17, 926, 1232, 1, 0, 4.38%, 0, 1, 11, 806.96, 3477636, 2872, 0, 0
6970, 17, 987, 1232, 1, 0, 4.38%, 0, 1, 11, 737.77, 3481347, 2872, 0, 0
6975, 17, 94, 1232, 1, 0, 4.38%, 0, 1, 11, 808.16, 3485261, 2872, 0, 0
6980, 17, 975, 1232, 1, 0, 4.38%, 0, 1, 11, 896.01, 3489942, 2872, 0, 0
6985, 17, 1218, 1232, 1, 0, 4.38%, 0, 1, 11, 885.36, 3494466, 2872, 0, 0
6990, 17, 1059, 1232, 1, 0, 4.38%, 0, 1, 11, 903.52, 3499069, 2872, 0, 0
6995, 17, 430, 1232, 1, 0, 4.38%, 0, 1, 11, 861.09, 3503356, 2872, 0, 0
7000, 17, 673, 1232, 1, 0, 4.38%, 0, 1, 11, 895.00, 3507932, 2872, 0, 0
7005, 18, 794, 1232, 1, 0, 4.38%, 0, 1, 11, 869.41, 3512460, 2872, 0, 0
7010, 18, 770, 1232, 1, 0, 4.38%, 0, 1, 11, 876.71, 3515895, 2872, 0, 0
7015, 18, 831, 1232, 1, 0, 4.38%, 0, 1, 11, 847.50, 3520054, 2872, 0, 0
7021, 18, 1012, 1232, 1, 0, 4.38%, 0, 1, 11, 885.29, 3524655, 2872, 0, 0
7026, 18, 949, 1232, 1, 0, 4.38%, 0, 1, 11, 889.77, 3529100, 2872, 0, 0
7032, 18, 1231, 1232, 1, 0, 4.38%, 0, 1, 11, 873.40, 3534940, 2872, 0, 0
7037, 18, 971, 1232, 0, 0, 4.38%, 0, 1, 11, 867.75, 3539214, 2872, 0, 0
7042, 18, 726, 1232, 0, 0, 4.38%, 0, 1, 11, 904.45, 3543779, 2872, 0, 0
7048, 18, 290, 1232, 0, 0, 4.38%, 0, 1, 11, 936.72, 3548695, 2872, 0, 0
7054, 18, 912, 1232, 0, 0, 4.38%, 0, 1, 11, 939.11, 3554871, 2872, 0, 0
7060, 18, 844, 1232, 0, 0, 4.38%, 0, 1, 11, 834.48, 3559000, 2872, 0, 0
7065, 18, 802, 1232, 0, 0, 4.38%, 0, 1, 11, 901.85, 3563787, 2872, 0, 0
7070, 18, 105, 1232, 0, 0, 4.38%, 0, 1, 11, 896.29, 3568151, 2872, 0, 0
7075, 18, 712, 1232, 0, 0, 4.38%, 0, 1, 11, 955.24, 3572666, 2872, 0, 0
7080, 18, 328, 1232, 0, 0, 4.38%, 0, 1, 11, 908.93, 3577092, 2872, 0, 0
7085, 18, 416, 1232, 0, 0, 4.38%, 0, 1, 11, 854.92, 3580487, 2872, 0, 0
7090, 18, 394, 1232, 0, 0, 4.38%, 0, 1, 11, 913.24, 3585112, 2872, 0, 0
7095, 18, 450, 1232, 0, 0, 4.38%, 0, 1, 11, 918.82, 3589825, 2872, 0, 0
7100, 18, 831, 1232, 0, 0, 4.38%, 0, 1, 11, 894.52, 3594191, 2872, 0, 0
7105, 18, 1065, 1232, 0, 0, 4.38%, 0, 1, 11, 880.11, 3597506, 2872, 0, 0
7111, 18, 1094, 1232, 0, 0, 4.38%, 0, 1, 11, 871.43, 3601930, 2872, 0, 0
7116, 18, 835, 1232, 0, 0, 4.38%, 0, 1, 11, 892.64, 3606516, 2872, 0, 0
7121, 18, 375, 1232, 0, 0, 4.38%, 0, 1, 11, 850.26, 3610588, 2872, 0, 0
7126, 18, 225, 1232, 0, 0, 4.38%, 0, 1, 11, 894.66, 3615157, 2872, 0, 0
7131, 18, 479, 1232, 0, 0, 4.38%, 0, 1, 11, 883.48, 3619380, 2872, 0, 0
7136, 18, 1152, 1232, 0, 0, 4.38%, 0, 1, 11, 918.96, 3624182, 2872, 0, 0
7141, 18, 998, 1232, 0, 0, 4.38%, 0, 1, 11, 844.86, 3628400, 2872, 0, 0
7146, 18, 460, 1232, 0, 0, 4.38%, 0, 1, 11, 857.99, 3631510, 2872, 0, 0
7151, 18, 321, 1232, 0, 0, 4.38%, 0, 1, 11, 917.98, 3636162, 2872, 0, 0
7156, 18, 49, 1232, 0, 0, 4.38%, 0, 1, 11, 912.44, 3640865, 2872, 0, 0
7161, 18, 460, 1232, 0, 0, 4.38%, 0, 1, 11, 856.92, 3645209, 2872, 0, 0
7167, 18, 166, 1232, 0, 0, 4.38%, 0, 1, 11, 898.73, 3649401, 2872, 0, 0
7172, 18, 975, 1232, 0, 0, 4.38%, 0, 1, 11, 934.04, 3654095, 2872, 0, 0
7177, 18, 46, 1232, 0, 0, 4.38%, 0, 1, 11, 916.94, 3658690, 2872, 0, 0
7182, 18, 390, 1232, 0, 0, 4.38%, 0, 1, 11, 847.48, 3663243, 2872, 0, 0
7187, 18, 898, 1232, 0, 0, 4.38%, 0, 1, 11, 880.07, 3667763, 2872, 0, 0
7192, 18, 323, 1232, 0, 0, 4.38%, 0, 1, 11, 800.38, 3670881, 2872, 0, 0
7198, 18, 571, 1232, 0, 0, 4.38%, 0, 1, 11, 889.34, 3675630, 2872, 0, 0
7203, 18, 416, 1232, 0, 0, 4.38%, 0, 1, 11, 860.10, 3680024, 2872, 0, 0
7208, 19, 580, 1232, 0, 0, 4.38%, 0, 1, 11, 838.71, 3684235, 2872, 0, 0
7213, 19, 476, 1232, 0, 0, 4.38%, 0, 1, 11, 928.28, 3689038, 2872, 0, 0
7219, 19, 521, 1232, 0, 0, 4.38%, 0, 1, 11, 893.15, 3693438, 2872, 0, 0
7224, 19, 478, 1232, 0, 0, 4.38%, 0, 1, 11, 791.22, 3697258, 2872, 0, 0
7229, 19, 831, 1232, 0, 0, 4.38%, 0, 1, 11, 881.81, 3701792, 2872, 0, 0
7234, 19, 106, 1232, 0, 0, 4.38%, 0, 1, 11, 970.43, 3706054, 2872, 0, 0
7239, 19, 343, 1232, 0, 0, 4.38%, 0, 1, 11, 900.14, 3710406, 2872, 0, 0
7245, 19, 1257, 1258, 23, 3, 4.41%, 0, 1, 11, 831.14, 3714520, 2893, 0, 0
7250, 19, 1256, 1263, 26, 1, 4.42%, 0, 1, 11, 793.40, 3718244, 2897, 0, 0
7255, 19, 1256, 1265, 28, 1, 4.43%, 0, 1, 11, 816.90, 3722410, 2903, 0, 0
7260, 19, 1256, 1265, 28, 1, 4.43%, 0, 1, 11, 856.53, 3726378, 2903, 0, 0
7265, 19, 1266, 1273, 33, 4, 4.43%, 0, 1, 11, 825.24, 3730398, 2904, 0, 0
7270, 19, 1243, 1274, 28, 0, 4.43%, 0, 1, 11, 470.00, 3733446, 2904, 0, 0
7275, 19, 1243, 1274, 28, 0, 4.43%, 0, 1, 11, 439.70, 3735554, 2904, 0, 0
7280, 19, 648, 1274, 26, 0, 4.43%, 0, 1, 11, 876.26, 3739608, 2904, 0, 0
7285, 19, 1149, 1275, 26, 0, 4.43%, 0, 1, 11, 782.49, 3743306, 2904, 0, 0
7291, 19, 864, 1275, 24, 0, 4.43%, 0, 1, 11, 783.65, 3747252, 2904, 0, 0
7296, 19, 660, 1276, 23, 0, 4.43%, 0, 1, 11, 885.54, 3751755, 2904, 0, 0
7301, 19, 648, 1276, 21, 0, 4.43%, 0, 1, 11, 804.74, 3755647, 2904, 0, 0
7306, 19, 1173, 1276, 20, 0, 4.43%, 0, 1, 11, 963.95, 3760153, 2904, 0, 0
7311, 19, 1245, 1276, 19, 0, 4.43%, 0, 1, 11, 891.42, 3764633, 2904, 0, 0
7316, 19, 482, 1276, 17, 0, 4.43%, 0, 1, 11, 545.94, 3768111, 2904, 0, 0
7321, 19, 447, 1276, 16, 0, 4.43%, 0, 1, 11, 772.64, 3772299, 2904, 0, 0
7326, 19, 438, 1276, 15, 0, 4.43%, 0, 1, 11, 890.98, 3776454, 2904, 0, 0
7331, 19, 1276, 1277, 15, 0, 4.43%, 0, 1, 11, 939.40, 3780576, 2904, 0, 0
7336, 19, 856, 1277, 14, 0, 4.43%, 0, 1, 11, 937.86, 3784674, 2904, 0, 0
7341, 19, 1076, 1277, 13, 0, 4.43%, 0, 1, 11, 894.00, 3788624, 2904, 0, 0
7346, 19, 660, 1277, 11, 0, 4.43%, 0, 1, 11, 912.50, 3792702, 2904, 0, 0
7352, 19, 987, 1277, 10, 0, 4.43%, 0, 1, 11, 928.11, 3797413, 2904, 0, 0
7357, 19, 678, 1278, 11, 0, 4.43%, 0, 1, 11, 72.46, 3801465, 2904, 0, 0
7362, 19, 1095, 1279, 10, 0, 4.43%, 0, 1, 11, 797.04, 3805773, 2904, 0, 0
7367, 19, 432, 1279, 10, 0, 4.43%, 0, 1, 11, 873.24, 3810077, 2904, 0, 0
7372, 19, 870, 1279, 10, 0, 4.43%, 0, 1, 11, 897.31, 3814584, 2904, 0, 0
7377, 19, 426, 1279, 8, 0, 4.43%, 0, 1, 11, 849.22, 3818213, 2904, 0, 0
7382, 19, 1225, 1279, 6, 0, 4.43%, 0, 1, 11, 985.98, 3822441, 2904, 0, 0
7388, 19, 290, 1279, 6, 0, 4.43%, 0, 1, 11, 872.29, 3826705, 2904, 0, 0
7393, 19, 673, 1279, 4, 0, 4.43%, 0, 1, 11, 861.47, 3830858, 2904, 0, 0
7400, 19, 662, 1279, 3, 0, 4.43%, 0, 1, 11, 680.76, 3836474, 2904, 0, 0
7405, 19, 450, 1279, 3, 0, 4.43%, 0, 1, 11, 921.92, 3840820, 2904, 0, 0
7410, 19, 842, 1279, 3, 0, 4.43%, 0, 1, 11, 857.56, 3845207, 2904, 0, 0
7416, 19, 920, 1279, 3, 0, 4.43%, 0, 1, 11, 937.64, 3849522, 2904, 0, 0
7421, 19, 549, 1279, 3, 0, 4.43%, 0, 1, 11, 890.96, 3853818, 2904, 0, 0
7427, 19, 493, 1279, 3, 0, 4.43%, 0, 1, 11, 959.86, 3858844, 2904, 0, 0
7432, 19, 920, 1279, 3, 0, 4.43%, 0, 1, 11, 873.15, 3863315, 2904, 0, 0
7438, 19, 43, 1279, 3, 0, 4.43%, 0, 1, 11, 814.94, 3867377, 2904, 0, 0
7443, 19, 479, 1279, 3, 0, 4.43%, 0, 1, 11, 945.98, 3871240, 2904, 0, 0
7448, 19, 987, 1279, 3, 0, 4.43%, 0, 1, 11, 889.66, 3875479, 2904, 0, 0
7453, 19, 938, 1279, 3, 0, 4.43%, 0, 1, 11, 870.78, 3879746, 2904, 0, 0
7459, 19, 882, 1279, 2, 0, 4.43%, 0, 1, 11, 848.65, 3884607, 2904, 0, 0
7464, 19, 323, 1279, 2, 0, 4.43%, 0, 1, 11, 851.75, 3889018, 2904, 0, 0
7469, 20, 757, 1279, 2, 0, 4.43%, 0, 1, 11, 832.44, 3893352, 2904, 0, 0
7475, 20, 1256, 1279, 2, 0, 4.43%, 0, 1, 11, 923.67, 3897525, 2904, 0, 0
7480, 20, 963, 1279, 2, 0, 4.43%, 0, 1, 11, 180.22, 3900601, 2904, 0, 0
7485, 20, 151, 1279, 2, 0, 4.43%, 0, 1, 11, 922.29, 3904631, 2904, 0, 0
7490, 20, 83, 1279, 2, 0, 4.43%, 0, 1, 11, 943.67, 3908801, 2904, 0, 0
7495, 20, 430, 1279, 2, 0, 4.43%, 0, 1, 11, 928.48, 3912955, 2904, 0, 0
7500, 20, 732, 1279, 1, 0, 4.43%, 0, 1, 11, 915.83, 3917321, 2904, 0, 0
7505, 20, 1193, 1279, 0, 0, 4.43%, 0, 1, 11, 809.41, 3920658, 2904, 0, 0
7510, 20, 1274, 1279, 0, 0, 4.43%, 0, 1, 11, 892.65, 3925237, 2904, 0, 0
7516, 20, 908, 1279, 0, 0, 4.43%, 0, 1, 11, 993.18, 3928907, 2904, 0, 0
7521, 20, 125, 1279, 0, 0, 4.43%, 0, 1, 11, 805.31, 3933422, 2904, 0, 0
7526, 20, 450, 1279, 0, 0, 4.43%, 0, 1, 11, 892.43, 3937306, 2904, 0, 0
7531, 20, 852, 1279, 0, 0, 4.43%, 0, 1, 11, 74.87, 3938924, 2904, 0, 0
7536, 20, 996, 1279, 0, 0, 4.43%, 0, 1, 11, 976.30, 3940898, 2904, 0, 0
7541, 20, 860, 1279, 0, 0, 4.43%, 0, 1, 11, 77.46, 3943797, 2904, 0, 0
7546, 20, 56, 1279, 0, 0, 4.43%, 0, 1, 11, 63.57, 3946849, 2904, 0, 0
7551, 20, 460, 1279, 0, 0, 4.43%, 0, 1, 11, 79.49, 3950191, 2904, 0, 0
7557, 20, 723, 1279, 0, 0, 4.43%, 0, 1, 11, 701.69, 3953054, 2904, 0, 0
7563, 20, 244, 1279, 0, 0, 4.43%, 0, 1, 11, 822.13, 3956424, 2904, 0, 0
7568, 20, 271, 1279, 0, 0, 4.43%, 0, 1, 11, 652.78, 3958413, 2904, 0, 0
7573, 20, 613, 1279, 0, 0, 4.43%, 0, 1, 11, 925.07, 3960430, 2904, 0, 0
7578, 20, 855, 1279, 0, 0, 4.43%, 0, 1, 11, 76.45, 3963319, 2904, 0, 0
7583, 20, 439, 1279, 0, 0, 4.43%, 0, 1, 11, 73.96, 3966388, 2904, 0, 0
7588, 20, 107, 1279, 0, 0, 4.43%, 0, 1, 11, 818.71, 3969242, 2904, 0, 0
7593, 20, 65, 1279, 0, 0, 4.43%, 0, 1, 11, 894.46, 3971213, 2904, 0, 0
7598, 20, 938, 1279, 0, 0, 4.43%, 0, 1, 11, 555.00, 3973212, 2904, 0, 0
7603, 20, 1103, 1279, 0, 0, 4.43%, 0, 1, 11, 75.88, 3976037, 2904, 0, 0
7608, 20, 712, 1279, 0, 0, 4.43%, 0, 1, 11, 79.49, 3978949, 2904, 0, 0
7613, 20, 276, 1279, 0, 0, 4.43%, 0, 1, 11, 77.72, 3981770, 2904, 0, 0
7618, 20, 1279, 1280, 1, 1, 4.43%, 0, 1, 11, 736.42, 3983708, 2906, 0, 0
7623, 20, 426, 1280, 0, 0, 4.43%, 0, 1, 11, 883.25, 3985628, 2906, 0, 0
7629, 20, 251, 1280, 0, 0, 4.43%, 0, 1, 11, 97.17, 3987626, 2906, 0, 0
7634, 20, 97, 1280, 0, 0, 4.43%, 0, 1, 11, 77.32, 3990394, 2906, 0, 0
7639, 20, 478, 1280, 0, 0, 4.43%, 0, 1, 11, 79.83, 3993209, 2906, 0, 0
7644, 20, 617, 1280, 0, 0, 4.43%, 0, 1, 11, 71.43, 3995971, 2906, 0, 0
7649, 20, 1209, 1280, 0, 0, 4.43%, 0, 1, 11, 866.45, 3998125, 2906, 0, 0
7655, 20, 567, 1280, 0, 0, 4.43%, 0, 1, 11, 822.87, 3999839, 2906, 0, 0
7660, 20, 575, 1280, 0, 0, 4.43%, 0, 1, 11, 105.35, 4001763, 2906, 0, 0
7665, 20, 648, 1280, 0, 0, 4.43%, 0, 1, 11, 71.26, 4004263, 2906, 0, 0
7671, 20, 974, 1280, 0, 0, 4.43%, 0, 1, 11, 925.87, 4006959, 2906, 0, 0
7676, 20, 1276, 1280, 0, 0, 4.43%, 0, 1, 11, 76.58, 4009593, 2906, 0, 0
7681, 20, 699, 1280, 0, 0, 4.43%, 0, 1, 11, 762.43, 4011733, 2906, 0, 0
7686, 20, 916, 1280, 0, 0, 4.43%, 0, 1, 11, 891.27, 4012964, 2906, 0, 0
7691, 20, 346, 1280, 0, 0, 4.43%, 0, 1, 11, 61.10, 4014641, 2906, 0, 0
7696, 20, 53, 1280, 0, 0, 4.43%, 0, 1, 11, 48.91, 4016901, 2906, 0, 0
7701, 20, 673, 1280, 0, 0, 4.43%, 0, 1, 11, 61.91, 4019232, 2906, 0, 0
7706, 20, 291, 1280, 0, 0, 4.43%, 0, 1, 11, 564.19, 4020970, 2906, 0, 0
7713, 20, 1044, 1280, 0, 0, 4.43%, 0, 1, 11, 822.04, 4023770, 2906, 0, 0
7718, 20, 847, 1280, 0, 0, 4.43%, 0, 1, 11, 837.58, 4025014, 2906, 0, 0
7723, 20, 845, 1280, 0, 0, 4.43%, 0, 1, 11, 79.77, 4026686, 2906, 0, 0
7728, 20, 726, 1280, 0, 0, 4.43%, 0, 1, 11, 69.73, 4028915, 2906, 0, 0
7733, 20, 111, 1280, 0, 0, 4.43%, 0, 1, 11, 71.08, 4031269, 2906, 0, 0
7740, 20, 575, 1280, 0, 0, 4.43%, 0, 1, 11, 712.93, 4033560, 2906, 0, 0
7745, 20, 938, 1280, 0, 0, 4.43%, 0, 1, 11, 114.01, 4035464, 2906, 0, 0
7750, 20, 151, 1280, 0, 0, 4.43%, 0, 1, 11, 809.84, 4037486, 2906, 0, 0
7755, 20, 842, 1280, 0, 0, 4.43%, 0, 1, 11, 771.08, 4038934, 2906, 0, 0
7761, 20, 825, 1280, 0, 0, 4.43%, 0, 1, 11, 875.00, 4040737, 2906, 0, 0
7766, 20, 117, 1280, 0, 0, 4.43%, 0, 1, 11, 66.57, 4042326, 2906, 0, 0
7771, 20, 1252, 1280, 0, 0, 4.43%, 0, 1, 11, 113.53, 4044570, 2906, 0, 0
7776, 20, 106, 1280, 0, 0, 4.43%, 0, 1, 11, 97.67, 4046705, 2906, 0, 0
7781, 20, 745, 1280, 0, 0, 4.43%, 0, 1, 11, 76.29, 4048590, 2906, 0, 0
7786, 20, 887, 1280, 0, 0, 4.43%, 0, 1, 11, 435.09, 4050576, 2906, 0, 0
7791, 20, 476, 1280, 0, 0, 4.43%, 0, 1, 11, 702.11, 4052375, 2906, 0, 0
7796, 20, 852, 1280, 0, 0, 4.43%, 0, 1, 11, 908.00, 4053860, 2906, 0, 0
7802, 20, 225, 1280, 0, 0, 4.43%, 0, 1, 11, 66.95, 4055170, 2906, 0, 0
7807, 20, 1146, 1280, 0, 0, 4.43%, 0, 1, 11, 68.99, 4057492, 2906, 0, 0
7812, 20, 450, 1280, 0, 0, 4.43%, 0, 1, 11, 69.65, 4059777, 2906, 0, 0
7817, 20, 847, 1280, 0, 0, 4.43%, 0, 1, 11, 847.73, 4061487, 2906, 0, 0
7822, 20, 648, 1280, 0, 0, 4.43%, 0, 1, 11, 505.89, 4062727, 2906, 0, 0
7828, 20, 527, 1280, 0, 0, 4.43%, 0, 1, 11, 67.35, 4064996, 2906, 0, 0
7834, 20, 563, 1280, 0, 0, 4.43%, 0, 1, 11, 65.64, 4067336, 2906, 0, 0
7839, 20, 142, 1280, 0, 0, 4.43%, 0, 1, 11, 88.38, 4069543, 2906, 0, 0
7844, 20, 1181, 1280, 0, 0, 4.43%, 0, 1, 11, 712.48, 4071167, 2906, 0, 0
7849, 20, 1256, 1280, 0, 0, 4.43%, 0, 1, 11, 65.68, 4072221, 2906, 0, 0
7854, 21, 151, 1280, 0, 0, 4.43%, 0, 1, 11, 65.64, 4074541, 2906, 0, 0
7859, 21, 567, 1280, 0, 0, 4.43%, 0, 1, 11, 66.70, 4076755, 2906, 0, 0
7864, 21, 91, 1280, 0, 0, 4.43%, 0, 1, 11, 701.71, 4078721, 2906, 0, 0
7869, 21, 724, 1280, 0, 0, 4.43%, 0, 1, 11, 723.38, 4079624, 2906, 0, 0
7874, 21, 758, 1280, 0, 0, 4.43%, 0, 1, 11, 49.46, 4081388, 2906, 0, 0
7879, 21, 990, 1280, 0, 0, 4.43%, 0, 1, 11, 71.93, 4083675, 2906, 0, 0
7885, 21, 483, 1280, 0, 0, 4.43%, 0, 1, 11, 811.56, 4085990, 2906, 0, 0
7890, 21, 952, 1280, 0, 0, 4.43%, 0, 1, 11, 735.20, 4087005, 2906, 0, 0
7895, 21, 908, 1280, 0, 0, 4.43%, 0, 1, 11, 62.66, 4088648, 2906, 0, 0
7900, 21, 1256, 1280, 0, 0, 4.43%, 0, 1, 11, 58.53, 4090914, 2906, 0, 0
7905, 21, 709, 1280, 0, 0, 4.43%, 0, 1, 11, 62.59, 4093002, 2906, 0, 0
7910, 21, 333, 1280, 0, 0, 4.43%, 0, 1, 11, 861.51, 4095198, 2906, 0, 0
7915, 21, 952, 1280, 0, 0, 4.43%, 0, 1, 11, 772.98, 4096459, 2906, 0, 0
7920, 21, 485, 1280, 0, 0, 4.43%, 0, 1, 11, 97.18, 4097719, 2906, 0, 0
7925, 21, 849, 1280, 0, 0, 4.43%, 0, 1, 11, 65.47, 4099966, 2906, 0, 0
7931, 21, 1075, 1280, 0, 0, 4.43%, 0, 1, 11, 69.46, 4102155, 2906, 0, 0
7937, 21, 401, 1280, 0, 0, 4.43%, 0, 1, 11, 150.00, 4104488, 2906, 0, 0
7942, 21, 987, 1280, 0, 0, 4.43%, 0, 1, 11, 124.06, 4106767, 2906, 0, 0
7947, 21, 483, 1280, 0, 0, 4.43%, 0, 1, 11, 703.18, 4108399, 2906, 0, 0
7952, 21, 1279, 1280, 0, 0, 4.43%, 0, 1, 11, 914.19, 4109926, 2906, 0, 0
7957, 21, 473, 1280, 0, 0, 4.43%, 0, 1, 11, 71.03, 4111576, 2906, 0, 0
7962, 21, 1235, 1280, 0, 0, 4.43%, 0, 1, 11, 73.60, 4113631, 2906, 0, 0
7968, 21, 567, 1280, 0, 0, 4.43%, 0, 1, 11, 72.16, 4115769, 2906, 0, 0
7973, 21, 544, 1280, 0, 0, 4.43%, 0, 1, 11, 790.25, 4117509, 2906, 0, 0
7978, 21, 1051, 1280, 0, 0, 4.43%, 0, 1, 11, 576.67, 4119586, 2906, 0, 0
7983, 21, 243, 1280, 0, 0, 4.43%, 0, 1, 11, 896.11, 4121160, 2906, 0, 0
7988, 21, 712, 1280, 0, 0, 4.43%, 0, 1, 11, 822.00, 4122522, 2906, 0, 0
7993, 21, 375, 1280, 0, 0, 4.43%, 0, 1, 11, 69.06, 4124130, 2906, 0, 0
7998, 21, 249, 1280, 0, 0, 4.43%, 0, 1, 11, 71.27, 4126252, 2906, 0, 0
8004, 21, 1214, 1280, 0, 0, 4.43%, 0, 1, 11, 106.62, 4128309, 2906, 0, 0
8009, 21, 644, 1280, 0, 0, 4.43%, 0, 1, 11, 83.33, 4130290, 2906, 0, 0
8014, 21, 664, 1280, 0, 0, 4.43%, 0, 1, 11, 581.74, 4132300, 2906, 0, 0
8019, 21, 479, 1280, 0, 0, 4.43%, 0, 1, 11, 859.49, 4133992, 2906, 0, 0
8025, 21, 1223, 1280, 0, 0, 4.43%, 0, 1, 11, 859.00, 4136028, 2906, 0, 0
8030, 21, 1152, 1280, 0, 0, 4.43%, 0, 1, 11, 902.41, 4137389, 2906, 0, 0
8036, 21, 463, 1280, 0, 0, 4.43%, 0, 1, 11, 64.79, 4139319, 2906, 0, 0
8041, 21, 271, 1280, 0, 0, 4.43%, 0, 1, 11, 68.84, 4141594, 2906, 0, 0
8046, 21, 125, 1280, 0, 0, 4.43%, 0, 1, 11, 861.03, 4143915, 2906, 0, 0
8051, 21, 658, 1280, 0, 0, 4.43%, 0, 1, 11, 736.41, 4144745, 2906, 0, 0
8057, 21, 1016, 1280, 0, 0, 4.43%, 0, 1, 11, 70.68, 4146631, 2906, 0, 0
8062, 21, 847, 1280, 0, 0, 4.43%, 0, 1, 11, 70.91, 4148899, 2906, 0, 0
8068, 21, 832, 1280, 0, 0, 4.43%, 0, 1, 11, 68.04, 4151269, 2906, 0, 0
8073, 21, 934, 1280, 0, 0, 4.43%, 0, 1, 11, 865.15, 4152972, 2906, 0, 0
8078, 21, 379, 1280, 0, 0, 4.43%, 0, 1, 11, 403.34, 4154012, 2906, 0, 0
8083, 21, 271, 1280, 0, 0, 4.43%, 0, 1, 11, 65.78, 4155710, 2906, 0, 0
8088, 21, 1235, 1280, 0, 0, 4.43%, 0, 1, 11, 71.53, 4157981, 2906, 0, 0
8093, 21, 890, 1280, 0, 0, 4.43%, 0, 1, 11, 813.60, 4159826, 2906, 0, 0
8100, 21, 499, 1280, 0, 0, 4.43%, 0, 1, 11, 611.88, 4161627, 2906, 0, 0
8105, 21, 568, 1280, 0, 0, 4.43%, 0, 1, 11, 70.25, 4162733, 2906, 0, 0
8110, 21, 66, 1280, 0, 0, 4.43%, 0, 1, 11, 78.56, 4164946, 2906, 0, 0
8115, 21, 427, 1280, 0, 0, 4.43%, 0, 1, 11, 64.72, 4167167, 2906, 0, 0
8120, 21, 908, 1280, 0, 0, 4.43%, 0, 1, 11, 891.65, 4169258, 2906, 0, 0
8125, 21, 470, 1280, 0, 0, 4.43%, 0, 1, 11, 529.92, 4170171, 2906, 0, 0
8130, 21, 1244, 1280, 0, 0, 4.43%, 0, 1, 11, 69.78, 4172034, 2906, 0, 0
8135, 21, 842, 1281, 1, 0, 4.43%, 0, 1, 11, 69.92, 4174222, 2906, 0, 0
8140, 21, 921, 1281, 1, 0, 4.43%, 0, 1, 11, 416.36, 4176015, 2906, 0, 0
8145, 21, 482, 1281, 1, 0, 4.43%, 0, 1, 11, 832.96, 4177204, 2906, 0, 0
8150, 21, 15, 1281, 1, 0, 4.43%, 0, 1, 11, 87.28, 4178553, 2906, 0, 0
8155, 21, 420, 1281, 1, 0, 4.43%, 0, 1, 11, 67.96, 4180808, 2906, 0, 0
8161, 21, 1193, 1281, 1, 0, 4.43%, 0, 1, 11, 64.15, 4182993, 2906, 0, 0
8166, 21, 830, 1281, 1, 0, 4.43%, 0, 1, 11, 102.56, 4185324, 2906, 0, 0
8172, 21, 1220, 1281, 1, 0, 4.43%, 0, 1, 11, 753.59, 4187234, 2906, 0, 0
8177, 21, 460, 1281, 1, 0, 4.43%, 0, 1, 11, 850.93, 4188585, 2906, 0, 0
8182, 21, 698, 1281, 1, 0, 4.43%, 0, 1, 11, 53.99, 4189649, 2906, 0, 0
8187, 21, 476, 1281, 1, 0, 4.43%, 0, 1, 11, 76.68, 4191519, 2906, 0, 0
8192, 21, 389, 1281, 1, 0, 4.43%, 0, 1, 11, 71.54, 4193597, 2906, 0, 0
8197, 21, 709, 1281, 1, 0, 4.43%, 0, 1, 11, 67.75, 4195636, 2906, 0, 0
8202, 21, 1221, 1281, 1, 0, 4.43%, 0, 1, 11, 70.29, 4197409, 2906, 0, 0
8207, 21, 483, 1281, 1, 0, 4.43%, 0, 1, 11, 902.16, 4199351, 2906, 0, 0
8213, 21, 406, 1281, 1, 0, 4.43%, 0, 1, 11, 509.13, 4200833, 2906, 0, 0
8218, 21, 96, 1281, 1, 0, 4.43%, 0, 1, 11, 820.00, 4202253, 2906, 0, 0
8223, 21, 156, 1281, 1, 0, 4.43%, 0, 1, 11, 70.69, 4204162, 2906, 0, 0
8228, 21, 450, 1281, 1, 0, 4.43%, 0, 1, 11, 70.72, 4206187, 2906, 0, 0
8233, 21, 986, 1281, 0, 0, 4.43%, 0, 1, 11, 61.19, 4208163, 2906, 0, 0
8238, 21, 19, 1281, 0, 0, 4.43%, 0, 1, 11, 124.68, 4210076, 2906, 0, 0
8243, 21, 951, 1281, 0, 0, 4.43%, 0, 1, 11, 874.52, 4211793, 2906, 0, 0
8248, 21, 447, 1281, 0, 0, 4.43%, 0, 1, 11, 559.52, 4213017, 2906, 0, 0
8253, 21, 1111, 1281, 0, 0, 4.43%, 0, 1, 11, 66.26, 4214595, 2906, 0, 0
8258, 21, 1279, 1281, 0, 0, 4.43%, 0, 1, 11, 71.28, 4216906, 2906, 0, 0
8263, 21, 1226, 1281, 0, 0, 4.43%, 0, 1, 11, 119.12, 4218606, 2906, 0, 0
8269, 21, 258, 1281, 0, 0, 4.43%, 0, 1, 11, 895.43, 4219807, 2906, 0, 0
8274, 21, 479, 1281, 0, 0, 4.43%, 0, 1, 11, 108.37, 4221376, 2906, 0, 0
8279, 21, 485, 1281, 0, 0, 4.43%, 0, 1, 11, 67.11, 4223648, 2906, 0, 0
8284, 21, 856, 1281, 0, 0, 4.43%, 0, 1, 11, 683.83, 4225889, 2906, 0, 0
8289, 21, 782, 1281, 0, 0, 4.43%, 0, 1, 11, 531.13, 4226724, 2906, 0, 0
8294, 21, 1280, 1281, 0, 0, 4.43%, 0, 1, 11, 61.23, 4228697, 2906, 0, 0
8299, 21, 986, 1281, 0, 0, 4.43%, 0, 1, 11, 70.45, 4230964, 2906, 0, 0
8304, 21, 975, 1281, 0, 0, 4.43%, 0, 1, 11, 830.49, 4232742, 2906, 0, 0
8310, 21, 489, 1281, 0, 0, 4.43%, 0, 1, 11, 885.00, 4233733, 2906, 0, 0
8315, 21, 1226, 1281, 0, 0, 4.43%, 0, 1, 11, 97.75, 4235828, 2906, 0, 0
8320, 21, 842, 1281, 0, 0, 4.43%, 0, 1, 11, 67.21, 4238117, 2906, 0, 0
8325, 21, 416, 1281, 0, 0, 4.43%, 0, 1, 11, 824.75, 4240258, 2906, 0, 0
8330, 21, 623, 1281, 0, 0, 4.43%, 0, 1, 11, 774.15, 4241509, 2906, 0, 0
8335, 21, 482, 1281, 0, 0, 4.43%, 0, 1, 11, 70.34, 4242901, 2906, 0, 0
8340, 21, 476, 1281, 0, 0, 4.43%, 0, 1, 11, 71.14, 4245127, 2906, 0, 0
8345, 21, 476, 1281, 0, 0, 4.43%, 0, 1, 11, 69.11, 4247456, 2906, 0, 0
8351, 21, 712, 1281, 0, 0, 4.43%, 0, 1, 11, 688.14, 4249225, 2906, 0, 0
8356, 21, 148, 1281, 0, 0, 4.43%, 0, 1, 11, 549.90, 4250368, 2906, 0, 0
8361, 21, 447, 1281, 0, 0, 4.43%, 0, 1, 11, 72.76, 4252348, 2906, 0, 0
8366, 21, 92, 1281, 0, 0, 4.43%, 0, 1, 11, 118.56, 4254213, 2906, 0, 0
8371, 21, 61, 1281, 0, 0, 4.43%, 0, 1, 11, 71.05, 4256455, 2906, 0, 0
8376, 21, 1233, 1281, 0, 0, 4.43%, 0, 1, 11, 778.30, 4258370, 2906, 0, 0
8381, 21, 952, 1281, 0, 0, 4.43%, 0, 1, 11, 828.84, 4259525, 2906, 0, 0
8387, 22, 1152, 1281, 0, 0, 4.43%, 0, 1, 11, 84.77, 4260989, 2906, 0, 0
8392, 22, 938, 1281, 0, 0, 4.43%, 0, 1, 11, 66.32, 4262998, 2906, 0, 0
8397, 22, 673, 1281, 0, 0, 4.43%, 0, 1, 11, 62.60, 4265103, 2906, 0, 0
8402, 22, 222, 1281, 0, 0, 4.43%, 0, 1, 11, 497.89, 4267079, 2906, 0, 0
8407, 22, 938, 1281, 0, 0, 4.43%, 0, 1, 11, 69.77, 4269254, 2906, 0, 0
8412, 22, 934, 1281, 0, 0, 4.43%, 0, 1, 11, 766.07, 4270699, 2906, 0, 0
8418, 22, 403, 1281, 0, 0, 4.43%, 0, 1, 11, 842.96, 4272382, 2906, 0, 0
8423, 22, 306, 1281, 0, 0, 4.43%, 0, 1, 11, 790.35, 4274097, 2906, 0, 0
8428, 22, 802, 1281, 0, 0, 4.43%, 0, 1, 11, 68.28, 4275754, 2906, 0, 0
8433, 22, 712, 1281, 0, 0, 4.43%, 0, 1, 11, 59.22, 4277552, 2906, 0, 0
8438, 22, 784, 1281, 0, 0, 4.43%, 0, 1, 11, 72.19, 4279675, 2906, 0, 0
8443, 22, 21, 1295, 14, 0, 4.44%, 0, 1, 11, 838.33, 4282020, 2909, 0, 0
8450, 22, 1308, 1313, 28, 0, 4.45%, 0, 1, 11, 833.01, 4286851, 2914, 0, 0
8455, 22, 1059, 1313, 27, 0, 4.45%, 0, 1, 11, 833.18, 4290930, 2914, 0, 0
8460, 22, 739, 1313, 25, 0, 4.45%, 0, 1, 11, 774.66, 4294863, 2914, 0, 0
8465, 22, 346, 1313, 25, 0, 4.45%, 0, 1, 11, 725.17, 4298421, 2914, 0, 0
8470, 22, 53, 1313, 25, 0, 4.45%, 0, 1, 11, 788.17, 4302378, 2914, 0, 0
8476, 22, 1305, 1313, 25, 0, 4.45%, 0, 1, 11, 770.13, 4306655, 2914, 0, 0
8481, 22, 423, 1313, 23, 0, 4.45%, 0, 1, 11, 800.46, 4310858, 2914, 0, 0
8486, 22, 1306, 1314, 23, 0, 4.45%, 0, 1, 11, 787.40, 4314838, 2914, 0, 0
8491, 22, 49, 1314, 21, 0, 4.45%, 0, 1, 11, 736.26, 4318502, 2914, 0, 0
8496, 22, 660, 1314, 21, 0, 4.45%, 0, 1, 11, 708.10, 4321908, 2914, 0, 0
8501, 22, 1281, 1314, 21, 0, 4.45%, 0, 1, 11, 702.91, 4325478, 2914, 0, 0
8506, 22, 712, 1314, 19, 0, 4.45%, 0, 1, 11, 792.58, 4329360, 2914, 0, 0
8511, 22, 483, 1314, 18, 0, 4.45%, 0, 1, 11, 831.55, 4333560, 2914, 0, 0
8516, 22, 987, 1314, 18, 0, 4.45%, 0, 1, 11, 812.52, 4337259, 2914, 0, 0
8521, 22, 479, 1314, 18, 0, 4.45%, 0, 1, 11, 807.55, 4341342, 2914, 0, 0
8527, 22, 111, 1314, 18, 0, 4.45%, 0, 1, 11, 833.04, 4345739, 2914, 0, 0
8532, 22, 770, 1314, 16, 0, 4.45%, 0, 1, 11, 764.76, 4349433, 2914, 0, 0
8538, 22, 845, 1314, 16, 0, 4.45%, 0, 1, 11, 841.92, 4354430, 2914, 0, 0
8543, 22, 650, 1314, 15, 0, 4.45%, 0, 1, 11, 851.64, 4358735, 2914, 0, 0
8548, 22, 1059, 1314, 13, 0, 4.45%, 0, 1, 11, 858.66, 4363011, 2914, 0, 0
8553, 22, 483, 1314, 13, 0, 4.45%, 0, 1, 11, 842.37, 4367127, 2914, 0, 0
8559, 22, 106, 1314, 12, 0, 4.45%, 0, 1, 11, 776.62, 4370580, 2914, 0, 0
8564, 22, 482, 1314, 12, 0, 4.45%, 0, 1, 11, 827.42, 4374820, 2914, 0, 0
8569, 22, 1298, 1314, 11, 0, 4.45%, 0, 1, 11, 834.74, 4379059, 2914, 0, 0
8574, 22, 1276, 1314, 8, 0, 4.45%, 0, 1, 11, 712.78, 4382814, 2914, 0, 0
8579, 22, 726, 1314, 8, 0, 4.45%, 0, 1, 11, 779.42, 4386320, 2914, 0, 0
8584, 22, 1208, 1314, 7, 0, 4.45%, 0, 1, 11, 802.49, 4390439, 2914, 0, 0
8589, 22, 509, 1314, 6, 0, 4.45%, 0, 1, 11, 850.38, 4394931, 2914, 0, 0
8594, 22, 380, 1314, 6, 0, 4.45%, 0, 1, 11, 795.91, 4398661, 2914, 0, 0
8599, 22, 291, 1315, 7, 0, 4.45%, 0, 1, 11, 830.68, 4402786, 2914, 0, 0
8604, 22, 1314, 1315, 7, 0, 4.45%, 0, 1, 11, 820.76, 4406967, 2914, 0, 0
8610, 22, 844, 1315, 5, 0, 4.45%, 0, 1, 11, 827.82, 4411214, 2914, 0, 0
8615, 22, 1237, 1315, 5, 0, 4.45%, 0, 1, 11, 821.57, 4415177, 2914, 0, 0
8620, 22, 396, 1315, 4, 0, 4.45%, 0, 1, 11, 842.63, 4419292, 2914, 0, 0
8625, 22, 842, 1315, 3, 0, 4.45%, 0, 1, 11, 865.30, 4423659, 2914, 0, 0
8630, 22, 887, 1315, 3, 0, 4.45%, 0, 1, 11, 827.49, 4427689, 2914, 0, 0
8635, 22, 174, 1315, 2, 0, 4.45%, 0, 1, 11, 804.59, 4431448, 2914, 0, 0
8640, 22, 1065, 1315, 2, 0, 4.45%, 0, 1, 11, 819.12, 4435455, 2914, 0, 0
8645, 22, 894, 1315, 2, 0, 4.45%, 0, 1, 11, 837.78, 4439652, 2914, 0, 0
8650, 22, 1181, 1315, 2, 0, 4.45%, 0, 1, 11, 795.22, 4443354, 2914, 0, 0
8655, 22, 117, 1315, 2, 0, 4.45%, 0, 1, 11, 800.88, 4447353, 2914, 0, 0
8660, 22, 113, 1315, 2, 0, 4.45%, 0, 1, 11, 815.14, 4451379, 2914, 0, 0
8666, 23, 29, 1315, 2, 0, 4.45%, 0, 1, 11, 860.81, 4455832, 2914, 0, 0
8671, 23, 172, 1315, 2, 0, 4.45%, 0, 1, 11, 872.08, 4460389, 2914, 0, 0
8676, 23, 735, 1315, 1, 0, 4.45%, 0, 1, 11, 829.00, 4464590, 2914, 0, 0
8681, 23, 1038, 1315, 1, 0, 4.45%, 0, 1, 11, 844.94, 4468806, 2914, 0, 0
8686, 23, 273, 1315, 1, 0, 4.45%, 0, 1, 11, 854.02, 4473167, 2914, 0, 0
8691, 23, 416, 1315, 1, 0, 4.45%, 0, 1, 11, 859.18, 4477520, 2914, 0, 0
8696, 23, 43, 1315, 1, 0, 4.45%, 0, 1, 11, 807.19, 4481555, 2914, 0, 0
8701, 23, 648, 1315, 1, 0, 4.45%, 0, 1, 11, 801.46, 4485777, 2914, 0, 0
8707, 23, 447, 1315, 1, 0, 4.45%, 0, 1, 11, 831.39, 4490038, 2914, 0, 0
8712, 23, 617, 1315, 1, 0, 4.45%, 0, 1, 11, 815.68, 4494171, 2914, 0, 0
8717, 23, 106, 1315, 1, 0, 4.45%, 0, 1, 11, 822.00, 4498254, 2914, 0, 0
8722, 23, 1146, 1315, 1, 0, 4.45%, 0, 1, 11, 783.10, 4502191, 2914, 0, 0
8727, 23, 1146, 1315, 1, 0, 4.45%, 0, 1, 11, 834.77, 4506636, 2914, 0, 0
8732, 23, 375, 1315, 1, 0, 4.45%, 0, 1, 11, 833.44, 4510745, 2914, 0, 0
8737, 23, 1260, 1315, 1, 0, 4.45%, 0, 1, 11, 618.07, 4513082, 2914, 0, 0
8742, 23, 425, 1315, 1, 0, 4.45%, 0, 1, 11, 739.04, 4517202, 2914, 0, 0
8747, 23, 949, 1315, 1, 0, 4.45%, 0, 1, 11, 806.41, 4521313, 2914, 0, 0
8753, 23, 173, 1315, 1, 0, 4.45%, 0, 1, 11, 770.05, 4524836, 2914, 0, 0
8758, 23, 430, 1315, 1, 0, 4.45%, 0, 1, 11, 791.67, 4528915, 2914, 0, 0
8763, 23, 189, 1315, 1, 0, 4.45%, 0, 1, 11, 818.24, 4532989, 2914, 0, 0
8769, 23, 467, 1315, 1, 0, 4.45%, 0, 1, 11, 527.36, 4536479, 2914, 0, 0
8774, 23, 352, 1315, 1, 0, 4.45%, 0, 1, 11, 894.97, 4540660, 2914, 0, 0
8779, 23, 1117, 1315, 0, 0, 4.45%, 0, 1, 11, 827.63, 4544747, 2914, 0, 0
8784, 23, 855, 1315, 0, 0, 4.45%, 0, 1, 11, 831.84, 4548253, 2914, 0, 0
8789, 23, 986, 1315, 0, 0, 4.45%, 0, 1, 11, 773.01, 4551987, 2914, 0, 0
8794, 23, 389, 1315, 0, 0, 4.45%, 0, 1, 11, 798.01, 4556123, 2914, 0, 0
8799, 23, 478, 1315, 0, 0, 4.45%, 0, 1, 11, 896.81, 4560321, 2914, 0, 0
8805, 23, 539, 1315, 0, 0, 4.45%, 0, 1, 11, 830.41, 4564610, 2914, 0, 0
8810, 23, 734, 1315, 0, 0, 4.45%, 0, 1, 11, 805.01, 4568522, 2914, 0, 0
8815, 23, 987, 1315, 0, 0, 4.45%, 0, 1, 11, 811.96, 4572643, 2914, 0, 0
8820, 23, 446, 1315, 0, 0, 4.45%, 0, 1, 11, 870.43, 4576806, 2914, 0, 0
8826, 23, 935, 1315, 0, 0, 4.45%, 0, 1, 11, 152.75, 4579827, 2914, 0, 0
8831, 23, 1217, 1315, 0, 0, 4.45%, 0, 1, 11, 510.50, 4583686, 2914, 0, 0
8836, 23, 802, 1315, 0, 0, 4.45%, 0, 1, 11, 705.08, 4587480, 2914, 0, 0
8841, 23, 125, 1315, 0, 0, 4.45%, 0, 1, 11, 850.49, 4591366, 2914, 0, 0
8846, 23, 151, 1315, 0, 0, 4.45%, 0, 1, 11, 850.76, 4595672, 2914, 0, 0
8851, 23, 476, 1315, 0, 0, 4.45%, 0, 1, 11, 885.17, 4599819, 2914, 0, 0
8857, 23, 1232, 1315, 0, 0, 4.45%, 0, 1, 11, 794.17, 4603564, 2914, 0, 0
8862, 23, 430, 1315, 0, 0, 4.45%, 0, 1, 11, 798.38, 4607569, 2914, 0, 0
8867, 23, 479, 1315, 0, 0, 4.45%, 0, 1, 11, 866.12, 4611544, 2914, 0, 0
8872, 23, 301, 1316, 0, 0, 4.45%, 0, 1, 11, 827.87, 4615280, 2915, 0, 0
8877, 23, 568, 1316, 0, 0, 4.45%, 0, 1, 11, 811.92, 4619266, 2915, 0, 0
8883, 23, 531, 1316, 0, 0, 4.45%, 0, 1, 11, 806.55, 4623892, 2915, 0, 0
8888, 23, 1044, 1316, 0, 0, 4.45%, 0, 1, 11, 769.11, 4627591, 2915, 0, 0
8893, 23, 478, 1316, 0, 0, 4.45%, 0, 1, 11, 821.34, 4631425, 2915, 0, 0
8899, 23, 416, 1316, 0, 0, 4.45%, 0, 1, 11, 791.80, 4635465, 2915, 0, 0
8904, 24, 450, 1316, 0, 0, 4.45%, 0, 1, 11, 850.69, 4639480, 2915, 0, 0
8909, 24, 987, 1317, 1, 0, 4.45%, 0, 1, 11, 904.90, 4643418, 2915, 0, 0
8914, 24, 1316, 1320, 4, 0, 4.45%, 0, 1, 11, 829.01, 4647573, 2915, 0, 0
8919, 24, 1316, 1321, 5, 0, 4.45%, 0, 1, 11, 867.86, 4651734, 2915, 0, 0
8924, 24, 478, 1322, 5, 0, 4.45%, 0, 1, 11, 794.53, 4655469, 2915, 0, 0
8930, 24, 604, 1322, 5, 0, 4.45%, 0, 1, 11, 836.55, 4659661, 2915, 0, 0
8935, 24, 93, 1322, 5, 0, 4.45%, 0, 1, 11, 807.17, 4663411, 2915, 0, 0
8940, 24, 648, 1322, 5, 0, 4.45%, 0, 1, 11, 823.92, 4667475, 2915, 0, 0
8945, 24, 476, 1322, 5, 0, 4.45%, 0, 1, 11, 693.68, 4671397, 2915, 0, 0
8950, 24, 64, 1322, 5, 0, 4.45%, 0, 1, 11, 761.97, 4675387, 2915, 0, 0
8955, 24, 724, 1322, 5, 0, 4.45%, 0, 1, 11, 892.04, 4679465, 2915, 0, 0
8960, 24, 1252, 1322, 5, 0, 4.45%, 0, 1, 11, 742.61, 4683334, 2915, 0, 0
8965, 24, 594, 1322, 5, 0, 4.45%, 0, 1, 11, 767.62, 4686737, 2915, 0, 0
8970, 24, 12, 1322, 4, 0, 4.45%, 0, 1, 11, 734.90, 4690725, 2915, 0, 0
8975, 24, 1075, 1322, 4, 0, 4.45%, 0, 1, 11, 805.83, 4694388, 2915, 0, 0
8980, 24, 478, 1322, 4, 0, 4.45%, 0, 1, 11, 818.04, 4698529, 2915, 0, 0
8986, 24, 712, 1322, 4, 0, 4.45%, 0, 1, 11, 114.83, 4702053, 2915, 0, 0
8991, 24, 1315, 1323, 5, 0, 4.45%, 0, 1, 11, 800.37, 4705977, 2915, 0, 0
8996, 24, 376, 1323, 5, 0, 4.45%, 0, 1, 11, 817.05, 4709974, 2915, 0, 0
9001, 24, 1051, 1323, 4, 0, 4.45%, 0, 1, 11, 283.21, 4713469, 2915, 0, 0
9006, 24, 589, 1323, 4, 0, 4.45%, 0, 1, 11, 774.01, 4717558, 2915, 0, 0
9011, 24, 847, 1323, 4, 0, 4.45%, 0, 1, 11, 758.08, 4721051, 2915, 0, 0
9016, 24, 712, 1323, 3, 0, 4.45%, 0, 1, 11, 814.19, 4725087, 2915, 0, 0
9021, 24, 725, 1323, 3, 0, 4.45%, 0, 1, 11, 823.22, 4729045, 2915, 0, 0
9026, 24, 567, 1323, 3, 0, 4.45%, 0, 1, 11, 795.41, 4733022, 2915, 0, 0
9031, 24, 334, 1323, 3, 0, 4.45%, 0, 1, 11, 774.32, 4736725, 2915, 0, 0
9036, 24, 323, 1323, 3, 0, 4.45%, 0, 1, 11, 761.40, 4740674, 2915, 0, 0
9042, 24, 249, 1323, 3, 0, 4.45%, 0, 1, 11, 822.23, 4744613, 2915, 0, 0
9047, 24, 478, 1323, 3, 0, 4.45%, 0, 1, 11, 813.15, 4748633, 2915, 0, 0
9052, 24, 727, 1323, 3, 0, 4.45%, 0, 1, 11, 73.54, 4751757, 2915, 0, 0
9057, 24, 856, 1323, 3, 0, 4.45%, 0, 1, 11, 68.08, 4752105, 2915, 0, 0
9063, 24, 1309, 1323, 3, 0, 4.45%, 0, 1, 11, 601.07, 4755678, 2915, 0, 0
9068, 24, 1143, 1323, 3, 0, 4.45%, 0, 1, 11, 761.07, 4758598, 2915, 0, 0
9073, 24, 225, 1323, 3, 0, 4.45%, 0, 1, 11, 820.92, 4761099, 2915, 0, 0
9078, 24, 1265, 1323, 3, 0, 4.45%, 0, 1, 11, 673.81, 4763569, 2915, 0, 0
9083, 24, 61, 1323, 3, 0, 4.45%, 0, 1, 11, 802.65, 4765699, 2915, 0, 0
9088, 24, 673, 1323, 3, 0, 4.45%, 0, 1, 11, 62.20, 4768491, 2915, 0, 0
9093, 24, 107, 1323, 2, 0, 4.45%, 0, 1, 11, 114.92, 4771246, 2915, 0, 0
9099, 24, 177, 1323, 2, 0, 4.45%, 0, 1, 11, 711.38, 4774127, 2915, 0, 0
9105, 24, 148, 1323, 2, 0, 4.45%, 0, 1, 11, 739.67, 4776933, 2915, 0, 0
9111, 24, 880, 1323, 2, 0, 4.45%, 0, 1, 11, 770.05, 4779501, 2915, 0, 0
9116, 24, 712, 1323, 2, 0, 4.45%, 0, 1, 11, 776.34, 4781783, 2915, 0, 0
9121, 24, 148, 1323, 2, 0, 4.45%, 0, 1, 11, 885.05, 4783755, 2915, 0, 0
9126, 24, 648, 1323, 2, 0, 4.45%, 0, 1, 11, 914.08, 4785811, 2915, 0, 0
9131, 24, 176, 1323, 2, 0, 4.45%, 0, 1, 11, 135.30, 4787802, 2915, 0, 0
9137, 24, 771, 1323, 2, 0, 4.45%, 0, 1, 11, 71.02, 4790322, 2915, 0, 0
9142, 24, 494, 1323, 2, 0, 4.45%, 0, 1, 11, 71.31, 4792762, 2915, 0, 0
9147, 24, 394, 1323, 2, 0, 4.45%, 0, 1, 11, 897.04, 4795391, 2915, 0, 0
9152, 24, 648, 1323, 2, 0, 4.45%, 0, 1, 11, 500.54, 4797147, 2915, 0, 0
9157, 24, 1075, 1323, 2, 0, 4.45%, 0, 1, 11, 499.97, 4798690, 2915, 0, 0
9162, 24, 290, 1323, 2, 0, 4.45%, 0, 1, 11, 74.85, 4801085, 2915, 0, 0
9168, 24, 0, 1323, 2, 0, 4.45%, 0, 1, 11, 147.70, 4803634, 2915, 0, 0
9173, 24, 986, 1323, 2, 0, 4.45%, 0, 1, 11, 68.72, 4806142, 2915, 0, 0
9178, 24, 660, 1323, 2, 0, 4.45%, 0, 1, 11, 868.65, 4808468, 2915, 0, 0
9183, 24, 938, 1323, 2, 0, 4.45%, 0, 1, 11, 836.29, 4809895, 2915, 0, 0
9188, 24, 253, 1323, 2, 0, 4.45%, 0, 1, 11, 77.19, 4811374, 2915, 0, 0
9193, 24, 709, 1323, 2, 0, 4.45%, 0, 1, 11, 68.88, 4813498, 2915, 0, 0
9199, 24, 1121, 1323, 2, 0, 4.45%, 0, 1, 11, 68.75, 4816021, 2915, 0, 0
9204, 24, 460, 1323, 2, 0, 4.45%, 0, 1, 11, 652.75, 4818519, 2915, 0, 0
9209, 24, 266, 1323, 2, 0, 4.45%, 0, 1, 11, 808.96, 4820086, 2915, 0, 0
9214, 24, 567, 1323, 2, 0, 4.45%, 0, 1, 11, 901.28, 4821778, 2915, 0, 0
9219, 24, 483, 1323, 2, 0, 4.45%, 0, 1, 11, 64.86, 4823540, 2915, 0, 0
9224, 24, 1193, 1323, 2, 0, 4.45%, 0, 1, 11, 71.74, 4826009, 2915, 0, 0
9229, 24, 416, 1323, 2, 0, 4.45%, 0, 1, 11, 110.66, 4828333, 2915, 0, 0
9235, 24, 563, 1323, 2, 0, 4.45%, 0, 1, 11, 785.86, 4830587, 2915, 0, 0
9240, 24, 315, 1323, 2, 0, 4.45%, 0, 1, 11, 853.95, 4832313, 2915, 0, 0
9245, 24, 476, 1323, 1, 0, 4.45%, 0, 1, 11, 461.90, 4833646, 2915, 0, 0
9250, 24, 986, 1323, 1, 0, 4.45%, 0, 1, 11, 67.93, 4835291, 2915, 0, 0
9255, 25, 483, 1323, 1, 0, 4.45%, 0, 1, 11, 71.99, 4837528, 2915, 0, 0
9260, 25, 952, 1323, 1, 0, 4.45%, 0, 1, 11, 63.05, 4839623, 2915, 0, 0
9265, 25, 271, 1323, 1, 0, 4.45%, 0, 1, 11, 70.22, 4841810, 2915, 0, 0
9270, 25, 733, 1323, 1, 0, 4.45%, 0, 1, 11, 648.38, 4843332, 2915, 0, 0
9276, 25, 249, 1323, 1, 0, 4.45%, 0, 1, 11, 709.19, 4844640, 2915, 0, 0
9281, 25, 859, 1323, 1, 0, 4.45%, 0, 1, 11, 83.14, 4846047, 2915, 0, 0
9286, 25, 852, 1323, 1, 0, 4.45%, 0, 1, 11, 70.25, 4848234, 2915, 0, 0
9291, 25, 1193, 1323, 1, 0, 4.45%, 0, 1, 11, 70.73, 4850328, 2915, 0, 0
9296, 25, 333, 1323, 1, 0, 4.45%, 0, 1, 11, 67.36, 4852471, 2915, 0, 0
9301, 25, 381, 1323, 1, 0, 4.45%, 0, 1, 11, 66.79, 4854691, 2915, 0, 0
9308, 25, 1043, 1323, 1, 0, 4.45%, 0, 1, 11, 588.30, 4856729, 2915, 0, 0
9314, 25, 6, 1323, 1, 0, 4.45%, 0, 1, 11, 619.52, 4858958, 2915, 0, 0
9319, 25, 51, 1323, 1, 0, 4.45%, 0, 1, 11, 725.19, 4860585, 2915, 0, 0
9324, 25, 1302, 1323, 1, 0, 4.45%, 0, 1, 11, 70.69, 4861744, 2915, 0, 0
9329, 25, 89, 1323, 1, 0, 4.45%, 0, 1, 11, 72.17, 4864164, 2915, 0, 0
9334, 25, 673, 1323, 1, 0, 4.45%, 0, 1, 11, 62.15, 4866604, 2915, 0, 0
9340, 25, 218, 1323, 1, 0, 4.45%, 0, 1, 11, 600.09, 4868601, 2915, 0, 0
9345, 25, 811, 1323, 1, 0, 4.45%, 0, 1, 11, 910.00, 4869462, 2915, 0, 0
9350, 25, 938, 1323, 1, 0, 4.45%, 0, 1, 11, 67.11, 4871772, 2915, 0, 0
9356, 25, 336, 1323, 1, 0, 4.45%, 0, 1, 11, 606.75, 4874268, 2915, 0, 0
9361, 25, 1237, 1323, 1, 0, 4.45%, 0, 1, 11, 617.09, 4876791, 2915, 0, 0
9367, 25, 544, 1323, 1, 0, 4.45%, 0, 1, 11, 768.11, 4878092, 2915, 0, 0
9372, 25, 423, 1323, 1, 0, 4.45%, 0, 1, 11, 69.33, 4879433, 2915, 0, 0
9377, 25, 125, 1323, 1, 0, 4.45%, 0, 1, 11, 70.86, 4881698, 2915, 0, 0
9382, 25, 427, 1323, 1, 0, 4.45%, 0, 1, 11, 69.23, 4883450, 2915, 0, 0
9387, 25, 115, 1323, 1, 0, 4.45%, 0, 1, 11, 755.78, 4885775, 2915, 0, 0
9392, 25, 470, 1323, 1, 0, 4.45%, 0, 1, 11, 619.08, 4886943, 2915, 0, 0
9397, 25, 994, 1323, 1, 0, 4.45%, 0, 1, 11, 68.17, 4888522, 2915, 0, 0
9402, 25, 873, 1323, 1, 0, 4.45%, 0, 1, 11, 61.69, 4890612, 2915, 0, 0
9407, 25, 430, 1323, 1, 0, 4.45%, 0, 1, 11, 71.55, 4892737, 2915, 0, 0
9413, 25, 478, 1323, 1, 0, 4.45%, 0, 1, 11, 818.90, 4894408, 2915, 0, 0
9418, 25, 781, 1323, 1, 0, 4.45%, 0, 1, 11, 81.84, 4895350, 2915, 0, 0
9423, 25, 390, 1324, 2, 0, 4.45%, 0, 1, 11, 77.53, 4896750, 2915, 0, 0
9428, 25, 74, 1324, 2, 0, 4.45%, 0, 1, 11, 70.14, 4899003, 2915, 0, 0
9435, 25, 1323, 1324, 2, 0, 4.45%, 0, 1, 11, 55.79, 4900446, 2915, 0, 0
9441, 25, 117, 1324, 1, 0, 4.45%, 0, 1, 11, 70.71, 4902230, 2915, 0, 0
9446, 25, 111, 1324, 1, 0, 4.45%, 0, 1, 11, 71.15, 4904360, 2915, 0, 0
9451, 25, 78, 1324, 1, 0, 4.45%, 0, 1, 11, 743.44, 4906192, 2915, 0, 0
9456, 25, 1193, 1324, 1, 0, 4.45%, 0, 1, 11, 717.84, 4907267, 2915, 0, 0
9461, 25, 1114, 1324, 1, 0, 4.45%, 0, 1, 11, 68.57, 4909097, 2915, 0, 0
9466, 25, 225, 1324, 1, 0, 4.45%, 0, 1, 11, 71.54, 4911167, 2915, 0, 0
9471, 25, 199, 1324, 1, 0, 4.45%, 0, 1, 11, 69.37, 4913221, 2915, 0, 0
9476, 25, 117, 1324, 1, 0, 4.45%, 0, 1, 11, 689.89, 4915326, 2915, 0, 0
9482, 25, 467, 1324, 1, 0, 4.45%, 0, 1, 11, 809.90, 4917100, 2915, 0, 0
9488, 25, 822, 1324, 1, 0, 4.45%, 0, 1, 11, 542.68, 4918784, 2915, 0, 0
9493, 25, 142, 1324, 1, 0, 4.45%, 0, 1, 11, 69.38, 4920234, 2915, 0, 0
9498, 25, 830, 1324, 1, 0, 4.45%, 0, 1, 11, 68.63, 4922414, 2915, 0, 0
9503, 25, 207, 1324, 1, 0, 4.45%, 0, 1, 11, 64.06, 4924405, 2915, 0, 0
9508, 25, 811, 1324, 1, 0, 4.45%, 0, 1, 11, 69.32, 4926290, 2915, 0, 0
9514, 25, 529, 1324, 1, 0, 4.45%, 0, 1, 11, 780.10, 4927863, 2915, 0, 0
9519, 25, 1152, 1324, 1, 0, 4.45%, 0, 1, 11, 866.61, 4929037, 2915, 0, 0
9524, 25, 375, 1324, 1, 0, 4.45%, 0, 1, 11, 68.27, 4930364, 2915, 0, 0
9529, 25, 784, 1324, 1, 0, 4.45%, 0, 1, 11, 68.77, 4932424, 2915, 0, 0
9534, 25, 273, 1324, 1, 0, 4.45%, 0, 1, 11, 64.82, 4934468, 2915, 0, 0
9539, 25, 478, 1324, 1, 0, 4.45%, 0, 1, 11, 72.13, 4936430, 2915, 0, 0
9544, 25, 864, 1324, 1, 0, 4.45%, 0, 1, 11, 67.50, 4938442, 2915, 0, 0
9549, 25, 78, 1324, 1, 0, 4.45%, 0, 1, 11, 651.55, 4940428, 2915, 0, 0
9556, 25, 837, 1324, 1, 0, 4.45%, 0, 1, 11, 524.09, 4942306, 2915, 0, 0
9561, 25, 333, 1324, 1, 0, 4.45%, 0, 1, 11, 925.59, 4944187, 2915, 0, 0
9566, 25, 106, 1324, 1, 0, 4.45%, 0, 1, 11, 416.22, 4945310, 2915, 0, 0
9571, 25, 1315, 1324, 1, 0, 4.45%, 0, 1, 11, 67.16, 4946964, 2915, 0, 0
9577, 25, 988, 1324, 1, 0, 4.45%, 0, 1, 11, 71.43, 4949302, 2915, 0, 0
9582, 25, 482, 1324, 1, 0, 4.45%, 0, 1, 11, 811.00, 4951243, 2915, 0, 0
9589, 25, 841, 1324, 1, 0, 4.45%, 0, 1, 11, 829.62, 4953562, 2915, 0, 0
9594, 25, 394, 1324, 1, 0, 4.45%, 0, 1, 11, 744.85, 4954615, 2915, 0, 0
9599, 25, 476, 1324, 1, 0, 4.45%, 0, 1, 11, 65.88, 4956457, 2915, 0, 0
9604, 25, 648, 1324, 1, 0, 4.45%, 0, 1, 11, 70.56, 4958752, 2915, 0, 0
9609, 25, 396, 1324, 1, 0, 4.45%, 0, 1, 11, 615.08, 4960986, 2915, 0, 0
9614, 25, 79, 1324, 1, 0, 4.45%, 0, 1, 11, 863.80, 4962237, 2915, 0, 0
9619, 25, 470, 1324, 1, 0, 4.45%, 0, 1, 11, 62.92, 4963365, 2915, 0, 0
9624, 25, 46, 1324, 1, 0, 4.45%, 0, 1, 11, 71.08, 4965731, 2915, 0, 0
9629, 25, 243, 1324, 1, 0, 4.45%, 0, 1, 11, 71.43, 4968064, 2915, 0, 0
9634, 25, 1237, 1324, 1, 0, 4.45%, 0, 1, 11, 514.40, 4969356, 2915, 0, 0
9640, 25, 430, 1324, 1, 0, 4.45%, 0, 1, 11, 70.13, 4970463, 2915, 0, 0
9645, 25, 899, 1324, 1, 0, 4.45%, 0, 1, 11, 62.53, 4972600, 2915, 0, 0
9650, 25, 1341, 1352, 28, 1, 4.45%, 0, 1, 11, 487.39, 4974565, 2917, 0, 0
9655, 25, 396, 1352, 26, 0, 4.45%, 0, 1, 11, 739.68, 4976548, 2917, 0, 0
9660, 25, 476, 1352, 26, 0, 4.45%, 0, 1, 11, 571.76, 4977729, 2917, 0, 0
9665, 25, 79, 1352, 26, 0, 4.45%, 0, 1, 11, 70.51, 4979003, 2917, 0, 0
9671, 25, 1245, 1352, 26, 0, 4.45%, 0, 1, 11, 43.21, 4980634, 2917, 0, 0
9676, 25, 757, 1352, 26, 0, 4.45%, 0, 1, 11, 68.90, 4982791, 2917, 0, 0
9681, 25, 770, 1352, 26, 0, 4.45%, 0, 1, 11, 69.23, 4985070, 2917, 0, 0
9686, 25, 224, 1352, 26, 0, 4.45%, 0, 1, 11, 675.67, 4986471, 2917, 0, 0
9692, 25, 1194, 1352, 26, 0, 4.45%, 0, 1, 11, 80.41, 4988145, 2917, 0, 0
9697, 25, 225, 1353, 26, 0, 4.45%, 0, 1, 11, 66.11, 4989850, 2917, 0, 0
9702, 25, 249, 1353, 26, 0, 4.45%, 0, 1, 11, 70.31, 4991941, 2917, 0, 0
9707, 25, 1346, 1353, 26, 0, 4.45%, 0, 1, 11, 66.90, 4994022, 2917, 0, 0
9712, 25, 1346, 1353, 26, 0, 4.45%, 0, 1, 11, 52.98, 4995235, 2917, 0, 0
9717, 25, 274, 1353, 25, 0, 4.45%, 0, 1, 11, 579.47, 4996745, 2917, 0, 0
9722, 25, 1344, 1353, 25, 0, 4.45%, 0, 1, 11, 469.60, 4997875, 2917, 0, 0
9728, 25, 934, 1353, 24, 0, 4.45%, 0, 1, 11, 70.88, 4999263, 2917, 0, 0
9733, 25, 671, 1353, 24, 0, 4.45%, 0, 1, 11, 69.63, 5001346, 2917, 0, 0
9738, 25, 1349, 1353, 24, 0, 4.45%, 0, 1, 11, 59.98, 5003033, 2917, 0, 0
9743, 25, 1198, 1353, 22, 0, 4.45%, 0, 1, 11, 68.66, 5004951, 2917, 0, 0
9748, 25, 770, 1353, 20, 0, 4.45%, 0, 1, 11, 71.09, 5006953, 2917, 0, 0
9754, 25, 884, 1353, 20, 0, 4.45%, 0, 1, 11, 848.38, 5008396, 2917, 0, 0
9759, 25, 1337, 1353, 20, 0, 4.45%, 0, 1, 11, 704.77, 5009980, 2917, 0, 0
9765, 25, 860, 1353, 19, 0, 4.45%, 0, 1, 11, 820.41, 5011244, 2917, 0, 0
9770, 25, 476, 1353, 19, 0, 4.45%, 0, 1, 11, 79.67, 5012277, 2917, 0, 0
9775, 25, 1152, 1353, 19, 0, 4.45%, 0, 1, 11, 70.33, 5014392, 2917, 0, 0
9780, 25, 1023, 1353, 18, 0, 4.45%, 0, 1, 11, 51.59, 5016385, 2917, 0, 0
9785, 25, 671, 1353, 18, 0, 4.45%, 0, 1, 11, 72.36, 5018434, 2917, 0, 0
9790, 25, 1335, 1353, 18, 0, 4.45%, 0, 1, 11, 625.43, 5019730, 2917, 0, 0
9795, 25, 1335, 1354, 19, 0, 4.45%, 0, 1, 11, 491.34, 5020420, 2917, 0, 0
9800, 25, 303, 1354, 18, 0, 4.45%, 0, 1, 11, 68.63, 5021698, 2917, 0, 0
9806, 25, 450, 1354, 18, 0, 4.45%, 0, 1, 11, 121.76, 5024088, 2917, 0, 0
9811, 25, 473, 1354, 17, 0, 4.45%, 0, 1, 11, 914.04, 5026186, 2917, 0, 0
9816, 25, 447, 1354, 17, 0, 4.45%, 0, 1, 11, 799.10, 5027118, 2917, 0, 0
9821, 25, 478, 1354, 16, 0, 4.45%, 0, 1, 11, 68.92, 5028904, 2917, 0, 0
9826, 25, 1333, 1354, 15, 0, 4.45%, 0, 1, 11, 61.90, 5030980, 2917, 0, 0
9833, 25, 373, 1354, 14, 0, 4.45%, 0, 1, 11, 664.71, 5033170, 2917, 0, 0
9838, 25, 865, 1354, 13, 0, 4.45%, 0, 1, 11, 797.39, 5035230, 2917, 0, 0
9843, 25, 1336, 1354, 13, 0, 4.45%, 0, 1, 11, 478.84, 5036431, 2917, 0, 0
9848, 25, 1298, 1354, 12, 0, 4.45%, 0, 1, 11, 66.95, 5037790, 2917, 0, 0
9853, 25, 105, 1354, 11, 0, 4.45%, 0, 1, 11, 81.55, 5039870, 2917, 0, 0
9859, 25, 105, 1354, 10, 0, 4.45%, 0, 1, 11, 72.71, 5042150, 2917, 0, 0
9864, 25, 757, 1354, 10, 0, 4.45%, 0, 1, 11, 529.25, 5043815, 2917, 0, 0
9869, 26, 476, 1354, 10, 0, 4.45%, 0, 1, 11, 670.00, 5044859, 2917, 0, 0
9874, 26, 648, 1354, 10, 0, 4.45%, 0, 1, 11, 69.63, 5046964, 2917, 0, 0
9879, 26, 1351, 1354, 10, 0, 4.45%, 0, 1, 11, 57.77, 5048821, 2917, 0, 0
9885, 26, 1351, 1354, 10, 0, 4.45%, 0, 1, 11, 457.73, 5050259, 2917, 0, 0
9890, 26, 18, 1354, 8, 0, 4.45%, 0, 1, 11, 881.17, 5051424, 2917, 0, 0
9895, 26, 93, 1354, 7, 0, 4.45%, 0, 1, 11, 64.59, 5052804, 2917, 0, 0
9902, 26, 1293, 1354, 7, 0, 4.45%, 0, 1, 11, 90.25, 5055187, 2917, 0, 0
9907, 26, 106, 1354, 7, 0, 4.45%, 0, 1, 11, 116.59, 5057386, 2917, 0, 0
9912, 26, 782, 1354, 7, 0, 4.45%, 0, 1, 11, 70.69, 5059391, 2917, 0, 0
9917, 26, 1072, 1354, 7, 0, 4.45%, 0, 1, 11, 784.54, 5061329, 2917, 0, 0
9922, 26, 1353, 1354, 7, 0, 4.45%, 0, 1, 11, 325.11, 5062125, 2917, 0, 0
9927, 26, 1353, 1354, 7, 0, 4.45%, 0, 1, 11, 183.13, 5063124, 2917, 0, 0
9932, 26, 1146, 1354, 6, 0, 4.45%, 0, 1, 11, 69.57, 5064916, 2917, 0, 0
9937, 26, 835, 1354, 6, 0, 4.45%, 0, 1, 11, 69.58, 5067044, 2917, 0, 0
9943, 26, 406, 1354, 6, 0, 4.45%, 0, 1, 11, 807.31, 5069118, 2917, 0, 0
9948, 26, 952, 1354, 6, 0, 4.45%, 0, 1, 11, 63.28, 5071214, 2917, 0, 0
9953, 26, 161, 1354, 6, 0, 4.45%, 0, 1, 11, 810.71, 5073076, 2917, 0, 0
9958, 26, 952, 1354, 6, 0, 4.45%, 0, 1, 11, 807.14, 5074345, 2917, 0, 0
9964, 26, 474, 1354, 6, 0, 4.45%, 0, 1, 11, 515.14, 5076004, 2917, 0, 0
9969, 26, 118, 1354, 5, 0, 4.45%, 0, 1, 11, 714.87, 5079116, 2917, 0, 0
9974, 26, 1331, 1354, 5, 0, 4.45%, 0, 1, 11, 825.70, 5083533, 2917, 0, 0
9979, 26, 389, 1354, 4, 0, 4.45%, 0, 1, 11, 799.20, 5087525, 2917, 0, 0
9984, 26, 996, 1354, 4, 0, 4.45%, 0, 1, 11, 823.16, 5091685, 2917, 0, 0
9989, 26, 1152, 1354, 4, 0, 4.45%, 0, 1, 11, 761.32, 5095416, 2917, 0, 0
9994, 26, 472, 1354, 4, 0, 4.45%, 0, 1, 11, 728.64, 5099117, 2917, 0, 0
9999, 26, 202, 1354, 4, 0, 4.45%, 0, 1, 11, 739.52, 5102860, 2917, 0, 0
10004, 26, 987, 1354, 4, 0, 4.45%, 0, 1, 11, 798.46, 5106859, 2917, 0, 0
10009, 26, 225, 1354, 3, 0, 4.45%, 0, 1, 11, 768.79, 5110770, 2917, 0, 0
10015, 26, 1223, 1354, 3, 0, 4.45%, 0, 1, 11, 771.38, 5114746, 2917, 0, 0
10020, 26, 478, 1354, 3, 0, 4.45%, 0, 1, 11, 743.02, 5118275, 2917, 0, 0
10025, 26, 735, 1354, 3, 0, 4.45%, 0, 1, 11, 698.52, 5121783, 2917, 0, 0
10030, 26, 986, 1354, 3, 0, 4.45%, 0, 1, 11, 751.80, 5125502, 2917, 0, 0
10035, 26, 1282, 1354, 3, 0, 4.45%, 0, 1, 11, 815.32, 5129645, 2917, 0, 0
10040, 26, 321, 1354, 3, 0, 4.45%, 0, 1, 11, 831.91, 5133939, 2917, 0, 0
10045, 26, 142, 1354, 3, 0, 4.45%, 0, 1, 11, 874.94, 5137876, 2917, 0, 0
10050, 26, 482, 1354, 2, 0, 4.45%, 0, 1, 11, 684.69, 5141115, 2917, 0, 0
10055, 26, 420, 1354, 2, 0, 4.45%, 0, 1, 11, 790.40, 5145245, 2917, 0, 0
10060, 26, 673, 1354, 2, 0, 4.45%, 0, 1, 11, 812.97, 5149483, 2917, 0, 0
10065, 26, 66, 1354, 2, 0, 4.45%, 0, 1, 11, 828.02, 5153663, 2917, 0, 0
10070, 26, 243, 1354, 2, 0, 4.45%, 0, 1, 11, 796.34, 5157619, 2917, 0, 0
10075, 26, 430, 1354, 1, 0, 4.45%, 0, 1, 11, 794.91, 5161654, 2917, 0, 0
10081, 26, 170, 1354, 1, 0, 4.45%, 0, 1, 11, 833.51, 5166523, 2917, 0, 0
10086, 26, 1009, 1354, 1, 0, 4.45%, 0, 1, 11, 791.63, 5170569, 2917, 0, 0
10091, 26, 148, 1354, 1, 0, 4.45%, 0, 1, 11, 778.02, 5174517, 2917, 0, 0
10096, 26, 320, 1354, 1, 0, 4.45%, 0, 1, 11, 816.72, 5178393, 2917, 0, 0
10101, 26, 1276, 1354, 1, 0, 4.45%, 0, 1, 11, 864.14, 5182751, 2917, 0, 0
10106, 26, 847, 1354, 1, 0, 4.45%, 0, 1, 11, 856.80, 5187066, 2917, 0, 0
10111, 26, 1237, 1354, 1, 0, 4.45%, 0, 1, 11, 777.09, 5191017, 2917, 0, 0
10117, 26, 106, 1354, 1, 0, 4.45%, 0, 1, 11, 825.42, 5195394, 2917, 0, 0
10122, 26, 478, 1354, 1, 0, 4.45%, 0, 1, 11, 834.89, 5199603, 2917, 0, 0
10127, 26, 719, 1354, 1, 0, 4.45%, 0, 1, 11, 119.92, 5202983, 2917, 0, 0
10132, 26, 478, 1354, 1, 0, 4.45%, 0, 1, 11, 783.69, 5206836, 2917, 0, 0
10138, 26, 806, 1354, 1, 0, 4.45%, 0, 1, 11, 824.69, 5211688, 2917, 0, 0
10143, 26, 1226, 1354, 1, 0, 4.45%, 0, 1, 11, 835.69, 5215863, 2917, 0, 0
10148, 26, 564, 1354, 1, 0, 4.45%, 0, 1, 11, 849.94, 5220366, 2917, 0, 0
10153, 26, 712, 1354, 1, 0, 4.45%, 0, 1, 11, 803.37, 5224477, 2917, 0, 0
10158, 26, 1296, 1354, 1, 0, 4.45%, 0, 1, 11, 794.21, 5228506, 2917, 0, 0
10163, 26, 426, 1354, 1, 0, 4.45%, 0, 1, 11, 835.97, 5232732, 2917, 0, 0
10168, 27, 1061, 1354, 1, 0, 4.45%, 0, 1, 11, 840.45, 5236941, 2917, 0, 0
10173, 27, 1146, 1354, 1, 0, 4.45%, 0, 1, 11, 849.96, 5241200, 2917, 0, 0
10178, 27, 445, 1354, 1, 0, 4.45%, 0, 1, 11, 829.75, 5245316, 2917, 0, 0
10183, 27, 478, 1354, 1, 0, 4.45%, 0, 1, 11, 850.30, 5249615, 2917, 0, 0
10189, 27, 199, 1354, 1, 0, 4.45%, 0, 1, 11, 870.11, 5254093, 2917, 0, 0
10194, 27, 619, 1354, 1, 0, 4.45%, 0, 1, 11, 801.62, 5258116, 2917, 0, 0
10199, 27, 73, 1354, 1, 0, 4.45%, 0, 1, 11, 819.98, 5262184, 2917, 0, 0
10205, 27, 1284, 1354, 1, 0, 4.45%, 0, 1, 11, 826.13, 5267459, 2917, 0, 0
10210, 27, 1152, 1354, 1, 0, 4.45%, 0, 1, 11, 863.33, 5271845, 2917, 0, 0
10215, 27, 1141, 1354, 1, 0, 4.45%, 0, 1, 11, 836.89, 5275907, 2917, 0, 0
10220, 27, 1189, 1354, 1, 0, 4.45%, 0, 1, 11, 839.15, 5279996, 2917, 0, 0
10225, 27, 1023, 1354, 1, 0, 4.45%, 0, 1, 11, 833.73, 5284386, 2917, 0, 0
10230, 27, 1333, 1354, 1, 0, 4.45%, 0, 1, 11, 791.46, 5288429, 2917, 0, 0
10236, 27, 124, 1354, 1, 0, 4.45%, 0, 1, 11, 647.45, 5291150, 2917, 0, 0
10241, 27, 78, 1354, 1, 0, 4.45%, 0, 1, 11, 667.11, 5294566, 2917, 0, 0
10246, 27, 806, 1354, 1, 0, 4.45%, 0, 1, 11, 814.38, 5299033, 2917, 0, 0
10251, 27, 131, 1354, 1, 0, 4.45%, 0, 1, 11, 829.85, 5303179, 2917, 0, 0
10258, 27, 1191, 1354, 1, 0, 4.45%, 0, 1, 11, 844.34, 5308500, 2917, 0, 0
10263, 27, 842, 1354, 1, 0, 4.45%, 0, 1, 11, 846.29, 5312601, 2917, 0, 0
10268, 27, 648, 1354, 1, 0, 4.45%, 0, 1, 11, 814.10, 5316804, 2917, 0, 0
10273, 27, 323, 1354, 1, 0, 4.45%, 0, 1, 11, 828.65, 5321171, 2917, 0, 0
10278, 27, 61, 1354, 1, 0, 4.45%, 0, 1, 11, 791.56, 5325291, 2917, 0, 0
10283, 27, 396, 1354, 1, 0, 4.45%, 0, 1, 11, 829.08, 5329484, 2917, 0, 0
10288, 27, 15, 1354, 1, 0, 4.45%, 0, 1, 11, 777.56, 5333310, 2917, 0, 0
10294, 27, 622, 1354, 1, 0, 4.45%, 0, 1, 11, 891.25, 5337458, 2917, 0, 0
10299, 27, 423, 1354, 1, 0, 4.45%, 0, 1, 11, 729.73, 5340097, 2917, 0, 0
10304, 27, 1148, 1354, 1, 0, 4.45%, 0, 1, 11, 812.29, 5344227, 2917, 0, 0
10309, 27, 687, 1354, 1, 0, 4.45%, 0, 1, 11, 779.74, 5347633, 2917, 0, 0
10314, 27, 450, 1354, 1, 0, 4.45%, 0, 1, 11, 805.19, 5351642, 2917, 0, 0
10319, 27, 673, 1354, 1, 0, 4.45%, 0, 1, 11, 800.61, 5355604, 2917, 0, 0
10324, 27, 56, 1354, 1, 0, 4.45%, 0, 1, 11, 821.89, 5359756, 2917, 0, 0
10329, 27, 660, 1354, 1, 0, 4.45%, 0, 1, 11, 675.42, 5363428, 2917, 0, 0
10335, 27, 1280, 1354, 1, 0, 4.45%, 0, 1, 11, 888.10, 5367483, 2917, 0, 0
10340, 27, 673, 1354, 1, 0, 4.45%, 0, 1, 11, 788.48, 5371389, 2917, 0, 0
10345, 27, 381, 1354, 1, 0, 4.45%, 0, 1, 11, 779.76, 5375198, 2917, 0, 0
10350, 27, 297, 1354, 1, 0, 4.45%, 0, 1, 11, 811.59, 5379310, 2917, 0, 0
10355, 27, 63, 1354, 1, 0, 4.45%, 0, 1, 11, 793.22, 5383035, 2917, 0, 0
10360, 27, 1067, 1354, 1, 0, 4.45%, 0, 1, 11, 792.52, 5386895, 2917, 0, 0
10365, 27, 744, 1354, 1, 0, 4.45%, 0, 1, 11, 579.08, 5391048, 2917, 0, 0
10370, 27, 21, 1354, 1, 0, 4.45%, 0, 1, 11, 769.18, 5395081, 2917, 0, 0
10375, 27, 381, 1354, 1, 0, 4.45%, 0, 1, 11, 794.30, 5399070, 2917, 0, 0
10381, 27, 432, 1354, 1, 0, 4.45%, 0, 1, 11, 883.90, 5403585, 2917, 0, 0
10386, 27, 1152, 1354, 1, 0, 4.45%, 0, 1, 11, 880.46, 5408109, 2917, 0, 0
10391, 27, 189, 1354, 1, 0, 4.45%, 0, 1, 11, 933.32, 5412421, 2917, 0, 0
10396, 27, 101, 1354, 1, 0, 4.45%, 0, 1, 11, 930.15, 5416730, 2917, 0, 0
10401, 27, 1023, 1354, 1, 0, 4.45%, 0, 1, 11, 910.00, 5420904, 2917, 0, 0
10406, 28, 389, 1354, 1, 0, 4.45%, 0, 1, 11, 912.13, 5425547, 2917, 0, 0
10411, 28, 688, 1354, 1, 0, 4.45%, 0, 1, 11, 632.95, 5429150, 2917, 0, 0
10416, 28, 349, 1354, 1, 0, 4.45%, 0, 1, 11, 875.39, 5433340, 2917, 0, 0
10422, 28, 1115, 1354, 1, 0, 4.45%, 0, 1, 11, 884.83, 5438303, 2917, 0, 0
10427, 28, 12, 1354, 1, 0, 4.45%, 0, 1, 11, 931.54, 5442788, 2917, 0, 0
10433, 28, 568, 1354, 1, 0, 4.45%, 0, 1, 11, 819.39, 5446825, 2917, 0, 0
10438, 28, 379, 1354, 1, 0, 4.45%, 0, 1, 11, 865.54, 5451382, 2917, 0, 0
10443, 28, 1256, 1354, 1, 0, 4.45%, 0, 1, 11, 830.01, 5455016, 2917, 0, 0
10448, 28, 937, 1354, 1, 0, 4.45%, 0, 1, 11, 872.70, 5459516, 2917, 0, 0
10453, 28, 673, 1354, 1, 0, 4.45%, 0, 1, 11, 970.46, 5463714, 2917, 0, 0
10458, 28, 266, 1354, 1, 0, 4.45%, 0, 1, 11, 922.07, 5468347, 2917, 0, 0
10464, 28, 1029, 1354, 1, 0, 4.45%, 0, 1, 11, 922.09, 5473057, 2917, 0, 0
10469, 28, 253, 1354, 1, 0, 4.45%, 0, 1, 11, 810.47, 5477546, 2917, 0, 0
10474, 28, 479, 1354, 1, 0, 4.45%, 0, 1, 11, 824.77, 5481791, 2917, 0, 0
10479, 28, 453, 1354, 1, 0, 4.45%, 0, 1, 11, 861.79, 5486168, 2917, 0, 0
10485, 28, 240, 1354, 1, 0, 4.45%, 0, 1, 11, 870.78, 5490441, 2917, 0, 0
10490, 28, 1146, 1354, 1, 0, 4.45%, 0, 1, 11, 995.02, 5494539, 2917, 0, 0
10495, 28, 881, 1354, 1, 0, 4.45%, 0, 1, 11, 931.70, 5498825, 2917, 0, 0
10500, 28, 171, 1354, 1, 0, 4.45%, 0, 1, 11, 770.20, 5503179, 2917, 0, 0
10506, 28, 844, 1354, 1, 0, 4.45%, 0, 1, 11, 910.47, 5507437, 2917, 0, 0
10511, 28, 334, 1354, 1, 0, 4.45%, 0, 1, 11, 826.03, 5511436, 2917, 0, 0
10516, 28, 1065, 1354, 1, 0, 4.45%, 0, 1, 11, 67.92, 5515765, 2917, 0, 0
10521, 28, 794, 1354, 1, 0, 4.45%, 0, 1, 11, 778.34, 5520028, 2917, 0, 0
10528, 28, 769, 1354, 1, 0, 4.45%, 0, 1, 11, 885.10, 5525225, 2917, 0, 0
10533, 28, 30, 1354, 1, 0, 4.45%, 0, 1, 11, 699.02, 5529351, 2917, 0, 0
10538, 28, 834, 1354, 1, 0, 4.45%, 0, 1, 11, 803.84, 5533479, 2917, 0, 0
10544, 28, 476, 1354, 1, 0, 4.45%, 0, 1, 11, 949.62, 5537614, 2917, 0, 0
10549, 28, 432, 1354, 1, 0, 4.45%, 0, 1, 11, 76.08, 5538114, 2917, 0, 0
10554, 28, 290, 1354, 1, 0, 4.45%, 0, 1, 11, 753.69, 5540411, 2917, 0, 0
10559, 28, 794, 1354, 1, 0, 4.45%, 0, 1, 11, 922.36, 5543259, 2917, 0, 0
10564, 28, 653, 1354, 1, 0, 4.45%, 0, 1, 11, 937.82, 5545910, 2917, 0, 0
10569, 28, 1150, 1354, 1, 0, 4.45%, 0, 1, 11, 637.16, 5548666, 2917, 0, 0
10574, 28, 566, 1354, 1, 0, 4.45%, 0, 1, 11, 75.16, 5551176, 2917, 0, 0
10579, 28, 648, 1354, 1, 0, 4.45%, 0, 1, 11, 77.94, 5554199, 2917, 0, 0
10585, 28, 131, 1354, 1, 0, 4.45%, 0, 1, 11, 67.82, 5557285, 2917, 0, 0
10590, 28, 1137, 1354, 1, 0, 4.45%, 0, 1, 11, 824.24, 5560078, 2917, 0, 0
10595, 28, 1146, 1354, 1, 0, 4.45%, 0, 1, 11, 76.44, 5562803, 2917, 0, 0
10600, 28, 979, 1354, 1, 0, 4.45%, 0, 1, 11, 78.33, 5565596, 2917, 0, 0
10606, 28, 379, 1354, 1, 0, 4.45%, 0, 1, 11, 73.86, 5568305, 2917, 0, 0
10611, 28, 217, 1354, 1, 0, 4.45%, 0, 1, 11, 916.30, 5571014, 2917, 0, 0
10616, 28, 142, 1354, 1, 0, 4.45%, 0, 1, 11, 959.41, 5572959, 2917, 0, 0
10621, 28, 898, 1354, 1, 0, 4.45%, 0, 1, 11, 71.06, 5574807, 2917, 0, 0
10626, 28, 1072, 1354, 1, 0, 4.45%, 0, 1, 11, 64.39, 5576809, 2917, 0, 0
10631, 28, 107, 1354, 1, 0, 4.45%, 0, 1, 11, 77.66, 5579633, 2917, 0, 0
10636, 28, 775, 1354, 1, 0, 4.45%, 0, 1, 11, 886.69, 5582505, 2917, 0, 0
10641, 28, 75, 1354, 1, 0, 4.45%, 0, 1, 11, 864.98, 5584226, 2917, 0, 0
10647, 28, 709, 1354, 1, 0, 4.45%, 0, 1, 11, 972.24, 5586132, 2917, 0, 0
10652, 28, 994, 1354, 1, 0, 4.45%, 0, 1, 11, 76.06, 5588492, 2917, 0, 0
10657, 28, 432, 1354, 1, 0, 4.45%, 0, 1, 11, 77.28, 5591204, 2917, 0, 0
10662, 28, 597, 1354, 1, 0, 4.45%, 0, 1, 11, 69.32, 5592962, 2917, 0, 0
10667, 28, 735, 1354, 1, 0, 4.45%, 0, 1, 11, 725.00, 5595583, 2917, 0, 0
10672, 28, 426, 1354, 1, 0, 4.45%, 0, 1, 11, 889.78, 5597245, 2917, 0, 0
10677, 28, 416, 1354, 1, 0, 4.45%, 0, 1, 11, 736.56, 5598933, 2917, 0, 0
10682, 28, 466, 1354, 1, 0, 4.45%, 0, 1, 11, 78.18, 5601244, 2917, 0, 0
10687, 28, 830, 1354, 0, 0, 4.45%, 0, 1, 11, 71.77, 5603824, 2917, 0, 0
10692, 28, 715, 1354, 0, 0, 4.45%, 0, 1, 11, 119.54, 5606343, 2917, 0, 0
10697, 29, 297, 1354, 0, 0, 4.45%, 0, 1, 11, 964.95, 5608204, 2917, 0, 0
10702, 29, 38, 1354, 0, 0, 4.45%, 0, 1, 11, 900.00, 5609631, 2917, 0, 0
10708, 29, 579, 1354, 0, 0, 4.45%, 0, 1, 11, 148.02, 5611881, 2917, 0, 0
10713, 29, 394, 1354, 0, 0, 4.45%, 0, 1, 11, 74.69, 5613684, 2917, 0, 0
10718, 29, 847, 1354, 0, 0, 4.45%, 0, 1, 11, 71.95, 5616227, 2917, 0, 0
10723, 29, 633, 1354, 0, 0, 4.45%, 0, 1, 11, 844.17, 5618571, 2917, 0, 0
10728, 29, 271, 1354, 0, 0, 4.45%, 0, 1, 11, 992.62, 5620230, 2917, 0, 0
10733, 29, 673, 1354, 0, 0, 4.45%, 0, 1, 11, 660.00, 5621716, 2917, 0, 0
10738, 29, 1222, 1354, 0, 0, 4.45%, 0, 1, 11, 64.30, 5624004, 2917, 0, 0
10744, 29, 673, 1354, 0, 0, 4.45%, 0, 1, 11, 68.34, 5626543, 2917, 0, 0
10749, 29, 1021, 1354, 0, 0, 4.45%, 0, 1, 11, 803.84, 5628884, 2917, 0, 0
10755, 29, 110, 1354, 0, 0, 4.45%, 0, 1, 11, 849.30, 5631244, 2917, 0, 0
10760, 29, 673, 1354, 0, 0, 4.45%, 0, 1, 11, 892.15, 5632827, 2917, 0, 0
10765, 29, 563, 1354, 0, 0, 4.45%, 0, 1, 11, 791.52, 5634490, 2917, 0, 0
10770, 29, 709, 1354, 0, 0, 4.45%, 0, 1, 11, 74.11, 5636537, 2917, 0, 0
10775, 29, 934, 1354, 0, 0, 4.45%, 0, 1, 11, 93.47, 5639022, 2917, 0, 0
10780, 29, 57, 1354, 0, 0, 4.45%, 0, 1, 11, 78.09, 5641503, 2917, 0, 0
10785, 29, 1018, 1354, 0, 0, 4.45%, 0, 1, 11, 511.93, 5643578, 2917, 0, 0
10790, 29, 494, 1354, 0, 0, 4.45%, 0, 1, 11, 650.15, 5645299, 2917, 0, 0
10795, 29, 1104, 1354, 0, 0, 4.45%, 0, 1, 11, 1004.33, 5646938, 2917, 0, 0
10800, 29, 673, 1354, 0, 0, 4.45%, 0, 1, 11, 68.59, 5648635, 2917, 0, 0
10806, 29, 1236, 1354, 0, 0, 4.45%, 0, 1, 11, 78.97, 5650773, 2917, 0, 0
10811, 29, 1252, 1354, 0, 0, 4.45%, 0, 1, 11, 75.99, 5653237, 2917, 0, 0
10816, 29, 1308, 1354, 0, 0, 4.45%, 0, 1, 11, 60.44, 5655547, 2917, 0, 0
10821, 29, 96, 1354, 0, 0, 4.45%, 0, 1, 11, 596.28, 5657807, 2917, 0, 0
10826, 29, 430, 1354, 0, 0, 4.45%, 0, 1, 11, 958.30, 5659775, 2917, 0, 0
10831, 29, 844, 1354, 0, 0, 4.45%, 0, 1, 11, 989.16, 5661305, 2917, 0, 0
10836, 29, 66, 1354, 0, 0, 4.45%, 0, 1, 11, 98.53, 5662898, 2917, 0, 0
10841, 29, 986, 1354, 0, 0, 4.45%, 0, 1, 11, 74.17, 5665379, 2917, 0, 0
10846, 29, 460, 1354, 0, 0, 4.45%, 0, 1, 11, 85.77, 5667790, 2917, 0, 0
10852, 29, 379, 1363, 9, 0, 4.45%, 0, 1, 11, 583.99, 5669272, 2917, 0, 0
10857, 29, 1237, 1363, 9, 0, 4.45%, 0, 1, 11, 435.00, 5670636, 2917, 0, 0
10862, 29, 1152, 1363, 9, 0, 4.45%, 0, 1, 11, 77.09, 5672803, 2917, 0, 0
10867, 29, 1355, 1363, 9, 0, 4.45%, 0, 1, 11, 59.72, 5674933, 2917, 0, 0
10873, 29, 1355, 1363, 9, 0, 4.45%, 0, 1, 11, 64.34, 5675413, 2917, 0, 0
10878, 29, 1256, 1363, 8, 0, 4.45%, 0, 1, 11, 666.41, 5677012, 2917, 0, 0
10883, 29, 782, 1363, 8, 0, 4.45%, 0, 1, 11, 82.88, 5678212, 2917, 0, 0
10888, 29, 478, 1363, 8, 0, 4.45%, 0, 1, 11, 77.76, 5680717, 2917, 0, 0
10893, 29, 1147, 1363, 8, 0, 4.45%, 0, 1, 11, 78.87, 5683161, 2917, 0, 0
10898, 29, 987, 1363, 8, 0, 4.45%, 0, 1, 11, 873.92, 5685504, 2917, 0, 0
10903, 29, 949, 1363, 8, 0, 4.45%, 0, 1, 11, 842.32, 5686546, 2917, 0, 0
10908, 29, 375, 1363, 8, 0, 4.45%, 0, 1, 11, 100.23, 5687614, 2917, 0, 0
10913, 29, 830, 1363, 7, 0, 4.45%, 0, 1, 11, 75.40, 5690016, 2917, 0, 0
10919, 29, 831, 1363, 7, 0, 4.45%, 0, 1, 11, 78.46, 5692342, 2917, 0, 0
10925, 29, 1362, 1363, 7, 0, 4.45%, 0, 1, 11, 953.90, 5694730, 2917, 0, 0
10930, 29, 1228, 1363, 6, 0, 4.45%, 0, 1, 11, 685.74, 5696092, 2917, 0, 0
10935, 29, 494, 1363, 6, 0, 4.45%, 0, 1, 11, 103.18, 5697391, 2917, 0, 0
10940, 29, 450, 1363, 5, 0, 4.45%, 0, 1, 11, 76.74, 5699243, 2917, 0, 0
10945, 29, 432, 1363, 5, 0, 4.45%, 0, 1, 11, 83.52, 5700997, 2917, 0, 0
10951, 29, 518, 1363, 5, 0, 4.45%, 0, 1, 11, 854.35, 5703409, 2917, 0, 0
10956, 29, 34, 1363, 5, 0, 4.45%, 0, 1, 11, 840.83, 5705312, 2917, 0, 0
10962, 29, 1356, 1363, 5, 0, 4.45%, 0, 1, 11, 953.50, 5707272, 2917, 0, 0
10967, 29, 102, 1363, 4, 0, 4.45%, 0, 1, 11, 76.60, 5708497, 2917, 0, 0
10972, 29, 938, 1363, 3, 0, 4.45%, 0, 1, 11, 76.46, 5710597, 2917, 0, 0
10977, 29, 1336, 1363, 3, 0, 4.45%, 0, 1, 11, 63.08, 5712639, 2917, 0, 0
10982, 29, 426, 1363, 2, 0, 4.45%, 0, 1, 11, 729.89, 5715046, 2917, 0, 0
10987, 29, 375, 1363, 2, 0, 4.45%, 0, 1, 11, 894.82, 5716691, 2917, 0, 0
10992, 29, 1276, 1363, 2, 0, 4.45%, 0, 1, 11, 606.66, 5718147, 2917, 0, 0
10997, 29, 258, 1363, 2, 0, 4.45%, 0, 1, 11, 76.33, 5719932, 2917, 0, 0
11003, 29, 447, 1363, 2, 0, 4.45%, 0, 1, 11, 74.86, 5721973, 2917, 0, 0
11008, 29, 724, 1363, 2, 0, 4.45%, 0, 1, 11, 91.80, 5724144, 2917, 0, 0
11013, 29, 1252, 1363, 2, 0, 4.45%, 0, 1, 11, 78.40, 5726294, 2917, 0, 0
11018, 29, 614, 1363, 2, 0, 4.45%, 0, 1, 11, 102.59, 5727126, 2917, 0, 0
11023, 29, 672, 1363, 2, 0, 4.45%, 0, 1, 11, 980.69, 5729019, 2917, 0, 0
11028, 29, 740, 1363, 2, 0, 4.45%, 0, 1, 11, 764.85, 5730453, 2917, 0, 0
11033, 29, 830, 1363, 2, 0, 4.45%, 0, 1, 11, 76.25, 5732026, 2917, 0, 0
11038, 29, 617, 1363, 2, 0, 4.45%, 0, 1, 11, 67.39, 5733146, 2917, 0, 0
11043, 29, 648, 1363, 2, 0, 4.45%, 0, 1, 11, 78.91, 5735439, 2917, 0, 0
11049, 29, 553, 1363, 2, 0, 4.45%, 0, 1, 11, 67.94, 5737411, 2917, 0, 0
11054, 29, 794, 1363, 2, 0, 4.45%, 0, 1, 11, 901.24, 5739617, 2917, 0, 0
11059, 29, 830, 1363, 2, 0, 4.45%, 0, 1, 11, 854.81, 5741069, 2917, 0, 0
11064, 29, 38, 1363, 2, 0, 4.45%, 0, 1, 11, 74.88, 5742415, 2917, 0, 0
11069, 29, 360, 1363, 2, 0, 4.45%, 0, 1, 11, 828.54, 5744943, 2917, 0, 0
11074, 29, 251, 1363, 2, 0, 4.45%, 0, 1, 11, 757.36, 5747468, 2917, 0, 0
11079, 29, 908, 1363, 2, 0, 4.45%, 0, 1, 11, 837.46, 5748910, 2917, 0, 0
11085, 29, 637, 1363, 2, 0, 4.45%, 0, 1, 11, 69.08, 5750329, 2917, 0, 0
11090, 29, 1274, 1363, 2, 0, 4.45%, 0, 1, 11, 77.72, 5752436, 2917, 0, 0
11095, 29, 1111, 1363, 2, 0, 4.45%, 0, 1, 11, 144.61, 5754803, 2917, 0, 0
11100, 29, 799, 1363, 2, 0, 4.45%, 0, 1, 11, 812.13, 5756903, 2917, 0, 0
11105, 29, 476, 1363, 2, 0, 4.45%, 0, 1, 11, 852.51, 5757963, 2917, 0, 0
11110, 29, 1211, 1363, 2, 0, 4.45%, 0, 1, 11, 60.61, 5760001, 2917, 0, 0
11115, 29, 235, 1363, 2, 0, 4.45%, 0, 1, 11, 74.97, 5762425, 2917, 0, 0
11120, 29, 1065, 1363, 2, 0, 4.45%, 0, 1, 11, 138.33, 5764728, 2917, 0, 0
11126, 29, 987, 1363, 2, 0, 4.45%, 0, 1, 11, 978.00, 5766164, 2917, 0, 0
11131, 29, 1062, 1363, 2, 0, 4.45%, 0, 1, 11, 76.10, 5767537, 2917, 0, 0
11136, 29, 375, 1363, 2, 0, 4.45%, 0, 1, 11, 77.30, 5768344, 2917, 0, 0
11141, 29, 243, 1363, 2, 0, 4.45%, 0, 1, 11, 76.10, 5770826, 2917, 0, 0
11146, 29, 987, 1363, 2, 0, 4.45%, 0, 1, 11, 860.75, 5772780, 2917, 0, 0
11151, 29, 1081, 1363, 2, 0, 4.45%, 0, 1, 11, 954.55, 5774295, 2917, 0, 0
11156, 29, 750, 1363, 2, 0, 4.45%, 0, 1, 11, 83.15, 5776101, 2917, 0, 0
11162, 29, 125, 1363, 2, 0, 4.45%, 0, 1, 11, 71.62, 5778536, 2917, 0, 0
11167, 29, 978, 1363, 2, 0, 4.45%, 0, 1, 11, 114.03, 5780874, 2917, 0, 0
11172, 29, 482, 1363, 2, 0, 4.45%, 0, 1, 11, 950.49, 5782670, 2917, 0, 0
11177, 29, 297, 1363, 2, 0, 4.45%, 0, 1, 11, 125.90, 5783669, 2917, 0, 0
11182, 29, 972, 1363, 2, 0, 4.45%, 0, 1, 11, 129.54, 5785980, 2917, 0, 0
11187, 29, 775, 1363, 2, 0, 4.45%, 0, 1, 11, 70.60, 5788362, 2917, 0, 0
11192, 29, 724, 1363, 2, 0, 4.45%, 0, 1, 11, 73.39, 5790832, 2917, 0, 0
11197, 29, 460, 1363, 2, 0, 4.45%, 0, 1, 11, 936.10, 5792365, 2917, 0, 0
11202, 29, 1274, 1363, 2, 0, 4.45%, 0, 1, 11, 989.30, 5793887, 2917, 0, 0
11209, 29, 1049, 1363, 2, 0, 4.45%, 0, 1, 11, 416.83, 5796324, 2917, 0, 0
11214, 29, 1328, 1363, 2, 0, 4.45%, 0, 1, 11, 73.73, 5797865, 2917, 0, 0
11219, 29, 93, 1363, 2, 0, 4.45%, 0, 1, 11, 76.90, 5800085, 2917, 0, 0
11224, 29, 494, 1363, 2, 0, 4.45%, 0, 1, 11, 76.15, 5802277, 2917, 0, 0
11229, 29, 818, 1363, 2, 0, 4.45%, 0, 1, 11, 67.37, 5804184, 2917, 0, 0
11234, 29, 381, 1363, 2, 0, 4.45%, 0, 1, 11, 76.39, 5806310, 2917, 0, 0
11240, 29, 1343, 1363, 2, 0, 4.45%, 0, 1, 11, 416.49, 5807992, 2917, 0, 0
11245, 29, 852, 1363, 2, 0, 4.45%, 0, 1, 11, 745.45, 5809384, 2917, 0, 0
11250, 30, 952, 1363, 2, 0, 4.45%, 0, 1, 11, 634.38, 5810877, 2917, 0, 0
11255, 30, 479, 1363, 2, 0, 4.45%, 0, 1, 11, 75.35, 5812605, 2917, 0, 0
11260, 30, 623, 1363, 2, 0, 4.45%, 0, 1, 11, 74.66, 5814883, 2917, 0, 0
11265, 30, 53, 1363, 2, 0, 4.45%, 0, 1, 11, 77.97, 5817189, 2917, 0, 0
11270, 30, 43, 1363, 2, 0, 4.45%, 0, 1, 11, 76.33, 5819201, 2917, 0, 0
11277, 30, 557, 1363, 2, 0, 4.45%, 0, 1, 11, 938.90, 5821422, 2917, 0, 0
11282, 30, 479, 1363, 2, 0, 4.45%, 0, 1, 11, 912.64, 5823810, 2917, 0, 0
11287, 30, 483, 1363, 2, 0, 4.45%, 0, 1, 11, 783.45, 5824977, 2917, 0, 0
11292, 30, 482, 1363, 2, 0, 4.45%, 0, 1, 11, 91.77, 5826834, 2917, 0, 0
11297, 30, 332, 1363, 2, 0, 4.45%, 0, 1, 11, 74.85, 5828873, 2917, 0, 0
11302, 30, 1274, 1363, 2, 0, 4.45%, 0, 1, 11, 76.16, 5831346, 2917, 0, 0
11307, 30, 1173, 1363, 2, 0, 4.45%, 0, 1, 11, 928.39, 5833204, 2917, 0, 0
11312, 30, 650, 1363, 2, 0, 4.45%, 0, 1, 11, 830.01, 5834417, 2917, 0, 0
11318, 30, 1113, 1363, 2, 0, 4.45%, 0, 1, 11, 72.92, 5836567, 2917, 0, 0
11323, 30, 430, 1363, 2, 0, 4.45%, 0, 1, 11, 86.13, 5838831, 2917, 0, 0
11328, 30, 53, 1363, 2, 0, 4.45%, 0, 1, 11, 665.25, 5841344, 2917, 0, 0
11334, 30, 649, 1363, 2, 0, 4.45%, 0, 1, 11, 656.78, 5843466, 2917, 0, 0
11339, 30, 975, 1363, 2, 0, 4.45%, 0, 1, 11, 602.78, 5844696, 2917, 0, 0
11344, 30, 83, 1363, 2, 0, 4.45%, 0, 1, 11, 76.89, 5846698, 2917, 0, 0
11349, 30, 456, 1363, 2, 0, 4.45%, 0, 1, 11, 81.60, 5848074, 2917, 0, 0
11354, 30, 1354, 1363, 1, 0, 4.45%, 0, 1, 11, 60.13, 5850443, 2917, 0, 0
11359, 30, 1023, 1363, 0, 0, 4.45%, 0, 1, 11, 641.37, 5852018, 2917, 0, 0
11364, 30, 476, 1363, 0, 0, 4.45%, 0, 1, 11, 505.00, 5853230, 2917, 0, 0
11369, 30, 921, 1363, 0, 0, 4.45%, 0, 1, 11, 71.15, 5855535, 2917, 0, 0
11374, 30, 65, 1363, 0, 0, 4.45%, 0, 1, 11, 78.08, 5857885, 2917, 0, 0
11381, 30, 230, 1363, 0, 0, 4.45%, 0, 1, 11, 571.30, 5860290, 2917, 0, 0
11386, 30, 1360, 1363, 0, 0, 4.45%, 0, 1, 11, 804.35, 5862270, 2917, 0, 0
11391, 30, 772, 1363, 0, 0, 4.45%, 0, 1, 11, 644.06, 5864089, 2917, 0, 0
11396, 30, 49, 1363, 0, 0, 4.45%, 0, 1, 11, 955.00, 5865365, 2917, 0, 0
11401, 30, 987, 1363, 0, 0, 4.45%, 0, 1, 11, 73.56, 5867385, 2917, 0, 0
11407, 30, 735, 1363, 0, 0, 4.45%, 0, 1, 11, 144.75, 5869652, 2917, 0, 0
11412, 30, 688, 1363, 0, 0, 4.45%, 0, 1, 11, 70.17, 5871783, 2917, 0, 0
11417, 30, 920, 1363, 0, 0, 4.45%, 0, 1, 11, 808.38, 5873900, 2917, 0, 0
11422, 30, 98, 1363, 0, 0, 4.45%, 0, 1, 11, 980.63, 5875345, 2917, 0, 0
11428, 30, 223, 1363, 0, 0, 4.45%, 0, 1, 11, 881.30, 5878061, 2917, 0, 0
11433, 30, 450, 1363, 0, 0, 4.45%, 0, 1, 11, 790.78, 5879333, 2917, 0, 0
11438, 30, 135, 1363, 0, 0, 4.45%, 0, 1, 11, 67.83, 5880947, 2917, 0, 0
11443, 30, 770, 1363, 0, 0, 4.45%, 0, 1, 11, 73.37, 5883236, 2917, 0, 0
11448, 30, 63, 1363, 0, 0, 4.45%, 0, 1, 11, 939.18, 5886764, 2917, 0, 0
11454, 30, 1357, 1364, 1, 0, 4.45%, 0, 1, 11, 961.67, 5890801, 2917, 0, 0
11459, 30, 986, 1364, 1, 0, 4.45%, 0, 1, 11, 924.07, 5895219, 2917, 0, 0
11464, 30, 726, 1364, 1, 0, 4.45%, 0, 1, 11, 907.13, 5899921, 2917, 0, 0
11469, 30, 151, 1364, 1, 0, 4.45%, 0, 1, 11, 900.83, 5904418, 2917, 0, 0
11474, 30, 698, 1364, 1, 0, 4.45%, 0, 1, 11, 735.61, 5908133, 2917, 0, 0
11479, 30, 416, 1364, 1, 0, 4.45%, 0, 1, 11, 759.10, 5912101, 2917, 0, 0
11485, 30, 427, 1364, 1, 0, 4.45%, 0, 1, 11, 700.88, 5914741, 2917, 0, 0
11490, 30, 712, 1364, 1, 0, 4.45%, 0, 1, 11, 921.75, 5919228, 2917, 0, 0
11495, 30, 671, 1364, 1, 0, 4.45%, 0, 1, 11, 888.14, 5923661, 2917, 0, 0
11501, 30, 1198, 1364, 1, 0, 4.45%, 0, 1, 11, 853.26, 5928851, 2917, 0, 0
11506, 30, 770, 1364, 1, 0, 4.45%, 0, 1, 11, 833.21, 5933080, 2917, 0, 0
11511, 30, 1231, 1364, 1, 0, 4.45%, 0, 1, 11, 742.50, 5936772, 2917, 0, 0
11518, 30, 690, 1364, 1, 0, 4.45%, 0, 1, 11, 773.72, 5941676, 2917, 0, 0
11523, 30, 709, 1364, 1, 0, 4.45%, 0, 1, 11, 873.22, 5946106, 2917, 0, 0
11528, 30, 36, 1364, 1, 0, 4.45%, 0, 1, 11, 894.03, 5950539, 2917, 0, 0
11533, 30, 668, 1364, 1, 0, 4.45%, 0, 1, 11, 787.90, 5954486, 2917, 0, 0
11538, 30, 743, 1364, 1, 0, 4.45%, 0, 1, 11, 852.85, 5958852, 2917, 0, 0
11544, 30, 479, 1364, 1, 0, 4.45%, 0, 1, 11, 910.16, 5963636, 2917, 0, 0
11550, 30, 608, 1364, 0, 0, 4.45%, 0, 1, 11, 848.10, 5968085, 2917, 0, 0
11555, 30, 492, 1364, 0, 0, 4.45%, 0, 1, 11, 771.02, 5972007, 2917, 0, 0
11560, 30, 110, 1364, 0, 0, 4.45%, 0, 1, 11, 886.38, 5976719, 2917, 0, 0
11565, 30, 74, 1364, 0, 0, 4.45%, 0, 1, 11, 926.46, 5981376, 2917, 0, 0
11570, 30, 1328, 1364, 0, 0, 4.45%, 0, 1, 11, 906.93, 5986049, 2917, 0, 0
11575, 30, 998, 1364, 0, 0, 4.45%, 0, 1, 11, 880.82, 5990643, 2917, 0, 0
11580, 30, 1252, 1364, 0, 0, 4.45%, 0, 1, 11, 899.59, 5995120, 2917, 0, 0
11585, 30, 476, 1364, 0, 0, 4.45%, 0, 1, 11, 878.90, 5999158, 2917, 0, 0
11591, 31, 908, 1364, 0, 0, 4.45%, 0, 1, 11, 882.99, 6003529, 2917, 0, 0
11596, 31, 563, 1364, 0, 0, 4.45%, 0, 1, 11, 849.51, 6007927, 2917, 0, 0
11601, 31, 1146, 1364, 0, 0, 4.45%, 0, 1, 11, 849.97, 6011805, 2917, 0, 0
11606, 31, 271, 1364, 0, 0, 4.45%, 0, 1, 11, 921.99, 6016721, 2917, 0, 0
11611, 31, 450, 1364, 0, 0, 4.45%, 0, 1, 11, 913.29, 6021253, 2917, 0, 0
11616, 31, 1304, 1364, 0, 0, 4.45%, 0, 1, 11, 911.78, 6025753, 2917, 0, 0
11621, 31, 41, 1364, 0, 0, 4.45%, 0, 1, 11, 851.99, 6029874, 2917, 0, 0
11626, 31, 724, 1364, 0, 0, 4.45%, 0, 1, 11, 891.23, 6034362, 2917, 0, 0
11631, 31, 954, 1364, 0, 0, 4.45%, 0, 1, 11, 903.58, 6038945, 2917, 0, 0
11637, 31, 556, 1364, 0, 0, 4.45%, 0, 1, 11, 926.23, 6044062, 2917, 0, 0
11642, 31, 934, 1364, 0, 0, 4.45%, 0, 1, 11, 872.15, 6048298, 2917, 0, 0
11647, 31, 93, 1364, 0, 0, 4.45%, 0, 1, 11, 910.29, 6053078, 2917, 0, 0
11652, 31, 587, 1364, 0, 0, 4.45%, 0, 1, 11, 878.36, 6057599, 2917, 0, 0
11657, 31, 650, 1364, 0, 0, 4.45%, 0, 1, 11, 844.52, 6061636, 2917, 0, 0
11662, 31, 986, 1364, 0, 0, 4.45%, 0, 1, 11, 799.29, 6065699, 2917, 0, 0
11667, 31, 673, 1364, 0, 0, 4.45%, 0, 1, 11, 894.50, 6070356, 2917, 0, 0
11672, 31, 1152, 1364, 0, 0, 4.45%, 0, 1, 11, 899.40, 6074915, 2917, 0, 0
11679, 31, 1035, 1364, 0, 0, 4.45%, 0, 1, 11, 918.70, 6080887, 2917, 0, 0
11684, 31, 1192, 1364, 0, 0, 4.45%, 0, 1, 11, 832.33, 6085080, 2917, 0, 0
11689, 31, 260, 1364, 0, 0, 4.45%, 0, 1, 11, 908.60, 6089722, 2917, 0, 0
11694, 31, 830, 1364, 0, 0, 4.45%, 0, 1, 11, 904.52, 6094210, 2917, 0, 0
11699, 31, 712, 1364, 0, 0, 4.45%, 0, 1, 11, 910.66, 6098464, 2917, 0, 0
11704, 31, 33, 1364, 0, 0, 4.45%, 0, 1, 11, 856.64, 6102539, 2917, 0, 0
11709, 31, 168, 1364, 0, 0, 4.45%, 0, 1, 11, 904.13, 6107143, 2917, 0, 0
11716, 31, 897, 1364, 0, 0, 4.45%, 0, 1, 11, 898.26, 6112691, 2917, 0, 0
11721, 31, 1280, 1364, 0, 0, 4.45%, 0, 1, 11, 918.56, 6117357, 2917, 0, 0
11726, 31, 483, 1364, 0, 0, 4.45%, 0, 1, 11, 871.59, 6121606, 2917, 0, 0
11731, 31, 1282, 1364, 0, 0, 4.45%, 0, 1, 11, 882.82, 6125957, 2917, 0, 0
11736, 31, 71, 1364, 0, 0, 4.45%, 0, 1, 11, 930.11, 6130852, 2917, 0, 0
11741, 31, 623, 1364, 0, 0, 4.45%, 0, 1, 11, 891.18, 6135074, 2917, 0, 0
11746, 31, 1274, 1364, 0, 0, 4.45%, 0, 1, 11, 979.75, 6139124, 2917, 0, 0
11752, 31, 569, 1364, 0, 0, 4.45%, 0, 1, 11, 876.61, 6142626, 2917, 0, 0
11757, 31, 1151, 1364, 0, 0, 4.45%, 0, 1, 11, 964.77, 6146655, 2917, 0, 0
11762, 31, 450, 1364, 0, 0, 4.45%, 0, 1, 11, 912.91, 6151158, 2917, 0, 0
11768, 31, 802, 1364, 0, 0, 4.45%, 0, 1, 11, 726.85, 6156115, 2917, 0, 0
11773, 31, 622, 1364, 0, 0, 4.45%, 0, 1, 11, 819.47, 6160488, 2917, 0, 0
11778, 31, 678, 1364, 0, 0, 4.45%, 0, 1, 11, 783.31, 6164786, 2917, 0, 0
11783, 31, 97, 1364, 0, 0, 4.45%, 0, 1, 11, 871.61, 6169017, 2917, 0, 0
11788, 31, 36, 1364, 0, 0, 4.45%, 0, 1, 11, 956.72, 6173174, 2917, 0, 0
11794, 31, 450, 1364, 0, 0, 4.45%, 0, 1, 11, 921.53, 6177491, 2917, 0, 0
11799, 31, 712, 1364, 0, 0, 4.45%, 0, 1, 11, 147.83, 6181572, 2917, 0, 0
11804, 31, 561, 1364, 0, 0, 4.45%, 0, 1, 11, 714.39, 6185815, 2917, 0, 0
11809, 31, 910, 1364, 0, 0, 4.45%, 0, 1, 11, 956.93, 6190402, 2917, 0, 0
11814, 32, 1076, 1364, 0, 0, 4.45%, 0, 1, 11, 386.32, 6194443, 2917, 0, 0
11819, 32, 660, 1364, 0, 0, 4.45%, 0, 1, 11, 723.95, 6198654, 2917, 0, 0
11824, 32, 996, 1364, 0, 0, 4.45%, 0, 1, 11, 945.36, 6203051, 2917, 0, 0
11829, 32, 987, 1364, 0, 0, 4.45%, 0, 1, 11, 978.17, 6207369, 2917, 0, 0
11834, 32, 1147, 1364, 0, 0, 4.45%, 0, 1, 11, 853.75, 6211510, 2917, 0, 0
11841, 32, 1079, 1364, 0, 0, 4.45%, 0, 1, 11, 815.35, 6216643, 2917, 0, 0
11846, 32, 856, 1364, 0, 0, 4.45%, 0, 1, 11, 861.90, 6220755, 2917, 0, 0
11851, 32, 1110, 1364, 0, 0, 4.45%, 0, 1, 11, 824.62, 6224976, 2917, 0, 0
11856, 32, 726, 1364, 0, 0, 4.45%, 0, 1, 11, 870.49, 6229346, 2917, 0, 0
11862, 32, 496, 1364, 0, 0, 4.45%, 0, 1, 11, 872.81, 6233672, 2917, 0, 0
11867, 32, 49, 1364, 0, 0, 4.45%, 0, 1, 11, 814.68, 6237782, 2917, 0, 0
11872, 32, 594, 1364, 0, 0, 4.45%, 0, 1, 11, 817.57, 6241956, 2917, 0, 0
11878, 32, 1364, 1365, 1, 0, 4.45%, 0, 1, 11, 785.21, 6246010, 2917, 0, 0
11883, 32, 420, 1365, 0, 0, 4.45%, 0, 1, 11, 927.97, 6250294, 2917, 0, 0
11888, 32, 1252, 1365, 0, 0, 4.45%, 0, 1, 11, 834.17, 6254212, 2917, 0, 0
11893, 32, 1023, 1365, 0, 0, 4.45%, 0, 1, 11, 73.73, 6257895, 2917, 0, 0
11898, 32, 12, 1365, 0, 0, 4.45%, 0, 1, 11, 868.41, 6262157, 2917, 0, 0
11904, 32, 420, 1365, 0, 0, 4.45%, 0, 1, 11, 685.02, 6266375, 2917, 0, 0
11909, 32, 1248, 1365, 0, 0, 4.45%, 0, 1, 11, 834.14, 6271084, 2917, 0, 0
11914, 32, 126, 1365, 0, 0, 4.45%, 0, 1, 11, 840.42, 6275201, 2917, 0, 0
11919, 32, 673, 1365, 0, 0, 4.45%, 0, 1, 11, 865.67, 6278913, 2917, 0, 0
11925, 32, 402, 1365, 0, 0, 4.45%, 0, 1, 11, 894.87, 6283329, 2917, 0, 0
11930, 32, 775, 1365, 0, 0, 4.45%, 0, 1, 11, 874.43, 6287568, 2917, 0, 0
11935, 32, 1328, 1365, 0, 0, 4.45%, 0, 1, 11, 815.93, 6291581, 2917, 0, 0
11940, 32, 831, 1365, 0, 0, 4.45%, 0, 1, 11, 605.00, 6295711, 2917, 0, 0
11945, 32, 447, 1365, 0, 0, 4.45%, 0, 1, 11, 78.70, 6298588, 2917, 0, 0
11950, 32, 426, 1365, 0, 0, 4.45%, 0, 1, 11, 906.75, 6302934, 2917, 0, 0
11955, 32, 34, 1365, 0, 0, 4.45%, 0, 1, 11, 856.71, 6307069, 2917, 0, 0
11961, 32, 389, 1365, 0, 0, 4.45%, 0, 1, 11, 896.25, 6311258, 2917, 0, 0
11966, 32, 479, 1365, 0, 0, 4.45%, 0, 1, 11, 904.74, 6315060, 2917, 0, 0
11971, 32, 975, 1365, 0, 0, 4.45%, 0, 1, 11, 84.69, 6319093, 2917, 0, 0
11977, 32, 929, 1365, 0, 0, 4.45%, 0, 1, 11, 855.19, 6323758, 2917, 0, 0
11982, 32, 266, 1365, 0, 0, 4.45%, 0, 1, 11, 535.00, 6327224, 2917, 0, 0
11987, 32, 1274, 1365, 0, 0, 4.45%, 0, 1, 11, 811.25, 6331592, 2917, 0, 0
11992, 32, 712, 1365, 0, 0, 4.45%, 0, 1, 11, 783.24, 6335404, 2917, 0, 0
11998, 32, 1084, 1365, 0, 0, 4.45%, 0, 1, 11, 883.03, 6340062, 2917, 0, 0
12003, 32, 224, 1365, 0, 0, 4.45%, 0, 1, 11, 77.63, 6344103, 2917, 0, 0
12008, 32, 726, 1365, 0, 0, 4.45%, 0, 1, 11, 703.27, 6348110, 2917, 0, 0
12013, 32, 662, 1365, 0, 0, 4.45%, 0, 1, 11, 907.78, 6352099, 2917, 0, 0
12018, 32, 794, 1365, 0, 0, 4.45%, 0, 1, 11, 897.06, 6356539, 2917, 0, 0
12024, 32, 447, 1365, 0, 0, 4.45%, 0, 1, 11, 962.30, 6360875, 2917, 0, 0
12029, 32, 892, 1365, 0, 0, 4.45%, 0, 1, 11, 897.75, 6364521, 2917, 0, 0
12034, 32, 224, 1365, 0, 0, 4.45%, 0, 1, 11, 150.49, 6368780, 2917, 0, 0
12039, 32, 61, 1365, 0, 0, 4.45%, 0, 1, 11, 601.98, 6372702, 2917, 0, 0
12045, 32, 1301, 1365, 0, 0, 4.45%, 0, 1, 11, 739.56, 6377680, 2917, 0, 0
12051, 32, 423, 1365, 0, 0, 4.45%, 0, 1, 11, 78.33, 6380468, 2917, 0, 0
12056, 32, 1065, 1365, 0, 0, 4.45%, 0, 1, 11, 874.48, 6381184, 2917, 0, 0
12061, 32, 61, 1367, 2, 0, 4.45%, 0, 1, 11, 78.95, 6384891, 2917, 0, 0
12066, 33, 986, 1367, 2, 0, 4.45%, 0, 1, 11, 927.93, 6388509, 2917, 0, 0
12071, 33, 478, 1367, 2, 0, 4.45%, 0, 1, 11, 849.38, 6390980, 2917, 0, 0
12076, 33, 724, 1367, 2, 0, 4.45%, 0, 1, 11, 779.19, 6393226, 2917, 0, 0
12081, 33, 996, 1367, 2, 0, 4.45%, 0, 1, 11, 76.65, 6395677, 2917, 0, 0
12086, 33, 61, 1367, 2, 0, 4.45%, 0, 1, 11, 77.60, 6399067, 2917, 0, 0
12091, 33, 249, 1367, 2, 0, 4.45%, 0, 1, 11, 863.38, 6402391, 2917, 0, 0
12096, 33, 1366, 1367, 2, 0, 4.45%, 0, 1, 11, 877.88, 6404644, 2917, 0, 0
12102, 33, 724, 1367, 1, 0, 4.45%, 0, 1, 11, 812.15, 6406556, 2917, 0, 0
12107, 33, 420, 1367, 1, 0, 4.45%, 0, 1, 11, 76.97, 6408700, 2917, 0, 0
12112, 33, 944, 1367, 1, 0, 4.45%, 0, 1, 11, 75.27, 6411374, 2917, 0, 0
12117, 33, 131, 1367, 1, 0, 4.45%, 0, 1, 11, 148.39, 6414289, 2917, 0, 0
12122, 33, 648, 1367, 1, 0, 4.45%, 0, 1, 11, 957.16, 6417212, 2917, 0, 0
12127, 33, 751, 1367, 1, 0, 4.45%, 0, 1, 11, 951.86, 6419466, 2917, 0, 0
12132, 33, 928, 1367, 1, 0, 4.45%, 0, 1, 11, 907.08, 6421679, 2917, 0, 0
12137, 33, 888, 1367, 1, 0, 4.45%, 0, 1, 11, 520.00, 6422848, 2917, 0, 0
12143, 33, 447, 1367, 1, 0, 4.45%, 0, 1, 11, 66.04, 6425255, 2917, 0, 0
12148, 33, 733, 1367, 1, 0, 4.45%, 0, 1, 11, 102.31, 6427695, 2917, 0, 0
12153, 33, 57, 1367, 1, 0, 4.45%, 0, 1, 11, 809.73, 6429906, 2917, 0, 0
12158, 33, 845, 1367, 1, 0, 4.45%, 0, 1, 11, 728.43, 6431700, 2917, 0, 0
12163, 33, 460, 1367, 1, 0, 4.45%, 0, 1, 11, 857.67, 6433581, 2917, 0, 0
12168, 33, 46, 1367, 1, 0, 4.45%, 0, 1, 11, 65.66, 6435314, 2917, 0, 0
12173, 33, 872, 1367, 1, 0, 4.45%, 0, 1, 11, 65.56, 6437467, 2917, 0, 0
12178, 33, 649, 1367, 1, 0, 4.45%, 0, 1, 11, 69.01, 6439979, 2917, 0, 0
12183, 33, 615, 1367, 1, 0, 4.45%, 0, 1, 11, 858.56, 6440870, 2917, 0, 0
12188, 33, 863, 1367, 1, 0, 4.45%, 0, 1, 11, 891.61, 6442408, 2917, 0, 0
12193, 33, 83, 1367, 1, 0, 4.45%, 0, 1, 11, 645.00, 6443816, 2917, 0, 0
12198, 33, 701, 1367, 1, 0, 4.45%, 0, 1, 11, 51.59, 6445887, 2917, 0, 0
12203, 33, 432, 1367, 1, 0, 4.45%, 0, 1, 11, 69.97, 6448034, 2917, 0, 0
12208, 33, 368, 1367, 1, 0, 4.45%, 0, 1, 11, 68.06, 6450293, 2917, 0, 0
12214, 33, 450, 1367, 1, 0, 4.45%, 0, 1, 11, 772.95, 6452586, 2917, 0, 0
12219, 33, 83, 1367, 1, 0, 4.45%, 0, 1, 11, 866.01, 6453918, 2917, 0, 0
12224, 33, 1262, 1367, 1, 0, 4.45%, 0, 1, 11, 706.78, 6455452, 2917, 0, 0
12229, 33, 810, 1367, 1, 0, 4.45%, 0, 1, 11, 69.55, 6457459, 2917, 0, 0
12234, 33, 998, 1367, 1, 0, 4.45%, 0, 1, 11, 71.22, 6459609, 2917, 0, 0
12239, 33, 779, 1367, 1, 0, 4.45%, 0, 1, 11, 68.03, 6461679, 2917, 0, 0
12244, 33, 831, 1367, 1, 0, 4.45%, 0, 1, 11, 58.82, 6463846, 2917, 0, 0
12249, 33, 420, 1367, 1, 0, 4.45%, 0, 1, 11, 654.50, 6465772, 2917, 0, 0
12255, 33, 623, 1367, 1, 0, 4.45%, 0, 1, 11, 883.07, 6467290, 2917, 0, 0
12260, 33, 63, 1367, 1, 0, 4.45%, 0, 1, 11, 74.59, 6468507, 2917, 0, 0
12265, 33, 864, 1367, 1, 0, 4.45%, 0, 1, 11, 65.23, 6470577, 2917, 0, 0
12270, 33, 1347, 1367, 1, 0, 4.45%, 0, 1, 11, 63.67, 6472677, 2917, 0, 0
12275, 33, 111, 1367, 1, 0, 4.45%, 0, 1, 11, 140.11, 6474914, 2917, 0, 0
12280, 33, 648, 1367, 1, 0, 4.45%, 0, 1, 11, 790.90, 6476970, 2917, 0, 0
12285, 33, 25, 1367, 1, 0, 4.45%, 0, 1, 11, 601.47, 6478490, 2917, 0, 0
12290, 33, 118, 1367, 1, 0, 4.45%, 0, 1, 11, 453.53, 6479793, 2917, 0, 0
12295, 33, 846, 1367, 1, 0, 4.45%, 0, 1, 11, 73.31, 6481453, 2917, 0, 0
12300, 33, 482, 1367, 1, 0, 4.45%, 0, 1, 11, 70.17, 6483528, 2917, 0, 0
12305, 33, 381, 1367, 1, 0, 4.45%, 0, 1, 11, 69.15, 6485922, 2917, 0, 0
12310, 33, 1146, 1367, 1, 0, 4.45%, 0, 1, 11, 526.11, 6488226, 2917, 0, 0
12316, 33, 225, 1367, 1, 0, 4.45%, 0, 1, 11, 649.78, 6489123, 2917, 0, 0
12321, 33, 737, 1367, 1, 0, 4.45%, 0, 1, 11, 66.67, 6490565, 2917, 0, 0
12326, 33, 447, 1367, 1, 0, 4.45%, 0, 1, 11, 68.04, 6492567, 2917, 0, 0
12332, 33, 643, 1367, 1, 0, 4.45%, 0, 1, 11, 537.72, 6494701, 2917, 0, 0
12337, 33, 227, 1367, 1, 0, 4.45%, 0, 1, 11, 69.96, 6496843, 2917, 0, 0
12342, 33, 733, 1367, 1, 0, 4.45%, 0, 1, 11, 477.58, 6497835, 2917, 0, 0
12347, 33, 153, 1367, 1, 0, 4.45%, 0, 1, 11, 665.00, 6498951, 2917, 0, 0
12352, 33, 847, 1367, 1, 0, 4.45%, 0, 1, 11, 68.71, 6500903, 2917, 0, 0
12357, 33, 842, 1367, 1, 0, 4.45%, 0, 1, 11, 69.49, 6503160, 2917, 0, 0
12362, 33, 131, 1367, 1, 0, 4.45%, 0, 1, 11, 865.72, 6505257, 2917, 0, 0
12367, 33, 770, 1367, 1, 0, 4.45%, 0, 1, 11, 767.57, 6506130, 2917, 0, 0
12373, 33, 482, 1367, 1, 0, 4.45%, 0, 1, 11, 117.89, 6507835, 2917, 0, 0
12378, 33, 714, 1367, 1, 0, 4.45%, 0, 1, 11, 57.21, 6509139, 2917, 0, 0
12383, 33, 1276, 1368, 2, 0, 4.45%, 0, 1, 11, 67.45, 6511314, 2917, 0, 0
12388, 33, 479, 1368, 2, 0, 4.45%, 0, 1, 11, 820.15, 6513004, 2917, 0, 0
12393, 33, 282, 1368, 2, 0, 4.45%, 0, 1, 11, 474.83, 6514264, 2917, 0, 0
12398, 33, 253, 1368, 2, 0, 4.45%, 0, 1, 11, 70.52, 6516161, 2917, 0, 0
12403, 33, 1367, 1368, 2, 0, 4.45%, 0, 1, 11, 63.29, 6518092, 2917, 0, 0
12409, 33, 689, 1368, 1, 0, 4.45%, 0, 1, 11, 650.48, 6520069, 2917, 0, 0
12414, 33, 1256, 1368, 1, 0, 4.45%, 0, 1, 11, 783.32, 6522168, 2917, 0, 0
12420, 33, 1226, 1368, 1, 0, 4.45%, 0, 1, 11, 480.46, 6523284, 2917, 0, 0
12425, 33, 650, 1368, 1, 0, 4.45%, 0, 1, 11, 67.49, 6524870, 2917, 0, 0
12430, 33, 938, 1368, 1, 0, 4.45%, 0, 1, 11, 66.17, 6527075, 2917, 0, 0
12435, 33, 712, 1368, 1, 0, 4.45%, 0, 1, 11, 67.88, 6529288, 2917, 0, 0
12440, 33, 420, 1368, 1, 0, 4.45%, 0, 1, 11, 756.50, 6531342, 2917, 0, 0
12446, 33, 152, 1368, 1, 0, 4.45%, 0, 1, 11, 888.97, 6533259, 2917, 0, 0
12452, 33, 565, 1368, 1, 0, 4.45%, 0, 1, 11, 814.75, 6534991, 2917, 0, 0
12457, 33, 1023, 1368, 1, 0, 4.45%, 0, 1, 11, 745.63, 6536029, 2917, 0, 0
12462, 33, 110, 1368, 1, 0, 4.45%, 0, 1, 11, 70.47, 6537849, 2917, 0, 0
12467, 33, 685, 1368, 1, 0, 4.45%, 0, 1, 11, 47.08, 6539446, 2917, 0, 0
12472, 33, 447, 1368, 1, 0, 4.45%, 0, 1, 11, 69.01, 6541254, 2917, 0, 0
12477, 33, 1350, 1368, 1, 0, 4.45%, 0, 1, 11, 887.34, 6543221, 2917, 0, 0
12482, 33, 285, 1368, 1, 0, 4.45%, 0, 1, 11, 530.25, 6544825, 2917, 0, 0
12487, 33, 934, 1368, 1, 0, 4.45%, 0, 1, 11, 831.65, 6546075, 2917, 0, 0
12493, 33, 972, 1368, 1, 0, 4.45%, 0, 1, 11, 63.94, 6547283, 2917, 0, 0
12498, 33, 613, 1368, 1, 0, 4.45%, 0, 1, 11, 66.79, 6549160, 2917, 0, 0
12503, 33, 1303, 1368, 1, 0, 4.45%, 0, 1, 11, 62.60, 6551080, 2917, 0, 0
12508, 33, 280, 1368, 1, 0, 4.45%, 0, 1, 11, 66.84, 6553142, 2917, 0, 0
12513, 33, 1292, 1368, 1, 0, 4.45%, 0, 1, 11, 69.97, 6555076, 2917, 0, 0
12518, 33, 1196, 1368, 1, 0, 4.45%, 0, 1, 11, 583.61, 6556648, 2917, 0, 0
12525, 33, 1012, 1368, 1, 0, 4.45%, 0, 1, 11, 703.72, 6559076, 2917, 0, 0
12530, 33, 952, 1368, 1, 0, 4.45%, 0, 1, 11, 840.11, 6560832, 2917, 0, 0
12536, 33, 847, 1368, 1, 0, 4.45%, 0, 1, 11, 588.45, 6562179, 2917, 0, 0
12541, 33, 179, 1368, 1, 0, 4.45%, 0, 1, 11, 82.26, 6563354, 2917, 0, 0
12546, 33, 73, 1368, 1, 0, 4.45%, 0, 1, 11, 66.18, 6565591, 2917, 0, 0
12551, 33, 98, 1368, 1, 0, 4.45%, 0, 1, 11, 125.44, 6567998, 2917, 0, 0
12556, 33, 482, 1368, 1, 0, 4.45%, 0, 1, 11, 767.16, 6569424, 2917, 0, 0
12563, 33, 780, 1368, 1, 0, 4.45%, 0, 1, 11, 906.70, 6572074, 2917, 0, 0
12568, 33, 870, 1368, 1, 0, 4.45%, 0, 1, 11, 810.60, 6573063, 2917, 0, 0
12573, 33, 321, 1368, 1, 0, 4.45%, 0, 1, 11, 66.61, 6574720, 2917, 0, 0
12578, 33, 117, 1368, 1, 0, 4.45%, 0, 1, 11, 64.63, 6576958, 2917, 0, 0
12583, 33, 602, 1368, 1, 0, 4.45%, 0, 1, 11, 449.93, 6578677, 2917, 0, 0
12588, 33, 251, 1368, 1, 0, 4.45%, 0, 1, 11, 495.35, 6580126, 2917, 0, 0
12594, 33, 580, 1368, 1, 0, 4.45%, 0, 1, 11, 68.21, 6581183, 2917, 0, 0
12599, 33, 318, 1368, 1, 0, 4.45%, 0, 1, 11, 65.00, 6583412, 2917, 0, 0
12605, 33, 368, 1368, 1, 0, 4.45%, 0, 1, 11, 117.08, 6585778, 2917, 0, 0
12610, 34, 1328, 1368, 1, 0, 4.45%, 0, 1, 11, 63.90, 6587957, 2917, 0, 0
12615, 34, 1296, 1368, 1, 0, 4.45%, 0, 1, 11, 883.69, 6589851, 2917, 0, 0
12620, 34, 1148, 1368, 1, 0, 4.45%, 0, 1, 11, 605.00, 6590719, 2917, 0, 0
12625, 34, 35, 1368, 1, 0, 4.45%, 0, 1, 11, 66.93, 6592804, 2917, 0, 0
12630, 34, 136, 1368, 1, 0, 4.45%, 0, 1, 11, 69.57, 6595101, 2917, 0, 0
12635, 34, 673, 1368, 1, 0, 4.45%, 0, 1, 11, 684.47, 6597200, 2917, 0, 0
12640, 34, 89, 1368, 1, 0, 4.45%, 0, 1, 11, 634.18, 6598145, 2917, 0, 0
12645, 34, 432, 1368, 1, 0, 4.45%, 0, 1, 11, 66.28, 6599883, 2917, 0, 0
12650, 34, 1256, 1368, 1, 0, 4.45%, 0, 1, 11, 70.25, 6602023, 2917, 0, 0
12656, 34, 785, 1368, 1, 0, 4.45%, 0, 1, 11, 764.31, 6604204, 2917, 0, 0
12661, 34, 430, 1368, 1, 0, 4.45%, 0, 1, 11, 682.40, 6605985, 2917, 0, 0
12666, 34, 447, 1368, 1, 0, 4.45%, 0, 1, 11, 657.46, 6607251, 2917, 0, 0
12671, 34, 947, 1368, 1, 0, 4.45%, 0, 1, 11, 62.74, 6608799, 2917, 0, 0
12676, 34, 148, 1368, 1, 0, 4.45%, 0, 1, 11, 72.06, 6610956, 2917, 0, 0
12681, 34, 131, 1368, 1, 0, 4.45%, 0, 1, 11, 70.37, 6612980, 2917, 0, 0
12686, 34, 83, 1368, 1, 0, 4.45%, 0, 1, 11, 67.07, 6614972, 2917, 0, 0
12693, 34, 558, 1368, 1, 0, 4.45%, 0, 1, 11, 487.95, 6617077, 2917, 0, 0
12698, 34, 847, 1368, 0, 0, 4.45%, 0, 1, 11, 801.49, 6618933, 2917, 0, 0
12703, 34, 712, 1368, 0, 0, 4.45%, 0, 1, 11, 678.61, 6620232, 2917, 0, 0
12708, 34, 856, 1368, 0, 0, 4.45%, 0, 1, 11, 820.90, 6621585, 2917, 0, 0
12713, 34, 439, 1368, 0, 0, 4.45%, 0, 1, 11, 67.14, 6623460, 2917, 0, 0
12718, 34, 472, 1368, 0, 0, 4.45%, 0, 1, 11, 68.66, 6625570, 2917, 0, 0
12723, 34, 450, 1368, 0, 0, 4.45%, 0, 1, 11, 71.18, 6627561, 2917, 0, 0
12730, 34, 1287, 1368, 0, 0, 4.45%, 0, 1, 11, 808.57, 6629724, 2917, 0, 0
12735, 34, 274, 1368, 0, 0, 4.45%, 0, 1, 11, 70.88, 6631626, 2917, 0, 0
12740, 34, 844, 1368, 0, 0, 4.45%, 0, 1, 11, 715.45, 6633618, 2917, 0, 0
12745, 34, 73, 1368, 0, 0, 4.45%, 0, 1, 11, 490.00, 6634880, 2917, 0, 0
12750, 34, 479, 1368, 0, 0, 4.45%, 0, 1, 11, 526.16, 6636473, 2917, 0, 0
12755, 34, 258, 1368, 0, 0, 4.45%, 0, 1, 11, 70.12, 6638106, 2917, 0, 0
12760, 34, 290, 1368, 0, 0, 4.45%, 0, 1, 11, 69.35, 6640106, 2917, 0, 0
12765, 34, 786, 1368, 0, 0, 4.45%, 0, 1, 11, 738.99, 6642317, 2917, 0, 0
12771, 34, 730, 1368, 0, 0, 4.45%, 0, 1, 11, 167.87, 6644595, 2917, 0, 0
12776, 34, 148, 1368, 0, 0, 4.45%, 0, 1, 11, 892.40, 6645979, 2917, 0, 0
12781, 34, 934, 1368, 0, 0, 4.45%, 0, 1, 11, 69.01, 6647218, 2917, 0, 0
12786, 34, 155, 1368, 0, 0, 4.45%, 0, 1, 11, 110.53, 6649475, 2917, 0, 0
12791, 34, 726, 1368, 0, 0, 4.45%, 0, 1, 11, 69.93, 6651677, 2917, 0, 0
12796, 34, 476, 1368, 0, 0, 4.45%, 0, 1, 11, 862.97, 6653564, 2917, 0, 0
12802, 34, 563, 1368, 0, 0, 4.45%, 0, 1, 11, 658.34, 6654879, 2917, 0, 0
12807, 34, 420, 1368, 0, 0, 4.45%, 0, 1, 11, 70.04, 6656494, 2917, 0, 0
12812, 34, 63, 1368, 0, 0, 4.45%, 0, 1, 11, 119.00, 6658806, 2917, 0, 0
12817, 34, 877, 1368, 0, 0, 4.45%, 0, 1, 11, 119.72, 6661008, 2917, 0, 0
12822, 34, 716, 1368, 0, 0, 4.45%, 0, 1, 11, 738.71, 6662216, 2917, 0, 0
12827, 34, 66, 1368, 0, 0, 4.45%, 0, 1, 11, 66.46, 6663327, 2917, 0, 0
12832, 34, 29, 1368, 0, 0, 4.45%, 0, 1, 11, 78.73, 6664083, 2917, 0, 0
12837, 34, 972, 1368, 0, 0, 4.45%, 0, 1, 11, 70.69, 6666167, 2917, 0, 0
12842, 34, 447, 1368, 0, 0, 4.45%, 0, 1, 11, 871.85, 6667942, 2917, 0, 0
12847, 34, 151, 1368, 0, 0, 4.45%, 0, 1, 11, 873.32, 6669067, 2917, 0, 0
12853, 34, 79, 1368, 0, 0, 4.45%, 0, 1, 11, 64.66, 6670657, 2917, 0, 0
12858, 34, 735, 1368, 0, 0, 4.45%, 0, 1, 11, 70.52, 6672965, 2917, 0, 0
12863, 34, 889, 1368, 0, 0, 4.45%, 0, 1, 11, 786.10, 6674811, 2917, 0, 0
12868, 34, 151, 1368, 0, 0, 4.45%, 0, 1, 11, 493.73, 6676220, 2917, 0, 0
12873, 34, 593, 1368, 0, 0, 4.45%, 0, 1, 11, 608.91, 6677420, 2917, 0, 0
12879, 34, 1250, 1368, 0, 0, 4.45%, 0, 1, 11, 69.22, 6679242, 2917, 0, 0
12884, 34, 105, 1368, 0, 0, 4.45%, 0, 1, 11, 93.08, 6681374, 2917, 0, 0
12889, 34, 332, 1368, 0, 0, 4.45%, 0, 1, 11, 70.99, 6683517, 2917, 0, 0
12894, 34, 671, 1368, 0, 0, 4.45%, 0, 1, 11, 714.91, 6684777, 2917, 0, 0
12899, 34, 320, 1368, 0, 0, 4.45%, 0, 1, 11, 880.00, 6686018, 2917, 0, 0
12904, 34, 1328, 1368, 0, 0, 4.45%, 0, 1, 11, 103.67, 6687873, 2917, 0, 0
12909, 34, 976, 1368, 0, 0, 4.45%, 0, 1, 11, 121.83, 6689833, 2917, 0, 0
12914, 34, 243, 1368, 0, 0, 4.45%, 0, 1, 11, 69.15, 6691944, 2917, 0, 0
12920, 34, 460, 1368, 0, 0, 4.45%, 0, 1, 11, 71.25, 6693687, 2917, 0, 0
12925, 34, 48, 1368, 0, 0, 4.45%, 0, 1, 11, 896.64, 6695572, 2917, 0, 0
12930, 34, 351, 1368, 0, 0, 4.45%, 0, 1, 11, 907.95, 6697016, 2917, 0, 0
12935, 34, 726, 1368, 0, 0, 4.45%, 0, 1, 11, 840.00, 6698258, 2917, 0, 0
12940, 34, 1312, 1368, 0, 0, 4.45%, 0, 1, 11, 103.66, 6700023, 2917, 0, 0
12945, 34, 1189, 1368, 0, 0, 4.45%, 0, 1, 11, 70.36, 6702028, 2917, 0, 0
12950, 34, 683, 1368, 0, 0, 4.45%, 0, 1, 11, 64.75, 6704000, 2917, 0, 0
12955, 34, 842, 1368, 0, 0, 4.45%, 0, 1, 11, 112.95, 6705864, 2917, 0, 0
12961, 34, 1075, 1368, 0, 0, 4.45%, 0, 1, 11, 664.29, 6707804, 2917, 0, 0
12966, 34, 735, 1368, 0, 0, 4.45%, 0, 1, 11, 687.05, 6709054, 2917, 0, 0
12971, 34, 476, 1368, 0, 0, 4.45%, 0, 1, 11, 834.29, 6713534, 2917, 0, 0
12976, 34, 1123, 1368, 0, 0, 4.45%, 0, 1, 11, 841.80, 6717720, 2917, 0, 0
12981, 34, 856, 1368, 0, 0, 4.45%, 0, 1, 11, 791.50, 6721693, 2917, 0, 0
12986, 34, 258, 1368, 0, 0, 4.45%, 0, 1, 11, 675.12, 6725108, 2917, 0, 0
12991, 34, 712, 1368, 0, 0, 4.45%, 0, 1, 11, 694.32, 6728582, 2917, 0, 0
12996, 34, 961, 1368, 0, 0, 4.45%, 0, 1, 11, 684.82, 6732096, 2917, 0, 0
13001, 34, 960, 1368, 0, 0, 4.45%, 0, 1, 11, 724.20, 6735657, 2917, 0, 0
13007, 34, 920, 1368, 0, 0, 4.45%, 0, 1, 11, 793.57, 6739870, 2917, 0, 0
13012, 34, 476, 1368, 0, 0, 4.45%, 0, 1, 11, 791.30, 6744017, 2917, 0, 0
13017, 34, 1175, 1368, 0, 0, 4.45%, 0, 1, 11, 799.57, 6748075, 2917, 0, 0
13022, 34, 998, 1368, 0, 0, 4.45%, 0, 1, 11, 773.58, 6751880, 2917, 0, 0
13027, 34, 1225, 1368, 0, 0, 4.45%, 0, 1, 11, 707.11, 6754983, 2917, 0, 0
13032, 34, 1276, 1368, 0, 0, 4.45%, 0, 1, 11, 794.42, 6758986, 2917, 0, 0
13037, 34, 879, 1368, 0, 0, 4.45%, 0, 1, 11, 803.76, 6763031, 2917, 0, 0
13042, 34, 1276, 1368, 0, 0, 4.45%, 0, 1, 11, 767.94, 6766840, 2917, 0, 0
13047, 34, 1328, 1368, 0, 0, 4.45%, 0, 1, 11, 799.03, 6771043, 2917, 0, 0
13052, 34, 1256, 1368, 0, 0, 4.45%, 0, 1, 11, 748.17, 6774694, 2917, 0, 0
13057, 34, 274, 1368, 0, 0, 4.45%, 0, 1, 11, 781.80, 6778725, 2917, 0, 0
13063, 35, 432, 1368, 0, 0, 4.45%, 0, 1, 11, 848.21, 6783185, 2917, 0, 0
13069, 35, 922, 1368, 0, 0, 4.45%, 0, 1, 11, 794.28, 6787589, 2917, 0, 0
13074, 35, 568, 1368, 0, 0, 4.45%, 0, 1, 11, 756.86, 6791293, 2917, 0, 0
13079, 35, 998, 1368, 0, 0, 4.45%, 0, 1, 11, 841.43, 6795779, 2917, 0, 0
13084, 35, 1274, 1368, 0, 0, 4.45%, 0, 1, 11, 845.90, 6800030, 2917, 0, 0
13090, 35, 796, 1368, 0, 0, 4.45%, 0, 1, 11, 844.25, 6805213, 2917, 0, 0
13095, 35, 483, 1368, 0, 0, 4.45%, 0, 1, 11, 832.44, 6809280, 2917, 0, 0
13100, 35, 173, 1368, 0, 0, 4.45%, 0, 1, 11, 828.30, 6813627, 2917, 0, 0
13105, 35, 91, 1368, 0, 0, 4.45%, 0, 1, 11, 854.82, 6817940, 2917, 0, 0
13110, 35, 379, 1368, 0, 0, 4.45%, 0, 1, 11, 804.23, 6821909, 2917, 0, 0
13116, 35, 985, 1368, 0, 0, 4.45%, 0, 1, 11, 801.67, 6825981, 2917, 0, 0
13121, 35, 466, 1368, 0, 0, 4.45%, 0, 1, 11, 853.79, 6830323, 2917, 0, 0
13126, 35, 1296, 1368, 0, 0, 4.45%, 0, 1, 11, 865.43, 6834667, 2917, 0, 0
13131, 35, 460, 1368, 0, 0, 4.45%, 0, 1, 11, 829.75, 6838611, 2917, 0, 0
13136, 35, 105, 1368, 0, 0, 4.45%, 0, 1, 11, 808.21, 6842604, 2917, 0, 0
13141, 35, 864, 1368, 0, 0, 4.45%, 0, 1, 11, 845.36, 6846880, 2917, 0, 0
